# This file was created using create_datpin_files.R function write_tsDatFile
      #and used all inputs from csv files found in folder:
      #hydradata/data-raw
# Survey index data 
# Number of observations, init_int Nsurvey_obs
  833
# init_matrix obs_survey_biomass(1,Nsurvey_obs,1,5)
# survey year spp value cv
  1 1 7 89247.1185440485 0.212720515437525
  2 1 7 9995.14704257557 0.25363203301826
  1 2 7 111134.584707912 0.222168779300385
  2 2 7 11753.7404041336 0.187773345626693
  1 3 7 30623.6535432931 0.394113240257454
  2 3 7 50308.6996081401 0.423618201694685
  1 4 7 138845.649606292 0.310035034727007
  2 4 7 157535.719676421 0.327069686277164
  1 5 7 67295.7069708245 0.378629084128514
  2 5 7 25320.0321498057 0.391316523019912
  1 6 7 228706.203712658 0.494427832556011
  2 6 7 25772.3227944115 0.376280830351703
  1 7 7 162479.022955553 0.759062286891916
  2 7 7 28108.9661832863 0.665352569827422
  1 8 7 176197.595310639 0.383150869515862
  2 8 7 50443.7609690004 0.433685089735353
  1 9 7 167405.038122172 0.48934963094834
  2 9 7 58373.2972773368 0.392371299771634
  1 10 7 142219.509814725 0.382452035825211
  2 10 7 95540.9473613959 0.333798529002863
  1 11 7 140316.00665903 0.566792532611316
  2 11 7 141665.185286119 0.868042030585988
  1 12 7 73534.8702842718 0.381518572031255
  2 12 7 28103.977588114 0.445144789260538
  1 13 7 325835.394391031 0.438380584739347
  2 13 7 332752.009623757 0.947226139495183
  1 14 7 160546.428613499 0.482345652338289
  2 14 7 69665.2066534316 0.377075764230608
  1 15 7 356504.711580177 0.420835086749712
  2 15 7 94275.9809585205 0.614716212748607
  1 16 7 142314.492397869 0.515165860253858
  2 16 7 131338.500899175 0.704031323768783
  1 17 7 55559.0898928084 0.559532625975744
  2 17 7 59570.343507244 0.319774204956139
  1 18 7 95967.9017595028 0.479008946214672
  2 18 7 52551.8978841428 0.41351869139049
  1 19 7 103830.299998693 0.429419179801904
  2 19 7 86399.3072566897 0.387615780132326
  1 20 7 130608.596037117 0.477074256852948
  2 20 7 95588.5241927834 0.315868813200741
  1 21 7 344527.484984134 0.410621521476155
  2 21 7 106123.846677794 0.630050999524052
  1 22 7 151939.013281378 0.294672690077384
  2 22 7 87016.7181115442 0.335469505128288
  1 23 7 80397.501997021 0.477447511398437
  2 23 7 12762.3378619233 0.407625761955908
  1 24 7 259418.839097941 0.384568504019134
  2 24 7 7953.11490178497 0.43049173366256
  1 25 7 127568.447497014 0.333261603198005
  2 25 7 126597.562113206 0.843960441627036
  1 26 7 165479.195767379 0.685474246042822
  2 26 7 25036.6737635146 0.429620783824035
  1 27 7 118164.387969953 0.286882992344226
  2 27 7 5456.86368593668 0.81343687860715
  1 28 7 500351.971056598 0.371822434434906
  2 28 7 15257.4249545669 0.53327636373572
  1 29 7 265122.951092755 0.592639130460935
  2 29 7 15651.6250150368 0.590339711107796
  1 30 7 210241.829342584 0.374062101432949
  2 30 7 4942.25388294298 0.701775131617819
  1 31 7 235384.502561004 0.304499664309564
  2 31 7 1121.73881210345 0.210828956182955
  1 32 7 115137.251336203 0.233962995093855
  2 32 7 1435.20564555612 0.329779252894958
  1 33 7 170784.216719193 0.270006842918168
  2 33 7 859.096280564145 0.460124990024536
  1 34 7 128129.745302278 0.350007507053818
  2 34 7 6538.74950438044 0.837656243552001
  1 35 7 778185.884181539 0.34274593698132
  2 35 7 1785.85003907818 0.291986952078346
  1 36 7 339907.802016813 0.261906583866089
  2 36 7 1600.77546903312 0.425399553458769
  1 37 7 173454.512434939 0.417429035160016
  2 37 7 128723.56068924 0.287702894520317
  1 38 7 153832.634420754 0.441211421515246
  2 38 7 2123.51171333678 0.866971810340233
  1 39 7 182687.977090179 0.495234601454268
  2 39 7 130235.324712589 0.556663444153977
  1 40 7 105777.312044068 0.237858203733512
  2 40 7 282.74567698493 0.295404104464232
  1 41 7 172195.371940695 0.327346172729995
  2 41 7 46056.3777245781 0.994030515469621
  1 42 7 339645.544605645 0.368315456462939
  2 42 7 322.441388400242 0.461505384764764
  1 1 9 31637.0496632039 0.151455465231613
  2 1 9 46702.2426289995 0.608857030524844
  1 2 9 45641.1172977701 0.194025128027319
  2 2 9 10625.1235835104 0.209224466280901
  1 3 9 38217.5535913094 0.192597423441899
  2 3 9 16274.7407258102 0.223179102338954
  1 4 9 47291.243535829 0.24323345484368
  2 4 9 19615.0336629068 0.216468880082641
  1 5 9 60577.0684658198 0.242425409027967
  2 5 9 34088.6538072909 0.167457398131888
  1 6 9 99723.6429226287 0.268675656884033
  2 6 9 91075.7798519486 0.20330059779376
  1 7 9 98202.9489909923 0.196228277363285
  2 7 9 60072.113140614 0.198130412273185
  1 8 9 59587.7618766637 0.24004692412856
  2 8 9 108762.338056693 0.203948973274238
  1 9 9 90245.3800145772 0.307374127376939
  2 9 9 59821.3646869886 0.160257038672619
  1 10 9 72134.0030076487 0.158928722064625
  2 10 9 76344.3108767854 0.197322162219524
  1 11 9 48805.1449160049 0.209025597619183
  2 11 9 101543.934939199 0.187797177382902
  1 12 9 40174.4851999737 0.203077655979132
  2 12 9 57578.6459640832 0.210025739334857
  1 13 9 69912.981284012 0.238934272627024
  2 13 9 47905.5716884567 0.19790402667063
  1 14 9 35352.8287874794 0.171026119399881
  2 14 9 47293.1082538974 0.254921461455385
  1 15 9 26166.6773506468 0.179364365238368
  2 15 9 40734.3877238693 0.232519412860032
  1 16 9 13843.8739079854 0.210244228568226
  2 16 9 24132.9863351114 0.168595443147695
  1 17 9 13343.9309390123 0.170031592700112
  2 17 9 7008.96885198928 0.200954562062425
  1 18 9 14960.01072983 0.193899133648252
  2 18 9 10174.9322466656 0.211651946225868
  1 19 9 13974.5239218275 0.187538593821919
  2 19 9 21892.8311815977 0.255011166995516
  1 20 9 15990.3075637733 0.247819650551941
  2 20 9 9981.80280130536 0.296473565029388
  1 21 9 31392.2696905458 0.223350929133537
  2 21 9 7936.87309354017 0.343859246151185
  1 22 9 45586.1977653508 0.31577438886296
  2 22 9 14675.4046038012 0.374547789844126
  1 23 9 43563.6721169484 0.255676794033008
  2 23 9 17645.579813786 0.296475621294422
  1 24 9 34795.2621769512 0.218681732051081
  2 24 9 15611.1809866011 0.333113686961304
  1 25 9 71894.9526669284 0.250062103391272
  2 25 9 8733.11891567188 0.26727423098408
  1 26 9 24281.3055477412 0.187227046866282
  2 26 9 9513.63083379949 0.360007266538769
  1 27 9 41131.1023657418 0.199043344461057
  2 27 9 7431.67484820234 0.230768025002651
  1 28 9 20690.5871758552 0.188480512640641
  2 28 9 5751.48553136518 0.30647754560056
  1 29 9 21493.1225370016 0.235358154763385
  2 29 9 9090.68344762643 0.30844290831553
  1 30 9 23799.1563874652 0.262549839315709
  2 30 9 21332.3585661268 0.619799566237032
  1 31 9 64393.3996641054 0.255413075600386
  2 31 9 15362.1081175873 0.410015896359536
  1 32 9 55571.2016149149 0.237437089975973
  2 32 9 26399.9869118317 0.251840565749012
  1 33 9 42163.2358868137 0.17314512758374
  2 33 9 8596.79468993506 0.265564054084483
  1 34 9 35904.8949951036 0.261674582034448
  2 34 9 18860.2891942521 0.278786765149086
  1 35 9 25413.9778206275 0.178342474685171
  2 35 9 16276.3165331206 0.22878225695429
  1 36 9 15586.734663437 0.161615623260197
  2 36 9 8273.83356896065 0.234262915890891
  1 37 9 38968.5733141979 0.584716058055215
  2 37 9 8625.12010065454 0.231360777378904
  1 38 9 35312.2552812851 0.182474012404665
  2 38 9 12078.5924782719 0.148335019588378
  1 39 9 45746.0866475161 0.185797139191474
  2 39 9 10441.3589748996 0.233973080411629
  1 40 9 44660.9504560255 0.170487085116875
  2 40 9 24181.2195147724 0.198266501217541
  1 41 9 39020.3383160581 0.193030233430065
  2 41 9 23452.9322789369 0.179523556716689
  1 42 9 57565.9657081482 0.256489608700532
  2 42 9 23003.6214766459 0.192375685928691
  1 1 2 95.1996792087935 0.601375663623589
  2 1 2 915.539083612967 0.565196579518992
  2 2 2 1225.03548503594 0.686052062200317
  2 3 2 1004.45444664841 0.378997614818957
  1 4 2 4.3011903256985 1
  2 4 2 1192.06224820756 0.459316778181236
  1 5 2 47.0442691873274 0.611089023955187
  2 5 2 74.1955331182991 0.780615956536472
  1 6 2 12.1160290864746 0.702037850017464
  2 6 2 28.6746021713233 0.461790555986525
  1 7 2 120.51644390846 0.948289691951521
  2 7 2 575.456057273818 0.685175011742778
  1 8 2 33.4806270422916 0.544380631361087
  2 8 2 674.067140594541 0.424096495665332
  1 9 2 383.074763382523 0.5393131982084
  2 9 2 1019.99656295136 0.454629127333952
  1 10 2 2196.21384812181 0.88095039530815
  2 10 2 227.94289388021 0.419344308350161
  1 11 2 8495.45840601241 0.799987970388403
  2 11 2 221.384796175658 0.839124360078806
  1 12 2 556.243167351102 0.774991903603438
  2 12 2 123.390397468476 0.424721667998453
  1 13 2 1744.07455287715 0.863215133786584
  2 13 2 360.126935451665 0.387073469025502
  1 14 2 125.065380239541 0.704083892007286
  2 14 2 767.175947183678 0.312793018147624
  1 15 2 7647.29582522908 0.457459057188701
  2 15 2 2801.64965477192 0.459652287866146
  1 16 2 6350.97634028919 0.853197309912465
  2 16 2 10124.3403051057 0.628928805514438
  1 17 2 3174.68809753937 0.61116783920211
  2 17 2 3540.82052343361 0.3895964128798
  1 18 2 10663.1001955003 0.416775375911518
  2 18 2 3213.37605284989 0.495180348393774
  1 19 2 9605.99172739332 0.69077510766454
  2 19 2 2544.30200218567 0.347120352110889
  1 20 2 10369.2421675418 0.793751288508348
  2 20 2 3968.82561871271 0.526946514998015
  1 21 2 3087.86947262833 0.339376634127756
  2 21 2 6396.14820075265 0.609998621037514
  1 22 2 2223.35161611977 0.601950919776798
  2 22 2 5332.62004559237 0.389299707202565
  1 23 2 4976.78133140165 0.658556209578282
  2 23 2 6447.5056971789 0.288585466763824
  1 24 2 1957.2180572831 0.637453135075156
  2 24 2 5742.43146811701 0.480513100150493
  1 25 2 188.974187891759 0.510473149998029
  2 25 2 3117.80293530775 0.338488147626423
  1 26 2 4562.41160684256 0.548437091427541
  2 26 2 312.02044332396 0.345955330423839
  1 27 2 2312.96509764437 0.492912195981742
  2 27 2 1157.75878585064 0.33164245084141
  1 28 2 2539.6281982781 0.747597319880804
  2 28 2 444.56662058694 0.447853531697379
  1 29 2 46.0097025748961 0.451616070879294
  2 29 2 533.62578682559 0.305275882623724
  1 30 2 4270.05790048392 0.797269558848634
  2 30 2 1129.3883082478 0.605264936420634
  1 31 2 1073.11905645447 0.666772556553203
  2 31 2 1105.01841908058 0.359836468902791
  1 32 2 21976.445268133 0.96787270074405
  2 32 2 394.636383090269 0.422601396160012
  1 33 2 5153.12756769013 0.404694020855087
  2 33 2 2611.19396548494 0.465820030674526
  1 34 2 6223.12391738669 0.814873375751391
  2 34 2 6766.85972376814 0.505954372112585
  1 35 2 5303.76399950878 0.533219898766676
  2 35 2 3502.42864173561 0.287403659199158
  1 36 2 62.8684525554518 0.371953858881132
  2 36 2 3810.93859540449 0.365560779244073
  1 37 2 2377.63516360302 0.791301167226987
  2 37 2 5268.03698270193 0.487536998609889
  1 38 2 1075.29254549168 0.633364993316759
  2 38 2 3619.61120520853 0.644823084547079
  1 39 2 48616.4559445147 0.827253682697507
  2 39 2 637.252220074096 0.354235596542703
  1 40 2 5963.38778944586 0.900216415173481
  2 40 2 1459.73606960104 0.395846441583114
  1 41 2 2488.62186422058 0.957770995377006
  2 41 2 186.147429137275 0.496084887173497
  1 42 2 1680.83410548272 0.55870584954739
  2 42 2 1944.30492145197 0.604660139936764
  1 1 6 4317.12066023813 0.207852633123303
  2 1 6 7728.40320278568 0.784226099165565
  1 2 6 3292.34665806508 0.20094683691091
  2 2 6 1841.74816317788 0.42113653584723
  1 3 6 2901.28980396367 0.213246212842418
  2 3 6 5141.94181428042 0.281911195623627
  1 4 6 10894.3575332854 0.638611588507752
  2 4 6 10950.7226596915 0.516171107727799
  1 5 6 14330.5804757778 0.770976725828606
  2 5 6 935.907154202915 0.476734589561794
  1 6 6 3630.77004958024 0.317978244654253
  2 6 6 2093.2459585066 0.386012658029271
  1 7 6 2464.35349095576 0.23012544486412
  2 7 6 1822.60485034165 0.530741594808484
  1 8 6 3729.71762045311 0.223285411086708
  2 8 6 1581.38291079164 0.349108274212027
  1 9 6 4379.59744101071 0.263214632586959
  2 9 6 5577.21012232239 0.356706403512006
  1 10 6 4544.48998048549 0.348756230758934
  2 10 6 5379.51691439475 0.329322164303112
  1 11 6 4541.76537781384 0.220681608545507
  2 11 6 1012.04478251729 0.399668835756918
  1 12 6 4440.15185929799 0.255345437604282
  2 12 6 2316.37020665221 0.607330296430227
  1 13 6 5849.23134832603 0.233828388168981
  2 13 6 6777.63324049461 0.690301195973316
  1 14 6 1896.93522056447 0.24128388549411
  2 14 6 2493.82146156661 0.464973156265946
  1 15 6 4301.1903256985 0.475237794728556
  2 15 6 347.855829619332 0.449694184969219
  1 16 6 1677.91226768134 0.272355203647803
  2 16 6 3747.5499299291 0.626775991448789
  1 17 6 2549.9914073784 0.293473920223874
  2 17 6 4796.27525381276 0.331528642249673
  1 18 6 1457.26896109487 0.297867921869416
  2 18 6 2592.09300580455 0.724059558699832
  1 19 6 1831.26436594133 0.25527382218443
  2 19 6 28738.3235094818 0.972230757901325
  1 20 6 1813.24690201015 0.287981619167569
  2 20 6 549.596541617031 0.393581429053449
  1 21 6 2189.11328516894 0.332543338576962
  2 21 6 1082.78721632012 0.58392964546944
  1 22 6 1814.63154039419 0.301314005212516
  2 22 6 3687.04026426792 0.467823706697183
  1 23 6 3970.99793705902 0.313235077086734
  2 23 6 3963.08680755902 0.449455855490557
  1 24 6 3859.00590283041 0.188840124890422
  2 24 6 1662.46355827458 0.342529973932846
  1 25 6 3129.06246455355 0.260173692135873
  2 25 6 1637.23017585078 0.383130929442038
  1 26 6 3107.06693073059 0.293410432402762
  2 26 6 817.226161882715 0.337034394121133
  1 27 6 2487.47956982969 0.388647680627492
  2 27 6 142.98199355428 0.321629167505854
  1 28 6 1962.43413531757 0.345442577620755
  2 28 6 1063.84979794238 0.536864637709118
  1 29 6 2048.80032514105 0.310245670031133
  2 29 6 832.526416026369 0.451495677480436
  1 30 6 3071.14299190643 0.348394220746453
  2 30 6 312.218005979708 0.483684059166492
  1 31 6 3555.52033014332 0.210695213443395
  2 31 6 1478.11761773813 0.505437825224827
  1 32 6 5612.13070819021 0.26037397454602
  2 32 6 5390.26308357463 0.436613652073156
  1 33 6 3430.24327643338 0.184269817445717
  2 33 6 3120.03709144068 0.417121054927267
  1 34 6 6619.43212146861 0.224636283033848
  2 34 6 8958.76857464578 0.427028154066731
  1 35 6 4519.08793005509 0.214424452457608
  2 35 6 7600.57162909877 0.358256969308502
  1 36 6 4183.46775417211 0.241986378076999
  2 36 6 9649.05826237915 0.3400116158624
  1 37 6 5740.12288069407 0.278456439376456
  2 37 6 7259.02476461243 0.285873133416327
  1 38 6 3010.7261984921 0.299857497492351
  2 38 6 6187.35370582928 0.212373020514558
  1 39 6 5868.15805264112 0.375235544015774
  2 39 6 4221.09398227887 0.198905098616369
  1 40 6 2753.76176268616 0.252558079911859
  2 40 6 3262.81288205106 0.262770320767619
  1 41 6 3370.06261902126 0.343794671710809
  2 41 6 3114.2342061867 0.302797426147618
  1 42 6 3369.80238286332 0.191002489396663
  2 42 6 2634.58362882825 0.233059984982754
  1 1 1 29249.0920909054 0.241799049430762
  2 1 1 51735.2088021102 0.250018379470286
  1 2 1 24443.4586661377 0.142636213550947
  2 2 1 25343.9213518919 0.163647146277456
  1 3 1 13085.8215935118 0.225478190042395
  2 3 1 27835.0155546674 0.192013183632222
  1 4 1 22579.6040046176 0.323579734794357
  2 4 1 35265.57333544 0.162432383538487
  1 5 1 5959.03037185992 0.320666395151501
  2 5 1 107473.036195042 0.822390366318268
  1 6 1 16876.7803954231 0.452044832991261
  2 6 1 36080.596492698 0.192408532269243
  1 7 1 14996.1935746853 0.28209645893665
  2 7 1 30528.4348418379 0.262097825842625
  1 8 1 4824.13833445256 0.414010381101596
  2 8 1 30251.7052907461 0.189959250209439
  1 9 1 5353.01057659536 0.40638853202345
  2 9 1 23504.9810370076 0.178404315527443
  1 10 1 7559.66784516706 0.290993157294119
  2 10 1 15258.200069761 0.156753980046499
  1 11 1 12211.0064331271 0.324615016521962
  2 11 1 23515.2822071154 0.174348711952217
  1 12 1 7773.4640747829 0.294780938380682
  2 12 1 13229.2517320695 0.195232854572048
  1 13 1 17138.9065914559 0.440402569626277
  2 13 1 15889.1835890838 0.185762358850192
  1 14 1 2463.5674168561 0.372421878022742
  2 14 1 12703.1963328317 0.151581173531864
  1 15 1 5543.02117357966 0.341871348717721
  2 15 1 9204.07722154936 0.233364310094868
  1 16 1 2521.57282844075 0.416897355424411
  2 16 1 10428.7322358474 0.283802183917676
  1 17 1 5992.99185380658 0.500820840736393
  2 17 1 2080.29758346362 0.495024013362717
  1 18 1 6661.49526562161 0.389853340834037
  2 18 1 9137.18473951295 0.390988792530431
  1 19 1 3377.95502851574 0.293941849282161
  2 19 1 12150.293729579 0.322403741112933
  1 20 1 5041.24807291427 0.525509720403112
  2 20 1 5567.65192159862 0.218361153170241
  1 21 1 6712.85276204786 0.266433769579894
  2 21 1 17838.1704253844 0.421115605185845
  1 22 1 3278.32018854234 0.374831371194202
  2 22 1 6162.89957115009 0.227391091044855
  1 23 1 2648.05606415478 0.352011231642473
  2 23 1 12800.855984243 0.384269029090844
  1 24 1 5288.03778811774 0.34725908523047
  2 24 1 4861.99278771632 0.331291933735556
  1 25 1 25990.9161955696 0.578696888706846
  2 25 1 5957.86546614671 0.247394190789157
  1 26 1 5571.62726417237 0.459728456052307
  2 26 1 5256.30861705718 0.394189312610479
  1 27 1 8758.19337937206 0.539982548576019
  2 27 1 39416.8250097554 0.72948972943007
  1 28 1 3472.7083125157 0.364309332200766
  2 28 1 5531.35281623456 0.278656828353639
  1 29 1 3621.19261706426 0.562793580097325
  2 29 1 10010.710198189 0.316141323613091
  1 30 1 1782.59202173624 0.420348818797864
  2 30 1 9185.74122673957 0.30511736182771
  1 31 1 4710.84611944609 0.403753427903273
  2 31 1 7012.35458626593 0.278331587636247
  1 32 1 5965.90590139782 0.491331418922754
  2 32 1 5783.50997110856 0.329726795744574
  1 33 1 4155.7920494161 0.537081122476055
  2 33 1 5677.2471498794 0.33086845072982
  1 34 1 5567.4869353951 0.379030815152119
  2 34 1 2506.50268374566 0.278881417082292
  1 35 1 1932.57719532591 0.519511456600017
  2 35 1 4662.98415626804 0.27351876283918
  1 36 1 2611.54241750034 0.556056214854877
  2 36 1 10800.8116289327 0.714061811185508
  1 37 1 1618.35984068454 0.588197671943964
  2 37 1 3990.36920781888 0.340315242626747
  1 38 1 5304.96299777087 0.324588369174256
  2 38 1 2417.76674998803 0.300199803594678
  1 39 1 7997.44695147165 0.501841796783066
  2 39 1 8415.57558748567 0.438397059851219
  1 40 1 1617.59478059736 0.403101009292275
  2 40 1 13891.6711501451 0.410378233550251
  1 41 1 2355.40214094993 0.478602624152216
  2 41 1 3730.17980945555 0.362128776577143
  1 42 1 2753.69191816937 0.646634922078809
  2 42 1 8501.59526170914 0.816170985475773
  1 1 5 23751.5863175873 0.476454648602067
  2 1 5 52419.2004731898 0.33088650882931
  1 2 5 61243.6796576943 0.845907144525693
  2 2 5 30015.8865572642 0.213566715560186
  1 3 5 25143.2823853014 0.345200957090348
  2 3 5 83508.8568439343 0.426262782725971
  1 4 5 14905.7103567241 0.264436160521241
  2 4 5 54347.1910849374 0.226747447567164
  1 5 5 11460.6112309554 0.469566733399063
  2 5 5 21447.5950296194 0.259488054442407
  1 6 5 5006.78747293116 0.386232958132405
  2 6 5 19354.4962275781 0.272571546622386
  1 7 5 7081.52546536391 0.438346564468954
  2 7 5 11809.2617416285 0.260487713324726
  1 8 5 6172.00618355924 0.368625576908523
  2 8 5 19875.351116959 0.42035214303373
  1 9 5 9643.4927305455 0.424021283924977
  2 9 5 9775.99115455188 0.313873830425567
  1 10 5 1803.02422743927 0.40509710665687
  2 10 5 8426.69822964312 0.466267924456264
  1 11 5 13258.3584276898 0.480844474444679
  2 11 5 5190.94636366162 0.2668361029341
  1 12 5 5741.64793708179 0.469094743543064
  2 12 5 7785.17689154723 0.28378876735388
  1 13 5 5194.86917688395 0.540787962426207
  2 13 5 13360.083677573 0.369430536232357
  1 14 5 1580.47789952449 0.470432479415306
  2 14 5 6246.71863665586 0.469633627328749
  1 15 5 2953.4840236463 0.502209538569111
  2 15 5 3128.35208934683 0.342064616144444
  1 16 5 10788.4606344333 0.584628234108223
  2 16 5 4526.17566581196 0.423460458250196
  1 17 5 3547.45792576657 0.561800284643725
  2 17 5 12629.0116613051 0.784021780546872
  1 18 5 24090.9456152805 0.497927404656732
  2 18 5 13761.5332801581 0.676432257321378
  1 19 5 6254.10451903333 0.480052767387787
  2 19 5 43760.6289803473 0.712202517111094
  1 20 5 12580.9817026681 0.806911034003637
  2 20 5 36240.7869715293 0.834297346108047
  1 21 5 9364.18351505306 0.336276894588451
  2 21 5 9122.37530271279 0.428726537913456
  1 22 5 32477.1968025503 0.866348358898959
  2 22 5 12248.7628976608 0.424628251437437
  1 23 5 25303.1640978465 0.613994602592113
  2 23 5 33803.9321268951 0.656624132271175
  1 24 5 30763.7233985945 0.747837758615024
  2 24 5 15506.903869899 0.510439372860259
  1 25 5 76390.0817385065 0.471975485833162
  2 25 5 34905.7500373825 0.358480817460383
  1 26 5 31321.8979240569 0.495899711606771
  2 26 5 25857.1226818569 0.434982613442021
  1 27 5 75660.0884241995 0.313979264853727
  2 27 5 66547.4953628041 0.356018191983623
  1 28 5 29001.3000454648 0.388895640133204
  2 28 5 32405.1017416536 0.264411460678978
  1 29 5 39064.5835899008 0.429428347743837
  2 29 5 27152.8581532567 0.345982379386548
  1 30 5 62269.0399002557 0.854087515493953
  2 30 5 66783.3346557275 0.296892384076943
  1 31 5 26971.926638236 0.570603745618332
  2 31 5 57450.0885679886 0.562814940667441
  1 32 5 41259.0129172257 0.339876934877471
  2 32 5 60303.972953634 0.356216069417162
  1 33 5 23706.274721203 0.298992519394372
  2 33 5 61895.9903498125 0.189290253037749
  1 34 5 66659.9154194981 0.254555474384242
  2 34 5 36006.5240491877 0.230851364722682
  1 35 5 54064.2230084959 0.63012553598372
  2 35 5 82663.2183931872 0.260964579440469
  1 36 5 99914.6131674337 0.254083502479078
  2 36 5 87897.2436924473 0.337085438277882
  1 37 5 135678.323804409 0.192091229695825
  2 37 5 321730.470296475 0.445822853931263
  1 38 5 198608.585441432 0.387496158420035
  2 38 5 245187.380343503 0.210853665221549
  1 39 5 176834.132993888 0.368405013462509
  2 39 5 213605.743392678 0.169854111979613
  1 40 5 139351.364927949 0.474213361633694
  2 40 5 132253.252697512 0.191466660489218
  1 41 5 29333.1123134062 0.360282409988033
  2 41 5 106350.301678273 0.399606972925519
  1 42 5 7396.96037431208 0.3532330315065
  2 42 5 89957.7596226095 0.274035362173455
  1 1 10 3928.63290193183 0.16739605456776
  2 1 10 1192.63613721322 0.179334469818098
  1 2 10 3712.8126055828 0.167785563839749
  2 2 10 1228.39203079983 0.194079650208756
  1 3 10 9175.35719635747 0.201683587615937
  2 3 10 4234.94136723753 0.26708294380009
  1 4 10 2935.64204896193 0.277990130981975
  2 4 10 2435.84944225299 0.261162740746529
  1 5 10 3082.51973341726 0.260447159640481
  2 5 10 2764.4865346682 0.236760215458364
  1 6 10 3533.35717572498 0.354731435464959
  2 6 10 4131.76439058337 0.197746711670819
  1 7 10 877.692170809201 0.295758105402641
  2 7 10 2109.19375094709 0.330208010835788
  1 8 10 1232.09919118542 0.240663428417508
  2 8 10 1181.22241780377 0.364039748188294
  1 9 10 949.958207089817 0.339824195708317
  2 9 10 921.683641221107 0.261227404123069
  1 10 10 773.345331287205 0.294342928253188
  2 10 10 492.617549274248 0.249594811366406
  1 11 10 294.036174807638 0.387829007380117
  2 11 10 870.780198290922 0.211737624497487
  1 12 10 1246.79375979542 0.466145706592908
  2 12 10 891.152870605658 0.247676050549484
  1 13 10 1083.62871583927 0.279244183815429
  2 13 10 1580.57882877688 0.364806813763314
  1 14 10 1049.93158719615 0.264226699190394
  2 14 10 1248.21412179109 0.200853835879913
  1 15 10 1080.81192799603 0.401557677432362
  2 15 10 1600.60689169436 0.427552736347339
  1 16 10 565.539321730514 0.39803470366635
  2 16 10 522.76005496951 0.263050856290993
  1 17 10 1292.40528357893 0.271991870521699
  2 17 10 995.882374629827 0.262101771146991
  1 18 10 1082.78721632012 0.544069953063755
  2 18 10 2573.88690918783 0.500002099405965
  1 19 10 1459.79792872192 0.466408660783656
  2 19 10 2660.36586811722 0.351960747367337
  1 20 10 3196.37477145045 0.396749160523618
  2 20 10 3675.56264196054 0.353294158315399
  1 21 10 6224.95654599848 0.368705529979016
  2 21 10 2439.48108024691 0.244873713391672
  1 22 10 7333.42251053172 0.275174363066448
  2 22 10 7752.84206467944 0.470763857263454
  1 23 10 5487.27614278506 0.475906668741929
  2 23 10 6321.2518517977 0.279502397980618
  1 24 10 11033.3472513229 0.399262445846064
  2 24 10 5047.26495607402 0.349648537286793
  1 25 10 3884.01766201944 0.444275829003174
  2 25 10 10439.2353428327 0.37915545660954
  1 26 10 4669.55034768269 0.335323776784019
  2 26 10 5624.73603521806 0.484086093187339
  1 27 10 4591.43633561794 0.442836038485025
  2 27 10 1677.7683515909 0.319150727602776
  1 28 10 2259.92243336663 0.488042255938244
  2 28 10 2851.73330071068 0.407560700838948
  1 29 10 5951.63711911664 0.284421789658612
  2 29 10 2028.06473595895 0.29674239792084
  1 30 10 12621.4054437811 0.318407718065998
  2 30 10 6321.94912430058 0.267327748565035
  1 31 10 9449.93858401809 0.334557568518815
  2 31 10 4740.68672816762 0.298460848552816
  1 32 10 7152.94973705879 0.3039623036711
  2 32 10 4872.21188943701 0.273313726703502
  1 33 10 2807.13971098992 0.32641152401369
  2 33 10 6120.91767319555 0.314372074077199
  1 34 10 2898.9145185831 0.318273337755366
  2 34 10 2614.91200495278 0.255330079772978
  1 35 10 2867.63192525388 0.43537834570034
  2 35 10 3620.06863708051 0.477794056284643
  1 36 10 1010.47133330181 0.342233883700236
  2 36 10 1053.80314608076 0.255219140701765
  1 37 10 1168.06493823195 0.341250712936241
  2 37 10 749.649491090482 0.214601133606252
  1 38 10 518.632116251545 0.614068234722451
  2 38 10 531.20568454 0.201112464847283
  1 39 10 838.111270250748 0.35190564940904
  2 39 10 608.144109488997 0.33472125607656
  1 40 10 1316.15401369687 0.816837708092695
  2 40 10 275.637382012875 0.227783168461156
  1 41 10 609.709911517516 0.505988404388839
  2 41 10 53.5908067427603 0.351067447622667
  1 42 10 586.89222699737 0.324360094310254
  2 42 10 384.947589309766 0.455427538585323
  1 1 8 7140.43261024965 0.190018283469302
  2 1 8 3142.39062896468 0.323221412579507
  1 2 8 10470.6460998747 0.162746935517586
  2 2 8 1643.69168421579 0.228982766823179
  1 3 8 7624.46395206544 0.341920463441956
  2 3 8 3283.65909969175 0.241841631084233
  1 4 8 8287.07950502149 0.228726011424418
  2 4 8 4290.5008293957 0.281644292980529
  1 5 8 7641.46785019642 0.248125625001581
  2 5 8 3540.13850598614 0.278717712431636
  1 6 8 8384.15077416779 0.35733148518571
  2 6 8 11803.5722740862 0.28768973650101
  1 7 8 5097.74168384175 0.30617617024306
  2 7 8 10199.2024698472 0.298000352344759
  1 8 8 3249.11513335629 0.309842315794336
  2 8 8 5238.46463547758 0.290632634838193
  1 9 8 2894.34265666795 0.376612355333219
  2 9 8 3447.09681816694 0.277237549679099
  1 10 8 1981.15433183689 0.374918605177922
  2 10 8 2217.23332282486 0.215955663906671
  1 11 8 2753.24781865333 0.312482319278861
  2 11 8 3384.0247415422 0.22904951005782
  1 12 8 1345.50056342363 0.291217292449574
  2 12 8 1767.52039946673 0.334203310366051
  1 13 8 1253.54510843555 0.258086226973749
  2 13 8 2272.24499024274 0.369713282569775
  1 14 8 2377.78624159127 0.424291613021164
  2 14 8 2248.34948843331 0.242018860617287
  1 15 8 1387.40959736634 0.253077301717728
  2 15 8 1642.9136817832 0.236863100947082
  1 16 8 1386.68583937884 0.282083266124312
  2 16 8 763.185565482914 0.234685929415468
  1 17 8 3096.85703450292 0.308866282267733
  2 17 8 916.243147505566 0.418188219832596
  1 18 8 2953.05604450942 0.227617863109814
  2 18 8 1863.84914113602 0.363924113287817
  1 19 8 4770.41108850197 0.444594138316279
  2 19 8 1977.63724499047 0.228686933162735
  1 20 8 6262.02709182576 0.355281347801547
  2 20 8 1535.82907084285 0.52226518900488
  1 21 8 9948.37503690166 0.287663604981491
  2 21 8 1797.51237491878 0.324610274868806
  1 22 8 6785.60921531838 0.331891135768806
  2 22 8 3909.58941544834 0.405253381175339
  1 23 8 10188.173044205 0.373879165680047
  2 23 8 4498.0607286658 0.325837115034301
  1 24 8 11020.3554508007 0.29311793852823
  2 24 8 2067.35322072504 0.252063231711509
  1 25 8 13211.6089608688 0.363617147333273
  2 25 8 5718.7909705433 0.318594737541269
  1 26 8 8722.57502549847 0.370438144818615
  2 26 8 1549.75023719529 0.388038209115171
  1 27 8 6146.7594079503 0.399020192940984
  2 27 8 827.47950447731 0.240334888416511
  1 28 8 5121.36954362573 0.324040099023474
  2 28 8 1287.79844090042 0.415472237394863
  1 29 8 3902.83679397558 0.367838903060991
  2 29 8 906.588205664391 0.278588400079201
  1 30 8 3927.88052119664 0.352473620249155
  2 30 8 1133.6894985735 0.226502720233669
  1 31 8 8051.12073458908 0.481135456002499
  2 31 8 6700.440788728 0.540163864000553
  1 32 8 7095.66611590277 0.284652789689101
  2 32 8 1781.76591593674 0.343035692079222
  1 33 8 6025.14484575316 0.419285827130058
  2 33 8 1874.95411821305 0.233965429378258
  1 34 8 7270.68493955744 0.363226842496159
  2 34 8 1261.5438380764 0.230866102767982
  1 35 8 8637.22636208274 0.383482435972864
  2 35 8 2301.60990697597 0.24282341318213
  1 36 8 3005.38972728912 0.325977709284745
  2 36 8 2089.73846778257 0.341240783166298
  1 37 8 993.992492360393 0.323507675999549
  2 37 8 3125.05137832652 0.399695593074565
  1 38 8 4696.95888789119 0.425248507716921
  2 38 8 781.802525736676 0.187993525714274
  1 39 8 1848.35697956147 0.249118363408559
  2 39 8 1536.38419762497 0.265012727941773
  1 40 8 1082.89041937905 0.341800613444058
  2 40 8 2493.8931084996 0.365336749376061
  1 41 8 1625.77702663021 0.302900468993841
  2 41 8 883.516857557338 0.388934593716609
  1 42 8 1949.0508476916 0.491268971960348
  2 42 8 596.799306353289 0.242113807492329
  1 1 3 528.887106715519 0.499484636786782
  1 2 3 175.815079006654 0.358153914340203
  2 2 3 111.874394835087 0.577110518633802
  1 3 3 148.205808975379 0.678339172154909
  2 3 3 180.481319548917 0.738121970739642
  1 4 3 9.95645908726505 1
  2 4 3 482.829698325959 0.52056341701904
  1 5 3 82.8875219014815 0.693225535250834
  2 5 3 1.99129181745301 1
  1 6 3 14.1353672675538 1
  2 6 3 190.481285852362 0.48452157876779
  1 7 3 22.8565669481563 0.912293822979085
  1 8 3 22.2127199918702 0.655734850091527
  2 8 3 4769.82748058804 0.750382084373246
  1 9 3 58.2452856605005 0.670809892238012
  2 9 3 36.8673456488443 0.47273108889926
  1 10 3 19.5508651168114 0.631102684426709
  2 10 3 121.160290864747 0.919260399745188
  1 11 3 21.8704592832127 0.496475444687371
  1 12 3 6.61721588569 0.740682868109632
  2 12 3 11.2010164731732 1
  1 13 3 34.8745161543122 0.360862225436052
  1 14 3 2580.7141954191 0.547901331396328
  2 14 3 82.5480971598702 0.478873954421528
  1 15 3 1360.94073382358 0.429608216382601
  2 15 3 25.8541494987342 0.654713783069401
  1 16 3 665.340378506487 0.69118921143411
  2 16 3 3412.27765838748 0.8614889831113
  1 17 3 421.926289092329 0.426971754606328
  2 17 3 1254.5138449954 0.572182042928152
  1 18 3 656.947975119124 0.505524319387353
  2 18 3 279.918735481966 0.488492827246527
  1 19 3 688.624915781023 0.644591984223249
  2 19 3 1269.87523901575 0.51925665989311
  1 20 3 9293.94458611715 0.899065435378594
  2 20 3 3206.34187915706 0.59569628754064
  1 21 3 1286.0773063407 0.543826822033971
  2 21 3 1388.7922991932 0.466111862829518
  1 22 3 2612.81263068551 0.88174616562504
  2 22 3 5187.10713905133 0.568444982816852
  1 23 3 621.283047045339 0.408104676406013
  2 23 3 15890.8653525558 0.357346049869971
  1 24 3 3843.34515856761 0.92608255019157
  2 24 3 35285.2749144398 0.539541007788685
  1 25 3 41.7707637600173 0.648664057223823
  2 25 3 952.377626648023 0.576168087832409
  1 26 3 5777.51959703585 0.695927823776047
  2 26 3 201.035843660512 0.549529982814455
  1 27 3 692.175378442922 0.708713243925404
  2 27 3 25.6768028534123 0.496269825160911
  1 28 3 12.8821720202512 0.489543853646182
  1 29 3 3.07227880407036 0.703511357168505
  2 29 3 47.1633008847736 0.875017095315649
  1 30 3 395.355732405006 0.631659802692532
  2 30 3 9583.64788154554 0.908152223575802
  1 31 3 219.155888023686 0.626570332091694
  2 31 3 142.946766770286 0.712465807947941
  1 32 3 1468.39318873053 0.661895735249442
  2 32 3 2989.95494622366 0.86012943797605
  1 33 3 72.6057473332196 0.783155911787346
  2 33 3 2219.73323424653 0.598390099709208
  1 34 3 314.810973251882 0.542775440757204
  2 34 3 1360.93285250276 0.743173480285892
  1 35 3 1437.23727615072 0.870542376054271
  2 35 3 12465.0628506536 0.446478967244395
  1 36 3 35.3257003708162 0.492193512682958
  2 36 3 4579.25745547617 0.490110041691513
  1 37 3 4342.21287299398 0.909630520329322
  2 37 3 1576.37531143996 0.433872317628348
  1 38 3 5799.9953631239 0.644773009949607
  2 38 3 16619.543888649 0.484949159815328
  1 39 3 8680.14221168715 0.515045488987725
  2 39 3 8752.93996176881 0.388710136036013
  1 40 3 9588.82586042962 0.442573167063876
  2 40 3 25704.0939791068 0.395139923022642
  1 41 3 621.457262823027 0.88587618368699
  2 41 3 2861.89815873129 0.537531419606343
  1 42 3 19155.4702259489 0.983269433580366
  2 42 3 9683.32547590089 0.849696423298534
  1 1 4 2622.13306522212 0.238950089280127
  2 1 4 121.668354628856 0.730585383962037
  1 2 4 4797.24001289585 0.179808210316848
  2 2 4 439.651295164116 0.333206670663278
  1 3 4 2551.71740670653 0.285713453338656
  2 3 4 44.8119331562384 0.519898215786934
  1 4 4 2060.98703106387 0.363103131549156
  2 4 4 978.687585083578 0.305358232801091
  1 5 4 1010.33168588022 0.503658248586171
  2 5 4 856.255481504794 0.471530938023796
  1 6 4 1464.02018128235 0.295547572464407
  2 6 4 675.901336895479 0.544763628192451
  1 7 4 588.037131484384 0.488933644682359
  2 7 4 410.478894096341 0.477536971215445
  1 8 4 1512.48429762825 0.370405953390475
  2 8 4 109.134679905783 1
  1 9 4 786.311356416757 0.52782959622969
  2 9 4 790.599745580772 0.532719195147098
  1 10 4 310.64152352267 0.511990542284477
  2 10 4 480.602487096828 0.484034968152033
  1 11 4 828.647401730615 0.564562288891068
  2 11 4 263.553328780545 0.586474414451279
  1 12 4 888.912667311024 0.402530417748571
  2 12 4 47.0442691873274 1
  1 13 4 1011.36096847505 0.43367137815831
  2 13 4 1081.81453646356 0.57845161047037
  1 14 4 202.927953827827 0.64543907056288
  2 14 4 32.5847751946856 1
  1 15 4 672.750281711817 0.573085070694707
  2 15 4 4.7007544543153 1
  1 16 4 80.6473186068469 0.624630010023461
  2 16 4 125.72710182811 0.618817528749267
  1 17 4 1036.3820499064 0.39695630553522
  2 17 4 416.677812802042 0.599987275514275
  1 18 4 312.424769926359 0.66033137069251
  2 18 4 202.542824860935 0.574102294844973
  1 19 4 425.774395877225 0.421006722090626
  2 19 4 320.882452869571 0.561536237228361
  1 20 4 438.552739090828 0.510604124996193
  2 20 4 221.576471323862 0.755237824640857
  1 21 4 1127.72502569309 0.341199284740845
  2 21 4 29.9585395819796 0.639964632603476
  1 22 4 492.176007418236 0.558363224745951
  2 22 4 269.626856237817 0.651942345498602
  1 23 4 1005.78339434263 0.358138069325762
  2 23 4 376.621640459172 0.817002636839413
  1 24 4 739.098899659002 0.350936222978508
  2 24 4 115.661361743286 0.45781557737998
  1 25 4 2188.04333732673 0.316930751611881
  2 25 4 576.404307709492 0.659064313762388
  1 26 4 1102.29949846929 0.37289624571036
  2 26 4 596.991775987184 0.566128523913239
  1 27 4 846.006185385551 0.340253675911694
  2 27 4 138.159446825467 0.701875347795432
  1 28 4 1239.85555955707 0.357264717429085
  2 28 4 464.969702901151 0.476578235674548
  1 29 4 1351.95163276328 0.527967078805152
  2 29 4 533.262004559237 0.562110493649979
  1 30 4 778.683027795287 0.415144442808449
  2 30 4 463.26240391073 0.557855012865461
  1 31 4 690.797234127335 0.494090593845412
  2 31 4 18.7934892609349 0.864947569912083
  1 32 4 172.142047593351 0.340526255302381
  2 32 4 260.762701561628 0.525593107575273
  1 33 4 278.605164226658 0.260637123856086
  2 33 4 71.2749374416554 0.517717068938369
  1 34 4 366.173869995617 0.219411346193749
  2 34 4 283.120703489775 0.445563743160107
  1 35 4 423.052285648 0.271355803715625
  2 35 4 119.695005779245 0.369630063723468
  1 36 4 282.124604394792 0.322041020808878
  2 36 4 418.43090321745 0.389098775252231
  1 37 4 233.759549395382 0.241177039296427
  2 37 4 231.064382244286 0.360209541108992
  1 38 4 328.547213481932 0.310728311347134
  2 38 4 217.957814076456 0.437514827010324
  1 39 4 405.024933307328 0.288580421043866
  2 39 4 430.601874971915 0.246821373610295
  1 40 4 2308.48176931067 0.364363914128281
  2 40 4 533.869732810175 0.287983302644633
  1 41 4 748.342383632651 0.243629988904743
  2 41 4 1228.19654020512 0.386454786790168
  1 42 4 959.408942398233 0.263364855830388
  2 42 4 307.31611278322 0.35266724117335
# end survey index observations 
#  
# Survey size comp data 
# Number of observations, init_int Nsurvey_size_obs 
  833
# init_matrix obs_survey_size(1,Nsurvey_size_obs,1,ncol) 
# Survey  Year  Species Type (0=whole, 1=retained, 2=discard) InpN, proportion by length bin 
  1 1 1 0 57 0.213169221432159 0.161170628190748 0.455874255826751 0.147407347575539 0.0223785469748032
  1 2 1 0 65 0.185270361878779 0.311311642725008 0.234709026676055 0.242074245363907 0.0266347233562517
  1 3 1 0 32 0.292239167466435 0.261431563074303 0.294515754974746 0.135314674239864 0.0164988402446513
  1 4 1 0 32 0.357554700797566 0.276752787468769 0.252849100760209 0.0797269907038532 0.0331164202696023
  1 5 1 0 21 0.325192792539815 0.404386076941213 0.207609821872898 0.0442142010330948 0.0185971076129795
  1 6 1 0 18 0.412362983251513 0.307578297351358 0.188113034591295 0.0919456848058348 0
  1 7 1 0 25 0.448806407918904 0.155000798659707 0.311387930918885 0.0787629338051047 0.00604192869739988
  1 8 1 0 20 0.477080454984412 0.223277040423018 0.230614309613786 0.0494398007405801 0.0195883942382028
  1 9 1 0 16 0.488383952256382 0.422499201460106 0.0589796097761267 0.0150994019748416 0.0150378345325445
  1 10 1 0 19 0.206885667541276 0.422537618588992 0.300950191165808 0.051961195524757 0.0176653271791657
  1 11 1 0 20 0.386266109187071 0.278021443121204 0.250920253038804 0.0539242844357341 0.0308679102171866
  1 12 1 0 22 0.351618126967224 0.443339135492582 0.173804837092798 0.0265440286377447 0.00469387180965138
  1 13 1 0 23 0.101710593567362 0.268898740017936 0.366697384049978 0.223407753662795 0.039285528701928
  1 14 1 0 14 0.375785425319255 0.269509750779037 0.321087117431674 0.0336177064700333 0
  1 15 1 0 21 0.17908116972339 0.516628086017523 0.230224376919379 0.0740663673397082 0
  1 16 1 0 14 0.585139354598428 0.272864910161848 0.107949470222235 0.0340462650174886 0
  1 17 1 0 17 0.191162598900454 0.410129934693827 0.294638803444109 0.0947801446647711 0.00928851829683863
  1 18 1 0 19 0.201424136025067 0.40781774911722 0.360636967882169 0.0301211469755436 0
  1 19 1 0 18 0.216311315238173 0.267274956003321 0.461082125705489 0.0553316030530172 0
  1 20 1 0 15 0.150795331583623 0.362580604615975 0.409439809050286 0.0771842547501161 0
  1 21 1 0 21 0.107195142157554 0.613911289119861 0.236228865046445 0.0426647036761389 0
  1 22 1 0 13 0.183795123640588 0.367636094170135 0.317619808402167 0.13094897378711 0
  1 23 1 0 14 0.412006660930239 0.467791009590603 0.0959677726162702 0.0242345568628879 0
  1 24 1 0 14 0.0840666670948264 0.421837898324076 0.45058307924573 0.0435123553353668 0
  1 25 1 0 18 0.135436809619026 0.227437591263492 0.526294579666906 0.109217354335795 0.00161366511478091
  1 26 1 0 14 0.337890115589471 0.296830134621949 0.305793463211204 0.0594862865773763 0
  1 27 1 0 23 0.574967609818657 0.0769864763763889 0.229946722464246 0.108744561342027 0.00935462999868156
  1 28 1 0 14 0.146554952228209 0.600657696389955 0.193142647811276 0.0596447035705602 0
  1 29 1 0 17 0.325241210766033 0.329749018390911 0.304918758862589 0.0400910119804678 0
  1 30 1 0 18 0.399923360309065 0.36220753791001 0.187662027406978 0.0357687998745072 0.0144382744994395
  1 31 1 0 20 0.726974056864994 0.141926461420159 0.127333663647122 0 0.00376581806772584
  1 32 1 0 10 0.526201019577608 0.401574166645278 0.0614122565309854 0.00907167569449509 0.00174088155163318
  1 33 1 0 15 0.57286236092239 0.356685291532165 0.068822894754767 0.00162945279067856 0
  1 34 1 0 18 0.490122058464108 0.378743948096471 0.106793731100787 0.0243402623386338 0
  1 35 1 0 8 0.141213926633283 0.610920707987421 0.192141349369042 0.0481507390685584 0.00757327694169553
  1 36 1 0 12 0.29805401292284 0.535712682784568 0.152568860758067 0.013664443534524 0
  1 37 1 0 8 0.621120583974548 0.183029058044186 0.14896276866627 0.0357077035544486 0.011179885760548
  1 38 1 0 16 0.246670445150632 0.614514106122551 0.104887949892824 0.0339274988339934 0
  1 39 1 0 10 0.0195643494073398 0.579182068614963 0.341287926999008 0.0556977662866453 0.00426788869204426
  1 40 1 0 10 0.429506961664022 0.313601109368149 0.213635027244582 0.0432569017232471 0
  1 41 1 0 13 0.470002961551493 0.271177584383748 0.233361657735334 0.0254577963294252 0
  1 42 1 0 8 0.375840181908348 0.229984016618462 0.317167826730669 0.0770079747425216 0
  1 1 2 0 11 0.0184278551766256 0 0.343675307636995 0.637896837186379 0
  1 4 2 0 1 0 0 0 1 0
  1 5 2 0 5 0 0 0.32664260928372 0.67335739071628 0
  1 6 2 0 1 0 1 0 0 0
  1 7 2 0 3 0 0 0.436397366416712 0.461129427477236 0.102473206106052
  1 8 2 0 4 0 0 0.504508398695988 0.495491601304013 0
  1 9 2 0 5 0 0.0126123183036942 0.974775363392612 0.0126123183036942 0
  1 10 2 0 10 0.00824970979002923 0.152438731972234 0.611531059915266 0.217876998395407 0.00990349992706394
  1 11 2 0 13 0.0418135998928024 0.0246875626961925 0.735158049954436 0.194293140436489 0.00404764702007978
  1 12 2 0 15 0.08781096076633 0.0241313636447326 0.712249212015835 0.175808463573102 0
  1 13 2 0 9 0 0.0607528257640467 0.871858024866218 0.0665132876695016 0.000875861700234106
  1 14 2 0 6 0.0270301642409522 0.148665903325237 0.789347374011743 0.0349565584220672 0
  1 15 2 0 13 0.00452676695675087 0.178999128983968 0.758219839662415 0.0582542643968657 0
  1 16 2 0 10 0 0.0573341226759733 0.78585224931987 0.156813628004157 0
  1 17 2 0 10 0.092683369729491 0.15703652856039 0.711048566351136 0.039231535358983 0
  1 18 2 0 18 0.903155190365975 0.000536693268808974 0.0895193812223964 0.00678873514281981 0
  1 19 2 0 27 0.030683916310996 0.490610700433312 0.472537179127779 0.00616820412791311 0
  1 20 2 0 23 0 0.323738932542198 0.638551987758951 0.0377090796988509 0
  1 21 2 0 25 0 0.434233709907602 0.551100439687311 0.0146658504050874 0
  1 22 2 0 9 0.00218984954222046 0.131084397886278 0.857966354402619 0.00875939816888183 0
  1 23 2 0 8 0 0.03732622290481 0.903116705835509 0.0595570712596814 0
  1 24 2 0 9 0.026867652076303 0.3235294149118 0.643935947788504 0.00566698522339279 0
  1 25 2 0 14 0.554110090236029 0 0.34001909505114 0.105870814712831 0
  1 26 2 0 18 0.980251802925167 0.00635370504264476 0.0123400325122493 0.00105445951993913 0
  1 27 2 0 16 0.0130520773461668 0.486372263568156 0.47309774881063 0.0274779102750479 0
  1 28 2 0 6 0.00862317820040406 0.301580154331896 0.631746123982037 0.0580505434856628 0
  1 29 2 0 8 0.0811947061681252 0.219669644549583 0.699135649282291 0 0
  1 30 2 0 17 0 0.0657284840190995 0.86632206394739 0.067949452033511 0
  1 31 2 0 9 0 0.169381377038113 0.785405630458944 0.0452129925029436 0
  1 32 2 0 30 0.00804028663202116 0.734167186560479 0.257651092908018 0.000141433899481464 0
  1 33 2 0 24 0.111016574557343 0.762495812667348 0.124948689203523 0.00153892357178593 0
  1 34 2 0 25 0.00211382967560501 0.923946717442539 0.0692464006575144 0.00469305222434117 0
  1 35 2 0 16 0.000943463487188096 0.399462737642133 0.597146197324719 0.00244760154595977 0
  1 36 2 0 13 0.794707666687761 0.035683664768937 0.162532831547925 0.0070758369953777 0
  1 37 2 0 8 0 0.066724980579169 0.933275019420831 0 0
  1 38 2 0 10 0 0.0348699959597596 0.95573332011786 0.00939668392238031 0
  1 39 2 0 13 0 0.0816409463422332 0.855703526385728 0.0626555272720391 0
  1 40 2 0 8 0 0.0389801844391841 0.943572777613694 0.0174470379471215 0
  1 41 2 0 5 0 0 0.561988179475046 0.438011820524954 0
  1 42 2 0 17 0.714050822494606 0.0186495314096871 0.20162532702864 0.0656743190670671 0
  1 1 3 0 27 0.981066687236127 0 0.00116983970313537 0.0105281679937715 0.00723530506696581
  1 2 3 0 13 0 0 0.573364837130102 0.166958451016756 0.259676711853142
  1 3 3 0 5 0 0.0917882688966785 0.151368621850554 0.555018280118696 0.201824829134071
  1 4 3 0 2 0.480425959313758 0 0 0.519574040686242 0
  1 5 3 0 5 0.143297008820355 0 0.763284659355383 0.0934183318242627 0
  1 6 3 0 1 0 0 0 1 0
  1 7 3 0 3 0.396245962079566 0 0.603754037920434 0 0
  1 8 3 0 3 0 0.473476116563893 0.526523883436107 0 0
  1 9 3 0 4 1 0 0 0 0
  1 10 3 0 4 0.847561302844898 0 0.152438697155102 0 0
  1 11 3 0 4 0.323013792528232 0 0.676986207471768 0 0
  1 12 3 0 2 0.599003922669942 0.400996077330058 0 0 0
  1 13 3 0 8 0.864090486341923 0 0.135909513658077 0 0
  1 14 3 0 19 0.975884975942549 0.0192309898230985 0.0048840342343525 0 0
  1 15 3 0 15 0.140713105126801 0.848568578777057 0.00765107036192053 0.00306724573422127 0
  1 16 3 0 12 0.223531059020329 0.113838057380057 0.655404002943111 0.00722688065650281 0
  1 17 3 0 14 0.0459667023805065 0.793889220239021 0.160144077380473 0 0
  1 18 3 0 14 0.644116348469596 0.276007360632494 0.0780833058868175 0.00179298501109242 0
  1 19 3 0 15 0.922850855490698 0.0321704824424752 0.0449786620668265 0 0
  1 20 3 0 17 0.0141280204980531 0.839007590994633 0.146864388507313 0 0
  1 21 3 0 12 0.688397048672549 0.305327618783259 0.00627533254419202 0 0
  1 22 3 0 11 0.0774114605810374 0.742297637833689 0.180290901585274 0 0
  1 23 3 0 16 0.628211408419443 0.294442927170581 0.0728937911530089 0.00445187325696787 0
  1 24 3 0 15 0.0437982437234926 0.858315186994569 0.0969077035891186 0.00097886569281938 0
  1 25 3 0 4 0.472683236692822 0.468231358720575 0.0590854045866028 0 0
  1 26 3 0 14 0.961347923974727 0.0285811478578147 0.0100709281674585 0 0
  1 27 3 0 6 0 0.515473265375486 0.484526734624514 0 0
  1 28 3 0 4 0.75 0.25 0 0 0
  1 29 3 0 2 1 0 0 0 0
  1 30 3 0 10 0.996267367094782 0.00373263290521791 0 0 0
  1 31 3 0 9 0 0.0965406026911848 0.903459397308815 0 0
  1 32 3 0 12 0.105016767256492 0.284221999684309 0.515693585923933 0.0950676471352657 0
  1 33 3 0 5 0.722220638173929 0.277779361826071 0 0 0
  1 34 3 0 9 0.34488271268945 0.33636828616288 0.318749001147671 0 0
  1 35 3 0 5 0.00798854283274174 0.440476086986043 0.551535370181216 0 0
  1 36 3 0 5 0.750461862085627 0 0.249538137914373 0 0
  1 37 3 0 3 0 0.0209769844534721 0.968092840056188 0.0109301754903402 0
  1 38 3 0 15 0.00997306964552961 0.217822429719623 0.765776842742545 0.00642765789230289 0
  1 39 3 0 12 0.000945775182373166 0.231196706095815 0.71670044753701 0.0511570711848015 0
  1 40 3 0 9 0.402152289806832 0.43179619051181 0.166051519681358 0 0
  1 41 3 0 8 0.316297212537128 0.267916812950734 0.415785974512138 0 0
  1 42 3 0 12 0.00277262516021149 0.451694533567292 0.538140530801991 0.00739231047050566 0
  1 1 4 0 19 0.233988811211444 0 0.136267503762575 0.0900694777191393 0.539674207306841
  1 2 4 0 35 0.203400179247958 0.0984977195609692 0.191932638455959 0.117045450425524 0.38912401230959
  1 3 4 0 17 0.322667090607176 0 0.119385378449447 0.433073116222775 0.124874414720602
  1 4 4 0 17 0.17562507392881 0.181694960211876 0.287817542683144 0.212269205633346 0.142593217542824
  1 5 4 0 8 0.277403320805997 0.101980519753282 0.265011893872566 0.269337308869821 0.0862669566983341
  1 6 4 0 13 0 0.362783099879776 0.516005443521045 0.0452891482979247 0.0759223083012542
  1 7 4 0 5 0 0.154168430189706 0.402114674924277 0.289548464696312 0.154168430189706
  1 8 4 0 13 0.13731734768475 0 0.541381788854678 0.0847590534295187 0.236541810031053
  1 9 4 0 6 0.214822160099612 0.213642284063074 0.343735301882803 0.149507174321101 0.0782930796334096
  1 10 4 0 5 0 0.459282044319985 0.540717955680015 0 0
  1 11 4 0 4 0 0.230422898815167 0 0 0.769577101184833
  1 12 4 0 7 0.0636311472862542 0.190893441858763 0.680790021902249 0 0.0646853889527346
  1 13 4 0 12 0.575242008159983 0 0.242019429563335 0.182738562276681 0
  1 14 4 0 5 0.831837298159908 0 0.0920537840729702 0.0761089177671217 0
  1 15 4 0 7 0.443682304939987 0.320189831255985 0 0.0611364583893291 0.174991405414699
  1 16 4 0 4 0.650457174471423 0.157149044745867 0.192393780782709 0 0
  1 17 4 0 13 0.325284303788458 0.333681021296717 0.251560980905923 0.0348774785913278 0.0545962154175745
  1 18 4 0 5 0.183704131305531 0.13480366351355 0.546688541667368 0.13480366351355 0
  1 19 4 0 7 0 0.398922359388721 0.601077640611279 0 0
  1 20 4 0 5 0 0.208811021510557 0.514823383509969 0.276365594979474 0
  1 21 4 0 11 0.163663075215844 0.22598324984243 0.0607805224995663 0.465326362076284 0.0842467903658762
  1 22 4 0 7 0.594329900380361 0 0.303936691507702 0 0.101733408111937
  1 23 4 0 12 0.306837969251798 0.208038882190146 0.353585632804326 0.0974826742019158 0.0340548415518139
  1 24 4 0 12 0.444724871608019 0.163168494416493 0.236191663956747 0.155914970018741 0
  1 25 4 0 17 0.0996494076645233 0.267077860683714 0.398770815457782 0.179045697377365 0.0554562188166155
  1 26 4 0 11 0.308062539579845 0.0643112902890563 0.404065865982998 0.182476583727524 0.0410837204205771
  1 27 4 0 13 0.161960461292193 0.408735469785842 0.177535960113181 0.174622194718048 0.0771459140907363
  1 28 4 0 12 0.135153454552802 0.285470372110508 0.542972693969994 0.0364034793666965 0
  1 29 4 0 15 0.121917956275358 0.164567172783417 0.581893227662927 0.104479281936441 0.027142361341857
  1 30 4 0 11 0.268406182781087 0.0799719773749535 0.3560922793602 0.295529560483759 0
  1 31 4 0 6 0 0.352009440997553 0.410589260271198 0.237401298731249 0
  1 32 4 0 11 0.168794288340432 0.149906920213969 0.478706562149351 0.202592229296248 0
  1 33 4 0 25 0.248803498668167 0.291999328482846 0.324368283968123 0.112831116975521 0.0219977719053426
  1 34 4 0 36 0.495997956619514 0.141534448049182 0.277504235547146 0.0786962427893381 0.0062671169948199
  1 35 4 0 26 0.190198823030127 0.214018411302756 0.432158900882563 0.156521978156992 0.00710188662756223
  1 36 4 0 26 0.150802147419977 0.173069812392281 0.57687014233723 0.0870260564372985 0.0122318414132135
  1 37 4 0 20 0.426847194671517 0.112777838224466 0.255479116979097 0.204895850124921 0
  1 38 4 0 30 0.848060782878192 0.033231309211757 0.0974078153164362 0.0213000925936146 0
  1 39 4 0 31 0.264743633574691 0.447241542646291 0.222644344148417 0.0562029744588785 0.00916750517172301
  1 40 4 0 41 0.0748411882285219 0.256921738964039 0.58769842123904 0.0716923925471619 0.00884625902123709
  1 41 4 0 35 0.34528995802462 0.118557524072502 0.36450842099212 0.16714464540517 0.00449945150558793
  1 42 4 0 35 0.0818710646004919 0.307342371290664 0.45676563031586 0.150222633230378 0.00379830056260594
  1 1 5 0 81 0.765271828064231 0.0140433331384544 0.204763946130825 0.0155743515186398 0.000346541147849332
  1 2 5 0 51 0.230924279350324 0.672258282909948 0.0544184506950917 0.0414600618851607 0.000938925159475222
  1 3 5 0 38 0.738355015140437 0.148088065362416 0.0832494421817486 0.0303074773153986 0
  1 4 5 0 26 0.10661105482617 0.436333512534833 0.401920629800502 0.0517629655224506 0.00337183731604382
  1 5 5 0 15 0.029648829416082 0.111180341325265 0.383122328024168 0.460136625322303 0.0159118759121828
  1 6 5 0 18 0.876547508870442 0.0313228086261001 0.0599145348826922 0.0270157584779501 0.00519938914281541
  1 7 5 0 16 0.130243207087904 0.756646271319127 0.0657629627261698 0.047347558866799 0
  1 8 5 0 29 0.908206364652616 0.0458670496567068 0.0375249587034573 0.00682536195580003 0.00157626503142029
  1 9 5 0 11 0.0397235410759694 0.828436692925186 0.095664739904123 0.0287490763634703 0.00742594973125084
  1 10 5 0 15 0.786733175465851 0.0935409646625992 0.0914534737471452 0.0253353511258751 0.00293703499852959
  1 11 5 0 18 0.121242312285114 0.433955074982544 0.316003707527103 0.106352178216061 0.0224467269891785
  1 12 5 0 22 0.209785379465583 0.326307596343323 0.370017333059006 0.0916006911413094 0.00228899999077838
  1 13 5 0 22 0.339429349762053 0.248914170455212 0.320301748713286 0.0891685245761308 0.00218620649331865
  1 14 5 0 16 0.832776550586334 0.0569097100066297 0.0935590450446566 0.0167546943623794 0
  1 15 5 0 24 0.664864642006427 0.294323747165928 0.0235396082163038 0.0130368872264118 0.00423511538492965
  1 16 5 0 16 0.187091370422414 0.611575685150963 0.187647864947516 0.0136850794791071 0
  1 17 5 0 10 0.394946185459382 0.404098412806706 0.172667618367539 0.0282877833663728 0
  1 18 5 0 13 0.215409409358216 0.476845402565849 0.288478887832924 0.0192663002430099 0
  1 19 5 0 27 0.355319413693984 0.175145544730657 0.417224462920062 0.052310578655297 0
  1 20 5 0 18 0.0915083712475598 0.551109976552564 0.34189963783007 0.0154820143698062 0
  1 21 5 0 31 0.432384362634547 0.340912246351083 0.208103601256766 0.0179879406090383 0.000611849148565456
  1 22 5 0 10 0.208681943581048 0.163992277859124 0.541619180722843 0.0824093499878391 0.0032972478491458
  1 23 5 0 17 0.309878393749364 0.429507735738893 0.240814864425342 0.0189684664740664 0.000830539612334495
  1 24 5 0 21 0.444681177826981 0.205359753931086 0.3083266613366 0.0416324069053327 0
  1 25 5 0 20 0.0112466016084625 0.561941962101753 0.394314560969555 0.0319750945305209 0.000521780789708787
  1 26 5 0 45 0.963642954219645 0.00470297298855098 0.0271251839742826 0.00431079803049823 0.00021809078702348
  1 27 5 0 34 0.919080707346349 0.0191035554157214 0.0542933161375255 0.00744090006024833 8.15210401563108e-05
  1 28 5 0 30 0.407515899414942 0.543292573670497 0.0447801864125523 0.0044113405020081 0
  1 29 5 0 28 0.166021951441114 0.726024667578703 0.105378840157092 0.00257454082309084 0
  1 30 5 0 26 0.0480471217535682 0.436824827452148 0.511540735280707 0.00358731551357774 0
  1 31 5 0 21 0.112815395236953 0.14166161716258 0.724893539718336 0.0206294478821311 0
  1 32 5 0 35 0.13742051425664 0.0751666404423546 0.698135173728367 0.0891394474127919 0.000138224159846281
  1 33 5 0 41 0.936834987770311 0.0096865309573574 0.0467559153805675 0.00665279306005504 6.97728317094402e-05
  1 34 5 0 47 0.913771944967868 0.0684029766799351 0.0151237038807312 0.00260526219968772 9.61122717776279e-05
  1 35 5 0 28 0.335409812888765 0.6532606413495 0.0106823278189953 0.000647217942739762 0
  1 36 5 0 60 0.976705938743424 0.0220184634559876 0.00126576982527603 9.82797531194658e-06 0
  1 37 5 0 53 0.979360695034223 0.0165588836835919 0.00406292893388348 1.7492348302083e-05 0
  1 38 5 0 51 0.508366159502343 0.459690354680919 0.0318100486273546 0.00013343718938406 0
  1 39 5 0 52 0.864386990186063 0.132336896665587 0.00326562015749008 1.04929908593306e-05 0
  1 40 5 0 40 0.259567891901054 0.701007417227164 0.0390613135934684 0.000340059337974738 2.33179403383239e-05
  1 41 5 0 36 0.673756951544221 0.299837370577422 0.0259472751608682 0.000458402717488987 0
  1 42 5 0 28 0.603325277814861 0.305707270099944 0.0894166772559963 0.00155077482919885 0
  1 1 6 0 91 0.786837199250409 0.032416409125908 0.157461547890691 0.0173738693995763 0.00591097433341578
  1 2 6 0 97 0.734959446062494 0.102038780485631 0.138322076794927 0.0208904435431747 0.00378925311377437
  1 3 6 0 60 0.830559108625292 0.0925655464695544 0.072097948709059 0.00425415924653767 0.000523236949557307
  1 4 6 0 47 0.368291613863789 0.204513486419581 0.397706762795034 0.0281945559611117 0.00129358096048419
  1 5 6 0 48 0.366138778607433 0.234791134192571 0.375475082665227 0.0224879449882866 0.00110705954648226
  1 6 6 0 37 0.173892300396612 0.430620951454881 0.368741674955506 0.0257451497722229 0.00099992342077738
  1 7 6 0 51 0.807113603217306 0.108434937797227 0.081536898374939 0.00278023602140564 0.000134324589122534
  1 8 6 0 55 0.944560612725205 0.0326987050448782 0.0214645595463699 0.00124921007150249 2.69126120441762e-05
  1 9 6 0 49 0.42096525749952 0.404860654386125 0.165942808644881 0.00768008990115379 0.0005511895683204
  1 10 6 0 41 0.148356231373152 0.601090035092077 0.228886951491907 0.0190617173799568 0.00260506466290752
  1 11 6 0 45 0.797582554893813 0.119101690482893 0.0796300077838354 0.00316547617677853 0.000520270662679935
  1 12 6 0 49 0.664243667238149 0.239734472487409 0.0934719703156612 0.00254988995878049 0
  1 13 6 0 62 0.792068497204386 0.133527954110327 0.0683379962649373 0.00606555242034926 0
  1 14 6 0 42 0.837503792601595 0.100867588538825 0.0587409645504742 0.00288765430910564 0
  1 15 6 0 56 0.706960075802893 0.215064504795987 0.0750380579871272 0.00293736141399322 0
  1 16 6 0 39 0.135583062297222 0.819182579567975 0.040986185447069 0.00424817268773379 0
  1 17 6 0 54 0.590521922287645 0.344752957862299 0.0597804184591465 0.00445369764315528 0.0004910037477543
  1 18 6 0 46 0.796674555650625 0.15740258527626 0.0423178829194194 0.00306442239360742 0.000540553760087636
  1 19 6 0 38 0.242701621874689 0.547954405957639 0.203122952396435 0.006221019771237 0
  1 20 6 0 45 0.775310976460298 0.158729541412587 0.0608343485939382 0.00512513353317658 0
  1 21 6 0 49 0.827668621441836 0.131555069344536 0.0355505490297501 0.00458011538444671 0.000645644799431449
  1 22 6 0 41 0.8733760496977 0.112996686829042 0.011799508473076 0.00182775500018152 0
  1 23 6 0 41 0.889256873575407 0.0628211570280466 0.0435246520939508 0.00404370230020857 0.000353615002386976
  1 24 6 0 53 0.552742973613176 0.401263738893338 0.0363473679072057 0.00884980723971567 0.000796112346564883
  1 25 6 0 51 0.53746438763972 0.41812770933065 0.0438119842505052 0.00059591877912485 0
  1 26 6 0 51 0.802133868209226 0.18229221369994 0.0154579718422403 0.000115946248593625 0
  1 27 6 0 52 0.365817473408041 0.535256902560011 0.0892097194860052 0.00937137623745743 0.000344528308485316
  1 28 6 0 43 0.403265178015548 0.531369659591929 0.0634017633749855 0.00196339901753675 0
  1 29 6 0 57 0.833039683911575 0.132460239080245 0.0342573006616857 0.000242776346493939 0
  1 30 6 0 54 0.440389280607651 0.475230092448459 0.0760575814771358 0.00832304546675408 0
  1 31 6 0 50 0.0562370606509679 0.835216511505788 0.103656951613865 0.00488947622937941 0
  1 32 6 0 66 0.59463076644718 0.29543384395351 0.105022291657127 0.00447831102257641 0.000434786919606778
  1 33 6 0 66 0.677453137382767 0.295949390059592 0.0260263303012969 0.000501986712770125 6.91555435737935e-05
  1 34 6 0 63 0.562586475602671 0.387870007060673 0.0356437213138887 0.0137454502433578 0.000154345779409269
  1 35 6 0 61 0.736408933848392 0.236133083195801 0.0258080807223557 0.00153772583396744 0.000112176399483559
  1 36 6 0 68 0.915700514186338 0.0687572492328402 0.0150498911570168 0.000492345423805117 0
  1 37 6 0 68 0.1703216083691 0.726238570205008 0.0981411708070195 0.00522072949295595 7.79211259163642e-05
  1 38 6 0 59 0.242581472650574 0.516212305908775 0.214474470062465 0.0250949871925916 0.00163676418559391
  1 39 6 0 66 0.148559700611949 0.67819663325078 0.161232874450274 0.0115179738899504 0.000492817797047509
  1 40 6 0 50 0.979273973525404 0.0159799103531339 0.00470616517152055 3.99509499416829e-05 0
  1 41 6 0 58 0.661212440967773 0.316096358913757 0.0219867930686572 0.000614886629161511 8.95204206512916e-05
  1 42 6 0 65 0.934797749614124 0.0595193281674225 0.005557475796911 0.000125446421542316 0
  1 1 7 0 86 0.36279941965891 0.281277642979738 0.145717013229177 0.136707453229246 0.073498470902928
  1 2 7 0 100 0.513468343033528 0.148198635168889 0.178201188973329 0.124572225736179 0.0355596070880751
  1 3 7 0 33 0.176286409594664 0.054300282780435 0.177914056948748 0.406711935469334 0.184787315206819
  1 4 7 0 44 0.0509951274998792 0.364528542370817 0.405781508163457 0.125971243885009 0.0527235780808372
  1 5 7 0 34 0.689935600652448 0.0944939419417354 0.098125193134268 0.0807106491356683 0.0367346151358803
  1 6 7 0 40 0.0535892538772697 0.295051701160443 0.459926165421959 0.167644992723697 0.0237878868166314
  1 7 7 0 39 0.399108221244404 0.169033982004585 0.134381983110833 0.0826474127138417 0.214828400926336
  1 8 7 0 49 0.21804981927431 0.453480674241356 0.163094961810648 0.0882572382619453 0.0771173064117406
  1 9 7 0 36 0.311898500445163 0.233996057522551 0.174674784545545 0.120423304774298 0.159007352712443
  1 10 7 0 43 0.29654682636292 0.58149659090327 0.0933881570859456 0.0151588384944957 0.013409587153369
  1 11 7 0 41 0.663534313407399 0.253737779069159 0.0299309888981222 0.0273759515838152 0.0254209670415051
  1 12 7 0 35 0.509092291639712 0.269541216896867 0.132789382772468 0.0822799993350242 0.0062971093559293
  1 13 7 0 32 0.326429906608134 0.107999314381791 0.169377614691554 0.301551299966041 0.0946418643524803
  1 14 7 0 21 0.0461958900329332 0.0273183364646504 0.463340500161677 0.355166610399086 0.107978662941654
  1 15 7 0 30 0.145197812423796 0.117737811714291 0.317214638688849 0.35190871167587 0.0679410254971944
  1 16 7 0 19 0.386955290657498 0.196463855222993 0.144442820952467 0.259406782166303 0.0127312510007387
  1 17 7 0 35 0.30272394110221 0.275436953320664 0.251047006614683 0.16531641229231 0.00547568667013357
  1 18 7 0 27 0.498896175015208 0.493684077507994 0.00280620663324719 0.00399234129332067 0.000621199550229952
  1 19 7 0 34 0.0228673899491006 0.338872592374014 0.436808232211438 0.182214118133918 0.0192376673315284
  1 20 7 0 42 0.0110954144779741 0.52443797064421 0.322290816335975 0.137659149875425 0.00451664866641646
  1 21 7 0 41 0.0126218924814991 0.196027923624521 0.61089809026667 0.172588360108906 0.00786373351840401
  1 22 7 0 44 0.0136518723161704 0.224042670522649 0.512005468292457 0.243543659711252 0.00675632915747225
  1 23 7 0 28 0 0.216194001074281 0.571580745006241 0.209755974600287 0.00246927931919204
  1 24 7 0 34 0.00585820173115675 0.074689349202225 0.704988146330307 0.213242084923782 0.00122221781252915
  1 25 7 0 36 0.00425296776493536 0.038385376654492 0.674694592390694 0.276401619244262 0.00626544394561679
  1 26 7 0 31 0.036617737929637 0.113047088767619 0.645228941631832 0.205106231670912 0
  1 27 7 0 39 0.0615432467378921 0.0156784094376171 0.53039393713397 0.388574707986257 0.00380969870426378
  1 28 7 0 38 0.0132990126059842 0.0134391959193935 0.471511393189345 0.484318810764146 0.0174315875211315
  1 29 7 0 48 0.269384030813563 0.167920715473854 0.207203025606995 0.322858517640373 0.032633710465216
  1 30 7 0 38 0.0871715528972037 0.149937206183225 0.289448480627135 0.456228901945649 0.0172138583467883
  1 31 7 0 61 0.248842355333448 0.0797309993444341 0.357462112872118 0.295291494481556 0.0186730379684435
  1 32 7 0 48 0.0428984497335606 0.183694777244681 0.518919712783468 0.248239119650126 0.0062479405881652
  1 33 7 0 49 0.503766406457926 0.243505813861469 0.183535425619758 0.0666892782537167 0.00250307580713042
  1 34 7 0 44 0.631041261244374 0.134892698312352 0.166457509800008 0.0673064549601933 0.000302075683072795
  1 35 7 0 61 0.413003539568782 0.211297264795341 0.226846276471244 0.138906124159256 0.00994679500537716
  1 36 7 0 67 0.713775971113258 0.175151909275081 0.0740117795145437 0.0355872047637427 0.00147313533337393
  1 37 7 0 57 0.4628429776355 0.427615522444427 0.0618848726135977 0.0457159205858822 0.00194070672059321
  1 38 7 0 38 0.177803835316597 0.473304468611465 0.264186981520798 0.0795168585113838 0.005187856039756
  1 39 7 0 52 0.232687992215787 0.313205878349775 0.293636612299714 0.145030796341844 0.01543872079288
  1 40 7 0 43 0.336231510027354 0.395693685284929 0.258177955204549 0.00968218071437281 0.000214668768795296
  1 41 7 0 42 0.128198136844374 0.484296648586692 0.316737971055568 0.0701549532055454 0.000612290307820108
  1 42 7 0 61 0.285219299571638 0.276284003280049 0.314339470623736 0.121259178196898 0.00289804832767888
  1 1 8 0 63 0.162427726682221 0.433680915009532 0.222678851023288 0.150974568864602 0.0302379384203566
  1 2 8 0 75 0.239586672424299 0.425087384055845 0.212415557551073 0.0990538973536703 0.0238564886151126
  1 3 8 0 32 0.0861873006293794 0.385576946454265 0.351394045242088 0.14081417198919 0.0360275356850774
  1 4 8 0 34 0.328844338901919 0.356030386283664 0.148386041519264 0.136573459225478 0.0301657740696751
  1 5 8 0 25 0.125941555967476 0.444914328036643 0.310742117427516 0.109343014444246 0.00905898412411894
  1 6 8 0 26 0.0625303765221411 0.247063894815979 0.501740410562403 0.173415811942497 0.01524950615698
  1 7 8 0 25 0.199612173405261 0.270792379437664 0.384500163569145 0.142888950031213 0.00220633355671822
  1 8 8 0 24 0.173508631000115 0.452189995103102 0.329250267988659 0.0365394162884286 0.00851168961969536
  1 9 8 0 25 0.221984545018186 0.50796934085798 0.194136849927517 0.0536972315745554 0.0222120326217617
  1 10 8 0 23 0.147982672328499 0.308057614035379 0.348398400331634 0.159828254625474 0.0357330586790142
  1 11 8 0 22 0.605532330369101 0.150143343368485 0.223266728346069 0.0105552003138163 0.0105023976025276
  1 12 8 0 22 0.155269484734819 0.372005746178895 0.379077268826075 0.0745057681095899 0.0191417321506201
  1 13 8 0 25 0.239499391303999 0.559654465141933 0.172226602335879 0.0286195412181897 0
  1 14 8 0 21 0.180381184035103 0.572839220697848 0.209752741741715 0.0312763530937694 0.00575050043156355
  1 15 8 0 23 0.218292561199001 0.526435382419007 0.250568315472568 0.00470374090942376 0
  1 16 8 0 25 0.131761263918452 0.427442988564865 0.344814731333497 0.0735847037085716 0.0223963124746144
  1 17 8 0 24 0.0911223682386881 0.697646153125459 0.188430995708251 0.0228004829276022 0
  1 18 8 0 33 0.184873809686086 0.353383251916354 0.385439961946828 0.0718944174485514 0.0044085590021803
  1 19 8 0 31 0.117185564641403 0.410110975786214 0.317953270997986 0.126403272076059 0.0283469164983388
  1 20 8 0 30 0.0152132185307418 0.402271426122083 0.483765196884184 0.0891078368286406 0.00964232163435001
  1 21 8 0 35 0.121212255445389 0.370737854417946 0.377775080965656 0.120927005954814 0.00934780321619613
  1 22 8 0 29 0.0841514200003323 0.321558221077387 0.427698337965398 0.126431684801088 0.0401603361557948
  1 23 8 0 31 0.0970949539404803 0.325883574057112 0.428382350078369 0.122212455259722 0.0264266666643162
  1 24 8 0 34 0.0309837844316644 0.382667012885536 0.451705102596536 0.11907542114531 0.0155686789409544
  1 25 8 0 35 0.0295340394116237 0.279656736168172 0.400419262783105 0.244162457335725 0.0462275043013744
  1 26 8 0 29 0.0882954153915063 0.134411681898243 0.465410984296615 0.234594001651216 0.0772879167624195
  1 27 8 0 29 0.105479967980752 0.20374645115856 0.505175637931002 0.144341601971558 0.0412563409581274
  1 28 8 0 29 0.168695169127662 0.306569419406156 0.316947068867032 0.161549023037814 0.0462393195613353
  1 29 8 0 36 0.0648913910957395 0.443261915313019 0.325552197210808 0.126449930983902 0.0398445653965321
  1 30 8 0 32 0.171659607812431 0.502050247702868 0.186358384830353 0.115491100332209 0.0244406593221393
  1 31 8 0 39 0.110584676439118 0.408619105735202 0.390675477464924 0.0795165481622322 0.0106041921985234
  1 32 8 0 41 0.128512161454281 0.305663567390345 0.465970144511457 0.0870613809309365 0.0127927457129808
  1 33 8 0 31 0.100050336005705 0.573742535163382 0.27998131532776 0.0462258135031533 0
  1 34 8 0 32 0.129869380606943 0.242882649682542 0.485972755659327 0.137298220585045 0.00397699346614282
  1 35 8 0 35 0.123518572953839 0.421648464831111 0.369464196261869 0.0833161133023006 0.00205265265088078
  1 36 8 0 33 0.0255758104939359 0.318616233051846 0.495664834981583 0.151987875845324 0.00815524562731151
  1 37 8 0 24 0.380843918860157 0.203458855416545 0.274033727462565 0.132336056136181 0.00932744212455179
  1 38 8 0 25 0.0131237899652769 0.31689476289567 0.528876967230923 0.136392629840985 0.0047118500671441
  1 39 8 0 31 0.297200467622629 0.30593008247034 0.255056558803847 0.13112064503051 0.0106922460726735
  1 40 8 0 16 0.135518981208935 0.401828881643042 0.246111938856032 0.129863537852145 0.0866766604398458
  1 41 8 0 18 0.121605024493329 0.291717632393299 0.375919488605533 0.169157380619715 0.0416004738881244
  1 42 8 0 22 0.222531066742099 0.252624044901864 0.438118380442411 0.072491243869461 0.0142352640441647
  1 1 9 0 91 0.121829062734007 0.0543369478777871 0.097440342179731 0.370300874773796 0.356092772434679
  1 2 9 0 87 0.292707760212565 0.0927572184040003 0.0362936432191479 0.222325273651436 0.355916104512851
  1 3 9 0 57 0.152576159041295 0.250386514247073 0.111751143420778 0.163764850752483 0.32152133253837
  1 4 9 0 43 0.415648539672178 0.118684227299913 0.100022719048472 0.107525734294867 0.258118779684569
  1 5 9 0 40 0.703328272890173 0.0653241902622646 0.0574936212056228 0.0574576777941872 0.116396237847752
  1 6 9 0 44 0.140025322169466 0.0736028611345704 0.107306385501491 0.212245430096223 0.466820001098249
  1 7 9 0 49 0.339493153181521 0.161138737437798 0.0841662752701753 0.144864118717218 0.270337715393287
  1 8 9 0 40 0.146437865138436 0.140505118843099 0.0750566730386967 0.122287282363765 0.515713060616003
  1 9 9 0 38 0.0733684495508973 0.159643768650897 0.180055553838078 0.122071852989767 0.464860374970361
  1 10 9 0 48 0.319001924035948 0.134844303948558 0.177740415509166 0.121928121327384 0.246485235178945
  1 11 9 0 35 0.440224551961822 0.199468033436803 0.108764500373399 0.0795574335266378 0.171985480701337
  1 12 9 0 47 0.314706911023933 0.198966560933131 0.126862904585357 0.128766382339792 0.230697241117787
  1 13 9 0 44 0.1581349141755 0.172658842072712 0.131729047219275 0.165562927232203 0.37191426930031
  1 14 9 0 52 0.301296040507904 0.243964996624607 0.156061293790684 0.0890115391193311 0.209666129957474
  1 15 9 0 41 0.251320642768029 0.354701563702148 0.143176747680488 0.112566311095424 0.138234734753912
  1 16 9 0 42 0.291067723809144 0.406898645160465 0.161297729655814 0.0458486836752282 0.0948872176993485
  1 17 9 0 47 0.441370332046711 0.310243624542635 0.146928504991451 0.0305757923831574 0.0708817460360454
  1 18 9 0 43 0.373821282361113 0.384589262754198 0.151620729928797 0.0566587810049951 0.0333099439508979
  1 19 9 0 40 0.157448019199996 0.443483842086779 0.211389540244835 0.118166817423509 0.0695117810448813
  1 20 9 0 45 0.12157882752427 0.33914516341466 0.348548989656204 0.141916820461058 0.048810198943808
  1 21 9 0 48 0.152085277700154 0.308918017244434 0.257619408901402 0.193842735121016 0.0875345610329945
  1 22 9 0 52 0.175574090846505 0.205570209801288 0.352985636489637 0.224263575743026 0.0416064871195439
  1 23 9 0 42 0.152068134608473 0.210071688588134 0.296253646161418 0.259720913492151 0.0818856171498236
  1 24 9 0 50 0.124478148107049 0.270223013188043 0.317934347586651 0.211471938689097 0.0758925524291613
  1 25 9 0 54 0.121415544637561 0.180487343598186 0.198868348857831 0.347431269595723 0.151797493310698
  1 26 9 0 43 0.0612796609435221 0.254724157245658 0.222115232534306 0.319787391782716 0.142093557493798
  1 27 9 0 46 0.264369959900733 0.276113182207749 0.174410679974605 0.173667631563551 0.111438546353362
  1 28 9 0 52 0.252366544743993 0.282740467555409 0.205299083780406 0.204479472289452 0.0551144316307401
  1 29 9 0 44 0.374971392370199 0.294356852037652 0.201977341941459 0.0971025930420252 0.031591820608666
  1 30 9 0 52 0.239332577579718 0.34911551687417 0.221426941660039 0.148842665839578 0.0412822980464954
  1 31 9 0 53 0.0410448118784876 0.154738768633251 0.303865100536211 0.324799035997025 0.175552282955025
  1 32 9 0 54 0.272824753609933 0.151351141465831 0.222132353787244 0.207223225319611 0.146468525817381
  1 33 9 0 62 0.250930945699532 0.199788641244668 0.2586550871031 0.214656332782355 0.0759689931703455
  1 34 9 0 50 0.478728770124551 0.106954687782692 0.140335714644356 0.191310837261441 0.08266999018696
  1 35 9 0 61 0.643259878739584 0.14442506425423 0.0858673571168708 0.0947766494546598 0.0316710504346548
  1 36 9 0 56 0.68850684428866 0.246285052509634 0.0327949100108688 0.0251375402807576 0.00727565291007999
  1 37 9 0 55 0.149331443860926 0.57574399363567 0.218585009509882 0.0525732804456328 0.00376627254789002
  1 38 9 0 50 0.0542420033528822 0.299503477126991 0.429158609294262 0.181345012317253 0.0357508979086115
  1 39 9 0 50 0.0752378862739435 0.163460409948042 0.374758752533406 0.32564427443721 0.0608986768073986
  1 40 9 0 35 0.082731872592291 0.0591190603205966 0.311781367825584 0.471238910098383 0.0751287891631454
  1 41 9 0 49 0.193330955122679 0.0987352209920822 0.271733672890168 0.349517951379559 0.0866821996155115
  1 42 9 0 56 0.384591543243833 0.149558324936048 0.118494181588845 0.272400877736732 0.0749550724945414
  1 1 10 0 74 0.097316449396677 0.422135040128892 0.270732032175943 0.15615957336387 0.0536569049346177
  1 2 10 0 73 0.0959992706694446 0.248408119555122 0.410770224529895 0.211246482142031 0.0335759031035073
  1 3 10 0 51 0.0352524880389322 0.107767403997146 0.335706725754093 0.462009664087858 0.0592637181219706
  1 4 10 0 31 0.0544936869971171 0.28029405541738 0.376861220130093 0.247200067970082 0.041150969485328
  1 5 10 0 36 0.0185918826788074 0.306912523236458 0.493274977603907 0.173307824035362 0.00791279244546637
  1 6 10 0 29 0.000820267607150344 0.232477419255912 0.548892461149859 0.189288336893957 0.0285215150931218
  1 7 10 0 27 0.0473102863855325 0.403765864436347 0.341896598913546 0.173161839086752 0.0338654111778228
  1 8 10 0 25 0.0687429541074255 0.5110733453085 0.21101946703564 0.169085891749111 0.0400783417993238
  1 9 10 0 16 0.0165474233638842 0.107032314443479 0.469768582726148 0.34968885619918 0.0569628232673082
  1 10 10 0 17 0.0360367877655822 0.0890300709174362 0.395252571200001 0.367065832300122 0.112614737816859
  1 11 10 0 12 0.0664795009322914 0.241292910382461 0.434571095949866 0.169921309545431 0.0877351831899494
  1 12 10 0 26 0.0423347180392212 0.223021444970849 0.632968284762965 0.0766064871236568 0.0250690651033083
  1 13 10 0 34 0.0835092189514585 0.106127528680158 0.583717303336557 0.209020820877702 0.0176251281541246
  1 14 10 0 25 0.0207645109958586 0.632511919669613 0.183566355722146 0.138191797781919 0.0249654158304635
  1 15 10 0 17 0.149945028824099 0.0960201283911115 0.53848242114866 0.175041572496976 0.0405108491391534
  1 16 10 0 20 0.224895883812245 0.222507423769512 0.293671254272265 0.238809848653206 0.0201155894927729
  1 17 10 0 35 0.0888039954060162 0.301711983121053 0.429340594847587 0.170465951058828 0.00967747556651546
  1 18 10 0 23 0.0329886520324369 0.148966530305744 0.532621824945329 0.260233418202632 0.0251895745138585
  1 19 10 0 21 0.0181468432894369 0.0445754837464489 0.416325154964252 0.469860672930263 0.0510918450695992
  1 20 10 0 29 0.0230792381703862 0.166676765667486 0.28689725122866 0.40614262807743 0.117204116856039
  1 21 10 0 35 0.029721534407998 0.134476088512035 0.592483819906332 0.206115754495971 0.0372028026776634
  1 22 10 0 34 0.00502436888267121 0.159796235113753 0.473936207868507 0.304156947380851 0.0570862407542174
  1 23 10 0 28 0.0120383328193784 0.0568945459060786 0.318622049172465 0.459673649989792 0.152771422112286
  1 24 10 0 27 0.00502900291102696 0.0921973241880537 0.377050346805474 0.358865183208594 0.166858142886851
  1 25 10 0 28 0.0406147248772965 0.125287073265238 0.527282209335459 0.268258884988724 0.0385571075332813
  1 26 10 0 27 0.0179521170625429 0.0633384367324312 0.417200030724222 0.387599871788563 0.113909543692241
  1 27 10 0 27 0.0112356634761819 0.0726803907878916 0.546122463499658 0.310106836254773 0.0598546459814953
  1 28 10 0 33 0.199377700931847 0.0529688402093422 0.434466655176464 0.281324611177794 0.031862192504553
  1 29 10 0 43 0.0910513177286012 0.295323251696155 0.436341134612373 0.158321517505282 0.018962778457589
  1 30 10 0 37 0.00920578916448598 0.0930648832521495 0.620354801461244 0.257693737119861 0.019680789002259
  1 31 10 0 33 0.00297540564455682 0.023029711350338 0.548420951834198 0.405422070221473 0.0201518609494341
  1 32 10 0 40 0.00429747374895763 0.0389504276447915 0.388434949052161 0.512241919474369 0.056075230079721
  1 33 10 0 38 0.00839408002174329 0.0496307981198901 0.551635911123283 0.363099951260238 0.0272392594748453
  1 34 10 0 28 0.0114450359892981 0.0482595248817376 0.496089930151976 0.421732056269864 0.0224734527071247
  1 35 10 0 29 0.00795442238733485 0.0700917595924367 0.380524290293428 0.473540417210652 0.0678891105161484
  1 36 10 0 38 0.0223496527847818 0.136295720933561 0.500395023794611 0.305147017089962 0.0358125853970845
  1 37 10 0 24 0.0711980209614139 0.101556880215857 0.489804982031642 0.265996102720797 0.0714440140702901
  1 38 10 0 21 0.0254823553210866 0.0122709224504265 0.48744370003699 0.410843018095277 0.0639600040962196
  1 39 10 0 28 0.0738047831621451 0.13405678056861 0.453561362743439 0.313715309147212 0.0248617643785938
  1 40 10 0 13 0.359998220907308 0.303539216461375 0.27228455552885 0.0516078012671994 0.012570205835268
  1 41 10 0 16 0.1810902679086 0.144511509870233 0.424484225675084 0.221659445324231 0.0282545512218513
  1 42 10 0 31 0.0669561592796988 0.505938261713513 0.261977078875299 0.129233031437811 0.035895468693678
  2 1 1 0 58 0.348831333516598 0.158018003235599 0.361284056524605 0.0839309990223945 0.0479356077008031
  2 2 1 0 83 0.222309385224054 0.261340869313203 0.30824806527117 0.164542739609501 0.0435589405820731
  2 3 1 0 63 0.221874672205122 0.29261437042381 0.248704743410606 0.201760124330356 0.0350460896301055
  2 4 1 0 56 0.306906607462417 0.223455033734271 0.303038315954083 0.119606146919971 0.0469938959292578
  2 5 1 0 55 0.0398840818184166 0.168354102748745 0.536875274198243 0.200228827265471 0.0546577139691236
  2 6 1 0 45 0.0660771723366131 0.389492404814842 0.381831286895026 0.117210936301493 0.0453881996520257
  2 7 1 0 46 0.157570071205801 0.10206902791977 0.402611358798154 0.281478926760603 0.056270615315671
  2 8 1 0 56 0.12701293512851 0.351126970988104 0.270260528421764 0.190458944073204 0.0611406213884177
  2 9 1 0 51 0.256676574558835 0.131361557844863 0.319195016741284 0.221763319097971 0.0710035317570468
  2 10 1 0 44 0.0310952350108135 0.48536863057068 0.200878961130042 0.233156608645177 0.0495005646432871
  2 11 1 0 49 0.180401023150218 0.242088681045785 0.466588839343678 0.0856993213701944 0.0252221350901246
  2 12 1 0 50 0.129963436101815 0.260367924477873 0.389363089448164 0.163520662019536 0.0567848879526117
  2 13 1 0 48 0.0724415576865335 0.457684196951708 0.315722097546653 0.119164847164434 0.034987300650671
  2 14 1 0 52 0.314578660340773 0.158835881588248 0.33222883167047 0.165808281112047 0.0285483452884625
  2 15 1 0 31 0.0989789661546565 0.570473506247712 0.213850650034497 0.0772323337583683 0.0394645438047666
  2 16 1 0 38 0.120455899509594 0.327874165122219 0.422203955357955 0.0916761070128963 0.0377898729973366
  2 17 1 0 26 0.320651823869283 0.325388846252352 0.311760137842591 0.0342695705816187 0.00792962145415581
  2 18 1 0 33 0.207215967598755 0.264117711352187 0.320784065502599 0.153643665577864 0.0542385899685953
  2 19 1 0 31 0.0423011379634044 0.297984141746668 0.48780075199869 0.152799017598935 0.0191149506923017
  2 20 1 0 38 0.36418380775836 0.230289153818917 0.261387888308593 0.135129332219781 0.0090098178943483
  2 21 1 0 30 0.0521657604357563 0.338280359113847 0.389571500277188 0.185728661800337 0.0342537183728713
  2 22 1 0 35 0.146618414735713 0.312286541474954 0.398585161562501 0.129939466899803 0.0125704153270281
  2 23 1 0 35 0.107609157639976 0.320367490908816 0.452183833712627 0.109579223657271 0.0102602940813106
  2 24 1 0 26 0.110232319493807 0.439084333783547 0.31554068979744 0.121506949505473 0.0136357074197328
  2 25 1 0 32 0.0635773301199796 0.309386294969848 0.516864282399704 0.110172092510468 0
  2 26 1 0 26 0.0671829735199898 0.188882138423743 0.629866189582522 0.114068698473745 0
  2 27 1 0 37 0.210266104290788 0.0775773127080953 0.517647558957302 0.18633623917017 0.00817278487364433
  2 28 1 0 35 0.293248273045598 0.145449521503935 0.413175034587737 0.127082280176967 0.0210448906857634
  2 29 1 0 33 0.119957434331615 0.450812046727713 0.278329743393772 0.143213433537003 0.00768734200989571
  2 30 1 0 45 0.0950007778732027 0.484936555642417 0.37079019037715 0.0492724761072303 0
  2 31 1 0 34 0.453419127767911 0.233922125667673 0.26209991467934 0.0505588318850758 0
  2 32 1 0 36 0.575381353067918 0.16823083747195 0.210107297268833 0.0454638123688471 0.000816699822451596
  2 33 1 0 42 0.202136998447053 0.313515534620426 0.383420203450635 0.100927263481887 0
  2 34 1 0 34 0.391001498924942 0.299415412204214 0.284322482023902 0.0252606068469413 0
  2 35 1 0 35 0.222326769107954 0.391622591532014 0.336987287882599 0.0490633514774331 0
  2 36 1 0 28 0.0648075163036734 0.760735080288509 0.169699991850714 0.00475741155710312 0
  2 37 1 0 22 0.139409490774243 0.613240534433833 0.217078284728295 0.0246555775059219 0.00561611255770642
  2 38 1 0 32 0.446996112643345 0.247738427058803 0.286353348713926 0.0189121115839254 0
  2 39 1 0 27 0.0723836592120679 0.717890057646718 0.186293665017357 0.0206179098680806 0.00281470825577679
  2 40 1 0 39 0.0626171678955669 0.337728781783233 0.459696703979322 0.129780167718147 0.0101771786237313
  2 41 1 0 20 0.19091525241712 0.457471184061577 0.276500043882593 0.0612888920054416 0.0138246276332675
  2 42 1 0 30 0.125168341407999 0.613990647700026 0.253039453074431 0.00780155781754354 0
  2 1 2 0 16 0.0505120469714983 0.697955152299731 0.212597124774263 0.0389356759545074 0
  2 2 2 0 20 0.0397727806679195 0.0407006384470071 0.592960928235429 0.326565652649644 0
  2 3 2 0 34 0.0140793360966705 0.131725219912047 0.794961156026515 0.0592342879647681 0
  2 4 2 0 15 0.00497885883667007 0.0157530765366677 0.78518667907476 0.194081385551902 0
  2 5 2 0 4 0 0.43957317555519 0.463732458681436 0.0966943657633738 0
  2 6 2 0 7 0 0.0577999574818852 0.813642892231226 0.128557150286888 0
  2 7 2 0 18 0.0414833069472024 0.282460549151582 0.594921883515983 0.0811342603852324 0
  2 8 2 0 22 0.242534016516627 0.520732003253681 0.203230787993434 0.0335031922362569 0
  2 9 2 0 21 0.0620434031746797 0.557758610067531 0.346121550435867 0.0340764363219223 0
  2 10 2 0 11 0.0926676046888775 0.138806636156852 0.713617814951086 0.0549079442031845 0
  2 11 2 0 7 0.121306181408964 0.0760170049050401 0.667947582560069 0.134729231125927 0
  2 12 2 0 19 0.910605409856605 0.0428425584896007 0.0279312189922766 0.0186208126615178 0
  2 13 2 0 32 0.311187832551107 0.200132185569962 0.151013373898297 0.337666607980634 0
  2 14 2 0 34 0.366575694995924 0.387702021236316 0.1787551237794 0.0669671599883595 0
  2 15 2 0 27 0.267928885485755 0.370559908927458 0.337743849960955 0.0237673556258325 0
  2 16 2 0 42 0.0520868093719909 0.0263391796330516 0.651719879398934 0.269056657937909 0.000797473658114993
  2 17 2 0 34 0.199098092219816 0.0187361153120038 0.705335190570469 0.0768306018977105 0
  2 18 2 0 28 0.04274569108496 0.519844160809411 0.347169940442871 0.0902402076627586 0
  2 19 2 0 26 0.430174910858266 0.20424535854507 0.301051000721553 0.0645287298751112 0
  2 20 2 0 32 0.234164346696186 0.359115635806301 0.372216035422795 0.0345039820747179 0
  2 21 2 0 37 0.122400513590472 0.576179748243509 0.283226744174013 0.0181929939920061 0
  2 22 2 0 38 0.0621188435109505 0.191103870214832 0.729210933168074 0.0175663531061435 0
  2 23 2 0 41 0.64287824929936 0.123046059301993 0.221420097541335 0.0126555938573121 0
  2 24 2 0 33 0.00860124702479988 0.690952946591777 0.289161297189486 0.0112845091939372 0
  2 25 2 0 45 0.810257822012964 0.014380075295747 0.161528879633741 0.0138332230575482 0
  2 26 2 0 28 0.244285749882277 0.18511587282811 0.488401692610451 0.082196684679161 0
  2 27 2 0 47 0.779009665152704 0.1675120402819 0.0394718242549084 0.0140064703104879 0
  2 28 2 0 22 0.445896226459216 0.384114956808711 0.0978540187430198 0.0721347979890529 0
  2 29 2 0 40 0.489974819779462 0.297895416250601 0.131308073322771 0.0808216906471668 0
  2 30 2 0 28 0.278331425100305 0.0724215483453217 0.481106415895696 0.168140610658677 0
  2 31 2 0 32 0.863496481965939 0.100395401532075 0.0265668608695437 0.00954125563244181 0
  2 32 2 0 40 0.175924786522403 0.253998597750503 0.449982047589977 0.120094568137117 0
  2 33 2 0 43 0.955415494475223 0.0367424812702845 0.00728632092085036 0.000555703333642438 0
  2 34 2 0 46 0.558659386503995 0.431265437188081 0.00983954437789908 0.000235631930024934 0
  2 35 2 0 60 0.226740541293836 0.439893687660404 0.331304786169615 0.0020609848761445 0
  2 36 2 0 49 0.707754793088773 0.226065871060176 0.0660640337998235 0.000115302051228078 0
  2 37 2 0 32 0.137894448649991 0.495865511299581 0.365627113000588 0.000612927049839345 0
  2 38 2 0 30 0.00716727231814037 0.287566842237908 0.701665939946237 0.00359994549771437 0
  2 39 2 0 29 0.00603442958416071 0.230068652677791 0.742289516684772 0.0216074010532765 0
  2 40 2 0 31 0.455452673304695 0.0503116237404767 0.429767255210149 0.0644684477446796 0
  2 41 2 0 14 0.0172135952779725 0.126913334448665 0.802453301069086 0.053419769204277 0
  2 42 2 0 19 0.0136737780906867 0.122707396663516 0.594291401734974 0.269327423510823 0
  2 2 3 0 3 0 0 0 0.944444444444444 0.0555555555555556
  2 3 3 0 3 0 0 0.0676911792480005 0 0.932308820751999
  2 4 3 0 7 0 0 0 0.135899701385649 0.864100298614351
  2 5 3 0 1 1 0 0 0 0
  2 6 3 0 14 0.458547023489934 0.145577905964762 0.395875070545304 0 0
  2 8 3 0 10 0.0474721680367963 0.00735135847137639 0.909575128470155 0.0356013450216721 0
  2 9 3 0 6 0.359645100607875 0.0918569817405072 0.548497917651617 0 0
  2 10 3 0 2 0 0 0 0.142857142857143 0.857142857142857
  2 12 3 0 1 0 0 0 1 0
  2 14 3 0 9 0.980759690184499 0.019240309815501 0 0 0
  2 15 3 0 5 0.810798643590456 0 0 0.189201356409544 0
  2 16 3 0 9 0 0.0187600311026673 0.00938001555133367 0.638827309585204 0.333032643760795
  2 17 3 0 9 0 0.0873562935150878 0.379059239046679 0.351864977335422 0.181719490102811
  2 18 3 0 13 0.923495991491359 0.0473101664933161 0.0097312806717748 0.0194625613435496 0
  2 19 3 0 14 0.525787424856675 0.354390904673651 0.0201723212185807 0.0865758315819179 0.0130735176691753
  2 20 3 0 19 0.929180197011809 0.017806637400473 0.0247765151469283 0.0237698550047176 0.00446679543607247
  2 21 3 0 20 0.853514789129991 0.02133535697786 0.0598413346918428 0.0495118189210222 0.015796700279284
  2 22 3 0 23 0.934384289737952 0.0550244686053423 0.00661927567177997 0.0037114556348468 0.000260510350079176
  2 23 3 0 26 0.894716150836014 0.0271112009859168 0.0762379861973349 0.00193466198073429 0
  2 24 3 0 28 0.278008922988178 0.580777429701175 0.135971885963203 0.00480115420309922 0.000440607144344841
  2 25 3 0 20 0.183349103450387 0.612254889800755 0.204396006748858 0 0
  2 26 3 0 7 0.150454413921299 0.753623507689779 0.0799350653241013 0.0159870130648203 0
  2 27 3 0 5 1 0 0 0 0
  2 29 3 0 6 1 0 0 0 0
  2 30 3 0 14 0.0735172100976456 0.546959897713528 0.327729372904738 0.051793519284088 0
  2 31 3 0 7 0.78234224826388 0.101959391070661 0.115698360665459 0 0
  2 32 3 0 20 0.0679692498261376 0.0408820971457287 0.861213474075286 0.0283493105245383 0.00158586842830971
  2 33 3 0 18 0.423428808510893 0.211321375613028 0.349096004686003 0.0133301023934363 0.0028237087966405
  2 34 3 0 15 0.0832141550856432 0.052827743387287 0.595872775941911 0.268085325585159 0
  2 35 3 0 28 0.944355619640833 0.0347839397396872 0.0172664894410789 0.00359395117840117 0
  2 36 3 0 25 0.28425596290596 0.516983654912525 0.195975692523562 0.00278468965795397 0
  2 37 3 0 19 0.143638708488454 0.335893383324202 0.504062426221453 0.0164054819658921 0
  2 38 3 0 33 0.922314743748484 0.0246746974152448 0.0474120373108305 0.00559852152544075 0
  2 39 3 0 32 0.197568169080737 0.216409827438605 0.565421397421565 0.0206006060590926 0
  2 40 3 0 34 0.249463044825361 0.714450958560994 0.0336904386952413 0.00239555791840396 0
  2 41 3 0 20 0.737175013773177 0.15620977097806 0.0878365410636387 0.0187786741851239 0
  2 42 3 0 27 0.62030233553082 0.365206190841903 0.014038138910276 0.000453334717001104 0
  2 1 4 0 4 0.173764258314377 0 0.494680333719651 0.218982656639124 0.112572751326847
  2 2 4 0 11 0.0772087335702442 0 0.182752964797477 0.182752964797477 0.557285336834801
  2 3 4 0 6 0.355780054632183 0.38653196722069 0.257687978147127 0 0
  2 4 4 0 19 0.25736045965708 0.216404517607119 0.272626873062518 0.16547096215521 0.0881371875180729
  2 5 4 0 8 0.366405049360426 0 0.114531744195243 0.113602167684079 0.405461038760253
  2 6 4 0 6 0 0.233529831615166 0.329546506047891 0.287215568938666 0.149708093398277
  2 7 4 0 4 0 0 0.607666736421251 0.275089276198767 0.117243987379981
  2 8 4 0 1 0 0 1 0 0
  2 9 4 0 6 0 0.23007134965011 0.424040708259656 0.274609806086679 0.0712781360035557
  2 10 4 0 8 0.312856724291548 0 0.205361450615517 0.435069889359236 0.0467119357336995
  2 11 4 0 3 0 0.429631073411638 0.32672394669219 0.243644979896172 0
  2 12 4 0 1 0 0 1 0 0
  2 13 4 0 5 0.0818660160693322 0 0.546130476295681 0.18570578409054 0.186297723544447
  2 14 4 0 1 0 1 0 0 0
  2 15 4 0 1 1 0 0 0 0
  2 16 4 0 4 0.470071456694597 0.529928543305403 0 0 0
  2 17 4 0 6 0.137397962361525 0.515272343567493 0.209931731709458 0 0.137397962361525
  2 18 4 0 5 0.34335197099608 0.254810465240631 0.191163456875643 0.210674106887646 0
  2 19 4 0 4 0 0.230641665848133 0.538716668303734 0.230641665848133 0
  2 20 4 0 2 0 0.365843243838062 0.365843243838062 0.268313512323876 0
  2 21 4 0 4 0.760326107179791 0.239673892820209 0 0 0
  2 22 4 0 6 0.505102929369542 0.21214846290097 0.203157259127984 0.0795913486015033 0
  2 23 4 0 6 0.458488671604938 0.220517812322525 0.180121017503533 0 0.140872498569004
  2 24 4 0 9 0.753191407343766 0.246808592656234 0 0 0
  2 25 4 0 4 0.133883204956009 0.624094318707853 0.19902302800655 0.0429994483295872 0
  2 26 4 0 5 0.131567085135636 0.0919589152069963 0.599343494433634 0.177130505223733 0
  2 27 4 0 3 0 0.742736237590368 0 0.257263762409632 0
  2 28 4 0 7 0.186158575761629 0.153913582988128 0.580157809499757 0.079770031750485 0
  2 29 4 0 6 0.243770255136257 0.194164182517859 0.392312601187234 0 0.16975296115865
  2 30 4 0 5 0.165837175981208 0.0424093886228384 0.791753435395954 0 0
  2 31 4 0 2 0.550415476248933 0.449584523751067 0 0 0
  2 32 4 0 9 0.191426815912536 0.0598307735666052 0.558681940786031 0.190060469734828 0
  2 33 4 0 7 0.219160226460238 0.326251675739596 0.118372805710442 0.164408912233072 0.171806379856653
  2 34 4 0 11 0.288186934288338 0.334164778242552 0.225967545908889 0.113147320572081 0.0385334209881396
  2 35 4 0 16 0.290784571260175 0.446205547258277 0.158878611728037 0.0822613391919163 0.0218699305615958
  2 36 4 0 17 0.110518635523384 0.232317338191805 0.503248832462863 0.137695119911751 0.0162200739101969
  2 37 4 0 20 0.168224936927249 0.21023419436193 0.265441645874594 0.356099222836226 0
  2 38 4 0 10 0.144294872756219 0.023621110256946 0.519178897188081 0.26604633235692 0.0468587874418342
  2 39 4 0 47 0.424569160892667 0.382378947824411 0.166328660197934 0.0228916780422201 0.00383155304276781
  2 40 4 0 24 0.0461947746083488 0.613341500875153 0.303368921246452 0.0370948032700453 0
  2 41 4 0 26 0.00730527277760122 0.177840645490016 0.65350118607925 0.148379108261324 0.012973787391809
  2 42 4 0 24 0.378086476139533 0.318854281412806 0.147172560049462 0.151154268818458 0.00473241357974143
  2 1 5 0 47 0.0067761657949115 0.0879975003114577 0.752260163792542 0.130323074060668 0.0226430960404205
  2 2 5 0 69 0.86094037054371 0.0060330283719253 0.10463782824071 0.0258691098311875 0.00251966301246707
  2 3 5 0 48 0.0847142567724595 0.749821291683262 0.0667101700654848 0.0782409957337289 0.0205132857450653
  2 4 5 0 42 0.101981808916782 0.16690836070226 0.629059892964332 0.0871157593519541 0.0149341780646722
  2 5 5 0 35 0.0800455212926667 0.195250918438374 0.502135822175683 0.165012690995227 0.0575550470980503
  2 6 5 0 40 0.109053176934628 0.103507879671037 0.249825790084528 0.385152996733833 0.152460156575975
  2 7 5 0 35 0.404987991495474 0.111487691007743 0.200464196943074 0.205981300096109 0.077078820457599
  2 8 5 0 35 0.0373582687394223 0.55377725154327 0.139438760456683 0.193489323890762 0.0759363953698623
  2 9 5 0 25 0.43322530495561 0.0865132229903493 0.316047821475813 0.126095869895905 0.0381177806823225
  2 10 5 0 21 0.0220276610015094 0.668237493858701 0.14694379239312 0.12312865266571 0.0396624000809603
  2 11 5 0 25 0.458748950264769 0.117929597750356 0.23147178014198 0.120651829129616 0.0711978427132788
  2 12 5 0 26 0.0175371057903454 0.69197380271716 0.154578707750976 0.102497022179293 0.0334133615622249
  2 13 5 0 22 0.109934152891625 0.336938290021436 0.482913832445398 0.061264764126472 0.00894896051506978
  2 14 5 0 20 0.133420956931977 0.232344366234295 0.528480258577238 0.0899190232288934 0.0158353950275966
  2 15 5 0 21 0.338337185730529 0.132590524596523 0.306113536171127 0.200052501437166 0.0229062520646545
  2 16 5 0 19 0.409342085564299 0.238247742078379 0.120140836125397 0.215945532775313 0.0163238034566123
  2 17 5 0 18 0.158872754469494 0.550745046065609 0.212140276398867 0.0686983355005163 0.00954358756551374
  2 18 5 0 12 0.0900524654161671 0.34076255248109 0.47763659267135 0.0676384349227916 0.0239099545086007
  2 19 5 0 21 0.047863306286643 0.353979446804405 0.450249120879536 0.145945276887898 0.00196284914151793
  2 20 5 0 27 0.145903381394449 0.0904176813724756 0.498745081093078 0.241792479089315 0.0231413770506838
  2 21 5 0 24 0.0721097661591255 0.59262596928439 0.234363241718474 0.0927391408716263 0.00816188196638429
  2 22 5 0 28 0.504702330125287 0.1334712467861 0.265945543922788 0.0905317835888122 0.00534909557701284
  2 23 5 0 17 0.121052638741325 0.366998485796594 0.243601117361955 0.22505110323106 0.0432966548690671
  2 24 5 0 32 0.706373604267311 0.0895308802646354 0.173321092242701 0.0250097138010249 0.00576470942432765
  2 25 5 0 27 0.0830085719578989 0.730245840575173 0.124196047050146 0.0504329947895652 0.0121165456272171
  2 26 5 0 25 0.0110412493306982 0.395667111202272 0.454909627787808 0.111881437114487 0.0265005745647338
  2 27 5 0 36 0.809037553140762 0.0161279112891569 0.159686225918075 0.0146812030646599 0.000467106587346715
  2 28 5 0 40 0.841591686403781 0.0802453653515942 0.0599490392253245 0.0177533743967834 0.000460534622517393
  2 29 5 0 35 0.268048833350778 0.610654207321644 0.106434224282737 0.0148627350448406 0
  2 30 5 0 40 0.0750717978667205 0.77100734738324 0.149951762279563 0.00371502397817669 0.000254068492299419
  2 31 5 0 35 0.0717025833775472 0.265272954976917 0.65080267088849 0.0113534466538665 0.00086834410317873
  2 32 5 0 34 0.129095122487277 0.172348503827111 0.661576059594663 0.0369803140909491 0
  2 33 5 0 44 0.0323780972046985 0.0986009642799615 0.809291245152725 0.0592603188105363 0.00046937455207873
  2 34 5 0 46 0.935093786155115 0.0140413951068933 0.0464426371968606 0.00442218154113097 0
  2 35 5 0 42 0.861386595629275 0.108595592668078 0.0284476630019512 0.00157014870069604 0
  2 36 5 0 40 0.155521356200081 0.817315276674827 0.0260384742356519 0.00112489288943977 0
  2 37 5 0 50 0.931110828711003 0.0610854418891638 0.00777517337612287 2.85560237100567e-05 0
  2 38 5 0 56 0.922320988579133 0.0640170028776214 0.0135619142460847 0.000100094297160841 0
  2 39 5 0 51 0.396907710868367 0.580117683189974 0.0227391110471363 0.000235494894522216 0
  2 40 5 0 58 0.272492908032449 0.698526557284923 0.0287394523871973 0.000241082295430585 0
  2 41 5 0 32 0.346932380080111 0.636366094969811 0.0165581285609414 0.000143396389136827 0
  2 42 5 0 49 0.0324529094916017 0.846838209314306 0.120154717746692 0.000554163447400336 0
  2 1 6 0 26 0.0297494324881013 0.122419664323964 0.825269207835932 0.0204247194110649 0.0021369759409376
  2 2 6 0 43 0.622491769521582 0.0781995869548419 0.26478569326567 0.0335640092812818 0.000958940976624547
  2 3 6 0 36 0.0496576839848653 0.634854067748372 0.287599158149066 0.0261845276311666 0.00170456248652925
  2 4 6 0 36 0.193024318185084 0.1668862973007 0.601000105875743 0.0364202856700647 0.00266899296840831
  2 5 6 0 17 0.0887679798522936 0.295745428429016 0.595930759425471 0.0195558322932185 0
  2 6 6 0 32 0.338683020288968 0.505127262488287 0.145644674053717 0.0105450431690281 0
  2 7 6 0 29 0.311540428336552 0.517895863550673 0.16595643823692 0.00376647211240812 0.000840797763446393
  2 8 6 0 28 0.365249021351223 0.301704550594622 0.314491470249404 0.0173039917237776 0.00125096608097372
  2 9 6 0 42 0.303866688668772 0.415696626588145 0.278496159519114 0.00194052522396924 0
  2 10 6 0 32 0.00406612092110669 0.775953727481436 0.216796134272716 0.00318401732474068 0
  2 11 6 0 16 0.0151962390796617 0.776842362919637 0.20246231487202 0.00549908312868158 0
  2 12 6 0 21 0.372385071946723 0.346411517580422 0.280208056970851 0.00099535350200399 0
  2 13 6 0 15 0.00823155651621518 0.912533680706694 0.0709073430836637 0.00832741969342694 0
  2 14 6 0 32 0.274677842487929 0.430421236366263 0.289301064271309 0.00559985687449886 0
  2 15 6 0 20 0.63677979792693 0.30448351682188 0.0587366852511897 0 0
  2 16 6 0 28 0.111989048907728 0.836829982099557 0.0506444694344844 0.00053649955822985 0
  2 17 6 0 27 0.00326325272750134 0.906041947356628 0.0894155878132913 0.00127921210257964 0
  2 18 6 0 24 0.526303067899977 0.400239924702634 0.0734570073973892 0 0
  2 19 6 0 21 0.00253063781413851 0.944852358050561 0.0525072720480893 0.000109732087211476 0
  2 20 6 0 14 0.188550599520688 0.511634352068194 0.287279986455949 0.0125350619551694 0
  2 21 6 0 18 0.738132132526123 0.240264686930835 0.0197457407958201 0.00185743974722212 0
  2 22 6 0 31 0.359369543528713 0.61781527352826 0.019723062676537 0.00309212026648924 0
  2 23 6 0 35 0.324387371413988 0.601464094061664 0.0735244878227839 0.000624046701563436 0
  2 24 6 0 33 0.176543095318424 0.68044308364389 0.13631305881826 0.00407033966057804 0.00263042255884729
  2 25 6 0 31 0.236050936938624 0.681973417211964 0.0819756458494125 0 0
  2 26 6 0 22 0.543904089970151 0.362069816971964 0.0919561627528185 0.00206993030506627 0
  2 27 6 0 20 0.829427046170316 0.152239022465624 0.0183339313640598 0 0
  2 28 6 0 18 0.0350413726755954 0.881443386333484 0.0792750702152067 0.00424017077571426 0
  2 29 6 0 24 0.264968086483158 0.638393823232119 0.096638090284723 0 0
  2 30 6 0 20 0.533646016765852 0.284824262426142 0.179159295965829 0.0023704248421768 0
  2 31 6 0 23 0.0805552039744786 0.890397217508856 0.0278147545506203 0.00123282396604479 0
  2 32 6 0 50 0.051170530163065 0.787225524251302 0.16089618686933 0.000707758716302895 0
  2 33 6 0 49 0.856913719481736 0.0914279664469911 0.0512662088405191 0.000392105230753446 0
  2 34 6 0 57 0.41909723804052 0.542686049849047 0.0376237795153618 0.00059293259507084 0
  2 35 6 0 69 0.66735239054608 0.305747038540184 0.026620460054689 0.000280110859046976 0
  2 36 6 0 67 0.136509522531779 0.826098128403172 0.0367213591073688 0.000605752518659326 6.52374390212127e-05
  2 37 6 0 59 0.744378906137159 0.203709435376861 0.0510912912082859 0.000820367277693991 0
  2 38 6 0 64 0.0395615810220439 0.732873141092206 0.224995702461746 0.00256957542400446 0
  2 39 6 0 66 0.66035201274296 0.154196114801784 0.181546243001487 0.00310306226100751 0.000802567192760892
  2 40 6 0 57 0.26729766719898 0.590911568434301 0.140899765400494 0.00071693755070113 0.000174061415523865
  2 41 6 0 43 0.79281348721097 0.171300792592923 0.0353103703380491 0.00057534985805697 0
  2 42 6 0 64 0.707393838363758 0.270994130652853 0.0213552503313192 0.000179809120872848 7.69715311959491e-05
  2 1 7 0 44 0.241635163316819 0.254108687074818 0.268973218266804 0.212492332216074 0.0227905991254849
  2 2 7 0 75 0.419095181501807 0.177617867338436 0.128376419226683 0.174189327648314 0.10072120428476
  2 3 7 0 66 0.373994187497051 0.384487948195879 0.0783119553385851 0.123935147175181 0.039270761793303
  2 4 7 0 54 0.539796744782191 0.201340473509592 0.10365812117214 0.107476423868323 0.0477282366677539
  2 5 7 0 31 0.354948996270379 0.4078574001202 0.0568232492945412 0.0643039332628676 0.116066421052012
  2 6 7 0 24 0.892453555871297 0.0416841531424601 0.0306302067670386 0.0318315180115552 0.00340056620764921
  2 7 7 0 20 0.0746472656807483 0.180275542689057 0.380706709311302 0.323090833620605 0.0412796486982877
  2 8 7 0 25 0.576448551304697 0.168104961140665 0.163249681444277 0.0820242775251551 0.0101725285852057
  2 9 7 0 44 0.437537199183218 0.270391139814168 0.111753902763205 0.0919859668380732 0.0883317914013348
  2 10 7 0 36 0.522400135707608 0.240047619345845 0.114268136370129 0.090014894194506 0.033269214381912
  2 11 7 0 22 0.113747359071077 0.401788193040478 0.322177439401066 0.150456645887151 0.011830362600227
  2 12 7 0 21 0.600235964809689 0.345435776824254 0.0344736167476646 0.0136715878939635 0.00618305372442942
  2 13 7 0 26 0.0172448895360382 0.127134943654722 0.454087652712757 0.383566576401477 0.0179659376950054
  2 14 7 0 35 0.470737278610683 0.231727295885606 0.135256942820355 0.130178876959368 0.0320996057239882
  2 15 7 0 21 0.475163197776064 0.112785678456881 0.19692015008803 0.199577077586683 0.0155538960923425
  2 16 7 0 30 0.213169953941557 0.175144894791507 0.381660641616641 0.205535281388103 0.0244892282621917
  2 17 7 0 40 0.715655253765867 0.171186431851954 0.0538858154042329 0.0526053603714264 0.00666713860651943
  2 18 7 0 42 0.211685488295651 0.112723961627696 0.312784169304365 0.318294306289642 0.0445120744826459
  2 19 7 0 46 0.0541557906996449 0.113729034707149 0.44959196431473 0.373198772884688 0.00932443739378796
  2 20 7 0 37 0.0135445402572797 0.0638678194395354 0.587704014985006 0.330542688663707 0.00434093665447167
  2 21 7 0 44 0.0085434199818085 0.0559022257159834 0.53410871735661 0.394764749448343 0.00668088749725445
  2 22 7 0 42 0.00899817770771567 0.0453044289290226 0.618761191595766 0.323723903773369 0.00321229799412667
  2 23 7 0 35 0.00902872981758612 0.117692949682814 0.4578195589094 0.391469759191163 0.0239890023990361
  2 24 7 0 26 0 0.0133735479316354 0.658218642158863 0.321418106711519 0.00698970319798281
  2 25 7 0 19 0.00315708284242733 0.0283641742174453 0.698947882059446 0.262833708137808 0.00669715274287403
  2 26 7 0 29 0.0189403714613419 0.0134682728972335 0.632476719916875 0.327897632044215 0.00721700368033457
  2 27 7 0 10 0 0.012253997034909 0.373307579520604 0.589930429374669 0.0245079940698179
  2 28 7 0 20 0.0605393734056418 0.0035907254757698 0.398837493836696 0.528835374495677 0.00819703278621513
  2 29 7 0 25 0.460872395306523 0.0634177233853047 0.16676410471817 0.289966190468327 0.018979586121675
  2 30 7 0 18 0.0428193527551914 0 0.252984016490202 0.652480541853492 0.0517160889011151
  2 31 7 0 24 0.370173845022495 0 0.228362618686228 0.401463536291277 0
  2 32 7 0 21 0.748487833121156 0.0839622529994933 0.0596304020773892 0.107919511801961 0
  2 33 7 0 10 0.769969854732878 0.0122129921349177 0.0399488746949831 0.177868278437221 0
  2 34 7 0 12 0.951122955705147 0.0448015549349074 0.00178970173836058 0.00228578762158526 0
  2 35 7 0 29 0.914407119612219 0.00781633343538191 0.0444820540905935 0.0332944928618055 0
  2 36 7 0 17 0.966188713839469 0.0234628480114753 0.0103484381490558 0 0
  2 37 7 0 39 0.0273824333405526 0.326001591882012 0.37609055799423 0.269207505551546 0.0013179112316594
  2 38 7 0 9 0.962202553850805 0.0342025071183198 0.00179746951543755 0.00179746951543755 0
  2 39 7 0 50 0.119554681197153 0.495450124058036 0.176282795209666 0.185684468595176 0.023027930939969
  2 40 7 0 15 0.667551859017846 0.0282322214696809 0.282243295286912 0.0219726242255604 0
  2 41 7 0 7 0.0106036934578645 0.611798297856467 0.361331794026472 0.0162662146591965 0
  2 42 7 0 9 0 0.22313617152286 0.495106895033907 0.281756933443233 0
  2 1 8 0 29 0.130363956961899 0.233698656184907 0.424830357705225 0.189338503937345 0.0217685252106239
  2 2 8 0 43 0.0646542778860912 0.173254971887688 0.32978757921206 0.320540933743295 0.111762237270866
  2 3 8 0 38 0.134012637287663 0.459271331105463 0.213098691530903 0.163404618946513 0.0302127211294592
  2 4 8 0 29 0.129523386704854 0.47125210765687 0.272218110354523 0.105033625154026 0.0219727701297269
  2 5 8 0 31 0.162306078555302 0.265911766612555 0.407049080153728 0.141313218095854 0.0234198565825604
  2 6 8 0 33 0.0423304538962946 0.289244529494632 0.399226074660756 0.225894769927805 0.0433041720205124
  2 7 8 0 26 0.0393029860321886 0.194138366752058 0.46778988844626 0.240392548761942 0.0583762100075516
  2 8 8 0 24 0.152684886264037 0.351461209429063 0.296570933220938 0.17605513936198 0.0232278317239828
  2 9 8 0 28 0.15764648761395 0.534914627608209 0.217182237037083 0.079009276105483 0.0112473716352746
  2 10 8 0 28 0.231325519413287 0.525875474928785 0.163739434394485 0.0674013476575023 0.0116582236059409
  2 11 8 0 33 0.121047876331476 0.487759726798749 0.331807809686763 0.0556767617530498 0.00370782542996146
  2 12 8 0 30 0.146735447056013 0.399833285245965 0.333582662619667 0.119848605078355 0
  2 13 8 0 21 0.0971867730287197 0.473688856928601 0.354681790713059 0.0611159024708393 0.0133266768587811
  2 14 8 0 27 0.187358450394572 0.361752939209072 0.348794826500075 0.0819257437391718 0.0201680401571106
  2 15 8 0 25 0.210156295959716 0.545679762231519 0.124562941052152 0.10216535137211 0.0174356493845026
  2 16 8 0 23 0.367519398544347 0.289962536886825 0.262577375278093 0.0416255565210518 0.0383151327696838
  2 17 8 0 20 0.27248439031163 0.513378550792931 0.171961099275983 0.0356086392862782 0.00656732033317715
  2 18 8 0 28 0.162198755135986 0.331587109845907 0.425911863832886 0.0803022711852209 0
  2 19 8 0 25 0.188279020090713 0.45180287424117 0.249769271112856 0.0915923365207384 0.0185564980345225
  2 20 8 0 19 0.0775629709573059 0.272545389936635 0.54127034840855 0.0759485042397923 0.0326727864577167
  2 21 8 0 27 0.111223148131937 0.223778771059943 0.489510832310149 0.156904188036427 0.0185830604615448
  2 22 8 0 30 0.106926227771659 0.202405445183369 0.297383018371865 0.358559255783765 0.0347260528893414
  2 23 8 0 35 0.0765564526574129 0.223501073803454 0.425367056403998 0.257280182137485 0.0172952349976496
  2 24 8 0 29 0.0945101157734381 0.249817901886337 0.398738841742762 0.232868191055736 0.0240649495417271
  2 25 8 0 34 0.0477754086719684 0.0947228099734492 0.365601013403715 0.419454434088279 0.0724463338625878
  2 26 8 0 20 0.0877257491404477 0.0668011073040057 0.309329170972489 0.484955648367787 0.0511883242152708
  2 27 8 0 22 0.108734103687996 0.126800040082567 0.290586715858941 0.40685598439592 0.0670231559745756
  2 28 8 0 19 0.201042150939781 0.256032310343789 0.238181671921726 0.285638869967261 0.0191049968274434
  2 29 8 0 22 0.19398363563648 0.213125359220316 0.345676593611503 0.221881517543649 0.0253328939880507
  2 30 8 0 27 0.184644281706366 0.353933247969117 0.18633633206357 0.230383059703861 0.0447030785570863
  2 31 8 0 31 0.160680819690225 0.185089838169255 0.354422309499726 0.293514359921916 0.00629267271887745
  2 32 8 0 33 0.330260311958265 0.373631080607674 0.24278864045867 0.0388986464871546 0.0144213204882362
  2 33 8 0 36 0.220055236725407 0.398670483935254 0.288773822488233 0.0823134427780406 0.0101870140730652
  2 34 8 0 30 0.189706299777169 0.329490660638594 0.380134834473469 0.0934711974725726 0.00719700763819558
  2 35 8 0 45 0.159942585983472 0.256172062134182 0.414797569861724 0.160991564728411 0.00809621729221072
  2 36 8 0 39 0.149922263214087 0.239639874657761 0.408869610489809 0.196436664456202 0.0051315871821406
  2 37 8 0 26 0.0893483738237037 0.220459291940378 0.481634112147418 0.206114550048694 0.0024436720398065
  2 38 8 0 35 0.174455472595448 0.263037045890564 0.337595744799406 0.203927445454506 0.020984291260077
  2 39 8 0 26 0.275490091087827 0.360593287380151 0.231419934475546 0.116169379102086 0.0163273079543897
  2 40 8 0 36 0.436052919100656 0.206106158787548 0.131775505710367 0.208186292284926 0.017879124116503
  2 41 8 0 14 0.206800591139473 0.50542324226189 0.212156822331066 0.0665277011697191 0.00909164309785129
  2 42 8 0 27 0.200716743909085 0.304462391858694 0.276822355835326 0.158177222820668 0.0598212855762264
  2 1 9 0 34 0 0.0151390610492851 0.138814322682805 0.433129335368253 0.412917280899658
  2 2 9 0 47 0.155262359814341 0.0686579545899835 0.0667765863657656 0.371867578596458 0.337435520633452
  2 3 9 0 35 0.0546120184642323 0.0932155223522055 0.157268223277197 0.259104011867522 0.435800224038843
  2 4 9 0 40 0.335655196635885 0.268114382700457 0.0754553209935442 0.121010324355088 0.199764775315027
  2 5 9 0 52 0.292315116909044 0.171746168144319 0.144013119861859 0.138416024155691 0.253509570929087
  2 6 9 0 53 0.193882714356136 0.153307482460307 0.145563936461641 0.212481646403484 0.294764220318433
  2 7 9 0 45 0.27197710544196 0.103522335404017 0.121075616406406 0.234686985286895 0.268737957460722
  2 8 9 0 44 0.336144608441183 0.212571978031134 0.112207995468344 0.141814164151047 0.197261253908292
  2 9 9 0 51 0.251184186434411 0.25949878944807 0.099116365130583 0.142203706543367 0.247996952443568
  2 10 9 0 51 0.260644574697223 0.222254420702494 0.164093652787854 0.119569804678125 0.233437547134304
  2 11 9 0 51 0.588490295919315 0.15406652825983 0.071471651430446 0.0672665711107412 0.118704953279668
  2 12 9 0 50 0.171451883021773 0.292296008896207 0.204534992598629 0.158531380123788 0.173185735359603
  2 13 9 0 48 0.534007684246446 0.219618115346278 0.0699840460499074 0.0692100955622266 0.107180058795142
  2 14 9 0 42 0.262977619382367 0.227522967102506 0.149239935815721 0.169903075408991 0.190356402290414
  2 15 9 0 42 0.370597126032111 0.407895305436566 0.100547338862415 0.0582071203039552 0.0627531093649532
  2 16 9 0 43 0.448730359789414 0.356391993837033 0.100199616463326 0.0394566099949111 0.0552214199153167
  2 17 9 0 37 0.50732161994067 0.358137982228113 0.0858653173004454 0.0253785655082316 0.0232965150225398
  2 18 9 0 37 0.272779786774197 0.506767626659967 0.143877424946263 0.028924583695791 0.0476505779237824
  2 19 9 0 39 0.232330328379027 0.531012819078559 0.18723554477876 0.0371154429982323 0.0123058647654211
  2 20 9 0 26 0.173668795143639 0.469678048771309 0.248731376992602 0.0832500564467977 0.0246717226456517
  2 21 9 0 32 0.177044132701861 0.404307939783905 0.273429681009375 0.107211384364808 0.0380068621400514
  2 22 9 0 37 0.176948144398746 0.311112611528478 0.342720596654388 0.132608727748913 0.0366099196694755
  2 23 9 0 41 0.100838521444054 0.165485225562782 0.440744747926748 0.244435254037427 0.0484962510289888
  2 24 9 0 35 0.51493020270659 0.201177500592977 0.0999056706672736 0.138746885345224 0.0452397406879355
  2 25 9 0 29 0.216760939838371 0.307055487871309 0.188459566266845 0.24420854535887 0.0435154606646045
  2 26 9 0 33 0.314154983501165 0.356767759194242 0.16616329598167 0.13405166415128 0.0288622971716428
  2 27 9 0 32 0.176532166218263 0.380419330316727 0.195291317802408 0.183957949380436 0.0637992362821662
  2 28 9 0 31 0.472550737111645 0.331441214893925 0.112654210332514 0.0660461925147806 0.0173076451471352
  2 29 9 0 35 0.574204623279586 0.194337458085399 0.140915139520223 0.0743072200577817 0.0162355590570102
  2 30 9 0 37 0.0959921431362872 0.291672467754105 0.158030295435771 0.194464156165802 0.259840937508036
  2 31 9 0 29 0.0802994402047528 0.407831016335215 0.310571895771577 0.139673647988892 0.061623999699564
  2 32 9 0 64 0.276692137391745 0.210269445892324 0.245968216015686 0.185386542743495 0.0816836579567492
  2 33 9 0 56 0.394154626688989 0.237152716479485 0.177590277201224 0.135670229537131 0.0554321500931703
  2 34 9 0 60 0.342291589898201 0.141547817825805 0.179425715902522 0.219793082354726 0.116941794018746
  2 35 9 0 62 0.535467042046856 0.20895733609891 0.112214241179943 0.0978928764500904 0.0454685042242009
  2 36 9 0 64 0.662668070250018 0.257449540319373 0.040699570786625 0.0281262331269644 0.0110565855170202
  2 37 9 0 46 0.531637077335662 0.403991275197237 0.0412442896948297 0.0187465577529899 0.00438080001928059
  2 38 9 0 64 0.260791522706216 0.460620020721974 0.206457590589854 0.0595798158148887 0.0125510501670668
  2 39 9 0 53 0.0977289604269696 0.327173269130063 0.419986670736163 0.141798538986425 0.0133125607203795
  2 40 9 0 55 0.0269100808060981 0.0814237200818888 0.393102081757566 0.433187478967724 0.0653766383867233
  2 41 9 0 41 0.0520506188576136 0.0703388929431826 0.301820546257252 0.470334688699368 0.105455253242584
  2 42 9 0 66 0.403676490524978 0.052400078243404 0.186950682650718 0.294019006923329 0.062953741657571
  2 1 10 0 41 0.287470746234636 0.162982291521057 0.272587071130291 0.196323960968617 0.0806359301453994
  2 2 10 0 63 0.13527382835688 0.231026342271867 0.409664237169652 0.157715906374798 0.0663196858268032
  2 3 10 0 57 0.0241536711487514 0.190507788466213 0.394282543413111 0.361813577637962 0.0292424193339619
  2 4 10 0 37 0.0487603947515192 0.218299272789341 0.371101843448905 0.30841221018013 0.053426278830104
  2 5 10 0 43 0.00913916466120133 0.256382969976471 0.452095429309161 0.230915351164211 0.0514670848889548
  2 6 10 0 50 0.0072688535257559 0.0856710259917622 0.518142393228368 0.324193153055459 0.0647245741986544
  2 7 10 0 30 0.0152438249805812 0.0522276606248962 0.389671676660677 0.443822933407265 0.0990339043265805
  2 8 10 0 34 0.0611705935495088 0.105740226445408 0.605052611482535 0.213716255742767 0.0143203127797818
  2 9 10 0 30 0.0164067353372075 0.200053506882205 0.605200151070308 0.113946610985815 0.0643929957244655
  2 10 10 0 22 0.031729795324146 0.0102652282138773 0.468899500723142 0.272256533760344 0.21684894197849
  2 11 10 0 26 0.161415813367812 0.109343407494827 0.314996703470685 0.350937210017993 0.0633068656486828
  2 12 10 0 29 0.023135329464899 0.160271357558058 0.442052587362805 0.311193351871374 0.0633473737428645
  2 13 10 0 31 0 0.0653950758176788 0.73351292840178 0.187921553532984 0.0131704422475569
  2 14 10 0 30 0.136509594371326 0.0367174815898546 0.448174513091888 0.333396934682046 0.0452014762648862
  2 15 10 0 35 0.0072093899451893 0.189748312433164 0.662413246679194 0.104301576195727 0.0363274747467256
  2 16 10 0 23 0.0487976027634678 0.0910907838905065 0.464575628539422 0.395535984806604 0
  2 17 10 0 28 0.0714276101859569 0.366614731590303 0.409270951006485 0.137152861440359 0.0155338457768964
  2 18 10 0 27 0.0101045627351256 0.137108657070479 0.716294019510243 0.128956212710974 0.00753654797317715
  2 19 10 0 32 0.00645550709325891 0.0526327734522655 0.56592922208313 0.36085178990557 0.0141307074657756
  2 20 10 0 28 0.00456712653775638 0.0905246084618682 0.385866944763364 0.471069975687739 0.0479713445492723
  2 21 10 0 35 0.00468706583761283 0.181491157428657 0.449049754717405 0.273585434518311 0.091186587498015
  2 22 10 0 33 0.0086340789892615 0.0594907554819494 0.477991367292165 0.36973481507741 0.0841489831592143
  2 23 10 0 41 0.00996104575185163 0.0971262138330914 0.532492919070901 0.306343048957836 0.0540767723863201
  2 24 10 0 33 0.000898402247594747 0.0704112551729478 0.486659069749397 0.378108261973447 0.0639230108566139
  2 25 10 0 34 0.0144536760038894 0.0170722845877355 0.453154275289871 0.407392803045817 0.107926961072687
  2 26 10 0 29 0.0137660935639209 0.0324619051051906 0.495737860308544 0.335426114375536 0.122608026646809
  2 27 10 0 22 0.0172531980272751 0.111394716861374 0.318177189224145 0.425189485993572 0.127985409893634
  2 28 10 0 24 0.0318165064678171 0.0532732033741153 0.55581043551769 0.334368249641701 0.0247316049986773
  2 29 10 0 36 0.0914015014791871 0.0781638015079337 0.51114798924149 0.285115230634127 0.0341714771372623
  2 30 10 0 50 0.0121099334693586 0.225674578659046 0.499756451835148 0.235304393992897 0.0271546420435501
  2 31 10 0 37 0.00272232481067195 0.0670964573789696 0.613545818297128 0.294044451387729 0.0225909481255017
  2 32 10 0 46 0.0386587938242878 0.014192328514732 0.490387520979843 0.421621282103509 0.0351400745776289
  2 33 10 0 50 0.00454010861809744 0.0289459374613288 0.486368361829876 0.449032730438014 0.0311128616526842
  2 34 10 0 46 0.0140492413896772 0.0787220129632996 0.484704322874898 0.408647450616666 0.0138769721554596
  2 35 10 0 48 0.0263691174681019 0.0240719381007482 0.529401348037259 0.395455947537389 0.024701648856502
  2 36 10 0 53 0.0851151292211412 0.066595530292864 0.578940676435762 0.232305057147499 0.037043606902733
  2 37 10 0 33 0.0303315266069275 0.134500169108003 0.486152612412043 0.283897786924033 0.0651179049489933
  2 38 10 0 41 0.0366793388157134 0.0838448228520017 0.496069737115189 0.321917418107693 0.0614886831094024
  2 39 10 0 28 0.103451115885459 0.262032879544245 0.349193380091018 0.246593155654926 0.038729468824352
  2 40 10 0 29 0.0902219414414882 0.0537922377411201 0.417064066940323 0.375728348065566 0.0631934058115025
  2 41 10 0 10 0.418902966513068 0.310816539127463 0.187897938423171 0.0823825559362989 0
  2 42 10 0 27 0.530914772382521 0.138735127695644 0.103699796675778 0.156644864158312 0.0700054390877455
# end survey length observations 
#  
# Fishery catch data 
# Number of observations, init_int Ncatch_obs
  1260
# init_matrix obs_catch_biomass(1,Ncatch_obs,1,6) 
# Fleet	Area	Year	Species	Catch(biomass t)	CV 
  1 1 1 1 13872.5408644496 0.05
  1 1 2 1 13811.2359351299 0.05
  1 1 3 1 17988.2609645254 0.05
  1 1 4 1 13374.4141060929 0.05
  1 1 5 1 20041.8314804284 0.05
  1 1 6 1 15933.3511129839 0.05
  1 1 7 1 9713.11683578362 0.05
  1 1 8 1 18617.2532765696 0.05
  1 1 9 1 13021.106497395 0.05
  1 1 10 1 13046.4127680837 0.05
  1 1 11 1 17798.0774469464 0.05
  1 1 12 1 13319.3946753413 0.05
  1 1 13 1 18925.6925804616 0.05
  1 1 14 1 15543.3333087794 0.05
  1 1 15 1 10790.921469832 0.05
  1 1 16 1 10077.2467611003 0.05
  1 1 17 1 3755.95046763561 0.05
  1 1 18 1 1932.03314524007 0.05
  1 1 19 1 2267.85181754115 0.05
  1 1 20 1 2291.74081036561 0.05
  1 1 21 1 2104.3596068497 0.05
  1 1 22 1 2484.69944997501 0.05
  1 1 23 1 2363.54041550247 0.05
  1 1 24 1 4073.7910831532 0.05
  1 1 25 1 3698.38793906858 0.05
  1 1 26 1 5672.88174074342 0.05
  1 1 27 1 1758.78390441688 0.05
  1 1 28 1 1578.89223716481 0.05
  1 1 29 1 1415.2426562658 0.05
  1 1 30 1 2443.09845901436 0.05
  1 1 31 1 3711.79577587782 0.05
  1 1 32 1 2954.29048440559 0.05
  1 1 33 1 1516.32572488893 0.05
  1 1 34 1 1848.65658543888 0.05
  1 1 35 1 1097.44017249704 0.05
  1 1 36 1 608.140495709276 0.05
  1 1 37 1 794.946485081561 0.05
  1 1 38 1 632.78624384986 0.05
  1 1 39 1 621.477526164022 0.05
  1 1 40 1 476.022675683609 0.05
  1 1 41 1 446.715925616962 0.05
  1 1 42 1 328.691718503468 0.05
  1 1 1 2 973.175854211525 0.05
  1 1 2 2 605.518824614444 0.05
  1 1 3 2 951.541132729327 0.05
  1 1 4 2 771.870957470542 0.05
  1 1 5 2 1258.29530275694 0.05
  1 1 6 2 1168.29455272725 0.05
  1 1 7 2 729.535234506216 0.05
  1 1 8 2 856.097625900739 0.05
  1 1 9 2 872.883185824852 0.05
  1 1 10 2 813.637241142819 0.05
  1 1 11 2 1036.0425031074 0.05
  1 1 12 2 929.476076088409 0.05
  1 1 13 2 2861.10383605432 0.05
  1 1 14 2 1669.92918431254 0.05
  1 1 15 2 903.98670067942 0.05
  1 1 16 2 2298.51735217041 0.05
  1 1 17 2 1990.87157144049 0.05
  1 1 18 2 24.1001439913126 0.05
  1 1 19 2 377.609465718238 0.05
  1 1 20 2 974.444036819905 0.05
  1 1 21 2 1602.26231800986 0.05
  1 1 22 2 10794.0923007747 0.05
  1 1 23 2 329.372837158196 0.05
  1 1 24 2 925.301066924249 0.05
  1 1 25 2 53.7450975539451 0.05
  1 1 26 2 118.433001415817 0.05
  1 1 27 2 196.596902314187 0.05
  1 1 28 2 24.4590317991869 0.05
  1 1 29 2 199.959636982912 0.05
  1 1 30 2 165.503236619008 0.05
  1 1 31 2 73.2134109801839 0.05
  1 1 32 2 350.890076901189 0.05
  1 1 33 2 105.007525882701 0.05
  1 1 34 2 223.106698185091 0.05
  1 1 35 2 351.988207828337 0.05
  1 1 36 2 272.318119831845 0.05
  1 1 37 2 109.54984820546 0.05
  1 1 38 2 164.308598419185 0.05
  1 1 39 2 43.9250164363796 0.05
  1 1 40 2 57.3918397427285 0.05
  1 1 41 2 210.031969559684 0.05
  1 1 42 2 143.869582622069 0.05
  1 1 1 3 220.076003631722 0.05
  1 1 2 3 181.054277861485 0.05
  1 1 3 3 260.108186941193 0.05
  1 1 4 3 222.928332280281 0.05
  1 1 5 3 2738.08730554268 0.05
  1 1 6 3 3302.65229756153 0.05
  1 1 7 3 2473.07185160611 0.05
  1 1 8 3 2189.18570074193 0.05
  1 1 9 3 2898.53992975344 0.05
  1 1 10 3 1886.87824268668 0.05
  1 1 11 3 3111.79215942913 0.05
  1 1 12 3 480.197409820787 0.05
  1 1 13 3 2684.93124453572 0.05
  1 1 14 3 1230.00725491024 0.05
  1 1 15 3 1155.13226865907 0.05
  1 1 16 3 923.658718713663 0.05
  1 1 17 3 17304.1179826268 0.05
  1 1 18 3 1230.74619891574 0.05
  1 1 19 3 442.103657034453 0.05
  1 1 20 3 236.616959235204 0.05
  1 1 21 3 146.405345819125 0.05
  1 1 22 3 2025.44473721414 0.05
  1 1 23 3 792.236867191532 0.05
  1 1 24 3 88.9447803933035 0.05
  1 1 25 3 369.649853222632 0.05
  1 1 26 3 231.804412795257 0.05
  1 1 27 3 37.6691886364886 0.05
  1 1 28 3 26.4568905823119 0.05
  1 1 29 3 18.1514797414969 0.05
  1 1 30 3 130.065341171941 0.05
  1 1 31 3 170.931106739831 0.05
  1 1 32 3 153.824186066239 0.05
  1 1 33 3 86.4016417442401 0.05
  1 1 34 3 66.7865349852727 0.05
  1 1 35 3 36.2669447241183 0.05
  1 1 36 3 43.7711504453386 0.05
  1 1 37 3 189.623115174202 0.05
  1 1 38 3 476.687173780767 0.05
  1 1 39 3 38.1342587678558 0.05
  1 1 40 3 77.3094142915938 0.05
  1 1 41 3 74.1044359422084 0.05
  1 1 42 3 130.347159369173 0.05
  1 1 1 4 2020.12777088166 0.05
  1 1 2 4 1919.08478319866 0.05
  1 1 3 4 1694.10346444151 0.05
  1 1 4 4 1644.39161882745 0.05
  1 1 5 4 1670.28486723618 0.05
  1 1 6 4 1214.7175110052 0.05
  1 1 7 4 1313.961695468 0.05
  1 1 8 4 2367.06709211651 0.05
  1 1 9 4 2226.50153847474 0.05
  1 1 10 4 2421.65949619545 0.05
  1 1 11 4 3470.13521358255 0.05
  1 1 12 4 5236.3287094632 0.05
  1 1 13 4 5397.16507546313 0.05
  1 1 14 4 3497.5901426412 0.05
  1 1 15 4 4283.65644118196 0.05
  1 1 16 4 5767.08985093723 0.05
  1 1 17 4 3579.45118492513 0.05
  1 1 18 4 3940.49753748346 0.05
  1 1 19 4 3725.00883402358 0.05
  1 1 20 4 4038.55127809387 0.05
  1 1 21 4 3525.12816564639 0.05
  1 1 22 4 4091.28556550373 0.05
  1 1 23 4 3387.52568426692 0.05
  1 1 24 4 3158.86140717441 0.05
  1 1 25 4 3231.14769393647 0.05
  1 1 26 4 3741.20076239129 0.05
  1 1 27 4 2703.90186841843 0.05
  1 1 28 4 3362.31704331061 0.05
  1 1 29 4 3291.11261336477 0.05
  1 1 30 4 1824.43942802915 0.05
  1 1 31 4 1438.63349521882 0.05
  1 1 32 4 1064.76936480692 0.05
  1 1 33 4 759.66324327278 0.05
  1 1 34 4 1005.36462938325 0.05
  1 1 35 4 1600.93683169498 0.05
  1 1 36 4 887.493389530621 0.05
  1 1 37 4 995.903452367395 0.05
  1 1 38 4 1028.47412729022 0.05
  1 1 39 4 1374.79343129532 0.05
  1 1 40 4 1688.32025718486 0.05
  1 1 41 4 1246.51222858802 0.05
  1 1 42 4 959.636546780826 0.05
  1 1 1 5 11021.4193958559 0.05
  1 1 2 5 8235.27370333901 0.05
  1 1 3 5 13130.0932134027 0.05
  1 1 4 5 9312.24317310604 0.05
  1 1 5 5 7164.56685260844 0.05
  1 1 6 5 4733.98521212341 0.05
  1 1 7 5 3041.28080939088 0.05
  1 1 8 5 5556.73333157278 0.05
  1 1 9 5 5244.41090187749 0.05
  1 1 10 5 4430.28602746491 0.05
  1 1 11 5 6212.29393490875 0.05
  1 1 12 5 2137.68806377723 0.05
  1 1 13 5 2990.63276714803 0.05
  1 1 14 5 3070.24835865372 0.05
  1 1 15 5 2863.61961367686 0.05
  1 1 16 5 1585.4908412995 0.05
  1 1 17 5 12144.6186343696 0.05
  1 1 18 5 773.269827768342 0.05
  1 1 19 5 718.278533044176 0.05
  1 1 20 5 835.402197814466 0.05
  1 1 21 5 2140.91658244254 0.05
  1 1 22 5 2047.66234114916 0.05
  1 1 23 5 2821.26573716159 0.05
  1 1 24 5 3962.81714095986 0.05
  1 1 25 5 5200.43470140794 0.05
  1 1 26 5 8564.1238100342 0.05
  1 1 27 5 8891.04185765345 0.05
  1 1 28 5 7594.86405275527 0.05
  1 1 29 5 4691.71828899534 0.05
  1 1 30 5 6383.74063254682 0.05
  1 1 31 5 6204.6272238346 0.05
  1 1 32 5 6058.04551065799 0.05
  1 1 33 5 12659.0406216396 0.05
  1 1 34 5 9134.89070100722 0.05
  1 1 35 5 2958.99150573005 0.05
  1 1 36 5 968.93222165961 0.05
  1 1 37 5 11730.6544823064 0.05
  1 1 38 5 12688.1433206049 0.05
  1 1 39 5 12296.2383047804 0.05
  1 1 40 5 11321.7688632606 0.05
  1 1 41 5 11272.4518793255 0.05
  1 1 42 5 2313.54168411635 0.05
  1 1 1 6 12061.9284424548 0.05
  1 1 2 6 3702.27080899474 0.05
  1 1 3 6 4430.41998590778 0.05
  1 1 4 6 4007.99235052209 0.05
  1 1 5 6 7775.49808691917 0.05
  1 1 6 6 6834.04358741393 0.05
  1 1 7 6 5299.46569470361 0.05
  1 1 8 6 5350.91495587523 0.05
  1 1 9 6 5803.55628577954 0.05
  1 1 10 6 5677.69009706049 0.05
  1 1 11 6 8120.43629412337 0.05
  1 1 12 6 9680.19995924136 0.05
  1 1 13 6 7922.44988858662 0.05
  1 1 14 6 7596.47644682036 0.05
  1 1 15 6 6641.45879362475 0.05
  1 1 16 6 18176.5019294898 0.05
  1 1 17 6 17083.3599914468 0.05
  1 1 18 6 2727.93795493634 0.05
  1 1 19 6 4664.21092925253 0.05
  1 1 20 6 5693.47615389785 0.05
  1 1 21 6 9665.96460446425 0.05
  1 1 22 6 6245.52135442314 0.05
  1 1 23 6 11830.142250925 0.05
  1 1 24 6 4238.08455410781 0.05
  1 1 25 6 2167.68797504535 0.05
  1 1 26 6 5376.95589581846 0.05
  1 1 27 6 3792.58411810801 0.05
  1 1 28 6 3553.41029503464 0.05
  1 1 29 6 2045.06772288123 0.05
  1 1 30 6 2050.44446373344 0.05
  1 1 31 6 4365.05239878516 0.05
  1 1 32 6 3567.40471797316 0.05
  1 1 33 6 3735.84329125483 0.05
  1 1 34 6 4072.01566087527 0.05
  1 1 35 6 2890.93364224719 0.05
  1 1 36 6 3391.42667568621 0.05
  1 1 37 6 3676.41748533669 0.05
  1 1 38 6 2904.82849148142 0.05
  1 1 39 6 2832.02559910269 0.05
  1 1 40 6 2280.70533183721 0.05
  1 1 41 6 2056.91648746375 0.05
  1 1 42 6 1928.20732127965 0.05
  1 1 1 7 3572.41588124863 0.05
  1 1 2 7 2920.18325147377 0.05
  1 1 3 7 3924.73458689697 0.05
  1 1 4 7 3169.93093936283 0.05
  1 1 5 7 5245.74431652359 0.05
  1 1 6 7 5432.40113541821 0.05
  1 1 7 7 3798.5948218503 0.05
  1 1 8 7 4202.66658063248 0.05
  1 1 9 7 4109.86416500071 0.05
  1 1 10 7 3578.42256051879 0.05
  1 1 11 7 4672.39552505135 0.05
  1 1 12 7 2679.56158658683 0.05
  1 1 13 7 5248.69158552821 0.05
  1 1 14 7 3772.33203019329 0.05
  1 1 15 7 3847.24373208857 0.05
  1 1 16 7 4056.44324877167 0.05
  1 1 17 7 10855.7612564438 0.05
  1 1 18 7 3025.49641898003 0.05
  1 1 19 7 4825.03423945436 0.05
  1 1 20 7 4667.59316613903 0.05
  1 1 21 7 2204.85149790641 0.05
  1 1 22 7 1820.89566795929 0.05
  1 1 23 7 978.651068849919 0.05
  1 1 24 7 3249.10214852181 0.05
  1 1 25 7 967.323986229359 0.05
  1 1 26 7 1187.40550472206 0.05
  1 1 27 7 523.842585910577 0.05
  1 1 28 7 434.123252689345 0.05
  1 1 29 7 582.135139227805 0.05
  1 1 30 7 1522.87666678432 0.05
  1 1 31 7 934.320689161762 0.05
  1 1 32 7 774.765491191691 0.05
  1 1 33 7 1142.67602612251 0.05
  1 1 34 7 1679.34203935121 0.05
  1 1 35 7 1998.25472523402 0.05
  1 1 36 7 1773.60130554175 0.05
  1 1 37 7 2372.21498711948 0.05
  1 1 38 7 2158.6819038424 0.05
  1 1 39 7 1528.25881246536 0.05
  1 1 40 7 940.992804808355 0.05
  1 1 41 7 563.335015528132 0.05
  1 1 42 7 343.972177205989 0.05
  1 1 1 8 4608.14560043631 0.05
  1 1 2 8 4355.99968016845 0.05
  1 1 3 8 7631.73538916825 0.05
  1 1 4 8 7684.22362415288 0.05
  1 1 5 8 5788.57832537667 0.05
  1 1 6 8 5914.59034629798 0.05
  1 1 7 8 5430.94969244456 0.05
  1 1 8 8 4848.57459062621 0.05
  1 1 9 8 3840.54983580871 0.05
  1 1 10 8 4669.12137907863 0.05
  1 1 11 8 4497.07858746653 0.05
  1 1 12 8 3580.94400197797 0.05
  1 1 13 8 3915.22253877567 0.05
  1 1 14 8 4264.48718958913 0.05
  1 1 15 8 3423.14448887961 0.05
  1 1 16 8 4279.88086611078 0.05
  1 1 17 8 1911.77765984428 0.05
  1 1 18 8 2447.21520137795 0.05
  1 1 19 8 2719.02953675885 0.05
  1 1 20 8 3433.07069067367 0.05
  1 1 21 8 3056.52106037737 0.05
  1 1 22 8 2506.57170529786 0.05
  1 1 23 8 3067.9095244808 0.05
  1 1 24 8 5310.57229247547 0.05
  1 1 25 8 3521.75722033234 0.05
  1 1 26 8 4402.57481637461 0.05
  1 1 27 8 3144.60763239537 0.05
  1 1 28 8 2291.32872474211 0.05
  1 1 29 8 1351.59139012817 0.05
  1 1 30 8 1325.83240241962 0.05
  1 1 31 8 2378.01911071862 0.05
  1 1 32 8 2281.48750145057 0.05
  1 1 33 8 1529.53325238844 0.05
  1 1 34 8 1767.7603191797 0.05
  1 1 35 8 1795.49616796117 0.05
  1 1 36 8 1743.648592903 0.05
  1 1 37 8 1208.60454560461 0.05
  1 1 38 8 1026.69867298701 0.05
  1 1 39 8 630.971662238509 0.05
  1 1 40 8 557.181745101799 0.05
  1 1 41 8 485.234118545968 0.05
  1 1 42 8 310.340658356079 0.05
  1 1 1 9 14616.1944212333 0.05
  1 1 2 9 10634.807331251 0.05
  1 1 3 9 14775.8622200187 0.05
  1 1 4 9 12582.3590310541 0.05
  1 1 5 9 11343.1939658388 0.05
  1 1 6 9 9057.48140143833 0.05
  1 1 7 9 5378.89598735722 0.05
  1 1 8 9 9331.35605848521 0.05
  1 1 9 9 8293.60908115968 0.05
  1 1 10 9 8821.09108468341 0.05
  1 1 11 9 10021.4953536587 0.05
  1 1 12 9 3147.16409296334 0.05
  1 1 13 9 12812.6113183836 0.05
  1 1 14 9 12129.0564662363 0.05
  1 1 15 9 10516.0340184779 0.05
  1 1 16 9 9439.72584772107 0.05
  1 1 17 9 8528.12776369089 0.05
  1 1 18 9 4607.96084347521 0.05
  1 1 19 9 8539.96323736858 0.05
  1 1 20 9 2446.83992348986 0.05
  1 1 21 9 7438.89212622331 0.05
  1 1 22 9 7254.6801147814 0.05
  1 1 23 9 4517.43757219054 0.05
  1 1 24 9 29303.9558902934 0.05
  1 1 25 9 8405.7055002394 0.05
  1 1 26 9 28569.1788581965 0.05
  1 1 27 9 8493.66887023556 0.05
  1 1 28 9 6501.29498047194 0.05
  1 1 29 9 5110.88991206956 0.05
  1 1 30 9 10901.2793273759 0.05
  1 1 31 9 9922.26694889164 0.05
  1 1 32 9 18173.7277604115 0.05
  1 1 33 9 12159.2708035912 0.05
  1 1 34 9 9200.65918689954 0.05
  1 1 35 9 5921.90524910487 0.05
  1 1 36 9 1518.88263151603 0.05
  1 1 37 9 5078.01208806084 0.05
  1 1 38 9 8521.98623326232 0.05
  1 1 39 9 6336.17198057903 0.05
  1 1 40 9 7344.63089737497 0.05
  1 1 41 9 5745.2998976746 0.05
  1 1 42 9 1799.01924067437 0.05
  1 1 1 10 3891.8683014713 0.05
  1 1 2 10 4934.40593954711 0.05
  1 1 3 10 7182.99987426536 0.05
  1 1 4 10 5536.92455697432 0.05
  1 1 5 10 7271.74775806106 0.05
  1 1 6 10 8749.27146375218 0.05
  1 1 7 10 4111.97549632977 0.05
  1 1 8 10 3679.16204635693 0.05
  1 1 9 10 4367.56944015077 0.05
  1 1 10 10 3699.2666534251 0.05
  1 1 11 10 2692.61875389488 0.05
  1 1 12 10 2916.3714900262 0.05
  1 1 13 10 9291.36802903919 0.05
  1 1 14 10 4288.47714099548 0.05
  1 1 15 10 3297.84171076521 0.05
  1 1 16 10 2586.0488913602 0.05
  1 1 17 10 2797.53998790177 0.05
  1 1 18 10 952.539451896421 0.05
  1 1 19 10 1464.60211207322 0.05
  1 1 20 10 2107.71527031918 0.05
  1 1 21 10 3245.65209621033 0.05
  1 1 22 10 4025.75890959861 0.05
  1 1 23 10 6722.37204064701 0.05
  1 1 24 10 6224.80069676879 0.05
  1 1 25 10 4709.75741518546 0.05
  1 1 26 10 3388.28387994312 0.05
  1 1 27 10 5754.93386254386 0.05
  1 1 28 10 3129.17186249533 0.05
  1 1 29 10 1472.21419059014 0.05
  1 1 30 10 1574.68956365088 0.05
  1 1 31 10 1814.18700460571 0.05
  1 1 32 10 1978.13986241058 0.05
  1 1 33 10 1045.5238075749 0.05
  1 1 34 10 1107.50088615604 0.05
  1 1 35 10 714.705953230594 0.05
  1 1 36 10 238.365686513137 0.05
  1 1 37 10 187.12737144942 0.05
  1 1 38 10 126.55148493316 0.05
  1 1 39 10 52.316696729755 0.05
  1 1 40 10 61.14200603345 0.05
  1 1 41 10 45.5012144539467 0.05
  1 1 42 10 17.060257319555 0.05
  2 1 1 1 3167.48284090218 0.05
  2 1 2 1 4041.81793957804 0.05
  2 1 3 1 6012.84400532166 0.05
  2 1 4 1 6727.05365162287 0.05
  2 1 5 1 9110.78492750461 0.05
  2 1 6 1 7177.86969958262 0.05
  2 1 7 1 6112.31190486867 0.05
  2 1 8 1 5288.97486791017 0.05
  2 1 9 1 4538.34693150605 0.05
  2 1 10 1 7125.28089740632 0.05
  2 1 11 1 7977.72726730981 0.05
  2 1 12 1 7739.69327731006 0.05
  2 1 13 1 9456.39706312109 0.05
  2 1 14 1 9944.13207364407 0.05
  2 1 15 1 8852.79887704904 0.05
  2 1 16 1 5596.19994418283 0.05
  2 1 17 1 5928.92147624455 0.05
  2 1 18 1 2699.57450822819 0.05
  2 1 19 1 3377.43125970215 0.05
  2 1 20 1 4197.32083349092 0.05
  2 1 21 1 3323.9453517058 0.05
  2 1 22 1 3674.91246866229 0.05
  2 1 23 1 3360.76503902468 0.05
  2 1 24 1 3966.85274826904 0.05
  2 1 25 1 2910.38110460431 0.05
  2 1 26 1 2119.45394463248 0.05
  2 1 27 1 1328.28502776485 0.05
  2 1 28 1 681.883649777895 0.05
  2 1 29 1 1143.02443698054 0.05
  2 1 30 1 1363.32999704228 0.05
  2 1 31 1 1347.88766266719 0.05
  2 1 32 1 1142.54504498533 0.05
  2 1 33 1 841.349617271404 0.05
  2 1 34 1 640.305286656525 0.05
  2 1 35 1 306.118270835969 0.05
  2 1 36 1 78.843267834804 0.05
  2 1 37 1 320.591069980185 0.05
  2 1 38 1 410.464273279887 0.05
  2 1 39 1 261.452739729694 0.05
  2 1 40 1 149.945548555892 0.05
  2 1 41 1 272.409391845716 0.05
  2 1 42 1 45.7578925858164 0.05
  2 1 1 2 5.95497297112022 0.05
  2 1 2 2 36.4889062802718 0.05
  2 1 3 2 21.5706023292573 0.05
  2 1 4 2 7.81216300214713 0.05
  2 1 5 2 6.80815423389633 0.05
  2 1 6 2 2.16915031959411 0.05
  2 1 7 2 5.6933530526897 0.05
  2 1 8 2 1.98000888310611 0.05
  2 1 9 2 1.96257297463436 0.05
  2 1 10 2 2.93978104657115 0.05
  2 1 11 2 3.59144570937514 0.05
  2 1 12 2 2.0298798121027 0.05
  2 1 13 2 5.21216676866317 0.05
  2 1 14 2 2.96167795085094 0.05
  2 1 15 2 1.84061167562275 0.05
  2 1 16 2 1.71435314607536 0.05
  2 1 17 2 16.2757573110016 0.05
  2 1 18 2 0.578936073525401 0.05
  2 1 19 2 0.254079954497041 0.05
  2 1 20 2 25.7339533437999 0.05
  2 1 21 2 15.0084267721159 0.05
  2 1 22 2 6.21653734703977 0.05
  2 1 23 2 1.61558829878738 0.05
  2 1 24 2 7.18793123298192 0.05
  2 1 25 2 8.11935751797798 0.05
  2 1 26 2 0.592634612290699 0.05
  2 1 27 2 2.80088306361154 0.05
  2 1 28 2 0.0979549305386301 0.05
  2 1 29 2 0.0771105546845434 0.05
  2 1 30 2 0.0343070741955849 0.05
  2 1 31 2 0.0188660783272452 0.05
  2 1 32 2 0.0106297575692208 0.05
  2 1 33 2 0.102907615921844 0.05
  2 1 34 2 207.315285623592 0.05
  2 1 35 2 0.174903830297518 0.05
  2 1 36 2 0.135184644267991 0.05
  2 1 37 2 0.0925966738610345 0.05
  2 1 38 2 0.116129335795931 0.05
  2 1 39 2 1.83432777115393 0.05
  2 1 40 2 1.65281100470094 0.05
  2 1 41 2 50.7961093339921 0.05
  2 1 42 2 0.0348809755058259 0.05
  2 1 1 3 263.449789873597 0.05
  2 1 2 3 79.1930545420633 0.05
  2 1 3 3 95.0024212199971 0.05
  2 1 4 3 176.858346170376 0.05
  2 1 5 3 177.799005656921 0.05
  2 1 6 3 254.348911895481 0.05
  2 1 7 3 199.79528923352 0.05
  2 1 8 3 415.737999488172 0.05
  2 1 9 3 541.055762145015 0.05
  2 1 10 3 595.515948774518 0.05
  2 1 11 3 266.676208206838 0.05
  2 1 12 3 140.821384400868 0.05
  2 1 13 3 184.267070629421 0.05
  2 1 14 3 70.5505261008258 0.05
  2 1 15 3 79.5673330622941 0.05
  2 1 16 3 69.3003985505833 0.05
  2 1 17 3 39.4366102592993 0.05
  2 1 18 3 13.7483678069377 0.05
  2 1 19 3 137.822477301968 0.05
  2 1 20 3 471.966485405746 0.05
  2 1 21 3 286.053488774564 0.05
  2 1 22 3 279.284846375679 0.05
  2 1 23 3 162.089954343274 0.05
  2 1 24 3 105.378475856599 0.05
  2 1 25 3 80.9276548284812 0.05
  2 1 26 3 100.773810966867 0.05
  2 1 27 3 1932.31021713845 0.05
  2 1 28 3 11.9565800170942 0.05
  2 1 29 3 5.20917073781202 0.05
  2 1 30 3 104.373955469407 0.05
  2 1 31 3 0.967211786243557 0.05
  2 1 32 3 0.497273645748431 0.05
  2 1 33 3 0.369647012871671 0.05
  2 1 34 3 0.726714061001102 0.05
  2 1 35 3 0.517188577820155 0.05
  2 1 36 3 7.2723937681641 0.05
  2 1 37 3 30.6697695150538 0.05
  2 1 38 3 119.710536747364 0.05
  2 1 39 3 322.210121170475 0.05
  2 1 40 3 199.258542906328 0.05
  2 1 41 3 10.8644320197204 0.05
  2 1 42 3 128.477950188536 0.05
  2 1 1 4 22.5885685280528 0.05
  2 1 2 4 38.8318723810361 0.05
  2 1 3 4 72.317484514153 0.05
  2 1 4 4 77.1400045740316 0.05
  2 1 5 4 67.0530030291771 0.05
  2 1 6 4 51.0930042115984 0.05
  2 1 7 4 48.7028435608935 0.05
  2 1 8 4 42.0407456621295 0.05
  2 1 9 4 46.87242584842 0.05
  2 1 10 4 66.9690878981354 0.05
  2 1 11 4 72.4197326708699 0.05
  2 1 12 4 82.7785844852682 0.05
  2 1 13 4 46.0415388219327 0.05
  2 1 14 4 60.868173157247 0.05
  2 1 15 4 122.198857114751 0.05
  2 1 16 4 129.049106163131 0.05
  2 1 17 4 549.056798233625 0.05
  2 1 18 4 392.726496425855 0.05
  2 1 19 4 430.71878121505 0.05
  2 1 20 4 465.473866537847 0.05
  2 1 21 4 193.992541328572 0.05
  2 1 22 4 359.357358183445 0.05
  2 1 23 4 748.24313840317 0.05
  2 1 24 4 660.037241491922 0.05
  2 1 25 4 690.527874221517 0.05
  2 1 26 4 758.738489784358 0.05
  2 1 27 4 613.42570764895 0.05
  2 1 28 4 497.136304586054 0.05
  2 1 29 4 404.984338830702 0.05
  2 1 30 4 267.163435227129 0.05
  2 1 31 4 256.705028307012 0.05
  2 1 32 4 212.693311814327 0.05
  2 1 33 4 182.730549481813 0.05
  2 1 34 4 178.534177736948 0.05
  2 1 35 4 148.460413382341 0.05
  2 1 36 4 140.770617254409 0.05
  2 1 37 4 138.505082250502 0.05
  2 1 38 4 175.164264590236 0.05
  2 1 39 4 170.687143224337 0.05
  2 1 40 4 160.995681222205 0.05
  2 1 41 4 188.020552216059 0.05
  2 1 42 4 195.977681966184 0.05
  2 1 1 5 449.519962118151 0.05
  2 1 2 5 406.482779645485 0.05
  2 1 3 5 1040.61948937909 0.05
  2 1 4 5 1192.57564136572 0.05
  2 1 5 5 995.448993129458 0.05
  2 1 6 5 1005.9833104506 0.05
  2 1 7 5 759.657744785853 0.05
  2 1 8 5 789.030188072789 0.05
  2 1 9 5 861.793062911232 0.05
  2 1 10 5 1824.48510467255 0.05
  2 1 11 5 1570.48297774735 0.05
  2 1 12 5 1483.2005240948 0.05
  2 1 13 5 1532.18213788252 0.05
  2 1 14 5 2616.6503500735 0.05
  2 1 15 5 1940.72031974293 0.05
  2 1 16 5 2197.41431856453 0.05
  2 1 17 5 1877.66894000472 0.05
  2 1 18 5 1435.06073268597 0.05
  2 1 19 5 2727.18860159792 0.05
  2 1 20 5 1790.25246198668 0.05
  2 1 21 5 1995.33401326793 0.05
  2 1 22 5 1978.62875546082 0.05
  2 1 23 5 2848.28320792163 0.05
  2 1 24 5 3378.1399976319 0.05
  2 1 25 5 3086.63249386428 0.05
  2 1 26 5 264.708895292932 0.05
  2 1 27 5 4631.14892189241 0.05
  2 1 28 5 7024.04923555365 0.05
  2 1 29 5 6803.32273113346 0.05
  2 1 30 5 5936.84513628377 0.05
  2 1 31 5 535.796071197435 0.05
  2 1 32 5 565.342609495799 0.05
  2 1 33 5 6372.93230439233 0.05
  2 1 34 5 3558.56427972268 0.05
  2 1 35 5 2077.8431302942 0.05
  2 1 36 5 6.13740256721602 0.05
  2 1 37 5 1171.94769008639 0.05
  2 1 38 5 1344.80430589259 0.05
  2 1 39 5 57.0117475810049 0.05
  2 1 40 5 21.3051006877136 0.05
  2 1 41 5 51.360756510986 0.05
  2 1 42 5 10.9369686901116 0.05
  2 1 1 6 40.5530245984956 0.05
  2 1 2 6 17.3698168621138 0.05
  2 1 3 6 23.7737044552695 0.05
  2 1 4 6 34.5627821819028 0.05
  2 1 5 6 19.5622211373164 0.05
  2 1 6 6 15.1698409796897 0.05
  2 1 7 6 14.2474220615417 0.05
  2 1 8 6 18.0415011277415 0.05
  2 1 9 6 19.9836311509772 0.05
  2 1 10 6 27.4326770164755 0.05
  2 1 11 6 27.6849963267832 0.05
  2 1 12 6 56.1659381110205 0.05
  2 1 13 6 95.5588985484871 0.05
  2 1 14 6 69.1154540058955 0.05
  2 1 15 6 33.8924546826395 0.05
  2 1 16 6 110.018724723539 0.05
  2 1 17 6 40.6695334779337 0.05
  2 1 18 6 14.416900201246 0.05
  2 1 19 6 183.802247630053 0.05
  2 1 20 6 640.68667494007 0.05
  2 1 21 6 22.7062468441736 0.05
  2 1 22 6 15.0251579213875 0.05
  2 1 23 6 57.2355705260165 0.05
  2 1 24 6 13.4547082608617 0.05
  2 1 25 6 4.97663909048415 0.05
  2 1 26 6 4.80630724937759 0.05
  2 1 27 6 27.5008836471114 0.05
  2 1 28 6 30.0742301401483 0.05
  2 1 29 6 5.57319560789168 0.05
  2 1 30 6 0.873405994640164 0.05
  2 1 31 6 22.702535809732 0.05
  2 1 32 6 1.90069348852484 0.05
  2 1 33 6 3.67738190380034 0.05
  2 1 34 6 1.78032174538184 0.05
  2 1 35 6 3.93806512244702 0.05
  2 1 36 6 1.88368295262403 0.05
  2 1 37 6 5.60427254742975 0.05
  2 1 38 6 11.1903566424795 0.05
  2 1 39 6 7.47812730572712 0.05
  2 1 40 6 2.84247876551552 0.05
  2 1 41 6 0.757206177357608 0.05
  2 1 42 6 0.840857217006226 0.05
  2 1 1 7 2430.98114783805 0.05
  2 1 2 7 2078.22060018301 0.05
  2 1 3 7 3032.29649292618 0.05
  2 1 4 7 3676.87612175866 0.05
  2 1 5 7 3425.54602822502 0.05
  2 1 6 7 2939.47286898499 0.05
  2 1 7 7 2745.24591905984 0.05
  2 1 8 7 2508.14664221443 0.05
  2 1 9 7 2580.71484125327 0.05
  2 1 10 7 3440.67963167921 0.05
  2 1 11 7 3837.22975203385 0.05
  2 1 12 7 8564.7853349686 0.05
  2 1 13 7 11085.8224418254 0.05
  2 1 14 7 13226.9776387879 0.05
  2 1 15 7 6551.06718354239 0.05
  2 1 16 7 2508.83532674581 0.05
  2 1 17 7 4705.28984501833 0.05
  2 1 18 7 5460.17001170093 0.05
  2 1 19 7 4526.10194703266 0.05
  2 1 20 7 8932.18128401146 0.05
  2 1 21 7 3488.61897573611 0.05
  2 1 22 7 3402.68758050141 0.05
  2 1 23 7 8762.78310766277 0.05
  2 1 24 7 5567.10337177385 0.05
  2 1 25 7 6975.72180023982 0.05
  2 1 26 7 4539.76365085425 0.05
  2 1 27 7 3475.32219106528 0.05
  2 1 28 7 1523.97929234789 0.05
  2 1 29 7 5559.51373054318 0.05
  2 1 30 7 2313.38069116614 0.05
  2 1 31 7 1329.3613183383 0.05
  2 1 32 7 3286.36091511499 0.05
  2 1 33 7 1903.3732085442 0.05
  2 1 34 7 1926.27284159286 0.05
  2 1 35 7 2454.67169032085 0.05
  2 1 36 7 1561.96937381554 0.05
  2 1 37 7 2863.39797567167 0.05
  2 1 38 7 2534.82762425703 0.05
  2 1 39 7 4820.55587708099 0.05
  2 1 40 7 4137.87779157076 0.05
  2 1 41 7 3216.92197692741 0.05
  2 1 42 7 2522.0995496428 0.05
  2 1 1 8 3.35352725053665 0.05
  2 1 2 8 4.92192848020454 0.05
  2 1 3 8 7.83411812576414 0.05
  2 1 4 8 21.4730348240602 0.05
  2 1 5 8 11.6931059613245 0.05
  2 1 6 8 8.94072136193343 0.05
  2 1 7 8 6.48920459591491 0.05
  2 1 8 8 7.78739262311014 0.05
  2 1 9 8 8.24368272231923 0.05
  2 1 10 8 9.73177669362334 0.05
  2 1 11 8 12.0934404704391 0.05
  2 1 12 8 11.5137232321098 0.05
  2 1 13 8 16.7012447404171 0.05
  2 1 14 8 17.6738921931564 0.05
  2 1 15 8 17.2099702905365 0.05
  2 1 16 8 64.5517222481575 0.05
  2 1 17 8 114.892090047295 0.05
  2 1 18 8 107.679198063327 0.05
  2 1 19 8 61.2332170754702 0.05
  2 1 20 8 70.158006084924 0.05
  2 1 21 8 55.2186950950204 0.05
  2 1 22 8 104.237516041838 0.05
  2 1 23 8 76.3516977499444 0.05
  2 1 24 8 82.0493882205259 0.05
  2 1 25 8 65.5921711239749 0.05
  2 1 26 8 67.0496956778533 0.05
  2 1 27 8 108.76136017763 0.05
  2 1 28 8 21.3151114599065 0.05
  2 1 29 8 15.7436041481115 0.05
  2 1 30 8 16.5661727227263 0.05
  2 1 31 8 30.0297960313983 0.05
  2 1 32 8 16.4181313275833 0.05
  2 1 33 8 14.4343281750481 0.05
  2 1 34 8 10.0455896693783 0.05
  2 1 35 8 7.39624906589055 0.05
  2 1 36 8 2.40035809233925 0.05
  2 1 37 8 1.87646620955718 0.05
  2 1 38 8 2.35478817949707 0.05
  2 1 39 8 2.05031557330332 0.05
  2 1 40 8 0.336284638780793 0.05
  2 1 41 8 1.16168503571066 0.05
  2 1 42 8 0.829615780353442 0.05
  2 1 1 9 232.110202030185 0.05
  2 1 2 9 264.115213488815 0.05
  2 1 3 9 446.890100723745 0.05
  2 1 4 9 520.66208378343 0.05
  2 1 5 9 603.350971002671 0.05
  2 1 6 9 456.43927010184 0.05
  2 1 7 9 366.228292455081 0.05
  2 1 8 9 329.676991404998 0.05
  2 1 9 9 334.133784389354 0.05
  2 1 10 9 484.406251276675 0.05
  2 1 11 9 554.151823907612 0.05
  2 1 12 9 727.828514052897 0.05
  2 1 13 9 545.874212691554 0.05
  2 1 14 9 681.03563299321 0.05
  2 1 15 9 634.027627595325 0.05
  2 1 16 9 31.8838986251549 0.05
  2 1 17 9 383.807938467723 0.05
  2 1 18 9 258.203140401833 0.05
  2 1 19 9 463.111298341564 0.05
  2 1 20 9 80.6885716285624 0.05
  2 1 21 9 512.219617227139 0.05
  2 1 22 9 395.481567146353 0.05
  2 1 23 9 2161.86333881203 0.05
  2 1 24 9 1561.64440663895 0.05
  2 1 25 9 1855.62126819609 0.05
  2 1 26 9 2657.74158753278 0.05
  2 1 27 9 2107.95351410256 0.05
  2 1 28 9 2366.05898521386 0.05
  2 1 29 9 3005.67324580645 0.05
  2 1 30 9 4489.51236666555 0.05
  2 1 31 9 3521.59797076158 0.05
  2 1 32 9 3989.77534129322 0.05
  2 1 33 9 3992.1054947189 0.05
  2 1 34 9 3405.15803426858 0.05
  2 1 35 9 2505.42430638641 0.05
  2 1 36 9 2007.69821659397 0.05
  2 1 37 9 4629.91432745295 0.05
  2 1 38 9 3592.86351945982 0.05
  2 1 39 9 4091.9558370879 0.05
  2 1 40 9 4817.1252383917 0.05
  2 1 41 9 4947.04228589474 0.05
  2 1 42 9 3184.11722469559 0.05
  2 1 1 10 0.865397474177997 0.05
  2 1 2 10 1.53689697073054 0.05
  2 1 3 10 7.30316890670108 0.05
  2 1 4 10 7.41514186329614 0.05
  2 1 5 10 4.16639609135161 0.05
  2 1 6 10 1.82931082587128 0.05
  2 1 7 10 1.67966626453812 0.05
  2 1 8 10 1.44435797472864 0.05
  2 1 9 10 2.1544357294394 0.05
  2 1 10 10 1.725921880064 0.05
  2 1 11 10 2.19683442476638 0.05
  2 1 12 10 1.89294492154444 0.05
  2 1 13 10 4.16609302067829 0.05
  2 1 14 10 2.11560897073476 0.05
  2 1 15 10 2.00406159710853 0.05
  2 1 16 10 2.12094266269145 0.05
  2 1 17 10 27.6897638648012 0.05
  2 1 18 10 14.2242794445713 0.05
  2 1 19 10 17.9130907170809 0.05
  2 1 20 10 6.75179156621388 0.05
  2 1 21 10 9.07906109668833 0.05
  2 1 22 10 51.9866146041579 0.05
  2 1 23 10 43.8542346384245 0.05
  2 1 24 10 29.0378812719958 0.05
  2 1 25 10 46.0668402181462 0.05
  2 1 26 10 21.5315305129268 0.05
  2 1 27 10 99.7657652743003 0.05
  2 1 28 10 8.3924567035679 0.05
  2 1 29 10 2.32329377383579 0.05
  2 1 30 10 3.57049265421496 0.05
  2 1 31 10 11.4584119361375 0.05
  2 1 32 10 4.48485925987651 0.05
  2 1 33 10 2.66643572629744 0.05
  2 1 34 10 4.51284647230797 0.05
  2 1 35 10 0.394343054360103 0.05
  2 1 36 10 0.277422989010348 0.05
  2 1 37 10 0.337845673580005 0.05
  2 1 38 10 0.51702585813668 0.05
  2 1 39 10 0.28610083303817 0.05
  2 1 40 10 0.482240121500694 0.05
  2 1 41 10 0.540028154367897 0.05
  2 1 42 10 0.0701277403290973 0.05
  3 1 1 1 310.001914925941 0.05
  3 1 2 1 0.00440179965316172 0.05
  3 1 3 1 0.0432858022196853 0.05
  3 1 4 1 0.000897160170741888 0.05
  3 1 5 1 5.80955472665521 0.05
  3 1 6 1 0.69240648635687 0.05
  3 1 7 1 4.80601572353767 0.05
  3 1 8 1 0.0054397461395814 0.05
  3 1 9 1 0.000478693114723735 0.05
  3 1 10 1 31.6499269605706 0.05
  3 1 11 1 7.01486692213781 0.05
  3 1 12 1 34.5254576729873 0.05
  3 1 13 1 35.3080290380292 0.05
  3 1 14 1 34.5086047873943 0.05
  3 1 15 1 9.45825936845756 0.05
  3 1 16 1 6.09908577700102 0.05
  3 1 17 1 0.00024663842270928 0.05
  3 1 18 1 0.000651547206335428 0.05
  3 1 19 1 0.357294955892559 0.05
  3 1 20 1 1.77123201149595 0.05
  3 1 21 1 0.074179864476211 0.05
  3 1 22 1 0.0271495376863171 0.05
  3 1 23 1 2.29593952325519 0.05
  3 1 24 1 0.239296969004506 0.05
  3 1 25 1 0.0420734124888023 0.05
  3 1 26 1 0.0600069793432164 0.05
  3 1 27 1 0.00593423966576274 0.05
  3 1 28 1 0.0488553495425738 0.05
  3 1 29 1 0.366872284625612 0.05
  3 1 30 1 0.108666140081707 0.05
  3 1 31 1 8.09783174873837 0.05
  3 1 32 1 0.00729245924505204 0.05
  3 1 33 1 0.106921297287139 0.05
  3 1 34 1 0.249832620629655 0.05
  3 1 35 1 0.103230383503165 0.05
  3 1 36 1 0.00264645870764613 0.05
  3 1 37 1 0.106480622380261 0.05
  3 1 38 1 0.13180944092378 0.05
  3 1 39 1 0.0855549544618263 0.05
  3 1 40 1 0.0523260750716715 0.05
  3 1 41 1 0.0299845075267344 0.05
  3 1 42 1 0.00504115674802273 0.05
  3 1 1 2 367.202968293537 0.05
  3 1 2 2 157.971773711128 0.05
  3 1 3 2 391.565563109272 0.05
  3 1 4 2 102.093964852825 0.05
  3 1 5 2 0.563457816741914 0.05
  3 1 6 2 0.593343157134123 0.05
  3 1 7 2 1.3816429268997 0.05
  3 1 8 2 80.2576911739858 0.05
  3 1 9 2 0.409626100513445 0.05
  3 1 10 2 0.77006391415678 0.05
  3 1 11 2 0.767202235439714 0.05
  3 1 12 2 0.89426127831758 0.05
  3 1 13 2 0.734367076753385 0.05
  3 1 14 2 1.16129997885348 0.05
  3 1 15 2 0.676415535763354 0.05
  3 1 16 2 0.413097266895197 0.05
  3 1 17 2 0.128262244719951 0.05
  3 1 18 2 0.322439383313952 0.05
  3 1 19 2 3230.72999628104 0.05
  3 1 20 2 5493.69298834677 0.05
  3 1 21 2 16198.2521875166 0.05
  3 1 22 2 5124.48934462763 0.05
  3 1 23 2 10301.3196080362 0.05
  3 1 24 2 28246.400807035 0.05
  3 1 25 2 11738.9981906915 0.05
  3 1 26 2 15130.9548591569 0.05
  3 1 27 2 12376.2430025877 0.05
  3 1 28 2 10804.8288944272 0.05
  3 1 29 2 11531.4202103041 0.05
  3 1 30 2 8304.70949799993 0.05
  3 1 31 2 8580.47005251689 0.05
  3 1 32 2 17219.3671543217 0.05
  3 1 33 2 12146.2128026049 0.05
  3 1 34 2 21483.9422333179 0.05
  3 1 35 2 23018.0943717325 0.05
  3 1 36 2 24386.6163979191 0.05
  3 1 37 2 21654.1721132158 0.05
  3 1 38 2 20498.3885384919 0.05
  3 1 39 2 12366.403046763 0.05
  3 1 40 2 8638.184267686 0.05
  3 1 41 2 6397.01831519455 0.05
  3 1 42 2 1585.20327816736 0.05
  3 1 1 3 0.163315562974566 0.05
  3 1 2 3 0.145926295978419 0.05
  3 1 3 3 0.203268058553178 0.05
  3 1 4 3 0.0307802126984395 0.05
  3 1 5 3 0.0143596999341702 0.05
  3 1 6 3 0.0658609649090763 0.05
  3 1 7 3 0.0531914555508747 0.05
  3 1 8 3 26.1281177956768 0.05
  3 1 9 3 1.75530261908471 0.05
  3 1 10 3 0.208537339790161 0.05
  3 1 11 3 0.191781921021907 0.05
  3 1 12 3 0.22487551325754 0.05
  3 1 13 3 0.142341528348741 0.05
  3 1 14 3 146.046643875169 0.05
  3 1 15 3 0.771393142489134 0.05
  3 1 16 3 92.4252531326264 0.05
  3 1 17 3 32.7234061881203 0.05
  3 1 18 3 68.4803529980022 0.05
  3 1 19 3 346.600767221192 0.05
  3 1 20 3 28.1282824843555 0.05
  3 1 21 3 22.9831218527156 0.05
  3 1 22 3 3.02514573661542 0.05
  3 1 23 3 14.0516386835115 0.05
  3 1 24 3 3.65679829525246 0.05
  3 1 25 3 391.624813377325 0.05
  3 1 26 3 1727.15656848956 0.05
  3 1 27 3 693.02118185027 0.05
  3 1 28 3 577.580774382232 0.05
  3 1 29 3 1536.14268931018 0.05
  3 1 30 3 1981.63491760117 0.05
  3 1 31 3 1506.5600864449 0.05
  3 1 32 3 518.325083967422 0.05
  3 1 33 3 66.4346689177713 0.05
  3 1 34 3 55.2453024868437 0.05
  3 1 35 3 94.9142741136001 0.05
  3 1 36 3 2046.50063067584 0.05
  3 1 37 3 2009.18039083792 0.05
  3 1 38 3 397.139284931614 0.05
  3 1 39 3 510.086106877853 0.05
  3 1 40 3 1052.11676031186 0.05
  3 1 41 3 894.154920492505 0.05
  3 1 42 3 0.00249467448454401 0.05
  3 1 1 4 0.0525862945591504 0.05
  3 1 2 4 0.0579378499736952 0.05
  3 1 3 4 0.037963293653021 0.05
  3 1 4 4 0.0118979949974938 0.05
  3 1 5 4 0.121015220069352 0.05
  3 1 6 4 0.0261535549553555 0.05
  3 1 7 4 0.0461712808920706 0.05
  3 1 8 4 0.103197770616602 0.05
  3 1 9 4 0.187803798597086 0.05
  3 1 10 4 0.238438503289932 0.05
  3 1 11 4 0.313576719300668 0.05
  3 1 12 4 0.537892028172675 0.05
  3 1 13 4 0.0775274469560854 0.05
  3 1 14 4 0.598360518795077 0.05
  3 1 15 4 0.0286855336753196 0.05
  3 1 16 4 0.0193979735025704 0.05
  3 1 17 4 0.00390811223311566 0.05
  3 1 18 4 0.00665620593747279 0.05
  3 1 19 4 3.48834906165996 0.05
  3 1 20 4 1.67017770056506 0.05
  3 1 21 4 0.74763754018935 0.05
  3 1 22 4 0.664522045646731 0.05
  3 1 23 4 1.09503065957824 0.05
  3 1 24 4 2.22070420173796 0.05
  3 1 25 4 0.619000221856739 0.05
  3 1 26 4 0.0566492358902986 0.05
  3 1 27 4 0.138168054714186 0.05
  3 1 28 4 0.364049899543168 0.05
  3 1 29 4 1.6755064057121 0.05
  3 1 30 4 0.551334652584223 0.05
  3 1 31 4 1.27485983674475 0.05
  3 1 32 4 0.00202245024470452 0.05
  3 1 33 4 0.0215212022164463 0.05
  3 1 34 4 0.0113690009633984 0.05
  3 1 35 4 0.0409698484090083 0.05
  3 1 36 4 0.00758575783300113 0.05
  3 1 37 4 0.0059697592969672 0.05
  3 1 38 4 1.91311844253069 0.05
  3 1 39 4 1.03472389241852 0.05
  3 1 40 4 0.730105705058127 0.05
  3 1 41 4 0.408425889819747 0.05
  3 1 42 4 0.0756423306252521 0.05
  3 1 1 5 555.070660830879 0.05
  3 1 2 5 1.69389098743396 0.05
  3 1 3 5 1.28302332586821 0.05
  3 1 4 5 0.378163289497755 0.05
  3 1 5 5 0.272373577852877 0.05
  3 1 6 5 0.238585317842671 0.05
  3 1 7 5 0.539893007041525 0.05
  3 1 8 5 0.204801098759217 0.05
  3 1 9 5 0.160278979107561 0.05
  3 1 10 5 0.290865241785828 0.05
  3 1 11 5 0.299150938125665 0.05
  3 1 12 5 0.510302021472742 0.05
  3 1 13 5 1.59180000927153 0.05
  3 1 14 5 0.07750605238101 0.05
  3 1 15 5 1.12004813915012 0.05
  3 1 16 5 0.993246043189636 0.05
  3 1 17 5 0.645657481669354 0.05
  3 1 18 5 0.505847294925522 0.05
  3 1 19 5 49.8991788874362 0.05
  3 1 20 5 5.43225065362162 0.05
  3 1 21 5 55.8502951070574 0.05
  3 1 22 5 4.2836020120163 0.05
  3 1 23 5 1.10323521912584 0.05
  3 1 24 5 40.9525022355269 0.05
  3 1 25 5 11.4992207846905 0.05
  3 1 26 5 0.0741112631131025 0.05
  3 1 27 5 16.3237128293093 0.05
  3 1 28 5 26.5108742017111 0.05
  3 1 29 5 177.203346286324 0.05
  3 1 30 5 0.32874661374879 0.05
  3 1 31 5 43.9679068504221 0.05
  3 1 32 5 0.369422855060743 0.05
  3 1 33 5 8.917823086198 0.05
  3 1 34 5 18.7441466365938 0.05
  3 1 35 5 109.049910246332 0.05
  3 1 36 5 33.8290786327704 0.05
  3 1 37 5 161.536923932008 0.05
  3 1 38 5 34.0939762889059 0.05
  3 1 39 5 40.2410414018089 0.05
  3 1 40 5 43.159328695464 0.05
  3 1 41 5 64.9197042847823 0.05
  3 1 42 5 1.54058819551711 0.05
  3 1 1 6 5.23939197284088 0.05
  3 1 2 6 3.77292363831394 0.05
  3 1 3 6 2.71321981228631 0.05
  3 1 4 6 0.887007537701315 0.05
  3 1 5 6 0.347011180243198 0.05
  3 1 6 6 1.18627149668089 0.05
  3 1 7 6 0.969412778293287 0.05
  3 1 8 6 0.576399389534327 0.05
  3 1 9 6 0.48579877312776 0.05
  3 1 10 6 0.476380907941198 0.05
  3 1 11 6 0.485322197321823 0.05
  3 1 12 6 0.702397273511051 0.05
  3 1 13 6 0.651866261104363 0.05
  3 1 14 6 3.96121490256775 0.05
  3 1 15 6 0.450803164407522 0.05
  3 1 16 6 17.756784048222 0.05
  3 1 17 6 0.0943189828154555 0.05
  3 1 18 6 2.10714324263768 0.05
  3 1 19 6 36.8155420821518 0.05
  3 1 20 6 159.090848856613 0.05
  3 1 21 6 86.5409730756418 0.05
  3 1 22 6 8.15497149157131 0.05
  3 1 23 6 0.302740406409737 0.05
  3 1 24 6 62.2396762332373 0.05
  3 1 25 6 21.060639423103 0.05
  3 1 26 6 0.526246081594737 0.05
  3 1 27 6 18.610297249768 0.05
  3 1 28 6 17.0013499603221 0.05
  3 1 29 6 0.376094439365007 0.05
  3 1 30 6 0.382547674848421 0.05
  3 1 31 6 207.804885289195 0.05
  3 1 32 6 3.64523066828524 0.05
  3 1 33 6 0.0445848801042063 0.05
  3 1 34 6 0.251169032742608 0.05
  3 1 35 6 0.206895528109193 0.05
  3 1 36 6 1.46192083564857 0.05
  3 1 37 6 1.35291619277481 0.05
  3 1 38 6 82.8265163552768 0.05
  3 1 39 6 0.906073830761296 0.05
  3 1 40 6 0.0028519604078032 0.05
  3 1 41 6 15.0999468555645 0.05
  3 1 42 6 2.58482002730441 0.05
  3 1 1 7 2.14110591782185 0.05
  3 1 2 7 1.99359773784297 0.05
  3 1 3 7 1.26912315931193 0.05
  3 1 4 7 0.397359362650302 0.05
  3 1 5 7 0.249181205956116 0.05
  3 1 6 7 0.306474898411107 0.05
  3 1 7 7 0.796653937422528 0.05
  3 1 8 7 0.251245381754625 0.05
  3 1 9 7 0.195199460828877 0.05
  3 1 10 7 0.330956810590771 0.05
  3 1 11 7 0.352897793750704 0.05
  3 1 12 7 0.394153190510171 0.05
  3 1 13 7 0.440353461622254 0.05
  3 1 14 7 0.392423990589485 0.05
  3 1 15 7 149.072207190581 0.05
  3 1 16 7 0.0677591398817335 0.05
  3 1 17 7 0.0954349043169393 0.05
  3 1 18 7 0.500550631729426 0.05
  3 1 19 7 5.77845379988331 0.05
  3 1 20 7 35.6294825804887 0.05
  3 1 21 7 41.2055416905795 0.05
  3 1 22 7 6.73974605747522 0.05
  3 1 23 7 15.27319601885 0.05
  3 1 24 7 56.2457855109898 0.05
  3 1 25 7 18.2690943829033 0.05
  3 1 26 7 10.1615332903528 0.05
  3 1 27 7 3.01285604659954 0.05
  3 1 28 7 12.285498610774 0.05
  3 1 29 7 124.283768920593 0.05
  3 1 30 7 27.9063501928971 0.05
  3 1 31 7 8.47804629496149 0.05
  3 1 32 7 17.0559501179207 0.05
  3 1 33 7 123.532484888536 0.05
  3 1 34 7 1.34894065001198 0.05
  3 1 35 7 71.2523219131606 0.05
  3 1 36 7 14.0874753930332 0.05
  3 1 37 7 3.24070149269179 0.05
  3 1 38 7 45.1292499869377 0.05
  3 1 39 7 1.52372638418998 0.05
  3 1 40 7 4.87327556546025 0.05
  3 1 41 7 2.98466032814984 0.05
  3 1 42 7 2.49846806726848 0.05
  3 1 1 8 0.000302946560185546 0.05
  3 1 2 8 0.000279387834408118 0.05
  3 1 3 8 0.11225734878647 0.05
  3 1 4 8 0.0926419671669583 0.05
  3 1 5 8 6.85490241330996 0.05
  3 1 6 8 3.68630213813221 0.05
  3 1 7 8 0.566017558674808 0.05
  3 1 8 8 0.0311973526726006 0.05
  3 1 9 8 1.2451696303198 0.05
  3 1 10 8 9.07130432681109 0.05
  3 1 11 8 20.0283101720403 0.05
  3 1 12 8 11.7630818167061 0.05
  3 1 13 8 7.32146972200918 0.05
  3 1 14 8 5.90908190418817 0.05
  3 1 15 8 12.3459266785359 0.05
  3 1 16 8 7.01389498946557 0.05
  3 1 17 8 1.06903723347143e-05 0.05
  3 1 18 8 0.00154287554003241 0.05
  3 1 19 8 0.611213872266342 0.05
  3 1 20 8 0.000943916895764783 0.05
  3 1 21 8 0.00403793038628746 0.05
  3 1 22 8 0.0028819472489335 0.05
  3 1 23 8 0.00179712770050985 0.05
  3 1 24 8 0.0554802236855052 0.05
  3 1 25 8 0.00283156574238411 0.05
  3 1 26 8 0.0101989270191892 0.05
  3 1 27 8 0.00477691547915267 0.05
  3 1 28 8 0.00326625715312031 0.05
  3 1 29 8 0.0527747676274819 0.05
  3 1 30 8 0.00180592229209642 0.05
  3 1 31 8 0.330989625017134 0.05
  3 1 32 8 0.0976028469933079 0.05
  3 1 33 8 0.00244943133924906 0.05
  3 1 34 8 0.00608466223377463 0.05
  3 1 35 8 0.00310920990542571 0.05
  3 1 36 8 0.00432670484690312 0.05
  3 1 37 8 0.00546959761310125 0.05
  3 1 38 8 0.00538298203919276 0.05
  3 1 39 8 0.00303337020941449 0.05
  3 1 40 8 0.0017449098091127 0.05
  3 1 41 8 0.0602171804087252 0.05
  3 1 42 8 0.00026157196175018 0.05
  3 1 1 9 0.00332436312941609 0.05
  3 1 2 9 0.0027907565299488 0.05
  3 1 3 9 0.00192260764869342 0.05
  3 1 4 9 0.000612976546457753 0.05
  3 1 5 9 0.000472429442581957 0.05
  3 1 6 9 0.000510022047733148 0.05
  3 1 7 9 0.00109156839252138 0.05
  3 1 8 9 0.000391732756153581 0.05
  3 1 9 9 0.000323308109710629 0.05
  3 1 10 9 0.000558415869965221 0.05
  3 1 11 9 0.000604621052704521 0.05
  3 1 12 9 0.000821535987186822 0.05
  3 1 13 9 0.00808221177921264 0.05
  3 1 14 9 0.00111205149780079 0.05
  3 1 15 9 0.000628799359018617 0.05
  3 1 16 9 0.00051446312464491 0.05
  3 1 17 9 0.000351754480267666 0.05
  3 1 18 9 0.00141470520242942 0.05
  3 1 19 9 0.794951993934923 0.05
  3 1 20 9 0.111322489798485 0.05
  3 1 21 9 0.183972607076927 0.05
  3 1 22 9 0.0482103145034479 0.05
  3 1 23 9 0.0199863086744972 0.05
  3 1 24 9 0.123630196923687 0.05
  3 1 25 9 0.0517279286017468 0.05
  3 1 26 9 0.179778688702776 0.05
  3 1 27 9 0.0388566019596983 0.05
  3 1 28 9 0.0153159090248745 0.05
  3 1 29 9 0.0347658074262626 0.05
  3 1 30 9 0.0287260468850101 0.05
  3 1 31 9 0.0118759990298104 0.05
  3 1 32 9 0.00528564268706155 0.05
  3 1 33 9 0.238457346146312 0.05
  3 1 34 9 0.151409766908768 0.05
  3 1 35 9 0.00432980024780886 0.05
  3 1 36 9 0.0122365902350875 0.05
  3 1 37 9 0.188854952285235 0.05
  3 1 38 9 0.15667205584609 0.05
  3 1 39 9 0.0706628553876414 0.05
  3 1 40 9 0.0780143385104039 0.05
  3 1 41 9 0.0437573130610558 0.05
  3 1 42 9 0.00281491993343425 0.05
  3 1 1 10 6.03217074067992e-05 0.05
  3 1 2 10 6.53039528560855e-05 0.05
  3 1 3 10 0.00710465463445258 0.05
  3 1 4 10 0.0467336195865899 0.05
  3 1 5 10 0.2126255404381 0.05
  3 1 6 10 0.0183422385742007 0.05
  3 1 7 10 0.317791198895426 0.05
  3 1 8 10 9.1392480418306e-06 0.05
  3 1 9 10 0.174568954803092 0.05
  3 1 10 10 1.19424085396642e-05 0.05
  3 1 11 10 0.289680891246677 0.05
  3 1 12 10 0.828608181781012 0.05
  3 1 13 10 1.9202836361684 0.05
  3 1 14 10 1.63018411109848 0.05
  3 1 15 10 0.482818776605922 0.05
  3 1 16 10 0.159667751749053 0.05
  3 1 17 10 3.50143945658589e-06 0.05
  3 1 18 10 1.33519464138905e-05 0.05
  3 1 19 10 0.888109567330171 0.05
  3 1 20 10 1.29169025661825 0.05
  3 1 21 10 0.000939310983336882 0.05
  3 1 22 10 0.000294272517839491 0.05
  3 1 23 10 8.79952584208006 0.05
  3 1 24 10 0.00238226615097355 0.05
  3 1 25 10 0.000758675752652077 0.05
  3 1 26 10 0.00171957148297803 0.05
  3 1 27 10 0.000825248415697697 0.05
  3 1 28 10 0.000219992607433638 0.05
  3 1 29 10 0.044872999012912 0.05
  3 1 30 10 0.000914678198340606 0.05
  3 1 31 10 0.00185347969753332 0.05
  3 1 32 10 0.00565836185296884 0.05
  3 1 33 10 0.000859303656073256 0.05
  3 1 34 10 0.00140169658387393 0.05
  3 1 35 10 0.000702119257213637 0.05
  3 1 36 10 0.00141162190919107 0.05
  3 1 37 10 0.00285467710025008 0.05
  3 1 38 10 0.0017040437804846 0.05
  3 1 39 10 0.00124822004974991 0.05
  3 1 40 10 0.000638543211950558 0.05
  3 1 41 10 0.170988896446676 0.05
  3 1 42 10 8.31096157462059e-05 0.05
# end catch observations 
#  
# Fishery size comp data 
# Number of observations, init_int Ncatch_size_obs 
  556
# init_matrix obs_catch_size(1,Ncatch_size_obs,1,ncol) 
# Fleet Area  Year  Species Type (0=whole, 1=retained, 2=discard) InpN, proportion by size bin 
  1 1 1 1 0 81 0 0.228903628726538 0.61433859171691 0.148461598587281 0.0082958540268233
  1 1 2 1 0 73 0.000698352453517038 0.239458537347602 0.351862148254965 0.333126719180101 0.074853875715095
  1 1 3 1 0 65 0.00278047076347594 0.376114799334779 0.445944038503623 0.162003862367142 0.013156578102467
  1 1 4 1 0 56 0.00786886457920623 0.337901674513981 0.517320356094278 0.114751407241385 0.0221574300240361
  1 1 5 1 0 120 0.00940365152931961 0.520353823403223 0.296096377759936 0.134123636312216 0.0400223342137409
  1 1 6 1 0 130 0 0.359280464457641 0.481524276398899 0.122033945099221 0.0371611068551608
  1 1 7 1 0 94 0 0.199310638947566 0.544336725637256 0.196851742178612 0.0595005979252292
  1 1 8 1 0 94 0 0.501391736932925 0.290271702949229 0.167924341228223 0.0404119234919469
  1 1 9 1 0 82 0 0.351540978760218 0.485598999998054 0.117735289369981 0.0451242682399689
  1 1 10 1 0 76 0 0.58779023750807 0.276842857053351 0.108946398827839 0.0264201488761253
  1 1 11 1 0 74 0 0.288488136678203 0.563007613394367 0.122737665957832 0.0257662816497083
  1 1 12 1 0 65 0 0.264222426736975 0.569382832578374 0.145806656406742 0.0205877308355996
  1 1 13 1 0 77 0.00912089948130902 0.438161293421189 0.435805014783937 0.10329893987509 0.0136136022493345
  1 1 14 1 0 88 0 0.219517538279633 0.526909340065023 0.222032408182231 0.0315403100953789
  1 1 15 1 0 66 0.000456231727798616 0.401994365426285 0.39978234068898 0.162028611495198 0.0357379141776528
  1 1 16 1 0 69 0 0.313366864764024 0.53818532905846 0.115318609296488 0.0331286172887615
  1 1 17 1 0 43 0.0194152085743238 0.188631793387285 0.560607040884005 0.198198624239487 0.0331462594229437
  1 1 18 1 0 34 0 0.442640124127892 0.384591053423642 0.156617222022231 0.0161495762895129
  1 1 19 1 0 55 0.00947043021258263 0.194240336318877 0.541106791485057 0.235265788802954 0.0199148057714771
  1 1 20 1 0 64 0 0.227877819672697 0.499630336803283 0.24308500538439 0.0294050340871052
  1 1 21 1 0 77 0 0.230392054007035 0.484037374753626 0.258184515077202 0.027383819519636
  1 1 22 1 0 67 0 0.238459169498659 0.579633864651571 0.158604259166768 0.0233012278969372
  1 1 23 1 0 133 0 0.245409717271742 0.563254994255542 0.165035129589438 0.0262986091148949
  1 1 24 1 0 98 0 0.298358956080281 0.569183588843738 0.118248630555034 0.0142079275938798
  1 1 25 1 0 91 0 0.119573379122797 0.625843889251448 0.226201540193529 0.0283799973286524
  1 1 26 1 0 77 0 0.0543832482461529 0.624376266647125 0.292714257504052 0.028524527117647
  1 1 27 1 0 102 0 0.0234184121014595 0.555983035388402 0.367640236414235 0.0529548037971561
  1 1 28 1 0 76 0 0.0301477509258203 0.611078919108174 0.321407067998049 0.0373617475753251
  1 1 29 1 0 110 0 0.0449303828621365 0.731080548098798 0.207419612023481 0.0165657432204958
  1 1 30 1 0 100 0 0.0375547913662309 0.816732085155494 0.140392804931504 0.00531781749144493
  1 1 31 1 0 108 0 0.0459865806504796 0.813561201375334 0.134982982874108 0.00546647562999934
  1 1 32 1 0 118 0 0.0224268909079608 0.755032631615022 0.215183794959085 0.00735325460451615
  1 1 33 1 0 129 0 0.0242975513445559 0.823734490638838 0.145619644434533 0.00634497808811569
  1 1 34 1 0 90 0 0.0339999608258146 0.751810065075251 0.199441114026307 0.0147462081128072
  1 1 35 1 0 69 0 0.0529033985933217 0.781395752300085 0.156596873525345 0.00910009793079693
  1 1 36 1 0 80 0 0.255436503905652 0.668532598503799 0.0702398086119057 0.00578602857453934
  1 1 37 1 0 62 0 0.268308504296782 0.655914626644334 0.0733829056885146 0.00238979110802873
  1 1 38 1 0 94 0 0.287277033550965 0.577365707543943 0.131832715521784 0.00351875597010763
  1 1 39 1 0 75 0 0.32368335761693 0.508149426608059 0.161499045223648 0.00666055884141191
  1 1 40 1 0 75 0 0.0224356041027835 0.616371589842372 0.345738065748315 0.0154298816934147
  1 1 41 1 0 35 0 0.0160228111070296 0.538608037867394 0.419544350500138 0.025805162874133
  1 1 42 1 0 22 0 0.0812061091243672 0.465813760210518 0.401033185848953 0.0519306292159172
  1 1 1 3 0 1 0 0.0170937794819431 0.0683751179277726 0.863235863838129 0.0512813384458294
  1 1 2 3 0 5 0 0 0 0.915773337259724 0.0842090425066413
  1 1 3 3 0 5 0.025564342751579 0.23135730190179 0.528755822578492 0.184489340190562 0.0298250665435088
  1 1 4 3 0 1 0.165322472558836 0.254249121789013 0.217808602145292 0.141245877353847 0.221369205899204
  1 1 5 3 0 6 0.00406328084028104 0.00566968305295006 0.218110607184833 0.325223463512435 0.446927070669534
  1 1 6 3 0 4 0.00145425731810588 0.118816720474217 0.497614702061826 0.0969219523229144 0.285187428244428
  1 1 7 3 0 5 0.0163284573811926 0.171419638927865 0.509109918561663 0.147127690287121 0.156010948657191
  1 1 8 3 0 1 0 0.00641105151057939 0.633795518601801 0.309085755068318 0.050705589220037
  1 1 9 3 0 1 0.000394086873995534 0.360540098735412 0.190929370979616 0.382210463136114 0.0659248288096691
  1 1 10 3 0 1 0.00798523480541195 0.104276744736916 0.256646559165026 0.589611403291203 0.0414757925990783
  1 1 11 3 0 2 0.000452167960179457 0.0185859966456159 0.215491055575841 0.668420865761702 0.0970489153063163
  1 1 12 3 0 5 0.00463136504033926 0.0590790854115896 0.160036991938089 0.610746350378331 0.165505771346621
  1 1 13 3 0 4 0.0113236362999051 0.117875324262479 0.352936128554385 0.292911154887243 0.224953291253453
  1 1 14 3 0 8 0.000866032850581127 0.00351793273031041 0.282715274436012 0.476473493878246 0.236426968208648
  1 1 15 3 0 11 0.000601470497422927 0.0715508414240611 0.166914209477543 0.59875910904929 0.162174204495689
  1 1 16 3 0 5 0.069306902785879 0.217821694469905 0.227722680582174 0.346534513929395 0.138613805571758
  1 1 17 3 0 5 0 0.0264900538871392 0.543046104686353 0.417218348722442 0.0132450269435696
  1 1 18 3 0 1 0.0140901799471918 0.16456876018762 0.192011151931806 0.354659872262123 0.274669242924689
  1 1 19 3 0 1 0.0331724860309394 0.0648238941948476 0.425647243331118 0.438802868209079 0.0375532124695592
  1 1 20 3 0 4 0.0468680648710267 0.0418528994438466 0.382764060197273 0.429355520550557 0.0991590755064105
  1 1 21 3 0 3 0.0046337820300232 0.154427281008372 0.36783586191108 0.409400088423008 0.063702279695743
  1 1 22 3 0 4 0 0.0512268281629801 0.452298938899835 0.469364363661785 0.0271091970535757
  1 1 23 3 0 3 0.00410424808949597 0.176870828012598 0.417790225161199 0.388107470131674 0.0131251675582058
  1 1 24 3 0 3 0 0.245244145619949 0.431099222347908 0.287843926219899 0.0358033965834539
  1 1 25 3 0 2 0.0343009048345857 0.0979062709544386 0.838420482524412 0.0293718812863316 0
  1 1 26 3 0 4 0.317376202004284 0.114764764512344 0.438538572597677 0.129318993912718 0
  1 1 27 3 0 5 0 0 0.0535705885548976 0.857129416878362 0.0892843142581627
  1 1 28 3 0 4 0.00723152353323727 0.584950591558166 0.267373279033904 0.137461107513644 0.0029816688822776
  1 1 29 3 0 4 8.52468219226867e-05 0.0128666078697821 0.659187420909964 0.315899080465549 0.0119564541695755
  1 1 30 3 0 24 0.0319760821484018 0.281031869634772 0.328810498528096 0.319273005848733 0.0389037356016579
  1 1 31 3 0 10 0.00797118799208308 0.116878705354837 0.776652436228468 0.0953995505403981 0.00309747749602943
  1 1 32 3 0 12 0.00718860950592064 0.338346625088035 0.537359606865563 0.11577918142458 0.00132466103092238
  1 1 33 3 0 4 0.0121327507568244 0.192330258085276 0.629500998403583 0.165742548528751 0.000284263224293835
  1 1 34 3 0 6 0.159744361197862 0.570734254593611 0.238507590263132 0.0301939254097682 0.000816052038101843
  1 1 35 3 0 2 0.0735824014062079 0.781962399997412 0.14076866039731 0.00367631447641397 0
  1 1 36 3 0 10 0.00978959485096652 0.209062069510893 0.756088356436195 0.0250533390982037 0
  1 1 37 3 0 9 0.00633219703425896 0.271523535894202 0.700451269193727 0.0216832135253545 0
  1 1 38 3 0 13 0.00148306137197042 0.0713592473987129 0.872943688964134 0.0542114836118789 1.90968947019166e-06
  1 1 39 3 0 16 0.00520025257722035 0.401625437262739 0.535443692135914 0.057724066123835 0
  1 1 40 3 0 27 0.00786543150594233 0.405217386451643 0.548324614697083 0.0381238038645723 0.000464405530608265
  1 1 41 3 0 15 0.0181959277355976 0.259313649838102 0.556220755308864 0.165742330723324 0.000523567204928543
  1 1 42 3 0 16 0.00223721642930393 0.311361110825257 0.651715348999409 0.0346790743397915 0
  1 1 19 4 0 14 0.0175601031143477 0.266156683925549 0.526359869942367 0.157241491052552 0.0326804370793152
  1 1 20 4 0 19 0.139818306031537 0.527561609778086 0.269703536439471 0.0482311348454002 0.0146845980891619
  1 1 21 4 0 5 0.0492503404410928 0.357430722959375 0.580370174716593 0.0129471318507816 0
  1 1 22 4 0 15 0.194221009247647 0.578034706877266 0.193397174111283 0.0218263478277727 0.0125201183982551
  1 1 23 4 0 54 0.218865572253294 0.536586160616617 0.158454164627888 0.0722899496871225 0.0138033316711253
  1 1 24 4 0 56 0.225605101736797 0.579281456080812 0.114777394407685 0.0430412448463151 0.0372939224678838
  1 1 25 4 0 60 0.225057495192156 0.607580424757758 0.0876591253429314 0.0506680541800673 0.0290339705755267
  1 1 26 4 0 46 0.185960621102007 0.629140519856528 0.132127562714922 0.0316674522892578 0.0211028273335535
  1 1 27 4 0 33 0.270419390548445 0.666562855622132 0.0589974149998025 0.00401930371203415 0
  1 1 28 4 0 32 0.180001965041937 0.735029132758395 0.0609410522156293 0.0120100318138969 0.0120166708103588
  1 1 29 4 0 38 0.308362010474351 0.60386206659269 0.043558751884353 0.0336884136357009 0.0105276239063355
  1 1 30 4 0 31 0.265325719200556 0.642602444233403 0.0728376835867332 0.0119832312636126 0.00724916315925438
  1 1 31 4 0 36 0.21186506756298 0.715059547167014 0.0650540895281702 0.0049303983849927 0.00308887063081346
  1 1 32 4 0 29 0.311216312908155 0.627801325059582 0.0601516712027131 0.000828343115605325 0
  1 1 33 4 0 27 0.222439638001389 0.701640413146298 0.0736273652207733 0.00228913341960359 0
  1 1 34 4 0 31 0.241994178308271 0.665143466614228 0.0823531179937969 0.0100829278234728 0.000423571887630266
  1 1 35 4 0 23 0.31357589336582 0.622614228700979 0.0550332157843013 0.00491595182744244 0.0038589168407771
  1 1 36 4 0 21 0.20779314116434 0.717211857262865 0.0690747949598651 0.00591664156271547 0
  1 1 37 4 0 23 0.261471694261249 0.673907578297564 0.0585388899750768 0.0054381891601645 0.00064140304917904
  1 1 38 4 0 21 0.327736856705707 0.61752775310574 0.0530042886737123 0.00172901681430695 0
  1 1 39 4 0 28 0.338418460203146 0.609618028645585 0.0509093544911704 0.00105262153418589 0
  1 1 40 4 0 27 0.420985094210134 0.543678741026524 0.0349032620398313 0.000431510544870311 0
  1 1 41 4 0 24 0.24751202786177 0.705084207081232 0.0457292274865966 0.00167240389116094 0
  1 1 42 4 0 26 0.229018066518339 0.713633557415082 0.0565532751899494 0.000792051405096021 0
  1 1 1 5 0 119 0 0.0412662893409483 0.734007050586656 0.19145617390144 0.0332701898191646
  1 1 2 5 0 99 0 0.0328689288843025 0.462165720351341 0.468220629818064 0.0367444163784558
  1 1 3 5 0 112 0 0.13129603585418 0.452277256083689 0.34566180279647 0.0707646732973621
  1 1 4 5 0 59 0 0.0751766101069034 0.641804598588741 0.217083075876541 0.0659355172365529
  1 1 5 5 0 86 0.000478182221142027 0.0553836885062144 0.433937784323976 0.397178882986713 0.113021088813967
  1 1 6 5 0 95 0 0.0065390722259862 0.289048259772385 0.524509598509552 0.179902413270336
  1 1 7 5 0 51 0 0.0110696603401905 0.228588721451916 0.540100702914035 0.220240226416306
  1 1 8 5 0 30 0 0.0187595196976544 0.307879800286679 0.450329359414539 0.223029943503037
  1 1 9 5 0 28 0 0.0515037545592776 0.575923603544612 0.256375629847168 0.116195745773826
  1 1 10 5 0 33 0 0.00492894737045524 0.408144874624872 0.414086770200791 0.172836898493093
  1 1 11 5 0 29 0 0.000652421542629227 0.527646741142252 0.394253405905913 0.0774455979445731
  1 1 12 5 0 22 0 0.00261135777505465 0.514785242086017 0.392600709012656 0.0899993429881552
  1 1 13 5 0 27 0 0.0247279007852775 0.440059667809754 0.47621341300951 0.0589967147376011
  1 1 14 5 0 14 0 0.00582128918949506 0.424583945126096 0.429404380937208 0.140186640098975
  1 1 15 5 0 29 0 0 0.345157189934511 0.535644140907842 0.119196056038858
  1 1 16 5 0 17 0 0 0.359853664952427 0.5403783773842 0.0997604402715771
  1 1 17 5 0 6 0 0 0.527585742068731 0.406744905406964 0.0656401976048683
  1 1 18 5 0 3 0 0 0.712884371459269 0.225000357741784 0.0620885723047119
  1 1 19 5 0 5 0 0 0.277456547147248 0.633891242210949 0.0886102655109186
  1 1 20 5 0 21 0 0 0.250232175589281 0.661479737634772 0.0882809036322466
  1 1 21 5 0 24 0 0 0.18858023173435 0.672588967485357 0.138827473158645
  1 1 22 5 0 27 0 0.00319899737639478 0.301579930215701 0.596430230020185 0.098788530160611
  1 1 23 5 0 38 0 0 0.395672958596066 0.521084191680613 0.0832412024429728
  1 1 24 5 0 63 0 0 0.459599862367863 0.456461070817921 0.0839380119111837
  1 1 25 5 0 38 0 0 0.42673077452624 0.444546433723144 0.128721959597011
  1 1 26 5 0 61 0 0 0.418560099049273 0.509928511873375 0.0715104991171928
  1 1 27 5 0 66 0 0.000409416447498465 0.554000414475174 0.418025943396845 0.0275635247740422
  1 1 28 5 0 68 0 0 0.544068515458401 0.431227201471199 0.0247034339817775
  1 1 29 5 0 89 0 0 0.539097685231602 0.447633295691734 0.0132670446117162
  1 1 30 5 0 89 0 0.00529925263963756 0.779013923327133 0.206770490504977 0.00891501154540573
  1 1 31 5 0 112 0 0.00619101086756994 0.827207660977015 0.1634102592355 0.00319043531960513
  1 1 32 5 0 107 0 0.00167728961247559 0.772867638883167 0.222176776583512 0.00327754959778482
  1 1 33 5 0 148 0 0.000517743015401571 0.711419939616283 0.284915200086061 0.00314667760898141
  1 1 34 5 0 108 0 0.000244310635503052 0.683169858485126 0.313292992060837 0.00329208420008733
  1 1 35 5 0 72 0 0.0027158642392124 0.619243914278657 0.369338317218737 0.00869920631398134
  1 1 36 5 0 63 0 0.184402383875041 0.721839205283202 0.0898584375788438 0.0038981662505648
  1 1 37 5 0 53 0 0.148233859019016 0.799072685341841 0.0518221418425794 0.000870615382971152
  1 1 38 5 0 83 0 0.145117117184227 0.807961500682755 0.0459169886972541 0.00100383291907442
  1 1 39 5 0 63 0 0.274524645006054 0.670437316847829 0.0547869034311245 0.000250437591398585
  1 1 40 5 0 71 0 0.367252205972881 0.584843694161609 0.047460341043162 0.000443002205948229
  1 1 41 5 0 62 0 0.39838474260691 0.585093376712978 0.0163408281193532 0.00018049472283737
  1 1 42 5 0 39 0 0.367602287083746 0.620437014138416 0.0119602716840002 0
  1 1 1 6 0 23 0.00454659022630464 0.0380077857840568 0.8268511078683 0.115120955170208 0.0154734818464919
  1 1 2 6 0 17 0.00013825431596949 0.0617330527052057 0.754823006123754 0.147268503774713 0.0360368857495764
  1 1 3 6 0 11 0.00129688022466231 0.198997989530266 0.729184977107414 0.0692940604780906 0.00122588737260075
  1 1 4 6 0 11 0.00585324675448383 0.251570728943877 0.662585810574242 0.0758703612304468 0.0041197186657638
  1 1 5 6 0 27 0.00312269256796882 0.207654538024383 0.646166396001644 0.117733508798999 0.0253227778534555
  1 1 6 6 0 32 0.000125643498940217 0.18854172404007 0.651432715575932 0.148392416660317 0.0115073882344791
  1 1 7 6 0 22 0.00119716181752782 0.176903385131348 0.638073904592275 0.161400713758584 0.02242472455361
  1 1 8 6 0 27 0.00312924723865152 0.186378745948356 0.66126818399664 0.128676777218915 0.0205469394047603
  1 1 9 6 0 39 0.0024285363793329 0.262375943218706 0.580184439742735 0.134114168294326 0.020896824406459
  1 1 10 6 0 37 0.000240904133436007 0.34061628748905 0.550121897917352 0.103718979810417 0.00530186221666266
  1 1 11 6 0 35 0.00465018941090992 0.382616122065657 0.53091638264435 0.0733951569854574 0.00842208523843398
  1 1 12 6 0 29 0.000410538384354856 0.306920605815395 0.617717746513068 0.0680434743598304 0.00690758110332219
  1 1 13 6 0 39 6.24625443881196e-05 0.318621115231801 0.612279190286981 0.066170205398084 0.00286697680866373
  1 1 14 6 0 27 0.00462908253612095 0.218472304982488 0.670958298652949 0.0845112388713616 0.0214290182906267
  1 1 15 6 0 12 0.0100517276934437 0.30590106008162 0.559630541580855 0.0935546972688161 0.0308619196582526
  1 1 16 6 0 15 0.0175890550380053 0.34404947394053 0.591318597772233 0.0446354324698595 0.00240738738809313
  1 1 17 6 0 17 0 0.353079619361718 0.613317594729704 0.0330792018123806 0.000523517505650231
  1 1 18 6 0 8 0.00193718960408011 0.257369499829749 0.600509595111039 0.0973901790519111 0.0427934537060114
  1 1 19 6 0 8 0 0.571533983823595 0.394507153122996 0.0339588185615859 0
  1 1 20 6 0 28 0.012020885089674 0.520098414346119 0.434294331683932 0.0330454636758574 0.000540860026897022
  1 1 21 6 0 36 0.0244620694013742 0.501774097593334 0.410100360768447 0.0623436206899202 0.00131980973236388
  1 1 22 6 0 41 0.00996930158888908 0.571726293972103 0.350339188514226 0.0580394477016459 0.00992572724712619
  1 1 23 6 0 13 0 0.507555388414801 0.437151770896914 0.0429487183548242 0.0123440766198742
  1 1 24 6 0 52 0.00530134533820957 0.255302520812708 0.507912391256075 0.165629213651183 0.065854457025521
  1 1 25 6 0 30 0 0.512926255681168 0.418137722904613 0.0554279955908224 0.0135079308352651
  1 1 26 6 0 41 0.0273828409838036 0.479957208366876 0.460902424417553 0.0184614656072841 0.0132960061342294
  1 1 27 6 0 33 0.0131057744448887 0.438652327533171 0.482317124372407 0.0605198837324688 0.00540482206444227
  1 1 28 6 0 48 0.000618509290604129 0.622602814370331 0.286941613706196 0.0856893626103128 0.00414761999934473
  1 1 29 6 0 50 0.00680051743435176 0.60854104847763 0.323489792532035 0.0567641189032328 0.00440440221297151
  1 1 30 6 0 70 0.00128610513530323 0.457840614794585 0.464080466070468 0.0736368310219125 0.00315586940229896
  1 1 31 6 0 64 0.00102479084735385 0.571385047444552 0.31728563668418 0.102394662209223 0.00790973638448203
  1 1 32 6 0 41 0.00023440604409983 0.486060898140118 0.370205768310366 0.128298769110401 0.0152000443104789
  1 1 33 6 0 43 0 0.438954888522642 0.412651510249496 0.138361373067658 0.0100321394715101
  1 1 34 6 0 40 0.000339206193252289 0.516980589584359 0.39060110227993 0.0876403000632666 0.00443871795497307
  1 1 35 6 0 43 0.00188591110663648 0.443819247124751 0.386690879943932 0.160250024791803 0.00735382778288237
  1 1 36 6 0 56 0.00025168979250451 0.429388946859963 0.411628730412988 0.131000943345429 0.0277295823248433
  1 1 37 6 0 36 0.000847523130055877 0.338948980592988 0.419351796765966 0.194368454915245 0.04648313205474
  1 1 38 6 0 81 0 0.402147065893648 0.346543254145751 0.202640074158694 0.0486694801622945
  1 1 39 6 0 72 0.000559326971387054 0.391677527628516 0.411728113947257 0.135941947585721 0.0600929565332353
  1 1 40 6 0 60 0.00044125959664677 0.40774358957875 0.401508071764553 0.12848947717647 0.0618174498225045
  1 1 41 6 0 57 0.000352384856507684 0.446452013409959 0.409577019873454 0.102847400961475 0.0407710281404441
  1 1 42 6 0 43 0.00193132294196547 0.416226883610225 0.456667156282095 0.113535045843853 0.0116394136143688
  1 1 2 7 0 5 0 0 0.0456772042034587 0.385718613273651 0.568427430087486
  1 1 4 7 0 5 0 0 0.369052493865065 0.359078102138982 0.269308576604237
  1 1 5 7 0 5 0 0 0.00709174161360958 0.0538972362634328 0.937528241319186
  1 1 6 7 0 5 0 0 0.00166040366896691 0.127851082510452 0.6874071189523
  1 1 7 7 0 5 0 0.000667742455826107 0.00133548491165221 0.0981581410064378 0.796616749800546
  1 1 8 7 0 5 0 0 0.00670169498096781 0.139517104603784 0.718909097958365
  1 1 9 7 0 5 0.0129344247582783 0 0.00895460175573113 0.127354336081509 0.850687166794457
  1 1 10 7 0 5 0 0 0.0127124741517034 0.259334472694748 0.727789145185017
  1 1 11 7 0 1 0 0 0.00138684563178113 0.158100402023049 0.840428452859366
  1 1 13 7 0 1 0 0 0.00203647655282028 0.199574702176388 0.79829880870555
  1 1 14 7 0 2 0 0 0.0106371609238647 0.1808317357057 0.808424230213717
  1 1 15 7 0 8 0 0 0.00205126990650353 0.351792788965356 0.646150020548613
  1 1 16 7 0 3 0 0 0 0.374999205717843 0.624998676196405
  1 1 17 7 0 3 0 0 0.00677962926500559 0.535590711935442 0.457624975387877
  1 1 18 7 0 1 0 0 0 0.660489655906093 0.339504028736777
  1 1 19 7 0 3 0.149999519195948 0 0.566664850295803 0.283332425147901 0
  1 1 21 7 0 3 0 0.128341747389985 0.475933979904529 0.368982523746208 0.0267378640395803
  1 1 22 7 0 2 0 0.00990082194871898 0.29702465846157 0.643553426666734 0.0495041097435949
  1 1 24 7 0 1 0 0 0.249950586639346 0.749851759918039 0
  1 1 25 7 0 1 0 0 0.00826227651932405 0.776653992816461 0.214819189502425
  1 1 26 7 0 2 0 0 0.0259490551955188 0.788202551563882 0.184887018268071
  1 1 27 7 0 2 0 0 0.0149216392999205 0.671473768496423 0.313354425298331
  1 1 28 7 0 4 0 0.00289186640688393 0.305091905926255 0.59572447981809 0.0961545580288908
  1 1 29 7 0 7 0 0.00077515468901264 0.227120323880704 0.6929882919773 0.0790657782792893
  1 1 30 7 0 6 0 0.00176041219660489 0.3960927442361 0.521082010195047 0.0809789610438249
  1 1 31 7 0 10 0 0 0.0849476656891068 0.626372348103194 0.288448667010264
  1 1 32 7 0 7 0 0 0.0588208860144508 0.723752640960416 0.217381535270796
  1 1 33 7 0 15 0 0 0.0385736892095897 0.658225388948255 0.303149634429212
  1 1 34 7 0 19 0 0 0.0406032551433892 0.646628435634613 0.312731454508657
  1 1 35 7 0 13 0 0.00188135511803323 0.0686694618082129 0.613321768478833 0.316067659829583
  1 1 36 7 0 23 0 0 0.0520421490669977 0.585474177003725 0.36243639528802
  1 1 37 7 0 7 0 0.00180009299007393 0.079204091563253 0.612931663120174 0.306015808312568
  1 1 38 7 0 7 0 0.00215277807791714 0.243263922804636 0.600625083738881 0.153923632571075
  1 1 39 7 0 19 0 0 0.09475986685977 0.695736917207258 0.209469179374228
  1 1 41 7 0 31 0 0.00541924945513991 0.121933112740648 0.623213687341089 0.249285474936436
  1 1 42 7 0 31 0 0 0.189981255109786 0.659934886170837 0.149985201402463
  1 1 1 8 0 22 0.000985967683899069 0.228187439291416 0.47211111846393 0.26601569283195 0.0326995618041359
  1 1 2 8 0 19 3.66720700545275e-05 0.323019801233439 0.503855416898601 0.162719013275954 0.010368899056114
  1 1 3 8 0 35 0.00458257783428833 0.433693433197502 0.461996938470342 0.091693637951493 0.00803331015446625
  1 1 4 8 0 22 0.0185079722037744 0.499074027710538 0.391393345922443 0.0816219680131238 0.00940259026130021
  1 1 5 8 0 52 0.0110628245140246 0.504761814917742 0.394844695049734 0.0793395260522567 0.00999101784641379
  1 1 6 8 0 60 0.0126883464345683 0.499850555794566 0.396676619324194 0.079956321201843 0.0108280433967144
  1 1 7 8 0 44 0.0337287138272872 0.498893105703241 0.365480817178988 0.0931791063918197 0.00871814082067849
  1 1 8 8 0 65 0.0216996109830895 0.532029868831393 0.34678197054676 0.0864377550679641 0.0130506188458998
  1 1 9 8 0 50 0.0163206392946661 0.461458511917603 0.41202185822042 0.0986143266425349 0.0115844177452296
  1 1 10 8 0 62 0.000542911239116628 0.524310341425233 0.392008945608698 0.0740701043463646 0.00906749557757611
  1 1 11 8 0 60 0.0089801566231288 0.517789279750378 0.397060048737142 0.0660866922717122 0.0100836015055128
  1 1 12 8 0 33 0.000370140880212078 0.583339013570119 0.345108291380339 0.0644207802740504 0.00676150471506144
  1 1 13 8 0 54 0.0115897773771076 0.444662332480558 0.485583893875224 0.0555076648467925 0.00265607799730668
  1 1 14 8 0 55 0.00438325840843329 0.513370136665561 0.408651312610882 0.066052362019296 0.00754268763360776
  1 1 15 8 0 48 0.00429770153024319 0.481621090165834 0.422298759825701 0.0859197629073536 0.00586239164616725
  1 1 16 8 0 24 0.000176973013281624 0.512509360493919 0.401053880602748 0.0779489334247961 0.00831051669072062
  1 1 17 8 0 24 0.00038775206530613 0.593653566809163 0.321547600533724 0.0780134342396501 0.00639715394241573
  1 1 18 8 0 18 0.000470049314446634 0.495353199909024 0.470920871432472 0.0309938192201474 0.00226155184668152
  1 1 19 8 0 16 0.0248366371171375 0.553602611767831 0.351210978442248 0.0642171217928461 0.00613232318682162
  1 1 20 8 0 37 6.0898798111253e-05 0.532546173908171 0.427843465231412 0.0378194929582868 0.00172965876733301
  1 1 21 8 0 22 0 0.507189283238545 0.467599060989163 0.0239658764019527 0.0012454627125117
  1 1 22 8 0 22 0.0639073281402252 0.54710058211549 0.362784000611062 0.0258368263102881 0.000370954991776782
  1 1 23 8 0 60 0 0.4677149395398 0.471112087197717 0.0558869979600038 0.00528566990281238
  1 1 24 8 0 65 0 0.376304489013096 0.529994106408511 0.0804433302501401 0.0132578061960364
  1 1 25 8 0 78 0 0.238478814399628 0.558588760777225 0.16642780558142 0.0365042421848603
  1 1 26 8 0 83 0 0.266870665583293 0.419964574686766 0.224589005125897 0.0885753296658887
  1 1 27 8 0 109 1.22439295402477e-05 0.193261793913301 0.382609682302229 0.34292523779635 0.0811904761713406
  1 1 28 8 0 90 0.000974679583866682 0.264329468448804 0.402398742180589 0.274894824717857 0.0574016028893584
  1 1 29 8 0 96 0.000396273839740222 0.402070172126868 0.384221924315402 0.16603978627835 0.0472709129401401
  1 1 30 8 0 79 0.000449033757966485 0.439067291377878 0.42189432344254 0.109926750606462 0.0286617505895335
  1 1 31 8 0 85 4.89160783892858e-06 0.387143543294221 0.476300258108695 0.113131872125178 0.0234185503186995
  1 1 32 8 0 84 0 0.331858436020898 0.51689746311585 0.127986739367156 0.0232565040554517
  1 1 33 8 0 102 0 0.206889373563784 0.626457987419633 0.15652043035742 0.0101310861554324
  1 1 34 8 0 85 0 0.168553106079093 0.623426084364293 0.197533194576615 0.010486735571455
  1 1 35 8 0 63 0 0.163179553720875 0.654341589386319 0.177555682736534 0.00492237552521714
  1 1 36 8 0 49 0 0.146413099157594 0.679835610106782 0.167268150123574 0.00648242156647901
  1 1 37 8 0 32 0 0.182552315854061 0.65576577536211 0.155605753760137 0.00607516765437875
  1 1 38 8 0 43 0 0.138870303570083 0.615768872984999 0.240673341374377 0.00468616472338659
  1 1 39 8 0 32 0 0.216230955245533 0.579624414258055 0.197471446107128 0.00667110972094925
  1 1 40 8 0 64 0 0.144644463173525 0.589239416760824 0.255210716636394 0.0109028625935858
  1 1 41 8 0 28 0 0.0960018911407357 0.602957133819682 0.292708765426233 0.00832896431592612
  1 1 42 8 0 10 0 0.0776833213101459 0.610739578483239 0.303082154631709 0.00848888455021758
  1 1 15 9 0 90 0 0 0 0 0
  1 1 16 9 0 214 0 0 0 0 0
  1 1 17 9 0 185 0 0 0 0 0
  1 1 18 9 0 290 0 0 0 0 0
  1 1 19 9 0 96 0 0 0 0 0
  1 1 20 9 0 78 0 0 0 0 0
  1 1 21 9 0 119 0 0 0 0 0
  1 1 22 9 0 154 0 0 0 0 0
  1 1 23 9 0 118 0 0 0 0 0
  1 1 24 9 0 107 0 0 0 0 0
  1 1 25 9 0 93 0 0 0 0 0
  1 1 26 9 0 78 0.193163419510725 0.227097533749096 0.193163419510725 0.23492848318872 0.146177722872981
  1 1 27 9 0 89 0.14926724964608 0.234118813954505 0.24600377646673 0.21284432531832 0.157763926673825
  1 1 28 9 0 83 0.225453072317853 0.271535447567788 0.224210752808033 0.186280434828544 0.0925190576593619
  1 1 29 9 0 83 0.223654176896252 0.298332485951244 0.224450332596868 0.164711843972455 0.0888496979154909
  1 1 30 9 0 89 0.155491063962394 0.224763797820659 0.330902806741667 0.212760727827116 0.0760799640824093
  1 1 31 9 0 75 0.101735974563332 0.242627011983143 0.303626685661784 0.240377714640696 0.111630475256075
  1 1 32 9 0 107 0.165495313500695 0.199450076780741 0.249817367038977 0.221958893646426 0.163274931984251
  1 1 33 9 0 99 0.144334935657777 0.21328980748113 0.271847613946106 0.236208656198872 0.134317508970285
  1 1 34 9 0 104 0.288380839054389 0.180970217047219 0.200276467378145 0.191274673790275 0.13909661540488
  1 1 35 9 0 104 0.242075396573506 0.242390030239324 0.217391880558045 0.171592049528371 0.126549030807731
  1 1 36 9 0 111 0.269110548169352 0.329538602607949 0.200285108114613 0.153968637894883 0.047094924365571
  1 1 37 9 0 97 0.201488159283176 0.375263338183674 0.271533208999868 0.11214718039821 0.0395675211395433
  1 1 38 9 0 105 0.0747650477779169 0.309434357602133 0.339878567670395 0.154922885904711 0.120998417512575
  1 1 39 9 0 89 0.146572728365133 0.187443928855272 0.335588361481801 0.215997268206378 0.114397036612215
  1 1 40 9 0 89 0.0770138612199204 0.110323588717623 0.286912137363442 0.302858184070037 0.222891312772859
  1 1 41 9 0 84 0.14787492015292 0.132709069658473 0.250885512231776 0.308613090971685 0.159916555953115
  1 1 42 9 0 113 0.227748837203635 0.170968700002335 0.194257929043432 0.241973158008929 0.16505055354608
  1 1 1 10 0 45 0 0.0632922537986185 0.387760616250338 0.437734390807495 0.111212634671404
  1 1 2 10 0 57 0.000399021122684174 0.00787236052969895 0.574418530219522 0.361457115007837 0.0558529053348592
  1 1 3 10 0 69 0 0.0194049073703165 0.395920311986358 0.522458597029727 0.0622161217150901
  1 1 4 10 0 45 0 0.00812407287451919 0.308300042938432 0.607213659521312 0.0763621372288172
  1 1 5 10 0 94 0 0.0184605573321533 0.627011170391639 0.306365991807756 0.0481622453433653
  1 1 6 10 0 77 0 0.0265973909812649 0.656808725086064 0.293059397929389 0.0235344600975575
  1 1 7 10 0 75 0.000153774617693972 0.0421011450812866 0.647055411284514 0.28062669444295 0.0300629219673377
  1 1 8 10 0 89 0 0.0458552616987092 0.586996842478469 0.310419633624718 0.056728125736686
  1 1 9 10 0 60 0 0.0293310683504468 0.686196035916524 0.238108472508971 0.0463643140218087
  1 1 10 10 0 44 0.00426685183630306 0.00610397532066869 0.489598293699112 0.444870456024394 0.0551602390656679
  1 1 11 10 0 46 0 0.0130906330007499 0.485003592248215 0.412169476204892 0.0897360112889649
  1 1 12 10 0 46 0 0.00600995565236368 0.630554327916131 0.322423632308461 0.0410118816965702
  1 1 13 10 0 45 0 0 0.616091779239415 0.368073230109027 0.015834927783253
  1 1 14 10 0 39 0 0 0.497379178810634 0.473332593995981 0.029288082854978
  1 1 15 10 0 32 0 0 0.527722247947935 0.423222910326756 0.0490546415197045
  1 1 16 10 0 26 0.000301512431737848 0 0.401893783789583 0.555139374906022 0.0426649984383986
  1 1 17 10 0 16 0 0 0.55701007330904 0.399050211745352 0.0439393095880985
  1 1 18 10 0 11 0 0 0.569806833771163 0.393343689363589 0.0368485326029166
  1 1 19 10 0 18 0 0 0.441709380368648 0.519978885857606 0.0383110296114349
  1 1 20 10 0 40 0 0 0.309249178427301 0.64198973914456 0.048760403208126
  1 1 21 10 0 13 0 0 0.414634188779899 0.540938614209101 0.0444267811417848
  1 1 22 10 0 20 0 0.0372152011436355 0.296848410333459 0.571538476870043 0.09439757735395
  1 1 23 10 0 44 0 0 0.233129965849111 0.677868506612983 0.0890013127945314
  1 1 24 10 0 41 0 0.000243951139875266 0.290647041091935 0.612563590559315 0.0965452262253503
  1 1 25 10 0 48 0 0 0.229767125206254 0.627462470431384 0.142770112882161
  1 1 26 10 0 65 0 0 0.209359502579131 0.557078867841388 0.233561351442816
  1 1 27 10 0 85 0 0.00217870191609695 0.149711718925297 0.563410001723941 0.284699390835826
  1 1 28 10 0 85 0.000199724333795257 0 0.27486422701789 0.629557432673573 0.0953783109815083
  1 1 29 10 0 97 0 0 0.298931682304666 0.552587359155127 0.148480208683116
  1 1 30 10 0 111 0.00105212182564173 0.000514851242301539 0.382723320111375 0.549917219012587 0.0657917590906516
  1 1 31 10 0 108 0 0 0.278418082002995 0.690816563894203 0.0307644994257105
  1 1 32 10 0 100 0 0 0.107955776074077 0.806476374632496 0.085566846989288
  1 1 33 10 0 109 0 4.55453583012478e-05 0.0915163465320587 0.792736376164558 0.115700302745254
  1 1 34 10 0 106 0 0 0.145554999067983 0.771882639140791 0.08256151472395
  1 1 35 10 0 60 0 0 0.169713621506464 0.734125330231163 0.0961596567471297
  1 1 36 10 0 40 0 0 0.179475797890908 0.697630869989098 0.122890694058076
  1 1 37 10 0 38 0 0 0.252145884870991 0.683408245845775 0.0644437348262156
  1 1 38 10 0 49 0 0.000144022439539358 0.230730986123705 0.664635339576083 0.104485568862455
  1 1 39 10 0 25 0 0 0.22350654788893 0.677630951433473 0.0988494385824538
  1 1 40 10 0 26 0 0 0.133417342868009 0.71751990542064 0.149046749341348
  1 1 41 10 0 8 0 0 0.196213757592093 0.672992764954148 0.130765793800452
  1 1 42 10 0 4 0 0 0.18533029982663 0.743881129397358 0.0706359233386862
  2 1 5 1 0 120 0 0.0167593613516403 0.636855731362331 0.346360134600566 0
  2 1 6 1 0 130 0 0.0865309304552594 0.326894626164313 0.586487417530092 0
  2 1 8 1 0 94 0 0 0.177763163969493 0.688832260381785 0.13332237297712
  2 1 10 1 0 76 0 0.41201458661863 0.350219738187885 0.237757859216539 0
  2 1 11 1 0 74 0 0.268663610938135 0.644395443185738 0.0869350175591074 0
  2 1 12 1 0 65 0 0.0658691724290618 0.462828697943132 0.471298848792693 0
  2 1 13 1 0 77 0 0.331487137042909 0.449483024487134 0.219025845436926 0
  2 1 14 1 0 88 0 0.212442130893288 0.661398443748161 0.106879936577854 0.0192774490635887
  2 1 15 1 0 66 0 0.293190763514551 0.408375182430387 0.296914043938106 0.00151680858426658
  2 1 16 1 0 69 0 0.201756293622157 0.607374540676125 0.181980599469088 0.00888415252280571
  2 1 17 1 0 43 0 0.242423523305024 0.487264129563829 0.270307738400221 0
  2 1 18 1 0 34 0 0.208937111815559 0.484282264604979 0.294690448874964 0.0120835386331705
  2 1 19 1 0 55 0 0.206534501674311 0.546383705775557 0.224850278687224 0.022228266649137
  2 1 20 1 0 64 0 0.229066672460757 0.609274046291159 0.158665994085495 0.00298990095750983
  2 1 21 1 0 77 0.00143409282083795 0.425388699912292 0.497195914763421 0.0749817474330801 0.000997259025516899
  2 1 22 1 0 67 0 0.252554907891091 0.649407738770014 0.0980351973051046 0
  2 1 23 1 0 133 0.0015468537038727 0.207674751146809 0.60156586991931 0.185202806985218 0.00400681082899485
  2 1 24 1 0 98 0 0.31615820307392 0.545540244259785 0.129120941181775 0.00917865790532294
  2 1 25 1 0 91 0 0.254203395458628 0.552293566392274 0.177225751351095 0.0162742981933999
  2 1 26 1 0 77 0 0.0557443471258538 0.61669258454247 0.311148550510944 0.0164074746783791
  2 1 27 1 0 102 0 0.0504146585199218 0.571031948066069 0.330002525631777 0.0485232069960716
  2 1 28 1 0 76 0 0.0865305854528484 0.42973448872321 0.471042293573599 0.0126500671603133
  2 1 29 1 0 110 0 0.00944106395158415 0.743606840209929 0.225634258572223 0.0212931874012117
  2 1 30 1 0 100 0 0.0209722887963296 0.420222801824248 0.538188854845001 0.0205791535553163
  2 1 31 1 0 108 0 0.0687021582980517 0.836605380056521 0.0884957243493658 0.0061832083848546
  2 1 32 1 0 118 0 0.00346773375056514 0.736185387785766 0.257477786419127 0.0028530963805947
  2 1 33 1 0 129 0 0.0103993955960771 0.517156818545047 0.463634464661573 0.00877793553462024
  2 1 34 1 0 90 0 0.00494013766222851 0.374463469104405 0.620466787688492 0
  2 1 35 1 0 69 0 0.0445999607402646 0.709403004614584 0.245869691891352 0
  2 1 36 1 0 80 0 0 0.684844155692937 0.299651719210006 0.0153078559257551
  2 1 37 1 0 62 0 0.09323644458498 0.567871388957294 0.325089778071622 0.0135054741145883
  2 1 38 1 0 94 0 0.0461655947450667 0.574984294483598 0.374017859367312 0.00476803763305614
  2 1 39 1 0 75 0 0.125507971754582 0.259571828066365 0.589664983697129 0.0250946055506868
  2 1 1 3 0 1 0 0.183671487146352 0.122449071151032 0.591836627709199 0.102039401069426
  2 1 2 3 0 5 0 0.00510178885217451 0.00390136794578051 0.0641908012785926 0.926794973776628
  2 1 3 3 0 5 0 0.00552171912368752 0.0173658889560652 0.168353103002232 0.808750101578397
  2 1 4 3 0 1 0.0434671338715706 0.119969289485535 0.0104321121291769 0.067438897956367 0.758687602009128
  2 1 5 3 0 6 0.0112709688661427 0.0450838754645706 0.00861897619175615 0.0203493412570733 0.914671784419299
  2 1 6 3 0 4 0.07035074624191 0.0294579688515811 0.17414326336385 0.0560331303590115 0.670011541429684
  2 1 7 3 0 5 0 0.210477909751732 0.289407125908631 0.0613893903442551 0.438495645316108
  2 1 8 3 0 1 0 0.0006603244813915 0.0249960675536767 0.153588194578219 0.82074721265894
  2 1 9 3 0 1 0.0434562984147826 0.0674829588193817 0.167837825329158 0.360466597654422 0.360747896225926
  2 1 10 3 0 1 0.178569542406172 0.747759958825843 0.0725438766025072 0.00093495679397418 0.000189913098776005
  2 1 11 3 0 2 0.000686200586347533 0.00914934115130043 0.252048211951564 0.57031909414496 0.167788984339853
  2 1 12 3 0 5 0 0 1.30543338577782e-05 0.526221337781449 0.473759088409042
  2 1 13 3 0 4 0 0 0.06965114048519 0.383081272668545 0.547258960955064
  2 1 14 3 0 8 0.00845844972003104 0.0919856407053376 0.0151832671918557 0.461679332994893 0.42268308023035
  2 1 15 3 0 11 0 0 0.0259065293175532 0.756470656072553 0.217614846267447
  2 1 16 3 0 5 0.0272696751683235 0.218157401346588 0.54539350336647 0.209067509623813 0
  2 1 17 3 0 5 0 0 0.182790257253546 0.731161029014183 0.0860189445899039
  2 1 18 3 0 1 0 0 0.00990041094701873 0.772232053867461 0.217809040834412
  2 1 20 3 0 4 0 0 0.0101009822967951 0.474746167949369 0.515150097136549
  2 1 22 3 0 4 0 0 0.123326043886166 0.464818381512174 0.411852043481554
  2 1 23 3 0 3 0 0 0.0178570255967968 0.714281023871872 0.267855383951952
  2 1 24 3 0 3 0 0.00921650572081217 0.124422827230964 0.456217033180202 0.410134504576141
  2 1 25 3 0 2 0.113043915784463 0.621741536814547 0.263769136830414 0 0
  2 1 26 3 0 4 0 0 0.00864190090009608 0.523277826560172 0.468036521811993
  2 1 27 3 0 5 0.00612327142043333 0.251054128237766 0.251054128237767 0.367396285226 0.122465428408667
  2 1 28 3 0 4 0.00315872753667326 0.144969046681512 0.255284675178299 0.401075660898553 0.195240781571972
  2 1 29 3 0 4 0 0.0104868383033022 0.120949753805603 0.716861853652287 0.151588830187575
  2 1 30 3 0 24 0.0284355841859942 0.123220864805975 0.383880386510921 0.431273026820912 0.0331748482169932
  2 1 31 3 0 10 0.00102675747596086 0.0170346631128983 0.377527124723897 0.595612143122135 0.00745159333726363
  2 1 32 3 0 12 0 0.270945438544134 0.427808587174948 0.285205724783299 0.0142602862391649
  2 1 33 3 0 4 0.00994572168111982 0.0596743300867189 0.795657734489585 0.119348660173438 0.00994572168111982
  2 1 35 3 0 2 0.140436795366848 0.469186566339244 0.309479688208702 0.0765164521903359 0.00318320173008841
  2 1 36 3 0 10 0.00274814975505746 0.0693812347093054 0.800099290057222 0.122906228845643 0.00482134745716334
  2 1 37 3 0 9 0.173246041868418 0.349017260854576 0.397151356761211 0.0805781371601368 0
  2 1 38 3 0 13 0.00875490073916164 0.0357116555753581 0.270729247824861 0.667200180073925 0.0176004046947509
  2 1 39 3 0 16 0 0.24915100423786 0.645833343486108 0.105014706794338 0
  2 1 41 3 0 15 0 0.102359173359183 0.710266786332325 0.169830877695593 0.0174816772895113
  2 1 42 3 0 16 0.0111436728835718 0.253697308069693 0.67279599665014 0.061492972896719 0.000866933061160961
  2 1 21 4 0 5 0 0.196680362300286 0.770331419009452 0.0327800603833809 0
  2 1 23 4 0 54 0 0.0012779536478534 0.456941798805923 0.315988422712984 0.225786485060433
  2 1 24 4 0 56 0.000467110311618518 0.0340990527481518 0.141733721727371 0.591138380706751 0.232555312692599
  2 1 25 4 0 60 0.0259931500981069 0.0373322551318312 0.261645537886806 0.512732896120146 0.16229177965061
  2 1 26 4 0 46 0.0101708984003006 0.0427177732812625 0.143467086954165 0.67084045918743 0.132799743064107
  2 1 27 4 0 33 0 0.699724484047526 0.300248265630382 0 0
  2 1 28 4 0 32 0.0613006238920203 0.201758637800006 0.0516166276721945 0.492503054250977 0.192816504451053
  2 1 29 4 0 38 0 0 0.458061434373917 0.438706725879244 0.103225111971587
  2 1 30 4 0 31 0.00364884504185237 0.178793407050766 0.153251491757799 0.225990305518356 0.438284228884084
  2 1 31 4 0 36 0.0111625878802599 0.0524921636474023 0.0475671146279793 0.603102970760393 0.285664431937229
  2 1 32 4 0 29 0 0 0 0.63635251280001 0.363630007314292
  2 1 33 4 0 27 0 0 0.0394316136038064 0.69241913488284 0.268134972505883
  2 1 34 4 0 31 0 0.00151001572951388 0.299519399753565 0.557999151083143 0.140963539723593
  2 1 35 4 0 23 0 0 0.243127202594288 0.661155371723952 0.0957089643833177
  2 1 36 4 0 21 0 0.00179044417172749 0.181938714662018 0.705096438759407 0.111164012070862
  2 1 37 4 0 23 0 0 0.0955697452793638 0.743543190741998 0.160874554428635
  2 1 38 4 0 21 0 0.121678308096354 0.265085468464426 0.484700112618119 0.128528662394726
  2 1 39 4 0 28 0 0.0994594758192025 0.111196103363908 0.535279986169858 0.254054728628192
  2 1 40 4 0 27 0 0.127947610875359 0.186777004287455 0.516966872309381 0.168300232265834
  2 1 41 4 0 24 0.00249685588459245 0.123594366287326 0.297125850266502 0.545563010783451 0.0312106985574056
  2 1 42 4 0 26 0 0.257840937545528 0.100032590809981 0.601987928325312 0.0401325285550208
  2 1 11 5 0 29 0 0 0.382169131093745 0.488414549050243 0.129283095801517
  2 1 21 5 0 24 0 0.00513940587345608 0.588994590034534 0.370507500359424 0.0353291304730582
  2 1 22 5 0 27 0 0 0.0740706116940403 0.814776728634443 0.11110591754106
  2 1 23 5 0 38 0 0 0.119008246707241 0.627200547906542 0.253732538746319
  2 1 24 5 0 63 0 0 0.0283798565259753 0.808151065169489 0.163422781143687
  2 1 25 5 0 38 0 0 0.062495822088827 0.489550606362478 0.447886724969927
  2 1 26 5 0 61 0 0 0.53803079058014 0.235789097918021 0.226006719907474
  2 1 27 5 0 66 0 0 0.660282430897599 0.327680505648938 0.0120289256413877
  2 1 28 5 0 68 0 0 0.497951798330053 0.46553057155729 0.0365125728060702
  2 1 29 5 0 89 0 0 0.475628149002298 0.505005041033373 0.019347105805649
  2 1 30 5 0 89 0 0 0.730714600829107 0.262134082987224 0.00713290021733943
  2 1 31 5 0 112 0 0 0.54301824001561 0.436173398622757 0.0207946354104315
  2 1 32 5 0 107 0 0 0.183194449892023 0.805673212893255 0.0111066519879726
  2 1 33 5 0 148 0 0 0.675660843353277 0.324317204809573 0
  2 1 37 5 0 53 0 0 0.910689058986878 0.0787953808811286 0.00927004480954454
  2 1 38 5 0 83 0 0.01995504588577 0.917932110745422 0.0598651376573101 0
  2 1 42 5 0 39 0 0.0799854264957266 0.919832404700855 0 0
  2 1 2 7 0 5 0 0 0 0 0
  2 1 7 7 0 5 0 0 0 0 0
  2 1 8 7 0 5 0 0 0 0 0
  2 1 9 7 0 5 0 0 0 0 0
  2 1 10 7 0 5 0 0 0.0473698438649729 0.391877799246594 0.546906379168323
  2 1 11 7 0 1 0 0 0 0 0
  2 1 12 7 0 5 0 0 0.000705349995797932 0.199614048810815 0.794224095268472
  2 1 13 7 0 1 0 0 0.00113765189614806 0.19340082234517 0.805457542472825
  2 1 14 7 0 2 0.00855261751418165 0 0.106578772099802 0.269078504869254 0.615788461021079
  2 1 15 7 0 8 0 0 0 0.227097871576339 0.77289969801028
  2 1 16 7 0 3 0 0 0.00172785736033513 0.311446289200408 0.686823300733216
  2 1 17 7 0 3 0 0 0.00356505610492722 0.531193359634156 0.465239821693003
  2 1 18 7 0 1 0 0 0.043682433392496 0.595584145609516 0.360732353176741
  2 1 19 7 0 3 0.0041455507117496 0.000460616745749956 0.120220970640738 0.700598070285682 0.174573746639233
  2 1 20 7 0 3 0 0 0.241978279410166 0.708555182803247 0.0494651731390946
  2 1 21 7 0 3 0 0.00354609473090444 0.303191099492329 0.574467346406519 0.118794173485299
  2 1 22 7 0 2 0 0 0.448844418572623 0.501649644287049 0.0495048991072745
  2 1 23 7 0 6 0 0.00250088842074495 0.308323815300413 0.644514673003413 0.044658721799017
  2 1 24 7 0 1 0 0 0.11265129504791 0.769495000019573 0.117850585588583
  2 1 25 7 0 1 0 0 0.0324908117988213 0.812270294970531 0.155233878594368
  2 1 26 7 0 2 0 0.00166943905916582 0.252085297934039 0.632717403423846 0.113521856023276
  2 1 27 7 0 2 0 0 0.0118925940011821 0.739322927073488 0.248753424524726
  2 1 28 7 0 4 0 0 0.146628893126829 0.717292693404216 0.136061044973544
  2 1 29 7 0 7 0 0.000560687346116697 0.124472590837907 0.745994514008265 0.12895808960684
  2 1 30 7 0 6 0.000707700021299052 0 0.0817393524600406 0.746269672459851 0.171263405154371
  2 1 31 7 0 10 0 0 0.0473675846037616 0.784196678440053 0.168418078591152
  2 1 32 7 0 7 0 0 0.0750619416681656 0.757528884115545 0.167397551921055
  2 1 33 7 0 15 0.00186070276182292 0.000531629360520833 0.0898453619280208 0.692447242078385 0.215309891010937
  2 1 34 7 0 19 0 0.00172215309861258 0.255452709627533 0.612225426556772 0.130596609978121
  2 1 35 7 0 13 0 0.000667778200017351 0.0550917015014314 0.622369282416171 0.321869092408363
  2 1 36 7 0 23 0 0.00056043158407815 0.0143844106580059 0.651408311226837 0.333643603054525
  2 1 37 7 0 7 0 0.000252652397019632 0.053562308168162 0.634915473710336 0.311267753128187
  2 1 38 7 0 7 0 0.00031466276459054 0.143171557888696 0.694146058686731 0.162365986528719
  2 1 39 7 0 19 0.000996213478205162 0.000597728086923097 0.0838811748648747 0.676827437092587 0.237696535899752
  2 1 40 7 0 25 0 0.000358679617071091 0.100968312205512 0.677545796647291 0.221125983924328
  2 1 41 7 0 31 0 0.00211069110770235 0.176359968110241 0.585599521770309 0.235928361594285
  2 1 42 7 0 31 0 0 0.125671356866857 0.668534244150457 0.205792686616545
  3 1 1 2 0 2 0.119556465992665 0.180283326714152 0.147006634527911 0.477164813140108 0.0759885643592485
  3 1 2 2 0 5 0.325141817669029 0.245563773478648 0.164893650881566 0.203358725466655 0.061041810330007
  3 1 3 2 0 2 0.0579369197466248 0.243036182979639 0.482945015863681 0.17775974511428 0.0383219529460844
  3 1 4 2 0 5 0.0585412154341881 0.0846390419377086 0.278813106106263 0.534300793325573 0.0437053021111873
  3 1 5 2 0 5 0.247895146564263 0.065769389055083 0.103431351055904 0.502686480318454 0.0801928236188276
  3 1 6 2 0 5 0.382899452753917 0.252083963947852 0.169448790893293 0.143223547318678 0.0523287678471482
  3 1 7 2 0 5 0.0685796152078639 0.142701678651396 0.323959010621422 0.418852844388977 0.0458861789313
  3 1 8 2 0 1 0.23519022550821 0.138211956188986 0.196157351993076 0.412378098720358 0.0180606656798195
  3 1 9 2 0 5 0.071154958481517 0.154770730842408 0.421420392320522 0.324569283894636 0.0279950696162879
  3 1 10 2 0 5 0.18596925776101 0.178031916265182 0.363802097698547 0.262682664822017 0.00950472032522054
  3 1 11 2 0 2 0.195078132415312 0.226928168501432 0.248239569495898 0.312524866659678 0.0172087627298282
  3 1 12 2 0 5 0.224356338242152 0.11923650456357 0.198882739334569 0.370551146964743 0.0869665699528912
  3 1 13 2 0 5 0.0295780386740958 0.187686612967565 0.310452074227227 0.414545983740528 0.0577348921644786
  3 1 14 2 0 5 0.00319123298826592 0.110409643136753 0.309834102543991 0.532634582217024 0.0439299915000116
  3 1 15 2 0 5 0.114445864305931 0.189951623909181 0.200270398676979 0.456541393926803 0.0387879722844297
  3 1 16 2 0 5 0.182192674447474 0.163510445366151 0.308446877006647 0.326737007132619 0.0191109452544767
  3 1 17 2 0 5 0.0224974186413215 0.18497877549531 0.459947225555907 0.319963287343239 0.0124985659118453
  3 1 18 2 0 5 0 0.0717194657972293 0.321713032290429 0.60039438510252 0.00614738278261965
  3 1 19 2 0 5 0.0489163995556772 0.211450919138878 0.22738563557425 0.501538894430654 0.010708123535139
  3 1 20 2 0 30 0.00153560427551251 0.263935149433795 0.467509610554149 0.264159253818311 0.00286035928648012
  3 1 21 2 0 46 0.0419344634131756 0.21756576302965 0.590985614204676 0.146388393748571 0.00312575705555359
  3 1 22 2 0 10 0.00809235497344521 0.189053627039836 0.58542380151783 0.216951888493005 0.000478301880650722
  3 1 23 2 0 19 0.00034925202492683 0.230818746171866 0.402965508285266 0.363942524147699 0.00192395294470786
  3 1 24 2 0 61 0.000757583016741133 0.117785928158549 0.521809473751952 0.358211087070757 0.00143592152898178
  3 1 25 2 0 29 0.0112723688856422 0.111843931096007 0.538794980997711 0.336818695369686 0.00127000683984275
  3 1 26 2 0 32 0.00476489034588536 0.303631579280542 0.337563462197938 0.353077284543515 0.000962772388148703
  3 1 27 2 0 16 0.0191674342365237 0.246676604683811 0.526420789926181 0.206734369050849 0.00100079005398438
  3 1 28 2 0 31 0.00106458732773656 0.141336950982253 0.652499724741871 0.204351080121513 0.000747641795793879
  3 1 29 2 0 44 0.000101653725218551 0.124774943192892 0.612080555181024 0.261777753135906 0.00126508203251852
  3 1 30 2 0 29 0.00484342826531597 0.277852860385166 0.526539346665558 0.190602649291638 0.000161701067698507
  3 1 31 2 0 25 0.000186583402330843 0.0359031667669919 0.528877289302056 0.432331687561115 0.0027012527815929
  3 1 32 2 0 22 0.00311012620665844 0.154025924609052 0.388527223729958 0.453558974052486 0.000777740836347408
  3 1 33 2 0 35 0.0384571440861148 0.381836120147421 0.314981987054949 0.263791736948244 0.000933000323497177
  3 1 34 2 0 28 0.00528842185795355 0.42887930409116 0.530103662806963 0.0357286054098254 0
  3 1 35 2 0 45 0.00553722589439302 0.151787158991724 0.793882026639299 0.0487935821000399 0
  3 1 36 2 0 51 0.0222650447354025 0.143913349598521 0.777332402264436 0.0564891964364971 0
  3 1 37 2 0 41 0.000417481853868498 0.113866962211882 0.722576109453915 0.16313943901041 0
  3 1 38 2 0 36 0.00854614632283197 0.102715856472459 0.621913498505223 0.26657312793599 0.000251362044617114
  3 1 39 2 0 20 0 0.159609077787113 0.346109878609563 0.494281029149292 0
  3 1 40 2 0 14 0.00176523531318107 0.0875850448698084 0.465340746256873 0.445308950655916 0
  3 1 41 2 0 17 0.000159875026311956 0.150736228356544 0.267178758897369 0.5817652313355 0.000159875026311956
  3 1 42 2 0 24 0.0270102604927229 0.0560997436035041 0.304492016318214 0.611896063664877 0.000501802061609631
  3 1 3 3 0 5 0 0 0 0 0
  3 1 4 3 0 1 0 0 0 0 0
  3 1 5 3 0 6 0 0 0 0 0
  3 1 6 3 0 4 0 0 0 0 0
  3 1 7 3 0 5 0 0 0 0 0
  3 1 8 3 0 1 0 0 0 0 0
  3 1 9 3 0 1 0 0.0578391677779498 0.327755284075049 0.298835700186074 0.269916116297099
  3 1 10 3 0 1 0.455776698143123 0.131564407711417 0.140961865405089 0.230237713494979 0.0328911019278542
  3 1 11 3 0 2 0.035193338367573 0.88486107895612 0.0653590569683498 0.0100552395335923 0
  3 1 12 3 0 5 0.938811468507916 0.0494111299214693 0 0.00988222598429386 0
  3 1 24 3 0 3 0 0 0 0 0
  3 1 25 3 0 2 0.00960874174943936 0.085749494736099 0.73441666883072 0.119215450665205 0.0510091638324809
  3 1 26 3 0 4 0 0.0237388180174689 0.602372507193274 0.352125800592455 0.0217605831826798
  3 1 27 3 0 5 0.237118114425757 0.205769350815611 0.480193252587978 0.0759817833383863 0.000937322470699979
  3 1 28 3 0 4 0.0116718636541462 0.40759269863659 0.44937220037876 0.124100232273869 0.00726254199076111
  3 1 29 3 0 4 0.00404239213145121 0.101641346805669 0.725820958122132 0.156363693657656 0.0121315143814282
  3 1 30 3 0 24 0.0145200760327147 0.242205735124277 0.45467596731737 0.270043134902119 0.0185550235697886
  3 1 31 3 0 10 0.0532785321719172 0.0996803597623563 0.576096834187399 0.262158249362664 0.00878586729857675
  3 1 32 3 0 12 0 0.325481813107268 0.40327401476632 0.271243376931656 0
  3 1 33 3 0 4 0.00793964689090208 0.549130038144343 0.397171932736202 0.0452386641923114 0.000515076673868548
  3 1 34 3 0 6 0.990191998727119 0.00980388117551603 0 0 0
  3 1 35 3 0 2 0.00280058352372547 0.196286893175906 0.600833717915775 0.200075585217325 0
  3 1 37 3 0 9 0 0 0 0 0
  3 1 38 3 0 13 0.444964406281439 0.22950795692411 0.30913316646921 0.0163934254945793 0
  3 1 39 3 0 16 0.0503942747842168 0.678215154641378 0.244651313772899 0.0267378796632851 0
  3 1 40 3 0 27 0.105817863905007 0.721122003306922 0.168327412669165 0.00473256021867691 0
  3 1 41 3 0 15 0.00666754593115383 0.571647640943765 0.416071880968587 0.00561269199639681 0
  3 1 42 3 0 16 0 0 0 0 0
# end fishery length observations 
#  
# Survey diet proportion observations 
# Number of observations, init_int Ndietprop_obs 
  506
# init_matrix obs_dietprop(1,Ndietprop_obs,1,ncol) 
# Survey  Year  Predator  Predator_size InpN  wt_prey_1 wt_prey_2 wt_prey_3 wt_prey_4 wt_prey_5 wt_prey_6 wt_prey_7 wt_prey_8 wt_prey_9 wt_prey_10 wt_prey_11 other 
  1 7 1 3 100 0 0 0 0 0 0.251597148122755 0 0 0 0 0.748402851877245
  1 7 1 4 100 0 0 0 0 0 0.29840848806366 0 0 0 0 0.70159151193634
  1 9 1 2 100 0 0 0 0 0 0.0160160139930524 0 0 0 0 0.983983986006948
  1 10 1 3 100 0 0 0 0 0 0.000652906627244167 0 0 0 0 0.999347093372756
  1 11 1 3 100 0 0 0 0 0 0.202278043323502 0 0 0 0 0.797721956676497
  1 12 1 1 100 0 0 0 0 0 0.033821023125679 0 0 0 0 0.966178976874321
  1 12 1 2 100 0.0392341698392454 0 0 0 0 0 0 0 0 0 0.960765830160755
  1 12 1 4 100 0.624945751236872 0 0 0 0 0 0 0 0 0 0.375054248763128
  1 13 1 2 100 0 0 0 0 0 0.0449633658373481 0 0 0 0 0.955036634162652
  1 13 1 3 100 0 0.148311532708632 0 0 0 0.155985042444426 0 0 0 0 0.695703424846942
  1 13 1 4 100 0 0.458104141596638 0 0 0 0.282879307435924 0 0 0 0 0.259016550967438
  1 13 1 5 100 0 0.971581248481904 0 0 0 0 0 0 0 0 0.0284187515180956
  1 14 1 1 100 0 0 0 0 0 0.306756242869819 0 0 0 0 0.693243757130181
  1 14 1 3 100 0 0 0 0 0 0.0537048765041165 0 0 0 0 0.946295123495884
  1 15 1 2 100 0 0 0 0 0 0.01554180520067 0 0 0 0 0.98445819479933
  1 15 1 3 100 0 0.065685967776205 0 0 0 0 0 0 0 0 0.934314032223795
  1 16 1 2 100 0 0 0 0 0 0.440291558887223 0 0 0 0 0.559708441112777
  1 16 1 3 100 0 0 0 0 0 0.681683168316832 0 0 0 0 0.318316831683168
  1 16 1 4 100 0 0 0 0 0 0.815316582914573 0 0 0 0 0.184683417085427
  1 18 1 1 100 0.229508196721312 0.0392017106200998 0 0 0 0 0 0 0 0 0.731290092658589
  1 18 1 3 100 0.0210857138265026 0.126514282959015 0 0 0 0.049340570354016 0 0 0 0 0.803059432860466
  1 18 1 4 100 0 0.14252591380251 0 0 0 0 0 0 0 0 0.85747408619749
  1 19 1 2 100 0 0.212283428017881 0 0 0 0 0 0 0 0 0.787716571982119
  1 19 1 3 100 0 0.207841125976657 0 0 0 0.0816053063152228 0 0 0 0 0.71055356770812
  1 19 1 4 100 0 0.0253642281857087 0 0 0 0 0 0 0 0 0.974635771814291
  1 20 1 3 100 0 0.115022136217304 0 0 0 0 0 0 0 0 0.884977863782696
  1 21 1 2 100 0 0.0641530563035844 0 0 0 0 0 0 0 0 0.935846943696416
  1 21 1 3 100 0 0.215278265940508 0.000876540170767541 0 0 0 0 0 0 0 0.783845193888724
  1 21 1 4 100 0 0.170988732968129 0 0 0 0.283015833878282 0 0 0 0 0.54599543315359
  1 22 1 2 100 0 0 0 0 0 0.401096947844193 0 0 0 0 0.598903052155807
  1 24 1 2 100 0 0 0 0 0 0.411561549214703 0 0 0 0 0.588438450785297
  1 24 1 3 100 0 0.338747426399423 0 0 0 0 0 0 0 0 0.661252573600577
  1 25 1 3 100 0 0.385594191561117 0 0 0 0.0126194462692729 0 0 0 0 0.60178636216961
  1 25 1 5 100 0 0 0 0 0 0.749997725018427 0 0 0 0 0.250002274981573
  1 26 1 3 100 0 0.407121167013992 0.27639178326883 0 0 0 0 0 0 0 0.316487049717178
  1 26 1 4 100 0 0 0.236603426368137 0 0 0 0 0 0 0 0.763396573631863
  1 27 1 2 100 0 0 0 0 0 0.0246250279829863 0 0 0 0 0.975374972017014
  1 27 1 3 100 0 0.265217391304348 0.148695652173913 0 0.141304347826087 0 0 0 0 0 0.444782608695652
  1 28 1 3 100 0 0.66577896138482 0 0 0 0 0 0 0 0 0.33422103861518
  1 30 1 2 100 0 0 0 0 0 0.346274921301154 0 0 0 0 0.653725078698846
  1 31 1 2 100 0 0 0 0 0 0.0110035727619857 0 0 0 0 0.988996427238014
  1 32 1 1 100 0 0 0 0 0 0.00586510263929619 0 0 0 0 0.994134897360704
  1 32 1 3 100 0 0 0 0 0 0.00332778702163062 0 0 0 0 0.996672212978369
  1 33 1 3 100 0 0.201133662461145 0 0 0.0603400987383434 0.0636923264460291 0 0 0 0 0.674833912354483
  1 34 1 3 100 0 0.33647267165741 0 0 0 0 0 0 0 0 0.66352732834259
  1 35 1 2 100 0 0 0 0 0 0.888157894736842 0 0 0 0 0.111842105263158
  1 35 1 4 100 0 1 0 0 0 0 0 0 0 0 0
  1 36 1 4 100 0 0 0 0 1 0 0 0 0 0 0
  1 38 1 3 100 0 0.13371073332523 0 0 0.191015333321757 0 0 0 0 0 0.675273933353014
  1 38 1 4 100 0 0 0 0 0.36 0 0 0 0 0 0.64
  1 39 1 3 100 0 0.490196078431373 0 0 0 0 0 0 0 0 0.509803921568627
  1 39 1 4 100 0 0 0 0 0.499286733238231 0 0 0 0 0 0.500713266761769
  1 40 1 2 100 0 0.537313432835821 0 0 0 0 0 0 0 0 0.462686567164179
  1 41 1 2 100 0 0 0 0 0.46751480463548 0 0 0 0 0 0.53248519536452
  1 41 1 3 100 0 0 0.170380078636959 0 0 0.00235910878112713 0 0 0 0 0.827260812581913
  1 41 1 4 100 0 0 0 0 1 0 0 0 0 0 0
  2 2 1 5 100 1 0 0 0 0 0 0 0 0 0 0
  2 8 1 2 100 0 0 0 0 0 0 0 0 0 0.00325129987016988 0.99674870012983
  2 9 1 3 100 0 0 0 0 0 0.00186602093812944 0 0 0 0 0.998133979061871
  2 9 1 4 100 0 0 0 0 0 0.0410984104700484 0 0 0 0 0.958901589529952
  2 9 1 5 100 0 0 0 0 0.803209779270303 0 0 0 0 0 0.196790220729697
  2 10 1 2 100 0 0 0 0 0 0.00989702574697749 0 0 0 0 0.990102974253023
  2 10 1 4 100 0 0 0 0 0 0.00849121689752163 0 0 0 0 0.991508783102478
  2 11 1 4 100 0 0.0953825190655151 0 0 0 0 0 0 0 0 0.904617480934485
  2 12 1 1 100 0 0 0 0 0 0.319351470859178 0 0 0 0 0.680648529140822
  2 13 1 4 100 0 0 0 0 0 0 0 0 0 0.005124047965359 0.994875952034641
  2 14 1 3 100 0 0.0583830141075671 0 0 0 0.0280238467716322 0 0 0 0 0.913593139120801
  2 14 1 4 100 0 0.00765886790613704 0 0 0 0.00290398741441029 0 0 0 0 0.989437144679453
  2 14 1 5 100 0 0 0 0 0 0 0.0488739040397276 0 0 0 0.951126095960272
  2 15 1 4 100 0 0.22984441301273 0 0 0 0 0 0 0 0 0.77015558698727
  2 15 1 5 100 0 0 0 0 0 0.10188679245283 0 0 0 0.10188679245283 0.79622641509434
  2 16 1 2 100 0 0 0 0 0 0.0419113644047622 0 0 0 0 0.958088635595238
  2 16 1 3 100 0 0 0 0 0 0.0476051052694851 0 0 0 0 0.952394894730515
  2 16 1 4 100 0 0.768160741885626 0 0 0 0.027477245406148 0 0 0 0 0.204362012708226
  2 19 1 4 100 0 0.245669494411566 0.0201322599563314 0 0.0447383554585142 0.0715813687336228 0 0 0 0 0.617878521439965
  2 19 1 5 100 0 0.501811594202899 0 0 0.144927536231884 0 0 0 0 0 0.353260869565217
  2 20 1 4 100 0 0 0 0 0 0.151178268893071 0 0 0 0 0.848821731106929
  2 21 1 2 100 0 0 0 0 0 0.0191799629783143 0 0 0 0 0.980820037021686
  2 21 1 3 100 0 0.047621652576298 0.181446422546668 0 0 0.0117822352303031 0 0 0 0 0.759149689646731
  2 21 1 4 100 0 0.284224021342414 0.0654938914150083 0 0 0.186330816339939 0 0 0 0 0.463951270902639
  2 21 1 5 100 0 0 0 0 0 0.0341880341880342 0 0 0 0 0.965811965811966
  2 22 1 3 100 0 0.220898879143669 0 0 0 0.0318167109877713 0 0 0 0 0.747284409868559
  2 22 1 4 100 0 0.332819722650231 0 0 0 0 0 0 0 0 0.667180277349769
  2 23 1 3 100 0 0.172940041685893 0.0322197211421171 0 0 0.0025848377683944 0 0 0 0 0.792255399403595
  2 23 1 4 100 0 0.187045467411965 0.0721333237961931 0 0 0 0 0 0 0 0.740821208791842
  2 24 1 3 100 0 0.174848760022569 0.0569883081084012 0 0 0.0974766606397598 0 0 0 0 0.67068627122927
  2 24 1 4 100 0 0 0 0 0 0.178993729795405 0 0 0 0 0.821006270204595
  2 24 1 5 100 0 0.941176470588235 0 0 0 0 0 0 0 0 0.0588235294117647
  2 25 1 2 100 0 0.042911130074363 0 0 0 0 0 0 0 0 0.957088869925637
  2 25 1 3 100 0 0.115048648595978 0 0 0 0 0 0 0 0 0.884951351404022
  2 26 1 3 100 0 0.237842697825248 0 0 0 0.139307865869074 0 0 0 0 0.622849436305678
  2 26 1 4 100 0 0.0469973890339426 0 0 0 0.112271540469974 0 0 0 0 0.840731070496084
  2 27 1 2 100 0 0 0 0 0.459564309161444 0 0 0 0 0 0.540435690838556
  2 27 1 3 100 0.0144240941976796 0.0557294548546713 0 0 0.401252074953633 0 0 0 0 0 0.528594375994016
  2 27 1 5 100 0 0.123076923076923 0 0 0 0 0 0 0 0 0.876923076923077
  2 28 1 3 100 0 0 0 0 0.461107519931049 0 0 0 0 0 0.538892480068951
  2 28 1 4 100 0 0 0 0 0.711313963513939 0 0 0 0 0 0.288686036486061
  2 29 1 3 100 0 0.0986316776916574 0 0 0.259032688887181 0 0 0 0 0 0.642335633421161
  2 29 1 4 100 0 0.150387687740474 0 0 0 0 0 0 0 0 0.849612312259526
  2 30 1 3 100 0 0 0 0 0.032727167469518 0 0 0 0 0 0.967272832530482
  2 32 1 4 100 0 0 0 0 0 0 0 0 0 0.3825540514097 0.6174459485903
  2 33 1 3 100 0 0.084233900136982 0 0 0 0.1359775816497 0 0 0 0 0.779788518213318
  2 33 1 4 100 0 0 0 0 0 0.203408466190214 0 0 0 0 0.796591533809786
  2 34 1 3 100 0 0 0 0 0 0.206608322914806 0 0 0 0 0.793391677085194
  2 35 1 1 100 0 0.491378044901854 0 0 0 0 0 0 0 0 0.508621955098146
  2 35 1 2 100 0 0.318240593181826 0 0 0 0 0 0 0 0 0.681759406818174
  2 35 1 3 100 0 0.0430170713223985 0.0774307283803173 0 0.287354036433622 0 0 0 0 0 0.592198163863662
  2 35 1 4 100 0 0.471698113207547 0 0 0 0 0 0 0 0 0.528301886792453
  2 36 1 3 100 0 0.559530878169569 0 0 0 0 0 0 0 0 0.440469121830431
  2 37 1 3 100 0 0 0 0 0.0912360584600174 0 0 0 0 0 0.908763941539983
  2 38 1 2 100 0 0 0 0 0 0.267428031169923 0 0 0 0 0.732571968830077
  2 38 1 3 100 0 0 0 0 0 0.477935319420105 0 0 0 0 0.522064680579895
  2 39 1 3 100 0 0 0.193195901544847 0 0 0 0 0 0 0 0.806804098455153
  2 40 1 2 100 0 0 0.137216528974302 0 0 0.0128640495913408 0 0 0 0 0.849919421434357
  2 40 1 3 100 0 0 0 0 0.278336008846802 0.155868164954209 0 0 0 0 0.565795826198989
  2 40 1 4 100 0 0 0 0 0.126984126984127 0 0 0 0 0 0.873015873015873
  2 41 1 2 100 0 0 0 0 0 0.619299628420223 0 0 0 0 0.380700371579777
  2 41 1 3 100 0 0 0 0 0 0.0594507801885627 0 0 0 0 0.940549219811437
  2 41 1 4 100 0 0 0 0 0 0.1736894342687 0 0 0 0 0.8263105657313
  2 42 1 2 100 0 0 0 0 0 0.142781751724289 0 0 0 0 0.857218248275711
  1 3 4 1 100 0 0 0 0 0 0 0 0 0 0.568345323741007 0.431654676258993
  1 3 4 5 100 0 0 0 0 0.492941274747306 0 0 0 0 0 0.507058725252694
  1 5 4 5 100 1 0 0 0 0 0 0 0 0 0 0
  1 11 4 5 100 0 0.666666666666667 0 0 0 0.244444444444444 0 0 0 0 0.0888888888888889
  1 18 4 2 100 0 1 0 0 0 0 0 0 0 0 0
  1 19 4 3 100 0 0 0.949937071738219 0 0 0 0 0 0 0 0.0500629282617815
  1 20 4 4 100 0.917431192660551 0 0 0 0 0 0 0 0 0 0.0825688073394495
  1 21 4 4 100 0 0 0.132743362831858 0 0 0 0 0 0 0 0.867256637168142
  1 23 4 1 100 0 0 0.713362068965517 0 0 0 0 0 0 0 0.286637931034483
  1 23 4 3 100 0 0 0.177698800533096 0 0 0 0 0 0 0 0.822301199466904
  1 24 4 3 100 0 0 0 0 0 0.72 0 0 0 0 0.28
  1 24 4 4 100 0 0 0.576923076923077 0 0 0 0 0 0 0 0.423076923076923
  1 25 4 2 100 0 0 0 0 0 0.775510204081633 0 0 0 0 0.224489795918367
  1 25 4 3 100 0 0 0 0 0 0.424507658643326 0 0 0 0 0.575492341356674
  1 25 4 4 100 0 0.242424242424242 0 0 0 0 0 0 0 0 0.757575757575758
  1 25 4 5 100 0 0.7 0 0 0 0 0 0 0 0 0.3
  1 26 4 4 100 0 0 0 0 0.0452261306532663 0.954773869346734 0 0 0 0 0
  1 27 4 2 100 0 0 0 0 1 0 0 0 0 0 0
  1 27 4 4 100 0.529411764705882 0.0588235294117647 0 0 0 0 0 0 0 0 0.411764705882353
  1 27 4 5 100 0 0 0 0 0 1 0 0 0 0 0
  1 28 4 3 100 0 0 0 0 0 0.995619275189168 0 0 0 0 0.00438072481083229
  1 30 4 4 100 0 0.715705765407555 0 0 0 0.214711729622266 0 0 0 0 0.0695825049701789
  1 32 4 2 100 0 0 0 0 0 0.166666666666667 0 0 0 0 0.833333333333333
  1 32 4 3 100 0 0.0714285714285714 0 0 0 0.152380952380952 0 0 0 0 0.776190476190476
  1 32 4 4 100 0 0 0 0 0 0 0.173913043478261 0 0 0 0.826086956521739
  1 33 4 2 100 0 0.0946745562130178 0 0 0 0 0 0 0 0 0.905325443786982
  1 33 4 3 100 0 0 0 0 0.078009381810123 0 0 0 0 0 0.921990618189877
  1 34 4 1 100 0 0 0 0 0.858525417555544 0.0629585306207399 0 0 0 0 0.0785160518237161
  1 34 4 2 100 0 0 0 0 0.483870967741935 0.516129032258065 0 0 0 0 0
  1 34 4 3 100 0 0 0 0 0 0.0963111449044953 0 0 0 0.195156793622267 0.708532061473238
  1 35 4 1 100 0 0 0 0 0 1 0 0 0 0 0
  1 35 4 2 100 0 0 0 0 0 0.711111111111111 0 0 0 0 0.288888888888889
  1 35 4 3 100 0 0 0 0 0 0.348434622467772 0 0 0 0 0.651565377532228
  1 35 4 4 100 0 0 0 0 0 0 0.545436514495389 0 0 0 0.454563485504611
  1 36 4 1 100 0 0 0 0.512589928057554 0 0.419064748201439 0 0 0 0 0.0683453237410071
  1 36 4 3 100 0 0 0 0 0.254372019077901 0 0 0 0 0 0.745627980922099
  1 36 4 4 100 0 0 0 0 0.445736434108527 0.267441860465116 0 0 0 0 0.286821705426357
  1 37 4 2 100 0 0 0 0 0.549141965678627 0.343213728549142 0 0 0 0 0.107644305772231
  1 37 4 3 100 0 0 0 0 0.769911504424779 0 0 0 0 0 0.230088495575221
  1 37 4 4 100 0 0 0 0 0.941769185705917 0 0 0 0 0 0.0582308142940832
  1 38 4 1 100 0 0 0 0 0 0.418622351896486 0 0 0 0 0.581377648103514
  1 38 4 2 100 0 0 0 0 0 0.8 0 0 0 0 0.2
  1 38 4 3 100 0 0 0 0 0.752136752136752 0 0 0 0 0 0.247863247863248
  1 38 4 4 100 0 0 0 0 0.571428571428571 0 0 0 0 0 0.428571428571429
  1 39 4 1 100 0 0 0 0 0.848281642917016 0 0 0 0 0 0.151718357082984
  1 39 4 2 100 0 0 0 0 0.356208003885905 0.0445260004857382 0 0 0 0 0.599265995628356
  1 39 4 3 100 0 0 0.386429682483611 0.206095830657926 0.14555518040216 0.0465355017633294 0 0 0 0 0.215383804692974
  1 39 4 4 100 0 0.6 0 0 0.2 0 0 0 0 0 0.2
  1 40 4 1 100 0 0 0 0 0 0.905598243688255 0 0 0 0 0.0944017563117453
  1 40 4 4 100 0 0 0 0 0.274725274725275 0 0 0 0 0 0.725274725274725
  1 41 4 2 100 0 0 0 0 0 0.313432835820896 0 0 0 0 0.686567164179104
  1 41 4 3 100 0 0 0 0 0.103806228373702 0.103806228373702 0 0 0 0 0.792387543252595
  1 41 4 4 100 0 0 0 0 0 0.571428571428572 0 0 0 0 0.428571428571428
  1 42 4 2 100 0 0 0 0 0 0.446428571428571 0 0 0 0 0.553571428571429
  1 42 4 3 100 0 0 0 0 0 0.600612870275792 0 0 0 0 0.399387129724208
  1 42 4 4 100 0 0 0 0 0.129407958589453 0 0 0 0 0 0.870592041410547
  2 5 4 3 100 0 0 0 0 0 1 0 0 0 0 0
  2 7 4 3 100 0.95 0 0 0 0 0 0 0 0 0 0.05
  2 9 4 4 100 0 0 0 0 0 0.5 0 0 0 0 0.5
  2 11 4 3 100 0 0 0 0 0 0 1 0 0 0 0
  2 17 4 3 100 0 0 0 0 0 1 0 0 0 0 0
  2 19 4 3 100 0 0 0 0 0 1 0 0 0 0 0
  2 20 4 4 100 0 0.5 0 0 0 0 0 0 0 0 0.5
  2 22 4 3 100 0 0 0 0 0 0 0 0 0 1 0
  2 22 4 4 100 0 0 0 0 0 0.539993199455956 0 0 0 0 0.460006800544044
  2 28 4 4 100 0 0 0 0 1 0 0 0 0 0 0
  2 29 4 3 100 0 0 0 0 0 1 0 0 0 0 0
  2 32 4 2 100 0 0 0 0 0 0.48 0 0 0 0 0.52
  2 33 4 5 100 0 0 0 0 1 0 0 0 0 0 0
  2 34 4 1 100 0 0.5 0 0 0 0 0 0 0 0 0.5
  2 34 4 5 100 0 0 0 0 0 1 0 0 0 0 0
  2 35 4 2 100 0 0.384615384615385 0 0 0 0.192307692307692 0 0 0 0 0.423076923076923
  2 35 4 3 100 0 0 0 0 0 1 0 0 0 0 0
  2 36 4 3 100 0 0.493589743589744 0 0 0 0.153846153846154 0 0 0 0 0.352564102564103
  2 37 4 2 100 0 0 0 0 0 1 0 0 0 0 0
  2 39 4 1 100 0 0 0.657366293752129 0 0 0 0 0 0 0 0.342633706247871
  2 39 4 2 100 0 0 0 0 0.127450980392157 0.261437908496732 0 0 0 0 0.611111111111111
  2 39 4 3 100 0 0 0 0 0.581573308846036 0.290786654423018 0 0 0 0 0.127640036730946
  2 40 4 2 100 0 0 0.238095238095238 0 0.529100529100529 0 0 0 0 0 0.232804232804233
  2 40 4 3 100 0 0 0 0 0.12851156293652 0.16063945367065 0 0 0 0 0.710848983392829
  2 41 4 3 100 0 0 0 0 0.25974025974026 0.00848484848484848 0 0 0 0 0.731774891774892
  2 42 4 3 100 0 0 0 0 0 0.546875 0 0 0 0 0.453125
  1 8 6 2 100 0 0 0 0 0 0.192883841728891 0 0 0 0 0.807116158271109
  1 8 6 3 100 0 0 0 0 0 0.12539433160533 0 0 0 0 0.87460566839467
  1 9 6 4 100 0 0 0 0 0 0.956521739130435 0 0 0 0 0.0434782608695652
  1 10 6 4 100 0 1 0 0 0 0 0 0 0 0 0
  1 11 6 2 100 0 0 0 0 0 0.21947631287948 0 0 0 0 0.78052368712052
  1 11 6 3 100 0 0.323741007194245 0 0 0 0.0143884892086331 0 0 0 0 0.661870503597122
  1 12 6 2 100 0 0 0 0 0 0.225513087199909 0 0 0 0 0.774486912800091
  1 12 6 3 100 0 0.11237267586171 0 0 0 0.0571180711729247 0 0 0 0 0.830509252965365
  1 13 6 2 100 0 0 0 0 0 0.235746567965522 0 0 0 0 0.764253432034478
  1 13 6 3 100 0 0.675396165207484 0 0 0 0.0507421560200263 0 0 0 0 0.273861678772489
  1 13 6 4 100 0 0.58584686774942 0 0 0 0 0 0 0 0 0.41415313225058
  1 14 6 1 100 0 0 0 0 0 0.250052476807213 0 0 0 0 0.749947523192787
  1 14 6 2 100 0 0 0 0 0 0.355028525844969 0 0 0 0 0.644971474155031
  1 14 6 3 100 0 0.396528063994597 0 0 0 0.070150005467662 0 0 0 0 0.533321930537741
  1 15 6 2 100 0 0.385423447964522 0 0 0 0.276933884833768 0 0 0 0 0.33764266720171
  1 15 6 3 100 0 0 0 0 0 0.341897868801379 0 0 0 0 0.658102131198621
  1 16 6 2 100 0 0 0 0 0 0.0713247111378132 0 0 0 0 0.928675288862187
  1 16 6 3 100 0 0 0 0 0 0.0133696111085049 0 0 0 0 0.986630388891495
  1 17 6 2 100 0 0 0 0 0 0.21215025931893 0 0 0 0 0.78784974068107
  1 17 6 3 100 0 0.204278677855498 0.195266383244226 0 0 0.185514898408272 0 0 0 0 0.414940040492004
  1 17 6 4 100 0 0 0.3 0 0 0 0 0 0 0 0.7
  1 18 6 2 100 0 0 0 0 0 0.017975994074065 0 0 0 0 0.982024005925935
  1 18 6 3 100 0 0 0 0 0 0.00770283505377089 0 0 0 0 0.992297164946229
  1 19 6 2 100 0 0 0 0 0 0.195045525783828 0 0 0 0 0.804954474216172
  1 19 6 3 100 0 0.630729321093809 0 0 0 0.0406922142641167 0 0 0 0 0.328578464642074
  1 19 6 4 100 0 0.882352941176471 0 0 0 0 0 0 0 0 0.117647058823529
  1 20 6 1 100 0 0 0 0 0 0.46742209631728 0 0 0 0 0.53257790368272
  1 20 6 2 100 0 0 0 0 0 0.142815153031916 0 0 0 0 0.857184846968084
  1 20 6 3 100 0 0.376331320588522 0 0 0 0.150532528235409 0 0 0 0 0.47313615117607
  1 20 6 4 100 0 0.793650793650794 0 0 0 0 0 0 0 0 0.206349206349206
  1 21 6 2 100 0 0 0 0 0 0.0227791918005842 0 0 0 0 0.977220808199416
  1 21 6 3 100 0 0.168212908805536 0.06167806656203 0 0 0.00468957200306344 0 0 0 0 0.76541945262937
  1 21 6 4 100 0 0.436796823295831 0 0 0 0.00727994705493051 0 0 0 0 0.555923229649239
  1 22 6 2 100 0 0 0 0 0 0.0524600159500814 0 0 0 0 0.947539984049919
  1 22 6 3 100 0 0.406680996052069 0.232389140601182 0 0 0 0 0 0 0 0.360929863346749
  1 23 6 3 100 0 0 0.233515900309939 0 0 0.0210164310278945 0 0 0 0 0.745467668662166
  1 23 6 4 100 0 0.113348426465958 0.428205166649175 0 0 0.113348426465958 0 0 0 0 0.345097980418909
  1 24 6 2 100 0 0 0 0 0 0.0437734552424312 0 0 0 0 0.956226544757569
  1 24 6 4 100 0 0.775907417148869 0.144660704892162 0 0 0 0 0 0 0 0.079431877958969
  1 25 6 2 100 0 0.463603902848859 0 0 0 0 0 0 0 0 0.536396097151141
  1 25 6 3 100 0 0.874269845829742 0 0 0 0 0 0 0 0 0.125730154170258
  1 25 6 4 100 0 0 0 0 0 1 0 0 0 0 0
  1 26 6 1 100 0 0 0 0 0 0.101914055860412 0 0 0 0 0.898085944139588
  1 26 6 2 100 0 0 0 0 0 0.140745656026661 0 0 0 0 0.859254343973339
  1 26 6 3 100 0 0 0.233463035019455 0 0 0 0 0 0 0 0.766536964980545
  1 27 6 3 100 0 0.273130761351997 0 0 0.204848071013998 0.238989416182998 0 0 0 0 0.283031751451007
  1 27 6 4 100 0 0.816993464052288 0 0 0 0 0 0 0 0 0.183006535947712
  1 27 6 5 100 0 1 0 0 0 0 0 0 0 0 0
  1 28 6 3 100 0 0.791397873506032 0 0 0 0 0 0 0 0 0.208602126493968
  1 29 6 2 100 0 0 0 0 0 0.103049893657579 0 0 0 0 0.896950106342421
  1 29 6 3 100 0 0 0 0 0 0.084402770668008 0 0 0 0 0.915597229331992
  1 30 6 3 100 0 0 0 0 0 0.440209447479211 0 0 0 0 0.559790552520789
  1 31 6 2 100 0 0 0 0 0 0.000818973047918904 0 0 0 0 0.999181026952081
  1 32 6 1 100 0 0 0 0 0 0.405298631706763 0 0 0 0 0.594701368293237
  1 32 6 2 100 0 0 0 0 0 0.249417078776742 0 0 0 0 0.750582921223258
  1 32 6 3 100 0 0 0 0 0 0.468995471222368 0 0 0 0 0.531004528777632
  1 32 6 4 100 0 0.807407407407407 0 0 0 0 0 0 0 0 0.192592592592593
  1 32 6 5 100 0 1 0 0 0 0 0 0 0 0 0
  1 33 6 2 100 0 0 0 0 0.0790358048769714 0 0 0 0 0 0.920964195123029
  1 33 6 3 100 0 0.175504983246609 0 0 0 0 0 0 0 0 0.824495016753391
  1 34 6 2 100 0 0 0 0 0 0.458707164854768 0 0 0 0 0.541292835145232
  1 34 6 3 100 0 0 0 0 0 0.18716577540107 0 0 0 0 0.812834224598931
  1 34 6 4 100 0 0.859106529209622 0 0 0 0 0 0 0 0 0.140893470790378
  1 35 6 1 100 0 0 0 0 0 0.464844324791601 0 0 0 0 0.535155675208399
  1 35 6 3 100 0 0 0.100532085155351 0 0 0.13471299410817 0 0 0 0 0.764754920736479
  1 35 6 4 100 0 0 0 0 0 0.974025974025974 0 0 0 0 0.0259740259740261
  1 35 6 5 100 0 0 0 0 0 1 0 0 0 0 0
  1 36 6 1 100 0 0 0 0 0 0.0535245831655926 0 0 0 0 0.946475416834407
  1 36 6 2 100 0 0 0 0 0 0.163350743806903 0 0 0 0 0.836649256193097
  1 36 6 3 100 0 0 0 0 0 0.746423289332435 0 0 0 0 0.253576710667565
  1 36 6 4 100 0 0.941176470588235 0 0 0 0 0 0 0 0 0.0588235294117647
  1 37 6 3 100 0 0 0 0 0.310752019888129 0 0 0 0 0 0.689247980111871
  1 37 6 4 100 0 0 0 0 0 0.214285714285714 0 0 0 0 0.785714285714286
  1 39 6 1 100 0 0 0 0 0 0.0725504136743739 0 0 0 0 0.927449586325626
  1 39 6 3 100 0 0 0 0 0.0547678451895576 0.0328607071137346 0 0 0 0 0.912371447696708
  1 40 6 1 100 0 0 0 0 0 0.10601588150198 0 0 0 0 0.89398411849802
  1 40 6 2 100 0 0 0 0 0 0.458759513070107 0 0 0 0 0.541240486929893
  1 41 6 1 100 0 0 0 0 0 0.0569247801861522 0 0 0 0 0.943075219813848
  1 41 6 3 100 0 0 0 0 0 0.0716988871501097 0 0 0 0 0.92830111284989
  1 42 6 1 100 0 0 0 0 0 0.377579901742194 0 0 0 0 0.622420098257806
  1 42 6 2 100 0 0 0 0 0 0.126655191867038 0 0 0 0 0.873344808132962
  1 42 6 3 100 0 0 0 0 0 0.688800792864222 0 0 0 0 0.311199207135778
  2 9 6 3 100 0 0 0 0 0 0.660946911706856 0 0 0 0 0.339053088293144
  2 13 6 4 100 0 0 0 0 0 0.625 0 0 0 0 0.375
  2 14 6 3 100 0 0 0 0 0 0.343213728549142 0 0 0 0 0.656786271450858
  2 16 6 2 100 0 0 0 0 0 0.32429295096488 0 0 0 0 0.67570704903512
  2 18 6 2 100 0 0 0 0 0 0.64638348692893 0 0 0 0 0.35361651307107
  2 18 6 3 100 0 0 0 0 0 0.555555555555556 0 0 0 0 0.444444444444444
  2 21 6 2 100 0 0 0 0 0 0.970873786407767 0 0 0 0 0.029126213592233
  2 22 6 3 100 0 0 0 0 0 0.386066508730368 0 0 0 0 0.613933491269632
  2 22 6 4 100 0 0 0 0 0 0.485175202156334 0 0 0 0 0.514824797843666
  2 23 6 2 100 0 0.545415652455033 0 0 0 0 0 0 0 0 0.454584347544967
  2 25 6 1 100 0 0.256410256410256 0 0 0 0 0 0 0 0 0.743589743589744
  2 26 6 2 100 0 0 0 0 0 0.56 0 0 0 0 0.44
  2 26 6 3 100 0 0 0 0 0 0.888888888888889 0 0 0 0 0.111111111111111
  2 29 6 2 100 0 0.184274136214987 0 0 0 0 0 0 0 0 0.815725863785014
  2 30 6 3 100 0 0.932835820895522 0 0 0 0 0 0 0 0 0.0671641791044776
  2 31 6 3 100 0 0.90293453724605 0 0 0 0 0 0 0 0 0.0970654627539502
  2 32 6 2 100 0 0 0 0 0 0.0279677793258421 0 0 0 0 0.972032220674158
  2 33 6 3 100 0 0.525195788143296 0 0 0 0 0 0 0 0 0.474804211856704
  2 33 6 4 100 0 0 0 0 0 0.948717948717949 0 0 0 0 0.0512820512820513
  2 34 6 3 100 0 0 0.325945241199478 0 0 0.417209908735332 0 0 0 0 0.256844850065189
  2 34 6 4 100 0 0 0 0 0 0.56 0 0 0 0 0.44
  2 35 6 1 100 0 0.13655166648478 0 0 0 0 0 0 0 0 0.86344833351522
  2 35 6 2 100 0 0.285338073336883 0 0 0 0 0 0 0 0 0.714661926663117
  2 35 6 3 100 0 0.492708805507909 0 0 0 0.267676872910556 0 0 0 0 0.239614321581535
  2 36 6 3 100 0 0.134217568434615 0 0 0 0.400415745829935 0 0 0 0 0.465366685735449
  2 36 6 4 100 0 0 0 0 0 0.166666666666667 0 0 0 0 0.833333333333333
  2 37 6 2 100 0 0 0 0 0.669642857142857 0 0 0 0 0 0.330357142857143
  2 37 6 3 100 0 0 0 0 0.201788788583433 0 0 0 0 0 0.798211211416567
  2 37 6 4 100 0 0 0 0 0 0.5 0 0 0 0 0.5
  2 39 6 2 100 0 0 0 0 0.571428571428571 0 0 0 0 0 0.428571428571429
  2 39 6 3 100 0 0.429405702507729 0 0 0 0 0 0 0 0 0.570594297492271
  2 39 6 4 100 0 0.893854748603352 0 0 0 0 0 0 0 0 0.106145251396648
  2 40 6 3 100 0 0 0 0 0 0.563173359451518 0 0 0 0 0.436826640548482
  2 42 6 2 100 0 0 0 0 0 0.286903024681166 0 0 0 0 0.713096975318834
  2 42 6 4 100 0 0 0 0 0 0.5 0 0 0 0 0.5
  1 1 7 5 100 0 0 0 0 0 0.00243509981765312 0 0 0 0 0.997564900182347
  1 5 7 3 100 0 0 0 0 0 0.00547717360070815 0 0 0 0 0.994522826399292
  1 6 7 3 100 0 0 0 0 0 0.0471304634148516 0 0 0 0 0.952869536585148
  1 7 7 3 100 0 0 0 0 0 0.238489566081484 0 0 0 0 0.761510433918516
  1 8 7 1 100 0.0584018233298671 0 0 0 0 0.0498133198990042 0 0 0 0 0.891784856771129
  1 8 7 2 100 0 0 0 0 0 0.138237443285673 0 0 0 0 0.861762556714327
  1 8 7 3 100 0.0105263157894737 0 0 0 0 0 0 0 0 0 0.989473684210526
  1 9 7 3 100 0 0 0 0 0 0.606060606060606 0 0 0 0 0.393939393939394
  1 9 7 5 100 0 0 0 0 0 0.00300910664868513 0 0 0 0 0.996990893351315
  1 11 7 2 100 0 0 0 0 0 0.132061030330171 0 0 0 0 0.867938969669829
  1 11 7 3 100 0 0.00633879325006895 0 0 0 0.0380327595004137 0 0 0 0 0.955628447249517
  1 11 7 5 100 0 0 0 0 0 0.487106017191977 0 0 0 0 0.512893982808023
  1 13 7 1 100 0 0 0 0 0 0.278229768444515 0 0 0 0 0.721770231555485
  1 13 7 2 100 0 0.00813081588170723 0 0 0 0.0671149984125248 0 0 0 0 0.924754185705768
  1 13 7 3 100 0 0.374531835205993 0 0 0 0 0 0 0 0 0.625468164794007
  1 13 7 4 100 0 0.548141086749285 0 0 0 0 0 0 0 0 0.451858913250715
  1 13 7 5 100 0 0.240486878781914 0.0961947515127656 0 0 0 0 0 0 0 0.66331836970532
  1 14 7 3 100 0 0 0 0 0 0.189383949613985 0 0 0 0 0.810616050386015
  1 14 7 4 100 0 0.11086841226319 0 0 0 0 0 0 0 0 0.88913158773681
  1 15 7 3 100 0 0.235193996942873 0 0 0 0.0146094430616355 0 0 0 0 0.750196559995492
  1 15 7 4 100 0 0.751370427686165 0 0 0 0 0 0 0 0 0.248629572313835
  1 15 7 5 100 0 0.454789703365892 0 0 0 0 0 0 0 0 0.545210296634108
  1 16 7 4 100 0 0.906801007556675 0 0 0 0 0 0 0 0 0.093198992443325
  1 16 7 5 100 0 0.719424460431655 0 0 0 0 0 0 0 0 0.280575539568345
  1 17 7 2 100 0 0 0 0 0 0.240170302578192 0 0 0 0 0.759829697421808
  1 17 7 3 100 0 0.0164490581034464 0 0 0 0 0 0 0 0.0164490581034464 0.967101883793107
  1 17 7 4 100 0 0 0 0 0 0.0447829553357873 0 0 0 0 0.955217044664213
  1 18 7 4 100 0 0.441113377905715 0 0 0 0 0 0 0 0 0.558886622094285
  1 19 7 1 100 0 0.518292682926829 0 0 0 0 0 0 0 0 0.481707317073171
  1 19 7 4 100 0 0.251527128997485 0 0 0 0.00718648939992814 0 0 0 0 0.741286381602587
  1 20 7 1 100 0 0 0.403475935828877 0 0 0 0 0 0 0 0.596524064171123
  1 20 7 3 100 0 0.0581444219840132 0 0 0 0 0 0 0 0 0.941855578015987
  1 21 7 3 100 0 0.145272626237024 0 0 0 0 0 0 0 0 0.854727373762976
  1 21 7 4 100 0 0.530625354064389 0 0 0 0.0568527165068988 0 0 0 0 0.412521929428712
  1 22 7 2 100 0 0 0.180568017758361 0 0 0 0 0 0 0 0.819431982241639
  1 23 7 3 100 0 0.443448740670478 0 0 0 0 0 0 0 0 0.556551259329522
  1 24 7 4 100 0 0 0 0 0 0 0.062849439302186 0 0 0 0.937150560697814
  1 25 7 3 100 0 0 0.0352339958132883 0 0 0 0 0 0 0 0.964766004186712
  1 25 7 5 100 0 0.716981132075472 0 0 0 0 0 0 0 0 0.283018867924528
  1 26 7 3 100 0 0.0092230296254891 0 0 0 0.00512390534749394 0 0 0 0 0.985653065027017
  1 26 7 4 100 0 0.0636942675159236 0 0 0 0 0 0 0 0 0.936305732484076
  1 27 7 2 100 0 0.544207905166065 0 0 0 0 0 0 0 0 0.455792094833935
  1 27 7 4 100 0 0.598864041721305 0 0 0 0 0 0 0 0 0.401135958278695
  1 28 7 2 100 0 0 0.416515348151356 0 0 0 0 0 0 0 0.583484651848644
  1 28 7 3 100 0 0.222975054976346 0.272519179596803 0 0 0 0 0 0 0 0.504505765426851
  1 28 7 4 100 0 0.125305939160411 0 0 0 0.0415400765873992 0 0 0 0 0.83315398425219
  1 29 7 3 100 0 0 0 0 0 0.00446326261491586 0 0 0 0 0.995536737385084
  1 29 7 4 100 0 0.0703988693418397 0 0.0696252553930282 0 0 0 0 0 0 0.859975875265132
  1 31 7 4 100 0 0.474782706735326 0 0 0 0.110602789637207 0 0 0 0 0.414614503627468
  1 31 7 5 100 0 0.356819441253193 0 0 0 0 0 0 0 0 0.643180558746807
  1 32 7 4 100 0 0 0 0 0 0.00696349440810298 0 0 0 0 0.993036505591897
  1 32 7 5 100 0 0 0 0 0 0.158730158730159 0 0 0 0 0.841269841269841
  1 34 7 2 100 0 0 0 0 0 0.0386369236747983 0 0 0 0 0.961363076325202
  1 34 7 3 100 0 0.108238820546014 0.0721592136973424 0.0126278623970349 0 0.00270597051365034 0 0 0 0 0.804268132845959
  1 34 7 4 100 0 0 0 0 0.499267935578331 0.0248901903367496 0 0 0 0 0.475841874084919
  1 35 7 3 100 0 0 0 0 0 0.0110356622754414 0 0 0 0 0.988964337724559
  1 35 7 4 100 0 0 0 0 0.128424657534247 0.0556506849315068 0 0 0 0 0.815924657534247
  1 36 7 1 100 0 0 0 0 0.390408812301357 0 0 0 0 0 0.609591187698643
  1 36 7 3 100 0 0 0 0 0.190547003148689 0 0 0 0 0 0.809452996851311
  1 36 7 4 100 0 0 0 0 0.1 0.72 0 0 0 0 0.18
  1 37 7 1 100 0 0 0 0.0731639910739278 0 0.0292655964295711 0 0 0 0 0.897570412496501
  1 37 7 2 100 0 0 0 0 0 0.0124388139561898 0 0 0 0 0.98756118604381
  1 37 7 3 100 0 0 0 0 0.182414504716981 0.0162146226415094 0 0 0 0 0.801370872641509
  1 39 7 1 100 0 0 0 0 0 0.105397126500748 0 0 0 0 0.894602873499252
  1 39 7 2 100 0 0 0 0 0 0.000569222799689544 0 0 0 0 0.99943077720031
  1 40 7 3 100 0 0 0.364667747163695 0 0 0.316634742890821 0 0 0 0 0.318697509945484
  1 40 7 5 100 0 0 0.75 0 0 0 0 0 0 0 0.25
  1 41 7 3 100 0 0 0 0 0 0.06265227984685 0 0 0 0 0.93734772015315
  1 42 7 2 100 0 0 0 0 0 0.0257370145063173 0 0 0 0 0.974262985493683
  1 42 7 3 100 0 0 0 0 0 0.16774235540947 0 0 0 0 0.83225764459053
  1 42 7 4 100 0 0.179640718562874 0 0 0 0 0 0 0 0 0.820359281437126
  2 1 7 5 100 0 0 0 0 0 0.767387073645396 0 0 0 0 0.232612926354604
  2 5 7 2 100 0 0 0 0 0 0.400257007130895 0 0 0 0 0.599742992869105
  2 6 7 3 100 0 0 0.164988039051387 0 0 0 0 0 0 0 0.835011960948614
  2 6 7 4 100 0 0 0.0560438866743342 0 0 0.0440344823869769 0 0 0 0 0.899921630938689
  2 8 7 2 100 0 0 0 0 0 0.00872966440446371 0 0 0 0 0.991270335595536
  2 8 7 3 100 0 0 0.114956810574509 0 0 0 0 0 0 0 0.885043189425491
  2 8 7 4 100 0 0 0.107567012177822 0 0 0 0 0 0 0 0.892432987822178
  2 9 7 5 100 0 0 0 0 0 0.103445473185747 0.0172409121976245 0 0 0 0.879313614616628
  2 10 7 5 100 0 0 0 0 0 0.193558925969237 0 0.00967794629846185 0 0 0.796763127732301
  2 11 7 2 100 0 0 0 0 0 0.264751616356649 0 0 0 0 0.735248383643351
  2 13 7 5 100 0 0 0 0 0 0 0 0 0 0.842198581560284 0.157801418439716
  2 14 7 5 100 0.0417135279022472 0 0 0 0 0.0417135279022472 0 0 0 0.125140583706742 0.791432360488764
  2 15 7 4 100 0 0.0215903888577703 0 0 0 0 0 0 0 0 0.97840961114223
  2 16 7 3 100 0 0.0772481784697875 0 0 0 0.0745377160673388 0 0 0 0 0.848214105462874
  2 17 7 1 100 0 0.252978947031845 0 0 0 0 0 0 0 0 0.747021052968155
  2 18 7 3 100 0 0.0454431107330297 0 0 0 0 0 0 0 0 0.95455688926697
  2 18 7 4 100 0 0 0 0 0 0 0 0.0456997440924799 0 0 0.95430025590752
  2 19 7 3 100 0 0.137447431042346 0 0 0 0 0 0 0 0 0.862552568957654
  2 19 7 4 100 0 0.146974527107541 0 0 0 0 0 0 0 0.108026277424042 0.744999195468417
  2 21 7 3 100 0 0.165287778498503 0 0 0 0 0 0 0 0 0.834712221501497
  2 21 7 4 100 0 0 0 0 0 0 0 0 0 0.181751316411488 0.818248683588512
  2 22 7 4 100 0 0.313182538379984 0 0 0 0 0 0 0 0 0.686817461620016
  2 23 7 4 100 0 0.199879169832873 0.0333131949721454 0 0 0 0 0 0 0 0.766807635194982
  2 23 7 5 100 0 0 0.757372792284071 0 0 0 0 0 0 0 0.242627207715929
  2 24 7 3 100 0 0.376132672251667 0.520764640272248 0 0 0 0 0 0 0 0.103102687476085
  2 24 7 4 100 0 0.248280903753455 0.0784044959221438 0 0 0 0 0 0 0.10252895620588 0.570785644118521
  2 25 7 4 100 0 0.27120315581854 0 0 0 0 0 0 0 0 0.72879684418146
  2 25 7 5 100 0 0 0.8 0 0 0 0 0 0 0 0.2
  2 26 7 4 100 0 0 0 0 0 0 0 0 0 0.0905681404315117 0.909431859568488
  2 27 7 3 100 0 0 0 0 0 0.388888888888889 0 0 0 0 0.611111111111111
  2 27 7 4 100 0 0.251567532541785 0 0 0 0 0 0 0 0 0.748432467458215
  2 30 7 4 100 0 0.259511243932939 0 0 0 0 0 0 0 0.013988681884657 0.726500074182404
  2 31 7 4 100 0 0 0 0 0 0.0974658869395712 0 0 0 0 0.902534113060429
  2 33 7 4 100 0 0.416666666666667 0 0 0 0 0 0 0 0 0.583333333333333
  2 34 7 3 100 0 1 0 0 0 0 0 0 0 0 0
  2 35 7 3 100 0 0.673316708229426 0 0 0 0.187032418952618 0 0 0 0 0.139650872817955
  2 35 7 4 100 0 0.724137931034483 0 0 0 0 0 0 0 0 0.275862068965517
  2 36 7 2 100 0 0.605326876513317 0 0 0 0 0 0 0 0 0.394673123486683
  2 36 7 3 100 0 0.798722044728435 0 0 0 0 0 0 0 0 0.201277955271565
  2 37 7 3 100 0 0.55317383487761 0 0 0.19914258055594 0 0 0 0 0 0.24768358456645
  2 37 7 4 100 0 0 0 0 0.21982409060603 0 0 0 0 0 0.78017590939397
  2 42 7 3 100 0 0 0.621359223300971 0 0 0 0 0 0 0 0.378640776699029
  2 42 7 4 100 0 0 1 0 0 0 0 0 0 0 0
  1 3 9 2 100 0.0234839094643639 0 0 0 0 0 0 0 0 0.00195699245536366 0.974559098080272
  1 8 9 5 100 0 0 0 0 0 1 0 0 0 0 0
  1 9 9 5 100 0 0 0 0 0 0.0067778229632642 0 0 0 0 0.993222177036736
  1 13 9 5 100 0 0 0 0 0 0.0206255358672766 0 0 0 0 0.979374464132723
  1 14 9 2 100 0 0 0 0 0 0.00103964262012761 0 0 0 0 0.998960357379872
  1 14 9 3 100 0 0 0 0 0 0.0047972421068854 0 0 0 0 0.995202757893115
  1 14 9 4 100 0 0 0 0 0 0.00254521157947297 0 0 0 0 0.997454788420527
  1 14 9 5 100 0 0.112800032909766 0 0 0 0 0 0 0 0 0.887199967090234
  1 15 9 3 100 0 0.399582099071428 0 0 0 0.0249738811919643 0 0 0 0 0.575444019736607
  1 15 9 4 100 0 0.132397203294885 0 0 0 0.026479440658977 0 0 0 0 0.841123356046138
  1 15 9 5 100 0 0 0.144778879481735 0 0 0.180973599352169 0 0 0 0 0.674247521166096
  1 16 9 1 100 0 0 0 0 0 0.000860563047350517 0 0 0 0 0.99913943695265
  1 16 9 4 100 0 0 0 0 0 0.429462224056577 0 0 0 0 0.570537775943423
  1 16 9 5 100 0 0 0 0 0 0.107272376347254 0 0 0 0 0.892727623652746
  1 17 9 2 100 0 0 0 0 0 0 0 0 0 0.00721691039826134 0.992783089601739
  1 17 9 5 100 0 0 0 0 0 0.177130681496319 0 0 0 0 0.822869318503681
  1 18 9 2 100 0 0 0 0 0 0.0936096254520568 0 0 0 0 0.906390374547943
  1 19 9 4 100 0 0.0662694914046498 0 0 0 0 0 0 0 0 0.93373050859535
  1 21 9 5 100 0 0 0 0 0 0.0516121099884566 0 0 0 0 0.948387890011543
  1 22 9 4 100 0 0 0 0 0 0.117524217154874 0 0 0 0 0.882475782845126
  1 22 9 5 100 0 0.280373831775701 0 0 0 0 0 0 0 0 0.719626168224299
  1 23 9 3 100 0 0 0 0 0 0.0072515528316437 0 0 0 0 0.992748447168356
  1 23 9 4 100 0 0.215130083780816 0 0 0 0 0 0 0 0 0.784869916219184
  1 23 9 5 100 0 0.238041536771455 0 0 0 0.152172671908693 0 0 0 0 0.609785791319852
  1 25 9 4 100 0 0.375526461406011 0 0 0 0 0 0 0 0 0.624473538593989
  1 25 9 5 100 0 0.369079531533202 0 0 0 0 0 0 0 0 0.630920468466798
  1 26 9 3 100 0 0 0 0 0.198078564815372 0 0 0 0 0 0.801921435184628
  1 26 9 4 100 0 0 0 0 0 0.0310104625633135 0 0 0 0 0.968989537436686
  1 27 9 4 100 0 0.159948447207549 0 0 0 0 0 0 0 0 0.840051552792451
  1 31 9 5 100 0 0.373219700732265 0 0 0 0 0 0 0 0 0.626780299267735
  1 32 9 4 100 0 0.438172980955704 0 0 0 0 0 0 0 0 0.561827019044296
  1 33 9 4 100 0 0 0 0 0.425344442973059 0.176705595793954 0 0 0 0 0.397949961232987
  1 33 9 5 100 0 0 0 0 0.0554635694069476 0.249586062331264 0 0 0 0 0.694950368261788
  1 34 9 2 100 0 0 0 0 0 0.0823837326353936 0 0 0 0 0.917616267364606
  1 34 9 5 100 0 0 0 0 0 0.2375 0 0 0 0 0.7625
  1 35 9 1 100 0 0 0 0 0 0.0923608605495183 0 0 0 0 0.907639139450482
  1 35 9 4 100 0 0.226954907040187 0 0 0 0 0 0 0 0 0.773045092959813
  1 35 9 5 100 0 0 0 0 0 0.228180262407302 0 0 0 0 0.771819737592698
  1 36 9 2 100 0 0 0 0 0 0.0465835980128675 0 0 0 0 0.953416401987133
  1 36 9 3 100 0 0 0.366243110333674 0 0 0 0 0 0 0 0.633756889666326
  1 36 9 5 100 0 0 0 0 1 0 0 0 0 0 0
  1 37 9 2 100 0 0 0 0 0 0.00281427709920798 0 0 0 0 0.997185722900792
  1 37 9 3 100 0 0 0 0 0.366794387364633 0 0 0 0 0 0.633205612635367
  1 37 9 5 100 0 0 0 0 0 0.0740740740740741 0 0 0 0 0.925925925925926
  1 39 9 4 100 0 0 0 0 0.346612479694067 0 0 0 0 0 0.653387520305933
  1 39 9 5 100 0 0 0 0 0.769230769230769 0 0 0 0 0 0.230769230769231
  1 40 9 4 100 0 0 0 0 0.711171756652058 0 0 0 0 0 0.288828243347942
  1 41 9 1 100 0 0 0 0 0 0.214670714329967 0 0 0 0 0.785329285670033
  1 41 9 4 100 0 0 0 0 0.149556439894376 0.10326516087945 0 0 0 0 0.747178399226174
  1 41 9 5 100 0 0 0 0 0 0.630630630630631 0 0 0 0 0.369369369369369
  1 42 9 2 100 0 0.167071688942892 0 0 0 0.0668286755771567 0 0 0 0 0.766099635479951
  1 42 9 4 100 0 0 0 0 0 0.100350529195598 0 0 0 0 0.899649470804402
  1 42 9 5 100 0 0 0 0 0 0.0720720720720721 0 0 0 0 0.927927927927928
  2 13 9 5 100 0 0.165683686830218 0 0 0 0 0 0 0 0 0.834316313169782
  2 14 9 3 100 0 0 0 0 0 0.101004102609006 0 0 0 0 0.898995897390994
  2 15 9 1 100 0 0 0 0 0 0.123602987211695 0 0 0 0 0.876397012788305
  2 16 9 2 100 0 0.00144715686542191 0 0 0 0 0 0 0 0 0.998552843134578
  2 22 9 5 100 0 0 0.426503532655523 0 0 0 0 0 0 0 0.573496467344477
  2 23 9 3 100 0 0.0649919287984651 0.194975786395395 0 0 0 0 0 0 0 0.740032284806139
  2 23 9 4 100 0 0.228548871913638 0.0799921051697733 0 0 0 0 0 0 0 0.691459022916589
  2 24 9 4 100 0 0.268306316377865 0 0 0 0 0 0 0 0 0.731693683622135
  2 33 9 3 100 0 0.482317385449881 0 0 0 0 0 0 0 0 0.517682614550119
  2 35 9 3 100 0 0 0.33152091595597 0 0 0 0 0 0 0 0.66847908404403
  2 35 9 5 100 0 0 0 0 0.17893261723469 0.265085358866208 0 0 0 0 0.555982023899102
  2 36 9 2 100 0 0.370080225839827 0 0 0 0 0 0 0 0 0.629919774160173
  2 36 9 3 100 0 0.506869259482986 0 0 0 0 0 0 0 0 0.493130740517014
  2 36 9 4 100 0 0 0 0 0 0.32424430919179 0 0 0 0 0.67575569080821
  2 36 9 5 100 0 0 0 0 0 0.515463917525773 0 0 0 0 0.484536082474227
  2 37 9 4 100 0 0 0 0 0.543761638733706 0 0 0 0 0 0.456238361266294
  2 38 9 3 100 0 0 0.24740227610094 0 0.0989609104403761 0 0 0 0 0 0.653636813458684
  2 38 9 4 100 0 0 0 0 0.47008547008547 0.106837606837607 0 0 0 0 0.423076923076923
  2 38 9 5 100 0 0 0 0 0 0.529440870856012 0 0 0 0 0.470559129143988
  2 42 9 5 100 0 0 0.464513949494665 0 0 0 0 0 0 0 0.535486050505335
# end survey diet proportion observations 
#  
