# This file was created using create_datpin_files.R function write_tsDatFile
      #and used all inputs from csv files found in folder:
      #hydradata/data-raw
# Survey index data 
# Number of observations, init_int Nsurvey_obs
  833
# init_matrix obs_survey_biomass(1,Nsurvey_obs,1,5)
# survey year spp value cv
  1 1 7 89247.1185440503 0.212720515437525
  2 1 7 9995.14704257577 0.25363203301826
  1 2 7 111134.584707914 0.222168779300385
  2 2 7 11753.7404041338 0.187773345626693
  1 3 7 30623.6535432938 0.394113240257454
  2 3 7 50308.6996081411 0.423618201694685
  1 4 7 138845.649606295 0.310035034727007
  2 4 7 157535.719676424 0.327069686277164
  1 5 7 67295.7069708258 0.378629084128514
  2 5 7 25320.0321498062 0.391316523019912
  1 6 7 228706.203712662 0.494427832556011
  2 6 7 25772.3227944121 0.376280830351703
  1 7 7 162479.022955556 0.759062286891916
  2 7 7 28108.9661832868 0.665352569827422
  1 8 7 176197.595310643 0.383150869515862
  2 8 7 50443.7609690014 0.433685089735353
  1 9 7 167405.038122176 0.48934963094834
  2 9 7 58373.297277338 0.392371299771634
  1 10 7 142219.509814728 0.382452035825211
  2 10 7 95540.9473613978 0.333798529002863
  1 11 7 140316.006659033 0.566792532611316
  2 11 7 141665.185286122 0.868042030585988
  1 12 7 73534.8702842734 0.381518572031255
  2 12 7 28103.9775881146 0.445144789260538
  1 13 7 325835.394391038 0.438380584739347
  2 13 7 332752.009623764 0.947226139495183
  1 14 7 160546.428613502 0.482345652338289
  2 14 7 69665.206653433 0.377075764230608
  1 15 7 356504.711580185 0.420835086749712
  2 15 7 94275.9809585225 0.614716212748607
  1 16 7 142314.492397872 0.515165860253858
  2 16 7 131338.500899178 0.704031323768783
  1 17 7 55559.0898928095 0.559532625975744
  2 17 7 59570.3435072452 0.319774204956139
  1 18 7 95967.9017595048 0.479008946214672
  2 18 7 52551.8978841438 0.41351869139049
  1 19 7 103830.299998695 0.429419179801904
  2 19 7 86399.3072566915 0.387615780132326
  1 20 7 130608.59603712 0.477074256852948
  2 20 7 95588.5241927853 0.315868813200741
  1 21 7 344527.484984141 0.410621521476155
  2 21 7 106123.846677796 0.630050999524052
  1 22 7 151939.013281382 0.294672690077384
  2 22 7 87016.718111546 0.335469505128288
  1 23 7 80397.5019970226 0.477447511398437
  2 23 7 12762.3378619236 0.407625761955908
  1 24 7 259418.839097946 0.384568504019134
  2 24 7 7953.11490178513 0.43049173366256
  1 25 7 127568.447497016 0.333261603198005
  2 25 7 126597.562113209 0.843960441627036
  1 26 7 165479.195767382 0.685474246042822
  2 26 7 25036.6737635151 0.429620783824035
  1 27 7 118164.387969956 0.286882992344226
  2 27 7 5456.8636859368 0.81343687860715
  1 28 7 500351.971056608 0.371822434434906
  2 28 7 15257.4249545672 0.53327636373572
  1 29 7 265122.951092761 0.592639130460935
  2 29 7 15651.6250150371 0.590339711107796
  1 30 7 210241.829342588 0.374062101432949
  2 30 7 4942.25388294308 0.701775131617819
  1 31 7 235384.502561009 0.304499664309564
  2 31 7 1121.73881210347 0.210828956182955
  1 32 7 115137.251336205 0.233962995093855
  2 32 7 1435.20564555614 0.329779252894958
  1 33 7 170784.216719196 0.270006842918168
  2 33 7 859.096280564163 0.460124990024536
  1 34 7 128129.74530228 0.350007507053818
  2 34 7 6538.74950438057 0.837656243552001
  1 35 7 778185.884181555 0.34274593698132
  2 35 7 1785.85003907821 0.291986952078346
  1 36 7 339907.80201682 0.261906583866089
  2 36 7 1600.77546903316 0.425399553458769
  1 37 7 173454.512434942 0.417429035160016
  2 37 7 128723.560689243 0.287702894520317
  1 38 7 153832.634420757 0.441211421515246
  2 38 7 2123.51171333683 0.866971810340233
  1 39 7 182687.977090183 0.495234601454268
  2 39 7 130235.324712591 0.556663444153977
  1 40 7 105777.31204407 0.237858203733512
  2 40 7 282.745676984936 0.295404104464232
  1 41 7 172195.371940699 0.327346172729995
  2 41 7 46056.3777245791 0.994030515469621
  1 42 7 339645.544605652 0.368315456462939
  2 42 7 322.441388400248 0.461505384764764
  1 1 9 31637.0496632046 0.151455465231613
  2 1 9 46702.2426290005 0.608857030524844
  1 2 9 45641.117297771 0.194025128027319
  2 2 9 10625.1235835106 0.209224466280901
  1 3 9 38217.5535913101 0.192597423441899
  2 3 9 16274.7407258105 0.223179102338954
  1 4 9 47291.2435358299 0.24323345484368
  2 4 9 19615.0336629072 0.216468880082641
  1 5 9 60577.0684658211 0.242425409027967
  2 5 9 34088.6538072916 0.167457398131888
  1 6 9 99723.6429226307 0.268675656884033
  2 6 9 91075.7798519504 0.20330059779376
  1 7 9 98202.9489909943 0.196228277363285
  2 7 9 60072.1131406152 0.198130412273185
  1 8 9 59587.761876665 0.24004692412856
  2 8 9 108762.338056695 0.203948973274238
  1 9 9 90245.380014579 0.307374127376939
  2 9 9 59821.3646869898 0.160257038672619
  1 10 9 72134.0030076502 0.158928722064625
  2 10 9 76344.310876787 0.197322162219524
  1 11 9 48805.1449160059 0.209025597619183
  2 11 9 101543.934939201 0.187797177382902
  1 12 9 40174.4851999745 0.203077655979132
  2 12 9 57578.6459640843 0.210025739334857
  1 13 9 69912.9812840134 0.238934272627024
  2 13 9 47905.5716884577 0.19790402667063
  1 14 9 35352.8287874801 0.171026119399881
  2 14 9 47293.1082538984 0.254921461455385
  1 15 9 26166.6773506474 0.179364365238368
  2 15 9 40734.3877238701 0.232519412860032
  1 16 9 13843.8739079857 0.210244228568226
  2 16 9 24132.9863351119 0.168595443147695
  1 17 9 13343.9309390125 0.170031592700112
  2 17 9 7008.96885198942 0.200954562062425
  1 18 9 14960.0107298303 0.193899133648252
  2 18 9 10174.9322466658 0.211651946225868
  1 19 9 13974.5239218278 0.187538593821919
  2 19 9 21892.8311815981 0.255011166995516
  1 20 9 15990.3075637736 0.247819650551941
  2 20 9 9981.80280130556 0.296473565029388
  1 21 9 31392.2696905464 0.223350929133537
  2 21 9 7936.87309354033 0.343859246151185
  1 22 9 45586.1977653518 0.31577438886296
  2 22 9 14675.4046038015 0.374547789844126
  1 23 9 43563.6721169492 0.255676794033008
  2 23 9 17645.5798137863 0.296475621294422
  1 24 9 34795.2621769519 0.218681732051081
  2 24 9 15611.1809866015 0.333113686961304
  1 25 9 71894.9526669299 0.250062103391272
  2 25 9 8733.11891567206 0.26727423098408
  1 26 9 24281.3055477417 0.187227046866282
  2 26 9 9513.63083379968 0.360007266538769
  1 27 9 41131.1023657427 0.199043344461057
  2 27 9 7431.67484820249 0.230768025002651
  1 28 9 20690.5871758557 0.188480512640641
  2 28 9 5751.4855313653 0.30647754560056
  1 29 9 21493.122537002 0.235358154763385
  2 29 9 9090.68344762661 0.30844290831553
  1 30 9 23799.1563874657 0.262549839315709
  2 30 9 21332.3585661272 0.619799566237032
  1 31 9 64393.3996641067 0.255413075600386
  2 31 9 15362.1081175876 0.410015896359536
  1 32 9 55571.2016149161 0.237437089975973
  2 32 9 26399.9869118323 0.251840565749012
  1 33 9 42163.2358868146 0.17314512758374
  2 33 9 8596.79468993523 0.265564054084483
  1 34 9 35904.8949951043 0.261674582034448
  2 34 9 18860.2891942525 0.278786765149086
  1 35 9 25413.977820628 0.178342474685171
  2 35 9 16276.3165331209 0.22878225695429
  1 36 9 15586.7346634374 0.161615623260197
  2 36 9 8273.83356896081 0.234262915890891
  1 37 9 38968.5733141987 0.584716058055215
  2 37 9 8625.12010065471 0.231360777378904
  1 38 9 35312.2552812858 0.182474012404665
  2 38 9 12078.5924782721 0.148335019588378
  1 39 9 45746.086647517 0.185797139191474
  2 39 9 10441.3589748998 0.233973080411629
  1 40 9 44660.9504560264 0.170487085116875
  2 40 9 24181.2195147729 0.198266501217541
  1 41 9 39020.3383160589 0.193030233430065
  2 41 9 23452.9322789374 0.179523556716689
  1 42 9 57565.9657081493 0.256489608700532
  2 42 9 23003.6214766463 0.192375685928691
  1 1 2 95.1996792087954 0.601375663623589
  2 1 2 915.539083612985 0.565196579518992
  2 2 2 1225.03548503596 0.686052062200317
  2 3 2 1004.45444664844 0.378997614818957
  1 4 2 4.30119032569859 1
  2 4 2 1192.06224820758 0.459316778181236
  1 5 2 47.0442691873283 0.611089023955187
  2 5 2 74.1955331183006 0.780615956536472
  1 6 2 12.1160290864749 0.702037850017464
  2 6 2 28.6746021713239 0.461790555986525
  1 7 2 120.516443908463 0.948289691951521
  2 7 2 575.45605727383 0.685175011742778
  1 8 2 33.4806270422923 0.544380631361087
  2 8 2 674.067140594555 0.424096495665332
  1 9 2 383.074763382531 0.5393131982084
  2 9 2 1019.99656295138 0.454629127333952
  1 10 2 2196.21384812185 0.88095039530815
  2 10 2 227.942893880214 0.419344308350161
  1 11 2 8495.45840601258 0.799987970388403
  2 11 2 221.384796175663 0.839124360078806
  1 12 2 556.243167351113 0.774991903603438
  2 12 2 123.390397468478 0.424721667998453
  1 13 2 1744.07455287719 0.863215133786584
  2 13 2 360.126935451673 0.387073469025502
  1 14 2 125.065380239544 0.704083892007286
  2 14 2 767.175947183694 0.312793018147624
  1 15 2 7647.29582522923 0.457459057188701
  2 15 2 2801.64965477198 0.459652287866146
  1 16 2 6350.97634028932 0.853197309912465
  2 16 2 10124.3403051059 0.628928805514438
  1 17 2 3174.68809753943 0.61116783920211
  2 17 2 3540.82052343369 0.3895964128798
  1 18 2 10663.1001955005 0.416775375911518
  2 18 2 3213.37605284995 0.495180348393774
  1 19 2 9605.99172739352 0.69077510766454
  2 19 2 2544.30200218573 0.347120352110889
  1 20 2 10369.242167542 0.793751288508348
  2 20 2 3968.82561871279 0.526946514998015
  1 21 2 3087.86947262839 0.339376634127756
  2 21 2 6396.14820075278 0.609998621037514
  1 22 2 2223.35161611982 0.601950919776798
  2 22 2 5332.62004559248 0.389299707202565
  1 23 2 4976.78133140175 0.658556209578282
  2 23 2 6447.50569717903 0.288585466763824
  1 24 2 1957.21805728314 0.637453135075156
  2 24 2 5742.43146811712 0.480513100150493
  1 25 2 188.974187891762 0.510473149998029
  2 25 2 3117.80293530782 0.338488147626423
  1 26 2 4562.41160684266 0.548437091427541
  2 26 2 312.020443323967 0.345955330423839
  1 27 2 2312.96509764442 0.492912195981742
  2 27 2 1157.75878585067 0.33164245084141
  1 28 2 2539.62819827815 0.747597319880804
  2 28 2 444.566620586949 0.447853531697379
  1 29 2 46.009702574897 0.451616070879294
  2 29 2 533.625786825601 0.305275882623724
  1 30 2 4270.05790048401 0.797269558848634
  2 30 2 1129.38830824783 0.605264936420634
  1 31 2 1073.11905645449 0.666772556553203
  2 31 2 1105.0184190806 0.359836468902791
  1 32 2 21976.4452681335 0.96787270074405
  2 32 2 394.636383090277 0.422601396160012
  1 33 2 5153.12756769024 0.404694020855087
  2 33 2 2611.193965485 0.465820030674526
  1 34 2 6223.12391738681 0.814873375751391
  2 34 2 6766.85972376828 0.505954372112585
  1 35 2 5303.76399950889 0.533219898766676
  2 35 2 3502.42864173568 0.287403659199158
  1 36 2 62.8684525554531 0.371953858881132
  2 36 2 3810.93859540457 0.365560779244073
  1 37 2 2377.63516360306 0.791301167226987
  2 37 2 5268.03698270204 0.487536998609889
  1 38 2 1075.29254549171 0.633364993316759
  2 38 2 3619.6112052086 0.644823084547079
  1 39 2 48616.4559445157 0.827253682697507
  2 39 2 637.252220074109 0.354235596542703
  1 40 2 5963.38778944598 0.900216415173481
  2 40 2 1459.73606960107 0.395846441583114
  1 41 2 2488.62186422063 0.957770995377006
  2 41 2 186.147429137279 0.496084887173497
  1 42 2 1680.83410548275 0.55870584954739
  2 42 2 1944.30492145201 0.604660139936764
  1 1 6 4317.12066023821 0.207852633123303
  2 1 6 7728.40320278584 0.784226099165565
  1 2 6 3292.34665806515 0.20094683691091
  2 2 6 1841.74816317792 0.42113653584723
  1 3 6 2901.28980396373 0.213246212842418
  2 3 6 5141.94181428052 0.281911195623627
  1 4 6 10894.3575332856 0.638611588507752
  2 4 6 10950.7226596918 0.516171107727799
  1 5 6 14330.5804757781 0.770976725828606
  2 5 6 935.907154202934 0.476734589561794
  1 6 6 3630.77004958031 0.317978244654253
  2 6 6 2093.24595850665 0.386012658029271
  1 7 6 2464.35349095581 0.23012544486412
  2 7 6 1822.60485034168 0.530741594808484
  1 8 6 3729.71762045319 0.223285411086708
  2 8 6 1581.38291079167 0.349108274212027
  1 9 6 4379.5974410108 0.263214632586959
  2 9 6 5577.2101223225 0.356706403512006
  1 10 6 4544.48998048558 0.348756230758934
  2 10 6 5379.51691439485 0.329322164303112
  1 11 6 4541.76537781393 0.220681608545507
  2 11 6 1012.04478251731 0.399668835756918
  1 12 6 4440.15185929808 0.255345437604282
  2 12 6 2316.37020665226 0.607330296430227
  1 13 6 5849.23134832615 0.233828388168981
  2 13 6 6777.63324049475 0.690301195973316
  1 14 6 1896.93522056451 0.24128388549411
  2 14 6 2493.82146156666 0.464973156265946
  1 15 6 4301.19032569859 0.475237794728556
  2 15 6 347.855829619339 0.449694184969219
  1 16 6 1677.91226768138 0.272355203647803
  2 16 6 3747.54992992918 0.626775991448789
  1 17 6 2549.99140737845 0.293473920223874
  2 17 6 4796.27525381285 0.331528642249673
  1 18 6 1457.26896109489 0.297867921869416
  2 18 6 2592.0930058046 0.724059558699832
  1 19 6 1831.26436594137 0.25527382218443
  2 19 6 28738.3235094824 0.972230757901325
  1 20 6 1813.24690201019 0.287981619167569
  2 20 6 549.596541617042 0.393581429053449
  1 21 6 2189.11328516898 0.332543338576962
  2 21 6 1082.78721632014 0.58392964546944
  1 22 6 1814.63154039423 0.301314005212516
  2 22 6 3687.04026426799 0.467823706697183
  1 23 6 3970.9979370591 0.313235077086734
  2 23 6 3963.0868075591 0.449455855490557
  1 24 6 3859.00590283049 0.188840124890422
  2 24 6 1662.46355827462 0.342529973932846
  1 25 6 3129.06246455361 0.260173692135873
  2 25 6 1637.23017585081 0.383130929442038
  1 26 6 3107.06693073065 0.293410432402762
  2 26 6 817.226161882732 0.337034394121133
  1 27 6 2487.47956982975 0.388647680627492
  2 27 6 142.981993554283 0.321629167505854
  1 28 6 1962.43413531761 0.345442577620755
  2 28 6 1063.8497979424 0.536864637709118
  1 29 6 2048.80032514109 0.310245670031133
  2 29 6 832.526416026386 0.451495677480436
  1 30 6 3071.14299190649 0.348394220746453
  2 30 6 312.218005979714 0.483684059166492
  1 31 6 3555.52033014339 0.210695213443395
  2 31 6 1478.11761773816 0.505437825224827
  1 32 6 5612.13070819032 0.26037397454602
  2 32 6 5390.26308357474 0.436613652073156
  1 33 6 3430.24327643345 0.184269817445717
  2 33 6 3120.03709144074 0.417121054927267
  1 34 6 6619.43212146875 0.224636283033848
  2 34 6 8958.76857464597 0.427028154066731
  1 35 6 4519.08793005518 0.214424452457608
  2 35 6 7600.57162909892 0.358256969308502
  1 36 6 4183.4677541722 0.241986378076999
  2 36 6 9649.05826237935 0.3400116158624
  1 37 6 5740.12288069419 0.278456439376456
  2 37 6 7259.02476461257 0.285873133416327
  1 38 6 3010.72619849216 0.299857497492351
  2 38 6 6187.3537058294 0.212373020514558
  1 39 6 5868.15805264124 0.375235544015774
  2 39 6 4221.09398227896 0.198905098616369
  1 40 6 2753.76176268621 0.252558079911859
  2 40 6 3262.81288205113 0.262770320767619
  1 41 6 3370.06261902132 0.343794671710809
  2 41 6 3114.23420618677 0.302797426147618
  1 42 6 3369.80238286339 0.191002489396663
  2 42 6 2634.58362882831 0.233059984982754
  1 1 1 29249.092090906 0.241799049430762
  2 1 1 51735.2088021113 0.250018379470286
  1 2 1 24443.4586661382 0.142636213550947
  2 2 1 25343.9213518924 0.163647146277456
  1 3 1 13085.821593512 0.225478190042395
  2 3 1 27835.015554668 0.192013183632222
  1 4 1 22579.604004618 0.323579734794357
  2 4 1 35265.5733354408 0.162432383538487
  1 5 1 5959.03037186004 0.320666395151501
  2 5 1 107473.036195045 0.822390366318268
  1 6 1 16876.7803954235 0.452044832991261
  2 6 1 36080.5964926987 0.192408532269243
  1 7 1 14996.1935746856 0.28209645893665
  2 7 1 30528.4348418385 0.262097825842625
  1 8 1 4824.13833445266 0.414010381101596
  2 8 1 30251.7052907467 0.189959250209439
  1 9 1 5353.01057659546 0.40638853202345
  2 9 1 23504.9810370081 0.178404315527443
  1 10 1 7559.66784516722 0.290993157294119
  2 10 1 15258.2000697613 0.156753980046499
  1 11 1 12211.0064331273 0.324615016521962
  2 11 1 23515.2822071159 0.174348711952217
  1 12 1 7773.46407478306 0.294780938380682
  2 12 1 13229.2517320698 0.195232854572048
  1 13 1 17138.9065914563 0.440402569626277
  2 13 1 15889.1835890841 0.185762358850192
  1 14 1 2463.56741685615 0.372421878022742
  2 14 1 12703.1963328319 0.151581173531864
  1 15 1 5543.02117357977 0.341871348717721
  2 15 1 9204.07722154955 0.233364310094868
  1 16 1 2521.5728284408 0.416897355424411
  2 16 1 10428.7322358477 0.283802183917676
  1 17 1 5992.9918538067 0.500820840736393
  2 17 1 2080.29758346366 0.495024013362717
  1 18 1 6661.49526562174 0.389853340834037
  2 18 1 9137.18473951314 0.390988792530431
  1 19 1 3377.95502851581 0.293941849282161
  2 19 1 12150.2937295792 0.322403741112933
  1 20 1 5041.24807291438 0.525509720403112
  2 20 1 5567.65192159873 0.218361153170241
  1 21 1 6712.852762048 0.266433769579894
  2 21 1 17838.1704253848 0.421115605185845
  1 22 1 3278.32018854241 0.374831371194202
  2 22 1 6162.89957115022 0.227391091044855
  1 23 1 2648.05606415484 0.352011231642473
  2 23 1 12800.8559842433 0.384269029090844
  1 24 1 5288.03778811784 0.34725908523047
  2 24 1 4861.99278771641 0.331291933735556
  1 25 1 25990.9161955701 0.578696888706846
  2 25 1 5957.86546614683 0.247394190789157
  1 26 1 5571.62726417248 0.459728456052307
  2 26 1 5256.30861705729 0.394189312610479
  1 27 1 8758.19337937224 0.539982548576019
  2 27 1 39416.8250097561 0.72948972943007
  1 28 1 3472.70831251577 0.364309332200766
  2 28 1 5531.35281623467 0.278656828353639
  1 29 1 3621.19261706434 0.562793580097325
  2 29 1 10010.7101981892 0.316141323613091
  1 30 1 1782.59202173628 0.420348818797864
  2 30 1 9185.74122673976 0.30511736182771
  1 31 1 4710.84611944618 0.403753427903273
  2 31 1 7012.35458626607 0.278331587636247
  1 32 1 5965.90590139794 0.491331418922754
  2 32 1 5783.50997110868 0.329726795744574
  1 33 1 4155.79204941618 0.537081122476055
  2 33 1 5677.24714987951 0.33086845072982
  1 34 1 5567.48693539521 0.379030815152119
  2 34 1 2506.50268374571 0.278881417082292
  1 35 1 1932.57719532595 0.519511456600017
  2 35 1 4662.98415626814 0.27351876283918
  1 36 1 2611.54241750039 0.556056214854877
  2 36 1 10800.811628933 0.714061811185508
  1 37 1 1618.35984068457 0.588197671943964
  2 37 1 3990.36920781896 0.340315242626747
  1 38 1 5304.96299777097 0.324588369174256
  2 38 1 2417.76674998808 0.300199803594678
  1 39 1 7997.44695147181 0.501841796783066
  2 39 1 8415.57558748585 0.438397059851219
  1 40 1 1617.59478059739 0.403101009292275
  2 40 1 13891.6711501454 0.410378233550251
  1 41 1 2355.40214094997 0.478602624152216
  2 41 1 3730.17980945563 0.362128776577143
  1 42 1 2753.69191816943 0.646634922078809
  2 42 1 8501.59526170931 0.816170985475773
  1 1 5 23751.5863175878 0.476454648602067
  2 1 5 52419.2004731908 0.33088650882931
  1 2 5 61243.6796576955 0.845907144525693
  2 2 5 30015.8865572649 0.213566715560186
  1 3 5 25143.2823853019 0.345200957090348
  2 3 5 83508.856843936 0.426262782725971
  1 4 5 14905.7103567244 0.264436160521241
  2 4 5 54347.1910849385 0.226747447567164
  1 5 5 11460.6112309557 0.469566733399063
  2 5 5 21447.5950296198 0.259488054442407
  1 6 5 5006.78747293127 0.386232958132405
  2 6 5 19354.4962275785 0.272571546622386
  1 7 5 7081.52546536405 0.438346564468954
  2 7 5 11809.2617416288 0.260487713324726
  1 8 5 6172.00618355937 0.368625576908523
  2 8 5 19875.3511169594 0.42035214303373
  1 9 5 9643.4927305457 0.424021283924977
  2 9 5 9775.99115455208 0.313873830425567
  1 10 5 1803.02422743931 0.40509710665687
  2 10 5 8426.69822964329 0.466267924456264
  1 11 5 13258.3584276901 0.480844474444679
  2 11 5 5190.94636366173 0.2668361029341
  1 12 5 5741.6479370819 0.469094743543064
  2 12 5 7785.17689154739 0.28378876735388
  1 13 5 5194.86917688405 0.540787962426207
  2 13 5 13360.0836775733 0.369430536232357
  1 14 5 1580.47789952452 0.470432479415306
  2 14 5 6246.71863665599 0.469633627328749
  1 15 5 2953.48402364636 0.502209538569111
  2 15 5 3128.3520893469 0.342064616144444
  1 16 5 10788.4606344335 0.584628234108223
  2 16 5 4526.17566581205 0.423460458250196
  1 17 5 3547.45792576665 0.561800284643725
  2 17 5 12629.0116613053 0.784021780546872
  1 18 5 24090.9456152809 0.497927404656732
  2 18 5 13761.5332801584 0.676432257321378
  1 19 5 6254.10451903345 0.480052767387787
  2 19 5 43760.6289803482 0.712202517111094
  1 20 5 12580.9817026684 0.806911034003637
  2 20 5 36240.7869715301 0.834297346108047
  1 21 5 9364.18351505325 0.336276894588451
  2 21 5 9122.37530271298 0.428726537913456
  1 22 5 32477.196802551 0.866348358898959
  2 22 5 12248.7628976611 0.424628251437437
  1 23 5 25303.164097847 0.613994602592113
  2 23 5 33803.9321268958 0.656624132271175
  1 24 5 30763.7233985952 0.747837758615024
  2 24 5 15506.9038698993 0.510439372860259
  1 25 5 76390.0817385081 0.471975485833162
  2 25 5 34905.7500373832 0.358480817460383
  1 26 5 31321.8979240576 0.495899711606771
  2 26 5 25857.1226818575 0.434982613442021
  1 27 5 75660.088424201 0.313979264853727
  2 27 5 66547.4953628054 0.356018191983623
  1 28 5 29001.3000454654 0.388895640133204
  2 28 5 32405.1017416543 0.264411460678978
  1 29 5 39064.5835899016 0.429428347743837
  2 29 5 27152.8581532572 0.345982379386548
  1 30 5 62269.039900257 0.854087515493953
  2 30 5 66783.3346557288 0.296892384076943
  1 31 5 26971.9266382366 0.570603745618332
  2 31 5 57450.0885679898 0.562814940667441
  1 32 5 41259.0129172265 0.339876934877471
  2 32 5 60303.9729536352 0.356216069417162
  1 33 5 23706.2747212035 0.298992519394372
  2 33 5 61895.9903498138 0.189290253037749
  1 34 5 66659.9154194994 0.254555474384242
  2 34 5 36006.5240491884 0.230851364722682
  1 35 5 54064.223008497 0.63012553598372
  2 35 5 82663.2183931888 0.260964579440469
  1 36 5 99914.6131674357 0.254083502479078
  2 36 5 87897.2436924491 0.337085438277882
  1 37 5 135678.323804412 0.192091229695825
  2 37 5 321730.470296482 0.445822853931263
  1 38 5 198608.585441436 0.387496158420035
  2 38 5 245187.380343508 0.210853665221549
  1 39 5 176834.132993892 0.368405013462509
  2 39 5 213605.743392682 0.169854111979613
  1 40 5 139351.364927952 0.474213361633694
  2 40 5 132253.252697515 0.191466660489218
  1 41 5 29333.1123134068 0.360282409988033
  2 41 5 106350.301678275 0.399606972925519
  1 42 5 7396.96037431223 0.3532330315065
  2 42 5 89957.7596226113 0.274035362173455
  1 1 10 3928.63290193191 0.16739605456776
  2 1 10 1192.63613721325 0.179334469818098
  1 2 10 3712.81260558288 0.167785563839749
  2 2 10 1228.39203079985 0.194079650208756
  1 3 10 9175.35719635765 0.201683587615937
  2 3 10 4234.94136723762 0.26708294380009
  1 4 10 2935.64204896198 0.277990130981975
  2 4 10 2435.84944225304 0.261162740746529
  1 5 10 3082.51973341732 0.260447159640481
  2 5 10 2764.48653466826 0.236760215458364
  1 6 10 3533.35717572505 0.354731435464959
  2 6 10 4131.76439058345 0.197746711670819
  1 7 10 877.692170809219 0.295758105402641
  2 7 10 2109.19375094714 0.330208010835788
  1 8 10 1232.09919118544 0.240663428417508
  2 8 10 1181.22241780379 0.364039748188294
  1 9 10 949.958207089837 0.339824195708317
  2 9 10 921.683641221126 0.261227404123069
  1 10 10 773.345331287221 0.294342928253188
  2 10 10 492.617549274258 0.249594811366406
  1 11 10 294.036174807644 0.387829007380117
  2 11 10 870.78019829094 0.211737624497487
  1 12 10 1246.79375979545 0.466145706592908
  2 12 10 891.152870605676 0.247676050549484
  1 13 10 1083.62871583929 0.279244183815429
  2 13 10 1580.57882877692 0.364806813763314
  1 14 10 1049.93158719617 0.264226699190394
  2 14 10 1248.21412179112 0.200853835879913
  1 15 10 1080.81192799606 0.401557677432362
  2 15 10 1600.60689169439 0.427552736347339
  1 16 10 565.539321730525 0.39803470366635
  2 16 10 522.760054969521 0.263050856290993
  1 17 10 1292.40528357896 0.271991870521699
  2 17 10 995.882374629848 0.262101771146991
  1 18 10 1082.78721632014 0.544069953063755
  2 18 10 2573.88690918789 0.500002099405965
  1 19 10 1459.79792872195 0.466408660783656
  2 19 10 2660.36586811728 0.351960747367337
  1 20 10 3196.37477145052 0.396749160523618
  2 20 10 3675.56264196061 0.353294158315399
  1 21 10 6224.95654599861 0.368705529979016
  2 21 10 2439.48108024696 0.244873713391672
  1 22 10 7333.42251053187 0.275174363066448
  2 22 10 7752.8420646796 0.470763857263454
  1 23 10 5487.27614278517 0.475906668741929
  2 23 10 6321.25185179783 0.279502397980618
  1 24 10 11033.3472513232 0.399262445846064
  2 24 10 5047.26495607412 0.349648537286793
  1 25 10 3884.01766201951 0.444275829003174
  2 25 10 10439.2353428329 0.37915545660954
  1 26 10 4669.55034768279 0.335323776784019
  2 26 10 5624.73603521818 0.484086093187339
  1 27 10 4591.43633561803 0.442836038485025
  2 27 10 1677.76835159093 0.319150727602776
  1 28 10 2259.92243336668 0.488042255938244
  2 28 10 2851.73330071074 0.407560700838948
  1 29 10 5951.63711911676 0.284421789658612
  2 29 10 2028.064735959 0.29674239792084
  1 30 10 12621.4054437813 0.318407718065998
  2 30 10 6321.94912430071 0.267327748565035
  1 31 10 9449.93858401828 0.334557568518815
  2 31 10 4740.68672816772 0.298460848552816
  1 32 10 7152.94973705893 0.3039623036711
  2 32 10 4872.2118894371 0.273313726703502
  1 33 10 2807.13971098997 0.32641152401369
  2 33 10 6120.91767319568 0.314372074077199
  1 34 10 2898.91451858316 0.318273337755366
  2 34 10 2614.91200495283 0.255330079772978
  1 35 10 2867.63192525393 0.43537834570034
  2 35 10 3620.06863708058 0.477794056284643
  1 36 10 1010.47133330183 0.342233883700236
  2 36 10 1053.80314608078 0.255219140701765
  1 37 10 1168.06493823198 0.341250712936241
  2 37 10 749.649491090497 0.214601133606252
  1 38 10 518.632116251556 0.614068234722451
  2 38 10 531.20568454001 0.201112464847283
  1 39 10 838.111270250765 0.35190564940904
  2 39 10 608.144109489009 0.33472125607656
  1 40 10 1316.1540136969 0.816837708092695
  2 40 10 275.637382012881 0.227783168461156
  1 41 10 609.709911517528 0.505988404388839
  2 41 10 53.5908067427613 0.351067447622667
  1 42 10 586.892226997382 0.324360094310254
  2 42 10 384.947589309774 0.455427538585323
  1 1 8 7140.43261024979 0.190018283469302
  2 1 8 3142.39062896474 0.323221412579507
  1 2 8 10470.6460998749 0.162746935517586
  2 2 8 1643.69168421583 0.228982766823179
  1 3 8 7624.46395206559 0.341920463441956
  2 3 8 3283.65909969182 0.241841631084233
  1 4 8 8287.07950502166 0.228726011424418
  2 4 8 4290.50082939579 0.281644292980529
  1 5 8 7641.46785019658 0.248125625001581
  2 5 8 3540.13850598621 0.278717712431636
  1 6 8 8384.15077416795 0.35733148518571
  2 6 8 11803.5722740864 0.28768973650101
  1 7 8 5097.74168384185 0.30617617024306
  2 7 8 10199.2024698474 0.298000352344759
  1 8 8 3249.11513335635 0.309842315794336
  2 8 8 5238.46463547768 0.290632634838193
  1 9 8 2894.34265666801 0.376612355333219
  2 9 8 3447.09681816701 0.277237549679099
  1 10 8 1981.15433183693 0.374918605177922
  2 10 8 2217.23332282491 0.215955663906671
  1 11 8 2753.24781865339 0.312482319278861
  2 11 8 3384.02474154227 0.22904951005782
  1 12 8 1345.50056342366 0.291217292449574
  2 12 8 1767.52039946676 0.334203310366051
  1 13 8 1253.54510843558 0.258086226973749
  2 13 8 2272.24499024279 0.369713282569775
  1 14 8 2377.78624159132 0.424291613021164
  2 14 8 2248.34948843335 0.242018860617287
  1 15 8 1387.40959736637 0.253077301717728
  2 15 8 1642.91368178323 0.236863100947082
  1 16 8 1386.68583937887 0.282083266124312
  2 16 8 763.185565482929 0.234685929415468
  1 17 8 3096.85703450298 0.308866282267733
  2 17 8 916.243147505585 0.418188219832596
  1 18 8 2953.05604450948 0.227617863109814
  2 18 8 1863.84914113606 0.363924113287817
  1 19 8 4770.41108850207 0.444594138316279
  2 19 8 1977.63724499052 0.228686933162735
  1 20 8 6262.02709182589 0.355281347801547
  2 20 8 1535.82907084288 0.52226518900488
  1 21 8 9948.37503690186 0.287663604981491
  2 21 8 1797.51237491881 0.324610274868806
  1 22 8 6785.60921531852 0.331891135768806
  2 22 8 3909.58941544842 0.405253381175339
  1 23 8 10188.1730442052 0.373879165680047
  2 23 8 4498.06072866589 0.325837115034301
  1 24 8 11020.3554508009 0.29311793852823
  2 24 8 2067.35322072508 0.252063231711509
  1 25 8 13211.6089608691 0.363617147333273
  2 25 8 5718.79097054341 0.318594737541269
  1 26 8 8722.57502549864 0.370438144818615
  2 26 8 1549.75023719533 0.388038209115171
  1 27 8 6146.75940795042 0.399020192940984
  2 27 8 827.479504477326 0.240334888416511
  1 28 8 5121.36954362583 0.324040099023474
  2 28 8 1287.79844090044 0.415472237394863
  1 29 8 3902.83679397566 0.367838903060991
  2 29 8 906.58820566441 0.278588400079201
  1 30 8 3927.88052119672 0.352473620249155
  2 30 8 1133.68949857352 0.226502720233669
  1 31 8 8051.12073458924 0.481135456002499
  2 31 8 6700.44078872813 0.540163864000553
  1 32 8 7095.66611590291 0.284652789689101
  2 32 8 1781.76591593677 0.343035692079222
  1 33 8 6025.14484575328 0.419285827130058
  2 33 8 1874.95411821309 0.233965429378258
  1 34 8 7270.68493955758 0.363226842496159
  2 34 8 1261.54383807642 0.230866102767982
  1 35 8 8637.22636208292 0.383482435972864
  2 35 8 2301.60990697602 0.24282341318213
  1 36 8 3005.38972728918 0.325977709284745
  2 36 8 2089.73846778261 0.341240783166298
  1 37 8 993.992492360414 0.323507675999549
  2 37 8 3125.05137832658 0.399695593074565
  1 38 8 4696.95888789129 0.425248507716921
  2 38 8 781.802525736692 0.187993525714274
  1 39 8 1848.3569795615 0.249118363408559
  2 39 8 1536.384197625 0.265012727941773
  1 40 8 1082.89041937907 0.341800613444058
  2 40 8 2493.89310849965 0.365336749376061
  1 41 8 1625.77702663025 0.302900468993841
  2 41 8 883.516857557356 0.388934593716609
  1 42 8 1949.05084769164 0.491268971960348
  2 42 8 596.799306353301 0.242113807492329
  1 1 3 528.88710671553 0.499484636786782
  1 2 3 175.815079006658 0.358153914340203
  2 2 3 111.87439483509 0.577110518633802
  1 3 3 148.205808975382 0.678339172154909
  2 3 3 180.481319548921 0.738121970739642
  1 4 3 9.95645908726525 1
  2 4 3 482.829698325969 0.52056341701904
  1 5 3 82.8875219014832 0.693225535250834
  2 5 3 1.99129181745305 1
  1 6 3 14.135367267554 1
  2 6 3 190.481285852366 0.48452157876779
  1 7 3 22.8565669481568 0.912293822979085
  1 8 3 22.2127199918706 0.655734850091527
  2 8 3 4769.82748058814 0.750382084373246
  1 9 3 58.2452856605017 0.670809892238012
  2 9 3 36.867345648845 0.47273108889926
  1 10 3 19.5508651168118 0.631102684426709
  2 10 3 121.160290864749 0.919260399745188
  1 11 3 21.8704592832132 0.496475444687371
  1 12 3 6.61721588569014 0.740682868109632
  2 12 3 11.2010164731734 1
  1 13 3 34.8745161543129 0.360862225436052
  1 14 3 2580.71419541915 0.547901331396328
  2 14 3 82.5480971598719 0.478873954421528
  1 15 3 1360.9407338236 0.429608216382601
  2 15 3 25.8541494987347 0.654713783069401
  1 16 3 665.340378506501 0.69118921143411
  2 16 3 3412.27765838755 0.8614889831113
  1 17 3 421.926289092338 0.426971754606328
  2 17 3 1254.51384499542 0.572182042928152
  1 18 3 656.947975119138 0.505524319387353
  2 18 3 279.918735481972 0.488492827246527
  1 19 3 688.624915781037 0.644591984223249
  2 19 3 1269.87523901577 0.51925665989311
  1 20 3 9293.94458611734 0.899065435378594
  2 20 3 3206.34187915713 0.59569628754064
  1 21 3 1286.07730634072 0.543826822033971
  2 21 3 1388.79229919323 0.466111862829518
  1 22 3 2612.81263068556 0.88174616562504
  2 22 3 5187.10713905143 0.568444982816852
  1 23 3 621.283047045352 0.408104676406013
  2 23 3 15890.8653525561 0.357346049869971
  1 24 3 3843.34515856769 0.92608255019157
  2 24 3 35285.2749144405 0.539541007788685
  1 25 3 41.7707637600181 0.648664057223823
  2 25 3 952.377626648042 0.576168087832409
  1 26 3 5777.51959703597 0.695927823776047
  2 26 3 201.035843660516 0.549529982814455
  1 27 3 692.175378442936 0.708713243925404
  2 27 3 25.6768028534128 0.496269825160911
  1 28 3 12.8821720202515 0.489543853646182
  1 29 3 3.07227880407042 0.703511357168505
  2 29 3 47.1633008847746 0.875017095315649
  1 30 3 395.355732405013 0.631659802692532
  2 30 3 9583.64788154573 0.908152223575802
  1 31 3 219.15588802369 0.626570332091694
  2 31 3 142.946766770289 0.712465807947941
  1 32 3 1468.39318873056 0.661895735249442
  2 32 3 2989.95494622372 0.86012943797605
  1 33 3 72.605747333221 0.783155911787346
  2 33 3 2219.73323424658 0.598390099709208
  1 34 3 314.810973251888 0.542775440757204
  2 34 3 1360.93285250279 0.743173480285892
  1 35 3 1437.23727615075 0.870542376054271
  2 35 3 12465.0628506538 0.446478967244395
  1 36 3 35.3257003708169 0.492193512682958
  2 36 3 4579.25745547626 0.490110041691513
  1 37 3 4342.21287299406 0.909630520329322
  2 37 3 1576.37531144 0.433872317628348
  1 38 3 5799.99536312402 0.644773009949607
  2 38 3 16619.5438886494 0.484949159815328
  1 39 3 8680.14221168733 0.515045488987725
  2 39 3 8752.93996176899 0.388710136036013
  1 40 3 9588.82586042981 0.442573167063876
  2 40 3 25704.0939791073 0.395139923022642
  1 41 3 621.457262823039 0.88587618368699
  2 41 3 2861.89815873134 0.537531419606343
  1 42 3 19155.4702259493 0.983269433580366
  2 42 3 9683.32547590109 0.849696423298534
  1 1 4 2622.13306522218 0.238950089280127
  2 1 4 121.668354628858 0.730585383962037
  1 2 4 4797.24001289594 0.179808210316848
  2 2 4 439.651295164125 0.333206670663278
  1 3 4 2551.71740670658 0.285713453338656
  2 3 4 44.8119331562393 0.519898215786934
  1 4 4 2060.98703106391 0.363103131549156
  2 4 4 978.687585083598 0.305358232801091
  1 5 4 1010.33168588024 0.503658248586171
  2 5 4 856.255481504812 0.471530938023796
  1 6 4 1464.02018128238 0.295547572464407
  2 6 4 675.901336895492 0.544763628192451
  1 7 4 588.037131484396 0.488933644682359
  2 7 4 410.478894096349 0.477536971215445
  1 8 4 1512.48429762828 0.370405953390475
  2 8 4 109.134679905785 1
  1 9 4 786.311356416773 0.52782959622969
  2 9 4 790.599745580788 0.532719195147098
  1 10 4 310.641523522676 0.511990542284477
  2 10 4 480.602487096838 0.484034968152033
  1 11 4 828.647401730632 0.564562288891068
  2 11 4 263.553328780551 0.586474414451279
  1 12 4 888.912667311042 0.402530417748571
  2 12 4 47.0442691873283 1
  1 13 4 1011.36096847507 0.43367137815831
  2 13 4 1081.81453646358 0.57845161047037
  1 14 4 202.927953827831 0.64543907056288
  2 14 4 32.5847751946863 1
  1 15 4 672.750281711831 0.573085070694707
  2 15 4 4.7007544543154 1
  1 16 4 80.6473186068485 0.624630010023461
  2 16 4 125.727101828113 0.618817528749267
  1 17 4 1036.38204990642 0.39695630553522
  2 17 4 416.677812802051 0.599987275514275
  1 18 4 312.424769926365 0.66033137069251
  2 18 4 202.542824860939 0.574102294844973
  1 19 4 425.774395877234 0.421006722090626
  2 19 4 320.882452869577 0.561536237228361
  1 20 4 438.552739090836 0.510604124996193
  2 20 4 221.576471323867 0.755237824640857
  1 21 4 1127.72502569311 0.341199284740845
  2 21 4 29.9585395819802 0.639964632603476
  1 22 4 492.176007418246 0.558363224745951
  2 22 4 269.626856237822 0.651942345498602
  1 23 4 1005.78339434265 0.358138069325762
  2 23 4 376.62164045918 0.817002636839413
  1 24 4 739.098899659017 0.350936222978508
  2 24 4 115.661361743288 0.45781557737998
  1 25 4 2188.04333732677 0.316930751611881
  2 25 4 576.404307709504 0.659064313762388
  1 26 4 1102.29949846931 0.37289624571036
  2 26 4 596.991775987196 0.566128523913239
  1 27 4 846.006185385568 0.340253675911694
  2 27 4 138.15944682547 0.701875347795432
  1 28 4 1239.8555595571 0.357264717429085
  2 28 4 464.96970290116 0.476578235674548
  1 29 4 1351.9516327633 0.527967078805152
  2 29 4 533.262004559248 0.562110493649979
  1 30 4 778.683027795303 0.415144442808449
  2 30 4 463.26240391074 0.557855012865461
  1 31 4 690.797234127349 0.494090593845412
  2 31 4 18.7934892609353 0.864947569912083
  1 32 4 172.142047593355 0.340526255302381
  2 32 4 260.762701561634 0.525593107575273
  1 33 4 278.605164226664 0.260637123856086
  2 33 4 71.2749374416569 0.517717068938369
  1 34 4 366.173869995624 0.219411346193749
  2 34 4 283.12070348978 0.445563743160107
  1 35 4 423.052285648009 0.271355803715625
  2 35 4 119.695005779247 0.369630063723468
  1 36 4 282.124604394798 0.322041020808878
  2 36 4 418.430903217459 0.389098775252231
  1 37 4 233.759549395387 0.241177039296427
  2 37 4 231.06438224429 0.360209541108992
  1 38 4 328.547213481939 0.310728311347134
  2 38 4 217.95781407646 0.437514827010324
  1 39 4 405.024933307336 0.288580421043866
  2 39 4 430.601874971924 0.246821373610295
  1 40 4 2308.48176931071 0.364363914128281
  2 40 4 533.869732810186 0.287983302644633
  1 41 4 748.342383632666 0.243629988904743
  2 41 4 1228.19654020515 0.386454786790168
  1 42 4 959.408942398252 0.263364855830388
  2 42 4 307.316112783226 0.35266724117335
# end survey index observations 
#  
# Survey size comp data 
# Number of observations, init_int Nsurvey_size_obs 
  833
# init_matrix obs_survey_size(1,Nsurvey_size_obs,1,ncol) 
# Survey  Year  Species Type (0=whole, 1=retained, 2=discard) InpN, proportion by length bin 
  1 1 1 0 57 0.0176734178756795 0.0658377202461049 0.435500143875615 0.359537401092977 0.121451316909623
  1 2 1 0 65 0.0160385493139383 0.0510946590782986 0.206035633715348 0.635550176211059 0.0912809816813561
  1 3 1 0 32 0.0170698957152391 0.041308665203303 0.313315805131421 0.628305633950037 0
  1 4 1 0 32 0.0485446731741154 0.135223433666413 0.393702551835269 0.166188289732285 0.256341051591918
  1 5 1 0 21 0.0161901822038594 0.158427126371278 0.216386870557693 0.31419480457805 0.29480101628912
  1 6 1 0 18 0.0119424496743096 0.0844692073230574 0.188171394762595 0.715416948240038 0
  1 7 1 0 25 0.0399338275327721 0.0582613872285942 0.304186934228397 0.597617851010237 0
  1 8 1 0 20 0.0179127273509514 0.049648822776505 0.682824045690684 0.249614404181859 0
  1 9 1 0 16 0.0630422731316152 0.426010201932953 0.19672455210764 0.314222972827792 0
  1 10 1 0 19 0.0319091907534605 0.0750387887451623 0.224735016212824 0.0798830236044768 0.588433980684077
  1 11 1 0 20 0.0156922118043712 0.287041104025009 0 0.697266684170619 0
  1 12 1 0 22 0.0346067621850712 0.112509745628967 0.120284666787166 0.313613665732345 0.41898515966645
  1 13 1 0 23 0.0195573631680692 0.233987679933903 0.468557356321052 0 0.277897600576975
  1 14 1 0 14 0.0865489317976167 0.115669524408386 0.454591813260126 0.343189730533871 0
  1 15 1 0 21 0.0189144952451581 0.397998434404156 0.430119367319498 0.152967703031188 0
  1 16 1 0 14 0.0290198774746126 0.0610075443624087 0.909972578162979 0 0
  1 17 1 0 17 0.0418150354421112 0.386244134580186 0.19362125195514 0.378319578022563 0
  1 18 1 0 19 0.0195382926559808 0.0682711948869473 0.750663460430961 0.161527052026111 0
  1 19 1 0 18 0.026621529304972 0.167515136769013 0.592987020279059 0.212876313646955 0
  1 20 1 0 15 0.0234906785540989 0.462244856312326 0.264836993737331 0.249427471396244 0
  1 21 1 0 21 0.000476907706285221 0.653574845835056 0.345948246458658 0 0
  1 22 1 0 13 0.0048593261549149 0.0494234109065648 0.647724904480723 0.297992358457798 0
  1 23 1 0 14 0.0305516946434299 0.183982221136076 0.130859464495731 0.654606619724764 0
  1 24 1 0 14 0.0125652348454436 0.311998751059369 0.675436014095187 0 0
  1 25 1 0 18 0.0230311898486436 0.142380712792131 0.404794106378756 0.42979399098047 0
  1 26 1 0 14 0.0019051797073293 0.0810860777739479 0.59393977375991 0.323068968758813 0
  1 27 1 0 23 0.182489647073367 0.21961802336362 0.36274800667532 0.235144322887694 0
  1 28 1 0 14 0.0171866516309569 0.524147628395216 0.458665719973827 0 0
  1 29 1 0 17 0.0346654303347217 0.525742559207126 0.439592010458152 0 0
  1 30 1 0 18 0.0159840865572308 0.11438716513915 0.86962874830362 0 0
  1 31 1 0 20 0.0402549134673791 0.145096141636896 0.814648944895725 0 0
  1 32 1 0 10 0.0269161531537769 0.468669943917469 0.504413902928754 0 0
  1 33 1 0 15 0.0661222328574629 0.113011424963851 0.820866342178686 0 0
  1 34 1 0 18 0.0866398429766864 0.093318739083873 0.172975639089616 0.647065778849825 0
  1 35 1 0 8 0.0319756191950464 0.11734068627451 0.429018317853457 0.421665376676987 0
  1 36 1 0 12 0.0140477505965886 0.850188674809268 0.135763574594143 0 0
  1 37 1 0 8 0.121675386109458 0.339729331787851 0.538595282102691 0 0
  1 38 1 0 16 0.119256505576208 0.782226109774765 0.0985173846490269 0 0
  1 39 1 0 10 0.00184016183674962 0.789697531014648 0.208462307148602 0 0
  1 40 1 0 10 0.0064043882326232 0.0649776267512285 0.396420280196562 0.532197704819586 0
  1 41 1 0 13 0.0427855963236878 0.173018237955051 0.576182953974295 0.208013211746966 0
  1 42 1 0 8 0.18677384914903 0.324687558877096 0.488538591973874 0 0
  1 1 2 0 11 0.00847830874256772 0 0.394846950011011 0.596674741246422 0
  1 4 2 0 1 0 0 0 1 0
  1 5 2 0 5 0 0 0.245300975493695 0.754699024506305 0
  1 6 2 0 1 0 0 1 0 0
  1 7 2 0 3 0 0 1 0 0
  1 8 2 0 4 0 0 0.398804756330479 0.601195243669521 0
  1 9 2 0 5 0 0 1 0 0
  1 10 2 0 10 0.0253553434645476 0.74497194117888 0.229672715356572 0 0
  1 11 2 0 13 0.079015873015873 0.253269841269841 0.356857142857143 0.310857142857143 0
  1 12 2 0 15 0.118048923822816 0 0.612061999559245 0.269889076617939 0
  1 13 2 0 9 0 0.344717785424477 0.49879307688357 0.156489137691952 0
  1 14 2 0 6 0.0373129950132004 0 0.706482839542388 0.256204165444412 0
  1 15 2 0 13 0.0534802404849948 0.613287047518426 0.333232711996579 0 0
  1 16 2 0 10 0 0.144659500535836 0.855340499464164 0 0
  1 17 2 0 10 0.0601871726624882 0.144157293723706 0.688303139578146 0.10735239403566 0
  1 18 2 0 18 0.488789879578435 0.0122210889831267 0.498989031438438 0 0
  1 19 2 0 27 0.036676661769737 0.611569499506953 0.35175383872331 0 0
  1 20 2 0 23 0 0.626580487586936 0.345942484399899 0.0274770280131651 0
  1 21 2 0 25 0 0.411052863069553 0.56871485800554 0.0202322789249076 0
  1 22 2 0 9 0.0117824683975251 0.266674561117854 0.721542970484621 0 0
  1 23 2 0 8 0 0.195842744546761 0.804157255453239 0 0
  1 24 2 0 9 0.0105928853754941 0.191588932806324 0.797818181818182 0 0
  1 25 2 0 14 0.196634997205636 0 0.515398417507427 0.287966585286937 0
  1 26 2 0 18 0.735420563814775 0.1611149398882 0.103464496297026 0 0
  1 27 2 0 16 0.00440780344461677 0.411857535439284 0.583734661116099 0 0
  1 28 2 0 6 0.0391890780491817 0.0964717493214903 0.864339172629328 0 0
  1 29 2 0 8 0.00374131480491716 0.302868341350436 0.693390343844646 0 0
  1 30 2 0 17 0 0.36520618556701 0.63479381443299 0 0
  1 31 2 0 9 0 0.209108159392789 0.790891840607211 0 0
  1 32 2 0 30 0.0406974860405589 0.928134529051118 0.0311679849083231 0 0
  1 33 2 0 24 0.360331104020711 0.618253869125345 0.0214150268539441 0 0
  1 34 2 0 25 0.00306089649932792 0.987947811349424 0.00623867687452516 0.00275261527672258 0
  1 35 2 0 16 0.0061038704351769 0.778214414435363 0.21568171512946 0 0
  1 36 2 0 13 0.0766998341625207 0.0671049514333096 0.85619521440417 0 0
  1 37 2 0 8 0 0.0290070658237263 0.970992934176274 0 0
  1 38 2 0 10 0 0.194653550042772 0.805346449957228 0 0
  1 39 2 0 13 0 0.940541531777434 0.0594584682225655 0 0
  1 40 2 0 8 0 0.541667323672716 0.229126917800659 0.229205758526625 0
  1 41 2 0 5 0 0 0.841026832384714 0.158973167615286 0
  1 42 2 0 17 0.716833263653985 0.0242788187450116 0.258887917601003 0 0
  1 1 3 0 27 0.28790155173007 0 0.0378470748798642 0.384985033202207 0.289266340187859
  1 2 3 0 13 0 0 0.507294300719704 0.0185673109228838 0.474138388357412
  1 3 3 0 5 0 0.102664129400571 0.383507770377418 0 0.513828100222011
  1 4 3 0 2 0.0237340041561851 0 0 0.976265995843815 0
  1 5 3 0 5 0.0568226375637172 0 0.683603450529343 0.25957391190694 0
  1 6 3 0 1 0 0 0 1 0
  1 7 3 0 3 0.267798897761782 0 0.732201102238218 0 0
  1 8 3 0 3 0 0.266701974729515 0.733298025270485 0 0
  1 9 3 0 4 1 0 0 0 0
  1 10 3 0 4 0.38740959894806 0 0.61259040105194 0 0
  1 11 3 0 4 0.0705468500159898 0 0.92945314998401 0 0
  1 12 3 0 2 0.528331822302811 0.471668177697189 0 0 0
  1 13 3 0 8 0.366038882138518 0 0.633961117861482 0 0
  1 14 3 0 19 0.808730543376577 0.0470791113916346 0.144190345231789 0 0
  1 15 3 0 15 0.0452281261131842 0.89142913870932 0 0.0633427351774963 0
  1 16 3 0 12 0.318077989884157 0.18198727361723 0.499934736498613 0 0
  1 17 3 0 14 0.0804426622773994 0.919557337722601 0 0 0
  1 18 3 0 14 0.717563047997831 0.122173009129531 0.160263942872639 0 0
  1 19 3 0 15 0.698671831765357 0.205707961103645 0.0956202071309985 0 0
  1 20 3 0 17 0.00467500160837211 0.995324998391628 0 0 0
  1 21 3 0 12 0.877903537484718 0.0645712558005022 0.0575252067147796 0 0
  1 22 3 0 11 0.0316418628906093 0.888306791287256 0.0800513458221349 0 0
  1 23 3 0 16 0.354325372422535 0.542086570198667 0 0.103588057378798 0
  1 24 3 0 15 0.134129029847958 0.865870970152042 0 0 0
  1 25 3 0 4 0.538258058195356 0.207994513569119 0.253747428235525 0 0
  1 26 3 0 14 0.924385714285714 0 0.0756142857142857 0 0
  1 27 3 0 6 0 1 0 0 0
  1 28 3 0 4 0.322635857937527 0.677364142062473 0 0 0
  1 29 3 0 2 1 0 0 0 0
  1 30 3 0 10 1 0 0 0 0
  1 31 3 0 9 0 0.26415439830074 0.73584560169926 0 0
  1 32 3 0 12 0.126688293458935 0.500811004710066 0.273059047381391 0.0994416544496085 0
  1 33 3 0 5 0.608910891089109 0.391089108910891 0 0 0
  1 34 3 0 9 0.406268973891925 0.50721007893139 0.0865209471766849 0 0
  1 35 3 0 5 0.073639982308713 0.281125608137992 0.645234409553295 0 0
  1 36 3 0 5 0.188861788617886 0 0.811138211382114 0 0
  1 37 3 0 3 0 0.105982829145503 0.894017170854497 0 0
  1 38 3 0 15 0.00370743054785034 0.9482987523291 0.0479938171230492 0 0
  1 39 3 0 12 0.00584639914961467 0.858580919479139 0.0828275312250864 0.05274515014616 0
  1 40 3 0 9 0.745825833649109 0.25417416635089 0 0 0
  1 41 3 0 8 0.145981589084024 0.0437748906443821 0.810243520271594 0 0
  1 42 3 0 12 0.0745604999313281 0.170701139953303 0.754738360115369 0 0
  1 1 4 0 19 0.000352407671482687 0 0.0272336456311602 0.134502479626841 0.837911467070516
  1 2 4 0 35 0.00613225232120175 0.00266319045209267 0.064428585308225 0.0891149541004967 0.837661017817984
  1 3 4 0 17 0.00532395394875935 0 0.119266418728017 0.465325827903669 0.410083799419554
  1 4 4 0 17 0.00437863549636216 0.0579043945272979 0.0888608342110017 0.28299448919703 0.565861646568309
  1 5 4 0 8 0.0313874557328919 0 0.529630165388881 0.179615967768723 0.259366411109504
  1 6 4 0 13 0 0.084086647255234 0.283342300571266 0.17812495054832 0.45444610162518
  1 7 4 0 5 0 0 0.393137691661356 0.606862308338644 0
  1 8 4 0 13 0 0.0170299694544891 0.314710737400582 0.231829293677418 0.436429999467511
  1 9 4 0 6 0.00393981077987672 0 0 0.583881637667615 0.412178551552508
  1 10 4 0 5 0 0.133387613669177 0.414543974172659 0.452068412158164 0
  1 11 4 0 4 0 0.0203645403302889 0 0 0.979635459669711
  1 12 4 0 7 0.00159094408234785 0 0.690011510517094 0.308397545400559 0
  1 13 4 0 12 0.0178974135572958 0.0177616582410569 0.298923075364462 0.252932416140699 0.412485436696486
  1 14 4 0 5 0.0330641682909385 0.0536746761010925 0.24960280412101 0.663658351486959 0
  1 15 4 0 7 0.0177608996748163 0.0810475129471275 0 0.111239913284355 0.789951674093701
  1 16 4 0 4 0.01075323616349 0.200913940135222 0.788332823701288 0 0
  1 17 4 0 13 0.0233329753220037 0.0578557324498715 0 0.414907591767943 0.503903700460182
  1 18 4 0 5 0.00759108651097215 0.129812148349281 0.862596765139746 0 0
  1 19 4 0 7 0 0.111716437395669 0.68790100421577 0 0.200382558388561
  1 20 4 0 5 0 0 0.26843165134806 0.73156834865194 0
  1 21 4 0 11 0.00474253398154579 0.0092757217977974 0 0.617647584085723 0.368334160134934
  1 22 4 0 7 0.0701842802227212 0 0.419757119917696 0 0.510058599859583
  1 23 4 0 12 0.0106928520647706 0.0595937943204824 0.305792833659929 0.340500395162775 0.283420124792043
  1 24 4 0 12 0.0537675002259809 0.0624797281848683 0.177639589725048 0.266285246372342 0.439827935491761
  1 25 4 0 17 0.00521872060206961 0.167792803386642 0.317356538099718 0.0658478363123236 0.443784101599247
  1 26 4 0 11 0.0194784832111154 0.0397554033191818 0.434289367039753 0.140809532998842 0.365667213431108
  1 27 4 0 13 0.00698078387482284 0.0800933842439155 0.274322313848022 0.396716375845837 0.241887142187403
  1 28 4 0 12 0.00124284094543129 0.0901968194900718 0.493849390935256 0.414710948629241 0
  1 29 4 0 15 0.00082659217645043 0.0317116480960342 0.56727068816914 0.400191071558375 0
  1 30 4 0 11 0.0375827209134984 0.0285916506434832 0.138711618085947 0.795114010357071 0
  1 31 4 0 6 0 0.187561471492867 0.151583922706657 0.660854605800476 0
  1 32 4 0 11 0.0332634914145544 0 0.650618356500409 0.316118152085037 0
  1 33 4 0 25 0.0291128284469 0.0786986487233799 0.273573391669592 0.393581982635446 0.225033148524682
  1 34 4 0 36 0.0385557115340668 0.104165463344073 0.25912788200993 0.49184712320098 0.10630381991095
  1 35 4 0 26 0.0348606536372557 0.111582092164228 0.351494090514197 0.502063163684319 0
  1 36 4 0 26 0.0102449479304079 0.0265698692998396 0.405129983764999 0.558055199004754 0
  1 37 4 0 20 0.00139053751693856 0.0670898242591678 0.383432513629631 0.548087124594262 0
  1 38 4 0 30 0.136476766260977 0.0588589655280002 0.311049616351099 0.232397391619486 0.261217260240438
  1 39 4 0 31 0.0228788141685051 0.306109724497053 0.14761306412894 0.523398397205501 0
  1 40 4 0 41 0.00975788114580834 0.0959881794088622 0.459594037024141 0.434659902421189 0
  1 41 4 0 35 0.0151100734964381 0.124590212570276 0.471277509816071 0.389022204117215 0
  1 42 4 0 35 0.0145478759157772 0.120194307106801 0.286221695320859 0.468543019024266 0.110493102632297
  1 1 5 0 81 0.28050160936285 0.284301083736084 0.435197306901066 0 0
  1 2 5 0 51 0.392639410099414 0.515688985449997 0.0916716044505892 0 0
  1 3 5 0 38 0.241922856098961 0.121457278563599 0 0.636619865337439 0
  1 4 5 0 26 0.0640880161823474 0.179332423350382 0.26278224546516 0 0.49379731500211
  1 5 5 0 15 0.00362963977537324 0.12248523570502 0.571911986271018 0.301973138248588 0
  1 6 5 0 18 0.255398849148144 0.628771296400767 0.115829854451089 0 0
  1 7 5 0 16 0.0090820629257217 0.573227657984177 0.12102836029277 0.296661918797332 0
  1 8 5 0 29 0.621211576487507 0.378788423512493 0 0 0
  1 9 5 0 11 0.0245898608423414 0.63891730657825 0.336492832579409 0 0
  1 10 5 0 15 0.229958415155366 0.478803280582188 0.291238304262447 0 0
  1 11 5 0 18 0.0501882421083116 0.790771309972005 0.159040447919683 0 0
  1 12 5 0 22 0.0725329050190674 0.375658220604289 0.270015917517444 0.2817929568592 0
  1 13 5 0 22 0.169146563957024 0.325217920129738 0.167261301439286 0.338374214473951 0
  1 14 5 0 16 0.294255647161338 0.431094577384543 0.274649775454119 0 0
  1 15 5 0 24 0.212169209389896 0.304603798395171 0 0.483226992214934 0
  1 16 5 0 16 0.200341331703092 0.799658668296908 0 0 0
  1 17 5 0 10 0.383806793501868 0.616193206498132 0 0 0
  1 18 5 0 13 0.196567862714509 0.803432137285491 0 0 0
  1 19 5 0 27 0.331805856832972 0.668194143167028 0 0 0
  1 20 5 0 18 0.0872104509310021 0.585111374524621 0 0.327678174544377 0
  1 21 5 0 31 0.0928854223465541 0.460531202832239 0.446583374821207 0 0
  1 22 5 0 10 0.127153166938936 0.040488843855332 0.832357989205732 0 0
  1 23 5 0 17 0.0915866741953699 0.773063375547848 0.135349950256783 0 0
  1 24 5 0 21 0.136122817195938 0.433755602450734 0.0959764362356631 0.334145144117666 0
  1 25 5 0 20 0.0385650838686796 0.582925610375374 0 0.378509305755947 0
  1 26 5 0 45 0.853081224191413 0 0.146918775808587 0 0
  1 27 5 0 34 0.948794433802574 0.0512055661974261 0 0 0
  1 28 5 0 30 0.575742178071925 0.424257821928075 0 0 0
  1 29 5 0 28 0.376007535154329 0.623992464845671 0 0 0
  1 30 5 0 26 0.153097679892401 0.706666106254203 0.140236213853396 0 0
  1 31 5 0 21 0.176878494576563 0.434269113417714 0.388852392005723 0 0
  1 32 5 0 35 0.10819243848135 0.0533928467547028 0.732112920370831 0.106301794393116 0
  1 33 5 0 41 1 0 0 0 0
  1 34 5 0 47 0.918911374738311 0.0810886252616888 0 0 0
  1 35 5 0 28 0.442933189233935 0.215988134794256 0.15697828161468 0.184100394357129 0
  1 36 5 0 60 0.998515037149412 0.00148496285058807 0 0 0
  1 37 5 0 53 1 0 0 0 0
  1 38 5 0 51 0.0688340872004703 0.93116591279953 0 0 0
  1 39 5 0 52 0.84676971436334 0.15323028563666 0 0 0
  1 40 5 0 40 0.229014484884297 0.770985515115703 0 0 0
  1 41 5 0 36 0.230356679267266 0.539153670320207 0.230489650412527 0 0
  1 42 5 0 28 0.259805273609885 0.215343667255075 0.52485105913504 0 0
  1 1 6 0 91 0.0320330426801285 0.0840883760571691 0.883878581262702 0 0
  1 2 6 0 97 0.0267433250577116 0.361666448887147 0.611590226055142 0 0
  1 3 6 0 60 0.0155189391452767 0.323219326462286 0.631011619510274 0.0302501148821637 0
  1 4 6 0 47 0.00820715103702761 0.249141112100776 0.742651736862196 0 0
  1 5 6 0 48 0.0598936340188537 0.586428066010819 0.353678299970327 0 0
  1 6 6 0 37 0.00115448157805689 0.808943251258982 0.189902267162961 0 0
  1 7 6 0 51 0.0415049410644124 0.70453625431599 0.253958804619598 0 0
  1 8 6 0 55 0.294561247296978 0.524249968199742 0.18118878450328 0 0
  1 9 6 0 49 0.0735728138966186 0.835061978244371 0.09136520785901 0 0
  1 10 6 0 41 0.0071996523495766 0.992800347650423 0 0 0
  1 11 6 0 45 0.0965975560602039 0.575436733811111 0.0323925246507604 0 0.295573185477925
  1 12 6 0 49 0.504502600093012 0.495497399906989 0 0 0
  1 13 6 0 62 0.227300904548042 0.660142956543741 0.112556138908217 0 0
  1 14 6 0 42 0.260251503553855 0.644286495352652 0.0954620010934937 0 0
  1 15 6 0 56 0.180927542805307 0.740786937294478 0.0782855199002154 0 0
  1 16 6 0 39 0.00543348569120913 0.994566514308791 0 0 0
  1 17 6 0 54 0.0193601000960744 0.892318520008043 0.0883213798958822 0 0
  1 18 6 0 46 0.0319468906652215 0.709307681885923 0.258745427448855 0 0
  1 19 6 0 38 0.0158589440504334 0.856453337836317 0.12768771811325 0 0
  1 20 6 0 45 0.0707232177388166 0.511073868763697 0.418202913497486 0 0
  1 21 6 0 49 0.126412578086615 0.552046044781357 0.321541377132028 0 0
  1 22 6 0 41 0.0929964873285836 0.748218857290282 0.158784655381135 0 0
  1 23 6 0 41 0.00933960987201275 0.716728579807794 0.213292024484517 0.060639785835677 0
  1 24 6 0 53 0.0541591956967213 0.945840804303279 0 0 0
  1 25 6 0 51 0.0501874504008976 0.883452371179159 0.0663601784199436 0 0
  1 26 6 0 51 0.143369276802349 0.675520803929317 0.181109919268334 0 0
  1 27 6 0 52 0.0187756631966333 0.935239295997819 0.0459850408055475 0 0
  1 28 6 0 43 0.0143952408220398 0.927053508939365 0.0585512502385951 0 0
  1 29 6 0 57 0.101543931879854 0.647871245438383 0.250584822681763 0 0
  1 30 6 0 54 0.023029567718163 0.945245798508133 0.0317246337737036 0 0
  1 31 6 0 50 0.00780052692301069 0.926971225870887 0.0652282472061027 0 0
  1 32 6 0 66 0.137457009603315 0.862542990396685 0 0 0
  1 33 6 0 66 0.169709643690179 0.830290356309821 0 0 0
  1 34 6 0 63 0.138041140409888 0.861958859590112 0 0 0
  1 35 6 0 61 0.267972731963896 0.649145836916865 0.0828814311192388 0 0
  1 36 6 0 68 0.302224413087683 0.639910037587036 0.0578655493252819 0 0
  1 37 6 0 68 0.0395031480012451 0.804894213100103 0.155602638898651 0 0
  1 38 6 0 59 0.0164410655788368 0.923844180728104 0.0597147536930589 0 0
  1 39 6 0 66 0.0145635946679336 0.751057550867511 0.234378854464555 0 0
  1 40 6 0 50 0.581773467680911 0.322284838105858 0.0959416942132303 0 0
  1 41 6 0 58 0.21809512804152 0.724855177680532 0.0570496942779483 0 0
  1 42 6 0 65 0.622870122187247 0.357227890535418 0.0199019872773351 0 0
  1 1 7 0 86 0.0944110382066317 0.252649470200491 0.286762905621102 0.279388535080016 0.0867880508917591
  1 2 7 0 100 0.0418113479076591 0.169033506085163 0.430412387459003 0.184659080112341 0.174083678435834
  1 3 7 0 33 0.0306845459333819 0.1483531521758 0.290913210255579 0.427923275818587 0.102125815816652
  1 4 7 0 44 0.153576713103775 0.392890214358593 0.348326063935243 0.0483207448634691 0.0568862637389206
  1 5 7 0 34 0.0832984238362046 0.328604774813603 0.32403700138161 0.165092382613459 0.0989674173551222
  1 6 7 0 40 0.139779608177133 0.472133725930464 0.244450921942855 0.0412234577544385 0.10241228619511
  1 7 7 0 39 0.0967987855162106 0.227222381452587 0.279908899055198 0.0846825357846828 0.311387398191322
  1 8 7 0 49 0.148393852884037 0.346399532632924 0.352314780697398 0.0582622830710802 0.0946295507145611
  1 9 7 0 36 0.111285747311273 0.372231487149215 0.268618989530067 0.192901353487094 0.0549624225223509
  1 10 7 0 43 0.357368800695296 0.257703596484323 0.194112477890465 0.157056817287287 0.0337583076426296
  1 11 7 0 41 0.139099992866667 0.462791437805567 0.188768109977704 0.209340459350062 0
  1 12 7 0 35 0.238294977457943 0.366913461304403 0.155545961070591 0.166656203838107 0.0725893963289565
  1 13 7 0 32 0.0644126981017494 0.215310889964151 0.210109311027093 0.471277450192959 0.0388896507140478
  1 14 7 0 21 0.0364847414962651 0.364710112947253 0.525534905768319 0.0732702397881626 0
  1 15 7 0 30 0.089448305400887 0.47803860342374 0.37714033068911 0.016751572618768 0.0386211878674954
  1 16 7 0 19 0.0542717951931 0.207815497884524 0.592931390965222 0.0624393404018636 0.0825419755552902
  1 17 7 0 35 0.0962931734432578 0.392128248367709 0.147613659839629 0.293680306327861 0.0702846120215429
  1 18 7 0 27 0.253707168560256 0.191502849616563 0.499936401646172 0.0548535801770086 0
  1 19 7 0 34 0.0581277462704145 0.681645716394878 0.200751077260426 0.0594754600742821 0
  1 20 7 0 42 0.0187892065797288 0.626850886606554 0.269093289287303 0.0852666175264141 0
  1 21 7 0 41 0.0273273552036339 0.711929648676581 0.184200657222955 0.0765423388968308 0
  1 22 7 0 44 0.0241731890173842 0.571843201803805 0.284608075510886 0.119375533667925 0
  1 23 7 0 28 0 0.405156633889207 0.594843366110793 0 0
  1 24 7 0 34 0.0144994144383171 0.548210880900087 0.351894973787712 0.0853947308738832 0
  1 25 7 0 36 0.00970773425546542 0.21736375293034 0.681582634689414 0.091345878124781 0
  1 26 7 0 31 0.00921161086234935 0.0440962708013099 0.682361630911805 0.264330487424536 0
  1 27 7 0 39 0.00621775683077511 0.124895366082233 0.603142884438662 0.228654112112968 0.0370898805353617
  1 28 7 0 38 0.00813690401147924 0.0572816870097287 0.856686552599238 0.0778948563795541 0
  1 29 7 0 48 0.0187914553893325 0.0613423434210828 0.52217799348936 0.397688207700225 0
  1 30 7 0 38 0.0407131117782109 0.0358769016428255 0.705066006522402 0.218343980056561 0
  1 31 7 0 61 0.0281067040643602 0.175581417267028 0.612122583004407 0.184189295664205 0
  1 32 7 0 48 0.0134172444337381 0.32806630582886 0.571255429504889 0.087261020232512 0
  1 33 7 0 49 0.136383848697237 0.305961554059534 0.52553520394288 0.0321193933003488 0
  1 34 7 0 44 0.1378704616567 0.375085703259949 0.426434489647588 0.0606093454357628 0
  1 35 7 0 61 0.321364759038225 0.462056481462684 0.194799157882752 0.0217796016163394 0
  1 36 7 0 67 0.648521720224027 0.282700321706534 0.0687779580694387 0 0
  1 37 7 0 57 0.606278049312281 0.335717335610589 0.0580046150771299 0 0
  1 38 7 0 38 0.191939186951009 0.571766593943824 0.17261585205661 0.0636783670485568 0
  1 39 7 0 52 0.15797689738898 0.659709710060596 0.12724508101649 0.0550683115339345 0
  1 40 7 0 43 0.314343046033968 0.632626644054063 0.0230074459900024 0.0300228639219665 0
  1 41 7 0 42 0.204945392051258 0.648313829249502 0.106433210278077 0.0403075684211627 0
  1 42 7 0 61 0.190973601545587 0.63549090085304 0.14860597271612 0.0249295248852536 0
  1 1 8 0 63 0.0811290066160375 0.255390052708173 0.258713358036468 0.404767582639322 0
  1 2 8 0 75 0.108446851611495 0.198110117784059 0.236963087858902 0.208184233190602 0.248295709554944
  1 3 8 0 32 0.0643505882267426 0.149918771283923 0.323922674623568 0.461807965865767 0
  1 4 8 0 34 0.132880923214306 0.03672707706046 0.260123415801344 0.49227506382589 0.0779935200979999
  1 5 8 0 25 0.117428539019964 0.503357531760436 0.288157894736842 0.0910560344827586 0
  1 6 8 0 26 0.0716011057143106 0.269025175056899 0.580495653008014 0.0788780662207766 0
  1 7 8 0 25 0.0577496024771947 0.208569754791196 0.224453929199096 0.424315842329902 0.0849108712026111
  1 8 8 0 24 0.0875175346796998 0.309428647770034 0.414080069470731 0.188973748079535 0
  1 9 8 0 25 0.150291641015474 0.222935818107829 0.294990452539207 0.33178208833749 0
  1 10 8 0 23 0.0706212024002717 0.287659923764955 0.330674227271012 0.311044646563762 0
  1 11 8 0 22 0.0527557931955617 0.211745025913231 0.423701853044534 0.0487488599475252 0.263048467899148
  1 12 8 0 22 0.0554956216592507 0.133520055691029 0.443663720632956 0.284712242663073 0.082608359353691
  1 13 8 0 25 0.139825009699386 0.302935234858924 0.55723975544169 0 0
  1 14 8 0 21 0.130858425285207 0.184121937535066 0.431089084221682 0 0.253930552958045
  1 15 8 0 23 0.245643575707202 0.41050700753776 0.343849416755037 0 0
  1 16 8 0 25 0.0491472205985942 0.245140356398843 0.705712423002563 0 0
  1 17 8 0 24 0.0730991656875037 0.470182025849903 0.236935559041886 0.219783249420707 0
  1 18 8 0 33 0.0878836968439263 0.317587741428826 0.21605769632038 0.378470865406868 0
  1 19 8 0 31 0.0585714522080114 0.0961658311134643 0.477638610830755 0.367624105847769 0
  1 20 8 0 30 0.0077153825828813 0.297088857458151 0.447719112824259 0.247476647134708 0
  1 21 8 0 35 0.092658681800773 0.123475273609322 0.516271485440386 0.267594559149519 0
  1 22 8 0 29 0.0406604933805976 0.181360775519062 0.489535556680894 0.288443174419446 0
  1 23 8 0 31 0.0564566453017293 0.166549764179465 0.432103035433547 0.0719313097109687 0.27295924537429
  1 24 8 0 34 0.0285774827220218 0.144136082169959 0.372074852004397 0.23104341393552 0.224168169168103
  1 25 8 0 35 0.0236404608198288 0.258123997174778 0.363179522284236 0.355056019721158 0
  1 26 8 0 29 0.0166390122492802 0.110119076667805 0.266914743057928 0.547957639939486 0.058369528085501
  1 27 8 0 29 0.0131780708468749 0.131175887468159 0.268420061987878 0.587225979697088 0
  1 28 8 0 29 0.0746374525122742 0.144776665699032 0.201559995456324 0.276159584001212 0.302866302331158
  1 29 8 0 36 0.0530819997861805 0.0820597599484747 0.245589972385991 0.472048312781453 0.147219955097901
  1 30 8 0 32 0.0880691387490737 0.144403168217733 0.711463135303685 0.0560645577295081 0
  1 31 8 0 39 0.0424896506177413 0.206130700214236 0.512704370097131 0.238675279070891 0
  1 32 8 0 41 0.0652698207355387 0.257406209573092 0.58544400295694 0.0918799667344299 0
  1 33 8 0 31 0.0676998689582331 0.208864839345215 0.273038988708618 0.450396302987934 0
  1 34 8 0 32 0.0844425212750613 0.129995672868888 0.712724650223568 0.0728371556324823 0
  1 35 8 0 35 0.0545764190040619 0.261032883193759 0.414028835027795 0.270361862774384 0
  1 36 8 0 33 0.00439845536276356 0.287630093719256 0.493060305711724 0.132386965965112 0.0825241792411438
  1 37 8 0 24 0.0462495244711292 0.0720819067467209 0.426652772953572 0.33262872359781 0.122387072230768
  1 38 8 0 25 0.0241540927556759 0.262489196526136 0.713356710718188 0 0
  1 39 8 0 31 0.106285327049546 0.0198185710545365 0.338569822421414 0.42136487547937 0.113961403995133
  1 40 8 0 16 0.00960650109935232 0.0375856742813626 0.365156857642826 0.587650966976459 0
  1 41 8 0 18 0.0433515741596191 0.0506169262476561 0.461664197503868 0.444367302088857 0
  1 42 8 0 22 0.0237529191475037 0.206396877827102 0.243125539121836 0.294176432223181 0.232548231680377
  1 1 9 0 91 0.00744073303693028 0.0251846009834467 0.19465256631378 0.542122368519963 0.23059973114588
  1 2 9 0 87 0.0593693631818855 0.0867622658969567 0.0615064289096699 0.60136133111144 0.191000610900047
  1 3 9 0 57 0.0690094026343559 0.205900498619441 0.198744854510331 0.0696137132145952 0.456731531021276
  1 4 9 0 43 0.0734106500666905 0.0619727759959418 0.125366879028376 0.0977531039870087 0.641496590921983
  1 5 9 0 40 0.0896426946589495 0.198759569871739 0.468615641411144 0.178741552450881 0.0642405416072865
  1 6 9 0 44 0.137064844924387 0.0836584670380493 0.129393775912585 0.124577127477251 0.525305784647728
  1 7 9 0 49 0.0588650460122066 0.119520993714902 0.0234189114921013 0.332189536406874 0.466005512373916
  1 8 9 0 40 0.107021446104503 0.114003131010947 0.149904851893205 0.40639172262823 0.222678848363115
  1 9 9 0 38 0.0901153691251217 0.27335702232441 0.0623870142184927 0.277195862413524 0.296944731918451
  1 10 9 0 48 0.0945081456058337 0.0919417904401222 0.37100628615907 0.0772837966397953 0.365259981155178
  1 11 9 0 35 0.169694491900929 0.267735275039513 0.353764491992289 0 0.208805741067268
  1 12 9 0 47 0.203492265748002 0.177264953317367 0.0877549273848352 0.0658352136343445 0.465652639915451
  1 13 9 0 44 0.049888055709356 0.0775593235715085 0.0429761552004915 0.399233621645554 0.43034284387309
  1 14 9 0 52 0.183943954993198 0.17733125288163 0.0993461113041661 0.269751231577441 0.269627449243565
  1 15 9 0 41 0.128732060745037 0.1316737753538 0.0766905546309819 0.356617981381193 0.306285627888988
  1 16 9 0 42 0.149744735162731 0.168808688121068 0.0949391466861154 0.133112635609445 0.45339479442064
  1 17 9 0 47 0.181812799168111 0.390129094451547 0.229657493565631 0.198400612814711 0
  1 18 9 0 43 0.104766459736909 0.373460431575349 0.132510392431443 0.0338581005832993 0.355404615673
  1 19 9 0 40 0.100006280884056 0.388593914553685 0.354279838216112 0.157119966346147 0
  1 20 9 0 45 0.0754795649712032 0.293327731432953 0.371927441172048 0.0677058618413546 0.191559400582441
  1 21 9 0 48 0.113506860555226 0.402445386536192 0.194976270430982 0.185856721014217 0.103214761463383
  1 22 9 0 52 0.0891243877432287 0.304015262784668 0.28883370985341 0.318026639618694 0
  1 23 9 0 42 0.0570801106913097 0.127825105540861 0.200706008370278 0.614388775397552 0
  1 24 9 0 50 0.115796433359658 0.439024362247241 0.306839886866609 0.138339317526493 0
  1 25 9 0 54 0.0802031628580978 0.244032672126982 0.111283521510914 0.396746252411497 0.167734391092509
  1 26 9 0 43 0.0300306110685174 0.21211769419728 0.155402164300093 0.458479153112582 0.143970377321527
  1 27 9 0 46 0.0880102772433898 0.17118693602853 0.314775176196273 0.193033361891348 0.232994248640459
  1 28 9 0 52 0.0753903866450758 0.191424534456969 0.206043060953048 0.480290745526976 0.0468512724179313
  1 29 9 0 44 0.173482919988415 0.366658155877018 0.144122601100559 0.158148255415149 0.157588067618859
  1 30 9 0 52 0.0919426760584795 0.234139369810231 0.220974758960124 0.272434247536387 0.180508947634779
  1 31 9 0 53 0.0545607558328761 0.285169755526005 0.392513274500869 0.140252192268708 0.127504021871542
  1 32 9 0 54 0.229964409464353 0.287048050090553 0.432107870405948 0.0508796700391461 0
  1 33 9 0 62 0.147690651678343 0.196130938683193 0.243633829301809 0.412544580336655 0
  1 34 9 0 50 0.659824760430682 0.195703728457816 0.0440590620080731 0.100412449103429 0
  1 35 9 0 61 0.618663107885549 0.196915056593117 0 0.091848541874408 0.0925732936469259
  1 36 9 0 56 0.404372782122525 0.116367829394695 0.125049995319587 0 0.354209393163193
  1 37 9 0 55 0.693972941567685 0.24364918940529 0.0623778690270248 0 0
  1 38 9 0 50 0.224240519801729 0.611815439686868 0.163944040511403 0 0
  1 39 9 0 50 0.201768811337606 0.368665160495978 0.429566028166416 0 0
  1 40 9 0 35 0.0845534774106203 0.22268465125608 0.531087348944492 0.161674522388808 0
  1 41 9 0 49 0.152286782859517 0.190990979979956 0.303026228947175 0.353696008213352 0
  1 42 9 0 56 0.528391608391608 0.227214986848014 0.131524988772695 0.112868415987682 0
  1 1 10 0 74 0.0160694651969214 0.494537791435257 0.337479913168504 0.0591962448197119 0.0927165853796059
  1 2 10 0 73 0.0189586079269348 0.309888032378746 0.232402710654897 0.198399701774707 0.240350947264715
  1 3 10 0 51 0.005822289269284 0.302727873430662 0.464885486666085 0.226564350633969 0
  1 4 10 0 31 0.00971824038965443 0.458360307037825 0.163583957581923 0.368337494990598 0
  1 5 10 0 36 0 0.252497091740543 0.470601508283525 0.276901399975932 0
  1 6 10 0 29 0.000250485739237576 0.181913575650078 0.765782294043178 0.0520536445675059 0
  1 7 10 0 27 0.0108988649444129 0.228249624805117 0.39944048607772 0.36141102417275 0
  1 8 10 0 25 0.000185572167402232 0.310494509484351 0.257598373419611 0.232844659959174 0.198876884969461
  1 9 10 0 16 0.00803696795691263 0.0890143973845799 0.557704801223882 0.345243833434625 0
  1 10 10 0 17 0 0.044155667950583 0.629252187808573 0.326592144240844 0
  1 11 10 0 12 0.0028002436465771 0.032562349835877 0.421212480119116 0.27595512842205 0.26746979797638
  1 12 10 0 26 0.00920670954723168 0.219625648216154 0.527809307604994 0.24335833463162 0
  1 13 10 0 34 0.00651210549070471 0.0416774751405102 0.615974924340683 0.335835495028102 0
  1 14 10 0 25 0.0103743948269684 0.445407351237844 0.315214945794829 0.229003308140358 0
  1 15 10 0 17 0.00300619210221053 0.0680477723136243 0.564159328181417 0.22952440080383 0.135262306598918
  1 16 10 0 20 0.0304289743209144 0.358967438973376 0.195892425816724 0.414711160888985 0
  1 17 10 0 35 0.0256233893673022 0.392522078851074 0.371566658412891 0.210287873368733 0
  1 18 10 0 23 0.000444910227003085 0.319781697381951 0.441637665111129 0.238135727279918 0
  1 19 10 0 21 0.00208300068223716 0.0910931761768591 0.47304437444659 0.433779448694314 0
  1 20 10 0 29 0.0079317417855388 0.554356218657141 0.224592299113236 0.213119740444084 0
  1 21 10 0 35 0.00325270295033901 0.27077606743632 0.521518233461609 0.0984881803188565 0.105964815832875
  1 22 10 0 34 0.00456431351929339 0.201426292743493 0.56696903955002 0.227040354187194 0
  1 23 10 0 28 0.0064326203747031 0.21347296344779 0.565851433716171 0.214242982461336 0
  1 24 10 0 27 0.00271273475030642 0.306091745037787 0.300335170867436 0.248014824195038 0.142845525149433
  1 25 10 0 28 0.0128115835777126 0.259393328445748 0.48841642228739 0.23937866568915 0
  1 26 10 0 27 0.0119773942013878 0.124270574649212 0.297109891569836 0.144336797784386 0.422305341795178
  1 27 10 0 27 0.0225381414701803 0.141380027739251 0.631650485436893 0.204431345353675 0
  1 28 10 0 33 0.00419702011571784 0.225639795745021 0.535949475872131 0.164643103396588 0.0695706048705419
  1 29 10 0 43 0.0420965373075156 0.620752727895263 0.276591910472775 0.0605588243244461 0
  1 30 10 0 37 0.0284181383902721 0.283195208453966 0.688386653155761 0 0
  1 31 10 0 33 0.00219070097848255 0.0655285409839822 0.816700657668599 0.115580100368936 0
  1 32 10 0 40 0 0.264386980520489 0.470138665948655 0.265474353530856 0
  1 33 10 0 38 6.73664855697025e-05 0.053893188455762 0.48069157641539 0.357700187437339 0.107647681205939
  1 34 10 0 28 0.0079183716851783 0.267783121645321 0.542919965988202 0.181378540681299 0
  1 35 10 0 29 0.00743110125624565 0.156907103743267 0.641771478654312 0.193890316346175 0
  1 36 10 0 38 0.00352247011910548 0.0967947612402858 0.522726203728383 0.376956564912226 0
  1 37 10 0 24 0.00334097042530986 0.067041728164813 0.802777760623483 0.126839540786394 0
  1 38 10 0 21 0.00778393787658617 0.00870023971937099 0.56459002434216 0.418925798061883 0
  1 39 10 0 28 0.0110574041245265 0.125993189557321 0.650531189021668 0.212418217296484 0
  1 40 10 0 13 0.0175200518512517 0.0670217937292392 0.521206351778336 0.394251802641173 0
  1 41 10 0 16 0.0102256896071329 0.37091111730287 0.0606297018668153 0.558233491223182 0
  1 42 10 0 31 0.0163806465281727 0.761281905462817 0.22233744800901 0 0
  2 1 1 0 58 0.00918016127707331 0.0786289653536633 0.597427487606102 0.136583935506579 0.178179450256582
  2 2 1 0 83 0.0320588613635261 0.17808766812223 0.242210782776951 0.339733808233782 0.207908879503511
  2 3 1 0 63 0.00318853441660803 0.205616586458903 0.126639192545213 0.392861958475015 0.271693728104261
  2 4 1 0 56 0.0452876874478569 0.0767504046663196 0.331469847902509 0.260405450694885 0.286086609288429
  2 5 1 0 55 0.0123795710560564 0.183724752229813 0.136202096571976 0.374632337167673 0.293061242974482
  2 6 1 0 45 0.0134365388690835 0.0851956866888781 0.2528722568452 0.515014052953056 0.133481464643783
  2 7 1 0 46 0.0153392996573938 0.0187405499726057 0.43113493499799 0.359648421003594 0.175136794368417
  2 8 1 0 56 0.0140203812555947 0.161830234106633 0.354661738183325 0.277423967157163 0.192063679297283
  2 9 1 0 51 0.0360995606408735 0.0211011234542576 0.306587986964936 0.395124936501778 0.241086392438155
  2 10 1 0 44 0.0100388345458006 0.17766804703785 0.256173369668664 0.349107594672262 0.207012154075422
  2 11 1 0 49 0.0377673224978614 0.176624884342103 0.478746879419005 0.240239346380126 0.066621567360905
  2 12 1 0 50 0.0308767094956508 0.110942992598345 0.455527578097393 0.288712142407165 0.113940577401446
  2 13 1 0 48 0.0148059290128966 0.175339778153195 0.610107076987787 0.199747215846121 0
  2 14 1 0 52 0.0287544101581389 0.0837079355982592 0.291136701470351 0.543562870498057 0.0528380822751939
  2 15 1 0 31 0.0217155251531385 0.313005570614475 0.294817034128017 0.370461870104369 0
  2 16 1 0 38 0.00390790680814728 0.165336315412829 0.351292141024707 0.303578869089326 0.175884767664991
  2 17 1 0 26 0.0489139134266143 0.0570775087749986 0.794278057305238 0.0997305204931491 0
  2 18 1 0 33 0.01400425307621 0.179712462967339 0.607551936603719 0.198731347352733 0
  2 19 1 0 31 0.00812400816531668 0.066987955125182 0.321946181888281 0.60294185482122 0
  2 20 1 0 38 0.0187167771479374 0.0872739828059811 0.416004825319694 0.31273551852675 0.165268896199637
  2 21 1 0 30 0.0127690969331691 0.186081673936932 0.445546893210349 0.205564666511272 0.150037669408278
  2 22 1 0 35 0.00806068345338607 0.255977840869174 0.524659368452374 0.211302107225067 0
  2 23 1 0 35 0.0171286827948444 0.189383342693752 0.556604923226907 0.15989095995507 0.0769920913294267
  2 24 1 0 26 0.00933928841230685 0.26117106825701 0.606375963546557 0 0.123113679784126
  2 25 1 0 32 0.00150436106354632 0.116780646210171 0.785656524281971 0.0960584684443112 0
  2 26 1 0 26 0.0103291490066855 0.0495681001915438 0.527522536188568 0.412580214613203 0
  2 27 1 0 37 0.0609325289154191 0.15048786456837 0.788579606516211 0 0
  2 28 1 0 35 0.0247993429392894 0.170297370876117 0.407428545137193 0.0701298752152432 0.327344865832158
  2 29 1 0 33 0.0116770471648405 0.252544685680317 0.51006660632017 0.225711660834673 0
  2 30 1 0 45 0.0380842752869325 0.419965957876377 0.352947279574445 0.189002487262245 0
  2 31 1 0 34 0.015248821413674 0.308897834864118 0.468044373086519 0.207808970635689 0
  2 32 1 0 36 0.0725949472317449 0.156327440284386 0.771077612483869 0 0
  2 33 1 0 42 0.0148615337416747 0.228870651859832 0.469163922788517 0.287103891609976 0
  2 34 1 0 34 0.0256232495668726 0.15808195282891 0.576475757364481 0.239819040239736 0
  2 35 1 0 35 0.0521516244172494 0.554714816433566 0.393133559149184 0 0
  2 36 1 0 28 0.0482548476454294 0.916992015642822 0.0347531367117484 0 0
  2 37 1 0 22 0.075824209810107 0.38804045277417 0.536135337415723 0 0
  2 38 1 0 32 0.185847425603847 0.370761868773847 0.443390705622306 0 0
  2 39 1 0 27 0.0172845706010476 0.568087193651424 0.414628235747528 0 0
  2 40 1 0 39 0.0394624516115177 0.595471392854522 0.313584210724123 0.0514819448098375 0
  2 41 1 0 20 0.0225063654962963 0.0662412776772251 0.296853946371726 0.614398410454753 0
  2 42 1 0 30 0.0514373262135654 0.529998478287936 0.418564195498499 0 0
  2 1 2 0 16 0.17532607912373 0.216425260022579 0.105858614974418 0.502390045879273 0
  2 2 2 0 20 0.00645499524886137 0.257773845800976 0.516006422228775 0.219764736721387 0
  2 3 2 0 34 0.0048869133862135 0.103067213477076 0.837774121460671 0.0542717516760394 0
  2 4 2 0 15 0.00334152546026818 0.00495120654220383 0.892172925739088 0.09953434225844 0
  2 5 2 0 4 0 0.109499876410975 0.320919502348191 0.569580621240834 0
  2 6 2 0 7 0 0.0358523920008839 0.964147607999116 0 0
  2 7 2 0 18 0.0988184747583244 0.407570650764843 0.493610874476832 0 0
  2 8 2 0 22 0.273802886700118 0.701883169175494 0.0243139441243883 0 0
  2 9 2 0 21 0.147485583183481 0.720561790785639 0.13195262603088 0 0
  2 10 2 0 11 0.066054753820034 0.205008488964346 0.72893675721562 0 0
  2 11 2 0 7 0.0993520518358531 0.127189824814015 0.336573074154068 0.436885049196064 0
  2 12 2 0 19 0.358728226259599 0.244100018730099 0.296216519947556 0.100955235062746 0
  2 13 2 0 32 0.0187822488845313 0.0493755868154512 0.0358985650544648 0.86557875582661 0.0303648434189426
  2 14 2 0 34 0.130111846478425 0.0427588798011618 0.556255599549146 0.270873674171267 0
  2 15 2 0 27 0.435474276064555 0.0709255243614592 0.493600199573986 0 0
  2 16 2 0 42 0.0053367559272739 0.0129934038741192 0.927765994199266 0.0539038459993412 0
  2 17 2 0 34 0.0419191623486246 0.00864584248172761 0.949434995169648 0 0
  2 18 2 0 28 0.0725641079112186 0.169832961441411 0.341542760619774 0.416060170027596 0
  2 19 2 0 26 0.280968637786779 0.484654980277006 0.204270072347125 0.0301063095890896 0
  2 20 2 0 32 0.0951154684496602 0.478143307796305 0.315402231194416 0.11133899255962 0
  2 21 2 0 37 0.162776656040824 0.0916787316509443 0.67055775935388 0.0749868529543522 0
  2 22 2 0 38 0.0569736904554731 0.0961413722729358 0.800214368207059 0.046670569064532 0
  2 23 2 0 41 0.227254623625167 0.25760562085763 0.515139755517203 0 0
  2 24 2 0 33 0.0218698790139814 0.624211150238834 0.232096161221715 0.12182280952547 0
  2 25 2 0 45 0.415401725074708 0.0711083944580277 0.513489880467264 0 0
  2 26 2 0 28 0.166758661684783 0.277131453804348 0.389584748641304 0.166525135869565 0
  2 27 2 0 47 0.546875 0.0582405533063428 0.301366396761134 0.0935180499325236 0
  2 28 2 0 22 0.201487322818926 0.631563186264724 0.166949490916351 0 0
  2 29 2 0 40 0.140121708110377 0.13665932221173 0.422542230615885 0.300676739062008 0
  2 30 2 0 28 0.148650333520354 0.372108970762421 0.37687800012468 0.102362695592544 0
  2 31 2 0 32 0.0270952640334477 0.417610081410926 0.123117464336714 0.432177190218911 0
  2 32 2 0 40 0.153244465932244 0.380460683081811 0.339261663846393 0.127033187139552 0
  2 33 2 0 43 0.841877165670667 0.0401747602069 0.0601466378747552 0.0578014362476774 0
  2 34 2 0 46 0.544155631250114 0.409894533598062 0.0314104082041567 0.0145394269476675 0
  2 35 2 0 60 0.00843685186002383 0.891779930276687 0.0997832178632894 0 0
  2 36 2 0 49 0.877544241050749 0.0275919470122411 0.0948638119370097 0 0
  2 37 2 0 32 0.0295345485533077 0.84985459735458 0.120610854092112 0 0
  2 38 2 0 30 0.0414771594759635 0.281026328664359 0.619031656005943 0.0584648558537337 0
  2 39 2 0 29 0.03129666348437 0.275354336491151 0.693349000024479 0 0
  2 40 2 0 31 0.0358518688374226 0.182423756019262 0.701284109149278 0.0804402659940381 0
  2 41 2 0 14 0.00298234078527146 0.318312042081533 0.508031185421755 0.170674431711441 0
  2 42 2 0 19 0.00773343517280886 0.879535039144548 0.112731525682643 0 0
  2 2 3 0 3 0 0 0 1 0
  2 3 3 0 3 0 0 0.154344874405974 0 0.845655125594026
  2 4 3 0 7 0 0 0 0.510669353175422 0.489330646824578
  2 5 3 0 1 1 0 0 0 0
  2 6 3 0 14 0.0865502450980392 0.483915441176471 0.42953431372549 0 0
  2 8 3 0 10 0.532566262584754 0.100143825765359 0.367289911649887 0 0
  2 9 3 0 6 0.159919897010442 0 0.840080102989558 0 0
  2 10 3 0 2 0 0 0 0.391197462331483 0.608802537668517
  2 12 3 0 1 0 0 0 1 0
  2 14 3 0 9 1 0 0 0 0
  2 15 3 0 5 0.22118026520129 0 0 0.77881973479871 0
  2 16 3 0 9 0 0.0547307936118439 0.185959961556551 0.588951598061469 0.170357646770137
  2 17 3 0 9 0 0.244998941574936 0.0879022015241321 0 0.667098856900931
  2 18 3 0 13 0.772705707625982 0.0760329214711525 0.151261370902865 0 0
  2 19 3 0 14 0.530748678564406 0.218334701997479 0 0.250916619438115 0
  2 20 3 0 19 0.926217021197217 0.0131573220248348 0.0257425865703289 0.0144289063131517 0.0204541638944678
  2 21 3 0 20 0.600787192641075 0.362152839200425 0.0370599681584999 0 0
  2 22 3 0 23 0.746721393532886 0.0502816255776091 0.138610366139596 0 0.0643866147499091
  2 23 3 0 26 0.93652687680157 0.0387761175932407 0.0129850803851432 0.0117119252200464 0
  2 24 3 0 28 0.948750983915762 0.0270781043470512 0.0241709117371868 0 0
  2 25 3 0 20 0.264172555093086 0.192027231955603 0.543800212951312 0 0
  2 26 3 0 7 0.113688423158948 0.886311576841052 0 0 0
  2 27 3 0 5 1 0 0 0 0
  2 29 3 0 6 1 0 0 0 0
  2 30 3 0 14 0.607047558250878 0.304628151931056 0.0883242898180658 0 0
  2 31 3 0 7 0.0741040249954053 0 0.763977210071678 0.161918764932917 0
  2 32 3 0 20 0.301780347633526 0.210021265751595 0.488198386614879 0 0
  2 33 3 0 18 0.341915911477578 0.387927346272024 0.187494327978945 0.0826624142714532 0
  2 34 3 0 15 0.0847743800832073 0.0529812286877738 0.862244391229019 0 0
  2 35 3 0 28 0.85505776216073 0.0505357902295845 0.073117762300168 0.0212886853095173 0
  2 36 3 0 25 0.491357726434156 0.123539488711236 0.385102784854608 0 0
  2 37 3 0 19 0.207642613359337 0.215126767430522 0.577230619210141 0 0
  2 38 3 0 33 0.819647649990919 0.038443686557827 0.117050430851815 0.024858232599439 0
  2 39 3 0 32 0.0733868191346108 0.162980620475968 0.763632560389421 0 0
  2 40 3 0 34 0.7954084484047 0.0236359411990028 0.180955610396298 0 0
  2 41 3 0 20 0.177095796115709 0.328796197656314 0.465582233876915 0.0285257723510612 0
  2 42 3 0 27 0.304558452014103 0.370533855251104 0.239985008744899 0.0849226839898948 0
  2 1 4 0 4 0.00664415220948362 0 0.290408951424967 0.156886834551795 0.546060061813754
  2 2 4 0 11 0.000474768595785474 0 0.0391493092662642 0.0472576656483093 0.913118256489641
  2 3 4 0 6 0.0907416117905299 0.146597679523362 0.762660708686108 0 0
  2 4 4 0 19 0.022356732138882 0.0370706464950449 0.331385426461447 0.257154117791599 0.352033077113027
  2 5 4 0 8 0.0146956263389157 0 0.0210364185079201 0.12684398992979 0.837423965223374
  2 6 4 0 6 0 0 0.273230227819967 0.265810335247268 0.460959436932765
  2 7 4 0 4 0 0 0.343424047207787 0 0.656575952792213
  2 8 4 0 1 0 0 1 0 0
  2 9 4 0 6 0 0 0.421393444330993 0.236077538602596 0.342529017066411
  2 10 4 0 8 0.0126384060696982 0.00870434242670087 0 0.865659431554998 0.112997819948603
  2 11 4 0 3 0 0.118986506832619 0.208785614935689 0.672227878231692 0
  2 12 4 0 1 0 0 1 0 0
  2 13 4 0 5 0.010956481559969 0 0.143951746272353 0 0.845091772167678
  2 14 4 0 1 0 1 0 0 0
  2 15 4 0 1 1 0 0 0 0
  2 16 4 0 4 0.212026920723713 0.787973079276287 0 0 0
  2 17 4 0 6 0.00621389611286277 0.0791542964105161 0.174142520693808 0 0.740489286782813
  2 18 4 0 5 0.0512632087110444 0 0.505315668079172 0.443421123209784 0
  2 19 4 0 4 0 0.0998970133882595 0.28236145517299 0.617741531438751 0
  2 20 4 0 2 0 0.167131694437507 0 0 0.832868305562493
  2 21 4 0 4 0.216288794260943 0.783711205739057 0 0 0
  2 22 4 0 6 0.109151584537062 0.176351301975495 0.344146590992132 0.370350522495311 0
  2 23 4 0 6 0.0288561183030941 0.0677750727879855 0.234369088546379 0 0.668999720362542
  2 24 4 0 9 0.0806786587612635 0.457474960640472 0.461846380598265 0 0
  2 25 4 0 4 0.104897333018645 0 0.895102666981355 0 0
  2 26 4 0 5 0.0320547354810904 0 0.96794526451891 0 0
  2 27 4 0 3 0 1 0 0 0
  2 28 4 0 7 0.0212013190745117 0.0803093416643302 0.408769575840109 0.489719763421049 0
  2 29 4 0 6 0.0287281493322333 0 0.290036997885835 0 0.681234852781932
  2 30 4 0 5 0.0140485141124016 0.063631900685277 0.631086960907605 0.291232624294716 0
  2 31 4 0 2 0.159592723944629 0.840407276055371 0 0 0
  2 32 4 0 9 0.0237929458865511 0.253084270763071 0.723122783350377 0 0
  2 33 4 0 7 0.016241424431394 0.107334754434318 0 0.329318864973645 0.547104956160643
  2 34 4 0 11 0.00346312658171647 0.371393193130972 0.0947525245798122 0.530391155707499 0
  2 35 4 0 16 0.0556422510484736 0.181974613701913 0.180304951396339 0.352386990102781 0.229691193750493
  2 36 4 0 17 0.0218835391655301 0.204325501934186 0.360401081840992 0 0.413389877059292
  2 37 4 0 20 0.0157197760264601 0.0529486096056578 0.272546635563022 0.65878497880486 0
  2 38 4 0 10 0.0151589732961133 0.0274487198585465 0.226374217115618 0.731018089729723 0
  2 39 4 0 47 0.121575798695182 0.369166573243511 0.357957250534696 0.151300377526611 0
  2 40 4 0 24 0.0169048332474655 0.278949149692492 0.501984302346888 0.202161714713155 0
  2 41 4 0 26 0 0.0954599734077445 0.444698420756848 0.43459726889359 0.0252443369418174
  2 42 4 0 24 0.102686127481658 0.138659132453645 0.126117706116154 0.162614164958974 0.469922868989569
  2 1 5 0 47 0.00541729726479108 0.146579736000722 0.574739659025989 0.273263307708498 0
  2 2 5 0 69 0.0952793243588835 0.0315713092857517 0.388294905885362 0.351440913754695 0.133413546715308
  2 3 5 0 48 0.0872860202040225 0.199028923625873 0.0673962998416752 0.499750905738036 0.146537850590393
  2 4 5 0 42 0.0863750056165471 0.114951997244148 0.308432475790602 0.490240521348704 0
  2 5 5 0 35 0.0166778452732507 0.13518908798464 0.227457624604378 0.320269727591662 0.300405714546069
  2 6 5 0 40 0.011320461984701 0.0605452118529588 0.239529063074839 0.462884381667914 0.225720881419587
  2 7 5 0 35 0.0382726255896513 0.0521215289597821 0.20304065554637 0.364640373486359 0.341924816417838
  2 8 5 0 35 0.00207116081963374 0.141794339771807 0.0124858852292 0.199726430756701 0.643922183422659
  2 9 5 0 25 0.148142337687692 0.0218171169192474 0.120217264737361 0.286394109587608 0.42342917106809
  2 10 5 0 21 0 0.166466137496404 0.136246462396175 0.492972976037118 0.204314424070303
  2 11 5 0 25 0.0835011902581945 0.144907911602849 0.312040401314585 0.459550496824372 0
  2 12 5 0 26 0.00875010296257654 0.247244035034733 0.406309203481508 0.0946054474067159 0.243091211114467
  2 13 5 0 22 0.0413746592670234 0.0651898387238771 0.437614927301993 0.265083196154223 0.190737378552884
  2 14 5 0 20 0.0905503305439933 0.140293960910832 0.37862050092898 0.390535207616194 0
  2 15 5 0 21 0.124692170444292 0.00616337523659627 0.425116856509026 0.444027597810085 0
  2 16 5 0 19 0.144334707583068 0.106681547690635 0.748983744726297 0 0
  2 17 5 0 18 0.154142286095546 0.175445640429137 0.670412073475316 0 0
  2 18 5 0 12 0.0188465281265696 0.105152875439478 0.113185114264189 0.381878609994977 0.380936872174787
  2 19 5 0 21 0.0995228221282931 0.119826142435601 0.37953252518808 0.401118510248026 0
  2 20 5 0 27 0.29561517677683 0.0592029391413226 0.240839895877953 0.404341988203895 0
  2 21 5 0 24 0.127293931442376 0.197646715814903 0.207697113582407 0.467362239160315 0
  2 22 5 0 28 0.144399234854543 0.0507860902883356 0.0736555029249531 0.731159171932168 0
  2 23 5 0 17 0.120053787649813 0.459958425600947 0 0.41998778674924 0
  2 24 5 0 32 0.302742769345763 0.0729979444802027 0.312982995245313 0.311276290928721 0
  2 25 5 0 27 0.314845696851401 0.296449653682525 0.173054510654829 0.215650138811245 0
  2 26 5 0 25 0.0365409859340867 0.518458553255934 0.1057197727335 0.339280688076479 0
  2 27 5 0 36 0.503968669971396 0.0455917811091309 0.235767450915789 0.214672098003684 0
  2 28 5 0 40 0.381124065184024 0.277394598478169 0.188579732863068 0.15290160347474 0
  2 29 5 0 35 0.198789446531466 0.316574991098872 0 0.484635562369662 0
  2 30 5 0 40 0.0463414832197871 0.753400297196125 0.200258219584088 0 0
  2 31 5 0 35 0.0655083889304065 0.469902074290339 0.284623456479398 0.179966080299856 0
  2 32 5 0 34 0.0655366044081437 0.298933997958081 0.635529397633776 0 0
  2 33 5 0 44 0.0771459754782131 0.236688643940506 0.575413111050122 0.110752269531159 0
  2 34 5 0 46 0.678329574656136 0 0.166611623276749 0.155058802067115 0
  2 35 5 0 42 0.88126664087568 0.063897169818477 0.0548361893058432 0 0
  2 36 5 0 40 0.454418897357497 0.336679104714804 0.208901997927698 0 0
  2 37 5 0 50 0.998909334153135 0.00109066584686495 0 0 0
  2 38 5 0 56 0.998813861762301 0.00118613823769892 0 0 0
  2 39 5 0 51 0.789405838963023 0.210594161036977 0 0 0
  2 40 5 0 58 0.399232204745401 0.537944548120501 0.0628232471340976 0 0
  2 41 5 0 32 0.605697749837849 0.166847527815197 0.227454722346954 0 0
  2 42 5 0 49 0.138771927015791 0.526477855515175 0.334750217469034 0 0
  2 1 6 0 26 0.0223539835071219 0.18883323110475 0.788812785388128 0 0
  2 2 6 0 43 0.0417581842903462 0.156861206986717 0.47257086078862 0.328809747934316 0
  2 3 6 0 36 0.033882314334352 0.838874418032283 0.127243267633365 0 0
  2 4 6 0 36 0.029724111866969 0.771630133534895 0.198645754598136 0 0
  2 5 6 0 17 0.0178993799143387 0.371348206865691 0.610752413219971 0 0
  2 6 6 0 32 0.153096909566614 0.360541926793254 0.0715747480765744 0.414786415563557 0
  2 7 6 0 29 0.0358110768803132 0.746728127678303 0.217460795441384 0 0
  2 8 6 0 28 0.0727935555947551 0.698388898688775 0.22881754571647 0 0
  2 9 6 0 42 0.277332154361144 0.551411608665446 0.17125623697341 0 0
  2 10 6 0 32 0.0219869549228715 0.752143534557842 0.225869510519287 0 0
  2 11 6 0 16 0.033028679483139 0.898581783800819 0.0683895367160416 0 0
  2 12 6 0 21 0.390479732242469 0.609520267757531 0 0 0
  2 13 6 0 15 0.00660531393795458 0.981750861741956 0.0116438243200897 0 0
  2 14 6 0 32 0.110805444585317 0.415424730282516 0.473769825132168 0 0
  2 15 6 0 20 0.270877239199157 0.432560590094837 0.296562170706006 0 0
  2 16 6 0 28 0.0255698340490284 0.974430165950972 0 0 0
  2 17 6 0 27 0.0017185299443364 0.932994098316679 0.0652873717389846 0 0
  2 18 6 0 24 0.121231728478574 0.878768271521426 0 0 0
  2 19 6 0 21 0.015275588476788 0.972759485222767 0.0119649263004448 0 0
  2 20 6 0 14 0.0332609145458307 0.707091868404718 0.259647217049452 0 0
  2 21 6 0 18 0.441066500489629 0.412267426333126 0.146666073177246 0 0
  2 22 6 0 31 0.0249843299486022 0.924633320797292 0 0.0503823492541056 0
  2 23 6 0 35 0.0636342699216951 0.865269461077844 0.0710962690004606 0 0
  2 24 6 0 33 0.0522607066469915 0.897285825609736 0.0504534677432726 0 0
  2 25 6 0 31 0.066895251157209 0.88321618378193 0.0498885650608606 0 0
  2 26 6 0 22 0.31331527401542 0.103563242342155 0.583121483642426 0 0
  2 27 6 0 20 0.357173295454545 0.642826704545455 0 0 0
  2 28 6 0 18 0.0194250086595081 0.91673016972636 0.0638448216141323 0 0
  2 29 6 0 24 0.103301506959623 0.540089727366847 0.35660876567353 0 0
  2 30 6 0 20 0.19005994005994 0.80994005994006 0 0 0
  2 31 6 0 23 0.131169911798968 0.801497753369945 0.0673323348310867 0 0
  2 32 6 0 50 0.0176286697014095 0.891716875729631 0.0906544545689594 0 0
  2 33 6 0 49 0.870933099992045 0.129066900007955 0 0 0
  2 34 6 0 57 0.376810771536261 0.503394487080514 0.119794741383225 0 0
  2 35 6 0 69 0.814594330961671 0.120606925636906 0.064798743401423 0 0
  2 36 6 0 67 0.054834212223529 0.927373003528207 0.0177927842482643 0 0
  2 37 6 0 59 0.476944863333928 0.416365336489868 0.106689800176204 0 0
  2 38 6 0 64 0.0213903743315508 0.868849848289273 0.109759777379176 0 0
  2 39 6 0 66 0.118102442450081 0.576466880111478 0.305430677438441 0 0
  2 40 6 0 57 0.119667723994709 0.644567088175469 0.235765187829822 0 0
  2 41 6 0 43 0.475489682012561 0.490497663741975 0.0340126542454644 0 0
  2 42 6 0 64 0.565109745745584 0.391002061522293 0.0438881927321234 0 0
  2 1 7 0 44 0.0375218321137407 0.0936423708646399 0.35126915394311 0.352727568544506 0.164839074534003
  2 2 7 0 75 0.0102993534834025 0.0551005994313551 0.243983411506909 0.352161393723175 0.338455241855159
  2 3 7 0 66 0.0679357271944215 0.0525743656162265 0.191543666709574 0.206964286018068 0.48098195446171
  2 4 7 0 54 0.111460684233339 0.0712182581792637 0.267744100698799 0.371448088731034 0.178128868157565
  2 5 7 0 31 0.039468761266828 0.00886153734521221 0.11293547116788 0.334977298168359 0.503756932051721
  2 6 7 0 24 0.0441743426130808 0.121645654299388 0.257327226882108 0.0947439921782535 0.48210878402717
  2 7 7 0 20 0.10453678271341 0.196947966137623 0.321636200450115 0 0.376879050698851
  2 8 7 0 25 0.102911885262085 0.265287200183227 0.0168442334878652 0.216596245429201 0.398360435637622
  2 9 7 0 44 0.0611828663739887 0.129013354811545 0.117554009065448 0.203218066136126 0.489031703612891
  2 10 7 0 36 0.102023633433767 0.162813398638362 0.0741174345858044 0.24284745866184 0.418198074680226
  2 11 7 0 22 0.250386739216702 0.173787152186926 0.28104843320173 0.294777675394642 0
  2 12 7 0 21 0.11632317745062 0.292369951414369 0.0613078253322371 0.139532391074465 0.390466654728309
  2 13 7 0 26 0.461031362917796 0.130782096883469 0.0676095302619693 0.167407689701897 0.173169320234869
  2 14 7 0 35 0.0516836868984296 0.214113442543068 0.303769951353634 0.285662798059195 0.144770121145673
  2 15 7 0 21 0.141735140910594 0.321815858420726 0.0715880075482294 0.371745539953026 0.0931154531674246
  2 16 7 0 30 0.274359158153128 0.120303720806233 0.205007142821213 0.342666787390405 0.05766319082902
  2 17 7 0 40 0.164403180789206 0.209128933668033 0.180269683746429 0.446198201796332 0
  2 18 7 0 42 0.0508285638577894 0.255598437687795 0.391261931888867 0.302311066565549 0
  2 19 7 0 46 0.0348278469268695 0.455714321301683 0.456079909673414 0.0533779220980329 0
  2 20 7 0 37 0.00805793949749524 0.320268037055735 0.496496360443392 0.175177663003379 0
  2 21 7 0 44 0.035347569706191 0.347902763185924 0.359153494427396 0.191821043530219 0.0657751291502694
  2 22 7 0 42 0.0151234674603449 0.345466259770382 0.60019234335174 0.0392179294175328 0
  2 23 7 0 35 0.00703931452544037 0.203898283878433 0.397067554075421 0.323885721771156 0.0681091257495489
  2 24 7 0 26 0 0.0191301786286731 0.60690349924426 0.373966322127067 0
  2 25 7 0 19 0.00901124123001487 0.511597680463907 0.227364092398912 0.252026985907166 0
  2 26 7 0 29 0.00425550631728263 0.0165184020408836 0.388450387247409 0.590775704394424 0
  2 27 7 0 10 0 0.0342839997129954 0.383135872743916 0.582580127543089 0
  2 28 7 0 20 0.00505159380926655 0.0069437595622883 0.47574353473669 0.512261111891756 0
  2 29 7 0 25 0.00488960720091918 0 0.297286782899724 0.697823609899357 0
  2 30 7 0 18 0.00428708582726815 0 0.36403632457644 0.631676589596291 0
  2 31 7 0 24 0.016114004881876 0 0.294459942463604 0.68942605265452 0
  2 32 7 0 21 0.0251963627150137 0.0511380221336822 0.187782171850899 0.735883443300405 0
  2 33 7 0 10 0.0276936506129265 0 0.215765304186117 0.756541045200956 0
  2 34 7 0 12 0.370580580696883 0.0575178054816484 0.161219486690911 0.410682127130558 0
  2 35 7 0 29 0.0597523325430262 0.047254677878793 0.304277892438638 0.588715097139543 0
  2 36 7 0 17 0.244944544404759 0.333028976555576 0.422026479039665 0 0
  2 37 7 0 39 0.118233798742877 0.565199693329492 0.160440637098778 0.156125870828853 0
  2 38 7 0 9 1 0 0 0 0
  2 39 7 0 50 0.153531700034592 0.375933826519156 0.283863234999606 0.186671238446647 0
  2 40 7 0 15 0.0755570013177265 0.153661239545026 0.620704294464998 0.15007746467225 0
  2 41 7 0 7 0.132155542930005 0.208294119432891 0.228157676744458 0.431392660892646 0
  2 42 7 0 9 0 0.180744267523076 0.707777303658454 0.11147842881847 0
  2 1 8 0 29 0.0141909149866758 0.289175623714842 0.253509308465678 0.443124152832804 0
  2 2 8 0 43 0.0160236309359556 0.155385319720041 0.309789152848506 0.518801896495497 0
  2 3 8 0 38 0.0276174224161993 0.140694384531452 0.168552868634068 0.66313532441828 0
  2 4 8 0 29 0.00977992826184427 0.330064016340358 0.214557490160913 0.445598565236885 0
  2 5 8 0 31 0.12075226003556 0.162418479524632 0.22773145017905 0.407257155735858 0.0818406545249006
  2 6 8 0 33 0.0646275298084255 0.317694561879691 0.263176039898442 0.354501868413441 0
  2 7 8 0 26 0.0237396794560466 0.188815652535905 0.420215083605079 0.055058627627836 0.312170956775134
  2 8 8 0 24 0.0602732060093843 0.351257694680805 0.0824209725789557 0.506048126730855 0
  2 9 8 0 28 0.0536172237840506 0.228075896043923 0.455812498347595 0.262494381824431 0
  2 10 8 0 28 0.123659022845159 0.757998394711177 0.118342582443664 0 0
  2 11 8 0 33 0.0268644539473912 0.292297427636059 0.497488479501637 0.183349638914913 0
  2 12 8 0 30 0.0301721951714344 0.28088861838101 0.452037685128829 0.236901501318726 0
  2 13 8 0 21 0.0817935133738209 0.548079627250823 0.370126859375356 0 0
  2 14 8 0 27 0.0239109176366676 0.248612031166209 0.543926059114854 0.183550992082269 0
  2 15 8 0 25 0.0470749905303864 0.51482104632623 0.0636666343672096 0.374437328776174 0
  2 16 8 0 23 0.0314959901580812 0.124679721392299 0.53738819154742 0.0722095292713835 0.234226567630817
  2 17 8 0 20 0.0786823191982524 0.455735463322717 0.163809634978072 0.301772582500959 0
  2 18 8 0 28 0.0642965663931936 0.417965079587687 0.373475445854662 0.144262908164458 0
  2 19 8 0 25 0.132291818375326 0.394584420967724 0.47312376065695 0 0
  2 20 8 0 19 0.0253606930829767 0.206363040176722 0.232090466657462 0 0.536185800082839
  2 21 8 0 27 0.0178318962585947 0.214437321707882 0.574035298707528 0.193695483325996 0
  2 22 8 0 30 0.0368344701042856 0.101446043308434 0.26427330196449 0.59744618462279 0
  2 23 8 0 35 0.0313875975628366 0.497325745422875 0.254152817737547 0.217133839276742 0
  2 24 8 0 29 0.0169479338380785 0.0968034875886478 0.428425338812207 0.311962887114084 0.145860352646983
  2 25 8 0 34 0.0157343842867571 0.10884627811706 0.462968650899706 0.297054564746523 0.115396121949955
  2 26 8 0 20 0.0127852174626471 0.106183396081935 0.29275185283098 0.588279533624438 0
  2 27 8 0 22 0.0157652947865069 0.0300798557107942 0.182828408244351 0.697263863657156 0.0740625776011919
  2 28 8 0 19 0.0652037698553683 0.265401435335611 0.469552410420717 0.199842384388303 0
  2 29 8 0 22 0.0240734734138745 0.135052274716632 0.332047755941722 0.508826495927771 0
  2 30 8 0 27 0.0364083440741807 0.0722316769486817 0.278577953524458 0.61278202545268 0
  2 31 8 0 31 0.125549765690506 0.188188332364545 0.323023029716925 0.363238872228024 0
  2 32 8 0 33 0.0549411601827495 0.375915824449675 0.508885504637962 0.0602575107296137 0
  2 33 8 0 36 0.0404900515032795 0.209793326583616 0.472971783246027 0.10092386758815 0.175820971078928
  2 34 8 0 30 0.0864194189079909 0.19391501182553 0.28479395832135 0.434871610945129 0
  2 35 8 0 45 0.0371948688324242 0.313463944519759 0.531056684945266 0.118284501702551 0
  2 36 8 0 39 0.0575344565686971 0.202164945580222 0.288661733350056 0.451638864501024 0
  2 37 8 0 26 0.00729148765287047 0.251368688338881 0.621565127118793 0.119774696889456 0
  2 38 8 0 35 0.0108422558076611 0.0979934096092149 0.459641103938773 0.431523230644351 0
  2 39 8 0 26 0.0336704799581286 0.0453584561947294 0.500496203701816 0.420474860145327 0
  2 40 8 0 36 0.0185520907252936 0.143010162411129 0.413108037543348 0.42532970932023 0
  2 41 8 0 14 0.0497994986276478 0 0.561546548189304 0.388653953183048 0
  2 42 8 0 27 0.00887307591114372 0.0707552976559728 0.294769085199391 0.536299714931919 0.0893028263015735
  2 1 9 0 34 0 0.0252125270825197 0.389814771687897 0.521128843951967 0.0638438572776162
  2 2 9 0 47 0.0121866182434419 0.00572485414823892 0.0502995046860992 0.506192323894725 0.425596699027495
  2 3 9 0 35 0.0109376236697631 0.0848113743803021 0.147335928449622 0.320125342677671 0.436789730822642
  2 4 9 0 40 0.0311242966997733 0.164764292584909 0.0819023290284939 0.286134031959284 0.43607504972754
  2 5 9 0 52 0.0784671616156728 0.155192170906239 0.0801088753895418 0.492736923128898 0.193494868959648
  2 6 9 0 53 0.100576087152571 0.0742780874050827 0.130343596125751 0.409216672979456 0.285585556337139
  2 7 9 0 45 0.0309260750544748 0.174808386969983 0.12726426948835 0.433111287418552 0.233889981068639
  2 8 9 0 44 0.238464180463855 0.194584060375414 0.131031638213638 0.229834740396145 0.206085380550947
  2 9 9 0 51 0.102504869597247 0.28094984284343 0.213363370139398 0 0.403181917419925
  2 10 9 0 51 0.108787462881844 0.103925224953662 0.20531390896672 0.27014481692652 0.311828586271253
  2 11 9 0 51 0.210392427682968 0.251416948235545 0.163883491610158 0.0314472770403664 0.342859855430963
  2 12 9 0 50 0.137110112158651 0.158080339877055 0.0677936949385761 0.125937003803405 0.511078849222314
  2 13 9 0 48 0.33889836066664 0.0727853704397962 0.0439488640378258 0.266944253023095 0.277423151832644
  2 14 9 0 42 0.14166361916364 0.147437216538123 0.164662761943174 0.288106036642941 0.258130365712122
  2 15 9 0 42 0.239237993454751 0.206193345109614 0.20087740670805 0.353691254727586 0
  2 16 9 0 43 0.291120963628516 0.214993918468239 0.0795111233177698 0.117179346333425 0.29719464825205
  2 17 9 0 37 0.180332964213497 0.104097702908562 0.113202396245614 0.120364187733482 0.482002748898845
  2 18 9 0 37 0.151909000619573 0.509885145506228 0.0491533022612854 0 0.289052551612913
  2 19 9 0 39 0.192334618575233 0.341492938195472 0.177479309913927 0.288693133315367 0
  2 20 9 0 26 0.105841239222437 0.36554510087172 0.382058263176902 0.146555396728941 0
  2 21 9 0 32 0.0259405552676513 0.437957877684398 0.172148810507932 0.363952756540018 0
  2 22 9 0 37 0.0649201390935345 0.324723286379442 0.309386456061767 0.241265986915778 0.0597041315494784
  2 23 9 0 41 0.0638643505486678 0.161531885069879 0.393352063964725 0.298948449087872 0.0823032513288564
  2 24 9 0 35 0.0927552451961727 0.344341808666593 0.128011160327243 0.256673339743691 0.1782184460663
  2 25 9 0 29 0.160184508808845 0.2655607093293 0.153113297292578 0.421141484569276 0
  2 26 9 0 33 0.248804241435563 0.169660685154976 0.24147308319739 0.0729494290375204 0.267112561174551
  2 27 9 0 32 0.0838164784480483 0.192508531030875 0.198311071862236 0.216222637108424 0.309141281550416
  2 28 9 0 31 0.0911995346724238 0.266892537351454 0.244510323394174 0.105523429837857 0.291874174744091
  2 29 9 0 35 0.108847226666233 0.342019490978508 0.315303003187033 0.233830279168226 0
  2 30 9 0 37 0.223318675095978 0.395709050158099 0.223983938637358 0.156988336108565 0
  2 31 9 0 29 0.0527126435256738 0.282762326127477 0.206749935326386 0.372018546402489 0.0857565486179746
  2 32 9 0 64 0.196950674629062 0.213899077542889 0.288151999863295 0.184223038208039 0.116775209756715
  2 33 9 0 56 0.185061329951129 0.178574712210118 0.231451903786355 0.404912054052397 0
  2 34 9 0 60 0.299670332329844 0.0899509760078119 0.27847816227899 0.291690122912482 0.0402104064708723
  2 35 9 0 62 0.36104219057795 0.0586963760568386 0.117146095709412 0.293475153291349 0.169640184364451
  2 36 9 0 64 0.406164530275871 0.120368428766305 0.208378710499318 0.168530230775301 0.0965580996832054
  2 37 9 0 46 0.463367635603296 0.146699309464264 0.0595067267200431 0.109286993055596 0.221139335156801
  2 38 9 0 64 0.225852170900141 0.484793543453846 0.0811518793758513 0.208202406270162 0
  2 39 9 0 53 0.0752604750329006 0.308849542265055 0.420256423518324 0.19563355918372 0
  2 40 9 0 55 0.0286885245901639 0.315412929167955 0.376285184039592 0.144460253634395 0.135153108567894
  2 41 9 0 41 0.060920287252214 0.174220302498598 0.334977918584309 0.194288678655321 0.235592813009559
  2 42 9 0 66 0.107334481619555 0.223992496814685 0.475707847671181 0.192965173894578 0
  2 1 10 0 41 0.0188786105342647 0.121252166749618 0.412314574859412 0.327194924514162 0.120359723342544
  2 2 10 0 63 0.00285722515049397 0.157389325729428 0.44844609579769 0.316299432587344 0.0750079207350442
  2 3 10 0 57 0.00393188278738609 0.304572142079116 0.412890199516485 0.17739167397253 0.101214101644483
  2 4 10 0 37 0.00464834582481641 0.143180154944861 0.612067529714589 0.240103969515734 0
  2 5 10 0 43 0.00485075194258169 0.333206615675481 0.287076319510971 0.323778821931278 0.0510874909396875
  2 6 10 0 50 0.00290908600027673 0.0708102580717012 0.550961314555892 0.330157637363194 0.0451617040089365
  2 7 10 0 30 0.00558962264150943 0.0383490566037736 0.645198113207547 0.31086320754717 0
  2 8 10 0 34 0.00569094695842687 0.106553785399367 0.542522517648968 0.345232749993238 0
  2 9 10 0 30 0.0033858089284048 0.137178581426039 0.590810328050227 0.110871912448846 0.157753369146483
  2 10 10 0 22 0.00414608895515586 0 0.275028854203302 0.457347790981637 0.263477265859905
  2 11 10 0 26 0.00687830290091485 0.0519443421260346 0.692009892728544 0.249167462244507 0
  2 12 10 0 29 0.00399282338776074 0.101681364127409 0.652614847211448 0.241710965273382 0
  2 13 10 0 31 0 0.0827250279369886 0.551827619768574 0.268474460185285 0.0969728921091525
  2 14 10 0 30 0.0121941712974821 0.0232134703831977 0.454809180707596 0.509783177611724 0
  2 15 10 0 35 0.00327100011948859 0.110282988807902 0.787375034850838 0 0.0990709762217708
  2 16 10 0 23 0.00582109110973171 0.021208359197186 0.666804607214291 0.306165942478792 0
  2 17 10 0 28 0.00711207676987145 0.123534311062828 0.724367191743618 0.144986420423683 0
  2 18 10 0 27 0.000668900886634951 0.249383996887563 0.665105897931185 0.0848412042946167 0
  2 19 10 0 32 0.00157108296570371 0.0729130496655756 0.674188131492813 0.251327735875907 0
  2 20 10 0 28 0.00184757006720401 0.0675983750027011 0.532737645050457 0.254143527022063 0.143672882857575
  2 21 10 0 35 0.000763284479711489 0.215154014415319 0.70968551654893 0.0743971845560399 0
  2 22 10 0 33 0.00589576395674224 0.246950753421471 0.696869994084296 0.0502834885374916 0
  2 23 10 0 41 0.00225421652869718 0.133499182667791 0.727378007806357 0.136868592997155 0
  2 24 10 0 33 0.000197820023342763 0.102821902632985 0.638157504302586 0.168903681430634 0.0899190916104528
  2 25 10 0 34 0.0111446245079495 0.0882751393078064 0.771547978119728 0.129032258064516 0
  2 26 10 0 29 0.0128677527092526 0.0259015409373344 0.75228777787002 0.208942928483393 0
  2 27 10 0 22 0.00115358149952103 0.0968468772346425 0.608470391408179 0.293529149857657 0
  2 28 10 0 24 0.00831906816329882 0.194755891883697 0.34125234506762 0.117825040584672 0.337847654300712
  2 29 10 0 36 0.0111590537122452 0.11792076395558 0.613457142470682 0.257463039861492 0
  2 30 10 0 50 0.0120663078361509 0.367738104263008 0.594774214742375 0.0254213731584666 0
  2 31 10 0 37 0.000500115880508898 0.0676742171966675 0.895616057379149 0.0362096095436748 0
  2 32 10 0 46 0.00760744097468411 0.0289158112148956 0.523324119458402 0.440152628352018 0
  2 33 10 0 50 0.0023028951677525 0.140811065045466 0.689607358115876 0.167278681670905 0
  2 34 10 0 46 0.00642569332955583 0.090089558346712 0.630996789120786 0.272487959202946 0
  2 35 10 0 48 0.0117428731134712 0.0367445500279486 0.7350296254891 0.21648295136948 0
  2 36 10 0 53 0.00677731673582296 0.0487121976748533 0.599951403685844 0.300863519120781 0.0436955627826997
  2 37 10 0 33 0.0102405990199857 0.171117106204922 0.543517040136541 0.275125254638551 0
  2 38 10 0 41 0.00214878601627933 0.0534838733877407 0.678555544243022 0.265811796352958 0
  2 39 10 0 28 0.00475693110296943 0.0331253416169236 0.403592321804495 0.558525405475612 0
  2 40 10 0 29 0.00621518192876146 0.028048854995751 0.446510000388796 0.414056642024405 0.105169320662286
  2 41 10 0 10 0.00750646389946899 0.0842253051238566 0.275181406210904 0.63308682476577 0
  2 42 10 0 27 0.0349576431149299 0.0519910001057035 0.471663923410296 0.441387433369071 0
# end survey length observations 
#  
# Fishery catch data 
# Number of observations, init_int Ncatch_obs
  420
# init_matrix obs_catch_biomass(1,Ncatch_obs,1,6) 
# Fleet	Area	Year	Species	Catch(biomass t)	CV 
  1 1 1 1 17350.0256202777 0.05
  1 1 2 1 17853.0582765076 0.05
  1 1 3 1 24001.1482556493 0.05
  1 1 4 1 20101.4686548759 0.05
  1 1 5 1 29158.4259626596 0.05
  1 1 6 1 23111.9132190529 0.05
  1 1 7 1 15830.2347563758 0.05
  1 1 8 1 23906.2335842259 0.05
  1 1 9 1 17559.4539075942 0.05
  1 1 10 1 20203.3435924506 0.05
  1 1 11 1 25782.8195811783 0.05
  1 1 12 1 21093.6134103244 0.05
  1 1 13 1 28417.3976726207 0.05
  1 1 14 1 25521.9739872109 0.05
  1 1 15 1 19653.1786062495 0.05
  1 1 16 1 15679.5457910602 0.05
  1 1 17 1 9684.87219051858 0.05
  1 1 18 1 4631.60830501546 0.05
  1 1 19 1 5645.64037219919 0.05
  1 1 20 1 6490.83287586803 0.05
  1 1 21 1 5428.37913841999 0.05
  1 1 22 1 6159.63906817499 0.05
  1 1 23 1 5726.6013940504 0.05
  1 1 24 1 8040.88312839125 0.05
  1 1 25 1 6608.81111708538 0.05
  1 1 26 1 7792.39569235524 0.05
  1 1 27 1 3087.0748664214 0.05
  1 1 28 1 2260.82474229225 0.05
  1 1 29 1 2558.63396553097 0.05
  1 1 30 1 3806.53712219672 0.05
  1 1 31 1 5067.78127029375 0.05
  1 1 32 1 4096.84282185017 0.05
  1 1 33 1 2357.78226345762 0.05
  1 1 34 1 2489.21170471604 0.05
  1 1 35 1 1403.66167371651 0.05
  1 1 36 1 686.986410002788 0.05
  1 1 37 1 1115.64403568413 0.05
  1 1 38 1 1043.38232657067 0.05
  1 1 39 1 883.015820848177 0.05
  1 1 40 1 626.020550314572 0.05
  1 1 41 1 719.155301970205 0.05
  1 1 42 1 374.454652246033 0.05
  2 1 1 2 1346.33379547618 0.05
  2 1 2 2 799.979504605844 0.05
  2 1 3 2 1364.67729816786 0.05
  2 1 4 2 881.777085325514 0.05
  2 1 5 2 1265.66691480758 0.05
  2 1 6 2 1171.05704620398 0.05
  2 1 7 2 736.610230485805 0.05
  2 1 8 2 938.335325957831 0.05
  2 1 9 2 875.2553849 0.05
  2 1 10 2 817.347086103546 0.05
  2 1 11 2 1040.40115105221 0.05
  2 1 12 2 932.400217178829 0.05
  2 1 13 2 2867.05036989973 0.05
  2 1 14 2 1674.05216224225 0.05
  2 1 15 2 906.503727890806 0.05
  2 1 16 2 2300.64480258338 0.05
  2 1 17 2 2007.27559099622 0.05
  2 1 18 2 25.0015194481519 0.05
  2 1 19 2 3608.59354195378 0.05
  2 1 20 2 6493.87097851048 0.05
  2 1 21 2 17815.5229322986 0.05
  2 1 22 2 15924.7981827493 0.05
  2 1 23 2 10632.3080334932 0.05
  2 1 24 2 29178.8898051922 0.05
  2 1 25 2 11800.8626457634 0.05
  2 1 26 2 15249.980495185 0.05
  2 1 27 2 12575.6407879655 0.05
  2 1 28 2 10829.3858811569 0.05
  2 1 29 2 11731.4569578417 0.05
  2 1 30 2 8470.24704169314 0.05
  2 1 31 2 8653.7023295754 0.05
  2 1 32 2 17570.2678609805 0.05
  2 1 33 2 12251.3232361036 0.05
  2 1 34 2 21914.3642171266 0.05
  2 1 35 2 23370.2574833911 0.05
  2 1 36 2 24659.0697023952 0.05
  2 1 37 2 21763.8145580952 0.05
  2 1 38 2 20662.8132662469 0.05
  2 1 39 2 12412.1623909705 0.05
  2 1 40 2 8697.22891843343 0.05
  2 1 41 2 6657.84639408822 0.05
  2 1 42 2 1729.10774176494 0.05
  3 1 1 3 483.689109068294 0.05
  3 1 2 3 260.393258699526 0.05
  3 1 3 3 355.313876219743 0.05
  3 1 4 3 399.817458663356 0.05
  3 1 5 3 2915.90067089953 0.05
  3 1 6 3 3557.06707042192 0.05
  3 1 7 3 2672.92033229518 0.05
  3 1 8 3 2631.05181802578 0.05
  3 1 9 3 3441.35099451754 0.05
  3 1 10 3 2482.60272880099 0.05
  3 1 11 3 3378.66014955699 0.05
  3 1 12 3 621.243669734912 0.05
  3 1 13 3 2869.34065669349 0.05
  3 1 14 3 1446.60442488624 0.05
  3 1 15 3 1235.47099486385 0.05
  3 1 16 3 1085.38437039687 0.05
  3 1 17 3 17376.2779990742 0.05
  3 1 18 3 1312.97491972068 0.05
  3 1 19 3 926.526901557613 0.05
  3 1 20 3 736.711727125306 0.05
  3 1 21 3 455.441956446405 0.05
  3 1 22 3 2307.75472932644 0.05
  3 1 23 3 968.378460218318 0.05
  3 1 24 3 197.980054545155 0.05
  3 1 25 3 842.202321428438 0.05
  3 1 26 3 2059.73479225169 0.05
  3 1 27 3 2663.00058762521 0.05
  3 1 28 3 615.994244981639 0.05
  3 1 29 3 1559.50333978949 0.05
  3 1 30 3 2216.07421424252 0.05
  3 1 31 3 1678.45840497098 0.05
  3 1 32 3 672.64654367941 0.05
  3 1 33 3 153.205957674883 0.05
  3 1 34 3 122.758551533118 0.05
  3 1 35 3 131.698407415538 0.05
  3 1 36 3 2097.54417488934 0.05
  3 1 37 3 2229.47327552718 0.05
  3 1 38 3 993.536995459745 0.05
  3 1 39 3 870.430486816184 0.05
  3 1 40 3 1328.68471750978 0.05
  3 1 41 3 979.123788454434 0.05
  3 1 42 3 258.827604232194 0.05
  4 1 1 4 2042.76892570428 0.05
  4 1 2 4 1957.97459342967 0.05
  4 1 3 4 1766.45891224931 0.05
  4 1 4 4 1721.54352139648 0.05
  4 1 5 4 1737.45888548542 0.05
  4 1 6 4 1265.83666877176 0.05
  4 1 7 4 1362.71071030978 0.05
  4 1 8 4 2409.21103554926 0.05
  4 1 9 4 2273.56176812175 0.05
  4 1 10 4 2488.86702259688 0.05
  4 1 11 4 3542.86852297272 0.05
  4 1 12 4 5319.64518597664 0.05
  4 1 13 4 5443.28414173202 0.05
  4 1 14 4 3559.05667631723 0.05
  4 1 15 4 4405.88398383039 0.05
  4 1 16 4 5896.15835507386 0.05
  4 1 17 4 4128.51189127099 0.05
  4 1 18 4 4333.23069011525 0.05
  4 1 19 4 4159.21596430029 0.05
  4 1 20 4 4505.69532233229 0.05
  4 1 21 4 3719.86834451515 0.05
  4 1 22 4 4451.30744573282 0.05
  4 1 23 4 4136.86385332967 0.05
  4 1 24 4 3821.11935286806 0.05
  4 1 25 4 3922.29456837985 0.05
  4 1 26 4 4499.99590141154 0.05
  4 1 27 4 3317.46574412209 0.05
  4 1 28 4 3859.81739779621 0.05
  4 1 29 4 3697.77245860119 0.05
  4 1 30 4 2092.15419790887 0.05
  4 1 31 4 1696.61338336257 0.05
  4 1 32 4 1277.46469907149 0.05
  4 1 33 4 942.41531395681 0.05
  4 1 34 4 1183.91017612116 0.05
  4 1 35 4 1749.43821492573 0.05
  4 1 36 4 1028.27159254286 0.05
  4 1 37 4 1134.41450437719 0.05
  4 1 38 4 1205.55151032299 0.05
  4 1 39 4 1546.51529841208 0.05
  4 1 40 4 1850.04604411213 0.05
  4 1 41 4 1434.9412066939 0.05
  4 1 42 4 1155.68987107764 0.05
  5 1 1 5 12026.0100188049 0.05
  5 1 2 5 8643.45037397193 0.05
  5 1 3 5 14171.9957261077 0.05
  5 1 4 5 10505.1969777613 0.05
  5 1 5 5 8160.28821931575 0.05
  5 1 6 5 5740.20710789185 0.05
  5 1 7 5 3801.47844718377 0.05
  5 1 8 5 6345.96832074433 0.05
  5 1 9 5 6106.36424376783 0.05
  5 1 10 5 6255.06199737925 0.05
  5 1 11 5 7783.07606359424 0.05
  5 1 12 5 3621.3988898935 0.05
  5 1 13 5 4524.40670503983 0.05
  5 1 14 5 5686.9762147796 0.05
  5 1 15 5 4805.45998155893 0.05
  5 1 16 5 3783.89840590722 0.05
  5 1 17 5 14022.933231856 0.05
  5 1 18 5 2208.83640774923 0.05
  5 1 19 5 3495.36631352954 0.05
  5 1 20 5 2631.08691045477 0.05
  5 1 21 5 4192.10089081753 0.05
  5 1 22 5 4030.57469862199 0.05
  5 1 23 5 5670.65218030235 0.05
  5 1 24 5 7381.90964082729 0.05
  5 1 25 5 8298.56641605691 0.05
  5 1 26 5 8828.90681659024 0.05
  5 1 27 5 13538.5144923752 0.05
  5 1 28 5 14645.4241625106 0.05
  5 1 29 5 11672.2443664151 0.05
  5 1 30 5 12320.9145154443 0.05
  5 1 31 5 6784.39120188246 0.05
  5 1 32 5 6623.75754300885 0.05
  5 1 33 5 19040.8907491182 0.05
  5 1 34 5 12712.1991273665 0.05
  5 1 35 5 5145.88454627059 0.05
  5 1 36 5 1008.8987028596 0.05
  5 1 37 5 13064.1390963248 0.05
  5 1 38 5 14067.0416027864 0.05
  5 1 39 5 12393.4910937632 0.05
  5 1 40 5 11386.2332926438 0.05
  5 1 41 5 11388.7323401213 0.05
  5 1 42 5 2326.01924100198 0.05
  6 1 1 6 12107.7208590261 0.05
  6 1 2 6 3723.41354949517 0.05
  6 1 3 6 4456.90691017534 0.05
  6 1 4 6 4043.44214024169 0.05
  6 1 5 6 7795.40731923673 0.05
  6 1 6 6 6850.3996998903 0.05
  6 1 7 6 5314.68252954344 0.05
  6 1 8 6 5369.53285639251 0.05
  6 1 9 6 5824.02571570364 0.05
  6 1 10 6 5705.59915498491 0.05
  6 1 11 6 8148.60661264748 0.05
  6 1 12 6 9737.06829462589 0.05
  6 1 13 6 8018.66065339622 0.05
  6 1 14 6 7669.55311572882 0.05
  6 1 15 6 6675.80205147179 0.05
  6 1 16 6 18304.2774382615 0.05
  6 1 17 6 17124.1238439075 0.05
  6 1 18 6 2744.46199838023 0.05
  6 1 19 6 4884.82871896474 0.05
  6 1 20 6 6493.25367769453 0.05
  6 1 21 6 9775.21182438406 0.05
  6 1 22 6 6268.7014838361 0.05
  6 1 23 6 11887.6805618574 0.05
  6 1 24 6 4313.77893860191 0.05
  6 1 25 6 2193.72525355894 0.05
  6 1 26 6 5382.28844914943 0.05
  6 1 27 6 3838.69529900489 0.05
  6 1 28 6 3600.48587513511 0.05
  6 1 29 6 2051.01701292849 0.05
  6 1 30 6 2051.70041740293 0.05
  6 1 31 6 4595.55981988409 0.05
  6 1 32 6 3572.95064212997 0.05
  6 1 33 6 3739.56525803874 0.05
  6 1 34 6 4074.04715165339 0.05
  6 1 35 6 2895.07860289775 0.05
  6 1 36 6 3394.77227947448 0.05
  6 1 37 6 3683.37467407689 0.05
  6 1 38 6 2998.84536447918 0.05
  6 1 39 6 2840.40980023918 0.05
  6 1 40 6 2283.55066256314 0.05
  6 1 41 6 2072.77364049667 0.05
  6 1 42 6 1931.63299852396 0.05
  7 1 1 7 6005.5381350045 0.05
  7 1 2 7 5000.39744939462 0.05
  7 1 3 7 6958.30020298246 0.05
  7 1 4 7 6847.20442048414 0.05
  7 1 5 7 8671.53952595457 0.05
  7 1 6 7 8372.18047930161 0.05
  7 1 7 7 6544.63739484756 0.05
  7 1 8 7 6711.06446822866 0.05
  7 1 9 7 6690.77420571481 0.05
  7 1 10 7 7019.43314900859 0.05
  7 1 11 7 8509.97817487895 0.05
  7 1 12 7 11244.7410747459 0.05
  7 1 13 7 16334.9543808152 0.05
  7 1 14 7 16999.7020929718 0.05
  7 1 15 7 10547.3831228215 0.05
  7 1 16 7 6565.34633465736 0.05
  7 1 17 7 15561.1465363664 0.05
  7 1 18 7 8486.16698131269 0.05
  7 1 19 7 9356.91464028691 0.05
  7 1 20 7 13635.403932731 0.05
  7 1 21 7 5734.67601533309 0.05
  7 1 22 7 5230.32299451817 0.05
  7 1 23 7 9756.70737253154 0.05
  7 1 24 7 8872.45130580666 0.05
  7 1 25 7 7961.31488085209 0.05
  7 1 26 7 5737.33068886666 0.05
  7 1 27 7 4002.17763302246 0.05
  7 1 28 7 1970.38804364801 0.05
  7 1 29 7 6265.93263869158 0.05
  7 1 30 7 3864.16370814335 0.05
  7 1 31 7 2272.16005379502 0.05
  7 1 32 7 4078.18235642461 0.05
  7 1 33 7 3169.58171955526 0.05
  7 1 34 7 3606.96382159409 0.05
  7 1 35 7 4524.17873746803 0.05
  7 1 36 7 3349.65815475033 0.05
  7 1 37 7 5238.85366428384 0.05
  7 1 38 7 4738.63877808637 0.05
  7 1 39 7 6350.33841593054 0.05
  7 1 40 7 5083.74387194457 0.05
  7 1 41 7 3783.24165278369 0.05
  7 1 42 7 2868.57019491606 0.05
  8 1 1 8 4611.49943063341 0.05
  8 1 2 8 4360.92188803649 0.05
  8 1 3 8 7639.6817646428 0.05
  8 1 4 8 7705.78930094411 0.05
  8 1 5 8 5807.1263337513 0.05
  8 1 6 8 5927.21736979804 0.05
  8 1 7 8 5438.00491459915 0.05
  8 1 8 8 4856.39318060199 0.05
  8 1 9 8 3850.03868816135 0.05
  8 1 10 8 4687.92446009906 0.05
  8 1 11 8 4529.20033810901 0.05
  8 1 12 8 3604.22080702678 0.05
  8 1 13 8 3939.2452532381 0.05
  8 1 14 8 4288.07016368648 0.05
  8 1 15 8 3452.70038584868 0.05
  8 1 16 8 4351.4464833484 0.05
  8 1 17 8 2026.66976058194 0.05
  8 1 18 8 2554.89594231682 0.05
  8 1 19 8 2780.87396770659 0.05
  8 1 20 8 3503.22964067549 0.05
  8 1 21 8 3111.74379340277 0.05
  8 1 22 8 2610.81210328695 0.05
  8 1 23 8 3144.26301935844 0.05
  8 1 24 8 5392.67716091968 0.05
  8 1 25 8 3587.35222302206 0.05
  8 1 26 8 4469.63471097948 0.05
  8 1 27 8 3253.37376948848 0.05
  8 1 28 8 2312.64710245917 0.05
  8 1 29 8 1367.38776904391 0.05
  8 1 30 8 1342.40038106464 0.05
  8 1 31 8 2408.37989637503 0.05
  8 1 32 8 2298.00323562514 0.05
  8 1 33 8 1543.97002999483 0.05
  8 1 34 8 1777.81199351131 0.05
  8 1 35 8 1802.89552623697 0.05
  8 1 36 8 1746.05327770018 0.05
  8 1 37 8 1210.48648141178 0.05
  8 1 38 8 1029.05884414854 0.05
  8 1 39 8 633.025011182021 0.05
  8 1 40 8 557.519774650389 0.05
  8 1 41 8 486.456020762088 0.05
  8 1 42 8 311.170535708394 0.05
  9 1 1 9 14848.3079476267 0.05
  9 1 2 9 10898.9253354963 0.05
  9 1 3 9 15222.7542433501 0.05
  9 1 4 9 13103.0217278141 0.05
  9 1 5 9 11946.5454092709 0.05
  9 1 6 9 9513.92118156222 0.05
  9 1 7 9 5745.12537138069 0.05
  9 1 8 9 9661.03344162297 0.05
  9 1 9 9 8627.74318885715 0.05
  9 1 10 9 9305.49789437595 0.05
  9 1 11 9 10575.6477821873 0.05
  9 1 12 9 3874.99342855222 0.05
  9 1 13 9 13358.4936132869 0.05
  9 1 14 9 12810.093211281 0.05
  9 1 15 9 11150.0622748726 0.05
  9 1 16 9 9471.61026080935 0.05
  9 1 17 9 8911.9360539131 0.05
  9 1 18 9 4866.16539858224 0.05
  9 1 19 9 9003.86948770408 0.05
  9 1 20 9 2527.63981760822 0.05
  9 1 21 9 7951.29571605753 0.05
  9 1 22 9 7650.20989224225 0.05
  9 1 23 9 6679.32089731125 0.05
  9 1 24 9 30865.7239271292 0.05
  9 1 25 9 10261.3784963641 0.05
  9 1 26 9 31227.100224418 0.05
  9 1 27 9 10601.6612409401 0.05
  9 1 28 9 8867.36928159482 0.05
  9 1 29 9 8116.59792368344 0.05
  9 1 30 9 15390.8204200883 0.05
  9 1 31 9 13443.8767956523 0.05
  9 1 32 9 22163.5083873474 0.05
  9 1 33 9 16151.6147556563 0.05
  9 1 34 9 12605.968630935 0.05
  9 1 35 9 8427.33388529153 0.05
  9 1 36 9 3526.59308470024 0.05
  9 1 37 9 9708.11527046607 0.05
  9 1 38 9 12115.006424778 0.05
  9 1 39 9 10428.1984805223 0.05
  9 1 40 9 12161.8341501052 0.05
  9 1 41 9 10692.3859408824 0.05
  9 1 42 9 4983.1392802899 0.05
  10 1 1 10 3892.73375926719 0.05
  10 1 2 10 4935.94290182179 0.05
  10 1 3 10 7190.31014782669 0.05
  10 1 4 10 5544.3864324572 0.05
  10 1 5 10 7276.12677969284 0.05
  10 1 6 10 8751.11911681662 0.05
  10 1 7 10 4113.9729537932 0.05
  10 1 8 10 3680.6064134709 0.05
  10 1 9 10 4369.89844483501 0.05
  10 1 10 10 3700.99258724758 0.05
  10 1 11 10 2695.10526921089 0.05
  10 1 12 10 2919.09304312953 0.05
  10 1 13 10 9297.45440569603 0.05
  10 1 14 10 4292.22293407731 0.05
  10 1 15 10 3300.32859113892 0.05
  10 1 16 10 2588.32950177464 0.05
  10 1 17 10 2825.22975526801 0.05
  10 1 18 10 966.763744692939 0.05
  10 1 19 10 1483.40331235763 0.05
  10 1 20 10 2115.75875214201 0.05
  10 1 21 10 3254.73209661801 0.05
  10 1 22 10 4077.74581847529 0.05
  10 1 23 10 6775.02580112751 0.05
  10 1 24 10 6253.84096030694 0.05
  10 1 25 10 4755.82501407936 0.05
  10 1 26 10 3409.81713002753 0.05
  10 1 27 10 5854.70045306658 0.05
  10 1 28 10 3137.56453919151 0.05
  10 1 29 10 1474.58235736299 0.05
  10 1 30 10 1578.26097098329 0.05
  10 1 31 10 1825.64727002155 0.05
  10 1 32 10 1982.63038003231 0.05
  10 1 33 10 1048.19110260486 0.05
  10 1 34 10 1112.01513432494 0.05
  10 1 35 10 715.100998404212 0.05
  10 1 36 10 238.644521124057 0.05
  10 1 37 10 187.4680718001 0.05
  10 1 38 10 127.070214835077 0.05
  10 1 39 10 52.6040457828429 0.05
  10 1 40 10 61.6248846981626 0.05
  10 1 41 10 46.2122315047613 0.05
  10 1 42 10 17.1304681694998 0.05
# end catch observations 
#  
# Fishery size comp data 
# Number of observations, init_int Ncatch_size_obs 
  375
# init_matrix obs_catch_size(1,Ncatch_size_obs,1,ncol) 
# Fleet Area  Year  Species Type (0=whole, 1=retained, 2=discard) InpN, proportion by size bin 
  1 1 1 1 0 81 0 0.0869175425951779 0.669301923809444 0.228886265933223 0.0148942676621554
  1 1 2 1 0 73 0 0.120850616604185 0.372905831705547 0.405967211387912 0.100276340302356
  1 1 3 1 0 65 0.000231705955097959 0.178362398773494 0.578388357409267 0.211775455913469 0.0312420819486718
  1 1 4 1 0 56 0 0.182825576625536 0.607067517610118 0.178160252081718 0.031946653682628
  1 1 5 1 0 120 0.00191165044462355 0.301937943973785 0.468337616213378 0.177089985855646 0.050722803512567
  1 1 6 1 0 130 0 0.167208986221947 0.603174924500711 0.183204654839719 0.0464114344376231
  1 1 7 1 0 94 0 0.0998608033463863 0.546166460760211 0.278069792997276 0.0759029428961269
  1 1 8 1 0 94 0 0.272058795905051 0.465518698004569 0.20735106642257 0.0550714396678101
  1 1 9 1 0 82 0 0.201323767484567 0.589278231733192 0.149840367851125 0.0595576329311156
  1 1 10 1 0 76 0 0.307813425925294 0.507095005744639 0.15100766139831 0.0340839069317562
  1 1 11 1 0 74 0 0.0950043485754841 0.697554976943661 0.172079423037739 0.035361251443116
  1 1 12 1 0 65 0 0.0617095701565816 0.644473186841246 0.264617047370797 0.0292001956313753
  1 1 13 1 0 77 0.00849978522920629 0.151548180168555 0.66429369014589 0.156007498754722 0.019650845701627
  1 1 14 1 0 88 0 0.066690402750978 0.623372700444299 0.261958025489662 0.0479788713150617
  1 1 15 1 0 66 0 0.170670685953794 0.554350008518548 0.227990854736241 0.0469884507914175
  1 1 16 1 0 69 0 0.0841287707710094 0.706986926551385 0.163694092093775 0.0451902105838301
  1 1 17 1 0 43 0.0157472928943295 0.057192902043371 0.596576007501596 0.292777523406407 0.0377062741542963
  1 1 18 1 0 34 0 0.114716349836928 0.608327000955329 0.256699002355533 0.0202576468522095
  1 1 19 1 0 55 0.0051076238592314 0.0594040326359854 0.572027876258365 0.331111507572834 0.0323489596735842
  1 1 20 1 0 64 0 0.0673714055902592 0.57893686130025 0.32352694149153 0.0301647916179608
  1 1 21 1 0 77 0 0.131939876854127 0.6095366956338 0.234437844734377 0.0240855827776962
  1 1 22 1 0 67 0 0.0631172232696065 0.702858652078156 0.212725753409836 0.0212983712424011
  1 1 23 1 0 133 0 0.0681523243868729 0.633538899075154 0.270845831799448 0.0274629447385257
  1 1 24 1 0 98 0 0.0830492693369329 0.709161207485648 0.185560004615874 0.0222295185615455
  1 1 25 1 0 91 0 0.0380878770146348 0.61407790292133 0.308968623611049 0.0388655964529862
  1 1 26 1 0 77 0 0.00611267291751532 0.532256886704008 0.416916517874505 0.0447139225039711
  1 1 27 1 0 102 0 8.12384180241912e-05 0.457303933287921 0.467164397878339 0.0754504304157156
  1 1 28 1 0 76 0 0.000124873263731258 0.456968881889175 0.495060837957481 0.0478454068896128
  1 1 29 1 0 110 0 0.000338527038038329 0.667292910679918 0.307109992982106 0.0252585692999374
  1 1 30 1 0 100 0 0 0.692075183572388 0.297846862913001 0.0100779535146107
  1 1 31 1 0 108 0 0.000206954005302414 0.768730705708858 0.221422588334013 0.00963975195182682
  1 1 32 1 0 118 0 0.000121343112703449 0.616293647237604 0.371379368237719 0.0122056414119737
  1 1 33 1 0 129 0 0.000835117204063903 0.672241150340876 0.314842383315078 0.012081349139982
  1 1 34 1 0 90 0 0.000980583463504406 0.648589831019486 0.328784122550983 0.0216454629660263
  1 1 35 1 0 69 0 0.000817713900055879 0.72865084453891 0.255714258600551 0.0148171829604825
  1 1 36 1 0 80 0 0.0622045369918057 0.792645312946717 0.136156009860152 0.00899414020132627
  1 1 37 1 0 62 0 0.0540139109730226 0.791129105439078 0.150623963455154 0.0042330201327454
  1 1 38 1 0 94 0 0.0772593667610454 0.666711891922252 0.24768976263964 0.0083389786770628
  1 1 39 1 0 75 0 0.0788382618776353 0.652614718975185 0.253921647143688 0.0146253720034922
  1 1 40 1 0 75 0 0.00154106212165024 0.453165868270918 0.514542561889887 0.0307505077175443
  1 1 41 1 0 35 0 0.000450449027008116 0.391877470915713 0.559034470687568 0.0486376093697104
  1 1 42 1 0 22 0 0.0222630867757667 0.398270090939454 0.489175470042903 0.0902913522418761
  2 1 1 2 0 2 0.106198366871522 0.121272774478999 0.204057406493616 0.339418530663949 0.229052921491914
  2 1 2 2 0 5 0.243294454678879 0.287071453756863 0.181044706903226 0.182124223199603 0.106465161461429
  2 1 3 2 0 2 0.0434092986080199 0.108514877968532 0.590127666014549 0.183599308865175 0.0743488485437239
  2 1 4 2 0 5 0.0404300714433609 0.0905251407790361 0.162951553308813 0.631986350760247 0.0741068837085424
  2 1 5 2 0 5 0.210307805441882 0.090244771010921 0.104402095222711 0.367320519595766 0.22772480872872
  2 1 6 2 0 5 0.316840432697232 0.26463276966594 0.201550054252424 0.137822955785414 0.0791537875989904
  2 1 7 2 0 5 0.0488440496431221 0.110480666468444 0.319553226800991 0.43662234453655 0.0844997125508927
  2 1 8 2 0 1 0.208043973595494 0.123917997522424 0.196415230616195 0.388799721845877 0.0828230764200096
  2 1 9 2 0 5 0.0529816401248061 0.119613176306623 0.429923748846652 0.261407256220623 0.136074178501296
  2 1 10 2 0 5 0.178357308504551 0.11856526089667 0.374758006242456 0.306488719225825 0.0218307051304973
  2 1 11 2 0 2 0.124788718709054 0.265623684177514 0.2427309623116 0.325720309465568 0.0411363253362642
  2 1 12 2 0 5 0.20215862597806 0.10577733255165 0.214536951289961 0.24479711229862 0.232729977881708
  2 1 13 2 0 5 0.0134113796627864 0.156614148818749 0.326905973245619 0.366400441829183 0.136668056443663
  2 1 14 2 0 5 0.00213759898432273 0.0731478580138288 0.310819868065001 0.478930961991206 0.134963712945641
  2 1 15 2 0 5 0.0572235883978327 0.224170218088013 0.163290108796175 0.427225250600999 0.128090834116979
  2 1 16 2 0 5 0.110039500169354 0.200001082684491 0.215638490011704 0.437029812905929 0.0372911142285223
  2 1 17 2 0 5 0.005 0.1425 0.3775 0.4425 0.0325
  2 1 18 2 0 5 0 0.0327868852459016 0.202868852459016 0.743852459016393 0.0204918032786885
  2 1 19 2 0 5 0.0269919392943055 0.153024552077078 0.248428836984507 0.538502832565892 0.033051839078217
  2 1 20 2 0 30 0.00111291258960288 0.143407504523071 0.542789726708907 0.299798050968855 0.0128918052095643
  2 1 21 2 0 46 0.0282839992084671 0.19024485286688 0.511721062651516 0.260653898114414 0.00909618715872287
  2 1 22 2 0 10 0.0050638319862549 0.132163099738464 0.47009537238217 0.389338617807057 0.00333907808605463
  2 1 23 2 0 19 1.75196876315376e-05 0.120177224269546 0.388307518766607 0.485699949453438 0.00579778782277697
  2 1 24 2 0 61 0.000268509825325005 0.0892717138457695 0.497255545522685 0.404048871697448 0.00915535910877298
  2 1 25 2 0 29 0.00724748831680165 0.0828083088322391 0.393362653421266 0.509761250161841 0.00682029926785206
  2 1 26 2 0 32 0.00122020634258809 0.233855808065885 0.312019678774522 0.445841234093307 0.00706307272369786
  2 1 27 2 0 16 0.00462014434239365 0.211366049797585 0.516072091340533 0.262837408217921 0.0051043063015671
  2 1 28 2 0 31 0 0.080523417946711 0.604995171996374 0.310842805938495 0.00363860411842044
  2 1 29 2 0 44 0.000101653726512851 0.0786579723790903 0.476755816468677 0.436013830920303 0.00847072650541747
  2 1 30 2 0 29 0.00138829404430806 0.170049437237404 0.540375236914336 0.285014408360675 0.00317262344327714
  2 1 31 2 0 25 0 0.0159534785931127 0.414258957940332 0.554789565148672 0.0149979983178833
  2 1 32 2 0 22 0.000500728789238024 0.108102774963328 0.270941399461826 0.611137509216227 0.00931758756938075
  2 1 33 2 0 35 0.0193416647480399 0.351375892487419 0.286326629898246 0.335419480303225 0.00753633256306969
  2 1 34 2 0 28 0.00126117358251502 0.209962197001599 0.734200354874062 0.0538444637545789 0.00073181078724532
  2 1 35 2 0 45 0.0002028481493739 0.129483195670439 0.782093768205381 0.0873853445394475 0.000834843435359503
  2 1 36 2 0 51 0.011104967824803 0.109806713714322 0.633642362579742 0.245249616674906 0.000196339206226383
  2 1 37 2 0 41 0.000417481856987055 0.0537357116520877 0.618436909702735 0.32726844473184 0.000141452056349962
  2 1 38 2 0 36 0.0015579088119911 0.0888129590953571 0.388223948177012 0.521026295690009 0.000378888225630538
  2 1 39 2 0 20 0 0.10246274381505 0.258787880175449 0.638328926331869 0.000420449677631722
  2 1 40 2 0 14 8.86218318529304e-05 0.0519733291877609 0.39580822135147 0.551502588141106 0.000627239487810114
  2 1 41 2 0 17 0 0.108842561247529 0.197643695617225 0.691032360461625 0.00248138267362191
  2 1 42 2 0 24 0.0269687884406229 0.028256652376298 0.278519885210065 0.647445680244398 0.0188089937286163
  3 1 1 3 0 1 0 0.150835168740367 0.111790188780039 0.645340576876154 0.0920340656034396
  3 1 2 3 0 5 0 0.00313353114807006 0.00239622970146534 0.39274171902466 0.601728520125805
  3 1 3 3 0 5 0.0135658323325818 0.125362424510039 0.288737384488459 0.17691732104564 0.39541703762328
  3 1 4 3 0 1 0.105932186646734 0.188803691011342 0.11673640755365 0.105273769666856 0.483253945121418
  3 1 5 3 0 6 0.00794397320832634 0.026890594111074 0.10532001704605 0.161078847783244 0.698766567851306
  3 1 6 3 0 4 0.0425095562746567 0.0655684763300684 0.304860643327444 0.0725567641960093 0.514504559871822
  3 1 7 3 0 5 0.0160943418310569 0.17198104033728 0.505961754155658 0.145898789320988 0.160064074355018
  3 1 8 3 0 1 0 0.00524508307487197 0.51036037747398 0.277558845394554 0.206835694056594
  3 1 9 3 0 1 0.00557252076769611 0.325292924366102 0.188156115875183 0.379594968592925 0.101383470398093
  3 1 10 3 0 1 0.128945354415903 0.560325523001753 0.126154922351837 0.172359305798562 0.0122148944319442
  3 1 11 3 0 2 0.000484485145578957 0.0177281692472389 0.219444488527443 0.657606701314312 0.104736155765427
  3 1 12 3 0 5 0.0045425408670491 0.0553754442546194 0.149976313982511 0.605321633095295 0.184784067800525
  3 1 13 3 0 4 0.0107447449437706 0.111849255912184 0.338453984218313 0.29752120471982 0.241430810205911
  3 1 14 3 0 8 0.00108088486875982 0.00602140916429582 0.27514477141131 0.476055122018403 0.241697812537231
  3 1 15 3 0 11 0.000589264681997666 0.0700988394261476 0.164052708064711 0.601959839912801 0.163299347914343
  3 1 16 3 0 5 0.0691562479967377 0.217823072822298 0.228861765677765 0.346041950087834 0.138116963415366
  3 1 17 3 0 5 0 0.0260820056974331 0.537496953826113 0.42205493784951 0.0143661026269446
  3 1 18 3 0 1 0.0139017974327265 0.16236851313877 0.189576388060127 0.360243925749094 0.273909375619282
  3 1 19 3 0 1 0.0331724958421846 0.0648239133674571 0.425647369222481 0.438802997991409 0.0375532235764679
  3 1 20 3 0 4 0.041190276934698 0.0367826690382053 0.337618146490203 0.434854644749908 0.149554262786985
  3 1 21 3 0 3 0.00463378530579326 0.154427390178001 0.367836121946122 0.409400377841143 0.0637023247289404
  3 1 22 3 0 4 0 0.0430343974424875 0.399688214936403 0.468637874202942 0.0886395134181675
  3 1 23 3 0 3 0.00312379729735637 0.134618717601642 0.322251509219081 0.466028275518264 0.0739777003636573
  3 1 24 3 0 3 0 0.126079820582384 0.27626718242359 0.372855472334983 0.224797524659043
  3 1 25 3 0 2 0.0222293141823627 0.0920419464887194 0.787427869993166 0.0733368341991141 0.0249640351366383
  3 1 26 3 0 4 0.189609432545657 0.0776447965135749 0.492601550084241 0.222444201842767 0.0177000190137596
  3 1 27 3 0 5 0.234460069730665 0.203485193625461 0.47542798282523 0.0846957899964245 0.00193096382221894
  3 1 28 3 0 4 0.0107646142389839 0.443011062467703 0.412396958851636 0.127172448097776 0.00665491634390076
  3 1 29 3 0 4 0.00396805040197842 0.0999731787913836 0.724125869002527 0.159689320554153 0.0122435812499579
  3 1 30 3 0 24 0.014801527410093 0.242223927496576 0.452766447390586 0.271331475392574 0.0188766223101708
  3 1 31 3 0 10 0.0443662310650548 0.10305384797835 0.615507680261847 0.2294048326565 0.00766740803824815
  3 1 32 3 0 12 0.0027067761396286 0.330311189024328 0.453769606908803 0.212709674114241 0.000502753812999743
  3 1 33 3 0 4 0.00934806024949732 0.429115644267646 0.475371194394729 0.0857221270521634 0.000442974035964184
  3 1 34 3 0 6 0.559086771832058 0.30099894047557 0.123816120352766 0.0156745313569846 0.000423635982621206
  3 1 35 3 0 2 0.0200011774436652 0.336844825642968 0.490269794943265 0.152877704550196 6.49741990575897e-06
  3 1 36 3 0 10 0.00886180271264213 0.190657669328784 0.761896731339726 0.037948450830269 0.000635345788578732
  3 1 37 3 0 9 0.10246984673753 0.316159956482106 0.525765013027788 0.0556051837525764 0
  3 1 38 3 0 13 0.149760057536095 0.120554046335029 0.627342848701238 0.100647334996581 0.0016957124310576
  3 1 39 3 0 16 0.0193072710760463 0.422064406948594 0.486693948193066 0.0719343737822937 0
  3 1 40 3 0 27 0.10235106611244 0.709941413669947 0.181776705549258 0.00591437796343065 1.64367049237559e-05
  3 1 41 3 0 15 0.00733118104121417 0.551290722819807 0.42551270821574 0.0157701829349631 9.52049882761412e-05
  3 1 42 3 0 16 0.00846602882281523 0.27103481936705 0.666461111944149 0.0534317431901919 0.000606296675793693
  4 1 19 4 0 14 0.00219501599499058 0.229040384948671 0.519323009813785 0.202435461072722 0.0470061281698319
  4 1 20 4 0 19 0.103199309968905 0.42139345030182 0.400594401301511 0.0536833258930325 0.0211295125347319
  4 1 21 4 0 5 0.0148084329774072 0.257666733806885 0.696080124098252 0.0314447091174558 0
  4 1 22 4 0 15 0.0619753737500952 0.631499392449537 0.268228827584084 0.0231393118394389 0.0151570943768453
  4 1 23 4 0 54 0.0488802391983487 0.57905979488616 0.179906963613841 0.137362777058871 0.0547902252427793
  4 1 24 4 0 56 0.0719326082577507 0.576104053712481 0.168166661356212 0.104587048735844 0.079209627937713
  4 1 25 4 0 60 0.0588218801616647 0.584383199973678 0.152374116178838 0.134323317897822 0.0700974857879977
  4 1 26 4 0 46 0.0482446079592948 0.527502709278016 0.198487026262758 0.155637792724737 0.070127863775194
  4 1 27 4 0 33 0.0963543275300682 0.766719538495158 0.129962187210602 0.00696394676417201 0
  4 1 28 4 0 32 0.0482309070363789 0.687487970190196 0.0996922260077724 0.0971719734871697 0.0674169232784832
  4 1 29 4 0 38 0.0962343049867133 0.649271571694115 0.118046167774719 0.0984279938801818 0.0380199616642713
  4 1 30 4 0 31 0.0827675205683017 0.721972581809267 0.14092856543367 0.0122503180577467 0.0420810141310144
  4 1 31 4 0 36 0.0615259409976383 0.686278833052949 0.101144961069191 0.0790842519190914 0.0719660129611304
  4 1 32 4 0 29 0.11486622588663 0.67668732415125 0.0882601200056513 0.0340737607866053 0.0861125691698629
  4 1 33 4 0 27 0.038408705086205 0.66476461612833 0.0974747937421737 0.119852663291045 0.0794992217522462
  4 1 34 4 0 31 0.0673268783847062 0.568373283207084 0.133486030642475 0.177087586815403 0.0537262209503318
  4 1 35 4 0 23 0.10365230515017 0.640106147932431 0.0953429794143276 0.128068255493788 0.0328303120092829
  4 1 36 4 0 21 0.0602405588784472 0.577815837824085 0.124261677921686 0.18797513974775 0.0497067856280322
  4 1 37 4 0 23 0.0789579263875362 0.674421734276655 0.0904506989753253 0.113861995775526 0.0423076445849576
  4 1 38 4 0 21 0.11043938739225 0.613411724709574 0.129005872172568 0.0918928844853145 0.0552501312402935
  4 1 39 4 0 28 0.112576368388055 0.683774854992117 0.0913939286250412 0.059361839950875 0.0528930080439118
  4 1 40 4 0 27 0.12764437031175 0.691942982185206 0.0732709717397767 0.0679622499318435 0.0391794258314236
  4 1 41 4 0 24 0.0569669156942806 0.705399854454597 0.098978946659015 0.128572525140944 0.0100817580511635
  4 1 42 4 0 26 0.0685654293539923 0.586914492725617 0.108984417711857 0.204674402760984 0.0308612574475499
  5 1 1 5 0 119 0 0.0071927177334828 0.670305880154687 0.282336279603616 0.0401651225082146
  5 1 2 5 0 99 0 0.00967813085500406 0.349570987995275 0.597601131999771 0.0431497491499494
  5 1 3 5 0 112 0 0.0279270933751624 0.491001637712727 0.396499279451946 0.0845719894601651
  5 1 4 5 0 59 0 0.0166699823050937 0.648335860051134 0.257918003406719 0.0770761542370532
  5 1 5 5 0 86 0.000260935985144858 0.0229402006736176 0.38967509959056 0.454715585098838 0.13240817865184
  5 1 6 5 0 95 0 0 0.215599727513636 0.57482422453327 0.209576047953094
  5 1 7 5 0 51 0 0.000507050313170082 0.178281250661534 0.561683133104634 0.259528565920662
  5 1 8 5 0 30 0 0.0035208537083651 0.286784928964562 0.444601950468543 0.26509226685853
  5 1 9 5 0 28 0 0 0.584270027764929 0.279581287587488 0.136148684647583
  5 1 10 5 0 33 0 0 0.297785668240434 0.503004408783125 0.199209922976441
  5 1 11 5 0 29 0 0 0.415805227138075 0.493176327717031 0.0910184451448935
  5 1 12 5 0 22 0 0 0.423950223677293 0.471009493453861 0.105040282868846
  5 1 13 5 0 27 0 0.00749332053031261 0.339748285230303 0.581803009242428 0.070955384996956
  5 1 14 5 0 14 0 0 0.307832160878763 0.526729813669423 0.165438025451814
  5 1 15 5 0 29 0 0 0.239171157578945 0.61762713394471 0.143201708476345
  5 1 16 5 0 17 0 0 0.273904213454656 0.606337336447018 0.119758450098326
  5 1 17 5 0 6 0 0 0.416778495792367 0.503549550301689 0.0796719539059441
  5 1 18 5 0 3 0 0 0.568664261983293 0.358452849074256 0.0728828889424506
  5 1 19 5 0 5 0 0 0.158110206266006 0.72854632782747 0.113343465906525
  5 1 20 5 0 21 0 0 0.169319656084894 0.718752659875755 0.111927684039351
  5 1 21 5 0 24 0 0 0.160609431706465 0.675746760913226 0.163643807380309
  5 1 22 5 0 27 0 0 0.226459780510118 0.638299126675866 0.135241092814016
  5 1 23 5 0 38 0 0 0.304557148771946 0.583442152205867 0.112000699022187
  5 1 24 5 0 63 0 0 0.366838243065698 0.525808652116049 0.107353104818253
  5 1 25 5 0 38 0 0 0.319630089920583 0.523105755678547 0.15726415440087
  5 1 26 5 0 61 0 0 0.306441783756772 0.600286222806498 0.0932719934367301
  5 1 27 5 0 66 0 0 0.436748972825336 0.528592387790639 0.0346586393840253
  5 1 28 5 0 68 0 0 0.392439820150029 0.573432089143609 0.0341280907063612
  5 1 29 5 0 89 0 0 0.368917665894127 0.610962913029642 0.0201194210762316
  5 1 30 5 0 89 0 0 0.688384366682174 0.298988102842129 0.0126275304756968
  5 1 31 5 0 112 0 0 0.713760118175167 0.280461578371238 0.00577830345359479
  5 1 32 5 0 107 0 0 0.622743259007068 0.371760574513086 0.00549616647984683
  5 1 33 5 0 148 0 0 0.547985767657909 0.447363885114462 0.00465034722762915
  5 1 34 5 0 108 0 0 0.513470619005182 0.480967788407564 0.00556159258725398
  5 1 35 5 0 72 0 0.000493127158289388 0.470838563373062 0.51677266106449 0.0118956484041588
  5 1 36 5 0 63 0 0.0292575719140984 0.829396055186172 0.135839718072338 0.0055066548273921
  5 1 37 5 0 53 0 0.0210219204173091 0.889012303052608 0.0888721455941785 0.00109363093590435
  5 1 38 5 0 83 0 0.0239883744827902 0.888125955916967 0.0865607505569927 0.00132491904325007
  5 1 39 5 0 63 0 0.103080709345083 0.797594219559084 0.0989272064869469 0.000397864608886504
  5 1 40 5 0 71 0 0.0898361542753253 0.829785893134688 0.079644849936835 0.000733102653151442
  5 1 41 5 0 62 0 0.0938691056829947 0.872902689428251 0.0329641153167269 0.000264089572027827
  5 1 42 5 0 39 0 0.0717859321937143 0.900056323354693 0.0281421949855822 1.55494660100144e-05
  6 1 1 6 0 23 0.00122719067988442 0.0300301104847158 0.838148251488073 0.117004634926083 0.0135898124212438
  6 1 2 6 0 17 0.000138254357076766 0.0440214558474491 0.772534845768834 0.153113083618121 0.0301923604085193
  6 1 3 6 0 11 0 0.133946069936503 0.795533967735977 0.0696005466093259 0.000919415718194624
  6 1 4 6 0 11 0.0037281216717085 0.177291522844684 0.738990264882228 0.0763215030605199 0.00366858754085942
  6 1 5 6 0 27 0.00174870798976917 0.136158258387645 0.71903673455949 0.123534663920788 0.0195216351423074
  6 1 6 6 0 32 0 0.110713619162134 0.729386558035847 0.151478065733215 0.0084217570688038
  6 1 7 6 0 22 0.000551577064930758 0.103266743520908 0.712356220854208 0.167995355610837 0.0158301029491166
  6 1 8 6 0 27 0.000848614876133536 0.116742570428977 0.733185082224746 0.133026456528113 0.01619727594203
  6 1 9 6 0 39 0.00157263452971739 0.18079498520869 0.662621373926281 0.137211015960177 0.0177999903751345
  6 1 10 6 0 37 0.000163893673195054 0.23300924782872 0.657806009010373 0.10553959147165 0.00348125801606222
  6 1 11 6 0 35 0.00154690631267683 0.242970518897857 0.673665327357483 0.0758805975568121 0.00593664987517176
  6 1 12 6 0 29 0 0.195501756395073 0.729547184107607 0.0703890607668783 0.0045619987304424
  6 1 13 6 0 39 0 0.216881455050591 0.714081359309436 0.0671843536948688 0.00185283194510391
  6 1 14 6 0 27 0.000234718704424166 0.137451193389638 0.75637382474069 0.0872313359860574 0.01870892717919
  6 1 15 6 0 12 0.00694483041579845 0.216487918026833 0.65215062794701 0.101286979515256 0.0231296440951024
  6 1 16 6 0 15 0.00942623590900078 0.285873659189082 0.657657282532288 0.0446354348530024 0.00240738751662663
  6 1 17 6 0 17 0 0.261810154261612 0.704587124182734 0.0336027215556545 0
  6 1 18 6 0 8 0 0.170602285084981 0.689214070564301 0.105032998159389 0.0351506461913299
  6 1 19 6 0 8 0 0.494976526412219 0.471064653515305 0.0339588200724757 0
  6 1 20 6 0 28 0.0116356247931713 0.404611901863693 0.550166148123034 0.0330454651687696 0.000540860051331739
  6 1 21 6 0 36 0.0165987559369154 0.384504152163489 0.535233658815254 0.0628426971784684 0.000820735905874146
  6 1 22 6 0 41 0.00405967885195237 0.48155930220406 0.446415841210273 0.0588417353147892 0.00912344241892469
  6 1 23 6 0 13 0 0.383928469726168 0.560778732771502 0.0450954479027194 0.0101973495996111
  6 1 24 6 0 52 0.00199940305014342 0.1840768251467 0.582440084479001 0.175342752201511 0.0561409351226444
  6 1 25 6 0 30 0 0.420372168803839 0.510691898221978 0.0595183034007167 0.00941762957346621
  6 1 26 6 0 41 0.020502731301052 0.369495523085384 0.578244272141578 0.0185990688367511 0.0131584046352352
  6 1 27 6 0 33 0.00673285517107514 0.366366321486069 0.560976113072781 0.0620752848975671 0.00384942537250843
  6 1 28 6 0 48 0.000369903019864285 0.554020331303509 0.355772775877924 0.0864564932215992 0.00338049657710286
  6 1 29 6 0 50 0.00661115757130156 0.528678709438814 0.403541604506556 0.057955662730342 0.00321286575298635
  6 1 30 6 0 70 0.000523737645720248 0.379096434564571 0.543587118643732 0.074572134547169 0.00222057459880761
  6 1 31 6 0 64 0.000289451351654962 0.504231089652989 0.385175046455841 0.105328513132246 0.00497589940726888
  6 1 32 6 0 41 0.000117203035420969 0.401594947649813 0.454789019522889 0.133500801942177 0.00999802784970015
  6 1 33 6 0 43 0 0.363662246418685 0.487944227881319 0.141574650590045 0.00681887510995091
  6 1 34 6 0 40 0 0.447843039557732 0.460077934696368 0.088916679099488 0.00316234664641208
  6 1 35 6 0 43 0.000218821924951937 0.373626479027787 0.458550828161854 0.16275023790567 0.00485363297973802
  6 1 36 6 0 56 5.66935251444013e-05 0.361614013772331 0.479598750006136 0.13571517889821 0.0230153637981789
  6 1 37 6 0 36 0.000346250705411141 0.268457562339426 0.490344572879495 0.204730962751927 0.0361206513237404
  6 1 38 6 0 81 0 0.337867583831451 0.410822830273122 0.213129093431874 0.0381804924635532
  6 1 39 6 0 72 0.000279663521304169 0.312808319097751 0.4908770883001 0.145188337999057 0.0508465910817882
  6 1 40 6 0 60 4.90135717715637e-05 0.332687130406138 0.476956900084836 0.137411857646911 0.0528950982903439
  6 1 41 6 0 57 0.000176192455168677 0.366685518577723 0.489519837926299 0.108514701989334 0.0351037490514758
  6 1 42 6 0 43 0.000654479823212482 0.363085176775891 0.511085861698232 0.116392806173732 0.00878167552893313
  7 1 2 7 0 5 0 0 0.0456852791878173 0.406091370558376 0.548223350253807
  7 1 4 7 0 5 0 0 0.37 0.36 0.27
  7 1 5 7 0 5 0 0 0.00710227272727273 0.0696022727272727 0.923295454545454
  7 1 6 7 0 5 0 0 0.00203252032520325 0.182926829268293 0.815040650406504
  7 1 7 7 0 5 0 0 0.00223380491437081 0.133283693224125 0.864482501861504
  7 1 8 7 0 5 0 0 0.00774647887323944 0.191549295774648 0.800704225352113
  7 1 9 7 0 5 0.00995024875621891 0.00298507462686567 0.00895522388059702 0.153233830845771 0.824875621890547
  7 1 10 7 0 5 0 0 0.0131221976824299 0.304179066866923 0.682698735450647
  7 1 11 7 0 1 0 0 0.0013869625520111 0.198335644937587 0.800277392510402
  7 1 12 7 0 5 0 0 0.000709219858156029 0.25177304964539 0.747517730496454
  7 1 13 7 0 1 0 0 0.00117575058478514 0.236902257328485 0.76192199208673
  7 1 14 7 0 2 0.00842303692027471 0 0.105125196483736 0.313701371445847 0.572750395150142
  7 1 15 7 0 8 0 0 0.000596989012446936 0.318130328386023 0.681272682601531
  7 1 16 7 0 3 0 0 0.000783541354758775 0.422455849691222 0.576760608954019
  7 1 17 7 0 3 0 0 0.00444405002656741 0.586849422360156 0.408706527613276
  7 1 18 7 0 1 0 0 0.037364757704181 0.657023797324566 0.305611444971253
  7 1 19 7 0 3 0.0400048910517075 0 0.230330235315432 0.626148238652311 0.10351663498055
  7 1 20 7 0 3 0 0 0.241978609625669 0.724598930481283 0.0334224598930481
  7 1 21 7 0 3 0 0.0279313349806857 0.35279900953961 0.538021403233737 0.0812482522459672
  7 1 22 7 0 2 0 0 0.440670661557749 0.519155083423139 0.0401742550191117
  7 1 23 7 0 6 0 0.00178635226866738 0.309038942479457 0.653447659878528 0.0357270453733476
  7 1 24 7 0 1 0 0 0.114785176142911 0.80843669043666 0.0767781334204291
  7 1 25 7 0 1 0 0 0.0320403956522587 0.847660184723844 0.120299419623897
  7 1 26 7 0 2 0 0 0.252343984050394 0.660537433762967 0.0871185821866385
  7 1 27 7 0 2 0 0 0.0122277577095026 0.788832435729792 0.198939806560705
  7 1 28 7 0 4 0 0.000324983596346058 0.164441249326705 0.732996006935828 0.102237760141121
  7 1 29 7 0 7 0 0.000169492598185232 0.147358031172985 0.765989937493247 0.0864825387355828
  7 1 30 7 0 6 0.000574735451698814 0 0.141144498061009 0.744182384379673 0.114098382107619
  7 1 31 7 0 10 0 0 0.0500345379517868 0.814522248877181 0.135443213171032
  7 1 32 7 0 7 0 0 0.0717259576458083 0.795123837050645 0.133150205303547
  7 1 33 7 0 15 0.00169024204555135 0.000241463149364479 0.085390141810169 0.739471453688264 0.173206699306651
  7 1 34 7 0 19 0 0.000529504887568661 0.239839714406434 0.643389427603368 0.116241353102629
  7 1 35 7 0 13 0 0.000387526170433129 0.0558848571727944 0.693215031597683 0.250512585059089
  7 1 36 7 0 23 0 0.000524455541619863 0.0168021071047044 0.7247794529087 0.257893984444975
  7 1 37 7 0 7 0 0.000243522710662807 0.0545542134073152 0.703759153370222 0.2414431105118
  7 1 38 7 0 7 0 0.000351036299818142 0.148002847556682 0.733328247749214 0.118317868394286
  7 1 39 7 0 19 0.0009702580012501 0.00038810320050004 0.0843588294130288 0.736706373227839 0.177576436157382
  7 1 40 7 0 25 0 0.000358680057388809 0.10096843615495 0.73941893830703 0.159253945480631
  7 1 41 7 0 31 0 0.000981646758983481 0.176992632726406 0.643081710145146 0.178944010369464
  7 1 42 7 0 31 0 0 0.12676894849918 0.722051991333302 0.151179060167518
  8 1 1 8 0 22 6.99282221240948e-06 0.174977542536458 0.526300144310375 0.273321379086284 0.02539394124467
  8 1 2 8 0 19 5.3136807311229e-06 0.250626257011353 0.576280482796892 0.166154316374482 0.00693363013654215
  8 1 3 8 0 35 0.000302361614994347 0.345432864715013 0.5545378153528 0.0939782065253958 0.00574875179179702
  8 1 4 8 0 22 0.00517583230080404 0.461159183372711 0.442640417323823 0.0838166358547203 0.00720793114794214
  8 1 5 8 0 52 0.000605598362197778 0.444164799343747 0.465899047531018 0.0814297421562996 0.00790081260673763
  8 1 6 8 0 60 0.00215923899783768 0.430731297788718 0.476325088279257 0.0828759746482268 0.00790840028596052
  8 1 7 8 0 44 0.00626255583817651 0.468578807917076 0.423261377204221 0.0955574707770893 0.00633978826343745
  8 1 8 8 0 65 0.00926063580596144 0.474056732622436 0.417194240175152 0.089871003648019 0.00961738774843188
  8 1 9 8 0 50 0.00199193042388657 0.40863368692999 0.479175611129676 0.101494317222749 0.00870445429369945
  8 1 10 8 0 62 0 0.44528493299516 0.471577450303478 0.0759183813842489 0.00721923531711315
  8 1 11 8 0 60 0.00050831086464627 0.445238942015843 0.478082436500107 0.0689676545854022 0.00720265603400213
  8 1 12 8 0 33 0.000370140979846707 0.505343369189269 0.423104185680904 0.0660289345090991 0.00515336964088095
  8 1 13 8 0 54 0.0107174312583152 0.361660923871232 0.569457887286319 0.0561364600004083 0.00202729758372549
  8 1 14 8 0 55 0.00159391253530355 0.420066218575569 0.504744801377481 0.0675414086601851 0.00605365885146116
  8 1 15 8 0 48 0.00094685824137101 0.407313869797316 0.499957090430742 0.0874838734953282 0.00429830803524291
  8 1 16 8 0 24 0.000176973072704675 0.413841170557608 0.499722377290434 0.0798578923777959 0.00640158670145721
  8 1 17 8 0 24 0.000387752256239119 0.513873928638071 0.401327689359007 0.0797579117060792 0.00465271804060296
  8 1 18 8 0 18 0.000470049553362118 0.406670493572234 0.559604068904619 0.0316258984372735 0.0016294895325119
  8 1 19 8 0 16 0.0228408434050118 0.468388092967753 0.438421595594531 0.0662218621248232 0.00412760590788089
  8 1 20 8 0 37 0 0.422156246008214 0.538294589992609 0.0386354274920221 0.000913736507154236
  8 1 21 8 0 22 0 0.404407018474672 0.570381634427494 0.0243810383599033 0.000830308737931562
  8 1 22 8 0 22 0.0121840958812353 0.516376891394537 0.445231223354588 0.0258368342636707 0.000370955105968322
  8 1 23 8 0 60 0 0.36399249892467 0.574834814530396 0.0577183116484318 0.00345437489650245
  8 1 24 8 0 65 0 0.300182551798411 0.606116286631113 0.0831883391624837 0.0105128224079929
  8 1 25 8 0 78 0 0.166602372780443 0.630465502936326 0.177367024582735 0.0255650997004961
  8 1 26 8 0 83 0 0.195524582068684 0.491310950063999 0.242634466896247 0.0705300009710701
  8 1 27 8 0 109 0 0.140763827880302 0.435120218150202 0.363110473120019 0.061005480849478
  8 1 28 8 0 90 0.000974680248773591 0.215633369671895 0.451095295786142 0.287059833868882 0.0452368204243065
  8 1 29 8 0 96 0.000396274208473175 0.344770787098185 0.441522040989168 0.176376576139955 0.0369343215642189
  8 1 30 8 0 79 0.000449034139746815 0.357060697233678 0.503901649598984 0.116052714514688 0.0225359045129025
  8 1 31 8 0 85 0 0.306108523779801 0.557340932991171 0.11761108098755 0.0189394622414784
  8 1 32 8 0 84 0 0.262584203121461 0.586172423773716 0.131706633308045 0.019536739796778
  8 1 33 8 0 102 0 0.150501220457871 0.682847075962118 0.159369718201115 0.00728198537889608
  8 1 34 8 0 85 0 0.131936902411553 0.660042984505713 0.200810746679538 0.00720936640319696
  8 1 35 8 0 63 0 0.110490845925823 0.707030950079666 0.179114226472842 0.00336397752166963
  8 1 36 8 0 49 0 0.106703911456095 0.719545391919184 0.169733291719937 0.0040174049047842
  8 1 37 8 0 32 0 0.128361796433687 0.709957122512859 0.15758340579003 0.00409767526342383
  8 1 38 8 0 43 0 0.0975095904042641 0.6571305802739 0.242896769081202 0.00246306024063391
  8 1 39 8 0 32 0 0.160288978333865 0.635568042309083 0.200966334925414 0.00317664443163822
  8 1 40 8 0 64 0 0.105687515654332 0.628198228963095 0.260067059965713 0.00604719541685987
  8 1 41 8 0 28 0 0.064480105107468 0.634481188190234 0.296382577030054 0.00465612967224344
  8 1 42 8 0 10 0 0.0534195297441705 0.635007542622696 0.30961365532515 0.0019592723079827
  9 1 26 9 0 78 0.133858267716535 0.246719160104987 0.225721784776903 0.246719160104987 0.146981627296588
  9 1 27 9 0 89 0.0857445770001951 0.261960142748245 0.256331840278483 0.238199212294486 0.157764227678591
  9 1 28 9 0 83 0.161114351344126 0.296527187028259 0.242644002529291 0.207195287194584 0.0925191719037397
  9 1 29 9 0 83 0.165875130496719 0.297938309401992 0.264936376761217 0.182400355466808 0.0888498278732635
  9 1 30 9 0 89 0.10004404917878 0.244684877814485 0.347221303665597 0.23196968052042 0.0760800888207175
  9 1 31 9 0 75 0.0873430659159966 0.215774332267534 0.330638657353796 0.254613230551857 0.111630713910817
  9 1 32 9 0 107 0.136708895189699 0.18856962937986 0.280260737010208 0.231185248515646 0.163275489904586
  9 1 33 9 0 99 0.0949958004258994 0.229676134421002 0.285548353778287 0.255462003917094 0.134317707457717
  9 1 34 9 0 104 0.244513102465496 0.197752236924601 0.205163919352622 0.213473960699303 0.139096780557978
  9 1 35 9 0 104 0.1595279675729 0.294357493381458 0.224773277360366 0.194792026843097 0.12654923484218
  9 1 36 9 0 111 0.21824969655846 0.344992532019686 0.218335822660105 0.171326921783291 0.047095026978459
  9 1 37 9 0 97 0.115814677154936 0.384353558281656 0.335925954563288 0.124338265436767 0.0395675445633527
  9 1 38 9 0 105 0.0535831365317723 0.266103282679871 0.388747445758616 0.170567629970844 0.120998505058898
  9 1 39 9 0 89 0.122788048877407 0.181950073174094 0.345972051418935 0.23489271253008 0.114397113999483
  9 1 40 9 0 89 0.0591778822570241 0.0986298422266667 0.292936513898208 0.326364244708682 0.222891516909419
  9 1 41 9 0 84 0.106134897097306 0.146043423252879 0.260111888573849 0.327793099028625 0.159916692047342
  9 1 42 9 0 113 0.179655718953742 0.197282387220434 0.202566929835799 0.255444274739996 0.165050689250029
  10 1 1 10 0 45 0 0.0126662075585351 0.359298411401265 0.516822734750172 0.111212646290028
  10 1 2 10 0 57 0.000199510574865991 0.0015136878527867 0.466049904350391 0.476383988101086 0.0558529091208709
  10 1 3 10 0 69 0 0.00280296336155924 0.312326771174332 0.622654139897933 0.0622161255661754
  10 1 4 10 0 45 0 0.0014986637416901 0.248045820973844 0.674093371378778 0.0763621439056878
  10 1 5 10 0 94 0 0.000619260147741771 0.563997613734858 0.387220879082332 0.0481622470350684
  10 1 6 10 0 77 0 0.00128535416050989 0.59119709542947 0.383983089702786 0.0235344607072348
  10 1 7 10 0 75 0 0.0030618612381136 0.600173973317971 0.366701241895081 0.0300629235488344
  10 1 8 10 0 89 0 0.00356705159772109 0.548939082501274 0.390765732423117 0.0567281334778875
  10 1 9 10 0 60 0 0.00119195145066641 0.636682012149474 0.315761717314963 0.0463643190848966
  10 1 10 10 0 44 0.00426685262163373 0.000147029753899995 0.394429066891871 0.545996801514471 0.0551602492181244
  10 1 11 10 0 46 0 0.00246186435739856 0.407278692758558 0.500523405817758 0.0897360370662856
  10 1 12 10 0 46 0 0.00554765249440436 0.470451515632496 0.482988941874637 0.0410118899984625
  10 1 13 10 0 45 0 0 0.437044400637491 0.547120670583741 0.0158349287787681
  10 1 14 10 0 39 0 0 0.356764408516705 0.613947504400921 0.0292880870823738
  10 1 15 10 0 32 0 0 0.378870299251453 0.572075049407826 0.0490546513407207
  10 1 16 10 0 26 0.000301512531367918 0 0.278563930643148 0.678469544289104 0.0426650125363804
  10 1 17 10 0 16 0 0 0.405127607724304 0.550933064876461 0.0439393273992348
  10 1 18 10 0 11 0 0 0.443858226561066 0.519293206041304 0.0368485673976308
  10 1 19 10 0 18 0 0 0.321679366060098 0.640009577351265 0.038311056588637
  10 1 20 10 0 40 0 0 0.197897395575382 0.752413006832226 0.0496895975923913
  10 1 21 10 0 13 0 0 0.312265574713174 0.643307625669303 0.0444267996175231
  10 1 22 10 0 20 0 0.016790715056112 0.198358430048342 0.688096170328842 0.0967546845667035
  10 1 23 10 0 44 0 0 0.138844278391237 0.772154389701786 0.0890013319069777
  10 1 24 10 0 41 0 0 0.169488010927565 0.733966744408533 0.0965452446639015
  10 1 25 10 0 48 0 0 0.132911911732415 0.724317933770751 0.142770154496834
  10 1 26 10 0 65 0 0 0.129452908015723 0.636985675579468 0.233561416404809
  10 1 27 10 0 85 0 0 0.0817758274742953 0.633524728565293 0.284699443960411
  10 1 28 10 0 85 0.000199724394709845 0 0.152406944948326 0.752014990585708 0.0953783400712566
  10 1 29 10 0 97 0 0 0.19791461194102 0.653605068036844 0.148480320022137
  10 1 30 10 0 111 0.00105212259234181 0.000514851617482893 0.226688687366345 0.705952531389541 0.0657918070342889
  10 1 31 10 0 108 0 0 0.156653083494329 0.812582390786225 0.0307645257194459
  10 1 32 10 0 100 0 0 0.0545441921950569 0.859888875051564 0.0855669327533789
  10 1 33 10 0 109 0 4.55454233947591e-05 0.0454145300467155 0.838839456425547 0.115700468104343
  10 1 34 10 0 106 0 0 0.0779460463170315 0.839492369023802 0.0825615846591666
  10 1 35 10 0 60 0 0 0.0948864122219524 0.808953797223104 0.0961597905549441
  10 1 36 10 0 40 0 0 0.0964184977122533 0.780690484035556 0.122891018252191
  10 1 37 10 0 38 0 0 0.150929832007884 0.784626295613225 0.0644438723788913
  10 1 38 10 0 49 0 0 0.143128141599695 0.752385862921717 0.104485995478588
  10 1 39 10 0 25 0 0 0.141424926559946 0.759724343659963 0.0988507297800911
  10 1 40 10 0 26 0 0 0.0673446630717437 0.78360620244751 0.149049134480747
  10 1 41 10 0 8 0 0 0.133140253748477 0.736090332275951 0.130769413975572
  10 1 42 10 0 4 0 0 0.11241182810167 0.816941464520808 0.0706467073775229
# end fishery length observations 
#  
# Survey diet proportion observations 
# Number of observations, init_int Ndietprop_obs 
  496
# init_matrix obs_dietprop(1,Ndietprop_obs,1,ncol) 
# Survey  Year  Predator  Predator_size InpN  wt_prey_1 wt_prey_2 wt_prey_3 wt_prey_4 wt_prey_5 wt_prey_6 wt_prey_7 wt_prey_8 wt_prey_9 wt_prey_10 wt_prey_11 other 
  1 7 1 3 100 0 0 0 0 0 0.194260471824198 0 0 0 0 0.805739528175802
  1 7 1 4 100 0 0 0 0 0 0.331343987468805 0 0 0 0 0.668656012531195
  1 9 1 2 100 0 0 0 0 0 0.0133912544145478 0 0 0 0 0.986608745585452
  1 10 1 3 100 0 0 0 0 0 0.000300209996648363 0 0 0 0 0.999699790003352
  1 11 1 3 100 0 0 0 0 0 0.225175759359681 0 0 0 0 0.774824240640319
  1 12 1 2 100 0.0164128066848468 0 0 0 0 0.0123096050136351 0 0 0 0 0.971277588301518
  1 12 1 3 100 0.0296108291032149 0 0 0 0 0 0 0 0 0 0.970389170896785
  1 12 1 4 100 0.614282057844894 0 0 0 0 0 0 0 0 0 0.385717942155106
  1 13 1 3 100 0 0.152381046084616 0 0 0 0.0850904595020326 0 0 0 0 0.762528494413352
  1 13 1 4 100 0 0.316721341868501 0 0 0 0.366341018761233 0 0 0 0 0.316937639370265
  1 13 1 5 100 0 0.966708960183675 0 0 0 0.00453144825086097 0 0 0 0 0.0287595915654645
  1 14 1 1 100 0 0 0 0 0 0.572457966373098 0 0 0 0 0.427542033626902
  1 14 1 2 100 0 0 0 0 0 0.0542190944315895 0 0 0 0 0.945780905568411
  1 14 1 3 100 0 0 0 0 0 0.0605281941470378 0 0 0 0 0.939471805852962
  1 15 1 3 100 0 0.0542161632801471 0 0 0 0.0128804460641319 0 0 0 0 0.932903390655721
  1 16 1 2 100 0 0 0 0 0 0.590979243813517 0 0 0 0 0.409020756186483
  1 16 1 3 100 0 0 0 0 0 0.51864054100919 0 0 0 0 0.48135945899081
  1 16 1 4 100 0 0 0 0 0 0.820206471620353 0 0 0 0 0.179793528379647
  1 18 1 1 100 0.457061745919092 0 0 0 0 0 0 0 0 0 0.542938254080908
  1 18 1 2 100 0 0.0031451467915676 0 0 0 0 0 0 0 0 0.996854853208432
  1 18 1 3 100 0.0180097512866044 0.108058507719626 0 0 0 0.0421428180106542 0 0 0 0 0.831788922983115
  1 18 1 4 100 0 0.106556541246049 0 0 0 0 0 0 0 0 0.893443458753951
  1 19 1 2 100 0 0.292124075185473 0 0 0 0 0 0 0 0 0.707875924814527
  1 19 1 3 100 0 0.181784737624378 0 0 0 0.122642223409608 0 0 0 0 0.695573038966014
  1 19 1 4 100 0 0.169396012452077 0 0 0 0 0 0 0 0 0.830603987547923
  1 20 1 3 100 0 0.111454328530275 0 0 0 0 0 0 0 0 0.888545671469725
  1 21 1 3 100 0 0.208451551460011 0 0 0 0 0 0 0 0 0.791548448539989
  1 21 1 4 100 0 0.146650626477152 0.00202276726175383 0 0 0.242732071410459 0 0 0 0 0.608594534850635
  1 22 1 3 100 0 0 0 0 0 0.111140818710159 0 0 0 0 0.888859181289841
  1 24 1 2 100 0 0 0 0 0 0.475899628442001 0 0 0 0 0.524100371557999
  1 24 1 3 100 0 0.40734705969486 0 0 0 0.0139661849038238 0 0 0 0 0.578686755401316
  1 25 1 3 100 0 0.595828080141008 0 0 0 0.00433329512829824 0 0 0 0 0.399838624730694
  1 25 1 4 100 0 0 0 0 0 0.0169429989108072 0 0 0 0 0.983057001089193
  1 25 1 5 100 0 0 0 0 0 0.738903183582719 0 0 0 0 0.261096816417281
  1 26 1 3 100 0 0.427852726954171 0.290466297900033 0 0 0 0 0 0 0 0.281680975145796
  1 26 1 4 100 0 0 0.199829774636421 0 0 0 0 0 0 0 0.800170225363579
  1 27 1 2 100 0 0 0 0 0 0.0302073321433475 0 0 0 0 0.969792667856653
  1 27 1 3 100 0 0.374802753766879 0.210135314407005 0 0 0 0 0 0 0 0.415061931826116
  1 27 1 4 100 0 0 0 0 0.362824448785934 0 0 0 0 0 0.637175551214066
  1 28 1 3 100 0 0.442347390150398 0 0 0 0 0 0 0 0 0.557652609849602
  1 28 1 4 100 0 0.779727095516569 0 0 0 0 0 0 0 0 0.220272904483431
  1 30 1 3 100 0 0 0 0 0 0.223270278504251 0 0 0 0 0.776729721495749
  1 31 1 3 100 0 0 0 0 0 0.00448148148148148 0 0 0 0 0.995518518518518
  1 32 1 2 100 0 0 0 0 0 0.00274442538593482 0 0 0 0 0.997255574614065
  1 32 1 3 100 0 0 0 0 0 0.0037243947858473 0 0 0 0 0.996275605214153
  1 33 1 3 100 0 0.196522153406384 0 0 0.0589566460219152 0.0622320152453549 0 0 0 0 0.682289185326346
  1 34 1 3 100 0 0.308639804900826 0 0 0 0 0 0 0 0 0.691360195099174
  1 35 1 3 100 0 0 0 0 0 0.18 0 0 0 0 0.82
  1 35 1 4 100 0 1 0 0 0 0 0 0 0 0 0
  1 36 1 4 100 0 0 0 0 1 0 0 0 0 0 0
  1 38 1 3 100 0 0.11990464122583 0 0 0.171292344608329 0 0 0 0 0 0.708803014165841
  1 38 1 4 100 0 0 0 0 0.334883720930233 0 0 0 0 0 0.665116279069767
  1 39 1 3 100 0 0.40983606557377 0 0 0 0 0 0 0 0 0.590163934426229
  1 39 1 4 100 0 0 0 0 0.485436893203884 0 0 0 0 0 0.514563106796116
  1 40 1 2 100 0 0.495185694635488 0 0 0 0 0 0 0 0 0.504814305364512
  1 41 1 3 100 0 0 0.22073237871296 0 0.084897068735754 0.00305629447448714 0 0 0 0 0.691314258076798
  1 41 1 4 100 0 0 0 0 0.636363636363636 0 0 0 0 0 0.363636363636364
  2 2 1 5 100 1 0 0 0 0 0 0 0 0 0 0
  2 8 1 2 100 0 0 0 0 0 0 0 0 0 0.00422844022172917 0.995771559778271
  2 9 1 4 100 0 0 0 0 0 0.0466039196044517 0 0 0 0 0.953396080395548
  2 9 1 5 100 0 0 0 0 0.712266414773084 0 0 0 0 0 0.287733585226916
  2 10 1 3 100 0 0 0 0 0 0.0116229839493164 0 0 0 0 0.988377016050684
  2 10 1 4 100 0 0 0 0 0 0.00654880762000544 0 0 0 0 0.993451192379995
  2 11 1 4 100 0 0.189118448093484 0 0 0 0 0 0 0 0 0.810881551906516
  2 12 1 2 100 0 0 0 0 0 0.0437143143029533 0 0 0 0 0.956285685697047
  2 13 1 4 100 0 0 0 0 0 0 0 0 0 0.00485668046757306 0.995143319532427
  2 14 1 3 100 0 0.0694913580162528 0 0 0 0 0 0 0 0 0.930508641983747
  2 14 1 4 100 0 0.00999881437949535 0 0 0 0.0237888458778827 0 0 0 0 0.966212339742622
  2 14 1 5 100 0 0 0 0 0 0 0.0182773752938318 0 0 0 0.981722624706168
  2 15 1 4 100 0 0.184472754793138 0 0 0 0 0 0 0 0 0.815527245206862
  2 15 1 5 100 0 0 0 0 0 0.087378640776699 0 0 0 0.087378640776699 0.825242718446602
  2 16 1 3 100 0 0 0 0 0 0.0584948660037187 0 0 0 0 0.941505133996281
  2 16 1 4 100 0 0.557323688969259 0 0 0 0 0 0 0 0 0.442676311030741
  2 16 1 5 100 0 0.376736519896397 0 0 0 0.0188368259948199 0 0 0 0 0.604426654108783
  2 19 1 4 100 0 0.228976145806936 0.0200807338588299 0 0.0446238530196221 0 0 0 0 0 0.706319267314612
  2 19 1 5 100 0 0.409269662921348 0 0 0.112359550561798 0.0898876404494382 0 0 0 0 0.388483146067416
  2 20 1 4 100 0 0 0 0 0 0.128160955736314 0 0 0 0 0.871839044263686
  2 21 1 3 100 0 0.0444351667742295 0.169305381276529 0 0 0.0153913982978663 0 0 0 0 0.770868053651375
  2 21 1 4 100 0 0.310271247742176 0.0040984949554984 0 0 0.203406786680291 0 0 0 0 0.482223470622035
  2 21 1 5 100 0 0 0.156008432888264 0 0 0.0252986647926915 0 0 0 0 0.818692902319044
  2 22 1 3 100 0 0 0 0 0 0.0374006114149249 0 0 0 0 0.962599388585075
  2 22 1 4 100 0 0.494349878415105 0 0 0 0 0 0 0 0 0.505650121584895
  2 23 1 3 100 0 0 0.0438017043672464 0 0 0.00351400619729463 0 0 0 0 0.952684289435459
  2 23 1 4 100 0 0.243097538486442 0.0585584626479594 0 0 0 0 0 0 0 0.698343998865599
  2 24 1 3 100 0 0.207790932385817 0.0677251224166897 0 0 0.115841634779549 0 0 0 0 0.608642310417944
  2 24 1 4 100 0 0 0 0 0 0.08305564224663 0 0 0 0 0.91694435775337
  2 24 1 5 100 0 0.941176470588235 0 0 0 0 0 0 0 0 0.0588235294117647
  2 25 1 2 100 0 0.0740709566095703 0 0 0 0 0 0 0 0 0.92592904339043
  2 25 1 4 100 0 0.264880499314964 0 0 0 0 0 0 0 0 0.735119500685036
  2 26 1 3 100 0 0 0 0 0 0.189151364322368 0 0 0 0 0.810848635677632
  2 26 1 4 100 0 0.177221215283499 0 0 0 0.0865967301953461 0 0 0 0 0.736182054521155
  2 27 1 2 100 0 0 0 0 0.734382451120649 0 0 0 0 0 0.265617548879351
  2 27 1 3 100 0.0153072681059575 0.0591417176821085 0 0 0.425820367311181 0 0 0 0 0 0.499730646900753
  2 27 1 5 100 0 0.123076923076923 0 0 0 0 0 0 0 0 0.876923076923077
  2 28 1 4 100 0 0 0 0 0.743026318408414 0 0 0 0 0 0.256973681591586
  2 29 1 3 100 0 0.092307672536506 0 0 0 0 0 0 0 0 0.907692327463494
  2 29 1 4 100 0 0.123355921885263 0 0 0.229089569215488 0 0 0 0 0 0.647554508899249
  2 30 1 3 100 0 0 0 0 0.031782258084603 0 0 0 0 0 0.968217741915397
  2 32 1 4 100 0 0 0 0 0 0 0 0 0 0.352395735712595 0.647604264287404
  2 33 1 3 100 0 0.115029101594593 0 0 0 0.0213625474389958 0 0 0 0 0.863608350966411
  2 33 1 4 100 0 0 0 0 0 0.256331406235051 0 0 0 0 0.743668593764949
  2 34 1 3 100 0 0 0 0 0 0.235696821515892 0 0 0 0 0.764303178484108
  2 35 1 1 100 0 0.592193808882907 0 0 0 0 0 0 0 0 0.407806191117093
  2 35 1 2 100 0 0.342491622174964 0 0 0 0 0 0 0 0 0.657508377825036
  2 35 1 3 100 0 0.109851681607519 0.0993633300972534 0 0 0 0 0 0 0 0.790784988295228
  2 35 1 4 100 0 0.0957854406130268 0 0 0.639846743295019 0 0 0 0 0 0.264367816091954
  2 36 1 3 100 0 0.56887757282379 0 0 0 0 0 0 0 0 0.43112242717621
  2 37 1 3 100 0 0 0 0 0.0714269159906301 0 0 0 0 0 0.92857308400937
  2 38 1 3 100 0 0 0 0 0 0.49883017211197 0 0 0 0 0.50116982788803
  2 39 1 3 100 0 0 0.190373913892414 0 0 0 0 0 0 0 0.809626086107586
  2 40 1 2 100 0 0 0 0 0 0.0168361301552476 0 0 0 0 0.983163869844752
  2 40 1 3 100 0 0 0.0925379010906601 0 0.289180940908313 0 0 0 0 0 0.618281158001027
  2 40 1 4 100 0 0 0 0 0.0602331606217617 0.421632124352332 0 0 0 0 0.518134715025907
  2 41 1 3 100 0 0 0 0 0 0.316710814234711 0 0 0 0 0.683289185765289
  2 41 1 4 100 0 0 0 0 0 0.162686819421976 0 0 0 0 0.837313180578024
  2 42 1 2 100 0 0 0 0 0 0.215683494827462 0 0 0 0 0.784316505172538
  1 3 4 1 100 0 0 0 0 0 0 0 0 0 0.568345323741007 0.431654676258993
  1 3 4 5 100 0 0 0 0 0.414032625855113 0 0 0 0 0 0.585967374144887
  1 5 4 5 100 1 0 0 0 0 0 0 0 0 0 0
  1 11 4 5 100 0 0.666666666666667 0 0 0 0.244444444444444 0 0 0 0 0.0888888888888889
  1 18 4 2 100 0 1 0 0 0 0 0 0 0 0 0
  1 19 4 4 100 0 0 0.949937071738219 0 0 0 0 0 0 0 0.0500629282617815
  1 20 4 4 100 0.819672131147541 0 0 0 0 0 0 0 0 0 0.180327868852459
  1 21 4 5 100 0 0 1 0 0 0 0 0 0 0 0
  1 23 4 1 100 0 0 0.713362068965517 0 0 0 0 0 0 0 0.286637931034483
  1 23 4 3 100 0 0 0.249843847595253 0 0 0 0 0 0 0 0.750156152404747
  1 24 4 3 100 0 0 0 0 0 0.72 0 0 0 0 0.28
  1 24 4 4 100 0 0 1 0 0 0 0 0 0 0 0
  1 25 4 2 100 0 0 0 0 0 0.352941176470588 0 0 0 0 0.647058823529412
  1 25 4 3 100 0 0 0 0 0 0.618881118881119 0 0 0 0 0.381118881118881
  1 25 4 4 100 0 0.213333333333333 0 0 0 0 0 0 0 0 0.786666666666667
  1 25 4 5 100 0 0.7 0 0 0 0 0 0 0 0 0.3
  1 26 4 4 100 0 0 0 0 0.0364372469635627 0.769230769230769 0 0 0 0 0.194331983805668
  1 27 4 2 100 0 0 0 0 1 0 0 0 0 0 0
  1 27 4 4 100 0.529411764705882 0.0588235294117647 0 0 0 0 0 0 0 0 0.411764705882353
  1 27 4 5 100 0 0 0 0 0 1 0 0 0 0 0
  1 28 4 3 100 0 0 0 0 0 0.905469032959073 0 0 0 0 0.0945309670409273
  1 30 4 4 100 0 0.715705765407555 0 0 0 0.214711729622266 0 0 0 0 0.0695825049701789
  1 32 4 2 100 0 0 0 0 0 1 0 0 0 0 0
  1 32 4 3 100 0 0.0753768844221105 0 0 0 0.160804020100503 0 0 0 0 0.763819095477387
  1 32 4 4 100 0 0 0 0 0 0 0.137931034482759 0 0 0 0.862068965517241
  1 33 4 2 100 0 0.128 0 0 0 0 0 0 0 0 0.872
  1 33 4 3 100 0 0 0 0 0.0354162357952163 0 0 0 0 0 0.964583764204784
  1 34 4 1 100 0 0 0 0 0.858525417555544 0.0629585306207399 0 0 0 0 0.0785160518237161
  1 34 4 2 100 0 0 0 0 1 0 0 0 0 0 0
  1 34 4 3 100 0 0 0 0 0 0.422821371698424 0 0 0 0 0.577178628301576
  1 34 4 4 100 0 0 0 0 0 0 0 0 0 0.156735557937876 0.843264442062124
  1 35 4 1 100 0 0 0 0 0 1 0 0 0 0 0
  1 35 4 2 100 0 0 0 0 0 0.711111111111111 0 0 0 0 0.288888888888889
  1 35 4 3 100 0 0 0 0 0 0.348434622467772 0 0 0 0 0.651565377532228
  1 35 4 4 100 0 0 0 0 0 0 0.545436514495389 0 0 0 0.454563485504611
  1 36 4 1 100 0 0 0 0.512589928057554 0 0.419064748201439 0 0 0 0 0.0683453237410071
  1 36 4 3 100 0 0 0 0 0.254372019077901 0 0 0 0 0 0.745627980922099
  1 36 4 4 100 0 0 0 0 0.445736434108527 0.267441860465116 0 0 0 0 0.286821705426357
  1 37 4 2 100 0 0 0 0 0.537428023032629 0.422264875239923 0 0 0 0 0.0403071017274472
  1 37 4 3 100 0 0 0 0 0.7536 0 0 0 0 0 0.2464
  1 37 4 4 100 0 0 0 0 0.941769185705917 0 0 0 0 0 0.0582308142940832
  1 38 4 1 100 0 0 0 0 0 0.418622351896486 0 0 0 0 0.581377648103514
  1 38 4 2 100 0 0 0 0 0 0.8 0 0 0 0 0.2
  1 38 4 3 100 0 0 0 0 0.752136752136752 0 0 0 0 0 0.247863247863248
  1 38 4 4 100 0 0 0 0 0.6 0 0 0 0 0 0.4
  1 39 4 1 100 0 0 0 0 0.994350282485876 0 0 0 0 0 0.00564971751412424
  1 39 4 2 100 0 0 0 0 0.36596469929025 0.0385225999252895 0 0 0 0 0.59551270078446
  1 39 4 3 100 0 0 0.386429682483611 0.206095830657926 0.14555518040216 0.0465355017633294 0 0 0 0 0.215383804692974
  1 39 4 4 100 0 0.6 0 0 0.2 0 0 0 0 0 0.2
  1 40 4 1 100 0 0 0 0 0 0.905598243688255 0 0 0 0 0.0944017563117453
  1 40 4 4 100 0 0 0 0 0.237247924080664 0 0 0 0 0 0.762752075919336
  1 41 4 2 100 0 0 0 0 0 0.567567567567568 0 0 0 0 0.432432432432432
  1 41 4 3 100 0 0 0 0 0.0583657587548638 0.0583657587548638 0 0 0 0 0.883268482490272
  1 41 4 4 100 0 0 0 0 0 0.571428571428572 0 0 0 0 0.428571428571428
  1 42 4 3 100 0 0 0 0 0 0.717761557177616 0 0 0 0 0.282238442822384
  1 42 4 4 100 0 0 0 0 0.0657786548265088 0.261470152935373 0 0 0 0 0.672751192238119
  2 5 4 4 100 0 0 0 0 0 1 0 0 0 0 0
  2 7 4 3 100 0.95 0 0 0 0 0 0 0 0 0 0.05
  2 9 4 4 100 0 0 0 0 0 0.5 0 0 0 0 0.5
  2 11 4 3 100 0 0 0 0 0 0 1 0 0 0 0
  2 17 4 3 100 0 0 0 0 0 1 0 0 0 0 0
  2 19 4 3 100 0 0 0 0 0 1 0 0 0 0 0
  2 20 4 5 100 0 0.5 0 0 0 0 0 0 0 0 0.5
  2 22 4 3 100 0 0 0 0 0 0 0 0 0 1 0
  2 22 4 4 100 0 0 0 0 0 0.539993199455956 0 0 0 0 0.460006800544044
  2 28 4 4 100 0 0 0 0 1 0 0 0 0 0 0
  2 29 4 3 100 0 0 0 0 0 0.777777777777778 0 0 0 0 0.222222222222222
  2 32 4 2 100 0 0 0 0 0 0.334883720930233 0 0 0 0 0.665116279069767
  2 33 4 5 100 0 0 0 0 1 0 0 0 0 0 0
  2 34 4 2 100 0 0.17741935483871 0 0 0 0 0 0 0 0 0.82258064516129
  2 34 4 5 100 0 0 0 0 0 1 0 0 0 0 0
  2 35 4 2 100 0 0.384615384615385 0 0 0 0.192307692307692 0 0 0 0 0.423076923076923
  2 35 4 3 100 0 0 0 0 0 1 0 0 0 0 0
  2 36 4 3 100 0 0.493589743589744 0 0 0 0.153846153846154 0 0 0 0 0.352564102564103
  2 37 4 3 100 0 0 0 0 0 0.437158469945355 0 0 0 0 0.562841530054645
  2 39 4 1 100 0 0 0.804681784930505 0 0 0 0 0 0 0 0.195318215069495
  2 39 4 2 100 0 0 0 0 0.14950843999258 0.172509738452977 0 0 0 0 0.677981821554443
  2 39 4 3 100 0 0 0 0 0.486742666837454 0.316382733444345 0 0 0 0 0.196874599718202
  2 39 4 4 100 0 0 0 0 0 1 0 0 0 0 0
  2 40 4 2 100 0 0 0.254957507082153 0 0.56657223796034 0 0 0 0 0 0.178470254957507
  2 40 4 3 100 0 0 0 0 0.127149877149877 0.158937346437346 0 0 0 0 0.713912776412776
  2 41 4 3 100 0 0 0 0 0.526315789473684 0.0171929824561404 0 0 0 0 0.456491228070176
  2 42 4 3 100 0 0 0 0 0 0.546875 0 0 0 0 0.453125
  1 8 6 2 100 0 0 0 0 0 0.240078148317666 0 0 0 0 0.759921851682334
  1 8 6 3 100 0 0 0 0 0 0.116529971459129 0 0 0 0 0.883470028540871
  1 9 6 4 100 0 0 0 0 0 0.956521739130435 0 0 0 0 0.0434782608695652
  1 10 6 4 100 0 1 0 0 0 0 0 0 0 0 0
  1 11 6 2 100 0 0 0 0 0 0.217563239689097 0 0 0 0 0.782436760310903
  1 11 6 3 100 0 0.297825401827923 0 0 0 0.0198550267885282 0 0 0 0 0.682319571383549
  1 12 6 2 100 0 0 0 0 0 0.330373434189656 0 0 0 0 0.669626565810344
  1 12 6 3 100 0 0.0970024813905197 0 0 0 0.0616827536763896 0 0 0 0 0.841314764933091
  1 13 6 2 100 0 0 0 0 0 0.281511460219787 0 0 0 0 0.718488539780213
  1 13 6 3 100 0 0.632348759953054 0 0 0 0.0492784526930049 0 0 0 0 0.318372787353941
  1 13 6 4 100 0 0.58584686774942 0 0 0 0 0 0 0 0 0.41415313225058
  1 14 6 1 100 0 0 0 0 0 0.250052476807213 0 0 0 0 0.749947523192787
  1 14 6 2 100 0 0 0 0 0 0.290773409709006 0 0 0 0 0.709226590290994
  1 14 6 3 100 0 0.368560413423374 0 0 0 0.100423426858158 0 0 0 0 0.531016159718468
  1 15 6 2 100 0 0.459716112583455 0 0 0 0.238371317635865 0 0 0 0 0.30191256978068
  1 15 6 3 100 0 0 0 0 0 0.355454588077923 0 0 0 0 0.644545411922077
  1 16 6 2 100 0 0 0 0 0 0.0778523033120237 0 0 0 0 0.922147696687976
  1 16 6 3 100 0 0 0 0 0 0.0130951941300657 0 0 0 0 0.986904805869934
  1 17 6 2 100 0 0 0 0 0 0.282586763732703 0 0 0 0 0.717413236267297
  1 17 6 3 100 0 0.191417116597689 0.182972243806615 0 0 0.179822903367761 0 0 0 0 0.445787736227935
  1 17 6 4 100 0 0 0.3 0 0 0 0 0 0 0 0.7
  1 18 6 2 100 0 0 0 0 0 0.0248657364096954 0 0 0 0 0.975134263590305
  1 18 6 3 100 0 0 0 0 0 0.00636347942525313 0 0 0 0 0.993636520574747
  1 19 6 3 100 0 0.578739297368726 0 0 0 0.0821436422071739 0 0 0 0 0.339117060424101
  1 19 6 4 100 0 0.882352941176471 0 0 0 0 0 0 0 0 0.117647058823529
  1 20 6 1 100 0 0 0 0 0 0.46742209631728 0 0 0 0 0.53257790368272
  1 20 6 2 100 0 0 0 0 0 0.138164586191086 0 0 0 0 0.861835413808914
  1 20 6 3 100 0 0.352381440153775 0 0 0 0.151524019266123 0 0 0 0 0.496094540580102
  1 20 6 4 100 0 0.793650793650794 0 0 0 0 0 0 0 0 0.206349206349206
  1 21 6 2 100 0 0 0 0 0 0.0290518145406483 0 0 0 0 0.970948185459352
  1 21 6 3 100 0 0.16154719060006 0.0592339698866888 0 0 0.0045037398591532 0 0 0 0 0.774715099654098
  1 21 6 4 100 0 0.436796823295831 0 0 0 0.00727994705493051 0 0 0 0 0.555923229649239
  1 22 6 2 100 0 0 0 0 0 0.0351293626117886 0 0 0 0 0.964870637388211
  1 22 6 3 100 0 0.401278079305214 0.229301759602979 0 0 0.00432546501069257 0 0 0 0 0.365094696081114
  1 23 6 3 100 0 0 0.223096580537866 0 0 0.0200786922484079 0 0 0 0 0.756824727213727
  1 23 6 4 100 0 0.113348426465958 0.428205166649175 0 0 0.113348426465958 0 0 0 0 0.345097980418909
  1 24 6 2 100 0 0 0 0 0 0.0662475613808861 0 0 0 0 0.933752438619114
  1 24 6 4 100 0 0.775907417148869 0.144660704892162 0 0 0 0 0 0 0 0.079431877958969
  1 25 6 3 100 0 0.845604540053703 0 0 0 0 0 0 0 0 0.154395459946297
  1 25 6 4 100 0 0 0 0 0 1 0 0 0 0 0
  1 26 6 2 100 0 0 0 0 0 0.158268801523481 0 0 0 0 0.841731198476519
  1 26 6 3 100 0 0 0.225563909774436 0 0 0 0 0 0 0 0.774436090225564
  1 27 6 3 100 0 0.272201429057503 0 0 0.204151071793127 0.238176250425315 0 0 0 0 0.285471248724056
  1 27 6 4 100 0 0.816993464052288 0 0 0 0 0 0 0 0 0.183006535947712
  1 27 6 5 100 0 1 0 0 0 0 0 0 0 0 0
  1 28 6 3 100 0 0.727432482426933 0 0 0 0 0 0 0 0 0.272567517573067
  1 29 6 2 100 0 0 0 0 0 0.126162916021151 0 0 0 0 0.873837083978849
  1 29 6 3 100 0 0 0 0 0 0.0703317841282734 0 0 0 0 0.929668215871727
  1 30 6 3 100 0 0 0 0 0 0.386932511872227 0 0 0 0 0.613067488127772
  1 31 6 2 100 0 0 0 0 0 0.000836557749669075 0 0 0 0 0.999163442250331
  1 32 6 1 100 0 0 0 0 0 0.574698187316856 0 0 0 0 0.425301812683144
  1 32 6 2 100 0 0 0 0 0 0.161405415356127 0 0 0 0 0.838594584643873
  1 32 6 3 100 0 0 0 0 0 0.498294017503988 0 0 0 0 0.501705982496012
  1 32 6 4 100 0 0.807407407407407 0 0 0 0 0 0 0 0 0.192592592592593
  1 32 6 5 100 0 1 0 0 0 0 0 0 0 0 0
  1 33 6 2 100 0 0 0 0 0.094313808676028 0 0 0 0 0 0.905686191323972
  1 33 6 3 100 0 0.161024322118998 0 0 0 0 0 0 0 0 0.838975677881002
  1 34 6 2 100 0 0 0 0 0 0.385320895449523 0 0 0 0 0.614679104550477
  1 34 6 3 100 0 0 0 0 0 0.260287353982661 0 0 0 0 0.739712646017339
  1 34 6 4 100 0 0.859106529209622 0 0 0 0 0 0 0 0 0.140893470790378
  1 35 6 1 100 0 0 0 0 0 0.704324531123682 0 0 0 0 0.295675468876318
  1 35 6 3 100 0 0 0.0978434670343412 0 0 0.131110245826017 0 0 0 0 0.771046287139642
  1 35 6 4 100 0 0 0 0 0 0.974025974025974 0 0 0 0 0.0259740259740259
  1 35 6 5 100 0 0 0 0 0 1 0 0 0 0 0
  1 36 6 1 100 0 0 0 0 0 0.0558743819542422 0 0 0 0 0.944125618045758
  1 36 6 2 100 0 0 0 0 0 0.177954120869717 0 0 0 0 0.822045879130283
  1 36 6 3 100 0 0 0 0 0 0.712367419255322 0 0 0 0 0.287632580744678
  1 36 6 4 100 0 0.941176470588235 0 0 0 0 0 0 0 0 0.0588235294117647
  1 37 6 3 100 0 0 0 0 0.309214594928881 0 0 0 0 0 0.690785405071119
  1 37 6 4 100 0 0 0 0 0 0.214285714285714 0 0 0 0 0.785714285714286
  1 39 6 1 100 0 0 0 0 0 0.0725504136743739 0 0 0 0 0.927449586325626
  1 39 6 3 100 0 0 0 0 0.0520235961995394 0.0312141577197236 0 0 0 0 0.916762246080737
  1 40 6 1 100 0 0 0 0 0 0.10601588150198 0 0 0 0 0.89398411849802
  1 40 6 2 100 0 0 0 0 0 0.502973344604784 0 0 0 0 0.497026655395216
  1 40 6 3 100 0 0 0 0 0 0.0226808936814283 0 0 0 0 0.977319106318572
  1 41 6 1 100 0 0 0 0 0 0.0713335203969643 0 0 0 0 0.928666479603036
  1 41 6 3 100 0 0 0 0 0 0.0483741031740766 0 0 0 0 0.951625896825923
  1 42 6 1 100 0 0 0 0 0 0.377579901742194 0 0 0 0 0.622420098257806
  1 42 6 2 100 0 0 0 0 0 0.131488285491371 0 0 0 0 0.868511714508629
  1 42 6 3 100 0 0 0 0 0 0.678926652701598 0 0 0 0 0.321073347298402
  2 9 6 3 100 0 0 0 0 0 0.563442369771043 0 0 0 0 0.436557630228957
  2 13 6 4 100 0 0 0 0 0 0.625 0 0 0 0 0.375
  2 14 6 3 100 0 0 0 0 0 0.322714206286302 0 0 0 0 0.677285793713698
  2 16 6 2 100 0 0 0 0 0 0.316092427283175 0 0 0 0 0.683907572716825
  2 18 6 3 100 0 0 0 0 0 0.738636363636364 0 0 0 0 0.261363636363636
  2 21 6 2 100 0 0 0 0 0 0.814972126360499 0 0 0 0 0.185027873639501
  2 22 6 3 100 0 0 0 0 0 0.38237594507691 0 0 0 0 0.61762405492309
  2 22 6 4 100 0 0 0 0 0 0.485175202156334 0 0 0 0 0.514824797843666
  2 23 6 2 100 0 0.549722260254013 0 0 0 0 0 0 0 0 0.450277739745987
  2 25 6 2 100 0 0.0899150379090944 0 0 0 0 0 0 0 0 0.910084962090906
  2 26 6 3 100 0 0 0 0 0 0.915254237288135 0 0 0 0 0.0847457627118645
  2 29 6 2 100 0 0.146199624739562 0 0 0 0 0 0 0 0 0.853800375260438
  2 30 6 3 100 0 0.932835820895522 0 0 0 0 0 0 0 0 0.0671641791044776
  2 31 6 3 100 0 0.90293453724605 0 0 0 0 0 0 0 0 0.0970654627539502
  2 32 6 2 100 0 0 0 0 0 0.0335394275819415 0 0 0 0 0.966460572418058
  2 33 6 3 100 0 0.505150672179264 0 0 0 0 0 0 0 0 0.494849327820736
  2 33 6 4 100 0 0 0 0 0 0.948717948717949 0 0 0 0 0.0512820512820513
  2 34 6 3 100 0 0 0.316856780735108 0 0 0.405576679340938 0 0 0 0 0.277566539923954
  2 34 6 4 100 0 0 0 0 0 0.56 0 0 0 0 0.44
  2 35 6 2 100 0 0.102442576487956 0 0 0 0 0 0 0 0 0.897557423512044
  2 35 6 3 100 0 0.503590047195063 0 0 0 0.246517978139181 0 0 0 0 0.249891974665756
  2 36 6 3 100 0 0.133527492445622 0 0 0 0.398357019129438 0 0 0 0 0.468115488424941
  2 36 6 4 100 0 0 0 0 0 0.166666666666667 0 0 0 0 0.833333333333333
  2 37 6 3 100 0 0 0 0 0.247351591742869 0 0 0 0 0 0.752648408257131
  2 37 6 4 100 0 0 0 0 0 0.5 0 0 0 0 0.5
  2 39 6 2 100 0 0 0 0 0.646551724137931 0 0 0 0 0 0.353448275862069
  2 39 6 3 100 0 0.39859693877551 0 0 0 0 0 0 0 0 0.60140306122449
  2 39 6 4 100 0 0.883977900552486 0 0 0 0 0 0 0 0 0.116022099447514
  2 40 6 3 100 0 0 0 0 0 0.563173359451518 0 0 0 0 0.436826640548482
  2 42 6 2 100 0 0 0 0 0 0.290791540772053 0 0 0 0 0.709208459227947
  2 42 6 4 100 0 0 0 0 0 0.5 0 0 0 0 0.5
  1 1 7 5 100 0 0 0 0 0 0.00249400482581162 0 0 0 0 0.997505995174188
  1 5 7 3 100 0 0 0 0 0 0.00401215546699184 0 0 0 0 0.995987844533008
  1 6 7 3 100 0 0 0 0 0 0.0458881370919747 0 0 0 0 0.954111862908025
  1 7 7 3 100 0 0 0 0 0 0.232333010648596 0 0 0 0 0.767666989351404
  1 8 7 1 100 0 0 0 0 0 0.0749018002764286 0 0 0 0 0.925098199723571
  1 8 7 2 100 0.0423596768338979 0 0 0 0 0.104653319236689 0 0 0 0 0.852987003929413
  1 8 7 3 100 0.0105263157894737 0 0 0 0 0 0 0 0 0 0.989473684210526
  1 9 7 3 100 0 0 0 0 0 0.606060606060606 0 0 0 0 0.393939393939394
  1 9 7 4 100 0 0 0 0 0 0.00839057435888619 0 0 0 0 0.991609425641114
  1 11 7 2 100 0 0 0 0 0 0.140730880958309 0 0 0 0 0.859269119041691
  1 11 7 3 100 0 0.00577204467946371 0 0 0 0.0346322680767822 0 0 0 0 0.959595687243754
  1 11 7 5 100 0 0 0 0 0 0.487106017191977 0 0 0 0 0.512893982808023
  1 13 7 2 100 0 0.00601580939366018 0 0 0 0.213587696968206 0 0 0 0 0.780396493638134
  1 13 7 3 100 0 0.374531835205992 0 0 0 0 0 0 0 0 0.625468164794008
  1 13 7 4 100 0 0.548141086749285 0 0 0 0 0 0 0 0 0.451858913250715
  1 13 7 5 100 0 0.240486878781914 0.0961947515127656 0 0 0 0 0 0 0 0.66331836970532
  1 14 7 3 100 0 0 0 0 0 0.182472477901806 0 0 0 0 0.817527522098194
  1 14 7 4 100 0 0.106959690415593 0 0 0 0 0 0 0 0 0.893040309584407
  1 15 7 3 100 0 0.235193996942872 0 0 0 0.0146094430616355 0 0 0 0 0.750196559995492
  1 15 7 4 100 0 0.751370427686165 0 0 0 0 0 0 0 0 0.248629572313835
  1 15 7 5 100 0 0.454789703365892 0 0 0 0 0 0 0 0 0.545210296634108
  1 16 7 4 100 0 0.884520884520884 0 0 0 0 0 0 0 0 0.115479115479116
  1 16 7 5 100 0 0.751215201060539 0 0 0 0 0 0 0 0 0.248784798939461
  1 17 7 2 100 0 0 0 0 0 0.0280606279628409 0 0 0 0 0.971939372037159
  1 17 7 3 100 0 0.0156919142878144 0 0 0 0.0376605942907545 0 0 0 0.0156919142878144 0.930955577133617
  1 17 7 4 100 0 0 0 0 0 0.0321751106019427 0 0 0 0 0.967824889398057
  1 18 7 4 100 0 0.441113377905715 0 0 0 0 0 0 0 0 0.558886622094285
  1 19 7 1 100 0 0.54140127388535 0 0 0 0 0 0 0 0 0.45859872611465
  1 19 7 4 100 0 0.190062449090415 0 0 0 0.00543035568829759 0 0 0 0 0.804507195221287
  1 20 7 1 100 0 0 0.403475935828877 0 0 0 0 0 0 0 0.596524064171123
  1 20 7 3 100 0 0.0559290237188108 0 0 0 0 0 0 0 0 0.944070976281189
  1 21 7 3 100 0 0.14265619866316 0 0 0 0 0 0 0 0 0.85734380133684
  1 21 7 4 100 0 0.530625354064389 0 0 0 0.0568527165068988 0 0 0 0 0.412521929428712
  1 22 7 2 100 0 0 0.181427970092657 0 0 0 0 0 0 0 0.818572029907343
  1 23 7 3 100 0 0.333546121927865 0 0 0 0 0 0 0 0 0.666453878072135
  1 24 7 4 100 0 0 0 0 0 0 0.062849439302186 0 0 0 0.937150560697814
  1 25 7 3 100 0 0 0.0344951591560557 0 0 0 0 0 0 0 0.965504840843944
  1 25 7 5 100 0 1 0 0 0 0 0 0 0 0 0
  1 26 7 3 100 0 0.00911098840419658 0 0 0 0.00506166022455365 0 0 0 0 0.98582735137125
  1 26 7 4 100 0 0.0636942675159236 0 0 0 0 0 0 0 0 0.936305732484076
  1 27 7 2 100 0 0.553038587720669 0 0 0 0 0 0 0 0 0.446961412279331
  1 27 7 4 100 0 0.598864041721305 0 0 0 0 0 0 0 0 0.401135958278695
  1 28 7 2 100 0 0 0.416462783563087 0 0 0 0 0 0 0 0.583537216436913
  1 28 7 3 100 0 0.21914308359632 0.267835760203392 0 0 0 0 0 0 0 0.513021156200288
  1 28 7 4 100 0 0.125305939160411 0 0 0 0.0415400765873992 0 0 0 0 0.83315398425219
  1 29 7 3 100 0 0 0 0 0 0.0040605250655392 0 0 0 0 0.995939474934461
  1 29 7 4 100 0 0.0703988693418397 0 0.0696252553930282 0 0 0 0 0 0 0.859975875265132
  1 31 7 4 100 0 0.474782706735326 0 0 0 0.110602789637207 0 0 0 0 0.414614503627468
  1 31 7 5 100 0 0.356819441253193 0 0 0 0 0 0 0 0 0.643180558746807
  1 32 7 4 100 0 0 0 0 0 0.00696349440810298 0 0 0 0 0.993036505591897
  1 32 7 5 100 0 0 0 0 0 0.158730158730159 0 0 0 0 0.841269841269841
  1 34 7 2 100 0 0 0 0 0 0.0641580838040144 0 0 0 0 0.935841916195986
  1 34 7 3 100 0 0.0897424370019215 0.0598282913346143 0.0104699509835575 0 0.00224356092504804 0 0 0 0 0.837715759754859
  1 34 7 4 100 0 0 0 0 0.499267935578331 0.0248901903367496 0 0 0 0 0.475841874084919
  1 35 7 3 100 0 0 0 0 0 0.0107106157455832 0 0 0 0 0.989289384254417
  1 35 7 4 100 0 0 0 0 0.128424657534247 0.0556506849315068 0 0 0 0 0.815924657534247
  1 36 7 1 100 0 0 0 0 0.48415940584908 0 0 0 0 0 0.51584059415092
  1 36 7 3 100 0 0 0 0 0.189823596798751 0 0 0 0 0 0.810176403201249
  1 36 7 4 100 0 0 0 0 0.1 0.72 0 0 0 0 0.18
  1 37 7 1 100 0 0 0 0.0731639910739278 0 0.0292655964295711 0 0 0 0 0.897570412496501
  1 37 7 2 100 0 0 0 0 0 0.0138908704560977 0 0 0 0 0.986109129543902
  1 37 7 3 100 0 0 0 0 0.172985793032109 0.0153765149361875 0 0 0 0 0.811637692031704
  1 39 7 1 100 0 0 0 0 0 0.105520699595456 0 0 0 0 0.894479300404544
  1 39 7 2 100 0 0 0 0 0 0.000569222799689544 0 0 0 0 0.99943077720031
  1 40 7 3 100 0 0 0.364372469635628 0 0 0.316378358483622 0 0 0 0 0.319249171880751
  1 40 7 5 100 0 0 0.75 0 0 0 0 0 0 0 0.25
  1 41 7 3 100 0 0 0 0 0 0.0567286479672234 0 0 0 0 0.943271352032777
  1 42 7 2 100 0 0 0 0 0 0.0309075583028941 0 0 0 0 0.969092441697106
  1 42 7 3 100 0 0 0 0 0 0.157761891500372 0 0 0 0 0.842238108499628
  1 42 7 4 100 0 0.179640718562874 0 0 0 0 0 0 0 0 0.820359281437126
  2 1 7 5 100 0 0 0 0 0 0.767387073645396 0 0 0 0 0.232612926354604
  2 5 7 2 100 0 0 0 0 0 0.388591763899825 0 0 0 0 0.611408236100175
  2 6 7 3 100 0 0 0.143776197619778 0 0 0 0 0 0 0 0.856223802380222
  2 6 7 4 100 0 0 0.0560438866743342 0 0 0.0440344823869769 0 0 0 0 0.899921630938689
  2 8 7 2 100 0 0 0 0 0 0.00854321588542705 0 0 0 0 0.991456784114573
  2 8 7 3 100 0 0 0.114956810574509 0 0 0 0 0 0 0 0.885043189425491
  2 8 7 4 100 0 0 0.107567012177822 0 0 0 0 0 0 0 0.892432987822178
  2 9 7 5 100 0 0 0 0 0 0.103445473185747 0.0172409121976245 0 0 0 0.879313614616628
  2 10 7 5 100 0 0 0 0 0 0.200799195321052 0 0.0100399597660526 0 0 0.789160844912895
  2 11 7 2 100 0 0 0 0 0 0.239399097183217 0 0 0 0 0.760600902816783
  2 13 7 5 100 0 0 0 0 0 0 0 0 0 0.851254480286738 0.148745519713262
  2 14 7 4 100 0 0 0 0 0 0.0324490075266405 0 0 0 0 0.967550992473359
  2 14 7 5 100 0.0516181296410481 0 0 0 0 0 0 0 0 0.154854388923144 0.793527481435808
  2 15 7 4 100 0 0.0215903888577703 0 0 0 0 0 0 0 0 0.97840961114223
  2 16 7 3 100 0 0.0717991308204987 0 0 0 0.0692798630724111 0 0 0 0 0.85892100610709
  2 17 7 2 100 0 0.0642600132064733 0 0 0 0 0 0 0 0 0.935739986793527
  2 18 7 3 100 0 0.0387693011333119 0 0 0 0 0 0 0 0 0.961230698866688
  2 18 7 4 100 0 0 0 0 0 0 0 0.0456997440924799 0 0 0.95430025590752
  2 19 7 3 100 0 0.13115361663728 0 0 0 0 0 0 0 0 0.86884638336272
  2 19 7 4 100 0 0.145196182090822 0 0 0 0 0 0 0 0.106719193836754 0.748084624072423
  2 21 7 3 100 0 0.164181107637744 0 0 0 0 0 0 0 0 0.835818892362256
  2 21 7 4 100 0 0 0 0 0 0 0 0 0 0.146298142978331 0.853701857021669
  2 22 7 4 100 0 0.309591477462483 0 0 0 0 0 0 0 0 0.690408522537517
  2 23 7 4 100 0 0.190972503874621 0.0763890015498484 0 0 0 0 0 0 0 0.732638494575531
  2 24 7 3 100 0 0.376132672251667 0.520764640272248 0 0 0 0 0 0 0 0.103102687476085
  2 24 7 4 100 0 0.233053845988892 0.0735959513649133 0 0 0 0 0 0 0.0962408594771943 0.597109343169
  2 25 7 4 100 0 0.27120315581854 0 0 0 0 0 0 0 0 0.72879684418146
  2 25 7 5 100 0 0 0.8 0 0 0 0 0 0 0 0.2
  2 26 7 4 100 0 0 0 0 0 0 0 0 0 0.0905681404315117 0.909431859568488
  2 27 7 3 100 0 0 0 0 0 0.388888888888889 0 0 0 0 0.611111111111111
  2 27 7 4 100 0 0.251567532541785 0 0 0 0 0 0 0 0 0.748432467458215
  2 30 7 4 100 0 0.259511243932939 0 0 0 0 0 0 0 0.013988681884657 0.726500074182404
  2 31 7 4 100 0 0 0 0 0 0.0974658869395712 0 0 0 0 0.902534113060429
  2 33 7 4 100 0 0.416666666666667 0 0 0 0 0 0 0 0 0.583333333333333
  2 34 7 3 100 0 1 0 0 0 0 0 0 0 0 0
  2 35 7 3 100 0 0.673316708229426 0 0 0 0.187032418952618 0 0 0 0 0.139650872817955
  2 35 7 4 100 0 0.724137931034483 0 0 0 0 0 0 0 0 0.275862068965517
  2 36 7 2 100 0 0.605326876513317 0 0 0 0 0 0 0 0 0.394673123486683
  2 36 7 3 100 0 0.798722044728435 0 0 0 0 0 0 0 0 0.201277955271565
  2 37 7 3 100 0 0.518739463104656 0 0 0.186746206717676 0 0 0 0 0 0.294514330177668
  2 37 7 4 100 0 0 0 0 0.216425832617544 0 0 0 0 0 0.783574167382456
  2 42 7 3 100 0 0 0.621359223300971 0 0 0 0 0 0 0 0.378640776699029
  2 42 7 4 100 0 0 1 0 0 0 0 0 0 0 0
  1 3 9 2 100 0.0196648560103741 0 0 0 0 0 0 0 0 0.00163873800086451 0.978696405988761
  1 8 9 5 100 0 0 0 0 0 1 0 0 0 0 0
  1 9 9 5 100 0 0 0 0 0 0.0067778229632642 0 0 0 0 0.993222177036736
  1 13 9 5 100 0 0 0 0 0 0.0206255358672766 0 0 0 0 0.979374464132723
  1 14 9 2 100 0 0 0 0 0 0.00108895734428909 0 0 0 0 0.998911042655711
  1 14 9 3 100 0 0 0 0 0 0.00499394574078443 0 0 0 0 0.995006054259216
  1 14 9 4 100 0 0 0 0 0 0.00216001325859446 0 0 0 0 0.997839986741406
  1 14 9 5 100 0 0.112800032909766 0 0 0 0 0 0 0 0 0.887199967090234
  1 15 9 3 100 0 0.370207719250639 0 0 0 0.0231379824531649 0 0 0 0 0.606654298296196
  1 15 9 4 100 0 0.124606681243642 0 0 0 0.0249213362487283 0 0 0 0 0.85047198250763
  1 15 9 5 100 0 0 0.144778879481735 0 0 0.180973599352169 0 0 0 0 0.674247521166096
  1 16 9 1 100 0 0 0 0 0 0.0013762372470391 0 0 0 0 0.998623762752961
  1 16 9 4 100 0 0 0 0 0 0.383363039819969 0 0 0 0 0.616636960180031
  1 16 9 5 100 0 0 0 0 0 0.107272376347254 0 0 0 0 0.892727623652746
  1 17 9 2 100 0 0 0 0 0 0 0 0 0 0.00749721372262223 0.992502786277378
  1 17 9 5 100 0 0 0 0 0 0.177130681496319 0 0 0 0 0.822869318503681
  1 18 9 2 100 0 0 0 0 0 0.0865096261820283 0 0 0 0 0.913490373817972
  1 19 9 4 100 0 0.0654755150752086 0 0 0 0 0 0 0 0 0.934524484924791
  1 21 9 5 100 0 0 0 0 0 0.0516121099884566 0 0 0 0 0.948387890011543
  1 22 9 4 100 0 0 0 0 0 0.115108496452472 0 0 0 0 0.884891503547528
  1 22 9 5 100 0 0.280373831775701 0 0 0 0 0 0 0 0 0.719626168224299
  1 23 9 3 100 0 0 0 0 0 0.00656234925391853 0 0 0 0 0.993437650746081
  1 23 9 4 100 0 0.206682015127064 0 0 0 0 0 0 0 0 0.793317984872936
  1 23 9 5 100 0 0.238041536771455 0 0 0 0.152172671908693 0 0 0 0 0.609785791319852
  1 25 9 4 100 0 0.375526461406011 0 0 0 0 0 0 0 0 0.624473538593989
  1 25 9 5 100 0 0.369079531533202 0 0 0 0 0 0 0 0 0.630920468466798
  1 26 9 3 100 0 0 0 0 0.191212717394809 0 0 0 0 0 0.808787282605191
  1 26 9 4 100 0 0 0 0 0 0.030831195755484 0 0 0 0 0.969168804244516
  1 27 9 4 100 0 0.156026752846869 0 0 0 0 0 0 0 0 0.843973247153131
  1 31 9 5 100 0 0.373219700732265 0 0 0 0 0 0 0 0 0.626780299267735
  1 32 9 4 100 0 0.41977938261336 0 0 0 0 0 0 0 0 0.58022061738664
  1 33 9 4 100 0 0 0 0 0.414961985641432 0.172392295505448 0 0 0 0 0.41264571885312
  1 33 9 5 100 0 0 0 0 0.0554635694069476 0.249586062331264 0 0 0 0 0.694950368261788
  1 34 9 2 100 0 0 0 0 0 0.0749958160252448 0 0 0 0 0.925004183974755
  1 34 9 5 100 0 0 0 0 0 0.2375 0 0 0 0 0.7625
  1 35 9 1 100 0 0 0 0 0 0.138095130743131 0 0 0 0 0.861904869256869
  1 35 9 4 100 0 0.221372509559267 0 0 0 0 0 0 0 0 0.778627490440733
  1 35 9 5 100 0 0 0 0 0 0.228180262407302 0 0 0 0 0.771819737592698
  1 36 9 2 100 0 0 0 0 0 0.0378402080166901 0 0 0 0 0.96215979198331
  1 36 9 4 100 0 0 0.182977888299985 0 0 0 0 0 0 0 0.817022111700015
  1 36 9 5 100 0 0 0 0 1 0 0 0 0 0 0
  1 37 9 2 100 0 0 0 0 0 0.00558181263271749 0 0 0 0 0.994418187367282
  1 37 9 4 100 0 0 0 0 0.675078554595444 0 0 0 0 0 0.324921445404556
  1 37 9 5 100 0 0 0 0 0 0.0740740740740741 0 0 0 0 0.925925925925926
  1 39 9 4 100 0 0 0 0 0.333758602276909 0 0 0 0 0 0.666241397723091
  1 39 9 5 100 0 0 0 0 0.769230769230769 0 0 0 0 0 0.230769230769231
  1 40 9 4 100 0 0 0 0 0.711171756652058 0 0 0 0 0 0.288828243347942
  1 41 9 2 100 0 0 0 0 0 0.236035422343324 0 0 0 0 0.763964577656676
  1 41 9 4 100 0 0 0 0 0.149025778824531 0.10289875204551 0 0 0 0 0.748075469129959
  1 41 9 5 100 0 0 0 0 0 0.630630630630631 0 0 0 0 0.369369369369369
  1 42 9 2 100 0 0.134909568064523 0 0 0 0.0539638272258092 0 0 0 0 0.811126604709668
  1 42 9 4 100 0 0 0 0 0 0.0993244165241306 0 0 0 0 0.900675583475869
  1 42 9 5 100 0 0 0 0 0 0.0720720720720721 0 0 0 0 0.927927927927928
  2 13 9 5 100 0 0.165683686830218 0 0 0 0 0 0 0 0 0.834316313169782
  2 14 9 3 100 0 0 0 0 0 0.0841211517521057 0 0 0 0 0.915878848247894
  2 15 9 1 100 0 0 0 0 0 0.209995728350265 0 0 0 0 0.790004271649735
  2 16 9 2 100 0 0.00134122942228178 0 0 0 0 0 0 0 0 0.998658770577718
  2 22 9 5 100 0 0 0.426503532655523 0 0 0 0 0 0 0 0.573496467344477
  2 23 9 3 100 0 0.06264193021877 0.18792579065631 0 0 0 0 0 0 0 0.74943227912492
  2 23 9 4 100 0 0.211922685825385 0.0741729400388847 0 0 0 0 0 0 0 0.71390437413573
  2 24 9 4 100 0 0.268306316377865 0 0 0 0 0 0 0 0 0.731693683622135
  2 33 9 3 100 0 0.429098652288541 0 0 0 0 0 0 0 0 0.570901347711459
  2 35 9 3 100 0 0 0.296173357376995 0 0 0 0 0 0 0 0.703826642623005
  2 35 9 5 100 0 0 0 0 0.17893261723469 0.265085358866208 0 0 0 0 0.555982023899102
  2 36 9 2 100 0 0.36894240676302 0 0 0 0 0 0 0 0 0.63105759323698
  2 36 9 3 100 0 0.491909239175366 0 0 0 0 0 0 0 0 0.508090760824634
  2 36 9 4 100 0 0 0 0 0 0.32424430919179 0 0 0 0 0.67575569080821
  2 36 9 5 100 0 0 0 0 0 0.515463917525773 0 0 0 0 0.484536082474227
  2 37 9 4 100 0 0 0 0 0.427525622254758 0 0 0 0 0 0.572474377745242
  2 38 9 3 100 0 0 0.273822562979189 0 0 0 0 0 0 0 0.726177437020811
  2 38 9 4 100 0 0 0 0 0.511811023622047 0.0984251968503937 0 0 0 0 0.389763779527559
  2 38 9 5 100 0 0 0 0 0 0.529440870856012 0 0 0 0 0.470559129143988
  2 42 9 5 100 0 0 0.464513949494665 0 0 0 0 0 0 0 0.535486050505335
# end survey diet proportion observations 
#  
