# This file was created using create_datpin_files.R function write_tsDatFile
      #and used all inputs from csv files found in folder:
      #hydradata/data-raw
# Survey index data 
# Number of observations, init_int Nsurvey_obs
  1030
# init_matrix obs_survey_biomass(1,Nsurvey_obs,1,5)
# survey year spp value cv
  1 1 7 15860.0962464266 0.398006743250428
  2 1 7 582.741915094636 0.336381549721884
  1 2 7 8840.60042328184 0.423031540310087
  2 2 7 2679.66176629198 0.427181291873738
  1 3 7 19066.4047053015 0.312846325599055
  2 3 7 35980.0085091251 0.921330608626918
  1 4 7 13380.1347878302 0.509293527849453
  2 4 7 1783.72892918673 0.256700819887441
  1 5 7 30354.4202835986 0.454433826222346
  2 5 7 13677.3635503952 0.348492498672165
  1 6 7 102462.485161739 0.477129057625943
  2 6 7 23141.8122138066 0.347399945148496
  1 7 7 13063.5669457326 0.588154275605873
  2 7 7 26092.2498488631 0.337472166654487
  1 8 7 53010.5164602626 0.376001261429037
  2 8 7 32428.9675339846 0.38014204794532
  1 9 7 56537.5281037649 0.279568520131853
  2 9 7 58396.4116006276 0.427366030691537
  1 10 7 22155.9923924981 0.223430096705578
  2 10 7 6205.33971753507 0.248773075316019
  1 11 7 89247.1185440485 0.212720515437525
  2 11 7 9995.14704257557 0.25363203301826
  1 12 7 111134.584707912 0.222168779300385
  2 12 7 11753.7404041336 0.187773345626693
  1 13 7 30623.6535432931 0.394113240257454
  2 13 7 50308.6996081401 0.423618201694685
  1 14 7 138845.649606292 0.310035034727007
  2 14 7 157535.719676421 0.327069686277164
  1 15 7 67295.7069708245 0.378629084128514
  2 15 7 25320.0321498057 0.391316523019912
  1 16 7 228706.203712658 0.494427832556011
  2 16 7 25772.3227944115 0.376280830351703
  1 17 7 162479.022955553 0.759062286891916
  2 17 7 28108.9661832863 0.665352569827422
  1 18 7 176197.595310639 0.383150869515862
  2 18 7 50443.7609690004 0.433685089735353
  1 19 7 167405.038122172 0.48934963094834
  2 19 7 58373.2972773368 0.392371299771634
  1 20 7 142219.509814725 0.382452035825211
  2 20 7 95540.9473613959 0.333798529002863
  1 21 7 140316.00665903 0.566792532611316
  2 21 7 141665.185286119 0.868042030585988
  1 22 7 73534.8702842718 0.381518572031255
  2 22 7 28103.977588114 0.445144789260538
  1 23 7 325835.394391031 0.438380584739347
  2 23 7 332752.009623757 0.947226139495183
  1 24 7 160546.428613499 0.482345652338289
  2 24 7 69665.2066534316 0.377075764230608
  1 25 7 356504.711580177 0.420835086749712
  2 25 7 94275.9809585205 0.614716212748607
  1 26 7 142314.492397869 0.515165860253858
  2 26 7 131338.500899175 0.704031323768783
  1 27 7 55559.0898928084 0.559532625975744
  2 27 7 59570.343507244 0.319774204956139
  1 28 7 95967.9017595028 0.479008946214672
  2 28 7 52551.8978841428 0.41351869139049
  1 29 7 103830.299998693 0.429419179801904
  2 29 7 86399.3072566897 0.387615780132326
  1 30 7 130608.596037117 0.477074256852948
  2 30 7 95588.5241927834 0.315868813200741
  1 31 7 344527.484984134 0.410621521476155
  2 31 7 106123.846677794 0.630050999524052
  1 32 7 151939.013281378 0.294672690077384
  2 32 7 87016.7181115442 0.335469505128288
  1 33 7 80397.501997021 0.477447511398437
  2 33 7 12762.3378619233 0.407625761955908
  1 34 7 259418.839097941 0.384568504019134
  2 34 7 7953.11490178497 0.43049173366256
  1 35 7 127568.447497014 0.333261603198005
  2 35 7 126597.562113206 0.843960441627036
  1 36 7 165479.195767379 0.685474246042822
  2 36 7 25036.6737635146 0.429620783824035
  1 37 7 118164.387969953 0.286882992344226
  2 37 7 5456.86368593668 0.81343687860715
  1 38 7 500351.971056598 0.371822434434906
  2 38 7 15257.4249545669 0.53327636373572
  1 39 7 265122.951092755 0.592639130460935
  2 39 7 15651.6250150368 0.590339711107796
  1 40 7 210241.829342584 0.374062101432949
  2 40 7 4942.25388294298 0.701775131617819
  1 41 7 235384.502561004 0.304499664309564
  2 41 7 1121.73881210345 0.210828956182955
  1 42 7 115137.251336203 0.233962995093855
  2 42 7 1435.20564555612 0.329779252894958
  1 43 7 170784.216719193 0.270006842918168
  2 43 7 859.096280564145 0.460124990024536
  1 44 7 128129.745302278 0.350007507053818
  2 44 7 6538.74950438044 0.837656243552001
  1 45 7 778185.884181539 0.34274593698132
  2 45 7 1785.85003907818 0.291986952078346
  1 46 7 339907.802016813 0.261906583866089
  2 46 7 1600.77546903312 0.425399553458769
  1 47 7 173454.512434939 0.417429035160016
  2 47 7 128723.56068924 0.287702894520317
  1 48 7 153832.634420754 0.441211421515246
  2 48 7 2123.51171333678 0.866971810340233
  1 49 7 182687.977090179 0.495234601454268
  2 49 7 130235.324712589 0.556663444153977
  1 50 7 105777.312044068 0.237858203733512
  2 50 7 282.74567698493 0.295404104464232
  1 51 7 172195.371940695 0.327346172729995
  2 51 7 46056.3777245781 0.994030515469621
  1 52 7 339645.544605645 0.368315456462939
  2 52 7 322.441388400242 0.461505384764764
  1 1 9 9320.98356035714 0.180214810216744
  2 1 9 11331.2777909402 0.255814205780037
  1 2 9 8288.45992977987 0.206567113778341
  2 2 9 25136.8832251272 0.199351460951438
  1 3 9 14753.0387023733 0.236785086816489
  2 3 9 15910.9632528239 0.322503754489965
  1 4 9 6209.38413329102 0.260838536110752
  2 4 9 20556.8222966217 0.215734371990909
  1 5 9 15857.996554843 0.193369492945833
  2 5 9 21173.3262433052 0.223312429636212
  1 6 9 28869.7606577431 0.202285018038182
  2 6 9 15625.5727577588 0.191126137345296
  1 7 9 11032.3246197472 0.175096079898041
  2 7 9 12158.5346241061 0.186859490921581
  1 8 9 8588.44038326448 0.277263524450818
  2 8 9 9261.89650133744 0.186332139736047
  1 9 9 15844.2901778397 0.38739086166985
  2 9 9 11840.1012346029 0.267401869967672
  1 10 9 22924.9529653173 0.169679957837347
  2 10 9 16819.1313499566 0.269525588828463
  1 11 9 31637.0496632039 0.151455465231613
  2 11 9 46702.2426289995 0.608857030524844
  1 12 9 45641.1172977701 0.194025128027319
  2 12 9 10625.1235835104 0.209224466280901
  1 13 9 38217.5535913094 0.192597423441899
  2 13 9 16274.7407258102 0.223179102338954
  1 14 9 47291.243535829 0.24323345484368
  2 14 9 19615.0336629068 0.216468880082641
  1 15 9 60577.0684658198 0.242425409027967
  2 15 9 34088.6538072909 0.167457398131888
  1 16 9 99723.6429226287 0.268675656884033
  2 16 9 91075.7798519486 0.20330059779376
  1 17 9 98202.9489909923 0.196228277363285
  2 17 9 60072.113140614 0.198130412273185
  1 18 9 59587.7618766637 0.24004692412856
  2 18 9 108762.338056693 0.203948973274238
  1 19 9 90245.3800145772 0.307374127376939
  2 19 9 59821.3646869886 0.160257038672619
  1 20 9 72134.0030076487 0.158928722064625
  2 20 9 76344.3108767854 0.197322162219524
  1 21 9 48805.1449160049 0.209025597619183
  2 21 9 101543.934939199 0.187797177382902
  1 22 9 40174.4851999737 0.203077655979132
  2 22 9 57578.6459640832 0.210025739334857
  1 23 9 69912.981284012 0.238934272627024
  2 23 9 47905.5716884567 0.19790402667063
  1 24 9 35352.8287874794 0.171026119399881
  2 24 9 47293.1082538974 0.254921461455385
  1 25 9 26166.6773506468 0.179364365238368
  2 25 9 40734.3877238693 0.232519412860032
  1 26 9 13843.8739079854 0.210244228568226
  2 26 9 24132.9863351114 0.168595443147695
  1 27 9 13343.9309390123 0.170031592700112
  2 27 9 7008.96885198928 0.200954562062425
  1 28 9 14960.01072983 0.193899133648252
  2 28 9 10174.9322466656 0.211651946225868
  1 29 9 13974.5239218275 0.187538593821919
  2 29 9 21892.8311815977 0.255011166995516
  1 30 9 15990.3075637733 0.247819650551941
  2 30 9 9981.80280130536 0.296473565029388
  1 31 9 31392.2696905458 0.223350929133537
  2 31 9 7936.87309354017 0.343859246151185
  1 32 9 45586.1977653508 0.31577438886296
  2 32 9 14675.4046038012 0.374547789844126
  1 33 9 43563.6721169484 0.255676794033008
  2 33 9 17645.579813786 0.296475621294422
  1 34 9 34795.2621769512 0.218681732051081
  2 34 9 15611.1809866011 0.333113686961304
  1 35 9 71894.9526669284 0.250062103391272
  2 35 9 8733.11891567188 0.26727423098408
  1 36 9 24281.3055477412 0.187227046866282
  2 36 9 9513.63083379949 0.360007266538769
  1 37 9 41131.1023657418 0.199043344461057
  2 37 9 7431.67484820234 0.230768025002651
  1 38 9 20690.5871758552 0.188480512640641
  2 38 9 5751.48553136518 0.30647754560056
  1 39 9 21493.1225370016 0.235358154763385
  2 39 9 9090.68344762643 0.30844290831553
  1 40 9 23799.1563874652 0.262549839315709
  2 40 9 21332.3585661268 0.619799566237032
  1 41 9 64393.3996641054 0.255413075600386
  2 41 9 15362.1081175873 0.410015896359536
  1 42 9 55571.2016149149 0.237437089975973
  2 42 9 26399.9869118317 0.251840565749012
  1 43 9 42163.2358868137 0.17314512758374
  2 43 9 8596.79468993506 0.265564054084483
  1 44 9 35904.8949951036 0.261674582034448
  2 44 9 18860.2891942521 0.278786765149086
  1 45 9 25413.9778206275 0.178342474685171
  2 45 9 16276.3165331206 0.22878225695429
  1 46 9 15586.734663437 0.161615623260197
  2 46 9 8273.83356896065 0.234262915890891
  1 47 9 38968.5733141979 0.584716058055215
  2 47 9 8625.12010065454 0.231360777378904
  1 48 9 35312.2552812851 0.182474012404665
  2 48 9 12078.5924782719 0.148335019588378
  1 49 9 45746.0866475161 0.185797139191474
  2 49 9 10441.3589748996 0.233973080411629
  1 50 9 44660.9504560255 0.170487085116875
  2 50 9 24181.2195147724 0.198266501217541
  1 51 9 39020.3383160581 0.193030233430065
  2 51 9 23452.9322789369 0.179523556716689
  1 52 9 57565.9657081482 0.256489608700532
  2 52 9 23003.6214766459 0.192375685928691
  1 1 2 173.78546770499 0.301518592359512
  2 1 2 20.8122112533798 1
  1 2 2 253.659942284783 0.321452575093164
  2 2 2 10.0966909053955 1
  1 3 2 44.1147725712667 0.488140604744166
  2 3 2 670.544543083254 0.489107723332368
  1 4 2 409.925650759059 0.625866728630715
  2 4 2 29.5179728234211 1
  1 5 2 194.730507282867 0.613210325662762
  2 5 2 174.999410310282 0.579022747065839
  1 6 2 10.6994784221356 1
  2 6 2 1456.40911210167 0.596350645700673
  1 7 2 39.4795247286336 0.778771631083934
  2 7 2 2503.67795077972 0.57034007222766
  1 8 2 11.0286931428167 1
  2 8 2 634.316957123213 0.723654092610937
  1 9 2 11.562339585211 1
  2 9 2 605.598908584964 0.457254987684488
  1 10 2 1.68307447527333 0.703210846407743
  2 10 2 82.5480971598702 0.395208894532365
  1 11 2 95.1996792087935 0.601375663623589
  2 11 2 915.539083612967 0.565196579518992
  2 12 2 1225.03548503594 0.686052062200317
  2 13 2 1004.45444664841 0.378997614818957
  1 14 2 4.3011903256985 1
  2 14 2 1192.06224820756 0.459316778181236
  1 15 2 47.0442691873274 0.611089023955187
  2 15 2 74.1955331182991 0.780615956536472
  1 16 2 12.1160290864746 0.702037850017464
  2 16 2 28.6746021713233 0.461790555986525
  1 17 2 120.51644390846 0.948289691951521
  2 17 2 575.456057273818 0.685175011742778
  1 18 2 33.4806270422916 0.544380631361087
  2 18 2 674.067140594541 0.424096495665332
  1 19 2 383.074763382523 0.5393131982084
  2 19 2 1019.99656295136 0.454629127333952
  1 20 2 2196.21384812181 0.88095039530815
  2 20 2 227.94289388021 0.419344308350161
  1 21 2 8495.45840601241 0.799987970388403
  2 21 2 221.384796175658 0.839124360078806
  1 22 2 556.243167351102 0.774991903603438
  2 22 2 123.390397468476 0.424721667998453
  1 23 2 1744.07455287715 0.863215133786584
  2 23 2 360.126935451665 0.387073469025502
  1 24 2 125.065380239541 0.704083892007286
  2 24 2 767.175947183678 0.312793018147624
  1 25 2 7647.29582522908 0.457459057188701
  2 25 2 2801.64965477192 0.459652287866146
  1 26 2 6350.97634028919 0.853197309912465
  2 26 2 10124.3403051057 0.628928805514438
  1 27 2 3174.68809753937 0.61116783920211
  2 27 2 3540.82052343361 0.3895964128798
  1 28 2 10663.1001955003 0.416775375911518
  2 28 2 3213.37605284989 0.495180348393774
  1 29 2 9605.99172739332 0.69077510766454
  2 29 2 2544.30200218567 0.347120352110889
  1 30 2 10369.2421675418 0.793751288508348
  2 30 2 3968.82561871271 0.526946514998015
  1 31 2 3087.86947262833 0.339376634127756
  2 31 2 6396.14820075265 0.609998621037514
  1 32 2 2223.35161611977 0.601950919776798
  2 32 2 5332.62004559237 0.389299707202565
  1 33 2 4976.78133140165 0.658556209578282
  2 33 2 6447.5056971789 0.288585466763824
  1 34 2 1957.2180572831 0.637453135075156
  2 34 2 5742.43146811701 0.480513100150493
  1 35 2 188.974187891759 0.510473149998029
  2 35 2 3117.80293530775 0.338488147626423
  1 36 2 4562.41160684256 0.548437091427541
  2 36 2 312.02044332396 0.345955330423839
  1 37 2 2312.96509764437 0.492912195981742
  2 37 2 1157.75878585064 0.33164245084141
  1 38 2 2539.6281982781 0.747597319880804
  2 38 2 444.56662058694 0.447853531697379
  1 39 2 46.0097025748961 0.451616070879294
  2 39 2 533.62578682559 0.305275882623724
  1 40 2 4270.05790048392 0.797269558848634
  2 40 2 1129.3883082478 0.605264936420634
  1 41 2 1073.11905645447 0.666772556553203
  2 41 2 1105.01841908058 0.359836468902791
  1 42 2 21976.445268133 0.96787270074405
  2 42 2 394.636383090269 0.422601396160012
  1 43 2 5153.12756769013 0.404694020855087
  2 43 2 2611.19396548494 0.465820030674526
  1 44 2 6223.12391738669 0.814873375751391
  2 44 2 6766.85972376814 0.505954372112585
  1 45 2 5303.76399950878 0.533219898766676
  2 45 2 3502.42864173561 0.287403659199158
  1 46 2 62.8684525554518 0.371953858881132
  2 46 2 3810.93859540449 0.365560779244073
  1 47 2 2377.63516360302 0.791301167226987
  2 47 2 5268.03698270193 0.487536998609889
  1 48 2 1075.29254549168 0.633364993316759
  2 48 2 3619.61120520853 0.644823084547079
  1 49 2 48616.4559445147 0.827253682697507
  2 49 2 637.252220074096 0.354235596542703
  1 50 2 5963.38778944586 0.900216415173481
  2 50 2 1459.73606960104 0.395846441583114
  1 51 2 2488.62186422058 0.957770995377006
  2 51 2 186.147429137275 0.496084887173497
  1 52 2 1680.83410548272 0.55870584954739
  2 52 2 1944.30492145197 0.604660139936764
  1 1 6 4194.74672672919 0.175355602150694
  2 1 6 1239.48280353462 0.718957838788902
  1 2 6 2979.95288718906 0.203404494702454
  2 2 6 1074.28791233409 0.613134482427459
  1 3 6 2920.39794421785 0.188813585548466
  2 3 6 1193.30459805276 0.418201534874772
  1 4 6 2287.91015916263 0.21148756057793
  2 4 6 1610.83794550669 0.360182743059789
  1 5 6 1979.40350809508 0.259537594022743
  2 5 6 1189.15261945782 0.402430330218441
  1 6 6 2193.39307653779 0.268115724749969
  2 6 6 5602.15265458943 0.35227390071866
  1 7 6 1554.24655247463 0.414919582981465
  2 7 6 4266.50009131121 0.393880898420674
  1 8 6 2847.60856947526 0.207039504341407
  2 8 6 4383.76540817944 0.267494319984027
  1 9 6 2798.08617962107 0.198081834984396
  2 9 6 2991.32284085375 0.385800117690749
  1 10 6 2616.55744813326 0.206569136973527
  2 10 6 8149.56696380543 0.405779979646942
  1 11 6 4317.12066023813 0.207852633123303
  2 11 6 7728.40320278568 0.784226099165565
  1 12 6 3292.34665806508 0.20094683691091
  2 12 6 1841.74816317788 0.42113653584723
  1 13 6 2901.28980396367 0.213246212842418
  2 13 6 5141.94181428042 0.281911195623627
  1 14 6 10894.3575332854 0.638611588507752
  2 14 6 10950.7226596915 0.516171107727799
  1 15 6 14330.5804757778 0.770976725828606
  2 15 6 935.907154202915 0.476734589561794
  1 16 6 3630.77004958024 0.317978244654253
  2 16 6 2093.2459585066 0.386012658029271
  1 17 6 2464.35349095576 0.23012544486412
  2 17 6 1822.60485034165 0.530741594808484
  1 18 6 3729.71762045311 0.223285411086708
  2 18 6 1581.38291079164 0.349108274212027
  1 19 6 4379.59744101071 0.263214632586959
  2 19 6 5577.21012232239 0.356706403512006
  1 20 6 4544.48998048549 0.348756230758934
  2 20 6 5379.51691439475 0.329322164303112
  1 21 6 4541.76537781384 0.220681608545507
  2 21 6 1012.04478251729 0.399668835756918
  1 22 6 4440.15185929799 0.255345437604282
  2 22 6 2316.37020665221 0.607330296430227
  1 23 6 5849.23134832603 0.233828388168981
  2 23 6 6777.63324049461 0.690301195973316
  1 24 6 1896.93522056447 0.24128388549411
  2 24 6 2493.82146156661 0.464973156265946
  1 25 6 4301.1903256985 0.475237794728556
  2 25 6 347.855829619332 0.449694184969219
  1 26 6 1677.91226768134 0.272355203647803
  2 26 6 3747.5499299291 0.626775991448789
  1 27 6 2549.9914073784 0.293473920223874
  2 27 6 4796.27525381276 0.331528642249673
  1 28 6 1457.26896109487 0.297867921869416
  2 28 6 2592.09300580455 0.724059558699832
  1 29 6 1831.26436594133 0.25527382218443
  2 29 6 28738.3235094818 0.972230757901325
  1 30 6 1813.24690201015 0.287981619167569
  2 30 6 549.596541617031 0.393581429053449
  1 31 6 2189.11328516894 0.332543338576962
  2 31 6 1082.78721632012 0.58392964546944
  1 32 6 1814.63154039419 0.301314005212516
  2 32 6 3687.04026426792 0.467823706697183
  1 33 6 3970.99793705902 0.313235077086734
  2 33 6 3963.08680755902 0.449455855490557
  1 34 6 3859.00590283041 0.188840124890422
  2 34 6 1662.46355827458 0.342529973932846
  1 35 6 3129.06246455355 0.260173692135873
  2 35 6 1637.23017585078 0.383130929442038
  1 36 6 3107.06693073059 0.293410432402762
  2 36 6 817.226161882715 0.337034394121133
  1 37 6 2487.47956982969 0.388647680627492
  2 37 6 142.98199355428 0.321629167505854
  1 38 6 1962.43413531757 0.345442577620755
  2 38 6 1063.84979794238 0.536864637709118
  1 39 6 2048.80032514105 0.310245670031133
  2 39 6 832.526416026369 0.451495677480436
  1 40 6 3071.14299190643 0.348394220746453
  2 40 6 312.218005979708 0.483684059166492
  1 41 6 3555.52033014332 0.210695213443395
  2 41 6 1478.11761773813 0.505437825224827
  1 42 6 5612.13070819021 0.26037397454602
  2 42 6 5390.26308357463 0.436613652073156
  1 43 6 3430.24327643338 0.184269817445717
  2 43 6 3120.03709144068 0.417121054927267
  1 44 6 6619.43212146861 0.224636283033848
  2 44 6 8958.76857464578 0.427028154066731
  1 45 6 4519.08793005509 0.214424452457608
  2 45 6 7600.57162909877 0.358256969308502
  1 46 6 4183.46775417211 0.241986378076999
  2 46 6 9649.05826237915 0.3400116158624
  1 47 6 5740.12288069407 0.278456439376456
  2 47 6 7259.02476461243 0.285873133416327
  1 48 6 3010.7261984921 0.299857497492351
  2 48 6 6187.35370582928 0.212373020514558
  1 49 6 5868.15805264112 0.375235544015774
  2 49 6 4221.09398227887 0.198905098616369
  1 50 6 2753.76176268616 0.252558079911859
  2 50 6 3262.81288205106 0.262770320767619
  1 51 6 3370.06261902126 0.343794671710809
  2 51 6 3114.2342061867 0.302797426147618
  1 52 6 3369.80238286332 0.191002489396663
  2 52 6 2634.58362882825 0.233059984982754
  1 1 1 15290.7316078582 0.271393286949666
  2 1 1 15692.8235292735 0.184281175527345
  1 2 1 8565.19189811942 0.26172564996556
  2 2 1 25401.8607812484 0.160847527051063
  1 3 1 14689.8222332787 0.260883132911459
  2 3 1 20896.6383897382 0.186809654056103
  1 4 1 9647.14583952371 0.273320980961776
  2 4 1 20316.2929866434 0.210667100527739
  1 5 1 47666.176370614 0.595658599705364
  2 5 1 30395.8795037222 0.140705237944107
  1 6 1 40490.2501824561 0.336058675302675
  2 6 1 142833.838401816 0.627105886751017
  1 7 1 13865.1675273017 0.294963779783359
  2 7 1 50491.5153090732 0.164575247866841
  1 8 1 23812.4483976086 0.435898986652853
  2 8 1 36761.1006618381 0.382271937285209
  1 9 1 15524.2446181211 0.256435908971628
  2 9 1 27774.760570412 0.174676971869269
  1 10 1 20664.9314687363 0.203452773958762
  2 10 1 26048.7906470348 0.228312317472351
  1 11 1 29249.0920909054 0.241799049430762
  2 11 1 51735.2088021102 0.250018379470286
  1 12 1 24443.4586661377 0.142636213550947
  2 12 1 25343.9213518919 0.163647146277456
  1 13 1 13085.8215935118 0.225478190042395
  2 13 1 27835.0155546674 0.192013183632222
  1 14 1 22579.6040046176 0.323579734794357
  2 14 1 35265.57333544 0.162432383538487
  1 15 1 5959.03037185992 0.320666395151501
  2 15 1 107473.036195042 0.822390366318268
  1 16 1 16876.7803954231 0.452044832991261
  2 16 1 36080.596492698 0.192408532269243
  1 17 1 14996.1935746853 0.28209645893665
  2 17 1 30528.4348418379 0.262097825842625
  1 18 1 4824.13833445256 0.414010381101596
  2 18 1 30251.7052907461 0.189959250209439
  1 19 1 5353.01057659536 0.40638853202345
  2 19 1 23504.9810370076 0.178404315527443
  1 20 1 7559.66784516706 0.290993157294119
  2 20 1 15258.200069761 0.156753980046499
  1 21 1 12211.0064331271 0.324615016521962
  2 21 1 23515.2822071154 0.174348711952217
  1 22 1 7773.4640747829 0.294780938380682
  2 22 1 13229.2517320695 0.195232854572048
  1 23 1 17138.9065914559 0.440402569626277
  2 23 1 15889.1835890838 0.185762358850192
  1 24 1 2463.5674168561 0.372421878022742
  2 24 1 12703.1963328317 0.151581173531864
  1 25 1 5543.02117357966 0.341871348717721
  2 25 1 9204.07722154936 0.233364310094868
  1 26 1 2521.57282844075 0.416897355424411
  2 26 1 10428.7322358474 0.283802183917676
  1 27 1 5992.99185380658 0.500820840736393
  2 27 1 2080.29758346362 0.495024013362717
  1 28 1 6661.49526562161 0.389853340834037
  2 28 1 9137.18473951295 0.390988792530431
  1 29 1 3377.95502851574 0.293941849282161
  2 29 1 12150.293729579 0.322403741112933
  1 30 1 5041.24807291427 0.525509720403112
  2 30 1 5567.65192159862 0.218361153170241
  1 31 1 6712.85276204786 0.266433769579894
  2 31 1 17838.1704253844 0.421115605185845
  1 32 1 3278.32018854234 0.374831371194202
  2 32 1 6162.89957115009 0.227391091044855
  1 33 1 2648.05606415478 0.352011231642473
  2 33 1 12800.855984243 0.384269029090844
  1 34 1 5288.03778811774 0.34725908523047
  2 34 1 4861.99278771632 0.331291933735556
  1 35 1 25990.9161955696 0.578696888706846
  2 35 1 5957.86546614671 0.247394190789157
  1 36 1 5571.62726417237 0.459728456052307
  2 36 1 5256.30861705718 0.394189312610479
  1 37 1 8758.19337937206 0.539982548576019
  2 37 1 39416.8250097554 0.72948972943007
  1 38 1 3472.7083125157 0.364309332200766
  2 38 1 5531.35281623456 0.278656828353639
  1 39 1 3621.19261706426 0.562793580097325
  2 39 1 10010.710198189 0.316141323613091
  1 40 1 1782.59202173624 0.420348818797864
  2 40 1 9185.74122673957 0.30511736182771
  1 41 1 4710.84611944609 0.403753427903273
  2 41 1 7012.35458626593 0.278331587636247
  1 42 1 5965.90590139782 0.491331418922754
  2 42 1 5783.50997110856 0.329726795744574
  1 43 1 4155.7920494161 0.537081122476055
  2 43 1 5677.2471498794 0.33086845072982
  1 44 1 5567.4869353951 0.379030815152119
  2 44 1 2506.50268374566 0.278881417082292
  1 45 1 1932.57719532591 0.519511456600017
  2 45 1 4662.98415626804 0.27351876283918
  1 46 1 2611.54241750034 0.556056214854877
  2 46 1 10800.8116289327 0.714061811185508
  1 47 1 1618.35984068454 0.588197671943964
  2 47 1 3990.36920781888 0.340315242626747
  1 48 1 5304.96299777087 0.324588369174256
  2 48 1 2417.76674998803 0.300199803594678
  1 49 1 7997.44695147165 0.501841796783066
  2 49 1 8415.57558748567 0.438397059851219
  1 50 1 1617.59478059736 0.403101009292275
  2 50 1 13891.6711501451 0.410378233550251
  1 51 1 2355.40214094993 0.478602624152216
  2 51 1 3730.17980945555 0.362128776577143
  1 52 1 2753.69191816937 0.646634922078809
  2 52 1 8501.59526170914 0.816170985475773
  1 1 5 18624.9795912461 0.428268262400835
  2 1 5 24051.7013090059 0.225458996873695
  1 2 5 5119.23261087379 0.345343609027291
  2 2 5 24887.5757332912 0.371617889994295
  1 3 5 18258.7073342941 0.44670497427242
  2 3 5 25236.4511988228 0.668862523793197
  1 4 5 7952.31530414402 0.615916579625513
  2 4 5 8608.79026835295 0.279204033701149
  1 5 5 8226.74336295267 0.315394469960846
  2 5 5 13594.5023838266 0.204474681555904
  1 6 5 14627.8347227363 0.34660287547265
  2 6 5 24549.0220607407 0.331648541199853
  1 7 5 3959.63010070414 0.318103960537393
  2 7 5 27833.9227527393 0.348280374846579
  1 8 5 7440.70634527784 0.392669648636909
  2 8 5 12438.5210655169 0.419901636353984
  1 9 5 59228.3620213935 0.480812029588852
  2 9 5 28796.8819710373 0.310773430412972
  1 10 5 88684.458175752 0.603016923799836
  2 10 5 72974.6250381212 0.454521657682475
  1 11 5 23751.5863175873 0.476454648602067
  2 11 5 52419.2004731898 0.33088650882931
  1 12 5 61243.6796576943 0.845907144525693
  2 12 5 30015.8865572642 0.213566715560186
  1 13 5 25143.2823853014 0.345200957090348
  2 13 5 83508.8568439343 0.426262782725971
  1 14 5 14905.7103567241 0.264436160521241
  2 14 5 54347.1910849374 0.226747447567164
  1 15 5 11460.6112309554 0.469566733399063
  2 15 5 21447.5950296194 0.259488054442407
  1 16 5 5006.78747293116 0.386232958132405
  2 16 5 19354.4962275781 0.272571546622386
  1 17 5 7081.52546536391 0.438346564468954
  2 17 5 11809.2617416285 0.260487713324726
  1 18 5 6172.00618355924 0.368625576908523
  2 18 5 19875.351116959 0.42035214303373
  1 19 5 9643.4927305455 0.424021283924977
  2 19 5 9775.99115455188 0.313873830425567
  1 20 5 1803.02422743927 0.40509710665687
  2 20 5 8426.69822964312 0.466267924456264
  1 21 5 13258.3584276898 0.480844474444679
  2 21 5 5190.94636366162 0.2668361029341
  1 22 5 5741.64793708179 0.469094743543064
  2 22 5 7785.17689154723 0.28378876735388
  1 23 5 5194.86917688395 0.540787962426207
  2 23 5 13360.083677573 0.369430536232357
  1 24 5 1580.47789952449 0.470432479415306
  2 24 5 6246.71863665586 0.469633627328749
  1 25 5 2953.4840236463 0.502209538569111
  2 25 5 3128.35208934683 0.342064616144444
  1 26 5 10788.4606344333 0.584628234108223
  2 26 5 4526.17566581196 0.423460458250196
  1 27 5 3547.45792576657 0.561800284643725
  2 27 5 12629.0116613051 0.784021780546872
  1 28 5 24090.9456152805 0.497927404656732
  2 28 5 13761.5332801581 0.676432257321378
  1 29 5 6254.10451903333 0.480052767387787
  2 29 5 43760.6289803473 0.712202517111094
  1 30 5 12580.9817026681 0.806911034003637
  2 30 5 36240.7869715293 0.834297346108047
  1 31 5 9364.18351505306 0.336276894588451
  2 31 5 9122.37530271279 0.428726537913456
  1 32 5 32477.1968025503 0.866348358898959
  2 32 5 12248.7628976608 0.424628251437437
  1 33 5 25303.1640978465 0.613994602592113
  2 33 5 33803.9321268951 0.656624132271175
  1 34 5 30763.7233985945 0.747837758615024
  2 34 5 15506.903869899 0.510439372860259
  1 35 5 76390.0817385065 0.471975485833162
  2 35 5 34905.7500373825 0.358480817460383
  1 36 5 31321.8979240569 0.495899711606771
  2 36 5 25857.1226818569 0.434982613442021
  1 37 5 75660.0884241995 0.313979264853727
  2 37 5 66547.4953628041 0.356018191983623
  1 38 5 29001.3000454648 0.388895640133204
  2 38 5 32405.1017416536 0.264411460678978
  1 39 5 39064.5835899008 0.429428347743837
  2 39 5 27152.8581532567 0.345982379386548
  1 40 5 62269.0399002557 0.854087515493953
  2 40 5 66783.3346557275 0.296892384076943
  1 41 5 26971.926638236 0.570603745618332
  2 41 5 57450.0885679886 0.562814940667441
  1 42 5 41259.0129172257 0.339876934877471
  2 42 5 60303.972953634 0.356216069417162
  1 43 5 23706.274721203 0.298992519394372
  2 43 5 61895.9903498125 0.189290253037749
  1 44 5 66659.9154194981 0.254555474384242
  2 44 5 36006.5240491877 0.230851364722682
  1 45 5 54064.2230084959 0.63012553598372
  2 45 5 82663.2183931872 0.260964579440469
  1 46 5 99914.6131674337 0.254083502479078
  2 46 5 87897.2436924473 0.337085438277882
  1 47 5 135678.323804409 0.192091229695825
  2 47 5 321730.470296475 0.445822853931263
  1 48 5 198608.585441432 0.387496158420035
  2 48 5 245187.380343503 0.210853665221549
  1 49 5 176834.132993888 0.368405013462509
  2 49 5 213605.743392678 0.169854111979613
  1 50 5 139351.364927949 0.474213361633694
  2 50 5 132253.252697512 0.191466660489218
  1 51 5 29333.1123134062 0.360282409988033
  2 51 5 106350.301678273 0.399606972925519
  1 52 5 7396.96037431208 0.3532330315065
  2 52 5 89957.7596226095 0.274035362173455
  1 1 10 13157.6453308802 0.219558908866272
  2 1 10 5609.12217957757 0.420478019380578
  1 2 10 13865.4494782394 0.308420438974496
  2 2 10 10892.1486016862 0.266469020774784
  1 3 10 6067.36936036173 0.254482543348525
  2 3 10 7117.65386573845 0.176119609913632
  1 4 10 8591.71854580091 0.246623564736952
  2 4 10 6992.55475067283 0.201009623940496
  1 5 10 8080.24610439679 0.263843796356319
  2 5 10 8660.40455226133 0.188515062411811
  1 6 10 6916.14285206844 0.29371662441952
  2 6 10 4388.63555670266 0.217058272754023
  1 7 10 3691.6264638884 0.233425405297215
  2 7 10 3678.89876519572 0.160146840582421
  1 8 10 2459.13388221269 0.20935590786127
  2 8 10 1788.88532305807 0.219675214236497
  1 9 10 2687.64271190313 0.261152852930067
  2 9 10 2422.06714966968 0.17618201559372
  1 10 10 8772.73272273133 0.35080655514468
  2 10 10 1506.00678140648 0.288087420586372
  1 11 10 3928.63290193183 0.16739605456776
  2 11 10 1192.63613721322 0.179334469818098
  1 12 10 3712.8126055828 0.167785563839749
  2 12 10 1228.39203079983 0.194079650208756
  1 13 10 9175.35719635747 0.201683587615937
  2 13 10 4234.94136723753 0.26708294380009
  1 14 10 2935.64204896193 0.277990130981975
  2 14 10 2435.84944225299 0.261162740746529
  1 15 10 3082.51973341726 0.260447159640481
  2 15 10 2764.4865346682 0.236760215458364
  1 16 10 3533.35717572498 0.354731435464959
  2 16 10 4131.76439058337 0.197746711670819
  1 17 10 877.692170809201 0.295758105402641
  2 17 10 2109.19375094709 0.330208010835788
  1 18 10 1232.09919118542 0.240663428417508
  2 18 10 1181.22241780377 0.364039748188294
  1 19 10 949.958207089817 0.339824195708317
  2 19 10 921.683641221107 0.261227404123069
  1 20 10 773.345331287205 0.294342928253188
  2 20 10 492.617549274248 0.249594811366406
  1 21 10 294.036174807638 0.387829007380117
  2 21 10 870.780198290922 0.211737624497487
  1 22 10 1246.79375979542 0.466145706592908
  2 22 10 891.152870605658 0.247676050549484
  1 23 10 1083.62871583927 0.279244183815429
  2 23 10 1580.57882877688 0.364806813763314
  1 24 10 1049.93158719615 0.264226699190394
  2 24 10 1248.21412179109 0.200853835879913
  1 25 10 1080.81192799603 0.401557677432362
  2 25 10 1600.60689169436 0.427552736347339
  1 26 10 565.539321730514 0.39803470366635
  2 26 10 522.76005496951 0.263050856290993
  1 27 10 1292.40528357893 0.271991870521699
  2 27 10 995.882374629827 0.262101771146991
  1 28 10 1082.78721632012 0.544069953063755
  2 28 10 2573.88690918783 0.500002099405965
  1 29 10 1459.79792872192 0.466408660783656
  2 29 10 2660.36586811722 0.351960747367337
  1 30 10 3196.37477145045 0.396749160523618
  2 30 10 3675.56264196054 0.353294158315399
  1 31 10 6224.95654599848 0.368705529979016
  2 31 10 2439.48108024691 0.244873713391672
  1 32 10 7333.42251053172 0.275174363066448
  2 32 10 7752.84206467944 0.470763857263454
  1 33 10 5487.27614278506 0.475906668741929
  2 33 10 6321.2518517977 0.279502397980618
  1 34 10 11033.3472513229 0.399262445846064
  2 34 10 5047.26495607402 0.349648537286793
  1 35 10 3884.01766201944 0.444275829003174
  2 35 10 10439.2353428327 0.37915545660954
  1 36 10 4669.55034768269 0.335323776784019
  2 36 10 5624.73603521806 0.484086093187339
  1 37 10 4591.43633561794 0.442836038485025
  2 37 10 1677.7683515909 0.319150727602776
  1 38 10 2259.92243336663 0.488042255938244
  2 38 10 2851.73330071068 0.407560700838948
  1 39 10 5951.63711911664 0.284421789658612
  2 39 10 2028.06473595895 0.29674239792084
  1 40 10 12621.4054437811 0.318407718065998
  2 40 10 6321.94912430058 0.267327748565035
  1 41 10 9449.93858401809 0.334557568518815
  2 41 10 4740.68672816762 0.298460848552816
  1 42 10 7152.94973705879 0.3039623036711
  2 42 10 4872.21188943701 0.273313726703502
  1 43 10 2807.13971098992 0.32641152401369
  2 43 10 6120.91767319555 0.314372074077199
  1 44 10 2898.9145185831 0.318273337755366
  2 44 10 2614.91200495278 0.255330079772978
  1 45 10 2867.63192525388 0.43537834570034
  2 45 10 3620.06863708051 0.477794056284643
  1 46 10 1010.47133330181 0.342233883700236
  2 46 10 1053.80314608076 0.255219140701765
  1 47 10 1168.06493823195 0.341250712936241
  2 47 10 749.649491090482 0.214601133606252
  1 48 10 518.632116251545 0.614068234722451
  2 48 10 531.20568454 0.201112464847283
  1 49 10 838.111270250748 0.35190564940904
  2 49 10 608.144109488997 0.33472125607656
  1 50 10 1316.15401369687 0.816837708092695
  2 50 10 275.637382012875 0.227783168461156
  1 51 10 609.709911517516 0.505988404388839
  2 51 10 53.5908067427603 0.351067447622667
  1 52 10 586.89222699737 0.324360094310254
  2 52 10 384.947589309766 0.455427538585323
  1 1 8 4230.35102442525 0.315173666651174
  2 1 8 3339.68929047152 0.462932936793474
  1 2 8 4522.31562321198 0.289655884553513
  2 2 8 7570.1555533748 0.291625378319279
  1 3 8 11387.0374404131 0.445661395438229
  2 3 8 3087.43853055896 0.24839079339077
  1 4 8 2983.71351621706 0.263490924371874
  2 4 8 3739.58980846661 0.269252913604855
  1 5 8 7638.40044347628 0.43412574415949
  2 5 8 6397.74651401459 0.306040027367562
  1 6 8 4324.85757196827 0.308027956186484
  2 6 8 2043.85958560759 0.341323396420455
  1 7 8 4436.33497245378 0.385056335819263
  2 7 8 4818.29726832186 0.257194743155269
  1 8 8 3329.6506893615 0.260289394588572
  2 8 8 1014.6244964295 0.431509282545668
  1 9 8 8485.83226837808 0.431365807004855
  2 9 8 2063.34037593904 0.242479208967319
  1 10 8 8883.50084083641 0.337643266583965
  2 10 8 1883.14306537316 0.350122477949553
  1 11 8 7140.43261024965 0.190018283469302
  2 11 8 3142.39062896468 0.323221412579507
  1 12 8 10470.6460998747 0.162746935517586
  2 12 8 1643.69168421579 0.228982766823179
  1 13 8 7624.46395206544 0.341920463441956
  2 13 8 3283.65909969175 0.241841631084233
  1 14 8 8287.07950502149 0.228726011424418
  2 14 8 4290.5008293957 0.281644292980529
  1 15 8 7641.46785019642 0.248125625001581
  2 15 8 3540.13850598614 0.278717712431636
  1 16 8 8384.15077416779 0.35733148518571
  2 16 8 11803.5722740862 0.28768973650101
  1 17 8 5097.74168384175 0.30617617024306
  2 17 8 10199.2024698472 0.298000352344759
  1 18 8 3249.11513335629 0.309842315794336
  2 18 8 5238.46463547758 0.290632634838193
  1 19 8 2894.34265666795 0.376612355333219
  2 19 8 3447.09681816694 0.277237549679099
  1 20 8 1981.15433183689 0.374918605177922
  2 20 8 2217.23332282486 0.215955663906671
  1 21 8 2753.24781865333 0.312482319278861
  2 21 8 3384.0247415422 0.22904951005782
  1 22 8 1345.50056342363 0.291217292449574
  2 22 8 1767.52039946673 0.334203310366051
  1 23 8 1253.54510843555 0.258086226973749
  2 23 8 2272.24499024274 0.369713282569775
  1 24 8 2377.78624159127 0.424291613021164
  2 24 8 2248.34948843331 0.242018860617287
  1 25 8 1387.40959736634 0.253077301717728
  2 25 8 1642.9136817832 0.236863100947082
  1 26 8 1386.68583937884 0.282083266124312
  2 26 8 763.185565482914 0.234685929415468
  1 27 8 3096.85703450292 0.308866282267733
  2 27 8 916.243147505566 0.418188219832596
  1 28 8 2953.05604450942 0.227617863109814
  2 28 8 1863.84914113602 0.363924113287817
  1 29 8 4770.41108850197 0.444594138316279
  2 29 8 1977.63724499047 0.228686933162735
  1 30 8 6262.02709182576 0.355281347801547
  2 30 8 1535.82907084285 0.52226518900488
  1 31 8 9948.37503690166 0.287663604981491
  2 31 8 1797.51237491878 0.324610274868806
  1 32 8 6785.60921531838 0.331891135768806
  2 32 8 3909.58941544834 0.405253381175339
  1 33 8 10188.173044205 0.373879165680047
  2 33 8 4498.0607286658 0.325837115034301
  1 34 8 11020.3554508007 0.29311793852823
  2 34 8 2067.35322072504 0.252063231711509
  1 35 8 13211.6089608688 0.363617147333273
  2 35 8 5718.7909705433 0.318594737541269
  1 36 8 8722.57502549847 0.370438144818615
  2 36 8 1549.75023719529 0.388038209115171
  1 37 8 6146.7594079503 0.399020192940984
  2 37 8 827.47950447731 0.240334888416511
  1 38 8 5121.36954362573 0.324040099023474
  2 38 8 1287.79844090042 0.415472237394863
  1 39 8 3902.83679397558 0.367838903060991
  2 39 8 906.588205664391 0.278588400079201
  1 40 8 3927.88052119664 0.352473620249155
  2 40 8 1133.6894985735 0.226502720233669
  1 41 8 8051.12073458908 0.481135456002499
  2 41 8 6700.440788728 0.540163864000553
  1 42 8 7095.66611590277 0.284652789689101
  2 42 8 1781.76591593674 0.343035692079222
  1 43 8 6025.14484575316 0.419285827130058
  2 43 8 1874.95411821305 0.233965429378258
  1 44 8 7270.68493955744 0.363226842496159
  2 44 8 1261.5438380764 0.230866102767982
  1 45 8 8637.22636208274 0.383482435972864
  2 45 8 2301.60990697597 0.24282341318213
  1 46 8 3005.38972728912 0.325977709284745
  2 46 8 2089.73846778257 0.341240783166298
  1 47 8 993.992492360393 0.323507675999549
  2 47 8 3125.05137832652 0.399695593074565
  1 48 8 4696.95888789119 0.425248507716921
  2 48 8 781.802525736676 0.187993525714274
  1 49 8 1848.35697956147 0.249118363408559
  2 49 8 1536.38419762497 0.265012727941773
  1 50 8 1082.89041937905 0.341800613444058
  2 50 8 2493.8931084996 0.365336749376061
  1 51 8 1625.77702663021 0.302900468993841
  2 51 8 883.516857557338 0.388934593716609
  1 52 8 1949.0508476916 0.491268971960348
  2 52 8 596.799306353289 0.242113807492329
  1 1 3 692.969552473647 0.537047062331732
  2 1 3 1364.3560710549 0.690516373687063
  1 2 3 604.372384226354 0.861422596904487
  1 3 3 183.076306170757 0.447611035861685
  2 3 3 472.028066512553 0.640934739563298
  1 4 3 48.4641163458986 0.510310363079829
  1 5 3 682.62672333225 0.672270235244375
  2 5 3 86.4454918400189 0.541846334295794
  1 6 3 42.7979136885423 0.488504210459197
  2 6 3 7407.6055609252 0.612948672730617
  1 7 3 461.287078408245 0.705428653422844
  2 7 3 141.23311517219 0.472904645572544
  1 8 3 30.8803407998867 1
  2 8 3 779.862286326142 0.872578231218976
  1 9 3 90.186248764646 0.599854837780295
  2 9 3 2094.11488584513 0.733302834137676
  2 10 3 4.34463669262475 1
  1 11 3 528.887106715519 0.499484636786782
  1 12 3 175.815079006654 0.358153914340203
  2 12 3 111.874394835087 0.577110518633802
  1 13 3 148.205808975379 0.678339172154909
  2 13 3 180.481319548917 0.738121970739642
  1 14 3 9.95645908726505 1
  2 14 3 482.829698325959 0.52056341701904
  1 15 3 82.8875219014815 0.693225535250834
  2 15 3 1.99129181745301 1
  1 16 3 14.1353672675538 1
  2 16 3 190.481285852362 0.48452157876779
  1 17 3 22.8565669481563 0.912293822979085
  1 18 3 22.2127199918702 0.655734850091527
  2 18 3 4769.82748058804 0.750382084373246
  1 19 3 58.2452856605005 0.670809892238012
  2 19 3 36.8673456488443 0.47273108889926
  1 20 3 19.5508651168114 0.631102684426709
  2 20 3 121.160290864747 0.919260399745188
  1 21 3 21.8704592832127 0.496475444687371
  1 22 3 6.61721588569 0.740682868109632
  2 22 3 11.2010164731732 1
  1 23 3 34.8745161543122 0.360862225436052
  1 24 3 2580.7141954191 0.547901331396328
  2 24 3 82.5480971598702 0.478873954421528
  1 25 3 1360.94073382358 0.429608216382601
  2 25 3 25.8541494987342 0.654713783069401
  1 26 3 665.340378506487 0.69118921143411
  2 26 3 3412.27765838748 0.8614889831113
  1 27 3 421.926289092329 0.426971754606328
  2 27 3 1254.5138449954 0.572182042928152
  1 28 3 656.947975119124 0.505524319387353
  2 28 3 279.918735481966 0.488492827246527
  1 29 3 688.624915781023 0.644591984223249
  2 29 3 1269.87523901575 0.51925665989311
  1 30 3 9293.94458611715 0.899065435378594
  2 30 3 3206.34187915706 0.59569628754064
  1 31 3 1286.0773063407 0.543826822033971
  2 31 3 1388.7922991932 0.466111862829518
  1 32 3 2612.81263068551 0.88174616562504
  2 32 3 5187.10713905133 0.568444982816852
  1 33 3 621.283047045339 0.408104676406013
  2 33 3 15890.8653525558 0.357346049869971
  1 34 3 3843.34515856761 0.92608255019157
  2 34 3 35285.2749144398 0.539541007788685
  1 35 3 41.7707637600173 0.648664057223823
  2 35 3 952.377626648023 0.576168087832409
  1 36 3 5777.51959703585 0.695927823776047
  2 36 3 201.035843660512 0.549529982814455
  1 37 3 692.175378442922 0.708713243925404
  2 37 3 25.6768028534123 0.496269825160911
  1 38 3 12.8821720202512 0.489543853646182
  1 39 3 3.07227880407036 0.703511357168505
  2 39 3 47.1633008847736 0.875017095315649
  1 40 3 395.355732405006 0.631659802692532
  2 40 3 9583.64788154554 0.908152223575802
  1 41 3 219.155888023686 0.626570332091694
  2 41 3 142.946766770286 0.712465807947941
  1 42 3 1468.39318873053 0.661895735249442
  2 42 3 2989.95494622366 0.86012943797605
  1 43 3 72.6057473332196 0.783155911787346
  2 43 3 2219.73323424653 0.598390099709208
  1 44 3 314.810973251882 0.542775440757204
  2 44 3 1360.93285250276 0.743173480285892
  1 45 3 1437.23727615072 0.870542376054271
  2 45 3 12465.0628506536 0.446478967244395
  1 46 3 35.3257003708162 0.492193512682958
  2 46 3 4579.25745547617 0.490110041691513
  1 47 3 4342.21287299398 0.909630520329322
  2 47 3 1576.37531143996 0.433872317628348
  1 48 3 5799.9953631239 0.644773009949607
  2 48 3 16619.543888649 0.484949159815328
  1 49 3 8680.14221168715 0.515045488987725
  2 49 3 8752.93996176881 0.388710136036013
  1 50 3 9588.82586042962 0.442573167063876
  2 50 3 25704.0939791068 0.395139923022642
  1 51 3 621.457262823027 0.88587618368699
  2 51 3 2861.89815873129 0.537531419606343
  1 52 3 19155.4702259489 0.983269433580366
  2 52 3 9683.32547590089 0.849696423298534
  1 1 4 3723.35364557941 0.364126925219609
  2 1 4 2497.46535040558 0.651478045245579
  1 2 4 2558.65680913347 0.325978644081397
  2 2 4 870.334756045096 0.491599879330958
  1 3 4 820.53476982556 0.590488938344882
  2 3 4 672.750281711817 0.469264979590002
  1 4 4 1665.95399939026 0.342847242849766
  2 4 4 948.791983609963 0.56498061527184
  1 5 4 4367.52709191574 0.283928008388956
  2 5 4 1233.42957869295 0.40554998032922
  1 6 4 2644.91106595191 0.36410591785635
  2 6 4 923.397410492185 0.314379924642846
  1 7 4 1770.34500362083 0.316186403798479
  2 7 4 706.484963276534 0.321171660131735
  1 8 4 3932.83197472842 0.253188234939331
  2 8 4 694.493417582255 0.262595834069695
  1 9 4 1699.66391902602 0.353459538829246
  2 9 4 538.86464053301 0.308279488626844
  1 10 4 5833.09977865561 0.222766407086932
  2 10 4 396.204928237869 0.384029275829912
  1 11 4 2622.13306522212 0.238950089280127
  2 11 4 121.668354628856 0.730585383962037
  1 12 4 4797.24001289585 0.179808210316848
  2 12 4 439.651295164116 0.333206670663278
  1 13 4 2551.71740670653 0.285713453338656
  2 13 4 44.8119331562384 0.519898215786934
  1 14 4 2060.98703106387 0.363103131549156
  2 14 4 978.687585083578 0.305358232801091
  1 15 4 1010.33168588022 0.503658248586171
  2 15 4 856.255481504794 0.471530938023796
  1 16 4 1464.02018128235 0.295547572464407
  2 16 4 675.901336895479 0.544763628192451
  1 17 4 588.037131484384 0.488933644682359
  2 17 4 410.478894096341 0.477536971215445
  1 18 4 1512.48429762825 0.370405953390475
  2 18 4 109.134679905783 1
  1 19 4 786.311356416757 0.52782959622969
  2 19 4 790.599745580772 0.532719195147098
  1 20 4 310.64152352267 0.511990542284477
  2 20 4 480.602487096828 0.484034968152033
  1 21 4 828.647401730615 0.564562288891068
  2 21 4 263.553328780545 0.586474414451279
  1 22 4 888.912667311024 0.402530417748571
  2 22 4 47.0442691873274 1
  1 23 4 1011.36096847505 0.43367137815831
  2 23 4 1081.81453646356 0.57845161047037
  1 24 4 202.927953827827 0.64543907056288
  2 24 4 32.5847751946856 1
  1 25 4 672.750281711817 0.573085070694707
  2 25 4 4.7007544543153 1
  1 26 4 80.6473186068469 0.624630010023461
  2 26 4 125.72710182811 0.618817528749267
  1 27 4 1036.3820499064 0.39695630553522
  2 27 4 416.677812802042 0.599987275514275
  1 28 4 312.424769926359 0.66033137069251
  2 28 4 202.542824860935 0.574102294844973
  1 29 4 425.774395877225 0.421006722090626
  2 29 4 320.882452869571 0.561536237228361
  1 30 4 438.552739090828 0.510604124996193
  2 30 4 221.576471323862 0.755237824640857
  1 31 4 1127.72502569309 0.341199284740845
  2 31 4 29.9585395819796 0.639964632603476
  1 32 4 492.176007418236 0.558363224745951
  2 32 4 269.626856237817 0.651942345498602
  1 33 4 1005.78339434263 0.358138069325762
  2 33 4 376.621640459172 0.817002636839413
  1 34 4 739.098899659002 0.350936222978508
  2 34 4 115.661361743286 0.45781557737998
  1 35 4 2188.04333732673 0.316930751611881
  2 35 4 576.404307709492 0.659064313762388
  1 36 4 1102.29949846929 0.37289624571036
  2 36 4 596.991775987184 0.566128523913239
  1 37 4 846.006185385551 0.340253675911694
  2 37 4 138.159446825467 0.701875347795432
  1 38 4 1239.85555955707 0.357264717429085
  2 38 4 464.969702901151 0.476578235674548
  1 39 4 1351.95163276328 0.527967078805152
  2 39 4 533.262004559237 0.562110493649979
  1 40 4 778.683027795287 0.415144442808449
  2 40 4 463.26240391073 0.557855012865461
  1 41 4 690.797234127335 0.494090593845412
  2 41 4 18.7934892609349 0.864947569912083
  1 42 4 172.142047593351 0.340526255302381
  2 42 4 260.762701561628 0.525593107575273
  1 43 4 278.605164226658 0.260637123856086
  2 43 4 71.2749374416554 0.517717068938369
  1 44 4 366.173869995617 0.219411346193749
  2 44 4 283.120703489775 0.445563743160107
  1 45 4 423.052285648 0.271355803715625
  2 45 4 119.695005779245 0.369630063723468
  1 46 4 282.124604394792 0.322041020808878
  2 46 4 418.43090321745 0.389098775252231
  1 47 4 233.759549395382 0.241177039296427
  2 47 4 231.064382244286 0.360209541108992
  1 48 4 328.547213481932 0.310728311347134
  2 48 4 217.957814076456 0.437514827010324
  1 49 4 405.024933307328 0.288580421043866
  2 49 4 430.601874971915 0.246821373610295
  1 50 4 2308.48176931067 0.364363914128281
  2 50 4 533.869732810175 0.287983302644633
  1 51 4 748.342383632651 0.243629988904743
  2 51 4 1228.19654020512 0.386454786790168
  1 52 4 959.408942398233 0.263364855830388
  2 52 4 307.31611278322 0.35266724117335
# end survey index observations 
#  
# Survey size comp data 
# Number of observations, init_int Nsurvey_size_obs 
  1102
# init_matrix obs_survey_size(1,Nsurvey_size_obs,1,ncol) 
# Survey  Year  Species Type (0=whole, 1=retained, 2=discard) InpN, proportion by length bin 
  1 1 1 0 177 0.0102198260995843 0.463745938390604 0.526034235509811 -999 -999
  1 2 1 0 84 -999 0.252520571978066 0.46933472314999 0.278144704871944 -999
  1 3 1 0 235 0.0202303842987739 0.769596746241497 0.210172869459729 -999 -999
  1 4 1 0 135 0.0154786334326462 0.258839413739514 0.72568195282784 -999 -999
  1 5 1 0 829 0.0537715242493619 0.367600402688445 0.578628073062193 -999 -999
  1 6 1 0 601 0.0408834036224397 0.480835005823759 0.478281590553801 -999 -999
  1 7 1 0 226 0.00956196632275461 0.302980464902803 0.687457568774443 -999 -999
  1 8 1 0 362 0.0121334288376044 0.164394951034123 0.823471620128273 -999 -999
  1 9 1 0 359 0.0155747841703951 0.271747392715357 0.286028380805344 0.426649442308904 -999
  1 10 1 0 642 0.00343454799239388 0.367159870328521 0.490422611549107 0.138982970129978 -999
  1 11 1 0 920 0.0176734178756795 0.143866063145276 0.717009202069421 0.121451316909623 -999
  1 12 1 0 4 0.00462980513738121 0.0828726159122756 0.821216597268987 0.0912809816813561 -999
  1 12 1 0 740 0.00462980513738121 0.0828726159122756 0.821216597268987 0.0912809816813561 -999
  1 13 1 0 325 0.00725571073642569 0.170816347862444 0.82192794140113 -999 -999
  1 14 1 0 354 0.036485578041571 0.281292773820245 0.425880596546266 0.256341051591918 -999
  1 15 1 0 104 0.0161901822038594 0.374813996928971 0.31419480457805 0.29480101628912 -999
  1 16 1 0 353 0.00517066851360105 0.279412383246361 0.715416948240038 -999 -999
  1 17 1 0 226 0.0298359449320625 0.139707070163158 0.83045698490478 -999 -999
  1 18 1 0 184 0.0179127273509514 0.276871779979134 0.705215492669915 -999 -999
  1 18 1 0 26 0.0179127273509514 0.276871779979134 0.705215492669915 -999 -999
  1 19 1 0 281 0.0139793125083261 0.475073162556242 0.510947524935432 -999 -999
  1 19 1 0 15 0.0139793125083261 0.475073162556242 0.510947524935432 -999 -999
  1 20 1 0 177 0.00143169694222656 0.277363498483316 0.13277082389038 -999 0.588433980684077
  1 21 1 0 305 0.0156922118043712 0.287041104025009 0.697266684170619 -999 -999
  1 22 1 0 483 0.0346067621850712 0.232794412416134 0.313613665732345 0.41898515966645 -999
  1 23 1 0 500 0.0128838038375248 0.368020321946744 0.341198273638756 0.277897600576975 -999
  1 24 1 0 101 0.0192284097357484 0.182990046470254 0.797781543793997 -999 -999
  1 25 1 0 145 0.0189144952451581 0.631362105838774 0.349723398916068 -999 -999
  1 26 1 0 200 0.0290198774746126 0.342431868418155 0.628548254107233 -999 -999
  1 27 1 0 139 0.00893956537655163 0.612740856600885 0.378319578022563 -999 -999
  1 28 1 0 182 0.0195382926559808 0.57364822140891 0.406813485935109 -999 -999
  1 29 1 0 80 0.00297354457743381 0.381916824974967 0.615109630447599 -999 -999
  1 30 1 0 126 0.0125389432822555 0.641699128849546 0.345761927868198 -999 -999
  1 31 1 0 204 0.000476907706285221 0.999523092293715 -999 -999 -999
  1 32 1 0 72 0.0048593261549149 0.200583535949983 0.794557137895103 -999 -999
  1 33 1 0 109 0.0305516946434299 0.314841685631806 0.654606619724764 -999 -999
  1 34 1 0 118 0.0125652348454436 0.987434765154556 -999 -999 -999
  1 35 1 0 503 0.0230311898486436 0.176430130953975 0.800538679197382 -999 -999
  1 36 1 0 186 0.0019051797073293 0.255259612070316 0.742835208222354 -999 -999
  1 37 1 0 466 0.126818715619012 0.275288954817974 0.597892329563014 -999 -999
  1 38 1 0 107 0.0171866516309569 0.524147628395216 0.458665719973827 -999 -999
  1 39 1 0 138 0.0346654303347217 0.965334569665278 -999 -999 -999
  1 40 1 0 80 0.0159840865572308 0.560316781617743 0.423699131825026 -999 -999
  1 41 1 0 306 0.0147669985208979 0.512174280095953 0.473058721383149 -999 -999
  1 42 1 0 590 0.0269161531537769 0.973083846846223 -999 -999 -999
  1 43 1 0 572 0.0208704152495774 0.375125756063784 0.604003828686638 -999 -999
  1 44 1 0 495 0.0332897532828616 0.146668828777698 0.820041417939441 -999 -999
  1 45 1 0 114 0.000542870657034744 0.288318068455452 0.711139060887513 -999 -999
  1 46 1 0 255 0.0140477505965886 0.985952249403411 -999 -999 -999
  1 47 1 0 137 0.121675386109458 0.878324613890542 -999 -999 -999
  1 48 1 0 351 0.119256505576208 0.880743494423792 -999 -999 -999
  1 49 1 0 343 0.00184016183674962 0.99815983816325 -999 -999 -999
  1 50 1 0 68 0.0064043882326232 0.256721128988553 0.736874482778823 -999 -999
  1 51 1 0 152 0.0184488762834781 0.773537911969556 0.208013211746966 -999 -999
  1 52 1 0 132 0.18677384914903 0.81322615085097 -999 -999 -999
  1 1 2 0 41 -999 -999 0.0769879121782748 0.923012087821725 -999
  1 2 2 0 52 -999 0.0183835119798235 0.460868537200504 0.520747950819672 -999
  1 3 2 0 16 0.000213596973025754 -999 0.306908336384719 0.692878066642256 -999
  1 4 2 0 82 -999 -999 1 -999 -999
  1 5 2 0 47 -999 -999 0.637078777058692 0.362921222941308 -999
  1 6 2 0 7 -999 -999 1 -999 -999
  1 7 2 0 8 -999 -999 0.586045189711525 0.413954810288475 -999
  1 8 2 0 1 -999 -999 -999 1 -999
  1 9 2 0 1 -999 -999 -999 1 -999
  1 10 2 0 4 -999 -999 0.293582682208275 0.706417317791725 -999
  1 11 2 0 68 -999 0.00847830874256772 0.394846950011011 0.596674741246422 -999
  1 14 2 0 1 -999 -999 -999 1 -999
  1 15 2 0 9 -999 -999 0.245300975493695 0.754699024506305 -999
  1 16 2 0 1 -999 -999 1 -999 -999
  1 17 2 0 21 -999 -999 1 -999 -999
  1 18 2 0 1 -999 -999 0.398804756330479 0.601195243669521 -999
  1 18 2 0 10 -999 -999 0.398804756330479 0.601195243669521 -999
  1 19 2 0 112 -999 -999 1 -999 -999
  1 20 2 0 603 -999 0.0253553434645476 0.974644656535452 -999 -999
  1 21 2 0 1713 -999 0.079015873015873 0.610126984126984 0.310857142857143 -999
  1 22 2 0 259 -999 0.118048923822816 0.612061999559245 0.269889076617939 -999
  1 23 2 0 1142 -999 -999 0.843510862308048 0.156489137691952 -999
  1 24 2 0 78 -999 0.0373129950132004 0.706482839542388 0.256204165444412 -999
  1 25 2 0 2625 -999 0.0958166679244334 0.904183332075567 -999 -999
  1 26 2 0 3223 -999 -999 1 -999 -999
  1 27 2 0 1013 -999 0.0807074783205976 0.811940127643742 0.10735239403566 -999
  1 28 2 0 18438 -999 0.488789879578435 0.511210120421565 -999 -999
  1 29 2 0 3952 -999 0.368648246161277 0.631351753838723 -999 -999
  1 30 2 0 4068 -999 -999 0.972522971986835 0.0274770280131651 -999
  1 31 2 0 1252 -999 -999 0.979767721075092 0.0202322789249076 -999
  1 32 2 0 651 -999 0.0117824683975251 0.988217531602475 -999 -999
  1 33 2 0 1355 -999 -999 1 -999 -999
  1 34 2 0 826 -999 0.0105928853754941 0.989407114624506 -999 -999
  1 35 2 0 84 -999 0.196634997205636 0.515398417507427 0.287966585286937 -999
  1 36 2 0 11108 -999 0.735420563814775 0.264579436185225 -999 -999
  1 37 2 0 1075 0.000952303213343128 0.151361793595081 0.847685903191576 -999 -999
  1 38 2 0 1047 -999 0.0391890780491817 0.960810921950818 -999 -999
  1 39 2 0 20 0.00374131480491716 -999 0.996258685195083 -999 -999
  1 40 2 0 1381 -999 -999 1 -999 -999
  1 41 2 0 457 -999 -999 1 -999 -999
  1 42 2 0 22943 -999 0.0406974860405589 0.959302513959441 -999 -999
  1 43 2 0 7348 0.0012944395871419 0.642768738148497 0.355936822264361 -999 -999
  1 44 2 0 6900 -999 0.00306089649932792 0.99418648822395 0.00275261527672258 -999
  1 45 2 0 4794 -999 0.0150213344804734 0.984978665519527 -999 -999
  1 46 2 0 112 -999 0.0766998341625207 0.923300165837479 -999 -999
  1 47 2 0 1785 -999 -999 1 -999 -999
  1 48 2 0 707 -999 -999 1 -999 -999
  1 49 2 0 34249 -999 -999 1 -999 -999
  1 50 2 0 3451 -999 -999 0.770794241473375 0.229205758526625 -999
  1 51 2 0 1135 -999 -999 0.841026832384714 0.158973167615286 -999
  1 52 2 0 2613 -999 0.716833263653985 0.283166736346015 -999 -999
  1 1 3 0 148 -999 0.116734179494104 0.883265820505896 -999 -999
  1 2 3 0 116 -999 0.277315128627223 0.722684871372777 -999 -999
  1 3 3 0 31 -999 0.0171453064723532 0.816579974745427 0.16627471878222 -999
  1 4 3 0 11 -999 0.0136062232683641 0.986393776731636 -999 -999
  1 5 3 0 91 -999 0.0311363291906638 0.647923613216126 0.32094005759321 -999
  1 6 3 0 20 -999 0.100797783404194 0.899202216595806 -999 -999
  1 7 3 0 180 -999 0.310547957189933 0.689452042810067 -999 -999
  1 8 3 0 6 -999 0.293956043956044 0.706043956043956 -999 -999
  1 9 3 0 6 -999 -999 0.637020051714885 0.362979948285115 -999
  1 11 3 0 850 -999 0.28790155173007 0.214753477916805 0.497344970353125 -999
  1 12 3 0 1 -999 -999 0.525861611642588 0.474138388357412 -999
  1 12 3 0 35 -999 -999 0.525861611642588 0.474138388357412 -999
  1 13 3 0 19 -999 -999 0.486171899777989 0.513828100222011 -999
  1 14 3 0 2 0.0237340041561851 -999 0.976265995843815 -999 -999
  1 15 3 0 13 -999 0.0568226375637172 0.683603450529343 0.25957391190694 -999
  1 16 3 0 1 -999 -999 1 -999 -999
  1 17 3 0 5 -999 0.267798897761782 0.732201102238218 -999 -999
  1 18 3 0 1 -999 0.266701974729515 0.733298025270485 -999 -999
  1 18 3 0 3 -999 0.266701974729515 0.733298025270485 -999 -999
  1 19 3 0 28 -999 1 -999 -999 -999
  1 19 3 0 1 -999 1 -999 -999 -999
  1 20 3 0 7 -999 0.38740959894806 0.61259040105194 -999 -999
  1 21 3 0 4 -999 0.0705468500159898 0.92945314998401 -999 -999
  1 22 3 0 2 -999 0.528331822302811 0.471668177697189 -999 -999
  1 23 3 0 15 -999 0.366038882138518 0.633961117861482 -999 -999
  1 24 3 0 1399 -999 0.808730543376577 0.191269456623423 -999 -999
  1 25 3 0 388 -999 0.0452281261131842 0.954771873886816 -999 -999
  1 26 3 0 148 -999 0.318077989884157 0.681922010115843 -999 -999
  1 27 3 0 109 -999 0.0804426622773994 0.919557337722601 -999 -999
  1 28 3 0 246 -999 0.717563047997831 0.282436952002169 -999 -999
  1 29 3 0 333 -999 0.698671831765357 0.301328168234643 -999 -999
  1 30 3 0 2120 -999 0.00467500160837211 0.995324998391628 -999 -999
  1 31 3 0 647 -999 0.94247479328522 0.0575252067147796 -999 -999
  1 32 3 0 764 -999 0.0316418628906093 0.968358137109391 -999 -999
  1 33 3 0 291 -999 0.388210489326188 0.611789510673812 -999 -999
  1 34 3 0 949 -999 0.184560499084762 0.815439500915238 -999 -999
  1 35 3 0 17 -999 0.538258058195356 0.461741941804644 -999 -999
  1 36 3 0 4639 -999 0.924385714285714 0.0756142857142857 -999 -999
  1 37 3 0 174 -999 0.412602371348246 0.587397628651754 -999 -999
  1 38 3 0 8 -999 0.322635857937527 0.677364142062473 -999 -999
  1 39 3 0 2 -999 1 -999 -999 -999
  1 40 3 0 299 -999 1 -999 -999 -999
  1 41 3 0 46 -999 -999 1 -999 -999
  1 42 3 0 256 -999 0.126688293458935 0.873311706541065 -999 -999
  1 43 3 0 29 -999 0.75043218607575 0.24956781392425 -999 -999
  1 44 3 0 76 -999 0.406268973891925 0.593731026108075 -999 -999
  1 45 3 0 293 -999 0.073639982308713 0.926360017691287 -999 -999
  1 46 3 0 10 -999 0.188861788617886 0.811138211382114 -999 -999
  1 47 3 0 692 -999 -999 1 -999 -999
  1 48 3 0 1084 -999 0.00370743054785034 0.99629256945215 -999 -999
  1 49 3 0 1525 -999 0.0218017539197449 0.978198246080255 -999 -999
  1 50 3 0 2307 -999 0.849274109511178 0.150725890488822 -999 -999
  1 51 3 0 127 -999 0.145981589084024 0.854018410915976 -999 -999
  1 52 3 0 4156 -999 0.107677516824612 0.892322483175388 -999 -999
  1 1 4 0 24 -999 0.121745566736692 0.273528094301613 0.604726338961695 -999
  1 2 4 0 20 -999 0.0126286463802241 0.199446347697888 0.521630976245276 0.266294029676612
  1 3 4 0 9 0.00488276078671977 -999 0.810488988224037 0.184628250989243 -999
  1 4 4 0 25 0.00124295602860261 0.06215178952434 0.213611631409698 0.287150759266669 0.43584286377069
  1 5 4 0 48 0.000949336808142579 0.0533891754101339 0.339147080547411 0.386010774919016 0.220503632315296
  1 6 4 0 36 -999 0.184185422623501 0.34259286310385 0.473221714272649 -999
  1 7 4 0 14 -999 0.0293336945554727 0.431060190298994 0.539606115145533 -999
  1 8 4 0 32 0.00014290072313979 0.054055615718831 0.393086338752999 0.47338349770023 0.0793316471048003
  1 9 4 0 16 0.000623748833222771 -999 0.448360934830722 0.551015316336055 -999
  1 10 4 0 51 7.03153035196446e-05 0.0104665888002616 0.166420736294751 0.494343255065126 0.328699104536342
  1 11 4 0 29 0.000352407671482687 -999 0.0583509810099427 0.619011280320652 0.322285330997923
  1 12 4 0 1 0.00187341262106698 0.0336987769470706 0.0932307397029362 0.733891363526093 0.137305707202833
  1 12 4 0 58 0.00187341262106698 0.0336987769470706 0.0932307397029362 0.733891363526093 0.137305707202833
  1 13 4 0 25 0.00532395394875935 0.0356483883987776 0.451860981375771 0.507166676276692 -999
  1 14 4 0 24 0.00437863549636216 0.0672825315541096 0.36247718638122 0.404027831381077 0.161833815187232
  1 15 4 0 12 0.0117411639905492 0.136484669249026 0.592407755650921 0.259366411109504 -999
  1 16 4 0 18 -999 0.194566645039799 0.350987253335021 0.45444610162518 -999
  1 17 4 0 7 -999 0.110423445421274 0.889576554578726 -999 -999
  1 18 4 0 4 -999 0.0170299694544891 0.546540031078 0.436429999467511 -999
  1 18 4 0 11 -999 0.0170299694544891 0.546540031078 0.436429999467511 -999
  1 19 4 0 14 0.00393981077987672 -999 0.583881637667615 0.412178551552508 -999
  1 20 4 0 6 -999 0.210845968501626 0.789154031498374 -999 -999
  1 21 4 0 4 -999 0.0203645403302889 -999 0.979635459669711 -999
  1 22 4 0 16 0.00159094408234785 0.364117245980483 0.634291809937169 -999 -999
  1 23 4 0 15 0.0178974135572958 0.0177616582410569 0.551855491505162 0.412485436696486 -999
  1 24 4 0 10 0.0330641682909385 0.0536746761010925 0.24960280412101 0.663658351486959 -999
  1 25 4 0 12 0.0177608996748163 0.0810475129471275 0.111239913284355 0.789951674093701 -999
  1 26 4 0 7 0.01075323616349 0.200913940135222 0.788332823701288 -999 -999
  1 27 4 0 23 0.0112608332851395 0.0699278744867357 0.414907591767943 0.503903700460182 -999
  1 28 4 0 6 0.00759108651097215 0.348171742621046 0.644237170867982 -999 -999
  1 29 4 0 8 -999 0.111716437395669 0.68790100421577 0.200382558388561 -999
  1 30 4 0 6 -999 0.142078658947268 0.857921341052732 -999 -999
  1 31 4 0 13 0.00474253398154579 0.0092757217977974 0.45681516023415 0.529166583986507 -999
  1 32 4 0 8 0.019859999860973 0.0503242803617481 0.419757119917696 0.510058599859583 -999
  1 33 4 0 25 0.00387042991544599 0.203701899307473 0.509007545985038 0.283420124792043 -999
  1 34 4 0 20 0.0186474113224402 0.097599817088409 0.44392483609739 0.439827935491761 -999
  1 35 4 0 33 0.00521872060206961 0.167792803386642 0.383204374412041 0.443784101599247 -999
  1 36 4 0 20 0.00822076418371285 0.0510131223465843 0.575098900038595 0.365667213431108 -999
  1 37 4 0 14 0.00698078387482284 0.241228628801695 0.217165790907095 0.534624796416386 -999
  1 38 4 0 32 0.00124284094543129 0.0901968194900718 0.908560339564497 -999 -999
  1 39 4 0 33 0.00082659217645043 0.17572768149202 0.82344572633153 -999 -999
  1 40 4 0 15 0.00572587970226369 0.199160109940665 0.795114010357071 -999 -999
  1 41 4 0 12 -999 0.339145394199524 0.660854605800476 -999 -999
  1 42 4 0 26 0.00731636685745435 0.110779503952031 0.881904129190515 -999 -999
  1 43 4 0 55 0.00288723328459118 0.261787821148437 0.349915955146927 0.385408990420044 -999
  1 44 4 0 94 0.0145164652200009 0.20868627308182 0.670493441787229 0.10630381991095 -999
  1 45 4 0 82 0.000500009375175785 0.174967030631824 0.824532959993 -999 -999
  1 46 4 0 54 0.00214622173079146 0.034668595499456 0.963185182769753 -999 -999
  1 47 4 0 60 0.00139053751693856 0.176178083342962 0.655570816307237 0.166860562832862 -999
  1 48 4 0 200 0.0858739922766208 0.109461739512357 0.543447007970585 0.261217260240438 -999
  1 49 4 0 125 0.00210121286888012 0.347323623009616 0.650575164121504 -999 -999
  1 50 4 0 336 0.00297078348701425 0.167341106683 0.829688109829986 -999 -999
  1 51 4 0 140 0.0151100734964381 0.191095303462354 0.793794623041208 -999 -999
  1 52 4 0 167 0.000669021475510748 0.134073161547067 0.754764714345125 0.110493102632297 -999
  1 1 5 0 276 0.00571487767399299 0.060619140523835 0.829403995234724 0.104261986567448 -999
  1 2 5 0 85 0.00962311350165644 0.00660822183993529 0.804182285758643 0.179586378899765 -999
  1 3 5 0 356 -999 0.182995556655796 0.419897290292594 0.39710715305161 -999
  1 4 5 0 238 0.038994788840916 -999 0.526883289185135 0.434121921973949 -999
  1 5 5 0 568 0.182403696236011 0.241063484159572 0.154306425148772 0.422226394455646 -999
  1 6 5 0 674 0.161901233491697 0.257943599354923 -999 0.58015516715338 -999
  1 7 5 0 180 0.102547608718417 0.406405672655467 0.491046718626116 -999 -999
  1 8 5 0 1547 0.266943447037702 0.189744165170557 0.543312387791742 -999 -999
  1 9 5 0 3595 0.0831015474865986 0.703436330535046 0.213462121978355 -999 -999
  1 10 5 0 4147 0.00362095324947027 0.478379652158586 0.132883236710718 0.385116157881225 -999
  1 11 5 0 3536 0.250657033457029 0.20677605740553 0.542566909137441 -999 -999
  1 12 5 0 2 0.126249259332412 0.657080782144973 0.216669958522615 -999 -999
  1 12 5 0 1318 0.126249259332412 0.657080782144973 0.216669958522615 -999 -999
  1 13 5 0 3064 0.241922856098961 0.121457278563599 -999 0.636619865337439 -999
  1 14 5 0 491 0.0640880161823474 0.179332423350382 0.26278224546516 0.49379731500211 -999
  1 15 5 0 203 0.00362963977537324 0.12248523570502 0.571911986271018 0.301973138248588 -999
  1 16 5 0 398 0.234909172966264 0.649260972582647 0.115829854451089 -999 -999
  1 17 5 0 380 0.0090820629257217 0.454547377624843 0.239708640652103 0.296661918797332 -999
  1 18 5 0 638 0.460327161603451 0.470861046198095 0.0688117921984541 -999 -999
  1 18 5 0 449 0.460327161603451 0.470861046198095 0.0688117921984541 -999 -999
  1 19 5 0 570 -999 0.663507167420591 0.336492832579409 -999 -999
  1 19 5 0 1 -999 0.663507167420591 0.336492832579409 -999 -999
  1 20 5 0 282 0.172346078318124 0.37056717107543 0.457086750606446 -999 -999
  1 21 5 0 509 0.0109180422820736 0.830041509798243 0.159040447919683 -999 -999
  1 22 5 0 340 0.0600489547817473 0.226259575757284 0.431898512601769 0.2817929568592 -999
  1 23 5 0 371 0.11171700790594 0.382647476180823 0.505635515913237 -999 -999
  1 24 5 0 314 0.294255647161338 0.187780682351364 0.517963670487298 -999 -999
  1 25 5 0 468 0.180655380063655 0.336117627721411 0.483226992214934 -999 -999
  1 26 5 0 1080 0.200341331703092 0.799658668296908 -999 -999 -999
  1 27 5 0 327 0.24637303448875 0.75362696551125 -999 -999 -999
  1 28 5 0 1649 0.196567862714509 0.613913445426706 0.189518691858785 -999 -999
  1 29 5 0 357 0.331805856832972 0.668194143167028 -999 -999 -999
  1 30 5 0 813 0.0712945127673236 0.601027312688299 -999 0.327678174544377 -999
  1 31 5 0 935 0.0785424717289775 0.474874153449815 0.446583374821207 -999 -999
  1 32 5 0 1385 0.0654686821481007 0.102173328646167 0.832357989205732 -999 -999
  1 33 5 0 1796 0.0915866741953699 0.773063375547848 0.135349950256783 -999 -999
  1 34 5 0 1709 0.0564484765796839 0.513429943066987 0.0959764362356631 0.334145144117666 -999
  1 35 5 0 4112 0.0205419827023367 0.510127918879924 0.0908207926617928 0.378509305755947 -999
  1 36 5 0 12733 0.853081224191413 -999 0.146918775808587 -999 -999
  1 37 5 0 14227 0.0670545658416322 0.932945434158368 -999 -999 -999
  1 38 5 0 3639 0.211862146060136 0.788137853939864 -999 -999 -999
  1 39 5 0 3805 0.0641821773595286 0.935817822640471 -999 -999 -999
  1 40 5 0 4082 0.153097679892401 0.706666106254203 0.140236213853396 -999 -999
  1 41 5 0 1305 0.176878494576563 0.350428473408371 0.472693032015066 -999 -999
  1 42 5 0 2598 0.0950557673899592 0.0665295178460936 0.838414714763947 -999 -999
  1 43 5 0 14099 1 -999 -999 -999 -999
  1 44 5 0 23538 0.323261223540358 0.676738776459642 -999 -999 -999
  1 45 5 0 12108 0.0625510192349702 0.596370304793221 0.341078675971809 -999 -999
  1 46 5 0 169476 0.998515037149412 0.00148496285058807 -999 -999 -999
  1 47 5 0 78798 0.719725749858441 0.280274250141559 -999 -999 -999
  1 48 5 0 50026 0.0562675755084248 0.943732424491575 -999 -999 -999
  1 49 5 0 125999 0.832378689108114 0.167621310891886 -999 -999 -999
  1 50 5 0 16599 0.0778830030183496 0.92211699698165 -999 -999 -999
  1 51 5 0 8334 0.230356679267266 0.539153670320207 0.230489650412527 -999 -999
  1 52 5 0 1364 0.159215026478376 0.315933914386584 0.52485105913504 -999 -999
  1 1 6 0 1666 0.0192267873517319 0.649717514124294 0.331055698523974 -999 -999
  1 2 6 0 1244 0.0109172054700463 0.942003776391829 0.0470790181381244 -999 -999
  1 3 6 0 833 0.00402368735850362 0.542832003638125 0.453144309003371 -999 -999
  1 4 6 0 3663 0.0364953811718735 0.963504618828126 -999 -999 -999
  1 5 6 0 1441 0.0197242195484947 0.950420484498557 0.0298552959529488 -999 -999
  1 6 6 0 983 0.0163632135025583 0.734068708884311 0.24956807761313 -999 -999
  1 7 6 0 8690 0.119063170663432 0.531025473546701 0.349911355789867 -999 -999
  1 8 6 0 4275 0.0777723308209245 0.7837490042282 0.138478664950875 -999 -999
  1 9 6 0 1142 0.016257958156636 0.934816325202547 0.0489257166408173 -999 -999
  1 10 6 0 1913 0.0189927059790425 0.829348161084857 0.0835987261146497 0.0680604068214506 -999
  1 11 6 0 6005 0.0320330426801285 0.953333770405822 0.0146331869140497 -999 -999
  1 12 6 0 60 0.0267433250577116 0.725118689838408 0.248137985103881 -999 -999
  1 12 6 0 3518 0.0267433250577116 0.725118689838408 0.248137985103881 -999 -999
  1 13 6 0 3241 0.0155189391452767 0.758248539355347 0.226232521499376 -999 -999
  1 14 6 0 1187 0.00820715103702761 0.861316113161132 0.130476735801841 -999 -999
  1 15 6 0 4052 0.0598936340188537 0.940106365981146 -999 -999 -999
  1 16 6 0 862 0.00115448157805689 0.998845518421943 -999 -999 -999
  1 17 6 0 2635 0.0415049410644124 0.886153113465889 0.0723419454696988 -999 -999
  1 18 6 0 2431 0.294561247296978 0.705438752703022 -999 -999 -999
  1 18 6 0 9448 0.294561247296978 0.705438752703022 -999 -999 -999
  1 19 6 0 1963 0.0735728138966186 0.878488911375327 0.0479382747280546 -999 -999
  1 19 6 0 206 0.0735728138966186 0.878488911375327 0.0479382747280546 -999 -999
  1 20 6 0 1369 0.0071996523495766 0.992800347650423 -999 -999 -999
  1 21 6 0 4425 0.0965975560602039 0.607829258461871 -999 0.295573185477925 -999
  1 22 6 0 3627 0.504502600093012 0.495497399906989 -999 -999 -999
  1 23 6 0 7379 0.227300904548042 0.772699095451958 -999 -999 -999
  1 24 6 0 2810 0.260251503553855 0.739748496446145 -999 -999 -999
  1 25 6 0 3757 0.180927542805307 0.819072457194693 -999 -999 -999
  1 26 6 0 994 0.00543348569120913 0.994566514308791 -999 -999 -999
  1 27 6 0 2235 0.0193601000960744 0.980639899903926 -999 -999 -999
  1 28 6 0 2157 0.0319468906652215 0.774800162579596 0.193252946755182 -999 -999
  1 29 6 0 844 0.0158589440504334 0.984141055949567 -999 -999 -999
  1 30 6 0 2513 0.0707232177388166 0.723063039834988 0.206213742426196 -999 -999
  1 31 6 0 2997 0.126412578086615 0.873587421913385 -999 -999 -999
  1 32 6 0 3793 0.0929964873285836 0.907003512671416 -999 -999 -999
  1 33 6 0 6655 0.00933960987201275 0.93002060429231 0.060639785835677 -999 -999
  1 34 6 0 3387 0.0541591956967213 0.945840804303279 -999 -999 -999
  1 35 6 0 2711 0.0501874504008976 0.949812549599102 -999 -999 -999
  1 36 6 0 6122 0.143369276802349 0.856630723197651 -999 -999 -999
  1 37 6 0 1648 0.0187756631966333 0.981224336803367 -999 -999 -999
  1 38 6 0 1148 0.0143952408220398 0.98560475917796 -999 -999 -999
  1 39 6 0 5530 0.101543931879854 0.898456068120146 -999 -999 -999
  1 40 6 0 2118 0.023029567718163 0.976970432281837 -999 -999 -999
  1 41 6 0 1858 0.00780052692301069 0.992199473076989 -999 -999 -999
  1 42 6 0 18260 0.137457009603315 0.862542990396685 -999 -999 -999
  1 43 6 0 15127 0.169709643690179 0.830290356309821 -999 -999 -999
  1 44 6 0 18021 0.138041140409888 0.861958859590112 -999 -999 -999
  1 45 6 0 21289 0.267972731963896 0.732027268036104 -999 -999 -999
  1 46 6 0 50821 0.302224413087683 0.697775586912317 -999 -999 -999
  1 47 6 0 13158 0.0395031480012451 0.960496851998755 -999 -999 -999
  1 48 6 0 5016 0.0164410655788368 0.983558934421163 -999 -999 -999
  1 49 6 0 12811 0.0145635946679336 0.960466327397648 0.0249700779344181 -999 -999
  1 50 6 0 34801 0.581773467680911 0.418226532319089 -999 -999 -999
  1 51 6 0 21474 0.21809512804152 0.761165009520843 0.0207398624376372 -999 -999
  1 52 6 0 54379 0.622870122187247 0.377129877812753 -999 -999 -999
  1 1 7 0 911 0.0046842062990527 0.462183103820864 0.533132689880084 -999 -999
  1 2 7 0 362 0.00227470546932383 0.441454646644081 0.464924882948122 0.0913457649384729 -999
  1 3 7 0 637 0.00929436851205787 0.421748773439075 0.568956858048867 -999 -999
  1 4 7 0 519 0.00389982676490384 0.549945650136812 0.399905804435014 0.0462487186632704 -999
  1 5 7 0 827 0.0167240347201437 0.363191222687818 0.48961762945226 0.130467113139779 -999
  1 6 7 0 2192 0.0285840883165367 0.39120228521867 0.580213626464793 -999 -999
  1 7 7 0 453 0.00290922119217162 0.2 0.487839132966098 0.30925164584173 -999
  1 8 7 0 2516 0.0162437635047765 0.696442204486614 0.287314032008609 -999 -999
  1 9 7 0 4768 0.0242521337659731 0.320332966588998 0.655414899645029 -999 -999
  1 10 7 0 973 0.00761251497065257 0.207274994803575 0.447623006799893 0.337489483425879 -999
  1 11 7 0 9408 0.00153802087813713 0.345522487528986 0.566151440701118 0.0867880508917591 -999
  1 12 7 0 21 0.0232302860856445 0.187614567907178 0.615071467571344 0.174083678435834 -999
  1 12 7 0 12645 0.0232302860856445 0.187614567907178 0.615071467571344 0.174083678435834 -999
  1 13 7 0 1247 0.00572115587359049 0.173316542235592 0.718836486074166 0.102125815816652 -999
  1 14 7 0 6004 -999 0.546466927462368 0.396646808798712 0.0568862637389206 -999
  1 15 7 0 3046 0.0322080391201196 0.379695159529689 0.48912938399507 0.0989674173551222 -999
  1 16 7 0 8280 0.00133446588344602 0.610578868224151 0.285674379697293 0.10241228619511 -999
  1 17 7 0 4097 0.02104748493807 0.302973682030727 0.364591434839881 0.311387398191322 -999
  1 18 7 0 1047 0.0168299140561503 0.47796347146081 0.410577063768478 0.0946295507145611 -999
  1 18 7 0 9284 0.0168299140561503 0.47796347146081 0.410577063768478 0.0946295507145611 -999
  1 19 7 0 3800 0.0168993237653374 0.466617910695151 0.461520343017161 0.0549624225223509 -999
  1 19 7 0 2075 0.0168993237653374 0.466617910695151 0.461520343017161 0.0549624225223509 -999
  1 20 7 0 9024 0.0228798542578024 0.592192542921816 0.351169295177752 0.0337583076426296 -999
  1 21 7 0 4014 0.0324274000464581 0.569464030625776 0.398108569327766 -999 -999
  1 22 7 0 3875 0.0358712738984884 0.569337164863857 0.322202164908698 0.0725893963289565 -999
  1 23 7 0 12034 0.0116676788058064 0.268055909260094 0.681386761220052 0.0388896507140478 -999
  1 24 7 0 4618 0.00628483630003759 0.394910018143481 0.598805145556482 -999 -999
  1 25 7 0 10494 0.0084542445409848 0.559032664283642 0.393891903307878 0.0386211878674954 -999
  1 26 7 0 5217 -999 0.262087293077624 0.655370731367086 0.0825419755552902 -999
  1 27 7 0 1999 0.0019685985116002 0.486452823299366 0.441293966167491 0.0702846120215429 -999
  1 28 7 0 3628 -999 0.44521001817682 0.55478998182318 -999 -999
  1 29 7 0 3646 -999 0.739773462665292 0.260226537334708 -999 -999
  1 30 7 0 4435 -999 0.645640093186283 0.354359906813717 -999 -999
  1 31 7 0 12420 0.00279350698376746 0.736463496896447 0.260742996119785 -999 -999
  1 32 7 0 5121 -999 0.59601639082119 0.40398360917881 -999 -999
  1 33 7 0 2316 -999 0.405156633889207 0.594843366110793 -999 -999
  1 34 7 0 8414 -999 0.562710295338404 0.437289704661596 -999 -999
  1 35 7 0 3839 -999 0.227071487185805 0.772928512814195 -999 -999
  1 36 7 0 4989 -999 0.0533078816636592 0.946692118336341 -999 -999
  1 37 7 0 3361 -999 0.131113122913008 0.83179699655163 0.0370898805353617 -999
  1 38 7 0 13362 0.000672381265841139 0.0647462097553668 0.934581408978792 -999 -999
  1 39 7 0 8875 0.000212182106844238 0.079921616703571 0.919866201189585 -999 -999
  1 40 7 0 6268 0.00673054173668316 0.0698594716843532 0.923409986578964 -999 -999
  1 41 7 0 7674 0.00118639658896843 0.20250172474242 0.796311878668612 -999 -999
  1 42 7 0 5575 0.00342369334306943 0.338059856919529 0.658516449737401 -999 -999
  1 43 7 0 16511 0.011372040096759 0.430973362660013 0.557654597243229 -999 -999
  1 44 7 0 15444 0.0956012073522964 0.417354957564353 0.487043835083351 -999 -999
  1 45 7 0 59684 0.0525394012545529 0.730881839246356 0.216578759499091 -999 -999
  1 46 7 0 46094 0.015168926128288 0.916053115802273 0.0687779580694387 -999 -999
  1 47 7 0 18737 0.029267129385686 0.912728255537184 0.0580046150771299 -999 -999
  1 48 7 0 10709 0.00174477709116246 0.761961003803671 0.236294219105166 -999 -999
  1 49 7 0 10176 0.00242258818104134 0.815264019268534 0.182313392550425 -999 -999
  1 50 7 0 9227 0.00624056988121116 0.94072912020682 0.0530303099119689 -999 -999
  1 51 7 0 10040 -999 0.85325922130076 0.14674077869924 -999 -999
  1 52 7 0 27101 0.000901778349980935 0.825562724048646 0.173535497601373 -999 -999
  1 1 8 0 175 -999 0.289367889829784 0.413417232877018 0.297214877293198 -999
  1 2 8 0 201 0.000935749833566883 0.273574145371763 0.555393131316893 0.170096973477777 -999
  1 3 8 0 355 6.50629939907819e-05 0.214442423154098 0.375728380217727 0.409764133634185 -999
  1 4 8 0 141 0.00406745934979175 0.196866983349753 0.676061489841106 0.12300406745935 -999
  1 5 8 0 405 0.00450961698521511 0.243736222716565 0.665733468520957 0.0860206917772633 -999
  1 6 8 0 191 9.77338771680632e-06 0.241037803463689 0.649770651168246 0.109181771980349 -999
  1 7 8 0 193 0.000490753605215252 0.140716964489998 0.584424541659344 0.274367740245443 -999
  1 8 8 0 191 0.00528060281937803 0.0907789024005437 0.499343295818938 0.40459719896114 -999
  1 9 8 0 361 0.00599177400517933 0.527987000897074 0.466021225097747 -999 -999
  1 10 8 0 556 0.00404682164433938 0.245367634182646 0.702507989668155 0.0480775545048595 -999
  1 11 8 0 664 0.00347617125875922 0.333042888065451 0.587145809639114 0.0763351310366756 -999
  1 12 8 0 12 0.0043698977425733 0.30218707165298 0.419291840027172 0.274151190577275 -999
  1 12 8 0 1204 0.0043698977425733 0.30218707165298 0.419291840027172 0.274151190577275 -999
  1 13 8 0 619 0.000410686573456564 0.213858672937209 0.612111982961959 0.173618657527376 -999
  1 14 8 0 535 0.00125362061662106 0.168354379658145 0.752398479627234 0.0779935200979999 -999
  1 15 8 0 405 0.00853561705989111 0.612250453720508 0.379213929219601 -999 -999
  1 16 8 0 405 0.000893814801573114 0.339732465969636 0.580495653008014 0.0788780662207766 -999
  1 17 8 0 288 0.000393338354674031 0.265926018913717 0.648769771528998 0.0849108712026111 -999
  1 18 8 0 87 0.00873950702500501 0.388206675424729 0.603053817550266 -999 -999
  1 18 8 0 257 0.00873950702500501 0.388206675424729 0.603053817550266 -999 -999
  1 19 8 0 219 0.0221469787242923 0.351080480399011 0.626772540876697 -999 -999
  1 19 8 0 28 0.0221469787242923 0.351080480399011 0.626772540876697 -999 -999
  1 20 8 0 128 2.35875759519946e-05 0.358257538589274 0.641718873834774 -999 -999
  1 21 8 0 263 0.000695918287954562 0.263804900820838 0.47245071299206 0.263048467899148 -999
  1 22 8 0 108 0.00200699394645031 0.187008683403829 0.609755700392036 0.201228622257685 -999
  1 23 8 0 147 0.00733808714731026 0.435422157411 0.55723975544169 -999 -999
  1 24 8 0 232 0.008908422168194 0.306071940652079 0.431089084221682 0.253930552958045 -999
  1 25 8 0 170 0.0079031842022298 0.648247399042733 0.343849416755037 -999 -999
  1 26 8 0 132 -999 0.294287576997437 0.705712423002563 -999 -999
  1 27 8 0 370 0.00181172501165149 0.541469466525755 0.236935559041886 0.219783249420707 -999
  1 28 8 0 344 0.000777731830477224 0.404693706442275 0.594528561727248 -999 -999
  1 29 8 0 397 0.00377515621811523 0.15096212710336 0.597897604747486 0.247365111931038 -999
  1 30 8 0 518 0.000702528792800634 0.304101711248232 0.695195759958967 -999 -999
  1 31 8 0 849 0.000620916170514026 0.215513039239581 0.783866044589905 -999 -999
  1 32 8 0 514 0.00272372133400854 0.219297547565651 0.77797873110034 -999 -999
  1 33 8 0 791 0.00249848832990688 0.220507921151288 0.504034345144516 0.27295924537429 -999
  1 34 8 0 853 -999 0.172713564891981 0.603118265939916 0.224168169168103 -999
  1 35 8 0 831 0.00327828634851923 0.278486171646088 0.587687729870788 0.130547812134606 -999
  1 36 8 0 531 0.000122004782587477 0.126636084134498 0.718317798057684 0.154924113025231 -999
  1 37 8 0 455 0.00164882737505176 0.142705130939982 0.746409345864756 0.10923669582021 -999
  1 38 8 0 391 0.000499804369501836 0.218914313841804 0.477719579457536 0.302866302331158 -999
  1 39 8 0 376 -999 0.135141759734655 0.653841841351131 0.211016398914214 -999
  1 40 8 0 379 0.0031422329583185 0.229330074008488 0.767527693033193 -999 -999
  1 41 8 0 757 0.00325059196855721 0.24536975886342 0.751379649168022 -999 -999
  1 42 8 0 1174 0.00449547218628719 0.318180558122343 0.677323969691369 -999 -999
  1 43 8 0 1169 0.00196108695060058 0.274603621352847 0.723435291696552 -999 -999
  1 44 8 0 1019 0.010613010240877 0.203825183903072 0.785561805856051 -999 -999
  1 45 8 0 1578 0.0136552638174995 0.301954038380322 0.684390697802179 -999 -999
  1 46 8 0 491 0.000272518919625995 0.291756030162394 0.625447271676836 0.0825241792411438 -999
  1 47 8 0 190 -999 0.11833143121785 0.679237168990556 0.202431399791594 -999
  1 48 8 0 678 0.000422620475390924 0.286220668806421 0.713356710718188 -999 -999
  1 49 8 0 344 0.0031942583437293 0.122909639760354 0.658337568728919 0.215558533166998 -999
  1 50 8 0 118 0.00119603803448696 0.0459961373462279 0.441065882358558 0.511741942260727 -999
  1 51 8 0 218 0.0052863773281654 0.0886821230791098 0.906031499592725 -999 -999
  1 52 8 0 352 0.00747932927983842 0.222670467694768 0.537301971345017 0.232548231680377 -999
  1 1 9 0 198 0.00472785583785702 0.0815854155439597 0.791422299917193 0.0259775765302769 0.0962868521707128
  1 2 9 0 161 0.00131260948510615 0.0755923465366595 0.284155717752122 0.638939326226112 -999
  1 3 9 0 286 -999 0.126011226625906 0.552748535870678 0.321240237503416 -999
  1 4 9 0 161 0.000428718334950683 0.170622655446606 0.413073012470489 0.243452630969106 0.172422982778848
  1 5 9 0 408 0.00223953783251913 0.237552936014511 0.165279197892876 0.244750797549698 0.350177530710397
  1 6 9 0 644 0.00211495327622959 0.263380326110953 0.652752500375682 0.0817522202371345 -999
  1 7 9 0 255 0.00243427761722198 0.176528085088898 0.422842115617603 0.297547169576386 0.100648352099891
  1 8 9 0 123 0.00412543874974191 0.0490645299620412 0.571522163810492 0.375287867477725 -999
  1 9 9 0 202 0.000298643209600022 0.0459684297928276 0.284050416403657 0.419599365609424 0.250083144984491
  1 10 9 0 777 0.00343150167711571 0.133163572929655 0.151237787495097 0.673678356719292 0.0384887811788397
  1 11 9 0 762 0.000386357060276321 0.014957897579263 0.241281244002542 0.743374501357919 -999
  1 12 9 0 1133 0.00224406360590079 0.0888190832161538 0.116574911166458 0.737255142946996 0.0551067990644915
  1 13 9 0 721 0.000572282962318665 0.16187516645933 0.31120730634248 0.526345244235872 -999
  1 14 9 0 711 0.0033329065570662 0.0850559698166537 0.172361428717289 0.307547943451604 0.431701751457387
  1 15 9 0 1240 0.0223651028469333 0.143935992961757 0.590716810133142 0.242982094058168 -999
  1 16 9 0 984 0.00295576095196367 0.173138044468554 0.174023282454504 0.401444000997507 0.248438911127471
  1 17 9 0 1312 0.00483882298007033 0.117073069945992 0.0798930582931476 0.79819504878079 -999
  1 18 9 0 192 0.000575143529121776 0.169601316961305 0.200752968518228 0.484069111124479 0.145001459866866
  1 18 9 0 775 0.000575143529121776 0.169601316961305 0.200752968518228 0.484069111124479 0.145001459866866
  1 19 9 0 916 0.000916631405076649 0.173374865538636 0.251567908724312 0.40921729466284 0.164923299669136
  1 19 9 0 121 0.000916631405076649 0.173374865538636 0.251567908724312 0.40921729466284 0.164923299669136
  1 20 9 0 1266 0.00509629521732995 0.110734720445721 0.490871186085785 0.327573979580225 0.0657238186709394
  1 21 9 0 848 0.0163762938870972 0.337559498250455 0.43725846679518 0.208805741067268 -999
  1 22 9 0 898 0.00462547256571771 0.273457123023986 0.190429550860501 0.0658352136343445 0.465652639915451
  1 23 9 0 1227 0.000231234848324238 0.0856653622523162 0.0845269373807156 0.472257981176793 0.357318484341851
  1 24 9 0 951 0.00142406464844682 0.282985720742512 0.242052379232731 0.47353783537631 -999
  1 25 9 0 690 0.00145935339250361 0.241641312410091 0.0939957249272241 0.448435632326211 0.214467976943969
  1 26 9 0 579 -999 0.240010484091531 0.173482085878385 0.586507430030085 -999
  1 27 9 0 474 0.0060467345228205 0.385971501895618 0.409581150766851 0.198400612814711 -999
  1 28 9 0 679 0.00194616885909296 0.272470531805802 0.370178683662105 0.185373962135162 0.170030653537837
  1 29 9 0 390 -999 0.236536632891091 0.606343400762762 0.157119966346147 -999
  1 30 9 0 413 -999 0.13884857487441 0.601886162701794 0.259265262423796 -999
  1 31 9 0 758 -999 0.194500159547796 0.516428357974604 0.2890714824776 -999
  1 32 9 0 975 0.000987953553010294 0.183632024624193 0.544321791840382 0.271058229982414 -999
  1 33 9 0 833 -999 0.0895539410285022 0.296057283573946 0.614388775397552 -999
  1 34 9 0 687 -999 0.311626476151995 0.550034206321512 0.138339317526493 -999
  1 35 9 0 1124 0.000326208313262572 0.13001685543201 0.305176292750722 0.504849443241757 0.059631200262249
  1 36 9 0 427 -999 0.0718074235670561 0.359582909075372 0.510395428575114 0.0582142387824583
  1 37 9 0 997 0.00105522015315715 0.169694696312374 0.403222473002661 0.426027610531807 -999
  1 38 9 0 506 0.00056387602202529 0.14413694874822 0.362261906599706 0.493037268630049 -999
  1 39 9 0 822 0.00257991250400134 0.339508101763639 0.401911879029922 0.256000106702437 -999
  1 40 9 0 798 0.000410511706099683 0.204913759961425 0.341732533161309 0.452943195171166 -999
  1 41 9 0 1204 -999 0.118827008378512 0.613416777481239 0.267756214140249 -999
  1 42 9 0 2722 -999 0.351881779320327 0.597238550640526 0.0508796700391461 -999
  1 43 9 0 3162 0.00038885982354781 0.309020514703879 0.278046045135918 0.412544580336655 -999
  1 44 9 0 2488 0.00930428894302222 0.771693151937807 0.118590110015742 0.100412449103429 -999
  1 45 9 0 3081 0.00522571019425847 0.762936194353434 0.0474162599309736 0.184421835521334 -999
  1 46 9 0 2878 0.00901404974853418 0.45085779203649 0.185918765051782 0.354209393163193 -999
  1 47 9 0 3649 0.00052183941544022 0.888034932104831 0.111443228479729 -999 -999
  1 48 9 0 2105 0.000422838491625047 0.43225533652586 0.567321824982514 -999 -999
  1 49 9 0 2441 0.00246246953932011 0.313790683258452 0.683746847202228 -999 -999
  1 50 9 0 1428 0.00265882765882766 0.119867873439302 0.780143408714837 0.097329890187033 -999
  1 51 9 0 1865 0.00328778508396685 0.227113838030751 0.41590236867193 0.353696008213352 -999
  1 52 9 0 3778 0.0152614358118945 0.690624238147174 0.181245910053249 0.112868415987682 -999
  1 1 10 0 1423 0.00891626435824871 0.582194106875312 0.408889628766439 -999 -999
  1 2 10 0 1633 0.00401930623721708 0.248867980205341 0.717929497637598 0.0291832159198445 -999
  1 3 10 0 719 0.000430986320174949 0.415414944051591 0.464707009114563 0.119447060513672 -999
  1 4 10 0 1137 0.00258073246406789 0.467789172522449 0.412704549628355 0.116925545385128 -999
  1 5 10 0 937 0.00361827566316326 0.23816943718209 0.629819685517159 0.128392601637588 -999
  1 6 10 0 718 0.000175387759459501 0.294186277051656 0.542542970001068 0.163095365187817 -999
  1 7 10 0 468 0.00416477530640036 0.294802541988198 0.470063549704948 0.230969133000454 -999
  1 8 10 0 355 0.00222746075967452 0.32948885295512 0.668283686285206 -999 -999
  1 9 10 0 241 -999 0.0568353426636295 0.94316465733637 -999 -999
  1 10 10 0 1328 0.00413192468515724 0.330702427196477 0.597724967216765 0.0674406809016008 -999
  1 11 10 0 1145 0.000662513038820445 0.567963970567506 0.338656931014068 0.0927165853796059 -999
  1 12 10 0 79 0.00199038755974491 0.326856252745936 0.430802412429604 0.166333825937612 0.0740171213271026
  1 12 10 0 946 0.00199038755974491 0.326856252745936 0.430802412429604 0.166333825937612 0.0740171213271026
  1 13 10 0 1176 0.00180154346769066 0.33472552955404 0.646585794611577 0.016887132366692 -999
  1 14 10 0 414 0.000308270908474367 0.503891920219489 0.495799808872037 -999 -999
  1 15 10 0 360 -999 0.252497091740543 0.655431425247703 0.0920714830117534 -999
  1 16 10 0 423 0.000250485739237576 0.438377123205134 0.561372391055628 -999 -999
  1 17 10 0 111 7.28533752968775e-05 0.239075636374233 0.76085151025047 -999 -999
  1 18 10 0 158 0.000185572167402232 0.395018597558516 0.256371983443735 0.348423846830347 -999
  1 18 10 0 89 0.000185572167402232 0.395018597558516 0.256371983443735 0.348423846830347 -999
  1 19 10 0 69 -999 0.18186390594547 0.81813609405453 -999 -999
  1 19 10 0 45 -999 0.18186390594547 0.81813609405453 -999 -999
  1 20 10 0 79 -999 0.0754369963894563 0.924563003610544 -999 -999
  1 21 10 0 38 1.69199011877771e-05 0.111603668234578 0.620909613887855 0.26746979797638 -999
  1 22 10 0 215 0.000148375657489632 0.228683982105896 0.771167642236615 -999 -999
  1 23 10 0 216 0.000329658452226546 0.0731895806312149 0.926480760916559 -999 -999
  1 24 10 0 217 0.000199988334013849 0.489596440207655 0.510203571458332 -999 -999
  1 25 10 0 178 5.71830019442221e-05 0.0709967814138906 0.793683728985247 0.135262306598918 -999
  1 26 10 0 105 -999 0.585288839111015 0.414711160888985 -999 -999
  1 27 10 0 249 0.0016415843581772 0.528590163333058 0.469768252308765 -999 -999
  1 28 10 0 144 0.000444910227003085 0.430060112315115 0.569494977457882 -999 -999
  1 29 10 0 158 0.00208300068223716 0.120719687622476 0.877197311695287 -999 -999
  1 30 10 0 367 -999 0.597290573159984 0.402709426840016 -999 -999
  1 31 10 0 907 0.000696353307678212 0.293893164742533 0.599445666116914 0.105964815832875 -999
  1 32 10 0 925 0.00135648039731178 0.284940416488085 0.713703103114603 -999 -999
  1 33 10 0 534 0.00018954314179604 0.230075758024487 0.659947757171542 0.109786941662175 -999
  1 34 10 0 1098 7.55151001155962e-05 0.360869236890869 0.496209722859583 0.142845525149433 -999
  1 35 10 0 529 0.000339076246334311 0.312994868035191 0.686666055718475 -999 -999
  1 36 10 0 509 -999 0.157453679574046 0.420240978630775 0.422305341795178 -999
  1 37 10 0 627 4.85436893203884e-05 0.22377253814147 0.657323162274619 0.118855755894591 -999
  1 38 10 0 382 0.00419702011571784 0.225639795745021 0.700592579268719 0.0695706048705419 -999
  1 39 10 0 1217 0.000261301280376274 0.678428227746592 0.321310470973032 -999 -999
  1 40 10 0 2018 -999 0.347739939200926 0.652260060799074 -999 -999
  1 41 10 0 1314 -999 0.0780036206145879 0.921996379385412 -999 -999
  1 42 10 0 2077 -999 0.264386980520489 0.735613019479511 -999 -999
  1 43 10 0 1030 6.73664855697025e-05 0.113179658491546 0.779105293816945 0.107647681205939 -999
  1 44 10 0 912 0.000544720199819312 0.27515677313068 0.724298506669501 -999 -999
  1 45 10 0 879 0.000367060445116972 0.199081599784258 0.800551339770625 -999 -999
  1 46 10 0 389 0.00056965763053783 0.12424285184198 0.821336552682878 0.0538509378446037 -999
  1 47 10 0 437 -999 0.112870455570034 0.887129544429966 -999 -999
  1 48 10 0 160 0.000472034282646724 0.0160121433133104 0.824884536712235 0.158631285691808 -999
  1 49 10 0 364 0.000165797293678022 0.162914971495619 0.836919231210703 -999 -999
  1 50 10 0 709 0.00860811796159767 0.121384590456129 0.870007291582273 -999 -999
  1 51 10 0 241 0.0102256896071329 0.37091111730287 0.618863193089997 -999 -999
  1 52 10 0 292 0.00266506093957337 0.846496950233611 0.150837988826816 -999 -999
  2 1 1 0 205 0.00743040062081676 0.329323891745077 0.663245707634106 -999 -999
  2 2 1 0 219 0.004673188841289 0.532862741907999 0.399560450965528 0.0629036182851837 -999
  2 3 1 0 171 0.0142775997406901 0.264467509423938 0.721254890835372 -999 -999
  2 4 1 0 181 0.0141398786016468 0.17367484284215 0.812185278556204 -999 -999
  2 5 1 0 423 0.0578450244585653 0.325749108245538 0.245223852793244 0.371182014502653 -999
  2 6 1 0 2619 0.0356592937724942 0.461842980627053 0.294215620129435 0.208282105471018 -999
  2 6 1 0 11 0.0356592937724942 0.461842980627053 0.294215620129435 0.208282105471018 -999
  2 7 1 0 602 0.00881436570931337 0.399285128119945 0.591900506170742 -999 -999
  2 7 1 0 33 0.00881436570931337 0.399285128119945 0.591900506170742 -999 -999
  2 8 1 0 308 0.00141005571994377 0.245571800821161 0.660452872734487 0.0925652707244077 -999
  2 9 1 0 317 0.0188232740034676 0.297460744115141 0.471895826998837 0.211820154882555 -999
  2 9 1 0 1 0.0188232740034676 0.297460744115141 0.471895826998837 0.211820154882555 -999
  2 10 1 0 301 0.00183844932327649 0.697460122087124 0.300701428589599 -999 -999
  2 11 1 0 521 0.00799204440423609 0.299835219505136 0.513993285834046 0.178179450256582 -999
  2 12 1 0 398 0.0163514057910844 0.255526533290917 0.520213181414487 0.207908879503511 -999
  2 12 1 0 227 0.0163514057910844 0.255526533290917 0.520213181414487 0.207908879503511 -999
  2 13 1 0 325 0.00233293045582362 0.250715005430266 0.544237176359834 0.202714887754076 -999
  2 13 1 0 184 0.00233293045582362 0.250715005430266 0.544237176359834 0.202714887754076 -999
  2 14 1 0 602 0.0452876874478569 0.220567745063784 0.44805795819993 0.286086609288429 -999
  2 15 1 0 1525 0.0107462423309228 0.206699210091004 0.489493304603592 0.293061242974482 -999
  2 16 1 0 417 0.0134365388690835 0.143232918701322 0.709849077785812 0.133481464643783 -999
  2 17 1 0 378 0.0153392996573938 0.0971232420290633 0.712400663945126 0.175136794368417 -999
  2 18 1 0 470 0.0140203812555947 0.201182769857613 0.687123253239967 0.0976735956468249 -999
  2 19 1 0 420 0.028352920403943 0.130069500911117 0.600491186246785 0.241086392438155 -999
  2 20 1 0 259 0.0084481966193286 0.222191401154126 0.562348248151123 0.207012154075422 -999
  2 20 1 0 2 0.0084481966193286 0.222191401154126 0.562348248151123 0.207012154075422 -999
  2 21 1 0 526 0.0220369756114593 0.343908102163021 0.567433354864615 0.066621567360905 -999
  2 22 1 0 371 0.0308767094956508 0.27932161325256 0.575861099850343 0.113940577401446 -999
  2 23 1 0 487 0.00992942244286068 0.304041087456123 0.686029490101017 -999 -999
  2 24 1 0 393 0.0251754213156151 0.260251804359117 0.714572774325268 -999 -999
  2 25 1 0 213 0.0135250144067616 0.361627056965402 0.624847928627836 -999 -999
  2 26 1 0 193 0.00390790680814728 0.320171824580482 0.675920268611371 -999 -999
  2 27 1 0 94 0.0386132944323521 0.370099491239853 0.591287214327795 -999 -999
  2 28 1 0 206 0.00579072683981897 0.627543212344826 0.366666060815355 -999 -999
  2 29 1 0 201 0.00812400816531668 0.215562983438727 0.776313008395956 -999 -999
  2 30 1 0 174 0.0187167771479374 0.245687497773125 0.570326828879301 0.165268896199637 -999
  2 31 1 0 351 0.00974201658286437 0.358370309014019 0.481850004994839 0.150037669408278 -999
  2 32 1 0 172 0.00806068345338607 0.436477433805692 0.555461882740922 -999 -999
  2 33 1 0 306 0.0171286827948444 0.46151808326887 0.444361142606859 0.0769920913294267 -999
  2 34 1 0 118 0.00933928841230685 0.546879302335105 0.320667729468463 0.123113679784126 -999
  2 35 1 0 142 0.00150436106354632 0.382576437377408 0.615919201559046 -999 -999
  2 36 1 0 162 0.0103291490066855 0.377328338975516 0.612342512017799 -999 -999
  2 37 1 0 700 0.0609325289154191 0.332782690118215 0.606284780966366 -999 -999
  2 38 1 0 144 0.0144608176646739 0.364215447779239 0.29397886872393 0.327344865832158 -999
  2 39 1 0 309 0.0025561695286218 0.51596525122607 0.481478579245309 -999 -999
  2 40 1 0 379 0.0256437578690864 0.643000754310647 0.331355487820267 -999 -999
  2 41 1 0 338 0.015248821413674 0.635590552420529 0.349160626165797 -999 -999
  2 42 1 0 662 0.0725949472317449 0.403404007695535 0.52400104507272 -999 -999
  2 43 1 0 270 0.0148615337416747 0.397503219523332 0.587635246734993 -999 -999
  2 44 1 0 187 0.0201652527266963 0.466212118620991 0.513622628652313 -999 -999
  2 45 1 0 278 0.0393447698135198 0.674388111888112 0.286267118298368 -999 -999
  2 46 1 0 792 0.0482548476454294 0.951745152354571 -999 -999 -999
  2 47 1 0 210 0.0541071318117152 0.880837508504979 0.0650553596833055 -999 -999
  2 48 1 0 149 0.0895094652572724 0.608217602268585 0.302272932474142 -999 -999
  2 49 1 0 485 0.0172845706010476 0.923720153458958 0.0589952759399945 -999 -999
  2 50 1 0 513 0.027111867549337 0.764451221367352 0.208436911083311 -999 -999
  2 51 1 0 160 0.0225063654962963 0.236770504685336 0.740723129818368 -999 -999
  2 52 1 0 597 0.0514373262135654 0.948562673786435 -999 -999 -999
  2 1 2 0 14 -999 0.173025404157044 0.220230946882217 0.606743648960739 -999
  2 2 2 0 4 -999 0.0355703106473797 0.252430637894238 0.711999051458383 -999
  2 3 2 0 413 -999 0.663683523951097 0.169007675272275 0.167308800776628 -999
  2 4 2 0 21 -999 0.380729794933655 0.619270205066345 -999 -999
  2 5 2 0 264 -999 0.774024144224919 0.225975855775081 -999 -999
  2 6 2 0 501 -999 0.0341090213579853 0.965890978642015 -999 -999
  2 6 2 0 291 -999 0.0341090213579853 0.965890978642015 -999 -999
  2 7 2 0 814 -999 -999 0.984888047081107 0.0151119529188933 -999
  2 7 2 0 1 -999 -999 0.984888047081107 0.0151119529188933 -999
  2 8 2 0 162 -999 0.0388539981401037 0.442871883718264 0.518274118141632 -999
  2 9 2 0 135 0.0113040160259468 -999 0.543665935323858 0.445030048650196 -999
  2 9 2 0 198 0.0113040160259468 -999 0.543665935323858 0.445030048650196 -999
  2 10 2 0 25 -999 0.0150834930194361 0.444785108130304 0.54013139885026 -999
  2 11 2 0 422 -999 0.198121592082823 0.299488362037904 0.502390045879273 -999
  2 12 2 0 77 0.00645499524886137 -999 0.773780268029752 0.219764736721387 -999
  2 12 2 0 1008 0.00645499524886137 -999 0.773780268029752 0.219764736721387 -999
  2 13 2 0 319 -999 0.0466466933523244 0.899081554971636 0.0542717516760394 -999
  2 13 2 0 321 -999 0.0466466933523244 0.899081554971636 0.0542717516760394 -999
  2 14 2 0 590 -999 0.00334152546026818 0.897124132281292 0.09953434225844 -999
  2 15 2 0 53 -999 -999 0.430419378759166 0.569580621240834 -999
  2 16 2 0 12 -999 -999 1 -999 -999
  2 17 2 0 218 -999 0.125375013889403 0.874624986110597 -999 -999
  2 18 2 0 353 0.000743356253484482 0.534875797559314 0.464380846187202 -999 -999
  2 19 2 0 531 0.00279035158429962 0.155515594964966 0.841694053450735 -999 -999
  2 20 2 0 82 -999 0.066054753820034 0.933945246179966 -999 -999
  2 20 2 0 18 -999 0.066054753820034 0.933945246179966 -999 -999
  2 21 2 0 74 0.00143988480921526 0.0979121670266379 0.463762898968083 0.436885049196064 -999
  2 22 2 0 196 -999 0.358728226259599 0.540316538677655 0.100955235062746 -999
  2 23 2 0 315 0.000353127882146685 0.0214078585494338 0.0822954143228669 0.895943599245553 -999
  2 24 2 0 845 0.00304904482529407 0.127062801653131 0.599014479350308 0.270873674171267 -999
  2 25 2 0 1564 0.000153518450998829 0.435320757613556 0.564525723935446 -999 -999
  2 26 2 0 3414 0.000210899274506496 0.00728305494629098 0.938602199779861 0.0539038459993412 -999
  2 27 2 0 2507 1.21978590317827e-05 0.0419069644895928 0.958080837651375 -999 -999
  2 28 2 0 1322 -999 0.0794667000326709 0.504473129939733 0.416060170027596 -999
  2 29 2 0 1195 -999 0.31581554136522 0.65407814904569 0.0301063095890896 -999
  2 30 2 0 1939 0.000450653447498873 0.10784412908922 0.780366224903661 0.11133899255962 -999
  2 31 2 0 3247 -999 0.211196738234206 0.713816408811442 0.0749868529543522 -999
  2 32 2 0 2227 0.00140011707193596 0.0594377382967615 0.892491575566771 0.046670569064532 -999
  2 33 2 0 4825 0.00944639045761379 0.286547318756957 0.704006290785429 -999 -999
  2 34 2 0 2660 -999 0.04545692270144 0.83272026777309 0.12182280952547 -999
  2 35 2 0 4241 0.412150230915512 0.00325149415919587 0.584598274925292 -999 -999
  2 36 2 0 237 0.00203804347826087 0.204080332880435 0.627356487771739 0.166525135869565 -999
  2 37 2 0 1398 0.00514507422402159 0.541729925775978 0.359606950067476 0.0935180499325236 -999
  2 38 2 0 392 0.020363345977241 0.181123976841685 0.798512677181074 -999 -999
  2 39 2 0 531 0.0323680621131046 0.107753645997272 0.559201552827615 0.300676739062008 -999
  2 40 2 0 572 0.00149616607443426 0.253194937971448 0.642946200361573 0.102362695592544 -999
  2 41 2 0 3699 0.0270952640334477 -999 0.540727545747641 0.432177190218911 -999
  2 42 2 0 871 0.000207203784922471 0.224764305694651 0.647995303380875 0.127033187139552 -999
  2 43 2 0 27932 -999 0.845487872244263 0.0967106915080601 0.0578014362476774 -999
  2 44 2 0 37726 -999 0.571081440463396 0.414379132588936 0.0145394269476675 -999
  2 45 2 0 13146 0.00843685186002383 -999 0.991563148139976 -999 -999
  2 46 2 0 27155 -999 0.88718508990313 0.11281491009687 -999 -999
  2 47 2 0 14133 -999 0.0295345485533077 0.970465451446692 -999 -999
  2 48 2 0 8919 -999 0.0414771594759635 0.900057984670303 0.0584648558537337 -999
  2 49 2 0 1284 -999 0.03129666348437 0.96870333651563 -999 -999
  2 50 2 0 7126 0.00698234349919743 0.0288695253382252 0.883707865168539 0.0804402659940381 -999
  2 51 2 0 223 0.00298234078527146 0.087802930678189 0.738540296825099 0.170674431711441 -999
  2 52 2 0 3311 0.00773343517280886 -999 0.992266564827191 -999 -999
  2 1 3 0 1156 -999 1 -999 -999 -999
  2 2 3 0 3 -999 1 -999 -999 -999
  2 3 3 0 37 -999 0.107683803206191 0.596277869909711 0.296038326884098 -999
  2 5 3 0 35 -999 0.486729435468247 0.513270564531752 -999 -999
  2 6 3 0 870 -999 -999 0.959250292759585 0.0407497072404148 -999
  2 7 3 0 111 -999 0.543510324483776 0.456489675516224 -999 -999
  2 8 3 0 800 -999 0.232735061673683 0.767264938326317 -999 -999
  2 9 3 0 721 -999 0.26050804354659 0.73949195645341 -999 -999
  2 10 3 0 2 -999 0.224690082644628 0.775309917355372 -999 -999
  2 12 3 0 18 -999 -999 1 -999 -999
  2 13 3 0 14 -999 -999 0.154344874405974 0.845655125594026 -999
  2 14 3 0 36 -999 -999 -999 1 -999
  2 15 3 0 1 -999 1 -999 -999 -999
  2 16 3 0 66 -999 0.0865502450980392 0.913449754901961 -999 -999
  2 18 3 0 858 -999 0.632710088350113 0.367289911649887 -999 -999
  2 19 3 0 12 -999 0.159919897010442 0.840080102989558 -999 -999
  2 20 3 0 7 -999 -999 0.391197462331483 0.608802537668517 -999
  2 22 3 0 1 -999 -999 -999 1 -999
  2 24 3 0 59 -999 1 -999 -999 -999
  2 25 3 0 7 -999 0.22118026520129 -999 0.77881973479871 -999
  2 26 3 0 315 -999 -999 0.740394249841523 0.259605750158477 -999
  2 27 3 0 143 -999 0.032493649449619 0.30040749364945 0.667098856900931 -999
  2 28 3 0 148 -999 0.772705707625982 0.227294292374018 -999 -999
  2 29 3 0 461 -999 0.614082975745729 0.385917024254271 -999 -999
  2 30 3 0 1657 -999 0.926217021197217 0.0388999085951636 0.0348830702076196 -999
  2 31 3 0 623 -999 0.600787192641075 0.399212807358924 -999 -999
  2 32 3 0 3109 -999 0.746721393532886 0.188891991717205 0.0643866147499091 -999
  2 33 3 0 9668 -999 0.93652687680157 0.0634731231984303 -999 -999
  2 34 3 0 12467 -999 0.957869840939807 0.0421301590601934 -999 -999
  2 35 3 0 275 -999 0.321427419094634 0.678572580905366 -999 -999
  2 36 3 0 84 -999 1 -999 -999 -999
  2 37 3 0 18 -999 1 -999 -999 -999
  2 39 3 0 45 -999 1 -999 -999 -999
  2 40 3 0 2846 -999 0.607047558250878 0.392952441749122 -999 -999
  2 41 3 0 77 -999 0.0741040249954053 0.925895975004595 -999 -999
  2 42 3 0 552 -999 0.301780347633526 0.698219652366474 -999 -999
  2 43 3 0 657 -999 0.341915911477578 0.658084088522422 -999 -999
  2 44 3 0 187 -999 0.109173775340168 0.890826224659832 -999 -999
  2 45 3 0 8849 -999 0.86376217467389 0.13623782532611 -999 -999
  2 46 3 0 1721 -999 0.526036633576386 0.473963366423614 -999 -999
  2 47 3 0 317 -999 0.241882008776207 0.758117991223793 -999 -999
  2 48 3 0 9667 -999 0.828571428571429 0.171428571428571 -999 -999
  2 49 3 0 2028 -999 0.0733868191346108 0.926613180865389 -999 -999
  2 50 3 0 10903 -999 0.800190268070757 0.199809731929243 -999 -999
  2 51 3 0 1216 -999 0.213324592313366 0.758149635335573 0.0285257723510612 -999
  2 52 3 0 5578 -999 0.424419088864829 0.575580911135171 -999 -999
  2 1 4 0 21 -999 0.0767814703354942 0.653722939520435 0.269495590144071 -999
  2 2 4 0 8 -999 0.0453916328874797 0.0925907291557893 0.862017637956731 -999
  2 3 4 0 6 -999 0.116114261374225 0.399683198892527 0.484202539733248 -999
  2 4 4 0 8 0.00128634905138936 0.0438679482301933 -999 0.190022180907192 0.764823521811225
  2 5 4 0 16 0.00669041023611661 0.0372048542408653 0.182466693048411 0.773638042474608 -999
  2 6 4 0 23 0.00829867209803933 0.0792536058173663 0.21255776077931 0.699889961305284 -999
  2 6 4 0 18 0.00829867209803933 0.0792536058173663 0.21255776077931 0.699889961305284 -999
  2 7 4 0 29 -999 0.066669504723591 0.128546950330456 0.443435042198359 0.361348502747594
  2 8 4 0 30 0.00367307248368687 0.109365933745652 0.317271105905883 0.496573373656022 0.0731165142087564
  2 9 4 0 14 0.00144767805064365 -999 0.400282576397588 0.358157491835063 0.240112253716705
  2 10 4 0 17 -999 0.0433248031771336 0.259708296625694 0.696966900197172 -999
  2 11 4 0 6 0.00664415220948362 -999 0.447295785976762 0.546060061813754 -999
  2 12 4 0 5 0.000474768595785474 -999 0.0391493092662642 0.473914558024089 0.486461364113861
  2 12 4 0 8 0.000474768595785474 -999 0.0391493092662642 0.473914558024089 0.486461364113861
  2 13 4 0 2 -999 0.237339291313892 0.762660708686108 -999 -999
  2 13 4 0 6 -999 0.237339291313892 0.762660708686108 -999 -999
  2 14 4 0 43 0.0138393025487818 0.178740729297306 0.455386891040885 0.352033077113027 -999
  2 15 4 0 10 0.00222670482087848 0.0124689215180372 0.14788040843771 0.232332567121703 0.605091398101672
  2 16 4 0 6 -999 0.0807853306167809 0.458255232450454 -999 0.460959436932765
  2 17 4 0 4 -999 -999 0.343424047207787 0.656575952792213 -999
  2 18 4 0 1 -999 -999 1 -999 -999
  2 19 4 0 8 -999 0.0997363979245244 0.557734585009065 -999 0.342529017066411
  2 20 4 0 7 0.0126384060696982 0.00870434242670087 0.865659431554998 0.112997819948603 -999
  2 20 4 0 1 0.0126384060696982 0.00870434242670087 0.865659431554998 0.112997819948603 -999
  2 21 4 0 5 -999 0.118986506832619 0.881013493167381 -999 -999
  2 22 4 0 1 -999 -999 1 -999 -999
  2 23 4 0 11 -999 0.010956481559969 0.143951746272353 0.394408404844653 0.450683367323025
  2 24 4 0 2 -999 1 -999 -999 -999
  2 25 4 0 1 -999 1 -999 -999 -999
  2 26 4 0 7 -999 1 -999 -999 -999
  2 27 4 0 8 0.00621389611286277 0.0791542964105161 0.174142520693808 0.740489286782813 -999
  2 28 4 0 5 0.00764361958912192 0.247401169339699 0.74495521107118 -999 -999
  2 29 4 0 5 -999 0.0998970133882595 0.90010298661174 -999 -999
  2 30 4 0 3 -999 0.167131694437507 -999 0.832868305562493 -999
  2 31 4 0 4 0.216288794260943 0.783711205739057 -999 -999 -999
  2 32 4 0 6 0.0232504323679146 0.262252454144642 0.344146590992132 0.370350522495311 -999
  2 33 4 0 6 0.0288561183030941 0.0677750727879855 0.234369088546379 0.668999720362542 -999
  2 34 4 0 12 0.0806786587612635 0.919321341238736 -999 -999 -999
  2 35 4 0 20 -999 0.498465895680906 0.501534104319094 -999 -999
  2 36 4 0 12 0.0109594101620823 0.0210953253190081 0.96794526451891 -999 -999
  2 37 4 0 4 -999 1 -999 -999 -999
  2 38 4 0 7 -999 0.101510660738842 0.898489339261158 -999 -999
  2 39 4 0 10 -999 0.129959908214304 0.188805239003764 0.681234852781932 -999
  2 40 4 0 14 0.0140485141124016 0.318798377931257 0.667153107956341 -999 -999
  2 41 4 0 2 0.159592723944629 0.840407276055371 -999 -999 -999
  2 42 4 0 44 0.0237929458865511 0.390685175917666 0.585521878195783 -999 -999
  2 43 4 0 8 0.016241424431394 0.107334754434318 0.0742700300020721 0.802153791132216 -999
  2 44 4 0 46 0.00346312658171647 0.426324695249794 0.570212178168489 -999 -999
  2 45 4 0 25 0.00834598932716557 0.253479817753689 0.508482999168652 0.229691193750493 -999
  2 46 4 0 84 0.0044130174705217 0.221796023629195 0.360401081840992 0.413389877059292 -999
  2 47 4 0 30 0.00551744689272541 0.154066543753433 0.656753612045345 0.183662397308496 -999
  2 48 4 0 33 0.0151589732961133 0.0684080649235413 0.916432961780346 -999 -999
  2 49 4 0 147 0.0136480310524009 0.661872724175535 0.173178867245453 0.151300377526611 -999
  2 50 4 0 142 0.00455926068839447 0.599800384141964 0.395640355169641 -999 -999
  2 51 4 0 136 -999 0.149086875153693 0.82566878790449 0.0252443369418174 -999
  2 52 4 0 63 0.00638382544051863 0.255123490529118 0.268569815040795 0.469922868989569 -999
  2 1 5 0 469 0.00191173251816833 0.0958668300662233 0.740112229695508 0.1621092077201 -999
  2 2 5 0 311 -999 -999 1 -999 -999
  2 3 5 0 283 0.0053050671648338 0.0116448288496571 0.450394009608984 0.532656094376526 -999
  2 4 5 0 125 -999 0.0671837573921046 0.190507887905212 0.742308354702683 -999
  2 5 5 0 463 0.0032557889092222 0.0117707021779266 0.230120989364472 0.658008658008658 0.0968438615397211
  2 6 5 0 1829 0.00114480117972732 0.239444545054718 0.319399529143922 0.440011124621633 -999
  2 7 5 0 1019 0.0129530693316517 0.190078649923015 0.149164364574564 0.339593530027497 0.308210386143273
  2 8 5 0 297 0.00642198071183648 0.0634882106997686 0.54988188478382 0.21139546888835 0.168812454916225
  2 9 5 0 4483 0.0988639539029302 0.0817741205037531 0.639036047060637 0.180325878532679 -999
  2 10 5 0 3110 0.00412978070936759 0.47513211440915 0.358215684005477 0.162522420876005 -999
  2 11 5 0 1079 0.000370841810910767 0.13756827999559 0.632717268198811 0.229343609994688 -999
  2 12 5 0 4324 0.0349606071156767 0.0918900265289585 0.524043986923473 0.273297571105928 0.0758078083259642
  2 12 5 0 138 0.0349606071156767 0.0918900265289585 0.524043986923473 0.273297571105928 0.0758078083259642
  2 13 5 0 2992 0.00821489401104361 0.257164394387945 0.335082644520317 0.399538067080694 -999
  2 13 5 0 92 0.00821489401104361 0.257164394387945 0.335082644520317 0.399538067080694 -999
  2 14 5 0 1546 0.0122532255621956 0.189073777298499 0.389670212996108 0.409002784143198 -999
  2 15 5 0 588 0.00263836307054601 0.0957259577840717 0.419906608304804 0.28099414368165 0.200734927158928
  2 16 5 0 322 0.00198482580166543 0.0698808480359944 0.458020399301299 0.414563770776695 0.0555501560843471
  2 17 5 0 325 0.00357802849778729 0.0868161260516462 0.321325925205466 0.5882799202451 -999
  2 18 5 0 669 -999 0.143865500591441 0.0124858852292 0.655163283845244 0.188485330334115
  2 19 5 0 471 0.00508647708296292 0.164872977523977 0.40661137432497 0.42342917106809 -999
  2 20 5 0 390 -999 0.166466137496404 0.280154131113483 0.408545235271026 0.144834496119087
  2 21 5 0 248 0.01882969188215 0.169026301332896 0.607241299549919 0.204902707235035 -999
  2 22 5 0 512 0.00275081683644052 0.226536544850498 0.527621427198594 -999 0.243091211114467
  2 23 5 0 722 0.00239696616839227 0.0652562826925089 0.626475263741028 0.305871487398071 -999
  2 24 5 0 320 -999 0.230844291454826 0.499247454307154 0.269908254238021 -999
  2 25 5 0 126 -999 0.130855545680888 0.425116856509026 0.444027597810085 -999
  2 26 5 0 215 0.0163947833031063 0.234621471970597 0.748983744726297 -999 -999
  2 27 5 0 912 0.0201401722926495 0.219050205771036 0.760809621936314 -999 -999
  2 28 5 0 606 0.0157937280261175 0.10820567553993 0.259888247112004 0.616112349321949 -999
  2 29 5 0 1788 0.00130592551240131 0.218043039051493 0.780651035436106 -999 -999
  2 30 5 0 1183 -999 0.354818115918152 0.321592144716465 0.323589739365383 -999
  2 31 5 0 468 0.00196592944312549 0.322974717814153 0.405085592902661 0.26997375984006 -999
  2 32 5 0 990 0.0224241518807873 0.153445058630882 0.328365160689334 0.495765628798997 -999
  2 33 5 0 1230 0.0121207261332725 0.498386987336463 0.069504499781025 0.41998778674924 -999
  2 34 5 0 1452 0.109216618566119 0.266524095259847 0.312982995245313 0.311276290928721 -999
  2 35 5 0 2166 0.0175622281810516 0.593733122352874 0.388704649466074 -999 -999
  2 36 5 0 1288 0.00359431783932428 0.439533012676011 0.343664610042669 0.213208059441996 -999
  2 37 5 0 10388 0.483998023153071 0.0655624279274557 0.235767450915789 0.214672098003684 -999
  2 38 5 0 5008 0.0679076450801737 0.534365304856145 0.397727050063682 -999 -999
  2 39 5 0 2760 0.062118977205845 0.433463156594465 0.0197823038300284 0.484635562369662 -999
  2 40 5 0 6020 0.0109154615066057 0.766033162540296 0.223051375953098 -999 -999
  2 41 5 0 3450 0.00337067339897854 0.532039789821767 0.464589536779255 -999 -999
  2 42 5 0 2998 -999 0.364470602366224 0.635529397633776 -999 -999
  2 43 5 0 2378 0.0188710957362387 0.169307981813965 0.811820922449796 -999 -999
  2 44 5 0 12298 0.639560156134507 0.0387694185216289 0.321670425343864 -999 -999
  2 45 5 0 15361 0.328269955776043 0.616893854918114 0.0548361893058432 -999 -999
  2 46 5 0 10219 0.174798014150134 0.616299987922168 0.208901997927698 -999 -999
  2 47 5 0 113921 0.984702870799353 0.015297129200647 -999 -999 -999
  2 48 5 0 62579 0.0703056797267591 0.929694320273241 -999 -999 -999
  2 49 5 0 27692 0.522606287746771 0.477393712253229 -999 -999 -999
  2 50 5 0 16779 0.333687016795521 0.603489736070381 0.0628232471340976 -999 -999
  2 51 5 0 7715 0.0847677493389213 0.687777528314125 0.227454722346954 -999 -999
  2 52 5 0 6553 0.0542124952637112 0.603376506940331 0.342410997795958 -999 -999
  2 1 6 0 200 0.033175355450237 0.966824644549763 -999 -999 -999
  2 2 6 0 323 0.0662219699120068 0.805733749645189 0.128044280442804 -999 -999
  2 3 6 0 304 0.0294916569654637 0.970508343034536 -999 -999 -999
  2 4 6 0 362 0.0621972699251431 0.937802730074857 -999 -999 -999
  2 5 6 0 285 0.0433281130787455 0.395614986146247 0.561056900775007 -999 -999
  2 6 6 0 3213 0.0615562560374193 0.938443743962581 -999 -999 -999
  2 6 6 0 219 0.0615562560374193 0.938443743962581 -999 -999 -999
  2 7 6 0 6360 0.371643850153879 0.628356149846121 -999 -999 -999
  2 7 6 0 381 0.371643850153879 0.628356149846121 -999 -999 -999
  2 8 6 0 6066 0.345531339753337 0.654468660246663 -999 -999 -999
  2 9 6 0 1302 0.0390708857498605 0.489051564982182 0.471877549267958 -999 -999
  2 9 6 0 1 0.0390708857498605 0.489051564982182 0.471877549267958 -999 -999
  2 10 6 0 3026 0.0199555582988704 0.583599777791494 0.396444663909635 -999 -999
  2 11 6 0 2932 0.0223539835071219 0.977646016492878 -999 -999 -999
  2 12 6 0 1040 0.0417581842903462 0.46294843635603 0.495293379353624 -999 -999
  2 12 6 0 1149 0.0417581842903462 0.46294843635603 0.495293379353624 -999 -999
  2 13 6 0 2437 0.033882314334352 0.914904526529524 0.051213159136124 -999 -999
  2 13 6 0 763 0.033882314334352 0.914904526529524 0.051213159136124 -999 -999
  2 14 6 0 4462 0.029724111866969 0.970275888133031 -999 -999 -999
  2 15 6 0 226 0.0178993799143387 0.706386243048009 0.275714377037653 -999 -999
  2 16 6 0 1107 0.153096909566614 0.432116674869829 0.414786415563557 -999 -999
  2 17 6 0 670 0.0358110768803132 0.964188923119687 -999 -999 -999
  2 18 6 0 589 0.0727935555947551 0.927206444405245 -999 -999 -999
  2 19 6 0 2883 0.277332154361144 0.722667845638856 -999 -999 -999
  2 20 6 0 2554 0.0219869549228715 0.752143534557842 0.225869510519287 -999 -999
  2 20 6 0 79 0.0219869549228715 0.752143534557842 0.225869510519287 -999 -999
  2 21 6 0 358 0.033028679483139 0.898581783800819 0.0683895367160416 -999 -999
  2 22 6 0 961 0.390479732242469 0.609520267757531 -999 -999 -999
  2 23 6 0 2801 0.00660531393795458 0.993394686062045 -999 -999 -999
  2 24 6 0 1043 0.110805444585317 0.889194555414683 -999 -999 -999
  2 25 6 0 388 0.270877239199157 0.729122760800843 -999 -999 -999
  2 26 6 0 2316 0.0255698340490284 0.974430165950972 -999 -999 -999
  2 27 6 0 2167 0.0017185299443364 0.998281470055664 -999 -999 -999
  2 28 6 0 1518 0.121231728478574 0.878768271521426 -999 -999 -999
  2 29 6 0 12167 0.015275588476788 0.984724411523212 -999 -999 -999
  2 30 6 0 216 0.0332609145458307 0.966739085454169 -999 -999 -999
  2 31 6 0 1339 0.441066500489629 0.558933499510371 -999 -999 -999
  2 32 6 0 2851 0.0249843299486022 0.924633320797292 0.0503823492541056 -999 -999
  2 33 6 0 2243 0.0636342699216951 0.936365730078305 -999 -999 -999
  2 34 6 0 877 0.0522607066469915 0.947739293353008 -999 -999 -999
  2 35 6 0 879 0.066895251157209 0.933104748842791 -999 -999 -999
  2 36 6 0 617 0.31331527401542 0.578162117107731 0.108522608876849 -999 -999
  2 37 6 0 332 0.357173295454545 0.642826704545455 -999 -999 -999
  2 38 6 0 445 0.0194250086595081 0.980574991340492 -999 -999 -999
  2 39 6 0 417 0.103301506959623 0.896698493040377 -999 -999 -999
  2 40 6 0 186 0.19005994005994 0.80994005994006 -999 -999 -999
  2 41 6 0 852 0.131169911798968 0.868830088201032 -999 -999 -999
  2 42 6 0 10819 0.0176286697014095 0.98237133029859 -999 -999 -999
  2 43 6 0 14971 0.870933099992045 0.129066900007955 -999 -999 -999
  2 44 6 0 24124 0.376810771536261 0.623189228463739 -999 -999 -999
  2 45 6 0 25640 0.814594330961671 0.142260299518017 0.0431453695203121 -999 -999
  2 46 6 0 27462 0.054834212223529 0.945165787776471 -999 -999 -999
  2 47 6 0 24309 0.476944863333928 0.507558928291525 0.0154962083745467 -999 -999
  2 48 6 0 12508 0.0213903743315508 0.95350191943406 0.0251077062343889 -999 -999
  2 49 6 0 11045 0.118102442450081 0.867426441720166 0.0144711158297529 -999 -999
  2 50 6 0 7450 0.119667723994709 0.880332276005291 -999 -999 -999
  2 51 6 0 7287 0.475489682012561 0.524510317987439 -999 -999 -999
  2 52 6 0 11812 0.565109745745584 0.434890254254416 -999 -999 -999
  2 1 7 0 20 -999 0.0967110506821698 0.90328894931783 -999 -999
  2 2 7 0 240 -999 0.0973801839739054 0.902619816026095 -999 -999
  2 3 7 0 995 -999 0.35790487845665 0.64209512154335 -999 -999
  2 4 7 0 72 0.00161258148816798 0.125697542070441 0.872689876441391 -999 -999
  2 5 7 0 287 0.0013972212911214 0.0597846534822791 0.776709672123298 0.162108453103302 -999
  2 6 7 0 751 0.000673629569792221 0.0585355884900858 0.737600984228536 0.203189797711586 -999
  2 6 7 0 4 0.000673629569792221 0.0585355884900858 0.737600984228536 0.203189797711586 -999
  2 7 7 0 448 0.000632007663247518 0.0295380098189997 0.881833119056763 0.0879968634609902 -999
  2 7 7 0 269 0.000632007663247518 0.0295380098189997 0.881833119056763 0.0879968634609902 -999
  2 8 7 0 1273 0.000521813190877666 0.131997411593316 0.711648563147726 0.15583221206808 -999
  2 9 7 0 2593 0.004953669795385 0.0836898212992614 0.837375217706746 0.0739812911986072 -999
  2 10 7 0 347 0.00519609728785875 0.105778845640666 0.718956591440739 0.170068465630737 -999
  2 11 7 0 1441 0.000630215449393601 0.130533987528987 0.703996722487616 0.164839074534003 -999
  2 12 7 0 937 0.00267081982650899 0.0627291330882486 0.596144805230084 0.338455241855159 -999
  2 12 7 0 230 0.00267081982650899 0.0627291330882486 0.596144805230084 0.338455241855159 -999
  2 13 7 0 4610 0.000272755677259151 0.120237337133389 0.398507952727642 0.48098195446171 -999
  2 13 7 0 54 0.000272755677259151 0.120237337133389 0.398507952727642 0.48098195446171 -999
  2 14 7 0 15767 0.0366991767405775 0.145979765672025 0.639192189429833 0.178128868157565 -999
  2 15 7 0 2075 0.00626823005832863 0.0420620685537115 0.447912769336239 0.503756932051721 -999
  2 16 7 0 4278 0.0312344980188339 0.134585498893635 0.352071219060361 0.48210878402717 -999
  2 17 7 0 1085 0.00973295267475792 0.291751796176276 0.321636200450115 0.376879050698851 -999
  2 18 7 0 4079 0.0166610066419732 0.351538078803339 0.233440478917066 0.398360435637622 -999
  2 19 7 0 4221 0.00377769439470593 0.186418526790828 0.320772075201575 0.489031703612891 -999
  2 20 7 0 6243 0.0222089667654043 0.242628065306725 0.316964893247645 0.418198074680226 -999
  2 21 7 0 7321 0.0167643043065934 0.407409587097035 0.575826108596372 -999 -999
  2 22 7 0 3932 0.0602229161574347 0.348470212707554 0.200840216406702 0.390466654728309 -999
  2 23 7 0 14409 0.00118634259259259 0.590627117208672 0.235017219963866 0.173169320234869 -999
  2 24 7 0 5082 0.024795949733982 0.241001179707516 0.589432749412829 0.144770121145673 -999
  2 25 7 0 5068 0.0235513324814209 0.439999666849899 0.443333547501255 0.0931154531674246 -999
  2 26 7 0 6037 0.00558410168962933 0.389078777269732 0.547673930211619 0.05766319082902 -999
  2 27 7 0 8623 0.058575010179836 0.314957104277403 0.626467885542761 -999 -999
  2 28 7 0 1735 0.00463604971453433 0.30179095183105 0.693572998454416 -999 -999
  2 29 7 0 2631 0.00109609184010794 0.489446076388445 0.509457831771447 -999 -999
  2 30 7 0 3002 0.00115205881972221 0.327173917733508 0.67167402344677 -999 -999
  2 31 7 0 3421 0.00331012486669476 0.379940208025421 0.550974537957615 0.0657751291502694 -999
  2 32 7 0 2717 0.00300709344681172 0.357582633783915 0.639410272769273 -999 -999
  2 33 7 0 348 0.00134522031131522 0.209592378092558 0.720953275846578 0.0681091257495489 -999
  2 34 7 0 230 -999 0.0191301786286731 0.980869821371327 -999 -999
  2 35 7 0 4557 0.00552150439477322 0.515087417299149 0.479391078306078 -999 -999
  2 36 7 0 893 0.00425550631728263 0.0165184020408836 0.979226091641834 -999 -999
  2 37 7 0 137 -999 0.0342839997129954 0.965716000287005 -999 -999
  2 38 7 0 413 0.00505159380926655 0.0069437595622883 0.988004646628445 -999 -999
  2 39 7 0 591 0.00334015094087752 0.00154945626004167 0.995110392799081 -999 -999
  2 40 7 0 131 0.00428708582726815 -999 0.995712914172732 -999 -999
  2 41 7 0 42 0.00586942071310261 0.0102445841687734 0.983885995118124 -999 -999
  2 42 7 0 154 0.00364943495248919 0.0726849498962067 0.923665615151304 -999 -999
  2 43 7 0 124 0.00636077270484648 0.02133287790808 0.972306349387073 -999 -999
  2 44 7 0 1798 0.0942731994097759 0.333825186768755 0.571901613821469 -999 -999
  2 45 7 0 755 0.0259931430910673 0.081013867330752 0.892992989578181 -999 -999
  2 46 7 0 632 0.114232260028108 0.463741260932227 0.422026479039665 -999 -999
  2 47 7 0 5616 0.00496959133960219 0.678463900732767 0.316566507927631 -999 -999
  2 48 7 0 530 0.147087016721696 0.852912983278304 -999 -999 -999
  2 49 7 0 7758 0.0115730766663228 0.517892449887425 0.470534473446252 -999 -999
  2 50 7 0 47 0.0310244633986316 0.198193777464121 0.770781759137248 -999 -999
  2 51 7 0 2240 -999 0.340449662362896 0.659550337637104 -999 -999
  2 52 7 0 15 -999 0.180744267523076 0.819255732476924 -999 -999
  2 1 8 0 92 0.00183311151846923 0.180599151244256 0.817567737237275 -999 -999
  2 2 8 0 291 -999 0.144235289390682 0.719971070976555 0.135793639632762 -999
  2 3 8 0 99 0.0015843629758167 0.0863971121647737 0.86866907706504 0.0433494477943694 -999
  2 4 8 0 159 0.00539276098372752 0.103736730694256 0.636272531981087 0.254597976340929 -999
  2 5 8 0 236 0.00890443308035569 0.230501449464187 0.760594117455457 -999 -999
  2 6 8 0 95 0.00503080922843866 0.247917050502569 0.747052140268992 -999 -999
  2 6 8 0 43 0.00503080922843866 0.247917050502569 0.747052140268992 -999 -999
  2 7 8 0 235 0.000374839645462228 0.165797861318644 0.748461644125844 0.0853656549100501 -999
  2 7 8 0 141 0.000374839645462228 0.165797861318644 0.748461644125844 0.0853656549100501 -999
  2 8 8 0 96 0.00489276605035678 0.321686962217525 0.673420271732119 -999 -999
  2 9 8 0 183 0.00462003435068768 0.286912565517058 0.708467400132255 -999 -999
  2 9 8 0 26 0.00462003435068768 0.286912565517058 0.708467400132255 -999 -999
  2 10 8 0 198 0.00793155015427717 0.505530631432159 0.486537818413564 -999 -999
  2 11 8 0 299 0.00595360674229827 0.297412931959219 0.644218977159911 0.0524144841385712 -999
  2 12 8 0 103 0.00114768080676316 0.170261269849234 0.751872036725786 0.0767190126182174 -999
  2 12 8 0 106 0.00114768080676316 0.170261269849234 0.751872036725786 0.0767190126182174 -999
  2 13 8 0 316 0.00481171813545129 0.1635000888122 0.696259103250527 0.135429089801822 -999
  2 13 8 0 199 0.00481171813545129 0.1635000888122 0.696259103250527 0.135429089801822 -999
  2 14 8 0 499 0.00977992826184427 0.330064016340358 0.660156055397798 -999 -999
  2 15 8 0 264 0.00347367554940239 0.279697064010789 0.634988605914907 0.0818406545249006 -999
  2 16 8 0 524 0.00166535678077769 0.380656734907339 0.490506005510286 0.127171902801598 -999
  2 17 8 0 466 0.0037632692707972 0.208792062721155 0.475273711232915 0.312170956775134 -999
  2 18 8 0 394 0.001682426712201 0.409848473977989 0.426163349643426 0.162305749666384 -999
  2 19 8 0 354 0.0096720748032537 0.27202104502472 0.718306880172026 -999 -999
  2 20 8 0 246 0.00767259012488457 0.873984827431452 0.118342582443664 -999 -999
  2 20 8 0 4 0.00767259012488457 0.873984827431452 0.118342582443664 -999 -999
  2 21 8 0 346 0.00147960189029513 0.317682279693155 0.680838118416549 -999 -999
  2 22 8 0 218 0.00271987218502739 0.308340941367417 0.688939186447555 -999 -999
  2 23 8 0 208 0.00479618129717322 0.625076959327471 0.370126859375356 -999 -999
  2 24 8 0 243 0.00731443803034605 0.265208510772531 0.653441531812877 0.0740355193842466 -999
  2 25 8 0 158 0.00381427224918738 0.558081764607429 0.438103963143383 -999 -999
  2 26 8 0 78 0.0264640316717387 0.129711679878641 0.609597720818803 0.234226567630817 -999
  2 27 8 0 101 0.0111724390935317 0.523245343427438 0.465582217479031 -999 -999
  2 28 8 0 168 0.0245611574690882 0.457700488511792 0.51773835401912 -999 -999
  2 29 8 0 173 0.00329371169939839 0.523582527643652 0.47312376065695 -999 -999
  2 30 8 0 124 0.00575987160016568 0.225963861659533 0.232090466657462 0.536185800082839 -999
  2 31 8 0 152 0.00202228450142634 0.23024693346505 0.767730782033523 -999 -999
  2 32 8 0 266 0.00639226657186829 0.131888246840851 0.86171948658728 -999 -999
  2 33 8 0 333 0.0085903682171264 0.520122974768585 0.254152817737547 0.217133839276742 -999
  2 34 8 0 159 0.00503324873569585 0.10871817269103 0.633206658801661 0.253041919771613 -999
  2 35 8 0 345 0.00208023359248164 0.122500428811335 0.760023215646229 0.115396121949955 -999
  2 36 8 0 85 0.0087924008860771 0.110176212658505 0.881031386455418 -999 -999
  2 37 8 0 45 0.00230026270045613 0.043544887796845 0.82098140185328 0.133173447649419 -999
  2 38 8 0 97 0.0139270188040592 0.31667818638692 0.66939479480902 -999 -999
  2 39 8 0 88 0.0049586556533562 0.154167092477151 0.840874251869493 -999 -999
  2 40 8 0 87 0.004755171248733 0.103884849774129 0.683424474115601 0.207935504861537 -999
  2 41 8 0 546 0.0274072664235266 0.286330831631525 0.468886476921415 0.217375425023534 -999
  2 42 8 0 537 0.0170289353454243 0.413828049287 0.569143015367576 -999 -999
  2 43 8 0 429 0.00625357661663072 0.244029801470265 0.573895650834177 0.175820971078928 -999
  2 44 8 0 271 0.0221149258831929 0.258219504850328 0.719665569266479 -999 -999
  2 45 8 0 485 0.0109003927624876 0.339758420589695 0.649341186647817 -999 -999
  2 46 8 0 455 0.0108177599397968 0.248881642209122 0.613929651462575 0.126370946388506 -999
  2 47 8 0 468 0.00729148765287047 0.251368688338881 0.741339824008249 -999 -999
  2 48 8 0 148 0.00915600479301148 0.0996796606238646 0.799843454060531 0.0913208805225929 -999
  2 49 8 0 422 0.0225704711216243 0.0564584650312336 0.920971063847142 -999 -999
  2 50 8 0 587 0.0113754736433382 0.150186779493084 0.642339362941342 0.196098383922235 -999
  2 51 8 0 163 0.0178619846543908 0.031937513973257 0.761971810886535 0.188228690485817 -999
  2 52 8 0 103 0.00284826702261958 0.0767801065444969 0.556442755867309 0.363928870565574 -999
  2 1 9 0 221 -999 0.137406051050092 0.55608529342462 0.306508655525288 -999
  2 2 9 0 449 -999 0.213278917696515 0.508241117242232 0.278479965061252 -999
  2 3 9 0 261 0.000317950237543434 0.0830261076077705 0.449094977359564 0.467560964795122 -999
  2 4 9 0 504 -999 0.126663550686722 0.548761294565579 0.324575154747699 -999
  2 5 9 0 519 0.00295285240744565 0.154732178059816 0.383363894469165 0.458951075063573 -999
  2 6 9 0 314 0.00197398144179419 0.169361583818913 0.526769227204801 0.0364120802103727 0.26548312732412
  2 7 9 0 199 -999 0.168192550090044 0.759749183365766 0.0720582665441897 -999
  2 7 9 0 54 -999 0.168192550090044 0.759749183365766 0.0720582665441897 -999
  2 8 9 0 184 0.000808510961563714 0.0922983090725782 0.647635729455953 0.259257450509905 -999
  2 9 9 0 151 0.00195102102257492 0.104407261232189 0.541054939058524 0.352586778686712 -999
  2 9 9 0 4 0.00195102102257492 0.104407261232189 0.541054939058524 0.352586778686712 -999
  2 10 9 0 194 0.000554407083365795 0.0484263716592897 0.283820190926204 0.66719903033114 -999
  2 11 9 0 371 -999 0.00678899204658117 0.487033915785584 0.506177092167835 -999
  2 12 9 0 142 -999 0.0121866182434419 0.0560243588343381 0.857662363224593 0.0741266596976269
  2 12 9 0 50 -999 0.0121866182434419 0.0560243588343381 0.857662363224593 0.0741266596976269
  2 13 9 0 123 0.000371279114110765 0.0223328704336626 0.26686189999928 0.569121953676455 0.141311996776491
  2 13 9 0 49 0.000371279114110765 0.0223328704336626 0.26686189999928 0.569121953676455 0.141311996776491
  2 14 9 0 392 0.00259957334558782 0.129977916391654 0.145213428575934 0.632065759744458 0.0901433219423664
  2 15 9 0 657 0.00147735978093439 0.145584766941473 0.166706081189046 0.686231792088547 -999
  2 16 9 0 1016 0.000479050556427322 0.110416824486409 0.22550150605126 0.663602618905903 -999
  2 17 9 0 701 0.00273217715942244 0.10743034403993 0.251451613863764 0.495100410322852 0.143285454614031
  2 18 9 0 2035 0.00839791102538233 0.369379287503872 0.186302680523654 0.435920120947092 -999
  2 19 9 0 1115 0.00382249662451838 0.255532801631452 0.337462784324105 0.326716129008651 0.0764657884112733
  2 20 9 0 1314 0.00289249042784487 0.158672500817722 0.377465992393584 0.237051936557616 0.223917079803234
  2 20 9 0 2 0.00289249042784487 0.158672500817722 0.377465992393584 0.237051936557616 0.223917079803234
  2 21 9 0 3395 0.00582645993138303 0.305856632670313 0.314009774926974 0.153047316577059 0.221259815894271
  2 22 9 0 1383 0.0019405720460451 0.198681732580038 0.162361842348199 0.467653569505907 0.169362283519811
  2 23 9 0 1706 -999 0.384678496644608 0.0709540984996538 0.447718973323946 0.0966484315317929
  2 24 9 0 1162 0.000683189424556956 0.225771175050534 0.227309233169846 0.461538551991186 0.0846978503638777
  2 25 9 0 1242 -999 0.418837802966958 0.227470942305456 0.353691254727586 -999
  2 26 9 0 1004 0.00486522540903206 0.387485777062816 0.310454349276102 0.29719464825205 -999
  2 27 9 0 499 -999 0.229528326303511 0.168104737064162 0.28016313757376 0.322203799058567
  2 28 9 0 388 -999 0.356916021407956 0.354031426979131 0.178918020231079 0.110134531381834
  2 29 9 0 911 0.00212283218936265 0.306699568056344 0.467592181353102 0.223585418401191 -999
  2 30 9 0 370 0.000376282116435527 0.291973296944978 0.561095024209645 0.146555396728941 -999
  2 31 9 0 279 0.00126847661932225 0.0756403861837471 0.559138380656912 0.363952756540018 -999
  2 32 9 0 418 0.000695467672540815 0.101555961572464 0.672925089880356 0.224823480874639 -999
  2 33 9 0 400 0.000265022879134599 0.131375627228151 0.538842580812167 0.329516769080547 -999
  2 34 9 0 542 0.00161572534245496 0.287493497690695 0.275998991156859 0.434891785809991 -999
  2 35 9 0 251 -999 0.195939830511738 0.382918684918985 0.421141484569276 -999
  2 36 9 0 438 -999 0.300461663947798 0.35947634584013 0.340061990212072 -999
  2 37 9 0 216 0.000176379963236176 0.218562371314619 0.255897330063305 0.52536391865884 -999
  2 38 9 0 279 0.000618809253904973 0.196492635851452 0.405490950312695 0.397397604581948 -999
  2 39 9 0 453 0.000918328425337911 0.313055990917949 0.452195401488487 0.233830279168226 -999
  2 40 9 0 454 -999 0.374923524392007 0.468088139499429 0.156988336108565 -999
  2 41 9 0 456 -999 0.247022692146965 0.295202212832572 0.457775095020463 -999
  2 42 9 0 2641 0.00485905816294631 0.26613143983523 0.487090927915259 0.241918574086564 -999
  2 43 9 0 1066 0.00227615098271728 0.31054196203979 0.282269832925096 0.404912054052397 -999
  2 44 9 0 1838 0.00145946076765321 0.301690638511455 0.364949371337537 0.331900529383354 -999
  2 45 9 0 2837 0.00298230016066301 0.389855022092566 0.225746668176503 0.381416009570268 -999
  2 46 9 0 2522 0.0106695527671616 0.477965299151081 0.246276817623251 0.265088330458507 -999
  2 47 9 0 2189 0.000720406238835168 0.500084925938724 0.168768339610044 0.330426328212397 -999
  2 48 9 0 2065 0.0039636550455208 0.498198881693708 0.289635056990609 0.208202406270162 -999
  2 49 9 0 1249 0.00191139538759489 0.210541983460626 0.591913061968059 0.19563355918372 -999
  2 50 9 0 1874 -999 0.138924373646768 0.581462264150943 0.279613362202289 -999
  2 51 9 0 1099 -999 0.0970083493334229 0.511049106277634 0.391942544388943 -999
  2 52 9 0 2649 0.00959841442121655 0.20697583879949 0.612738898589024 0.170686848190269 -999
  2 1 10 0 630 0.00378396972824217 0.525363181709931 0.470852848561827 -999 -999
  2 2 10 0 1186 0.0103567751196891 0.26306058487971 0.492548082343126 0.234034557657475 -999
  2 3 10 0 772 0.00292557075402814 0.342593584189262 0.425955313245388 0.228525531811323 -999
  2 4 10 0 852 0.00839525234005597 0.339444819711152 0.652159927948792 -999 -999
  2 5 10 0 942 0.00536504961054911 0.378122879027827 0.616512071361624 -999 -999
  2 6 10 0 594 0.00467311361825895 0.216236869893848 0.779090016487893 -999 -999
  2 6 10 0 332 0.00467311361825895 0.216236869893848 0.779090016487893 -999 -999
  2 7 10 0 538 0.00958709677419355 0.353851612903226 0.636561290322581 -999 -999
  2 7 10 0 49 0.00958709677419355 0.353851612903226 0.636561290322581 -999 -999
  2 8 10 0 354 0.00793958399398659 0.228497938761848 0.763562477244166 -999 -999
  2 9 10 0 491 0.00590712683914018 0.348640813870809 0.645452059290051 -999 -999
  2 9 10 0 5 0.00590712683914018 0.348640813870809 0.645452059290051 -999 -999
  2 10 10 0 242 0.00266247951938831 0.23237150312519 0.764966017355422 -999 -999
  2 11 10 0 257 0.00280318762478476 0.261766237035257 0.580763267944691 0.154667307395267 -999
  2 12 10 0 387 0.00285722515049397 0.189561911345373 0.732572942769089 0.0750079207350442 -999
  2 12 10 0 59 0.00285722515049397 0.189561911345373 0.732572942769089 0.0750079207350442 -999
  2 13 10 0 702 0.00236444302754975 0.382800669482745 0.513620785845222 0.101214101644483 -999
  2 13 10 0 233 0.00236444302754975 0.382800669482745 0.513620785845222 0.101214101644483 -999
  2 14 10 0 456 0.00106493047669518 0.186256845080374 0.81267822444293 -999 -999
  2 15 10 0 348 0.000719756296600419 0.379093613936915 0.569099138826797 0.0510874909396875 -999
  2 16 10 0 390 0.00151528957555018 0.133720086530122 0.819602919885391 0.0451617040089365 -999
  2 17 10 0 171 -999 0.058061320754717 0.941938679245283 -999 -999
  2 18 10 0 170 0.00312677503989613 0.13120012983149 0.865673095128614 -999 -999
  2 19 10 0 141 0.0033858089284048 0.167790826323998 0.671069995601114 0.157753369146483 -999
  2 20 10 0 46 -999 0.00414608895515586 0.732376645184939 0.263477265859905 -999
  2 20 10 0 3 -999 0.00414608895515586 0.732376645184939 0.263477265859905 -999
  2 21 10 0 125 0.00261601028362663 0.122636757951393 0.735414615078142 0.139332616686838 -999
  2 22 10 0 122 0.000861383829779134 0.188276613666973 0.810862002503248 -999 -999
  2 23 10 0 240 -999 0.0827250279369886 0.820302079953859 0.0969728921091525 -999
  2 24 10 0 187 0.00966067908727463 0.0257469625934051 0.96459235831932 -999 -999
  2 25 10 0 212 0.00130441709483411 0.251324331859641 0.648300274823754 0.0990709762217708 -999
  2 26 10 0 63 0.00330367611559418 0.0409338575074143 0.955762466376991 -999 -999
  2 27 10 0 203 -999 0.192721347093971 0.807278652906029 -999 -999
  2 28 10 0 366 0.000668900886634951 0.364714795678081 0.634616303435284 -999 -999
  2 29 10 0 291 0.00157108296570371 0.111319197381528 0.887109719652768 -999 -999
  2 30 10 0 394 0.00184757006720401 0.124359833178469 0.730119713896752 0.143672882857575 -999
  2 31 10 0 285 0.000763284479711489 0.339615489039952 0.585224041924297 0.0743971845560399 -999
  2 32 10 0 835 0.00589576395674224 0.390715667311412 0.603388568731846 -999 -999
  2 33 10 0 746 0.00225421652869718 0.206129753275286 0.791616030196017 -999 -999
  2 34 10 0 582 0.000197820023342763 0.169408122490158 0.740474965876046 0.0899190916104528 -999
  2 35 10 0 1100 0.0111446245079495 0.174313685394407 0.814541690097643 -999 -999
  2 36 10 0 690 0.00507046930577995 0.0910193942257955 0.903910136468425 -999 -999
  2 37 10 0 184 0.00115358149952103 0.154667620114144 0.844178798386335 -999 -999
  2 38 10 0 380 0.000606401323976224 0.288773363821844 0.372772580553468 0.337847654300712 -999
  2 39 10 0 318 0.00848764388416226 0.172539259579879 0.818973096535959 -999 -999
  2 40 10 0 1081 0.00435271523513507 0.600832638415081 0.394814646349784 -999 -999
  2 41 10 0 709 0.000500115880508898 0.0920823117551628 0.907417572364328 -999 -999
  2 42 10 0 1510 0.00654561895660573 0.0771704840880833 0.916283896955311 -999 -999
  2 43 10 0 1804 0.0023028951677525 0.200707243145316 0.796989861686932 -999 -999
  2 44 10 0 870 0.00284886832247301 0.155739446595524 0.841411685082003 -999 -999
  2 45 10 0 1126 0.0117428731134712 0.108838457238681 0.879418669647848 -999 -999
  2 46 10 0 448 0.00489327501775635 0.084213674255168 0.867197487944376 0.0436955627826997 -999
  2 47 10 0 214 0.00328139624511369 0.208346638771128 0.788371964983758 -999 -999
  2 48 10 0 186 0.00214878601627933 0.131043795581324 0.866807418402396 -999 -999
  2 49 10 0 240 0.00278705292153499 0.0350952197983581 0.895201398397039 0.0669163288830683 -999
  2 50 10 0 88 0.00312147653616081 0.0311425603883517 0.860566642413201 0.105169320662286 -999
  2 51 10 0 25 0.00750646389946899 0.0842253051238566 0.459826517278768 0.448441713697907 -999
  2 52 10 0 206 0.0349576431149299 0.0519910001057035 0.913051356779367 -999 -999
# end survey length observations 
#  
# Fishery catch data 
# Number of observations, init_int Ncatch_obs
  520
# init_matrix obs_catch_biomass(1,Ncatch_obs,1,6) 
# Fleet	Area	Year	Species	Catch(biomass t)	CV 
  1 1 1 1 27.1284705864876 0.05
  1 1 2 1 22.507371895514 0.05
  1 1 3 1 14.5795634511079 0.05
  1 1 4 1 15.7796705982798 0.05
  1 1 5 1 15.3785560296128 0.05
  1 1 6 1 17.2102414522163 0.05
  1 1 7 1 14.9589077698692 0.05
  1 1 8 1 14.152395725996 0.05
  1 1 9 1 11.0591299563796 0.05
  1 1 10 1 13.4837261057778 0.05
  1 1 11 1 17.3500256202777 0.05
  1 1 12 1 17.8530582765076 0.05
  1 1 13 1 24.0011482556493 0.05
  1 1 14 1 20.1014686548759 0.05
  1 1 15 1 29.1584259626596 0.05
  1 1 16 1 23.1119132190529 0.05
  1 1 17 1 15.8302347563758 0.05
  1 1 18 1 23.9062335842259 0.05
  1 1 19 1 17.5594539075942 0.05
  1 1 20 1 20.2033435924506 0.05
  1 1 21 1 25.7828195811783 0.05
  1 1 22 1 21.0936134103244 0.05
  1 1 23 1 28.4173976726207 0.05
  1 1 24 1 25.5219739872109 0.05
  1 1 25 1 19.6531786062495 0.05
  1 1 26 1 15.6795457910602 0.05
  1 1 27 1 9.68487219051858 0.05
  1 1 28 1 4.63160830501546 0.05
  1 1 29 1 5.64564037219919 0.05
  1 1 30 1 6.49083287586803 0.05
  1 1 31 1 5.42837913841999 0.05
  1 1 32 1 6.15963906817499 0.05
  1 1 33 1 5.7266013940504 0.05
  1 1 34 1 8.04088312839125 0.05
  1 1 35 1 6.60881111708538 0.05
  1 1 36 1 7.79239569235524 0.05
  1 1 37 1 3.0870748664214 0.05
  1 1 38 1 2.26082474229225 0.05
  1 1 39 1 2.55863396553097 0.05
  1 1 40 1 3.80653712219672 0.05
  1 1 41 1 5.06778127029375 0.05
  1 1 42 1 4.09684282185017 0.05
  1 1 43 1 2.35778226345762 0.05
  1 1 44 1 2.48921170471604 0.05
  1 1 45 1 1.40366167371651 0.05
  1 1 46 1 0.686986410002788 0.05
  1 1 47 1 1.11564403568413 0.05
  1 1 48 1 1.04338232657067 0.05
  1 1 49 1 0.883015820848177 0.05
  1 1 50 1 0.626020550314572 0.05
  1 1 51 1 0.719155301970205 0.05
  1 1 52 1 0.374454652246033 0.05
  1 1 1 4 2.90370855010812 0.05
  1 1 2 4 2.01502656234286 0.05
  1 1 3 4 1.7201978989388 0.05
  1 1 4 4 3.8161146087752 0.05
  1 1 5 4 3.96061597153137 0.05
  1 1 6 4 6.38258313574682 0.05
  1 1 7 4 2.22744021369532 0.05
  1 1 8 4 3.67000705844892 0.05
  1 1 9 4 2.38432656931665 0.05
  1 1 10 4 2.21282842587076 0.05
  1 1 11 4 2.04276892570428 0.05
  1 1 12 4 1.95797459342967 0.05
  1 1 13 4 1.76645891224931 0.05
  1 1 14 4 1.72154352139648 0.05
  1 1 15 4 1.73745888548542 0.05
  1 1 16 4 1.26583666877176 0.05
  1 1 17 4 1.36271071030978 0.05
  1 1 18 4 2.40921103554926 0.05
  1 1 19 4 2.27356176812175 0.05
  1 1 20 4 2.48886702259688 0.05
  1 1 21 4 3.54286852297272 0.05
  1 1 22 4 5.31964518597664 0.05
  1 1 23 4 5.44328414173202 0.05
  1 1 24 4 3.55905667631723 0.05
  1 1 25 4 4.40588398383039 0.05
  1 1 26 4 5.89615835507386 0.05
  1 1 27 4 4.12851189127099 0.05
  1 1 28 4 4.33323069011525 0.05
  1 1 29 4 4.15921596430029 0.05
  1 1 30 4 4.50569532233229 0.05
  1 1 31 4 3.71986834451515 0.05
  1 1 32 4 4.45130744573282 0.05
  1 1 33 4 4.13686385332967 0.05
  1 1 34 4 3.82111935286806 0.05
  1 1 35 4 3.92229456837985 0.05
  1 1 36 4 4.49999590141154 0.05
  1 1 37 4 3.31746574412209 0.05
  1 1 38 4 3.85981739779621 0.05
  1 1 39 4 3.69777245860119 0.05
  1 1 40 4 2.09215419790887 0.05
  1 1 41 4 1.69661338336257 0.05
  1 1 42 4 1.27746469907149 0.05
  1 1 43 4 0.94241531395681 0.05
  1 1 44 4 1.18391017612116 0.05
  1 1 45 4 1.74943821492573 0.05
  1 1 46 4 1.02827159254286 0.05
  1 1 47 4 1.13441450437719 0.05
  1 1 48 4 1.20555151032299 0.05
  1 1 49 4 1.54651529841208 0.05
  1 1 50 4 1.85004604411213 0.05
  1 1 51 4 1.4349412066939 0.05
  1 1 52 4 1.15568987107764 0.05
  1 1 1 5 24.9460968959556 0.05
  1 1 2 5 15.175673964717 0.05
  1 1 3 5 10.4318552918851 0.05
  1 1 4 5 13.2354137287111 0.05
  1 1 5 5 13.9879725454036 0.05
  1 1 6 5 14.7572933698929 0.05
  1 1 7 5 10.5219163527826 0.05
  1 1 8 5 10.2504847056378 0.05
  1 1 9 5 7.64024657909112 0.05
  1 1 10 5 6.9877028784075 0.05
  1 1 11 5 12.0260100188049 0.05
  1 1 12 5 8.64345037397193 0.05
  1 1 13 5 14.1719957261077 0.05
  1 1 14 5 10.5051969777613 0.05
  1 1 15 5 8.16028821931575 0.05
  1 1 16 5 5.74020710789185 0.05
  1 1 17 5 3.80147844718377 0.05
  1 1 18 5 6.34596832074433 0.05
  1 1 19 5 6.10636424376783 0.05
  1 1 20 5 6.25506199737925 0.05
  1 1 21 5 7.78307606359424 0.05
  1 1 22 5 3.6213988898935 0.05
  1 1 23 5 4.52440670503983 0.05
  1 1 24 5 5.6869762147796 0.05
  1 1 25 5 4.80545998155893 0.05
  1 1 26 5 3.78389840590722 0.05
  1 1 27 5 14.022933231856 0.05
  1 1 28 5 2.20883640774923 0.05
  1 1 29 5 3.49536631352954 0.05
  1 1 30 5 2.63108691045477 0.05
  1 1 31 5 4.19210089081753 0.05
  1 1 32 5 4.03057469862199 0.05
  1 1 33 5 5.67065218030235 0.05
  1 1 34 5 7.38190964082729 0.05
  1 1 35 5 8.29856641605691 0.05
  1 1 36 5 8.82890681659024 0.05
  1 1 37 5 13.5385144923752 0.05
  1 1 38 5 14.6454241625106 0.05
  1 1 39 5 11.6722443664151 0.05
  1 1 40 5 12.3209145154443 0.05
  1 1 41 5 6.78439120188246 0.05
  1 1 42 5 6.62375754300885 0.05
  1 1 43 5 19.0408907491182 0.05
  1 1 44 5 12.7121991273665 0.05
  1 1 45 5 5.14588454627059 0.05
  1 1 46 5 1.0088987028596 0.05
  1 1 47 5 13.0641390963248 0.05
  1 1 48 5 14.0670416027864 0.05
  1 1 49 5 12.3934910937632 0.05
  1 1 50 5 11.3862332926438 0.05
  1 1 51 5 11.3887323401213 0.05
  1 1 52 5 2.32601924100198 0.05
  1 1 1 6 37.2073307432345 0.05
  1 1 2 6 37.7729451825101 0.05
  1 1 3 6 29.4651807987182 0.05
  1 1 4 6 63.5820974576823 0.05
  1 1 5 6 75.0924139505602 0.05
  1 1 6 6 74.5651073440131 0.05
  1 1 7 6 67.5558998323171 0.05
  1 1 8 6 57.671753855475 0.05
  1 1 9 6 41.4943484524952 0.05
  1 1 10 6 33.04293240786 0.05
  1 1 11 6 12.1077208590261 0.05
  1 1 12 6 3.72341354949517 0.05
  1 1 13 6 4.45690691017534 0.05
  1 1 14 6 4.04344214024169 0.05
  1 1 15 6 7.79540731923673 0.05
  1 1 16 6 6.8503996998903 0.05
  1 1 17 6 5.31468252954344 0.05
  1 1 18 6 5.36953285639251 0.05
  1 1 19 6 5.82402571570364 0.05
  1 1 20 6 5.70559915498491 0.05
  1 1 21 6 8.14860661264748 0.05
  1 1 22 6 9.73706829462589 0.05
  1 1 23 6 8.01866065339622 0.05
  1 1 24 6 7.66955311572882 0.05
  1 1 25 6 6.67580205147179 0.05
  1 1 26 6 18.3042774382615 0.05
  1 1 27 6 17.1241238439075 0.05
  1 1 28 6 2.74446199838023 0.05
  1 1 29 6 4.88482871896474 0.05
  1 1 30 6 6.49325367769453 0.05
  1 1 31 6 9.77521182438406 0.05
  1 1 32 6 6.2687014838361 0.05
  1 1 33 6 11.8876805618574 0.05
  1 1 34 6 4.31377893860191 0.05
  1 1 35 6 2.19372525355894 0.05
  1 1 36 6 5.38228844914943 0.05
  1 1 37 6 3.83869529900489 0.05
  1 1 38 6 3.60048587513511 0.05
  1 1 39 6 2.05101701292849 0.05
  1 1 40 6 2.05170041740293 0.05
  1 1 41 6 4.59555981988409 0.05
  1 1 42 6 3.57295064212997 0.05
  1 1 43 6 3.73956525803874 0.05
  1 1 44 6 4.07404715165339 0.05
  1 1 45 6 2.89507860289775 0.05
  1 1 46 6 3.39477227947448 0.05
  1 1 47 6 3.68337467407689 0.05
  1 1 48 6 2.99884536447918 0.05
  1 1 49 6 2.84040980023918 0.05
  1 1 50 6 2.28355066256314 0.05
  1 1 51 6 2.07277364049667 0.05
  1 1 52 6 1.93163299852396 0.05
  1 1 1 7 18.2086880004907 0.05
  1 1 2 7 16.5802562760588 0.05
  1 1 3 7 15.1323442435196 0.05
  1 1 4 7 21.6810151427022 0.05
  1 1 5 7 26.4478421613201 0.05
  1 1 6 7 29.4574146430688 0.05
  1 1 7 7 20.9899710799988 0.05
  1 1 8 7 18.3909901732575 0.05
  1 1 9 7 13.6083880869429 0.05
  1 1 10 7 6.52037292471058 0.05
  1 1 11 7 6.0055381350045 0.05
  1 1 12 7 5.00039744939462 0.05
  1 1 13 7 6.95830020298246 0.05
  1 1 14 7 6.84720442048414 0.05
  1 1 15 7 8.67153952595458 0.05
  1 1 16 7 8.37218047930161 0.05
  1 1 17 7 6.54463739484756 0.05
  1 1 18 7 6.71106446822866 0.05
  1 1 19 7 6.69077420571481 0.05
  1 1 20 7 7.01943314900859 0.05
  1 1 21 7 8.50997817487895 0.05
  1 1 22 7 11.2447410747459 0.05
  1 1 23 7 16.3349543808152 0.05
  1 1 24 7 16.9997020929718 0.05
  1 1 25 7 10.5473831228215 0.05
  1 1 26 7 6.56534633465736 0.05
  1 1 27 7 15.5611465363664 0.05
  1 1 28 7 8.48616698131269 0.05
  1 1 29 7 9.35691464028691 0.05
  1 1 30 7 13.635403932731 0.05
  1 1 31 7 5.73467601533309 0.05
  1 1 32 7 5.23032299451817 0.05
  1 1 33 7 9.75670737253154 0.05
  1 1 34 7 8.87245130580665 0.05
  1 1 35 7 7.96131488085209 0.05
  1 1 36 7 5.73733068886666 0.05
  1 1 37 7 4.00217763302246 0.05
  1 1 38 7 1.97038804364801 0.05
  1 1 39 7 6.26593263869158 0.05
  1 1 40 7 3.86416370814335 0.05
  1 1 41 7 2.27216005379502 0.05
  1 1 42 7 4.07818235642461 0.05
  1 1 43 7 3.16958171955526 0.05
  1 1 44 7 3.60696382159409 0.05
  1 1 45 7 4.52417873746803 0.05
  1 1 46 7 3.34965815475033 0.05
  1 1 47 7 5.23885366428384 0.05
  1 1 48 7 4.73863877808637 0.05
  1 1 49 7 6.35033841593054 0.05
  1 1 50 7 5.08374387194457 0.05
  1 1 51 7 3.78324165278369 0.05
  1 1 52 7 2.86857019491606 0.05
  1 1 1 8 5.24755471798791 0.05
  1 1 2 8 8.95785945342909 0.05
  1 1 3 8 6.69786960204043 0.05
  1 1 4 8 8.26294865334427 0.05
  1 1 5 8 8.66139621432006 0.05
  1 1 6 8 7.63440925061427 0.05
  1 1 7 8 5.55146888670354 0.05
  1 1 8 8 5.95654610225672 0.05
  1 1 9 8 4.24083636660314 0.05
  1 1 10 8 4.23810947788812 0.05
  1 1 11 8 4.61149943063341 0.05
  1 1 12 8 4.36092188803649 0.05
  1 1 13 8 7.6396817646428 0.05
  1 1 14 8 7.70578930094411 0.05
  1 1 15 8 5.8071263337513 0.05
  1 1 16 8 5.92721736979804 0.05
  1 1 17 8 5.43800491459915 0.05
  1 1 18 8 4.85639318060199 0.05
  1 1 19 8 3.85003868816135 0.05
  1 1 20 8 4.68792446009906 0.05
  1 1 21 8 4.52920033810901 0.05
  1 1 22 8 3.60422080702678 0.05
  1 1 23 8 3.9392452532381 0.05
  1 1 24 8 4.28807016368648 0.05
  1 1 25 8 3.45270038584868 0.05
  1 1 26 8 4.3514464833484 0.05
  1 1 27 8 2.02666976058194 0.05
  1 1 28 8 2.55489594231682 0.05
  1 1 29 8 2.78087396770659 0.05
  1 1 30 8 3.50322964067549 0.05
  1 1 31 8 3.11174379340277 0.05
  1 1 32 8 2.61081210328695 0.05
  1 1 33 8 3.14426301935844 0.05
  1 1 34 8 5.39267716091968 0.05
  1 1 35 8 3.58735222302206 0.05
  1 1 36 8 4.46963471097948 0.05
  1 1 37 8 3.25337376948848 0.05
  1 1 38 8 2.31264710245917 0.05
  1 1 39 8 1.36738776904391 0.05
  1 1 40 8 1.34240038106464 0.05
  1 1 41 8 2.40837989637503 0.05
  1 1 42 8 2.29800323562514 0.05
  1 1 43 8 1.54397002999483 0.05
  1 1 44 8 1.77781199351131 0.05
  1 1 45 8 1.80289552623697 0.05
  1 1 46 8 1.74605327770018 0.05
  1 1 47 8 1.21048648141178 0.05
  1 1 48 8 1.02905884414854 0.05
  1 1 49 8 0.633025011182021 0.05
  1 1 50 8 0.557519774650389 0.05
  1 1 51 8 0.486456020762088 0.05
  1 1 52 8 0.311170535708394 0.05
  1 1 1 9 55.7887925834075 0.05
  1 1 2 9 52.8697392617241 0.05
  1 1 3 9 47.1734348165142 0.05
  1 1 4 9 70.1614834252043 0.05
  1 1 5 9 89.4425247787262 0.05
  1 1 6 9 94.7983918391213 0.05
  1 1 7 9 65.1609973767999 0.05
  1 1 8 9 62.595743212478 0.05
  1 1 9 9 44.8396396528877 0.05
  1 1 10 9 21.1630030546401 0.05
  1 1 11 9 14.8483079476267 0.05
  1 1 12 9 10.8989253354963 0.05
  1 1 13 9 15.2227542433501 0.05
  1 1 14 9 13.1030217278141 0.05
  1 1 15 9 11.9465454092709 0.05
  1 1 16 9 9.51392118156222 0.05
  1 1 17 9 5.74512537138069 0.05
  1 1 18 9 9.66103344162297 0.05
  1 1 19 9 8.62774318885715 0.05
  1 1 20 9 9.30549789437595 0.05
  1 1 21 9 10.5756477821873 0.05
  1 1 22 9 3.87499342855222 0.05
  1 1 23 9 13.3584936132869 0.05
  1 1 24 9 12.810093211281 0.05
  1 1 25 9 11.1500622748726 0.05
  1 1 26 9 9.47161026080935 0.05
  1 1 27 9 8.9119360539131 0.05
  1 1 28 9 4.86616539858224 0.05
  1 1 29 9 9.00386948770408 0.05
  1 1 30 9 2.52763981760822 0.05
  1 1 31 9 7.95129571605753 0.05
  1 1 32 9 7.65020989224225 0.05
  1 1 33 9 6.67932089731125 0.05
  1 1 34 9 30.8657239271292 0.05
  1 1 35 9 10.2613784963641 0.05
  1 1 36 9 31.227100224418 0.05
  1 1 37 9 10.6016612409401 0.05
  1 1 38 9 8.86736928159482 0.05
  1 1 39 9 8.11659792368344 0.05
  1 1 40 9 15.3908204200883 0.05
  1 1 41 9 13.4438767956523 0.05
  1 1 42 9 22.1635083873474 0.05
  1 1 43 9 16.1516147556563 0.05
  1 1 44 9 12.605968630935 0.05
  1 1 45 9 8.42733388529153 0.05
  1 1 46 9 3.52659308470024 0.05
  1 1 47 9 9.70811527046607 0.05
  1 1 48 9 12.115006424778 0.05
  1 1 49 9 10.4281984805223 0.05
  1 1 50 9 12.1618341501052 0.05
  1 1 51 9 10.6923859408824 0.05
  1 1 52 9 4.9831392802899 0.05
  1 1 1 10 10.4545883222773 0.05
  1 1 2 10 13.7205961197121 0.05
  1 1 3 10 10.9551653395918 0.05
  1 1 4 10 10.0627231368249 0.05
  1 1 5 10 14.9568095266639 0.05
  1 1 6 10 12.0216491909263 0.05
  1 1 7 10 9.84639061999035 0.05
  1 1 8 10 8.19633447316298 0.05
  1 1 9 10 7.64661929552344 0.05
  1 1 10 10 5.47179356694681 0.05
  1 1 11 10 3.89273375926719 0.05
  1 1 12 10 4.93594290182179 0.05
  1 1 13 10 7.19031014782669 0.05
  1 1 14 10 5.5443864324572 0.05
  1 1 15 10 7.27612677969284 0.05
  1 1 16 10 8.75111911681662 0.05
  1 1 17 10 4.1139729537932 0.05
  1 1 18 10 3.6806064134709 0.05
  1 1 19 10 4.36989844483501 0.05
  1 1 20 10 3.70099258724758 0.05
  1 1 21 10 2.69510526921089 0.05
  1 1 22 10 2.91909304312953 0.05
  1 1 23 10 9.29745440569603 0.05
  1 1 24 10 4.29222293407731 0.05
  1 1 25 10 3.30032859113892 0.05
  1 1 26 10 2.58832950177464 0.05
  1 1 27 10 2.82522975526801 0.05
  1 1 28 10 0.966763744692939 0.05
  1 1 29 10 1.48340331235763 0.05
  1 1 30 10 2.11575875214201 0.05
  1 1 31 10 3.254732096618 0.05
  1 1 32 10 4.07774581847529 0.05
  1 1 33 10 6.77502580112751 0.05
  1 1 34 10 6.25384096030694 0.05
  1 1 35 10 4.75582501407936 0.05
  1 1 36 10 3.40981713002753 0.05
  1 1 37 10 5.85470045306658 0.05
  1 1 38 10 3.13756453919151 0.05
  1 1 39 10 1.47458235736299 0.05
  1 1 40 10 1.57826097098329 0.05
  1 1 41 10 1.82564727002155 0.05
  1 1 42 10 1.98263038003231 0.05
  1 1 43 10 1.04819110260486 0.05
  1 1 44 10 1.11201513432494 0.05
  1 1 45 10 0.715100998404211 0.05
  1 1 46 10 0.238644521124057 0.05
  1 1 47 10 0.1874680718001 0.05
  1 1 48 10 0.127070214835077 0.05
  1 1 49 10 0.0526040457828429 0.05
  1 1 50 10 0.0616248846981626 0.05
  1 1 51 10 0.0462122315047613 0.05
  1 1 52 10 0.0171304681694998 0.05
  2 1 1 2 178.650997526473 0.05
  2 1 2 2 128.815229093506 0.05
  2 1 3 2 113.246721417543 0.05
  2 1 4 2 125.078890710684 0.05
  2 1 5 2 91.0689874061249 0.05
  2 1 6 2 105.03523438181 0.05
  2 1 7 2 77.9715901164784 0.05
  2 1 8 2 81.3180623752664 0.05
  2 1 9 2 27.0687095895698 0.05
  2 1 10 2 1.88422998600793 0.05
  2 1 11 2 1.34633379547618 0.05
  2 1 12 2 0.799979504605844 0.05
  2 1 13 2 1.36467729816786 0.05
  2 1 14 2 0.881777085325514 0.05
  2 1 15 2 1.26566691480758 0.05
  2 1 16 2 1.17105704620398 0.05
  2 1 17 2 0.736610230485805 0.05
  2 1 18 2 0.938335325957831 0.05
  2 1 19 2 0.8752553849 0.05
  2 1 20 2 0.817347086103546 0.05
  2 1 21 2 1.04040115105221 0.05
  2 1 22 2 0.932400217178829 0.05
  2 1 23 2 2.86705036989973 0.05
  2 1 24 2 1.67405216224225 0.05
  2 1 25 2 0.906503727890806 0.05
  2 1 26 2 2.30064480258338 0.05
  2 1 27 2 2.00727559099622 0.05
  2 1 28 2 0.0250015194481519 0.05
  2 1 29 2 3.60859354195378 0.05
  2 1 30 2 6.49387097851048 0.05
  2 1 31 2 17.8155229322986 0.05
  2 1 32 2 15.9247981827493 0.05
  2 1 33 2 10.6323080334932 0.05
  2 1 34 2 29.1788898051922 0.05
  2 1 35 2 11.8008626457634 0.05
  2 1 36 2 15.249980495185 0.05
  2 1 37 2 12.5756407879655 0.05
  2 1 38 2 10.8293858811569 0.05
  2 1 39 2 11.7314569578417 0.05
  2 1 40 2 8.47024704169313 0.05
  2 1 41 2 8.6537023295754 0.05
  2 1 42 2 17.5702678609805 0.05
  2 1 43 2 12.2513232361036 0.05
  2 1 44 2 21.9143642171266 0.05
  2 1 45 2 23.3702574833911 0.05
  2 1 46 2 24.6590697023952 0.05
  2 1 47 2 21.7638145580952 0.05
  2 1 48 2 20.6628132662469 0.05
  2 1 49 2 12.4121623909705 0.05
  2 1 50 2 8.69722891843343 0.05
  2 1 51 2 6.65784639408822 0.05
  2 1 52 2 1.72910774176494 0.05
  2 1 1 3 20.8104848512476 0.05
  2 1 2 3 25.1847850172153 0.05
  2 1 3 3 47.0704186105691 0.05
  2 1 4 3 51.8944000653902 0.05
  2 1 5 3 91.8459505116473 0.05
  2 1 6 3 127.048993686723 0.05
  2 1 7 3 69.7683548827535 0.05
  2 1 8 3 79.401834834661 0.05
  2 1 9 3 47.5875780538878 0.05
  2 1 10 3 1.56140331722928 0.05
  2 1 11 3 0.483689109068294 0.05
  2 1 12 3 0.260393258699526 0.05
  2 1 13 3 0.355313876219743 0.05
  2 1 14 3 0.399817458663356 0.05
  2 1 15 3 2.91590067089953 0.05
  2 1 16 3 3.55706707042192 0.05
  2 1 17 3 2.67292033229518 0.05
  2 1 18 3 2.63105181802578 0.05
  2 1 19 3 3.44135099451754 0.05
  2 1 20 3 2.48260272880099 0.05
  2 1 21 3 3.37866014955699 0.05
  2 1 22 3 0.621243669734913 0.05
  2 1 23 3 2.86934065669349 0.05
  2 1 24 3 1.44660442488624 0.05
  2 1 25 3 1.23547099486385 0.05
  2 1 26 3 1.08538437039687 0.05
  2 1 27 3 17.3762779990742 0.05
  2 1 28 3 1.31297491972068 0.05
  2 1 29 3 0.926526901557613 0.05
  2 1 30 3 0.736711727125306 0.05
  2 1 31 3 0.455441956446405 0.05
  2 1 32 3 2.30775472932644 0.05
  2 1 33 3 0.968378460218318 0.05
  2 1 34 3 0.197980054545155 0.05
  2 1 35 3 0.842202321428439 0.05
  2 1 36 3 2.05973479225169 0.05
  2 1 37 3 2.66300058762521 0.05
  2 1 38 3 0.615994244981639 0.05
  2 1 39 3 1.55950333978949 0.05
  2 1 40 3 2.21607421424252 0.05
  2 1 41 3 1.67845840497098 0.05
  2 1 42 3 0.67264654367941 0.05
  2 1 43 3 0.153205957674883 0.05
  2 1 44 3 0.122758551533118 0.05
  2 1 45 3 0.131698407415538 0.05
  2 1 46 3 2.09754417488934 0.05
  2 1 47 3 2.22947327552718 0.05
  2 1 48 3 0.993536995459745 0.05
  2 1 49 3 0.870430486816184 0.05
  2 1 50 3 1.32868471750978 0.05
  2 1 51 3 0.979123788454434 0.05
  2 1 52 3 0.258827604232194 0.05
# end catch observations 
#  
# Fishery size comp data 
# Number of observations, init_int Ncatch_size_obs 
  475
# init_matrix obs_catch_size(1,Ncatch_size_obs,1,ncol) 
# Fleet Area  Year  Species Type (0=whole, 1=retained, 2=discard) InpN, proportion by size bin 
  1 1 1 1 0 5 -999 0.303785819988965 0.46886919202677 0.196842539564874 0.0305024484193916
  1 1 2 1 0 3959 -999 0.565820631296217 0.272677325444654 0.149481382168425 0.0120206610907046
  1 1 3 1 0 4219 -999 0.529161987107307 0.2915597480707 0.166684974111176 0.0125932907108164
  1 1 4 1 0 4462 -999 0.448050645146177 0.317882203633307 0.216216695280902 0.017850455939614
  1 1 5 1 0 3568 -999 0.303327994366762 0.480848786926962 0.200280802016763 0.0155424166895131
  1 1 6 1 0 7752 -999 0.407312191497717 0.416911067935832 0.154641083165571 0.0211356574008794
  1 1 7 1 0 6993 -999 0.392477624120608 0.463594835543728 0.141235433286348 0.00269210704931518
  1 1 8 1 0 8126 -999 0.180063763466842 0.663411102770188 0.15437046111938 0.00215467264358986
  1 1 9 1 0 5570 -999 0.271650128552145 0.546055499413644 0.18229437203421 -999
  1 1 10 1 0 9412 -999 0.424355455529244 0.468784261243749 0.106124153290226 0.000736129936779939
  1 1 11 1 0 6737 -999 0.187937595058177 0.712231327491327 0.0998310774504953 -999
  1 1 12 1 0 6975 -999 0.0938700756962366 0.620664161388142 0.280982718964733 0.00448304395088915
  1 1 13 1 0 4949 1.25033411318758e-05 0.185099669629561 0.576607583682091 0.235439326728846 0.00284091661836976
  1 1 14 1 0 4303 -999 0.191508504973437 0.553661180733573 0.241010037929458 0.0138202763635312
  1 1 15 1 0 11861 5.77676869616564e-05 0.300928195716759 0.490590831414208 0.201065529532245 0.00735767564982616
  1 1 16 1 0 12503 -999 0.239273052978661 0.575568484224581 0.162121224677847 0.0230372381189115
  1 1 17 1 0 8717 -999 0.131476067528558 0.637947845177885 0.218471237659709 0.0121048496338472
  1 1 18 1 0 8366 -999 0.257334698400112 0.528445396379576 0.207550291398285 0.00666961382202777
  1 1 19 1 0 7515 -999 0.213459383556735 0.561248769105661 0.220189708810872 0.00510213852673279
  1 1 20 1 0 6490 -999 0.368506545097445 0.479515731689833 0.148399523676541 0.00357819953618185
  1 1 21 1 0 6633 -999 0.256446945728564 0.616094514037656 0.124515244309726 0.00294329592405369
  1 1 22 1 0 5748 -999 0.223672700389433 0.665428056863273 0.110899242747293 -999
  1 1 23 1 0 7108 0.000215226860618865 0.341901595030683 0.55485729578008 0.102687239758078 0.000338642570540414
  1 1 24 1 0 8560 -999 0.178003756457463 0.678510159949144 0.142118094812702 0.00136798878069093
  1 1 25 1 0 6518 -999 0.249701872382503 0.587553869689674 0.1620921158496 0.00065214207822342
  1 1 26 1 0 6637 -999 0.277212540479579 0.570185137452832 0.150982269828377 0.0016200522392119
  1 1 27 1 0 4245 0.000258918084125907 0.19125651243292 0.676278161447219 0.129465530798935 0.00274087723679995
  1 1 28 1 0 2645 -999 0.257007690020015 0.634449239849392 0.107575900443579 0.000967169687013801
  1 1 29 1 0 5025 0.000202140048994956 0.170734209729107 0.723722386683288 0.10534126353861 -999
  1 1 30 1 0 6369 -999 0.172215481322152 0.714909034040773 0.112492434847329 0.000383049789745853
  1 1 31 1 0 6840 -999 0.235483652838552 0.660041646581807 0.104474700579642 -999
  1 1 32 1 0 6291 -999 0.241459293369394 0.678453046843088 0.0800876597875174 -999
  1 1 33 1 0 11510 -999 0.189558745212756 0.719844726388557 0.0905965283986873 -999
  1 1 34 1 0 8518 -999 0.257805933200562 0.67295385432232 0.0683918163515742 0.000848396125543814
  1 1 35 1 0 7093 -999 0.162855359401777 0.729155176326551 0.107053816496784 0.00093564777488878
  1 1 36 1 0 6278 -999 0.0812835522576836 0.820944384724996 0.0965616428116592 0.00121042020566103
  1 1 37 1 0 9271 -999 0.0690535520375966 0.754053284787538 0.172535373971703 0.00435778920316205
  1 1 38 1 0 4705 -999 0.0567097187321153 0.797859883121869 0.144318758162894 0.00111163998312142
  1 1 39 1 0 9431 -999 0.119827510562721 0.799725943137414 0.0793953662848271 0.00105118001503852
  1 1 40 1 0 8362 -999 0.113171889237912 0.857922772794401 0.0285607686884536 0.0003445692792329
  1 1 41 1 0 8601 -999 0.169884848550454 0.802437446706674 0.0273442836304752 0.000333421112396814
  1 1 42 1 0 8943 -999 0.088120152918266 0.884700422215124 0.0269904768230746 0.000188948043535387
  1 1 43 1 0 11283 -999 0.0967909566703018 0.875242515179202 0.0279665281504963 -999
  1 1 44 1 0 9538 -999 0.0989061335031342 0.84801318052356 0.0510420516375032 0.00203863433580207
  1 1 45 1 0 6565 -999 0.172966475242145 0.79052892263665 0.0361511701216489 0.000353431999556087
  1 1 46 1 0 6293 -999 0.328357453679967 0.641998603835245 0.0296439424847888 -999
  1 1 47 1 0 5259 -999 0.326167192754687 0.660206413620258 0.0130725488350695 0.000553844789985659
  1 1 48 1 0 9091 -999 0.236821187675394 0.742990500433865 0.0201883118907408 -999
  1 1 49 1 0 6373 -999 0.271647445638277 0.687188727369183 0.0408244747909317 0.000339352201608747
  1 1 50 1 0 7345 -999 0.0419477658896232 0.895397801692369 0.0626544324180079 -999
  1 1 51 1 0 3807 -999 0.0444203691199731 0.872592587199162 0.0829870436808648 -999
  1 1 52 1 0 1879 -999 0.0636744924117253 0.755071739636879 0.181253767951396 -999
  1 1 1 4 0 5 -999 0.00595965688360676 0.442866532085771 0.51467853852138 0.0364952725092427
  1 1 2 4 0 5 -999 0.00596011213373754 0.44287736051307 0.514668891196218 0.0364936361569738
  1 1 3 4 0 5 -999 0.00596050291454924 0.442886655494716 0.51466061005734 0.0364922315333952
  1 1 4 4 0 5 -999 0.00595707967010394 0.442805231347639 0.514733152930013 0.0365045360522441
  1 1 5 4 0 5 -999 0.00595532831504444 0.442763574202137 0.514770266355336 0.0365108311274819
  1 1 6 4 0 5 -999 0.00587103718976173 0.446134960286752 0.512314376984887 0.0356796255385989
  1 1 7 4 0 5 -999 0.00590762376091732 0.444600361204917 0.513436592942329 0.0360554220918369
  1 1 8 4 0 5 -999 0.00595697237017397 0.442826108238641 0.514716944973589 0.0364999744175954
  1 1 9 4 0 5 -999 0.00595562603906141 0.442898476240799 0.514663100390137 0.0364827973300023
  1 1 10 4 0 5 -999 0.00592052424649124 0.444162348608474 0.513751434456427 0.0361656926886077
  1 1 11 4 0 5 -999 0.00588531459876954 0.445508193415462 0.512775132163092 0.0358313598226766
  1 1 12 4 0 5 -999 0.00586956521370256 0.44612557437411 0.512326301931679 0.0356785584805087
  1 1 13 4 0 5 -999 0.00578720746652752 0.449286164796618 0.510032032049824 0.0348945956870311
  1 1 14 4 0 5 -999 0.00574628421385173 0.450794189594346 0.508941852999535 0.0345176731922674
  1 1 15 4 0 5 -999 0.0659392117472657 0.65931113834599 0.261517992647087 0.0132316572596581
  1 1 16 4 0 5 0.00500223162821376 0.436390555343137 0.489537422317348 0.0690697907113017 -999
  1 1 17 4 0 5 0.00647396886150673 0.477746338997158 0.454100664702258 0.0616790274390764 -999
  1 1 18 4 0 5 0.00591923201790166 0.510322033083985 0.431942399837786 0.0518163350603275 -999
  1 1 19 4 0 5 0.00406113857347196 0.382220384512864 0.545008516067953 0.0687099608457111 -999
  1 1 20 4 0 5 0.00360077804149374 0.396975450874554 0.532502667779623 0.0669211033043302 -999
  1 1 21 4 0 5 0.00402730034941375 0.412068565019342 0.519519160621797 0.0643849740094475 -999
  1 1 22 4 0 5 0.00366744783198619 0.36158842938142 0.565745488174414 0.068998634612179 -999
  1 1 23 4 0 5 0.0046498394649284 0.436356467779466 0.497717069038776 0.0612766237168291 -999
  1 1 24 4 0 5 0.0023823727369234 0.304975157950107 0.620311244999937 0.0723312243130327 -999
  1 1 25 4 0 5 0.00407212819928935 0.444522106313287 0.502851772673099 0.0485539928143247 -999
  1 1 26 4 0 5 0.00340232008649499 0.383887416627618 0.563445317103165 0.0492649461827213 -999
  1 1 27 4 0 5 0.00390636805610183 0.476600855013313 0.483874573612349 0.0356182033182362 -999
  1 1 28 4 0 5 0.00348080730818394 0.46406597357815 0.505422876126452 0.0270303429872139 -999
  1 1 29 4 0 2203 -999 0.166670288607872 0.715442217664312 0.112558935783903 0.0053285579439133
  1 1 30 4 0 2520 0.0027099357077894 0.431298341418547 0.454884849061308 0.102032882675227 0.00907399113712904
  1 1 31 4 0 710 -999 0.42554763799574 0.57445236200426 -999 -999
  1 1 32 4 0 1818 -999 0.4690152642087 0.450746462902436 0.077941119881667 0.00229715300719604
  1 1 33 4 0 5877 -999 0.312562934767416 0.432800740768023 0.249829585628752 0.00480673883580872
  1 1 34 4 0 6609 0.000145747670194818 0.304382194493877 0.309375542768544 0.370335499718817 0.0157610153485668
  1 1 35 4 0 7153 -999 0.287354370802896 0.369383722826434 0.325375916444801 0.0178859899258688
  1 1 36 4 0 4961 0.000296744584516385 0.297243035479776 0.382538049991841 0.31107060358023 0.0088515663636366
  1 1 37 4 0 3198 9.10422348477851e-05 0.763957525824708 0.235951431940444 -999 -999
  1 1 38 4 0 3895 6.23905191684026e-05 0.369568343778682 0.236153236139984 0.368889905929064 0.0253261236331014
  1 1 39 4 0 4049 7.23235826302472e-05 0.439096223989017 0.354856133615439 0.200969201627336 0.00500611718557758
  1 1 40 4 0 3400 0.000100682779013148 0.601096460616546 0.192634502899798 0.194857123590417 0.0113112301142258
  1 1 41 4 0 3426 0.000106581750994153 0.392253966948247 0.243522403859995 0.359778732919238 0.00433831452152709
  1 1 42 4 0 2090 0.000129666191331227 0.42318595170518 0.218353968507037 0.358330413596452 -999
  1 1 43 4 0 2770 -999 0.349085143714836 0.309626734321671 0.341288121963493 -999
  1 1 44 4 0 3676 9.59455142634279e-05 0.297594616326294 0.462664731322193 0.238394100589028 0.00125060624822129
  1 1 45 4 0 2648 7.13913896536464e-05 0.375100416797646 0.415661316015894 0.202448583392061 0.00671829240474494
  1 1 46 4 0 2140 0.00014460026975267 0.38997170949534 0.412710654063529 0.194491093912184 0.00268194225919467
  1 1 47 4 0 2971 -999 0.398393914916333 0.355061421093952 0.245092351512463 0.00145231247725215
  1 1 48 4 0 2120 0.000858066931452374 0.371440315668749 0.338757229552163 0.288944387847635 -999
  1 1 49 4 0 1960 -999 0.423461469653445 0.227964751660305 0.34680345851651 0.00177032016973912
  1 1 50 4 0 2453 0.000122093101824472 0.462519403374351 0.266718164464663 0.268504179198701 0.00213615986046066
  1 1 51 4 0 2803 -999 0.551065037072736 0.390126342156994 0.05880862077027 -999
  1 1 52 4 0 2608 0.00014197918207352 0.432926482909723 0.411023928189914 0.15590760971829 -999
  1 1 1 5 0 5 -999 0.000809836863705921 0.558312574929726 0.433125543867167 0.00775204433940081
  1 1 2 5 0 12435 -999 0.000543506725455124 0.446245027880334 0.542691090695984 0.0105203746982268
  1 1 3 5 0 7933 -999 0.000119856657089578 0.225298680759706 0.757810820012101 0.0167706425711031
  1 1 4 5 0 11410 -999 0.00315374894369597 0.223247881089659 0.748299527817973 0.0252988421486721
  1 1 5 5 0 5896 -999 0.0169709872181353 0.170163387138369 0.762320874922937 0.0505447507205589
  1 1 6 5 0 6429 -999 0.0431520499210269 0.388728734084736 0.519136856788077 0.0489823592061599
  1 1 7 5 0 4275 -999 0.0202804773411845 0.540243805004801 0.385574190324439 0.0539015273295746
  1 1 8 5 0 4104 -999 0.00497306269543111 0.669831605513322 0.279039862658571 0.0461554691326758
  1 1 9 5 0 2490 -999 0.0390666263605595 0.4355356851367 0.430078714128799 0.0953189743739408
  1 1 10 5 0 10539 -999 0.0192781992494081 0.649788625167083 0.290821384554733 0.0401117910287755
  1 1 11 5 0 10102 -999 0.00142402965322605 0.729491243708496 0.256346483060566 0.0127382435777125
  1 1 12 5 0 9884 -999 0.00143653045914202 0.572247786821766 0.412710031645791 0.0136056510733012
  1 1 13 5 0 9235 -999 0.00335237706196964 0.476678541526655 0.504308942044855 0.0156601393665205
  1 1 14 5 0 4679 -999 0.00274735259470275 0.575599792478062 0.400354563756367 0.0212982911708681
  1 1 15 5 0 7714 -999 0.0043182445875445 0.40841789455363 0.544600114147674 0.0426637467111523
  1 1 16 5 0 8955 -999 0.000192506979490735 0.274810041206826 0.666111945788006 0.0588855060256767
  1 1 17 5 0 4762 -999 0.000122489241516542 0.209414986485517 0.738270352077922 0.0521921721950452
  1 1 18 5 0 2528 -999 0.000427006343629571 0.215191017115375 0.726479182362649 0.0579027941783471
  1 1 19 5 0 2276 -999 0.000224102375810996 0.441260411223945 0.531236471356773 0.0272790150434709
  1 1 20 5 0 2573 -999 0.00238764078024739 0.381497549973458 0.546186771409409 0.0699280378368856
  1 1 21 5 0 2542 -999 -999 0.504292938761119 0.480465904302354 0.0152411569365269
  1 1 22 5 0 1548 -999 0.000227322258195726 0.446466604802304 0.531593199064151 0.0217128738753494
  1 1 23 5 0 2001 -999 0.000999179406491484 0.475631234045561 0.508940410265617 0.0144291762823306
  1 1 24 5 0 1065 -999 -999 0.368368099635842 0.596632352270627 0.0349995480935317
  1 1 25 5 0 2456 -999 -999 0.35636350200327 0.620256345366734 0.023380152629996
  1 1 26 5 0 1140 -999 0.000202013518859917 0.368655168768938 0.613529722870411 0.0176130948417912
  1 1 27 5 0 453 -999 -999 0.547129957764613 0.429905320886893 0.0229647213484942
  1 1 28 5 0 291 -999 -999 0.702189860849916 0.297810139150084 -999
  1 1 29 5 0 457 -999 -999 0.569960624828496 0.416118159494681 0.0139212156768234
  1 1 30 5 0 2381 -999 -999 0.346221568270621 0.652188216899164 0.00159021483021405
  1 1 31 5 0 1628 -999 -999 0.240640453381931 0.758167494665487 0.00119205195258153
  1 1 32 5 0 2277 -999 -999 0.277703614269899 0.717501089274402 0.00479529645569897
  1 1 33 5 0 3199 -999 -999 0.351790921125268 0.630944044521562 0.0172650343531706
  1 1 34 5 0 5810 -999 7.06858914070959e-05 0.427669273073461 0.561531514514725 0.0107285265204063
  1 1 35 5 0 3419 -999 -999 0.393025055206801 0.596130684206127 0.0108442605870723
  1 1 36 5 0 5760 -999 2.67273315659691e-05 0.435968176636008 0.558453107979851 0.00555198805257515
  1 1 37 5 0 6833 -999 -999 0.584940741624741 0.413891769660731 0.00116748871452799
  1 1 38 5 0 7189 -999 -999 0.59462970348965 0.404155906957631 0.00121438955271931
  1 1 39 5 0 8834 -999 -999 0.641082155940002 0.358456947124773 0.000460896935224887
  1 1 40 5 0 7760 -999 -999 0.785878967559737 0.214121032440263 -999
  1 1 41 5 0 9867 -999 -999 0.856645577900921 0.143100897345242 0.000253524753837676
  1 1 42 5 0 9542 -999 -999 0.830925873530677 0.168187417439377 0.000886709029945992
  1 1 43 5 0 15542 -999 -999 0.793250307138165 0.206594924418327 0.000154768443507468
  1 1 44 5 0 12596 -999 -999 0.780064790117862 0.219884893235211 5.03166469266524e-05
  1 1 45 5 0 6133 -999 0.000152606563604558 0.712548821051542 0.285573771437869 0.00172480094698367
  1 1 46 5 0 6246 -999 0.00413155487146873 0.866128927495846 0.129565927564891 0.000173590067794096
  1 1 47 5 0 6756 -999 0.00351054967720928 0.919051281670397 0.0773200432939012 0.000118125358492836
  1 1 48 5 0 7777 -999 0.00487056080492986 0.946727211086403 0.0483155766114943 8.66514971729879e-05
  1 1 49 5 0 6578 -999 0.0280948405221874 0.929319089133778 0.0425860703440349 -999
  1 1 50 5 0 7550 -999 0.0196035174092022 0.921610493744372 0.0587348262826552 5.1162563770787e-05
  1 1 51 5 0 6294 -999 0.0191570249286013 0.958151939238906 0.0226910358324927 -999
  1 1 52 5 0 3287 -999 0.0146483347033644 0.975476911768147 0.00987475352848813 -999
  1 1 1 6 0 5 -999 0.300476730710841 0.66423709389486 0.0352861753942989 -999
  1 1 2 6 0 2387 0.000299414705277676 0.263020658169742 0.687118350051841 0.0436685968309331 0.00589298024220618
  1 1 3 6 0 2372 7.37974359422695e-05 0.437567909552188 0.547445829593729 0.0149124634181416 -999
  1 1 4 6 0 3351 5.20069653504144e-05 0.554467225679464 0.434777776144428 0.0107029912107568 -999
  1 1 5 6 0 1437 9.3583465604588e-05 0.377263309971934 0.536281566711163 0.0863615398512983 -999
  1 1 6 6 0 4506 0.000251172692728903 0.695499376274839 0.263230277081157 0.0410191739512755 -999
  1 1 7 6 0 1684 0.000456886239164799 0.477446991072289 0.476860025160712 0.0452360975278344 -999
  1 1 8 6 0 2447 9.8461990699506e-05 0.406680571735257 0.549595498689479 0.0436254675845646 -999
  1 1 9 6 0 5444 3.13648800970199e-05 0.374195174535673 0.587903105641843 0.0378703549423877 -999
  1 1 10 6 0 6776 -999 0.343468330660221 0.599170709110791 0.0573609602289883 -999
  1 1 11 6 0 4442 9.64068620739541e-05 0.269289692834956 0.68764591031948 0.0429679899834906 -999
  1 1 12 6 0 3668 6.80153850585151e-06 0.240159904608955 0.674549217051205 0.0852840768013345 -999
  1 1 13 6 0 4898 -999 0.488636698541214 0.504540105624192 0.00345831613664146 0.00336487969795313
  1 1 14 6 0 5669 0.000315783893897828 0.536761704270299 0.454220674939337 0.00870183689646633 -999
  1 1 15 6 0 8644 0.000118886466475429 0.439243970307856 0.498605644591276 0.0620314986343921 -999
  1 1 16 6 0 10523 -999 0.419347128377742 0.561152240173251 0.0195006314490071 -999
  1 1 17 6 0 8428 3.47849198386255e-05 0.392511022776065 0.567699687202761 0.0397545051013353 -999
  1 1 18 6 0 11988 5.57963901988106e-05 0.425262542081977 0.520702560279284 0.0539791012485403 -999
  1 1 19 6 0 12385 0.000110720668687322 0.438530112489032 0.497686546882481 0.0636726199597998 -999
  1 1 20 6 0 12139 1.32567134077778e-05 0.523270197110366 0.465820556813282 0.0108959893629446 -999
  1 1 21 6 0 12626 0.00014799605720161 0.633320206900843 0.346496980724315 0.0200348163176401 -999
  1 1 22 6 0 8623 -999 0.61972335626409 0.363428921359562 0.0168477223763476 -999
  1 1 23 6 0 11450 -999 0.567459446538083 0.428167492301787 0.00437306116013024 -999
  1 1 24 6 0 7803 1.31554058652421e-05 0.523602955482499 0.399090458329266 0.0772934307823696 -999
  1 1 25 6 0 4089 0.000526634428050151 0.520587618799513 0.388969779235366 0.0759723490534478 0.0139436184836224
  1 1 26 6 0 3512 0.000892577469146397 0.658064742840231 0.333213272365231 0.00782940732539078 -999
  1 1 27 6 0 5905 -999 0.713349126323125 0.286650873676875 -999 -999
  1 1 28 6 0 4239 -999 0.466442736329619 0.403127704797717 0.130429558872664 -999
  1 1 29 6 0 2963 -999 0.73125230543326 0.26874769456674 -999 -999
  1 1 30 6 0 7550 0.000964597811077876 0.690982474124214 0.305881116982666 0.00217181108204229 -999
  1 1 31 6 0 8541 0.00101822297668546 0.653856917039428 0.340010164797379 0.00511469518650709 -999
  1 1 32 6 0 7576 0.000499138936452172 0.607570195756137 0.337592364207606 0.054338301099805 -999
  1 1 33 6 0 4539 -999 0.630728932637824 0.322256680309334 0.0470143870528427 -999
  1 1 34 6 0 13640 0.000149103836899946 0.293074342125586 0.520748217763651 0.184441944419477 0.00158639185438659
  1 1 35 6 0 7464 -999 0.609428111813351 0.343366991480935 0.0429452796142259 0.0042596170914871
  1 1 36 6 0 9061 0.00175459556944627 0.694635303187099 0.215412372425638 0.0881977288178169 -999
  1 1 37 6 0 10941 0.000690318348033074 0.610062266541747 0.369959612410724 0.0192878026994967 -999
  1 1 38 6 0 12758 3.93841029780414e-05 0.573187103169672 0.412493802511969 0.0142797102153816 -999
  1 1 39 6 0 15410 0.000412081730586329 0.631471031803197 0.354196122108499 0.0139207643577178 -999
  1 1 40 6 0 19860 5.90949941173915e-05 0.577119061701134 0.412676250383423 0.0101455929213265 -999
  1 1 41 6 0 15454 2.87473719151942e-05 0.530926631146542 0.45340448149944 0.0156401399821025 -999
  1 1 42 6 0 12303 1.08831422972996e-05 0.470962106893845 0.501960861271056 0.027066148692802 -999
  1 1 43 6 0 12754 -999 0.452866252162101 0.521534546310833 0.025599201527066 -999
  1 1 44 6 0 12717 -999 0.529147490252487 0.45977802298512 0.0110744867623928 -999
  1 1 45 6 0 14943 2.25922451492493e-05 0.406193252251428 0.582075338548259 0.0117088169551637 -999
  1 1 46 6 0 15792 5.92921186119022e-06 0.407616415326902 0.509164683393693 0.0825789374109846 0.000634034656559171
  1 1 47 6 0 12669 2.23861198479333e-05 0.299868125567056 0.593641380675607 0.106468107637489 -999
  1 1 48 6 0 14501 -999 0.314144834359587 0.567094952342532 0.118760213297881 -999
  1 1 49 6 0 15260 2.1351802668657e-05 0.34619824845243 0.47363138855549 0.180149011189411 -999
  1 1 50 6 0 13965 4.26768670533304e-06 0.366878289064483 0.43714906274117 0.195968380507642 -999
  1 1 51 6 0 15256 1.20693334996582e-05 0.446177820361825 0.404223119516627 0.148824147744259 0.000762843043789494
  1 1 52 6 0 13201 6.65847283954713e-05 0.444784039367906 0.520298750083166 0.0348506258205327 -999
  1 1 11 7 0 5 -999 -999 0.294609453299755 0.705390546700245 -999
  1 1 12 7 0 259 -999 -999 0.294609453299755 0.705390546700245 -999
  1 1 13 7 0 5 -999 -999 0.294499234814759 0.705500765185241 -999
  1 1 14 7 0 100 -999 -999 0.551230708712356 0.448769291287644 -999
  1 1 15 7 0 704 -999 -999 0.159531364785177 0.840468635214823 -999
  1 1 16 7 0 492 -999 -999 0.230151652395867 0.769848347604133 -999
  1 1 17 7 0 1508 -999 -999 0.0949676273440482 0.905032372655952 -999
  1 1 18 7 0 1678 -999 -999 0.139686526950557 0.860313473049443 -999
  1 1 19 7 0 1461 -999 0.0010526486669414 0.112065445866394 0.886881905466664 -999
  1 1 20 7 0 2031 -999 -999 0.231722794072949 0.768277205927051 -999
  1 1 21 7 0 1771 -999 -999 0.143588697386356 0.856411302613645 -999
  1 1 22 7 0 1410 -999 -999 0.149282354512356 0.850717645487644 -999
  1 1 23 7 0 2249 -999 -999 0.178236225845165 0.820539385203538 0.00122438895129733
  1 1 24 7 0 1896 2.74243577713316e-05 -999 0.304668020259831 0.695304555382398 -999
  1 1 25 7 0 3322 -999 -999 0.245751970781892 0.754248029218108 -999
  1 1 26 7 0 2948 -999 -999 0.349493645296386 0.650506354703614 -999
  1 1 27 7 0 2273 -999 -999 0.503295618588191 0.496704381411809 -999
  1 1 28 7 0 2291 -999 -999 0.611786294735777 0.388213705264223 -999
  1 1 29 7 0 2231 2.99181666170708e-05 -999 0.833977351724341 0.165992730109042 -999
  1 1 30 7 0 748 3.09265349147423e-05 -999 0.958373011745648 0.0415960617194368 -999
  1 1 31 7 0 751 -999 0.00987554077913547 0.855320821040841 0.134803638180024 -999
  1 1 32 7 0 404 -999 -999 0.928163567882681 0.0718364321173191 -999
  1 1 33 7 0 2799 -999 0.000651092184525573 0.939000861211421 0.0603480466040537 -999
  1 1 34 7 0 649 -999 -999 0.890208825762449 0.109791174237552 -999
  1 1 35 7 0 398 -999 -999 0.83594854315786 0.16405145684214 -999
  1 1 36 7 0 1215 -999 -999 0.86834379505798 0.13165620494202 -999
  1 1 37 7 0 1210 -999 -999 0.744021526510239 0.255978473489761 -999
  1 1 38 7 0 2897 -999 9.92349847063581e-05 0.852258705597464 0.14764205941783 -999
  1 1 39 7 0 4857 -999 5.76169629818503e-05 0.874991191115248 0.12495119192177 -999
  1 1 40 7 0 3394 1.72803753283009e-06 -999 0.837035807881181 0.162962464081286 -999
  1 1 41 7 0 3161 -999 -999 0.819945947617957 0.180054052382043 -999
  1 1 42 7 0 4357 -999 -999 0.82006309215569 0.17993690784431 -999
  1 1 43 7 0 5784 5.93368127881405e-07 0.000134877876618351 0.770405364747726 0.229459164007527 -999
  1 1 44 7 0 5799 -999 0.000152311922244456 0.824186386650073 0.175661301427683 -999
  1 1 45 7 0 4058 -999 0.000113656525383362 0.681825426366811 0.318060917107805 -999
  1 1 46 7 0 5891 -999 0.000104693754193867 0.685053145886049 0.314842160359757 -999
  1 1 47 7 0 5069 -999 7.51660223079512e-05 0.695329670676202 0.30459516330149 -999
  1 1 48 7 0 4107 -999 0.000116522819640316 0.830956643994187 0.168926833186172 -999
  1 1 49 7 0 5420 2.7257409552116e-05 0.000108339636494219 0.766029332070534 0.233835070883419 -999
  1 1 50 7 0 5576 -999 9.62836279137525e-05 0.789834197721961 0.210069518650126 -999
  1 1 51 7 0 4633 -999 0.000304966359067802 0.749069485722882 0.250625547918051 -999
  1 1 52 7 0 4382 -999 -999 0.793998518772878 0.206001481227122 -999
  1 1 1 8 0 5 -999 0.0142618197523884 0.694881879607654 0.290856300639957 -999
  1 1 2 8 0 5 -999 0.0170856974306432 0.709706255604692 0.273208046964665 -999
  1 1 3 8 0 186 -999 0.258037703439299 0.525594546357124 0.216367750203576 -999
  1 1 4 8 0 5 -999 0.0284729436027298 0.624409911974639 0.347117144422631 -999
  1 1 5 8 0 5 -999 0.027880043302477 0.613211297945935 0.358908658751588 -999
  1 1 6 8 0 1033 -999 0.103494893564416 0.757057020252387 0.139448086183196 -999
  1 1 7 8 0 3718 0.000486948607911407 0.118367286599257 0.794921542280041 0.0862242225127905 -999
  1 1 8 8 0 8656 -999 0.0924364140393702 0.748566836632414 0.158996749328215 -999
  1 1 9 8 0 4983 -999 0.146665559000207 0.729771809445296 0.123562631554496 -999
  1 1 10 8 0 6201 -999 0.0984057238718071 0.795120812920021 0.106473463208172 -999
  1 1 11 8 0 4186 -999 0.0723295841311053 0.78602155886484 0.141648857004054 -999
  1 1 12 8 0 4518 -999 0.12536132785807 0.784790662003169 0.0898480101387608 -999
  1 1 13 8 0 7985 -999 0.201960883907429 0.752284988418137 0.0457541276744343 -999
  1 1 14 8 0 5165 1.08616123921935e-07 0.253369407004235 0.671497309487481 0.0751331748921606 -999
  1 1 15 8 0 11871 -999 0.255769285018831 0.686637452074352 0.0575932629068168 -999
  1 1 16 8 0 13080 -999 0.252236032406755 0.685976320165218 0.0617876474280268 -999
  1 1 17 8 0 9021 -999 0.259962478616348 0.679288684505218 0.0607488368784339 -999
  1 1 18 8 0 12035 0.000300145152816652 0.279288699893701 0.648134700638242 0.0722764543152402 -999
  1 1 19 8 0 9445 -999 0.228160180099515 0.70922463058361 0.0626151893168749 -999
  1 1 20 8 0 9062 -999 0.27789600571202 0.671719775980276 0.0503842183077044 -999
  1 1 21 8 0 8546 -999 0.273342570121377 0.66942870415627 0.0572287257223527 -999
  1 1 22 8 0 5614 -999 0.317119665929199 0.611580181893122 0.071300152177679 -999
  1 1 23 8 0 8789 5.63019749482377e-05 0.230061818797065 0.746758870930296 0.023123008297691 -999
  1 1 24 8 0 7528 -999 0.265113317822374 0.682630282829319 0.0457888404742333 0.00646755887407329
  1 1 25 8 0 7956 7.03155193572613e-05 0.246161239706743 0.717431017350563 0.0363374274233371 -999
  1 1 26 8 0 4469 5.51438625101307e-06 0.266223589501444 0.68354279393373 0.0502281021785755 -999
  1 1 27 8 0 4711 -999 0.341259217482715 0.617805998255247 0.0409347842620374 -999
  1 1 28 8 0 4707 -999 0.268368398782769 0.712557129181472 0.0190744720357595 -999
  1 1 29 8 0 5275 -999 0.323442336456071 0.639897479798062 0.0366601837458668 -999
  1 1 30 8 0 6897 -999 0.291398897212931 0.683894233426799 0.0247068693602697 -999
  1 1 31 8 0 5402 -999 0.278069333546461 0.696661465669925 0.0252692007836137 -999
  1 1 32 8 0 5487 -999 0.346800024146784 0.630171516282148 0.0230284595710681 -999
  1 1 33 8 0 13068 -999 0.237239029547315 0.713006865291871 0.0497541051608145 -999
  1 1 34 8 0 10248 -999 0.177851195422645 0.759494015245434 0.0626547893319202 -999
  1 1 35 8 0 10773 -999 0.083924728816383 0.76839953733553 0.147675733848087 -999
  1 1 36 8 0 13203 -999 0.0855621243061902 0.621630620036976 0.292807255656834 -999
  1 1 37 8 0 14334 -999 0.0550594083694343 0.675390833539353 0.269549758091212 -999
  1 1 38 8 0 15143 8.63519879076791e-06 0.0915829902964008 0.700022982549513 0.208385391955295 -999
  1 1 39 8 0 15606 -999 0.173495818517788 0.638902283153902 0.187601898328311 -999
  1 1 40 8 0 14843 5.30018615060285e-06 0.205944051366636 0.668561544172627 0.125489104274587 -999
  1 1 41 8 0 13766 -999 0.173243073118256 0.725536423168867 0.101220503712877 -999
  1 1 42 8 0 11289 -999 0.13954417037876 0.744061704476846 0.088072254932289 0.0283218702121043
  1 1 43 8 0 12563 -999 0.0779598603584464 0.867240111199283 0.0548000284422708 -999
  1 1 44 8 0 10915 -999 0.0633658646315628 0.884580633945283 0.0520535014231544 -999
  1 1 45 8 0 8811 -999 0.0562296557628975 0.916538920211816 0.0272314240252868 -999
  1 1 46 8 0 8254 -999 0.0519997941794448 0.910684541757258 0.0373156640632972 -999
  1 1 47 8 0 6375 -999 0.0655696978204058 0.895317284566383 0.0391130176132111 -999
  1 1 48 8 0 7234 -999 0.0462172064959875 0.90832267642701 0.045460117077003 -999
  1 1 49 8 0 7697 -999 0.0796823184028708 0.870622356581992 0.0496953250151373 -999
  1 1 50 8 0 11453 -999 0.0482814905847171 0.878578237529645 0.0731402718856377 -999
  1 1 51 8 0 5480 -999 0.0265656732870119 0.845988664896136 0.127445661816852 -999
  1 1 52 8 0 1826 -999 0.0190198130227417 0.736600648801821 0.244379538175438 -999
  1 1 36 9 0 668 7.5908900108883e-05 0.0392435622644553 0.234468890171793 0.590661063837046 0.135550574826597
  1 1 37 9 0 525 6.85509794687854e-06 0.0375167028763605 0.260664742326111 0.55531551725756 0.146496182442022
  1 1 38 9 0 490 0.000199417081582692 0.0613361872736712 0.32320843820782 0.565257316869107 0.0499986405678192
  1 1 39 9 0 562 4.19612073578604e-05 0.0633785483345419 0.341217836266334 0.449950140273676 0.145411513918091
  1 1 40 9 0 418 2.23676470499468e-05 0.0399131824014731 0.387242409659711 0.474596934800469 0.0982251054912966
  1 1 41 9 0 356 -999 0.0256085662318756 0.323913442061224 0.520827802960893 0.129650188746008
  1 1 42 9 0 500 2.22228337511877e-05 0.0291703559785192 0.248592936605875 0.539215772397267 0.182998712184588
  1 1 43 9 0 544 -999 0.0348825145455048 0.2790308776062 0.572833965436029 0.113252642412267
  1 1 44 9 0 481 0.000464740584598268 0.0498772644509649 0.238106871974196 0.531789309579171 0.17976181341107
  1 1 45 9 0 476 2.36762837329849e-05 0.053267850439397 0.287290839403216 0.493677815270879 0.165739818602775
  1 1 46 9 0 588 0.000362614225010498 0.0695045229336897 0.406249279247805 0.462266529104192 0.0616170544893021
  1 1 47 9 0 482 3.22043292196384e-05 0.067289321525918 0.551409084467269 0.381269389677593 -999
  1 1 48 9 0 439 6.65211459181666e-05 0.01860861895778 0.42480468735931 0.465635156471526 0.0908850160654656
  1 1 49 9 0 412 0.000129768219796528 0.0239808633300095 0.351395844550548 0.575853676368261 0.048639847531385
  1 1 50 9 0 403 0.000116730668102005 0.00772693505331091 0.207927055687245 0.711595339271633 0.0726339393197086
  1 1 51 9 0 409 -999 0.0233411743864772 0.220864780186225 0.713842251179187 0.0419517942481106
  1 1 52 9 0 564 0.000350621182297875 0.037924306027642 0.206207112033797 0.702991036025691 0.0525269247305725
  1 1 1 10 0 5 -999 3.59552636527415e-05 0.745274590362844 0.254689454373504 -999
  1 1 2 10 0 19665 -999 3.59529744254567e-05 0.769377596679428 0.23017502114132 0.000411429204827184
  1 1 3 10 0 27024 -999 0.00016239013328757 0.819969160245259 0.179868449621453 -999
  1 1 4 10 0 19834 -999 -999 0.770648518221624 0.229351481778376 -999
  1 1 5 10 0 15026 -999 2.3145913316322e-05 0.826569752398224 0.173407101688459 -999
  1 1 6 10 0 13494 -999 0.000117490536616161 0.862828082541783 0.137054426921601 -999
  1 1 7 10 0 17108 -999 0.000683799054549491 0.782623757026953 0.215556461269254 0.0011359826492439
  1 1 8 10 0 15343 -999 0.0018376617059181 0.858885263548169 0.139277074745913 -999
  1 1 9 10 0 10840 -999 0.000827492464119841 0.826622797824842 0.172549709711038 -999
  1 1 10 10 0 8134 -999 0.00107753617447491 0.742283215773325 0.2566392480522 -999
  1 1 11 10 0 6237 -999 0.0124534410451923 0.722975666876741 0.263983920431949 0.000586971646117276
  1 1 12 10 0 8020 -999 0.00131964683365212 0.852961854370526 0.144556501630424 0.00116199716539775
  1 1 13 10 0 8657 -999 0.00269861943611965 0.828652450832214 0.168648929731666 -999
  1 1 14 10 0 4717 -999 0.00160385779013174 0.821434752675026 0.176961389534842 -999
  1 1 15 10 0 13340 -999 0.00154932203757155 0.861287523659525 0.137163154302904 -999
  1 1 16 10 0 11508 -999 0.00312617653481845 0.921857997649587 0.0747890156270154 0.000226810188579299
  1 1 17 10 0 10785 -999 0.00547786514529794 0.899265964591241 0.0952561702634615 -999
  1 1 18 10 0 13087 -999 0.00550499125333853 0.831944718197807 0.162550290548854 -999
  1 1 19 10 0 8392 -999 0.00286364665042484 0.8614953677876 0.134967202401584 0.000673783160391015
  1 1 20 10 0 6049 3.5357287882411e-05 0.000338948050801438 0.85111963147169 0.148506063189626 -999
  1 1 21 10 0 6320 -999 0.00225761143777013 0.770068694174309 0.223798012011462 0.00387568237645919
  1 1 22 10 0 6041 -999 0.00151878345286495 0.887469047718948 0.111012168828187 -999
  1 1 23 10 0 6940 -999 -999 0.952474007471308 0.047525992528692 -999
  1 1 24 10 0 5325 -999 -999 0.917089324299929 0.0829106757000712 -999
  1 1 25 10 0 4551 -999 -999 0.86483029948849 0.13516970051151 -999
  1 1 26 10 0 3714 4.01672744952489e-09 -999 0.885938427387376 0.114061568595897 -999
  1 1 27 10 0 2203 -999 -999 0.874990224196826 0.125009775803174 -999
  1 1 28 10 0 1775 -999 -999 0.906663238822698 0.093336761177302 -999
  1 1 29 10 0 2776 -999 -999 0.895122019193826 0.104877980806174 -999
  1 1 30 10 0 5448 -999 -999 0.861540914449476 0.128059480426223 0.0103996051243002
  1 1 31 10 0 1789 -999 -999 0.868405187215945 0.131594812784055 -999
  1 1 32 10 0 2366 -999 0.00709121786539187 0.759395394089766 0.218471735310973 0.0150416527338692
  1 1 33 10 0 4696 -999 -999 0.798444422781032 0.201555577218968 -999
  1 1 34 10 0 4922 -999 -999 0.778098184056987 0.221901815943013 -999
  1 1 35 10 0 5216 -999 -999 0.690903619862872 0.309096380137128 -999
  1 1 36 10 0 6835 -999 -999 0.571962740561995 0.428037259438005 -999
  1 1 37 10 0 9537 -999 -999 0.510876851392554 0.487319245924096 0.00180390268335031
  1 1 38 10 0 9214 1.82757060671737e-07 -999 0.78437376404934 0.2156260531936 -999
  1 1 39 10 0 12486 -999 -999 0.692908733617706 0.307091266382294 -999
  1 1 40 10 0 14692 1.4898352763555e-05 0.000113329943103156 0.842658711785844 0.157213059918289 -999
  1 1 41 10 0 14178 -999 -999 0.912777039010691 0.087222960989309 -999
  1 1 42 10 0 13375 -999 -999 0.796029007348981 0.203970992651019 -999
  1 1 43 10 0 15155 -999 8.47950106804804e-06 0.743207478997986 0.256784041500946 -999
  1 1 44 10 0 16617 -999 -999 0.793950189559901 0.206049810440099 -999
  1 1 45 10 0 8938 -999 -999 0.757788424535206 0.242211575464794 -999
  1 1 46 10 0 5206 -999 -999 0.725482164397569 0.274517835602431 -999
  1 1 47 10 0 5299 -999 -999 0.830429021099635 0.169570978900365 -999
  1 1 48 10 0 5764 -999 -999 0.761638638288056 0.238361361711944 -999
  1 1 49 10 0 2404 -999 -999 0.748302005592269 0.25169799440773 -999
  1 1 50 10 0 3111 -999 -999 0.680542666922492 0.319457333077508 -999
  1 1 51 10 0 1183 -999 -999 0.689470033491556 0.310529966508444 -999
  1 1 52 10 0 241 -999 -999 0.810425173323157 0.189574826676843 -999
  2 1 1 2 0 19635 0.00240819926992479 0.246746975916747 0.290038402937398 0.372594781189888 0.0882116406860421
  2 1 2 2 0 19532 0.00104020432352411 0.105626582860267 0.387273227952675 0.43528485153316 0.0707751333303735
  2 1 3 2 0 8476 0.000327884545634936 0.0461872942828072 0.227921895605584 0.563554713683695 0.16200821188228
  2 1 4 2 0 12204 9.87429530820204e-06 0.0143707567986332 0.112316625188529 0.792156218776191 0.0811465249413387
  2 1 5 2 0 16453 -999 0.0355233032862113 0.288787878942722 0.611160800763934 0.0645280170071328
  2 1 6 2 0 8919 9.49930923675084e-06 0.0306940319832035 0.342569784530175 0.50945341218422 0.117273271993166
  2 1 7 2 0 22982 0.000132668427247738 0.0647130874137285 0.350899032585179 0.53679560715649 0.0474596044173548
  2 1 8 2 0 24156 1.32754200996367e-06 0.052234257134539 0.325156023621163 0.588480227238049 0.0341281644642387
  2 1 9 2 0 31957 1.07437262954263e-05 0.0495477471654519 0.42464637360017 0.509121317833675 0.0166738176744073
  2 1 10 2 0 33037 2.95574604142557e-08 0.0274105111802892 0.103040317447365 0.865129878004867 0.00441926381001797
  2 1 11 2 0 28216 9.00954496909441e-07 0.0163276138808206 0.169169603485955 0.801572052577216 0.0129298291015118
  2 1 12 2 0 37294 3.85598857573244e-06 0.078651835813612 0.285358033767304 0.631395215479515 0.00459105895099267
  2 1 13 2 0 28315 -999 0.0128560155938716 0.564254874182267 0.411192193106048 0.0116969171178134
  2 1 14 2 0 23528 3.49442781456918e-07 0.0103295856686581 0.149092326569542 0.827590160511002 0.0129875778080172
  2 1 15 2 0 12696 -999 0.0422454636027038 0.0901124292809654 0.836115629968089 0.0315264771482423
  2 1 16 2 0 11015 -999 0.109538770725497 0.338488145992559 0.530388640247374 0.0215844430345701
  2 1 17 2 0 10095 -999 0.0132818913358091 0.282436185415147 0.683992291660403 0.0202896315886408
  2 1 18 2 0 8988 -999 0.0383167027127 0.203465081772751 0.758203673691133 1.45418234162182e-05
  2 1 19 2 0 4746 -999 0.0125629211814904 0.380471323296917 0.606146238674358 0.000819516847234624
  2 1 20 2 0 6394 -999 0.0266961453134124 0.425623627346773 0.54743560373253 0.00024462360728392
  2 1 21 2 0 6540 -999 0.0526820259451143 0.334260370939954 0.613057603114932 -999
  2 1 22 2 0 6300 -999 0.0388741804652078 0.201311368821742 0.752766208343378 0.00704824236967266
  2 1 23 2 0 8574 -999 0.00653833762415332 0.297842600015742 0.690846848137114 0.00477221422299022
  2 1 24 2 0 8163 -999 0.00060473728115151 0.247566131681243 0.747752083947369 0.00407704709023611
  2 1 25 2 0 11543 -999 0.0251707964727991 0.194177114998914 0.776846127851362 0.00380596067692487
  2 1 26 2 0 7936 -999 0.0450641368085319 0.252061729309099 0.702874133882369 -999
  2 1 27 2 0 4472 -999 0.00566908430024861 0.362255335588421 0.63207558011133 -999
  2 1 28 2 0 6183 -999 -999 0.152108095447203 0.847891904552797 -999
  2 1 29 2 0 7481 1.30208151195259e-06 0.0110106656930243 0.225583781244493 0.763165189323357 0.000239061657613822
  2 1 30 2 0 10905 -999 0.000312981452025608 0.5181003904684 0.481586628079574 -999
  2 1 31 2 0 9156 -999 0.0102991363582346 0.59546545178182 0.394235411859945 -999
  2 1 32 2 0 10446 -999 0.00181451289716799 0.481454915729006 0.516730571373826 -999
  2 1 33 2 0 9159 -999 9.85009358575505e-05 0.347165975684303 0.65273552337984 -999
  2 1 34 2 0 10178 -999 0.00019774829159212 0.448534380245521 0.551267871462887 -999
  2 1 35 2 0 9640 -999 0.00209246561662424 0.365032693914518 0.632874840468858 -999
  2 1 36 2 0 7712 -999 0.00126084000015109 0.362374935429578 0.636364224570271 -999
  2 1 37 2 0 7099 -999 0.00565809929540041 0.579138868954682 0.415203031749917 -999
  2 1 38 2 0 9280 -999 0.000295127408368549 0.556564537362624 0.443072549863432 6.77853655752053e-05
  2 1 39 2 0 11055 -999 2.39085358220736e-05 0.440295308008926 0.559680783455252 -999
  2 1 40 2 0 7772 -999 0.00138085439441216 0.570639908886641 0.427979236718947 -999
  2 1 41 2 0 6359 -999 4.4159272366158e-05 0.323277341665986 0.676678499061648 -999
  2 1 42 2 0 6157 -999 0.000793931666300082 0.254804936996619 0.744401131337081 -999
  2 1 43 2 0 6127 -999 0.010781479168685 0.438709751370789 0.550508769460526 -999
  2 1 44 2 0 6248 -999 0.00180733795852861 0.894488719072744 0.103703942968728 -999
  2 1 45 2 0 6307 -999 0.00181289432530438 0.864292451778908 0.133894653895787 -999
  2 1 46 2 0 6676 -999 0.0055444497804059 0.675134261982564 0.31932128823703 -999
  2 1 47 2 0 7210 -999 0.000101112350425174 0.574894911836912 0.425003975812663 -999
  2 1 48 2 0 5913 -999 0.00204076979293051 0.374462307816156 0.623496922390913 -999
  2 1 49 2 0 4876 -999 -999 0.231841822220555 0.768158177779445 -999
  2 1 50 2 0 5812 -999 0.000410473368234107 0.328035335970676 0.67155419066109 -999
  2 1 51 2 0 5185 -999 4.02754018901971e-05 0.176671680381279 0.823288044216831 -999
  2 1 52 2 0 3711 -999 0.0037783659231353 0.193320943968471 0.802900690108393 -999
  2 1 1 3 0 5 -999 -999 0.894256673880356 0.105743326119644 -999
  2 1 2 3 0 5 -999 -999 0.897034236554737 0.102965763445263 -999
  2 1 3 3 0 5 -999 -999 0.901418437874698 0.0985815621253022 -999
  2 1 4 3 0 5 -999 -999 0.90600648455461 0.0939935154453902 -999
  2 1 5 3 0 5 -999 -999 0.896552199565999 0.103447800434001 -999
  2 1 6 3 0 183 -999 -999 0.90827817970625 0.0917218202937497 -999
  2 1 7 3 0 200 -999 -999 0.895237263999489 0.104762736000511 -999
  2 1 8 3 0 486 -999 2.97230977815378e-05 0.422903127394594 0.577067149507625 -999
  2 1 9 3 0 1308 -999 0.0158262890500784 0.667617191800143 0.316556519149778 -999
  2 1 10 3 0 2040 -999 0.0512074427791831 0.814822213316572 0.133970343904244 -999
  2 1 11 3 0 247 -999 1.08044416018771e-07 0.556739551460287 0.443260340495297 -999
  2 1 12 3 0 617 -999 9.76683006320227e-06 0.179787212410277 0.820203020759659 -999
  2 1 13 3 0 3185 -999 0.0076737635457322 0.383912831696759 0.608413404757508 -999
  2 1 14 3 0 3161 -999 0.0274946476943719 0.145786627245994 0.826718725059635 -999
  2 1 15 3 0 2765 -999 0.00216077336451684 0.115318397665834 0.88252082896965 -999
  2 1 16 3 0 3949 -999 0.00757503114474006 0.219182473133188 0.773242495722072 -999
  2 1 17 3 0 4470 -999 0.0741928005074602 0.508742648306741 0.417064551185799 -999
  2 1 18 3 0 2857 -999 6.47218786074414e-05 0.651943409545793 0.34726522618943 0.000726642386169311
  2 1 19 3 0 4092 -999 0.0358811720820538 0.664549908897438 0.29852807661632 0.00104084240418782
  2 1 20 3 0 2723 -999 0.105721098975658 0.768645364331171 0.125633536693171 -999
  2 1 21 3 0 3158 -999 0.000106454599117236 0.540551831062657 0.459341714338226 -999
  2 1 22 3 0 1846 -999 0.00186554632831268 0.341757081362228 0.65637737230946 -999
  2 1 23 3 0 2213 -999 0.00306740647122942 0.437511794235769 0.559420799293002 -999
  2 1 24 3 0 1530 5.10896528651362e-09 0.000365936406305765 0.548599276481942 0.449872745946778 0.00116203605600944
  2 1 25 3 0 2534 -999 0.000342530311588812 0.632436090005672 0.367219054019598 2.32566314126811e-06
  2 1 26 3 0 211 -999 0.0201122455018759 0.62551395874253 0.354373795755594 -999
  2 1 27 3 0 395 -999 0.00159596500402807 0.85530292811765 0.142647490298826 0.000453616579496398
  2 1 28 3 0 1101 -999 0.00638131712249434 0.574757360883357 0.0817111050339751 0.337150216960173
  2 1 29 3 0 2282 -999 0.0144696235276814 0.807013361090039 0.17851701538228 -999
  2 1 30 3 0 2349 -999 0.00982638825960521 0.588160014252216 0.402013597488179 -999
  2 1 31 3 0 1956 -999 0.00095475543539582 0.517461556556282 0.481583688008322 -999
  2 1 32 3 0 4297 -999 0.000386704862364902 0.704206085467391 0.295407209670244 -999
  2 1 33 3 0 907 -999 0.00355134270319922 0.677256866690003 0.319191790606798 -999
  2 1 34 3 0 3026 -999 0.00248129700425983 0.520149066236304 0.477369636759436 -999
  2 1 35 3 0 2461 -999 0.00806969666141919 0.891710856052849 0.100219447285731 -999
  2 1 36 3 0 2787 -999 0.038414082926529 0.884734912290439 0.0768510047830323 -999
  2 1 37 3 0 1101 -999 0.0620033197538383 0.765266005213457 0.172727973439885 2.70159281925968e-06
  2 1 38 3 0 3117 -999 0.00164183159631682 0.865199032933602 0.133159135470081 -999
  2 1 39 3 0 5250 -999 0.00127862778713947 0.872838458331279 0.125882913881581 -999
  2 1 40 3 0 9474 -999 0.0046840397892513 0.885164389191474 0.110151571019275 -999
  2 1 41 3 0 11911 -999 0.0131116852926411 0.923809934710806 0.0630783799965532 -999
  2 1 42 3 0 4911 -999 0.0028094562695605 0.960552083378017 0.0366384603524226 -999
  2 1 43 3 0 3025 -999 0.0189044967112939 0.966193968003583 0.0149015352851229 -999
  2 1 44 3 0 2697 -999 0.478991320564808 0.512424050889856 0.00858462854533528 -999
  2 1 45 3 0 2386 -999 0.0259513900866727 0.97151189123448 0.00253671867884758 -999
  2 1 46 3 0 2921 -999 0.00698476199743581 0.990631891888652 0.00238334611391173 -999
  2 1 47 3 0 2932 -999 0.0164059728308943 0.981891323998464 0.00170270317064223 -999
  2 1 48 3 0 5366 -999 0.0633579158206971 0.919352748494719 0.0172893356845841 -999
  2 1 49 3 0 5285 -999 0.0565660077405626 0.935069280236185 0.00836471202325246 -999
  2 1 50 3 0 7369 -999 0.211679014138123 0.785277986225785 0.00304299963609127 -999
  2 1 51 3 0 5675 -999 0.00329185242325256 0.994170463673044 0.00253768390370351 -999
  2 1 52 3 0 8926 -999 0.0110955772298552 0.981806282127317 0.00709814064282759 -999
# end fishery length observations 
#  
# Survey diet proportion observations 
# Number of observations, init_int Ndietprop_obs 
  695
# init_matrix obs_dietprop(1,Ndietprop_obs,1,ncol) 
# Survey  Year  Predator  Predator_size InpN  wt_prey_1 wt_prey_2 wt_prey_3 wt_prey_4 wt_prey_5 wt_prey_6 wt_prey_7 wt_prey_8 wt_prey_9 wt_prey_10 wt_prey_11 other 
  1 6 1 2 100 -999 0.223650403043805 -999 -999 -999 -999 -999 -999 -999 -999 0.776349596956195
  1 17 1 3 100 -999 -999 -999 -999 -999 0.263521691550698 -999 -999 -999 -999 0.736478308449302
  1 19 1 2 100 -999 -999 -999 -999 -999 0.0114867857359387 -999 -999 -999 -999 0.988513214264061
  1 20 1 2 100 -999 -999 -999 -999 -999 0.000348216234340663 -999 -999 -999 -999 0.999651783765659
  1 21 1 3 100 -999 -999 -999 -999 -999 0.191448812228083 -999 -999 -999 -999 0.808551187771917
  1 22 1 2 100 0.0227678322168666 -999 -999 -999 -999 -999 -999 -999 -999 -999 0.977232167783133
  1 22 1 2 100 -999 -999 -999 -999 -999 0.00910713288674663 -999 -999 -999 -999 0.990892867113253
  1 22 1 3 100 0.597708782998506 -999 -999 -999 -999 -999 -999 -999 -999 -999 0.402291217001494
  1 23 1 2 100 -999 -999 -999 -999 -999 0.0241801814615145 -999 -999 -999 -999 0.975819818538486
  1 23 1 3 100 -999 0.289057908524649 -999 -999 -999 -999 -999 -999 -999 -999 0.710942091475351
  1 23 1 3 100 -999 -999 -999 -999 -999 0.295903134938117 -999 -999 -999 -999 0.704096865061883
  1 23 1 4 100 -999 0.966708960183675 -999 -999 -999 -999 -999 -999 -999 -999 0.0332910398163252
  1 23 1 4 100 -999 -999 -999 -999 -999 0.00453144825086098 -999 -999 -999 -999 0.995468551749139
  1 24 1 1 100 -999 -999 -999 -999 -999 0.648584905660377 -999 -999 -999 -999 0.351415094339623
  1 24 1 2 100 -999 -999 -999 -999 -999 0.0445034121265848 -999 -999 -999 -999 0.955496587873415
  1 24 1 3 100 -999 -999 -999 -999 -999 0.0365674859853385 -999 -999 -999 -999 0.963432514014661
  1 25 1 2 100 -999 0.0517601761138316 -999 -999 -999 -999 -999 -999 -999 -999 0.948239823886168
  1 25 1 2 100 -999 -999 -999 -999 -999 0.0122969630524982 -999 -999 -999 -999 0.987703036947502
  1 26 1 2 100 -999 -999 -999 -999 -999 0.545956659472128 -999 -999 -999 -999 0.454043340527872
  1 26 1 3 100 -999 -999 -999 -999 -999 0.748399876199319 -999 -999 -999 -999 0.251600123800681
  1 28 1 1 100 0.46065808297568 -999 -999 -999 -999 -999 -999 -999 -999 -999 0.53934191702432
  1 28 1 2 100 -999 0.156379755615381 -999 -999 -999 -999 -999 -999 -999 -999 0.843620244384619
  1 28 1 2 100 0.0258478934901456 -999 -999 -999 -999 -999 -999 -999 -999 -999 0.974152106509854
  1 28 1 2 100 -999 -999 -999 -999 -999 0.0604840707669408 -999 -999 -999 -999 0.939515929233059
  1 28 1 3 100 -999 0.0228060754571817 -999 -999 -999 -999 -999 -999 -999 -999 0.977193924542818
  1 29 1 2 100 -999 0.149863850706139 -999 -999 -999 -999 -999 -999 -999 -999 0.850136149293861
  1 29 1 3 100 -999 0.188929703205322 -999 -999 -999 -999 -999 -999 -999 -999 0.811070296794678
  1 29 1 3 100 -999 -999 -999 -999 -999 0.0823157519349022 -999 -999 -999 -999 0.917684248065098
  1 30 1 3 100 -999 0.103515791750555 -999 -999 -999 -999 -999 -999 -999 -999 0.896484208249446
  1 31 1 2 100 -999 0.0526252328636213 -999 -999 -999 -999 -999 -999 -999 -999 0.947374767136379
  1 31 1 3 100 -999 0.236328828272172 -999 -999 -999 -999 -999 -999 -999 -999 0.763671171727828
  1 31 1 3 100 -999 -999 -999 -999 -999 0.0891526544880876 -999 -999 -999 -999 0.910847345511912
  1 31 1 3 100 -999 -999 0.00074293878740073 -999 -999 -999 -999 -999 -999 -999 0.999257061212599
  1 32 1 2 100 -999 -999 -999 -999 -999 0.324126892928961 -999 -999 -999 -999 0.675873107071039
  1 34 1 2 100 -999 0.326426100522282 -999 -999 -999 -999 -999 -999 -999 -999 0.673573899477718
  1 34 1 2 100 -999 -999 -999 -999 -999 0.169741572271587 -999 -999 -999 -999 0.830258427728414
  1 35 1 3 100 -999 0.334718859722369 -999 -999 -999 -999 -999 -999 -999 -999 0.665281140277631
  1 35 1 3 100 -999 -999 -999 -999 -999 0.0109544354090957 -999 -999 -999 -999 0.989045564590904
  1 35 1 4 100 -999 -999 -999 -999 -999 0.738903183582719 -999 -999 -999 -999 0.261096816417281
  1 36 1 2 100 -999 -999 0.639393939393939 -999 -999 -999 -999 -999 -999 -999 0.360606060606061
  1 36 1 3 100 -999 0.353265146909653 -999 -999 -999 -999 -999 -999 -999 -999 0.646734853090347
  1 36 1 3 100 -999 -999 0.10229685721322 -999 -999 -999 -999 -999 -999 -999 0.89770314278678
  1 37 1 2 100 -999 -999 -999 -999 -999 0.00826384193524153 -999 -999 -999 -999 0.991736158064758
  1 37 1 3 100 -999 0.29071845585607 -999 -999 -999 -999 -999 -999 -999 -999 0.70928154414393
  1 37 1 3 100 -999 -999 -999 -999 0.154890980579054 -999 -999 -999 -999 -999 0.845109019420946
  1 37 1 3 100 -999 -999 0.16299297033242 -999 -999 -999 -999 -999 -999 -999 0.83700702966758
  1 38 1 3 100 -999 0.751263488594454 -999 -999 -999 -999 -999 -999 -999 -999 0.248736511405546
  1 40 1 2 100 -999 -999 -999 -999 -999 0.245776331778449 -999 -999 -999 -999 0.754223668221552
  1 41 1 2 100 -999 -999 -999 -999 -999 0.00900771569790328 -999 -999 -999 -999 0.990992284302097
  1 42 1 2 100 -999 -999 -999 -999 -999 0.000364547732968786 -999 -999 -999 -999 0.999635452267031
  1 42 1 3 100 -999 -999 -999 -999 -999 0.00464037122969838 -999 -999 -999 -999 0.995359628770302
  1 43 1 2 100 -999 0.197167951245743 -999 -999 -999 -999 -999 -999 -999 -999 0.802832048754257
  1 43 1 2 100 -999 -999 -999 -999 0.0591503853737229 -999 -999 -999 -999 -999 0.940849614626277
  1 43 1 3 100 -999 -999 -999 -999 -999 0.297805642633229 -999 -999 -999 -999 0.702194357366771
  1 44 1 3 100 -999 0.325426895728448 -999 -999 -999 -999 -999 -999 -999 -999 0.674573104271552
  1 45 1 2 100 -999 -999 -999 -999 -999 0.833333333333333 -999 -999 -999 -999 0.166666666666667
  1 45 1 3 100 -999 0.378947368421053 -999 -999 -999 -999 -999 -999 -999 -999 0.621052631578947
  1 46 1 3 100 -999 -999 -999 -999 0.403966213734851 -999 -999 -999 -999 -999 0.596033786265149
  1 48 1 3 100 -999 0.0981066687052468 -999 -999 -999 -999 -999 -999 -999 -999 0.901893331294753
  1 48 1 3 100 -999 -999 -999 -999 0.341971816629717 -999 -999 -999 -999 -999 0.658028183370283
  1 49 1 3 100 -999 0.395748530076888 -999 -999 -999 -999 -999 -999 -999 -999 0.604251469923112
  1 49 1 3 100 -999 -999 -999 -999 0.158299412030755 -999 -999 -999 -999 -999 0.841700587969245
  1 50 1 2 100 -999 0.169252468265162 -999 -999 -999 -999 -999 -999 -999 -999 0.830747531734838
  1 51 1 2 100 -999 -999 -999 -999 0.195428165344072 -999 -999 -999 -999 -999 0.804571834655928
  1 51 1 2 100 -999 -999 0.508113229894587 -999 -999 -999 -999 -999 -999 -999 0.491886770105413
  1 51 1 3 100 -999 -999 -999 -999 0.401529636711281 -999 -999 -999 -999 -999 0.598470363288719
  1 51 1 3 100 -999 -999 -999 -999 -999 0.0017208413001912 -999 -999 -999 -999 0.998279158699809
  2 6 1 3 100 -999 0.683944823663254 -999 -999 -999 -999 -999 -999 -999 -999 0.316055176336746
  2 7 1 2 100 -999 -999 0.0632720401151791 -999 -999 -999 -999 -999 -999 -999 0.936727959884821
  2 7 1 3 100 -999 -999 -999 -999 -999 0.012480460920589 -999 -999 -999 -999 0.987519539079411
  2 7 1 3 100 -999 -999 0.582090083804528 -999 -999 -999 -999 -999 -999 -999 0.417909916195472
  2 7 1 4 100 -999 -999 0.199532292454777 -999 -999 -999 -999 -999 -999 -999 0.800467707545223
  2 12 1 4 100 1 -999 -999 -999 -999 -999 -999 -999 -999 -999 0
  2 18 1 2 100 -999 -999 -999 -999 -999 -999 -999 -999 -999 0.00232137964722654 0.997678620352773
  2 19 1 3 100 -999 -999 -999 -999 -999 0.0273204022476488 -999 -999 -999 -999 0.972679597752351
  2 19 1 4 100 -999 -999 -999 -999 0.701398120253038 -999 -999 -999 -999 -999 0.298601879746962
  2 19 1 5 100 -999 -999 -999 -999 0.823529411764706 -999 -999 -999 -999 -999 0.176470588235294
  2 20 1 2 100 -999 -999 -999 -999 -999 0.00952014140844068 -999 -999 -999 -999 0.990479858591559
  2 20 1 3 100 -999 -999 -999 -999 -999 0.00482315623557167 -999 -999 -999 -999 0.995176843764428
  2 21 1 3 100 -999 0.0747349174689903 -999 -999 -999 -999 -999 -999 -999 -999 0.92526508253101
  2 22 1 2 100 -999 -999 -999 -999 -999 0.0244151800511333 -999 -999 -999 -999 0.975584819948867
  2 23 1 3 100 -999 -999 -999 -999 -999 -999 -999 -999 -999 0.0033698691832058 0.996630130816794
  2 24 1 3 100 -999 0.03641413609436 -999 -999 -999 -999 -999 -999 -999 -999 0.96358586390564
  2 24 1 3 100 -999 -999 -999 -999 -999 0.016768122346677 -999 -999 -999 -999 0.983231877653323
  2 24 1 4 100 -999 -999 -999 -999 -999 -999 0.0195847969874117 -999 -999 -999 0.980415203012588
  2 25 1 3 100 -999 0.124341088984284 -999 -999 -999 -999 -999 -999 -999 -999 0.875658911015716
  2 25 1 4 100 -999 -999 -999 -999 -999 0.087378640776699 -999 -999 -999 -999 0.912621359223301
  2 25 1 4 100 -999 -999 -999 -999 -999 -999 -999 -999 -999 0.087378640776699 0.912621359223301
  2 26 1 2 100 -999 -999 -999 -999 -999 0.0912562962518717 -999 -999 -999 -999 0.908743703748128
  2 26 1 3 100 -999 0.58267151417246 -999 -999 -999 -999 -999 -999 -999 -999 0.41732848582754
  2 26 1 4 100 -999 -999 -999 -999 -999 0.0310438494373302 -999 -999 -999 -999 0.96895615056267
  2 29 1 3 100 -999 0.142577102943927 -999 -999 -999 -999 -999 -999 -999 -999 0.857422897056073
  2 29 1 3 100 -999 -999 -999 -999 0.027786037114529 -999 -999 -999 -999 -999 0.972213962885471
  2 29 1 3 100 -999 -999 0.012503716701538 -999 -999 -999 -999 -999 -999 -999 0.987496283298462
  2 29 1 4 100 -999 0.409269662921348 -999 -999 -999 -999 -999 -999 -999 -999 0.590730337078652
  2 29 1 4 100 -999 -999 -999 -999 0.112359550561798 -999 -999 -999 -999 -999 0.887640449438202
  2 29 1 4 100 -999 -999 -999 -999 -999 0.0898876404494382 -999 -999 -999 -999 0.910112359550562
  2 30 1 3 100 -999 -999 -999 -999 -999 0.0945086094897952 -999 -999 -999 -999 0.905491390510205
  2 31 1 2 100 -999 0.0748183905535062 -999 -999 -999 -999 -999 -999 -999 -999 0.925181609446494
  2 31 1 2 100 -999 -999 -999 -999 -999 0.0364313832585581 -999 -999 -999 -999 0.963568616741442
  2 31 1 3 100 -999 0.20099335684486 -999 -999 -999 -999 -999 -999 -999 -999 0.79900664315514
  2 31 1 3 100 -999 -999 -999 -999 -999 0.127403546912068 -999 -999 -999 -999 0.872596453087932
  2 31 1 3 100 -999 -999 0.0904184873980426 -999 -999 -999 -999 -999 -999 -999 0.909581512601957
  2 31 1 4 100 -999 -999 -999 -999 -999 0.0252986647926915 -999 -999 -999 -999 0.974701335207309
  2 31 1 4 100 -999 -999 0.156008432888264 -999 -999 -999 -999 -999 -999 -999 0.843991567111736
  2 32 1 2 100 -999 -999 -999 -999 -999 0.0755523830258333 -999 -999 -999 -999 0.924447616974167
  2 32 1 3 100 -999 0.283785801088123 -999 -999 -999 -999 -999 -999 -999 -999 0.716214198911877
  2 33 1 3 100 -999 0.193395413434372 -999 -999 -999 -999 -999 -999 -999 -999 0.806604586565628
  2 33 1 3 100 -999 -999 -999 -999 -999 0.00108504463604298 -999 -999 -999 -999 0.998914955363957
  2 33 1 3 100 -999 -999 0.0601109473914366 -999 -999 -999 -999 -999 -999 -999 0.939889052608563
  2 34 1 2 100 -999 -999 0.164952214765656 -999 -999 -999 -999 -999 -999 -999 0.835047785234344
  2 34 1 3 100 -999 0.160750372077876 -999 -999 -999 -999 -999 -999 -999 -999 0.839249627922124
  2 34 1 3 100 -999 -999 -999 -999 -999 0.124623546297308 -999 -999 -999 -999 0.875376453702692
  2 34 1 4 100 -999 0.941176470588235 -999 -999 -999 -999 -999 -999 -999 -999 0.0588235294117647
  2 35 1 2 100 -999 0.0316898038245727 -999 -999 -999 -999 -999 -999 -999 -999 0.968310196175427
  2 35 1 3 100 -999 0.0992742708475969 -999 -999 -999 -999 -999 -999 -999 -999 0.900725729152403
  2 36 1 3 100 -999 0.135483075650998 -999 -999 -999 -999 -999 -999 -999 -999 0.864516924349002
  2 36 1 3 100 -999 -999 -999 -999 -999 0.129324754030498 -999 -999 -999 -999 0.870675245969502
  2 37 1 2 100 -999 -999 -999 -999 0.360217065868263 -999 -999 -999 -999 -999 0.639782934131736
  2 37 1 3 100 -999 0.0428901377912573 -999 -999 -999 -999 -999 -999 -999 -999 0.957109862208743
  2 37 1 3 100 0.0111009768400901 -999 -999 -999 -999 -999 -999 -999 -999 -999 0.98889902315991
  2 37 1 3 100 -999 -999 -999 -999 0.308808992097053 -999 -999 -999 -999 -999 0.691191007902948
  2 37 1 4 100 -999 0.123076923076923 -999 -999 -999 -999 -999 -999 -999 -999 0.876923076923077
  2 38 1 3 100 -999 -999 -999 -999 0.651361860978445 -999 -999 -999 -999 -999 0.348638139021555
  2 39 1 3 100 -999 0.125482706330897 -999 -999 -999 -999 -999 -999 -999 -999 0.874517293669103
  2 39 1 3 100 -999 -999 -999 -999 0.136508383456206 -999 -999 -999 -999 -999 0.863491616543794
  2 40 1 3 100 -999 -999 -999 -999 0.0257134316639286 -999 -999 -999 -999 -999 0.974286568336071
  2 42 1 3 100 -999 -999 -999 -999 -999 -999 -999 -999 -999 0.205070434858693 0.794929565141307
  2 43 1 3 100 -999 0.0470875646356045 -999 -999 -999 -999 -999 -999 -999 -999 0.952912435364396
  2 43 1 3 100 -999 -999 -999 -999 -999 0.175569348141325 -999 -999 -999 -999 0.824430651858675
  2 44 1 2 100 -999 -999 -999 -999 -999 0.313413449164091 -999 -999 -999 -999 0.686586550835909
  2 44 1 3 100 -999 -999 -999 -999 -999 0.0420748237845653 -999 -999 -999 -999 0.957925176215435
  2 45 1 1 100 -999 0.8 -999 -999 -999 -999 -999 -999 -999 -999 0.2
  2 45 1 2 100 -999 0.249076256807954 -999 -999 -999 -999 -999 -999 -999 -999 0.750923743192046
  2 45 1 3 100 -999 0.0557519732107189 -999 -999 -999 -999 -999 -999 -999 -999 0.944248026789281
  2 45 1 3 100 -999 -999 -999 -999 0.372423181047602 -999 -999 -999 -999 -999 0.627576818952398
  2 45 1 3 100 -999 -999 0.100353551779294 -999 -999 -999 -999 -999 -999 -999 0.899646448220706
  2 46 1 3 100 -999 0.449496492521813 -999 -999 -999 -999 -999 -999 -999 -999 0.550503507478187
  2 47 1 2 100 -999 -999 -999 -999 0.111513753282529 -999 -999 -999 -999 -999 0.888486246717471
  2 48 1 2 100 -999 -999 -999 -999 -999 0.18237285372616 -999 -999 -999 -999 0.81762714627384
  2 48 1 3 100 -999 -999 -999 -999 -999 0.50192404216162 -999 -999 -999 -999 0.49807595783838
  2 49 1 3 100 -999 -999 0.216932463715644 -999 -999 -999 -999 -999 -999 -999 0.783067536284356
  2 50 1 2 100 -999 -999 -999 -999 -999 0.00936529250675227 -999 -999 -999 -999 0.990634707493248
  2 50 1 2 100 -999 -999 0.0998964534053576 -999 -999 -999 -999 -999 -999 -999 0.900103546594642
  2 50 1 3 100 -999 -999 -999 -999 0.31983133420071 -999 -999 -999 -999 -999 0.68016866579929
  2 50 1 3 100 -999 -999 -999 -999 -999 0.165838469585553 -999 -999 -999 -999 0.834161530414447
  2 51 1 2 100 -999 -999 -999 -999 -999 0.445344129554656 -999 -999 -999 -999 0.554655870445344
  2 51 1 3 100 -999 -999 -999 -999 -999 0.110764071541294 -999 -999 -999 -999 0.889235928458706
  2 52 1 2 100 -999 -999 -999 -999 -999 0.0667986484036178 -999 -999 -999 -999 0.933201351596382
  4 26 1 2 100 -999 -999 -999 -999 -999 0.421686746987952 -999 -999 -999 -999 0.578313253012048
  4 28 1 2 100 -999 -999 -999 -999 -999 0.434172316083169 -999 -999 -999 -999 0.565827683916831
  4 28 1 3 100 -999 0.105984723467996 -999 -999 -999 -999 -999 -999 -999 -999 0.894015276532004
  4 28 1 3 100 -999 -999 -999 -999 -999 0.342856596030868 -999 -999 -999 -999 0.657143403969132
  4 28 1 4 100 -999 0.471540256004649 -999 -999 -999 -999 -999 -999 -999 -999 0.528459743995351
  4 28 1 4 100 -999 -999 -999 -999 -999 0.227762840636208 -999 -999 -999 -999 0.772237159363792
  4 30 1 3 100 -999 -999 -999 -999 -999 0.0136718264494799 -999 -999 -999 -999 0.98632817355052
  4 31 1 2 100 -999 0.114462015072055 -999 -999 -999 -999 -999 -999 -999 -999 0.885537984927945
  4 31 1 3 100 -999 0.187092431323396 -999 -999 -999 -999 -999 -999 -999 -999 0.812907568676604
  4 31 1 3 100 -999 -999 -999 -999 -999 0.0257527228998086 -999 -999 -999 -999 0.974247277100191
  4 32 1 2 100 -999 -999 -999 -999 -999 0.112865142720535 -999 -999 -999 -999 0.887134857279466
  4 32 1 2 100 -999 -999 -999 -999 -999 -999 -999 -999 -999 0.00276630251766016 0.99723369748234
  4 32 1 3 100 -999 0.231991872977369 -999 -999 -999 -999 -999 -999 -999 -999 0.768008127022631
  4 34 1 3 100 -999 0.392985761724361 -999 -999 -999 -999 -999 -999 -999 -999 0.607014238275639
  4 34 1 3 100 0.0705566357313235 -999 -999 -999 -999 -999 -999 -999 -999 -999 0.929443364268676
  4 34 1 3 100 -999 -999 -999 -999 -999 0.0955454442195006 -999 -999 -999 -999 0.904454555780499
  4 34 1 4 100 -999 0.9 -999 -999 -999 -999 -999 -999 -999 -999 0.1
  4 37 1 2 100 -999 0.459770114942529 -999 -999 -999 -999 -999 -999 -999 -999 0.540229885057471
  4 37 1 3 100 -999 1 -999 -999 -999 -999 -999 -999 -999 -999 0
  1 28 2 3 100 -999 -999 -999 -999 -999 0.215694877439659 -999 -999 -999 -999 0.784305122560341
  1 30 2 3 100 -999 -999 -999 -999 -999 0.133904893271642 -999 -999 -999 -999 0.866095106728358
  1 36 2 3 100 -999 -999 -999 -999 -999 0.341692789968652 -999 -999 -999 -999 0.658307210031348
  2 46 2 3 100 -999 0.0600201237565381 -999 -999 -999 -999 -999 -999 -999 -999 0.939979876243462
  1 21 3 3 100 -999 -999 -999 -999 -999 0.993377483443709 -999 -999 -999 -999 0.00662251655629131
  1 23 3 3 100 -999 -999 -999 -999 -999 1 -999 -999 -999 -999 0
  1 30 3 3 100 -999 -999 -999 -999 -999 0.163873091660632 -999 -999 -999 -999 0.836126908339368
  1 33 3 3 100 -999 -999 -999 -999 -999 0.69375120913136 -999 -999 -999 -999 0.30624879086864
  1 36 3 2 100 -999 -999 -999 -999 -999 0.0473327668041914 -999 -999 -999 -999 0.952667233195809
  2 40 3 2 100 -999 0.25 -999 -999 -999 -999 -999 -999 -999 -999 0.75
  2 40 3 4 100 -999 1 -999 -999 -999 -999 -999 -999 -999 -999 0
  1 13 4 1 100 -999 -999 -999 -999 -999 -999 -999 -999 -999 0.568345323741007 0.431654676258993
  1 13 4 4 100 -999 -999 -999 -999 0.414032625855113 -999 -999 -999 -999 -999 0.585967374144887
  1 15 4 5 100 1 -999 -999 -999 -999 -999 -999 -999 -999 -999 0
  1 21 4 4 100 -999 0.666666666666667 -999 -999 -999 -999 -999 -999 -999 -999 0.333333333333333
  1 21 4 4 100 -999 -999 -999 -999 -999 0.244444444444444 -999 -999 -999 -999 0.755555555555556
  1 28 4 2 100 -999 1 -999 -999 -999 -999 -999 -999 -999 -999 0
  1 29 4 3 100 -999 -999 0.949937071738219 -999 -999 -999 -999 -999 -999 -999 0.0500629282617815
  1 30 4 3 100 0.803212851405622 -999 -999 -999 -999 -999 -999 -999 -999 -999 0.196787148594378
  1 31 4 4 100 -999 -999 0.576923076923077 -999 -999 -999 -999 -999 -999 -999 0.423076923076923
  1 33 4 1 100 -999 -999 1 -999 -999 -999 -999 -999 -999 -999 0
  1 33 4 2 100 -999 -999 0.405357142857143 -999 -999 -999 -999 -999 -999 -999 0.594642857142857
  1 33 4 3 100 -999 -999 0.163198694410445 -999 -999 -999 -999 -999 -999 -999 0.836801305589555
  1 34 4 3 100 -999 -999 -999 -999 -999 0.327272727272727 -999 -999 -999 -999 0.672727272727273
  1 34 4 3 100 -999 -999 0.545454545454545 -999 -999 -999 -999 -999 -999 -999 0.454545454545455
  1 35 4 2 100 -999 -999 -999 -999 -999 0.616470588235294 -999 -999 -999 -999 0.383529411764706
  1 35 4 3 100 -999 0.131795716639209 -999 -999 -999 -999 -999 -999 -999 -999 0.868204283360791
  1 35 4 3 100 -999 -999 -999 -999 -999 0.200988467874794 -999 -999 -999 -999 0.799011532125206
  1 35 4 4 100 -999 0.7 -999 -999 -999 -999 -999 -999 -999 -999 0.3
  1 36 4 3 100 -999 -999 -999 -999 0.0340651021953066 -999 -999 -999 -999 -999 0.965934897804693
  1 36 4 3 100 -999 -999 -999 -999 -999 0.719152157456472 -999 -999 -999 -999 0.280847842543528
  1 37 4 2 100 -999 -999 -999 -999 0.6 -999 -999 -999 -999 -999 0.4
  1 37 4 4 100 -999 0.0533333333333333 -999 -999 -999 -999 -999 -999 -999 -999 0.946666666666667
  1 37 4 4 100 0.48 -999 -999 -999 -999 -999 -999 -999 -999 -999 0.52
  1 37 4 4 100 -999 -999 -999 -999 -999 0.0933333333333333 -999 -999 -999 -999 0.906666666666667
  1 38 4 3 100 -999 -999 -999 -999 -999 0.736929549535064 -999 -999 -999 -999 0.263070450464936
  1 40 4 3 100 -999 0.71569283042056 -999 -999 -999 -999 -999 -999 -999 -999 0.28430716957944
  1 40 4 3 100 -999 -999 -999 -999 -999 0.214707849126168 -999 -999 -999 -999 0.785292150873832
  1 42 4 2 100 -999 -999 -999 -999 -999 0.166666666666667 -999 -999 -999 -999 0.833333333333333
  1 42 4 3 100 -999 0.0604838709677419 -999 -999 -999 -999 -999 -999 -999 -999 0.939516129032258
  1 42 4 3 100 -999 -999 -999 -999 -999 0.129032258064516 -999 -999 -999 -999 0.870967741935484
  1 42 4 4 100 -999 -999 -999 -999 -999 -999 1 -999 -999 -999 0
  1 43 4 2 100 -999 0.0795007114410257 -999 -999 -999 -999 -999 -999 -999 -999 0.920499288558974
  1 43 4 3 100 -999 -999 -999 -999 0.0599812558575445 -999 -999 -999 -999 -999 0.940018744142455
  1 44 4 1 100 -999 -999 -999 -999 -999 0.484193677470988 -999 -999 -999 -999 0.515806322529011
  1 44 4 2 100 -999 -999 -999 -999 0.649350649350649 -999 -999 -999 -999 -999 0.350649350649351
  1 44 4 2 100 -999 -999 -999 -999 -999 0.346320346320346 -999 -999 -999 -999 0.653679653679654
  1 44 4 3 100 -999 -999 -999 -999 -999 0.0608167485639682 -999 -999 -999 -999 0.939183251436032
  1 44 4 3 100 -999 -999 -999 -999 -999 -999 -999 -999 -999 0.12323393787962 0.87676606212038
  1 45 4 2 100 -999 -999 -999 -999 -999 0.8 -999 -999 -999 -999 0.2
  1 45 4 3 100 -999 -999 -999 -999 -999 -999 0.157272419660006 -999 -999 -999 0.842727580339994
  1 45 4 3 100 -999 -999 -999 -999 -999 0.247966181663942 -999 -999 -999 -999 0.752033818336058
  1 46 4 1 100 -999 -999 -999 0.512589928057554 -999 -999 -999 -999 -999 -999 0.487410071942446
  1 46 4 1 100 -999 -999 -999 -999 -999 0.419064748201439 -999 -999 -999 -999 0.580935251798561
  1 46 4 3 100 -999 -999 -999 -999 0.310033821871477 -999 -999 -999 -999 -999 0.689966178128523
  1 46 4 3 100 -999 -999 -999 -999 -999 0.0777903043968433 -999 -999 -999 -999 0.922209695603157
  1 47 4 2 100 -999 -999 -999 -999 0.436183395291202 -999 -999 -999 -999 -999 0.563816604708798
  1 47 4 2 100 -999 -999 -999 -999 -999 0.272614622057001 -999 -999 -999 -999 0.727385377942999
  1 47 4 3 100 -999 -999 -999 -999 0.877572964669739 -999 -999 -999 -999 -999 0.122427035330261
  1 47 4 4 100 -999 -999 -999 -999 1 -999 -999 -999 -999 -999 0
  1 48 4 2 100 -999 -999 -999 -999 -999 0.789715335169881 -999 -999 -999 -999 0.210284664830119
  1 48 4 3 100 -999 -999 -999 -999 0.713375796178344 -999 -999 -999 -999 -999 0.286624203821656
  1 49 4 2 100 -999 -999 -999 -999 0.542287467134093 -999 -999 -999 -999 -999 0.457712532865907
  1 49 4 2 100 -999 -999 -999 -999 -999 0.0278096136991842 -999 -999 -999 -999 0.972190386300816
  1 49 4 3 100 -999 0.0971567740679738 -999 -999 -999 -999 -999 -999 -999 -999 0.902843225932026
  1 49 4 3 100 -999 -999 -999 0.17272315389862 -999 -999 -999 -999 -999 -999 0.82727684610138
  1 49 4 3 100 -999 -999 -999 -999 0.154371318796892 -999 -999 -999 -999 -999 0.845628681203108
  1 49 4 3 100 -999 -999 -999 -999 -999 0.0390001030450634 -999 -999 -999 -999 0.960999896954937
  1 49 4 3 100 -999 -999 0.323855913559913 -999 -999 -999 -999 -999 -999 -999 0.676144086440087
  1 50 4 1 100 -999 -999 -999 -999 -999 0.793269230769231 -999 -999 -999 -999 0.206730769230769
  1 50 4 2 100 -999 -999 -999 -999 -999 0.642857142857143 -999 -999 -999 -999 0.357142857142857
  1 50 4 3 100 -999 -999 -999 -999 0.196338290875178 -999 -999 -999 -999 -999 0.803661709124822
  1 51 4 2 100 -999 -999 -999 -999 -999 0.3125 -999 -999 -999 -999 0.6875
  1 51 4 3 100 -999 -999 -999 -999 0.101954120645709 -999 -999 -999 -999 -999 0.898045879354291
  1 51 4 3 100 -999 -999 -999 -999 -999 0.11214953271028 -999 -999 -999 -999 0.88785046728972
  1 52 4 2 100 -999 -999 -999 -999 -999 0.412541254125413 -999 -999 -999 -999 0.587458745874587
  1 52 4 3 100 -999 -999 -999 -999 0.0500876533934385 -999 -999 -999 -999 -999 0.949912346606562
  1 52 4 3 100 -999 -999 -999 -999 -999 0.368144252441773 -999 -999 -999 -999 0.631855747558227
  2 15 4 3 100 -999 -999 -999 -999 -999 1 -999 -999 -999 -999 0
  2 17 4 3 100 0.95 -999 -999 -999 -999 -999 -999 -999 -999 -999 0.05
  2 19 4 3 100 -999 -999 -999 -999 -999 0.5 -999 -999 -999 -999 0.5
  2 21 4 3 100 -999 -999 -999 -999 -999 -999 1 -999 -999 -999 0
  2 27 4 3 100 -999 -999 -999 -999 -999 1 -999 -999 -999 -999 0
  2 29 4 3 100 -999 -999 -999 -999 -999 1 -999 -999 -999 -999 0
  2 30 4 4 100 -999 0.5 -999 -999 -999 -999 -999 -999 -999 -999 0.5
  2 32 4 3 100 -999 -999 -999 -999 -999 -999 -999 -999 -999 1 0
  2 32 4 4 100 -999 -999 -999 -999 -999 0.539993199455956 -999 -999 -999 -999 0.460006800544044
  2 38 4 3 100 -999 -999 -999 -999 1 -999 -999 -999 -999 -999 0
  2 39 4 3 100 -999 -999 -999 -999 -999 1 -999 -999 -999 -999 0
  2 42 4 2 100 -999 -999 -999 -999 -999 0.334883720930233 -999 -999 -999 -999 0.665116279069767
  2 43 4 4 100 -999 -999 -999 -999 1 -999 -999 -999 -999 -999 0
  2 44 4 2 100 -999 0.168195718654434 -999 -999 -999 -999 -999 -999 -999 -999 0.831804281345566
  2 44 4 4 100 -999 -999 -999 -999 -999 1 -999 -999 -999 -999 0
  2 45 4 2 100 -999 0.384615384615385 -999 -999 -999 -999 -999 -999 -999 -999 0.615384615384615
  2 45 4 2 100 -999 -999 -999 -999 -999 0.192307692307692 -999 -999 -999 -999 0.807692307692308
  2 45 4 3 100 -999 -999 -999 -999 -999 1 -999 -999 -999 -999 0
  2 46 4 3 100 -999 0.4375 -999 -999 -999 -999 -999 -999 -999 -999 0.5625
  2 46 4 3 100 -999 -999 -999 -999 -999 0.136363636363636 -999 -999 -999 -999 0.863636363636364
  2 47 4 2 100 -999 -999 -999 -999 -999 1 -999 -999 -999 -999 0
  2 49 4 2 100 -999 -999 -999 -999 0.109749455337691 -999 -999 -999 -999 -999 0.890250544662309
  2 49 4 2 100 -999 -999 -999 -999 -999 0.225127087872186 -999 -999 -999 -999 0.774872912127814
  2 49 4 2 100 -999 -999 0.0844226579520697 -999 -999 -999 -999 -999 -999 -999 0.91557734204793
  2 49 4 3 100 -999 -999 -999 -999 0.598991172761665 -999 -999 -999 -999 -999 0.401008827238335
  2 49 4 3 100 -999 -999 -999 -999 -999 0.299495586380832 -999 -999 -999 -999 0.700504413619168
  2 50 4 2 100 -999 -999 -999 -999 0.371747211895911 -999 -999 -999 -999 -999 0.628252788104089
  2 50 4 2 100 -999 -999 -999 -999 -999 0.139405204460967 -999 -999 -999 -999 0.860594795539033
  2 50 4 2 100 -999 -999 0.16728624535316 -999 -999 -999 -999 -999 -999 -999 0.83271375464684
  2 50 4 3 100 -999 -999 -999 -999 0.037833787216932 -999 -999 -999 -999 -999 0.962166212783068
  2 51 4 3 100 -999 -999 -999 -999 0.111607142857143 -999 -999 -999 -999 -999 0.888392857142857
  2 51 4 3 100 -999 -999 -999 -999 -999 0.00364583333333333 -999 -999 -999 -999 0.996354166666667
  2 52 4 2 100 -999 -999 -999 -999 -999 0.402809201836182 -999 -999 -999 -999 0.597190798163818
  4 26 4 2 100 -999 0.407071563702786 -999 -999 -999 -999 -999 -999 -999 -999 0.592928436297214
  4 26 4 3 100 -999 0.642857142857143 -999 -999 -999 -999 -999 -999 -999 -999 0.357142857142857
  4 27 4 2 100 -999 -999 -999 -999 -999 0.376175548589342 -999 -999 -999 -999 0.623824451410658
  4 28 4 2 100 -999 -999 -999 -999 -999 0.134680134680135 -999 -999 -999 -999 0.865319865319865
  4 28 4 4 100 -999 -999 -999 -999 -999 0.0576923076923077 -999 -999 -999 -999 0.942307692307692
  4 29 4 2 100 -999 0.193673337637185 -999 -999 -999 -999 -999 -999 -999 -999 0.806326662362815
  4 29 4 2 100 -999 -999 -999 -999 -999 0.296965784377017 -999 -999 -999 -999 0.703034215622983
  4 29 4 2 100 -999 -999 0.103292446739832 -999 -999 -999 -999 -999 -999 -999 0.896707553260168
  4 29 4 3 100 -999 -999 -999 -999 -999 0.460918614020951 -999 -999 -999 -999 0.539081385979049
  4 29 4 5 100 -999 -999 -999 0.6 -999 -999 -999 -999 -999 -999 0.4
  4 30 4 2 100 -999 -999 -999 -999 -999 0.440881763527054 -999 -999 -999 -999 0.559118236472946
  4 30 4 3 100 -999 -999 -999 -999 -999 -999 0.0352609308885755 -999 -999 -999 0.964739069111425
  4 30 4 3 100 -999 -999 -999 -999 -999 0.846262341325811 -999 -999 -999 -999 0.153737658674189
  4 30 4 4 100 -999 -999 -999 -999 -999 1 -999 -999 -999 -999 0
  4 32 4 2 100 -999 -999 -999 -999 -999 0.185375901132853 -999 -999 -999 -999 0.814624098867147
  4 32 4 3 100 -999 0.145833333333333 -999 -999 -999 -999 -999 -999 -999 -999 0.854166666666667
  4 32 4 3 100 -999 -999 -999 -999 -999 0.231481481481481 -999 -999 -999 -999 0.768518518518518
  4 34 4 1 100 -999 -999 -999 -999 -999 0.36144578313253 -999 -999 -999 -999 0.63855421686747
  4 37 4 2 100 -999 -999 -999 -999 -999 0.117212936835251 -999 -999 -999 -999 0.882787063164749
  4 37 4 3 100 -999 0.848484848484849 -999 -999 -999 -999 -999 -999 -999 -999 0.151515151515151
  1 22 5 3 100 -999 -999 -999 -999 -999 0.425020048115477 -999 -999 -999 -999 0.574979951884523
  1 32 5 2 100 -999 -999 -999 -999 -999 0.155723168909004 -999 -999 -999 -999 0.844276831090996
  1 37 5 3 100 -999 0.438200336278642 -999 -999 -999 -999 -999 -999 -999 -999 0.561799663721358
  1 42 5 3 100 -999 -999 -999 -999 -999 0.0302431419511389 -999 -999 -999 -999 0.969756858048861
  1 43 5 3 100 -999 0.077312073370612 -999 -999 -999 -999 -999 -999 -999 -999 0.922687926629388
  1 43 5 3 100 -999 -999 -999 -999 0.187095217556881 -999 -999 -999 -999 -999 0.812904782443119
  1 43 5 3 100 -999 -999 -999 -999 -999 0.299970844677975 -999 -999 -999 -999 0.700029155322025
  1 44 5 2 100 -999 -999 -999 -999 -999 0.077971718078936 -999 -999 -999 -999 0.922028281921064
  1 44 5 3 100 -999 -999 -999 -999 -999 0.0177085766027746 -999 -999 -999 -999 0.982291423397225
  1 44 5 4 100 -999 0.485391797110874 -999 -999 -999 -999 -999 -999 -999 -999 0.514608202889126
  1 45 5 3 100 -999 -999 -999 -999 -999 0.254343461458778 -999 -999 -999 -999 0.745656538541222
  2 33 5 4 100 -999 -999 0.679024266914728 -999 -999 -999 -999 -999 -999 -999 0.320975733085272
  2 33 5 5 100 -999 -999 0.7 -999 -999 -999 -999 -999 -999 -999 0.3
  2 37 5 3 100 -999 0.129469938754921 -999 -999 -999 -999 -999 -999 -999 -999 0.870530061245079
  2 42 5 3 100 -999 -999 -999 -999 -999 -999 -999 0.0236687407841027 -999 -999 0.976331259215897
  2 43 5 4 100 -999 -999 -999 -999 -999 0.312842702893305 -999 -999 -999 -999 0.687157297106695
  2 44 5 3 100 -999 0.0672833990116368 -999 -999 -999 -999 -999 -999 -999 -999 0.932716600988363
  2 44 5 3 100 -999 -999 -999 -999 0.045752711327913 -999 -999 -999 -999 -999 0.954247288672087
  2 44 5 3 100 -999 -999 -999 -999 -999 0.148023477825601 -999 -999 -999 -999 0.851976522174399
  2 44 5 4 100 -999 0.278072703372264 -999 -999 -999 -999 -999 -999 -999 -999 0.721927296627736
  2 44 5 4 100 -999 -999 -999 -999 -999 0.0556145406744527 -999 -999 -999 -999 0.944385459325547
  2 45 5 1 100 -999 0.581053141356381 -999 -999 -999 -999 -999 -999 -999 -999 0.418946858643619
  2 45 5 2 100 -999 0.225573123822444 -999 -999 -999 -999 -999 -999 -999 -999 0.774426876177556
  2 45 5 3 100 -999 -999 -999 -999 -999 0.274727793457252 -999 -999 -999 -999 0.725272206542748
  2 46 5 3 100 -999 0.155956669528613 -999 -999 -999 -999 -999 -999 -999 -999 0.844043330471387
  2 52 5 3 100 -999 -999 -999 -999 -999 0.158457667250117 -999 -999 -999 -999 0.841542332749883
  1 7 6 2 100 -999 -999 -999 -999 -999 0.263966040027236 -999 -999 -999 -999 0.736033959972764
  1 9 6 3 100 -999 -999 -999 -999 -999 0.968323461241308 -999 -999 -999 -999 0.0316765387586917
  1 18 6 2 100 -999 -999 -999 -999 -999 0.141319660181666 -999 -999 -999 -999 0.858680339818334
  1 18 6 3 100 -999 -999 -999 -999 -999 0.146371213661313 -999 -999 -999 -999 0.853628786338687
  1 19 6 3 100 -999 -999 -999 -999 -999 0.683654443753884 -999 -999 -999 -999 0.316345556246116
  1 20 6 3 100 -999 0.519526022251452 -999 -999 -999 -999 -999 -999 -999 -999 0.480473977748548
  1 21 6 2 100 -999 0.124273577420801 -999 -999 -999 -999 -999 -999 -999 -999 0.875726422579199
  1 21 6 2 100 -999 -999 -999 -999 -999 0.121166737985281 -999 -999 -999 -999 0.878833262014719
  1 21 6 3 100 -999 0.110619469026549 -999 -999 -999 -999 -999 -999 -999 -999 0.889380530973451
  1 22 6 2 100 -999 0.0888116627040991 -999 -999 -999 -999 -999 -999 -999 -999 0.911188337295901
  1 22 6 2 100 -999 -999 -999 -999 -999 0.109747046568745 -999 -999 -999 -999 0.890252953431255
  1 23 6 2 100 -999 0.371673805613823 -999 -999 -999 -999 -999 -999 -999 -999 0.628326194386177
  1 23 6 2 100 -999 -999 -999 -999 -999 0.136709175248877 -999 -999 -999 -999 0.863290824751123
  1 23 6 3 100 -999 0.645584280064589 -999 -999 -999 -999 -999 -999 -999 -999 0.354415719935411
  1 24 6 1 100 -999 -999 -999 -999 -999 0.250052476807213 -999 -999 -999 -999 0.749947523192787
  1 24 6 2 100 -999 -999 -999 -999 -999 0.207218073218898 -999 -999 -999 -999 0.792781926781102
  1 24 6 3 100 -999 0.816326530612245 -999 -999 -999 -999 -999 -999 -999 -999 0.183673469387755
  1 25 6 2 100 -999 0.207567364784345 -999 -999 -999 -999 -999 -999 -999 -999 0.792432635215655
  1 25 6 2 100 -999 -999 -999 -999 -999 0.248773330534126 -999 -999 -999 -999 0.751226669465874
  1 25 6 3 100 -999 -999 -999 -999 -999 0.524266427162925 -999 -999 -999 -999 0.475733572837075
  1 26 6 2 100 -999 -999 -999 -999 -999 0.0505520943269808 -999 -999 -999 -999 0.949447905673019
  1 27 6 2 100 -999 0.187687911453059 -999 -999 -999 -999 -999 -999 -999 -999 0.812312088546941
  1 27 6 2 100 -999 -999 -999 -999 -999 0.0742646940544945 -999 -999 -999 -999 0.925735305945505
  1 27 6 3 100 -999 0.101304805899992 -999 -999 -999 -999 -999 -999 -999 -999 0.898695194100008
  1 27 6 3 100 -999 -999 -999 -999 -999 0.184374746737985 -999 -999 -999 -999 0.815625253262015
  1 27 6 3 100 -999 -999 0.308169219547775 -999 -999 -999 -999 -999 -999 -999 0.691830780452225
  1 28 6 2 100 -999 -999 -999 -999 -999 0.0146442711923651 -999 -999 -999 -999 0.985355728807635
  1 29 6 2 100 -999 -999 -999 -999 -999 0.159239661092289 -999 -999 -999 -999 0.840760338907711
  1 29 6 3 100 -999 0.907791868445368 -999 -999 -999 -999 -999 -999 -999 -999 0.0922081315546318
  1 30 6 1 100 -999 -999 -999 -999 -999 0.46742209631728 -999 -999 -999 -999 0.53257790368272
  1 30 6 2 100 -999 -999 -999 -999 -999 0.264988418457431 -999 -999 -999 -999 0.735011581542569
  1 30 6 3 100 -999 0.661959399823477 -999 -999 -999 -999 -999 -999 -999 -999 0.338040600176523
  1 30 6 3 100 -999 -999 -999 -999 -999 0.00992939099735216 -999 -999 -999 -999 0.990070609002648
  1 31 6 2 100 -999 0.122726151481447 -999 -999 -999 -999 -999 -999 -999 -999 0.877273848518553
  1 31 6 2 100 -999 -999 -999 -999 -999 0.0109337844047107 -999 -999 -999 -999 0.989066215595289
  1 31 6 3 100 -999 0.307175003928234 -999 -999 -999 -999 -999 -999 -999 -999 0.692824996071766
  1 31 6 3 100 -999 -999 -999 -999 -999 0.0051195833988039 -999 -999 -999 -999 0.994880416601196
  1 31 6 3 100 -999 -999 0.0450523339094743 -999 -999 -999 -999 -999 -999 -999 0.954947666090526
  1 32 6 2 100 -999 -999 -999 -999 -999 0.0206581215643937 -999 -999 -999 -999 0.979341878435606
  1 32 6 3 100 -999 0.297872340425532 -999 -999 -999 -999 -999 -999 -999 -999 0.702127659574468
  1 32 6 3 100 -999 -999 0.170212765957447 -999 -999 -999 -999 -999 -999 -999 0.829787234042553
  1 33 6 2 100 -999 -999 -999 -999 -999 0.00758690454294648 -999 -999 -999 -999 0.992413095457053
  1 33 6 2 100 -999 -999 0.252896818098216 -999 -999 -999 -999 -999 -999 -999 0.747103181901784
  1 33 6 3 100 -999 0.107357444779208 -999 -999 -999 -999 -999 -999 -999 -999 0.892642555220792
  1 33 6 3 100 -999 -999 -999 -999 -999 0.110936026271849 -999 -999 -999 -999 0.889063973728151
  1 33 6 3 100 -999 -999 0.405572569165899 -999 -999 -999 -999 -999 -999 -999 0.594427430834101
  1 34 6 2 100 -999 -999 -999 -999 -999 0.019007532270678 -999 -999 -999 -999 0.980992467729322
  1 34 6 3 100 -999 0.773238866075187 -999 -999 -999 -999 -999 -999 -999 -999 0.226761133924813
  1 34 6 3 100 -999 -999 0.144163178420798 -999 -999 -999 -999 -999 -999 -999 0.855836821579202
  1 35 6 2 100 -999 0.393790411916643 -999 -999 -999 -999 -999 -999 -999 -999 0.606209588083357
  1 35 6 3 100 -999 0.795918367346939 -999 -999 -999 -999 -999 -999 -999 -999 0.204081632653061
  1 35 6 3 100 -999 -999 -999 -999 -999 0.204081632653061 -999 -999 -999 -999 0.795918367346939
  1 36 6 2 100 -999 -999 -999 -999 -999 0.0674354171910399 -999 -999 -999 -999 0.93256458280896
  1 36 6 2 100 -999 -999 0.215219416567148 -999 -999 -999 -999 -999 -999 -999 0.784780583432852
  1 37 6 2 100 -999 0.174888051875391 -999 -999 -999 -999 -999 -999 -999 -999 0.825111948124609
  1 37 6 2 100 -999 -999 -999 -999 0.299808088929242 -999 -999 -999 -999 -999 0.700191911070758
  1 37 6 2 100 -999 -999 -999 -999 -999 0.349776103750782 -999 -999 -999 -999 0.650223896249218
  1 37 6 3 100 -999 0.675207756232687 -999 -999 -999 -999 -999 -999 -999 -999 0.324792243767313
  1 38 6 3 100 -999 0.487248322147651 -999 -999 -999 -999 -999 -999 -999 -999 0.512751677852349
  1 39 6 2 100 -999 -999 -999 -999 -999 0.112689513110495 -999 -999 -999 -999 0.887310486889505
  1 40 6 3 100 -999 -999 -999 -999 -999 0.426666666666667 -999 -999 -999 -999 0.573333333333333
  1 41 6 2 100 -999 -999 -999 -999 -999 0.000398717500650556 -999 -999 -999 -999 0.999601282499349
  1 42 6 1 100 -999 -999 -999 -999 -999 0.574698187316856 -999 -999 -999 -999 0.425301812683144
  1 42 6 2 100 -999 -999 -999 -999 -999 0.321840499982726 -999 -999 -999 -999 0.678159500017274
  1 42 6 3 100 -999 0.666666666666667 -999 -999 -999 -999 -999 -999 -999 -999 0.333333333333333
  1 42 6 3 100 -999 -999 -999 -999 -999 0.073394495412844 -999 -999 -999 -999 0.926605504587156
  1 42 6 4 100 -999 1 -999 -999 -999 -999 -999 -999 -999 -999 0
  1 43 6 2 100 -999 -999 -999 -999 0.0415906440880196 -999 -999 -999 -999 -999 0.95840935591198
  1 43 6 3 100 -999 0.206185567010309 -999 -999 -999 -999 -999 -999 -999 -999 0.793814432989691
  1 44 6 2 100 -999 -999 -999 -999 -999 0.47047877148494 -999 -999 -999 -999 0.52952122851506
  1 44 6 3 100 -999 0.536480686695279 -999 -999 -999 -999 -999 -999 -999 -999 0.463519313304721
  1 45 6 1 100 -999 -999 -999 -999 -999 0.704324531123682 -999 -999 -999 -999 0.295675468876318
  1 45 6 2 100 -999 -999 -999 -999 -999 0.117589223844442 -999 -999 -999 -999 0.882410776155558
  1 45 6 3 100 -999 -999 -999 -999 -999 0.623700623700624 -999 -999 -999 -999 0.376299376299376
  1 45 6 3 100 -999 -999 0.311850311850312 -999 -999 -999 -999 -999 -999 -999 0.688149688149688
  1 45 6 4 100 -999 -999 -999 -999 -999 1 -999 -999 -999 -999 0
  1 46 6 1 100 -999 -999 -999 -999 -999 0.0558743819542422 -999 -999 -999 -999 0.944125618045758
  1 46 6 2 100 -999 -999 -999 -999 -999 0.186307943955179 -999 -999 -999 -999 0.813692056044821
  1 46 6 3 100 -999 0.517129928894635 -999 -999 -999 -999 -999 -999 -999 -999 0.482870071105365
  1 46 6 3 100 -999 -999 -999 -999 -999 0.433096315449257 -999 -999 -999 -999 0.566903684550743
  1 47 6 3 100 -999 -999 -999 -999 0.178635226866738 -999 -999 -999 -999 -999 0.821364773133262
  1 47 6 3 100 -999 -999 -999 -999 -999 0.107181136120043 -999 -999 -999 -999 0.892818863879957
  1 49 6 1 100 -999 -999 -999 -999 -999 0.0725504136743739 -999 -999 -999 -999 0.927449586325626
  1 49 6 2 100 -999 -999 -999 -999 -999 0.0441889082898536 -999 -999 -999 -999 0.955811091710146
  1 49 6 3 100 -999 -999 -999 -999 0.0133763357757532 -999 -999 -999 -999 -999 0.986623664224247
  1 50 6 1 100 -999 -999 -999 -999 -999 0.10601588150198 -999 -999 -999 -999 0.89398411849802
  1 50 6 2 100 -999 -999 -999 -999 -999 0.28398162435899 -999 -999 -999 -999 0.71601837564101
  1 51 6 1 100 -999 -999 -999 -999 -999 0.0713335203969643 -999 -999 -999 -999 0.928666479603036
  1 51 6 2 100 -999 -999 -999 -999 -999 0.0377344681950303 -999 -999 -999 -999 0.96226553180497
  1 52 6 1 100 -999 -999 -999 -999 -999 0.377579901742194 -999 -999 -999 -999 0.622420098257806
  1 52 6 2 100 -999 -999 -999 -999 -999 0.120564158179818 -999 -999 -999 -999 0.879435841820182
  1 52 6 3 100 -999 -999 -999 -999 -999 0.747191011235955 -999 -999 -999 -999 0.252808988764045
  2 19 6 2 100 -999 -999 -999 -999 -999 0.298761832075841 -999 -999 -999 -999 0.701238167924159
  2 19 6 3 100 -999 -999 -999 -999 -999 0.659265492655206 -999 -999 -999 -999 0.340734507344794
  2 23 6 3 100 -999 -999 -999 -999 -999 0.625 -999 -999 -999 -999 0.375
  2 24 6 2 100 -999 -999 -999 -999 -999 0.146608732570731 -999 -999 -999 -999 0.853391267429269
  2 26 6 2 100 -999 -999 -999 -999 -999 0.304540860121259 -999 -999 -999 -999 0.695459139878741
  2 28 6 2 100 -999 -999 -999 -999 -999 0.588483742542261 -999 -999 -999 -999 0.411516257457739
  2 31 6 2 100 -999 -999 -999 -999 -999 0.808384021907997 -999 -999 -999 -999 0.191615978092003
  2 32 6 3 100 -999 -999 -999 -999 -999 0.540540540540541 -999 -999 -999 -999 0.459459459459459
  2 33 6 2 100 -999 0.341012789130635 -999 -999 -999 -999 -999 -999 -999 -999 0.658987210869365
  2 35 6 2 100 -999 0.0673087731248081 -999 -999 -999 -999 -999 -999 -999 -999 0.932691226875192
  2 36 6 2 100 -999 -999 -999 -999 -999 0.683544303797468 -999 -999 -999 -999 0.316455696202532
  2 39 6 2 100 -999 0.0859237786667658 -999 -999 -999 -999 -999 -999 -999 -999 0.914076221333234
  2 40 6 3 100 -999 0.998003992015968 -999 -999 -999 -999 -999 -999 -999 -999 0.00199600798403188
  2 41 6 3 100 -999 0.992555831265509 -999 -999 -999 -999 -999 -999 -999 -999 0.00744416873449127
  2 42 6 2 100 -999 -999 -999 -999 -999 0.00740146583757357 -999 -999 -999 -999 0.992598534162426
  2 43 6 3 100 -999 0.173010380622837 -999 -999 -999 -999 -999 -999 -999 -999 0.826989619377163
  2 43 6 3 100 -999 -999 -999 -999 -999 0.711264898116109 -999 -999 -999 -999 0.288735101883891
  2 44 6 2 100 -999 -999 -999 -999 -999 0.302452277263006 -999 -999 -999 -999 0.697547722736994
  2 44 6 2 100 -999 -999 0.236290841611723 -999 -999 -999 -999 -999 -999 -999 0.763709158388277
  2 44 6 3 100 -999 -999 -999 -999 -999 0.56 -999 -999 -999 -999 0.44
  2 45 6 2 100 -999 0.163322809066045 -999 -999 -999 -999 -999 -999 -999 -999 0.836677190933955
  2 45 6 2 100 -999 -999 -999 -999 -999 0.305997037549483 -999 -999 -999 -999 0.694002962450517
  2 45 6 3 100 -999 0.45629466739967 -999 -999 -999 -999 -999 -999 -999 -999 0.54370533260033
  2 45 6 3 100 -999 -999 -999 -999 -999 0.0934579439252336 -999 -999 -999 -999 0.906542056074766
  2 46 6 2 100 -999 0.155575040940671 -999 -999 -999 -999 -999 -999 -999 -999 0.844424959059329
  2 46 6 2 100 -999 -999 -999 -999 -999 0.453760536076956 -999 -999 -999 -999 0.546239463923044
  2 46 6 3 100 -999 -999 -999 -999 -999 0.118421052631579 -999 -999 -999 -999 0.881578947368421
  2 47 6 2 100 -999 -999 -999 -999 0.163513608551938 -999 -999 -999 -999 -999 0.836486391448062
  2 47 6 3 100 -999 -999 -999 -999 0.192568139495514 -999 -999 -999 -999 -999 0.807431860504486
  2 47 6 3 100 -999 -999 -999 -999 -999 0.154054511596411 -999 -999 -999 -999 0.845945488403589
  2 49 6 2 100 -999 0.380228136882129 -999 -999 -999 -999 -999 -999 -999 -999 0.619771863117871
  2 49 6 2 100 -999 -999 -999 -999 0.228136882129278 -999 -999 -999 -999 -999 0.771863117870722
  2 49 6 3 100 -999 0.61143381228982 -999 -999 -999 -999 -999 -999 -999 -999 0.38856618771018
  2 50 6 2 100 -999 -999 -999 -999 -999 0.051737655393459 -999 -999 -999 -999 0.948262344606541
  2 50 6 3 100 -999 -999 -999 -999 -999 0.764951321279555 -999 -999 -999 -999 0.235048678720445
  2 52 6 2 100 -999 -999 -999 -999 -999 0.191576865746703 -999 -999 -999 -999 0.808423134253297
  2 52 6 3 100 -999 -999 -999 -999 -999 0.490196078431373 -999 -999 -999 -999 0.509803921568627
  4 27 6 2 100 -999 -999 -999 -999 -999 0.261964790654793 -999 -999 -999 -999 0.738035209345207
  4 28 6 2 100 -999 -999 -999 -999 -999 0.383008356545961 -999 -999 -999 -999 0.616991643454039
  4 29 6 3 100 -999 0.347107438016529 -999 -999 -999 -999 -999 -999 -999 -999 0.652892561983471
  4 31 6 2 100 -999 -999 -999 -999 -999 0.0981738000948359 -999 -999 -999 -999 0.901826199905164
  4 35 6 2 100 -999 -999 -999 -999 -999 0.14722536806342 -999 -999 -999 -999 0.85277463193658
  1 11 7 4 100 -999 -999 -999 -999 -999 0.00249400482581162 -999 -999 -999 -999 0.997505995174188
  1 15 7 3 100 -999 -999 -999 -999 -999 0.00253035061914902 -999 -999 -999 -999 0.997469649380851
  1 16 7 3 100 -999 -999 -999 -999 -999 0.0210874128917165 -999 -999 -999 -999 0.978912587108284
  1 17 7 3 100 -999 -999 -999 -999 -999 0.108777760991086 -999 -999 -999 -999 0.891222239008914
  1 18 7 2 100 0.0285756613287199 -999 -999 -999 -999 -999 -999 -999 -999 -999 0.97142433867128
  1 18 7 2 100 -999 -999 -999 -999 -999 0.094972050886628 -999 -999 -999 -999 0.905027949113372
  1 18 7 3 100 0.00746887966804979 -999 -999 -999 -999 -999 -999 -999 -999 -999 0.99253112033195
  1 19 7 3 100 -999 -999 -999 -999 -999 0.28564185997207 -999 -999 -999 -999 0.71435814002793
  1 21 7 2 100 -999 -999 -999 -999 -999 0.0946968406626987 -999 -999 -999 -999 0.905303159337301
  1 21 7 3 100 -999 0.00492613671353543 -999 -999 -999 -999 -999 -999 -999 -999 0.995073863286465
  1 21 7 3 100 -999 -999 -999 -999 -999 0.0295568202812126 -999 -999 -999 -999 0.970443179718787
  1 21 7 4 100 -999 -999 -999 -999 -999 0.487106017191977 -999 -999 -999 -999 0.512893982808023
  1 23 7 2 100 -999 0.00452838004518916 -999 -999 -999 -999 -999 -999 -999 -999 0.995471619954811
  1 23 7 2 100 -999 -999 -999 -999 -999 0.160777411908701 -999 -999 -999 -999 0.839222588091299
  1 23 7 3 100 -999 0.480629187299738 -999 -999 -999 -999 -999 -999 -999 -999 0.519370812700262
  1 23 7 4 100 -999 0.240486878781914 -999 -999 -999 -999 -999 -999 -999 -999 0.759513121218086
  1 23 7 4 100 -999 -999 0.0961947515127656 -999 -999 -999 -999 -999 -999 -999 0.903805248487234
  1 24 7 3 100 -999 0.0569160571106946 -999 -999 -999 -999 -999 -999 -999 -999 0.943083942889305
  1 24 7 3 100 -999 -999 -999 -999 -999 0.0853740856660419 -999 -999 -999 -999 0.914625914333958
  1 25 7 3 100 -999 0.587411620041342 -999 -999 -999 -999 -999 -999 -999 -999 0.412588379958658
  1 25 7 3 100 -999 -999 -999 -999 -999 0.00464055838677369 -999 -999 -999 -999 0.995359441613226
  1 25 7 4 100 -999 0.454789703365892 -999 -999 -999 -999 -999 -999 -999 -999 0.545210296634108
  1 26 7 3 100 -999 0.662002709700844 -999 -999 -999 -999 -999 -999 -999 -999 0.337997290299156
  1 26 7 4 100 -999 0.751215201060539 -999 -999 -999 -999 -999 -999 -999 -999 0.248784798939461
  1 27 7 2 100 -999 -999 -999 -999 -999 0.0261525964376994 -999 -999 -999 -999 0.973847403562301
  1 27 7 3 100 -999 0.0061280951286837 -999 -999 -999 -999 -999 -999 -999 -999 0.993871904871316
  1 27 7 3 100 -999 -999 -999 -999 -999 0.0343173327206287 -999 -999 -999 -999 0.965682667279371
  1 27 7 3 100 -999 -999 -999 -999 -999 -999 -999 -999 -999 0.0061280951286837 0.993871904871316
  1 28 7 3 100 -999 0.169971059716377 -999 -999 -999 -999 -999 -999 -999 -999 0.830028940283623
  1 29 7 2 100 -999 0.0534790372502912 -999 -999 -999 -999 -999 -999 -999 -999 0.946520962749709
  1 29 7 3 100 -999 0.139890766249237 -999 -999 -999 -999 -999 -999 -999 -999 0.860109233750763
  1 29 7 3 100 -999 -999 -999 -999 -999 0.00399687903569249 -999 -999 -999 -999 0.996003120964308
  1 30 7 2 100 -999 -999 0.0286528546057388 -999 -999 -999 -999 -999 -999 -999 0.971347145394261
  1 30 7 3 100 -999 0.027267498763935 -999 -999 -999 -999 -999 -999 -999 -999 0.972732501236065
  1 31 7 3 100 -999 0.358547338636236 -999 -999 -999 -999 -999 -999 -999 -999 0.641452661363764
  1 31 7 3 100 -999 -999 -999 -999 -999 0.0316365298796679 -999 -999 -999 -999 0.968363470120332
  1 32 7 2 100 -999 -999 0.164624149365298 -999 -999 -999 -999 -999 -999 -999 0.835375850634702
  1 33 7 3 100 -999 0.256122108760421 -999 -999 -999 -999 -999 -999 -999 -999 0.743877891239579
  1 34 7 3 100 -999 -999 -999 -999 -999 -999 0.0406324189202664 -999 -999 -999 0.959367581079734
  1 35 7 3 100 -999 -999 0.00399163695496278 -999 -999 -999 -999 -999 -999 -999 0.996008363045037
  1 35 7 4 100 -999 1 -999 -999 -999 -999 -999 -999 -999 -999 0
  1 36 7 3 100 -999 0.0357546636517807 -999 -999 -999 -999 -999 -999 -999 -999 0.964245336348219
  1 36 7 3 100 -999 -999 -999 -999 -999 0.00259091765592613 -999 -999 -999 -999 0.997409082344074
  1 37 7 2 100 -999 0.467807954691723 -999 -999 -999 -999 -999 -999 -999 -999 0.532192045308276
  1 37 7 3 100 -999 0.534960899241485 -999 -999 -999 -999 -999 -999 -999 -999 0.465039100758515
  1 38 7 2 100 -999 -999 0.353588704892515 -999 -999 -999 -999 -999 -999 -999 0.646411295107485
  1 38 7 3 100 -999 0.15027535297398 -999 -999 -999 -999 -999 -999 -999 -999 0.84972464702602
  1 38 7 3 100 -999 -999 -999 -999 -999 0.0304865500932448 -999 -999 -999 -999 0.969513449906755
  1 38 7 3 100 -999 -999 0.0712692396043446 -999 -999 -999 -999 -999 -999 -999 0.928730760395655
  1 39 7 3 100 -999 0.052421564608717 -999 -999 -999 -999 -999 -999 -999 -999 0.947578435391283
  1 39 7 3 100 -999 -999 -999 0.0518455034591707 -999 -999 -999 -999 -999 -999 0.948154496540829
  1 39 7 3 100 -999 -999 -999 -999 -999 0.00103691006918341 -999 -999 -999 -999 0.998963089930817
  1 41 7 3 100 -999 0.261197785143831 -999 -999 -999 -999 -999 -999 -999 -999 0.738802214856169
  1 41 7 3 100 -999 -999 -999 -999 -999 0.0608472113119151 -999 -999 -999 -999 0.939152788688085
  1 41 7 4 100 -999 0.356819441253193 -999 -999 -999 -999 -999 -999 -999 -999 0.643180558746807
  1 42 7 3 100 -999 -999 -999 -999 -999 0.0037905763973443 -999 -999 -999 -999 0.996209423602656
  1 42 7 4 100 -999 -999 -999 -999 -999 0.158730158730159 -999 -999 -999 -999 0.841269841269841
  1 44 7 2 100 -999 -999 -999 -999 -999 0.0623796938039402 -999 -999 -999 -999 0.93762030619606
  1 44 7 3 100 -999 0.0594012345828926 -999 -999 -999 -999 -999 -999 -999 -999 0.940598765417107
  1 44 7 3 100 -999 -999 -999 0.00693014403467081 -999 -999 -999 -999 -999 -999 0.993069855965329
  1 44 7 3 100 -999 -999 -999 -999 0.168798508273053 -999 -999 -999 -999 -999 0.831201491726947
  1 44 7 3 100 -999 -999 -999 -999 -999 0.00990020576381544 -999 -999 -999 -999 0.990099794236185
  1 44 7 3 100 -999 -999 0.0396008230552618 -999 -999 -999 -999 -999 -999 -999 0.960399176944738
  1 45 7 3 100 -999 -999 -999 -999 0.0783321514003232 -999 -999 -999 -999 -999 0.921667848599677
  1 45 7 3 100 -999 -999 -999 -999 -999 0.038121647014824 -999 -999 -999 -999 0.961878352985176
  1 46 7 2 100 -999 -999 -999 -999 0.0763942581165649 -999 -999 -999 -999 -999 0.923605741883435
  1 46 7 3 100 -999 -999 -999 -999 0.16510620774325 -999 -999 -999 -999 -999 0.83489379225675
  1 46 7 3 100 -999 -999 -999 -999 -999 0.1981274492919 -999 -999 -999 -999 0.8018725507081
  1 47 7 2 100 -999 -999 -999 0.0356304630300402 -999 -999 -999 -999 -999 -999 0.96436953696996
  1 47 7 2 100 -999 -999 -999 -999 -999 0.0213782778180241 -999 -999 -999 -999 0.978621722181976
  1 47 7 3 100 -999 -999 -999 -999 0.0817332958368157 -999 -999 -999 -999 -999 0.918266704163184
  1 47 7 3 100 -999 -999 -999 -999 -999 0.00726518185216139 -999 -999 -999 -999 0.992734818147839
  1 49 7 2 100 -999 -999 -999 -999 -999 0.0499931395697814 -999 -999 -999 -999 0.950006860430219
  1 50 7 3 100 -999 -999 -999 -999 -999 0.305494349278556 -999 -999 -999 -999 0.694505650721444
  1 50 7 3 100 -999 -999 0.351837372947615 -999 -999 -999 -999 -999 -999 -999 0.648162627052385
  1 50 7 4 100 -999 -999 0.75 -999 -999 -999 -999 -999 -999 -999 0.25
  1 51 7 3 100 -999 -999 -999 -999 -999 0.0567286479672234 -999 -999 -999 -999 0.943271352032777
  1 52 7 2 100 -999 -999 -999 -999 -999 0.0258701787394168 -999 -999 -999 -999 0.974129821260583
  1 52 7 3 100 -999 0.0558913654019217 -999 -999 -999 -999 -999 -999 -999 -999 0.944108634598078
  1 52 7 3 100 -999 -999 -999 -999 -999 0.108677654948181 -999 -999 -999 -999 0.891322345051819
  2 11 7 4 100 -999 -999 -999 -999 -999 0.767387073645396 -999 -999 -999 -999 0.232612926354604
  2 15 7 2 100 -999 -999 -999 -999 -999 0.176702455711824 -999 -999 -999 -999 0.823297544288176
  2 16 7 3 100 -999 -999 -999 -999 -999 0.0377312208827966 -999 -999 -999 -999 0.962268779117203
  2 16 7 3 100 -999 -999 0.0686022197869029 -999 -999 -999 -999 -999 -999 -999 0.931397780213097
  2 18 7 2 100 -999 -999 -999 -999 -999 0.00519806153886789 -999 -999 -999 -999 0.994801938461132
  2 18 7 3 100 -999 -999 0.112383253345477 -999 -999 -999 -999 -999 -999 -999 0.887616746654523
  2 19 7 4 100 -999 -999 -999 -999 -999 -999 0.0172409121976245 -999 -999 -999 0.982759087802375
  2 19 7 4 100 -999 -999 -999 -999 -999 0.103445473185747 -999 -999 -999 -999 0.896554526814253
  2 20 7 4 100 -999 -999 -999 -999 -999 0.200799195321052 -999 -999 -999 -999 0.799200804678948
  2 20 7 4 100 -999 -999 -999 -999 -999 -999 -999 0.0100399597660526 -999 -999 0.989960040233947
  2 21 7 2 100 -999 -999 -999 -999 -999 0.220525392389021 -999 -999 -999 -999 0.779474607610979
  2 23 7 4 100 -999 -999 -999 -999 -999 -999 -999 -999 -999 0.851254480286738 0.148745519713262
  2 24 7 3 100 -999 -999 -999 -999 -999 0.0286742991155781 -999 -999 -999 -999 0.971325700884422
  2 24 7 4 100 0.0516181296410481 -999 -999 -999 -999 -999 -999 -999 -999 -999 0.948381870358952
  2 24 7 4 100 -999 -999 -999 -999 -999 -999 -999 -999 -999 0.154854388923144 0.845145611076856
  2 25 7 3 100 -999 0.019466308871029 -999 -999 -999 -999 -999 -999 -999 -999 0.980533691128971
  2 26 7 3 100 -999 0.0350744894092671 -999 -999 -999 -999 -999 -999 -999 -999 0.964925510590733
  2 26 7 3 100 -999 -999 -999 -999 -999 0.0338438055703454 -999 -999 -999 -999 0.966156194429655
  2 27 7 2 100 -999 0.0577544764772395 -999 -999 -999 -999 -999 -999 -999 -999 0.94224552352276
  2 28 7 3 100 -999 0.0164460860181599 -999 -999 -999 -999 -999 -999 -999 -999 0.98355391398184
  2 28 7 3 100 -999 -999 -999 -999 -999 -999 -999 0.0263137376290558 -999 -999 0.973686262370944
  2 29 7 3 100 -999 0.139233127889731 -999 -999 -999 -999 -999 -999 -999 -999 0.860766872110269
  2 29 7 3 100 -999 -999 -999 -999 -999 -999 -999 -999 -999 0.0614018093993716 0.938598190600628
  2 31 7 3 100 -999 0.0981156994727143 -999 -999 -999 -999 -999 -999 -999 -999 0.901884300527286
  2 31 7 3 100 -999 -999 -999 -999 -999 -999 -999 -999 -999 0.0588694196836286 0.941130580316371
  2 32 7 3 100 -999 0.236259968400799 -999 -999 -999 -999 -999 -999 -999 -999 0.763740031599201
  2 33 7 3 100 -999 0.14109215232613 -999 -999 -999 -999 -999 -999 -999 -999 0.85890784767387
  2 33 7 3 100 -999 -999 0.056436860930452 -999 -999 -999 -999 -999 -999 -999 0.943563139069548
  2 34 7 3 100 -999 0.27024196082539 -999 -999 -999 -999 -999 -999 -999 -999 0.72975803917461
  2 34 7 3 100 -999 -999 0.18982111890879 -999 -999 -999 -999 -999 -999 -999 0.81017888109121
  2 34 7 3 100 -999 -999 -999 -999 -999 -999 -999 -999 -999 0.0712265633183199 0.92877343668168
  2 35 7 3 100 -999 0.259879352979162 -999 -999 -999 -999 -999 -999 -999 -999 0.740120647020838
  2 35 7 4 100 -999 -999 0.8 -999 -999 -999 -999 -999 -999 -999 0.2
  2 36 7 3 100 -999 -999 -999 -999 -999 -999 -999 -999 -999 0.0861670531760249 0.913832946823975
  2 37 7 3 100 -999 0.182645874555492 -999 -999 -999 -999 -999 -999 -999 -999 0.817354125444507
  2 37 7 3 100 -999 -999 -999 -999 -999 0.106543426824037 -999 -999 -999 -999 0.893456573175963
  2 40 7 3 100 -999 0.245218401393924 -999 -999 -999 -999 -999 -999 -999 -999 0.754781598606076
  2 40 7 3 100 -999 -999 -999 -999 -999 -999 -999 -999 -999 0.0132182411728185 0.986781758827182
  2 41 7 3 100 -999 -999 -999 -999 -999 0.0838798230898277 -999 -999 -999 -999 0.916120176910172
  2 43 7 3 100 -999 0.154639175257732 -999 -999 -999 -999 -999 -999 -999 -999 0.845360824742268
  2 44 7 3 100 -999 1 -999 -999 -999 -999 -999 -999 -999 -999 0
  2 45 7 3 100 -999 0.699760765550239 -999 -999 -999 -999 -999 -999 -999 -999 0.300239234449761
  2 45 7 3 100 -999 -999 -999 -999 -999 0.0897129186602871 -999 -999 -999 -999 0.910287081339713
  2 46 7 2 100 -999 0.575313807531381 -999 -999 -999 -999 -999 -999 -999 -999 0.424686192468619
  2 46 7 3 100 -999 0.798722044728435 -999 -999 -999 -999 -999 -999 -999 -999 0.201277955271565
  2 47 7 3 100 -999 0.1937190712767 -999 -999 -999 -999 -999 -999 -999 -999 0.8062809287233
  2 47 7 3 100 -999 -999 -999 -999 0.205342215553302 -999 -999 -999 -999 -999 0.794657784446698
  2 52 7 3 100 -999 -999 0.766467065868264 -999 -999 -999 -999 -999 -999 -999 0.233532934131736
  4 26 7 3 100 -999 0.5090236001851 -999 -999 -999 -999 -999 -999 -999 -999 0.4909763998149
  4 27 7 3 100 -999 0.13790935364069 -999 -999 -999 -999 -999 -999 -999 -999 0.86209064635931
  4 28 7 3 100 -999 0.0856893942284457 -999 -999 -999 -999 -999 -999 -999 -999 0.914310605771554
  4 28 7 3 100 -999 -999 -999 -999 -999 0.109927251453063 -999 -999 -999 -999 0.890072748546937
  4 29 7 3 100 -999 -999 0.0874475599640411 -999 -999 -999 -999 -999 -999 -999 0.912552440035959
  4 31 7 3 100 -999 0.0881475807447179 -999 -999 -999 -999 -999 -999 -999 -999 0.911852419255282
  4 31 7 3 100 -999 -999 -999 -999 -999 0.00822710753617367 -999 -999 -999 -999 0.991772892463826
  4 31 7 3 100 -999 -999 -999 -999 -999 -999 -999 -999 -999 0.0734563172872649 0.926543682712735
  4 32 7 2 100 -999 -999 -999 -999 -999 0.160327746154301 -999 -999 -999 -999 0.839672253845699
  4 32 7 3 100 -999 0.346823947750431 -999 -999 -999 -999 -999 -999 -999 -999 0.653176052249569
  4 32 7 3 100 -999 -999 -999 -999 -999 0.130048064698502 -999 -999 -999 -999 0.869951935301498
  4 32 7 3 100 -999 -999 -999 -999 -999 -999 -999 -999 -999 0.0118225513362274 0.988177448663773
  4 33 7 3 100 -999 0.52 -999 -999 -999 -999 -999 -999 -999 -999 0.48
  4 34 7 3 100 -999 0.121151304901433 -999 -999 -999 -999 -999 -999 -999 -999 0.878848695098567
  4 35 7 3 100 -999 -999 0.561224489795918 -999 -999 -999 -999 -999 -999 -999 0.438775510204082
  1 10 9 3 100 -999 -999 -999 -999 -999 0.0279537650529574 -999 -999 -999 -999 0.972046234947043
  1 13 9 3 100 0.0278268500841423 -999 -999 -999 -999 -999 -999 -999 -999 -999 0.972173149915858
  1 13 9 3 100 -999 -999 -999 -999 -999 -999 -999 -999 -999 0.00231890417367852 0.997681095826321
  1 18 9 5 100 -999 -999 -999 -999 -999 1 -999 -999 -999 -999 0
  1 19 9 4 100 -999 -999 -999 -999 -999 0.0077555452148286 -999 -999 -999 -999 0.992244454785171
  1 23 9 4 100 -999 -999 -999 -999 -999 0.021323882553563 -999 -999 -999 -999 0.978676117446437
  1 24 9 2 100 -999 -999 -999 -999 -999 0.00158408825825352 -999 -999 -999 -999 0.998415911741746
  1 24 9 3 100 -999 -999 -999 -999 -999 0.00267278491337876 -999 -999 -999 -999 0.997327215086621
  1 24 9 4 100 -999 0.102860328777194 -999 -999 -999 -999 -999 -999 -999 -999 0.897139671222806
  1 24 9 4 100 -999 -999 -999 -999 -999 0.00082288263021755 -999 -999 -999 -999 0.999177117369782
  1 25 9 3 100 -999 0.241809606345153 -999 -999 -999 -999 -999 -999 -999 -999 0.758190393654847
  1 25 9 3 100 -999 -999 -999 -999 -999 0.015113100396572 -999 -999 -999 -999 0.984886899603428
  1 25 9 4 100 -999 0.0443084797483095 -999 -999 -999 -999 -999 -999 -999 -999 0.955691520251691
  1 25 9 4 100 -999 -999 -999 -999 -999 0.193480361567618 -999 -999 -999 -999 0.806519638432382
  1 25 9 4 100 -999 -999 0.147694932494365 -999 -999 -999 -999 -999 -999 -999 0.852305067505635
  1 26 9 2 100 -999 -999 -999 -999 -999 0.000625462353673314 -999 -999 -999 -999 0.999374537646327
  1 26 9 4 100 -999 -999 -999 -999 -999 0.2579798190449 -999 -999 -999 -999 0.7420201809551
  1 27 9 3 100 -999 -999 -999 -999 -999 -999 -999 -999 -999 0.00318194459881545 0.996818055401185
  1 27 9 4 100 -999 -999 -999 -999 -999 0.188729630097888 -999 -999 -999 -999 0.811270369902112
  1 28 9 3 100 -999 -999 -999 -999 -999 0.0459548771620446 -999 -999 -999 -999 0.954045122837955
  1 29 9 4 100 -999 0.0557962170321736 -999 -999 -999 -999 -999 -999 -999 -999 0.944203782967826
  1 31 9 4 100 -999 -999 -999 -999 -999 0.0277423805628302 -999 -999 -999 -999 0.97225761943717
  1 32 9 4 100 -999 -999 -999 -999 -999 0.0778320941049264 -999 -999 -999 -999 0.922167905895074
  1 32 9 5 100 -999 0.648648648648649 -999 -999 -999 -999 -999 -999 -999 -999 0.351351351351351
  1 33 9 3 100 -999 -999 -999 -999 -999 0.00506112695577756 -999 -999 -999 -999 0.994938873044222
  1 33 9 4 100 -999 0.177028846342638 -999 -999 -999 -999 -999 -999 -999 -999 0.822971153657362
  1 33 9 4 100 -999 -999 -999 -999 -999 0.115813263962473 -999 -999 -999 -999 0.884186736037527
  1 33 9 5 100 -999 0.596590909090909 -999 -999 -999 -999 -999 -999 -999 -999 0.403409090909091
  1 35 9 4 100 -999 0.420373458170806 -999 -999 -999 -999 -999 -999 -999 -999 0.579626541829194
  1 36 9 3 100 -999 -999 -999 -999 0.146400888417903 -999 -999 -999 -999 -999 0.853599111582097
  1 36 9 4 100 -999 -999 -999 -999 -999 0.0178979947019184 -999 -999 -999 -999 0.982102005298082
  1 37 9 4 100 -999 0.133526038405336 -999 -999 -999 -999 -999 -999 -999 -999 0.866473961594664
  1 41 9 4 100 -999 0.271331122087877 -999 -999 -999 -999 -999 -999 -999 -999 0.728668877912123
  1 42 9 4 100 -999 0.181119924868772 -999 -999 -999 -999 -999 -999 -999 -999 0.818880075131228
  1 43 9 4 100 -999 -999 -999 -999 0.424493391833211 -999 -999 -999 -999 -999 0.575506608166789
  1 43 9 4 100 -999 -999 -999 -999 -999 0.164273127661482 -999 -999 -999 -999 0.835726872338518
  1 43 9 5 100 -999 -999 -999 -999 -999 0.288276745675849 -999 -999 -999 -999 0.711723254324151
  1 44 9 3 100 -999 -999 -999 -999 -999 0.0229852959953705 -999 -999 -999 -999 0.977014704004629
  1 44 9 5 100 -999 -999 -999 -999 -999 0.31127129750983 -999 -999 -999 -999 0.68872870249017
  1 45 9 2 100 -999 -999 -999 -999 -999 0.0785590986200745 -999 -999 -999 -999 0.921440901379926
  1 45 9 4 100 -999 0.159814034577946 -999 -999 -999 -999 -999 -999 -999 -999 0.840185965422054
  1 45 9 4 100 -999 -999 -999 -999 -999 0.142056919624841 -999 -999 -999 -999 0.857943080375159
  1 46 9 3 100 -999 -999 -999 -999 -999 0.00976620649252115 -999 -999 -999 -999 0.990233793507479
  1 46 9 3 100 -999 -999 0.296038134304547 -999 -999 -999 -999 -999 -999 -999 0.703961865695453
  1 46 9 4 100 -999 -999 -999 -999 0.0609877033944463 -999 -999 -999 -999 -999 0.939012296605554
  1 47 9 2 100 -999 -999 -999 -999 -999 0.0203844747796876 -999 -999 -999 -999 0.979615525220312
  1 47 9 3 100 -999 -999 -999 -999 0.247079079469183 -999 -999 -999 -999 -999 0.752920920530817
  1 47 9 4 100 -999 -999 -999 -999 -999 0.0391654204941964 -999 -999 -999 -999 0.960834579505804
  1 49 9 4 100 -999 -999 -999 -999 0.393389674784609 -999 -999 -999 -999 -999 0.606610325215391
  1 50 9 4 100 -999 -999 -999 -999 0.551633822777544 -999 -999 -999 -999 -999 0.448366177222456
  1 51 9 2 100 -999 -999 -999 -999 -999 0.148769911124469 -999 -999 -999 -999 0.851230088875531
  1 51 9 4 100 -999 -999 -999 -999 0.130503505870542 -999 -999 -999 -999 -999 0.869496494129458
  1 51 9 4 100 -999 -999 -999 -999 -999 0.0901095635772787 -999 -999 -999 -999 0.909890436422721
  1 51 9 5 100 -999 -999 -999 -999 -999 1 -999 -999 -999 -999 0
  1 52 9 2 100 -999 -999 -999 -999 -999 0.0556394018901439 -999 -999 -999 -999 0.944360598109856
  1 52 9 3 100 -999 0.0726827388226981 -999 -999 -999 -999 -999 -999 -999 -999 0.927317261177302
  1 52 9 4 100 -999 -999 -999 -999 -999 0.092927111664723 -999 -999 -999 -999 0.907072888335277
  1 52 9 5 100 -999 -999 -999 -999 -999 0.158415841584158 -999 -999 -999 -999 0.841584158415842
  2 23 9 4 100 -999 0.149735658551035 -999 -999 -999 -999 -999 -999 -999 -999 0.850264341448965
  2 24 9 3 100 -999 -999 -999 -999 -999 0.064388066922568 -999 -999 -999 -999 0.935611933077432
  2 25 9 2 100 -999 -999 -999 -999 -999 0.086558682674812 -999 -999 -999 -999 0.913441317325188
  2 26 9 3 100 -999 0.000787041513656571 -999 -999 -999 -999 -999 -999 -999 -999 0.999212958486343
  2 32 9 4 100 -999 -999 0.176196185694481 -999 -999 -999 -999 -999 -999 -999 0.823803814305519
  2 33 9 3 100 -999 0.049595201722657 -999 -999 -999 -999 -999 -999 -999 -999 0.950404798277343
  2 33 9 3 100 -999 -999 0.148785605167971 -999 -999 -999 -999 -999 -999 -999 0.851214394832029
  2 33 9 4 100 -999 0.157951468725871 -999 -999 -999 -999 -999 -999 -999 -999 0.842048531274129
  2 33 9 4 100 -999 -999 0.055283014054055 -999 -999 -999 -999 -999 -999 -999 0.944716985945945
  2 34 9 4 100 -999 0.188488964649394 -999 -999 -999 -999 -999 -999 -999 -999 0.811511035350606
  2 43 9 3 100 -999 0.364927498156778 -999 -999 -999 -999 -999 -999 -999 -999 0.635072501843222
  2 45 9 3 100 -999 -999 0.270068429973978 -999 -999 -999 -999 -999 -999 -999 0.729931570026022
  2 45 9 4 100 -999 -999 -999 -999 0.190210230604554 -999 -999 -999 -999 -999 0.809789769395446
  2 45 9 5 100 -999 -999 -999 -999 -999 0.723722648372566 -999 -999 -999 -999 0.276277351627434
  2 46 9 3 100 -999 0.539598418613878 -999 -999 -999 -999 -999 -999 -999 -999 0.460401581386122
  2 46 9 4 100 -999 -999 -999 -999 -999 0.408094134268134 -999 -999 -999 -999 0.591905865731866
  2 47 9 4 100 -999 -999 -999 -999 0.472159139908587 -999 -999 -999 -999 -999 0.527840860091414
  2 48 9 3 100 -999 -999 -999 -999 0.0847151240028324 -999 -999 -999 -999 -999 0.915284875997168
  2 48 9 3 100 -999 -999 0.211787810007081 -999 -999 -999 -999 -999 -999 -999 0.788212189992919
  2 48 9 4 100 -999 -999 -999 -999 0.327283546563523 -999 -999 -999 -999 -999 0.672716453436477
  2 48 9 4 100 -999 -999 -999 -999 -999 0.0952097590002975 -999 -999 -999 -999 0.904790240999702
  2 48 9 5 100 -999 -999 -999 -999 -999 1 -999 -999 -999 -999 0
  2 52 9 4 100 -999 -999 0.490778487047249 -999 -999 -999 -999 -999 -999 -999 0.509221512952752
  3 12 9 5 100 -999 -999 -999 -999 -999 0.519099361487622 -999 -999 -999 -999 0.480900638512378
  4 28 9 5 100 -999 -999 -999 0.597014925373134 -999 -999 -999 -999 -999 -999 0.402985074626866
  4 29 9 3 100 -999 0.121054347467627 -999 -999 -999 -999 -999 -999 -999 -999 0.878945652532373
  4 32 9 4 100 -999 -999 -999 0.0903585215648872 -999 -999 -999 -999 -999 -999 0.909641478435113
  4 32 9 4 100 -999 -999 -999 -999 -999 0.123113485632159 -999 -999 -999 -999 0.876886514367841
  4 33 9 3 100 -999 0.258064516129032 -999 -999 -999 -999 -999 -999 -999 -999 0.741935483870968
  4 33 9 4 100 -999 0.055800976517089 -999 -999 -999 -999 -999 -999 -999 -999 0.944199023482911
  4 37 9 4 100 -999 -999 0.128068303094984 -999 -999 -999 -999 -999 -999 -999 0.871931696905016
  1 31 10 3 100 -999 0.25740214672111 -999 -999 -999 -999 -999 -999 -999 -999 0.742597853278889
  1 31 10 3 100 -999 -999 -999 -999 -999 0.0429003577868517 -999 -999 -999 -999 0.957099642213148
  1 42 10 3 100 -999 -999 -999 -999 -999 0.0985874292679451 -999 -999 -999 -999 0.901412570732055
  2 45 10 3 100 -999 0.0488945079273024 -999 -999 -999 -999 -999 -999 -999 -999 0.951105492072698
# end survey diet proportion observations 
#  
