# This file was created using create_datpin_files.R function write_tsDatFile
      #and used all inputs from csv files found in folder:
      #hydradata/data-raw
# Survey index data 
# Number of observations, init_int Nsurvey_obs
  833
# init_matrix obs_survey_biomass(1,Nsurvey_obs,1,5)
# survey year spp value cv
  1 1 7 89247.1185440485 0.212720515437525
  2 1 7 9995.14704257557 0.25363203301826
  1 2 7 111134.584707912 0.222168779300385
  2 2 7 11753.7404041336 0.187773345626693
  1 3 7 30623.6535432931 0.394113240257454
  2 3 7 50308.6996081401 0.423618201694685
  1 4 7 138845.649606292 0.310035034727007
  2 4 7 157535.719676421 0.327069686277164
  1 5 7 67295.7069708245 0.378629084128514
  2 5 7 25320.0321498057 0.391316523019912
  1 6 7 228706.203712658 0.494427832556011
  2 6 7 25772.3227944115 0.376280830351703
  1 7 7 162479.022955553 0.759062286891916
  2 7 7 28108.9661832863 0.665352569827422
  1 8 7 176197.595310639 0.383150869515862
  2 8 7 50443.7609690004 0.433685089735353
  1 9 7 167405.038122172 0.48934963094834
  2 9 7 58373.2972773368 0.392371299771634
  1 10 7 142219.509814725 0.382452035825211
  2 10 7 95540.9473613959 0.333798529002863
  1 11 7 140316.00665903 0.566792532611316
  2 11 7 141665.185286119 0.868042030585988
  1 12 7 73534.8702842718 0.381518572031255
  2 12 7 28103.977588114 0.445144789260538
  1 13 7 325835.394391031 0.438380584739347
  2 13 7 332752.009623757 0.947226139495183
  1 14 7 160546.428613499 0.482345652338289
  2 14 7 69665.2066534316 0.377075764230608
  1 15 7 356504.711580177 0.420835086749712
  2 15 7 94275.9809585205 0.614716212748607
  1 16 7 142314.492397869 0.515165860253858
  2 16 7 131338.500899175 0.704031323768783
  1 17 7 55559.0898928084 0.559532625975744
  2 17 7 59570.343507244 0.319774204956139
  1 18 7 95967.9017595028 0.479008946214672
  2 18 7 52551.8978841428 0.41351869139049
  1 19 7 103830.299998693 0.429419179801904
  2 19 7 86399.3072566897 0.387615780132326
  1 20 7 130608.596037117 0.477074256852948
  2 20 7 95588.5241927834 0.315868813200741
  1 21 7 344527.484984134 0.410621521476155
  2 21 7 106123.846677794 0.630050999524052
  1 22 7 151939.013281378 0.294672690077384
  2 22 7 87016.7181115442 0.335469505128288
  1 23 7 80397.501997021 0.477447511398437
  2 23 7 12762.3378619233 0.407625761955908
  1 24 7 259418.839097941 0.384568504019134
  2 24 7 7953.11490178497 0.43049173366256
  1 25 7 127568.447497014 0.333261603198005
  2 25 7 126597.562113206 0.843960441627036
  1 26 7 165479.195767379 0.685474246042822
  2 26 7 25036.6737635146 0.429620783824035
  1 27 7 118164.387969953 0.286882992344226
  2 27 7 5456.86368593668 0.81343687860715
  1 28 7 500351.971056598 0.371822434434906
  2 28 7 15257.4249545669 0.53327636373572
  1 29 7 265122.951092755 0.592639130460935
  2 29 7 15651.6250150368 0.590339711107796
  1 30 7 210241.829342584 0.374062101432949
  2 30 7 4942.25388294298 0.701775131617819
  1 31 7 235384.502561004 0.304499664309564
  2 31 7 1121.73881210345 0.210828956182955
  1 32 7 115137.251336203 0.233962995093855
  2 32 7 1435.20564555612 0.329779252894958
  1 33 7 170784.216719193 0.270006842918168
  2 33 7 859.096280564145 0.460124990024536
  1 34 7 128129.745302278 0.350007507053818
  2 34 7 6538.74950438044 0.837656243552001
  1 35 7 778185.884181539 0.34274593698132
  2 35 7 1785.85003907818 0.291986952078346
  1 36 7 339907.802016813 0.261906583866089
  2 36 7 1600.77546903312 0.425399553458769
  1 37 7 173454.512434939 0.417429035160016
  2 37 7 128723.56068924 0.287702894520317
  1 38 7 153832.634420754 0.441211421515246
  2 38 7 2123.51171333678 0.866971810340233
  1 39 7 182687.977090179 0.495234601454268
  2 39 7 130235.324712589 0.556663444153977
  1 40 7 105777.312044068 0.237858203733512
  2 40 7 282.74567698493 0.295404104464232
  1 41 7 172195.371940695 0.327346172729995
  2 41 7 46056.3777245781 0.994030515469621
  1 42 7 339645.544605645 0.368315456462939
  2 42 7 322.441388400242 0.461505384764764
  1 1 9 31637.0496632039 0.151455465231613
  2 1 9 46702.2426289995 0.608857030524844
  1 2 9 45641.1172977701 0.194025128027319
  2 2 9 10625.1235835104 0.209224466280901
  1 3 9 38217.5535913094 0.192597423441899
  2 3 9 16274.7407258102 0.223179102338954
  1 4 9 47291.243535829 0.24323345484368
  2 4 9 19615.0336629068 0.216468880082641
  1 5 9 60577.0684658198 0.242425409027967
  2 5 9 34088.6538072909 0.167457398131888
  1 6 9 99723.6429226287 0.268675656884033
  2 6 9 91075.7798519486 0.20330059779376
  1 7 9 98202.9489909923 0.196228277363285
  2 7 9 60072.113140614 0.198130412273185
  1 8 9 59587.7618766637 0.24004692412856
  2 8 9 108762.338056693 0.203948973274238
  1 9 9 90245.3800145772 0.307374127376939
  2 9 9 59821.3646869886 0.160257038672619
  1 10 9 72134.0030076487 0.158928722064625
  2 10 9 76344.3108767854 0.197322162219524
  1 11 9 48805.1449160049 0.209025597619183
  2 11 9 101543.934939199 0.187797177382902
  1 12 9 40174.4851999737 0.203077655979132
  2 12 9 57578.6459640832 0.210025739334857
  1 13 9 69912.981284012 0.238934272627024
  2 13 9 47905.5716884567 0.19790402667063
  1 14 9 35352.8287874794 0.171026119399881
  2 14 9 47293.1082538974 0.254921461455385
  1 15 9 26166.6773506468 0.179364365238368
  2 15 9 40734.3877238693 0.232519412860032
  1 16 9 13843.8739079854 0.210244228568226
  2 16 9 24132.9863351114 0.168595443147695
  1 17 9 13343.9309390123 0.170031592700112
  2 17 9 7008.96885198928 0.200954562062425
  1 18 9 14960.01072983 0.193899133648252
  2 18 9 10174.9322466656 0.211651946225868
  1 19 9 13974.5239218275 0.187538593821919
  2 19 9 21892.8311815977 0.255011166995516
  1 20 9 15990.3075637733 0.247819650551941
  2 20 9 9981.80280130536 0.296473565029388
  1 21 9 31392.2696905458 0.223350929133537
  2 21 9 7936.87309354017 0.343859246151185
  1 22 9 45586.1977653508 0.31577438886296
  2 22 9 14675.4046038012 0.374547789844126
  1 23 9 43563.6721169484 0.255676794033008
  2 23 9 17645.579813786 0.296475621294422
  1 24 9 34795.2621769512 0.218681732051081
  2 24 9 15611.1809866011 0.333113686961304
  1 25 9 71894.9526669284 0.250062103391272
  2 25 9 8733.11891567188 0.26727423098408
  1 26 9 24281.3055477412 0.187227046866282
  2 26 9 9513.63083379949 0.360007266538769
  1 27 9 41131.1023657418 0.199043344461057
  2 27 9 7431.67484820234 0.230768025002651
  1 28 9 20690.5871758552 0.188480512640641
  2 28 9 5751.48553136518 0.30647754560056
  1 29 9 21493.1225370016 0.235358154763385
  2 29 9 9090.68344762643 0.30844290831553
  1 30 9 23799.1563874652 0.262549839315709
  2 30 9 21332.3585661268 0.619799566237032
  1 31 9 64393.3996641054 0.255413075600386
  2 31 9 15362.1081175873 0.410015896359536
  1 32 9 55571.2016149149 0.237437089975973
  2 32 9 26399.9869118317 0.251840565749012
  1 33 9 42163.2358868137 0.17314512758374
  2 33 9 8596.79468993506 0.265564054084483
  1 34 9 35904.8949951036 0.261674582034448
  2 34 9 18860.2891942521 0.278786765149086
  1 35 9 25413.9778206275 0.178342474685171
  2 35 9 16276.3165331206 0.22878225695429
  1 36 9 15586.734663437 0.161615623260197
  2 36 9 8273.83356896065 0.234262915890891
  1 37 9 38968.5733141979 0.584716058055215
  2 37 9 8625.12010065454 0.231360777378904
  1 38 9 35312.2552812851 0.182474012404665
  2 38 9 12078.5924782719 0.148335019588378
  1 39 9 45746.0866475161 0.185797139191474
  2 39 9 10441.3589748996 0.233973080411629
  1 40 9 44660.9504560255 0.170487085116875
  2 40 9 24181.2195147724 0.198266501217541
  1 41 9 39020.3383160581 0.193030233430065
  2 41 9 23452.9322789369 0.179523556716689
  1 42 9 57565.9657081482 0.256489608700532
  2 42 9 23003.6214766459 0.192375685928691
  1 1 2 95.1996792087935 0.601375663623589
  2 1 2 915.539083612967 0.565196579518992
  2 2 2 1225.03548503594 0.686052062200317
  2 3 2 1004.45444664841 0.378997614818957
  1 4 2 4.3011903256985 1
  2 4 2 1192.06224820756 0.459316778181236
  1 5 2 47.0442691873274 0.611089023955187
  2 5 2 74.1955331182991 0.780615956536472
  1 6 2 12.1160290864746 0.702037850017464
  2 6 2 28.6746021713233 0.461790555986525
  1 7 2 120.51644390846 0.948289691951521
  2 7 2 575.456057273818 0.685175011742778
  1 8 2 33.4806270422916 0.544380631361087
  2 8 2 674.067140594541 0.424096495665332
  1 9 2 383.074763382523 0.5393131982084
  2 9 2 1019.99656295136 0.454629127333952
  1 10 2 2196.21384812181 0.88095039530815
  2 10 2 227.94289388021 0.419344308350161
  1 11 2 8495.45840601241 0.799987970388403
  2 11 2 221.384796175658 0.839124360078806
  1 12 2 556.243167351102 0.774991903603438
  2 12 2 123.390397468476 0.424721667998453
  1 13 2 1744.07455287715 0.863215133786584
  2 13 2 360.126935451665 0.387073469025502
  1 14 2 125.065380239541 0.704083892007286
  2 14 2 767.175947183678 0.312793018147624
  1 15 2 7647.29582522908 0.457459057188701
  2 15 2 2801.64965477192 0.459652287866146
  1 16 2 6350.97634028919 0.853197309912465
  2 16 2 10124.3403051057 0.628928805514438
  1 17 2 3174.68809753937 0.61116783920211
  2 17 2 3540.82052343361 0.3895964128798
  1 18 2 10663.1001955003 0.416775375911518
  2 18 2 3213.37605284989 0.495180348393774
  1 19 2 9605.99172739332 0.69077510766454
  2 19 2 2544.30200218567 0.347120352110889
  1 20 2 10369.2421675418 0.793751288508348
  2 20 2 3968.82561871271 0.526946514998015
  1 21 2 3087.86947262833 0.339376634127756
  2 21 2 6396.14820075265 0.609998621037514
  1 22 2 2223.35161611977 0.601950919776798
  2 22 2 5332.62004559237 0.389299707202565
  1 23 2 4976.78133140165 0.658556209578282
  2 23 2 6447.5056971789 0.288585466763824
  1 24 2 1957.2180572831 0.637453135075156
  2 24 2 5742.43146811701 0.480513100150493
  1 25 2 188.974187891759 0.510473149998029
  2 25 2 3117.80293530775 0.338488147626423
  1 26 2 4562.41160684256 0.548437091427541
  2 26 2 312.02044332396 0.345955330423839
  1 27 2 2312.96509764437 0.492912195981742
  2 27 2 1157.75878585064 0.33164245084141
  1 28 2 2539.6281982781 0.747597319880804
  2 28 2 444.56662058694 0.447853531697379
  1 29 2 46.0097025748961 0.451616070879294
  2 29 2 533.62578682559 0.305275882623724
  1 30 2 4270.05790048392 0.797269558848634
  2 30 2 1129.3883082478 0.605264936420634
  1 31 2 1073.11905645447 0.666772556553203
  2 31 2 1105.01841908058 0.359836468902791
  1 32 2 21976.445268133 0.96787270074405
  2 32 2 394.636383090269 0.422601396160012
  1 33 2 5153.12756769013 0.404694020855087
  2 33 2 2611.19396548494 0.465820030674526
  1 34 2 6223.12391738669 0.814873375751391
  2 34 2 6766.85972376814 0.505954372112585
  1 35 2 5303.76399950878 0.533219898766676
  2 35 2 3502.42864173561 0.287403659199158
  1 36 2 62.8684525554518 0.371953858881132
  2 36 2 3810.93859540449 0.365560779244073
  1 37 2 2377.63516360302 0.791301167226987
  2 37 2 5268.03698270193 0.487536998609889
  1 38 2 1075.29254549168 0.633364993316759
  2 38 2 3619.61120520853 0.644823084547079
  1 39 2 48616.4559445147 0.827253682697507
  2 39 2 637.252220074096 0.354235596542703
  1 40 2 5963.38778944586 0.900216415173481
  2 40 2 1459.73606960104 0.395846441583114
  1 41 2 2488.62186422058 0.957770995377006
  2 41 2 186.147429137275 0.496084887173497
  1 42 2 1680.83410548272 0.55870584954739
  2 42 2 1944.30492145197 0.604660139936764
  1 1 6 4317.12066023813 0.207852633123303
  2 1 6 7728.40320278568 0.784226099165565
  1 2 6 3292.34665806508 0.20094683691091
  2 2 6 1841.74816317788 0.42113653584723
  1 3 6 2901.28980396367 0.213246212842418
  2 3 6 5141.94181428042 0.281911195623627
  1 4 6 10894.3575332854 0.638611588507752
  2 4 6 10950.7226596915 0.516171107727799
  1 5 6 14330.5804757778 0.770976725828606
  2 5 6 935.907154202915 0.476734589561794
  1 6 6 3630.77004958024 0.317978244654253
  2 6 6 2093.2459585066 0.386012658029271
  1 7 6 2464.35349095576 0.23012544486412
  2 7 6 1822.60485034165 0.530741594808484
  1 8 6 3729.71762045311 0.223285411086708
  2 8 6 1581.38291079164 0.349108274212027
  1 9 6 4379.59744101071 0.263214632586959
  2 9 6 5577.21012232239 0.356706403512006
  1 10 6 4544.48998048549 0.348756230758934
  2 10 6 5379.51691439475 0.329322164303112
  1 11 6 4541.76537781384 0.220681608545507
  2 11 6 1012.04478251729 0.399668835756918
  1 12 6 4440.15185929799 0.255345437604282
  2 12 6 2316.37020665221 0.607330296430227
  1 13 6 5849.23134832603 0.233828388168981
  2 13 6 6777.63324049461 0.690301195973316
  1 14 6 1896.93522056447 0.24128388549411
  2 14 6 2493.82146156661 0.464973156265946
  1 15 6 4301.1903256985 0.475237794728556
  2 15 6 347.855829619332 0.449694184969219
  1 16 6 1677.91226768134 0.272355203647803
  2 16 6 3747.5499299291 0.626775991448789
  1 17 6 2549.9914073784 0.293473920223874
  2 17 6 4796.27525381276 0.331528642249673
  1 18 6 1457.26896109487 0.297867921869416
  2 18 6 2592.09300580455 0.724059558699832
  1 19 6 1831.26436594133 0.25527382218443
  2 19 6 28738.3235094818 0.972230757901325
  1 20 6 1813.24690201015 0.287981619167569
  2 20 6 549.596541617031 0.393581429053449
  1 21 6 2189.11328516894 0.332543338576962
  2 21 6 1082.78721632012 0.58392964546944
  1 22 6 1814.63154039419 0.301314005212516
  2 22 6 3687.04026426792 0.467823706697183
  1 23 6 3970.99793705902 0.313235077086734
  2 23 6 3963.08680755902 0.449455855490557
  1 24 6 3859.00590283041 0.188840124890422
  2 24 6 1662.46355827458 0.342529973932846
  1 25 6 3129.06246455355 0.260173692135873
  2 25 6 1637.23017585078 0.383130929442038
  1 26 6 3107.06693073059 0.293410432402762
  2 26 6 817.226161882715 0.337034394121133
  1 27 6 2487.47956982969 0.388647680627492
  2 27 6 142.98199355428 0.321629167505854
  1 28 6 1962.43413531757 0.345442577620755
  2 28 6 1063.84979794238 0.536864637709118
  1 29 6 2048.80032514105 0.310245670031133
  2 29 6 832.526416026369 0.451495677480436
  1 30 6 3071.14299190643 0.348394220746453
  2 30 6 312.218005979708 0.483684059166492
  1 31 6 3555.52033014332 0.210695213443395
  2 31 6 1478.11761773813 0.505437825224827
  1 32 6 5612.13070819021 0.26037397454602
  2 32 6 5390.26308357463 0.436613652073156
  1 33 6 3430.24327643338 0.184269817445717
  2 33 6 3120.03709144068 0.417121054927267
  1 34 6 6619.43212146861 0.224636283033848
  2 34 6 8958.76857464578 0.427028154066731
  1 35 6 4519.08793005509 0.214424452457608
  2 35 6 7600.57162909877 0.358256969308502
  1 36 6 4183.46775417211 0.241986378076999
  2 36 6 9649.05826237915 0.3400116158624
  1 37 6 5740.12288069407 0.278456439376456
  2 37 6 7259.02476461243 0.285873133416327
  1 38 6 3010.7261984921 0.299857497492351
  2 38 6 6187.35370582928 0.212373020514558
  1 39 6 5868.15805264112 0.375235544015774
  2 39 6 4221.09398227887 0.198905098616369
  1 40 6 2753.76176268616 0.252558079911859
  2 40 6 3262.81288205106 0.262770320767619
  1 41 6 3370.06261902126 0.343794671710809
  2 41 6 3114.2342061867 0.302797426147618
  1 42 6 3369.80238286332 0.191002489396663
  2 42 6 2634.58362882825 0.233059984982754
  1 1 1 29249.0920909054 0.241799049430762
  2 1 1 51735.2088021102 0.250018379470286
  1 2 1 24443.4586661377 0.142636213550947
  2 2 1 25343.9213518919 0.163647146277456
  1 3 1 13085.8215935118 0.225478190042395
  2 3 1 27835.0155546674 0.192013183632222
  1 4 1 22579.6040046176 0.323579734794357
  2 4 1 35265.57333544 0.162432383538487
  1 5 1 5959.03037185992 0.320666395151501
  2 5 1 107473.036195042 0.822390366318268
  1 6 1 16876.7803954231 0.452044832991261
  2 6 1 36080.596492698 0.192408532269243
  1 7 1 14996.1935746853 0.28209645893665
  2 7 1 30528.4348418379 0.262097825842625
  1 8 1 4824.13833445256 0.414010381101596
  2 8 1 30251.7052907461 0.189959250209439
  1 9 1 5353.01057659536 0.40638853202345
  2 9 1 23504.9810370076 0.178404315527443
  1 10 1 7559.66784516706 0.290993157294119
  2 10 1 15258.200069761 0.156753980046499
  1 11 1 12211.0064331271 0.324615016521962
  2 11 1 23515.2822071154 0.174348711952217
  1 12 1 7773.4640747829 0.294780938380682
  2 12 1 13229.2517320695 0.195232854572048
  1 13 1 17138.9065914559 0.440402569626277
  2 13 1 15889.1835890838 0.185762358850192
  1 14 1 2463.5674168561 0.372421878022742
  2 14 1 12703.1963328317 0.151581173531864
  1 15 1 5543.02117357966 0.341871348717721
  2 15 1 9204.07722154936 0.233364310094868
  1 16 1 2521.57282844075 0.416897355424411
  2 16 1 10428.7322358474 0.283802183917676
  1 17 1 5992.99185380658 0.500820840736393
  2 17 1 2080.29758346362 0.495024013362717
  1 18 1 6661.49526562161 0.389853340834037
  2 18 1 9137.18473951295 0.390988792530431
  1 19 1 3377.95502851574 0.293941849282161
  2 19 1 12150.293729579 0.322403741112933
  1 20 1 5041.24807291427 0.525509720403112
  2 20 1 5567.65192159862 0.218361153170241
  1 21 1 6712.85276204786 0.266433769579894
  2 21 1 17838.1704253844 0.421115605185845
  1 22 1 3278.32018854234 0.374831371194202
  2 22 1 6162.89957115009 0.227391091044855
  1 23 1 2648.05606415478 0.352011231642473
  2 23 1 12800.855984243 0.384269029090844
  1 24 1 5288.03778811774 0.34725908523047
  2 24 1 4861.99278771632 0.331291933735556
  1 25 1 25990.9161955696 0.578696888706846
  2 25 1 5957.86546614671 0.247394190789157
  1 26 1 5571.62726417237 0.459728456052307
  2 26 1 5256.30861705718 0.394189312610479
  1 27 1 8758.19337937206 0.539982548576019
  2 27 1 39416.8250097554 0.72948972943007
  1 28 1 3472.7083125157 0.364309332200766
  2 28 1 5531.35281623456 0.278656828353639
  1 29 1 3621.19261706426 0.562793580097325
  2 29 1 10010.710198189 0.316141323613091
  1 30 1 1782.59202173624 0.420348818797864
  2 30 1 9185.74122673957 0.30511736182771
  1 31 1 4710.84611944609 0.403753427903273
  2 31 1 7012.35458626593 0.278331587636247
  1 32 1 5965.90590139782 0.491331418922754
  2 32 1 5783.50997110856 0.329726795744574
  1 33 1 4155.7920494161 0.537081122476055
  2 33 1 5677.2471498794 0.33086845072982
  1 34 1 5567.4869353951 0.379030815152119
  2 34 1 2506.50268374566 0.278881417082292
  1 35 1 1932.57719532591 0.519511456600017
  2 35 1 4662.98415626804 0.27351876283918
  1 36 1 2611.54241750034 0.556056214854877
  2 36 1 10800.8116289327 0.714061811185508
  1 37 1 1618.35984068454 0.588197671943964
  2 37 1 3990.36920781888 0.340315242626747
  1 38 1 5304.96299777087 0.324588369174256
  2 38 1 2417.76674998803 0.300199803594678
  1 39 1 7997.44695147165 0.501841796783066
  2 39 1 8415.57558748567 0.438397059851219
  1 40 1 1617.59478059736 0.403101009292275
  2 40 1 13891.6711501451 0.410378233550251
  1 41 1 2355.40214094993 0.478602624152216
  2 41 1 3730.17980945555 0.362128776577143
  1 42 1 2753.69191816937 0.646634922078809
  2 42 1 8501.59526170914 0.816170985475773
  1 1 5 23751.5863175873 0.476454648602067
  2 1 5 52419.2004731898 0.33088650882931
  1 2 5 61243.6796576943 0.845907144525693
  2 2 5 30015.8865572642 0.213566715560186
  1 3 5 25143.2823853014 0.345200957090348
  2 3 5 83508.8568439343 0.426262782725971
  1 4 5 14905.7103567241 0.264436160521241
  2 4 5 54347.1910849374 0.226747447567164
  1 5 5 11460.6112309554 0.469566733399063
  2 5 5 21447.5950296194 0.259488054442407
  1 6 5 5006.78747293116 0.386232958132405
  2 6 5 19354.4962275781 0.272571546622386
  1 7 5 7081.52546536391 0.438346564468954
  2 7 5 11809.2617416285 0.260487713324726
  1 8 5 6172.00618355924 0.368625576908523
  2 8 5 19875.351116959 0.42035214303373
  1 9 5 9643.4927305455 0.424021283924977
  2 9 5 9775.99115455188 0.313873830425567
  1 10 5 1803.02422743927 0.40509710665687
  2 10 5 8426.69822964312 0.466267924456264
  1 11 5 13258.3584276898 0.480844474444679
  2 11 5 5190.94636366162 0.2668361029341
  1 12 5 5741.64793708179 0.469094743543064
  2 12 5 7785.17689154723 0.28378876735388
  1 13 5 5194.86917688395 0.540787962426207
  2 13 5 13360.083677573 0.369430536232357
  1 14 5 1580.47789952449 0.470432479415306
  2 14 5 6246.71863665586 0.469633627328749
  1 15 5 2953.4840236463 0.502209538569111
  2 15 5 3128.35208934683 0.342064616144444
  1 16 5 10788.4606344333 0.584628234108223
  2 16 5 4526.17566581196 0.423460458250196
  1 17 5 3547.45792576657 0.561800284643725
  2 17 5 12629.0116613051 0.784021780546872
  1 18 5 24090.9456152805 0.497927404656732
  2 18 5 13761.5332801581 0.676432257321378
  1 19 5 6254.10451903333 0.480052767387787
  2 19 5 43760.6289803473 0.712202517111094
  1 20 5 12580.9817026681 0.806911034003637
  2 20 5 36240.7869715293 0.834297346108047
  1 21 5 9364.18351505306 0.336276894588451
  2 21 5 9122.37530271279 0.428726537913456
  1 22 5 32477.1968025503 0.866348358898959
  2 22 5 12248.7628976608 0.424628251437437
  1 23 5 25303.1640978465 0.613994602592113
  2 23 5 33803.9321268951 0.656624132271175
  1 24 5 30763.7233985945 0.747837758615024
  2 24 5 15506.903869899 0.510439372860259
  1 25 5 76390.0817385065 0.471975485833162
  2 25 5 34905.7500373825 0.358480817460383
  1 26 5 31321.8979240569 0.495899711606771
  2 26 5 25857.1226818569 0.434982613442021
  1 27 5 75660.0884241995 0.313979264853727
  2 27 5 66547.4953628041 0.356018191983623
  1 28 5 29001.3000454648 0.388895640133204
  2 28 5 32405.1017416536 0.264411460678978
  1 29 5 39064.5835899008 0.429428347743837
  2 29 5 27152.8581532567 0.345982379386548
  1 30 5 62269.0399002557 0.854087515493953
  2 30 5 66783.3346557275 0.296892384076943
  1 31 5 26971.926638236 0.570603745618332
  2 31 5 57450.0885679886 0.562814940667441
  1 32 5 41259.0129172257 0.339876934877471
  2 32 5 60303.972953634 0.356216069417162
  1 33 5 23706.274721203 0.298992519394372
  2 33 5 61895.9903498125 0.189290253037749
  1 34 5 66659.9154194981 0.254555474384242
  2 34 5 36006.5240491877 0.230851364722682
  1 35 5 54064.2230084959 0.63012553598372
  2 35 5 82663.2183931872 0.260964579440469
  1 36 5 99914.6131674337 0.254083502479078
  2 36 5 87897.2436924473 0.337085438277882
  1 37 5 135678.323804409 0.192091229695825
  2 37 5 321730.470296475 0.445822853931263
  1 38 5 198608.585441432 0.387496158420035
  2 38 5 245187.380343503 0.210853665221549
  1 39 5 176834.132993888 0.368405013462509
  2 39 5 213605.743392678 0.169854111979613
  1 40 5 139351.364927949 0.474213361633694
  2 40 5 132253.252697512 0.191466660489218
  1 41 5 29333.1123134062 0.360282409988033
  2 41 5 106350.301678273 0.399606972925519
  1 42 5 7396.96037431208 0.3532330315065
  2 42 5 89957.7596226095 0.274035362173455
  1 1 10 3928.63290193183 0.16739605456776
  2 1 10 1192.63613721322 0.179334469818098
  1 2 10 3712.8126055828 0.167785563839749
  2 2 10 1228.39203079983 0.194079650208756
  1 3 10 9175.35719635747 0.201683587615937
  2 3 10 4234.94136723753 0.26708294380009
  1 4 10 2935.64204896193 0.277990130981975
  2 4 10 2435.84944225299 0.261162740746529
  1 5 10 3082.51973341726 0.260447159640481
  2 5 10 2764.4865346682 0.236760215458364
  1 6 10 3533.35717572498 0.354731435464959
  2 6 10 4131.76439058337 0.197746711670819
  1 7 10 877.692170809201 0.295758105402641
  2 7 10 2109.19375094709 0.330208010835788
  1 8 10 1232.09919118542 0.240663428417508
  2 8 10 1181.22241780377 0.364039748188294
  1 9 10 949.958207089817 0.339824195708317
  2 9 10 921.683641221107 0.261227404123069
  1 10 10 773.345331287205 0.294342928253188
  2 10 10 492.617549274248 0.249594811366406
  1 11 10 294.036174807638 0.387829007380117
  2 11 10 870.780198290922 0.211737624497487
  1 12 10 1246.79375979542 0.466145706592908
  2 12 10 891.152870605658 0.247676050549484
  1 13 10 1083.62871583927 0.279244183815429
  2 13 10 1580.57882877688 0.364806813763314
  1 14 10 1049.93158719615 0.264226699190394
  2 14 10 1248.21412179109 0.200853835879913
  1 15 10 1080.81192799603 0.401557677432362
  2 15 10 1600.60689169436 0.427552736347339
  1 16 10 565.539321730514 0.39803470366635
  2 16 10 522.76005496951 0.263050856290993
  1 17 10 1292.40528357893 0.271991870521699
  2 17 10 995.882374629827 0.262101771146991
  1 18 10 1082.78721632012 0.544069953063755
  2 18 10 2573.88690918783 0.500002099405965
  1 19 10 1459.79792872192 0.466408660783656
  2 19 10 2660.36586811722 0.351960747367337
  1 20 10 3196.37477145045 0.396749160523618
  2 20 10 3675.56264196054 0.353294158315399
  1 21 10 6224.95654599848 0.368705529979016
  2 21 10 2439.48108024691 0.244873713391672
  1 22 10 7333.42251053172 0.275174363066448
  2 22 10 7752.84206467944 0.470763857263454
  1 23 10 5487.27614278506 0.475906668741929
  2 23 10 6321.2518517977 0.279502397980618
  1 24 10 11033.3472513229 0.399262445846064
  2 24 10 5047.26495607402 0.349648537286793
  1 25 10 3884.01766201944 0.444275829003174
  2 25 10 10439.2353428327 0.37915545660954
  1 26 10 4669.55034768269 0.335323776784019
  2 26 10 5624.73603521806 0.484086093187339
  1 27 10 4591.43633561794 0.442836038485025
  2 27 10 1677.7683515909 0.319150727602776
  1 28 10 2259.92243336663 0.488042255938244
  2 28 10 2851.73330071068 0.407560700838948
  1 29 10 5951.63711911664 0.284421789658612
  2 29 10 2028.06473595895 0.29674239792084
  1 30 10 12621.4054437811 0.318407718065998
  2 30 10 6321.94912430058 0.267327748565035
  1 31 10 9449.93858401809 0.334557568518815
  2 31 10 4740.68672816762 0.298460848552816
  1 32 10 7152.94973705879 0.3039623036711
  2 32 10 4872.21188943701 0.273313726703502
  1 33 10 2807.13971098992 0.32641152401369
  2 33 10 6120.91767319555 0.314372074077199
  1 34 10 2898.9145185831 0.318273337755366
  2 34 10 2614.91200495278 0.255330079772978
  1 35 10 2867.63192525388 0.43537834570034
  2 35 10 3620.06863708051 0.477794056284643
  1 36 10 1010.47133330181 0.342233883700236
  2 36 10 1053.80314608076 0.255219140701765
  1 37 10 1168.06493823195 0.341250712936241
  2 37 10 749.649491090482 0.214601133606252
  1 38 10 518.632116251545 0.614068234722451
  2 38 10 531.20568454 0.201112464847283
  1 39 10 838.111270250748 0.35190564940904
  2 39 10 608.144109488997 0.33472125607656
  1 40 10 1316.15401369687 0.816837708092695
  2 40 10 275.637382012875 0.227783168461156
  1 41 10 609.709911517516 0.505988404388839
  2 41 10 53.5908067427603 0.351067447622667
  1 42 10 586.89222699737 0.324360094310254
  2 42 10 384.947589309766 0.455427538585323
  1 1 8 7140.43261024965 0.190018283469302
  2 1 8 3142.39062896468 0.323221412579507
  1 2 8 10470.6460998747 0.162746935517586
  2 2 8 1643.69168421579 0.228982766823179
  1 3 8 7624.46395206544 0.341920463441956
  2 3 8 3283.65909969175 0.241841631084233
  1 4 8 8287.07950502149 0.228726011424418
  2 4 8 4290.5008293957 0.281644292980529
  1 5 8 7641.46785019642 0.248125625001581
  2 5 8 3540.13850598614 0.278717712431636
  1 6 8 8384.15077416779 0.35733148518571
  2 6 8 11803.5722740862 0.28768973650101
  1 7 8 5097.74168384175 0.30617617024306
  2 7 8 10199.2024698472 0.298000352344759
  1 8 8 3249.11513335629 0.309842315794336
  2 8 8 5238.46463547758 0.290632634838193
  1 9 8 2894.34265666795 0.376612355333219
  2 9 8 3447.09681816694 0.277237549679099
  1 10 8 1981.15433183689 0.374918605177922
  2 10 8 2217.23332282486 0.215955663906671
  1 11 8 2753.24781865333 0.312482319278861
  2 11 8 3384.0247415422 0.22904951005782
  1 12 8 1345.50056342363 0.291217292449574
  2 12 8 1767.52039946673 0.334203310366051
  1 13 8 1253.54510843555 0.258086226973749
  2 13 8 2272.24499024274 0.369713282569775
  1 14 8 2377.78624159127 0.424291613021164
  2 14 8 2248.34948843331 0.242018860617287
  1 15 8 1387.40959736634 0.253077301717728
  2 15 8 1642.9136817832 0.236863100947082
  1 16 8 1386.68583937884 0.282083266124312
  2 16 8 763.185565482914 0.234685929415468
  1 17 8 3096.85703450292 0.308866282267733
  2 17 8 916.243147505566 0.418188219832596
  1 18 8 2953.05604450942 0.227617863109814
  2 18 8 1863.84914113602 0.363924113287817
  1 19 8 4770.41108850197 0.444594138316279
  2 19 8 1977.63724499047 0.228686933162735
  1 20 8 6262.02709182576 0.355281347801547
  2 20 8 1535.82907084285 0.52226518900488
  1 21 8 9948.37503690166 0.287663604981491
  2 21 8 1797.51237491878 0.324610274868806
  1 22 8 6785.60921531838 0.331891135768806
  2 22 8 3909.58941544834 0.405253381175339
  1 23 8 10188.173044205 0.373879165680047
  2 23 8 4498.0607286658 0.325837115034301
  1 24 8 11020.3554508007 0.29311793852823
  2 24 8 2067.35322072504 0.252063231711509
  1 25 8 13211.6089608688 0.363617147333273
  2 25 8 5718.7909705433 0.318594737541269
  1 26 8 8722.57502549847 0.370438144818615
  2 26 8 1549.75023719529 0.388038209115171
  1 27 8 6146.7594079503 0.399020192940984
  2 27 8 827.47950447731 0.240334888416511
  1 28 8 5121.36954362573 0.324040099023474
  2 28 8 1287.79844090042 0.415472237394863
  1 29 8 3902.83679397558 0.367838903060991
  2 29 8 906.588205664391 0.278588400079201
  1 30 8 3927.88052119664 0.352473620249155
  2 30 8 1133.6894985735 0.226502720233669
  1 31 8 8051.12073458908 0.481135456002499
  2 31 8 6700.440788728 0.540163864000553
  1 32 8 7095.66611590277 0.284652789689101
  2 32 8 1781.76591593674 0.343035692079222
  1 33 8 6025.14484575316 0.419285827130058
  2 33 8 1874.95411821305 0.233965429378258
  1 34 8 7270.68493955744 0.363226842496159
  2 34 8 1261.5438380764 0.230866102767982
  1 35 8 8637.22636208274 0.383482435972864
  2 35 8 2301.60990697597 0.24282341318213
  1 36 8 3005.38972728912 0.325977709284745
  2 36 8 2089.73846778257 0.341240783166298
  1 37 8 993.992492360393 0.323507675999549
  2 37 8 3125.05137832652 0.399695593074565
  1 38 8 4696.95888789119 0.425248507716921
  2 38 8 781.802525736676 0.187993525714274
  1 39 8 1848.35697956147 0.249118363408559
  2 39 8 1536.38419762497 0.265012727941773
  1 40 8 1082.89041937905 0.341800613444058
  2 40 8 2493.8931084996 0.365336749376061
  1 41 8 1625.77702663021 0.302900468993841
  2 41 8 883.516857557338 0.388934593716609
  1 42 8 1949.0508476916 0.491268971960348
  2 42 8 596.799306353289 0.242113807492329
  1 1 3 528.887106715519 0.499484636786782
  1 2 3 175.815079006654 0.358153914340203
  2 2 3 111.874394835087 0.577110518633802
  1 3 3 148.205808975379 0.678339172154909
  2 3 3 180.481319548917 0.738121970739642
  1 4 3 9.95645908726505 1
  2 4 3 482.829698325959 0.52056341701904
  1 5 3 82.8875219014815 0.693225535250834
  2 5 3 1.99129181745301 1
  1 6 3 14.1353672675538 1
  2 6 3 190.481285852362 0.48452157876779
  1 7 3 22.8565669481563 0.912293822979085
  1 8 3 22.2127199918702 0.655734850091527
  2 8 3 4769.82748058804 0.750382084373246
  1 9 3 58.2452856605005 0.670809892238012
  2 9 3 36.8673456488443 0.47273108889926
  1 10 3 19.5508651168114 0.631102684426709
  2 10 3 121.160290864747 0.919260399745188
  1 11 3 21.8704592832127 0.496475444687371
  1 12 3 6.61721588569 0.740682868109632
  2 12 3 11.2010164731732 1
  1 13 3 34.8745161543122 0.360862225436052
  1 14 3 2580.7141954191 0.547901331396328
  2 14 3 82.5480971598702 0.478873954421528
  1 15 3 1360.94073382358 0.429608216382601
  2 15 3 25.8541494987342 0.654713783069401
  1 16 3 665.340378506487 0.69118921143411
  2 16 3 3412.27765838748 0.8614889831113
  1 17 3 421.926289092329 0.426971754606328
  2 17 3 1254.5138449954 0.572182042928152
  1 18 3 656.947975119124 0.505524319387353
  2 18 3 279.918735481966 0.488492827246527
  1 19 3 688.624915781023 0.644591984223249
  2 19 3 1269.87523901575 0.51925665989311
  1 20 3 9293.94458611715 0.899065435378594
  2 20 3 3206.34187915706 0.59569628754064
  1 21 3 1286.0773063407 0.543826822033971
  2 21 3 1388.7922991932 0.466111862829518
  1 22 3 2612.81263068551 0.88174616562504
  2 22 3 5187.10713905133 0.568444982816852
  1 23 3 621.283047045339 0.408104676406013
  2 23 3 15890.8653525558 0.357346049869971
  1 24 3 3843.34515856761 0.92608255019157
  2 24 3 35285.2749144398 0.539541007788685
  1 25 3 41.7707637600173 0.648664057223823
  2 25 3 952.377626648023 0.576168087832409
  1 26 3 5777.51959703585 0.695927823776047
  2 26 3 201.035843660512 0.549529982814455
  1 27 3 692.175378442922 0.708713243925404
  2 27 3 25.6768028534123 0.496269825160911
  1 28 3 12.8821720202512 0.489543853646182
  1 29 3 3.07227880407036 0.703511357168505
  2 29 3 47.1633008847736 0.875017095315649
  1 30 3 395.355732405006 0.631659802692532
  2 30 3 9583.64788154554 0.908152223575802
  1 31 3 219.155888023686 0.626570332091694
  2 31 3 142.946766770286 0.712465807947941
  1 32 3 1468.39318873053 0.661895735249442
  2 32 3 2989.95494622366 0.86012943797605
  1 33 3 72.6057473332196 0.783155911787346
  2 33 3 2219.73323424653 0.598390099709208
  1 34 3 314.810973251882 0.542775440757204
  2 34 3 1360.93285250276 0.743173480285892
  1 35 3 1437.23727615072 0.870542376054271
  2 35 3 12465.0628506536 0.446478967244395
  1 36 3 35.3257003708162 0.492193512682958
  2 36 3 4579.25745547617 0.490110041691513
  1 37 3 4342.21287299398 0.909630520329322
  2 37 3 1576.37531143996 0.433872317628348
  1 38 3 5799.9953631239 0.644773009949607
  2 38 3 16619.543888649 0.484949159815328
  1 39 3 8680.14221168715 0.515045488987725
  2 39 3 8752.93996176881 0.388710136036013
  1 40 3 9588.82586042962 0.442573167063876
  2 40 3 25704.0939791068 0.395139923022642
  1 41 3 621.457262823027 0.88587618368699
  2 41 3 2861.89815873129 0.537531419606343
  1 42 3 19155.4702259489 0.983269433580366
  2 42 3 9683.32547590089 0.849696423298534
  1 1 4 2622.13306522212 0.238950089280127
  2 1 4 121.668354628856 0.730585383962037
  1 2 4 4797.24001289585 0.179808210316848
  2 2 4 439.651295164116 0.333206670663278
  1 3 4 2551.71740670653 0.285713453338656
  2 3 4 44.8119331562384 0.519898215786934
  1 4 4 2060.98703106387 0.363103131549156
  2 4 4 978.687585083578 0.305358232801091
  1 5 4 1010.33168588022 0.503658248586171
  2 5 4 856.255481504794 0.471530938023796
  1 6 4 1464.02018128235 0.295547572464407
  2 6 4 675.901336895479 0.544763628192451
  1 7 4 588.037131484384 0.488933644682359
  2 7 4 410.478894096341 0.477536971215445
  1 8 4 1512.48429762825 0.370405953390475
  2 8 4 109.134679905783 1
  1 9 4 786.311356416757 0.52782959622969
  2 9 4 790.599745580772 0.532719195147098
  1 10 4 310.64152352267 0.511990542284477
  2 10 4 480.602487096828 0.484034968152033
  1 11 4 828.647401730615 0.564562288891068
  2 11 4 263.553328780545 0.586474414451279
  1 12 4 888.912667311024 0.402530417748571
  2 12 4 47.0442691873274 1
  1 13 4 1011.36096847505 0.43367137815831
  2 13 4 1081.81453646356 0.57845161047037
  1 14 4 202.927953827827 0.64543907056288
  2 14 4 32.5847751946856 1
  1 15 4 672.750281711817 0.573085070694707
  2 15 4 4.7007544543153 1
  1 16 4 80.6473186068469 0.624630010023461
  2 16 4 125.72710182811 0.618817528749267
  1 17 4 1036.3820499064 0.39695630553522
  2 17 4 416.677812802042 0.599987275514275
  1 18 4 312.424769926359 0.66033137069251
  2 18 4 202.542824860935 0.574102294844973
  1 19 4 425.774395877225 0.421006722090626
  2 19 4 320.882452869571 0.561536237228361
  1 20 4 438.552739090828 0.510604124996193
  2 20 4 221.576471323862 0.755237824640857
  1 21 4 1127.72502569309 0.341199284740845
  2 21 4 29.9585395819796 0.639964632603476
  1 22 4 492.176007418236 0.558363224745951
  2 22 4 269.626856237817 0.651942345498602
  1 23 4 1005.78339434263 0.358138069325762
  2 23 4 376.621640459172 0.817002636839413
  1 24 4 739.098899659002 0.350936222978508
  2 24 4 115.661361743286 0.45781557737998
  1 25 4 2188.04333732673 0.316930751611881
  2 25 4 576.404307709492 0.659064313762388
  1 26 4 1102.29949846929 0.37289624571036
  2 26 4 596.991775987184 0.566128523913239
  1 27 4 846.006185385551 0.340253675911694
  2 27 4 138.159446825467 0.701875347795432
  1 28 4 1239.85555955707 0.357264717429085
  2 28 4 464.969702901151 0.476578235674548
  1 29 4 1351.95163276328 0.527967078805152
  2 29 4 533.262004559237 0.562110493649979
  1 30 4 778.683027795287 0.415144442808449
  2 30 4 463.26240391073 0.557855012865461
  1 31 4 690.797234127335 0.494090593845412
  2 31 4 18.7934892609349 0.864947569912083
  1 32 4 172.142047593351 0.340526255302381
  2 32 4 260.762701561628 0.525593107575273
  1 33 4 278.605164226658 0.260637123856086
  2 33 4 71.2749374416554 0.517717068938369
  1 34 4 366.173869995617 0.219411346193749
  2 34 4 283.120703489775 0.445563743160107
  1 35 4 423.052285648 0.271355803715625
  2 35 4 119.695005779245 0.369630063723468
  1 36 4 282.124604394792 0.322041020808878
  2 36 4 418.43090321745 0.389098775252231
  1 37 4 233.759549395382 0.241177039296427
  2 37 4 231.064382244286 0.360209541108992
  1 38 4 328.547213481932 0.310728311347134
  2 38 4 217.957814076456 0.437514827010324
  1 39 4 405.024933307328 0.288580421043866
  2 39 4 430.601874971915 0.246821373610295
  1 40 4 2308.48176931067 0.364363914128281
  2 40 4 533.869732810175 0.287983302644633
  1 41 4 748.342383632651 0.243629988904743
  2 41 4 1228.19654020512 0.386454786790168
  1 42 4 959.408942398233 0.263364855830388
  2 42 4 307.31611278322 0.35266724117335
# end survey index observations 
#  
# Survey size comp data 
# Number of observations, init_int Nsurvey_size_obs 
  884
# init_matrix obs_survey_size(1,Nsurvey_size_obs,1,ncol) 
# Survey  Year  Species Type (0=whole, 1=retained, 2=discard) InpN, proportion by length bin 
  1 1 1 0 920 0.0126622481131997 0.12763856535117 0.675947937325155 0.183751249210475 0
  1 2 1 0 4 0.00462980513738121 0.0828726159122756 0.758539498778964 0.153958080171379 0
  1 2 1 0 740 0.00462980513738121 0.0828726159122756 0.758539498778964 0.153958080171379 0
  1 3 1 0 325 0.00725571073642569 0.158242677151426 0.834501612112148 0 0
  1 4 1 0 354 0.0278005746232336 0.155967532217295 0.559890841567554 0.256341051591918 0
  1 5 1 0 104 0.00812872995520096 0.309111380221937 0.387958873533742 0.29480101628912 0
  1 6 1 0 353 0.00517066851360105 0.279412383246361 0.715416948240038 0 0
  1 7 1 0 226 0.0298359449320625 0.10694840821113 0.863215646856808 0 0
  1 8 1 0 184 0.0179127273509514 0.049648822776505 0.932438449872544 0 0
  1 8 1 0 26 0.0179127273509514 0.049648822776505 0.932438449872544 0 0
  1 9 1 0 281 0.0139793125083261 0.475073162556242 0.510947524935432 0 0
  1 9 1 0 15 0.0139793125083261 0.475073162556242 0.510947524935432 0 0
  1 10 1 0 177 0.00143169694222656 0.277363498483316 0.13277082389038 0 0.588433980684077
  1 11 1 0 305 0.0156922118043712 0.287041104025009 0.697266684170619 0 0
  1 12 1 0 483 0.0181909414884577 0.249210233112747 0.313613665732345 0.41898515966645 0
  1 13 1 0 500 0.0128838038375248 0.368020321946744 0.341198273638756 0.277897600576975 0
  1 14 1 0 101 0.00916368878732574 0.193054767418677 0.797781543793997 0 0
  1 15 1 0 145 0.0189144952451581 0.631362105838774 0.349723398916068 0 0
  1 16 1 0 200 0.00786934206391625 0.135938184035173 0.856192473900911 0 0
  1 17 1 0 139 0.00893956537655163 0.612740856600885 0.378319578022563 0 0
  1 18 1 0 182 0.00999480514596129 0.311865187661164 0.678140007192875 0 0
  1 19 1 0 80 0.00297354457743381 0.335381203267858 0.661645252154709 0 0
  1 20 1 0 126 0.0125389432822555 0.641699128849546 0.345761927868198 0 0
  1 21 1 0 204 0.000476907706285221 0.89729279416603 0.102230298127684 0 0
  1 22 1 0 72 0.0048593261549149 0.200583535949983 0.794557137895103 0 0
  1 23 1 0 109 0.0114707274976707 0.254299613569367 0.734229658932963 0 0
  1 24 1 0 118 0.0125652348454436 0.748806815647442 0.238627949507114 0 0
  1 25 1 0 503 0.00898721848588217 0.190474102316736 0.800538679197382 0 0
  1 26 1 0 186 0.0019051797073293 0.255259612070316 0.742835208222354 0 0
  1 27 1 0 466 0.112083565115273 0.290024105321713 0.597892329563014 0 0
  1 28 1 0 107 0.0171866516309569 0.524147628395216 0.458665719973827 0 0
  1 29 1 0 138 0.0346654303347217 0.965334569665278 0 0 0
  1 30 1 0 80 0.0159840865572308 0.431611236080385 0.552404677362384 0 0
  1 31 1 0 306 0.0147669985208979 0.452533176843644 0.532699824635458 0 0
  1 32 1 0 590 0.0269161531537769 0.973083846846223 0 0 0
  1 33 1 0 572 0.004333747428874 0.17479991039244 0.820866342178686 0 0
  1 34 1 0 495 0.0332897532828616 0.146668828777698 0.424263615387474 0.395777802551967 0
  1 35 1 0 114 0.000542870657034744 0.288318068455452 0.289473684210526 0.421665376676987 0
  1 36 1 0 255 0.0140477505965886 0.850188674809268 0.135763574594143 0 0
  1 37 1 0 137 0.0450957050217725 0.954904294978227 0 0 0
  1 38 1 0 351 0.00389241198338071 0.996107588016619 0 0 0
  1 39 1 0 343 0.00184016183674962 0.99815983816325 0 0 0
  1 40 1 0 68 0.0064043882326232 0.256721128988553 0.736874482778823 0 0
  1 41 1 0 152 0.00418252315645868 0.787804265096575 0.208013211746966 0 0
  1 42 1 0 132 0.18677384914903 0.81322615085097 0 0 0
  1 1 2 0 68 0 0.00847830874256772 0.0289583792116274 0.962563312045805 0
  1 4 2 0 1 0 0 0 1 0
  1 5 2 0 9 0 0 0 1 0
  1 6 2 0 1 0 0 1 0 0
  1 7 2 0 21 0 0 0 1 0
  1 8 2 0 1 0 0 0 1 0
  1 8 2 0 10 0 0 0 1 0
  1 9 2 0 112 0 0 0.52032967032967 0.47967032967033 0
  1 10 2 0 603 0 0.0253553434645476 0.919141441035514 0.0555032154999386 0
  1 11 2 0 1713 0 0.079015873015873 0.253269841269841 0.667714285714286 0
  1 12 2 0 259 0 0.118048923822816 0.527326819951517 0.354624256225667 0
  1 13 2 0 1142 0 0 0.389348261517128 0.610651738482872 0
  1 14 2 0 78 0 0.0373129950132004 0.135934291581109 0.826752713405691 0
  1 15 2 0 2625 0 0.0534802404849948 0.74849696878223 0.198022790732775 0
  1 16 2 0 3223 0 0 0.98759458318449 0.01240541681551 0
  1 17 2 0 1013 0 0.0601871726624882 0.457857531266993 0.481955296070519 0
  1 18 2 0 18438 0 0.488789879578435 0.483690303648433 0.0275198167731315 0
  1 19 2 0 3952 0 0.0246724759010686 0.748707009317583 0.226620514781349 0
  1 20 2 0 4068 0 0 0.914515912847931 0.0854840871520693 0
  1 21 2 0 1252 0 0 0.72744671492933 0.27255328507067 0
  1 22 2 0 651 0 0.0117824683975251 0.740134403031469 0.248083128571006 0
  1 23 2 0 1355 0 0 0.907140939173287 0.0928590608267126 0
  1 24 2 0 826 0 0.0105928853754941 0.743841897233202 0.245565217391304 0
  1 25 2 0 84 0 0.16972085772274 0.079624672765244 0.750654469512016 0
  1 26 2 0 11108 0 0.726373710522573 0.273626289477427 0 0
  1 27 2 0 1075 0.000952303213343128 0.00345550023127364 0.795445269773896 0.200146926781487 0
  1 28 2 0 1047 0 0.0391890780491817 0.853606382103791 0.107204539847027 0
  1 29 2 0 20 0.00374131480491716 0 0.499910921076073 0.496347764119009 0
  1 30 2 0 1381 0 0 0.632394924662966 0.367605075337034 0
  1 31 2 0 457 0 0 0.652599620493359 0.347400379506641 0
  1 32 2 0 22943 0 0.0406974860405589 0.94848597215672 0.010816541802721 0
  1 33 2 0 7348 0 0.0283641235849164 0.971635876415084 0 0
  1 34 2 0 6900 0 0.00306089649932792 0.99418648822395 0.00275261527672258 0
  1 35 2 0 4794 0 0.0061038704351769 0.956935740777342 0.0369603887874807 0
  1 36 2 0 112 0 0.0766998341625207 0.521440416962805 0.401859748874674 0
  1 37 2 0 1785 0 0 1 0 0
  1 38 2 0 707 0 0 0.680453378956373 0.319546621043627 0
  1 39 2 0 34249 0 0 1 0 0
  1 40 2 0 3451 0 0 0.665778394487456 0.334221605512544 0
  1 41 2 0 1135 0 0 0.277500290393774 0.722499709606226 0
  1 42 2 0 2613 0 0.716833263653985 0.283166736346015 0 0
  1 1 3 0 850 0 0.28790155173007 0.214753477916805 0.497344970353125 0
  1 2 3 0 1 0 0 0.525861611642588 0.474138388357412 0
  1 2 3 0 35 0 0 0.525861611642588 0.474138388357412 0
  1 3 3 0 19 0 0 0.486171899777989 0.513828100222011 0
  1 4 3 0 2 0.0237340041561851 0 0.976265995843815 0 0
  1 5 3 0 13 0 0.0568226375637172 0.683603450529343 0.25957391190694 0
  1 6 3 0 1 0 0 1 0 0
  1 7 3 0 5 0 0.267798897761782 0.732201102238218 0 0
  1 8 3 0 1 0 0.266701974729515 0.733298025270485 0 0
  1 8 3 0 3 0 0.266701974729515 0.733298025270485 0 0
  1 9 3 0 28 0 1 0 0 0
  1 9 3 0 1 0 1 0 0 0
  1 10 3 0 7 0 0.38740959894806 0.61259040105194 0 0
  1 11 3 0 4 0 0.0705468500159898 0.92945314998401 0 0
  1 12 3 0 2 0 0.528331822302811 0.471668177697189 0 0
  1 13 3 0 15 0 0.366038882138518 0.633961117861482 0 0
  1 14 3 0 1399 0 0.808730543376577 0.191269456623423 0 0
  1 15 3 0 388 0 0.0452281261131842 0.954771873886816 0 0
  1 16 3 0 148 0 0.318077989884157 0.681922010115843 0 0
  1 17 3 0 109 0 0.0804426622773994 0.919557337722601 0 0
  1 18 3 0 246 0 0.717563047997831 0.282436952002169 0 0
  1 19 3 0 333 0 0.698671831765357 0.301328168234643 0 0
  1 20 3 0 2120 0 0.00467500160837211 0.995324998391628 0 0
  1 21 3 0 647 0 0.94247479328522 0.0575252067147796 0 0
  1 22 3 0 764 0 0.0316418628906093 0.968358137109391 0 0
  1 23 3 0 291 0 0.388210489326188 0.611789510673812 0 0
  1 24 3 0 949 0 0.184560499084762 0.815439500915238 0 0
  1 25 3 0 17 0 0.538258058195356 0.461741941804644 0 0
  1 26 3 0 4639 0 0.924385714285714 0.0756142857142857 0 0
  1 27 3 0 174 0 0.412602371348246 0.587397628651754 0 0
  1 28 3 0 8 0 0.322635857937527 0.677364142062473 0 0
  1 29 3 0 2 0 1 0 0 0
  1 30 3 0 299 0 1 0 0 0
  1 31 3 0 46 0 0 1 0 0
  1 32 3 0 256 0 0.126688293458935 0.873311706541065 0 0
  1 33 3 0 29 0 0.75043218607575 0.24956781392425 0 0
  1 34 3 0 76 0 0.406268973891925 0.593731026108075 0 0
  1 35 3 0 293 0 0.073639982308713 0.926360017691287 0 0
  1 36 3 0 10 0 0.188861788617886 0.811138211382114 0 0
  1 37 3 0 692 0 0 1 0 0
  1 38 3 0 1084 0 0.00370743054785034 0.99629256945215 0 0
  1 39 3 0 1525 0 0.0218017539197449 0.978198246080255 0 0
  1 40 3 0 2307 0 0.849274109511178 0.150725890488822 0 0
  1 41 3 0 127 0 0.145981589084024 0.854018410915976 0 0
  1 42 3 0 4156 0 0.107677516824612 0.892322483175388 0 0
  1 1 4 0 29 0.000352407671482687 0 0.0583509810099427 0.619011280320652 0.322285330997923
  1 2 4 0 1 0.00187341262106698 0.0336987769470706 0.0932307397029362 0.733891363526093 0.137305707202833
  1 2 4 0 58 0.00187341262106698 0.0336987769470706 0.0932307397029362 0.733891363526093 0.137305707202833
  1 3 4 0 25 0.00532395394875935 0.0356483883987776 0.451860981375771 0.507166676276692 0
  1 4 4 0 24 0.00437863549636216 0.0672825315541096 0.36247718638122 0.404027831381077 0.161833815187232
  1 5 4 0 12 0.0117411639905492 0.136484669249026 0.592407755650921 0.259366411109504 0
  1 6 4 0 18 0 0.194566645039799 0.350987253335021 0.45444610162518 0
  1 7 4 0 7 0 0.110423445421274 0.889576554578726 0 0
  1 8 4 0 4 0 0.0170299694544891 0.546540031078 0.436429999467511 0
  1 8 4 0 11 0 0.0170299694544891 0.546540031078 0.436429999467511 0
  1 9 4 0 14 0.00393981077987672 0 0.583881637667615 0.412178551552508 0
  1 10 4 0 6 0 0.210845968501626 0.789154031498374 0 0
  1 11 4 0 4 0 0.0203645403302889 0 0.979635459669711 0
  1 12 4 0 16 0.00159094408234785 0.364117245980483 0.634291809937169 0 0
  1 13 4 0 15 0.0178974135572958 0.0177616582410569 0.551855491505162 0.412485436696486 0
  1 14 4 0 10 0.0330641682909385 0.0536746761010925 0.24960280412101 0.663658351486959 0
  1 15 4 0 12 0.0177608996748163 0.0810475129471275 0.111239913284355 0.789951674093701 0
  1 16 4 0 7 0.01075323616349 0.200913940135222 0.788332823701288 0 0
  1 17 4 0 23 0.0112608332851395 0.0699278744867357 0.414907591767943 0.503903700460182 0
  1 18 4 0 6 0.00759108651097215 0.348171742621046 0.644237170867982 0 0
  1 19 4 0 8 0 0.111716437395669 0.68790100421577 0.200382558388561 0
  1 20 4 0 6 0 0.142078658947268 0.857921341052732 0 0
  1 21 4 0 13 0.00474253398154579 0.0092757217977974 0.45681516023415 0.529166583986507 0
  1 22 4 0 8 0.019859999860973 0.0503242803617481 0.419757119917696 0.510058599859583 0
  1 23 4 0 25 0.00387042991544599 0.203701899307473 0.509007545985038 0.283420124792043 0
  1 24 4 0 20 0.0186474113224402 0.097599817088409 0.44392483609739 0.439827935491761 0
  1 25 4 0 33 0.00521872060206961 0.167792803386642 0.383204374412041 0.443784101599247 0
  1 26 4 0 20 0.00822076418371285 0.0510131223465843 0.575098900038595 0.365667213431108 0
  1 27 4 0 14 0.00698078387482284 0.241228628801695 0.217165790907095 0.534624796416386 0
  1 28 4 0 32 0.00124284094543129 0.0901968194900718 0.908560339564497 0 0
  1 29 4 0 33 0.00082659217645043 0.17572768149202 0.82344572633153 0 0
  1 30 4 0 15 0.00572587970226369 0.199160109940665 0.795114010357071 0 0
  1 31 4 0 12 0 0.339145394199524 0.660854605800476 0 0
  1 32 4 0 26 0.00731636685745435 0.110779503952031 0.881904129190515 0 0
  1 33 4 0 55 0.00288723328459118 0.261787821148437 0.349915955146927 0.385408990420044 0
  1 34 4 0 94 0.0145164652200009 0.20868627308182 0.670493441787229 0.10630381991095 0
  1 35 4 0 82 0.000500009375175785 0.174967030631824 0.824532959993 0 0
  1 36 4 0 54 0.00214622173079146 0.034668595499456 0.963185182769753 0 0
  1 37 4 0 60 0.00139053751693856 0.176178083342962 0.655570816307237 0.166860562832862 0
  1 38 4 0 200 0.0858739922766208 0.109461739512357 0.543447007970585 0.261217260240438 0
  1 39 4 0 125 0.00210121286888012 0.347323623009616 0.650575164121504 0 0
  1 40 4 0 336 0.00297078348701425 0.167341106683 0.829688109829986 0 0
  1 41 4 0 140 0.0151100734964381 0.191095303462354 0.793794623041208 0 0
  1 42 4 0 167 0.000669021475510748 0.134073161547067 0.754764714345125 0.110493102632297 0
  1 1 5 0 3536 0.250657033457029 0.20677605740553 0.542566909137441 0 0
  1 2 5 0 2 0.126249259332412 0.657080782144973 0.216669958522615 0 0
  1 2 5 0 1318 0.126249259332412 0.657080782144973 0.216669958522615 0 0
  1 3 5 0 3064 0.241922856098961 0.121457278563599 0 0.636619865337439 0
  1 4 5 0 491 0.0640880161823474 0.179332423350382 0.26278224546516 0.49379731500211 0
  1 5 5 0 203 0.00362963977537324 0.12248523570502 0.571911986271018 0.301973138248588 0
  1 6 5 0 398 0.234909172966264 0.649260972582647 0.115829854451089 0 0
  1 7 5 0 380 0.0090820629257217 0.454547377624843 0.239708640652103 0.296661918797332 0
  1 8 5 0 638 0.460327161603451 0.470861046198095 0.0688117921984541 0 0
  1 8 5 0 449 0.460327161603451 0.470861046198095 0.0688117921984541 0 0
  1 9 5 0 570 0 0.663507167420591 0.336492832579409 0 0
  1 9 5 0 1 0 0.663507167420591 0.336492832579409 0 0
  1 10 5 0 282 0.172346078318124 0.37056717107543 0.457086750606446 0 0
  1 11 5 0 509 0.0109180422820736 0.830041509798243 0.159040447919683 0 0
  1 12 5 0 340 0.0600489547817473 0.226259575757284 0.431898512601769 0.2817929568592 0
  1 13 5 0 371 0.11171700790594 0.382647476180823 0.505635515913237 0 0
  1 14 5 0 314 0.294255647161338 0.187780682351364 0.517963670487298 0 0
  1 15 5 0 468 0.180655380063655 0.336117627721411 0.483226992214934 0 0
  1 16 5 0 1080 0.200341331703092 0.799658668296908 0 0 0
  1 17 5 0 327 0.24637303448875 0.75362696551125 0 0 0
  1 18 5 0 1649 0.196567862714509 0.613913445426706 0.189518691858785 0 0
  1 19 5 0 357 0.331805856832972 0.668194143167028 0 0 0
  1 20 5 0 813 0.0712945127673236 0.601027312688299 0 0.327678174544377 0
  1 21 5 0 935 0.0785424717289775 0.474874153449815 0.446583374821207 0 0
  1 22 5 0 1385 0.0654686821481007 0.102173328646167 0.832357989205732 0 0
  1 23 5 0 1796 0.0915866741953699 0.773063375547848 0.135349950256783 0 0
  1 24 5 0 1709 0.0564484765796839 0.513429943066987 0.0959764362356631 0.334145144117666 0
  1 25 5 0 4112 0.0205419827023367 0.510127918879924 0.0908207926617928 0.378509305755947 0
  1 26 5 0 12733 0.853081224191413 0 0.146918775808587 0 0
  1 27 5 0 14227 0.0670545658416322 0.932945434158368 0 0 0
  1 28 5 0 3639 0.211862146060136 0.788137853939864 0 0 0
  1 29 5 0 3805 0.0641821773595286 0.935817822640471 0 0 0
  1 30 5 0 4082 0.153097679892401 0.706666106254203 0.140236213853396 0 0
  1 31 5 0 1305 0.176878494576563 0.350428473408371 0.472693032015066 0 0
  1 32 5 0 2598 0.0950557673899592 0.0665295178460936 0.838414714763947 0 0
  1 33 5 0 14099 1 0 0 0 0
  1 34 5 0 23538 0.323261223540358 0.676738776459642 0 0 0
  1 35 5 0 12108 0.0625510192349702 0.596370304793221 0.341078675971809 0 0
  1 36 5 0 169476 0.998515037149412 0.00148496285058807 0 0 0
  1 37 5 0 78798 0.719725749858441 0.280274250141559 0 0 0
  1 38 5 0 50026 0.0562675755084248 0.943732424491575 0 0 0
  1 39 5 0 125999 0.832378689108114 0.167621310891886 0 0 0
  1 40 5 0 16599 0.0778830030183496 0.92211699698165 0 0 0
  1 41 5 0 8334 0.230356679267266 0.539153670320207 0.230489650412527 0 0
  1 42 5 0 1364 0.159215026478376 0.315933914386584 0.52485105913504 0 0
  1 1 6 0 6005 0.0320330426801285 0.953333770405822 0.0146331869140497 0 0
  1 2 6 0 60 0.0267433250577116 0.725118689838408 0.248137985103881 0 0
  1 2 6 0 3518 0.0267433250577116 0.725118689838408 0.248137985103881 0 0
  1 3 6 0 3241 0.0155189391452767 0.758248539355347 0.226232521499376 0 0
  1 4 6 0 1187 0.00820715103702761 0.861316113161132 0.130476735801841 0 0
  1 5 6 0 4052 0.0598936340188537 0.940106365981146 0 0 0
  1 6 6 0 862 0.00115448157805689 0.998845518421943 0 0 0
  1 7 6 0 2635 0.0415049410644124 0.886153113465889 0.0723419454696988 0 0
  1 8 6 0 2431 0.294561247296978 0.705438752703022 0 0 0
  1 8 6 0 9448 0.294561247296978 0.705438752703022 0 0 0
  1 9 6 0 1963 0.0735728138966186 0.878488911375327 0.0479382747280546 0 0
  1 9 6 0 206 0.0735728138966186 0.878488911375327 0.0479382747280546 0 0
  1 10 6 0 1369 0.0071996523495766 0.992800347650423 0 0 0
  1 11 6 0 4425 0.0965975560602039 0.607829258461871 0 0.295573185477925 0
  1 12 6 0 3627 0.504502600093012 0.495497399906989 0 0 0
  1 13 6 0 7379 0.227300904548042 0.772699095451958 0 0 0
  1 14 6 0 2810 0.260251503553855 0.739748496446145 0 0 0
  1 15 6 0 3757 0.180927542805307 0.819072457194693 0 0 0
  1 16 6 0 994 0.00543348569120913 0.994566514308791 0 0 0
  1 17 6 0 2235 0.0193601000960744 0.980639899903926 0 0 0
  1 18 6 0 2157 0.0319468906652215 0.774800162579596 0.193252946755182 0 0
  1 19 6 0 844 0.0158589440504334 0.984141055949567 0 0 0
  1 20 6 0 2513 0.0707232177388166 0.723063039834988 0.206213742426196 0 0
  1 21 6 0 2997 0.126412578086615 0.873587421913385 0 0 0
  1 22 6 0 3793 0.0929964873285836 0.907003512671416 0 0 0
  1 23 6 0 6655 0.00933960987201275 0.93002060429231 0.060639785835677 0 0
  1 24 6 0 3387 0.0541591956967213 0.945840804303279 0 0 0
  1 25 6 0 2711 0.0501874504008976 0.949812549599102 0 0 0
  1 26 6 0 6122 0.143369276802349 0.856630723197651 0 0 0
  1 27 6 0 1648 0.0187756631966333 0.981224336803367 0 0 0
  1 28 6 0 1148 0.0143952408220398 0.98560475917796 0 0 0
  1 29 6 0 5530 0.101543931879854 0.898456068120146 0 0 0
  1 30 6 0 2118 0.023029567718163 0.976970432281837 0 0 0
  1 31 6 0 1858 0.00780052692301069 0.992199473076989 0 0 0
  1 32 6 0 18260 0.137457009603315 0.862542990396685 0 0 0
  1 33 6 0 15127 0.169709643690179 0.830290356309821 0 0 0
  1 34 6 0 18021 0.138041140409888 0.861958859590112 0 0 0
  1 35 6 0 21289 0.267972731963896 0.732027268036104 0 0 0
  1 36 6 0 50821 0.302224413087683 0.697775586912317 0 0 0
  1 37 6 0 13158 0.0395031480012451 0.960496851998755 0 0 0
  1 38 6 0 5016 0.0164410655788368 0.983558934421163 0 0 0
  1 39 6 0 12811 0.0145635946679336 0.960466327397648 0.0249700779344181 0 0
  1 40 6 0 34801 0.581773467680911 0.418226532319089 0 0 0
  1 41 6 0 21474 0.21809512804152 0.761165009520843 0.0207398624376372 0 0
  1 42 6 0 54379 0.622870122187247 0.377129877812753 0 0 0
  1 1 7 0 9408 0.00153802087813713 0.345522487528986 0.566151440701118 0.0867880508917591 0
  1 2 7 0 21 0.0232302860856445 0.187614567907178 0.615071467571344 0.174083678435834 0
  1 2 7 0 12645 0.0232302860856445 0.187614567907178 0.615071467571344 0.174083678435834 0
  1 3 7 0 1247 0.00572115587359049 0.173316542235592 0.718836486074166 0.102125815816652 0
  1 4 7 0 6004 0 0.546466927462368 0.396646808798712 0.0568862637389206 0
  1 5 7 0 3046 0.0322080391201196 0.379695159529689 0.48912938399507 0.0989674173551222 0
  1 6 7 0 8280 0.00133446588344602 0.610578868224151 0.285674379697293 0.10241228619511 0
  1 7 7 0 4097 0.02104748493807 0.302973682030727 0.364591434839881 0.311387398191322 0
  1 8 7 0 1047 0.0168299140561503 0.47796347146081 0.410577063768478 0.0946295507145611 0
  1 8 7 0 9284 0.0168299140561503 0.47796347146081 0.410577063768478 0.0946295507145611 0
  1 9 7 0 3800 0.0168993237653374 0.466617910695151 0.461520343017161 0.0549624225223509 0
  1 9 7 0 2075 0.0168993237653374 0.466617910695151 0.461520343017161 0.0549624225223509 0
  1 10 7 0 9024 0.0228798542578024 0.592192542921816 0.351169295177752 0.0337583076426296 0
  1 11 7 0 4014 0.0324274000464581 0.569464030625776 0.398108569327766 0 0
  1 12 7 0 3875 0.0358712738984884 0.569337164863857 0.322202164908698 0.0725893963289565 0
  1 13 7 0 12034 0.0116676788058064 0.268055909260094 0.681386761220052 0.0388896507140478 0
  1 14 7 0 4618 0.00628483630003759 0.394910018143481 0.598805145556482 0 0
  1 15 7 0 10494 0.0084542445409848 0.559032664283642 0.393891903307878 0.0386211878674954 0
  1 16 7 0 5217 0 0.262087293077624 0.655370731367086 0.0825419755552902 0
  1 17 7 0 1999 0.0019685985116002 0.486452823299366 0.441293966167491 0.0702846120215429 0
  1 18 7 0 3628 0 0.44521001817682 0.55478998182318 0 0
  1 19 7 0 3646 0 0.739773462665292 0.260226537334708 0 0
  1 20 7 0 4435 0 0.645640093186283 0.354359906813717 0 0
  1 21 7 0 12420 0.00279350698376746 0.736463496896447 0.260742996119785 0 0
  1 22 7 0 5121 0 0.59601639082119 0.40398360917881 0 0
  1 23 7 0 2316 0 0.405156633889207 0.594843366110793 0 0
  1 24 7 0 8414 0 0.562710295338404 0.437289704661596 0 0
  1 25 7 0 3839 0 0.227071487185805 0.772928512814195 0 0
  1 26 7 0 4989 0 0.0533078816636592 0.946692118336341 0 0
  1 27 7 0 3361 0 0.131113122913008 0.83179699655163 0.0370898805353617 0
  1 28 7 0 13362 0.000672381265841139 0.0647462097553668 0.934581408978792 0 0
  1 29 7 0 8875 0.000212182106844238 0.079921616703571 0.919866201189585 0 0
  1 30 7 0 6268 0.00673054173668316 0.0698594716843532 0.923409986578964 0 0
  1 31 7 0 7674 0.00118639658896843 0.20250172474242 0.796311878668612 0 0
  1 32 7 0 5575 0.00342369334306943 0.338059856919529 0.658516449737401 0 0
  1 33 7 0 16511 0.011372040096759 0.430973362660013 0.557654597243229 0 0
  1 34 7 0 15444 0.0956012073522964 0.417354957564353 0.487043835083351 0 0
  1 35 7 0 59684 0.0525394012545529 0.730881839246356 0.216578759499091 0 0
  1 36 7 0 46094 0.015168926128288 0.916053115802273 0.0687779580694387 0 0
  1 37 7 0 18737 0.029267129385686 0.912728255537184 0.0580046150771299 0 0
  1 38 7 0 10709 0.00174477709116246 0.761961003803671 0.236294219105166 0 0
  1 39 7 0 10176 0.00242258818104134 0.815264019268534 0.182313392550425 0 0
  1 40 7 0 9227 0.00624056988121116 0.94072912020682 0.0530303099119689 0 0
  1 41 7 0 10040 0 0.85325922130076 0.14674077869924 0 0
  1 42 7 0 27101 0.000901778349980935 0.825562724048646 0.173535497601373 0 0
  1 1 8 0 664 0.00347617125875922 0.333042888065451 0.587145809639114 0.0763351310366756 0
  1 2 8 0 12 0.0043698977425733 0.30218707165298 0.419291840027172 0.274151190577275 0
  1 2 8 0 1204 0.0043698977425733 0.30218707165298 0.419291840027172 0.274151190577275 0
  1 3 8 0 619 0.000410686573456564 0.213858672937209 0.612111982961959 0.173618657527376 0
  1 4 8 0 535 0.00125362061662106 0.168354379658145 0.752398479627234 0.0779935200979999 0
  1 5 8 0 405 0.00853561705989111 0.612250453720508 0.379213929219601 0 0
  1 6 8 0 405 0.000893814801573114 0.339732465969636 0.580495653008014 0.0788780662207766 0
  1 7 8 0 288 0.000393338354674031 0.265926018913717 0.648769771528998 0.0849108712026111 0
  1 8 8 0 87 0.00873950702500501 0.388206675424729 0.603053817550266 0 0
  1 8 8 0 257 0.00873950702500501 0.388206675424729 0.603053817550266 0 0
  1 9 8 0 219 0.0221469787242923 0.351080480399011 0.626772540876697 0 0
  1 9 8 0 28 0.0221469787242923 0.351080480399011 0.626772540876697 0 0
  1 10 8 0 128 2.35875759519946e-05 0.358257538589274 0.641718873834774 0 0
  1 11 8 0 263 0.000695918287954562 0.263804900820838 0.47245071299206 0.263048467899148 0
  1 12 8 0 108 0.00200699394645031 0.187008683403829 0.609755700392036 0.201228622257685 0
  1 13 8 0 147 0.00733808714731026 0.435422157411 0.55723975544169 0 0
  1 14 8 0 232 0.008908422168194 0.306071940652079 0.431089084221682 0.253930552958045 0
  1 15 8 0 170 0.0079031842022298 0.648247399042733 0.343849416755037 0 0
  1 16 8 0 132 0 0.294287576997437 0.705712423002563 0 0
  1 17 8 0 370 0.00181172501165149 0.541469466525755 0.236935559041886 0.219783249420707 0
  1 18 8 0 344 0.000777731830477224 0.404693706442275 0.594528561727248 0 0
  1 19 8 0 397 0.00377515621811523 0.15096212710336 0.597897604747486 0.247365111931038 0
  1 20 8 0 518 0.000702528792800634 0.304101711248232 0.695195759958967 0 0
  1 21 8 0 849 0.000620916170514026 0.215513039239581 0.783866044589905 0 0
  1 22 8 0 514 0.00272372133400854 0.219297547565651 0.77797873110034 0 0
  1 23 8 0 791 0.00249848832990688 0.220507921151288 0.504034345144516 0.27295924537429 0
  1 24 8 0 853 0 0.172713564891981 0.603118265939916 0.224168169168103 0
  1 25 8 0 831 0.00327828634851923 0.278486171646088 0.587687729870788 0.130547812134606 0
  1 26 8 0 531 0.000122004782587477 0.126636084134498 0.718317798057684 0.154924113025231 0
  1 27 8 0 455 0.00164882737505176 0.142705130939982 0.746409345864756 0.10923669582021 0
  1 28 8 0 391 0.000499804369501836 0.218914313841804 0.477719579457536 0.302866302331158 0
  1 29 8 0 376 0 0.135141759734655 0.653841841351131 0.211016398914214 0
  1 30 8 0 379 0.0031422329583185 0.229330074008488 0.767527693033193 0 0
  1 31 8 0 757 0.00325059196855721 0.24536975886342 0.751379649168022 0 0
  1 32 8 0 1174 0.00449547218628719 0.318180558122343 0.677323969691369 0 0
  1 33 8 0 1169 0.00196108695060058 0.274603621352847 0.723435291696552 0 0
  1 34 8 0 1019 0.010613010240877 0.203825183903072 0.785561805856051 0 0
  1 35 8 0 1578 0.0136552638174995 0.301954038380322 0.684390697802179 0 0
  1 36 8 0 491 0.000272518919625995 0.291756030162394 0.625447271676836 0.0825241792411438 0
  1 37 8 0 190 0 0.11833143121785 0.679237168990556 0.202431399791594 0
  1 38 8 0 678 0.000422620475390924 0.286220668806421 0.713356710718188 0 0
  1 39 8 0 344 0.0031942583437293 0.122909639760354 0.658337568728919 0.215558533166998 0
  1 40 8 0 118 0.00119603803448696 0.0459961373462279 0.441065882358558 0.511741942260727 0
  1 41 8 0 218 0.0052863773281654 0.0886821230791098 0.906031499592725 0 0
  1 42 8 0 352 0.00747932927983842 0.222670467694768 0.537301971345017 0.232548231680377 0
  1 1 9 0 762 0.000386357060276321 0.014957897579263 0.241281244002542 0.743374501357919 0
  1 2 9 0 1133 0.00224406360590079 0.0888190832161538 0.116574911166458 0.737255142946996 0.0551067990644915
  1 3 9 0 721 0.000572282962318665 0.16187516645933 0.31120730634248 0.526345244235872 0
  1 4 9 0 711 0.0033329065570662 0.0850559698166537 0.172361428717289 0.307547943451604 0.431701751457387
  1 5 9 0 1240 0.0223651028469333 0.143935992961757 0.590716810133142 0.242982094058168 0
  1 6 9 0 984 0.00295576095196367 0.173138044468554 0.174023282454504 0.401444000997507 0.248438911127471
  1 7 9 0 1312 0.00483882298007033 0.117073069945992 0.0798930582931476 0.79819504878079 0
  1 8 9 0 192 0.000575143529121776 0.169601316961305 0.200752968518228 0.484069111124479 0.145001459866866
  1 8 9 0 775 0.000575143529121776 0.169601316961305 0.200752968518228 0.484069111124479 0.145001459866866
  1 9 9 0 916 0.000916631405076649 0.173374865538636 0.251567908724312 0.40921729466284 0.164923299669136
  1 9 9 0 121 0.000916631405076649 0.173374865538636 0.251567908724312 0.40921729466284 0.164923299669136
  1 10 9 0 1266 0.00509629521732995 0.110734720445721 0.490871186085785 0.327573979580225 0.0657238186709394
  1 11 9 0 848 0.0163762938870972 0.337559498250455 0.43725846679518 0.208805741067268 0
  1 12 9 0 898 0.00462547256571771 0.273457123023986 0.190429550860501 0.0658352136343445 0.465652639915451
  1 13 9 0 1227 0.000231234848324238 0.0856653622523162 0.0845269373807156 0.472257981176793 0.357318484341851
  1 14 9 0 951 0.00142406464844682 0.282985720742512 0.242052379232731 0.47353783537631 0
  1 15 9 0 690 0.00145935339250361 0.241641312410091 0.0939957249272241 0.448435632326211 0.214467976943969
  1 16 9 0 579 0 0.240010484091531 0.173482085878385 0.586507430030085 0
  1 17 9 0 474 0.0060467345228205 0.385971501895618 0.409581150766851 0.198400612814711 0
  1 18 9 0 679 0.00194616885909296 0.272470531805802 0.370178683662105 0.185373962135162 0.170030653537837
  1 19 9 0 390 0 0.236536632891091 0.606343400762762 0.157119966346147 0
  1 20 9 0 413 0 0.13884857487441 0.601886162701794 0.259265262423796 0
  1 21 9 0 758 0 0.194500159547796 0.516428357974604 0.2890714824776 0
  1 22 9 0 975 0.000987953553010294 0.183632024624193 0.544321791840382 0.271058229982414 0
  1 23 9 0 833 0 0.0895539410285022 0.296057283573946 0.614388775397552 0
  1 24 9 0 687 0 0.311626476151995 0.550034206321512 0.138339317526493 0
  1 25 9 0 1124 0.000326208313262572 0.13001685543201 0.305176292750722 0.504849443241757 0.059631200262249
  1 26 9 0 427 0 0.0718074235670561 0.359582909075372 0.510395428575114 0.0582142387824583
  1 27 9 0 997 0.00105522015315715 0.169694696312374 0.403222473002661 0.426027610531807 0
  1 28 9 0 506 0.00056387602202529 0.14413694874822 0.362261906599706 0.493037268630049 0
  1 29 9 0 822 0.00257991250400134 0.339508101763639 0.401911879029922 0.256000106702437 0
  1 30 9 0 798 0.000410511706099683 0.204913759961425 0.341732533161309 0.452943195171166 0
  1 31 9 0 1204 0 0.118827008378512 0.613416777481239 0.267756214140249 0
  1 32 9 0 2722 0 0.351881779320327 0.597238550640526 0.0508796700391461 0
  1 33 9 0 3162 0.00038885982354781 0.309020514703879 0.278046045135918 0.412544580336655 0
  1 34 9 0 2488 0.00930428894302222 0.771693151937807 0.118590110015742 0.100412449103429 0
  1 35 9 0 3081 0.00522571019425847 0.762936194353434 0.0474162599309736 0.184421835521334 0
  1 36 9 0 2878 0.00901404974853418 0.45085779203649 0.185918765051782 0.354209393163193 0
  1 37 9 0 3649 0.00052183941544022 0.888034932104831 0.111443228479729 0 0
  1 38 9 0 2105 0.000422838491625047 0.43225533652586 0.567321824982514 0 0
  1 39 9 0 2441 0.00246246953932011 0.313790683258452 0.683746847202228 0 0
  1 40 9 0 1428 0.00265882765882766 0.119867873439302 0.780143408714837 0.097329890187033 0
  1 41 9 0 1865 0.00328778508396685 0.227113838030751 0.41590236867193 0.353696008213352 0
  1 42 9 0 3778 0.0152614358118945 0.690624238147174 0.181245910053249 0.112868415987682 0
  1 1 10 0 1145 0.000662513038820445 0.567963970567506 0.338656931014068 0.0927165853796059 0
  1 2 10 0 79 0.00199038755974491 0.326856252745936 0.430802412429604 0.166333825937612 0.0740171213271026
  1 2 10 0 946 0.00199038755974491 0.326856252745936 0.430802412429604 0.166333825937612 0.0740171213271026
  1 3 10 0 1176 0.00180154346769066 0.33472552955404 0.646585794611577 0.016887132366692 0
  1 4 10 0 414 0.000308270908474367 0.503891920219489 0.495799808872037 0 0
  1 5 10 0 360 0 0.252497091740543 0.655431425247703 0.0920714830117534 0
  1 6 10 0 423 0.000250485739237576 0.438377123205134 0.561372391055628 0 0
  1 7 10 0 111 7.28533752968775e-05 0.239075636374233 0.76085151025047 0 0
  1 8 10 0 158 0.000185572167402232 0.395018597558516 0.256371983443735 0.348423846830347 0
  1 8 10 0 89 0.000185572167402232 0.395018597558516 0.256371983443735 0.348423846830347 0
  1 9 10 0 69 0 0.18186390594547 0.81813609405453 0 0
  1 9 10 0 45 0 0.18186390594547 0.81813609405453 0 0
  1 10 10 0 79 0 0.0754369963894563 0.924563003610544 0 0
  1 11 10 0 38 1.69199011877771e-05 0.111603668234578 0.620909613887855 0.26746979797638 0
  1 12 10 0 215 0.000148375657489632 0.228683982105896 0.771167642236615 0 0
  1 13 10 0 216 0.000329658452226546 0.0731895806312149 0.926480760916559 0 0
  1 14 10 0 217 0.000199988334013849 0.489596440207655 0.510203571458332 0 0
  1 15 10 0 178 5.71830019442221e-05 0.0709967814138906 0.793683728985247 0.135262306598918 0
  1 16 10 0 105 0 0.585288839111015 0.414711160888985 0 0
  1 17 10 0 249 0.0016415843581772 0.528590163333058 0.469768252308765 0 0
  1 18 10 0 144 0.000444910227003085 0.430060112315115 0.569494977457882 0 0
  1 19 10 0 158 0.00208300068223716 0.120719687622476 0.877197311695287 0 0
  1 20 10 0 367 0 0.597290573159984 0.402709426840016 0 0
  1 21 10 0 907 0.000696353307678212 0.293893164742533 0.599445666116914 0.105964815832875 0
  1 22 10 0 925 0.00135648039731178 0.284940416488085 0.713703103114603 0 0
  1 23 10 0 534 0.00018954314179604 0.230075758024487 0.659947757171542 0.109786941662175 0
  1 24 10 0 1098 7.55151001155962e-05 0.360869236890869 0.496209722859583 0.142845525149433 0
  1 25 10 0 529 0.000339076246334311 0.312994868035191 0.686666055718475 0 0
  1 26 10 0 509 0 0.157453679574046 0.420240978630775 0.422305341795178 0
  1 27 10 0 627 4.85436893203884e-05 0.22377253814147 0.657323162274619 0.118855755894591 0
  1 28 10 0 382 0.00419702011571784 0.225639795745021 0.700592579268719 0.0695706048705419 0
  1 29 10 0 1217 0.000261301280376274 0.678428227746592 0.321310470973032 0 0
  1 30 10 0 2018 0 0.347739939200926 0.652260060799074 0 0
  1 31 10 0 1314 0 0.0780036206145879 0.921996379385412 0 0
  1 32 10 0 2077 0 0.264386980520489 0.735613019479511 0 0
  1 33 10 0 1030 6.73664855697025e-05 0.113179658491546 0.779105293816945 0.107647681205939 0
  1 34 10 0 912 0.000544720199819312 0.27515677313068 0.724298506669501 0 0
  1 35 10 0 879 0.000367060445116972 0.199081599784258 0.800551339770625 0 0
  1 36 10 0 389 0.00056965763053783 0.12424285184198 0.821336552682878 0.0538509378446037 0
  1 37 10 0 437 0 0.112870455570034 0.887129544429966 0 0
  1 38 10 0 160 0.000472034282646724 0.0160121433133104 0.824884536712235 0.158631285691808 0
  1 39 10 0 364 0.000165797293678022 0.162914971495619 0.836919231210703 0 0
  1 40 10 0 709 0.00860811796159767 0.121384590456129 0.870007291582273 0 0
  1 41 10 0 241 0.0102256896071329 0.37091111730287 0.618863193089997 0 0
  1 42 10 0 292 0.00266506093957337 0.846496950233611 0.150837988826816 0 0
  2 1 1 0 521 0.00799204440423609 0.291761029657769 0.522067475681413 0.178179450256582 0
  2 2 1 0 398 0.0124384068548347 0.248007105020116 0.531645608621538 0.207908879503511 0
  2 2 1 0 227 0.0124384068548347 0.248007105020116 0.531645608621538 0.207908879503511 0
  2 3 1 0 325 0.00233293045582362 0.250715005430266 0.475258336009649 0.271693728104261 0
  2 3 1 0 184 0.00233293045582362 0.250715005430266 0.475258336009649 0.271693728104261 0
  2 4 1 0 602 0.0429381270545283 0.154713738688952 0.479655445346872 0.322692688909647 0
  2 5 1 0 1525 0.0107462423309228 0.185358080954946 0.415649088768228 0.388246587945903 0
  2 6 1 0 417 0.0104165064006325 0.129443505044224 0.556038352675272 0.304101635879872 0
  2 7 1 0 378 0.0153392996573938 0.0737514823820601 0.735772423592129 0.175136794368417 0
  2 8 1 0 470 0.0106663153670787 0.204536835746129 0.592733169589509 0.192063679297283 0
  2 9 1 0 420 0.0213982579916334 0.0983172471170807 0.516031836822855 0.364252658068431 0
  2 10 1 0 259 0.0084481966193286 0.222191401154126 0.562348248151123 0.207012154075422 0
  2 10 1 0 2 0.0084481966193286 0.222191401154126 0.562348248151123 0.207012154075422 0
  2 11 1 0 526 0.0220369756114593 0.343908102163021 0.435056126813429 0.198998795412091 0
  2 12 1 0 371 0.0202268775190022 0.232241451173626 0.633591093905926 0.113940577401446 0
  2 13 1 0 487 0.00603665716131835 0.307933852737665 0.686029490101017 0 0
  2 14 1 0 393 0.0251754213156151 0.212065834482512 0.709920661926679 0.0528380822751939 0
  2 15 1 0 213 0.0135250144067616 0.361627056965402 0.624847928627836 0 0
  2 16 1 0 193 0.00390790680814728 0.320171824580482 0.269746467188717 0.406173801422654 0
  2 17 1 0 94 0.0192860195748066 0.224935352971948 0.755778627453245 0 0
  2 18 1 0 206 0.00579072683981897 0.627543212344826 0.366666060815355 0 0
  2 19 1 0 201 0.00648268312581541 0.217204308478229 0.776313008395956 0 0
  2 20 1 0 174 0.0133256191560441 0.251078655765018 0.570326828879301 0.165268896199637 0
  2 21 1 0 351 0.00974201658286437 0.337671905697446 0.502548408311412 0.150037669408278 0
  2 22 1 0 172 0.00806068345338607 0.436477433805692 0.555461882740922 0 0
  2 23 1 0 306 0.0117552727414017 0.393195858809567 0.518056777119605 0.0769920913294267 0
  2 24 1 0 118 0.00933928841230685 0.370195328661336 0.497351703142231 0.123113679784126 0
  2 25 1 0 142 0.00150436106354632 0.382576437377408 0.615919201559046 0 0
  2 26 1 0 162 0.0103291490066855 0.272926435352203 0.716744415641111 0 0
  2 27 1 0 700 0.0609325289154191 0.332782690118215 0.606284780966366 0 0
  2 28 1 0 144 0.0144608176646739 0.364215447779239 0.29397886872393 0.327344865832158 0
  2 29 1 0 309 0.0025561695286218 0.51596525122607 0.481478579245309 0 0
  2 30 1 0 379 0.0223012363403876 0.557170577958987 0.420528185700626 0 0
  2 31 1 0 338 0.00723286032473103 0.593657277327856 0.399109862347413 0 0
  2 32 1 0 662 0.0725949472317449 0.403404007695535 0.52400104507272 0 0
  2 33 1 0 270 0.0148615337416747 0.365160833473054 0.619977632785271 0 0
  2 34 1 0 187 0.0118381570413947 0.349193403045902 0.638968439912704 0 0
  2 35 1 0 278 0.033917905011655 0.572948535839161 0.393133559149184 0 0
  2 36 1 0 792 0.0133909076095812 0.986609092390419 0 0 0
  2 37 1 0 210 0.0541071318117152 0.880837508504979 0.0650553596833055 0 0
  2 38 1 0 149 0.0645730852959962 0.521343227182895 0.414083687521109 0 0
  2 39 1 0 485 0.00578974721315496 0.798147164104151 0.196063088682694 0 0
  2 40 1 0 513 0.015738448955632 0.775824639961057 0.208436911083311 0 0
  2 41 1 0 160 0.0225063654962963 0.110002147396341 0.867491487107363 0 0
  2 42 1 0 597 0.0514373262135654 0.948562673786435 0 0 0
  2 1 2 0 422 0 0.0368715620571209 0.460738392063606 0.502390045879273 0
  2 2 2 0 77 0.00645499524886137 0 0.660703168517972 0.332841836233166 0
  2 2 2 0 1008 0.00645499524886137 0 0.660703168517972 0.332841836233166 0
  2 3 2 0 319 0 0.0048869133862135 0.400211193241816 0.59490189337197 0
  2 3 2 0 321 0 0.0048869133862135 0.400211193241816 0.59490189337197 0
  2 4 2 0 590 0 0.00334152546026818 0.0303396139639834 0.966318860575748 0
  2 5 2 0 53 0 0 0.109499876410975 0.890500123589025 0
  2 6 2 0 12 0 0 0.305767318528339 0.694232681471661 0
  2 7 2 0 218 0 0.0552613059742953 0.672210081854884 0.272528612170821 0
  2 8 2 0 353 0.000743356253484482 0.043888992132813 0.955367651613703 0 0
  2 9 2 0 531 0.00279035158429962 0 0.966546784894897 0.0306628635208036 0
  2 10 2 0 82 0 0.066054753820034 0.74570246179966 0.188242784380306 0
  2 10 2 0 18 0 0.066054753820034 0.74570246179966 0.188242784380306 0
  2 11 2 0 74 0.00143988480921526 0.0979121670266379 0.463762898968083 0.436885049196064 0
  2 12 2 0 196 0 0.261753137291628 0.341075107698071 0.397171755010302 0
  2 13 2 0 315 0.000353127882146685 0.0184291210023847 0.0672604754347627 0.883592432261763 0.0303648434189426
  2 14 2 0 845 0.00304904482529407 0.127062801653131 0.151238403514349 0.718649750007225 0
  2 15 2 0 1564 0.000153518450998829 0.435320757613556 0.205810673370306 0.35871505056514 0
  2 16 2 0 3414 0.000210899274506496 0.0051258566527674 0.279421453075916 0.71524179099681 0
  2 17 2 0 2507 1.21978590317827e-05 0.041053114357368 0.289652800140519 0.669281887643081 0
  2 18 2 0 1322 0 0.0452248382096358 0.208092646271697 0.746682515518668 0
  2 19 2 0 1195 0 0.270390745228451 0.66638954239117 0.0632197123803796 0
  2 20 2 0 1939 0.000450653447498873 0.023369600206013 0.597778002593557 0.378401743752932 0
  2 21 2 0 3247 0 0.117382017438501 0.398501561414557 0.484116421146942 0
  2 22 2 0 2227 0.00140011707193596 0.0555735733835372 0.203111898622032 0.739914410922495 0
  2 23 2 0 4825 0.0073835030279511 0.213764156820294 0.300047997875839 0.478804342275916 0
  2 24 2 0 2660 0 0.0218698790139814 0.723370872703183 0.254759248282835 0
  2 25 2 0 4241 0.40510391198044 0.0102978130942679 0.452135968486824 0.132462306438468 0
  2 26 2 0 237 0.00203804347826087 0.145656419836957 0.383491847826087 0.468813688858696 0
  2 27 2 0 1398 0.00514507422402159 0.449371626180837 0.150598852901484 0.394884446693657 0
  2 28 2 0 392 0.020363345977241 0.181123976841685 0.683819125573967 0.114693551607107 0
  2 29 2 0 531 0.0323680621131046 0.0794774944916588 0.461166194523135 0.426988248872102 0
  2 30 2 0 572 0.00149616607443426 0.10261205660495 0.610809799887787 0.285081977432828 0
  2 31 2 0 3699 0.0270952640334477 0 0.50340070958529 0.469504026381262 0
  2 32 2 0 871 0.000207203784922471 0.0297337431363746 0.667576061056049 0.302482992022654 0
  2 33 2 0 27932 0 0.841877165670667 0.0594887761763672 0.0986340581529654 0
  2 34 2 0 37726 0 0.382203683127197 0.603256889925135 0.0145394269476675 0
  2 35 2 0 13146 0.00817345880587794 0.000263393054145889 0.987364028507127 0.00419911963284939 0
  2 36 2 0 27155 0 0.870477853176368 0.102775435028541 0.0267467117950914 0
  2 37 2 0 14133 0 0.0295345485533077 0.947324428342922 0.0231410231037702 0
  2 38 2 0 8919 0 0.0298802254154058 0.631108775617446 0.339010998967148 0
  2 39 2 0 1284 0 0.00940001468752295 0.410540745636582 0.580059239675895 0
  2 40 2 0 7126 0.00698234349919743 0.0174730566383857 0.472139417564779 0.503405182297638 0
  2 41 2 0 223 0.00298234078527146 0 0.532265639676874 0.464752019537855 0
  2 42 2 0 3311 0.00773343517280886 0 0.992266564827191 0 0
  2 2 3 0 18 0 0 1 0 0
  2 3 3 0 14 0 0 0.154344874405974 0.845655125594026 0
  2 4 3 0 36 0 0 0 1 0
  2 5 3 0 1 0 1 0 0 0
  2 6 3 0 66 0 0.0865502450980392 0.913449754901961 0 0
  2 8 3 0 858 0 0.632710088350113 0.367289911649887 0 0
  2 9 3 0 12 0 0.159919897010442 0.840080102989558 0 0
  2 10 3 0 7 0 0 0.391197462331483 0.608802537668517 0
  2 12 3 0 1 0 0 0 1 0
  2 14 3 0 59 0 1 0 0 0
  2 15 3 0 7 0 0.22118026520129 0 0.77881973479871 0
  2 16 3 0 315 0 0 0.740394249841523 0.259605750158477 0
  2 17 3 0 143 0 0.032493649449619 0.30040749364945 0.667098856900931 0
  2 18 3 0 148 0 0.772705707625982 0.227294292374018 0 0
  2 19 3 0 461 0 0.614082975745729 0.385917024254271 0 0
  2 20 3 0 1657 0 0.926217021197217 0.0388999085951636 0.0348830702076196 0
  2 21 3 0 623 0 0.600787192641075 0.399212807358924 0 0
  2 22 3 0 3109 0 0.746721393532886 0.188891991717205 0.0643866147499091 0
  2 23 3 0 9668 0 0.93652687680157 0.0634731231984303 0 0
  2 24 3 0 12467 0 0.957869840939807 0.0421301590601934 0 0
  2 25 3 0 275 0 0.321427419094634 0.678572580905366 0 0
  2 26 3 0 84 0 1 0 0 0
  2 27 3 0 18 0 1 0 0 0
  2 29 3 0 45 0 1 0 0 0
  2 30 3 0 2846 0 0.607047558250878 0.392952441749122 0 0
  2 31 3 0 77 0 0.0741040249954053 0.925895975004595 0 0
  2 32 3 0 552 0 0.301780347633526 0.698219652366474 0 0
  2 33 3 0 657 0 0.341915911477578 0.658084088522422 0 0
  2 34 3 0 187 0 0.109173775340168 0.890826224659832 0 0
  2 35 3 0 8849 0 0.86376217467389 0.13623782532611 0 0
  2 36 3 0 1721 0 0.526036633576386 0.473963366423614 0 0
  2 37 3 0 317 0 0.241882008776207 0.758117991223793 0 0
  2 38 3 0 9667 0 0.828571428571429 0.171428571428571 0 0
  2 39 3 0 2028 0 0.0733868191346108 0.926613180865389 0 0
  2 40 3 0 10903 0 0.800190268070757 0.199809731929243 0 0
  2 41 3 0 1216 0 0.213324592313366 0.758149635335573 0.0285257723510612 0
  2 42 3 0 5578 0 0.424419088864829 0.575580911135171 0 0
  2 1 4 0 6 0.00664415220948362 0 0.447295785976762 0.546060061813754 0
  2 2 4 0 5 0.000474768595785474 0 0.0391493092662642 0.473914558024089 0.486461364113861
  2 2 4 0 8 0.000474768595785474 0 0.0391493092662642 0.473914558024089 0.486461364113861
  2 3 4 0 2 0 0.237339291313892 0.762660708686108 0 0
  2 3 4 0 6 0 0.237339291313892 0.762660708686108 0 0
  2 4 4 0 43 0.0138393025487818 0.178740729297306 0.455386891040885 0.352033077113027 0
  2 5 4 0 10 0.00222670482087848 0.0124689215180372 0.14788040843771 0.232332567121703 0.605091398101672
  2 6 4 0 6 0 0.0807853306167809 0.458255232450454 0 0.460959436932765
  2 7 4 0 4 0 0 0.343424047207787 0.656575952792213 0
  2 8 4 0 1 0 0 1 0 0
  2 9 4 0 8 0 0.0997363979245244 0.557734585009065 0 0.342529017066411
  2 10 4 0 7 0.0126384060696982 0.00870434242670087 0.865659431554998 0.112997819948603 0
  2 10 4 0 1 0.0126384060696982 0.00870434242670087 0.865659431554998 0.112997819948603 0
  2 11 4 0 5 0 0.118986506832619 0.881013493167381 0 0
  2 12 4 0 1 0 0 1 0 0
  2 13 4 0 11 0 0.010956481559969 0.143951746272353 0.394408404844653 0.450683367323025
  2 14 4 0 2 0 1 0 0 0
  2 15 4 0 1 0 1 0 0 0
  2 16 4 0 7 0 1 0 0 0
  2 17 4 0 8 0.00621389611286277 0.0791542964105161 0.174142520693808 0.740489286782813 0
  2 18 4 0 5 0.00764361958912192 0.247401169339699 0.74495521107118 0 0
  2 19 4 0 5 0 0.0998970133882595 0.90010298661174 0 0
  2 20 4 0 3 0 0.167131694437507 0 0.832868305562493 0
  2 21 4 0 4 0.216288794260943 0.783711205739057 0 0 0
  2 22 4 0 6 0.0232504323679146 0.262252454144642 0.344146590992132 0.370350522495311 0
  2 23 4 0 6 0.0288561183030941 0.0677750727879855 0.234369088546379 0.668999720362542 0
  2 24 4 0 12 0.0806786587612635 0.919321341238736 0 0 0
  2 25 4 0 20 0 0.498465895680906 0.501534104319094 0 0
  2 26 4 0 12 0.0109594101620823 0.0210953253190081 0.96794526451891 0 0
  2 27 4 0 4 0 1 0 0 0
  2 28 4 0 7 0 0.101510660738842 0.898489339261158 0 0
  2 29 4 0 10 0 0.129959908214304 0.188805239003764 0.681234852781932 0
  2 30 4 0 14 0.0140485141124016 0.318798377931257 0.667153107956341 0 0
  2 31 4 0 2 0.159592723944629 0.840407276055371 0 0 0
  2 32 4 0 44 0.0237929458865511 0.390685175917666 0.585521878195783 0 0
  2 33 4 0 8 0.016241424431394 0.107334754434318 0.0742700300020721 0.802153791132216 0
  2 34 4 0 46 0.00346312658171647 0.426324695249794 0.570212178168489 0 0
  2 35 4 0 25 0.00834598932716557 0.253479817753689 0.508482999168652 0.229691193750493 0
  2 36 4 0 84 0.0044130174705217 0.221796023629195 0.360401081840992 0.413389877059292 0
  2 37 4 0 30 0.00551744689272541 0.154066543753433 0.656753612045345 0.183662397308496 0
  2 38 4 0 33 0.0151589732961133 0.0684080649235413 0.916432961780346 0 0
  2 39 4 0 147 0.0136480310524009 0.661872724175535 0.173178867245453 0.151300377526611 0
  2 40 4 0 142 0.00455926068839447 0.599800384141964 0.395640355169641 0 0
  2 41 4 0 136 0 0.149086875153693 0.82566878790449 0.0252443369418174 0
  2 42 4 0 63 0.00638382544051863 0.255123490529118 0.268569815040795 0.469922868989569 0
  2 1 5 0 1079 0.000370841810910767 0.13756827999559 0.632717268198811 0.229343609994688 0
  2 2 5 0 4324 0.0349606071156767 0.0918900265289585 0.524043986923473 0.273297571105928 0.0758078083259642
  2 2 5 0 138 0.0349606071156767 0.0918900265289585 0.524043986923473 0.273297571105928 0.0758078083259642
  2 3 5 0 2992 0.00821489401104361 0.257164394387945 0.335082644520317 0.399538067080694 0
  2 3 5 0 92 0.00821489401104361 0.257164394387945 0.335082644520317 0.399538067080694 0
  2 4 5 0 1546 0.0122532255621956 0.189073777298499 0.389670212996108 0.409002784143198 0
  2 5 5 0 588 0.00263836307054601 0.0957259577840717 0.419906608304804 0.28099414368165 0.200734927158928
  2 6 5 0 322 0.00198482580166543 0.0698808480359944 0.458020399301299 0.414563770776695 0.0555501560843471
  2 7 5 0 325 0.00357802849778729 0.0868161260516462 0.321325925205466 0.5882799202451 0
  2 8 5 0 669 0 0.143865500591441 0.0124858852292 0.655163283845244 0.188485330334115
  2 9 5 0 471 0.00508647708296292 0.164872977523977 0.40661137432497 0.42342917106809 0
  2 10 5 0 390 0 0.166466137496404 0.280154131113483 0.408545235271026 0.144834496119087
  2 11 5 0 248 0.01882969188215 0.169026301332896 0.607241299549919 0.204902707235035 0
  2 12 5 0 512 0.00275081683644052 0.226536544850498 0.527621427198594 0 0.243091211114467
  2 13 5 0 722 0.00239696616839227 0.0652562826925089 0.626475263741028 0.305871487398071 0
  2 14 5 0 320 0 0.230844291454826 0.499247454307154 0.269908254238021 0
  2 15 5 0 126 0 0.130855545680888 0.425116856509026 0.444027597810085 0
  2 16 5 0 215 0.0163947833031063 0.234621471970597 0.748983744726297 0 0
  2 17 5 0 912 0.0201401722926495 0.219050205771036 0.760809621936314 0 0
  2 18 5 0 606 0.0157937280261175 0.10820567553993 0.259888247112004 0.616112349321949 0
  2 19 5 0 1788 0.00130592551240131 0.218043039051493 0.780651035436106 0 0
  2 20 5 0 1183 0 0.354818115918152 0.321592144716465 0.323589739365383 0
  2 21 5 0 468 0.00196592944312549 0.322974717814153 0.405085592902661 0.26997375984006 0
  2 22 5 0 990 0.0224241518807873 0.153445058630882 0.328365160689334 0.495765628798997 0
  2 23 5 0 1230 0.0121207261332725 0.498386987336463 0.069504499781025 0.41998778674924 0
  2 24 5 0 1452 0.109216618566119 0.266524095259847 0.312982995245313 0.311276290928721 0
  2 25 5 0 2166 0.0175622281810516 0.593733122352874 0.388704649466074 0 0
  2 26 5 0 1288 0.00359431783932428 0.439533012676011 0.343664610042669 0.213208059441996 0
  2 27 5 0 10388 0.483998023153071 0.0655624279274557 0.235767450915789 0.214672098003684 0
  2 28 5 0 5008 0.0679076450801737 0.534365304856145 0.397727050063682 0 0
  2 29 5 0 2760 0.062118977205845 0.433463156594465 0.0197823038300284 0.484635562369662 0
  2 30 5 0 6020 0.0109154615066057 0.766033162540296 0.223051375953098 0 0
  2 31 5 0 3450 0.00337067339897854 0.532039789821767 0.464589536779255 0 0
  2 32 5 0 2998 0 0.364470602366224 0.635529397633776 0 0
  2 33 5 0 2378 0.0188710957362387 0.169307981813965 0.811820922449796 0 0
  2 34 5 0 12298 0.639560156134507 0.0387694185216289 0.321670425343864 0 0
  2 35 5 0 15361 0.328269955776043 0.616893854918114 0.0548361893058432 0 0
  2 36 5 0 10219 0.174798014150134 0.616299987922168 0.208901997927698 0 0
  2 37 5 0 113921 0.984702870799353 0.015297129200647 0 0 0
  2 38 5 0 62579 0.0703056797267591 0.929694320273241 0 0 0
  2 39 5 0 27692 0.522606287746771 0.477393712253229 0 0 0
  2 40 5 0 16779 0.333687016795521 0.603489736070381 0.0628232471340976 0 0
  2 41 5 0 7715 0.0847677493389213 0.687777528314125 0.227454722346954 0 0
  2 42 5 0 6553 0.0542124952637112 0.603376506940331 0.342410997795958 0 0
  2 1 6 0 2932 0.0223539835071219 0.977646016492878 0 0 0
  2 2 6 0 1040 0.0417581842903462 0.46294843635603 0.495293379353624 0 0
  2 2 6 0 1149 0.0417581842903462 0.46294843635603 0.495293379353624 0 0
  2 3 6 0 2437 0.033882314334352 0.914904526529524 0.051213159136124 0 0
  2 3 6 0 763 0.033882314334352 0.914904526529524 0.051213159136124 0 0
  2 4 6 0 4462 0.029724111866969 0.970275888133031 0 0 0
  2 5 6 0 226 0.0178993799143387 0.706386243048009 0.275714377037653 0 0
  2 6 6 0 1107 0.153096909566614 0.432116674869829 0.414786415563557 0 0
  2 7 6 0 670 0.0358110768803132 0.964188923119687 0 0 0
  2 8 6 0 589 0.0727935555947551 0.927206444405245 0 0 0
  2 9 6 0 2883 0.277332154361144 0.722667845638856 0 0 0
  2 10 6 0 2554 0.0219869549228715 0.752143534557842 0.225869510519287 0 0
  2 10 6 0 79 0.0219869549228715 0.752143534557842 0.225869510519287 0 0
  2 11 6 0 358 0.033028679483139 0.898581783800819 0.0683895367160416 0 0
  2 12 6 0 961 0.390479732242469 0.609520267757531 0 0 0
  2 13 6 0 2801 0.00660531393795458 0.993394686062045 0 0 0
  2 14 6 0 1043 0.110805444585317 0.889194555414683 0 0 0
  2 15 6 0 388 0.270877239199157 0.729122760800843 0 0 0
  2 16 6 0 2316 0.0255698340490284 0.974430165950972 0 0 0
  2 17 6 0 2167 0.0017185299443364 0.998281470055664 0 0 0
  2 18 6 0 1518 0.121231728478574 0.878768271521426 0 0 0
  2 19 6 0 12167 0.015275588476788 0.984724411523212 0 0 0
  2 20 6 0 216 0.0332609145458307 0.966739085454169 0 0 0
  2 21 6 0 1339 0.441066500489629 0.558933499510371 0 0 0
  2 22 6 0 2851 0.0249843299486022 0.924633320797292 0.0503823492541056 0 0
  2 23 6 0 2243 0.0636342699216951 0.936365730078305 0 0 0
  2 24 6 0 877 0.0522607066469915 0.947739293353008 0 0 0
  2 25 6 0 879 0.066895251157209 0.933104748842791 0 0 0
  2 26 6 0 617 0.31331527401542 0.578162117107731 0.108522608876849 0 0
  2 27 6 0 332 0.357173295454545 0.642826704545455 0 0 0
  2 28 6 0 445 0.0194250086595081 0.980574991340492 0 0 0
  2 29 6 0 417 0.103301506959623 0.896698493040377 0 0 0
  2 30 6 0 186 0.19005994005994 0.80994005994006 0 0 0
  2 31 6 0 852 0.131169911798968 0.868830088201032 0 0 0
  2 32 6 0 10819 0.0176286697014095 0.98237133029859 0 0 0
  2 33 6 0 14971 0.870933099992045 0.129066900007955 0 0 0
  2 34 6 0 24124 0.376810771536261 0.623189228463739 0 0 0
  2 35 6 0 25640 0.814594330961671 0.142260299518017 0.0431453695203121 0 0
  2 36 6 0 27462 0.054834212223529 0.945165787776471 0 0 0
  2 37 6 0 24309 0.476944863333928 0.507558928291525 0.0154962083745467 0 0
  2 38 6 0 12508 0.0213903743315508 0.95350191943406 0.0251077062343889 0 0
  2 39 6 0 11045 0.118102442450081 0.867426441720166 0.0144711158297529 0 0
  2 40 6 0 7450 0.119667723994709 0.880332276005291 0 0 0
  2 41 6 0 7287 0.475489682012561 0.524510317987439 0 0 0
  2 42 6 0 11812 0.565109745745584 0.434890254254416 0 0 0
  2 1 7 0 1441 0.000630215449393601 0.130533987528987 0.703996722487616 0.164839074534003 0
  2 2 7 0 937 0.00267081982650899 0.0627291330882486 0.596144805230084 0.338455241855159 0
  2 2 7 0 230 0.00267081982650899 0.0627291330882486 0.596144805230084 0.338455241855159 0
  2 3 7 0 4610 0.000272755677259151 0.120237337133389 0.398507952727642 0.48098195446171 0
  2 3 7 0 54 0.000272755677259151 0.120237337133389 0.398507952727642 0.48098195446171 0
  2 4 7 0 15767 0.0366991767405775 0.145979765672025 0.639192189429833 0.178128868157565 0
  2 5 7 0 2075 0.00626823005832863 0.0420620685537115 0.447912769336239 0.503756932051721 0
  2 6 7 0 4278 0.0312344980188339 0.134585498893635 0.352071219060361 0.48210878402717 0
  2 7 7 0 1085 0.00973295267475792 0.291751796176276 0.321636200450115 0.376879050698851 0
  2 8 7 0 4079 0.0166610066419732 0.351538078803339 0.233440478917066 0.398360435637622 0
  2 9 7 0 4221 0.00377769439470593 0.186418526790828 0.320772075201575 0.489031703612891 0
  2 10 7 0 6243 0.0222089667654043 0.242628065306725 0.316964893247645 0.418198074680226 0
  2 11 7 0 7321 0.0167643043065934 0.407409587097035 0.575826108596372 0 0
  2 12 7 0 3932 0.0602229161574347 0.348470212707554 0.200840216406702 0.390466654728309 0
  2 13 7 0 14409 0.00118634259259259 0.590627117208672 0.235017219963866 0.173169320234869 0
  2 14 7 0 5082 0.024795949733982 0.241001179707516 0.589432749412829 0.144770121145673 0
  2 15 7 0 5068 0.0235513324814209 0.439999666849899 0.443333547501255 0.0931154531674246 0
  2 16 7 0 6037 0.00558410168962933 0.389078777269732 0.547673930211619 0.05766319082902 0
  2 17 7 0 8623 0.058575010179836 0.314957104277403 0.626467885542761 0 0
  2 18 7 0 1735 0.00463604971453433 0.30179095183105 0.693572998454416 0 0
  2 19 7 0 2631 0.00109609184010794 0.489446076388445 0.509457831771447 0 0
  2 20 7 0 3002 0.00115205881972221 0.327173917733508 0.67167402344677 0 0
  2 21 7 0 3421 0.00331012486669476 0.379940208025421 0.550974537957615 0.0657751291502694 0
  2 22 7 0 2717 0.00300709344681172 0.357582633783915 0.639410272769273 0 0
  2 23 7 0 348 0.00134522031131522 0.209592378092558 0.720953275846578 0.0681091257495489 0
  2 24 7 0 230 0 0.0191301786286731 0.980869821371327 0 0
  2 25 7 0 4557 0.00552150439477322 0.515087417299149 0.479391078306078 0 0
  2 26 7 0 893 0.00425550631728263 0.0165184020408836 0.979226091641834 0 0
  2 27 7 0 137 0 0.0342839997129954 0.965716000287005 0 0
  2 28 7 0 413 0.00505159380926655 0.0069437595622883 0.988004646628445 0 0
  2 29 7 0 591 0.00334015094087752 0.00154945626004167 0.995110392799081 0 0
  2 30 7 0 131 0.00428708582726815 0 0.995712914172732 0 0
  2 31 7 0 42 0.00586942071310261 0.0102445841687734 0.983885995118124 0 0
  2 32 7 0 154 0.00364943495248919 0.0726849498962067 0.923665615151304 0 0
  2 33 7 0 124 0.00636077270484648 0.02133287790808 0.972306349387073 0 0
  2 34 7 0 1798 0.0942731994097759 0.333825186768755 0.571901613821469 0 0
  2 35 7 0 755 0.0259931430910673 0.081013867330752 0.892992989578181 0 0
  2 36 7 0 632 0.114232260028108 0.463741260932227 0.422026479039665 0 0
  2 37 7 0 5616 0.00496959133960219 0.678463900732767 0.316566507927631 0 0
  2 38 7 0 530 0.147087016721696 0.852912983278304 0 0 0
  2 39 7 0 7758 0.0115730766663228 0.517892449887425 0.470534473446252 0 0
  2 40 7 0 47 0.0310244633986316 0.198193777464121 0.770781759137248 0 0
  2 41 7 0 2240 0 0.340449662362896 0.659550337637104 0 0
  2 42 7 0 15 0 0.180744267523076 0.819255732476924 0 0
  2 1 8 0 299 0.00595360674229827 0.297412931959219 0.644218977159911 0.0524144841385712 0
  2 2 8 0 103 0.00114768080676316 0.170261269849234 0.751872036725786 0.0767190126182174 0
  2 2 8 0 106 0.00114768080676316 0.170261269849234 0.751872036725786 0.0767190126182174 0
  2 3 8 0 316 0.00481171813545129 0.1635000888122 0.696259103250527 0.135429089801822 0
  2 3 8 0 199 0.00481171813545129 0.1635000888122 0.696259103250527 0.135429089801822 0
  2 4 8 0 499 0.00977992826184427 0.330064016340358 0.660156055397798 0 0
  2 5 8 0 264 0.00347367554940239 0.279697064010789 0.634988605914907 0.0818406545249006 0
  2 6 8 0 524 0.00166535678077769 0.380656734907339 0.490506005510286 0.127171902801598 0
  2 7 8 0 466 0.0037632692707972 0.208792062721155 0.475273711232915 0.312170956775134 0
  2 8 8 0 394 0.001682426712201 0.409848473977989 0.426163349643426 0.162305749666384 0
  2 9 8 0 354 0.0096720748032537 0.27202104502472 0.718306880172026 0 0
  2 10 8 0 246 0.00767259012488457 0.873984827431452 0.118342582443664 0 0
  2 10 8 0 4 0.00767259012488457 0.873984827431452 0.118342582443664 0 0
  2 11 8 0 346 0.00147960189029513 0.317682279693155 0.680838118416549 0 0
  2 12 8 0 218 0.00271987218502739 0.308340941367417 0.688939186447555 0 0
  2 13 8 0 208 0.00479618129717322 0.625076959327471 0.370126859375356 0 0
  2 14 8 0 243 0.00731443803034605 0.265208510772531 0.653441531812877 0.0740355193842466 0
  2 15 8 0 158 0.00381427224918738 0.558081764607429 0.438103963143383 0 0
  2 16 8 0 78 0.0264640316717387 0.129711679878641 0.609597720818803 0.234226567630817 0
  2 17 8 0 101 0.0111724390935317 0.523245343427438 0.465582217479031 0 0
  2 18 8 0 168 0.0245611574690882 0.457700488511792 0.51773835401912 0 0
  2 19 8 0 173 0.00329371169939839 0.523582527643652 0.47312376065695 0 0
  2 20 8 0 124 0.00575987160016568 0.225963861659533 0.232090466657462 0.536185800082839 0
  2 21 8 0 152 0.00202228450142634 0.23024693346505 0.767730782033523 0 0
  2 22 8 0 266 0.00639226657186829 0.131888246840851 0.86171948658728 0 0
  2 23 8 0 333 0.0085903682171264 0.520122974768585 0.254152817737547 0.217133839276742 0
  2 24 8 0 159 0.00503324873569585 0.10871817269103 0.633206658801661 0.253041919771613 0
  2 25 8 0 345 0.00208023359248164 0.122500428811335 0.760023215646229 0.115396121949955 0
  2 26 8 0 85 0.0087924008860771 0.110176212658505 0.881031386455418 0 0
  2 27 8 0 45 0.00230026270045613 0.043544887796845 0.82098140185328 0.133173447649419 0
  2 28 8 0 97 0.0139270188040592 0.31667818638692 0.66939479480902 0 0
  2 29 8 0 88 0.0049586556533562 0.154167092477151 0.840874251869493 0 0
  2 30 8 0 87 0.004755171248733 0.103884849774129 0.683424474115601 0.207935504861537 0
  2 31 8 0 546 0.0274072664235266 0.286330831631525 0.468886476921415 0.217375425023534 0
  2 32 8 0 537 0.0170289353454243 0.413828049287 0.569143015367576 0 0
  2 33 8 0 429 0.00625357661663072 0.244029801470265 0.573895650834177 0.175820971078928 0
  2 34 8 0 271 0.0221149258831929 0.258219504850328 0.719665569266479 0 0
  2 35 8 0 485 0.0109003927624876 0.339758420589695 0.649341186647817 0 0
  2 36 8 0 455 0.0108177599397968 0.248881642209122 0.613929651462575 0.126370946388506 0
  2 37 8 0 468 0.00729148765287047 0.251368688338881 0.741339824008249 0 0
  2 38 8 0 148 0.00915600479301148 0.0996796606238646 0.799843454060531 0.0913208805225929 0
  2 39 8 0 422 0.0225704711216243 0.0564584650312336 0.920971063847142 0 0
  2 40 8 0 587 0.0113754736433382 0.150186779493084 0.642339362941342 0.196098383922235 0
  2 41 8 0 163 0.0178619846543908 0.031937513973257 0.761971810886535 0.188228690485817 0
  2 42 8 0 103 0.00284826702261958 0.0767801065444969 0.556442755867309 0.363928870565574 0
  2 1 9 0 371 0 0.00678899204658117 0.487033915785584 0.506177092167835 0
  2 2 9 0 142 0 0.0121866182434419 0.0560243588343381 0.857662363224593 0.0741266596976269
  2 2 9 0 50 0 0.0121866182434419 0.0560243588343381 0.857662363224593 0.0741266596976269
  2 3 9 0 123 0.000371279114110765 0.0223328704336626 0.26686189999928 0.569121953676455 0.141311996776491
  2 3 9 0 49 0.000371279114110765 0.0223328704336626 0.26686189999928 0.569121953676455 0.141311996776491
  2 4 9 0 392 0.00259957334558782 0.129977916391654 0.145213428575934 0.632065759744458 0.0901433219423664
  2 5 9 0 657 0.00147735978093439 0.145584766941473 0.166706081189046 0.686231792088547 0
  2 6 9 0 1016 0.000479050556427322 0.110416824486409 0.22550150605126 0.663602618905903 0
  2 7 9 0 701 0.00273217715942244 0.10743034403993 0.251451613863764 0.495100410322852 0.143285454614031
  2 8 9 0 2035 0.00839791102538233 0.369379287503872 0.186302680523654 0.435920120947092 0
  2 9 9 0 1115 0.00382249662451838 0.255532801631452 0.337462784324105 0.326716129008651 0.0764657884112733
  2 10 9 0 1314 0.00289249042784487 0.158672500817722 0.377465992393584 0.237051936557616 0.223917079803234
  2 10 9 0 2 0.00289249042784487 0.158672500817722 0.377465992393584 0.237051936557616 0.223917079803234
  2 11 9 0 3395 0.00582645993138303 0.305856632670313 0.314009774926974 0.153047316577059 0.221259815894271
  2 12 9 0 1383 0.0019405720460451 0.198681732580038 0.162361842348199 0.467653569505907 0.169362283519811
  2 13 9 0 1706 0 0.384678496644608 0.0709540984996538 0.447718973323946 0.0966484315317929
  2 14 9 0 1162 0.000683189424556956 0.225771175050534 0.227309233169846 0.461538551991186 0.0846978503638777
  2 15 9 0 1242 0 0.418837802966958 0.227470942305456 0.353691254727586 0
  2 16 9 0 1004 0.00486522540903206 0.387485777062816 0.310454349276102 0.29719464825205 0
  2 17 9 0 499 0 0.229528326303511 0.168104737064162 0.28016313757376 0.322203799058567
  2 18 9 0 388 0 0.356916021407956 0.354031426979131 0.178918020231079 0.110134531381834
  2 19 9 0 911 0.00212283218936265 0.306699568056344 0.467592181353102 0.223585418401191 0
  2 20 9 0 370 0.000376282116435527 0.291973296944978 0.561095024209645 0.146555396728941 0
  2 21 9 0 279 0.00126847661932225 0.0756403861837471 0.559138380656912 0.363952756540018 0
  2 22 9 0 418 0.000695467672540815 0.101555961572464 0.672925089880356 0.224823480874639 0
  2 23 9 0 400 0.000265022879134599 0.131375627228151 0.538842580812167 0.329516769080547 0
  2 24 9 0 542 0.00161572534245496 0.287493497690695 0.275998991156859 0.434891785809991 0
  2 25 9 0 251 0 0.195939830511738 0.382918684918985 0.421141484569276 0
  2 26 9 0 438 0 0.300461663947798 0.35947634584013 0.340061990212072 0
  2 27 9 0 216 0.000176379963236176 0.218562371314619 0.255897330063305 0.52536391865884 0
  2 28 9 0 279 0.000618809253904973 0.196492635851452 0.405490950312695 0.397397604581948 0
  2 29 9 0 453 0.000918328425337911 0.313055990917949 0.452195401488487 0.233830279168226 0
  2 30 9 0 454 0 0.374923524392007 0.468088139499429 0.156988336108565 0
  2 31 9 0 456 0 0.247022692146965 0.295202212832572 0.457775095020463 0
  2 32 9 0 2641 0.00485905816294631 0.26613143983523 0.487090927915259 0.241918574086564 0
  2 33 9 0 1066 0.00227615098271728 0.31054196203979 0.282269832925096 0.404912054052397 0
  2 34 9 0 1838 0.00145946076765321 0.301690638511455 0.364949371337537 0.331900529383354 0
  2 35 9 0 2837 0.00298230016066301 0.389855022092566 0.225746668176503 0.381416009570268 0
  2 36 9 0 2522 0.0106695527671616 0.477965299151081 0.246276817623251 0.265088330458507 0
  2 37 9 0 2189 0.000720406238835168 0.500084925938724 0.168768339610044 0.330426328212397 0
  2 38 9 0 2065 0.0039636550455208 0.498198881693708 0.289635056990609 0.208202406270162 0
  2 39 9 0 1249 0.00191139538759489 0.210541983460626 0.591913061968059 0.19563355918372 0
  2 40 9 0 1874 0 0.138924373646768 0.581462264150943 0.279613362202289 0
  2 41 9 0 1099 0 0.0970083493334229 0.511049106277634 0.391942544388943 0
  2 42 9 0 2649 0.00959841442121655 0.20697583879949 0.612738898589024 0.170686848190269 0
  2 1 10 0 257 0.00280318762478476 0.261766237035257 0.580763267944691 0.154667307395267 0
  2 2 10 0 387 0.00285722515049397 0.189561911345373 0.732572942769089 0.0750079207350442 0
  2 2 10 0 59 0.00285722515049397 0.189561911345373 0.732572942769089 0.0750079207350442 0
  2 3 10 0 702 0.00236444302754975 0.382800669482745 0.513620785845222 0.101214101644483 0
  2 3 10 0 233 0.00236444302754975 0.382800669482745 0.513620785845222 0.101214101644483 0
  2 4 10 0 456 0.00106493047669518 0.186256845080374 0.81267822444293 0 0
  2 5 10 0 348 0.000719756296600419 0.379093613936915 0.569099138826797 0.0510874909396875 0
  2 6 10 0 390 0.00151528957555018 0.133720086530122 0.819602919885391 0.0451617040089365 0
  2 7 10 0 171 0 0.058061320754717 0.941938679245283 0 0
  2 8 10 0 170 0.00312677503989613 0.13120012983149 0.865673095128614 0 0
  2 9 10 0 141 0.0033858089284048 0.167790826323998 0.671069995601114 0.157753369146483 0
  2 10 10 0 46 0 0.00414608895515586 0.732376645184939 0.263477265859905 0
  2 10 10 0 3 0 0.00414608895515586 0.732376645184939 0.263477265859905 0
  2 11 10 0 125 0.00261601028362663 0.122636757951393 0.735414615078142 0.139332616686838 0
  2 12 10 0 122 0.000861383829779134 0.188276613666973 0.810862002503248 0 0
  2 13 10 0 240 0 0.0827250279369886 0.820302079953859 0.0969728921091525 0
  2 14 10 0 187 0.00966067908727463 0.0257469625934051 0.96459235831932 0 0
  2 15 10 0 212 0.00130441709483411 0.251324331859641 0.648300274823754 0.0990709762217708 0
  2 16 10 0 63 0.00330367611559418 0.0409338575074143 0.955762466376991 0 0
  2 17 10 0 203 0 0.192721347093971 0.807278652906029 0 0
  2 18 10 0 366 0.000668900886634951 0.364714795678081 0.634616303435284 0 0
  2 19 10 0 291 0.00157108296570371 0.111319197381528 0.887109719652768 0 0
  2 20 10 0 394 0.00184757006720401 0.124359833178469 0.730119713896752 0.143672882857575 0
  2 21 10 0 285 0.000763284479711489 0.339615489039952 0.585224041924297 0.0743971845560399 0
  2 22 10 0 835 0.00589576395674224 0.390715667311412 0.603388568731846 0 0
  2 23 10 0 746 0.00225421652869718 0.206129753275286 0.791616030196017 0 0
  2 24 10 0 582 0.000197820023342763 0.169408122490158 0.740474965876046 0.0899190916104528 0
  2 25 10 0 1100 0.0111446245079495 0.174313685394407 0.814541690097643 0 0
  2 26 10 0 690 0.00507046930577995 0.0910193942257955 0.903910136468425 0 0
  2 27 10 0 184 0.00115358149952103 0.154667620114144 0.844178798386335 0 0
  2 28 10 0 380 0.000606401323976224 0.288773363821844 0.372772580553468 0.337847654300712 0
  2 29 10 0 318 0.00848764388416226 0.172539259579879 0.818973096535959 0 0
  2 30 10 0 1081 0.00435271523513507 0.600832638415081 0.394814646349784 0 0
  2 31 10 0 709 0.000500115880508898 0.0920823117551628 0.907417572364328 0 0
  2 32 10 0 1510 0.00654561895660573 0.0771704840880833 0.916283896955311 0 0
  2 33 10 0 1804 0.0023028951677525 0.200707243145316 0.796989861686932 0 0
  2 34 10 0 870 0.00284886832247301 0.155739446595524 0.841411685082003 0 0
  2 35 10 0 1126 0.0117428731134712 0.108838457238681 0.879418669647848 0 0
  2 36 10 0 448 0.00489327501775635 0.084213674255168 0.867197487944376 0.0436955627826997 0
  2 37 10 0 214 0.00328139624511369 0.208346638771128 0.788371964983758 0 0
  2 38 10 0 186 0.00214878601627933 0.131043795581324 0.866807418402396 0 0
  2 39 10 0 240 0.00278705292153499 0.0350952197983581 0.895201398397039 0.0669163288830683 0
  2 40 10 0 88 0.00312147653616081 0.0311425603883517 0.860566642413201 0.105169320662286 0
  2 41 10 0 25 0.00750646389946899 0.0842253051238566 0.459826517278768 0.448441713697907 0
  2 42 10 0 206 0.0349576431149299 0.0519910001057035 0.913051356779367 0 0
# end survey length observations 
#  
# Fishery catch data 
# Number of observations, init_int Ncatch_obs
  420
# init_matrix obs_catch_biomass(1,Ncatch_obs,1,6) 
# Fleet	Area	Year	Species	Catch(biomass t)	CV 
  1 1 1 1 17350.0256202777 0.05
  1 1 2 1 17853.0582765076 0.05
  1 1 3 1 24001.1482556493 0.05
  1 1 4 1 20101.4686548759 0.05
  1 1 5 1 29158.4259626596 0.05
  1 1 6 1 23111.9132190529 0.05
  1 1 7 1 15830.2347563758 0.05
  1 1 8 1 23906.2335842259 0.05
  1 1 9 1 17559.4539075942 0.05
  1 1 10 1 20203.3435924506 0.05
  1 1 11 1 25782.8195811783 0.05
  1 1 12 1 21093.6134103244 0.05
  1 1 13 1 28417.3976726207 0.05
  1 1 14 1 25521.9739872109 0.05
  1 1 15 1 19653.1786062495 0.05
  1 1 16 1 15679.5457910602 0.05
  1 1 17 1 9684.87219051858 0.05
  1 1 18 1 4631.60830501546 0.05
  1 1 19 1 5645.64037219919 0.05
  1 1 20 1 6490.83287586803 0.05
  1 1 21 1 5428.37913841999 0.05
  1 1 22 1 6159.63906817499 0.05
  1 1 23 1 5726.6013940504 0.05
  1 1 24 1 8040.88312839125 0.05
  1 1 25 1 6608.81111708538 0.05
  1 1 26 1 7792.39569235524 0.05
  1 1 27 1 3087.0748664214 0.05
  1 1 28 1 2260.82474229225 0.05
  1 1 29 1 2558.63396553097 0.05
  1 1 30 1 3806.53712219672 0.05
  1 1 31 1 5067.78127029375 0.05
  1 1 32 1 4096.84282185017 0.05
  1 1 33 1 2357.78226345762 0.05
  1 1 34 1 2489.21170471604 0.05
  1 1 35 1 1403.66167371651 0.05
  1 1 36 1 686.986410002788 0.05
  1 1 37 1 1115.64403568413 0.05
  1 1 38 1 1043.38232657067 0.05
  1 1 39 1 883.015820848177 0.05
  1 1 40 1 626.020550314572 0.05
  1 1 41 1 719.155301970205 0.05
  1 1 42 1 374.454652246033 0.05
  1 1 1 4 2042.76892570428 0.05
  1 1 2 4 1957.97459342967 0.05
  1 1 3 4 1766.45891224931 0.05
  1 1 4 4 1721.54352139648 0.05
  1 1 5 4 1737.45888548542 0.05
  1 1 6 4 1265.83666877176 0.05
  1 1 7 4 1362.71071030978 0.05
  1 1 8 4 2409.21103554926 0.05
  1 1 9 4 2273.56176812175 0.05
  1 1 10 4 2488.86702259688 0.05
  1 1 11 4 3542.86852297272 0.05
  1 1 12 4 5319.64518597664 0.05
  1 1 13 4 5443.28414173202 0.05
  1 1 14 4 3559.05667631723 0.05
  1 1 15 4 4405.88398383039 0.05
  1 1 16 4 5896.15835507386 0.05
  1 1 17 4 4128.51189127099 0.05
  1 1 18 4 4333.23069011525 0.05
  1 1 19 4 4159.21596430029 0.05
  1 1 20 4 4505.69532233229 0.05
  1 1 21 4 3719.86834451515 0.05
  1 1 22 4 4451.30744573282 0.05
  1 1 23 4 4136.86385332967 0.05
  1 1 24 4 3821.11935286806 0.05
  1 1 25 4 3922.29456837985 0.05
  1 1 26 4 4499.99590141154 0.05
  1 1 27 4 3317.46574412209 0.05
  1 1 28 4 3859.81739779621 0.05
  1 1 29 4 3697.77245860119 0.05
  1 1 30 4 2092.15419790887 0.05
  1 1 31 4 1696.61338336257 0.05
  1 1 32 4 1277.46469907149 0.05
  1 1 33 4 942.41531395681 0.05
  1 1 34 4 1183.91017612116 0.05
  1 1 35 4 1749.43821492573 0.05
  1 1 36 4 1028.27159254286 0.05
  1 1 37 4 1134.41450437719 0.05
  1 1 38 4 1205.55151032299 0.05
  1 1 39 4 1546.51529841208 0.05
  1 1 40 4 1850.04604411213 0.05
  1 1 41 4 1434.9412066939 0.05
  1 1 42 4 1155.68987107764 0.05
  1 1 1 5 12026.0100188049 0.05
  1 1 2 5 8643.45037397193 0.05
  1 1 3 5 14171.9957261077 0.05
  1 1 4 5 10505.1969777613 0.05
  1 1 5 5 8160.28821931575 0.05
  1 1 6 5 5740.20710789185 0.05
  1 1 7 5 3801.47844718377 0.05
  1 1 8 5 6345.96832074433 0.05
  1 1 9 5 6106.36424376783 0.05
  1 1 10 5 6255.06199737925 0.05
  1 1 11 5 7783.07606359424 0.05
  1 1 12 5 3621.3988898935 0.05
  1 1 13 5 4524.40670503983 0.05
  1 1 14 5 5686.9762147796 0.05
  1 1 15 5 4805.45998155893 0.05
  1 1 16 5 3783.89840590722 0.05
  1 1 17 5 14022.933231856 0.05
  1 1 18 5 2208.83640774923 0.05
  1 1 19 5 3495.36631352954 0.05
  1 1 20 5 2631.08691045477 0.05
  1 1 21 5 4192.10089081753 0.05
  1 1 22 5 4030.57469862199 0.05
  1 1 23 5 5670.65218030235 0.05
  1 1 24 5 7381.90964082729 0.05
  1 1 25 5 8298.56641605691 0.05
  1 1 26 5 8828.90681659024 0.05
  1 1 27 5 13538.5144923752 0.05
  1 1 28 5 14645.4241625106 0.05
  1 1 29 5 11672.2443664151 0.05
  1 1 30 5 12320.9145154443 0.05
  1 1 31 5 6784.39120188246 0.05
  1 1 32 5 6623.75754300885 0.05
  1 1 33 5 19040.8907491182 0.05
  1 1 34 5 12712.1991273665 0.05
  1 1 35 5 5145.88454627059 0.05
  1 1 36 5 1008.8987028596 0.05
  1 1 37 5 13064.1390963248 0.05
  1 1 38 5 14067.0416027864 0.05
  1 1 39 5 12393.4910937632 0.05
  1 1 40 5 11386.2332926438 0.05
  1 1 41 5 11388.7323401213 0.05
  1 1 42 5 2326.01924100198 0.05
  1 1 1 6 12107.7208590261 0.05
  1 1 2 6 3723.41354949517 0.05
  1 1 3 6 4456.90691017534 0.05
  1 1 4 6 4043.44214024169 0.05
  1 1 5 6 7795.40731923673 0.05
  1 1 6 6 6850.3996998903 0.05
  1 1 7 6 5314.68252954344 0.05
  1 1 8 6 5369.53285639251 0.05
  1 1 9 6 5824.02571570364 0.05
  1 1 10 6 5705.59915498491 0.05
  1 1 11 6 8148.60661264748 0.05
  1 1 12 6 9737.06829462589 0.05
  1 1 13 6 8018.66065339622 0.05
  1 1 14 6 7669.55311572882 0.05
  1 1 15 6 6675.80205147179 0.05
  1 1 16 6 18304.2774382615 0.05
  1 1 17 6 17124.1238439075 0.05
  1 1 18 6 2744.46199838023 0.05
  1 1 19 6 4884.82871896474 0.05
  1 1 20 6 6493.25367769453 0.05
  1 1 21 6 9775.21182438406 0.05
  1 1 22 6 6268.7014838361 0.05
  1 1 23 6 11887.6805618574 0.05
  1 1 24 6 4313.77893860191 0.05
  1 1 25 6 2193.72525355894 0.05
  1 1 26 6 5382.28844914943 0.05
  1 1 27 6 3838.69529900489 0.05
  1 1 28 6 3600.48587513511 0.05
  1 1 29 6 2051.01701292849 0.05
  1 1 30 6 2051.70041740293 0.05
  1 1 31 6 4595.55981988409 0.05
  1 1 32 6 3572.95064212997 0.05
  1 1 33 6 3739.56525803874 0.05
  1 1 34 6 4074.04715165339 0.05
  1 1 35 6 2895.07860289775 0.05
  1 1 36 6 3394.77227947448 0.05
  1 1 37 6 3683.37467407689 0.05
  1 1 38 6 2998.84536447918 0.05
  1 1 39 6 2840.40980023918 0.05
  1 1 40 6 2283.55066256314 0.05
  1 1 41 6 2072.77364049667 0.05
  1 1 42 6 1931.63299852396 0.05
  1 1 1 7 6005.5381350045 0.05
  1 1 2 7 5000.39744939462 0.05
  1 1 3 7 6958.30020298246 0.05
  1 1 4 7 6847.20442048414 0.05
  1 1 5 7 8671.53952595457 0.05
  1 1 6 7 8372.18047930161 0.05
  1 1 7 7 6544.63739484756 0.05
  1 1 8 7 6711.06446822866 0.05
  1 1 9 7 6690.77420571481 0.05
  1 1 10 7 7019.43314900859 0.05
  1 1 11 7 8509.97817487895 0.05
  1 1 12 7 11244.7410747459 0.05
  1 1 13 7 16334.9543808152 0.05
  1 1 14 7 16999.7020929718 0.05
  1 1 15 7 10547.3831228215 0.05
  1 1 16 7 6565.34633465736 0.05
  1 1 17 7 15561.1465363664 0.05
  1 1 18 7 8486.16698131269 0.05
  1 1 19 7 9356.91464028691 0.05
  1 1 20 7 13635.403932731 0.05
  1 1 21 7 5734.67601533309 0.05
  1 1 22 7 5230.32299451817 0.05
  1 1 23 7 9756.70737253154 0.05
  1 1 24 7 8872.45130580666 0.05
  1 1 25 7 7961.31488085209 0.05
  1 1 26 7 5737.33068886666 0.05
  1 1 27 7 4002.17763302246 0.05
  1 1 28 7 1970.38804364801 0.05
  1 1 29 7 6265.93263869158 0.05
  1 1 30 7 3864.16370814335 0.05
  1 1 31 7 2272.16005379502 0.05
  1 1 32 7 4078.18235642461 0.05
  1 1 33 7 3169.58171955526 0.05
  1 1 34 7 3606.96382159409 0.05
  1 1 35 7 4524.17873746803 0.05
  1 1 36 7 3349.65815475033 0.05
  1 1 37 7 5238.85366428384 0.05
  1 1 38 7 4738.63877808637 0.05
  1 1 39 7 6350.33841593054 0.05
  1 1 40 7 5083.74387194457 0.05
  1 1 41 7 3783.24165278369 0.05
  1 1 42 7 2868.57019491606 0.05
  1 1 1 8 4611.49943063341 0.05
  1 1 2 8 4360.92188803649 0.05
  1 1 3 8 7639.6817646428 0.05
  1 1 4 8 7705.78930094411 0.05
  1 1 5 8 5807.1263337513 0.05
  1 1 6 8 5927.21736979804 0.05
  1 1 7 8 5438.00491459915 0.05
  1 1 8 8 4856.39318060199 0.05
  1 1 9 8 3850.03868816135 0.05
  1 1 10 8 4687.92446009906 0.05
  1 1 11 8 4529.20033810901 0.05
  1 1 12 8 3604.22080702678 0.05
  1 1 13 8 3939.2452532381 0.05
  1 1 14 8 4288.07016368648 0.05
  1 1 15 8 3452.70038584868 0.05
  1 1 16 8 4351.4464833484 0.05
  1 1 17 8 2026.66976058194 0.05
  1 1 18 8 2554.89594231682 0.05
  1 1 19 8 2780.87396770659 0.05
  1 1 20 8 3503.22964067549 0.05
  1 1 21 8 3111.74379340277 0.05
  1 1 22 8 2610.81210328695 0.05
  1 1 23 8 3144.26301935844 0.05
  1 1 24 8 5392.67716091968 0.05
  1 1 25 8 3587.35222302206 0.05
  1 1 26 8 4469.63471097948 0.05
  1 1 27 8 3253.37376948848 0.05
  1 1 28 8 2312.64710245917 0.05
  1 1 29 8 1367.38776904391 0.05
  1 1 30 8 1342.40038106464 0.05
  1 1 31 8 2408.37989637503 0.05
  1 1 32 8 2298.00323562514 0.05
  1 1 33 8 1543.97002999483 0.05
  1 1 34 8 1777.81199351131 0.05
  1 1 35 8 1802.89552623697 0.05
  1 1 36 8 1746.05327770018 0.05
  1 1 37 8 1210.48648141178 0.05
  1 1 38 8 1029.05884414854 0.05
  1 1 39 8 633.025011182021 0.05
  1 1 40 8 557.519774650389 0.05
  1 1 41 8 486.456020762088 0.05
  1 1 42 8 311.170535708394 0.05
  1 1 1 9 14848.3079476267 0.05
  1 1 2 9 10898.9253354963 0.05
  1 1 3 9 15222.7542433501 0.05
  1 1 4 9 13103.0217278141 0.05
  1 1 5 9 11946.5454092709 0.05
  1 1 6 9 9513.92118156222 0.05
  1 1 7 9 5745.12537138069 0.05
  1 1 8 9 9661.03344162297 0.05
  1 1 9 9 8627.74318885715 0.05
  1 1 10 9 9305.49789437595 0.05
  1 1 11 9 10575.6477821873 0.05
  1 1 12 9 3874.99342855222 0.05
  1 1 13 9 13358.4936132869 0.05
  1 1 14 9 12810.093211281 0.05
  1 1 15 9 11150.0622748726 0.05
  1 1 16 9 9471.61026080935 0.05
  1 1 17 9 8911.9360539131 0.05
  1 1 18 9 4866.16539858224 0.05
  1 1 19 9 9003.86948770408 0.05
  1 1 20 9 2527.63981760822 0.05
  1 1 21 9 7951.29571605753 0.05
  1 1 22 9 7650.20989224225 0.05
  1 1 23 9 6679.32089731125 0.05
  1 1 24 9 30865.7239271292 0.05
  1 1 25 9 10261.3784963641 0.05
  1 1 26 9 31227.100224418 0.05
  1 1 27 9 10601.6612409401 0.05
  1 1 28 9 8867.36928159482 0.05
  1 1 29 9 8116.59792368344 0.05
  1 1 30 9 15390.8204200883 0.05
  1 1 31 9 13443.8767956523 0.05
  1 1 32 9 22163.5083873474 0.05
  1 1 33 9 16151.6147556563 0.05
  1 1 34 9 12605.968630935 0.05
  1 1 35 9 8427.33388529153 0.05
  1 1 36 9 3526.59308470024 0.05
  1 1 37 9 9708.11527046607 0.05
  1 1 38 9 12115.006424778 0.05
  1 1 39 9 10428.1984805223 0.05
  1 1 40 9 12161.8341501052 0.05
  1 1 41 9 10692.3859408824 0.05
  1 1 42 9 4983.1392802899 0.05
  1 1 1 10 3892.73375926719 0.05
  1 1 2 10 4935.94290182179 0.05
  1 1 3 10 7190.31014782669 0.05
  1 1 4 10 5544.3864324572 0.05
  1 1 5 10 7276.12677969284 0.05
  1 1 6 10 8751.11911681662 0.05
  1 1 7 10 4113.9729537932 0.05
  1 1 8 10 3680.6064134709 0.05
  1 1 9 10 4369.89844483501 0.05
  1 1 10 10 3700.99258724758 0.05
  1 1 11 10 2695.10526921089 0.05
  1 1 12 10 2919.09304312953 0.05
  1 1 13 10 9297.45440569603 0.05
  1 1 14 10 4292.22293407731 0.05
  1 1 15 10 3300.32859113892 0.05
  1 1 16 10 2588.32950177464 0.05
  1 1 17 10 2825.22975526801 0.05
  1 1 18 10 966.763744692939 0.05
  1 1 19 10 1483.40331235763 0.05
  1 1 20 10 2115.75875214201 0.05
  1 1 21 10 3254.73209661801 0.05
  1 1 22 10 4077.74581847529 0.05
  1 1 23 10 6775.02580112751 0.05
  1 1 24 10 6253.84096030694 0.05
  1 1 25 10 4755.82501407936 0.05
  1 1 26 10 3409.81713002753 0.05
  1 1 27 10 5854.70045306658 0.05
  1 1 28 10 3137.56453919151 0.05
  1 1 29 10 1474.58235736299 0.05
  1 1 30 10 1578.26097098329 0.05
  1 1 31 10 1825.64727002155 0.05
  1 1 32 10 1982.63038003231 0.05
  1 1 33 10 1048.19110260486 0.05
  1 1 34 10 1112.01513432494 0.05
  1 1 35 10 715.100998404212 0.05
  1 1 36 10 238.644521124057 0.05
  1 1 37 10 187.4680718001 0.05
  1 1 38 10 127.070214835077 0.05
  1 1 39 10 52.6040457828429 0.05
  1 1 40 10 61.6248846981626 0.05
  1 1 41 10 46.2122315047613 0.05
  1 1 42 10 17.1304681694998 0.05
  2 1 1 2 1346.33379547618 0.05
  2 1 2 2 799.979504605844 0.05
  2 1 3 2 1364.67729816786 0.05
  2 1 4 2 881.777085325514 0.05
  2 1 5 2 1265.66691480758 0.05
  2 1 6 2 1171.05704620398 0.05
  2 1 7 2 736.610230485805 0.05
  2 1 8 2 938.335325957831 0.05
  2 1 9 2 875.2553849 0.05
  2 1 10 2 817.347086103546 0.05
  2 1 11 2 1040.40115105221 0.05
  2 1 12 2 932.400217178829 0.05
  2 1 13 2 2867.05036989973 0.05
  2 1 14 2 1674.05216224225 0.05
  2 1 15 2 906.503727890806 0.05
  2 1 16 2 2300.64480258338 0.05
  2 1 17 2 2007.27559099622 0.05
  2 1 18 2 25.0015194481519 0.05
  2 1 19 2 3608.59354195378 0.05
  2 1 20 2 6493.87097851048 0.05
  2 1 21 2 17815.5229322986 0.05
  2 1 22 2 15924.7981827493 0.05
  2 1 23 2 10632.3080334932 0.05
  2 1 24 2 29178.8898051922 0.05
  2 1 25 2 11800.8626457634 0.05
  2 1 26 2 15249.980495185 0.05
  2 1 27 2 12575.6407879655 0.05
  2 1 28 2 10829.3858811569 0.05
  2 1 29 2 11731.4569578417 0.05
  2 1 30 2 8470.24704169314 0.05
  2 1 31 2 8653.7023295754 0.05
  2 1 32 2 17570.2678609805 0.05
  2 1 33 2 12251.3232361036 0.05
  2 1 34 2 21914.3642171266 0.05
  2 1 35 2 23370.2574833911 0.05
  2 1 36 2 24659.0697023952 0.05
  2 1 37 2 21763.8145580952 0.05
  2 1 38 2 20662.8132662469 0.05
  2 1 39 2 12412.1623909705 0.05
  2 1 40 2 8697.22891843343 0.05
  2 1 41 2 6657.84639408822 0.05
  2 1 42 2 1729.10774176494 0.05
  2 1 1 3 483.689109068294 0.05
  2 1 2 3 260.393258699526 0.05
  2 1 3 3 355.313876219743 0.05
  2 1 4 3 399.817458663356 0.05
  2 1 5 3 2915.90067089953 0.05
  2 1 6 3 3557.06707042192 0.05
  2 1 7 3 2672.92033229518 0.05
  2 1 8 3 2631.05181802578 0.05
  2 1 9 3 3441.35099451754 0.05
  2 1 10 3 2482.60272880099 0.05
  2 1 11 3 3378.66014955699 0.05
  2 1 12 3 621.243669734912 0.05
  2 1 13 3 2869.34065669349 0.05
  2 1 14 3 1446.60442488624 0.05
  2 1 15 3 1235.47099486385 0.05
  2 1 16 3 1085.38437039687 0.05
  2 1 17 3 17376.2779990742 0.05
  2 1 18 3 1312.97491972068 0.05
  2 1 19 3 926.526901557613 0.05
  2 1 20 3 736.711727125306 0.05
  2 1 21 3 455.441956446405 0.05
  2 1 22 3 2307.75472932644 0.05
  2 1 23 3 968.378460218318 0.05
  2 1 24 3 197.980054545155 0.05
  2 1 25 3 842.202321428438 0.05
  2 1 26 3 2059.73479225169 0.05
  2 1 27 3 2663.00058762521 0.05
  2 1 28 3 615.994244981639 0.05
  2 1 29 3 1559.50333978949 0.05
  2 1 30 3 2216.07421424252 0.05
  2 1 31 3 1678.45840497098 0.05
  2 1 32 3 672.64654367941 0.05
  2 1 33 3 153.205957674883 0.05
  2 1 34 3 122.758551533118 0.05
  2 1 35 3 131.698407415538 0.05
  2 1 36 3 2097.54417488934 0.05
  2 1 37 3 2229.47327552718 0.05
  2 1 38 3 993.536995459745 0.05
  2 1 39 3 870.430486816184 0.05
  2 1 40 3 1328.68471750978 0.05
  2 1 41 3 979.123788454434 0.05
  2 1 42 3 258.827604232194 0.05
# end catch observations 
#  
# Fishery size comp data 
# Number of observations, init_int Ncatch_size_obs 
  395
# init_matrix obs_catch_size(1,Ncatch_size_obs,1,ncol) 
# Fleet Area  Year  Species Type (0=whole, 1=retained, 2=discard) InpN, proportion by size bin 
  1 1 1 1 0 6737 0 0.133553091519958 0.713881852404047 0.149891750518826 0.00267330555716858
  1 1 2 1 0 6975 0 0.0773879016089071 0.565408613130237 0.350159878862698 0.00704360639815772
  1 1 3 1 0 4949 0 0.151209955212673 0.516605896029166 0.322782912095088 0.00940123666307226
  1 1 4 1 0 4303 0 0.150827389933902 0.536768990848558 0.28191510688597 0.0304885123315693
  1 1 5 1 0 11861 4.35658684658404e-05 0.26973416185279 0.475707568307015 0.238708058119552 0.0158066458521772
  1 1 6 1 0 12503 0 0.193777657808625 0.58073103397167 0.188526363561555 0.0369649446581505
  1 1 7 1 0 8717 0 0.0945984842105101 0.619371799429908 0.266569614487678 0.0194601018719035
  1 1 8 1 0 8366 0 0.23467013141464 0.487971282225252 0.26190879052638 0.0154497958337281
  1 1 9 1 0 7515 0 0.171296645584707 0.542426439747041 0.27308042406632 0.0131964906019313
  1 1 10 1 0 6490 0 0.329739667845391 0.479326227785923 0.1835801811651 0.00735392320358475
  1 1 11 1 0 6633 0 0.187875971582654 0.64061158361202 0.165548137636621 0.00596430716870498
  1 1 12 1 0 5748 0 0.16807066681778 0.676251150024381 0.153346548958546 0.00233163419929332
  1 1 13 1 0 7108 0.000200779958282888 0.283693390503465 0.570729559045034 0.142783680763475 0.00259258972974229
  1 1 14 1 0 8560 0 0.130761304758012 0.669259507612036 0.196322366395618 0.00365682123433451
  1 1 15 1 0 6518 0 0.207632481071473 0.57017454684749 0.217188173260506 0.00500479882052974
  1 1 16 1 0 6637 0 0.217731188063819 0.589296814745094 0.187976011622417 0.00499598556866952
  1 1 17 1 0 4245 0.000258918084125907 0.136790026879841 0.693036399011326 0.162803755932981 0.00711090009172582
  1 1 18 1 0 2645 0 0.206047264150165 0.653564295053145 0.13700831366758 0.00338012712910966
  1 1 19 1 0 5025 0.000202140048994956 0.131391959889594 0.722684975477366 0.144999919302199 0.000721005281846647
  1 1 20 1 0 6369 0 0.138065868429362 0.711913415785528 0.14862294010838 0.00139777567673029
  1 1 21 1 0 6840 0 0.177588794582132 0.675835272759014 0.144943597011611 0.00163233564724349
  1 1 22 1 0 6291 0 0.179682522035551 0.699540622744553 0.120337813716194 0.000439041503702652
  1 1 23 1 0 11510 0 0.142007076849006 0.728604956419429 0.129387966731565 0
  1 1 24 1 0 8518 0 0.20525600556256 0.687174081651234 0.105451245998503 0.00211866678770264
  1 1 25 1 0 7093 0 0.112153872860214 0.741322291214537 0.143915714630072 0.00260812129517723
  1 1 26 1 0 6278 0 0.0471026944297242 0.803824465786703 0.147862419577912 0.00121042020566103
  1 1 27 1 0 9271 0 0.0357502008688435 0.741372534569509 0.21063873257921 0.0122385319824369
  1 1 28 1 0 4705 0 0.0347374206713814 0.783014191853416 0.176656027492963 0.00559235998223944
  1 1 29 1 0 9431 0 0.0637923889266129 0.825206737394389 0.108943841952245 0.00205703172675305
  1 1 30 1 0 8362 0 0.0591146613341515 0.896815133122089 0.0436155892923361 0.000454616251423404
  1 1 31 1 0 8601 0 0.0885660194321716 0.86788162279887 0.0430613216668823 0.000491036102076473
  1 1 32 1 0 8943 0 0.0348861723799164 0.920400662114839 0.0441405105195486 0.000572654985696082
  1 1 33 1 0 11283 0 0.0455658220814281 0.909871537011382 0.0444384550963797 0.000124185810810431
  1 1 34 1 0 9538 0 0.0488840480387127 0.866314981202312 0.0810572482455048 0.00374372251347065
  1 1 35 1 0 6565 0 0.0927616089156447 0.850219065198974 0.0563512868821324 0.000668039003249244
  1 1 36 1 0 6293 0 0.233597559678201 0.72503421914997 0.0413682211718294 0
  1 1 37 1 0 5259 0 0.238800719460871 0.737596288770966 0.0226157562197399 0.000987235548422861
  1 1 38 1 0 9091 0 0.184275926830261 0.774836511602538 0.0406827195526129 0.000204842014587446
  1 1 39 1 0 6373 0 0.212911258217897 0.714797207618482 0.0719521819620123 0.000339352201608747
  1 1 40 1 0 7345 0 0.0254557094524741 0.869639321480566 0.10490496906696 0
  1 1 41 1 0 3807 0 0.0228287098971731 0.815290646665318 0.161880643437509 0
  1 1 42 1 0 1879 0 0.0470849097321644 0.682301097374521 0.270613992893315 0
  1 1 1 4 0 5 0 0.00588531459876954 0.445508193415462 0.512775132163092 0.0358313598226766
  1 1 2 4 0 5 0 0.00586956521370256 0.44612557437411 0.512326301931679 0.0356785584805087
  1 1 3 4 0 5 0 0.00578720746652752 0.449286164796618 0.510032032049824 0.0348945956870311
  1 1 4 4 0 5 0 0.00574628421385173 0.450794189594346 0.508941852999535 0.0345176731922674
  1 1 5 4 0 5 0 0.0659392117472657 0.65931113834599 0.261517992647087 0.0132316572596581
  1 1 6 4 0 5 0.00500223162821376 0.436390555343137 0.489537422317348 0.0690697907113017 0
  1 1 7 4 0 5 0.00647396886150673 0.477746338997158 0.454100664702258 0.0616790274390764 0
  1 1 8 4 0 5 0.00591923201790166 0.510322033083985 0.431942399837786 0.0518163350603275 0
  1 1 9 4 0 5 0.00406113857347196 0.382220384512864 0.545008516067953 0.0687099608457111 0
  1 1 10 4 0 5 0.00360077804149374 0.396975450874554 0.532502667779623 0.0669211033043302 0
  1 1 11 4 0 5 0.00402730034941375 0.412068565019342 0.519519160621797 0.0643849740094475 0
  1 1 12 4 0 5 0.00366744783198619 0.36158842938142 0.565745488174414 0.068998634612179 0
  1 1 13 4 0 5 0.0046498394649284 0.436356467779466 0.497717069038776 0.0612766237168291 0
  1 1 14 4 0 5 0.0023823727369234 0.304975157950107 0.620311244999937 0.0723312243130327 0
  1 1 15 4 0 5 0.00407212819928935 0.444522106313287 0.502851772673099 0.0485539928143247 0
  1 1 16 4 0 5 0.00340232008649499 0.383887416627618 0.563445317103165 0.0492649461827213 0
  1 1 17 4 0 5 0.00390636805610183 0.476600855013313 0.483874573612349 0.0356182033182362 0
  1 1 18 4 0 5 0.00348080730818394 0.46406597357815 0.505422876126452 0.0270303429872139 0
  1 1 19 4 0 2203 0 0.166670288607872 0.715442217664312 0.112558935783903 0.0053285579439133
  1 1 20 4 0 2520 0.0027099357077894 0.431298341418547 0.454884849061308 0.102032882675227 0.00907399113712904
  1 1 21 4 0 710 0 0.42554763799574 0.57445236200426 0 0
  1 1 22 4 0 1818 0 0.4690152642087 0.450746462902436 0.077941119881667 0.00229715300719604
  1 1 23 4 0 5877 0 0.312562934767416 0.432800740768023 0.249829585628752 0.00480673883580872
  1 1 24 4 0 6609 0.000145747670194818 0.304382194493877 0.309375542768544 0.370335499718817 0.0157610153485668
  1 1 25 4 0 7153 0 0.287354370802896 0.369383722826434 0.325375916444801 0.0178859899258688
  1 1 26 4 0 4961 0.000296744584516385 0.297243035479776 0.382538049991841 0.31107060358023 0.0088515663636366
  1 1 27 4 0 3198 9.10422348477851e-05 0.763957525824708 0.235951431940444 0 0
  1 1 28 4 0 3895 6.23905191684026e-05 0.369568343778682 0.236153236139984 0.368889905929064 0.0253261236331014
  1 1 29 4 0 4049 7.23235826302472e-05 0.439096223989017 0.354856133615439 0.200969201627336 0.00500611718557758
  1 1 30 4 0 3400 0.000100682779013148 0.601096460616546 0.192634502899798 0.194857123590417 0.0113112301142258
  1 1 31 4 0 3426 0.000106581750994153 0.392253966948247 0.243522403859995 0.359778732919238 0.00433831452152709
  1 1 32 4 0 2090 0.000129666191331227 0.42318595170518 0.218353968507037 0.358330413596452 0
  1 1 33 4 0 2770 0 0.349085143714836 0.309626734321671 0.341288121963493 0
  1 1 34 4 0 3676 9.59455142634279e-05 0.297594616326294 0.462664731322193 0.238394100589028 0.00125060624822129
  1 1 35 4 0 2648 7.13913896536464e-05 0.375100416797646 0.415661316015894 0.202448583392061 0.00671829240474494
  1 1 36 4 0 2140 0.00014460026975267 0.38997170949534 0.412710654063529 0.194491093912184 0.00268194225919467
  1 1 37 4 0 2971 0 0.398393914916333 0.355061421093952 0.245092351512463 0.00145231247725215
  1 1 38 4 0 2120 0.000858066931452374 0.371440315668749 0.338757229552163 0.288944387847635 0
  1 1 39 4 0 1960 0 0.423461469653445 0.227964751660305 0.34680345851651 0.00177032016973912
  1 1 40 4 0 2453 0.000122093101824472 0.462519403374351 0.266718164464663 0.268504179198701 0.00213615986046066
  1 1 41 4 0 2803 0 0.551065037072736 0.390126342156994 0.05880862077027 0
  1 1 42 4 0 2608 0.00014197918207352 0.432926482909723 0.411023928189914 0.15590760971829 0
  1 1 1 5 0 10102 0 0.00142402965322605 0.729491243708496 0.256346483060566 0.0127382435777125
  1 1 2 5 0 9884 0 0.00143653045914202 0.572247786821766 0.412710031645791 0.0136056510733012
  1 1 3 5 0 9235 0 0.00335237706196964 0.476678541526655 0.504308942044855 0.0156601393665205
  1 1 4 5 0 4679 0 0.00274735259470275 0.575599792478062 0.400354563756367 0.0212982911708681
  1 1 5 5 0 7714 0 0.0043182445875445 0.40841789455363 0.544600114147674 0.0426637467111523
  1 1 6 5 0 8955 0 0.000192506979490735 0.274810041206826 0.666111945788006 0.0588855060256767
  1 1 7 5 0 4762 0 0.000122489241516542 0.209414986485517 0.738270352077922 0.0521921721950452
  1 1 8 5 0 2528 0 0.000427006343629571 0.215191017115375 0.726479182362649 0.0579027941783471
  1 1 9 5 0 2276 0 0.000224102375810996 0.441260411223945 0.531236471356773 0.0272790150434709
  1 1 10 5 0 2573 0 0.00238764078024739 0.381497549973458 0.546186771409409 0.0699280378368856
  1 1 11 5 0 2542 0 0 0.504292938761119 0.480465904302354 0.0152411569365269
  1 1 12 5 0 1548 0 0.000227322258195726 0.446466604802304 0.531593199064151 0.0217128738753494
  1 1 13 5 0 2001 0 0.000999179406491484 0.475631234045561 0.508940410265617 0.0144291762823306
  1 1 14 5 0 1065 0 0 0.368368099635842 0.596632352270627 0.0349995480935317
  1 1 15 5 0 2456 0 0 0.35636350200327 0.620256345366734 0.023380152629996
  1 1 16 5 0 1140 0 0.000202013518859917 0.368655168768938 0.613529722870411 0.0176130948417912
  1 1 17 5 0 453 0 0 0.547129957764613 0.429905320886893 0.0229647213484942
  1 1 18 5 0 291 0 0 0.702189860849916 0.297810139150084 0
  1 1 19 5 0 457 0 0 0.569960624828496 0.416118159494681 0.0139212156768234
  1 1 20 5 0 2381 0 0 0.346221568270621 0.652188216899164 0.00159021483021405
  1 1 21 5 0 1628 0 0 0.240640453381931 0.758167494665487 0.00119205195258153
  1 1 22 5 0 2277 0 0 0.277703614269899 0.717501089274402 0.00479529645569897
  1 1 23 5 0 3199 0 0 0.351790921125268 0.630944044521562 0.0172650343531706
  1 1 24 5 0 5810 0 7.06858914070959e-05 0.427669273073461 0.561531514514725 0.0107285265204063
  1 1 25 5 0 3419 0 0 0.393025055206801 0.596130684206127 0.0108442605870723
  1 1 26 5 0 5760 0 2.67273315659691e-05 0.435968176636008 0.558453107979851 0.00555198805257515
  1 1 27 5 0 6833 0 0 0.584940741624741 0.413891769660731 0.00116748871452799
  1 1 28 5 0 7189 0 0 0.59462970348965 0.404155906957631 0.00121438955271931
  1 1 29 5 0 8834 0 0 0.641082155940002 0.358456947124773 0.000460896935224887
  1 1 30 5 0 7760 0 0 0.785878967559737 0.214121032440263 0
  1 1 31 5 0 9867 0 0 0.856645577900921 0.143100897345242 0.000253524753837676
  1 1 32 5 0 9542 0 0 0.830925873530677 0.168187417439377 0.000886709029945992
  1 1 33 5 0 15542 0 0 0.793250307138165 0.206594924418327 0.000154768443507468
  1 1 34 5 0 12596 0 0 0.780064790117862 0.219884893235211 5.03166469266524e-05
  1 1 35 5 0 6133 0 0.000152606563604558 0.712548821051542 0.285573771437869 0.00172480094698367
  1 1 36 5 0 6246 0 0.00413155487146873 0.866128927495846 0.129565927564891 0.000173590067794096
  1 1 37 5 0 6756 0 0.00351054967720928 0.919051281670397 0.0773200432939012 0.000118125358492836
  1 1 38 5 0 7777 0 0.00487056080492986 0.946727211086403 0.0483155766114943 8.66514971729879e-05
  1 1 39 5 0 6578 0 0.0280948405221874 0.929319089133778 0.0425860703440349 0
  1 1 40 5 0 7550 0 0.0196035174092022 0.921610493744372 0.0587348262826552 5.1162563770787e-05
  1 1 41 5 0 6294 0 0.0191570249286013 0.958151939238906 0.0226910358324927 0
  1 1 42 5 0 3287 0 0.0146483347033644 0.975476911768147 0.00987475352848813 0
  1 1 1 6 0 4442 9.64068620739541e-05 0.269289692834956 0.68764591031948 0.0429679899834906 0
  1 1 2 6 0 3668 6.80153850585151e-06 0.240159904608955 0.674549217051205 0.0852840768013345 0
  1 1 3 6 0 4898 0 0.488636698541214 0.504540105624192 0.00345831613664146 0.00336487969795313
  1 1 4 6 0 5669 0.000315783893897828 0.536761704270299 0.454220674939337 0.00870183689646633 0
  1 1 5 6 0 8644 0.000118886466475429 0.439243970307856 0.498605644591276 0.0620314986343921 0
  1 1 6 6 0 10523 0 0.419347128377742 0.561152240173251 0.0195006314490071 0
  1 1 7 6 0 8428 3.47849198386255e-05 0.392511022776065 0.567699687202761 0.0397545051013353 0
  1 1 8 6 0 11988 5.57963901988106e-05 0.425262542081977 0.520702560279284 0.0539791012485403 0
  1 1 9 6 0 12385 0.000110720668687322 0.438530112489032 0.497686546882481 0.0636726199597998 0
  1 1 10 6 0 12139 1.32567134077778e-05 0.523270197110366 0.465820556813282 0.0108959893629446 0
  1 1 11 6 0 12626 0.00014799605720161 0.633320206900843 0.346496980724315 0.0200348163176401 0
  1 1 12 6 0 8623 0 0.61972335626409 0.363428921359562 0.0168477223763476 0
  1 1 13 6 0 11450 0 0.567459446538083 0.428167492301787 0.00437306116013024 0
  1 1 14 6 0 7803 1.31554058652421e-05 0.523602955482499 0.399090458329266 0.0772934307823696 0
  1 1 15 6 0 4089 0.000526634428050151 0.520587618799513 0.388969779235366 0.0759723490534478 0.0139436184836224
  1 1 16 6 0 3512 0.000892577469146397 0.658064742840231 0.333213272365231 0.00782940732539078 0
  1 1 17 6 0 5905 0 0.713349126323125 0.286650873676875 0 0
  1 1 18 6 0 4239 0 0.466442736329619 0.403127704797717 0.130429558872664 0
  1 1 19 6 0 2963 0 0.73125230543326 0.26874769456674 0 0
  1 1 20 6 0 7550 0.000964597811077876 0.690982474124214 0.305881116982666 0.00217181108204229 0
  1 1 21 6 0 8541 0.00101822297668546 0.653856917039428 0.340010164797379 0.00511469518650709 0
  1 1 22 6 0 7576 0.000499138936452172 0.607570195756137 0.337592364207606 0.054338301099805 0
  1 1 23 6 0 4539 0 0.630728932637824 0.322256680309334 0.0470143870528427 0
  1 1 24 6 0 13640 0.000149103836899946 0.293074342125586 0.520748217763651 0.184441944419477 0.00158639185438659
  1 1 25 6 0 7464 0 0.609428111813351 0.343366991480935 0.0429452796142259 0.0042596170914871
  1 1 26 6 0 9061 0.00175459556944627 0.694635303187099 0.215412372425638 0.0881977288178169 0
  1 1 27 6 0 10941 0.000690318348033074 0.610062266541747 0.369959612410724 0.0192878026994967 0
  1 1 28 6 0 12758 3.93841029780414e-05 0.573187103169672 0.412493802511969 0.0142797102153816 0
  1 1 29 6 0 15410 0.000412081730586329 0.631471031803197 0.354196122108499 0.0139207643577178 0
  1 1 30 6 0 19860 5.90949941173915e-05 0.577119061701134 0.412676250383423 0.0101455929213265 0
  1 1 31 6 0 15454 2.87473719151942e-05 0.530926631146542 0.45340448149944 0.0156401399821025 0
  1 1 32 6 0 12303 1.08831422972996e-05 0.470962106893845 0.501960861271056 0.027066148692802 0
  1 1 33 6 0 12754 0 0.452866252162101 0.521534546310833 0.025599201527066 0
  1 1 34 6 0 12717 0 0.529147490252487 0.45977802298512 0.0110744867623928 0
  1 1 35 6 0 14943 2.25922451492493e-05 0.406193252251428 0.582075338548259 0.0117088169551637 0
  1 1 36 6 0 15792 5.92921186119022e-06 0.407616415326902 0.509164683393693 0.0825789374109846 0.000634034656559171
  1 1 37 6 0 12669 2.23861198479333e-05 0.299868125567056 0.593641380675607 0.106468107637489 0
  1 1 38 6 0 14501 0 0.314144834359587 0.567094952342532 0.118760213297881 0
  1 1 39 6 0 15260 2.1351802668657e-05 0.34619824845243 0.47363138855549 0.180149011189411 0
  1 1 40 6 0 13965 4.26768670533304e-06 0.366878289064483 0.43714906274117 0.195968380507642 0
  1 1 41 6 0 15256 1.20693334996582e-05 0.446177820361825 0.404223119516627 0.148824147744259 0.000762843043789494
  1 1 42 6 0 13201 6.65847283954713e-05 0.444784039367906 0.520298750083166 0.0348506258205327 0
  1 1 1 7 0 5 0 0 0.294609453299755 0.705390546700245 0
  1 1 2 7 0 259 0 0 0.294609453299755 0.705390546700245 0
  1 1 3 7 0 5 0 0 0.294499234814759 0.705500765185241 0
  1 1 4 7 0 100 0 0 0.551230708712356 0.448769291287644 0
  1 1 5 7 0 704 0 0 0.159531364785177 0.840468635214823 0
  1 1 6 7 0 492 0 0 0.230151652395867 0.769848347604133 0
  1 1 7 7 0 1508 0 0 0.0949676273440482 0.905032372655952 0
  1 1 8 7 0 1678 0 0 0.139686526950557 0.860313473049443 0
  1 1 9 7 0 1461 0 0.0010526486669414 0.112065445866394 0.886881905466664 0
  1 1 10 7 0 2031 0 0 0.231722794072949 0.768277205927051 0
  1 1 11 7 0 1771 0 0 0.143588697386356 0.856411302613645 0
  1 1 12 7 0 1410 0 0 0.149282354512356 0.850717645487644 0
  1 1 13 7 0 2249 0 0 0.178236225845165 0.820539385203538 0.00122438895129733
  1 1 14 7 0 1896 2.74243577713316e-05 0 0.304668020259831 0.695304555382398 0
  1 1 15 7 0 3322 0 0 0.245751970781892 0.754248029218108 0
  1 1 16 7 0 2948 0 0 0.349493645296386 0.650506354703614 0
  1 1 17 7 0 2273 0 0 0.503295618588191 0.496704381411809 0
  1 1 18 7 0 2291 0 0 0.611786294735777 0.388213705264223 0
  1 1 19 7 0 2231 2.99181666170708e-05 0 0.833977351724341 0.165992730109042 0
  1 1 20 7 0 748 3.09265349147423e-05 0 0.958373011745648 0.0415960617194368 0
  1 1 21 7 0 751 0 0.00987554077913547 0.855320821040841 0.134803638180024 0
  1 1 22 7 0 404 0 0 0.928163567882681 0.0718364321173191 0
  1 1 23 7 0 2799 0 0.000651092184525573 0.939000861211421 0.0603480466040537 0
  1 1 24 7 0 649 0 0 0.890208825762449 0.109791174237552 0
  1 1 25 7 0 398 0 0 0.83594854315786 0.16405145684214 0
  1 1 26 7 0 1215 0 0 0.86834379505798 0.13165620494202 0
  1 1 27 7 0 1210 0 0 0.744021526510239 0.255978473489761 0
  1 1 28 7 0 2897 0 9.92349847063581e-05 0.852258705597464 0.14764205941783 0
  1 1 29 7 0 4857 0 5.76169629818503e-05 0.874991191115248 0.12495119192177 0
  1 1 30 7 0 3394 1.72803753283009e-06 0 0.837035807881181 0.162962464081286 0
  1 1 31 7 0 3161 0 0 0.819945947617957 0.180054052382043 0
  1 1 32 7 0 4357 0 0 0.82006309215569 0.17993690784431 0
  1 1 33 7 0 5784 5.93368127881405e-07 0.000134877876618351 0.770405364747726 0.229459164007527 0
  1 1 34 7 0 5799 0 0.000152311922244456 0.824186386650073 0.175661301427683 0
  1 1 35 7 0 4058 0 0.000113656525383362 0.681825426366811 0.318060917107805 0
  1 1 36 7 0 5891 0 0.000104693754193867 0.685053145886049 0.314842160359757 0
  1 1 37 7 0 5069 0 7.51660223079512e-05 0.695329670676202 0.30459516330149 0
  1 1 38 7 0 4107 0 0.000116522819640316 0.830956643994187 0.168926833186172 0
  1 1 39 7 0 5420 2.7257409552116e-05 0.000108339636494219 0.766029332070534 0.233835070883419 0
  1 1 40 7 0 5576 0 9.62836279137525e-05 0.789834197721961 0.210069518650126 0
  1 1 41 7 0 4633 0 0.000304966359067802 0.749069485722882 0.250625547918051 0
  1 1 42 7 0 4382 0 0 0.793998518772878 0.206001481227122 0
  1 1 1 8 0 4186 0 0.0723295841311053 0.78602155886484 0.141648857004054 0
  1 1 2 8 0 4518 0 0.12536132785807 0.784790662003169 0.0898480101387608 0
  1 1 3 8 0 7985 0 0.201960883907429 0.752284988418137 0.0457541276744343 0
  1 1 4 8 0 5165 1.08616123921935e-07 0.253369407004235 0.671497309487481 0.0751331748921606 0
  1 1 5 8 0 11871 0 0.255769285018831 0.686637452074352 0.0575932629068168 0
  1 1 6 8 0 13080 0 0.252236032406755 0.685976320165218 0.0617876474280268 0
  1 1 7 8 0 9021 0 0.259962478616348 0.679288684505218 0.0607488368784339 0
  1 1 8 8 0 12035 0.000300145152816652 0.279288699893701 0.648134700638242 0.0722764543152402 0
  1 1 9 8 0 9445 0 0.228160180099515 0.70922463058361 0.0626151893168749 0
  1 1 10 8 0 9062 0 0.27789600571202 0.671719775980276 0.0503842183077044 0
  1 1 11 8 0 8546 0 0.273342570121377 0.66942870415627 0.0572287257223527 0
  1 1 12 8 0 5614 0 0.317119665929199 0.611580181893122 0.071300152177679 0
  1 1 13 8 0 8789 5.63019749482377e-05 0.230061818797065 0.746758870930296 0.023123008297691 0
  1 1 14 8 0 7528 0 0.265113317822374 0.682630282829319 0.0457888404742333 0.00646755887407329
  1 1 15 8 0 7956 7.03155193572613e-05 0.246161239706743 0.717431017350563 0.0363374274233371 0
  1 1 16 8 0 4469 5.51438625101307e-06 0.266223589501444 0.68354279393373 0.0502281021785755 0
  1 1 17 8 0 4711 0 0.341259217482715 0.617805998255247 0.0409347842620374 0
  1 1 18 8 0 4707 0 0.268368398782769 0.712557129181472 0.0190744720357595 0
  1 1 19 8 0 5275 0 0.323442336456071 0.639897479798062 0.0366601837458668 0
  1 1 20 8 0 6897 0 0.291398897212931 0.683894233426799 0.0247068693602697 0
  1 1 21 8 0 5402 0 0.278069333546461 0.696661465669925 0.0252692007836137 0
  1 1 22 8 0 5487 0 0.346800024146784 0.630171516282148 0.0230284595710681 0
  1 1 23 8 0 13068 0 0.237239029547315 0.713006865291871 0.0497541051608145 0
  1 1 24 8 0 10248 0 0.177851195422645 0.759494015245434 0.0626547893319202 0
  1 1 25 8 0 10773 0 0.083924728816383 0.76839953733553 0.147675733848087 0
  1 1 26 8 0 13203 0 0.0855621243061902 0.621630620036976 0.292807255656834 0
  1 1 27 8 0 14334 0 0.0550594083694343 0.675390833539353 0.269549758091212 0
  1 1 28 8 0 15143 8.63519879076791e-06 0.0915829902964008 0.700022982549513 0.208385391955295 0
  1 1 29 8 0 15606 0 0.173495818517788 0.638902283153902 0.187601898328311 0
  1 1 30 8 0 14843 5.30018615060285e-06 0.205944051366636 0.668561544172627 0.125489104274587 0
  1 1 31 8 0 13766 0 0.173243073118256 0.725536423168867 0.101220503712877 0
  1 1 32 8 0 11289 0 0.13954417037876 0.744061704476846 0.088072254932289 0.0283218702121043
  1 1 33 8 0 12563 0 0.0779598603584464 0.867240111199283 0.0548000284422708 0
  1 1 34 8 0 10915 0 0.0633658646315628 0.884580633945283 0.0520535014231544 0
  1 1 35 8 0 8811 0 0.0562296557628975 0.916538920211816 0.0272314240252868 0
  1 1 36 8 0 8254 0 0.0519997941794448 0.910684541757258 0.0373156640632972 0
  1 1 37 8 0 6375 0 0.0655696978204058 0.895317284566383 0.0391130176132111 0
  1 1 38 8 0 7234 0 0.0462172064959875 0.90832267642701 0.045460117077003 0
  1 1 39 8 0 7697 0 0.0796823184028708 0.870622356581992 0.0496953250151373 0
  1 1 40 8 0 11453 0 0.0482814905847171 0.878578237529645 0.0731402718856377 0
  1 1 41 8 0 5480 0 0.0265656732870119 0.845988664896136 0.127445661816852 0
  1 1 42 8 0 1826 0 0.0190198130227417 0.736600648801821 0.244379538175438 0
  1 1 26 9 0 668 7.5908900108883e-05 0.0392435622644553 0.234468890171793 0.590661063837046 0.135550574826597
  1 1 27 9 0 525 6.85509794687854e-06 0.0375167028763605 0.260664742326111 0.55531551725756 0.146496182442022
  1 1 28 9 0 490 0.000199417081582692 0.0613361872736712 0.32320843820782 0.565257316869107 0.0499986405678192
  1 1 29 9 0 562 4.19612073578604e-05 0.0633785483345419 0.341217836266334 0.449950140273676 0.145411513918091
  1 1 30 9 0 418 2.23676470499468e-05 0.0399131824014731 0.387242409659711 0.474596934800469 0.0982251054912966
  1 1 31 9 0 356 0 0.0256085662318756 0.323913442061224 0.520827802960893 0.129650188746008
  1 1 32 9 0 500 2.22228337511877e-05 0.0291703559785192 0.248592936605875 0.539215772397267 0.182998712184588
  1 1 33 9 0 544 0 0.0348825145455048 0.2790308776062 0.572833965436029 0.113252642412267
  1 1 34 9 0 481 0.000464740584598268 0.0498772644509649 0.238106871974196 0.531789309579171 0.17976181341107
  1 1 35 9 0 476 2.36762837329849e-05 0.053267850439397 0.287290839403216 0.493677815270879 0.165739818602775
  1 1 36 9 0 588 0.000362614225010498 0.0695045229336897 0.406249279247805 0.462266529104192 0.0616170544893021
  1 1 37 9 0 482 3.22043292196384e-05 0.067289321525918 0.551409084467269 0.381269389677593 0
  1 1 38 9 0 439 6.65211459181666e-05 0.01860861895778 0.42480468735931 0.465635156471526 0.0908850160654656
  1 1 39 9 0 412 0.000129768219796528 0.0239808633300095 0.351395844550548 0.575853676368261 0.048639847531385
  1 1 40 9 0 403 0.000116730668102005 0.00772693505331091 0.207927055687245 0.711595339271633 0.0726339393197086
  1 1 41 9 0 409 0 0.0233411743864772 0.220864780186225 0.713842251179187 0.0419517942481106
  1 1 42 9 0 564 0.000350621182297875 0.037924306027642 0.206207112033797 0.702991036025691 0.0525269247305725
  1 1 1 10 0 6237 0 0.0124534410451923 0.722975666876741 0.263983920431949 0.000586971646117276
  1 1 2 10 0 8020 0 0.00131964683365212 0.852961854370526 0.144556501630424 0.00116199716539775
  1 1 3 10 0 8657 0 0.00269861943611965 0.828652450832214 0.168648929731666 0
  1 1 4 10 0 4717 0 0.00160385779013174 0.821434752675026 0.176961389534842 0
  1 1 5 10 0 13340 0 0.00154932203757155 0.861287523659525 0.137163154302904 0
  1 1 6 10 0 11508 0 0.00312617653481845 0.921857997649587 0.0747890156270154 0.000226810188579299
  1 1 7 10 0 10785 0 0.00547786514529794 0.899265964591241 0.0952561702634615 0
  1 1 8 10 0 13087 0 0.00550499125333853 0.831944718197807 0.162550290548854 0
  1 1 9 10 0 8392 0 0.00286364665042484 0.8614953677876 0.134967202401584 0.000673783160391015
  1 1 10 10 0 6049 3.5357287882411e-05 0.000338948050801438 0.85111963147169 0.148506063189626 0
  1 1 11 10 0 6320 0 0.00225761143777013 0.770068694174309 0.223798012011462 0.00387568237645919
  1 1 12 10 0 6041 0 0.00151878345286495 0.887469047718948 0.111012168828187 0
  1 1 13 10 0 6940 0 0 0.952474007471308 0.047525992528692 0
  1 1 14 10 0 5325 0 0 0.917089324299929 0.0829106757000712 0
  1 1 15 10 0 4551 0 0 0.86483029948849 0.13516970051151 0
  1 1 16 10 0 3714 4.01672744952489e-09 0 0.885938427387376 0.114061568595897 0
  1 1 17 10 0 2203 0 0 0.874990224196826 0.125009775803174 0
  1 1 18 10 0 1775 0 0 0.906663238822698 0.093336761177302 0
  1 1 19 10 0 2776 0 0 0.895122019193826 0.104877980806174 0
  1 1 20 10 0 5448 0 0 0.861540914449476 0.128059480426223 0.0103996051243002
  1 1 21 10 0 1789 0 0 0.868405187215945 0.131594812784055 0
  1 1 22 10 0 2366 0 0.00709121786539187 0.759395394089766 0.218471735310973 0.0150416527338692
  1 1 23 10 0 4696 0 0 0.798444422781032 0.201555577218968 0
  1 1 24 10 0 4922 0 0 0.778098184056987 0.221901815943013 0
  1 1 25 10 0 5216 0 0 0.690903619862872 0.309096380137128 0
  1 1 26 10 0 6835 0 0 0.571962740561995 0.428037259438005 0
  1 1 27 10 0 9537 0 0 0.510876851392554 0.487319245924096 0.00180390268335031
  1 1 28 10 0 9214 1.82757060671737e-07 0 0.78437376404934 0.2156260531936 0
  1 1 29 10 0 12486 0 0 0.692908733617706 0.307091266382294 0
  1 1 30 10 0 14692 1.4898352763555e-05 0.000113329943103156 0.842658711785844 0.157213059918289 0
  1 1 31 10 0 14178 0 0 0.912777039010691 0.087222960989309 0
  1 1 32 10 0 13375 0 0 0.796029007348981 0.203970992651019 0
  1 1 33 10 0 15155 0 8.47950106804804e-06 0.743207478997986 0.256784041500946 0
  1 1 34 10 0 16617 0 0 0.793950189559901 0.206049810440099 0
  1 1 35 10 0 8938 0 0 0.757788424535206 0.242211575464794 0
  1 1 36 10 0 5206 0 0 0.725482164397569 0.274517835602431 0
  1 1 37 10 0 5299 0 0 0.830429021099635 0.169570978900365 0
  1 1 38 10 0 5764 0 0 0.761638638288056 0.238361361711944 0
  1 1 39 10 0 2404 0 0 0.748302005592269 0.25169799440773 0
  1 1 40 10 0 3111 0 0 0.680542666922492 0.319457333077508 0
  1 1 41 10 0 1183 0 0 0.689470033491556 0.310529966508444 0
  1 1 42 10 0 241 0 0 0.810425173323157 0.189574826676843 0
  2 1 1 2 0 28216 0 0.0104559331524898 0.0973487561742812 0.502222237028258 0.389973073644972
  2 1 2 2 0 37294 1.53383958870902e-08 0.0311090016789441 0.208215507640102 0.463211745327596 0.297463730014962
  2 1 3 2 0 28315 0 0.0031336316287606 0.17808933521351 0.656759246063952 0.162017787093778
  2 1 4 2 0 23528 0 0.00304338521280521 0.0440703058229026 0.820625176145879 0.132261132818413
  2 1 5 2 0 12696 0 0.0147872692879307 0.0579304419976397 0.5400088570539 0.38727343166053
  2 1 6 2 0 11015 0 0.042033556296072 0.259698194729549 0.433064929009943 0.265203319964436
  2 1 7 2 0 10095 0 0.00403768494481568 0.091237884898331 0.742477689880374 0.162246740276479
  2 1 8 2 0 8988 0 0.0252718381999456 0.0983097420269149 0.702939699935831 0.173478719837308
  2 1 9 2 0 4746 0 0.00559853196975772 0.104253669839713 0.636031704362109 0.254116093828421
  2 1 10 2 0 6394 0 0.0214592207851187 0.149230757758984 0.772792774572678 0.0565172468832189
  2 1 11 2 0 6540 0 0.0113739513605835 0.169710065778598 0.721370326669678 0.0975456561911396
  2 1 12 2 0 6300 0 0.0234154705712046 0.081106914373738 0.460831160635112 0.434646454419945
  2 1 13 2 0 8574 0 0.000835816045532869 0.107414797338146 0.64667718560778 0.245072201008541
  2 1 14 2 0 8163 0 0.000116298039487682 0.0698690687908519 0.710855869486041 0.219158763683619
  2 1 15 2 0 11543 0 0.00395887315221813 0.100523322181253 0.658003663892947 0.237514140773581
  2 1 16 2 0 7936 0 0.00849163889483914 0.134959818091142 0.77516548241174 0.0813830606022782
  2 1 17 2 0 4472 0 0 0.122846612586872 0.813686685211798 0.0634667022013305
  2 1 18 2 0 6183 0 0 0.0430878267870221 0.923891535118537 0.0330206380944408
  2 1 19 2 0 7481 0 0.00121483771908571 0.136147417075999 0.801119712300855 0.0615180329040594
  2 1 20 2 0 10905 0 0.000166150024421196 0.24174665760635 0.730965324393913 0.0271218679753159
  2 1 21 2 0 9156 0 0.00158793459205259 0.157508114786204 0.820859611334835 0.0200443392869088
  2 1 22 2 0 10446 0 0.000329971011773359 0.154233062105856 0.838584247391871 0.00685271949050029
  2 1 23 2 0 9159 0 0 0.199341619617718 0.789103023494895 0.0115553568873868
  2 1 24 2 0 10178 0 0 0.0989311077055797 0.884861069564521 0.0162078227298989
  2 1 25 2 0 9640 0 0.000827849599358984 0.0794414865143651 0.90744285047092 0.0122878134153556
  2 1 26 2 0 7712 0 0.000105520331395818 0.196654168471945 0.789752822144882 0.0134874890517773
  2 1 27 2 0 7099 0 0.000177218474901587 0.187700211945776 0.801095279361939 0.0110272902173833
  2 1 28 2 0 9280 0 0 0.201460594337088 0.790959810699326 0.00757959496358549
  2 1 29 2 0 11055 0 0 0.108720550776516 0.875555823958567 0.0157236252649165
  2 1 30 2 0 7772 0 0.000130923184756448 0.253667888876926 0.739287624823702 0.00691356311461553
  2 1 31 2 0 6359 0 0 0.0415584041231868 0.933267904019542 0.0251736918572716
  2 1 32 2 0 6157 0 0 0.0962704854669615 0.887869324278888 0.0158601902541502
  2 1 33 2 0 6127 0 0.000972138291407704 0.243594186540279 0.738748270283378 0.0166854048849357
  2 1 34 2 0 6248 0 0 0.585506356195504 0.412391256044523 0.00210238775997266
  2 1 35 2 0 6307 0 0 0.13443928081616 0.863700026861134 0.00186069232270625
  2 1 36 2 0 6676 0 0.000768649356794183 0.113356115287766 0.885441894085247 0.000433341270193086
  2 1 37 2 0 7210 0 0 0.136449865623812 0.863245188420514 0.00030494595567411
  2 1 38 2 0 5913 0 5.44263962320091e-05 0.0572959674909476 0.941809342492202 0.000840263620617934
  2 1 39 2 0 4876 0 0 0.104820352280762 0.894454914655562 0.00072473306367649
  2 1 40 2 0 5812 0 0 0.071348378833749 0.927452200107459 0.00119942105879194
  2 1 41 2 0 5185 0 0 0.0768054864940086 0.919114732939648 0.0040797805663433
  2 1 42 2 0 3711 0 0.00336383676324028 0.0501323744821842 0.918363802880082 0.0281399858744935
  2 1 1 3 0 247 0 1.08044416018771e-07 0.556739551460287 0.443260340495297 0
  2 1 2 3 0 617 0 9.76683006320227e-06 0.179787212410277 0.820203020759659 0
  2 1 3 3 0 3185 0 0.0076737635457322 0.383912831696759 0.608413404757508 0
  2 1 4 3 0 3161 0 0.0274946476943719 0.145786627245994 0.826718725059635 0
  2 1 5 3 0 2765 0 0.00216077336451684 0.115318397665834 0.88252082896965 0
  2 1 6 3 0 3949 0 0.00757503114474006 0.219182473133188 0.773242495722072 0
  2 1 7 3 0 4470 0 0.0741928005074602 0.508742648306741 0.417064551185799 0
  2 1 8 3 0 2857 0 6.47218786074414e-05 0.651943409545793 0.34726522618943 0.000726642386169311
  2 1 9 3 0 4092 0 0.0358811720820538 0.664549908897438 0.29852807661632 0.00104084240418782
  2 1 10 3 0 2723 0 0.105721098975658 0.768645364331171 0.125633536693171 0
  2 1 11 3 0 3158 0 0.000106454599117236 0.540551831062657 0.459341714338226 0
  2 1 12 3 0 1846 0 0.00186554632831268 0.341757081362228 0.65637737230946 0
  2 1 13 3 0 2213 0 0.00306740647122942 0.437511794235769 0.559420799293002 0
  2 1 14 3 0 1530 5.10896528651362e-09 0.000365936406305765 0.548599276481942 0.449872745946778 0.00116203605600944
  2 1 15 3 0 2534 0 0.000342530311588812 0.632436090005672 0.367219054019598 2.32566314126811e-06
  2 1 16 3 0 211 0 0.0201122455018759 0.62551395874253 0.354373795755594 0
  2 1 17 3 0 395 0 0.00159596500402807 0.85530292811765 0.142647490298826 0.000453616579496398
  2 1 18 3 0 1101 0 0.00638131712249434 0.574757360883357 0.0817111050339751 0.337150216960173
  2 1 19 3 0 2282 0 0.0144696235276814 0.807013361090039 0.17851701538228 0
  2 1 20 3 0 2349 0 0.00982638825960521 0.588160014252216 0.402013597488179 0
  2 1 21 3 0 1956 0 0.00095475543539582 0.517461556556282 0.481583688008322 0
  2 1 22 3 0 4297 0 0.000386704862364902 0.704206085467391 0.295407209670244 0
  2 1 23 3 0 907 0 0.00355134270319922 0.677256866690003 0.319191790606798 0
  2 1 24 3 0 3026 0 0.00248129700425983 0.520149066236304 0.477369636759436 0
  2 1 25 3 0 2461 0 0.00806969666141919 0.891710856052849 0.100219447285731 0
  2 1 26 3 0 2787 0 0.038414082926529 0.884734912290439 0.0768510047830323 0
  2 1 27 3 0 1101 0 0.0620033197538383 0.765266005213457 0.172727973439885 2.70159281925968e-06
  2 1 28 3 0 3117 0 0.00164183159631682 0.865199032933602 0.133159135470081 0
  2 1 29 3 0 5250 0 0.00127862778713947 0.872838458331279 0.125882913881581 0
  2 1 30 3 0 9474 0 0.0046840397892513 0.885164389191474 0.110151571019275 0
  2 1 31 3 0 11911 0 0.0131116852926411 0.923809934710806 0.0630783799965532 0
  2 1 32 3 0 4911 0 0.0028094562695605 0.960552083378017 0.0366384603524226 0
  2 1 33 3 0 3025 0 0.0189044967112939 0.966193968003583 0.0149015352851229 0
  2 1 34 3 0 2697 0 0.478991320564808 0.512424050889856 0.00858462854533528 0
  2 1 35 3 0 2386 0 0.0259513900866727 0.97151189123448 0.00253671867884758 0
  2 1 36 3 0 2921 0 0.00698476199743581 0.990631891888652 0.00238334611391173 0
  2 1 37 3 0 2932 0 0.0164059728308943 0.981891323998464 0.00170270317064223 0
  2 1 38 3 0 5366 0 0.0633579158206971 0.919352748494719 0.0172893356845841 0
  2 1 39 3 0 5285 0 0.0565660077405626 0.935069280236185 0.00836471202325246 0
  2 1 40 3 0 7369 0 0.211679014138123 0.785277986225785 0.00304299963609127 0
  2 1 41 3 0 5675 0 0.00329185242325256 0.994170463673044 0.00253768390370351 0
  2 1 42 3 0 8926 0 0.0110955772298552 0.981806282127317 0.00709814064282759 0
# end fishery length observations 
#  
# Survey diet proportion observations 
# Number of observations, init_int Ndietprop_obs 
  685
# init_matrix obs_dietprop(1,Ndietprop_obs,1,ncol) 
# Survey  Year  Predator  Predator_size InpN  wt_prey_1 wt_prey_2 wt_prey_3 wt_prey_4 wt_prey_5 wt_prey_6 wt_prey_7 wt_prey_8 wt_prey_9 wt_prey_10 wt_prey_11 other 
  1 7 1 3 100 0 0 0 0 0 0.261865703982447 0 0 0 0 0.738134296017553
  1 9 1 2 100 0 0 0 0 0 0.0113624824960713 0 0 0 0 0.988637517503929
  1 10 1 3 100 0 0 0 0 0 0.000417845300113266 0 0 0 0 0.999582154699887
  1 11 1 3 100 0 0 0 0 0 0.203395030166684 0 0 0 0 0.796604969833316
  1 12 1 2 100 0.0269384819025857 0 0 0 0 0 0 0 0 0 0.973061518097414
  1 12 1 2 100 0 0 0 0 0 0.0107753927610343 0 0 0 0 0.989224607238966
  1 12 1 3 100 0.571156592099 0 0 0 0 0 0 0 0 0 0.428843407901
  1 13 1 2 100 0 0 0 0 0 0.0311787704578906 0 0 0 0 0.968821229542109
  1 13 1 3 100 0 0.0723775242789961 0 0 0 0 0 0 0 0 0.927622475721004
  1 13 1 3 100 0 0 0 0 0 0.370457539849465 0 0 0 0 0.629542460150535
  1 13 1 4 100 0 0.969120303070349 0 0 0 0 0 0 0 0 0.0308796969296508
  1 13 1 4 100 0 0 0 0 0 0.00330381921501255 0 0 0 0 0.996696180784987
  1 14 1 1 100 0 0 0 0 0 0.961538461538462 0 0 0 0 0.0384615384615384
  1 14 1 2 100 0 0 0 0 0 0.0486405992938009 0 0 0 0 0.951359400706199
  1 14 1 3 100 0 0 0 0 0 0.0354960234407702 0 0 0 0 0.96450397655923
  1 15 1 2 100 0 0.0538674500577594 0 0 0 0 0 0 0 0 0.946132549942241
  1 15 1 2 100 0 0 0 0 0 0.0127976002561465 0 0 0 0 0.987202399743853
  1 16 1 2 100 0 0 0 0 0 0.37838906809672 0 0 0 0 0.62161093190328
  1 16 1 3 100 0 0 0 0 0 0.767305449936629 0 0 0 0 0.232694550063371
  1 18 1 1 100 0.546689303904924 0 0 0 0 0 0 0 0 0 0.453310696095076
  1 18 1 2 100 0 0.0016080830431736 0 0 0 0 0 0 0 0 0.998391916956826
  1 18 1 2 100 0.0321616608634719 0 0 0 0 0 0 0 0 0 0.967838339136528
  1 18 1 2 100 0 0 0 0 0 0.0723637369428118 0 0 0 0 0.927636263057188
  1 18 1 3 100 0 0.14082932388579 0 0 0 0 0 0 0 0 0.85917067611421
  1 18 1 3 100 0 0 0 0 0 0.00182368908629081 0 0 0 0 0.998176310913709
  1 19 1 2 100 0 0.327843629003942 0 0 0 0 0 0 0 0 0.672156370996058
  1 19 1 3 100 0 0.173709459636265 0 0 0 0 0 0 0 0 0.826290540363735
  1 19 1 3 100 0 0 0 0 0 0.075684365907382 0 0 0 0 0.924315634092618
  1 20 1 3 100 0 0.0896426259895575 0 0 0 0 0 0 0 0 0.910357374010442
  1 21 1 2 100 0 0.0560375793222891 0 0 0 0 0 0 0 0 0.943962420677711
  1 21 1 3 100 0 0.246861691474172 0 0 0 0 0 0 0 0 0.753138308525828
  1 21 1 3 100 0 0 0.000776050586212424 0 0 0 0 0 0 0 0.999223949413788
  1 21 1 4 100 0 0 0 0 0 0.8 0 0 0 0 0.2
  1 22 1 2 100 0 0 0 0 0 0.365377498149519 0 0 0 0 0.634622501850481
  1 24 1 2 100 0 0 0 0 0 0.2878753019671 0 0 0 0 0.7121246980329
  1 24 1 3 100 0 0.341058077318309 0 0 0 0 0 0 0 0 0.658941922681691
  1 25 1 3 100 0 0.325218629144248 0 0 0 0 0 0 0 0 0.674781370855752
  1 25 1 3 100 0 0 0 0 0 0.0106435187719936 0 0 0 0 0.989356481228006
  1 25 1 4 100 0 0 0 0 0 0.738903183582719 0 0 0 0 0.261096816417281
  1 26 1 3 100 0 0.272442201925031 0 0 0 0 0 0 0 0 0.727557798074969
  1 26 1 3 100 0 0 0.263851682044512 0 0 0 0 0 0 0 0.736148317955488
  1 27 1 2 100 0 0 0 0 0 0.00956854558107168 0 0 0 0 0.990431454418928
  1 27 1 3 100 0 0.279080407182889 0 0 0 0 0 0 0 0 0.720919592817111
  1 27 1 3 100 0 0 0 0 0.148690380876129 0 0 0 0 0 0.85130961912387
  1 27 1 3 100 0 0 0.156468031568112 0 0 0 0 0 0 0 0.843531968431888
  1 28 1 3 100 0 0.741140008085164 0 0 0 0 0 0 0 0 0.258859991914836
  1 30 1 2 100 0 0 0 0 0 0.25638928644449 0 0 0 0 0.74361071355551
  1 31 1 2 100 0 0 0 0 0 0.0106223714148005 0 0 0 0 0.9893776285852
  1 32 1 2 100 0 0 0 0 0 0.000416775201875488 0 0 0 0 0.999583224798125
  1 32 1 3 100 0 0 0 0 0 0.00415800415800416 0 0 0 0 0.995841995841996
  1 33 1 3 100 0 0.203527815468114 0 0 0 0 0 0 0 0 0.796472184531886
  1 33 1 3 100 0 0 0 0 0.0610583446404342 0 0 0 0 0 0.938941655359566
  1 33 1 3 100 0 0 0 0 0 0.0644504748982361 0 0 0 0 0.935549525101764
  1 34 1 3 100 0 0.323120925558505 0 0 0 0 0 0 0 0 0.676879074441495
  1 35 1 2 100 0 0 0 0 0 0.888157894736842 0 0 0 0 0.111842105263158
  1 35 1 3 100 0 0.375 0 0 0 0 0 0 0 0 0.625
  1 36 1 3 100 0 0 0 0 0.325155187703222 0 0 0 0 0 0.674844812296778
  1 38 1 3 100 0 0.0780806360022714 0 0 0 0 0 0 0 0 0.921919363997729
  1 38 1 3 100 0 0 0 0 0.272166788350775 0 0 0 0 0 0.727833211649225
  1 39 1 3 100 0 0.351971037811746 0 0 0 0 0 0 0 0 0.648028962188254
  1 39 1 3 100 0 0 0 0 0.140788415124698 0 0 0 0 0 0.859211584875302
  1 40 1 2 100 0 0.293398533007335 0 0 0 0 0 0 0 0 0.706601466992665
  1 41 1 2 100 0 0 0 0 0.191682156133829 0 0 0 0 0 0.808317843866171
  1 41 1 2 100 0 0 0.498373605947955 0 0 0 0 0 0 0 0.501626394052045
  1 41 1 3 100 0 0 0 0 0.401529636711281 0 0 0 0 0 0.598470363288719
  1 41 1 3 100 0 0 0 0 0 0.0017208413001912 0 0 0 0 0.998279158699809
  2 2 1 4 100 1 0 0 0 0 0 0 0 0 0 0
  2 8 1 2 100 0 0 0 0 0 0 0 0 0 0.00285335536256084 0.997146644637439
  2 9 1 3 100 0 0 0 0 0 0.030874472378545 0 0 0 0 0.969125527621455
  2 9 1 4 100 0 0 0 0 0.516050396007244 0 0 0 0 0 0.483949603992756
  2 9 1 5 100 0 0 0 0 0.823529411764706 0 0 0 0 0 0.176470588235294
  2 10 1 2 100 0 0 0 0 0 0.00954437174675637 0 0 0 0 0.990455628253244
  2 10 1 3 100 0 0 0 0 0 0.00485830478006308 0 0 0 0 0.995141695219937
  2 11 1 3 100 0 0.0695747023396684 0 0 0 0 0 0 0 0 0.930425297660332
  2 12 1 2 100 0 0 0 0 0 0.027177380645853 0 0 0 0 0.972822619354147
  2 13 1 3 100 0 0 0 0 0 0 0 0 0 0.00375987510386905 0.996240124896131
  2 14 1 3 100 0 0.038168636471253 0 0 0 0 0 0 0 0 0.961831363528747
  2 14 1 3 100 0 0 0 0 0 0.0175760414718431 0 0 0 0 0.982423958528157
  2 14 1 4 100 0 0 0 0 0 0 0.0166114319040384 0 0 0 0.983388568095962
  2 15 1 3 100 0 0.118641996733802 0 0 0 0 0 0 0 0 0.881358003266198
  2 15 1 4 100 0 0 0 0 0 0.0862619808306709 0 0 0 0 0.913738019169329
  2 15 1 4 100 0 0 0 0 0 0 0 0 0 0.0862619808306709 0.913738019169329
  2 16 1 2 100 0 0 0 0 0 0.125327911909228 0 0 0 0 0.874672088090772
  2 16 1 3 100 0 0.255053634934223 0 0 0 0 0 0 0 0 0.744946365065777
  2 16 1 4 100 0 0.376692171865803 0 0 0 0 0 0 0 0 0.623307828134197
  2 16 1 4 100 0 0 0 0 0 0.0188346085932902 0 0 0 0 0.98116539140671
  2 19 1 3 100 0 0.142879910743553 0 0 0 0 0 0 0 0 0.857120089256447
  2 19 1 3 100 0 0 0.0125302723185576 0 0 0 0 0 0 0 0.987469727681442
  2 19 1 4 100 0 0.3875 0 0 0 0 0 0 0 0 0.6125
  2 19 1 4 100 0 0 0 0 0.159574468085106 0 0 0 0 0 0.840425531914894
  2 19 1 4 100 0 0 0 0 0 0.0851063829787234 0 0 0 0 0.914893617021277
  2 20 1 3 100 0 0 0 0 0 0.0810098097955686 0 0 0 0 0.918990190204431
  2 20 1 4 100 0 0 0 0 0 0.123071185492518 0 0 0 0 0.876928814507482
  2 21 1 2 100 0 0 0 0 0 0.052972039805374 0 0 0 0 0.947027960194626
  2 21 1 3 100 0 0.203467299297233 0 0 0 0 0 0 0 0 0.796532700702767
  2 21 1 3 100 0 0 0 0 0 0.119241240781549 0 0 0 0 0.880758759218451
  2 21 1 3 100 0 0 0.0846256865546665 0 0 0 0 0 0 0 0.915374313445333
  2 21 1 4 100 0 0 0 0 0 0.0252986647926915 0 0 0 0 0.974701335207309
  2 21 1 4 100 0 0 0.156008432888264 0 0 0 0 0 0 0 0.843991567111736
  2 22 1 3 100 0 0.267729803932517 0 0 0 0 0 0 0 0 0.732270196067483
  2 22 1 3 100 0 0 0 0 0 0.0216910720778659 0 0 0 0 0.978308927922134
  2 23 1 3 100 0 0.186288985651093 0 0 0 0 0 0 0 0 0.813711014348907
  2 23 1 3 100 0 0 0 0 0 0.0010451740351288 0 0 0 0 0.998954825964871
  2 23 1 3 100 0 0 0.0579021354085882 0 0 0 0 0 0 0 0.942097864591412
  2 24 1 3 100 0 0.145089805051373 0 0 0 0 0 0 0 0 0.854910194948627
  2 24 1 3 100 0 0 0 0 0 0.112482514369095 0 0 0 0 0.887517485630904
  2 24 1 3 100 0 0 0.0472889971458089 0 0 0 0 0 0 0 0.952711002854191
  2 24 1 4 100 0 0.941176470588235 0 0 0 0 0 0 0 0 0.0588235294117647
  2 25 1 2 100 0 0.041899773836448 0 0 0 0 0 0 0 0 0.958100226163552
  2 25 1 3 100 0 0.0921583964773526 0 0 0 0 0 0 0 0 0.907841603522647
  2 26 1 3 100 0 0.132467843073187 0 0 0 0 0 0 0 0 0.867532156926813
  2 26 1 3 100 0 0 0 0 0 0.126446577478951 0 0 0 0 0.873553422521049
  2 27 1 2 100 0 0 0 0 0.444958104594048 0 0 0 0 0 0.555041895405952
  2 27 1 3 100 0 0.0421663428401775 0 0 0 0 0 0 0 0 0.957833657159822
  2 27 1 3 100 0.0109136416762812 0 0 0 0 0 0 0 0 0 0.989086358323719
  2 27 1 3 100 0 0 0 0 0.303597668449278 0 0 0 0 0 0.696402331550722
  2 27 1 4 100 0 0.114285714285714 0 0 0 0 0 0 0 0 0.885714285714286
  2 28 1 3 100 0 0 0 0 0.64169666405289 0 0 0 0 0 0.35830333594711
  2 29 1 3 100 0 0.14237674459947 0 0 0 0 0 0 0 0 0.85762325540053
  2 29 1 3 100 0 0 0 0 0.154886835129131 0 0 0 0 0 0.845113164870869
  2 30 1 3 100 0 0 0 0 0.0247205383079273 0 0 0 0 0 0.975279461692073
  2 32 1 3 100 0 0 0 0 0 0 0 0 0 0.209901605760005 0.790098394239995
  2 33 1 3 100 0 0.046004171117267 0 0 0 0 0 0 0 0 0.953995828882733
  2 33 1 3 100 0 0 0 0 0 0.171529838022953 0 0 0 0 0.828470161977047
  2 34 1 2 100 0 0 0 0 0 0.339371208323971 0 0 0 0 0.660628791676029
  2 34 1 3 100 0 0 0 0 0 0.0403116883116883 0 0 0 0 0.959688311688312
  2 35 1 1 100 0 0.8 0 0 0 0 0 0 0 0 0.2
  2 35 1 2 100 0 0.204607254542122 0 0 0 0 0 0 0 0 0.795392745457878
  2 35 1 3 100 0 0.105615664711794 0 0 0 0 0 0 0 0 0.894384335288206
  2 35 1 3 100 0 0 0 0 0.352756320137391 0 0 0 0 0 0.647243679862609
  2 35 1 3 100 0 0 0.0950540982406142 0 0 0 0 0 0 0 0.904945901759386
  2 36 1 3 100 0 0.567468785871887 0 0 0 0 0 0 0 0 0.432531214128113
  2 37 1 2 100 0 0 0 0 0.11809856013128 0 0 0 0 0 0.88190143986872
  2 38 1 2 100 0 0 0 0 0 0.18283596924665 0 0 0 0 0.81716403075335
  2 38 1 3 100 0 0 0 0 0 0.495703899537343 0 0 0 0 0.504296100462657
  2 39 1 3 100 0 0 0.193979491529562 0 0 0 0 0 0 0 0.806020508470438
  2 40 1 2 100 0 0 0 0 0 0.00937700162182223 0 0 0 0 0.990622998378178
  2 40 1 2 100 0 0 0.10002135063277 0 0 0 0 0 0 0 0.89997864936723
  2 40 1 3 100 0 0 0 0 0.325224812722016 0 0 0 0 0 0.674775187277983
  2 40 1 3 100 0 0 0 0 0 0.168635088078083 0 0 0 0 0.831364911921917
  2 41 1 2 100 0 0 0 0 0 0.4873006497342 0 0 0 0 0.5126993502658
  2 41 1 3 100 0 0 0 0 0 0.105064554356639 0 0 0 0 0.894935445643361
  2 42 1 2 100 0 0 0 0 0 0.0667986484036178 0 0 0 0 0.933201351596382
  4 16 1 2 100 0 0 0 0 0 0.421686746987952 0 0 0 0 0.578313253012048
  4 18 1 2 100 0 0 0 0 0 0.443387077132552 0 0 0 0 0.556612922867448
  4 18 1 3 100 0 0.105601833062803 0 0 0 0 0 0 0 0 0.894398166937197
  4 18 1 3 100 0 0 0 0 0 0.341617959964444 0 0 0 0 0.658382040035556
  4 18 1 4 100 0 0.470702688961423 0 0 0 0 0 0 0 0 0.529297311038577
  4 18 1 4 100 0 0 0 0 0 0.227358279951178 0 0 0 0 0.772641720048822
  4 20 1 3 100 0 0 0 0 0 0.0136425164596075 0 0 0 0 0.986357483540392
  4 21 1 3 100 0 0.2005894584677 0 0 0 0 0 0 0 0 0.7994105415323
  4 21 1 3 100 0 0 0 0 0 0.0244748843891135 0 0 0 0 0.975525115610887
  4 22 1 2 100 0 0 0 0 0 0.113241053534328 0 0 0 0 0.886758946465672
  4 22 1 2 100 0 0 0 0 0 0 0 0 0 0.00277551601799823 0.997224483982002
  4 22 1 3 100 0 0.231149598188546 0 0 0 0 0 0 0 0 0.768850401811454
  4 24 1 3 100 0 0.371137383978478 0 0 0 0 0 0 0 0 0.628862616021522
  4 24 1 3 100 0.0666339795435456 0 0 0 0 0 0 0 0 0 0.933366020456454
  4 24 1 3 100 0 0 0 0 0 0.0902335139652181 0 0 0 0 0.909766486034782
  4 24 1 4 100 0 0.9 0 0 0 0 0 0 0 0 0.1
  4 27 1 2 100 0 0.459770114942529 0 0 0 0 0 0 0 0 0.540229885057471
  4 27 1 3 100 0 1 0 0 0 0 0 0 0 0 0
  1 18 2 4 100 0 0 0 0 0 0.363636363636364 0 0 0 0 0.636363636363636
  1 20 2 4 100 0 0 0 0 0 0.222996515679443 0 0 0 0 0.777003484320557
  1 26 2 3 100 0 0 0 0 0 0.521531100478469 0 0 0 0 0.478468899521531
  2 36 2 3 100 0 0.0833771432946664 0 0 0 0 0 0 0 0 0.916622856705334
  1 11 3 3 100 0 0 0 0 0 0.993377483443709 0 0 0 0 0.00662251655629131
  1 13 3 3 100 0 0 0 0 0 1 0 0 0 0 0
  1 20 3 3 100 0 0 0 0 0 0.163873091660632 0 0 0 0 0.836126908339368
  1 23 3 3 100 0 0 0 0 0 0.69375120913136 0 0 0 0 0.30624879086864
  1 26 3 2 100 0 0 0 0 0 0.0473327668041914 0 0 0 0 0.952667233195809
  2 30 3 2 100 0 0.25 0 0 0 0 0 0 0 0 0.75
  2 30 3 4 100 0 1 0 0 0 0 0 0 0 0 0
  1 3 4 1 100 0 0 0 0 0 0 0 0 0 0.568345323741007 0.431654676258993
  1 3 4 4 100 0 0 0 0 0.414032625855113 0 0 0 0 0 0.585967374144887
  1 5 4 5 100 1 0 0 0 0 0 0 0 0 0 0
  1 11 4 4 100 0 0.666666666666667 0 0 0 0 0 0 0 0 0.333333333333333
  1 11 4 4 100 0 0 0 0 0 0.244444444444444 0 0 0 0 0.755555555555556
  1 18 4 2 100 0 1 0 0 0 0 0 0 0 0 0
  1 19 4 3 100 0 0 0.949937071738219 0 0 0 0 0 0 0 0.0500629282617815
  1 20 4 3 100 0.803212851405622 0 0 0 0 0 0 0 0 0 0.196787148594378
  1 21 4 4 100 0 0 0.576923076923077 0 0 0 0 0 0 0 0.423076923076923
  1 23 4 1 100 0 0 1 0 0 0 0 0 0 0 0
  1 23 4 2 100 0 0 0.405357142857143 0 0 0 0 0 0 0 0.594642857142857
  1 23 4 3 100 0 0 0.163198694410445 0 0 0 0 0 0 0 0.836801305589555
  1 24 4 3 100 0 0 0 0 0 0.327272727272727 0 0 0 0 0.672727272727273
  1 24 4 3 100 0 0 0.545454545454545 0 0 0 0 0 0 0 0.454545454545455
  1 25 4 2 100 0 0 0 0 0 0.616470588235294 0 0 0 0 0.383529411764706
  1 25 4 3 100 0 0.131795716639209 0 0 0 0 0 0 0 0 0.868204283360791
  1 25 4 3 100 0 0 0 0 0 0.200988467874794 0 0 0 0 0.799011532125206
  1 25 4 4 100 0 0.7 0 0 0 0 0 0 0 0 0.3
  1 26 4 3 100 0 0 0 0 0.0340651021953066 0 0 0 0 0 0.965934897804693
  1 26 4 3 100 0 0 0 0 0 0.719152157456472 0 0 0 0 0.280847842543528
  1 27 4 2 100 0 0 0 0 0.6 0 0 0 0 0 0.4
  1 27 4 4 100 0 0.0533333333333333 0 0 0 0 0 0 0 0 0.946666666666667
  1 27 4 4 100 0.48 0 0 0 0 0 0 0 0 0 0.52
  1 27 4 4 100 0 0 0 0 0 0.0933333333333333 0 0 0 0 0.906666666666667
  1 28 4 3 100 0 0 0 0 0 0.736929549535064 0 0 0 0 0.263070450464936
  1 30 4 3 100 0 0.71569283042056 0 0 0 0 0 0 0 0 0.28430716957944
  1 30 4 3 100 0 0 0 0 0 0.214707849126168 0 0 0 0 0.785292150873832
  1 32 4 2 100 0 0 0 0 0 0.166666666666667 0 0 0 0 0.833333333333333
  1 32 4 3 100 0 0.0604838709677419 0 0 0 0 0 0 0 0 0.939516129032258
  1 32 4 3 100 0 0 0 0 0 0.129032258064516 0 0 0 0 0.870967741935484
  1 32 4 4 100 0 0 0 0 0 0 1 0 0 0 0
  1 33 4 2 100 0 0.0795007114410257 0 0 0 0 0 0 0 0 0.920499288558974
  1 33 4 3 100 0 0 0 0 0.0599812558575445 0 0 0 0 0 0.940018744142455
  1 34 4 1 100 0 0 0 0 0 0.484193677470988 0 0 0 0 0.515806322529011
  1 34 4 2 100 0 0 0 0 0.649350649350649 0 0 0 0 0 0.350649350649351
  1 34 4 2 100 0 0 0 0 0 0.346320346320346 0 0 0 0 0.653679653679654
  1 34 4 3 100 0 0 0 0 0 0.0608167485639682 0 0 0 0 0.939183251436032
  1 34 4 3 100 0 0 0 0 0 0 0 0 0 0.12323393787962 0.87676606212038
  1 35 4 2 100 0 0 0 0 0 0.8 0 0 0 0 0.2
  1 35 4 3 100 0 0 0 0 0 0 0.157272419660006 0 0 0 0.842727580339994
  1 35 4 3 100 0 0 0 0 0 0.247966181663942 0 0 0 0 0.752033818336058
  1 36 4 1 100 0 0 0 0.512589928057554 0 0 0 0 0 0 0.487410071942446
  1 36 4 1 100 0 0 0 0 0 0.419064748201439 0 0 0 0 0.580935251798561
  1 36 4 3 100 0 0 0 0 0.310033821871477 0 0 0 0 0 0.689966178128523
  1 36 4 3 100 0 0 0 0 0 0.0777903043968433 0 0 0 0 0.922209695603157
  1 37 4 2 100 0 0 0 0 0.436183395291202 0 0 0 0 0 0.563816604708798
  1 37 4 2 100 0 0 0 0 0 0.272614622057001 0 0 0 0 0.727385377942999
  1 37 4 3 100 0 0 0 0 0.877572964669739 0 0 0 0 0 0.122427035330261
  1 37 4 4 100 0 0 0 0 1 0 0 0 0 0 0
  1 38 4 2 100 0 0 0 0 0 0.789715335169881 0 0 0 0 0.210284664830119
  1 38 4 3 100 0 0 0 0 0.713375796178344 0 0 0 0 0 0.286624203821656
  1 39 4 2 100 0 0 0 0 0.542287467134093 0 0 0 0 0 0.457712532865907
  1 39 4 2 100 0 0 0 0 0 0.0278096136991842 0 0 0 0 0.972190386300816
  1 39 4 3 100 0 0.0971567740679738 0 0 0 0 0 0 0 0 0.902843225932026
  1 39 4 3 100 0 0 0 0.17272315389862 0 0 0 0 0 0 0.82727684610138
  1 39 4 3 100 0 0 0 0 0.154371318796892 0 0 0 0 0 0.845628681203108
  1 39 4 3 100 0 0 0 0 0 0.0390001030450634 0 0 0 0 0.960999896954937
  1 39 4 3 100 0 0 0.323855913559913 0 0 0 0 0 0 0 0.676144086440087
  1 40 4 1 100 0 0 0 0 0 0.793269230769231 0 0 0 0 0.206730769230769
  1 40 4 2 100 0 0 0 0 0 0.642857142857143 0 0 0 0 0.357142857142857
  1 40 4 3 100 0 0 0 0 0.196338290875178 0 0 0 0 0 0.803661709124822
  1 41 4 2 100 0 0 0 0 0 0.3125 0 0 0 0 0.6875
  1 41 4 3 100 0 0 0 0 0.101954120645709 0 0 0 0 0 0.898045879354291
  1 41 4 3 100 0 0 0 0 0 0.11214953271028 0 0 0 0 0.88785046728972
  1 42 4 2 100 0 0 0 0 0 0.412541254125413 0 0 0 0 0.587458745874587
  1 42 4 3 100 0 0 0 0 0.0500876533934385 0 0 0 0 0 0.949912346606562
  1 42 4 3 100 0 0 0 0 0 0.368144252441773 0 0 0 0 0.631855747558227
  2 5 4 3 100 0 0 0 0 0 1 0 0 0 0 0
  2 7 4 3 100 0.95 0 0 0 0 0 0 0 0 0 0.05
  2 9 4 3 100 0 0 0 0 0 0.5 0 0 0 0 0.5
  2 11 4 3 100 0 0 0 0 0 0 1 0 0 0 0
  2 17 4 3 100 0 0 0 0 0 1 0 0 0 0 0
  2 19 4 3 100 0 0 0 0 0 1 0 0 0 0 0
  2 20 4 4 100 0 0.5 0 0 0 0 0 0 0 0 0.5
  2 22 4 3 100 0 0 0 0 0 0 0 0 0 1 0
  2 22 4 4 100 0 0 0 0 0 0.539993199455956 0 0 0 0 0.460006800544044
  2 28 4 3 100 0 0 0 0 1 0 0 0 0 0 0
  2 29 4 3 100 0 0 0 0 0 1 0 0 0 0 0
  2 32 4 2 100 0 0 0 0 0 0.334883720930233 0 0 0 0 0.665116279069767
  2 33 4 4 100 0 0 0 0 1 0 0 0 0 0 0
  2 34 4 2 100 0 0.168195718654434 0 0 0 0 0 0 0 0 0.831804281345566
  2 34 4 4 100 0 0 0 0 0 1 0 0 0 0 0
  2 35 4 2 100 0 0.384615384615385 0 0 0 0 0 0 0 0 0.615384615384615
  2 35 4 2 100 0 0 0 0 0 0.192307692307692 0 0 0 0 0.807692307692308
  2 35 4 3 100 0 0 0 0 0 1 0 0 0 0 0
  2 36 4 3 100 0 0.4375 0 0 0 0 0 0 0 0 0.5625
  2 36 4 3 100 0 0 0 0 0 0.136363636363636 0 0 0 0 0.863636363636364
  2 37 4 2 100 0 0 0 0 0 1 0 0 0 0 0
  2 39 4 2 100 0 0 0 0 0.109749455337691 0 0 0 0 0 0.890250544662309
  2 39 4 2 100 0 0 0 0 0 0.225127087872186 0 0 0 0 0.774872912127814
  2 39 4 2 100 0 0 0.0844226579520697 0 0 0 0 0 0 0 0.91557734204793
  2 39 4 3 100 0 0 0 0 0.598991172761665 0 0 0 0 0 0.401008827238335
  2 39 4 3 100 0 0 0 0 0 0.299495586380832 0 0 0 0 0.700504413619168
  2 40 4 2 100 0 0 0 0 0.371747211895911 0 0 0 0 0 0.628252788104089
  2 40 4 2 100 0 0 0 0 0 0.139405204460967 0 0 0 0 0.860594795539033
  2 40 4 2 100 0 0 0.16728624535316 0 0 0 0 0 0 0 0.83271375464684
  2 40 4 3 100 0 0 0 0 0.037833787216932 0 0 0 0 0 0.962166212783068
  2 41 4 3 100 0 0 0 0 0.111607142857143 0 0 0 0 0 0.888392857142857
  2 41 4 3 100 0 0 0 0 0 0.00364583333333333 0 0 0 0 0.996354166666667
  2 42 4 2 100 0 0 0 0 0 0.402809201836182 0 0 0 0 0.597190798163818
  4 16 4 2 100 0 0.407071563702786 0 0 0 0 0 0 0 0 0.592928436297214
  4 16 4 3 100 0 0.642857142857143 0 0 0 0 0 0 0 0 0.357142857142857
  4 17 4 2 100 0 0 0 0 0 0.376175548589342 0 0 0 0 0.623824451410658
  4 18 4 2 100 0 0 0 0 0 0.134680134680135 0 0 0 0 0.865319865319865
  4 18 4 4 100 0 0 0 0 0 0.0576923076923077 0 0 0 0 0.942307692307692
  4 19 4 2 100 0 0.193673337637185 0 0 0 0 0 0 0 0 0.806326662362815
  4 19 4 2 100 0 0 0 0 0 0.296965784377017 0 0 0 0 0.703034215622983
  4 19 4 2 100 0 0 0.103292446739832 0 0 0 0 0 0 0 0.896707553260168
  4 19 4 3 100 0 0 0 0 0 0.460918614020951 0 0 0 0 0.539081385979049
  4 19 4 5 100 0 0 0 0.6 0 0 0 0 0 0 0.4
  4 20 4 2 100 0 0 0 0 0 0.440881763527054 0 0 0 0 0.559118236472946
  4 20 4 3 100 0 0 0 0 0 0 0.0352609308885755 0 0 0 0.964739069111425
  4 20 4 3 100 0 0 0 0 0 0.846262341325811 0 0 0 0 0.153737658674189
  4 20 4 4 100 0 0 0 0 0 1 0 0 0 0 0
  4 22 4 2 100 0 0 0 0 0 0.185375901132853 0 0 0 0 0.814624098867147
  4 22 4 3 100 0 0.145833333333333 0 0 0 0 0 0 0 0 0.854166666666667
  4 22 4 3 100 0 0 0 0 0 0.231481481481481 0 0 0 0 0.768518518518518
  4 24 4 1 100 0 0 0 0 0 0.36144578313253 0 0 0 0 0.63855421686747
  4 27 4 2 100 0 0 0 0 0 0.117212936835251 0 0 0 0 0.882787063164749
  4 27 4 3 100 0 0.848484848484849 0 0 0 0 0 0 0 0 0.151515151515151
  1 12 5 3 100 0 0 0 0 0 0.425020048115477 0 0 0 0 0.574979951884523
  1 22 5 2 100 0 0 0 0 0 0.155723168909004 0 0 0 0 0.844276831090996
  1 27 5 3 100 0 0.438200336278642 0 0 0 0 0 0 0 0 0.561799663721358
  1 32 5 3 100 0 0 0 0 0 0.0302431419511389 0 0 0 0 0.969756858048861
  1 33 5 3 100 0 0.077312073370612 0 0 0 0 0 0 0 0 0.922687926629388
  1 33 5 3 100 0 0 0 0 0.187095217556881 0 0 0 0 0 0.812904782443119
  1 33 5 3 100 0 0 0 0 0 0.299970844677975 0 0 0 0 0.700029155322025
  1 34 5 2 100 0 0 0 0 0 0.077971718078936 0 0 0 0 0.922028281921064
  1 34 5 3 100 0 0 0 0 0 0.0177085766027746 0 0 0 0 0.982291423397225
  1 34 5 4 100 0 0.485391797110874 0 0 0 0 0 0 0 0 0.514608202889126
  1 35 5 3 100 0 0 0 0 0 0.254343461458778 0 0 0 0 0.745656538541222
  2 23 5 4 100 0 0 0.679024266914728 0 0 0 0 0 0 0 0.320975733085272
  2 23 5 5 100 0 0 0.7 0 0 0 0 0 0 0 0.3
  2 27 5 3 100 0 0.129469938754921 0 0 0 0 0 0 0 0 0.870530061245079
  2 32 5 3 100 0 0 0 0 0 0 0 0.0236687407841027 0 0 0.976331259215897
  2 33 5 4 100 0 0 0 0 0 0.312842702893305 0 0 0 0 0.687157297106695
  2 34 5 3 100 0 0.0672833990116368 0 0 0 0 0 0 0 0 0.932716600988363
  2 34 5 3 100 0 0 0 0 0.045752711327913 0 0 0 0 0 0.954247288672087
  2 34 5 3 100 0 0 0 0 0 0.148023477825601 0 0 0 0 0.851976522174399
  2 34 5 4 100 0 0.278072703372264 0 0 0 0 0 0 0 0 0.721927296627736
  2 34 5 4 100 0 0 0 0 0 0.0556145406744527 0 0 0 0 0.944385459325547
  2 35 5 1 100 0 0.581053141356381 0 0 0 0 0 0 0 0 0.418946858643619
  2 35 5 2 100 0 0.225573123822444 0 0 0 0 0 0 0 0 0.774426876177556
  2 35 5 3 100 0 0 0 0 0 0.274727793457252 0 0 0 0 0.725272206542748
  2 36 5 3 100 0 0.155956669528613 0 0 0 0 0 0 0 0 0.844043330471387
  2 42 5 3 100 0 0 0 0 0 0.158457667250117 0 0 0 0 0.841542332749883
  1 8 6 2 100 0 0 0 0 0 0.141319660181666 0 0 0 0 0.858680339818334
  1 8 6 3 100 0 0 0 0 0 0.146371213661313 0 0 0 0 0.853628786338687
  1 9 6 3 100 0 0 0 0 0 0.683654443753884 0 0 0 0 0.316345556246116
  1 10 6 3 100 0 0.519526022251452 0 0 0 0 0 0 0 0 0.480473977748548
  1 11 6 2 100 0 0.124273577420801 0 0 0 0 0 0 0 0 0.875726422579199
  1 11 6 2 100 0 0 0 0 0 0.121166737985281 0 0 0 0 0.878833262014719
  1 11 6 3 100 0 0.110619469026549 0 0 0 0 0 0 0 0 0.889380530973451
  1 12 6 2 100 0 0.0888116627040991 0 0 0 0 0 0 0 0 0.911188337295901
  1 12 6 2 100 0 0 0 0 0 0.109747046568745 0 0 0 0 0.890252953431255
  1 13 6 2 100 0 0.371673805613823 0 0 0 0 0 0 0 0 0.628326194386177
  1 13 6 2 100 0 0 0 0 0 0.136709175248877 0 0 0 0 0.863290824751123
  1 13 6 3 100 0 0.645584280064589 0 0 0 0 0 0 0 0 0.354415719935411
  1 14 6 1 100 0 0 0 0 0 0.250052476807213 0 0 0 0 0.749947523192787
  1 14 6 2 100 0 0 0 0 0 0.207218073218898 0 0 0 0 0.792781926781102
  1 14 6 3 100 0 0.816326530612245 0 0 0 0 0 0 0 0 0.183673469387755
  1 15 6 2 100 0 0.207567364784345 0 0 0 0 0 0 0 0 0.792432635215655
  1 15 6 2 100 0 0 0 0 0 0.248773330534126 0 0 0 0 0.751226669465874
  1 15 6 3 100 0 0 0 0 0 0.524266427162925 0 0 0 0 0.475733572837075
  1 16 6 2 100 0 0 0 0 0 0.0505520943269808 0 0 0 0 0.949447905673019
  1 17 6 2 100 0 0.187687911453059 0 0 0 0 0 0 0 0 0.812312088546941
  1 17 6 2 100 0 0 0 0 0 0.0742646940544945 0 0 0 0 0.925735305945505
  1 17 6 3 100 0 0.101304805899992 0 0 0 0 0 0 0 0 0.898695194100008
  1 17 6 3 100 0 0 0 0 0 0.184374746737985 0 0 0 0 0.815625253262015
  1 17 6 3 100 0 0 0.308169219547775 0 0 0 0 0 0 0 0.691830780452225
  1 18 6 2 100 0 0 0 0 0 0.0146442711923651 0 0 0 0 0.985355728807635
  1 19 6 2 100 0 0 0 0 0 0.159239661092289 0 0 0 0 0.840760338907711
  1 19 6 3 100 0 0.907791868445368 0 0 0 0 0 0 0 0 0.0922081315546318
  1 20 6 1 100 0 0 0 0 0 0.46742209631728 0 0 0 0 0.53257790368272
  1 20 6 2 100 0 0 0 0 0 0.264988418457431 0 0 0 0 0.735011581542569
  1 20 6 3 100 0 0.661959399823477 0 0 0 0 0 0 0 0 0.338040600176523
  1 20 6 3 100 0 0 0 0 0 0.00992939099735216 0 0 0 0 0.990070609002648
  1 21 6 2 100 0 0.122726151481447 0 0 0 0 0 0 0 0 0.877273848518553
  1 21 6 2 100 0 0 0 0 0 0.0109337844047107 0 0 0 0 0.989066215595289
  1 21 6 3 100 0 0.307175003928234 0 0 0 0 0 0 0 0 0.692824996071766
  1 21 6 3 100 0 0 0 0 0 0.0051195833988039 0 0 0 0 0.994880416601196
  1 21 6 3 100 0 0 0.0450523339094743 0 0 0 0 0 0 0 0.954947666090526
  1 22 6 2 100 0 0 0 0 0 0.0206581215643937 0 0 0 0 0.979341878435606
  1 22 6 3 100 0 0.297872340425532 0 0 0 0 0 0 0 0 0.702127659574468
  1 22 6 3 100 0 0 0.170212765957447 0 0 0 0 0 0 0 0.829787234042553
  1 23 6 2 100 0 0 0 0 0 0.00758690454294648 0 0 0 0 0.992413095457053
  1 23 6 2 100 0 0 0.252896818098216 0 0 0 0 0 0 0 0.747103181901784
  1 23 6 3 100 0 0.107357444779208 0 0 0 0 0 0 0 0 0.892642555220792
  1 23 6 3 100 0 0 0 0 0 0.110936026271849 0 0 0 0 0.889063973728151
  1 23 6 3 100 0 0 0.405572569165899 0 0 0 0 0 0 0 0.594427430834101
  1 24 6 2 100 0 0 0 0 0 0.019007532270678 0 0 0 0 0.980992467729322
  1 24 6 3 100 0 0.773238866075187 0 0 0 0 0 0 0 0 0.226761133924813
  1 24 6 3 100 0 0 0.144163178420798 0 0 0 0 0 0 0 0.855836821579202
  1 25 6 2 100 0 0.393790411916643 0 0 0 0 0 0 0 0 0.606209588083357
  1 25 6 3 100 0 0.795918367346939 0 0 0 0 0 0 0 0 0.204081632653061
  1 25 6 3 100 0 0 0 0 0 0.204081632653061 0 0 0 0 0.795918367346939
  1 26 6 2 100 0 0 0 0 0 0.0674354171910399 0 0 0 0 0.93256458280896
  1 26 6 2 100 0 0 0.215219416567148 0 0 0 0 0 0 0 0.784780583432852
  1 27 6 2 100 0 0.174888051875391 0 0 0 0 0 0 0 0 0.825111948124609
  1 27 6 2 100 0 0 0 0 0.299808088929242 0 0 0 0 0 0.700191911070758
  1 27 6 2 100 0 0 0 0 0 0.349776103750782 0 0 0 0 0.650223896249218
  1 27 6 3 100 0 0.675207756232687 0 0 0 0 0 0 0 0 0.324792243767313
  1 28 6 3 100 0 0.487248322147651 0 0 0 0 0 0 0 0 0.512751677852349
  1 29 6 2 100 0 0 0 0 0 0.112689513110495 0 0 0 0 0.887310486889505
  1 30 6 3 100 0 0 0 0 0 0.426666666666667 0 0 0 0 0.573333333333333
  1 31 6 2 100 0 0 0 0 0 0.000398717500650556 0 0 0 0 0.999601282499349
  1 32 6 1 100 0 0 0 0 0 0.574698187316856 0 0 0 0 0.425301812683144
  1 32 6 2 100 0 0 0 0 0 0.321840499982726 0 0 0 0 0.678159500017274
  1 32 6 3 100 0 0.666666666666667 0 0 0 0 0 0 0 0 0.333333333333333
  1 32 6 3 100 0 0 0 0 0 0.073394495412844 0 0 0 0 0.926605504587156
  1 32 6 4 100 0 1 0 0 0 0 0 0 0 0 0
  1 33 6 2 100 0 0 0 0 0.0415906440880196 0 0 0 0 0 0.95840935591198
  1 33 6 3 100 0 0.206185567010309 0 0 0 0 0 0 0 0 0.793814432989691
  1 34 6 2 100 0 0 0 0 0 0.47047877148494 0 0 0 0 0.52952122851506
  1 34 6 3 100 0 0.536480686695279 0 0 0 0 0 0 0 0 0.463519313304721
  1 35 6 1 100 0 0 0 0 0 0.704324531123682 0 0 0 0 0.295675468876318
  1 35 6 2 100 0 0 0 0 0 0.117589223844442 0 0 0 0 0.882410776155558
  1 35 6 3 100 0 0 0 0 0 0.623700623700624 0 0 0 0 0.376299376299376
  1 35 6 3 100 0 0 0.311850311850312 0 0 0 0 0 0 0 0.688149688149688
  1 35 6 4 100 0 0 0 0 0 1 0 0 0 0 0
  1 36 6 1 100 0 0 0 0 0 0.0558743819542422 0 0 0 0 0.944125618045758
  1 36 6 2 100 0 0 0 0 0 0.186307943955179 0 0 0 0 0.813692056044821
  1 36 6 3 100 0 0.517129928894635 0 0 0 0 0 0 0 0 0.482870071105365
  1 36 6 3 100 0 0 0 0 0 0.433096315449257 0 0 0 0 0.566903684550743
  1 37 6 3 100 0 0 0 0 0.178635226866738 0 0 0 0 0 0.821364773133262
  1 37 6 3 100 0 0 0 0 0 0.107181136120043 0 0 0 0 0.892818863879957
  1 39 6 1 100 0 0 0 0 0 0.0725504136743739 0 0 0 0 0.927449586325626
  1 39 6 2 100 0 0 0 0 0 0.0441889082898536 0 0 0 0 0.955811091710146
  1 39 6 3 100 0 0 0 0 0.0133763357757532 0 0 0 0 0 0.986623664224247
  1 40 6 1 100 0 0 0 0 0 0.10601588150198 0 0 0 0 0.89398411849802
  1 40 6 2 100 0 0 0 0 0 0.28398162435899 0 0 0 0 0.71601837564101
  1 41 6 1 100 0 0 0 0 0 0.0713335203969643 0 0 0 0 0.928666479603036
  1 41 6 2 100 0 0 0 0 0 0.0377344681950303 0 0 0 0 0.96226553180497
  1 42 6 1 100 0 0 0 0 0 0.377579901742194 0 0 0 0 0.622420098257806
  1 42 6 2 100 0 0 0 0 0 0.120564158179818 0 0 0 0 0.879435841820182
  1 42 6 3 100 0 0 0 0 0 0.747191011235955 0 0 0 0 0.252808988764045
  2 9 6 2 100 0 0 0 0 0 0.298761832075841 0 0 0 0 0.701238167924159
  2 9 6 3 100 0 0 0 0 0 0.659265492655206 0 0 0 0 0.340734507344794
  2 13 6 3 100 0 0 0 0 0 0.625 0 0 0 0 0.375
  2 14 6 2 100 0 0 0 0 0 0.146608732570731 0 0 0 0 0.853391267429269
  2 16 6 2 100 0 0 0 0 0 0.304540860121259 0 0 0 0 0.695459139878741
  2 18 6 2 100 0 0 0 0 0 0.588483742542261 0 0 0 0 0.411516257457739
  2 21 6 2 100 0 0 0 0 0 0.808384021907997 0 0 0 0 0.191615978092003
  2 22 6 3 100 0 0 0 0 0 0.540540540540541 0 0 0 0 0.459459459459459
  2 23 6 2 100 0 0.341012789130635 0 0 0 0 0 0 0 0 0.658987210869365
  2 25 6 2 100 0 0.0673087731248081 0 0 0 0 0 0 0 0 0.932691226875192
  2 26 6 2 100 0 0 0 0 0 0.683544303797468 0 0 0 0 0.316455696202532
  2 29 6 2 100 0 0.0859237786667658 0 0 0 0 0 0 0 0 0.914076221333234
  2 30 6 3 100 0 0.998003992015968 0 0 0 0 0 0 0 0 0.00199600798403188
  2 31 6 3 100 0 0.992555831265509 0 0 0 0 0 0 0 0 0.00744416873449127
  2 32 6 2 100 0 0 0 0 0 0.00740146583757357 0 0 0 0 0.992598534162426
  2 33 6 3 100 0 0.173010380622837 0 0 0 0 0 0 0 0 0.826989619377163
  2 33 6 3 100 0 0 0 0 0 0.711264898116109 0 0 0 0 0.288735101883891
  2 34 6 2 100 0 0 0 0 0 0.302452277263006 0 0 0 0 0.697547722736994
  2 34 6 2 100 0 0 0.236290841611723 0 0 0 0 0 0 0 0.763709158388277
  2 34 6 3 100 0 0 0 0 0 0.56 0 0 0 0 0.44
  2 35 6 2 100 0 0.163322809066045 0 0 0 0 0 0 0 0 0.836677190933955
  2 35 6 2 100 0 0 0 0 0 0.305997037549483 0 0 0 0 0.694002962450517
  2 35 6 3 100 0 0.45629466739967 0 0 0 0 0 0 0 0 0.54370533260033
  2 35 6 3 100 0 0 0 0 0 0.0934579439252336 0 0 0 0 0.906542056074766
  2 36 6 2 100 0 0.155575040940671 0 0 0 0 0 0 0 0 0.844424959059329
  2 36 6 2 100 0 0 0 0 0 0.453760536076956 0 0 0 0 0.546239463923044
  2 36 6 3 100 0 0 0 0 0 0.118421052631579 0 0 0 0 0.881578947368421
  2 37 6 2 100 0 0 0 0 0.163513608551938 0 0 0 0 0 0.836486391448062
  2 37 6 3 100 0 0 0 0 0.192568139495514 0 0 0 0 0 0.807431860504486
  2 37 6 3 100 0 0 0 0 0 0.154054511596411 0 0 0 0 0.845945488403589
  2 39 6 2 100 0 0.380228136882129 0 0 0 0 0 0 0 0 0.619771863117871
  2 39 6 2 100 0 0 0 0 0.228136882129278 0 0 0 0 0 0.771863117870722
  2 39 6 3 100 0 0.61143381228982 0 0 0 0 0 0 0 0 0.38856618771018
  2 40 6 2 100 0 0 0 0 0 0.051737655393459 0 0 0 0 0.948262344606541
  2 40 6 3 100 0 0 0 0 0 0.764951321279555 0 0 0 0 0.235048678720445
  2 42 6 2 100 0 0 0 0 0 0.191576865746703 0 0 0 0 0.808423134253297
  2 42 6 3 100 0 0 0 0 0 0.490196078431373 0 0 0 0 0.509803921568627
  4 17 6 2 100 0 0 0 0 0 0.261964790654793 0 0 0 0 0.738035209345207
  4 18 6 2 100 0 0 0 0 0 0.383008356545961 0 0 0 0 0.616991643454039
  4 19 6 3 100 0 0.347107438016529 0 0 0 0 0 0 0 0 0.652892561983471
  4 21 6 2 100 0 0 0 0 0 0.0981738000948359 0 0 0 0 0.901826199905164
  4 25 6 2 100 0 0 0 0 0 0.14722536806342 0 0 0 0 0.85277463193658
  1 1 7 4 100 0 0 0 0 0 0.00249400482581162 0 0 0 0 0.997505995174188
  1 5 7 3 100 0 0 0 0 0 0.00253035061914902 0 0 0 0 0.997469649380851
  1 6 7 3 100 0 0 0 0 0 0.0210874128917165 0 0 0 0 0.978912587108284
  1 7 7 3 100 0 0 0 0 0 0.108777760991086 0 0 0 0 0.891222239008914
  1 8 7 2 100 0.0285756613287199 0 0 0 0 0 0 0 0 0 0.97142433867128
  1 8 7 2 100 0 0 0 0 0 0.094972050886628 0 0 0 0 0.905027949113372
  1 8 7 3 100 0.00746887966804979 0 0 0 0 0 0 0 0 0 0.99253112033195
  1 9 7 3 100 0 0 0 0 0 0.28564185997207 0 0 0 0 0.71435814002793
  1 11 7 2 100 0 0 0 0 0 0.0946968406626987 0 0 0 0 0.905303159337301
  1 11 7 3 100 0 0.00492613671353543 0 0 0 0 0 0 0 0 0.995073863286465
  1 11 7 3 100 0 0 0 0 0 0.0295568202812126 0 0 0 0 0.970443179718787
  1 11 7 4 100 0 0 0 0 0 0.487106017191977 0 0 0 0 0.512893982808023
  1 13 7 2 100 0 0.00452838004518916 0 0 0 0 0 0 0 0 0.995471619954811
  1 13 7 2 100 0 0 0 0 0 0.160777411908701 0 0 0 0 0.839222588091299
  1 13 7 3 100 0 0.480629187299738 0 0 0 0 0 0 0 0 0.519370812700262
  1 13 7 4 100 0 0.240486878781914 0 0 0 0 0 0 0 0 0.759513121218086
  1 13 7 4 100 0 0 0.0961947515127656 0 0 0 0 0 0 0 0.903805248487234
  1 14 7 3 100 0 0.0569160571106946 0 0 0 0 0 0 0 0 0.943083942889305
  1 14 7 3 100 0 0 0 0 0 0.0853740856660419 0 0 0 0 0.914625914333958
  1 15 7 3 100 0 0.587411620041342 0 0 0 0 0 0 0 0 0.412588379958658
  1 15 7 3 100 0 0 0 0 0 0.00464055838677369 0 0 0 0 0.995359441613226
  1 15 7 4 100 0 0.454789703365892 0 0 0 0 0 0 0 0 0.545210296634108
  1 16 7 3 100 0 0.662002709700844 0 0 0 0 0 0 0 0 0.337997290299156
  1 16 7 4 100 0 0.751215201060539 0 0 0 0 0 0 0 0 0.248784798939461
  1 17 7 2 100 0 0 0 0 0 0.0261525964376994 0 0 0 0 0.973847403562301
  1 17 7 3 100 0 0.0061280951286837 0 0 0 0 0 0 0 0 0.993871904871316
  1 17 7 3 100 0 0 0 0 0 0.0343173327206287 0 0 0 0 0.965682667279371
  1 17 7 3 100 0 0 0 0 0 0 0 0 0 0.0061280951286837 0.993871904871316
  1 18 7 3 100 0 0.169971059716377 0 0 0 0 0 0 0 0 0.830028940283623
  1 19 7 2 100 0 0.0534790372502912 0 0 0 0 0 0 0 0 0.946520962749709
  1 19 7 3 100 0 0.139890766249237 0 0 0 0 0 0 0 0 0.860109233750763
  1 19 7 3 100 0 0 0 0 0 0.00399687903569249 0 0 0 0 0.996003120964308
  1 20 7 2 100 0 0 0.0286528546057388 0 0 0 0 0 0 0 0.971347145394261
  1 20 7 3 100 0 0.027267498763935 0 0 0 0 0 0 0 0 0.972732501236065
  1 21 7 3 100 0 0.358547338636236 0 0 0 0 0 0 0 0 0.641452661363764
  1 21 7 3 100 0 0 0 0 0 0.0316365298796679 0 0 0 0 0.968363470120332
  1 22 7 2 100 0 0 0.164624149365298 0 0 0 0 0 0 0 0.835375850634702
  1 23 7 3 100 0 0.256122108760421 0 0 0 0 0 0 0 0 0.743877891239579
  1 24 7 3 100 0 0 0 0 0 0 0.0406324189202664 0 0 0 0.959367581079734
  1 25 7 3 100 0 0 0.00399163695496278 0 0 0 0 0 0 0 0.996008363045037
  1 25 7 4 100 0 1 0 0 0 0 0 0 0 0 0
  1 26 7 3 100 0 0.0357546636517807 0 0 0 0 0 0 0 0 0.964245336348219
  1 26 7 3 100 0 0 0 0 0 0.00259091765592613 0 0 0 0 0.997409082344074
  1 27 7 2 100 0 0.467807954691723 0 0 0 0 0 0 0 0 0.532192045308276
  1 27 7 3 100 0 0.534960899241485 0 0 0 0 0 0 0 0 0.465039100758515
  1 28 7 2 100 0 0 0.353588704892515 0 0 0 0 0 0 0 0.646411295107485
  1 28 7 3 100 0 0.15027535297398 0 0 0 0 0 0 0 0 0.84972464702602
  1 28 7 3 100 0 0 0 0 0 0.0304865500932448 0 0 0 0 0.969513449906755
  1 28 7 3 100 0 0 0.0712692396043446 0 0 0 0 0 0 0 0.928730760395655
  1 29 7 3 100 0 0.052421564608717 0 0 0 0 0 0 0 0 0.947578435391283
  1 29 7 3 100 0 0 0 0.0518455034591707 0 0 0 0 0 0 0.948154496540829
  1 29 7 3 100 0 0 0 0 0 0.00103691006918341 0 0 0 0 0.998963089930817
  1 31 7 3 100 0 0.261197785143831 0 0 0 0 0 0 0 0 0.738802214856169
  1 31 7 3 100 0 0 0 0 0 0.0608472113119151 0 0 0 0 0.939152788688085
  1 31 7 4 100 0 0.356819441253193 0 0 0 0 0 0 0 0 0.643180558746807
  1 32 7 3 100 0 0 0 0 0 0.0037905763973443 0 0 0 0 0.996209423602656
  1 32 7 4 100 0 0 0 0 0 0.158730158730159 0 0 0 0 0.841269841269841
  1 34 7 2 100 0 0 0 0 0 0.0623796938039402 0 0 0 0 0.93762030619606
  1 34 7 3 100 0 0.0594012345828926 0 0 0 0 0 0 0 0 0.940598765417107
  1 34 7 3 100 0 0 0 0.00693014403467081 0 0 0 0 0 0 0.993069855965329
  1 34 7 3 100 0 0 0 0 0.168798508273053 0 0 0 0 0 0.831201491726947
  1 34 7 3 100 0 0 0 0 0 0.00990020576381544 0 0 0 0 0.990099794236185
  1 34 7 3 100 0 0 0.0396008230552618 0 0 0 0 0 0 0 0.960399176944738
  1 35 7 3 100 0 0 0 0 0.0783321514003232 0 0 0 0 0 0.921667848599677
  1 35 7 3 100 0 0 0 0 0 0.038121647014824 0 0 0 0 0.961878352985176
  1 36 7 2 100 0 0 0 0 0.0763942581165649 0 0 0 0 0 0.923605741883435
  1 36 7 3 100 0 0 0 0 0.16510620774325 0 0 0 0 0 0.83489379225675
  1 36 7 3 100 0 0 0 0 0 0.1981274492919 0 0 0 0 0.8018725507081
  1 37 7 2 100 0 0 0 0.0356304630300402 0 0 0 0 0 0 0.96436953696996
  1 37 7 2 100 0 0 0 0 0 0.0213782778180241 0 0 0 0 0.978621722181976
  1 37 7 3 100 0 0 0 0 0.0817332958368157 0 0 0 0 0 0.918266704163184
  1 37 7 3 100 0 0 0 0 0 0.00726518185216139 0 0 0 0 0.992734818147839
  1 39 7 2 100 0 0 0 0 0 0.0499931395697814 0 0 0 0 0.950006860430219
  1 40 7 3 100 0 0 0 0 0 0.305494349278556 0 0 0 0 0.694505650721444
  1 40 7 3 100 0 0 0.351837372947615 0 0 0 0 0 0 0 0.648162627052385
  1 40 7 4 100 0 0 0.75 0 0 0 0 0 0 0 0.25
  1 41 7 3 100 0 0 0 0 0 0.0567286479672234 0 0 0 0 0.943271352032777
  1 42 7 2 100 0 0 0 0 0 0.0258701787394168 0 0 0 0 0.974129821260583
  1 42 7 3 100 0 0.0558913654019217 0 0 0 0 0 0 0 0 0.944108634598078
  1 42 7 3 100 0 0 0 0 0 0.108677654948181 0 0 0 0 0.891322345051819
  2 1 7 4 100 0 0 0 0 0 0.767387073645396 0 0 0 0 0.232612926354604
  2 5 7 2 100 0 0 0 0 0 0.176702455711824 0 0 0 0 0.823297544288176
  2 6 7 3 100 0 0 0 0 0 0.0377312208827966 0 0 0 0 0.962268779117203
  2 6 7 3 100 0 0 0.0686022197869029 0 0 0 0 0 0 0 0.931397780213097
  2 8 7 2 100 0 0 0 0 0 0.00519806153886789 0 0 0 0 0.994801938461132
  2 8 7 3 100 0 0 0.112383253345477 0 0 0 0 0 0 0 0.887616746654523
  2 9 7 4 100 0 0 0 0 0 0 0.0172409121976245 0 0 0 0.982759087802375
  2 9 7 4 100 0 0 0 0 0 0.103445473185747 0 0 0 0 0.896554526814253
  2 10 7 4 100 0 0 0 0 0 0.200799195321052 0 0 0 0 0.799200804678948
  2 10 7 4 100 0 0 0 0 0 0 0 0.0100399597660526 0 0 0.989960040233947
  2 11 7 2 100 0 0 0 0 0 0.220525392389021 0 0 0 0 0.779474607610979
  2 13 7 4 100 0 0 0 0 0 0 0 0 0 0.851254480286738 0.148745519713262
  2 14 7 3 100 0 0 0 0 0 0.0286742991155781 0 0 0 0 0.971325700884422
  2 14 7 4 100 0.0516181296410481 0 0 0 0 0 0 0 0 0 0.948381870358952
  2 14 7 4 100 0 0 0 0 0 0 0 0 0 0.154854388923144 0.845145611076856
  2 15 7 3 100 0 0.019466308871029 0 0 0 0 0 0 0 0 0.980533691128971
  2 16 7 3 100 0 0.0350744894092671 0 0 0 0 0 0 0 0 0.964925510590733
  2 16 7 3 100 0 0 0 0 0 0.0338438055703454 0 0 0 0 0.966156194429655
  2 17 7 2 100 0 0.0577544764772395 0 0 0 0 0 0 0 0 0.94224552352276
  2 18 7 3 100 0 0.0164460860181599 0 0 0 0 0 0 0 0 0.98355391398184
  2 18 7 3 100 0 0 0 0 0 0 0 0.0263137376290558 0 0 0.973686262370944
  2 19 7 3 100 0 0.139233127889731 0 0 0 0 0 0 0 0 0.860766872110269
  2 19 7 3 100 0 0 0 0 0 0 0 0 0 0.0614018093993716 0.938598190600628
  2 21 7 3 100 0 0.0981156994727143 0 0 0 0 0 0 0 0 0.901884300527286
  2 21 7 3 100 0 0 0 0 0 0 0 0 0 0.0588694196836286 0.941130580316371
  2 22 7 3 100 0 0.236259968400799 0 0 0 0 0 0 0 0 0.763740031599201
  2 23 7 3 100 0 0.14109215232613 0 0 0 0 0 0 0 0 0.85890784767387
  2 23 7 3 100 0 0 0.056436860930452 0 0 0 0 0 0 0 0.943563139069548
  2 24 7 3 100 0 0.27024196082539 0 0 0 0 0 0 0 0 0.72975803917461
  2 24 7 3 100 0 0 0.18982111890879 0 0 0 0 0 0 0 0.81017888109121
  2 24 7 3 100 0 0 0 0 0 0 0 0 0 0.0712265633183199 0.92877343668168
  2 25 7 3 100 0 0.259879352979162 0 0 0 0 0 0 0 0 0.740120647020838
  2 25 7 4 100 0 0 0.8 0 0 0 0 0 0 0 0.2
  2 26 7 3 100 0 0 0 0 0 0 0 0 0 0.0861670531760249 0.913832946823975
  2 27 7 3 100 0 0.182645874555492 0 0 0 0 0 0 0 0 0.817354125444507
  2 27 7 3 100 0 0 0 0 0 0.106543426824037 0 0 0 0 0.893456573175963
  2 30 7 3 100 0 0.245218401393924 0 0 0 0 0 0 0 0 0.754781598606076
  2 30 7 3 100 0 0 0 0 0 0 0 0 0 0.0132182411728185 0.986781758827182
  2 31 7 3 100 0 0 0 0 0 0.0838798230898277 0 0 0 0 0.916120176910172
  2 33 7 3 100 0 0.154639175257732 0 0 0 0 0 0 0 0 0.845360824742268
  2 34 7 3 100 0 1 0 0 0 0 0 0 0 0 0
  2 35 7 3 100 0 0.699760765550239 0 0 0 0 0 0 0 0 0.300239234449761
  2 35 7 3 100 0 0 0 0 0 0.0897129186602871 0 0 0 0 0.910287081339713
  2 36 7 2 100 0 0.575313807531381 0 0 0 0 0 0 0 0 0.424686192468619
  2 36 7 3 100 0 0.798722044728435 0 0 0 0 0 0 0 0 0.201277955271565
  2 37 7 3 100 0 0.1937190712767 0 0 0 0 0 0 0 0 0.8062809287233
  2 37 7 3 100 0 0 0 0 0.205342215553302 0 0 0 0 0 0.794657784446698
  2 42 7 3 100 0 0 0.766467065868264 0 0 0 0 0 0 0 0.233532934131736
  4 16 7 3 100 0 0.5090236001851 0 0 0 0 0 0 0 0 0.4909763998149
  4 17 7 3 100 0 0.13790935364069 0 0 0 0 0 0 0 0 0.86209064635931
  4 18 7 3 100 0 0.0856893942284457 0 0 0 0 0 0 0 0 0.914310605771554
  4 18 7 3 100 0 0 0 0 0 0.109927251453063 0 0 0 0 0.890072748546937
  4 19 7 3 100 0 0 0.0874475599640411 0 0 0 0 0 0 0 0.912552440035959
  4 21 7 3 100 0 0.0881475807447179 0 0 0 0 0 0 0 0 0.911852419255282
  4 21 7 3 100 0 0 0 0 0 0.00822710753617367 0 0 0 0 0.991772892463826
  4 21 7 3 100 0 0 0 0 0 0 0 0 0 0.0734563172872649 0.926543682712735
  4 22 7 2 100 0 0 0 0 0 0.160327746154301 0 0 0 0 0.839672253845699
  4 22 7 3 100 0 0.346823947750431 0 0 0 0 0 0 0 0 0.653176052249569
  4 22 7 3 100 0 0 0 0 0 0.130048064698502 0 0 0 0 0.869951935301498
  4 22 7 3 100 0 0 0 0 0 0 0 0 0 0.0118225513362274 0.988177448663773
  4 23 7 3 100 0 0.52 0 0 0 0 0 0 0 0 0.48
  4 24 7 3 100 0 0.121151304901433 0 0 0 0 0 0 0 0 0.878848695098567
  4 25 7 3 100 0 0 0.561224489795918 0 0 0 0 0 0 0 0.438775510204082
  1 3 9 3 100 0.0278268500841423 0 0 0 0 0 0 0 0 0 0.972173149915858
  1 3 9 3 100 0 0 0 0 0 0 0 0 0 0.00231890417367852 0.997681095826321
  1 8 9 5 100 0 0 0 0 0 1 0 0 0 0 0
  1 9 9 4 100 0 0 0 0 0 0.0077555452148286 0 0 0 0 0.992244454785171
  1 13 9 4 100 0 0 0 0 0 0.021323882553563 0 0 0 0 0.978676117446437
  1 14 9 2 100 0 0 0 0 0 0.00158408825825352 0 0 0 0 0.998415911741746
  1 14 9 3 100 0 0 0 0 0 0.00267278491337876 0 0 0 0 0.997327215086621
  1 14 9 4 100 0 0.102860328777194 0 0 0 0 0 0 0 0 0.897139671222806
  1 14 9 4 100 0 0 0 0 0 0.00082288263021755 0 0 0 0 0.999177117369782
  1 15 9 3 100 0 0.241809606345153 0 0 0 0 0 0 0 0 0.758190393654847
  1 15 9 3 100 0 0 0 0 0 0.015113100396572 0 0 0 0 0.984886899603428
  1 15 9 4 100 0 0.0443084797483095 0 0 0 0 0 0 0 0 0.955691520251691
  1 15 9 4 100 0 0 0 0 0 0.193480361567618 0 0 0 0 0.806519638432382
  1 15 9 4 100 0 0 0.147694932494365 0 0 0 0 0 0 0 0.852305067505635
  1 16 9 2 100 0 0 0 0 0 0.000625462353673314 0 0 0 0 0.999374537646327
  1 16 9 4 100 0 0 0 0 0 0.2579798190449 0 0 0 0 0.7420201809551
  1 17 9 3 100 0 0 0 0 0 0 0 0 0 0.00318194459881545 0.996818055401185
  1 17 9 4 100 0 0 0 0 0 0.188729630097888 0 0 0 0 0.811270369902112
  1 18 9 3 100 0 0 0 0 0 0.0459548771620446 0 0 0 0 0.954045122837955
  1 19 9 4 100 0 0.0557962170321736 0 0 0 0 0 0 0 0 0.944203782967826
  1 21 9 4 100 0 0 0 0 0 0.0277423805628302 0 0 0 0 0.97225761943717
  1 22 9 4 100 0 0 0 0 0 0.0778320941049264 0 0 0 0 0.922167905895074
  1 22 9 5 100 0 0.648648648648649 0 0 0 0 0 0 0 0 0.351351351351351
  1 23 9 3 100 0 0 0 0 0 0.00506112695577756 0 0 0 0 0.994938873044222
  1 23 9 4 100 0 0.177028846342638 0 0 0 0 0 0 0 0 0.822971153657362
  1 23 9 4 100 0 0 0 0 0 0.115813263962473 0 0 0 0 0.884186736037527
  1 23 9 5 100 0 0.596590909090909 0 0 0 0 0 0 0 0 0.403409090909091
  1 25 9 4 100 0 0.420373458170806 0 0 0 0 0 0 0 0 0.579626541829194
  1 26 9 3 100 0 0 0 0 0.146400888417903 0 0 0 0 0 0.853599111582097
  1 26 9 4 100 0 0 0 0 0 0.0178979947019184 0 0 0 0 0.982102005298082
  1 27 9 4 100 0 0.133526038405336 0 0 0 0 0 0 0 0 0.866473961594664
  1 31 9 4 100 0 0.271331122087877 0 0 0 0 0 0 0 0 0.728668877912123
  1 32 9 4 100 0 0.181119924868772 0 0 0 0 0 0 0 0 0.818880075131228
  1 33 9 4 100 0 0 0 0 0.424493391833211 0 0 0 0 0 0.575506608166789
  1 33 9 4 100 0 0 0 0 0 0.164273127661482 0 0 0 0 0.835726872338518
  1 33 9 5 100 0 0 0 0 0 0.288276745675849 0 0 0 0 0.711723254324151
  1 34 9 3 100 0 0 0 0 0 0.0229852959953705 0 0 0 0 0.977014704004629
  1 34 9 5 100 0 0 0 0 0 0.31127129750983 0 0 0 0 0.68872870249017
  1 35 9 2 100 0 0 0 0 0 0.0785590986200745 0 0 0 0 0.921440901379926
  1 35 9 4 100 0 0.159814034577946 0 0 0 0 0 0 0 0 0.840185965422054
  1 35 9 4 100 0 0 0 0 0 0.142056919624841 0 0 0 0 0.857943080375159
  1 36 9 3 100 0 0 0 0 0 0.00976620649252115 0 0 0 0 0.990233793507479
  1 36 9 3 100 0 0 0.296038134304547 0 0 0 0 0 0 0 0.703961865695453
  1 36 9 4 100 0 0 0 0 0.0609877033944463 0 0 0 0 0 0.939012296605554
  1 37 9 2 100 0 0 0 0 0 0.0203844747796876 0 0 0 0 0.979615525220312
  1 37 9 3 100 0 0 0 0 0.247079079469183 0 0 0 0 0 0.752920920530817
  1 37 9 4 100 0 0 0 0 0 0.0391654204941964 0 0 0 0 0.960834579505804
  1 39 9 4 100 0 0 0 0 0.393389674784609 0 0 0 0 0 0.606610325215391
  1 40 9 4 100 0 0 0 0 0.551633822777544 0 0 0 0 0 0.448366177222456
  1 41 9 2 100 0 0 0 0 0 0.148769911124469 0 0 0 0 0.851230088875531
  1 41 9 4 100 0 0 0 0 0.130503505870542 0 0 0 0 0 0.869496494129458
  1 41 9 4 100 0 0 0 0 0 0.0901095635772787 0 0 0 0 0.909890436422721
  1 41 9 5 100 0 0 0 0 0 1 0 0 0 0 0
  1 42 9 2 100 0 0 0 0 0 0.0556394018901439 0 0 0 0 0.944360598109856
  1 42 9 3 100 0 0.0726827388226981 0 0 0 0 0 0 0 0 0.927317261177302
  1 42 9 4 100 0 0 0 0 0 0.092927111664723 0 0 0 0 0.907072888335277
  1 42 9 5 100 0 0 0 0 0 0.158415841584158 0 0 0 0 0.841584158415842
  2 13 9 4 100 0 0.149735658551035 0 0 0 0 0 0 0 0 0.850264341448965
  2 14 9 3 100 0 0 0 0 0 0.064388066922568 0 0 0 0 0.935611933077432
  2 15 9 2 100 0 0 0 0 0 0.086558682674812 0 0 0 0 0.913441317325188
  2 16 9 3 100 0 0.000787041513656571 0 0 0 0 0 0 0 0 0.999212958486343
  2 22 9 4 100 0 0 0.176196185694481 0 0 0 0 0 0 0 0.823803814305519
  2 23 9 3 100 0 0.049595201722657 0 0 0 0 0 0 0 0 0.950404798277343
  2 23 9 3 100 0 0 0.148785605167971 0 0 0 0 0 0 0 0.851214394832029
  2 23 9 4 100 0 0.157951468725871 0 0 0 0 0 0 0 0 0.842048531274129
  2 23 9 4 100 0 0 0.055283014054055 0 0 0 0 0 0 0 0.944716985945945
  2 24 9 4 100 0 0.188488964649394 0 0 0 0 0 0 0 0 0.811511035350606
  2 33 9 3 100 0 0.364927498156778 0 0 0 0 0 0 0 0 0.635072501843222
  2 35 9 3 100 0 0 0.270068429973978 0 0 0 0 0 0 0 0.729931570026022
  2 35 9 4 100 0 0 0 0 0.190210230604554 0 0 0 0 0 0.809789769395446
  2 35 9 5 100 0 0 0 0 0 0.723722648372566 0 0 0 0 0.276277351627434
  2 36 9 3 100 0 0.539598418613878 0 0 0 0 0 0 0 0 0.460401581386122
  2 36 9 4 100 0 0 0 0 0 0.408094134268134 0 0 0 0 0.591905865731866
  2 37 9 4 100 0 0 0 0 0.472159139908587 0 0 0 0 0 0.527840860091414
  2 38 9 3 100 0 0 0 0 0.0847151240028324 0 0 0 0 0 0.915284875997168
  2 38 9 3 100 0 0 0.211787810007081 0 0 0 0 0 0 0 0.788212189992919
  2 38 9 4 100 0 0 0 0 0.327283546563523 0 0 0 0 0 0.672716453436477
  2 38 9 4 100 0 0 0 0 0 0.0952097590002975 0 0 0 0 0.904790240999702
  2 38 9 5 100 0 0 0 0 0 1 0 0 0 0 0
  2 42 9 4 100 0 0 0.490778487047249 0 0 0 0 0 0 0 0.509221512952752
  3 2 9 5 100 0 0 0 0 0 0.519099361487622 0 0 0 0 0.480900638512378
  4 18 9 5 100 0 0 0 0.597014925373134 0 0 0 0 0 0 0.402985074626866
  4 19 9 3 100 0 0.121054347467627 0 0 0 0 0 0 0 0 0.878945652532373
  4 22 9 4 100 0 0 0 0.0903585215648872 0 0 0 0 0 0 0.909641478435113
  4 22 9 4 100 0 0 0 0 0 0.123113485632159 0 0 0 0 0.876886514367841
  4 23 9 3 100 0 0.258064516129032 0 0 0 0 0 0 0 0 0.741935483870968
  4 23 9 4 100 0 0.055800976517089 0 0 0 0 0 0 0 0 0.944199023482911
  4 27 9 4 100 0 0 0.128068303094984 0 0 0 0 0 0 0 0.871931696905016
  1 21 10 3 100 0 0.25740214672111 0 0 0 0 0 0 0 0 0.742597853278889
  1 21 10 3 100 0 0 0 0 0 0.0429003577868517 0 0 0 0 0.957099642213148
  1 32 10 3 100 0 0 0 0 0 0.0985874292679451 0 0 0 0 0.901412570732055
  2 35 10 3 100 0 0.0488945079273024 0 0 0 0 0 0 0 0 0.951105492072698
# end survey diet proportion observations 
#  
