# This file was created using create_datpin_files.R function write_tsDatFile
      #and used all inputs from csv files found in folder:
      #hydradata/data-raw
# Survey index data 
# Number of observations, init_int Nsurvey_obs
  833
# init_matrix obs_survey_biomass(1,Nsurvey_obs,1,5)
# survey year spp value cv
1 1 7 89247.12  0.213
2 1 7 9995.15 0.254
1 2 7 111134.58 0.222
2 2 7 11753.74  0.188
1 3 7 30623.65  0.394
2 3 7 50308.7 0.424
1 4 7 138845.65 0.31
2 4 7 157535.72 0.327
1 5 7 67295.71  0.379
2 5 7 25320.03  0.391
1 6 7 228706.2  0.494
2 6 7 25772.32  0.376
1 7 7 162479.02 0.759
2 7 7 28108.97  0.665
1 8 7 176197.6  0.383
2 8 7 50443.76  0.434
1 9 7 167405.04 0.489
2 9 7 58373.3 0.392
1 10  7 142219.51 0.382
2 10  7 95540.95  0.334
1 11  7 140316.01 0.567
2 11  7 141665.19 0.868
1 12  7 73534.87  0.382
2 12  7 28103.98  0.445
1 13  7 325835.39 0.438
2 13  7 332752.01 0.947
1 14  7 160546.43 0.482
2 14  7 69665.21  0.377
1 15  7 356504.71 0.421
2 15  7 94275.98  0.615
1 16  7 142314.49 0.515
2 16  7 131338.5  0.704
1 17  7 55559.09  0.56
2 17  7 59570.34  0.32
1 18  7 95967.9 0.479
2 18  7 52551.9 0.414
1 19  7 103830.3  0.429
2 19  7 86399.31  0.388
1 20  7 130608.6  0.477
2 20  7 95588.52  0.316
1 21  7 344527.48 0.411
2 21  7 106123.85 0.63
1 22  7 151939.01 0.295
2 22  7 87016.72  0.335
1 23  7 80397.5 0.477
2 23  7 12762.34  0.408
1 24  7 259418.84 0.385
2 24  7 7953.11 0.43
1 25  7 127568.45 0.333
2 25  7 126597.56 0.844
1 26  7 165479.2  0.685
2 26  7 25036.67  0.43
1 27  7 118164.39 0.287
2 27  7 5456.86 0.813
1 28  7 500351.97 0.372
2 28  7 15257.42  0.533
1 29  7 265122.95 0.593
2 29  7 15651.63  0.59
1 30  7 210241.83 0.374
2 30  7 4942.25 0.702
1 31  7 235384.5  0.304
2 31  7 1121.74 0.211
3 32  7 115137.25 0.234
4 32  7 1435.21 0.33
3 33  7 170784.22 0.27
4 33  7 859.1 0.46
3 34  7 128129.75 0.35
4 34  7 6538.75 0.838
3 35  7 778185.88 0.343
4 35  7 1785.85 0.292
3 36  7 339907.8  0.262
4 36  7 1600.78 0.425
3 37  7 173454.51 0.417
4 37  7 128723.56 0.288
3 38  7 153832.63 0.441
4 38  7 2123.51 0.867
3 39  7 182687.98 0.495
4 39  7 130235.32 0.557
3 40  7 105777.31 0.238
4 40  7 282.75  0.295
3 41  7 172195.37 0.327
4 41  7 46056.38  0.994
3 42  7 339645.54 0.368
4 42  7 322.44  0.462
1 1 9 31637.05  0.151
2 1 9 46702.24  0.609
1 2 9 45641.12  0.194
2 2 9 10625.12  0.209
1 3 9 38217.55  0.193
2 3 9 16274.74  0.223
1 4 9 47291.24  0.243
2 4 9 19615.03  0.216
1 5 9 60577.07  0.242
2 5 9 34088.65  0.167
1 6 9 99723.64  0.269
2 6 9 91075.78  0.203
1 7 9 98202.95  0.196
2 7 9 60072.11  0.198
1 8 9 59587.76  0.24
2 8 9 108762.34 0.204
1 9 9 90245.38  0.307
2 9 9 59821.36  0.16
1 10  9 72134 0.159
2 10  9 76344.31  0.197
1 11  9 48805.14  0.209
2 11  9 101543.93 0.188
1 12  9 40174.49  0.203
2 12  9 57578.65  0.21
1 13  9 69912.98  0.239
2 13  9 47905.57  0.198
1 14  9 35352.83  0.171
2 14  9 47293.11  0.255
1 15  9 26166.68  0.179
2 15  9 40734.39  0.233
1 16  9 13843.87  0.21
2 16  9 24132.99  0.169
1 17  9 13343.93  0.17
2 17  9 7008.97 0.201
1 18  9 14960.01  0.194
2 18  9 10174.93  0.212
1 19  9 13974.52  0.188
2 19  9 21892.83  0.255
1 20  9 15990.31  0.248
2 20  9 9981.8  0.296
1 21  9 31392.27  0.223
2 21  9 7936.87 0.344
1 22  9 45586.2 0.316
2 22  9 14675.4 0.375
1 23  9 43563.67  0.256
2 23  9 17645.58  0.296
1 24  9 34795.26  0.219
2 24  9 15611.18  0.333
1 25  9 71894.95  0.25
2 25  9 8733.12 0.267
1 26  9 24281.31  0.187
2 26  9 9513.63 0.36
1 27  9 41131.1 0.199
2 27  9 7431.67 0.231
1 28  9 20690.59  0.188
2 28  9 5751.49 0.306
1 29  9 21493.12  0.235
2 29  9 9090.68 0.308
1 30  9 23799.16  0.263
2 30  9 21332.36  0.62
1 31  9 64393.4 0.255
2 31  9 15362.11  0.41
3 32  9 55571.2 0.237
4 32  9 26399.99  0.252
3 33  9 42163.24  0.173
4 33  9 8596.79 0.266
3 34  9 35904.89  0.262
4 34  9 18860.29  0.279
3 35  9 25413.98  0.178
4 35  9 16276.32  0.229
3 36  9 15586.73  0.162
4 36  9 8273.83 0.234
3 37  9 38968.57  0.585
4 37  9 8625.12 0.231
3 38  9 35312.26  0.182
4 38  9 12078.59  0.148
3 39  9 45746.09  0.186
4 39  9 10441.36  0.234
3 40  9 44660.95  0.17
4 40  9 24181.22  0.198
3 41  9 39020.34  0.193
4 41  9 23452.93  0.18
3 42  9 57565.97  0.256
4 42  9 23003.62  0.192
1 1 2 95.2  0.601
2 1 2 915.54  0.565
2 2 2 1225.04 0.686
2 3 2 1004.45 0.379
1 4 2 4.3 1
2 4 2 1192.06 0.459
1 5 2 47.04 0.611
2 5 2 74.2  0.781
1 6 2 12.12 0.702
2 6 2 28.67 0.462
1 7 2 120.52  0.948
2 7 2 575.46  0.685
1 8 2 33.48 0.544
2 8 2 674.07  0.424
1 9 2 383.07  0.539
2 9 2 1020  0.455
1 10  2 2196.21 0.881
2 10  2 227.94  0.419
1 11  2 8495.46 0.8
2 11  2 221.38  0.839
1 12  2 556.24  0.775
2 12  2 123.39  0.425
1 13  2 1744.07 0.863
2 13  2 360.13  0.387
1 14  2 125.07  0.704
2 14  2 767.18  0.313
1 15  2 7647.3  0.457
2 15  2 2801.65 0.46
1 16  2 6350.98 0.853
2 16  2 10124.34  0.629
1 17  2 3174.69 0.611
2 17  2 3540.82 0.39
1 18  2 10663.1 0.417
2 18  2 3213.38 0.495
1 19  2 9605.99 0.691
2 19  2 2544.3  0.347
1 20  2 10369.24  0.794
2 20  2 3968.83 0.527
1 21  2 3087.87 0.339
2 21  2 6396.15 0.61
1 22  2 2223.35 0.602
2 22  2 5332.62 0.389
1 23  2 4976.78 0.659
2 23  2 6447.51 0.289
1 24  2 1957.22 0.637
2 24  2 5742.43 0.481
1 25  2 188.97  0.51
2 25  2 3117.8  0.338
1 26  2 4562.41 0.548
2 26  2 312.02  0.346
1 27  2 2312.97 0.493
2 27  2 1157.76 0.332
1 28  2 2539.63 0.748
2 28  2 444.57  0.448
1 29  2 46.01 0.452
2 29  2 533.63  0.305
1 30  2 4270.06 0.797
2 30  2 1129.39 0.605
1 31  2 1073.12 0.667
2 31  2 1105.02 0.36
3 32  2 21976.45  0.968
4 32  2 394.64  0.423
3 33  2 5153.13 0.405
4 33  2 2611.19 0.466
3 34  2 6223.12 0.815
4 34  2 6766.86 0.506
3 35  2 5303.76 0.533
4 35  2 3502.43 0.287
3 36  2 62.87 0.372
4 36  2 3810.94 0.366
3 37  2 2377.64 0.791
4 37  2 5268.04 0.488
3 38  2 1075.29 0.633
4 38  2 3619.61 0.645
3 39  2 48616.46  0.827
4 39  2 637.25  0.354
3 40  2 5963.39 0.9
4 40  2 1459.74 0.396
3 41  2 2488.62 0.958
4 41  2 186.15  0.496
3 42  2 1680.83 0.559
4 42  2 1944.3  0.605
1 1 6 4317.12 0.208
2 1 6 7728.4  0.784
1 2 6 3292.35 0.201
2 2 6 1841.75 0.421
1 3 6 2901.29 0.213
2 3 6 5141.94 0.282
1 4 6 10894.36  0.639
2 4 6 10950.72  0.516
1 5 6 14330.58  0.771
2 5 6 935.91  0.477
1 6 6 3630.77 0.318
2 6 6 2093.25 0.386
1 7 6 2464.35 0.23
2 7 6 1822.6  0.531
1 8 6 3729.72 0.223
2 8 6 1581.38 0.349
1 9 6 4379.6  0.263
2 9 6 5577.21 0.357
1 10  6 4544.49 0.349
2 10  6 5379.52 0.329
1 11  6 4541.77 0.221
2 11  6 1012.04 0.4
1 12  6 4440.15 0.255
2 12  6 2316.37 0.607
1 13  6 5849.23 0.234
2 13  6 6777.63 0.69
1 14  6 1896.94 0.241
2 14  6 2493.82 0.465
1 15  6 4301.19 0.475
2 15  6 347.86  0.45
1 16  6 1677.91 0.272
2 16  6 3747.55 0.627
1 17  6 2549.99 0.293
2 17  6 4796.28 0.332
1 18  6 1457.27 0.298
2 18  6 2592.09 0.724
1 19  6 1831.26 0.255
2 19  6 28738.32  0.972
1 20  6 1813.25 0.288
2 20  6 549.6 0.394
1 21  6 2189.11 0.333
2 21  6 1082.79 0.584
1 22  6 1814.63 0.301
2 22  6 3687.04 0.468
1 23  6 3971  0.313
2 23  6 3963.09 0.449
1 24  6 3859.01 0.189
2 24  6 1662.46 0.343
1 25  6 3129.06 0.26
2 25  6 1637.23 0.383
1 26  6 3107.07 0.293
2 26  6 817.23  0.337
1 27  6 2487.48 0.389
2 27  6 142.98  0.322
1 28  6 1962.43 0.345
2 28  6 1063.85 0.537
1 29  6 2048.8  0.31
2 29  6 832.53  0.451
1 30  6 3071.14 0.348
2 30  6 312.22  0.484
1 31  6 3555.52 0.211
2 31  6 1478.12 0.505
3 32  6 5612.13 0.26
4 32  6 5390.26 0.437
3 33  6 3430.24 0.184
4 33  6 3120.04 0.417
3 34  6 6619.43 0.225
4 34  6 8958.77 0.427
3 35  6 4519.09 0.214
4 35  6 7600.57 0.358
3 36  6 4183.47 0.242
4 36  6 9649.06 0.34
3 37  6 5740.12 0.278
4 37  6 7259.02 0.286
3 38  6 3010.73 0.3
4 38  6 6187.35 0.212
3 39  6 5868.16 0.375
4 39  6 4221.09 0.199
3 40  6 2753.76 0.253
4 40  6 3262.81 0.263
3 41  6 3370.06 0.344
4 41  6 3114.23 0.303
3 42  6 3369.8  0.191
4 42  6 2634.58 0.233
1 1 1 29249.09  0.242
2 1 1 51735.21  0.25
1 2 1 24443.46  0.143
2 2 1 25343.92  0.164
1 3 1 13085.82  0.225
2 3 1 27835.02  0.192
1 4 1 22579.6 0.324
2 4 1 35265.57  0.162
1 5 1 5959.03 0.321
2 5 1 107473.04 0.822
1 6 1 16876.78  0.452
2 6 1 36080.6 0.192
1 7 1 14996.19  0.282
2 7 1 30528.43  0.262
1 8 1 4824.14 0.414
2 8 1 30251.71  0.19
1 9 1 5353.01 0.406
2 9 1 23504.98  0.178
1 10  1 7559.67 0.291
2 10  1 15258.2 0.157
1 11  1 12211.01  0.325
2 11  1 23515.28  0.174
1 12  1 7773.46 0.295
2 12  1 13229.25  0.195
1 13  1 17138.91  0.44
2 13  1 15889.18  0.186
1 14  1 2463.57 0.372
2 14  1 12703.2 0.152
1 15  1 5543.02 0.342
2 15  1 9204.08 0.233
1 16  1 2521.57 0.417
2 16  1 10428.73  0.284
1 17  1 5992.99 0.501
2 17  1 2080.3  0.495
1 18  1 6661.5  0.39
2 18  1 9137.18 0.391
1 19  1 3377.96 0.294
2 19  1 12150.29  0.322
1 20  1 5041.25 0.526
2 20  1 5567.65 0.218
1 21  1 6712.85 0.266
2 21  1 17838.17  0.421
1 22  1 3278.32 0.375
2 22  1 6162.9  0.227
1 23  1 2648.06 0.352
2 23  1 12800.86  0.384
1 24  1 5288.04 0.347
2 24  1 4861.99 0.331
1 25  1 25990.92  0.579
2 25  1 5957.87 0.247
1 26  1 5571.63 0.46
2 26  1 5256.31 0.394
1 27  1 8758.19 0.54
2 27  1 39416.83  0.729
1 28  1 3472.71 0.364
2 28  1 5531.35 0.279
1 29  1 3621.19 0.563
2 29  1 10010.71  0.316
1 30  1 1782.59 0.42
2 30  1 9185.74 0.305
1 31  1 4710.85 0.404
2 31  1 7012.35 0.278
3 32  1 5965.91 0.491
4 32  1 5783.51 0.33
3 33  1 4155.79 0.537
4 33  1 5677.25 0.331
3 34  1 5567.49 0.379
4 34  1 2506.5  0.279
3 35  1 1932.58 0.52
4 35  1 4662.98 0.274
3 36  1 2611.54 0.556
4 36  1 10800.81  0.714
3 37  1 1618.36 0.588
4 37  1 3990.37 0.34
3 38  1 5304.96 0.325
4 38  1 2417.77 0.3
3 39  1 7997.45 0.502
4 39  1 8415.58 0.438
3 40  1 1617.59 0.403
4 40  1 13891.67  0.41
3 41  1 2355.4  0.479
4 41  1 3730.18 0.362
3 42  1 2753.69 0.647
4 42  1 8501.6  0.816
1 1 5 23751.59  0.476
2 1 5 52419.2 0.331
1 2 5 61243.68  0.846
2 2 5 30015.89  0.214
1 3 5 25143.28  0.345
2 3 5 83508.86  0.426
1 4 5 14905.71  0.264
2 4 5 54347.19  0.227
1 5 5 11460.61  0.47
2 5 5 21447.6 0.259
1 6 5 5006.79 0.386
2 6 5 19354.5 0.273
1 7 5 7081.53 0.438
2 7 5 11809.26  0.26
1 8 5 6172.01 0.369
2 8 5 19875.35  0.42
1 9 5 9643.49 0.424
2 9 5 9775.99 0.314
1 10  5 1803.02 0.405
2 10  5 8426.7  0.466
1 11  5 13258.36  0.481
2 11  5 5190.95 0.267
1 12  5 5741.65 0.469
2 12  5 7785.18 0.284
1 13  5 5194.87 0.541
2 13  5 13360.08  0.369
1 14  5 1580.48 0.47
2 14  5 6246.72 0.47
1 15  5 2953.48 0.502
2 15  5 3128.35 0.342
1 16  5 10788.46  0.585
2 16  5 4526.18 0.423
1 17  5 3547.46 0.562
2 17  5 12629.01  0.784
1 18  5 24090.95  0.498
2 18  5 13761.53  0.676
1 19  5 6254.1  0.48
2 19  5 43760.63  0.712
1 20  5 12580.98  0.807
2 20  5 36240.79  0.834
1 21  5 9364.18 0.336
2 21  5 9122.38 0.429
1 22  5 32477.2 0.866
2 22  5 12248.76  0.425
1 23  5 25303.16  0.614
2 23  5 33803.93  0.657
1 24  5 30763.72  0.748
2 24  5 15506.9 0.51
1 25  5 76390.08  0.472
2 25  5 34905.75  0.358
1 26  5 31321.9 0.496
2 26  5 25857.12  0.435
1 27  5 75660.09  0.314
2 27  5 66547.5 0.356
1 28  5 29001.3 0.389
2 28  5 32405.1 0.264
1 29  5 39064.58  0.429
2 29  5 27152.86  0.346
1 30  5 62269.04  0.854
2 30  5 66783.33  0.297
1 31  5 26971.93  0.571
2 31  5 57450.09  0.563
3 32  5 41259.01  0.34
4 32  5 60303.97  0.356
3 33  5 23706.27  0.299
4 33  5 61895.99  0.189
3 34  5 66659.92  0.255
4 34  5 36006.52  0.231
3 35  5 54064.22  0.63
4 35  5 82663.22  0.261
3 36  5 99914.61  0.254
4 36  5 87897.24  0.337
3 37  5 135678.32 0.192
4 37  5 321730.47 0.446
3 38  5 198608.59 0.387
4 38  5 245187.38 0.211
3 39  5 176834.13 0.368
4 39  5 213605.74 0.17
3 40  5 139351.36 0.474
4 40  5 132253.25 0.191
3 41  5 29333.11  0.36
4 41  5 106350.3  0.4
3 42  5 7396.96 0.353
4 42  5 89957.76  0.274
1 1 10  3928.63 0.167
2 1 10  1192.64 0.179
1 2 10  3712.81 0.168
2 2 10  1228.39 0.194
1 3 10  9175.36 0.202
2 3 10  4234.94 0.267
1 4 10  2935.64 0.278
2 4 10  2435.85 0.261
1 5 10  3082.52 0.26
2 5 10  2764.49 0.237
1 6 10  3533.36 0.355
2 6 10  4131.76 0.198
1 7 10  877.69  0.296
2 7 10  2109.19 0.33
1 8 10  1232.1  0.241
2 8 10  1181.22 0.364
1 9 10  949.96  0.34
2 9 10  921.68  0.261
1 10  10  773.35  0.294
2 10  10  492.62  0.25
1 11  10  294.04  0.388
2 11  10  870.78  0.212
1 12  10  1246.79 0.466
2 12  10  891.15  0.248
1 13  10  1083.63 0.279
2 13  10  1580.58 0.365
1 14  10  1049.93 0.264
2 14  10  1248.21 0.201
1 15  10  1080.81 0.402
2 15  10  1600.61 0.428
1 16  10  565.54  0.398
2 16  10  522.76  0.263
1 17  10  1292.41 0.272
2 17  10  995.88  0.262
1 18  10  1082.79 0.544
2 18  10  2573.89 0.5
1 19  10  1459.8  0.466
2 19  10  2660.37 0.352
1 20  10  3196.37 0.397
2 20  10  3675.56 0.353
1 21  10  6224.96 0.369
2 21  10  2439.48 0.245
1 22  10  7333.42 0.275
2 22  10  7752.84 0.471
1 23  10  5487.28 0.476
2 23  10  6321.25 0.28
1 24  10  11033.35  0.399
2 24  10  5047.26 0.35
1 25  10  3884.02 0.444
2 25  10  10439.24  0.379
1 26  10  4669.55 0.335
2 26  10  5624.74 0.484
1 27  10  4591.44 0.443
2 27  10  1677.77 0.319
1 28  10  2259.92 0.488
2 28  10  2851.73 0.408
1 29  10  5951.64 0.284
2 29  10  2028.06 0.297
1 30  10  12621.41  0.318
2 30  10  6321.95 0.267
1 31  10  9449.94 0.335
2 31  10  4740.69 0.298
3 32  10  7152.95 0.304
4 32  10  4872.21 0.273
3 33  10  2807.14 0.326
4 33  10  6120.92 0.314
3 34  10  2898.91 0.318
4 34  10  2614.91 0.255
3 35  10  2867.63 0.435
4 35  10  3620.07 0.478
3 36  10  1010.47 0.342
4 36  10  1053.8  0.255
3 37  10  1168.06 0.341
4 37  10  749.65  0.215
3 38  10  518.63  0.614
4 38  10  531.21  0.201
3 39  10  838.11  0.352
4 39  10  608.14  0.335
3 40  10  1316.15 0.817
4 40  10  275.64  0.228
3 41  10  609.71  0.506
4 41  10  53.59 0.351
3 42  10  586.89  0.324
4 42  10  384.95  0.455
1 1 8 7140.43 0.19
2 1 8 3142.39 0.323
1 2 8 10470.65  0.163
2 2 8 1643.69 0.229
1 3 8 7624.46 0.342
2 3 8 3283.66 0.242
1 4 8 8287.08 0.229
2 4 8 4290.5  0.282
1 5 8 7641.47 0.248
2 5 8 3540.14 0.279
1 6 8 8384.15 0.357
2 6 8 11803.57  0.288
1 7 8 5097.74 0.306
2 7 8 10199.2 0.298
1 8 8 3249.12 0.31
2 8 8 5238.46 0.291
1 9 8 2894.34 0.377
2 9 8 3447.1  0.277
1 10  8 1981.15 0.375
2 10  8 2217.23 0.216
1 11  8 2753.25 0.312
2 11  8 3384.02 0.229
1 12  8 1345.5  0.291
2 12  8 1767.52 0.334
1 13  8 1253.55 0.258
2 13  8 2272.24 0.37
1 14  8 2377.79 0.424
2 14  8 2248.35 0.242
1 15  8 1387.41 0.253
2 15  8 1642.91 0.237
1 16  8 1386.69 0.282
2 16  8 763.19  0.235
1 17  8 3096.86 0.309
2 17  8 916.24  0.418
1 18  8 2953.06 0.228
2 18  8 1863.85 0.364
1 19  8 4770.41 0.445
2 19  8 1977.64 0.229
1 20  8 6262.03 0.355
2 20  8 1535.83 0.522
1 21  8 9948.38 0.288
2 21  8 1797.51 0.325
1 22  8 6785.61 0.332
2 22  8 3909.59 0.405
1 23  8 10188.17  0.374
2 23  8 4498.06 0.326
1 24  8 11020.36  0.293
2 24  8 2067.35 0.252
1 25  8 13211.61  0.364
2 25  8 5718.79 0.319
1 26  8 8722.58 0.37
2 26  8 1549.75 0.388
1 27  8 6146.76 0.399
2 27  8 827.48  0.24
1 28  8 5121.37 0.324
2 28  8 1287.8  0.415
1 29  8 3902.84 0.368
2 29  8 906.59  0.279
1 30  8 3927.88 0.352
2 30  8 1133.69 0.227
1 31  8 8051.12 0.481
2 31  8 6700.44 0.54
3 32  8 7095.67 0.285
4 32  8 1781.77 0.343
3 33  8 6025.14 0.419
4 33  8 1874.95 0.234
3 34  8 7270.68 0.363
4 34  8 1261.54 0.231
3 35  8 8637.23 0.383
4 35  8 2301.61 0.243
3 36  8 3005.39 0.326
4 36  8 2089.74 0.341
3 37  8 993.99  0.324
4 37  8 3125.05 0.4
3 38  8 4696.96 0.425
4 38  8 781.8 0.188
3 39  8 1848.36 0.249
4 39  8 1536.38 0.265
3 40  8 1082.89 0.342
4 40  8 2493.89 0.365
3 41  8 1625.78 0.303
4 41  8 883.52  0.389
3 42  8 1949.05 0.491
4 42  8 596.8 0.242
1 1 3 528.89  0.499
1 2 3 175.82  0.358
2 2 3 111.87  0.577
1 3 3 148.21  0.678
2 3 3 180.48  0.738
1 4 3 9.96  1
2 4 3 482.83  0.521
1 5 3 82.89 0.693
2 5 3 1.99  1
1 6 3 14.14 1
2 6 3 190.48  0.485
1 7 3 22.86 0.912
1 8 3 22.21 0.656
2 8 3 4769.83 0.75
1 9 3 58.25 0.671
2 9 3 36.87 0.473
1 10  3 19.55 0.631
2 10  3 121.16  0.919
1 11  3 21.87 0.496
1 12  3 6.62  0.741
2 12  3 11.2  1
1 13  3 34.87 0.361
1 14  3 2580.71 0.548
2 14  3 82.55 0.479
1 15  3 1360.94 0.43
2 15  3 25.85 0.655
1 16  3 665.34  0.691
2 16  3 3412.28 0.861
1 17  3 421.93  0.427
2 17  3 1254.51 0.572
1 18  3 656.95  0.506
2 18  3 279.92  0.488
1 19  3 688.62  0.645
2 19  3 1269.88 0.519
1 20  3 9293.94 0.899
2 20  3 3206.34 0.596
1 21  3 1286.08 0.544
2 21  3 1388.79 0.466
1 22  3 2612.81 0.882
2 22  3 5187.11 0.568
1 23  3 621.28  0.408
2 23  3 15890.87  0.357
1 24  3 3843.35 0.926
2 24  3 35285.27  0.54
1 25  3 41.77 0.649
2 25  3 952.38  0.576
1 26  3 5777.52 0.696
2 26  3 201.04  0.55
1 27  3 692.18  0.709
2 27  3 25.68 0.496
1 28  3 12.88 0.49
1 29  3 3.07  0.704
2 29  3 47.16 0.875
1 30  3 395.36  0.632
2 30  3 9583.65 0.908
1 31  3 219.16  0.627
2 31  3 142.95  0.712
3 32  3 1468.39 0.662
4 32  3 2989.95 0.86
3 33  3 72.61 0.783
4 33  3 2219.73 0.598
3 34  3 314.81  0.543
4 34  3 1360.93 0.743
3 35  3 1437.24 0.871
4 35  3 12465.06  0.446
3 36  3 35.33 0.492
4 36  3 4579.26 0.49
3 37  3 4342.21 0.91
4 37  3 1576.38 0.434
3 38  3 5800  0.645
4 38  3 16619.54  0.485
3 39  3 8680.14 0.515
4 39  3 8752.94 0.389
3 40  3 9588.83 0.443
4 40  3 25704.09  0.395
3 41  3 621.46  0.886
4 41  3 2861.9  0.538
3 42  3 19155.47  0.983
4 42  3 9683.33 0.85
1 1 4 2622.13 0.239
2 1 4 121.67  0.731
1 2 4 4797.24 0.18
2 2 4 439.65  0.333
1 3 4 2551.72 0.286
2 3 4 44.81 0.52
1 4 4 2060.99 0.363
2 4 4 978.69  0.305
1 5 4 1010.33 0.504
2 5 4 856.26  0.472
1 6 4 1464.02 0.296
2 6 4 675.9 0.545
1 7 4 588.04  0.489
2 7 4 410.48  0.478
1 8 4 1512.48 0.37
2 8 4 109.13  1
1 9 4 786.31  0.528
2 9 4 790.6 0.533
1 10  4 310.64  0.512
2 10  4 480.6 0.484
1 11  4 828.65  0.565
2 11  4 263.55  0.586
1 12  4 888.91  0.403
2 12  4 47.04 1
1 13  4 1011.36 0.434
2 13  4 1081.81 0.578
1 14  4 202.93  0.645
2 14  4 32.58 1
1 15  4 672.75  0.573
2 15  4 4.7 1
1 16  4 80.65 0.625
2 16  4 125.73  0.619
1 17  4 1036.38 0.397
2 17  4 416.68  0.6
1 18  4 312.42  0.66
2 18  4 202.54  0.574
1 19  4 425.77  0.421
2 19  4 320.88  0.562
1 20  4 438.55  0.511
2 20  4 221.58  0.755
1 21  4 1127.73 0.341
2 21  4 29.96 0.64
1 22  4 492.18  0.558
2 22  4 269.63  0.652
1 23  4 1005.78 0.358
2 23  4 376.62  0.817
1 24  4 739.1 0.351
2 24  4 115.66  0.458
1 25  4 2188.04 0.317
2 25  4 576.4 0.659
1 26  4 1102.3  0.373
2 26  4 596.99  0.566
1 27  4 846.01  0.34
2 27  4 138.16  0.702
1 28  4 1239.86 0.357
2 28  4 464.97  0.477
1 29  4 1351.95 0.528
2 29  4 533.26  0.562
1 30  4 778.68  0.415
2 30  4 463.26  0.558
1 31  4 690.8 0.494
2 31  4 18.79 0.865
3 32  4 172.14  0.341
4 32  4 260.76  0.526
3 33  4 278.61  0.261
4 33  4 71.27 0.518
3 34  4 366.17  0.219
4 34  4 283.12  0.446
3 35  4 423.05  0.271
4 35  4 119.7 0.37
3 36  4 282.12  0.322
4 36  4 418.43  0.389
3 37  4 233.76  0.241
4 37  4 231.06  0.36
3 38  4 328.55  0.311
4 38  4 217.96  0.438
3 39  4 405.02  0.289
4 39  4 430.6 0.247
3 40  4 2308.48 0.364
4 40  4 533.87  0.288
3 41  4 748.34  0.244
4 41  4 1228.2  0.386
3 42  4 959.41  0.263
4 42  4 307.32  0.353
# end survey index observations 
#  
# Survey size comp data 
# Number of observations, init_int Nsurvey_size_obs 
  833
# init_matrix obs_survey_size(1,Nsurvey_size_obs,1,ncol) 
# Survey  Year  Species Type (0=whole, 1=retained, 2=discard) InpN, proportion by length bin 
1 1 1 0 57  0.213169221 0.161170628 0.455874256 0.147407348 0.022378547
1 2 1 0 65  0.185270362 0.311311643 0.234709027 0.242074245 0.026634723
1 3 1 0 32  0.292239167 0.261431563 0.294515755 0.135314674 0.01649884
1 4 1 0 32  0.357554701 0.276752787 0.252849101 0.079726991 0.03311642
1 5 1 0 21  0.325192793 0.404386077 0.207609822 0.044214201 0.018597108
1 6 1 0 18  0.412362983 0.307578297 0.188113035 0.091945685 0
1 7 1 0 25  0.448806408 0.155000799 0.311387931 0.078762934 0.006041929
1 8 1 0 20  0.477080455 0.22327704  0.23061431  0.049439801 0.019588394
1 9 1 0 16  0.488383952 0.422499201 0.05897961  0.015099402 0.015037835
1 10  1 0 19  0.206885668 0.422537619 0.300950191 0.051961196 0.017665327
1 11  1 0 20  0.386266109 0.278021443 0.250920253 0.053924284 0.03086791
1 12  1 0 22  0.351618127 0.443339135 0.173804837 0.026544029 0.004693872
1 13  1 0 23  0.101710594 0.26889874  0.366697384 0.223407754 0.039285529
1 14  1 0 14  0.375785425 0.269509751 0.321087117 0.033617706 0
1 15  1 0 21  0.17908117  0.516628086 0.230224377 0.074066367 0
1 16  1 0 14  0.585139355 0.27286491  0.10794947  0.034046265 0
1 17  1 0 17  0.191162599 0.410129935 0.294638803 0.094780145 0.009288518
1 18  1 0 19  0.201424136 0.407817749 0.360636968 0.030121147 0
1 19  1 0 18  0.216311315 0.267274956 0.461082126 0.055331603 0
1 20  1 0 15  0.150795332 0.362580605 0.409439809 0.077184255 0
1 21  1 0 21  0.107195142 0.613911289 0.236228865 0.042664704 0
1 22  1 0 13  0.183795124 0.367636094 0.317619808 0.130948974 0
1 23  1 0 14  0.412006661 0.46779101  0.095967773 0.024234557 0
1 24  1 0 14  0.084066667 0.421837898 0.450583079 0.043512355 0
1 25  1 0 18  0.13543681  0.227437591 0.52629458  0.109217354 0.001613665
1 26  1 0 14  0.337890116 0.296830135 0.305793463 0.059486287 0
1 27  1 0 23  0.57496761  0.076986476 0.229946722 0.108744561 0.00935463
1 28  1 0 14  0.146554952 0.600657696 0.193142648 0.059644704 0
1 29  1 0 17  0.325241211 0.329749018 0.304918759 0.040091012 0
1 30  1 0 18  0.39992336  0.362207538 0.187662027 0.0357688 0.014438274
1 31  1 0 20  0.726974057 0.141926461 0.127333664 0 0.003765818
3 32  1 0 10  0.52620102  0.401574167 0.061412257 0.009071676 0.001740882
3 33  1 0 15  0.572862361 0.356685292 0.068822895 0.001629453 0
3 34  1 0 18  0.490122058 0.378743948 0.106793731 0.024340262 0
3 35  1 0 8 0.141213927 0.610920708 0.192141349 0.048150739 0.007573277
3 36  1 0 12  0.298054013 0.535712683 0.152568861 0.013664444 0
3 37  1 0 8 0.621120584 0.183029058 0.148962769 0.035707704 0.011179886
3 38  1 0 16  0.246670445 0.614514106 0.10488795  0.033927499 0
3 39  1 0 10  0.019564349 0.579182069 0.341287927 0.055697766 0.004267889
3 40  1 0 10  0.429506962 0.313601109 0.213635027 0.043256902 0
3 41  1 0 13  0.470002962 0.271177584 0.233361658 0.025457796 0
3 42  1 0 8 0.375840182 0.229984017 0.317167827 0.077007975 0
1 1 2 0 11  0.018427855 0 0.343675308 0.637896837 0
1 4 2 0 1 0 0 0 1 0
1 5 2 0 5 0 0 0.326642609 0.673357391 0
1 6 2 0 1 0 1 0 0 0
1 7 2 0 3 0 0 0.436397366 0.461129427 0.102473206
1 8 2 0 4 0 0 0.504508399 0.495491601 0
1 9 2 0 5 0 0.012612318 0.974775363 0.012612318 0
1 10  2 0 10  0.00824971  0.152438732 0.61153106  0.217876998 0.0099035
1 11  2 0 13  0.0418136 0.024687563 0.73515805  0.19429314  0.004047647
1 12  2 0 15  0.087810961 0.024131364 0.712249212 0.175808464 0
1 13  2 0 9 0 0.060752826 0.871858025 0.066513288 0.000875862
1 14  2 0 6 0.027030164 0.148665903 0.789347374 0.034956558 0
1 15  2 0 13  0.004526767 0.178999129 0.75821984  0.058254264 0
1 16  2 0 10  0 0.057334123 0.785852249 0.156813628 0
1 17  2 0 10  0.09268337  0.157036529 0.711048566 0.039231535 0
1 18  2 0 18  0.90315519  0.000536693 0.089519381 0.006788735 0
1 19  2 0 27  0.030683916 0.4906107 0.472537179 0.006168204 0
1 20  2 0 23  0 0.323738933 0.638551988 0.03770908  0
1 21  2 0 25  0 0.43423371  0.55110044  0.01466585  0
1 22  2 0 9 0.00218985  0.131084398 0.857966354 0.008759398 0
1 23  2 0 8 0 0.037326223 0.903116706 0.059557071 0
1 24  2 0 9 0.026867652 0.323529415 0.643935948 0.005666985 0
1 25  2 0 14  0.55411009  0 0.340019095 0.105870815 0
1 26  2 0 18  0.980251803 0.006353705 0.012340033 0.00105446  0
1 27  2 0 16  0.013052077 0.486372264 0.473097749 0.02747791  0
1 28  2 0 6 0.008623178 0.301580154 0.631746124 0.058050543 0
1 29  2 0 8 0.081194706 0.219669645 0.699135649 0 0
1 30  2 0 17  0 0.065728484 0.866322064 0.067949452 0
1 31  2 0 9 0 0.169381377 0.78540563  0.045212993 0
3 32  2 0 30  0.008040287 0.734167187 0.257651093 0.000141434 0
3 33  2 0 24  0.111016575 0.762495813 0.124948689 0.001538924 0
3 34  2 0 25  0.00211383  0.923946717 0.069246401 0.004693052 0
3 35  2 0 16  0.000943463 0.399462738 0.597146197 0.002447602 0
3 36  2 0 13  0.794707667 0.035683665 0.162532832 0.007075837 0
3 37  2 0 8 0 0.066724981 0.933275019 0 0
3 38  2 0 10  0 0.034869996 0.95573332  0.009396684 0
3 39  2 0 13  0 0.081640946 0.855703526 0.062655527 0
3 40  2 0 8 0 0.038980184 0.943572778 0.017447038 0
3 41  2 0 5 0 0 0.561988179 0.438011821 0
3 42  2 0 17  0.714050822 0.018649531 0.201625327 0.065674319 0
1 1 3 0 27  0.981066687 0 0.00116984  0.010528168 0.007235305
1 2 3 0 13  0 0 0.573364837 0.166958451 0.259676712
1 3 3 0 5 0 0.091788269 0.151368622 0.55501828  0.201824829
1 4 3 0 2 0.480425959 0 0 0.519574041 0
1 5 3 0 5 0.143297009 0 0.763284659 0.093418332 0
1 6 3 0 1 0 0 0 1 0
1 7 3 0 3 0.396245962 0 0.603754038 0 0
1 8 3 0 3 0 0.473476117 0.526523883 0 0
1 9 3 0 4 1 0 0 0 0
1 10  3 0 4 0.847561303 0 0.152438697 0 0
1 11  3 0 4 0.323013793 0 0.676986207 0 0
1 12  3 0 2 0.599003923 0.400996077 0 0 0
1 13  3 0 8 0.864090486 0 0.135909514 0 0
1 14  3 0 19  0.975884976 0.01923099  0.004884034 0 0
1 15  3 0 15  0.140713105 0.848568579 0.00765107  0.003067246 0
1 16  3 0 12  0.223531059 0.113838057 0.655404003 0.007226881 0
1 17  3 0 14  0.045966702 0.79388922  0.160144077 0 0
1 18  3 0 14  0.644116348 0.276007361 0.078083306 0.001792985 0
1 19  3 0 15  0.922850855 0.032170482 0.044978662 0 0
1 20  3 0 17  0.01412802  0.839007591 0.146864389 0 0
1 21  3 0 12  0.688397049 0.305327619 0.006275333 0 0
1 22  3 0 11  0.077411461 0.742297638 0.180290902 0 0
1 23  3 0 16  0.628211408 0.294442927 0.072893791 0.004451873 0
1 24  3 0 15  0.043798244 0.858315187 0.096907704 0.000978866 0
1 25  3 0 4 0.472683237 0.468231359 0.059085405 0 0
1 26  3 0 14  0.961347924 0.028581148 0.010070928 0 0
1 27  3 0 6 0 0.515473265 0.484526735 0 0
1 28  3 0 4 0.75  0.25  0 0 0
1 29  3 0 2 1 0 0 0 0
1 30  3 0 10  0.996267367 0.003732633 0 0 0
1 31  3 0 9 0 0.096540603 0.903459397 0 0
3 32  3 0 12  0.105016767 0.284222  0.515693586 0.095067647 0
3 33  3 0 5 0.722220638 0.277779362 0 0 0
3 34  3 0 9 0.344882713 0.336368286 0.318749001 0 0
3 35  3 0 5 0.007988543 0.440476087 0.55153537  0 0
3 36  3 0 5 0.750461862 0 0.249538138 0 0
3 37  3 0 3 0 0.020976984 0.96809284  0.010930175 0
3 38  3 0 15  0.00997307  0.21782243  0.765776843 0.006427658 0
3 39  3 0 12  0.000945775 0.231196706 0.716700448 0.051157071 0
3 40  3 0 9 0.40215229  0.431796191 0.16605152  0 0
3 41  3 0 8 0.316297213 0.267916813 0.415785975 0 0
3 42  3 0 12  0.002772625 0.451694534 0.538140531 0.00739231  0
1 1 4 0 19  0.233988811 0 0.136267504 0.090069478 0.539674207
1 2 4 0 35  0.203400179 0.09849772  0.191932638 0.11704545  0.389124012
1 3 4 0 17  0.322667091 0 0.119385378 0.433073116 0.124874415
1 4 4 0 17  0.175625074 0.18169496  0.287817543 0.212269206 0.142593218
1 5 4 0 8 0.277403321 0.10198052  0.265011894 0.269337309 0.086266957
1 6 4 0 13  0 0.3627831 0.516005444 0.045289148 0.075922308
1 7 4 0 5 0 0.15416843  0.402114675 0.289548465 0.15416843
1 8 4 0 13  0.137317348 0 0.541381789 0.084759053 0.23654181
1 9 4 0 6 0.21482216  0.213642284 0.343735302 0.149507174 0.07829308
1 10  4 0 5 0 0.459282044 0.540717956 0 0
1 11  4 0 4 0 0.230422899 0 0 0.769577101
1 12  4 0 7 0.063631147 0.190893442 0.680790022 0 0.064685389
1 13  4 0 12  0.575242008 0 0.24201943  0.182738562 0
1 14  4 0 5 0.831837298 0 0.092053784 0.076108918 0
1 15  4 0 7 0.443682305 0.320189831 0 0.061136458 0.174991405
1 16  4 0 4 0.650457174 0.157149045 0.192393781 0 0
1 17  4 0 13  0.325284304 0.333681021 0.251560981 0.034877479 0.054596215
1 18  4 0 5 0.183704131 0.134803664 0.546688542 0.134803664 0
1 19  4 0 7 0 0.398922359 0.601077641 0 0
1 20  4 0 5 0 0.208811022 0.514823384 0.276365595 0
1 21  4 0 11  0.163663075 0.22598325  0.060780522 0.465326362 0.08424679
1 22  4 0 7 0.5943299 0 0.303936692 0 0.101733408
1 23  4 0 12  0.306837969 0.208038882 0.353585633 0.097482674 0.034054842
1 24  4 0 12  0.444724872 0.163168494 0.236191664 0.15591497  0
1 25  4 0 17  0.099649408 0.267077861 0.398770815 0.179045697 0.055456219
1 26  4 0 11  0.30806254  0.06431129  0.404065866 0.182476584 0.04108372
1 27  4 0 13  0.161960461 0.40873547  0.17753596  0.174622195 0.077145914
1 28  4 0 12  0.135153455 0.285470372 0.542972694 0.036403479 0
1 29  4 0 15  0.121917956 0.164567173 0.581893228 0.104479282 0.027142361
1 30  4 0 11  0.268406183 0.079971977 0.356092279 0.29552956  0
1 31  4 0 6 0 0.352009441 0.41058926  0.237401299 0
3 32  4 0 11  0.168794288 0.14990692  0.478706562 0.202592229 0
3 33  4 0 25  0.248803499 0.291999328 0.324368284 0.112831117 0.021997772
3 34  4 0 36  0.495997957 0.141534448 0.277504236 0.078696243 0.006267117
3 35  4 0 26  0.190198823 0.214018411 0.432158901 0.156521978 0.007101887
3 36  4 0 26  0.150802147 0.173069812 0.576870142 0.087026056 0.012231841
3 37  4 0 20  0.426847195 0.112777838 0.255479117 0.20489585  0
3 38  4 0 30  0.848060783 0.033231309 0.097407815 0.021300093 0
3 39  4 0 31  0.264743634 0.447241543 0.222644344 0.056202974 0.009167505
3 40  4 0 41  0.074841188 0.256921739 0.587698421 0.071692393 0.008846259
3 41  4 0 35  0.345289958 0.118557524 0.364508421 0.167144645 0.004499452
3 42  4 0 35  0.081871065 0.307342371 0.45676563  0.150222633 0.003798301
1 1 5 0 81  0.765271828 0.014043333 0.204763946 0.015574352 0.000346541
1 2 5 0 51  0.230924279 0.672258283 0.054418451 0.041460062 0.000938925
1 3 5 0 38  0.738355015 0.148088065 0.083249442 0.030307477 0
1 4 5 0 26  0.106611055 0.436333513 0.40192063  0.051762966 0.003371837
1 5 5 0 15  0.029648829 0.111180341 0.383122328 0.460136625 0.015911876
1 6 5 0 18  0.876547509 0.031322809 0.059914535 0.027015758 0.005199389
1 7 5 0 16  0.130243207 0.756646271 0.065762963 0.047347559 0
1 8 5 0 29  0.908206365 0.04586705  0.037524959 0.006825362 0.001576265
1 9 5 0 11  0.039723541 0.828436693 0.09566474  0.028749076 0.00742595
1 10  5 0 15  0.786733175 0.093540965 0.091453474 0.025335351 0.002937035
1 11  5 0 18  0.121242312 0.433955075 0.316003708 0.106352178 0.022446727
1 12  5 0 22  0.209785379 0.326307596 0.370017333 0.091600691 0.002289
1 13  5 0 22  0.33942935  0.24891417  0.320301749 0.089168525 0.002186206
1 14  5 0 16  0.832776551 0.05690971  0.093559045 0.016754694 0
1 15  5 0 24  0.664864642 0.294323747 0.023539608 0.013036887 0.004235115
1 16  5 0 16  0.18709137  0.611575685 0.187647865 0.013685079 0
1 17  5 0 10  0.394946185 0.404098413 0.172667618 0.028287783 0
1 18  5 0 13  0.215409409 0.476845403 0.288478888 0.0192663 0
1 19  5 0 27  0.355319414 0.175145545 0.417224463 0.052310579 0
1 20  5 0 18  0.091508371 0.551109977 0.341899638 0.015482014 0
1 21  5 0 31  0.432384363 0.340912246 0.208103601 0.017987941 0.000611849
1 22  5 0 10  0.208681944 0.163992278 0.541619181 0.08240935  0.003297248
1 23  5 0 17  0.309878394 0.429507736 0.240814864 0.018968466 0.00083054
1 24  5 0 21  0.444681178 0.205359754 0.308326661 0.041632407 0
1 25  5 0 20  0.011246602 0.561941962 0.394314561 0.031975095 0.000521781
1 26  5 0 45  0.963642954 0.004702973 0.027125184 0.004310798 0.000218091
1 27  5 0 34  0.919080707 0.019103555 0.054293316 0.0074409 8.1521E-05
1 28  5 0 30  0.407515899 0.543292574 0.044780186 0.004411341 0
1 29  5 0 28  0.166021951 0.726024668 0.10537884  0.002574541 0
1 30  5 0 26  0.048047122 0.436824827 0.511540735 0.003587316 0
1 31  5 0 21  0.112815395 0.141661617 0.72489354  0.020629448 0
3 32  5 0 35  0.137420514 0.07516664  0.698135174 0.089139447 0.000138224
3 33  5 0 41  0.936834988 0.009686531 0.046755915 0.006652793 6.97728E-05
3 34  5 0 47  0.913771945 0.068402977 0.015123704 0.002605262 9.61123E-05
3 35  5 0 28  0.335409813 0.653260641 0.010682328 0.000647218 0
3 36  5 0 60  0.976705939 0.022018463 0.00126577  9.82798E-06 0
3 37  5 0 53  0.979360695 0.016558884 0.004062929 1.74923E-05 0
3 38  5 0 51  0.50836616  0.459690355 0.031810049 0.000133437 0
3 39  5 0 52  0.86438699  0.132336897 0.00326562  1.0493E-05  0
3 40  5 0 40  0.259567892 0.701007417 0.039061314 0.000340059 2.33179E-05
3 41  5 0 36  0.673756952 0.299837371 0.025947275 0.000458403 0
3 42  5 0 28  0.603325278 0.30570727  0.089416677 0.001550775 0
1 1 6 0 91  0.786837199 0.032416409 0.157461548 0.017373869 0.005910974
1 2 6 0 97  0.734959446 0.10203878  0.138322077 0.020890444 0.003789253
1 3 6 0 60  0.830559109 0.092565546 0.072097949 0.004254159 0.000523237
1 4 6 0 47  0.368291614 0.204513486 0.397706763 0.028194556 0.001293581
1 5 6 0 48  0.366138779 0.234791134 0.375475083 0.022487945 0.00110706
1 6 6 0 37  0.1738923 0.430620951 0.368741675 0.02574515  0.000999923
1 7 6 0 51  0.807113603 0.108434938 0.081536898 0.002780236 0.000134325
1 8 6 0 55  0.944560613 0.032698705 0.02146456  0.00124921  2.69126E-05
1 9 6 0 49  0.420965257 0.404860654 0.165942809 0.00768009  0.00055119
1 10  6 0 41  0.148356231 0.601090035 0.228886951 0.019061717 0.002605065
1 11  6 0 45  0.797582555 0.11910169  0.079630008 0.003165476 0.000520271
1 12  6 0 49  0.664243667 0.239734472 0.09347197  0.00254989  0
1 13  6 0 62  0.792068497 0.133527954 0.068337996 0.006065552 0
1 14  6 0 42  0.837503793 0.100867589 0.058740965 0.002887654 0
1 15  6 0 56  0.706960076 0.215064505 0.075038058 0.002937361 0
1 16  6 0 39  0.135583062 0.81918258  0.040986185 0.004248173 0
1 17  6 0 54  0.590521922 0.344752958 0.059780418 0.004453698 0.000491004
1 18  6 0 46  0.796674556 0.157402585 0.042317883 0.003064422 0.000540554
1 19  6 0 38  0.242701622 0.547954406 0.203122952 0.00622102  0
1 20  6 0 45  0.775310976 0.158729541 0.060834349 0.005125134 0
1 21  6 0 49  0.827668621 0.131555069 0.035550549 0.004580115 0.000645645
1 22  6 0 41  0.87337605  0.112996687 0.011799508 0.001827755 0
1 23  6 0 41  0.889256874 0.062821157 0.043524652 0.004043702 0.000353615
1 24  6 0 53  0.552742974 0.401263739 0.036347368 0.008849807 0.000796112
1 25  6 0 51  0.537464388 0.418127709 0.043811984 0.000595919 0
1 26  6 0 51  0.802133868 0.182292214 0.015457972 0.000115946 0
1 27  6 0 52  0.365817473 0.535256903 0.089209719 0.009371376 0.000344528
1 28  6 0 43  0.403265178 0.53136966  0.063401763 0.001963399 0
1 29  6 0 57  0.833039684 0.132460239 0.034257301 0.000242776 0
1 30  6 0 54  0.440389281 0.475230092 0.076057581 0.008323045 0
1 31  6 0 50  0.056237061 0.835216512 0.103656952 0.004889476 0
3 32  6 0 66  0.594630766 0.295433844 0.105022292 0.004478311 0.000434787
3 33  6 0 66  0.677453137 0.29594939  0.02602633  0.000501987 6.91555E-05
3 34  6 0 63  0.562586476 0.387870007 0.035643721 0.01374545  0.000154346
3 35  6 0 61  0.736408934 0.236133083 0.025808081 0.001537726 0.000112176
3 36  6 0 68  0.915700514 0.068757249 0.015049891 0.000492345 0
3 37  6 0 68  0.170321608 0.72623857  0.098141171 0.005220729 7.79211E-05
3 38  6 0 59  0.242581473 0.516212306 0.21447447  0.025094987 0.001636764
3 39  6 0 66  0.148559701 0.678196633 0.161232874 0.011517974 0.000492818
3 40  6 0 50  0.979273974 0.01597991  0.004706165 3.99509E-05 0
3 41  6 0 58  0.661212441 0.316096359 0.021986793 0.000614887 8.95204E-05
3 42  6 0 65  0.93479775  0.059519328 0.005557476 0.000125446 0
1 1 7 0 86  0.36279942  0.281277643 0.145717013 0.136707453 0.073498471
1 2 7 0 100 0.513468343 0.148198635 0.178201189 0.124572226 0.035559607
1 3 7 0 33  0.17628641  0.054300283 0.177914057 0.406711935 0.184787315
1 4 7 0 44  0.050995127 0.364528542 0.405781508 0.125971244 0.052723578
1 5 7 0 34  0.689935601 0.094493942 0.098125193 0.080710649 0.036734615
1 6 7 0 40  0.053589254 0.295051701 0.459926165 0.167644993 0.023787887
1 7 7 0 39  0.399108221 0.169033982 0.134381983 0.082647413 0.214828401
1 8 7 0 49  0.218049819 0.453480674 0.163094962 0.088257238 0.077117306
1 9 7 0 36  0.3118985 0.233996058 0.174674785 0.120423305 0.159007353
1 10  7 0 43  0.296546826 0.581496591 0.093388157 0.015158838 0.013409587
1 11  7 0 41  0.663534313 0.253737779 0.029930989 0.027375952 0.025420967
1 12  7 0 35  0.509092292 0.269541217 0.132789383 0.082279999 0.006297109
1 13  7 0 32  0.326429907 0.107999314 0.169377615 0.3015513 0.094641864
1 14  7 0 21  0.04619589  0.027318336 0.4633405 0.35516661  0.107978663
1 15  7 0 30  0.145197812 0.117737812 0.317214639 0.351908712 0.067941025
1 16  7 0 19  0.386955291 0.196463855 0.144442821 0.259406782 0.012731251
1 17  7 0 35  0.302723941 0.275436953 0.251047007 0.165316412 0.005475687
1 18  7 0 27  0.498896175 0.493684078 0.002806207 0.003992341 0.0006212
1 19  7 0 34  0.02286739  0.338872592 0.436808232 0.182214118 0.019237667
1 20  7 0 42  0.011095414 0.524437971 0.322290816 0.13765915  0.004516649
1 21  7 0 41  0.012621892 0.196027924 0.61089809  0.17258836  0.007863734
1 22  7 0 44  0.013651872 0.224042671 0.512005468 0.24354366  0.006756329
1 23  7 0 28  0 0.216194001 0.571580745 0.209755975 0.002469279
1 24  7 0 34  0.005858202 0.074689349 0.704988146 0.213242085 0.001222218
1 25  7 0 36  0.004252968 0.038385377 0.674694592 0.276401619 0.006265444
1 26  7 0 31  0.036617738 0.113047089 0.645228942 0.205106232 0
1 27  7 0 39  0.061543247 0.015678409 0.530393937 0.388574708 0.003809699
1 28  7 0 38  0.013299013 0.013439196 0.471511393 0.484318811 0.017431588
1 29  7 0 48  0.269384031 0.167920715 0.207203026 0.322858518 0.03263371
1 30  7 0 38  0.087171553 0.149937206 0.289448481 0.456228902 0.017213858
1 31  7 0 61  0.248842355 0.079730999 0.357462113 0.295291494 0.018673038
3 32  7 0 48  0.04289845  0.183694777 0.518919713 0.24823912  0.006247941
3 33  7 0 49  0.503766406 0.243505814 0.183535426 0.066689278 0.002503076
3 34  7 0 44  0.631041261 0.134892698 0.16645751  0.067306455 0.000302076
3 35  7 0 61  0.41300354  0.211297265 0.226846276 0.138906124 0.009946795
3 36  7 0 67  0.713775971 0.175151909 0.07401178  0.035587205 0.001473135
3 37  7 0 57  0.462842978 0.427615522 0.061884873 0.045715921 0.001940707
3 38  7 0 38  0.177803835 0.473304469 0.264186982 0.079516859 0.005187856
3 39  7 0 52  0.232687992 0.313205878 0.293636612 0.145030796 0.015438721
3 40  7 0 43  0.33623151  0.395693685 0.258177955 0.009682181 0.000214669
3 41  7 0 42  0.128198137 0.484296649 0.316737971 0.070154953 0.00061229
3 42  7 0 61  0.2852193 0.276284003 0.314339471 0.121259178 0.002898048
1 1 8 0 63  0.162427727 0.433680915 0.222678851 0.150974569 0.030237938
1 2 8 0 75  0.239586672 0.425087384 0.212415558 0.099053897 0.023856489
1 3 8 0 32  0.086187301 0.385576946 0.351394045 0.140814172 0.036027536
1 4 8 0 34  0.328844339 0.356030386 0.148386042 0.136573459 0.030165774
1 5 8 0 25  0.125941556 0.444914328 0.310742117 0.109343014 0.009058984
1 6 8 0 26  0.062530377 0.247063895 0.501740411 0.173415812 0.015249506
1 7 8 0 25  0.199612173 0.270792379 0.384500164 0.14288895  0.002206334
1 8 8 0 24  0.173508631 0.452189995 0.329250268 0.036539416 0.00851169
1 9 8 0 25  0.221984545 0.507969341 0.19413685  0.053697232 0.022212033
1 10  8 0 23  0.147982672 0.308057614 0.3483984 0.159828255 0.035733059
1 11  8 0 22  0.60553233  0.150143343 0.223266728 0.0105552 0.010502398
1 12  8 0 22  0.155269485 0.372005746 0.379077269 0.074505768 0.019141732
1 13  8 0 25  0.239499391 0.559654465 0.172226602 0.028619541 0
1 14  8 0 21  0.180381184 0.572839221 0.209752742 0.031276353 0.0057505
1 15  8 0 23  0.218292561 0.526435382 0.250568315 0.004703741 0
1 16  8 0 25  0.131761264 0.427442989 0.344814731 0.073584704 0.022396312
1 17  8 0 24  0.091122368 0.697646153 0.188430996 0.022800483 0
1 18  8 0 33  0.18487381  0.353383252 0.385439962 0.071894417 0.004408559
1 19  8 0 31  0.117185565 0.410110976 0.317953271 0.126403272 0.028346916
1 20  8 0 30  0.015213219 0.402271426 0.483765197 0.089107837 0.009642322
1 21  8 0 35  0.121212255 0.370737854 0.377775081 0.120927006 0.009347803
1 22  8 0 29  0.08415142  0.321558221 0.427698338 0.126431685 0.040160336
1 23  8 0 31  0.097094954 0.325883574 0.42838235  0.122212455 0.026426667
1 24  8 0 34  0.030983784 0.382667013 0.451705103 0.119075421 0.015568679
1 25  8 0 35  0.029534039 0.279656736 0.400419263 0.244162457 0.046227504
1 26  8 0 29  0.088295415 0.134411682 0.465410984 0.234594002 0.077287917
1 27  8 0 29  0.105479968 0.203746451 0.505175638 0.144341602 0.041256341
1 28  8 0 29  0.168695169 0.306569419 0.316947069 0.161549023 0.04623932
1 29  8 0 36  0.064891391 0.443261915 0.325552197 0.126449931 0.039844565
1 30  8 0 32  0.171659608 0.502050248 0.186358385 0.1154911 0.024440659
1 31  8 0 39  0.110584676 0.408619106 0.390675477 0.079516548 0.010604192
3 32  8 0 41  0.128512161 0.305663567 0.465970145 0.087061381 0.012792746
3 33  8 0 31  0.100050336 0.573742535 0.279981315 0.046225814 0
3 34  8 0 32  0.129869381 0.24288265  0.485972756 0.137298221 0.003976993
3 35  8 0 35  0.123518573 0.421648465 0.369464196 0.083316113 0.002052653
3 36  8 0 33  0.02557581  0.318616233 0.495664835 0.151987876 0.008155246
3 37  8 0 24  0.380843919 0.203458855 0.274033727 0.132336056 0.009327442
3 38  8 0 25  0.01312379  0.316894763 0.528876967 0.13639263  0.00471185
3 39  8 0 31  0.297200468 0.305930082 0.255056559 0.131120645 0.010692246
3 40  8 0 16  0.135518981 0.401828882 0.246111939 0.129863538 0.08667666
3 41  8 0 18  0.121605024 0.291717632 0.375919489 0.169157381 0.041600474
3 42  8 0 22  0.222531067 0.252624045 0.43811838  0.072491244 0.014235264
1 1 9 0 91  0.121829063 0.054336948 0.097440342 0.370300875 0.356092772
1 2 9 0 87  0.29270776  0.092757218 0.036293643 0.222325274 0.355916105
1 3 9 0 57  0.152576159 0.250386514 0.111751143 0.163764851 0.321521333
1 4 9 0 43  0.41564854  0.118684227 0.100022719 0.107525734 0.25811878
1 5 9 0 40  0.703328273 0.06532419  0.057493621 0.057457678 0.116396238
1 6 9 0 44  0.140025322 0.073602861 0.107306386 0.21224543  0.466820001
1 7 9 0 49  0.339493153 0.161138737 0.084166275 0.144864119 0.270337715
1 8 9 0 40  0.146437865 0.140505119 0.075056673 0.122287282 0.515713061
1 9 9 0 38  0.07336845  0.159643769 0.180055554 0.122071853 0.464860375
1 10  9 0 48  0.319001924 0.134844304 0.177740416 0.121928121 0.246485235
1 11  9 0 35  0.440224552 0.199468033 0.1087645 0.079557434 0.171985481
1 12  9 0 47  0.314706911 0.198966561 0.126862905 0.128766382 0.230697241
1 13  9 0 44  0.158134914 0.172658842 0.131729047 0.165562927 0.371914269
1 14  9 0 52  0.301296041 0.243964997 0.156061294 0.089011539 0.20966613
1 15  9 0 41  0.251320643 0.354701564 0.143176748 0.112566311 0.138234735
1 16  9 0 42  0.291067724 0.406898645 0.16129773  0.045848684 0.094887218
1 17  9 0 47  0.441370332 0.310243625 0.146928505 0.030575792 0.070881746
1 18  9 0 43  0.373821282 0.384589263 0.15162073  0.056658781 0.033309944
1 19  9 0 40  0.157448019 0.443483842 0.21138954  0.118166817 0.069511781
1 20  9 0 45  0.121578828 0.339145163 0.34854899  0.14191682  0.048810199
1 21  9 0 48  0.152085278 0.308918017 0.257619409 0.193842735 0.087534561
1 22  9 0 52  0.175574091 0.20557021  0.352985636 0.224263576 0.041606487
1 23  9 0 42  0.152068135 0.210071689 0.296253646 0.259720913 0.081885617
1 24  9 0 50  0.124478148 0.270223013 0.317934348 0.211471939 0.075892552
1 25  9 0 54  0.121415545 0.180487344 0.198868349 0.34743127  0.151797493
1 26  9 0 43  0.061279661 0.254724157 0.222115233 0.319787392 0.142093557
1 27  9 0 46  0.26436996  0.276113182 0.17441068  0.173667632 0.111438546
1 28  9 0 52  0.252366545 0.282740468 0.205299084 0.204479472 0.055114432
1 29  9 0 44  0.374971392 0.294356852 0.201977342 0.097102593 0.031591821
1 30  9 0 52  0.239332578 0.349115517 0.221426942 0.148842666 0.041282298
1 31  9 0 53  0.041044812 0.154738769 0.303865101 0.324799036 0.175552283
3 32  9 0 54  0.272824754 0.151351141 0.222132354 0.207223225 0.146468526
3 33  9 0 62  0.250930946 0.199788641 0.258655087 0.214656333 0.075968993
3 34  9 0 50  0.47872877  0.106954688 0.140335715 0.191310837 0.08266999
3 35  9 0 61  0.643259879 0.144425064 0.085867357 0.094776649 0.03167105
3 36  9 0 56  0.688506844 0.246285053 0.03279491  0.02513754  0.007275653
3 37  9 0 55  0.149331444 0.575743994 0.21858501  0.05257328  0.003766273
3 38  9 0 50  0.054242003 0.299503477 0.429158609 0.181345012 0.035750898
3 39  9 0 50  0.075237886 0.16346041  0.374758753 0.325644274 0.060898677
3 40  9 0 35  0.082731873 0.05911906  0.311781368 0.47123891  0.075128789
3 41  9 0 49  0.193330955 0.098735221 0.271733673 0.349517951 0.0866822
3 42  9 0 56  0.384591543 0.149558325 0.118494182 0.272400878 0.074955072
1 1 10  0 74  0.097316449 0.42213504  0.270732032 0.156159573 0.053656905
1 2 10  0 73  0.095999271 0.24840812  0.410770225 0.211246482 0.033575903
1 3 10  0 51  0.035252488 0.107767404 0.335706726 0.462009664 0.059263718
1 4 10  0 31  0.054493687 0.280294055 0.37686122  0.247200068 0.041150969
1 5 10  0 36  0.018591883 0.306912523 0.493274978 0.173307824 0.007912792
1 6 10  0 29  0.000820268 0.232477419 0.548892461 0.189288337 0.028521515
1 7 10  0 27  0.047310286 0.403765864 0.341896599 0.173161839 0.033865411
1 8 10  0 25  0.068742954 0.511073345 0.211019467 0.169085892 0.040078342
1 9 10  0 16  0.016547423 0.107032314 0.469768583 0.349688856 0.056962823
1 10  10  0 17  0.036036788 0.089030071 0.395252571 0.367065832 0.112614738
1 11  10  0 12  0.066479501 0.24129291  0.434571096 0.16992131  0.087735183
1 12  10  0 26  0.042334718 0.223021445 0.632968285 0.076606487 0.025069065
1 13  10  0 34  0.083509219 0.106127529 0.583717303 0.209020821 0.017625128
1 14  10  0 25  0.020764511 0.63251192  0.183566356 0.138191798 0.024965416
1 15  10  0 17  0.149945029 0.096020128 0.538482421 0.175041572 0.040510849
1 16  10  0 20  0.224895884 0.222507424 0.293671254 0.238809849 0.020115589
1 17  10  0 35  0.088803995 0.301711983 0.429340595 0.170465951 0.009677476
1 18  10  0 23  0.032988652 0.14896653  0.532621825 0.260233418 0.025189575
1 19  10  0 21  0.018146843 0.044575484 0.416325155 0.469860673 0.051091845
1 20  10  0 29  0.023079238 0.166676766 0.286897251 0.406142628 0.117204117
1 21  10  0 35  0.029721534 0.134476089 0.59248382  0.206115754 0.037202803
1 22  10  0 34  0.005024369 0.159796235 0.473936208 0.304156947 0.057086241
1 23  10  0 28  0.012038333 0.056894546 0.318622049 0.45967365  0.152771422
1 24  10  0 27  0.005029003 0.092197324 0.377050347 0.358865183 0.166858143
1 25  10  0 28  0.040614725 0.125287073 0.527282209 0.268258885 0.038557108
1 26  10  0 27  0.017952117 0.063338437 0.417200031 0.387599872 0.113909544
1 27  10  0 27  0.011235663 0.072680391 0.546122463 0.310106836 0.059854646
1 28  10  0 33  0.199377701 0.05296884  0.434466655 0.281324611 0.031862193
1 29  10  0 43  0.091051318 0.295323252 0.436341135 0.158321518 0.018962778
1 30  10  0 37  0.009205789 0.093064883 0.620354801 0.257693737 0.019680789
1 31  10  0 33  0.002975406 0.023029711 0.548420952 0.40542207  0.020151861
3 32  10  0 40  0.004297474 0.038950428 0.388434949 0.512241919 0.05607523
3 33  10  0 38  0.00839408  0.049630798 0.551635911 0.363099951 0.027239259
3 34  10  0 28  0.011445036 0.048259525 0.49608993  0.421732056 0.022473453
3 35  10  0 29  0.007954422 0.07009176  0.38052429  0.473540417 0.067889111
3 36  10  0 38  0.022349653 0.136295721 0.500395024 0.305147017 0.035812585
3 37  10  0 24  0.071198021 0.10155688  0.489804982 0.265996103 0.071444014
3 38  10  0 21  0.025482355 0.012270922 0.4874437 0.410843018 0.063960004
3 39  10  0 28  0.073804783 0.134056781 0.453561363 0.313715309 0.024861764
3 40  10  0 13  0.359998221 0.303539216 0.272284556 0.051607801 0.012570206
3 41  10  0 16  0.181090268 0.14451151  0.424484226 0.221659445 0.028254551
3 42  10  0 31  0.066956159 0.505938262 0.261977079 0.129233031 0.035895469
2 1 1 0 58  0.348831334 0.158018003 0.361284057 0.083930999 0.047935608
2 2 1 0 83  0.222309385 0.261340869 0.308248065 0.16454274  0.043558941
2 3 1 0 63  0.221874672 0.29261437  0.248704743 0.201760124 0.03504609
2 4 1 0 56  0.306906607 0.223455034 0.303038316 0.119606147 0.046993896
2 5 1 0 55  0.039884082 0.168354103 0.536875274 0.200228827 0.054657714
2 6 1 0 45  0.066077172 0.389492405 0.381831287 0.117210936 0.0453882
2 7 1 0 46  0.157570071 0.102069028 0.402611359 0.281478927 0.056270615
2 8 1 0 56  0.127012935 0.351126971 0.270260528 0.190458944 0.061140621
2 9 1 0 51  0.256676575 0.131361558 0.319195017 0.221763319 0.071003532
2 10  1 0 44  0.031095235 0.485368631 0.200878961 0.233156609 0.049500565
2 11  1 0 49  0.180401023 0.242088681 0.466588839 0.085699321 0.025222135
2 12  1 0 50  0.129963436 0.260367924 0.389363089 0.163520662 0.056784888
2 13  1 0 48  0.072441558 0.457684197 0.315722098 0.119164847 0.034987301
2 14  1 0 52  0.31457866  0.158835882 0.332228832 0.165808281 0.028548345
2 15  1 0 31  0.098978966 0.570473506 0.21385065  0.077232334 0.039464544
2 16  1 0 38  0.1204559 0.327874165 0.422203955 0.091676107 0.037789873
2 17  1 0 26  0.320651824 0.325388846 0.311760138 0.034269571 0.007929621
2 18  1 0 33  0.207215968 0.264117711 0.320784066 0.153643666 0.05423859
2 19  1 0 31  0.042301138 0.297984142 0.487800752 0.152799018 0.019114951
2 20  1 0 38  0.364183808 0.230289154 0.261387888 0.135129332 0.009009818
2 21  1 0 30  0.05216576  0.338280359 0.3895715 0.185728662 0.034253718
2 22  1 0 35  0.146618415 0.312286541 0.398585162 0.129939467 0.012570415
2 23  1 0 35  0.107609158 0.320367491 0.452183834 0.109579224 0.010260294
2 24  1 0 26  0.110232319 0.439084334 0.31554069  0.12150695  0.013635707
2 25  1 0 32  0.06357733  0.309386295 0.516864282 0.110172093 0
2 26  1 0 26  0.067182974 0.188882138 0.62986619  0.114068698 0
2 27  1 0 37  0.210266104 0.077577313 0.517647559 0.186336239 0.008172785
2 28  1 0 35  0.293248273 0.145449522 0.413175035 0.12708228  0.021044891
2 29  1 0 33  0.119957434 0.450812047 0.278329743 0.143213434 0.007687342
2 30  1 0 45  0.095000778 0.484936556 0.37079019  0.049272476 0
2 31  1 0 34  0.453419128 0.233922126 0.262099915 0.050558832 0
4 32  1 0 36  0.575381353 0.168230837 0.210107297 0.045463812 0.0008167
4 33  1 0 42  0.202136998 0.313515535 0.383420203 0.100927263 0
4 34  1 0 34  0.391001499 0.299415412 0.284322482 0.025260607 0
4 35  1 0 35  0.222326769 0.391622592 0.336987288 0.049063351 0
4 36  1 0 28  0.064807516 0.76073508  0.169699992 0.004757412 0
4 37  1 0 22  0.139409491 0.613240534 0.217078285 0.024655578 0.005616113
4 38  1 0 32  0.446996113 0.247738427 0.286353349 0.018912112 0
4 39  1 0 27  0.072383659 0.717890058 0.186293665 0.02061791  0.002814708
4 40  1 0 39  0.062617168 0.337728782 0.459696704 0.129780168 0.010177179
4 41  1 0 20  0.190915252 0.457471184 0.276500044 0.061288892 0.013824628
4 42  1 0 30  0.125168341 0.613990648 0.253039453 0.007801558 0
2 1 2 0 16  0.050512047 0.697955152 0.212597125 0.038935676 0
2 2 2 0 20  0.039772781 0.040700638 0.592960928 0.326565653 0
2 3 2 0 34  0.014079336 0.13172522  0.794961156 0.059234288 0
2 4 2 0 15  0.004978859 0.015753077 0.785186679 0.194081386 0
2 5 2 0 4 0 0.439573176 0.463732459 0.096694366 0
2 6 2 0 7 0 0.057799957 0.813642892 0.12855715  0
2 7 2 0 18  0.041483307 0.282460549 0.594921884 0.08113426  0
2 8 2 0 22  0.242534017 0.520732003 0.203230788 0.033503192 0
2 9 2 0 21  0.062043403 0.55775861  0.34612155  0.034076436 0
2 10  2 0 11  0.092667605 0.138806636 0.713617815 0.054907944 0
2 11  2 0 7 0.121306181 0.076017005 0.667947583 0.134729231 0
2 12  2 0 19  0.91060541  0.042842558 0.027931219 0.018620813 0
2 13  2 0 32  0.311187833 0.200132186 0.151013374 0.337666608 0
2 14  2 0 34  0.366575695 0.387702021 0.178755124 0.06696716  0
2 15  2 0 27  0.267928885 0.370559909 0.33774385  0.023767356 0
2 16  2 0 42  0.052086809 0.02633918  0.651719879 0.269056658 0.000797474
2 17  2 0 34  0.199098092 0.018736115 0.705335191 0.076830602 0
2 18  2 0 28  0.042745691 0.519844161 0.34716994  0.090240208 0
2 19  2 0 26  0.430174911 0.204245359 0.301051001 0.06452873  0
2 20  2 0 32  0.234164347 0.359115636 0.372216035 0.034503982 0
2 21  2 0 37  0.122400514 0.576179748 0.283226744 0.018192994 0
2 22  2 0 38  0.062118844 0.19110387  0.729210933 0.017566353 0
2 23  2 0 41  0.642878249 0.123046059 0.221420098 0.012655594 0
2 24  2 0 33  0.008601247 0.690952947 0.289161297 0.011284509 0
2 25  2 0 45  0.810257822 0.014380075 0.16152888  0.013833223 0
2 26  2 0 28  0.24428575  0.185115873 0.488401693 0.082196685 0
2 27  2 0 47  0.779009665 0.16751204  0.039471824 0.01400647  0
2 28  2 0 22  0.445896226 0.384114957 0.097854019 0.072134798 0
2 29  2 0 40  0.48997482  0.297895416 0.131308073 0.080821691 0
2 30  2 0 28  0.278331425 0.072421548 0.481106416 0.168140611 0
2 31  2 0 32  0.863496482 0.100395402 0.026566861 0.009541256 0
4 32  2 0 40  0.175924787 0.253998598 0.449982048 0.120094568 0
4 33  2 0 43  0.955415494 0.036742481 0.007286321 0.000555703 0
4 34  2 0 46  0.558659387 0.431265437 0.009839544 0.000235632 0
4 35  2 0 60  0.226740541 0.439893688 0.331304786 0.002060985 0
4 36  2 0 49  0.707754793 0.226065871 0.066064034 0.000115302 0
4 37  2 0 32  0.137894449 0.495865511 0.365627113 0.000612927 0
4 38  2 0 30  0.007167272 0.287566842 0.70166594  0.003599945 0
4 39  2 0 29  0.00603443  0.230068653 0.742289517 0.021607401 0
4 40  2 0 31  0.455452673 0.050311624 0.429767255 0.064468448 0
4 41  2 0 14  0.017213595 0.126913334 0.802453301 0.053419769 0
4 42  2 0 19  0.013673778 0.122707397 0.594291402 0.269327424 0
2 2 3 0 3 0 0 0 0.944444444 0.055555556
2 3 3 0 3 0 0 0.067691179 0 0.932308821
2 4 3 0 7 0 0 0 0.135899701 0.864100299
2 5 3 0 1 1 0 0 0 0
2 6 3 0 14  0.458547023 0.145577906 0.395875071 0 0
2 8 3 0 10  0.047472168 0.007351358 0.909575128 0.035601345 0
2 9 3 0 6 0.359645101 0.091856982 0.548497918 0 0
2 10  3 0 2 0 0 0 0.142857143 0.857142857
2 12  3 0 1 0 0 0 1 0
2 14  3 0 9 0.98075969  0.01924031  0 0 0
2 15  3 0 5 0.810798644 0 0 0.189201356 0
2 16  3 0 9 0 0.018760031 0.009380016 0.63882731  0.333032644
2 17  3 0 9 0 0.087356294 0.379059239 0.351864977 0.18171949
2 18  3 0 13  0.923495991 0.047310166 0.009731281 0.019462561 0
2 19  3 0 14  0.525787425 0.354390905 0.020172321 0.086575832 0.013073518
2 20  3 0 19  0.929180197 0.017806637 0.024776515 0.023769855 0.004466795
2 21  3 0 20  0.853514789 0.021335357 0.059841335 0.049511819 0.0157967
2 22  3 0 23  0.93438429  0.055024469 0.006619276 0.003711456 0.00026051
2 23  3 0 26  0.894716151 0.027111201 0.076237986 0.001934662 0
2 24  3 0 28  0.278008923 0.58077743  0.135971886 0.004801154 0.000440607
2 25  3 0 20  0.183349103 0.61225489  0.204396007 0 0
2 26  3 0 7 0.150454414 0.753623508 0.079935065 0.015987013 0
2 27  3 0 5 1 0 0 0 0
2 29  3 0 6 1 0 0 0 0
2 30  3 0 14  0.07351721  0.546959898 0.327729373 0.051793519 0
2 31  3 0 7 0.782342248 0.101959391 0.115698361 0 0
4 32  3 0 20  0.06796925  0.040882097 0.861213474 0.028349311 0.001585868
4 33  3 0 18  0.423428809 0.211321376 0.349096005 0.013330102 0.002823709
4 34  3 0 15  0.083214155 0.052827743 0.595872776 0.268085326 0
4 35  3 0 28  0.94435562  0.03478394  0.017266489 0.003593951 0
4 36  3 0 25  0.284255963 0.516983655 0.195975693 0.00278469  0
4 37  3 0 19  0.143638708 0.335893383 0.504062426 0.016405482 0
4 38  3 0 33  0.922314744 0.024674697 0.047412037 0.005598522 0
4 39  3 0 32  0.197568169 0.216409827 0.565421397 0.020600606 0
4 40  3 0 34  0.249463045 0.714450959 0.033690439 0.002395558 0
4 41  3 0 20  0.737175014 0.156209771 0.087836541 0.018778674 0
4 42  3 0 27  0.620302336 0.365206191 0.014038139 0.000453335 0
2 1 4 0 4 0.173764258 0 0.494680334 0.218982657 0.112572751
2 2 4 0 11  0.077208734 0 0.182752965 0.182752965 0.557285337
2 3 4 0 6 0.355780055 0.386531967 0.257687978 0 0
2 4 4 0 19  0.25736046  0.216404518 0.272626873 0.165470962 0.088137188
2 5 4 0 8 0.366405049 0 0.114531744 0.113602168 0.405461039
2 6 4 0 6 0 0.233529832 0.329546506 0.287215569 0.149708093
2 7 4 0 4 0 0 0.607666736 0.275089276 0.117243987
2 8 4 0 1 0 0 1 0 0
2 9 4 0 6 0 0.23007135  0.424040708 0.274609806 0.071278136
2 10  4 0 8 0.312856724 0 0.205361451 0.435069889 0.046711936
2 11  4 0 3 0 0.429631073 0.326723947 0.24364498  0
2 12  4 0 1 0 0 1 0 0
2 13  4 0 5 0.081866016 0 0.546130476 0.185705784 0.186297724
2 14  4 0 1 0 1 0 0 0
2 15  4 0 1 1 0 0 0 0
2 16  4 0 4 0.470071457 0.529928543 0 0 0
2 17  4 0 6 0.137397962 0.515272344 0.209931732 0 0.137397962
2 18  4 0 5 0.343351971 0.254810465 0.191163457 0.210674107 0
2 19  4 0 4 0 0.230641666 0.538716668 0.230641666 0
2 20  4 0 2 0 0.365843244 0.365843244 0.268313512 0
2 21  4 0 4 0.760326107 0.239673893 0 0 0
2 22  4 0 6 0.505102929 0.212148463 0.203157259 0.079591349 0
2 23  4 0 6 0.458488672 0.220517812 0.180121018 0 0.140872499
2 24  4 0 9 0.753191407 0.246808593 0 0 0
2 25  4 0 4 0.133883205 0.624094319 0.199023028 0.042999448 0
2 26  4 0 5 0.131567085 0.091958915 0.599343494 0.177130505 0
2 27  4 0 3 0 0.742736238 0 0.257263762 0
2 28  4 0 7 0.186158576 0.153913583 0.580157809 0.079770032 0
2 29  4 0 6 0.243770255 0.194164183 0.392312601 0 0.169752961
2 30  4 0 5 0.165837176 0.042409389 0.791753435 0 0
2 31  4 0 2 0.550415476 0.449584524 0 0 0
4 32  4 0 9 0.191426816 0.059830774 0.558681941 0.19006047  0
4 33  4 0 7 0.219160226 0.326251676 0.118372806 0.164408912 0.17180638
4 34  4 0 11  0.288186934 0.334164778 0.225967546 0.113147321 0.038533421
4 35  4 0 16  0.290784571 0.446205547 0.158878612 0.082261339 0.021869931
4 36  4 0 17  0.110518636 0.232317338 0.503248832 0.13769512  0.016220074
4 37  4 0 20  0.168224937 0.210234194 0.265441646 0.356099223 0
4 38  4 0 10  0.144294873 0.02362111  0.519178897 0.266046332 0.046858787
4 39  4 0 47  0.424569161 0.382378948 0.16632866  0.022891678 0.003831553
4 40  4 0 24  0.046194775 0.613341501 0.303368921 0.037094803 0
4 41  4 0 26  0.007305273 0.177840645 0.653501186 0.148379108 0.012973787
4 42  4 0 24  0.378086476 0.318854281 0.14717256  0.151154269 0.004732414
2 1 5 0 47  0.006776166 0.0879975 0.752260164 0.130323074 0.022643096
2 2 5 0 69  0.860940371 0.006033028 0.104637828 0.02586911  0.002519663
2 3 5 0 48  0.084714257 0.749821292 0.06671017  0.078240996 0.020513286
2 4 5 0 42  0.101981809 0.166908361 0.629059893 0.087115759 0.014934178
2 5 5 0 35  0.080045521 0.195250918 0.502135822 0.165012691 0.057555047
2 6 5 0 40  0.109053177 0.10350788  0.24982579  0.385152997 0.152460157
2 7 5 0 35  0.404987991 0.111487691 0.200464197 0.2059813 0.07707882
2 8 5 0 35  0.037358269 0.553777252 0.13943876  0.193489324 0.075936395
2 9 5 0 25  0.433225305 0.086513223 0.316047821 0.12609587  0.038117781
2 10  5 0 21  0.022027661 0.668237494 0.146943792 0.123128653 0.0396624
2 11  5 0 25  0.45874895  0.117929598 0.23147178  0.120651829 0.071197843
2 12  5 0 26  0.017537106 0.691973803 0.154578708 0.102497022 0.033413362
2 13  5 0 22  0.109934153 0.33693829  0.482913832 0.061264764 0.008948961
2 14  5 0 20  0.133420957 0.232344366 0.528480259 0.089919023 0.015835395
2 15  5 0 21  0.338337186 0.132590525 0.306113536 0.200052501 0.022906252
2 16  5 0 19  0.409342086 0.238247742 0.120140836 0.215945533 0.016323803
2 17  5 0 18  0.158872754 0.550745046 0.212140276 0.068698336 0.009543588
2 18  5 0 12  0.090052465 0.340762552 0.477636593 0.067638435 0.023909955
2 19  5 0 21  0.047863306 0.353979447 0.450249121 0.145945277 0.001962849
2 20  5 0 27  0.145903381 0.090417681 0.498745081 0.241792479 0.023141377
2 21  5 0 24  0.072109766 0.592625969 0.234363242 0.092739141 0.008161882
2 22  5 0 28  0.50470233  0.133471247 0.265945544 0.090531784 0.005349096
2 23  5 0 17  0.121052639 0.366998486 0.243601117 0.225051103 0.043296655
2 24  5 0 32  0.706373604 0.08953088  0.173321092 0.025009714 0.005764709
2 25  5 0 27  0.083008572 0.730245841 0.124196047 0.050432995 0.012116546
2 26  5 0 25  0.011041249 0.395667111 0.454909628 0.111881437 0.026500575
2 27  5 0 36  0.809037553 0.016127911 0.159686226 0.014681203 0.000467107
2 28  5 0 40  0.841591686 0.080245365 0.059949039 0.017753374 0.000460535
2 29  5 0 35  0.268048833 0.610654207 0.106434224 0.014862735 0
2 30  5 0 40  0.075071798 0.771007347 0.149951762 0.003715024 0.000254068
2 31  5 0 35  0.071702583 0.265272955 0.650802671 0.011353447 0.000868344
4 32  5 0 34  0.129095122 0.172348504 0.66157606  0.036980314 0
4 33  5 0 44  0.032378097 0.098600964 0.809291245 0.059260319 0.000469375
4 34  5 0 46  0.935093786 0.014041395 0.046442637 0.004422182 0
4 35  5 0 42  0.861386596 0.108595593 0.028447663 0.001570149 0
4 36  5 0 40  0.155521356 0.817315277 0.026038474 0.001124893 0
4 37  5 0 50  0.931110829 0.061085442 0.007775173 2.8556E-05  0
4 38  5 0 56  0.922320989 0.064017003 0.013561914 0.000100094 0
4 39  5 0 51  0.396907711 0.580117683 0.022739111 0.000235495 0
4 40  5 0 58  0.272492908 0.698526557 0.028739452 0.000241082 0
4 41  5 0 32  0.34693238  0.636366095 0.016558129 0.000143396 0
4 42  5 0 49  0.032452909 0.846838209 0.120154718 0.000554163 0
2 1 6 0 26  0.029749432 0.122419664 0.825269208 0.020424719 0.002136976
2 2 6 0 43  0.62249177  0.078199587 0.264785693 0.033564009 0.000958941
2 3 6 0 36  0.049657684 0.634854068 0.287599158 0.026184528 0.001704562
2 4 6 0 36  0.193024318 0.166886297 0.601000106 0.036420286 0.002668993
2 5 6 0 17  0.08876798  0.295745428 0.595930759 0.019555832 0
2 6 6 0 32  0.33868302  0.505127262 0.145644674 0.010545043 0
2 7 6 0 29  0.311540428 0.517895864 0.165956438 0.003766472 0.000840798
2 8 6 0 28  0.365249021 0.301704551 0.31449147  0.017303992 0.001250966
2 9 6 0 42  0.303866689 0.415696627 0.27849616  0.001940525 0
2 10  6 0 32  0.004066121 0.775953727 0.216796134 0.003184017 0
2 11  6 0 16  0.015196239 0.776842363 0.202462315 0.005499083 0
2 12  6 0 21  0.372385072 0.346411518 0.280208057 0.000995354 0
2 13  6 0 15  0.008231557 0.912533681 0.070907343 0.00832742  0
2 14  6 0 32  0.274677842 0.430421236 0.289301064 0.005599857 0
2 15  6 0 20  0.636779798 0.304483517 0.058736685 0 0
2 16  6 0 28  0.111989049 0.836829982 0.050644469 0.0005365 0
2 17  6 0 27  0.003263253 0.906041947 0.089415588 0.001279212 0
2 18  6 0 24  0.526303068 0.400239925 0.073457007 0 0
2 19  6 0 21  0.002530638 0.944852358 0.052507272 0.000109732 0
2 20  6 0 14  0.1885506 0.511634352 0.287279986 0.012535062 0
2 21  6 0 18  0.738132133 0.240264687 0.019745741 0.00185744  0
2 22  6 0 31  0.359369544 0.617815274 0.019723063 0.00309212  0
2 23  6 0 35  0.324387371 0.601464094 0.073524488 0.000624047 0
2 24  6 0 33  0.176543095 0.680443084 0.136313059 0.00407034  0.002630423
2 25  6 0 31  0.236050937 0.681973417 0.081975646 0 0
2 26  6 0 22  0.54390409  0.362069817 0.091956163 0.00206993  0
2 27  6 0 20  0.829427046 0.152239022 0.018333931 0 0
2 28  6 0 18  0.035041373 0.881443386 0.07927507  0.004240171 0
2 29  6 0 24  0.264968086 0.638393823 0.09663809  0 0
2 30  6 0 20  0.533646017 0.284824262 0.179159296 0.002370425 0
2 31  6 0 23  0.080555204 0.890397218 0.027814755 0.001232824 0
4 32  6 0 50  0.05117053  0.787225524 0.160896187 0.000707759 0
4 33  6 0 49  0.856913719 0.091427966 0.051266209 0.000392105 0
4 34  6 0 57  0.419097238 0.54268605  0.03762378  0.000592933 0
4 35  6 0 69  0.667352391 0.305747039 0.02662046  0.000280111 0
4 36  6 0 67  0.136509523 0.826098128 0.036721359 0.000605753 6.52374E-05
4 37  6 0 59  0.744378906 0.203709435 0.051091291 0.000820367 0
4 38  6 0 64  0.039561581 0.732873141 0.224995702 0.002569575 0
4 39  6 0 66  0.660352013 0.154196115 0.181546243 0.003103062 0.000802567
4 40  6 0 57  0.267297667 0.590911568 0.140899765 0.000716938 0.000174061
4 41  6 0 43  0.792813487 0.171300793 0.03531037  0.00057535  0
4 42  6 0 64  0.707393838 0.270994131 0.02135525  0.000179809 7.69715E-05
2 1 7 0 44  0.241635163 0.254108687 0.268973218 0.212492332 0.022790599
2 2 7 0 75  0.419095182 0.177617867 0.128376419 0.174189328 0.100721204
2 3 7 0 66  0.373994187 0.384487948 0.078311955 0.123935147 0.039270762
2 4 7 0 54  0.539796745 0.201340474 0.103658121 0.107476424 0.047728237
2 5 7 0 31  0.354948996 0.4078574 0.056823249 0.064303933 0.116066421
2 6 7 0 24  0.892453556 0.041684153 0.030630207 0.031831518 0.003400566
2 7 7 0 20  0.074647266 0.180275543 0.380706709 0.323090834 0.041279649
2 8 7 0 25  0.576448551 0.168104961 0.163249681 0.082024278 0.010172529
2 9 7 0 44  0.437537199 0.27039114  0.111753903 0.091985967 0.088331791
2 10  7 0 36  0.522400136 0.240047619 0.114268136 0.090014894 0.033269214
2 11  7 0 22  0.113747359 0.401788193 0.322177439 0.150456646 0.011830363
2 12  7 0 21  0.600235965 0.345435777 0.034473617 0.013671588 0.006183054
2 13  7 0 26  0.01724489  0.127134944 0.454087653 0.383566576 0.017965938
2 14  7 0 35  0.470737279 0.231727296 0.135256943 0.130178877 0.032099606
2 15  7 0 21  0.475163198 0.112785678 0.19692015  0.199577078 0.015553896
2 16  7 0 30  0.213169954 0.175144895 0.381660642 0.205535281 0.024489228
2 17  7 0 40  0.715655254 0.171186432 0.053885815 0.05260536  0.006667139
2 18  7 0 42  0.211685488 0.112723962 0.312784169 0.318294306 0.044512074
2 19  7 0 46  0.054155791 0.113729035 0.449591964 0.373198773 0.009324437
2 20  7 0 37  0.01354454  0.063867819 0.587704015 0.330542689 0.004340937
2 21  7 0 44  0.00854342  0.055902226 0.534108717 0.394764749 0.006680887
2 22  7 0 42  0.008998178 0.045304429 0.618761192 0.323723904 0.003212298
2 23  7 0 35  0.00902873  0.11769295  0.457819559 0.391469759 0.023989002
2 24  7 0 26  0 0.013373548 0.658218642 0.321418107 0.006989703
2 25  7 0 19  0.003157083 0.028364174 0.698947882 0.262833708 0.006697153
2 26  7 0 29  0.018940371 0.013468273 0.63247672  0.327897632 0.007217004
2 27  7 0 10  0 0.012253997 0.37330758  0.589930429 0.024507994
2 28  7 0 20  0.060539373 0.003590725 0.398837494 0.528835374 0.008197033
2 29  7 0 25  0.460872395 0.063417723 0.166764105 0.28996619  0.018979586
2 30  7 0 18  0.042819353 0 0.252984016 0.652480542 0.051716089
2 31  7 0 24  0.370173845 0 0.228362619 0.401463536 0
4 32  7 0 21  0.748487833 0.083962253 0.059630402 0.107919512 0
4 33  7 0 10  0.769969855 0.012212992 0.039948875 0.177868278 0
4 34  7 0 12  0.951122956 0.044801555 0.001789702 0.002285788 0
4 35  7 0 29  0.91440712  0.007816333 0.044482054 0.033294493 0
4 36  7 0 17  0.966188714 0.023462848 0.010348438 0 0
4 37  7 0 39  0.027382433 0.326001592 0.376090558 0.269207506 0.001317911
4 38  7 0 9 0.962202554 0.034202507 0.00179747  0.00179747  0
4 39  7 0 50  0.119554681 0.495450124 0.176282795 0.185684469 0.023027931
4 40  7 0 15  0.667551859 0.028232221 0.282243295 0.021972624 0
4 41  7 0 7 0.010603693 0.611798298 0.361331794 0.016266215 0
4 42  7 0 9 0 0.223136172 0.495106895 0.281756933 0
2 1 8 0 29  0.130363957 0.233698656 0.424830358 0.189338504 0.021768525
2 2 8 0 43  0.064654278 0.173254972 0.329787579 0.320540934 0.111762237
2 3 8 0 38  0.134012637 0.459271331 0.213098692 0.163404619 0.030212721
2 4 8 0 29  0.129523387 0.471252108 0.27221811  0.105033625 0.02197277
2 5 8 0 31  0.162306079 0.265911767 0.40704908  0.141313218 0.023419857
2 6 8 0 33  0.042330454 0.289244529 0.399226075 0.22589477  0.043304172
2 7 8 0 26  0.039302986 0.194138367 0.467789888 0.240392549 0.05837621
2 8 8 0 24  0.152684886 0.351461209 0.296570933 0.176055139 0.023227832
2 9 8 0 28  0.157646488 0.534914628 0.217182237 0.079009276 0.011247372
2 10  8 0 28  0.231325519 0.525875475 0.163739434 0.067401348 0.011658224
2 11  8 0 33  0.121047876 0.487759727 0.33180781  0.055676762 0.003707825
2 12  8 0 30  0.146735447 0.399833285 0.333582663 0.119848605 0
2 13  8 0 21  0.097186773 0.473688857 0.354681791 0.061115902 0.013326677
2 14  8 0 27  0.18735845  0.361752939 0.348794827 0.081925744 0.02016804
2 15  8 0 25  0.210156296 0.545679762 0.124562941 0.102165351 0.017435649
2 16  8 0 23  0.367519399 0.289962537 0.262577375 0.041625557 0.038315133
2 17  8 0 20  0.27248439  0.513378551 0.171961099 0.035608639 0.00656732
2 18  8 0 28  0.162198755 0.33158711  0.425911864 0.080302271 0
2 19  8 0 25  0.18827902  0.451802874 0.249769271 0.091592337 0.018556498
2 20  8 0 19  0.077562971 0.27254539  0.541270348 0.075948504 0.032672786
2 21  8 0 27  0.111223148 0.223778771 0.489510832 0.156904188 0.01858306
2 22  8 0 30  0.106926228 0.202405445 0.297383018 0.358559256 0.034726053
2 23  8 0 35  0.076556453 0.223501074 0.425367056 0.257280182 0.017295235
2 24  8 0 29  0.094510116 0.249817902 0.398738842 0.232868191 0.02406495
2 25  8 0 34  0.047775409 0.09472281  0.365601013 0.419454434 0.072446334
2 26  8 0 20  0.087725749 0.066801107 0.309329171 0.484955648 0.051188324
2 27  8 0 22  0.108734104 0.12680004  0.290586716 0.406855984 0.067023156
2 28  8 0 19  0.201042151 0.25603231  0.238181672 0.28563887  0.019104997
2 29  8 0 22  0.193983636 0.213125359 0.345676594 0.221881518 0.025332894
2 30  8 0 27  0.184644282 0.353933248 0.186336332 0.23038306  0.044703079
2 31  8 0 31  0.16068082  0.185089838 0.354422309 0.29351436  0.006292673
4 32  8 0 33  0.330260312 0.373631081 0.24278864  0.038898646 0.01442132
4 33  8 0 36  0.220055237 0.398670484 0.288773822 0.082313443 0.010187014
4 34  8 0 30  0.1897063 0.329490661 0.380134834 0.093471197 0.007197008
4 35  8 0 45  0.159942586 0.256172062 0.41479757  0.160991565 0.008096217
4 36  8 0 39  0.149922263 0.239639875 0.40886961  0.196436664 0.005131587
4 37  8 0 26  0.089348374 0.220459292 0.481634112 0.20611455  0.002443672
4 38  8 0 35  0.174455473 0.263037046 0.337595745 0.203927445 0.020984291
4 39  8 0 26  0.275490091 0.360593287 0.231419934 0.116169379 0.016327308
4 40  8 0 36  0.436052919 0.206106159 0.131775506 0.208186292 0.017879124
4 41  8 0 14  0.206800591 0.505423242 0.212156822 0.066527701 0.009091643
4 42  8 0 27  0.200716744 0.304462392 0.276822356 0.158177223 0.059821286
2 1 9 0 34  0 0.015139061 0.138814323 0.433129335 0.412917281
2 2 9 0 47  0.15526236  0.068657955 0.066776586 0.371867579 0.337435521
2 3 9 0 35  0.054612018 0.093215522 0.157268223 0.259104012 0.435800224
2 4 9 0 40  0.335655197 0.268114383 0.075455321 0.121010324 0.199764775
2 5 9 0 52  0.292315117 0.171746168 0.14401312  0.138416024 0.253509571
2 6 9 0 53  0.193882714 0.153307482 0.145563936 0.212481646 0.29476422
2 7 9 0 45  0.271977105 0.103522335 0.121075616 0.234686985 0.268737957
2 8 9 0 44  0.336144608 0.212571978 0.112207995 0.141814164 0.197261254
2 9 9 0 51  0.251184186 0.259498789 0.099116365 0.142203707 0.247996952
2 10  9 0 51  0.260644575 0.222254421 0.164093653 0.119569805 0.233437547
2 11  9 0 51  0.588490296 0.154066528 0.071471651 0.067266571 0.118704953
2 12  9 0 50  0.171451883 0.292296009 0.204534993 0.15853138  0.173185735
2 13  9 0 48  0.534007684 0.219618115 0.069984046 0.069210096 0.107180059
2 14  9 0 42  0.262977619 0.227522967 0.149239936 0.169903075 0.190356402
2 15  9 0 42  0.370597126 0.407895305 0.100547339 0.05820712  0.062753109
2 16  9 0 43  0.44873036  0.356391994 0.100199616 0.03945661  0.05522142
2 17  9 0 37  0.50732162  0.358137982 0.085865317 0.025378566 0.023296515
2 18  9 0 37  0.272779787 0.506767627 0.143877425 0.028924584 0.047650578
2 19  9 0 39  0.232330328 0.531012819 0.187235545 0.037115443 0.012305865
2 20  9 0 26  0.173668795 0.469678049 0.248731377 0.083250056 0.024671723
2 21  9 0 32  0.177044133 0.40430794  0.273429681 0.107211384 0.038006862
2 22  9 0 37  0.176948144 0.311112612 0.342720597 0.132608728 0.03660992
2 23  9 0 41  0.100838521 0.165485226 0.440744748 0.244435254 0.048496251
2 24  9 0 35  0.514930203 0.201177501 0.099905671 0.138746885 0.045239741
2 25  9 0 29  0.21676094  0.307055488 0.188459566 0.244208545 0.043515461
2 26  9 0 33  0.314154984 0.356767759 0.166163296 0.134051664 0.028862297
2 27  9 0 32  0.176532166 0.38041933  0.195291318 0.183957949 0.063799236
2 28  9 0 31  0.472550737 0.331441215 0.11265421  0.066046193 0.017307645
2 29  9 0 35  0.574204623 0.194337458 0.14091514  0.07430722  0.016235559
2 30  9 0 37  0.095992143 0.291672468 0.158030295 0.194464156 0.259840938
2 31  9 0 29  0.08029944  0.407831016 0.310571896 0.139673648 0.061624
4 32  9 0 64  0.276692137 0.210269446 0.245968216 0.185386543 0.081683658
4 33  9 0 56  0.394154627 0.237152716 0.177590277 0.13567023  0.05543215
4 34  9 0 60  0.34229159  0.141547818 0.179425716 0.219793082 0.116941794
4 35  9 0 62  0.535467042 0.208957336 0.112214241 0.097892876 0.045468504
4 36  9 0 64  0.66266807  0.25744954  0.040699571 0.028126233 0.011056586
4 37  9 0 46  0.531637077 0.403991275 0.04124429  0.018746558 0.0043808
4 38  9 0 64  0.260791523 0.460620021 0.206457591 0.059579816 0.01255105
4 39  9 0 53  0.09772896  0.327173269 0.419986671 0.141798539 0.013312561
4 40  9 0 55  0.026910081 0.08142372  0.393102082 0.433187479 0.065376638
4 41  9 0 41  0.052050619 0.070338893 0.301820546 0.470334689 0.105455253
4 42  9 0 66  0.403676491 0.052400078 0.186950683 0.294019007 0.062953742
2 1 10  0 41  0.287470746 0.162982292 0.272587071 0.196323961 0.08063593
2 2 10  0 63  0.135273828 0.231026342 0.409664237 0.157715906 0.066319686
2 3 10  0 57  0.024153671 0.190507788 0.394282543 0.361813578 0.029242419
2 4 10  0 37  0.048760395 0.218299273 0.371101843 0.30841221  0.053426279
2 5 10  0 43  0.009139165 0.25638297  0.452095429 0.230915351 0.051467085
2 6 10  0 50  0.007268854 0.085671026 0.518142393 0.324193153 0.064724574
2 7 10  0 30  0.015243825 0.052227661 0.389671677 0.443822933 0.099033904
2 8 10  0 34  0.061170594 0.105740226 0.605052611 0.213716256 0.014320313
2 9 10  0 30  0.016406735 0.200053507 0.605200151 0.113946611 0.064392996
2 10  10  0 22  0.031729795 0.010265228 0.468899501 0.272256534 0.216848942
2 11  10  0 26  0.161415813 0.109343407 0.314996703 0.35093721  0.063306866
2 12  10  0 29  0.023135329 0.160271358 0.442052587 0.311193352 0.063347374
2 13  10  0 31  0 0.065395076 0.733512928 0.187921554 0.013170442
2 14  10  0 30  0.136509594 0.036717482 0.448174513 0.333396935 0.045201476
2 15  10  0 35  0.00720939  0.189748312 0.662413247 0.104301576 0.036327475
2 16  10  0 23  0.048797603 0.091090784 0.464575629 0.395535985 0
2 17  10  0 28  0.07142761  0.366614732 0.409270951 0.137152861 0.015533846
2 18  10  0 27  0.010104563 0.137108657 0.71629402  0.128956213 0.007536548
2 19  10  0 32  0.006455507 0.052632773 0.565929222 0.36085179  0.014130707
2 20  10  0 28  0.004567127 0.090524608 0.385866945 0.471069976 0.047971345
2 21  10  0 35  0.004687066 0.181491157 0.449049755 0.273585435 0.091186587
2 22  10  0 33  0.008634079 0.059490755 0.477991367 0.369734815 0.084148983
2 23  10  0 41  0.009961046 0.097126214 0.532492919 0.306343049 0.054076772
2 24  10  0 33  0.000898402 0.070411255 0.48665907  0.378108262 0.063923011
2 25  10  0 34  0.014453676 0.017072285 0.453154275 0.407392803 0.107926961
2 26  10  0 29  0.013766094 0.032461905 0.49573786  0.335426114 0.122608027
2 27  10  0 22  0.017253198 0.111394717 0.318177189 0.425189486 0.12798541
2 28  10  0 24  0.031816506 0.053273203 0.555810436 0.33436825  0.024731605
2 29  10  0 36  0.091401501 0.078163802 0.511147989 0.285115231 0.034171477
2 30  10  0 50  0.012109933 0.225674579 0.499756452 0.235304394 0.027154642
2 31  10  0 37  0.002722325 0.067096457 0.613545818 0.294044451 0.022590948
4 32  10  0 46  0.038658794 0.014192329 0.490387521 0.421621282 0.035140075
4 33  10  0 50  0.004540109 0.028945937 0.486368362 0.44903273  0.031112862
4 34  10  0 46  0.014049241 0.078722013 0.484704323 0.408647451 0.013876972
4 35  10  0 48  0.026369117 0.024071938 0.529401348 0.395455948 0.024701649
4 36  10  0 53  0.085115129 0.06659553  0.578940676 0.232305057 0.037043607
4 37  10  0 33  0.030331527 0.134500169 0.486152612 0.283897787 0.065117905
4 38  10  0 41  0.036679339 0.083844823 0.496069737 0.321917418 0.061488683
4 39  10  0 28  0.103451116 0.26203288  0.34919338  0.246593156 0.038729469
4 40  10  0 29  0.090221941 0.053792238 0.417064067 0.375728348 0.063193406
4 41  10  0 10  0.418902967 0.310816539 0.187897938 0.082382556 0
4 42  10  0 27  0.530914772 0.138735128 0.103699797 0.156644864 0.070005439
# end survey length observations 
#  
# Fishery catch data 
# Number of observations, init_int Ncatch_obs
  630
# init_matrix obs_catch_biomass(1,Ncatch_obs,1,6) 
# Fleet	Area	Year	Species	Catch(biomass t)	CV 
1 1 1 1 14124.91811 0.1
1 1 2 1 13811.23934 0.1
1 1 3 1 17988.29341 0.1
1 1 4 1 13374.4147  0.1
1 1 5 1 20045.82543 0.1
1 1 6 1 15933.82847 0.1
1 1 7 1 9716.066607 0.1
1 1 8 1 18617.25751 0.1
1 1 9 1 13021.10685 0.1
1 1 10  1 13066.88294 0.1
1 1 11  1 17802.92118 0.1
1 1 12  1 13341.23124 0.1
1 1 13  1 18949.23662 0.1
1 1 14  1 15564.37811 0.1
1 1 15  1 10796.11719 0.1
1 1 16  1 10081.16817 0.1
1 1 17  1 3755.950563 0.1
1 1 18  1 1932.033417 0.1
1 1 19  1 2267.995352 0.1
1 1 20  1 2292.366356 0.1
1 1 21  1 2104.388364 0.1
1 1 22  1 2484.710402 0.1
1 1 23  1 2364.488399 0.1
1 1 24  1 4073.912323 0.1
1 1 25  1 3698.411484 0.1
1 1 26  1 5672.925426 0.1
1 1 27  1 1758.787285 0.1
1 1 28  1 1578.926357 0.1
1 1 29  1 1415.445611 0.1
1 1 30  1 2443.168205 0.1
1 1 31  1 3717.736364 0.1
1 1 32  1 2954.295743 0.1
1 1 33  1 1516.394491 0.1
1 1 34  1 1848.842147 0.1
1 1 35  1 1097.520888 0.1
1 1 36  1 608.1428384 0.1
1 1 37  1 795.0223645 0.1
1 1 38  1 632.8661932 0.1
1 1 39  1 621.5377466 0.1
1 1 40  1 476.0624675 0.1
1 1 41  1 446.7345518 0.1
1 1 42  1 328.6961436 0.1
1 1 1 3 483.3304358 0.1
1 1 2 3 260.1835557 0.1
1 1 3 3 355.0364241 0.1
1 1 4 3 399.7622626 0.1
1 1 5 3 2915.885379 0.1
1 1 6 3 3556.996137 0.1
1 1 7 3 2672.862844 0.1
1 1 8 3 2600.020354 0.1
1 1 9 3 3439.268237 0.1
1 1 10  3 2482.328382 0.1
1 1 11  3 3378.451933 0.1
1 1 12  3 620.9528787 0.1
1 1 13  3 2869.188547 0.1
1 1 14  3 1293.069944 0.1
1 1 15  3 1234.646502 0.1
1 1 16  3 986.6553992 0.1
1 1 17  3 17343.48016 0.1
1 1 18  3 1243.76991  0.1
1 1 19  3 519.3592415 0.1
1 1 20  3 658.438609  0.1
1 1 21  3 393.6462621 0.1
1 1 22  3 2304.313074 0.1
1 1 23  3 951.5019897 0.1
1 1 24  3 190.1619035 0.1
1 1 25  3 408.9456515 0.1
1 1 26  3 243.7290066 0.1
1 1 27  3 137.2853339 0.1
1 1 28  3 26.9805896  0.1
1 1 29  3 18.21231389 0.1
1 1 30  3 136.4940159 0.1
1 1 31  3 171.0296626 0.1
1 1 32  3 153.9379892 0.1
1 1 33  3 86.61061112 0.1
1 1 34  3 67.18425672 0.1
1 1 35  3 36.40992898 0.1
1 1 36  3 43.92343736 0.1
1 1 37  3 192.2680524 0.1
1 1 38  3 541.9913047 0.1
1 1 39  3 60.54722426 0.1
1 1 40  3 90.94869554 0.1
1 1 41  3 74.93593073 0.1
1 1 42  3 258.8226507 0.1
1 1 1 4 2042.768926 0.1
1 1 2 4 1957.974593 0.1
1 1 3 4 1766.458912 0.1
1 1 4 4 1721.543521 0.1
1 1 5 4 1737.458885 0.1
1 1 6 4 1265.836669 0.1
1 1 7 4 1362.71071  0.1
1 1 8 4 2409.211036 0.1
1 1 9 4 2273.561768 0.1
1 1 10  4 2488.867023 0.1
1 1 11  4 3542.868523 0.1
1 1 12  4 5319.645186 0.1
1 1 13  4 5443.284142 0.1
1 1 14  4 3559.056676 0.1
1 1 15  4 4405.883984 0.1
1 1 16  4 5896.158355 0.1
1 1 17  4 4128.511891 0.1
1 1 18  4 4333.23069  0.1
1 1 19  4 4159.215964 0.1
1 1 20  4 4505.695322 0.1
1 1 21  4 3719.868345 0.1
1 1 22  4 4451.307446 0.1
1 1 23  4 4136.863853 0.1
1 1 24  4 3821.119353 0.1
1 1 25  4 3922.294568 0.1
1 1 26  4 4499.995901 0.1
1 1 27  4 3317.465744 0.1
1 1 28  4 3859.817398 0.1
1 1 29  4 3697.772459 0.1
1 1 30  4 2092.154198 0.1
1 1 31  4 1696.613383 0.1
1 1 32  4 1277.464699 0.1
1 1 33  4 942.415314  0.1
1 1 34  4 1183.910176 0.1
1 1 35  4 1749.438215 0.1
1 1 36  4 1028.271593 0.1
1 1 37  4 1134.414504 0.1
1 1 38  4 1205.55151  0.1
1 1 39  4 1546.515298 0.1
1 1 40  4 1850.046044 0.1
1 1 41  4 1434.941207 0.1
1 1 42  4 1155.689871 0.1
1 1 1 5 11554.7381  0.1
1 1 2 5 8236.887919 0.1
1 1 3 5 13131.28202 0.1
1 1 4 5 9312.578405 0.1
1 1 5 5 7164.805999 0.1
1 1 6 5 4734.181983 0.1
1 1 7 5 3041.712799 0.1
1 1 8 5 5556.912668 0.1
1 1 9 5 5244.54856  0.1
1 1 10  5 4430.492049 0.1
1 1 11  5 6212.53272  0.1
1 1 12  5 2137.989334 0.1
1 1 13  5 2991.685317 0.1
1 1 14  5 3070.290203 0.1
1 1 15  5 2864.287217 0.1
1 1 16  5 1585.90713  0.1
1 1 17  5 12145.17783 0.1
1 1 18  5 773.4469554 0.1
1 1 19  5 728.6810438 0.1
1 1 20  5 837.1305722 0.1
1 1 21  5 2169.824604 0.1
1 1 22  5 2049.840865 0.1
1 1 23  5 2821.814726 0.1
1 1 24  5 3984.924242 0.1
1 1 25  5 5207.650879 0.1
1 1 26  5 8564.195699 0.1
1 1 27  5 8901.774942 0.1
1 1 28  5 7608.637066 0.1
1 1 29  5 4764.044101 0.1
1 1 30  5 6383.910968 0.1
1 1 31  5 6245.100123 0.1
1 1 32  5 6058.383401 0.1
1 1 33  5 12664.97228 0.1
1 1 34  5 9148.379994 0.1
1 1 35  5 3023.055105 0.1
1 1 36  5 1002.548369 0.1
1 1 37  5 11877.51895 0.1
1 1 38  5 12718.97001 0.1
1 1 39  5 12336.29363 0.1
1 1 40  5 11364.84713 0.1
1 1 41  5 11337.07713 0.1
1 1 42  5 2315.075024 0.1
1 1 1 6 12107.72086 0.1
1 1 2 6 3723.413549 0.1
1 1 3 6 4456.90691  0.1
1 1 4 6 4043.44214  0.1
1 1 5 6 7795.407319 0.1
1 1 6 6 6850.3997 0.1
1 1 7 6 5314.68253  0.1
1 1 8 6 5369.532856 0.1
1 1 9 6 5824.025716 0.1
1 1 10  6 5705.599155 0.1
1 1 11  6 8148.606613 0.1
1 1 12  6 9737.068295 0.1
1 1 13  6 8018.660653 0.1
1 1 14  6 7669.553116 0.1
1 1 15  6 6675.802051 0.1
1 1 16  6 18304.27744 0.1
1 1 17  6 17124.12384 0.1
1 1 18  6 2744.461998 0.1
1 1 19  6 4884.828719 0.1
1 1 20  6 6493.253678 0.1
1 1 21  6 9775.211824 0.1
1 1 22  6 6268.701484 0.1
1 1 23  6 11887.68056 0.1
1 1 24  6 4313.778939 0.1
1 1 25  6 2193.725254 0.1
1 1 26  6 5382.288449 0.1
1 1 27  6 3838.695299 0.1
1 1 28  6 3600.485875 0.1
1 1 29  6 2051.017013 0.1
1 1 30  6 2051.700417 0.1
1 1 31  6 4595.55982  0.1
1 1 32  6 3572.950642 0.1
1 1 33  6 3739.565258 0.1
1 1 34  6 4074.047152 0.1
1 1 35  6 2895.078603 0.1
1 1 36  6 3394.772279 0.1
1 1 37  6 3683.374674 0.1
1 1 38  6 2998.845364 0.1
1 1 39  6 2840.4098 0.1
1 1 40  6 2283.550663 0.1
1 1 41  6 2072.77364  0.1
1 1 42  6 1931.632999 0.1
1 1 1 7 3573.68998  0.1
1 1 2 7 2921.347957 0.1
1 1 3 7 3925.450549 0.1
1 1 4 7 3170.114909 0.1
1 1 5 7 5245.89506  0.1
1 1 6 7 5432.600003 0.1
1 1 7 7 3799.057267 0.1
1 1 8 7 4202.823924 0.1
1 1 9 7 4109.984071 0.1
1 1 10  7 3578.591286 0.1
1 1 11  7 4672.589291 0.1
1 1 12  7 2679.655514 0.1
1 1 13  7 5248.833082 0.1
1 1 14  7 3772.419113 0.1
1 1 15  7 3902.398566 0.1
1 1 16  7 4056.485115 0.1
1 1 17  7 10855.82783 0.1
1 1 18  7 3025.674886 0.1
1 1 19  7 4828.015828 0.1
1 1 20  7 4679.821599 0.1
1 1 21  7 2220.808742 0.1
1 1 22  7 1823.245085 0.1
1 1 23  7 980.1854558 0.1
1 1 24  7 3269.830828 0.1
1 1 25  7 969.5488422 0.1
1 1 26  7 1189.51228  0.1
1 1 27  7 524.2372339 0.1
1 1 28  7 436.8470225 0.1
1 1 29  7 593.915355  0.1
1 1 30  7 1533.954633 0.1
1 1 31  7 937.8199501 0.1
1 1 32  7 778.0193573 0.1
1 1 33  7 1189.017237 0.1
1 1 34  7 1679.970319 0.1
1 1 35  7 2030.229269 0.1
1 1 36  7 1781.091947 0.1
1 1 37  7 2373.683323 0.1
1 1 38  7 2179.438162 0.1
1 1 39  7 1528.625597 0.1
1 1 40  7 941.8957058 0.1
1 1 41  7 563.7797905 0.1
1 1 42  7 344.2720314 0.1
1 1 1 8 4611.499431 0.1
1 1 2 8 4360.921888 0.1
1 1 3 8 7639.681765 0.1
1 1 4 8 7705.789301 0.1
1 1 5 8 5807.126334 0.1
1 1 6 8 5927.21737  0.1
1 1 7 8 5438.004915 0.1
1 1 8 8 4856.393181 0.1
1 1 9 8 3850.038688 0.1
1 1 10  8 4687.92446  0.1
1 1 11  8 4529.200338 0.1
1 1 12  8 3604.220807 0.1
1 1 13  8 3939.245253 0.1
1 1 14  8 4288.070164 0.1
1 1 15  8 3452.700386 0.1
1 1 16  8 4351.446483 0.1
1 1 17  8 2026.669761 0.1
1 1 18  8 2554.895942 0.1
1 1 19  8 2780.873968 0.1
1 1 20  8 3503.229641 0.1
1 1 21  8 3111.743793 0.1
1 1 22  8 2610.812103 0.1
1 1 23  8 3144.263019 0.1
1 1 24  8 5392.677161 0.1
1 1 25  8 3587.352223 0.1
1 1 26  8 4469.634711 0.1
1 1 27  8 3253.373769 0.1
1 1 28  8 2312.647102 0.1
1 1 29  8 1367.387769 0.1
1 1 30  8 1342.400381 0.1
1 1 31  8 2408.379896 0.1
1 1 32  8 2298.003236 0.1
1 1 33  8 1543.97003  0.1
1 1 34  8 1777.811994 0.1
1 1 35  8 1802.895526 0.1
1 1 36  8 1746.053278 0.1
1 1 37  8 1210.486481 0.1
1 1 38  8 1029.058844 0.1
1 1 39  8 633.0250112 0.1
1 1 40  8 557.5197747 0.1
1 1 41  8 486.4560208 0.1
1 1 42  8 311.1705357 0.1
1 1 1 9 14616.19769 0.1
1 1 2 9 10634.81005 0.1
1 1 3 9 14775.86409 0.1
1 1 4 9 12582.35962 0.1
1 1 5 9 11343.19441 0.1
1 1 6 9 9057.481887 0.1
1 1 7 9 5378.897009 0.1
1 1 8 9 9331.356437 0.1
1 1 9 9 8293.609392 0.1
1 1 10  9 8821.091614 0.1
1 1 11  9 10021.49593 0.1
1 1 12  9 3147.16476  0.1
1 1 13  9 12812.61907 0.1
1 1 14  9 12129.05752 0.1
1 1 15  9 10516.03461 0.1
1 1 16  9 9439.72636  0.1
1 1 17  9 8528.1281 0.1
1 1 18  9 4607.962183 0.1
1 1 19  9 8540.717298 0.1
1 1 20  9 2446.947692 0.1
1 1 21  9 7439.064247 0.1
1 1 22  9 7254.725833 0.1
1 1 23  9 4517.45109  0.1
1 1 24  9 29304.07327 0.1
1 1 25  9 8405.747874 0.1
1 1 26  9 28569.34334 0.1
1 1 27  9 8493.700001 0.1
1 1 28  9 6501.30621  0.1
1 1 29  9 5110.911804 0.1
1 1 30  9 10901.29967 0.1
1 1 31  9 9922.275714 0.1
1 1 32  9 18173.73209 0.1
1 1 33  9 12159.45032 0.1
1 1 34  9 9200.769697 0.1
1 1 35  9 5921.908292 0.1
1 1 36  9 1518.887902 0.1
1 1 37  9 5078.110874 0.1
1 1 38  9 8522.096442 0.1
1 1 39  9 6336.214916 0.1
1 1 40  9 7344.678011 0.1
1 1 41  9 5745.32341  0.1
1 1 42  9 1799.020257 0.1
1 1 1 10  3892.733759 0.1
1 1 2 10  4935.942902 0.1
1 1 3 10  7190.310148 0.1
1 1 4 10  5544.386432 0.1
1 1 5 10  7276.12678  0.1
1 1 6 10  8751.119117 0.1
1 1 7 10  4113.972954 0.1
1 1 8 10  3680.606413 0.1
1 1 9 10  4369.898445 0.1
1 1 10  10  3700.992587 0.1
1 1 11  10  2695.105269 0.1
1 1 12  10  2919.093043 0.1
1 1 13  10  9297.454406 0.1
1 1 14  10  4292.222934 0.1
1 1 15  10  3300.328591 0.1
1 1 16  10  2588.329502 0.1
1 1 17  10  2825.229755 0.1
1 1 18  10  966.7637447 0.1
1 1 19  10  1483.403312 0.1
1 1 20  10  2115.758752 0.1
1 1 21  10  3254.732097 0.1
1 1 22  10  4077.745818 0.1
1 1 23  10  6775.025801 0.1
1 1 24  10  6253.84096  0.1
1 1 25  10  4755.825014 0.1
1 1 26  10  3409.81713  0.1
1 1 27  10  5854.700453 0.1
1 1 28  10  3137.564539 0.1
1 1 29  10  1474.582357 0.1
1 1 30  10  1578.260971 0.1
1 1 31  10  1825.64727  0.1
1 1 32  10  1982.63038  0.1
1 1 33  10  1048.191103 0.1
1 1 34  10  1112.015134 0.1
1 1 35  10  715.1009984 0.1
1 1 36  10  238.6445211 0.1
1 1 37  10  187.4680718 0.1
1 1 38  10  127.0702148 0.1
1 1 39  10  52.60404578 0.1
1 1 40  10  61.6248847  0.1
1 1 41  10  46.2122315  0.1
1 1 42  10  17.13046817 0.1
2 1 1 1 3225.107511 0.1
2 1 2 1 4041.818936 0.1
2 1 3 1 6012.854849 0.1
2 1 4 1 6727.053952 0.1
2 1 5 1 9112.600531 0.1
2 1 6 1 7178.084747 0.1
2 1 7 1 6114.168149 0.1
2 1 8 1 5288.976071 0.1
2 1 9 1 4538.347055 0.1
2 1 10  1 7136.460654 0.1
2 1 11  1 7979.8984 0.1
2 1 12  1 7752.382167 0.1
2 1 13  1 9468.161057 0.1
2 1 14  1 9957.595873 0.1
2 1 15  1 8857.061413 0.1
2 1 16  1 5598.377621 0.1
2 1 17  1 5928.921627 0.1
2 1 18  1 2699.574888 0.1
2 1 19  1 3377.64502  0.1
2 1 20  1 4198.46652  0.1
2 1 21  1 3323.990775 0.1
2 1 22  1 3674.928666 0.1
2 1 23  1 3362.112995 0.1
2 1 24  1 3966.970805 0.1
2 1 25  1 2910.399633 0.1
2 1 26  1 2119.470266 0.1
2 1 27  1 1328.287581 0.1
2 1 28  1 681.8983853 0.1
2 1 29  1 1143.188354 0.1
2 1 30  1 1363.368917 0.1
2 1 31  1 1350.044906 0.1
2 1 32  1 1142.547079 0.1
2 1 33  1 841.3877727 0.1
2 1 34  1 640.3695581 0.1
2 1 35  1 306.1407855 0.1
2 1 36  1 78.84357156 0.1
2 1 37  1 320.6216711 0.1
2 1 38  1 410.5161334 0.1
2 1 39  1 261.4780742 0.1
2 1 40  1 149.9580828 0.1
2 1 41  1 272.4207502 0.1
2 1 42  1 45.75850862 0.1
2 1 1 5 471.2719159 0.1
2 1 2 5 406.5624553 0.1
2 1 3 5 1040.713708 0.1
2 1 4 5 1192.618573 0.1
2 1 5 5 995.4822203 0.1
2 1 6 5 1006.025125 0.1
2 1 7 5 759.7656481 0.1
2 1 8 5 789.055653  0.1
2 1 9 5 861.8156837 0.1
2 1 10  5 1824.569949 0.1
2 1 11  5 1570.543343 0.1
2 1 12  5 1483.409556 0.1
2 1 13  5 1532.721388 0.1
2 1 14  5 2616.686012 0.1
2 1 15  5 1941.172765 0.1
2 1 16  5 2197.991275 0.1
2 1 17  5 1877.755397 0.1
2 1 18  5 1435.389452 0.1
2 1 19  5 2766.68527  0.1
2 1 20  5 1793.956338 0.1
2 1 21  5 2022.276286 0.1
2 1 22  5 1980.733834 0.1
2 1 23  5 2848.837454 0.1
2 1 24  5 3396.985399 0.1
2 1 25  5 3090.915537 0.1
2 1 26  5 264.7111173 0.1
2 1 27  5 4636.73955  0.1
2 1 28  5 7036.787097 0.1
2 1 29  5 6908.200265 0.1
2 1 30  5 5937.003547 0.1
2 1 31  5 539.291079  0.1
2 1 32  5 565.3741418 0.1
2 1 33  5 6375.918473 0.1
2 1 34  5 3563.819134 0.1
2 1 35  5 2122.829441 0.1
2 1 36  5 6.350333694 0.1
2 1 37  5 1186.620143 0.1
2 1 38  5 1348.071597 0.1
2 1 39  5 57.19746487 0.1
2 1 40  5 21.38616459 0.1
2 1 41  5 51.65520903 0.1
2 1 42  5 10.94421735 0.1
2 1 1 7 2431.848155 0.1
2 1 2 7 2079.049492 0.1
2 1 3 7 3032.849654 0.1
2 1 4 7 3677.089512 0.1
2 1 5 7 3425.644466 0.1
2 1 6 7 2939.580476 0.1
2 1 7 7 2745.580128 0.1
2 1 8 7 2508.240544 0.1
2 1 9 7 2580.790134 0.1
2 1 10  7 3440.841863 0.1
2 1 11  7 3837.388884 0.1
2 1 12  7 8565.08556  0.1
2 1 13  7 11086.1213  0.1
2 1 14  7 13227.28298 0.1
2 1 15  7 6644.984557 0.1
2 1 16  7 2508.86122  0.1
2 1 17  7 4705.318702 0.1
2 1 18  7 5460.492095 0.1
2 1 19  7 4528.898813 0.1
2 1 20  7 8955.582334 0.1
2 1 21  7 3513.867273 0.1
2 1 22  7 3407.07791  0.1
2 1 23  7 8776.521917 0.1
2 1 24  7 5602.620477 0.1
2 1 25  7 6991.766039 0.1
2 1 26  7 4547.818408 0.1
2 1 27  7 3477.940399 0.1
2 1 28  7 1533.541021 0.1
2 1 29  7 5672.017284 0.1
2 1 30  7 2330.209075 0.1
2 1 31  7 1334.340104 0.1
2 1 32  7 3300.162999 0.1
2 1 33  7 1980.564483 0.1
2 1 34  7 1926.993503 0.1
2 1 35  7 2493.949469 0.1
2 1 36  7 1568.566208 0.1
2 1 37  7 2865.170341 0.1
2 1 38  7 2559.200616 0.1
2 1 39  7 4821.712819 0.1
2 1 40  7 4141.848166 0.1
2 1 41  7 3219.461862 0.1
2 1 42  7 2524.298164 0.1
2 1 1 9 232.110254  0.1
2 1 2 9 264.1152811 0.1
2 1 3 9 446.8901572 0.1
2 1 4 9 520.6621081 0.1
2 1 5 9 603.3509949 0.1
2 1 6 9 456.4392946 0.1
2 1 7 9 366.228362  0.1
2 1 8 9 329.6770048 0.1
2 1 9 9 334.1337969 0.1
2 1 10  9 484.4062803 0.1
2 1 11  9 554.1518556 0.1
2 1 12  9 727.8286684 0.1
2 1 13  9 545.874543  0.1
2 1 14  9 681.0356921 0.1
2 1 15  9 634.0276634 0.1
2 1 16  9 31.88390036 0.1
2 1 17  9 383.8079536 0.1
2 1 18  9 258.2032155 0.1
2 1 19  9 463.1521901 0.1
2 1 20  9 80.69212548 0.1
2 1 21  9 512.231469  0.1
2 1 22  9 395.4840594 0.1
2 1 23  9 2161.869808 0.1
2 1 24  9 1561.650662 0.1
2 1 25  9 1855.630622 0.1
2 1 26  9 2657.756889 0.1
2 1 27  9 2107.96124  0.1
2 1 28  9 2366.063072 0.1
2 1 29  9 3005.68612  0.1
2 1 30  9 4489.520746 0.1
2 1 31  9 3521.601082 0.1
2 1 32  9 3989.776293 0.1
2 1 33  9 3992.164434 0.1
2 1 34  9 3405.198934 0.1
2 1 35  9 2505.425594 0.1
2 1 36  9 2007.705183 0.1
2 1 37  9 4630.004396 0.1
2 1 38  9 3592.909983 0.1
2 1 39  9 4091.983565 0.1
2 1 40  9 4817.156139 0.1
2 1 41  9 4947.062531 0.1
2 1 42  9 3184.119023 0.1
3 1 1 2 1346.333795 0.1
3 1 2 2 799.9795046 0.1
3 1 3 2 1364.677298 0.1
3 1 4 2 881.7770853 0.1
3 1 5 2 1265.666915 0.1
3 1 6 2 1171.057046 0.1
3 1 7 2 736.6102305 0.1
3 1 8 2 938.335326  0.1
3 1 9 2 875.2553849 0.1
3 1 10  2 817.3470861 0.1
3 1 11  2 1040.401151 0.1
3 1 12  2 932.4002172 0.1
3 1 13  2 2867.05037  0.1
3 1 14  2 1674.052162 0.1
3 1 15  2 906.5037279 0.1
3 1 16  2 2300.644803 0.1
3 1 17  2 2007.275591 0.1
3 1 18  2 25.00151945 0.1
3 1 19  2 3608.593542 0.1
3 1 20  2 6493.870979 0.1
3 1 21  2 17815.52293 0.1
3 1 22  2 15924.79818 0.1
3 1 23  2 10632.30803 0.1
3 1 24  2 29178.88981 0.1
3 1 25  2 11800.86265 0.1
3 1 26  2 15249.9805  0.1
3 1 27  2 12575.64079 0.1
3 1 28  2 10829.38588 0.1
3 1 29  2 11731.45696 0.1
3 1 30  2 8470.247042 0.1
3 1 31  2 8653.70233  0.1
3 1 32  2 17570.26786 0.1
3 1 33  2 12251.32324 0.1
3 1 34  2 21914.36422 0.1
3 1 35  2 23370.25748 0.1
3 1 36  2 24659.0697  0.1
3 1 37  2 21763.81456 0.1
3 1 38  2 20662.81327 0.1
3 1 39  2 12412.16239 0.1
3 1 40  2 8697.228918 0.1
3 1 41  2 6657.846394 0.1
3 1 42  2 1729.107742 0.1
3 1 1 3 0.358673281 0.1
3 1 2 3 0.209702985 0.1
3 1 3 3 0.277452108 0.1
3 1 4 3 0.055196068 0.1
3 1 5 3 0.015292149 0.1
3 1 6 3 0.070933049 0.1
3 1 7 3 0.057488611 0.1
3 1 8 3 31.03146437 0.1
3 1 9 3 2.082757764 0.1
3 1 10  3 0.274346349 0.1
3 1 11  3 0.208216349 0.1
3 1 12  3 0.290791026 0.1
3 1 13  3 0.152109922 0.1
3 1 14  3 153.5344811 0.1
3 1 15  3 0.82449246  0.1
3 1 16  3 98.72897119 0.1
3 1 17  3 32.79784306 0.1
3 1 18  3 69.20500959 0.1
3 1 19  3 407.1676601 0.1
3 1 20  3 78.27311809 0.1
3 1 21  3 61.79569439 0.1
3 1 22  3 3.441655427 0.1
3 1 23  3 16.87647056 0.1
3 1 24  3 7.81815101  0.1
3 1 25  3 433.2566699 0.1
3 1 26  3 1816.005786 0.1
3 1 27  3 2525.715254 0.1
3 1 28  3 589.0136554 0.1
3 1 29  3 1541.291026 0.1
3 1 30  3 2079.580198 0.1
3 1 31  3 1507.428742 0.1
3 1 32  3 518.7085544 0.1
3 1 33  3 66.59534655 0.1
3 1 34  3 55.57429481 0.1
3 1 35  3 95.28847843 0.1
3 1 36  3 2053.620738 0.1
3 1 37  3 2037.205223 0.1
3 1 38  3 451.5456908 0.1
3 1 39  3 809.8832626 0.1
3 1 40  3 1237.736022 0.1
3 1 41  3 904.1878577 0.1
3 1 42  3 0.004953528 0.1
# end catch observations 
#  
# Fishery size comp data 
# Number of observations, init_int Ncatch_size_obs 
  580
# init_matrix obs_catch_size(1,Ncatch_size_obs,1,ncol) 
# Fleet Area  Year  Species Type (0=whole, 1=retained, 2=discard) InpN, proportion by size bin 
  1 1 1 1 0 81 0 0.228903628726538 0.61433859171691 0.148461598587281 0.0082958540268233
  1 1 2 1 0 73 0.000698352453517038 0.239458537347602 0.351862148254965 0.333126719180101 0.074853875715095
  1 1 3 1 0 65 0.00278047076347594 0.376114799334779 0.445944038503623 0.162003862367142 0.013156578102467
  1 1 4 1 0 56 0.00786886457920623 0.337901674513981 0.517320356094278 0.114751407241385 0.0221574300240361
  1 1 5 1 0 120 0.00933702279804854 0.516785652856517 0.298510909448094 0.135627479821622 0.0397387595467241
  1 1 6 1 0 130 0 0.358632725269814 0.481157111626646 0.123137104036972 0.0370728523695463
  1 1 7 1 0 94 0 0.199310638947566 0.544336725637256 0.196851742178612 0.0595005979252292
  1 1 8 1 0 94 0 0.49959656980013 0.289868933253936 0.169789586234119 0.0407446163717711
  1 1 9 1 0 82 0 0.351540978760218 0.485598999998054 0.117735289369981 0.0451242682399689
  1 1 10 1 0 76 0 0.580097353774719 0.280054400931012 0.114584062714984 0.0252638405013401
  1 1 11 1 0 74 0 0.287526303529777 0.5669568365966 0.121000502324818 0.0245160698978495
  1 1 12 1 0 65 0 0.244932168949164 0.559020362447141 0.177461619616353 0.0185855299180532
  1 1 13 1 0 77 0.00858311443615589 0.431871666582742 0.436611601272656 0.110122463102935 0.012810919167983
  1 1 14 1 0 88 0 0.21834939609249 0.549114929826142 0.203019729949877 0.0295156073550673
  1 1 15 1 0 66 0.000390753051559281 0.386378935970669 0.401015778604197 0.181387593488557 0.0308264793974797
  1 1 16 1 0 69 0 0.30041193950794 0.54621667355522 0.123056392441184 0.0303144821786872
  1 1 17 1 0 43 0.0157472791833599 0.198794360761619 0.54675149140453 0.211821743847609 0.0268842541154801
  1 1 18 1 0 34 0 0.388017690742815 0.407892355101056 0.188889151797749 0.0151992513175249
  1 1 19 1 0 55 0.00603627563498044 0.198698673104931 0.543020942367442 0.231489195392943 0.0207537359956202
  1 1 20 1 0 64 0 0.228291315041312 0.537741411638974 0.213742526381147 0.0202235699451536
  1 1 21 1 0 77 0.000709214750010857 0.326825749931772 0.490545332464699 0.167583903614413 0.0143346687008965
  1 1 22 1 0 67 0 0.24419407821784 0.608021123286646 0.133962526944607 0.0138213943917487
  1 1 23 1 0 133 0.000537843465801842 0.232289458286633 0.576576315382828 0.172047629576801 0.0185477423748907
  1 1 24 1 0 98 0 0.303959771347832 0.561744429112863 0.121669736130715 0.0126254487040524
  1 1 25 1 0 91 0 0.158008464865626 0.604846836365288 0.212219831544229 0.0249240140201083
  1 1 26 1 0 77 0 0.0546480334052763 0.622882775940944 0.296299816052171 0.0261680048297765
  1 1 27 1 0 102 0 0.026460185267037 0.557680347591849 0.363400695176218 0.0524556553902086
  1 1 28 1 0 76 0 0.0355543754329254 0.593692451949789 0.335756772777707 0.0349923183097426
  1 1 29 1 0 110 0 0.0402837198479123 0.732723042709615 0.2098052234392 0.0171847864634285
  1 1 30 1 0 100 0 0.0365022978055687 0.791565399872488 0.165643410159075 0.00628654985725346
  1 1 31 1 0 108 0 0.0498350181475064 0.817467067687635 0.127107709609399 0.00558791257134038
  1 1 32 1 0 118 0 0.0190809932027409 0.751708552776788 0.222648555246545 0.00655907581784491
  1 1 33 1 0 129 0 0.0229624918264778 0.79428544802102 0.176170324670185 0.00657872040407712
  1 1 34 1 0 90 0 0.033417354963406 0.744245638319312 0.207883845680582 0.0144505622458676
  1 1 35 1 0 69 0 0.0526582246237573 0.779271251043865 0.159235544054051 0.00883121720087088
  1 1 36 1 0 80 0 0.249017354579911 0.668945888348116 0.0760064351056325 0.00602538873078632
  1 1 37 1 0 62 0 0.265883562952963 0.654697274149246 0.0768712129188299 0.00254383551620282
  1 1 38 1 0 94 0 0.267344339745714 0.577171886164845 0.151856404401606 0.00362206072623484
  1 1 39 1 0 75 0 0.314718638035264 0.496905440137112 0.180873940506187 0.00749471397205149
  1 1 40 1 0 75 0 0.0224356041027835 0.616371589842372 0.345738065748315 0.0154298816934147
  1 1 41 1 0 35 0 0.0160228111070296 0.538608037867394 0.419544350500138 0.025805162874133
  1 1 42 1 0 22 0 0.0812061091243672 0.465813760210518 0.401033185848953 0.0519306292159172
  1 1 1 3 0 1 0 0.150834755429633 0.111789882458342 0.645338808547258 0.0920338134164496
  1 1 2 3 0 5 0 0.00313350984621081 0.00239621341180827 0.392739049152102 0.601724429553336
  1 1 3 3 0 5 0.0135657738353891 0.125361883935032 0.288736139424684 0.176916558160889 0.395415332546432
  1 1 4 3 0 1 0.105931930326244 0.188803234169506 0.116736125090556 0.105273514939515 0.483252775808369
  1 1 5 3 0 6 0.00794395159281563 0.0268905209419041 0.105319730470819 0.161078409488519 0.698764666511027
  1 1 6 3 0 4 0.0425094714209767 0.0655683454482857 0.30486003479257 0.0725566193648469 0.514503532864977
  1 1 7 3 0 5 0.016094288748749 0.17198047310995 0.505960085394183 0.145898308118057 0.160063546432188
  1 1 8 3 0 1 0 0.00524507435367639 0.510359528878714 0.277558383887092 0.206835350143159
  1 1 9 3 0 1 0.00557251512288414 0.325292594853218 0.188155925278156 0.379594584073547 0.101383367699395
  1 1 10 3 0 1 0.128945194284393 0.560324827158364 0.126154765685641 0.172359091753193 0.0122148792628092
  1 1 11 3 0 2 0.000484484714504576 0.0177281534734641 0.219444293275023 0.657606116203697 0.104736062575628
  1 1 12 3 0 5 0.00454253901150814 0.0553754216348108 0.149976252720059 0.605321385832998 0.184783992319772
  1 1 13 3 0 4 0.0107447402055144 0.111849206588498 0.33845383496566 0.297521073517851 0.241430703738886
  1 1 14 3 0 8 0.00108088455588 0.00602140742130035 0.275144691766151 0.476054984216453 0.241697742573842
  1 1 15 3 0 11 0.000589264586709774 0.070098828090714 0.164052681536332 0.60195974257202 0.163299321507787
  1 1 16 3 0 5 0.0691562202500445 0.217822985427881 0.228861673854432 0.346041811249767 0.138116908000431
  1 1 17 3 0 5 0 0.0260819937365958 0.537496707337646 0.422054744301112 0.0143660960388541
  1 1 18 3 0 1 0.0139017865594758 0.162368386142706 0.189576239783502 0.360243643985346 0.273909161381854
  1 1 19 3 0 1 0.0331724860309394 0.0648238941948476 0.425647243331118 0.438802868209079 0.0375532124695592
  1 1 20 3 0 4 0.0411902631991834 0.0367826567724735 0.337618033906377 0.434854499741115 0.149554212915877
  1 1 21 3 0 3 0.0046337820300232 0.154427281008372 0.36783586191108 0.409400088423008 0.063702279695743
  1 1 22 3 0 4 0 0.043034373140245 0.399687989225798 0.468637609555313 0.088639463361955
  1 1 23 3 0 3 0.0031237923970948 0.134618506426951 0.322251003707187 0.466027544465563 0.0739775843157682
  1 1 24 3 0 3 0 0.126079239453708 0.276265909049461 0.372853753764908 0.2247964885195
  1 1 25 3 0 2 0.0222293089583757 0.0920419248584555 0.787427684944139 0.0733368169646342 0.0249640292699798
  1 1 26 3 0 4 0.189609266370058 0.0776447284649005 0.492601118363328 0.222444006890449 0.0177000035012863
  1 1 27 3 0 5 0.234460028844546 0.20348515814087 0.475427899918128 0.0846957752268216 0.00193096348548946
  1 1 28 3 0 4 0.0107646102665234 0.443010898983543 0.412396806664984 0.127172401167388 0.00665491388804017
  1 1 29 3 0 4 0.00396805003247177 0.099973169481836 0.724125801571598 0.159689305683811 0.01224358010983
  1 1 30 3 0 24 0.0148015264926165 0.242223912482264 0.452766419325742 0.271331458574024 0.0188766211400986
  1 1 31 3 0 10 0.0443662254618875 0.103053834963317 0.615507602527219 0.229404803684157 0.00766740706990424
  1 1 32 3 0 12 0.00270677479827431 0.33031102533723 0.453769382041368 0.212709568705068 0.000502753563857978
  1 1 33 3 0 4 0.00934803144695706 0.429114322108793 0.475369729716753 0.085721862931592 0.000442972671105896
  1 1 34 3 0 6 0.559085664141819 0.30099834412165 0.123815875042173 0.0156745003018314 0.000423635143292739
  1 1 35 3 0 2 0.0200011285634775 0.336844002439516 0.490268596789822 0.152877330937647 6.49740402693855e-06
  1 1 36 3 0 10 0.00886175162319863 0.19065657016256 0.761892338906124 0.0379482320525217 0.00063534212572775
  1 1 37 3 0 9 0.102469421599413 0.316158644763068 0.525762831676347 0.0556049530517031 0
  1 1 38 3 0 13 0.149760005466451 0.120554004419939 0.627342630582208 0.100647300002798 0.00169571184148022
  1 1 39 3 0 16 0.0193072611055017 0.422064188988635 0.486693696857509 0.0719343366343776 0
  1 1 40 3 0 27 0.102351050325719 0.70994130416794 0.181776677511855 0.00591437705119164 1.64367023885437e-05
  1 1 41 3 0 15 0.00733117939207531 0.551290598807735 0.425512612497255 0.0157701793874827 9.52049668599131e-05
  1 1 42 3 0 16 0.00846601037108873 0.271034228646128 0.666459659390842 0.0534316267356023 0.000606295354368893
  1 1 19 4 0 14 0.0175601031143477 0.266156683925549 0.526359869942367 0.157241491052552 0.0326804370793152
  1 1 20 4 0 19 0.139818306031537 0.527561609778086 0.269703536439471 0.0482311348454002 0.0146845980891619
  1 1 21 4 0 5 0.0488677497881027 0.356182286539837 0.581847093604212 0.0131012526982442 0
  1 1 22 4 0 15 0.194221009247647 0.578034706877266 0.193397174111283 0.0218263478277727 0.0125201183982551
  1 1 23 4 0 54 0.189694701002613 0.46523913958864 0.198237559673442 0.104770827917061 0.0420570601181111
  1 1 24 4 0 56 0.198459586876673 0.513547320361009 0.118027703680751 0.109127302114039 0.0608373126665993
  1 1 25 4 0 60 0.190202064836833 0.507732051499039 0.118123720630071 0.131574338132347 0.0523670577813206
  1 1 26 4 0 46 0.150610158973381 0.511213751893495 0.134408003201762 0.160202624272944 0.0435646494089326
  1 1 27 4 0 33 0.260523538783545 0.667777085322757 0.0678261591954517 0.00387221946022908 0
  1 1 28 4 0 32 0.156105612097421 0.627673749501154 0.0590639491693288 0.108741132776986 0.0484146400765311
  1 1 29 4 0 38 0.263900005429822 0.516792591952339 0.103325379272997 0.0920874928406553 0.0238935604353091
  1 1 30 4 0 31 0.251581533251311 0.618241856245992 0.0770615556542884 0.0232240138744223 0.0298893747831303
  1 1 31 4 0 36 0.179981615463112 0.609804594079489 0.0622762006591837 0.0999567494470205 0.0479791355896021
  1 1 32 4 0 29 0.274366889302688 0.553466799497546 0.0530294403915677 0.0760786056043607 0.043056195469877
  1 1 33 4 0 27 0.17915205434878 0.56509857037486 0.0669728539169087 0.13659293120896 0.0521808113626723
  1 1 34 4 0 31 0.179684029472201 0.494267048662449 0.138271036166364 0.151164899787987 0.0366109533739234
  1 1 35 4 0 23 0.258734304545129 0.513724628936698 0.0879295133698093 0.119687271927375 0.019922801403866
  1 1 36 4 0 21 0.154710607941488 0.534451349729107 0.0979073304428729 0.184529965862932 0.0283980916959223
  1 1 37 4 0 23 0.221683652749594 0.571359335834531 0.0641740421118835 0.117756742855332 0.0250243228517043
  1 1 38 4 0 21 0.256067903753007 0.509096416001044 0.0993822815506167 0.107345125529069 0.0281066443445892
  1 1 39 4 0 28 0.292203363333515 0.539949895562195 0.0591423800080291 0.0740084806862201 0.0346945549239709
  1 1 40 4 0 27 0.360392083077543 0.483842093248052 0.056762898385581 0.0747778300086722 0.0242239034798546
  1 1 41 4 0 24 0.201459840547545 0.595789631972245 0.0929813690310954 0.103901118390864 0.00586630741787147
  1 1 42 4 0 26 0.151970060406858 0.560292846770059 0.0711811208638092 0.203052175602429 0.0135017728118024
  1 1 1 5 0 119 0 0.0412662893409483 0.734007050586656 0.19145617390144 0.0332701898191646
  1 1 2 5 0 99 0 0.0328689288843025 0.462165720351341 0.468220629818064 0.0367444163784558
  1 1 3 5 0 112 0 0.13129603585418 0.452277256083689 0.34566180279647 0.0707646732973621
  1 1 4 5 0 59 0 0.0751766101069034 0.641804598588741 0.217083075876541 0.0659355172365529
  1 1 5 5 0 86 0.000478182221142027 0.0553836885062144 0.433937784323976 0.397178882986713 0.113021088813967
  1 1 6 5 0 95 0 0.0065390722259862 0.289048259772385 0.524509598509552 0.179902413270336
  1 1 7 5 0 51 0 0.0110696603401905 0.228588721451916 0.540100702914035 0.220240226416306
  1 1 8 5 0 30 0 0.0187595196976544 0.307879800286679 0.450329359414539 0.223029943503037
  1 1 9 5 0 28 0 0.0515037545592776 0.575923603544612 0.256375629847168 0.116195745773826
  1 1 10 5 0 33 0 0.00492894737045524 0.408144874624872 0.414086770200791 0.172836898493093
  1 1 11 5 0 29 0 0.000643565800028749 0.525672769956223 0.395532399776263 0.0781494558896616
  1 1 12 5 0 22 0 0.00261135777505465 0.514785242086017 0.392600709012656 0.0899993429881552
  1 1 13 5 0 27 0 0.0247279007852775 0.440059667809754 0.47621341300951 0.0589967147376011
  1 1 14 5 0 14 0 0.00582128918949506 0.424583945126096 0.429404380937208 0.140186640098975
  1 1 15 5 0 29 0 0 0.345157189934511 0.535644140907842 0.119196056038858
  1 1 16 5 0 17 0 0 0.359853664952427 0.5403783773842 0.0997604402715771
  1 1 17 5 0 6 0 0 0.527585742068731 0.406744905406964 0.0656401976048683
  1 1 18 5 0 3 0 0 0.712884371459269 0.225000357741784 0.0620885723047119
  1 1 19 5 0 5 0 0 0.277456547147248 0.633891242210949 0.0886102655109186
  1 1 20 5 0 21 0 0 0.250232175589281 0.661479737634772 0.0882809036322466
  1 1 21 5 0 24 0 0.0005229843583178 0.229326837142925 0.641851260834608 0.128295928650309
  1 1 22 5 0 27 0 0.00304821609263393 0.290856687581846 0.606723551387651 0.0993693416950854
  1 1 23 5 0 38 0 0 0.388117375517948 0.52398325752645 0.0878977646628398
  1 1 24 5 0 63 0 0 0.449993664093584 0.464296452989423 0.0857088515138886
  1 1 25 5 0 38 0 0 0.422252618251652 0.445100154849097 0.132646404976835
  1 1 26 5 0 61 0 0 0.419170541381315 0.508529082741006 0.0722994904612728
  1 1 27 5 0 66 0 0.000376950148894593 0.562428893969771 0.410861855578858 0.0263316549771887
  1 1 28 5 0 68 0 0 0.537439282126919 0.436158885370304 0.0264011054764852
  1 1 29 5 0 89 0 0 0.533317907515751 0.452859463216377 0.0138208346317765
  1 1 30 5 0 89 0 0.00494433224471741 0.775779950615403 0.210478821252202 0.00879566244536798
  1 1 31 5 0 112 0 0.00591784252126444 0.814668591065855 0.175445755984895 0.00396720478426438
  1 1 32 5 0 107 0 0.0016299923964714 0.75623981419115 0.238631141750683 0.00349832735569965
  1 1 33 5 0 148 0 0.0005075769809197 0.710718090612164 0.285689009686555 0.00308489168020084
  1 1 34 5 0 108 0 0.000244310635503052 0.683169858485126 0.313292992060837 0.00329208420008733
  1 1 35 5 0 72 0 0.0027158642392124 0.619243914278657 0.369338317218737 0.00869920631398134
  1 1 36 5 0 63 0 0.184402383875041 0.721839205283202 0.0898584375788438 0.0038981662505648
  1 1 37 5 0 53 0 0.148150887964556 0.799135796144029 0.0518372945958366 0.000875323272909696
  1 1 38 5 0 83 0 0.14508599425113 0.80798937030441 0.0459204918519659 0.00100358321523306
  1 1 39 5 0 63 0 0.274524645006054 0.670437316847829 0.0547869034311245 0.000250437591398585
  1 1 40 5 0 71 0 0.367252205972881 0.584843694161609 0.047460341043162 0.000443002205948229
  1 1 41 5 0 62 0 0.39838474260691 0.585093376712978 0.0163408281193532 0.00018049472283737
  1 1 42 5 0 39 0 0.366929704390709 0.621137567954618 0.0119323015596308 0
  1 1 1 6 0 23 0.00454659022630464 0.0380077857840568 0.8268511078683 0.115120955170208 0.0154734818464919
  1 1 2 6 0 17 0.00013825431596949 0.0617330527052057 0.754823006123754 0.147268503774713 0.0360368857495764
  1 1 3 6 0 11 0.00129688022466231 0.198997989530266 0.729184977107414 0.0692940604780906 0.00122588737260075
  1 1 4 6 0 11 0.00585324675448383 0.251570728943877 0.662585810574242 0.0758703612304468 0.0041197186657638
  1 1 5 6 0 27 0.00312269256796882 0.207654538024383 0.646166396001644 0.117733508798999 0.0253227778534555
  1 1 6 6 0 32 0.000125643498940217 0.18854172404007 0.651432715575932 0.148392416660317 0.0115073882344791
  1 1 7 6 0 22 0.00119716181752782 0.176903385131348 0.638073904592275 0.161400713758584 0.02242472455361
  1 1 8 6 0 27 0.00312924723865152 0.186378745948356 0.66126818399664 0.128676777218915 0.0205469394047603
  1 1 9 6 0 39 0.0024285363793329 0.262375943218706 0.580184439742735 0.134114168294326 0.020896824406459
  1 1 10 6 0 37 0.000240904133436007 0.34061628748905 0.550121897917352 0.103718979810417 0.00530186221666266
  1 1 11 6 0 35 0.00465018941090992 0.382616122065657 0.53091638264435 0.0733951569854574 0.00842208523843398
  1 1 12 6 0 29 0.000410538384354856 0.306920605815395 0.617717746513068 0.0680434743598304 0.00690758110332219
  1 1 13 6 0 39 6.24625443881196e-05 0.318621115231801 0.612279190286981 0.066170205398084 0.00286697680866373
  1 1 14 6 0 27 0.00462908253612095 0.218472304982488 0.670958298652949 0.0845112388713616 0.0214290182906267
  1 1 15 6 0 12 0.0100517276934437 0.30590106008162 0.559630541580855 0.0935546972688161 0.0308619196582526
  1 1 16 6 0 15 0.0175890550380053 0.34404947394053 0.591318597772233 0.0446354324698595 0.00240738738809313
  1 1 17 6 0 17 0 0.353079619361718 0.613317594729704 0.0330792018123806 0.000523517505650231
  1 1 18 6 0 8 0.00193718960408011 0.257369499829749 0.600509595111039 0.0973901790519111 0.0427934537060114
  1 1 19 6 0 8 0 0.571533983823595 0.394507153122996 0.0339588185615859 0
  1 1 20 6 0 28 0.012020885089674 0.520098414346119 0.434294331683932 0.0330454636758574 0.000540860026897022
  1 1 21 6 0 36 0.0244620694013742 0.501774097593334 0.410100360768447 0.0623436206899202 0.00131980973236388
  1 1 22 6 0 41 0.00996930158888908 0.571726293972103 0.350339188514226 0.0580394477016459 0.00992572724712619
  1 1 23 6 0 13 0 0.507555388414801 0.437151770896914 0.0429487183548242 0.0123440766198742
  1 1 24 6 0 52 0.00530134533820957 0.255302520812708 0.507912391256075 0.165629213651183 0.065854457025521
  1 1 25 6 0 30 0 0.512926255681168 0.418137722904613 0.0554279955908224 0.0135079308352651
  1 1 26 6 0 41 0.0273828409838036 0.479957208366876 0.460902424417553 0.0184614656072841 0.0132960061342294
  1 1 27 6 0 33 0.0131057744448887 0.438652327533171 0.482317124372407 0.0605198837324688 0.00540482206444227
  1 1 28 6 0 48 0.000618509290604129 0.622602814370331 0.286941613706196 0.0856893626103128 0.00414761999934473
  1 1 29 6 0 50 0.00680051743435176 0.60854104847763 0.323489792532035 0.0567641189032328 0.00440440221297151
  1 1 30 6 0 70 0.00128610513530323 0.457840614794585 0.464080466070468 0.0736368310219125 0.00315586940229896
  1 1 31 6 0 64 0.00102479084735385 0.571385047444552 0.31728563668418 0.102394662209223 0.00790973638448203
  1 1 32 6 0 41 0.00023440604409983 0.486060898140118 0.370205768310366 0.128298769110401 0.0152000443104789
  1 1 33 6 0 43 0 0.438954888522642 0.412651510249496 0.138361373067658 0.0100321394715101
  1 1 34 6 0 40 0.000339206193252289 0.516980589584359 0.39060110227993 0.0876403000632666 0.00443871795497307
  1 1 35 6 0 43 0.00188591110663648 0.443819247124751 0.386690879943932 0.160250024791803 0.00735382778288237
  1 1 36 6 0 56 0.00025168979250451 0.429388946859963 0.411628730412988 0.131000943345429 0.0277295823248433
  1 1 37 6 0 36 0.000847523130055877 0.338948980592988 0.419351796765966 0.194368454915245 0.04648313205474
  1 1 38 6 0 81 0 0.402147065893648 0.346543254145751 0.202640074158694 0.0486694801622945
  1 1 39 6 0 72 0.000559326971387054 0.391677527628516 0.411728113947257 0.135941947585721 0.0600929565332353
  1 1 40 6 0 60 0.00044125959664677 0.40774358957875 0.401508071764553 0.12848947717647 0.0618174498225045
  1 1 41 6 0 57 0.000352384856507684 0.446452013409959 0.409577019873454 0.102847400961475 0.0407710281404441
  1 1 42 6 0 43 0.00193132294196547 0.416226883610225 0.456667156282095 0.113535045843853 0.0116394136143688
  1 1 2 7 0 5 0 0 0.0456772042034587 0.385718613273651 0.568427430087486
  1 1 4 7 0 5 0 0 0.369052493865065 0.359078102138982 0.269308576604237
  1 1 5 7 0 5 0 0 0.00709174161360958 0.0538972362634328 0.937528241319186
  1 1 6 7 0 5 0 0 0.00166040366896691 0.127851082510452 0.6874071189523
  1 1 7 7 0 5 0 0.000667742455826107 0.00133548491165221 0.0981581410064378 0.796616749800546
  1 1 8 7 0 5 0 0 0.00670169498096781 0.139517104603784 0.718909097958365
  1 1 9 7 0 5 0.0129344247582783 0 0.00895460175573113 0.127354336081509 0.850687166794457
  1 1 10 7 0 5 0 0 0.0131200716688336 0.260927424545531 0.7257904872052
  1 1 11 7 0 1 0 0 0.00138684563178113 0.158100402023049 0.840428452859366
  1 1 12 7 0 5 0 0 0.000705349995797932 0.199614048810815 0.794224095268472
  1 1 13 7 0 1 0 0 0.00117574609988489 0.193663193131222 0.805157246269193
  1 1 14 7 0 2 0.00842302327851507 0 0.105125026225351 0.267741631360369 0.618708699558436
  1 1 15 7 0 8 0 0 0.000596987983783417 0.263388644314186 0.736012644615847
  1 1 16 7 0 3 0 0 0.00078354044774003 0.346179968810739 0.65303533315266
  1 1 17 7 0 3 0 0 0.00444404433543404 0.532396439291301 0.463158235754609
  1 1 18 7 0 1 0 0 0.0373647235758006 0.604971913196741 0.35766244984323
  1 1 19 7 0 3 0.0400048595253659 0.000347370984573843 0.229982682816311 0.598010695458084 0.131653603153487
  1 1 20 7 0 3 0 0 0.241978279410166 0.708555182803247 0.0494651731390946
  1 1 21 7 0 3 0 0.0345805342780713 0.346149442414941 0.523367518764599 0.0959015384326762
  1 1 22 7 0 2 0 0.000570294065185539 0.440099936409723 0.509823889215235 0.049504902067195
  1 1 23 7 0 6 0 0.00250088842074495 0.308323815300413 0.644514673003413 0.044658721799017
  1 1 24 7 0 1 0 0 0.114784823650365 0.769192171244004 0.116019934216537
  1 1 25 7 0 1 0 0 0.0320402379695671 0.811611707263724 0.156343133395159
  1 1 26 7 0 2 0 0.00165908840431373 0.2506833900768 0.633686126382257 0.113965428799503
  1 1 27 7 0 2 0 0 0.0122274199064195 0.73185077145535 0.255894182716041
  1 1 28 7 0 4 0 0.000324978586090889 0.164438714144533 0.703642309530992 0.131578580790497
  1 1 29 7 0 7 0 0.00060758768889077 0.146918308653864 0.734412717099744 0.118050355202984
  1 1 30 7 0 6 0.000574726177518504 0.000330802420304584 0.140811418071919 0.703966270603419 0.154300646293489
  1 1 31 7 0 10 0 0 0.0500337170731092 0.773015903530287 0.176933973155809
  1 1 32 7 0 7 0 0 0.0717252953166826 0.75059527192762 0.177670198593514
  1 1 33 7 0 15 0.00169023410319243 0.00048292402948355 0.0851482785516191 0.689315093071615 0.223358771296417
  1 1 34 7 0 19 0 0.00158851011937201 0.238780021691118 0.61489702737773 0.144731580697181
  1 1 35 7 0 13 0 0.000709842475955143 0.0555624243206518 0.622056982219272 0.32166867986835
  1 1 36 7 0 23 0 0.000524453949762321 0.0168020561059852 0.647177360805534 0.33549309388136
  1 1 37 7 0 7 0 0.000308575477035821 0.0544890649041234 0.634122114539947 0.311078497984478
  1 1 38 7 0 7 0 0.000402433305708227 0.14795120556967 0.689681577618564 0.161963132176713
  1 1 39 7 0 19 0.000970257140774306 0.000582154284464584 0.0841647031710301 0.677320740522999 0.236961258028171
  1 1 40 7 0 25 0 0.000358679617071091 0.100968312205512 0.677545796647291 0.221125983924328
  1 1 41 7 0 31 0 0.00214285491554268 0.175831167707975 0.58596599452723 0.236058539596478
  1 1 42 7 0 31 0 0 0.126768735127391 0.668388659018475 0.20484092269914
  1 1 1 8 0 22 0.000985967683899069 0.228187439291416 0.47211111846393 0.26601569283195 0.0326995618041359
  1 1 2 8 0 19 3.66720700545275e-05 0.323019801233439 0.503855416898601 0.162719013275954 0.010368899056114
  1 1 3 8 0 35 0.00458257783428833 0.433693433197502 0.461996938470342 0.091693637951493 0.00803331015446625
  1 1 4 8 0 22 0.0185079722037744 0.499074027710538 0.391393345922443 0.0816219680131238 0.00940259026130021
  1 1 5 8 0 52 0.0110628245140246 0.504761814917742 0.394844695049734 0.0793395260522567 0.00999101784641379
  1 1 6 8 0 60 0.0126883464345683 0.499850555794566 0.396676619324194 0.079956321201843 0.0108280433967144
  1 1 7 8 0 44 0.0337287138272872 0.498893105703241 0.365480817178988 0.0931791063918197 0.00871814082067849
  1 1 8 8 0 65 0.0216996109830895 0.532029868831393 0.34678197054676 0.0864377550679641 0.0130506188458998
  1 1 9 8 0 50 0.0163206392946661 0.461458511917603 0.41202185822042 0.0986143266425349 0.0115844177452296
  1 1 10 8 0 62 0.000542911239116628 0.524310341425233 0.392008945608698 0.0740701043463646 0.00906749557757611
  1 1 11 8 0 60 0.0089801566231288 0.517789279750378 0.397060048737142 0.0660866922717122 0.0100836015055128
  1 1 12 8 0 33 0.000370140880212078 0.583339013570119 0.345108291380339 0.0644207802740504 0.00676150471506144
  1 1 13 8 0 54 0.0115897773771076 0.444662332480558 0.485583893875224 0.0555076648467925 0.00265607799730668
  1 1 14 8 0 55 0.00438325840843329 0.513370136665561 0.408651312610882 0.066052362019296 0.00754268763360776
  1 1 15 8 0 48 0.00429770153024319 0.481621090165834 0.422298759825701 0.0859197629073536 0.00586239164616725
  1 1 16 8 0 24 0.000176973013281624 0.512509360493919 0.401053880602748 0.0779489334247961 0.00831051669072062
  1 1 17 8 0 24 0.00038775206530613 0.593653566809163 0.321547600533724 0.0780134342396501 0.00639715394241573
  1 1 18 8 0 18 0.000470049314446634 0.495353199909024 0.470920871432472 0.0309938192201474 0.00226155184668152
  1 1 19 8 0 16 0.0248366371171375 0.553602611767831 0.351210978442248 0.0642171217928461 0.00613232318682162
  1 1 20 8 0 37 6.0898798111253e-05 0.532546173908171 0.427843465231412 0.0378194929582868 0.00172965876733301
  1 1 21 8 0 22 0 0.507189283238545 0.467599060989163 0.0239658764019527 0.0012454627125117
  1 1 22 8 0 22 0.0639073281402252 0.54710058211549 0.362784000611062 0.0258368263102881 0.000370954991776782
  1 1 23 8 0 60 0 0.4677149395398 0.471112087197717 0.0558869979600038 0.00528566990281238
  1 1 24 8 0 65 0 0.376304489013096 0.529994106408511 0.0804433302501401 0.0132578061960364
  1 1 25 8 0 78 0 0.238478814399628 0.558588760777225 0.16642780558142 0.0365042421848603
  1 1 26 8 0 83 0 0.266870665583293 0.419964574686766 0.224589005125897 0.0885753296658887
  1 1 27 8 0 109 1.22439295402477e-05 0.193261793913301 0.382609682302229 0.34292523779635 0.0811904761713406
  1 1 28 8 0 90 0.000974679583866682 0.264329468448804 0.402398742180589 0.274894824717857 0.0574016028893584
  1 1 29 8 0 96 0.000396273839740222 0.402070172126868 0.384221924315402 0.16603978627835 0.0472709129401401
  1 1 30 8 0 79 0.000449033757966485 0.439067291377878 0.42189432344254 0.109926750606462 0.0286617505895335
  1 1 31 8 0 85 4.89160783892858e-06 0.387143543294221 0.476300258108695 0.113131872125178 0.0234185503186995
  1 1 32 8 0 84 0 0.331858436020898 0.51689746311585 0.127986739367156 0.0232565040554517
  1 1 33 8 0 102 0 0.206889373563784 0.626457987419633 0.15652043035742 0.0101310861554324
  1 1 34 8 0 85 0 0.168553106079093 0.623426084364293 0.197533194576615 0.010486735571455
  1 1 35 8 0 63 0 0.163179553720875 0.654341589386319 0.177555682736534 0.00492237552521714
  1 1 36 8 0 49 0 0.146413099157594 0.679835610106782 0.167268150123574 0.00648242156647901
  1 1 37 8 0 32 0 0.182552315854061 0.65576577536211 0.155605753760137 0.00607516765437875
  1 1 38 8 0 43 0 0.138870303570083 0.615768872984999 0.240673341374377 0.00468616472338659
  1 1 39 8 0 32 0 0.216230955245533 0.579624414258055 0.197471446107128 0.00667110972094925
  1 1 40 8 0 64 0 0.144644463173525 0.589239416760824 0.255210716636394 0.0109028625935858
  1 1 41 8 0 28 0 0.0960018911407357 0.602957133819682 0.292708765426233 0.00832896431592612
  1 1 42 8 0 10 0 0.0776833213101459 0.610739578483239 0.303082154631709 0.00848888455021758
  1 1 15 9 0 90 0 0 0 0 0
  1 1 16 9 0 214 0 0 0 0 0
  1 1 17 9 0 185 0 0 0 0 0
  1 1 18 9 0 290 0 0 0 0 0
  1 1 19 9 0 96 0 0 0 0 0
  1 1 20 9 0 78 0 0 0 0 0
  1 1 21 9 0 119 0 0 0 0 0
  1 1 22 9 0 154 0 0 0 0 0
  1 1 23 9 0 118 0 0 0 0 0
  1 1 24 9 0 107 0 0 0 0 0
  1 1 25 9 0 93 0 0 0 0 0
  1 1 26 9 0 78 0.193163419510725 0.227097533749096 0.193163419510725 0.23492848318872 0.146177722872981
  1 1 27 9 0 89 0.14926724964608 0.234118813954505 0.24600377646673 0.21284432531832 0.157763926673825
  1 1 28 9 0 83 0.225453072317853 0.271535447567788 0.224210752808033 0.186280434828544 0.0925190576593619
  1 1 29 9 0 83 0.223654176896252 0.298332485951244 0.224450332596868 0.164711843972455 0.0888496979154909
  1 1 30 9 0 89 0.155491063962394 0.224763797820659 0.330902806741667 0.212760727827116 0.0760799640824093
  1 1 31 9 0 75 0.101735974563332 0.242627011983143 0.303626685661784 0.240377714640696 0.111630475256075
  1 1 32 9 0 107 0.165495313500695 0.199450076780741 0.249817367038977 0.221958893646426 0.163274931984251
  1 1 33 9 0 99 0.144334935657777 0.21328980748113 0.271847613946106 0.236208656198872 0.134317508970285
  1 1 34 9 0 104 0.288380839054389 0.180970217047219 0.200276467378145 0.191274673790275 0.13909661540488
  1 1 35 9 0 104 0.242075396573506 0.242390030239324 0.217391880558045 0.171592049528371 0.126549030807731
  1 1 36 9 0 111 0.269110548169352 0.329538602607949 0.200285108114613 0.153968637894883 0.047094924365571
  1 1 37 9 0 97 0.201488159283176 0.375263338183674 0.271533208999868 0.11214718039821 0.0395675211395433
  1 1 38 9 0 105 0.0747650477779169 0.309434357602133 0.339878567670395 0.154922885904711 0.120998417512575
  1 1 39 9 0 89 0.146572728365133 0.187443928855272 0.335588361481801 0.215997268206378 0.114397036612215
  1 1 40 9 0 89 0.0770138612199204 0.110323588717623 0.286912137363442 0.302858184070037 0.222891312772859
  1 1 41 9 0 84 0.14787492015292 0.132709069658473 0.250885512231776 0.308613090971685 0.159916555953115
  1 1 42 9 0 113 0.227748837203635 0.170968700002335 0.194257929043432 0.241973158008929 0.16505055354608
  1 1 1 10 0 45 0 0.0632922537986185 0.387760616250338 0.437734390807495 0.111212634671404
  1 1 2 10 0 57 0.000399021122684174 0.00787236052969895 0.574418530219522 0.361457115007837 0.0558529053348592
  1 1 3 10 0 69 0 0.0194049073703165 0.395920311986358 0.522458597029727 0.0622161217150901
  1 1 4 10 0 45 0 0.00812407287451919 0.308300042938432 0.607213659521312 0.0763621372288172
  1 1 5 10 0 94 0 0.0184605573321533 0.627011170391639 0.306365991807756 0.0481622453433653
  1 1 6 10 0 77 0 0.0265973909812649 0.656808725086064 0.293059397929389 0.0235344600975575
  1 1 7 10 0 75 0.000153774617693972 0.0421011450812866 0.647055411284514 0.28062669444295 0.0300629219673377
  1 1 8 10 0 89 0 0.0458552616987092 0.586996842478469 0.310419633624718 0.056728125736686
  1 1 9 10 0 60 0 0.0293310683504468 0.686196035916524 0.238108472508971 0.0463643140218087
  1 1 10 10 0 44 0.00426685183630306 0.00610397532066869 0.489598293699112 0.444870456024394 0.0551602390656679
  1 1 11 10 0 46 0 0.0130906330007499 0.485003592248215 0.412169476204892 0.0897360112889649
  1 1 12 10 0 46 0 0.00600995565236368 0.630554327916131 0.322423632308461 0.0410118816965702
  1 1 13 10 0 45 0 0 0.616091779239415 0.368073230109027 0.015834927783253
  1 1 14 10 0 39 0 0 0.497379178810634 0.473332593995981 0.029288082854978
  1 1 15 10 0 32 0 0 0.527722247947935 0.423222910326756 0.0490546415197045
  1 1 16 10 0 26 0.000301512431737848 0 0.401893783789583 0.555139374906022 0.0426649984383986
  1 1 17 10 0 16 0 0 0.55701007330904 0.399050211745352 0.0439393095880985
  1 1 18 10 0 11 0 0 0.569806833771163 0.393343689363589 0.0368485326029166
  1 1 19 10 0 18 0 0 0.441709380368648 0.519978885857606 0.0383110296114349
  1 1 20 10 0 40 0 0 0.309249178427301 0.64198973914456 0.048760403208126
  1 1 21 10 0 13 0 0 0.414634188779899 0.540938614209101 0.0444267811417848
  1 1 22 10 0 20 0 0.0372152011436355 0.296848410333459 0.571538476870043 0.09439757735395
  1 1 23 10 0 44 0 0 0.233129965849111 0.677868506612983 0.0890013127945314
  1 1 24 10 0 41 0 0.000243951139875266 0.290647041091935 0.612563590559315 0.0965452262253503
  1 1 25 10 0 48 0 0 0.229767125206254 0.627462470431384 0.142770112882161
  1 1 26 10 0 65 0 0 0.209359502579131 0.557078867841388 0.233561351442816
  1 1 27 10 0 85 0 0.00217870191609695 0.149711718925297 0.563410001723941 0.284699390835826
  1 1 28 10 0 85 0.000199724333795257 0 0.27486422701789 0.629557432673573 0.0953783109815083
  1 1 29 10 0 97 0 0 0.298931682304666 0.552587359155127 0.148480208683116
  1 1 30 10 0 111 0.00105212182564173 0.000514851242301539 0.382723320111375 0.549917219012587 0.0657917590906516
  1 1 31 10 0 108 0 0 0.278418082002995 0.690816563894203 0.0307644994257105
  1 1 32 10 0 100 0 0 0.107955776074077 0.806476374632496 0.085566846989288
  1 1 33 10 0 109 0 4.55453583012478e-05 0.0915163465320587 0.792736376164558 0.115700302745254
  1 1 34 10 0 106 0 0 0.145554999067983 0.771882639140791 0.08256151472395
  1 1 35 10 0 60 0 0 0.169713621506464 0.734125330231163 0.0961596567471297
  1 1 36 10 0 40 0 0 0.179475797890908 0.697630869989098 0.122890694058076
  1 1 37 10 0 38 0 0 0.252145884870991 0.683408245845775 0.0644437348262156
  1 1 38 10 0 49 0 0.000144022439539358 0.230730986123705 0.664635339576083 0.104485568862455
  1 1 39 10 0 25 0 0 0.22350654788893 0.677630951433473 0.0988494385824538
  1 1 40 10 0 26 0 0 0.133417342868009 0.71751990542064 0.149046749341348
  1 1 41 10 0 8 0 0 0.196213757592093 0.672992764954148 0.130765793800452
  1 1 42 10 0 4 0 0 0.18533029982663 0.743881129397358 0.0706359233386862
  2 1 1 1 0 81 0 0.228903628726538 0.61433859171691 0.148461598587281 0.0082958540268233
  2 1 2 1 0 73 0.000698352453517038 0.239458537347602 0.351862148254965 0.333126719180101 0.074853875715095
  2 1 3 1 0 65 0.00278047076347594 0.376114799334779 0.445944038503623 0.162003862367142 0.013156578102467
  2 1 4 1 0 56 0.00786886457920623 0.337901674513981 0.517320356094278 0.114751407241385 0.0221574300240361
  2 1 5 1 0 120 0.00933702279804854 0.516785652856517 0.298510909448094 0.135627479821622 0.0397387595467241
  2 1 6 1 0 130 0 0.358632725269814 0.481157111626646 0.123137104036972 0.0370728523695463
  2 1 7 1 0 94 0 0.199310638947566 0.544336725637256 0.196851742178612 0.0595005979252292
  2 1 8 1 0 94 0 0.49959656980013 0.289868933253936 0.169789586234119 0.0407446163717711
  2 1 9 1 0 82 0 0.351540978760218 0.485598999998054 0.117735289369981 0.0451242682399689
  2 1 10 1 0 76 0 0.580097353774719 0.280054400931012 0.114584062714984 0.0252638405013401
  2 1 11 1 0 74 0 0.287526303529777 0.5669568365966 0.121000502324818 0.0245160698978495
  2 1 12 1 0 65 0 0.244932168949164 0.559020362447141 0.177461619616353 0.0185855299180532
  2 1 13 1 0 77 0.00858311443615589 0.431871666582742 0.436611601272656 0.110122463102935 0.012810919167983
  2 1 14 1 0 88 0 0.21834939609249 0.549114929826142 0.203019729949877 0.0295156073550673
  2 1 15 1 0 66 0.000390753051559281 0.386378935970669 0.401015778604197 0.181387593488557 0.0308264793974797
  2 1 16 1 0 69 0 0.30041193950794 0.54621667355522 0.123056392441184 0.0303144821786872
  2 1 17 1 0 43 0.0157472791833599 0.198794360761619 0.54675149140453 0.211821743847609 0.0268842541154801
  2 1 18 1 0 34 0 0.388017690742815 0.407892355101056 0.188889151797749 0.0151992513175249
  2 1 19 1 0 55 0.00603627563498044 0.198698673104931 0.543020942367442 0.231489195392943 0.0207537359956202
  2 1 20 1 0 64 0 0.228291315041312 0.537741411638974 0.213742526381147 0.0202235699451536
  2 1 21 1 0 77 0.000709214750010857 0.326825749931772 0.490545332464699 0.167583903614413 0.0143346687008965
  2 1 22 1 0 67 0 0.24419407821784 0.608021123286646 0.133962526944607 0.0138213943917487
  2 1 23 1 0 133 0.000537843465801842 0.232289458286633 0.576576315382828 0.172047629576801 0.0185477423748907
  2 1 24 1 0 98 0 0.303959771347832 0.561744429112863 0.121669736130715 0.0126254487040524
  2 1 25 1 0 91 0 0.158008464865626 0.604846836365288 0.212219831544229 0.0249240140201083
  2 1 26 1 0 77 0 0.0546480334052763 0.622882775940944 0.296299816052171 0.0261680048297765
  2 1 27 1 0 102 0 0.026460185267037 0.557680347591849 0.363400695176218 0.0524556553902086
  2 1 28 1 0 76 0 0.0355543754329254 0.593692451949789 0.335756772777707 0.0349923183097426
  2 1 29 1 0 110 0 0.0402837198479123 0.732723042709615 0.2098052234392 0.0171847864634285
  2 1 30 1 0 100 0 0.0365022978055687 0.791565399872488 0.165643410159075 0.00628654985725346
  2 1 31 1 0 108 0 0.0498350181475064 0.817467067687635 0.127107709609399 0.00558791257134038
  2 1 32 1 0 118 0 0.0190809932027409 0.751708552776788 0.222648555246545 0.00655907581784491
  2 1 33 1 0 129 0 0.0229624918264778 0.79428544802102 0.176170324670185 0.00657872040407712
  2 1 34 1 0 90 0 0.033417354963406 0.744245638319312 0.207883845680582 0.0144505622458676
  2 1 35 1 0 69 0 0.0526582246237573 0.779271251043865 0.159235544054051 0.00883121720087088
  2 1 36 1 0 80 0 0.249017354579911 0.668945888348116 0.0760064351056325 0.00602538873078632
  2 1 37 1 0 62 0 0.265883562952963 0.654697274149246 0.0768712129188299 0.00254383551620282
  2 1 38 1 0 94 0 0.267344339745714 0.577171886164845 0.151856404401606 0.00362206072623484
  2 1 39 1 0 75 0 0.314718638035264 0.496905440137112 0.180873940506187 0.00749471397205149
  2 1 40 1 0 75 0 0.0224356041027835 0.616371589842372 0.345738065748315 0.0154298816934147
  2 1 41 1 0 35 0 0.0160228111070296 0.538608037867394 0.419544350500138 0.025805162874133
  2 1 42 1 0 22 0 0.0812061091243672 0.465813760210518 0.401033185848953 0.0519306292159172
  2 1 1 5 0 119 0 0.0412662893409483 0.734007050586656 0.19145617390144 0.0332701898191646
  2 1 2 5 0 99 0 0.0328689288843025 0.462165720351341 0.468220629818064 0.0367444163784558
  2 1 3 5 0 112 0 0.13129603585418 0.452277256083689 0.34566180279647 0.0707646732973621
  2 1 4 5 0 59 0 0.0751766101069034 0.641804598588741 0.217083075876541 0.0659355172365529
  2 1 5 5 0 86 0.000478182221142027 0.0553836885062144 0.433937784323976 0.397178882986713 0.113021088813967
  2 1 6 5 0 95 0 0.0065390722259862 0.289048259772385 0.524509598509552 0.179902413270336
  2 1 7 5 0 51 0 0.0110696603401905 0.228588721451916 0.540100702914035 0.220240226416306
  2 1 8 5 0 30 0 0.0187595196976544 0.307879800286679 0.450329359414539 0.223029943503037
  2 1 9 5 0 28 0 0.0515037545592776 0.575923603544612 0.256375629847168 0.116195745773826
  2 1 10 5 0 33 0 0.00492894737045524 0.408144874624872 0.414086770200791 0.172836898493093
  2 1 11 5 0 29 0 0.000643565800028749 0.525672769956223 0.395532399776263 0.0781494558896616
  2 1 12 5 0 22 0 0.00261135777505465 0.514785242086017 0.392600709012656 0.0899993429881552
  2 1 13 5 0 27 0 0.0247279007852775 0.440059667809754 0.47621341300951 0.0589967147376011
  2 1 14 5 0 14 0 0.00582128918949506 0.424583945126096 0.429404380937208 0.140186640098975
  2 1 15 5 0 29 0 0 0.345157189934511 0.535644140907842 0.119196056038858
  2 1 16 5 0 17 0 0 0.359853664952427 0.5403783773842 0.0997604402715771
  2 1 17 5 0 6 0 0 0.527585742068731 0.406744905406964 0.0656401976048683
  2 1 18 5 0 3 0 0 0.712884371459269 0.225000357741784 0.0620885723047119
  2 1 19 5 0 5 0 0 0.277456547147248 0.633891242210949 0.0886102655109186
  2 1 20 5 0 21 0 0 0.250232175589281 0.661479737634772 0.0882809036322466
  2 1 21 5 0 24 0 0.0005229843583178 0.229326837142925 0.641851260834608 0.128295928650309
  2 1 22 5 0 27 0 0.00304821609263393 0.290856687581846 0.606723551387651 0.0993693416950854
  2 1 23 5 0 38 0 0 0.388117375517948 0.52398325752645 0.0878977646628398
  2 1 24 5 0 63 0 0 0.449993664093584 0.464296452989423 0.0857088515138886
  2 1 25 5 0 38 0 0 0.422252618251652 0.445100154849097 0.132646404976835
  2 1 26 5 0 61 0 0 0.419170541381315 0.508529082741006 0.0722994904612728
  2 1 27 5 0 66 0 0.000376950148894593 0.562428893969771 0.410861855578858 0.0263316549771887
  2 1 28 5 0 68 0 0 0.537439282126919 0.436158885370304 0.0264011054764852
  2 1 29 5 0 89 0 0 0.533317907515751 0.452859463216377 0.0138208346317765
  2 1 30 5 0 89 0 0.00494433224471741 0.775779950615403 0.210478821252202 0.00879566244536798
  2 1 31 5 0 112 0 0.00591784252126444 0.814668591065855 0.175445755984895 0.00396720478426438
  2 1 32 5 0 107 0 0.0016299923964714 0.75623981419115 0.238631141750683 0.00349832735569965
  2 1 33 5 0 148 0 0.0005075769809197 0.710718090612164 0.285689009686555 0.00308489168020084
  2 1 34 5 0 108 0 0.000244310635503052 0.683169858485126 0.313292992060837 0.00329208420008733
  2 1 35 5 0 72 0 0.0027158642392124 0.619243914278657 0.369338317218737 0.00869920631398134
  2 1 36 5 0 63 0 0.184402383875041 0.721839205283202 0.0898584375788438 0.0038981662505648
  2 1 37 5 0 53 0 0.148150887964556 0.799135796144029 0.0518372945958366 0.000875323272909696
  2 1 38 5 0 83 0 0.14508599425113 0.80798937030441 0.0459204918519659 0.00100358321523306
  2 1 39 5 0 63 0 0.274524645006054 0.670437316847829 0.0547869034311245 0.000250437591398585
  2 1 40 5 0 71 0 0.367252205972881 0.584843694161609 0.047460341043162 0.000443002205948229
  2 1 41 5 0 62 0 0.39838474260691 0.585093376712978 0.0163408281193532 0.00018049472283737
  2 1 42 5 0 39 0 0.366929704390709 0.621137567954618 0.0119323015596308 0
  2 1 2 7 0 5 0 0 0.0456772042034587 0.385718613273651 0.568427430087486
  2 1 4 7 0 5 0 0 0.369052493865065 0.359078102138982 0.269308576604237
  2 1 5 7 0 5 0 0 0.00709174161360958 0.0538972362634328 0.937528241319186
  2 1 6 7 0 5 0 0 0.00166040366896691 0.127851082510452 0.6874071189523
  2 1 7 7 0 5 0 0.000667742455826107 0.00133548491165221 0.0981581410064378 0.796616749800546
  2 1 8 7 0 5 0 0 0.00670169498096781 0.139517104603784 0.718909097958365
  2 1 9 7 0 5 0.0129344247582783 0 0.00895460175573113 0.127354336081509 0.850687166794457
  2 1 10 7 0 5 0 0 0.0131200716688336 0.260927424545531 0.7257904872052
  2 1 11 7 0 1 0 0 0.00138684563178113 0.158100402023049 0.840428452859366
  2 1 12 7 0 5 0 0 0.000705349995797932 0.199614048810815 0.794224095268472
  2 1 13 7 0 1 0 0 0.00117574609988489 0.193663193131222 0.805157246269193
  2 1 14 7 0 2 0.00842302327851507 0 0.105125026225351 0.267741631360369 0.618708699558436
  2 1 15 7 0 8 0 0 0.000596987983783417 0.263388644314186 0.736012644615847
  2 1 16 7 0 3 0 0 0.00078354044774003 0.346179968810739 0.65303533315266
  2 1 17 7 0 3 0 0 0.00444404433543404 0.532396439291301 0.463158235754609
  2 1 18 7 0 1 0 0 0.0373647235758006 0.604971913196741 0.35766244984323
  2 1 19 7 0 3 0.0400048595253659 0.000347370984573843 0.229982682816311 0.598010695458084 0.131653603153487
  2 1 20 7 0 3 0 0 0.241978279410166 0.708555182803247 0.0494651731390946
  2 1 21 7 0 3 0 0.0345805342780713 0.346149442414941 0.523367518764599 0.0959015384326762
  2 1 22 7 0 2 0 0.000570294065185539 0.440099936409723 0.509823889215235 0.049504902067195
  2 1 23 7 0 6 0 0.00250088842074495 0.308323815300413 0.644514673003413 0.044658721799017
  2 1 24 7 0 1 0 0 0.114784823650365 0.769192171244004 0.116019934216537
  2 1 25 7 0 1 0 0 0.0320402379695671 0.811611707263724 0.156343133395159
  2 1 26 7 0 2 0 0.00165908840431373 0.2506833900768 0.633686126382257 0.113965428799503
  2 1 27 7 0 2 0 0 0.0122274199064195 0.73185077145535 0.255894182716041
  2 1 28 7 0 4 0 0.000324978586090889 0.164438714144533 0.703642309530992 0.131578580790497
  2 1 29 7 0 7 0 0.00060758768889077 0.146918308653864 0.734412717099744 0.118050355202984
  2 1 30 7 0 6 0.000574726177518504 0.000330802420304584 0.140811418071919 0.703966270603419 0.154300646293489
  2 1 31 7 0 10 0 0 0.0500337170731092 0.773015903530287 0.176933973155809
  2 1 32 7 0 7 0 0 0.0717252953166826 0.75059527192762 0.177670198593514
  2 1 33 7 0 15 0.00169023410319243 0.00048292402948355 0.0851482785516191 0.689315093071615 0.223358771296417
  2 1 34 7 0 19 0 0.00158851011937201 0.238780021691118 0.61489702737773 0.144731580697181
  2 1 35 7 0 13 0 0.000709842475955143 0.0555624243206518 0.622056982219272 0.32166867986835
  2 1 36 7 0 23 0 0.000524453949762321 0.0168020561059852 0.647177360805534 0.33549309388136
  2 1 37 7 0 7 0 0.000308575477035821 0.0544890649041234 0.634122114539947 0.311078497984478
  2 1 38 7 0 7 0 0.000402433305708227 0.14795120556967 0.689681577618564 0.161963132176713
  2 1 39 7 0 19 0.000970257140774306 0.000582154284464584 0.0841647031710301 0.677320740522999 0.236961258028171
  2 1 40 7 0 25 0 0.000358679617071091 0.100968312205512 0.677545796647291 0.221125983924328
  2 1 41 7 0 31 0 0.00214285491554268 0.175831167707975 0.58596599452723 0.236058539596478
  2 1 42 7 0 31 0 0 0.126768735127391 0.668388659018475 0.20484092269914
  2 1 15 9 0 90 0 0 0 0 0
  2 1 16 9 0 214 0 0 0 0 0
  2 1 17 9 0 185 0 0 0 0 0
  2 1 18 9 0 290 0 0 0 0 0
  2 1 19 9 0 96 0 0 0 0 0
  2 1 20 9 0 78 0 0 0 0 0
  2 1 21 9 0 119 0 0 0 0 0
  2 1 22 9 0 154 0 0 0 0 0
  2 1 23 9 0 118 0 0 0 0 0
  2 1 24 9 0 107 0 0 0 0 0
  2 1 25 9 0 93 0 0 0 0 0
  2 1 26 9 0 78 0.193163419510725 0.227097533749096 0.193163419510725 0.23492848318872 0.146177722872981
  2 1 27 9 0 89 0.14926724964608 0.234118813954505 0.24600377646673 0.21284432531832 0.157763926673825
  2 1 28 9 0 83 0.225453072317853 0.271535447567788 0.224210752808033 0.186280434828544 0.0925190576593619
  2 1 29 9 0 83 0.223654176896252 0.298332485951244 0.224450332596868 0.164711843972455 0.0888496979154909
  2 1 30 9 0 89 0.155491063962394 0.224763797820659 0.330902806741667 0.212760727827116 0.0760799640824093
  2 1 31 9 0 75 0.101735974563332 0.242627011983143 0.303626685661784 0.240377714640696 0.111630475256075
  2 1 32 9 0 107 0.165495313500695 0.199450076780741 0.249817367038977 0.221958893646426 0.163274931984251
  2 1 33 9 0 99 0.144334935657777 0.21328980748113 0.271847613946106 0.236208656198872 0.134317508970285
  2 1 34 9 0 104 0.288380839054389 0.180970217047219 0.200276467378145 0.191274673790275 0.13909661540488
  2 1 35 9 0 104 0.242075396573506 0.242390030239324 0.217391880558045 0.171592049528371 0.126549030807731
  2 1 36 9 0 111 0.269110548169352 0.329538602607949 0.200285108114613 0.153968637894883 0.047094924365571
  2 1 37 9 0 97 0.201488159283176 0.375263338183674 0.271533208999868 0.11214718039821 0.0395675211395433
  2 1 38 9 0 105 0.0747650477779169 0.309434357602133 0.339878567670395 0.154922885904711 0.120998417512575
  2 1 39 9 0 89 0.146572728365133 0.187443928855272 0.335588361481801 0.215997268206378 0.114397036612215
  2 1 40 9 0 89 0.0770138612199204 0.110323588717623 0.286912137363442 0.302858184070037 0.222891312772859
  2 1 41 9 0 84 0.14787492015292 0.132709069658473 0.250885512231776 0.308613090971685 0.159916555953115
  2 1 42 9 0 113 0.227748837203635 0.170968700002335 0.194257929043432 0.241973158008929 0.16505055354608
  3 1 1 2 0 2 0.119556465992665 0.180283326714152 0.147006634527911 0.477164813140108 0.0759885643592485
  3 1 2 2 0 5 0.325141817669029 0.245563773478648 0.164893650881566 0.203358725466655 0.061041810330007
  3 1 3 2 0 2 0.0579369197466248 0.243036182979639 0.482945015863681 0.17775974511428 0.0383219529460844
  3 1 4 2 0 5 0.0585412154341881 0.0846390419377086 0.278813106106263 0.534300793325573 0.0437053021111873
  3 1 5 2 0 5 0.247895146564263 0.065769389055083 0.103431351055904 0.502686480318454 0.0801928236188276
  3 1 6 2 0 5 0.382899452753917 0.252083963947852 0.169448790893293 0.143223547318678 0.0523287678471482
  3 1 7 2 0 5 0.0685796152078639 0.142701678651396 0.323959010621422 0.418852844388977 0.0458861789313
  3 1 8 2 0 1 0.23519022550821 0.138211956188986 0.196157351993076 0.412378098720358 0.0180606656798195
  3 1 9 2 0 5 0.071154958481517 0.154770730842408 0.421420392320522 0.324569283894636 0.0279950696162879
  3 1 10 2 0 5 0.18596925776101 0.178031916265182 0.363802097698547 0.262682664822017 0.00950472032522054
  3 1 11 2 0 2 0.195078132415312 0.226928168501432 0.248239569495898 0.312524866659678 0.0172087627298282
  3 1 12 2 0 5 0.224356338242152 0.11923650456357 0.198882739334569 0.370551146964743 0.0869665699528912
  3 1 13 2 0 5 0.0295780386740958 0.187686612967565 0.310452074227227 0.414545983740528 0.0577348921644786
  3 1 14 2 0 5 0.00319123298826592 0.110409643136753 0.309834102543991 0.532634582217024 0.0439299915000116
  3 1 15 2 0 5 0.114445864305931 0.189951623909181 0.200270398676979 0.456541393926803 0.0387879722844297
  3 1 16 2 0 5 0.182192674447474 0.163510445366151 0.308446877006647 0.326737007132619 0.0191109452544767
  3 1 17 2 0 5 0.0224974186413215 0.18497877549531 0.459947225555907 0.319963287343239 0.0124985659118453
  3 1 18 2 0 5 0 0.0717194657972293 0.321713032290429 0.60039438510252 0.00614738278261965
  3 1 19 2 0 5 0.0489163995556772 0.211450919138878 0.22738563557425 0.501538894430654 0.010708123535139
  3 1 20 2 0 30 0.00153560427551251 0.263935149433795 0.467509610554149 0.264159253818311 0.00286035928648012
  3 1 21 2 0 46 0.0419344634131756 0.21756576302965 0.590985614204676 0.146388393748571 0.00312575705555359
  3 1 22 2 0 10 0.00809235497344521 0.189053627039836 0.58542380151783 0.216951888493005 0.000478301880650722
  3 1 23 2 0 19 0.00034925202492683 0.230818746171866 0.402965508285266 0.363942524147699 0.00192395294470786
  3 1 24 2 0 61 0.000757583016741133 0.117785928158549 0.521809473751952 0.358211087070757 0.00143592152898178
  3 1 25 2 0 29 0.0112723688856422 0.111843931096007 0.538794980997711 0.336818695369686 0.00127000683984275
  3 1 26 2 0 32 0.00476489034588536 0.303631579280542 0.337563462197938 0.353077284543515 0.000962772388148703
  3 1 27 2 0 16 0.0191674342365237 0.246676604683811 0.526420789926181 0.206734369050849 0.00100079005398438
  3 1 28 2 0 31 0.00106458732773656 0.141336950982253 0.652499724741871 0.204351080121513 0.000747641795793879
  3 1 29 2 0 44 0.000101653725218551 0.124774943192892 0.612080555181024 0.261777753135906 0.00126508203251852
  3 1 30 2 0 29 0.00484342826531597 0.277852860385166 0.526539346665558 0.190602649291638 0.000161701067698507
  3 1 31 2 0 25 0.000186583402330843 0.0359031667669919 0.528877289302056 0.432331687561115 0.0027012527815929
  3 1 32 2 0 22 0.00311012620665844 0.154025924609052 0.388527223729958 0.453558974052486 0.000777740836347408
  3 1 33 2 0 35 0.0384571440861148 0.381836120147421 0.314981987054949 0.263791736948244 0.000933000323497177
  3 1 34 2 0 28 0.00528842185795355 0.42887930409116 0.530103662806963 0.0357286054098254 0
  3 1 35 2 0 45 0.00553722589439302 0.151787158991724 0.793882026639299 0.0487935821000399 0
  3 1 36 2 0 51 0.0222650447354025 0.143913349598521 0.777332402264436 0.0564891964364971 0
  3 1 37 2 0 41 0.000417481853868498 0.113866962211882 0.722576109453915 0.16313943901041 0
  3 1 38 2 0 36 0.00854614632283197 0.102715856472459 0.621913498505223 0.26657312793599 0.000251362044617114
  3 1 39 2 0 20 0 0.159609077787113 0.346109878609563 0.494281029149292 0
  3 1 40 2 0 14 0.00176523531318107 0.0875850448698084 0.465340746256873 0.445308950655916 0
  3 1 41 2 0 17 0.000159875026311956 0.150736228356544 0.267178758897369 0.5817652313355 0.000159875026311956
  3 1 42 2 0 24 0.0270102604927229 0.0560997436035041 0.304492016318214 0.611896063664877 0.000501802061609631
  3 1 1 3 0 1 0 0.150834755429633 0.111789882458342 0.645338808547258 0.0920338134164496
  3 1 2 3 0 5 0 0.00313350984621081 0.00239621341180827 0.392739049152102 0.601724429553336
  3 1 3 3 0 5 0.0135657738353891 0.125361883935032 0.288736139424684 0.176916558160889 0.395415332546432
  3 1 4 3 0 1 0.105931930326244 0.188803234169506 0.116736125090556 0.105273514939515 0.483252775808369
  3 1 5 3 0 6 0.00794395159281563 0.0268905209419041 0.105319730470819 0.161078409488519 0.698764666511027
  3 1 6 3 0 4 0.0425094714209767 0.0655683454482857 0.30486003479257 0.0725566193648469 0.514503532864977
  3 1 7 3 0 5 0.016094288748749 0.17198047310995 0.505960085394183 0.145898308118057 0.160063546432188
  3 1 8 3 0 1 0 0.00524507435367639 0.510359528878714 0.277558383887092 0.206835350143159
  3 1 9 3 0 1 0.00557251512288414 0.325292594853218 0.188155925278156 0.379594584073547 0.101383367699395
  3 1 10 3 0 1 0.128945194284393 0.560324827158364 0.126154765685641 0.172359091753193 0.0122148792628092
  3 1 11 3 0 2 0.000484484714504576 0.0177281534734641 0.219444293275023 0.657606116203697 0.104736062575628
  3 1 12 3 0 5 0.00454253901150814 0.0553754216348108 0.149976252720059 0.605321385832998 0.184783992319772
  3 1 13 3 0 4 0.0107447402055144 0.111849206588498 0.33845383496566 0.297521073517851 0.241430703738886
  3 1 14 3 0 8 0.00108088455588 0.00602140742130035 0.275144691766151 0.476054984216453 0.241697742573842
  3 1 15 3 0 11 0.000589264586709774 0.070098828090714 0.164052681536332 0.60195974257202 0.163299321507787
  3 1 16 3 0 5 0.0691562202500445 0.217822985427881 0.228861673854432 0.346041811249767 0.138116908000431
  3 1 17 3 0 5 0 0.0260819937365958 0.537496707337646 0.422054744301112 0.0143660960388541
  3 1 18 3 0 1 0.0139017865594758 0.162368386142706 0.189576239783502 0.360243643985346 0.273909161381854
  3 1 19 3 0 1 0.0331724860309394 0.0648238941948476 0.425647243331118 0.438802868209079 0.0375532124695592
  3 1 20 3 0 4 0.0411902631991834 0.0367826567724735 0.337618033906377 0.434854499741115 0.149554212915877
  3 1 21 3 0 3 0.0046337820300232 0.154427281008372 0.36783586191108 0.409400088423008 0.063702279695743
  3 1 22 3 0 4 0 0.043034373140245 0.399687989225798 0.468637609555313 0.088639463361955
  3 1 23 3 0 3 0.0031237923970948 0.134618506426951 0.322251003707187 0.466027544465563 0.0739775843157682
  3 1 24 3 0 3 0 0.126079239453708 0.276265909049461 0.372853753764908 0.2247964885195
  3 1 25 3 0 2 0.0222293089583757 0.0920419248584555 0.787427684944139 0.0733368169646342 0.0249640292699798
  3 1 26 3 0 4 0.189609266370058 0.0776447284649005 0.492601118363328 0.222444006890449 0.0177000035012863
  3 1 27 3 0 5 0.234460028844546 0.20348515814087 0.475427899918128 0.0846957752268216 0.00193096348548946
  3 1 28 3 0 4 0.0107646102665234 0.443010898983543 0.412396806664984 0.127172401167388 0.00665491388804017
  3 1 29 3 0 4 0.00396805003247177 0.099973169481836 0.724125801571598 0.159689305683811 0.01224358010983
  3 1 30 3 0 24 0.0148015264926165 0.242223912482264 0.452766419325742 0.271331458574024 0.0188766211400986
  3 1 31 3 0 10 0.0443662254618875 0.103053834963317 0.615507602527219 0.229404803684157 0.00766740706990424
  3 1 32 3 0 12 0.00270677479827431 0.33031102533723 0.453769382041368 0.212709568705068 0.000502753563857978
  3 1 33 3 0 4 0.00934803144695706 0.429114322108793 0.475369729716753 0.085721862931592 0.000442972671105896
  3 1 34 3 0 6 0.559085664141819 0.30099834412165 0.123815875042173 0.0156745003018314 0.000423635143292739
  3 1 35 3 0 2 0.0200011285634775 0.336844002439516 0.490268596789822 0.152877330937647 6.49740402693855e-06
  3 1 36 3 0 10 0.00886175162319863 0.19065657016256 0.761892338906124 0.0379482320525217 0.00063534212572775
  3 1 37 3 0 9 0.102469421599413 0.316158644763068 0.525762831676347 0.0556049530517031 0
  3 1 38 3 0 13 0.149760005466451 0.120554004419939 0.627342630582208 0.100647300002798 0.00169571184148022
  3 1 39 3 0 16 0.0193072611055017 0.422064188988635 0.486693696857509 0.0719343366343776 0
  3 1 40 3 0 27 0.102351050325719 0.70994130416794 0.181776677511855 0.00591437705119164 1.64367023885437e-05
  3 1 41 3 0 15 0.00733117939207531 0.551290598807735 0.425512612497255 0.0157701793874827 9.52049668599131e-05
  3 1 42 3 0 16 0.00846601037108873 0.271034228646128 0.666459659390842 0.0534316267356023 0.000606295354368893
# end fishery length observations 
#  
# Survey diet proportion observations 
# Number of observations, init_int Ndietprop_obs 
  506
# init_matrix obs_dietprop(1,Ndietprop_obs,1,ncol) 
# Survey  Year  Predator  Predator_size InpN  wt_prey_1 wt_prey_2 wt_prey_3 wt_prey_4 wt_prey_5 wt_prey_6 wt_prey_7 wt_prey_8 wt_prey_9 wt_prey_10 wt_prey_11 other 
1 7 1 3 25  0 0 0 0 0 0.251597148 0 0 0 0 0.748402852
1 7 1 4 25  0 0 0 0 0 0.298408488 0 0 0 0 0.701591512
1 9 1 2 25  0 0 0 0 0 0.016016014 0 0 0 0 0.983983986
1 10  1 3 25  0 0 0 0 0 0.000652907 0 0 0 0 0.999347093
1 11  1 3 25  0 0 0 0 0 0.202278043 0 0 0 0 0.797721957
1 12  1 1 25  0 0 0 0 0 0.033821023 0 0 0 0 0.966178977
1 12  1 2 25  0.03923417  0 0 0 0 0 0 0 0 0 0.96076583
1 12  1 4 25  0.624945751 0 0 0 0 0 0 0 0 0 0.375054249
1 13  1 2 25  0 0 0 0 0 0.044963366 0 0 0 0 0.955036634
1 13  1 3 25  0 0.148311533 0 0 0 0.155985042 0 0 0 0 0.695703425
1 13  1 4 25  0 0.458104142 0 0 0 0.282879307 0 0 0 0 0.259016551
1 13  1 5 25  0 0.971581248 0 0 0 0 0 0 0 0 0.028418752
1 14  1 1 25  0 0 0 0 0 0.306756243 0 0 0 0 0.693243757
1 14  1 3 25  0 0 0 0 0 0.053704877 0 0 0 0 0.946295123
1 15  1 2 25  0 0 0 0 0 0.015541805 0 0 0 0 0.984458195
1 15  1 3 25  0 0.065685968 0 0 0 0 0 0 0 0 0.934314032
1 16  1 2 25  0 0 0 0 0 0.440291559 0 0 0 0 0.559708441
1 16  1 3 25  0 0 0 0 0 0.681683168 0 0 0 0 0.318316832
1 16  1 4 25  0 0 0 0 0 0.815316583 0 0 0 0 0.184683417
1 18  1 1 25  0.229508197 0.039201711 0 0 0 0 0 0 0 0 0.731290093
1 18  1 3 25  0.021085714 0.126514283 0 0 0 0.04934057  0 0 0 0 0.803059433
1 18  1 4 25  0 0.142525914 0 0 0 0 0 0 0 0 0.857474086
1 19  1 2 25  0 0.212283428 0 0 0 0 0 0 0 0 0.787716572
1 19  1 3 25  0 0.207841126 0 0 0 0.081605306 0 0 0 0 0.710553568
1 19  1 4 25  0 0.025364228 0 0 0 0 0 0 0 0 0.974635772
1 20  1 3 25  0 0.115022136 0 0 0 0 0 0 0 0 0.884977864
1 21  1 2 25  0 0.064153056 0 0 0 0 0 0 0 0 0.935846944
1 21  1 3 25  0 0.215278266 0.00087654  0 0 0 0 0 0 0 0.783845194
1 21  1 4 25  0 0.170988733 0 0 0 0.283015834 0 0 0 0 0.545995433
1 22  1 2 25  0 0 0 0 0 0.401096948 0 0 0 0 0.598903052
1 24  1 2 25  0 0 0 0 0 0.411561549 0 0 0 0 0.588438451
1 24  1 3 25  0 0.338747426 0 0 0 0 0 0 0 0 0.661252574
1 25  1 3 25  0 0.385594192 0 0 0 0.012619446 0 0 0 0 0.601786362
1 25  1 5 25  0 0 0 0 0 0.749997725 0 0 0 0 0.250002275
1 26  1 3 25  0 0.407121167 0.276391783 0 0 0 0 0 0 0 0.31648705
1 26  1 4 25  0 0 0.236603426 0 0 0 0 0 0 0 0.763396574
1 27  1 2 25  0 0 0 0 0 0.024625028 0 0 0 0 0.975374972
1 27  1 3 25  0 0.265217391 0.148695652 0 0.141304348 0 0 0 0 0 0.444782609
1 28  1 3 25  0 0.665778961 0 0 0 0 0 0 0 0 0.334221039
1 30  1 2 25  0 0 0 0 0 0.346274921 0 0 0 0 0.653725079
1 31  1 2 25  0 0 0 0 0 0.011003573 0 0 0 0 0.988996427
3 32  1 1 25  0 0 0 0 0 0.005865103 0 0 0 0 0.994134897
3 32  1 3 25  0 0 0 0 0 0.003327787 0 0 0 0 0.996672213
3 33  1 3 25  0 0.201133662 0 0 0.060340099 0.063692326 0 0 0 0 0.674833912
3 34  1 3 25  0 0.336472672 0 0 0 0 0 0 0 0 0.663527328
3 35  1 2 25  0 0 0 0 0 0.888157895 0 0 0 0 0.111842105
3 35  1 4 25  0 1 0 0 0 0 0 0 0 0 0
3 36  1 4 25  0 0 0 0 1 0 0 0 0 0 0
3 38  1 3 25  0 0.133710733 0 0 0.191015333 0 0 0 0 0 0.675273933
3 38  1 4 25  0 0 0 0 0.36  0 0 0 0 0 0.64
3 39  1 3 25  0 0.490196078 0 0 0 0 0 0 0 0 0.509803922
3 39  1 4 25  0 0 0 0 0.499286733 0 0 0 0 0 0.500713267
3 40  1 2 25  0 0.537313433 0 0 0 0 0 0 0 0 0.462686567
3 41  1 2 25  0 0 0 0 0.467514805 0 0 0 0 0 0.532485195
3 41  1 3 25  0 0 0.170380079 0 0 0.002359109 0 0 0 0 0.827260813
3 41  1 4 25  0 0 0 0 1 0 0 0 0 0 0
2 2 1 5 25  1 0 0 0 0 0 0 0 0 0 0
2 8 1 2 25  0 0 0 0 0 0 0 0 0 0.0032513 0.9967487
2 9 1 3 25  0 0 0 0 0 0.001866021 0 0 0 0 0.998133979
2 9 1 4 25  0 0 0 0 0 0.04109841  0 0 0 0 0.95890159
2 9 1 5 25  0 0 0 0 0.803209779 0 0 0 0 0 0.196790221
2 10  1 2 25  0 0 0 0 0 0.009897026 0 0 0 0 0.990102974
2 10  1 4 25  0 0 0 0 0 0.008491217 0 0 0 0 0.991508783
2 11  1 4 25  0 0.095382519 0 0 0 0 0 0 0 0 0.904617481
2 12  1 1 25  0 0 0 0 0 0.319351471 0 0 0 0 0.680648529
2 13  1 4 25  0 0 0 0 0 0 0 0 0 0.005124048 0.994875952
2 14  1 3 25  0 0.058383014 0 0 0 0.028023847 0 0 0 0 0.913593139
2 14  1 4 25  0 0.007658868 0 0 0 0.002903987 0 0 0 0 0.989437145
2 14  1 5 25  0 0 0 0 0 0 0.048873904 0 0 0 0.951126096
2 15  1 4 25  0 0.229844413 0 0 0 0 0 0 0 0 0.770155587
2 15  1 5 25  0 0 0 0 0 0.101886792 0 0 0 0.101886792 0.796226415
2 16  1 2 25  0 0 0 0 0 0.041911364 0 0 0 0 0.958088636
2 16  1 3 25  0 0 0 0 0 0.047605105 0 0 0 0 0.952394895
2 16  1 4 25  0 0.768160742 0 0 0 0.027477245 0 0 0 0 0.204362013
2 19  1 4 25  0 0.245669494 0.02013226  0 0.044738355 0.071581369 0 0 0 0 0.617878521
2 19  1 5 25  0 0.501811594 0 0 0.144927536 0 0 0 0 0 0.35326087
2 20  1 4 25  0 0 0 0 0 0.151178269 0 0 0 0 0.848821731
2 21  1 2 25  0 0 0 0 0 0.019179963 0 0 0 0 0.980820037
2 21  1 3 25  0 0.047621653 0.181446423 0 0 0.011782235 0 0 0 0 0.75914969
2 21  1 4 25  0 0.284224021 0.065493891 0 0 0.186330816 0 0 0 0 0.463951271
2 21  1 5 25  0 0 0 0 0 0.034188034 0 0 0 0 0.965811966
2 22  1 3 25  0 0.220898879 0 0 0 0.031816711 0 0 0 0 0.74728441
2 22  1 4 25  0 0.332819723 0 0 0 0 0 0 0 0 0.667180277
2 23  1 3 25  0 0.172940042 0.032219721 0 0 0.002584838 0 0 0 0 0.792255399
2 23  1 4 25  0 0.187045467 0.072133324 0 0 0 0 0 0 0 0.740821209
2 24  1 3 25  0 0.17484876  0.056988308 0 0 0.097476661 0 0 0 0 0.670686271
2 24  1 4 25  0 0 0 0 0 0.17899373  0 0 0 0 0.82100627
2 24  1 5 25  0 0.941176471 0 0 0 0 0 0 0 0 0.058823529
2 25  1 2 25  0 0.04291113  0 0 0 0 0 0 0 0 0.95708887
2 25  1 3 25  0 0.115048649 0 0 0 0 0 0 0 0 0.884951351
2 26  1 3 25  0 0.237842698 0 0 0 0.139307866 0 0 0 0 0.622849436
2 26  1 4 25  0 0.046997389 0 0 0 0.11227154  0 0 0 0 0.84073107
2 27  1 2 25  0 0 0 0 0.459564309 0 0 0 0 0 0.540435691
2 27  1 3 25  0.014424094 0.055729455 0 0 0.401252075 0 0 0 0 0 0.528594376
2 27  1 5 25  0 0.123076923 0 0 0 0 0 0 0 0 0.876923077
2 28  1 3 25  0 0 0 0 0.46110752  0 0 0 0 0 0.53889248
2 28  1 4 25  0 0 0 0 0.711313964 0 0 0 0 0 0.288686036
2 29  1 3 25  0 0.098631678 0 0 0.259032689 0 0 0 0 0 0.642335633
2 29  1 4 25  0 0.150387688 0 0 0 0 0 0 0 0 0.849612312
2 30  1 3 25  0 0 0 0 0.032727167 0 0 0 0 0 0.967272833
4 32  1 4 25  0 0 0 0 0 0 0 0 0 0.382554051 0.617445949
4 33  1 3 25  0 0.0842339 0 0 0 0.135977582 0 0 0 0 0.779788518
4 33  1 4 25  0 0 0 0 0 0.203408466 0 0 0 0 0.796591534
4 34  1 3 25  0 0 0 0 0 0.206608323 0 0 0 0 0.793391677
4 35  1 1 25  0 0.491378045 0 0 0 0 0 0 0 0 0.508621955
4 35  1 2 25  0 0.318240593 0 0 0 0 0 0 0 0 0.681759407
4 35  1 3 25  0 0.043017071 0.077430728 0 0.287354036 0 0 0 0 0 0.592198164
4 35  1 4 25  0 0.471698113 0 0 0 0 0 0 0 0 0.528301887
4 36  1 3 25  0 0.559530878 0 0 0 0 0 0 0 0 0.440469122
4 37  1 3 25  0 0 0 0 0.091236058 0 0 0 0 0 0.908763942
4 38  1 2 25  0 0 0 0 0 0.267428031 0 0 0 0 0.732571969
4 38  1 3 25  0 0 0 0 0 0.477935319 0 0 0 0 0.522064681
4 39  1 3 25  0 0 0.193195902 0 0 0 0 0 0 0 0.806804098
4 40  1 2 25  0 0 0.137216529 0 0 0.01286405  0 0 0 0 0.849919421
4 40  1 3 25  0 0 0 0 0.278336009 0.155868165 0 0 0 0 0.565795826
4 40  1 4 25  0 0 0 0 0.126984127 0 0 0 0 0 0.873015873
4 41  1 2 25  0 0 0 0 0 0.619299628 0 0 0 0 0.380700372
4 41  1 3 25  0 0 0 0 0 0.05945078  0 0 0 0 0.94054922
4 41  1 4 25  0 0 0 0 0 0.173689434 0 0 0 0 0.826310566
4 42  1 2 25  0 0 0 0 0 0.142781752 0 0 0 0 0.857218248
1 3 4 1 25  0 0 0 0 0 0 0 0 0 0.568345324 0.431654676
1 3 4 5 25  0 0 0 0 0.492941275 0 0 0 0 0 0.507058725
1 5 4 5 25  1 0 0 0 0 0 0 0 0 0 0
1 11  4 5 25  0 0.666666667 0 0 0 0.244444444 0 0 0 0 0.088888889
1 18  4 2 25  0 1 0 0 0 0 0 0 0 0 0
1 19  4 3 25  0 0 0.949937072 0 0 0 0 0 0 0 0.050062928
1 20  4 4 25  0.917431193 0 0 0 0 0 0 0 0 0 0.082568807
1 21  4 4 25  0 0 0.132743363 0 0 0 0 0 0 0 0.867256637
1 23  4 1 25  0 0 0.713362069 0 0 0 0 0 0 0 0.286637931
1 23  4 3 25  0 0 0.177698801 0 0 0 0 0 0 0 0.822301199
1 24  4 3 25  0 0 0 0 0 0.72  0 0 0 0 0.28
1 24  4 4 25  0 0 0.576923077 0 0 0 0 0 0 0 0.423076923
1 25  4 2 25  0 0 0 0 0 0.775510204 0 0 0 0 0.224489796
1 25  4 3 25  0 0 0 0 0 0.424507659 0 0 0 0 0.575492341
1 25  4 4 25  0 0.242424242 0 0 0 0 0 0 0 0 0.757575758
1 25  4 5 25  0 0.7 0 0 0 0 0 0 0 0 0.3
1 26  4 4 25  0 0 0 0 0.045226131 0.954773869 0 0 0 0 0
1 27  4 2 25  0 0 0 0 1 0 0 0 0 0 0
1 27  4 4 25  0.529411765 0.058823529 0 0 0 0 0 0 0 0 0.411764706
1 27  4 5 25  0 0 0 0 0 1 0 0 0 0 0
1 28  4 3 25  0 0 0 0 0 0.995619275 0 0 0 0 0.004380725
1 30  4 4 25  0 0.715705765 0 0 0 0.21471173  0 0 0 0 0.069582505
3 32  4 2 25  0 0 0 0 0 0.166666667 0 0 0 0 0.833333333
3 32  4 3 25  0 0.071428571 0 0 0 0.152380952 0 0 0 0 0.776190476
3 32  4 4 25  0 0 0 0 0 0 0.173913043 0 0 0 0.826086957
3 33  4 2 25  0 0.094674556 0 0 0 0 0 0 0 0 0.905325444
3 33  4 3 25  0 0 0 0 0.078009382 0 0 0 0 0 0.921990618
3 34  4 1 25  0 0 0 0 0.858525418 0.062958531 0 0 0 0 0.078516052
3 34  4 2 25  0 0 0 0 0.483870968 0.516129032 0 0 0 0 0
3 34  4 3 25  0 0 0 0 0 0.096311145 0 0 0 0.195156794 0.708532061
3 35  4 1 25  0 0 0 0 0 1 0 0 0 0 0
3 35  4 2 25  0 0 0 0 0 0.711111111 0 0 0 0 0.288888889
3 35  4 3 25  0 0 0 0 0 0.348434622 0 0 0 0 0.651565378
3 35  4 4 25  0 0 0 0 0 0 0.545436514 0 0 0 0.454563486
3 36  4 1 25  0 0 0 0.512589928 0 0.419064748 0 0 0 0 0.068345324
3 36  4 3 25  0 0 0 0 0.254372019 0 0 0 0 0 0.745627981
3 36  4 4 25  0 0 0 0 0.445736434 0.26744186  0 0 0 0 0.286821705
3 37  4 2 25  0 0 0 0 0.549141966 0.343213729 0 0 0 0 0.107644306
3 37  4 3 25  0 0 0 0 0.769911504 0 0 0 0 0 0.230088496
3 37  4 4 25  0 0 0 0 0.941769186 0 0 0 0 0 0.058230814
3 38  4 1 25  0 0 0 0 0 0.418622352 0 0 0 0 0.581377648
3 38  4 2 25  0 0 0 0 0 0.8 0 0 0 0 0.2
3 38  4 3 25  0 0 0 0 0.752136752 0 0 0 0 0 0.247863248
3 38  4 4 25  0 0 0 0 0.571428571 0 0 0 0 0 0.428571429
3 39  4 1 25  0 0 0 0 0.848281643 0 0 0 0 0 0.151718357
3 39  4 2 25  0 0 0 0 0.356208004 0.044526  0 0 0 0 0.599265996
3 39  4 3 25  0 0 0.386429682 0.206095831 0.14555518  0.046535502 0 0 0 0 0.215383805
3 39  4 4 25  0 0.6 0 0 0.2 0 0 0 0 0 0.2
3 40  4 1 25  0 0 0 0 0 0.905598244 0 0 0 0 0.094401756
3 40  4 4 25  0 0 0 0 0.274725275 0 0 0 0 0 0.725274725
3 41  4 2 25  0 0 0 0 0 0.313432836 0 0 0 0 0.686567164
3 41  4 3 25  0 0 0 0 0.103806228 0.103806228 0 0 0 0 0.792387543
3 41  4 4 25  0 0 0 0 0 0.571428571 0 0 0 0 0.428571429
3 42  4 2 25  0 0 0 0 0 0.446428571 0 0 0 0 0.553571429
3 42  4 3 25  0 0 0 0 0 0.60061287  0 0 0 0 0.39938713
3 42  4 4 25  0 0 0 0 0.129407959 0 0 0 0 0 0.870592041
2 5 4 3 25  0 0 0 0 0 1 0 0 0 0 0
2 7 4 3 25  0.95  0 0 0 0 0 0 0 0 0 0.05
2 9 4 4 25  0 0 0 0 0 0.5 0 0 0 0 0.5
2 11  4 3 25  0 0 0 0 0 0 1 0 0 0 0
2 17  4 3 25  0 0 0 0 0 1 0 0 0 0 0
2 19  4 3 25  0 0 0 0 0 1 0 0 0 0 0
2 20  4 4 25  0 0.5 0 0 0 0 0 0 0 0 0.5
2 22  4 3 25  0 0 0 0 0 0 0 0 0 1 0
2 22  4 4 25  0 0 0 0 0 0.539993199 0 0 0 0 0.460006801
2 28  4 4 25  0 0 0 0 1 0 0 0 0 0 0
2 29  4 3 25  0 0 0 0 0 1 0 0 0 0 0
4 32  4 2 25  0 0 0 0 0 0.48  0 0 0 0 0.52
4 33  4 5 25  0 0 0 0 1 0 0 0 0 0 0
4 34  4 1 25  0 0.5 0 0 0 0 0 0 0 0 0.5
4 34  4 5 25  0 0 0 0 0 1 0 0 0 0 0
4 35  4 2 25  0 0.384615385 0 0 0 0.192307692 0 0 0 0 0.423076923
4 35  4 3 25  0 0 0 0 0 1 0 0 0 0 0
4 36  4 3 25  0 0.493589744 0 0 0 0.153846154 0 0 0 0 0.352564103
4 37  4 2 25  0 0 0 0 0 1 0 0 0 0 0
4 39  4 1 25  0 0 0.657366294 0 0 0 0 0 0 0 0.342633706
4 39  4 2 25  0 0 0 0 0.12745098  0.261437908 0 0 0 0 0.611111111
4 39  4 3 25  0 0 0 0 0.581573309 0.290786654 0 0 0 0 0.127640037
4 40  4 2 25  0 0 0.238095238 0 0.529100529 0 0 0 0 0 0.232804233
4 40  4 3 25  0 0 0 0 0.128511563 0.160639454 0 0 0 0 0.710848983
4 41  4 3 25  0 0 0 0 0.25974026  0.008484848 0 0 0 0 0.731774892
4 42  4 3 25  0 0 0 0 0 0.546875  0 0 0 0 0.453125
1 8 6 2 25  0 0 0 0 0 0.192883842 0 0 0 0 0.807116158
1 8 6 3 25  0 0 0 0 0 0.125394332 0 0 0 0 0.874605668
1 9 6 4 25  0 0 0 0 0 0.956521739 0 0 0 0 0.043478261
1 10  6 4 25  0 1 0 0 0 0 0 0 0 0 0
1 11  6 2 25  0 0 0 0 0 0.219476313 0 0 0 0 0.780523687
1 11  6 3 25  0 0.323741007 0 0 0 0.014388489 0 0 0 0 0.661870504
1 12  6 2 25  0 0 0 0 0 0.225513087 0 0 0 0 0.774486913
1 12  6 3 25  0 0.112372676 0 0 0 0.057118071 0 0 0 0 0.830509253
1 13  6 2 25  0 0 0 0 0 0.235746568 0 0 0 0 0.764253432
1 13  6 3 25  0 0.675396165 0 0 0 0.050742156 0 0 0 0 0.273861679
1 13  6 4 25  0 0.585846868 0 0 0 0 0 0 0 0 0.414153132
1 14  6 1 25  0 0 0 0 0 0.250052477 0 0 0 0 0.749947523
1 14  6 2 25  0 0 0 0 0 0.355028526 0 0 0 0 0.644971474
1 14  6 3 25  0 0.396528064 0 0 0 0.070150005 0 0 0 0 0.533321931
1 15  6 2 25  0 0.385423448 0 0 0 0.276933885 0 0 0 0 0.337642667
1 15  6 3 25  0 0 0 0 0 0.341897869 0 0 0 0 0.658102131
1 16  6 2 25  0 0 0 0 0 0.071324711 0 0 0 0 0.928675289
1 16  6 3 25  0 0 0 0 0 0.013369611 0 0 0 0 0.986630389
1 17  6 2 25  0 0 0 0 0 0.212150259 0 0 0 0 0.787849741
1 17  6 3 25  0 0.204278678 0.195266383 0 0 0.185514898 0 0 0 0 0.41494004
1 17  6 4 25  0 0 0.3 0 0 0 0 0 0 0 0.7
1 18  6 2 25  0 0 0 0 0 0.017975994 0 0 0 0 0.982024006
1 18  6 3 25  0 0 0 0 0 0.007702835 0 0 0 0 0.992297165
1 19  6 2 25  0 0 0 0 0 0.195045526 0 0 0 0 0.804954474
1 19  6 3 25  0 0.630729321 0 0 0 0.040692214 0 0 0 0 0.328578465
1 19  6 4 25  0 0.882352941 0 0 0 0 0 0 0 0 0.117647059
1 20  6 1 25  0 0 0 0 0 0.467422096 0 0 0 0 0.532577904
1 20  6 2 25  0 0 0 0 0 0.142815153 0 0 0 0 0.857184847
1 20  6 3 25  0 0.376331321 0 0 0 0.150532528 0 0 0 0 0.473136151
1 20  6 4 25  0 0.793650794 0 0 0 0 0 0 0 0 0.206349206
1 21  6 2 25  0 0 0 0 0 0.022779192 0 0 0 0 0.977220808
1 21  6 3 25  0 0.168212909 0.061678067 0 0 0.004689572 0 0 0 0 0.765419453
1 21  6 4 25  0 0.436796823 0 0 0 0.007279947 0 0 0 0 0.55592323
1 22  6 2 25  0 0 0 0 0 0.052460016 0 0 0 0 0.947539984
1 22  6 3 25  0 0.406680996 0.232389141 0 0 0 0 0 0 0 0.360929863
1 23  6 3 25  0 0 0.2335159 0 0 0.021016431 0 0 0 0 0.745467669
1 23  6 4 25  0 0.113348426 0.428205167 0 0 0.113348426 0 0 0 0 0.34509798
1 24  6 2 25  0 0 0 0 0 0.043773455 0 0 0 0 0.956226545
1 24  6 4 25  0 0.775907417 0.144660705 0 0 0 0 0 0 0 0.079431878
1 25  6 2 25  0 0.463603903 0 0 0 0 0 0 0 0 0.536396097
1 25  6 3 25  0 0.874269846 0 0 0 0 0 0 0 0 0.125730154
1 25  6 4 25  0 0 0 0 0 1 0 0 0 0 0
1 26  6 1 25  0 0 0 0 0 0.101914056 0 0 0 0 0.898085944
1 26  6 2 25  0 0 0 0 0 0.140745656 0 0 0 0 0.859254344
1 26  6 3 25  0 0 0.233463035 0 0 0 0 0 0 0 0.766536965
1 27  6 3 25  0 0.273130761 0 0 0.204848071 0.238989416 0 0 0 0 0.283031751
1 27  6 4 25  0 0.816993464 0 0 0 0 0 0 0 0 0.183006536
1 27  6 5 25  0 1 0 0 0 0 0 0 0 0 0
1 28  6 3 25  0 0.791397874 0 0 0 0 0 0 0 0 0.208602126
1 29  6 2 25  0 0 0 0 0 0.103049894 0 0 0 0 0.896950106
1 29  6 3 25  0 0 0 0 0 0.084402771 0 0 0 0 0.915597229
1 30  6 3 25  0 0 0 0 0 0.440209447 0 0 0 0 0.559790553
1 31  6 2 25  0 0 0 0 0 0.000818973 0 0 0 0 0.999181027
3 32  6 1 25  0 0 0 0 0 0.405298632 0 0 0 0 0.594701368
3 32  6 2 25  0 0 0 0 0 0.249417079 0 0 0 0 0.750582921
3 32  6 3 25  0 0 0 0 0 0.468995471 0 0 0 0 0.531004529
3 32  6 4 25  0 0.807407407 0 0 0 0 0 0 0 0 0.192592593
3 32  6 5 25  0 1 0 0 0 0 0 0 0 0 0
3 33  6 2 25  0 0 0 0 0.079035805 0 0 0 0 0 0.920964195
3 33  6 3 25  0 0.175504983 0 0 0 0 0 0 0 0 0.824495017
3 34  6 2 25  0 0 0 0 0 0.458707165 0 0 0 0 0.541292835
3 34  6 3 25  0 0 0 0 0 0.187165775 0 0 0 0 0.812834225
3 34  6 4 25  0 0.859106529 0 0 0 0 0 0 0 0 0.140893471
3 35  6 1 25  0 0 0 0 0 0.464844325 0 0 0 0 0.535155675
3 35  6 3 25  0 0 0.100532085 0 0 0.134712994 0 0 0 0 0.764754921
3 35  6 4 25  0 0 0 0 0 0.974025974 0 0 0 0 0.025974026
3 35  6 5 25  0 0 0 0 0 1 0 0 0 0 0
3 36  6 1 25  0 0 0 0 0 0.053524583 0 0 0 0 0.946475417
3 36  6 2 25  0 0 0 0 0 0.163350744 0 0 0 0 0.836649256
3 36  6 3 25  0 0 0 0 0 0.746423289 0 0 0 0 0.253576711
3 36  6 4 25  0 0.941176471 0 0 0 0 0 0 0 0 0.058823529
3 37  6 3 25  0 0 0 0 0.31075202  0 0 0 0 0 0.68924798
3 37  6 4 25  0 0 0 0 0 0.214285714 0 0 0 0 0.785714286
3 39  6 1 25  0 0 0 0 0 0.072550414 0 0 0 0 0.927449586
3 39  6 3 25  0 0 0 0 0.054767845 0.032860707 0 0 0 0 0.912371448
3 40  6 1 25  0 0 0 0 0 0.106015882 0 0 0 0 0.893984118
3 40  6 2 25  0 0 0 0 0 0.458759513 0 0 0 0 0.541240487
3 41  6 1 25  0 0 0 0 0 0.05692478  0 0 0 0 0.94307522
3 41  6 3 25  0 0 0 0 0 0.071698887 0 0 0 0 0.928301113
3 42  6 1 25  0 0 0 0 0 0.377579902 0 0 0 0 0.622420098
3 42  6 2 25  0 0 0 0 0 0.126655192 0 0 0 0 0.873344808
3 42  6 3 25  0 0 0 0 0 0.688800793 0 0 0 0 0.311199207
2 9 6 3 25  0 0 0 0 0 0.660946912 0 0 0 0 0.339053088
2 13  6 4 25  0 0 0 0 0 0.625 0 0 0 0 0.375
2 14  6 3 25  0 0 0 0 0 0.343213729 0 0 0 0 0.656786271
2 16  6 2 25  0 0 0 0 0 0.324292951 0 0 0 0 0.675707049
2 18  6 2 25  0 0 0 0 0 0.646383487 0 0 0 0 0.353616513
2 18  6 3 25  0 0 0 0 0 0.555555556 0 0 0 0 0.444444444
2 21  6 2 25  0 0 0 0 0 0.970873786 0 0 0 0 0.029126214
2 22  6 3 25  0 0 0 0 0 0.386066509 0 0 0 0 0.613933491
2 22  6 4 25  0 0 0 0 0 0.485175202 0 0 0 0 0.514824798
2 23  6 2 25  0 0.545415652 0 0 0 0 0 0 0 0 0.454584348
2 25  6 1 25  0 0.256410256 0 0 0 0 0 0 0 0 0.743589744
2 26  6 2 25  0 0 0 0 0 0.56  0 0 0 0 0.44
2 26  6 3 25  0 0 0 0 0 0.888888889 0 0 0 0 0.111111111
2 29  6 2 25  0 0.184274136 0 0 0 0 0 0 0 0 0.815725864
2 30  6 3 25  0 0.932835821 0 0 0 0 0 0 0 0 0.067164179
2 31  6 3 25  0 0.902934537 0 0 0 0 0 0 0 0 0.097065463
4 32  6 2 25  0 0 0 0 0 0.027967779 0 0 0 0 0.972032221
4 33  6 3 25  0 0.525195788 0 0 0 0 0 0 0 0 0.474804212
4 33  6 4 25  0 0 0 0 0 0.948717949 0 0 0 0 0.051282051
4 34  6 3 25  0 0 0.325945241 0 0 0.417209909 0 0 0 0 0.25684485
4 34  6 4 25  0 0 0 0 0 0.56  0 0 0 0 0.44
4 35  6 1 25  0 0.136551666 0 0 0 0 0 0 0 0 0.863448334
4 35  6 2 25  0 0.285338073 0 0 0 0 0 0 0 0 0.714661927
4 35  6 3 25  0 0.492708806 0 0 0 0.267676873 0 0 0 0 0.239614322
4 36  6 3 25  0 0.134217568 0 0 0 0.400415746 0 0 0 0 0.465366686
4 36  6 4 25  0 0 0 0 0 0.166666667 0 0 0 0 0.833333333
4 37  6 2 25  0 0 0 0 0.669642857 0 0 0 0 0 0.330357143
4 37  6 3 25  0 0 0 0 0.201788789 0 0 0 0 0 0.798211211
4 37  6 4 25  0 0 0 0 0 0.5 0 0 0 0 0.5
4 39  6 2 25  0 0 0 0 0.571428571 0 0 0 0 0 0.428571429
4 39  6 3 25  0 0.429405703 0 0 0 0 0 0 0 0 0.570594297
4 39  6 4 25  0 0.893854749 0 0 0 0 0 0 0 0 0.106145251
4 40  6 3 25  0 0 0 0 0 0.563173359 0 0 0 0 0.436826641
4 42  6 2 25  0 0 0 0 0 0.286903025 0 0 0 0 0.713096975
4 42  6 4 25  0 0 0 0 0 0.5 0 0 0 0 0.5
1 1 7 5 25  0 0 0 0 0 0.0024351 0 0 0 0 0.9975649
1 5 7 3 25  0 0 0 0 0 0.005477174 0 0 0 0 0.994522826
1 6 7 3 25  0 0 0 0 0 0.047130463 0 0 0 0 0.952869537
1 7 7 3 25  0 0 0 0 0 0.238489566 0 0 0 0 0.761510434
1 8 7 1 25  0.058401823 0 0 0 0 0.04981332  0 0 0 0 0.891784857
1 8 7 2 25  0 0 0 0 0 0.138237443 0 0 0 0 0.861762557
1 8 7 3 25  0.010526316 0 0 0 0 0 0 0 0 0 0.989473684
1 9 7 3 25  0 0 0 0 0 0.606060606 0 0 0 0 0.393939394
1 9 7 5 25  0 0 0 0 0 0.003009107 0 0 0 0 0.996990893
1 11  7 2 25  0 0 0 0 0 0.13206103  0 0 0 0 0.86793897
1 11  7 3 25  0 0.006338793 0 0 0 0.03803276  0 0 0 0 0.955628447
1 11  7 5 25  0 0 0 0 0 0.487106017 0 0 0 0 0.512893983
1 13  7 1 25  0 0 0 0 0 0.278229768 0 0 0 0 0.721770232
1 13  7 2 25  0 0.008130816 0 0 0 0.067114998 0 0 0 0 0.924754186
1 13  7 3 25  0 0.374531835 0 0 0 0 0 0 0 0 0.625468165
1 13  7 4 25  0 0.548141087 0 0 0 0 0 0 0 0 0.451858913
1 13  7 5 25  0 0.240486879 0.096194752 0 0 0 0 0 0 0 0.66331837
1 14  7 3 25  0 0 0 0 0 0.18938395  0 0 0 0 0.81061605
1 14  7 4 25  0 0.110868412 0 0 0 0 0 0 0 0 0.889131588
1 15  7 3 25  0 0.235193997 0 0 0 0.014609443 0 0 0 0 0.75019656
1 15  7 4 25  0 0.751370428 0 0 0 0 0 0 0 0 0.248629572
1 15  7 5 25  0 0.454789703 0 0 0 0 0 0 0 0 0.545210297
1 16  7 4 25  0 0.906801008 0 0 0 0 0 0 0 0 0.093198992
1 16  7 5 25  0 0.71942446  0 0 0 0 0 0 0 0 0.28057554
1 17  7 2 25  0 0 0 0 0 0.240170303 0 0 0 0 0.759829697
1 17  7 3 25  0 0.016449058 0 0 0 0 0 0 0 0.016449058 0.967101884
1 17  7 4 25  0 0 0 0 0 0.044782955 0 0 0 0 0.955217045
1 18  7 4 25  0 0.441113378 0 0 0 0 0 0 0 0 0.558886622
1 19  7 1 25  0 0.518292683 0 0 0 0 0 0 0 0 0.481707317
1 19  7 4 25  0 0.251527129 0 0 0 0.007186489 0 0 0 0 0.741286382
1 20  7 1 25  0 0 0.403475936 0 0 0 0 0 0 0 0.596524064
1 20  7 3 25  0 0.058144422 0 0 0 0 0 0 0 0 0.941855578
1 21  7 3 25  0 0.145272626 0 0 0 0 0 0 0 0 0.854727374
1 21  7 4 25  0 0.530625354 0 0 0 0.056852717 0 0 0 0 0.412521929
1 22  7 2 25  0 0 0.180568018 0 0 0 0 0 0 0 0.819431982
1 23  7 3 25  0 0.443448741 0 0 0 0 0 0 0 0 0.556551259
1 24  7 4 25  0 0 0 0 0 0 0.062849439 0 0 0 0.937150561
1 25  7 3 25  0 0 0.035233996 0 0 0 0 0 0 0 0.964766004
1 25  7 5 25  0 0.716981132 0 0 0 0 0 0 0 0 0.283018868
1 26  7 3 25  0 0.00922303  0 0 0 0.005123905 0 0 0 0 0.985653065
1 26  7 4 25  0 0.063694268 0 0 0 0 0 0 0 0 0.936305732
1 27  7 2 25  0 0.544207905 0 0 0 0 0 0 0 0 0.455792095
1 27  7 4 25  0 0.598864042 0 0 0 0 0 0 0 0 0.401135958
1 28  7 2 25  0 0 0.416515348 0 0 0 0 0 0 0 0.583484652
1 28  7 3 25  0 0.222975055 0.27251918  0 0 0 0 0 0 0 0.504505765
1 28  7 4 25  0 0.125305939 0 0 0 0.041540077 0 0 0 0 0.833153984
1 29  7 3 25  0 0 0 0 0 0.004463263 0 0 0 0 0.995536737
1 29  7 4 25  0 0.070398869 0 0.069625255 0 0 0 0 0 0 0.859975875
1 31  7 4 25  0 0.474782707 0 0 0 0.11060279  0 0 0 0 0.414614504
1 31  7 5 25  0 0.356819441 0 0 0 0 0 0 0 0 0.643180559
3 32  7 4 25  0 0 0 0 0 0.006963494 0 0 0 0 0.993036506
3 32  7 5 25  0 0 0 0 0 0.158730159 0 0 0 0 0.841269841
3 34  7 2 25  0 0 0 0 0 0.038636924 0 0 0 0 0.961363076
3 34  7 3 25  0 0.108238821 0.072159214 0.012627862 0 0.002705971 0 0 0 0 0.804268133
3 34  7 4 25  0 0 0 0 0.499267936 0.02489019  0 0 0 0 0.475841874
3 35  7 3 25  0 0 0 0 0 0.011035662 0 0 0 0 0.988964338
3 35  7 4 25  0 0 0 0 0.128424658 0.055650685 0 0 0 0 0.815924658
3 36  7 1 25  0 0 0 0 0.390408812 0 0 0 0 0 0.609591188
3 36  7 3 25  0 0 0 0 0.190547003 0 0 0 0 0 0.809452997
3 36  7 4 25  0 0 0 0 0.1 0.72  0 0 0 0 0.18
3 37  7 1 25  0 0 0 0.073163991 0 0.029265596 0 0 0 0 0.897570412
3 37  7 2 25  0 0 0 0 0 0.012438814 0 0 0 0 0.987561186
3 37  7 3 25  0 0 0 0 0.182414505 0.016214623 0 0 0 0 0.801370873
3 39  7 1 25  0 0 0 0 0 0.105397127 0 0 0 0 0.894602873
3 39  7 2 25  0 0 0 0 0 0.000569223 0 0 0 0 0.999430777
3 40  7 3 25  0 0 0.364667747 0 0 0.316634743 0 0 0 0 0.31869751
3 40  7 5 25  0 0 0.75  0 0 0 0 0 0 0 0.25
3 41  7 3 25  0 0 0 0 0 0.06265228  0 0 0 0 0.93734772
3 42  7 2 25  0 0 0 0 0 0.025737015 0 0 0 0 0.974262985
3 42  7 3 25  0 0 0 0 0 0.167742355 0 0 0 0 0.832257645
3 42  7 4 25  0 0.179640719 0 0 0 0 0 0 0 0 0.820359281
2 1 7 5 25  0 0 0 0 0 0.767387074 0 0 0 0 0.232612926
2 5 7 2 25  0 0 0 0 0 0.400257007 0 0 0 0 0.599742993
2 6 7 3 25  0 0 0.164988039 0 0 0 0 0 0 0 0.835011961
2 6 7 4 25  0 0 0.056043887 0 0 0.044034482 0 0 0 0 0.899921631
2 8 7 2 25  0 0 0 0 0 0.008729664 0 0 0 0 0.991270336
2 8 7 3 25  0 0 0.114956811 0 0 0 0 0 0 0 0.885043189
2 8 7 4 25  0 0 0.107567012 0 0 0 0 0 0 0 0.892432988
2 9 7 5 25  0 0 0 0 0 0.103445473 0.017240912 0 0 0 0.879313615
2 10  7 5 25  0 0 0 0 0 0.193558926 0 0.009677946 0 0 0.796763128
2 11  7 2 25  0 0 0 0 0 0.264751616 0 0 0 0 0.735248384
2 13  7 5 25  0 0 0 0 0 0 0 0 0 0.842198582 0.157801418
2 14  7 5 25  0.041713528 0 0 0 0 0.041713528 0 0 0 0.125140584 0.79143236
2 15  7 4 25  0 0.021590389 0 0 0 0 0 0 0 0 0.978409611
2 16  7 3 25  0 0.077248178 0 0 0 0.074537716 0 0 0 0 0.848214105
2 17  7 1 25  0 0.252978947 0 0 0 0 0 0 0 0 0.747021053
2 18  7 3 25  0 0.045443111 0 0 0 0 0 0 0 0 0.954556889
2 18  7 4 25  0 0 0 0 0 0 0 0.045699744 0 0 0.954300256
2 19  7 3 25  0 0.137447431 0 0 0 0 0 0 0 0 0.862552569
2 19  7 4 25  0 0.146974527 0 0 0 0 0 0 0 0.108026277 0.744999195
2 21  7 3 25  0 0.165287778 0 0 0 0 0 0 0 0 0.834712222
2 21  7 4 25  0 0 0 0 0 0 0 0 0 0.181751316 0.818248684
2 22  7 4 25  0 0.313182538 0 0 0 0 0 0 0 0 0.686817462
2 23  7 4 25  0 0.19987917  0.033313195 0 0 0 0 0 0 0 0.766807635
2 23  7 5 25  0 0 0.757372792 0 0 0 0 0 0 0 0.242627208
2 24  7 3 25  0 0.376132672 0.52076464  0 0 0 0 0 0 0 0.103102687
2 24  7 4 25  0 0.248280904 0.078404496 0 0 0 0 0 0 0.102528956 0.570785644
2 25  7 4 25  0 0.271203156 0 0 0 0 0 0 0 0 0.728796844
2 25  7 5 25  0 0 0.8 0 0 0 0 0 0 0 0.2
2 26  7 4 25  0 0 0 0 0 0 0 0 0 0.09056814  0.90943186
2 27  7 3 25  0 0 0 0 0 0.388888889 0 0 0 0 0.611111111
2 27  7 4 25  0 0.251567533 0 0 0 0 0 0 0 0 0.748432467
2 30  7 4 25  0 0.259511244 0 0 0 0 0 0 0 0.013988682 0.726500074
2 31  7 4 25  0 0 0 0 0 0.097465887 0 0 0 0 0.902534113
4 33  7 4 25  0 0.416666667 0 0 0 0 0 0 0 0 0.583333333
4 34  7 3 25  0 1 0 0 0 0 0 0 0 0 0
4 35  7 3 25  0 0.673316708 0 0 0 0.187032419 0 0 0 0 0.139650873
4 35  7 4 25  0 0.724137931 0 0 0 0 0 0 0 0 0.275862069
4 36  7 2 25  0 0.605326877 0 0 0 0 0 0 0 0 0.394673123
4 36  7 3 25  0 0.798722045 0 0 0 0 0 0 0 0 0.201277955
4 37  7 3 25  0 0.553173835 0 0 0.199142581 0 0 0 0 0 0.247683585
4 37  7 4 25  0 0 0 0 0.219824091 0 0 0 0 0 0.780175909
4 42  7 3 25  0 0 0.621359223 0 0 0 0 0 0 0 0.378640777
4 42  7 4 25  0 0 1 0 0 0 0 0 0 0 0
1 3 9 2 25  0.023483909 0 0 0 0 0 0 0 0 0.001956992 0.974559098
1 8 9 5 25  0 0 0 0 0 1 0 0 0 0 0
1 9 9 5 25  0 0 0 0 0 0.006777823 0 0 0 0 0.993222177
1 13  9 5 25  0 0 0 0 0 0.020625536 0 0 0 0 0.979374464
1 14  9 2 25  0 0 0 0 0 0.001039643 0 0 0 0 0.998960357
1 14  9 3 25  0 0 0 0 0 0.004797242 0 0 0 0 0.995202758
1 14  9 4 25  0 0 0 0 0 0.002545212 0 0 0 0 0.997454788
1 14  9 5 25  0 0.112800033 0 0 0 0 0 0 0 0 0.887199967
1 15  9 3 25  0 0.399582099 0 0 0 0.024973881 0 0 0 0 0.57544402
1 15  9 4 25  0 0.132397203 0 0 0 0.026479441 0 0 0 0 0.841123356
1 15  9 5 25  0 0 0.144778879 0 0 0.180973599 0 0 0 0 0.674247521
1 16  9 1 25  0 0 0 0 0 0.000860563 0 0 0 0 0.999139437
1 16  9 4 25  0 0 0 0 0 0.429462224 0 0 0 0 0.570537776
1 16  9 5 25  0 0 0 0 0 0.107272376 0 0 0 0 0.892727624
1 17  9 2 25  0 0 0 0 0 0 0 0 0 0.00721691  0.99278309
1 17  9 5 25  0 0 0 0 0 0.177130681 0 0 0 0 0.822869319
1 18  9 2 25  0 0 0 0 0 0.093609625 0 0 0 0 0.906390375
1 19  9 4 25  0 0.066269491 0 0 0 0 0 0 0 0 0.933730509
1 21  9 5 25  0 0 0 0 0 0.05161211  0 0 0 0 0.94838789
1 22  9 4 25  0 0 0 0 0 0.117524217 0 0 0 0 0.882475783
1 22  9 5 25  0 0.280373832 0 0 0 0 0 0 0 0 0.719626168
1 23  9 3 25  0 0 0 0 0 0.007251553 0 0 0 0 0.992748447
1 23  9 4 25  0 0.215130084 0 0 0 0 0 0 0 0 0.784869916
1 23  9 5 25  0 0.238041537 0 0 0 0.152172672 0 0 0 0 0.609785791
1 25  9 4 25  0 0.375526461 0 0 0 0 0 0 0 0 0.624473539
1 25  9 5 25  0 0.369079532 0 0 0 0 0 0 0 0 0.630920468
1 26  9 3 25  0 0 0 0 0.198078565 0 0 0 0 0 0.801921435
1 26  9 4 25  0 0 0 0 0 0.031010463 0 0 0 0 0.968989537
1 27  9 4 25  0 0.159948447 0 0 0 0 0 0 0 0 0.840051553
1 31  9 5 25  0 0.373219701 0 0 0 0 0 0 0 0 0.626780299
3 32  9 4 25  0 0.438172981 0 0 0 0 0 0 0 0 0.561827019
3 33  9 4 25  0 0 0 0 0.425344443 0.176705596 0 0 0 0 0.397949961
3 33  9 5 25  0 0 0 0 0.055463569 0.249586062 0 0 0 0 0.694950368
3 34  9 2 25  0 0 0 0 0 0.082383733 0 0 0 0 0.917616267
3 34  9 5 25  0 0 0 0 0 0.2375  0 0 0 0 0.7625
3 35  9 1 25  0 0 0 0 0 0.092360861 0 0 0 0 0.907639139
3 35  9 4 25  0 0.226954907 0 0 0 0 0 0 0 0 0.773045093
3 35  9 5 25  0 0 0 0 0 0.228180262 0 0 0 0 0.771819738
3 36  9 2 25  0 0 0 0 0 0.046583598 0 0 0 0 0.953416402
3 36  9 3 25  0 0 0.36624311  0 0 0 0 0 0 0 0.63375689
3 36  9 5 25  0 0 0 0 1 0 0 0 0 0 0
3 37  9 2 25  0 0 0 0 0 0.002814277 0 0 0 0 0.997185723
3 37  9 3 25  0 0 0 0 0.366794387 0 0 0 0 0 0.633205613
3 37  9 5 25  0 0 0 0 0 0.074074074 0 0 0 0 0.925925926
3 39  9 4 25  0 0 0 0 0.34661248  0 0 0 0 0 0.65338752
3 39  9 5 25  0 0 0 0 0.769230769 0 0 0 0 0 0.230769231
3 40  9 4 25  0 0 0 0 0.711171757 0 0 0 0 0 0.288828243
3 41  9 1 25  0 0 0 0 0 0.214670714 0 0 0 0 0.785329286
3 41  9 4 25  0 0 0 0 0.14955644  0.103265161 0 0 0 0 0.747178399
3 41  9 5 25  0 0 0 0 0 0.630630631 0 0 0 0 0.369369369
3 42  9 2 25  0 0.167071689 0 0 0 0.066828676 0 0 0 0 0.766099635
3 42  9 4 25  0 0 0 0 0 0.100350529 0 0 0 0 0.899649471
3 42  9 5 25  0 0 0 0 0 0.072072072 0 0 0 0 0.927927928
2 13  9 5 25  0 0.165683687 0 0 0 0 0 0 0 0 0.834316313
2 14  9 3 25  0 0 0 0 0 0.101004103 0 0 0 0 0.898995897
2 15  9 1 25  0 0 0 0 0 0.123602987 0 0 0 0 0.876397013
2 16  9 2 25  0 0.001447157 0 0 0 0 0 0 0 0 0.998552843
2 22  9 5 25  0 0 0.426503533 0 0 0 0 0 0 0 0.573496467
2 23  9 3 25  0 0.064991929 0.194975786 0 0 0 0 0 0 0 0.740032285
2 23  9 4 25  0 0.228548872 0.079992105 0 0 0 0 0 0 0 0.691459023
2 24  9 4 25  0 0.268306316 0 0 0 0 0 0 0 0 0.731693684
4 33  9 3 25  0 0.482317385 0 0 0 0 0 0 0 0 0.517682615
4 35  9 3 25  0 0 0.331520916 0 0 0 0 0 0 0 0.668479084
4 35  9 5 25  0 0 0 0 0.178932617 0.265085359 0 0 0 0 0.555982024
4 36  9 2 25  0 0.370080226 0 0 0 0 0 0 0 0 0.629919774
4 36  9 3 25  0 0.506869259 0 0 0 0 0 0 0 0 0.493130741
4 36  9 4 25  0 0 0 0 0 0.324244309 0 0 0 0 0.675755691
4 36  9 5 25  0 0 0 0 0 0.515463918 0 0 0 0 0.484536082
4 37  9 4 25  0 0 0 0 0.543761639 0 0 0 0 0 0.456238361
4 38  9 3 25  0 0 0.247402276 0 0.09896091  0 0 0 0 0 0.653636813
4 38  9 4 25  0 0 0 0 0.47008547  0.106837607 0 0 0 0 0.423076923
4 38  9 5 25  0 0 0 0 0 0.529440871 0 0 0 0 0.470559129
4 42  9 5 25  0 0 0.464513949 0 0 0 0 0 0 0 0.535486051
# end survey diet proportion observations 
#  
