# This file was created using create_datpin_files.R function write_tsDatFile
      #and used all inputs from csv files found in folder:
      #hydradata/data-raw
# Survey index data 
# Number of observations, init_int Nsurvey_obs
  1134
# init_matrix obs_survey_biomass(1,Nsurvey_obs,1,5)
# survey year spp value cv
  1 1 7 11.0621212121212 0.398006743250428
  2 1 7 0.406451612903226 0.336381549721884
  1 2 7 6.16615384615385 0.423031540310087
  2 2 7 1.86901408450704 0.427181291873738
  1 3 7 13.2984615384615 0.312846325599055
  2 3 7 25.0953846153846 0.921330608626918
  1 4 7 9.33239436619718 0.509293527849453
  2 4 7 1.24411764705882 0.256700819887441
  1 5 7 21.1716417910448 0.454433826222346
  2 5 7 9.53970588235294 0.348492498672165
  1 6 7 71.465671641791 0.477129057625943
  2 6 7 16.1409822361547 0.347399945148496
  1 7 7 9.11159420289855 0.588154275605873
  2 7 7 18.1988574369532 0.337472166654487
  1 8 7 36.9738461538462 0.376001261429037
  2 8 7 22.6185997910136 0.38014204794532
  1 9 7 39.4338709677419 0.279568520131853
  2 9 7 40.730407523511 0.427366030691537
  1 10 7 15.4533913043478 0.223430096705578
  2 10 7 4.32810867293626 0.248773075316019
  1 11 7 62.2482 0.212720515437525
  2 11 7 6.97142857142857 0.25363203301826
  1 12 7 77.514299270073 0.222168779300385
  2 12 7 8.19801462904911 0.187773345626693
  1 13 7 21.3594269662921 0.394113240257454
  2 13 7 35.0893793103448 0.423618201694685
  1 14 7 96.84225 0.310035034727007
  2 14 7 109.87822515213 0.327069686277164
  1 15 7 46.9375 0.378629084128514
  2 15 7 17.66025 0.391316523019912
  1 16 7 159.518309859155 0.494427832556011
  2 16 7 17.9757142857143 0.376280830351703
  1 17 7 113.326086956522 0.759062286891916
  2 17 7 19.6054794520548 0.665352569827422
  1 18 7 122.894535211268 0.383150869515862
  2 18 7 35.1835820895522 0.433685089735353
  1 19 7 116.761890625 0.48934963094834
  2 19 7 40.7142857142857 0.392371299771634
  1 20 7 99.1954545454546 0.382452035825211
  2 20 7 66.6380281690141 0.333798529002863
  1 21 7 97.8677966101695 0.566792532611316
  2 21 7 98.8088235294118 0.868042030585988
  1 22 7 51.2892 0.381518572031255
  2 22 7 19.602 0.445144789260538
  1 23 7 227.264108108108 0.438380584739347
  2 23 7 232.088318181818 0.947226139495183
  1 24 7 111.978138461538 0.482345652338289
  2 24 7 48.5901818181818 0.377075764230608
  1 25 7 248.655384615385 0.420835086749712
  2 25 7 65.755737704918 0.614716212748607
  1 26 7 99.261703125 0.515165860253858
  2 26 7 91.6061538461538 0.704031323768783
  1 27 7 38.7514285714286 0.559532625975744
  2 27 7 41.549203125 0.319774204956139
  1 28 7 66.9358208955224 0.479008946214672
  2 28 7 36.6539682539683 0.41351869139049
  1 29 7 72.419696969697 0.429419179801904
  2 29 7 60.2619047619048 0.387615780132326
  1 30 7 91.0970588235294 0.477074256852948
  2 30 7 66.6712121212121 0.315868813200741
  1 31 7 240.301492537313 0.410621521476155
  2 31 7 74.0194029850746 0.630050999524052
  1 32 7 105.974626865672 0.294672690077384
  2 32 7 60.6925373134328 0.335469505128288
  1 33 7 56.0757575757576 0.477447511398437
  2 33 7 8.90149253731343 0.407625761955908
  1 34 7 180.9398 0.384568504019134
  2 34 7 5.54714925373134 0.43049173366256
  1 35 7 88.9766119402985 0.333261603198005
  2 35 7 88.2994375 0.843960441627036
  1 36 7 115.418651515152 0.685474246042822
  2 36 7 17.4626128125 0.429620783824035
  1 37 7 82.417455882353 0.286882992344226
  2 37 7 3.80606060606061 0.81343687860715
  1 38 7 348.986164179104 0.371822434434906
  2 38 7 10.6417692307692 0.53327636373572
  1 39 7 184.918311688312 0.592639130460935
  2 39 7 10.9167164179104 0.590339711107796
  1 40 7 146.639753246753 0.374062101432949
  2 40 7 3.44712987012987 0.701775131617819
  1 41 7 164.176298701299 0.304499664309564
  2 41 7 0.782391891891892 0.210828956182955
  1 1 9 6.50121212121212 0.180214810216744
  2 1 9 7.90335483870968 0.255814205780037
  1 2 9 5.78104615384615 0.206567113778341
  2 2 9 17.5325070422535 0.199351460951438
  1 3 9 10.2899692307692 0.236785086816489
  2 3 9 11.0976 0.322503754489965
  1 4 9 4.33092957746479 0.260838536110752
  2 4 9 14.338 0.215734371990909
  1 5 9 11.0606567164179 0.193369492945833
  2 5 9 14.768 0.223312429636212
  1 6 9 20.1361194029851 0.202285018038182
  2 6 9 10.8985454545455 0.191126137345296
  1 7 9 7.69484057971015 0.175096079898041
  2 7 9 8.48035104477612 0.186859490921581
  1 8 9 5.99027692307692 0.277263524450818
  2 8 9 6.46 0.186332139736047
  1 9 9 11.0510967741935 0.38739086166985
  2 9 9 8.2582496969697 0.267401869967672
  1 10 9 15.9897269565217 0.169679957837347
  2 10 9 11.7310303030303 0.269525588828463
  1 11 9 22.0662518518519 0.151455465231613
  2 11 9 32.5739428571429 0.608857030524844
  1 12 9 31.8338277372263 0.194025128027319
  2 12 9 7.41082545454546 0.209224466280901
  1 13 9 26.6560305617978 0.192597423441899
  2 13 9 11.351328 0.223179102338954
  1 14 9 32.98476 0.24323345484368
  2 14 9 13.68112 0.216468880082641
  1 15 9 42.251375 0.242425409027967
  2 15 9 23.7762 0.167457398131888
  1 16 9 69.5553802816901 0.268675656884033
  2 16 9 63.5236571428571 0.20330059779376
  1 17 9 68.4947246376812 0.196228277363285
  2 17 9 41.8991780821918 0.198130412273185
  1 18 9 41.5613521126761 0.24004692412856
  2 18 9 75.8597014925373 0.203948973274238
  1 19 9 62.94446875 0.307374127376939
  2 19 9 41.7242857142857 0.160257038672619
  1 20 9 50.3121212121212 0.158928722064625
  2 20 9 53.2487323943662 0.197322162219524
  1 21 9 34.0406779661017 0.209025597619183
  2 21 9 70.825 0.187797177382902
  1 22 9 28.0209538461538 0.203077655979132
  2 22 9 40.16003125 0.210025739334857
  1 23 9 48.763 0.238934272627024
  2 23 9 33.4132424242424 0.19790402667063
  1 24 9 24.6579384615385 0.171026119399881
  2 24 9 32.9860606060606 0.254921461455385
  1 25 9 18.2507692307692 0.179364365238368
  2 25 9 28.4114754098361 0.232519412860032
  1 26 9 9.65584375 0.210244228568226
  2 26 9 16.8323076923077 0.168595443147695
  1 27 9 9.30714285714286 0.170031592700112
  2 27 9 4.888625 0.200954562062425
  1 28 9 10.434328358209 0.193899133648252
  2 28 9 7.0968253968254 0.211651946225868
  1 29 9 9.7469696969697 0.187538593821919
  2 29 9 15.2698412698413 0.255011166995516
  1 30 9 11.1529411764706 0.247819650551941
  2 30 9 6.96212121212121 0.296473565029388
  1 31 9 21.8955223880597 0.223350929133537
  2 31 9 5.53582089552239 0.343859246151185
  1 32 9 31.7955223880597 0.31577438886296
  2 32 9 10.2358208955224 0.374547789844126
  1 33 9 30.3848484848485 0.255676794033008
  2 33 9 12.3074626865672 0.296475621294422
  1 34 9 24.2690461538462 0.218681732051081
  2 34 9 10.8885074626866 0.333113686961304
  1 35 9 50.1453880597015 0.250062103391272
  2 35 9 6.0911875 0.26727423098408
  1 36 9 16.9357575757576 0.187227046866282
  2 36 9 6.63558 0.360007266538769
  1 37 9 28.6881764705882 0.199043344461057
  2 37 9 5.18345454545455 0.230768025002651
  1 38 9 14.4312985074627 0.188480512640641
  2 38 9 4.01155384615385 0.30647754560056
  1 39 9 14.9910519480519 0.235358154763385
  2 39 9 6.34058208955224 0.30844290831553
  1 40 9 16.5994675324675 0.262549839315709
  2 40 9 14.8789220779221 0.619799566237032
  1 41 9 44.9131948051948 0.255413075600386
  2 41 9 10.7147837837838 0.410015896359536
  1 1 2 0.121212121212121 0.301518592359512
  2 1 2 0.0145161290322581 1
  1 2 2 0.176923076923077 0.321452575093164
  2 2 2 0.00704225352112676 1
  1 3 2 0.0307692307692308 0.488140604744166
  2 3 2 0.467692307692308 0.489107723332368
  1 4 2 0.285915492957746 0.625866728630715
  2 4 2 0.0205882352941177 1
  1 5 2 0.135820895522388 0.613210325662762
  2 5 2 0.122058823529412 0.579022747065839
  1 6 2 0.00746268656716418 1
  2 6 2 1.01581818181818 0.596350645700673
  1 7 2 0.027536231884058 0.778771631083934
  2 7 2 1.74626865671642 0.57034007222766
  1 8 2 0.00769230769230769 1
  2 8 2 0.442424242424242 0.723654092610937
  1 9 2 0.00806451612903226 1
  2 9 2 0.422393939393939 0.457254987684488
  1 10 2 0.00117391304347826 0.703210846407743
  2 10 2 0.0575757575757576 0.395208894532365
  1 11 2 0.0664 0.601375663623589
  2 11 2 0.638571428571429 0.565196579518992
  2 12 2 0.854439393939394 0.686052062200317
  2 13 2 0.700588235294118 0.378997614818957
  1 14 2 0.003 1
  2 14 2 0.831441176470588 0.459316778181236
  1 15 2 0.0328125 0.611089023955187
  2 15 2 0.05175 0.780615956536472
  1 16 2 0.00845070422535211 0.702037850017464
  2 16 2 0.02 0.461790555986525
  1 17 2 0.0840579710144927 0.948289691951521
  2 17 2 0.401369863013699 0.685175011742778
  1 18 2 0.0233521126760563 0.544380631361087
  2 18 2 0.470149253731343 0.424096495665332
  1 19 2 0.2671875 0.5393131982084
  2 19 2 0.711428571428572 0.454629127333952
  1 20 2 1.53181818181818 0.88095039530815
  2 20 2 0.158985915492958 0.419344308350161
  1 21 2 5.92542372881356 0.799987970388403
  2 21 2 0.154411764705882 0.839124360078806
  1 22 2 0.387969230769231 0.774991903603438
  2 22 2 0.0860625 0.424721667998453
  1 23 2 1.21645945945946 0.863215133786584
  2 23 2 0.251181818181818 0.387073469025502
  1 24 2 0.0872307692307692 0.704083892007286
  2 24 2 0.535090909090909 0.312793018147624
  1 25 2 5.33384615384615 0.457459057188701
  2 25 2 1.95409836065574 0.459652287866146
  1 26 2 4.4296875 0.853197309912465
  2 26 2 7.06153846153846 0.628928805514438
  1 27 2 2.21428571428571 0.61116783920211
  2 27 2 2.46965625 0.3895964128798
  1 28 2 7.43731343283582 0.416775375911518
  2 28 2 2.24126984126984 0.495180348393774
  1 29 2 6.7 0.69077510766454
  2 29 2 1.77460317460317 0.347120352110889
  1 30 2 7.23235294117647 0.793751288508348
  2 30 2 2.76818181818182 0.526946514998015
  1 31 2 2.15373134328358 0.339376634127756
  2 31 2 4.46119402985075 0.609998621037514
  1 32 2 1.55074626865672 0.601950919776798
  2 32 2 3.71940298507463 0.389299707202565
  1 33 2 3.47121212121212 0.658556209578282
  2 33 2 4.49701492537313 0.288585466763824
  1 34 2 1.36512307692308 0.637453135075156
  2 34 2 4.00523880597015 0.480513100150493
  1 35 2 0.131805970149254 0.510473149998029
  2 35 2 2.174609375 0.338488147626423
  1 36 2 3.18219696969697 0.548437091427541
  2 36 2 0.2176284375 0.345955330423839
  1 37 2 1.61325 0.492912195981742
  2 37 2 0.807515151515152 0.33164245084141
  1 38 2 1.77134328358209 0.747597319880804
  2 38 2 0.310076923076923 0.447853531697379
  1 39 2 0.0320909090909091 0.451616070879294
  2 39 2 0.372194029850746 0.305275882623724
  1 40 2 2.97828571428571 0.797269558848634
  2 40 2 0.787727272727273 0.605264936420634
  1 41 2 0.74848051948052 0.666772556553203
  2 41 2 0.77072972972973 0.359836468902791
  1 1 6 2.92575757575758 0.175355602150694
  2 1 6 0.864516129032258 0.718957838788902
  1 2 6 2.07846153846154 0.203404494702454
  2 2 6 0.749295774647887 0.613134482427459
  1 3 6 2.03692307692308 0.188813585548466
  2 3 6 0.832307692307692 0.418201534874772
  1 4 6 1.59577464788732 0.21148756057793
  2 4 6 1.12352941176471 0.360182743059789
  1 5 6 1.38059701492537 0.259537594022743
  2 5 6 0.829411764705882 0.402430330218441
  1 6 6 1.52985074626866 0.268115724749969
  2 6 6 3.90739695087521 0.35227390071866
  1 7 6 1.08405797101449 0.414919582981465
  2 7 6 2.97580420876982 0.393880898420674
  1 8 6 1.98615384615385 0.207039504341407
  2 8 6 3.05759457933371 0.267494319984027
  1 9 6 1.95161290322581 0.198081834984396
  2 9 6 2.08639186900056 0.385800117690749
  1 10 6 1.825 0.206569136973527
  2 10 6 5.68417090156221 0.405779979646942
  1 11 6 3.01111111111111 0.207852633123303
  2 11 6 5.39041703637977 0.784226099165565
  1 12 6 2.2963503649635 0.20094683691091
  2 12 6 1.28458498023715 0.42113653584723
  1 13 6 2.02359550561798 0.213246212842418
  2 13 6 3.58640847643405 0.281911195623627
  1 14 6 7.59861111111111 0.638611588507752
  2 14 6 7.63792473511144 0.516171107727799
  1 15 6 9.9953125 0.770976725828606
  2 15 6 0.652777777777778 0.476734589561794
  1 16 6 2.53239436619718 0.317978244654253
  2 16 6 1.46 0.386012658029271
  1 17 6 1.71884057971014 0.23012544486412
  2 17 6 1.27123287671233 0.530741594808484
  1 18 6 2.60140845070423 0.223285411086708
  2 18 6 1.10298507462687 0.349108274212027
  1 19 6 3.0546875 0.263214632586959
  2 19 6 3.89 0.356706403512006
  1 20 6 3.16969696969697 0.348756230758934
  2 20 6 3.75211267605634 0.329322164303112
  1 21 6 3.16779661016949 0.220681608545507
  2 21 6 0.705882352941177 0.399668835756918
  1 22 6 3.09692307692308 0.255345437604282
  2 22 6 1.615625 0.607330296430227
  1 23 6 4.07972972972973 0.233828388168981
  2 23 6 4.72727272727273 0.690301195973316
  1 24 6 1.32307692307692 0.24128388549411
  2 24 6 1.73939393939394 0.464973156265946
  1 25 6 3 0.475237794728556
  2 25 6 0.242622950819672 0.449694184969219
  1 26 6 1.1703125 0.272355203647803
  2 26 6 2.61384615384615 0.626775991448789
  1 27 6 1.77857142857143 0.293473920223874
  2 27 6 3.3453125 0.331528642249673
  1 28 6 1.01641791044776 0.297867921869416
  2 28 6 1.80793650793651 0.724059558699832
  1 29 6 1.27727272727273 0.25527382218443
  2 29 6 20.0444444444444 0.972230757901325
  1 30 6 1.26470588235294 0.287981619167569
  2 30 6 0.383333333333333 0.393581429053449
  1 31 6 1.52686567164179 0.332543338576962
  2 31 6 0.755223880597015 0.58392964546944
  1 32 6 1.26567164179104 0.301314005212516
  2 32 6 2.57164179104478 0.467823706697183
  1 33 6 2.76969696969697 0.313235077086734
  2 33 6 2.76417910447761 0.449455855490557
  1 34 6 2.69158461538462 0.188840124890422
  2 34 6 1.15953731343284 0.342529973932846
  1 35 6 2.18246268656716 0.260173692135873
  2 35 6 1.1419375 0.383130929442038
  1 36 6 2.16712121212121 0.293410432402762
  2 36 6 0.57 0.337034394121133
  1 37 6 1.73497058823529 0.388647680627492
  2 37 6 0.0997272727272727 0.321629167505854
  1 38 6 1.36876119402985 0.345442577620755
  2 38 6 0.742015384615385 0.536864637709118
  1 39 6 1.429 0.310245670031133
  2 39 6 0.580671641791045 0.451495677480436
  1 40 6 2.14206493506494 0.348394220746453
  2 40 6 0.217766233766234 0.483684059166492
  1 41 6 2.47990909090909 0.210695213443395
  2 41 6 1.03095945945946 0.505437825224827
  1 1 1 10.665 0.271393286949666
  2 1 1 10.9454516129032 0.184281175527345
  1 2 1 5.97406153846154 0.26172564996556
  2 2 1 17.717323943662 0.160847527051063
  1 3 1 10.2458769230769 0.260883132911459
  2 3 1 14.5750153846154 0.186809654056103
  1 4 1 6.72870422535211 0.273320980961776
  2 4 1 14.1702352941176 0.210667100527739
  1 5 1 33.2462686567164 0.595658599705364
  2 5 1 21.2005588235294 0.140705237944107
  1 6 1 28.2411940298507 0.336058675302675
  2 6 1 99.6239372727273 0.627105886751017
  1 7 1 9.67069565217391 0.294963779783359
  2 7 1 35.2168898507463 0.164575247866841
  1 8 1 16.6087384615385 0.435898986652853
  2 8 1 25.6401818181818 0.382271937285209
  1 9 1 10.8278709677419 0.256435908971628
  2 9 1 19.3723772727273 0.174676971869269
  1 10 1 14.4134041304348 0.203452773958762
  2 10 1 18.1685454545455 0.228312317472351
  1 11 1 20.400696 0.241799049430762
  2 11 1 36.0843428571429 0.250018379470286
  1 12 1 17.048856350365 0.142636213550947
  2 12 1 17.6769122727273 0.163647146277456
  1 13 1 9.12711640449438 0.225478190042395
  2 13 1 19.414404 0.192013183632222
  1 14 1 15.7488525 0.323579734794357
  2 14 1 24.5970794117647 0.162432383538487
  1 15 1 4.1563125 0.320666395151501
  2 15 1 74.9604375 0.822390366318268
  1 16 1 11.7712394366197 0.452044832991261
  2 16 1 25.1655428571429 0.192408532269243
  1 17 1 10.4595652173913 0.28209645893665
  2 17 1 21.2930136986301 0.262097825842625
  1 18 1 3.36474647887324 0.414010381101596
  2 18 1 21.1 0.189959250209439
  1 19 1 3.733625 0.40638853202345
  2 19 1 16.3942857142857 0.178404315527443
  1 20 1 5.27272727272727 0.290993157294119
  2 20 1 10.6423098591549 0.156753980046499
  1 21 1 8.51694915254237 0.324615016521962
  2 21 1 16.4014705882353 0.174348711952217
  1 22 1 5.42184615384615 0.294780938380682
  2 22 1 9.22715625 0.195232854572048
  1 23 1 11.9540675675676 0.440402569626277
  2 23 1 11.0824090909091 0.185762358850192
  1 24 1 1.71829230769231 0.372421878022742
  2 24 1 8.86024242424243 0.151581173531864
  1 25 1 3.86615384615385 0.341871348717721
  2 25 1 6.41967213114754 0.233364310094868
  1 26 1 1.75875 0.416897355424411
  2 26 1 7.27384615384615 0.283802183917676
  1 27 1 4.18 0.500820840736393
  2 27 1 1.45096875 0.495024013362717
  1 28 1 4.64626865671642 0.389853340834037
  2 28 1 6.37301587301587 0.390988792530431
  1 29 1 2.35606060606061 0.293941849282161
  2 29 1 8.47460317460317 0.322403741112933
  1 30 1 3.51617647058824 0.525509720403112
  2 30 1 3.88333333333333 0.218361153170241
  1 31 1 4.68208955223881 0.266433769579894
  2 31 1 12.4417910447761 0.421115605185845
  1 32 1 2.2865671641791 0.374831371194202
  2 32 1 4.29850746268657 0.227391091044855
  1 33 1 1.8469696969697 0.352011231642473
  2 33 1 8.92835820895522 0.384269029090844
  1 34 1 3.68830769230769 0.34725908523047
  2 34 1 3.39114925373134 0.331291933735556
  1 35 1 18.1281791044776 0.578696888706846
  2 35 1 4.1555 0.247394190789157
  1 36 1 3.88610606060606 0.459728456052307
  2 36 1 3.6661771875 0.394189312610479
  1 37 1 6.10867647058824 0.539982548576019
  2 37 1 27.4925 0.72948972943007
  1 38 1 2.42214925373134 0.364309332200766
  2 38 1 3.85801538461538 0.278656828353639
  1 39 1 2.52571428571429 0.562793580097325
  2 39 1 6.98228358208955 0.316141323613091
  1 40 1 1.24332467532468 0.420348818797864
  2 40 1 6.40688311688312 0.30511736182771
  1 41 1 3.28572727272727 0.403753427903273
  2 41 1 4.89098648648649 0.278331587636247
  1 1 5 12.9905757575758 0.428268262400835
  2 1 5 16.7756129032258 0.225458996873695
  1 2 5 3.57056923076923 0.345343609027291
  2 2 5 17.3586197183099 0.371617889994295
  1 3 5 12.7351076923077 0.44670497427242
  2 3 5 17.6019538461538 0.668862523793197
  1 4 5 5.54659154929577 0.615916579625513
  2 4 5 6.00447058823529 0.279204033701149
  1 5 5 5.738 0.315394469960846
  2 5 5 9.48191176470588 0.204474681555904
  1 6 5 10.2026417910448 0.34660287547265
  2 6 5 17.1224848484848 0.331648541199853
  1 7 5 2.76176811594203 0.318103960537393
  2 7 5 19.4136417910448 0.348280374846579
  1 8 5 5.18975384615385 0.392669648636909
  2 8 5 8.67563636363636 0.419901636353984
  1 9 5 41.3106774193548 0.480812029588852
  2 9 5 20.0852878787879 0.310773430412972
  1 10 5 61.8557548913044 0.603016923799836
  2 10 5 50.8984393939394 0.454521657682475
  1 11 5 16.5662882962963 0.476454648602067
  2 11 5 36.5614142857143 0.33088650882931
  1 12 5 42.7163238686131 0.845907144525693
  2 12 5 20.9355208333333 0.213566715560186
  1 13 5 17.5369703370787 0.345200957090348
  2 13 5 58.2458695294118 0.426262782725971
  1 14 5 10.3964548611111 0.264436160521241
  2 14 5 37.9061517647059 0.226747447567164
  1 15 5 7.9935625 0.469566733399063
  2 15 5 14.9592973611111 0.259488054442407
  1 16 5 3.49214084507042 0.386232958132405
  2 16 5 13.4994 0.272571546622386
  1 17 5 4.93923188405797 0.438346564468954
  2 17 5 8.2367397260274 0.260487713324726
  1 18 5 4.30485915492958 0.368625576908523
  2 18 5 13.8626865671642 0.42035214303373
  1 19 5 6.72615625 0.424021283924977
  2 19 5 6.81857142857143 0.313873830425567
  1 20 5 1.25757575757576 0.40509710665687
  2 20 5 5.87746478873239 0.466267924456264
  1 21 5 9.24745762711864 0.480844474444679
  2 21 5 3.62058823529412 0.2668361029341
  1 22 5 4.00469230769231 0.469094743543064
  2 22 5 5.430015625 0.28378876735388
  1 23 5 3.62332432432432 0.540787962426207
  2 23 5 9.31840909090909 0.369430536232357
  1 24 5 1.10235384615385 0.470432479415306
  2 24 5 4.3569696969697 0.469633627328749
  1 25 5 2.06 0.502209538569111
  2 25 5 2.18196721311475 0.342064616144444
  1 26 5 7.52475 0.584628234108223
  2 26 5 3.15692307692308 0.423460458250196
  1 27 5 2.47428571428571 0.561800284643725
  2 27 5 8.8085 0.784021780546872
  1 28 5 16.8029850746269 0.497927404656732
  2 28 5 9.5984126984127 0.676432257321378
  1 29 5 4.36212121212121 0.480052767387787
  2 29 5 30.5222222222222 0.712202517111094
  1 30 5 8.775 0.806911034003637
  2 30 5 25.2772727272727 0.834297346108047
  1 31 5 6.53134328358209 0.336276894588451
  2 31 5 6.36268656716418 0.428726537913456
  1 32 5 22.6522388059701 0.866348358898959
  2 32 5 8.54328358208955 0.424628251437437
  1 33 5 17.6484848484848 0.613994602592113
  2 33 5 23.5776119402985 0.656624132271175
  1 34 5 21.4571230769231 0.747837758615024
  2 34 5 10.815776119403 0.510439372860259
  1 35 5 53.2806567164179 0.471975485833162
  2 35 5 24.346109375 0.358480817460383
  1 36 5 21.8464393939394 0.495899711606771
  2 36 5 18.034860625 0.434982613442021
  1 37 5 52.7715 0.313979264853727
  2 37 5 46.4156363636364 0.356018191983623
  1 38 5 20.2278656716418 0.388895640133204
  2 38 5 22.6019538461538 0.264411460678978
  1 39 5 27.2468181818182 0.429428347743837
  2 39 5 18.9386119402985 0.345982379386548
  1 40 5 43.4314935064935 0.854087515493953
  2 40 5 46.5801298701299 0.296892384076943
  1 41 5 18.8124155844156 0.570603745618332
  2 41 5 40.0703648648649 0.562814940667441
  1 1 -999 0.760151515151515 0.713073379137429
  2 1 -999 3.35370967741936 0.543428436014222
  1 2 -999 0.749538461538461 0.75854040026369
  2 2 -999 3.32478873239437 0.288566469764042
  1 3 -999 1.16446153846154 0.417030932506304
  2 3 -999 5.79107692307692 0.490446313342411
  1 4 -999 7.44605633802817 0.957424471890798
  2 4 -999 4.66558823529412 0.472014979581208
  1 5 -999 1.86985074626866 0.668404531423064
  2 5 -999 14.5127941176471 0.847493012443747
  1 6 -999 1.74865671641791 0.449308409353267
  2 6 -999 22.110303030303 0.719061104365501
  1 7 -999 1.52985507246377 0.789347464730028
  2 7 -999 8.29746268656716 0.318124680941654
  1 8 -999 0.263230769230769 0.917849819262965
  2 8 -999 17.180303030303 0.57316497294746
  1 9 -999 0.575322580645161 0.510223861623126
  2 9 -999 22.9495454545455 0.32789189425349
  1 10 -999 11.2721739130435 0.583142355392088
  2 10 -999 8.21227272727273 0.329129814341615
  1 11 -999 1.9762962962963 0.562243759566187
  2 11 -999 39.0381428571429 0.736377216092494
  1 12 -999 4.40503649635037 0.447063470789592
  2 12 -999 14.5681060606061 0.411798867930553
  1 13 -999 0.941685393258427 0.48695695982633
  2 13 -999 13.0704705882353 0.38469128512096
  1 14 -999 25.2259722222222 0.881083518475244
  2 14 -999 7.07941176470588 0.394714880188242
  1 15 -999 0.57546875 0.792553449659804
  2 15 -999 4.96625 0.325948507719878
  1 16 -999 0.118450704225352 0.656312205347728
  2 16 -999 3.90671428571429 0.515340675455662
  1 17 -999 1.34492753623188 0.554386439632617
  2 17 -999 6.71767123287671 0.403568977766623
  1 18 -999 0.664788732394366 0.70642750021984
  2 18 -999 6.11194029850746 0.578306792505533
  1 19 -999 0.2109375 0.894054654514841
  2 19 -999 6.03857142857143 0.888858424281133
  1 20 -999 0.0151515151515152 0.757323221312051
  2 20 -999 0.633802816901408 0.534089543252478
  1 21 -999 12.3915254237288 0.925494212051403
  2 21 -999 2.72205882352941 0.843600957850734
  1 22 -999 0.132307692307692 0.697241265731787
  2 22 -999 3.8078125 0.656601024025284
  1 23 -999 1.08378378378378 0.570686794358674
  2 23 -999 1.26060606060606 0.551729079310865
  1 24 -999 0.316923076923077 0.970633693007082
  2 24 -999 10.7060606060606 0.496531139014544
  1 25 -999 0.0261538461538462 0.57644432713293
  2 25 -999 1.21475409836066 0.507873420120906
  1 26 -999 0.3515625 0.4628075929766
  2 26 -999 0.383076923076923 0.51658651085721
  1 27 -999 1.66714285714286 0.764801247790194
  2 27 -999 0.1328125 0.534795737664187
  1 28 -999 3.47611940298507 0.638155044733936
  2 28 -999 5.42222222222222 0.776643866533451
  1 29 -999 0.61969696969697 0.414773111636271
  2 29 -999 0.703174603174603 0.603148955750448
  1 30 -999 0.725 0.81446602436753
  2 30 -999 5.68636363636364 0.63782621039038
  1 31 -999 1.66268656716418 0.548657850886446
  2 31 -999 1.33134328358209 0.681917320567566
  1 32 -999 0.305970149253731 0.67984787931166
  2 32 -999 0.502985074626866 0.427711949825808
  1 33 -999 0.21969696969697 0.473092312201222
  2 33 -999 0.425373134328358 0.586838112048741
  1 34 -999 0.195076923076923 0.54773972511937
  2 34 -999 0.0729850746268657 0.457423520777827
  1 35 -999 20.5562089552239 0.785030540180211
  2 35 -999 0.4225 0.781740225530195
  1 36 -999 0.224030303030303 0.514596086768134
  2 36 -999 0.495625 0.618927147698664
  1 37 -999 5.25558823529412 0.631027395247039
  2 37 -999 0.154075757575758 0.401374557158021
  1 38 -999 4.91283582089552 0.969217832657138
  2 38 -999 0.0664615384615385 0.799152728307841
  2 39 -999 1.08388059701493 0.602741454263012
  1 40 -999 0.114285714285714 0.720824056600612
  2 40 -999 0.255844155844156 0.635450812784362
  1 41 -999 0.283636363636364 0.6404137237434
  2 41 -999 1.49790540540541 0.929662903578488
  1 1 10 9.17721212121212 0.219558908866272
  2 1 10 3.91225806451613 0.420478019380578
  1 2 10 9.67089230769231 0.308420438974496
  2 2 10 7.59707042253521 0.266469020774784
  1 3 10 4.23187692307692 0.254482543348525
  2 3 10 4.96443076923077 0.176119609913632
  1 4 10 5.99256338028169 0.246623564736952
  2 4 10 4.87717647058824 0.201009623940496
  1 5 10 5.63582089552239 0.263843796356319
  2 5 10 6.04047058823529 0.188515062411811
  1 6 10 4.82388059701493 0.29371662441952
  2 6 10 3.06099141706078 0.217058272754023
  1 7 10 2.57484057971015 0.233425405297215
  2 7 10 2.56596324734708 0.160146840582421
  1 8 10 1.7152 0.20935590786127
  2 8 10 1.24771413557541 0.219675214236497
  1 9 10 1.87458064516129 0.261152852930067
  2 9 10 1.68934664564722 0.17618201559372
  1 10 10 6.11881739130435 0.35080655514468
  2 10 10 1.05041163075845 0.288087420586372
  1 11 10 2.74014814814815 0.16739605456776
  2 11 10 0.831841453344344 0.179334469818098
  1 12 10 2.58961751824818 0.167785563839749
  2 12 10 0.856780521982834 0.194079650208756
  1 13 10 6.3996404494382 0.201683587615937
  2 13 10 2.95379258755525 0.26708294380009
  1 14 10 2.04755555555556 0.277990130981975
  2 14 10 1.69895953757225 0.261162740746529
  1 15 10 2.15 0.260447159640481
  2 15 10 1.92817777777778 0.236760215458364
  1 16 10 2.46445070422535 0.354731435464959
  2 16 10 2.88182857142857 0.197746711670819
  1 17 10 0.612173913043478 0.295758105402641
  2 17 10 1.47112328767123 0.330208010835788
  1 18 10 0.859366197183099 0.240663428417508
  2 18 10 0.823880597014925 0.364039748188294
  1 19 10 0.662578125 0.339824195708317
  2 19 10 0.642857142857143 0.261227404123069
  1 20 10 0.539393939393939 0.294342928253188
  2 20 10 0.343591549295775 0.249594811366406
  1 21 10 0.205084745762712 0.387829007380117
  2 21 10 0.607352941176471 0.211737624497487
  1 22 10 0.869615384615385 0.466145706592908
  2 22 10 0.6215625 0.247676050549484
  1 23 10 0.755810810810811 0.279244183815429
  2 23 10 1.10242424242424 0.364806813763314
  1 24 10 0.732307692307692 0.264226699190394
  2 24 10 0.870606060606061 0.200853835879913
  1 25 10 0.753846153846154 0.401557677432362
  2 25 10 1.11639344262295 0.427552736347339
  1 26 10 0.394453125 0.39803470366635
  2 26 10 0.364615384615385 0.263050856290993
  1 27 10 0.901428571428571 0.271991870521699
  2 27 10 0.694609375 0.262101771146991
  1 28 10 0.755223880597015 0.544069953063755
  2 28 10 1.7952380952381 0.500002099405965
  1 29 10 1.01818181818182 0.466408660783656
  2 29 10 1.85555555555556 0.351960747367337
  1 30 10 2.22941176470588 0.396749160523618
  2 30 10 2.56363636363636 0.353294158315399
  1 31 10 4.34179104477612 0.368705529979016
  2 31 10 1.70149253731343 0.244873713391672
  1 32 10 5.11492537313433 0.275174363066448
  2 32 10 5.40746268656716 0.470763857263454
  1 33 10 3.82727272727273 0.475906668741929
  2 33 10 4.4089552238806 0.279502397980618
  1 34 10 7.69555384615385 0.399262445846064
  2 34 10 3.52037313432836 0.349648537286793
  1 35 10 2.70902985074627 0.444275829003174
  2 35 10 7.281171875 0.37915545660954
  1 36 10 3.25692424242424 0.335323776784019
  2 36 10 3.9231484375 0.484086093187339
  1 37 10 3.20244117647059 0.442836038485025
  2 37 10 1.17021212121212 0.319150727602776
  1 38 10 1.57625373134328 0.488042255938244
  2 38 10 1.98903076923077 0.407560700838948
  1 39 10 4.15115584415584 0.284421789658612
  2 39 10 1.41453731343284 0.29674239792084
  1 40 10 8.8031948051948 0.318407718065998
  2 40 10 4.40944155844156 0.267327748565035
  1 41 10 6.59115584415584 0.334557568518815
  2 41 10 3.30654054054054 0.298460848552816
  1 1 8 2.95059090909091 0.315173666651174
  2 1 8 2.32937096774194 0.462932936793474
  1 2 8 3.15423076923077 0.289655884553513
  2 2 8 5.28004225352113 0.291625378319279
  1 3 8 7.94224615384616 0.445661395438229
  2 3 8 2.15343076923077 0.24839079339077
  1 4 8 2.08108450704225 0.263490924371874
  2 4 8 2.60829411764706 0.269252913604855
  1 5 8 5.32764179104478 0.43412574415949
  2 5 8 4.46230882352941 0.306040027367562
  1 6 8 3.01650746268657 0.308027956186484
  2 6 8 1.42555392636038 0.341323396420455
  1 7 8 3.09426086956522 0.385056335819263
  2 7 8 3.36067244423046 0.257194743155269
  1 8 8 2.32236923076923 0.260289394588572
  2 8 8 0.7076816552623 0.431509282545668
  1 9 8 5.91870967741936 0.431365807004855
  2 9 8 1.43914141414141 0.242479208967319
  1 10 8 6.19607608695652 0.337643266583965
  2 10 8 1.31345715216683 0.350122477949553
  1 11 8 4.98031851851852 0.190018283469302
  2 11 8 2.19175883256528 0.323221412579507
  1 12 8 7.3030802919708 0.162746935517586
  2 12 8 1.14644428152493 0.228982766823179
  1 13 8 5.31792134831461 0.341920463441956
  2 13 8 2.29029095509171 0.241841631084233
  1 14 8 5.78008333333333 0.228726011424418
  2 14 8 2.99254427577483 0.281644292980529
  1 15 8 5.32978125 0.248125625001581
  2 15 8 2.46918055555556 0.278717712431636
  1 16 8 5.84778873239437 0.35733148518571
  2 16 8 8.23277142857143 0.28768973650101
  1 17 8 3.55557971014493 0.30617617024306
  2 17 8 7.11375342465754 0.298000352344759
  1 18 8 2.26619718309859 0.309842315794336
  2 18 8 3.65373134328358 0.290632634838193
  1 19 8 2.01875 0.376612355333219
  2 19 8 2.40428571428571 0.277237549679099
  1 20 8 1.38181818181818 0.374918605177922
  2 20 8 1.54647887323944 0.215955663906671
  1 21 8 1.92033898305085 0.312482319278861
  2 21 8 2.36029411764706 0.22904951005782
  1 22 8 0.938461538461538 0.291217292449574
  2 22 8 1.2328125 0.334203310366051
  1 23 8 0.874324324324324 0.258086226973749
  2 23 8 1.58484848484848 0.369713282569775
  1 24 8 1.65846153846154 0.424291613021164
  2 24 8 1.56818181818182 0.242018860617287
  1 25 8 0.967692307692308 0.253077301717728
  2 25 8 1.14590163934426 0.236863100947082
  1 26 8 0.9671875 0.282083266124312
  2 26 8 0.532307692307692 0.234685929415468
  1 27 8 2.16 0.308866282267733
  2 27 8 0.6390625 0.418188219832596
  1 28 8 2.05970149253731 0.227617863109814
  2 28 8 1.3 0.363924113287817
  1 29 8 3.32727272727273 0.444594138316279
  2 29 8 1.37936507936508 0.228686933162735
  1 30 8 4.36764705882353 0.355281347801547
  2 30 8 1.07121212121212 0.52226518900488
  1 31 8 6.93880597014925 0.287663604981491
  2 31 8 1.25373134328358 0.324610274868806
  1 32 8 4.73283582089552 0.331891135768806
  2 32 8 2.72686567164179 0.405253381175339
  1 33 8 7.10606060606061 0.373879165680047
  2 33 8 3.13731343283582 0.325837115034301
  1 34 8 7.68649230769231 0.29311793852823
  2 34 8 1.44194029850746 0.252063231711509
  1 35 8 9.21485074626866 0.363617147333273
  2 35 8 3.98875 0.318594737541269
  1 36 8 6.08383333333333 0.370438144818615
  2 36 8 1.080921875 0.388038209115171
  1 37 8 4.28725 0.399020192940984
  2 37 8 0.577151515151515 0.240334888416511
  1 38 8 3.57205970149254 0.324040099023474
  2 38 8 0.898215384615385 0.415472237394863
  1 39 8 2.72215584415584 0.367838903060991
  2 39 8 0.632328358208955 0.278588400079201
  1 40 8 2.73962337662338 0.352473620249155
  2 40 8 0.790727272727273 0.226502720233669
  1 41 8 5.61550649350649 0.481135456002499
  2 41 8 4.67343243243243 0.540163864000553
  1 1 3 0.483333333333333 0.537047062331732
  2 1 3 0.951612903225806 0.690516373687063
  1 2 3 0.421538461538462 0.861422596904487
  2 2 3 0 -999
  1 3 3 0.127692307692308 0.447611035861685
  2 3 3 0.329230769230769 0.640934739563298
  1 4 3 0.0338028169014084 0.510310363079829
  1 5 3 0.476119402985075 0.672270235244375
  2 5 3 0.0602941176470588 0.541846334295794
  1 6 3 0.0298507462686567 0.488504210459197
  2 6 3 5.16666666666667 0.612948672730617
  1 7 3 0.321739130434783 0.705428653422844
  2 7 3 0.0985074626865672 0.472904645572544
  1 8 3 0.0215384615384615 1
  2 8 3 0.543939393939394 0.872578231218976
  1 9 3 0.0629032258064516 0.599854837780295
  2 9 3 1.46060606060606 0.733302834137676
  2 10 3 0.00303030303030303 1
  1 11 3 0.368888888888889 0.499484636786782
  1 12 3 0.122627737226277 0.358153914340203
  2 12 3 0.078030303030303 0.577110518633802
  1 13 3 0.103370786516854 0.678339172154909
  2 13 3 0.125882352941176 0.738121970739642
  1 14 3 0.00694444444444444 1
  2 14 3 0.336764705882353 0.52056341701904
  1 15 3 0.0578125 0.693225535250834
  2 15 3 0.00138888888888889 1
  1 16 3 0.00985915492957747 1
  2 16 3 0.132857142857143 0.48452157876779
  1 17 3 0.0159420289855072 0.912293822979085
  1 18 3 0.0154929577464789 0.655734850091527
  2 18 3 3.32686567164179 0.750382084373246
  1 19 3 0.040625 0.670809892238012
  2 19 3 0.0257142857142857 0.47273108889926
  1 20 3 0.0136363636363636 0.631102684426709
  2 20 3 0.0845070422535211 0.919260399745188
  1 21 3 0.0152542372881356 0.496475444687371
  1 22 3 0.00461538461538462 0.740682868109632
  2 22 3 0.0078125 1
  1 23 3 0.0243243243243243 0.360862225436052
  1 24 3 1.8 0.547901331396328
  2 24 3 0.0575757575757576 0.478873954421528
  1 25 3 0.949230769230769 0.429608216382601
  2 25 3 0.0180327868852459 0.654713783069401
  1 26 3 0.4640625 0.69118921143411
  2 26 3 2.38 0.8614889831113
  1 27 3 0.294285714285714 0.426971754606328
  2 27 3 0.875 0.572182042928152
  1 28 3 0.458208955223881 0.505524319387353
  2 28 3 0.195238095238095 0.488492827246527
  1 29 3 0.48030303030303 0.644591984223249
  2 29 3 0.885714285714286 0.51925665989311
  1 30 3 6.48235294117647 0.899065435378594
  2 30 3 2.23636363636364 0.59569628754064
  1 31 3 0.897014925373134 0.543826822033971
  2 31 3 0.968656716417911 0.466111862829518
  1 32 3 1.82238805970149 0.88174616562504
  2 32 3 3.61791044776119 0.568444982816852
  1 33 3 0.433333333333333 0.408104676406013
  2 33 3 11.0835820895522 0.357346049869971
  1 34 3 2.68066153846154 0.92608255019157
  2 34 3 24.6108208955224 0.539541007788685
  1 35 3 0.029134328358209 0.648664057223823
  2 35 3 0.664265625 0.576168087832409
  1 36 3 4.02971212121212 0.695927823776047
  2 36 3 0.14021875 0.549529982814455
  1 37 3 0.482779411764706 0.708713243925404
  2 37 3 0.0179090909090909 0.496269825160911
  1 38 3 0.00898507462686567 0.489543853646182
  1 39 3 0.00214285714285714 0.703511357168505
  2 39 3 0.0328955223880597 0.875017095315649
  1 40 3 0.275753246753247 0.631659802692532
  2 40 3 6.68441558441558 0.908152223575802
  1 41 3 0.152857142857143 0.626570332091694
  2 41 3 0.0997027027027027 0.712465807947941
  1 1 4 2.5969696969697 0.364126925219609
  2 1 4 1.74193548387097 0.651478045245579
  1 2 4 1.78461538461538 0.325978644081397
  2 2 4 0.607042253521127 0.491599879330958
  1 3 4 0.572307692307692 0.590488938344882
  2 3 4 0.469230769230769 0.469264979590002
  1 4 4 1.16197183098592 0.342847242849766
  2 4 4 0.661764705882353 0.56498061527184
  1 5 4 3.04626865671642 0.283928008388956
  2 5 4 0.860294117647059 0.40554998032922
  1 6 4 1.84477611940299 0.36410591785635
  2 6 4 0.644052464947987 0.314379924642846
  1 7 4 1.23478260869565 0.316186403798479
  2 7 4 0.492760080196035 0.321171660131735
  1 8 4 2.74307692307692 0.253188234939331
  2 8 4 0.484396200814111 0.262595834069695
  1 9 4 1.18548387096774 0.353459538829246
  2 9 4 0.37584803256445 0.308279488626844
  1 10 4 4.06847826086957 0.222766407086932
  2 10 4 0.276345545002261 0.384029275829912
  1 11 4 1.82888888888889 0.238950089280127
  2 11 4 0.0848614072494669 0.730585383962037
  1 12 4 3.34598540145985 0.179808210316848
  2 12 4 0.306648575305292 0.333206670663278
  1 13 4 1.77977528089888 0.285713453338656
  2 13 4 0.0312554872695347 0.519898215786934
  1 14 4 1.4375 0.363103131549156
  2 14 4 0.682616330114135 0.305358232801091
  1 15 4 0.7046875 0.503658248586171
  2 15 4 0.597222222222222 0.471530938023796
  1 16 4 1.02112676056338 0.295547572464407
  2 16 4 0.471428571428571 0.544763628192451
  1 17 4 0.410144927536232 0.488933644682359
  2 17 4 0.286301369863014 0.477536971215445
  1 18 4 1.05492957746479 0.370405953390475
  2 18 4 0.0761194029850746 1
  1 19 4 0.5484375 0.52782959622969
  2 19 4 0.551428571428571 0.532719195147098
  1 20 4 0.216666666666667 0.511990542284477
  2 20 4 0.335211267605634 0.484034968152033
  1 21 4 0.577966101694915 0.564562288891068
  2 21 4 0.183823529411765 0.586474414451279
  1 22 4 0.62 0.402530417748571
  2 22 4 0.0328125 1
  1 23 4 0.705405405405405 0.43367137815831
  2 23 4 0.754545454545455 0.57845161047037
  1 24 4 0.141538461538462 0.64543907056288
  2 24 4 0.0227272727272727 1
  1 25 4 0.469230769230769 0.573085070694707
  2 25 4 0.00327868852459016 1
  1 26 4 0.05625 0.624630010023461
  2 26 4 0.0876923076923077 0.618817528749267
  1 27 4 0.722857142857143 0.39695630553522
  2 27 4 0.290625 0.599987275514275
  1 28 4 0.217910447761194 0.66033137069251
  2 28 4 0.141269841269841 0.574102294844973
  1 29 4 0.296969696969697 0.421006722090626
  2 29 4 0.223809523809524 0.561536237228361
  1 30 4 0.305882352941176 0.510604124996193
  2 30 4 0.154545454545455 0.755237824640857
  1 31 4 0.786567164179105 0.341199284740845
  2 31 4 0.0208955223880597 0.639964632603476
  1 32 4 0.343283582089552 0.558363224745951
  2 32 4 0.188059701492537 0.651942345498602
  1 33 4 0.701515151515151 0.358138069325762
  2 33 4 0.262686567164179 0.817002636839413
  1 34 4 0.515507692307692 0.350936222978508
  2 34 4 0.0806716417910448 0.45781557737998
  1 35 4 1.52611940298507 0.316930751611881
  2 35 4 0.40203125 0.659064313762388
  1 36 4 0.768833333333333 0.37289624571036
  2 36 4 0.416390625 0.566128523913239
  1 37 4 0.590073529411765 0.340253675911694
  2 37 4 0.0963636363636364 0.701875347795432
  1 38 4 0.864776119402985 0.357264717429085
  2 38 4 0.324307692307692 0.476578235674548
  1 39 4 0.942961038961039 0.527967078805152
  2 39 4 0.371940298507463 0.562110493649979
  1 40 4 0.543116883116883 0.415144442808449
  2 40 4 0.323116883116883 0.557855012865461
  1 41 4 0.481818181818182 0.494090593845412
  2 41 4 0.0131081081081081 0.864947569912083
  3 42 7 97.1703623188406 0.233962995093855
  4 42 7 1.1672 0.329779252894958
  3 43 7 144.133753623188 0.270006842918168
  4 43 7 0.698671428571429 0.460124990024536
  3 44 7 108.135409090909 0.350007507053818
  4 44 7 5.31772463768116 0.837656243552001
  3 45 7 656.751863013699 0.34274593698132
  4 45 7 1.4523661971831 0.291986952078346
  3 46 7 286.866013333333 0.261906583866089
  4 46 7 1.30185185185185 0.425399553458769
  3 47 7 146.387356164384 0.417429035160016
  4 47 7 104.686140625 0.287702894520317
  3 48 7 129.827424657534 0.441211421515246
  4 48 7 1.72697402597403 0.866971810340232
  3 49 7 154.179961038961 0.495234601454268
  4 49 7 105.915602739726 0.556663444153977
  3 50 7 89.2710188679245 0.237858203733512
  4 50 7 0.229946666666667 0.295404104464232
  3 51 7 145.324701492537 0.327346172729995
  4 51 7 37.4559591836735 0.994030515469621
  3 52 7 286.644680555556 0.368315456462939
  4 52 7 0.26222972972973 0.461505384764764
  3 42 9 84.2639710144928 0.237437089975973
  4 42 9 68.4613866666667 0.251840565749012
  3 43 9 63.9331449275362 0.17314512758374
  4 43 9 22.2935142857143 0.265564054084483
  3 44 9 54.4434696969697 0.261674582034448
  4 44 9 48.9091739130435 0.278786765149086
  3 45 9 38.5358356164384 0.178342474685171
  4 45 9 42.208323943662 0.22878225695429
  3 46 9 23.6345466666667 0.161615623260197
  4 46 9 21.456 0.234262915890891
  3 47 9 59.089 0.584716058055215
  4 47 9 22.36696875 0.231360777378904
  3 48 9 53.5448356164384 0.182474012404665
  4 48 9 31.3226363636364 0.148335019588378
  3 49 9 69.3659090909091 0.185797139191474
  4 49 9 27.076904109589 0.233973080411629
  3 50 9 67.7204905660377 0.170487085116875
  4 50 9 62.7076 0.198266501217541
  3 51 9 59.1674925373134 0.193030233430065
  4 51 9 60.8189795918367 0.179523556716689
  3 52 9 87.2886805555556 0.256489608700532
  4 52 9 59.6538108108108 0.192375685928691
  3 42 2 29.8899130434783 0.96787270074405
  4 42 2 1.48470666666667 0.422601396160012
  3 43 2 7.00871014492754 0.404694020855087
  4 43 2 9.82387142857143 0.465820030674526
  3 44 2 8.464 0.814873375751391
  4 44 2 25.4583768115942 0.505954372112585
  3 45 2 7.21358904109589 0.533219898766676
  4 45 2 13.1768873239437 0.287403659199158
  3 46 2 0.0855066666666667 0.371953858881132
  4 46 2 14.3375679012346 0.365560779244073
  3 47 2 3.23379452054795 0.791301167226987
  4 47 2 19.819484375 0.487536998609889
  3 48 2 1.46249315068493 0.633364993316759
  4 48 2 13.6177532467532 0.644823084547079
  3 49 2 66.1226883116883 0.827253682697507
  4 49 2 2.39747945205479 0.354235596542703
  3 50 2 8.1107358490566 0.900216415173481
  4 50 2 5.49184 0.395846441583114
  3 51 2 3.38474626865672 0.957770995377006
  4 51 2 0.700326530612245 0.496084887173497
  3 52 2 2.28608333333333 0.55870584954739
  4 52 2 7.31489189189189 0.604660139936764
  3 42 6 17.0235362318841 0.26037397454602
  4 42 6 17.26036 0.436613652073156
  3 43 6 10.405115942029 0.184269817445717
  4 43 6 9.99078571428571 0.417121054927267
  3 44 6 20.0790303030303 0.224636283033848
  4 44 6 28.6872028985507 0.427028154066731
  3 45 6 13.7079589041096 0.214424452457608
  4 45 6 24.3380704225352 0.358256969308502
  3 46 6 12.6899066666667 0.241986378076998
  4 46 6 30.8976049382716 0.3400116158624
  3 47 6 17.4117808219178 0.278456439376456
  4 47 6 23.244390625 0.285873133416327
  3 48 6 9.13257534246575 0.299857497492351
  4 48 6 19.8127532467532 0.212373020514558
  3 49 6 17.8001558441558 0.375235544015774
  4 49 6 13.5165205479452 0.198905098616369
  3 50 6 8.35311320754717 0.252558079911859
  4 50 6 10.4479733333333 0.262770320767619
  3 51 6 10.2225671641791 0.343794671710809
  4 51 6 9.97220408163265 0.302797426147618
  3 52 6 10.2217777777778 0.191002489396663
  4 52 6 8.4362972972973 0.233059984982754
  3 42 1 6.57455072463768 0.491331418922754
  4 42 1 6.37354666666667 0.329726795744574
  3 43 1 4.57976811594203 0.537081122476055
  4 43 1 6.25644285714286 0.33086845072982
  3 44 1 6.13548484848485 0.379030815152119
  4 44 1 2.76221739130435 0.278881417082292
  3 45 1 2.1297397260274 0.519511456600017
  4 45 1 5.13870422535211 0.27351876283918
  3 46 1 2.87797333333333 0.556056214854876
  4 46 1 11.9027160493827 0.714061811185508
  3 47 1 1.78346575342466 0.588197671943964
  4 47 1 4.39746875 0.340315242626747
  3 48 1 5.84617808219178 0.324588369174256
  4 48 1 2.66442857142857 0.300199803594678
  3 49 1 8.81335064935065 0.501841796783066
  4 49 1 9.27413698630137 0.438397059851219
  3 50 1 1.78262264150943 0.403101009292276
  4 50 1 15.3089066666667 0.410378233550251
  3 51 1 2.59570149253731 0.478602624152216
  4 51 1 4.11073469387755 0.362128776577143
  3 52 1 3.034625 0.646634922078809
  4 52 1 9.36893243243243 0.816170985475774
  3 42 5 42.8495362318841 0.339876934877471
  4 42 5 36.9294666666667 0.356216069417162
  3 43 5 24.6201449275362 0.298992519394372
  4 43 5 37.9044 0.189290253037749
  3 44 5 69.2296363636364 0.254555474384242
  4 44 5 22.0499855072464 0.230851364722682
  3 45 5 56.1483835616438 0.63012553598372
  4 45 5 50.622014084507 0.260964579440469
  3 46 5 103.766293333333 0.254083502479078
  4 46 5 53.8272716049383 0.337085438277882
  3 47 5 140.908684931507 0.192091229695825
  4 47 5 197.024078125 0.445822853931263
  3 48 5 206.264890410959 0.387496158420035
  4 48 5 150.149961038961 0.210853665221549
  3 49 5 183.651038961039 0.368405013462509
  4 49 5 130.809726027397 0.169854111979613
  3 50 5 144.723320754717 0.474213361633695
  4 50 5 80.9903866666667 0.191466660489218
  3 51 5 30.4638955223881 0.360282409988033
  4 51 5 65.1277142857143 0.399606972925519
  3 52 5 7.68211111111111 0.3532330315065
  4 52 5 55.0891081081081 0.274035362173455
  3 42 -999 0.140144927536232 0.565816955920963
  4 42 -999 2.08072 0.991678768423089
  3 43 -999 0.110579710144928 0.600299617494616
  4 43 -999 0.227571428571429 0.653293409575853
  3 44 -999 1.25081818181818 0.703337368791746
  4 44 -999 0.630434782608696 0.56607828087948
  3 45 -999 0.0432602739726027 0.676128501147728
  4 45 -999 0.0826197183098592 0.541627019207418
  3 46 -999 0.334226666666667 0.864026464809305
  4 46 -999 0.163740740740741 0.529662079166346
  3 47 -999 0.16241095890411 0.847041683512816
  4 47 -999 0.16625 0.466273890261896
  3 48 -999 0.471232876712329 0.881612475695526
  4 48 -999 0.728454545454545 0.595012927289871
  3 49 -999 0.420974025974026 0.673557089785972
  4 49 -999 7.75156164383562 0.782037891410573
  3 50 -999 0.251924528301887 0.761009447383221
  4 50 -999 8.28854666666667 0.969170461379647
  3 51 -999 0.393373134328358 0.557199107217438
  4 51 -999 1.28004081632653 0.648370416717363
  3 52 -999 0.0485972222222222 0.734560638444738
  4 52 -999 0.688675675675676 0.394480750112879
  3 42 10 11.9836956521739 0.3039623036711
  4 42 10 7.62573333333333 0.273313726703502
  3 43 10 4.70294202898551 0.32641152401369
  4 43 10 9.58014285714286 0.314372074077199
  3 44 10 4.85669696969697 0.318273337755366
  4 44 10 4.09272463768116 0.255330079772978
  3 45 10 4.80428767123288 0.43537834570034
  4 45 10 5.66594366197183 0.477794056284643
  3 46 10 1.69289333333333 0.342233883700236
  4 46 10 1.64935802469136 0.255219140701765
  3 47 10 1.95691780821918 0.341250712936241
  4 47 10 1.1733125 0.214601133606252
  3 48 10 0.868890410958904 0.614068234722451
  4 48 10 0.831415584415584 0.201112464847283
  3 49 10 1.40412987012987 0.35190564940904
  4 49 10 0.951835616438356 0.33472125607656
  3 50 10 2.20501886792453 0.816837708092695
  4 50 10 0.431413333333333 0.227783168461156
  3 51 10 1.0214776119403 0.505988404388839
  4 51 10 0.0838775510204082 0.351067447622667
  3 52 10 0.98325 0.324360094310254
  4 52 10 0.6025 0.455427538585323
  3 42 8 10.3238115942029 0.284652789689101
  4 42 8 2.59237333333333 0.343035692079222
  3 43 8 8.76626086956522 0.419285827130058
  4 43 8 2.72795714285714 0.233965429378258
  3 44 8 10.5784545454545 0.363226842496159
  4 44 8 1.83547826086957 0.230866102767982
  3 45 8 12.566698630137 0.383482435972864
  4 45 8 3.34871830985916 0.24282341318213
  3 46 8 4.37268 0.325977709284745
  4 46 8 3.04045679012346 0.341240783166297
  3 47 8 1.44620547945205 0.323507675999549
  4 47 8 4.54678125 0.399695593074565
  3 48 8 6.83382191780822 0.425248507716921
  4 48 8 1.13748051948052 0.187993525714274
  3 49 8 2.68925974025974 0.249118363408559
  4 49 8 2.23535616438356 0.265012727941773
  3 50 8 1.57554716981132 0.341800613444058
  4 50 8 3.62848 0.365336749376061
  3 51 8 2.36541791044776 0.302900468993841
  4 51 8 1.2854693877551 0.388934593716609
  3 52 8 2.83576388888889 0.491268971960348
  4 52 8 0.868310810810811 0.242113807492329
  3 42 3 0.888985507246377 0.661895735249442
  4 42 3 1.81016 0.86012943797605
  3 43 3 0.0439565217391304 0.783155911787346
  4 43 3 1.34385714285714 0.598390099709208
  3 44 3 0.190590909090909 0.542775440757204
  4 44 3 0.823927536231884 0.743173480285892
  3 45 3 0.870123287671233 0.870542376054271
  4 45 3 7.54652112676056 0.446478967244395
  3 46 3 0.0213866666666667 0.492193512682958
  4 46 3 2.77234567901235 0.490110041691513
  3 47 3 2.62883561643836 0.909630520329322
  4 47 3 0.954359375 0.433872317628348
  3 48 3 3.51139726027397 0.644773009949607
  4 48 3 10.0617012987013 0.484949159815328
  3 49 3 5.25507792207792 0.515045488987725
  4 49 3 5.29915068493151 0.388710136036013
  3 50 3 5.80520754716981 0.442573167063876
  4 50 3 15.5616133333333 0.395139923022642
  3 51 3 0.376238805970149 0.88587618368699
  4 51 3 1.73263265306122 0.537531419606343
  3 52 3 11.5969861111111 0.983269433580366
  4 52 3 5.86241891891892 0.849696423298534
  3 42 4 0.967971014492754 0.340526255302381
  4 42 4 1.46629333333333 0.525593107575273
  3 43 4 1.5666231884058 0.260637123856086
  4 43 4 0.400785714285714 0.517717068938369
  3 44 4 2.0590303030303 0.219411346193749
  4 44 4 1.59201449275362 0.445563743160107
  3 45 4 2.37886301369863 0.271355803715625
  4 45 4 0.673056338028169 0.369630063723468
  3 46 4 1.58641333333333 0.322041020808878
  4 46 4 2.35287654320988 0.389098775252231
  3 47 4 1.31445205479452 0.241177039296427
  4 47 4 1.299296875 0.360209541108992
  3 48 4 1.84745205479452 0.310728311347134
  4 48 4 1.2255974025974 0.437514827010324
  3 49 4 2.27749350649351 0.288580421043866
  4 49 4 2.42131506849315 0.246821373610295
  3 50 4 12.9808113207547 0.364363914128281
  4 50 4 3.002 0.287983302644633
  3 51 4 4.208 0.243629988904743
  4 51 4 6.90626530612245 0.386454786790168
  3 52 4 5.39484722222222 0.263364855830388
  4 52 4 1.72806756756757 0.35266724117335
# end survey index observations 
#  
# Survey size comp data 
# Number of observations, init_int Nsurvey_size_obs 
  1031
# init_matrix obs_survey_size(1,Nsurvey_size_obs,1,ncol) 
# Survey  Year  Species Type (0=whole, 1=retained, 2=discard) InpN, proportion by length bin 
  1 1 1 0 177 164712 0.01021983 0.4637459 0.5260342 -999 -999
  1 2 1 0 84 164712 -999 0.2525206 0.4693347 0.2781447 -999
  1 3 1 0 235 164712 0.02023038 0.7695967 0.2101729 -999 -999
  1 4 1 0 135 164712 0.01547863 0.2588394 0.725682 -999 -999
  1 5 1 0 829 164712 0.05377152 0.3676004 0.5786281 -999 -999
  1 6 1 0 601 164712 0.0408834 0.480835 0.4782816 -999 -999
  1 7 1 0 226 164712 0.009561966 0.3029805 0.6874576 -999 -999
  1 8 1 0 362 164712 0.01213343 0.164395 0.8234716 -999 -999
  1 9 1 0 359 164712 0.01557478 0.2717474 0.2860284 0.4266494 -999
  1 10 1 0 -999 164712 0.003434548 0.3671599 0.4904226 0.138983 -999
  1 11 1 0 -999 164712 0.01767342 0.1438661 0.7170092 0.1214513 -999
  1 12 1 0 4 164712 0.004629805 0.08287262 0.8212166 0.09128098 -999
  1 13 1 0 -999 164712 0.007255711 0.1708163 0.8219279 -999 -999
  1 14 1 0 -999 164712 0.03648558 0.2812928 0.4258806 0.2563411 -999
  1 15 1 0 104 164712 0.01619018 0.374814 0.3141948 0.294801 -999
  1 16 1 0 353 164712 0.005170669 0.2794124 0.7154169 -999 -999
  1 17 1 0 226 164712 0.02983594 0.1397071 0.830457 -999 -999
  1 18 1 0 184 164712 0.01791273 0.2768718 0.7052155 -999 -999
  1 19 1 0 281 164712 0.01397931 0.4750732 0.5109475 -999 -999
  1 20 1 0 177 164712 0.001431697 0.2773635 0.1327708 -999 0.588434
  1 21 1 0 305 164712 0.01569221 0.2870411 0.6972667 -999 -999
  1 22 1 0 -999 164712 0.03460676 0.2327944 0.3136137 0.4189852 -999
  1 23 1 0 -999 164712 0.0128838 0.3680203 0.3411983 0.2778976 -999
  1 24 1 0 -999 164712 0.01922841 0.18299 0.7977815 -999 -999
  1 25 1 0 145 164712 0.0189145 0.6313621 0.3497234 -999 -999
  1 26 1 0 -999 164712 0.02901988 0.3424319 0.6285483 -999 -999
  1 27 1 0 139 164712 0.008939565 0.6127409 0.3783196 -999 -999
  1 28 1 0 182 164712 0.01953829 0.5736482 0.4068135 -999 -999
  1 29 1 0 80 164712 0.002973545 0.3819168 0.6151096 -999 -999
  1 30 1 0 126 164712 0.01253894 0.6416991 0.3457619 -999 -999
  1 31 1 0 204 164712 0.0004769077 0.9995231 -999 -999 -999
  1 32 1 0 72 164712 0.004859326 0.2005835 0.7945571 -999 -999
  1 33 1 0 109 164712 0.03055169 0.3148417 0.6546066 -999 -999
  1 34 1 0 118 164712 0.01256523 0.9874348 -999 -999 -999
  1 35 1 0 503 164712 0.02303119 0.1764301 0.8005387 -999 -999
  1 36 1 0 186 164712 0.00190518 0.2552596 0.7428352 -999 -999
  1 37 1 0 466 164712 0.1268187 0.275289 0.5978923 -999 -999
  1 38 1 0 107 164712 0.01718665 0.5241476 0.4586657 -999 -999
  1 39 1 0 138 164712 0.03466543 0.9653346 -999 -999 -999
  1 40 1 0 80 164712 0.01598409 0.5603168 0.4236991 -999 -999
  1 41 1 0 306 164712 0.014767 0.5121743 0.4730587 -999 -999
  1 1 2 0 41 161722 -999 -999 0.07698791 0.9230121 -999
  1 2 2 0 52 161722 -999 0.01838351 0.4608685 0.520748 -999
  1 3 2 0 16 161722 0.000213597 -999 0.3069083 0.6928781 -999
  1 4 2 0 82 161722 -999 -999 1 -999 -999
  1 5 2 0 47 161722 -999 -999 0.6370788 0.3629212 -999
  1 6 2 0 7 161722 -999 -999 1 -999 -999
  1 7 2 0 8 161722 -999 -999 0.5860452 0.4139548 -999
  1 8 2 0 1 161722 -999 -999 -999 1 -999
  1 9 2 0 1 161722 -999 -999 -999 1 -999
  1 10 2 0 -999 161722 -999 -999 0.2935827 0.7064173 -999
  1 11 2 0 -999 161722 -999 0.008478309 0.394847 0.5966747 -999
  1 14 2 0 -999 161722 -999 -999 -999 1 -999
  1 15 2 0 9 161722 -999 -999 0.245301 0.754699 -999
  1 16 2 0 1 161722 -999 -999 1 -999 -999
  1 17 2 0 21 161722 -999 -999 1 -999 -999
  1 18 2 0 1 161722 -999 -999 0.3988048 0.6011952 -999
  1 19 2 0 112 161722 -999 -999 1 -999 -999
  1 20 2 0 603 161722 -999 0.02535534 0.9746447 -999 -999
  1 21 2 0 1713 161722 -999 0.07901587 0.610127 0.3108571 -999
  1 22 2 0 -999 161722 -999 0.1180489 0.612062 0.2698891 -999
  1 23 2 0 -999 161722 -999 -999 0.8435109 0.1564891 -999
  1 24 2 0 -999 161722 -999 0.037313 0.7064828 0.2562042 -999
  1 25 2 0 2625 161722 -999 0.09581667 0.9041833 -999 -999
  1 26 2 0 -999 161722 -999 -999 1 -999 -999
  1 27 2 0 1013 161722 -999 0.08070748 0.8119401 0.1073524 -999
  1 28 2 0 18438 161722 -999 0.4887899 0.5112101 -999 -999
  1 29 2 0 3952 161722 -999 0.3686482 0.6313518 -999 -999
  1 30 2 0 4068 161722 -999 -999 0.972523 0.02747703 -999
  1 31 2 0 1252 161722 -999 -999 0.9797677 0.02023228 -999
  1 32 2 0 651 161722 -999 0.01178247 0.9882175 -999 -999
  1 33 2 0 1355 161722 -999 -999 1 -999 -999
  1 34 2 0 826 161722 -999 0.01059289 0.9894071 -999 -999
  1 35 2 0 84 161722 -999 0.196635 0.5153984 0.2879666 -999
  1 36 2 0 11108 161722 -999 0.7354206 0.2645794 -999 -999
  1 37 2 0 1075 161722 0.0009523032 0.1513618 0.8476859 -999 -999
  1 38 2 0 1047 161722 -999 0.03918908 0.9608109 -999 -999
  1 39 2 0 20 161722 0.003741315 -999 0.9962587 -999 -999
  1 40 2 0 1381 161722 -999 -999 1 -999 -999
  1 41 2 0 457 161722 -999 -999 1 -999 -999
  1 1 3 0 148 172414 -999 0.1167342 0.8832658 -999 -999
  1 2 3 0 116 172414 -999 0.2773151 0.7226849 -999 -999
  1 3 3 0 31 172414 -999 0.01714531 0.81658 0.1662747 -999
  1 4 3 0 11 172414 -999 0.01360622 0.9863938 -999 -999
  1 5 3 0 91 172414 -999 0.03113633 0.6479236 0.3209401 -999
  1 6 3 0 20 172414 -999 0.1007978 0.8992022 -999 -999
  1 7 3 0 180 172414 -999 0.310548 0.689452 -999 -999
  1 8 3 0 6 172414 -999 0.293956 0.706044 -999 -999
  1 9 3 0 6 172414 -999 -999 0.6370201 0.3629799 -999
  1 11 3 0 -999 172414 -999 0.2879016 0.2147535 0.497345 -999
  1 12 3 0 1 172414 -999 -999 0.5258616 0.4741384 -999
  1 13 3 0 -999 172414 -999 -999 0.4861719 0.5138281 -999
  1 14 3 0 -999 172414 0.023734 -999 0.976266 -999 -999
  1 15 3 0 13 172414 -999 0.05682264 0.6836035 0.2595739 -999
  1 16 3 0 1 172414 -999 -999 1 -999 -999
  1 17 3 0 5 172414 -999 0.2677989 0.7322011 -999 -999
  1 18 3 0 1 172414 -999 0.266702 0.733298 -999 -999
  1 19 3 0 28 172414 -999 1 -999 -999 -999
  1 20 3 0 7 172414 -999 0.3874096 0.6125904 -999 -999
  1 21 3 0 4 172414 -999 0.07054685 0.9294531 -999 -999
  1 22 3 0 -999 172414 -999 0.5283318 0.4716682 -999 -999
  1 23 3 0 -999 172414 -999 0.3660389 0.6339611 -999 -999
  1 24 3 0 -999 172414 -999 0.8087305 0.1912695 -999 -999
  1 25 3 0 388 172414 -999 0.04522813 0.9547719 -999 -999
  1 26 3 0 -999 172414 -999 0.318078 0.681922 -999 -999
  1 27 3 0 109 172414 -999 0.08044266 0.9195573 -999 -999
  1 28 3 0 246 172414 -999 0.717563 0.282437 -999 -999
  1 29 3 0 333 172414 -999 0.6986718 0.3013282 -999 -999
  1 30 3 0 2120 172414 -999 0.004675002 0.995325 -999 -999
  1 31 3 0 647 172414 -999 0.9424748 0.05752521 -999 -999
  1 32 3 0 764 172414 -999 0.03164186 0.9683581 -999 -999
  1 33 3 0 291 172414 -999 0.3882105 0.6117895 -999 -999
  1 34 3 0 949 172414 -999 0.1845605 0.8154395 -999 -999
  1 35 3 0 17 172414 -999 0.5382581 0.4617419 -999 -999
  1 36 3 0 4639 172414 -999 0.9243857 0.07561429 -999 -999
  1 37 3 0 174 172414 -999 0.4126024 0.5873976 -999 -999
  1 38 3 0 8 172414 -999 0.3226359 0.6773641 -999 -999
  1 39 3 0 2 172414 -999 1 -999 -999 -999
  1 40 3 0 299 172414 -999 1 -999 -999 -999
  1 41 3 0 46 172414 -999 -999 1 -999 -999
  1 1 4 0 24 164499 -999 0.1217456 0.2735281 0.6047263 -999
  1 2 4 0 20 164499 -999 0.01262865 0.1994463 0.521631 0.266294
  1 3 4 0 9 164499 0.004882761 -999 0.810489 0.1846283 -999
  1 4 4 0 25 164499 0.001242956 0.06215179 0.2136116 0.2871508 0.4358429
  1 5 4 0 48 164499 0.0009493368 0.05338918 0.3391471 0.3860108 0.2205036
  1 6 4 0 36 164499 -999 0.1841854 0.3425929 0.4732217 -999
  1 7 4 0 14 164499 -999 0.02933369 0.4310602 0.5396061 -999
  1 8 4 0 32 164499 0.0001429007 0.05405562 0.3930863 0.4733835 0.07933165
  1 9 4 0 16 164499 0.0006237488 -999 0.4483609 0.5510153 -999
  1 10 4 0 -999 164499 7.03153e-05 0.01046659 0.1664207 0.4943433 0.3286991
  1 11 4 0 -999 164499 0.0003524077 -999 0.05835098 0.6190113 0.3222853
  1 12 4 0 1 164499 0.001873413 0.03369878 0.09323074 0.7338914 0.1373057
  1 13 4 0 -999 164499 0.005323954 0.03564839 0.451861 0.5071667 -999
  1 14 4 0 -999 164499 0.004378635 0.06728253 0.3624772 0.4040278 0.1618338
  1 15 4 0 12 164499 0.01174116 0.1364847 0.5924078 0.2593664 -999
  1 16 4 0 18 164499 -999 0.1945666 0.3509873 0.4544461 -999
  1 17 4 0 7 164499 -999 0.1104234 0.8895766 -999 -999
  1 18 4 0 4 164499 -999 0.01702997 0.54654 0.43643 -999
  1 19 4 0 14 164499 0.003939811 -999 0.5838816 0.4121786 -999
  1 20 4 0 6 164499 -999 0.210846 0.789154 -999 -999
  1 21 4 0 4 164499 -999 0.02036454 -999 0.9796355 -999
  1 22 4 0 -999 164499 0.001590944 0.3641172 0.6342918 -999 -999
  1 23 4 0 -999 164499 0.01789741 0.01776166 0.5518555 0.4124854 -999
  1 24 4 0 -999 164499 0.03306417 0.05367468 0.2496028 0.6636584 -999
  1 25 4 0 12 164499 0.0177609 0.08104751 0.1112399 0.7899517 -999
  1 26 4 0 -999 164499 0.01075324 0.2009139 0.7883328 -999 -999
  1 27 4 0 23 164499 0.01126083 0.06992787 0.4149076 0.5039037 -999
  1 28 4 0 6 164499 0.007591087 0.3481717 0.6442372 -999 -999
  1 29 4 0 8 164499 -999 0.1117164 0.687901 0.2003826 -999
  1 30 4 0 6 164499 -999 0.1420787 0.8579213 -999 -999
  1 31 4 0 13 164499 0.004742534 0.009275722 0.4568152 0.5291666 -999
  1 32 4 0 8 164499 0.01986 0.05032428 0.4197571 0.5100586 -999
  1 33 4 0 25 164499 0.00387043 0.2037019 0.5090075 0.2834201 -999
  1 34 4 0 20 164499 0.01864741 0.09759982 0.4439248 0.4398279 -999
  1 35 4 0 33 164499 0.005218721 0.1677928 0.3832044 0.4437841 -999
  1 36 4 0 20 164499 0.008220764 0.05101312 0.5750989 0.3656672 -999
  1 37 4 0 14 164499 0.006980784 0.2412286 0.2171658 0.5346248 -999
  1 38 4 0 32 164499 0.001242841 0.09019682 0.9085603 -999 -999
  1 39 4 0 33 164499 0.0008265922 0.1757277 0.8234457 -999 -999
  1 40 4 0 15 164499 0.00572588 0.1991601 0.795114 -999 -999
  1 41 4 0 12 164499 -999 0.3391454 0.6608546 -999 -999
  1 1 5 0 276 164744 0.005714878 0.06061914 0.829404 0.104262 -999
  1 2 5 0 85 164744 0.009623114 0.006608222 0.8041823 0.1795864 -999
  1 3 5 0 356 164744 -999 0.1829956 0.4198973 0.3971072 -999
  1 4 5 0 238 164744 0.03899479 -999 0.5268833 0.4341219 -999
  1 5 5 0 568 164744 0.1824037 0.2410635 0.1543064 0.4222264 -999
  1 6 5 0 674 164744 0.1619012 0.2579436 -999 0.5801552 -999
  1 7 5 0 180 164744 0.1025476 0.4064057 0.4910467 -999 -999
  1 8 5 0 1547 164744 0.2669434 0.1897442 0.5433124 -999 -999
  1 9 5 0 3595 164744 0.08310155 0.7034363 0.2134621 -999 -999
  1 10 5 0 -999 164744 0.003620953 0.4783797 0.1328832 0.3851162 -999
  1 11 5 0 -999 164744 0.250657 0.2067761 0.5425669 -999 -999
  1 12 5 0 2 164744 0.1262493 0.6570808 0.21667 -999 -999
  1 13 5 0 -999 164744 0.2419229 0.1214573 -999 0.6366199 -999
  1 14 5 0 -999 164744 0.06408802 0.1793324 0.2627822 0.4937973 -999
  1 15 5 0 203 164744 0.00362964 0.1224852 0.571912 0.3019731 -999
  1 16 5 0 398 164744 0.2349092 0.649261 0.1158299 -999 -999
  1 17 5 0 380 164744 0.009082063 0.4545474 0.2397086 0.2966619 -999
  1 18 5 0 638 164744 0.4603272 0.470861 0.06881179 -999 -999
  1 19 5 0 570 164744 -999 0.6635072 0.3364928 -999 -999
  1 20 5 0 282 164744 0.1723461 0.3705672 0.4570868 -999 -999
  1 21 5 0 509 164744 0.01091804 0.8300415 0.1590404 -999 -999
  1 22 5 0 -999 164744 0.06004895 0.2262596 0.4318985 0.281793 -999
  1 23 5 0 -999 164744 0.111717 0.3826475 0.5056355 -999 -999
  1 24 5 0 -999 164744 0.2942556 0.1877807 0.5179637 -999 -999
  1 25 5 0 468 164744 0.1806554 0.3361176 0.483227 -999 -999
  1 26 5 0 -999 164744 0.2003413 0.7996587 -999 -999 -999
  1 27 5 0 327 164744 0.246373 0.753627 -999 -999 -999
  1 28 5 0 1649 164744 0.1965679 0.6139134 0.1895187 -999 -999
  1 29 5 0 357 164744 0.3318059 0.6681941 -999 -999 -999
  1 30 5 0 813 164744 0.07129451 0.6010273 -999 0.3276782 -999
  1 31 5 0 935 164744 0.07854247 0.4748742 0.4465834 -999 -999
  1 32 5 0 1385 164744 0.06546868 0.1021733 0.832358 -999 -999
  1 33 5 0 1796 164744 0.09158667 0.7730634 0.13535 -999 -999
  1 34 5 0 1709 164744 0.05644848 0.5134299 0.09597644 0.3341451 -999
  1 35 5 0 4112 164744 0.02054198 0.5101279 0.09082079 0.3785093 -999
  1 36 5 0 12733 164744 0.8530812 -999 0.1469188 -999 -999
  1 37 5 0 14227 164744 0.06705457 0.9329454 -999 -999 -999
  1 38 5 0 3639 164744 0.2118621 0.7881379 -999 -999 -999
  1 39 5 0 3805 164744 0.06418218 0.9358178 -999 -999 -999
  1 40 5 0 4082 164744 0.1530977 0.7066661 0.1402362 -999 -999
  1 41 5 0 1305 164744 0.1768785 0.3504285 0.472693 -999 -999
  1 1 6 0 1666 164791 0.01922679 0.6497175 0.3310557 -999 -999
  1 2 6 0 1244 164791 0.01091721 0.9420038 0.04707902 -999 -999
  1 3 6 0 833 164791 0.004023687 0.542832 0.4531443 -999 -999
  1 4 6 0 3663 164791 0.03649538 0.9635046 -999 -999 -999
  1 5 6 0 1441 164791 0.01972422 0.9504205 0.0298553 -999 -999
  1 6 6 0 983 164791 0.01636321 0.7340687 0.2495681 -999 -999
  1 7 6 0 8690 164791 0.1190632 0.5310255 0.3499114 -999 -999
  1 8 6 0 4275 164791 0.07777233 0.783749 0.1384787 -999 -999
  1 9 6 0 1142 164791 0.01625796 0.9348163 0.04892572 -999 -999
  1 10 6 0 -999 164791 0.01899271 0.8293482 0.08359873 0.06806041 -999
  1 11 6 0 -999 164791 0.03203304 0.9533338 0.01463319 -999 -999
  1 12 6 0 60 164791 0.02674333 0.7251187 0.248138 -999 -999
  1 13 6 0 -999 164791 0.01551894 0.7582485 0.2262325 -999 -999
  1 14 6 0 -999 164791 0.008207151 0.8613161 0.1304767 -999 -999
  1 15 6 0 4052 164791 0.05989363 0.9401064 -999 -999 -999
  1 16 6 0 862 164791 0.001154482 0.9988455 -999 -999 -999
  1 17 6 0 2635 164791 0.04150494 0.8861531 0.07234195 -999 -999
  1 18 6 0 2431 164791 0.2945612 0.7054388 -999 -999 -999
  1 19 6 0 1963 164791 0.07357281 0.8784889 0.04793827 -999 -999
  1 20 6 0 1369 164791 0.007199652 0.9928003 -999 -999 -999
  1 21 6 0 4425 164791 0.09659756 0.6078293 -999 0.2955732 -999
  1 22 6 0 -999 164791 0.5045026 0.4954974 -999 -999 -999
  1 23 6 0 -999 164791 0.2273009 0.7726991 -999 -999 -999
  1 24 6 0 -999 164791 0.2602515 0.7397485 -999 -999 -999
  1 25 6 0 3757 164791 0.1809275 0.8190725 -999 -999 -999
  1 26 6 0 -999 164791 0.005433486 0.9945665 -999 -999 -999
  1 27 6 0 2235 164791 0.0193601 0.9806399 -999 -999 -999
  1 28 6 0 2157 164791 0.03194689 0.7748002 0.1932529 -999 -999
  1 29 6 0 844 164791 0.01585894 0.9841411 -999 -999 -999
  1 30 6 0 2513 164791 0.07072322 0.723063 0.2062137 -999 -999
  1 31 6 0 2997 164791 0.1264126 0.8735874 -999 -999 -999
  1 32 6 0 3793 164791 0.09299649 0.9070035 -999 -999 -999
  1 33 6 0 6655 164791 0.00933961 0.9300206 0.06063979 -999 -999
  1 34 6 0 3387 164791 0.0541592 0.9458408 -999 -999 -999
  1 35 6 0 2711 164791 0.05018745 0.9498125 -999 -999 -999
  1 36 6 0 6122 164791 0.1433693 0.8566307 -999 -999 -999
  1 37 6 0 1648 164791 0.01877566 0.9812243 -999 -999 -999
  1 38 6 0 1148 164791 0.01439524 0.9856048 -999 -999 -999
  1 39 6 0 5530 164791 0.1015439 0.8984561 -999 -999 -999
  1 40 6 0 2118 164791 0.02302957 0.9769704 -999 -999 -999
  1 41 6 0 1858 164791 0.007800527 0.9921995 -999 -999 -999
  1 1 7 0 911 160617 0.004684206 0.4621831 0.5331327 -999 -999
  1 2 7 0 362 160617 0.002274705 0.4414546 0.4649249 0.09134576 -999
  1 3 7 0 637 160617 0.009294369 0.4217488 0.5689569 -999 -999
  1 4 7 0 519 160617 0.003899827 0.5499457 0.3999058 0.04624872 -999
  1 5 7 0 827 160617 0.01672403 0.3631912 0.4896176 0.1304671 -999
  1 6 7 0 2192 160617 0.02858409 0.3912023 0.5802136 -999 -999
  1 7 7 0 453 160617 0.002909221 0.2 0.4878391 0.3092516 -999
  1 8 7 0 2516 160617 0.01624376 0.6964422 0.287314 -999 -999
  1 9 7 0 4768 160617 0.02425213 0.320333 0.6554149 -999 -999
  1 10 7 0 -999 160617 0.007612515 0.207275 0.447623 0.3374895 -999
  1 11 7 0 -999 160617 0.001538021 0.3455225 0.5661514 0.08678805 -999
  1 12 7 0 21 160617 0.02323029 0.1876146 0.6150715 0.1740837 -999
  1 13 7 0 -999 160617 0.005721156 0.1733165 0.7188365 0.1021258 -999
  1 14 7 0 -999 160617 -999 0.5464669 0.3966468 0.05688626 -999
  1 15 7 0 3046 160617 0.03220804 0.3796952 0.4891294 0.09896742 -999
  1 16 7 0 8280 160617 0.001334466 0.6105789 0.2856744 0.1024123 -999
  1 17 7 0 4097 160617 0.02104748 0.3029737 0.3645914 0.3113874 -999
  1 18 7 0 1047 160617 0.01682991 0.4779635 0.4105771 0.09462955 -999
  1 19 7 0 3800 160617 0.01689932 0.4666179 0.4615203 0.05496242 -999
  1 20 7 0 9024 160617 0.02287985 0.5921925 0.3511693 0.03375831 -999
  1 21 7 0 4014 160617 0.0324274 0.569464 0.3981086 -999 -999
  1 22 7 0 -999 160617 0.03587127 0.5693372 0.3222022 0.0725894 -999
  1 23 7 0 -999 160617 0.01166768 0.2680559 0.6813868 0.03888965 -999
  1 24 7 0 -999 160617 0.006284836 0.39491 0.5988051 -999 -999
  1 25 7 0 10494 160617 0.008454245 0.5590327 0.3938919 0.03862119 -999
  1 26 7 0 -999 160617 -999 0.2620873 0.6553707 0.08254198 -999
  1 27 7 0 1999 160617 0.001968599 0.4864528 0.441294 0.07028461 -999
  1 28 7 0 3628 160617 -999 0.44521 0.55479 -999 -999
  1 29 7 0 3646 160617 -999 0.7397735 0.2602265 -999 -999
  1 30 7 0 4435 160617 -999 0.6456401 0.3543599 -999 -999
  1 31 7 0 12420 160617 0.002793507 0.7364635 0.260743 -999 -999
  1 32 7 0 5121 160617 -999 0.5960164 0.4039836 -999 -999
  1 33 7 0 2316 160617 -999 0.4051566 0.5948434 -999 -999
  1 34 7 0 8414 160617 -999 0.5627103 0.4372897 -999 -999
  1 35 7 0 3839 160617 -999 0.2270715 0.7729285 -999 -999
  1 36 7 0 4989 160617 -999 0.05330788 0.9466921 -999 -999
  1 37 7 0 3361 160617 -999 0.1311131 0.831797 0.03708988 -999
  1 38 7 0 13362 160617 0.0006723813 0.06474621 0.9345814 -999 -999
  1 39 7 0 8875 160617 0.0002121821 0.07992162 0.9198662 -999 -999
  1 40 7 0 6268 160617 0.006730542 0.06985947 0.92341 -999 -999
  1 41 7 0 7674 160617 0.001186397 0.2025017 0.7963119 -999 -999
  1 1 8 0 175 172905 -999 0.2893679 0.4134172 0.2972149 -999
  1 2 8 0 201 172905 0.0009357498 0.2735741 0.5553931 0.170097 -999
  1 3 8 0 355 172905 6.506299e-05 0.2144424 0.3757284 0.4097641 -999
  1 4 8 0 141 172905 0.004067459 0.196867 0.6760615 0.1230041 -999
  1 5 8 0 405 172905 0.004509617 0.2437362 0.6657335 0.08602069 -999
  1 6 8 0 191 172905 9.773388e-06 0.2410378 0.6497707 0.1091818 -999
  1 7 8 0 193 172905 0.0004907536 0.140717 0.5844245 0.2743677 -999
  1 8 8 0 191 172905 0.005280603 0.0907789 0.4993433 0.4045972 -999
  1 9 8 0 361 172905 0.005991774 0.527987 0.4660212 -999 -999
  1 10 8 0 -999 172905 0.004046822 0.2453676 0.702508 0.04807755 -999
  1 11 8 0 -999 172905 0.003476171 0.3330429 0.5871458 0.07633513 -999
  1 12 8 0 12 172905 0.004369898 0.3021871 0.4192918 0.2741512 -999
  1 13 8 0 -999 172905 0.0004106866 0.2138587 0.612112 0.1736187 -999
  1 14 8 0 -999 172905 0.001253621 0.1683544 0.7523985 0.07799352 -999
  1 15 8 0 405 172905 0.008535617 0.6122505 0.3792139 -999 -999
  1 16 8 0 405 172905 0.0008938148 0.3397325 0.5804957 0.07887807 -999
  1 17 8 0 288 172905 0.0003933384 0.265926 0.6487698 0.08491087 -999
  1 18 8 0 87 172905 0.008739507 0.3882067 0.6030538 -999 -999
  1 19 8 0 219 172905 0.02214698 0.3510805 0.6267725 -999 -999
  1 20 8 0 128 172905 2.358758e-05 0.3582575 0.6417189 -999 -999
  1 21 8 0 263 172905 0.0006959183 0.2638049 0.4724507 0.2630485 -999
  1 22 8 0 -999 172905 0.002006994 0.1870087 0.6097557 0.2012286 -999
  1 23 8 0 -999 172905 0.007338087 0.4354222 0.5572398 -999 -999
  1 24 8 0 -999 172905 0.008908422 0.3060719 0.4310891 0.2539306 -999
  1 25 8 0 170 172905 0.007903184 0.6482474 0.3438494 -999 -999
  1 26 8 0 -999 172905 -999 0.2942876 0.7057124 -999 -999
  1 27 8 0 370 172905 0.001811725 0.5414695 0.2369356 0.2197832 -999
  1 28 8 0 344 172905 0.0007777318 0.4046937 0.5945286 -999 -999
  1 29 8 0 397 172905 0.003775156 0.1509621 0.5978976 0.2473651 -999
  1 30 8 0 518 172905 0.0007025288 0.3041017 0.6951958 -999 -999
  1 31 8 0 849 172905 0.0006209162 0.215513 0.783866 -999 -999
  1 32 8 0 514 172905 0.002723721 0.2192975 0.7779787 -999 -999
  1 33 8 0 791 172905 0.002498488 0.2205079 0.5040343 0.2729592 -999
  1 34 8 0 853 172905 -999 0.1727136 0.6031183 0.2241682 -999
  1 35 8 0 831 172905 0.003278286 0.2784862 0.5876877 0.1305478 -999
  1 36 8 0 531 172905 0.0001220048 0.1266361 0.7183178 0.1549241 -999
  1 37 8 0 455 172905 0.001648827 0.1427051 0.7464093 0.1092367 -999
  1 38 8 0 391 172905 0.0004998044 0.2189143 0.4777196 0.3028663 -999
  1 39 8 0 376 172905 -999 0.1351418 0.6538418 0.2110164 -999
  1 40 8 0 379 172905 0.003142233 0.2293301 0.7675277 -999 -999
  1 41 8 0 757 172905 0.003250592 0.2453698 0.7513796 -999 -999
  1 1 9 0 198 564145 0.004727856 0.08158542 0.7914223 0.02597758 0.09628685
  1 2 9 0 161 564145 0.001312609 0.07559235 0.2841557 0.6389393 -999
  1 3 9 0 286 564145 -999 0.1260112 0.5527485 0.3212402 -999
  1 4 9 0 161 564145 0.0004287183 0.1706227 0.413073 0.2434526 0.172423
  1 5 9 0 408 564145 0.002239538 0.2375529 0.1652792 0.2447508 0.3501775
  1 6 9 0 644 564145 0.002114953 0.2633803 0.6527525 0.08175222 -999
  1 7 9 0 255 564145 0.002434278 0.1765281 0.4228421 0.2975472 0.1006484
  1 8 9 0 123 564145 0.004125439 0.04906453 0.5715222 0.3752879 -999
  1 9 9 0 202 564145 0.0002986432 0.04596843 0.2840504 0.4195994 0.2500831
  1 10 9 0 -999 564145 0.003431502 0.1331636 0.1512378 0.6736784 0.03848878
  1 11 9 0 -999 564145 0.0003863571 0.0149579 0.2412812 0.7433745 -999
  1 12 9 0 -999 564145 0.002244064 0.08881908 0.1165749 0.7372551 0.0551068
  1 13 9 0 -999 564145 0.000572283 0.1618752 0.3112073 0.5263452 -999
  1 14 9 0 -999 564145 0.003332907 0.08505597 0.1723614 0.3075479 0.4317018
  1 15 9 0 1240 564145 0.0223651 0.143936 0.5907168 0.2429821 -999
  1 16 9 0 984 564145 0.002955761 0.173138 0.1740233 0.401444 0.2484389
  1 17 9 0 1312 564145 0.004838823 0.1170731 0.07989306 0.798195 -999
  1 18 9 0 192 564145 0.0005751435 0.1696013 0.200753 0.4840691 0.1450015
  1 19 9 0 916 564145 0.0009166314 0.1733749 0.2515679 0.4092173 0.1649233
  1 20 9 0 1266 564145 0.005096295 0.1107347 0.4908712 0.327574 0.06572382
  1 21 9 0 848 564145 0.01637629 0.3375595 0.4372585 0.2088057 -999
  1 22 9 0 -999 564145 0.004625473 0.2734571 0.1904296 0.06583521 0.4656526
  1 23 9 0 -999 564145 0.0002312348 0.08566536 0.08452694 0.472258 0.3573185
  1 24 9 0 -999 564145 0.001424065 0.2829857 0.2420524 0.4735378 -999
  1 25 9 0 690 564145 0.001459353 0.2416413 0.09399572 0.4484356 0.214468
  1 26 9 0 -999 564145 -999 0.2400105 0.1734821 0.5865074 -999
  1 27 9 0 474 564145 0.006046735 0.3859715 0.4095812 0.1984006 -999
  1 28 9 0 679 564145 0.001946169 0.2724705 0.3701787 0.185374 0.1700307
  1 29 9 0 390 564145 -999 0.2365366 0.6063434 0.15712 -999
  1 30 9 0 413 564145 -999 0.1388486 0.6018862 0.2592653 -999
  1 31 9 0 758 564145 -999 0.1945002 0.5164284 0.2890715 -999
  1 32 9 0 975 564145 0.0009879536 0.183632 0.5443218 0.2710582 -999
  1 33 9 0 833 564145 -999 0.08955394 0.2960573 0.6143888 -999
  1 34 9 0 687 564145 -999 0.3116265 0.5500342 0.1383393 -999
  1 35 9 0 1124 564145 0.0003262083 0.1300169 0.3051763 0.5048494 0.0596312
  1 36 9 0 427 564145 -999 0.07180742 0.3595829 0.5103954 0.05821424
  1 37 9 0 997 564145 0.00105522 0.1696947 0.4032225 0.4260276 -999
  1 38 9 0 506 564145 0.000563876 0.1441369 0.3622619 0.4930373 -999
  1 39 9 0 822 564145 0.002579913 0.3395081 0.4019119 0.2560001 -999
  1 40 9 0 798 564145 0.0004105117 0.2049138 0.3417325 0.4529432 -999
  1 41 9 0 1204 564145 -999 0.118827 0.6134168 0.2677562 -999
  1 1 10 0 1423 172909 0.008916264 0.5821941 0.4088896 -999 -999
  1 2 10 0 1633 172909 0.004019306 0.248868 0.7179295 0.02918322 -999
  1 3 10 0 719 172909 0.0004309863 0.4154149 0.464707 0.1194471 -999
  1 4 10 0 1137 172909 0.002580732 0.4677892 0.4127045 0.1169255 -999
  1 5 10 0 937 172909 0.003618276 0.2381694 0.6298197 0.1283926 -999
  1 6 10 0 718 172909 0.0001753878 0.2941863 0.542543 0.1630954 -999
  1 7 10 0 468 172909 0.004164775 0.2948025 0.4700635 0.2309691 -999
  1 8 10 0 355 172909 0.002227461 0.3294889 0.6682837 -999 -999
  1 9 10 0 241 172909 -999 0.05683534 0.9431647 -999 -999
  1 10 10 0 -999 172909 0.004131925 0.3307024 0.597725 0.06744068 -999
  1 11 10 0 -999 172909 0.000662513 0.567964 0.3386569 0.09271659 -999
  1 12 10 0 79 172909 0.001990388 0.3268563 0.4308024 0.1663338 0.07401712
  1 13 10 0 -999 172909 0.001801543 0.3347255 0.6465858 0.01688713 -999
  1 14 10 0 -999 172909 0.0003082709 0.5038919 0.4957998 -999 -999
  1 15 10 0 360 172909 -999 0.2524971 0.6554314 0.09207148 -999
  1 16 10 0 423 172909 0.0002504857 0.4383771 0.5613724 -999 -999
  1 17 10 0 111 172909 7.285338e-05 0.2390756 0.7608515 -999 -999
  1 18 10 0 158 172909 0.0001855722 0.3950186 0.256372 0.3484238 -999
  1 19 10 0 69 172909 -999 0.1818639 0.8181361 -999 -999
  1 20 10 0 79 172909 -999 0.075437 0.924563 -999 -999
  1 21 10 0 38 172909 1.69199e-05 0.1116037 0.6209096 0.2674698 -999
  1 22 10 0 -999 172909 0.0001483757 0.228684 0.7711676 -999 -999
  1 23 10 0 -999 172909 0.0003296585 0.07318958 0.9264808 -999 -999
  1 24 10 0 -999 172909 0.0001999883 0.4895964 0.5102036 -999 -999
  1 25 10 0 178 172909 5.7183e-05 0.07099678 0.7936837 0.1352623 -999
  1 26 10 0 -999 172909 -999 0.5852888 0.4147112 -999 -999
  1 27 10 0 249 172909 0.001641584 0.5285902 0.4697683 -999 -999
  1 28 10 0 144 172909 0.0004449102 0.4300601 0.569495 -999 -999
  1 29 10 0 158 172909 0.002083001 0.1207197 0.8771973 -999 -999
  1 30 10 0 367 172909 -999 0.5972906 0.4027094 -999 -999
  1 31 10 0 907 172909 0.0006963533 0.2938932 0.5994457 0.1059648 -999
  1 32 10 0 925 172909 0.00135648 0.2849404 0.7137031 -999 -999
  1 33 10 0 534 172909 0.0001895431 0.2300758 0.6599478 0.1097869 -999
  1 34 10 0 1098 172909 7.55151e-05 0.3608692 0.4962097 0.1428455 -999
  1 35 10 0 529 172909 0.0003390762 0.3129949 0.6866661 -999 -999
  1 36 10 0 509 172909 -999 0.1574537 0.420241 0.4223053 -999
  1 37 10 0 627 172909 4.854369e-05 0.2237725 0.6573232 0.1188558 -999
  1 38 10 0 382 172909 0.00419702 0.2256398 0.7005926 0.0695706 -999
  1 39 10 0 1217 172909 0.0002613013 0.6784282 0.3213105 -999 -999
  1 40 10 0 2018 172909 -999 0.3477399 0.6522601 -999 -999
  1 41 10 0 1314 172909 -999 0.07800362 0.9219964 -999 -999
  2 1 1 0 205 164712 0.007430401 0.3293239 0.6632457 -999 -999
  2 2 1 0 219 164712 0.004673189 0.5328627 0.3995605 0.06290362 -999
  2 3 1 0 171 164712 0.0142776 0.2644675 0.7212549 -999 -999
  2 4 1 0 181 164712 0.01413988 0.1736748 0.8121853 -999 -999
  2 5 1 0 423 164712 0.05784502 0.3257491 0.2452239 0.371182 -999
  2 6 1 0 2619 164712 0.03565929 0.461843 0.2942156 0.2082821 -999
  2 7 1 0 602 164712 0.008814366 0.3992851 0.5919005 -999 -999
  2 8 1 0 308 164712 0.001410056 0.2455718 0.6604529 0.09256527 -999
  2 9 1 0 317 164712 0.01882327 0.2974607 0.4718958 0.2118202 -999
  2 10 1 0 301 164712 0.001838449 0.6974601 0.3007014 -999 -999
  2 11 1 0 521 164712 0.007992044 0.2998352 0.5139933 0.1781795 -999
  2 12 1 0 398 164712 0.01635141 0.2555265 0.5202132 0.2079089 -999
  2 13 1 0 325 164712 0.00233293 0.250715 0.5442372 0.2027149 -999
  2 14 1 0 -999 164712 0.04528769 0.2205677 0.448058 0.2860866 -999
  2 15 1 0 -999 164712 0.01074624 0.2066992 0.4894933 0.2930612 -999
  2 16 1 0 417 164712 0.01343654 0.1432329 0.7098491 0.1334815 -999
  2 17 1 0 378 164712 0.0153393 0.09712324 0.7124007 0.1751368 -999
  2 18 1 0 470 164712 0.01402038 0.2011828 0.6871233 0.0976736 -999
  2 19 1 0 420 164712 0.02835292 0.1300695 0.6004912 0.2410864 -999
  2 20 1 0 259 164712 0.008448197 0.2221914 0.5623482 0.2070122 -999
  2 21 1 0 526 164712 0.02203698 0.3439081 0.5674334 0.06662157 -999
  2 22 1 0 -999 164712 0.03087671 0.2793216 0.5758611 0.1139406 -999
  2 23 1 0 -999 164712 0.009929422 0.3040411 0.6860295 -999 -999
  2 24 1 0 -999 164712 0.02517542 0.2602518 0.7145728 -999 -999
  2 25 1 0 213 164712 0.01352501 0.3616271 0.6248479 -999 -999
  2 26 1 0 193 164712 0.003907907 0.3201718 0.6759203 -999 -999
  2 27 1 0 -999 164712 0.03861329 0.3700995 0.5912872 -999 -999
  2 28 1 0 206 164712 0.005790727 0.6275432 0.3666661 -999 -999
  2 29 1 0 201 164712 0.008124008 0.215563 0.776313 -999 -999
  2 30 1 0 174 164712 0.01871678 0.2456875 0.5703268 0.1652689 -999
  2 31 1 0 351 164712 0.009742017 0.3583703 0.48185 0.1500377 -999
  2 32 1 0 172 164712 0.008060683 0.4364774 0.5554619 -999 -999
  2 33 1 0 306 164712 0.01712868 0.4615181 0.4443611 0.07699209 -999
  2 34 1 0 118 164712 0.009339288 0.5468793 0.3206677 0.1231137 -999
  2 35 1 0 142 164712 0.001504361 0.3825764 0.6159192 -999 -999
  2 36 1 0 -999 164712 0.01032915 0.3773283 0.6123425 -999 -999
  2 37 1 0 700 164712 0.06093253 0.3327827 0.6062848 -999 -999
  2 38 1 0 144 164712 0.01446082 0.3642154 0.2939789 0.3273449 -999
  2 39 1 0 309 164712 0.00255617 0.5159653 0.4814786 -999 -999
  2 40 1 0 379 164712 0.02564376 0.6430008 0.3313555 -999 -999
  2 41 1 0 338 164712 0.01524882 0.6355906 0.3491606 -999 -999
  2 1 2 0 14 161722 -999 0.1730254 0.2202309 0.6067436 -999
  2 2 2 0 4 161722 -999 0.03557031 0.2524306 0.7119991 -999
  2 3 2 0 413 161722 -999 0.6636835 0.1690077 0.1673088 -999
  2 4 2 0 21 161722 -999 0.3807298 0.6192702 -999 -999
  2 5 2 0 264 161722 -999 0.7740241 0.2259759 -999 -999
  2 6 2 0 501 161722 -999 0.03410902 0.965891 -999 -999
  2 7 2 0 814 161722 -999 -999 0.984888 0.01511195 -999
  2 8 2 0 162 161722 -999 0.038854 0.4428719 0.5182741 -999
  2 9 2 0 135 161722 0.01130402 -999 0.5436659 0.44503 -999
  2 10 2 0 25 161722 -999 0.01508349 0.4447851 0.5401314 -999
  2 11 2 0 422 161722 -999 0.1981216 0.2994884 0.50239 -999
  2 12 2 0 77 161722 0.006454995 -999 0.7737803 0.2197647 -999
  2 13 2 0 319 161722 -999 0.04664669 0.8990816 0.05427175 -999
  2 14 2 0 -999 161722 -999 0.003341525 0.8971241 0.09953434 -999
  2 15 2 0 -999 161722 -999 -999 0.4304194 0.5695806 -999
  2 16 2 0 12 161722 -999 -999 1 -999 -999
  2 17 2 0 218 161722 -999 0.125375 0.874625 -999 -999
  2 18 2 0 353 161722 0.0007433563 0.5348758 0.4643808 -999 -999
  2 19 2 0 531 161722 0.002790352 0.1555156 0.8416941 -999 -999
  2 20 2 0 82 161722 -999 0.06605475 0.9339452 -999 -999
  2 21 2 0 74 161722 0.001439885 0.09791217 0.4637629 0.436885 -999
  2 22 2 0 -999 161722 -999 0.3587282 0.5403165 0.1009552 -999
  2 23 2 0 -999 161722 0.0003531279 0.02140786 0.08229541 0.8959436 -999
  2 24 2 0 -999 161722 0.003049045 0.1270628 0.5990145 0.2708737 -999
  2 25 2 0 1564 161722 0.0001535185 0.4353208 0.5645257 -999 -999
  2 26 2 0 3414 161722 0.0002108993 0.007283055 0.9386022 0.05390385 -999
  2 27 2 0 -999 161722 1.219786e-05 0.04190696 0.9580808 -999 -999
  2 28 2 0 1322 161722 -999 0.0794667 0.5044731 0.4160602 -999
  2 29 2 0 1195 161722 -999 0.3158155 0.6540781 0.03010631 -999
  2 30 2 0 1939 161722 0.0004506534 0.1078441 0.7803662 0.111339 -999
  2 31 2 0 3247 161722 -999 0.2111967 0.7138164 0.07498685 -999
  2 32 2 0 2227 161722 0.001400117 0.05943774 0.8924916 0.04667057 -999
  2 33 2 0 4825 161722 0.00944639 0.2865473 0.7040063 -999 -999
  2 34 2 0 2660 161722 -999 0.04545692 0.8327203 0.1218228 -999
  2 35 2 0 4241 161722 0.4121502 0.003251494 0.5845983 -999 -999
  2 36 2 0 -999 161722 0.002038043 0.2040803 0.6273565 0.1665251 -999
  2 37 2 0 1398 161722 0.005145074 0.5417299 0.359607 0.09351805 -999
  2 38 2 0 392 161722 0.02036335 0.181124 0.7985127 -999 -999
  2 39 2 0 531 161722 0.03236806 0.1077536 0.5592016 0.3006767 -999
  2 40 2 0 572 161722 0.001496166 0.2531949 0.6429462 0.1023627 -999
  2 41 2 0 3699 161722 0.02709526 -999 0.5407275 0.4321772 -999
  2 1 3 0 1156 172414 -999 1 -999 -999 -999
  2 2 3 0 3 172414 -999 1 -999 -999 -999
  2 3 3 0 37 172414 -999 0.1076838 0.5962779 0.2960383 -999
  2 5 3 0 35 172414 -999 0.4867294 0.5132706 -999 -999
  2 6 3 0 870 172414 -999 -999 0.9592503 0.04074971 -999
  2 7 3 0 111 172414 -999 0.5435103 0.4564897 -999 -999
  2 8 3 0 800 172414 -999 0.2327351 0.7672649 -999 -999
  2 9 3 0 721 172414 -999 0.260508 0.739492 -999 -999
  2 10 3 0 2 172414 -999 0.2246901 0.7753099 -999 -999
  2 12 3 0 18 172414 -999 -999 1 -999 -999
  2 13 3 0 14 172414 -999 -999 0.1543449 0.8456551 -999
  2 14 3 0 -999 172414 -999 -999 -999 1 -999
  2 15 3 0 -999 172414 -999 1 -999 -999 -999
  2 16 3 0 66 172414 -999 0.08655025 0.9134498 -999 -999
  2 18 3 0 858 172414 -999 0.6327101 0.3672899 -999 -999
  2 19 3 0 12 172414 -999 0.1599199 0.8400801 -999 -999
  2 20 3 0 7 172414 -999 -999 0.3911975 0.6088025 -999
  2 22 3 0 -999 172414 -999 -999 -999 1 -999
  2 24 3 0 -999 172414 -999 1 -999 -999 -999
  2 25 3 0 7 172414 -999 0.2211803 -999 0.7788197 -999
  2 26 3 0 315 172414 -999 -999 0.7403942 0.2596058 -999
  2 27 3 0 -999 172414 -999 0.03249365 0.3004075 0.6670989 -999
  2 28 3 0 148 172414 -999 0.7727057 0.2272943 -999 -999
  2 29 3 0 461 172414 -999 0.614083 0.385917 -999 -999
  2 30 3 0 1657 172414 -999 0.926217 0.03889991 0.03488307 -999
  2 31 3 0 623 172414 -999 0.6007872 0.3992128 -999 -999
  2 32 3 0 3109 172414 -999 0.7467214 0.188892 0.06438661 -999
  2 33 3 0 9668 172414 -999 0.9365269 0.06347312 -999 -999
  2 34 3 0 12467 172414 -999 0.9578698 0.04213016 -999 -999
  2 35 3 0 275 172414 -999 0.3214274 0.6785726 -999 -999
  2 36 3 0 -999 172414 -999 1 -999 -999 -999
  2 37 3 0 18 172414 -999 1 -999 -999 -999
  2 39 3 0 45 172414 -999 1 -999 -999 -999
  2 40 3 0 2846 172414 -999 0.6070476 0.3929524 -999 -999
  2 41 3 0 77 172414 -999 0.07410402 0.925896 -999 -999
  2 1 4 0 21 164499 -999 0.07678147 0.6537229 0.2694956 -999
  2 2 4 0 8 164499 -999 0.04539163 0.09259073 0.8620176 -999
  2 3 4 0 6 164499 -999 0.1161143 0.3996832 0.4842025 -999
  2 4 4 0 8 164499 0.001286349 0.04386795 -999 0.1900222 0.7648235
  2 5 4 0 16 164499 0.00669041 0.03720485 0.1824667 0.773638 -999
  2 6 4 0 23 164499 0.008298672 0.07925361 0.2125578 0.69989 -999
  2 7 4 0 29 164499 -999 0.0666695 0.128547 0.443435 0.3613485
  2 8 4 0 30 164499 0.003673072 0.1093659 0.3172711 0.4965734 0.07311651
  2 9 4 0 14 164499 0.001447678 -999 0.4002826 0.3581575 0.2401123
  2 10 4 0 17 164499 -999 0.0433248 0.2597083 0.6969669 -999
  2 11 4 0 6 164499 0.006644152 -999 0.4472958 0.5460601 -999
  2 12 4 0 5 164499 0.0004747686 -999 0.03914931 0.4739146 0.4864614
  2 13 4 0 2 164499 -999 0.2373393 0.7626607 -999 -999
  2 14 4 0 -999 164499 0.0138393 0.1787407 0.4553869 0.3520331 -999
  2 15 4 0 -999 164499 0.002226705 0.01246892 0.1478804 0.2323326 0.6050914
  2 16 4 0 6 164499 -999 0.08078533 0.4582552 -999 0.4609594
  2 17 4 0 4 164499 -999 -999 0.343424 0.656576 -999
  2 18 4 0 1 164499 -999 -999 1 -999 -999
  2 19 4 0 8 164499 -999 0.0997364 0.5577346 -999 0.342529
  2 20 4 0 7 164499 0.01263841 0.008704342 0.8656594 0.1129978 -999
  2 21 4 0 5 164499 -999 0.1189865 0.8810135 -999 -999
  2 22 4 0 -999 164499 -999 -999 1 -999 -999
  2 23 4 0 -999 164499 -999 0.01095648 0.1439517 0.3944084 0.4506834
  2 24 4 0 -999 164499 -999 1 -999 -999 -999
  2 25 4 0 1 164499 -999 1 -999 -999 -999
  2 26 4 0 7 164499 -999 1 -999 -999 -999
  2 27 4 0 -999 164499 0.006213896 0.0791543 0.1741425 0.7404893 -999
  2 28 4 0 5 164499 0.00764362 0.2474012 0.7449552 -999 -999
  2 29 4 0 5 164499 -999 0.09989701 0.900103 -999 -999
  2 30 4 0 3 164499 -999 0.1671317 -999 0.8328683 -999
  2 31 4 0 4 164499 0.2162888 0.7837112 -999 -999 -999
  2 32 4 0 6 164499 0.02325043 0.2622525 0.3441466 0.3703505 -999
  2 33 4 0 6 164499 0.02885612 0.06777507 0.2343691 0.6689997 -999
  2 34 4 0 12 164499 0.08067866 0.9193213 -999 -999 -999
  2 35 4 0 20 164499 -999 0.4984659 0.5015341 -999 -999
  2 36 4 0 -999 164499 0.01095941 0.02109533 0.9679453 -999 -999
  2 37 4 0 4 164499 -999 1 -999 -999 -999
  2 38 4 0 7 164499 -999 0.1015107 0.8984893 -999 -999
  2 39 4 0 10 164499 -999 0.1299599 0.1888052 0.6812349 -999
  2 40 4 0 14 164499 0.01404851 0.3187984 0.6671531 -999 -999
  2 41 4 0 2 164499 0.1595927 0.8404073 -999 -999 -999
  2 1 5 0 469 164744 0.001911733 0.09586683 0.7401122 0.1621092 -999
  2 2 5 0 311 164744 -999 -999 1 -999 -999
  2 3 5 0 283 164744 0.005305067 0.01164483 0.450394 0.5326561 -999
  2 4 5 0 125 164744 -999 0.06718376 0.1905079 0.7423084 -999
  2 5 5 0 463 164744 0.003255789 0.0117707 0.230121 0.6580087 0.09684386
  2 6 5 0 1829 164744 0.001144801 0.2394445 0.3193995 0.4400111 -999
  2 7 5 0 1019 164744 0.01295307 0.1900786 0.1491644 0.3395935 0.3082104
  2 8 5 0 297 164744 0.006421981 0.06348821 0.5498819 0.2113955 0.1688125
  2 9 5 0 4483 164744 0.09886395 0.08177412 0.639036 0.1803259 -999
  2 10 5 0 3110 164744 0.004129781 0.4751321 0.3582157 0.1625224 -999
  2 11 5 0 1079 164744 0.0003708418 0.1375683 0.6327173 0.2293436 -999
  2 12 5 0 4324 164744 0.03496061 0.09189003 0.524044 0.2732976 0.07580781
  2 13 5 0 2992 164744 0.008214894 0.2571644 0.3350826 0.3995381 -999
  2 14 5 0 -999 164744 0.01225323 0.1890738 0.3896702 0.4090028 -999
  2 15 5 0 -999 164744 0.002638363 0.09572596 0.4199066 0.2809941 0.2007349
  2 16 5 0 322 164744 0.001984826 0.06988085 0.4580204 0.4145638 0.05555016
  2 17 5 0 325 164744 0.003578028 0.08681613 0.3213259 0.5882799 -999
  2 18 5 0 669 164744 -999 0.1438655 0.01248589 0.6551633 0.1884853
  2 19 5 0 471 164744 0.005086477 0.164873 0.4066114 0.4234292 -999
  2 20 5 0 390 164744 -999 0.1664661 0.2801541 0.4085452 0.1448345
  2 21 5 0 248 164744 0.01882969 0.1690263 0.6072413 0.2049027 -999
  2 22 5 0 -999 164744 0.002750817 0.2265365 0.5276214 -999 0.2430912
  2 23 5 0 -999 164744 0.002396966 0.06525628 0.6264753 0.3058715 -999
  2 24 5 0 -999 164744 -999 0.2308443 0.4992475 0.2699083 -999
  2 25 5 0 126 164744 -999 0.1308555 0.4251169 0.4440276 -999
  2 26 5 0 215 164744 0.01639478 0.2346215 0.7489837 -999 -999
  2 27 5 0 -999 164744 0.02014017 0.2190502 0.7608096 -999 -999
  2 28 5 0 606 164744 0.01579373 0.1082057 0.2598882 0.6161123 -999
  2 29 5 0 1788 164744 0.001305926 0.218043 0.780651 -999 -999
  2 30 5 0 1183 164744 -999 0.3548181 0.3215921 0.3235897 -999
  2 31 5 0 468 164744 0.001965929 0.3229747 0.4050856 0.2699738 -999
  2 32 5 0 990 164744 0.02242415 0.1534451 0.3283652 0.4957656 -999
  2 33 5 0 1230 164744 0.01212073 0.498387 0.0695045 0.4199878 -999
  2 34 5 0 1452 164744 0.1092166 0.2665241 0.312983 0.3112763 -999
  2 35 5 0 2166 164744 0.01756223 0.5937331 0.3887046 -999 -999
  2 36 5 0 -999 164744 0.003594318 0.439533 0.3436646 0.2132081 -999
  2 37 5 0 10388 164744 0.483998 0.06556243 0.2357675 0.2146721 -999
  2 38 5 0 5008 164744 0.06790765 0.5343653 0.3977271 -999 -999
  2 39 5 0 2760 164744 0.06211898 0.4334632 0.0197823 0.4846356 -999
  2 40 5 0 6020 164744 0.01091546 0.7660332 0.2230514 -999 -999
  2 41 5 0 3450 164744 0.003370673 0.5320398 0.4645895 -999 -999
  2 1 6 0 200 164791 0.03317536 0.9668246 -999 -999 -999
  2 2 6 0 323 164791 0.06622197 0.8057337 0.1280443 -999 -999
  2 3 6 0 304 164791 0.02949166 0.9705083 -999 -999 -999
  2 4 6 0 362 164791 0.06219727 0.9378027 -999 -999 -999
  2 5 6 0 285 164791 0.04332811 0.395615 0.5610569 -999 -999
  2 6 6 0 3213 164791 0.06155626 0.9384437 -999 -999 -999
  2 7 6 0 6360 164791 0.3716439 0.6283561 -999 -999 -999
  2 8 6 0 6066 164791 0.3455313 0.6544687 -999 -999 -999
  2 9 6 0 1302 164791 0.03907089 0.4890516 0.4718775 -999 -999
  2 10 6 0 3026 164791 0.01995556 0.5835998 0.3964447 -999 -999
  2 11 6 0 2932 164791 0.02235398 0.977646 -999 -999 -999
  2 12 6 0 1040 164791 0.04175818 0.4629484 0.4952934 -999 -999
  2 13 6 0 2437 164791 0.03388231 0.9149045 0.05121316 -999 -999
  2 14 6 0 -999 164791 0.02972411 0.9702759 -999 -999 -999
  2 15 6 0 -999 164791 0.01789938 0.7063862 0.2757144 -999 -999
  2 16 6 0 1107 164791 0.1530969 0.4321167 0.4147864 -999 -999
  2 17 6 0 670 164791 0.03581108 0.9641889 -999 -999 -999
  2 18 6 0 589 164791 0.07279356 0.9272064 -999 -999 -999
  2 19 6 0 2883 164791 0.2773322 0.7226678 -999 -999 -999
  2 20 6 0 2554 164791 0.02198695 0.7521435 0.2258695 -999 -999
  2 21 6 0 358 164791 0.03302868 0.8985818 0.06838954 -999 -999
  2 22 6 0 -999 164791 0.3904797 0.6095203 -999 -999 -999
  2 23 6 0 -999 164791 0.006605314 0.9933947 -999 -999 -999
  2 24 6 0 -999 164791 0.1108054 0.8891946 -999 -999 -999
  2 25 6 0 388 164791 0.2708772 0.7291228 -999 -999 -999
  2 26 6 0 2316 164791 0.02556983 0.9744302 -999 -999 -999
  2 27 6 0 -999 164791 0.00171853 0.9982815 -999 -999 -999
  2 28 6 0 1518 164791 0.1212317 0.8787683 -999 -999 -999
  2 29 6 0 12167 164791 0.01527559 0.9847244 -999 -999 -999
  2 30 6 0 216 164791 0.03326091 0.9667391 -999 -999 -999
  2 31 6 0 1339 164791 0.4410665 0.5589335 -999 -999 -999
  2 32 6 0 2851 164791 0.02498433 0.9246333 0.05038235 -999 -999
  2 33 6 0 2243 164791 0.06363427 0.9363657 -999 -999 -999
  2 34 6 0 877 164791 0.05226071 0.9477393 -999 -999 -999
  2 35 6 0 879 164791 0.06689525 0.9331047 -999 -999 -999
  2 36 6 0 -999 164791 0.3133153 0.5781621 0.1085226 -999 -999
  2 37 6 0 332 164791 0.3571733 0.6428267 -999 -999 -999
  2 38 6 0 445 164791 0.01942501 0.980575 -999 -999 -999
  2 39 6 0 417 164791 0.1033015 0.8966985 -999 -999 -999
  2 40 6 0 186 164791 0.1900599 0.8099401 -999 -999 -999
  2 41 6 0 852 164791 0.1311699 0.8688301 -999 -999 -999
  2 1 7 0 20 160617 -999 0.09671105 0.9032889 -999 -999
  2 2 7 0 240 160617 -999 0.09738018 0.9026198 -999 -999
  2 3 7 0 995 160617 -999 0.3579049 0.6420951 -999 -999
  2 4 7 0 72 160617 0.001612581 0.1256975 0.8726899 -999 -999
  2 5 7 0 287 160617 0.001397221 0.05978465 0.7767097 0.1621085 -999
  2 6 7 0 751 160617 0.0006736296 0.05853559 0.737601 0.2031898 -999
  2 7 7 0 448 160617 0.0006320077 0.02953801 0.8818331 0.08799686 -999
  2 8 7 0 1273 160617 0.0005218132 0.1319974 0.7116486 0.1558322 -999
  2 9 7 0 2593 160617 0.00495367 0.08368982 0.8373752 0.07398129 -999
  2 10 7 0 347 160617 0.005196097 0.1057788 0.7189566 0.1700685 -999
  2 11 7 0 1441 160617 0.0006302154 0.130534 0.7039967 0.1648391 -999
  2 12 7 0 937 160617 0.00267082 0.06272913 0.5961448 0.3384552 -999
  2 13 7 0 4610 160617 0.0002727557 0.1202373 0.398508 0.480982 -999
  2 14 7 0 -999 160617 0.03669918 0.1459798 0.6391922 0.1781289 -999
  2 15 7 0 -999 160617 0.00626823 0.04206207 0.4479128 0.5037569 -999
  2 16 7 0 4278 160617 0.0312345 0.1345855 0.3520712 0.4821088 -999
  2 17 7 0 1085 160617 0.009732953 0.2917518 0.3216362 0.3768791 -999
  2 18 7 0 4079 160617 0.01666101 0.3515381 0.2334405 0.3983604 -999
  2 19 7 0 4221 160617 0.003777694 0.1864185 0.3207721 0.4890317 -999
  2 20 7 0 6243 160617 0.02220897 0.2426281 0.3169649 0.4181981 -999
  2 21 7 0 7321 160617 0.0167643 0.4074096 0.5758261 -999 -999
  2 22 7 0 -999 160617 0.06022292 0.3484702 0.2008402 0.3904667 -999
  2 23 7 0 -999 160617 0.001186343 0.5906271 0.2350172 0.1731693 -999
  2 24 7 0 -999 160617 0.02479595 0.2410012 0.5894327 0.1447701 -999
  2 25 7 0 5068 160617 0.02355133 0.4399997 0.4433335 0.09311545 -999
  2 26 7 0 6037 160617 0.005584102 0.3890788 0.5476739 0.05766319 -999
  2 27 7 0 -999 160617 0.05857501 0.3149571 0.6264679 -999 -999
  2 28 7 0 1735 160617 0.00463605 0.301791 0.693573 -999 -999
  2 29 7 0 2631 160617 0.001096092 0.4894461 0.5094578 -999 -999
  2 30 7 0 3002 160617 0.001152059 0.3271739 0.671674 -999 -999
  2 31 7 0 3421 160617 0.003310125 0.3799402 0.5509745 0.06577513 -999
  2 32 7 0 2717 160617 0.003007093 0.3575826 0.6394103 -999 -999
  2 33 7 0 348 160617 0.00134522 0.2095924 0.7209533 0.06810913 -999
  2 34 7 0 230 160617 -999 0.01913018 0.9808698 -999 -999
  2 35 7 0 4557 160617 0.005521504 0.5150874 0.4793911 -999 -999
  2 36 7 0 -999 160617 0.004255506 0.0165184 0.9792261 -999 -999
  2 37 7 0 137 160617 -999 0.034284 0.965716 -999 -999
  2 38 7 0 413 160617 0.005051594 0.00694376 0.9880046 -999 -999
  2 39 7 0 591 160617 0.003340151 0.001549456 0.9951104 -999 -999
  2 40 7 0 131 160617 0.004287086 -999 0.9957129 -999 -999
  2 41 7 0 42 160617 0.005869421 0.01024458 0.983886 -999 -999
  2 1 8 0 92 172905 0.001833112 0.1805992 0.8175677 -999 -999
  2 2 8 0 291 172905 -999 0.1442353 0.7199711 0.1357936 -999
  2 3 8 0 99 172905 0.001584363 0.08639711 0.8686691 0.04334945 -999
  2 4 8 0 159 172905 0.005392761 0.1037367 0.6362725 0.254598 -999
  2 5 8 0 236 172905 0.008904433 0.2305014 0.7605941 -999 -999
  2 6 8 0 95 172905 0.005030809 0.2479171 0.7470521 -999 -999
  2 7 8 0 235 172905 0.0003748396 0.1657979 0.7484616 0.08536565 -999
  2 8 8 0 96 172905 0.004892766 0.321687 0.6734203 -999 -999
  2 9 8 0 183 172905 0.004620034 0.2869126 0.7084674 -999 -999
  2 10 8 0 198 172905 0.00793155 0.5055306 0.4865378 -999 -999
  2 11 8 0 299 172905 0.005953607 0.2974129 0.644219 0.05241448 -999
  2 12 8 0 103 172905 0.001147681 0.1702613 0.751872 0.07671901 -999
  2 13 8 0 316 172905 0.004811718 0.1635001 0.6962591 0.1354291 -999
  2 14 8 0 -999 172905 0.009779928 0.330064 0.6601561 -999 -999
  2 15 8 0 -999 172905 0.003473676 0.2796971 0.6349886 0.08184065 -999
  2 16 8 0 524 172905 0.001665357 0.3806567 0.490506 0.1271719 -999
  2 17 8 0 466 172905 0.003763269 0.2087921 0.4752737 0.312171 -999
  2 18 8 0 394 172905 0.001682427 0.4098485 0.4261633 0.1623057 -999
  2 19 8 0 354 172905 0.009672075 0.272021 0.7183069 -999 -999
  2 20 8 0 246 172905 0.00767259 0.8739848 0.1183426 -999 -999
  2 21 8 0 346 172905 0.001479602 0.3176823 0.6808381 -999 -999
  2 22 8 0 -999 172905 0.002719872 0.3083409 0.6889392 -999 -999
  2 23 8 0 -999 172905 0.004796181 0.625077 0.3701269 -999 -999
  2 24 8 0 -999 172905 0.007314438 0.2652085 0.6534415 0.07403552 -999
  2 25 8 0 158 172905 0.003814272 0.5580818 0.438104 -999 -999
  2 26 8 0 78 172905 0.02646403 0.1297117 0.6095977 0.2342266 -999
  2 27 8 0 -999 172905 0.01117244 0.5232453 0.4655822 -999 -999
  2 28 8 0 168 172905 0.02456116 0.4577005 0.5177384 -999 -999
  2 29 8 0 173 172905 0.003293712 0.5235825 0.4731238 -999 -999
  2 30 8 0 124 172905 0.005759872 0.2259639 0.2320905 0.5361858 -999
  2 31 8 0 152 172905 0.002022285 0.2302469 0.7677308 -999 -999
  2 32 8 0 266 172905 0.006392267 0.1318882 0.8617195 -999 -999
  2 33 8 0 333 172905 0.008590368 0.520123 0.2541528 0.2171338 -999
  2 34 8 0 159 172905 0.005033249 0.1087182 0.6332067 0.2530419 -999
  2 35 8 0 345 172905 0.002080234 0.1225004 0.7600232 0.1153961 -999
  2 36 8 0 -999 172905 0.008792401 0.1101762 0.8810314 -999 -999
  2 37 8 0 45 172905 0.002300263 0.04354489 0.8209814 0.1331734 -999
  2 38 8 0 97 172905 0.01392702 0.3166782 0.6693948 -999 -999
  2 39 8 0 88 172905 0.004958656 0.1541671 0.8408743 -999 -999
  2 40 8 0 87 172905 0.004755171 0.1038848 0.6834245 0.2079355 -999
  2 41 8 0 546 172905 0.02740727 0.2863308 0.4688865 0.2173754 -999
  2 1 9 0 221 564145 -999 0.1374061 0.5560853 0.3065087 -999
  2 2 9 0 449 564145 -999 0.2132789 0.5082411 0.27848 -999
  2 3 9 0 261 564145 0.0003179502 0.08302611 0.449095 0.467561 -999
  2 4 9 0 504 564145 -999 0.1266636 0.5487613 0.3245752 -999
  2 5 9 0 519 564145 0.002952852 0.1547322 0.3833639 0.4589511 -999
  2 6 9 0 314 564145 0.001973981 0.1693616 0.5267692 0.03641208 0.2654831
  2 7 9 0 199 564145 -999 0.1681926 0.7597492 0.07205827 -999
  2 8 9 0 184 564145 0.000808511 0.09229831 0.6476357 0.2592575 -999
  2 9 9 0 151 564145 0.001951021 0.1044073 0.5410549 0.3525868 -999
  2 10 9 0 194 564145 0.0005544071 0.04842637 0.2838202 0.667199 -999
  2 11 9 0 371 564145 -999 0.006788992 0.4870339 0.5061771 -999
  2 12 9 0 142 564145 -999 0.01218662 0.05602436 0.8576624 0.07412666
  2 13 9 0 123 564145 0.0003712791 0.02233287 0.2668619 0.569122 0.141312
  2 14 9 0 -999 564145 0.002599573 0.1299779 0.1452134 0.6320658 0.09014332
  2 15 9 0 -999 564145 0.00147736 0.1455848 0.1667061 0.6862318 -999
  2 16 9 0 1016 564145 0.0004790506 0.1104168 0.2255015 0.6636026 -999
  2 17 9 0 701 564145 0.002732177 0.1074303 0.2514516 0.4951004 0.1432855
  2 18 9 0 2035 564145 0.008397911 0.3693793 0.1863027 0.4359201 -999
  2 19 9 0 1115 564145 0.003822497 0.2555328 0.3374628 0.3267161 0.07646579
  2 20 9 0 1314 564145 0.00289249 0.1586725 0.377466 0.2370519 0.2239171
  2 21 9 0 3395 564145 0.00582646 0.3058566 0.3140098 0.1530473 0.2212598
  2 22 9 0 -999 564145 0.001940572 0.1986817 0.1623618 0.4676536 0.1693623
  2 23 9 0 -999 564145 -999 0.3846785 0.0709541 0.447719 0.09664843
  2 24 9 0 -999 564145 0.0006831894 0.2257712 0.2273092 0.4615386 0.08469785
  2 25 9 0 1242 564145 -999 0.4188378 0.2274709 0.3536913 -999
  2 26 9 0 1004 564145 0.004865225 0.3874858 0.3104543 0.2971946 -999
  2 27 9 0 -999 564145 -999 0.2295283 0.1681047 0.2801631 0.3222038
  2 28 9 0 388 564145 -999 0.356916 0.3540314 0.178918 0.1101345
  2 29 9 0 911 564145 0.002122832 0.3066996 0.4675922 0.2235854 -999
  2 30 9 0 370 564145 0.0003762821 0.2919733 0.561095 0.1465554 -999
  2 31 9 0 279 564145 0.001268477 0.07564039 0.5591384 0.3639528 -999
  2 32 9 0 418 564145 0.0006954677 0.101556 0.6729251 0.2248235 -999
  2 33 9 0 400 564145 0.0002650229 0.1313756 0.5388426 0.3295168 -999
  2 34 9 0 542 564145 0.001615725 0.2874935 0.275999 0.4348918 -999
  2 35 9 0 251 564145 -999 0.1959398 0.3829187 0.4211415 -999
  2 36 9 0 -999 564145 -999 0.3004617 0.3594763 0.340062 -999
  2 37 9 0 216 564145 0.00017638 0.2185624 0.2558973 0.5253639 -999
  2 38 9 0 279 564145 0.0006188093 0.1964926 0.405491 0.3973976 -999
  2 39 9 0 453 564145 0.0009183284 0.313056 0.4521954 0.2338303 -999
  2 40 9 0 454 564145 -999 0.3749235 0.4680881 0.1569883 -999
  2 41 9 0 456 564145 -999 0.2470227 0.2952022 0.4577751 -999
  2 1 10 0 630 172909 0.00378397 0.5253632 0.4708528 -999 -999
  2 2 10 0 1186 172909 0.01035678 0.2630606 0.4925481 0.2340346 -999
  2 3 10 0 772 172909 0.002925571 0.3425936 0.4259553 0.2285255 -999
  2 4 10 0 852 172909 0.008395252 0.3394448 0.6521599 -999 -999
  2 5 10 0 942 172909 0.00536505 0.3781229 0.6165121 -999 -999
  2 6 10 0 594 172909 0.004673114 0.2162369 0.77909 -999 -999
  2 7 10 0 538 172909 0.009587097 0.3538516 0.6365613 -999 -999
  2 8 10 0 354 172909 0.007939584 0.2284979 0.7635625 -999 -999
  2 9 10 0 491 172909 0.005907127 0.3486408 0.6454521 -999 -999
  2 10 10 0 242 172909 0.00266248 0.2323715 0.764966 -999 -999
  2 11 10 0 257 172909 0.002803188 0.2617662 0.5807633 0.1546673 -999
  2 12 10 0 387 172909 0.002857225 0.1895619 0.7325729 0.07500792 -999
  2 13 10 0 702 172909 0.002364443 0.3828007 0.5136208 0.1012141 -999
  2 14 10 0 -999 172909 0.00106493 0.1862568 0.8126782 -999 -999
  2 15 10 0 -999 172909 0.0007197563 0.3790936 0.5690991 0.05108749 -999
  2 16 10 0 390 172909 0.00151529 0.1337201 0.8196029 0.0451617 -999
  2 17 10 0 171 172909 -999 0.05806132 0.9419387 -999 -999
  2 18 10 0 170 172909 0.003126775 0.1312001 0.8656731 -999 -999
  2 19 10 0 141 172909 0.003385809 0.1677908 0.67107 0.1577534 -999
  2 20 10 0 46 172909 -999 0.004146089 0.7323766 0.2634773 -999
  2 21 10 0 125 172909 0.00261601 0.1226368 0.7354146 0.1393326 -999
  2 22 10 0 -999 172909 0.0008613838 0.1882766 0.810862 -999 -999
  2 23 10 0 -999 172909 -999 0.08272503 0.8203021 0.09697289 -999
  2 24 10 0 -999 172909 0.009660679 0.02574696 0.9645924 -999 -999
  2 25 10 0 212 172909 0.001304417 0.2513243 0.6483003 0.09907098 -999
  2 26 10 0 63 172909 0.003303676 0.04093386 0.9557625 -999 -999
  2 27 10 0 -999 172909 -999 0.1927213 0.8072787 -999 -999
  2 28 10 0 366 172909 0.0006689009 0.3647148 0.6346163 -999 -999
  2 29 10 0 291 172909 0.001571083 0.1113192 0.8871097 -999 -999
  2 30 10 0 394 172909 0.00184757 0.1243598 0.7301197 0.1436729 -999
  2 31 10 0 285 172909 0.0007632845 0.3396155 0.585224 0.07439718 -999
  2 32 10 0 835 172909 0.005895764 0.3907157 0.6033886 -999 -999
  2 33 10 0 746 172909 0.002254217 0.2061298 0.791616 -999 -999
  2 34 10 0 582 172909 0.00019782 0.1694081 0.740475 0.08991909 -999
  2 35 10 0 1100 172909 0.01114462 0.1743137 0.8145417 -999 -999
  2 36 10 0 -999 172909 0.005070469 0.09101939 0.9039101 -999 -999
  2 37 10 0 184 172909 0.001153581 0.1546676 0.8441788 -999 -999
  2 38 10 0 380 172909 0.0006064013 0.2887734 0.3727726 0.3378477 -999
  2 39 10 0 318 172909 0.008487644 0.1725393 0.8189731 -999 -999
  2 40 10 0 1081 172909 0.004352715 0.6008326 0.3948146 -999 -999
  2 41 10 0 709 172909 0.0005001159 0.09208231 0.9074176 -999 -999
  3 42 1 0 590 164712 0.02691615 0.9730838 -999 -999 -999
  3 43 1 0 572 164712 0.02087042 0.3751258 0.6040038 -999 -999
  3 44 1 0 495 164712 0.03328975 0.1466688 0.8200414 -999 -999
  3 45 1 0 114 164712 0.0005428707 0.2883181 0.7111391 -999 -999
  3 46 1 0 255 164712 0.01404775 0.9859522 -999 -999 -999
  3 47 1 0 137 164712 0.1216754 0.8783246 -999 -999 -999
  3 48 1 0 351 164712 0.1192565 0.8807435 -999 -999 -999
  3 49 1 0 343 164712 0.001840162 0.9981598 -999 -999 -999
  3 50 1 0 -999 164712 0.006404388 0.2567211 0.7368745 -999 -999
  3 51 1 0 152 164712 0.01844888 0.7735379 0.2080132 -999 -999
  3 52 1 0 132 164712 0.1867738 0.8132262 -999 -999 -999
  3 42 2 0 22943 161722 -999 0.04069749 0.9593025 -999 -999
  3 43 2 0 7348 161722 0.00129444 0.6427687 0.3559368 -999 -999
  3 44 2 0 6900 161722 -999 0.003060896 0.9941865 0.002752615 -999
  3 45 2 0 4794 161722 -999 0.01502133 0.9849787 -999 -999
  3 46 2 0 112 161722 -999 0.07669983 0.9233002 -999 -999
  3 47 2 0 1785 161722 -999 -999 1 -999 -999
  3 48 2 0 707 161722 -999 -999 1 -999 -999
  3 49 2 0 34249 161722 -999 -999 1 -999 -999
  3 50 2 0 -999 161722 -999 -999 0.7707942 0.2292058 -999
  3 51 2 0 1135 161722 -999 -999 0.8410268 0.1589732 -999
  3 52 2 0 2613 161722 -999 0.7168333 0.2831667 -999 -999
  3 42 3 0 256 172414 -999 0.1266883 0.8733117 -999 -999
  3 43 3 0 29 172414 -999 0.7504322 0.2495678 -999 -999
  3 44 3 0 76 172414 -999 0.406269 0.593731 -999 -999
  3 45 3 0 293 172414 -999 0.07363998 0.92636 -999 -999
  3 46 3 0 10 172414 -999 0.1888618 0.8111382 -999 -999
  3 47 3 0 692 172414 -999 -999 1 -999 -999
  3 48 3 0 1084 172414 -999 0.003707431 0.9962926 -999 -999
  3 49 3 0 1525 172414 -999 0.02180175 0.9781982 -999 -999
  3 50 3 0 -999 172414 -999 0.8492741 0.1507259 -999 -999
  3 51 3 0 127 172414 -999 0.1459816 0.8540184 -999 -999
  3 52 3 0 4156 172414 -999 0.1076775 0.8923225 -999 -999
  3 42 4 0 26 164499 0.007316367 0.1107795 0.8819041 -999 -999
  3 43 4 0 55 164499 0.002887233 0.2617878 0.349916 0.385409 -999
  3 44 4 0 94 164499 0.01451647 0.2086863 0.6704934 0.1063038 -999
  3 45 4 0 82 164499 0.0005000094 0.174967 0.824533 -999 -999
  3 46 4 0 54 164499 0.002146222 0.0346686 0.9631852 -999 -999
  3 47 4 0 60 164499 0.001390538 0.1761781 0.6555708 0.1668606 -999
  3 48 4 0 200 164499 0.08587399 0.1094617 0.543447 0.2612173 -999
  3 49 4 0 125 164499 0.002101213 0.3473236 0.6505752 -999 -999
  3 50 4 0 -999 164499 0.002970783 0.1673411 0.8296881 -999 -999
  3 51 4 0 140 164499 0.01511007 0.1910953 0.7937946 -999 -999
  3 52 4 0 167 164499 0.0006690215 0.1340732 0.7547647 0.1104931 -999
  3 42 5 0 2598 164744 0.09505577 0.06652952 0.8384147 -999 -999
  3 43 5 0 14099 164744 1 -999 -999 -999 -999
  3 44 5 0 23538 164744 0.3232612 0.6767388 -999 -999 -999
  3 45 5 0 12108 164744 0.06255102 0.5963703 0.3410787 -999 -999
  3 46 5 0 169476 164744 0.998515 0.001484963 -999 -999 -999
  3 47 5 0 78798 164744 0.7197257 0.2802743 -999 -999 -999
  3 48 5 0 50026 164744 0.05626758 0.9437324 -999 -999 -999
  3 49 5 0 125999 164744 0.8323787 0.1676213 -999 -999 -999
  3 50 5 0 -999 164744 0.077883 0.922117 -999 -999 -999
  3 51 5 0 8334 164744 0.2303567 0.5391537 0.2304897 -999 -999
  3 52 5 0 1364 164744 0.159215 0.3159339 0.5248511 -999 -999
  3 42 6 0 18260 164791 0.137457 0.862543 -999 -999 -999
  3 43 6 0 15127 164791 0.1697096 0.8302904 -999 -999 -999
  3 44 6 0 18021 164791 0.1380411 0.8619589 -999 -999 -999
  3 45 6 0 21289 164791 0.2679727 0.7320273 -999 -999 -999
  3 46 6 0 50821 164791 0.3022244 0.6977756 -999 -999 -999
  3 47 6 0 13158 164791 0.03950315 0.9604969 -999 -999 -999
  3 48 6 0 5016 164791 0.01644107 0.9835589 -999 -999 -999
  3 49 6 0 12811 164791 0.01456359 0.9604663 0.02497008 -999 -999
  3 50 6 0 -999 164791 0.5817735 0.4182265 -999 -999 -999
  3 51 6 0 21474 164791 0.2180951 0.761165 0.02073986 -999 -999
  3 52 6 0 54379 164791 0.6228701 0.3771299 -999 -999 -999
  3 42 7 0 5575 160617 0.003423693 0.3380599 0.6585164 -999 -999
  3 43 7 0 16511 160617 0.01137204 0.4309734 0.5576546 -999 -999
  3 44 7 0 15444 160617 0.09560121 0.417355 0.4870438 -999 -999
  3 45 7 0 59684 160617 0.0525394 0.7308818 0.2165788 -999 -999
  3 46 7 0 46094 160617 0.01516893 0.9160531 0.06877796 -999 -999
  3 47 7 0 18737 160617 0.02926713 0.9127283 0.05800462 -999 -999
  3 48 7 0 10709 160617 0.001744777 0.761961 0.2362942 -999 -999
  3 49 7 0 10176 160617 0.002422588 0.815264 0.1823134 -999 -999
  3 50 7 0 -999 160617 0.00624057 0.9407291 0.05303031 -999 -999
  3 51 7 0 10040 160617 -999 0.8532592 0.1467408 -999 -999
  3 52 7 0 27101 160617 0.0009017783 0.8255627 0.1735355 -999 -999
  3 42 8 0 1174 172905 0.004495472 0.3181806 0.677324 -999 -999
  3 43 8 0 1169 172905 0.001961087 0.2746036 0.7234353 -999 -999
  3 44 8 0 1019 172905 0.01061301 0.2038252 0.7855618 -999 -999
  3 45 8 0 1578 172905 0.01365526 0.301954 0.6843907 -999 -999
  3 46 8 0 491 172905 0.0002725189 0.291756 0.6254473 0.08252418 -999
  3 47 8 0 190 172905 -999 0.1183314 0.6792372 0.2024314 -999
  3 48 8 0 678 172905 0.0004226205 0.2862207 0.7133567 -999 -999
  3 49 8 0 344 172905 0.003194258 0.1229096 0.6583376 0.2155585 -999
  3 50 8 0 -999 172905 0.001196038 0.04599614 0.4410659 0.5117419 -999
  3 51 8 0 218 172905 0.005286377 0.08868212 0.9060315 -999 -999
  3 52 8 0 352 172905 0.007479329 0.2226705 0.537302 0.2325482 -999
  3 42 9 0 2722 564145 -999 0.3518818 0.5972386 0.05087967 -999
  3 43 9 0 3162 564145 0.0003888598 0.3090205 0.278046 0.4125446 -999
  3 44 9 0 2488 564145 0.009304289 0.7716932 0.1185901 0.1004124 -999
  3 45 9 0 3081 564145 0.00522571 0.7629362 0.04741626 0.1844218 -999
  3 46 9 0 2878 564145 0.00901405 0.4508578 0.1859188 0.3542094 -999
  3 47 9 0 3649 564145 0.0005218394 0.8880349 0.1114432 -999 -999
  3 48 9 0 2105 564145 0.0004228385 0.4322553 0.5673218 -999 -999
  3 49 9 0 2441 564145 0.00246247 0.3137907 0.6837468 -999 -999
  3 50 9 0 -999 564145 0.002658828 0.1198679 0.7801434 0.09732989 -999
  3 51 9 0 1865 564145 0.003287785 0.2271138 0.4159024 0.353696 -999
  3 52 9 0 3778 564145 0.01526144 0.6906242 0.1812459 0.1128684 -999
  3 42 10 0 2077 172909 -999 0.264387 0.735613 -999 -999
  3 43 10 0 1030 172909 6.736649e-05 0.1131797 0.7791053 0.1076477 -999
  3 44 10 0 912 172909 0.0005447202 0.2751568 0.7242985 -999 -999
  3 45 10 0 879 172909 0.0003670604 0.1990816 0.8005513 -999 -999
  3 46 10 0 389 172909 0.0005696576 0.1242429 0.8213366 0.05385094 -999
  3 47 10 0 437 172909 -999 0.1128705 0.8871295 -999 -999
  3 48 10 0 160 172909 0.0004720343 0.01601214 0.8248845 0.1586313 -999
  3 49 10 0 364 172909 0.0001657973 0.162915 0.8369192 -999 -999
  3 50 10 0 -999 172909 0.008608118 0.1213846 0.8700073 -999 -999
  3 51 10 0 241 172909 0.01022569 0.3709111 0.6188632 -999 -999
  3 52 10 0 292 172909 0.002665061 0.846497 0.150838 -999 -999
  4 42 1 0 662 164712 0.07259495 0.403404 0.524001 -999 -999
  4 43 1 0 270 164712 0.01486153 0.3975032 0.5876352 -999 -999
  4 44 1 0 187 164712 0.02016525 0.4662121 0.5136226 -999 -999
  4 45 1 0 278 164712 0.03934477 0.6743881 0.2862671 -999 -999
  4 46 1 0 792 164712 0.04825485 0.9517452 -999 -999 -999
  4 47 1 0 210 164712 0.05410713 0.8808375 0.06505536 -999 -999
  4 48 1 0 149 164712 0.08950947 0.6082176 0.3022729 -999 -999
  4 49 1 0 485 164712 0.01728457 0.9237202 0.05899528 -999 -999
  4 50 1 0 513 164712 0.02711187 0.7644512 0.2084369 -999 -999
  4 51 1 0 160 164712 0.02250637 0.2367705 0.7407231 -999 -999
  4 52 1 0 597 164712 0.05143733 0.9485627 -999 -999 -999
  4 42 2 0 871 161722 0.0002072038 0.2247643 0.6479953 0.1270332 -999
  4 43 2 0 27932 161722 -999 0.8454879 0.09671069 0.05780144 -999
  4 44 2 0 37726 161722 -999 0.5710814 0.4143791 0.01453943 -999
  4 45 2 0 13146 161722 0.008436852 -999 0.9915631 -999 -999
  4 46 2 0 27155 161722 -999 0.8871851 0.1128149 -999 -999
  4 47 2 0 14133 161722 -999 0.02953455 0.9704655 -999 -999
  4 48 2 0 8919 161722 -999 0.04147716 0.900058 0.05846486 -999
  4 49 2 0 1284 161722 -999 0.03129666 0.9687033 -999 -999
  4 50 2 0 7126 161722 0.006982343 0.02886953 0.8837079 0.08044027 -999
  4 51 2 0 223 161722 0.002982341 0.08780293 0.7385403 0.1706744 -999
  4 52 2 0 3311 161722 0.007733435 -999 0.9922666 -999 -999
  4 42 3 0 552 172414 -999 0.3017803 0.6982197 -999 -999
  4 43 3 0 657 172414 -999 0.3419159 0.6580841 -999 -999
  4 44 3 0 187 172414 -999 0.1091738 0.8908262 -999 -999
  4 45 3 0 8849 172414 -999 0.8637622 0.1362378 -999 -999
  4 46 3 0 1721 172414 -999 0.5260366 0.4739634 -999 -999
  4 47 3 0 317 172414 -999 0.241882 0.758118 -999 -999
  4 48 3 0 9667 172414 -999 0.8285714 0.1714286 -999 -999
  4 49 3 0 2028 172414 -999 0.07338682 0.9266132 -999 -999
  4 50 3 0 10903 172414 -999 0.8001903 0.1998097 -999 -999
  4 51 3 0 1216 172414 -999 0.2133246 0.7581496 0.02852577 -999
  4 52 3 0 5578 172414 -999 0.4244191 0.5755809 -999 -999
  4 42 4 0 44 164499 0.02379295 0.3906852 0.5855219 -999 -999
  4 43 4 0 8 164499 0.01624142 0.1073348 0.07427003 0.8021538 -999
  4 44 4 0 46 164499 0.003463127 0.4263247 0.5702122 -999 -999
  4 45 4 0 25 164499 0.008345989 0.2534798 0.508483 0.2296912 -999
  4 46 4 0 84 164499 0.004413017 0.221796 0.3604011 0.4133899 -999
  4 47 4 0 30 164499 0.005517447 0.1540665 0.6567536 0.1836624 -999
  4 48 4 0 33 164499 0.01515897 0.06840806 0.916433 -999 -999
  4 49 4 0 147 164499 0.01364803 0.6618727 0.1731789 0.1513004 -999
  4 50 4 0 142 164499 0.004559261 0.5998004 0.3956404 -999 -999
  4 51 4 0 136 164499 -999 0.1490869 0.8256688 0.02524434 -999
  4 52 4 0 63 164499 0.006383825 0.2551235 0.2685698 0.4699229 -999
  4 42 5 0 2998 164744 -999 0.3644706 0.6355294 -999 -999
  4 43 5 0 2378 164744 0.0188711 0.169308 0.8118209 -999 -999
  4 44 5 0 12298 164744 0.6395602 0.03876942 0.3216704 -999 -999
  4 45 5 0 15361 164744 0.32827 0.6168939 0.05483619 -999 -999
  4 46 5 0 10219 164744 0.174798 0.6163 0.208902 -999 -999
  4 47 5 0 113921 164744 0.9847029 0.01529713 -999 -999 -999
  4 48 5 0 62579 164744 0.07030568 0.9296943 -999 -999 -999
  4 49 5 0 27692 164744 0.5226063 0.4773937 -999 -999 -999
  4 50 5 0 16779 164744 0.333687 0.6034897 0.06282325 -999 -999
  4 51 5 0 7715 164744 0.08476775 0.6877775 0.2274547 -999 -999
  4 52 5 0 6553 164744 0.0542125 0.6033765 0.342411 -999 -999
  4 42 6 0 10819 164791 0.01762867 0.9823713 -999 -999 -999
  4 43 6 0 14971 164791 0.8709331 0.1290669 -999 -999 -999
  4 44 6 0 24124 164791 0.3768108 0.6231892 -999 -999 -999
  4 45 6 0 25640 164791 0.8145943 0.1422603 0.04314537 -999 -999
  4 46 6 0 27462 164791 0.05483421 0.9451658 -999 -999 -999
  4 47 6 0 24309 164791 0.4769449 0.5075589 0.01549621 -999 -999
  4 48 6 0 12508 164791 0.02139037 0.9535019 0.02510771 -999 -999
  4 49 6 0 11045 164791 0.1181024 0.8674264 0.01447112 -999 -999
  4 50 6 0 7450 164791 0.1196677 0.8803323 -999 -999 -999
  4 51 6 0 7287 164791 0.4754897 0.5245103 -999 -999 -999
  4 52 6 0 11812 164791 0.5651097 0.4348903 -999 -999 -999
  4 42 7 0 154 160617 0.003649435 0.07268495 0.9236656 -999 -999
  4 43 7 0 124 160617 0.006360773 0.02133288 0.9723063 -999 -999
  4 44 7 0 1798 160617 0.0942732 0.3338252 0.5719016 -999 -999
  4 45 7 0 755 160617 0.02599314 0.08101387 0.892993 -999 -999
  4 46 7 0 632 160617 0.1142323 0.4637413 0.4220265 -999 -999
  4 47 7 0 5616 160617 0.004969591 0.6784639 0.3165665 -999 -999
  4 48 7 0 530 160617 0.147087 0.852913 -999 -999 -999
  4 49 7 0 7758 160617 0.01157308 0.5178924 0.4705345 -999 -999
  4 50 7 0 47 160617 0.03102446 0.1981938 0.7707818 -999 -999
  4 51 7 0 2240 160617 -999 0.3404497 0.6595503 -999 -999
  4 52 7 0 15 160617 -999 0.1807443 0.8192557 -999 -999
  4 42 8 0 537 172905 0.01702894 0.413828 0.569143 -999 -999
  4 43 8 0 429 172905 0.006253577 0.2440298 0.5738957 0.175821 -999
  4 44 8 0 271 172905 0.02211493 0.2582195 0.7196656 -999 -999
  4 45 8 0 485 172905 0.01090039 0.3397584 0.6493412 -999 -999
  4 46 8 0 455 172905 0.01081776 0.2488816 0.6139297 0.1263709 -999
  4 47 8 0 468 172905 0.007291488 0.2513687 0.7413398 -999 -999
  4 48 8 0 148 172905 0.009156005 0.09967966 0.7998435 0.09132088 -999
  4 49 8 0 422 172905 0.02257047 0.05645847 0.9209711 -999 -999
  4 50 8 0 587 172905 0.01137547 0.1501868 0.6423394 0.1960984 -999
  4 51 8 0 163 172905 0.01786198 0.03193751 0.7619718 0.1882287 -999
  4 52 8 0 103 172905 0.002848267 0.07678011 0.5564428 0.3639289 -999
  4 42 9 0 2641 564145 0.004859058 0.2661314 0.4870909 0.2419186 -999
  4 43 9 0 1066 564145 0.002276151 0.310542 0.2822698 0.4049121 -999
  4 44 9 0 1838 564145 0.001459461 0.3016906 0.3649494 0.3319005 -999
  4 45 9 0 2837 564145 0.0029823 0.389855 0.2257467 0.381416 -999
  4 46 9 0 2522 564145 0.01066955 0.4779653 0.2462768 0.2650883 -999
  4 47 9 0 2189 564145 0.0007204062 0.5000849 0.1687683 0.3304263 -999
  4 48 9 0 2065 564145 0.003963655 0.4981989 0.2896351 0.2082024 -999
  4 49 9 0 1249 564145 0.001911395 0.210542 0.5919131 0.1956336 -999
  4 50 9 0 1874 564145 -999 0.1389244 0.5814623 0.2796134 -999
  4 51 9 0 1099 564145 -999 0.09700835 0.5110491 0.3919425 -999
  4 52 9 0 2649 564145 0.009598414 0.2069758 0.6127389 0.1706868 -999
  4 42 10 0 1510 172909 0.006545619 0.07717048 0.9162839 -999 -999
  4 43 10 0 1804 172909 0.002302895 0.2007072 0.7969899 -999 -999
  4 44 10 0 870 172909 0.002848868 0.1557394 0.8414117 -999 -999
  4 45 10 0 1126 172909 0.01174287 0.1088385 0.8794187 -999 -999
  4 46 10 0 448 172909 0.004893275 0.08421367 0.8671975 0.04369556 -999
  4 47 10 0 214 172909 0.003281396 0.2083466 0.788372 -999 -999
  4 48 10 0 186 172909 0.002148786 0.1310438 0.8668074 -999 -999
  4 49 10 0 240 172909 0.002787053 0.03509522 0.8952014 0.06691633 -999
  4 50 10 0 88 172909 0.003121477 0.03114256 0.8605666 0.1051693 -999
  4 51 10 0 25 172909 0.007506464 0.08422531 0.4598265 0.4484417 -999
  4 52 10 0 206 172909 0.03495764 0.051991 0.9130514 -999 -999
# end survey length observations 
#  
# Fishery catch data 
# Number of observations, init_int Ncatch_obs
  520
# init_matrix obs_catch_biomass(1,Ncatch_obs,1,6) 
# Fleet	Area	Year	Species	Catch(biomass t)	CV 
  1 1 1 1 27128.4705864876 0.05
  1 1 2 1 22507.371895514 0.05
  1 1 3 1 14579.5634511079 0.05
  1 1 4 1 15779.6705982798 0.05
  1 1 5 1 15378.5560296128 0.05
  1 1 6 1 17210.2414522163 0.05
  1 1 7 1 14958.9077698692 0.05
  1 1 8 1 14152.395725996 0.05
  1 1 9 1 11059.1299563796 0.05
  1 1 10 1 13483.7261057778 0.05
  1 1 11 1 17350.0256202777 0.05
  1 1 12 1 17853.0582765076 0.05
  1 1 13 1 24001.1482556493 0.05
  1 1 14 1 20101.4686548759 0.05
  1 1 15 1 29158.4259626596 0.05
  1 1 16 1 23111.9132190529 0.05
  1 1 17 1 15830.2347563758 0.05
  1 1 18 1 23906.2335842259 0.05
  1 1 19 1 17559.4539075942 0.05
  1 1 20 1 20203.3435924506 0.05
  1 1 21 1 25782.8195811783 0.05
  1 1 22 1 21093.6134103244 0.05
  1 1 23 1 28417.3976726207 0.05
  1 1 24 1 25521.9739872109 0.05
  1 1 25 1 19653.1786062495 0.05
  1 1 26 1 15679.5457910602 0.05
  1 1 27 1 9684.87219051858 0.05
  1 1 28 1 4631.60830501546 0.05
  1 1 29 1 5645.64037219919 0.05
  1 1 30 1 6490.83287586803 0.05
  1 1 31 1 5428.37913841999 0.05
  1 1 32 1 6159.63906817499 0.05
  1 1 33 1 5726.6013940504 0.05
  1 1 34 1 8040.88312839125 0.05
  1 1 35 1 6608.81111708538 0.05
  1 1 36 1 7792.39569235524 0.05
  1 1 37 1 3087.0748664214 0.05
  1 1 38 1 2260.82474229225 0.05
  1 1 39 1 2558.63396553097 0.05
  1 1 40 1 3806.53712219672 0.05
  1 1 41 1 5067.78127029375 0.05
  1 1 42 1 4096.84282185017 0.05
  1 1 43 1 2357.78226345762 0.05
  1 1 44 1 2489.21170471604 0.05
  1 1 45 1 1403.66167371651 0.05
  1 1 46 1 686.986410002788 0.05
  1 1 47 1 1115.64403568413 0.05
  1 1 48 1 1043.38232657067 0.05
  1 1 49 1 883.015820848177 0.05
  1 1 50 1 626.020550314572 0.05
  1 1 51 1 719.155301970205 0.05
  1 1 52 1 374.454652246033 0.05
  1 1 1 4 2903.70855010812 0.05
  1 1 2 4 2015.02656234286 0.05
  1 1 3 4 1720.1978989388 0.05
  1 1 4 4 3816.1146087752 0.05
  1 1 5 4 3960.61597153137 0.05
  1 1 6 4 6382.58313574682 0.05
  1 1 7 4 2227.44021369532 0.05
  1 1 8 4 3670.00705844892 0.05
  1 1 9 4 2384.32656931665 0.05
  1 1 10 4 2212.82842587076 0.05
  1 1 11 4 2042.76892570428 0.05
  1 1 12 4 1957.97459342967 0.05
  1 1 13 4 1766.45891224931 0.05
  1 1 14 4 1721.54352139648 0.05
  1 1 15 4 1737.45888548542 0.05
  1 1 16 4 1265.83666877176 0.05
  1 1 17 4 1362.71071030978 0.05
  1 1 18 4 2409.21103554926 0.05
  1 1 19 4 2273.56176812175 0.05
  1 1 20 4 2488.86702259688 0.05
  1 1 21 4 3542.86852297272 0.05
  1 1 22 4 5319.64518597664 0.05
  1 1 23 4 5443.28414173202 0.05
  1 1 24 4 3559.05667631723 0.05
  1 1 25 4 4405.88398383039 0.05
  1 1 26 4 5896.15835507386 0.05
  1 1 27 4 4128.51189127099 0.05
  1 1 28 4 4333.23069011525 0.05
  1 1 29 4 4159.21596430029 0.05
  1 1 30 4 4505.69532233229 0.05
  1 1 31 4 3719.86834451515 0.05
  1 1 32 4 4451.30744573282 0.05
  1 1 33 4 4136.86385332967 0.05
  1 1 34 4 3821.11935286806 0.05
  1 1 35 4 3922.29456837985 0.05
  1 1 36 4 4499.99590141154 0.05
  1 1 37 4 3317.46574412209 0.05
  1 1 38 4 3859.81739779621 0.05
  1 1 39 4 3697.77245860119 0.05
  1 1 40 4 2092.15419790887 0.05
  1 1 41 4 1696.61338336257 0.05
  1 1 42 4 1277.46469907149 0.05
  1 1 43 4 942.41531395681 0.05
  1 1 44 4 1183.91017612116 0.05
  1 1 45 4 1749.43821492573 0.05
  1 1 46 4 1028.27159254286 0.05
  1 1 47 4 1134.41450437719 0.05
  1 1 48 4 1205.55151032299 0.05
  1 1 49 4 1546.51529841208 0.05
  1 1 50 4 1850.04604411213 0.05
  1 1 51 4 1434.9412066939 0.05
  1 1 52 4 1155.68987107764 0.05
  1 1 1 5 24946.0968959556 0.05
  1 1 2 5 15175.673964717 0.05
  1 1 3 5 10431.8552918851 0.05
  1 1 4 5 13235.4137287111 0.05
  1 1 5 5 13987.9725454036 0.05
  1 1 6 5 14757.2933698929 0.05
  1 1 7 5 10521.9163527826 0.05
  1 1 8 5 10250.4847056378 0.05
  1 1 9 5 7640.24657909112 0.05
  1 1 10 5 6987.7028784075 0.05
  1 1 11 5 12026.0100188049 0.05
  1 1 12 5 8643.45037397193 0.05
  1 1 13 5 14171.9957261077 0.05
  1 1 14 5 10505.1969777613 0.05
  1 1 15 5 8160.28821931575 0.05
  1 1 16 5 5740.20710789185 0.05
  1 1 17 5 3801.47844718377 0.05
  1 1 18 5 6345.96832074433 0.05
  1 1 19 5 6106.36424376783 0.05
  1 1 20 5 6255.06199737925 0.05
  1 1 21 5 7783.07606359424 0.05
  1 1 22 5 3621.3988898935 0.05
  1 1 23 5 4524.40670503983 0.05
  1 1 24 5 5686.9762147796 0.05
  1 1 25 5 4805.45998155893 0.05
  1 1 26 5 3783.89840590722 0.05
  1 1 27 5 14022.933231856 0.05
  1 1 28 5 2208.83640774923 0.05
  1 1 29 5 3495.36631352954 0.05
  1 1 30 5 2631.08691045477 0.05
  1 1 31 5 4192.10089081753 0.05
  1 1 32 5 4030.57469862199 0.05
  1 1 33 5 5670.65218030235 0.05
  1 1 34 5 7381.90964082729 0.05
  1 1 35 5 8298.56641605691 0.05
  1 1 36 5 8828.90681659024 0.05
  1 1 37 5 13538.5144923752 0.05
  1 1 38 5 14645.4241625106 0.05
  1 1 39 5 11672.2443664151 0.05
  1 1 40 5 12320.9145154443 0.05
  1 1 41 5 6784.39120188246 0.05
  1 1 42 5 6623.75754300885 0.05
  1 1 43 5 19040.8907491182 0.05
  1 1 44 5 12712.1991273665 0.05
  1 1 45 5 5145.88454627059 0.05
  1 1 46 5 1008.8987028596 0.05
  1 1 47 5 13064.1390963248 0.05
  1 1 48 5 14067.0416027864 0.05
  1 1 49 5 12393.4910937632 0.05
  1 1 50 5 11386.2332926438 0.05
  1 1 51 5 11388.7323401213 0.05
  1 1 52 5 2326.01924100198 0.05
  1 1 1 6 37207.3307432345 0.05
  1 1 2 6 37772.9451825101 0.05
  1 1 3 6 29465.1807987182 0.05
  1 1 4 6 63582.0974576823 0.05
  1 1 5 6 75092.4139505602 0.05
  1 1 6 6 74565.1073440131 0.05
  1 1 7 6 67555.8998323171 0.05
  1 1 8 6 57671.753855475 0.05
  1 1 9 6 41494.3484524952 0.05
  1 1 10 6 33042.93240786 0.05
  1 1 11 6 12107.7208590261 0.05
  1 1 12 6 3723.41354949517 0.05
  1 1 13 6 4456.90691017534 0.05
  1 1 14 6 4043.44214024169 0.05
  1 1 15 6 7795.40731923673 0.05
  1 1 16 6 6850.3996998903 0.05
  1 1 17 6 5314.68252954344 0.05
  1 1 18 6 5369.53285639251 0.05
  1 1 19 6 5824.02571570364 0.05
  1 1 20 6 5705.59915498491 0.05
  1 1 21 6 8148.60661264748 0.05
  1 1 22 6 9737.06829462589 0.05
  1 1 23 6 8018.66065339622 0.05
  1 1 24 6 7669.55311572882 0.05
  1 1 25 6 6675.80205147179 0.05
  1 1 26 6 18304.2774382615 0.05
  1 1 27 6 17124.1238439075 0.05
  1 1 28 6 2744.46199838023 0.05
  1 1 29 6 4884.82871896474 0.05
  1 1 30 6 6493.25367769453 0.05
  1 1 31 6 9775.21182438406 0.05
  1 1 32 6 6268.7014838361 0.05
  1 1 33 6 11887.6805618574 0.05
  1 1 34 6 4313.77893860191 0.05
  1 1 35 6 2193.72525355894 0.05
  1 1 36 6 5382.28844914943 0.05
  1 1 37 6 3838.69529900489 0.05
  1 1 38 6 3600.48587513511 0.05
  1 1 39 6 2051.01701292849 0.05
  1 1 40 6 2051.70041740293 0.05
  1 1 41 6 4595.55981988409 0.05
  1 1 42 6 3572.95064212997 0.05
  1 1 43 6 3739.56525803874 0.05
  1 1 44 6 4074.04715165339 0.05
  1 1 45 6 2895.07860289775 0.05
  1 1 46 6 3394.77227947448 0.05
  1 1 47 6 3683.37467407689 0.05
  1 1 48 6 2998.84536447918 0.05
  1 1 49 6 2840.40980023918 0.05
  1 1 50 6 2283.55066256314 0.05
  1 1 51 6 2072.77364049667 0.05
  1 1 52 6 1931.63299852396 0.05
  1 1 1 7 18208.6880004907 0.05
  1 1 2 7 16580.2562760588 0.05
  1 1 3 7 15132.3442435196 0.05
  1 1 4 7 21681.0151427022 0.05
  1 1 5 7 26447.8421613201 0.05
  1 1 6 7 29457.4146430688 0.05
  1 1 7 7 20989.9710799988 0.05
  1 1 8 7 18390.9901732575 0.05
  1 1 9 7 13608.3880869429 0.05
  1 1 10 7 6520.37292471058 0.05
  1 1 11 7 6005.5381350045 0.05
  1 1 12 7 5000.39744939462 0.05
  1 1 13 7 6958.30020298246 0.05
  1 1 14 7 6847.20442048414 0.05
  1 1 15 7 8671.53952595457 0.05
  1 1 16 7 8372.18047930161 0.05
  1 1 17 7 6544.63739484756 0.05
  1 1 18 7 6711.06446822866 0.05
  1 1 19 7 6690.77420571481 0.05
  1 1 20 7 7019.43314900859 0.05
  1 1 21 7 8509.97817487895 0.05
  1 1 22 7 11244.7410747459 0.05
  1 1 23 7 16334.9543808152 0.05
  1 1 24 7 16999.7020929718 0.05
  1 1 25 7 10547.3831228215 0.05
  1 1 26 7 6565.34633465736 0.05
  1 1 27 7 15561.1465363664 0.05
  1 1 28 7 8486.16698131269 0.05
  1 1 29 7 9356.91464028691 0.05
  1 1 30 7 13635.403932731 0.05
  1 1 31 7 5734.67601533309 0.05
  1 1 32 7 5230.32299451817 0.05
  1 1 33 7 9756.70737253154 0.05
  1 1 34 7 8872.45130580666 0.05
  1 1 35 7 7961.31488085209 0.05
  1 1 36 7 5737.33068886666 0.05
  1 1 37 7 4002.17763302246 0.05
  1 1 38 7 1970.38804364801 0.05
  1 1 39 7 6265.93263869158 0.05
  1 1 40 7 3864.16370814335 0.05
  1 1 41 7 2272.16005379502 0.05
  1 1 42 7 4078.18235642461 0.05
  1 1 43 7 3169.58171955526 0.05
  1 1 44 7 3606.96382159409 0.05
  1 1 45 7 4524.17873746803 0.05
  1 1 46 7 3349.65815475033 0.05
  1 1 47 7 5238.85366428384 0.05
  1 1 48 7 4738.63877808637 0.05
  1 1 49 7 6350.33841593054 0.05
  1 1 50 7 5083.74387194457 0.05
  1 1 51 7 3783.24165278369 0.05
  1 1 52 7 2868.57019491606 0.05
  1 1 1 8 5247.55471798791 0.05
  1 1 2 8 8957.85945342909 0.05
  1 1 3 8 6697.86960204043 0.05
  1 1 4 8 8262.94865334427 0.05
  1 1 5 8 8661.39621432006 0.05
  1 1 6 8 7634.40925061427 0.05
  1 1 7 8 5551.46888670354 0.05
  1 1 8 8 5956.54610225672 0.05
  1 1 9 8 4240.83636660314 0.05
  1 1 10 8 4238.10947788812 0.05
  1 1 11 8 4611.49943063341 0.05
  1 1 12 8 4360.92188803649 0.05
  1 1 13 8 7639.6817646428 0.05
  1 1 14 8 7705.78930094411 0.05
  1 1 15 8 5807.1263337513 0.05
  1 1 16 8 5927.21736979804 0.05
  1 1 17 8 5438.00491459915 0.05
  1 1 18 8 4856.39318060199 0.05
  1 1 19 8 3850.03868816135 0.05
  1 1 20 8 4687.92446009906 0.05
  1 1 21 8 4529.20033810901 0.05
  1 1 22 8 3604.22080702678 0.05
  1 1 23 8 3939.2452532381 0.05
  1 1 24 8 4288.07016368648 0.05
  1 1 25 8 3452.70038584868 0.05
  1 1 26 8 4351.4464833484 0.05
  1 1 27 8 2026.66976058194 0.05
  1 1 28 8 2554.89594231682 0.05
  1 1 29 8 2780.87396770659 0.05
  1 1 30 8 3503.22964067549 0.05
  1 1 31 8 3111.74379340277 0.05
  1 1 32 8 2610.81210328695 0.05
  1 1 33 8 3144.26301935844 0.05
  1 1 34 8 5392.67716091968 0.05
  1 1 35 8 3587.35222302206 0.05
  1 1 36 8 4469.63471097948 0.05
  1 1 37 8 3253.37376948848 0.05
  1 1 38 8 2312.64710245917 0.05
  1 1 39 8 1367.38776904391 0.05
  1 1 40 8 1342.40038106464 0.05
  1 1 41 8 2408.37989637503 0.05
  1 1 42 8 2298.00323562514 0.05
  1 1 43 8 1543.97002999483 0.05
  1 1 44 8 1777.81199351131 0.05
  1 1 45 8 1802.89552623697 0.05
  1 1 46 8 1746.05327770018 0.05
  1 1 47 8 1210.48648141178 0.05
  1 1 48 8 1029.05884414854 0.05
  1 1 49 8 633.025011182021 0.05
  1 1 50 8 557.519774650389 0.05
  1 1 51 8 486.456020762088 0.05
  1 1 52 8 311.170535708394 0.05
  1 1 1 9 55788.7925834075 0.05
  1 1 2 9 52869.7392617241 0.05
  1 1 3 9 47173.4348165142 0.05
  1 1 4 9 70161.4834252043 0.05
  1 1 5 9 89442.5247787262 0.05
  1 1 6 9 94798.3918391213 0.05
  1 1 7 9 65160.9973767999 0.05
  1 1 8 9 62595.743212478 0.05
  1 1 9 9 44839.6396528877 0.05
  1 1 10 9 21163.0030546401 0.05
  1 1 11 9 14848.3079476267 0.05
  1 1 12 9 10898.9253354963 0.05
  1 1 13 9 15222.7542433501 0.05
  1 1 14 9 13103.0217278141 0.05
  1 1 15 9 11946.5454092709 0.05
  1 1 16 9 9513.92118156222 0.05
  1 1 17 9 5745.12537138069 0.05
  1 1 18 9 9661.03344162297 0.05
  1 1 19 9 8627.74318885715 0.05
  1 1 20 9 9305.49789437595 0.05
  1 1 21 9 10575.6477821873 0.05
  1 1 22 9 3874.99342855222 0.05
  1 1 23 9 13358.4936132869 0.05
  1 1 24 9 12810.093211281 0.05
  1 1 25 9 11150.0622748726 0.05
  1 1 26 9 9471.61026080935 0.05
  1 1 27 9 8911.9360539131 0.05
  1 1 28 9 4866.16539858224 0.05
  1 1 29 9 9003.86948770408 0.05
  1 1 30 9 2527.63981760822 0.05
  1 1 31 9 7951.29571605753 0.05
  1 1 32 9 7650.20989224225 0.05
  1 1 33 9 6679.32089731125 0.05
  1 1 34 9 30865.7239271292 0.05
  1 1 35 9 10261.3784963641 0.05
  1 1 36 9 31227.100224418 0.05
  1 1 37 9 10601.6612409401 0.05
  1 1 38 9 8867.36928159482 0.05
  1 1 39 9 8116.59792368344 0.05
  1 1 40 9 15390.8204200883 0.05
  1 1 41 9 13443.8767956523 0.05
  1 1 42 9 22163.5083873474 0.05
  1 1 43 9 16151.6147556563 0.05
  1 1 44 9 12605.968630935 0.05
  1 1 45 9 8427.33388529153 0.05
  1 1 46 9 3526.59308470024 0.05
  1 1 47 9 9708.11527046607 0.05
  1 1 48 9 12115.006424778 0.05
  1 1 49 9 10428.1984805223 0.05
  1 1 50 9 12161.8341501052 0.05
  1 1 51 9 10692.3859408824 0.05
  1 1 52 9 4983.1392802899 0.05
  1 1 1 10 10454.5883222773 0.05
  1 1 2 10 13720.5961197121 0.05
  1 1 3 10 10955.1653395918 0.05
  1 1 4 10 10062.7231368249 0.05
  1 1 5 10 14956.8095266639 0.05
  1 1 6 10 12021.6491909263 0.05
  1 1 7 10 9846.39061999035 0.05
  1 1 8 10 8196.33447316298 0.05
  1 1 9 10 7646.61929552344 0.05
  1 1 10 10 5471.79356694681 0.05
  1 1 11 10 3892.73375926719 0.05
  1 1 12 10 4935.94290182179 0.05
  1 1 13 10 7190.31014782669 0.05
  1 1 14 10 5544.3864324572 0.05
  1 1 15 10 7276.12677969284 0.05
  1 1 16 10 8751.11911681662 0.05
  1 1 17 10 4113.9729537932 0.05
  1 1 18 10 3680.6064134709 0.05
  1 1 19 10 4369.89844483501 0.05
  1 1 20 10 3700.99258724758 0.05
  1 1 21 10 2695.10526921089 0.05
  1 1 22 10 2919.09304312953 0.05
  1 1 23 10 9297.45440569603 0.05
  1 1 24 10 4292.22293407731 0.05
  1 1 25 10 3300.32859113892 0.05
  1 1 26 10 2588.32950177464 0.05
  1 1 27 10 2825.22975526801 0.05
  1 1 28 10 966.763744692939 0.05
  1 1 29 10 1483.40331235763 0.05
  1 1 30 10 2115.75875214201 0.05
  1 1 31 10 3254.73209661801 0.05
  1 1 32 10 4077.74581847529 0.05
  1 1 33 10 6775.02580112751 0.05
  1 1 34 10 6253.84096030694 0.05
  1 1 35 10 4755.82501407936 0.05
  1 1 36 10 3409.81713002753 0.05
  1 1 37 10 5854.70045306658 0.05
  1 1 38 10 3137.56453919151 0.05
  1 1 39 10 1474.58235736299 0.05
  1 1 40 10 1578.26097098329 0.05
  1 1 41 10 1825.64727002155 0.05
  1 1 42 10 1982.63038003231 0.05
  1 1 43 10 1048.19110260486 0.05
  1 1 44 10 1112.01513432494 0.05
  1 1 45 10 715.100998404212 0.05
  1 1 46 10 238.644521124057 0.05
  1 1 47 10 187.4680718001 0.05
  1 1 48 10 127.070214835077 0.05
  1 1 49 10 52.6040457828429 0.05
  1 1 50 10 61.6248846981626 0.05
  1 1 51 10 46.2122315047613 0.05
  1 1 52 10 17.1304681694998 0.05
  2 1 1 2 178650.997526473 0.05
  2 1 2 2 128815.229093506 0.05
  2 1 3 2 113246.721417543 0.05
  2 1 4 2 125078.890710684 0.05
  2 1 5 2 91068.9874061249 0.05
  2 1 6 2 105035.23438181 0.05
  2 1 7 2 77971.5901164784 0.05
  2 1 8 2 81318.0623752664 0.05
  2 1 9 2 27068.7095895698 0.05
  2 1 10 2 1884.22998600793 0.05
  2 1 11 2 1346.33379547618 0.05
  2 1 12 2 799.979504605844 0.05
  2 1 13 2 1364.67729816786 0.05
  2 1 14 2 881.777085325514 0.05
  2 1 15 2 1265.66691480758 0.05
  2 1 16 2 1171.05704620398 0.05
  2 1 17 2 736.610230485805 0.05
  2 1 18 2 938.335325957831 0.05
  2 1 19 2 875.2553849 0.05
  2 1 20 2 817.347086103546 0.05
  2 1 21 2 1040.40115105221 0.05
  2 1 22 2 932.400217178829 0.05
  2 1 23 2 2867.05036989973 0.05
  2 1 24 2 1674.05216224225 0.05
  2 1 25 2 906.503727890806 0.05
  2 1 26 2 2300.64480258338 0.05
  2 1 27 2 2007.27559099622 0.05
  2 1 28 2 25.0015194481519 0.05
  2 1 29 2 3608.59354195378 0.05
  2 1 30 2 6493.87097851048 0.05
  2 1 31 2 17815.5229322986 0.05
  2 1 32 2 15924.7981827493 0.05
  2 1 33 2 10632.3080334932 0.05
  2 1 34 2 29178.8898051922 0.05
  2 1 35 2 11800.8626457634 0.05
  2 1 36 2 15249.980495185 0.05
  2 1 37 2 12575.6407879655 0.05
  2 1 38 2 10829.3858811569 0.05
  2 1 39 2 11731.4569578417 0.05
  2 1 40 2 8470.24704169314 0.05
  2 1 41 2 8653.7023295754 0.05
  2 1 42 2 17570.2678609805 0.05
  2 1 43 2 12251.3232361036 0.05
  2 1 44 2 21914.3642171266 0.05
  2 1 45 2 23370.2574833911 0.05
  2 1 46 2 24659.0697023952 0.05
  2 1 47 2 21763.8145580952 0.05
  2 1 48 2 20662.8132662469 0.05
  2 1 49 2 12412.1623909705 0.05
  2 1 50 2 8697.22891843343 0.05
  2 1 51 2 6657.84639408822 0.05
  2 1 52 2 1729.10774176494 0.05
  2 1 1 3 20810.4848512476 0.05
  2 1 2 3 25184.7850172153 0.05
  2 1 3 3 47070.4186105691 0.05
  2 1 4 3 51894.4000653902 0.05
  2 1 5 3 91845.9505116473 0.05
  2 1 6 3 127048.993686723 0.05
  2 1 7 3 69768.3548827535 0.05
  2 1 8 3 79401.834834661 0.05
  2 1 9 3 47587.5780538878 0.05
  2 1 10 3 1561.40331722928 0.05
  2 1 11 3 483.689109068294 0.05
  2 1 12 3 260.393258699526 0.05
  2 1 13 3 355.313876219743 0.05
  2 1 14 3 399.817458663356 0.05
  2 1 15 3 2915.90067089953 0.05
  2 1 16 3 3557.06707042192 0.05
  2 1 17 3 2672.92033229518 0.05
  2 1 18 3 2631.05181802578 0.05
  2 1 19 3 3441.35099451754 0.05
  2 1 20 3 2482.60272880099 0.05
  2 1 21 3 3378.66014955699 0.05
  2 1 22 3 621.243669734912 0.05
  2 1 23 3 2869.34065669349 0.05
  2 1 24 3 1446.60442488624 0.05
  2 1 25 3 1235.47099486385 0.05
  2 1 26 3 1085.38437039687 0.05
  2 1 27 3 17376.2779990742 0.05
  2 1 28 3 1312.97491972068 0.05
  2 1 29 3 926.526901557613 0.05
  2 1 30 3 736.711727125306 0.05
  2 1 31 3 455.441956446405 0.05
  2 1 32 3 2307.75472932644 0.05
  2 1 33 3 968.378460218318 0.05
  2 1 34 3 197.980054545155 0.05
  2 1 35 3 842.202321428438 0.05
  2 1 36 3 2059.73479225169 0.05
  2 1 37 3 2663.00058762521 0.05
  2 1 38 3 615.994244981639 0.05
  2 1 39 3 1559.50333978949 0.05
  2 1 40 3 2216.07421424252 0.05
  2 1 41 3 1678.45840497098 0.05
  2 1 42 3 672.64654367941 0.05
  2 1 43 3 153.205957674883 0.05
  2 1 44 3 122.758551533118 0.05
  2 1 45 3 131.698407415538 0.05
  2 1 46 3 2097.54417488934 0.05
  2 1 47 3 2229.47327552718 0.05
  2 1 48 3 993.536995459745 0.05
  2 1 49 3 870.430486816184 0.05
  2 1 50 3 1328.68471750978 0.05
  2 1 51 3 979.123788454434 0.05
  2 1 52 3 258.827604232194 0.05
# end catch observations 
#  
# Fishery size comp data 
# Number of observations, init_int Ncatch_size_obs 
  4206
# init_matrix obs_catch_size(1,Ncatch_size_obs,1,ncol) 
# Fleet Area  Year  Species Type (0=whole, 1=retained, 2=discard) InpN, proportion by size bin 
  1 1 1 1 0 19635 -999 0.436339604551216 0.67345538986198 0.282732735437468 0.0438118747005528
  1 1 2 1 0 3959 -999 1.30319557326144 0.628029208892896 0.344284857695317 0.0276859334117868
  1 1 2 1 0 19665 -999 1.30319557326144 0.628029208892896 0.344284857695317 0.0276859334117868
  1 1 2 1 0 12435 -999 1.30319557326144 0.628029208892896 0.344284857695317 0.0276859334117868
  1 1 2 1 0 19532 -999 1.30319557326144 0.628029208892896 0.344284857695317 0.0276859334117868
  1 1 2 1 0 2387 -999 1.30319557326144 0.628029208892896 0.344284857695317 0.0276859334117868
  1 1 3 1 0 4219 -999 1.12387269637872 0.619235788290417 0.35401766541132 0.0267465462982626
  1 1 3 1 0 186 -999 1.12387269637872 0.619235788290417 0.35401766541132 0.0267465462982626
  1 1 3 1 0 27024 -999 1.12387269637872 0.619235788290417 0.35401766541132 0.0267465462982626
  1 1 3 1 0 7933 -999 1.12387269637872 0.619235788290417 0.35401766541132 0.0267465462982626
  1 1 3 1 0 8476 -999 1.12387269637872 0.619235788290417 0.35401766541132 0.0267465462982626
  1 1 3 1 0 2372 -999 1.12387269637872 0.619235788290417 0.35401766541132 0.0267465462982626
  1 1 4 1 0 4462 -999 0.811760429115526 0.57592639766287 0.391732852624067 0.0323407497130628
  1 1 4 1 0 19834 -999 0.811760429115526 0.57592639766287 0.391732852624067 0.0323407497130628
  1 1 4 1 0 11410 -999 0.811760429115526 0.57592639766287 0.391732852624067 0.0323407497130628
  1 1 4 1 0 12204 -999 0.811760429115526 0.57592639766287 0.391732852624067 0.0323407497130628
  1 1 4 1 0 3351 -999 0.811760429115526 0.57592639766287 0.391732852624067 0.0323407497130628
  1 1 5 1 0 3568 -999 0.435395698282799 0.690208280279464 0.28748220166349 0.022309518057046
  1 1 5 1 0 15026 -999 0.435395698282799 0.690208280279464 0.28748220166349 0.022309518057046
  1 1 5 1 0 5896 -999 0.435395698282799 0.690208280279464 0.28748220166349 0.022309518057046
  1 1 5 1 0 16453 -999 0.435395698282799 0.690208280279464 0.28748220166349 0.022309518057046
  1 1 5 1 0 1437 -999 0.435395698282799 0.690208280279464 0.28748220166349 0.022309518057046
  1 1 6 1 0 7752 -999 0.687228901378943 0.703424403126096 0.260914904857496 0.0356606920164074
  1 1 6 1 0 1033 -999 0.687228901378943 0.703424403126096 0.260914904857496 0.0356606920164074
  1 1 6 1 0 13494 -999 0.687228901378943 0.703424403126096 0.260914904857496 0.0356606920164074
  1 1 6 1 0 6429 -999 0.687228901378943 0.703424403126096 0.260914904857496 0.0356606920164074
  1 1 6 1 0 8919 -999 0.687228901378943 0.703424403126096 0.260914904857496 0.0356606920164074
  1 1 6 1 0 183 -999 0.687228901378943 0.703424403126096 0.260914904857496 0.0356606920164074
  1 1 6 1 0 4506 -999 0.687228901378943 0.703424403126096 0.260914904857496 0.0356606920164074
  1 1 7 1 0 6993 -999 0.646029907215343 0.763090964135555 0.232477747147847 0.00443128871659804
  1 1 7 1 0 3718 -999 0.646029907215343 0.763090964135555 0.232477747147847 0.00443128871659804
  1 1 7 1 0 17108 -999 0.646029907215343 0.763090964135555 0.232477747147847 0.00443128871659804
  1 1 7 1 0 4275 -999 0.646029907215343 0.763090964135555 0.232477747147847 0.00443128871659804
  1 1 7 1 0 22982 -999 0.646029907215343 0.763090964135555 0.232477747147847 0.00443128871659804
  1 1 7 1 0 200 -999 0.646029907215343 0.763090964135555 0.232477747147847 0.00443128871659804
  1 1 7 1 0 1684 -999 0.646029907215343 0.763090964135555 0.232477747147847 0.00443128871659804
  1 1 8 1 0 8126 -999 0.219607032161653 0.809100846152639 0.188271299939233 0.00262785390812853
  1 1 8 1 0 8656 -999 0.219607032161653 0.809100846152639 0.188271299939233 0.00262785390812853
  1 1 8 1 0 15343 -999 0.219607032161653 0.809100846152639 0.188271299939233 0.00262785390812853
  1 1 8 1 0 4104 -999 0.219607032161653 0.809100846152639 0.188271299939233 0.00262785390812853
  1 1 8 1 0 24156 -999 0.219607032161653 0.809100846152639 0.188271299939233 0.00262785390812853
  1 1 8 1 0 486 -999 0.219607032161653 0.809100846152639 0.188271299939233 0.00262785390812853
  1 1 8 1 0 2447 -999 0.219607032161653 0.809100846152639 0.188271299939233 0.00262785390812853
  1 1 9 1 0 5570 -999 0.372966536003012 0.749715927495346 0.250284072504654 -999
  1 1 9 1 0 4983 -999 0.372966536003012 0.749715927495346 0.250284072504654 -999
  1 1 9 1 0 10840 -999 0.372966536003012 0.749715927495346 0.250284072504654 -999
  1 1 9 1 0 2490 -999 0.372966536003012 0.749715927495346 0.250284072504654 -999
  1 1 9 1 0 31957 -999 0.372966536003012 0.749715927495346 0.250284072504654 -999
  1 1 9 1 0 1308 -999 0.372966536003012 0.749715927495346 0.250284072504654 -999
  1 1 9 1 0 5444 -999 0.372966536003012 0.749715927495346 0.250284072504654 -999
  1 1 10 1 0 9412 -999 0.737183144711976 0.814364117138897 0.184357090342611 0.001278792518492
  1 1 10 1 0 6201 -999 0.737183144711976 0.814364117138897 0.184357090342611 0.001278792518492
  1 1 10 1 0 8134 -999 0.737183144711976 0.814364117138897 0.184357090342611 0.001278792518492
  1 1 10 1 0 10539 -999 0.737183144711976 0.814364117138897 0.184357090342611 0.001278792518492
  1 1 10 1 0 33037 -999 0.737183144711976 0.814364117138897 0.184357090342611 0.001278792518492
  1 1 10 1 0 2040 -999 0.737183144711976 0.814364117138897 0.184357090342611 0.001278792518492
  1 1 10 1 0 6776 -999 0.737183144711976 0.814364117138897 0.184357090342611 0.001278792518492
  1 1 11 1 0 6737 -999 0.23143245385389 0.877064771324259 0.122935228675741 -999
  1 1 11 1 0 4186 -999 0.23143245385389 0.877064771324259 0.122935228675741 -999
  1 1 11 1 0 6237 -999 0.23143245385389 0.877064771324259 0.122935228675741 -999
  1 1 11 1 0 10102 -999 0.23143245385389 0.877064771324259 0.122935228675741 -999
  1 1 11 1 0 28216 -999 0.23143245385389 0.877064771324259 0.122935228675741 -999
  1 1 11 1 0 247 -999 0.23143245385389 0.877064771324259 0.122935228675741 -999
  1 1 11 1 0 4442 -999 0.23143245385389 0.877064771324259 0.122935228675741 -999
  1 1 12 1 0 6975 -999 0.10359449917556 0.684961554343365 0.310090983012871 0.00494746264376354
  1 1 12 1 0 4518 -999 0.10359449917556 0.684961554343365 0.310090983012871 0.00494746264376354
  1 1 12 1 0 8020 -999 0.10359449917556 0.684961554343365 0.310090983012871 0.00494746264376354
  1 1 12 1 0 9884 -999 0.10359449917556 0.684961554343365 0.310090983012871 0.00494746264376354
  1 1 12 1 0 37294 -999 0.10359449917556 0.684961554343365 0.310090983012871 0.00494746264376354
  1 1 12 1 0 617 -999 0.10359449917556 0.684961554343365 0.310090983012871 0.00494746264376354
  1 1 12 1 0 259 -999 0.10359449917556 0.684961554343365 0.310090983012871 0.00494746264376354
  1 1 12 1 0 3668 -999 0.10359449917556 0.684961554343365 0.310090983012871 0.00494746264376354
  1 1 13 1 0 4949 1.53436346907488e-05 0.227147422614406 0.707591357431523 0.288922375472396 0.00348626709608167
  1 1 13 1 0 7985 1.53436346907488e-05 0.227147422614406 0.707591357431523 0.288922375472396 0.00348626709608167
  1 1 13 1 0 8657 1.53436346907488e-05 0.227147422614406 0.707591357431523 0.288922375472396 0.00348626709608167
  1 1 13 1 0 9235 1.53436346907488e-05 0.227147422614406 0.707591357431523 0.288922375472396 0.00348626709608167
  1 1 13 1 0 28315 1.53436346907488e-05 0.227147422614406 0.707591357431523 0.288922375472396 0.00348626709608167
  1 1 13 1 0 3185 1.53436346907488e-05 0.227147422614406 0.707591357431523 0.288922375472396 0.00348626709608167
  1 1 13 1 0 4898 1.53436346907488e-05 0.227147422614406 0.707591357431523 0.288922375472396 0.00348626709608167
  1 1 14 1 0 4303 -999 0.236871390919388 0.684807674712006 0.298098420839343 0.0170939044486511
  1 1 14 1 0 5165 -999 0.236871390919388 0.684807674712006 0.298098420839343 0.0170939044486511
  1 1 14 1 0 4717 -999 0.236871390919388 0.684807674712006 0.298098420839343 0.0170939044486511
  1 1 14 1 0 4679 -999 0.236871390919388 0.684807674712006 0.298098420839343 0.0170939044486511
  1 1 14 1 0 23528 -999 0.236871390919388 0.684807674712006 0.298098420839343 0.0170939044486511
  1 1 14 1 0 3161 -999 0.236871390919388 0.684807674712006 0.298098420839343 0.0170939044486511
  1 1 14 1 0 100 -999 0.236871390919388 0.684807674712006 0.298098420839343 0.0170939044486511
  1 1 14 1 0 5669 -999 0.236871390919388 0.684807674712006 0.298098420839343 0.0170939044486511
  1 1 15 1 0 11861 8.26416694619547e-05 0.430503795291542 0.701832589518589 0.287641619489212 0.0105257909921995
  1 1 15 1 0 11871 8.26416694619547e-05 0.430503795291542 0.701832589518589 0.287641619489212 0.0105257909921995
  1 1 15 1 0 13340 8.26416694619547e-05 0.430503795291542 0.701832589518589 0.287641619489212 0.0105257909921995
  1 1 15 1 0 7714 8.26416694619547e-05 0.430503795291542 0.701832589518589 0.287641619489212 0.0105257909921995
  1 1 15 1 0 12696 8.26416694619547e-05 0.430503795291542 0.701832589518589 0.287641619489212 0.0105257909921995
  1 1 15 1 0 2765 8.26416694619547e-05 0.430503795291542 0.701832589518589 0.287641619489212 0.0105257909921995
  1 1 15 1 0 704 8.26416694619547e-05 0.430503795291542 0.701832589518589 0.287641619489212 0.0105257909921995
  1 1 15 1 0 8644 8.26416694619547e-05 0.430503795291542 0.701832589518589 0.287641619489212 0.0105257909921995
  1 1 16 1 0 12503 -999 0.314532111575047 0.756603254923787 0.213113555806903 0.0302831892693099
  1 1 16 1 0 13080 -999 0.314532111575047 0.756603254923787 0.213113555806903 0.0302831892693099
  1 1 16 1 0 11508 -999 0.314532111575047 0.756603254923787 0.213113555806903 0.0302831892693099
  1 1 16 1 0 8955 -999 0.314532111575047 0.756603254923787 0.213113555806903 0.0302831892693099
  1 1 16 1 0 11015 -999 0.314532111575047 0.756603254923787 0.213113555806903 0.0302831892693099
  1 1 16 1 0 3949 -999 0.314532111575047 0.756603254923787 0.213113555806903 0.0302831892693099
  1 1 16 1 0 492 -999 0.314532111575047 0.756603254923787 0.213113555806903 0.0302831892693099
  1 1 16 1 0 10523 -999 0.314532111575047 0.756603254923787 0.213113555806903 0.0302831892693099
  1 1 17 1 0 8717 -999 0.151378750329233 0.734519592756141 0.251543140599517 0.0139372666443422
  1 1 17 1 0 9021 -999 0.151378750329233 0.734519592756141 0.251543140599517 0.0139372666443422
  1 1 17 1 0 10785 -999 0.151378750329233 0.734519592756141 0.251543140599517 0.0139372666443422
  1 1 17 1 0 4762 -999 0.151378750329233 0.734519592756141 0.251543140599517 0.0139372666443422
  1 1 17 1 0 10095 -999 0.151378750329233 0.734519592756141 0.251543140599517 0.0139372666443422
  1 1 17 1 0 4470 -999 0.151378750329233 0.734519592756141 0.251543140599517 0.0139372666443422
  1 1 17 1 0 1508 -999 0.151378750329233 0.734519592756141 0.251543140599517 0.0139372666443422
  1 1 17 1 0 8428 -999 0.151378750329233 0.734519592756141 0.251543140599517 0.0139372666443422
  1 1 18 1 0 8366 -999 0.346501577286225 0.711552559734744 0.279466794734006 0.0089806455312504
  1 1 18 1 0 12035 -999 0.346501577286225 0.711552559734744 0.279466794734006 0.0089806455312504
  1 1 18 1 0 13087 -999 0.346501577286225 0.711552559734744 0.279466794734006 0.0089806455312504
  1 1 18 1 0 2528 -999 0.346501577286225 0.711552559734744 0.279466794734006 0.0089806455312504
  1 1 18 1 0 8988 -999 0.346501577286225 0.711552559734744 0.279466794734006 0.0089806455312504
  1 1 18 1 0 2857 -999 0.346501577286225 0.711552559734744 0.279466794734006 0.0089806455312504
  1 1 18 1 0 1678 -999 0.346501577286225 0.711552559734744 0.279466794734006 0.0089806455312504
  1 1 18 1 0 11988 -999 0.346501577286225 0.711552559734744 0.279466794734006 0.0089806455312504
  1 1 19 1 0 7515 -999 0.271390159763138 0.71356616222011 0.279947029063253 0.00648680871663646
  1 1 19 1 0 9445 -999 0.271390159763138 0.71356616222011 0.279947029063253 0.00648680871663646
  1 1 19 1 0 8392 -999 0.271390159763138 0.71356616222011 0.279947029063253 0.00648680871663646
  1 1 19 1 0 2276 -999 0.271390159763138 0.71356616222011 0.279947029063253 0.00648680871663646
  1 1 19 1 0 4746 -999 0.271390159763138 0.71356616222011 0.279947029063253 0.00648680871663646
  1 1 19 1 0 4092 -999 0.271390159763138 0.71356616222011 0.279947029063253 0.00648680871663646
  1 1 19 1 0 1461 -999 0.271390159763138 0.71356616222011 0.279947029063253 0.00648680871663646
  1 1 19 1 0 12385 -999 0.271390159763138 0.71356616222011 0.279947029063253 0.00648680871663646
  1 1 20 1 0 6490 -999 0.583547687211277 0.759336027898858 0.234997722501241 0.00566624959990122
  1 1 20 1 0 9062 -999 0.583547687211277 0.759336027898858 0.234997722501241 0.00566624959990122
  1 1 20 1 0 6049 -999 0.583547687211277 0.759336027898858 0.234997722501241 0.00566624959990122
  1 1 20 1 0 2573 -999 0.583547687211277 0.759336027898858 0.234997722501241 0.00566624959990122
  1 1 20 1 0 6394 -999 0.583547687211277 0.759336027898858 0.234997722501241 0.00566624959990122
  1 1 20 1 0 2723 -999 0.583547687211277 0.759336027898858 0.234997722501241 0.00566624959990122
  1 1 20 1 0 2031 -999 0.583547687211277 0.759336027898858 0.234997722501241 0.00566624959990122
  1 1 20 1 0 12139 -999 0.583547687211277 0.759336027898858 0.234997722501241 0.00566624959990122
  1 1 21 1 0 6633 -999 0.34489394435995 0.82858178108263 0.16745979805265 0.00395842086471913
  1 1 21 1 0 8546 -999 0.34489394435995 0.82858178108263 0.16745979805265 0.00395842086471913
  1 1 21 1 0 6320 -999 0.34489394435995 0.82858178108263 0.16745979805265 0.00395842086471913
  1 1 21 1 0 2542 -999 0.34489394435995 0.82858178108263 0.16745979805265 0.00395842086471913
  1 1 21 1 0 6540 -999 0.34489394435995 0.82858178108263 0.16745979805265 0.00395842086471913
  1 1 21 1 0 3158 -999 0.34489394435995 0.82858178108263 0.16745979805265 0.00395842086471913
  1 1 21 1 0 1771 -999 0.34489394435995 0.82858178108263 0.16745979805265 0.00395842086471913
  1 1 21 1 0 12626 -999 0.34489394435995 0.82858178108263 0.16745979805265 0.00395842086471913
  1 1 22 1 0 5748 -999 0.288116494810418 0.857148856155227 0.142851143844773 -999
  1 1 22 1 0 5614 -999 0.288116494810418 0.857148856155227 0.142851143844773 -999
  1 1 22 1 0 6041 -999 0.288116494810418 0.857148856155227 0.142851143844773 -999
  1 1 22 1 0 1548 -999 0.288116494810418 0.857148856155227 0.142851143844773 -999
  1 1 22 1 0 6300 -999 0.288116494810418 0.857148856155227 0.142851143844773 -999
  1 1 22 1 0 1846 -999 0.288116494810418 0.857148856155227 0.142851143844773 -999
  1 1 22 1 0 1410 -999 0.288116494810418 0.857148856155227 0.142851143844773 -999
  1 1 22 1 0 8623 -999 0.288116494810418 0.857148856155227 0.142851143844773 -999
  1 1 23 1 0 7108 0.000327150575939037 0.519699555190926 0.843397907475306 0.156087346773763 0.000514745750930968
  1 1 23 1 0 8789 0.000327150575939037 0.519699555190926 0.843397907475306 0.156087346773763 0.000514745750930968
  1 1 23 1 0 6940 0.000327150575939037 0.519699555190926 0.843397907475306 0.156087346773763 0.000514745750930968
  1 1 23 1 0 2001 0.000327150575939037 0.519699555190926 0.843397907475306 0.156087346773763 0.000514745750930968
  1 1 23 1 0 8574 0.000327150575939037 0.519699555190926 0.843397907475306 0.156087346773763 0.000514745750930968
  1 1 23 1 0 2213 0.000327150575939037 0.519699555190926 0.843397907475306 0.156087346773763 0.000514745750930968
  1 1 23 1 0 2249 0.000327150575939037 0.519699555190926 0.843397907475306 0.156087346773763 0.000514745750930968
  1 1 23 1 0 11450 0.000327150575939037 0.519699555190926 0.843397907475306 0.156087346773763 0.000514745750930968
  1 1 24 1 0 8560 -999 0.216550571679409 0.825441922976418 0.172893849490381 0.00166422753320057
  1 1 24 1 0 7528 -999 0.216550571679409 0.825441922976418 0.172893849490381 0.00166422753320057
  1 1 24 1 0 5325 -999 0.216550571679409 0.825441922976418 0.172893849490381 0.00166422753320057
  1 1 24 1 0 1065 -999 0.216550571679409 0.825441922976418 0.172893849490381 0.00166422753320057
  1 1 24 1 0 8163 -999 0.216550571679409 0.825441922976418 0.172893849490381 0.00166422753320057
  1 1 24 1 0 1530 -999 0.216550571679409 0.825441922976418 0.172893849490381 0.00166422753320057
  1 1 24 1 0 1896 -999 0.216550571679409 0.825441922976418 0.172893849490381 0.00166422753320057
  1 1 24 1 0 7803 -999 0.216550571679409 0.825441922976418 0.172893849490381 0.00166422753320057
  1 1 25 1 0 6518 -999 0.332803539274992 0.783093877037115 0.216036945692919 0.000869177269966324
  1 1 25 1 0 7956 -999 0.332803539274992 0.783093877037115 0.216036945692919 0.000869177269966324
  1 1 25 1 0 4551 -999 0.332803539274992 0.783093877037115 0.216036945692919 0.000869177269966324
  1 1 25 1 0 2456 -999 0.332803539274992 0.783093877037115 0.216036945692919 0.000869177269966324
  1 1 25 1 0 11543 -999 0.332803539274992 0.783093877037115 0.216036945692919 0.000869177269966324
  1 1 25 1 0 2534 -999 0.332803539274992 0.783093877037115 0.216036945692919 0.000869177269966324
  1 1 25 1 0 3322 -999 0.332803539274992 0.783093877037115 0.216036945692919 0.000869177269966324
  1 1 25 1 0 800 -999 0.332803539274992 0.783093877037115 0.216036945692919 0.000869177269966324
  1 1 25 1 0 4089 -999 0.332803539274992 0.783093877037115 0.216036945692919 0.000869177269966324
  1 1 26 1 0 6637 -999 0.383532581851258 0.788869715353332 0.208888889589418 0.00224139505725075
  1 1 26 1 0 4469 -999 0.383532581851258 0.788869715353332 0.208888889589418 0.00224139505725075
  1 1 26 1 0 3714 -999 0.383532581851258 0.788869715353332 0.208888889589418 0.00224139505725075
  1 1 26 1 0 1140 -999 0.383532581851258 0.788869715353332 0.208888889589418 0.00224139505725075
  1 1 26 1 0 7936 -999 0.383532581851258 0.788869715353332 0.208888889589418 0.00224139505725075
  1 1 26 1 0 211 -999 0.383532581851258 0.788869715353332 0.208888889589418 0.00224139505725075
  1 1 26 1 0 2948 -999 0.383532581851258 0.788869715353332 0.208888889589418 0.00224139505725075
  1 1 26 1 0 1792 -999 0.383532581851258 0.788869715353332 0.208888889589418 0.00224139505725075
  1 1 26 1 0 3512 -999 0.383532581851258 0.788869715353332 0.208888889589418 0.00224139505725075
  1 1 27 1 0 4245 0.000320251114120202 0.236561734944717 0.836476275459055 0.160133582860749 0.00339014168019658
  1 1 27 1 0 4711 0.000320251114120202 0.236561734944717 0.836476275459055 0.160133582860749 0.00339014168019658
  1 1 27 1 0 2203 0.000320251114120202 0.236561734944717 0.836476275459055 0.160133582860749 0.00339014168019658
  1 1 27 1 0 453 0.000320251114120202 0.236561734944717 0.836476275459055 0.160133582860749 0.00339014168019658
  1 1 27 1 0 4472 0.000320251114120202 0.236561734944717 0.836476275459055 0.160133582860749 0.00339014168019658
  1 1 27 1 0 395 0.000320251114120202 0.236561734944717 0.836476275459055 0.160133582860749 0.00339014168019658
  1 1 27 1 0 2273 0.000320251114120202 0.236561734944717 0.836476275459055 0.160133582860749 0.00339014168019658
  1 1 27 1 0 1425 0.000320251114120202 0.236561734944717 0.836476275459055 0.160133582860749 0.00339014168019658
  1 1 27 1 0 5905 0.000320251114120202 0.236561734944717 0.836476275459055 0.160133582860749 0.00339014168019658
  1 1 28 1 0 2645 -999 0.345908950291744 0.85391091041909 0.144787367242707 0.00130172233820274
  1 1 28 1 0 4707 -999 0.345908950291744 0.85391091041909 0.144787367242707 0.00130172233820274
  1 1 28 1 0 1775 -999 0.345908950291744 0.85391091041909 0.144787367242707 0.00130172233820274
  1 1 28 1 0 291 -999 0.345908950291744 0.85391091041909 0.144787367242707 0.00130172233820274
  1 1 28 1 0 6183 -999 0.345908950291744 0.85391091041909 0.144787367242707 0.00130172233820274
  1 1 28 1 0 1101 -999 0.345908950291744 0.85391091041909 0.144787367242707 0.00130172233820274
  1 1 28 1 0 2291 -999 0.345908950291744 0.85391091041909 0.144787367242707 0.00130172233820274
  1 1 28 1 0 1995 -999 0.345908950291744 0.85391091041909 0.144787367242707 0.00130172233820274
  1 1 28 1 0 4239 -999 0.345908950291744 0.85391091041909 0.144787367242707 0.00130172233820274
  1 1 29 1 0 2203 0.000243817285851157 0.205936190403969 0.872939473934944 0.127060526065056 -999
  1 1 29 1 0 5025 0.000243817285851157 0.205936190403969 0.872939473934944 0.127060526065056 -999
  1 1 29 1 0 5275 0.000243817285851157 0.205936190403969 0.872939473934944 0.127060526065056 -999
  1 1 29 1 0 2776 0.000243817285851157 0.205936190403969 0.872939473934944 0.127060526065056 -999
  1 1 29 1 0 457 0.000243817285851157 0.205936190403969 0.872939473934944 0.127060526065056 -999
  1 1 29 1 0 7481 0.000243817285851157 0.205936190403969 0.872939473934944 0.127060526065056 -999
  1 1 29 1 0 2282 0.000243817285851157 0.205936190403969 0.872939473934944 0.127060526065056 -999
  1 1 29 1 0 2231 0.000243817285851157 0.205936190403969 0.872939473934944 0.127060526065056 -999
  1 1 29 1 0 1222 0.000243817285851157 0.205936190403969 0.872939473934944 0.127060526065056 -999
  1 1 29 1 0 2963 0.000243817285851157 0.205936190403969 0.872939473934944 0.127060526065056 -999
  1 1 30 1 0 2520 -999 0.208043853728042 0.863641464547608 0.135895794508218 0.000462740944174296
  1 1 30 1 0 6369 -999 0.208043853728042 0.863641464547608 0.135895794508218 0.000462740944174296
  1 1 30 1 0 6897 -999 0.208043853728042 0.863641464547608 0.135895794508218 0.000462740944174296
  1 1 30 1 0 5448 -999 0.208043853728042 0.863641464547608 0.135895794508218 0.000462740944174296
  1 1 30 1 0 2381 -999 0.208043853728042 0.863641464547608 0.135895794508218 0.000462740944174296
  1 1 30 1 0 10905 -999 0.208043853728042 0.863641464547608 0.135895794508218 0.000462740944174296
  1 1 30 1 0 2349 -999 0.208043853728042 0.863641464547608 0.135895794508218 0.000462740944174296
  1 1 30 1 0 748 -999 0.208043853728042 0.863641464547608 0.135895794508218 0.000462740944174296
  1 1 30 1 0 620 -999 0.208043853728042 0.863641464547608 0.135895794508218 0.000462740944174296
  1 1 30 1 0 7550 -999 0.208043853728042 0.863641464547608 0.135895794508218 0.000462740944174296
  1 1 31 1 0 710 -999 0.308016504438227 0.863345367345587 0.136654632654413 -999
  1 1 31 1 0 6840 -999 0.308016504438227 0.863345367345587 0.136654632654413 -999
  1 1 31 1 0 5402 -999 0.308016504438227 0.863345367345587 0.136654632654413 -999
  1 1 31 1 0 1789 -999 0.308016504438227 0.863345367345587 0.136654632654413 -999
  1 1 31 1 0 1628 -999 0.308016504438227 0.863345367345587 0.136654632654413 -999
  1 1 31 1 0 9156 -999 0.308016504438227 0.863345367345587 0.136654632654413 -999
  1 1 31 1 0 1956 -999 0.308016504438227 0.863345367345587 0.136654632654413 -999
  1 1 31 1 0 751 -999 0.308016504438227 0.863345367345587 0.136654632654413 -999
  1 1 31 1 0 1103 -999 0.308016504438227 0.863345367345587 0.136654632654413 -999
  1 1 31 1 0 8541 -999 0.308016504438227 0.863345367345587 0.136654632654413 -999
  1 1 32 1 0 1818 -999 0.31832081160409 0.894418771349448 0.105581228650552 -999
  1 1 32 1 0 6291 -999 0.31832081160409 0.894418771349448 0.105581228650552 -999
  1 1 32 1 0 5487 -999 0.31832081160409 0.894418771349448 0.105581228650552 -999
  1 1 32 1 0 2366 -999 0.31832081160409 0.894418771349448 0.105581228650552 -999
  1 1 32 1 0 2277 -999 0.31832081160409 0.894418771349448 0.105581228650552 -999
  1 1 32 1 0 10446 -999 0.31832081160409 0.894418771349448 0.105581228650552 -999
  1 1 32 1 0 4297 -999 0.31832081160409 0.894418771349448 0.105581228650552 -999
  1 1 32 1 0 404 -999 0.31832081160409 0.894418771349448 0.105581228650552 -999
  1 1 32 1 0 951 -999 0.31832081160409 0.894418771349448 0.105581228650552 -999
  1 1 32 1 0 7576 -999 0.31832081160409 0.894418771349448 0.105581228650552 -999
  1 1 33 1 0 5877 -999 0.233895725437272 0.888213330869403 0.111786669130597 -999
  1 1 33 1 0 11510 -999 0.233895725437272 0.888213330869403 0.111786669130597 -999
  1 1 33 1 0 13068 -999 0.233895725437272 0.888213330869403 0.111786669130597 -999
  1 1 33 1 0 4696 -999 0.233895725437272 0.888213330869403 0.111786669130597 -999
  1 1 33 1 0 3199 -999 0.233895725437272 0.888213330869403 0.111786669130597 -999
  1 1 33 1 0 9159 -999 0.233895725437272 0.888213330869403 0.111786669130597 -999
  1 1 33 1 0 907 -999 0.233895725437272 0.888213330869403 0.111786669130597 -999
  1 1 33 1 0 2799 -999 0.233895725437272 0.888213330869403 0.111786669130597 -999
  1 1 33 1 0 1317 -999 0.233895725437272 0.888213330869403 0.111786669130597 -999
  1 1 33 1 0 4539 -999 0.233895725437272 0.888213330869403 0.111786669130597 -999
  1 1 34 1 0 6609 -999 0.347356499779496 0.906708749672842 0.0921481582930191 0.0011430920341392
  1 1 34 1 0 8518 -999 0.347356499779496 0.906708749672842 0.0921481582930191 0.0011430920341392
  1 1 34 1 0 10248 -999 0.347356499779496 0.906708749672842 0.0921481582930191 0.0011430920341392
  1 1 34 1 0 4922 -999 0.347356499779496 0.906708749672842 0.0921481582930191 0.0011430920341392
  1 1 34 1 0 5810 -999 0.347356499779496 0.906708749672842 0.0921481582930191 0.0011430920341392
  1 1 34 1 0 10178 -999 0.347356499779496 0.906708749672842 0.0921481582930191 0.0011430920341392
  1 1 34 1 0 3026 -999 0.347356499779496 0.906708749672842 0.0921481582930191 0.0011430920341392
  1 1 34 1 0 649 -999 0.347356499779496 0.906708749672842 0.0921481582930191 0.0011430920341392
  1 1 34 1 0 1178 -999 0.347356499779496 0.906708749672842 0.0921481582930191 0.0011430920341392
  1 1 34 1 0 13640 -999 0.347356499779496 0.906708749672842 0.0921481582930191 0.0011430920341392
  1 1 35 1 0 7153 -999 0.194536704296883 0.87100262125013 0.127879713140471 0.00111766560939836
  1 1 35 1 0 7093 -999 0.194536704296883 0.87100262125013 0.127879713140471 0.00111766560939836
  1 1 35 1 0 10773 -999 0.194536704296883 0.87100262125013 0.127879713140471 0.00111766560939836
  1 1 35 1 0 5216 -999 0.194536704296883 0.87100262125013 0.127879713140471 0.00111766560939836
  1 1 35 1 0 3419 -999 0.194536704296883 0.87100262125013 0.127879713140471 0.00111766560939836
  1 1 35 1 0 9640 -999 0.194536704296883 0.87100262125013 0.127879713140471 0.00111766560939836
  1 1 35 1 0 2461 -999 0.194536704296883 0.87100262125013 0.127879713140471 0.00111766560939836
  1 1 35 1 0 398 -999 0.194536704296883 0.87100262125013 0.127879713140471 0.00111766560939836
  1 1 35 1 0 639 -999 0.194536704296883 0.87100262125013 0.127879713140471 0.00111766560939836
  1 1 35 1 0 7464 -999 0.194536704296883 0.87100262125013 0.127879713140471 0.00111766560939836
  1 1 36 1 0 4961 -999 0.0884751246779488 0.893577541517202 0.105104946198528 0.00131751228426959
  1 1 36 1 0 6278 -999 0.0884751246779488 0.893577541517202 0.105104946198528 0.00131751228426959
  1 1 36 1 0 13203 -999 0.0884751246779488 0.893577541517202 0.105104946198528 0.00131751228426959
  1 1 36 1 0 6835 -999 0.0884751246779488 0.893577541517202 0.105104946198528 0.00131751228426959
  1 1 36 1 0 5760 -999 0.0884751246779488 0.893577541517202 0.105104946198528 0.00131751228426959
  1 1 36 1 0 7712 -999 0.0884751246779488 0.893577541517202 0.105104946198528 0.00131751228426959
  1 1 36 1 0 2787 -999 0.0884751246779488 0.893577541517202 0.105104946198528 0.00131751228426959
  1 1 36 1 0 1215 -999 0.0884751246779488 0.893577541517202 0.105104946198528 0.00131751228426959
  1 1 36 1 0 668 -999 0.0884751246779488 0.893577541517202 0.105104946198528 0.00131751228426959
  1 1 36 1 0 9061 -999 0.0884751246779488 0.893577541517202 0.105104946198528 0.00131751228426959
  1 1 37 1 0 3198 -999 0.0741756437104805 0.809985672578656 0.185333296398883 0.00468103102246117
  1 1 37 1 0 9271 -999 0.0741756437104805 0.809985672578656 0.185333296398883 0.00468103102246117
  1 1 37 1 0 14334 -999 0.0741756437104805 0.809985672578656 0.185333296398883 0.00468103102246117
  1 1 37 1 0 9537 -999 0.0741756437104805 0.809985672578656 0.185333296398883 0.00468103102246117
  1 1 37 1 0 6833 -999 0.0741756437104805 0.809985672578656 0.185333296398883 0.00468103102246117
  1 1 37 1 0 7099 -999 0.0741756437104805 0.809985672578656 0.185333296398883 0.00468103102246117
  1 1 37 1 0 1101 -999 0.0741756437104805 0.809985672578656 0.185333296398883 0.00468103102246117
  1 1 37 1 0 1210 -999 0.0741756437104805 0.809985672578656 0.185333296398883 0.00468103102246117
  1 1 37 1 0 525 -999 0.0741756437104805 0.809985672578656 0.185333296398883 0.00468103102246117
  1 1 37 1 0 10941 -999 0.0741756437104805 0.809985672578656 0.185333296398883 0.00468103102246117
  1 1 38 1 0 3895 -999 0.0601190533373155 0.845826463990977 0.152995065282464 0.00117847072655859
  1 1 38 1 0 4705 -999 0.0601190533373155 0.845826463990977 0.152995065282464 0.00117847072655859
  1 1 38 1 0 15143 -999 0.0601190533373155 0.845826463990977 0.152995065282464 0.00117847072655859
  1 1 38 1 0 9214 -999 0.0601190533373155 0.845826463990977 0.152995065282464 0.00117847072655859
  1 1 38 1 0 7189 -999 0.0601190533373155 0.845826463990977 0.152995065282464 0.00117847072655859
  1 1 38 1 0 9280 -999 0.0601190533373155 0.845826463990977 0.152995065282464 0.00117847072655859
  1 1 38 1 0 3117 -999 0.0601190533373155 0.845826463990977 0.152995065282464 0.00117847072655859
  1 1 38 1 0 2897 -999 0.0601190533373155 0.845826463990977 0.152995065282464 0.00117847072655859
  1 1 38 1 0 490 -999 0.0601190533373155 0.845826463990977 0.152995065282464 0.00117847072655859
  1 1 38 1 0 12758 -999 0.0601190533373155 0.845826463990977 0.152995065282464 0.00117847072655859
  1 1 39 1 0 4049 -999 0.136140940555106 0.908601385222461 0.0902043261265607 0.00119428865097859
  1 1 39 1 0 9431 -999 0.136140940555106 0.908601385222461 0.0902043261265607 0.00119428865097859
  1 1 39 1 0 15606 -999 0.136140940555106 0.908601385222461 0.0902043261265607 0.00119428865097859
  1 1 39 1 0 12486 -999 0.136140940555106 0.908601385222461 0.0902043261265607 0.00119428865097859
  1 1 39 1 0 8834 -999 0.136140940555106 0.908601385222461 0.0902043261265607 0.00119428865097859
  1 1 39 1 0 11055 -999 0.136140940555106 0.908601385222461 0.0902043261265607 0.00119428865097859
  1 1 39 1 0 5250 -999 0.136140940555106 0.908601385222461 0.0902043261265607 0.00119428865097859
  1 1 39 1 0 4857 -999 0.136140940555106 0.908601385222461 0.0902043261265607 0.00119428865097859
  1 1 39 1 0 562 -999 0.136140940555106 0.908601385222461 0.0902043261265607 0.00119428865097859
  1 1 39 1 0 15410 -999 0.136140940555106 0.908601385222461 0.0902043261265607 0.00119428865097859
  1 1 40 1 0 3400 -999 0.1276142330904 0.967405929495348 0.0322055292811029 0.000388541223548718
  1 1 40 1 0 8362 -999 0.1276142330904 0.967405929495348 0.0322055292811029 0.000388541223548718
  1 1 40 1 0 14843 -999 0.1276142330904 0.967405929495348 0.0322055292811029 0.000388541223548718
  1 1 40 1 0 14692 -999 0.1276142330904 0.967405929495348 0.0322055292811029 0.000388541223548718
  1 1 40 1 0 7760 -999 0.1276142330904 0.967405929495348 0.0322055292811029 0.000388541223548718
  1 1 40 1 0 7772 -999 0.1276142330904 0.967405929495348 0.0322055292811029 0.000388541223548718
  1 1 40 1 0 9474 -999 0.1276142330904 0.967405929495348 0.0322055292811029 0.000388541223548718
  1 1 40 1 0 3394 -999 0.1276142330904 0.967405929495348 0.0322055292811029 0.000388541223548718
  1 1 40 1 0 418 -999 0.1276142330904 0.967405929495348 0.0322055292811029 0.000388541223548718
  1 1 40 1 0 19860 -999 0.1276142330904 0.967405929495348 0.0322055292811029 0.000388541223548718
  1 1 41 1 0 3426 -999 0.204652147661444 0.96665799353916 0.0329403500017157 0.00040165645912449
  1 1 41 1 0 8601 -999 0.204652147661444 0.96665799353916 0.0329403500017157 0.00040165645912449
  1 1 41 1 0 13766 -999 0.204652147661444 0.96665799353916 0.0329403500017157 0.00040165645912449
  1 1 41 1 0 14178 -999 0.204652147661444 0.96665799353916 0.0329403500017157 0.00040165645912449
  1 1 41 1 0 9867 -999 0.204652147661444 0.96665799353916 0.0329403500017157 0.00040165645912449
  1 1 41 1 0 6359 -999 0.204652147661444 0.96665799353916 0.0329403500017157 0.00040165645912449
  1 1 41 1 0 11911 -999 0.204652147661444 0.96665799353916 0.0329403500017157 0.00040165645912449
  1 1 41 1 0 3161 -999 0.204652147661444 0.96665799353916 0.0329403500017157 0.00040165645912449
  1 1 41 1 0 356 -999 0.204652147661444 0.96665799353916 0.0329403500017157 0.00040165645912449
  1 1 41 1 0 15454 -999 0.204652147661444 0.96665799353916 0.0329403500017157 0.00040165645912449
  1 1 42 1 0 2090 -999 0.0966357061188212 0.970194072219502 0.0295987206093561 0.000207207171142199
  1 1 42 1 0 8943 -999 0.0966357061188212 0.970194072219502 0.0295987206093561 0.000207207171142199
  1 1 42 1 0 11289 -999 0.0966357061188212 0.970194072219502 0.0295987206093561 0.000207207171142199
  1 1 42 1 0 13375 -999 0.0966357061188212 0.970194072219502 0.0295987206093561 0.000207207171142199
  1 1 42 1 0 9542 -999 0.0966357061188212 0.970194072219502 0.0295987206093561 0.000207207171142199
  1 1 42 1 0 6157 -999 0.0966357061188212 0.970194072219502 0.0295987206093561 0.000207207171142199
  1 1 42 1 0 4911 -999 0.0966357061188212 0.970194072219502 0.0295987206093561 0.000207207171142199
  1 1 42 1 0 4357 -999 0.0966357061188212 0.970194072219502 0.0295987206093561 0.000207207171142199
  1 1 42 1 0 500 -999 0.0966357061188212 0.970194072219502 0.0295987206093561 0.000207207171142199
  1 1 42 1 0 12303 -999 0.0966357061188212 0.970194072219502 0.0295987206093561 0.000207207171142199
  1 1 43 1 0 2770 -999 0.107163405177477 0.969036483461905 0.0309635165380952 -999
  1 1 43 1 0 11283 -999 0.107163405177477 0.969036483461905 0.0309635165380952 -999
  1 1 43 1 0 12563 -999 0.107163405177477 0.969036483461905 0.0309635165380952 -999
  1 1 43 1 0 15155 -999 0.107163405177477 0.969036483461905 0.0309635165380952 -999
  1 1 43 1 0 15542 -999 0.107163405177477 0.969036483461905 0.0309635165380952 -999
  1 1 43 1 0 6127 -999 0.107163405177477 0.969036483461905 0.0309635165380952 -999
  1 1 43 1 0 3025 -999 0.107163405177477 0.969036483461905 0.0309635165380952 -999
  1 1 43 1 0 5784 -999 0.107163405177477 0.969036483461905 0.0309635165380952 -999
  1 1 43 1 0 544 -999 0.107163405177477 0.969036483461905 0.0309635165380952 -999
  1 1 43 1 0 12754 -999 0.107163405177477 0.969036483461905 0.0309635165380952 -999
  1 1 44 1 0 3676 -999 0.109762298003033 0.941093055954687 0.0566445445200251 0.00226239952528759
  1 1 44 1 0 9538 -999 0.109762298003033 0.941093055954687 0.0566445445200251 0.00226239952528759
  1 1 44 1 0 10915 -999 0.109762298003033 0.941093055954687 0.0566445445200251 0.00226239952528759
  1 1 44 1 0 16617 -999 0.109762298003033 0.941093055954687 0.0566445445200251 0.00226239952528759
  1 1 44 1 0 12596 -999 0.109762298003033 0.941093055954687 0.0566445445200251 0.00226239952528759
  1 1 44 1 0 6248 -999 0.109762298003033 0.941093055954687 0.0566445445200251 0.00226239952528759
  1 1 44 1 0 2697 -999 0.109762298003033 0.941093055954687 0.0566445445200251 0.00226239952528759
  1 1 44 1 0 5799 -999 0.109762298003033 0.941093055954687 0.0566445445200251 0.00226239952528759
  1 1 44 1 0 481 -999 0.109762298003033 0.941093055954687 0.0566445445200251 0.00226239952528759
  1 1 44 1 0 12717 -999 0.109762298003033 0.941093055954687 0.0566445445200251 0.00226239952528759
  1 1 45 1 0 2648 -999 0.209140826900321 0.955860795205499 0.0437118557343047 0.000427349060196281
  1 1 45 1 0 6565 -999 0.209140826900321 0.955860795205499 0.0437118557343047 0.000427349060196281
  1 1 45 1 0 8811 -999 0.209140826900321 0.955860795205499 0.0437118557343047 0.000427349060196281
  1 1 45 1 0 8938 -999 0.209140826900321 0.955860795205499 0.0437118557343047 0.000427349060196281
  1 1 45 1 0 6133 -999 0.209140826900321 0.955860795205499 0.0437118557343047 0.000427349060196281
  1 1 45 1 0 6307 -999 0.209140826900321 0.955860795205499 0.0437118557343047 0.000427349060196281
  1 1 45 1 0 2386 -999 0.209140826900321 0.955860795205499 0.0437118557343047 0.000427349060196281
  1 1 45 1 0 4058 -999 0.209140826900321 0.955860795205499 0.0437118557343047 0.000427349060196281
  1 1 45 1 0 476 -999 0.209140826900321 0.955860795205499 0.0437118557343047 0.000427349060196281
  1 1 45 1 0 14943 -999 0.209140826900321 0.955860795205499 0.0437118557343047 0.000427349060196281
  1 1 46 1 0 2140 -999 0.488887214604041 0.95586351304394 0.0441364869560595 -999
  1 1 46 1 0 6293 -999 0.488887214604041 0.95586351304394 0.0441364869560595 -999
  1 1 46 1 0 8254 -999 0.488887214604041 0.95586351304394 0.0441364869560595 -999
  1 1 46 1 0 5206 -999 0.488887214604041 0.95586351304394 0.0441364869560595 -999
  1 1 46 1 0 6246 -999 0.488887214604041 0.95586351304394 0.0441364869560595 -999
  1 1 46 1 0 6676 -999 0.488887214604041 0.95586351304394 0.0441364869560595 -999
  1 1 46 1 0 2921 -999 0.488887214604041 0.95586351304394 0.0441364869560595 -999
  1 1 46 1 0 5891 -999 0.488887214604041 0.95586351304394 0.0441364869560595 -999
  1 1 46 1 0 588 -999 0.488887214604041 0.95586351304394 0.0441364869560595 -999
  1 1 46 1 0 15792 -999 0.488887214604041 0.95586351304394 0.0441364869560595 -999
  1 1 47 1 0 2971 -999 0.484047658777681 0.979777782443154 0.0194002854929417 0.000821932063904433
  1 1 47 1 0 5259 -999 0.484047658777681 0.979777782443154 0.0194002854929417 0.000821932063904433
  1 1 47 1 0 6375 -999 0.484047658777681 0.979777782443154 0.0194002854929417 0.000821932063904433
  1 1 47 1 0 5299 -999 0.484047658777681 0.979777782443154 0.0194002854929417 0.000821932063904433
  1 1 47 1 0 6756 -999 0.484047658777681 0.979777782443154 0.0194002854929417 0.000821932063904433
  1 1 47 1 0 7210 -999 0.484047658777681 0.979777782443154 0.0194002854929417 0.000821932063904433
  1 1 47 1 0 2932 -999 0.484047658777681 0.979777782443154 0.0194002854929417 0.000821932063904433
  1 1 47 1 0 5069 -999 0.484047658777681 0.979777782443154 0.0194002854929417 0.000821932063904433
  1 1 47 1 0 482 -999 0.484047658777681 0.979777782443154 0.0194002854929417 0.000821932063904433
  1 1 47 1 0 12669 -999 0.484047658777681 0.979777782443154 0.0194002854929417 0.000821932063904433
  1 1 48 1 0 2120 -999 0.310308912997792 0.973547074991183 0.0264529250088169 -999
  1 1 48 1 0 9091 -999 0.310308912997792 0.973547074991183 0.0264529250088169 -999
  1 1 48 1 0 7234 -999 0.310308912997792 0.973547074991183 0.0264529250088169 -999
  1 1 48 1 0 5764 -999 0.310308912997792 0.973547074991183 0.0264529250088169 -999
  1 1 48 1 0 7777 -999 0.310308912997792 0.973547074991183 0.0264529250088169 -999
  1 1 48 1 0 5913 -999 0.310308912997792 0.973547074991183 0.0264529250088169 -999
  1 1 48 1 0 5366 -999 0.310308912997792 0.973547074991183 0.0264529250088169 -999
  1 1 48 1 0 4107 -999 0.310308912997792 0.973547074991183 0.0264529250088169 -999
  1 1 48 1 0 439 -999 0.310308912997792 0.973547074991183 0.0264529250088169 -999
  1 1 48 1 0 14501 -999 0.310308912997792 0.973547074991183 0.0264529250088169 -999
  1 1 49 1 0 1960 -999 0.372961478629438 0.943483651226275 0.0560504312732278 0.0004659175004969
  1 1 49 1 0 6373 -999 0.372961478629438 0.943483651226275 0.0560504312732278 0.0004659175004969
  1 1 49 1 0 7697 -999 0.372961478629438 0.943483651226275 0.0560504312732278 0.0004659175004969
  1 1 49 1 0 2404 -999 0.372961478629438 0.943483651226275 0.0560504312732278 0.0004659175004969
  1 1 49 1 0 6578 -999 0.372961478629438 0.943483651226275 0.0560504312732278 0.0004659175004969
  1 1 49 1 0 4876 -999 0.372961478629438 0.943483651226275 0.0560504312732278 0.0004659175004969
  1 1 49 1 0 5285 -999 0.372961478629438 0.943483651226275 0.0560504312732278 0.0004659175004969
  1 1 49 1 0 5420 -999 0.372961478629438 0.943483651226275 0.0560504312732278 0.0004659175004969
  1 1 49 1 0 412 -999 0.372961478629438 0.943483651226275 0.0560504312732278 0.0004659175004969
  1 1 49 1 0 15260 -999 0.372961478629438 0.943483651226275 0.0560504312732278 0.0004659175004969
  1 1 50 1 0 2453 -999 0.0437844246859618 0.934602279304544 0.0653977206954558 -999
  1 1 50 1 0 7345 -999 0.0437844246859618 0.934602279304544 0.0653977206954558 -999
  1 1 50 1 0 11453 -999 0.0437844246859618 0.934602279304544 0.0653977206954558 -999
  1 1 50 1 0 3111 -999 0.0437844246859618 0.934602279304544 0.0653977206954558 -999
  1 1 50 1 0 7550 -999 0.0437844246859618 0.934602279304544 0.0653977206954558 -999
  1 1 50 1 0 5812 -999 0.0437844246859618 0.934602279304544 0.0653977206954558 -999
  1 1 50 1 0 7369 -999 0.0437844246859618 0.934602279304544 0.0653977206954558 -999
  1 1 50 1 0 5576 -999 0.0437844246859618 0.934602279304544 0.0653977206954558 -999
  1 1 50 1 0 403 -999 0.0437844246859618 0.934602279304544 0.0653977206954558 -999
  1 1 50 1 0 13965 -999 0.0437844246859618 0.934602279304544 0.0653977206954558 -999
  1 1 51 1 0 2803 -999 0.0464852615988317 0.913155281884316 0.0868447181156835 -999
  1 1 51 1 0 3807 -999 0.0464852615988317 0.913155281884316 0.0868447181156835 -999
  1 1 51 1 0 5480 -999 0.0464852615988317 0.913155281884316 0.0868447181156835 -999
  1 1 51 1 0 1183 -999 0.0464852615988317 0.913155281884316 0.0868447181156835 -999
  1 1 51 1 0 6294 -999 0.0464852615988317 0.913155281884316 0.0868447181156835 -999
  1 1 51 1 0 5185 -999 0.0464852615988317 0.913155281884316 0.0868447181156835 -999
  1 1 51 1 0 5675 -999 0.0464852615988317 0.913155281884316 0.0868447181156835 -999
  1 1 51 1 0 4633 -999 0.0464852615988317 0.913155281884316 0.0868447181156835 -999
  1 1 51 1 0 409 -999 0.0464852615988317 0.913155281884316 0.0868447181156835 -999
  1 1 51 1 0 15256 -999 0.0464852615988317 0.913155281884316 0.0868447181156835 -999
  1 1 52 1 0 2608 -999 0.0680046542529145 0.806420132227031 0.193579867772969 -999
  1 1 52 1 0 1879 -999 0.0680046542529145 0.806420132227031 0.193579867772969 -999
  1 1 52 1 0 1826 -999 0.0680046542529145 0.806420132227031 0.193579867772969 -999
  1 1 52 1 0 241 -999 0.0680046542529145 0.806420132227031 0.193579867772969 -999
  1 1 52 1 0 3287 -999 0.0680046542529145 0.806420132227031 0.193579867772969 -999
  1 1 52 1 0 3711 -999 0.0680046542529145 0.806420132227031 0.193579867772969 -999
  1 1 52 1 0 8926 -999 0.0680046542529145 0.806420132227031 0.193579867772969 -999
  1 1 52 1 0 4382 -999 0.0680046542529145 0.806420132227031 0.193579867772969 -999
  1 1 52 1 0 564 -999 0.0680046542529145 0.806420132227031 0.193579867772969 -999
  1 1 52 1 0 13201 -999 0.0680046542529145 0.806420132227031 0.193579867772969 -999
  1 1 1 4 0 19635 -999 0.00599538733500773 0.445521688483337 0.517764235712831 0.0367140758038323
  1 1 2 4 0 3959 -999 0.00599584806051506 0.445532785876149 0.517754767669305 0.0367124464545467
  1 1 2 4 0 19665 -999 0.00599584806051506 0.445532785876149 0.517754767669305 0.0367124464545467
  1 1 2 4 0 12435 -999 0.00599584806051506 0.445532785876149 0.517754767669305 0.0367124464545467
  1 1 2 4 0 19532 -999 0.00599584806051506 0.445532785876149 0.517754767669305 0.0367124464545467
  1 1 2 4 0 2387 -999 0.00599584806051506 0.445532785876149 0.517754767669305 0.0367124464545467
  1 1 3 4 0 4219 -999 0.00599624354165562 0.445542311742411 0.517746640416541 0.0367110478410479
  1 1 3 4 0 186 -999 0.00599624354165562 0.445542311742411 0.517746640416541 0.0367110478410479
  1 1 3 4 0 27024 -999 0.00599624354165562 0.445542311742411 0.517746640416541 0.0367110478410479
  1 1 3 4 0 7933 -999 0.00599624354165562 0.445542311742411 0.517746640416541 0.0367110478410479
  1 1 3 4 0 8476 -999 0.00599624354165562 0.445542311742411 0.517746640416541 0.0367110478410479
  1 1 3 4 0 2372 -999 0.00599624354165562 0.445542311742411 0.517746640416541 0.0367110478410479
  1 1 4 4 0 4462 -999 0.00599277913284363 0.445458865297974 0.517817835027874 0.0367232996741521
  1 1 4 4 0 19834 -999 0.00599277913284363 0.445458865297974 0.517817835027874 0.0367232996741521
  1 1 4 4 0 11410 -999 0.00599277913284363 0.445458865297974 0.517817835027874 0.0367232996741521
  1 1 4 4 0 12204 -999 0.00599277913284363 0.445458865297974 0.517817835027874 0.0367232996741521
  1 1 4 4 0 3351 -999 0.00599277913284363 0.445458865297974 0.517817835027874 0.0367232996741521
  1 1 5 4 0 3568 -999 0.00599100672704162 0.445416173753671 0.517854258483952 0.0367295677623765
  1 1 5 4 0 15026 -999 0.00599100672704162 0.445416173753671 0.517854258483952 0.0367295677623765
  1 1 5 4 0 5896 -999 0.00599100672704162 0.445416173753671 0.517854258483952 0.0367295677623765
  1 1 5 4 0 16453 -999 0.00599100672704162 0.445416173753671 0.517854258483952 0.0367295677623765
  1 1 5 4 0 1437 -999 0.00599100672704162 0.445416173753671 0.517854258483952 0.0367295677623765
  1 1 6 4 0 7752 -999 0.00590570983181626 0.448769703908035 0.515339957038028 0.0358903390539377
  1 1 6 4 0 1033 -999 0.00590570983181626 0.448769703908035 0.515339957038028 0.0358903390539377
  1 1 6 4 0 13494 -999 0.00590570983181626 0.448769703908035 0.515339957038028 0.0358903390539377
  1 1 6 4 0 6429 -999 0.00590570983181626 0.448769703908035 0.515339957038028 0.0358903390539377
  1 1 6 4 0 8919 -999 0.00590570983181626 0.448769703908035 0.515339957038028 0.0358903390539377
  1 1 6 4 0 183 -999 0.00590570983181626 0.448769703908035 0.515339957038028 0.0358903390539377
  1 1 6 4 0 4506 -999 0.00590570983181626 0.448769703908035 0.515339957038028 0.0358903390539377
  1 1 7 4 0 6993 -999 0.00594273118084603 0.447242501634465 0.516487808592595 0.0362696897729406
  1 1 7 4 0 3718 -999 0.00594273118084603 0.447242501634465 0.516487808592595 0.0362696897729406
  1 1 7 4 0 17108 -999 0.00594273118084603 0.447242501634465 0.516487808592595 0.0362696897729406
  1 1 7 4 0 4275 -999 0.00594273118084603 0.447242501634465 0.516487808592595 0.0362696897729406
  1 1 7 4 0 22982 -999 0.00594273118084603 0.447242501634465 0.516487808592595 0.0362696897729406
  1 1 7 4 0 200 -999 0.00594273118084603 0.447242501634465 0.516487808592595 0.0362696897729406
  1 1 7 4 0 1684 -999 0.00594273118084603 0.447242501634465 0.516487808592595 0.0362696897729406
  1 1 8 4 0 8126 -999 0.00599267054302231 0.445479819213164 0.517801474047727 0.0367187067391088
  1 1 8 4 0 8656 -999 0.00599267054302231 0.445479819213164 0.517801474047727 0.0367187067391088
  1 1 8 4 0 15343 -999 0.00599267054302231 0.445479819213164 0.517801474047727 0.0367187067391088
  1 1 8 4 0 4104 -999 0.00599267054302231 0.445479819213164 0.517801474047727 0.0367187067391088
  1 1 8 4 0 24156 -999 0.00599267054302231 0.445479819213164 0.517801474047727 0.0367187067391088
  1 1 8 4 0 486 -999 0.00599267054302231 0.445479819213164 0.517801474047727 0.0367187067391088
  1 1 8 4 0 2447 -999 0.00599267054302231 0.445479819213164 0.517801474047727 0.0367187067391088
  1 1 9 4 0 5570 -999 0.00599130802916796 0.445552017437607 0.517746605555821 0.036701377006572
  1 1 9 4 0 4983 -999 0.00599130802916796 0.445552017437607 0.517746605555821 0.036701377006572
  1 1 9 4 0 10840 -999 0.00599130802916796 0.445552017437607 0.517746605555821 0.036701377006572
  1 1 9 4 0 2490 -999 0.00599130802916796 0.445552017437607 0.517746605555821 0.036701377006572
  1 1 9 4 0 31957 -999 0.00599130802916796 0.445552017437607 0.517746605555821 0.036701377006572
  1 1 9 4 0 1308 -999 0.00599130802916796 0.445552017437607 0.517746605555821 0.036701377006572
  1 1 9 4 0 5444 -999 0.00599130802916796 0.445552017437607 0.517746605555821 0.036701377006572
  1 1 10 4 0 9412 -999 0.00595578561965934 0.44680768433711 0.516811227861842 0.0363810878010475
  1 1 10 4 0 6201 -999 0.00595578561965934 0.44680768433711 0.516811227861842 0.0363810878010475
  1 1 10 4 0 8134 -999 0.00595578561965934 0.44680768433711 0.516811227861842 0.0363810878010475
  1 1 10 4 0 10539 -999 0.00595578561965934 0.44680768433711 0.516811227861842 0.0363810878010475
  1 1 10 4 0 33037 -999 0.00595578561965934 0.44680768433711 0.516811227861842 0.0363810878010475
  1 1 10 4 0 2040 -999 0.00595578561965934 0.44680768433711 0.516811227861842 0.0363810878010475
  1 1 10 4 0 6776 -999 0.00595578561965934 0.44680768433711 0.516811227861842 0.0363810878010475
  1 1 11 4 0 6737 -999 0.0059201565827329 0.448145671679372 0.515810841237229 0.0360434870833991
  1 1 11 4 0 4186 -999 0.0059201565827329 0.448145671679372 0.515810841237229 0.0360434870833991
  1 1 11 4 0 6237 -999 0.0059201565827329 0.448145671679372 0.515810841237229 0.0360434870833991
  1 1 11 4 0 10102 -999 0.0059201565827329 0.448145671679372 0.515810841237229 0.0360434870833991
  1 1 11 4 0 28216 -999 0.0059201565827329 0.448145671679372 0.515810841237229 0.0360434870833991
  1 1 11 4 0 247 -999 0.0059201565827329 0.448145671679372 0.515810841237229 0.0360434870833991
  1 1 11 4 0 4442 -999 0.0059201565827329 0.448145671679372 0.515810841237229 0.0360434870833991
  1 1 12 4 0 6975 -999 0.00590422042049675 0.448759598100435 0.515351189345502 0.0358892125540632
  1 1 12 4 0 4518 -999 0.00590422042049675 0.448759598100435 0.515351189345502 0.0358892125540632
  1 1 12 4 0 8020 -999 0.00590422042049675 0.448759598100435 0.515351189345502 0.0358892125540632
  1 1 12 4 0 9884 -999 0.00590422042049675 0.448759598100435 0.515351189345502 0.0358892125540632
  1 1 12 4 0 37294 -999 0.00590422042049675 0.448759598100435 0.515351189345502 0.0358892125540632
  1 1 12 4 0 617 -999 0.00590422042049675 0.448759598100435 0.515351189345502 0.0358892125540632
  1 1 12 4 0 259 -999 0.00590422042049675 0.448759598100435 0.515351189345502 0.0358892125540632
  1 1 12 4 0 3668 -999 0.00590422042049675 0.448759598100435 0.515351189345502 0.0358892125540632
  1 1 13 4 0 4949 -999 0.00582089418883904 0.451901412022408 0.513000874541304 0.0350977134362876
  1 1 13 4 0 7985 -999 0.00582089418883904 0.451901412022408 0.513000874541304 0.0350977134362876
  1 1 13 4 0 8657 -999 0.00582089418883904 0.451901412022408 0.513000874541304 0.0350977134362876
  1 1 13 4 0 9235 -999 0.00582089418883904 0.451901412022408 0.513000874541304 0.0350977134362876
  1 1 13 4 0 28315 -999 0.00582089418883904 0.451901412022408 0.513000874541304 0.0350977134362876
  1 1 13 4 0 3185 -999 0.00582089418883904 0.451901412022408 0.513000874541304 0.0350977134362876
  1 1 13 4 0 4898 -999 0.00582089418883904 0.451901412022408 0.513000874541304 0.0350977134362876
  1 1 14 4 0 4303 -999 0.00577949483377911 0.453399552284204 0.51188327980964 0.0347171679061562
  1 1 14 4 0 5165 -999 0.00577949483377911 0.453399552284204 0.51188327980964 0.0347171679061562
  1 1 14 4 0 4717 -999 0.00577949483377911 0.453399552284204 0.51188327980964 0.0347171679061562
  1 1 14 4 0 4679 -999 0.00577949483377911 0.453399552284204 0.51188327980964 0.0347171679061562
  1 1 14 4 0 23528 -999 0.00577949483377911 0.453399552284204 0.51188327980964 0.0347171679061562
  1 1 14 4 0 3161 -999 0.00577949483377911 0.453399552284204 0.51188327980964 0.0347171679061562
  1 1 14 4 0 100 -999 0.00577949483377911 0.453399552284204 0.51188327980964 0.0347171679061562
  1 1 14 4 0 5669 -999 0.00577949483377911 0.453399552284204 0.51188327980964 0.0347171679061562
  1 1 15 4 0 11861 -999 0.0705941332475934 0.705854636698009 0.279979628666658 0.0141657346353329
  1 1 15 4 0 11871 -999 0.0705941332475934 0.705854636698009 0.279979628666658 0.0141657346353329
  1 1 15 4 0 13340 -999 0.0705941332475934 0.705854636698009 0.279979628666658 0.0141657346353329
  1 1 15 4 0 7714 -999 0.0705941332475934 0.705854636698009 0.279979628666658 0.0141657346353329
  1 1 15 4 0 12696 -999 0.0705941332475934 0.705854636698009 0.279979628666658 0.0141657346353329
  1 1 15 4 0 2765 -999 0.0705941332475934 0.705854636698009 0.279979628666658 0.0141657346353329
  1 1 15 4 0 704 -999 0.0705941332475934 0.705854636698009 0.279979628666658 0.0141657346353329
  1 1 15 4 0 8644 -999 0.0705941332475934 0.705854636698009 0.279979628666658 0.0141657346353329
  1 1 16 4 0 12503 0.00895482820762862 0.781211816039968 0.876353564543465 0.123646435456535 -999
  1 1 16 4 0 13080 0.00895482820762862 0.781211816039968 0.876353564543465 0.123646435456535 -999
  1 1 16 4 0 11508 0.00895482820762862 0.781211816039968 0.876353564543465 0.123646435456535 -999
  1 1 16 4 0 8955 0.00895482820762862 0.781211816039968 0.876353564543465 0.123646435456535 -999
  1 1 16 4 0 11015 0.00895482820762862 0.781211816039968 0.876353564543465 0.123646435456535 -999
  1 1 16 4 0 3949 0.00895482820762862 0.781211816039968 0.876353564543465 0.123646435456535 -999
  1 1 16 4 0 492 0.00895482820762862 0.781211816039968 0.876353564543465 0.123646435456535 -999
  1 1 16 4 0 10523 0.00895482820762862 0.781211816039968 0.876353564543465 0.123646435456535 -999
  1 1 17 4 0 8717 0.0125518103177523 0.92626046794073 0.880415944290077 0.119584055709923 -999
  1 1 17 4 0 9021 0.0125518103177523 0.92626046794073 0.880415944290077 0.119584055709923 -999
  1 1 17 4 0 10785 0.0125518103177523 0.92626046794073 0.880415944290077 0.119584055709923 -999
  1 1 17 4 0 4762 0.0125518103177523 0.92626046794073 0.880415944290077 0.119584055709923 -999
  1 1 17 4 0 10095 0.0125518103177523 0.92626046794073 0.880415944290077 0.119584055709923 -999
  1 1 17 4 0 4470 0.0125518103177523 0.92626046794073 0.880415944290077 0.119584055709923 -999
  1 1 17 4 0 1508 0.0125518103177523 0.92626046794073 0.880415944290077 0.119584055709923 -999
  1 1 17 4 0 8428 0.0125518103177523 0.92626046794073 0.880415944290077 0.119584055709923 -999
  1 1 18 4 0 8366 0.0122359175987765 1.05491021922626 0.892888063155613 0.107111936844387 -999
  1 1 18 4 0 12035 0.0122359175987765 1.05491021922626 0.892888063155613 0.107111936844387 -999
  1 1 18 4 0 13087 0.0122359175987765 1.05491021922626 0.892888063155613 0.107111936844387 -999
  1 1 18 4 0 2528 0.0122359175987765 1.05491021922626 0.892888063155613 0.107111936844387 -999
  1 1 18 4 0 8988 0.0122359175987765 1.05491021922626 0.892888063155613 0.107111936844387 -999
  1 1 18 4 0 2857 0.0122359175987765 1.05491021922626 0.892888063155613 0.107111936844387 -999
  1 1 18 4 0 1678 0.0122359175987765 1.05491021922626 0.892888063155613 0.107111936844387 -999
  1 1 18 4 0 11988 0.0122359175987765 1.05491021922626 0.892888063155613 0.107111936844387 -999
  1 1 19 4 0 7515 0.00661726626497392 0.62279432490776 0.888043193368974 0.111956806631026 -999
  1 1 19 4 0 9445 0.00661726626497392 0.62279432490776 0.888043193368974 0.111956806631026 -999
  1 1 19 4 0 8392 0.00661726626497392 0.62279432490776 0.888043193368974 0.111956806631026 -999
  1 1 19 4 0 2276 0.00661726626497392 0.62279432490776 0.888043193368974 0.111956806631026 -999
  1 1 19 4 0 4746 0.00661726626497392 0.62279432490776 0.888043193368974 0.111956806631026 -999
  1 1 19 4 0 4092 0.00661726626497392 0.62279432490776 0.888043193368974 0.111956806631026 -999
  1 1 19 4 0 1461 0.00661726626497392 0.62279432490776 0.888043193368974 0.111956806631026 -999
  1 1 19 4 0 12385 0.00661726626497392 0.62279432490776 0.888043193368974 0.111956806631026 -999
  1 1 20 4 0 6490 0.00600706581085758 0.662261775432584 0.888357608535752 0.111642391464248 -999
  1 1 20 4 0 9062 0.00600706581085758 0.662261775432584 0.888357608535752 0.111642391464248 -999
  1 1 20 4 0 6049 0.00600706581085758 0.662261775432584 0.888357608535752 0.111642391464248 -999
  1 1 20 4 0 2573 0.00600706581085758 0.662261775432584 0.888357608535752 0.111642391464248 -999
  1 1 20 4 0 6394 0.00600706581085758 0.662261775432584 0.888357608535752 0.111642391464248 -999
  1 1 20 4 0 2723 0.00600706581085758 0.662261775432584 0.888357608535752 0.111642391464248 -999
  1 1 20 4 0 2031 0.00600706581085758 0.662261775432584 0.888357608535752 0.111642391464248 -999
  1 1 20 4 0 12139 0.00600706581085758 0.662261775432584 0.888357608535752 0.111642391464248 -999
  1 1 21 4 0 6633 0.00689719443750322 0.70571270278738 0.889733656278853 0.110266343721147 -999
  1 1 21 4 0 8546 0.00689719443750322 0.70571270278738 0.889733656278853 0.110266343721147 -999
  1 1 21 4 0 6320 0.00689719443750322 0.70571270278738 0.889733656278853 0.110266343721147 -999
  1 1 21 4 0 2542 0.00689719443750322 0.70571270278738 0.889733656278853 0.110266343721147 -999
  1 1 21 4 0 6540 0.00689719443750322 0.70571270278738 0.889733656278853 0.110266343721147 -999
  1 1 21 4 0 3158 0.00689719443750322 0.70571270278738 0.889733656278853 0.110266343721147 -999
  1 1 21 4 0 1771 0.00689719443750322 0.70571270278738 0.889733656278853 0.110266343721147 -999
  1 1 21 4 0 12626 0.00689719443750322 0.70571270278738 0.889733656278853 0.110266343721147 -999
  1 1 22 4 0 5748 0.00577783661215438 0.569660145562293 0.891296930313797 0.108703069686203 -999
  1 1 22 4 0 5614 0.00577783661215438 0.569660145562293 0.891296930313797 0.108703069686203 -999
  1 1 22 4 0 6041 0.00577783661215438 0.569660145562293 0.891296930313797 0.108703069686203 -999
  1 1 22 4 0 1548 0.00577783661215438 0.569660145562293 0.891296930313797 0.108703069686203 -999
  1 1 22 4 0 6300 0.00577783661215438 0.569660145562293 0.891296930313797 0.108703069686203 -999
  1 1 22 4 0 1846 0.00577783661215438 0.569660145562293 0.891296930313797 0.108703069686203 -999
  1 1 22 4 0 1410 0.00577783661215438 0.569660145562293 0.891296930313797 0.108703069686203 -999
  1 1 22 4 0 8623 0.00577783661215438 0.569660145562293 0.891296930313797 0.108703069686203 -999
  1 1 23 4 0 7108 0.00831823243301124 0.78061071785696 0.890380473856939 0.109619526143061 -999
  1 1 23 4 0 8789 0.00831823243301124 0.78061071785696 0.890380473856939 0.109619526143061 -999
  1 1 23 4 0 6940 0.00831823243301124 0.78061071785696 0.890380473856939 0.109619526143061 -999
  1 1 23 4 0 2001 0.00831823243301124 0.78061071785696 0.890380473856939 0.109619526143061 -999
  1 1 23 4 0 8574 0.00831823243301124 0.78061071785696 0.890380473856939 0.109619526143061 -999
  1 1 23 4 0 2213 0.00831823243301124 0.78061071785696 0.890380473856939 0.109619526143061 -999
  1 1 23 4 0 2249 0.00831823243301124 0.78061071785696 0.890380473856939 0.109619526143061 -999
  1 1 23 4 0 11450 0.00831823243301124 0.78061071785696 0.890380473856939 0.109619526143061 -999
  1 1 24 4 0 8560 0.00343954181626558 0.440306754872556 0.895572062763091 0.104427937236909 -999
  1 1 24 4 0 7528 0.00343954181626558 0.440306754872556 0.895572062763091 0.104427937236909 -999
  1 1 24 4 0 5325 0.00343954181626558 0.440306754872556 0.895572062763091 0.104427937236909 -999
  1 1 24 4 0 1065 0.00343954181626558 0.440306754872556 0.895572062763091 0.104427937236909 -999
  1 1 24 4 0 8163 0.00343954181626558 0.440306754872556 0.895572062763091 0.104427937236909 -999
  1 1 24 4 0 1530 0.00343954181626558 0.440306754872556 0.895572062763091 0.104427937236909 -999
  1 1 24 4 0 1896 0.00343954181626558 0.440306754872556 0.895572062763091 0.104427937236909 -999
  1 1 24 4 0 7803 0.00343954181626558 0.440306754872556 0.895572062763091 0.104427937236909 -999
  1 1 25 4 0 6518 0.00738499387232509 0.806161513237614 0.91194507592534 0.0880549240746596 -999
  1 1 25 4 0 7956 0.00738499387232509 0.806161513237614 0.91194507592534 0.0880549240746596 -999
  1 1 25 4 0 4551 0.00738499387232509 0.806161513237614 0.91194507592534 0.0880549240746596 -999
  1 1 25 4 0 2456 0.00738499387232509 0.806161513237614 0.91194507592534 0.0880549240746596 -999
  1 1 25 4 0 11543 0.00738499387232509 0.806161513237614 0.91194507592534 0.0880549240746596 -999
  1 1 25 4 0 2534 0.00738499387232509 0.806161513237614 0.91194507592534 0.0880549240746596 -999
  1 1 25 4 0 3322 0.00738499387232509 0.806161513237614 0.91194507592534 0.0880549240746596 -999
  1 1 25 4 0 800 0.00738499387232509 0.806161513237614 0.91194507592534 0.0880549240746596 -999
  1 1 25 4 0 4089 0.00738499387232509 0.806161513237614 0.91194507592534 0.0880549240746596 -999
  1 1 26 4 0 6637 0.00555290206540491 0.626539882927502 0.919595036782117 0.0804049632178833 -999
  1 1 26 4 0 4469 0.00555290206540491 0.626539882927502 0.919595036782117 0.0804049632178833 -999
  1 1 26 4 0 3714 0.00555290206540491 0.626539882927502 0.919595036782117 0.0804049632178833 -999
  1 1 26 4 0 1140 0.00555290206540491 0.626539882927502 0.919595036782117 0.0804049632178833 -999
  1 1 26 4 0 7936 0.00555290206540491 0.626539882927502 0.919595036782117 0.0804049632178833 -999
  1 1 26 4 0 211 0.00555290206540491 0.626539882927502 0.919595036782117 0.0804049632178833 -999
  1 1 26 4 0 2948 0.00555290206540491 0.626539882927502 0.919595036782117 0.0804049632178833 -999
  1 1 26 4 0 1792 0.00555290206540491 0.626539882927502 0.919595036782117 0.0804049632178833 -999
  1 1 26 4 0 3512 0.00555290206540491 0.626539882927502 0.919595036782117 0.0804049632178833 -999
  1 1 27 4 0 4245 0.00751958107903357 0.91743499847929 0.931436576406922 0.0685634235930782 -999
  1 1 27 4 0 4711 0.00751958107903357 0.91743499847929 0.931436576406922 0.0685634235930782 -999
  1 1 27 4 0 2203 0.00751958107903357 0.91743499847929 0.931436576406922 0.0685634235930782 -999
  1 1 27 4 0 453 0.00751958107903357 0.91743499847929 0.931436576406922 0.0685634235930782 -999
  1 1 27 4 0 4472 0.00751958107903357 0.91743499847929 0.931436576406922 0.0685634235930782 -999
  1 1 27 4 0 395 0.00751958107903357 0.91743499847929 0.931436576406922 0.0685634235930782 -999
  1 1 27 4 0 2273 0.00751958107903357 0.91743499847929 0.931436576406922 0.0685634235930782 -999
  1 1 27 4 0 1425 0.00751958107903357 0.91743499847929 0.931436576406922 0.0685634235930782 -999
  1 1 27 4 0 5905 0.00751958107903357 0.91743499847929 0.931436576406922 0.0685634235930782 -999
  1 1 28 4 0 2645 0.00653730165060918 0.871561964355563 0.949234332675819 0.0507656673241815 -999
  1 1 28 4 0 4707 0.00653730165060918 0.871561964355563 0.949234332675819 0.0507656673241815 -999
  1 1 28 4 0 1775 0.00653730165060918 0.871561964355563 0.949234332675819 0.0507656673241815 -999
  1 1 28 4 0 291 0.00653730165060918 0.871561964355563 0.949234332675819 0.0507656673241815 -999
  1 1 28 4 0 6183 0.00653730165060918 0.871561964355563 0.949234332675819 0.0507656673241815 -999
  1 1 28 4 0 1101 0.00653730165060918 0.871561964355563 0.949234332675819 0.0507656673241815 -999
  1 1 28 4 0 2291 0.00653730165060918 0.871561964355563 0.949234332675819 0.0507656673241815 -999
  1 1 28 4 0 1995 0.00653730165060918 0.871561964355563 0.949234332675819 0.0507656673241815 -999
  1 1 28 4 0 4239 0.00653730165060918 0.871561964355563 0.949234332675819 0.0507656673241815 -999
  1 1 29 4 0 2203 -999 0.200005215618005 0.858534392670486 0.135071310005095 0.00639429732441872
  1 1 29 4 0 5025 -999 0.200005215618005 0.858534392670486 0.135071310005095 0.00639429732441872
  1 1 29 4 0 5275 -999 0.200005215618005 0.858534392670486 0.135071310005095 0.00639429732441872
  1 1 29 4 0 2776 -999 0.200005215618005 0.858534392670486 0.135071310005095 0.00639429732441872
  1 1 29 4 0 457 -999 0.200005215618005 0.858534392670486 0.135071310005095 0.00639429732441872
  1 1 29 4 0 7481 -999 0.200005215618005 0.858534392670486 0.135071310005095 0.00639429732441872
  1 1 29 4 0 2282 -999 0.200005215618005 0.858534392670486 0.135071310005095 0.00639429732441872
  1 1 29 4 0 2231 -999 0.200005215618005 0.858534392670486 0.135071310005095 0.00639429732441872
  1 1 29 4 0 1222 -999 0.200005215618005 0.858534392670486 0.135071310005095 0.00639429732441872
  1 1 29 4 0 2963 -999 0.200005215618005 0.858534392670486 0.135071310005095 0.00639429732441872
  1 1 30 4 0 2520 0.0047879422936266 0.762022347656871 0.803695232064099 0.180272747023902 0.0160320209119992
  1 1 30 4 0 6369 0.0047879422936266 0.762022347656871 0.803695232064099 0.180272747023902 0.0160320209119992
  1 1 30 4 0 6897 0.0047879422936266 0.762022347656871 0.803695232064099 0.180272747023902 0.0160320209119992
  1 1 30 4 0 5448 0.0047879422936266 0.762022347656871 0.803695232064099 0.180272747023902 0.0160320209119992
  1 1 30 4 0 2381 0.0047879422936266 0.762022347656871 0.803695232064099 0.180272747023902 0.0160320209119992
  1 1 30 4 0 10905 0.0047879422936266 0.762022347656871 0.803695232064099 0.180272747023902 0.0160320209119992
  1 1 30 4 0 2349 0.0047879422936266 0.762022347656871 0.803695232064099 0.180272747023902 0.0160320209119992
  1 1 30 4 0 748 0.0047879422936266 0.762022347656871 0.803695232064099 0.180272747023902 0.0160320209119992
  1 1 30 4 0 620 0.0047879422936266 0.762022347656871 0.803695232064099 0.180272747023902 0.0160320209119992
  1 1 30 4 0 7550 0.0047879422936266 0.762022347656871 0.803695232064099 0.180272747023902 0.0160320209119992
  1 1 31 4 0 710 -999 0.740788385848057 1 -999 -999
  1 1 31 4 0 6840 -999 0.740788385848057 1 -999 -999
  1 1 31 4 0 5402 -999 0.740788385848057 1 -999 -999
  1 1 31 4 0 1789 -999 0.740788385848057 1 -999 -999
  1 1 31 4 0 1628 -999 0.740788385848057 1 -999 -999
  1 1 31 4 0 9156 -999 0.740788385848057 1 -999 -999
  1 1 31 4 0 1956 -999 0.740788385848057 1 -999 -999
  1 1 31 4 0 751 -999 0.740788385848057 1 -999 -999
  1 1 31 4 0 1103 -999 0.740788385848057 1 -999 -999
  1 1 31 4 0 8541 -999 0.740788385848057 1 -999 -999
  1 1 32 4 0 1818 -999 0.883293308817533 0.848887797557329 0.146785989554889 0.00432621288778238
  1 1 32 4 0 6291 -999 0.883293308817533 0.848887797557329 0.146785989554889 0.00432621288778238
  1 1 32 4 0 5487 -999 0.883293308817533 0.848887797557329 0.146785989554889 0.00432621288778238
  1 1 32 4 0 2366 -999 0.883293308817533 0.848887797557329 0.146785989554889 0.00432621288778238
  1 1 32 4 0 2277 -999 0.883293308817533 0.848887797557329 0.146785989554889 0.00432621288778238
  1 1 32 4 0 10446 -999 0.883293308817533 0.848887797557329 0.146785989554889 0.00432621288778238
  1 1 32 4 0 4297 -999 0.883293308817533 0.848887797557329 0.146785989554889 0.00432621288778238
  1 1 32 4 0 404 -999 0.883293308817533 0.848887797557329 0.146785989554889 0.00432621288778238
  1 1 32 4 0 951 -999 0.883293308817533 0.848887797557329 0.146785989554889 0.00432621288778238
  1 1 32 4 0 7576 -999 0.883293308817533 0.848887797557329 0.146785989554889 0.00432621288778238
  1 1 33 4 0 5877 -999 0.454678617978891 0.629585983440669 0.363421756352672 0.00699226020665969
  1 1 33 4 0 11510 -999 0.454678617978891 0.629585983440669 0.363421756352672 0.00699226020665969
  1 1 33 4 0 13068 -999 0.454678617978891 0.629585983440669 0.363421756352672 0.00699226020665969
  1 1 33 4 0 4696 -999 0.454678617978891 0.629585983440669 0.363421756352672 0.00699226020665969
  1 1 33 4 0 3199 -999 0.454678617978891 0.629585983440669 0.363421756352672 0.00699226020665969
  1 1 33 4 0 9159 -999 0.454678617978891 0.629585983440669 0.363421756352672 0.00699226020665969
  1 1 33 4 0 907 -999 0.454678617978891 0.629585983440669 0.363421756352672 0.00699226020665969
  1 1 33 4 0 2799 -999 0.454678617978891 0.629585983440669 0.363421756352672 0.00699226020665969
  1 1 33 4 0 1317 -999 0.454678617978891 0.629585983440669 0.363421756352672 0.00699226020665969
  1 1 33 4 0 4539 -999 0.454678617978891 0.629585983440669 0.363421756352672 0.00699226020665969
  1 1 34 4 0 6609 0.000209566536214748 0.43766272284326 0.444842519958624 0.532495152819187 0.0226623272221888
  1 1 34 4 0 8518 0.000209566536214748 0.43766272284326 0.444842519958624 0.532495152819187 0.0226623272221888
  1 1 34 4 0 10248 0.000209566536214748 0.43766272284326 0.444842519958624 0.532495152819187 0.0226623272221888
  1 1 34 4 0 4922 0.000209566536214748 0.43766272284326 0.444842519958624 0.532495152819187 0.0226623272221888
  1 1 34 4 0 5810 0.000209566536214748 0.43766272284326 0.444842519958624 0.532495152819187 0.0226623272221888
  1 1 34 4 0 10178 0.000209566536214748 0.43766272284326 0.444842519958624 0.532495152819187 0.0226623272221888
  1 1 34 4 0 3026 0.000209566536214748 0.43766272284326 0.444842519958624 0.532495152819187 0.0226623272221888
  1 1 34 4 0 649 0.000209566536214748 0.43766272284326 0.444842519958624 0.532495152819187 0.0226623272221888
  1 1 34 4 0 1178 0.000209566536214748 0.43766272284326 0.444842519958624 0.532495152819187 0.0226623272221888
  1 1 34 4 0 13640 0.000209566536214748 0.43766272284326 0.444842519958624 0.532495152819187 0.0226623272221888
  1 1 35 4 0 7153 -999 0.403221964788645 0.518327353305452 0.45657463276858 0.0250980139259676
  1 1 35 4 0 7093 -999 0.403221964788645 0.518327353305452 0.45657463276858 0.0250980139259676
  1 1 35 4 0 10773 -999 0.403221964788645 0.518327353305452 0.45657463276858 0.0250980139259676
  1 1 35 4 0 5216 -999 0.403221964788645 0.518327353305452 0.45657463276858 0.0250980139259676
  1 1 35 4 0 3419 -999 0.403221964788645 0.518327353305452 0.45657463276858 0.0250980139259676
  1 1 35 4 0 9640 -999 0.403221964788645 0.518327353305452 0.45657463276858 0.0250980139259676
  1 1 35 4 0 2461 -999 0.403221964788645 0.518327353305452 0.45657463276858 0.0250980139259676
  1 1 35 4 0 398 -999 0.403221964788645 0.518327353305452 0.45657463276858 0.0250980139259676
  1 1 35 4 0 639 -999 0.403221964788645 0.518327353305452 0.45657463276858 0.0250980139259676
  1 1 35 4 0 7464 -999 0.403221964788645 0.518327353305452 0.45657463276858 0.0250980139259676
  1 1 36 4 0 4961 0.000422436141001044 0.423145719919886 0.544568986450012 0.442830205543455 0.0126008080065327
  1 1 36 4 0 6278 0.000422436141001044 0.423145719919886 0.544568986450012 0.442830205543455 0.0126008080065327
  1 1 36 4 0 13203 0.000422436141001044 0.423145719919886 0.544568986450012 0.442830205543455 0.0126008080065327
  1 1 36 4 0 6835 0.000422436141001044 0.423145719919886 0.544568986450012 0.442830205543455 0.0126008080065327
  1 1 36 4 0 5760 0.000422436141001044 0.423145719919886 0.544568986450012 0.442830205543455 0.0126008080065327
  1 1 36 4 0 7712 0.000422436141001044 0.423145719919886 0.544568986450012 0.442830205543455 0.0126008080065327
  1 1 36 4 0 2787 0.000422436141001044 0.423145719919886 0.544568986450012 0.442830205543455 0.0126008080065327
  1 1 36 4 0 1215 0.000422436141001044 0.423145719919886 0.544568986450012 0.442830205543455 0.0126008080065327
  1 1 36 4 0 668 0.000422436141001044 0.423145719919886 0.544568986450012 0.442830205543455 0.0126008080065327
  1 1 36 4 0 9061 0.000422436141001044 0.423145719919886 0.544568986450012 0.442830205543455 0.0126008080065327
  1 1 37 4 0 3198 0.000385851588604747 3.23777448410458 1 -999 -999
  1 1 37 4 0 9271 0.000385851588604747 3.23777448410458 1 -999 -999
  1 1 37 4 0 14334 0.000385851588604747 3.23777448410458 1 -999 -999
  1 1 37 4 0 9537 0.000385851588604747 3.23777448410458 1 -999 -999
  1 1 37 4 0 6833 0.000385851588604747 3.23777448410458 1 -999 -999
  1 1 37 4 0 7099 0.000385851588604747 3.23777448410458 1 -999 -999
  1 1 37 4 0 1101 0.000385851588604747 3.23777448410458 1 -999 -999
  1 1 37 4 0 1210 0.000385851588604747 3.23777448410458 1 -999 -999
  1 1 37 4 0 525 0.000385851588604747 3.23777448410458 1 -999 -999
  1 1 37 4 0 10941 0.000385851588604747 3.23777448410458 1 -999 -999
  1 1 38 4 0 3895 9.89745575538293e-05 0.586272783091717 0.37462682428995 0.585196528447764 0.0401766472622858
  1 1 38 4 0 4705 9.89745575538293e-05 0.586272783091717 0.37462682428995 0.585196528447764 0.0401766472622858
  1 1 38 4 0 15143 9.89745575538293e-05 0.586272783091717 0.37462682428995 0.585196528447764 0.0401766472622858
  1 1 38 4 0 9214 9.89745575538293e-05 0.586272783091717 0.37462682428995 0.585196528447764 0.0401766472622858
  1 1 38 4 0 7189 9.89745575538293e-05 0.586272783091717 0.37462682428995 0.585196528447764 0.0401766472622858
  1 1 38 4 0 9280 9.89745575538293e-05 0.586272783091717 0.37462682428995 0.585196528447764 0.0401766472622858
  1 1 38 4 0 3117 9.89745575538293e-05 0.586272783091717 0.37462682428995 0.585196528447764 0.0401766472622858
  1 1 38 4 0 2897 9.89745575538293e-05 0.586272783091717 0.37462682428995 0.585196528447764 0.0401766472622858
  1 1 38 4 0 490 9.89745575538293e-05 0.586272783091717 0.37462682428995 0.585196528447764 0.0401766472622858
  1 1 38 4 0 12758 9.89745575538293e-05 0.586272783091717 0.37462682428995 0.585196528447764 0.0401766472622858
  1 1 39 4 0 4049 0.000128957786367174 0.78293794345479 0.632732226552099 0.358341531590563 0.00892624185733792
  1 1 39 4 0 9431 0.000128957786367174 0.78293794345479 0.632732226552099 0.358341531590563 0.00892624185733792
  1 1 39 4 0 15606 0.000128957786367174 0.78293794345479 0.632732226552099 0.358341531590563 0.00892624185733792
  1 1 39 4 0 12486 0.000128957786367174 0.78293794345479 0.632732226552099 0.358341531590563 0.00892624185733792
  1 1 39 4 0 8834 0.000128957786367174 0.78293794345479 0.632732226552099 0.358341531590563 0.00892624185733792
  1 1 39 4 0 11055 0.000128957786367174 0.78293794345479 0.632732226552099 0.358341531590563 0.00892624185733792
  1 1 39 4 0 5250 0.000128957786367174 0.78293794345479 0.632732226552099 0.358341531590563 0.00892624185733792
  1 1 39 4 0 4857 0.000128957786367174 0.78293794345479 0.632732226552099 0.358341531590563 0.00892624185733792
  1 1 39 4 0 562 0.000128957786367174 0.78293794345479 0.632732226552099 0.358341531590563 0.00892624185733792
  1 1 39 4 0 15410 0.000128957786367174 0.78293794345479 0.632732226552099 0.358341531590563 0.00892624185733792
  1 1 40 4 0 3400 0.00025246253216539 1.50725214391519 0.483031903381941 0.488605135002052 0.0283629616160074
  1 1 40 4 0 8362 0.00025246253216539 1.50725214391519 0.483031903381941 0.488605135002052 0.0283629616160074
  1 1 40 4 0 14843 0.00025246253216539 1.50725214391519 0.483031903381941 0.488605135002052 0.0283629616160074
  1 1 40 4 0 14692 0.00025246253216539 1.50725214391519 0.483031903381941 0.488605135002052 0.0283629616160074
  1 1 40 4 0 7760 0.00025246253216539 1.50725214391519 0.483031903381941 0.488605135002052 0.0283629616160074
  1 1 40 4 0 7772 0.00025246253216539 1.50725214391519 0.483031903381941 0.488605135002052 0.0283629616160074
  1 1 40 4 0 9474 0.00025246253216539 1.50725214391519 0.483031903381941 0.488605135002052 0.0283629616160074
  1 1 40 4 0 3394 0.00025246253216539 1.50725214391519 0.483031903381941 0.488605135002052 0.0283629616160074
  1 1 40 4 0 418 0.00025246253216539 1.50725214391519 0.483031903381941 0.488605135002052 0.0283629616160074
  1 1 40 4 0 19860 0.00025246253216539 1.50725214391519 0.483031903381941 0.488605135002052 0.0283629616160074
  1 1 41 4 0 3426 0.000175402947859945 0.645537359545299 0.400767927985407 0.592092452438807 0.00713961957578654
  1 1 41 4 0 8601 0.000175402947859945 0.645537359545299 0.400767927985407 0.592092452438807 0.00713961957578654
  1 1 41 4 0 13766 0.000175402947859945 0.645537359545299 0.400767927985407 0.592092452438807 0.00713961957578654
  1 1 41 4 0 14178 0.000175402947859945 0.645537359545299 0.400767927985407 0.592092452438807 0.00713961957578654
  1 1 41 4 0 9867 0.000175402947859945 0.645537359545299 0.400767927985407 0.592092452438807 0.00713961957578654
  1 1 41 4 0 6359 0.000175402947859945 0.645537359545299 0.400767927985407 0.592092452438807 0.00713961957578654
  1 1 41 4 0 11911 0.000175402947859945 0.645537359545299 0.400767927985407 0.592092452438807 0.00713961957578654
  1 1 41 4 0 3161 0.000175402947859945 0.645537359545299 0.400767927985407 0.592092452438807 0.00713961957578654
  1 1 41 4 0 356 0.000175402947859945 0.645537359545299 0.400767927985407 0.592092452438807 0.00713961957578654
  1 1 41 4 0 15454 0.000175402947859945 0.645537359545299 0.400767927985407 0.592092452438807 0.00713961957578654
  1 1 42 4 0 2090 0.000224847759632855 0.73382592773119 0.378636868421126 0.621363131578874 -999
  1 1 42 4 0 8943 0.000224847759632855 0.73382592773119 0.378636868421126 0.621363131578874 -999
  1 1 42 4 0 11289 0.000224847759632855 0.73382592773119 0.378636868421126 0.621363131578874 -999
  1 1 42 4 0 13375 0.000224847759632855 0.73382592773119 0.378636868421126 0.621363131578874 -999
  1 1 42 4 0 9542 0.000224847759632855 0.73382592773119 0.378636868421126 0.621363131578874 -999
  1 1 42 4 0 6157 0.000224847759632855 0.73382592773119 0.378636868421126 0.621363131578874 -999
  1 1 42 4 0 4911 0.000224847759632855 0.73382592773119 0.378636868421126 0.621363131578874 -999
  1 1 42 4 0 4357 0.000224847759632855 0.73382592773119 0.378636868421126 0.621363131578874 -999
  1 1 42 4 0 500 0.000224847759632855 0.73382592773119 0.378636868421126 0.621363131578874 -999
  1 1 42 4 0 12303 0.000224847759632855 0.73382592773119 0.378636868421126 0.621363131578874 -999
  1 1 43 4 0 2770 -999 0.536299241512324 0.475679317090321 0.524320682909679 -999
  1 1 43 4 0 11283 -999 0.536299241512324 0.475679317090321 0.524320682909679 -999
  1 1 43 4 0 12563 -999 0.536299241512324 0.475679317090321 0.524320682909679 -999
  1 1 43 4 0 15155 -999 0.536299241512324 0.475679317090321 0.524320682909679 -999
  1 1 43 4 0 15542 -999 0.536299241512324 0.475679317090321 0.524320682909679 -999
  1 1 43 4 0 6127 -999 0.536299241512324 0.475679317090321 0.524320682909679 -999
  1 1 43 4 0 3025 -999 0.536299241512324 0.475679317090321 0.524320682909679 -999
  1 1 43 4 0 5784 -999 0.536299241512324 0.475679317090321 0.524320682909679 -999
  1 1 43 4 0 544 -999 0.536299241512324 0.475679317090321 0.524320682909679 -999
  1 1 43 4 0 12754 -999 0.536299241512324 0.475679317090321 0.524320682909679 -999
  1 1 44 4 0 3676 0.000136614302827646 0.423737173611402 0.658776183522051 0.339443111022105 0.00178070545584405
  1 1 44 4 0 9538 0.000136614302827646 0.423737173611402 0.658776183522051 0.339443111022105 0.00178070545584405
  1 1 44 4 0 10915 0.000136614302827646 0.423737173611402 0.658776183522051 0.339443111022105 0.00178070545584405
  1 1 44 4 0 16617 0.000136614302827646 0.423737173611402 0.658776183522051 0.339443111022105 0.00178070545584405
  1 1 44 4 0 12596 0.000136614302827646 0.423737173611402 0.658776183522051 0.339443111022105 0.00178070545584405
  1 1 44 4 0 6248 0.000136614302827646 0.423737173611402 0.658776183522051 0.339443111022105 0.00178070545584405
  1 1 44 4 0 2697 0.000136614302827646 0.423737173611402 0.658776183522051 0.339443111022105 0.00178070545584405
  1 1 44 4 0 5799 0.000136614302827646 0.423737173611402 0.658776183522051 0.339443111022105 0.00178070545584405
  1 1 44 4 0 481 0.000136614302827646 0.423737173611402 0.658776183522051 0.339443111022105 0.00178070545584405
  1 1 44 4 0 12717 0.000136614302827646 0.423737173611402 0.658776183522051 0.339443111022105 0.00178070545584405
  1 1 45 4 0 2648 0.000114257632080479 0.600325692266598 0.665240975779296 0.324006800661049 0.0107522235596547
  1 1 45 4 0 6565 0.000114257632080479 0.600325692266598 0.665240975779296 0.324006800661049 0.0107522235596547
  1 1 45 4 0 8811 0.000114257632080479 0.600325692266598 0.665240975779296 0.324006800661049 0.0107522235596547
  1 1 45 4 0 8938 0.000114257632080479 0.600325692266598 0.665240975779296 0.324006800661049 0.0107522235596547
  1 1 45 4 0 6133 0.000114257632080479 0.600325692266598 0.665240975779296 0.324006800661049 0.0107522235596547
  1 1 45 4 0 6307 0.000114257632080479 0.600325692266598 0.665240975779296 0.324006800661049 0.0107522235596547
  1 1 45 4 0 2386 0.000114257632080479 0.600325692266598 0.665240975779296 0.324006800661049 0.0107522235596547
  1 1 45 4 0 4058 0.000114257632080479 0.600325692266598 0.665240975779296 0.324006800661049 0.0107522235596547
  1 1 45 4 0 476 0.000114257632080479 0.600325692266598 0.665240975779296 0.324006800661049 0.0107522235596547
  1 1 45 4 0 14943 0.000114257632080479 0.600325692266598 0.665240975779296 0.324006800661049 0.0107522235596547
  1 1 46 4 0 2140 0.000237094829830545 0.639419803709025 0.676703871035748 0.318898663837481 0.00439746512677142
  1 1 46 4 0 6293 0.000237094829830545 0.639419803709025 0.676703871035748 0.318898663837481 0.00439746512677142
  1 1 46 4 0 8254 0.000237094829830545 0.639419803709025 0.676703871035748 0.318898663837481 0.00439746512677142
  1 1 46 4 0 5206 0.000237094829830545 0.639419803709025 0.676703871035748 0.318898663837481 0.00439746512677142
  1 1 46 4 0 6246 0.000237094829830545 0.639419803709025 0.676703871035748 0.318898663837481 0.00439746512677142
  1 1 46 4 0 6676 0.000237094829830545 0.639419803709025 0.676703871035748 0.318898663837481 0.00439746512677142
  1 1 46 4 0 2921 0.000237094829830545 0.639419803709025 0.676703871035748 0.318898663837481 0.00439746512677142
  1 1 46 4 0 5891 0.000237094829830545 0.639419803709025 0.676703871035748 0.318898663837481 0.00439746512677142
  1 1 46 4 0 588 0.000237094829830545 0.639419803709025 0.676703871035748 0.318898663837481 0.00439746512677142
  1 1 46 4 0 15792 0.000237094829830545 0.639419803709025 0.676703871035748 0.318898663837481 0.00439746512677142
  1 1 47 4 0 2971 -999 0.662217229503134 0.590189211674234 0.407396729503455 0.0024140588223109
  1 1 47 4 0 5259 -999 0.662217229503134 0.590189211674234 0.407396729503455 0.0024140588223109
  1 1 47 4 0 6375 -999 0.662217229503134 0.590189211674234 0.407396729503455 0.0024140588223109
  1 1 47 4 0 5299 -999 0.662217229503134 0.590189211674234 0.407396729503455 0.0024140588223109
  1 1 47 4 0 6756 -999 0.662217229503134 0.590189211674234 0.407396729503455 0.0024140588223109
  1 1 47 4 0 7210 -999 0.662217229503134 0.590189211674234 0.407396729503455 0.0024140588223109
  1 1 47 4 0 2932 -999 0.662217229503134 0.590189211674234 0.407396729503455 0.0024140588223109
  1 1 47 4 0 5069 -999 0.662217229503134 0.590189211674234 0.407396729503455 0.0024140588223109
  1 1 47 4 0 482 -999 0.662217229503134 0.590189211674234 0.407396729503455 0.0024140588223109
  1 1 47 4 0 12669 -999 0.662217229503134 0.590189211674234 0.407396729503455 0.0024140588223109
  1 1 48 4 0 2120 0.00136699812086966 0.591746628290381 0.539678758444875 0.460321241555125 -999
  1 1 48 4 0 9091 0.00136699812086966 0.591746628290381 0.539678758444875 0.460321241555125 -999
  1 1 48 4 0 7234 0.00136699812086966 0.591746628290381 0.539678758444875 0.460321241555125 -999
  1 1 48 4 0 5764 0.00136699812086966 0.591746628290381 0.539678758444875 0.460321241555125 -999
  1 1 48 4 0 7777 0.00136699812086966 0.591746628290381 0.539678758444875 0.460321241555125 -999
  1 1 48 4 0 5913 0.00136699812086966 0.591746628290381 0.539678758444875 0.460321241555125 -999
  1 1 48 4 0 5366 0.00136699812086966 0.591746628290381 0.539678758444875 0.460321241555125 -999
  1 1 48 4 0 4107 0.00136699812086966 0.591746628290381 0.539678758444875 0.460321241555125 -999
  1 1 48 4 0 439 0.00136699812086966 0.591746628290381 0.539678758444875 0.460321241555125 -999
  1 1 48 4 0 14501 0.00136699812086966 0.591746628290381 0.539678758444875 0.460321241555125 -999
  1 1 49 4 0 1960 -999 0.734489452767197 0.395402457357493 0.601526940980073 0.00307060166243353
  1 1 49 4 0 6373 -999 0.734489452767197 0.395402457357493 0.601526940980073 0.00307060166243353
  1 1 49 4 0 7697 -999 0.734489452767197 0.395402457357493 0.601526940980073 0.00307060166243353
  1 1 49 4 0 2404 -999 0.734489452767197 0.395402457357493 0.601526940980073 0.00307060166243353
  1 1 49 4 0 6578 -999 0.734489452767197 0.395402457357493 0.601526940980073 0.00307060166243353
  1 1 49 4 0 4876 -999 0.734489452767197 0.395402457357493 0.601526940980073 0.00307060166243353
  1 1 49 4 0 5285 -999 0.734489452767197 0.395402457357493 0.601526940980073 0.00307060166243353
  1 1 49 4 0 5420 -999 0.734489452767197 0.395402457357493 0.601526940980073 0.00307060166243353
  1 1 49 4 0 412 -999 0.734489452767197 0.395402457357493 0.601526940980073 0.00307060166243353
  1 1 49 4 0 15260 -999 0.734489452767197 0.395402457357493 0.601526940980073 0.00307060166243353
  1 1 50 4 0 2453 0.000227209769686019 0.860727801535281 0.496350504766578 0.499674197836149 0.00397529739727279
  1 1 50 4 0 7345 0.000227209769686019 0.860727801535281 0.496350504766578 0.499674197836149 0.00397529739727279
  1 1 50 4 0 11453 0.000227209769686019 0.860727801535281 0.496350504766578 0.499674197836149 0.00397529739727279
  1 1 50 4 0 3111 0.000227209769686019 0.860727801535281 0.496350504766578 0.499674197836149 0.00397529739727279
  1 1 50 4 0 7550 0.000227209769686019 0.860727801535281 0.496350504766578 0.499674197836149 0.00397529739727279
  1 1 50 4 0 5812 0.000227209769686019 0.860727801535281 0.496350504766578 0.499674197836149 0.00397529739727279
  1 1 50 4 0 7369 0.000227209769686019 0.860727801535281 0.496350504766578 0.499674197836149 0.00397529739727279
  1 1 50 4 0 5576 0.000227209769686019 0.860727801535281 0.496350504766578 0.499674197836149 0.00397529739727279
  1 1 50 4 0 403 0.000227209769686019 0.860727801535281 0.496350504766578 0.499674197836149 0.00397529739727279
  1 1 50 4 0 13965 0.000227209769686019 0.860727801535281 0.496350504766578 0.499674197836149 0.00397529739727279
  1 1 51 4 0 2803 -999 1.22749414186754 0.869004141742914 0.130995858257086 -999
  1 1 51 4 0 3807 -999 1.22749414186754 0.869004141742914 0.130995858257086 -999
  1 1 51 4 0 5480 -999 1.22749414186754 0.869004141742914 0.130995858257086 -999
  1 1 51 4 0 1183 -999 1.22749414186754 0.869004141742914 0.130995858257086 -999
  1 1 51 4 0 6294 -999 1.22749414186754 0.869004141742914 0.130995858257086 -999
  1 1 51 4 0 5185 -999 1.22749414186754 0.869004141742914 0.130995858257086 -999
  1 1 51 4 0 5675 -999 1.22749414186754 0.869004141742914 0.130995858257086 -999
  1 1 51 4 0 4633 -999 1.22749414186754 0.869004141742914 0.130995858257086 -999
  1 1 51 4 0 409 -999 1.22749414186754 0.869004141742914 0.130995858257086 -999
  1 1 51 4 0 15256 -999 1.22749414186754 0.869004141742914 0.130995858257086 -999
  1 1 52 4 0 2608 0.00025043443975154 0.763630974750643 0.724997465666597 0.275002534333403 -999
  1 1 52 4 0 1879 0.00025043443975154 0.763630974750643 0.724997465666597 0.275002534333403 -999
  1 1 52 4 0 1826 0.00025043443975154 0.763630974750643 0.724997465666597 0.275002534333403 -999
  1 1 52 4 0 241 0.00025043443975154 0.763630974750643 0.724997465666597 0.275002534333403 -999
  1 1 52 4 0 3287 0.00025043443975154 0.763630974750643 0.724997465666597 0.275002534333403 -999
  1 1 52 4 0 3711 0.00025043443975154 0.763630974750643 0.724997465666597 0.275002534333403 -999
  1 1 52 4 0 8926 0.00025043443975154 0.763630974750643 0.724997465666597 0.275002534333403 -999
  1 1 52 4 0 4382 0.00025043443975154 0.763630974750643 0.724997465666597 0.275002534333403 -999
  1 1 52 4 0 564 0.00025043443975154 0.763630974750643 0.724997465666597 0.275002534333403 -999
  1 1 52 4 0 13201 0.00025043443975154 0.763630974750643 0.724997465666597 0.275002534333403 -999
  1 1 1 5 0 19635 -999 0.000810493231002171 0.55876508349249 0.433476589188646 0.00775832731886432
  1 1 2 5 0 3959 -999 0.000543802285654695 0.446487696946457 0.542986207351509 0.0105260957020336
  1 1 2 5 0 19665 -999 0.000543802285654695 0.446487696946457 0.542986207351509 0.0105260957020336
  1 1 2 5 0 12435 -999 0.000543802285654695 0.446487696946457 0.542986207351509 0.0105260957020336
  1 1 2 5 0 19532 -999 0.000543802285654695 0.446487696946457 0.542986207351509 0.0105260957020336
  1 1 2 5 0 2387 -999 0.000543802285654695 0.446487696946457 0.542986207351509 0.0105260957020336
  1 1 3 5 0 4219 -999 0.000119871024429849 0.225325687543372 0.75790165957142 0.0167726528852085
  1 1 3 5 0 186 -999 0.000119871024429849 0.225325687543372 0.75790165957142 0.0167726528852085
  1 1 3 5 0 27024 -999 0.000119871024429849 0.225325687543372 0.75790165957142 0.0167726528852085
  1 1 3 5 0 7933 -999 0.000119871024429849 0.225325687543372 0.75790165957142 0.0167726528852085
  1 1 3 5 0 8476 -999 0.000119871024429849 0.225325687543372 0.75790165957142 0.0167726528852085
  1 1 3 5 0 2372 -999 0.000119871024429849 0.225325687543372 0.75790165957142 0.0167726528852085
  1 1 4 5 0 4462 -999 0.00316372654293891 0.223954176336717 0.7506669428962 0.0253788807670835
  1 1 4 5 0 19834 -999 0.00316372654293891 0.223954176336717 0.7506669428962 0.0253788807670835
  1 1 4 5 0 11410 -999 0.00316372654293891 0.223954176336717 0.7506669428962 0.0253788807670835
  1 1 4 5 0 12204 -999 0.00316372654293891 0.223954176336717 0.7506669428962 0.0253788807670835
  1 1 4 5 0 3351 -999 0.00316372654293891 0.223954176336717 0.7506669428962 0.0253788807670835
  1 1 5 5 0 3568 -999 0.0172639738985009 0.173101083412406 0.775481562609889 0.0514173539777049
  1 1 5 5 0 15026 -999 0.0172639738985009 0.173101083412406 0.775481562609889 0.0514173539777049
  1 1 5 5 0 5896 -999 0.0172639738985009 0.173101083412406 0.775481562609889 0.0514173539777049
  1 1 5 5 0 16453 -999 0.0172639738985009 0.173101083412406 0.775481562609889 0.0514173539777049
  1 1 5 5 0 1437 -999 0.0172639738985009 0.173101083412406 0.775481562609889 0.0514173539777049
  1 1 6 5 0 7752 -999 0.0450981265283218 0.406259671719684 0.542548956441021 0.051191371839295
  1 1 6 5 0 1033 -999 0.0450981265283218 0.406259671719684 0.542548956441021 0.051191371839295
  1 1 6 5 0 13494 -999 0.0450981265283218 0.406259671719684 0.542548956441021 0.051191371839295
  1 1 6 5 0 6429 -999 0.0450981265283218 0.406259671719684 0.542548956441021 0.051191371839295
  1 1 6 5 0 8919 -999 0.0450981265283218 0.406259671719684 0.542548956441021 0.051191371839295
  1 1 6 5 0 183 -999 0.0450981265283218 0.406259671719684 0.542548956441021 0.051191371839295
  1 1 6 5 0 4506 -999 0.0450981265283218 0.406259671719684 0.542548956441021 0.051191371839295
  1 1 7 5 0 6993 -999 0.0207002890849274 0.551427007944742 0.393555687527842 0.0550173045274159
  1 1 7 5 0 3718 -999 0.0207002890849274 0.551427007944742 0.393555687527842 0.0550173045274159
  1 1 7 5 0 17108 -999 0.0207002890849274 0.551427007944742 0.393555687527842 0.0550173045274159
  1 1 7 5 0 4275 -999 0.0207002890849274 0.551427007944742 0.393555687527842 0.0550173045274159
  1 1 7 5 0 22982 -999 0.0207002890849274 0.551427007944742 0.393555687527842 0.0550173045274159
  1 1 7 5 0 200 -999 0.0207002890849274 0.551427007944742 0.393555687527842 0.0550173045274159
  1 1 7 5 0 1684 -999 0.0207002890849274 0.551427007944742 0.393555687527842 0.0550173045274159
  1 1 8 5 0 8126 -999 0.00499791765326741 0.673179368719233 0.280434480914118 0.0463861503666488
  1 1 8 5 0 8656 -999 0.00499791765326741 0.673179368719233 0.280434480914118 0.0463861503666488
  1 1 8 5 0 15343 -999 0.00499791765326741 0.673179368719233 0.280434480914118 0.0463861503666488
  1 1 8 5 0 4104 -999 0.00499791765326741 0.673179368719233 0.280434480914118 0.0463861503666488
  1 1 8 5 0 24156 -999 0.00499791765326741 0.673179368719233 0.280434480914118 0.0463861503666488
  1 1 8 5 0 486 -999 0.00499791765326741 0.673179368719233 0.280434480914118 0.0463861503666488
  1 1 8 5 0 2447 -999 0.00499791765326741 0.673179368719233 0.280434480914118 0.0463861503666488
  1 1 9 5 0 5570 -999 0.0406548751789092 0.453242334051894 0.447563510568811 0.099194155379295
  1 1 9 5 0 4983 -999 0.0406548751789092 0.453242334051894 0.447563510568811 0.099194155379295
  1 1 9 5 0 10840 -999 0.0406548751789092 0.453242334051894 0.447563510568811 0.099194155379295
  1 1 9 5 0 2490 -999 0.0406548751789092 0.453242334051894 0.447563510568811 0.099194155379295
  1 1 9 5 0 31957 -999 0.0406548751789092 0.453242334051894 0.447563510568811 0.099194155379295
  1 1 9 5 0 1308 -999 0.0406548751789092 0.453242334051894 0.447563510568811 0.099194155379295
  1 1 9 5 0 5444 -999 0.0406548751789092 0.453242334051894 0.447563510568811 0.099194155379295
  1 1 10 5 0 9412 -999 0.0196571537765894 0.662561620094271 0.296538105232447 0.0409002746732826
  1 1 10 5 0 6201 -999 0.0196571537765894 0.662561620094271 0.296538105232447 0.0409002746732826
  1 1 10 5 0 8134 -999 0.0196571537765894 0.662561620094271 0.296538105232447 0.0409002746732826
  1 1 10 5 0 10539 -999 0.0196571537765894 0.662561620094271 0.296538105232447 0.0409002746732826
  1 1 10 5 0 33037 -999 0.0196571537765894 0.662561620094271 0.296538105232447 0.0409002746732826
  1 1 10 5 0 2040 -999 0.0196571537765894 0.662561620094271 0.296538105232447 0.0409002746732826
  1 1 10 5 0 6776 -999 0.0196571537765894 0.662561620094271 0.296538105232447 0.0409002746732826
  1 1 11 5 0 6737 -999 0.00142606040553082 0.73053154228733 0.256712048630155 0.0127564090825147
  1 1 11 5 0 4186 -999 0.00142606040553082 0.73053154228733 0.256712048630155 0.0127564090825147
  1 1 11 5 0 6237 -999 0.00142606040553082 0.73053154228733 0.256712048630155 0.0127564090825147
  1 1 11 5 0 10102 -999 0.00142606040553082 0.73053154228733 0.256712048630155 0.0127564090825147
  1 1 11 5 0 28216 -999 0.00142606040553082 0.73053154228733 0.256712048630155 0.0127564090825147
  1 1 11 5 0 247 -999 0.00142606040553082 0.73053154228733 0.256712048630155 0.0127564090825147
  1 1 11 5 0 4442 -999 0.00142606040553082 0.73053154228733 0.256712048630155 0.0127564090825147
  1 1 12 5 0 6975 -999 0.00143859704761936 0.573071020798394 0.413303755078839 0.0136252241227662
  1 1 12 5 0 4518 -999 0.00143859704761936 0.573071020798394 0.413303755078839 0.0136252241227662
  1 1 12 5 0 8020 -999 0.00143859704761936 0.573071020798394 0.413303755078839 0.0136252241227662
  1 1 12 5 0 9884 -999 0.00143859704761936 0.573071020798394 0.413303755078839 0.0136252241227662
  1 1 12 5 0 37294 -999 0.00143859704761936 0.573071020798394 0.413303755078839 0.0136252241227662
  1 1 12 5 0 617 -999 0.00143859704761936 0.573071020798394 0.413303755078839 0.0136252241227662
  1 1 12 5 0 259 -999 0.00143859704761936 0.573071020798394 0.413303755078839 0.0136252241227662
  1 1 12 5 0 3668 -999 0.00143859704761936 0.573071020798394 0.413303755078839 0.0136252241227662
  1 1 13 5 0 4949 -999 0.00336365329612398 0.478281922874052 0.506005262480029 0.0157128146459184
  1 1 13 5 0 7985 -999 0.00336365329612398 0.478281922874052 0.506005262480029 0.0157128146459184
  1 1 13 5 0 8657 -999 0.00336365329612398 0.478281922874052 0.506005262480029 0.0157128146459184
  1 1 13 5 0 9235 -999 0.00336365329612398 0.478281922874052 0.506005262480029 0.0157128146459184
  1 1 13 5 0 28315 -999 0.00336365329612398 0.478281922874052 0.506005262480029 0.0157128146459184
  1 1 13 5 0 3185 -999 0.00336365329612398 0.478281922874052 0.506005262480029 0.0157128146459184
  1 1 13 5 0 4898 -999 0.00336365329612398 0.478281922874052 0.506005262480029 0.0157128146459184
  1 1 14 5 0 4303 -999 0.00275492133498062 0.57718552462677 0.401457509085616 0.0213569662876134
  1 1 14 5 0 5165 -999 0.00275492133498062 0.57718552462677 0.401457509085616 0.0213569662876134
  1 1 14 5 0 4717 -999 0.00275492133498062 0.57718552462677 0.401457509085616 0.0213569662876134
  1 1 14 5 0 4679 -999 0.00275492133498062 0.57718552462677 0.401457509085616 0.0213569662876134
  1 1 14 5 0 23528 -999 0.00275492133498062 0.57718552462677 0.401457509085616 0.0213569662876134
  1 1 14 5 0 3161 -999 0.00275492133498062 0.57718552462677 0.401457509085616 0.0213569662876134
  1 1 14 5 0 100 -999 0.00275492133498062 0.57718552462677 0.401457509085616 0.0213569662876134
  1 1 14 5 0 5669 -999 0.00275492133498062 0.57718552462677 0.401457509085616 0.0213569662876134
  1 1 15 5 0 11861 -999 0.00433697269641713 0.410189191811037 0.546962029973198 0.0428487782157655
  1 1 15 5 0 11871 -999 0.00433697269641713 0.410189191811037 0.546962029973198 0.0428487782157655
  1 1 15 5 0 13340 -999 0.00433697269641713 0.410189191811037 0.546962029973198 0.0428487782157655
  1 1 15 5 0 7714 -999 0.00433697269641713 0.410189191811037 0.546962029973198 0.0428487782157655
  1 1 15 5 0 12696 -999 0.00433697269641713 0.410189191811037 0.546962029973198 0.0428487782157655
  1 1 15 5 0 2765 -999 0.00433697269641713 0.410189191811037 0.546962029973198 0.0428487782157655
  1 1 15 5 0 704 -999 0.00433697269641713 0.410189191811037 0.546962029973198 0.0428487782157655
  1 1 15 5 0 8644 -999 0.00433697269641713 0.410189191811037 0.546962029973198 0.0428487782157655
  1 1 16 5 0 12503 -999 0.000192544045563365 0.274862954243922 0.666240201676846 0.0588968440792319
  1 1 16 5 0 13080 -999 0.000192544045563365 0.274862954243922 0.666240201676846 0.0588968440792319
  1 1 16 5 0 11508 -999 0.000192544045563365 0.274862954243922 0.666240201676846 0.0588968440792319
  1 1 16 5 0 8955 -999 0.000192544045563365 0.274862954243922 0.666240201676846 0.0588968440792319
  1 1 16 5 0 11015 -999 0.000192544045563365 0.274862954243922 0.666240201676846 0.0588968440792319
  1 1 16 5 0 3949 -999 0.000192544045563365 0.274862954243922 0.666240201676846 0.0588968440792319
  1 1 16 5 0 492 -999 0.000192544045563365 0.274862954243922 0.666240201676846 0.0588968440792319
  1 1 16 5 0 10523 -999 0.000192544045563365 0.274862954243922 0.666240201676846 0.0588968440792319
  1 1 17 5 0 8717 -999 0.000122504246968836 0.20944064071074 0.738360793331462 0.0521985659577977
  1 1 17 5 0 9021 -999 0.000122504246968836 0.20944064071074 0.738360793331462 0.0521985659577977
  1 1 17 5 0 10785 -999 0.000122504246968836 0.20944064071074 0.738360793331462 0.0521985659577977
  1 1 17 5 0 4762 -999 0.000122504246968836 0.20944064071074 0.738360793331462 0.0521985659577977
  1 1 17 5 0 10095 -999 0.000122504246968836 0.20944064071074 0.738360793331462 0.0521985659577977
  1 1 17 5 0 4470 -999 0.000122504246968836 0.20944064071074 0.738360793331462 0.0521985659577977
  1 1 17 5 0 1508 -999 0.000122504246968836 0.20944064071074 0.738360793331462 0.0521985659577977
  1 1 17 5 0 8428 -999 0.000122504246968836 0.20944064071074 0.738360793331462 0.0521985659577977
  1 1 18 5 0 8366 -999 0.000427188755938284 0.215282944298265 0.726789526100777 0.0579275296009575
  1 1 18 5 0 12035 -999 0.000427188755938284 0.215282944298265 0.726789526100777 0.0579275296009575
  1 1 18 5 0 13087 -999 0.000427188755938284 0.215282944298265 0.726789526100777 0.0579275296009575
  1 1 18 5 0 2528 -999 0.000427188755938284 0.215282944298265 0.726789526100777 0.0579275296009575
  1 1 18 5 0 8988 -999 0.000427188755938284 0.215282944298265 0.726789526100777 0.0579275296009575
  1 1 18 5 0 2857 -999 0.000427188755938284 0.215282944298265 0.726789526100777 0.0579275296009575
  1 1 18 5 0 1678 -999 0.000427188755938284 0.215282944298265 0.726789526100777 0.0579275296009575
  1 1 18 5 0 11988 -999 0.000427188755938284 0.215282944298265 0.726789526100777 0.0579275296009575
  1 1 19 5 0 7515 -999 0.000224152608943205 0.441359320896345 0.531355549397793 0.0272851297058623
  1 1 19 5 0 9445 -999 0.000224152608943205 0.441359320896345 0.531355549397793 0.0272851297058623
  1 1 19 5 0 8392 -999 0.000224152608943205 0.441359320896345 0.531355549397793 0.0272851297058623
  1 1 19 5 0 2276 -999 0.000224152608943205 0.441359320896345 0.531355549397793 0.0272851297058623
  1 1 19 5 0 4746 -999 0.000224152608943205 0.441359320896345 0.531355549397793 0.0272851297058623
  1 1 19 5 0 4092 -999 0.000224152608943205 0.441359320896345 0.531355549397793 0.0272851297058623
  1 1 19 5 0 1461 -999 0.000224152608943205 0.441359320896345 0.531355549397793 0.0272851297058623
  1 1 19 5 0 12385 -999 0.000224152608943205 0.441359320896345 0.531355549397793 0.0272851297058623
  1 1 20 5 0 6490 -999 0.00239335525285071 0.382410609138637 0.547493990387799 0.0700954004735641
  1 1 20 5 0 9062 -999 0.00239335525285071 0.382410609138637 0.547493990387799 0.0700954004735641
  1 1 20 5 0 6049 -999 0.00239335525285071 0.382410609138637 0.547493990387799 0.0700954004735641
  1 1 20 5 0 2573 -999 0.00239335525285071 0.382410609138637 0.547493990387799 0.0700954004735641
  1 1 20 5 0 6394 -999 0.00239335525285071 0.382410609138637 0.547493990387799 0.0700954004735641
  1 1 20 5 0 2723 -999 0.00239335525285071 0.382410609138637 0.547493990387799 0.0700954004735641
  1 1 20 5 0 2031 -999 0.00239335525285071 0.382410609138637 0.547493990387799 0.0700954004735641
  1 1 20 5 0 12139 -999 0.00239335525285071 0.382410609138637 0.547493990387799 0.0700954004735641
  1 1 21 5 0 6633 -999 -999 0.504292938761119 0.480465904302354 0.0152411569365269
  1 1 21 5 0 8546 -999 -999 0.504292938761119 0.480465904302354 0.0152411569365269
  1 1 21 5 0 6320 -999 -999 0.504292938761119 0.480465904302354 0.0152411569365269
  1 1 21 5 0 2542 -999 -999 0.504292938761119 0.480465904302354 0.0152411569365269
  1 1 21 5 0 6540 -999 -999 0.504292938761119 0.480465904302354 0.0152411569365269
  1 1 21 5 0 3158 -999 -999 0.504292938761119 0.480465904302354 0.0152411569365269
  1 1 21 5 0 1771 -999 -999 0.504292938761119 0.480465904302354 0.0152411569365269
  1 1 21 5 0 12626 -999 -999 0.504292938761119 0.480465904302354 0.0152411569365269
  1 1 22 5 0 5748 -999 0.000227373945354439 0.446568119675706 0.531714069507146 0.0217178108171474
  1 1 22 5 0 5614 -999 0.000227373945354439 0.446568119675706 0.531714069507146 0.0217178108171474
  1 1 22 5 0 6041 -999 0.000227373945354439 0.446568119675706 0.531714069507146 0.0217178108171474
  1 1 22 5 0 1548 -999 0.000227373945354439 0.446568119675706 0.531714069507146 0.0217178108171474
  1 1 22 5 0 6300 -999 0.000227373945354439 0.446568119675706 0.531714069507146 0.0217178108171474
  1 1 22 5 0 1846 -999 0.000227373945354439 0.446568119675706 0.531714069507146 0.0217178108171474
  1 1 22 5 0 1410 -999 0.000227373945354439 0.446568119675706 0.531714069507146 0.0217178108171474
  1 1 22 5 0 8623 -999 0.000227373945354439 0.446568119675706 0.531714069507146 0.0217178108171474
  1 1 23 5 0 7108 -999 0.0010001787645158 0.476106950305594 0.509449441656369 0.0144436080380376
  1 1 23 5 0 8789 -999 0.0010001787645158 0.476106950305594 0.509449441656369 0.0144436080380376
  1 1 23 5 0 6940 -999 0.0010001787645158 0.476106950305594 0.509449441656369 0.0144436080380376
  1 1 23 5 0 2001 -999 0.0010001787645158 0.476106950305594 0.509449441656369 0.0144436080380376
  1 1 23 5 0 8574 -999 0.0010001787645158 0.476106950305594 0.509449441656369 0.0144436080380376
  1 1 23 5 0 2213 -999 0.0010001787645158 0.476106950305594 0.509449441656369 0.0144436080380376
  1 1 23 5 0 2249 -999 0.0010001787645158 0.476106950305594 0.509449441656369 0.0144436080380376
  1 1 23 5 0 11450 -999 0.0010001787645158 0.476106950305594 0.509449441656369 0.0144436080380376
  1 1 24 5 0 8560 -999 -999 0.368368099635842 0.596632352270627 0.0349995480935317
  1 1 24 5 0 7528 -999 -999 0.368368099635842 0.596632352270627 0.0349995480935317
  1 1 24 5 0 5325 -999 -999 0.368368099635842 0.596632352270627 0.0349995480935317
  1 1 24 5 0 1065 -999 -999 0.368368099635842 0.596632352270627 0.0349995480935317
  1 1 24 5 0 8163 -999 -999 0.368368099635842 0.596632352270627 0.0349995480935317
  1 1 24 5 0 1530 -999 -999 0.368368099635842 0.596632352270627 0.0349995480935317
  1 1 24 5 0 1896 -999 -999 0.368368099635842 0.596632352270627 0.0349995480935317
  1 1 24 5 0 7803 -999 -999 0.368368099635842 0.596632352270627 0.0349995480935317
  1 1 25 5 0 6518 -999 -999 0.35636350200327 0.620256345366734 0.023380152629996
  1 1 25 5 0 7956 -999 -999 0.35636350200327 0.620256345366734 0.023380152629996
  1 1 25 5 0 4551 -999 -999 0.35636350200327 0.620256345366734 0.023380152629996
  1 1 25 5 0 2456 -999 -999 0.35636350200327 0.620256345366734 0.023380152629996
  1 1 25 5 0 11543 -999 -999 0.35636350200327 0.620256345366734 0.023380152629996
  1 1 25 5 0 2534 -999 -999 0.35636350200327 0.620256345366734 0.023380152629996
  1 1 25 5 0 3322 -999 -999 0.35636350200327 0.620256345366734 0.023380152629996
  1 1 25 5 0 800 -999 -999 0.35636350200327 0.620256345366734 0.023380152629996
  1 1 25 5 0 4089 -999 -999 0.35636350200327 0.620256345366734 0.023380152629996
  1 1 26 5 0 6637 -999 0.000202054336567448 0.368729657144486 0.61365368921153 0.0176166536439844
  1 1 26 5 0 4469 -999 0.000202054336567448 0.368729657144486 0.61365368921153 0.0176166536439844
  1 1 26 5 0 3714 -999 0.000202054336567448 0.368729657144486 0.61365368921153 0.0176166536439844
  1 1 26 5 0 1140 -999 0.000202054336567448 0.368729657144486 0.61365368921153 0.0176166536439844
  1 1 26 5 0 7936 -999 0.000202054336567448 0.368729657144486 0.61365368921153 0.0176166536439844
  1 1 26 5 0 211 -999 0.000202054336567448 0.368729657144486 0.61365368921153 0.0176166536439844
  1 1 26 5 0 2948 -999 0.000202054336567448 0.368729657144486 0.61365368921153 0.0176166536439844
  1 1 26 5 0 1792 -999 0.000202054336567448 0.368729657144486 0.61365368921153 0.0176166536439844
  1 1 26 5 0 3512 -999 0.000202054336567448 0.368729657144486 0.61365368921153 0.0176166536439844
  1 1 27 5 0 4245 -999 -999 0.547129957764613 0.429905320886893 0.0229647213484942
  1 1 27 5 0 4711 -999 -999 0.547129957764613 0.429905320886893 0.0229647213484942
  1 1 27 5 0 2203 -999 -999 0.547129957764613 0.429905320886893 0.0229647213484942
  1 1 27 5 0 453 -999 -999 0.547129957764613 0.429905320886893 0.0229647213484942
  1 1 27 5 0 4472 -999 -999 0.547129957764613 0.429905320886893 0.0229647213484942
  1 1 27 5 0 395 -999 -999 0.547129957764613 0.429905320886893 0.0229647213484942
  1 1 27 5 0 2273 -999 -999 0.547129957764613 0.429905320886893 0.0229647213484942
  1 1 27 5 0 1425 -999 -999 0.547129957764613 0.429905320886893 0.0229647213484942
  1 1 27 5 0 5905 -999 -999 0.547129957764613 0.429905320886893 0.0229647213484942
  1 1 28 5 0 2645 -999 -999 0.702189860849916 0.297810139150084 -999
  1 1 28 5 0 4707 -999 -999 0.702189860849916 0.297810139150084 -999
  1 1 28 5 0 1775 -999 -999 0.702189860849916 0.297810139150084 -999
  1 1 28 5 0 291 -999 -999 0.702189860849916 0.297810139150084 -999
  1 1 28 5 0 6183 -999 -999 0.702189860849916 0.297810139150084 -999
  1 1 28 5 0 1101 -999 -999 0.702189860849916 0.297810139150084 -999
  1 1 28 5 0 2291 -999 -999 0.702189860849916 0.297810139150084 -999
  1 1 28 5 0 1995 -999 -999 0.702189860849916 0.297810139150084 -999
  1 1 28 5 0 4239 -999 -999 0.702189860849916 0.297810139150084 -999
  1 1 29 5 0 2203 -999 -999 0.569960624828496 0.416118159494681 0.0139212156768234
  1 1 29 5 0 5025 -999 -999 0.569960624828496 0.416118159494681 0.0139212156768234
  1 1 29 5 0 5275 -999 -999 0.569960624828496 0.416118159494681 0.0139212156768234
  1 1 29 5 0 2776 -999 -999 0.569960624828496 0.416118159494681 0.0139212156768234
  1 1 29 5 0 457 -999 -999 0.569960624828496 0.416118159494681 0.0139212156768234
  1 1 29 5 0 7481 -999 -999 0.569960624828496 0.416118159494681 0.0139212156768234
  1 1 29 5 0 2282 -999 -999 0.569960624828496 0.416118159494681 0.0139212156768234
  1 1 29 5 0 2231 -999 -999 0.569960624828496 0.416118159494681 0.0139212156768234
  1 1 29 5 0 1222 -999 -999 0.569960624828496 0.416118159494681 0.0139212156768234
  1 1 29 5 0 2963 -999 -999 0.569960624828496 0.416118159494681 0.0139212156768234
  1 1 30 5 0 2520 -999 -999 0.346221568270621 0.652188216899164 0.00159021483021405
  1 1 30 5 0 6369 -999 -999 0.346221568270621 0.652188216899164 0.00159021483021405
  1 1 30 5 0 6897 -999 -999 0.346221568270621 0.652188216899164 0.00159021483021405
  1 1 30 5 0 5448 -999 -999 0.346221568270621 0.652188216899164 0.00159021483021405
  1 1 30 5 0 2381 -999 -999 0.346221568270621 0.652188216899164 0.00159021483021405
  1 1 30 5 0 10905 -999 -999 0.346221568270621 0.652188216899164 0.00159021483021405
  1 1 30 5 0 2349 -999 -999 0.346221568270621 0.652188216899164 0.00159021483021405
  1 1 30 5 0 748 -999 -999 0.346221568270621 0.652188216899164 0.00159021483021405
  1 1 30 5 0 620 -999 -999 0.346221568270621 0.652188216899164 0.00159021483021405
  1 1 30 5 0 7550 -999 -999 0.346221568270621 0.652188216899164 0.00159021483021405
  1 1 31 5 0 710 -999 -999 0.240640453381931 0.758167494665487 0.00119205195258153
  1 1 31 5 0 6840 -999 -999 0.240640453381931 0.758167494665487 0.00119205195258153
  1 1 31 5 0 5402 -999 -999 0.240640453381931 0.758167494665487 0.00119205195258153
  1 1 31 5 0 1789 -999 -999 0.240640453381931 0.758167494665487 0.00119205195258153
  1 1 31 5 0 1628 -999 -999 0.240640453381931 0.758167494665487 0.00119205195258153
  1 1 31 5 0 9156 -999 -999 0.240640453381931 0.758167494665487 0.00119205195258153
  1 1 31 5 0 1956 -999 -999 0.240640453381931 0.758167494665487 0.00119205195258153
  1 1 31 5 0 751 -999 -999 0.240640453381931 0.758167494665487 0.00119205195258153
  1 1 31 5 0 1103 -999 -999 0.240640453381931 0.758167494665487 0.00119205195258153
  1 1 31 5 0 8541 -999 -999 0.240640453381931 0.758167494665487 0.00119205195258153
  1 1 32 5 0 1818 -999 -999 0.277703614269899 0.717501089274402 0.00479529645569897
  1 1 32 5 0 6291 -999 -999 0.277703614269899 0.717501089274402 0.00479529645569897
  1 1 32 5 0 5487 -999 -999 0.277703614269899 0.717501089274402 0.00479529645569897
  1 1 32 5 0 2366 -999 -999 0.277703614269899 0.717501089274402 0.00479529645569897
  1 1 32 5 0 2277 -999 -999 0.277703614269899 0.717501089274402 0.00479529645569897
  1 1 32 5 0 10446 -999 -999 0.277703614269899 0.717501089274402 0.00479529645569897
  1 1 32 5 0 4297 -999 -999 0.277703614269899 0.717501089274402 0.00479529645569897
  1 1 32 5 0 404 -999 -999 0.277703614269899 0.717501089274402 0.00479529645569897
  1 1 32 5 0 951 -999 -999 0.277703614269899 0.717501089274402 0.00479529645569897
  1 1 32 5 0 7576 -999 -999 0.277703614269899 0.717501089274402 0.00479529645569897
  1 1 33 5 0 5877 -999 -999 0.351790921125268 0.630944044521562 0.0172650343531706
  1 1 33 5 0 11510 -999 -999 0.351790921125268 0.630944044521562 0.0172650343531706
  1 1 33 5 0 13068 -999 -999 0.351790921125268 0.630944044521562 0.0172650343531706
  1 1 33 5 0 4696 -999 -999 0.351790921125268 0.630944044521562 0.0172650343531706
  1 1 33 5 0 3199 -999 -999 0.351790921125268 0.630944044521562 0.0172650343531706
  1 1 33 5 0 9159 -999 -999 0.351790921125268 0.630944044521562 0.0172650343531706
  1 1 33 5 0 907 -999 -999 0.351790921125268 0.630944044521562 0.0172650343531706
  1 1 33 5 0 2799 -999 -999 0.351790921125268 0.630944044521562 0.0172650343531706
  1 1 33 5 0 1317 -999 -999 0.351790921125268 0.630944044521562 0.0172650343531706
  1 1 33 5 0 4539 -999 -999 0.351790921125268 0.630944044521562 0.0172650343531706
  1 1 34 5 0 6609 -999 7.06908882555466e-05 0.427699505394254 0.56157120967627 0.0107292849294757
  1 1 34 5 0 8518 -999 7.06908882555466e-05 0.427699505394254 0.56157120967627 0.0107292849294757
  1 1 34 5 0 10248 -999 7.06908882555466e-05 0.427699505394254 0.56157120967627 0.0107292849294757
  1 1 34 5 0 4922 -999 7.06908882555466e-05 0.427699505394254 0.56157120967627 0.0107292849294757
  1 1 34 5 0 5810 -999 7.06908882555466e-05 0.427699505394254 0.56157120967627 0.0107292849294757
  1 1 34 5 0 10178 -999 7.06908882555466e-05 0.427699505394254 0.56157120967627 0.0107292849294757
  1 1 34 5 0 3026 -999 7.06908882555466e-05 0.427699505394254 0.56157120967627 0.0107292849294757
  1 1 34 5 0 649 -999 7.06908882555466e-05 0.427699505394254 0.56157120967627 0.0107292849294757
  1 1 34 5 0 1178 -999 7.06908882555466e-05 0.427699505394254 0.56157120967627 0.0107292849294757
  1 1 34 5 0 13640 -999 7.06908882555466e-05 0.427699505394254 0.56157120967627 0.0107292849294757
  1 1 35 5 0 7153 -999 -999 0.393025055206801 0.596130684206127 0.0108442605870723
  1 1 35 5 0 7093 -999 -999 0.393025055206801 0.596130684206127 0.0108442605870723
  1 1 35 5 0 10773 -999 -999 0.393025055206801 0.596130684206127 0.0108442605870723
  1 1 35 5 0 5216 -999 -999 0.393025055206801 0.596130684206127 0.0108442605870723
  1 1 35 5 0 3419 -999 -999 0.393025055206801 0.596130684206127 0.0108442605870723
  1 1 35 5 0 9640 -999 -999 0.393025055206801 0.596130684206127 0.0108442605870723
  1 1 35 5 0 2461 -999 -999 0.393025055206801 0.596130684206127 0.0108442605870723
  1 1 35 5 0 398 -999 -999 0.393025055206801 0.596130684206127 0.0108442605870723
  1 1 35 5 0 639 -999 -999 0.393025055206801 0.596130684206127 0.0108442605870723
  1 1 35 5 0 7464 -999 -999 0.393025055206801 0.596130684206127 0.0108442605870723
  1 1 36 5 0 4961 -999 2.67280459353149e-05 0.43597982921346 0.558468034340174 0.00555213644636685
  1 1 36 5 0 6278 -999 2.67280459353149e-05 0.43597982921346 0.558468034340174 0.00555213644636685
  1 1 36 5 0 13203 -999 2.67280459353149e-05 0.43597982921346 0.558468034340174 0.00555213644636685
  1 1 36 5 0 6835 -999 2.67280459353149e-05 0.43597982921346 0.558468034340174 0.00555213644636685
  1 1 36 5 0 5760 -999 2.67280459353149e-05 0.43597982921346 0.558468034340174 0.00555213644636685
  1 1 36 5 0 7712 -999 2.67280459353149e-05 0.43597982921346 0.558468034340174 0.00555213644636685
  1 1 36 5 0 2787 -999 2.67280459353149e-05 0.43597982921346 0.558468034340174 0.00555213644636685
  1 1 36 5 0 1215 -999 2.67280459353149e-05 0.43597982921346 0.558468034340174 0.00555213644636685
  1 1 36 5 0 668 -999 2.67280459353149e-05 0.43597982921346 0.558468034340174 0.00555213644636685
  1 1 36 5 0 9061 -999 2.67280459353149e-05 0.43597982921346 0.558468034340174 0.00555213644636685
  1 1 37 5 0 3198 -999 -999 0.584940741624741 0.413891769660731 0.00116748871452799
  1 1 37 5 0 9271 -999 -999 0.584940741624741 0.413891769660731 0.00116748871452799
  1 1 37 5 0 14334 -999 -999 0.584940741624741 0.413891769660731 0.00116748871452799
  1 1 37 5 0 9537 -999 -999 0.584940741624741 0.413891769660731 0.00116748871452799
  1 1 37 5 0 6833 -999 -999 0.584940741624741 0.413891769660731 0.00116748871452799
  1 1 37 5 0 7099 -999 -999 0.584940741624741 0.413891769660731 0.00116748871452799
  1 1 37 5 0 1101 -999 -999 0.584940741624741 0.413891769660731 0.00116748871452799
  1 1 37 5 0 1210 -999 -999 0.584940741624741 0.413891769660731 0.00116748871452799
  1 1 37 5 0 525 -999 -999 0.584940741624741 0.413891769660731 0.00116748871452799
  1 1 37 5 0 10941 -999 -999 0.584940741624741 0.413891769660731 0.00116748871452799
  1 1 38 5 0 3895 -999 -999 0.59462970348965 0.404155906957631 0.00121438955271931
  1 1 38 5 0 4705 -999 -999 0.59462970348965 0.404155906957631 0.00121438955271931
  1 1 38 5 0 15143 -999 -999 0.59462970348965 0.404155906957631 0.00121438955271931
  1 1 38 5 0 9214 -999 -999 0.59462970348965 0.404155906957631 0.00121438955271931
  1 1 38 5 0 7189 -999 -999 0.59462970348965 0.404155906957631 0.00121438955271931
  1 1 38 5 0 9280 -999 -999 0.59462970348965 0.404155906957631 0.00121438955271931
  1 1 38 5 0 3117 -999 -999 0.59462970348965 0.404155906957631 0.00121438955271931
  1 1 38 5 0 2897 -999 -999 0.59462970348965 0.404155906957631 0.00121438955271931
  1 1 38 5 0 490 -999 -999 0.59462970348965 0.404155906957631 0.00121438955271931
  1 1 38 5 0 12758 -999 -999 0.59462970348965 0.404155906957631 0.00121438955271931
  1 1 39 5 0 4049 -999 -999 0.641082155940002 0.358456947124773 0.000460896935224887
  1 1 39 5 0 9431 -999 -999 0.641082155940002 0.358456947124773 0.000460896935224887
  1 1 39 5 0 15606 -999 -999 0.641082155940002 0.358456947124773 0.000460896935224887
  1 1 39 5 0 12486 -999 -999 0.641082155940002 0.358456947124773 0.000460896935224887
  1 1 39 5 0 8834 -999 -999 0.641082155940002 0.358456947124773 0.000460896935224887
  1 1 39 5 0 11055 -999 -999 0.641082155940002 0.358456947124773 0.000460896935224887
  1 1 39 5 0 5250 -999 -999 0.641082155940002 0.358456947124773 0.000460896935224887
  1 1 39 5 0 4857 -999 -999 0.641082155940002 0.358456947124773 0.000460896935224887
  1 1 39 5 0 562 -999 -999 0.641082155940002 0.358456947124773 0.000460896935224887
  1 1 39 5 0 15410 -999 -999 0.641082155940002 0.358456947124773 0.000460896935224887
  1 1 40 5 0 3400 -999 -999 0.785878967559737 0.214121032440263 -999
  1 1 40 5 0 8362 -999 -999 0.785878967559737 0.214121032440263 -999
  1 1 40 5 0 14843 -999 -999 0.785878967559737 0.214121032440263 -999
  1 1 40 5 0 14692 -999 -999 0.785878967559737 0.214121032440263 -999
  1 1 40 5 0 7760 -999 -999 0.785878967559737 0.214121032440263 -999
  1 1 40 5 0 7772 -999 -999 0.785878967559737 0.214121032440263 -999
  1 1 40 5 0 9474 -999 -999 0.785878967559737 0.214121032440263 -999
  1 1 40 5 0 3394 -999 -999 0.785878967559737 0.214121032440263 -999
  1 1 40 5 0 418 -999 -999 0.785878967559737 0.214121032440263 -999
  1 1 40 5 0 19860 -999 -999 0.785878967559737 0.214121032440263 -999
  1 1 41 5 0 3426 -999 -999 0.856645577900921 0.143100897345242 0.000253524753837676
  1 1 41 5 0 8601 -999 -999 0.856645577900921 0.143100897345242 0.000253524753837676
  1 1 41 5 0 13766 -999 -999 0.856645577900921 0.143100897345242 0.000253524753837676
  1 1 41 5 0 14178 -999 -999 0.856645577900921 0.143100897345242 0.000253524753837676
  1 1 41 5 0 9867 -999 -999 0.856645577900921 0.143100897345242 0.000253524753837676
  1 1 41 5 0 6359 -999 -999 0.856645577900921 0.143100897345242 0.000253524753837676
  1 1 41 5 0 11911 -999 -999 0.856645577900921 0.143100897345242 0.000253524753837676
  1 1 41 5 0 3161 -999 -999 0.856645577900921 0.143100897345242 0.000253524753837676
  1 1 41 5 0 356 -999 -999 0.856645577900921 0.143100897345242 0.000253524753837676
  1 1 41 5 0 15454 -999 -999 0.856645577900921 0.143100897345242 0.000253524753837676
  1 1 42 5 0 2090 -999 -999 0.830925873530677 0.168187417439377 0.000886709029945992
  1 1 42 5 0 8943 -999 -999 0.830925873530677 0.168187417439377 0.000886709029945992
  1 1 42 5 0 11289 -999 -999 0.830925873530677 0.168187417439377 0.000886709029945992
  1 1 42 5 0 13375 -999 -999 0.830925873530677 0.168187417439377 0.000886709029945992
  1 1 42 5 0 9542 -999 -999 0.830925873530677 0.168187417439377 0.000886709029945992
  1 1 42 5 0 6157 -999 -999 0.830925873530677 0.168187417439377 0.000886709029945992
  1 1 42 5 0 4911 -999 -999 0.830925873530677 0.168187417439377 0.000886709029945992
  1 1 42 5 0 4357 -999 -999 0.830925873530677 0.168187417439377 0.000886709029945992
  1 1 42 5 0 500 -999 -999 0.830925873530677 0.168187417439377 0.000886709029945992
  1 1 42 5 0 12303 -999 -999 0.830925873530677 0.168187417439377 0.000886709029945992
  1 1 43 5 0 2770 -999 -999 0.793250307138165 0.206594924418327 0.000154768443507468
  1 1 43 5 0 11283 -999 -999 0.793250307138165 0.206594924418327 0.000154768443507468
  1 1 43 5 0 12563 -999 -999 0.793250307138165 0.206594924418327 0.000154768443507468
  1 1 43 5 0 15155 -999 -999 0.793250307138165 0.206594924418327 0.000154768443507468
  1 1 43 5 0 15542 -999 -999 0.793250307138165 0.206594924418327 0.000154768443507468
  1 1 43 5 0 6127 -999 -999 0.793250307138165 0.206594924418327 0.000154768443507468
  1 1 43 5 0 3025 -999 -999 0.793250307138165 0.206594924418327 0.000154768443507468
  1 1 43 5 0 5784 -999 -999 0.793250307138165 0.206594924418327 0.000154768443507468
  1 1 43 5 0 544 -999 -999 0.793250307138165 0.206594924418327 0.000154768443507468
  1 1 43 5 0 12754 -999 -999 0.793250307138165 0.206594924418327 0.000154768443507468
  1 1 44 5 0 3676 -999 -999 0.780064790117862 0.219884893235211 5.03166469266524e-05
  1 1 44 5 0 9538 -999 -999 0.780064790117862 0.219884893235211 5.03166469266524e-05
  1 1 44 5 0 10915 -999 -999 0.780064790117862 0.219884893235211 5.03166469266524e-05
  1 1 44 5 0 16617 -999 -999 0.780064790117862 0.219884893235211 5.03166469266524e-05
  1 1 44 5 0 12596 -999 -999 0.780064790117862 0.219884893235211 5.03166469266524e-05
  1 1 44 5 0 6248 -999 -999 0.780064790117862 0.219884893235211 5.03166469266524e-05
  1 1 44 5 0 2697 -999 -999 0.780064790117862 0.219884893235211 5.03166469266524e-05
  1 1 44 5 0 5799 -999 -999 0.780064790117862 0.219884893235211 5.03166469266524e-05
  1 1 44 5 0 481 -999 -999 0.780064790117862 0.219884893235211 5.03166469266524e-05
  1 1 44 5 0 12717 -999 -999 0.780064790117862 0.219884893235211 5.03166469266524e-05
  1 1 45 5 0 2648 -999 0.000152629855922373 0.712657577275437 0.285617358521459 0.0017250642031037
  1 1 45 5 0 6565 -999 0.000152629855922373 0.712657577275437 0.285617358521459 0.0017250642031037
  1 1 45 5 0 8811 -999 0.000152629855922373 0.712657577275437 0.285617358521459 0.0017250642031037
  1 1 45 5 0 8938 -999 0.000152629855922373 0.712657577275437 0.285617358521459 0.0017250642031037
  1 1 45 5 0 6133 -999 0.000152629855922373 0.712657577275437 0.285617358521459 0.0017250642031037
  1 1 45 5 0 6307 -999 0.000152629855922373 0.712657577275437 0.285617358521459 0.0017250642031037
  1 1 45 5 0 2386 -999 0.000152629855922373 0.712657577275437 0.285617358521459 0.0017250642031037
  1 1 45 5 0 4058 -999 0.000152629855922373 0.712657577275437 0.285617358521459 0.0017250642031037
  1 1 45 5 0 476 -999 0.000152629855922373 0.712657577275437 0.285617358521459 0.0017250642031037
  1 1 45 5 0 14943 -999 0.000152629855922373 0.712657577275437 0.285617358521459 0.0017250642031037
  1 1 46 5 0 2140 -999 0.00414869543430056 0.869722232622864 0.13010345713702 0.000174310240115793
  1 1 46 5 0 6293 -999 0.00414869543430056 0.869722232622864 0.13010345713702 0.000174310240115793
  1 1 46 5 0 8254 -999 0.00414869543430056 0.869722232622864 0.13010345713702 0.000174310240115793
  1 1 46 5 0 5206 -999 0.00414869543430056 0.869722232622864 0.13010345713702 0.000174310240115793
  1 1 46 5 0 6246 -999 0.00414869543430056 0.869722232622864 0.13010345713702 0.000174310240115793
  1 1 46 5 0 6676 -999 0.00414869543430056 0.869722232622864 0.13010345713702 0.000174310240115793
  1 1 46 5 0 2921 -999 0.00414869543430056 0.869722232622864 0.13010345713702 0.000174310240115793
  1 1 46 5 0 5891 -999 0.00414869543430056 0.869722232622864 0.13010345713702 0.000174310240115793
  1 1 46 5 0 588 -999 0.00414869543430056 0.869722232622864 0.13010345713702 0.000174310240115793
  1 1 46 5 0 15792 -999 0.00414869543430056 0.869722232622864 0.13010345713702 0.000174310240115793
  1 1 47 5 0 2971 -999 0.00352291705253088 0.922289023102744 0.0775924353929237 0.000118541504332606
  1 1 47 5 0 5259 -999 0.00352291705253088 0.922289023102744 0.0775924353929237 0.000118541504332606
  1 1 47 5 0 6375 -999 0.00352291705253088 0.922289023102744 0.0775924353929237 0.000118541504332606
  1 1 47 5 0 5299 -999 0.00352291705253088 0.922289023102744 0.0775924353929237 0.000118541504332606
  1 1 47 5 0 6756 -999 0.00352291705253088 0.922289023102744 0.0775924353929237 0.000118541504332606
  1 1 47 5 0 7210 -999 0.00352291705253088 0.922289023102744 0.0775924353929237 0.000118541504332606
  1 1 47 5 0 2932 -999 0.00352291705253088 0.922289023102744 0.0775924353929237 0.000118541504332606
  1 1 47 5 0 5069 -999 0.00352291705253088 0.922289023102744 0.0775924353929237 0.000118541504332606
  1 1 47 5 0 482 -999 0.00352291705253088 0.922289023102744 0.0775924353929237 0.000118541504332606
  1 1 47 5 0 12669 -999 0.00352291705253088 0.922289023102744 0.0775924353929237 0.000118541504332606
  1 1 48 5 0 2120 -999 0.00489439927419845 0.951360872061208 0.0485520523345941 8.70756041978596e-05
  1 1 48 5 0 9091 -999 0.00489439927419845 0.951360872061208 0.0485520523345941 8.70756041978596e-05
  1 1 48 5 0 7234 -999 0.00489439927419845 0.951360872061208 0.0485520523345941 8.70756041978596e-05
  1 1 48 5 0 5764 -999 0.00489439927419845 0.951360872061208 0.0485520523345941 8.70756041978596e-05
  1 1 48 5 0 7777 -999 0.00489439927419845 0.951360872061208 0.0485520523345941 8.70756041978596e-05
  1 1 48 5 0 5913 -999 0.00489439927419845 0.951360872061208 0.0485520523345941 8.70756041978596e-05
  1 1 48 5 0 5366 -999 0.00489439927419845 0.951360872061208 0.0485520523345941 8.70756041978596e-05
  1 1 48 5 0 4107 -999 0.00489439927419845 0.951360872061208 0.0485520523345941 8.70756041978596e-05
  1 1 48 5 0 439 -999 0.00489439927419845 0.951360872061208 0.0485520523345941 8.70756041978596e-05
  1 1 48 5 0 14501 -999 0.00489439927419845 0.951360872061208 0.0485520523345941 8.70756041978596e-05
  1 1 49 5 0 1960 -999 0.0289069774434393 0.956182895081125 0.0438171049188746 -999
  1 1 49 5 0 6373 -999 0.0289069774434393 0.956182895081125 0.0438171049188746 -999
  1 1 49 5 0 7697 -999 0.0289069774434393 0.956182895081125 0.0438171049188746 -999
  1 1 49 5 0 2404 -999 0.0289069774434393 0.956182895081125 0.0438171049188746 -999
  1 1 49 5 0 6578 -999 0.0289069774434393 0.956182895081125 0.0438171049188746 -999
  1 1 49 5 0 4876 -999 0.0289069774434393 0.956182895081125 0.0438171049188746 -999
  1 1 49 5 0 5285 -999 0.0289069774434393 0.956182895081125 0.0438171049188746 -999
  1 1 49 5 0 5420 -999 0.0289069774434393 0.956182895081125 0.0438171049188746 -999
  1 1 49 5 0 412 -999 0.0289069774434393 0.956182895081125 0.0438171049188746 -999
  1 1 49 5 0 15260 -999 0.0289069774434393 0.956182895081125 0.0438171049188746 -999
  1 1 50 5 0 2453 -999 0.0199954995323911 0.940038555941084 0.0599092584741251 5.21855847907417e-05
  1 1 50 5 0 7345 -999 0.0199954995323911 0.940038555941084 0.0599092584741251 5.21855847907417e-05
  1 1 50 5 0 11453 -999 0.0199954995323911 0.940038555941084 0.0599092584741251 5.21855847907417e-05
  1 1 50 5 0 3111 -999 0.0199954995323911 0.940038555941084 0.0599092584741251 5.21855847907417e-05
  1 1 50 5 0 7550 -999 0.0199954995323911 0.940038555941084 0.0599092584741251 5.21855847907417e-05
  1 1 50 5 0 5812 -999 0.0199954995323911 0.940038555941084 0.0599092584741251 5.21855847907417e-05
  1 1 50 5 0 7369 -999 0.0199954995323911 0.940038555941084 0.0599092584741251 5.21855847907417e-05
  1 1 50 5 0 5576 -999 0.0199954995323911 0.940038555941084 0.0599092584741251 5.21855847907417e-05
  1 1 50 5 0 403 -999 0.0199954995323911 0.940038555941084 0.0599092584741251 5.21855847907417e-05
  1 1 50 5 0 13965 -999 0.0199954995323911 0.940038555941084 0.0599092584741251 5.21855847907417e-05
  1 1 51 5 0 2803 -999 0.0195311843133778 0.976865781364401 0.0231342186355986 -999
  1 1 51 5 0 3807 -999 0.0195311843133778 0.976865781364401 0.0231342186355986 -999
  1 1 51 5 0 5480 -999 0.0195311843133778 0.976865781364401 0.0231342186355986 -999
  1 1 51 5 0 1183 -999 0.0195311843133778 0.976865781364401 0.0231342186355986 -999
  1 1 51 5 0 6294 -999 0.0195311843133778 0.976865781364401 0.0231342186355986 -999
  1 1 51 5 0 5185 -999 0.0195311843133778 0.976865781364401 0.0231342186355986 -999
  1 1 51 5 0 5675 -999 0.0195311843133778 0.976865781364401 0.0231342186355986 -999
  1 1 51 5 0 4633 -999 0.0195311843133778 0.976865781364401 0.0231342186355986 -999
  1 1 51 5 0 409 -999 0.0195311843133778 0.976865781364401 0.0231342186355986 -999
  1 1 51 5 0 15256 -999 0.0195311843133778 0.976865781364401 0.0231342186355986 -999
  1 1 52 5 0 2608 -999 0.0148660982868026 0.989978447415 0.0100215525850006 -999
  1 1 52 5 0 1879 -999 0.0148660982868026 0.989978447415 0.0100215525850006 -999
  1 1 52 5 0 1826 -999 0.0148660982868026 0.989978447415 0.0100215525850006 -999
  1 1 52 5 0 241 -999 0.0148660982868026 0.989978447415 0.0100215525850006 -999
  1 1 52 5 0 3287 -999 0.0148660982868026 0.989978447415 0.0100215525850006 -999
  1 1 52 5 0 3711 -999 0.0148660982868026 0.989978447415 0.0100215525850006 -999
  1 1 52 5 0 8926 -999 0.0148660982868026 0.989978447415 0.0100215525850006 -999
  1 1 52 5 0 4382 -999 0.0148660982868026 0.989978447415 0.0100215525850006 -999
  1 1 52 5 0 564 -999 0.0148660982868026 0.989978447415 0.0100215525850006 -999
  1 1 52 5 0 13201 -999 0.0148660982868026 0.989978447415 0.0100215525850006 -999
  1 1 1 6 0 19635 -999 0.42954501144212 0.949556823992208 0.0504431760077917 -999
  1 1 2 6 0 3959 0.000406437985145317 0.35703519056943 0.932723052104105 0.0592775711988751 0.0079993766970203
  1 1 2 6 0 19665 0.000406437985145317 0.35703519056943 0.932723052104105 0.0592775711988751 0.0079993766970203
  1 1 2 6 0 12435 0.000406437985145317 0.35703519056943 0.932723052104105 0.0592775711988751 0.0079993766970203
  1 1 2 6 0 19532 0.000406437985145317 0.35703519056943 0.932723052104105 0.0592775711988751 0.0079993766970203
  1 1 2 6 0 2387 0.000406437985145317 0.35703519056943 0.932723052104105 0.0592775711988751 0.0079993766970203
  1 1 3 6 0 4219 0.000131228501222995 0.778094526193733 0.973482273483914 0.0265177265160857 -999
  1 1 3 6 0 186 0.000131228501222995 0.778094526193733 0.973482273483914 0.0265177265160857 -999
  1 1 3 6 0 27024 0.000131228501222995 0.778094526193733 0.973482273483914 0.0265177265160857 -999
  1 1 3 6 0 7933 0.000131228501222995 0.778094526193733 0.973482273483914 0.0265177265160857 -999
  1 1 3 6 0 8476 0.000131228501222995 0.778094526193733 0.973482273483914 0.0265177265160857 -999
  1 1 3 6 0 2372 0.000131228501222995 0.778094526193733 0.973482273483914 0.0265177265160857 -999
  1 1 4 6 0 4462 0.000116743458217465 1.24464907648276 0.975974291158964 0.0240257088410356 -999
  1 1 4 6 0 19834 0.000116743458217465 1.24464907648276 0.975974291158964 0.0240257088410356 -999
  1 1 4 6 0 11410 0.000116743458217465 1.24464907648276 0.975974291158964 0.0240257088410356 -999
  1 1 4 6 0 12204 0.000116743458217465 1.24464907648276 0.975974291158964 0.0240257088410356 -999
  1 1 4 6 0 3351 0.000116743458217465 1.24464907648276 0.975974291158964 0.0240257088410356 -999
  1 1 5 6 0 3568 0.000150300331953005 0.605906186056985 0.861298488747286 0.138701511252714 -999
  1 1 5 6 0 15026 0.000150300331953005 0.605906186056985 0.861298488747286 0.138701511252714 -999
  1 1 5 6 0 5896 0.000150300331953005 0.605906186056985 0.861298488747286 0.138701511252714 -999
  1 1 5 6 0 16453 0.000150300331953005 0.605906186056985 0.861298488747286 0.138701511252714 -999
  1 1 5 6 0 1437 0.000150300331953005 0.605906186056985 0.861298488747286 0.138701511252714 -999
  1 1 6 6 0 7752 0.000825548548654993 2.28595112962324 0.865179135699071 0.134820864300928 -999
  1 1 6 6 0 1033 0.000825548548654993 2.28595112962324 0.865179135699071 0.134820864300928 -999
  1 1 6 6 0 13494 0.000825548548654993 2.28595112962324 0.865179135699071 0.134820864300928 -999
  1 1 6 6 0 6429 0.000825548548654993 2.28595112962324 0.865179135699071 0.134820864300928 -999
  1 1 6 6 0 8919 0.000825548548654993 2.28595112962324 0.865179135699071 0.134820864300928 -999
  1 1 6 6 0 183 0.000825548548654993 2.28595112962324 0.865179135699071 0.134820864300928 -999
  1 1 6 6 0 4506 0.000825548548654993 2.28595112962324 0.865179135699071 0.134820864300928 -999
  1 1 7 6 0 6993 0.000875099850985393 0.914481012832778 0.913356764086103 0.0866432359138966 -999
  1 1 7 6 0 3718 0.000875099850985393 0.914481012832778 0.913356764086103 0.0866432359138966 -999
  1 1 7 6 0 17108 0.000875099850985393 0.914481012832778 0.913356764086103 0.0866432359138966 -999
  1 1 7 6 0 4275 0.000875099850985393 0.914481012832778 0.913356764086103 0.0866432359138966 -999
  1 1 7 6 0 22982 0.000875099850985393 0.914481012832778 0.913356764086103 0.0866432359138966 -999
  1 1 7 6 0 200 0.000875099850985393 0.914481012832778 0.913356764086103 0.0866432359138966 -999
  1 1 7 6 0 1684 0.000875099850985393 0.914481012832778 0.913356764086103 0.0866432359138966 -999
  1 1 8 6 0 8126 0.000165978608810702 0.685546524576791 0.926460003835381 0.0735399961646187 -999
  1 1 8 6 0 8656 0.000165978608810702 0.685546524576791 0.926460003835381 0.0735399961646187 -999
  1 1 8 6 0 15343 0.000165978608810702 0.685546524576791 0.926460003835381 0.0735399961646187 -999
  1 1 8 6 0 4104 0.000165978608810702 0.685546524576791 0.926460003835381 0.0735399961646187 -999
  1 1 8 6 0 24156 0.000165978608810702 0.685546524576791 0.926460003835381 0.0735399961646187 -999
  1 1 8 6 0 486 0.000165978608810702 0.685546524576791 0.926460003835381 0.0735399961646187 -999
  1 1 8 6 0 2447 0.000165978608810702 0.685546524576791 0.926460003835381 0.0735399961646187 -999
  1 1 9 6 0 5570 5.01217806005024e-05 0.597972266491326 0.93948232495026 0.06051767504974 -999
  1 1 9 6 0 4983 5.01217806005024e-05 0.597972266491326 0.93948232495026 0.06051767504974 -999
  1 1 9 6 0 10840 5.01217806005024e-05 0.597972266491326 0.93948232495026 0.06051767504974 -999
  1 1 9 6 0 2490 5.01217806005024e-05 0.597972266491326 0.93948232495026 0.06051767504974 -999
  1 1 9 6 0 31957 5.01217806005024e-05 0.597972266491326 0.93948232495026 0.06051767504974 -999
  1 1 9 6 0 1308 5.01217806005024e-05 0.597972266491326 0.93948232495026 0.06051767504974 -999
  1 1 9 6 0 5444 5.01217806005024e-05 0.597972266491326 0.93948232495026 0.06051767504974 -999
  1 1 10 6 0 9412 -999 0.523155769478141 0.91263032248441 0.0873696775155897 -999
  1 1 10 6 0 6201 -999 0.523155769478141 0.91263032248441 0.0873696775155897 -999
  1 1 10 6 0 8134 -999 0.523155769478141 0.91263032248441 0.0873696775155897 -999
  1 1 10 6 0 10539 -999 0.523155769478141 0.91263032248441 0.0873696775155897 -999
  1 1 10 6 0 33037 -999 0.523155769478141 0.91263032248441 0.0873696775155897 -999
  1 1 10 6 0 2040 -999 0.523155769478141 0.91263032248441 0.0873696775155897 -999
  1 1 10 6 0 6776 -999 0.523155769478141 0.91263032248441 0.0873696775155897 -999
  1 1 11 6 0 6737 0.000131953227325645 0.368580029374321 0.941189197241289 0.0588108027587112 -999
  1 1 11 6 0 4186 0.000131953227325645 0.368580029374321 0.941189197241289 0.0588108027587112 -999
  1 1 11 6 0 6237 0.000131953227325645 0.368580029374321 0.941189197241289 0.0588108027587112 -999
  1 1 11 6 0 10102 0.000131953227325645 0.368580029374321 0.941189197241289 0.0588108027587112 -999
  1 1 11 6 0 28216 0.000131953227325645 0.368580029374321 0.941189197241289 0.0588108027587112 -999
  1 1 11 6 0 247 0.000131953227325645 0.368580029374321 0.941189197241289 0.0588108027587112 -999
  1 1 11 6 0 4442 0.000131953227325645 0.368580029374321 0.941189197241289 0.0588108027587112 -999
  1 1 12 6 0 6975 8.95135625258807e-06 0.316069204326762 0.887759489494171 0.112240510505829 -999
  1 1 12 6 0 4518 8.95135625258807e-06 0.316069204326762 0.887759489494171 0.112240510505829 -999
  1 1 12 6 0 8020 8.95135625258807e-06 0.316069204326762 0.887759489494171 0.112240510505829 -999
  1 1 12 6 0 9884 8.95135625258807e-06 0.316069204326762 0.887759489494171 0.112240510505829 -999
  1 1 12 6 0 37294 8.95135625258807e-06 0.316069204326762 0.887759489494171 0.112240510505829 -999
  1 1 12 6 0 617 8.95135625258807e-06 0.316069204326762 0.887759489494171 0.112240510505829 -999
  1 1 12 6 0 259 8.95135625258807e-06 0.316069204326762 0.887759489494171 0.112240510505829 -999
  1 1 12 6 0 3668 8.95135625258807e-06 0.316069204326762 0.887759489494171 0.112240510505829 -999
  1 1 13 6 0 4949 -999 0.955556836298694 0.986656852740254 0.00676293376309129 0.00658021349665493
  1 1 13 6 0 7985 -999 0.955556836298694 0.986656852740254 0.00676293376309129 0.00658021349665493
  1 1 13 6 0 8657 -999 0.955556836298694 0.986656852740254 0.00676293376309129 0.00658021349665493
  1 1 13 6 0 9235 -999 0.955556836298694 0.986656852740254 0.00676293376309129 0.00658021349665493
  1 1 13 6 0 28315 -999 0.955556836298694 0.986656852740254 0.00676293376309129 0.00658021349665493
  1 1 13 6 0 3185 -999 0.955556836298694 0.986656852740254 0.00676293376309129 0.00658021349665493
  1 1 13 6 0 4898 -999 0.955556836298694 0.986656852740254 0.00676293376309129 0.00658021349665493
  1 1 14 6 0 4303 0.000682152813535746 1.15950659245685 0.981202389873075 0.0187976101269251 -999
  1 1 14 6 0 5165 0.000682152813535746 1.15950659245685 0.981202389873075 0.0187976101269251 -999
  1 1 14 6 0 4717 0.000682152813535746 1.15950659245685 0.981202389873075 0.0187976101269251 -999
  1 1 14 6 0 4679 0.000682152813535746 1.15950659245685 0.981202389873075 0.0187976101269251 -999
  1 1 14 6 0 23528 0.000682152813535746 1.15950659245685 0.981202389873075 0.0187976101269251 -999
  1 1 14 6 0 3161 0.000682152813535746 1.15950659245685 0.981202389873075 0.0187976101269251 -999
  1 1 14 6 0 100 0.000682152813535746 1.15950659245685 0.981202389873075 0.0187976101269251 -999
  1 1 14 6 0 5669 0.000682152813535746 1.15950659245685 0.981202389873075 0.0187976101269251 -999
  1 1 15 6 0 11861 0.000212055993635039 0.783472831965133 0.8893553533084 0.1106446466916 -999
  1 1 15 6 0 11871 0.000212055993635039 0.783472831965133 0.8893553533084 0.1106446466916 -999
  1 1 15 6 0 13340 0.000212055993635039 0.783472831965133 0.8893553533084 0.1106446466916 -999
  1 1 15 6 0 7714 0.000212055993635039 0.783472831965133 0.8893553533084 0.1106446466916 -999
  1 1 15 6 0 12696 0.000212055993635039 0.783472831965133 0.8893553533084 0.1106446466916 -999
  1 1 15 6 0 2765 0.000212055993635039 0.783472831965133 0.8893553533084 0.1106446466916 -999
  1 1 15 6 0 704 0.000212055993635039 0.783472831965133 0.8893553533084 0.1106446466916 -999
  1 1 15 6 0 8644 0.000212055993635039 0.783472831965133 0.8893553533084 0.1106446466916 -999
  1 1 16 6 0 12503 -999 0.722199353300619 0.966416025129566 0.0335839748704338 -999
  1 1 16 6 0 13080 -999 0.722199353300619 0.966416025129566 0.0335839748704338 -999
  1 1 16 6 0 11508 -999 0.722199353300619 0.966416025129566 0.0335839748704338 -999
  1 1 16 6 0 8955 -999 0.722199353300619 0.966416025129566 0.0335839748704338 -999
  1 1 16 6 0 11015 -999 0.722199353300619 0.966416025129566 0.0335839748704338 -999
  1 1 16 6 0 3949 -999 0.722199353300619 0.966416025129566 0.0335839748704338 -999
  1 1 16 6 0 492 -999 0.722199353300619 0.966416025129566 0.0335839748704338 -999
  1 1 16 6 0 10523 -999 0.722199353300619 0.966416025129566 0.0335839748704338 -999
  1 1 17 6 0 8717 5.72634451771335e-05 0.646157402070526 0.934555550681863 0.065444449318137 -999
  1 1 17 6 0 9021 5.72634451771335e-05 0.646157402070526 0.934555550681863 0.065444449318137 -999
  1 1 17 6 0 10785 5.72634451771335e-05 0.646157402070526 0.934555550681863 0.065444449318137 -999
  1 1 17 6 0 4762 5.72634451771335e-05 0.646157402070526 0.934555550681863 0.065444449318137 -999
  1 1 17 6 0 10095 5.72634451771335e-05 0.646157402070526 0.934555550681863 0.065444449318137 -999
  1 1 17 6 0 4470 5.72634451771335e-05 0.646157402070526 0.934555550681863 0.065444449318137 -999
  1 1 17 6 0 1508 5.72634451771335e-05 0.646157402070526 0.934555550681863 0.065444449318137 -999
  1 1 17 6 0 8428 5.72634451771335e-05 0.646157402070526 0.934555550681863 0.065444449318137 -999
  1 1 18 6 0 8366 9.70909530164452e-05 0.739996715662359 0.906071300230751 0.0939286997692493 -999
  1 1 18 6 0 12035 9.70909530164452e-05 0.739996715662359 0.906071300230751 0.0939286997692493 -999
  1 1 18 6 0 13087 9.70909530164452e-05 0.739996715662359 0.906071300230751 0.0939286997692493 -999
  1 1 18 6 0 2528 9.70909530164452e-05 0.739996715662359 0.906071300230751 0.0939286997692493 -999
  1 1 18 6 0 8988 9.70909530164452e-05 0.739996715662359 0.906071300230751 0.0939286997692493 -999
  1 1 18 6 0 2857 9.70909530164452e-05 0.739996715662359 0.906071300230751 0.0939286997692493 -999
  1 1 18 6 0 1678 9.70909530164452e-05 0.739996715662359 0.906071300230751 0.0939286997692493 -999
  1 1 18 6 0 11988 9.70909530164452e-05 0.739996715662359 0.906071300230751 0.0939286997692493 -999
  1 1 19 6 0 7515 0.000197236769660573 0.781193464704285 0.886574186865128 0.113425813134872 -999
  1 1 19 6 0 9445 0.000197236769660573 0.781193464704285 0.886574186865128 0.113425813134872 -999
  1 1 19 6 0 8392 0.000197236769660573 0.781193464704285 0.886574186865128 0.113425813134872 -999
  1 1 19 6 0 2276 0.000197236769660573 0.781193464704285 0.886574186865128 0.113425813134872 -999
  1 1 19 6 0 4746 0.000197236769660573 0.781193464704285 0.886574186865128 0.113425813134872 -999
  1 1 19 6 0 4092 0.000197236769660573 0.781193464704285 0.886574186865128 0.113425813134872 -999
  1 1 19 6 0 1461 0.000197236769660573 0.781193464704285 0.886574186865128 0.113425813134872 -999
  1 1 19 6 0 12385 0.000197236769660573 0.781193464704285 0.886574186865128 0.113425813134872 -999
  1 1 20 6 0 6490 2.78083769361705e-05 1.09765478313591 0.977143672796042 0.0228563272039581 -999
  1 1 20 6 0 9062 2.78083769361705e-05 1.09765478313591 0.977143672796042 0.0228563272039581 -999
  1 1 20 6 0 6049 2.78083769361705e-05 1.09765478313591 0.977143672796042 0.0228563272039581 -999
  1 1 20 6 0 2573 2.78083769361705e-05 1.09765478313591 0.977143672796042 0.0228563272039581 -999
  1 1 20 6 0 6394 2.78083769361705e-05 1.09765478313591 0.977143672796042 0.0228563272039581 -999
  1 1 20 6 0 2723 2.78083769361705e-05 1.09765478313591 0.977143672796042 0.0228563272039581 -999
  1 1 20 6 0 2031 2.78083769361705e-05 1.09765478313591 0.977143672796042 0.0228563272039581 -999
  1 1 20 6 0 12139 2.78083769361705e-05 1.09765478313591 0.977143672796042 0.0228563272039581 -999
  1 1 21 6 0 6633 0.000403774129273346 1.72787248476658 0.945339486289243 0.0546605137107566 -999
  1 1 21 6 0 8546 0.000403774129273346 1.72787248476658 0.945339486289243 0.0546605137107566 -999
  1 1 21 6 0 6320 0.000403774129273346 1.72787248476658 0.945339486289243 0.0546605137107566 -999
  1 1 21 6 0 2542 0.000403774129273346 1.72787248476658 0.945339486289243 0.0546605137107566 -999
  1 1 21 6 0 6540 0.000403774129273346 1.72787248476658 0.945339486289243 0.0546605137107566 -999
  1 1 21 6 0 3158 0.000403774129273346 1.72787248476658 0.945339486289243 0.0546605137107566 -999
  1 1 21 6 0 1771 0.000403774129273346 1.72787248476658 0.945339486289243 0.0546605137107566 -999
  1 1 21 6 0 12626 0.000403774129273346 1.72787248476658 0.945339486289243 0.0546605137107566 -999
  1 1 22 6 0 5748 -999 1.62966452574055 0.955696142127393 0.0443038578726067 -999
  1 1 22 6 0 5614 -999 1.62966452574055 0.955696142127393 0.0443038578726067 -999
  1 1 22 6 0 6041 -999 1.62966452574055 0.955696142127393 0.0443038578726067 -999
  1 1 22 6 0 1548 -999 1.62966452574055 0.955696142127393 0.0443038578726067 -999
  1 1 22 6 0 6300 -999 1.62966452574055 0.955696142127393 0.0443038578726067 -999
  1 1 22 6 0 1846 -999 1.62966452574055 0.955696142127393 0.0443038578726067 -999
  1 1 22 6 0 1410 -999 1.62966452574055 0.955696142127393 0.0443038578726067 -999
  1 1 22 6 0 8623 -999 1.62966452574055 0.955696142127393 0.0443038578726067 -999
  1 1 23 6 0 7108 -999 1.31192195043058 0.989889823913319 0.0101101760866805 -999
  1 1 23 6 0 8789 -999 1.31192195043058 0.989889823913319 0.0101101760866805 -999
  1 1 23 6 0 6940 -999 1.31192195043058 0.989889823913319 0.0101101760866805 -999
  1 1 23 6 0 2001 -999 1.31192195043058 0.989889823913319 0.0101101760866805 -999
  1 1 23 6 0 8574 -999 1.31192195043058 0.989889823913319 0.0101101760866805 -999
  1 1 23 6 0 2213 -999 1.31192195043058 0.989889823913319 0.0101101760866805 -999
  1 1 23 6 0 2249 -999 1.31192195043058 0.989889823913319 0.0101101760866805 -999
  1 1 23 6 0 11450 -999 1.31192195043058 0.989889823913319 0.0101101760866805 -999
  1 1 24 6 0 8560 2.761513595637e-05 1.09911978018173 0.837749696098021 0.162250303901979 -999
  1 1 24 6 0 7528 2.761513595637e-05 1.09911978018173 0.837749696098021 0.162250303901979 -999
  1 1 24 6 0 5325 2.761513595637e-05 1.09911978018173 0.837749696098021 0.162250303901979 -999
  1 1 24 6 0 1065 2.761513595637e-05 1.09911978018173 0.837749696098021 0.162250303901979 -999
  1 1 24 6 0 8163 2.761513595637e-05 1.09911978018173 0.837749696098021 0.162250303901979 -999
  1 1 24 6 0 1530 2.761513595637e-05 1.09911978018173 0.837749696098021 0.162250303901979 -999
  1 1 24 6 0 1896 2.761513595637e-05 1.09911978018173 0.837749696098021 0.162250303901979 -999
  1 1 24 6 0 7803 2.761513595637e-05 1.09911978018173 0.837749696098021 0.162250303901979 -999
  1 1 25 6 0 6518 0.00109970787729543 1.0870810465923 0.812239207069578 0.158643997165256 0.0291167957651667
  1 1 25 6 0 7956 0.00109970787729543 1.0870810465923 0.812239207069578 0.158643997165256 0.0291167957651667
  1 1 25 6 0 4551 0.00109970787729543 1.0870810465923 0.812239207069578 0.158643997165256 0.0291167957651667
  1 1 25 6 0 2456 0.00109970787729543 1.0870810465923 0.812239207069578 0.158643997165256 0.0291167957651667
  1 1 25 6 0 11543 0.00109970787729543 1.0870810465923 0.812239207069578 0.158643997165256 0.0291167957651667
  1 1 25 6 0 2534 0.00109970787729543 1.0870810465923 0.812239207069578 0.158643997165256 0.0291167957651667
  1 1 25 6 0 3322 0.00109970787729543 1.0870810465923 0.812239207069578 0.158643997165256 0.0291167957651667
  1 1 25 6 0 800 0.00109970787729543 1.0870810465923 0.812239207069578 0.158643997165256 0.0291167957651667
  1 1 25 6 0 4089 0.00109970787729543 1.0870810465923 0.812239207069578 0.158643997165256 0.0291167957651667
  1 1 26 6 0 6637 0.00261720166507049 1.92956712466955 0.977042734556 0.0229572654440003 -999
  1 1 26 6 0 4469 0.00261720166507049 1.92956712466955 0.977042734556 0.0229572654440003 -999
  1 1 26 6 0 3714 0.00261720166507049 1.92956712466955 0.977042734556 0.0229572654440003 -999
  1 1 26 6 0 1140 0.00261720166507049 1.92956712466955 0.977042734556 0.0229572654440003 -999
  1 1 26 6 0 7936 0.00261720166507049 1.92956712466955 0.977042734556 0.0229572654440003 -999
  1 1 26 6 0 211 0.00261720166507049 1.92956712466955 0.977042734556 0.0229572654440003 -999
  1 1 26 6 0 2948 0.00261720166507049 1.92956712466955 0.977042734556 0.0229572654440003 -999
  1 1 26 6 0 1792 0.00261720166507049 1.92956712466955 0.977042734556 0.0229572654440003 -999
  1 1 26 6 0 3512 0.00261720166507049 1.92956712466955 0.977042734556 0.0229572654440003 -999
  1 1 27 6 0 4245 -999 2.48856428439581 1 -999 -999
  1 1 27 6 0 4711 -999 2.48856428439581 1 -999 -999
  1 1 27 6 0 2203 -999 2.48856428439581 1 -999 -999
  1 1 27 6 0 453 -999 2.48856428439581 1 -999 -999
  1 1 27 6 0 4472 -999 2.48856428439581 1 -999 -999
  1 1 27 6 0 395 -999 2.48856428439581 1 -999 -999
  1 1 27 6 0 2273 -999 2.48856428439581 1 -999 -999
  1 1 27 6 0 1425 -999 2.48856428439581 1 -999 -999
  1 1 27 6 0 5905 -999 2.48856428439581 1 -999 -999
  1 1 28 6 0 2645 -999 0.874213075314398 0.755547215353364 0.244452784646636 -999
  1 1 28 6 0 4707 -999 0.874213075314398 0.755547215353364 0.244452784646636 -999
  1 1 28 6 0 1775 -999 0.874213075314398 0.755547215353364 0.244452784646636 -999
  1 1 28 6 0 291 -999 0.874213075314398 0.755547215353364 0.244452784646636 -999
  1 1 28 6 0 6183 -999 0.874213075314398 0.755547215353364 0.244452784646636 -999
  1 1 28 6 0 1101 -999 0.874213075314398 0.755547215353364 0.244452784646636 -999
  1 1 28 6 0 2291 -999 0.874213075314398 0.755547215353364 0.244452784646636 -999
  1 1 28 6 0 1995 -999 0.874213075314398 0.755547215353364 0.244452784646636 -999
  1 1 28 6 0 4239 -999 0.874213075314398 0.755547215353364 0.244452784646636 -999
  1 1 29 6 0 2203 -999 2.72096215229732 1 -999 -999
  1 1 29 6 0 5025 -999 2.72096215229732 1 -999 -999
  1 1 29 6 0 5275 -999 2.72096215229732 1 -999 -999
  1 1 29 6 0 2776 -999 2.72096215229732 1 -999 -999
  1 1 29 6 0 457 -999 2.72096215229732 1 -999 -999
  1 1 29 6 0 7481 -999 2.72096215229732 1 -999 -999
  1 1 29 6 0 2282 -999 2.72096215229732 1 -999 -999
  1 1 29 6 0 2231 -999 2.72096215229732 1 -999 -999
  1 1 29 6 0 1222 -999 2.72096215229732 1 -999 -999
  1 1 29 6 0 2963 -999 2.72096215229732 1 -999 -999
  1 1 30 6 0 2520 0.00313127298330778 2.24306413337863 0.992949876841988 0.00705012315801162 -999
  1 1 30 6 0 6369 0.00313127298330778 2.24306413337863 0.992949876841988 0.00705012315801162 -999
  1 1 30 6 0 6897 0.00313127298330778 2.24306413337863 0.992949876841988 0.00705012315801162 -999
  1 1 30 6 0 5448 0.00313127298330778 2.24306413337863 0.992949876841988 0.00705012315801162 -999
  1 1 30 6 0 2381 0.00313127298330778 2.24306413337863 0.992949876841988 0.00705012315801162 -999
  1 1 30 6 0 10905 0.00313127298330778 2.24306413337863 0.992949876841988 0.00705012315801162 -999
  1 1 30 6 0 2349 0.00313127298330778 2.24306413337863 0.992949876841988 0.00705012315801162 -999
  1 1 30 6 0 748 0.00313127298330778 2.24306413337863 0.992949876841988 0.00705012315801162 -999
  1 1 30 6 0 620 0.00313127298330778 2.24306413337863 0.992949876841988 0.00705012315801162 -999
  1 1 30 6 0 7550 0.00313127298330778 2.24306413337863 0.992949876841988 0.00705012315801162 -999
  1 1 31 6 0 710 0.00295030319384411 1.89455177778256 0.985180160053536 0.0148198399464643 -999
  1 1 31 6 0 6840 0.00295030319384411 1.89455177778256 0.985180160053536 0.0148198399464643 -999
  1 1 31 6 0 5402 0.00295030319384411 1.89455177778256 0.985180160053536 0.0148198399464643 -999
  1 1 31 6 0 1789 0.00295030319384411 1.89455177778256 0.985180160053536 0.0148198399464643 -999
  1 1 31 6 0 1628 0.00295030319384411 1.89455177778256 0.985180160053536 0.0148198399464643 -999
  1 1 31 6 0 9156 0.00295030319384411 1.89455177778256 0.985180160053536 0.0148198399464643 -999
  1 1 31 6 0 1956 0.00295030319384411 1.89455177778256 0.985180160053536 0.0148198399464643 -999
  1 1 31 6 0 751 0.00295030319384411 1.89455177778256 0.985180160053536 0.0148198399464643 -999
  1 1 31 6 0 1103 0.00295030319384411 1.89455177778256 0.985180160053536 0.0148198399464643 -999
  1 1 31 6 0 8541 0.00295030319384411 1.89455177778256 0.985180160053536 0.0148198399464643 -999
  1 1 32 6 0 1818 0.00127353886958723 1.55019815884932 0.86135736264172 0.13864263735828 -999
  1 1 32 6 0 6291 0.00127353886958723 1.55019815884932 0.86135736264172 0.13864263735828 -999
  1 1 32 6 0 5487 0.00127353886958723 1.55019815884932 0.86135736264172 0.13864263735828 -999
  1 1 32 6 0 2366 0.00127353886958723 1.55019815884932 0.86135736264172 0.13864263735828 -999
  1 1 32 6 0 2277 0.00127353886958723 1.55019815884932 0.86135736264172 0.13864263735828 -999
  1 1 32 6 0 10446 0.00127353886958723 1.55019815884932 0.86135736264172 0.13864263735828 -999
  1 1 32 6 0 4297 0.00127353886958723 1.55019815884932 0.86135736264172 0.13864263735828 -999
  1 1 32 6 0 404 0.00127353886958723 1.55019815884932 0.86135736264172 0.13864263735828 -999
  1 1 32 6 0 951 0.00127353886958723 1.55019815884932 0.86135736264172 0.13864263735828 -999
  1 1 32 6 0 7576 0.00127353886958723 1.55019815884932 0.86135736264172 0.13864263735828 -999
  1 1 33 6 0 5877 -999 1.70803777599834 0.872683263845495 0.127316736154505 -999
  1 1 33 6 0 11510 -999 1.70803777599834 0.872683263845495 0.127316736154505 -999
  1 1 33 6 0 13068 -999 1.70803777599834 0.872683263845495 0.127316736154505 -999
  1 1 33 6 0 4696 -999 1.70803777599834 0.872683263845495 0.127316736154505 -999
  1 1 33 6 0 3199 -999 1.70803777599834 0.872683263845495 0.127316736154505 -999
  1 1 33 6 0 9159 -999 1.70803777599834 0.872683263845495 0.127316736154505 -999
  1 1 33 6 0 907 -999 1.70803777599834 0.872683263845495 0.127316736154505 -999
  1 1 33 6 0 2799 -999 1.70803777599834 0.872683263845495 0.127316736154505 -999
  1 1 33 6 0 1317 -999 1.70803777599834 0.872683263845495 0.127316736154505 -999
  1 1 33 6 0 4539 -999 1.70803777599834 0.872683263845495 0.127316736154505 -999
  1 1 34 6 0 6609 0.000210963190626768 0.41466336206454 0.736793283236177 0.260962171659258 0.00224454510456552
  1 1 34 6 0 8518 0.000210963190626768 0.41466336206454 0.736793283236177 0.260962171659258 0.00224454510456552
  1 1 34 6 0 10248 0.000210963190626768 0.41466336206454 0.736793283236177 0.260962171659258 0.00224454510456552
  1 1 34 6 0 4922 0.000210963190626768 0.41466336206454 0.736793283236177 0.260962171659258 0.00224454510456552
  1 1 34 6 0 5810 0.000210963190626768 0.41466336206454 0.736793283236177 0.260962171659258 0.00224454510456552
  1 1 34 6 0 10178 0.000210963190626768 0.41466336206454 0.736793283236177 0.260962171659258 0.00224454510456552
  1 1 34 6 0 3026 0.000210963190626768 0.41466336206454 0.736793283236177 0.260962171659258 0.00224454510456552
  1 1 34 6 0 649 0.000210963190626768 0.41466336206454 0.736793283236177 0.260962171659258 0.00224454510456552
  1 1 34 6 0 1178 0.000210963190626768 0.41466336206454 0.736793283236177 0.260962171659258 0.00224454510456552
  1 1 34 6 0 13640 0.000210963190626768 0.41466336206454 0.736793283236177 0.260962171659258 0.00224454510456552
  1 1 35 6 0 7153 -999 1.56034812091267 0.879139031421651 0.109954865962353 0.0109061026159965
  1 1 35 6 0 7093 -999 1.56034812091267 0.879139031421651 0.109954865962353 0.0109061026159965
  1 1 35 6 0 10773 -999 1.56034812091267 0.879139031421651 0.109954865962353 0.0109061026159965
  1 1 35 6 0 5216 -999 1.56034812091267 0.879139031421651 0.109954865962353 0.0109061026159965
  1 1 35 6 0 3419 -999 1.56034812091267 0.879139031421651 0.109954865962353 0.0109061026159965
  1 1 35 6 0 9640 -999 1.56034812091267 0.879139031421651 0.109954865962353 0.0109061026159965
  1 1 35 6 0 2461 -999 1.56034812091267 0.879139031421651 0.109954865962353 0.0109061026159965
  1 1 35 6 0 398 -999 1.56034812091267 0.879139031421651 0.109954865962353 0.0109061026159965
  1 1 35 6 0 639 -999 1.56034812091267 0.879139031421651 0.109954865962353 0.0109061026159965
  1 1 35 6 0 7464 -999 1.56034812091267 0.879139031421651 0.109954865962353 0.0109061026159965
  1 1 36 6 0 4961 0.00577910801472087 2.28791894716999 0.709503312121048 0.290496687878952 -999
  1 1 36 6 0 6278 0.00577910801472087 2.28791894716999 0.709503312121048 0.290496687878952 -999
  1 1 36 6 0 13203 0.00577910801472087 2.28791894716999 0.709503312121048 0.290496687878952 -999
  1 1 36 6 0 6835 0.00577910801472087 2.28791894716999 0.709503312121048 0.290496687878952 -999
  1 1 36 6 0 5760 0.00577910801472087 2.28791894716999 0.709503312121048 0.290496687878952 -999
  1 1 36 6 0 7712 0.00577910801472087 2.28791894716999 0.709503312121048 0.290496687878952 -999
  1 1 36 6 0 2787 0.00577910801472087 2.28791894716999 0.709503312121048 0.290496687878952 -999
  1 1 36 6 0 1215 0.00577910801472087 2.28791894716999 0.709503312121048 0.290496687878952 -999
  1 1 36 6 0 668 0.00577910801472087 2.28791894716999 0.709503312121048 0.290496687878952 -999
  1 1 36 6 0 9061 0.00577910801472087 2.28791894716999 0.709503312121048 0.290496687878952 -999
  1 1 37 6 0 3198 0.00177346931857621 1.56728662249176 0.950448475826011 0.0495515241739888 -999
  1 1 37 6 0 9271 0.00177346931857621 1.56728662249176 0.950448475826011 0.0495515241739888 -999
  1 1 37 6 0 14334 0.00177346931857621 1.56728662249176 0.950448475826011 0.0495515241739888 -999
  1 1 37 6 0 9537 0.00177346931857621 1.56728662249176 0.950448475826011 0.0495515241739888 -999
  1 1 37 6 0 6833 0.00177346931857621 1.56728662249176 0.950448475826011 0.0495515241739888 -999
  1 1 37 6 0 7099 0.00177346931857621 1.56728662249176 0.950448475826011 0.0495515241739888 -999
  1 1 37 6 0 1101 0.00177346931857621 1.56728662249176 0.950448475826011 0.0495515241739888 -999
  1 1 37 6 0 1210 0.00177346931857621 1.56728662249176 0.950448475826011 0.0495515241739888 -999
  1 1 37 6 0 525 0.00177346931857621 1.56728662249176 0.950448475826011 0.0495515241739888 -999
  1 1 37 6 0 10941 0.00177346931857621 1.56728662249176 0.950448475826011 0.0495515241739888 -999
  1 1 38 6 0 3895 9.22833817083733e-05 1.34307094061824 0.966540308173942 0.0334596918260585 -999
  1 1 38 6 0 4705 9.22833817083733e-05 1.34307094061824 0.966540308173942 0.0334596918260585 -999
  1 1 38 6 0 15143 9.22833817083733e-05 1.34307094061824 0.966540308173942 0.0334596918260585 -999
  1 1 38 6 0 9214 9.22833817083733e-05 1.34307094061824 0.966540308173942 0.0334596918260585 -999
  1 1 38 6 0 7189 9.22833817083733e-05 1.34307094061824 0.966540308173942 0.0334596918260585 -999
  1 1 38 6 0 9280 9.22833817083733e-05 1.34307094061824 0.966540308173942 0.0334596918260585 -999
  1 1 38 6 0 3117 9.22833817083733e-05 1.34307094061824 0.966540308173942 0.0334596918260585 -999
  1 1 38 6 0 2897 9.22833817083733e-05 1.34307094061824 0.966540308173942 0.0334596918260585 -999
  1 1 38 6 0 490 9.22833817083733e-05 1.34307094061824 0.966540308173942 0.0334596918260585 -999
  1 1 38 6 0 12758 9.22833817083733e-05 1.34307094061824 0.966540308173942 0.0334596918260585 -999
  1 1 39 6 0 4049 0.00111943175044796 1.71540903180259 0.962183847387845 0.0378161526121552 -999
  1 1 39 6 0 9431 0.00111943175044796 1.71540903180259 0.962183847387845 0.0378161526121552 -999
  1 1 39 6 0 15606 0.00111943175044796 1.71540903180259 0.962183847387845 0.0378161526121552 -999
  1 1 39 6 0 12486 0.00111943175044796 1.71540903180259 0.962183847387845 0.0378161526121552 -999
  1 1 39 6 0 8834 0.00111943175044796 1.71540903180259 0.962183847387845 0.0378161526121552 -999
  1 1 39 6 0 11055 0.00111943175044796 1.71540903180259 0.962183847387845 0.0378161526121552 -999
  1 1 39 6 0 5250 0.00111943175044796 1.71540903180259 0.962183847387845 0.0378161526121552 -999
  1 1 39 6 0 4857 0.00111943175044796 1.71540903180259 0.962183847387845 0.0378161526121552 -999
  1 1 39 6 0 562 0.00111943175044796 1.71540903180259 0.962183847387845 0.0378161526121552 -999
  1 1 39 6 0 15410 0.00111943175044796 1.71540903180259 0.962183847387845 0.0378161526121552 -999
  1 1 40 6 0 3400 0.000139763342535733 1.3649225337802 0.976005040699816 0.0239949593001845 -999
  1 1 40 6 0 8362 0.000139763342535733 1.3649225337802 0.976005040699816 0.0239949593001845 -999
  1 1 40 6 0 14843 0.000139763342535733 1.3649225337802 0.976005040699816 0.0239949593001845 -999
  1 1 40 6 0 14692 0.000139763342535733 1.3649225337802 0.976005040699816 0.0239949593001845 -999
  1 1 40 6 0 7760 0.000139763342535733 1.3649225337802 0.976005040699816 0.0239949593001845 -999
  1 1 40 6 0 7772 0.000139763342535733 1.3649225337802 0.976005040699816 0.0239949593001845 -999
  1 1 40 6 0 9474 0.000139763342535733 1.3649225337802 0.976005040699816 0.0239949593001845 -999
  1 1 40 6 0 3394 0.000139763342535733 1.3649225337802 0.976005040699816 0.0239949593001845 -999
  1 1 40 6 0 418 0.000139763342535733 1.3649225337802 0.976005040699816 0.0239949593001845 -999
  1 1 40 6 0 19860 0.000139763342535733 1.3649225337802 0.976005040699816 0.0239949593001845 -999
  1 1 41 6 0 3426 6.12892049041979e-05 1.1319320312629 0.966655326026976 0.033344673973024 -999
  1 1 41 6 0 8601 6.12892049041979e-05 1.1319320312629 0.966655326026976 0.033344673973024 -999
  1 1 41 6 0 13766 6.12892049041979e-05 1.1319320312629 0.966655326026976 0.033344673973024 -999
  1 1 41 6 0 14178 6.12892049041979e-05 1.1319320312629 0.966655326026976 0.033344673973024 -999
  1 1 41 6 0 9867 6.12892049041979e-05 1.1319320312629 0.966655326026976 0.033344673973024 -999
  1 1 41 6 0 6359 6.12892049041979e-05 1.1319320312629 0.966655326026976 0.033344673973024 -999
  1 1 41 6 0 11911 6.12892049041979e-05 1.1319320312629 0.966655326026976 0.033344673973024 -999
  1 1 41 6 0 3161 6.12892049041979e-05 1.1319320312629 0.966655326026976 0.033344673973024 -999
  1 1 41 6 0 356 6.12892049041979e-05 1.1319320312629 0.966655326026976 0.033344673973024 -999
  1 1 41 6 0 15454 6.12892049041979e-05 1.1319320312629 0.966655326026976 0.033344673973024 -999
  1 1 42 6 0 2090 2.05719974449758e-05 0.890242082206767 0.948837869932858 0.0511621300671417 -999
  1 1 42 6 0 8943 2.05719974449758e-05 0.890242082206767 0.948837869932858 0.0511621300671417 -999
  1 1 42 6 0 11289 2.05719974449758e-05 0.890242082206767 0.948837869932858 0.0511621300671417 -999
  1 1 42 6 0 13375 2.05719974449758e-05 0.890242082206767 0.948837869932858 0.0511621300671417 -999
  1 1 42 6 0 9542 2.05719974449758e-05 0.890242082206767 0.948837869932858 0.0511621300671417 -999
  1 1 42 6 0 6157 2.05719974449758e-05 0.890242082206767 0.948837869932858 0.0511621300671417 -999
  1 1 42 6 0 4911 2.05719974449758e-05 0.890242082206767 0.948837869932858 0.0511621300671417 -999
  1 1 42 6 0 4357 2.05719974449758e-05 0.890242082206767 0.948837869932858 0.0511621300671417 -999
  1 1 42 6 0 500 2.05719974449758e-05 0.890242082206767 0.948837869932858 0.0511621300671417 -999
  1 1 42 6 0 12303 2.05719974449758e-05 0.890242082206767 0.948837869932858 0.0511621300671417 -999
  1 1 43 6 0 2770 -999 0.827706669441772 0.953212168636597 0.0467878313634025 -999
  1 1 43 6 0 11283 -999 0.827706669441772 0.953212168636597 0.0467878313634025 -999
  1 1 43 6 0 12563 -999 0.827706669441772 0.953212168636597 0.0467878313634025 -999
  1 1 43 6 0 15155 -999 0.827706669441772 0.953212168636597 0.0467878313634025 -999
  1 1 43 6 0 15542 -999 0.827706669441772 0.953212168636597 0.0467878313634025 -999
  1 1 43 6 0 6127 -999 0.827706669441772 0.953212168636597 0.0467878313634025 -999
  1 1 43 6 0 3025 -999 0.827706669441772 0.953212168636597 0.0467878313634025 -999
  1 1 43 6 0 5784 -999 0.827706669441772 0.953212168636597 0.0467878313634025 -999
  1 1 43 6 0 544 -999 0.827706669441772 0.953212168636597 0.0467878313634025 -999
  1 1 43 6 0 12754 -999 0.827706669441772 0.953212168636597 0.0467878313634025 -999
  1 1 44 6 0 3676 -999 1.12380730546862 0.976479924109715 0.0235200758902852 -999
  1 1 44 6 0 9538 -999 1.12380730546862 0.976479924109715 0.0235200758902852 -999
  1 1 44 6 0 10915 -999 1.12380730546862 0.976479924109715 0.0235200758902852 -999
  1 1 44 6 0 16617 -999 1.12380730546862 0.976479924109715 0.0235200758902852 -999
  1 1 44 6 0 12596 -999 1.12380730546862 0.976479924109715 0.0235200758902852 -999
  1 1 44 6 0 6248 -999 1.12380730546862 0.976479924109715 0.0235200758902852 -999
  1 1 44 6 0 2697 -999 1.12380730546862 0.976479924109715 0.0235200758902852 -999
  1 1 44 6 0 5799 -999 1.12380730546862 0.976479924109715 0.0235200758902852 -999
  1 1 44 6 0 481 -999 1.12380730546862 0.976479924109715 0.0235200758902852 -999
  1 1 44 6 0 12717 -999 1.12380730546862 0.976479924109715 0.0235200758902852 -999
  1 1 45 6 0 2648 3.80479083853207e-05 0.684075599671482 0.980281021568794 0.0197189784312058 -999
  1 1 45 6 0 6565 3.80479083853207e-05 0.684075599671482 0.980281021568794 0.0197189784312058 -999
  1 1 45 6 0 8811 3.80479083853207e-05 0.684075599671482 0.980281021568794 0.0197189784312058 -999
  1 1 45 6 0 8938 3.80479083853207e-05 0.684075599671482 0.980281021568794 0.0197189784312058 -999
  1 1 45 6 0 6133 3.80479083853207e-05 0.684075599671482 0.980281021568794 0.0197189784312058 -999
  1 1 45 6 0 6307 3.80479083853207e-05 0.684075599671482 0.980281021568794 0.0197189784312058 -999
  1 1 45 6 0 2386 3.80479083853207e-05 0.684075599671482 0.980281021568794 0.0197189784312058 -999
  1 1 45 6 0 4058 3.80479083853207e-05 0.684075599671482 0.980281021568794 0.0197189784312058 -999
  1 1 45 6 0 476 3.80479083853207e-05 0.684075599671482 0.980281021568794 0.0197189784312058 -999
  1 1 45 6 0 14943 3.80479083853207e-05 0.684075599671482 0.980281021568794 0.0197189784312058 -999
  1 1 46 6 0 2140 1.00091754078294e-05 0.688102279971254 0.859527159236361 0.139402519068156 0.00107032169548242
  1 1 46 6 0 6293 1.00091754078294e-05 0.688102279971254 0.859527159236361 0.139402519068156 0.00107032169548242
  1 1 46 6 0 8254 1.00091754078294e-05 0.688102279971254 0.859527159236361 0.139402519068156 0.00107032169548242
  1 1 46 6 0 5206 1.00091754078294e-05 0.688102279971254 0.859527159236361 0.139402519068156 0.00107032169548242
  1 1 46 6 0 6246 1.00091754078294e-05 0.688102279971254 0.859527159236361 0.139402519068156 0.00107032169548242
  1 1 46 6 0 6676 1.00091754078294e-05 0.688102279971254 0.859527159236361 0.139402519068156 0.00107032169548242
  1 1 46 6 0 2921 1.00091754078294e-05 0.688102279971254 0.859527159236361 0.139402519068156 0.00107032169548242
  1 1 46 6 0 5891 1.00091754078294e-05 0.688102279971254 0.859527159236361 0.139402519068156 0.00107032169548242
  1 1 46 6 0 588 1.00091754078294e-05 0.688102279971254 0.859527159236361 0.139402519068156 0.00107032169548242
  1 1 46 6 0 15792 1.00091754078294e-05 0.688102279971254 0.859527159236361 0.139402519068156 0.00107032169548242
  1 1 47 6 0 2971 3.19751699150262e-05 0.428316042808652 0.847926489478064 0.152073510521936 -999
  1 1 47 6 0 5259 3.19751699150262e-05 0.428316042808652 0.847926489478064 0.152073510521936 -999
  1 1 47 6 0 6375 3.19751699150262e-05 0.428316042808652 0.847926489478064 0.152073510521936 -999
  1 1 47 6 0 5299 3.19751699150262e-05 0.428316042808652 0.847926489478064 0.152073510521936 -999
  1 1 47 6 0 6756 3.19751699150262e-05 0.428316042808652 0.847926489478064 0.152073510521936 -999
  1 1 47 6 0 7210 3.19751699150262e-05 0.428316042808652 0.847926489478064 0.152073510521936 -999
  1 1 47 6 0 2932 3.19751699150262e-05 0.428316042808652 0.847926489478064 0.152073510521936 -999
  1 1 47 6 0 5069 3.19751699150262e-05 0.428316042808652 0.847926489478064 0.152073510521936 -999
  1 1 47 6 0 482 3.19751699150262e-05 0.428316042808652 0.847926489478064 0.152073510521936 -999
  1 1 47 6 0 12669 3.19751699150262e-05 0.428316042808652 0.847926489478064 0.152073510521936 -999
  1 1 48 6 0 2120 -999 0.458033780450215 0.826843597238216 0.173156402761784 -999
  1 1 48 6 0 9091 -999 0.458033780450215 0.826843597238216 0.173156402761784 -999
  1 1 48 6 0 7234 -999 0.458033780450215 0.826843597238216 0.173156402761784 -999
  1 1 48 6 0 5764 -999 0.458033780450215 0.826843597238216 0.173156402761784 -999
  1 1 48 6 0 7777 -999 0.458033780450215 0.826843597238216 0.173156402761784 -999
  1 1 48 6 0 5913 -999 0.458033780450215 0.826843597238216 0.173156402761784 -999
  1 1 48 6 0 5366 -999 0.458033780450215 0.826843597238216 0.173156402761784 -999
  1 1 48 6 0 4107 -999 0.458033780450215 0.826843597238216 0.173156402761784 -999
  1 1 48 6 0 439 -999 0.458033780450215 0.826843597238216 0.173156402761784 -999
  1 1 48 6 0 14501 -999 0.458033780450215 0.826843597238216 0.173156402761784 -999
  1 1 49 6 0 1960 3.26589825528392e-05 0.529532926633336 0.724450272201946 0.275549727798054 -999
  1 1 49 6 0 6373 3.26589825528392e-05 0.529532926633336 0.724450272201946 0.275549727798054 -999
  1 1 49 6 0 7697 3.26589825528392e-05 0.529532926633336 0.724450272201946 0.275549727798054 -999
  1 1 49 6 0 2404 3.26589825528392e-05 0.529532926633336 0.724450272201946 0.275549727798054 -999
  1 1 49 6 0 6578 3.26589825528392e-05 0.529532926633336 0.724450272201946 0.275549727798054 -999
  1 1 49 6 0 4876 3.26589825528392e-05 0.529532926633336 0.724450272201946 0.275549727798054 -999
  1 1 49 6 0 5285 3.26589825528392e-05 0.529532926633336 0.724450272201946 0.275549727798054 -999
  1 1 49 6 0 5420 3.26589825528392e-05 0.529532926633336 0.724450272201946 0.275549727798054 -999
  1 1 49 6 0 412 3.26589825528392e-05 0.529532926633336 0.724450272201946 0.275549727798054 -999
  1 1 49 6 0 15260 3.26589825528392e-05 0.529532926633336 0.724450272201946 0.275549727798054 -999
  1 1 50 6 0 2453 6.74075047345656e-06 0.579479041332149 0.690470729250423 0.309529270749577 -999
  1 1 50 6 0 7345 6.74075047345656e-06 0.579479041332149 0.690470729250423 0.309529270749577 -999
  1 1 50 6 0 11453 6.74075047345656e-06 0.579479041332149 0.690470729250423 0.309529270749577 -999
  1 1 50 6 0 3111 6.74075047345656e-06 0.579479041332149 0.690470729250423 0.309529270749577 -999
  1 1 50 6 0 7550 6.74075047345656e-06 0.579479041332149 0.690470729250423 0.309529270749577 -999
  1 1 50 6 0 5812 6.74075047345656e-06 0.579479041332149 0.690470729250423 0.309529270749577 -999
  1 1 50 6 0 7369 6.74075047345656e-06 0.579479041332149 0.690470729250423 0.309529270749577 -999
  1 1 50 6 0 5576 6.74075047345656e-06 0.579479041332149 0.690470729250423 0.309529270749577 -999
  1 1 50 6 0 403 6.74075047345656e-06 0.579479041332149 0.690470729250423 0.309529270749577 -999
  1 1 50 6 0 13965 6.74075047345656e-06 0.579479041332149 0.690470729250423 0.309529270749577 -999
  1 1 51 6 0 2803 2.17932704280503e-05 0.805651272990236 0.729894799671039 0.268727755191006 0.00137744513795499
  1 1 51 6 0 3807 2.17932704280503e-05 0.805651272990236 0.729894799671039 0.268727755191006 0.00137744513795499
  1 1 51 6 0 5480 2.17932704280503e-05 0.805651272990236 0.729894799671039 0.268727755191006 0.00137744513795499
  1 1 51 6 0 1183 2.17932704280503e-05 0.805651272990236 0.729894799671039 0.268727755191006 0.00137744513795499
  1 1 51 6 0 6294 2.17932704280503e-05 0.805651272990236 0.729894799671039 0.268727755191006 0.00137744513795499
  1 1 51 6 0 5185 2.17932704280503e-05 0.805651272990236 0.729894799671039 0.268727755191006 0.00137744513795499
  1 1 51 6 0 5675 2.17932704280503e-05 0.805651272990236 0.729894799671039 0.268727755191006 0.00137744513795499
  1 1 51 6 0 4633 2.17932704280503e-05 0.805651272990236 0.729894799671039 0.268727755191006 0.00137744513795499
  1 1 51 6 0 409 2.17932704280503e-05 0.805651272990236 0.729894799671039 0.268727755191006 0.00137744513795499
  1 1 51 6 0 15256 2.17932704280503e-05 0.805651272990236 0.729894799671039 0.268727755191006 0.00137744513795499
  1 1 52 6 0 2608 0.000119940202197078 0.8011970447483 0.93722297577332 0.0627770242266799 -999
  1 1 52 6 0 1879 0.000119940202197078 0.8011970447483 0.93722297577332 0.0627770242266799 -999
  1 1 52 6 0 1826 0.000119940202197078 0.8011970447483 0.93722297577332 0.0627770242266799 -999
  1 1 52 6 0 241 0.000119940202197078 0.8011970447483 0.93722297577332 0.0627770242266799 -999
  1 1 52 6 0 3287 0.000119940202197078 0.8011970447483 0.93722297577332 0.0627770242266799 -999
  1 1 52 6 0 3711 0.000119940202197078 0.8011970447483 0.93722297577332 0.0627770242266799 -999
  1 1 52 6 0 8926 0.000119940202197078 0.8011970447483 0.93722297577332 0.0627770242266799 -999
  1 1 52 6 0 4382 0.000119940202197078 0.8011970447483 0.93722297577332 0.0627770242266799 -999
  1 1 52 6 0 564 0.000119940202197078 0.8011970447483 0.93722297577332 0.0627770242266799 -999
  1 1 52 6 0 13201 0.000119940202197078 0.8011970447483 0.93722297577332 0.0627770242266799 -999
  1 1 11 7 0 6737 -999 -999 0.294609453299755 0.705390546700245 -999
  1 1 11 7 0 4186 -999 -999 0.294609453299755 0.705390546700245 -999
  1 1 11 7 0 6237 -999 -999 0.294609453299755 0.705390546700245 -999
  1 1 11 7 0 10102 -999 -999 0.294609453299755 0.705390546700245 -999
  1 1 11 7 0 28216 -999 -999 0.294609453299755 0.705390546700245 -999
  1 1 11 7 0 247 -999 -999 0.294609453299755 0.705390546700245 -999
  1 1 11 7 0 4442 -999 -999 0.294609453299755 0.705390546700245 -999
  1 1 12 7 0 6975 -999 -999 0.294609453299755 0.705390546700245 -999
  1 1 12 7 0 4518 -999 -999 0.294609453299755 0.705390546700245 -999
  1 1 12 7 0 8020 -999 -999 0.294609453299755 0.705390546700245 -999
  1 1 12 7 0 9884 -999 -999 0.294609453299755 0.705390546700245 -999
  1 1 12 7 0 37294 -999 -999 0.294609453299755 0.705390546700245 -999
  1 1 12 7 0 617 -999 -999 0.294609453299755 0.705390546700245 -999
  1 1 12 7 0 259 -999 -999 0.294609453299755 0.705390546700245 -999
  1 1 12 7 0 3668 -999 -999 0.294609453299755 0.705390546700245 -999
  1 1 13 7 0 4949 -999 -999 0.294499234814759 0.705500765185241 -999
  1 1 13 7 0 7985 -999 -999 0.294499234814759 0.705500765185241 -999
  1 1 13 7 0 8657 -999 -999 0.294499234814759 0.705500765185241 -999
  1 1 13 7 0 9235 -999 -999 0.294499234814759 0.705500765185241 -999
  1 1 13 7 0 28315 -999 -999 0.294499234814759 0.705500765185241 -999
  1 1 13 7 0 3185 -999 -999 0.294499234814759 0.705500765185241 -999
  1 1 13 7 0 4898 -999 -999 0.294499234814759 0.705500765185241 -999
  1 1 14 7 0 4303 -999 -999 0.551230708712356 0.448769291287644 -999
  1 1 14 7 0 5165 -999 -999 0.551230708712356 0.448769291287644 -999
  1 1 14 7 0 4717 -999 -999 0.551230708712356 0.448769291287644 -999
  1 1 14 7 0 4679 -999 -999 0.551230708712356 0.448769291287644 -999
  1 1 14 7 0 23528 -999 -999 0.551230708712356 0.448769291287644 -999
  1 1 14 7 0 3161 -999 -999 0.551230708712356 0.448769291287644 -999
  1 1 14 7 0 100 -999 -999 0.551230708712356 0.448769291287644 -999
  1 1 14 7 0 5669 -999 -999 0.551230708712356 0.448769291287644 -999
  1 1 15 7 0 11861 -999 -999 0.159531364785177 0.840468635214823 -999
  1 1 15 7 0 11871 -999 -999 0.159531364785177 0.840468635214823 -999
  1 1 15 7 0 13340 -999 -999 0.159531364785177 0.840468635214823 -999
  1 1 15 7 0 7714 -999 -999 0.159531364785177 0.840468635214823 -999
  1 1 15 7 0 12696 -999 -999 0.159531364785177 0.840468635214823 -999
  1 1 15 7 0 2765 -999 -999 0.159531364785177 0.840468635214823 -999
  1 1 15 7 0 704 -999 -999 0.159531364785177 0.840468635214823 -999
  1 1 15 7 0 8644 -999 -999 0.159531364785177 0.840468635214823 -999
  1 1 16 7 0 12503 -999 -999 0.230151652395867 0.769848347604133 -999
  1 1 16 7 0 13080 -999 -999 0.230151652395867 0.769848347604133 -999
  1 1 16 7 0 11508 -999 -999 0.230151652395867 0.769848347604133 -999
  1 1 16 7 0 8955 -999 -999 0.230151652395867 0.769848347604133 -999
  1 1 16 7 0 11015 -999 -999 0.230151652395867 0.769848347604133 -999
  1 1 16 7 0 3949 -999 -999 0.230151652395867 0.769848347604133 -999
  1 1 16 7 0 492 -999 -999 0.230151652395867 0.769848347604133 -999
  1 1 16 7 0 10523 -999 -999 0.230151652395867 0.769848347604133 -999
  1 1 17 7 0 8717 -999 -999 0.0949676273440482 0.905032372655952 0
  1 1 17 7 0 9021 -999 -999 0.0949676273440482 0.905032372655952 0
  1 1 17 7 0 10785 -999 -999 0.0949676273440482 0.905032372655952 0
  1 1 17 7 0 4762 -999 -999 0.0949676273440482 0.905032372655952 0
  1 1 17 7 0 10095 -999 -999 0.0949676273440482 0.905032372655952 0
  1 1 17 7 0 4470 -999 -999 0.0949676273440482 0.905032372655952 0
  1 1 17 7 0 1508 -999 -999 0.0949676273440482 0.905032372655952 0
  1 1 17 7 0 8428 -999 -999 0.0949676273440482 0.905032372655952 0
  1 1 18 7 0 8366 -999 -999 0.139686526950557 0.860313473049443 -999
  1 1 18 7 0 12035 -999 -999 0.139686526950557 0.860313473049443 -999
  1 1 18 7 0 13087 -999 -999 0.139686526950557 0.860313473049443 -999
  1 1 18 7 0 2528 -999 -999 0.139686526950557 0.860313473049443 -999
  1 1 18 7 0 8988 -999 -999 0.139686526950557 0.860313473049443 -999
  1 1 18 7 0 2857 -999 -999 0.139686526950557 0.860313473049443 -999
  1 1 18 7 0 1678 -999 -999 0.139686526950557 0.860313473049443 -999
  1 1 18 7 0 11988 -999 -999 0.139686526950557 0.860313473049443 -999
  1 1 19 7 0 7515 -999 0.00105375790379411 0.112183535715718 0.887816464284282 -999
  1 1 19 7 0 9445 -999 0.00105375790379411 0.112183535715718 0.887816464284282 -999
  1 1 19 7 0 8392 -999 0.00105375790379411 0.112183535715718 0.887816464284282 -999
  1 1 19 7 0 2276 -999 0.00105375790379411 0.112183535715718 0.887816464284282 -999
  1 1 19 7 0 4746 -999 0.00105375790379411 0.112183535715718 0.887816464284282 -999
  1 1 19 7 0 4092 -999 0.00105375790379411 0.112183535715718 0.887816464284282 -999
  1 1 19 7 0 1461 -999 0.00105375790379411 0.112183535715718 0.887816464284282 -999
  1 1 19 7 0 12385 -999 0.00105375790379411 0.112183535715718 0.887816464284282 -999
  1 1 20 7 0 6490 -999 -999 0.231722794072949 0.768277205927051 -999
  1 1 20 7 0 9062 -999 -999 0.231722794072949 0.768277205927051 -999
  1 1 20 7 0 6049 -999 -999 0.231722794072949 0.768277205927051 -999
  1 1 20 7 0 2573 -999 -999 0.231722794072949 0.768277205927051 -999
  1 1 20 7 0 6394 -999 -999 0.231722794072949 0.768277205927051 -999
  1 1 20 7 0 2723 -999 -999 0.231722794072949 0.768277205927051 -999
  1 1 20 7 0 2031 -999 -999 0.231722794072949 0.768277205927051 -999
  1 1 20 7 0 12139 -999 -999 0.231722794072949 0.768277205927051 -999
  1 1 21 7 0 6633 -999 -999 0.143588697386356 0.856411302613645 -999
  1 1 21 7 0 8546 -999 -999 0.143588697386356 0.856411302613645 -999
  1 1 21 7 0 6320 -999 -999 0.143588697386356 0.856411302613645 -999
  1 1 21 7 0 2542 -999 -999 0.143588697386356 0.856411302613645 -999
  1 1 21 7 0 6540 -999 -999 0.143588697386356 0.856411302613645 -999
  1 1 21 7 0 3158 -999 -999 0.143588697386356 0.856411302613645 -999
  1 1 21 7 0 1771 -999 -999 0.143588697386356 0.856411302613645 -999
  1 1 21 7 0 12626 -999 -999 0.143588697386356 0.856411302613645 -999
  1 1 22 7 0 5748 -999 -999 0.149282354512356 0.850717645487644 -999
  1 1 22 7 0 5614 -999 -999 0.149282354512356 0.850717645487644 -999
  1 1 22 7 0 6041 -999 -999 0.149282354512356 0.850717645487644 -999
  1 1 22 7 0 1548 -999 -999 0.149282354512356 0.850717645487644 -999
  1 1 22 7 0 6300 -999 -999 0.149282354512356 0.850717645487644 -999
  1 1 22 7 0 1846 -999 -999 0.149282354512356 0.850717645487644 -999
  1 1 22 7 0 1410 -999 -999 0.149282354512356 0.850717645487644 -999
  1 1 22 7 0 8623 -999 -999 0.149282354512356 0.850717645487644 -999
  1 1 23 7 0 7108 -999 -999 0.178236225845165 0.820539385203538 0.00122438895129733
  1 1 23 7 0 8789 -999 -999 0.178236225845165 0.820539385203538 0.00122438895129733
  1 1 23 7 0 6940 -999 -999 0.178236225845165 0.820539385203538 0.00122438895129733
  1 1 23 7 0 2001 -999 -999 0.178236225845165 0.820539385203538 0.00122438895129733
  1 1 23 7 0 8574 -999 -999 0.178236225845165 0.820539385203538 0.00122438895129733
  1 1 23 7 0 2213 -999 -999 0.178236225845165 0.820539385203538 0.00122438895129733
  1 1 23 7 0 2249 -999 -999 0.178236225845165 0.820539385203538 0.00122438895129733
  1 1 23 7 0 11450 -999 -999 0.178236225845165 0.820539385203538 0.00122438895129733
  1 1 24 7 0 8560 2.7425109887357e-05 -999 0.304676375813766 0.695323624186234 -999
  1 1 24 7 0 7528 2.7425109887357e-05 -999 0.304676375813766 0.695323624186234 -999
  1 1 24 7 0 5325 2.7425109887357e-05 -999 0.304676375813766 0.695323624186234 -999
  1 1 24 7 0 1065 2.7425109887357e-05 -999 0.304676375813766 0.695323624186234 -999
  1 1 24 7 0 8163 2.7425109887357e-05 -999 0.304676375813766 0.695323624186234 -999
  1 1 24 7 0 1530 2.7425109887357e-05 -999 0.304676375813766 0.695323624186234 -999
  1 1 24 7 0 1896 2.7425109887357e-05 -999 0.304676375813766 0.695323624186234 -999
  1 1 24 7 0 7803 2.7425109887357e-05 -999 0.304676375813766 0.695323624186234 -999
  1 1 25 7 0 6518 -999 -999 0.245751970781892 0.754248029218108 -999
  1 1 25 7 0 7956 -999 -999 0.245751970781892 0.754248029218108 -999
  1 1 25 7 0 4551 -999 -999 0.245751970781892 0.754248029218108 -999
  1 1 25 7 0 2456 -999 -999 0.245751970781892 0.754248029218108 -999
  1 1 25 7 0 11543 -999 -999 0.245751970781892 0.754248029218108 -999
  1 1 25 7 0 2534 -999 -999 0.245751970781892 0.754248029218108 -999
  1 1 25 7 0 3322 -999 -999 0.245751970781892 0.754248029218108 -999
  1 1 25 7 0 800 -999 -999 0.245751970781892 0.754248029218108 -999
  1 1 25 7 0 4089 -999 -999 0.245751970781892 0.754248029218108 -999
  1 1 26 7 0 6637 -999 -999 0.349493645296386 0.650506354703614 -999
  1 1 26 7 0 4469 -999 -999 0.349493645296386 0.650506354703614 -999
  1 1 26 7 0 3714 -999 -999 0.349493645296386 0.650506354703614 -999
  1 1 26 7 0 1140 -999 -999 0.349493645296386 0.650506354703614 -999
  1 1 26 7 0 7936 -999 -999 0.349493645296386 0.650506354703614 -999
  1 1 26 7 0 211 -999 -999 0.349493645296386 0.650506354703614 -999
  1 1 26 7 0 2948 -999 -999 0.349493645296386 0.650506354703614 -999
  1 1 26 7 0 1792 -999 -999 0.349493645296386 0.650506354703614 -999
  1 1 26 7 0 3512 -999 -999 0.349493645296386 0.650506354703614 -999
  1 1 27 7 0 4245 -999 -999 0.503295618588191 0.496704381411809 -999
  1 1 27 7 0 4711 -999 -999 0.503295618588191 0.496704381411809 -999
  1 1 27 7 0 2203 -999 -999 0.503295618588191 0.496704381411809 -999
  1 1 27 7 0 453 -999 -999 0.503295618588191 0.496704381411809 -999
  1 1 27 7 0 4472 -999 -999 0.503295618588191 0.496704381411809 -999
  1 1 27 7 0 395 -999 -999 0.503295618588191 0.496704381411809 -999
  1 1 27 7 0 2273 -999 -999 0.503295618588191 0.496704381411809 -999
  1 1 27 7 0 1425 -999 -999 0.503295618588191 0.496704381411809 -999
  1 1 27 7 0 5905 -999 -999 0.503295618588191 0.496704381411809 -999
  1 1 28 7 0 2645 -999 -999 0.611786294735777 0.388213705264223 -999
  1 1 28 7 0 4707 -999 -999 0.611786294735777 0.388213705264223 -999
  1 1 28 7 0 1775 -999 -999 0.611786294735777 0.388213705264223 -999
  1 1 28 7 0 291 -999 -999 0.611786294735777 0.388213705264223 -999
  1 1 28 7 0 6183 -999 -999 0.611786294735777 0.388213705264223 -999
  1 1 28 7 0 1101 -999 -999 0.611786294735777 0.388213705264223 -999
  1 1 28 7 0 2291 -999 -999 0.611786294735777 0.388213705264223 -999
  1 1 28 7 0 1995 -999 -999 0.611786294735777 0.388213705264223 -999
  1 1 28 7 0 4239 -999 -999 0.611786294735777 0.388213705264223 -999
  1 1 29 7 0 2203 2.9919061740545e-05 -999 0.834002303544218 0.165997696455782 -999
  1 1 29 7 0 5025 2.9919061740545e-05 -999 0.834002303544218 0.165997696455782 -999
  1 1 29 7 0 5275 2.9919061740545e-05 -999 0.834002303544218 0.165997696455782 -999
  1 1 29 7 0 2776 2.9919061740545e-05 -999 0.834002303544218 0.165997696455782 -999
  1 1 29 7 0 457 2.9919061740545e-05 -999 0.834002303544218 0.165997696455782 -999
  1 1 29 7 0 7481 2.9919061740545e-05 -999 0.834002303544218 0.165997696455782 -999
  1 1 29 7 0 2282 2.9919061740545e-05 -999 0.834002303544218 0.165997696455782 -999
  1 1 29 7 0 2231 2.9919061740545e-05 -999 0.834002303544218 0.165997696455782 -999
  1 1 29 7 0 1222 2.9919061740545e-05 -999 0.834002303544218 0.165997696455782 -999
  1 1 29 7 0 2963 2.9919061740545e-05 -999 0.834002303544218 0.165997696455782 -999
  1 1 30 7 0 2520 3.09274913948847e-05 -999 0.958402651818722 0.0415973481812777 -999
  1 1 30 7 0 6369 3.09274913948847e-05 -999 0.958402651818722 0.0415973481812777 -999
  1 1 30 7 0 6897 3.09274913948847e-05 -999 0.958402651818722 0.0415973481812777 -999
  1 1 30 7 0 5448 3.09274913948847e-05 -999 0.958402651818722 0.0415973481812777 -999
  1 1 30 7 0 2381 3.09274913948847e-05 -999 0.958402651818722 0.0415973481812777 -999
  1 1 30 7 0 10905 3.09274913948847e-05 -999 0.958402651818722 0.0415973481812777 -999
  1 1 30 7 0 2349 3.09274913948847e-05 -999 0.958402651818722 0.0415973481812777 -999
  1 1 30 7 0 748 3.09274913948847e-05 -999 0.958402651818722 0.0415973481812777 -999
  1 1 30 7 0 620 3.09274913948847e-05 -999 0.958402651818722 0.0415973481812777 -999
  1 1 30 7 0 7550 3.09274913948847e-05 -999 0.958402651818722 0.0415973481812777 -999
  1 1 31 7 0 710 -999 0.00997403981607181 0.863851824965417 0.136148175034583 -999
  1 1 31 7 0 6840 -999 0.00997403981607181 0.863851824965417 0.136148175034583 -999
  1 1 31 7 0 5402 -999 0.00997403981607181 0.863851824965417 0.136148175034583 -999
  1 1 31 7 0 1789 -999 0.00997403981607181 0.863851824965417 0.136148175034583 -999
  1 1 31 7 0 1628 -999 0.00997403981607181 0.863851824965417 0.136148175034583 -999
  1 1 31 7 0 9156 -999 0.00997403981607181 0.863851824965417 0.136148175034583 -999
  1 1 31 7 0 1956 -999 0.00997403981607181 0.863851824965417 0.136148175034583 -999
  1 1 31 7 0 751 -999 0.00997403981607181 0.863851824965417 0.136148175034583 -999
  1 1 31 7 0 1103 -999 0.00997403981607181 0.863851824965417 0.136148175034583 -999
  1 1 31 7 0 8541 -999 0.00997403981607181 0.863851824965417 0.136148175034583 -999
  1 1 32 7 0 1818 -999 -999 0.928163567882681 0.0718364321173191 -999
  1 1 32 7 0 6291 -999 -999 0.928163567882681 0.0718364321173191 -999
  1 1 32 7 0 5487 -999 -999 0.928163567882681 0.0718364321173191 -999
  1 1 32 7 0 2366 -999 -999 0.928163567882681 0.0718364321173191 -999
  1 1 32 7 0 2277 -999 -999 0.928163567882681 0.0718364321173191 -999
  1 1 32 7 0 10446 -999 -999 0.928163567882681 0.0718364321173191 -999
  1 1 32 7 0 4297 -999 -999 0.928163567882681 0.0718364321173191 -999
  1 1 32 7 0 404 -999 -999 0.928163567882681 0.0718364321173191 -999
  1 1 32 7 0 951 -999 -999 0.928163567882681 0.0718364321173191 -999
  1 1 32 7 0 7576 -999 -999 0.928163567882681 0.0718364321173191 -999
  1 1 33 7 0 5877 -999 0.000651516381749821 0.939612635654977 0.0603873643450229 -999
  1 1 33 7 0 11510 -999 0.000651516381749821 0.939612635654977 0.0603873643450229 -999
  1 1 33 7 0 13068 -999 0.000651516381749821 0.939612635654977 0.0603873643450229 -999
  1 1 33 7 0 4696 -999 0.000651516381749821 0.939612635654977 0.0603873643450229 -999
  1 1 33 7 0 3199 -999 0.000651516381749821 0.939612635654977 0.0603873643450229 -999
  1 1 33 7 0 9159 -999 0.000651516381749821 0.939612635654977 0.0603873643450229 -999
  1 1 33 7 0 907 -999 0.000651516381749821 0.939612635654977 0.0603873643450229 -999
  1 1 33 7 0 2799 -999 0.000651516381749821 0.939612635654977 0.0603873643450229 -999
  1 1 33 7 0 1317 -999 0.000651516381749821 0.939612635654977 0.0603873643450229 -999
  1 1 33 7 0 4539 -999 0.000651516381749821 0.939612635654977 0.0603873643450229 -999
  1 1 34 7 0 6609 -999 -999 0.890208825762449 0.109791174237552 -999
  1 1 34 7 0 8518 -999 -999 0.890208825762449 0.109791174237552 -999
  1 1 34 7 0 10248 -999 -999 0.890208825762449 0.109791174237552 -999
  1 1 34 7 0 4922 -999 -999 0.890208825762449 0.109791174237552 -999
  1 1 34 7 0 5810 -999 -999 0.890208825762449 0.109791174237552 -999
  1 1 34 7 0 10178 -999 -999 0.890208825762449 0.109791174237552 -999
  1 1 34 7 0 3026 -999 -999 0.890208825762449 0.109791174237552 -999
  1 1 34 7 0 649 -999 -999 0.890208825762449 0.109791174237552 -999
  1 1 34 7 0 1178 -999 -999 0.890208825762449 0.109791174237552 -999
  1 1 34 7 0 13640 -999 -999 0.890208825762449 0.109791174237552 -999
  1 1 35 7 0 7153 -999 -999 0.83594854315786 0.16405145684214 -999
  1 1 35 7 0 7093 -999 -999 0.83594854315786 0.16405145684214 -999
  1 1 35 7 0 10773 -999 -999 0.83594854315786 0.16405145684214 -999
  1 1 35 7 0 5216 -999 -999 0.83594854315786 0.16405145684214 -999
  1 1 35 7 0 3419 -999 -999 0.83594854315786 0.16405145684214 -999
  1 1 35 7 0 9640 -999 -999 0.83594854315786 0.16405145684214 -999
  1 1 35 7 0 2461 -999 -999 0.83594854315786 0.16405145684214 -999
  1 1 35 7 0 398 -999 -999 0.83594854315786 0.16405145684214 -999
  1 1 35 7 0 639 -999 -999 0.83594854315786 0.16405145684214 -999
  1 1 35 7 0 7464 -999 -999 0.83594854315786 0.16405145684214 -999
  1 1 36 7 0 4961 -999 -999 0.86834379505798 0.13165620494202 -999
  1 1 36 7 0 6278 -999 -999 0.86834379505798 0.13165620494202 -999
  1 1 36 7 0 13203 -999 -999 0.86834379505798 0.13165620494202 -999
  1 1 36 7 0 6835 -999 -999 0.86834379505798 0.13165620494202 -999
  1 1 36 7 0 5760 -999 -999 0.86834379505798 0.13165620494202 -999
  1 1 36 7 0 7712 -999 -999 0.86834379505798 0.13165620494202 -999
  1 1 36 7 0 2787 -999 -999 0.86834379505798 0.13165620494202 -999
  1 1 36 7 0 1215 -999 -999 0.86834379505798 0.13165620494202 -999
  1 1 36 7 0 668 -999 -999 0.86834379505798 0.13165620494202 -999
  1 1 36 7 0 9061 -999 -999 0.86834379505798 0.13165620494202 -999
  1 1 37 7 0 3198 -999 -999 0.744021526510239 0.255978473489761 -999
  1 1 37 7 0 9271 -999 -999 0.744021526510239 0.255978473489761 -999
  1 1 37 7 0 14334 -999 -999 0.744021526510239 0.255978473489761 -999
  1 1 37 7 0 9537 -999 -999 0.744021526510239 0.255978473489761 -999
  1 1 37 7 0 6833 -999 -999 0.744021526510239 0.255978473489761 -999
  1 1 37 7 0 7099 -999 -999 0.744021526510239 0.255978473489761 -999
  1 1 37 7 0 1101 -999 -999 0.744021526510239 0.255978473489761 -999
  1 1 37 7 0 1210 -999 -999 0.744021526510239 0.255978473489761 -999
  1 1 37 7 0 525 -999 -999 0.744021526510239 0.255978473489761 -999
  1 1 37 7 0 10941 -999 -999 0.744021526510239 0.255978473489761 -999
  1 1 38 7 0 3895 -999 9.92448332658694e-05 0.8523432878706 0.1476567121294 -999
  1 1 38 7 0 4705 -999 9.92448332658694e-05 0.8523432878706 0.1476567121294 -999
  1 1 38 7 0 15143 -999 9.92448332658694e-05 0.8523432878706 0.1476567121294 -999
  1 1 38 7 0 9214 -999 9.92448332658694e-05 0.8523432878706 0.1476567121294 -999
  1 1 38 7 0 7189 -999 9.92448332658694e-05 0.8523432878706 0.1476567121294 -999
  1 1 38 7 0 9280 -999 9.92448332658694e-05 0.8523432878706 0.1476567121294 -999
  1 1 38 7 0 3117 -999 9.92448332658694e-05 0.8523432878706 0.1476567121294 -999
  1 1 38 7 0 2897 -999 9.92448332658694e-05 0.8523432878706 0.1476567121294 -999
  1 1 38 7 0 490 -999 9.92448332658694e-05 0.8523432878706 0.1476567121294 -999
  1 1 38 7 0 12758 -999 9.92448332658694e-05 0.8523432878706 0.1476567121294 -999
  1 1 39 7 0 4049 -999 5.76202828875564e-05 0.875041608355205 0.124958391644796 -999
  1 1 39 7 0 9431 -999 5.76202828875564e-05 0.875041608355205 0.124958391644796 -999
  1 1 39 7 0 15606 -999 5.76202828875564e-05 0.875041608355205 0.124958391644796 -999
  1 1 39 7 0 12486 -999 5.76202828875564e-05 0.875041608355205 0.124958391644796 -999
  1 1 39 7 0 8834 -999 5.76202828875564e-05 0.875041608355205 0.124958391644796 -999
  1 1 39 7 0 11055 -999 5.76202828875564e-05 0.875041608355205 0.124958391644796 -999
  1 1 39 7 0 5250 -999 5.76202828875564e-05 0.875041608355205 0.124958391644796 -999
  1 1 39 7 0 4857 -999 5.76202828875564e-05 0.875041608355205 0.124958391644796 -999
  1 1 39 7 0 562 -999 5.76202828875564e-05 0.875041608355205 0.124958391644796 -999
  1 1 39 7 0 15410 -999 5.76202828875564e-05 0.875041608355205 0.124958391644796 -999
  1 1 40 7 0 3400 1.72804051894897e-06 -999 0.837037254312972 0.162962745687027 -999
  1 1 40 7 0 8362 1.72804051894897e-06 -999 0.837037254312972 0.162962745687027 -999
  1 1 40 7 0 14843 1.72804051894897e-06 -999 0.837037254312972 0.162962745687027 -999
  1 1 40 7 0 14692 1.72804051894897e-06 -999 0.837037254312972 0.162962745687027 -999
  1 1 40 7 0 7760 1.72804051894897e-06 -999 0.837037254312972 0.162962745687027 -999
  1 1 40 7 0 7772 1.72804051894897e-06 -999 0.837037254312972 0.162962745687027 -999
  1 1 40 7 0 9474 1.72804051894897e-06 -999 0.837037254312972 0.162962745687027 -999
  1 1 40 7 0 3394 1.72804051894897e-06 -999 0.837037254312972 0.162962745687027 -999
  1 1 40 7 0 418 1.72804051894897e-06 -999 0.837037254312972 0.162962745687027 -999
  1 1 40 7 0 19860 1.72804051894897e-06 -999 0.837037254312972 0.162962745687027 -999
  1 1 41 7 0 3426 -999 -999 0.819945947617957 0.180054052382043 -999
  1 1 41 7 0 8601 -999 -999 0.819945947617957 0.180054052382043 -999
  1 1 41 7 0 13766 -999 -999 0.819945947617957 0.180054052382043 -999
  1 1 41 7 0 14178 -999 -999 0.819945947617957 0.180054052382043 -999
  1 1 41 7 0 9867 -999 -999 0.819945947617957 0.180054052382043 -999
  1 1 41 7 0 6359 -999 -999 0.819945947617957 0.180054052382043 -999
  1 1 41 7 0 11911 -999 -999 0.819945947617957 0.180054052382043 -999
  1 1 41 7 0 3161 -999 -999 0.819945947617957 0.180054052382043 -999
  1 1 41 7 0 356 -999 -999 0.819945947617957 0.180054052382043 -999
  1 1 41 7 0 15454 -999 -999 0.819945947617957 0.180054052382043 -999
  1 1 42 7 0 2090 -999 -999 0.82006309215569 0.17993690784431 -999
  1 1 42 7 0 8943 -999 -999 0.82006309215569 0.17993690784431 -999
  1 1 42 7 0 11289 -999 -999 0.82006309215569 0.17993690784431 -999
  1 1 42 7 0 13375 -999 -999 0.82006309215569 0.17993690784431 -999
  1 1 42 7 0 9542 -999 -999 0.82006309215569 0.17993690784431 -999
  1 1 42 7 0 6157 -999 -999 0.82006309215569 0.17993690784431 -999
  1 1 42 7 0 4911 -999 -999 0.82006309215569 0.17993690784431 -999
  1 1 42 7 0 4357 -999 -999 0.82006309215569 0.17993690784431 -999
  1 1 42 7 0 500 -999 -999 0.82006309215569 0.17993690784431 -999
  1 1 42 7 0 12303 -999 -999 0.82006309215569 0.17993690784431 -999
  1 1 43 7 0 2770 5.93448523091521e-07 0.000134896151167862 0.770509746662196 0.229490253337804 -999
  1 1 43 7 0 11283 5.93448523091521e-07 0.000134896151167862 0.770509746662196 0.229490253337804 -999
  1 1 43 7 0 12563 5.93448523091521e-07 0.000134896151167862 0.770509746662196 0.229490253337804 -999
  1 1 43 7 0 15155 5.93448523091521e-07 0.000134896151167862 0.770509746662196 0.229490253337804 -999
  1 1 43 7 0 15542 5.93448523091521e-07 0.000134896151167862 0.770509746662196 0.229490253337804 -999
  1 1 43 7 0 6127 5.93448523091521e-07 0.000134896151167862 0.770509746662196 0.229490253337804 -999
  1 1 43 7 0 3025 5.93448523091521e-07 0.000134896151167862 0.770509746662196 0.229490253337804 -999
  1 1 43 7 0 5784 5.93448523091521e-07 0.000134896151167862 0.770509746662196 0.229490253337804 -999
  1 1 43 7 0 544 5.93448523091521e-07 0.000134896151167862 0.770509746662196 0.229490253337804 -999
  1 1 43 7 0 12754 5.93448523091521e-07 0.000134896151167862 0.770509746662196 0.229490253337804 -999
  1 1 44 7 0 3676 -999 0.000152335124700124 0.824311939186059 0.175688060813941 -999
  1 1 44 7 0 9538 -999 0.000152335124700124 0.824311939186059 0.175688060813941 -999
  1 1 44 7 0 10915 -999 0.000152335124700124 0.824311939186059 0.175688060813941 -999
  1 1 44 7 0 16617 -999 0.000152335124700124 0.824311939186059 0.175688060813941 -999
  1 1 44 7 0 12596 -999 0.000152335124700124 0.824311939186059 0.175688060813941 -999
  1 1 44 7 0 6248 -999 0.000152335124700124 0.824311939186059 0.175688060813941 -999
  1 1 44 7 0 2697 -999 0.000152335124700124 0.824311939186059 0.175688060813941 -999
  1 1 44 7 0 5799 -999 0.000152335124700124 0.824311939186059 0.175688060813941 -999
  1 1 44 7 0 481 -999 0.000152335124700124 0.824311939186059 0.175688060813941 -999
  1 1 44 7 0 12717 -999 0.000152335124700124 0.824311939186059 0.175688060813941 -999
  1 1 45 7 0 2648 -999 0.000113669444657484 0.68190292908438 0.31809707091562 -999
  1 1 45 7 0 6565 -999 0.000113669444657484 0.68190292908438 0.31809707091562 -999
  1 1 45 7 0 8811 -999 0.000113669444657484 0.68190292908438 0.31809707091562 -999
  1 1 45 7 0 8938 -999 0.000113669444657484 0.68190292908438 0.31809707091562 -999
  1 1 45 7 0 6133 -999 0.000113669444657484 0.68190292908438 0.31809707091562 -999
  1 1 45 7 0 6307 -999 0.000113669444657484 0.68190292908438 0.31809707091562 -999
  1 1 45 7 0 2386 -999 0.000113669444657484 0.68190292908438 0.31809707091562 -999
  1 1 45 7 0 4058 -999 0.000113669444657484 0.68190292908438 0.31809707091562 -999
  1 1 45 7 0 476 -999 0.000113669444657484 0.68190292908438 0.31809707091562 -999
  1 1 45 7 0 14943 -999 0.000113669444657484 0.68190292908438 0.31809707091562 -999
  1 1 46 7 0 2140 -999 0.00010470471612368 0.685124874181219 0.314875125818781 -999
  1 1 46 7 0 6293 -999 0.00010470471612368 0.685124874181219 0.314875125818781 -999
  1 1 46 7 0 8254 -999 0.00010470471612368 0.685124874181219 0.314875125818781 -999
  1 1 46 7 0 5206 -999 0.00010470471612368 0.685124874181219 0.314875125818781 -999
  1 1 46 7 0 6246 -999 0.00010470471612368 0.685124874181219 0.314875125818781 -999
  1 1 46 7 0 6676 -999 0.00010470471612368 0.685124874181219 0.314875125818781 -999
  1 1 46 7 0 2921 -999 0.00010470471612368 0.685124874181219 0.314875125818781 -999
  1 1 46 7 0 5891 -999 0.00010470471612368 0.685124874181219 0.314875125818781 -999
  1 1 46 7 0 588 -999 0.00010470471612368 0.685124874181219 0.314875125818781 -999
  1 1 46 7 0 15792 -999 0.00010470471612368 0.685124874181219 0.314875125818781 -999
  1 1 47 7 0 2971 -999 7.51716726635755e-05 0.6953819397706 0.3046180602294 -999
  1 1 47 7 0 5259 -999 7.51716726635755e-05 0.6953819397706 0.3046180602294 -999
  1 1 47 7 0 6375 -999 7.51716726635755e-05 0.6953819397706 0.3046180602294 -999
  1 1 47 7 0 5299 -999 7.51716726635755e-05 0.6953819397706 0.3046180602294 -999
  1 1 47 7 0 6756 -999 7.51716726635755e-05 0.6953819397706 0.3046180602294 -999
  1 1 47 7 0 7210 -999 7.51716726635755e-05 0.6953819397706 0.3046180602294 -999
  1 1 47 7 0 2932 -999 7.51716726635755e-05 0.6953819397706 0.3046180602294 -999
  1 1 47 7 0 5069 -999 7.51716726635755e-05 0.6953819397706 0.3046180602294 -999
  1 1 47 7 0 482 -999 7.51716726635755e-05 0.6953819397706 0.3046180602294 -999
  1 1 47 7 0 12669 -999 7.51716726635755e-05 0.6953819397706 0.3046180602294 -999
  1 1 48 7 0 2120 -999 0.000116536398790093 0.831053480689029 0.168946519310971 -999
  1 1 48 7 0 9091 -999 0.000116536398790093 0.831053480689029 0.168946519310971 -999
  1 1 48 7 0 7234 -999 0.000116536398790093 0.831053480689029 0.168946519310971 -999
  1 1 48 7 0 5764 -999 0.000116536398790093 0.831053480689029 0.168946519310971 -999
  1 1 48 7 0 7777 -999 0.000116536398790093 0.831053480689029 0.168946519310971 -999
  1 1 48 7 0 5913 -999 0.000116536398790093 0.831053480689029 0.168946519310971 -999
  1 1 48 7 0 5366 -999 0.000116536398790093 0.831053480689029 0.168946519310971 -999
  1 1 48 7 0 4107 -999 0.000116536398790093 0.831053480689029 0.168946519310971 -999
  1 1 48 7 0 439 -999 0.000116536398790093 0.831053480689029 0.168946519310971 -999
  1 1 48 7 0 14501 -999 0.000116536398790093 0.831053480689029 0.168946519310971 -999
  1 1 49 7 0 1960 2.7261106077572e-05 0.000108354329021161 0.766133217471702 0.233866782528298 -999
  1 1 49 7 0 6373 2.7261106077572e-05 0.000108354329021161 0.766133217471702 0.233866782528298 -999
  1 1 49 7 0 7697 2.7261106077572e-05 0.000108354329021161 0.766133217471702 0.233866782528298 -999
  1 1 49 7 0 2404 2.7261106077572e-05 0.000108354329021161 0.766133217471702 0.233866782528298 -999
  1 1 49 7 0 6578 2.7261106077572e-05 0.000108354329021161 0.766133217471702 0.233866782528298 -999
  1 1 49 7 0 4876 2.7261106077572e-05 0.000108354329021161 0.766133217471702 0.233866782528298 -999
  1 1 49 7 0 5285 2.7261106077572e-05 0.000108354329021161 0.766133217471702 0.233866782528298 -999
  1 1 49 7 0 5420 2.7261106077572e-05 0.000108354329021161 0.766133217471702 0.233866782528298 -999
  1 1 49 7 0 412 2.7261106077572e-05 0.000108354329021161 0.766133217471702 0.233866782528298 -999
  1 1 49 7 0 15260 2.7261106077572e-05 0.000108354329021161 0.766133217471702 0.233866782528298 -999
  1 1 50 7 0 2453 -999 9.62928993434436e-05 0.78991025314686 0.21008974685314 -999
  1 1 50 7 0 7345 -999 9.62928993434436e-05 0.78991025314686 0.21008974685314 -999
  1 1 50 7 0 11453 -999 9.62928993434436e-05 0.78991025314686 0.21008974685314 -999
  1 1 50 7 0 3111 -999 9.62928993434436e-05 0.78991025314686 0.21008974685314 -999
  1 1 50 7 0 7550 -999 9.62928993434436e-05 0.78991025314686 0.21008974685314 -999
  1 1 50 7 0 5812 -999 9.62928993434436e-05 0.78991025314686 0.21008974685314 -999
  1 1 50 7 0 7369 -999 9.62928993434436e-05 0.78991025314686 0.21008974685314 -999
  1 1 50 7 0 5576 -999 9.62928993434436e-05 0.78991025314686 0.21008974685314 -999
  1 1 50 7 0 403 -999 9.62928993434436e-05 0.78991025314686 0.21008974685314 -999
  1 1 50 7 0 13965 -999 9.62928993434436e-05 0.78991025314686 0.21008974685314 -999
  1 1 51 7 0 2803 -999 0.000305059391919855 0.749297996404702 0.250702003595298 -999
  1 1 51 7 0 3807 -999 0.000305059391919855 0.749297996404702 0.250702003595298 -999
  1 1 51 7 0 5480 -999 0.000305059391919855 0.749297996404702 0.250702003595298 -999
  1 1 51 7 0 1183 -999 0.000305059391919855 0.749297996404702 0.250702003595298 -999
  1 1 51 7 0 6294 -999 0.000305059391919855 0.749297996404702 0.250702003595298 -999
  1 1 51 7 0 5185 -999 0.000305059391919855 0.749297996404702 0.250702003595298 -999
  1 1 51 7 0 5675 -999 0.000305059391919855 0.749297996404702 0.250702003595298 -999
  1 1 51 7 0 4633 -999 0.000305059391919855 0.749297996404702 0.250702003595298 -999
  1 1 51 7 0 409 -999 0.000305059391919855 0.749297996404702 0.250702003595298 -999
  1 1 51 7 0 15256 -999 0.000305059391919855 0.749297996404702 0.250702003595298 -999
  1 1 52 7 0 2608 -999 -999 0.793998518772878 0.206001481227122 -999
  1 1 52 7 0 1879 -999 -999 0.793998518772878 0.206001481227122 -999
  1 1 52 7 0 1826 -999 -999 0.793998518772878 0.206001481227122 -999
  1 1 52 7 0 241 -999 -999 0.793998518772878 0.206001481227122 -999
  1 1 52 7 0 3287 -999 -999 0.793998518772878 0.206001481227122 -999
  1 1 52 7 0 3711 -999 -999 0.793998518772878 0.206001481227122 -999
  1 1 52 7 0 8926 -999 -999 0.793998518772878 0.206001481227122 -999
  1 1 52 7 0 4382 -999 -999 0.793998518772878 0.206001481227122 -999
  1 1 52 7 0 564 -999 -999 0.793998518772878 0.206001481227122 -999
  1 1 52 7 0 13201 -999 -999 0.793998518772878 0.206001481227122 -999
  1 1 1 8 0 19635 -999 0.0144681620720077 0.704935543262719 0.295064456737281 -999
  1 1 2 8 0 3959 -999 0.0173826928614029 0.722042861467684 0.277957138532316 -999
  1 1 2 8 0 19665 -999 0.0173826928614029 0.722042861467684 0.277957138532316 -999
  1 1 2 8 0 12435 -999 0.0173826928614029 0.722042861467684 0.277957138532316 -999
  1 1 2 8 0 19532 -999 0.0173826928614029 0.722042861467684 0.277957138532316 -999
  1 1 2 8 0 2387 -999 0.0173826928614029 0.722042861467684 0.277957138532316 -999
  1 1 3 8 0 4219 -999 0.347777379841819 0.708384440548354 0.291615559451646 -999
  1 1 3 8 0 186 -999 0.347777379841819 0.708384440548354 0.291615559451646 -999
  1 1 3 8 0 27024 -999 0.347777379841819 0.708384440548354 0.291615559451646 -999
  1 1 3 8 0 7933 -999 0.347777379841819 0.708384440548354 0.291615559451646 -999
  1 1 3 8 0 8476 -999 0.347777379841819 0.708384440548354 0.291615559451646 -999
  1 1 3 8 0 2372 -999 0.347777379841819 0.708384440548354 0.291615559451646 -999
  1 1 4 8 0 4462 -999 0.0293074118885751 0.642709750452189 0.357290249547811 -999
  1 1 4 8 0 19834 -999 0.0293074118885751 0.642709750452189 0.357290249547811 -999
  1 1 4 8 0 11410 -999 0.0293074118885751 0.642709750452189 0.357290249547811 -999
  1 1 4 8 0 12204 -999 0.0293074118885751 0.642709750452189 0.357290249547811 -999
  1 1 4 8 0 3351 -999 0.0293074118885751 0.642709750452189 0.357290249547811 -999
  1 1 5 8 0 3568 -999 0.0286796327041684 0.630797972741071 0.369202027258929 -999
  1 1 5 8 0 15026 -999 0.0286796327041684 0.630797972741071 0.369202027258929 -999
  1 1 5 8 0 5896 -999 0.0286796327041684 0.630797972741071 0.369202027258929 -999
  1 1 5 8 0 16453 -999 0.0286796327041684 0.630797972741071 0.369202027258929 -999
  1 1 5 8 0 1437 -999 0.0286796327041684 0.630797972741071 0.369202027258929 -999
  1 1 6 8 0 7752 -999 0.115442614683927 0.844453662135146 0.155546337864854 -999
  1 1 6 8 0 1033 -999 0.115442614683927 0.844453662135146 0.155546337864854 -999
  1 1 6 8 0 13494 -999 0.115442614683927 0.844453662135146 0.155546337864854 -999
  1 1 6 8 0 6429 -999 0.115442614683927 0.844453662135146 0.155546337864854 -999
  1 1 6 8 0 8919 -999 0.115442614683927 0.844453662135146 0.155546337864854 -999
  1 1 6 8 0 183 -999 0.115442614683927 0.844453662135146 0.155546337864854 -999
  1 1 6 8 0 4506 -999 0.115442614683927 0.844453662135146 0.155546337864854 -999
  1 1 7 8 0 6993 0.00055263116202561 0.134333377437372 0.902145336267873 0.0978546637321271 -999
  1 1 7 8 0 3718 0.00055263116202561 0.134333377437372 0.902145336267873 0.0978546637321271 -999
  1 1 7 8 0 17108 0.00055263116202561 0.134333377437372 0.902145336267873 0.0978546637321271 -999
  1 1 7 8 0 4275 0.00055263116202561 0.134333377437372 0.902145336267873 0.0978546637321271 -999
  1 1 7 8 0 22982 0.00055263116202561 0.134333377437372 0.902145336267873 0.0978546637321271 -999
  1 1 7 8 0 200 0.00055263116202561 0.134333377437372 0.902145336267873 0.0978546637321271 -999
  1 1 7 8 0 1684 0.00055263116202561 0.134333377437372 0.902145336267873 0.0978546637321271 -999
  1 1 8 8 0 8126 -999 0.10185117105765 0.824809245558346 0.175190754441654 -999
  1 1 8 8 0 8656 -999 0.10185117105765 0.824809245558346 0.175190754441654 -999
  1 1 8 8 0 15343 -999 0.10185117105765 0.824809245558346 0.175190754441654 -999
  1 1 8 8 0 4104 -999 0.10185117105765 0.824809245558346 0.175190754441654 -999
  1 1 8 8 0 24156 -999 0.10185117105765 0.824809245558346 0.175190754441654 -999
  1 1 8 8 0 486 -999 0.10185117105765 0.824809245558346 0.175190754441654 -999
  1 1 8 8 0 2447 -999 0.10185117105765 0.824809245558346 0.175190754441654 -999
  1 1 9 8 0 5570 -999 0.171873478853578 0.85520022910393 0.14479977089607 -999
  1 1 9 8 0 4983 -999 0.171873478853578 0.85520022910393 0.14479977089607 -999
  1 1 9 8 0 10840 -999 0.171873478853578 0.85520022910393 0.14479977089607 -999
  1 1 9 8 0 2490 -999 0.171873478853578 0.85520022910393 0.14479977089607 -999
  1 1 9 8 0 31957 -999 0.171873478853578 0.85520022910393 0.14479977089607 -999
  1 1 9 8 0 1308 -999 0.171873478853578 0.85520022910393 0.14479977089607 -999
  1 1 9 8 0 5444 -999 0.171873478853578 0.85520022910393 0.14479977089607 -999
  1 1 10 8 0 9412 -999 0.109146349391658 0.881905346975569 0.118094653024431 -999
  1 1 10 8 0 6201 -999 0.109146349391658 0.881905346975569 0.118094653024431 -999
  1 1 10 8 0 8134 -999 0.109146349391658 0.881905346975569 0.118094653024431 -999
  1 1 10 8 0 10539 -999 0.109146349391658 0.881905346975569 0.118094653024431 -999
  1 1 10 8 0 33037 -999 0.109146349391658 0.881905346975569 0.118094653024431 -999
  1 1 10 8 0 2040 -999 0.109146349391658 0.881905346975569 0.118094653024431 -999
  1 1 10 8 0 6776 -999 0.109146349391658 0.881905346975569 0.118094653024431 -999
  1 1 11 8 0 6737 -999 0.0779690533338378 0.847306915709519 0.152693084290481 -999
  1 1 11 8 0 4186 -999 0.0779690533338378 0.847306915709519 0.152693084290481 -999
  1 1 11 8 0 6237 -999 0.0779690533338378 0.847306915709519 0.152693084290481 -999
  1 1 11 8 0 10102 -999 0.0779690533338378 0.847306915709519 0.152693084290481 -999
  1 1 11 8 0 28216 -999 0.0779690533338378 0.847306915709519 0.152693084290481 -999
  1 1 11 8 0 247 -999 0.0779690533338378 0.847306915709519 0.152693084290481 -999
  1 1 11 8 0 4442 -999 0.0779690533338378 0.847306915709519 0.152693084290481 -999
  1 1 12 8 0 6975 -999 0.143329276249664 0.897274139595578 0.102725860404422 -999
  1 1 12 8 0 4518 -999 0.143329276249664 0.897274139595578 0.102725860404422 -999
  1 1 12 8 0 8020 -999 0.143329276249664 0.897274139595578 0.102725860404422 -999
  1 1 12 8 0 9884 -999 0.143329276249664 0.897274139595578 0.102725860404422 -999
  1 1 12 8 0 37294 -999 0.143329276249664 0.897274139595578 0.102725860404422 -999
  1 1 12 8 0 617 -999 0.143329276249664 0.897274139595578 0.102725860404422 -999
  1 1 12 8 0 259 -999 0.143329276249664 0.897274139595578 0.102725860404422 -999
  1 1 12 8 0 3668 -999 0.143329276249664 0.897274139595578 0.102725860404422 -999
  1 1 13 8 0 4949 -999 0.253071409452068 0.942666810746747 0.0573331892532532 -999
  1 1 13 8 0 7985 -999 0.253071409452068 0.942666810746747 0.0573331892532532 -999
  1 1 13 8 0 8657 -999 0.253071409452068 0.942666810746747 0.0573331892532532 -999
  1 1 13 8 0 9235 -999 0.253071409452068 0.942666810746747 0.0573331892532532 -999
  1 1 13 8 0 28315 -999 0.253071409452068 0.942666810746747 0.0573331892532532 -999
  1 1 13 8 0 3185 -999 0.253071409452068 0.942666810746747 0.0573331892532532 -999
  1 1 13 8 0 4898 -999 0.253071409452068 0.942666810746747 0.0573331892532532 -999
  1 1 14 8 0 4303 1.4547507260192e-07 0.339350471625537 0.899370335843456 0.100629664156543 -999
  1 1 14 8 0 5165 1.4547507260192e-07 0.339350471625537 0.899370335843456 0.100629664156543 -999
  1 1 14 8 0 4717 1.4547507260192e-07 0.339350471625537 0.899370335843456 0.100629664156543 -999
  1 1 14 8 0 4679 1.4547507260192e-07 0.339350471625537 0.899370335843456 0.100629664156543 -999
  1 1 14 8 0 23528 1.4547507260192e-07 0.339350471625537 0.899370335843456 0.100629664156543 -999
  1 1 14 8 0 3161 1.4547507260192e-07 0.339350471625537 0.899370335843456 0.100629664156543 -999
  1 1 14 8 0 100 1.4547507260192e-07 0.339350471625537 0.899370335843456 0.100629664156543 -999
  1 1 14 8 0 5669 1.4547507260192e-07 0.339350471625537 0.899370335843456 0.100629664156543 -999
  1 1 15 8 0 11861 -999 0.343669348590783 0.92261369794678 0.0773863020532203 -999
  1 1 15 8 0 11871 -999 0.343669348590783 0.92261369794678 0.0773863020532203 -999
  1 1 15 8 0 13340 -999 0.343669348590783 0.92261369794678 0.0773863020532203 -999
  1 1 15 8 0 7714 -999 0.343669348590783 0.92261369794678 0.0773863020532203 -999
  1 1 15 8 0 12696 -999 0.343669348590783 0.92261369794678 0.0773863020532203 -999
  1 1 15 8 0 2765 -999 0.343669348590783 0.92261369794678 0.0773863020532203 -999
  1 1 15 8 0 704 -999 0.343669348590783 0.92261369794678 0.0773863020532203 -999
  1 1 15 8 0 8644 -999 0.343669348590783 0.92261369794678 0.0773863020532203 -999
  1 1 16 8 0 12503 -999 0.337320388970603 0.917370119307973 0.0826298806920273 -999
  1 1 16 8 0 13080 -999 0.337320388970603 0.917370119307973 0.0826298806920273 -999
  1 1 16 8 0 11508 -999 0.337320388970603 0.917370119307973 0.0826298806920273 -999
  1 1 16 8 0 8955 -999 0.337320388970603 0.917370119307973 0.0826298806920273 -999
  1 1 16 8 0 11015 -999 0.337320388970603 0.917370119307973 0.0826298806920273 -999
  1 1 16 8 0 3949 -999 0.337320388970603 0.917370119307973 0.0826298806920273 -999
  1 1 16 8 0 492 -999 0.337320388970603 0.917370119307973 0.0826298806920273 -999
  1 1 16 8 0 10523 -999 0.337320388970603 0.917370119307973 0.0826298806920273 -999
  1 1 17 8 0 8717 -999 0.351282835132865 0.917911139471886 0.0820888605281141 -999
  1 1 17 8 0 9021 -999 0.351282835132865 0.917911139471886 0.0820888605281141 -999
  1 1 17 8 0 10785 -999 0.351282835132865 0.917911139471886 0.0820888605281141 -999
  1 1 17 8 0 4762 -999 0.351282835132865 0.917911139471886 0.0820888605281141 -999
  1 1 17 8 0 10095 -999 0.351282835132865 0.917911139471886 0.0820888605281141 -999
  1 1 17 8 0 4470 -999 0.351282835132865 0.917911139471886 0.0820888605281141 -999
  1 1 17 8 0 1508 -999 0.351282835132865 0.917911139471886 0.0820888605281141 -999
  1 1 17 8 0 8428 -999 0.351282835132865 0.917911139471886 0.0820888605281141 -999
  1 1 18 8 0 8366 0.00041663035164417 0.387679588209228 0.899673327074027 0.100326672925973 -999
  1 1 18 8 0 12035 0.00041663035164417 0.387679588209228 0.899673327074027 0.100326672925973 -999
  1 1 18 8 0 13087 0.00041663035164417 0.387679588209228 0.899673327074027 0.100326672925973 -999
  1 1 18 8 0 2528 0.00041663035164417 0.387679588209228 0.899673327074027 0.100326672925973 -999
  1 1 18 8 0 8988 0.00041663035164417 0.387679588209228 0.899673327074027 0.100326672925973 -999
  1 1 18 8 0 2857 0.00041663035164417 0.387679588209228 0.899673327074027 0.100326672925973 -999
  1 1 18 8 0 1678 0.00041663035164417 0.387679588209228 0.899673327074027 0.100326672925973 -999
  1 1 18 8 0 11988 0.00041663035164417 0.387679588209228 0.899673327074027 0.100326672925973 -999
  1 1 19 8 0 7515 -999 0.295605609113212 0.918875409505371 0.0811245904946288 -999
  1 1 19 8 0 9445 -999 0.295605609113212 0.918875409505371 0.0811245904946288 -999
  1 1 19 8 0 8392 -999 0.295605609113212 0.918875409505371 0.0811245904946288 -999
  1 1 19 8 0 2276 -999 0.295605609113212 0.918875409505371 0.0811245904946288 -999
  1 1 19 8 0 4746 -999 0.295605609113212 0.918875409505371 0.0811245904946288 -999
  1 1 19 8 0 4092 -999 0.295605609113212 0.918875409505371 0.0811245904946288 -999
  1 1 19 8 0 1461 -999 0.295605609113212 0.918875409505371 0.0811245904946288 -999
  1 1 19 8 0 12385 -999 0.295605609113212 0.918875409505371 0.0811245904946288 -999
  1 1 20 8 0 6490 -999 0.38484208356448 0.930225814139991 0.069774185860009 -999
  1 1 20 8 0 9062 -999 0.38484208356448 0.930225814139991 0.069774185860009 -999
  1 1 20 8 0 6049 -999 0.38484208356448 0.930225814139991 0.069774185860009 -999
  1 1 20 8 0 2573 -999 0.38484208356448 0.930225814139991 0.069774185860009 -999
  1 1 20 8 0 6394 -999 0.38484208356448 0.930225814139991 0.069774185860009 -999
  1 1 20 8 0 2723 -999 0.38484208356448 0.930225814139991 0.069774185860009 -999
  1 1 20 8 0 2031 -999 0.38484208356448 0.930225814139991 0.069774185860009 -999
  1 1 20 8 0 12139 -999 0.38484208356448 0.930225814139991 0.069774185860009 -999
  1 1 21 8 0 6633 -999 0.3761642816575 0.921243871776124 0.0787561282238756 -999
  1 1 21 8 0 8546 -999 0.3761642816575 0.921243871776124 0.0787561282238756 -999
  1 1 21 8 0 6320 -999 0.3761642816575 0.921243871776124 0.0787561282238756 -999
  1 1 21 8 0 2542 -999 0.3761642816575 0.921243871776124 0.0787561282238756 -999
  1 1 21 8 0 6540 -999 0.3761642816575 0.921243871776124 0.0787561282238756 -999
  1 1 21 8 0 3158 -999 0.3761642816575 0.921243871776124 0.0787561282238756 -999
  1 1 21 8 0 1771 -999 0.3761642816575 0.921243871776124 0.0787561282238756 -999
  1 1 21 8 0 12626 -999 0.3761642816575 0.921243871776124 0.0787561282238756 -999
  1 1 22 8 0 5748 -999 0.464385412944576 0.895589097210278 0.104410902789722 -999
  1 1 22 8 0 5614 -999 0.464385412944576 0.895589097210278 0.104410902789722 -999
  1 1 22 8 0 6041 -999 0.464385412944576 0.895589097210278 0.104410902789722 -999
  1 1 22 8 0 1548 -999 0.464385412944576 0.895589097210278 0.104410902789722 -999
  1 1 22 8 0 6300 -999 0.464385412944576 0.895589097210278 0.104410902789722 -999
  1 1 22 8 0 1846 -999 0.464385412944576 0.895589097210278 0.104410902789722 -999
  1 1 22 8 0 1410 -999 0.464385412944576 0.895589097210278 0.104410902789722 -999
  1 1 22 8 0 8623 -999 0.464385412944576 0.895589097210278 0.104410902789722 -999
  1 1 23 8 0 7108 7.31306664922358e-05 0.298827424055964 0.969965511695277 0.0300344883047228 -999
  1 1 23 8 0 8789 7.31306664922358e-05 0.298827424055964 0.969965511695277 0.0300344883047228 -999
  1 1 23 8 0 6940 7.31306664922358e-05 0.298827424055964 0.969965511695277 0.0300344883047228 -999
  1 1 23 8 0 2001 7.31306664922358e-05 0.298827424055964 0.969965511695277 0.0300344883047228 -999
  1 1 23 8 0 8574 7.31306664922358e-05 0.298827424055964 0.969965511695277 0.0300344883047228 -999
  1 1 23 8 0 2213 7.31306664922358e-05 0.298827424055964 0.969965511695277 0.0300344883047228 -999
  1 1 23 8 0 2249 7.31306664922358e-05 0.298827424055964 0.969965511695277 0.0300344883047228 -999
  1 1 23 8 0 11450 7.31306664922358e-05 0.298827424055964 0.969965511695277 0.0300344883047228 -999
  1 1 24 8 0 8560 -999 0.360754010450681 0.928891895015079 0.0623073483091995 0.00880075667572112
  1 1 24 8 0 7528 -999 0.360754010450681 0.928891895015079 0.0623073483091995 0.00880075667572112
  1 1 24 8 0 5325 -999 0.360754010450681 0.928891895015079 0.0623073483091995 0.00880075667572112
  1 1 24 8 0 1065 -999 0.360754010450681 0.928891895015079 0.0623073483091995 0.00880075667572112
  1 1 24 8 0 8163 -999 0.360754010450681 0.928891895015079 0.0623073483091995 0.00880075667572112
  1 1 24 8 0 1530 -999 0.360754010450681 0.928891895015079 0.0623073483091995 0.00880075667572112
  1 1 24 8 0 1896 -999 0.360754010450681 0.928891895015079 0.0623073483091995 0.00880075667572112
  1 1 24 8 0 7803 -999 0.360754010450681 0.928891895015079 0.0623073483091995 0.00880075667572112
  1 1 25 8 0 6518 9.32853051156223e-05 0.326574084406759 0.951792320738185 0.0482076792618147 -999
  1 1 25 8 0 7956 9.32853051156223e-05 0.326574084406759 0.951792320738185 0.0482076792618147 -999
  1 1 25 8 0 4551 9.32853051156223e-05 0.326574084406759 0.951792320738185 0.0482076792618147 -999
  1 1 25 8 0 2456 9.32853051156223e-05 0.326574084406759 0.951792320738185 0.0482076792618147 -999
  1 1 25 8 0 11543 9.32853051156223e-05 0.326574084406759 0.951792320738185 0.0482076792618147 -999
  1 1 25 8 0 2534 9.32853051156223e-05 0.326574084406759 0.951792320738185 0.0482076792618147 -999
  1 1 25 8 0 3322 9.32853051156223e-05 0.326574084406759 0.951792320738185 0.0482076792618147 -999
  1 1 25 8 0 800 9.32853051156223e-05 0.326574084406759 0.951792320738185 0.0482076792618147 -999
  1 1 25 8 0 4089 9.32853051156223e-05 0.326574084406759 0.951792320738185 0.0482076792618147 -999
  1 1 26 8 0 6637 7.51513351133115e-06 0.362815683903464 0.931547977107438 0.0684520228925623 -999
  1 1 26 8 0 4469 7.51513351133115e-06 0.362815683903464 0.931547977107438 0.0684520228925623 -999
  1 1 26 8 0 3714 7.51513351133115e-06 0.362815683903464 0.931547977107438 0.0684520228925623 -999
  1 1 26 8 0 1140 7.51513351133115e-06 0.362815683903464 0.931547977107438 0.0684520228925623 -999
  1 1 26 8 0 7936 7.51513351133115e-06 0.362815683903464 0.931547977107438 0.0684520228925623 -999
  1 1 26 8 0 211 7.51513351133115e-06 0.362815683903464 0.931547977107438 0.0684520228925623 -999
  1 1 26 8 0 2948 7.51513351133115e-06 0.362815683903464 0.931547977107438 0.0684520228925623 -999
  1 1 26 8 0 1792 7.51513351133115e-06 0.362815683903464 0.931547977107438 0.0684520228925623 -999
  1 1 26 8 0 3512 7.51513351133115e-06 0.362815683903464 0.931547977107438 0.0684520228925623 -999
  1 1 27 8 0 4245 -999 0.518047806572172 0.937859040538509 0.0621409594614909 -999
  1 1 27 8 0 4711 -999 0.518047806572172 0.937859040538509 0.0621409594614909 -999
  1 1 27 8 0 2203 -999 0.518047806572172 0.937859040538509 0.0621409594614909 -999
  1 1 27 8 0 453 -999 0.518047806572172 0.937859040538509 0.0621409594614909 -999
  1 1 27 8 0 4472 -999 0.518047806572172 0.937859040538509 0.0621409594614909 -999
  1 1 27 8 0 395 -999 0.518047806572172 0.937859040538509 0.0621409594614909 -999
  1 1 27 8 0 2273 -999 0.518047806572172 0.937859040538509 0.0621409594614909 -999
  1 1 27 8 0 1425 -999 0.518047806572172 0.937859040538509 0.0621409594614909 -999
  1 1 27 8 0 5905 -999 0.518047806572172 0.937859040538509 0.0621409594614909 -999
  1 1 28 8 0 2645 -999 0.366808101695277 0.973928857085964 0.0260711429140361 -999
  1 1 28 8 0 4707 -999 0.366808101695277 0.973928857085964 0.0260711429140361 -999
  1 1 28 8 0 1775 -999 0.366808101695277 0.973928857085964 0.0260711429140361 -999
  1 1 28 8 0 291 -999 0.366808101695277 0.973928857085964 0.0260711429140361 -999
  1 1 28 8 0 6183 -999 0.366808101695277 0.973928857085964 0.0260711429140361 -999
  1 1 28 8 0 1101 -999 0.366808101695277 0.973928857085964 0.0260711429140361 -999
  1 1 28 8 0 2291 -999 0.366808101695277 0.973928857085964 0.0260711429140361 -999
  1 1 28 8 0 1995 -999 0.366808101695277 0.973928857085964 0.0260711429140361 -999
  1 1 28 8 0 4239 -999 0.366808101695277 0.973928857085964 0.0260711429140361 -999
  1 1 29 8 0 2203 -999 0.478070612284284 0.945813659764292 0.0541863402357077 -999
  1 1 29 8 0 5025 -999 0.478070612284284 0.945813659764292 0.0541863402357077 -999
  1 1 29 8 0 5275 -999 0.478070612284284 0.945813659764292 0.0541863402357077 -999
  1 1 29 8 0 2776 -999 0.478070612284284 0.945813659764292 0.0541863402357077 -999
  1 1 29 8 0 457 -999 0.478070612284284 0.945813659764292 0.0541863402357077 -999
  1 1 29 8 0 7481 -999 0.478070612284284 0.945813659764292 0.0541863402357077 -999
  1 1 29 8 0 2282 -999 0.478070612284284 0.945813659764292 0.0541863402357077 -999
  1 1 29 8 0 2231 -999 0.478070612284284 0.945813659764292 0.0541863402357077 -999
  1 1 29 8 0 1222 -999 0.478070612284284 0.945813659764292 0.0541863402357077 -999
  1 1 29 8 0 2963 -999 0.478070612284284 0.945813659764292 0.0541863402357077 -999
  1 1 30 8 0 2520 -999 0.41123122172235 0.965132894567772 0.0348671054322279 -999
  1 1 30 8 0 6369 -999 0.41123122172235 0.965132894567772 0.0348671054322279 -999
  1 1 30 8 0 6897 -999 0.41123122172235 0.965132894567772 0.0348671054322279 -999
  1 1 30 8 0 5448 -999 0.41123122172235 0.965132894567772 0.0348671054322279 -999
  1 1 30 8 0 2381 -999 0.41123122172235 0.965132894567772 0.0348671054322279 -999
  1 1 30 8 0 10905 -999 0.41123122172235 0.965132894567772 0.0348671054322279 -999
  1 1 30 8 0 2349 -999 0.41123122172235 0.965132894567772 0.0348671054322279 -999
  1 1 30 8 0 748 -999 0.41123122172235 0.965132894567772 0.0348671054322279 -999
  1 1 30 8 0 620 -999 0.41123122172235 0.965132894567772 0.0348671054322279 -999
  1 1 30 8 0 7550 -999 0.41123122172235 0.965132894567772 0.0348671054322279 -999
  1 1 31 8 0 710 -999 0.385174569342604 0.964997745686926 0.0350022543130739 -999
  1 1 31 8 0 6840 -999 0.385174569342604 0.964997745686926 0.0350022543130739 -999
  1 1 31 8 0 5402 -999 0.385174569342604 0.964997745686926 0.0350022543130739 -999
  1 1 31 8 0 1789 -999 0.385174569342604 0.964997745686926 0.0350022543130739 -999
  1 1 31 8 0 1628 -999 0.385174569342604 0.964997745686926 0.0350022543130739 -999
  1 1 31 8 0 9156 -999 0.385174569342604 0.964997745686926 0.0350022543130739 -999
  1 1 31 8 0 1956 -999 0.385174569342604 0.964997745686926 0.0350022543130739 -999
  1 1 31 8 0 751 -999 0.385174569342604 0.964997745686926 0.0350022543130739 -999
  1 1 31 8 0 1103 -999 0.385174569342604 0.964997745686926 0.0350022543130739 -999
  1 1 31 8 0 8541 -999 0.385174569342604 0.964997745686926 0.0350022543130739 -999
  1 1 32 8 0 1818 -999 0.53092473509937 0.964745161631416 0.035254838368584 -999
  1 1 32 8 0 6291 -999 0.53092473509937 0.964745161631416 0.035254838368584 -999
  1 1 32 8 0 5487 -999 0.53092473509937 0.964745161631416 0.035254838368584 -999
  1 1 32 8 0 2366 -999 0.53092473509937 0.964745161631416 0.035254838368584 -999
  1 1 32 8 0 2277 -999 0.53092473509937 0.964745161631416 0.035254838368584 -999
  1 1 32 8 0 10446 -999 0.53092473509937 0.964745161631416 0.035254838368584 -999
  1 1 32 8 0 4297 -999 0.53092473509937 0.964745161631416 0.035254838368584 -999
  1 1 32 8 0 404 -999 0.53092473509937 0.964745161631416 0.035254838368584 -999
  1 1 32 8 0 951 -999 0.53092473509937 0.964745161631416 0.035254838368584 -999
  1 1 32 8 0 7576 -999 0.53092473509937 0.964745161631416 0.035254838368584 -999
  1 1 33 8 0 5877 -999 0.311026702646463 0.934771039567892 0.065228960432108 -999
  1 1 33 8 0 11510 -999 0.311026702646463 0.934771039567892 0.065228960432108 -999
  1 1 33 8 0 13068 -999 0.311026702646463 0.934771039567892 0.065228960432108 -999
  1 1 33 8 0 4696 -999 0.311026702646463 0.934771039567892 0.065228960432108 -999
  1 1 33 8 0 3199 -999 0.311026702646463 0.934771039567892 0.065228960432108 -999
  1 1 33 8 0 9159 -999 0.311026702646463 0.934771039567892 0.065228960432108 -999
  1 1 33 8 0 907 -999 0.311026702646463 0.934771039567892 0.065228960432108 -999
  1 1 33 8 0 2799 -999 0.311026702646463 0.934771039567892 0.065228960432108 -999
  1 1 33 8 0 1317 -999 0.311026702646463 0.934771039567892 0.065228960432108 -999
  1 1 33 8 0 4539 -999 0.311026702646463 0.934771039567892 0.065228960432108 -999
  1 1 34 8 0 6609 -999 0.216324823964287 0.923791424395333 0.0762085756046674 -999
  1 1 34 8 0 8518 -999 0.216324823964287 0.923791424395333 0.0762085756046674 -999
  1 1 34 8 0 10248 -999 0.216324823964287 0.923791424395333 0.0762085756046674 -999
  1 1 34 8 0 4922 -999 0.216324823964287 0.923791424395333 0.0762085756046674 -999
  1 1 34 8 0 5810 -999 0.216324823964287 0.923791424395333 0.0762085756046674 -999
  1 1 34 8 0 10178 -999 0.216324823964287 0.923791424395333 0.0762085756046674 -999
  1 1 34 8 0 3026 -999 0.216324823964287 0.923791424395333 0.0762085756046674 -999
  1 1 34 8 0 649 -999 0.216324823964287 0.923791424395333 0.0762085756046674 -999
  1 1 34 8 0 1178 -999 0.216324823964287 0.923791424395333 0.0762085756046674 -999
  1 1 34 8 0 13640 -999 0.216324823964287 0.923791424395333 0.0762085756046674 -999
  1 1 35 8 0 7153 -999 0.0916133547715439 0.838795196755741 0.161204803244259 -999
  1 1 35 8 0 7093 -999 0.0916133547715439 0.838795196755741 0.161204803244259 -999
  1 1 35 8 0 10773 -999 0.0916133547715439 0.838795196755741 0.161204803244259 -999
  1 1 35 8 0 5216 -999 0.0916133547715439 0.838795196755741 0.161204803244259 -999
  1 1 35 8 0 3419 -999 0.0916133547715439 0.838795196755741 0.161204803244259 -999
  1 1 35 8 0 9640 -999 0.0916133547715439 0.838795196755741 0.161204803244259 -999
  1 1 35 8 0 2461 -999 0.0916133547715439 0.838795196755741 0.161204803244259 -999
  1 1 35 8 0 398 -999 0.0916133547715439 0.838795196755741 0.161204803244259 -999
  1 1 35 8 0 639 -999 0.0916133547715439 0.838795196755741 0.161204803244259 -999
  1 1 35 8 0 7464 -999 0.0916133547715439 0.838795196755741 0.161204803244259 -999
  1 1 36 8 0 4961 -999 0.0935680012611812 0.679795354676584 0.320204645323416 -999
  1 1 36 8 0 6278 -999 0.0935680012611812 0.679795354676584 0.320204645323416 -999
  1 1 36 8 0 13203 -999 0.0935680012611812 0.679795354676584 0.320204645323416 -999
  1 1 36 8 0 6835 -999 0.0935680012611812 0.679795354676584 0.320204645323416 -999
  1 1 36 8 0 5760 -999 0.0935680012611812 0.679795354676584 0.320204645323416 -999
  1 1 36 8 0 7712 -999 0.0935680012611812 0.679795354676584 0.320204645323416 -999
  1 1 36 8 0 2787 -999 0.0935680012611812 0.679795354676584 0.320204645323416 -999
  1 1 36 8 0 1215 -999 0.0935680012611812 0.679795354676584 0.320204645323416 -999
  1 1 36 8 0 668 -999 0.0935680012611812 0.679795354676584 0.320204645323416 -999
  1 1 36 8 0 9061 -999 0.0935680012611812 0.679795354676584 0.320204645323416 -999
  1 1 37 8 0 3198 -999 0.0582675872505648 0.714744227860839 0.285255772139161 -999
  1 1 37 8 0 9271 -999 0.0582675872505648 0.714744227860839 0.285255772139161 -999
  1 1 37 8 0 14334 -999 0.0582675872505648 0.714744227860839 0.285255772139161 -999
  1 1 37 8 0 9537 -999 0.0582675872505648 0.714744227860839 0.285255772139161 -999
  1 1 37 8 0 6833 -999 0.0582675872505648 0.714744227860839 0.285255772139161 -999
  1 1 37 8 0 7099 -999 0.0582675872505648 0.714744227860839 0.285255772139161 -999
  1 1 37 8 0 1101 -999 0.0582675872505648 0.714744227860839 0.285255772139161 -999
  1 1 37 8 0 1210 -999 0.0582675872505648 0.714744227860839 0.285255772139161 -999
  1 1 37 8 0 525 -999 0.0582675872505648 0.714744227860839 0.285255772139161 -999
  1 1 37 8 0 10941 -999 0.0582675872505648 0.714744227860839 0.285255772139161 -999
  1 1 38 8 0 3895 9.5058555525483e-06 0.100816981510463 0.770603840955462 0.229396159044538 -999
  1 1 38 8 0 4705 9.5058555525483e-06 0.100816981510463 0.770603840955462 0.229396159044538 -999
  1 1 38 8 0 15143 9.5058555525483e-06 0.100816981510463 0.770603840955462 0.229396159044538 -999
  1 1 38 8 0 9214 9.5058555525483e-06 0.100816981510463 0.770603840955462 0.229396159044538 -999
  1 1 38 8 0 7189 9.5058555525483e-06 0.100816981510463 0.770603840955462 0.229396159044538 -999
  1 1 38 8 0 9280 9.5058555525483e-06 0.100816981510463 0.770603840955462 0.229396159044538 -999
  1 1 38 8 0 3117 9.5058555525483e-06 0.100816981510463 0.770603840955462 0.229396159044538 -999
  1 1 38 8 0 2897 9.5058555525483e-06 0.100816981510463 0.770603840955462 0.229396159044538 -999
  1 1 38 8 0 490 9.5058555525483e-06 0.100816981510463 0.770603840955462 0.229396159044538 -999
  1 1 38 8 0 12758 9.5058555525483e-06 0.100816981510463 0.770603840955462 0.229396159044538 -999
  1 1 39 8 0 4049 -999 0.209915233830576 0.773017605317042 0.226982394682958 -999
  1 1 39 8 0 9431 -999 0.209915233830576 0.773017605317042 0.226982394682958 -999
  1 1 39 8 0 15606 -999 0.209915233830576 0.773017605317042 0.226982394682958 -999
  1 1 39 8 0 12486 -999 0.209915233830576 0.773017605317042 0.226982394682958 -999
  1 1 39 8 0 8834 -999 0.209915233830576 0.773017605317042 0.226982394682958 -999
  1 1 39 8 0 11055 -999 0.209915233830576 0.773017605317042 0.226982394682958 -999
  1 1 39 8 0 5250 -999 0.209915233830576 0.773017605317042 0.226982394682958 -999
  1 1 39 8 0 4857 -999 0.209915233830576 0.773017605317042 0.226982394682958 -999
  1 1 39 8 0 562 -999 0.209915233830576 0.773017605317042 0.226982394682958 -999
  1 1 39 8 0 15410 -999 0.209915233830576 0.773017605317042 0.226982394682958 -999
  1 1 40 8 0 3400 6.67487163566644e-06 0.259358835320347 0.8419633501717 0.1580366498283 -999
  1 1 40 8 0 8362 6.67487163566644e-06 0.259358835320347 0.8419633501717 0.1580366498283 -999
  1 1 40 8 0 14843 6.67487163566644e-06 0.259358835320347 0.8419633501717 0.1580366498283 -999
  1 1 40 8 0 14692 6.67487163566644e-06 0.259358835320347 0.8419633501717 0.1580366498283 -999
  1 1 40 8 0 7760 6.67487163566644e-06 0.259358835320347 0.8419633501717 0.1580366498283 -999
  1 1 40 8 0 7772 6.67487163566644e-06 0.259358835320347 0.8419633501717 0.1580366498283 -999
  1 1 40 8 0 9474 6.67487163566644e-06 0.259358835320347 0.8419633501717 0.1580366498283 -999
  1 1 40 8 0 3394 6.67487163566644e-06 0.259358835320347 0.8419633501717 0.1580366498283 -999
  1 1 40 8 0 418 6.67487163566644e-06 0.259358835320347 0.8419633501717 0.1580366498283 -999
  1 1 40 8 0 19860 6.67487163566644e-06 0.259358835320347 0.8419633501717 0.1580366498283 -999
  1 1 41 8 0 3426 -999 0.209545354245379 0.877569209979713 0.122430790020287 -999
  1 1 41 8 0 8601 -999 0.209545354245379 0.877569209979713 0.122430790020287 -999
  1 1 41 8 0 13766 -999 0.209545354245379 0.877569209979713 0.122430790020287 -999
  1 1 41 8 0 14178 -999 0.209545354245379 0.877569209979713 0.122430790020287 -999
  1 1 41 8 0 9867 -999 0.209545354245379 0.877569209979713 0.122430790020287 -999
  1 1 41 8 0 6359 -999 0.209545354245379 0.877569209979713 0.122430790020287 -999
  1 1 41 8 0 11911 -999 0.209545354245379 0.877569209979713 0.122430790020287 -999
  1 1 41 8 0 3161 -999 0.209545354245379 0.877569209979713 0.122430790020287 -999
  1 1 41 8 0 356 -999 0.209545354245379 0.877569209979713 0.122430790020287 -999
  1 1 41 8 0 15454 -999 0.209545354245379 0.877569209979713 0.122430790020287 -999
  1 1 42 8 0 2090 -999 0.162174705051607 0.864729691940575 0.102355346899163 0.0329149611602622
  1 1 42 8 0 8943 -999 0.162174705051607 0.864729691940575 0.102355346899163 0.0329149611602622
  1 1 42 8 0 11289 -999 0.162174705051607 0.864729691940575 0.102355346899163 0.0329149611602622
  1 1 42 8 0 13375 -999 0.162174705051607 0.864729691940575 0.102355346899163 0.0329149611602622
  1 1 42 8 0 9542 -999 0.162174705051607 0.864729691940575 0.102355346899163 0.0329149611602622
  1 1 42 8 0 6157 -999 0.162174705051607 0.864729691940575 0.102355346899163 0.0329149611602622
  1 1 42 8 0 4911 -999 0.162174705051607 0.864729691940575 0.102355346899163 0.0329149611602622
  1 1 42 8 0 4357 -999 0.162174705051607 0.864729691940575 0.102355346899163 0.0329149611602622
  1 1 42 8 0 500 -999 0.162174705051607 0.864729691940575 0.102355346899163 0.0329149611602622
  1 1 42 8 0 12303 -999 0.162174705051607 0.864729691940575 0.102355346899163 0.0329149611602622
  1 1 43 8 0 2770 -999 0.0845514820957291 0.940566547934047 0.0594334520659529 -999
  1 1 43 8 0 11283 -999 0.0845514820957291 0.940566547934047 0.0594334520659529 -999
  1 1 43 8 0 12563 -999 0.0845514820957291 0.940566547934047 0.0594334520659529 -999
  1 1 43 8 0 15155 -999 0.0845514820957291 0.940566547934047 0.0594334520659529 -999
  1 1 43 8 0 15542 -999 0.0845514820957291 0.940566547934047 0.0594334520659529 -999
  1 1 43 8 0 6127 -999 0.0845514820957291 0.940566547934047 0.0594334520659529 -999
  1 1 43 8 0 3025 -999 0.0845514820957291 0.940566547934047 0.0594334520659529 -999
  1 1 43 8 0 5784 -999 0.0845514820957291 0.940566547934047 0.0594334520659529 -999
  1 1 43 8 0 544 -999 0.0845514820957291 0.940566547934047 0.0594334520659529 -999
  1 1 43 8 0 12754 -999 0.0845514820957291 0.940566547934047 0.0594334520659529 -999
  1 1 44 8 0 3676 -999 0.0676527389284579 0.944424936634753 0.0555750633652472 -999
  1 1 44 8 0 9538 -999 0.0676527389284579 0.944424936634753 0.0555750633652472 -999
  1 1 44 8 0 10915 -999 0.0676527389284579 0.944424936634753 0.0555750633652472 -999
  1 1 44 8 0 16617 -999 0.0676527389284579 0.944424936634753 0.0555750633652472 -999
  1 1 44 8 0 12596 -999 0.0676527389284579 0.944424936634753 0.0555750633652472 -999
  1 1 44 8 0 6248 -999 0.0676527389284579 0.944424936634753 0.0555750633652472 -999
  1 1 44 8 0 2697 -999 0.0676527389284579 0.944424936634753 0.0555750633652472 -999
  1 1 44 8 0 5799 -999 0.0676527389284579 0.944424936634753 0.0555750633652472 -999
  1 1 44 8 0 481 -999 0.0676527389284579 0.944424936634753 0.0555750633652472 -999
  1 1 44 8 0 12717 -999 0.0676527389284579 0.944424936634753 0.0555750633652472 -999
  1 1 45 8 0 2648 -999 0.0595798078486464 0.971146132963842 0.0288538670361584 -999
  1 1 45 8 0 6565 -999 0.0595798078486464 0.971146132963842 0.0288538670361584 -999
  1 1 45 8 0 8811 -999 0.0595798078486464 0.971146132963842 0.0288538670361584 -999
  1 1 45 8 0 8938 -999 0.0595798078486464 0.971146132963842 0.0288538670361584 -999
  1 1 45 8 0 6133 -999 0.0595798078486464 0.971146132963842 0.0288538670361584 -999
  1 1 45 8 0 6307 -999 0.0595798078486464 0.971146132963842 0.0288538670361584 -999
  1 1 45 8 0 2386 -999 0.0595798078486464 0.971146132963842 0.0288538670361584 -999
  1 1 45 8 0 4058 -999 0.0595798078486464 0.971146132963842 0.0288538670361584 -999
  1 1 45 8 0 476 -999 0.0595798078486464 0.971146132963842 0.0288538670361584 -999
  1 1 45 8 0 14943 -999 0.0595798078486464 0.971146132963842 0.0288538670361584 -999
  1 1 46 8 0 2140 -999 0.0548520916558617 0.960637493711303 0.0393625062886966 -999
  1 1 46 8 0 6293 -999 0.0548520916558617 0.960637493711303 0.0393625062886966 -999
  1 1 46 8 0 8254 -999 0.0548520916558617 0.960637493711303 0.0393625062886966 -999
  1 1 46 8 0 5206 -999 0.0548520916558617 0.960637493711303 0.0393625062886966 -999
  1 1 46 8 0 6246 -999 0.0548520916558617 0.960637493711303 0.0393625062886966 -999
  1 1 46 8 0 6676 -999 0.0548520916558617 0.960637493711303 0.0393625062886966 -999
  1 1 46 8 0 2921 -999 0.0548520916558617 0.960637493711303 0.0393625062886966 -999
  1 1 46 8 0 5891 -999 0.0548520916558617 0.960637493711303 0.0393625062886966 -999
  1 1 46 8 0 588 -999 0.0548520916558617 0.960637493711303 0.0393625062886966 -999
  1 1 46 8 0 15792 -999 0.0548520916558617 0.960637493711303 0.0393625062886966 -999
  1 1 47 8 0 2971 -999 0.0701707742861741 0.958142391656201 0.0418576083437989 -999
  1 1 47 8 0 5259 -999 0.0701707742861741 0.958142391656201 0.0418576083437989 -999
  1 1 47 8 0 6375 -999 0.0701707742861741 0.958142391656201 0.0418576083437989 -999
  1 1 47 8 0 5299 -999 0.0701707742861741 0.958142391656201 0.0418576083437989 -999
  1 1 47 8 0 6756 -999 0.0701707742861741 0.958142391656201 0.0418576083437989 -999
  1 1 47 8 0 7210 -999 0.0701707742861741 0.958142391656201 0.0418576083437989 -999
  1 1 47 8 0 2932 -999 0.0701707742861741 0.958142391656201 0.0418576083437989 -999
  1 1 47 8 0 5069 -999 0.0701707742861741 0.958142391656201 0.0418576083437989 -999
  1 1 47 8 0 482 -999 0.0701707742861741 0.958142391656201 0.0418576083437989 -999
  1 1 47 8 0 12669 -999 0.0701707742861741 0.958142391656201 0.0418576083437989 -999
  1 1 48 8 0 2120 -999 0.0484567417348707 0.95233703377056 0.0476629662294403 -999
  1 1 48 8 0 9091 -999 0.0484567417348707 0.95233703377056 0.0476629662294403 -999
  1 1 48 8 0 7234 -999 0.0484567417348707 0.95233703377056 0.0476629662294403 -999
  1 1 48 8 0 5764 -999 0.0484567417348707 0.95233703377056 0.0476629662294403 -999
  1 1 48 8 0 7777 -999 0.0484567417348707 0.95233703377056 0.0476629662294403 -999
  1 1 48 8 0 5913 -999 0.0484567417348707 0.95233703377056 0.0476629662294403 -999
  1 1 48 8 0 5366 -999 0.0484567417348707 0.95233703377056 0.0476629662294403 -999
  1 1 48 8 0 4107 -999 0.0484567417348707 0.95233703377056 0.0476629662294403 -999
  1 1 48 8 0 439 -999 0.0484567417348707 0.95233703377056 0.0476629662294403 -999
  1 1 48 8 0 14501 -999 0.0484567417348707 0.95233703377056 0.0476629662294403 -999
  1 1 49 8 0 1960 -999 0.0865813185992355 0.946001988216834 0.0539980117831654 -999
  1 1 49 8 0 6373 -999 0.0865813185992355 0.946001988216834 0.0539980117831654 -999
  1 1 49 8 0 7697 -999 0.0865813185992355 0.946001988216834 0.0539980117831654 -999
  1 1 49 8 0 2404 -999 0.0865813185992355 0.946001988216834 0.0539980117831654 -999
  1 1 49 8 0 6578 -999 0.0865813185992355 0.946001988216834 0.0539980117831654 -999
  1 1 49 8 0 4876 -999 0.0865813185992355 0.946001988216834 0.0539980117831654 -999
  1 1 49 8 0 5285 -999 0.0865813185992355 0.946001988216834 0.0539980117831654 -999
  1 1 49 8 0 5420 -999 0.0865813185992355 0.946001988216834 0.0539980117831654 -999
  1 1 49 8 0 412 -999 0.0865813185992355 0.946001988216834 0.0539980117831654 -999
  1 1 49 8 0 15260 -999 0.0865813185992355 0.946001988216834 0.0539980117831654 -999
  1 1 50 8 0 2453 -999 0.0507308517246138 0.923149259826234 0.0768507401737659 -999
  1 1 50 8 0 7345 -999 0.0507308517246138 0.923149259826234 0.0768507401737659 -999
  1 1 50 8 0 11453 -999 0.0507308517246138 0.923149259826234 0.0768507401737659 -999
  1 1 50 8 0 3111 -999 0.0507308517246138 0.923149259826234 0.0768507401737659 -999
  1 1 50 8 0 7550 -999 0.0507308517246138 0.923149259826234 0.0768507401737659 -999
  1 1 50 8 0 5812 -999 0.0507308517246138 0.923149259826234 0.0768507401737659 -999
  1 1 50 8 0 7369 -999 0.0507308517246138 0.923149259826234 0.0768507401737659 -999
  1 1 50 8 0 5576 -999 0.0507308517246138 0.923149259826234 0.0768507401737659 -999
  1 1 50 8 0 403 -999 0.0507308517246138 0.923149259826234 0.0768507401737659 -999
  1 1 50 8 0 13965 -999 0.0507308517246138 0.923149259826234 0.0768507401737659 -999
  1 1 51 8 0 2803 -999 0.0272906682638947 0.869076260904832 0.130923739095168 -999
  1 1 51 8 0 3807 -999 0.0272906682638947 0.869076260904832 0.130923739095168 -999
  1 1 51 8 0 5480 -999 0.0272906682638947 0.869076260904832 0.130923739095168 -999
  1 1 51 8 0 1183 -999 0.0272906682638947 0.869076260904832 0.130923739095168 -999
  1 1 51 8 0 6294 -999 0.0272906682638947 0.869076260904832 0.130923739095168 -999
  1 1 51 8 0 5185 -999 0.0272906682638947 0.869076260904832 0.130923739095168 -999
  1 1 51 8 0 5675 -999 0.0272906682638947 0.869076260904832 0.130923739095168 -999
  1 1 51 8 0 4633 -999 0.0272906682638947 0.869076260904832 0.130923739095168 -999
  1 1 51 8 0 409 -999 0.0272906682638947 0.869076260904832 0.130923739095168 -999
  1 1 51 8 0 15256 -999 0.0272906682638947 0.869076260904832 0.130923739095168 -999
  1 1 52 8 0 2608 -999 0.0193885801927849 0.750882289551172 0.249117710448828 -999
  1 1 52 8 0 1879 -999 0.0193885801927849 0.750882289551172 0.249117710448828 -999
  1 1 52 8 0 1826 -999 0.0193885801927849 0.750882289551172 0.249117710448828 -999
  1 1 52 8 0 241 -999 0.0193885801927849 0.750882289551172 0.249117710448828 -999
  1 1 52 8 0 3287 -999 0.0193885801927849 0.750882289551172 0.249117710448828 -999
  1 1 52 8 0 3711 -999 0.0193885801927849 0.750882289551172 0.249117710448828 -999
  1 1 52 8 0 8926 -999 0.0193885801927849 0.750882289551172 0.249117710448828 -999
  1 1 52 8 0 4382 -999 0.0193885801927849 0.750882289551172 0.249117710448828 -999
  1 1 52 8 0 564 -999 0.0193885801927849 0.750882289551172 0.249117710448828 -999
  1 1 52 8 0 13201 -999 0.0193885801927849 0.750882289551172 0.249117710448828 -999
  1 1 25 9 0 6518 -999 -999 -999 -999 -999
  1 1 25 9 0 7956 -999 -999 -999 -999 -999
  1 1 25 9 0 4551 -999 -999 -999 -999 -999
  1 1 25 9 0 2456 -999 -999 -999 -999 -999
  1 1 25 9 0 11543 -999 -999 -999 -999 -999
  1 1 25 9 0 2534 -999 -999 -999 -999 -999
  1 1 25 9 0 3322 -999 -999 -999 -999 -999
  1 1 25 9 0 800 -999 -999 -999 -999 -999
  1 1 25 9 0 4089 -999 -999 -999 -999 -999
  1 1 26 9 0 6637 -999 -999 -999 -999 -999
  1 1 26 9 0 4469 -999 -999 -999 -999 -999
  1 1 26 9 0 3714 -999 -999 -999 -999 -999
  1 1 26 9 0 1140 -999 -999 -999 -999 -999
  1 1 26 9 0 7936 -999 -999 -999 -999 -999
  1 1 26 9 0 211 -999 -999 -999 -999 -999
  1 1 26 9 0 2948 -999 -999 -999 -999 -999
  1 1 26 9 0 1792 -999 -999 -999 -999 -999
  1 1 26 9 0 3512 -999 -999 -999 -999 -999
  1 1 27 9 0 4245 -999 -999 -999 -999 -999
  1 1 27 9 0 4711 -999 -999 -999 -999 -999
  1 1 27 9 0 2203 -999 -999 -999 -999 -999
  1 1 27 9 0 453 -999 -999 -999 -999 -999
  1 1 27 9 0 4472 -999 -999 -999 -999 -999
  1 1 27 9 0 395 -999 -999 -999 -999 -999
  1 1 27 9 0 2273 -999 -999 -999 -999 -999
  1 1 27 9 0 1425 -999 -999 -999 -999 -999
  1 1 27 9 0 5905 -999 -999 -999 -999 -999
  1 1 28 9 0 2645 -999 -999 -999 -999 -999
  1 1 28 9 0 4707 -999 -999 -999 -999 -999
  1 1 28 9 0 1775 -999 -999 -999 -999 -999
  1 1 28 9 0 291 -999 -999 -999 -999 -999
  1 1 28 9 0 6183 -999 -999 -999 -999 -999
  1 1 28 9 0 1101 -999 -999 -999 -999 -999
  1 1 28 9 0 2291 -999 -999 -999 -999 -999
  1 1 28 9 0 1995 -999 -999 -999 -999 -999
  1 1 28 9 0 4239 -999 -999 -999 -999 -999
  1 1 29 9 0 2203 -999 -999 -999 -999 -999
  1 1 29 9 0 5025 -999 -999 -999 -999 -999
  1 1 29 9 0 5275 -999 -999 -999 -999 -999
  1 1 29 9 0 2776 -999 -999 -999 -999 -999
  1 1 29 9 0 457 -999 -999 -999 -999 -999
  1 1 29 9 0 7481 -999 -999 -999 -999 -999
  1 1 29 9 0 2282 -999 -999 -999 -999 -999
  1 1 29 9 0 2231 -999 -999 -999 -999 -999
  1 1 29 9 0 1222 -999 -999 -999 -999 -999
  1 1 29 9 0 2963 -999 -999 -999 -999 -999
  1 1 30 9 0 2520 -999 -999 -999 -999 -999
  1 1 30 9 0 6369 -999 -999 -999 -999 -999
  1 1 30 9 0 6897 -999 -999 -999 -999 -999
  1 1 30 9 0 5448 -999 -999 -999 -999 -999
  1 1 30 9 0 2381 -999 -999 -999 -999 -999
  1 1 30 9 0 10905 -999 -999 -999 -999 -999
  1 1 30 9 0 2349 -999 -999 -999 -999 -999
  1 1 30 9 0 748 -999 -999 -999 -999 -999
  1 1 30 9 0 620 -999 -999 -999 -999 -999
  1 1 30 9 0 7550 -999 -999 -999 -999 -999
  1 1 31 9 0 710 -999 -999 -999 -999 -999
  1 1 31 9 0 6840 -999 -999 -999 -999 -999
  1 1 31 9 0 5402 -999 -999 -999 -999 -999
  1 1 31 9 0 1789 -999 -999 -999 -999 -999
  1 1 31 9 0 1628 -999 -999 -999 -999 -999
  1 1 31 9 0 9156 -999 -999 -999 -999 -999
  1 1 31 9 0 1956 -999 -999 -999 -999 -999
  1 1 31 9 0 751 -999 -999 -999 -999 -999
  1 1 31 9 0 1103 -999 -999 -999 -999 -999
  1 1 31 9 0 8541 -999 -999 -999 -999 -999
  1 1 32 9 0 1818 -999 -999 -999 -999 -999
  1 1 32 9 0 6291 -999 -999 -999 -999 -999
  1 1 32 9 0 5487 -999 -999 -999 -999 -999
  1 1 32 9 0 2366 -999 -999 -999 -999 -999
  1 1 32 9 0 2277 -999 -999 -999 -999 -999
  1 1 32 9 0 10446 -999 -999 -999 -999 -999
  1 1 32 9 0 4297 -999 -999 -999 -999 -999
  1 1 32 9 0 404 -999 -999 -999 -999 -999
  1 1 32 9 0 951 -999 -999 -999 -999 -999
  1 1 32 9 0 7576 -999 -999 -999 -999 -999
  1 1 33 9 0 5877 -999 -999 -999 -999 -999
  1 1 33 9 0 11510 -999 -999 -999 -999 -999
  1 1 33 9 0 13068 -999 -999 -999 -999 -999
  1 1 33 9 0 4696 -999 -999 -999 -999 -999
  1 1 33 9 0 3199 -999 -999 -999 -999 -999
  1 1 33 9 0 9159 -999 -999 -999 -999 -999
  1 1 33 9 0 907 -999 -999 -999 -999 -999
  1 1 33 9 0 2799 -999 -999 -999 -999 -999
  1 1 33 9 0 1317 -999 -999 -999 -999 -999
  1 1 33 9 0 4539 -999 -999 -999 -999 -999
  1 1 34 9 0 6609 -999 -999 -999 -999 -999
  1 1 34 9 0 8518 -999 -999 -999 -999 -999
  1 1 34 9 0 10248 -999 -999 -999 -999 -999
  1 1 34 9 0 4922 -999 -999 -999 -999 -999
  1 1 34 9 0 5810 -999 -999 -999 -999 -999
  1 1 34 9 0 10178 -999 -999 -999 -999 -999
  1 1 34 9 0 3026 -999 -999 -999 -999 -999
  1 1 34 9 0 649 -999 -999 -999 -999 -999
  1 1 34 9 0 1178 -999 -999 -999 -999 -999
  1 1 34 9 0 13640 -999 -999 -999 -999 -999
  1 1 35 9 0 7153 -999 -999 -999 -999 -999
  1 1 35 9 0 7093 -999 -999 -999 -999 -999
  1 1 35 9 0 10773 -999 -999 -999 -999 -999
  1 1 35 9 0 5216 -999 -999 -999 -999 -999
  1 1 35 9 0 3419 -999 -999 -999 -999 -999
  1 1 35 9 0 9640 -999 -999 -999 -999 -999
  1 1 35 9 0 2461 -999 -999 -999 -999 -999
  1 1 35 9 0 398 -999 -999 -999 -999 -999
  1 1 35 9 0 639 -999 -999 -999 -999 -999
  1 1 35 9 0 7464 -999 -999 -999 -999 -999
  1 1 36 9 0 4961 7.90157579241269e-05 0.0408497529475563 0.244065413146265 0.614836093902166 0.14109849295157
  1 1 36 9 0 6278 7.90157579241269e-05 0.0408497529475563 0.244065413146265 0.614836093902166 0.14109849295157
  1 1 36 9 0 13203 7.90157579241269e-05 0.0408497529475563 0.244065413146265 0.614836093902166 0.14109849295157
  1 1 36 9 0 6835 7.90157579241269e-05 0.0408497529475563 0.244065413146265 0.614836093902166 0.14109849295157
  1 1 36 9 0 5760 7.90157579241269e-05 0.0408497529475563 0.244065413146265 0.614836093902166 0.14109849295157
  1 1 36 9 0 7712 7.90157579241269e-05 0.0408497529475563 0.244065413146265 0.614836093902166 0.14109849295157
  1 1 36 9 0 2787 7.90157579241269e-05 0.0408497529475563 0.244065413146265 0.614836093902166 0.14109849295157
  1 1 36 9 0 1215 7.90157579241269e-05 0.0408497529475563 0.244065413146265 0.614836093902166 0.14109849295157
  1 1 36 9 0 668 7.90157579241269e-05 0.0408497529475563 0.244065413146265 0.614836093902166 0.14109849295157
  1 1 36 9 0 9061 7.90157579241269e-05 0.0408497529475563 0.244065413146265 0.614836093902166 0.14109849295157
  1 1 37 9 0 3198 7.12235401050528e-06 0.0389793466501895 0.270827140223296 0.576965308458673 0.152207551318032
  1 1 37 9 0 9271 7.12235401050528e-06 0.0389793466501895 0.270827140223296 0.576965308458673 0.152207551318032
  1 1 37 9 0 14334 7.12235401050528e-06 0.0389793466501895 0.270827140223296 0.576965308458673 0.152207551318032
  1 1 37 9 0 9537 7.12235401050528e-06 0.0389793466501895 0.270827140223296 0.576965308458673 0.152207551318032
  1 1 37 9 0 6833 7.12235401050528e-06 0.0389793466501895 0.270827140223296 0.576965308458673 0.152207551318032
  1 1 37 9 0 7099 7.12235401050528e-06 0.0389793466501895 0.270827140223296 0.576965308458673 0.152207551318032
  1 1 37 9 0 1101 7.12235401050528e-06 0.0389793466501895 0.270827140223296 0.576965308458673 0.152207551318032
  1 1 37 9 0 1210 7.12235401050528e-06 0.0389793466501895 0.270827140223296 0.576965308458673 0.152207551318032
  1 1 37 9 0 525 7.12235401050528e-06 0.0389793466501895 0.270827140223296 0.576965308458673 0.152207551318032
  1 1 37 9 0 10941 7.12235401050528e-06 0.0389793466501895 0.270827140223296 0.576965308458673 0.152207551318032
  1 1 38 9 0 3895 0.00021249296457932 0.0653580333556841 0.344401385612257 0.602321536642594 0.0532770777451488
  1 1 38 9 0 4705 0.00021249296457932 0.0653580333556841 0.344401385612257 0.602321536642594 0.0532770777451488
  1 1 38 9 0 15143 0.00021249296457932 0.0653580333556841 0.344401385612257 0.602321536642594 0.0532770777451488
  1 1 38 9 0 9214 0.00021249296457932 0.0653580333556841 0.344401385612257 0.602321536642594 0.0532770777451488
  1 1 38 9 0 7189 0.00021249296457932 0.0653580333556841 0.344401385612257 0.602321536642594 0.0532770777451488
  1 1 38 9 0 9280 0.00021249296457932 0.0653580333556841 0.344401385612257 0.602321536642594 0.0532770777451488
  1 1 38 9 0 3117 0.00021249296457932 0.0653580333556841 0.344401385612257 0.602321536642594 0.0532770777451488
  1 1 38 9 0 2897 0.00021249296457932 0.0653580333556841 0.344401385612257 0.602321536642594 0.0532770777451488
  1 1 38 9 0 490 0.00021249296457932 0.0653580333556841 0.344401385612257 0.602321536642594 0.0532770777451488
  1 1 38 9 0 12758 0.00021249296457932 0.0653580333556841 0.344401385612257 0.602321536642594 0.0532770777451488
  1 1 39 9 0 4049 4.48026118288542e-05 0.0676702287208341 0.364323412740372 0.480418528120444 0.155258059139184
  1 1 39 9 0 9431 4.48026118288542e-05 0.0676702287208341 0.364323412740372 0.480418528120444 0.155258059139184
  1 1 39 9 0 15606 4.48026118288542e-05 0.0676702287208341 0.364323412740372 0.480418528120444 0.155258059139184
  1 1 39 9 0 12486 4.48026118288542e-05 0.0676702287208341 0.364323412740372 0.480418528120444 0.155258059139184
  1 1 39 9 0 8834 4.48026118288542e-05 0.0676702287208341 0.364323412740372 0.480418528120444 0.155258059139184
  1 1 39 9 0 11055 4.48026118288542e-05 0.0676702287208341 0.364323412740372 0.480418528120444 0.155258059139184
  1 1 39 9 0 5250 4.48026118288542e-05 0.0676702287208341 0.364323412740372 0.480418528120444 0.155258059139184
  1 1 39 9 0 4857 4.48026118288542e-05 0.0676702287208341 0.364323412740372 0.480418528120444 0.155258059139184
  1 1 39 9 0 562 4.48026118288542e-05 0.0676702287208341 0.364323412740372 0.480418528120444 0.155258059139184
  1 1 39 9 0 15410 4.48026118288542e-05 0.0676702287208341 0.364323412740372 0.480418528120444 0.155258059139184
  1 1 40 9 0 3400 2.32980682193548e-05 0.0415734406200442 0.40335043098334 0.494338619479615 0.102310949537045
  1 1 40 9 0 8362 2.32980682193548e-05 0.0415734406200442 0.40335043098334 0.494338619479615 0.102310949537045
  1 1 40 9 0 14843 2.32980682193548e-05 0.0415734406200442 0.40335043098334 0.494338619479615 0.102310949537045
  1 1 40 9 0 14692 2.32980682193548e-05 0.0415734406200442 0.40335043098334 0.494338619479615 0.102310949537045
  1 1 40 9 0 7760 2.32980682193548e-05 0.0415734406200442 0.40335043098334 0.494338619479615 0.102310949537045
  1 1 40 9 0 7772 2.32980682193548e-05 0.0415734406200442 0.40335043098334 0.494338619479615 0.102310949537045
  1 1 40 9 0 9474 2.32980682193548e-05 0.0415734406200442 0.40335043098334 0.494338619479615 0.102310949537045
  1 1 40 9 0 3394 2.32980682193548e-05 0.0415734406200442 0.40335043098334 0.494338619479615 0.102310949537045
  1 1 40 9 0 418 2.32980682193548e-05 0.0415734406200442 0.40335043098334 0.494338619479615 0.102310949537045
  1 1 40 9 0 19860 2.32980682193548e-05 0.0415734406200442 0.40335043098334 0.494338619479615 0.102310949537045
  1 1 41 9 0 3426 -999 0.0262816003347272 0.332426405688523 0.534515991121525 0.133057603189952
  1 1 41 9 0 8601 -999 0.0262816003347272 0.332426405688523 0.534515991121525 0.133057603189952
  1 1 41 9 0 13766 -999 0.0262816003347272 0.332426405688523 0.534515991121525 0.133057603189952
  1 1 41 9 0 14178 -999 0.0262816003347272 0.332426405688523 0.534515991121525 0.133057603189952
  1 1 41 9 0 9867 -999 0.0262816003347272 0.332426405688523 0.534515991121525 0.133057603189952
  1 1 41 9 0 6359 -999 0.0262816003347272 0.332426405688523 0.534515991121525 0.133057603189952
  1 1 41 9 0 11911 -999 0.0262816003347272 0.332426405688523 0.534515991121525 0.133057603189952
  1 1 41 9 0 3161 -999 0.0262816003347272 0.332426405688523 0.534515991121525 0.133057603189952
  1 1 41 9 0 356 -999 0.0262816003347272 0.332426405688523 0.534515991121525 0.133057603189952
  1 1 41 9 0 15454 -999 0.0262816003347272 0.332426405688523 0.534515991121525 0.133057603189952
  1 1 42 9 0 2090 2.28910835106712e-05 0.0300475205914999 0.256068228549113 0.555430212654912 0.188501558795975
  1 1 42 9 0 8943 2.28910835106712e-05 0.0300475205914999 0.256068228549113 0.555430212654912 0.188501558795975
  1 1 42 9 0 11289 2.28910835106712e-05 0.0300475205914999 0.256068228549113 0.555430212654912 0.188501558795975
  1 1 42 9 0 13375 2.28910835106712e-05 0.0300475205914999 0.256068228549113 0.555430212654912 0.188501558795975
  1 1 42 9 0 9542 2.28910835106712e-05 0.0300475205914999 0.256068228549113 0.555430212654912 0.188501558795975
  1 1 42 9 0 6157 2.28910835106712e-05 0.0300475205914999 0.256068228549113 0.555430212654912 0.188501558795975
  1 1 42 9 0 4911 2.28910835106712e-05 0.0300475205914999 0.256068228549113 0.555430212654912 0.188501558795975
  1 1 42 9 0 4357 2.28910835106712e-05 0.0300475205914999 0.256068228549113 0.555430212654912 0.188501558795975
  1 1 42 9 0 500 2.28910835106712e-05 0.0300475205914999 0.256068228549113 0.555430212654912 0.188501558795975
  1 1 42 9 0 12303 2.28910835106712e-05 0.0300475205914999 0.256068228549113 0.555430212654912 0.188501558795975
  1 1 43 9 0 2770 -999 0.0361432831455518 0.289115969621872 0.593538065644173 0.117345964733955
  1 1 43 9 0 11283 -999 0.0361432831455518 0.289115969621872 0.593538065644173 0.117345964733955
  1 1 43 9 0 12563 -999 0.0361432831455518 0.289115969621872 0.593538065644173 0.117345964733955
  1 1 43 9 0 15155 -999 0.0361432831455518 0.289115969621872 0.593538065644173 0.117345964733955
  1 1 43 9 0 15542 -999 0.0361432831455518 0.289115969621872 0.593538065644173 0.117345964733955
  1 1 43 9 0 6127 -999 0.0361432831455518 0.289115969621872 0.593538065644173 0.117345964733955
  1 1 43 9 0 3025 -999 0.0361432831455518 0.289115969621872 0.593538065644173 0.117345964733955
  1 1 43 9 0 5784 -999 0.0361432831455518 0.289115969621872 0.593538065644173 0.117345964733955
  1 1 43 9 0 544 -999 0.0361432831455518 0.289115969621872 0.593538065644173 0.117345964733955
  1 1 43 9 0 12754 -999 0.0361432831455518 0.289115969621872 0.593538065644173 0.117345964733955
  1 1 44 9 0 3676 0.000489376793606283 0.0525212915759559 0.250729076400934 0.559979816311751 0.189291107287315
  1 1 44 9 0 9538 0.000489376793606283 0.0525212915759559 0.250729076400934 0.559979816311751 0.189291107287315
  1 1 44 9 0 10915 0.000489376793606283 0.0525212915759559 0.250729076400934 0.559979816311751 0.189291107287315
  1 1 44 9 0 16617 0.000489376793606283 0.0525212915759559 0.250729076400934 0.559979816311751 0.189291107287315
  1 1 44 9 0 12596 0.000489376793606283 0.0525212915759559 0.250729076400934 0.559979816311751 0.189291107287315
  1 1 44 9 0 6248 0.000489376793606283 0.0525212915759559 0.250729076400934 0.559979816311751 0.189291107287315
  1 1 44 9 0 2697 0.000489376793606283 0.0525212915759559 0.250729076400934 0.559979816311751 0.189291107287315
  1 1 44 9 0 5799 0.000489376793606283 0.0525212915759559 0.250729076400934 0.559979816311751 0.189291107287315
  1 1 44 9 0 481 0.000489376793606283 0.0525212915759559 0.250729076400934 0.559979816311751 0.189291107287315
  1 1 44 9 0 12717 0.000489376793606283 0.0525212915759559 0.250729076400934 0.559979816311751 0.189291107287315
  1 1 45 9 0 2648 2.5009054425206e-05 0.0562663712674076 0.303462837307041 0.521467620926743 0.175069541766216
  1 1 45 9 0 6565 2.5009054425206e-05 0.0562663712674076 0.303462837307041 0.521467620926743 0.175069541766216
  1 1 45 9 0 8811 2.5009054425206e-05 0.0562663712674076 0.303462837307041 0.521467620926743 0.175069541766216
  1 1 45 9 0 8938 2.5009054425206e-05 0.0562663712674076 0.303462837307041 0.521467620926743 0.175069541766216
  1 1 45 9 0 6133 2.5009054425206e-05 0.0562663712674076 0.303462837307041 0.521467620926743 0.175069541766216
  1 1 45 9 0 6307 2.5009054425206e-05 0.0562663712674076 0.303462837307041 0.521467620926743 0.175069541766216
  1 1 45 9 0 2386 2.5009054425206e-05 0.0562663712674076 0.303462837307041 0.521467620926743 0.175069541766216
  1 1 45 9 0 4058 2.5009054425206e-05 0.0562663712674076 0.303462837307041 0.521467620926743 0.175069541766216
  1 1 45 9 0 476 2.5009054425206e-05 0.0562663712674076 0.303462837307041 0.521467620926743 0.175069541766216
  1 1 45 9 0 14943 2.5009054425206e-05 0.0562663712674076 0.303462837307041 0.521467620926743 0.175069541766216
  1 1 46 9 0 2140 0.000389852073286403 0.0747253706544381 0.436764784341482 0.496989782397426 0.0662454332610924
  1 1 46 9 0 6293 0.000389852073286403 0.0747253706544381 0.436764784341482 0.496989782397426 0.0662454332610924
  1 1 46 9 0 8254 0.000389852073286403 0.0747253706544381 0.436764784341482 0.496989782397426 0.0662454332610924
  1 1 46 9 0 5206 0.000389852073286403 0.0747253706544381 0.436764784341482 0.496989782397426 0.0662454332610924
  1 1 46 9 0 6246 0.000389852073286403 0.0747253706544381 0.436764784341482 0.496989782397426 0.0662454332610924
  1 1 46 9 0 6676 0.000389852073286403 0.0747253706544381 0.436764784341482 0.496989782397426 0.0662454332610924
  1 1 46 9 0 2921 0.000389852073286403 0.0747253706544381 0.436764784341482 0.496989782397426 0.0662454332610924
  1 1 46 9 0 5891 0.000389852073286403 0.0747253706544381 0.436764784341482 0.496989782397426 0.0662454332610924
  1 1 46 9 0 588 0.000389852073286403 0.0747253706544381 0.436764784341482 0.496989782397426 0.0662454332610924
  1 1 46 9 0 15792 0.000389852073286403 0.0747253706544381 0.436764784341482 0.496989782397426 0.0662454332610924
  1 1 47 9 0 2971 3.4528865104521e-05 0.0721463220083566 0.591210261363473 0.408789738636527 -999
  1 1 47 9 0 5259 3.4528865104521e-05 0.0721463220083566 0.591210261363473 0.408789738636527 -999
  1 1 47 9 0 6375 3.4528865104521e-05 0.0721463220083566 0.591210261363473 0.408789738636527 -999
  1 1 47 9 0 5299 3.4528865104521e-05 0.0721463220083566 0.591210261363473 0.408789738636527 -999
  1 1 47 9 0 6756 3.4528865104521e-05 0.0721463220083566 0.591210261363473 0.408789738636527 -999
  1 1 47 9 0 7210 3.4528865104521e-05 0.0721463220083566 0.591210261363473 0.408789738636527 -999
  1 1 47 9 0 2932 3.4528865104521e-05 0.0721463220083566 0.591210261363473 0.408789738636527 -999
  1 1 47 9 0 5069 3.4528865104521e-05 0.0721463220083566 0.591210261363473 0.408789738636527 -999
  1 1 47 9 0 482 3.4528865104521e-05 0.0721463220083566 0.591210261363473 0.408789738636527 -999
  1 1 47 9 0 12669 3.4528865104521e-05 0.0721463220083566 0.591210261363473 0.408789738636527 -999
  1 1 48 9 0 2120 6.77870791179141e-05 0.0189627509892559 0.432888949133725 0.474496444042731 0.0926146068235442
  1 1 48 9 0 9091 6.77870791179141e-05 0.0189627509892559 0.432888949133725 0.474496444042731 0.0926146068235442
  1 1 48 9 0 7234 6.77870791179141e-05 0.0189627509892559 0.432888949133725 0.474496444042731 0.0926146068235442
  1 1 48 9 0 5764 6.77870791179141e-05 0.0189627509892559 0.432888949133725 0.474496444042731 0.0926146068235442
  1 1 48 9 0 7777 6.77870791179141e-05 0.0189627509892559 0.432888949133725 0.474496444042731 0.0926146068235442
  1 1 48 9 0 5913 6.77870791179141e-05 0.0189627509892559 0.432888949133725 0.474496444042731 0.0926146068235442
  1 1 48 9 0 5366 6.77870791179141e-05 0.0189627509892559 0.432888949133725 0.474496444042731 0.0926146068235442
  1 1 48 9 0 4107 6.77870791179141e-05 0.0189627509892559 0.432888949133725 0.474496444042731 0.0926146068235442
  1 1 48 9 0 439 6.77870791179141e-05 0.0189627509892559 0.432888949133725 0.474496444042731 0.0926146068235442
  1 1 48 9 0 14501 6.77870791179141e-05 0.0189627509892559 0.432888949133725 0.474496444042731 0.0926146068235442
  1 1 49 9 0 1960 0.000132974314499002 0.0245733421280052 0.360077541482595 0.590080899521194 0.0498415589962106
  1 1 49 9 0 6373 0.000132974314499002 0.0245733421280052 0.360077541482595 0.590080899521194 0.0498415589962106
  1 1 49 9 0 7697 0.000132974314499002 0.0245733421280052 0.360077541482595 0.590080899521194 0.0498415589962106
  1 1 49 9 0 2404 0.000132974314499002 0.0245733421280052 0.360077541482595 0.590080899521194 0.0498415589962106
  1 1 49 9 0 6578 0.000132974314499002 0.0245733421280052 0.360077541482595 0.590080899521194 0.0498415589962106
  1 1 49 9 0 4876 0.000132974314499002 0.0245733421280052 0.360077541482595 0.590080899521194 0.0498415589962106
  1 1 49 9 0 5285 0.000132974314499002 0.0245733421280052 0.360077541482595 0.590080899521194 0.0498415589962106
  1 1 49 9 0 5420 0.000132974314499002 0.0245733421280052 0.360077541482595 0.590080899521194 0.0498415589962106
  1 1 49 9 0 412 0.000132974314499002 0.0245733421280052 0.360077541482595 0.590080899521194 0.0498415589962106
  1 1 49 9 0 15260 0.000132974314499002 0.0245733421280052 0.360077541482595 0.590080899521194 0.0498415589962106
  1 1 50 9 0 2453 0.000117653502849309 0.00778802169209481 0.20957085945375 0.717220980894151 0.0732081596520995
  1 1 50 9 0 7345 0.000117653502849309 0.00778802169209481 0.20957085945375 0.717220980894151 0.0732081596520995
  1 1 50 9 0 11453 0.000117653502849309 0.00778802169209481 0.20957085945375 0.717220980894151 0.0732081596520995
  1 1 50 9 0 3111 0.000117653502849309 0.00778802169209481 0.20957085945375 0.717220980894151 0.0732081596520995
  1 1 50 9 0 7550 0.000117653502849309 0.00778802169209481 0.20957085945375 0.717220980894151 0.0732081596520995
  1 1 50 9 0 5812 0.000117653502849309 0.00778802169209481 0.20957085945375 0.717220980894151 0.0732081596520995
  1 1 50 9 0 7369 0.000117653502849309 0.00778802169209481 0.20957085945375 0.717220980894151 0.0732081596520995
  1 1 50 9 0 5576 0.000117653502849309 0.00778802169209481 0.20957085945375 0.717220980894151 0.0732081596520995
  1 1 50 9 0 403 0.000117653502849309 0.00778802169209481 0.20957085945375 0.717220980894151 0.0732081596520995
  1 1 50 9 0 13965 0.000117653502849309 0.00778802169209481 0.20957085945375 0.717220980894151 0.0732081596520995
  1 1 51 9 0 2803 -999 0.0238990052353386 0.226143228724197 0.730902370877325 0.042954400398478
  1 1 51 9 0 3807 -999 0.0238990052353386 0.226143228724197 0.730902370877325 0.042954400398478
  1 1 51 9 0 5480 -999 0.0238990052353386 0.226143228724197 0.730902370877325 0.042954400398478
  1 1 51 9 0 1183 -999 0.0238990052353386 0.226143228724197 0.730902370877325 0.042954400398478
  1 1 51 9 0 6294 -999 0.0238990052353386 0.226143228724197 0.730902370877325 0.042954400398478
  1 1 51 9 0 5185 -999 0.0238990052353386 0.226143228724197 0.730902370877325 0.042954400398478
  1 1 51 9 0 5675 -999 0.0238990052353386 0.226143228724197 0.730902370877325 0.042954400398478
  1 1 51 9 0 4633 -999 0.0238990052353386 0.226143228724197 0.730902370877325 0.042954400398478
  1 1 51 9 0 409 -999 0.0238990052353386 0.226143228724197 0.730902370877325 0.042954400398478
  1 1 51 9 0 15256 -999 0.0238990052353386 0.226143228724197 0.730902370877325 0.042954400398478
  1 1 52 9 0 2608 0.000364575274387605 0.0394336251602756 0.214413784009571 0.730968814181213 0.0546174018092163
  1 1 52 9 0 1879 0.000364575274387605 0.0394336251602756 0.214413784009571 0.730968814181213 0.0546174018092163
  1 1 52 9 0 1826 0.000364575274387605 0.0394336251602756 0.214413784009571 0.730968814181213 0.0546174018092163
  1 1 52 9 0 241 0.000364575274387605 0.0394336251602756 0.214413784009571 0.730968814181213 0.0546174018092163
  1 1 52 9 0 3287 0.000364575274387605 0.0394336251602756 0.214413784009571 0.730968814181213 0.0546174018092163
  1 1 52 9 0 3711 0.000364575274387605 0.0394336251602756 0.214413784009571 0.730968814181213 0.0546174018092163
  1 1 52 9 0 8926 0.000364575274387605 0.0394336251602756 0.214413784009571 0.730968814181213 0.0546174018092163
  1 1 52 9 0 4382 0.000364575274387605 0.0394336251602756 0.214413784009571 0.730968814181213 0.0546174018092163
  1 1 52 9 0 564 0.000364575274387605 0.0394336251602756 0.214413784009571 0.730968814181213 0.0546174018092163
  1 1 52 9 0 13201 0.000364575274387605 0.0394336251602756 0.214413784009571 0.730968814181213 0.0546174018092163
  1 1 1 10 0 19635 -999 3.59565564802098e-05 0.745301387870745 0.254698612129255 -999
  1 1 2 10 0 3959 -999 3.59542670883018e-05 0.769405259087031 0.230183296915507 0.000411443997462703
  1 1 2 10 0 19665 -999 3.59542670883018e-05 0.769405259087031 0.230183296915507 0.000411443997462703
  1 1 2 10 0 12435 -999 3.59542670883018e-05 0.769405259087031 0.230183296915507 0.000411443997462703
  1 1 2 10 0 19532 -999 3.59542670883018e-05 0.769405259087031 0.230183296915507 0.000411443997462703
  1 1 2 10 0 2387 -999 3.59542670883018e-05 0.769405259087031 0.230183296915507 0.000411443997462703
  1 1 3 10 0 4219 -999 0.000162416508125973 0.820102336773037 0.179897663226963 -999
  1 1 3 10 0 186 -999 0.000162416508125973 0.820102336773037 0.179897663226963 -999
  1 1 3 10 0 27024 -999 0.000162416508125973 0.820102336773037 0.179897663226963 -999
  1 1 3 10 0 7933 -999 0.000162416508125973 0.820102336773037 0.179897663226963 -999
  1 1 3 10 0 8476 -999 0.000162416508125973 0.820102336773037 0.179897663226963 -999
  1 1 3 10 0 2372 -999 0.000162416508125973 0.820102336773037 0.179897663226963 -999
  1 1 4 10 0 4462 -999 -999 0.770648518221624 0.229351481778376 -999
  1 1 4 10 0 19834 -999 -999 0.770648518221624 0.229351481778376 -999
  1 1 4 10 0 11410 -999 -999 0.770648518221624 0.229351481778376 -999
  1 1 4 10 0 12204 -999 -999 0.770648518221624 0.229351481778376 -999
  1 1 4 10 0 3351 -999 -999 0.770648518221624 0.229351481778376 -999
  1 1 5 10 0 3568 -999 2.31464490620256e-05 0.826588884552894 0.173411115447106 -999
  1 1 5 10 0 15026 -999 2.31464490620256e-05 0.826588884552894 0.173411115447106 -999
  1 1 5 10 0 5896 -999 2.31464490620256e-05 0.826588884552894 0.173411115447106 -999
  1 1 5 10 0 16453 -999 2.31464490620256e-05 0.826588884552894 0.173411115447106 -999
  1 1 5 10 0 1437 -999 2.31464490620256e-05 0.826588884552894 0.173411115447106 -999
  1 1 6 10 0 7752 -999 0.000117504342264388 0.862929468588109 0.137070531411891 -999
  1 1 6 10 0 1033 -999 0.000117504342264388 0.862929468588109 0.137070531411891 -999
  1 1 6 10 0 13494 -999 0.000117504342264388 0.862929468588109 0.137070531411891 -999
  1 1 6 10 0 6429 -999 0.000117504342264388 0.862929468588109 0.137070531411891 -999
  1 1 6 10 0 8919 -999 0.000117504342264388 0.862929468588109 0.137070531411891 -999
  1 1 6 10 0 183 -999 0.000117504342264388 0.862929468588109 0.137070531411891 -999
  1 1 6 10 0 4506 -999 0.000117504342264388 0.862929468588109 0.137070531411891 -999
  1 1 7 10 0 6993 -999 0.000684266955646822 0.78315928060259 0.215703959432777 0.00113675996463296
  1 1 7 10 0 3718 -999 0.000684266955646822 0.78315928060259 0.215703959432777 0.00113675996463296
  1 1 7 10 0 17108 -999 0.000684266955646822 0.78315928060259 0.215703959432777 0.00113675996463296
  1 1 7 10 0 4275 -999 0.000684266955646822 0.78315928060259 0.215703959432777 0.00113675996463296
  1 1 7 10 0 22982 -999 0.000684266955646822 0.78315928060259 0.215703959432777 0.00113675996463296
  1 1 7 10 0 200 -999 0.000684266955646822 0.78315928060259 0.215703959432777 0.00113675996463296
  1 1 7 10 0 1684 -999 0.000684266955646822 0.78315928060259 0.215703959432777 0.00113675996463296
  1 1 8 10 0 8126 -999 0.00184104492367321 0.860466509902643 0.139533490097358 -999
  1 1 8 10 0 8656 -999 0.00184104492367321 0.860466509902643 0.139533490097358 -999
  1 1 8 10 0 15343 -999 0.00184104492367321 0.860466509902643 0.139533490097358 -999
  1 1 8 10 0 4104 -999 0.00184104492367321 0.860466509902643 0.139533490097358 -999
  1 1 8 10 0 24156 -999 0.00184104492367321 0.860466509902643 0.139533490097358 -999
  1 1 8 10 0 486 -999 0.00184104492367321 0.860466509902643 0.139533490097358 -999
  1 1 8 10 0 2447 -999 0.00184104492367321 0.860466509902643 0.139533490097358 -999
  1 1 9 10 0 5570 -999 0.000828177774987595 0.827307388454299 0.172692611545701 -999
  1 1 9 10 0 4983 -999 0.000828177774987595 0.827307388454299 0.172692611545701 -999
  1 1 9 10 0 10840 -999 0.000828177774987595 0.827307388454299 0.172692611545701 -999
  1 1 9 10 0 2490 -999 0.000828177774987595 0.827307388454299 0.172692611545701 -999
  1 1 9 10 0 31957 -999 0.000828177774987595 0.827307388454299 0.172692611545701 -999
  1 1 9 10 0 1308 -999 0.000828177774987595 0.827307388454299 0.172692611545701 -999
  1 1 9 10 0 5444 -999 0.000828177774987595 0.827307388454299 0.172692611545701 -999
  1 1 10 10 0 9412 -999 0.00107869851114202 0.743083915573025 0.256916084426975 -999
  1 1 10 10 0 6201 -999 0.00107869851114202 0.743083915573025 0.256916084426975 -999
  1 1 10 10 0 8134 -999 0.00107869851114202 0.743083915573025 0.256916084426975 -999
  1 1 10 10 0 10539 -999 0.00107869851114202 0.743083915573025 0.256916084426975 -999
  1 1 10 10 0 33037 -999 0.00107869851114202 0.743083915573025 0.256916084426975 -999
  1 1 10 10 0 2040 -999 0.00107869851114202 0.743083915573025 0.256916084426975 -999
  1 1 10 10 0 6776 -999 0.00107869851114202 0.743083915573025 0.256916084426975 -999
  1 1 11 10 0 6737 -999 0.0126104849763972 0.732092740662191 0.267312885694567 0.000594373643242209
  1 1 11 10 0 4186 -999 0.0126104849763972 0.732092740662191 0.267312885694567 0.000594373643242209
  1 1 11 10 0 6237 -999 0.0126104849763972 0.732092740662191 0.267312885694567 0.000594373643242209
  1 1 11 10 0 10102 -999 0.0126104849763972 0.732092740662191 0.267312885694567 0.000594373643242209
  1 1 11 10 0 28216 -999 0.0126104849763972 0.732092740662191 0.267312885694567 0.000594373643242209
  1 1 11 10 0 247 -999 0.0126104849763972 0.732092740662191 0.267312885694567 0.000594373643242209
  1 1 11 10 0 4442 -999 0.0126104849763972 0.732092740662191 0.267312885694567 0.000594373643242209
  1 1 12 10 0 6975 -999 0.00132139060257682 0.854088950149248 0.14474751723322 0.00116353261753233
  1 1 12 10 0 4518 -999 0.00132139060257682 0.854088950149248 0.14474751723322 0.00116353261753233
  1 1 12 10 0 8020 -999 0.00132139060257682 0.854088950149248 0.14474751723322 0.00116353261753233
  1 1 12 10 0 9884 -999 0.00132139060257682 0.854088950149248 0.14474751723322 0.00116353261753233
  1 1 12 10 0 37294 -999 0.00132139060257682 0.854088950149248 0.14474751723322 0.00116353261753233
  1 1 12 10 0 617 -999 0.00132139060257682 0.854088950149248 0.14474751723322 0.00116353261753233
  1 1 12 10 0 259 -999 0.00132139060257682 0.854088950149248 0.14474751723322 0.00116353261753233
  1 1 12 10 0 3668 -999 0.00132139060257682 0.854088950149248 0.14474751723322 0.00116353261753233
  1 1 13 10 0 4949 -999 0.00270592168898216 0.830894719471549 0.169105280528451 -999
  1 1 13 10 0 7985 -999 0.00270592168898216 0.830894719471549 0.169105280528451 -999
  1 1 13 10 0 8657 -999 0.00270592168898216 0.830894719471549 0.169105280528451 -999
  1 1 13 10 0 9235 -999 0.00270592168898216 0.830894719471549 0.169105280528451 -999
  1 1 13 10 0 28315 -999 0.00270592168898216 0.830894719471549 0.169105280528451 -999
  1 1 13 10 0 3185 -999 0.00270592168898216 0.830894719471549 0.169105280528451 -999
  1 1 13 10 0 4898 -999 0.00270592168898216 0.830894719471549 0.169105280528451 -999
  1 1 14 10 0 4303 -999 0.00160643428226969 0.822754333622371 0.177245666377629 -999
  1 1 14 10 0 5165 -999 0.00160643428226969 0.822754333622371 0.177245666377629 -999
  1 1 14 10 0 4717 -999 0.00160643428226969 0.822754333622371 0.177245666377629 -999
  1 1 14 10 0 4679 -999 0.00160643428226969 0.822754333622371 0.177245666377629 -999
  1 1 14 10 0 23528 -999 0.00160643428226969 0.822754333622371 0.177245666377629 -999
  1 1 14 10 0 3161 -999 0.00160643428226969 0.822754333622371 0.177245666377629 -999
  1 1 14 10 0 100 -999 0.00160643428226969 0.822754333622371 0.177245666377629 -999
  1 1 14 10 0 5669 -999 0.00160643428226969 0.822754333622371 0.177245666377629 -999
  1 1 15 10 0 11861 -999 0.00155172616110923 0.862624006042224 0.137375993957776 -999
  1 1 15 10 0 11871 -999 0.00155172616110923 0.862624006042224 0.137375993957776 -999
  1 1 15 10 0 13340 -999 0.00155172616110923 0.862624006042224 0.137375993957776 -999
  1 1 15 10 0 7714 -999 0.00155172616110923 0.862624006042224 0.137375993957776 -999
  1 1 15 10 0 12696 -999 0.00155172616110923 0.862624006042224 0.137375993957776 -999
  1 1 15 10 0 2765 -999 0.00155172616110923 0.862624006042224 0.137375993957776 -999
  1 1 15 10 0 704 -999 0.00155172616110923 0.862624006042224 0.137375993957776 -999
  1 1 15 10 0 8644 -999 0.00155172616110923 0.862624006042224 0.137375993957776 -999
  1 1 16 10 0 12503 -999 0.00313598016241585 0.92474892604278 0.0750235524963883 0.000227521460831318
  1 1 16 10 0 13080 -999 0.00313598016241585 0.92474892604278 0.0750235524963883 0.000227521460831318
  1 1 16 10 0 11508 -999 0.00313598016241585 0.92474892604278 0.0750235524963883 0.000227521460831318
  1 1 16 10 0 8955 -999 0.00313598016241585 0.92474892604278 0.0750235524963883 0.000227521460831318
  1 1 16 10 0 11015 -999 0.00313598016241585 0.92474892604278 0.0750235524963883 0.000227521460831318
  1 1 16 10 0 3949 -999 0.00313598016241585 0.92474892604278 0.0750235524963883 0.000227521460831318
  1 1 16 10 0 492 -999 0.00313598016241585 0.92474892604278 0.0750235524963883 0.000227521460831318
  1 1 16 10 0 10523 -999 0.00313598016241585 0.92474892604278 0.0750235524963883 0.000227521460831318
  1 1 17 10 0 8717 -999 0.00550803743156329 0.90421915518514 0.09578084481486 -999
  1 1 17 10 0 9021 -999 0.00550803743156329 0.90421915518514 0.09578084481486 -999
  1 1 17 10 0 10785 -999 0.00550803743156329 0.90421915518514 0.09578084481486 -999
  1 1 17 10 0 4762 -999 0.00550803743156329 0.90421915518514 0.09578084481486 -999
  1 1 17 10 0 10095 -999 0.00550803743156329 0.90421915518514 0.09578084481486 -999
  1 1 17 10 0 4470 -999 0.00550803743156329 0.90421915518514 0.09578084481486 -999
  1 1 17 10 0 1508 -999 0.00550803743156329 0.90421915518514 0.09578084481486 -999
  1 1 17 10 0 8428 -999 0.00550803743156329 0.90421915518514 0.09578084481486 -999
  1 1 18 10 0 8366 -999 0.0055354639338777 0.836549918180371 0.163450081819629 -999
  1 1 18 10 0 12035 -999 0.0055354639338777 0.836549918180371 0.163450081819629 -999
  1 1 18 10 0 13087 -999 0.0055354639338777 0.836549918180371 0.163450081819629 -999
  1 1 18 10 0 2528 -999 0.0055354639338777 0.836549918180371 0.163450081819629 -999
  1 1 18 10 0 8988 -999 0.0055354639338777 0.836549918180371 0.163450081819629 -999
  1 1 18 10 0 2857 -999 0.0055354639338777 0.836549918180371 0.163450081819629 -999
  1 1 18 10 0 1678 -999 0.0055354639338777 0.836549918180371 0.163450081819629 -999
  1 1 18 10 0 11988 -999 0.0055354639338777 0.836549918180371 0.163450081819629 -999
  1 1 19 10 0 7515 -999 0.00287187067325877 0.863969471069497 0.135354810752013 0.000675718178489477
  1 1 19 10 0 9445 -999 0.00287187067325877 0.863969471069497 0.135354810752013 0.000675718178489477
  1 1 19 10 0 8392 -999 0.00287187067325877 0.863969471069497 0.135354810752013 0.000675718178489477
  1 1 19 10 0 2276 -999 0.00287187067325877 0.863969471069497 0.135354810752013 0.000675718178489477
  1 1 19 10 0 4746 -999 0.00287187067325877 0.863969471069497 0.135354810752013 0.000675718178489477
  1 1 19 10 0 4092 -999 0.00287187067325877 0.863969471069497 0.135354810752013 0.000675718178489477
  1 1 19 10 0 1461 -999 0.00287187067325877 0.863969471069497 0.135354810752013 0.000675718178489477
  1 1 19 10 0 12385 -999 0.00287187067325877 0.863969471069497 0.135354810752013 0.000675718178489477
  1 1 20 10 0 6490 3.53705272595963e-05 0.000339074968372314 0.851438329383939 0.148561670616061 -999
  1 1 20 10 0 9062 3.53705272595963e-05 0.000339074968372314 0.851438329383939 0.148561670616061 -999
  1 1 20 10 0 6049 3.53705272595963e-05 0.000339074968372314 0.851438329383939 0.148561670616061 -999
  1 1 20 10 0 2573 3.53705272595963e-05 0.000339074968372314 0.851438329383939 0.148561670616061 -999
  1 1 20 10 0 6394 3.53705272595963e-05 0.000339074968372314 0.851438329383939 0.148561670616061 -999
  1 1 20 10 0 2723 3.53705272595963e-05 0.000339074968372314 0.851438329383939 0.148561670616061 -999
  1 1 20 10 0 2031 3.53705272595963e-05 0.000339074968372314 0.851438329383939 0.148561670616061 -999
  1 1 20 10 0 12139 3.53705272595963e-05 0.000339074968372314 0.851438329383939 0.148561670616061 -999
  1 1 21 10 0 6633 -999 0.00226271977982554 0.771811143840441 0.224304404199926 0.00388445195963272
  1 1 21 10 0 8546 -999 0.00226271977982554 0.771811143840441 0.224304404199926 0.00388445195963272
  1 1 21 10 0 6320 -999 0.00226271977982554 0.771811143840441 0.224304404199926 0.00388445195963272
  1 1 21 10 0 2542 -999 0.00226271977982554 0.771811143840441 0.224304404199926 0.00388445195963272
  1 1 21 10 0 6540 -999 0.00226271977982554 0.771811143840441 0.224304404199926 0.00388445195963272
  1 1 21 10 0 3158 -999 0.00226271977982554 0.771811143840441 0.224304404199926 0.00388445195963272
  1 1 21 10 0 1771 -999 0.00226271977982554 0.771811143840441 0.224304404199926 0.00388445195963272
  1 1 21 10 0 12626 -999 0.00226271977982554 0.771811143840441 0.224304404199926 0.00388445195963272
  1 1 22 10 0 5748 -999 0.00152109366475324 0.888818971265098 0.111181028734902 -999
  1 1 22 10 0 5614 -999 0.00152109366475324 0.888818971265098 0.111181028734902 -999
  1 1 22 10 0 6041 -999 0.00152109366475324 0.888818971265098 0.111181028734902 -999
  1 1 22 10 0 1548 -999 0.00152109366475324 0.888818971265098 0.111181028734902 -999
  1 1 22 10 0 6300 -999 0.00152109366475324 0.888818971265098 0.111181028734902 -999
  1 1 22 10 0 1846 -999 0.00152109366475324 0.888818971265098 0.111181028734902 -999
  1 1 22 10 0 1410 -999 0.00152109366475324 0.888818971265098 0.111181028734902 -999
  1 1 22 10 0 8623 -999 0.00152109366475324 0.888818971265098 0.111181028734902 -999
  1 1 23 10 0 7108 -999 -999 0.952474007471308 0.047525992528692 -999
  1 1 23 10 0 8789 -999 -999 0.952474007471308 0.047525992528692 -999
  1 1 23 10 0 6940 -999 -999 0.952474007471308 0.047525992528692 -999
  1 1 23 10 0 2001 -999 -999 0.952474007471308 0.047525992528692 -999
  1 1 23 10 0 8574 -999 -999 0.952474007471308 0.047525992528692 -999
  1 1 23 10 0 2213 -999 -999 0.952474007471308 0.047525992528692 -999
  1 1 23 10 0 2249 -999 -999 0.952474007471308 0.047525992528692 -999
  1 1 23 10 0 11450 -999 -999 0.952474007471308 0.047525992528692 -999
  1 1 24 10 0 8560 -999 -999 0.917089324299929 0.0829106757000712 -999
  1 1 24 10 0 7528 -999 -999 0.917089324299929 0.0829106757000712 -999
  1 1 24 10 0 5325 -999 -999 0.917089324299929 0.0829106757000712 -999
  1 1 24 10 0 1065 -999 -999 0.917089324299929 0.0829106757000712 -999
  1 1 24 10 0 8163 -999 -999 0.917089324299929 0.0829106757000712 -999
  1 1 24 10 0 1530 -999 -999 0.917089324299929 0.0829106757000712 -999
  1 1 24 10 0 1896 -999 -999 0.917089324299929 0.0829106757000712 -999
  1 1 24 10 0 7803 -999 -999 0.917089324299929 0.0829106757000712 -999
  1 1 25 10 0 6518 -999 -999 0.86483029948849 0.13516970051151 -999
  1 1 25 10 0 7956 -999 -999 0.86483029948849 0.13516970051151 -999
  1 1 25 10 0 4551 -999 -999 0.86483029948849 0.13516970051151 -999
  1 1 25 10 0 2456 -999 -999 0.86483029948849 0.13516970051151 -999
  1 1 25 10 0 11543 -999 -999 0.86483029948849 0.13516970051151 -999
  1 1 25 10 0 2534 -999 -999 0.86483029948849 0.13516970051151 -999
  1 1 25 10 0 3322 -999 -999 0.86483029948849 0.13516970051151 -999
  1 1 25 10 0 800 -999 -999 0.86483029948849 0.13516970051151 -999
  1 1 25 10 0 4089 -999 -999 0.86483029948849 0.13516970051151 -999
  1 1 26 10 0 6637 4.01672746565899e-09 -999 0.885938430945949 0.114061569054051 -999
  1 1 26 10 0 4469 4.01672746565899e-09 -999 0.885938430945949 0.114061569054051 -999
  1 1 26 10 0 3714 4.01672746565899e-09 -999 0.885938430945949 0.114061569054051 -999
  1 1 26 10 0 1140 4.01672746565899e-09 -999 0.885938430945949 0.114061569054051 -999
  1 1 26 10 0 7936 4.01672746565899e-09 -999 0.885938430945949 0.114061569054051 -999
  1 1 26 10 0 211 4.01672746565899e-09 -999 0.885938430945949 0.114061569054051 -999
  1 1 26 10 0 2948 4.01672746565899e-09 -999 0.885938430945949 0.114061569054051 -999
  1 1 26 10 0 1792 4.01672746565899e-09 -999 0.885938430945949 0.114061569054051 -999
  1 1 26 10 0 3512 4.01672746565899e-09 -999 0.885938430945949 0.114061569054051 -999
  1 1 27 10 0 4245 -999 -999 0.874990224196826 0.125009775803174 -999
  1 1 27 10 0 4711 -999 -999 0.874990224196826 0.125009775803174 -999
  1 1 27 10 0 2203 -999 -999 0.874990224196826 0.125009775803174 -999
  1 1 27 10 0 453 -999 -999 0.874990224196826 0.125009775803174 -999
  1 1 27 10 0 4472 -999 -999 0.874990224196826 0.125009775803174 -999
  1 1 27 10 0 395 -999 -999 0.874990224196826 0.125009775803174 -999
  1 1 27 10 0 2273 -999 -999 0.874990224196826 0.125009775803174 -999
  1 1 27 10 0 1425 -999 -999 0.874990224196826 0.125009775803174 -999
  1 1 27 10 0 5905 -999 -999 0.874990224196826 0.125009775803174 -999
  1 1 28 10 0 2645 -999 -999 0.906663238822698 0.093336761177302 -999
  1 1 28 10 0 4707 -999 -999 0.906663238822698 0.093336761177302 -999
  1 1 28 10 0 1775 -999 -999 0.906663238822698 0.093336761177302 -999
  1 1 28 10 0 291 -999 -999 0.906663238822698 0.093336761177302 -999
  1 1 28 10 0 6183 -999 -999 0.906663238822698 0.093336761177302 -999
  1 1 28 10 0 1101 -999 -999 0.906663238822698 0.093336761177302 -999
  1 1 28 10 0 2291 -999 -999 0.906663238822698 0.093336761177302 -999
  1 1 28 10 0 1995 -999 -999 0.906663238822698 0.093336761177302 -999
  1 1 28 10 0 4239 -999 -999 0.906663238822698 0.093336761177302 -999
  1 1 29 10 0 2203 -999 -999 0.895122019193826 0.104877980806174 -999
  1 1 29 10 0 5025 -999 -999 0.895122019193826 0.104877980806174 -999
  1 1 29 10 0 5275 -999 -999 0.895122019193826 0.104877980806174 -999
  1 1 29 10 0 2776 -999 -999 0.895122019193826 0.104877980806174 -999
  1 1 29 10 0 457 -999 -999 0.895122019193826 0.104877980806174 -999
  1 1 29 10 0 7481 -999 -999 0.895122019193826 0.104877980806174 -999
  1 1 29 10 0 2282 -999 -999 0.895122019193826 0.104877980806174 -999
  1 1 29 10 0 2231 -999 -999 0.895122019193826 0.104877980806174 -999
  1 1 29 10 0 1222 -999 -999 0.895122019193826 0.104877980806174 -999
  1 1 29 10 0 2963 -999 -999 0.895122019193826 0.104877980806174 -999
  1 1 30 10 0 2520 -999 -999 0.861540914449476 0.128059480426223 0.0103996051243002
  1 1 30 10 0 6369 -999 -999 0.861540914449476 0.128059480426223 0.0103996051243002
  1 1 30 10 0 6897 -999 -999 0.861540914449476 0.128059480426223 0.0103996051243002
  1 1 30 10 0 5448 -999 -999 0.861540914449476 0.128059480426223 0.0103996051243002
  1 1 30 10 0 2381 -999 -999 0.861540914449476 0.128059480426223 0.0103996051243002
  1 1 30 10 0 10905 -999 -999 0.861540914449476 0.128059480426223 0.0103996051243002
  1 1 30 10 0 2349 -999 -999 0.861540914449476 0.128059480426223 0.0103996051243002
  1 1 30 10 0 748 -999 -999 0.861540914449476 0.128059480426223 0.0103996051243002
  1 1 30 10 0 620 -999 -999 0.861540914449476 0.128059480426223 0.0103996051243002
  1 1 30 10 0 7550 -999 -999 0.861540914449476 0.128059480426223 0.0103996051243002
  1 1 31 10 0 710 -999 -999 0.868405187215945 0.131594812784055 -999
  1 1 31 10 0 6840 -999 -999 0.868405187215945 0.131594812784055 -999
  1 1 31 10 0 5402 -999 -999 0.868405187215945 0.131594812784055 -999
  1 1 31 10 0 1789 -999 -999 0.868405187215945 0.131594812784055 -999
  1 1 31 10 0 1628 -999 -999 0.868405187215945 0.131594812784055 -999
  1 1 31 10 0 9156 -999 -999 0.868405187215945 0.131594812784055 -999
  1 1 31 10 0 1956 -999 -999 0.868405187215945 0.131594812784055 -999
  1 1 31 10 0 751 -999 -999 0.868405187215945 0.131594812784055 -999
  1 1 31 10 0 1103 -999 -999 0.868405187215945 0.131594812784055 -999
  1 1 31 10 0 8541 -999 -999 0.868405187215945 0.131594812784055 -999
  1 1 32 10 0 1818 -999 0.00714186236740377 0.764818891476795 0.220032030375732 0.0151490781474728
  1 1 32 10 0 6291 -999 0.00714186236740377 0.764818891476795 0.220032030375732 0.0151490781474728
  1 1 32 10 0 5487 -999 0.00714186236740377 0.764818891476795 0.220032030375732 0.0151490781474728
  1 1 32 10 0 2366 -999 0.00714186236740377 0.764818891476795 0.220032030375732 0.0151490781474728
  1 1 32 10 0 2277 -999 0.00714186236740377 0.764818891476795 0.220032030375732 0.0151490781474728
  1 1 32 10 0 10446 -999 0.00714186236740377 0.764818891476795 0.220032030375732 0.0151490781474728
  1 1 32 10 0 4297 -999 0.00714186236740377 0.764818891476795 0.220032030375732 0.0151490781474728
  1 1 32 10 0 404 -999 0.00714186236740377 0.764818891476795 0.220032030375732 0.0151490781474728
  1 1 32 10 0 951 -999 0.00714186236740377 0.764818891476795 0.220032030375732 0.0151490781474728
  1 1 32 10 0 7576 -999 0.00714186236740377 0.764818891476795 0.220032030375732 0.0151490781474728
  1 1 33 10 0 5877 -999 -999 0.798444422781032 0.201555577218968 -999
  1 1 33 10 0 11510 -999 -999 0.798444422781032 0.201555577218968 -999
  1 1 33 10 0 13068 -999 -999 0.798444422781032 0.201555577218968 -999
  1 1 33 10 0 4696 -999 -999 0.798444422781032 0.201555577218968 -999
  1 1 33 10 0 3199 -999 -999 0.798444422781032 0.201555577218968 -999
  1 1 33 10 0 9159 -999 -999 0.798444422781032 0.201555577218968 -999
  1 1 33 10 0 907 -999 -999 0.798444422781032 0.201555577218968 -999
  1 1 33 10 0 2799 -999 -999 0.798444422781032 0.201555577218968 -999
  1 1 33 10 0 1317 -999 -999 0.798444422781032 0.201555577218968 -999
  1 1 33 10 0 4539 -999 -999 0.798444422781032 0.201555577218968 -999
  1 1 34 10 0 6609 -999 -999 0.778098184056987 0.221901815943013 -999
  1 1 34 10 0 8518 -999 -999 0.778098184056987 0.221901815943013 -999
  1 1 34 10 0 10248 -999 -999 0.778098184056987 0.221901815943013 -999
  1 1 34 10 0 4922 -999 -999 0.778098184056987 0.221901815943013 -999
  1 1 34 10 0 5810 -999 -999 0.778098184056987 0.221901815943013 -999
  1 1 34 10 0 10178 -999 -999 0.778098184056987 0.221901815943013 -999
  1 1 34 10 0 3026 -999 -999 0.778098184056987 0.221901815943013 -999
  1 1 34 10 0 649 -999 -999 0.778098184056987 0.221901815943013 -999
  1 1 34 10 0 1178 -999 -999 0.778098184056987 0.221901815943013 -999
  1 1 34 10 0 13640 -999 -999 0.778098184056987 0.221901815943013 -999
  1 1 35 10 0 7153 -999 -999 0.690903619862872 0.309096380137128 -999
  1 1 35 10 0 7093 -999 -999 0.690903619862872 0.309096380137128 -999
  1 1 35 10 0 10773 -999 -999 0.690903619862872 0.309096380137128 -999
  1 1 35 10 0 5216 -999 -999 0.690903619862872 0.309096380137128 -999
  1 1 35 10 0 3419 -999 -999 0.690903619862872 0.309096380137128 -999
  1 1 35 10 0 9640 -999 -999 0.690903619862872 0.309096380137128 -999
  1 1 35 10 0 2461 -999 -999 0.690903619862872 0.309096380137128 -999
  1 1 35 10 0 398 -999 -999 0.690903619862872 0.309096380137128 -999
  1 1 35 10 0 639 -999 -999 0.690903619862872 0.309096380137128 -999
  1 1 35 10 0 7464 -999 -999 0.690903619862872 0.309096380137128 -999
  1 1 36 10 0 4961 -999 -999 0.571962740561995 0.428037259438005 -999
  1 1 36 10 0 6278 -999 -999 0.571962740561995 0.428037259438005 -999
  1 1 36 10 0 13203 -999 -999 0.571962740561995 0.428037259438005 -999
  1 1 36 10 0 6835 -999 -999 0.571962740561995 0.428037259438005 -999
  1 1 36 10 0 5760 -999 -999 0.571962740561995 0.428037259438005 -999
  1 1 36 10 0 7712 -999 -999 0.571962740561995 0.428037259438005 -999
  1 1 36 10 0 2787 -999 -999 0.571962740561995 0.428037259438005 -999
  1 1 36 10 0 1215 -999 -999 0.571962740561995 0.428037259438005 -999
  1 1 36 10 0 668 -999 -999 0.571962740561995 0.428037259438005 -999
  1 1 36 10 0 9061 -999 -999 0.571962740561995 0.428037259438005 -999
  1 1 37 10 0 3198 -999 -999 0.510876851392554 0.487319245924096 0.00180390268335031
  1 1 37 10 0 9271 -999 -999 0.510876851392554 0.487319245924096 0.00180390268335031
  1 1 37 10 0 14334 -999 -999 0.510876851392554 0.487319245924096 0.00180390268335031
  1 1 37 10 0 9537 -999 -999 0.510876851392554 0.487319245924096 0.00180390268335031
  1 1 37 10 0 6833 -999 -999 0.510876851392554 0.487319245924096 0.00180390268335031
  1 1 37 10 0 7099 -999 -999 0.510876851392554 0.487319245924096 0.00180390268335031
  1 1 37 10 0 1101 -999 -999 0.510876851392554 0.487319245924096 0.00180390268335031
  1 1 37 10 0 1210 -999 -999 0.510876851392554 0.487319245924096 0.00180390268335031
  1 1 37 10 0 525 -999 -999 0.510876851392554 0.487319245924096 0.00180390268335031
  1 1 37 10 0 10941 -999 -999 0.510876851392554 0.487319245924096 0.00180390268335031
  1 1 38 10 0 3895 1.82757094071886e-07 -999 0.784373907399209 0.215626092600791 -999
  1 1 38 10 0 4705 1.82757094071886e-07 -999 0.784373907399209 0.215626092600791 -999
  1 1 38 10 0 15143 1.82757094071886e-07 -999 0.784373907399209 0.215626092600791 -999
  1 1 38 10 0 9214 1.82757094071886e-07 -999 0.784373907399209 0.215626092600791 -999
  1 1 38 10 0 7189 1.82757094071886e-07 -999 0.784373907399209 0.215626092600791 -999
  1 1 38 10 0 9280 1.82757094071886e-07 -999 0.784373907399209 0.215626092600791 -999
  1 1 38 10 0 3117 1.82757094071886e-07 -999 0.784373907399209 0.215626092600791 -999
  1 1 38 10 0 2897 1.82757094071886e-07 -999 0.784373907399209 0.215626092600791 -999
  1 1 38 10 0 490 1.82757094071886e-07 -999 0.784373907399209 0.215626092600791 -999
  1 1 38 10 0 12758 1.82757094071886e-07 -999 0.784373907399209 0.215626092600791 -999
  1 1 39 10 0 4049 -999 -999 0.692908733617706 0.307091266382294 -999
  1 1 39 10 0 9431 -999 -999 0.692908733617706 0.307091266382294 -999
  1 1 39 10 0 15606 -999 -999 0.692908733617706 0.307091266382294 -999
  1 1 39 10 0 12486 -999 -999 0.692908733617706 0.307091266382294 -999
  1 1 39 10 0 8834 -999 -999 0.692908733617706 0.307091266382294 -999
  1 1 39 10 0 11055 -999 -999 0.692908733617706 0.307091266382294 -999
  1 1 39 10 0 5250 -999 -999 0.692908733617706 0.307091266382294 -999
  1 1 39 10 0 4857 -999 -999 0.692908733617706 0.307091266382294 -999
  1 1 39 10 0 562 -999 -999 0.692908733617706 0.307091266382294 -999
  1 1 39 10 0 15410 -999 -999 0.692908733617706 0.307091266382294 -999
  1 1 40 10 0 3400 1.49002633989387e-05 0.000113344477072297 0.842766778333643 0.157233221666357 -999
  1 1 40 10 0 8362 1.49002633989387e-05 0.000113344477072297 0.842766778333643 0.157233221666357 -999
  1 1 40 10 0 14843 1.49002633989387e-05 0.000113344477072297 0.842766778333643 0.157233221666357 -999
  1 1 40 10 0 14692 1.49002633989387e-05 0.000113344477072297 0.842766778333643 0.157233221666357 -999
  1 1 40 10 0 7760 1.49002633989387e-05 0.000113344477072297 0.842766778333643 0.157233221666357 -999
  1 1 40 10 0 7772 1.49002633989387e-05 0.000113344477072297 0.842766778333643 0.157233221666357 -999
  1 1 40 10 0 9474 1.49002633989387e-05 0.000113344477072297 0.842766778333643 0.157233221666357 -999
  1 1 40 10 0 3394 1.49002633989387e-05 0.000113344477072297 0.842766778333643 0.157233221666357 -999
  1 1 40 10 0 418 1.49002633989387e-05 0.000113344477072297 0.842766778333643 0.157233221666357 -999
  1 1 40 10 0 19860 1.49002633989387e-05 0.000113344477072297 0.842766778333643 0.157233221666357 -999
  1 1 41 10 0 3426 -999 -999 0.912777039010691 0.087222960989309 -999
  1 1 41 10 0 8601 -999 -999 0.912777039010691 0.087222960989309 -999
  1 1 41 10 0 13766 -999 -999 0.912777039010691 0.087222960989309 -999
  1 1 41 10 0 14178 -999 -999 0.912777039010691 0.087222960989309 -999
  1 1 41 10 0 9867 -999 -999 0.912777039010691 0.087222960989309 -999
  1 1 41 10 0 6359 -999 -999 0.912777039010691 0.087222960989309 -999
  1 1 41 10 0 11911 -999 -999 0.912777039010691 0.087222960989309 -999
  1 1 41 10 0 3161 -999 -999 0.912777039010691 0.087222960989309 -999
  1 1 41 10 0 356 -999 -999 0.912777039010691 0.087222960989309 -999
  1 1 41 10 0 15454 -999 -999 0.912777039010691 0.087222960989309 -999
  1 1 42 10 0 2090 -999 -999 0.796029007348981 0.203970992651019 -999
  1 1 42 10 0 8943 -999 -999 0.796029007348981 0.203970992651019 -999
  1 1 42 10 0 11289 -999 -999 0.796029007348981 0.203970992651019 -999
  1 1 42 10 0 13375 -999 -999 0.796029007348981 0.203970992651019 -999
  1 1 42 10 0 9542 -999 -999 0.796029007348981 0.203970992651019 -999
  1 1 42 10 0 6157 -999 -999 0.796029007348981 0.203970992651019 -999
  1 1 42 10 0 4911 -999 -999 0.796029007348981 0.203970992651019 -999
  1 1 42 10 0 4357 -999 -999 0.796029007348981 0.203970992651019 -999
  1 1 42 10 0 500 -999 -999 0.796029007348981 0.203970992651019 -999
  1 1 42 10 0 12303 -999 -999 0.796029007348981 0.203970992651019 -999
  1 1 43 10 0 2770 -999 8.4795729705961e-06 0.743213781080037 0.256786218919963 -999
  1 1 43 10 0 11283 -999 8.4795729705961e-06 0.743213781080037 0.256786218919963 -999
  1 1 43 10 0 12563 -999 8.4795729705961e-06 0.743213781080037 0.256786218919963 -999
  1 1 43 10 0 15155 -999 8.4795729705961e-06 0.743213781080037 0.256786218919963 -999
  1 1 43 10 0 15542 -999 8.4795729705961e-06 0.743213781080037 0.256786218919963 -999
  1 1 43 10 0 6127 -999 8.4795729705961e-06 0.743213781080037 0.256786218919963 -999
  1 1 43 10 0 3025 -999 8.4795729705961e-06 0.743213781080037 0.256786218919963 -999
  1 1 43 10 0 5784 -999 8.4795729705961e-06 0.743213781080037 0.256786218919963 -999
  1 1 43 10 0 544 -999 8.4795729705961e-06 0.743213781080037 0.256786218919963 -999
  1 1 43 10 0 12754 -999 8.4795729705961e-06 0.743213781080037 0.256786218919963 -999
  1 1 44 10 0 3676 -999 -999 0.793950189559901 0.206049810440099 -999
  1 1 44 10 0 9538 -999 -999 0.793950189559901 0.206049810440099 -999
  1 1 44 10 0 10915 -999 -999 0.793950189559901 0.206049810440099 -999
  1 1 44 10 0 16617 -999 -999 0.793950189559901 0.206049810440099 -999
  1 1 44 10 0 12596 -999 -999 0.793950189559901 0.206049810440099 -999
  1 1 44 10 0 6248 -999 -999 0.793950189559901 0.206049810440099 -999
  1 1 44 10 0 2697 -999 -999 0.793950189559901 0.206049810440099 -999
  1 1 44 10 0 5799 -999 -999 0.793950189559901 0.206049810440099 -999
  1 1 44 10 0 481 -999 -999 0.793950189559901 0.206049810440099 -999
  1 1 44 10 0 12717 -999 -999 0.793950189559901 0.206049810440099 -999
  1 1 45 10 0 2648 -999 -999 0.757788424535206 0.242211575464794 -999
  1 1 45 10 0 6565 -999 -999 0.757788424535206 0.242211575464794 -999
  1 1 45 10 0 8811 -999 -999 0.757788424535206 0.242211575464794 -999
  1 1 45 10 0 8938 -999 -999 0.757788424535206 0.242211575464794 -999
  1 1 45 10 0 6133 -999 -999 0.757788424535206 0.242211575464794 -999
  1 1 45 10 0 6307 -999 -999 0.757788424535206 0.242211575464794 -999
  1 1 45 10 0 2386 -999 -999 0.757788424535206 0.242211575464794 -999
  1 1 45 10 0 4058 -999 -999 0.757788424535206 0.242211575464794 -999
  1 1 45 10 0 476 -999 -999 0.757788424535206 0.242211575464794 -999
  1 1 45 10 0 14943 -999 -999 0.757788424535206 0.242211575464794 -999
  1 1 46 10 0 2140 -999 -999 0.725482164397569 0.274517835602431 -999
  1 1 46 10 0 6293 -999 -999 0.725482164397569 0.274517835602431 -999
  1 1 46 10 0 8254 -999 -999 0.725482164397569 0.274517835602431 -999
  1 1 46 10 0 5206 -999 -999 0.725482164397569 0.274517835602431 -999
  1 1 46 10 0 6246 -999 -999 0.725482164397569 0.274517835602431 -999
  1 1 46 10 0 6676 -999 -999 0.725482164397569 0.274517835602431 -999
  1 1 46 10 0 2921 -999 -999 0.725482164397569 0.274517835602431 -999
  1 1 46 10 0 5891 -999 -999 0.725482164397569 0.274517835602431 -999
  1 1 46 10 0 588 -999 -999 0.725482164397569 0.274517835602431 -999
  1 1 46 10 0 15792 -999 -999 0.725482164397569 0.274517835602431 -999
  1 1 47 10 0 2971 -999 -999 0.830429021099635 0.169570978900365 -999
  1 1 47 10 0 5259 -999 -999 0.830429021099635 0.169570978900365 -999
  1 1 47 10 0 6375 -999 -999 0.830429021099635 0.169570978900365 -999
  1 1 47 10 0 5299 -999 -999 0.830429021099635 0.169570978900365 -999
  1 1 47 10 0 6756 -999 -999 0.830429021099635 0.169570978900365 -999
  1 1 47 10 0 7210 -999 -999 0.830429021099635 0.169570978900365 -999
  1 1 47 10 0 2932 -999 -999 0.830429021099635 0.169570978900365 -999
  1 1 47 10 0 5069 -999 -999 0.830429021099635 0.169570978900365 -999
  1 1 47 10 0 482 -999 -999 0.830429021099635 0.169570978900365 -999
  1 1 47 10 0 12669 -999 -999 0.830429021099635 0.169570978900365 -999
  1 1 48 10 0 2120 -999 -999 0.761638638288056 0.238361361711944 -999
  1 1 48 10 0 9091 -999 -999 0.761638638288056 0.238361361711944 -999
  1 1 48 10 0 7234 -999 -999 0.761638638288056 0.238361361711944 -999
  1 1 48 10 0 5764 -999 -999 0.761638638288056 0.238361361711944 -999
  1 1 48 10 0 7777 -999 -999 0.761638638288056 0.238361361711944 -999
  1 1 48 10 0 5913 -999 -999 0.761638638288056 0.238361361711944 -999
  1 1 48 10 0 5366 -999 -999 0.761638638288056 0.238361361711944 -999
  1 1 48 10 0 4107 -999 -999 0.761638638288056 0.238361361711944 -999
  1 1 48 10 0 439 -999 -999 0.761638638288056 0.238361361711944 -999
  1 1 48 10 0 14501 -999 -999 0.761638638288056 0.238361361711944 -999
  1 1 49 10 0 1960 -999 -999 0.748302005592269 0.25169799440773 -999
  1 1 49 10 0 6373 -999 -999 0.748302005592269 0.25169799440773 -999
  1 1 49 10 0 7697 -999 -999 0.748302005592269 0.25169799440773 -999
  1 1 49 10 0 2404 -999 -999 0.748302005592269 0.25169799440773 -999
  1 1 49 10 0 6578 -999 -999 0.748302005592269 0.25169799440773 -999
  1 1 49 10 0 4876 -999 -999 0.748302005592269 0.25169799440773 -999
  1 1 49 10 0 5285 -999 -999 0.748302005592269 0.25169799440773 -999
  1 1 49 10 0 5420 -999 -999 0.748302005592269 0.25169799440773 -999
  1 1 49 10 0 412 -999 -999 0.748302005592269 0.25169799440773 -999
  1 1 49 10 0 15260 -999 -999 0.748302005592269 0.25169799440773 -999
  1 1 50 10 0 2453 -999 -999 0.680542666922492 0.319457333077508 -999
  1 1 50 10 0 7345 -999 -999 0.680542666922492 0.319457333077508 -999
  1 1 50 10 0 11453 -999 -999 0.680542666922492 0.319457333077508 -999
  1 1 50 10 0 3111 -999 -999 0.680542666922492 0.319457333077508 -999
  1 1 50 10 0 7550 -999 -999 0.680542666922492 0.319457333077508 -999
  1 1 50 10 0 5812 -999 -999 0.680542666922492 0.319457333077508 -999
  1 1 50 10 0 7369 -999 -999 0.680542666922492 0.319457333077508 -999
  1 1 50 10 0 5576 -999 -999 0.680542666922492 0.319457333077508 -999
  1 1 50 10 0 403 -999 -999 0.680542666922492 0.319457333077508 -999
  1 1 50 10 0 13965 -999 -999 0.680542666922492 0.319457333077508 -999
  1 1 51 10 0 2803 -999 -999 0.689470033491556 0.310529966508444 -999
  1 1 51 10 0 3807 -999 -999 0.689470033491556 0.310529966508444 -999
  1 1 51 10 0 5480 -999 -999 0.689470033491556 0.310529966508444 -999
  1 1 51 10 0 1183 -999 -999 0.689470033491556 0.310529966508444 -999
  1 1 51 10 0 6294 -999 -999 0.689470033491556 0.310529966508444 -999
  1 1 51 10 0 5185 -999 -999 0.689470033491556 0.310529966508444 -999
  1 1 51 10 0 5675 -999 -999 0.689470033491556 0.310529966508444 -999
  1 1 51 10 0 4633 -999 -999 0.689470033491556 0.310529966508444 -999
  1 1 51 10 0 409 -999 -999 0.689470033491556 0.310529966508444 -999
  1 1 51 10 0 15256 -999 -999 0.689470033491556 0.310529966508444 -999
  1 1 52 10 0 2608 -999 -999 0.810425173323157 0.189574826676843 -999
  1 1 52 10 0 1879 -999 -999 0.810425173323157 0.189574826676843 -999
  1 1 52 10 0 1826 -999 -999 0.810425173323157 0.189574826676843 -999
  1 1 52 10 0 241 -999 -999 0.810425173323157 0.189574826676843 -999
  1 1 52 10 0 3287 -999 -999 0.810425173323157 0.189574826676843 -999
  1 1 52 10 0 3711 -999 -999 0.810425173323157 0.189574826676843 -999
  1 1 52 10 0 8926 -999 -999 0.810425173323157 0.189574826676843 -999
  1 1 52 10 0 4382 -999 -999 0.810425173323157 0.189574826676843 -999
  1 1 52 10 0 564 -999 -999 0.810425173323157 0.189574826676843 -999
  1 1 52 10 0 13201 -999 -999 0.810425173323157 0.189574826676843 -999
  2 1 1 2 0 19635 0.00320731952906982 0.328625792923448 0.386282748914872 0.496234067115693 0.117483183969435
  2 1 2 2 0 3959 0.00116440798192748 0.118238728108274 0.433514865894 0.487259227898777 0.0792259062072223
  2 1 2 2 0 19665 0.00116440798192748 0.118238728108274 0.433514865894 0.487259227898777 0.0792259062072223
  2 1 2 2 0 12435 0.00116440798192748 0.118238728108274 0.433514865894 0.487259227898777 0.0792259062072223
  2 1 2 2 0 19532 0.00116440798192748 0.118238728108274 0.433514865894 0.487259227898777 0.0792259062072223
  2 1 2 2 0 2387 0.00116440798192748 0.118238728108274 0.433514865894 0.487259227898777 0.0792259062072223
  2 1 3 2 0 4219 0.000343880194371695 0.0484405134274255 0.239040927075832 0.591047388663459 0.169911684260708
  2 1 3 2 0 186 0.000343880194371695 0.0484405134274255 0.239040927075832 0.591047388663459 0.169911684260708
  2 1 3 2 0 27024 0.000343880194371695 0.0484405134274255 0.239040927075832 0.591047388663459 0.169911684260708
  2 1 3 2 0 7933 0.000343880194371695 0.0484405134274255 0.239040927075832 0.591047388663459 0.169911684260708
  2 1 3 2 0 8476 0.000343880194371695 0.0484405134274255 0.239040927075832 0.591047388663459 0.169911684260708
  2 1 3 2 0 2372 0.000343880194371695 0.0484405134274255 0.239040927075832 0.591047388663459 0.169911684260708
  2 1 4 2 0 4462 1.00183657299283e-05 0.0145804326213509 0.113955375403377 0.803714135260356 0.0823304893362672
  2 1 4 2 0 19834 1.00183657299283e-05 0.0145804326213509 0.113955375403377 0.803714135260356 0.0823304893362672
  2 1 4 2 0 11410 1.00183657299283e-05 0.0145804326213509 0.113955375403377 0.803714135260356 0.0823304893362672
  2 1 4 2 0 12204 1.00183657299283e-05 0.0145804326213509 0.113955375403377 0.803714135260356 0.0823304893362672
  2 1 4 2 0 3351 1.00183657299283e-05 0.0145804326213509 0.113955375403377 0.803714135260356 0.0823304893362672
  2 1 5 2 0 3568 -999 0.0368316864546836 0.299424423551854 0.633670883751064 0.066904692697082
  2 1 5 2 0 15026 -999 0.0368316864546836 0.299424423551854 0.633670883751064 0.066904692697082
  2 1 5 2 0 5896 -999 0.0368316864546836 0.299424423551854 0.633670883751064 0.066904692697082
  2 1 5 2 0 16453 -999 0.0368316864546836 0.299424423551854 0.633670883751064 0.066904692697082
  2 1 5 2 0 1437 -999 0.0368316864546836 0.299424423551854 0.633670883751064 0.066904692697082
  2 1 6 2 0 7752 9.80021030038109e-06 0.0316662991913406 0.353421059076951 0.525590909109072 0.120988031813977
  2 1 6 2 0 1033 9.80021030038109e-06 0.0316662991913406 0.353421059076951 0.525590909109072 0.120988031813977
  2 1 6 2 0 13494 9.80021030038109e-06 0.0316662991913406 0.353421059076951 0.525590909109072 0.120988031813977
  2 1 6 2 0 6429 9.80021030038109e-06 0.0316662991913406 0.353421059076951 0.525590909109072 0.120988031813977
  2 1 6 2 0 8919 9.80021030038109e-06 0.0316662991913406 0.353421059076951 0.525590909109072 0.120988031813977
  2 1 6 2 0 183 9.80021030038109e-06 0.0316662991913406 0.353421059076951 0.525590909109072 0.120988031813977
  2 1 6 2 0 4506 9.80021030038109e-06 0.0316662991913406 0.353421059076951 0.525590909109072 0.120988031813977
  2 1 7 2 0 6993 0.000141867962506063 0.0692004424060807 0.375231182210737 0.57401825475243 0.0507505630368333
  2 1 7 2 0 3718 0.000141867962506063 0.0692004424060807 0.375231182210737 0.57401825475243 0.0507505630368333
  2 1 7 2 0 17108 0.000141867962506063 0.0692004424060807 0.375231182210737 0.57401825475243 0.0507505630368333
  2 1 7 2 0 4275 0.000141867962506063 0.0692004424060807 0.375231182210737 0.57401825475243 0.0507505630368333
  2 1 7 2 0 22982 0.000141867962506063 0.0692004424060807 0.375231182210737 0.57401825475243 0.0507505630368333
  2 1 7 2 0 200 0.000141867962506063 0.0692004424060807 0.375231182210737 0.57401825475243 0.0507505630368333
  2 1 7 2 0 1684 0.000141867962506063 0.0692004424060807 0.375231182210737 0.57401825475243 0.0507505630368333
  2 1 8 2 0 8126 1.40070885601947e-06 0.0551131233564119 0.343076843109999 0.620914034884095 0.0360091220059064
  2 1 8 2 0 8656 1.40070885601947e-06 0.0551131233564119 0.343076843109999 0.620914034884095 0.0360091220059064
  2 1 8 2 0 15343 1.40070885601947e-06 0.0551131233564119 0.343076843109999 0.620914034884095 0.0360091220059064
  2 1 8 2 0 4104 1.40070885601947e-06 0.0551131233564119 0.343076843109999 0.620914034884095 0.0360091220059064
  2 1 8 2 0 24156 1.40070885601947e-06 0.0551131233564119 0.343076843109999 0.620914034884095 0.0360091220059064
  2 1 8 2 0 486 1.40070885601947e-06 0.0551131233564119 0.343076843109999 0.620914034884095 0.0360091220059064
  2 1 8 2 0 2447 1.40070885601947e-06 0.0551131233564119 0.343076843109999 0.620914034884095 0.0360091220059064
  2 1 9 2 0 5570 1.13039321120418e-05 0.052131295498594 0.446788539358506 0.535668226771109 0.0175432338703846
  2 1 9 2 0 4983 1.13039321120418e-05 0.052131295498594 0.446788539358506 0.535668226771109 0.0175432338703846
  2 1 9 2 0 10840 1.13039321120418e-05 0.052131295498594 0.446788539358506 0.535668226771109 0.0175432338703846
  2 1 9 2 0 2490 1.13039321120418e-05 0.052131295498594 0.446788539358506 0.535668226771109 0.0175432338703846
  2 1 9 2 0 31957 1.13039321120418e-05 0.052131295498594 0.446788539358506 0.535668226771109 0.0175432338703846
  2 1 9 2 0 1308 1.13039321120418e-05 0.052131295498594 0.446788539358506 0.535668226771109 0.0175432338703846
  2 1 9 2 0 5444 1.13039321120418e-05 0.052131295498594 0.446788539358506 0.535668226771109 0.0175432338703846
  2 1 10 2 0 9412 3.03904799016394e-08 0.028183023082608 0.105944308223868 0.889511879617844 0.00454381215828739
  2 1 10 2 0 6201 3.03904799016394e-08 0.028183023082608 0.105944308223868 0.889511879617844 0.00454381215828739
  2 1 10 2 0 8134 3.03904799016394e-08 0.028183023082608 0.105944308223868 0.889511879617844 0.00454381215828739
  2 1 10 2 0 10539 3.03904799016394e-08 0.028183023082608 0.105944308223868 0.889511879617844 0.00454381215828739
  2 1 10 2 0 33037 3.03904799016394e-08 0.028183023082608 0.105944308223868 0.889511879617844 0.00454381215828739
  2 1 10 2 0 2040 3.03904799016394e-08 0.028183023082608 0.105944308223868 0.889511879617844 0.00454381215828739
  2 1 10 2 0 6776 3.03904799016394e-08 0.028183023082608 0.105944308223868 0.889511879617844 0.00454381215828739
  2 1 11 2 0 6737 9.15909946051355e-07 0.0165986451036416 0.171977744640665 0.814877796770758 0.0131444585885776
  2 1 11 2 0 4186 9.15909946051355e-07 0.0165986451036416 0.171977744640665 0.814877796770758 0.0131444585885776
  2 1 11 2 0 6237 9.15909946051355e-07 0.0165986451036416 0.171977744640665 0.814877796770758 0.0131444585885776
  2 1 11 2 0 10102 9.15909946051355e-07 0.0165986451036416 0.171977744640665 0.814877796770758 0.0131444585885776
  2 1 11 2 0 28216 9.15909946051355e-07 0.0165986451036416 0.171977744640665 0.814877796770758 0.0131444585885776
  2 1 11 2 0 247 9.15909946051355e-07 0.0165986451036416 0.171977744640665 0.814877796770758 0.0131444585885776
  2 1 11 2 0 4442 9.15909946051355e-07 0.0165986451036416 0.171977744640665 0.814877796770758 0.0131444585885776
  2 1 12 2 0 6975 4.18517653110042e-06 0.0853663881285144 0.309719212707219 0.685297787007064 0.00498300028571618
  2 1 12 2 0 4518 4.18517653110042e-06 0.0853663881285144 0.309719212707219 0.685297787007064 0.00498300028571618
  2 1 12 2 0 8020 4.18517653110042e-06 0.0853663881285144 0.309719212707219 0.685297787007064 0.00498300028571618
  2 1 12 2 0 9884 4.18517653110042e-06 0.0853663881285144 0.309719212707219 0.685297787007064 0.00498300028571618
  2 1 12 2 0 37294 4.18517653110042e-06 0.0853663881285144 0.309719212707219 0.685297787007064 0.00498300028571618
  2 1 12 2 0 617 4.18517653110042e-06 0.0853663881285144 0.309719212707219 0.685297787007064 0.00498300028571618
  2 1 12 2 0 259 4.18517653110042e-06 0.0853663881285144 0.309719212707219 0.685297787007064 0.00498300028571618
  2 1 12 2 0 3668 4.18517653110042e-06 0.0853663881285144 0.309719212707219 0.685297787007064 0.00498300028571618
  2 1 13 2 0 4949 -999 0.0130234452085588 0.571603416619842 0.416547332103152 0.0118492512770063
  2 1 13 2 0 7985 -999 0.0130234452085588 0.571603416619842 0.416547332103152 0.0118492512770063
  2 1 13 2 0 8657 -999 0.0130234452085588 0.571603416619842 0.416547332103152 0.0118492512770063
  2 1 13 2 0 9235 -999 0.0130234452085588 0.571603416619842 0.416547332103152 0.0118492512770063
  2 1 13 2 0 28315 -999 0.0130234452085588 0.571603416619842 0.416547332103152 0.0118492512770063
  2 1 13 2 0 3185 -999 0.0130234452085588 0.571603416619842 0.416547332103152 0.0118492512770063
  2 1 13 2 0 4898 -999 0.0130234452085588 0.571603416619842 0.416547332103152 0.0118492512770063
  2 1 14 2 0 4303 3.53090180105899e-07 0.0104374033681833 0.150648515964085 0.836228345053753 0.0131231389821613
  2 1 14 2 0 5165 3.53090180105899e-07 0.0104374033681833 0.150648515964085 0.836228345053753 0.0131231389821613
  2 1 14 2 0 4717 3.53090180105899e-07 0.0104374033681833 0.150648515964085 0.836228345053753 0.0131231389821613
  2 1 14 2 0 4679 3.53090180105899e-07 0.0104374033681833 0.150648515964085 0.836228345053753 0.0131231389821613
  2 1 14 2 0 23528 3.53090180105899e-07 0.0104374033681833 0.150648515964085 0.836228345053753 0.0131231389821613
  2 1 14 2 0 3161 3.53090180105899e-07 0.0104374033681833 0.150648515964085 0.836228345053753 0.0131231389821613
  2 1 14 2 0 100 3.53090180105899e-07 0.0104374033681833 0.150648515964085 0.836228345053753 0.0131231389821613
  2 1 14 2 0 5669 3.53090180105899e-07 0.0104374033681833 0.150648515964085 0.836228345053753 0.0131231389821613
  2 1 15 2 0 11861 -999 0.0441088629677652 0.0940871860758119 0.872995739715558 0.0329170742086305
  2 1 15 2 0 11871 -999 0.0441088629677652 0.0940871860758119 0.872995739715558 0.0329170742086305
  2 1 15 2 0 13340 -999 0.0441088629677652 0.0940871860758119 0.872995739715558 0.0329170742086305
  2 1 15 2 0 7714 -999 0.0441088629677652 0.0940871860758119 0.872995739715558 0.0329170742086305
  2 1 15 2 0 12696 -999 0.0441088629677652 0.0940871860758119 0.872995739715558 0.0329170742086305
  2 1 15 2 0 2765 -999 0.0441088629677652 0.0940871860758119 0.872995739715558 0.0329170742086305
  2 1 15 2 0 704 -999 0.0441088629677652 0.0940871860758119 0.872995739715558 0.0329170742086305
  2 1 15 2 0 8644 -999 0.0441088629677652 0.0940871860758119 0.872995739715558 0.0329170742086305
  2 1 16 2 0 12503 -999 0.123013520549056 0.380126764495227 0.59563361414343 0.0242396213613431
  2 1 16 2 0 13080 -999 0.123013520549056 0.380126764495227 0.59563361414343 0.0242396213613431
  2 1 16 2 0 11508 -999 0.123013520549056 0.380126764495227 0.59563361414343 0.0242396213613431
  2 1 16 2 0 8955 -999 0.123013520549056 0.380126764495227 0.59563361414343 0.0242396213613431
  2 1 16 2 0 11015 -999 0.123013520549056 0.380126764495227 0.59563361414343 0.0242396213613431
  2 1 16 2 0 3949 -999 0.123013520549056 0.380126764495227 0.59563361414343 0.0242396213613431
  2 1 16 2 0 492 -999 0.123013520549056 0.380126764495227 0.59563361414343 0.0242396213613431
  2 1 16 2 0 10523 -999 0.123013520549056 0.380126764495227 0.59563361414343 0.0242396213613431
  2 1 17 2 0 8717 -999 0.0134606745525224 0.286237966988876 0.693199289294878 0.020562743716246
  2 1 17 2 0 9021 -999 0.0134606745525224 0.286237966988876 0.693199289294878 0.020562743716246
  2 1 17 2 0 10785 -999 0.0134606745525224 0.286237966988876 0.693199289294878 0.020562743716246
  2 1 17 2 0 4762 -999 0.0134606745525224 0.286237966988876 0.693199289294878 0.020562743716246
  2 1 17 2 0 10095 -999 0.0134606745525224 0.286237966988876 0.693199289294878 0.020562743716246
  2 1 17 2 0 4470 -999 0.0134606745525224 0.286237966988876 0.693199289294878 0.020562743716246
  2 1 17 2 0 1508 -999 0.0134606745525224 0.286237966988876 0.693199289294878 0.020562743716246
  2 1 17 2 0 8428 -999 0.0134606745525224 0.286237966988876 0.693199289294878 0.020562743716246
  2 1 18 2 0 8366 -999 0.039843369247218 0.211571816154738 0.788413062626606 1.51212186561184e-05
  2 1 18 2 0 12035 -999 0.039843369247218 0.211571816154738 0.788413062626606 1.51212186561184e-05
  2 1 18 2 0 13087 -999 0.039843369247218 0.211571816154738 0.788413062626606 1.51212186561184e-05
  2 1 18 2 0 2528 -999 0.039843369247218 0.211571816154738 0.788413062626606 1.51212186561184e-05
  2 1 18 2 0 8988 -999 0.039843369247218 0.211571816154738 0.788413062626606 1.51212186561184e-05
  2 1 18 2 0 2857 -999 0.039843369247218 0.211571816154738 0.788413062626606 1.51212186561184e-05
  2 1 18 2 0 1678 -999 0.039843369247218 0.211571816154738 0.788413062626606 1.51212186561184e-05
  2 1 18 2 0 11988 -999 0.039843369247218 0.211571816154738 0.788413062626606 1.51212186561184e-05
  2 1 19 2 0 7515 -999 0.0127227561643951 0.385311967170769 0.613858089468977 0.000829943360254603
  2 1 19 2 0 9445 -999 0.0127227561643951 0.385311967170769 0.613858089468977 0.000829943360254603
  2 1 19 2 0 8392 -999 0.0127227561643951 0.385311967170769 0.613858089468977 0.000829943360254603
  2 1 19 2 0 2276 -999 0.0127227561643951 0.385311967170769 0.613858089468977 0.000829943360254603
  2 1 19 2 0 4746 -999 0.0127227561643951 0.385311967170769 0.613858089468977 0.000829943360254603
  2 1 19 2 0 4092 -999 0.0127227561643951 0.385311967170769 0.613858089468977 0.000829943360254603
  2 1 19 2 0 1461 -999 0.0127227561643951 0.385311967170769 0.613858089468977 0.000829943360254603
  2 1 19 2 0 12385 -999 0.0127227561643951 0.385311967170769 0.613858089468977 0.000829943360254603
  2 1 20 2 0 6490 -999 0.0274283772584142 0.437297792767735 0.562450873996394 0.000251333235870818
  2 1 20 2 0 9062 -999 0.0274283772584142 0.437297792767735 0.562450873996394 0.000251333235870818
  2 1 20 2 0 6049 -999 0.0274283772584142 0.437297792767735 0.562450873996394 0.000251333235870818
  2 1 20 2 0 2573 -999 0.0274283772584142 0.437297792767735 0.562450873996394 0.000251333235870818
  2 1 20 2 0 6394 -999 0.0274283772584142 0.437297792767735 0.562450873996394 0.000251333235870818
  2 1 20 2 0 2723 -999 0.0274283772584142 0.437297792767735 0.562450873996394 0.000251333235870818
  2 1 20 2 0 2031 -999 0.0274283772584142 0.437297792767735 0.562450873996394 0.000251333235870818
  2 1 20 2 0 12139 -999 0.0274283772584142 0.437297792767735 0.562450873996394 0.000251333235870818
  2 1 21 2 0 6633 -999 0.0556117664690927 0.352849180628539 0.647150819371461 -999
  2 1 21 2 0 8546 -999 0.0556117664690927 0.352849180628539 0.647150819371461 -999
  2 1 21 2 0 6320 -999 0.0556117664690927 0.352849180628539 0.647150819371461 -999
  2 1 21 2 0 2542 -999 0.0556117664690927 0.352849180628539 0.647150819371461 -999
  2 1 21 2 0 6540 -999 0.0556117664690927 0.352849180628539 0.647150819371461 -999
  2 1 21 2 0 3158 -999 0.0556117664690927 0.352849180628539 0.647150819371461 -999
  2 1 21 2 0 1771 -999 0.0556117664690927 0.352849180628539 0.647150819371461 -999
  2 1 21 2 0 12626 -999 0.0556117664690927 0.352849180628539 0.647150819371461 -999
  2 1 22 2 0 5748 -999 0.0404465052078445 0.209453710149188 0.783212970709428 0.00733331914138377
  2 1 22 2 0 5614 -999 0.0404465052078445 0.209453710149188 0.783212970709428 0.00733331914138377
  2 1 22 2 0 6041 -999 0.0404465052078445 0.209453710149188 0.783212970709428 0.00733331914138377
  2 1 22 2 0 1548 -999 0.0404465052078445 0.209453710149188 0.783212970709428 0.00733331914138377
  2 1 22 2 0 6300 -999 0.0404465052078445 0.209453710149188 0.783212970709428 0.00733331914138377
  2 1 22 2 0 1846 -999 0.0404465052078445 0.209453710149188 0.783212970709428 0.00733331914138377
  2 1 22 2 0 1410 -999 0.0404465052078445 0.209453710149188 0.783212970709428 0.00733331914138377
  2 1 22 2 0 8623 -999 0.0404465052078445 0.209453710149188 0.783212970709428 0.00733331914138377
  2 1 23 2 0 7108 -999 0.00658136883562974 0.299802812021409 0.695393566053637 0.00480362192495436
  2 1 23 2 0 8789 -999 0.00658136883562974 0.299802812021409 0.695393566053637 0.00480362192495436
  2 1 23 2 0 6940 -999 0.00658136883562974 0.299802812021409 0.695393566053637 0.00480362192495436
  2 1 23 2 0 2001 -999 0.00658136883562974 0.299802812021409 0.695393566053637 0.00480362192495436
  2 1 23 2 0 8574 -999 0.00658136883562974 0.299802812021409 0.695393566053637 0.00480362192495436
  2 1 23 2 0 2213 -999 0.00658136883562974 0.299802812021409 0.695393566053637 0.00480362192495436
  2 1 23 2 0 2249 -999 0.00658136883562974 0.299802812021409 0.695393566053637 0.00480362192495436
  2 1 23 2 0 11450 -999 0.00658136883562974 0.299802812021409 0.695393566053637 0.00480362192495436
  2 1 24 2 0 8560 -999 0.000605103209621312 0.247715934742117 0.748204551133367 0.00407951412451619
  2 1 24 2 0 7528 -999 0.000605103209621312 0.247715934742117 0.748204551133367 0.00407951412451619
  2 1 24 2 0 5325 -999 0.000605103209621312 0.247715934742117 0.748204551133367 0.00407951412451619
  2 1 24 2 0 1065 -999 0.000605103209621312 0.247715934742117 0.748204551133367 0.00407951412451619
  2 1 24 2 0 8163 -999 0.000605103209621312 0.247715934742117 0.748204551133367 0.00407951412451619
  2 1 24 2 0 1530 -999 0.000605103209621312 0.247715934742117 0.748204551133367 0.00407951412451619
  2 1 24 2 0 1896 -999 0.000605103209621312 0.247715934742117 0.748204551133367 0.00407951412451619
  2 1 24 2 0 7803 -999 0.000605103209621312 0.247715934742117 0.748204551133367 0.00407951412451619
  2 1 25 2 0 6518 -999 0.0258207246784608 0.199190908824159 0.79690485783614 0.0039042333397008
  2 1 25 2 0 7956 -999 0.0258207246784608 0.199190908824159 0.79690485783614 0.0039042333397008
  2 1 25 2 0 4551 -999 0.0258207246784608 0.199190908824159 0.79690485783614 0.0039042333397008
  2 1 25 2 0 2456 -999 0.0258207246784608 0.199190908824159 0.79690485783614 0.0039042333397008
  2 1 25 2 0 11543 -999 0.0258207246784608 0.199190908824159 0.79690485783614 0.0039042333397008
  2 1 25 2 0 2534 -999 0.0258207246784608 0.199190908824159 0.79690485783614 0.0039042333397008
  2 1 25 2 0 3322 -999 0.0258207246784608 0.199190908824159 0.79690485783614 0.0039042333397008
  2 1 25 2 0 800 -999 0.0258207246784608 0.199190908824159 0.79690485783614 0.0039042333397008
  2 1 25 2 0 4089 -999 0.0258207246784608 0.199190908824159 0.79690485783614 0.0039042333397008
  2 1 26 2 0 6637 -999 0.0471907470915629 0.263956710628387 0.736043289371613 0
  2 1 26 2 0 4469 -999 0.0471907470915629 0.263956710628387 0.736043289371613 0
  2 1 26 2 0 3714 -999 0.0471907470915629 0.263956710628387 0.736043289371613 0
  2 1 26 2 0 1140 -999 0.0471907470915629 0.263956710628387 0.736043289371613 0
  2 1 26 2 0 7936 -999 0.0471907470915629 0.263956710628387 0.736043289371613 0
  2 1 26 2 0 211 -999 0.0471907470915629 0.263956710628387 0.736043289371613 0
  2 1 26 2 0 2948 -999 0.0471907470915629 0.263956710628387 0.736043289371613 0
  2 1 26 2 0 1792 -999 0.0471907470915629 0.263956710628387 0.736043289371613 0
  2 1 26 2 0 3512 -999 0.0471907470915629 0.263956710628387 0.736043289371613 0
  2 1 27 2 0 4245 -999 0.00570140605178613 0.364320700351037 0.635679299648963 0
  2 1 27 2 0 4711 -999 0.00570140605178613 0.364320700351037 0.635679299648963 0
  2 1 27 2 0 2203 -999 0.00570140605178613 0.364320700351037 0.635679299648963 0
  2 1 27 2 0 453 -999 0.00570140605178613 0.364320700351037 0.635679299648963 0
  2 1 27 2 0 4472 -999 0.00570140605178613 0.364320700351037 0.635679299648963 0
  2 1 27 2 0 395 -999 0.00570140605178613 0.364320700351037 0.635679299648963 0
  2 1 27 2 0 2273 -999 0.00570140605178613 0.364320700351037 0.635679299648963 0
  2 1 27 2 0 1425 -999 0.00570140605178613 0.364320700351037 0.635679299648963 0
  2 1 27 2 0 5905 -999 0.00570140605178613 0.364320700351037 0.635679299648963 0
  2 1 28 2 0 2645 -999 0 0.152108095447203 0.847891904552797 0
  2 1 28 2 0 4707 -999 0 0.152108095447203 0.847891904552797 0
  2 1 28 2 0 1775 -999 0 0.152108095447203 0.847891904552797 0
  2 1 28 2 0 291 -999 0 0.152108095447203 0.847891904552797 0
  2 1 28 2 0 6183 -999 0 0.152108095447203 0.847891904552797 0
  2 1 28 2 0 1101 -999 0 0.152108095447203 0.847891904552797 0
  2 1 28 2 0 2291 -999 0 0.152108095447203 0.847891904552797 0
  2 1 28 2 0 1995 -999 0 0.152108095447203 0.847891904552797 0
  2 1 28 2 0 4239 -999 0 0.152108095447203 0.847891904552797 0
  2 1 29 2 0 2203 1.31657964457121e-06 0.011133264846742 0.228095562225232 0.771662714265662 0.00024172350910645
  2 1 29 2 0 5025 1.31657964457121e-06 0.011133264846742 0.228095562225232 0.771662714265662 0.00024172350910645
  2 1 29 2 0 5275 1.31657964457121e-06 0.011133264846742 0.228095562225232 0.771662714265662 0.00024172350910645
  2 1 29 2 0 2776 1.31657964457121e-06 0.011133264846742 0.228095562225232 0.771662714265662 0.00024172350910645
  2 1 29 2 0 457 1.31657964457121e-06 0.011133264846742 0.228095562225232 0.771662714265662 0.00024172350910645
  2 1 29 2 0 7481 1.31657964457121e-06 0.011133264846742 0.228095562225232 0.771662714265662 0.00024172350910645
  2 1 29 2 0 2282 1.31657964457121e-06 0.011133264846742 0.228095562225232 0.771662714265662 0.00024172350910645
  2 1 29 2 0 2231 1.31657964457121e-06 0.011133264846742 0.228095562225232 0.771662714265662 0.00024172350910645
  2 1 29 2 0 1222 1.31657964457121e-06 0.011133264846742 0.228095562225232 0.771662714265662 0.00024172350910645
  2 1 29 2 0 2963 1.31657964457121e-06 0.011133264846742 0.228095562225232 0.771662714265662 0.00024172350910645
  2 1 30 2 0 2520 -999 0.000313079440083364 0.518262597048555 0.481737402951445 -999
  2 1 30 2 0 6369 -999 0.000313079440083364 0.518262597048555 0.481737402951445 -999
  2 1 30 2 0 6897 -999 0.000313079440083364 0.518262597048555 0.481737402951445 -999
  2 1 30 2 0 5448 -999 0.000313079440083364 0.518262597048555 0.481737402951445 -999
  2 1 30 2 0 2381 -999 0.000313079440083364 0.518262597048555 0.481737402951445 -999
  2 1 30 2 0 10905 -999 0.000313079440083364 0.518262597048555 0.481737402951445 -999
  2 1 30 2 0 2349 -999 0.000313079440083364 0.518262597048555 0.481737402951445 -999
  2 1 30 2 0 748 -999 0.000313079440083364 0.518262597048555 0.481737402951445 -999
  2 1 30 2 0 620 -999 0.000313079440083364 0.518262597048555 0.481737402951445 -999
  2 1 30 2 0 7550 -999 0.000313079440083364 0.518262597048555 0.481737402951445 -999
  2 1 31 2 0 710 -999 0.0104063123885102 0.601662051289627 0.398337948710373 -999
  2 1 31 2 0 6840 -999 0.0104063123885102 0.601662051289627 0.398337948710373 -999
  2 1 31 2 0 5402 -999 0.0104063123885102 0.601662051289627 0.398337948710373 -999
  2 1 31 2 0 1789 -999 0.0104063123885102 0.601662051289627 0.398337948710373 -999
  2 1 31 2 0 1628 -999 0.0104063123885102 0.601662051289627 0.398337948710373 -999
  2 1 31 2 0 9156 -999 0.0104063123885102 0.601662051289627 0.398337948710373 -999
  2 1 31 2 0 1956 -999 0.0104063123885102 0.601662051289627 0.398337948710373 -999
  2 1 31 2 0 751 -999 0.0104063123885102 0.601662051289627 0.398337948710373 -999
  2 1 31 2 0 1103 -999 0.0104063123885102 0.601662051289627 0.398337948710373 -999
  2 1 31 2 0 8541 -999 0.0104063123885102 0.601662051289627 0.398337948710373 -999
  2 1 32 2 0 1818 -999 0.00181781133928774 0.482330109934174 0.517669890065826 -999
  2 1 32 2 0 6291 -999 0.00181781133928774 0.482330109934174 0.517669890065826 -999
  2 1 32 2 0 5487 -999 0.00181781133928774 0.482330109934174 0.517669890065826 -999
  2 1 32 2 0 2366 -999 0.00181781133928774 0.482330109934174 0.517669890065826 -999
  2 1 32 2 0 2277 -999 0.00181781133928774 0.482330109934174 0.517669890065826 -999
  2 1 32 2 0 10446 -999 0.00181781133928774 0.482330109934174 0.517669890065826 -999
  2 1 32 2 0 4297 -999 0.00181781133928774 0.482330109934174 0.517669890065826 -999
  2 1 32 2 0 404 -999 0.00181781133928774 0.482330109934174 0.517669890065826 -999
  2 1 32 2 0 951 -999 0.00181781133928774 0.482330109934174 0.517669890065826 -999
  2 1 32 2 0 7576 -999 0.00181781133928774 0.482330109934174 0.517669890065826 -999
  2 1 33 2 0 5877 -999 9.85106392477083e-05 0.347200175226493 0.652799824773507 -999
  2 1 33 2 0 11510 -999 9.85106392477083e-05 0.347200175226493 0.652799824773507 -999
  2 1 33 2 0 13068 -999 9.85106392477083e-05 0.347200175226493 0.652799824773507 -999
  2 1 33 2 0 4696 -999 9.85106392477083e-05 0.347200175226493 0.652799824773507 -999
  2 1 33 2 0 3199 -999 9.85106392477083e-05 0.347200175226493 0.652799824773507 -999
  2 1 33 2 0 9159 -999 9.85106392477083e-05 0.347200175226493 0.652799824773507 -999
  2 1 33 2 0 907 -999 9.85106392477083e-05 0.347200175226493 0.652799824773507 -999
  2 1 33 2 0 2799 -999 9.85106392477083e-05 0.347200175226493 0.652799824773507 -999
  2 1 33 2 0 1317 -999 9.85106392477083e-05 0.347200175226493 0.652799824773507 -999
  2 1 33 2 0 4539 -999 9.85106392477083e-05 0.347200175226493 0.652799824773507 -999
  2 1 34 2 0 6609 -999 0.000197787403713303 0.448623094696066 0.551376905303934 -999
  2 1 34 2 0 8518 -999 0.000197787403713303 0.448623094696066 0.551376905303934 -999
  2 1 34 2 0 10248 -999 0.000197787403713303 0.448623094696066 0.551376905303934 -999
  2 1 34 2 0 4922 -999 0.000197787403713303 0.448623094696066 0.551376905303934 -999
  2 1 34 2 0 5810 -999 0.000197787403713303 0.448623094696066 0.551376905303934 -999
  2 1 34 2 0 10178 -999 0.000197787403713303 0.448623094696066 0.551376905303934 -999
  2 1 34 2 0 3026 -999 0.000197787403713303 0.448623094696066 0.551376905303934 -999
  2 1 34 2 0 649 -999 0.000197787403713303 0.448623094696066 0.551376905303934 -999
  2 1 34 2 0 1178 -999 0.000197787403713303 0.448623094696066 0.551376905303934 -999
  2 1 34 2 0 13640 -999 0.000197787403713303 0.448623094696066 0.551376905303934 -999
  2 1 35 2 0 7153 -999 0.002096853209869 0.36579811389046 0.63420188610954 -999
  2 1 35 2 0 7093 -999 0.002096853209869 0.36579811389046 0.63420188610954 -999
  2 1 35 2 0 10773 -999 0.002096853209869 0.36579811389046 0.63420188610954 -999
  2 1 35 2 0 5216 -999 0.002096853209869 0.36579811389046 0.63420188610954 -999
  2 1 35 2 0 3419 -999 0.002096853209869 0.36579811389046 0.63420188610954 -999
  2 1 35 2 0 9640 -999 0.002096853209869 0.36579811389046 0.63420188610954 -999
  2 1 35 2 0 2461 -999 0.002096853209869 0.36579811389046 0.63420188610954 -999
  2 1 35 2 0 398 -999 0.002096853209869 0.36579811389046 0.63420188610954 -999
  2 1 35 2 0 639 -999 0.002096853209869 0.36579811389046 0.63420188610954 -999
  2 1 35 2 0 7464 -999 0.002096853209869 0.36579811389046 0.63420188610954 -999
  2 1 36 2 0 4961 -999 0.00126243172456688 0.362832409044252 0.637167590955748 -999
  2 1 36 2 0 6278 -999 0.00126243172456688 0.362832409044252 0.637167590955748 -999
  2 1 36 2 0 13203 -999 0.00126243172456688 0.362832409044252 0.637167590955748 -999
  2 1 36 2 0 6835 -999 0.00126243172456688 0.362832409044252 0.637167590955748 -999
  2 1 36 2 0 5760 -999 0.00126243172456688 0.362832409044252 0.637167590955748 -999
  2 1 36 2 0 7712 -999 0.00126243172456688 0.362832409044252 0.637167590955748 -999
  2 1 36 2 0 2787 -999 0.00126243172456688 0.362832409044252 0.637167590955748 -999
  2 1 36 2 0 1215 -999 0.00126243172456688 0.362832409044252 0.637167590955748 -999
  2 1 36 2 0 668 -999 0.00126243172456688 0.362832409044252 0.637167590955748 -999
  2 1 36 2 0 9061 -999 0.00126243172456688 0.362832409044252 0.637167590955748 -999
  2 1 37 2 0 3198 -999 0.00569029555265752 0.582434340285066 0.417565659714934 -999
  2 1 37 2 0 9271 -999 0.00569029555265752 0.582434340285066 0.417565659714934 -999
  2 1 37 2 0 14334 -999 0.00569029555265752 0.582434340285066 0.417565659714934 -999
  2 1 37 2 0 9537 -999 0.00569029555265752 0.582434340285066 0.417565659714934 -999
  2 1 37 2 0 6833 -999 0.00569029555265752 0.582434340285066 0.417565659714934 -999
  2 1 37 2 0 7099 -999 0.00569029555265752 0.582434340285066 0.417565659714934 -999
  2 1 37 2 0 1101 -999 0.00569029555265752 0.582434340285066 0.417565659714934 -999
  2 1 37 2 0 1210 -999 0.00569029555265752 0.582434340285066 0.417565659714934 -999
  2 1 37 2 0 525 -999 0.00569029555265752 0.582434340285066 0.417565659714934 -999
  2 1 37 2 0 10941 -999 0.00569029555265752 0.582434340285066 0.417565659714934 -999
  2 1 38 2 0 3895 -999 0.00029521453426896 0.556728843303313 0.443203351319887 6.78053768003339e-05
  2 1 38 2 0 4705 -999 0.00029521453426896 0.556728843303313 0.443203351319887 6.78053768003339e-05
  2 1 38 2 0 15143 -999 0.00029521453426896 0.556728843303313 0.443203351319887 6.78053768003339e-05
  2 1 38 2 0 9214 -999 0.00029521453426896 0.556728843303313 0.443203351319887 6.78053768003339e-05
  2 1 38 2 0 7189 -999 0.00029521453426896 0.556728843303313 0.443203351319887 6.78053768003339e-05
  2 1 38 2 0 9280 -999 0.00029521453426896 0.556728843303313 0.443203351319887 6.78053768003339e-05
  2 1 38 2 0 3117 -999 0.00029521453426896 0.556728843303313 0.443203351319887 6.78053768003339e-05
  2 1 38 2 0 2897 -999 0.00029521453426896 0.556728843303313 0.443203351319887 6.78053768003339e-05
  2 1 38 2 0 490 -999 0.00029521453426896 0.556728843303313 0.443203351319887 6.78053768003339e-05
  2 1 38 2 0 12758 -999 0.00029521453426896 0.556728843303313 0.443203351319887 6.78053768003339e-05
  2 1 39 2 0 4049 -999 2.39091074538257e-05 0.440305835076757 0.559694164923243 -999
  2 1 39 2 0 9431 -999 2.39091074538257e-05 0.440305835076757 0.559694164923243 -999
  2 1 39 2 0 15606 -999 2.39091074538257e-05 0.440305835076757 0.559694164923243 -999
  2 1 39 2 0 12486 -999 2.39091074538257e-05 0.440305835076757 0.559694164923243 -999
  2 1 39 2 0 8834 -999 2.39091074538257e-05 0.440305835076757 0.559694164923243 -999
  2 1 39 2 0 11055 -999 2.39091074538257e-05 0.440305835076757 0.559694164923243 -999
  2 1 39 2 0 5250 -999 2.39091074538257e-05 0.440305835076757 0.559694164923243 -999
  2 1 39 2 0 4857 -999 2.39091074538257e-05 0.440305835076757 0.559694164923243 -999
  2 1 39 2 0 562 -999 2.39091074538257e-05 0.440305835076757 0.559694164923243 -999
  2 1 39 2 0 15410 -999 2.39091074538257e-05 0.440305835076757 0.559694164923243 -999
  2 1 40 2 0 3400 -999 0.00138276378986783 0.571428969089703 0.428571030910297 -999
  2 1 40 2 0 8362 -999 0.00138276378986783 0.571428969089703 0.428571030910297 -999
  2 1 40 2 0 14843 -999 0.00138276378986783 0.571428969089703 0.428571030910297 -999
  2 1 40 2 0 14692 -999 0.00138276378986783 0.571428969089703 0.428571030910297 -999
  2 1 40 2 0 7760 -999 0.00138276378986783 0.571428969089703 0.428571030910297 -999
  2 1 40 2 0 7772 -999 0.00138276378986783 0.571428969089703 0.428571030910297 -999
  2 1 40 2 0 9474 -999 0.00138276378986783 0.571428969089703 0.428571030910297 -999
  2 1 40 2 0 3394 -999 0.00138276378986783 0.571428969089703 0.428571030910297 -999
  2 1 40 2 0 418 -999 0.00138276378986783 0.571428969089703 0.428571030910297 -999
  2 1 40 2 0 19860 -999 0.00138276378986783 0.571428969089703 0.428571030910297 -999
  2 1 41 2 0 3426 -999 4.41612224936101e-05 0.323291617988598 0.676708382011402 -999
  2 1 41 2 0 8601 -999 4.41612224936101e-05 0.323291617988598 0.676708382011402 -999
  2 1 41 2 0 13766 -999 4.41612224936101e-05 0.323291617988598 0.676708382011402 -999
  2 1 41 2 0 14178 -999 4.41612224936101e-05 0.323291617988598 0.676708382011402 -999
  2 1 41 2 0 9867 -999 4.41612224936101e-05 0.323291617988598 0.676708382011402 -999
  2 1 41 2 0 6359 -999 4.41612224936101e-05 0.323291617988598 0.676708382011402 -999
  2 1 41 2 0 11911 -999 4.41612224936101e-05 0.323291617988598 0.676708382011402 -999
  2 1 41 2 0 3161 -999 4.41612224936101e-05 0.323291617988598 0.676708382011402 -999
  2 1 41 2 0 356 -999 4.41612224936101e-05 0.323291617988598 0.676708382011402 -999
  2 1 41 2 0 15454 -999 4.41612224936101e-05 0.323291617988598 0.676708382011402 -999
  2 1 42 2 0 2090 -999 0.000794562494625419 0.255007395443002 0.744992604556998 -999
  2 1 42 2 0 8943 -999 0.000794562494625419 0.255007395443002 0.744992604556998 -999
  2 1 42 2 0 11289 -999 0.000794562494625419 0.255007395443002 0.744992604556998 -999
  2 1 42 2 0 13375 -999 0.000794562494625419 0.255007395443002 0.744992604556998 -999
  2 1 42 2 0 9542 -999 0.000794562494625419 0.255007395443002 0.744992604556998 -999
  2 1 42 2 0 6157 -999 0.000794562494625419 0.255007395443002 0.744992604556998 -999
  2 1 42 2 0 4911 -999 0.000794562494625419 0.255007395443002 0.744992604556998 -999
  2 1 42 2 0 4357 -999 0.000794562494625419 0.255007395443002 0.744992604556998 -999
  2 1 42 2 0 500 -999 0.000794562494625419 0.255007395443002 0.744992604556998 -999
  2 1 42 2 0 12303 -999 0.000794562494625419 0.255007395443002 0.744992604556998 -999
  2 1 43 2 0 2770 -999 0.0108989863631188 0.443491242968347 0.556508757031653 -999
  2 1 43 2 0 11283 -999 0.0108989863631188 0.443491242968347 0.556508757031653 -999
  2 1 43 2 0 12563 -999 0.0108989863631188 0.443491242968347 0.556508757031653 -999
  2 1 43 2 0 15155 -999 0.0108989863631188 0.443491242968347 0.556508757031653 -999
  2 1 43 2 0 15542 -999 0.0108989863631188 0.443491242968347 0.556508757031653 -999
  2 1 43 2 0 6127 -999 0.0108989863631188 0.443491242968347 0.556508757031653 -999
  2 1 43 2 0 3025 -999 0.0108989863631188 0.443491242968347 0.556508757031653 -999
  2 1 43 2 0 5784 -999 0.0108989863631188 0.443491242968347 0.556508757031653 -999
  2 1 43 2 0 544 -999 0.0108989863631188 0.443491242968347 0.556508757031653 -999
  2 1 43 2 0 12754 -999 0.0108989863631188 0.443491242968347 0.556508757031653 -999
  2 1 44 2 0 3676 -999 0.00181061034333021 0.896108289599489 0.103891710400511 -999
  2 1 44 2 0 9538 -999 0.00181061034333021 0.896108289599489 0.103891710400511 -999
  2 1 44 2 0 10915 -999 0.00181061034333021 0.896108289599489 0.103891710400511 -999
  2 1 44 2 0 16617 -999 0.00181061034333021 0.896108289599489 0.103891710400511 -999
  2 1 44 2 0 12596 -999 0.00181061034333021 0.896108289599489 0.103891710400511 -999
  2 1 44 2 0 6248 -999 0.00181061034333021 0.896108289599489 0.103891710400511 -999
  2 1 44 2 0 2697 -999 0.00181061034333021 0.896108289599489 0.103891710400511 -999
  2 1 44 2 0 5799 -999 0.00181061034333021 0.896108289599489 0.103891710400511 -999
  2 1 44 2 0 481 -999 0.00181061034333021 0.896108289599489 0.103891710400511 -999
  2 1 44 2 0 12717 -999 0.00181061034333021 0.896108289599489 0.103891710400511 -999
  2 1 45 2 0 2648 -999 0.00181618688019317 0.865862168390479 0.134137831609521 -999
  2 1 45 2 0 6565 -999 0.00181618688019317 0.865862168390479 0.134137831609521 -999
  2 1 45 2 0 8811 -999 0.00181618688019317 0.865862168390479 0.134137831609521 -999
  2 1 45 2 0 8938 -999 0.00181618688019317 0.865862168390479 0.134137831609521 -999
  2 1 45 2 0 6133 -999 0.00181618688019317 0.865862168390479 0.134137831609521 -999
  2 1 45 2 0 6307 -999 0.00181618688019317 0.865862168390479 0.134137831609521 -999
  2 1 45 2 0 2386 -999 0.00181618688019317 0.865862168390479 0.134137831609521 -999
  2 1 45 2 0 4058 -999 0.00181618688019317 0.865862168390479 0.134137831609521 -999
  2 1 45 2 0 476 -999 0.00181618688019317 0.865862168390479 0.134137831609521 -999
  2 1 45 2 0 14943 -999 0.00181618688019317 0.865862168390479 0.134137831609521 -999
  2 1 46 2 0 2140 -999 0.00557536209555227 0.67889837995623 0.32110162004377 -999
  2 1 46 2 0 6293 -999 0.00557536209555227 0.67889837995623 0.32110162004377 -999
  2 1 46 2 0 8254 -999 0.00557536209555227 0.67889837995623 0.32110162004377 -999
  2 1 46 2 0 5206 -999 0.00557536209555227 0.67889837995623 0.32110162004377 -999
  2 1 46 2 0 6246 -999 0.00557536209555227 0.67889837995623 0.32110162004377 -999
  2 1 46 2 0 6676 -999 0.00557536209555227 0.67889837995623 0.32110162004377 -999
  2 1 46 2 0 2921 -999 0.00557536209555227 0.67889837995623 0.32110162004377 -999
  2 1 46 2 0 5891 -999 0.00557536209555227 0.67889837995623 0.32110162004377 -999
  2 1 46 2 0 588 -999 0.00557536209555227 0.67889837995623 0.32110162004377 -999
  2 1 46 2 0 15792 -999 0.00557536209555227 0.67889837995623 0.32110162004377 -999
  2 1 47 2 0 2971 -999 0.00010112257516643 0.574953046690847 0.425046953309153 -999
  2 1 47 2 0 5259 -999 0.00010112257516643 0.574953046690847 0.425046953309153 -999
  2 1 47 2 0 6375 -999 0.00010112257516643 0.574953046690847 0.425046953309153 -999
  2 1 47 2 0 5299 -999 0.00010112257516643 0.574953046690847 0.425046953309153 -999
  2 1 47 2 0 6756 -999 0.00010112257516643 0.574953046690847 0.425046953309153 -999
  2 1 47 2 0 7210 -999 0.00010112257516643 0.574953046690847 0.425046953309153 -999
  2 1 47 2 0 2932 -999 0.00010112257516643 0.574953046690847 0.425046953309153 -999
  2 1 47 2 0 5069 -999 0.00010112257516643 0.574953046690847 0.425046953309153 -999
  2 1 47 2 0 482 -999 0.00010112257516643 0.574953046690847 0.425046953309153 -999
  2 1 47 2 0 12669 -999 0.00010112257516643 0.574953046690847 0.425046953309153 -999
  2 1 48 2 0 2120 -999 0.00204494305093713 0.375228061910363 0.624771938089637 -999
  2 1 48 2 0 9091 -999 0.00204494305093713 0.375228061910363 0.624771938089637 -999
  2 1 48 2 0 7234 -999 0.00204494305093713 0.375228061910363 0.624771938089637 -999
  2 1 48 2 0 5764 -999 0.00204494305093713 0.375228061910363 0.624771938089637 -999
  2 1 48 2 0 7777 -999 0.00204494305093713 0.375228061910363 0.624771938089637 -999
  2 1 48 2 0 5913 -999 0.00204494305093713 0.375228061910363 0.624771938089637 -999
  2 1 48 2 0 5366 -999 0.00204494305093713 0.375228061910363 0.624771938089637 -999
  2 1 48 2 0 4107 -999 0.00204494305093713 0.375228061910363 0.624771938089637 -999
  2 1 48 2 0 439 -999 0.00204494305093713 0.375228061910363 0.624771938089637 -999
  2 1 48 2 0 14501 -999 0.00204494305093713 0.375228061910363 0.624771938089637 -999
  2 1 49 2 0 1960 -999 -999 0.231841822220555 0.768158177779445 -999
  2 1 49 2 0 6373 -999 -999 0.231841822220555 0.768158177779445 -999
  2 1 49 2 0 7697 -999 -999 0.231841822220555 0.768158177779445 -999
  2 1 49 2 0 2404 -999 -999 0.231841822220555 0.768158177779445 -999
  2 1 49 2 0 6578 -999 -999 0.231841822220555 0.768158177779445 -999
  2 1 49 2 0 4876 -999 -999 0.231841822220555 0.768158177779445 -999
  2 1 49 2 0 5285 -999 -999 0.231841822220555 0.768158177779445 -999
  2 1 49 2 0 5420 -999 -999 0.231841822220555 0.768158177779445 -999
  2 1 49 2 0 412 -999 -999 0.231841822220555 0.768158177779445 -999
  2 1 49 2 0 15260 -999 -999 0.231841822220555 0.768158177779445 -999
  2 1 50 2 0 2453 -999 0.000410641925808531 0.328170041032772 0.671829958967228 -999
  2 1 50 2 0 7345 -999 0.000410641925808531 0.328170041032772 0.671829958967228 -999
  2 1 50 2 0 11453 -999 0.000410641925808531 0.328170041032772 0.671829958967228 -999
  2 1 50 2 0 3111 -999 0.000410641925808531 0.328170041032772 0.671829958967228 -999
  2 1 50 2 0 7550 -999 0.000410641925808531 0.328170041032772 0.671829958967228 -999
  2 1 50 2 0 5812 -999 0.000410641925808531 0.328170041032772 0.671829958967228 -999
  2 1 50 2 0 7369 -999 0.000410641925808531 0.328170041032772 0.671829958967228 -999
  2 1 50 2 0 5576 -999 0.000410641925808531 0.328170041032772 0.671829958967228 -999
  2 1 50 2 0 403 -999 0.000410641925808531 0.328170041032772 0.671829958967228 -999
  2 1 50 2 0 13965 -999 0.000410641925808531 0.328170041032772 0.671829958967228 -999
  2 1 51 2 0 2803 -999 4.02770240635282e-05 0.176678796190801 0.823321203809199 -999
  2 1 51 2 0 3807 -999 4.02770240635282e-05 0.176678796190801 0.823321203809199 -999
  2 1 51 2 0 5480 -999 4.02770240635282e-05 0.176678796190801 0.823321203809199 -999
  2 1 51 2 0 1183 -999 4.02770240635282e-05 0.176678796190801 0.823321203809199 -999
  2 1 51 2 0 6294 -999 4.02770240635282e-05 0.176678796190801 0.823321203809199 -999
  2 1 51 2 0 5185 -999 4.02770240635282e-05 0.176678796190801 0.823321203809199 -999
  2 1 51 2 0 5675 -999 4.02770240635282e-05 0.176678796190801 0.823321203809199 -999
  2 1 51 2 0 4633 -999 4.02770240635282e-05 0.176678796190801 0.823321203809199 -999
  2 1 51 2 0 409 -999 4.02770240635282e-05 0.176678796190801 0.823321203809199 -999
  2 1 51 2 0 15256 -999 4.02770240635282e-05 0.176678796190801 0.823321203809199 -999
  2 1 52 2 0 2608 -999 0.0037926961169002 0.194054151561976 0.805945848438024 -999
  2 1 52 2 0 1879 -999 0.0037926961169002 0.194054151561976 0.805945848438024 -999
  2 1 52 2 0 1826 -999 0.0037926961169002 0.194054151561976 0.805945848438024 -999
  2 1 52 2 0 241 -999 0.0037926961169002 0.194054151561976 0.805945848438024 -999
  2 1 52 2 0 3287 -999 0.0037926961169002 0.194054151561976 0.805945848438024 -999
  2 1 52 2 0 3711 -999 0.0037926961169002 0.194054151561976 0.805945848438024 -999
  2 1 52 2 0 8926 -999 0.0037926961169002 0.194054151561976 0.805945848438024 -999
  2 1 52 2 0 4382 -999 0.0037926961169002 0.194054151561976 0.805945848438024 -999
  2 1 52 2 0 564 -999 0.0037926961169002 0.194054151561976 0.805945848438024 -999
  2 1 52 2 0 13201 -999 0.0037926961169002 0.194054151561976 0.805945848438024 -999
  2 1 1 3 0 19635 -999 -999 0.894256673880356 0.105743326119644 -999
  2 1 2 3 0 3959 -999 -999 0.897034236554737 0.102965763445263 -999
  2 1 2 3 0 19665 -999 -999 0.897034236554737 0.102965763445263 -999
  2 1 2 3 0 12435 -999 -999 0.897034236554737 0.102965763445263 -999
  2 1 2 3 0 19532 -999 -999 0.897034236554737 0.102965763445263 -999
  2 1 2 3 0 2387 -999 -999 0.897034236554737 0.102965763445263 -999
  2 1 3 3 0 4219 -999 -999 0.901418437874698 0.0985815621253022 -999
  2 1 3 3 0 186 -999 -999 0.901418437874698 0.0985815621253022 -999
  2 1 3 3 0 27024 -999 -999 0.901418437874698 0.0985815621253022 -999
  2 1 3 3 0 7933 -999 -999 0.901418437874698 0.0985815621253022 -999
  2 1 3 3 0 8476 -999 -999 0.901418437874698 0.0985815621253022 -999
  2 1 3 3 0 2372 -999 -999 0.901418437874698 0.0985815621253022 -999
  2 1 4 3 0 4462 -999 -999 0.90600648455461 0.0939935154453902 -999
  2 1 4 3 0 19834 -999 -999 0.90600648455461 0.0939935154453902 -999
  2 1 4 3 0 11410 -999 -999 0.90600648455461 0.0939935154453902 -999
  2 1 4 3 0 12204 -999 -999 0.90600648455461 0.0939935154453902 -999
  2 1 4 3 0 3351 -999 -999 0.90600648455461 0.0939935154453902 -999
  2 1 5 3 0 3568 -999 -999 0.896552199565999 0.103447800434001 -999
  2 1 5 3 0 15026 -999 -999 0.896552199565999 0.103447800434001 -999
  2 1 5 3 0 5896 -999 -999 0.896552199565999 0.103447800434001 -999
  2 1 5 3 0 16453 -999 -999 0.896552199565999 0.103447800434001 -999
  2 1 5 3 0 1437 -999 -999 0.896552199565999 0.103447800434001 -999
  2 1 6 3 0 7752 -999 -999 0.90827817970625 0.0917218202937497 -999
  2 1 6 3 0 1033 -999 -999 0.90827817970625 0.0917218202937497 -999
  2 1 6 3 0 13494 -999 -999 0.90827817970625 0.0917218202937497 -999
  2 1 6 3 0 6429 -999 -999 0.90827817970625 0.0917218202937497 -999
  2 1 6 3 0 8919 -999 -999 0.90827817970625 0.0917218202937497 -999
  2 1 6 3 0 183 -999 -999 0.90827817970625 0.0917218202937497 -999
  2 1 6 3 0 4506 -999 -999 0.90827817970625 0.0917218202937497 -999
  2 1 7 3 0 6993 -999 0 0.895237263999489 0.104762736000511 -999
  2 1 7 3 0 3718 -999 0 0.895237263999489 0.104762736000511 -999
  2 1 7 3 0 17108 -999 0 0.895237263999489 0.104762736000511 -999
  2 1 7 3 0 4275 -999 0 0.895237263999489 0.104762736000511 -999
  2 1 7 3 0 22982 -999 0 0.895237263999489 0.104762736000511 -999
  2 1 7 3 0 200 -999 0 0.895237263999489 0.104762736000511 -999
  2 1 7 3 0 1684 -999 0 0.895237263999489 0.104762736000511 -999
  2 1 8 3 0 8126 -999 2.97239812703396e-05 0.422915697759232 0.577084302240768 -999
  2 1 8 3 0 8656 -999 2.97239812703396e-05 0.422915697759232 0.577084302240768 -999
  2 1 8 3 0 15343 -999 2.97239812703396e-05 0.422915697759232 0.577084302240768 -999
  2 1 8 3 0 4104 -999 2.97239812703396e-05 0.422915697759232 0.577084302240768 -999
  2 1 8 3 0 24156 -999 2.97239812703396e-05 0.422915697759232 0.577084302240768 -999
  2 1 8 3 0 486 -999 2.97239812703396e-05 0.422915697759232 0.577084302240768 -999
  2 1 8 3 0 2447 -999 2.97239812703396e-05 0.422915697759232 0.577084302240768 -999
  2 1 9 3 0 5570 -999 0.0160807882531255 0.678353002495628 0.321646997504372 -999
  2 1 9 3 0 4983 -999 0.0160807882531255 0.678353002495628 0.321646997504372 -999
  2 1 9 3 0 10840 -999 0.0160807882531255 0.678353002495628 0.321646997504372 -999
  2 1 9 3 0 2490 -999 0.0160807882531255 0.678353002495628 0.321646997504372 -999
  2 1 9 3 0 31957 -999 0.0160807882531255 0.678353002495628 0.321646997504372 -999
  2 1 9 3 0 1308 -999 0.0160807882531255 0.678353002495628 0.321646997504372 -999
  2 1 9 3 0 5444 -999 0.0160807882531255 0.678353002495628 0.321646997504372 -999
  2 1 10 3 0 9412 -999 0.0539711682911793 0.858799120118872 0.141200879881128 -999
  2 1 10 3 0 6201 -999 0.0539711682911793 0.858799120118872 0.141200879881128 -999
  2 1 10 3 0 8134 -999 0.0539711682911793 0.858799120118872 0.141200879881128 -999
  2 1 10 3 0 10539 -999 0.0539711682911793 0.858799120118872 0.141200879881128 -999
  2 1 10 3 0 33037 -999 0.0539711682911793 0.858799120118872 0.141200879881128 -999
  2 1 10 3 0 2040 -999 0.0539711682911793 0.858799120118872 0.141200879881128 -999
  2 1 10 3 0 6776 -999 0.0539711682911793 0.858799120118872 0.141200879881128 -999
  2 1 11 3 0 6737 -999 1.08044427692368e-07 0.556739611612894 0.443260388387106 -999
  2 1 11 3 0 4186 -999 1.08044427692368e-07 0.556739611612894 0.443260388387106 -999
  2 1 11 3 0 6237 -999 1.08044427692368e-07 0.556739611612894 0.443260388387106 -999
  2 1 11 3 0 10102 -999 1.08044427692368e-07 0.556739611612894 0.443260388387106 -999
  2 1 11 3 0 28216 -999 1.08044427692368e-07 0.556739611612894 0.443260388387106 -999
  2 1 11 3 0 247 -999 1.08044427692368e-07 0.556739611612894 0.443260388387106 -999
  2 1 11 3 0 4442 -999 1.08044427692368e-07 0.556739611612894 0.443260388387106 -999
  2 1 12 3 0 6975 -999 9.76692545510343e-06 0.179788968378579 0.820211031621421 -999
  2 1 12 3 0 4518 -999 9.76692545510343e-06 0.179788968378579 0.820211031621421 -999
  2 1 12 3 0 8020 -999 9.76692545510343e-06 0.179788968378579 0.820211031621421 -999
  2 1 12 3 0 9884 -999 9.76692545510343e-06 0.179788968378579 0.820211031621421 -999
  2 1 12 3 0 37294 -999 9.76692545510343e-06 0.179788968378579 0.820211031621421 -999
  2 1 12 3 0 617 -999 9.76692545510343e-06 0.179788968378579 0.820211031621421 -999
  2 1 12 3 0 259 -999 9.76692545510343e-06 0.179788968378579 0.820211031621421 -999
  2 1 12 3 0 3668 -999 9.76692545510343e-06 0.179788968378579 0.820211031621421 -999
  2 1 13 3 0 4949 -999 0.00773310556934555 0.386881670153697 0.613118329846303 -999
  2 1 13 3 0 7985 -999 0.00773310556934555 0.386881670153697 0.613118329846303 -999
  2 1 13 3 0 8657 -999 0.00773310556934555 0.386881670153697 0.613118329846303 -999
  2 1 13 3 0 9235 -999 0.00773310556934555 0.386881670153697 0.613118329846303 -999
  2 1 13 3 0 28315 -999 0.00773310556934555 0.386881670153697 0.613118329846303 -999
  2 1 13 3 0 3185 -999 0.00773310556934555 0.386881670153697 0.613118329846303 -999
  2 1 13 3 0 4898 -999 0.00773310556934555 0.386881670153697 0.613118329846303 -999
  2 1 14 3 0 4303 -999 0.0282719757060331 0.149908303229757 0.850091696770243 -999
  2 1 14 3 0 5165 -999 0.0282719757060331 0.149908303229757 0.850091696770243 -999
  2 1 14 3 0 4717 -999 0.0282719757060331 0.149908303229757 0.850091696770243 -999
  2 1 14 3 0 4679 -999 0.0282719757060331 0.149908303229757 0.850091696770243 -999
  2 1 14 3 0 23528 -999 0.0282719757060331 0.149908303229757 0.850091696770243 -999
  2 1 14 3 0 3161 -999 0.0282719757060331 0.149908303229757 0.850091696770243 -999
  2 1 14 3 0 100 -999 0.0282719757060331 0.149908303229757 0.850091696770243 -999
  2 1 14 3 0 5669 -999 0.0282719757060331 0.149908303229757 0.850091696770243 -999
  2 1 15 3 0 11861 -999 0.00216545241642037 0.115568114168717 0.884431885831283 -999
  2 1 15 3 0 11871 -999 0.00216545241642037 0.115568114168717 0.884431885831283 -999
  2 1 15 3 0 13340 -999 0.00216545241642037 0.115568114168717 0.884431885831283 -999
  2 1 15 3 0 7714 -999 0.00216545241642037 0.115568114168717 0.884431885831283 -999
  2 1 15 3 0 12696 -999 0.00216545241642037 0.115568114168717 0.884431885831283 -999
  2 1 15 3 0 2765 -999 0.00216545241642037 0.115568114168717 0.884431885831283 -999
  2 1 15 3 0 704 -999 0.00216545241642037 0.115568114168717 0.884431885831283 -999
  2 1 15 3 0 8644 -999 0.00216545241642037 0.115568114168717 0.884431885831283 -999
  2 1 16 3 0 12503 -999 0.00763285022290167 0.220855460122099 0.779144539877901 -999
  2 1 16 3 0 13080 -999 0.00763285022290167 0.220855460122099 0.779144539877901 -999
  2 1 16 3 0 11508 -999 0.00763285022290167 0.220855460122099 0.779144539877901 -999
  2 1 16 3 0 8955 -999 0.00763285022290167 0.220855460122099 0.779144539877901 -999
  2 1 16 3 0 11015 -999 0.00763285022290167 0.220855460122099 0.779144539877901 -999
  2 1 16 3 0 3949 -999 0.00763285022290167 0.220855460122099 0.779144539877901 -999
  2 1 16 3 0 492 -999 0.00763285022290167 0.220855460122099 0.779144539877901 -999
  2 1 16 3 0 10523 -999 0.00763285022290167 0.220855460122099 0.779144539877901 -999
  2 1 17 3 0 8717 -999 0.0801385002710362 0.549512521165958 0.450487478834042 0
  2 1 17 3 0 9021 -999 0.0801385002710362 0.549512521165958 0.450487478834042 0
  2 1 17 3 0 10785 -999 0.0801385002710362 0.549512521165958 0.450487478834042 0
  2 1 17 3 0 4762 -999 0.0801385002710362 0.549512521165958 0.450487478834042 0
  2 1 17 3 0 10095 -999 0.0801385002710362 0.549512521165958 0.450487478834042 0
  2 1 17 3 0 4470 -999 0.0801385002710362 0.549512521165958 0.450487478834042 0
  2 1 17 3 0 1508 -999 0.0801385002710362 0.549512521165958 0.450487478834042 0
  2 1 17 3 0 8428 -999 0.0801385002710362 0.549512521165958 0.450487478834042 0
  2 1 18 3 0 8366 -999 6.47260678001443e-05 0.651985607279121 0.347287703302005 0.000726689418873664
  2 1 18 3 0 12035 -999 6.47260678001443e-05 0.651985607279121 0.347287703302005 0.000726689418873664
  2 1 18 3 0 13087 -999 6.47260678001443e-05 0.651985607279121 0.347287703302005 0.000726689418873664
  2 1 18 3 0 2528 -999 6.47260678001443e-05 0.651985607279121 0.347287703302005 0.000726689418873664
  2 1 18 3 0 8988 -999 6.47260678001443e-05 0.651985607279121 0.347287703302005 0.000726689418873664
  2 1 18 3 0 2857 -999 6.47260678001443e-05 0.651985607279121 0.347287703302005 0.000726689418873664
  2 1 18 3 0 1678 -999 6.47260678001443e-05 0.651985607279121 0.347287703302005 0.000726689418873664
  2 1 18 3 0 11988 -999 6.47260678001443e-05 0.651985607279121 0.347287703302005 0.000726689418873664
  2 1 19 3 0 7515 -999 0.0372165453500588 0.689282160719297 0.309638260317977 0.00107957896272554
  2 1 19 3 0 9445 -999 0.0372165453500588 0.689282160719297 0.309638260317977 0.00107957896272554
  2 1 19 3 0 8392 -999 0.0372165453500588 0.689282160719297 0.309638260317977 0.00107957896272554
  2 1 19 3 0 2276 -999 0.0372165453500588 0.689282160719297 0.309638260317977 0.00107957896272554
  2 1 19 3 0 4746 -999 0.0372165453500588 0.689282160719297 0.309638260317977 0.00107957896272554
  2 1 19 3 0 4092 -999 0.0372165453500588 0.689282160719297 0.309638260317977 0.00107957896272554
  2 1 19 3 0 1461 -999 0.0372165453500588 0.689282160719297 0.309638260317977 0.00107957896272554
  2 1 19 3 0 12385 -999 0.0372165453500588 0.689282160719297 0.309638260317977 0.00107957896272554
  2 1 20 3 0 6490 -999 0.118219381956302 0.859514144245978 0.140485855754022 -999
  2 1 20 3 0 9062 -999 0.118219381956302 0.859514144245978 0.140485855754022 -999
  2 1 20 3 0 6049 -999 0.118219381956302 0.859514144245978 0.140485855754022 -999
  2 1 20 3 0 2573 -999 0.118219381956302 0.859514144245978 0.140485855754022 -999
  2 1 20 3 0 6394 -999 0.118219381956302 0.859514144245978 0.140485855754022 -999
  2 1 20 3 0 2723 -999 0.118219381956302 0.859514144245978 0.140485855754022 -999
  2 1 20 3 0 2031 -999 0.118219381956302 0.859514144245978 0.140485855754022 -999
  2 1 20 3 0 12139 -999 0.118219381956302 0.859514144245978 0.140485855754022 -999
  2 1 21 3 0 6633 -999 0.000106465932905443 0.540609381417635 0.459390618582365 -999
  2 1 21 3 0 8546 -999 0.000106465932905443 0.540609381417635 0.459390618582365 -999
  2 1 21 3 0 6320 -999 0.000106465932905443 0.540609381417635 0.459390618582365 -999
  2 1 21 3 0 2542 -999 0.000106465932905443 0.540609381417635 0.459390618582365 -999
  2 1 21 3 0 6540 -999 0.000106465932905443 0.540609381417635 0.459390618582365 -999
  2 1 21 3 0 3158 -999 0.000106465932905443 0.540609381417635 0.459390618582365 -999
  2 1 21 3 0 1771 -999 0.000106465932905443 0.540609381417635 0.459390618582365 -999
  2 1 21 3 0 12626 -999 0.000106465932905443 0.540609381417635 0.459390618582365 -999
  2 1 22 3 0 5748 -999 0.00186903309614268 0.342395836658135 0.657604163341865 -999
  2 1 22 3 0 5614 -999 0.00186903309614268 0.342395836658135 0.657604163341865 -999
  2 1 22 3 0 6041 -999 0.00186903309614268 0.342395836658135 0.657604163341865 -999
  2 1 22 3 0 1548 -999 0.00186903309614268 0.342395836658135 0.657604163341865 -999
  2 1 22 3 0 6300 -999 0.00186903309614268 0.342395836658135 0.657604163341865 -999
  2 1 22 3 0 1846 -999 0.00186903309614268 0.342395836658135 0.657604163341865 -999
  2 1 22 3 0 1410 -999 0.00186903309614268 0.342395836658135 0.657604163341865 -999
  2 1 22 3 0 8623 -999 0.00186903309614268 0.342395836658135 0.657604163341865 -999
  2 1 23 3 0 7108 -999 0.00307684440366419 0.4388579499514 0.5611420500486 -999
  2 1 23 3 0 8789 -999 0.00307684440366419 0.4388579499514 0.5611420500486 -999
  2 1 23 3 0 6940 -999 0.00307684440366419 0.4388579499514 0.5611420500486 -999
  2 1 23 3 0 2001 -999 0.00307684440366419 0.4388579499514 0.5611420500486 -999
  2 1 23 3 0 8574 -999 0.00307684440366419 0.4388579499514 0.5611420500486 -999
  2 1 23 3 0 2213 -999 0.00307684440366419 0.4388579499514 0.5611420500486 -999
  2 1 23 3 0 2249 -999 0.00307684440366419 0.4388579499514 0.5611420500486 -999
  2 1 23 3 0 11450 -999 0.00307684440366419 0.4388579499514 0.5611420500486 -999
  2 1 24 3 0 8560 5.11083555342034e-09 0.000366070366650433 0.548800105224028 0.450037433327058 0.0011624614489135
  2 1 24 3 0 7528 5.11083555342034e-09 0.000366070366650433 0.548800105224028 0.450037433327058 0.0011624614489135
  2 1 24 3 0 5325 5.11083555342034e-09 0.000366070366650433 0.548800105224028 0.450037433327058 0.0011624614489135
  2 1 24 3 0 1065 5.11083555342034e-09 0.000366070366650433 0.548800105224028 0.450037433327058 0.0011624614489135
  2 1 24 3 0 8163 5.11083555342034e-09 0.000366070366650433 0.548800105224028 0.450037433327058 0.0011624614489135
  2 1 24 3 0 1530 5.11083555342034e-09 0.000366070366650433 0.548800105224028 0.450037433327058 0.0011624614489135
  2 1 24 3 0 1896 5.11083555342034e-09 0.000366070366650433 0.548800105224028 0.450037433327058 0.0011624614489135
  2 1 24 3 0 7803 5.11083555342034e-09 0.000366070366650433 0.548800105224028 0.450037433327058 0.0011624614489135
  2 1 25 3 0 6518 -999 0.000342647678804998 0.632652792763905 0.36734488077607 2.32646002434515e-06
  2 1 25 3 0 7956 -999 0.000342647678804998 0.632652792763905 0.36734488077607 2.32646002434515e-06
  2 1 25 3 0 4551 -999 0.000342647678804998 0.632652792763905 0.36734488077607 2.32646002434515e-06
  2 1 25 3 0 2456 -999 0.000342647678804998 0.632652792763905 0.36734488077607 2.32646002434515e-06
  2 1 25 3 0 11543 -999 0.000342647678804998 0.632652792763905 0.36734488077607 2.32646002434515e-06
  2 1 25 3 0 2534 -999 0.000342647678804998 0.632652792763905 0.36734488077607 2.32646002434515e-06
  2 1 25 3 0 3322 -999 0.000342647678804998 0.632652792763905 0.36734488077607 2.32646002434515e-06
  2 1 25 3 0 800 -999 0.000342647678804998 0.632652792763905 0.36734488077607 2.32646002434515e-06
  2 1 25 3 0 4089 -999 0.000342647678804998 0.632652792763905 0.36734488077607 2.32646002434515e-06
  2 1 26 3 0 6637 -999 0.0205250503535243 0.638352664242553 0.361647335757447 -999
  2 1 26 3 0 4469 -999 0.0205250503535243 0.638352664242553 0.361647335757447 -999
  2 1 26 3 0 3714 -999 0.0205250503535243 0.638352664242553 0.361647335757447 -999
  2 1 26 3 0 1140 -999 0.0205250503535243 0.638352664242553 0.361647335757447 -999
  2 1 26 3 0 7936 -999 0.0205250503535243 0.638352664242553 0.361647335757447 -999
  2 1 26 3 0 211 -999 0.0205250503535243 0.638352664242553 0.361647335757447 -999
  2 1 26 3 0 2948 -999 0.0205250503535243 0.638352664242553 0.361647335757447 -999
  2 1 26 3 0 1792 -999 0.0205250503535243 0.638352664242553 0.361647335757447 -999
  2 1 26 3 0 3512 -999 0.0205250503535243 0.638352664242553 0.361647335757447 -999
  2 1 27 3 0 4245 -999 0.00159851617990958 0.85667014368697 0.142875514620092 0.000454341692938198
  2 1 27 3 0 4711 -999 0.00159851617990958 0.85667014368697 0.142875514620092 0.000454341692938198
  2 1 27 3 0 2203 -999 0.00159851617990958 0.85667014368697 0.142875514620092 0.000454341692938198
  2 1 27 3 0 453 -999 0.00159851617990958 0.85667014368697 0.142875514620092 0.000454341692938198
  2 1 27 3 0 4472 -999 0.00159851617990958 0.85667014368697 0.142875514620092 0.000454341692938198
  2 1 27 3 0 395 -999 0.00159851617990958 0.85667014368697 0.142875514620092 0.000454341692938198
  2 1 27 3 0 2273 -999 0.00159851617990958 0.85667014368697 0.142875514620092 0.000454341692938198
  2 1 27 3 0 1425 -999 0.00159851617990958 0.85667014368697 0.142875514620092 0.000454341692938198
  2 1 27 3 0 5905 -999 0.00159851617990958 0.85667014368697 0.142875514620092 0.000454341692938198
  2 1 28 3 0 2645 -999 0.00642229985452179 0.578448624998544 0.0822358782519476 0.339315496749509
  2 1 28 3 0 4707 -999 0.00642229985452179 0.578448624998544 0.0822358782519476 0.339315496749509
  2 1 28 3 0 1775 -999 0.00642229985452179 0.578448624998544 0.0822358782519476 0.339315496749509
  2 1 28 3 0 291 -999 0.00642229985452179 0.578448624998544 0.0822358782519476 0.339315496749509
  2 1 28 3 0 6183 -999 0.00642229985452179 0.578448624998544 0.0822358782519476 0.339315496749509
  2 1 28 3 0 1101 -999 0.00642229985452179 0.578448624998544 0.0822358782519476 0.339315496749509
  2 1 28 3 0 2291 -999 0.00642229985452179 0.578448624998544 0.0822358782519476 0.339315496749509
  2 1 28 3 0 1995 -999 0.00642229985452179 0.578448624998544 0.0822358782519476 0.339315496749509
  2 1 28 3 0 4239 -999 0.00642229985452179 0.578448624998544 0.0822358782519476 0.339315496749509
  2 1 29 3 0 2203 -999 0.0146820675172643 0.818861985744897 0.181138014255103 -999
  2 1 29 3 0 5025 -999 0.0146820675172643 0.818861985744897 0.181138014255103 -999
  2 1 29 3 0 5275 -999 0.0146820675172643 0.818861985744897 0.181138014255103 -999
  2 1 29 3 0 2776 -999 0.0146820675172643 0.818861985744897 0.181138014255103 -999
  2 1 29 3 0 457 -999 0.0146820675172643 0.818861985744897 0.181138014255103 -999
  2 1 29 3 0 7481 -999 0.0146820675172643 0.818861985744897 0.181138014255103 -999
  2 1 29 3 0 2282 -999 0.0146820675172643 0.818861985744897 0.181138014255103 -999
  2 1 29 3 0 2231 -999 0.0146820675172643 0.818861985744897 0.181138014255103 -999
  2 1 29 3 0 1222 -999 0.0146820675172643 0.818861985744897 0.181138014255103 -999
  2 1 29 3 0 2963 -999 0.0146820675172643 0.818861985744897 0.181138014255103 -999
  2 1 30 3 0 2520 -999 0.00992390439726392 0.593996858003949 0.406003141996051 -999
  2 1 30 3 0 6369 -999 0.00992390439726392 0.593996858003949 0.406003141996051 -999
  2 1 30 3 0 6897 -999 0.00992390439726392 0.593996858003949 0.406003141996051 -999
  2 1 30 3 0 5448 -999 0.00992390439726392 0.593996858003949 0.406003141996051 -999
  2 1 30 3 0 2381 -999 0.00992390439726392 0.593996858003949 0.406003141996051 -999
  2 1 30 3 0 10905 -999 0.00992390439726392 0.593996858003949 0.406003141996051 -999
  2 1 30 3 0 2349 -999 0.00992390439726392 0.593996858003949 0.406003141996051 -999
  2 1 30 3 0 748 -999 0.00992390439726392 0.593996858003949 0.406003141996051 -999
  2 1 30 3 0 620 -999 0.00992390439726392 0.593996858003949 0.406003141996051 -999
  2 1 30 3 0 7550 -999 0.00992390439726392 0.593996858003949 0.406003141996051 -999
  2 1 31 3 0 710 -999 0.000955667864483869 0.517956077936989 0.482043922063011 -999
  2 1 31 3 0 6840 -999 0.000955667864483869 0.517956077936989 0.482043922063011 -999
  2 1 31 3 0 5402 -999 0.000955667864483869 0.517956077936989 0.482043922063011 -999
  2 1 31 3 0 1789 -999 0.000955667864483869 0.517956077936989 0.482043922063011 -999
  2 1 31 3 0 1628 -999 0.000955667864483869 0.517956077936989 0.482043922063011 -999
  2 1 31 3 0 9156 -999 0.000955667864483869 0.517956077936989 0.482043922063011 -999
  2 1 31 3 0 1956 -999 0.000955667864483869 0.517956077936989 0.482043922063011 -999
  2 1 31 3 0 751 -999 0.000955667864483869 0.517956077936989 0.482043922063011 -999
  2 1 31 3 0 1103 -999 0.000955667864483869 0.517956077936989 0.482043922063011 -999
  2 1 31 3 0 8541 -999 0.000955667864483869 0.517956077936989 0.482043922063011 -999
  2 1 32 3 0 1818 -999 0.000386854460865947 0.704478510732923 0.295521489267077 -999
  2 1 32 3 0 6291 -999 0.000386854460865947 0.704478510732923 0.295521489267077 -999
  2 1 32 3 0 5487 -999 0.000386854460865947 0.704478510732923 0.295521489267077 -999
  2 1 32 3 0 2366 -999 0.000386854460865947 0.704478510732923 0.295521489267077 -999
  2 1 32 3 0 2277 -999 0.000386854460865947 0.704478510732923 0.295521489267077 -999
  2 1 32 3 0 10446 -999 0.000386854460865947 0.704478510732923 0.295521489267077 -999
  2 1 32 3 0 4297 -999 0.000386854460865947 0.704478510732923 0.295521489267077 -999
  2 1 32 3 0 404 -999 0.000386854460865947 0.704478510732923 0.295521489267077 -999
  2 1 32 3 0 951 -999 0.000386854460865947 0.704478510732923 0.295521489267077 -999
  2 1 32 3 0 7576 -999 0.000386854460865947 0.704478510732923 0.295521489267077 -999
  2 1 33 3 0 5877 -999 0.00356399968748357 0.679670609951232 0.320329390048768 -999
  2 1 33 3 0 11510 -999 0.00356399968748357 0.679670609951232 0.320329390048768 -999
  2 1 33 3 0 13068 -999 0.00356399968748357 0.679670609951232 0.320329390048768 -999
  2 1 33 3 0 4696 -999 0.00356399968748357 0.679670609951232 0.320329390048768 -999
  2 1 33 3 0 3199 -999 0.00356399968748357 0.679670609951232 0.320329390048768 -999
  2 1 33 3 0 9159 -999 0.00356399968748357 0.679670609951232 0.320329390048768 -999
  2 1 33 3 0 907 -999 0.00356399968748357 0.679670609951232 0.320329390048768 -999
  2 1 33 3 0 2799 -999 0.00356399968748357 0.679670609951232 0.320329390048768 -999
  2 1 33 3 0 1317 -999 0.00356399968748357 0.679670609951232 0.320329390048768 -999
  2 1 33 3 0 4539 -999 0.00356399968748357 0.679670609951232 0.320329390048768 -999
  2 1 34 3 0 6609 -999 0.00248746915401989 0.521442920994059 0.478557079005941 -999
  2 1 34 3 0 8518 -999 0.00248746915401989 0.521442920994059 0.478557079005941 -999
  2 1 34 3 0 10248 -999 0.00248746915401989 0.521442920994059 0.478557079005941 -999
  2 1 34 3 0 4922 -999 0.00248746915401989 0.521442920994059 0.478557079005941 -999
  2 1 34 3 0 5810 -999 0.00248746915401989 0.521442920994059 0.478557079005941 -999
  2 1 34 3 0 10178 -999 0.00248746915401989 0.521442920994059 0.478557079005941 -999
  2 1 34 3 0 3026 -999 0.00248746915401989 0.521442920994059 0.478557079005941 -999
  2 1 34 3 0 649 -999 0.00248746915401989 0.521442920994059 0.478557079005941 -999
  2 1 34 3 0 1178 -999 0.00248746915401989 0.521442920994059 0.478557079005941 -999
  2 1 34 3 0 13640 -999 0.00248746915401989 0.521442920994059 0.478557079005941 -999
  2 1 35 3 0 7153 -999 0.00813534643942087 0.898965232790632 0.101034767209368 -999
  2 1 35 3 0 7093 -999 0.00813534643942087 0.898965232790632 0.101034767209368 -999
  2 1 35 3 0 10773 -999 0.00813534643942087 0.898965232790632 0.101034767209368 -999
  2 1 35 3 0 5216 -999 0.00813534643942087 0.898965232790632 0.101034767209368 -999
  2 1 35 3 0 3419 -999 0.00813534643942087 0.898965232790632 0.101034767209368 -999
  2 1 35 3 0 9640 -999 0.00813534643942087 0.898965232790632 0.101034767209368 -999
  2 1 35 3 0 2461 -999 0.00813534643942087 0.898965232790632 0.101034767209368 -999
  2 1 35 3 0 398 -999 0.00813534643942087 0.898965232790632 0.101034767209368 -999
  2 1 35 3 0 639 -999 0.00813534643942087 0.898965232790632 0.101034767209368 -999
  2 1 35 3 0 7464 -999 0.00813534643942087 0.898965232790632 0.101034767209368 -999
  2 1 36 3 0 4961 -999 0.0399486746264337 0.920078899432176 0.0799211005678242 -999
  2 1 36 3 0 6278 -999 0.0399486746264337 0.920078899432176 0.0799211005678242 -999
  2 1 36 3 0 13203 -999 0.0399486746264337 0.920078899432176 0.0799211005678242 -999
  2 1 36 3 0 6835 -999 0.0399486746264337 0.920078899432176 0.0799211005678242 -999
  2 1 36 3 0 5760 -999 0.0399486746264337 0.920078899432176 0.0799211005678242 -999
  2 1 36 3 0 7712 -999 0.0399486746264337 0.920078899432176 0.0799211005678242 -999
  2 1 36 3 0 2787 -999 0.0399486746264337 0.920078899432176 0.0799211005678242 -999
  2 1 36 3 0 1215 -999 0.0399486746264337 0.920078899432176 0.0799211005678242 -999
  2 1 36 3 0 668 -999 0.0399486746264337 0.920078899432176 0.0799211005678242 -999
  2 1 36 3 0 9061 -999 0.0399486746264337 0.920078899432176 0.0799211005678242 -999
  2 1 37 3 0 3198 -999 0.0661018541532221 0.815851507078496 0.18414561274839 2.88017311377978e-06
  2 1 37 3 0 9271 -999 0.0661018541532221 0.815851507078496 0.18414561274839 2.88017311377978e-06
  2 1 37 3 0 14334 -999 0.0661018541532221 0.815851507078496 0.18414561274839 2.88017311377978e-06
  2 1 37 3 0 9537 -999 0.0661018541532221 0.815851507078496 0.18414561274839 2.88017311377978e-06
  2 1 37 3 0 6833 -999 0.0661018541532221 0.815851507078496 0.18414561274839 2.88017311377978e-06
  2 1 37 3 0 7099 -999 0.0661018541532221 0.815851507078496 0.18414561274839 2.88017311377978e-06
  2 1 37 3 0 1101 -999 0.0661018541532221 0.815851507078496 0.18414561274839 2.88017311377978e-06
  2 1 37 3 0 1210 -999 0.0661018541532221 0.815851507078496 0.18414561274839 2.88017311377978e-06
  2 1 37 3 0 525 -999 0.0661018541532221 0.815851507078496 0.18414561274839 2.88017311377978e-06
  2 1 37 3 0 10941 -999 0.0661018541532221 0.815851507078496 0.18414561274839 2.88017311377978e-06
  2 1 38 3 0 3895 -999 0.00164453164032505 0.86662188011844 0.13337811988156 -999
  2 1 38 3 0 4705 -999 0.00164453164032505 0.86662188011844 0.13337811988156 -999
  2 1 38 3 0 15143 -999 0.00164453164032505 0.86662188011844 0.13337811988156 -999
  2 1 38 3 0 9214 -999 0.00164453164032505 0.86662188011844 0.13337811988156 -999
  2 1 38 3 0 7189 -999 0.00164453164032505 0.86662188011844 0.13337811988156 -999
  2 1 38 3 0 9280 -999 0.00164453164032505 0.86662188011844 0.13337811988156 -999
  2 1 38 3 0 3117 -999 0.00164453164032505 0.86662188011844 0.13337811988156 -999
  2 1 38 3 0 2897 -999 0.00164453164032505 0.86662188011844 0.13337811988156 -999
  2 1 38 3 0 490 -999 0.00164453164032505 0.86662188011844 0.13337811988156 -999
  2 1 38 3 0 12758 -999 0.00164453164032505 0.86662188011844 0.13337811988156 -999
  2 1 39 3 0 4049 -999 0.00128026476924833 0.873955922658726 0.126044077341274 -999
  2 1 39 3 0 9431 -999 0.00128026476924833 0.873955922658726 0.126044077341274 -999
  2 1 39 3 0 15606 -999 0.00128026476924833 0.873955922658726 0.126044077341274 -999
  2 1 39 3 0 12486 -999 0.00128026476924833 0.873955922658726 0.126044077341274 -999
  2 1 39 3 0 8834 -999 0.00128026476924833 0.873955922658726 0.126044077341274 -999
  2 1 39 3 0 11055 -999 0.00128026476924833 0.873955922658726 0.126044077341274 -999
  2 1 39 3 0 5250 -999 0.00128026476924833 0.873955922658726 0.126044077341274 -999
  2 1 39 3 0 4857 -999 0.00128026476924833 0.873955922658726 0.126044077341274 -999
  2 1 39 3 0 562 -999 0.00128026476924833 0.873955922658726 0.126044077341274 -999
  2 1 39 3 0 15410 -999 0.00128026476924833 0.873955922658726 0.126044077341274 -999
  2 1 40 3 0 3400 -999 0.00470608327054205 0.889330046515127 0.110669953484873 -999
  2 1 40 3 0 8362 -999 0.00470608327054205 0.889330046515127 0.110669953484873 -999
  2 1 40 3 0 14843 -999 0.00470608327054205 0.889330046515127 0.110669953484873 -999
  2 1 40 3 0 14692 -999 0.00470608327054205 0.889330046515127 0.110669953484873 -999
  2 1 40 3 0 7760 -999 0.00470608327054205 0.889330046515127 0.110669953484873 -999
  2 1 40 3 0 7772 -999 0.00470608327054205 0.889330046515127 0.110669953484873 -999
  2 1 40 3 0 9474 -999 0.00470608327054205 0.889330046515127 0.110669953484873 -999
  2 1 40 3 0 3394 -999 0.00470608327054205 0.889330046515127 0.110669953484873 -999
  2 1 40 3 0 418 -999 0.00470608327054205 0.889330046515127 0.110669953484873 -999
  2 1 40 3 0 19860 -999 0.00470608327054205 0.889330046515127 0.110669953484873 -999
  2 1 41 3 0 3426 -999 0.0132858856440397 0.936083567860201 0.0639164321397987 -999
  2 1 41 3 0 8601 -999 0.0132858856440397 0.936083567860201 0.0639164321397987 -999
  2 1 41 3 0 13766 -999 0.0132858856440397 0.936083567860201 0.0639164321397987 -999
  2 1 41 3 0 14178 -999 0.0132858856440397 0.936083567860201 0.0639164321397987 -999
  2 1 41 3 0 9867 -999 0.0132858856440397 0.936083567860201 0.0639164321397987 -999
  2 1 41 3 0 6359 -999 0.0132858856440397 0.936083567860201 0.0639164321397987 -999
  2 1 41 3 0 11911 -999 0.0132858856440397 0.936083567860201 0.0639164321397987 -999
  2 1 41 3 0 3161 -999 0.0132858856440397 0.936083567860201 0.0639164321397987 -999
  2 1 41 3 0 356 -999 0.0132858856440397 0.936083567860201 0.0639164321397987 -999
  2 1 41 3 0 15454 -999 0.0132858856440397 0.936083567860201 0.0639164321397987 -999
  2 1 42 3 0 2090 -999 0.00281737155173019 0.963258315491681 0.0367416845083187 -999
  2 1 42 3 0 8943 -999 0.00281737155173019 0.963258315491681 0.0367416845083187 -999
  2 1 42 3 0 11289 -999 0.00281737155173019 0.963258315491681 0.0367416845083187 -999
  2 1 42 3 0 13375 -999 0.00281737155173019 0.963258315491681 0.0367416845083187 -999
  2 1 42 3 0 9542 -999 0.00281737155173019 0.963258315491681 0.0367416845083187 -999
  2 1 42 3 0 6157 -999 0.00281737155173019 0.963258315491681 0.0367416845083187 -999
  2 1 42 3 0 4911 -999 0.00281737155173019 0.963258315491681 0.0367416845083187 -999
  2 1 42 3 0 4357 -999 0.00281737155173019 0.963258315491681 0.0367416845083187 -999
  2 1 42 3 0 500 -999 0.00281737155173019 0.963258315491681 0.0367416845083187 -999
  2 1 42 3 0 12303 -999 0.00281737155173019 0.963258315491681 0.0367416845083187 -999
  2 1 43 3 0 2770 -999 0.0192687629776353 0.984811330563465 0.0151886694365348 -999
  2 1 43 3 0 11283 -999 0.0192687629776353 0.984811330563465 0.0151886694365348 -999
  2 1 43 3 0 12563 -999 0.0192687629776353 0.984811330563465 0.0151886694365348 -999
  2 1 43 3 0 15155 -999 0.0192687629776353 0.984811330563465 0.0151886694365348 -999
  2 1 43 3 0 15542 -999 0.0192687629776353 0.984811330563465 0.0151886694365348 -999
  2 1 43 3 0 6127 -999 0.0192687629776353 0.984811330563465 0.0151886694365348 -999
  2 1 43 3 0 3025 -999 0.0192687629776353 0.984811330563465 0.0151886694365348 -999
  2 1 43 3 0 5784 -999 0.0192687629776353 0.984811330563465 0.0151886694365348 -999
  2 1 43 3 0 544 -999 0.0192687629776353 0.984811330563465 0.0151886694365348 -999
  2 1 43 3 0 12754 -999 0.0192687629776353 0.984811330563465 0.0151886694365348 -999
  2 1 44 3 0 3676 -999 0.919353821675423 0.983523060393847 0.0164769396061532 -999
  2 1 44 3 0 9538 -999 0.919353821675423 0.983523060393847 0.0164769396061532 -999
  2 1 44 3 0 10915 -999 0.919353821675423 0.983523060393847 0.0164769396061532 -999
  2 1 44 3 0 16617 -999 0.919353821675423 0.983523060393847 0.0164769396061532 -999
  2 1 44 3 0 12596 -999 0.919353821675423 0.983523060393847 0.0164769396061532 -999
  2 1 44 3 0 6248 -999 0.919353821675423 0.983523060393847 0.0164769396061532 -999
  2 1 44 3 0 2697 -999 0.919353821675423 0.983523060393847 0.0164769396061532 -999
  2 1 44 3 0 5799 -999 0.919353821675423 0.983523060393847 0.0164769396061532 -999
  2 1 44 3 0 481 -999 0.919353821675423 0.983523060393847 0.0164769396061532 -999
  2 1 44 3 0 12717 -999 0.919353821675423 0.983523060393847 0.0164769396061532 -999
  2 1 45 3 0 2648 -999 0.0266428079898209 0.997395696012468 0.00260430398753231 -999
  2 1 45 3 0 6565 -999 0.0266428079898209 0.997395696012468 0.00260430398753231 -999
  2 1 45 3 0 8811 -999 0.0266428079898209 0.997395696012468 0.00260430398753231 -999
  2 1 45 3 0 8938 -999 0.0266428079898209 0.997395696012468 0.00260430398753231 -999
  2 1 45 3 0 6133 -999 0.0266428079898209 0.997395696012468 0.00260430398753231 -999
  2 1 45 3 0 6307 -999 0.0266428079898209 0.997395696012468 0.00260430398753231 -999
  2 1 45 3 0 2386 -999 0.0266428079898209 0.997395696012468 0.00260430398753231 -999
  2 1 45 3 0 4058 -999 0.0266428079898209 0.997395696012468 0.00260430398753231 -999
  2 1 45 3 0 476 -999 0.0266428079898209 0.997395696012468 0.00260430398753231 -999
  2 1 45 3 0 14943 -999 0.0266428079898209 0.997395696012468 0.00260430398753231 -999
  2 1 46 3 0 2140 -999 0.00703389205938628 0.997599889686783 0.00240011031321714 -999
  2 1 46 3 0 6293 -999 0.00703389205938628 0.997599889686783 0.00240011031321714 -999
  2 1 46 3 0 8254 -999 0.00703389205938628 0.997599889686783 0.00240011031321714 -999
  2 1 46 3 0 5206 -999 0.00703389205938628 0.997599889686783 0.00240011031321714 -999
  2 1 46 3 0 6246 -999 0.00703389205938628 0.997599889686783 0.00240011031321714 -999
  2 1 46 3 0 6676 -999 0.00703389205938628 0.997599889686783 0.00240011031321714 -999
  2 1 46 3 0 2921 -999 0.00703389205938628 0.997599889686783 0.00240011031321714 -999
  2 1 46 3 0 5891 -999 0.00703389205938628 0.997599889686783 0.00240011031321714 -999
  2 1 46 3 0 588 -999 0.00703389205938628 0.997599889686783 0.00240011031321714 -999
  2 1 46 3 0 15792 -999 0.00703389205938628 0.997599889686783 0.00240011031321714 -999
  2 1 47 3 0 2971 -999 0.0166796181938116 0.998268896390574 0.00173110360942594 -999
  2 1 47 3 0 5259 -999 0.0166796181938116 0.998268896390574 0.00173110360942594 -999
  2 1 47 3 0 6375 -999 0.0166796181938116 0.998268896390574 0.00173110360942594 -999
  2 1 47 3 0 5299 -999 0.0166796181938116 0.998268896390574 0.00173110360942594 -999
  2 1 47 3 0 6756 -999 0.0166796181938116 0.998268896390574 0.00173110360942594 -999
  2 1 47 3 0 7210 -999 0.0166796181938116 0.998268896390574 0.00173110360942594 -999
  2 1 47 3 0 2932 -999 0.0166796181938116 0.998268896390574 0.00173110360942594 -999
  2 1 47 3 0 5069 -999 0.0166796181938116 0.998268896390574 0.00173110360942594 -999
  2 1 47 3 0 482 -999 0.0166796181938116 0.998268896390574 0.00173110360942594 -999
  2 1 47 3 0 12669 -999 0.0166796181938116 0.998268896390574 0.00173110360942594 -999
  2 1 48 3 0 2120 -999 0.0676436782959758 0.981541150054417 0.0184588499455833 -999
  2 1 48 3 0 9091 -999 0.0676436782959758 0.981541150054417 0.0184588499455833 -999
  2 1 48 3 0 7234 -999 0.0676436782959758 0.981541150054417 0.0184588499455833 -999
  2 1 48 3 0 5764 -999 0.0676436782959758 0.981541150054417 0.0184588499455833 -999
  2 1 48 3 0 7777 -999 0.0676436782959758 0.981541150054417 0.0184588499455833 -999
  2 1 48 3 0 5913 -999 0.0676436782959758 0.981541150054417 0.0184588499455833 -999
  2 1 48 3 0 5366 -999 0.0676436782959758 0.981541150054417 0.0184588499455833 -999
  2 1 48 3 0 4107 -999 0.0676436782959758 0.981541150054417 0.0184588499455833 -999
  2 1 48 3 0 439 -999 0.0676436782959758 0.981541150054417 0.0184588499455833 -999
  2 1 48 3 0 14501 -999 0.0676436782959758 0.981541150054417 0.0184588499455833 -999
  2 1 49 3 0 1960 -999 0.0599575679959254 0.991133760186847 0.00886623981315295 -999
  2 1 49 3 0 6373 -999 0.0599575679959254 0.991133760186847 0.00886623981315295 -999
  2 1 49 3 0 7697 -999 0.0599575679959254 0.991133760186847 0.00886623981315295 -999
  2 1 49 3 0 2404 -999 0.0599575679959254 0.991133760186847 0.00886623981315295 -999
  2 1 49 3 0 6578 -999 0.0599575679959254 0.991133760186847 0.00886623981315295 -999
  2 1 49 3 0 4876 -999 0.0599575679959254 0.991133760186847 0.00886623981315295 -999
  2 1 49 3 0 5285 -999 0.0599575679959254 0.991133760186847 0.00886623981315295 -999
  2 1 49 3 0 5420 -999 0.0599575679959254 0.991133760186847 0.00886623981315295 -999
  2 1 49 3 0 412 -999 0.0599575679959254 0.991133760186847 0.00886623981315295 -999
  2 1 49 3 0 15260 -999 0.0599575679959254 0.991133760186847 0.00886623981315295 -999
  2 1 50 3 0 2453 -999 0.268518811416257 0.996139897718485 0.0038601022815146 -999
  2 1 50 3 0 7345 -999 0.268518811416257 0.996139897718485 0.0038601022815146 -999
  2 1 50 3 0 11453 -999 0.268518811416257 0.996139897718485 0.0038601022815146 -999
  2 1 50 3 0 3111 -999 0.268518811416257 0.996139897718485 0.0038601022815146 -999
  2 1 50 3 0 7550 -999 0.268518811416257 0.996139897718485 0.0038601022815146 -999
  2 1 50 3 0 5812 -999 0.268518811416257 0.996139897718485 0.0038601022815146 -999
  2 1 50 3 0 7369 -999 0.268518811416257 0.996139897718485 0.0038601022815146 -999
  2 1 50 3 0 5576 -999 0.268518811416257 0.996139897718485 0.0038601022815146 -999
  2 1 50 3 0 403 -999 0.268518811416257 0.996139897718485 0.0038601022815146 -999
  2 1 50 3 0 13965 -999 0.268518811416257 0.996139897718485 0.0038601022815146 -999
  2 1 51 3 0 2803 -999 0.00330272450491741 0.997453934825482 0.00254606517451801 -999
  2 1 51 3 0 3807 -999 0.00330272450491741 0.997453934825482 0.00254606517451801 -999
  2 1 51 3 0 5480 -999 0.00330272450491741 0.997453934825482 0.00254606517451801 -999
  2 1 51 3 0 1183 -999 0.00330272450491741 0.997453934825482 0.00254606517451801 -999
  2 1 51 3 0 6294 -999 0.00330272450491741 0.997453934825482 0.00254606517451801 -999
  2 1 51 3 0 5185 -999 0.00330272450491741 0.997453934825482 0.00254606517451801 -999
  2 1 51 3 0 5675 -999 0.00330272450491741 0.997453934825482 0.00254606517451801 -999
  2 1 51 3 0 4633 -999 0.00330272450491741 0.997453934825482 0.00254606517451801 -999
  2 1 51 3 0 409 -999 0.00330272450491741 0.997453934825482 0.00254606517451801 -999
  2 1 51 3 0 15256 -999 0.00330272450491741 0.997453934825482 0.00254606517451801 -999
  2 1 52 3 0 2608 -999 0.0112200703873626 0.99282221771954 0.00717778228045951 -999
  2 1 52 3 0 1879 -999 0.0112200703873626 0.99282221771954 0.00717778228045951 -999
  2 1 52 3 0 1826 -999 0.0112200703873626 0.99282221771954 0.00717778228045951 -999
  2 1 52 3 0 241 -999 0.0112200703873626 0.99282221771954 0.00717778228045951 -999
  2 1 52 3 0 3287 -999 0.0112200703873626 0.99282221771954 0.00717778228045951 -999
  2 1 52 3 0 3711 -999 0.0112200703873626 0.99282221771954 0.00717778228045951 -999
  2 1 52 3 0 8926 -999 0.0112200703873626 0.99282221771954 0.00717778228045951 -999
  2 1 52 3 0 4382 -999 0.0112200703873626 0.99282221771954 0.00717778228045951 -999
  2 1 52 3 0 564 -999 0.0112200703873626 0.99282221771954 0.00717778228045951 -999
  2 1 52 3 0 13201 -999 0.0112200703873626 0.99282221771954 0.00717778228045951 -999
# end fishery length observations 
#  
# Survey diet proportion observations 
# Number of observations, init_int Ndietprop_obs 
  695
# init_matrix obs_dietprop(1,Ndietprop_obs,1,ncol) 
# Survey  Year  Predator  Predator_size InpN  wt_prey_1 wt_prey_2 wt_prey_3 wt_prey_4 wt_prey_5 wt_prey_6 wt_prey_7 wt_prey_8 wt_prey_9 wt_prey_10 wt_prey_11 other 
  1 1973 1 2 100 -999 0.223650403043805 -999 -999 -999 -999 -999 -999 -999 -999 0.776349596956195
  1 1984 1 3 100 -999 -999 -999 -999 -999 0.263521691550698 -999 -999 -999 -999 0.736478308449302
  1 1986 1 2 100 -999 -999 -999 -999 -999 0.0114867857359387 -999 -999 -999 -999 0.988513214264061
  1 1987 1 2 100 -999 -999 -999 -999 -999 0.000348216234340663 -999 -999 -999 -999 0.999651783765659
  1 1988 1 3 100 -999 -999 -999 -999 -999 0.191448812228083 -999 -999 -999 -999 0.808551187771917
  1 1989 1 2 100 0.0227678322168666 -999 -999 -999 -999 -999 -999 -999 -999 -999 0.977232167783133
  1 1989 1 2 100 -999 -999 -999 -999 -999 0.00910713288674663 -999 -999 -999 -999 0.990892867113253
  1 1989 1 3 100 0.597708782998506 -999 -999 -999 -999 -999 -999 -999 -999 -999 0.402291217001494
  1 1990 1 2 100 -999 -999 -999 -999 -999 0.0241801814615145 -999 -999 -999 -999 0.975819818538486
  1 1990 1 3 100 -999 0.289057908524649 -999 -999 -999 -999 -999 -999 -999 -999 0.710942091475351
  1 1990 1 3 100 -999 -999 -999 -999 -999 0.295903134938117 -999 -999 -999 -999 0.704096865061883
  1 1990 1 4 100 -999 0.966708960183675 -999 -999 -999 -999 -999 -999 -999 -999 0.0332910398163252
  1 1990 1 4 100 -999 -999 -999 -999 -999 0.00453144825086098 -999 -999 -999 -999 0.995468551749139
  1 1991 1 1 100 -999 -999 -999 -999 -999 0.648584905660377 -999 -999 -999 -999 0.351415094339623
  1 1991 1 2 100 -999 -999 -999 -999 -999 0.0445034121265848 -999 -999 -999 -999 0.955496587873415
  1 1991 1 3 100 -999 -999 -999 -999 -999 0.0365674859853385 -999 -999 -999 -999 0.963432514014661
  1 1992 1 2 100 -999 0.0517601761138316 -999 -999 -999 -999 -999 -999 -999 -999 0.948239823886168
  1 1992 1 2 100 -999 -999 -999 -999 -999 0.0122969630524982 -999 -999 -999 -999 0.987703036947502
  1 1993 1 2 100 -999 -999 -999 -999 -999 0.545956659472128 -999 -999 -999 -999 0.454043340527872
  1 1993 1 3 100 -999 -999 -999 -999 -999 0.748399876199319 -999 -999 -999 -999 0.251600123800681
  1 1995 1 1 100 0.46065808297568 -999 -999 -999 -999 -999 -999 -999 -999 -999 0.53934191702432
  1 1995 1 2 100 -999 0.156379755615381 -999 -999 -999 -999 -999 -999 -999 -999 0.843620244384619
  1 1995 1 2 100 0.0258478934901456 -999 -999 -999 -999 -999 -999 -999 -999 -999 0.974152106509854
  1 1995 1 2 100 -999 -999 -999 -999 -999 0.0604840707669408 -999 -999 -999 -999 0.939515929233059
  1 1995 1 3 100 -999 0.0228060754571817 -999 -999 -999 -999 -999 -999 -999 -999 0.977193924542818
  1 1996 1 2 100 -999 0.149863850706139 -999 -999 -999 -999 -999 -999 -999 -999 0.850136149293861
  1 1996 1 3 100 -999 0.188929703205322 -999 -999 -999 -999 -999 -999 -999 -999 0.811070296794678
  1 1996 1 3 100 -999 -999 -999 -999 -999 0.0823157519349022 -999 -999 -999 -999 0.917684248065098
  1 1997 1 3 100 -999 0.103515791750555 -999 -999 -999 -999 -999 -999 -999 -999 0.896484208249446
  1 1998 1 2 100 -999 0.0526252328636213 -999 -999 -999 -999 -999 -999 -999 -999 0.947374767136379
  1 1998 1 3 100 -999 0.236328828272172 -999 -999 -999 -999 -999 -999 -999 -999 0.763671171727828
  1 1998 1 3 100 -999 -999 -999 -999 -999 0.0891526544880876 -999 -999 -999 -999 0.910847345511912
  1 1998 1 3 100 -999 -999 0.00074293878740073 -999 -999 -999 -999 -999 -999 -999 0.999257061212599
  1 1999 1 2 100 -999 -999 -999 -999 -999 0.324126892928961 -999 -999 -999 -999 0.675873107071039
  1 2001 1 2 100 -999 0.326426100522282 -999 -999 -999 -999 -999 -999 -999 -999 0.673573899477718
  1 2001 1 2 100 -999 -999 -999 -999 -999 0.169741572271587 -999 -999 -999 -999 0.830258427728414
  1 2002 1 3 100 -999 0.334718859722369 -999 -999 -999 -999 -999 -999 -999 -999 0.665281140277631
  1 2002 1 3 100 -999 -999 -999 -999 -999 0.0109544354090957 -999 -999 -999 -999 0.989045564590904
  1 2002 1 4 100 -999 -999 -999 -999 -999 0.738903183582719 -999 -999 -999 -999 0.261096816417281
  1 2003 1 2 100 -999 -999 0.639393939393939 -999 -999 -999 -999 -999 -999 -999 0.360606060606061
  1 2003 1 3 100 -999 0.353265146909653 -999 -999 -999 -999 -999 -999 -999 -999 0.646734853090347
  1 2003 1 3 100 -999 -999 0.10229685721322 -999 -999 -999 -999 -999 -999 -999 0.89770314278678
  1 2004 1 2 100 -999 -999 -999 -999 -999 0.00826384193524153 -999 -999 -999 -999 0.991736158064758
  1 2004 1 3 100 -999 0.29071845585607 -999 -999 -999 -999 -999 -999 -999 -999 0.70928154414393
  1 2004 1 3 100 -999 -999 -999 -999 0.154890980579054 -999 -999 -999 -999 -999 0.845109019420946
  1 2004 1 3 100 -999 -999 0.16299297033242 -999 -999 -999 -999 -999 -999 -999 0.83700702966758
  1 2005 1 3 100 -999 0.751263488594454 -999 -999 -999 -999 -999 -999 -999 -999 0.248736511405546
  1 2007 1 2 100 -999 -999 -999 -999 -999 0.245776331778449 -999 -999 -999 -999 0.754223668221552
  1 2008 1 2 100 -999 -999 -999 -999 -999 0.00900771569790328 -999 -999 -999 -999 0.990992284302097
  2 1973 1 3 100 -999 0.683944823663254 -999 -999 -999 -999 -999 -999 -999 -999 0.316055176336746
  2 1974 1 2 100 -999 -999 0.0632720401151791 -999 -999 -999 -999 -999 -999 -999 0.936727959884821
  2 1974 1 3 100 -999 -999 -999 -999 -999 0.012480460920589 -999 -999 -999 -999 0.987519539079411
  2 1974 1 3 100 -999 -999 0.582090083804528 -999 -999 -999 -999 -999 -999 -999 0.417909916195472
  2 1974 1 4 100 -999 -999 0.199532292454777 -999 -999 -999 -999 -999 -999 -999 0.800467707545223
  2 1979 1 4 100 1 -999 -999 -999 -999 -999 -999 -999 -999 -999 0
  2 1985 1 2 100 -999 -999 -999 -999 -999 -999 -999 -999 -999 0.00232137964722654 0.997678620352773
  2 1986 1 3 100 -999 -999 -999 -999 -999 0.0273204022476488 -999 -999 -999 -999 0.972679597752351
  2 1986 1 4 100 -999 -999 -999 -999 0.701398120253038 -999 -999 -999 -999 -999 0.298601879746962
  2 1986 1 5 100 -999 -999 -999 -999 0.823529411764706 -999 -999 -999 -999 -999 0.176470588235294
  2 1987 1 2 100 -999 -999 -999 -999 -999 0.00952014140844068 -999 -999 -999 -999 0.990479858591559
  2 1987 1 3 100 -999 -999 -999 -999 -999 0.00482315623557167 -999 -999 -999 -999 0.995176843764428
  2 1988 1 3 100 -999 0.0747349174689903 -999 -999 -999 -999 -999 -999 -999 -999 0.92526508253101
  2 1989 1 2 100 -999 -999 -999 -999 -999 0.0244151800511333 -999 -999 -999 -999 0.975584819948867
  2 1990 1 3 100 -999 -999 -999 -999 -999 -999 -999 -999 -999 0.0033698691832058 0.996630130816794
  2 1991 1 3 100 -999 0.03641413609436 -999 -999 -999 -999 -999 -999 -999 -999 0.96358586390564
  2 1991 1 3 100 -999 -999 -999 -999 -999 0.016768122346677 -999 -999 -999 -999 0.983231877653323
  2 1991 1 4 100 -999 -999 -999 -999 -999 -999 0.0195847969874117 -999 -999 -999 0.980415203012588
  2 1992 1 3 100 -999 0.124341088984284 -999 -999 -999 -999 -999 -999 -999 -999 0.875658911015716
  2 1992 1 4 100 -999 -999 -999 -999 -999 0.087378640776699 -999 -999 -999 -999 0.912621359223301
  2 1992 1 4 100 -999 -999 -999 -999 -999 -999 -999 -999 -999 0.087378640776699 0.912621359223301
  2 1993 1 2 100 -999 -999 -999 -999 -999 0.0912562962518717 -999 -999 -999 -999 0.908743703748128
  2 1993 1 3 100 -999 0.58267151417246 -999 -999 -999 -999 -999 -999 -999 -999 0.41732848582754
  2 1993 1 4 100 -999 -999 -999 -999 -999 0.0310438494373302 -999 -999 -999 -999 0.96895615056267
  2 1996 1 3 100 -999 0.142577102943927 -999 -999 -999 -999 -999 -999 -999 -999 0.857422897056073
  2 1996 1 3 100 -999 -999 -999 -999 0.027786037114529 -999 -999 -999 -999 -999 0.972213962885471
  2 1996 1 3 100 -999 -999 0.012503716701538 -999 -999 -999 -999 -999 -999 -999 0.987496283298462
  2 1996 1 4 100 -999 0.409269662921348 -999 -999 -999 -999 -999 -999 -999 -999 0.590730337078652
  2 1996 1 4 100 -999 -999 -999 -999 0.112359550561798 -999 -999 -999 -999 -999 0.887640449438202
  2 1996 1 4 100 -999 -999 -999 -999 -999 0.0898876404494382 -999 -999 -999 -999 0.910112359550562
  2 1997 1 3 100 -999 -999 -999 -999 -999 0.0945086094897952 -999 -999 -999 -999 0.905491390510205
  2 1998 1 2 100 -999 0.0748183905535062 -999 -999 -999 -999 -999 -999 -999 -999 0.925181609446494
  2 1998 1 2 100 -999 -999 -999 -999 -999 0.0364313832585581 -999 -999 -999 -999 0.963568616741442
  2 1998 1 3 100 -999 0.20099335684486 -999 -999 -999 -999 -999 -999 -999 -999 0.79900664315514
  2 1998 1 3 100 -999 -999 -999 -999 -999 0.127403546912068 -999 -999 -999 -999 0.872596453087932
  2 1998 1 3 100 -999 -999 0.0904184873980426 -999 -999 -999 -999 -999 -999 -999 0.909581512601957
  2 1998 1 4 100 -999 -999 -999 -999 -999 0.0252986647926915 -999 -999 -999 -999 0.974701335207309
  2 1998 1 4 100 -999 -999 0.156008432888264 -999 -999 -999 -999 -999 -999 -999 0.843991567111736
  2 1999 1 2 100 -999 -999 -999 -999 -999 0.0755523830258333 -999 -999 -999 -999 0.924447616974167
  2 1999 1 3 100 -999 0.283785801088123 -999 -999 -999 -999 -999 -999 -999 -999 0.716214198911877
  2 2000 1 3 100 -999 0.193395413434372 -999 -999 -999 -999 -999 -999 -999 -999 0.806604586565628
  2 2000 1 3 100 -999 -999 -999 -999 -999 0.00108504463604298 -999 -999 -999 -999 0.998914955363957
  2 2000 1 3 100 -999 -999 0.0601109473914366 -999 -999 -999 -999 -999 -999 -999 0.939889052608563
  2 2001 1 2 100 -999 -999 0.164952214765656 -999 -999 -999 -999 -999 -999 -999 0.835047785234344
  2 2001 1 3 100 -999 0.160750372077876 -999 -999 -999 -999 -999 -999 -999 -999 0.839249627922124
  2 2001 1 3 100 -999 -999 -999 -999 -999 0.124623546297308 -999 -999 -999 -999 0.875376453702692
  2 2001 1 4 100 -999 0.941176470588235 -999 -999 -999 -999 -999 -999 -999 -999 0.0588235294117647
  2 2002 1 2 100 -999 0.0316898038245727 -999 -999 -999 -999 -999 -999 -999 -999 0.968310196175427
  2 2002 1 3 100 -999 0.0992742708475969 -999 -999 -999 -999 -999 -999 -999 -999 0.900725729152403
  2 2003 1 3 100 -999 0.135483075650998 -999 -999 -999 -999 -999 -999 -999 -999 0.864516924349002
  2 2003 1 3 100 -999 -999 -999 -999 -999 0.129324754030498 -999 -999 -999 -999 0.870675245969502
  2 2004 1 2 100 -999 -999 -999 -999 0.360217065868263 -999 -999 -999 -999 -999 0.639782934131736
  2 2004 1 3 100 -999 0.0428901377912573 -999 -999 -999 -999 -999 -999 -999 -999 0.957109862208743
  2 2004 1 3 100 0.0111009768400901 -999 -999 -999 -999 -999 -999 -999 -999 -999 0.98889902315991
  2 2004 1 3 100 -999 -999 -999 -999 0.308808992097053 -999 -999 -999 -999 -999 0.691191007902948
  2 2004 1 4 100 -999 0.123076923076923 -999 -999 -999 -999 -999 -999 -999 -999 0.876923076923077
  2 2005 1 3 100 -999 -999 -999 -999 0.651361860978445 -999 -999 -999 -999 -999 0.348638139021555
  2 2006 1 3 100 -999 0.125482706330897 -999 -999 -999 -999 -999 -999 -999 -999 0.874517293669103
  2 2006 1 3 100 -999 -999 -999 -999 0.136508383456206 -999 -999 -999 -999 -999 0.863491616543794
  2 2007 1 3 100 -999 -999 -999 -999 0.0257134316639286 -999 -999 -999 -999 -999 0.974286568336071
  4 1993 1 2 100 -999 -999 -999 -999 -999 0.421686746987952 -999 -999 -999 -999 0.578313253012048
  4 1995 1 2 100 -999 -999 -999 -999 -999 0.434172316083169 -999 -999 -999 -999 0.565827683916831
  4 1995 1 3 100 -999 0.105984723467996 -999 -999 -999 -999 -999 -999 -999 -999 0.894015276532004
  4 1995 1 3 100 -999 -999 -999 -999 -999 0.342856596030868 -999 -999 -999 -999 0.657143403969132
  4 1995 1 4 100 -999 0.471540256004649 -999 -999 -999 -999 -999 -999 -999 -999 0.528459743995351
  4 1995 1 4 100 -999 -999 -999 -999 -999 0.227762840636208 -999 -999 -999 -999 0.772237159363792
  4 1997 1 3 100 -999 -999 -999 -999 -999 0.0136718264494799 -999 -999 -999 -999 0.98632817355052
  4 1998 1 2 100 -999 0.114462015072055 -999 -999 -999 -999 -999 -999 -999 -999 0.885537984927945
  4 1998 1 3 100 -999 0.187092431323396 -999 -999 -999 -999 -999 -999 -999 -999 0.812907568676604
  4 1998 1 3 100 -999 -999 -999 -999 -999 0.0257527228998086 -999 -999 -999 -999 0.974247277100191
  4 1999 1 2 100 -999 -999 -999 -999 -999 0.112865142720535 -999 -999 -999 -999 0.887134857279466
  4 1999 1 2 100 -999 -999 -999 -999 -999 -999 -999 -999 -999 0.00276630251766016 0.99723369748234
  4 1999 1 3 100 -999 0.231991872977369 -999 -999 -999 -999 -999 -999 -999 -999 0.768008127022631
  4 2001 1 3 100 -999 0.392985761724361 -999 -999 -999 -999 -999 -999 -999 -999 0.607014238275639
  4 2001 1 3 100 0.0705566357313235 -999 -999 -999 -999 -999 -999 -999 -999 -999 0.929443364268676
  4 2001 1 3 100 -999 -999 -999 -999 -999 0.0955454442195006 -999 -999 -999 -999 0.904454555780499
  4 2001 1 4 100 -999 0.9 -999 -999 -999 -999 -999 -999 -999 -999 0.1
  4 2004 1 2 100 -999 0.459770114942529 -999 -999 -999 -999 -999 -999 -999 -999 0.540229885057471
  4 2004 1 3 100 -999 1 -999 -999 -999 -999 -999 -999 -999 -999 0
  5 2009 1 2 100 -999 -999 -999 -999 -999 0.000364547732968786 -999 -999 -999 -999 0.999635452267031
  5 2009 1 3 100 -999 -999 -999 -999 -999 0.00464037122969838 -999 -999 -999 -999 0.995359628770302
  5 2010 1 2 100 -999 0.197167951245743 -999 -999 -999 -999 -999 -999 -999 -999 0.802832048754257
  5 2010 1 2 100 -999 -999 -999 -999 0.0591503853737229 -999 -999 -999 -999 -999 0.940849614626277
  5 2010 1 3 100 -999 -999 -999 -999 -999 0.297805642633229 -999 -999 -999 -999 0.702194357366771
  5 2011 1 3 100 -999 0.325426895728448 -999 -999 -999 -999 -999 -999 -999 -999 0.674573104271552
  5 2012 1 2 100 -999 -999 -999 -999 -999 0.833333333333333 -999 -999 -999 -999 0.166666666666667
  5 2012 1 3 100 -999 0.378947368421053 -999 -999 -999 -999 -999 -999 -999 -999 0.621052631578947
  5 2013 1 3 100 -999 -999 -999 -999 0.403966213734851 -999 -999 -999 -999 -999 0.596033786265149
  5 2015 1 3 100 -999 0.0981066687052468 -999 -999 -999 -999 -999 -999 -999 -999 0.901893331294753
  5 2015 1 3 100 -999 -999 -999 -999 0.341971816629717 -999 -999 -999 -999 -999 0.658028183370283
  5 2016 1 3 100 -999 0.395748530076888 -999 -999 -999 -999 -999 -999 -999 -999 0.604251469923112
  5 2016 1 3 100 -999 -999 -999 -999 0.158299412030755 -999 -999 -999 -999 -999 0.841700587969245
  5 2017 1 2 100 -999 0.169252468265162 -999 -999 -999 -999 -999 -999 -999 -999 0.830747531734838
  5 2018 1 2 100 -999 -999 -999 -999 0.195428165344072 -999 -999 -999 -999 -999 0.804571834655928
  5 2018 1 2 100 -999 -999 0.508113229894587 -999 -999 -999 -999 -999 -999 -999 0.491886770105413
  5 2018 1 3 100 -999 -999 -999 -999 0.401529636711281 -999 -999 -999 -999 -999 0.598470363288719
  5 2018 1 3 100 -999 -999 -999 -999 -999 0.0017208413001912 -999 -999 -999 -999 0.998279158699809
  6 2009 1 3 100 -999 -999 -999 -999 -999 -999 -999 -999 -999 0.205070434858693 0.794929565141307
  6 2010 1 3 100 -999 0.0470875646356045 -999 -999 -999 -999 -999 -999 -999 -999 0.952912435364396
  6 2010 1 3 100 -999 -999 -999 -999 -999 0.175569348141325 -999 -999 -999 -999 0.824430651858675
  6 2011 1 2 100 -999 -999 -999 -999 -999 0.313413449164091 -999 -999 -999 -999 0.686586550835909
  6 2011 1 3 100 -999 -999 -999 -999 -999 0.0420748237845653 -999 -999 -999 -999 0.957925176215435
  6 2012 1 1 100 -999 0.8 -999 -999 -999 -999 -999 -999 -999 -999 0.2
  6 2012 1 2 100 -999 0.249076256807954 -999 -999 -999 -999 -999 -999 -999 -999 0.750923743192046
  6 2012 1 3 100 -999 0.0557519732107189 -999 -999 -999 -999 -999 -999 -999 -999 0.944248026789281
  6 2012 1 3 100 -999 -999 -999 -999 0.372423181047602 -999 -999 -999 -999 -999 0.627576818952398
  6 2012 1 3 100 -999 -999 0.100353551779294 -999 -999 -999 -999 -999 -999 -999 0.899646448220706
  6 2013 1 3 100 -999 0.449496492521813 -999 -999 -999 -999 -999 -999 -999 -999 0.550503507478187
  6 2014 1 2 100 -999 -999 -999 -999 0.111513753282529 -999 -999 -999 -999 -999 0.888486246717471
  6 2015 1 2 100 -999 -999 -999 -999 -999 0.18237285372616 -999 -999 -999 -999 0.81762714627384
  6 2015 1 3 100 -999 -999 -999 -999 -999 0.50192404216162 -999 -999 -999 -999 0.49807595783838
  6 2016 1 3 100 -999 -999 0.216932463715644 -999 -999 -999 -999 -999 -999 -999 0.783067536284356
  6 2017 1 2 100 -999 -999 -999 -999 -999 0.00936529250675227 -999 -999 -999 -999 0.990634707493248
  6 2017 1 2 100 -999 -999 0.0998964534053576 -999 -999 -999 -999 -999 -999 -999 0.900103546594642
  6 2017 1 3 100 -999 -999 -999 -999 0.31983133420071 -999 -999 -999 -999 -999 0.68016866579929
  6 2017 1 3 100 -999 -999 -999 -999 -999 0.165838469585553 -999 -999 -999 -999 0.834161530414447
  6 2018 1 2 100 -999 -999 -999 -999 -999 0.445344129554656 -999 -999 -999 -999 0.554655870445344
  6 2018 1 3 100 -999 -999 -999 -999 -999 0.110764071541294 -999 -999 -999 -999 0.889235928458706
  6 2019 1 2 100 -999 -999 -999 -999 -999 0.0667986484036178 -999 -999 -999 -999 0.933201351596382
  1 1995 2 3 100 -999 -999 -999 -999 -999 0.215694877439659 -999 -999 -999 -999 0.784305122560341
  1 1997 2 3 100 -999 -999 -999 -999 -999 0.133904893271642 -999 -999 -999 -999 0.866095106728358
  1 2003 2 3 100 -999 -999 -999 -999 -999 0.341692789968652 -999 -999 -999 -999 0.658307210031348
  6 2013 2 3 100 -999 0.0600201237565381 -999 -999 -999 -999 -999 -999 -999 -999 0.939979876243462
  1 1988 3 3 100 -999 -999 -999 -999 -999 0.993377483443709 -999 -999 -999 -999 0.00662251655629131
  1 1990 3 3 100 -999 -999 -999 -999 -999 1 -999 -999 -999 -999 0
  1 1997 3 3 100 -999 -999 -999 -999 -999 0.163873091660632 -999 -999 -999 -999 0.836126908339368
  1 2000 3 3 100 -999 -999 -999 -999 -999 0.69375120913136 -999 -999 -999 -999 0.30624879086864
  1 2003 3 2 100 -999 -999 -999 -999 -999 0.0473327668041914 -999 -999 -999 -999 0.952667233195809
  2 2007 3 2 100 -999 0.25 -999 -999 -999 -999 -999 -999 -999 -999 0.75
  2 2007 3 4 100 -999 1 -999 -999 -999 -999 -999 -999 -999 -999 0
  1 1980 4 1 100 -999 -999 -999 -999 -999 -999 -999 -999 -999 0.568345323741007 0.431654676258993
  1 1980 4 4 100 -999 -999 -999 -999 0.414032625855113 -999 -999 -999 -999 -999 0.585967374144887
  1 1982 4 5 100 1 -999 -999 -999 -999 -999 -999 -999 -999 -999 0
  1 1988 4 4 100 -999 0.666666666666667 -999 -999 -999 -999 -999 -999 -999 -999 0.333333333333333
  1 1988 4 4 100 -999 -999 -999 -999 -999 0.244444444444444 -999 -999 -999 -999 0.755555555555556
  1 1995 4 2 100 -999 1 -999 -999 -999 -999 -999 -999 -999 -999 0
  1 1996 4 3 100 -999 -999 0.949937071738219 -999 -999 -999 -999 -999 -999 -999 0.0500629282617815
  1 1997 4 3 100 0.803212851405622 -999 -999 -999 -999 -999 -999 -999 -999 -999 0.196787148594378
  1 1998 4 4 100 -999 -999 0.576923076923077 -999 -999 -999 -999 -999 -999 -999 0.423076923076923
  1 2000 4 1 100 -999 -999 1 -999 -999 -999 -999 -999 -999 -999 0
  1 2000 4 2 100 -999 -999 0.405357142857143 -999 -999 -999 -999 -999 -999 -999 0.594642857142857
  1 2000 4 3 100 -999 -999 0.163198694410445 -999 -999 -999 -999 -999 -999 -999 0.836801305589555
  1 2001 4 3 100 -999 -999 -999 -999 -999 0.327272727272727 -999 -999 -999 -999 0.672727272727273
  1 2001 4 3 100 -999 -999 0.545454545454545 -999 -999 -999 -999 -999 -999 -999 0.454545454545455
  1 2002 4 2 100 -999 -999 -999 -999 -999 0.616470588235294 -999 -999 -999 -999 0.383529411764706
  1 2002 4 3 100 -999 0.131795716639209 -999 -999 -999 -999 -999 -999 -999 -999 0.868204283360791
  1 2002 4 3 100 -999 -999 -999 -999 -999 0.200988467874794 -999 -999 -999 -999 0.799011532125206
  1 2002 4 4 100 -999 0.7 -999 -999 -999 -999 -999 -999 -999 -999 0.3
  1 2003 4 3 100 -999 -999 -999 -999 0.0340651021953066 -999 -999 -999 -999 -999 0.965934897804693
  1 2003 4 3 100 -999 -999 -999 -999 -999 0.719152157456472 -999 -999 -999 -999 0.280847842543528
  1 2004 4 2 100 -999 -999 -999 -999 0.6 -999 -999 -999 -999 -999 0.4
  1 2004 4 4 100 -999 0.0533333333333333 -999 -999 -999 -999 -999 -999 -999 -999 0.946666666666667
  1 2004 4 4 100 0.48 -999 -999 -999 -999 -999 -999 -999 -999 -999 0.52
  1 2004 4 4 100 -999 -999 -999 -999 -999 0.0933333333333333 -999 -999 -999 -999 0.906666666666667
  1 2005 4 3 100 -999 -999 -999 -999 -999 0.736929549535064 -999 -999 -999 -999 0.263070450464936
  1 2007 4 3 100 -999 0.71569283042056 -999 -999 -999 -999 -999 -999 -999 -999 0.28430716957944
  1 2007 4 3 100 -999 -999 -999 -999 -999 0.214707849126168 -999 -999 -999 -999 0.785292150873832
  2 1982 4 3 100 -999 -999 -999 -999 -999 1 -999 -999 -999 -999 0
  2 1984 4 3 100 0.95 -999 -999 -999 -999 -999 -999 -999 -999 -999 0.05
  2 1986 4 3 100 -999 -999 -999 -999 -999 0.5 -999 -999 -999 -999 0.5
  2 1988 4 3 100 -999 -999 -999 -999 -999 -999 1 -999 -999 -999 0
  2 1994 4 3 100 -999 -999 -999 -999 -999 1 -999 -999 -999 -999 0
  2 1996 4 3 100 -999 -999 -999 -999 -999 1 -999 -999 -999 -999 0
  2 1997 4 4 100 -999 0.5 -999 -999 -999 -999 -999 -999 -999 -999 0.5
  2 1999 4 3 100 -999 -999 -999 -999 -999 -999 -999 -999 -999 1 0
  2 1999 4 4 100 -999 -999 -999 -999 -999 0.539993199455956 -999 -999 -999 -999 0.460006800544044
  2 2005 4 3 100 -999 -999 -999 -999 1 -999 -999 -999 -999 -999 0
  2 2006 4 3 100 -999 -999 -999 -999 -999 1 -999 -999 -999 -999 0
  4 1993 4 2 100 -999 0.407071563702786 -999 -999 -999 -999 -999 -999 -999 -999 0.592928436297214
  4 1993 4 3 100 -999 0.642857142857143 -999 -999 -999 -999 -999 -999 -999 -999 0.357142857142857
  4 1994 4 2 100 -999 -999 -999 -999 -999 0.376175548589342 -999 -999 -999 -999 0.623824451410658
  4 1995 4 2 100 -999 -999 -999 -999 -999 0.134680134680135 -999 -999 -999 -999 0.865319865319865
  4 1995 4 4 100 -999 -999 -999 -999 -999 0.0576923076923077 -999 -999 -999 -999 0.942307692307692
  4 1996 4 2 100 -999 0.193673337637185 -999 -999 -999 -999 -999 -999 -999 -999 0.806326662362815
  4 1996 4 2 100 -999 -999 -999 -999 -999 0.296965784377017 -999 -999 -999 -999 0.703034215622983
  4 1996 4 2 100 -999 -999 0.103292446739832 -999 -999 -999 -999 -999 -999 -999 0.896707553260168
  4 1996 4 3 100 -999 -999 -999 -999 -999 0.460918614020951 -999 -999 -999 -999 0.539081385979049
  4 1996 4 5 100 -999 -999 -999 0.6 -999 -999 -999 -999 -999 -999 0.4
  4 1997 4 2 100 -999 -999 -999 -999 -999 0.440881763527054 -999 -999 -999 -999 0.559118236472946
  4 1997 4 3 100 -999 -999 -999 -999 -999 -999 0.0352609308885755 -999 -999 -999 0.964739069111425
  4 1997 4 3 100 -999 -999 -999 -999 -999 0.846262341325811 -999 -999 -999 -999 0.153737658674189
  4 1997 4 4 100 -999 -999 -999 -999 -999 1 -999 -999 -999 -999 0
  4 1999 4 2 100 -999 -999 -999 -999 -999 0.185375901132853 -999 -999 -999 -999 0.814624098867147
  4 1999 4 3 100 -999 0.145833333333333 -999 -999 -999 -999 -999 -999 -999 -999 0.854166666666667
  4 1999 4 3 100 -999 -999 -999 -999 -999 0.231481481481481 -999 -999 -999 -999 0.768518518518518
  4 2001 4 1 100 -999 -999 -999 -999 -999 0.36144578313253 -999 -999 -999 -999 0.63855421686747
  4 2004 4 2 100 -999 -999 -999 -999 -999 0.117212936835251 -999 -999 -999 -999 0.882787063164749
  4 2004 4 3 100 -999 0.848484848484849 -999 -999 -999 -999 -999 -999 -999 -999 0.151515151515151
  5 2009 4 2 100 -999 -999 -999 -999 -999 0.166666666666667 -999 -999 -999 -999 0.833333333333333
  5 2009 4 3 100 -999 0.0604838709677419 -999 -999 -999 -999 -999 -999 -999 -999 0.939516129032258
  5 2009 4 3 100 -999 -999 -999 -999 -999 0.129032258064516 -999 -999 -999 -999 0.870967741935484
  5 2009 4 4 100 -999 -999 -999 -999 -999 -999 1 -999 -999 -999 0
  5 2010 4 2 100 -999 0.0795007114410257 -999 -999 -999 -999 -999 -999 -999 -999 0.920499288558974
  5 2010 4 3 100 -999 -999 -999 -999 0.0599812558575445 -999 -999 -999 -999 -999 0.940018744142455
  5 2011 4 1 100 -999 -999 -999 -999 -999 0.484193677470988 -999 -999 -999 -999 0.515806322529011
  5 2011 4 2 100 -999 -999 -999 -999 0.649350649350649 -999 -999 -999 -999 -999 0.350649350649351
  5 2011 4 2 100 -999 -999 -999 -999 -999 0.346320346320346 -999 -999 -999 -999 0.653679653679654
  5 2011 4 3 100 -999 -999 -999 -999 -999 0.0608167485639682 -999 -999 -999 -999 0.939183251436032
  5 2011 4 3 100 -999 -999 -999 -999 -999 -999 -999 -999 -999 0.12323393787962 0.87676606212038
  5 2012 4 2 100 -999 -999 -999 -999 -999 0.8 -999 -999 -999 -999 0.2
  5 2012 4 3 100 -999 -999 -999 -999 -999 -999 0.157272419660006 -999 -999 -999 0.842727580339994
  5 2012 4 3 100 -999 -999 -999 -999 -999 0.247966181663942 -999 -999 -999 -999 0.752033818336058
  5 2013 4 1 100 -999 -999 -999 0.512589928057554 -999 -999 -999 -999 -999 -999 0.487410071942446
  5 2013 4 1 100 -999 -999 -999 -999 -999 0.419064748201439 -999 -999 -999 -999 0.580935251798561
  5 2013 4 3 100 -999 -999 -999 -999 0.310033821871477 -999 -999 -999 -999 -999 0.689966178128523
  5 2013 4 3 100 -999 -999 -999 -999 -999 0.0777903043968433 -999 -999 -999 -999 0.922209695603157
  5 2014 4 2 100 -999 -999 -999 -999 0.436183395291202 -999 -999 -999 -999 -999 0.563816604708798
  5 2014 4 2 100 -999 -999 -999 -999 -999 0.272614622057001 -999 -999 -999 -999 0.727385377942999
  5 2014 4 3 100 -999 -999 -999 -999 0.877572964669739 -999 -999 -999 -999 -999 0.122427035330261
  5 2014 4 4 100 -999 -999 -999 -999 1 -999 -999 -999 -999 -999 0
  5 2015 4 2 100 -999 -999 -999 -999 -999 0.789715335169881 -999 -999 -999 -999 0.210284664830119
  5 2015 4 3 100 -999 -999 -999 -999 0.713375796178344 -999 -999 -999 -999 -999 0.286624203821656
  5 2016 4 2 100 -999 -999 -999 -999 0.542287467134093 -999 -999 -999 -999 -999 0.457712532865907
  5 2016 4 2 100 -999 -999 -999 -999 -999 0.0278096136991842 -999 -999 -999 -999 0.972190386300816
  5 2016 4 3 100 -999 0.0971567740679738 -999 -999 -999 -999 -999 -999 -999 -999 0.902843225932026
  5 2016 4 3 100 -999 -999 -999 0.17272315389862 -999 -999 -999 -999 -999 -999 0.82727684610138
  5 2016 4 3 100 -999 -999 -999 -999 0.154371318796892 -999 -999 -999 -999 -999 0.845628681203108
  5 2016 4 3 100 -999 -999 -999 -999 -999 0.0390001030450634 -999 -999 -999 -999 0.960999896954937
  5 2016 4 3 100 -999 -999 0.323855913559913 -999 -999 -999 -999 -999 -999 -999 0.676144086440087
  5 2017 4 1 100 -999 -999 -999 -999 -999 0.793269230769231 -999 -999 -999 -999 0.206730769230769
  5 2017 4 2 100 -999 -999 -999 -999 -999 0.642857142857143 -999 -999 -999 -999 0.357142857142857
  5 2017 4 3 100 -999 -999 -999 -999 0.196338290875178 -999 -999 -999 -999 -999 0.803661709124822
  5 2018 4 2 100 -999 -999 -999 -999 -999 0.3125 -999 -999 -999 -999 0.6875
  5 2018 4 3 100 -999 -999 -999 -999 0.101954120645709 -999 -999 -999 -999 -999 0.898045879354291
  5 2018 4 3 100 -999 -999 -999 -999 -999 0.11214953271028 -999 -999 -999 -999 0.88785046728972
  5 2019 4 2 100 -999 -999 -999 -999 -999 0.412541254125413 -999 -999 -999 -999 0.587458745874587
  5 2019 4 3 100 -999 -999 -999 -999 0.0500876533934385 -999 -999 -999 -999 -999 0.949912346606562
  5 2019 4 3 100 -999 -999 -999 -999 -999 0.368144252441773 -999 -999 -999 -999 0.631855747558227
  6 2009 4 2 100 -999 -999 -999 -999 -999 0.334883720930233 -999 -999 -999 -999 0.665116279069767
  6 2010 4 4 100 -999 -999 -999 -999 1 -999 -999 -999 -999 -999 0
  6 2011 4 2 100 -999 0.168195718654434 -999 -999 -999 -999 -999 -999 -999 -999 0.831804281345566
  6 2011 4 4 100 -999 -999 -999 -999 -999 1 -999 -999 -999 -999 0
  6 2012 4 2 100 -999 0.384615384615385 -999 -999 -999 -999 -999 -999 -999 -999 0.615384615384615
  6 2012 4 2 100 -999 -999 -999 -999 -999 0.192307692307692 -999 -999 -999 -999 0.807692307692308
  6 2012 4 3 100 -999 -999 -999 -999 -999 1 -999 -999 -999 -999 0
  6 2013 4 3 100 -999 0.4375 -999 -999 -999 -999 -999 -999 -999 -999 0.5625
  6 2013 4 3 100 -999 -999 -999 -999 -999 0.136363636363636 -999 -999 -999 -999 0.863636363636364
  6 2014 4 2 100 -999 -999 -999 -999 -999 1 -999 -999 -999 -999 0
  6 2016 4 2 100 -999 -999 -999 -999 0.109749455337691 -999 -999 -999 -999 -999 0.890250544662309
  6 2016 4 2 100 -999 -999 -999 -999 -999 0.225127087872186 -999 -999 -999 -999 0.774872912127814
  6 2016 4 2 100 -999 -999 0.0844226579520697 -999 -999 -999 -999 -999 -999 -999 0.91557734204793
  6 2016 4 3 100 -999 -999 -999 -999 0.598991172761665 -999 -999 -999 -999 -999 0.401008827238335
  6 2016 4 3 100 -999 -999 -999 -999 -999 0.299495586380832 -999 -999 -999 -999 0.700504413619168
  6 2017 4 2 100 -999 -999 -999 -999 0.371747211895911 -999 -999 -999 -999 -999 0.628252788104089
  6 2017 4 2 100 -999 -999 -999 -999 -999 0.139405204460967 -999 -999 -999 -999 0.860594795539033
  6 2017 4 2 100 -999 -999 0.16728624535316 -999 -999 -999 -999 -999 -999 -999 0.83271375464684
  6 2017 4 3 100 -999 -999 -999 -999 0.037833787216932 -999 -999 -999 -999 -999 0.962166212783068
  6 2018 4 3 100 -999 -999 -999 -999 0.111607142857143 -999 -999 -999 -999 -999 0.888392857142857
  6 2018 4 3 100 -999 -999 -999 -999 -999 0.00364583333333333 -999 -999 -999 -999 0.996354166666667
  6 2019 4 2 100 -999 -999 -999 -999 -999 0.402809201836182 -999 -999 -999 -999 0.597190798163818
  1 1989 5 3 100 -999 -999 -999 -999 -999 0.425020048115477 -999 -999 -999 -999 0.574979951884523
  1 1999 5 2 100 -999 -999 -999 -999 -999 0.155723168909004 -999 -999 -999 -999 0.844276831090996
  1 2004 5 3 100 -999 0.438200336278642 -999 -999 -999 -999 -999 -999 -999 -999 0.561799663721358
  2 2000 5 4 100 -999 -999 0.679024266914728 -999 -999 -999 -999 -999 -999 -999 0.320975733085272
  2 2000 5 5 100 -999 -999 0.7 -999 -999 -999 -999 -999 -999 -999 0.3
  2 2004 5 3 100 -999 0.129469938754921 -999 -999 -999 -999 -999 -999 -999 -999 0.870530061245079
  5 2009 5 3 100 -999 -999 -999 -999 -999 0.0302431419511389 -999 -999 -999 -999 0.969756858048861
  5 2010 5 3 100 -999 0.077312073370612 -999 -999 -999 -999 -999 -999 -999 -999 0.922687926629388
  5 2010 5 3 100 -999 -999 -999 -999 0.187095217556881 -999 -999 -999 -999 -999 0.812904782443119
  5 2010 5 3 100 -999 -999 -999 -999 -999 0.299970844677975 -999 -999 -999 -999 0.700029155322025
  5 2011 5 2 100 -999 -999 -999 -999 -999 0.077971718078936 -999 -999 -999 -999 0.922028281921064
  5 2011 5 3 100 -999 -999 -999 -999 -999 0.0177085766027746 -999 -999 -999 -999 0.982291423397225
  5 2011 5 4 100 -999 0.485391797110874 -999 -999 -999 -999 -999 -999 -999 -999 0.514608202889126
  5 2012 5 3 100 -999 -999 -999 -999 -999 0.254343461458778 -999 -999 -999 -999 0.745656538541222
  6 2009 5 3 100 -999 -999 -999 -999 -999 -999 -999 0.0236687407841027 -999 -999 0.976331259215897
  6 2010 5 4 100 -999 -999 -999 -999 -999 0.312842702893305 -999 -999 -999 -999 0.687157297106695
  6 2011 5 3 100 -999 0.0672833990116368 -999 -999 -999 -999 -999 -999 -999 -999 0.932716600988363
  6 2011 5 3 100 -999 -999 -999 -999 0.045752711327913 -999 -999 -999 -999 -999 0.954247288672087
  6 2011 5 3 100 -999 -999 -999 -999 -999 0.148023477825601 -999 -999 -999 -999 0.851976522174399
  6 2011 5 4 100 -999 0.278072703372264 -999 -999 -999 -999 -999 -999 -999 -999 0.721927296627736
  6 2011 5 4 100 -999 -999 -999 -999 -999 0.0556145406744527 -999 -999 -999 -999 0.944385459325547
  6 2012 5 1 100 -999 0.581053141356381 -999 -999 -999 -999 -999 -999 -999 -999 0.418946858643619
  6 2012 5 2 100 -999 0.225573123822444 -999 -999 -999 -999 -999 -999 -999 -999 0.774426876177556
  6 2012 5 3 100 -999 -999 -999 -999 -999 0.274727793457252 -999 -999 -999 -999 0.725272206542748
  6 2013 5 3 100 -999 0.155956669528613 -999 -999 -999 -999 -999 -999 -999 -999 0.844043330471387
  6 2019 5 3 100 -999 -999 -999 -999 -999 0.158457667250117 -999 -999 -999 -999 0.841542332749883
  1 1974 6 2 100 -999 -999 -999 -999 -999 0.263966040027236 -999 -999 -999 -999 0.736033959972764
  1 1976 6 3 100 -999 -999 -999 -999 -999 0.968323461241308 -999 -999 -999 -999 0.0316765387586917
  1 1985 6 2 100 -999 -999 -999 -999 -999 0.141319660181666 -999 -999 -999 -999 0.858680339818334
  1 1985 6 3 100 -999 -999 -999 -999 -999 0.146371213661313 -999 -999 -999 -999 0.853628786338687
  1 1986 6 3 100 -999 -999 -999 -999 -999 0.683654443753884 -999 -999 -999 -999 0.316345556246116
  1 1987 6 3 100 -999 0.519526022251452 -999 -999 -999 -999 -999 -999 -999 -999 0.480473977748548
  1 1988 6 2 100 -999 0.124273577420801 -999 -999 -999 -999 -999 -999 -999 -999 0.875726422579199
  1 1988 6 2 100 -999 -999 -999 -999 -999 0.121166737985281 -999 -999 -999 -999 0.878833262014719
  1 1988 6 3 100 -999 0.110619469026549 -999 -999 -999 -999 -999 -999 -999 -999 0.889380530973451
  1 1989 6 2 100 -999 0.0888116627040991 -999 -999 -999 -999 -999 -999 -999 -999 0.911188337295901
  1 1989 6 2 100 -999 -999 -999 -999 -999 0.109747046568745 -999 -999 -999 -999 0.890252953431255
  1 1990 6 2 100 -999 0.371673805613823 -999 -999 -999 -999 -999 -999 -999 -999 0.628326194386177
  1 1990 6 2 100 -999 -999 -999 -999 -999 0.136709175248877 -999 -999 -999 -999 0.863290824751123
  1 1990 6 3 100 -999 0.645584280064589 -999 -999 -999 -999 -999 -999 -999 -999 0.354415719935411
  1 1991 6 1 100 -999 -999 -999 -999 -999 0.250052476807213 -999 -999 -999 -999 0.749947523192787
  1 1991 6 2 100 -999 -999 -999 -999 -999 0.207218073218898 -999 -999 -999 -999 0.792781926781102
  1 1991 6 3 100 -999 0.816326530612245 -999 -999 -999 -999 -999 -999 -999 -999 0.183673469387755
  1 1992 6 2 100 -999 0.207567364784345 -999 -999 -999 -999 -999 -999 -999 -999 0.792432635215655
  1 1992 6 2 100 -999 -999 -999 -999 -999 0.248773330534126 -999 -999 -999 -999 0.751226669465874
  1 1992 6 3 100 -999 -999 -999 -999 -999 0.524266427162925 -999 -999 -999 -999 0.475733572837075
  1 1993 6 2 100 -999 -999 -999 -999 -999 0.0505520943269808 -999 -999 -999 -999 0.949447905673019
  1 1994 6 2 100 -999 0.187687911453059 -999 -999 -999 -999 -999 -999 -999 -999 0.812312088546941
  1 1994 6 2 100 -999 -999 -999 -999 -999 0.0742646940544945 -999 -999 -999 -999 0.925735305945505
  1 1994 6 3 100 -999 0.101304805899992 -999 -999 -999 -999 -999 -999 -999 -999 0.898695194100008
  1 1994 6 3 100 -999 -999 -999 -999 -999 0.184374746737985 -999 -999 -999 -999 0.815625253262015
  1 1994 6 3 100 -999 -999 0.308169219547775 -999 -999 -999 -999 -999 -999 -999 0.691830780452225
  1 1995 6 2 100 -999 -999 -999 -999 -999 0.0146442711923651 -999 -999 -999 -999 0.985355728807635
  1 1996 6 2 100 -999 -999 -999 -999 -999 0.159239661092289 -999 -999 -999 -999 0.840760338907711
  1 1996 6 3 100 -999 0.907791868445368 -999 -999 -999 -999 -999 -999 -999 -999 0.0922081315546318
  1 1997 6 1 100 -999 -999 -999 -999 -999 0.46742209631728 -999 -999 -999 -999 0.53257790368272
  1 1997 6 2 100 -999 -999 -999 -999 -999 0.264988418457431 -999 -999 -999 -999 0.735011581542569
  1 1997 6 3 100 -999 0.661959399823477 -999 -999 -999 -999 -999 -999 -999 -999 0.338040600176523
  1 1997 6 3 100 -999 -999 -999 -999 -999 0.00992939099735216 -999 -999 -999 -999 0.990070609002648
  1 1998 6 2 100 -999 0.122726151481447 -999 -999 -999 -999 -999 -999 -999 -999 0.877273848518553
  1 1998 6 2 100 -999 -999 -999 -999 -999 0.0109337844047107 -999 -999 -999 -999 0.989066215595289
  1 1998 6 3 100 -999 0.307175003928234 -999 -999 -999 -999 -999 -999 -999 -999 0.692824996071766
  1 1998 6 3 100 -999 -999 -999 -999 -999 0.0051195833988039 -999 -999 -999 -999 0.994880416601196
  1 1998 6 3 100 -999 -999 0.0450523339094743 -999 -999 -999 -999 -999 -999 -999 0.954947666090526
  1 1999 6 2 100 -999 -999 -999 -999 -999 0.0206581215643937 -999 -999 -999 -999 0.979341878435606
  1 1999 6 3 100 -999 0.297872340425532 -999 -999 -999 -999 -999 -999 -999 -999 0.702127659574468
  1 1999 6 3 100 -999 -999 0.170212765957447 -999 -999 -999 -999 -999 -999 -999 0.829787234042553
  1 2000 6 2 100 -999 -999 -999 -999 -999 0.00758690454294648 -999 -999 -999 -999 0.992413095457053
  1 2000 6 2 100 -999 -999 0.252896818098216 -999 -999 -999 -999 -999 -999 -999 0.747103181901784
  1 2000 6 3 100 -999 0.107357444779208 -999 -999 -999 -999 -999 -999 -999 -999 0.892642555220792
  1 2000 6 3 100 -999 -999 -999 -999 -999 0.110936026271849 -999 -999 -999 -999 0.889063973728151
  1 2000 6 3 100 -999 -999 0.405572569165899 -999 -999 -999 -999 -999 -999 -999 0.594427430834101
  1 2001 6 2 100 -999 -999 -999 -999 -999 0.019007532270678 -999 -999 -999 -999 0.980992467729322
  1 2001 6 3 100 -999 0.773238866075187 -999 -999 -999 -999 -999 -999 -999 -999 0.226761133924813
  1 2001 6 3 100 -999 -999 0.144163178420798 -999 -999 -999 -999 -999 -999 -999 0.855836821579202
  1 2002 6 2 100 -999 0.393790411916643 -999 -999 -999 -999 -999 -999 -999 -999 0.606209588083357
  1 2002 6 3 100 -999 0.795918367346939 -999 -999 -999 -999 -999 -999 -999 -999 0.204081632653061
  1 2002 6 3 100 -999 -999 -999 -999 -999 0.204081632653061 -999 -999 -999 -999 0.795918367346939
  1 2003 6 2 100 -999 -999 -999 -999 -999 0.0674354171910399 -999 -999 -999 -999 0.93256458280896
  1 2003 6 2 100 -999 -999 0.215219416567148 -999 -999 -999 -999 -999 -999 -999 0.784780583432852
  1 2004 6 2 100 -999 0.174888051875391 -999 -999 -999 -999 -999 -999 -999 -999 0.825111948124609
  1 2004 6 2 100 -999 -999 -999 -999 0.299808088929242 -999 -999 -999 -999 -999 0.700191911070758
  1 2004 6 2 100 -999 -999 -999 -999 -999 0.349776103750782 -999 -999 -999 -999 0.650223896249218
  1 2004 6 3 100 -999 0.675207756232687 -999 -999 -999 -999 -999 -999 -999 -999 0.324792243767313
  1 2005 6 3 100 -999 0.487248322147651 -999 -999 -999 -999 -999 -999 -999 -999 0.512751677852349
  1 2006 6 2 100 -999 -999 -999 -999 -999 0.112689513110495 -999 -999 -999 -999 0.887310486889505
  1 2007 6 3 100 -999 -999 -999 -999 -999 0.426666666666667 -999 -999 -999 -999 0.573333333333333
  1 2008 6 2 100 -999 -999 -999 -999 -999 0.000398717500650556 -999 -999 -999 -999 0.999601282499349
  2 1986 6 2 100 -999 -999 -999 -999 -999 0.298761832075841 -999 -999 -999 -999 0.701238167924159
  2 1986 6 3 100 -999 -999 -999 -999 -999 0.659265492655206 -999 -999 -999 -999 0.340734507344794
  2 1990 6 3 100 -999 -999 -999 -999 -999 0.625 -999 -999 -999 -999 0.375
  2 1991 6 2 100 -999 -999 -999 -999 -999 0.146608732570731 -999 -999 -999 -999 0.853391267429269
  2 1993 6 2 100 -999 -999 -999 -999 -999 0.304540860121259 -999 -999 -999 -999 0.695459139878741
  2 1995 6 2 100 -999 -999 -999 -999 -999 0.588483742542261 -999 -999 -999 -999 0.411516257457739
  2 1998 6 2 100 -999 -999 -999 -999 -999 0.808384021907997 -999 -999 -999 -999 0.191615978092003
  2 1999 6 3 100 -999 -999 -999 -999 -999 0.540540540540541 -999 -999 -999 -999 0.459459459459459
  2 2000 6 2 100 -999 0.341012789130635 -999 -999 -999 -999 -999 -999 -999 -999 0.658987210869365
  2 2002 6 2 100 -999 0.0673087731248081 -999 -999 -999 -999 -999 -999 -999 -999 0.932691226875192
  2 2003 6 2 100 -999 -999 -999 -999 -999 0.683544303797468 -999 -999 -999 -999 0.316455696202532
  2 2006 6 2 100 -999 0.0859237786667658 -999 -999 -999 -999 -999 -999 -999 -999 0.914076221333234
  2 2007 6 3 100 -999 0.998003992015968 -999 -999 -999 -999 -999 -999 -999 -999 0.00199600798403188
  2 2008 6 3 100 -999 0.992555831265509 -999 -999 -999 -999 -999 -999 -999 -999 0.00744416873449127
  4 1994 6 2 100 -999 -999 -999 -999 -999 0.261964790654793 -999 -999 -999 -999 0.738035209345207
  4 1995 6 2 100 -999 -999 -999 -999 -999 0.383008356545961 -999 -999 -999 -999 0.616991643454039
  4 1996 6 3 100 -999 0.347107438016529 -999 -999 -999 -999 -999 -999 -999 -999 0.652892561983471
  4 1998 6 2 100 -999 -999 -999 -999 -999 0.0981738000948359 -999 -999 -999 -999 0.901826199905164
  4 2002 6 2 100 -999 -999 -999 -999 -999 0.14722536806342 -999 -999 -999 -999 0.85277463193658
  5 2009 6 1 100 -999 -999 -999 -999 -999 0.574698187316856 -999 -999 -999 -999 0.425301812683144
  5 2009 6 2 100 -999 -999 -999 -999 -999 0.321840499982726 -999 -999 -999 -999 0.678159500017274
  5 2009 6 3 100 -999 0.666666666666667 -999 -999 -999 -999 -999 -999 -999 -999 0.333333333333333
  5 2009 6 3 100 -999 -999 -999 -999 -999 0.073394495412844 -999 -999 -999 -999 0.926605504587156
  5 2009 6 4 100 -999 1 -999 -999 -999 -999 -999 -999 -999 -999 0
  5 2010 6 2 100 -999 -999 -999 -999 0.0415906440880196 -999 -999 -999 -999 -999 0.95840935591198
  5 2010 6 3 100 -999 0.206185567010309 -999 -999 -999 -999 -999 -999 -999 -999 0.793814432989691
  5 2011 6 2 100 -999 -999 -999 -999 -999 0.47047877148494 -999 -999 -999 -999 0.52952122851506
  5 2011 6 3 100 -999 0.536480686695279 -999 -999 -999 -999 -999 -999 -999 -999 0.463519313304721
  5 2012 6 1 100 -999 -999 -999 -999 -999 0.704324531123682 -999 -999 -999 -999 0.295675468876318
  5 2012 6 2 100 -999 -999 -999 -999 -999 0.117589223844442 -999 -999 -999 -999 0.882410776155558
  5 2012 6 3 100 -999 -999 -999 -999 -999 0.623700623700624 -999 -999 -999 -999 0.376299376299376
  5 2012 6 3 100 -999 -999 0.311850311850312 -999 -999 -999 -999 -999 -999 -999 0.688149688149688
  5 2012 6 4 100 -999 -999 -999 -999 -999 1 -999 -999 -999 -999 0
  5 2013 6 1 100 -999 -999 -999 -999 -999 0.0558743819542422 -999 -999 -999 -999 0.944125618045758
  5 2013 6 2 100 -999 -999 -999 -999 -999 0.186307943955179 -999 -999 -999 -999 0.813692056044821
  5 2013 6 3 100 -999 0.517129928894635 -999 -999 -999 -999 -999 -999 -999 -999 0.482870071105365
  5 2013 6 3 100 -999 -999 -999 -999 -999 0.433096315449257 -999 -999 -999 -999 0.566903684550743
  5 2014 6 3 100 -999 -999 -999 -999 0.178635226866738 -999 -999 -999 -999 -999 0.821364773133262
  5 2014 6 3 100 -999 -999 -999 -999 -999 0.107181136120043 -999 -999 -999 -999 0.892818863879957
  5 2016 6 1 100 -999 -999 -999 -999 -999 0.0725504136743739 -999 -999 -999 -999 0.927449586325626
  5 2016 6 2 100 -999 -999 -999 -999 -999 0.0441889082898536 -999 -999 -999 -999 0.955811091710146
  5 2016 6 3 100 -999 -999 -999 -999 0.0133763357757532 -999 -999 -999 -999 -999 0.986623664224247
  5 2017 6 1 100 -999 -999 -999 -999 -999 0.10601588150198 -999 -999 -999 -999 0.89398411849802
  5 2017 6 2 100 -999 -999 -999 -999 -999 0.28398162435899 -999 -999 -999 -999 0.71601837564101
  5 2018 6 1 100 -999 -999 -999 -999 -999 0.0713335203969643 -999 -999 -999 -999 0.928666479603036
  5 2018 6 2 100 -999 -999 -999 -999 -999 0.0377344681950303 -999 -999 -999 -999 0.96226553180497
  5 2019 6 1 100 -999 -999 -999 -999 -999 0.377579901742194 -999 -999 -999 -999 0.622420098257806
  5 2019 6 2 100 -999 -999 -999 -999 -999 0.120564158179818 -999 -999 -999 -999 0.879435841820182
  5 2019 6 3 100 -999 -999 -999 -999 -999 0.747191011235955 -999 -999 -999 -999 0.252808988764045
  6 2009 6 2 100 -999 -999 -999 -999 -999 0.00740146583757357 -999 -999 -999 -999 0.992598534162426
  6 2010 6 3 100 -999 0.173010380622837 -999 -999 -999 -999 -999 -999 -999 -999 0.826989619377163
  6 2010 6 3 100 -999 -999 -999 -999 -999 0.711264898116109 -999 -999 -999 -999 0.288735101883891
  6 2011 6 2 100 -999 -999 -999 -999 -999 0.302452277263006 -999 -999 -999 -999 0.697547722736994
  6 2011 6 2 100 -999 -999 0.236290841611723 -999 -999 -999 -999 -999 -999 -999 0.763709158388277
  6 2011 6 3 100 -999 -999 -999 -999 -999 0.56 -999 -999 -999 -999 0.44
  6 2012 6 2 100 -999 0.163322809066045 -999 -999 -999 -999 -999 -999 -999 -999 0.836677190933955
  6 2012 6 2 100 -999 -999 -999 -999 -999 0.305997037549483 -999 -999 -999 -999 0.694002962450517
  6 2012 6 3 100 -999 0.45629466739967 -999 -999 -999 -999 -999 -999 -999 -999 0.54370533260033
  6 2012 6 3 100 -999 -999 -999 -999 -999 0.0934579439252336 -999 -999 -999 -999 0.906542056074766
  6 2013 6 2 100 -999 0.155575040940671 -999 -999 -999 -999 -999 -999 -999 -999 0.844424959059329
  6 2013 6 2 100 -999 -999 -999 -999 -999 0.453760536076956 -999 -999 -999 -999 0.546239463923044
  6 2013 6 3 100 -999 -999 -999 -999 -999 0.118421052631579 -999 -999 -999 -999 0.881578947368421
  6 2014 6 2 100 -999 -999 -999 -999 0.163513608551938 -999 -999 -999 -999 -999 0.836486391448062
  6 2014 6 3 100 -999 -999 -999 -999 0.192568139495514 -999 -999 -999 -999 -999 0.807431860504486
  6 2014 6 3 100 -999 -999 -999 -999 -999 0.154054511596411 -999 -999 -999 -999 0.845945488403589
  6 2016 6 2 100 -999 0.380228136882129 -999 -999 -999 -999 -999 -999 -999 -999 0.619771863117871
  6 2016 6 2 100 -999 -999 -999 -999 0.228136882129278 -999 -999 -999 -999 -999 0.771863117870722
  6 2016 6 3 100 -999 0.61143381228982 -999 -999 -999 -999 -999 -999 -999 -999 0.38856618771018
  6 2017 6 2 100 -999 -999 -999 -999 -999 0.051737655393459 -999 -999 -999 -999 0.948262344606541
  6 2017 6 3 100 -999 -999 -999 -999 -999 0.764951321279555 -999 -999 -999 -999 0.235048678720445
  6 2019 6 2 100 -999 -999 -999 -999 -999 0.191576865746703 -999 -999 -999 -999 0.808423134253297
  6 2019 6 3 100 -999 -999 -999 -999 -999 0.490196078431373 -999 -999 -999 -999 0.509803921568627
  1 1978 7 4 100 -999 -999 -999 -999 -999 0.00249400482581162 -999 -999 -999 -999 0.997505995174188
  1 1982 7 3 100 -999 -999 -999 -999 -999 0.00253035061914902 -999 -999 -999 -999 0.997469649380851
  1 1983 7 3 100 -999 -999 -999 -999 -999 0.0210874128917165 -999 -999 -999 -999 0.978912587108284
  1 1984 7 3 100 -999 -999 -999 -999 -999 0.108777760991086 -999 -999 -999 -999 0.891222239008914
  1 1985 7 2 100 0.0285756613287199 -999 -999 -999 -999 -999 -999 -999 -999 -999 0.97142433867128
  1 1985 7 2 100 -999 -999 -999 -999 -999 0.094972050886628 -999 -999 -999 -999 0.905027949113372
  1 1985 7 3 100 0.00746887966804979 -999 -999 -999 -999 -999 -999 -999 -999 -999 0.99253112033195
  1 1986 7 3 100 -999 -999 -999 -999 -999 0.28564185997207 -999 -999 -999 -999 0.71435814002793
  1 1988 7 2 100 -999 -999 -999 -999 -999 0.0946968406626987 -999 -999 -999 -999 0.905303159337301
  1 1988 7 3 100 -999 0.00492613671353543 -999 -999 -999 -999 -999 -999 -999 -999 0.995073863286465
  1 1988 7 3 100 -999 -999 -999 -999 -999 0.0295568202812126 -999 -999 -999 -999 0.970443179718787
  1 1988 7 4 100 -999 -999 -999 -999 -999 0.487106017191977 -999 -999 -999 -999 0.512893982808023
  1 1990 7 2 100 -999 0.00452838004518916 -999 -999 -999 -999 -999 -999 -999 -999 0.995471619954811
  1 1990 7 2 100 -999 -999 -999 -999 -999 0.160777411908701 -999 -999 -999 -999 0.839222588091299
  1 1990 7 3 100 -999 0.480629187299738 -999 -999 -999 -999 -999 -999 -999 -999 0.519370812700262
  1 1990 7 4 100 -999 0.240486878781914 -999 -999 -999 -999 -999 -999 -999 -999 0.759513121218086
  1 1990 7 4 100 -999 -999 0.0961947515127656 -999 -999 -999 -999 -999 -999 -999 0.903805248487234
  1 1991 7 3 100 -999 0.0569160571106946 -999 -999 -999 -999 -999 -999 -999 -999 0.943083942889305
  1 1991 7 3 100 -999 -999 -999 -999 -999 0.0853740856660419 -999 -999 -999 -999 0.914625914333958
  1 1992 7 3 100 -999 0.587411620041342 -999 -999 -999 -999 -999 -999 -999 -999 0.412588379958658
  1 1992 7 3 100 -999 -999 -999 -999 -999 0.00464055838677369 -999 -999 -999 -999 0.995359441613226
  1 1992 7 4 100 -999 0.454789703365892 -999 -999 -999 -999 -999 -999 -999 -999 0.545210296634108
  1 1993 7 3 100 -999 0.662002709700844 -999 -999 -999 -999 -999 -999 -999 -999 0.337997290299156
  1 1993 7 4 100 -999 0.751215201060539 -999 -999 -999 -999 -999 -999 -999 -999 0.248784798939461
  1 1994 7 2 100 -999 -999 -999 -999 -999 0.0261525964376994 -999 -999 -999 -999 0.973847403562301
  1 1994 7 3 100 -999 0.0061280951286837 -999 -999 -999 -999 -999 -999 -999 -999 0.993871904871316
  1 1994 7 3 100 -999 -999 -999 -999 -999 0.0343173327206287 -999 -999 -999 -999 0.965682667279371
  1 1994 7 3 100 -999 -999 -999 -999 -999 -999 -999 -999 -999 0.0061280951286837 0.993871904871316
  1 1995 7 3 100 -999 0.169971059716377 -999 -999 -999 -999 -999 -999 -999 -999 0.830028940283623
  1 1996 7 2 100 -999 0.0534790372502912 -999 -999 -999 -999 -999 -999 -999 -999 0.946520962749709
  1 1996 7 3 100 -999 0.139890766249237 -999 -999 -999 -999 -999 -999 -999 -999 0.860109233750763
  1 1996 7 3 100 -999 -999 -999 -999 -999 0.00399687903569249 -999 -999 -999 -999 0.996003120964308
  1 1997 7 2 100 -999 -999 0.0286528546057388 -999 -999 -999 -999 -999 -999 -999 0.971347145394261
  1 1997 7 3 100 -999 0.027267498763935 -999 -999 -999 -999 -999 -999 -999 -999 0.972732501236065
  1 1998 7 3 100 -999 0.358547338636236 -999 -999 -999 -999 -999 -999 -999 -999 0.641452661363764
  1 1998 7 3 100 -999 -999 -999 -999 -999 0.0316365298796679 -999 -999 -999 -999 0.968363470120332
  1 1999 7 2 100 -999 -999 0.164624149365298 -999 -999 -999 -999 -999 -999 -999 0.835375850634702
  1 2000 7 3 100 -999 0.256122108760421 -999 -999 -999 -999 -999 -999 -999 -999 0.743877891239579
  1 2001 7 3 100 -999 -999 -999 -999 -999 -999 0.0406324189202664 -999 -999 -999 0.959367581079734
  1 2002 7 3 100 -999 -999 0.00399163695496278 -999 -999 -999 -999 -999 -999 -999 0.996008363045037
  1 2002 7 4 100 -999 1 -999 -999 -999 -999 -999 -999 -999 -999 0
  1 2003 7 3 100 -999 0.0357546636517807 -999 -999 -999 -999 -999 -999 -999 -999 0.964245336348219
  1 2003 7 3 100 -999 -999 -999 -999 -999 0.00259091765592613 -999 -999 -999 -999 0.997409082344074
  1 2004 7 2 100 -999 0.467807954691723 -999 -999 -999 -999 -999 -999 -999 -999 0.532192045308276
  1 2004 7 3 100 -999 0.534960899241485 -999 -999 -999 -999 -999 -999 -999 -999 0.465039100758515
  1 2005 7 2 100 -999 -999 0.353588704892515 -999 -999 -999 -999 -999 -999 -999 0.646411295107485
  1 2005 7 3 100 -999 0.15027535297398 -999 -999 -999 -999 -999 -999 -999 -999 0.84972464702602
  1 2005 7 3 100 -999 -999 -999 -999 -999 0.0304865500932448 -999 -999 -999 -999 0.969513449906755
  1 2005 7 3 100 -999 -999 0.0712692396043446 -999 -999 -999 -999 -999 -999 -999 0.928730760395655
  1 2006 7 3 100 -999 0.052421564608717 -999 -999 -999 -999 -999 -999 -999 -999 0.947578435391283
  1 2006 7 3 100 -999 -999 -999 0.0518455034591707 -999 -999 -999 -999 -999 -999 0.948154496540829
  1 2006 7 3 100 -999 -999 -999 -999 -999 0.00103691006918341 -999 -999 -999 -999 0.998963089930817
  1 2008 7 3 100 -999 0.261197785143831 -999 -999 -999 -999 -999 -999 -999 -999 0.738802214856169
  1 2008 7 3 100 -999 -999 -999 -999 -999 0.0608472113119151 -999 -999 -999 -999 0.939152788688085
  1 2008 7 4 100 -999 0.356819441253193 -999 -999 -999 -999 -999 -999 -999 -999 0.643180558746807
  2 1978 7 4 100 -999 -999 -999 -999 -999 0.767387073645396 -999 -999 -999 -999 0.232612926354604
  2 1982 7 2 100 -999 -999 -999 -999 -999 0.176702455711824 -999 -999 -999 -999 0.823297544288176
  2 1983 7 3 100 -999 -999 -999 -999 -999 0.0377312208827966 -999 -999 -999 -999 0.962268779117203
  2 1983 7 3 100 -999 -999 0.0686022197869029 -999 -999 -999 -999 -999 -999 -999 0.931397780213097
  2 1985 7 2 100 -999 -999 -999 -999 -999 0.00519806153886789 -999 -999 -999 -999 0.994801938461132
  2 1985 7 3 100 -999 -999 0.112383253345477 -999 -999 -999 -999 -999 -999 -999 0.887616746654523
  2 1986 7 4 100 -999 -999 -999 -999 -999 -999 0.0172409121976245 -999 -999 -999 0.982759087802375
  2 1986 7 4 100 -999 -999 -999 -999 -999 0.103445473185747 -999 -999 -999 -999 0.896554526814253
  2 1987 7 4 100 -999 -999 -999 -999 -999 0.200799195321052 -999 -999 -999 -999 0.799200804678948
  2 1987 7 4 100 -999 -999 -999 -999 -999 -999 -999 0.0100399597660526 -999 -999 0.989960040233947
  2 1988 7 2 100 -999 -999 -999 -999 -999 0.220525392389021 -999 -999 -999 -999 0.779474607610979
  2 1990 7 4 100 -999 -999 -999 -999 -999 -999 -999 -999 -999 0.851254480286738 0.148745519713262
  2 1991 7 3 100 -999 -999 -999 -999 -999 0.0286742991155781 -999 -999 -999 -999 0.971325700884422
  2 1991 7 4 100 0.0516181296410481 -999 -999 -999 -999 -999 -999 -999 -999 -999 0.948381870358952
  2 1991 7 4 100 -999 -999 -999 -999 -999 -999 -999 -999 -999 0.154854388923144 0.845145611076856
  2 1992 7 3 100 -999 0.019466308871029 -999 -999 -999 -999 -999 -999 -999 -999 0.980533691128971
  2 1993 7 3 100 -999 0.0350744894092671 -999 -999 -999 -999 -999 -999 -999 -999 0.964925510590733
  2 1993 7 3 100 -999 -999 -999 -999 -999 0.0338438055703454 -999 -999 -999 -999 0.966156194429655
  2 1994 7 2 100 -999 0.0577544764772395 -999 -999 -999 -999 -999 -999 -999 -999 0.94224552352276
  2 1995 7 3 100 -999 0.0164460860181599 -999 -999 -999 -999 -999 -999 -999 -999 0.98355391398184
  2 1995 7 3 100 -999 -999 -999 -999 -999 -999 -999 0.0263137376290558 -999 -999 0.973686262370944
  2 1996 7 3 100 -999 0.139233127889731 -999 -999 -999 -999 -999 -999 -999 -999 0.860766872110269
  2 1996 7 3 100 -999 -999 -999 -999 -999 -999 -999 -999 -999 0.0614018093993716 0.938598190600628
  2 1998 7 3 100 -999 0.0981156994727143 -999 -999 -999 -999 -999 -999 -999 -999 0.901884300527286
  2 1998 7 3 100 -999 -999 -999 -999 -999 -999 -999 -999 -999 0.0588694196836286 0.941130580316371
  2 1999 7 3 100 -999 0.236259968400799 -999 -999 -999 -999 -999 -999 -999 -999 0.763740031599201
  2 2000 7 3 100 -999 0.14109215232613 -999 -999 -999 -999 -999 -999 -999 -999 0.85890784767387
  2 2000 7 3 100 -999 -999 0.056436860930452 -999 -999 -999 -999 -999 -999 -999 0.943563139069548
  2 2001 7 3 100 -999 0.27024196082539 -999 -999 -999 -999 -999 -999 -999 -999 0.72975803917461
  2 2001 7 3 100 -999 -999 0.18982111890879 -999 -999 -999 -999 -999 -999 -999 0.81017888109121
  2 2001 7 3 100 -999 -999 -999 -999 -999 -999 -999 -999 -999 0.0712265633183199 0.92877343668168
  2 2002 7 3 100 -999 0.259879352979162 -999 -999 -999 -999 -999 -999 -999 -999 0.740120647020838
  2 2002 7 4 100 -999 -999 0.8 -999 -999 -999 -999 -999 -999 -999 0.2
  2 2003 7 3 100 -999 -999 -999 -999 -999 -999 -999 -999 -999 0.0861670531760249 0.913832946823975
  2 2004 7 3 100 -999 0.182645874555492 -999 -999 -999 -999 -999 -999 -999 -999 0.817354125444507
  2 2004 7 3 100 -999 -999 -999 -999 -999 0.106543426824037 -999 -999 -999 -999 0.893456573175963
  2 2007 7 3 100 -999 0.245218401393924 -999 -999 -999 -999 -999 -999 -999 -999 0.754781598606076
  2 2007 7 3 100 -999 -999 -999 -999 -999 -999 -999 -999 -999 0.0132182411728185 0.986781758827182
  2 2008 7 3 100 -999 -999 -999 -999 -999 0.0838798230898277 -999 -999 -999 -999 0.916120176910172
  4 1993 7 3 100 -999 0.5090236001851 -999 -999 -999 -999 -999 -999 -999 -999 0.4909763998149
  4 1994 7 3 100 -999 0.13790935364069 -999 -999 -999 -999 -999 -999 -999 -999 0.86209064635931
  4 1995 7 3 100 -999 0.0856893942284457 -999 -999 -999 -999 -999 -999 -999 -999 0.914310605771554
  4 1995 7 3 100 -999 -999 -999 -999 -999 0.109927251453063 -999 -999 -999 -999 0.890072748546937
  4 1996 7 3 100 -999 -999 0.0874475599640411 -999 -999 -999 -999 -999 -999 -999 0.912552440035959
  4 1998 7 3 100 -999 0.0881475807447179 -999 -999 -999 -999 -999 -999 -999 -999 0.911852419255282
  4 1998 7 3 100 -999 -999 -999 -999 -999 0.00822710753617367 -999 -999 -999 -999 0.991772892463826
  4 1998 7 3 100 -999 -999 -999 -999 -999 -999 -999 -999 -999 0.0734563172872649 0.926543682712735
  4 1999 7 2 100 -999 -999 -999 -999 -999 0.160327746154301 -999 -999 -999 -999 0.839672253845699
  4 1999 7 3 100 -999 0.346823947750431 -999 -999 -999 -999 -999 -999 -999 -999 0.653176052249569
  4 1999 7 3 100 -999 -999 -999 -999 -999 0.130048064698502 -999 -999 -999 -999 0.869951935301498
  4 1999 7 3 100 -999 -999 -999 -999 -999 -999 -999 -999 -999 0.0118225513362274 0.988177448663773
  4 2000 7 3 100 -999 0.52 -999 -999 -999 -999 -999 -999 -999 -999 0.48
  4 2001 7 3 100 -999 0.121151304901433 -999 -999 -999 -999 -999 -999 -999 -999 0.878848695098567
  4 2002 7 3 100 -999 -999 0.561224489795918 -999 -999 -999 -999 -999 -999 -999 0.438775510204082
  5 2009 7 3 100 -999 -999 -999 -999 -999 0.0037905763973443 -999 -999 -999 -999 0.996209423602656
  5 2009 7 4 100 -999 -999 -999 -999 -999 0.158730158730159 -999 -999 -999 -999 0.841269841269841
  5 2011 7 2 100 -999 -999 -999 -999 -999 0.0623796938039402 -999 -999 -999 -999 0.93762030619606
  5 2011 7 3 100 -999 0.0594012345828926 -999 -999 -999 -999 -999 -999 -999 -999 0.940598765417107
  5 2011 7 3 100 -999 -999 -999 0.00693014403467081 -999 -999 -999 -999 -999 -999 0.993069855965329
  5 2011 7 3 100 -999 -999 -999 -999 0.168798508273053 -999 -999 -999 -999 -999 0.831201491726947
  5 2011 7 3 100 -999 -999 -999 -999 -999 0.00990020576381544 -999 -999 -999 -999 0.990099794236185
  5 2011 7 3 100 -999 -999 0.0396008230552618 -999 -999 -999 -999 -999 -999 -999 0.960399176944738
  5 2012 7 3 100 -999 -999 -999 -999 0.0783321514003232 -999 -999 -999 -999 -999 0.921667848599677
  5 2012 7 3 100 -999 -999 -999 -999 -999 0.038121647014824 -999 -999 -999 -999 0.961878352985176
  5 2013 7 2 100 -999 -999 -999 -999 0.0763942581165649 -999 -999 -999 -999 -999 0.923605741883435
  5 2013 7 3 100 -999 -999 -999 -999 0.16510620774325 -999 -999 -999 -999 -999 0.83489379225675
  5 2013 7 3 100 -999 -999 -999 -999 -999 0.1981274492919 -999 -999 -999 -999 0.8018725507081
  5 2014 7 2 100 -999 -999 -999 0.0356304630300402 -999 -999 -999 -999 -999 -999 0.96436953696996
  5 2014 7 2 100 -999 -999 -999 -999 -999 0.0213782778180241 -999 -999 -999 -999 0.978621722181976
  5 2014 7 3 100 -999 -999 -999 -999 0.0817332958368157 -999 -999 -999 -999 -999 0.918266704163184
  5 2014 7 3 100 -999 -999 -999 -999 -999 0.00726518185216139 -999 -999 -999 -999 0.992734818147839
  5 2016 7 2 100 -999 -999 -999 -999 -999 0.0499931395697814 -999 -999 -999 -999 0.950006860430219
  5 2017 7 3 100 -999 -999 -999 -999 -999 0.305494349278556 -999 -999 -999 -999 0.694505650721444
  5 2017 7 3 100 -999 -999 0.351837372947615 -999 -999 -999 -999 -999 -999 -999 0.648162627052385
  5 2017 7 4 100 -999 -999 0.75 -999 -999 -999 -999 -999 -999 -999 0.25
  5 2018 7 3 100 -999 -999 -999 -999 -999 0.0567286479672234 -999 -999 -999 -999 0.943271352032777
  5 2019 7 2 100 -999 -999 -999 -999 -999 0.0258701787394168 -999 -999 -999 -999 0.974129821260583
  5 2019 7 3 100 -999 0.0558913654019217 -999 -999 -999 -999 -999 -999 -999 -999 0.944108634598078
  5 2019 7 3 100 -999 -999 -999 -999 -999 0.108677654948181 -999 -999 -999 -999 0.891322345051819
  6 2010 7 3 100 -999 0.154639175257732 -999 -999 -999 -999 -999 -999 -999 -999 0.845360824742268
  6 2011 7 3 100 -999 1 -999 -999 -999 -999 -999 -999 -999 -999 0
  6 2012 7 3 100 -999 0.699760765550239 -999 -999 -999 -999 -999 -999 -999 -999 0.300239234449761
  6 2012 7 3 100 -999 -999 -999 -999 -999 0.0897129186602871 -999 -999 -999 -999 0.910287081339713
  6 2013 7 2 100 -999 0.575313807531381 -999 -999 -999 -999 -999 -999 -999 -999 0.424686192468619
  6 2013 7 3 100 -999 0.798722044728435 -999 -999 -999 -999 -999 -999 -999 -999 0.201277955271565
  6 2014 7 3 100 -999 0.1937190712767 -999 -999 -999 -999 -999 -999 -999 -999 0.8062809287233
  6 2014 7 3 100 -999 -999 -999 -999 0.205342215553302 -999 -999 -999 -999 -999 0.794657784446698
  6 2019 7 3 100 -999 -999 0.766467065868264 -999 -999 -999 -999 -999 -999 -999 0.233532934131736
  1 1977 9 3 100 -999 -999 -999 -999 -999 0.0279537650529574 -999 -999 -999 -999 0.972046234947043
  1 1980 9 3 100 0.0278268500841423 -999 -999 -999 -999 -999 -999 -999 -999 -999 0.972173149915858
  1 1980 9 3 100 -999 -999 -999 -999 -999 -999 -999 -999 -999 0.00231890417367852 0.997681095826321
  1 1985 9 5 100 -999 -999 -999 -999 -999 1 -999 -999 -999 -999 0
  1 1986 9 4 100 -999 -999 -999 -999 -999 0.0077555452148286 -999 -999 -999 -999 0.992244454785171
  1 1990 9 4 100 -999 -999 -999 -999 -999 0.021323882553563 -999 -999 -999 -999 0.978676117446437
  1 1991 9 2 100 -999 -999 -999 -999 -999 0.00158408825825352 -999 -999 -999 -999 0.998415911741746
  1 1991 9 3 100 -999 -999 -999 -999 -999 0.00267278491337876 -999 -999 -999 -999 0.997327215086621
  1 1991 9 4 100 -999 0.102860328777194 -999 -999 -999 -999 -999 -999 -999 -999 0.897139671222806
  1 1991 9 4 100 -999 -999 -999 -999 -999 0.00082288263021755 -999 -999 -999 -999 0.999177117369782
  1 1992 9 3 100 -999 0.241809606345153 -999 -999 -999 -999 -999 -999 -999 -999 0.758190393654847
  1 1992 9 3 100 -999 -999 -999 -999 -999 0.015113100396572 -999 -999 -999 -999 0.984886899603428
  1 1992 9 4 100 -999 0.0443084797483095 -999 -999 -999 -999 -999 -999 -999 -999 0.955691520251691
  1 1992 9 4 100 -999 -999 -999 -999 -999 0.193480361567618 -999 -999 -999 -999 0.806519638432382
  1 1992 9 4 100 -999 -999 0.147694932494365 -999 -999 -999 -999 -999 -999 -999 0.852305067505635
  1 1993 9 2 100 -999 -999 -999 -999 -999 0.000625462353673314 -999 -999 -999 -999 0.999374537646327
  1 1993 9 4 100 -999 -999 -999 -999 -999 0.2579798190449 -999 -999 -999 -999 0.7420201809551
  1 1994 9 3 100 -999 -999 -999 -999 -999 -999 -999 -999 -999 0.00318194459881545 0.996818055401185
  1 1994 9 4 100 -999 -999 -999 -999 -999 0.188729630097888 -999 -999 -999 -999 0.811270369902112
  1 1995 9 3 100 -999 -999 -999 -999 -999 0.0459548771620446 -999 -999 -999 -999 0.954045122837955
  1 1996 9 4 100 -999 0.0557962170321736 -999 -999 -999 -999 -999 -999 -999 -999 0.944203782967826
  1 1998 9 4 100 -999 -999 -999 -999 -999 0.0277423805628302 -999 -999 -999 -999 0.97225761943717
  1 1999 9 4 100 -999 -999 -999 -999 -999 0.0778320941049264 -999 -999 -999 -999 0.922167905895074
  1 1999 9 5 100 -999 0.648648648648649 -999 -999 -999 -999 -999 -999 -999 -999 0.351351351351351
  1 2000 9 3 100 -999 -999 -999 -999 -999 0.00506112695577756 -999 -999 -999 -999 0.994938873044222
  1 2000 9 4 100 -999 0.177028846342638 -999 -999 -999 -999 -999 -999 -999 -999 0.822971153657362
  1 2000 9 4 100 -999 -999 -999 -999 -999 0.115813263962473 -999 -999 -999 -999 0.884186736037527
  1 2000 9 5 100 -999 0.596590909090909 -999 -999 -999 -999 -999 -999 -999 -999 0.403409090909091
  1 2002 9 4 100 -999 0.420373458170806 -999 -999 -999 -999 -999 -999 -999 -999 0.579626541829194
  1 2003 9 3 100 -999 -999 -999 -999 0.146400888417903 -999 -999 -999 -999 -999 0.853599111582097
  1 2003 9 4 100 -999 -999 -999 -999 -999 0.0178979947019184 -999 -999 -999 -999 0.982102005298082
  1 2004 9 4 100 -999 0.133526038405336 -999 -999 -999 -999 -999 -999 -999 -999 0.866473961594664
  1 2008 9 4 100 -999 0.271331122087877 -999 -999 -999 -999 -999 -999 -999 -999 0.728668877912123
  2 1990 9 4 100 -999 0.149735658551035 -999 -999 -999 -999 -999 -999 -999 -999 0.850264341448965
  2 1991 9 3 100 -999 -999 -999 -999 -999 0.064388066922568 -999 -999 -999 -999 0.935611933077432
  2 1992 9 2 100 -999 -999 -999 -999 -999 0.086558682674812 -999 -999 -999 -999 0.913441317325188
  2 1993 9 3 100 -999 0.000787041513656571 -999 -999 -999 -999 -999 -999 -999 -999 0.999212958486343
  2 1999 9 4 100 -999 -999 0.176196185694481 -999 -999 -999 -999 -999 -999 -999 0.823803814305519
  2 2000 9 3 100 -999 0.049595201722657 -999 -999 -999 -999 -999 -999 -999 -999 0.950404798277343
  2 2000 9 3 100 -999 -999 0.148785605167971 -999 -999 -999 -999 -999 -999 -999 0.851214394832029
  2 2000 9 4 100 -999 0.157951468725871 -999 -999 -999 -999 -999 -999 -999 -999 0.842048531274129
  2 2000 9 4 100 -999 -999 0.055283014054055 -999 -999 -999 -999 -999 -999 -999 0.944716985945945
  2 2001 9 4 100 -999 0.188488964649394 -999 -999 -999 -999 -999 -999 -999 -999 0.811511035350606
  3 1979 9 5 100 -999 -999 -999 -999 -999 0.519099361487622 -999 -999 -999 -999 0.480900638512378
  4 1995 9 5 100 -999 -999 -999 0.597014925373134 -999 -999 -999 -999 -999 -999 0.402985074626866
  4 1996 9 3 100 -999 0.121054347467627 -999 -999 -999 -999 -999 -999 -999 -999 0.878945652532373
  4 1999 9 4 100 -999 -999 -999 0.0903585215648872 -999 -999 -999 -999 -999 -999 0.909641478435113
  4 1999 9 4 100 -999 -999 -999 -999 -999 0.123113485632159 -999 -999 -999 -999 0.876886514367841
  4 2000 9 3 100 -999 0.258064516129032 -999 -999 -999 -999 -999 -999 -999 -999 0.741935483870968
  4 2000 9 4 100 -999 0.055800976517089 -999 -999 -999 -999 -999 -999 -999 -999 0.944199023482911
  4 2004 9 4 100 -999 -999 0.128068303094984 -999 -999 -999 -999 -999 -999 -999 0.871931696905016
  5 2009 9 4 100 -999 0.181119924868772 -999 -999 -999 -999 -999 -999 -999 -999 0.818880075131228
  5 2010 9 4 100 -999 -999 -999 -999 0.424493391833211 -999 -999 -999 -999 -999 0.575506608166789
  5 2010 9 4 100 -999 -999 -999 -999 -999 0.164273127661482 -999 -999 -999 -999 0.835726872338518
  5 2010 9 5 100 -999 -999 -999 -999 -999 0.288276745675849 -999 -999 -999 -999 0.711723254324151
  5 2011 9 3 100 -999 -999 -999 -999 -999 0.0229852959953705 -999 -999 -999 -999 0.977014704004629
  5 2011 9 5 100 -999 -999 -999 -999 -999 0.31127129750983 -999 -999 -999 -999 0.68872870249017
  5 2012 9 2 100 -999 -999 -999 -999 -999 0.0785590986200745 -999 -999 -999 -999 0.921440901379926
  5 2012 9 4 100 -999 0.159814034577946 -999 -999 -999 -999 -999 -999 -999 -999 0.840185965422054
  5 2012 9 4 100 -999 -999 -999 -999 -999 0.142056919624841 -999 -999 -999 -999 0.857943080375159
  5 2013 9 3 100 -999 -999 -999 -999 -999 0.00976620649252115 -999 -999 -999 -999 0.990233793507479
  5 2013 9 3 100 -999 -999 0.296038134304547 -999 -999 -999 -999 -999 -999 -999 0.703961865695453
  5 2013 9 4 100 -999 -999 -999 -999 0.0609877033944463 -999 -999 -999 -999 -999 0.939012296605554
  5 2014 9 2 100 -999 -999 -999 -999 -999 0.0203844747796876 -999 -999 -999 -999 0.979615525220312
  5 2014 9 3 100 -999 -999 -999 -999 0.247079079469183 -999 -999 -999 -999 -999 0.752920920530817
  5 2014 9 4 100 -999 -999 -999 -999 -999 0.0391654204941964 -999 -999 -999 -999 0.960834579505804
  5 2016 9 4 100 -999 -999 -999 -999 0.393389674784609 -999 -999 -999 -999 -999 0.606610325215391
  5 2017 9 4 100 -999 -999 -999 -999 0.551633822777544 -999 -999 -999 -999 -999 0.448366177222456
  5 2018 9 2 100 -999 -999 -999 -999 -999 0.148769911124469 -999 -999 -999 -999 0.851230088875531
  5 2018 9 4 100 -999 -999 -999 -999 0.130503505870542 -999 -999 -999 -999 -999 0.869496494129458
  5 2018 9 4 100 -999 -999 -999 -999 -999 0.0901095635772787 -999 -999 -999 -999 0.909890436422721
  5 2018 9 5 100 -999 -999 -999 -999 -999 1 -999 -999 -999 -999 0
  5 2019 9 2 100 -999 -999 -999 -999 -999 0.0556394018901439 -999 -999 -999 -999 0.944360598109856
  5 2019 9 3 100 -999 0.0726827388226981 -999 -999 -999 -999 -999 -999 -999 -999 0.927317261177302
  5 2019 9 4 100 -999 -999 -999 -999 -999 0.092927111664723 -999 -999 -999 -999 0.907072888335277
  5 2019 9 5 100 -999 -999 -999 -999 -999 0.158415841584158 -999 -999 -999 -999 0.841584158415842
  6 2010 9 3 100 -999 0.364927498156778 -999 -999 -999 -999 -999 -999 -999 -999 0.635072501843222
  6 2012 9 3 100 -999 -999 0.270068429973978 -999 -999 -999 -999 -999 -999 -999 0.729931570026022
  6 2012 9 4 100 -999 -999 -999 -999 0.190210230604554 -999 -999 -999 -999 -999 0.809789769395446
  6 2012 9 5 100 -999 -999 -999 -999 -999 0.723722648372566 -999 -999 -999 -999 0.276277351627434
  6 2013 9 3 100 -999 0.539598418613878 -999 -999 -999 -999 -999 -999 -999 -999 0.460401581386122
  6 2013 9 4 100 -999 -999 -999 -999 -999 0.408094134268134 -999 -999 -999 -999 0.591905865731866
  6 2014 9 4 100 -999 -999 -999 -999 0.472159139908587 -999 -999 -999 -999 -999 0.527840860091414
  6 2015 9 3 100 -999 -999 -999 -999 0.0847151240028324 -999 -999 -999 -999 -999 0.915284875997168
  6 2015 9 3 100 -999 -999 0.211787810007081 -999 -999 -999 -999 -999 -999 -999 0.788212189992919
  6 2015 9 4 100 -999 -999 -999 -999 0.327283546563523 -999 -999 -999 -999 -999 0.672716453436477
  6 2015 9 4 100 -999 -999 -999 -999 -999 0.0952097590002975 -999 -999 -999 -999 0.904790240999702
  6 2015 9 5 100 -999 -999 -999 -999 -999 1 -999 -999 -999 -999 0
  6 2019 9 4 100 -999 -999 0.490778487047249 -999 -999 -999 -999 -999 -999 -999 0.509221512952752
  1 1998 10 3 100 -999 0.25740214672111 -999 -999 -999 -999 -999 -999 -999 -999 0.742597853278889
  1 1998 10 3 100 -999 -999 -999 -999 -999 0.0429003577868517 -999 -999 -999 -999 0.957099642213148
  5 2009 10 3 100 -999 -999 -999 -999 -999 0.0985874292679451 -999 -999 -999 -999 0.901412570732055
  6 2012 10 3 100 -999 0.0488945079273024 -999 -999 -999 -999 -999 -999 -999 -999 0.951105492072698
# end survey diet proportion observations 
#  
