full time series of predicted survey index
survey year spp area pred_survey
1 1 1 1 22962.9
1 1 2 1 234.974
1 1 3 1 136.535
1 1 4 1 1487.45
1 1 5 1 6713.62
1 1 6 1 2717.63
1 1 7 1 279156
1 1 8 1 7964.94
1 1 9 1 47371.1
1 1 10 1 4334.19
1 2 1 1 23079.1
1 2 2 1 213.496
1 2 3 1 117.775
1 2 4 1 1554.93
1 2 5 1 7494.1
1 2 6 1 2662.76
1 2 7 1 254714
1 2 8 1 7984.7
1 2 9 1 49899.7
1 2 10 1 4277.33
1 3 1 1 20843.3
1 3 2 1 183.586
1 3 3 1 102.639
1 3 4 1 1572.34
1 3 5 1 8099.34
1 3 6 1 2688.18
1 3 7 1 232821
1 3 8 1 7112.94
1 3 9 1 49933.9
1 3 10 1 4274.75
1 4 1 1 21771.8
1 4 2 1 155.859
1 4 3 1 90.8919
1 4 4 1 1557.15
1 4 5 1 8465.31
1 4 6 1 2707.52
1 4 7 1 212999
1 4 8 1 6784
1 4 9 1 49348.8
1 4 10 1 4815.75
1 5 1 1 19957
1 5 2 1 136.826
1 5 3 1 82.5774
1 5 4 1 1522.42
1 5 5 1 8665.19
1 5 6 1 2637.11
1 5 7 1 195635
1 5 8 1 6573.62
1 5 9 1 48267.9
1 5 10 1 4343.32
1 6 1 1 18830.3
1 6 2 1 127.927
1 6 3 1 75.4364
1 6 4 1 1486.81
1 6 5 1 8779.64
1 6 6 1 2482.97
1 6 7 1 179391
1 6 8 1 6037.18
1 6 9 1 47221.5
1 6 10 1 3183.54
1 7 1 1 18650.8
1 7 2 1 138.736
1 7 3 1 71.0143
1 7 4 1 1443.42
1 7 5 1 8780.35
1 7 6 1 2418.53
1 7 7 1 165098
1 7 8 1 5601.74
1 7 9 1 46711.3
1 7 10 1 2823.98
1 8 1 1 16097.4
1 8 2 1 199.226
1 8 3 1 68.8177
1 8 4 1 1374.41
1 8 5 1 8960.09
1 8 6 1 2509.02
1 8 7 1 152194
1 8 8 1 5116.5
1 8 9 1 45164
1 8 10 1 2457.92
1 9 1 1 15801.1
1 9 2 1 399.575
1 9 3 1 69.4437
1 9 4 1 1309.57
1 9 5 1 9011.59
1 9 6 1 2540.61
1 9 7 1 141324
1 9 8 1 4906.83
1 9 9 1 43717.8
1 9 10 1 1950.12
1 10 1 1 14704.1
1 10 2 1 716.44
1 10 3 1 72.8292
1 10 4 1 1242.57
1 10 5 1 9089.28
1 10 6 1 2504.38
1 10 7 1 175261
1 10 8 1 4607.94
1 10 9 1 42015.2
1 10 10 1 1530.54
1 11 1 1 13724.6
1 11 2 1 985.674
1 11 3 1 77.6448
1 11 4 1 1156.32
1 11 5 1 9166.49
1 11 6 1 2397.52
1 11 7 1 193188
1 11 8 1 4216.28
1 11 9 1 39951.1
1 11 10 1 2451.3
1 12 1 1 13028.2
1 12 2 1 1224.75
1 12 3 1 84.2693
1 12 4 1 1034.97
1 12 5 1 9184.95
1 12 6 1 2396.58
1 12 7 1 206843
1 12 8 1 4025.27
1 12 9 1 39380.8
1 12 10 1 3965.22
1 13 1 1 10295.3
1 13 2 1 1326.91
1 13 3 1 112.309
1 13 4 1 915.832
1 13 5 1 9157.35
1 13 6 1 2345.44
1 13 7 1 215037
1 13 8 1 3737.24
1 13 9 1 36593.9
1 13 10 1 2591.23
1 14 1 1 7486.78
1 14 2 1 1341.3
1 14 3 1 146.496
1 14 4 1 860.105
1 14 5 1 9150.28
1 14 6 1 2753.85
1 14 7 1 219024
1 14 8 1 3305.14
1 14 9 1 33967.1
1 14 10 1 2032.19
1 15 1 1 5321.28
1 15 2 1 1391.31
1 15 3 1 177.165
1 15 4 1 795.893
1 15 5 1 9194.13
1 15 6 1 3018.19
1 15 7 1 220259
1 15 8 1 2988.93
1 15 9 1 31885.1
1 15 10 1 1588.37
1 16 1 1 3503.16
1 16 2 1 1430.21
1 16 3 1 198.656
1 16 4 1 705.678
1 16 5 1 9368.96
1 16 6 1 3065.85
1 16 7 1 218706
1 16 8 1 2503.64
1 16 9 1 30449.4
1 16 10 1 1455.35
1 17 1 1 2551.53
1 17 2 1 1396.84
1 17 3 1 208.199
1 17 4 1 660.024
1 17 5 1 9499
1 17 6 1 2923.55
1 17 7 1 214151
1 17 8 1 3168.33
1 17 9 1 29552.7
1 17 10 1 1462.76
1 18 1 1 3448.02
1 18 2 1 1459.87
1 18 3 1 296.29
1 18 4 1 615.877
1 18 5 1 9622.57
1 18 6 1 2731.52
1 18 7 1 208147
1 18 8 1 3722
1 18 9 1 30289.9
1 18 10 1 2421.78
1 19 1 1 3962.16
1 19 2 1 1723.27
1 19 3 1 409.981
1 19 4 1 582.275
1 19 5 1 10045.9
1 19 6 1 2566.31
1 19 7 1 202859
1 19 8 1 4068.51
1 19 9 1 30579.7
1 19 10 1 3383.89
1 20 1 1 4016.08
1 20 2 1 1858.24
1 20 3 1 507.257
1 20 4 1 547.776
1 20 5 1 10402.7
1 20 6 1 2640.37
1 20 7 1 196616
1 20 8 1 4046.98
1 20 9 1 32781.7
1 20 10 1 4640.64
1 21 1 1 4178.34
1 21 2 1 1819.83
1 21 3 1 613.875
1 21 4 1 535.849
1 21 5 1 10747
1 21 6 1 2663.42
1 21 7 1 189821
1 21 8 1 4623.71
1 21 9 1 33988.5
1 21 10 1 6035.25
1 22 1 1 4037.37
1 22 2 1 1774.25
1 22 3 1 695.466
1 22 4 1 508.686
1 22 5 1 10964.4
1 22 6 1 2568.49
1 22 7 1 181998
1 22 8 1 5164.03
1 22 9 1 35353.9
1 22 10 1 6424.98
1 23 1 1 4102.46
1 23 2 1 1896.16
1 23 3 1 750.845
1 23 4 1 488.461
1 23 5 1 11544.5
1 23 6 1 2534.14
1 23 7 1 174498
1 23 8 1 5376.77
1 23 9 1 37056.8
1 23 10 1 5486.68
1 24 1 1 3579.09
1 24 2 1 1947.96
1 24 3 1 773.755
1 24 4 1 473.745
1 24 5 1 12293.2
1 24 6 1 2498.34
1 24 7 1 167029
1 24 8 1 4983.17
1 24 9 1 33891.1
1 24 10 1 4381.98
1 25 1 1 3155.59
1 25 2 1 1851.15
1 25 3 1 763.081
1 25 4 1 452.528
1 25 5 1 13391.6
1 25 6 1 2483.16
1 25 7 1 159187
1 25 8 1 4639.67
1 25 9 1 35276.7
1 25 10 1 3544.16
1 26 1 1 2327.97
1 26 2 1 1765.88
1 26 3 1 741.232
1 26 4 1 413.07
1 26 5 1 17966.4
1 26 6 1 2541.54
1 26 7 1 152102
1 26 8 1 4072.77
1 26 9 1 31576.1
1 26 10 1 3017.75
1 27 1 1 2274.32
1 27 2 1 1794.15
1 27 3 1 710.84
1 27 4 1 397.507
1 27 5 1 24145.4
1 27 6 1 2693.76
1 27 7 1 145573
1 27 8 1 3621.09
1 27 9 1 32180.9
1 27 10 1 1723.56
1 28 1 1 2374.88
1 28 2 1 1835.52
1 28 3 1 670.783
1 28 4 1 363.665
1 28 5 1 29249.3
1 28 6 1 2782.23
1 28 7 1 139186
1 28 8 1 3493.21
1 28 9 1 33088.2
1 28 10 1 1245.92
1 29 1 1 2528.27
1 29 2 1 1786.71
1 29 3 1 622.417
1 29 4 1 329.04
1 29 5 1 33718
1 29 6 1 2857.68
1 29 7 1 132753
1 29 8 1 3505.89
1 29 9 1 34083.1
1 29 10 1 1377.28
1 30 1 1 2396.43
1 30 2 1 1692.66
1 30 3 1 577.139
1 30 4 1 339.113
1 30 5 1 38693.4
1 30 6 1 2867.14
1 30 7 1 127046
1 30 8 1 3623.72
1 30 9 1 33254.6
1 30 10 1 1574.58
1 31 1 1 1920.18
1 31 2 1 1586.83
1 31 3 1 528.906
1 31 4 1 365.76
1 31 5 1 42517.4
1 31 6 1 2785.57
1 31 7 1 121566
1 31 8 1 3568.71
1 31 9 1 32609.6
1 31 10 1 1548.65
1 32 1 1 1523.25
1 32 2 1 1518.48
1 32 3 1 481.457
1 32 4 1 402.935
1 32 5 1 45246.5
1 32 6 1 3407.81
1 32 7 1 116638
1 32 8 1 3448.89
1 32 9 1 29737
1 32 10 1 1261.19
1 33 1 1 1375.05
1 33 2 1 1492.63
1 33 3 1 481.903
1 33 4 1 449.347
1 33 5 1 48919.4
1 33 6 1 3990.75
1 33 7 1 112447
1 33 8 1 3350.81
1 33 9 1 27985.4
1 33 10 1 1172.8
1 34 1 1 1145.51
1 34 2 1 1555.79
1 34 3 1 502.791
1 34 4 1 489.503
1 34 5 1 54276.9
1 34 6 1 4792.25
1 34 7 1 108983
1 34 8 1 3163.52
1 34 9 1 27526
1 34 10 1 1024.13
1 35 1 1 1200.4
1 35 2 1 1583.85
1 35 3 1 524.333
1 35 4 1 513.547
1 35 5 1 59526.3
1 35 6 1 5712.55
1 35 7 1 105909
1 35 8 1 2991.65
1 35 9 1 28266.2
1 35 10 1 977.164
1 36 1 1 1657.02
1 36 2 1 1541.12
1 36 3 1 539.733
1 36 4 1 688.807
1 36 5 1 72811.2
1 36 6 1 6296.32
1 36 7 1 103318
1 36 8 1 2836.43
1 36 9 1 30334.2
1 36 10 1 1039.84
1 37 1 1 2271.53
1 37 2 1 1466.27
1 37 3 1 725.17
1 37 4 1 853.504
1 37 5 1 91005.1
1 37 6 1 6745.69
1 37 7 1 101011
1 37 8 1 2739.05
1 37 9 1 31021.4
1 37 10 1 1104.4
1 38 1 1 3068.21
1 38 2 1 1348.89
1 38 3 1 958.779
1 38 4 1 1031.51
1 38 5 1 104611
1 38 6 1 6805.03
1 38 7 1 98833.9
1 38 8 1 2633.17
1 38 9 1 30910.2
1 38 10 1 1179.23
1 39 1 1 3900.26
1 39 2 1 1187.46
1 39 3 1 1145.36
1 39 4 1 1209.01
1 39 5 1 121430
1 39 6 1 6805.89
1 39 7 1 96498.3
1 39 8 1 2541.25
1 39 9 1 30802.9
1 39 10 1 1246.3
1 40 1 1 4743.47
1 40 2 1 1034.8
1 40 3 1 1269.24
1 40 4 1 1377.39
1 40 5 1 136178
1 40 6 1 8088.69
1 40 7 1 94313.7
1 40 8 1 2432.06
1 40 9 1 29908.7
1 40 10 1 1295.93
1 41 1 1 5483.59
1 41 2 1 893.933
1 41 3 1 1311.54
1 41 4 1 1544.82
1 41 5 1 147285
1 41 6 1 8857.58
1 41 7 1 92167.4
1 41 8 1 2313.62
1 41 9 1 28958
1 41 10 1 1403.92
1 42 1 1 8357.66
1 42 2 1 792.576
1 42 3 1 1292.49
1 42 4 1 1700.91
1 42 5 1 158839
1 42 6 1 13116.4
1 42 7 1 90201.6
1 42 8 1 2220.04
1 42 9 1 29006.7
1 42 10 1 1687.59
2 1 1 1 40328.3
2 1 2 1 240.9
2 1 3 1 438.825
2 1 4 1 544.852
2 1 5 1 10065.3
2 1 6 1 1888.66
2 1 7 1 24794.5
2 1 8 1 3858.35
2 1 9 1 30950.1
2 1 10 1 2903.23
2 2 1 1 40805.6
2 2 2 1 222.016
2 2 3 1 380.425
2 2 4 1 570.936
2 2 5 1 11307.8
2 2 6 1 1838.29
2 2 7 1 22651.6
2 2 8 1 3960.46
2 2 9 1 32677.9
2 2 10 1 2900.58
2 3 1 1 36938.6
2 3 2 1 191.649
2 3 3 1 332.34
2 3 4 1 578.053
2 3 5 1 12312.4
2 3 6 1 1839.32
2 3 7 1 20718.8
2 3 8 1 3577.64
2 3 9 1 32730.6
2 3 10 1 2799.47
2 4 1 1 38087.7
2 4 2 1 163.023
2 4 3 1 294.07
2 4 4 1 572.82
2 4 5 1 12961.2
2 4 6 1 1843.72
2 4 7 1 18959.9
2 4 8 1 3366.29
2 4 9 1 32359.3
2 4 10 1 3210.54
2 5 1 1 34965.3
2 5 2 1 143.145
2 5 3 1 266.425
2 5 4 1 560.068
2 5 5 1 13337.4
2 5 6 1 1800.3
2 5 7 1 17414
2 5 8 1 3278.11
2 5 9 1 31656
2 5 10 1 2911.05
2 6 1 1 33112.9
2 6 2 1 133.66
2 6 3 1 242.65
2 6 4 1 546.85
2 6 5 1 13533.8
2 6 6 1 1697.92
2 6 7 1 15965.6
2 6 8 1 3035.35
2 6 9 1 30972.1
2 6 10 1 2134.64
2 7 1 1 32876.3
2 7 2 1 144.238
2 7 3 1 227.393
2 7 4 1 530.691
2 7 5 1 13568.5
2 7 6 1 1643.7
2 7 7 1 14690
2 7 8 1 2814.79
2 7 9 1 30635.4
2 7 10 1 1927.46
2 8 1 1 28435.1
2 8 2 1 207.908
2 8 3 1 219.044
2 8 4 1 505.123
2 8 5 1 13786.1
2 8 6 1 1684.93
2 8 7 1 13538
2 8 8 1 2582.43
2 8 9 1 29615.3
2 8 10 1 1679.26
2 9 1 1 27727.7
2 9 2 1 412.407
2 9 3 1 219.721
2 9 4 1 481.089
2 9 5 1 13899
2 9 6 1 1711.2
2 9 7 1 12565.9
2 9 8 1 2467.32
2 9 9 1 28666.3
2 9 10 1 1324.27
2 10 1 1 25834.8
2 10 2 1 724.551
2 10 3 1 229.295
2 10 4 1 456.287
2 10 5 1 14027.4
2 10 6 1 1696.22
2 10 7 1 15141.2
2 10 8 1 2317.04
2 10 9 1 27552
2 10 10 1 1037.05
2 11 1 1 23919.9
2 11 2 1 1017.07
2 11 3 1 243.59
2 11 4 1 424.397
2 11 5 1 14149.6
2 11 6 1 1630.41
2 11 7 1 16701.6
2 11 8 1 2130.22
2 11 9 1 26198.7
2 11 10 1 1534.83
2 12 1 1 22773.5
2 12 2 1 1259.19
2 12 3 1 263.47
2 12 4 1 379.636
2 12 5 1 14197.5
2 12 6 1 1618.05
2 12 7 1 17941.6
2 12 8 1 2025.94
2 12 9 1 25824.7
2 12 10 1 2601.05
2 13 1 1 18036.7
2 13 2 1 1373.17
2 13 3 1 341.7
2 13 4 1 335.707
2 13 5 1 14164.8
2 13 6 1 1584.43
2 13 7 1 18726.2
2 13 8 1 1882.85
2 13 9 1 23994.2
2 13 10 1 1733.05
2 14 1 1 13123.1
2 14 2 1 1398.48
2 14 3 1 442.352
2 14 4 1 314.12
2 14 5 1 14146.3
2 14 6 1 1811.53
2 14 7 1 19143
2 14 8 1 1672.08
2 14 9 1 22263.9
2 14 10 1 1383.3
2 15 1 1 9319.81
2 15 2 1 1446.46
2 15 3 1 539.066
2 15 4 1 289.739
2 15 5 1 14198.3
2 15 6 1 1999.89
2 15 7 1 19308.9
2 15 8 1 1511.23
2 15 9 1 20881.8
2 15 10 1 1087.41
2 16 1 1 6128.32
2 16 2 1 1483.75
2 16 3 1 611.437
2 16 4 1 256.261
2 16 5 1 14421.1
2 16 6 1 2051.99
2 16 7 1 19218.9
2 16 8 1 1267.87
2 16 9 1 19916.5
2 16 10 1 972.056
2 17 1 1 4441.34
2 17 2 1 1455.78
2 17 3 1 647.995
2 17 4 1 239.411
2 17 5 1 14618.1
2 17 6 1 1971.33
2 17 7 1 18855
2 17 8 1 1519.99
2 17 9 1 19293.1
2 17 10 1 958.953
2 18 1 1 5863.59
2 18 2 1 1526.52
2 18 3 1 892.875
2 18 4 1 223.103
2 18 5 1 14807.3
2 18 6 1 1846.15
2 18 7 1 18350.8
2 18 8 1 1802.28
2 18 9 1 19716.2
2 18 10 1 1575.52
2 19 1 1 6823.95
2 19 2 1 1772.73
2 19 3 1 1226.84
2 19 4 1 210.546
2 19 5 1 15383.5
2 19 6 1 1737.12
2 19 7 1 17899.7
2 19 8 1 1998.56
2 19 9 1 19877.4
2 19 10 1 2276.37
2 20 1 1 6980.63
2 20 2 1 1923.24
2 20 3 1 1534.52
2 20 4 1 197.55
2 20 5 1 15944.6
2 20 6 1 1762.49
2 20 7 1 17362.8
2 20 8 1 2014.52
2 20 9 1 21304.2
2 20 10 1 3081.44
2 21 1 1 7293.65
2 21 2 1 1895.05
2 21 3 1 1869.47
2 21 4 1 192.869
2 21 5 1 16488.2
2 21 6 1 1781.54
2 21 7 1 16775.5
2 21 8 1 2253.9
2 21 9 1 22101.3
2 21 10 1 4076.52
2 22 1 1 7063.66
2 22 2 1 1859.11
2 22 3 1 2136.13
2 22 4 1 182.855
2 22 5 1 16862.6
2 22 6 1 1727.79
2 22 7 1 16096.5
2 22 8 1 2538.08
2 22 9 1 23007.1
2 22 10 1 4426.35
2 23 1 1 7156.98
2 23 2 1 1961.99
2 23 3 1 2330.79
2 23 4 1 175.494
2 23 5 1 17664.1
2 23 6 1 1701.42
2 23 7 1 15442.7
2 23 8 1 2675.12
2 23 9 1 24123.3
2 23 10 1 3828.86
2 24 1 1 6247.09
2 24 2 1 2022.47
2 24 3 1 2427.65
2 24 4 1 170.247
2 24 5 1 18759.2
2 24 6 1 1677.81
2 24 7 1 14789.4
2 24 8 1 2506.05
2 24 9 1 21994.7
2 24 10 1 3074.93
2 25 1 1 5524.6
2 25 2 1 1931.01
2 25 3 1 2417.46
2 25 4 1 162.775
2 25 5 1 20336.8
2 25 6 1 1664.29
2 25 7 1 14102.1
2 25 8 1 2351.76
2 25 9 1 22898
2 25 10 1 2495.38
2 26 1 1 4076.04
2 26 2 1 1849.89
2 26 3 1 2366.95
2 26 4 1 148.565
2 26 5 1 26335
2 26 6 1 1699.2
2 26 7 1 13479.5
2 26 8 1 2076.68
2 26 9 1 20528
2 26 10 1 2127.64
2 27 1 1 3990.41
2 27 2 1 1868.76
2 27 3 1 2284.31
2 27 4 1 142.998
2 27 5 1 35284.8
2 27 6 1 1793.97
2 27 7 1 12904.4
2 27 8 1 1854.3
2 27 9 1 20948.9
2 27 10 1 1200.99
2 28 1 1 4167.54
2 28 2 1 1908.7
2 28 3 1 2166.3
2 28 4 1 130.864
2 28 5 1 43501.3
2 28 6 1 1859.08
2 28 7 1 12341
2 28 8 1 1769.75
2 28 9 1 21552.5
2 28 10 1 851.541
2 29 1 1 4419.1
2 29 2 1 1862.87
2 29 3 1 2017.31
2 29 4 1 118.335
2 29 5 1 50713.8
2 29 6 1 1908.93
2 29 7 1 11772.8
2 29 8 1 1774.94
2 29 9 1 22210.1
2 29 10 1 925.681
2 30 1 1 4194.34
2 30 2 1 1769.19
2 30 3 1 1875.31
2 30 4 1 121.585
2 30 5 1 58393.4
2 30 6 1 1923.54
2 30 7 1 11266.6
2 30 8 1 1825.69
2 30 9 1 21685
2 30 10 1 1060.63
2 31 1 1 3364.21
2 31 2 1 1661.85
2 31 3 1 1722.15
2 31 4 1 130.834
2 31 5 1 64671.2
2 31 6 1 1876.23
2 31 7 1 10779.8
2 31 8 1 1799.68
2 31 9 1 21276.5
2 31 10 1 1060.45
2 32 1 1 2672.15
2 32 2 1 1583.7
2 32 3 1 1569.98
2 32 4 1 144.417
2 32 5 1 69277.8
2 32 6 1 2223.14
2 32 7 1 10339.3
2 32 8 1 1746.46
2 32 9 1 19413.7
2 32 10 1 874.235
2 33 1 1 2418.72
2 33 2 1 1562.48
2 33 3 1 1547.81
2 33 4 1 161.616
2 33 5 1 74696
2 33 6 1 2614.35
2 33 7 1 9961.84
2 33 8 1 1705.23
2 33 9 1 18265.1
2 33 10 1 821.192
2 34 1 1 2015.43
2 34 2 1 1615.17
2 34 3 1 1593.08
2 34 4 1 176.708
2 34 5 1 82361.3
2 34 6 1 3129.28
2 34 7 1 9647.13
2 34 8 1 1615.55
2 34 9 1 17898.8
2 34 10 1 718.845
2 35 1 1 2095.59
2 35 2 1 1644.57
2 35 3 1 1653.43
2 35 4 1 185.956
2 35 5 1 90380.8
2 35 6 1 3731.33
2 35 7 1 9369.92
2 35 8 1 1526.09
2 35 9 1 18355.9
2 35 10 1 688.37
2 36 1 1 2862.66
2 36 2 1 1608.49
2 36 3 1 1704.23
2 36 4 1 242.751
2 36 5 1 108458
2 36 6 1 4158.41
2 36 7 1 9137.62
2 36 8 1 1446.89
2 36 9 1 19707.9
2 36 10 1 738.1
2 37 1 1 3924.82
2 37 2 1 1529.91
2 37 3 1 2215.4
2 37 4 1 301.202
2 37 5 1 134796
2 37 6 1 4476.91
2 37 7 1 8932.37
2 37 8 1 1399.55
2 37 9 1 20180.9
2 37 10 1 786.82
2 38 1 1 5330.65
2 38 2 1 1410.93
2 38 3 1 2899.33
2 38 4 1 366.541
2 38 5 1 157183
2 38 6 1 4555.47
2 38 7 1 8740.32
2 38 8 1 1349.33
2 38 9 1 20144.3
2 38 10 1 843.764
2 39 1 1 6827.86
2 39 2 1 1244.33
2 39 3 1 3492.37
2 39 4 1 432.92
2 39 5 1 182438
2 39 6 1 4555.26
2 39 7 1 8535.78
2 39 8 1 1306.43
2 39 9 1 20109.1
2 39 10 1 896.072
2 40 1 1 8347.13
2 40 2 1 1085.58
2 40 3 1 3920.22
2 40 4 1 496.547
2 40 5 1 205983
2 40 6 1 5291.02
2 40 7 1 8344.23
2 40 8 1 1254.05
2 40 9 1 19552.8
2 40 10 1 935.099
2 41 1 1 9682.05
2 41 2 1 938.616
2 41 3 1 4103.35
2 41 4 1 559.944
2 41 5 1 224385
2 41 6 1 5844
2 41 7 1 8155.54
2 41 8 1 1195.52
2 41 9 1 18949.7
2 41 10 1 1005.53
2 42 1 1 14427.7
2 42 2 1 830.721
2 42 3 1 4089.13
2 42 4 1 619.097
2 42 5 1 242267
2 42 6 1 8355.22
2 42 7 1 7981.52
2 42 8 1 1147.78
2 42 9 1 18992.6
2 42 10 1 1190.82
full time series of predicted catch
fleet year spp area pred_catch
1 1 1 1 17375.6
1 1 2 1 2.60981e-10
1 1 3 1 1.56812e-09
1 1 4 1 1.12243e-11
1 1 5 1 1.58347e-08
1 1 6 1 6.27105e-08
1 1 7 1 1.98808e-07
1 1 8 1 1.60151e-12
1 1 9 1 3.78603e-11
1 1 10 1 5.41402e-13
1 2 1 1 18645
1 2 2 1 1.03677e-09
1 2 3 1 1.18032e-09
1 2 4 1 1.08043e-11
1 2 5 1 1.66499e-08
1 2 6 1 4.30246e-08
1 2 7 1 1.54425e-07
1 2 8 1 2.95877e-12
1 2 9 1 3.52365e-11
1 2 10 1 3.82974e-13
1 3 1 1 25184
1 3 2 1 1.51519e-09
1 3 3 1 1.39384e-09
1 3 4 1 1.49823e-11
1 3 5 1 2.59247e-08
1 3 6 1 4.93853e-08
1 3 7 1 1.86166e-07
1 3 8 1 5.31329e-12
1 3 9 1 4.826e-11
1 3 10 1 4.73039e-13
1 4 1 1 20605.4
1 4 2 1 1.21501e-09
1 4 3 1 1.1002e-09
1 4 4 1 1.34446e-11
1 4 5 1 2.60365e-08
1 4 6 1 3.86757e-08
1 4 7 1 1.50855e-07
1 4 8 1 5.03659e-12
1 4 9 1 4.27551e-11
1 4 10 1 3.32923e-13
1 5 1 1 31951.1
1 5 2 1 1.87355e-09
1 5 3 1 1.73249e-09
1 5 4 1 2.36209e-11
1 5 5 1 5.04734e-08
1 5 6 1 6.19908e-08
1 5 7 1 2.45104e-07
1 5 8 1 8.70087e-12
1 5 9 1 7.48619e-11
1 5 10 1 5.35374e-13
1 6 1 1 24476.3
1 6 2 1 1.28891e-09
1 6 3 1 1.23235e-09
1 6 4 1 1.85376e-11
1 6 5 1 4.2718e-08
1 6 6 1 4.53349e-08
1 6 7 1 1.79949e-07
1 6 8 1 6.77921e-12
1 6 9 1 5.88599e-11
1 6 10 1 4.38655e-13
1 7 1 1 16850.2
1 7 2 1 7.65983e-10
1 7 3 1 7.46594e-10
1 7 4 1 1.2227e-11
1 7 5 1 2.97263e-08
1 7 6 1 2.76865e-08
1 7 7 1 1.11706e-07
1 7 8 1 4.44946e-12
1 7 9 1 3.92989e-11
1 7 10 1 2.42675e-13
1 8 1 1 26077.2
1 8 2 1 1.17926e-09
1 8 3 1 1.0972e-09
1 8 4 1 1.89787e-11
1 8 5 1 4.8756e-08
1 8 6 1 4.01767e-08
1 8 7 1 1.65837e-07
1 8 8 1 6.84837e-12
1 8 9 1 6.21791e-11
1 8 10 1 4.86615e-13
1 9 1 1 18454.1
1 9 2 1 1.03448e-09
1 9 3 1 7.95868e-10
1 9 4 1 1.40918e-11
1 9 5 1 3.81887e-08
1 9 6 1 2.88907e-08
1 9 7 1 1.19412e-07
1 9 8 1 5.09516e-12
1 9 9 1 4.69939e-11
1 9 10 1 3.38294e-13
1 10 1 1 21092.4
1 10 2 1 1.90989e-09
1 10 3 1 9.67243e-10
1 10 4 1 1.68669e-11
1 10 5 1 4.90271e-08
1 10 6 1 3.55528e-08
1 10 7 1 1.39909e-07
1 10 8 1 6.06775e-12
1 10 9 1 5.72737e-11
1 10 10 1 2.90011e-13
1 11 1 1 26245.8
1 11 2 1 5.50742e-09
1 11 3 1 1.3496e-09
1 11 4 1 2.20471e-11
1 11 5 1 6.9274e-08
1 11 6 1 4.82125e-08
1 11 7 1 1.98047e-07
1 11 8 1 7.88398e-12
1 11 9 1 7.6505e-11
1 11 10 1 3.13397e-13
1 12 1 1 21946.3
1 12 2 1 9.98835e-09
1 12 3 1 1.31241e-09
1 12 4 1 1.89524e-11
1 12 5 1 6.61822e-08
1 12 6 1 4.32494e-08
1 12 7 1 2.02697e-07
1 12 8 1 7.04665e-12
1 12 9 1 7.00425e-11
1 12 10 1 2.15883e-13
1 13 1 1 29342.1
1 13 2 1 1.94402e-08
1 13 3 1 2.05226e-09
1 13 4 1 2.50827e-11
1 13 5 1 9.97468e-08
1 13 6 1 6.00678e-08
1 13 7 1 3.30669e-07
1 13 8 1 9.8953e-12
1 13 9 1 1.00274e-10
1 13 10 1 3.02304e-13
1 14 1 1 26031.2
1 14 2 1 2.75684e-08
1 14 3 1 2.48014e-09
1 14 4 1 2.56602e-11
1 14 5 1 1.13981e-07
1 14 6 1 6.53992e-08
1 14 7 1 4.05039e-07
1 14 8 1 1.0337e-11
1 14 9 1 1.06094e-10
1 14 10 1 5.34871e-13
1 15 1 1 19731.9
1 15 2 1 3.12331e-08
1 15 3 1 2.89687e-09
1 15 4 1 2.44523e-11
1 15 5 1 1.19793e-07
1 15 6 1 6.57846e-08
1 15 7 1 4.48738e-07
1 15 8 1 9.92766e-12
1 15 9 1 1.0381e-10
1 15 10 1 7.38045e-13
1 16 1 1 15475.5
1 16 2 1 3.62929e-08
1 16 3 1 4.29817e-09
1 16 4 1 2.51818e-11
1 16 5 1 1.39571e-07
1 16 6 1 8.45039e-08
1 16 7 1 5.40162e-07
1 16 8 1 1.0234e-11
1 16 9 1 1.13619e-10
1 16 10 1 7.73696e-13
1 17 1 1 9755.79
1 17 2 1 3.55397e-08
1 17 3 1 5.19197e-09
1 17 4 1 2.1374e-11
1 17 5 1 1.32789e-07
1 17 6 1 8.41906e-08
1 17 7 1 5.19839e-07
1 17 8 1 8.6829e-12
1 17 9 1 1.02591e-10
1 17 10 1 4.83802e-13
1 18 1 1 4642.57
1 18 2 1 2.14803e-08
1 18 3 1 3.6665e-09
1 18 4 1 1.17218e-11
1 18 5 1 7.96841e-08
1 18 6 1 4.90208e-08
1 18 7 1 3.07387e-07
1 18 8 1 4.84596e-12
1 18 9 1 5.94996e-11
1 18 10 1 2.41534e-13
1 19 1 1 5788.88
1 19 2 1 2.47712e-08
1 19 3 1 4.87267e-09
1 19 4 1 1.28211e-11
1 19 5 1 9.54875e-08
1 19 6 1 5.47107e-08
1 19 7 1 3.58342e-07
1 19 8 1 6.086e-12
1 19 9 1 6.99242e-11
1 19 10 1 5.38214e-13
1 20 1 1 7086.4
1 20 2 1 2.40782e-08
1 20 3 1 5.1302e-09
1 20 4 1 1.09837e-11
1 20 5 1 9.01211e-08
1 20 6 1 4.76279e-08
1 20 7 1 3.25992e-07
1 20 8 1 6.50527e-12
1 20 9 1 6.66949e-11
1 20 10 1 8.40511e-13
1 21 1 1 5799.99
1 21 2 1 2.06135e-08
1 21 3 1 4.8455e-09
1 21 4 1 7.14582e-12
1 21 5 1 6.48947e-08
1 21 6 1 3.08432e-08
1 21 7 1 2.20857e-07
1 21 8 1 5.06735e-12
1 21 9 1 4.8824e-11
1 21 10 1 9.50485e-13
1 22 1 1 6570.25
1 22 2 1 2.33263e-08
1 22 3 1 6.91055e-09
1 22 4 1 7.19246e-12
1 22 5 1 7.14375e-08
1 22 6 1 3.30196e-08
1 22 7 1 2.27416e-07
1 22 8 1 5.82702e-12
1 22 9 1 5.411e-11
1 22 10 1 1.2771e-12
1 23 1 1 5969.96
1 23 2 1 2.05144e-08
1 23 3 1 7.85467e-09
1 23 4 1 6.17852e-12
1 23 5 1 6.7223e-08
1 23 6 1 2.98636e-08
1 23 7 1 1.99688e-07
1 23 8 1 5.90017e-12
1 23 9 1 5.16527e-11
1 23 10 1 1.55535e-12
1 24 1 1 8405.8
1 24 2 1 3.0602e-08
1 24 3 1 1.46875e-08
1 24 4 1 9.16435e-12
1 24 5 1 1.06643e-07
1 24 6 1 4.45789e-08
1 24 7 1 2.96758e-07
1 24 8 1 9.93236e-12
1 24 9 1 7.75975e-11
1 24 10 1 2.43073e-12
1 25 1 1 6747.87
1 25 2 1 3.03148e-08
1 25 3 1 1.51355e-08
1 25 4 1 7.92963e-12
1 25 5 1 9.99148e-08
1 25 6 1 3.90674e-08
1 25 7 1 2.55072e-07
1 25 8 1 9.25131e-12
1 25 9 1 6.63276e-11
1 25 10 1 1.94952e-12
1 26 1 1 8022.19
1 26 2 1 4.46147e-08
1 26 3 1 2.37747e-08
1 26 4 1 1.06943e-11
1 26 5 1 1.52228e-07
1 26 6 1 5.50364e-08
1 26 7 1 3.51045e-07
1 26 8 1 1.32288e-11
1 26 9 1 9.27335e-11
1 26 10 1 2.42801e-12
1 27 1 1 3206.9
1 27 2 1 1.98182e-08
1 27 3 1 1.1527e-08
1 27 4 1 4.60723e-12
1 27 5 1 7.65536e-08
1 27 6 1 2.5464e-08
1 27 7 1 1.5503e-07
1 27 8 1 5.78792e-12
1 27 9 1 4.1227e-11
1 27 10 1 7.66704e-13
1 28 1 1 2330.66
1 28 2 1 1.32038e-08
1 28 3 1 8.21639e-09
1 28 4 1 3.03871e-12
1 28 5 1 6.87942e-08
1 28 6 1 1.83065e-08
1 28 7 1 1.04141e-07
1 28 8 1 3.83638e-12
1 28 9 1 2.98589e-11
1 28 10 1 2.7995e-13
1 29 1 1 2646.45
1 29 2 1 1.4835e-08
1 29 3 1 8.88683e-09
1 29 4 1 3.03726e-12
1 29 5 1 1.00769e-07
1 29 6 1 2.10697e-08
1 29 7 1 1.09474e-07
1 29 8 1 4.01338e-12
1 29 9 1 3.3931e-11
1 29 10 1 2.13237e-13
1 30 1 1 3975.01
1 30 2 1 2.34934e-08
1 30 3 1 1.3238e-08
1 30 4 1 4.46568e-12
1 30 5 1 1.94137e-07
1 30 6 1 3.34079e-08
1 30 7 1 1.62146e-07
1 30 8 1 6.08369e-12
1 30 9 1 5.29985e-11
1 30 10 1 2.95314e-13
1 31 1 1 5311.91
1 31 2 1 3.47505e-08
1 31 3 1 1.9018e-08
1 31 4 1 6.96055e-12
1 31 5 1 3.4839e-07
1 31 6 1 5.20584e-08
1 31 7 1 2.35529e-07
1 31 8 1 9.03023e-12
1 31 9 1 7.92069e-11
1 31 10 1 4.60729e-13
1 32 1 1 4253.85
1 32 2 1 3.2037e-08
1 32 3 1 1.74904e-08
1 32 4 1 7.43626e-12
1 32 5 1 3.96405e-07
1 32 6 1 5.09991e-08
1 32 7 1 2.22359e-07
1 32 8 1 8.67595e-12
1 32 9 1 7.44657e-11
1 32 10 1 5.14528e-13
1 33 1 1 2411.59
1 33 2 1 1.92328e-08
1 33 3 1 1.04429e-08
1 33 4 1 5.46346e-12
1 33 5 1 2.8475e-07
1 33 6 1 3.21075e-08
1 33 7 1 1.37896e-07
1 33 8 1 5.6071e-12
1 33 9 1 4.47965e-11
1 33 10 1 3.72594e-13
1 34 1 1 2576.36
1 34 2 1 2.22214e-08
1 34 3 1 1.14243e-08
1 34 4 1 7.4465e-12
1 34 5 1 3.65508e-07
1 34 6 1 4.64372e-08
1 34 7 1 1.58385e-07
1 34 8 1 6.71405e-12
1 34 9 1 5.08824e-11
1 34 10 1 4.71787e-13
1 35 1 1 1444.54
1 35 2 1 1.33335e-08
1 35 3 1 6.54707e-09
1 35 4 1 5.12695e-12
1 35 5 1 2.4479e-07
1 35 6 1 3.37762e-08
1 35 7 1 9.52226e-08
1 35 8 1 4.08685e-12
1 35 9 1 3.10263e-11
1 35 10 1 2.86914e-13
1 36 1 1 698.287
1 36 2 1 6.51513e-09
1 36 3 1 2.95307e-09
1 36 4 1 2.56598e-12
1 36 5 1 1.23295e-07
1 36 6 1 1.85841e-08
1 36 7 1 4.24021e-08
1 36 8 1 1.79702e-12
1 36 9 1 1.48578e-11
1 36 10 1 1.41262e-13
1 37 1 1 1135.07
1 37 2 1 8.84559e-09
1 37 3 1 4.00169e-09
1 37 4 1 3.73637e-12
1 37 5 1 1.78525e-07
1 37 6 1 2.93115e-08
1 37 7 1 5.43374e-08
1 37 8 1 2.27441e-12
1 37 9 1 2.06359e-11
1 37 10 1 2.15931e-13
1 38 1 1 1055.56
1 38 2 1 5.62502e-09
1 38 3 1 2.75778e-09
1 38 4 1 3.11245e-12
1 38 5 1 1.40248e-07
1 38 6 1 2.13761e-08
1 38 7 1 3.49859e-08
1 38 8 1 1.46561e-12
1 38 9 1 1.39173e-11
1 38 10 1 1.62137e-13
1 39 1 1 890.272
1 39 2 1 3.08823e-09
1 39 3 1 1.71876e-09
1 39 4 1 2.30882e-12
1 39 5 1 1.00473e-07
1 39 6 1 1.31867e-08
1 39 7 1 1.98616e-08
1 39 8 1 8.40562e-13
1 39 9 1 8.17755e-12
1 39 10 1 1.05053e-13
1 40 1 1 630.57
1 40 2 1 1.43301e-09
1 40 3 1 1.11153e-09
1 40 4 1 1.46814e-12
1 40 5 1 6.03954e-08
1 40 6 1 6.76236e-09
1 40 7 1 9.97985e-09
1 40 8 1 4.28152e-13
1 40 9 1 4.1938e-12
1 40 10 1 5.98202e-14
1 41 1 1 724.201
1 41 2 1 1.13743e-09
1 41 3 1 1.27759e-09
1 41 4 1 1.58846e-12
1 41 5 1 6.36295e-08
1 41 6 1 6.13911e-09
1 41 7 1 8.83181e-09
1 41 8 1 3.80969e-13
1 41 9 1 3.71973e-12
1 41 10 1 5.86e-14
1 42 1 1 377.446
1 42 2 1 4.26106e-10
1 42 3 1 6.62142e-10
1 42 4 1 8.05023e-13
1 42 5 1 3.13311e-08
1 42 6 1 3.13188e-09
1 42 7 1 3.76926e-09
1 42 8 1 1.62488e-13
1 42 9 1 1.60984e-12
1 42 10 1 2.72193e-14
2 1 1 1 2.60724e-15
2 1 2 1 1339.94
2 1 3 1 1.08256e-12
2 1 4 1 1.39038e-15
2 1 5 1 2.68795e-12
2 1 6 1 1.13535e-11
2 1 7 1 2.40912e-11
2 1 8 1 1.1404e-15
2 1 9 1 4.53456e-15
2 1 10 1 2.947e-16
2 2 1 1 1.5871e-15
2 2 2 1 797.665
2 2 3 1 5.16872e-13
2 2 4 1 8.53881e-16
2 2 5 1 1.69337e-12
2 2 6 1 6.06719e-12
2 2 7 1 1.21141e-11
2 2 8 1 6.9992e-16
2 2 9 1 2.72366e-15
2 2 10 1 1.78922e-16
2 3 1 1 2.96868e-15
2 3 2 1 1362.72
2 3 3 1 8.52675e-13
2 3 4 1 1.70017e-15
2 3 5 1 3.60291e-12
2 3 6 1 1.14239e-11
2 3 7 1 2.10862e-11
2 3 8 1 1.29712e-15
2 3 9 1 5.40778e-15
2 3 10 1 3.16683e-16
2 4 1 1 2.12732e-15
2 4 2 1 880.641
2 4 3 1 5.62835e-13
2 4 4 1 1.29484e-15
2 4 5 1 2.93516e-12
2 4 6 1 8.66313e-12
2 4 7 1 1.45422e-11
2 4 8 1 8.89709e-16
2 4 9 1 4.09294e-15
2 4 10 1 2.4927e-16
2 5 1 1 3.38458e-15
2 5 2 1 1260
2 5 3 1 8.377e-13
2 5 4 1 2.13589e-15
2 5 5 1 5.12652e-12
2 5 6 1 1.44474e-11
2 5 7 1 2.22175e-11
2 5 8 1 1.41606e-15
2 5 9 1 6.74927e-15
2 5 10 1 4.44918e-16
2 6 1 1 3.30443e-15
2 6 2 1 1167.88
2 6 3 1 7.92265e-13
2 6 4 1 2.18189e-15
2 6 5 1 5.4746e-12
2 6 6 1 1.45611e-11
2 6 7 1 2.12445e-11
2 6 8 1 1.41273e-15
2 6 9 1 6.90762e-15
2 6 10 1 3.66697e-16
2 7 1 1 2.08577e-15
2 7 2 1 735.398
2 7 3 1 4.70649e-13
2 7 4 1 1.37164e-15
2 7 5 1 3.57818e-12
2 7 6 1 8.93429e-12
2 7 7 1 1.25731e-11
2 7 8 1 8.43389e-16
2 7 9 1 4.38985e-15
2 7 10 1 2.0383e-16
2 8 1 1 2.11414e-15
2 8 2 1 937.437
2 8 3 1 4.82803e-13
2 8 4 1 1.42771e-15
2 8 5 1 3.89063e-12
2 8 6 1 9.53141e-12
2 8 7 1 1.25232e-11
2 8 8 1 8.43337e-16
2 8 9 1 4.65137e-15
2 8 10 1 1.96703e-16
2 9 1 1 1.09127e-15
2 9 2 1 874.314
2 9 3 1 2.69165e-13
2 9 4 1 7.71838e-16
2 9 5 1 2.25009e-12
2 9 6 1 5.57376e-12
2 9 7 1 6.57276e-12
2 9 8 1 4.4663e-16
2 9 9 1 2.55615e-15
2 9 10 1 8.97891e-17
2 10 1 1 4.94221e-16
2 10 2 1 819.087
2 10 3 1 1.3199e-13
2 10 4 1 3.5154e-16
2 10 5 1 1.08876e-12
2 10 6 1 2.71143e-12
2 10 7 1 3.35252e-12
2 10 8 1 2.02574e-16
2 10 9 1 1.18266e-15
2 10 10 1 3.37452e-17
2 11 1 1 3.54477e-16
2 11 2 1 1043.28
2 11 3 1 1.09692e-13
2 11 4 1 2.60328e-16
2 11 5 1 8.6726e-13
2 11 6 1 2.10414e-12
2 11 7 1 2.93924e-12
2 11 8 1 1.49142e-16
2 11 9 1 8.92388e-16
2 11 10 1 2.49994e-17
2 12 1 1 2.2088e-16
2 12 2 1 933.392
2 12 3 1 7.87767e-14
2 12 4 1 1.59064e-16
2 12 5 1 5.86144e-13
2 12 6 1 1.36748e-12
2 12 7 1 2.14466e-12
2 12 8 1 9.32336e-17
2 12 9 1 5.78989e-16
2 12 10 1 2.73891e-17
2 13 1 1 4.9876e-16
2 13 2 1 2866.78
2 13 3 1 2.36439e-13
2 13 4 1 3.65306e-16
2 13 5 1 1.51766e-12
2 13 6 1 3.49521e-12
2 13 7 1 5.88437e-12
2 13 8 1 2.26645e-16
2 13 9 1 1.43359e-15
2 13 10 1 8.03971e-17
2 14 1 1 2.1006e-16
2 14 2 1 1676.44
2 14 3 1 1.71622e-13
2 14 4 1 1.83004e-16
2 14 5 1 8.36023e-13
2 14 6 1 1.97795e-12
2 14 7 1 3.365e-12
2 14 8 1 1.14193e-16
2 14 9 1 7.34533e-16
2 14 10 1 3.46303e-17
2 15 1 1 8.02091e-17
2 15 2 1 909.34
2 15 3 1 1.15843e-13
2 15 4 1 8.99695e-17
2 15 5 1 4.4464e-13
2 15 6 1 1.19638e-12
2 15 7 1 1.82154e-12
2 15 8 1 5.43712e-17
2 15 9 1 3.63747e-16
2 15 10 1 1.46279e-17
2 16 1 1 1.33772e-16
2 16 2 1 2305.43
2 16 3 1 3.34683e-13
2 16 4 1 1.98195e-16
2 16 5 1 1.09587e-12
2 16 6 1 3.17116e-12
2 16 7 1 4.48318e-12
2 16 8 1 1.16283e-16
2 16 9 1 8.40459e-16
2 16 10 1 2.87316e-17
2 17 1 1 7.85513e-17
2 17 2 1 2012.39
2 17 3 1 3.17834e-13
2 17 4 1 1.5501e-16
2 17 5 1 9.63194e-13
2 17 6 1 2.75405e-12
2 17 7 1 3.84388e-12
2 17 8 1 9.63341e-17
2 17 9 1 6.96098e-16
2 17 10 1 2.1488e-17
2 18 1 1 9.20085e-19
2 18 2 1 25.3447
2 18 3 1 4.71193e-15
2 18 4 1 1.83096e-18
2 18 5 1 1.24038e-14
2 18 6 1 3.33193e-14
2 18 7 1 4.78585e-14
2 18 8 1 1.45952e-18
2 18 9 1 8.74216e-18
2 18 10 1 3.65127e-19
2 19 1 1 1.46675e-16
2 19 2 1 3613.21
2 19 3 1 8.60557e-13
2 19 4 1 2.22438e-16
2 19 5 1 1.64386e-12
2 19 6 1 4.07628e-12
2 19 7 1 6.07465e-12
2 19 8 1 2.21345e-16
2 19 9 1 1.14717e-15
2 19 10 1 7.57741e-17
2 20 1 1 2.58909e-16
2 20 2 1 6490.92
2 20 3 1 1.78894e-12
2 20 4 1 3.26301e-16
2 20 5 1 2.67565e-12
2 20 6 1 6.12201e-12
2 20 7 1 9.25741e-12
2 20 8 1 3.7131e-16
2 20 9 1 1.856e-15
2 20 10 1 1.67136e-16
2 21 1 1 7.17751e-16
2 21 2 1 17762.5
2 21 3 1 5.73736e-12
2 21 4 1 8.11132e-16
2 21 5 1 7.22568e-12
2 21 6 1 1.62304e-11
2 21 7 1 2.34055e-11
2 21 8 1 1.01185e-15
2 21 9 1 5.09473e-15
2 21 10 1 5.81841e-16
2 22 1 1 6.75309e-16
2 22 2 1 15895.7
2 22 3 1 6.2464e-12
2 22 4 1 7.15541e-16
2 22 5 1 6.84949e-12
2 22 6 1 1.49154e-11
2 22 7 1 2.07529e-11
2 22 8 1 1.04593e-15
2 22 9 1 4.86652e-15
2 22 10 1 6.73883e-16
2 23 1 1 4.44284e-16
2 23 2 1 10621.6
2 23 3 1 4.64027e-12
2 23 4 1 4.5155e-16
2 23 5 1 4.66605e-12
2 23 6 1 9.64753e-12
2 23 7 1 1.32242e-11
2 23 8 1 7.65998e-16
2 23 9 1 3.37368e-15
2 23 10 1 4.41985e-16
2 24 1 1 1.07601e-15
2 24 2 1 29047.3
2 24 3 1 1.28009e-11
2 24 4 1 1.12391e-15
2 24 5 1 1.26984e-11
2 24 6 1 2.4585e-11
2 24 7 1 3.27985e-11
2 24 8 1 1.99142e-15
2 24 9 1 8.52377e-15
2 24 10 1 9.6021e-16
2 25 1 1 3.84898e-16
2 25 2 1 11785.1
2 25 3 1 5.27031e-12
2 25 4 1 4.37023e-16
2 25 5 1 5.47281e-12
2 25 6 1 9.80725e-12
2 25 7 1 1.26791e-11
2 25 8 1 7.59527e-16
2 25 9 1 3.33953e-15
2 25 10 1 3.13075e-16
2 26 1 1 4.23498e-16
2 26 2 1 15216.9
2 26 3 1 7.04304e-12
2 26 4 1 5.5328e-16
2 26 5 1 8.34392e-12
2 26 6 1 1.33243e-11
2 26 7 1 1.64052e-11
2 26 8 1 9.4176e-16
2 26 9 1 4.38526e-15
2 26 10 1 3.53057e-16
2 27 1 1 3.06656e-16
2 27 2 1 12558.4
2 27 3 1 5.79871e-12
2 27 4 1 4.3903e-16
2 27 5 1 9.36809e-12
2 27 6 1 1.16678e-11
2 27 7 1 1.33082e-11
2 27 8 1 7.10747e-16
2 27 9 1 3.55238e-15
2 27 10 1 2.04743e-16
2 28 1 1 2.64186e-16
2 28 2 1 10818.5
2 28 3 1 4.68922e-12
2 28 4 1 3.48766e-16
2 28 5 1 1.04241e-11
2 28 6 1 1.03726e-11
2 28 7 1 1.07747e-11
2 28 8 1 5.49613e-16
2 28 9 1 3.08427e-15
2 28 10 1 1.05734e-16
2 29 1 1 2.97136e-16
2 29 2 1 11710.1
2 29 3 1 4.73461e-12
2 29 4 1 3.41262e-16
2 29 5 1 1.35156e-11
2 29 6 1 1.15055e-11
2 29 7 1 1.1069e-11
2 29 8 1 5.75723e-16
2 29 9 1 3.42035e-15
2 29 10 1 9.64785e-17
2 30 1 1 2.21463e-16
2 30 2 1 8467.11
2 30 3 1 3.28837e-12
2 30 4 1 2.45442e-16
2 30 5 1 1.1688e-11
2 30 6 1 8.78965e-12
2 30 7 1 7.90115e-12
2 30 8 1 4.35369e-16
2 30 9 1 2.56982e-15
2 30 10 1 8.01872e-17
2 31 1 1 2.09714e-16
2 31 2 1 8642.76
2 31 3 1 3.29146e-12
2 31 4 1 2.7906e-16
2 31 5 1 1.44489e-11
2 31 6 1 9.49296e-12
2 31 7 1 8.19207e-12
2 31 8 1 4.75323e-16
2 31 9 1 2.7304e-15
2 31 10 1 9.64563e-17
2 32 1 1 3.61278e-16
2 32 2 1 17522.1
2 32 3 1 6.47406e-12
2 32 4 1 6.52064e-16
2 32 5 1 3.40876e-11
2 32 6 1 2.10114e-11
2 32 7 1 1.6875e-11
2 32 8 1 1.00388e-15
2 32 9 1 5.57418e-15
2 32 10 1 1.94387e-16
2 33 1 1 2.24258e-16
2 33 2 1 12225.7
2 33 3 1 4.39406e-12
2 33 4 1 5.25705e-16
2 33 5 1 2.64733e-11
2 33 6 1 1.81105e-11
2 33 7 1 1.17674e-11
2 33 8 1 7.12218e-16
2 33 9 1 3.74982e-15
2 33 10 1 1.25622e-16
2 34 1 1 3.50922e-16
2 34 2 1 21850.3
2 34 3 1 7.92638e-12
2 34 4 1 1.04037e-15
2 34 5 1 5.1327e-11
2 34 6 1 3.83074e-11
2 34 7 1 2.03011e-11
2 34 8 1 1.22866e-15
2 34 9 1 6.40916e-15
2 34 10 1 2.0374e-16
2 35 1 1 3.3116e-16
2 35 2 1 23299.2
2 35 3 1 8.48861e-12
2 35 4 1 1.15227e-15
2 35 5 1 5.84125e-11
2 35 6 1 4.71545e-11
2 35 7 1 2.02565e-11
2 35 8 1 1.19595e-15
2 35 9 1 6.58231e-15
2 35 10 1 1.92185e-16
2 36 1 1 4.01537e-16
2 36 2 1 24583
2 36 3 1 9.24191e-12
2 36 4 1 1.43948e-15
2 36 5 1 6.84306e-11
2 36 6 1 5.78683e-11
2 36 7 1 2.06596e-11
2 36 8 1 1.18583e-15
2 36 9 1 7.22252e-15
2 36 10 1 2.0645e-16
2 37 1 1 4.90689e-16
2 37 2 1 21701.1
2 37 3 1 9.47678e-12
2 37 4 1 1.62836e-15
2 37 5 1 7.60179e-11
2 37 6 1 5.81441e-11
2 37 7 1 1.83718e-11
2 37 8 1 1.03582e-15
2 37 9 1 6.90441e-15
2 37 10 1 2.02119e-16
2 38 1 1 6.79472e-16
2 38 2 1 20601.9
2 38 3 1 1.2655e-11
2 38 4 1 2.00855e-15
2 38 5 1 9.40669e-11
2 38 6 1 6.1948e-11
2 38 7 1 1.80866e-11
2 38 8 1 1.00979e-15
2 38 9 1 7.04534e-15
2 38 10 1 2.18049e-16
2 39 1 1 6.08214e-16
2 39 2 1 12388.3
2 39 3 1 1.06825e-11
2 39 4 1 1.59504e-15
2 39 5 1 7.20616e-11
2 39 6 1 4.14544e-11
2 39 7 1 1.173e-11
2 39 8 1 6.49111e-16
2 39 9 1 4.68218e-15
2 39 10 1 1.55374e-16
2 40 1 1 6.22072e-16
2 40 2 1 8685.3
2 40 3 1 9.93989e-12
2 40 4 1 1.4826e-15
2 40 5 1 6.63764e-11
2 40 6 1 3.4526e-11
2 40 7 1 9.14024e-12
2 40 8 1 5.00318e-16
2 40 9 1 3.69508e-15
2 40 10 1 1.30891e-16
2 41 1 1 6.67457e-16
2 41 2 1 6650.2
2 41 3 1 9.52454e-12
2 41 4 1 1.49513e-15
2 41 5 1 6.54917e-11
2 41 6 1 3.49485e-11
2 41 7 1 7.89046e-12
2 41 8 1 4.23401e-16
2 41 9 1 3.18053e-15
2 41 10 1 1.21288e-16
2 42 1 1 2.54065e-16
2 42 2 1 1730.57
2 42 3 1 2.91243e-12
2 42 4 1 5.02967e-16
2 42 5 1 2.12687e-11
2 42 6 1 1.25739e-11
2 42 7 1 2.3113e-12
2 42 8 1 1.21336e-16
2 42 9 1 9.41739e-16
2 42 10 1 4.00528e-17
3 1 1 1 1.16517e-15
3 1 2 1 5.98816e-13
3 1 3 1 483.792
3 1 4 1 6.21358e-16
3 1 5 1 1.20124e-12
3 1 6 1 5.07386e-12
3 1 7 1 1.07663e-11
3 1 8 1 5.09641e-16
3 1 9 1 2.02649e-15
3 1 10 1 1.31701e-16
3 2 1 1 8.00698e-16
3 2 2 1 4.02425e-13
3 2 3 1 260.764
3 2 4 1 4.30786e-16
3 2 5 1 8.5431e-13
3 2 6 1 3.06092e-12
3 2 7 1 6.11161e-12
3 2 8 1 3.53112e-16
3 2 9 1 1.3741e-15
3 2 10 1 9.02671e-17
3 3 1 1 1.23744e-15
3 3 2 1 5.68023e-13
3 3 3 1 355.421
3 3 4 1 7.08682e-16
3 3 5 1 1.5018e-12
3 3 6 1 4.76184e-12
3 3 7 1 8.78936e-12
3 3 8 1 5.4068e-16
3 3 9 1 2.25413e-15
3 3 10 1 1.32003e-16
3 4 1 1 1.5107e-15
3 4 2 1 6.25378e-13
3 4 3 1 399.691
3 4 4 1 9.19518e-16
3 4 5 1 2.08437e-12
3 4 6 1 6.15202e-12
3 4 7 1 1.0327e-11
3 4 8 1 6.31817e-16
3 4 9 1 2.90656e-15
3 4 10 1 1.77016e-16
3 5 1 1 1.1716e-14
3 5 2 1 4.36159e-12
3 5 3 1 2899.75
3 5 4 1 7.39351e-15
3 5 5 1 1.77458e-11
3 5 6 1 5.00108e-11
3 5 7 1 7.69072e-11
3 5 8 1 4.90179e-15
3 5 9 1 2.3363e-14
3 5 10 1 1.54011e-15
3 6 1 1 1.4743e-14
3 6 2 1 5.2106e-12
3 6 3 1 3534.76
3 6 4 1 9.73467e-15
3 6 5 1 2.44254e-11
3 6 6 1 6.49654e-11
3 6 7 1 9.47843e-11
3 6 8 1 6.30303e-15
3 6 9 1 3.08189e-14
3 6 10 1 1.63605e-15
3 7 1 1 1.17771e-14
3 7 2 1 4.15237e-12
3 7 3 1 2657.48
3 7 4 1 7.74485e-15
3 7 5 1 2.02039e-11
3 7 6 1 5.04468e-11
3 7 7 1 7.09933e-11
3 7 8 1 4.76213e-15
3 7 9 1 2.47869e-14
3 7 10 1 1.15091e-15
3 8 1 1 1.14534e-14
3 8 2 1 5.07857e-12
3 8 3 1 2615.59
3 8 4 1 7.73463e-15
3 8 5 1 2.10775e-11
3 8 6 1 5.16365e-11
3 8 7 1 6.78444e-11
3 8 8 1 4.56878e-15
3 8 9 1 2.51988e-14
3 8 10 1 1.06564e-15
3 9 1 1 1.38601e-14
3 9 2 1 1.11045e-11
3 9 3 1 3418.62
3 9 4 1 9.80299e-15
3 9 5 1 2.8578e-11
3 9 6 1 7.07914e-11
3 9 7 1 8.34797e-11
3 9 8 1 5.67257e-15
3 9 9 1 3.24653e-14
3 9 10 1 1.1404e-15
3 10 1 1 9.24231e-15
3 10 2 1 1.53175e-11
3 10 3 1 2468.32
3 10 4 1 6.57407e-15
3 10 5 1 2.03605e-11
3 10 6 1 5.07058e-11
3 10 7 1 6.26946e-11
3 10 8 1 3.78829e-15
3 10 9 1 2.21167e-14
3 10 10 1 6.3106e-16
3 11 1 1 1.08486e-14
3 11 2 1 3.19289e-11
3 11 3 1 3357.06
3 11 4 1 7.9672e-15
3 11 5 1 2.6542e-11
3 11 6 1 6.43961e-11
3 11 7 1 8.99538e-11
3 11 8 1 4.56442e-15
3 11 9 1 2.73111e-14
3 11 10 1 7.65095e-16
3 12 1 1 1.73838e-15
3 12 2 1 7.34605e-12
3 12 3 1 619.995
3 12 4 1 1.25188e-15
3 12 5 1 4.61312e-12
3 12 6 1 1.07624e-11
3 12 7 1 1.68791e-11
3 12 8 1 7.33775e-16
3 12 9 1 4.55681e-15
3 12 10 1 2.1556e-16
3 13 1 1 6.01994e-15
3 13 2 1 3.46015e-11
3 13 3 1 2853.77
3 13 4 1 4.40918e-15
3 13 5 1 1.83179e-11
3 13 6 1 4.21865e-11
3 13 7 1 7.10233e-11
3 13 8 1 2.73556e-15
3 13 9 1 1.73032e-14
3 13 10 1 9.70377e-16
3 14 1 1 1.76524e-15
3 14 2 1 1.4088e-11
3 14 3 1 1442.24
3 14 4 1 1.53788e-15
3 14 5 1 7.02555e-12
3 14 6 1 1.66218e-11
3 14 7 1 2.82779e-11
3 14 8 1 9.59625e-16
3 14 9 1 6.17268e-15
3 14 10 1 2.91017e-16
3 15 1 1 8.53708e-16
3 15 2 1 9.67858e-12
3 15 3 1 1232.98
3 15 4 1 9.57593e-16
3 15 5 1 4.73254e-12
3 15 6 1 1.27337e-11
3 15 7 1 1.93876e-11
3 15 8 1 5.78702e-16
3 15 9 1 3.87156e-15
3 15 10 1 1.55693e-16
3 16 1 1 4.33272e-16
3 16 2 1 7.46703e-12
3 16 3 1 1084
3 16 4 1 6.41934e-16
3 16 5 1 3.5494e-12
3 16 6 1 1.0271e-11
3 16 7 1 1.45205e-11
3 16 8 1 3.76629e-16
3 16 9 1 2.72216e-15
3 16 10 1 9.30585e-17
3 17 1 1 4.26037e-15
3 17 2 1 1.09146e-10
3 17 3 1 17238.3
3 17 4 1 8.40725e-15
3 17 5 1 5.22405e-11
3 17 6 1 1.49371e-10
3 17 7 1 2.08479e-10
3 17 8 1 5.22485e-15
3 17 9 1 3.77541e-14
3 17 10 1 1.16544e-15
3 18 1 1 2.55939e-16
3 18 2 1 7.0501e-12
3 18 3 1 1310.71
3 18 4 1 5.09315e-16
3 18 5 1 3.45036e-12
3 18 6 1 9.26839e-12
3 18 7 1 1.33127e-11
3 18 8 1 4.05994e-16
3 18 9 1 2.43179e-15
3 18 10 1 1.01567e-16
3 19 1 1 1.58008e-16
3 19 2 1 3.89239e-12
3 19 3 1 927.049
3 19 4 1 2.39625e-16
3 19 5 1 1.77087e-12
3 19 6 1 4.39124e-12
3 19 7 1 6.54402e-12
3 19 8 1 2.38448e-16
3 19 9 1 1.23581e-15
3 19 10 1 8.16289e-17
3 20 1 1 1.06818e-16
3 20 2 1 2.67795e-12
3 20 3 1 738.058
3 20 4 1 1.34621e-16
3 20 5 1 1.10389e-12
3 20 6 1 2.52574e-12
3 20 7 1 3.81931e-12
3 20 8 1 1.5319e-16
3 20 9 1 7.65724e-16
3 20 10 1 6.89548e-17
3 21 1 1 5.71779e-17
3 21 2 1 1.41501e-12
3 21 3 1 457.054
3 21 4 1 6.46169e-17
3 21 5 1 5.75617e-13
3 21 6 1 1.29296e-12
3 21 7 1 1.86454e-12
3 21 8 1 8.06067e-17
3 21 9 1 4.0586e-16
3 21 10 1 4.6351e-17
3 22 1 1 2.49473e-16
3 22 2 1 5.87218e-12
3 22 3 1 2307.54
3 22 4 1 2.64335e-16
3 22 5 1 2.53034e-12
3 22 6 1 5.51004e-12
3 22 7 1 7.66653e-12
3 22 8 1 3.86388e-16
3 22 9 1 1.79779e-15
3 22 10 1 2.48946e-16
3 23 1 1 9.2937e-17
3 23 2 1 2.22186e-12
3 23 3 1 970.669
3 23 4 1 9.44569e-17
3 23 5 1 9.76062e-13
3 23 6 1 2.01811e-12
3 23 7 1 2.76628e-12
3 23 8 1 1.60234e-16
3 23 9 1 7.05719e-16
3 23 10 1 9.2456e-17
3 24 1 1 1.67499e-17
3 24 2 1 4.5217e-13
3 24 3 1 199.268
3 24 4 1 1.74955e-17
3 24 5 1 1.97672e-13
3 24 6 1 3.82706e-13
3 24 7 1 5.10562e-13
3 24 8 1 3.09997e-17
3 24 9 1 1.32687e-16
3 24 10 1 1.49472e-17
3 25 1 1 6.16872e-17
3 25 2 1 1.88879e-12
3 25 3 1 844.667
3 25 4 1 7.00412e-17
3 25 5 1 8.77121e-13
3 25 6 1 1.5718e-12
3 25 7 1 2.03207e-12
3 25 8 1 1.21729e-16
3 25 9 1 5.35222e-16
3 25 10 1 5.01761e-17
3 26 1 1 1.23934e-16
3 26 2 1 4.45312e-12
3 26 3 1 2061.1
3 26 4 1 1.61914e-16
3 26 5 1 2.4418e-12
3 26 6 1 3.89928e-12
3 26 7 1 4.80087e-12
3 26 8 1 2.756e-16
3 26 9 1 1.28332e-15
3 26 10 1 1.0332e-16
3 27 1 1 1.40822e-16
3 27 2 1 5.76701e-12
3 27 3 1 2662.87
3 27 4 1 2.0161e-16
3 27 5 1 4.30199e-12
3 27 6 1 5.35804e-12
3 27 7 1 6.11136e-12
3 27 8 1 3.26387e-16
3 27 9 1 1.63132e-15
3 27 10 1 9.40214e-17
3 28 1 1 3.48257e-17
3 28 2 1 1.42612e-12
3 28 3 1 618.144
3 28 4 1 4.59753e-17
3 28 5 1 1.37413e-12
3 28 6 1 1.36734e-12
3 28 7 1 1.42034e-12
3 28 8 1 7.24514e-17
3 28 9 1 4.06576e-16
3 28 10 1 1.39382e-17
3 29 1 1 9.79713e-17
3 29 2 1 3.86105e-12
3 29 3 1 1561.09
3 29 4 1 1.12521e-16
3 29 5 1 4.45634e-12
3 29 6 1 3.79359e-12
3 29 7 1 3.64967e-12
3 29 8 1 1.89827e-16
3 29 9 1 1.12775e-15
3 29 10 1 3.18108e-17
3 30 1 1 1.49241e-16
3 30 2 1 5.70586e-12
3 30 3 1 2215.99
3 30 4 1 1.654e-16
3 30 5 1 7.87639e-12
3 30 6 1 5.92322e-12
3 30 7 1 5.32447e-12
3 30 8 1 2.93389e-16
3 30 9 1 1.73177e-15
3 30 10 1 5.4037e-17
3 31 1 1 1.06992e-16
3 31 2 1 4.40936e-12
3 31 3 1 1679.24
3 31 4 1 1.42371e-16
3 31 5 1 7.37155e-12
3 31 6 1 4.84312e-12
3 31 7 1 4.17943e-12
3 31 8 1 2.425e-16
3 31 9 1 1.393e-15
3 31 10 1 4.92101e-17
3 32 1 1 3.76312e-17
3 32 2 1 1.82513e-12
3 32 3 1 674.348
3 32 4 1 6.79199e-17
3 32 5 1 3.55061e-12
3 32 6 1 2.18858e-12
3 32 7 1 1.75772e-12
3 32 8 1 1.04565e-16
3 32 9 1 5.80614e-16
3 32 10 1 2.02477e-17
3 33 1 1 7.86674e-18
3 33 2 1 4.28865e-13
3 33 3 1 154.139
3 33 4 1 1.84411e-17
3 33 5 1 9.28655e-13
3 33 6 1 6.35295e-13
3 33 7 1 4.12788e-13
3 33 8 1 2.49838e-17
3 33 9 1 1.3154e-16
3 33 10 1 4.40669e-18
3 34 1 1 5.4713e-18
3 34 2 1 3.40673e-13
3 34 3 1 123.582
3 34 4 1 1.62207e-17
3 34 5 1 8.0025e-13
3 34 6 1 5.9726e-13
3 34 7 1 3.16519e-13
3 34 8 1 1.91563e-17
3 34 9 1 9.99267e-17
3 34 10 1 3.17656e-18
3 35 1 1 5.17213e-18
3 35 2 1 3.63892e-13
3 35 3 1 132.577
3 35 4 1 1.79964e-17
3 35 5 1 9.12301e-13
3 35 6 1 7.36471e-13
3 35 7 1 3.16371e-13
3 35 8 1 1.86786e-17
3 35 9 1 1.02804e-16
3 35 10 1 3.00159e-18
3 36 1 1 9.11213e-17
3 36 2 1 5.57866e-12
3 36 3 1 2097.28
3 36 4 1 3.26663e-16
3 36 5 1 1.5529e-11
3 36 6 1 1.31321e-11
3 36 7 1 4.68831e-12
3 36 8 1 2.69101e-16
3 36 9 1 1.63902e-15
3 36 10 1 4.68499e-17
3 37 1 1 1.15438e-16
3 37 2 1 5.10532e-12
3 37 3 1 2229.48
3 37 4 1 3.83081e-16
3 37 5 1 1.78837e-11
3 37 6 1 1.36788e-11
3 37 7 1 4.32208e-12
3 37 8 1 2.43684e-16
3 37 9 1 1.62431e-15
3 37 10 1 4.75497e-17
3 38 1 1 5.3486e-17
3 38 2 1 1.62172e-12
3 38 3 1 996.163
3 38 4 1 1.58107e-16
3 38 5 1 7.40466e-12
3 38 6 1 4.87636e-12
3 38 7 1 1.42372e-12
3 38 8 1 7.94878e-17
3 38 9 1 5.54587e-16
3 38 10 1 1.71641e-17
3 39 1 1 4.97326e-17
3 39 2 1 1.01297e-12
3 39 3 1 873.492
3 39 4 1 1.30424e-16
3 39 5 1 5.89236e-12
3 39 6 1 3.38965e-12
3 39 7 1 9.59146e-13
3 39 8 1 5.30767e-17
3 39 9 1 3.82854e-16
3 39 10 1 1.27047e-17
3 40 1 1 8.33874e-17
3 40 2 1 1.16425e-12
3 40 3 1 1332.42
3 40 4 1 1.98739e-16
3 40 5 1 8.89761e-12
3 40 6 1 4.62814e-12
3 40 7 1 1.22523e-12
3 40 8 1 6.70666e-17
3 40 9 1 4.95317e-16
3 40 10 1 1.75457e-17
3 41 1 1 6.88733e-17
3 41 2 1 6.86218e-13
3 41 3 1 982.814
3 41 4 1 1.54279e-16
3 41 5 1 6.75793e-12
3 41 6 1 3.60626e-12
3 41 7 1 8.14198e-13
3 41 8 1 4.36897e-17
3 41 9 1 3.28192e-16
3 41 10 1 1.25154e-17
3 42 1 1 2.27403e-17
3 42 2 1 1.54896e-13
3 42 3 1 260.679
3 42 4 1 4.50185e-17
3 42 5 1 1.90367e-12
3 42 6 1 1.12544e-12
3 42 7 1 2.06875e-13
3 42 8 1 1.08602e-17
3 42 9 1 8.42912e-17
3 42 10 1 3.58496e-18
4 1 1 1 3.82966e-12
4 1 2 1 8.6357e-36
4 1 3 1 1.09661e-09
4 1 4 1 2046.55
4 1 5 1 3.90597e-09
4 1 6 1 1.59203e-08
4 1 7 1 3.54615e-08
4 1 8 1 1.10924e-12
4 1 9 1 6.64612e-12
4 1 10 1 1.19244e-13
4 2 1 1 3.64317e-12
4 2 2 1 8.03805e-36
4 2 3 1 8.47235e-10
4 2 4 1 1963.28
4 2 5 1 3.58417e-09
4 2 6 1 1.09717e-08
4 2 7 1 2.78401e-08
4 2 8 1 1.38877e-12
4 2 9 1 6.24586e-12
4 2 10 1 8.67461e-14
4 3 1 1 3.09082e-12
4 3 2 1 6.24291e-36
4 3 3 1 6.63843e-10
4 3 4 1 1775.48
4 3 5 1 3.465e-09
4 3 6 1 9.33378e-09
4 3 7 1 2.19992e-08
4 3 8 1 1.25263e-12
4 3 9 1 5.6072e-12
4 3 10 1 7.58345e-14
4 4 1 1 2.7212e-12
4 4 2 1 5.1646e-36
4 4 3 1 5.74214e-10
4 4 4 1 1729.8
4 4 5 1 3.68594e-09
4 4 6 1 8.89374e-09
4 4 7 1 1.93934e-08
4 4 8 1 1.09706e-12
4 4 9 1 5.40397e-12
4 4 10 1 6.10264e-14
4 5 1 1 2.71885e-12
4 5 2 1 4.52786e-36
4 5 3 1 5.2159e-10
4 5 4 1 1746.58
4 5 5 1 4.02854e-09
4 5 6 1 9.18493e-09
4 5 7 1 1.81321e-08
4 5 8 1 9.79349e-13
4 5 9 1 5.441e-12
4 5 10 1 4.86836e-14
4 6 1 1 1.91043e-12
4 6 2 1 2.99507e-36
4 6 3 1 3.43951e-10
4 6 4 1 1272.5
4 6 5 1 3.10441e-09
4 6 6 1 6.90598e-09
4 6 7 1 1.23595e-08
4 6 8 1 7.27136e-13
4 6 9 1 3.9664e-12
4 6 10 1 4.25881e-14
4 7 1 1 2.06731e-12
4 7 2 1 3.23083e-36
4 7 3 1 3.38796e-10
4 7 4 1 1369.71
4 7 5 1 3.46393e-09
4 7 6 1 7.39443e-09
4 7 7 1 1.25211e-08
4 7 8 1 7.67003e-13
4 7 9 1 4.3131e-12
4 7 10 1 3.63304e-14
4 8 1 1 3.57319e-12
4 8 2 1 6.99178e-36
4 8 3 1 5.64112e-10
4 8 4 1 2420.03
4 8 5 1 6.40049e-09
4 8 6 1 1.28916e-08
4 8 7 1 2.11581e-08
4 8 8 1 1.28911e-12
4 8 9 1 7.74886e-12
4 8 10 1 9.00213e-14
4 9 1 1 3.14989e-12
4 9 2 1 1.13844e-35
4 9 3 1 5.16969e-10
4 9 4 1 2283.37
4 9 5 1 6.31175e-09
4 9 6 1 1.25223e-08
4 9 7 1 1.93712e-08
4 9 8 1 1.20562e-12
4 9 9 1 7.42641e-12
4 9 10 1 8.28217e-14
4 10 1 1 3.47444e-12
4 10 2 1 2.56368e-35
4 10 3 1 5.70459e-10
4 10 4 1 2499.29
4 10 5 1 7.44384e-09
4 10 6 1 1.53109e-08
4 10 7 1 2.07811e-08
4 10 8 1 1.28356e-12
4 10 9 1 8.26073e-12
4 10 10 1 6.274e-14
4 11 1 1 4.68167e-12
4 11 2 1 6.27613e-35
4 11 3 1 8.60266e-10
4 11 4 1 3555.66
4 11 5 1 1.14178e-08
4 11 6 1 2.40532e-08
4 11 7 1 3.69967e-08
4 11 8 1 1.83452e-12
4 11 9 1 1.19872e-11
4 11 10 1 7.25788e-14
4 12 1 1 7.29644e-12
4 12 2 1 1.38011e-34
4 12 3 1 1.45166e-09
4 12 4 1 5337.52
4 12 5 1 1.89828e-08
4 12 6 1 3.92233e-08
4 12 7 1 6.85035e-08
4 12 8 1 2.86813e-12
4 12 9 1 1.91174e-11
4 12 10 1 8.62682e-14
4 13 1 1 7.39808e-12
4 13 2 1 1.88819e-34
4 13 3 1 1.74349e-09
4 13 4 1 5456.85
4 13 5 1 2.20263e-08
4 13 6 1 4.31556e-08
4 13 7 1 8.53007e-08
4 13 8 1 3.03794e-12
4 13 9 1 2.10819e-11
4 13 10 1 4.95838e-14
4 14 1 1 4.10864e-12
4 14 2 1 1.45549e-34
4 14 3 1 1.33711e-09
4 14 4 1 3571.84
4 14 5 1 1.60042e-08
4 14 6 1 3.10592e-08
4 14 7 1 6.49989e-08
4 14 8 1 2.04342e-12
4 14 9 1 1.42232e-11
4 14 10 1 8.77935e-14
4 15 1 1 3.94383e-12
4 15 2 1 1.98878e-34
4 15 3 1 1.91776e-09
4 15 4 1 4413.56
4 15 5 1 2.13341e-08
4 15 6 1 4.07735e-08
4 15 7 1 8.9179e-08
4 15 8 1 2.49163e-12
4 15 9 1 1.7695e-11
4 15 10 1 1.85009e-13
4 16 1 1 3.98794e-12
4 16 2 1 3.0564e-34
4 16 3 1 3.60603e-09
4 16 4 1 5890.86
4 16 5 1 3.1642e-08
4 16 6 1 7.09276e-08
4 16 7 1 1.33484e-07
4 16 8 1 3.20779e-12
4 16 9 1 2.46531e-11
4 16 10 1 2.56143e-13
4 17 1 1 2.06016e-12
4 17 2 1 2.38031e-34
4 17 3 1 3.58484e-09
4 17 4 1 4113.87
4 17 5 1 2.44871e-08
4 17 6 1 5.96702e-08
4 17 7 1 1.02287e-07
4 17 8 1 2.20021e-12
4 17 9 1 1.80798e-11
4 17 10 1 1.30484e-13
4 18 1 1 1.92437e-12
4 18 2 1 2.67489e-34
4 18 3 1 4.9014e-09
4 18 4 1 4328.09
4 18 5 1 2.82318e-08
4 18 6 1 6.77963e-08
4 18 7 1 1.13662e-07
4 18 8 1 2.31487e-12
4 18 9 1 2.00258e-11
4 18 10 1 1.04711e-13
4 19 1 1 2.66024e-12
4 19 2 1 3.02148e-34
4 19 3 1 5.7225e-09
4 19 4 1 4151.71
4 19 5 1 2.95877e-08
4 19 6 1 6.68456e-08
4 19 7 1 1.14312e-07
4 19 8 1 3.23774e-12
4 19 9 1 2.05391e-11
4 19 10 1 2.22116e-13
4 20 1 1 3.56786e-12
4 20 2 1 4.0205e-34
4 20 3 1 7.1693e-09
4 20 4 1 4489.25
4 20 5 1 3.49633e-08
4 20 6 1 7.35464e-08
4 20 7 1 1.29133e-07
4 20 8 1 4.44844e-12
4 20 9 1 2.45514e-11
4 20 10 1 4.19621e-13
4 21 1 1 3.29937e-12
4 21 2 1 3.66726e-34
4 21 3 1 8.46891e-09
4 21 4 1 3711.42
4 21 5 1 3.18313e-08
4 21 6 1 6.00241e-08
4 21 7 1 1.08934e-07
4 21 8 1 4.10646e-12
4 21 9 1 2.25454e-11
4 21 10 1 6.64642e-13
4 22 1 1 4.22528e-12
4 22 2 1 4.45299e-34
4 22 3 1 1.44806e-08
4 22 4 1 4441.63
4 22 5 1 4.1276e-08
4 22 6 1 7.67635e-08
4 22 7 1 1.31194e-07
4 22 8 1 5.14915e-12
4 22 9 1 2.93984e-11
4 22 10 1 9.93898e-13
4 23 1 1 4.04237e-12
4 23 2 1 4.38198e-34
4 23 3 1 1.7823e-08
4 23 4 1 4129.17
4 23 5 1 4.16839e-08
4 23 6 1 7.55789e-08
4 23 7 1 1.2321e-07
4 23 8 1 6.01992e-12
4 23 9 1 3.01524e-11
4 23 10 1 1.38129e-12
4 24 1 1 3.67593e-12
4 24 2 1 4.45334e-34
4 24 3 1 2.09995e-08
4 24 4 1 3824.48
4 24 5 1 4.09725e-08
4 24 6 1 7.0841e-08
4 24 7 1 1.13622e-07
4 24 8 1 6.22169e-12
4 24 9 1 2.81988e-11
4 24 10 1 1.3875e-12
4 25 1 1 3.48886e-12
4 25 2 1 4.75769e-34
4 25 3 1 2.60321e-08
4 25 4 1 3926.07
4 25 5 1 4.59679e-08
4 25 6 1 7.44087e-08
4 25 7 1 1.1572e-07
4 25 8 1 6.50321e-12
4 25 9 1 2.86179e-11
4 25 10 1 1.34844e-12
4 26 1 1 3.52823e-12
4 26 2 1 5.63694e-34
4 26 3 1 3.57443e-08
4 26 4 1 4554.53
4 26 5 1 6.10726e-08
4 26 6 1 9.13293e-08
4 26 7 1 1.37453e-07
4 26 8 1 7.54467e-12
4 26 9 1 3.46924e-11
4 26 10 1 1.46071e-12
4 27 1 1 2.37005e-12
4 27 2 1 4.32455e-34
4 27 3 1 2.98897e-08
4 27 4 1 3359.11
4 27 5 1 5.30381e-08
4 27 6 1 7.27941e-08
4 27 7 1 1.03676e-07
4 27 8 1 5.35198e-12
4 27 9 1 2.64235e-11
4 27 10 1 7.93508e-13
4 28 1 1 2.98234e-12
4 28 2 1 5.46457e-34
4 28 3 1 3.79482e-08
4 28 4 1 3919.32
4 28 5 1 9.04715e-08
4 28 6 1 9.3235e-08
4 28 7 1 1.23142e-07
4 28 8 1 6.01396e-12
4 28 9 1 3.38741e-11
4 28 10 1 5.03805e-13
4 29 1 1 3.27363e-12
4 29 2 1 5.84488e-34
4 29 3 1 3.98636e-08
4 29 4 1 3781.62
4 29 5 1 1.31767e-07
4 29 6 1 1.04497e-07
4 29 7 1 1.25007e-07
4 29 8 1 5.87773e-12
4 29 9 1 3.7183e-11
4 29 10 1 3.64688e-13
4 30 1 1 1.95026e-12
4 30 2 1 3.33536e-34
4 30 3 1 2.26677e-08
4 30 4 1 2123.16
4 30 5 1 9.45189e-08
4 30 6 1 6.33383e-08
4 30 7 1 7.03927e-08
4 30 8 1 3.5249e-12
4 30 9 1 2.20823e-11
4 30 10 1 1.86434e-13
4 31 1 1 1.32685e-12
4 31 2 1 2.43113e-34
4 31 3 1 1.66252e-08
4 31 4 1 1717.84
4 31 5 1 8.40739e-08
4 31 6 1 5.05231e-08
4 31 7 1 5.20914e-08
4 31 8 1 2.70937e-12
4 31 9 1 1.68059e-11
4 31 10 1 1.41832e-13
4 32 1 1 7.26213e-13
4 32 2 1 1.56264e-34
4 32 3 1 1.0574e-08
4 32 4 1 1286.42
4 32 5 1 6.50137e-08
4 32 6 1 3.42943e-08
4 32 7 1 3.39776e-08
4 32 8 1 1.84808e-12
4 32 9 1 1.09042e-11
4 32 10 1 1.11729e-13
4 33 1 1 4.08817e-13
4 33 2 1 9.86794e-35
4 33 3 1 6.40925e-09
4 33 4 1 946.684
4 33 5 1 4.64493e-08
4 33 6 1 2.17945e-08
4 33 7 1 2.14072e-08
4 33 8 1 1.21661e-12
4 33 9 1 6.64806e-12
4 33 10 1 8.57356e-14
4 34 1 1 4.02473e-13
4 34 2 1 1.11121e-34
4 34 3 1 6.60024e-09
4 34 4 1 1187.38
4 34 5 1 5.50364e-08
4 34 6 1 2.98418e-08
4 34 7 1 2.32226e-08
4 34 8 1 1.34751e-12
4 34 9 1 7.10174e-12
4 34 10 1 1.04927e-13
4 35 1 1 4.91585e-13
4 35 2 1 1.57576e-34
4 35 3 1 8.20508e-09
4 35 4 1 1754.29
4 35 5 1 8.06931e-08
4 35 6 1 4.77592e-08
4 35 7 1 3.08033e-08
4 35 8 1 1.75026e-12
4 35 9 1 9.49721e-12
4 35 10 1 1.41664e-13
4 36 1 1 3.01067e-13
4 36 2 1 8.71414e-35
4 36 3 1 4.3852e-09
4 36 4 1 1031.05
4 36 5 1 4.91464e-08
4 36 6 1 3.14981e-08
4 36 7 1 1.64722e-08
4 36 8 1 8.97321e-13
4 36 9 1 5.44984e-12
4 36 10 1 8.3681e-14
4 37 1 1 3.44455e-13
4 37 2 1 7.10918e-35
4 37 3 1 3.79123e-09
4 37 4 1 1139.54
4 37 5 1 4.56332e-08
4 37 6 1 3.19213e-08
4 37 7 1 1.35474e-08
4 37 8 1 7.25011e-13
4 37 9 1 4.85265e-12
4 37 10 1 8.25259e-14
4 38 1 1 4.07186e-13
4 38 2 1 5.64126e-35
4 38 3 1 3.33498e-09
4 38 4 1 1209
4 38 5 1 4.74613e-08
4 38 6 1 2.97898e-08
4 38 7 1 1.11585e-08
4 38 8 1 5.96628e-13
4 38 9 1 4.1827e-12
4 38 10 1 7.98485e-14
4 39 1 1 5.92147e-13
4 39 2 1 5.39569e-35
4 39 3 1 3.63115e-09
4 39 4 1 1551.04
4 39 5 1 6.33205e-08
4 39 6 1 3.35026e-08
4 39 7 1 1.15239e-08
4 39 8 1 6.17627e-13
4 39 9 1 4.46855e-12
4 39 10 1 9.4384e-14
4 40 1 1 7.7786e-13
4 40 2 1 4.82166e-35
4 40 3 1 4.62276e-09
4 40 4 1 1853.48
4 40 5 1 7.40104e-08
4 40 6 1 3.40283e-08
4 40 7 1 1.14522e-08
4 40 8 1 6.12985e-13
4 40 9 1 4.53224e-12
4 40 10 1 1.06941e-13
4 41 1 1 6.42181e-13
4 41 2 1 2.83034e-35
4 41 3 1 4.037e-09
4 41 4 1 1439.95
4 41 5 1 5.80242e-08
4 41 6 1 2.30377e-08
4 41 7 1 7.58058e-09
4 41 8 1 4.00343e-13
4 41 9 1 3.00655e-12
4 41 10 1 7.88179e-14
4 42 1 1 5.35666e-13
4 42 2 1 1.75958e-35
4 42 3 1 3.48797e-09
4 42 4 1 1160.36
4 42 5 1 4.62266e-08
4 42 6 1 1.93356e-08
4 42 7 1 5.30275e-09
4 42 8 1 2.74388e-13
4 42 9 1 2.13216e-12
4 42 10 1 6.02443e-14
5 1 1 1 8.08043e-15
5 1 2 1 6.04184e-12
5 1 3 1 2.13715e-38
5 1 4 1 5.77989e-15
5 1 5 1 11965
5 1 6 1 3.03028e-11
5 1 7 1 1.00119e-10
5 1 8 1 1.44772e-16
5 1 9 1 2.03588e-14
5 1 10 1 1.12093e-16
5 2 1 1 7.43665e-15
5 2 2 1 4.40788e-12
5 2 3 1 1.25053e-38
5 2 4 1 4.49641e-15
5 2 5 1 8605.53
5 2 6 1 1.68429e-11
5 2 7 1 6.30265e-11
5 2 8 1 7.20152e-16
5 2 9 1 1.49962e-14
5 2 10 1 3.95939e-17
5 3 1 1 1.14548e-14
5 3 2 1 5.79079e-12
5 3 3 1 1.58641e-38
5 3 4 1 6.98566e-15
5 3 5 1 14072.2
5 3 6 1 2.04444e-11
5 3 7 1 8.53659e-11
5 3 8 1 1.91327e-15
5 3 9 1 2.27722e-14
5 3 10 1 2.74324e-17
5 4 1 1 7.19568e-15
5 4 2 1 3.34783e-12
5 4 3 1 9.368e-39
5 4 4 1 4.78936e-15
5 4 5 1 10461.2
5 4 6 1 1.14812e-11
5 4 7 1 5.2946e-11
5 4 8 1 1.54948e-15
5 4 9 1 1.53372e-14
5 4 10 1 7.46578e-18
5 5 1 1 4.36386e-15
5 5 2 1 2.08201e-12
5 5 3 1 6.06038e-39
5 5 4 1 3.43943e-15
5 5 5 1 8110.44
5 5 6 1 6.95789e-12
5 5 7 1 3.51871e-11
5 5 8 1 1.15811e-15
5 5 9 1 1.09541e-14
5 5 10 1 2.21134e-18
5 6 1 1 2.86007e-15
5 6 2 1 1.26318e-12
5 6 3 1 3.75178e-39
5 6 4 1 2.29683e-15
5 6 5 1 5732.48
5 6 6 1 3.97574e-12
5 6 7 1 2.19797e-11
5 6 8 1 7.58168e-16
5 6 9 1 7.32418e-15
5 6 10 1 5.45778e-19
5 7 1 1 1.93382e-15
5 7 2 1 8.09576e-13
5 7 3 1 2.26847e-39
5 7 4 1 1.46601e-15
5 7 5 1 3800.3
5 7 6 1 2.18568e-12
5 7 7 1 1.31931e-11
5 7 8 1 4.85149e-16
5 7 9 1 4.73193e-15
5 7 10 1 1.27329e-19
5 8 1 1 3.08586e-15
5 8 2 1 1.58078e-12
5 8 3 1 3.56452e-39
5 8 4 1 2.33113e-15
5 8 5 1 6335.81
5 8 6 1 3.0449e-12
5 8 7 1 2.00408e-11
5 8 8 1 7.79524e-16
5 8 9 1 7.67055e-15
5 8 10 1 1.08044e-19
5 9 1 1 2.72023e-15
5 9 2 1 2.51198e-12
5 9 3 1 3.38586e-39
5 9 4 1 2.14181e-15
5 9 5 1 6097.61
5 9 6 1 2.48879e-12
5 9 7 1 1.78292e-11
5 9 8 1 7.20665e-16
5 9 9 1 7.17446e-15
5 9 10 1 4.83633e-20
5 10 1 1 2.40978e-15
5 10 2 1 4.91325e-12
5 10 3 1 3.46642e-39
5 10 4 1 2.03179e-15
5 10 5 1 6246.01
5 10 6 1 2.1273e-12
5 10 7 1 1.65232e-11
5 10 8 1 6.86324e-16
5 10 9 1 6.93146e-15
5 10 10 1 1.86794e-20
5 11 1 1 2.64408e-15
5 11 2 1 9.7523e-12
5 11 3 1 4.48934e-39
5 11 4 1 2.33898e-15
5 11 5 1 7767.79
5 11 6 1 2.25092e-12
5 11 7 1 1.89274e-11
5 11 8 1 7.80764e-16
5 11 9 1 8.1552e-15
5 11 10 1 8.99658e-21
5 12 1 1 1.04905e-15
5 12 2 1 6.0132e-12
5 12 3 1 2.22198e-39
5 12 4 1 9.82137e-16
5 12 5 1 3621.22
5 12 6 1 8.97731e-13
5 12 7 1 9.22684e-12
5 12 8 1 3.40262e-16
5 12 9 1 3.64689e-15
5 12 10 1 1.45598e-21
5 13 1 1 1.1707e-15
5 13 2 1 8.85111e-12
5 13 3 1 3.19612e-39
5 13 4 1 1.07728e-15
5 13 5 1 4520.6
5 13 6 1 9.59937e-13
5 13 7 1 1.25536e-11
5 13 8 1 3.99656e-16
5 13 9 1 4.32677e-15
5 13 10 1 4.4639e-22
5 14 1 1 1.15461e-15
5 14 2 1 1.17992e-11
5 14 3 1 5.2886e-39
5 14 4 1 1.21543e-15
5 14 5 1 5680.4
5 14 6 1 1.04073e-12
5 14 7 1 1.72396e-11
5 14 8 1 4.58408e-16
5 14 9 1 5.04827e-15
5 14 10 1 1.56704e-22
5 15 1 1 7.06851e-16
5 15 2 1 1.02239e-11
5 15 3 1 5.70243e-39
5 15 4 1 9.33071e-16
5 15 5 1 4801.8
5 15 6 1 7.62353e-13
5 15 7 1 1.56606e-11
5 15 8 1 3.55266e-16
5 15 9 1 3.98273e-15
5 15 10 1 5.80566e-23
5 16 1 1 3.72749e-16
5 16 2 1 8.34666e-12
5 16 3 1 5.30513e-39
5 16 4 1 6.49693e-16
5 16 5 1 3783.28
5 16 6 1 5.18982e-13
5 16 7 1 1.29287e-11
5 16 8 1 2.49703e-16
5 16 9 1 2.94765e-15
5 16 10 1 2.04029e-23
5 17 1 1 9.06904e-16
5 17 2 1 3.10282e-11
5 17 3 1 2.14559e-38
5 17 4 1 2.13826e-15
5 17 5 1 13975.3
5 17 6 1 1.64403e-12
5 17 7 1 4.87705e-11
5 17 8 1 8.22531e-16
5 17 9 1 1.03185e-14
5 17 10 1 2.73201e-23
5 18 1 1 1.1162e-16
5 18 2 1 4.78596e-12
5 18 3 1 3.89567e-39
5 18 4 1 3.07474e-16
5 18 5 1 2211.58
5 18 6 1 2.18983e-13
5 18 7 1 7.62062e-12
5 18 8 1 1.20452e-16
5 18 9 1 1.56875e-15
5 18 10 1 1.70777e-24
5 19 1 1 1.60222e-16
5 19 2 1 8.15386e-12
5 19 3 1 8.50258e-39
5 19 4 1 4.4242e-16
5 19 5 1 3495.87
5 19 6 1 2.91996e-13
5 19 7 1 1.17484e-11
5 19 8 1 1.752e-16
5 19 9 1 2.42676e-15
5 19 10 1 1.75907e-24
5 20 1 1 1.69268e-16
5 20 2 1 6.91657e-12
5 20 3 1 8.34605e-39
5 20 4 1 3.02092e-16
5 20 5 1 2633.44
5 20 6 1 1.85712e-13
5 20 7 1 8.54954e-12
5 20 8 1 1.46826e-16
5 20 9 1 1.84922e-15
5 20 10 1 8.86915e-25
5 21 1 1 3.19144e-16
5 21 2 1 1.10294e-11
5 21 3 1 1.55978e-38
5 21 4 1 4.30082e-16
5 21 5 1 4191.47
5 21 6 1 2.4292e-13
5 21 7 1 1.27163e-11
5 21 8 1 2.59364e-16
5 21 9 1 2.96873e-15
5 21 10 1 9.15417e-25
5 22 1 1 3.20652e-16
5 22 2 1 9.93203e-12
5 22 3 1 1.70879e-38
5 22 4 1 3.77444e-16
5 22 5 1 4030.74
5 22 6 1 1.93153e-13
5 22 7 1 1.1446e-11
5 22 8 1 2.70788e-16
5 22 9 1 2.87085e-15
5 22 10 1 5.62368e-25
5 23 1 1 4.39524e-16
5 23 2 1 1.36055e-11
5 23 3 1 2.60238e-38
5 23 4 1 4.85163e-16
5 23 5 1 5666.49
5 23 6 1 2.25784e-13
5 23 7 1 1.507e-11
5 23 8 1 3.94126e-16
5 23 9 1 4.0989e-15
5 23 10 1 4.88565e-25
5 24 1 1 5.02201e-16
5 24 2 1 1.8301e-11
5 24 3 1 3.53112e-38
5 24 4 1 5.93601e-16
5 24 5 1 7371.96
5 24 6 1 2.47492e-13
5 24 7 1 1.8502e-11
5 24 8 1 5.52231e-16
5 24 9 1 5.07366e-15
5 24 10 1 3.63354e-25
5 25 1 1 4.81404e-16
5 25 2 1 1.95879e-11
5 25 3 1 3.83523e-38
5 25 4 1 6.12074e-16
5 25 5 1 8286.06
5 25 6 1 2.27375e-13
5 25 7 1 1.89748e-11
5 25 8 1 6.33011e-16
5 25 9 1 5.15859e-15
5 25 10 1 2.25976e-25
5 26 1 1 3.99651e-16
5 26 2 1 1.85841e-11
5 26 3 1 3.76597e-38
5 26 4 1 5.72361e-16
5 26 5 1 8815.46
5 26 6 1 1.954e-13
5 26 7 1 1.81246e-11
5 26 8 1 6.48367e-16
5 26 9 1 5.00764e-15
5 26 10 1 1.36782e-25
5 27 1 1 4.86195e-16
5 27 2 1 2.51534e-11
5 27 3 1 5.08507e-38
5 27 4 1 7.44386e-16
5 27 5 1 13506.6
5 27 6 1 2.35934e-13
5 27 7 1 2.41956e-11
5 27 8 1 8.78478e-16
5 27 9 1 6.72897e-15
5 27 10 1 9.32714e-26
5 28 1 1 4.00784e-16
5 28 2 1 2.01697e-11
5 28 3 1 3.82766e-38
5 28 4 1 5.51734e-16
5 28 5 1 14620.3
5 28 6 1 1.61699e-13
5 28 7 1 1.82808e-11
5 28 8 1 6.66886e-16
5 28 9 1 5.47409e-15
5 28 10 1 2.74014e-26
5 29 1 1 2.41142e-16
5 29 2 1 1.18213e-11
5 29 3 1 2.09261e-38
5 29 4 1 2.92221e-16
5 29 5 1 11668
5 29 6 1 8.17651e-14
5 29 7 1 1.01899e-11
5 29 8 1 3.74707e-16
5 29 9 1 3.29256e-15
5 29 10 1 7.25917e-27
5 30 1 1 1.99382e-16
5 30 2 1 9.9304e-12
5 30 3 1 1.68855e-38
5 30 4 1 2.40595e-16
5 30 5 1 12320.9
5 30 6 1 6.16122e-14
5 30 7 1 8.45823e-12
5 30 8 1 3.13155e-16
5 30 9 1 2.87852e-15
5 30 10 1 3.3804e-27
5 31 1 1 8.422e-17
5 31 2 1 4.48897e-12
5 31 3 1 7.48487e-39
5 31 4 1 1.18351e-16
5 31 5 1 6796.75
5 31 6 1 2.56719e-14
5 31 7 1 3.88195e-12
5 31 8 1 1.45818e-16
5 31 9 1 1.35863e-15
5 31 10 1 8.69689e-28
5 32 1 1 5.90861e-17
5 32 2 1 3.64425e-12
5 32 3 1 5.89521e-39
5 32 4 1 1.10242e-16
5 32 5 1 6638.28
5 32 6 1 1.91406e-14
5 32 7 1 3.1953e-12
5 32 8 1 1.20714e-16
5 32 9 1 1.11339e-15
5 32 10 1 3.99014e-28
5 33 1 1 1.37527e-16
5 33 2 1 9.23689e-12
5 33 3 1 1.45351e-38
5 33 4 1 3.30195e-16
5 33 5 1 19036.1
5 33 6 1 4.36217e-14
5 33 7 1 8.05617e-12
5 33 8 1 3.16926e-16
5 33 9 1 2.72455e-15
5 33 10 1 6.1006e-28
5 34 1 1 7.86636e-17
5 34 2 1 5.86752e-12
5 34 3 1 9.31908e-39
5 34 4 1 2.39271e-16
5 34 5 1 12723.6
5 34 6 1 2.39178e-14
5 34 7 1 4.90313e-12
5 34 8 1 2.03072e-16
5 34 9 1 1.64182e-15
5 34 10 1 2.49144e-28
5 35 1 1 2.68729e-17
5 35 2 1 2.30261e-12
5 35 3 1 3.67298e-39
5 35 4 1 1.0014e-16
5 35 5 1 5162.6
5 35 6 1 7.8104e-15
5 35 7 1 1.78594e-12
5 35 8 1 7.60231e-17
5 35 9 1 6.07614e-16
5 35 10 1 6.20312e-29
5 36 1 1 4.89555e-18
5 36 2 1 4.11159e-13
5 36 3 1 6.76764e-40
5 36 4 1 1.93457e-17
5 36 5 1 1015.26
5 36 6 1 1.19604e-15
5 36 7 1 3.06285e-13
5 36 8 1 1.30387e-17
5 36 9 1 1.12582e-16
5 36 10 1 8.3177e-30
5 37 1 1 6.75614e-17
5 37 2 1 4.65126e-12
5 37 3 1 8.89306e-39
5 37 4 1 2.467e-16
5 37 5 1 13071.7
5 37 6 1 1.20928e-14
5 37 7 1 3.47616e-12
5 37 8 1 1.46531e-16
5 37 9 1 1.39005e-15
5 37 10 1 8.11492e-29
5 38 1 1 8.32282e-17
5 38 2 1 3.81811e-12
5 38 3 1 1.02685e-38
5 38 4 1 2.73084e-16
5 38 5 1 14064.1
5 38 6 1 9.13289e-15
5 38 7 1 2.9544e-12
5 38 8 1 1.24762e-16
5 38 9 1 1.23945e-15
5 38 10 1 6.03489e-29
5 39 1 1 8.59936e-17
5 39 2 1 2.39804e-12
5 39 3 1 9.05358e-39
5 39 4 1 2.43402e-16
5 39 5 1 12321.2
5 39 6 1 5.47695e-15
5 39 7 1 2.0031e-12
5 39 8 1 8.57376e-17
5 39 9 1 8.69514e-16
5 39 10 1 3.64653e-29
5 40 1 1 9.77811e-17
5 40 2 1 1.68908e-12
5 40 3 1 8.46349e-39
5 40 4 1 2.42247e-16
5 40 5 1 11351.4
5 40 6 1 3.78933e-15
5 40 7 1 1.57175e-12
5 40 8 1 6.85992e-17
5 40 9 1 6.95134e-16
5 40 10 1 2.57466e-29
5 41 1 1 1.09288e-16
5 41 2 1 1.26736e-12
5 41 3 1 7.9471e-39
5 41 4 1 2.51104e-16
5 41 5 1 11375.5
5 41 6 1 2.829e-15
5 41 7 1 1.33274e-12
5 41 8 1 5.89062e-17
5 41 9 1 5.89426e-16
5 41 10 1 1.96822e-29
5 42 1 1 2.435e-17
5 42 2 1 2.03341e-13
5 42 3 1 1.49828e-39
5 42 4 1 5.38696e-17
5 42 5 1 2338.89
5 42 6 1 4.49296e-16
5 42 7 1 2.41052e-13
5 42 8 1 1.07254e-17
5 42 9 1 1.07879e-16
5 42 10 1 3.22896e-30
6 1 1 1 2.7106e-15
6 1 2 1 1.39306e-12
6 1 3 1 1.12547e-12
6 1 4 1 1.4455e-15
6 1 5 1 2.79451e-12
6 1 6 1 11803.6
6 1 7 1 2.50462e-11
6 1 8 1 1.18561e-15
6 1 9 1 4.71433e-15
6 1 10 1 3.06383e-16
6 2 1 1 9.74182e-16
6 2 2 1 4.89617e-13
6 2 3 1 3.17263e-13
6 2 4 1 5.24122e-16
6 2 5 1 1.03941e-12
6 2 6 1 3724.12
6 2 7 1 7.43578e-12
6 2 8 1 4.29619e-16
6 2 9 1 1.67181e-15
6 2 10 1 1.09825e-16
6 3 1 1 1.15788e-15
6 3 2 1 5.31504e-13
6 3 3 1 3.32571e-13
6 3 4 1 6.6312e-16
6 3 5 1 1.40525e-12
6 3 6 1 4455.69
6 3 7 1 8.22429e-12
6 3 8 1 5.05919e-16
6 3 9 1 2.10921e-15
6 3 10 1 1.23516e-16
6 4 1 1 9.92931e-16
6 4 2 1 4.1104e-13
6 4 3 1 2.62704e-13
6 4 4 1 6.04369e-16
6 4 5 1 1.36999e-12
6 4 6 1 4043.52
6 4 7 1 6.78757e-12
6 4 8 1 4.15273e-16
6 4 9 1 1.91039e-15
6 4 10 1 1.16347e-16
6 5 1 1 1.82331e-15
6 5 2 1 6.78779e-13
6 5 3 1 4.51278e-13
6 5 4 1 1.15063e-15
6 5 5 1 2.76171e-12
6 5 6 1 7783
6 5 7 1 1.19688e-11
6 5 8 1 7.62848e-16
6 5 9 1 3.63591e-15
6 5 10 1 2.39682e-16
6 6 1 1 1.55252e-15
6 6 2 1 5.48704e-13
6 6 3 1 3.72229e-13
6 6 4 1 1.02511e-15
6 6 5 1 2.57212e-12
6 6 6 1 6841.2
6 6 7 1 9.98129e-12
6 6 8 1 6.63742e-16
6 6 9 1 3.2454e-15
6 6 10 1 1.72285e-16
6 7 1 1 1.23972e-15
6 7 2 1 4.371e-13
6 7 3 1 2.79741e-13
6 7 4 1 8.15264e-16
6 7 5 1 2.12677e-12
6 7 6 1 5310.29
6 7 7 1 7.47312e-12
6 7 8 1 5.01287e-16
6 7 9 1 2.6092e-15
6 7 10 1 1.21151e-16
6 8 1 1 1.18994e-15
6 8 2 1 5.27635e-13
6 8 3 1 2.71745e-13
6 8 4 1 8.03585e-16
6 8 5 1 2.18983e-12
6 8 6 1 5364.74
6 8 7 1 7.04866e-12
6 8 8 1 4.74671e-16
6 8 9 1 2.61802e-15
6 8 10 1 1.10714e-16
6 9 1 1 1.13909e-15
6 9 2 1 9.12625e-13
6 9 3 1 2.80959e-13
6 9 4 1 8.05659e-16
6 9 5 1 2.34868e-12
6 9 6 1 5817.99
6 9 7 1 6.86077e-12
6 9 8 1 4.662e-16
6 9 9 1 2.66816e-15
6 9 10 1 9.37235e-17
6 10 1 1 1.03898e-15
6 10 2 1 1.72193e-12
6 10 3 1 2.77477e-13
6 10 4 1 7.39026e-16
6 10 5 1 2.28884e-12
6 10 6 1 5700.11
6 10 7 1 7.04783e-12
6 10 8 1 4.25862e-16
6 10 9 1 2.48625e-15
6 10 10 1 7.09408e-17
6 11 1 1 1.37017e-15
6 11 2 1 4.03259e-12
6 11 3 1 4.23993e-13
6 11 4 1 1.00625e-15
6 11 5 1 3.35223e-12
6 11 6 1 8133.16
6 11 7 1 1.13611e-11
6 11 8 1 5.76482e-16
6 11 9 1 3.44936e-15
6 11 10 1 9.66307e-17
6 12 1 1 1.56896e-15
6 12 2 1 6.63011e-12
6 12 3 1 5.5957e-13
6 12 4 1 1.12987e-15
6 12 5 1 4.16352e-12
6 12 6 1 9713.53
6 12 7 1 1.5234e-11
6 12 8 1 6.62261e-16
6 12 9 1 4.1127e-15
6 12 10 1 1.94552e-16
6 13 1 1 1.14199e-15
6 13 2 1 6.56393e-12
6 13 3 1 5.41363e-13
6 13 4 1 8.36424e-16
6 13 5 1 3.47492e-12
6 13 6 1 8002.82
6 13 7 1 1.34732e-11
6 13 8 1 5.18938e-16
6 13 9 1 3.28243e-15
6 13 10 1 1.84081e-16
6 14 1 1 8.13047e-16
6 14 2 1 6.48874e-12
6 14 3 1 6.64274e-13
6 14 4 1 7.08328e-16
6 14 5 1 3.23587e-12
6 14 6 1 7655.75
6 14 7 1 1.30244e-11
6 14 8 1 4.4199e-16
6 14 9 1 2.84305e-15
6 14 10 1 1.34038e-16
6 15 1 1 4.47053e-16
6 15 2 1 5.06829e-12
6 15 3 1 6.45662e-13
6 15 4 1 5.01453e-16
6 15 5 1 2.47824e-12
6 15 6 1 6668.14
6 15 7 1 1.01525e-11
6 15 8 1 3.03043e-16
6 15 9 1 2.02738e-15
6 15 10 1 8.15301e-17
6 16 1 1 7.69508e-16
6 16 2 1 1.32617e-11
6 16 3 1 1.92523e-12
6 16 4 1 1.1401e-15
6 16 5 1 6.30387e-12
6 16 6 1 18241.8
6 16 7 1 2.5789e-11
6 16 8 1 6.68908e-16
6 16 9 1 4.83466e-15
6 16 10 1 1.65276e-16
6 17 1 1 4.86835e-16
6 17 2 1 1.24721e-11
6 17 3 1 1.96983e-12
6 17 4 1 9.60701e-16
6 17 5 1 5.96955e-12
6 17 6 1 17068.7
6 17 7 1 2.38231e-11
6 17 8 1 5.97046e-16
6 17 9 1 4.31418e-15
6 17 10 1 1.33175e-16
6 18 1 1 7.58748e-17
6 18 2 1 2.09005e-12
6 18 3 1 3.88569e-13
6 18 4 1 1.5099e-16
6 18 5 1 1.02288e-12
6 18 6 1 2747.68
6 18 7 1 3.94665e-12
6 18 8 1 1.2036e-16
6 18 9 1 7.20922e-16
6 18 10 1 3.01102e-17
6 19 1 1 1.75695e-16
6 19 2 1 4.32809e-12
6 19 3 1 1.03082e-12
6 19 4 1 2.66448e-16
6 19 5 1 1.9691e-12
6 19 6 1 4882.78
6 19 7 1 7.27654e-12
6 19 8 1 2.65139e-16
6 19 9 1 1.37414e-15
6 19 10 1 9.07662e-17
6 20 1 1 2.74274e-16
6 20 2 1 6.87612e-12
6 20 3 1 1.8951e-12
6 20 4 1 3.45665e-16
6 20 5 1 2.83443e-12
6 20 6 1 6485.3
6 20 7 1 9.80678e-12
6 20 8 1 3.93344e-16
6 20 9 1 1.96614e-15
6 20 10 1 1.77054e-16
6 21 1 1 4.31353e-16
6 21 2 1 1.06749e-11
6 21 3 1 3.44803e-12
6 21 4 1 4.87472e-16
6 21 5 1 4.34248e-12
6 21 6 1 9754.14
6 21 7 1 1.40662e-11
6 21 8 1 6.081e-16
6 21 9 1 3.06182e-15
6 21 10 1 3.49674e-16
6 22 1 1 2.8353e-16
6 22 2 1 6.67385e-12
6 22 3 1 2.62256e-12
6 22 4 1 3.00421e-16
6 22 5 1 2.87578e-12
6 22 6 1 6262.26
6 22 7 1 8.71315e-12
6 22 8 1 4.39137e-16
6 22 9 1 2.04322e-15
6 22 10 1 2.82931e-16
6 23 1 1 5.45991e-16
6 23 2 1 1.30531e-11
6 23 3 1 5.70254e-12
6 23 4 1 5.5492e-16
6 23 5 1 5.73422e-12
6 23 6 1 11856.1
6 23 7 1 1.62515e-11
6 23 8 1 9.41354e-16
6 23 9 1 4.14599e-15
6 23 10 1 5.43166e-16
6 24 1 1 1.8876e-16
6 24 2 1 5.09562e-12
6 24 3 1 2.2456e-12
6 24 4 1 1.97161e-16
6 24 5 1 2.22762e-12
6 24 6 1 4312.82
6 24 7 1 5.75366e-12
6 24 8 1 3.49344e-16
6 24 9 1 1.49528e-15
6 24 10 1 1.68445e-16
6 25 1 1 8.6218e-17
6 25 2 1 2.63989e-12
6 25 3 1 1.18056e-12
6 25 4 1 9.78941e-17
6 25 5 1 1.22592e-12
6 25 6 1 2196.84
6 25 7 1 2.84015e-12
6 25 8 1 1.70136e-16
6 25 9 1 7.4806e-16
6 25 10 1 7.01294e-17
6 26 1 1 1.70931e-16
6 26 2 1 6.14176e-12
6 26 3 1 2.84268e-12
6 26 4 1 2.23312e-16
6 26 5 1 3.36774e-12
6 26 6 1 5377.9
6 26 7 1 6.62139e-12
6 26 8 1 3.80109e-16
6 26 9 1 1.76996e-15
6 26 10 1 1.42499e-16
6 27 1 1 1.00897e-16
6 27 2 1 4.13199e-12
6 27 3 1 1.90791e-12
6 27 4 1 1.44451e-16
6 27 5 1 3.08232e-12
6 27 6 1 3838.96
6 27 7 1 4.3787e-12
6 27 8 1 2.33852e-16
6 27 9 1 1.16882e-15
6 27 10 1 6.7365e-17
6 28 1 1 9.17325e-17
6 28 2 1 3.75647e-12
6 28 3 1 1.62822e-12
6 28 4 1 1.21101e-16
6 28 5 1 3.61952e-12
6 28 6 1 3601.63
6 28 7 1 3.74125e-12
6 28 8 1 1.9084e-16
6 28 9 1 1.07094e-15
6 28 10 1 3.67138e-17
6 29 1 1 5.30627e-17
6 29 2 1 2.0912e-12
6 29 3 1 8.45509e-13
6 29 4 1 6.09428e-17
6 29 5 1 2.41362e-12
6 29 6 1 2054.66
6 29 7 1 1.97672e-12
6 29 8 1 1.02813e-16
6 29 9 1 6.10807e-16
6 29 10 1 1.72292e-17
6 30 1 1 5.17883e-17
6 30 2 1 1.98e-12
6 30 3 1 7.68974e-13
6 30 4 1 5.73958e-17
6 30 5 1 2.7332e-12
6 30 6 1 2055.43
6 30 7 1 1.84766e-12
6 30 8 1 1.01809e-16
6 30 9 1 6.00943e-16
6 30 10 1 1.87515e-17
6 31 1 1 1.01502e-16
6 31 2 1 4.18312e-12
6 31 3 1 1.59308e-12
6 31 4 1 1.35066e-16
6 31 5 1 6.99331e-12
6 31 6 1 4594.62
6 31 7 1 3.96498e-12
6 31 8 1 2.30057e-16
6 31 9 1 1.32152e-15
6 31 10 1 4.66851e-17
6 32 1 1 6.14672e-17
6 32 2 1 2.98119e-12
6 32 3 1 1.10149e-12
6 32 4 1 1.10941e-16
6 32 5 1 5.79961e-12
6 32 6 1 3574.85
6 32 7 1 2.87108e-12
6 32 8 1 1.70798e-16
6 32 9 1 9.48382e-16
6 32 10 1 3.30728e-17
6 33 1 1 4.63504e-17
6 33 2 1 2.52685e-12
6 33 3 1 9.08176e-13
6 33 4 1 1.08654e-16
6 33 5 1 5.47158e-12
6 33 6 1 3743.12
6 33 7 1 2.43213e-12
6 33 8 1 1.47203e-16
6 33 9 1 7.75025e-16
6 33 10 1 2.5964e-17
6 34 1 1 3.73666e-17
6 34 2 1 2.32665e-12
6 34 3 1 8.44012e-13
6 34 4 1 1.1078e-16
6 34 5 1 5.46537e-12
6 34 6 1 4079.03
6 34 7 1 2.16169e-12
6 34 8 1 1.3083e-16
6 34 9 1 6.82457e-16
6 34 10 1 2.16945e-17
6 35 1 1 2.03828e-17
6 35 2 1 1.43406e-12
6 35 3 1 5.22473e-13
6 35 4 1 7.09218e-17
6 35 5 1 3.59528e-12
6 35 6 1 2902.35
6 35 7 1 1.24678e-12
6 35 8 1 7.36105e-17
6 35 9 1 4.0514e-16
6 35 10 1 1.18289e-17
6 36 1 1 2.36131e-17
6 36 2 1 1.44565e-12
6 36 3 1 5.43488e-13
6 36 4 1 8.46514e-17
6 36 5 1 4.02419e-12
6 36 6 1 3403.06
6 36 7 1 1.21493e-12
6 36 8 1 6.97347e-17
6 36 9 1 4.24734e-16
6 36 10 1 1.21407e-17
6 37 1 1 3.11608e-17
6 37 2 1 1.37811e-12
6 37 3 1 6.01815e-13
6 37 4 1 1.03407e-16
6 37 5 1 4.82746e-12
6 37 6 1 3692.39
6 37 7 1 1.16669e-12
6 37 8 1 6.57792e-17
6 37 9 1 4.38459e-16
6 37 10 1 1.28354e-17
6 38 1 1 3.2993e-17
6 38 2 1 1.00036e-12
6 38 3 1 6.14487e-13
6 38 4 1 9.7529e-17
6 38 5 1 4.56759e-12
6 38 6 1 3008
6 38 7 1 8.78227e-13
6 38 8 1 4.90323e-17
6 38 9 1 3.42099e-16
6 38 10 1 1.05878e-17
6 39 1 1 4.1807e-17
6 39 2 1 8.51535e-13
6 39 3 1 7.34288e-13
6 39 4 1 1.09639e-16
6 39 5 1 4.95332e-12
6 39 6 1 2849.46
6 39 7 1 8.06291e-13
6 39 8 1 4.46181e-17
6 39 9 1 3.2184e-16
6 39 10 1 1.068e-17
6 40 1 1 4.13007e-17
6 40 2 1 5.76636e-13
6 40 3 1 6.59932e-13
6 40 4 1 9.84331e-17
6 40 5 1 4.40688e-12
6 40 6 1 2292.26
6 40 7 1 6.06841e-13
6 40 8 1 3.32172e-17
6 40 9 1 2.45325e-16
6 40 10 1 8.69016e-18
6 41 1 1 3.97583e-17
6 41 2 1 3.96131e-13
6 41 3 1 5.67346e-13
6 41 4 1 8.90602e-17
6 41 5 1 3.90113e-12
6 41 6 1 2081.77
6 41 7 1 4.7001e-13
6 41 8 1 2.52206e-17
6 41 9 1 1.89454e-16
6 41 10 1 7.22475e-18
6 42 1 1 3.92237e-17
6 42 2 1 2.67173e-13
6 42 3 1 4.49635e-13
6 42 4 1 7.76505e-17
6 42 5 1 3.28356e-12
6 42 6 1 1941.22
6 42 7 1 3.56829e-13
6 42 8 1 1.87324e-17
6 42 9 1 1.4539e-16
6 42 10 1 6.18354e-18
7 1 1 1 6.50992e-16
7 1 2 1 3.34565e-13
7 1 3 1 2.703e-13
7 1 4 1 3.47159e-16
7 1 5 1 6.71143e-13
7 1 6 1 2.83482e-12
7 1 7 1 6015.23
7 1 8 1 2.84741e-16
7 1 9 1 1.13222e-15
7 1 10 1 7.35825e-17
7 2 1 1 6.56323e-16
7 2 2 1 3.29863e-13
7 2 3 1 2.13745e-13
7 2 4 1 3.5311e-16
7 2 5 1 7.00268e-13
7 2 6 1 2.509e-12
7 2 7 1 5009.61
7 2 8 1 2.89442e-16
7 2 9 1 1.12633e-15
7 2 10 1 7.39908e-17
7 3 1 1 9.80416e-16
7 3 2 1 4.50042e-13
7 3 3 1 2.81599e-13
7 3 4 1 5.61486e-16
7 3 5 1 1.18987e-12
7 3 6 1 3.77278e-12
7 3 7 1 6963.77
7 3 8 1 4.28378e-16
7 3 9 1 1.78594e-15
7 3 10 1 1.04585e-16
7 4 1 1 1.00225e-15
7 4 2 1 4.149e-13
7 4 3 1 2.65171e-13
7 4 4 1 6.10044e-16
7 4 5 1 1.38285e-12
7 4 6 1 4.08149e-12
7 4 7 1 6851.3
7 4 8 1 4.19172e-16
7 4 9 1 1.92832e-15
7 4 10 1 1.17439e-16
7 5 1 1 1.32073e-15
7 5 2 1 4.91678e-13
7 5 3 1 3.26887e-13
7 5 4 1 8.33464e-16
7 5 5 1 2.00047e-12
7 5 6 1 5.63767e-12
7 5 7 1 8669.68
7 5 8 1 5.52574e-16
7 5 9 1 2.6337e-15
7 5 10 1 1.73616e-16
7 6 1 1 1.30178e-15
7 6 2 1 4.60087e-13
7 6 3 1 3.12113e-13
7 6 4 1 8.59556e-16
7 6 5 1 2.15672e-12
7 6 6 1 5.73634e-12
7 6 7 1 8369.3
7 6 8 1 5.56547e-16
7 6 9 1 2.72126e-15
7 6 10 1 1.4446e-16
7 7 1 1 1.08575e-15
7 7 2 1 3.82815e-13
7 7 3 1 2.44998e-13
7 7 4 1 7.14012e-16
7 7 5 1 1.86263e-12
7 7 6 1 4.65078e-12
7 7 7 1 6545
7 7 8 1 4.3903e-16
7 7 9 1 2.28515e-15
7 7 10 1 1.06105e-16
7 8 1 1 1.13271e-15
7 8 2 1 5.02256e-13
7 8 3 1 2.58674e-13
7 8 4 1 7.64932e-16
7 8 5 1 2.0845e-12
7 8 6 1 5.1067e-12
7 8 7 1 6709.62
7 8 8 1 4.51839e-16
7 8 9 1 2.49209e-15
7 8 10 1 1.05389e-16
7 9 1 1 1.11041e-15
7 9 2 1 8.89652e-13
7 9 3 1 2.73887e-13
7 9 4 1 7.85378e-16
7 9 5 1 2.28956e-12
7 9 6 1 5.67154e-12
7 9 7 1 6688.07
7 9 8 1 4.54465e-16
7 9 9 1 2.60099e-15
7 9 10 1 9.13642e-17
7 10 1 1 1.03443e-15
7 10 2 1 1.71439e-12
7 10 3 1 2.76262e-13
7 10 4 1 7.35792e-16
7 10 5 1 2.27882e-12
7 10 6 1 5.67516e-12
7 10 7 1 7016.99
7 10 8 1 4.23998e-16
7 10 9 1 2.47537e-15
7 10 10 1 7.06304e-17
7 11 1 1 1.02577e-15
7 11 2 1 3.01898e-12
7 11 3 1 3.1742e-13
7 11 4 1 7.53323e-16
7 11 5 1 2.50963e-12
7 11 6 1 6.08885e-12
7 11 7 1 8505.4
7 11 8 1 4.3158e-16
7 11 9 1 2.58234e-15
7 11 10 1 7.2342e-17
7 12 1 1 1.15694e-15
7 12 2 1 4.88898e-12
7 12 3 1 4.12622e-13
7 12 4 1 8.33155e-16
7 12 5 1 3.07014e-12
7 12 6 1 7.16266e-12
7 12 7 1 11233.4
7 12 8 1 4.88345e-16
7 12 9 1 3.03267e-15
7 12 10 1 1.43461e-16
7 13 1 1 1.38208e-15
7 13 2 1 7.94395e-12
7 13 3 1 6.55181e-13
7 13 4 1 1.01228e-15
7 13 5 1 4.2055e-12
7 13 6 1 9.68536e-12
7 13 7 1 16305.8
7 13 8 1 6.28041e-16
7 13 9 1 3.97254e-15
7 13 10 1 2.22783e-16
7 14 1 1 1.0593e-15
7 14 2 1 8.45405e-12
7 14 3 1 8.65469e-13
7 14 4 1 9.22866e-16
7 14 5 1 4.21595e-12
7 14 6 1 9.97453e-12
7 14 7 1 16969.2
7 14 8 1 5.7586e-16
7 14 9 1 3.70415e-15
7 14 10 1 1.74636e-16
7 15 1 1 4.64182e-16
7 15 2 1 5.26248e-12
7 15 3 1 6.70401e-13
7 15 4 1 5.20667e-16
7 15 5 1 2.5732e-12
7 15 6 1 6.92364e-12
7 15 7 1 10541.5
7 15 8 1 3.14654e-16
7 15 9 1 2.10506e-15
7 15 10 1 8.46539e-17
7 16 1 1 1.96026e-16
7 16 2 1 3.37833e-12
7 16 3 1 4.90438e-13
7 16 4 1 2.90432e-16
7 16 5 1 1.60586e-12
7 16 6 1 4.64696e-12
7 16 7 1 6569.57
7 16 8 1 1.70399e-16
7 16 9 1 1.23159e-15
7 16 10 1 4.21027e-17
7 17 1 1 3.17509e-16
7 17 2 1 8.13421e-12
7 17 3 1 1.2847e-12
7 17 4 1 6.2656e-16
7 17 5 1 3.89328e-12
7 17 6 1 1.1132e-11
7 17 7 1 15537.2
7 17 8 1 3.89388e-16
7 17 9 1 2.81366e-15
7 17 10 1 8.68556e-17
7 18 1 1 1.63135e-16
7 18 2 1 4.49372e-12
7 18 3 1 8.35445e-13
7 18 4 1 3.24636e-16
7 18 5 1 2.19925e-12
7 18 6 1 5.90765e-12
7 18 7 1 8485.51
7 18 8 1 2.58779e-16
7 18 9 1 1.55002e-15
7 18 10 1 6.47386e-17
7 19 1 1 2.2584e-16
7 19 2 1 5.56335e-12
7 19 3 1 1.32502e-12
7 19 4 1 3.42493e-16
7 19 5 1 2.53109e-12
7 19 6 1 6.27635e-12
7 19 7 1 9353.3
7 19 8 1 3.40811e-16
7 19 9 1 1.76632e-15
7 19 10 1 1.16671e-16
7 20 1 1 3.80819e-16
7 20 2 1 9.54724e-12
7 20 3 1 2.63128e-12
7 20 4 1 4.79943e-16
7 20 5 1 3.9355e-12
7 20 6 1 9.00461e-12
7 20 7 1 13616.4
7 20 8 1 5.46145e-16
7 20 9 1 2.72991e-15
7 20 10 1 2.45833e-16
7 21 1 1 1.75981e-16
7 21 2 1 4.35508e-12
7 21 3 1 1.40671e-12
7 21 4 1 1.98876e-16
7 21 5 1 1.77162e-12
7 21 6 1 3.97944e-12
7 21 7 1 5738.64
7 21 8 1 2.48089e-16
7 21 9 1 1.24915e-15
7 21 10 1 1.42658e-16
7 22 1 1 1.70339e-16
7 22 2 1 4.00949e-12
7 22 3 1 1.57558e-12
7 22 4 1 1.80486e-16
7 22 5 1 1.7277e-12
7 22 6 1 3.76223e-12
7 22 7 1 5234.66
7 22 8 1 2.63823e-16
7 22 9 1 1.22752e-15
7 22 10 1 1.69979e-16
7 23 1 1 3.27517e-16
7 23 2 1 7.83001e-12
7 23 3 1 3.42071e-12
7 23 4 1 3.32873e-16
7 23 5 1 3.43971e-12
7 23 6 1 7.11196e-12
7 23 7 1 9748.58
7 23 8 1 5.64678e-16
7 23 9 1 2.487e-15
7 23 10 1 3.25822e-16
7 24 1 1 2.90874e-16
7 24 2 1 7.85224e-12
7 24 3 1 3.46042e-12
7 24 4 1 3.03821e-16
7 24 5 1 3.43271e-12
7 24 6 1 6.64596e-12
7 24 7 1 8866.27
7 24 8 1 5.38331e-16
7 24 9 1 2.30419e-15
7 24 10 1 2.59569e-16
7 25 1 1 2.41551e-16
7 25 2 1 7.39601e-12
7 25 3 1 3.3075e-12
7 25 4 1 2.74263e-16
7 25 5 1 3.43458e-12
7 25 6 1 6.15474e-12
7 25 7 1 7957.04
7 25 8 1 4.76657e-16
7 25 9 1 2.09579e-15
7 25 10 1 1.96477e-16
7 26 1 1 1.48134e-16
7 26 2 1 5.32265e-12
7 26 3 1 2.46356e-12
7 26 4 1 1.9353e-16
7 26 5 1 2.91859e-12
7 26 6 1 4.66066e-12
7 26 7 1 5738.3
7 26 8 1 3.29415e-16
7 26 9 1 1.5339e-15
7 26 10 1 1.23494e-16
7 27 1 1 9.23096e-17
7 27 2 1 3.78031e-12
7 27 3 1 1.74553e-12
7 27 4 1 1.32157e-16
7 27 5 1 2.81998e-12
7 27 6 1 3.51223e-12
7 27 7 1 4006.03
7 27 8 1 2.13949e-16
7 27 9 1 1.06934e-15
7 27 10 1 6.16316e-17
7 28 1 1 4.84393e-17
7 28 2 1 1.9836e-12
7 28 3 1 8.59781e-13
7 28 4 1 6.39473e-17
7 28 5 1 1.91129e-12
7 28 6 1 1.90184e-12
7 28 7 1 1975.56
7 28 8 1 1.00773e-16
7 28 9 1 5.65509e-16
7 28 10 1 1.93867e-17
7 29 1 1 1.68138e-16
7 29 2 1 6.62632e-12
7 29 3 1 2.67914e-12
7 29 4 1 1.93107e-16
7 29 5 1 7.64795e-12
7 29 6 1 6.51055e-12
7 29 7 1 6263.55
7 29 8 1 3.2578e-16
7 29 9 1 1.93545e-15
7 29 10 1 5.45936e-17
7 30 1 1 1.08387e-16
7 30 2 1 4.14392e-12
7 30 3 1 1.60938e-12
7 30 4 1 1.20123e-16
7 30 5 1 5.72029e-12
7 30 6 1 4.30178e-12
7 30 7 1 3866.93
7 30 8 1 2.13076e-16
7 30 9 1 1.25771e-15
7 30 10 1 3.92448e-17
7 31 1 1 5.82789e-17
7 31 2 1 2.4018e-12
7 31 3 1 9.14689e-13
7 31 4 1 7.75501e-17
7 31 5 1 4.01532e-12
7 31 6 1 2.63807e-12
7 31 7 1 2276.56
7 31 8 1 1.32091e-16
7 31 9 1 7.58772e-16
7 31 10 1 2.6805e-17
7 32 1 1 8.73421e-17
7 32 2 1 4.23613e-12
7 32 3 1 1.56516e-12
7 32 4 1 1.57642e-16
7 32 5 1 8.24098e-12
7 32 6 1 5.0797e-12
7 32 7 1 4079.68
7 32 8 1 2.42696e-16
7 32 9 1 1.34761e-15
7 32 10 1 4.69949e-17
7 33 1 1 6.04585e-17
7 33 2 1 3.29597e-12
7 33 3 1 1.18461e-12
7 33 4 1 1.41726e-16
7 33 5 1 7.13702e-12
7 33 6 1 4.88245e-12
7 33 7 1 3172.42
7 33 8 1 1.92009e-16
7 33 9 1 1.01093e-15
7 33 10 1 3.38668e-17
7 34 1 1 6.23794e-17
7 34 2 1 3.88408e-12
7 34 3 1 1.40898e-12
7 34 4 1 1.84935e-16
7 34 5 1 9.12381e-12
7 34 6 1 6.80948e-12
7 34 7 1 3608.7
7 34 8 1 2.18405e-16
7 34 9 1 1.13928e-15
7 34 10 1 3.62166e-17
7 35 1 1 7.39506e-17
7 35 2 1 5.20289e-12
7 35 3 1 1.89557e-12
7 35 4 1 2.5731e-16
7 35 5 1 1.3044e-11
7 35 6 1 1.053e-11
7 35 7 1 4523.44
7 35 8 1 2.67065e-16
7 35 9 1 1.46988e-15
7 35 10 1 4.29164e-17
7 36 1 1 6.51368e-17
7 36 2 1 3.98783e-12
7 36 3 1 1.49921e-12
7 36 4 1 2.33511e-16
7 36 5 1 1.11007e-11
7 36 6 1 9.38733e-12
7 36 7 1 3351.37
7 36 8 1 1.92363e-16
7 36 9 1 1.17163e-15
7 36 10 1 3.349e-17
7 37 1 1 1.39831e-16
7 37 2 1 6.18411e-12
7 37 3 1 2.70058e-12
7 37 4 1 4.64029e-16
7 37 5 1 2.16627e-11
7 37 6 1 1.65692e-11
7 37 7 1 5235.37
7 37 8 1 2.95177e-16
7 37 9 1 1.96754e-15
7 37 10 1 5.75973e-17
7 38 1 1 1.77936e-16
7 38 2 1 5.39509e-12
7 38 3 1 3.31401e-12
7 38 4 1 5.25987e-16
7 38 5 1 2.46336e-11
7 38 6 1 1.62226e-11
7 38 7 1 4736.39
7 38 8 1 2.64438e-16
7 38 9 1 1.84499e-15
7 38 10 1 5.71012e-17
7 39 1 1 3.28854e-16
7 39 2 1 6.69819e-12
7 39 3 1 5.77592e-12
7 39 4 1 8.62422e-16
7 39 5 1 3.89629e-11
7 39 6 1 2.24139e-11
7 39 7 1 6342.3
7 39 8 1 3.50967e-16
7 39 9 1 2.5316e-15
7 39 10 1 8.40091e-17
7 40 1 1 3.45724e-16
7 40 2 1 4.82696e-12
7 40 3 1 5.52422e-12
7 40 4 1 8.23973e-16
7 40 5 1 3.68895e-11
7 40 6 1 1.91883e-11
7 40 7 1 5079.8
7 40 8 1 2.78058e-16
7 40 9 1 2.05359e-15
7 40 10 1 7.27444e-17
7 41 1 1 3.19993e-16
7 41 2 1 3.18825e-12
7 41 3 1 4.56627e-12
7 41 4 1 7.16798e-16
7 41 5 1 3.13981e-11
7 41 6 1 1.67551e-11
7 41 7 1 3782.86
7 41 8 1 2.02987e-16
7 41 9 1 1.52482e-15
7 41 10 1 5.81482e-17
7 42 1 1 3.15489e-16
7 42 2 1 2.14896e-12
7 42 3 1 3.61655e-12
7 42 4 1 6.24567e-16
7 42 5 1 2.64107e-11
7 42 6 1 1.56139e-11
7 42 7 1 2870.09
7 42 8 1 1.5067e-16
7 42 9 1 1.16942e-15
7 42 10 1 4.97362e-17
8 1 1 1 1.05426e-11
8 1 2 1 5.41815e-09
8 1 3 1 4.3774e-09
8 1 4 1 5.62211e-12
8 1 5 1 1.08689e-08
8 1 6 1 4.59088e-08
8 1 7 1 9.74145e-08
8 1 8 1 4611.28
8 1 9 1 1.83358e-11
8 1 10 1 1.19164e-12
8 2 1 1 9.88087e-12
8 2 2 1 4.96606e-09
8 2 3 1 3.21791e-09
8 2 4 1 5.31604e-12
8 2 5 1 1.05425e-08
8 2 6 1 3.77728e-08
8 2 7 1 7.54192e-08
8 2 8 1 4357.52
8 2 9 1 1.69568e-11
8 2 10 1 1.11392e-12
8 3 1 1 1.73944e-11
8 3 2 1 7.98459e-09
8 3 3 1 4.99609e-09
8 3 4 1 9.96181e-12
8 3 5 1 2.11105e-08
8 3 6 1 6.69363e-08
8 3 7 1 1.2355e-07
8 3 8 1 7600.24
8 3 9 1 3.16859e-11
8 3 10 1 1.85554e-12
8 4 1 1 1.82948e-11
8 4 2 1 7.57344e-09
8 4 3 1 4.84033e-09
8 4 4 1 1.11355e-11
8 4 5 1 2.52421e-08
8 4 6 1 7.45022e-08
8 4 7 1 1.25061e-07
8 4 8 1 7651.42
8 4 9 1 3.5199e-11
8 4 10 1 2.1437e-12
8 5 1 1 1.38437e-11
8 5 2 1 5.15368e-09
8 5 3 1 3.42637e-09
8 5 4 1 8.73622e-12
8 5 5 1 2.09685e-08
8 5 6 1 5.9093e-08
8 5 7 1 9.0874e-08
8 5 8 1 5791.98
8 5 9 1 2.76059e-11
8 5 10 1 1.81981e-12
8 6 1 1 1.38439e-11
8 6 2 1 4.89283e-09
8 6 3 1 3.31919e-09
8 6 4 1 9.141e-12
8 6 5 1 2.29358e-08
8 6 6 1 6.10035e-08
8 6 7 1 8.90038e-08
8 6 8 1 5918.64
8 6 9 1 2.89394e-11
8 6 10 1 1.53627e-12
8 7 1 1 1.35007e-11
8 7 2 1 4.76005e-09
8 7 3 1 3.04639e-09
8 7 4 1 8.87827e-12
8 7 5 1 2.31606e-08
8 7 6 1 5.78294e-08
8 7 7 1 8.13828e-08
8 7 8 1 5459.05
8 7 9 1 2.84144e-11
8 7 10 1 1.31934e-12
8 8 1 1 1.22661e-11
8 8 2 1 5.43893e-09
8 8 3 1 2.80118e-09
8 8 4 1 8.28345e-12
8 8 5 1 2.25731e-08
8 8 6 1 5.53004e-08
8 8 7 1 7.26585e-08
8 8 8 1 4892.97
8 8 9 1 2.69869e-11
8 8 10 1 1.14126e-12
8 9 1 1 9.4657e-12
8 9 2 1 7.58382e-09
8 9 3 1 2.33474e-09
8 9 4 1 6.69494e-12
8 9 5 1 1.95173e-08
8 9 6 1 4.83469e-08
8 9 7 1 5.70123e-08
8 9 8 1 3874.07
8 9 9 1 2.21721e-11
8 9 10 1 7.78832e-13
8 10 1 1 1.15141e-11
8 10 2 1 1.90827e-08
8 10 3 1 3.07505e-09
8 10 4 1 8.19003e-12
8 10 5 1 2.53653e-08
8 10 6 1 6.31697e-08
8 10 7 1 7.81055e-08
8 10 8 1 4719.49
8 10 9 1 2.75531e-11
8 10 10 1 7.8618e-13
8 11 1 1 1.08069e-11
8 11 2 1 3.18063e-08
8 11 3 1 3.34416e-09
8 11 4 1 7.93659e-12
8 11 5 1 2.64401e-08
8 11 6 1 6.41487e-08
8 11 7 1 8.96082e-08
8 11 8 1 4546.89
8 11 9 1 2.72062e-11
8 11 10 1 7.62155e-13
8 12 1 1 8.57172e-12
8 12 2 1 3.62223e-08
8 12 3 1 3.0571e-09
8 12 4 1 6.17282e-12
8 12 5 1 2.27466e-08
8 12 6 1 5.3068e-08
8 12 7 1 8.32281e-08
8 12 8 1 3618.13
8 12 9 1 2.2469e-11
8 12 10 1 1.0629e-12
8 13 1 1 8.65731e-12
8 13 2 1 4.97606e-08
8 13 3 1 4.10402e-09
8 13 4 1 6.34086e-12
8 13 5 1 2.6343e-08
8 13 6 1 6.06687e-08
8 13 7 1 1.02139e-07
8 13 8 1 3934.02
8 13 9 1 2.48838e-11
8 13 10 1 1.3955e-12
8 14 1 1 7.83052e-12
8 14 2 1 6.24937e-08
8 14 3 1 6.39768e-09
8 14 4 1 6.82197e-12
8 14 5 1 3.1165e-08
8 14 6 1 7.37332e-08
8 14 7 1 1.25439e-07
8 14 8 1 4256.84
8 14 9 1 2.73817e-11
8 14 10 1 1.29094e-12
8 15 1 1 5.06988e-12
8 15 2 1 5.74778e-08
8 15 3 1 7.32225e-09
8 15 4 1 5.68682e-12
8 15 5 1 2.8105e-08
8 15 6 1 7.56213e-08
8 15 7 1 1.15137e-07
8 15 8 1 3436.71
8 15 9 1 2.29919e-11
8 15 10 1 9.24607e-13
8 16 1 1 4.95162e-12
8 16 2 1 8.53365e-08
8 16 3 1 1.23884e-08
8 16 4 1 7.3363e-12
8 16 5 1 4.0564e-08
8 16 6 1 1.17382e-07
8 16 7 1 1.65947e-07
8 16 8 1 4304.28
8 16 9 1 3.111e-11
8 16 10 1 1.06351e-12
8 17 1 1 1.63695e-12
8 17 2 1 4.19369e-08
8 17 3 1 6.62344e-09
8 17 4 1 3.2303e-12
8 17 5 1 2.00723e-08
8 17 6 1 5.73924e-08
8 17 7 1 8.01037e-08
8 17 8 1 2007.53
8 17 9 1 1.45062e-11
8 17 10 1 4.47794e-13
8 18 1 1 1.59581e-12
8 18 2 1 4.39583e-08
8 18 3 1 8.17245e-09
8 18 4 1 3.17564e-12
8 18 5 1 2.15134e-08
8 18 6 1 5.77896e-08
8 18 7 1 8.30066e-08
8 18 8 1 2531.42
8 18 9 1 1.51625e-11
8 18 10 1 6.33283e-13
8 19 1 1 1.82667e-12
8 19 2 1 4.49984e-08
8 19 3 1 1.07173e-08
8 19 4 1 2.77021e-12
8 19 5 1 2.04724e-08
8 19 6 1 5.07654e-08
8 19 7 1 7.56529e-08
8 19 8 1 2756.6
8 19 9 1 1.42867e-11
8 19 10 1 9.43679e-13
8 20 1 1 2.42047e-12
8 20 2 1 6.06818e-08
8 20 3 1 1.67243e-08
8 20 4 1 3.0505e-12
8 20 5 1 2.50139e-08
8 20 6 1 5.72329e-08
8 20 7 1 8.6545e-08
8 20 8 1 3471.27
8 20 9 1 1.73512e-11
8 20 10 1 1.56251e-12
8 21 1 1 2.19157e-12
8 21 2 1 5.42359e-08
8 21 3 1 1.75184e-08
8 21 4 1 2.4767e-12
8 21 5 1 2.20628e-08
8 21 6 1 4.95578e-08
8 21 7 1 7.14661e-08
8 21 8 1 3089.57
8 21 9 1 1.55562e-11
8 21 10 1 1.77659e-12
8 22 1 1 1.68074e-12
8 22 2 1 3.9562e-08
8 22 3 1 1.55463e-08
8 22 4 1 1.78087e-12
8 22 5 1 1.70473e-08
8 22 6 1 3.71221e-08
8 22 7 1 5.16508e-08
8 22 8 1 2603.16
8 22 9 1 1.2112e-11
8 22 10 1 1.67719e-12
8 23 1 1 1.82e-12
8 23 2 1 4.35111e-08
8 23 3 1 1.90088e-08
8 23 4 1 1.84976e-12
8 23 5 1 1.91144e-08
8 23 6 1 3.95209e-08
8 23 7 1 5.41725e-08
8 23 8 1 3137.9
8 23 9 1 1.38202e-11
8 23 10 1 1.81058e-12
8 24 1 1 2.91147e-12
8 24 2 1 7.8596e-08
8 24 3 1 3.46367e-08
8 24 4 1 3.04106e-12
8 24 5 1 3.43593e-08
8 24 6 1 6.65219e-08
8 24 7 1 8.87458e-08
8 24 8 1 5388.36
8 24 9 1 2.30635e-11
8 24 10 1 2.59813e-12
8 25 1 1 1.82106e-12
8 25 2 1 5.57588e-08
8 25 3 1 2.49354e-08
8 25 4 1 2.06768e-12
8 25 5 1 2.58934e-08
8 25 6 1 4.64009e-08
8 25 7 1 5.99885e-08
8 25 8 1 3593.54
8 25 9 1 1.58002e-11
8 25 10 1 1.48125e-12
8 26 1 1 2.02516e-12
8 26 2 1 7.27667e-08
8 26 3 1 3.36796e-08
8 26 4 1 2.64577e-12
8 26 5 1 3.99004e-08
8 26 6 1 6.37166e-08
8 26 7 1 7.84492e-08
8 26 8 1 4503.48
8 26 9 1 2.09702e-11
8 26 10 1 1.68831e-12
8 27 1 1 1.4137e-12
8 27 2 1 5.78945e-08
8 27 3 1 2.67323e-08
8 27 4 1 2.02395e-12
8 27 5 1 4.31873e-08
8 27 6 1 5.37889e-08
8 27 7 1 6.13513e-08
8 27 8 1 3276.57
8 27 9 1 1.63766e-11
8 27 10 1 9.43872e-13
8 28 1 1 1.1145e-12
8 28 2 1 4.5639e-08
8 28 3 1 1.9782e-08
8 28 4 1 1.47131e-12
8 28 5 1 4.39752e-08
8 28 6 1 4.37579e-08
8 28 7 1 4.54541e-08
8 28 8 1 2318.61
8 28 9 1 1.30113e-11
8 28 10 1 4.46053e-13
8 29 1 1 7.0793e-13
8 29 2 1 2.78995e-08
8 29 3 1 1.12803e-08
8 29 4 1 8.13062e-13
8 29 5 1 3.2201e-08
8 29 6 1 2.74121e-08
8 29 7 1 2.63721e-08
8 29 8 1 1371.67
8 29 9 1 8.14902e-12
8 29 10 1 2.29861e-13
8 30 1 1 6.84062e-13
8 30 2 1 2.61535e-08
8 30 3 1 1.01572e-08
8 30 4 1 7.5813e-13
8 30 5 1 3.61023e-08
8 30 6 1 2.71497e-08
8 30 7 1 2.44053e-08
8 30 8 1 1344.78
8 30 9 1 7.93774e-12
8 30 10 1 2.47685e-13
8 31 1 1 1.06101e-12
8 31 2 1 4.37264e-08
8 31 3 1 1.66525e-08
8 31 4 1 1.41185e-12
8 31 5 1 7.31015e-08
8 31 6 1 4.80278e-08
8 31 7 1 4.14462e-08
8 31 8 1 2404.8
8 31 9 1 1.38139e-11
8 31 10 1 4.88002e-13
8 32 1 1 8.26925e-13
8 32 2 1 4.01062e-08
8 32 3 1 1.48184e-08
8 32 4 1 1.4925e-12
8 32 5 1 7.80227e-08
8 32 6 1 4.80928e-08
8 32 7 1 3.8625e-08
8 32 8 1 2297.76
8 32 9 1 1.27587e-11
8 32 10 1 4.44931e-13
8 33 1 1 4.87683e-13
8 33 2 1 2.65866e-08
8 33 3 1 9.55551e-09
8 33 4 1 1.14322e-12
8 33 5 1 5.75701e-08
8 33 6 1 3.93838e-08
8 33 7 1 2.559e-08
8 33 8 1 1548.82
8 33 9 1 8.15454e-12
8 33 10 1 2.73184e-13
8 34 1 1 5.0983e-13
8 34 2 1 3.17448e-08
8 34 3 1 1.15157e-08
8 34 4 1 1.51149e-12
8 34 5 1 7.45694e-08
8 34 6 1 5.56542e-08
8 34 7 1 2.94941e-08
8 34 8 1 1785.04
8 34 9 1 9.31143e-12
8 34 10 1 2.96e-13
8 35 1 1 5.01267e-13
8 35 2 1 3.52673e-08
8 35 3 1 1.2849e-08
8 35 4 1 1.74415e-12
8 35 5 1 8.84174e-08
8 35 6 1 7.13765e-08
8 35 7 1 3.06617e-08
8 35 8 1 1810.28
8 35 9 1 9.96347e-12
8 35 10 1 2.90905e-13
8 36 1 1 5.95296e-13
8 36 2 1 3.64454e-08
8 36 3 1 1.37015e-08
8 36 4 1 2.13409e-12
8 36 5 1 1.01451e-07
8 36 6 1 8.57924e-08
8 36 7 1 3.06287e-08
8 36 8 1 1758.04
8 36 9 1 1.07077e-11
8 36 10 1 3.06071e-13
8 37 1 1 5.77037e-13
8 37 2 1 2.55199e-08
8 37 3 1 1.11445e-08
8 37 4 1 1.9149e-12
8 37 5 1 8.93951e-08
8 37 6 1 6.8376e-08
8 37 7 1 2.16047e-08
8 37 8 1 1218.1
8 37 9 1 8.11941e-12
8 37 10 1 2.37686e-13
8 38 1 1 6.96194e-13
8 38 2 1 2.11089e-08
8 38 3 1 1.29664e-08
8 38 4 1 2.05798e-12
8 38 5 1 9.63818e-08
8 38 6 1 6.34725e-08
8 38 7 1 1.85317e-08
8 38 8 1 1034.64
8 38 9 1 7.21872e-12
8 38 10 1 2.23415e-13
8 39 1 1 5.9562e-13
8 39 2 1 1.21317e-08
8 39 3 1 1.04613e-08
8 39 4 1 1.56202e-12
8 39 5 1 7.05694e-08
8 39 6 1 4.0596e-08
8 39 7 1 1.14871e-08
8 39 8 1 635.67
8 39 9 1 4.58523e-12
8 39 10 1 1.52157e-13
8 40 1 1 6.96112e-13
8 40 2 1 9.71904e-09
8 40 3 1 1.1123e-08
8 40 4 1 1.65906e-12
8 40 5 1 7.42767e-08
8 40 6 1 3.86354e-08
8 40 7 1 1.02281e-08
8 40 8 1 559.867
8 40 9 1 4.13487e-12
8 40 10 1 1.4647e-13
8 41 1 1 7.70159e-13
8 41 2 1 7.67347e-09
8 41 3 1 1.09901e-08
8 41 4 1 1.72519e-12
8 41 5 1 7.55689e-08
8 41 6 1 4.03261e-08
8 41 7 1 9.10457e-09
8 41 8 1 488.55
8 41 9 1 3.66992e-12
8 41 10 1 1.39951e-13
8 42 1 1 6.54585e-13
8 42 2 1 4.45872e-09
8 42 3 1 7.50373e-09
8 42 4 1 1.29587e-12
8 42 5 1 5.47977e-08
8 42 6 1 3.23961e-08
8 42 7 1 5.95494e-09
8 42 8 1 312.615
8 42 9 1 2.42634e-12
8 42 10 1 1.03194e-13
9 1 1 1 8.53291e-12
9 1 2 1 4.38532e-09
9 1 3 1 3.54297e-09
9 1 4 1 4.55041e-12
9 1 5 1 8.79705e-09
9 1 6 1 3.71575e-08
9 1 7 1 7.8845e-08
9 1 8 1 3.73226e-12
9 1 9 1 14840.6
9 1 10 1 9.64487e-13
9 2 1 1 6.34017e-12
9 2 2 1 3.18652e-09
9 2 3 1 2.06481e-09
9 2 4 1 3.41109e-12
9 2 5 1 6.76468e-09
9 2 6 1 2.42373e-08
9 2 7 1 4.83935e-08
9 2 8 1 2.79605e-12
9 2 9 1 10880.5
9 2 10 1 7.14762e-13
9 3 1 1 8.29238e-12
9 3 2 1 3.80647e-09
9 3 3 1 2.38177e-09
9 3 4 1 4.74906e-12
9 3 5 1 1.0064e-08
9 3 6 1 3.19103e-08
9 3 7 1 5.88998e-08
9 3 8 1 3.62323e-12
9 3 9 1 15105.5
9 3 10 1 8.84586e-13
9 4 1 1 6.75112e-12
9 4 2 1 2.79474e-09
9 4 3 1 1.78617e-09
9 4 4 1 4.10921e-12
9 4 5 1 9.3148e-09
9 4 6 1 2.74926e-08
9 4 7 1 4.61499e-08
9 4 8 1 2.82351e-12
9 4 9 1 12989.1
9 4 10 1 7.91063e-13
9 5 1 1 5.93989e-12
9 5 2 1 2.21129e-09
9 5 3 1 1.47015e-09
9 5 4 1 3.74845e-12
9 5 5 1 8.99696e-09
9 5 6 1 2.5355e-08
9 5 7 1 3.89913e-08
9 5 8 1 2.48516e-12
9 5 9 1 11844.9
9 5 10 1 7.80824e-13
9 6 1 1 4.52864e-12
9 6 2 1 1.60055e-09
9 6 3 1 1.08578e-09
9 6 4 1 2.99022e-12
9 6 5 1 7.5028e-09
9 6 6 1 1.99556e-08
9 6 7 1 2.91151e-08
9 6 8 1 1.93611e-12
9 6 9 1 9466.72
9 6 10 1 5.02548e-13
9 7 1 1 2.73305e-12
9 7 2 1 9.63618e-10
9 7 3 1 6.16708e-10
9 7 4 1 1.79731e-12
9 7 5 1 4.68861e-09
9 7 6 1 1.17069e-08
9 7 7 1 1.6475e-08
9 7 8 1 1.10512e-12
9 7 9 1 5752.17
9 7 10 1 2.67086e-13
9 8 1 1 4.40683e-12
9 8 2 1 1.95405e-09
9 8 3 1 1.00638e-09
9 8 4 1 2.976e-12
9 8 5 1 8.10984e-09
9 8 6 1 1.98678e-08
9 8 7 1 2.6104e-08
9 8 8 1 1.7579e-12
9 8 9 1 9695.58
9 8 10 1 4.10019e-13
9 9 1 1 3.712e-12
9 9 2 1 2.97401e-09
9 9 3 1 9.15575e-10
9 9 4 1 2.62544e-12
9 9 5 1 7.65376e-09
9 9 6 1 1.89594e-08
9 9 7 1 2.23575e-08
9 9 8 1 1.51923e-12
9 9 9 1 8694.85
9 9 10 1 3.05421e-13
9 10 1 1 3.93925e-12
9 10 2 1 6.52862e-09
9 10 3 1 1.05204e-09
9 10 4 1 2.80199e-12
9 10 5 1 8.67805e-09
9 10 6 1 2.16118e-08
9 10 7 1 2.67216e-08
9 10 8 1 1.61464e-12
9 10 9 1 9426.54
9 10 10 1 2.6897e-13
9 11 1 1 4.29235e-12
9 11 2 1 1.2633e-08
9 11 3 1 1.32825e-09
9 11 4 1 3.1523e-12
9 11 5 1 1.05016e-08
9 11 6 1 2.54789e-08
9 11 7 1 3.55911e-08
9 11 8 1 1.80596e-12
9 11 9 1 10805.9
9 11 10 1 3.02717e-13
9 12 1 1 1.4976e-12
9 12 2 1 6.32856e-09
9 12 3 1 5.3412e-10
9 12 4 1 1.07848e-12
9 12 5 1 3.97416e-09
9 12 6 1 9.27174e-09
9 12 7 1 1.45412e-08
9 12 8 1 6.3214e-13
9 12 9 1 3925.65
9 12 10 1 1.85703e-13
9 13 1 1 4.83658e-12
9 13 2 1 2.77998e-08
9 13 3 1 2.2928e-09
9 13 4 1 3.54245e-12
9 13 5 1 1.47171e-08
9 13 6 1 3.38938e-08
9 13 7 1 5.7062e-08
9 13 8 1 2.19782e-12
9 13 9 1 13901.8
9 13 10 1 7.79627e-13
9 14 1 1 3.82972e-12
9 14 2 1 3.05641e-08
9 14 3 1 3.12895e-09
9 14 4 1 3.33646e-12
9 14 5 1 1.5242e-08
9 14 6 1 3.60611e-08
9 14 7 1 6.13493e-08
9 14 8 1 2.08192e-12
9 14 9 1 13391.7
9 14 10 1 6.31365e-13
9 15 1 1 2.56051e-12
9 15 2 1 2.90287e-08
9 15 3 1 3.69804e-09
9 15 4 1 2.87209e-12
9 15 5 1 1.41942e-08
9 15 6 1 3.8192e-08
9 15 7 1 5.81489e-08
9 15 8 1 1.73569e-12
9 15 9 1 11611.9
9 15 10 1 4.66966e-13
9 16 1 1 1.56063e-12
9 16 2 1 2.6896e-08
9 16 3 1 3.90454e-09
9 16 4 1 2.31223e-12
9 16 5 1 1.27848e-08
9 16 6 1 3.6996e-08
9 16 7 1 5.23025e-08
9 16 8 1 1.35661e-12
9 16 9 1 9805.13
9 16 10 1 3.35194e-13
9 17 1 1 1.03511e-12
9 17 2 1 2.65182e-08
9 17 3 1 4.18824e-09
9 17 4 1 2.04264e-12
9 17 5 1 1.26924e-08
9 17 6 1 3.62913e-08
9 17 7 1 5.06525e-08
9 17 8 1 1.26944e-12
9 17 9 1 9172.78
9 17 10 1 2.83157e-13
9 18 1 1 5.17597e-13
9 18 2 1 1.42578e-08
9 18 3 1 2.65072e-09
9 18 4 1 1.03001e-12
9 18 5 1 6.97783e-09
9 18 6 1 1.87439e-08
9 18 7 1 2.6923e-08
9 18 8 1 8.21061e-13
9 18 9 1 4917.94
9 18 10 1 2.05404e-13
9 19 1 1 1.16215e-12
9 19 2 1 2.86286e-08
9 19 3 1 6.81846e-09
9 19 4 1 1.76244e-12
9 19 5 1 1.30248e-08
9 19 6 1 3.22976e-08
9 19 7 1 4.81313e-08
9 19 8 1 1.75379e-12
9 19 9 1 9089.36
9 19 10 1 6.00381e-13
9 20 1 1 3.54173e-13
9 20 2 1 8.8792e-09
9 20 3 1 2.44716e-09
9 20 4 1 4.46361e-13
9 20 5 1 3.66013e-09
9 20 6 1 8.37454e-09
9 20 7 1 1.26636e-08
9 20 8 1 5.0793e-13
9 20 9 1 2538.89
9 20 10 1 2.28632e-13
9 21 1 1 1.12145e-12
9 21 2 1 2.7753e-08
9 21 3 1 8.96432e-09
9 21 4 1 1.26735e-12
9 21 5 1 1.12897e-08
9 21 6 1 2.53592e-08
9 21 7 1 3.65698e-08
9 21 8 1 1.58096e-12
9 21 9 1 7960.24
9 21 10 1 9.09095e-13
9 22 1 1 1.06119e-12
9 22 2 1 2.49787e-08
9 22 3 1 9.81568e-09
9 22 4 1 1.12441e-12
9 22 5 1 1.07634e-08
9 22 6 1 2.34383e-08
9 22 7 1 3.26114e-08
9 22 8 1 1.64359e-12
9 22 9 1 7647.31
9 22 10 1 1.05895e-12
9 23 1 1 8.79261e-13
9 23 2 1 2.10207e-08
9 23 3 1 9.18334e-09
9 23 4 1 8.9364e-13
9 23 5 1 9.23436e-09
9 23 6 1 1.9093e-08
9 23 7 1 2.61713e-08
9 23 8 1 1.51595e-12
9 23 9 1 6676.69
9 23 10 1 8.74711e-13
9 24 1 1 3.83346e-12
9 24 2 1 1.03485e-07
9 24 3 1 4.56053e-08
9 24 4 1 4.00409e-12
9 24 5 1 4.52401e-08
9 24 6 1 8.75878e-08
9 24 7 1 1.16849e-07
9 24 8 1 7.09472e-12
9 24 9 1 30367.2
9 24 10 1 3.42089e-12
9 25 1 1 1.17678e-12
9 25 2 1 3.60316e-08
9 25 3 1 1.61134e-08
9 25 4 1 1.33615e-12
9 25 5 1 1.67325e-08
9 25 6 1 2.99845e-08
9 25 7 1 3.87649e-08
9 25 8 1 2.32216e-12
9 25 9 1 10210.2
9 25 10 1 9.57189e-13
9 26 1 1 2.9688e-12
9 26 2 1 1.06673e-07
9 26 3 1 4.9373e-08
9 26 4 1 3.87859e-12
9 26 5 1 5.84924e-08
9 26 6 1 9.34059e-08
9 26 7 1 1.15003e-07
9 26 8 1 6.60191e-12
9 26 9 1 30741.5
9 26 10 1 2.47499e-12
9 27 1 1 9.08983e-13
9 27 2 1 3.72251e-08
9 27 3 1 1.71884e-08
9 27 4 1 1.30136e-12
9 27 5 1 2.77686e-08
9 27 6 1 3.45853e-08
9 27 7 1 3.94478e-08
9 27 8 1 2.10678e-12
9 27 9 1 10529.9
9 27 10 1 6.06893e-13
9 28 1 1 7.54062e-13
9 28 2 1 3.0879e-08
9 28 3 1 1.33844e-08
9 28 4 1 9.95478e-13
9 28 5 1 2.97533e-08
9 28 6 1 2.96062e-08
9 28 7 1 3.07539e-08
9 28 8 1 1.56875e-12
9 28 9 1 8803.37
9 28 10 1 3.01796e-13
9 29 1 1 6.98293e-13
9 29 2 1 2.75197e-08
9 29 3 1 1.11267e-08
9 29 4 1 8.01993e-13
9 29 5 1 3.17626e-08
9 29 6 1 2.70389e-08
9 29 7 1 2.60131e-08
9 29 8 1 1.35299e-12
9 29 9 1 8038.08
9 29 10 1 2.26732e-13
9 30 1 1 1.29652e-12
9 30 2 1 4.95693e-08
9 30 3 1 1.92512e-08
9 30 4 1 1.4369e-12
9 30 5 1 6.84256e-08
9 30 6 1 5.14576e-08
9 30 7 1 4.6256e-08
9 30 8 1 2.5488e-12
9 30 9 1 15044.6
9 30 10 1 4.69443e-13
9 31 1 1 1.01281e-12
9 31 2 1 4.17403e-08
9 31 3 1 1.58961e-08
9 31 4 1 1.34772e-12
9 31 5 1 6.97812e-08
9 31 6 1 4.58463e-08
9 31 7 1 3.95637e-08
9 31 8 1 2.29558e-12
9 31 9 1 13186.5
9 31 10 1 4.65837e-13
9 32 1 1 1.39916e-12
9 32 2 1 6.78601e-08
9 32 3 1 2.50729e-08
9 32 4 1 2.52532e-12
9 32 5 1 1.32015e-07
9 32 6 1 8.13734e-08
9 32 7 1 6.53538e-08
9 32 8 1 3.88783e-12
9 32 9 1 21587.8
9 32 10 1 7.52828e-13
9 33 1 1 9.52359e-13
9 33 2 1 5.19191e-08
9 33 3 1 1.86602e-08
9 33 4 1 2.23251e-12
9 33 5 1 1.12424e-07
9 33 6 1 7.69097e-08
9 33 7 1 4.99728e-08
9 33 8 1 3.02458e-12
9 33 9 1 15924.4
9 33 10 1 5.3348e-13
9 34 1 1 6.81564e-13
9 34 2 1 4.24379e-08
9 34 3 1 1.53947e-08
9 34 4 1 2.02062e-12
9 34 5 1 9.96879e-08
9 34 6 1 7.44011e-08
9 34 7 1 3.9429e-08
9 34 8 1 2.38632e-12
9 34 9 1 12448
9 34 10 1 3.95706e-13
9 35 1 1 4.20956e-13
9 35 2 1 2.96169e-08
9 35 3 1 1.07904e-08
9 35 4 1 1.46471e-12
9 35 5 1 7.42514e-08
9 35 6 1 5.99408e-08
9 35 7 1 2.57492e-08
9 35 8 1 1.52024e-12
9 35 9 1 8367.15
9 35 10 1 2.44297e-13
9 36 1 1 1.95868e-13
9 36 2 1 1.19915e-08
9 36 3 1 4.50817e-09
9 36 4 1 7.02174e-13
9 36 5 1 3.33802e-08
9 36 6 1 2.8228e-08
9 36 7 1 1.00777e-08
9 36 8 1 5.78442e-13
9 36 9 1 3523.12
9 36 10 1 1.00706e-13
9 37 1 1 6.7982e-13
9 37 2 1 3.00655e-08
9 37 3 1 1.31295e-08
9 37 4 1 2.25599e-12
9 37 5 1 1.05318e-07
9 37 6 1 8.05551e-08
9 37 7 1 2.5453e-08
9 37 8 1 1.43507e-12
9 37 9 1 9565.65
9 37 10 1 2.80023e-13
9 38 1 1 1.14647e-12
9 38 2 1 3.47614e-08
9 38 3 1 2.13527e-08
9 38 4 1 3.38902e-12
9 38 5 1 1.58719e-07
9 38 6 1 1.04525e-07
9 38 7 1 3.05174e-08
9 38 8 1 1.70382e-12
9 38 9 1 11887.6
9 38 10 1 3.67913e-13
9 39 1 1 1.33223e-12
9 39 2 1 2.71351e-08
9 39 3 1 2.33989e-08
9 39 4 1 3.49377e-12
9 39 5 1 1.57843e-07
9 39 6 1 9.08013e-08
9 39 7 1 2.56934e-08
9 39 8 1 1.42181e-12
9 39 9 1 10255.8
9 39 10 1 3.40331e-13
9 40 1 1 2.0136e-12
9 40 2 1 2.81136e-08
9 40 3 1 3.21746e-08
9 40 4 1 4.79906e-12
9 40 5 1 2.14855e-07
9 40 6 1 1.11758e-07
9 40 7 1 2.95862e-08
9 40 8 1 1.61949e-12
9 40 9 1 11960.7
9 40 10 1 4.23684e-13
9 41 1 1 2.22489e-12
9 41 2 1 2.21677e-08
9 41 3 1 3.17489e-08
9 41 4 1 4.98384e-12
9 41 5 1 2.18309e-07
9 41 6 1 1.16497e-07
9 41 7 1 2.63019e-08
9 41 8 1 1.41136e-12
9 41 9 1 10601.9
9 41 10 1 4.043e-13
9 42 1 1 1.3441e-12
9 42 2 1 9.15534e-09
9 42 3 1 1.54078e-08
9 42 4 1 2.66088e-12
9 42 5 1 1.12519e-07
9 42 6 1 6.65207e-08
9 42 7 1 1.22276e-08
9 42 8 1 6.4191e-13
9 42 9 1 4982.15
9 42 10 1 2.11894e-13
10 1 1 1 5.2821e-11
10 1 2 1 2.98253e-11
10 1 3 1 1.86099e-08
10 1 4 1 2.82147e-11
10 1 5 1 5.38738e-08
10 1 6 1 2.1958e-07
10 1 7 1 4.89109e-07
10 1 8 1 1.57889e-11
10 1 9 1 9.20556e-11
10 1 10 1 3886.58
10 2 1 1 5.89282e-11
10 2 2 1 5.25963e-09
10 2 3 1 1.68318e-08
10 2 4 1 3.17477e-11
10 2 5 1 6.10059e-08
10 2 6 1 1.80188e-07
10 2 7 1 4.50315e-07
10 2 8 1 2.26815e-11
10 2 9 1 1.01241e-10
10 2 10 1 4857.36
10 3 1 1 8.62689e-11
10 3 2 1 9.29362e-09
10 3 3 1 2.2147e-08
10 3 4 1 4.9547e-11
10 3 5 1 1.02053e-07
10 3 6 1 2.6455e-07
10 3 7 1 6.14027e-07
10 3 8 1 3.51358e-11
10 3 9 1 1.57591e-10
10 3 10 1 7000.65
10 4 1 1 8.58993e-11
10 4 2 1 9.32544e-09
10 4 3 1 2.11662e-08
10 4 4 1 5.45965e-11
10 4 5 1 1.21323e-07
10 4 6 1 2.85572e-07
10 4 7 1 6.12186e-07
10 4 8 1 3.4744e-11
10 4 9 1 1.72653e-10
10 4 10 1 5732.97
10 5 1 1 7.22902e-11
10 5 2 1 7.01287e-09
10 5 3 1 1.60463e-08
10 5 4 1 4.64334e-11
10 5 5 1 1.10163e-07
10 5 6 1 2.48405e-07
10 5 7 1 4.82108e-07
10 5 8 1 2.632e-11
10 5 9 1 1.46943e-10
10 5 10 1 7434.48
10 6 1 1 1.13958e-10
10 6 2 1 1.0023e-08
10 6 3 1 2.39219e-08
10 6 4 1 7.58955e-11
10 6 5 1 1.88859e-07
10 6 6 1 4.17643e-07
10 6 7 1 7.37256e-07
10 6 8 1 4.37287e-11
10 6 9 1 2.4079e-10
10 6 10 1 8921.74
10 7 1 1 5.3316e-11
10 7 2 1 4.14756e-09
10 7 3 1 1.03515e-08
10 7 4 1 3.532e-11
10 7 5 1 9.13915e-08
10 7 6 1 1.92948e-07
10 7 7 1 3.2292e-07
10 7 8 1 1.98902e-11
10 7 9 1 1.13327e-10
10 7 10 1 4174.54
10 8 1 1 4.63767e-11
10 8 2 1 3.54433e-09
10 8 3 1 8.82627e-09
10 8 4 1 3.14049e-11
10 8 5 1 8.46884e-08
10 8 6 1 1.6962e-07
10 8 7 1 2.74614e-07
10 8 8 1 1.68426e-11
10 8 9 1 1.02578e-10
10 8 10 1 3664.23
10 9 1 1 6.54487e-11
10 9 2 1 6.03794e-09
10 9 3 1 1.33117e-08
10 9 4 1 4.74362e-11
10 9 5 1 1.36205e-07
10 9 6 1 2.65118e-07
10 9 7 1 4.02496e-07
10 9 8 1 2.51834e-11
10 9 9 1 1.57574e-10
10 9 10 1 4285.98
10 10 1 1 6.70333e-11
10 10 2 1 8.27131e-09
10 10 3 1 1.41667e-08
10 10 4 1 4.82109e-11
10 10 5 1 1.47706e-07
10 10 6 1 3.00113e-07
10 10 7 1 4.00938e-07
10 10 8 1 2.49425e-11
10 10 9 1 1.62749e-10
10 10 10 1 3593.43
10 11 1 1 5.2714e-11
10 11 2 1 1.49471e-08
10 11 3 1 1.29366e-08
10 11 4 1 4.00279e-11
10 11 5 1 1.32043e-07
10 11 6 1 2.74111e-07
10 11 7 1 4.16571e-07
10 11 8 1 2.07984e-11
10 11 9 1 1.37743e-10
10 11 10 1 2607.51
10 12 1 1 7.74418e-11
10 12 2 1 5.18436e-08
10 12 3 1 2.11532e-08
10 12 4 1 5.66392e-11
10 12 5 1 2.06936e-07
10 12 6 1 4.20296e-07
10 12 7 1 7.27075e-07
10 12 8 1 3.0596e-11
10 12 9 1 2.07051e-10
10 12 10 1 2856.26
10 13 1 1 8.4027e-11
10 13 2 1 8.3539e-08
10 13 3 1 2.77374e-08
10 13 4 1 6.19652e-11
10 13 5 1 2.55874e-07
10 13 6 1 4.96361e-07
10 13 7 1 9.68844e-07
10 13 8 1 3.47435e-11
10 13 9 1 2.44342e-10
10 13 10 1 9455.47
10 14 1 1 3.21412e-11
10 14 2 1 5.40029e-08
10 14 3 1 1.49541e-08
10 14 4 1 2.79354e-11
10 14 5 1 1.27934e-07
10 14 6 1 2.45852e-07
10 14 7 1 5.08477e-07
10 14 8 1 1.60863e-11
10 14 9 1 1.13622e-10
10 14 10 1 4377.96
10 15 1 1 2.16239e-11
10 15 2 1 5.56555e-08
10 15 3 1 1.88443e-08
10 15 4 1 2.4191e-11
10 15 5 1 1.19899e-07
10 15 6 1 2.29616e-07
10 15 7 1 4.88967e-07
10 15 8 1 1.37285e-11
10 15 9 1 9.9264e-11
10 15 10 1 3323.13
10 16 1 1 1.49468e-11
10 16 2 1 5.57034e-08
10 16 3 1 2.49704e-08
10 16 4 1 2.20691e-11
10 16 5 1 1.22011e-07
10 16 6 1 2.71485e-07
10 16 7 1 5.003e-07
10 16 8 1 1.20895e-11
10 16 9 1 9.4946e-11
10 16 10 1 2606.47
10 17 1 1 1.69099e-11
10 17 2 1 9.68066e-08
10 17 3 1 5.03468e-08
10 17 4 1 3.37496e-11
10 17 5 1 2.08833e-07
10 17 6 1 4.97077e-07
10 17 7 1 8.39578e-07
10 17 8 1 1.81508e-11
10 17 9 1 1.53415e-10
10 17 10 1 2812.55
10 18 1 1 3.285e-12
10 18 2 1 2.35287e-08
10 18 3 1 1.30892e-08
10 18 4 1 7.38435e-12
10 18 5 1 4.99606e-08
10 18 6 1 1.16989e-07
10 18 7 1 1.94027e-07
10 18 8 1 4.06957e-12
10 18 9 1 3.56639e-11
10 18 10 1 963.853
10 19 1 1 4.55612e-12
10 19 2 1 2.35705e-08
10 19 3 1 1.42364e-08
10 19 4 1 7.10657e-12
10 19 5 1 5.24819e-08
10 19 6 1 1.15592e-07
10 19 7 1 1.95781e-07
10 19 8 1 5.64505e-12
10 19 9 1 3.72237e-11
10 19 10 1 1482.03
10 20 1 1 3.98657e-12
10 20 2 1 1.77908e-08
10 20 3 1 1.58052e-08
10 20 4 1 5.01303e-12
10 20 5 1 4.11003e-08
10 20 6 1 8.2904e-08
10 20 7 1 1.44288e-07
10 20 8 1 5.02406e-12
10 20 9 1 2.91276e-11
10 20 10 1 2107.29
10 21 1 1 5.99197e-12
10 21 2 1 3.21022e-08
10 21 3 1 3.07554e-08
10 21 4 1 6.73566e-12
10 21 5 1 6.03604e-08
10 21 6 1 1.10747e-07
10 21 7 1 1.97836e-07
10 21 8 1 7.50736e-12
10 21 9 1 4.33595e-11
10 21 10 1 3258.4
10 22 1 1 5.04299e-12
10 22 2 1 2.87087e-08
10 22 3 1 3.09735e-08
10 22 4 1 5.29726e-12
10 22 5 1 5.11975e-08
10 22 6 1 9.29504e-08
10 22 7 1 1.56585e-07
10 22 8 1 6.25205e-12
10 22 9 1 3.69538e-11
10 22 10 1 4225.57
10 23 1 1 7.8543e-12
10 23 2 1 4.44722e-08
10 23 3 1 5.94498e-08
10 23 4 1 8.01672e-12
10 23 5 1 8.35197e-08
10 23 6 1 1.48534e-07
10 23 7 1 2.39398e-07
10 23 8 1 1.18355e-11
10 23 9 1 6.14011e-11
10 23 10 1 7115.8
10 24 1 1 7.90911e-12
10 24 2 1 4.41943e-08
10 24 3 1 7.24039e-08
10 24 4 1 8.22225e-12
10 24 5 1 9.27156e-08
10 24 6 1 1.54312e-07
10 24 7 1 2.4447e-07
10 24 8 1 1.34837e-11
10 24 9 1 6.35177e-11
10 24 10 1 6557.46
10 25 1 1 6.64667e-12
10 25 2 1 4.69139e-08
10 25 3 1 7.3617e-08
10 25 4 1 7.47383e-12
10 25 5 1 9.2668e-08
10 25 6 1 1.43481e-07
10 25 7 1 2.20461e-07
10 25 8 1 1.24458e-11
10 25 9 1 5.81981e-11
10 25 10 1 4943.37
10 26 1 1 4.59388e-12
10 26 2 1 4.1506e-08
10 26 3 1 6.44507e-08
10 26 4 1 5.92576e-12
10 26 5 1 8.53536e-08
10 26 6 1 1.20481e-07
10 26 7 1 1.78969e-07
10 26 8 1 9.85589e-12
10 26 9 1 4.80371e-11
10 26 10 1 3528.35
10 27 1 1 1.06028e-11
10 27 2 1 1.09141e-07
10 27 3 1 1.74954e-07
10 27 4 1 1.50164e-11
10 27 5 1 2.93054e-07
10 27 6 1 3.30365e-07
10 27 7 1 4.63813e-07
10 27 8 1 2.40051e-11
10 27 9 1 1.2436e-10
10 27 10 1 6322.37
10 28 1 1 9.45122e-12
10 28 2 1 8.96838e-08
10 28 3 1 1.50488e-07
10 28 4 1 1.24114e-11
10 28 5 1 3.47849e-07
10 28 6 1 3.00357e-07
10 28 7 1 3.90246e-07
10 28 8 1 1.9101e-11
10 28 9 1 1.12155e-10
10 28 10 1 3251.49
10 29 1 1 5.98321e-12
10 29 2 1 5.61018e-08
10 29 3 1 8.80392e-08
10 29 4 1 6.9066e-12
10 29 5 1 2.66974e-07
10 29 6 1 1.93767e-07
10 29 7 1 2.28476e-07
10 29 8 1 1.08145e-11
10 29 9 1 7.08881e-11
10 29 10 1 1517.73
10 30 1 1 6.32247e-12
10 30 2 1 6.05727e-08
10 30 3 1 8.64945e-08
10 30 4 1 6.87782e-12
10 30 5 1 3.2758e-07
10 30 6 1 2.08353e-07
10 30 7 1 2.28204e-07
10 30 8 1 1.14955e-11
10 30 9 1 7.4606e-11
10 30 10 1 1638.37
10 31 1 1 5.31808e-12
10 31 2 1 5.68622e-08
10 31 3 1 7.70642e-08
10 31 4 1 6.87932e-12
10 31 5 1 3.59553e-07
10 31 6 1 2.04994e-07
10 31 7 1 2.08785e-07
10 31 8 1 1.09387e-11
10 31 9 1 6.99977e-11
10 31 10 1 1924.62
10 32 1 1 4.62842e-12
10 32 2 1 5.76986e-08
10 32 3 1 7.69283e-08
10 32 4 1 8.19127e-12
10 32 5 1 4.32551e-07
10 32 6 1 2.2082e-07
10 32 7 1 2.16553e-07
10 32 8 1 1.18525e-11
10 32 9 1 7.2069e-11
10 32 10 1 2188.1
10 33 1 1 2.21115e-12
10 33 2 1 2.9515e-08
10 33 3 1 3.91571e-08
10 33 4 1 5.1159e-12
10 33 5 1 2.58451e-07
10 33 6 1 1.21421e-07
10 33 7 1 1.15784e-07
10 33 8 1 6.61126e-12
10 33 9 1 3.72028e-11
10 33 10 1 1121.4
10 34 1 1 2.2918e-12
10 34 2 1 3.3897e-08
10 34 3 1 4.215e-08
10 34 4 1 6.7563e-12
10 34 5 1 3.28352e-07
10 34 6 1 1.74454e-07
10 34 7 1 1.32237e-07
10 34 8 1 7.6995e-12
10 34 9 1 4.19593e-11
10 34 10 1 1215.97
10 35 1 1 1.4113e-12
10 35 2 1 2.19843e-08
10 35 3 1 2.9169e-08
10 35 4 1 5.03329e-12
10 35 5 1 2.4866e-07
10 35 6 1 1.41083e-07
10 35 7 1 8.84339e-08
10 35 8 1 5.03969e-12
10 35 9 1 2.89327e-11
10 35 10 1 762.533
10 36 1 1 4.80618e-13
10 36 2 1 7.18695e-09
10 36 3 1 9.30655e-09
10 36 4 1 1.64508e-12
10 36 5 1 8.36921e-08
10 36 6 1 5.17259e-08
10 36 7 1 2.62959e-08
10 36 8 1 1.43813e-12
10 36 9 1 9.27027e-12
10 36 10 1 244.15
10 37 1 1 4.6543e-13
10 37 2 1 5.36635e-09
10 37 3 1 6.9611e-09
10 37 4 1 1.53759e-12
10 37 5 1 7.0745e-08
10 37 6 1 4.40397e-08
10 37 7 1 1.83055e-08
10 37 8 1 9.83579e-13
10 37 9 1 6.94287e-12
10 37 10 1 190.894
10 38 1 1 4.13675e-13
10 38 2 1 3.28175e-09
10 38 3 1 4.54564e-09
10 38 4 1 1.22659e-12
10 38 5 1 5.57463e-08
10 38 6 1 3.08114e-08
10 38 7 1 1.13364e-08
10 38 8 1 6.08241e-13
10 38 9 1 4.45874e-12
10 38 10 1 128.819
10 39 1 1 2.15491e-13
10 39 2 1 1.18319e-09
10 39 3 1 2.32417e-09
10 39 4 1 5.63818e-13
10 39 5 1 2.48708e-08
10 39 6 1 1.23527e-08
10 39 7 1 4.19372e-09
10 39 8 1 2.25373e-13
10 39 9 1 1.68987e-12
10 39 10 1 53.1592
10 40 1 1 3.05904e-13
10 40 2 1 1.18082e-09
10 40 3 1 3.32755e-09
10 40 4 1 7.28284e-13
10 40 5 1 3.16413e-08
10 40 6 1 1.35603e-08
10 40 7 1 4.50373e-09
10 40 8 1 2.41565e-13
10 40 9 1 1.83771e-12
10 40 10 1 62.2546
10 41 1 1 2.67828e-13
10 41 2 1 7.46675e-10
10 41 3 1 2.84257e-09
10 41 4 1 6.00164e-13
10 41 5 1 2.571e-08
10 41 6 1 9.87337e-09
10 41 7 1 3.16156e-09
10 41 8 1 1.67239e-13
10 41 9 1 1.28618e-12
10 41 10 1 46.6643
10 42 1 1 1.11675e-13
10 42 2 1 2.2961e-10
10 42 3 1 1.11214e-09
10 42 4 1 2.41796e-13
10 42 5 1 1.00372e-08
10 42 6 1 4.11801e-09
10 42 7 1 1.10552e-09
10 42 8 1 5.72898e-14
10 42 9 1 4.54761e-13
10 42 10 1 17.3254
full time series of survey length comp
survey year spp area catch-at-size
1 1 1 2  0.0904696 3.10683 3.05135 0.419313 0.0559974
1 1 2 2  0 7.18435e-102 1.12153 0.678234 4.84328e-32
1 1 3 2  8.25475e-16 0.0652454 0.118071 0.119369 3.85336e-59
1 1 4 2  9.7269e-05 0.0682116 0.022418 0.0858135 0.0263519
1 1 5 2  0.0360921 1.44259 2.29114 0.740678 0.0338799
1 1 6 2  1.19004 3.57553 1.34436 0.855337 1.19698e-114
1 1 7 2  2.98102e-53 35.9122 74.2595 23.2404 1.30906e-16
1 1 8 2  0.0333938 3.85411 5.06704 0.513432 7.76735e-36
1 1 9 2  3.4645e-20 0.274027 7.41456 6.55831 0.697181
1 1 10 2  0.19546 8.11893 6.00164 0.721571 0.0782008
1 2 1 2  0.126136 1.78577 2.62008 0.742035 0.0423856
1 2 2 2  0 0.0970975 0.513193 0.797081 3.66672e-32
1 2 3 2  0.00558536 0.0443462 0.0907873 0.107749 3.22197e-59
1 2 4 2  0.00430036 0.0482168 0.0298699 0.0623434 0.0408389
1 2 5 2  0.0243006 1.68902 1.86434 0.911966 0.117834
1 2 6 2  0.536031 3.51208 1.68065 0.70857 1.0332e-114
1 2 7 2  3.55512 25.4495 62.8823 23.6305 1.1693e-16
1 2 8 2  0.121017 2.10274 4.32577 0.961336 6.32151e-36
1 2 9 2  0.463246 0.943213 4.867 6.4081 1.40885
1 2 10 2  0.102924 5.32173 6.26732 0.908444 0.0411015
1 3 1 2  0.237013 1.26797 1.94019 0.877173 0.0304253
1 3 2 2  0 0.0889183 0.319696 0.730567 2.81701e-32
1 3 3 2  0.0106815 0.0465067 0.069694 0.0965335 2.70749e-59
1 3 4 2  0.00880576 0.0381994 0.0306133 0.0483372 0.0489174
1 3 5 2  0.0144965 1.43615 1.6581 0.976526 0.212871
1 3 6 2  0.637614 3.83338 1.96143 0.590373 8.94119e-115
1 3 7 2  6.49213 19.8433 53.0173 23.5237 1.04503e-16
1 3 8 2  0.112443 1.26717 3.18427 1.16414 4.83083e-36
1 3 9 2  0.657887 1.63864 3.37237 5.65486 1.96741
1 3 10 2  0.451582 13.6352 4.58344 0.818271 0.01707
1 4 1 2  2.05946 3.74075 1.45655 0.90732 0.0224351
1 4 2 2  0 0.116262 0.225212 0.633763 2.17897e-32
1 4 3 2  0.0150388 0.0578914 0.057626 0.0855493 2.27932e-59
1 4 4 2  0.0120646 0.0338039 0.0289448 0.0390837 0.053189
1 4 5 2  0.00705621 1.01735 1.46477 0.99354 0.304939
1 4 6 2  0.570172 3.83438 2.25838 0.492974 7.74357e-115
1 4 7 2  9.0139 17.1303 44.6293 23.0149 9.34085e-17
1 4 8 2  0.866837 3.54895 2.24473 1.18148 3.63718e-36
1 4 9 2  0.69619 2.09316 2.66274 4.84466 2.37121
1 4 10 2  0.0820401 6.69704 8.18747 0.621571 0.00665155
1 5 1 2  0.938472 3.28075 1.67514 0.740955 0.0141851
1 5 2 2  0 0.185325 0.206702 0.545205 1.70879e-32
1 5 3 2  0.0149982 0.0642489 0.0542265 0.0761322 1.92907e-59
1 5 4 2  0.0166442 0.0340274 0.0268463 0.0324685 0.0550124
1 5 5 2  0.00521581 0.738456 1.24284 0.979496 0.389296
1 5 6 2  0.322919 3.13926 2.5293 0.414167 6.7266e-115
1 5 7 2  10.7512 16.1242 37.819 22.2517 8.35599e-17
1 5 8 2  0.33493 2.71058 2.38057 1.14076 2.83629e-36
1 5 9 2  0.66874 2.30267 2.35889 4.12181 2.62851
1 5 10 2  0.198324 7.49213 6.1372 0.897143 0.00290852
1 6 1 2  0.535995 2.46942 1.73789 0.709795 0.00962171
1 6 2 2  0 0.360072 0.253887 0.46951 1.33118e-32
1 6 3 2  0.0136875 0.0643633 0.0535245 0.0677021 1.62616e-59
1 6 4 2  0.0191313 0.0360445 0.025654 0.0277441 0.0556136
1 6 5 2  0.0119555 0.859817 1.01769 0.930794 0.461779
1 6 6 2  0.269686 2.57392 2.59314 0.346476 5.82784e-115
1 6 7 2  11.8175 15.7912 32.1059 21.2456 7.46953e-17
1 6 8 2  0.165751 1.73973 2.20643 1.11157 2.19028e-36
1 6 9 2  0.643468 2.38884 2.25085 3.56294 2.78819
1 6 10 2  0.0680565 4.31943 5.10544 0.542643 0.000806354
1 7 1 2  0.498884 2.03995 1.67283 0.764253 0.00715346
1 7 2 2  0 0.590647 0.428125 0.43309 1.04821e-32
1 7 3 2  0.0178801 0.0745864 0.0539089 0.0613516 1.37681e-59
1 7 4 2  0.0208416 0.038532 0.0252436 0.0242348 0.0550537
1 7 5 2  0.00698659 0.729966 0.90431 0.861169 0.520954
1 7 6 2  0.456985 2.84355 2.56352 0.291273 5.06168e-115
1 7 7 2  12.1677 15.8139 27.593 20.1474 6.68185e-17
1 7 8 2  0.33038 1.90801 1.8512 1.0758 1.69485e-36
1 7 9 2  0.66771 2.50155 2.24546 3.17929 2.90599
1 7 10 2  0.0445544 2.65283 4.18009 0.72018 0.000405457
1 8 1 2  0.300389 1.48812 1.39701 0.706812 0.00472436
1 8 2 2  0 2.1959 0.71141 0.459581 8.27661e-33
1 8 3 2  0.0212959 0.0879706 0.0574407 0.0563578 1.16655e-59
1 8 4 2  0.0206691 0.0396302 0.0250717 0.0213912 0.052893
1 8 5 2  0.0260671 1.42598 0.796238 0.791127 0.565221
1 8 6 2  0.720307 3.79724 2.60027 0.245081 4.39752e-115
1 8 7 2  12.217 15.8827 23.9692 18.9878 5.97789e-17
1 8 8 2  0.165831 1.41342 1.68703 1.01616 1.31727e-36
1 8 9 2  0.684406 2.56648 2.23318 2.83256 2.90335
1 8 10 2  0.0912254 3.31446 3.04314 0.755973 0.000212584
1 9 1 2  1.03514 2.33086 1.17678 0.681307 0.00334109
1 9 2 2  0 4.76566 2.25012 0.578807 6.65719e-33
1 9 3 2  0.0223812 0.0986628 0.0652207 0.053537 9.96847e-60
1 9 4 2  0.0208378 0.0404785 0.0252043 0.0194682 0.0504479
1 9 5 2  0.00744152 1.06439 0.915438 0.725616 0.597826
1 9 6 2  0.370394 3.34976 2.87111 0.208188 3.84041e-115
1 9 7 2  12.4837 16.2312 21.2221 17.87 5.35604e-17
1 9 8 2  0.325434 1.77911 1.49652 0.978844 1.04725e-36
1 9 9 2  0.610949 2.48236 2.25322 2.58262 2.86798
1 9 10 2  0.0533966 2.57055 2.68142 0.506162 8.37175e-05
1 10 1 2  0.557337 2.05479 1.23873 0.596697 0.00221846
1 10 2 2  0 1.69817 5.36264 1.17951 5.47173e-33
1 10 3 2  0.023844 0.109306 0.0756759 0.0531336 8.60695e-60
1 10 4 2  0.0206959 0.0407848 0.0253288 0.0181091 0.0476478
1 10 5 2  0.0108948 1.02269 0.917368 0.700692 0.621081
1 10 6 2  0.201492 2.637 3.06801 0.178881 3.37521e-115
1 10 7 2  197.301 90.0345 19.2147 16.8325 4.80764e-17
1 10 8 2  0.230357 1.60676 1.4565 0.906752 8.09178e-37
1 10 9 2  0.545691 2.31632 2.22805 2.38873 2.79119
1 10 10 2  0.0406558 1.99597 2.18303 0.37007 3.14355e-05
1 11 1 2  1.17557 2.80867 1.11078 0.486419 0.00130516
1 11 2 2  0 3.8833 4.26873 2.6455 4.51813e-33
1 11 3 2  0.0268027 0.12148 0.0860806 0.054353 7.45688e-60
1 11 4 2  0.0210538 0.0406349 0.0249062 0.0168484 0.0439398
1 11 5 2  0.0116426 1.03157 0.911047 0.683881 0.639654
1 11 6 2  0.15726 2.06993 3.09499 0.154272 2.97325e-115
1 11 7 2  137.095 119.89 25.4766 15.8485 4.31882e-17
1 11 8 2  0.112114 1.11432 1.38025 0.84606 6.23242e-37
1 11 9 2  0.534562 2.19223 2.13939 2.21866 2.67491
1 11 10 2  0.470755 13.1054 1.78725 0.316188 1.30508e-05
1 12 1 2  0.612801 2.36085 1.26386 0.417557 0.000786062
1 12 2 2  0 1.7779 5.55209 3.47909 3.73985e-33
1 12 3 2  0.0333291 0.142818 0.0969709 0.056846 6.47575e-60
1 12 4 2  0.0205739 0.0391118 0.023565 0.0152741 0.0388403
1 12 5 2  0.00766479 0.878423 0.911114 0.671256 0.654857
1 12 6 2  0.456874 2.6253 3.00657 0.133365 2.62338e-115
1 12 7 2  95.8677 125.328 33.8828 15.27 3.88186e-17
1 12 8 2  0.258541 1.41435 1.21944 0.810372 4.91013e-37
1 12 9 2  0.530464 2.16186 2.12074 2.15301 2.65014
1 12 10 2  0.0690604 6.4907 7.43563 0.175336 3.58659e-06
1 13 1 2  0.340163 1.65639 1.07703 0.321999 0.000387459
1 13 2 2  0 0.859511 4.34784 4.49513 3.07052e-33
1 13 3 2  0.169662 0.464532 0.10962 0.0599243 5.60678e-60
1 13 4 2  0.0201495 0.0374906 0.0220605 0.0138065 0.0338383
1 13 5 2  0.00900368 0.841855 0.86485 0.660272 0.666426
1 13 6 2  0.28932 2.43493 3.0214 0.114904 2.31098e-115
1 13 7 2  67.8428 117.352 41.2279 15.1139 3.48785e-17
1 13 8 2  0.166355 1.21054 1.17066 0.748253 3.79007e-37
1 13 9 2  0.534219 2.07947 1.97771 1.97817 2.46886
1 13 10 2  0.0211637 2.83517 4.65318 0.320541 7.50596e-07
1 14 1 2  0.252518 1.16487 0.786713 0.236712 0.000175357
1 14 2 2  0 2.60813 2.95191 4.92303 2.51859e-33
1 14 3 2  0.0978214 0.47384 0.215844 0.0640564 4.85432e-60
1 14 4 2  0.0409209 0.0516594 0.021554 0.0130661 0.0306083
1 14 5 2  0.0123786 0.956051 0.822629 0.644323 0.675497
1 14 6 2  1.3236 5.42632 2.9921 0.0989847 2.03592e-115
1 14 7 2  50.0124 104.345 46.4135 15.3022 3.13395e-17
1 14 8 2  0.0927165 0.846942 1.05194 0.676933 2.84748e-37
1 14 9 2  0.576071 2.10298 1.85763 1.81798 2.2896
1 14 10 2  0.0402537 2.05285 3.03812 0.494408 3.21077e-07
1 15 1 2  0.209371 0.863268 0.552073 0.167427 7.65096e-05
1 15 2 2  0 2.59415 3.73642 4.86375 2.07641e-33
1 15 3 2  0.0580903 0.390122 0.293084 0.0812218 4.21308e-60
1 15 4 2  0.0431596 0.0610538 0.0234018 0.0121153 0.026946
1 15 5 2  0.0144034 1.10276 0.827135 0.626387 0.682229
1 15 6 2  0.581281 5.0008 3.59461 0.0855001 1.79632e-115
1 15 7 2  39.3027 91.0445 49.442 15.7166 2.81702e-17
1 15 8 2  0.138971 0.859339 0.897409 0.623123 2.17753e-37
1 15 9 2  0.705339 2.34295 1.80016 1.68889 2.13381
1 15 10 2  0.0367257 1.69068 2.14654 0.463414 1.43752e-07
1 16 1 2  0.140516 0.604555 0.369641 0.104553 2.95691e-05
1 16 2 2  0 1.16829 4.11391 5.03739 1.70566e-33
1 16 3 2  0.0415671 0.305917 0.318971 0.105084 3.65075e-60
1 16 4 2  0.0398236 0.0622896 0.0248669 0.011198 0.0224567
1 16 5 2  0.0225728 1.50753 0.867141 0.612755 0.685763
1 16 6 2  0.290999 3.85833 3.993 0.0737193 1.5834e-115
1 16 7 2  33.1088 78.7446 50.4445 16.2093 2.53147e-17
1 16 8 2  0.0890251 0.664327 0.749224 0.528337 1.55547e-37
1 16 9 2  0.848005 2.72695 1.8515 1.59758 2.00441
1 16 10 2  0.109223 3.46885 1.63138 0.372631 6.36314e-08
1 17 1 2  0.178752 0.54433 0.258398 0.0698184 1.1907e-05
1 17 2 2  0 1.972 3.05037 5.20541 1.38339e-33
1 17 3 2  0.0320769 0.235754 0.305939 0.126888 3.14418e-60
1 17 4 2  0.034469 0.0608001 0.0270416 0.0113973 0.019714
1 17 5 2  0.0157369 1.44398 0.992342 0.606265 0.685983
1 17 6 2  0.187775 2.82562 4.03796 0.0631489 1.39075e-115
1 17 7 2  29.357 67.7103 49.6536 16.6486 2.27261e-17
1 17 8 2  0.958542 3.64751 0.679471 0.498812 1.24359e-37
1 17 9 2  1.09236 3.35613 2.00376 1.54488 1.88718
1 17 10 2  0.0875726 3.50463 2.15614 0.180757 1.74755e-08
1 18 1 2  0.745316 1.38613 0.250934 0.0657942 6.64884e-06
1 18 2 2  0 6.98274 3.17583 4.98455 1.11627e-33
1 18 3 2  0.588436 1.46845 0.274798 0.142801 2.70131e-60
1 18 4 2  0.0351832 0.0597312 0.0275247 0.011701 0.0172649
1 18 5 2  0.0159345 1.4131 1.05732 0.620487 0.684824
1 18 6 2  0.242374 2.37526 3.84948 0.0539352 1.21949e-115
1 18 7 2  28.2768 59.185 47.7154 16.9815 2.03918e-17
1 18 8 2  0.374653 2.94816 1.47599 0.463919 9.8702e-38
1 18 9 2  1.56124 4.55931 2.3649 1.58796 1.8387
1 18 10 2  0.245155 7.66106 2.91393 0.371984 1.15995e-08
1 19 1 2  0.351996 1.20559 0.445621 0.0576321 3.40267e-06
1 19 2 2  0 2.41144 7.63113 4.97155 9.1649e-34
1 19 3 2  0.297897 1.48134 0.639187 0.15445 2.338e-60
1 19 4 2  0.0386108 0.0613058 0.0274671 0.0119099 0.0153554
1 19 5 2  0.033222 2.10404 1.10872 0.645413 0.686997
1 19 6 2  0.212877 2.06287 3.6697 0.0464476 1.07399e-115
1 19 7 2  27.8291 53.6568 45.5978 17.2438 1.83175e-17
1 19 8 2  0.2152 2.11371 1.8307 0.53109 7.91026e-38
1 19 9 2  1.39305 4.8724 2.88768 1.64653 1.74668
1 19 10 2  0.0467647 3.93662 5.56506 0.587423 7.66626e-09
1 20 1 2  0.20428 0.901309 0.490478 0.0751807 1.8146e-06
1 20 2 2  0 0.968035 6.01171 6.34608 7.5123e-34
1 20 3 2  0.16095 1.17545 0.891267 0.209702 2.02141e-60
1 20 4 2  0.043719 0.0648279 0.027015 0.0117105 0.013567
1 20 5 2  0.0178131 1.8658 1.32696 0.672235 0.691674
1 20 6 2  0.746938 3.47892 3.45182 0.0399533 9.45162e-116
1 20 7 2  25.7349 48.7847 43.2219 17.373 1.64502e-17
1 20 8 2  0.119095 1.373 1.78337 0.611516 6.21886e-38
1 20 9 2  1.28771 5.00035 3.48443 1.89105 1.76187
1 20 10 2  0.410044 12.1811 5.12229 1.1145 5.42341e-09
1 21 1 2  0.211236 0.780399 0.479233 0.10448 1.13635e-06
1 21 2 2  0 0.85326 3.94656 6.95254 6.16717e-34
1 21 3 2  0.352723 1.44834 0.97148 0.288082 1.7486e-60
1 21 4 2  0.0449459 0.0685887 0.0281041 0.0118066 0.0125034
1 21 5 2  0.017646 1.73058 1.41585 0.728639 0.699164
1 21 6 2  0.391966 3.26563 3.56658 0.0343874 8.32001e-116
1 21 7 2  23.2179 44.3453 40.7787 17.3855 1.47742e-17
1 21 8 2  0.834736 3.5482 1.57174 0.681607 4.98196e-38
1 21 9 2  1.13007 4.70145 3.78243 2.12963 1.74167
1 21 10 2  0.129487 7.7198 9.06243 1.30449 3.51368e-09
1 22 1 2  0.189284 0.681225 0.4344 0.118601 6.95601e-07
1 22 2 2  0 5.7378 2.75363 6.73034 5.02733e-34
1 22 3 2  0.188731 1.21588 1.10083 0.361599 1.50736e-60
1 22 4 2  0.0433497 0.0680583 0.0282655 0.0115748 0.0112328
1 22 5 2  0.0117863 1.41427 1.43316 0.78395 0.711849
1 22 6 2  0.213003 2.58159 3.59233 0.0294841 7.3081e-116
1 22 7 2  20.5638 39.9021 38.1701 17.2623 1.32612e-17
1 22 8 2  0.353086 2.90691 2.11417 0.730994 4.09565e-38
1 22 9 2  1.06796 4.44048 3.898 2.3779 1.76101
1 22 10 2  0.0891617 5.06084 8.83985 1.97972 2.39777e-09
1 23 1 2  0.293756 0.792564 0.397673 0.126573 4.41136e-07
1 23 2 2  0 2.12162 6.40782 6.26688 4.13785e-34
1 23 3 2  0.103871 0.906888 1.1326 0.442942 1.30484e-60
1 23 4 2  0.0407959 0.0661784 0.0283933 0.0115273 0.0103074
1 23 5 2  0.0403535 2.39289 1.37099 0.83141 0.730764
1 23 6 2  0.385069 2.71495 3.50882 0.0253978 6.43513e-116
1 23 7 2  18.5994 36.2165 35.7225 17.0676 1.19111e-17
1 23 8 2  0.168883 1.96685 2.28793 0.829578 3.34645e-38
1 23 9 2  1.20338 4.54719 3.92459 2.60718 1.82356
1 23 10 2  0.0509324 3.1432 6.76244 2.09184 1.41788e-09
1 24 1 2  0.195732 0.684869 0.36424 0.105152 2.31084e-07
1 24 2 2  0 0.814879 5.20769 7.08207 3.41717e-34
1 24 3 2  0.0581537 0.635275 1.06352 0.516883 1.13107e-60
1 24 4 2  0.0375364 0.0631722 0.0283451 0.0116152 0.00969233
1 24 5 2  0.0380052 2.84437 1.59485 0.858178 0.753683
1 24 6 2  0.328738 2.63522 3.47908 0.0219118 5.67094e-116
1 24 7 2  17.0391 33.0314 33.3689 16.7955 1.07009e-17
1 24 8 2  0.0893481 1.19145 1.99993 0.873751 2.57012e-38
1 24 9 2  2.15327 5.86089 3.40235 2.38206 1.63167
1 24 10 2  0.0651699 2.84095 4.72601 1.89141 8.18523e-10
1 25 1 2  0.120124 0.522352 0.334092 0.0959427 1.28132e-07
1 25 2 2  0 0.645263 3.42044 7.3161 2.80882e-34
1 25 3 2  0.0377212 0.436054 0.925932 0.568065 9.78103e-61
1 25 4 2  0.0328736 0.0578161 0.0274159 0.0115116 0.00913462
1 25 5 2  0.0559954 3.80493 1.86421 0.913613 0.776761
1 25 6 2  0.400164 2.79171 3.42182 0.0188547 4.98996e-116
1 25 7 2  15.4877 30.0183 31.0227 16.433 9.61012e-18
1 25 8 2  0.0748637 0.81594 1.66637 0.914468 2.06156e-38
1 25 9 2  1.49911 5.7645 3.94075 2.43859 1.66773
1 25 10 2  0.0411018 2.0953 3.68839 1.59837 4.8336e-10
1 26 1 2  0.089029 0.383211 0.246159 0.0710908 5.74805e-08
1 26 2 2  0 3.16858 2.38852 7.0686 2.3412e-34
1 26 3 2  0.0318668 0.317907 0.783419 0.600842 8.51267e-61
1 26 4 2  0.0323663 0.0529125 0.024644 0.0107358 0.00827904
1 26 5 2  0.281105 13.367 2.33539 1.00498 0.805732
1 26 6 2  0.453195 3.07942 3.45487 0.0163403 4.40795e-116
1 26 7 2  14.2339 27.6412 28.9643 16.0504 8.63998e-18
1 26 8 2  0.0557901 0.565778 1.29767 0.878859 1.59327e-38
1 26 9 2  0.908156 4.27806 3.67985 2.24334 1.47528
1 26 10 2  0.0456495 1.96246 2.95914 1.41206 3.04365e-10
1 27 1 2  0.0865428 0.332588 0.231471 0.0767159 3.7616e-08
1 27 2 2  0 2.57308 4.10823 6.61086 1.96916e-34
1 27 3 2  0.0281139 0.245153 0.653879 0.615074 7.44012e-61
1 27 4 2  0.0304498 0.0505678 0.0235698 0.0104118 0.00797759
1 27 5 2  0.22801 16.6817 5.31633 1.15646 0.843878
1 27 6 2  0.573472 3.64177 3.5754 0.0142279 3.90392e-116
1 27 7 2  13.38 25.75 27.1266 15.6464 7.77363e-18
1 27 8 2  0.0480669 0.434871 1.02403 0.836461 1.2664e-38
1 27 9 2  0.853132 3.77796 3.60734 2.3781 1.50701
1 27 10 2  0.028085 1.45962 1.91956 0.689923 1.08435e-10
1 28 1 2  0.109378 0.344501 0.224748 0.0865302 2.71085e-08
1 28 2 2  0 1.24924 4.4932 6.78367 1.65492e-34
1 28 3 2  0.0281298 0.203441 0.538575 0.610085 6.50107e-61
1 28 4 2  0.0272693 0.0457166 0.0214612 0.00956076 0.00733177
1 28 5 2  0.0566319 11.698 8.31072 1.76687 0.8964
1 28 6 2  0.377103 3.39814 3.79327 0.0123849 3.45704e-116
1 28 7 2  12.6209 24.0762 25.4064 15.2061 6.99476e-18
1 28 8 2  0.277354 1.17919 0.827343 0.793905 1.0342e-38
1 28 9 2  0.97577 3.74527 3.45958 2.49486 1.57203
1 28 10 2  0.0517988 1.90032 1.41319 0.411356 4.3146e-11
1 29 1 2  0.178384 0.452801 0.220401 0.0905825 1.91044e-08
1 29 2 2  0 0.800277 3.48505 6.97586 1.37961e-34
1 29 3 2  0.0333615 0.190329 0.439608 0.586971 5.65935e-61
1 29 4 2  0.0267747 0.0424188 0.0191807 0.00861254 0.00663202
1 29 5 2  0.0617303 9.01916 8.97843 2.72131 1.01631
1 29 6 2  0.474239 3.51395 3.89353 0.010736 3.05433e-116
1 29 7 2  12.0527 22.5427 23.7421 14.722 6.29161e-18
1 29 8 2  0.135896 1.06567 0.953654 0.762921 8.75115e-39
1 29 9 2  0.996502 3.77748 3.37934 2.56687 1.65338
1 29 10 2  0.0790129 2.77605 1.65107 0.359448 2.33531e-11
1 30 1 2  0.113043 0.406485 0.228575 0.0811513 1.17551e-08
1 30 2 2  0 0.813304 2.58154 6.87387 1.15837e-34
1 30 3 2  0.027934 0.171742 0.369839 0.557899 4.9427e-61
1 30 4 2  0.0355269 0.049319 0.0194326 0.00863111 0.00668909
1 30 5 2  0.125166 10.0981 8.76144 3.5701 1.24078
1 30 6 2  0.28864 3.05018 4.03123 0.00934055 2.70391e-116
1 30 7 2  12.0742 21.5719 22.2944 14.2419 5.66351e-18
1 30 8 2  0.224236 1.3236 1.01538 0.755841 7.42886e-39
1 30 9 2  0.842386 3.43516 3.18295 2.4819 1.65162
1 30 10 2  0.0517234 2.39047 2.24483 0.350141 1.24021e-11
1 31 1 2  0.0707828 0.308231 0.194622 0.0625454 5.92799e-09
1 31 2 2  0 2.05682 2.09249 6.44605 9.66376e-35
1 31 3 2  0.0227274 0.148554 0.312503 0.521247 4.3026e-61
1 31 4 2  0.0404833 0.0578196 0.0216661 0.0090044 0.00698145
1 31 5 2  0.0464324 7.51867 8.86078 4.17171 1.54292
1 31 6 2  0.220762 2.54264 4.02357 0.00809702 2.38864e-116
1 31 7 2  12.119 20.8413 20.9607 13.7418 5.09732e-18
1 31 8 2  0.141241 1.13617 1.09341 0.725715 6.04562e-39
1 31 9 2  0.792551 3.18902 2.99436 2.40869 1.65819
1 31 10 2  0.0144089 1.26388 2.29507 0.412007 6.73043e-12
1 32 1 2  0.0490388 0.227154 0.156959 0.0503375 3.01174e-09
1 32 2 2  0 0.943524 2.92427 5.91809 8.03439e-35
1 32 3 2  0.0239335 0.138065 0.264254 0.481313 3.73772e-61
1 32 4 2  0.0330525 0.0592125 0.0256987 0.0100427 0.00757432
1 32 5 2  0.0289439 5.358 8.20411 4.63934 1.88451
1 32 6 2  1.8664 7.16917 3.89776 0.00700342 2.1072e-116
1 32 7 2  13.0058 20.6632 19.7751 13.2361 4.58795e-18
1 32 8 2  0.0826602 0.842663 1.09215 0.712439 4.93331e-39
1 32 9 2  0.664043 2.72854 2.62405 2.16918 1.54856
1 32 10 2  0.0149672 0.862188 1.65006 0.432382 3.50633e-12
1 33 1 2  0.0356338 0.172823 0.138646 0.0496581 1.87398e-09
1 33 2 2  0 3.66263 2.37727 5.74817 6.67269e-35
1 33 3 2  0.31253 0.790973 0.227071 0.44088 3.2443e-61
1 33 4 2  0.0270735 0.0570352 0.0293699 0.0118389 0.0085106
1 33 5 2  0.159916 9.38228 7.15341 4.88395 2.24553
1 33 6 2  1.11607 7.74945 4.75511 0.00605221 1.85775e-116
1 33 7 2  14.3722 21.1141 18.7912 12.7373 4.13039e-18
1 33 8 2  0.0525521 0.607838 1.03236 0.722941 4.14595e-39
1 33 9 2  0.801185 2.77718 2.35607 2.00321 1.48446
1 33 10 2  0.0149889 0.715178 1.34143 0.481876 2.31197e-12
1 34 1 2  0.0352818 0.142118 0.109398 0.0437712 1.08377e-09
1 34 2 2  0 2.19824 4.44012 5.40608 5.5193e-35
1 34 3 2  0.177944 0.846347 0.404892 0.400581 2.81003e-61
1 34 4 2  0.0225344 0.0522355 0.0310861 0.0136727 0.00960792
1 34 5 2  0.256556 15.4662 7.49095 4.88918 2.59553
1 34 6 2  1.71268 9.87004 5.56835 0.00521806 1.63553e-116
1 34 7 2  15.9558 22.0921 18.0258 12.2487 3.71874e-18
1 34 8 2  0.055669 0.496927 0.904954 0.715823 3.44145e-39
1 34 9 2  1.68271 4.34061 2.26082 1.87928 1.44715
1 34 10 2  0.0176486 0.73072 1.06267 0.45149 1.44361e-12
1 35 1 2  0.100161 0.226755 0.0987342 0.0439757 7.41223e-10
1 35 2 2  0 0.705623 4.21802 5.76038 4.55318e-35
1 35 3 2  0.11523 0.730421 0.542166 0.388368 2.43097e-61
1 35 4 2  0.0200312 0.0466659 0.0304822 0.0148731 0.0106631
1 35 5 2  0.174267 15.5269 9.34616 4.94399 2.90738
1 35 6 2  1.89941 11.6919 6.66392 0.00449296 1.43876e-116
1 35 7 2  15.8588 22.8137 17.5102 11.7819 3.3487e-18
1 35 8 2  0.106065 0.616684 0.778672 0.691638 2.84163e-39
1 35 9 2  1.3989 4.76066 2.75267 1.83376 1.44995
1 35 10 2  0.0123628 0.597976 0.995162 0.446924 1.00534e-12
1 36 1 2  0.220183 0.457676 0.127617 0.0497111 5.89275e-10
1 36 2 2  0 1.32365 2.83271 6.02285 3.78325e-35
1 36 3 2  0.0729905 0.572356 0.604966 0.397966 2.11104e-61
1 36 4 2  0.191051 0.162495 0.0300676 0.016117 0.0122305
1 36 5 2  0.726757 37.7119 10.7098 5.30585 3.19679
1 36 6 2  1.04929 10.2981 8.00695 0.00388484 1.26872e-116
1 36 7 2  15.1135 23.1859 17.2276 11.3594 3.01755e-18
1 36 8 2  0.0818434 0.593465 0.731971 0.657481 2.34408e-39
1 36 9 2  1.11672 4.61855 3.32719 1.98481 1.50797
1 36 10 2  0.009089 0.464361 0.989853 0.517155 8.30469e-13
1 37 1 2  0.247583 0.627232 0.207978 0.0563234 4.49997e-10
1 37 2 2  0 0.501304 2.64305 5.82078 3.15743e-35
1 37 3 2  1.21521 3.09375 0.601602 0.415745 1.83785e-61
1 37 4 2  0.13309 0.19881 0.0550649 0.0169773 0.0139385
1 37 5 2  0.706463 49.3786 17.7484 5.8179 3.50252
1 37 6 2  1.16345 9.81623 8.87712 0.00336831 1.12062e-116
1 37 7 2  14.054 23.1414 17.0825 10.9813 2.72053e-18
1 37 8 2  0.0553444 0.498302 0.711927 0.640221 1.98151e-39
1 37 9 2  0.863404 3.9911 3.50316 2.12812 1.50975
1 37 10 2  0.0146806 0.562339 0.929406 0.58827 7.02199e-13
1 38 1 2  0.230729 0.703056 0.316059 0.0773288 3.63986e-10
1 38 2 2  0 0.330326 1.82796 5.59366 2.6372e-35
1 38 3 2  0.589902 3.06627 1.38855 0.430799 1.60148e-61
1 38 4 2  0.0946098 0.196899 0.0799726 0.0228843 0.0156974
1 38 5 2  0.10598 31.9265 25.8531 7.37762 3.83967
1 38 6 2  0.558251 7.69588 9.51151 0.00292324 9.90475e-117
1 38 7 2  12.8661 22.7045 16.9919 10.6448 2.45365e-18
1 38 8 2  0.0343611 0.379196 0.673829 0.628961 1.68881e-39
1 38 9 2  0.616882 3.19303 3.36879 2.23154 1.50383
1 38 10 2  0.00946863 0.463263 0.960776 0.652534 6.06247e-13
1 39 1 2  0.158632 0.642586 0.420061 0.116098 3.08435e-10
1 39 2 2  0 0.270952 1.22927 5.06871 2.17713e-35
1 39 3 2  0.291977 2.34104 1.89844 0.538809 1.38822e-61
1 39 4 2  0.0678604 0.176911 0.0959867 0.0319902 0.0184193
1 39 5 2  0.564816 40.2271 26.5078 9.86362 4.32278
1 39 6 2  1.03584 7.75025 9.48877 0.0025222 8.72665e-117
1 39 7 2  11.5502 21.8251 16.8549 10.3357 2.21272e-18
1 39 8 2  0.0234237 0.282622 0.61878 0.62672 1.46767e-39
1 39 9 2  0.47421 2.54272 3.08493 2.3053 1.52992
1 39 10 2  0.00855868 0.401241 0.937568 0.726764 5.34133e-13
1 40 1 2  0.132355 0.572673 0.484792 0.170959 2.69721e-10
1 40 2 2  0 0.281854 0.875364 4.48634 1.80481e-35
1 40 3 2  0.151978 1.63652 2.03929 0.697033 1.20538e-61
1 40 4 2  0.049407 0.150894 0.102243 0.0413974 0.0226553
1 40 5 2  0.279352 33.5254 29.2916 11.88 5.05792
1 40 6 2  3.8035 16.1329 9.52239 0.0021803 7.69636e-117
1 40 7 2  10.7821 20.9369 16.687 10.0629 1.99635e-18
1 40 8 2  0.0179908 0.213829 0.549946 0.620985 1.28043e-39
1 40 9 2  0.407341 2.05693 2.67331 2.2679 1.5396
1 40 10 2  0.00917481 0.39486 0.88968 0.789496 4.70889e-13
1 41 1 2  0.119053 0.512496 0.511074 0.230339 2.36625e-10
1 41 2 2  0 0.642673 0.688839 3.86359 1.4849e-35
1 41 3 2  0.0842176 1.08015 1.89723 0.842879 1.04284e-61
1 41 4 2  0.0371187 0.12637 0.101908 0.0495492 0.0286096
1 41 5 2  0.160053 24.8609 29.2396 13.8329 5.95082
1 41 6 2  1.70878 14.8097 11.1891 0.00187722 6.77207e-117
1 41 7 2  10.3863 20.116 16.454 9.81209 1.8013e-18
1 41 8 2  0.0205602 0.186461 0.477783 0.609327 1.12036e-39
1 41 9 2  0.397318 1.78871 2.29157 2.17426 1.55578
1 41 10 2  0.0333331 1.02838 0.855562 0.840257 4.16903e-13
1 42 1 2  1.36349 2.34372 0.519003 0.291661 2.1113e-10
1 42 2 2  0 0.806763 0.895619 3.29639 1.21781e-35
1 42 3 2  0.0539974 0.708458 1.62501 0.944799 9.00453e-62
1 42 4 2  0.0296655 0.105424 0.0969522 0.0553629 0.0358046
1 42 5 2  0.389732 29.2235 26.8141 15.2844 6.97818
1 42 6 2  9.96302 38.7913 12.2628 0.00161286 5.95093e-117
1 42 7 2  10.5087 19.571 16.1837 9.58032 1.62562e-18
1 42 8 2  0.0310978 0.209752 0.419888 0.596164 9.89873e-40
1 42 9 2  0.424211 1.73212 2.05839 2.11698 1.62629
1 42 10 2  0.0561497 1.87245 1.20407 0.8861 3.71761e-13
2 1 1 2  0.120561 5.03818 5.41416 0.75072 0.100338
2 1 2 2  0 7.93469e-102 1.09803 0.714781 5.65216e-32
2 1 3 2  3.3529e-15 0.173035 0.344952 0.398659 1.37642e-58
2 1 4 2  2.87607e-05 0.0213115 0.00807794 0.0316591 0.00975415
2 1 5 2  0.0493308 1.78034 3.40075 1.15418 0.0533143
2 1 6 2  0.854266 2.02679 0.927049 0.638329 9.12639e-115
2 1 7 2  1.96775e-54 2.94528 6.60548 2.08256 1.17377e-17
2 1 8 2  0.0169732 1.54688 2.47405 0.271304 4.19324e-36
2 1 9 2  1.86244e-20 0.150168 4.7399 4.31334 0.460529
2 1 10 2  0.159876 4.62069 4.01271 0.541736 0.0613644
2 2 1 2  0.16809 2.89588 4.64895 1.32851 0.0759476
2 2 2 2  0 0.107238 0.502438 0.840032 4.2791e-32
2 2 3 2  0.0226865 0.117609 0.26524 0.359849 1.15089e-58
2 2 4 2  0.00127154 0.0150645 0.0107631 0.0230002 0.0151165
2 2 5 2  0.0332142 2.08447 2.76725 1.4211 0.185426
2 2 6 2  0.384787 1.99082 1.15895 0.528798 7.87762e-115
2 2 7 2  0.23467 2.0872 5.59346 2.11752 1.04845e-17
2 2 8 2  0.0615097 0.843954 2.11212 0.507982 3.4127e-36
2 2 9 2  0.249031 0.516885 3.11133 4.21455 0.930625
2 2 10 2  0.0841862 3.02873 4.19034 0.682035 0.0322525
2 3 1 2  0.315847 2.0562 3.44258 1.57045 0.0545169
2 3 2 2  0 0.0982051 0.312996 0.769934 3.28748e-32
2 3 3 2  0.0433859 0.123339 0.203615 0.322394 9.67114e-59
2 3 4 2  0.0026037 0.0119347 0.011031 0.017833 0.0181068
2 3 5 2  0.0198139 1.7724 2.46113 1.5217 0.33498
2 3 6 2  0.457708 2.17295 1.35257 0.440589 6.81721e-115
2 3 7 2  0.42854 1.62741 4.71596 2.10794 9.37021e-18
2 3 8 2  0.0571518 0.50859 1.55476 0.615145 2.60795e-36
2 3 9 2  0.353665 0.897983 2.15586 3.71914 1.29959
2 3 10 2  0.369372 7.76014 3.0645 0.614335 0.0133949
2 4 1 2  2.74447 6.06616 2.58442 1.62443 0.0401998
2 4 2 2  0 0.128405 0.220493 0.667914 2.54288e-32
2 4 3 2  0.0610843 0.153532 0.168358 0.28571 8.14173e-59
2 4 4 2  0.00356727 0.0105614 0.0104298 0.0144191 0.0196879
2 4 5 2  0.00964446 1.25554 2.17416 1.54821 0.47986
2 4 6 2  0.409296 2.17352 1.55735 0.367901 5.90409e-115
2 4 7 2  0.594999 1.40491 3.96984 2.06235 8.37546e-18
2 4 8 2  0.440589 1.4244 1.09602 0.624307 1.96355e-36
2 4 9 2  0.374256 1.14706 1.70221 3.18628 1.56632
2 4 10 2  0.0671046 3.81145 5.47416 0.466658 0.00521949
2 5 1 2  1.25062 5.32021 2.97229 1.32658 0.0254172
2 5 2 2  0 0.204681 0.20237 0.574584 1.99418e-32
2 5 3 2  0.0609195 0.170392 0.158426 0.254259 6.89062e-59
2 5 4 2  0.00492138 0.0106313 0.00967361 0.0119785 0.0203628
2 5 5 2  0.007129 0.911352 1.84475 1.52633 0.612606
2 5 6 2  0.231806 1.77949 1.74417 0.309089 5.1287e-115
2 5 7 2  0.709677 1.3224 3.36405 1.99396 7.49238e-18
2 5 8 2  0.170236 1.08791 1.16235 0.602793 1.53119e-36
2 5 9 2  0.359499 1.26187 1.50796 2.71087 1.73628
2 5 10 2  0.162219 4.26396 4.10334 0.67355 0.00228232
2 6 1 2  0.714273 4.00451 3.08362 1.27079 0.0172404
2 6 2 2  0 0.397679 0.248566 0.49481 1.5535e-32
2 6 3 2  0.0555957 0.170696 0.156375 0.226105 5.80863e-59
2 6 4 2  0.00565678 0.0112615 0.00924399 0.0102356 0.0205854
2 6 5 2  0.0163408 1.06113 1.51057 1.45044 0.726667
2 6 6 2  0.193593 1.45903 1.78819 0.258571 4.44344e-115
2 6 7 2  0.78006 1.29509 2.85586 1.90381 6.69754e-18
2 6 8 2  0.0842468 0.698256 1.07732 0.587367 1.18243e-36
2 6 9 2  0.345914 1.30909 1.4389 2.34331 1.84176
2 6 10 2  0.0556668 2.4583 3.41351 0.407401 0.000632749
2 7 1 2  0.664819 3.30807 2.96819 1.36829 0.0128177
2 7 2 2  0 0.652335 0.419153 0.456427 1.22327e-32
2 7 3 2  0.0726248 0.197808 0.157498 0.204897 4.91797e-59
2 7 4 2  0.00616249 0.0120387 0.00909609 0.00894092 0.0203781
2 7 5 2  0.0095493 0.900874 1.34227 1.34194 0.819786
2 7 6 2  0.328045 1.61186 1.76777 0.217374 3.85928e-115
2 7 7 2  0.803177 1.29695 2.45443 1.8054 5.99127e-18
2 7 8 2  0.167923 0.765798 0.903875 0.568466 9.14974e-37
2 7 9 2  0.358946 1.37086 1.43545 2.09099 1.91957
2 7 10 2  0.0364432 1.50979 2.79481 0.540691 0.000318164
2 8 1 2  0.400302 2.4132 2.47878 1.26545 0.00846522
2 8 2 2  0 2.42524 0.696501 0.484346 9.65889e-33
2 8 3 2  0.0864993 0.233304 0.167816 0.188218 4.1669e-59
2 8 4 2  0.00611146 0.0123818 0.00903415 0.00789184 0.0195783
2 8 5 2  0.0356286 1.75985 1.18186 1.2328 0.889447
2 8 6 2  0.517069 2.15246 1.79311 0.182902 3.35289e-115
2 8 7 2  0.806435 1.30259 2.13209 1.70149 5.36007e-18
2 8 8 2  0.0842872 0.567288 0.823713 0.536951 7.11133e-37
2 8 9 2  0.367921 1.40644 1.4276 1.86295 1.91783
2 8 10 2  0.0746178 1.88634 2.03465 0.567564 0.000166815
2 9 1 2  1.37944 3.77982 2.08802 1.21978 0.00598666
2 9 2 2  0 5.26339 2.20296 0.609996 7.76901e-33
2 9 3 2  0.0909073 0.26166 0.190546 0.178798 3.56073e-59
2 9 4 2  0.00616135 0.0126468 0.00908195 0.00718237 0.0186733
2 9 5 2  0.0101711 1.3136 1.35879 1.13071 0.940754
2 9 6 2  0.265886 1.89881 1.97988 0.155368 2.92812e-115
2 9 7 2  0.824034 1.33118 1.88774 1.60132 4.80249e-18
2 9 8 2  0.165409 0.714063 0.730697 0.517233 5.65363e-37
2 9 9 2  0.328432 1.36034 1.44042 1.69856 1.89447
2 9 10 2  0.0436757 1.46297 1.7928 0.380012 6.56934e-05
2 10 1 2  0.742714 3.33213 2.19795 1.0683 0.0039751
2 10 2 2  0 1.87553 5.25026 1.24307 6.38556e-33
2 10 3 2  0.0968492 0.289887 0.221091 0.177451 3.0744e-59
2 10 4 2  0.0061194 0.0127425 0.0091268 0.00668096 0.0176368
2 10 5 2  0.0148911 1.26214 1.36165 1.09187 0.977349
2 10 6 2  0.14464 1.49478 2.11566 0.133497 2.57343e-115
2 10 7 2  13.0236 7.38404 1.70918 1.50835 4.31077e-18
2 10 8 2  0.117084 0.644886 0.711154 0.479139 4.36839e-37
2 10 9 2  0.293351 1.26935 1.42432 1.57105 1.84374
2 10 10 2  0.0332544 1.13596 1.45958 0.277838 2.46676e-05
2 11 1 2  1.56658 4.55466 1.9709 0.870864 0.00233863
2 11 2 2  0 4.28887 4.17927 2.78806 5.27271e-33
2 11 3 2  0.108867 0.322173 0.251489 0.181523 2.66359e-59
2 11 4 2  0.00622521 0.0126957 0.00897451 0.00621585 0.0162643
2 11 5 2  0.0159132 1.2731 1.35227 1.06568 1.00658
2 11 6 2  0.112888 1.17334 2.13426 0.115132 2.26696e-115
2 11 7 2  9.04952 9.8326 2.26617 1.42018 3.87247e-18
2 11 8 2  0.0569847 0.447243 0.673924 0.447069 3.3646e-37
2 11 9 2  0.287368 1.20135 1.36765 1.45919 1.76693
2 11 10 2  0.385053 7.45858 1.19496 0.237385 1.0241e-05
2 12 1 2  0.816627 3.82845 2.24252 0.747576 0.00140849
2 12 2 2  0 1.96358 5.43573 3.66657 4.36445e-33
2 12 3 2  0.135375 0.378762 0.283306 0.189849 2.31313e-59
2 12 4 2  0.00608332 0.0122198 0.00849126 0.00563505 0.0143767
2 12 5 2  0.0104763 1.08409 1.35237 1.046 1.0305
2 12 6 2  0.327965 1.48815 2.07329 0.0995286 2.00019e-115
2 12 7 2  6.32814 10.2785 3.01392 1.36833 3.48066e-18
2 12 8 2  0.131409 0.567664 0.595408 0.42821 2.65076e-37
2 12 9 2  0.285165 1.18471 1.35573 1.41602 1.75057
2 12 10 2  0.0564879 3.69402 4.97148 0.131637 2.81441e-06
2 13 1 2  0.453306 2.68607 1.91104 0.576493 0.000694259
2 13 2 2  0 0.94928 4.25673 4.73736 3.58333e-33
2 13 3 2  0.68913 1.23197 0.320262 0.20013 2.00274e-59
2 13 4 2  0.00595784 0.0117133 0.00794912 0.00509361 0.0125252
2 13 5 2  0.0123063 1.03896 1.2837 1.02889 1.0487
2 13 6 2  0.207687 1.38024 2.08352 0.0857515 1.76201e-115
2 13 7 2  4.47824 9.62445 3.66727 1.35435 3.12738e-18
2 13 8 2  0.0845538 0.485863 0.571593 0.395386 2.04609e-37
2 13 9 2  0.287184 1.13956 1.26429 1.30102 1.63082
2 13 10 2  0.0173108 1.61357 3.11113 0.240653 5.88995e-07
2 14 1 2  0.336508 1.889 1.3959 0.4238 0.000314209
2 14 2 2  0 2.88052 2.89004 5.18831 2.93922e-33
2 14 3 2  0.397329 1.25665 0.6306 0.21393 1.73396e-59
2 14 4 2  0.0120996 0.0161401 0.00776662 0.00482045 0.0113297
2 14 5 2  0.0169192 1.17989 1.22103 1.00404 1.06298
2 14 6 2  0.950138 3.0759 2.06331 0.0738713 1.55229e-115
2 14 7 2  3.30127 8.55766 4.12854 1.37122 2.81005e-18
2 14 8 2  0.0471253 0.339928 0.513626 0.3577 1.53723e-37
2 14 9 2  0.309683 1.15244 1.18753 1.19567 1.51242
2 14 10 2  0.0329255 1.16833 2.03129 0.371188 2.5195e-07
2 15 1 2  0.279011 1.39991 0.97957 0.299754 0.000137092
2 15 2 2  0 2.86509 3.65812 5.12584 2.42319e-33
2 15 3 2  0.23595 1.03463 0.856263 0.271257 1.50491e-59
2 15 4 2  0.0127615 0.0190752 0.00843244 0.00446969 0.00997405
2 15 5 2  0.0196866 1.36095 1.22772 0.976087 1.07357
2 15 6 2  0.41727 2.8347 2.47879 0.0638078 1.3696e-115
2 15 7 2  2.59433 7.46686 4.39793 1.40836 2.52588e-18
2 15 8 2  0.0706351 0.344904 0.438172 0.329266 1.17555e-37
2 15 9 2  0.379174 1.28394 1.15079 1.11077 1.40951
2 15 10 2  0.0300398 0.962206 1.43518 0.347918 1.12802e-07
2 16 1 2  0.187254 0.980373 0.655873 0.187188 5.29827e-05
2 16 2 2  0 1.2903 4.0277 5.30883 1.99053e-33
2 16 3 2  0.168836 0.81131 0.931893 0.35095 1.30405e-59
2 16 4 2  0.0117751 0.0194613 0.00896038 0.00413126 0.00831234
2 16 5 2  0.0308526 1.86048 1.2871 0.954844 1.07913
2 16 6 2  0.208892 2.18709 2.75352 0.0550159 1.20726e-115
2 16 7 2  2.18548 6.45811 4.4871 1.45251 2.26984e-18
2 16 8 2  0.045249 0.266634 0.365819 0.27918 8.39731e-38
2 16 9 2  0.455868 1.49438 1.18361 1.05072 1.32403
2 16 10 2  0.0893392 1.97421 1.09074 0.279761 4.99317e-08
2 17 1 2  0.238208 0.882709 0.458488 0.125 2.13353e-05
2 17 2 2  0 2.17796 2.98644 5.48591 1.61443e-33
2 17 3 2  0.130289 0.625235 0.893818 0.423768 1.1231e-59
2 17 4 2  0.0101918 0.0189959 0.00974399 0.00420477 0.00729712
2 17 5 2  0.0215092 1.78206 1.47293 0.94473 1.07948
2 17 6 2  0.134793 1.6017 2.78452 0.0471274 1.06038e-115
2 17 7 2  1.93783 5.55315 4.41675 1.49187 2.03773e-18
2 17 8 2  0.4872 1.46396 0.331761 0.263579 6.71358e-38
2 17 9 2  0.587229 1.83917 1.28094 1.01605 1.24659
2 17 10 2  0.07163 1.99457 1.4416 0.135708 1.37131e-08
2 18 1 2  0.993218 2.24781 0.445244 0.117795 1.19136e-05
2 18 2 2  0 7.71202 3.10928 5.25314 1.3027e-33
2 18 3 2  2.3901 3.89441 0.802837 0.476915 9.64906e-60
2 18 4 2  0.010403 0.018662 0.00991804 0.00431682 0.00639059
2 18 5 2  0.0217793 1.74395 1.56938 0.966893 1.07766
2 18 6 2  0.173987 1.34641 2.65455 0.0402513 9.29801e-116
2 18 7 2  1.86653 4.85396 4.24435 1.5217 1.82843e-18
2 18 8 2  0.190426 1.18327 0.720671 0.24514 5.32847e-38
2 18 9 2  0.839285 2.49852 1.51181 1.04439 1.21457
2 18 10 2  0.200524 4.3601 1.94826 0.279275 9.10218e-09
2 19 1 2  0.469075 1.95504 0.790689 0.103182 6.09699e-06
2 19 2 2  0 2.66329 7.4712 5.23945 1.06955e-33
2 19 3 2  1.20999 3.92862 1.86742 0.515816 8.35133e-60
2 19 4 2  0.0114165 0.0191539 0.0098973 0.00439392 0.00568378
2 19 5 2  0.045408 2.59666 1.64567 1.00573 1.08108
2 19 6 2  0.152813 1.16934 2.53057 0.0346634 8.18864e-116
2 19 7 2  1.83697 4.40058 4.05599 1.5452 1.64243e-18
2 19 8 2  0.10938 0.848355 0.893864 0.280634 4.27039e-38
2 19 9 2  0.74887 2.6701 1.84601 1.08291 1.15378
2 19 10 2  0.0382511 2.24043 3.72081 0.441021 6.01574e-09
2 20 1 2  0.272226 1.4616 0.87028 0.1346 3.25144e-06
2 20 2 2  0 1.06914 5.88573 6.68804 8.76693e-34
2 20 3 2  0.653743 3.11736 2.60389 0.700345 7.22046e-60
2 20 4 2  0.0129269 0.0202544 0.00973438 0.00432034 0.00502183
2 20 5 2  0.024347 2.30265 1.96961 1.04753 1.08844
2 20 6 2  0.536186 1.97202 2.38033 0.0298167 7.20639e-116
2 20 7 2  1.69873 4.001 3.84465 1.55679 1.475e-18
2 20 8 2  0.0605328 0.551066 0.870754 0.323133 3.35728e-38
2 20 9 2  0.692245 2.74021 2.22749 1.24372 1.16382
2 20 10 2  0.335395 6.93258 3.42477 0.836735 4.25577e-09
2 21 1 2  0.281496 1.26553 0.850327 0.187057 2.03614e-06
2 21 2 2  0 0.942376 3.86385 7.32718 7.19715e-34
2 21 3 2  1.43268 3.8411 2.83824 0.96211 6.24597e-60
2 21 4 2  0.0132897 0.0214293 0.0101268 0.00435579 0.00462815
2 21 5 2  0.0241186 2.13577 2.10155 1.13542 1.10022
2 21 6 2  0.281371 1.85112 2.45946 0.0256629 6.34359e-116
2 21 7 2  1.53259 3.63691 3.62732 1.5579 1.32472e-18
2 21 8 2  0.424274 1.4241 0.767425 0.360169 2.68954e-38
2 21 9 2  0.6075 2.57642 2.41799 1.40064 1.15047
2 21 10 2  0.105914 4.39353 6.05916 0.979377 2.7572e-09
2 22 1 2  0.252243 1.1047 0.770778 0.212339 1.2464e-06
2 22 2 2  0 6.33706 2.69592 7.09301 5.86695e-34
2 22 3 2  0.766584 3.22459 3.21615 1.20763 5.38429e-60
2 22 4 2  0.0128177 0.0212636 0.010185 0.00427028 0.00415784
2 22 5 2  0.0161096 1.74539 2.12725 1.22161 1.12018
2 22 6 2  0.152903 1.46337 2.47723 0.0220037 5.57206e-116
2 22 7 2  1.3574 3.27251 3.39528 1.54687 1.18906e-18
2 22 8 2  0.179464 1.16672 1.03227 0.386266 2.21106e-38
2 22 9 2  0.574109 2.4334 2.49187 1.56392 1.16325
2 22 10 2  0.0729298 2.88025 5.91034 1.48632 1.88153e-09
2 23 1 2  0.391463 1.28526 0.705612 0.226611 7.90438e-07
2 23 2 2  0 2.3432 6.27354 6.60457 4.82891e-34
2 23 3 2  0.4219 2.40513 3.30895 1.4793 4.66089e-60
2 23 4 2  0.0120626 0.0206763 0.010231 0.00425275 0.00381527
2 23 5 2  0.0551554 2.95314 2.03496 1.29557 1.14995
2 23 6 2  0.27642 1.53897 2.41963 0.0189541 4.90646e-116
2 23 7 2  1.22773 2.97024 3.17756 1.52941 1.06801e-18
2 23 8 2  0.0858384 0.789413 1.11711 0.438359 1.8066e-38
2 23 9 2  0.646909 2.49188 2.50887 1.71472 1.20457
2 23 10 2  0.0416601 1.78887 4.52138 1.57049 1.11262e-09
2 24 1 2  0.260834 1.11061 0.646289 0.188259 4.14062e-07
2 24 2 2  0 0.899986 5.09855 7.46369 3.98788e-34
2 24 3 2  0.236207 1.68479 3.10713 1.72624 4.04018e-60
2 24 4 2  0.0110988 0.019737 0.0102137 0.00428518 0.00358762
2 24 5 2  0.0519456 3.51033 2.36724 1.33728 1.18601
2 24 6 2  0.235983 1.49377 2.39913 0.0163525 4.3238e-116
2 24 7 2  1.12474 2.70902 2.9682 1.50503 9.59496e-19
2 24 8 2  0.0454132 0.478197 0.976493 0.461701 1.38749e-38
2 24 9 2  1.15755 3.21179 2.17502 1.56666 1.07781
2 24 10 2  0.0533057 1.61686 3.15982 1.42002 6.42297e-10
2 25 1 2  0.160079 0.847068 0.592796 0.171772 2.29591e-07
2 25 2 2  0 0.712655 3.34876 7.71033 3.27792e-34
2 25 3 2  0.153215 1.15644 2.70516 1.89717 3.49378e-60
2 25 4 2  0.00972011 0.0180636 0.00987884 0.00424697 0.00338118
2 25 5 2  0.0765348 4.69578 2.76705 1.42367 1.22233
2 25 6 2  0.287256 1.58248 2.35964 0.0140711 3.80459e-116
2 25 7 2  1.02233 2.4619 2.75951 1.47255 8.6169e-19
2 25 8 2  0.0380512 0.327485 0.813628 0.483216 1.11294e-38
2 25 9 2  0.805887 3.15897 2.5192 1.60384 1.10163
2 25 10 2  0.0336192 1.19249 2.46607 1.20001 3.79294e-10
2 26 1 2  0.118641 0.621431 0.436772 0.127278 1.02995e-07
2 26 2 2  0 3.49952 2.33847 7.4495 2.73221e-34
2 26 3 2  0.129436 0.843109 2.2888 2.00664 3.04072e-60
2 26 4 2  0.00957012 0.0165316 0.00888006 0.00396075 0.00306449
2 26 5 2  0.384215 16.4966 3.46643 1.56604 1.26792
2 26 6 2  0.325324 1.74557 2.38243 0.0121946 3.36084e-116
2 26 7 2  0.939566 2.26695 2.57641 1.43827 7.74703e-19
2 26 8 2  0.0283565 0.22708 0.633604 0.4644 8.60136e-39
2 26 9 2  0.488204 2.3444 2.35242 1.47542 0.974506
2 26 10 2  0.037339 1.11688 1.97849 1.06013 2.38836e-10
2 27 1 2  0.115328 0.539339 0.41071 0.137349 6.74013e-08
2 27 2 2  0 2.84182 4.02213 6.96709 2.29802e-34
2 27 3 2  0.114192 0.650161 1.91034 2.05417 2.6576e-60
2 27 4 2  0.00900344 0.015799 0.00849297 0.00384121 0.0029529
2 27 5 2  0.311644 20.5873 7.89104 1.80209 1.32795
2 27 6 2  0.411664 2.06433 2.46555 0.0106181 2.97655e-116
2 27 7 2  0.883198 2.11184 2.41295 1.40207 6.97021e-19
2 27 8 2  0.0244311 0.17454 0.499999 0.441997 6.8367e-39
2 27 9 2  0.458624 2.07034 2.30606 1.56406 0.995469
2 27 10 2  0.0229721 0.830706 1.28342 0.517975 8.50892e-11
2 28 1 2  0.145758 0.558658 0.398782 0.15492 4.85738e-08
2 28 2 2  0 1.37971 4.39904 7.14921 1.93131e-34
2 28 3 2  0.114257 0.53954 1.57348 2.03751 2.32218e-60
2 28 4 2  0.00806303 0.0142833 0.00773318 0.00352724 0.00271385
2 28 5 2  0.0774048 14.4368 12.3356 2.75327 1.4106
2 28 6 2  0.270702 1.92623 2.61579 0.00924273 2.63582e-116
2 28 7 2  0.833091 1.97457 2.25993 1.36261 6.27184e-19
2 28 8 2  0.140971 0.473279 0.403961 0.419509 5.5832e-39
2 28 9 2  0.524552 2.05242 2.21161 1.64085 1.03842
2 28 10 2  0.0423688 1.08152 0.944862 0.308835 3.38568e-11
2 29 1 2  0.237716 0.734281 0.391069 0.162175 3.42317e-08
2 29 2 2  0 0.883859 3.41202 7.35176 1.61002e-34
2 29 3 2  0.135507 0.504764 1.28434 1.96031 2.02151e-60
2 29 4 2  0.00791679 0.013253 0.00691146 0.00317741 0.00245484
2 29 5 2  0.0843732 11.1308 13.3267 4.24057 1.59929
2 29 6 2  0.34043 1.99188 2.68493 0.00801218 2.32878e-116
2 29 7 2  0.79559 1.8488 2.11189 1.31923 5.64136e-19
2 29 8 2  0.0690724 0.427715 0.465634 0.403137 4.72435e-39
2 29 9 2  0.535697 2.07008 2.16031 1.6882 1.09215
2 29 10 2  0.0646286 1.57992 1.10391 0.269864 1.83252e-11
2 30 1 2  0.150643 0.659173 0.405572 0.14529 2.10631e-08
2 30 2 2  0 0.898246 2.52744 7.24428 1.35183e-34
2 30 3 2  0.113462 0.455471 1.0805 1.86322 1.76553e-60
2 30 4 2  0.0105047 0.0154088 0.00700221 0.00318426 0.00247597
2 30 5 2  0.171078 12.4624 13.0046 5.56322 1.95252
2 30 6 2  0.207199 1.72899 2.77988 0.00697075 2.06159e-116
2 30 7 2  0.797003 1.76918 1.98312 1.2762 5.07818e-19
2 30 8 2  0.113973 0.53124 0.495773 0.399396 4.0105e-39
2 30 9 2  0.452848 1.88248 2.03476 1.63232 1.09099
2 30 10 2  0.0423071 1.36048 1.5009 0.262876 9.73195e-12
2 31 1 2  0.0943261 0.499841 0.345327 0.111979 1.06219e-08
2 31 2 2  0 2.27164 2.04864 6.7934 1.12777e-34
2 31 3 2  0.0923136 0.393975 0.912996 1.74081 1.53689e-60
2 31 4 2  0.0119702 0.0180647 0.00780699 0.00332198 0.00258418
2 31 5 2  0.063464 9.27903 13.1521 6.50069 2.42797
2 31 6 2  0.158473 1.44129 2.7746 0.00604272 1.82122e-116
2 31 7 2  0.799964 1.70927 1.86448 1.23139 4.57051e-19
2 31 8 2  0.071789 0.456014 0.533873 0.383477 3.26376e-39
2 31 9 2  0.426057 1.7476 1.9142 1.58417 1.09533
2 31 10 2  0.0117858 0.719305 1.53449 0.309324 5.28139e-12
2 32 1 2  0.0653497 0.368363 0.2785 0.0901222 5.39652e-09
2 32 2 2  0 1.04207 2.86298 6.23699 9.37621e-35
2 32 3 2  0.0972125 0.366157 0.772032 1.60744 1.33511e-60
2 32 4 2  0.009773 0.0184999 0.0092601 0.00370503 0.00280363
2 32 5 2  0.0395606 6.61247 12.1774 7.22939 2.96551
2 32 6 2  1.33979 4.06384 2.68784 0.00522658 1.60664e-116
2 32 7 2  0.858498 1.69466 1.75902 1.18608 4.11378e-19
2 32 8 2  0.0420139 0.338211 0.533257 0.376461 2.66327e-39
2 32 9 2  0.356975 1.49525 1.67748 1.42665 1.02292
2 32 10 2  0.0122424 0.490693 1.10324 0.324621 2.75143e-12
2 33 1 2  0.047486 0.280257 0.246006 0.0889057 3.35785e-09
2 33 2 2  0 4.04516 2.32745 6.05791 7.78709e-35
2 33 3 2  1.26943 2.09771 0.663402 1.47241 1.15886e-60
2 33 4 2  0.00800515 0.0178196 0.0105829 0.00436771 0.0031502
2 33 5 2  0.218574 11.579 10.6178 7.61057 3.53362
2 33 6 2  0.801168 4.39277 3.27906 0.0045167 1.41644e-116
2 33 7 2  0.948693 1.73164 1.6715 1.14138 3.70351e-19
2 33 8 2  0.0267108 0.243962 0.504064 0.382011 2.23821e-39
2 33 9 2  0.430699 1.52191 1.50616 1.31749 0.980574
2 33 10 2  0.0122602 0.407026 0.896882 0.361779 1.81421e-12
2 34 1 2  0.047017 0.230465 0.19411 0.0783662 1.94193e-09
2 34 2 2  0 2.42783 4.34707 5.69739 6.44108e-35
2 34 3 2  0.72277 2.24457 1.18292 1.33782 1.00374e-60
2 34 4 2  0.00666299 0.0163201 0.0112013 0.00504425 0.00355637
2 34 5 2  0.350661 19.0873 11.1188 7.61871 4.08439
2 34 6 2  1.22944 5.59483 3.83986 0.00389418 1.24701e-116
2 34 7 2  1.05323 1.81185 1.60342 1.0976 3.3344e-19
2 34 8 2  0.028295 0.199446 0.441856 0.37825 1.85789e-39
2 34 9 2  0.904588 2.37867 1.44528 1.23599 0.955929
2 34 10 2  0.0144357 0.415871 0.710507 0.338966 1.1328e-12
2 35 1 2  0.133476 0.367715 0.175189 0.0787323 1.32814e-09
2 35 2 2  0 0.779319 4.12963 6.07078 5.31361e-35
2 35 3 2  0.468039 1.93712 1.58397 1.29704 8.68342e-61
2 35 4 2  0.00592286 0.0145799 0.0109837 0.00548713 0.00394693
2 35 5 2  0.23819 19.1622 13.8725 7.70413 4.57512
2 35 6 2  1.36348 6.62754 4.59535 0.00335305 1.09698e-116
2 35 7 2  1.04683 1.87103 1.55755 1.05577 3.0026e-19
2 35 8 2  0.0539101 0.247512 0.380197 0.36547 1.53407e-39
2 35 9 2  0.752019 2.60886 1.7597 1.20604 0.957776
2 35 10 2  0.0101121 0.340323 0.665367 0.335538 7.88889e-13
2 36 1 2  0.293418 0.742187 0.226436 0.0890008 1.05588e-09
2 36 2 2  0 1.46189 2.77334 6.34739 4.41509e-35
2 36 3 2  0.296471 1.51793 1.76744 1.32909 7.54062e-61
2 36 4 2  0.0564902 0.0507689 0.0108344 0.00594603 0.0045271
2 36 5 2  0.993335 46.5415 15.8966 8.268 5.03055
2 36 6 2  0.753227 5.8375 5.52148 0.00289922 9.67336e-117
2 36 7 2  0.997629 1.90155 1.53242 1.01791 2.70568e-19
2 36 8 2  0.0415988 0.238193 0.357395 0.347421 1.26546e-39
2 36 9 2  0.600324 2.53098 2.12697 1.30539 0.9961
2 36 10 2  0.00743434 0.264279 0.661818 0.388265 6.51671e-13
2 37 1 2  0.329933 1.01715 0.369026 0.100839 8.06316e-10
2 37 2 2  0 0.553661 2.58766 6.13443 3.68475e-35
2 37 3 2  4.93591 8.20482 1.75761 1.38847 6.5648e-61
2 37 4 2  0.0393522 0.0621146 0.0198417 0.0062634 0.00515933
2 37 5 2  0.965597 60.9397 26.344 9.06592 5.51166
2 37 6 2  0.835174 5.56432 6.12154 0.00251373 8.54418e-117
2 37 7 2  0.927694 1.8979 1.51951 0.984032 2.43936e-19
2 37 8 2  0.02813 0.199998 0.347608 0.3383 1.06973e-39
2 37 9 2  0.464146 2.18714 2.23947 1.39964 0.997275
2 37 10 2  0.012008 0.320041 0.621403 0.441657 5.51018e-13
2 38 1 2  0.307472 1.14011 0.560799 0.138446 6.522e-10
2 38 2 2  0 0.364826 1.78965 5.89507 3.07764e-35
2 38 3 2  2.39605 8.13194 4.05674 1.43874 5.72047e-61
2 38 4 2  0.0279744 0.0615176 0.0288168 0.00844267 0.0058104
2 38 5 2  0.144854 39.4015 38.3737 11.4964 6.0422
2 38 6 2  0.400738 4.3624 6.55901 0.00218158 7.55187e-117
2 38 7 2  0.849276 1.86207 1.51146 0.953876 2.20006e-19
2 38 8 2  0.0174648 0.152194 0.329006 0.332351 9.11714e-40
2 38 9 2  0.331622 1.74979 2.15356 1.46766 0.993364
2 38 10 2  0.00774486 0.263654 0.642377 0.489905 4.75724e-13
2 39 1 2  0.211395 1.04204 0.745335 0.207857 5.52661e-10
2 39 2 2  0 0.29925 1.20351 5.34184 2.54073e-35
2 39 3 2  1.18594 6.20859 5.5464 1.79946 4.9587e-61
2 39 4 2  0.0200651 0.0552729 0.0345872 0.0118021 0.00681789
2 39 5 2  0.771992 49.6455 39.3456 15.3703 6.80244
2 39 6 2  0.743574 4.39322 6.54333 0.00188229 6.65363e-117
2 39 7 2  0.762416 1.78995 1.49927 0.926176 1.98403e-19
2 39 8 2  0.0119056 0.113433 0.302128 0.331166 7.9233e-40
2 39 9 2  0.254925 1.39342 1.9721 1.51617 1.0106
2 39 10 2  0.00700057 0.228357 0.62686 0.545634 4.19135e-13
2 40 1 2  0.176378 0.928671 0.860191 0.306077 4.83294e-10
2 40 2 2  0 0.311291 0.857019 4.72809 2.10624e-35
2 40 3 2  0.617303 4.34016 5.95791 2.32789 4.30561e-61
2 40 4 2  0.0146087 0.0471441 0.0368416 0.0152727 0.00838584
2 40 5 2  0.38182 41.3748 43.4776 18.5124 7.95928
2 40 6 2  2.73033 9.14494 6.56651 0.00162714 5.86809e-117
2 40 7 2  0.711714 1.7171 1.48433 0.901732 1.79003e-19
2 40 8 2  0.00914424 0.0858224 0.268519 0.328136 6.91244e-40
2 40 9 2  0.218977 1.12721 1.70896 1.49158 1.01699
2 40 10 2  0.00750453 0.224725 0.594842 0.592732 3.69508e-13
2 41 1 2  0.158651 0.831086 0.906824 0.412389 4.23992e-10
2 41 2 2  0 0.709795 0.674403 4.07178 1.7329e-35
2 41 3 2  0.342073 2.86461 5.54286 2.81497 3.725e-61
2 41 4 2  0.0109753 0.0394822 0.0367207 0.0182801 0.0105899
2 41 5 2  0.218761 30.6816 43.4004 21.5555 9.36437
2 41 6 2  1.22664 8.39485 7.71585 0.00140095 5.16337e-117
2 41 7 2  0.685592 1.64978 1.4636 0.879256 1.61514e-19
2 41 8 2  0.0104502 0.0748379 0.233284 0.321976 6.0483e-40
2 41 9 2  0.213589 0.980218 1.46493 1.42999 1.02768
2 41 10 2  0.0272648 0.58528 0.572031 0.630842 3.27145e-13
2 42 1 2  1.817 3.80067 0.920893 0.522178 3.78309e-10
2 42 2 2  0 0.891022 0.876849 3.47402 1.42119e-35
2 42 3 2  0.219325 1.87888 4.74756 3.15535 3.21641e-61
2 42 4 2  0.00877153 0.032938 0.0349351 0.020425 0.0132531
2 42 5 2  0.532687 36.0656 39.8001 23.8173 10.981
2 42 6 2  7.15191 21.9888 8.45625 0.00120366 4.53729e-117
2 42 7 2  0.693669 1.60509 1.43956 0.858488 1.45761e-19
2 42 8 2  0.0158061 0.0841858 0.205016 0.31502 5.34388e-40
2 42 9 2  0.228046 0.94921 1.31586 1.39232 1.07426
2 42 10 2  0.0459276 1.06566 0.805047 0.66526 2.91722e-13
full time series of fishery length comp
fleet year spp area catch-at-size
1 1 1 1  0.000132209 1.64822 2.8826 0.0815709 0.0833195
1 1 2 1  7.28795e-156 9.49794e-114 3.25188e-12 6.09129e-55 3.19428e-42
1 1 3 1  2.03618e-29 9.24184e-15 1.25798e-13 1.86049e-12 2.81113e-69
1 1 4 1  4.59976e-22 5.03004e-17 1.31735e-31 1.16863e-15 7.28096e-28
1 1 5 1  8.5171e-16 5.61386e-23 8.44869e-12 1.06555e-12 1.14937e-14
1 1 6 1  2.31596e-14 1.51029e-54 1.25966e-11 3.42832e-11 4.98308e-125
1 1 7 1  1.78257e-68 1.1548e-11 5.90712e-11 1.55291e-11 1.03359e-28
1 1 8 1  3.04661e-20 5.53263e-17 1.22836e-15 9.19054e-17 1.37061e-50
1 1 9 1  2.17197e-38 1.73817e-17 9.4746e-15 5.22653e-15 1.20201e-26
1 1 10 1  3.28651e-19 1.23173e-17 1.00216e-16 2.51422e-16 9.08336e-17
1 2 1 1  0.000152743 0.73571 2.76727 0.38557 0.051682
1 2 2 1  4.58083e-15 1.87534e-114 1.23153e-12 4.38813e-12 2.01314e-42
1 2 3 1  1.14856e-16 3.70061e-15 9.3844e-14 1.40094e-12 1.9613e-69
1 2 4 1  1.69674e-20 2.77931e-17 1.61762e-16 6.53285e-16 2.00646e-16
1 2 5 1  4.75202e-16 6.06536e-14 4.66095e-12 2.48786e-12 1.15708e-13
1 2 6 1  8.6731e-15 4.69899e-13 8.05858e-12 2.36947e-11 3.58984e-125
1 2 7 1  1.76159e-15 6.44169e-12 4.24204e-11 1.35681e-11 7.70495e-29
1 2 8 1  9.08089e-20 2.05362e-17 1.22747e-15 5.68484e-16 9.23776e-51
1 2 9 1  2.39106e-19 7.95661e-18 5.13682e-15 5.00009e-15 5.31741e-16
1 2 10 1  1.43774e-19 8.98212e-18 1.28437e-16 2.08293e-16 3.98964e-17
1 3 1 1  0.000370456 0.550975 3.02993 0.86934 0.0498312
1 3 2 1  4.00762e-15 3.35251e-14 7.46046e-13 6.80566e-12 2.00492e-42
1 3 3 1  2.85895e-16 3.33165e-15 9.51423e-14 1.65994e-12 2.14743e-69
1 3 4 1  4.53859e-20 2.57153e-17 2.82116e-16 6.2123e-16 4.07013e-16
1 3 5 1  3.65952e-16 9.36213e-14 4.97079e-12 4.00614e-12 5.25927e-13
1 3 6 1  1.33754e-14 6.10463e-13 1.32429e-11 2.57129e-11 4.05284e-125
1 3 7 1  4.16047e-15 6.00199e-12 4.70242e-11 1.80347e-11 8.99282e-29
1 3 8 1  1.13032e-19 1.43187e-17 1.33231e-15 1.35025e-15 9.52853e-51
1 3 9 1  4.47507e-19 3.54782e-17 4.36806e-15 6.32897e-15 1.39199e-15
1 3 10 1  8.199e-19 7.77035e-18 1.59198e-16 3.09712e-16 2.47122e-17
1 4 1 1  0.00281897 0.346625 2.00379 0.917631 0.0319391
1 4 2 1  5.10619e-15 2.72407e-14 4.12569e-13 5.527e-12 1.36237e-42
1 4 3 1  3.54344e-16 3.10265e-15 6.46822e-14 1.31385e-12 1.5923e-69
1 4 4 1  5.48201e-20 1.79691e-17 2.55024e-16 4.24835e-16 4.30006e-16
1 4 5 1  1.56112e-16 7.0493e-14 3.9027e-12 3.78324e-12 8.37702e-13
1 4 6 1  1.05075e-14 5.91152e-13 1.36641e-11 1.89074e-11 3.09321e-125
1 4 7 1  5.06402e-15 4.13903e-12 3.49835e-11 1.58312e-11 7.08599e-29
1 4 8 1  7.70657e-19 7.58476e-18 8.59707e-16 1.43183e-15 6.37413e-51
1 4 9 1  4.15343e-19 5.46053e-17 2.6814e-15 4.94793e-15 1.72213e-15
1 4 10 1  1.3095e-19 1.76514e-17 1.00185e-16 2.3957e-16 8.80625e-18
1 5 1 1  0.00225272 1.78422 2.48175 1.56398 0.0387938
1 5 2 1  1.49435e-14 6.36277e-14 5.20136e-13 8.56416e-12 1.87778e-42
1 5 3 1  6.24111e-16 6.91215e-15 9.54651e-14 2.071e-12 2.37906e-69
1 5 4 1  1.3388e-19 2.81418e-17 4.26733e-16 6.07925e-16 8.27463e-16
1 5 5 1  2.02594e-16 8.913e-14 6.12422e-12 6.82342e-12 2.12556e-12
1 5 6 1  1.04822e-14 1.05771e-12 2.80175e-11 2.80312e-11 4.74916e-125
1 5 7 1  1.06149e-14 6.36602e-12 5.22605e-11 2.74448e-11 1.12164e-28
1 5 8 1  5.14798e-19 3.84852e-17 1.09391e-15 2.61802e-15 8.63914e-51
1 5 9 1  7.04549e-19 1.23757e-16 3.75641e-15 7.52114e-15 3.68263e-15
1 5 10 1  5.58594e-19 1.54899e-17 3.33624e-16 3.38767e-16 6.381e-18
1 6 1 1  0.00103166 1.26109 2.35915 1.05644 0.0202932
1 6 2 1  2.40501e-14 8.1086e-14 3.81116e-13 5.87933e-12 1.17543e-42
1 6 3 1  4.56182e-16 6.12634e-15 7.16883e-14 1.47172e-12 1.60919e-69
1 6 4 1  1.23224e-19 2.27568e-17 3.17956e-16 4.05707e-16 6.87516e-16
1 6 5 1  3.72325e-16 5.16299e-14 4.15155e-12 5.38003e-12 2.1715e-12
1 6 6 1  7.0142e-15 6.91164e-13 2.50496e-11 1.88188e-11 3.29923e-125
1 6 7 1  9.3488e-15 4.78594e-12 3.54077e-11 2.12321e-11 8.03178e-29
1 6 8 1  2.0499e-19 2.33848e-17 9.23443e-16 2.01372e-15 5.36942e-51
1 6 9 1  5.40018e-19 1.09563e-16 2.67801e-15 5.14956e-15 3.28519e-15
1 6 10 1  1.53508e-19 1.38396e-17 1.66456e-16 3.24468e-16 1.85038e-18
1 7 1 1  0.000646132 0.65227 1.73206 0.71591 0.00973592
1 7 2 1  2.58958e-14 1.07467e-13 3.19736e-13 3.45335e-12 6.23448e-43
1 7 3 1  4.02869e-16 4.19216e-15 4.82412e-14 8.89885e-13 9.20797e-70
1 7 4 1  9.0929e-20 1.63125e-17 2.05607e-16 2.34597e-16 4.70332e-16
1 7 5 1  1.46438e-16 4.098e-14 2.30903e-12 3.46702e-12 1.74564e-12
1 7 6 1  8.01864e-15 3.86931e-13 1.74775e-11 1.06891e-11 1.93851e-125
1 7 7 1  6.4883e-15 3.19068e-12 2.04022e-11 1.37427e-11 4.86494e-29
1 7 8 1  2.75575e-19 1.02281e-17 5.81624e-16 1.33135e-15 2.81137e-51
1 7 9 1  3.7627e-19 7.7635e-17 1.74539e-15 3.0404e-15 2.3802e-15
1 7 10 1  6.79362e-20 5.44451e-18 1.19978e-16 1.70552e-16 4.46019e-19
1 8 1 1  0.000627517 0.859509 2.55096 1.17886 0.0110687
1 8 2 1  1.71775e-13 2.85617e-13 8.74035e-13 5.16066e-12 7.94764e-43
1 8 3 1  7.75941e-16 7.87565e-15 7.86996e-14 1.30492e-12 1.26091e-69
1 8 4 1  1.45796e-19 2.79537e-17 3.24316e-16 3.28493e-16 7.46355e-16
1 8 5 1  8.81824e-16 5.63512e-14 3.31903e-12 5.18679e-12 3.18405e-12
1 8 6 1  2.04214e-14 6.92837e-13 2.79671e-11 1.45348e-11 2.72252e-125
1 8 7 1  1.05135e-14 5.17362e-12 2.83629e-11 2.10738e-11 7.03652e-29
1 8 8 1  2.22818e-19 1.82043e-17 7.91114e-16 2.08798e-15 3.52467e-51
1 8 9 1  6.29876e-19 1.30183e-16 2.7882e-15 4.34436e-15 3.97245e-15
1 8 10 1  2.24729e-19 5.41887e-18 1.61886e-16 3.72919e-16 3.6941e-19
1 9 1 1  0.00167397 0.496927 1.72143 0.88006 0.0058985
1 9 2 1  2.75e-13 8.37e-13 1.14889e-12 4.32749e-12 4.94773e-43
1 9 3 1  6.36306e-16 7.34448e-15 6.62265e-14 9.43205e-13 8.38318e-70
1 9 4 1  1.14861e-19 2.24707e-17 2.51753e-16 2.26619e-16 5.60442e-16
1 9 5 1  1.95291e-16 8.69321e-14 2.29572e-12 3.7326e-12 2.70272e-12
1 9 6 1  8.17469e-15 7.31826e-13 2.23514e-11 9.60125e-12 1.85304e-125
1 9 7 1  8.33929e-15 4.09473e-12 1.93271e-11 1.55456e-11 4.92293e-29
1 9 8 1  3.36399e-19 1.07371e-17 5.7175e-16 1.56003e-15 2.16411e-51
1 9 9 1  4.38603e-19 1.04548e-16 2.17059e-15 3.02977e-15 3.1067e-15
1 9 10 1  1.02527e-19 5.34349e-18 8.19296e-17 2.70771e-16 1.33637e-19
1 10 1 1  0.00112634 0.982094 1.78155 1.0405 0.00511384
1 10 2 1  3.52801e-14 2.31653e-12 4.65309e-12 6.97139e-12 5.07774e-43
1 10 3 1  8.56238e-16 1.05423e-14 9.613e-14 1.1407e-12 9.09108e-70
1 10 4 1  1.44045e-19 2.88986e-17 3.18661e-16 2.59685e-16 6.73034e-16
1 10 5 1  3.58062e-16 8.29423e-14 3.35372e-12 4.33565e-12 3.61471e-12
1 10 6 1  5.59455e-15 8.26632e-13 3.14659e-11 1.03557e-11 2.04971e-125
1 10 7 1  1.6532e-13 5.33639e-12 2.17067e-11 1.85103e-11 5.57442e-29
1 10 8 1  3.04327e-19 1.69953e-17 6.34768e-16 1.87473e-15 2.14292e-51
1 10 9 1  4.96017e-19 1.2735e-16 2.75812e-15 3.47893e-15 3.86483e-15
1 10 10 1  9.85225e-20 5.2945e-18 8.98465e-17 2.24863e-16 6.51304e-20
1 11 1 1  0.00334026 1.19338 2.47853 1.20338 0.00448278
1 11 2 1  3.99419e-13 1.14298e-12 1.54478e-11 1.98557e-11 5.83893e-43
1 11 3 1  1.35076e-15 1.62391e-14 1.55956e-13 1.58386e-12 1.09755e-69
1 11 4 1  2.04552e-19 4.01995e-17 4.42118e-16 3.33494e-16 8.77619e-16
1 11 5 1  5.39254e-16 1.11435e-13 4.70065e-12 5.85072e-12 5.24508e-12
1 11 6 1  6.14857e-15 9.07869e-13 4.70438e-11 1.24433e-11 2.5175e-125
1 11 7 1  1.61941e-13 4.13951e-11 2.748e-11 2.43587e-11 6.98744e-29
1 11 8 1  2.09427e-19 2.13977e-17 8.62201e-16 2.4219e-15 2.30781e-51
1 11 9 1  6.81663e-19 1.65097e-16 3.78914e-15 4.47054e-15 5.22577e-15
1 11 10 1  1.60588e-18 5.72616e-18 1.06503e-16 2.39549e-16 3.56226e-20
1 12 1 1  0.00165422 1.54848 2.12544 0.937878 0.0025211
1 12 2 1  8.41068e-14 2.46333e-12 1.16152e-11 4.21389e-11 4.5652e-43
1 12 3 1  1.59082e-15 1.70346e-14 1.6791e-13 1.53443e-12 9.00346e-70
1 12 4 1  1.89047e-19 3.70971e-17 4.02669e-16 2.87387e-16 7.49616e-16
1 12 5 1  3.37048e-16 1.06388e-13 4.42049e-12 5.40479e-12 5.11114e-12
1 12 6 1  1.69455e-14 6.73641e-13 4.49395e-11 1.01611e-11 2.09904e-125
1 12 7 1  1.0766e-13 5.21523e-11 3.44898e-11 2.17022e-11 5.93811e-29
1 12 8 1  4.53885e-19 1.41745e-17 7.81487e-16 2.16107e-15 1.69941e-51
1 12 9 1  6.27864e-19 1.50444e-16 3.50311e-15 3.99789e-15 4.82189e-15
1 12 10 1  2.23595e-19 3.54616e-17 6.9805e-17 1.63483e-16 1.18038e-20
1 13 1 1  0.00138437 1.89484 3.30399 1.09992 0.00207446
1 13 2 1  6.63463e-14 1.6731e-12 2.24141e-11 8.23796e-11 5.62734e-43
1 13 3 1  1.21401e-14 2.96992e-14 2.81316e-13 2.39256e-12 1.16725e-69
1 13 4 1  2.76807e-19 5.29578e-17 5.65056e-16 3.86409e-16 9.82756e-16
1 13 5 1  5.96389e-16 1.3475e-13 6.59666e-12 7.9254e-12 7.82063e-12
1 13 6 1  1.61276e-14 1.26843e-12 6.50385e-11 1.31112e-11 2.76674e-125
1 13 7 1  1.14723e-13 8.11528e-11 6.84829e-11 3.1247e-11 7.9782e-29
1 13 8 1  4.4394e-19 2.65044e-17 1.02038e-15 3.06298e-15 1.98215e-51
1 13 9 1  9.74551e-19 2.15482e-16 5.04366e-15 5.63484e-15 6.93859e-15
1 13 10 1  1.02817e-19 2.60588e-17 3.90792e-16 1.21995e-16 4.367e-21
1 14 1 1  0.00117435 1.50096 3.09569 0.932459 0.00112407
1 14 2 1  4.48458e-13 9.23063e-13 2.00141e-11 1.21376e-10 5.27011e-43
1 14 3 1  7.984e-15 1.10165e-13 3.62679e-13 2.87759e-12 1.15329e-69
1 14 4 1  6.41527e-19 5.88991e-17 6.13765e-16 4.05264e-16 9.93424e-16
1 14 5 1  9.35348e-16 1.47276e-13 7.14497e-12 8.89668e-12 9.0829e-12
1 14 6 1  8.41349e-14 1.3414e-12 7.45586e-11 1.28904e-11 2.78149e-125
1 14 7 1  9.65608e-14 8.66287e-11 9.50735e-11 3.52938e-11 8.18068e-29
1 14 8 1  2.8644e-19 2.55283e-17 1.10319e-15 3.18594e-15 1.72364e-51
1 14 9 1  1.20118e-18 2.36182e-16 5.35958e-15 5.8994e-15 7.36561e-15
1 14 10 1  2.23028e-19 1.29791e-17 3.69546e-16 3.38768e-16 1.3902e-21
1 15 1 1  0.0010215 1.10841 2.34525 0.710712 0.000527399
1 15 2 1  3.79622e-13 2.95929e-12 1.4365e-11 1.40452e-10 4.56428e-43
1 15 3 1  4.98963e-15 1.18799e-13 7.54402e-13 3.24611e-12 1.05295e-69
1 15 4 1  7.12667e-19 8.42061e-17 6.22189e-16 3.97931e-16 9.32339e-16
1 15 5 1  1.14316e-15 1.76682e-13 7.16875e-12 9.15078e-12 9.70041e-12
1 15 6 1  3.88558e-14 3.1598e-12 7.79461e-11 1.17113e-11 2.58287e-125
1 15 7 1  7.96041e-14 8.12942e-11 1.12834e-10 3.76519e-11 7.7436e-29
1 15 8 1  4.46394e-19 1.90079e-17 1.05385e-15 3.0624e-15 1.37552e-51
1 15 9 1  1.54441e-18 2.52288e-16 5.31737e-15 5.72666e-15 7.2151e-15
1 15 10 1  2.13671e-19 9.93006e-18 2.59367e-16 5.61489e-16 6.38809e-22
1 16 1 1  0.00080067 0.943562 1.82323 0.556882 0.000254924
1 16 2 1  1.15221e-13 3.42954e-12 2.1163e-11 1.61531e-10 4.38252e-43
1 16 3 1  4.16302e-15 1.1386e-13 1.1926e-12 4.79569e-12 1.06537e-69
1 16 4 1  7.67197e-19 1.12838e-16 7.65938e-16 4.18357e-16 9.30633e-16
1 16 5 1  2.09202e-15 2.37268e-13 8.40121e-12 1.03744e-11 1.14279e-11
1 16 6 1  2.26937e-14 3.38921e-12 1.09074e-10 1.17918e-11 2.65754e-125
1 16 7 1  7.82448e-14 8.2619e-11 1.40127e-10 4.5104e-11 8.11975e-29
1 16 8 1  3.45724e-19 2.17626e-17 1.01492e-15 3.18353e-15 1.18814e-51
1 16 9 1  2.15715e-18 3.29244e-16 6.03591e-15 6.23174e-15 7.87647e-15
1 16 10 1  7.40864e-19 9.5251e-18 2.12574e-16 6.10778e-16 3.32039e-22
1 17 1 1  0.000975111 0.629096 1.18016 0.336479 9.53521e-05
1 17 2 1  3.67223e-13 1.45957e-12 2.19705e-11 1.57886e-10 3.40308e-43
1 17 3 1  3.05895e-15 8.41933e-14 1.22526e-12 5.87258e-12 8.75443e-70
1 17 4 1  6.31589e-19 1.11697e-16 7.89677e-16 3.75176e-16 7.5251e-16
1 17 5 1  1.39494e-15 3.06255e-13 8.34669e-12 9.6363e-12 1.09167e-11
1 17 6 1  1.39693e-14 2.46589e-12 1.14588e-10 9.63948e-12 2.22417e-125
1 17 7 1  6.62866e-14 6.75688e-11 1.35626e-10 4.41959e-11 6.93669e-29
1 17 8 1  3.34406e-18 1.67739e-17 8.47689e-16 2.70617e-15 8.51773e-52
1 17 9 1  2.6408e-18 3.64758e-16 5.90918e-15 5.61104e-15 7.04263e-15
1 17 10 1  5.65863e-19 1.84454e-17 1.26266e-16 3.83261e-16 1.14735e-22
1 18 1 1  0.00242029 0.349519 0.565251 0.154124 2.63445e-05
1 18 2 1  8.44028e-13 1.46413e-12 9.66174e-12 9.67243e-11 1.63681e-43
1 18 3 1  3.33135e-14 3.85039e-14 6.96829e-13 4.20755e-12 4.47699e-70
1 18 4 1  3.83256e-19 6.42292e-17 5.05896e-16 2.24955e-16 3.89173e-16
1 18 5 1  8.3942e-16 1.73917e-13 5.66953e-12 5.66369e-12 6.48963e-12
1 18 6 1  1.07066e-14 1.07076e-12 6.87288e-11 4.9019e-12 1.16043e-125
1 18 7 1  3.79686e-14 3.44572e-11 7.92668e-11 2.69714e-11 3.70121e-29
1 18 8 1  7.79525e-19 5.44505e-17 4.5489e-16 1.51295e-15 4.03426e-52
1 18 9 1  2.20791e-18 2.71001e-16 3.86059e-15 3.27551e-15 4.00283e-15
1 18 10 1  9.4121e-19 1.10644e-17 1.43584e-16 1.61168e-16 2.73812e-23
1 19 1 1  0.00133555 1.04691 0.625243 0.165243 1.6731e-05
1 19 2 1  9.01818e-14 6.21461e-12 1.20649e-11 1.10782e-10 1.57515e-43
1 19 3 1  1.98386e-14 2.87789e-13 7.48047e-13 5.63539e-12 4.56538e-70
1 19 4 1  4.97422e-19 7.44498e-17 6.07554e-16 2.72491e-16 4.02129e-16
1 19 5 1  2.043e-15 2.03386e-13 7.17725e-12 6.86938e-12 7.66937e-12
1 19 6 1  1.10182e-14 1.07867e-12 7.80839e-11 4.97141e-12 1.20597e-125
1 19 7 1  4.37489e-14 3.59021e-11 9.03717e-11 3.25772e-11 3.92981e-29
1 19 8 1  5.22848e-19 5.27235e-17 1.17824e-15 1.67377e-15 3.80455e-52
1 19 9 1  2.36736e-18 4.28859e-16 5.30767e-15 3.922e-15 4.54303e-15
1 19 10 1  2.11194e-19 2.89311e-17 2.30179e-16 3.9219e-16 2.14514e-23
1 20 1 1  0.000718663 0.847925 1.04828 0.136688 8.08647e-06
1 20 2 1  4.8082e-14 1.9907e-12 2.68707e-11 1.02376e-10 1.19816e-43
1 20 3 1  9.93773e-15 2.69151e-13 1.6121e-12 5.64736e-12 3.66187e-70
1 20 4 1  5.22236e-19 6.9969e-17 5.55159e-16 2.5397e-16 3.27495e-16
1 20 5 1  1.01517e-15 2.80573e-13 6.97409e-12 6.623e-12 7.13244e-12
1 20 6 1  3.583e-14 8.68159e-13 6.89654e-11 3.9674e-12 9.84426e-126
1 20 7 1  3.75003e-14 3.01566e-11 8.0036e-11 3.06651e-11 3.27273e-29
1 20 8 1  2.70837e-19 3.47146e-17 1.3421e-15 1.76007e-15 2.80115e-52
1 20 9 1  1.97785e-18 4.35436e-16 6.15752e-15 3.86369e-15 4.10028e-15
1 20 10 1  1.71633e-18 1.37791e-17 4.20365e-16 5.92659e-16 1.35712e-23
1 21 1 1  0.00051518 0.449099 0.861779 0.133218 3.22203e-06
1 21 2 1  5.93311e-14 5.55518e-13 1.47224e-11 9.08614e-11 6.82624e-44
1 21 3 1  1.51311e-14 1.48536e-13 1.56281e-12 5.32825e-12 2.19947e-70
1 21 4 1  3.72892e-19 5.20029e-17 3.83769e-16 1.75513e-16 2.03371e-16
1 21 5 1  6.98052e-16 1.72976e-13 5.79923e-12 4.79167e-12 4.98769e-12
1 21 6 1  1.30598e-14 1.01821e-12 4.50855e-11 2.37092e-12 6.01784e-126
1 21 7 1  2.34593e-14 1.90593e-11 5.27049e-11 2.14595e-11 2.04139e-29
1 21 8 1  1.30366e-18 1.58179e-17 9.16545e-16 1.42044e-15 1.54341e-52
1 21 9 1  1.22831e-18 3.04868e-16 5.06895e-15 3.02736e-15 2.82166e-15
1 21 10 1  3.76076e-19 2.96555e-17 2.5829e-16 7.49764e-16 6.39945e-24
1 22 1 1  0.000491524 0.410844 0.88416 0.19448 2.11988e-06
1 22 2 1  5.79484e-13 5.18071e-13 1.02147e-11 1.05244e-10 5.92942e-44
1 22 3 1  8.60244e-15 1.93456e-13 1.80131e-12 7.75027e-12 2.01658e-70
1 22 4 1  3.81836e-19 5.7278e-17 4.15629e-16 1.84216e-16 1.95121e-16
1 22 5 1  4.9653e-16 1.69663e-13 6.55568e-12 5.5085e-12 5.35004e-12
1 22 6 1  7.54866e-15 1.01018e-12 4.93013e-11 2.16249e-12 5.6182e-126
1 22 7 1  2.21014e-14 1.83398e-11 5.27179e-11 2.27853e-11 1.94595e-29
1 22 8 1  5.78113e-19 4.38174e-17 8.67063e-16 1.70114e-15 1.3292e-52
1 22 9 1  1.22979e-18 3.04939e-16 5.85366e-15 3.62691e-15 2.96734e-15
1 22 10 1  2.7511e-19 1.98887e-17 4.95961e-16 9.53785e-16 4.50964e-24
1 23 1 1  0.000689109 0.328535 0.741333 0.204102 1.1995e-06
1 23 2 1  5.7931e-14 3.19092e-12 6.53077e-12 9.32274e-11 4.4162e-44
1 23 3 1  4.2932e-15 1.48847e-13 1.86703e-12 8.87794e-12 1.58413e-70
1 23 4 1  3.26789e-19 5.1803e-17 3.81006e-16 1.6461e-16 1.59773e-16
1 23 5 1  1.53543e-15 1.26814e-13 6.0504e-12 5.39603e-12 4.95635e-12
1 23 6 1  1.23491e-14 7.31463e-13 4.53515e-11 1.69e-12 4.49328e-126
1 23 7 1  1.80821e-14 1.50769e-11 4.49608e-11 2.05903e-11 1.58896e-29
1 23 8 1  2.51293e-19 3.27078e-17 1.05977e-15 1.65535e-15 9.908e-53
1 23 9 1  1.25481e-18 2.62995e-16 5.50851e-15 3.69796e-15 2.73968e-15
1 23 10 1  1.42527e-19 1.1932e-17 4.13529e-16 1.23366e-15 2.61931e-24
1 24 1 1  0.000706167 0.576708 0.960334 0.308032 1.0756e-06
1 24 2 1  3.70706e-14 1.82417e-12 2.35034e-11 1.34178e-10 5.61495e-44
1 24 3 1  3.70426e-15 1.71711e-13 2.9687e-12 1.67923e-11 2.11629e-70
1 24 4 1  4.63725e-19 7.79814e-17 5.92504e-16 2.53788e-16 2.26967e-16
1 24 5 1  2.22514e-15 3.31595e-13 8.93416e-12 8.82903e-12 7.8483e-12
1 24 6 1  1.62355e-14 1.18952e-12 6.84197e-11 2.24688e-12 6.10438e-126
1 24 7 1  2.54884e-14 2.11428e-11 6.49398e-11 3.14057e-11 2.20135e-29
1 24 8 1  2.11417e-19 3.32089e-17 1.71866e-15 2.81319e-15 1.21193e-52
1 24 9 1  3.75373e-18 3.8536e-16 7.93583e-15 5.80157e-15 4.05942e-15
1 24 10 1  2.8092e-19 1.14594e-17 4.8323e-16 1.98936e-15 2.36276e-24
1 25 1 1  0.000388576 0.448607 0.807345 0.234975 5.17431e-07
1 25 2 1  5.6649e-14 6.25826e-13 1.70498e-11 1.3537e-10 4.14166e-44
1 25 3 1  2.1526e-15 1.07373e-13 2.48889e-12 1.75097e-11 1.6403e-70
1 25 4 1  3.6356e-19 6.62428e-17 5.2637e-16 2.27566e-16 1.89925e-16
1 25 5 1  2.94075e-15 3.51925e-13 9.29045e-12 8.15242e-12 7.24357e-12
1 25 6 1  1.77151e-14 1.03056e-12 6.06008e-11 1.73312e-12 4.81215e-126
1 25 7 1  2.07604e-14 1.72321e-11 5.42557e-11 2.76552e-11 1.77011e-29
1 25 8 1  1.55069e-19 1.83535e-17 1.37182e-15 2.70742e-15 8.50796e-53
1 25 9 1  2.18733e-18 4.73179e-16 6.55415e-15 5.04972e-15 3.46031e-15
1 25 10 1  1.58655e-19 9.25463e-18 3.05102e-16 1.62623e-15 1.23372e-24
1 26 1 1  0.000410162 0.481139 0.969878 0.28043 3.75137e-07
1 26 2 1  5.65947e-13 7.17481e-13 1.62413e-11 2.02563e-10 4.92194e-44
1 26 3 1  2.60534e-15 1.06884e-13 3.13727e-12 2.77794e-11 2.04337e-70
1 26 4 1  5.14035e-19 8.50165e-17 7.13932e-16 3.16271e-16 2.51007e-16
1 26 5 1  2.10442e-14 6.81538e-13 1.56567e-11 1.24865e-11 1.07301e-11
1 26 6 1  2.86752e-14 1.58298e-12 8.61295e-11 2.14908e-12 6.09232e-126
1 26 7 1  2.7226e-14 2.26382e-11 7.26462e-11 3.89047e-11 2.28409e-29
1 26 8 1  1.68503e-19 1.78511e-17 1.61756e-15 4.00135e-15 9.62688e-53
1 26 9 1  2.05167e-18 6.23481e-16 1.01699e-14 6.92553e-15 4.73814e-15
1 26 10 1  2.52297e-19 9.88699e-18 3.5334e-16 2.03544e-15 1.07752e-24
1 27 1 1  0.000182511 0.170578 0.389774 0.113352 9.17949e-08
1 27 2 1  1.49e-13 1.62954e-12 5.25323e-12 9.05946e-11 1.8969e-44
1 27 3 1  1.05696e-15 3.60883e-14 1.22838e-12 1.35724e-11 8.20378e-71
1 27 4 1  2.22625e-19 3.67552e-17 3.0316e-16 1.39336e-16 1.07468e-16
1 27 5 1  7.82584e-15 1.10796e-12 9.05273e-12 6.33067e-12 5.12684e-12
1 27 6 1  1.66636e-14 8.08714e-13 4.01957e-11 8.59366e-13 2.48064e-126
1 27 7 1  1.17315e-14 9.63972e-12 3.12859e-11 1.75075e-11 9.45686e-30
1 27 8 1  6.56754e-20 5.8003e-18 5.8893e-16 1.79547e-15 3.47149e-53
1 27 9 1  8.26216e-19 2.27473e-16 4.66862e-15 3.13207e-15 2.06052e-15
1 27 10 1  7.13166e-20 4.28513e-18 1.02399e-16 6.46051e-16 2.43336e-25
1 28 1 1  0.000161421 0.104973 0.268581 0.0896468 4.40254e-08
1 28 2 1  3.37196e-14 9.25633e-13 6.32286e-12 5.9314e-11 1.11717e-44
1 28 3 1  7.41363e-16 1.94715e-14 7.17795e-13 9.73006e-12 5.02198e-71
1 28 4 1  1.39657e-19 2.4044e-17 1.98467e-16 9.24967e-17 7.08835e-17
1 28 5 1  1.36362e-15 9.68043e-13 1.44331e-11 5.10265e-12 3.76122e-12
1 28 6 1  7.68541e-15 6.6937e-13 2.91291e-11 5.24078e-13 1.53886e-126
1 28 7 1  7.74557e-15 6.29466e-12 2.05302e-11 1.19563e-11 5.96042e-30
1 28 8 1  2.61593e-19 3.16574e-18 3.29898e-16 1.21283e-15 1.95822e-53
1 28 9 1  6.57134e-19 1.4169e-16 3.22807e-15 2.34188e-15 1.48463e-15
1 28 10 1  9.21035e-20 2.23496e-18 4.87187e-17 2.31615e-16 6.36111e-26
1 29 1 1  0.000289761 0.118962 0.283371 0.109902 3.44877e-08
1 29 2 1  3.12005e-14 4.91308e-13 7.55276e-12 6.65248e-11 1.02735e-44
1 29 3 1  9.6732e-16 1.76483e-14 6.46384e-13 1.05698e-11 4.81165e-71
1 29 4 1  1.50634e-19 2.37034e-17 1.97057e-16 9.26186e-17 7.10374e-17
1 29 5 1  1.63992e-15 7.42214e-13 2.47285e-11 8.55488e-12 4.38669e-12
1 29 6 1  1.06471e-14 6.82273e-13 3.38258e-11 5.00122e-13 1.49528e-126
1 29 7 1  8.13691e-15 6.45322e-12 2.11038e-11 1.27595e-11 5.89054e-30
1 29 8 1  1.38339e-19 9.57496e-18 2.97577e-16 1.28605e-15 1.78723e-53
1 29 9 1  7.34508e-19 1.54841e-16 3.41272e-15 2.70832e-15 1.70719e-15
1 29 10 1  1.54422e-19 3.19052e-18 4.49127e-17 1.73376e-16 3.18028e-26
1 30 1 1  0.000282974 0.238963 0.404591 0.167351 3.53451e-08
1 30 2 1  6.188e-14 4.89735e-13 9.12188e-12 1.06444e-10 1.33127e-44
1 30 3 1  1.25256e-15 2.57098e-14 8.20732e-13 1.57947e-11 6.49872e-71
1 30 4 1  3.09609e-19 3.58896e-17 2.87393e-16 1.36147e-16 1.04856e-16
1 30 5 1  5.12941e-15 8.9014e-13 4.14664e-11 2.04293e-11 7.70753e-12
1 30 6 1  1.00095e-14 1.0984e-12 5.39547e-11 6.72754e-13 2.04841e-126
1 30 7 1  1.2578e-14 9.40105e-12 3.06098e-11 1.91519e-11 8.21047e-30
1 30 8 1  3.52165e-19 1.34831e-17 5.33277e-16 1.9187e-15 2.34627e-53
1 30 9 1  9.85605e-19 2.36409e-16 5.04625e-15 4.2181e-15 2.71803e-15
1 30 10 1  1.56321e-19 7.25976e-18 8.08073e-17 2.32922e-16 2.64379e-26
1 31 1 1  0.000269267 0.317822 0.582542 0.208098 3.01862e-08
1 31 2 1  2.89333e-13 7.53629e-13 1.02199e-11 1.58672e-10 1.69202e-44
1 31 3 1  1.5482e-15 3.50945e-14 1.04469e-12 2.27383e-11 8.60455e-71
1 31 4 1  5.35716e-19 6.44568e-17 4.49766e-16 2.10761e-16 1.63366e-16
1 31 5 1  2.89629e-15 1.50793e-12 6.13218e-11 4.06565e-11 1.42813e-11
1 31 6 1  1.16402e-14 1.44202e-12 8.45772e-11 8.87192e-13 2.75071e-126
1 31 7 1  1.91806e-14 1.36497e-11 4.36288e-11 2.81281e-11 1.12218e-29
1 31 8 1  3.44368e-19 2.49012e-17 8.44471e-16 2.82769e-15 2.96313e-53
1 31 9 1  1.40015e-18 3.28172e-16 7.25536e-15 6.22574e-15 4.14462e-15
1 31 10 1  6.61404e-20 9.48428e-18 1.68356e-16 3.47813e-16 2.15275e-26
1 32 1 1  0.000184058 0.238204 0.491333 0.158869 1.50784e-08
1 32 2 1  6.09186e-14 1.8809e-12 8.16687e-12 1.46645e-10 1.39127e-44
1 32 3 1  1.61087e-15 2.99362e-14 8.6997e-13 2.09438e-11 7.38742e-71
1 32 4 1  4.31812e-19 7.60169e-17 5.04447e-16 2.21186e-16 1.71522e-16
1 32 5 1  1.78271e-15 1.10652e-12 6.11542e-11 4.68717e-11 1.75266e-11
1 32 6 1  9.71705e-14 1.18488e-12 8.32086e-11 7.58457e-13 2.39741e-126
1 32 7 1  2.03118e-14 1.30248e-11 4.05026e-11 2.67963e-11 9.97148e-30
1 32 8 1  1.98618e-19 2.11396e-17 8.99123e-16 2.68406e-15 2.38381e-53
1 32 9 1  1.19878e-18 2.91314e-16 6.52652e-15 5.77744e-15 3.97885e-15
1 32 10 1  6.7812e-20 4.9534e-18 1.66949e-16 3.96789e-16 1.13249e-26
1 33 1 1  8.64959e-05 0.116627 0.281242 0.0907676 5.43823e-09
1 33 2 1  3.44657e-13 5.57396e-13 7.38557e-12 8.71537e-11 7.4881e-45
1 33 3 1  1.36746e-14 1.79978e-14 4.76223e-13 1.25199e-11 4.15496e-71
1 33 4 1  2.29093e-19 5.11268e-17 3.92959e-16 1.62014e-16 1.22213e-16
1 33 5 1  6.40172e-15 5.10457e-13 3.66574e-11 3.37516e-11 1.38626e-11
1 33 6 1  3.77937e-14 2.16232e-12 5.21825e-11 4.24722e-13 1.36943e-126
1 33 7 1  1.45228e-14 8.37504e-12 2.47642e-11 1.67215e-11 5.81378e-30
1 33 8 1  8.0501e-20 1.03126e-17 5.9037e-16 1.73149e-15 1.27802e-53
1 33 9 1  9.212e-19 1.63962e-16 3.76235e-15 3.42261e-15 2.44434e-15
1 33 10 1  4.39686e-20 2.19278e-18 8.64572e-17 3.00286e-16 4.25447e-27
1 34 1 1  0.000102432 0.105258 0.287518 0.103611 3.9153e-09
1 34 2 1  1.48747e-13 2.57983e-12 7.16189e-12 1.01033e-10 7.42618e-45
1 34 3 1  9.34131e-15 1.22971e-13 4.88478e-13 1.36996e-11 4.31053e-71
1 34 4 1  2.28145e-19 5.8725e-17 5.35529e-16 2.27751e-16 1.6375e-16
1 34 5 1  1.23333e-14 1.06701e-12 3.81944e-11 4.24837e-11 1.97566e-11
1 34 6 1  6.96219e-14 2.78868e-12 7.60286e-11 4.38649e-13 1.44352e-126
1 34 7 1  1.92873e-14 1.02434e-11 2.81607e-11 1.92543e-11 6.26249e-30
1 34 8 1  1.02681e-19 8.85111e-18 6.63852e-16 2.08981e-15 1.27738e-53
1 34 9 1  2.28751e-18 2.01897e-16 4.08684e-15 3.82387e-15 2.83475e-15
1 34 10 1  6.19439e-20 2.17713e-18 8.20553e-17 3.90494e-16 3.27278e-27
1 35 1 1  0.000181291 0.0551483 0.1529 0.061563 1.52633e-09
1 35 2 1  9.77011e-15 9.61268e-13 8.31985e-12 5.9168e-11 3.82725e-45
1 35 3 1  3.79032e-15 8.17928e-14 5.42473e-13 7.75823e-12 2.32789e-71
1 35 4 1  1.26523e-19 3.31856e-17 3.49744e-16 1.62295e-16 1.14065e-16
1 35 5 1  5.25571e-15 1.0955e-12 2.49349e-11 2.65231e-11 1.4244e-11
1 35 6 1  4.8434e-14 2.21019e-12 5.54799e-11 2.35793e-13 7.9254e-127
1 35 7 1  1.19558e-14 6.69251e-12 1.68605e-11 1.15537e-11 3.51792e-30
1 35 8 1  1.22386e-19 4.50654e-18 3.62282e-16 1.28784e-15 6.59818e-54
1 35 9 1  1.16609e-18 2.00091e-16 2.48667e-15 2.27468e-15 1.75231e-15
1 35 10 1  2.70716e-20 1.38923e-18 4.26506e-17 2.4017e-16 1.34134e-27
1 36 1 1  0.000182528 0.0413125 0.0681708 0.0305461 5.15469e-10
1 36 2 1  3.96924e-14 1.41994e-13 3.64616e-12 2.90988e-11 1.45663e-45
1 36 3 1  1.10465e-15 3.25459e-14 3.35245e-13 3.46802e-12 9.27589e-72
1 36 4 1  5.54794e-19 1.3884e-17 1.60605e-16 8.2677e-17 5.92837e-17
1 36 5 1  1.00751e-14 5.07574e-13 1.43356e-11 1.23447e-11 7.33963e-12
1 36 6 1  1.23108e-14 1.20824e-12 3.06259e-11 9.3532e-14 3.20911e-127
1 36 7 1  5.22445e-15 3.18897e-12 7.54275e-12 5.11315e-12 1.45691e-30
1 36 8 1  4.33774e-20 2.57884e-18 1.43501e-16 5.72149e-16 2.50361e-54
1 36 9 1  4.18977e-19 1.02952e-16 1.42036e-15 1.04126e-15 8.23646e-16
1 36 10 1  9.14067e-21 5.25019e-19 1.99358e-17 1.18659e-16 4.65896e-28
1 37 1 1  0.000269441 0.109426 0.113843 0.044591 5.29124e-10
1 37 2 1  7.0125e-15 3.50838e-13 3.22901e-12 4.01395e-11 1.59658e-45
1 37 3 1  2.41936e-14 3.36185e-14 4.93524e-13 4.68642e-12 1.06162e-71
1 37 4 1  5.08732e-19 6.38653e-17 2.09278e-16 1.18352e-16 8.9827e-17
1 37 5 1  1.28855e-14 1.62645e-12 2.16556e-11 1.74523e-11 1.06272e-11
1 37 6 1  1.79597e-14 1.40372e-12 4.85376e-11 1.06597e-13 3.72798e-127
1 37 7 1  6.383e-15 4.27753e-12 9.78078e-12 6.4928e-12 1.72854e-30
1 37 8 1  3.80893e-20 3.31367e-18 1.79905e-16 7.24781e-16 2.75095e-54
1 37 9 1  4.36196e-19 1.28663e-16 2.21158e-15 1.45184e-15 1.10347e-15
1 37 10 1  1.94198e-20 5.3835e-19 2.64353e-17 1.82907e-16 5.12358e-28
1 38 1 1  0.00016516 0.0996627 0.125723 0.0342291 2.73729e-10
1 38 2 1  6.00283e-15 8.74215e-14 1.98376e-12 2.55641e-11 8.78427e-46
1 38 3 1  7.73629e-15 1.19609e-13 3.23465e-13 3.22789e-12 6.09339e-72
1 38 4 1  2.38321e-19 5.16481e-17 2.53333e-16 8.24047e-17 6.76663e-17
1 38 5 1  1.27587e-15 1.40362e-12 2.36614e-11 1.26149e-11 7.6744e-12
1 38 6 1  5.68347e-15 8.81313e-13 3.54775e-11 6.09352e-14 2.17066e-127
1 38 7 1  3.84581e-15 2.81879e-12 6.39699e-12 4.13795e-12 1.02716e-30
1 38 8 1  1.55081e-20 1.84406e-18 1.15876e-16 4.67092e-16 1.53858e-54
1 38 9 1  2.07112e-19 7.26912e-17 1.52239e-15 1.01774e-15 7.22293e-16
1 38 10 1  8.24997e-21 4.30573e-19 1.65395e-17 1.38571e-16 2.88403e-28
1 39 1 1  6.59502e-05 0.0651571 0.113354 0.0278864 1.31388e-10
1 39 2 1  3.25309e-15 3.32017e-14 7.89274e-13 1.41491e-11 4.23287e-46
1 39 3 1  2.22508e-15 6.82029e-14 4.30179e-13 1.93225e-12 3.0728e-72
1 39 4 1  9.91787e-20 2.96517e-17 2.13279e-16 6.43891e-17 4.41748e-17
1 39 5 1  3.96793e-15 5.22951e-13 1.99324e-11 9.26753e-12 4.87777e-12
1 39 6 1  6.13831e-15 3.97578e-13 2.19404e-11 3.05955e-14 1.11141e-127
1 39 7 1  2.00481e-15 1.60344e-12 3.6908e-12 2.32699e-12 5.37467e-31
1 39 8 1  6.07631e-21 8.21286e-19 6.42177e-17 2.6875e-16 7.68079e-55
1 39 9 1  9.17915e-20 3.39433e-17 8.54475e-16 6.22885e-16 4.19922e-16
1 39 10 1  4.32844e-21 2.05599e-19 1.00127e-17 9.00528e-17 1.45905e-28
1 40 1 1  2.8166e-05 0.030743 0.0785674 0.0218272 5.80366e-11
1 40 2 1  1.90452e-15 1.40393e-14 2.73527e-13 6.60042e-12 1.79743e-46
1 40 3 1  5.94435e-16 2.68421e-14 3.02705e-13 1.2424e-12 1.36845e-72
1 40 4 1  3.70674e-20 1.36723e-17 1.31371e-16 4.61926e-17 2.66011e-17
1 40 5 1  1.00327e-15 3.39116e-13 1.05023e-11 6.36339e-12 2.81961e-12
1 40 6 1  1.15401e-14 2.06258e-13 1.12563e-11 1.35636e-14 5.02914e-128
1 40 7 1  9.58622e-16 7.93186e-13 1.88148e-12 1.16041e-12 2.48865e-31
1 40 8 1  2.38776e-21 3.15572e-19 3.03651e-17 1.37781e-16 3.433e-55
1 40 9 1  4.07601e-20 1.37844e-17 3.99033e-16 3.28146e-16 2.17859e-16
1 40 10 1  2.37946e-21 9.16931e-20 5.0248e-18 5.15328e-17 6.60089e-29
1 41 1 1  2.28886e-05 0.0247804 0.0820888 0.029096 4.59423e-11
1 41 2 1  4.66848e-15 1.30797e-14 1.74897e-13 5.2546e-12 1.3418e-46
1 41 3 1  2.99873e-16 1.68361e-14 2.92565e-13 1.44851e-12 1.07202e-72
1 41 4 1  2.51694e-20 1.05987e-17 1.27179e-16 5.43276e-17 2.97365e-17
1 41 5 1  5.24941e-16 2.543e-13 1.04659e-11 6.9195e-12 2.98013e-12
1 41 6 1  4.73307e-15 3.85782e-13 1.01751e-11 1.05765e-14 4.00422e-128
1 41 7 1  8.34369e-16 6.88011e-13 1.68391e-12 1.0212e-12 2.02942e-31
1 41 8 1  2.46223e-21 2.16187e-19 2.44315e-17 1.23575e-16 2.71082e-55
1 41 9 1  3.57823e-20 1.01181e-17 3.13764e-16 2.92924e-16 1.98933e-16
1 41 10 1  7.81242e-21 8.15952e-20 4.31943e-18 5.07069e-17 5.27052e-29
1 42 1 1  0.000114136 0.00969608 0.0380508 0.0172347 1.77187e-11
1 42 2 1  2.31299e-15 1.30066e-14 5.9941e-14 1.96983e-12 4.80574e-47
1 42 3 1  8.42449e-17 4.84151e-15 1.18478e-13 7.62639e-13 4.03978e-73
1 42 4 1  8.77015e-21 3.88278e-18 5.54506e-17 2.84448e-17 1.64267e-17
1 42 5 1  5.57075e-16 8.20852e-14 4.5498e-12 3.51056e-12 1.52816e-12
1 42 6 1  1.2042e-14 1.54193e-13 5.20492e-12 3.96616e-15 1.53514e-128
1 42 7 1  3.67667e-16 2.88513e-13 7.24263e-13 4.34226e-13 7.9843e-32
1 42 8 1  1.61447e-21 8.26689e-20 9.30285e-18 5.31266e-17 1.03907e-55
1 42 9 1  1.62941e-20 3.91702e-18 1.19736e-16 1.2502e-16 8.94919e-17
1 42 10 1  5.73446e-21 9.27805e-20 1.81848e-18 2.36179e-17 2.0416e-29
2 1 1 1  4.84679e-20 7.47629e-19 3.31515e-19 9.35554e-21 9.55607e-21
2 1 2 1  1.76401e-141 3.34679e-100 16.6959 4.58368e-43 3.66358e-31
2 1 3 1  4.68067e-29 1.18062e-15 9.03483e-16 9.05168e-16 3.22414e-73
2 1 4 1  3.07904e-22 1.09594e-19 1.59475e-35 1.34055e-19 8.35067e-32
2 1 5 1  9.22924e-16 4.9813e-25 1.56712e-15 1.22814e-16 1.31823e-18
2 1 6 1  3.5982e-14 3.92432e-56 6.86951e-15 4.17383e-15 5.71519e-129
2 1 7 1  5.79359e-69 4.05127e-15 6.78513e-15 1.78106e-15 1.18545e-32
2 1 8 1  4.73339e-20 1.43759e-18 6.69881e-19 1.11891e-20 1.57198e-54
2 1 9 1  1.63997e-38 5.34869e-20 1.1968e-18 5.99678e-19 1.37861e-30
2 1 10 1  7.14358e-19 9.19703e-19 2.67487e-19 5.01356e-20 1.04179e-20
2 2 1 1  3.67444e-20 2.18986e-19 2.08837e-19 2.90185e-20 3.88965e-21
2 2 2 1  0.727572 4.33627e-101 4.14917 2.16682 1.51511e-31
2 2 3 1  1.73253e-16 3.10214e-16 4.42273e-16 4.47259e-16 1.47609e-73
2 2 4 1  7.45303e-21 3.97364e-20 1.28501e-20 4.91754e-20 1.51009e-20
2 2 5 1  3.37901e-16 3.53163e-16 5.67318e-16 1.88166e-16 8.70835e-18
2 2 6 1  8.84234e-15 8.0121e-15 2.88381e-15 1.89297e-15 2.70175e-129
2 2 7 1  3.75701e-16 1.48294e-15 3.19738e-15 1.02115e-15 5.79883e-33
2 2 8 1  9.25809e-20 3.50157e-19 4.39259e-19 4.5416e-20 6.95244e-55
2 2 9 1  1.1847e-19 1.60665e-20 4.25789e-19 3.76462e-19 4.00194e-20
2 2 10 1  2.05068e-19 4.40096e-19 2.24953e-19 2.72555e-20 3.00264e-21
2 3 1 1  1.29629e-19 2.38548e-19 3.326e-19 9.51691e-20 5.45515e-21
2 3 2 1  0.925877 1.12757 3.65607 4.88819 2.19484e-31
2 3 3 1  6.27292e-16 4.0624e-16 6.52218e-16 7.70846e-16 2.35085e-73
2 3 4 1  2.89984e-20 5.34784e-20 3.25982e-20 6.80192e-20 4.45568e-20
2 3 5 1  3.78504e-16 7.92918e-16 8.8006e-16 4.40733e-16 5.75746e-17
2 3 6 1  1.98351e-14 1.51404e-14 6.89327e-15 2.98798e-15 4.43675e-129
2 3 7 1  1.29067e-15 2.00981e-15 5.15556e-15 1.9743e-15 9.84467e-33
2 3 8 1  1.67621e-19 3.55126e-19 6.93506e-19 1.56906e-19 1.04311e-54
2 3 9 1  3.22518e-19 1.04205e-19 5.26651e-19 6.93123e-19 1.52385e-19
2 3 10 1  1.70104e-18 5.53788e-19 4.05579e-19 5.89485e-20 2.70531e-21
2 4 1 1  8.42081e-19 1.28116e-19 1.87777e-19 8.57578e-20 2.98488e-21
2 4 2 1  1.00708 0.782147 1.72602 3.38896 1.27321e-31
2 4 3 1  6.63723e-16 3.22965e-16 3.78532e-16 5.20856e-16 1.48809e-73
2 4 4 1  2.99014e-20 3.19015e-20 2.51561e-20 3.97098e-20 4.01863e-20
2 4 5 1  1.37842e-16 5.09681e-16 5.89863e-16 3.55314e-16 7.82877e-17
2 4 6 1  1.33023e-14 1.25163e-14 6.0719e-15 1.87567e-15 2.89077e-129
2 4 7 1  1.34112e-15 1.1832e-15 3.27429e-15 1.47952e-15 6.62223e-33
2 4 8 1  9.75635e-19 1.6059e-19 3.82026e-19 1.42042e-19 5.95697e-55
2 4 9 1  2.55541e-19 1.36918e-19 2.7599e-19 4.62594e-19 1.60942e-19
2 4 10 1  2.3193e-19 1.07394e-18 2.17891e-19 3.89266e-20 8.22991e-22
2 5 1 1  6.3286e-19 6.20194e-19 2.18718e-19 1.37459e-19 3.4096e-21
2 5 2 1  2.77175 1.71812 2.04645 4.93854 1.65039e-31
2 5 3 1  1.09941e-15 6.76662e-16 5.25411e-16 7.7213e-16 2.09096e-73
2 5 4 1  6.86757e-20 4.69867e-20 3.95874e-20 5.34398e-20 7.2726e-20
2 5 5 1  1.68232e-16 6.06056e-16 8.70509e-16 6.02681e-16 1.86816e-16
2 5 6 1  1.24801e-14 2.10611e-14 1.17087e-14 2.61519e-15 4.17405e-129
2 5 7 1  2.64378e-15 1.71144e-15 4.60007e-15 2.41213e-15 9.85817e-33
2 5 8 1  6.12916e-19 7.66314e-19 4.57151e-19 2.4425e-19 7.59297e-55
2 5 9 1  4.07662e-19 2.91833e-19 3.63616e-19 6.61297e-19 3.23668e-19
2 5 10 1  9.30434e-19 8.86315e-19 6.82387e-19 5.17669e-20 5.60829e-22
2 6 1 1  3.76851e-19 5.69978e-19 2.70342e-19 1.20731e-19 2.31913e-21
2 6 2 1  5.80032 2.84699 1.94973 4.40833 1.34329e-31
2 6 3 1  1.04489e-15 7.79817e-16 5.13021e-16 7.13458e-16 1.839e-73
2 6 4 1  8.21898e-20 4.94043e-20 3.83531e-20 4.63724e-20 7.857e-20
2 6 5 1  4.0201e-16 4.56481e-16 7.67301e-16 6.17878e-16 2.48161e-16
2 6 6 1  1.08586e-14 1.78948e-14 1.36117e-14 2.2829e-15 3.77039e-129
2 6 7 1  3.02759e-15 1.67299e-15 4.05248e-15 2.42642e-15 9.17879e-33
2 6 8 1  3.17342e-19 6.05451e-19 5.0179e-19 2.44283e-19 6.13622e-55
2 6 9 1  4.06285e-19 3.35937e-19 3.37066e-19 5.88729e-19 3.75434e-19
2 6 10 1  3.32471e-19 1.02966e-18 4.42695e-19 6.44697e-20 2.11463e-22
2 7 1 1  2.24442e-19 2.80343e-19 1.88743e-19 7.78005e-20 1.05803e-21
2 7 2 1  5.93901 3.58811 1.55546 2.46227 6.77521e-32
2 7 3 1  8.77495e-16 5.07433e-16 3.28288e-16 4.10229e-16 1.00066e-73
2 7 4 1  5.7673e-20 3.36764e-20 2.35842e-20 2.54988e-20 5.11126e-20
2 7 5 1  1.50355e-16 3.44543e-16 4.0582e-16 3.78638e-16 1.89705e-16
2 7 6 1  1.18045e-14 9.52638e-15 9.03109e-15 1.23306e-15 2.10665e-129
2 7 7 1  1.99812e-15 1.06062e-15 2.22049e-15 1.49346e-15 5.28689e-33
2 7 8 1  4.05681e-19 2.51821e-19 3.00541e-19 1.5358e-19 3.05521e-55
2 7 9 1  2.69198e-19 2.26361e-19 2.08903e-19 3.30541e-19 2.58664e-19
2 7 10 1  1.39918e-19 3.85194e-19 3.03428e-19 3.22247e-20 4.84704e-23
2 8 1 1  1.45791e-19 2.47079e-19 1.85924e-19 8.56863e-20 8.04534e-22
2 8 2 1  26.3493 6.37818 2.84393 2.46107 5.77677e-32
2 8 3 1  1.1304e-15 6.37604e-16 3.58206e-16 4.02346e-16 9.16495e-74
2 8 4 1  6.185e-20 3.85982e-20 2.48814e-20 2.38807e-20 5.4249e-20
2 8 5 1  6.05578e-16 3.16882e-16 3.90158e-16 3.7887e-16 2.31434e-16
2 8 6 1  2.01073e-14 1.1409e-14 9.66568e-15 1.12144e-15 1.97887e-129
2 8 7 1  2.1655e-15 1.15026e-15 2.06465e-15 1.53176e-15 5.11452e-33
2 8 8 1  2.19392e-19 2.99773e-19 2.73416e-19 1.61099e-19 2.56192e-55
2 8 9 1  3.01405e-19 2.53876e-19 2.23203e-19 3.15896e-19 2.88739e-19
2 8 10 1  3.09567e-19 2.56421e-19 2.73835e-19 4.71272e-20 2.68507e-23
2 9 1 1  2.82444e-19 1.03742e-19 9.11172e-20 4.64557e-20 3.11363e-22
2 9 2 1  30.6351 13.5743 2.71486 1.49877 2.61175e-32
2 9 3 1  6.73209e-16 4.31822e-16 2.18913e-16 2.11203e-16 4.42521e-74
2 9 4 1  3.53873e-20 2.25333e-20 1.40268e-20 1.19645e-20 2.95839e-20
2 9 5 1  9.7398e-17 3.55021e-16 1.95986e-16 1.98007e-16 1.42668e-16
2 9 6 1  5.84546e-15 8.75195e-15 5.61008e-15 5.37989e-16 9.7816e-130
2 9 7 1  1.24744e-15 6.61155e-16 1.02174e-15 8.20602e-16 2.59866e-33
2 9 8 1  2.40548e-19 1.28406e-19 1.43506e-19 8.74134e-20 1.14236e-55
2 9 9 1  1.52421e-19 1.48069e-19 1.26192e-19 1.59995e-19 1.63993e-19
2 9 10 1  1.02568e-19 1.83632e-19 1.00647e-19 2.48506e-20 7.05426e-24
2 10 1 1  7.21365e-20 7.78247e-20 3.57939e-20 2.08483e-20 1.02464e-22
2 10 2 1  1.49182 14.2603 4.1736 0.916468 1.01741e-32
2 10 3 1  3.43857e-16 2.35277e-16 1.20614e-16 9.69543e-17 1.82155e-74
2 10 4 1  1.6845e-20 1.09998e-20 6.73929e-21 5.20411e-21 1.34853e-20
2 10 5 1  6.77836e-17 1.28573e-16 1.08676e-16 8.73019e-17 7.24268e-17
2 10 6 1  1.51849e-15 3.7524e-15 2.99781e-15 2.20255e-16 4.10693e-130
2 10 7 1  9.38679e-15 3.27059e-16 4.35581e-16 3.70886e-16 1.11693e-33
2 10 8 1  8.26015e-20 7.71481e-20 6.04754e-20 3.98735e-20 4.29369e-56
2 10 9 1  6.5429e-20 6.84613e-20 6.08649e-20 6.97338e-20 7.74382e-20
2 10 10 1  3.74118e-20 6.90634e-20 4.18947e-20 7.83344e-21 1.305e-24
2 11 1 1  1.20884e-19 5.34376e-20 2.8139e-20 1.36249e-20 5.07547e-23
2 11 2 1  9.54376 3.9759 7.82962 1.47498 6.61093e-33
2 11 3 1  3.06526e-16 2.0479e-16 1.10572e-16 7.60706e-17 1.24266e-74
2 11 4 1  1.3517e-20 8.64632e-21 5.28356e-21 3.77651e-21 9.93654e-21
2 11 5 1  5.76852e-17 9.76107e-17 8.60733e-17 6.65707e-17 5.93857e-17
2 11 6 1  9.43031e-16 2.32876e-15 2.53262e-15 1.4955e-16 2.85035e-130
2 11 7 1  5.19582e-15 1.43361e-15 3.11598e-16 2.75794e-16 7.91129e-34
2 11 8 1  3.21207e-20 5.48869e-20 4.64169e-20 2.91076e-20 2.61294e-56
2 11 9 1  5.08098e-20 5.01524e-20 4.72497e-20 5.06362e-20 5.9167e-20
2 11 10 1  3.4458e-19 4.22076e-20 2.80625e-20 4.71557e-21 4.03325e-25
2 12 1 1  4.24258e-20 4.91387e-20 1.71006e-20 7.52533e-21 2.02287e-23
2 12 2 1  1.4242 6.0725 4.17202 2.21837 3.66301e-33
2 12 3 1  2.55834e-16 1.5224e-16 8.43663e-17 5.22269e-17 7.22416e-75
2 12 4 1  8.85308e-21 5.65457e-21 3.41025e-21 2.30632e-21 6.01474e-21
2 12 5 1  2.55512e-17 6.60418e-17 5.73628e-17 4.35814e-17 4.10105e-17
2 12 6 1  1.84185e-15 1.22456e-15 1.71453e-15 8.65446e-17 1.68422e-130
2 12 7 1  2.44792e-15 1.27999e-15 2.77152e-16 1.74133e-16 4.7646e-34
2 12 8 1  4.9334e-20 2.57667e-20 2.98152e-20 1.84063e-20 1.36357e-56
2 12 9 1  3.31659e-20 3.23872e-20 3.09571e-20 3.20908e-20 3.86897e-20
2 12 10 1  3.40007e-20 1.8524e-19 1.30346e-20 2.28065e-21 9.47105e-26
2 13 1 1  6.13939e-20 1.03974e-19 4.59659e-20 1.52607e-20 2.87818e-23
2 13 2 1  1.94263 7.13184 13.9212 7.49902 7.80756e-33
2 13 3 1  3.37592e-15 4.58961e-16 2.44411e-16 1.40814e-16 1.61948e-74
2 13 4 1  2.24149e-20 1.3958e-20 8.27491e-21 5.36208e-21 1.36351e-20
2 13 5 1  7.81778e-17 1.4464e-16 1.48019e-16 1.10504e-16 1.08506e-16
2 13 6 1  3.03113e-15 3.98704e-15 4.29063e-15 1.93097e-16 3.83868e-130
2 13 7 1  4.51056e-15 3.44405e-15 9.51576e-16 4.33531e-16 1.10692e-33
2 13 8 1  8.3437e-20 8.33108e-20 6.73154e-20 4.51105e-20 2.7501e-56
2 13 9 1  8.90155e-20 8.02132e-20 7.70704e-20 7.82107e-20 9.62684e-20
2 13 10 1  2.7035e-20 2.35377e-19 1.2618e-19 2.94283e-21 6.05893e-26
2 14 1 1  2.51931e-20 3.98411e-20 2.08337e-20 6.25826e-21 7.54423e-24
2 14 2 1  6.35194 1.90336 6.01314 5.34474 3.53706e-33
2 14 3 1  1.07399e-15 8.23541e-16 1.52426e-16 8.19258e-17 7.74039e-75
2 14 4 1  2.51296e-20 7.50952e-21 4.34795e-21 2.72041e-21 6.66741e-21
2 14 5 1  5.93113e-17 7.64721e-17 7.7554e-17 6.0006e-17 6.09603e-17
2 14 6 1  7.64929e-15 2.03963e-15 2.37935e-15 9.18349e-17 1.86681e-130
2 14 7 1  1.8365e-15 1.77843e-15 6.39045e-16 2.36876e-16 5.4905e-34
2 14 8 1  2.60422e-20 3.88166e-20 3.52055e-20 2.26976e-20 1.15683e-56
2 14 9 1  5.30739e-20 4.25295e-20 3.9617e-20 3.96098e-20 4.94346e-20
2 14 10 1  2.83681e-20 5.67108e-20 5.77198e-20 3.95307e-21 9.33039e-27
2 15 1 1  1.10605e-20 1.48496e-20 7.9662e-21 2.40753e-21 1.78655e-24
2 15 2 1  2.71387 3.07986 2.17834 3.1216 1.54614e-33
2 15 3 1  3.38768e-16 4.48236e-16 1.60027e-16 4.66455e-17 3.56686e-75
2 15 4 1  1.409e-20 5.41878e-21 2.22463e-21 1.34821e-21 3.15828e-21
2 15 5 1  3.6587e-17 4.63039e-17 3.92737e-17 3.11515e-17 3.28599e-17
2 15 6 1  1.78301e-15 2.42497e-15 1.25548e-15 4.21117e-17 8.74941e-131
2 15 7 1  7.6415e-16 8.42344e-16 3.82795e-16 1.27545e-16 2.62313e-34
2 15 8 1  2.04841e-20 1.45876e-20 1.69743e-20 1.10118e-20 4.65953e-57
2 15 9 1  3.4442e-20 2.29295e-20 1.98382e-20 1.94066e-20 2.4441e-20
2 15 10 1  1.37174e-20 2.18991e-20 2.04467e-20 3.30695e-21 2.16395e-27
2 16 1 1  1.82028e-20 2.65421e-20 1.30033e-20 3.96087e-21 1.81317e-24
2 16 2 1  1.7295 7.49425 6.73826 7.53797 3.1171e-33
2 16 3 1  5.93462e-16 9.02017e-16 5.31172e-16 1.44693e-16 7.57755e-75
2 16 4 1  3.18479e-20 1.52463e-20 5.75015e-21 2.9761e-21 6.61919e-21
2 16 5 1  1.40583e-16 1.30561e-16 9.66384e-17 7.41542e-17 8.1282e-17
2 16 6 1  2.18653e-15 5.46131e-15 3.68881e-15 8.90278e-17 1.89019e-130
2 16 7 1  1.57706e-15 1.79746e-15 9.98155e-16 3.20806e-16 5.77523e-34
2 16 8 1  3.33102e-20 3.50679e-20 3.43238e-20 2.40356e-20 8.45075e-57
2 16 9 1  1.01008e-19 6.28299e-20 4.72822e-20 4.43412e-20 5.60219e-20
2 16 10 1  9.9865e-20 4.41056e-20 3.51859e-20 7.553e-21 2.36165e-27
2 17 1 1  2.01716e-20 1.61021e-20 7.65868e-21 2.17764e-21 6.17103e-25
2 17 2 1  5.01555 2.90214 6.36518 6.70414 2.20242e-33
2 17 3 1  3.96787e-16 6.06907e-16 4.96557e-16 1.61223e-16 5.66572e-75
2 17 4 1  2.38566e-20 1.37325e-20 5.39431e-21 2.42849e-21 4.87012e-21
2 17 5 1  8.52949e-17 1.53341e-16 8.73621e-17 6.26732e-17 7.0651e-17
2 17 6 1  1.22468e-15 3.61554e-15 3.52618e-15 6.62218e-17 1.43944e-130
2 17 7 1  1.21568e-15 1.3376e-15 8.79065e-16 2.86029e-16 4.48931e-34
2 17 8 1  2.93173e-19 2.45942e-20 2.60856e-20 1.8591e-20 5.51253e-57
2 17 9 1  1.12515e-19 6.33364e-20 4.21195e-20 3.63281e-20 4.55787e-20
2 17 10 1  6.94043e-20 7.77165e-20 1.90172e-20 4.31252e-21 7.42544e-28
2 18 1 1  1.07079e-21 1.91332e-22 7.84522e-23 2.13329e-23 3.64643e-27
2 18 2 1  0.246546 0.0622623 0.0598657 0.0878389 2.26557e-35
2 18 3 1  9.24182e-17 5.9361e-18 6.03975e-18 2.47046e-18 6.19676e-77
2 18 4 1  3.09611e-22 1.68886e-22 7.39094e-23 3.11422e-23 5.38668e-23
2 18 5 1  1.09774e-18 1.86239e-18 1.26913e-18 7.87813e-19 8.98253e-19
2 18 6 1  2.00749e-17 3.35771e-17 4.52331e-17 7.20218e-19 1.60619e-132
2 18 7 1  1.48926e-17 1.45885e-17 1.0988e-17 3.73321e-18 5.12298e-36
2 18 8 1  1.46161e-21 1.70747e-21 2.9938e-22 2.22293e-22 5.58397e-59
2 18 9 1  2.01191e-21 1.0064e-21 5.88521e-22 4.53554e-22 5.54046e-22
2 18 10 1  2.46896e-21 9.97022e-22 4.62506e-22 3.87854e-23 3.78993e-30
2 19 1 1  6.50075e-20 6.30509e-20 9.54721e-21 2.51632e-21 2.5478e-25
2 19 2 1  2.89816 29.0752 8.2245 11.0684 2.39864e-33
2 19 3 1  6.05496e-15 4.88129e-15 7.13321e-16 3.64029e-16 6.95215e-75
2 19 4 1  4.42094e-20 2.15371e-20 9.76532e-21 4.15019e-21 6.12362e-21
2 19 5 1  2.93936e-16 2.39614e-16 1.76759e-16 1.05125e-16 1.16789e-16
2 19 6 1  2.27288e-15 3.72139e-15 5.65382e-15 8.03604e-17 1.83645e-130
2 19 7 1  1.88789e-15 1.6723e-15 1.37824e-15 4.96086e-16 5.98431e-34
2 19 8 1  1.07855e-19 1.81894e-19 8.53126e-20 2.70557e-20 5.79356e-57
2 19 9 1  2.37331e-19 1.75218e-19 8.90174e-20 5.97478e-20 6.91812e-20
2 19 10 1  6.09498e-20 2.86817e-19 8.15721e-20 1.03836e-20 3.26661e-28
2 20 1 1  5.90405e-20 8.61909e-20 2.70165e-20 3.51314e-21 2.07838e-25
2 20 2 1  2.60801 15.7194 30.9164 17.2637 3.07951e-33
2 20 3 1  5.1193e-15 7.70512e-15 2.5946e-15 6.15715e-16 9.41169e-75
2 20 4 1  7.83392e-20 3.41627e-20 1.50606e-20 6.52861e-21 8.41723e-21
2 20 5 1  2.46515e-16 5.57904e-16 2.8989e-16 1.71066e-16 1.83317e-16
2 20 6 1  1.24748e-14 5.05517e-15 8.42819e-15 1.08241e-16 2.53016e-130
2 20 7 1  2.73128e-15 2.37083e-15 2.06015e-15 7.88153e-16 8.41154e-34
2 20 8 1  9.42965e-20 2.02139e-19 1.64017e-19 4.80191e-20 7.19948e-57
2 20 9 1  3.34662e-19 3.00269e-19 1.74301e-19 9.93435e-20 1.05385e-19
2 20 10 1  8.36015e-19 2.3056e-19 2.51434e-19 2.64837e-20 3.48805e-28
2 21 1 1  1.58975e-19 1.71472e-19 8.34244e-20 1.2861e-20 3.11058e-25
2 21 2 1  12.088 16.4769 63.626 57.5524 6.59011e-33
2 21 3 1  2.92779e-14 1.59721e-14 9.4478e-15 2.18206e-15 2.12339e-74
2 21 4 1  2.10108e-19 9.5372e-20 3.91058e-20 1.69471e-20 1.96337e-20
2 21 5 1  6.36709e-16 1.29195e-15 9.05448e-16 4.64882e-16 4.81517e-16
2 21 6 1  1.70793e-14 2.227e-14 2.0696e-14 2.42968e-16 5.80968e-130
2 21 7 1  6.41791e-15 5.62825e-15 5.0958e-15 2.07172e-15 1.97078e-33
2 21 8 1  1.7049e-18 3.45965e-19 4.2073e-19 1.45564e-19 1.49002e-56
2 21 9 1  7.80668e-19 7.89669e-19 5.38963e-19 2.9238e-19 2.72406e-19
2 21 10 1  6.88076e-19 1.86386e-18 5.80299e-19 1.25848e-19 6.17809e-28
2 22 1 1  1.31404e-19 1.359e-19 7.41516e-20 1.6266e-20 1.77303e-25
2 22 2 1  102.284 13.3125 38.2451 57.7531 4.95926e-33
2 22 3 1  1.44206e-14 1.80221e-14 9.43426e-15 2.74973e-15 1.68663e-74
2 22 4 1  1.86393e-19 9.10067e-20 3.66918e-20 1.54101e-20 1.63196e-20
2 22 5 1  3.92366e-16 1.09784e-15 8.86755e-16 4.63002e-16 4.47467e-16
2 22 6 1  8.55258e-15 1.91415e-14 1.96066e-14 1.9199e-16 4.69896e-130
2 22 7 1  5.2383e-15 4.69195e-15 4.41583e-15 1.90572e-15 1.62756e-33
2 22 8 1  6.54998e-19 8.30276e-19 3.44821e-19 1.51031e-19 1.11171e-56
2 22 9 1  6.77151e-19 6.8429e-19 5.39214e-19 3.03468e-19 2.48183e-19
2 22 10 1  4.36073e-19 1.08295e-18 9.6535e-19 1.38696e-19 3.77178e-28
2 23 1 1  1.34413e-19 7.92893e-20 4.5362e-20 1.24549e-20 7.31969e-26
2 23 2 1  7.46048 59.8241 17.8403 37.3259 2.6949e-33
2 23 3 1  5.25089e-15 1.0117e-14 7.13442e-15 2.29814e-15 9.66683e-75
2 23 4 1  1.16388e-19 6.00524e-20 2.45406e-20 1.00467e-20 9.74984e-21
2 23 5 1  8.8525e-16 5.98701e-16 5.97117e-16 3.30912e-16 3.02452e-16
2 23 6 1  1.02083e-14 1.01125e-14 1.3159e-14 1.09472e-16 2.74194e-130
2 23 7 1  3.12687e-15 2.81424e-15 2.74775e-15 1.25649e-15 9.69635e-34
2 23 8 1  2.07729e-19 4.52186e-19 3.075e-19 1.07227e-19 6.04617e-57
2 23 9 1  5.04106e-19 4.30589e-19 3.70218e-19 2.25751e-19 1.67184e-19
2 23 10 1  1.64831e-19 4.7403e-19 5.87264e-19 1.30887e-19 1.59838e-28
2 24 1 1  2.30883e-19 2.33303e-19 9.84993e-20 3.15081e-20 1.10022e-25
2 24 2 1  8.00234 57.3268 107.622 90.0493 5.74344e-33
2 24 3 1  7.59425e-15 1.95632e-14 1.90154e-14 7.28628e-15 2.16472e-74
2 24 4 1  2.76843e-19 1.5153e-19 6.397e-20 2.59639e-20 2.3216e-20
2 24 5 1  2.15043e-15 2.62411e-15 1.47795e-15 9.07577e-16 8.02789e-16
2 24 6 1  2.24965e-14 2.75657e-14 3.32771e-14 2.43965e-16 6.24406e-130
2 24 7 1  7.38813e-15 6.61519e-15 6.65251e-15 3.21243e-15 2.25172e-33
2 24 8 1  2.92947e-19 7.69576e-19 8.35897e-19 3.05454e-19 1.23967e-56
2 24 9 1  2.52777e-18 1.05758e-18 8.9402e-19 5.93668e-19 4.15231e-19
2 24 10 1  5.44575e-19 7.63109e-19 1.1503e-18 3.53792e-19 2.41683e-28
2 25 1 1  5.73602e-20 8.19371e-20 3.7387e-20 1.08517e-20 2.38962e-26
2 25 2 1  5.52116 8.87965 35.2483 41.0175 1.91272e-33
2 25 3 1  1.99249e-15 5.52318e-15 7.19772e-15 3.43024e-15 7.57528e-75
2 25 4 1  9.79941e-20 5.81161e-20 2.56582e-20 1.05113e-20 8.77117e-21
2 25 5 1  1.28314e-15 1.2574e-15 6.93896e-16 3.78361e-16 3.34525e-16
2 25 6 1  1.10826e-14 1.07825e-14 1.33074e-14 8.49619e-17 2.22236e-130
2 25 7 1  2.71693e-15 2.43427e-15 2.50941e-15 1.27718e-15 8.17479e-34
2 25 8 1  9.70116e-20 1.92029e-19 3.01239e-19 1.32725e-19 3.92917e-57
2 25 9 1  6.65028e-19 5.86305e-19 3.33366e-19 2.333e-19 1.59805e-19
2 25 10 1  1.3886e-19 2.78248e-19 3.27909e-19 1.30577e-19 5.69761e-29
2 26 1 1  5.71067e-20 8.28861e-20 4.23618e-20 1.22151e-20 1.63404e-26
2 26 2 1  52.0247 9.60171 31.6691 57.89 2.14392e-33
2 26 3 1  2.27455e-15 5.18563e-15 8.55734e-15 5.13293e-15 8.90062e-75
2 26 4 1  1.30681e-19 7.03489e-20 3.28238e-20 1.37786e-20 1.09335e-20
2 26 5 1  8.66056e-15 2.29673e-15 1.10295e-15 5.46584e-16 4.67388e-16
2 26 6 1  1.692e-14 1.56214e-14 1.78387e-14 9.93675e-17 2.65372e-130
2 26 7 1  3.36065e-15 3.01625e-15 3.16909e-15 1.69463e-15 9.94913e-34
2 26 8 1  9.94266e-20 1.76161e-19 3.3502e-19 1.85012e-19 4.19332e-57
2 26 9 1  5.8834e-19 7.28648e-19 4.87884e-19 3.01785e-19 2.06386e-19
2 26 10 1  2.08273e-19 2.80372e-19 3.58177e-19 1.54149e-19 4.6935e-29
2 27 1 1  4.67854e-20 5.41033e-20 3.13445e-20 9.09065e-21 7.36175e-27
2 27 2 1  25.2181 40.1508 18.8596 47.6692 1.52128e-33
2 27 3 1  1.69895e-15 3.22364e-15 6.16894e-15 4.61731e-15 6.57926e-75
2 27 4 1  1.04204e-19 5.59967e-20 2.56622e-20 1.11764e-20 8.61872e-21
2 27 5 1  5.92973e-15 6.87437e-15 1.17415e-15 5.10219e-16 4.11161e-16
2 27 6 1  1.81031e-14 1.46936e-14 1.53278e-14 7.3158e-17 1.98942e-130
2 27 7 1  2.66615e-15 2.36472e-15 2.51282e-15 1.40406e-15 7.5842e-34
2 27 8 1  7.1349e-20 1.05386e-19 2.24577e-19 1.52848e-19 2.78406e-57
2 27 9 1  4.36219e-19 4.89458e-19 4.12364e-19 2.51285e-19 1.65249e-19
2 27 10 1  1.08393e-19 2.2373e-19 1.91114e-19 9.00822e-20 1.9515e-29
2 28 1 1  4.99588e-20 4.01986e-20 2.60767e-20 8.68018e-21 4.26281e-27
2 28 2 1  6.89028 27.5358 27.4063 37.681 1.08171e-33
2 28 3 1  1.43874e-15 2.09995e-15 4.35218e-15 3.99648e-15 4.86259e-75
2 28 4 1  7.8923e-20 4.42264e-20 2.02834e-20 8.95763e-21 6.86337e-21
2 28 5 1  1.24746e-15 7.25163e-15 2.26013e-15 4.96516e-16 3.64184e-16
2 28 6 1  1.00805e-14 1.46835e-14 1.34109e-14 5.38653e-17 1.49001e-130
2 28 7 1  2.12527e-15 1.86431e-15 1.99084e-15 1.15768e-15 5.77125e-34
2 28 8 1  3.43116e-19 6.94447e-20 1.51884e-19 1.24656e-19 1.89607e-57
2 28 9 1  4.18885e-19 3.68089e-19 3.44243e-19 2.26845e-19 1.43751e-19
2 28 10 1  1.69012e-19 1.40883e-19 1.0978e-19 3.89913e-20 6.15922e-30
2 29 1 1  8.77612e-20 4.45812e-20 2.69242e-20 1.04138e-20 3.26789e-27
2 29 2 1  6.23916 14.3029 32.0371 41.358 9.73468e-34
2 29 3 1  1.8371e-15 1.86262e-15 3.83538e-15 4.24853e-15 4.55929e-75
2 29 4 1  8.33054e-20 4.26674e-20 1.97086e-20 8.77759e-21 6.73116e-21
2 29 5 1  1.46814e-15 5.44103e-15 3.78951e-15 8.14633e-16 4.15662e-16
2 29 6 1  1.36665e-14 1.46465e-14 1.52402e-14 5.03036e-17 1.41686e-130
2 29 7 1  2.18489e-15 1.8704e-15 2.00269e-15 1.20904e-15 5.5816e-34
2 29 8 1  1.7757e-19 2.05547e-19 1.34073e-19 1.29355e-19 1.69349e-57
2 29 9 1  4.58193e-19 3.9365e-19 3.5615e-19 2.56729e-19 1.61766e-19
2 29 10 1  2.77307e-19 1.96817e-19 9.90388e-20 2.85629e-20 3.01348e-30
2 30 1 1  4.13237e-20 4.31781e-20 1.85351e-20 7.6458e-21 1.61482e-27
2 30 2 1  5.9663 6.87418 18.6561 31.9071 6.08219e-34
2 30 3 1  1.14696e-15 1.30831e-15 2.34805e-15 3.06108e-15 2.96907e-75
2 30 4 1  8.25572e-20 3.11489e-20 1.38589e-20 6.22122e-21 4.79059e-21
2 30 5 1  2.21412e-15 3.1463e-15 3.06388e-15 9.37976e-16 3.52134e-16
2 30 6 1  6.19481e-15 1.13691e-14 1.17209e-14 3.26265e-17 9.3586e-131
2 30 7 1  1.62844e-15 1.31378e-15 1.40057e-15 8.74995e-16 3.75112e-34
2 30 8 1  2.17952e-19 1.39558e-19 1.15847e-19 9.30511e-20 1.07194e-57
2 30 9 1  2.96446e-19 2.89788e-19 2.53917e-19 1.92789e-19 1.24179e-19
2 30 10 1  1.3535e-19 2.1593e-19 8.59165e-20 1.85018e-20 1.20787e-30
2 31 1 1  2.80545e-20 4.09716e-20 1.90402e-20 6.78309e-21 9.83938e-28
2 31 2 1  19.903 7.54716 14.9125 33.9339 5.51524e-34
2 31 3 1  1.01145e-15 1.27414e-15 2.13236e-15 3.14404e-15 2.80471e-75
2 31 4 1  1.01916e-19 3.99126e-20 1.54741e-20 6.87106e-21 5.32503e-21
2 31 5 1  8.91956e-16 3.80267e-15 3.23263e-15 1.33178e-15 4.65509e-16
2 31 6 1  5.13977e-15 1.06488e-14 1.31085e-14 3.06972e-17 8.96614e-131
2 31 7 1  1.7717e-15 1.36093e-15 1.42424e-15 9.16856e-16 3.6578e-34
2 31 8 1  1.52056e-19 1.83887e-19 1.30883e-19 9.78389e-20 9.65852e-58
2 31 9 1  3.00457e-19 2.87001e-19 2.60464e-19 2.03013e-19 1.35097e-19
2 31 10 1  4.08578e-20 2.01262e-19 1.27709e-19 1.97113e-20 7.01705e-31
2 32 1 1  4.17669e-20 6.68817e-20 3.49767e-20 1.12787e-20 1.07046e-27
2 32 2 1  9.12704 41.0252 25.9548 68.3057 9.87712e-34
2 32 3 1  2.29212e-15 2.36719e-15 3.86756e-15 6.3073e-15 5.24458e-75
2 32 4 1  1.78921e-19 1.0252e-19 3.78001e-20 1.57054e-20 1.2177e-20
2 32 5 1  1.19575e-15 6.07748e-15 7.02143e-15 3.34406e-15 1.24427e-15
2 32 6 1  9.34491e-14 1.90575e-14 2.80883e-14 5.7157e-17 1.702e-130
2 32 7 1  4.08633e-15 2.82842e-15 2.87972e-15 1.90236e-15 7.0791e-34
2 32 8 1  1.91011e-19 3.40006e-19 3.03512e-19 2.0227e-19 1.69235e-57
2 32 9 1  5.60284e-19 5.54882e-19 5.10304e-19 4.10323e-19 2.82473e-19
2 32 10 1  9.12374e-20 2.28939e-19 2.75825e-19 4.89765e-20 8.03993e-31
2 33 1 1  2.19895e-20 3.66859e-20 2.24299e-20 7.21926e-21 4.32533e-28
2 33 2 1  57.8508 13.6204 26.2959 45.4799 5.9557e-34
2 33 3 1  2.17989e-14 1.5944e-15 2.37184e-15 4.22407e-15 3.30467e-75
2 33 4 1  1.06346e-19 7.72487e-20 3.29889e-20 1.28881e-20 9.72031e-21
2 33 5 1  4.8106e-15 3.141e-15 4.71524e-15 2.69774e-15 1.10257e-15
2 33 6 1  4.07195e-14 3.89631e-14 1.97344e-14 3.5858e-17 1.08918e-130
2 33 7 1  3.27325e-15 2.03752e-15 1.97258e-15 1.32995e-15 4.62402e-34
2 33 8 1  8.6733e-20 1.85824e-19 2.23266e-19 1.46184e-19 1.01648e-57
2 33 9 1  4.82351e-19 3.49885e-19 3.29571e-19 2.72327e-19 1.94412e-19
2 33 10 1  6.62753e-20 1.13542e-19 1.60028e-19 4.15246e-20 3.38381e-31
2 34 1 1  3.88969e-20 4.94553e-20 3.42508e-20 1.23092e-20 4.65143e-28
2 34 2 1  37.2932 94.1626 38.0884 78.751 8.82238e-34
2 34 3 1  2.22427e-14 1.6272e-14 3.63395e-15 6.90397e-15 5.12095e-75
2 34 4 1  1.5819e-19 1.32533e-19 6.71527e-20 2.70617e-20 1.94537e-20
2 34 5 1  1.38434e-14 9.807e-15 7.33841e-15 5.0721e-15 2.34711e-15
2 34 6 1  1.12044e-13 7.50569e-14 4.29473e-14 5.5317e-17 1.71491e-130
2 34 7 1  6.49321e-15 3.72235e-15 3.35053e-15 2.28744e-15 7.43992e-34
2 34 8 1  1.65247e-19 2.38227e-19 3.74999e-19 2.63541e-19 1.51754e-57
2 34 9 1  1.78909e-18 6.43535e-19 5.34733e-19 4.5446e-19 3.36771e-19
2 34 10 1  1.39466e-19 1.68385e-19 2.26861e-19 8.06575e-20 3.8881e-31
2 35 1 1  1.13635e-19 4.27708e-20 3.00655e-20 1.20725e-20 2.99314e-28
2 35 2 1  4.04332 57.9145 73.0358 76.1265 7.50523e-34
2 35 3 1  1.48974e-14 1.78653e-14 6.66145e-15 6.4537e-15 4.56498e-75
2 35 4 1  1.44809e-19 1.23625e-19 7.23914e-20 3.18315e-20 2.23682e-20
2 35 5 1  9.73756e-15 1.66202e-14 7.90799e-15 5.22692e-15 2.79325e-15
2 35 6 1  1.28662e-13 9.81925e-14 5.1731e-14 4.90826e-17 1.55417e-130
2 35 7 1  6.64389e-15 4.01438e-15 3.31128e-15 2.26568e-15 6.89862e-34
2 35 8 1  3.25111e-19 2.00213e-19 3.37802e-19 2.68077e-19 1.2939e-57
2 35 9 1  1.50542e-18 1.05275e-18 5.37061e-19 4.4624e-19 3.43627e-19
2 35 10 1  1.00609e-19 1.77357e-19 1.94641e-19 8.18852e-20 2.63036e-31
2 36 1 1  2.60984e-19 7.30879e-20 3.05779e-20 1.36641e-20 2.30583e-28
2 36 2 1  37.4709 19.5147 73.0137 85.4029 6.51588e-34
2 36 3 1  9.90391e-15 1.62158e-14 9.39076e-15 6.58076e-15 4.14935e-75
2 36 4 1  1.44845e-18 1.17983e-19 7.58305e-20 3.69899e-20 2.65192e-20
2 36 5 1  4.25809e-14 1.7566e-14 1.0371e-14 5.54945e-15 3.28321e-15
2 36 6 1  7.45993e-14 1.22447e-13 6.51406e-14 4.44125e-17 1.43552e-130
2 36 7 1  6.62266e-15 4.36344e-15 3.37912e-15 2.28725e-15 6.51713e-34
2 36 8 1  2.62852e-19 2.61349e-19 3.05223e-19 2.71678e-19 1.11993e-57
2 36 9 1  1.23385e-18 1.23561e-18 6.99763e-19 4.6597e-19 3.68439e-19
2 36 10 1  7.74909e-20 1.52897e-19 2.07534e-19 9.22855e-20 2.08407e-31
2 37 1 1  2.66704e-19 1.34019e-19 3.53506e-20 1.38088e-20 1.63857e-28
2 37 2 1  4.5829 33.3795 44.7631 81.5551 4.9442e-34
2 37 3 1  1.50164e-13 1.15959e-14 9.57037e-15 6.15627e-15 3.28757e-75
2 37 4 1  9.19482e-19 3.7571e-19 6.84052e-20 3.6657e-20 2.78172e-20
2 37 5 1  3.77007e-14 3.89669e-14 1.08457e-14 5.4313e-15 3.29097e-15
2 37 6 1  7.53404e-14 9.84822e-14 7.14698e-14 3.50408e-17 1.15446e-130
2 37 7 1  5.60142e-15 4.05185e-15 3.0334e-15 2.01066e-15 5.35287e-34
2 37 8 1  1.59784e-19 2.32481e-19 2.64904e-19 2.38251e-19 8.519e-58
2 37 9 1  8.89277e-19 1.06901e-18 7.54288e-19 4.49777e-19 3.41718e-19
2 37 10 1  1.13972e-19 1.08535e-19 1.90513e-19 9.84798e-20 1.58664e-31
2 38 1 1  2.49791e-19 1.86502e-19 5.96504e-20 1.61961e-20 1.29519e-28
2 38 2 1  5.99418 12.7086 42.019 79.3623 4.15641e-34
2 38 3 1  7.33674e-14 6.30369e-14 9.58413e-15 6.47889e-15 2.88317e-75
2 38 4 1  6.58145e-19 4.64246e-19 1.26521e-19 3.89976e-20 3.20173e-20
2 38 5 1  5.70375e-15 5.13817e-14 1.81065e-14 5.99848e-15 3.63125e-15
2 38 6 1  3.64291e-14 9.44744e-14 7.98185e-14 3.06056e-17 1.02708e-130
2 38 7 1  5.15664e-15 4.0797e-15 3.03136e-15 1.95793e-15 4.86017e-34
2 38 8 1  9.94016e-20 1.97679e-19 2.60701e-19 2.34604e-19 7.28001e-58
2 38 9 1  6.45159e-19 9.22818e-19 7.93352e-19 4.81749e-19 3.41764e-19
2 38 10 1  7.39798e-20 1.32635e-19 1.82124e-19 1.13997e-19 1.36462e-31
2 39 1 1  1.14058e-19 1.39428e-19 6.14993e-20 1.50884e-20 7.10896e-29
2 39 2 1  3.71456 5.51921 19.1171 50.2285 2.29026e-34
2 39 3 1  2.41298e-14 4.11027e-14 1.45752e-14 4.4349e-15 1.66259e-75
2 39 4 1  3.13196e-19 3.04776e-19 1.21803e-19 3.48447e-20 2.39015e-20
2 39 5 1  2.02841e-14 2.18907e-14 1.74418e-14 5.03916e-15 2.6392e-15
2 39 6 1  4.49905e-14 4.87354e-14 5.64458e-14 1.75723e-17 6.01348e-131
2 39 7 1  3.07391e-15 2.65372e-15 1.99995e-15 1.25905e-15 2.90805e-34
2 39 8 1  4.45361e-20 1.00674e-19 1.65213e-19 1.54355e-19 4.15581e-58
2 39 9 1  3.26965e-19 4.9275e-19 5.09188e-19 3.37155e-19 2.27205e-19
2 39 10 1  4.43844e-20 7.24218e-20 1.26076e-19 8.47144e-20 7.8944e-32
2 40 1 1  7.56693e-20 1.02193e-19 6.6216e-20 1.83457e-20 4.87795e-29
2 40 2 1  3.37818 3.62533 10.2915 36.3982 1.51073e-34
2 40 3 1  1.00138e-14 2.51287e-14 1.59319e-14 4.42961e-15 1.15017e-75
2 40 4 1  1.81834e-19 2.18303e-19 1.16545e-19 3.88313e-20 2.23581e-20
2 40 5 1  7.96704e-15 2.20512e-14 1.42759e-14 5.37487e-15 2.36987e-15
2 40 6 1  1.31392e-13 3.92752e-14 4.49851e-14 1.21013e-17 4.22697e-131
2 40 7 1  2.28323e-15 2.03922e-15 1.58374e-15 9.75318e-16 2.0917e-34
2 40 8 1  2.71862e-20 6.00904e-20 1.21352e-19 1.22927e-19 2.88542e-58
2 40 9 1  2.25538e-19 3.10845e-19 3.6938e-19 2.75914e-19 1.8311e-19
2 40 10 1  3.79019e-20 5.0173e-20 9.82849e-20 7.53059e-20 5.54802e-32
2 41 1 1  6.00786e-20 8.04798e-20 6.75942e-20 2.38932e-20 3.7727e-29
2 41 2 1  8.09053 3.29992 6.42934 28.3108 1.10187e-34
2 41 3 1  4.93555e-15 1.53993e-14 1.50445e-14 5.04581e-15 8.80327e-76
2 41 4 1  1.20631e-19 1.65338e-19 1.10234e-19 4.46206e-20 2.44191e-20
2 41 5 1  4.07279e-15 1.61561e-14 1.38995e-14 5.7103e-15 2.44723e-15
2 41 6 1  5.26508e-14 7.17718e-14 3.973e-14 9.21942e-18 3.2882e-131
2 41 7 1  1.94163e-15 1.72818e-15 1.38487e-15 8.38598e-16 1.66652e-34
2 41 8 1  2.73899e-20 4.022e-20 9.53957e-20 1.07719e-19 2.22608e-58
2 41 9 1  1.93445e-19 2.22926e-19 2.83774e-19 2.4064e-19 1.6336e-19
2 41 10 1  1.21583e-19 4.36217e-20 8.25467e-20 7.23964e-20 4.32806e-32
2 42 1 1  2.05789e-19 2.1631e-20 2.15224e-20 9.72177e-21 9.99474e-30
2 42 2 1  2.75344 2.25408 1.51359 7.29024 2.71082e-35
2 42 3 1  9.52451e-16 3.04186e-15 4.18498e-15 1.82486e-15 2.27876e-76
2 42 4 1  2.88732e-20 4.16069e-20 3.30146e-20 1.60479e-20 9.26598e-21
2 42 5 1  2.9689e-15 3.58223e-15 4.15063e-15 1.99004e-15 8.62006e-16
2 42 6 1  9.20153e-14 1.9705e-14 1.39602e-14 2.37482e-18 8.65944e-132
2 42 7 1  5.87709e-16 4.97805e-16 4.09154e-16 2.44938e-16 4.50378e-35
2 42 8 1  1.23365e-20 1.05646e-20 2.49514e-20 3.18107e-20 5.86116e-59
2 42 9 1  6.05088e-20 5.92813e-20 7.43865e-20 7.05493e-20 5.04805e-20
2 42 10 1  6.13029e-20 3.40718e-20 2.38716e-20 2.31628e-20 1.15163e-32
3 1 1 1  2.16602e-20 3.34114e-19 1.48153e-19 4.18097e-21 4.27058e-21
3 1 2 1  7.8833e-157 1.49567e-115 7.46138e-15 2.04844e-58 1.63725e-46
3 1 3 1  2.09178e-14 0.527615 0.403764 0.404517 1.44086e-58
3 1 4 1  1.37602e-22 4.89771e-20 7.12691e-36 5.99089e-20 3.73189e-32
3 1 5 1  4.12453e-16 2.22613e-25 7.00344e-16 5.48855e-17 5.89115e-19
3 1 6 1  1.60803e-14 1.75377e-56 3.06997e-15 1.86527e-15 2.5541e-129
3 1 7 1  2.58914e-69 1.8105e-15 3.03226e-15 7.95952e-16 5.29773e-33
3 1 8 1  2.11534e-20 6.42457e-19 2.99368e-19 5.00037e-21 7.02512e-55
3 1 9 1  7.32897e-39 2.39032e-20 5.34848e-19 2.67995e-19 6.16099e-31
3 1 10 1  3.19245e-19 4.11013e-19 1.19539e-19 2.24055e-20 4.65573e-21
3 2 1 1  1.85377e-20 1.10479e-19 1.05359e-19 1.46399e-20 1.96234e-21
3 2 2 1  3.67063e-16 2.18767e-116 2.09327e-15 1.09317e-15 7.64379e-47
3 2 3 1  0.0874068 0.156504 0.223129 0.225644 7.44695e-59
3 2 4 1  3.76008e-21 2.00472e-20 6.48292e-21 2.48092e-20 7.61845e-21
3 2 5 1  1.70473e-16 1.78172e-16 2.86214e-16 9.49303e-17 4.3934e-18
3 2 6 1  4.46099e-15 4.04214e-15 1.4549e-15 9.55009e-16 1.36305e-129
3 2 7 1  1.89543e-16 7.4815e-16 1.61309e-15 5.15175e-16 2.92553e-33
3 2 8 1  4.67074e-20 1.76655e-19 2.21608e-19 2.29126e-20 3.50753e-55
3 2 9 1  5.97687e-20 8.10559e-21 2.14812e-19 1.89926e-19 2.019e-20
3 2 10 1  1.03458e-19 2.2203e-19 1.1349e-19 1.37505e-20 1.51485e-21
3 3 1 1  5.40333e-20 9.94342e-20 1.38638e-19 3.96694e-20 2.27387e-21
3 3 2 1  3.85934e-16 4.70004e-16 1.52396e-15 2.03755e-15 9.14878e-47
3 3 3 1  0.261474 0.169333 0.271864 0.321312 9.79906e-59
3 3 4 1  1.20874e-20 2.22914e-20 1.35879e-20 2.83525e-20 1.85726e-20
3 3 5 1  1.57772e-16 3.30512e-16 3.66836e-16 1.83711e-16 2.39989e-17
3 3 6 1  8.26786e-15 6.31097e-15 2.87332e-15 1.24548e-15 1.84937e-129
3 3 7 1  5.3799e-16 8.37748e-16 2.14899e-15 8.2295e-16 4.10356e-33
3 3 8 1  6.98695e-20 1.48027e-19 2.89075e-19 6.54032e-20 4.34801e-55
3 3 9 1  1.34435e-19 4.34358e-20 2.19524e-19 2.88915e-19 6.35185e-20
3 3 10 1  7.09045e-19 2.30836e-19 1.69058e-19 2.45715e-20 1.12766e-21
3 4 1 1  5.97995e-19 9.09802e-20 1.33348e-19 6.08999e-20 2.11968e-21
3 4 2 1  7.15165e-16 5.55433e-16 1.22571e-15 2.40663e-15 9.04155e-47
3 4 3 1  0.471336 0.22935 0.26881 0.36988 1.05675e-58
3 4 4 1  2.12342e-20 2.26545e-20 1.78644e-20 2.81995e-20 2.85379e-20
3 4 5 1  9.78869e-17 3.61945e-16 4.18885e-16 2.52323e-16 5.55952e-17
3 4 6 1  9.4465e-15 8.8883e-15 4.31189e-15 1.33199e-15 2.05285e-129
3 4 7 1  9.52379e-16 8.40233e-16 2.3252e-15 1.05066e-15 4.70271e-33
3 4 8 1  6.92837e-19 1.14041e-19 2.71292e-19 1.00869e-19 4.23027e-55
3 4 9 1  1.81469e-19 9.72308e-20 1.95992e-19 3.28506e-19 1.14291e-19
3 4 10 1  1.64703e-19 7.62649e-19 1.54733e-19 2.76433e-20 5.84438e-22
3 5 1 1  2.19069e-18 2.14684e-18 7.57106e-19 4.75825e-19 1.18026e-20
3 5 2 1  9.59461e-15 5.94739e-15 7.08394e-15 1.70951e-14 5.71293e-46
3 5 3 1  3.8057 2.34231 1.81875 2.67278 7.23801e-58
3 5 4 1  2.37726e-19 1.62648e-19 1.37035e-19 1.84986e-19 2.51746e-19
3 5 5 1  5.82346e-16 2.09791e-15 3.01333e-15 2.08622e-15 6.46677e-16
3 5 6 1  4.32006e-14 7.29044e-14 4.05305e-14 9.05264e-15 1.44488e-128
3 5 7 1  9.15163e-15 5.92428e-15 1.59235e-14 8.34977e-15 3.41247e-32
3 5 8 1  2.12165e-18 2.65265e-18 1.58246e-18 8.45487e-19 2.62836e-54
3 5 9 1  1.41115e-18 1.0102e-18 1.25868e-18 2.28913e-18 1.1204e-18
3 5 10 1  3.22076e-18 3.06804e-18 2.36213e-18 1.79195e-19 1.94135e-21
3 6 1 1  1.68135e-18 2.543e-18 1.20616e-18 5.38653e-19 1.0347e-20
3 6 2 1  2.58786e-14 1.27021e-14 8.69889e-15 1.96681e-14 5.99322e-46
3 6 3 1  4.66186 3.47922 2.28889 3.18315 8.20485e-58
3 6 4 1  3.66697e-19 2.20422e-19 1.71116e-19 2.06894e-19 3.50547e-19
3 6 5 1  1.7936e-15 2.03663e-15 3.42338e-15 2.75672e-15 1.10719e-15
3 6 6 1  4.84466e-14 7.98391e-14 6.07298e-14 1.01854e-14 1.68219e-128
3 6 7 1  1.35078e-14 7.4642e-15 1.80805e-14 1.08257e-14 4.09519e-32
3 6 8 1  1.41585e-18 2.70127e-18 2.23878e-18 1.08989e-18 2.73773e-54
3 6 9 1  1.81267e-18 1.49881e-18 1.50385e-18 2.62666e-18 1.67503e-18
3 6 10 1  1.48335e-18 4.59393e-18 1.97512e-18 2.87637e-19 9.43461e-22
3 7 1 1  1.26729e-18 1.58293e-18 1.06572e-18 4.39295e-19 5.97411e-21
3 7 2 1  3.35342e-14 2.026e-14 8.78278e-15 1.3903e-14 3.82557e-46
3 7 3 1  4.95471 2.86518 1.85365 2.31633 5.65016e-58
3 7 4 1  3.25646e-19 1.90151e-19 1.33166e-19 1.43977e-19 2.88603e-19
3 7 5 1  8.48966e-16 1.94543e-15 2.29143e-15 2.13795e-15 1.07115e-15
3 7 6 1  6.6653e-14 5.379e-14 5.09933e-14 6.96241e-15 1.1895e-128
3 7 7 1  1.12822e-14 5.9887e-15 1.25379e-14 8.43272e-15 2.9852e-32
3 7 8 1  2.29065e-18 1.42189e-18 1.69698e-18 8.67178e-19 1.7251e-54
3 7 9 1  1.52e-18 1.27813e-18 1.17955e-18 1.86637e-18 1.46053e-18
3 7 10 1  7.90035e-19 2.17497e-18 1.71329e-18 1.81954e-19 2.73684e-22
3 8 1 1  7.89825e-19 1.33855e-18 1.00724e-18 4.64206e-19 4.35856e-21
3 8 2 1  1.42747e-13 3.45538e-14 1.5407e-14 1.33329e-14 3.12956e-46
3 8 3 1  6.12396 3.45422 1.94058 2.17971 4.96512e-58
3 8 4 1  3.35073e-19 2.09106e-19 1.34795e-19 1.29374e-19 2.93894e-19
3 8 5 1  3.28072e-15 1.71671e-15 2.11368e-15 2.05253e-15 1.25379e-15
3 8 6 1  1.08932e-13 6.18085e-14 5.23639e-14 6.07542e-15 1.07205e-128
3 8 7 1  1.17316e-14 6.23152e-15 1.11852e-14 8.2983e-15 2.77079e-32
3 8 8 1  1.18856e-18 1.62402e-18 1.48123e-18 8.72755e-19 1.38792e-54
3 8 9 1  1.63286e-18 1.37537e-18 1.2092e-18 1.71137e-18 1.56424e-18
3 8 10 1  1.67708e-18 1.38916e-18 1.4835e-18 2.55312e-19 1.45463e-22
3 9 1 1  3.58728e-18 1.31762e-18 1.15727e-18 5.90027e-19 3.95457e-21
3 9 2 1  3.89092e-13 1.72405e-13 3.4481e-14 1.90356e-14 3.31714e-46
3 9 3 1  8.55033 5.4845 2.78037 2.68246 5.62039e-58
3 9 4 1  4.49449e-19 2.86192e-19 1.78153e-19 1.51959e-19 3.75741e-19
3 9 5 1  1.23704e-15 4.50906e-15 2.48919e-15 2.51486e-15 1.81201e-15
3 9 6 1  7.42424e-14 1.11157e-13 7.12527e-14 6.83292e-15 1.24235e-128
3 9 7 1  1.58436e-14 8.39724e-15 1.2977e-14 1.04223e-14 3.30052e-32
3 9 8 1  3.05517e-18 1.63087e-18 1.82265e-18 1.11022e-18 1.4509e-54
3 9 9 1  1.93588e-18 1.8806e-18 1.60275e-18 2.03208e-18 2.08285e-18
3 9 10 1  1.3027e-18 2.33228e-18 1.2783e-18 3.15624e-19 8.95951e-23
3 10 1 1  1.34901e-18 1.45538e-18 6.69372e-19 3.89878e-19 1.91616e-21
3 10 2 1  2.78982e-14 2.66679e-13 7.80494e-14 1.71386e-14 1.90263e-46
3 10 3 1  6.43039 4.39985 2.25557 1.81312 3.40643e-58
3 10 4 1  3.15014e-19 2.05704e-19 1.2603e-19 9.73208e-20 2.52186e-19
3 10 5 1  1.26761e-15 2.40441e-15 2.03233e-15 1.63261e-15 1.35444e-15
3 10 6 1  2.8397e-14 7.01727e-14 5.60613e-14 4.11894e-15 7.68026e-129
3 10 7 1  1.7554e-13 6.11625e-15 8.1457e-15 6.93584e-15 2.08874e-32
3 10 8 1  1.54471e-18 1.44273e-18 1.13094e-18 7.45665e-19 8.02952e-55
3 10 9 1  1.22357e-18 1.28028e-18 1.13822e-18 1.30408e-18 1.44815e-18
3 10 10 1  6.99629e-19 1.29154e-18 7.83463e-19 1.46491e-19 2.44044e-23
3 11 1 1  3.69959e-18 1.63543e-18 8.61178e-19 4.16982e-19 1.55332e-21
3 11 2 1  2.92082e-13 1.2168e-13 2.39621e-13 4.51411e-14 2.02324e-46
3 11 3 1  9.38106 6.2675 3.38399 2.3281 3.80309e-58
3 11 4 1  4.13681e-19 2.64616e-19 1.617e-19 1.15578e-19 3.04103e-19
3 11 5 1  1.76543e-15 2.98732e-15 2.63423e-15 2.03736e-15 1.81747e-15
3 11 6 1  2.8861e-14 7.12704e-14 7.75095e-14 4.5769e-15 8.72334e-129
3 11 7 1  1.59015e-13 4.3875e-14 9.53631e-15 8.44052e-15 2.42121e-32
3 11 8 1  9.83036e-19 1.67978e-18 1.42056e-18 8.90823e-19 7.99675e-55
3 11 9 1  1.55501e-18 1.53489e-18 1.44605e-18 1.54969e-18 1.81077e-18
3 11 10 1  1.05457e-17 1.29174e-18 8.58837e-19 1.44318e-19 1.23435e-23
3 12 1 1  3.33903e-19 3.86735e-19 1.34586e-19 5.92264e-20 1.59205e-22
3 12 2 1  1.12088e-14 4.77923e-14 3.2835e-14 1.74592e-14 2.88289e-47
3 12 3 1  2.01348 1.19817 0.663986 0.41104 5.68562e-59
3 12 4 1  6.96762e-20 4.4503e-20 2.68396e-20 1.81514e-20 4.73377e-20
3 12 5 1  2.01095e-16 5.19768e-16 4.51461e-16 3.42998e-16 3.22764e-16
3 12 6 1  1.44959e-14 9.63759e-15 1.34938e-14 6.8113e-16 1.32553e-129
3 12 7 1  1.92658e-14 1.00738e-14 2.18126e-15 1.37048e-15 3.74987e-33
3 12 8 1  3.88272e-19 2.02791e-19 2.34654e-19 1.44863e-19 1.07316e-55
3 12 9 1  2.61025e-19 2.54897e-19 2.43641e-19 2.52564e-19 3.04499e-19
3 12 10 1  2.67595e-19 1.45789e-18 1.02586e-19 1.79494e-20 7.45398e-25
3 13 1 1  7.41012e-19 1.25494e-18 5.548e-19 1.84193e-19 3.47391e-22
3 13 2 1  2.34472e-14 8.608e-14 1.68027e-13 9.05118e-14 9.42358e-47
3 13 3 1  40.7468 5.53957 2.94999 1.6996 1.95468e-58
3 13 4 1  2.70543e-19 1.68471e-19 9.98766e-20 6.47193e-20 1.64573e-19
3 13 5 1  9.43591e-16 1.74578e-15 1.78656e-15 1.33376e-15 1.30965e-15
3 13 6 1  3.65852e-14 4.81228e-14 5.17871e-14 2.33064e-15 4.63321e-129
3 13 7 1  5.44416e-14 4.1569e-14 1.14853e-14 5.23264e-15 1.33604e-32
3 13 8 1  1.00707e-18 1.00555e-18 8.12484e-19 5.44475e-19 3.31932e-55
3 13 9 1  1.0744e-18 9.68158e-19 9.30225e-19 9.43988e-19 1.16194e-18
3 13 10 1  3.26307e-19 2.84096e-18 1.52297e-18 3.55194e-20 7.31301e-25
3 14 1 1  2.11711e-19 3.34806e-19 1.75076e-19 5.25915e-20 6.33982e-23
3 14 2 1  5.33788e-14 1.59949e-14 5.05317e-14 4.49147e-14 2.97238e-47
3 14 3 1  9.02534 6.92066 1.28092 0.688466 6.50467e-59
3 14 4 1  2.11177e-19 6.31066e-20 3.65381e-20 2.28611e-20 5.60299e-20
3 14 5 1  4.98425e-16 6.42637e-16 6.51728e-16 5.04263e-16 5.12282e-16
3 14 6 1  6.42811e-14 1.71401e-14 1.9995e-14 7.71738e-16 1.56878e-129
3 14 7 1  1.54331e-14 1.49451e-14 5.37024e-15 1.9906e-15 4.61396e-33
3 14 8 1  2.18847e-19 3.26196e-19 2.9585e-19 1.9074e-19 9.72143e-56
3 14 9 1  4.46008e-19 3.57399e-19 3.32923e-19 3.32862e-19 4.15426e-19
3 14 10 1  2.38392e-19 4.76571e-19 4.8505e-19 3.32198e-20 7.84083e-26
3 15 1 1  1.17723e-19 1.58052e-19 8.47884e-20 2.56246e-20 1.90152e-23
3 15 2 1  2.88852e-14 3.27805e-14 2.31853e-14 3.32249e-14 1.64564e-47
3 15 3 1  3.60569 4.77081 1.70325 0.496472 3.7964e-59
3 15 4 1  1.49967e-19 5.76749e-20 2.36779e-20 1.43497e-20 3.36152e-20
3 15 5 1  3.89414e-16 4.92836e-16 4.1801e-16 3.31562e-16 3.49745e-16
3 15 6 1  1.89775e-14 2.58103e-14 1.33627e-14 4.48217e-16 9.31246e-130
3 15 7 1  8.13325e-15 8.96551e-15 4.07429e-15 1.35753e-15 2.79193e-33
3 15 8 1  2.18023e-19 1.55263e-19 1.80667e-19 1.17205e-19 4.95938e-56
3 15 9 1  3.66584e-19 2.44051e-19 2.11148e-19 2.06555e-19 2.60138e-19
3 15 10 1  1.46001e-19 2.33084e-19 2.17625e-19 3.51976e-20 2.30321e-26
3 16 1 1  5.89571e-20 8.59671e-20 4.21163e-20 1.28288e-20 5.87265e-24
3 16 2 1  5.60167e-15 2.42731e-14 2.18245e-14 2.44147e-14 1.00959e-47
3 16 3 1  1.92216 2.92154 1.72041 0.468644 2.45429e-59
3 16 4 1  1.03152e-19 4.93811e-20 1.86241e-20 9.63926e-21 2.14388e-20
3 16 5 1  4.55335e-16 4.22873e-16 3.13002e-16 2.40177e-16 2.63264e-16
3 16 6 1  7.08193e-15 1.76886e-14 1.19477e-14 2.88352e-16 6.12212e-130
3 16 7 1  5.10794e-15 5.82179e-15 3.23292e-15 1.03906e-15 1.87053e-33
3 16 8 1  1.07888e-19 1.13581e-19 1.11171e-19 7.78488e-20 2.73711e-56
3 16 9 1  3.27154e-19 2.03499e-19 1.53142e-19 1.43617e-19 1.81449e-19
3 16 10 1  3.23452e-19 1.42853e-19 1.13964e-19 2.44634e-20 7.64914e-27
3 17 1 1  1.09404e-18 8.73326e-19 4.15382e-19 1.18108e-19 3.34696e-23
3 17 2 1  2.72027e-13 1.57403e-13 3.45226e-13 3.63611e-13 1.19452e-46
3 17 3 1  21.5204 32.9167 26.9316 8.74418 3.0729e-58
3 17 4 1  1.2939e-18 7.44808e-19 2.9257e-19 1.31713e-19 2.64139e-19
3 17 5 1  4.62612e-15 8.31671e-15 4.73823e-15 3.39919e-15 3.83188e-15
3 17 6 1  6.64229e-14 1.96095e-13 1.91248e-13 3.59165e-15 7.80707e-129
3 17 7 1  6.59346e-14 7.25471e-14 4.76776e-14 1.55133e-14 2.43485e-32
3 17 8 1  1.59007e-17 1.33391e-18 1.4148e-18 1.00831e-18 2.98982e-55
3 17 9 1  6.10246e-18 3.43516e-18 2.28442e-18 1.97032e-18 2.47204e-18
3 17 10 1  3.76426e-18 4.21509e-18 1.03143e-18 2.33897e-19 4.02732e-26
3 18 1 1  2.97861e-19 5.32226e-20 2.18229e-20 5.93414e-21 1.01432e-24
3 18 2 1  6.85812e-14 1.73194e-14 1.66528e-14 2.4434e-14 6.3021e-48
3 18 3 1  25.7078 1.65124 1.68007 0.687204 1.72374e-59
3 18 4 1  8.6124e-20 4.69787e-20 2.05593e-20 8.66279e-21 1.4984e-20
3 18 5 1  3.05357e-16 5.18057e-16 3.53033e-16 2.19145e-16 2.49866e-16
3 18 6 1  5.58422e-15 9.34008e-15 1.25824e-14 2.00342e-16 4.46793e-130
3 18 7 1  4.14265e-15 4.05808e-15 3.05652e-15 1.03846e-15 1.42505e-33
3 18 8 1  4.06574e-19 4.74964e-19 8.32782e-20 6.18348e-20 1.55328e-56
3 18 9 1  5.59652e-19 2.7995e-19 1.63708e-19 1.26165e-19 1.54118e-19
3 18 10 1  6.86787e-19 2.7734e-19 1.28655e-19 1.07889e-20 1.05424e-27
3 19 1 1  7.00304e-20 6.79226e-20 1.02849e-20 2.71075e-21 2.74466e-25
3 19 2 1  3.12209e-15 3.13217e-14 8.85998e-15 1.19236e-14 2.58398e-48
3 19 3 1  6.52281 5.25845 0.768437 0.392156 7.48932e-60
3 19 4 1  4.76253e-20 2.32012e-20 1.05199e-20 4.47086e-21 6.59677e-21
3 19 5 1  3.16647e-16 2.58128e-16 1.90417e-16 1.13247e-16 1.25813e-16
3 19 6 1  2.4485e-15 4.00892e-15 6.09067e-15 8.65696e-17 1.97834e-130
3 19 7 1  2.03376e-15 1.80152e-15 1.48473e-15 5.34416e-16 6.4467e-34
3 19 8 1  1.16188e-19 1.95948e-19 9.19044e-20 2.91462e-20 6.24121e-57
3 19 9 1  2.55669e-19 1.88756e-19 9.58954e-20 6.43643e-20 7.45266e-20
3 19 10 1  6.56592e-20 3.08978e-19 8.78749e-20 1.11859e-20 3.51901e-28
3 20 1 1  2.43582e-20 3.55596e-20 1.11461e-20 1.44941e-21 8.5747e-26
3 20 2 1  1.07598e-15 6.48532e-15 1.27551e-14 7.12245e-15 1.2705e-48
3 20 3 1  2.11206 3.17888 1.07045 0.254024 3.88296e-60
3 20 4 1  3.23202e-20 1.40944e-20 6.21351e-21 2.69349e-21 3.47268e-21
3 20 5 1  1.01704e-16 2.30173e-16 1.19599e-16 7.05764e-17 7.56307e-17
3 20 6 1  5.14671e-15 2.0856e-15 3.4772e-15 4.46567e-17 1.04386e-130
3 20 7 1  1.12684e-15 9.78128e-16 8.49953e-16 3.25166e-16 3.47033e-34
3 20 8 1  3.89037e-20 8.33958e-20 6.76681e-20 1.98111e-20 2.97027e-57
3 20 9 1  1.38071e-19 1.23881e-19 7.19109e-20 4.09859e-20 4.34784e-20
3 20 10 1  3.44913e-19 9.51216e-20 1.03734e-19 1.09263e-20 1.43906e-28
3 21 1 1  1.26644e-20 1.36599e-20 6.64581e-21 1.02454e-21 2.47797e-26
3 21 2 1  9.62965e-16 1.31259e-15 5.06861e-15 4.58478e-15 5.24986e-49
3 21 3 1  2.33235 1.27238 0.752637 0.173828 1.69155e-60
3 21 4 1  1.67377e-20 7.59758e-21 3.11527e-21 1.35005e-21 1.56407e-21
3 21 5 1  5.07219e-17 1.0292e-16 7.21304e-17 3.70337e-17 3.83589e-17
3 21 6 1  1.36059e-15 1.77409e-15 1.6487e-15 1.93555e-17 4.62814e-131
3 21 7 1  5.11268e-16 4.48361e-16 4.05945e-16 1.65039e-16 1.56997e-34
3 21 8 1  1.35817e-19 2.75605e-20 3.35165e-20 1.1596e-20 1.18699e-57
3 21 9 1  6.21901e-20 6.29071e-20 4.29352e-20 2.32918e-20 2.17006e-20
3 21 10 1  5.48139e-20 1.4848e-19 4.62281e-20 1.00254e-20 4.92163e-29
3 22 1 1  4.85433e-20 5.02043e-20 2.73931e-20 6.00897e-21 6.54991e-26
3 22 2 1  3.77857e-14 4.9179e-15 1.41285e-14 2.13351e-14 1.83205e-48
3 22 3 1  5.32727 6.65772 3.4852 1.01581 6.23076e-60
3 22 4 1  6.88571e-20 3.36197e-20 1.35547e-20 5.6928e-21 6.02877e-21
3 22 5 1  1.44948e-16 4.05564e-16 3.27585e-16 1.71042e-16 1.65303e-16
3 22 6 1  3.15949e-15 7.07125e-15 7.24305e-15 7.09248e-17 1.73589e-130
3 22 7 1  1.93513e-15 1.7333e-15 1.63129e-15 7.04012e-16 6.01251e-34
3 22 8 1  2.41969e-19 3.0672e-19 1.27384e-19 5.57938e-20 4.10689e-57
3 22 9 1  2.50153e-19 2.5279e-19 1.99196e-19 1.12107e-19 9.16837e-20
3 22 10 1  1.61094e-19 4.00063e-19 3.5662e-19 5.12371e-20 1.39337e-28
3 23 1 1  2.8117e-20 1.6586e-20 9.489e-21 2.60537e-21 1.53116e-26
3 23 2 1  1.56061e-15 1.25142e-14 3.7319e-15 7.80797e-15 5.63729e-49
3 23 3 1  1.0984 2.11631 1.4924 0.480733 2.02214e-60
3 23 4 1  2.43466e-20 1.2562e-20 5.13349e-21 2.10161e-21 2.03951e-21
3 23 5 1  1.8518e-16 1.25238e-16 1.24907e-16 6.92214e-17 6.3268e-17
3 23 6 1  2.13541e-15 2.11537e-15 2.75266e-15 2.28997e-17 5.73569e-131
3 23 7 1  6.5409e-16 5.88693e-16 5.74785e-16 2.62837e-16 2.02832e-34
3 23 8 1  4.34535e-20 9.459e-20 6.4324e-20 2.24301e-20 1.26476e-57
3 23 9 1  1.05451e-19 9.00723e-20 7.74435e-20 4.72233e-20 3.49721e-20
3 23 10 1  3.448e-20 9.91595e-20 1.22846e-19 2.73795e-20 3.34356e-29
3 24 1 1  3.59408e-21 3.63175e-21 1.5333e-21 4.90475e-22 1.71267e-27
3 24 2 1  1.2457e-16 8.92386e-16 1.67531e-15 1.40177e-15 8.94061e-50
3 24 3 1  0.118217 0.304534 0.296006 0.113423 3.36974e-61
3 24 4 1  4.30953e-21 2.35881e-21 9.95799e-22 4.04171e-22 3.61396e-22
3 24 5 1  3.3475e-17 4.08485e-17 2.30068e-17 1.41279e-17 1.24967e-17
3 24 6 1  3.50195e-16 4.29105e-16 5.18013e-16 3.79771e-18 9.71991e-132
3 24 7 1  1.15009e-16 1.02976e-16 1.03557e-16 5.00068e-17 3.50518e-35
3 24 8 1  4.5602e-21 1.19797e-20 1.30121e-20 4.75489e-21 1.92975e-58
3 24 9 1  3.93489e-20 1.6463e-20 1.39169e-20 9.24142e-21 6.46376e-21
3 24 10 1  8.4772e-21 1.18791e-20 1.79064e-20 5.50736e-21 3.76219e-30
3 25 1 1  9.19306e-21 1.3132e-20 5.99196e-21 1.73919e-21 3.82981e-27
3 25 2 1  8.84869e-16 1.42313e-15 5.6492e-15 6.57383e-15 3.06549e-49
3 25 3 1  0.319334 0.885193 1.15357 0.54976 1.21408e-60
3 25 4 1  1.57054e-20 9.31419e-21 4.11221e-21 1.68464e-21 1.40574e-21
3 25 5 1  2.05648e-16 2.01523e-16 1.1121e-16 6.06395e-17 5.36139e-17
3 25 6 1  1.7762e-15 1.7281e-15 2.13276e-15 1.36167e-17 3.56176e-131
3 25 7 1  4.3544e-16 3.90137e-16 4.0218e-16 2.04692e-16 1.31016e-34
3 25 8 1  1.55479e-20 3.07763e-20 4.82793e-20 2.12716e-20 6.29724e-58
3 25 9 1  1.06583e-19 9.39664e-20 5.34282e-20 3.73907e-20 2.56118e-20
3 25 10 1  2.22549e-20 4.45945e-20 5.25537e-20 2.09274e-20 9.1315e-30
3 26 1 1  1.67119e-20 2.42561e-20 1.23969e-20 3.57468e-21 4.78191e-27
3 26 2 1  1.52247e-14 2.80988e-15 9.26777e-15 1.69412e-14 6.27404e-49
3 26 3 1  0.665633 1.51754 2.50425 1.50212 2.60471e-60
3 26 4 1  3.8243e-20 2.05871e-20 9.60568e-21 4.03223e-21 3.19961e-21
3 26 5 1  2.53446e-15 6.72125e-16 3.2277e-16 1.59954e-16 1.36778e-16
3 26 6 1  4.95153e-15 4.57149e-15 5.22037e-15 2.90793e-17 7.76595e-131
3 26 7 1  9.83473e-16 8.82686e-16 9.27414e-16 4.95922e-16 2.91155e-34
3 26 8 1  2.90966e-20 5.15525e-20 9.80414e-20 5.41425e-20 1.22715e-57
3 26 9 1  1.72174e-19 2.13234e-19 1.42776e-19 8.83154e-20 6.03975e-20
3 26 10 1  6.09498e-20 8.20491e-20 1.04818e-19 4.51107e-20 1.37352e-29
3 27 1 1  2.14847e-20 2.48452e-20 1.43939e-20 4.17458e-21 3.38065e-27
3 27 2 1  1.15806e-14 1.8438e-14 8.66067e-15 2.18905e-14 6.98597e-49
3 27 3 1  0.780186 1.48035 2.83288 2.12035 3.02131e-60
3 27 4 1  4.78522e-20 2.57147e-20 1.17845e-20 5.13238e-21 3.95787e-21
3 27 5 1  2.72304e-15 3.15683e-15 5.3919e-16 2.34302e-16 1.88812e-16
3 27 6 1  8.31327e-15 6.74757e-15 7.03881e-15 3.35954e-17 9.13576e-131
3 27 7 1  1.22434e-15 1.08592e-15 1.15393e-15 6.4477e-16 3.4828e-34
3 27 8 1  3.27647e-20 4.83953e-20 1.03129e-19 7.01906e-20 1.27849e-57
3 27 9 1  2.00319e-19 2.24768e-19 1.89365e-19 1.15394e-19 7.58854e-20
3 27 10 1  4.9776e-20 1.02741e-19 8.77629e-20 4.13673e-20 8.96163e-30
3 28 1 1  6.5857e-21 5.29908e-21 3.4375e-21 1.14424e-21 5.61934e-28
3 28 2 1  9.08294e-16 3.62984e-15 3.61277e-15 4.9672e-15 1.42594e-49
3 28 3 1  0.189658 0.276821 0.573715 0.526826 6.40999e-61
3 28 4 1  1.04038e-20 5.83003e-21 2.67381e-21 1.18082e-21 9.04748e-22
3 28 5 1  1.64444e-16 9.55928e-16 2.97936e-16 6.5452e-17 4.80077e-17
3 28 6 1  1.32884e-15 1.93562e-15 1.76786e-15 7.10066e-18 1.96418e-131
3 28 7 1  2.80158e-16 2.45758e-16 2.62437e-16 1.52609e-16 7.60781e-35
3 28 8 1  4.52305e-20 9.15438e-21 2.00217e-20 1.64325e-20 2.49945e-58
3 28 9 1  5.52185e-20 4.85224e-20 4.5379e-20 2.99032e-20 1.89496e-20
3 28 10 1  2.22796e-20 1.85716e-20 1.44714e-20 5.13994e-21 8.11924e-31
3 29 1 1  2.89365e-20 1.46993e-20 8.87743e-21 3.43362e-21 1.07748e-27
3 29 2 1  2.05717e-15 4.71593e-15 1.05632e-14 1.36365e-14 3.20971e-49
3 29 3 1  0.605725 0.61414 1.2646 1.40082 1.50329e-60
3 29 4 1  2.74674e-20 1.40683e-20 6.49829e-21 2.89414e-21 2.21939e-21
3 29 5 1  4.84074e-16 1.79401e-15 1.24947e-15 2.686e-16 1.37051e-16
3 29 6 1  4.50611e-15 4.82923e-15 5.02498e-15 1.65861e-17 4.67165e-131
3 29 7 1  7.204e-16 6.16705e-16 6.60324e-16 3.98642e-16 1.84036e-34
3 29 8 1  5.85481e-20 6.77729e-20 4.42064e-20 4.26507e-20 5.58377e-58
3 29 9 1  1.51075e-19 1.29794e-19 1.17429e-19 8.46485e-20 5.33372e-20
3 29 10 1  9.14335e-20 6.48943e-20 3.2655e-20 9.41774e-21 9.93601e-31
3 30 1 1  2.78474e-20 2.90971e-20 1.24905e-20 5.15239e-21 1.0882e-27
3 30 2 1  4.0206e-15 4.63241e-15 1.25721e-14 2.15018e-14 4.0987e-49
3 30 3 1  0.77292 0.881649 1.58232 2.06282 2.00081e-60
3 30 4 1  5.56341e-20 2.09908e-20 9.3393e-21 4.19239e-21 3.22831e-21
3 30 5 1  1.49207e-15 2.12024e-15 2.0647e-15 6.32088e-16 2.37298e-16
3 30 6 1  4.17459e-15 7.66146e-15 7.89854e-15 2.19865e-17 6.30663e-131
3 30 7 1  1.09738e-15 8.85338e-16 9.43821e-16 5.89646e-16 2.52783e-34
3 30 8 1  1.46875e-19 9.4046e-20 7.80676e-20 6.27058e-20 7.22367e-58
3 30 9 1  1.9977e-19 1.95284e-19 1.71111e-19 1.29918e-19 8.36822e-20
3 30 10 1  9.12104e-20 1.45512e-19 5.78979e-20 1.24681e-20 8.13967e-31
3 31 1 1  1.43128e-20 2.09029e-20 9.71395e-21 3.4606e-21 5.01985e-28
3 31 2 1  1.01541e-14 3.85041e-15 7.60808e-15 1.73124e-14 2.81376e-49
3 31 3 1  0.516021 0.650041 1.08789 1.60403 1.43091e-60
3 31 4 1  5.19954e-20 2.03626e-20 7.89459e-21 3.50548e-21 2.71672e-21
3 31 5 1  4.55058e-16 1.94005e-15 1.64922e-15 6.7945e-16 2.37493e-16
3 31 6 1  2.62221e-15 5.43283e-15 6.68767e-15 1.56611e-17 4.57434e-131
3 31 7 1  9.03885e-16 6.94321e-16 7.26617e-16 4.67762e-16 1.86614e-34
3 31 8 1  7.75762e-20 9.38155e-20 6.67738e-20 4.99155e-20 4.92758e-58
3 31 9 1  1.53287e-19 1.46422e-19 1.32884e-19 1.03573e-19 6.89235e-20
3 31 10 1  2.08448e-20 1.0268e-19 6.51545e-20 1.00563e-20 3.57996e-31
3 32 1 1  4.35051e-21 6.9665e-21 3.64323e-21 1.1748e-21 1.11501e-28
3 32 2 1  9.50687e-16 4.27325e-15 2.70349e-15 7.11483e-15 1.02882e-49
3 32 3 1  0.238751 0.24657 0.40285 0.656978 5.46284e-61
3 32 4 1  1.86367e-20 1.06787e-20 3.93732e-21 1.6359e-21 1.26837e-21
3 32 5 1  1.24551e-16 6.3304e-16 7.31363e-16 3.48322e-16 1.29605e-16
3 32 6 1  9.7338e-15 1.98505e-15 2.92572e-15 5.95356e-18 1.77283e-131
3 32 7 1  4.25638e-16 2.94612e-16 2.99956e-16 1.98153e-16 7.37369e-35
3 32 8 1  1.9896e-20 3.54156e-20 3.16143e-20 2.10687e-20 1.76278e-58
3 32 9 1  5.836e-20 5.77974e-20 5.3154e-20 4.27398e-20 2.94228e-20
3 32 10 1  9.50343e-21 2.38466e-20 2.87304e-20 5.10147e-21 8.37451e-32
3 33 1 1  7.71369e-22 1.2869e-21 7.86815e-22 2.53244e-22 1.51728e-29
3 33 2 1  2.02934e-15 4.7779e-16 9.22433e-16 1.59538e-15 2.08919e-50
3 33 3 1  0.76468 0.0559299 0.0832015 0.148176 1.15924e-61
3 33 4 1  3.73049e-21 2.7098e-21 1.15721e-21 4.52099e-22 3.40978e-22
3 33 5 1  1.6875e-16 1.10183e-16 1.65406e-16 9.46336e-17 3.8677e-17
3 33 6 1  1.42839e-15 1.36678e-15 6.92261e-16 1.25786e-18 3.82073e-132
3 33 7 1  1.14822e-16 7.14738e-17 6.91959e-17 4.66532e-17 1.62205e-35
3 33 8 1  3.0425e-21 6.51851e-21 7.83194e-21 5.12799e-21 3.56569e-59
3 33 9 1  1.69204e-20 1.22736e-20 1.1561e-20 9.55294e-21 6.81974e-21
3 33 10 1  2.32486e-21 3.98291e-21 5.61359e-21 1.45664e-21 1.187e-32
3 34 1 1  6.06451e-22 7.71069e-22 5.34012e-22 1.91915e-22 7.25215e-30
3 34 2 1  5.81447e-16 1.46811e-15 5.93844e-16 1.22782e-15 1.37552e-50
3 34 3 1  0.34679 0.2537 0.0566578 0.107641 7.9842e-62
3 34 4 1  2.46638e-21 2.06636e-21 1.04699e-21 4.21924e-22 3.03306e-22
3 34 5 1  2.15835e-16 1.52903e-16 1.14415e-16 7.90802e-17 3.65943e-17
3 34 6 1  1.7469e-15 1.17023e-15 6.69601e-16 8.6246e-19 2.67376e-132
3 34 7 1  1.01237e-16 5.8036e-17 5.22389e-17 3.56639e-17 1.15997e-35
3 34 8 1  2.57641e-21 3.71425e-21 5.84669e-21 4.10892e-21 2.36603e-59
3 34 9 1  2.78941e-20 1.00335e-20 8.33714e-21 7.08558e-21 5.25068e-21
3 34 10 1  2.17444e-21 2.62533e-21 3.53704e-21 1.25755e-21 6.06202e-33
3 35 1 1  1.77479e-21 6.68006e-22 4.6957e-22 1.88552e-22 4.67475e-30
3 35 2 1  6.31496e-17 9.04524e-16 1.14069e-15 1.18896e-15 1.17219e-50
3 35 3 1  0.232671 0.279024 0.10404 0.100796 7.12971e-62
3 35 4 1  2.26166e-21 1.93081e-21 1.13063e-21 4.97152e-22 3.49351e-22
3 35 5 1  1.52084e-16 2.59578e-16 1.23509e-16 8.16353e-17 4.36256e-17
3 35 6 1  2.00947e-15 1.53359e-15 8.07948e-16 7.66585e-19 2.42734e-132
3 35 7 1  1.03766e-16 6.26977e-17 5.17164e-17 3.53859e-17 1.07744e-35
3 35 8 1  5.07767e-21 3.12698e-21 5.27588e-21 4.18689e-21 2.02085e-59
3 35 9 1  2.3512e-20 1.64421e-20 8.38795e-21 6.96949e-21 5.36686e-21
3 35 10 1  1.57134e-21 2.77e-21 3.03995e-21 1.2789e-21 4.10816e-33
3 36 1 1  5.92254e-20 1.65859e-20 6.93909e-21 3.10081e-21 5.23265e-29
3 36 2 1  8.50332e-15 4.42849e-15 1.65691e-14 1.93806e-14 1.47866e-49
3 36 3 1  2.24751 3.67987 2.13106 1.49338 9.41618e-61
3 36 4 1  3.28699e-19 2.6774e-20 1.72083e-20 8.39417e-21 6.01803e-21
3 36 5 1  9.66295e-15 3.98627e-15 2.35351e-15 1.25934e-15 7.45063e-16
3 36 6 1  1.69289e-14 2.77871e-14 1.47824e-14 1.00786e-17 3.25764e-131
3 36 7 1  1.50289e-15 9.90201e-16 7.66829e-16 5.19048e-16 1.47894e-34
3 36 8 1  5.96493e-20 5.93082e-20 6.92646e-20 6.16522e-20 2.54147e-58
3 36 9 1  2.8e-19 2.80399e-19 1.58798e-19 1.05743e-19 8.36103e-20
3 36 10 1  1.75851e-20 3.4697e-20 4.70961e-20 2.09425e-20 4.72942e-32
3 37 1 1  6.27438e-20 3.15288e-20 8.31645e-21 3.24861e-21 3.85483e-29
3 37 2 1  1.07816e-15 7.85274e-15 1.05308e-14 1.91864e-14 1.16316e-49
3 37 3 1  35.3271 2.728 2.25149 1.4483 7.73423e-61
3 37 4 1  2.16314e-19 8.83883e-20 1.60928e-20 8.62381e-21 6.54418e-21
3 37 5 1  8.86933e-15 9.16721e-15 2.55152e-15 1.27775e-15 7.74222e-16
3 37 6 1  1.77243e-14 2.31686e-14 1.68137e-14 8.24357e-18 2.71595e-131
3 37 7 1  1.31777e-15 9.53223e-16 7.13627e-16 4.73021e-16 1.2593e-34
3 37 8 1  3.75902e-20 5.46927e-20 6.23203e-20 5.605e-20 2.00415e-58
3 37 9 1  2.09208e-19 2.51492e-19 1.77451e-19 1.05813e-19 8.03913e-20
3 37 10 1  2.68127e-20 2.55335e-20 4.48194e-20 2.3168e-20 3.73269e-32
3 38 1 1  1.96628e-20 1.46809e-20 4.6955e-21 1.2749e-21 1.01953e-29
3 38 2 1  4.71844e-16 1.00038e-15 3.30761e-15 6.24716e-15 3.2718e-50
3 38 3 1  5.77526 4.96207 0.754434 0.509998 2.26955e-61
3 38 4 1  5.18072e-20 3.6544e-20 9.95936e-21 3.06978e-21 2.52031e-21
3 38 5 1  4.48982e-16 4.04461e-15 1.42529e-15 4.72182e-16 2.85841e-16
3 38 6 1  2.86759e-15 7.43674e-15 6.28307e-15 2.40918e-18 8.08484e-132
3 38 7 1  4.05915e-16 3.21142e-16 2.38619e-16 1.54123e-16 3.82578e-35
3 38 8 1  7.82459e-21 1.55607e-20 2.05216e-20 1.84673e-20 5.7306e-59
3 38 9 1  5.0785e-20 7.26414e-20 6.24503e-20 3.79218e-20 2.69026e-20
3 38 10 1  5.82346e-21 1.04406e-20 1.43363e-20 8.97349e-21 1.07419e-32
3 39 1 1  9.32634e-21 1.14008e-20 5.02869e-21 1.23375e-21 5.81288e-30
3 39 2 1  3.03733e-16 4.51297e-16 1.56317e-15 4.1071e-15 1.87271e-50
3 39 3 1  1.97305 3.3609 1.19179 0.362634 1.35947e-61
3 39 4 1  2.56095e-20 2.4921e-20 9.95963e-21 2.84919e-21 1.95438e-21
3 39 5 1  1.6586e-15 1.78996e-15 1.42618e-15 4.12044e-16 2.15803e-16
3 39 6 1  3.6788e-15 3.98501e-15 4.61548e-15 1.43686e-18 4.91712e-132
3 39 7 1  2.51348e-16 2.16991e-16 1.63533e-16 1.02951e-16 2.37786e-35
3 39 8 1  3.64164e-21 8.23192e-21 1.35092e-20 1.26213e-20 3.39814e-59
3 39 9 1  2.67354e-20 4.02913e-20 4.16355e-20 2.75686e-20 1.85782e-20
3 39 10 1  3.62924e-21 5.92181e-21 1.0309e-20 6.92695e-21 6.45512e-33
3 40 1 1  1.01433e-20 1.36987e-20 8.87612e-21 2.4592e-21 6.53879e-30
3 40 2 1  4.52837e-16 4.85968e-16 1.37956e-15 4.87909e-15 2.02511e-50
3 40 3 1  1.34232 3.36845 2.13564 0.59378 1.54178e-61
3 40 4 1  2.43744e-20 2.92631e-20 1.56226e-20 5.20525e-21 2.99706e-21
3 40 5 1  1.06796e-15 2.95591e-15 1.91365e-15 7.2049e-16 3.17676e-16
3 40 6 1  1.76128e-14 5.26476e-15 6.03016e-15 1.62215e-18 5.66616e-132
3 40 7 1  3.06062e-16 2.73353e-16 2.12297e-16 1.30739e-16 2.80388e-35
3 40 8 1  3.64425e-21 8.05499e-21 1.6267e-20 1.64781e-20 3.86785e-59
3 40 9 1  3.02329e-20 4.16681e-20 4.95146e-20 3.69857e-20 2.45455e-20
3 40 10 1  5.08067e-21 6.72558e-21 1.31749e-20 1.00946e-20 7.437e-33
3 41 1 1  6.19936e-21 8.30452e-21 6.97488e-21 2.46548e-21 3.89296e-30
3 41 2 1  8.34843e-16 3.4051e-16 6.63428e-16 2.92133e-15 1.13699e-50
3 41 3 1  0.509288 1.58902 1.5524 0.520665 9.08388e-62
3 41 4 1  1.24477e-20 1.70609e-20 1.13748e-20 4.60429e-21 2.51975e-21
3 41 5 1  4.20261e-16 1.6671e-15 1.43426e-15 5.89233e-16 2.52524e-16
3 41 6 1  5.43291e-15 7.40596e-15 4.09965e-15 9.5133e-19 3.39301e-132
3 41 7 1  2.00352e-16 1.78327e-16 1.42902e-16 8.65329e-17 1.71965e-35
3 41 8 1  2.8263e-21 4.15021e-21 9.84365e-21 1.11152e-20 2.29704e-59
3 41 9 1  1.99611e-20 2.30032e-20 2.92819e-20 2.4831e-20 1.68568e-20
3 41 10 1  1.25459e-20 4.50122e-21 8.51779e-21 7.47041e-21 4.46603e-33
3 42 1 1  1.84193e-20 1.9361e-21 1.92638e-21 8.70155e-22 8.94587e-31
3 42 2 1  2.46449e-16 2.01753e-16 1.35475e-16 6.52519e-16 2.42634e-51
3 42 3 1  0.0852499 0.272264 0.37458 0.163335 2.03962e-62
3 42 4 1  2.58432e-21 3.72406e-21 2.955e-21 1.43638e-21 8.29359e-22
3 42 5 1  2.65734e-16 3.2063e-16 3.71506e-16 1.7812e-16 7.71545e-17
3 42 6 1  8.23591e-15 1.76371e-15 1.24952e-15 2.12561e-19 7.7507e-133
3 42 7 1  5.26034e-17 4.45564e-17 3.66216e-17 2.19234e-17 4.03115e-36
3 42 8 1  1.10419e-21 9.45596e-22 2.23329e-21 2.84724e-21 5.24608e-60
3 42 9 1  5.41589e-21 5.30602e-21 6.65803e-21 6.31457e-21 4.5183e-21
3 42 10 1  5.48697e-21 3.04963e-21 2.13665e-21 2.07321e-21 1.03077e-33
4 1 1 1  3.12359e-43 1.10049e-15 4.87979e-16 1.37711e-17 1.40662e-17
4 1 2 1  1.13684e-179 2.15689e-138 1.076e-37 2.95402e-81 5.39268e-43
4 1 3 1  3.01653e-52 7.60867e-39 5.82263e-39 1.33238e-12 4.74583e-70
4 1 4 1  1.98433e-30 0.161318 2.34743e-17 0.197325 1.22919e-13
4 1 5 1  5.94793e-39 3.21027e-48 2.30676e-12 1.80779e-13 1.9404e-15
4 1 6 1  2.31892e-37 2.52909e-79 1.01117e-11 6.14374e-12 8.41258e-126
4 1 7 1  3.73377e-92 5.96335e-12 9.98749e-12 2.62167e-12 1.74494e-29
4 1 8 1  3.0505e-43 9.26479e-42 9.86043e-16 1.647e-17 2.3139e-51
4 1 9 1  1.0569e-61 3.44705e-43 1.76165e-15 8.82707e-16 2.02927e-27
4 1 10 1  4.60379e-42 5.92716e-42 1.72386e-42 7.3798e-17 1.53348e-17
4 2 1 1  3.70264e-43 5.04007e-16 4.80649e-16 6.67874e-17 8.95221e-18
4 2 2 1  7.33158e-39 4.36956e-139 4.18102e-38 2.18345e-38 3.4871e-43
4 2 3 1  1.74583e-39 3.12596e-39 4.45668e-39 1.02939e-12 3.3973e-70
4 2 4 1  7.51024e-29 0.0914553 0.0295751 0.113179 0.0347554
4 2 5 1  3.40495e-39 3.55874e-39 1.30571e-12 4.33072e-13 2.00427e-14
4 2 6 1  8.91022e-38 8.07361e-38 6.63724e-12 4.35675e-12 6.21822e-126
4 2 7 1  3.78585e-39 3.41306e-12 7.35893e-12 2.35023e-12 1.33463e-29
4 2 8 1  9.32916e-43 3.52845e-42 1.01098e-15 1.04527e-16 1.60014e-51
4 2 9 1  1.1938e-42 1.61898e-43 9.79973e-16 8.66444e-16 9.21066e-17
4 2 10 1  2.06642e-42 4.43474e-42 2.2668e-42 6.27298e-17 6.91073e-18
4 3 1 1  5.93849e-43 2.49603e-16 3.48013e-16 9.95793e-17 5.70795e-18
4 3 2 1  4.24158e-39 5.16554e-39 1.6749e-38 2.23935e-38 2.29655e-43
4 3 3 1  2.87371e-39 1.86104e-39 2.98791e-39 8.06567e-13 2.45979e-70
4 3 4 1  1.32846e-28 0.0559566 0.0341088 0.0711712 0.0466216
4 3 5 1  1.73398e-39 3.63247e-39 9.20842e-13 4.61157e-13 6.02427e-14
4 3 6 1  9.08673e-38 6.93602e-38 7.2127e-12 3.12644e-12 4.64235e-126
4 3 7 1  5.91274e-39 2.10294e-12 5.39447e-12 2.06579e-12 1.03009e-29
4 3 8 1  7.67896e-43 1.62688e-42 7.25643e-16 1.64177e-16 1.09145e-51
4 3 9 1  1.4775e-42 4.77378e-43 5.51056e-16 7.25242e-16 1.59446e-16
4 3 10 1  7.79271e-42 2.53698e-42 1.85802e-42 6.16802e-17 2.83067e-18
4 4 1 1  4.93839e-42 1.71607e-16 2.5152e-16 1.14869e-16 3.99813e-18
4 4 2 1  5.90601e-39 4.58691e-39 1.01222e-38 1.98746e-38 1.70541e-43
4 4 3 1  3.89241e-39 1.89403e-39 2.2199e-39 6.97668e-13 1.99324e-70
4 4 4 1  1.75357e-28 0.0427309 0.0336957 0.0531898 0.0538281
4 4 5 1  8.08375e-40 2.98903e-39 7.90099e-13 4.7593e-13 1.04863e-13
4 4 6 1  7.80116e-38 7.34019e-38 8.13308e-12 2.51239e-12 3.87207e-126
4 4 7 1  7.86499e-39 1.58485e-12 4.38579e-12 1.98176e-12 8.87023e-30
4 4 8 1  5.72162e-42 9.4178e-43 5.1171e-16 1.90259e-16 7.97913e-52
4 4 9 1  1.49862e-42 8.02957e-43 3.69679e-16 6.19627e-16 2.15576e-16
4 4 10 1  1.36016e-42 6.29815e-42 1.27782e-42 5.21407e-17 1.10237e-18
4 5 1 1  2.27417e-42 5.09028e-16 1.79514e-16 1.12821e-16 2.79845e-18
4 5 2 1  9.96024e-39 6.17402e-39 7.35389e-39 1.77465e-38 1.35456e-43
4 5 3 1  3.95072e-39 2.43157e-39 1.88805e-39 6.3373e-13 1.71617e-70
4 5 4 1  2.46785e-28 0.0385646 0.0324916 0.0438611 0.0596903
4 5 5 1  6.04538e-40 2.17785e-39 7.14476e-13 4.94654e-13 1.53331e-13
4 5 6 1  4.48468e-38 7.56826e-38 9.60999e-12 2.14643e-12 3.42588e-126
4 5 7 1  9.50038e-39 1.40468e-12 3.77553e-12 1.97977e-12 8.09115e-30
4 5 8 1  2.2025e-42 2.75373e-42 3.75209e-16 2.00469e-16 6.23198e-52
4 5 9 1  1.46493e-42 1.0487e-42 2.9844e-16 5.42764e-16 2.65652e-16
4 5 10 1  3.3435e-42 3.18495e-42 2.45214e-42 4.2488e-17 4.60303e-19
4 6 1 1  9.66437e-43 3.33857e-16 1.5835e-16 7.07169e-17 1.3584e-18
4 6 2 1  1.4875e-38 7.30112e-39 5.0001e-39 1.13052e-38 7.86818e-44
4 6 3 1  2.67963e-39 1.99985e-39 1.31565e-39 4.17899e-13 1.07717e-70
4 6 4 1  2.10776e-28 0.028938 0.0224648 0.0271621 0.0460214
4 6 5 1  1.03096e-39 1.17065e-39 4.49437e-13 3.61914e-13 1.45357e-13
4 6 6 1  2.7847e-38 4.58913e-38 7.97289e-12 1.33718e-12 2.20846e-126
4 6 7 1  7.76427e-39 9.79935e-13 2.37369e-12 1.42125e-12 5.37636e-30
4 6 8 1  8.13826e-43 1.55269e-42 2.93917e-16 1.43086e-16 3.59421e-52
4 6 9 1  1.04192e-42 8.61514e-43 1.97432e-16 3.44841e-16 2.19906e-16
4 6 10 1  8.52625e-43 2.64058e-42 1.1353e-42 3.77623e-17 1.23862e-19
4 7 1 1  9.86032e-43 2.81304e-16 1.8939e-16 7.80672e-17 1.06166e-18
4 7 2 1  2.60916e-38 1.57635e-38 6.83355e-39 1.08174e-38 6.79844e-44
4 7 3 1  3.85507e-39 2.22929e-39 1.44225e-39 4.11636e-13 1.00409e-70
4 7 4 1  2.53373e-28 0.0337919 0.0236651 0.0255862 0.0512878
4 7 5 1  6.60548e-40 1.51367e-39 4.07212e-13 3.79936e-13 1.90355e-13
4 7 6 1  5.18601e-38 4.18519e-38 9.06205e-12 1.23729e-12 2.11387e-126
4 7 7 1  8.77826e-39 1.06425e-12 2.22811e-12 1.49858e-12 5.30501e-30
4 7 8 1  1.78226e-42 1.10631e-42 3.01571e-16 1.54106e-16 3.06568e-52
4 7 9 1  1.18266e-42 9.94466e-43 2.09619e-16 3.31674e-16 2.59551e-16
4 7 10 1  6.14695e-43 1.69226e-42 1.33304e-42 3.23352e-17 4.86365e-20
4 8 1 1  1.08736e-42 4.20899e-16 3.16721e-16 1.45966e-16 1.37052e-18
4 8 2 1  1.96522e-37 4.75707e-38 2.1211e-38 1.83555e-38 9.84071e-44
4 8 3 1  8.43094e-39 4.75547e-39 2.67162e-39 6.85395e-13 1.56125e-70
4 8 4 1  4.61299e-28 0.0657519 0.0423854 0.0406807 0.0924131
4 8 5 1  4.51661e-39 2.36342e-39 6.64633e-13 6.45404e-13 3.94247e-13
4 8 6 1  1.49967e-37 8.50927e-38 1.64655e-11 1.91037e-12 3.37101e-126
4 8 7 1  1.61511e-38 1.95946e-12 3.51712e-12 2.60935e-12 8.71257e-30
4 8 8 1  1.6363e-42 2.23581e-42 4.65763e-16 2.74432e-16 4.36422e-52
4 8 9 1  2.24798e-42 1.8935e-42 3.80226e-16 5.38129e-16 4.91866e-16
4 8 10 1  2.30886e-42 1.91248e-42 2.04235e-42 8.0281e-17 4.574e-20
4 9 1 1  3.67766e-42 3.08529e-16 2.70981e-16 1.38159e-16 9.25989e-19
4 9 2 1  3.98895e-37 1.76749e-37 3.53498e-38 1.95153e-38 7.76731e-44
4 9 3 1  8.76577e-39 5.62269e-39 2.85043e-39 6.28116e-13 1.31605e-70
4 9 4 1  4.60773e-28 0.0670136 0.0417156 0.0355823 0.0879821
4 9 5 1  1.26821e-39 4.62268e-39 5.82859e-13 5.8887e-13 4.24293e-13
4 9 6 1  7.6113e-38 1.13958e-37 1.66843e-11 1.59997e-12 2.90903e-126
4 9 7 1  1.62428e-38 1.96627e-12 3.03864e-12 2.44046e-12 7.72838e-30
4 9 8 1  3.13215e-42 1.67196e-42 4.26784e-16 2.59966e-16 3.39737e-52
4 9 9 1  1.98466e-42 1.92799e-42 3.75294e-16 4.75824e-16 4.87712e-16
4 9 10 1  1.33552e-42 2.39105e-42 1.31051e-42 7.39054e-17 2.09793e-20
4 10 1 1  2.25782e-42 5.56353e-16 2.55883e-16 1.4904e-16 7.32496e-19
4 10 2 1  4.66929e-38 4.46338e-37 1.3063e-37 2.86848e-38 7.27326e-44
4 10 3 1  1.07625e-38 7.36398e-39 3.77513e-39 6.93106e-13 1.30219e-70
4 10 4 1  5.27235e-28 0.0786352 0.0481778 0.0372031 0.096404
4 10 5 1  2.12158e-39 4.02424e-39 7.76903e-13 6.24103e-13 5.17764e-13
4 10 6 1  4.75277e-38 1.17447e-37 2.14307e-11 1.57456e-12 2.93596e-126
4 10 7 1  2.93799e-37 2.33808e-12 3.11388e-12 2.65139e-12 7.98468e-30
4 10 8 1  2.58537e-42 2.41468e-42 4.32326e-16 2.85048e-16 3.06947e-52
4 10 9 1  2.04788e-42 2.14279e-42 4.35111e-16 4.98513e-16 5.5359e-16
4 10 10 1  1.17096e-42 2.16163e-42 1.31127e-42 5.59996e-17 9.32915e-21
4 11 1 1  7.27212e-42 7.34241e-16 3.86633e-16 1.87208e-16 6.97377e-19
4 11 2 1  5.74132e-37 2.39181e-37 4.71013e-37 8.87319e-38 9.08351e-44
4 11 3 1  1.84399e-38 1.23198e-38 6.65176e-39 1.04522e-12 1.70743e-70
4 11 4 1  8.13154e-28 0.118802 0.0725968 0.0518898 0.136529
4 11 5 1  3.47022e-39 5.87205e-39 1.18266e-12 9.14691e-13 8.15968e-13
4 11 6 1  5.67307e-38 1.40093e-37 3.47985e-11 2.05484e-12 3.91642e-126
4 11 7 1  3.12569e-37 1.96981e-11 4.28141e-12 3.78944e-12 1.08702e-29
4 11 8 1  1.93231e-42 3.30188e-42 6.37774e-16 3.99943e-16 3.59021e-52
4 11 9 1  3.05661e-42 3.01706e-42 6.49217e-16 6.95749e-16 8.12963e-16
4 11 10 1  2.07292e-41 2.53912e-42 1.68818e-42 6.47926e-17 5.54173e-21
4 12 1 1  6.27305e-42 1.65947e-15 5.77509e-16 2.5414e-16 6.83148e-19
4 12 2 1  2.10581e-37 8.97875e-37 6.16872e-37 3.28006e-37 1.23704e-43
4 12 3 1  3.78274e-38 2.25101e-38 1.24743e-38 1.76377e-12 2.43969e-70
4 12 4 1  1.30901e-27 0.190962 0.115168 0.0778873 0.203125
4 12 5 1  3.77797e-39 9.76489e-39 1.93721e-12 1.4718e-12 1.38498e-12
4 12 6 1  2.72335e-37 1.81062e-37 5.79018e-11 2.92272e-12 5.68781e-126
4 12 7 1  3.61948e-37 4.32267e-11 9.35976e-12 5.88069e-12 1.60906e-29
4 12 8 1  7.29449e-42 3.80984e-42 1.0069e-15 6.21604e-16 4.60494e-52
4 12 9 1  4.90389e-42 4.78875e-42 1.04546e-15 1.08375e-15 1.3066e-15
4 12 10 1  5.02732e-42 2.73894e-41 1.92728e-42 7.70206e-17 3.19849e-21
4 13 1 1  4.04367e-42 1.56413e-15 6.9149e-16 2.29574e-16 4.3298e-19
4 13 2 1  1.2795e-37 4.69734e-37 9.16914e-37 4.93919e-37 1.17453e-43
4 13 3 1  2.22353e-37 3.02292e-38 1.6098e-38 2.11834e-12 2.43627e-70
4 13 4 1  1.47634e-27 0.209978 0.124484 0.0806646 0.20512
4 13 5 1  5.14913e-39 9.52665e-39 2.22673e-12 1.66237e-12 1.63231e-12
4 13 6 1  1.99644e-37 2.62604e-37 6.45462e-11 2.90485e-12 5.77472e-126
4 13 7 1  2.97085e-37 5.18107e-11 1.43151e-11 6.52184e-12 1.6652e-29
4 13 8 1  5.49553e-42 5.48722e-42 1.01266e-15 6.78621e-16 4.13713e-52
4 13 9 1  5.86295e-42 5.2832e-42 1.15941e-15 1.17656e-15 1.44822e-15
4 13 10 1  1.78064e-42 1.5503e-41 8.31078e-42 4.42706e-17 9.11476e-22
4 14 1 1  2.18727e-42 7.90045e-16 4.13129e-16 1.24101e-16 1.49601e-19
4 14 2 1  5.51477e-37 1.6525e-37 5.22063e-37 4.64032e-37 7.01394e-44
4 14 3 1  9.32443e-38 7.15001e-38 1.32337e-38 1.62458e-12 1.53491e-70
4 14 4 1  2.18176e-27 0.148913 0.0862193 0.0539454 0.132214
4 14 5 1  5.14942e-39 6.63933e-39 1.53789e-12 1.18991e-12 1.20884e-12
4 14 6 1  6.64114e-37 1.77081e-37 4.71823e-11 1.82108e-12 3.70186e-126
4 14 7 1  1.59445e-37 3.52662e-11 1.26722e-11 4.69722e-12 1.08876e-29
4 14 8 1  2.26099e-42 3.37006e-42 6.9812e-16 4.50092e-16 2.29397e-52
4 14 9 1  4.60789e-42 3.69243e-42 7.85601e-16 7.85457e-16 9.80283e-16
4 14 10 1  2.46293e-42 4.92365e-42 5.01125e-42 7.83889e-17 1.85021e-22
4 15 1 1  2.41899e-42 7.41778e-16 3.97933e-16 1.20262e-16 8.92432e-20
4 15 2 1  5.93539e-37 6.73582e-37 4.76416e-37 6.82712e-37 7.72339e-44
4 15 3 1  7.40905e-38 9.80318e-38 3.49988e-38 2.33007e-12 1.78174e-70
4 15 4 1  3.08156e-27 0.270682 0.111126 0.0673468 0.157765
4 15 5 1  8.00177e-39 1.01269e-38 1.96183e-12 1.5561e-12 1.64144e-12
4 15 6 1  3.89955e-37 5.30356e-37 6.27145e-11 2.10359e-12 4.37057e-126
4 15 7 1  1.67124e-37 4.20773e-11 1.91216e-11 6.37123e-12 1.31032e-29
4 15 8 1  4.48e-42 3.19038e-42 8.47913e-16 5.5007e-16 2.32756e-52
4 15 9 1  7.53266e-42 5.01481e-42 9.90972e-16 9.69413e-16 1.22089e-15
4 15 10 1  3.00006e-42 4.78946e-42 4.47181e-42 1.65191e-16 1.08095e-22
4 16 1 1  2.41323e-42 8.03699e-16 3.93742e-16 1.19936e-16 5.49029e-20
4 16 2 1  2.29287e-37 9.93543e-37 8.93319e-37 9.9934e-37 9.43862e-44
4 16 3 1  7.86778e-38 1.19584e-37 7.04197e-38 4.38132e-12 2.29449e-70
4 16 4 1  4.22221e-27 0.46166 0.174115 0.0901166 0.20043
4 16 5 1  1.86377e-38 1.7309e-38 2.92622e-12 2.2454e-12 2.46123e-12
4 16 6 1  2.89877e-37 7.24028e-37 1.11698e-10 2.69577e-12 5.72352e-126
4 16 7 1  2.09078e-37 5.44274e-11 3.02243e-11 9.71404e-12 1.74875e-29
4 16 8 1  4.41608e-42 4.6491e-42 1.03933e-15 7.27802e-16 2.5589e-52
4 16 9 1  1.33911e-41 8.32962e-42 1.43171e-15 1.34266e-15 1.69635e-15
4 16 10 1  1.32395e-41 5.84726e-42 4.66475e-42 2.28706e-16 7.15111e-23
4 17 1 1  2.38595e-42 4.35013e-16 2.06906e-16 5.88308e-17 1.66716e-20
4 17 2 1  5.93252e-37 3.43273e-37 7.52889e-37 7.92982e-37 5.95003e-44
4 17 3 1  4.69329e-38 7.17865e-38 5.8734e-38 4.35557e-12 1.53064e-70
4 17 4 1  2.82182e-27 0.370997 0.145732 0.0656077 0.131571
4 17 5 1  1.00889e-38 1.81375e-38 2.36016e-12 1.69317e-12 1.9087e-12
4 17 6 1  1.44859e-37 4.27655e-37 9.52628e-11 1.78904e-12 3.88879e-126
4 17 7 1  1.43794e-37 3.61365e-11 2.37487e-11 7.72733e-12 1.21283e-29
4 17 8 1  3.46772e-41 2.90906e-42 7.04727e-16 5.02252e-16 1.48926e-52
4 17 9 1  1.33086e-41 7.49159e-42 1.1379e-15 9.81436e-16 1.23135e-15
4 17 10 1  8.20932e-42 9.1925e-42 2.2494e-42 1.16506e-16 2.00605e-23
4 18 1 1  1.13012e-41 4.61217e-16 1.89114e-16 5.14241e-17 8.78994e-21
4 18 2 1  2.60205e-36 6.57118e-37 6.31825e-37 9.27055e-37 5.46129e-44
4 18 3 1  9.75385e-37 6.26499e-38 6.37437e-38 5.95518e-12 1.49376e-70
4 18 4 1  3.26764e-27 0.407109 0.178163 0.0750701 0.129849
4 18 5 1  1.15856e-38 1.96557e-38 3.05932e-12 1.89907e-12 2.16529e-12
4 18 6 1  2.11872e-37 3.54374e-37 1.09037e-10 1.73613e-12 3.87182e-126
4 18 7 1  1.57177e-37 3.51665e-11 2.64873e-11 8.99913e-12 1.23493e-29
4 18 8 1  1.54259e-41 1.80207e-41 7.21673e-16 5.35849e-16 1.34605e-52
4 18 9 1  2.12338e-41 1.06216e-41 1.41866e-15 1.09332e-15 1.33556e-15
4 18 10 1  2.60575e-41 1.05226e-41 4.88131e-42 9.34945e-17 9.13585e-24
4 19 1 1  5.43613e-42 1.20425e-15 1.82348e-16 4.80608e-17 4.86621e-21
4 19 2 1  2.42353e-37 2.43136e-36 6.87758e-37 9.25571e-37 4.58132e-44
4 19 3 1  5.06335e-37 4.08189e-37 5.96501e-38 6.95282e-12 1.32784e-70
4 19 4 1  3.69693e-27 0.411351 0.186514 0.0792672 0.116959
4 19 5 1  2.45798e-38 2.00373e-38 3.37604e-12 2.00784e-12 2.23063e-12
4 19 6 1  1.90066e-37 3.11194e-37 1.07986e-10 1.53485e-12 3.50754e-126
4 19 7 1  1.57871e-37 3.19404e-11 2.63239e-11 9.47506e-12 1.14298e-29
4 19 8 1  9.01916e-42 1.52105e-41 1.62944e-15 5.16753e-16 1.10655e-52
4 19 9 1  1.98464e-41 1.46523e-41 1.7002e-15 1.14116e-15 1.32134e-15
4 19 10 1  5.09681e-42 2.39845e-41 6.82132e-42 1.98323e-16 6.23911e-24
4 20 1 1  3.65698e-42 1.21936e-15 3.82209e-16 4.97013e-17 2.94033e-21
4 20 2 1  1.61541e-37 9.73664e-37 1.91497e-36 1.06932e-36 4.35666e-44
4 20 3 1  3.17091e-37 4.77258e-37 1.6071e-37 8.71068e-12 1.3315e-70
4 20 4 1  4.85235e-27 0.483308 0.213066 0.0923619 0.119081
4 20 5 1  1.52692e-38 3.45567e-38 4.10115e-12 2.42012e-12 2.59343e-12
4 20 6 1  7.72694e-37 3.13119e-37 1.19236e-10 1.53131e-12 3.57948e-126
4 20 7 1  1.69176e-37 3.35407e-11 2.91455e-11 1.11502e-11 1.19e-29
4 20 8 1  5.84075e-42 1.25205e-41 2.32039e-15 6.79339e-16 1.01853e-52
4 20 9 1  2.07291e-41 1.85988e-41 2.46588e-15 1.40544e-15 1.49091e-15
4 20 10 1  5.1783e-41 1.42809e-41 1.55739e-41 3.74672e-16 4.93463e-24
4 21 1 1  3.28222e-42 8.08593e-16 3.93396e-16 6.06474e-17 1.46683e-21
4 21 2 1  2.49571e-37 3.40184e-37 1.31363e-36 1.18823e-36 3.10763e-44
4 21 3 1  6.04473e-37 3.29761e-37 1.9506e-37 1.02897e-11 1.00131e-70
4 21 4 1  4.3379e-27 0.449736 0.184407 0.0799155 0.0925844
4 21 5 1  1.31456e-38 2.66737e-38 4.26973e-12 2.1922e-12 2.27064e-12
4 21 6 1  3.52622e-37 4.59788e-37 9.7594e-11 1.14574e-12 2.73961e-126
4 21 7 1  1.32505e-37 2.65405e-11 2.40297e-11 9.76941e-12 9.2934e-30
4 21 8 1  3.51996e-41 7.14282e-42 1.98399e-15 6.86422e-16 7.02634e-53
4 21 9 1  1.61177e-41 1.63036e-41 2.54153e-15 1.37875e-15 1.28455e-15
4 21 10 1  1.42061e-41 3.84815e-41 1.19809e-41 5.93448e-16 2.91334e-24
4 22 1 1  3.68113e-42 8.69545e-16 4.74452e-16 1.04076e-16 1.13445e-21
4 22 2 1  2.86536e-36 3.72934e-37 1.07139e-36 1.61789e-36 3.17313e-44
4 22 3 1  4.03977e-37 5.04868e-37 2.6429e-37 1.75939e-11 1.07918e-70
4 22 4 1  5.22157e-27 0.582297 0.234769 0.0986001 0.104419
4 22 5 1  1.09917e-38 3.07547e-38 5.67381e-12 2.96247e-12 2.86307e-12
4 22 6 1  2.3959e-37 5.36226e-37 1.25451e-10 1.22843e-12 3.00658e-126
4 22 7 1  1.46745e-37 3.0021e-11 2.82542e-11 1.21936e-11 1.04137e-29
4 22 8 1  1.8349e-41 2.32592e-41 2.2063e-15 9.66355e-16 7.1132e-53
4 22 9 1  1.89696e-41 1.91696e-41 3.4501e-15 1.94171e-15 1.58797e-15
4 22 10 1  1.22161e-41 3.03376e-41 2.70432e-41 8.87434e-16 2.41334e-24
4 23 1 1  5.54528e-42 7.47128e-16 4.27438e-16 1.17361e-16 6.89721e-22
4 23 2 1  3.07786e-37 2.46807e-36 7.3601e-37 1.5399e-36 2.53935e-44
4 23 3 1  2.16628e-37 4.17382e-37 2.94334e-37 2.16549e-11 9.10887e-71
4 23 4 1  4.80166e-27 0.565863 0.231241 0.0946682 0.0918709
4 23 5 1  3.65214e-38 2.46997e-38 5.62653e-12 3.11812e-12 2.84994e-12
4 23 6 1  4.21148e-37 4.17196e-37 1.23995e-10 1.03153e-12 2.58368e-126
4 23 7 1  1.29e-37 2.6518e-11 2.58916e-11 1.18396e-11 9.13669e-30
4 23 8 1  8.56996e-42 1.86552e-41 2.89752e-15 1.01038e-15 5.69719e-53
4 23 9 1  2.07971e-41 1.77642e-41 3.48849e-15 2.1272e-15 1.57534e-15
4 23 10 1  6.8002e-42 1.95564e-41 2.42278e-41 1.23333e-15 1.50613e-24
4 24 1 1  3.53974e-42 8.16956e-16 3.44914e-16 1.10332e-16 3.85262e-22
4 24 2 1  1.22686e-37 8.78895e-37 1.64998e-36 1.38057e-36 2.01117e-44
4 24 3 1  1.1643e-37 2.9993e-37 2.91531e-37 2.55143e-11 7.58018e-71
4 24 4 1  4.24437e-27 0.530611 0.224003 0.0909177 0.0812954
4 24 5 1  3.29689e-38 4.0231e-38 5.17534e-12 3.17805e-12 2.81112e-12
4 24 6 1  3.44901e-37 4.22618e-37 1.16526e-10 8.54289e-13 2.18648e-126
4 24 7 1  1.1327e-37 2.31644e-11 2.32951e-11 1.1249e-11 7.88485e-30
4 24 8 1  4.49126e-42 1.17986e-41 2.92706e-15 1.06961e-15 4.34093e-53
4 24 9 1  3.8754e-41 1.62141e-41 3.13058e-15 2.07884e-15 1.45401e-15
4 24 10 1  8.34904e-42 1.16995e-41 1.76356e-41 1.23887e-15 8.463e-25
4 25 1 1  2.31565e-42 7.55512e-16 3.44731e-16 1.0006e-16 2.20338e-22
4 25 2 1  2.2289e-37 3.58474e-37 1.42298e-36 1.65589e-36 1.76365e-44
4 25 3 1  8.04374e-38 2.22972e-37 2.90574e-37 3.16289e-11 6.98488e-71
4 25 4 1  3.95605e-27 0.535866 0.236585 0.096921 0.0808757
4 25 5 1  5.18008e-38 5.07617e-38 6.39815e-12 3.48873e-12 3.08453e-12
4 25 6 1  4.47409e-37 4.35293e-37 1.22702e-10 7.83401e-13 2.04916e-126
4 25 7 1  1.09683e-37 2.24455e-11 2.31383e-11 1.17764e-11 7.53767e-30
4 25 8 1  3.91638e-42 7.75227e-42 2.77761e-15 1.2238e-15 3.62294e-53
4 25 9 1  2.68473e-41 2.36693e-41 3.07384e-15 2.15117e-15 1.4735e-15
4 25 10 1  5.60582e-42 1.1233e-41 1.32378e-41 1.204e-15 5.25356e-25
4 26 1 1  2.11546e-42 7.01292e-16 3.5842e-16 1.03351e-16 1.38254e-22
4 26 2 1  1.9272e-36 3.55686e-37 1.17315e-36 2.14448e-36 1.81395e-44
4 26 3 1  8.42585e-38 1.92097e-37 3.16998e-37 4.34292e-11 7.53073e-71
4 26 4 1  4.84095e-27 0.595215 0.277719 0.11658 0.092507
4 26 5 1  3.20822e-37 8.50803e-38 9.33192e-12 4.6246e-12 3.95453e-12
4 26 6 1  6.26785e-37 5.78678e-37 1.50931e-10 8.4074e-13 2.24529e-126
4 26 7 1  1.24492e-37 2.55202e-11 2.68134e-11 1.43381e-11 8.41787e-30
4 26 8 1  3.68316e-42 6.52572e-42 2.83457e-15 1.56537e-15 3.54793e-53
4 26 9 1  2.17945e-41 2.6992e-41 4.12794e-15 2.55337e-15 1.74621e-15
4 26 10 1  7.71527e-42 1.03861e-41 1.32683e-41 1.30424e-15 3.97113e-25
4 27 1 1  1.61109e-42 4.25531e-16 2.46529e-16 7.14993e-17 5.79013e-23
4 27 2 1  8.684e-37 1.38262e-36 6.49443e-37 1.64152e-36 1.19651e-44
4 27 3 1  5.85043e-38 1.11008e-37 2.12431e-37 3.63159e-11 5.17468e-71
4 27 4 1  3.58832e-27 0.440423 0.201837 0.0879037 0.0677875
4 27 5 1  2.04194e-37 2.36723e-37 9.23487e-12 4.01295e-12 3.23385e-12
4 27 6 1  6.23393e-37 5.05985e-37 1.20556e-10 5.75398e-13 1.56471e-126
4 27 7 1  9.18105e-38 1.85989e-11 1.97637e-11 1.10432e-11 5.96509e-30
4 27 8 1  2.45695e-42 3.62905e-42 1.76633e-15 1.20217e-15 2.1897e-53
4 27 9 1  1.50215e-41 1.68548e-41 3.2433e-15 1.97639e-15 1.29971e-15
4 27 10 1  3.73259e-42 7.70429e-42 6.58114e-42 7.0851e-16 1.53488e-25
4 28 1 1  2.52349e-42 4.63767e-16 3.00845e-16 1.00142e-16 4.91796e-23
4 28 2 1  3.48038e-37 1.39087e-36 1.38433e-36 1.90332e-36 1.24796e-44
4 28 3 1  7.26728e-38 1.06072e-37 2.19835e-37 4.6107e-11 5.60992e-71
4 28 4 1  3.98652e-27 0.510235 0.234008 0.103343 0.079182
4 28 5 1  6.30111e-38 3.6629e-37 2.60749e-11 5.72825e-12 4.20155e-12
4 28 6 1  5.09181e-37 7.41687e-37 1.5472e-10 6.21439e-13 1.71901e-126
4 28 7 1  1.0735e-37 2.15084e-11 2.29681e-11 1.33561e-11 6.65823e-30
4 28 8 1  1.73313e-41 3.50775e-42 1.75227e-15 1.43814e-15 2.18748e-53
4 28 9 1  2.11585e-41 1.85927e-41 3.97149e-15 2.61708e-15 1.65844e-15
4 28 10 1  8.53704e-42 7.11623e-42 5.54513e-42 4.49839e-16 7.10582e-26
4 29 1 1  4.38043e-42 5.08236e-16 3.06942e-16 1.18719e-16 3.72546e-23
4 29 2 1  3.11416e-37 7.139e-37 1.59907e-36 2.0643e-36 1.10977e-44
4 29 3 1  9.16951e-38 9.2969e-38 1.91435e-37 4.84342e-11 5.19769e-71
4 29 4 1  4.15803e-27 0.486418 0.224682 0.100066 0.0767367
4 29 5 1  7.32795e-38 2.71578e-37 4.32012e-11 9.28699e-12 4.73863e-12
4 29 6 1  6.82137e-37 7.31051e-37 1.73741e-10 5.73472e-13 1.61525e-126
4 29 7 1  1.09055e-37 2.13229e-11 2.28311e-11 1.37833e-11 6.36314e-30
4 29 8 1  8.86305e-42 1.02595e-41 1.52846e-15 1.47467e-15 1.93062e-53
4 29 9 1  2.28698e-41 1.96483e-41 4.06019e-15 2.92677e-15 1.84416e-15
4 29 10 1  1.38413e-41 9.82375e-42 4.94333e-42 3.25624e-16 3.43543e-26
4 30 1 1  1.62782e-42 3.88482e-16 1.66764e-16 6.87907e-17 1.45288e-23
4 30 2 1  2.35024e-37 2.70788e-37 7.34902e-37 1.25689e-36 5.47226e-45
4 30 3 1  4.5181e-38 5.15368e-38 9.24946e-38 2.75411e-11 2.67133e-71
4 30 4 1  3.25209e-27 0.280253 0.124691 0.0559735 0.0431018
4 30 5 1  8.72187e-38 1.23939e-37 2.75663e-11 8.43915e-12 3.16822e-12
4 30 6 1  2.44026e-37 4.47851e-37 1.05455e-10 2.93547e-13 8.42011e-127
4 30 7 1  6.41475e-38 1.18203e-11 1.26012e-11 7.87249e-12 3.37496e-30
4 30 8 1  8.58558e-42 5.49746e-42 1.0423e-15 8.37199e-16 9.64448e-54
4 30 9 1  1.16776e-41 1.14153e-41 2.28454e-15 1.73456e-15 1.11726e-15
4 30 10 1  5.3317e-42 8.50592e-42 3.38442e-42 1.66464e-16 1.08675e-26
4 31 1 1  7.89147e-43 2.63231e-16 1.22328e-16 4.35795e-17 6.32153e-24
4 31 2 1  5.59853e-37 2.12295e-37 4.19476e-37 9.54529e-37 3.54339e-45
4 31 3 1  2.84511e-38 3.58404e-38 5.99812e-38 2.01996e-11 1.80195e-71
4 31 4 1  2.8668e-27 0.256427 0.0994169 0.0441446 0.0342118
4 31 5 1  2.50899e-38 1.06966e-37 2.07688e-11 8.55634e-12 2.99077e-12
4 31 6 1  1.44577e-37 2.99542e-37 8.42182e-11 1.97221e-13 5.76049e-127
4 31 7 1  4.98362e-38 8.74361e-12 9.15033e-12 5.89054e-12 2.35004e-30
4 31 8 1  4.27721e-42 5.17257e-42 8.40886e-16 6.28588e-16 6.20533e-54
4 31 9 1  8.45158e-42 8.07307e-42 1.67341e-15 1.3043e-15 8.67957e-16
4 31 10 1  1.14929e-42 5.66132e-42 3.59233e-42 1.26639e-16 4.50826e-27
4 32 1 1  3.72481e-43 1.36232e-16 7.12443e-17 2.29735e-17 2.18043e-24
4 32 2 1  8.13958e-38 3.65867e-37 2.31467e-37 6.09157e-37 2.01188e-45
4 32 3 1  2.04414e-38 2.11108e-38 3.44912e-38 1.28474e-11 1.06827e-71
4 32 4 1  1.59563e-27 0.208824 0.0769952 0.0319905 0.0248033
4 32 5 1  1.06638e-38 5.41995e-38 1.4302e-11 6.81152e-12 2.53446e-12
4 32 6 1  8.33387e-37 1.69956e-37 5.72131e-11 1.16423e-13 3.46682e-127
4 32 7 1  3.64422e-38 5.76122e-12 5.86571e-12 3.87493e-12 1.44194e-30
4 32 8 1  1.70346e-42 3.03221e-42 6.18225e-16 4.12005e-16 3.44715e-54
4 32 9 1  4.99666e-42 4.94849e-42 1.03944e-15 8.35788e-16 5.7537e-16
4 32 10 1  8.13663e-43 2.0417e-42 2.45983e-42 9.97605e-17 1.63766e-27
4 33 1 1  1.77487e-43 6.76316e-17 4.13501e-17 1.33089e-17 7.97387e-25
4 33 2 1  4.6694e-37 1.09937e-37 2.12246e-37 3.67088e-37 1.09795e-45
4 33 3 1  1.75948e-37 1.28691e-38 1.91442e-38 7.78722e-12 6.09226e-72
4 33 4 1  8.58364e-28 0.14241 0.0608161 0.0237596 0.0179197
4 33 5 1  3.88285e-38 2.53525e-38 8.6927e-12 4.97336e-12 2.03263e-12
4 33 6 1  3.28665e-37 3.14489e-37 3.6381e-11 6.61054e-14 2.00794e-127
4 33 7 1  2.64199e-38 3.75623e-12 3.63651e-12 2.45181e-12 8.52452e-31
4 33 8 1  7.00061e-43 1.49987e-42 4.11599e-16 2.69496e-16 1.87391e-54
4 33 9 1  3.89328e-42 2.82408e-42 6.07574e-16 5.02044e-16 3.58404e-16
4 33 10 1  5.34938e-43 9.16445e-43 1.29166e-42 7.65519e-17 6.23817e-28
4 34 1 1  1.97812e-43 5.74446e-17 3.97838e-17 1.42976e-17 5.40284e-25
4 34 2 1  1.89656e-37 4.78868e-37 1.937e-37 4.00491e-37 1.02476e-45
4 34 3 1  1.13116e-37 8.27516e-38 1.84806e-38 8.01927e-12 5.94822e-72
4 34 4 1  8.04483e-28 0.153943 0.0780008 0.0314333 0.0225963
4 34 5 1  7.04009e-38 4.98739e-38 8.52389e-12 5.89147e-12 2.72627e-12
4 34 6 1  5.69804e-37 3.81705e-37 4.98852e-11 6.42532e-14 1.99195e-127
4 34 7 1  3.30215e-38 4.32368e-12 3.89179e-12 2.65696e-12 8.64179e-31
4 34 8 1  8.40371e-43 1.21151e-42 4.35578e-16 3.06114e-16 1.76269e-54
4 34 9 1  9.09849e-42 3.27272e-42 6.21116e-16 5.27875e-16 3.91175e-16
4 34 10 1  7.09258e-43 8.56329e-43 1.15371e-42 9.36873e-17 4.5162e-28
4 35 1 1  7.68534e-43 6.60688e-17 4.64426e-17 1.86486e-17 4.62354e-25
4 35 2 1  2.73456e-38 3.91685e-37 4.93953e-37 5.14856e-37 1.15935e-45
4 35 3 1  1.00754e-37 1.20826e-37 4.50525e-38 9.96914e-12 7.05161e-72
4 35 4 1  9.79365e-28 0.190966 0.111824 0.0491706 0.0345525
4 35 5 1  6.58567e-38 1.12405e-37 1.22156e-11 8.0741e-12 4.31477e-12
4 35 6 1  8.70161e-37 6.64092e-37 7.99097e-11 7.58187e-14 2.40075e-127
4 35 7 1  4.49337e-38 6.20109e-12 5.11499e-12 3.49983e-12 1.06564e-30
4 35 8 1  2.19878e-42 1.35407e-42 5.21808e-16 4.14103e-16 1.99871e-54
4 35 9 1  1.01814e-41 7.11993e-42 8.29607e-16 6.89315e-16 5.30807e-16
4 35 10 1  6.80438e-43 1.19949e-42 1.31639e-42 1.26489e-16 4.06315e-28
4 36 1 1  9.25131e-43 5.91743e-17 2.47569e-17 1.10629e-17 1.86688e-25
4 36 2 1  1.32826e-37 6.91752e-38 2.58817e-37 3.02734e-37 5.27547e-46
4 36 3 1  3.51072e-38 5.74814e-38 3.32882e-38 5.328e-12 3.35945e-72
4 36 4 1  5.13444e-27 0.0955229 0.0613949 0.0299482 0.0214708
4 36 5 1  1.5094e-37 6.22675e-38 8.39672e-12 4.49302e-12 2.6582e-12
4 36 6 1  2.64438e-37 4.34048e-37 5.274e-11 3.59578e-14 1.16224e-127
4 36 7 1  2.34759e-38 3.53278e-12 2.73585e-12 1.85183e-12 5.27649e-31
4 36 8 1  9.31752e-43 9.26423e-43 2.47118e-16 2.19959e-16 9.06731e-55
4 36 9 1  4.37374e-42 4.37997e-42 5.66551e-16 3.77264e-16 2.983e-16
4 36 10 1  2.74688e-43 5.41985e-43 7.35664e-43 7.47173e-17 1.68734e-28
4 37 1 1  8.7371e-43 1.00277e-16 2.64505e-17 1.03322e-17 1.22603e-25
4 37 2 1  1.50134e-38 1.0935e-37 1.46642e-37 2.67171e-37 3.69942e-46
4 37 3 1  4.91931e-37 3.79876e-38 3.13521e-38 4.60633e-12 2.45987e-72
4 37 4 1  3.01219e-27 0.281119 0.0511831 0.027428 0.0208138
4 37 5 1  1.23506e-37 1.27654e-37 8.11513e-12 4.06388e-12 2.46241e-12
4 37 6 1  2.46812e-37 3.22624e-37 5.34761e-11 2.62187e-14 8.63809e-128
4 37 7 1  1.835e-38 3.03173e-12 2.26969e-12 1.50444e-12 4.0052e-31
4 37 8 1  5.23445e-43 7.61598e-43 1.9821e-16 1.78267e-16 6.3742e-55
4 37 9 1  2.91324e-42 3.50204e-42 5.64384e-16 3.36538e-16 2.55685e-16
4 37 10 1  3.73369e-43 3.55555e-43 6.24112e-43 7.3686e-17 1.18718e-28
4 38 1 1  6.83985e-43 1.16641e-16 3.73062e-17 1.01293e-17 8.10032e-26
4 38 2 1  1.64134e-38 3.4799e-38 1.15057e-37 2.17312e-37 2.59948e-46
4 38 3 1  2.00897e-37 1.72609e-37 2.62435e-38 4.05199e-12 1.80318e-72
4 38 4 1  1.80215e-27 0.290346 0.0791283 0.0243897 0.0200241
4 38 5 1  1.56182e-38 1.40695e-37 1.13241e-11 3.75154e-12 2.27104e-12
4 38 6 1  9.97512e-38 2.58692e-37 4.99197e-11 1.91412e-14 6.4235e-128
4 38 7 1  1.412e-38 2.55151e-12 1.89586e-12 1.22452e-12 3.03962e-31
4 38 8 1  2.72184e-43 5.41289e-43 1.63047e-16 1.46725e-16 4.55303e-55
4 38 9 1  1.76659e-42 2.52689e-42 4.96175e-16 3.01293e-16 2.13744e-16
4 38 10 1  2.02573e-43 3.63184e-43 4.98698e-43 7.12954e-17 8.53454e-29
4 39 1 1  4.96779e-43 1.38703e-16 6.11795e-17 1.501e-17 7.07199e-26
4 39 2 1  1.61787e-38 2.40389e-38 8.32642e-38 2.1877e-37 2.27835e-46
4 39 3 1  1.05097e-37 1.79023e-37 6.34819e-38 4.41184e-12 1.65394e-72
4 39 4 1  1.36412e-27 0.303191 0.12117 0.0346635 0.0237772
4 39 5 1  8.83472e-38 9.53446e-38 1.73511e-11 5.01296e-12 2.62547e-12
4 39 6 1  1.95956e-37 2.12266e-37 5.61523e-11 1.74809e-14 5.98221e-128
4 39 7 1  1.33884e-38 2.63992e-12 1.98955e-12 1.25251e-12 2.89293e-31
4 39 8 1  1.93976e-43 4.38483e-43 1.64353e-16 1.53552e-16 4.1342e-55
4 39 9 1  1.42409e-42 2.14616e-42 5.06541e-16 3.35402e-16 2.26024e-16
4 39 10 1  1.93316e-43 3.15432e-43 5.49123e-43 8.42739e-17 7.85335e-29
4 40 1 1  4.2008e-43 1.29578e-16 8.39603e-17 2.32619e-17 6.18512e-26
4 40 2 1  1.8754e-38 2.01261e-38 5.71336e-38 2.02065e-37 1.91557e-46
4 40 3 1  5.55917e-38 1.39503e-37 8.84464e-38 5.61664e-12 1.45839e-72
4 40 4 1  1.00945e-27 0.276803 0.147776 0.0492372 0.0283496
4 40 5 1  4.42292e-38 1.22417e-37 1.81014e-11 6.81521e-12 3.00494e-12
4 40 6 1  7.29424e-37 2.18037e-37 5.704e-11 1.53441e-14 5.35969e-128
4 40 7 1  1.26754e-38 2.58568e-12 2.00815e-12 1.23668e-12 2.65223e-31
4 40 8 1  1.50925e-43 3.33593e-43 1.53872e-16 1.55868e-16 3.65865e-55
4 40 9 1  1.25208e-42 1.72566e-42 4.68365e-16 3.49853e-16 2.32179e-16
4 40 10 1  2.10413e-43 2.78536e-43 5.45631e-43 9.54861e-17 7.03475e-29
4 41 1 1  2.55696e-43 7.82329e-17 6.5707e-17 2.32262e-17 3.66738e-26
4 41 2 1  3.44335e-38 1.40445e-38 2.73634e-38 1.20491e-37 1.0711e-46
4 41 3 1  2.10058e-38 6.55397e-38 6.40295e-38 4.90494e-12 8.55749e-73
4 41 4 1  5.1341e-28 0.160722 0.107156 0.0433748 0.0237374
4 41 5 1  1.73339e-38 6.87605e-38 1.35115e-11 5.55088e-12 2.37891e-12
4 41 6 1  2.24083e-37 3.05462e-37 3.86208e-11 8.96202e-15 3.1964e-128
4 41 7 1  8.2636e-39 1.67993e-12 1.34621e-12 8.15185e-13 1.62e-31
4 41 8 1  1.16572e-43 1.71177e-43 9.27324e-17 1.04711e-16 2.16393e-55
4 41 9 1  8.23306e-43 9.48778e-43 2.75851e-16 2.33921e-16 1.588e-16
4 41 10 1  5.17461e-43 1.85655e-43 3.5132e-43 7.03752e-17 4.20723e-29
4 42 1 1  2.09239e-42 5.02337e-17 4.99815e-17 2.25769e-17 2.32108e-26
4 42 2 1  2.7996e-38 2.29187e-38 1.53897e-38 7.41245e-38 6.29535e-47
4 42 3 1  9.68418e-39 3.09286e-38 4.25514e-38 4.23788e-12 5.29197e-73
4 42 4 1  2.93572e-28 0.0966239 0.0766699 0.0372681 0.0215184
4 42 5 1  3.01867e-38 3.64228e-38 9.63903e-12 4.62147e-12 2.00184e-12
4 42 6 1  9.35579e-37 2.00353e-37 3.24199e-11 5.51507e-15 2.01099e-128
4 42 7 1  5.97562e-39 1.15606e-12 9.5018e-13 5.68821e-13 1.04592e-31
4 42 8 1  1.25433e-43 1.07417e-43 5.79447e-17 7.38741e-17 1.36114e-55
4 42 9 1  6.15232e-43 6.02751e-43 1.72748e-16 1.63837e-16 1.17231e-16
4 42 10 1  6.23307e-43 3.4643e-43 2.42718e-43 5.37911e-17 2.67443e-29
5 1 1 1  9.56838e-46 1.47595e-44 1.49481e-18 4.21844e-20 4.30886e-20
5 1 2 1  7.95395e-156 1.50908e-114 7.52825e-14 2.0668e-57 1.65192e-45
5 1 3 1  9.24044e-55 2.33074e-41 1.78363e-41 1.78695e-41 1.45377e-72
5 1 4 1  6.07855e-48 2.16356e-45 7.19079e-35 6.04458e-19 3.76534e-31
5 1 5 1  1.82201e-26 9.83392e-36 7.06622 0.553774 0.00594396
5 1 6 1  7.10346e-40 7.74728e-82 1.35616e-40 1.88199e-14 2.577e-128
5 1 7 1  1.14375e-94 7.9979e-41 3.05944e-14 8.03086e-15 5.34521e-32
5 1 8 1  9.3445e-46 2.83805e-44 1.32246e-44 5.04519e-20 7.08809e-54
5 1 9 1  3.23757e-64 1.05592e-45 5.39642e-18 2.70397e-18 6.21621e-30
5 1 10 1  1.41026e-44 1.81565e-44 5.28065e-45 9.89763e-46 4.69745e-20
5 2 1 1  8.88998e-46 5.29818e-45 1.15403e-18 1.60355e-19 2.14941e-20
5 2 2 1  4.02055e-15 2.39621e-115 2.29282e-14 1.19738e-14 8.37245e-46
5 2 3 1  4.1917e-42 7.50536e-42 1.07004e-41 1.0821e-41 8.15685e-73
5 2 4 1  1.80319e-46 9.61388e-46 7.10092e-20 2.71742e-19 8.3447e-20
5 2 5 1  8.17523e-27 8.54448e-27 3.13499 1.0398 0.0481221
5 2 6 1  2.13933e-40 1.93846e-40 6.97714e-41 1.04605e-14 1.49298e-128
5 2 7 1  9.08976e-42 3.58785e-41 1.76686e-14 5.64286e-15 3.20442e-32
5 2 8 1  2.23991e-45 8.47174e-45 1.06275e-44 2.50968e-19 3.8419e-54
5 2 9 1  2.86628e-45 3.88714e-46 2.3529e-18 2.08032e-18 2.21146e-19
5 2 10 1  4.96144e-45 1.06477e-44 5.44255e-45 6.59424e-46 1.65925e-20
5 3 1 1  2.41176e-45 4.43822e-45 1.41337e-18 4.04416e-19 2.31814e-20
5 3 2 1  3.93446e-15 4.79153e-15 1.55363e-14 2.07721e-14 9.32686e-46
5 3 3 1  1.16709e-41 7.55815e-42 1.21346e-41 1.43417e-41 9.9898e-73
5 3 4 1  5.39519e-46 9.94974e-46 1.38524e-19 2.89044e-19 1.89342e-19
5 3 5 1  7.04213e-27 1.47524e-26 3.73976 1.87287 0.24466
5 3 6 1  3.69034e-40 2.81689e-40 1.2825e-40 1.26972e-14 1.88537e-128
5 3 7 1  2.40131e-41 3.73927e-41 2.19082e-14 8.38969e-15 4.18343e-32
5 3 8 1  3.11861e-45 6.60716e-45 1.29028e-44 6.66762e-19 4.43265e-54
5 3 9 1  6.00049e-45 1.93875e-45 2.23797e-18 2.94539e-18 6.47549e-19
5 3 10 1  3.16481e-44 1.03033e-44 7.54585e-45 1.09675e-45 1.14961e-20
5 4 1 1  1.40159e-44 2.1324e-45 7.13849e-19 3.26015e-19 1.13473e-20
5 4 2 1  3.82849e-15 2.9734e-15 6.56159e-15 1.28834e-14 4.84021e-46
5 4 3 1  1.10472e-41 5.37553e-42 6.3004e-42 8.6693e-42 5.65709e-73
5 4 4 1  4.97688e-46 5.30978e-46 9.56332e-20 1.5096e-19 1.52772e-19
5 4 5 1  2.29428e-27 8.48329e-27 2.24241 1.35076 0.297617
5 4 6 1  2.21408e-40 2.08325e-40 1.01063e-40 7.13053e-15 1.09895e-128
5 4 7 1  2.2322e-41 1.96935e-41 1.24475e-14 5.6245e-15 2.5175e-32
5 4 8 1  1.62388e-44 2.6729e-45 6.35856e-45 5.39983e-19 2.26459e-54
5 4 9 1  4.2533e-45 2.27891e-45 1.0492e-18 1.75859e-18 6.11835e-19
5 4 10 1  3.86031e-45 1.7875e-44 3.62665e-45 6.47907e-46 3.12867e-21
5 5 1 1  4.57846e-45 4.48683e-45 3.61405e-19 2.27135e-19 5.63396e-21
5 5 2 1  4.57999e-15 2.83899e-15 3.38152e-15 8.16035e-15 2.72707e-46
5 5 3 1  7.95376e-42 4.89535e-42 3.80111e-42 5.58601e-42 3.45507e-73
5 5 4 1  4.96838e-46 3.39927e-46 6.54135e-20 8.8303e-20 1.20171e-19
5 5 5 1  1.21708e-27 4.38455e-27 1.43841 0.995859 0.308692
5 5 6 1  9.02876e-41 1.52368e-40 8.47072e-41 4.32129e-15 6.89712e-129
5 5 7 1  1.91266e-41 1.23815e-41 7.60107e-15 3.98577e-15 1.62895e-32
5 5 8 1  4.43417e-45 5.54394e-45 3.30728e-45 4.03594e-19 1.25465e-54
5 5 9 1  2.94925e-45 2.11128e-45 6.00833e-19 1.09272e-18 5.34823e-19
5 5 10 1  6.73127e-45 6.41209e-45 4.93676e-45 3.74511e-46 9.26703e-22
5 6 1 1  1.78458e-45 2.69914e-45 2.92402e-19 1.30583e-19 2.50836e-21
5 6 2 1  6.27362e-15 3.07929e-15 2.10883e-15 4.76804e-15 1.4529e-46
5 6 3 1  4.94808e-42 3.69283e-42 2.42942e-42 3.37859e-42 1.98906e-73
5 6 4 1  3.89211e-46 2.33955e-46 4.14826e-20 5.01563e-20 8.49811e-20
5 6 5 1  1.90372e-27 2.16167e-27 0.829911 0.668296 0.26841
5 6 6 1  5.1421e-41 8.47409e-41 6.44585e-41 2.46918e-15 4.07805e-129
5 6 7 1  1.43372e-41 7.92248e-42 4.38315e-15 2.62441e-15 9.92776e-33
5 6 8 1  1.50278e-45 2.86712e-45 2.37623e-45 2.64216e-19 6.63692e-55
5 6 9 1  1.92397e-45 1.59084e-45 3.6457e-19 6.36768e-19 4.06069e-19
5 6 10 1  1.57442e-45 4.87598e-45 2.09639e-45 3.05297e-46 2.28718e-22
5 7 1 1  1.08178e-45 1.35122e-45 2.07781e-19 8.5648e-20 1.16476e-21
5 7 2 1  6.53806e-15 3.95003e-15 1.71235e-15 2.71064e-15 7.45861e-47
5 7 3 1  4.22942e-42 2.44577e-42 1.58231e-42 1.97726e-42 1.1016e-73
5 7 4 1  2.77977e-46 1.62316e-46 2.59631e-20 2.80708e-20 5.62681e-20
5 7 5 1  7.24691e-28 1.66065e-27 0.446754 0.41683 0.20884
5 7 6 1  5.68961e-41 4.5916e-41 4.35288e-41 1.35744e-15 2.31914e-129
5 7 7 1  9.63068e-42 5.11205e-42 2.44447e-15 1.6441e-15 5.82016e-33
5 7 8 1  1.95533e-45 1.21374e-45 1.44857e-45 1.69071e-19 3.36338e-55
5 7 9 1  1.2975e-45 1.09103e-45 2.29974e-19 3.63882e-19 2.84755e-19
5 7 10 1  6.74386e-46 1.85659e-45 1.46249e-45 1.55319e-46 5.33594e-23
5 8 1 1  1.07637e-45 1.82418e-45 3.1352e-19 1.44491e-19 1.35667e-21
5 8 2 1  4.44324e-14 1.07554e-14 4.79568e-15 4.15006e-15 9.74126e-47
5 8 3 1  8.34574e-42 4.70741e-42 2.64463e-42 2.97051e-42 1.54547e-73
5 8 4 1  4.56637e-46 2.8497e-46 4.19571e-20 4.02696e-20 9.14792e-20
5 8 5 1  4.47097e-27 2.33953e-27 0.657916 0.638882 0.390263
5 8 6 1  1.48452e-40 8.42327e-41 7.13615e-41 1.89107e-15 3.33694e-129
5 8 7 1  1.59879e-41 8.49233e-42 3.48158e-15 2.58298e-15 8.62453e-33
5 8 8 1  1.61976e-45 2.21322e-45 2.01862e-45 2.71659e-19 4.32012e-55
5 8 9 1  2.22526e-45 1.87436e-45 3.76383e-19 5.32691e-19 4.86895e-19
5 8 10 1  2.28553e-45 1.89315e-45 2.02172e-45 3.47939e-46 4.52778e-23
5 9 1 1  3.55289e-45 1.30499e-45 2.61788e-19 1.33471e-19 8.94573e-22
5 9 2 1  8.80173e-14 3.90001e-14 7.80004e-15 4.30609e-15 7.50379e-47
5 9 3 1  8.46837e-42 5.43194e-42 2.75373e-42 2.65675e-42 1.2714e-73
5 9 4 1  4.45141e-46 2.83449e-46 4.03004e-20 3.43751e-20 8.49972e-20
5 9 5 1  1.22518e-27 4.46585e-27 0.563085 0.568892 0.409898
5 9 6 1  7.35308e-41 1.10092e-40 7.05698e-41 1.54569e-15 2.81034e-129
5 9 7 1  1.56918e-41 8.31676e-42 2.93555e-15 2.35766e-15 7.46618e-33
5 9 8 1  3.02588e-45 1.61524e-45 1.80518e-45 2.51147e-19 3.28211e-55
5 9 9 1  1.91732e-45 1.86258e-45 3.62562e-19 4.59681e-19 4.71166e-19
5 9 10 1  1.29021e-45 2.30993e-45 1.26605e-45 3.12599e-46 2.02675e-23
5 10 1 1  1.8945e-45 2.04389e-45 2.14707e-19 1.25057e-19 6.14627e-22
5 10 2 1  8.94861e-15 8.55399e-14 2.50351e-14 5.49738e-15 6.10288e-47
5 10 3 1  9.03062e-42 6.179e-42 3.16765e-42 2.54628e-42 1.09265e-73
5 10 4 1  4.42395e-46 2.88884e-46 4.04252e-20 3.12166e-20 8.08911e-20
5 10 5 1  1.78018e-27 3.37668e-27 0.651888 0.523675 0.434448
5 10 6 1  3.98798e-41 9.85483e-41 7.87307e-41 1.32119e-15 2.46352e-129
5 10 7 1  2.46523e-40 8.58946e-42 2.61281e-15 2.22474e-15 6.69982e-33
5 10 8 1  2.16934e-45 2.02612e-45 1.58825e-45 2.39179e-19 2.57555e-55
5 10 9 1  1.71834e-45 1.79798e-45 3.65095e-19 4.18294e-19 4.64509e-19
5 10 10 1  9.82536e-46 1.81379e-45 1.10027e-45 2.05728e-46 7.82795e-24
5 11 1 1  4.9474e-45 2.18704e-45 2.63036e-19 1.27362e-19 4.74443e-22
5 11 2 1  8.92127e-14 3.71657e-14 7.31893e-14 1.37878e-14 6.17974e-47
5 11 3 1  1.25451e-41 8.38143e-42 4.52536e-42 3.11333e-42 1.16161e-73
5 11 4 1  5.53209e-46 3.53867e-46 4.93894e-20 3.53019e-20 9.28844e-20
5 11 5 1  2.36088e-27 3.9949e-27 0.804592 0.622287 0.555123
5 11 6 1  3.85953e-41 9.53088e-41 1.03652e-40 1.39796e-15 2.66444e-129
5 11 7 1  2.12649e-40 5.86734e-41 2.91275e-15 2.57805e-15 7.39528e-33
5 11 8 1  1.3146e-45 2.24635e-45 1.8997e-45 2.72091e-19 2.44251e-55
5 11 9 1  2.07949e-45 2.05258e-45 4.41678e-19 4.73335e-19 5.53079e-19
5 11 10 1  1.41026e-44 1.72742e-45 1.14851e-45 1.92994e-46 3.77018e-24
5 12 1 1  1.19667e-45 1.38601e-45 1.10167e-19 4.84805e-20 1.30319e-22
5 12 2 1  9.17513e-15 3.91209e-14 2.68775e-14 1.42914e-14 2.35982e-47
5 12 3 1  7.21607e-42 4.2941e-42 2.37964e-42 1.47312e-42 4.65403e-74
5 12 4 1  2.49711e-46 1.59493e-46 2.19699e-20 1.4858e-20 3.87488e-20
5 12 5 1  7.20698e-28 1.86278e-27 0.369549 0.280765 0.264203
5 12 6 1  5.19515e-41 3.45399e-41 4.83601e-41 5.57547e-16 1.08503e-129
5 12 7 1  6.90463e-41 3.61034e-41 1.7855e-15 1.12182e-15 3.0695e-33
5 12 8 1  1.39152e-45 7.26777e-46 8.4097e-46 1.18579e-19 8.78452e-56
5 12 9 1  9.3548e-46 9.13517e-46 1.99435e-19 2.06739e-19 2.49251e-19
5 12 10 1  9.59026e-46 5.22489e-45 3.67655e-46 6.43284e-47 6.10154e-25
5 13 1 1  8.29907e-46 1.40549e-45 1.41919e-19 4.71169e-20 8.8863e-23
5 13 2 1  5.99783e-15 2.20194e-14 4.29815e-14 2.3153e-14 2.41057e-47
5 13 3 1  4.56349e-41 6.20412e-42 3.30388e-42 1.90349e-42 5.0001e-74
5 13 4 1  3.02999e-46 1.88681e-46 2.55486e-20 1.65553e-20 4.2098e-20
5 13 5 1  1.05679e-27 1.95521e-27 0.457005 0.341178 0.33501
5 13 6 1  4.09741e-41 5.38958e-41 5.79997e-41 5.96181e-16 1.18518e-129
5 13 7 1  6.09726e-41 4.65558e-41 2.93797e-15 1.33852e-15 3.4176e-33
5 13 8 1  1.12788e-45 1.12618e-45 9.09953e-46 1.39277e-19 8.49088e-56
5 13 9 1  1.20329e-45 1.0843e-45 2.37953e-19 2.41474e-19 2.97226e-19
5 13 10 1  3.65452e-46 3.18177e-45 1.70567e-45 3.97805e-47 1.87068e-25
5 14 1 1  7.76332e-46 1.22772e-45 1.46633e-19 4.40473e-20 5.30983e-23
5 14 2 1  4.47066e-14 1.33963e-14 4.23221e-14 3.76176e-14 2.48947e-47
5 14 3 1  3.30954e-41 2.53777e-41 4.69705e-42 2.52457e-42 5.44789e-74
5 14 4 1  7.74375e-46 2.31408e-46 3.0602e-20 1.9147e-20 4.6927e-20
5 14 5 1  1.8277e-27 2.35651e-27 0.545846 0.422338 0.429055
5 14 6 1  2.35715e-40 6.28518e-41 7.33204e-41 6.46358e-16 1.31391e-129
5 14 7 1  5.65923e-41 5.4803e-41 4.49777e-15 1.66719e-15 3.86436e-33
5 14 8 1  8.02499e-46 1.19614e-45 1.08487e-45 1.59752e-19 8.14204e-56
5 14 9 1  1.63549e-45 1.31056e-45 2.78835e-19 2.78784e-19 3.47934e-19
5 14 10 1  8.74171e-46 1.74756e-45 1.77865e-45 1.21815e-46 6.56697e-26
5 15 1 1  5.44458e-46 7.3098e-46 8.95654e-20 2.70683e-20 2.00865e-23
5 15 2 1  3.05125e-14 3.46274e-14 2.44915e-14 3.50967e-14 1.73835e-47
5 15 3 1  1.6676e-41 2.20646e-41 7.8774e-42 2.29615e-42 4.01028e-74
5 15 4 1  6.93587e-46 2.66742e-46 2.50119e-20 1.51582e-20 3.55091e-20
5 15 5 1  1.80101e-27 2.27933e-27 0.441561 0.350242 0.36945
5 15 6 1  8.77697e-41 1.19371e-40 6.18015e-41 4.73469e-16 9.83712e-130
5 15 7 1  3.76157e-41 4.14648e-41 4.30383e-15 1.43401e-15 2.94923e-33
5 15 8 1  1.00834e-45 7.1808e-46 8.35569e-46 1.23808e-19 5.23879e-56
5 15 9 1  1.69542e-45 1.12872e-45 2.23044e-19 2.18192e-19 2.74794e-19
5 15 10 1  6.75244e-46 1.07799e-45 1.0065e-45 1.62786e-46 2.43297e-26
5 16 1 1  2.88537e-46 4.20725e-46 4.70777e-20 1.43401e-20 6.56446e-24
5 16 2 1  6.26156e-15 2.71325e-14 2.43955e-14 2.72908e-14 1.12853e-47
5 16 3 1  9.40711e-42 1.42981e-41 8.41973e-42 2.29356e-42 2.74341e-74
5 16 4 1  5.04828e-46 2.41672e-46 2.08181e-20 1.07748e-20 2.39644e-20
5 16 5 1  2.22842e-27 2.06955e-27 0.349874 0.268471 0.294277
5 16 6 1  3.46591e-41 8.65684e-41 5.84722e-41 3.2232e-16 6.84332e-130
5 16 7 1  2.49984e-41 2.8492e-41 3.61376e-15 1.16146e-15 2.09089e-33
5 16 8 1  5.28008e-46 5.55869e-46 5.44074e-46 8.70196e-20 3.05954e-56
5 16 9 1  1.6011e-45 9.95931e-46 1.71183e-19 1.60535e-19 2.02824e-19
5 16 10 1  1.58298e-45 6.99128e-46 5.5774e-46 1.19725e-46 8.55022e-27
5 17 1 1  1.36171e-45 1.087e-45 1.18086e-19 3.35761e-20 9.51484e-24
5 17 2 1  7.73327e-14 4.47469e-14 9.81419e-14 1.03368e-13 3.39581e-47
5 17 3 1  2.67857e-41 4.09701e-41 3.35208e-41 1.08836e-41 8.73572e-74
5 17 4 1  1.61047e-45 9.27034e-46 8.31726e-20 3.74438e-20 7.50902e-20
5 17 5 1  5.75796e-27 1.03515e-26 1.347 0.966331 1.08934
5 17 6 1  8.26741e-41 2.44072e-40 2.3804e-40 1.02105e-15 2.21942e-129
5 17 7 1  8.20663e-41 9.02967e-41 1.35539e-14 4.41016e-15 6.92187e-33
5 17 8 1  1.9791e-44 1.66027e-45 1.76095e-45 2.86646e-19 8.49953e-56
5 17 9 1  7.5955e-45 4.27562e-45 6.49422e-19 5.60127e-19 7.02758e-19
5 17 10 1  4.68524e-45 5.24636e-45 1.28379e-45 2.91123e-46 1.1449e-26
5 18 1 1  8.85296e-46 1.58187e-46 1.48145e-20 4.02838e-21 6.88573e-25
5 18 2 1  4.65563e-14 1.17573e-14 1.13047e-14 1.6587e-14 4.27818e-48
5 18 3 1  7.64082e-41 4.90777e-42 4.99346e-42 2.04249e-42 1.17016e-74
5 18 4 1  2.55976e-46 1.39629e-46 1.39567e-20 5.88073e-21 1.01719e-20
5 18 5 1  9.07575e-28 1.53976e-27 0.239656 0.148766 0.169621
5 18 6 1  1.65973e-41 2.77604e-41 3.73972e-41 1.36002e-16 3.03305e-130
5 18 7 1  1.23127e-41 1.20613e-41 2.07492e-15 7.0496e-16 9.67396e-34
5 18 8 1  1.20841e-45 1.41168e-45 2.47517e-46 4.19765e-20 1.05445e-56
5 18 9 1  1.66338e-45 8.3206e-46 1.11133e-19 8.56467e-20 1.04623e-19
5 18 10 1  2.04125e-45 8.24304e-46 3.82384e-46 3.20665e-47 7.1567e-28
5 19 1 1  6.42295e-46 6.22963e-46 2.1545e-20 5.67853e-21 5.74957e-25
5 19 2 1  6.54022e-15 6.56134e-14 1.85601e-14 2.49778e-14 5.41297e-48
5 19 3 1  5.9825e-41 4.82288e-41 7.04784e-42 3.59672e-42 1.56888e-74
5 19 4 1  4.36803e-46 2.12794e-46 2.20372e-20 9.36566e-21 1.38191e-20
5 19 5 1  2.90418e-27 2.36746e-27 0.398889 0.237232 0.263555
5 19 6 1  2.24568e-41 3.67685e-41 5.58616e-41 1.81348e-16 4.14427e-130
5 19 7 1  1.8653e-41 1.65229e-41 3.11024e-15 1.11951e-15 1.35047e-33
5 19 8 1  1.06564e-45 1.79717e-45 8.42916e-46 6.1056e-20 1.30742e-56
5 19 9 1  2.34491e-45 1.73121e-45 2.00884e-19 1.34832e-19 1.5612e-19
5 19 10 1  6.02204e-46 2.83384e-45 8.05959e-46 1.02594e-46 7.37169e-28
5 20 1 1  2.75445e-46 4.02112e-46 2.87881e-20 3.74352e-21 2.21467e-25
5 20 2 1  2.77903e-15 1.67502e-14 3.29437e-14 1.83958e-14 3.28145e-48
5 20 3 1  2.38834e-41 3.59472e-41 1.21047e-41 2.87253e-42 1.00289e-74
5 20 4 1  3.65481e-46 1.59381e-46 1.60482e-20 6.95673e-21 8.96919e-21
5 20 5 1  1.15008e-27 2.60282e-27 0.3089 0.182284 0.195338
5 20 6 1  5.81995e-41 2.35842e-41 3.93206e-41 1.15339e-16 2.69607e-130
5 20 7 1  1.27424e-41 1.10608e-41 2.19525e-15 8.39836e-16 8.96313e-34
5 20 8 1  4.39927e-46 9.43049e-46 7.65198e-46 5.1168e-20 7.67159e-57
5 20 9 1  1.56132e-45 1.40087e-45 1.85731e-19 1.05858e-19 1.12296e-19
5 20 10 1  3.90031e-45 1.07565e-45 1.17303e-45 1.23556e-46 3.71678e-28
5 21 1 1  4.32196e-46 4.66169e-46 5.18015e-20 7.98592e-21 1.93148e-25
5 21 2 1  7.50594e-15 1.02312e-14 3.95079e-14 3.57366e-14 4.09206e-48
5 21 3 1  7.95958e-41 4.34222e-41 2.56851e-41 5.93221e-42 1.3185e-74
5 21 4 1  5.71206e-46 2.59281e-46 2.42824e-20 1.05231e-20 1.21913e-20
5 21 5 1  1.73098e-27 3.51233e-27 0.562229 0.288664 0.298993
5 21 6 1  4.64325e-41 6.05439e-41 5.62648e-41 1.50869e-16 3.60746e-130
5 21 7 1  1.74479e-41 1.53011e-41 3.16418e-15 1.28641e-15 1.22373e-33
5 21 8 1  4.635e-45 9.40552e-46 1.14381e-45 9.03866e-20 9.25213e-57
5 21 9 1  2.12235e-45 2.14682e-45 3.34663e-19 1.81551e-19 1.69147e-19
5 21 10 1  1.87062e-45 5.06716e-45 1.57762e-45 3.42135e-46 3.83622e-28
5 22 1 1  3.59475e-46 3.71775e-46 4.63318e-20 1.01634e-20 1.10783e-25
5 22 2 1  6.39095e-14 8.31798e-15 2.38965e-14 3.60856e-14 3.09867e-48
5 22 3 1  3.94497e-41 4.9302e-41 2.58088e-41 7.52229e-42 1.05385e-74
5 22 4 1  5.09904e-46 2.48962e-46 2.2926e-20 9.62863e-21 1.01969e-20
5 22 5 1  1.07337e-27 3.0033e-27 0.554066 0.289295 0.279589
5 22 6 1  2.33968e-41 5.23643e-41 5.36365e-41 1.1996e-16 2.93603e-130
5 22 7 1  1.43301e-41 1.28355e-41 2.75912e-15 1.19074e-15 1.01694e-33
5 22 8 1  1.79184e-45 2.27134e-45 9.43307e-46 9.43678e-20 6.94627e-57
5 22 9 1  1.85244e-45 1.87197e-45 3.36914e-19 1.89615e-19 1.55071e-19
5 22 10 1  1.19294e-45 2.96257e-45 2.64085e-45 3.79424e-46 2.3567e-28
5 23 1 1  7.53822e-46 4.44674e-46 5.81057e-20 1.59539e-20 9.37602e-26
5 23 2 1  9.55637e-15 7.66306e-14 2.28522e-14 4.78119e-14 3.45198e-48
5 23 3 1  2.94483e-41 5.67386e-41 4.00116e-41 1.28885e-41 1.23826e-74
5 23 4 1  6.52735e-46 3.36789e-46 3.14348e-20 1.28691e-20 1.24889e-20
5 23 5 1  4.9647e-27 3.35766e-27 0.764867 0.423876 0.38742
5 23 6 1  5.72506e-41 5.67134e-41 7.37992e-41 1.40226e-16 3.51223e-130
5 23 7 1  1.75362e-41 1.5783e-41 3.51968e-15 1.60947e-15 1.24204e-33
5 23 8 1  1.165e-45 2.53597e-45 1.72454e-45 1.3735e-19 7.74473e-57
5 23 9 1  2.82715e-45 2.41485e-45 4.74224e-19 2.89171e-19 2.14151e-19
5 23 10 1  9.24415e-46 2.65848e-45 3.29352e-45 7.3405e-46 2.04742e-28
5 24 1 1  6.36887e-46 6.43563e-46 6.20586e-20 1.98514e-20 6.93181e-26
5 24 2 1  5.0418e-15 3.61182e-14 6.78061e-14 5.67347e-14 3.6186e-48
5 24 3 1  2.09486e-41 5.39649e-41 5.24537e-41 2.00991e-41 1.36386e-74
5 24 4 1  7.63668e-46 4.17993e-46 4.03038e-20 1.63583e-20 1.4627e-20
5 24 5 1  5.93193e-27 7.23855e-27 0.931173 0.571811 0.50579
5 24 6 1  6.20562e-41 7.60394e-41 9.17943e-41 1.53708e-16 3.93401e-130
5 24 7 1  2.038e-41 1.82479e-41 4.19136e-15 2.02397e-15 1.41868e-33
5 24 8 1  8.08088e-46 2.12286e-45 2.30581e-45 1.92449e-19 7.81041e-57
5 24 9 1  6.9728e-45 2.91732e-45 5.63269e-19 3.74035e-19 2.61613e-19
5 24 10 1  1.5022e-45 2.10502e-45 3.17309e-45 9.75931e-46 1.5227e-28
5 25 1 1  4.17413e-46 5.9626e-46 6.21404e-20 1.80365e-20 3.97175e-26
5 25 2 1  9.17664e-15 1.47587e-14 5.85857e-14 6.81747e-14 3.1791e-48
5 25 3 1  1.44994e-41 4.01924e-41 5.23781e-41 2.4962e-41 1.25908e-74
5 25 4 1  7.13107e-46 4.22913e-46 4.26462e-20 1.74707e-20 1.45784e-20
5 25 5 1  9.33749e-27 9.15018e-27 1.15331 0.628869 0.556009
5 25 6 1  8.06488e-41 7.84648e-41 9.68384e-41 1.41214e-16 3.69376e-130
5 25 7 1  1.97712e-41 1.77143e-41 4.17085e-15 2.12279e-15 1.35872e-33
5 25 8 1  7.05957e-46 1.39741e-45 2.19213e-45 2.206e-19 6.53063e-57
5 25 9 1  4.83943e-45 4.26657e-45 5.54083e-19 3.87765e-19 2.6561e-19
5 25 10 1  1.01049e-45 2.02482e-45 2.38621e-45 9.50217e-46 9.46993e-29
5 26 1 1  3.05354e-46 4.43199e-46 5.17357e-20 1.49181e-20 1.99562e-26
5 26 2 1  6.35368e-14 1.17264e-14 3.86769e-14 7.07e-14 2.61833e-48
5 26 3 1  1.21622e-41 2.7728e-41 4.57568e-41 2.74462e-41 1.08702e-74
5 26 4 1  6.98762e-46 3.76161e-46 4.00871e-20 1.68276e-20 1.33528e-20
5 26 5 1  4.63087e-26 1.22808e-26 1.34701 0.667533 0.570813
5 26 6 1  9.04727e-41 8.35287e-41 9.53848e-41 1.21356e-16 3.24094e-130
5 26 7 1  1.79697e-41 1.61281e-41 3.87035e-15 2.06962e-15 1.21507e-33
5 26 8 1  5.31642e-46 9.41948e-46 1.79138e-45 2.25951e-19 5.12122e-57
5 26 9 1  3.1459e-45 3.89614e-45 5.95844e-19 3.68564e-19 2.52055e-19
5 26 10 1  1.11365e-45 1.49917e-45 1.9152e-45 8.24248e-46 5.73209e-29
5 27 1 1  4.10276e-46 4.74449e-46 6.27807e-20 1.82079e-20 1.4745e-26
5 27 2 1  5.05099e-14 8.04191e-14 3.77744e-14 9.54777e-14 3.047e-48
5 27 3 1  1.48986e-41 2.82691e-41 5.40974e-41 4.04907e-41 1.31778e-74
5 27 4 1  9.13796e-46 4.91053e-46 5.13995e-20 2.23854e-20 1.72626e-20
5 27 5 1  5.19997e-26 6.02836e-26 2.35174 1.02193 0.823525
5 27 6 1  1.58752e-40 1.28853e-40 1.34415e-40 1.4653e-16 3.98466e-130
5 27 7 1  2.33803e-41 2.0737e-41 5.03298e-15 2.81223e-15 1.51906e-33
5 27 8 1  6.25681e-46 9.24167e-46 1.96938e-45 3.06143e-19 5.57626e-57
5 27 9 1  3.82534e-45 4.29221e-45 8.25933e-19 5.03304e-19 3.30982e-19
5 27 10 1  9.50533e-46 1.96196e-45 1.67594e-45 7.89961e-46 3.90871e-29
5 28 1 1  4.07799e-46 3.28129e-46 4.86167e-20 1.61831e-20 7.94745e-27
5 28 2 1  1.2846e-14 5.13369e-14 5.10955e-14 7.02513e-14 2.01672e-48
5 28 3 1  1.1744e-41 1.71413e-41 3.55255e-41 3.2622e-41 9.06567e-75
5 28 4 1  6.44224e-46 3.61006e-46 3.78158e-20 1.67003e-20 1.27959e-20
5 28 5 1  1.01826e-26 5.91928e-26 4.21373 0.92569 0.678974
5 28 6 1  8.2284e-41 1.19857e-40 1.09469e-40 1.00425e-16 2.77794e-130
5 28 7 1  1.73479e-41 1.52178e-41 3.71166e-15 2.15835e-15 1.07597e-33
5 28 8 1  2.80075e-45 5.66856e-46 1.23978e-45 2.32405e-19 3.53498e-57
5 28 9 1  3.41923e-45 3.0046e-45 6.41796e-19 4.22922e-19 2.68005e-19
5 28 10 1  1.37959e-45 1.14999e-45 8.96097e-46 3.18275e-46 1.14831e-29
5 29 1 1  3.87889e-46 1.97041e-46 2.71798e-20 1.05126e-20 3.29891e-27
5 29 2 1  6.29839e-15 1.44386e-14 3.23412e-14 4.17506e-14 9.82709e-49
5 29 3 1  8.11963e-42 8.23244e-42 1.69517e-41 1.87778e-41 4.60258e-75
5 29 4 1  3.68195e-46 1.88582e-46 1.98957e-20 8.86092e-21 6.79506e-21
5 29 5 1  6.48893e-27 2.40484e-26 3.82548 0.822366 0.419608
5 29 6 1  6.04035e-41 6.47349e-41 6.73589e-41 5.07812e-17 1.43031e-130
5 29 7 1  9.65683e-42 8.26681e-42 2.0217e-15 1.22051e-15 5.63458e-34
5 29 8 1  7.84826e-46 9.08482e-46 5.92579e-46 1.30583e-19 1.70957e-57
5 29 9 1  2.02513e-45 1.73986e-45 3.59531e-19 2.59166e-19 1.63301e-19
5 29 10 1  1.22565e-45 8.69896e-46 4.37734e-46 1.26243e-46 3.04209e-30
5 30 1 1  2.12193e-46 2.21716e-46 2.17383e-20 8.96714e-21 1.89389e-27
5 30 2 1  6.99739e-15 8.06217e-15 2.18803e-14 3.74213e-14 7.13331e-49
5 30 3 1  5.88953e-42 6.71803e-42 1.2057e-41 1.57184e-41 3.48219e-75
5 30 4 1  4.23923e-46 1.59947e-46 1.6254e-20 7.29637e-21 5.61849e-21
5 30 5 1  1.13693e-26 1.61559e-26 3.59338 1.10008 0.41299
5 30 6 1  3.18098e-41 5.83792e-41 6.01857e-41 3.8265e-17 1.0976e-130
5 30 7 1  8.36189e-42 6.74615e-42 1.64261e-15 1.02621e-15 4.39939e-34
5 30 8 1  1.11917e-45 7.16616e-46 5.94863e-46 1.09132e-19 1.2572e-57
5 30 9 1  1.52222e-45 1.48803e-45 2.97799e-19 2.26107e-19 1.45639e-19
5 30 10 1  6.95009e-46 1.10878e-45 4.41173e-46 9.5005e-47 1.41662e-30
5 31 1 1  6.37967e-47 9.31706e-47 9.88933e-21 3.52308e-21 5.11048e-28
5 31 2 1  1.03374e-14 3.91993e-15 7.74544e-15 1.7625e-14 2.86457e-49
5 31 3 1  2.30006e-42 2.89743e-42 4.84903e-42 7.14963e-42 1.45674e-75
5 31 4 1  2.31759e-46 9.07623e-47 8.03712e-21 3.56877e-21 2.76577e-21
5 31 5 1  2.02833e-27 8.64737e-27 1.679 0.691717 0.241781
5 31 6 1  1.1688e-41 2.42158e-41 2.9809e-41 1.59438e-17 4.65693e-131
5 31 7 1  4.02889e-42 3.0948e-42 7.39736e-16 4.76207e-16 1.89983e-34
5 31 8 1  3.45781e-46 4.18164e-46 2.97631e-46 5.08167e-20 5.01655e-58
5 31 9 1  6.83248e-46 6.52648e-46 1.35283e-19 1.05443e-19 7.01679e-20
5 31 10 1  9.29117e-47 4.57676e-46 2.90413e-46 4.4824e-47 3.64459e-31
5 32 1 1  3.80325e-47 6.09017e-47 7.27445e-21 2.34573e-21 2.22635e-28
5 32 2 1  1.89824e-15 8.53241e-15 5.39807e-15 1.42062e-14 2.05424e-49
5 32 3 1  2.08718e-42 2.15553e-42 3.52175e-42 5.74335e-42 1.09077e-75
5 32 4 1  1.62923e-46 9.33538e-47 7.86165e-21 3.26641e-21 2.53256e-21
5 32 5 1  1.08884e-27 5.53408e-27 1.46032 0.695496 0.258783
5 32 6 1  8.50936e-41 1.73535e-41 2.55768e-41 1.18875e-17 3.53982e-131
5 32 7 1  3.72096e-42 2.57552e-42 5.98923e-16 3.95653e-16 1.47231e-34
5 32 8 1  1.73933e-46 3.09606e-46 2.76374e-46 4.2068e-20 3.51974e-58
5 32 9 1  5.10187e-46 5.05269e-46 1.06133e-19 8.53388e-20 5.87485e-20
5 32 10 1  8.30797e-47 2.08469e-46 2.51163e-46 4.45975e-47 1.67214e-31
5 33 1 1  7.27391e-47 1.21353e-46 1.69464e-20 5.45436e-21 3.26791e-28
5 33 2 1  4.37079e-14 1.02906e-14 1.98673e-14 3.43613e-14 4.4997e-49
5 33 3 1  7.21084e-41 5.27412e-42 7.8458e-42 1.39728e-41 2.49677e-75
5 33 4 1  3.5178e-46 2.55531e-46 2.49241e-20 9.7373e-21 7.34397e-21
5 33 5 1  1.5913e-26 1.03901e-26 3.5625 2.03822 0.833024
5 33 6 1  1.34696e-40 1.28886e-40 6.52794e-41 2.70918e-17 8.22907e-131
5 33 7 1  1.08276e-41 6.7399e-42 1.49034e-15 1.00482e-15 3.49358e-34
5 33 8 1  2.86904e-46 6.14688e-46 7.38542e-46 1.10447e-19 7.67978e-58
5 33 9 1  1.59557e-45 1.15738e-45 2.49e-19 2.05751e-19 1.46883e-19
5 33 10 1  2.19232e-46 3.75584e-46 5.29355e-46 1.37359e-46 2.55657e-31
5 34 1 1  4.57313e-47 5.81449e-47 9.19746e-21 3.30541e-21 1.24906e-28
5 34 2 1  1.00145e-14 2.52858e-14 1.0228e-14 2.11472e-14 2.3691e-49
5 34 3 1  2.61508e-41 1.9131e-41 4.27246e-42 8.11704e-42 1.37514e-75
5 34 4 1  1.85985e-46 1.5582e-46 1.80327e-20 7.26694e-21 5.22395e-21
5 34 5 1  1.62757e-26 1.15301e-26 1.9706 1.36202 0.630276
5 34 6 1  1.31731e-40 8.82448e-41 5.04934e-41 1.48544e-17 4.6051e-131
5 34 7 1  7.6341e-42 4.37639e-42 8.99728e-16 6.14251e-16 1.99786e-34
5 34 8 1  1.94282e-46 2.80084e-46 4.40888e-46 7.07693e-20 4.0751e-58
5 34 9 1  2.10344e-45 7.56607e-46 1.43593e-19 1.22037e-19 9.04341e-20
5 34 10 1  1.63971e-46 1.97971e-46 2.66722e-46 9.48296e-47 1.04408e-31
5 35 1 1  4.91694e-47 1.85067e-47 2.97131e-21 1.1931e-21 2.95806e-29
5 35 2 1  3.99593e-16 5.72358e-15 7.21799e-15 7.52344e-15 7.41728e-50
5 35 3 1  6.44603e-42 7.73021e-42 2.88237e-42 2.79248e-42 4.51149e-76
5 35 4 1  6.2658e-47 5.34921e-47 7.1543e-21 3.14584e-21 2.2106e-21
5 35 5 1  4.21339e-27 7.19146e-27 0.781532 0.516566 0.276051
5 35 6 1  5.56713e-41 4.24874e-41 2.23837e-41 4.85074e-18 1.53595e-131
5 35 7 1  2.87477e-42 1.737e-42 3.27247e-16 2.23912e-16 6.81777e-35
5 35 8 1  1.40674e-46 8.66311e-47 1.46165e-46 2.64935e-20 1.27874e-58
5 35 9 1  6.51386e-46 4.5552e-46 5.30767e-20 4.41011e-20 3.396e-20
5 35 10 1  4.35332e-47 7.67414e-47 8.42202e-47 3.54314e-47 2.59953e-32
5 36 1 1  1.91113e-47 5.35206e-48 5.11426e-22 2.28536e-22 3.85658e-30
5 36 2 1  6.26712e-16 3.26389e-16 1.22118e-15 1.42839e-15 1.0898e-50
5 36 3 1  7.25241e-43 1.18745e-42 6.87664e-43 4.81894e-43 6.93992e-77
5 36 4 1  1.06067e-46 8.63962e-48 1.26829e-21 6.18668e-22 4.43541e-22
5 36 5 1  3.11811e-27 1.28632e-27 0.173459 0.0928163 0.0549128
5 36 6 1  5.46274e-42 8.96652e-42 4.7701e-42 7.42813e-19 2.40095e-132
5 36 7 1  4.84962e-43 3.19525e-43 5.65169e-17 3.8255e-17 1.09001e-35
5 36 8 1  1.9248e-47 1.9138e-47 2.23508e-47 4.5439e-21 1.87312e-59
5 36 9 1  9.03523e-47 9.0481e-47 1.17038e-20 7.79349e-21 6.16226e-21
5 36 10 1  5.67448e-48 1.11963e-47 1.51973e-47 6.75787e-48 3.48568e-33
5 37 1 1  2.50276e-46 1.25764e-46 7.57679e-21 2.95968e-21 3.51199e-29
5 37 2 1  9.82268e-16 7.15432e-15 9.59421e-15 1.748e-14 1.05971e-49
5 37 3 1  1.40915e-40 1.08816e-41 8.98089e-42 5.77708e-42 7.04636e-76
5 37 4 1  8.62847e-46 3.52568e-46 1.46615e-20 7.85682e-21 5.96215e-21
5 37 5 1  3.53785e-26 3.65667e-26 2.32459 1.16411 0.705363
5 37 6 1  7.06999e-41 9.24162e-41 6.70677e-41 7.5104e-18 2.4744e-131
5 37 7 1  5.2564e-42 3.80227e-42 6.50158e-16 4.30951e-16 1.1473e-34
5 37 8 1  1.49942e-46 2.18161e-46 2.48587e-46 5.1065e-20 1.8259e-58
5 37 9 1  8.34502e-46 1.00317e-45 1.61669e-19 9.64021e-20 7.32414e-20
5 37 10 1  1.06952e-46 1.0185e-46 1.78778e-46 9.24141e-47 3.4007e-32
5 38 1 1  2.02684e-46 1.51331e-46 1.10549e-20 3.00159e-21 2.40036e-29
5 38 2 1  1.11089e-15 2.35526e-15 7.78731e-15 1.47081e-14 7.703e-50
5 38 3 1  5.95315e-41 5.11491e-41 7.77671e-42 5.25707e-42 5.34334e-76
5 38 4 1  5.34029e-46 3.76696e-46 2.3448e-20 7.22737e-21 5.93372e-21
5 38 5 1  4.62811e-27 4.16919e-26 3.35564 1.11169 0.672974
5 38 6 1  2.95591e-41 7.6658e-41 6.4766e-41 5.67209e-18 1.90347e-131
5 38 7 1  4.18417e-42 3.31033e-42 5.61797e-16 3.62861e-16 9.00728e-35
5 38 8 1  8.0656e-47 1.60399e-46 2.11537e-46 4.34787e-20 1.34919e-58
5 38 9 1  5.23492e-46 7.48789e-46 1.47031e-19 8.92817e-20 6.33385e-20
5 38 10 1  6.00283e-47 1.07622e-46 1.47779e-46 9.2499e-47 2.52903e-32
5 39 1 1  9.66657e-47 1.18167e-46 1.19046e-20 2.92071e-21 1.3761e-29
5 39 2 1  7.19039e-16 1.06837e-15 3.70055e-15 9.72289e-15 4.43334e-50
5 39 3 1  2.04503e-41 3.48351e-41 1.23526e-41 3.75863e-42 3.21832e-76
5 39 4 1  2.65438e-46 2.58302e-46 2.35778e-20 6.745e-21 4.62669e-21
5 39 5 1  1.7191e-26 1.85526e-26 3.37626 0.975447 0.510878
5 39 6 1  3.81301e-41 4.13039e-41 4.78386e-41 3.40153e-18 1.16405e-131
5 39 7 1  2.60518e-42 2.24907e-42 3.87137e-16 2.43719e-16 5.62921e-35
5 39 8 1  3.77449e-47 8.53223e-47 1.4002e-46 2.98789e-20 8.04455e-59
5 39 9 1  2.77107e-46 4.17612e-46 9.85653e-20 6.52642e-20 4.39809e-20
5 39 10 1  3.76163e-47 6.13784e-47 1.06851e-46 7.17967e-47 1.52814e-32
5 40 1 1  6.44299e-47 8.70139e-47 1.28774e-20 3.5678e-21 9.48645e-30
5 40 2 1  6.56975e-16 7.0504e-16 2.00146e-15 7.07858e-15 2.93802e-50
5 40 3 1  8.52639e-42 2.13963e-41 1.35655e-41 3.77167e-42 2.23682e-76
5 40 4 1  1.54825e-46 1.85878e-46 2.26652e-20 7.55176e-21 4.34812e-21
5 40 5 1  6.78367e-27 1.87758e-26 2.77631 1.04529 0.460883
5 40 6 1  1.11876e-40 3.34415e-41 3.83033e-41 2.35341e-18 8.22044e-132
5 40 7 1  1.94409e-42 1.73633e-42 3.08e-16 1.89676e-16 4.06786e-35
5 40 8 1  2.31481e-47 5.1165e-47 1.03328e-46 2.39063e-20 5.61146e-59
5 40 9 1  1.92038e-46 2.64674e-46 7.18356e-20 5.36588e-20 3.56105e-20
5 40 10 1  3.22722e-47 4.27206e-47 8.36863e-47 6.41206e-47 1.07896e-32
5 41 1 1  5.01285e-47 6.71509e-47 1.28817e-20 4.55343e-21 7.1898e-30
5 41 2 1  1.54185e-15 6.28878e-16 1.22526e-15 5.39531e-15 2.09987e-50
5 41 3 1  4.11814e-42 1.28489e-41 1.25528e-41 4.21013e-42 1.67768e-76
5 41 4 1  1.00653e-46 1.37955e-46 2.10077e-20 8.50353e-21 4.65365e-21
5 41 5 1  3.39826e-27 1.34803e-26 2.64889 1.08824 0.466379
5 41 6 1  4.39309e-41 5.98851e-41 3.315e-41 1.75698e-18 6.26646e-132
5 41 7 1  1.62006e-42 1.44196e-42 2.63921e-16 1.59815e-16 3.17596e-35
5 41 8 1  2.28537e-47 3.35589e-47 7.95965e-47 2.05284e-20 4.24233e-59
5 41 9 1  1.61407e-46 1.86006e-46 5.40799e-20 4.58597e-20 3.11323e-20
5 41 10 1  1.01447e-46 3.63972e-47 6.88755e-47 6.04064e-47 8.24817e-33
5 42 1 1  1.05867e-46 1.11279e-47 2.52887e-21 1.1423e-21 1.17438e-30
5 42 2 1  3.23529e-16 2.64854e-16 1.77846e-16 8.566e-16 3.1852e-51
5 42 3 1  4.89982e-43 1.56486e-42 2.15294e-42 9.38786e-43 2.67753e-77
5 42 4 1  1.48536e-47 2.14044e-47 3.8792e-21 1.88562e-21 1.08875e-21
5 42 5 1  1.52733e-27 1.84285e-27 0.487698 0.233828 0.101285
5 42 6 1  4.73367e-41 1.01371e-41 7.18176e-42 2.79041e-19 1.01748e-132
5 42 7 1  3.02343e-43 2.56093e-43 4.80754e-17 2.87801e-17 5.29193e-36
5 42 8 1  6.34644e-48 5.43491e-48 1.28361e-47 3.73774e-21 6.88685e-60
5 42 9 1  3.11283e-47 3.04969e-47 8.74039e-21 8.28952e-21 5.93144e-21
5 42 10 1  3.15369e-47 1.7528e-47 1.22806e-47 1.1916e-47 1.35316e-33
6 1 1 1  5.03893e-20 7.77267e-19 3.44657e-19 9.72642e-21 9.9349e-21
6 1 2 1  1.83394e-156 3.47946e-115 1.73578e-14 4.76539e-58 3.80882e-46
6 1 3 1  4.86623e-29 1.22742e-15 9.39299e-16 9.41051e-16 3.35195e-73
6 1 4 1  3.2011e-22 1.13938e-19 1.65797e-35 1.39369e-19 8.68172e-32
6 1 5 1  9.59511e-16 5.17877e-25 1.62925e-15 1.27683e-16 1.37049e-18
6 1 6 1  37.4084 4.07989e-41 7.14184 4.33929 5.94176e-114
6 1 7 1  6.02326e-69 4.21188e-15 7.05411e-15 1.85167e-15 1.23244e-32
6 1 8 1  4.92103e-20 1.49458e-18 6.96437e-19 1.16326e-20 1.63429e-54
6 1 9 1  1.70498e-38 5.56073e-20 1.24425e-18 6.23451e-19 1.43326e-30
6 1 10 1  7.42677e-19 9.56162e-19 2.78091e-19 5.21231e-20 1.08309e-20
6 2 1 1  2.25541e-20 1.34416e-19 1.28187e-19 1.78119e-20 2.38751e-21
6 2 2 1  4.46593e-16 2.66166e-116 2.54681e-15 1.33002e-15 9.29992e-47
6 2 3 1  1.06345e-16 1.90413e-16 2.71473e-16 2.74533e-16 9.06044e-74
6 2 4 1  4.57476e-21 2.43907e-20 7.88754e-21 3.01844e-20 9.26909e-21
6 2 5 1  2.07408e-16 2.16776e-16 3.48227e-16 1.15498e-16 5.34529e-18
6 2 6 1  5.42753 4.91793 1.77012 1.16193 1.65837e-114
6 2 7 1  2.3061e-16 9.10248e-16 1.96259e-15 6.26796e-16 3.55939e-33
6 2 8 1  5.68273e-20 2.1493e-19 2.69623e-19 2.78769e-20 4.26749e-55
6 2 9 1  7.27185e-20 9.86179e-21 2.61354e-19 2.31077e-19 2.45644e-20
6 2 10 1  1.25873e-19 2.70136e-19 1.38079e-19 1.67298e-20 1.84306e-21
6 3 1 1  5.05594e-20 9.30414e-20 1.29725e-19 3.7119e-20 2.12768e-21
6 3 2 1  3.61122e-16 4.39787e-16 1.42599e-15 1.90655e-15 8.56059e-47
6 3 3 1  2.44664e-16 1.58447e-16 2.54386e-16 3.00655e-16 9.16907e-74
6 3 4 1  1.13103e-20 2.08583e-20 1.27143e-20 2.65297e-20 1.73786e-20
6 3 5 1  1.47629e-16 3.09263e-16 3.43252e-16 1.719e-16 2.2456e-17
6 3 6 1  7.73632 5.90523 2.6886 1.16541 1.73047e-114
6 3 7 1  5.03402e-16 7.83888e-16 2.01083e-15 7.70042e-16 3.83974e-33
6 3 8 1  6.53776e-20 1.3851e-19 2.7049e-19 6.11983e-20 4.06847e-55
6 3 9 1  1.25792e-19 4.06433e-20 2.05411e-19 2.7034e-19 5.94349e-20
6 3 10 1  6.6346e-19 2.15995e-19 1.58189e-19 2.29918e-20 1.05516e-21
6 4 1 1  3.93042e-19 5.97983e-20 8.7645e-20 4.00275e-20 1.3932e-21
6 4 2 1  4.70055e-16 3.65068e-16 8.0562e-16 1.5818e-15 5.94272e-47
6 4 3 1  3.09794e-16 1.50744e-16 1.7668e-16 2.4311e-16 6.94567e-74
6 4 4 1  1.39565e-20 1.48901e-20 1.17417e-20 1.85346e-20 1.8757e-20
6 4 5 1  6.43379e-17 2.37894e-16 2.75319e-16 1.65843e-16 3.65409e-17
6 4 6 1  6.20888 5.84199 2.83407 0.875473 1.34927e-114
6 4 7 1  6.25968e-16 5.52258e-16 1.52828e-15 6.90566e-16 3.09094e-33
6 4 8 1  4.55379e-19 7.49555e-20 1.78311e-19 6.62981e-20 2.78042e-55
6 4 9 1  1.19274e-19 6.39066e-20 1.28819e-19 2.15916e-19 7.512e-20
6 4 10 1  1.08254e-19 5.01264e-19 1.01701e-19 1.8169e-20 3.84132e-22
6 5 1 1  3.40929e-19 3.34106e-19 1.17826e-19 7.40509e-20 1.83679e-21
6 5 2 1  1.49318e-15 9.25571e-16 1.10245e-15 2.66045e-15 8.89082e-47
6 5 3 1  5.92267e-16 3.64526e-16 2.83045e-16 4.15955e-16 1.12643e-73
6 5 4 1  3.69964e-20 2.53123e-20 2.13262e-20 2.87887e-20 3.91783e-20
6 5 5 1  9.06285e-17 3.2649e-16 4.68953e-16 3.24671e-16 1.0064e-16
6 5 6 1  6.72315 11.3459 6.30762 1.40883 2.24861e-114
6 5 7 1  1.42424e-15 9.21975e-16 2.47811e-15 1.29945e-15 5.31071e-33
6 5 8 1  3.30185e-19 4.12822e-19 2.46272e-19 1.3158e-19 4.09042e-55
6 5 9 1  2.19612e-19 1.57214e-19 1.95884e-19 3.56248e-19 1.74364e-19
6 5 10 1  5.01236e-19 4.77468e-19 3.6761e-19 2.78874e-20 3.02125e-22
6 6 1 1  1.77055e-19 2.67792e-19 1.27015e-19 5.67231e-20 1.08959e-21
6 6 2 1  2.72516e-15 1.3376e-15 9.1604e-16 2.07116e-15 6.31118e-47
6 6 3 1  4.90919e-16 3.6638e-16 2.41032e-16 3.35203e-16 8.64015e-74
6 6 4 1  3.86151e-20 2.32116e-20 1.80194e-20 2.17871e-20 3.69144e-20
6 6 5 1  1.88876e-16 2.14468e-16 3.605e-16 2.90297e-16 1.16593e-16
6 6 6 1  5.10168 8.40748 6.39517 1.07257 1.77144e-114
6 6 7 1  1.42245e-15 7.8602e-16 1.90397e-15 1.14e-15 4.31246e-33
6 6 8 1  1.49096e-19 2.84458e-19 2.35755e-19 1.14771e-19 2.88297e-55
6 6 9 1  1.90884e-19 1.57833e-19 1.58363e-19 2.76602e-19 1.7639e-19
6 6 10 1  1.56204e-19 4.83765e-19 2.07991e-19 3.02897e-20 9.93515e-23
6 7 1 1  1.33402e-19 1.66628e-19 1.12184e-19 4.62424e-20 6.28867e-22
6 7 2 1  3.52998e-15 2.13267e-15 9.24522e-16 1.46351e-15 4.027e-47
6 7 3 1  5.21559e-16 3.01604e-16 1.95125e-16 2.43829e-16 5.94765e-74
6 7 4 1  3.42792e-20 2.00163e-20 1.40178e-20 1.51558e-20 3.03799e-20
6 7 5 1  8.93666e-17 2.04787e-16 2.41208e-16 2.25052e-16 1.12755e-16
6 7 6 1  7.01625 5.66222 5.36783 0.732899 1.25213e-114
6 7 7 1  1.18763e-15 6.30402e-16 1.3198e-15 8.87673e-16 3.14238e-33
6 7 8 1  2.41126e-19 1.49675e-19 1.78633e-19 9.12837e-20 1.81593e-55
6 7 9 1  1.60004e-19 1.34543e-19 1.24166e-19 1.96464e-19 1.53743e-19
6 7 10 1  8.31632e-20 2.28948e-19 1.80349e-19 1.91535e-20 2.88094e-23
6 8 1 1  8.20585e-20 1.39068e-19 1.04647e-19 4.82284e-20 4.5283e-22
6 8 2 1  1.48307e-14 3.58995e-15 1.6007e-15 1.38521e-15 3.25144e-47
6 8 3 1  6.36246e-16 3.58874e-16 2.01616e-16 2.2646e-16 5.15848e-74
6 8 4 1  3.48122e-20 2.17249e-20 1.40045e-20 1.34412e-20 3.0534e-20
6 8 5 1  3.40849e-16 1.78357e-16 2.196e-16 2.13246e-16 1.30262e-16
6 8 6 1  11.3174 6.42156 5.44031 0.631202 1.11381e-114
6 8 7 1  1.21885e-15 6.4742e-16 1.16208e-15 8.62148e-16 2.8787e-33
6 8 8 1  1.23484e-19 1.68727e-19 1.53892e-19 9.06744e-20 1.44197e-55
6 8 9 1  1.69645e-19 1.42894e-19 1.25629e-19 1.77802e-19 1.62516e-19
6 8 10 1  1.74239e-19 1.44326e-19 1.54127e-19 2.65255e-20 1.51128e-23
6 9 1 1  2.9482e-19 1.08288e-19 9.51099e-20 4.84913e-20 3.25006e-22
6 9 2 1  3.19775e-14 1.41691e-14 2.83382e-15 1.56444e-15 2.72619e-47
6 9 3 1  7.02708e-16 4.50744e-16 2.28505e-16 2.20458e-16 4.61912e-74
6 9 4 1  3.69379e-20 2.35206e-20 1.46415e-20 1.24888e-20 3.08802e-20
6 9 5 1  1.01666e-16 3.70577e-16 2.04574e-16 2.06684e-16 1.4892e-16
6 9 6 1  6.10161 9.13545 5.8559 0.561563 1.02102e-114
6 9 7 1  1.30211e-15 6.90126e-16 1.06651e-15 8.5656e-16 2.71253e-33
6 9 8 1  2.51089e-19 1.34033e-19 1.49794e-19 9.12438e-20 1.19242e-55
6 9 9 1  1.591e-19 1.54557e-19 1.31722e-19 1.67006e-19 1.71179e-19
6 9 10 1  1.07062e-19 1.91678e-19 1.05057e-19 2.59395e-20 7.36337e-24
6 10 1 1  1.51649e-19 1.63607e-19 7.52477e-20 4.38283e-20 2.15406e-22
6 10 2 1  3.13618e-15 2.99788e-14 8.77394e-15 1.92665e-15 2.13885e-47
6 10 3 1  7.22874e-16 4.9461e-16 2.53561e-16 2.03822e-16 3.82935e-74
6 10 4 1  3.54124e-20 2.31243e-20 1.41677e-20 1.09403e-20 2.83496e-20
6 10 5 1  1.42498e-16 2.70293e-16 2.28465e-16 1.8353e-16 1.52259e-16
6 10 6 1  3.19225 7.88849 6.30215 0.463031 8.63379e-115
6 10 7 1  1.97334e-14 6.8756e-16 9.15701e-16 7.79695e-16 2.34806e-33
6 10 8 1  1.73649e-19 1.62185e-19 1.27134e-19 8.38241e-20 9.02641e-56
6 10 9 1  1.37548e-19 1.43923e-19 1.27953e-19 1.46598e-19 1.62795e-19
6 10 10 1  7.8649e-20 1.45189e-19 8.80733e-20 1.64679e-20 2.74343e-24
6 11 1 1  4.67254e-19 2.06553e-19 1.08766e-19 5.26644e-20 1.96183e-22
6 11 2 1  3.68896e-14 1.53681e-14 3.02639e-14 5.70127e-15 2.55533e-47
6 11 3 1  1.18482e-15 7.91579e-16 4.27394e-16 2.94037e-16 4.80326e-74
6 11 4 1  5.22475e-20 3.34207e-20 2.04226e-20 1.45974e-20 3.84078e-20
6 11 5 1  2.22971e-16 3.77296e-16 3.327e-16 2.57317e-16 2.29544e-16
6 11 6 1  3.64511 9.00138 9.78936 0.578058 1.10175e-114
6 11 7 1  2.00835e-14 5.54137e-15 1.20443e-15 1.06603e-15 3.05796e-33
6 11 8 1  1.24156e-19 2.12155e-19 1.79416e-19 1.1251e-19 1.00998e-55
6 11 9 1  1.96396e-19 1.93855e-19 1.82635e-19 1.95725e-19 2.28699e-19
6 11 10 1  1.33191e-18 1.63145e-19 1.0847e-19 1.82272e-20 1.55898e-24
6 12 1 1  3.01361e-19 3.49044e-19 1.2147e-19 5.34542e-20 1.43689e-22
6 12 2 1  1.01164e-14 4.31345e-14 2.96349e-14 1.57576e-14 2.60193e-47
6 12 3 1  1.81725e-15 1.0814e-15 5.99274e-16 3.7098e-16 5.1315e-74
6 12 4 1  6.28856e-20 4.01658e-20 2.42238e-20 1.63823e-20 4.27242e-20
6 12 5 1  1.81496e-16 4.69111e-16 4.07462e-16 3.09569e-16 2.91308e-16
6 12 6 1  13.0831 8.69832 12.1787 0.614747 1.19634e-114
6 12 7 1  1.73882e-14 9.09205e-15 1.96868e-15 1.23691e-15 3.38441e-33
6 12 8 1  3.50432e-19 1.83027e-19 2.11785e-19 1.30744e-19 9.68575e-56
6 12 9 1  2.35586e-19 2.30054e-19 2.19896e-19 2.27949e-19 2.74822e-19
6 12 10 1  2.41515e-19 1.3158e-18 9.25878e-20 1.62001e-20 6.72752e-25
6 13 1 1  1.40571e-19 2.38064e-19 1.05246e-19 3.49416e-20 6.59003e-23
6 13 2 1  4.44796e-15 1.63294e-14 3.18748e-14 1.71702e-14 1.78766e-47
6 13 3 1  7.7297e-15 1.05086e-15 5.59616e-16 3.22415e-16 3.70804e-74
6 13 4 1  5.13223e-20 3.1959e-20 1.89467e-20 1.22773e-20 3.12196e-20
6 13 5 1  1.79e-16 3.31176e-16 3.38912e-16 2.53016e-16 2.48441e-16
6 13 6 1  6.94024 9.12894 9.82405 0.442124 8.78924e-115
6 13 7 1  1.03276e-14 7.88568e-15 2.17878e-15 9.92637e-16 2.53447e-33
6 13 8 1  1.91042e-19 1.90753e-19 1.54129e-19 1.03287e-19 6.29679e-56
6 13 9 1  2.03815e-19 1.8366e-19 1.76464e-19 1.79075e-19 2.20421e-19
6 13 10 1  6.19008e-20 5.38933e-19 2.88909e-19 6.73807e-21 1.38728e-25
6 14 1 1  9.75111e-20 1.54207e-19 8.06378e-20 2.42229e-20 2.92003e-23
6 14 2 1  2.45855e-14 7.36704e-15 2.32742e-14 2.06871e-14 1.36904e-47
6 14 3 1  4.15694e-15 3.18756e-15 5.89972e-16 3.17098e-16 2.99596e-74
6 14 4 1  9.72653e-20 2.9066e-20 1.6829e-20 1.05295e-20 2.58066e-20
6 14 5 1  2.29567e-16 2.95989e-16 3.00177e-16 2.32256e-16 2.3595e-16
6 14 6 1  29.607 7.8945 9.2094 0.355452 7.22557e-115
6 14 7 1  7.10826e-15 6.88352e-15 2.47346e-15 9.16841e-16 2.12513e-33
6 14 8 1  1.00798e-19 1.50242e-19 1.36265e-19 8.78524e-20 4.47755e-56
6 14 9 1  2.05425e-19 1.64613e-19 1.5334e-19 1.53312e-19 1.91339e-19
6 14 10 1  1.098e-19 2.19502e-19 2.23407e-19 1.53006e-20 3.61138e-26
6 15 1 1  6.16466e-20 8.27657e-20 4.44003e-20 1.34186e-20 9.95752e-24
6 15 2 1  1.5126e-14 1.71659e-14 1.21412e-14 1.73985e-14 8.61755e-48
6 15 3 1  1.88815e-15 2.49828e-15 8.91924e-16 2.59983e-16 1.98802e-74
6 15 4 1  7.85318e-20 3.0202e-20 1.23992e-20 7.51438e-21 1.76029e-20
6 15 5 1  2.03921e-16 2.58079e-16 2.18895e-16 1.73626e-16 1.83148e-16
6 15 6 1  9.93778 13.5158 6.99752 0.234713 4.87656e-115
6 15 7 1  4.25906e-15 4.69488e-15 2.13354e-15 7.10885e-16 1.46202e-33
6 15 8 1  1.1417e-19 8.13051e-20 9.46079e-20 6.13754e-20 2.59703e-56
6 15 9 1  1.91966e-19 1.278e-19 1.1057e-19 1.08165e-19 1.36224e-19
6 15 10 1  7.64549e-20 1.22057e-19 1.13962e-19 1.84316e-20 1.2061e-26
6 16 1 1  1.0471e-19 1.52681e-19 7.48003e-20 2.27845e-20 1.04301e-23
6 16 2 1  9.94878e-15 4.31099e-14 3.87612e-14 4.33615e-14 1.79308e-47
6 16 3 1  3.41383e-15 5.18876e-15 3.05552e-15 8.32331e-16 4.35891e-74
6 16 4 1  1.83202e-19 8.77028e-20 3.30772e-20 1.71197e-20 3.80762e-20
6 16 5 1  8.08692e-16 7.51039e-16 5.55903e-16 4.26565e-16 4.67567e-16
6 16 6 1  12.5778 31.4156 21.2195 0.512124 1.08731e-114
6 16 7 1  9.0719e-15 1.03397e-14 5.74179e-15 1.8454e-15 3.32214e-33
6 16 8 1  1.91614e-19 2.01725e-19 1.97444e-19 1.38263e-19 4.86121e-56
6 16 9 1  5.81039e-19 3.61423e-19 2.71986e-19 2.55069e-19 3.2226e-19
6 16 10 1  5.74464e-19 2.53713e-19 2.02404e-19 4.34479e-20 1.35852e-26
6 17 1 1  1.25017e-19 9.97954e-20 4.74659e-20 1.34963e-20 3.82459e-24
6 17 2 1  3.10847e-14 1.79865e-14 3.94492e-14 4.155e-14 1.36498e-47
6 17 3 1  2.45915e-15 3.76141e-15 3.07749e-15 9.99203e-16 3.51142e-74
6 17 4 1  1.47855e-19 8.51096e-20 3.34321e-20 1.50509e-20 3.01833e-20
6 17 5 1  5.28629e-16 9.50355e-16 5.41441e-16 3.88427e-16 4.37871e-16
6 17 6 1  7.59018 22.4079 21.8541 0.41042 8.92119e-115
6 17 7 1  7.53438e-15 8.29e-15 5.44815e-15 1.77271e-15 2.78232e-33
6 17 8 1  1.81699e-18 1.52426e-19 1.6167e-19 1.15221e-19 3.41648e-56
6 17 9 1  6.97331e-19 3.92538e-19 2.61042e-19 2.25149e-19 2.82481e-19
6 17 10 1  4.30145e-19 4.81661e-19 1.17862e-19 2.67275e-20 4.60204e-27
6 18 1 1  8.8303e-20 1.57782e-20 6.46956e-21 1.75922e-21 3.00703e-25
6 18 2 1  2.03314e-14 5.13446e-15 4.93682e-15 7.24364e-15 1.8683e-48
6 18 3 1  7.62127e-15 4.89521e-16 4.98068e-16 2.03726e-16 5.11016e-75
6 18 4 1  2.5532e-20 1.39271e-20 6.09494e-21 2.56814e-21 4.44212e-21
6 18 5 1  9.05252e-17 1.53582e-16 1.04659e-16 6.4967e-17 7.40745e-17
6 18 6 1  1.65548 2.76893 3.73015 0.0593927 1.32455e-115
6 18 7 1  1.22812e-15 1.20304e-15 9.06127e-16 3.07859e-16 4.22467e-34
6 18 8 1  1.20532e-19 1.40806e-19 2.46884e-20 1.83314e-20 4.60482e-57
6 18 9 1  1.65913e-19 8.29931e-20 4.85324e-20 3.74024e-20 4.56894e-20
6 18 10 1  2.03603e-19 8.22194e-20 3.81406e-20 3.19844e-21 3.12537e-28
6 19 1 1  7.78693e-20 7.55257e-20 1.14361e-20 3.01418e-21 3.05189e-25
6 19 2 1  3.47157e-15 3.48278e-14 9.85174e-15 1.32583e-14 2.87322e-48
6 19 3 1  7.25295e-15 5.84707e-15 8.54454e-16 4.36053e-16 8.32765e-75
6 19 4 1  5.29564e-20 2.57983e-20 1.16974e-20 4.97132e-21 7.33519e-21
6 19 5 1  3.52092e-16 2.87022e-16 2.11731e-16 1.25924e-16 1.39896e-16
6 19 6 1  2.72258 4.45767 6.77244 0.0962599 2.19979e-115
6 19 7 1  2.26141e-15 2.00317e-15 1.65093e-15 5.94238e-16 7.16833e-34
6 19 8 1  1.29194e-19 2.17882e-19 1.02192e-19 3.24087e-20 6.93983e-57
6 19 9 1  2.84288e-19 2.09885e-19 1.0663e-19 7.15691e-20 8.28689e-20
6 19 10 1  7.30089e-20 3.43564e-19 9.77114e-20 1.2438e-20 3.91292e-28
6 20 1 1  6.25441e-20 9.13058e-20 2.86197e-20 3.72162e-21 2.20171e-25
6 20 2 1  2.76277e-15 1.66522e-14 3.2751e-14 1.82882e-14 3.26225e-48
6 20 3 1  5.42309e-15 8.16237e-15 2.74857e-15 6.52254e-16 9.97021e-75
6 20 4 1  8.29881e-20 3.619e-20 1.59543e-20 6.91604e-21 8.91673e-21
6 20 5 1  2.61144e-16 5.91012e-16 3.07093e-16 1.81218e-16 1.94196e-16
6 20 6 1  13.2151 5.35516 8.92835 0.114664 2.68031e-115
6 20 7 1  2.89336e-15 2.51152e-15 2.18241e-15 8.34924e-16 8.91071e-34
6 20 8 1  9.98923e-20 2.14134e-19 1.7375e-19 5.08687e-20 7.62672e-57
6 20 9 1  3.54522e-19 3.18088e-19 1.84644e-19 1.05239e-19 1.11639e-19
6 20 10 1  8.85627e-19 2.44242e-19 2.66355e-19 2.80554e-20 3.69504e-28
6 21 1 1  9.55408e-20 1.03051e-19 5.01362e-20 7.72919e-21 1.86939e-25
6 21 2 1  7.26464e-15 9.90226e-15 3.82378e-14 3.45877e-14 3.96051e-48
6 21 3 1  1.75954e-14 9.59887e-15 5.67792e-15 1.31137e-15 1.27611e-74
6 21 4 1  1.2627e-19 5.73165e-20 2.35017e-20 1.01848e-20 1.17994e-20
6 21 5 1  3.82648e-16 7.76433e-16 5.44155e-16 2.79384e-16 2.89381e-16
6 21 6 1  10.2643 13.3838 12.4378 0.146018 3.49149e-115
6 21 7 1  3.85702e-15 3.38245e-15 3.06246e-15 1.24506e-15 1.18439e-33
6 21 8 1  1.02461e-18 2.07917e-19 2.5285e-19 8.74809e-20 8.9547e-57
6 21 9 1  4.69165e-19 4.74574e-19 3.23905e-19 1.75714e-19 1.6371e-19
6 21 10 1  4.13518e-19 1.12014e-18 3.48747e-19 7.56318e-20 3.7129e-28
6 22 1 1  5.51703e-20 5.70581e-20 3.11327e-20 6.82931e-21 7.44409e-26
6 22 2 1  4.29441e-14 5.58928e-15 1.60573e-14 2.42478e-14 2.08216e-48
6 22 3 1  6.05454e-15 7.56662e-15 3.961e-15 1.15448e-15 7.08137e-75
6 22 4 1  7.82574e-20 3.82094e-20 1.54052e-20 6.46997e-21 6.85181e-21
6 22 5 1  1.64736e-16 4.60931e-16 3.72306e-16 1.94392e-16 1.8787e-16
6 22 6 1  3.59082 8.0366 8.23186 0.0806074 1.97287e-115
6 22 7 1  2.19931e-15 1.96993e-15 1.854e-15 8.00122e-16 6.83333e-34
6 22 8 1  2.75002e-19 3.48593e-19 1.44774e-19 6.34106e-20 4.66756e-57
6 22 9 1  2.84303e-19 2.87301e-19 2.2639e-19 1.27412e-19 1.042e-19
6 22 10 1  1.83086e-19 4.54679e-19 4.05305e-19 5.8232e-20 1.58359e-28
6 23 1 1  1.65184e-19 9.74405e-20 5.57465e-20 1.53062e-20 8.99534e-26
6 23 2 1  9.16837e-15 7.35193e-14 2.19244e-14 4.58707e-14 3.31183e-48
6 23 3 1  6.45295e-15 1.2433e-14 8.76766e-15 2.82424e-15 1.18798e-74
6 23 4 1  1.43032e-19 7.37999e-20 3.01585e-20 1.23466e-20 1.19818e-20
6 23 5 1  1.0879e-15 7.35758e-16 7.33812e-16 4.06666e-16 3.7169e-16
6 23 6 1  12.5452 12.4275 16.1715 0.134533 3.36963e-115
6 23 7 1  3.84268e-15 3.45849e-15 3.37678e-15 1.54413e-15 1.19161e-33
6 23 8 1  2.55283e-19 5.55703e-19 3.77894e-19 1.31774e-19 7.43028e-57
6 23 9 1  6.19508e-19 5.29162e-19 4.54969e-19 2.7743e-19 2.05456e-19
6 23 10 1  2.02565e-19 5.82547e-19 7.21702e-19 1.60851e-19 1.96429e-28
6 24 1 1  4.05026e-20 4.09271e-20 1.72792e-20 5.5273e-21 1.93005e-26
6 24 2 1  1.40381e-15 1.00565e-14 1.88795e-14 1.57969e-14 1.00754e-48
6 24 3 1  1.33222e-15 3.43188e-15 3.33577e-15 1.27819e-15 3.79745e-75
6 24 4 1  4.85652e-20 2.65821e-20 1.12219e-20 4.55471e-21 4.07266e-21
6 24 5 1  3.77239e-16 4.60333e-16 2.5927e-16 1.59211e-16 1.40829e-16
6 24 6 1  3.94644 4.8357 5.83763 0.0427974 1.09536e-115
6 24 7 1  1.29606e-15 1.16047e-15 1.16702e-15 5.6354e-16 3.95008e-34
6 24 8 1  5.13901e-20 1.35003e-19 1.46637e-19 5.35842e-20 2.17468e-57
6 24 9 1  4.43433e-19 1.85526e-19 1.56833e-19 1.04144e-19 7.28418e-20
6 24 10 1  9.55319e-20 1.33868e-19 2.01792e-19 6.20639e-20 4.23972e-29
6 25 1 1  1.28488e-20 1.83541e-20 8.37475e-21 2.43081e-21 5.35279e-27
6 25 2 1  1.23675e-15 1.98906e-15 7.89568e-15 9.18801e-15 4.28452e-49
6 25 3 1  4.46322e-16 1.2372e-15 1.6123e-15 7.6838e-16 1.69688e-75
6 25 4 1  2.19509e-20 1.30181e-20 5.74749e-21 2.35456e-21 1.96476e-21
6 25 5 1  2.87427e-16 2.81661e-16 1.55434e-16 8.47537e-17 7.49342e-17
6 25 6 1  2.48253 2.41531 2.98088 0.0190316 4.97814e-116
6 25 7 1  6.08598e-16 5.45281e-16 5.62112e-16 2.86091e-16 1.83117e-34
6 25 8 1  2.17308e-20 4.30149e-20 6.74782e-20 2.97306e-20 8.80142e-58
6 25 9 1  1.48967e-19 1.31333e-19 7.46747e-20 5.22597e-20 3.57967e-20
6 25 10 1  3.11049e-20 6.23282e-20 7.34523e-20 2.92495e-20 1.27628e-29
6 26 1 1  2.30492e-20 3.34541e-20 1.70979e-20 4.93021e-21 6.59523e-27
6 26 2 1  2.0998e-14 3.8754e-15 1.27822e-14 2.33653e-14 8.65319e-49
6 26 3 1  9.18044e-16 2.093e-15 3.45387e-15 2.07173e-15 3.59243e-75
6 26 4 1  5.27449e-20 2.83939e-20 1.32482e-20 5.56127e-21 4.41291e-21
6 26 5 1  3.49554e-15 9.26998e-16 4.45166e-16 2.2061e-16 1.88645e-16
6 26 6 1  6.82918 6.30502 7.19997 0.0401063 1.07108e-115
6 26 7 1  1.35641e-15 1.21741e-15 1.27909e-15 6.83979e-16 4.01563e-34
6 26 8 1  4.01301e-20 7.11014e-20 1.35219e-19 7.46736e-20 1.69249e-57
6 26 9 1  2.37463e-19 2.94094e-19 1.96918e-19 1.21805e-19 8.33005e-20
6 26 10 1  8.40623e-20 1.13162e-19 1.44566e-19 6.22169e-20 1.89437e-29
6 27 1 1  1.53935e-20 1.78012e-20 1.03131e-20 2.99103e-21 2.42219e-27
6 27 2 1  8.29732e-15 1.32105e-14 6.20525e-15 1.56842e-14 5.00535e-49
6 27 3 1  5.58993e-16 1.06065e-15 2.02972e-15 1.5192e-15 2.16473e-75
6 27 4 1  3.42854e-20 1.84242e-20 8.44347e-21 3.67728e-21 2.83576e-21
6 27 5 1  1.95102e-15 2.26183e-15 3.86323e-16 1.67874e-16 1.35282e-16
6 27 6 1  5.95635 4.83454 5.04321 0.0240706 6.54564e-116
6 27 7 1  8.77224e-16 7.78049e-16 8.26774e-16 4.61969e-16 2.49538e-34
6 27 8 1  2.34754e-20 3.46746e-20 7.38908e-20 5.02906e-20 9.16019e-58
6 27 9 1  1.43526e-19 1.61043e-19 1.35677e-19 8.26784e-20 5.43709e-20
6 27 10 1  3.56638e-20 7.36124e-20 6.28809e-20 2.96391e-20 6.42088e-30
6 28 1 1  1.7347e-20 1.3958e-20 9.05454e-21 3.01399e-21 1.48016e-27
6 28 2 1  2.39249e-15 9.56117e-15 9.5162e-15 1.30838e-14 3.756e-49
6 28 3 1  4.99569e-16 7.2916e-16 1.51119e-15 1.38769e-15 1.68842e-75
6 28 4 1  2.74042e-20 1.53566e-20 7.04295e-21 3.11033e-21 2.38315e-21
6 28 5 1  4.33152e-16 2.51796e-15 7.84779e-16 1.72404e-16 1.26454e-16
6 28 6 1  3.50022 5.09852 4.65663 0.0187035 5.17373e-116
6 28 7 1  7.37949e-16 6.47339e-16 6.91272e-16 4.01978e-16 2.00393e-34
6 28 8 1  1.19139e-19 2.41131e-20 5.27381e-20 4.3284e-20 6.58367e-58
6 28 9 1  1.45448e-19 1.2781e-19 1.1953e-19 7.87665e-20 4.99142e-20
6 28 10 1  5.86854e-20 4.89185e-20 3.81184e-20 1.35388e-20 2.13865e-30
6 29 1 1  1.56724e-20 7.96134e-21 4.80815e-21 1.8597e-21 5.83582e-28
6 29 2 1  1.11419e-15 2.55421e-15 5.7212e-15 7.38574e-15 1.73842e-49
6 29 3 1  3.2807e-16 3.32627e-16 6.84924e-16 7.58706e-16 8.14201e-76
6 29 4 1  1.48767e-20 7.61957e-21 3.51957e-21 1.56751e-21 1.20206e-21
6 29 5 1  2.62182e-16 9.71662e-16 6.76732e-16 1.45478e-16 7.42291e-17
6 29 6 1  2.44057 2.61558 2.7216 0.00898326 2.53023e-116
6 29 7 1  3.90179e-16 3.34016e-16 3.57641e-16 2.1591e-16 9.96765e-35
6 29 8 1  3.17105e-20 3.67068e-20 2.39429e-20 2.31002e-20 3.02425e-58
6 29 9 1  8.18244e-20 7.02983e-20 6.36015e-20 4.58469e-20 2.88882e-20
6 29 10 1  4.95217e-20 3.51477e-20 1.76864e-20 5.10079e-21 5.38149e-31
6 30 1 1  9.66338e-21 1.0097e-20 4.33436e-21 1.78794e-21 3.77619e-28
6 30 2 1  1.3952e-15 1.6075e-15 4.36267e-15 7.46137e-15 1.4223e-49
6 30 3 1  2.68212e-16 3.05943e-16 5.49084e-16 7.15823e-16 6.94307e-76
6 30 4 1  1.93057e-20 7.28406e-21 3.24085e-21 1.45481e-21 1.12026e-21
6 30 5 1  5.17765e-16 7.3575e-16 7.16477e-16 2.19342e-16 8.23453e-17
6 30 6 1  1.44863 2.65862 2.74089 0.00762958 2.18847e-116
6 30 7 1  3.80805e-16 3.07223e-16 3.27517e-16 2.04614e-16 8.77186e-35
6 30 8 1  5.09674e-20 3.26351e-20 2.70904e-20 2.17597e-20 2.5067e-58
6 30 9 1  6.93227e-20 6.77658e-20 5.93775e-20 4.5083e-20 2.90387e-20
6 30 10 1  3.16511e-20 5.04945e-20 2.00913e-20 4.32657e-21 2.82456e-31
6 31 1 1  1.35784e-20 1.98304e-20 9.21552e-21 3.28303e-21 4.76228e-28
6 31 2 1  9.63311e-15 3.65284e-15 7.21771e-15 1.64241e-14 2.66939e-49
6 31 3 1  4.89544e-16 6.16687e-16 1.03207e-15 1.52172e-15 1.35749e-75
6 31 4 1  4.93275e-20 1.93178e-20 7.48952e-21 3.32561e-21 2.57733e-21
6 31 5 1  4.31709e-16 1.8405e-15 1.5646e-15 6.44587e-16 2.25308e-16
6 31 6 1  2.48766 5.15407 6.34453 0.0148575 4.33963e-116
6 31 7 1  8.57506e-16 6.58695e-16 6.89334e-16 4.43761e-16 1.77039e-34
6 31 8 1  7.35957e-20 8.90018e-20 6.33476e-20 4.73543e-20 4.67475e-58
6 31 9 1  1.45422e-19 1.38909e-19 1.26065e-19 9.82586e-20 6.5387e-20
6 31 10 1  1.97753e-20 9.74114e-20 6.18114e-20 9.5403e-21 3.39627e-31
6 32 1 1  7.10616e-21 1.13791e-20 5.95089e-21 1.91893e-21 1.82127e-28
6 32 2 1  1.55286e-15 6.97997e-15 4.41591e-15 1.16214e-14 1.68048e-49
6 32 3 1  3.89979e-16 4.02749e-16 6.5802e-16 1.07311e-15 8.92305e-76
6 32 4 1  3.04413e-20 1.74427e-20 6.43125e-21 2.6721e-21 2.07177e-21
6 32 5 1  2.03443e-16 1.03401e-15 1.19462e-15 5.68953e-16 2.11699e-16
6 32 6 1  15.8993 3.24241 4.77889 0.00972461 2.89576e-116
6 32 7 1  6.95242e-16 4.81223e-16 4.89951e-16 3.23665e-16 1.20443e-34
6 32 8 1  3.24984e-20 5.78482e-20 5.16391e-20 3.44139e-20 2.87934e-58
6 32 9 1  9.53258e-20 9.44069e-20 8.68223e-20 6.98117e-20 4.80595e-20
6 32 10 1  1.5523e-20 3.89513e-20 4.69285e-20 8.33279e-21 1.3679e-31
6 33 1 1  4.54486e-21 7.58235e-21 4.63587e-21 1.4921e-21 8.93971e-29
6 33 2 1  1.19568e-14 2.81511e-15 5.43493e-15 9.39991e-15 1.23094e-49
6 33 3 1  4.50545e-15 3.29536e-16 4.90219e-16 8.73044e-16 6.83019e-76
6 33 4 1  2.19798e-20 1.5966e-20 6.81824e-21 2.66374e-21 2.00902e-21
6 33 5 1  9.94268e-16 6.49192e-16 9.74561e-16 5.57576e-16 2.27883e-16
6 33 6 1  8.41603 8.05301 4.07877 0.00741125 2.25115e-116
6 33 7 1  6.76526e-16 4.2112e-16 4.07698e-16 2.74878e-16 9.55706e-35
6 33 8 1  1.79262e-20 3.84067e-20 4.61454e-20 3.02138e-20 2.10089e-58
6 33 9 1  9.96938e-20 7.23152e-20 6.81167e-20 5.62854e-20 4.01816e-20
6 33 10 1  1.3698e-20 2.34671e-20 3.3075e-20 8.58242e-21 6.99377e-32
6 34 1 1  4.1418e-21 5.26607e-21 3.64707e-21 1.3107e-21 4.9529e-29
6 34 2 1  3.97103e-15 1.00266e-14 4.0557e-15 8.38552e-15 9.3942e-50
6 34 3 1  2.36843e-15 1.73266e-15 3.86949e-16 7.35145e-16 5.45286e-76
6 34 4 1  1.68443e-20 1.41123e-20 7.15051e-21 2.88156e-21 2.07145e-21
6 34 5 1  1.47406e-15 1.04426e-15 7.81404e-16 5.40084e-16 2.49924e-16
6 34 6 1  11.9306 7.99216 4.57309 0.00589023 1.82606e-116
6 34 7 1  6.91406e-16 3.96361e-16 3.56769e-16 2.43569e-16 7.92213e-35
6 34 8 1  1.75958e-20 2.53667e-20 3.99304e-20 2.80622e-20 1.6159e-58
6 34 9 1  1.90505e-19 6.85245e-20 5.69391e-20 4.83915e-20 3.58599e-20
6 34 10 1  1.48505e-20 1.79299e-20 2.41565e-20 8.58852e-21 4.1401e-32
6 35 1 1  6.99424e-21 2.63254e-21 1.85053e-21 7.43062e-22 1.84227e-29
6 35 2 1  2.48866e-16 3.56463e-15 4.49534e-15 4.68558e-15 4.61946e-50
6 35 3 1  9.16933e-16 1.0996e-15 4.10011e-16 3.97224e-16 2.80974e-76
6 35 4 1  8.91296e-21 7.60913e-21 4.45568e-21 1.95922e-21 1.37676e-21
6 35 5 1  5.99345e-16 1.02297e-15 4.86736e-16 3.21716e-16 1.71924e-16
6 35 6 1  7.91911 6.04373 3.18404 0.00302103 9.56588e-117
6 35 7 1  4.0893e-16 2.47085e-16 2.03809e-16 1.39452e-16 4.24609e-35
6 35 8 1  2.00106e-20 1.23231e-20 2.07917e-20 1.65001e-20 7.96394e-59
6 35 9 1  9.26581e-20 6.47967e-20 3.3056e-20 2.7466e-20 2.11502e-20
6 35 10 1  6.19249e-21 1.09163e-20 1.19801e-20 5.04002e-21 1.61898e-32
6 36 1 1  1.53477e-20 4.29807e-21 1.79819e-21 8.03543e-22 1.35599e-29
6 36 2 1  2.20355e-15 1.1476e-15 4.29371e-15 5.02228e-15 3.83179e-50
6 36 3 1  5.82418e-16 9.53601e-16 5.52242e-16 3.86994e-16 2.4401e-76
6 36 4 1  8.51789e-20 6.93821e-21 4.45936e-21 2.17526e-21 1.55951e-21
6 36 5 1  2.50405e-15 1.033e-15 6.09888e-16 3.26346e-16 1.93075e-16
6 36 6 1  4.38695 7.20074 3.83072 0.00261176 8.44184e-117
6 36 7 1  3.89458e-16 2.566e-16 1.98716e-16 1.34506e-16 3.83252e-35
6 36 8 1  1.54575e-20 1.53691e-20 1.79492e-20 1.59765e-20 6.58595e-59
6 36 9 1  7.25591e-20 7.26624e-20 4.11509e-20 2.74022e-20 2.16667e-20
6 36 10 1  4.557e-21 8.99137e-21 1.22045e-20 5.42702e-21 1.22558e-32
6 37 1 1  1.69368e-20 8.51076e-21 2.24491e-21 8.76915e-22 1.04056e-29
6 37 2 1  2.91034e-16 2.11974e-15 2.84264e-15 5.17909e-15 3.13978e-50
6 37 3 1  9.53604e-15 7.36386e-16 6.07759e-16 3.90949e-16 2.08775e-76
6 37 4 1  5.8391e-20 2.38592e-20 4.34402e-21 2.32788e-21 1.76651e-21
6 37 5 1  2.39415e-15 2.47456e-15 6.88748e-16 3.4491e-16 2.0899e-16
6 37 6 1  4.78443 6.25403 4.53863 0.00222524 7.33133e-117
6 37 7 1  3.55714e-16 2.57309e-16 1.92634e-16 1.27685e-16 3.3993e-35
6 37 8 1  1.01469e-20 1.47635e-20 1.68225e-20 1.51299e-20 5.40992e-59
6 37 9 1  5.64728e-20 6.78867e-20 4.79004e-20 2.85627e-20 2.17005e-20
6 37 10 1  7.23772e-21 6.89241e-21 1.20984e-20 6.25388e-21 1.00759e-32
6 38 1 1  1.21291e-20 9.05596e-21 2.89644e-21 7.8643e-22 6.28904e-30
6 38 2 1  2.91059e-16 6.17088e-16 2.04031e-15 3.85359e-15 2.01822e-50
6 38 3 1  3.56249e-15 3.06087e-15 4.65375e-16 3.14594e-16 1.39998e-76
6 38 4 1  3.19575e-20 2.25423e-20 6.14347e-21 1.8936e-21 1.55466e-21
6 38 5 1  2.76956e-16 2.49493e-15 8.79193e-16 2.91268e-16 1.76322e-16
6 38 6 1  1.76888 4.58738 3.87574 0.00148611 4.98717e-117
6 38 7 1  2.5039e-16 1.98097e-16 1.47193e-16 9.50711e-17 2.35995e-35
6 38 8 1  4.82663e-21 9.59865e-21 1.26588e-20 1.13916e-20 3.53494e-59
6 38 9 1  3.13269e-20 4.48092e-20 3.85227e-20 2.33922e-20 1.6595e-20
6 38 10 1  3.59223e-21 6.44032e-21 8.84339e-21 5.53533e-21 6.62616e-33
6 39 1 1  7.84004e-21 9.58392e-21 4.22729e-21 1.03714e-21 4.88651e-30
6 39 2 1  2.55329e-16 3.79376e-16 1.31406e-15 3.45257e-15 1.57426e-50
6 39 3 1  1.65862e-15 2.82529e-15 1.00186e-15 3.04843e-16 1.14282e-76
6 39 4 1  2.15282e-20 2.09495e-20 8.37241e-21 2.39513e-21 1.64292e-21
6 39 5 1  1.39427e-15 1.50471e-15 1.1989e-15 3.46378e-16 1.81411e-16
6 39 6 1  3.09253 3.34994 3.87993 0.00120787 4.1335e-117
6 39 7 1  2.11292e-16 1.8241e-16 1.37471e-16 8.65439e-17 1.99892e-35
6 39 8 1  3.06129e-21 6.92004e-21 1.13563e-20 1.06099e-20 2.85659e-59
6 39 9 1  2.24747e-20 3.38703e-20 3.50002e-20 2.31751e-20 1.56175e-20
6 39 10 1  3.05086e-21 4.97808e-21 8.66613e-21 5.82304e-21 5.4264e-33
6 40 1 1  5.02386e-21 6.78482e-21 4.39623e-21 1.21801e-21 3.23858e-30
6 40 2 1  2.24285e-16 2.40694e-16 6.83277e-16 2.41656e-15 1.00301e-50
6 40 3 1  6.64837e-16 1.66835e-15 1.05776e-15 2.94092e-16 7.63627e-77
6 40 4 1  1.20724e-20 1.44936e-20 7.73769e-21 2.5781e-21 1.48441e-21
6 40 5 1  5.2895e-16 1.46403e-15 9.47806e-16 3.5685e-16 1.57341e-16
6 40 6 1  8.72339 2.60757 2.98666 0.000803432 2.80638e-117
6 40 7 1  1.51589e-16 1.35388e-16 1.05148e-16 6.47536e-17 1.38873e-35
6 40 8 1  1.80495e-21 3.98954e-21 8.05686e-21 8.16139e-21 1.9157e-59
6 40 9 1  1.4974e-20 2.06377e-20 2.4524e-20 1.83186e-20 1.21571e-20
6 40 10 1  2.5164e-21 3.3311e-21 6.52535e-21 4.99973e-21 3.68345e-33
6 41 1 1  3.57869e-21 4.79392e-21 4.02637e-21 1.42324e-21 2.24728e-30
6 41 2 1  4.81927e-16 1.96565e-16 3.82975e-16 1.68639e-15 6.56347e-51
6 41 3 1  2.93995e-16 9.17287e-16 8.9615e-16 3.00563e-16 5.24383e-77
6 41 4 1  7.18563e-21 9.84867e-21 6.56627e-21 2.6579e-21 1.45457e-21
6 41 5 1  2.42603e-16 9.62364e-16 8.2795e-16 3.40144e-16 1.45774e-16
6 41 6 1  3.13624 4.27522 2.36659 0.000549171 1.95867e-117
6 41 7 1  1.15656e-16 1.02942e-16 8.24924e-17 4.99526e-17 9.92694e-36
6 41 8 1  1.63153e-21 2.39578e-21 5.68241e-21 6.41646e-21 1.326e-59
6 41 9 1  1.15229e-20 1.3279e-20 1.69035e-20 1.43341e-20 9.73085e-21
6 41 10 1  7.24233e-21 2.59841e-21 4.91704e-21 4.31242e-21 2.57809e-33
6 42 1 1  3.17708e-20 3.33949e-21 3.32273e-21 1.50089e-21 1.54304e-30
6 42 2 1  4.2509e-16 3.47996e-16 2.33676e-16 1.1255e-15 4.18509e-51
6 42 3 1  1.47044e-16 4.69617e-16 6.46098e-16 2.8173e-16 3.51806e-77
6 42 4 1  4.45758e-21 6.42347e-21 5.09695e-21 2.47755e-21 1.43053e-21
6 42 5 1  4.58353e-16 5.53042e-16 6.40794e-16 3.07231e-16 1.33081e-16
6 42 6 1  14.2058 3.04215 2.15525 0.000366637 1.33689e-117
6 42 7 1  9.07334e-17 7.68536e-17 6.31671e-17 3.78147e-17 6.95316e-36
6 42 8 1  1.90457e-21 1.63102e-21 3.85211e-21 4.91109e-21 9.04875e-60
6 42 9 1  9.34164e-21 9.15213e-21 1.14842e-20 1.08917e-20 7.79343e-21
6 42 10 1  9.46424e-21 5.26017e-21 3.68541e-21 3.57599e-21 1.77794e-33
7 1 1 1  1.21018e-20 1.86673e-19 8.27746e-20 2.33595e-21 2.38602e-21
7 1 2 1  4.40448e-157 8.35646e-116 4.16874e-15 1.14448e-58 9.14746e-47
7 1 3 1  1.1687e-29 2.94784e-16 2.25587e-16 2.26008e-16 8.05023e-74
7 1 4 1  7.68793e-23 2.7364e-20 3.98188e-36 3.34717e-20 2.08505e-32
7 1 5 1  2.30441e-16 1.24376e-25 3.91289e-16 3.06651e-17 3.29145e-19
7 1 6 1  8.98421e-15 9.79849e-57 1.71522e-15 1.04215e-15 1.427e-129
7 1 7 1  1.44658e-54 1.01155 1.69415 0.444706 2.95989e-18
7 1 8 1  1.18186e-20 3.58947e-19 1.6726e-19 2.79376e-21 3.92501e-55
7 1 9 1  4.09477e-39 1.33549e-20 2.98825e-19 1.49731e-19 3.4422e-31
7 1 10 1  1.78365e-19 2.29637e-19 6.67879e-20 1.25182e-20 2.6012e-21
7 2 1 1  1.51951e-20 9.05586e-20 8.63617e-20 1.20002e-20 1.60851e-21
7 2 2 1  3.00877e-16 1.7932e-116 1.71583e-15 8.96058e-16 6.26552e-47
7 2 3 1  7.16463e-17 1.28285e-16 1.82896e-16 1.84958e-16 6.10418e-74
7 2 4 1  3.08209e-21 1.64324e-20 5.31397e-21 2.03358e-20 6.24475e-21
7 2 5 1  1.39734e-16 1.46046e-16 2.34607e-16 7.78132e-17 3.60121e-18
7 2 6 1  3.65662e-15 3.31329e-15 1.19256e-15 7.82809e-16 1.11727e-129
7 2 7 1  0.155366 0.61325 1.32223 0.422283 2.39802e-18
7 2 8 1  3.82855e-20 1.44802e-19 1.81649e-19 1.87812e-20 2.87508e-55
7 2 9 1  4.89917e-20 6.64406e-21 1.76079e-19 1.5568e-19 1.65495e-20
7 2 10 1  8.4803e-20 1.81995e-19 9.30263e-20 1.12711e-20 1.2417e-21
7 3 1 1  4.28103e-20 7.87813e-20 1.09842e-19 3.14299e-20 1.80158e-21
7 3 2 1  3.05774e-16 3.72382e-16 1.20743e-15 1.61434e-15 7.24854e-47
7 3 3 1  2.07165e-16 1.34162e-16 2.15397e-16 2.54574e-16 7.76375e-74
7 3 4 1  9.57681e-21 1.76614e-20 1.07656e-20 2.24636e-20 1.4715e-20
7 3 5 1  1.25002e-16 2.61864e-16 2.90642e-16 1.45554e-16 1.90142e-17
7 3 6 1  6.55059e-15 5.00016e-15 2.27652e-15 9.8679e-16 1.46525e-129
7 3 7 1  0.426247 0.663744 1.70264 0.65202 3.25123e-18
7 3 8 1  5.53574e-20 1.17281e-19 2.29033e-19 5.18186e-20 3.44491e-55
7 3 9 1  1.06513e-19 3.4414e-20 1.73928e-19 2.28906e-19 5.03255e-20
7 3 10 1  5.61774e-19 1.8289e-19 1.33944e-19 1.94679e-20 8.93436e-22
7 4 1 1  3.96733e-19 6.03598e-20 8.84679e-20 4.04034e-20 1.40628e-21
7 4 2 1  4.74468e-16 3.68496e-16 8.13184e-16 1.59665e-15 5.99851e-47
7 4 3 1  3.12702e-16 1.5216e-16 1.78339e-16 2.45393e-16 7.01089e-74
7 4 4 1  1.40876e-20 1.50299e-20 1.18519e-20 1.87087e-20 1.89331e-20
7 4 5 1  6.4942e-17 2.40128e-16 2.77904e-16 1.67401e-16 3.6884e-17
7 4 6 1  6.26718e-15 5.89685e-15 2.86068e-15 8.83693e-16 1.36194e-129
7 4 7 1  0.631845 0.557443 1.54263 0.69705 3.11996e-18
7 4 8 1  4.59655e-19 7.56593e-20 1.79985e-19 6.69206e-20 2.80653e-55
7 4 9 1  1.20394e-19 6.45067e-20 1.30028e-19 2.17943e-19 7.58253e-20
7 4 10 1  1.0927e-19 5.05971e-19 1.02656e-19 1.83396e-20 3.87739e-22
7 5 1 1  2.46954e-19 2.42012e-19 8.53479e-20 5.36393e-20 1.33049e-21
7 5 2 1  1.08159e-15 6.70444e-16 7.98567e-16 1.92711e-15 6.44013e-47
7 5 3 1  4.29013e-16 2.64047e-16 2.05026e-16 3.013e-16 8.15935e-74
7 5 4 1  2.67986e-20 1.83351e-20 1.54478e-20 2.08533e-20 2.83791e-20
7 5 5 1  6.56474e-17 2.36495e-16 3.3969e-16 2.35178e-16 7.28994e-17
7 5 6 1  4.86996e-15 8.21845e-15 4.56897e-15 1.0205e-15 1.6288e-129
7 5 7 1  1.03166 0.667839 1.79504 0.941262 3.84685e-18
7 5 8 1  2.39172e-19 2.99031e-19 1.78389e-19 9.5311e-20 2.96293e-55
7 5 9 1  1.59078e-19 1.13879e-19 1.4189e-19 2.58051e-19 1.26302e-19
7 5 10 1  3.63074e-19 3.45857e-19 2.66281e-19 2.02004e-20 2.18846e-22
7 6 1 1  1.48461e-19 2.24543e-19 1.06502e-19 4.75622e-20 9.13622e-22
7 6 2 1  2.28504e-15 1.12157e-15 7.68098e-16 1.73666e-15 5.29191e-47
7 6 3 1  4.11635e-16 3.07209e-16 2.02105e-16 2.81067e-16 7.24475e-74
7 6 4 1  3.23787e-20 1.94629e-20 1.51092e-20 1.82684e-20 3.09527e-20
7 6 5 1  1.58372e-16 1.79831e-16 3.02279e-16 2.43413e-16 9.77632e-17
7 6 6 1  4.27775e-15 7.04966e-15 5.36234e-15 8.9935e-16 1.48535e-129
7 6 7 1  1.19272 0.659077 1.59648 0.955891 3.61599e-18
7 6 8 1  1.25017e-19 2.38518e-19 1.9768e-19 9.62356e-20 2.41737e-55
7 6 9 1  1.60056e-19 1.32343e-19 1.32787e-19 2.3193e-19 1.47903e-19
7 6 10 1  1.30977e-19 4.05636e-19 1.744e-19 2.53979e-20 8.33061e-23
7 7 1 1  1.16834e-19 1.45934e-19 9.82509e-20 4.04994e-20 5.50764e-22
7 7 2 1  3.09158e-15 1.8678e-15 8.09701e-16 1.28175e-15 3.52687e-47
7 7 3 1  4.56784e-16 2.64147e-16 1.70891e-16 2.13546e-16 5.20898e-74
7 7 4 1  3.00219e-20 1.75304e-20 1.22769e-20 1.32735e-20 2.66069e-20
7 7 5 1  7.82678e-17 1.79353e-16 2.11251e-16 1.97101e-16 9.87515e-17
7 7 6 1  6.14486e-15 4.959e-15 4.70117e-15 6.41877e-16 1.09662e-129
7 7 7 1  1.04013 0.552109 1.15589 0.777428 2.75211e-18
7 7 8 1  2.11179e-19 1.31086e-19 1.56448e-19 7.99467e-20 1.5904e-55
7 7 9 1  1.40132e-19 1.17833e-19 1.08745e-19 1.72064e-19 1.34649e-19
7 7 10 1  7.28347e-20 2.00514e-19 1.57951e-19 1.67747e-20 2.52314e-23
7 8 1 1  7.81115e-20 1.32379e-19 9.96134e-20 4.59086e-20 4.31049e-22
7 8 2 1  1.41173e-14 3.41727e-15 1.52371e-15 1.31858e-15 3.09505e-47
7 8 3 1  6.05642e-16 3.41612e-16 1.91918e-16 2.15567e-16 4.91036e-74
7 8 4 1  3.31377e-20 2.068e-20 1.33309e-20 1.27947e-20 2.90653e-20
7 8 5 1  3.24454e-16 1.69778e-16 2.09037e-16 2.02989e-16 1.23997e-16
7 8 6 1  1.0773e-14 6.11269e-15 5.17863e-15 6.00841e-16 1.06023e-129
7 8 7 1  1.16022 0.61628 1.10619 0.820679 2.74023e-18
7 8 8 1  1.17545e-19 1.60611e-19 1.4649e-19 8.6313e-20 1.37261e-55
7 8 9 1  1.61485e-19 1.36021e-19 1.19587e-19 1.6925e-19 1.54699e-19
7 8 10 1  1.65858e-19 1.37384e-19 1.46714e-19 2.52496e-20 1.43859e-23
7 9 1 1  2.87399e-19 1.05562e-19 9.27157e-20 4.72707e-20 3.16825e-22
7 9 2 1  3.11725e-14 1.38124e-14 2.76249e-15 1.52506e-15 2.65757e-47
7 9 3 1  6.85019e-16 4.39397e-16 2.22753e-16 2.14909e-16 4.50284e-74
7 9 4 1  3.60081e-20 2.29286e-20 1.42729e-20 1.21744e-20 3.01029e-20
7 9 5 1  9.91067e-17 3.61249e-16 1.99424e-16 2.01481e-16 1.45171e-16
7 9 6 1  5.94801e-15 8.90549e-15 5.70849e-15 5.47427e-16 9.9532e-130
7 9 7 1  1.26933 0.672754 1.03967 0.834998 2.64425e-18
7 9 8 1  2.44768e-19 1.30659e-19 1.46023e-19 8.89469e-20 1.1624e-55
7 9 9 1  1.55095e-19 1.50666e-19 1.28406e-19 1.62802e-19 1.6687e-19
7 9 10 1  1.04367e-19 1.86853e-19 1.02412e-19 2.52866e-20 7.17801e-24
7 10 1 1  1.50985e-19 1.62891e-19 7.49184e-20 4.36365e-20 2.14463e-22
7 10 2 1  3.12246e-15 2.98476e-14 8.73555e-15 1.91821e-15 2.12949e-47
7 10 3 1  7.19711e-16 4.92446e-16 2.52451e-16 2.0293e-16 3.8126e-74
7 10 4 1  3.52574e-20 2.30231e-20 1.41057e-20 1.08925e-20 2.82255e-20
7 10 5 1  1.41875e-16 2.6911e-16 2.27465e-16 1.82727e-16 1.51593e-16
7 10 6 1  3.17829e-15 7.85397e-15 6.27457e-15 4.61005e-16 8.59601e-130
7 10 7 1  19.647 0.684551 0.911694 0.776283 2.33779e-18
7 10 8 1  1.72889e-19 1.61475e-19 1.26578e-19 8.34573e-20 8.98691e-56
7 10 9 1  1.36946e-19 1.43293e-19 1.27393e-19 1.45956e-19 1.62082e-19
7 10 10 1  7.83049e-20 1.44553e-19 8.76879e-20 1.63958e-20 2.73142e-24
7 11 1 1  3.49807e-19 1.54635e-19 8.1427e-20 3.94269e-20 1.46871e-22
7 11 2 1  2.76172e-14 1.15052e-14 2.26569e-14 4.26823e-15 1.91303e-47
7 11 3 1  8.87007e-16 5.92611e-16 3.19966e-16 2.20129e-16 3.59594e-74
7 11 4 1  3.91148e-20 2.50202e-20 1.52893e-20 1.09283e-20 2.87538e-20
7 11 5 1  1.66926e-16 2.82461e-16 2.49074e-16 1.92639e-16 1.71847e-16
7 11 6 1  2.72889e-15 6.73883e-15 7.32875e-15 4.3276e-16 8.24818e-130
7 11 7 1  15.0354 4.14851 0.901686 0.798076 2.28933e-18
7 11 8 1  9.2949e-20 1.58829e-19 1.34319e-19 8.423e-20 7.56117e-56
7 11 9 1  1.47031e-19 1.45128e-19 1.36728e-19 1.46528e-19 1.71214e-19
7 11 10 1  9.97128e-19 1.22138e-19 8.12056e-20 1.36457e-20 1.16712e-24
7 12 1 1  2.22221e-19 2.57382e-19 8.95706e-20 3.94166e-20 1.05955e-22
7 12 2 1  7.45976e-15 3.18069e-14 2.18525e-14 1.16195e-14 1.91863e-47
7 12 3 1  1.34002e-15 7.97413e-16 4.41899e-16 2.73557e-16 3.78392e-74
7 12 4 1  4.63712e-20 2.96178e-20 1.78624e-20 1.20802e-20 3.15044e-20
7 12 5 1  1.33833e-16 3.45918e-16 3.00458e-16 2.28273e-16 2.14808e-16
7 12 6 1  9.64738e-15 6.41405e-15 8.98046e-15 4.53309e-16 8.8217e-130
7 12 7 1  12.8219 6.70439 1.45168 0.912085 2.49563e-18
7 12 8 1  2.58405e-19 1.34962e-19 1.56168e-19 9.64097e-20 7.14217e-56
7 12 9 1  1.73718e-19 1.6964e-19 1.62149e-19 1.68087e-19 2.02651e-19
7 12 10 1  1.78091e-19 9.7026e-19 6.82734e-20 1.19458e-20 4.9608e-25
7 13 1 1  1.70125e-19 2.88115e-19 1.27373e-19 4.22879e-20 7.97554e-23
7 13 2 1  5.38311e-15 1.97626e-14 3.85763e-14 2.07801e-14 2.1635e-47
7 13 3 1  9.35481e-15 1.2718e-15 6.77271e-16 3.902e-16 4.48763e-74
7 13 4 1  6.21125e-20 3.86782e-20 2.29301e-20 1.48585e-20 3.77834e-20
7 13 5 1  2.16634e-16 4.00804e-16 4.10166e-16 3.06211e-16 3.00674e-16
7 13 6 1  8.39938e-15 1.10482e-14 1.18895e-14 5.35078e-16 1.06371e-129
7 13 7 1  12.4989 9.54359 2.63685 1.20133 3.06733e-18
7 13 8 1  2.31207e-19 2.30857e-19 1.86533e-19 1.25003e-19 7.62064e-56
7 13 9 1  2.46665e-19 2.22274e-19 2.13565e-19 2.16725e-19 2.66763e-19
7 13 10 1  7.4915e-20 6.5224e-19 3.4965e-19 8.1547e-21 1.67895e-25
7 14 1 1  1.27045e-19 2.00913e-19 1.05061e-19 3.15596e-20 3.80445e-23
7 14 2 1  3.2032e-14 9.59837e-15 3.03235e-14 2.69528e-14 1.78369e-47
7 14 3 1  5.416e-15 4.15301e-15 7.68663e-16 4.13141e-16 3.90337e-74
7 14 4 1  1.26725e-19 3.78695e-20 2.19261e-20 1.37187e-20 3.36229e-20
7 14 5 1  2.99099e-16 3.85639e-16 3.91095e-16 3.02602e-16 3.07415e-16
7 14 6 1  3.85744e-14 1.02856e-14 1.19987e-14 4.63111e-16 9.41406e-130
7 14 7 1  9.26122 8.96841 3.22262 1.19453 2.76879e-18
7 14 8 1  1.31327e-19 1.95747e-19 1.77536e-19 1.14461e-19 5.83372e-56
7 14 9 1  2.67644e-19 2.14471e-19 1.99783e-19 1.99747e-19 2.49292e-19
7 14 10 1  1.43056e-19 2.85985e-19 2.91073e-19 1.99348e-20 4.70519e-26
7 15 1 1  6.40086e-20 8.59369e-20 4.61015e-20 1.39327e-20 1.0339e-23
7 15 2 1  1.57056e-14 1.78236e-14 1.26064e-14 1.80652e-14 8.94774e-48
7 15 3 1  1.9605e-15 2.59401e-15 9.26098e-16 2.69944e-16 2.06419e-74
7 15 4 1  8.15408e-20 3.13592e-20 1.28743e-20 7.8023e-21 1.82774e-20
7 15 5 1  2.11734e-16 2.67967e-16 2.27282e-16 1.80278e-16 1.90165e-16
7 15 6 1  1.03186e-14 1.40337e-14 7.26563e-15 2.43706e-16 5.06341e-130
7 15 7 1  4.42225 4.87477 2.21529 0.738123 1.51804e-18
7 15 8 1  1.18545e-19 8.44204e-20 9.82328e-20 6.3727e-20 2.69654e-56
7 15 9 1  1.99321e-19 1.32696e-19 1.14807e-19 1.12309e-19 1.41443e-19
7 15 10 1  7.93843e-20 1.26733e-19 1.18328e-19 1.91378e-20 1.25231e-26
7 16 1 1  2.66741e-20 3.88944e-20 1.90548e-20 5.80418e-21 2.65698e-24
7 16 2 1  2.53438e-15 1.09819e-14 9.87412e-15 1.1046e-14 4.56774e-48
7 16 3 1  8.69649e-16 1.3218e-15 7.7837e-16 2.1203e-16 1.1104e-74
7 16 4 1  4.66693e-20 2.23416e-20 8.42617e-21 4.36112e-21 9.69963e-21
7 16 5 1  2.06008e-16 1.91322e-16 1.41612e-16 1.08664e-16 1.19109e-16
7 16 6 1  3.2041e-15 8.0029e-15 5.40552e-15 1.3046e-16 2.76985e-130
7 16 7 1  2.311 2.63397 1.46268 0.470103 8.46291e-19
7 16 8 1  4.88122e-20 5.13879e-20 5.02974e-20 3.52214e-20 1.23836e-56
7 16 9 1  1.48015e-19 9.20698e-20 6.92865e-20 6.49769e-20 8.20935e-20
7 16 10 1  1.4634e-19 6.46315e-20 5.15608e-20 1.1068e-20 3.46072e-27
7 17 1 1  8.15347e-20 6.50856e-20 3.09568e-20 8.80213e-21 2.49436e-24
7 17 2 1  2.02731e-14 1.17306e-14 2.57284e-14 2.70985e-14 8.90229e-48
7 17 3 1  1.60383e-15 2.45315e-15 2.00711e-15 6.5167e-16 2.29011e-74
7 17 4 1  9.64297e-20 5.55076e-20 2.18041e-20 9.81608e-21 1.96853e-20
7 17 5 1  3.44767e-16 6.19812e-16 3.53122e-16 2.53328e-16 2.85575e-16
7 17 6 1  4.95024e-15 1.46142e-14 1.4253e-14 2.67672e-16 5.81831e-130
7 17 7 1  4.91385 5.40666 3.55323 1.15614 1.8146e-18
7 17 8 1  1.18502e-18 9.9411e-20 1.0544e-19 7.51457e-20 2.22819e-56
7 17 9 1  4.54793e-19 2.56009e-19 1.70249e-19 1.4684e-19 1.84232e-19
7 17 10 1  2.80536e-19 3.14134e-19 7.68686e-20 1.74314e-20 3.0014e-27
7 18 1 1  1.89856e-19 3.3924e-20 1.39099e-20 3.78241e-21 6.46528e-25
7 18 2 1  4.37135e-14 1.10394e-14 1.06144e-14 1.55742e-14 4.01695e-48
7 18 3 1  1.63861e-14 1.0525e-15 1.07087e-15 4.38022e-16 1.09871e-74
7 18 4 1  5.48952e-20 2.99441e-20 1.31044e-20 5.52164e-21 9.5508e-21
7 18 5 1  1.94634e-16 3.30209e-16 2.25022e-16 1.39682e-16 1.59264e-16
7 18 6 1  3.55937e-15 5.95335e-15 8.02001e-15 1.27697e-16 2.84785e-130
7 18 7 1  2.64052 2.58661 1.94822 0.661914 9.08326e-19
7 18 8 1  2.59149e-19 3.02741e-19 5.30813e-20 3.94134e-20 9.9006e-57
7 18 9 1  3.56721e-19 1.78439e-19 1.04347e-19 8.0417e-20 9.82347e-20
7 18 10 1  4.37756e-19 1.76776e-19 8.20042e-20 6.87681e-21 6.7197e-28
7 19 1 1  1.00094e-19 9.7081e-20 1.47001e-20 3.87444e-21 3.92291e-25
7 19 2 1  4.46237e-15 4.47678e-14 1.26635e-14 1.70422e-14 3.69325e-48
7 19 3 1  9.32298e-15 7.51585e-15 1.09832e-15 5.60504e-16 1.07044e-74
7 19 4 1  6.80704e-20 3.31612e-20 1.50359e-20 6.39016e-21 9.42869e-21
7 19 5 1  4.52581e-16 3.6894e-16 2.7216e-16 1.61863e-16 1.79823e-16
7 19 6 1  3.49962e-15 5.72991e-15 8.70533e-15 1.23733e-16 2.82762e-130
7 19 7 1  2.90683 2.57489 2.12211 0.763836 9.2142e-19
7 19 8 1  1.66067e-19 2.80067e-19 1.31358e-19 4.16583e-20 8.92049e-57
7 19 9 1  3.65425e-19 2.69788e-19 1.37062e-19 9.19952e-20 1.0652e-19
7 19 10 1  9.3846e-20 4.41619e-19 1.25599e-19 1.59879e-20 5.02968e-28
7 20 1 1  8.68402e-20 1.26775e-19 3.97374e-20 5.16734e-21 3.057e-25
7 20 2 1  3.83601e-15 2.3121e-14 4.54736e-14 2.53925e-14 4.52952e-48
7 20 3 1  7.52977e-15 1.13332e-14 3.81629e-15 9.05631e-16 1.38433e-74
7 20 4 1  1.15226e-19 5.02485e-20 2.2152e-20 9.60267e-21 1.23806e-20
7 20 5 1  3.62589e-16 8.20598e-16 4.26388e-16 2.51614e-16 2.69634e-16
7 20 6 1  1.83487e-14 7.43545e-15 1.23967e-14 1.59207e-16 3.72151e-130
7 20 7 1  4.01733 3.48716 3.0302 1.15926 1.23722e-18
7 20 8 1  1.38697e-19 2.97317e-19 2.41246e-19 7.06294e-20 1.05894e-56
7 20 9 1  4.92241e-19 4.41654e-19 2.56372e-19 1.4612e-19 1.55006e-19
7 20 10 1  1.22966e-18 3.39121e-19 3.69824e-19 3.89539e-20 5.13043e-28
7 21 1 1  3.89782e-20 4.20421e-20 2.04543e-20 3.15331e-21 7.62664e-26
7 21 2 1  2.96379e-15 4.03987e-15 1.56e-14 1.41109e-14 1.61579e-48
7 21 3 1  7.17845e-15 3.91609e-15 2.31645e-15 5.35005e-16 5.20621e-75
7 21 4 1  5.1515e-20 2.33836e-20 9.58811e-21 4.15514e-21 4.81385e-21
7 21 5 1  1.56111e-16 3.16765e-16 2.22001e-16 1.13981e-16 1.1806e-16
7 21 6 1  4.18758e-15 5.46023e-15 5.07432e-15 5.95718e-17 1.42444e-130
7 21 7 1  1.57357 1.37995 1.24941 0.507952 4.83203e-19
7 21 8 1  4.18014e-19 8.4825e-20 1.03156e-19 3.569e-20 3.65329e-57
7 21 9 1  1.91407e-19 1.93614e-19 1.32145e-19 7.16869e-20 6.67894e-20
7 21 10 1  1.68705e-19 4.56989e-19 1.4228e-19 3.08558e-20 1.51477e-28
7 22 1 1  3.31451e-20 3.42792e-20 1.87038e-20 4.10289e-21 4.47224e-26
7 22 2 1  2.57998e-14 3.35791e-15 9.64686e-15 1.45675e-14 1.25091e-48
7 22 3 1  3.63743e-15 4.54585e-15 2.37968e-15 6.93587e-16 4.25433e-75
7 22 4 1  4.70152e-20 2.29553e-20 9.25507e-21 3.88701e-21 4.11641e-21
7 22 5 1  9.89696e-17 2.76917e-16 2.23673e-16 1.16786e-16 1.12868e-16
7 22 6 1  2.15728e-15 4.82821e-15 4.94551e-15 4.84271e-17 1.18525e-130
7 22 7 1  1.3213 1.18349 1.11384 0.480695 4.10531e-19
7 22 8 1  1.65215e-19 2.09427e-19 8.69768e-20 3.80957e-20 2.80416e-57
7 22 9 1  1.70803e-19 1.72604e-19 1.3601e-19 7.65462e-20 6.26011e-20
7 22 10 1  1.09994e-19 2.73161e-19 2.43498e-19 3.49844e-20 9.51386e-29
7 23 1 1  9.90865e-20 5.84504e-20 3.34399e-20 9.18151e-21 5.39592e-26
7 23 2 1  5.49971e-15 4.41011e-14 1.31515e-14 2.75159e-14 1.98662e-48
7 23 3 1  3.87085e-15 7.45804e-15 5.25934e-15 1.69414e-15 7.12618e-75
7 23 4 1  8.5799e-20 4.42694e-20 1.80908e-20 7.40622e-21 7.18738e-21
7 23 5 1  6.52587e-16 4.41349e-16 4.40182e-16 2.43941e-16 2.22961e-16
7 23 6 1  7.52534e-15 7.45472e-15 9.70057e-15 8.07003e-17 2.0213e-130
7 23 7 1  2.30506 2.0746 2.02559 0.926255 7.14795e-19
7 23 8 1  1.53133e-19 3.33342e-19 2.26683e-19 7.90453e-20 4.45711e-57
7 23 9 1  3.71616e-19 3.17421e-19 2.72917e-19 1.66419e-19 1.23244e-19
7 23 10 1  1.2151e-19 3.49445e-19 4.32918e-19 9.64874e-20 1.17829e-28
7 24 1 1  6.24137e-20 6.30679e-20 2.66269e-20 8.51745e-21 2.97417e-26
7 24 2 1  2.16324e-15 1.54969e-14 2.90929e-14 2.43426e-14 1.5526e-48
7 24 3 1  2.05292e-15 5.28845e-15 5.14036e-15 1.96967e-15 5.85179e-75
7 24 4 1  7.48379e-20 4.09624e-20 1.72927e-20 7.01872e-21 6.27589e-21
7 24 5 1  5.81317e-16 7.09363e-16 3.99529e-16 2.45341e-16 2.17014e-16
7 24 6 1  6.08138e-15 7.45171e-15 8.99566e-15 6.59499e-17 1.68793e-130
7 24 7 1  1.9972 1.78826 1.79835 0.868403 6.08699e-19
7 24 8 1  7.9191e-20 2.08036e-19 2.25965e-19 8.2572e-20 3.35114e-57
7 24 9 1  6.8332e-19 2.85892e-19 2.41677e-19 1.60484e-19 1.12248e-19
7 24 10 1  1.47213e-19 2.06288e-19 3.10957e-19 9.56392e-20 6.53331e-29
7 25 1 1  3.59976e-20 5.14214e-20 2.3463e-20 6.81023e-21 1.49965e-26
7 25 2 1  3.46492e-15 5.57261e-15 2.21208e-14 2.57414e-14 1.20037e-48
7 25 3 1  1.25043e-15 3.46619e-15 4.51708e-15 2.15272e-15 4.75402e-75
7 25 4 1  6.14982e-20 3.6472e-20 1.61023e-20 6.59661e-21 5.50453e-21
7 25 5 1  8.05264e-16 7.8911e-16 4.35469e-16 2.37449e-16 2.09938e-16
7 25 6 1  6.95514e-15 6.76679e-15 8.35133e-15 5.33196e-17 1.39469e-130
7 25 7 1  1.70507 1.52768 1.57483 0.801522 5.13026e-19
7 25 8 1  6.08816e-20 1.20512e-19 1.89049e-19 8.32941e-20 2.46583e-57
7 25 9 1  4.17352e-19 3.67948e-19 2.09211e-19 1.46412e-19 1.00289e-19
7 25 10 1  8.71445e-20 1.74621e-19 2.05786e-19 8.19464e-20 3.57566e-29
7 26 1 1  1.99751e-20 2.89924e-20 1.48176e-20 4.27268e-21 5.71564e-27
7 26 2 1  1.81975e-14 3.35855e-15 1.10774e-14 2.02491e-14 7.49913e-49
7 26 3 1  7.95606e-16 1.81386e-15 2.99324e-15 1.79543e-15 3.11331e-75
7 26 4 1  4.57104e-20 2.46071e-20 1.14813e-20 4.81958e-21 3.82437e-21
7 26 5 1  3.02934e-15 8.03366e-16 3.85795e-16 1.91188e-16 1.63486e-16
7 26 6 1  5.91838e-15 5.46413e-15 6.23972e-15 3.47574e-17 9.28235e-131
7 26 7 1  1.17551 1.05504 1.1085 0.592758 3.48007e-19
7 26 8 1  3.47781e-20 6.16187e-20 1.17185e-19 6.47145e-20 1.46677e-57
7 26 9 1  2.05793e-19 2.54871e-19 1.70655e-19 1.0556e-19 7.21909e-20
7 26 10 1  7.28511e-20 9.80702e-20 1.25285e-19 5.39191e-20 1.64172e-29
7 27 1 1  1.40833e-20 1.62862e-20 9.43531e-21 2.73646e-21 2.21603e-27
7 27 2 1  7.59113e-15 1.20862e-14 5.67712e-15 1.43494e-14 4.57934e-49
7 27 3 1  5.11417e-16 9.7038e-16 1.85697e-15 1.3899e-15 1.98049e-75
7 27 4 1  3.13674e-20 1.68561e-20 7.72484e-21 3.3643e-21 2.5944e-21
7 27 5 1  1.78497e-15 2.06932e-15 3.53442e-16 1.53586e-16 1.23768e-16
7 27 6 1  5.4494e-15 4.42308e-15 4.61398e-15 2.2022e-17 5.98854e-131
7 27 7 1  0.802563 0.711829 0.756407 0.422651 2.28299e-19
7 27 8 1  2.14774e-20 3.17234e-20 6.7602e-20 4.60103e-20 8.38056e-58
7 27 9 1  1.31311e-19 1.47336e-19 1.2413e-19 7.56416e-20 4.97434e-20
7 27 10 1  3.26285e-20 6.73472e-20 5.75291e-20 2.71165e-20 5.8744e-30
7 28 1 1  9.1601e-21 7.37052e-21 4.78125e-21 1.59154e-21 7.81598e-28
7 28 2 1  1.26335e-15 5.04877e-15 5.02502e-15 6.90891e-15 1.98336e-49
7 28 3 1  2.63797e-16 3.85032e-16 7.97985e-16 7.32766e-16 8.9157e-76
7 28 4 1  1.44708e-20 8.10903e-21 3.71902e-21 1.64241e-21 1.25842e-21
7 28 5 1  2.28726e-16 1.32961e-15 4.14402e-16 9.10376e-17 6.67742e-17
7 28 6 1  1.84829e-15 2.69227e-15 2.45893e-15 9.87636e-18 2.73199e-131
7 28 7 1  0.389674 0.341827 0.365026 0.212264 1.05818e-19
7 28 8 1  6.29114e-20 1.27329e-20 2.78483e-20 2.28561e-20 3.4765e-58
7 28 9 1  7.68038e-20 6.74902e-20 6.31179e-20 4.15926e-20 2.63572e-20
7 28 10 1  3.09888e-20 2.58314e-20 2.01284e-20 7.14918e-21 1.12931e-30
7 29 1 1  4.96608e-20 2.52268e-20 1.52354e-20 5.89276e-21 1.84918e-27
7 29 2 1  3.53051e-15 8.09345e-15 1.81286e-14 2.34029e-14 5.50849e-49
7 29 3 1  1.03954e-15 1.05399e-15 2.17029e-15 2.40409e-15 2.57993e-75
7 29 4 1  4.71394e-20 2.41439e-20 1.11523e-20 4.96691e-21 3.80891e-21
7 29 5 1  8.30767e-16 3.07887e-15 2.14434e-15 4.6097e-16 2.35207e-16
7 29 6 1  7.73336e-15 8.2879e-15 8.62385e-15 2.84649e-17 8.01747e-131
7 29 7 1  1.23635 1.05839 1.13325 0.684148 3.15842e-19
7 29 8 1  1.0048e-19 1.16312e-19 7.58669e-20 7.31969e-20 9.58284e-58
7 29 9 1  2.59274e-19 2.22752e-19 2.01532e-19 1.45273e-19 9.15371e-20
7 29 10 1  1.56918e-19 1.11371e-19 5.60423e-20 1.61627e-20 1.70521e-30
7 30 1 1  2.02244e-20 2.1132e-20 9.07133e-21 3.74196e-21 7.90313e-28
7 30 2 1  2.91999e-15 3.36432e-15 9.13057e-15 1.56158e-14 2.97671e-49
7 30 3 1  5.61338e-16 6.40304e-16 1.14917e-15 1.49814e-15 1.45311e-75
7 30 4 1  4.04047e-20 1.52447e-20 6.78273e-21 3.04475e-21 2.34458e-21
7 30 5 1  1.08362e-15 1.53984e-15 1.49951e-15 4.59059e-16 1.72339e-16
7 30 6 1  3.03183e-15 5.56419e-15 5.73637e-15 1.59679e-17 4.58023e-131
7 30 7 1  0.796982 0.642983 0.685457 0.428235 1.83585e-19
7 30 8 1  1.06669e-19 6.83016e-20 5.66971e-20 4.55405e-20 5.24624e-58
7 30 9 1  1.45085e-19 1.41826e-19 1.2427e-19 9.43537e-20 6.07748e-20
7 30 10 1  6.62422e-20 1.05679e-19 4.20488e-20 9.05502e-21 5.9115e-31
7 31 1 1  7.79628e-21 1.13859e-20 5.29124e-21 1.88501e-21 2.73434e-28
7 31 2 1  5.531e-15 2.09734e-15 4.14416e-15 9.43015e-15 1.53267e-49
7 31 3 1  2.81079e-16 3.5408e-16 5.92577e-16 8.73721e-16 7.79422e-76
7 31 4 1  2.83222e-20 1.10916e-20 4.30022e-21 1.90945e-21 1.47981e-21
7 31 5 1  2.47873e-16 1.05675e-15 8.98341e-16 3.701e-16 1.29364e-16
7 31 6 1  1.42833e-15 2.95929e-15 3.64281e-15 8.53067e-18 2.49167e-131
7 31 7 1  0.492351 0.3782 0.395792 0.254792 1.0165e-19
7 31 8 1  4.22561e-20 5.11018e-20 3.6372e-20 2.71892e-20 2.68408e-58
7 31 9 1  8.34964e-20 7.97569e-20 7.23824e-20 5.64167e-20 3.7543e-20
7 31 10 1  1.13543e-20 5.59303e-20 3.549e-20 5.47772e-21 1.95002e-31
7 32 1 1  1.00975e-20 1.61692e-20 8.45594e-21 2.72672e-21 2.58795e-28
7 32 2 1  2.20654e-15 9.91822e-15 6.27481e-15 1.65135e-14 2.38788e-49
7 32 3 1  5.54142e-16 5.72289e-16 9.35016e-16 1.52485e-15 1.26792e-75
7 32 4 1  4.32557e-20 2.47852e-20 9.13852e-21 3.79693e-21 2.94389e-21
7 32 5 1  2.89083e-16 1.46929e-15 1.69749e-15 8.08456e-16 3.00814e-16
7 32 6 1  2.25922e-14 4.60731e-15 6.79059e-15 1.38182e-17 4.11474e-131
7 32 7 1  0.987907 0.683795 0.696198 0.459914 1.71144e-19
7 32 8 1  4.61787e-20 8.21996e-20 7.33767e-20 4.89006e-20 4.0914e-58
7 32 9 1  1.35454e-19 1.34148e-19 1.23371e-19 9.91992e-20 6.82903e-20
7 32 10 1  2.20575e-20 5.5348e-20 6.66832e-20 1.18405e-20 1.94372e-31
7 33 1 1  5.92822e-21 9.89027e-21 6.04693e-21 1.94626e-21 1.16608e-28
7 33 2 1  1.55962e-14 3.67198e-15 7.0892e-15 1.2261e-14 1.60561e-49
7 33 3 1  5.87682e-15 4.29839e-16 6.39431e-16 1.13878e-15 8.90915e-76
7 33 4 1  2.867e-20 2.08257e-20 8.89357e-21 3.47453e-21 2.62053e-21
7 33 5 1  1.2969e-15 8.46792e-16 1.2712e-15 7.27291e-16 2.97245e-16
7 33 6 1  1.09777e-14 1.05042e-14 5.32026e-15 9.66708e-18 2.93635e-131
7 33 7 1  0.882446 0.5493 0.531793 0.358545 1.2466e-19
7 33 8 1  2.33826e-20 5.00969e-20 6.0191e-20 3.94103e-20 2.74035e-58
7 33 9 1  1.30039e-19 9.43265e-20 8.885e-20 7.34175e-20 5.2412e-20
7 33 10 1  1.78674e-20 3.061e-20 4.31423e-20 1.11947e-20 9.12252e-32
7 34 1 1  6.91427e-21 8.79111e-21 6.08837e-21 2.18806e-21 8.26832e-29
7 34 2 1  6.62919e-15 1.67382e-14 6.77054e-15 1.39987e-14 1.56826e-49
7 34 3 1  3.95382e-15 2.89248e-15 6.45967e-16 1.22724e-15 9.10294e-76
7 34 4 1  2.81197e-20 2.35589e-20 1.1937e-20 4.81044e-21 3.45806e-21
7 34 5 1  2.46078e-15 1.74328e-15 1.30447e-15 9.01609e-16 4.17219e-16
7 34 6 1  1.99168e-14 1.3342e-14 7.63426e-15 9.83308e-18 3.04841e-131
7 34 7 1  1.15422 0.66168 0.595586 0.406611 1.32251e-19
7 34 8 1  2.93741e-20 4.23469e-20 6.66593e-20 4.68466e-20 2.69756e-58
7 34 9 1  3.18026e-19 1.14394e-19 9.50534e-20 8.07841e-20 5.9864e-20
7 34 10 1  2.47912e-20 2.99319e-20 4.03266e-20 1.43376e-20 6.91143e-32
7 35 1 1  2.53757e-20 9.55107e-21 6.71386e-21 2.69589e-21 6.68391e-29
7 35 2 1  9.02905e-16 1.29328e-14 1.63095e-14 1.69997e-14 1.67598e-49
7 35 3 1  3.32671e-15 3.98946e-15 1.48756e-15 1.44116e-15 1.0194e-75
7 35 4 1  3.2337e-20 2.76066e-20 1.61656e-20 7.10822e-21 4.99499e-21
7 35 5 1  2.17447e-15 3.71142e-15 1.76592e-15 1.16721e-15 6.23754e-16
7 35 6 1  2.87312e-14 2.19272e-14 1.1552e-14 1.09605e-17 3.47058e-131
7 35 7 1  1.48363 0.896444 0.739435 0.505944 1.54052e-19
7 35 8 1  7.26e-20 4.47092e-20 7.54339e-20 5.98637e-20 2.88938e-58
7 35 9 1  3.36172e-19 2.35088e-19 1.1993e-19 9.9649e-20 7.67348e-20
7 35 10 1  2.24669e-20 3.96052e-20 4.34649e-20 1.82856e-20 5.8738e-32
7 36 1 1  4.23365e-20 1.18562e-20 4.96031e-21 2.21657e-21 3.74049e-29
7 36 2 1  6.07848e-15 3.16565e-15 1.18442e-14 1.3854e-14 1.057e-49
7 36 3 1  1.6066e-15 2.63051e-15 1.52336e-15 1.06752e-15 6.73102e-76
7 36 4 1  2.34966e-19 1.9139e-20 1.23011e-20 6.00046e-21 4.30191e-21
7 36 5 1  6.90743e-15 2.84953e-15 1.68238e-15 9.00225e-16 5.32598e-16
7 36 6 1  1.21014e-14 1.98632e-14 1.0567e-14 7.20454e-18 2.32868e-131
7 36 7 1  1.07432 0.707832 0.548157 0.371035 1.0572e-19
7 36 8 1  4.26395e-20 4.23956e-20 4.95128e-20 4.40712e-20 1.81673e-58
7 36 9 1  2.00154e-19 2.00439e-19 1.13515e-19 7.5589e-20 5.97677e-20
7 36 10 1  1.25705e-20 2.48027e-20 3.3666e-20 1.49704e-20 3.38076e-32
7 37 1 1  7.6002e-20 3.81911e-20 1.00738e-20 3.93506e-21 4.66939e-29
7 37 2 1  1.30598e-15 9.51208e-15 1.2756e-14 2.32406e-14 1.40894e-49
7 37 3 1  4.27919e-14 3.30445e-15 2.72725e-15 1.75434e-15 9.36853e-76
7 37 4 1  2.62023e-19 1.07065e-19 1.94933e-20 1.04461e-20 7.92701e-21
7 37 5 1  1.07435e-14 1.11043e-14 3.09068e-15 1.54775e-15 9.3782e-16
7 37 6 1  2.14696e-14 2.80643e-14 2.03666e-14 9.98549e-18 3.28985e-131
7 37 7 1  1.59623 1.15465 0.864421 0.572974 1.5254e-19
7 37 8 1  4.55332e-20 6.62496e-20 7.5489e-20 6.78938e-20 2.42764e-58
7 37 9 1  2.53415e-19 3.04634e-19 2.14948e-19 1.28172e-19 9.73786e-20
7 37 10 1  3.24785e-20 3.09289e-20 5.429e-20 2.80636e-20 4.52143e-32
7 38 1 1  6.54137e-20 4.884e-20 1.56209e-20 4.24132e-21 3.39176e-29
7 38 2 1  1.56972e-15 3.32804e-15 1.10037e-14 2.07829e-14 1.08845e-49
7 38 3 1  1.9213e-14 1.65077e-14 2.50983e-15 1.69665e-15 7.55028e-76
7 38 4 1  1.72351e-19 1.21574e-19 3.31326e-20 1.02125e-20 8.38449e-21
7 38 5 1  1.49366e-15 1.34555e-14 4.74161e-15 1.57084e-15 9.50929e-16
7 38 6 1  9.53982e-15 2.47404e-14 2.09024e-14 8.01481e-18 2.68965e-131
7 38 7 1  1.35039 1.06837 0.793833 0.512731 1.27275e-19
7 38 8 1  2.60307e-20 5.17668e-20 6.82708e-20 6.14365e-20 1.90644e-58
7 38 9 1  1.6895e-19 2.41662e-19 2.07758e-19 1.26157e-19 8.94989e-20
7 38 10 1  1.93734e-20 3.47335e-20 4.76936e-20 2.98528e-20 3.57358e-32
7 39 1 1  6.16699e-20 7.53872e-20 3.32519e-20 8.15813e-21 3.84373e-29
7 39 2 1  2.00842e-15 2.98417e-15 1.03364e-14 2.7158e-14 1.23832e-49
7 39 3 1  1.30467e-14 2.22238e-14 7.88062e-15 2.3979e-15 8.98941e-76
7 39 4 1  1.69341e-19 1.64789e-19 6.58575e-20 1.88401e-20 1.29233e-20
7 39 5 1  1.09674e-14 1.1836e-14 9.43056e-15 2.72461e-15 1.42698e-15
7 39 6 1  2.43258e-14 2.63506e-14 3.05196e-14 9.50114e-18 3.25141e-131
7 39 7 1  1.66202 1.43484 1.08135 0.680756 1.57235e-19
7 39 8 1  2.40801e-20 5.44331e-20 8.93285e-20 8.34578e-20 2.247e-58
7 39 9 1  1.76786e-19 2.66424e-19 2.75312e-19 1.82296e-19 1.22847e-19
7 39 10 1  2.39981e-20 3.91576e-20 6.81679e-20 4.58041e-20 4.26841e-32
7 40 1 1  4.20542e-20 5.6795e-20 3.68004e-20 1.01958e-20 2.71098e-29
7 40 2 1  1.87746e-15 2.01482e-15 5.71964e-15 2.02287e-14 8.39609e-50
7 40 3 1  5.56528e-15 1.39656e-14 8.85436e-15 2.46181e-15 6.39224e-76
7 40 4 1  1.01056e-19 1.21325e-19 6.47714e-20 2.1581e-20 1.24258e-20
7 40 5 1  4.42778e-15 1.22552e-14 7.93398e-15 2.98715e-15 1.31708e-15
7 40 6 1  7.30225e-14 2.18277e-14 2.5001e-14 6.72544e-18 2.34919e-131
7 40 7 1  1.26893 1.13332 0.880184 0.542045 1.16249e-19
7 40 8 1  1.51091e-20 3.3396e-20 6.74431e-20 6.83181e-20 1.60361e-58
7 40 9 1  1.25345e-19 1.72756e-19 2.05287e-19 1.53343e-19 1.01766e-19
7 40 10 1  2.10645e-20 2.78842e-20 5.4623e-20 4.18522e-20 3.08338e-32
7 41 1 1  2.8803e-20 3.85837e-20 3.24061e-20 1.14549e-20 1.80872e-29
7 41 2 1  3.87878e-15 1.58205e-15 3.08236e-15 1.35728e-14 5.28259e-50
7 41 3 1  2.36621e-15 7.38275e-15 7.21263e-15 2.41907e-15 4.22048e-76
7 41 4 1  5.78333e-20 7.92667e-20 5.28484e-20 2.13921e-20 1.1707e-20
7 41 5 1  1.95258e-15 7.74556e-15 6.66373e-15 2.73764e-15 1.17325e-15
7 41 6 1  2.52419e-14 3.44089e-14 1.90474e-14 4.41999e-18 1.57643e-131
7 41 7 1  0.930857 0.828527 0.663937 0.402042 7.98967e-20
7 41 8 1  1.31313e-20 1.92824e-20 4.57347e-20 5.16427e-20 1.06723e-58
7 41 9 1  9.27417e-20 1.06876e-19 1.36047e-19 1.15368e-19 7.83185e-20
7 41 10 1  5.82896e-20 2.09132e-20 3.95746e-20 3.47084e-20 2.07497e-32
7 42 1 1  2.55542e-19 2.68606e-20 2.67257e-20 1.20722e-20 1.24111e-29
7 42 2 1  3.41913e-15 2.79904e-15 1.87953e-15 9.05276e-15 3.3662e-50
7 42 3 1  1.18272e-15 3.77728e-15 5.19677e-15 2.26605e-15 2.82968e-76
7 42 4 1  3.58537e-20 5.1666e-20 4.09964e-20 1.99277e-20 1.15062e-20
7 42 5 1  3.68668e-15 4.44829e-15 5.15411e-15 2.47116e-15 1.07041e-15
7 42 6 1  1.14261e-13 2.4469e-14 1.73353e-14 2.94898e-18 1.0753e-131
7 42 7 1  0.729797 0.618157 0.508073 0.304156 5.59264e-20
7 42 8 1  1.53191e-20 1.31188e-20 3.09838e-20 3.95014e-20 7.27819e-59
7 42 9 1  7.51377e-20 7.36135e-20 9.23706e-20 8.76057e-20 6.2685e-20
7 42 10 1  7.61239e-20 4.23092e-20 2.96429e-20 2.87628e-20 1.43005e-32
8 1 1 1  1.95983e-16 3.02309e-15 1.3405e-15 3.78298e-17 3.86407e-17
8 1 2 1  7.13288e-153 1.3533e-111 6.75112e-11 1.85344e-54 1.4814e-42
8 1 3 1  1.89266e-25 4.77391e-12 3.6533e-12 3.66011e-12 1.3037e-69
8 1 4 1  1.24503e-18 4.4315e-16 6.4485e-32 5.42061e-16 3.37665e-28
8 1 5 1  3.73191e-12 2.01422e-21 6.33678e-12 4.96609e-13 5.33037e-15
8 1 6 1  1.45496e-10 1.58683e-52 2.77774e-11 1.68772e-11 2.31098e-125
8 1 7 1  2.34268e-65 1.63816e-11 2.74362e-11 7.20185e-12 4.79344e-29
8 1 8 1  0.191398 5.81301 2.70871 0.0452438 6.3564e-36
8 1 9 1  6.63132e-35 2.16278e-16 4.83935e-15 2.42484e-15 5.57452e-27
8 1 10 1  2.88856e-15 3.71888e-15 1.0816e-15 2.02727e-16 4.21254e-17
8 2 1 1  2.28761e-16 1.36335e-15 1.30017e-15 1.80661e-16 2.42159e-17
8 2 2 1  4.52967e-12 2.69965e-112 2.58316e-11 1.34901e-11 9.43267e-43
8 2 3 1  1.07863e-12 1.93131e-12 2.75348e-12 2.78452e-12 9.18977e-70
8 2 4 1  4.64006e-17 2.47388e-16 8.00013e-17 3.06153e-16 9.4014e-17
8 2 5 1  2.10369e-12 2.1987e-12 3.53198e-12 1.17147e-12 5.42159e-14
8 2 6 1  5.50501e-11 4.98813e-11 1.79539e-11 1.17851e-11 1.68204e-125
8 2 7 1  2.33902e-12 9.23241e-12 1.99061e-11 6.35742e-12 3.6102e-29
8 2 8 1  0.576384 2.17998 2.73471 0.282748 4.32841e-36
8 2 9 1  7.37565e-16 1.00026e-16 2.65085e-15 2.34375e-15 2.4915e-16
8 2 10 1  1.2767e-15 2.73992e-15 1.4005e-15 1.69686e-16 1.86937e-17
8 3 1 1  7.59536e-16 1.39773e-15 1.94881e-15 5.57625e-16 3.19634e-17
8 3 2 1  5.425e-12 6.60676e-12 2.14221e-11 2.86414e-11 1.28603e-42
8 3 3 1  3.6755e-12 2.38029e-12 3.82155e-12 4.51663e-12 1.37744e-69
8 3 4 1  1.69911e-16 3.13347e-16 1.91003e-16 3.98546e-16 2.61072e-16
8 3 5 1  2.21777e-12 4.64595e-12 5.15654e-12 2.58239e-12 3.37348e-13
8 3 6 1  1.1622e-10 8.87122e-11 4.03898e-11 1.75075e-11 2.59963e-125
8 3 7 1  7.56243e-12 1.17761e-11 3.0208e-11 1.15681e-11 5.7683e-29
8 3 8 1  0.982144 2.08079 4.06347 0.91936 6.11192e-36
8 3 9 1  1.88973e-15 6.1057e-16 3.08581e-15 4.06122e-15 8.92869e-16
8 3 10 1  9.96692e-15 3.24482e-15 2.37641e-15 3.45398e-16 1.58512e-17
8 4 1 1  7.24183e-15 1.10179e-15 1.61486e-15 7.3751e-16 2.56697e-17
8 4 2 1  8.66078e-12 6.7264e-12 1.48436e-11 2.91448e-11 1.09495e-42
8 4 3 1  5.70797e-12 2.77747e-12 3.25534e-12 4.47932e-12 1.27974e-69
8 4 4 1  2.5715e-16 2.7435e-16 2.16341e-16 3.41501e-16 3.45599e-16
8 4 5 1  1.18543e-12 4.38322e-12 5.07277e-12 3.05568e-12 6.73268e-13
8 4 6 1  1.14399e-10 1.07639e-10 5.22178e-11 1.61306e-11 2.48604e-125
8 4 7 1  1.15335e-11 1.01754e-11 2.81586e-11 1.27237e-11 5.69507e-29
8 4 8 1  8.39038 1.38106 3.28539 1.22155 5.12294e-36
8 4 9 1  2.19763e-15 1.17748e-15 2.3735e-15 3.97827e-15 1.38409e-15
8 4 10 1  1.99458e-15 9.23583e-15 1.87385e-15 3.34766e-16 7.07766e-18
8 5 1 1  2.58853e-15 2.53672e-15 8.94601e-16 5.62237e-16 1.3946e-17
8 5 2 1  1.1337e-11 7.02746e-12 8.37043e-12 2.01996e-11 6.75042e-43
8 5 3 1  4.49683e-12 2.76769e-12 2.14904e-12 3.15817e-12 8.55247e-70
8 5 4 1  2.80898e-16 1.92185e-16 1.61921e-16 2.1858e-16 2.97464e-16
8 5 5 1  6.88103e-13 2.4789e-12 3.56056e-12 2.46509e-12 7.64118e-13
8 5 6 1  5.1046e-11 8.61443e-11 4.78911e-11 1.06967e-11 1.70727e-125
8 5 7 1  1.08136e-11 7.00016e-12 1.88152e-11 9.86613e-12 4.0322e-29
8 5 8 1  2.50695 3.13438 1.86984 0.999032 3.10568e-36
8 5 9 1  1.66742e-15 1.19366e-15 1.48727e-15 2.70484e-15 1.32387e-15
8 5 10 1  3.80567e-15 3.62521e-15 2.7911e-15 2.11737e-16 2.29391e-18
8 6 1 1  1.57881e-15 2.38792e-15 1.1326e-15 5.05804e-16 9.71597e-18
8 6 2 1  2.43004e-11 1.19274e-11 8.16839e-12 1.84687e-11 5.62772e-43
8 6 3 1  4.37756e-12 3.26704e-12 2.1493e-12 2.98903e-12 7.70448e-70
8 6 4 1  3.44334e-16 2.06979e-16 1.6068e-16 1.94277e-16 3.29169e-16
8 6 5 1  1.68422e-12 1.91243e-12 3.2146e-12 2.5886e-12 1.03967e-12
8 6 6 1  4.54921e-11 7.49701e-11 5.70262e-11 9.5642e-12 1.5796e-125
8 6 7 1  1.26841e-11 7.009e-12 1.69778e-11 1.01655e-11 3.84545e-29
8 6 8 1  1.3295 2.53654 2.10225 1.02342 2.57077e-36
8 6 9 1  1.70213e-15 1.40741e-15 1.41214e-15 2.46648e-15 1.57288e-15
8 6 10 1  1.39289e-15 4.31377e-15 1.85467e-15 2.70095e-16 8.85924e-19
8 7 1 1  1.45276e-15 1.81459e-15 1.22169e-15 5.03583e-16 6.8484e-18
8 7 2 1  3.84417e-11 2.32249e-11 1.00681e-11 1.59377e-11 4.38543e-43
8 7 3 1  5.67981e-12 3.28449e-12 2.12492e-12 2.65531e-12 6.47703e-70
8 7 4 1  3.73303e-16 2.17979e-16 1.52655e-16 1.65047e-16 3.30839e-16
8 7 5 1  9.73208e-13 2.23014e-12 2.62677e-12 2.45083e-12 1.22791e-12
8 7 6 1  7.64073e-11 6.16619e-11 5.8456e-11 7.98132e-12 1.36358e-125
8 7 7 1  1.29333e-11 6.86512e-12 1.43727e-11 9.66681e-12 3.42207e-29
8 7 8 1  2.62587 1.62997 1.94533 0.994085 1.97756e-36
8 7 9 1  1.74245e-15 1.46518e-15 1.35217e-15 2.13951e-15 1.67427e-15
8 7 10 1  9.05652e-16 2.49326e-15 1.96402e-15 2.08582e-16 3.13736e-19
8 8 1 1  8.45869e-16 1.43353e-15 1.07871e-15 4.97145e-16 4.66783e-18
8 8 2 1  1.52876e-10 3.70056e-11 1.65003e-11 1.42789e-11 3.35163e-43
8 8 3 1  6.5585e-12 3.69932e-12 2.07828e-12 2.33437e-12 5.31743e-70
8 8 4 1  3.58848e-16 2.23943e-16 1.4436e-16 1.38554e-16 3.14748e-16
8 8 5 1  3.51351e-12 1.83852e-12 2.26366e-12 2.19817e-12 1.34276e-12
8 8 6 1  1.16661e-10 6.61943e-11 5.60794e-11 6.50651e-12 1.14812e-125
8 8 7 1  1.25641e-11 6.67369e-12 1.19789e-11 8.88713e-12 2.9674e-29
8 8 8 1  1.27289 1.73926 1.58634 0.934683 1.4864e-36
8 8 9 1  1.74872e-15 1.47297e-15 1.295e-15 1.8328e-15 1.67524e-15
8 8 10 1  1.79608e-15 1.48773e-15 1.58876e-15 2.73428e-16 1.55785e-19
8 9 1 1  2.44992e-15 8.99864e-16 7.90353e-16 4.02958e-16 2.70077e-18
8 9 2 1  2.65729e-10 1.17744e-10 2.35488e-11 1.30003e-11 2.26544e-43
8 9 3 1  5.83943e-12 3.74563e-12 1.89885e-12 1.83198e-12 3.83844e-70
8 9 4 1  3.0695e-16 1.95454e-16 1.21669e-16 1.0378e-16 2.56612e-16
8 9 5 1  8.44833e-13 3.07946e-12 1.69999e-12 1.71752e-12 1.23751e-12
8 9 6 1  5.07037e-11 7.59146e-11 4.86619e-11 4.66653e-12 8.48458e-126
8 9 7 1  1.08204e-11 5.73488e-12 8.86261e-12 7.11792e-12 2.25408e-29
8 9 8 1  2.08652 1.1138 1.24477 0.758226 9.90888e-37
8 9 9 1  1.3221e-15 1.28435e-15 1.09459e-15 1.3878e-15 1.42248e-15
8 9 10 1  8.89676e-16 1.59283e-15 8.7301e-16 2.15555e-16 6.11888e-20
8 10 1 1  1.6806e-15 1.81313e-15 8.33909e-16 4.85714e-16 2.38717e-18
8 10 2 1  3.47558e-11 3.32231e-10 9.72345e-11 2.13515e-11 2.37032e-43
8 10 3 1  8.01103e-12 5.48137e-12 2.81001e-12 2.2588e-12 4.24376e-70
8 10 4 1  3.92447e-16 2.56268e-16 1.57009e-16 1.21243e-16 3.14176e-16
8 10 5 1  1.57919e-12 2.99543e-12 2.53189e-12 2.03392e-12 1.68737e-12
8 10 6 1  3.53772e-11 8.74217e-11 6.98417e-11 5.1314e-12 9.56813e-126
8 10 7 1  2.18689e-10 7.61967e-12 1.0148e-11 8.64073e-12 2.60217e-29
8 10 8 1  1.92441 1.79736 1.40893 0.928955 1.00032e-36
8 10 9 1  1.52434e-15 1.59498e-15 1.418e-15 1.62463e-15 1.80412e-15
8 10 10 1  8.71604e-16 1.60901e-15 9.76045e-16 1.825e-16 3.04032e-20
8 11 1 1  3.68538e-15 1.62915e-15 8.5787e-16 4.1538e-16 1.54735e-18
8 11 2 1  2.9096e-10 1.21213e-10 2.38701e-10 4.49677e-11 2.01547e-43
8 11 3 1  9.34502e-12 6.24342e-12 3.37099e-12 2.31916e-12 3.78848e-70
8 11 4 1  4.12092e-16 2.63599e-16 1.61079e-16 1.15134e-16 3.02934e-16
8 11 5 1  1.75864e-12 2.97585e-12 2.62411e-12 2.02953e-12 1.81048e-12
8 11 6 1  2.87501e-11 7.09966e-11 7.72117e-11 4.55932e-12 8.68983e-126
8 11 7 1  1.58404e-10 4.37064e-11 9.49967e-12 8.40809e-12 2.41191e-29
8 11 8 1  0.979259 1.67333 1.41511 0.887401 7.96603e-37
8 11 9 1  1.54903e-15 1.52899e-15 1.4405e-15 1.54374e-15 1.80382e-15
8 11 10 1  1.05052e-14 1.28678e-15 8.55538e-16 1.43763e-16 1.22961e-20
8 12 1 1  1.64643e-15 1.90693e-15 6.63626e-16 2.92037e-16 7.85018e-19
8 12 2 1  5.52692e-11 2.35657e-10 1.61904e-10 8.60885e-11 1.42151e-43
8 12 3 1  9.92819e-12 5.90801e-12 3.27402e-12 2.02678e-12 2.80349e-70
8 12 4 1  3.43563e-16 2.19438e-16 1.32342e-16 8.95017e-17 2.33415e-16
8 12 5 1  9.91569e-13 2.5629e-12 2.22609e-12 1.69127e-12 1.5915e-12
8 12 6 1  7.14772e-11 4.75216e-11 6.6536e-11 3.35855e-12 6.53597e-126
8 12 7 1  9.49971e-11 4.96726e-11 1.07555e-11 6.75762e-12 1.84901e-29
8 12 8 1  1.91451 0.999932 1.15704 0.714297 5.29162e-37
8 12 9 1  1.28708e-15 1.25686e-15 1.20136e-15 1.24535e-15 1.50144e-15
8 12 10 1  1.31947e-15 7.18863e-15 5.05836e-16 8.85058e-17 3.67545e-21
8 13 1 1  1.06565e-15 1.80474e-15 7.9786e-16 2.64889e-16 4.99584e-19
8 13 2 1  3.37196e-11 1.23792e-10 2.4164e-10 1.30165e-10 1.35521e-43
8 13 3 1  5.85981e-11 7.96648e-12 4.24239e-12 2.4442e-12 2.81103e-70
8 13 4 1  3.8907e-16 2.42279e-16 1.43633e-16 9.30732e-17 2.36673e-16
8 13 5 1  1.35698e-12 2.51062e-12 2.56926e-12 1.91809e-12 1.88341e-12
8 13 6 1  5.26133e-11 6.92056e-11 7.44752e-11 3.3517e-12 6.66304e-126
8 13 7 1  7.82927e-11 5.97806e-11 1.65171e-11 7.52509e-12 1.92136e-29
8 13 8 1  1.44827 1.44608 1.16844 0.783012 4.77353e-37
8 13 9 1  1.5451e-15 1.39231e-15 1.33776e-15 1.35755e-15 1.67099e-15
8 13 10 1  4.69264e-16 4.0856e-15 2.19019e-15 5.10807e-17 1.05169e-21
8 14 1 1  9.39138e-16 1.48518e-15 7.7663e-16 2.33293e-16 2.81231e-19
8 14 2 1  2.36785e-10 7.09526e-11 2.24156e-10 1.99239e-10 1.31853e-43
8 14 3 1  4.00359e-11 3.06997e-11 5.68208e-12 3.054e-12 2.88543e-70
8 14 4 1  9.36771e-16 2.79937e-16 1.62081e-16 1.0141e-16 2.48545e-16
8 14 5 1  2.21098e-12 2.8507e-12 2.89103e-12 2.23688e-12 2.27246e-12
8 14 6 1  2.85148e-10 7.60326e-11 8.86966e-11 3.42339e-12 6.95901e-126
8 14 7 1  6.84603e-11 6.62958e-11 2.38221e-11 8.83017e-12 2.04673e-29
8 14 8 1  0.970792 1.44699 1.31238 0.846114 4.31237e-37
8 14 9 1  1.97847e-15 1.5854e-15 1.47683e-15 1.47656e-15 1.84281e-15
8 14 10 1  1.0575e-15 2.11404e-15 2.15166e-15 1.47361e-16 3.47815e-22
8 15 1 1  6.99115e-16 9.38619e-16 5.0353e-16 1.52176e-16 1.12925e-19
8 15 2 1  1.71539e-10 1.94672e-10 1.3769e-10 1.97311e-10 9.7729e-44
8 15 3 1  2.1413e-11 2.83323e-11 1.0115e-11 2.94838e-12 2.25455e-70
8 15 4 1  8.90605e-16 3.42512e-16 1.40615e-16 8.52182e-17 1.99629e-16
8 15 5 1  2.3126e-12 2.92679e-12 2.48242e-12 1.96903e-12 2.07702e-12
8 15 6 1  1.12701e-10 1.53279e-10 7.93567e-11 2.66181e-12 5.53036e-126
8 15 7 1  4.83007e-11 5.32431e-11 2.41958e-11 8.06192e-12 1.65804e-29
8 15 8 1  1.29477 0.922056 1.07292 0.696038 2.94521e-37
8 15 9 1  2.17702e-15 1.44933e-15 1.25394e-15 1.22666e-15 1.54487e-15
8 15 10 1  8.67051e-16 1.38421e-15 1.2924e-15 2.09026e-16 1.3678e-22
8 16 1 1  6.73787e-16 9.8247e-16 4.81324e-16 1.46613e-16 6.71152e-20
8 16 2 1  6.40183e-11 2.77403e-10 2.4942e-10 2.79022e-10 1.15381e-43
8 16 3 1  2.19673e-11 3.33886e-11 1.96616e-11 5.35587e-12 2.80487e-70
8 16 4 1  1.17886e-15 5.64349e-16 2.12845e-16 1.10162e-16 2.45012e-16
8 16 5 1  5.20376e-12 4.83278e-12 3.57712e-12 2.74485e-12 3.00869e-12
8 16 6 1  8.09354e-11 2.02153e-10 1.36543e-10 3.29541e-12 6.99663e-126
8 16 7 1  5.83757e-11 6.65339e-11 3.69472e-11 1.18748e-11 2.13773e-29
8 16 8 1  1.23299 1.29805 1.27051 0.88969 3.12808e-37
8 16 9 1  3.73886e-15 2.32568e-15 1.75017e-15 1.64131e-15 2.07368e-15
8 16 10 1  3.69655e-15 1.63259e-15 1.30242e-15 2.79578e-16 8.74176e-23
8 17 1 1  4.20362e-16 3.35556e-16 1.59601e-16 4.53804e-17 1.286e-20
8 17 2 1  1.04521e-10 6.04786e-11 1.32646e-10 1.39709e-10 4.58968e-44
8 17 3 1  8.26875e-12 1.26475e-11 1.03479e-11 3.35976e-12 1.18069e-70
8 17 4 1  4.97155e-16 2.86176e-16 1.12414e-16 5.06079e-17 1.0149e-16
8 17 5 1  1.77749e-12 3.19551e-12 1.82056e-12 1.30606e-12 1.47232e-12
8 17 6 1  2.55216e-11 7.53453e-11 7.3483e-11 1.38001e-12 2.9997e-126
8 17 7 1  2.53339e-11 2.78747e-11 1.83191e-11 5.96064e-12 9.3554e-30
8 17 8 1  6.10951 0.512525 0.543606 0.387423 1.14877e-37
8 17 9 1  2.34474e-15 1.31989e-15 8.7774e-16 7.57051e-16 9.49827e-16
8 17 10 1  1.44634e-15 1.61956e-15 3.96305e-16 8.98697e-17 1.54741e-23
8 18 1 1  1.8572e-15 3.3185e-16 1.36069e-16 3.70001e-17 6.32444e-21
8 18 2 1  4.27613e-10 1.07989e-10 1.03832e-10 1.52349e-10 3.92944e-44
8 18 3 1  1.60292e-10 1.02957e-11 1.04754e-11 4.2848e-12 1.07478e-70
8 18 4 1  5.36994e-16 2.92918e-16 1.2819e-16 5.40136e-17 9.34274e-17
8 18 5 1  1.90394e-12 3.23015e-12 2.20121e-12 1.3664e-12 1.55795e-12
8 18 6 1  3.48183e-11 5.82366e-11 7.8453e-11 1.24916e-12 2.78581e-126
8 18 7 1  2.583e-11 2.53026e-11 1.90578e-11 6.47495e-12 8.88539e-30
8 18 8 1  2.53504 2.96146 0.51925 0.385548 9.68492e-38
8 18 9 1  3.4895e-15 1.74552e-15 1.02074e-15 7.86652e-16 9.60947e-16
8 18 10 1  4.2822e-15 1.72925e-15 8.02178e-16 6.72701e-17 6.57332e-24
8 19 1 1  8.09593e-16 7.85227e-16 1.18899e-16 3.13379e-17 3.17299e-21
8 19 2 1  3.60933e-11 3.62098e-10 1.02427e-10 1.37844e-10 2.98723e-44
8 19 3 1  7.54076e-11 6.07909e-11 8.8836e-12 4.53356e-12 8.65811e-71
8 19 4 1  5.50578e-16 2.6822e-16 1.21616e-16 5.16859e-17 7.62627e-17
8 19 5 1  3.66064e-12 2.98412e-12 2.20133e-12 1.30921e-12 1.45447e-12
8 19 6 1  2.83062e-11 4.63456e-11 7.04118e-11 1.0008e-12 2.28708e-126
8 19 7 1  2.35115e-11 2.08266e-11 1.71644e-11 6.17818e-12 7.45278e-30
8 19 8 1  1.34321 2.26528 1.06247 0.336947 7.21521e-38
8 19 9 1  2.95569e-15 2.18214e-15 1.10861e-15 7.44091e-16 8.61572e-16
8 19 10 1  7.5906e-16 3.57198e-15 1.01589e-15 1.29316e-16 4.06819e-24
8 20 1 1  5.51953e-16 8.05775e-16 2.52569e-16 3.28434e-17 1.94301e-21
8 20 2 1  2.43815e-11 1.46956e-10 2.89028e-10 1.61394e-10 2.87894e-44
8 20 3 1  4.78589e-11 7.2033e-11 2.42561e-11 5.75615e-12 8.79872e-71
8 20 4 1  7.32371e-16 3.19377e-16 1.40797e-16 6.10342e-17 7.86903e-17
8 20 5 1  2.3046e-12 5.21569e-12 2.7101e-12 1.59925e-12 1.71378e-12
8 20 6 1  1.16624e-10 4.72594e-11 7.87928e-11 1.01191e-12 2.36537e-126
8 20 7 1  2.5534e-11 2.21642e-11 1.92598e-11 7.36822e-12 7.86372e-30
8 20 8 1  0.881551 1.88974 1.53335 0.448917 6.73059e-38
8 20 9 1  3.12866e-15 2.80713e-15 1.62949e-15 9.28734e-16 9.85214e-16
8 20 10 1  7.81567e-15 2.15544e-15 2.35059e-15 2.47589e-16 3.26088e-24
8 21 1 1  4.85414e-16 5.23571e-16 2.54727e-16 3.92697e-17 9.49782e-22
8 21 2 1  3.69095e-11 5.03104e-11 1.94275e-10 1.7573e-10 2.01222e-44
8 21 3 1  8.93967e-11 4.8769e-11 2.88478e-11 6.66267e-12 6.48355e-71
8 21 4 1  6.41541e-16 2.91208e-16 1.19405e-16 5.1746e-17 5.99492e-17
8 21 5 1  1.94412e-12 3.94482e-12 2.76469e-12 1.41947e-12 1.47026e-12
8 21 6 1  5.21499e-11 6.79989e-11 6.31929e-11 7.41876e-13 1.77392e-126
8 21 7 1  1.95964e-11 1.71852e-11 1.55594e-11 6.32577e-12 6.01755e-30
8 21 8 1  5.20573 1.05637 1.28465 0.444464 4.54961e-38
8 21 9 1  2.38368e-15 2.41117e-15 1.64566e-15 8.92751e-16 8.3176e-16
8 21 10 1  2.10096e-15 5.6911e-15 1.77188e-15 3.84262e-16 1.88641e-24
8 22 1 1  3.27045e-16 3.38235e-16 1.84552e-16 4.04835e-17 4.41279e-22
8 22 2 1  2.54569e-10 3.31328e-11 9.51862e-11 1.43739e-10 1.23428e-44
8 22 3 1  3.58907e-11 4.48542e-11 2.34804e-11 6.84367e-12 4.19777e-71
8 22 4 1  4.63903e-16 2.26502e-16 9.13204e-17 3.83534e-17 4.06169e-17
8 22 5 1  9.7654e-13 2.73236e-12 2.207e-12 1.15234e-12 1.11368e-12
8 22 6 1  2.12861e-11 4.76403e-11 4.87977e-11 4.77833e-13 1.1695e-126
8 22 7 1  1.30373e-11 1.16775e-11 1.09903e-11 4.74305e-12 4.05074e-30
8 22 8 1  1.63019 2.06643 0.858206 0.375892 2.76689e-38
8 22 9 1  1.68532e-15 1.70309e-15 1.34202e-15 7.55286e-16 6.17689e-16
8 22 10 1  1.08532e-15 2.6953e-15 2.40261e-15 3.45194e-16 9.38739e-25
8 23 1 1  5.5062e-16 3.24807e-16 1.85825e-16 5.10214e-17 2.99849e-22
8 23 2 1  3.05617e-11 2.45068e-10 7.30824e-11 1.52905e-10 1.10396e-44
8 23 3 1  2.15102e-11 4.14441e-11 2.9226e-11 9.41427e-12 3.96e-71
8 23 4 1  4.76782e-16 2.46003e-16 1.0053e-16 4.11561e-17 3.994e-17
8 23 5 1  3.62641e-12 2.45256e-12 2.44608e-12 1.35557e-12 1.23899e-12
8 23 6 1  4.1818e-11 4.14256e-11 5.39057e-11 4.48449e-13 1.12323e-126
8 23 7 1  1.28091e-11 1.15285e-11 1.12561e-11 5.14717e-12 3.97209e-30
8 23 8 1  0.850957 1.85237 1.25967 0.439252 2.4768e-38
8 23 9 1  2.06506e-15 1.7639e-15 1.51659e-15 9.24782e-16 6.84865e-16
8 23 10 1  6.75228e-16 1.94186e-15 2.40571e-15 5.36177e-16 6.54774e-25
8 24 1 1  6.24722e-16 6.3127e-16 2.66518e-16 8.52543e-17 2.97695e-22
8 24 2 1  2.16527e-11 1.55114e-10 2.91202e-10 2.43654e-10 1.55405e-44
8 24 3 1  2.05485e-11 5.29341e-11 5.14517e-11 1.97151e-11 5.85728e-71
8 24 4 1  7.49081e-16 4.10008e-16 1.7309e-16 7.02529e-17 6.28177e-17
8 24 5 1  5.81862e-12 7.10028e-12 3.99904e-12 2.45571e-12 2.17218e-12
8 24 6 1  6.08708e-11 7.45869e-11 9.00409e-11 6.60117e-13 1.68951e-126
8 24 7 1  1.99907e-11 1.78993e-11 1.80003e-11 8.69217e-12 6.0927e-30
8 24 8 1  0.792652 2.08231 2.26176 0.826494 3.35428e-38
8 24 9 1  6.83961e-15 2.86159e-15 2.41903e-15 1.60634e-15 1.12353e-15
8 24 10 1  1.47351e-15 2.06481e-15 3.11248e-15 9.57288e-16 6.53944e-25
8 25 1 1  2.71388e-16 3.87668e-16 1.76888e-16 5.13426e-17 1.1306e-22
8 25 2 1  2.61222e-11 4.20122e-11 1.6677e-10 1.94066e-10 9.04961e-45
8 25 3 1  9.42705e-12 2.61317e-11 3.40545e-11 1.62294e-11 3.58408e-71
8 25 4 1  4.63638e-16 2.74964e-16 1.21396e-16 4.97321e-17 4.14989e-17
8 25 5 1  6.07092e-12 5.94913e-12 3.28302e-12 1.79014e-12 1.58273e-12
8 25 6 1  5.24351e-11 5.10152e-11 6.2961e-11 4.01979e-13 1.05146e-126
8 25 7 1  1.28546e-11 1.15172e-11 1.18727e-11 6.04271e-12 3.86773e-30
8 25 8 1  0.458989 0.908546 1.42525 0.627958 1.859e-38
8 25 9 1  3.14643e-15 2.77398e-15 1.57725e-15 1.10381e-15 7.56084e-16
8 25 10 1  6.56986e-16 1.31647e-15 1.55143e-15 6.17798e-16 2.6957e-25
8 26 1 1  2.73083e-16 3.9636e-16 2.02573e-16 5.84124e-17 7.81393e-23
8 26 2 1  2.48781e-10 4.59152e-11 1.51441e-10 2.76829e-10 1.02522e-44
8 26 3 1  1.08768e-11 2.47976e-11 4.0921e-11 2.45455e-11 4.25625e-71
8 26 4 1  6.24914e-16 3.36407e-16 1.56963e-16 6.58891e-17 5.22835e-17
8 26 5 1  4.14146e-11 1.09829e-11 5.27426e-12 2.61375e-12 2.23504e-12
8 26 6 1  8.09111e-11 7.4701e-11 8.53041e-11 4.75173e-13 1.269e-126
8 26 7 1  1.60705e-11 1.44236e-11 1.51545e-11 8.10368e-12 4.75765e-30
8 26 8 1  0.475456 0.842399 1.60206 0.884722 2.00524e-38
8 26 9 1  2.81343e-15 3.48438e-15 2.33305e-15 1.44313e-15 9.86932e-16
8 26 10 1  9.95957e-16 1.34073e-15 1.7128e-15 7.37136e-16 2.24442e-25
8 27 1 1  2.15683e-16 2.49418e-16 1.44499e-16 4.19083e-17 3.3938e-23
8 27 2 1  1.16256e-10 1.85097e-10 8.69436e-11 2.19757e-10 7.01314e-45
8 27 3 1  7.83221e-12 1.48611e-11 2.84391e-11 2.1286e-11 3.03306e-71
8 27 4 1  4.80384e-16 2.58147e-16 1.18304e-16 5.15234e-17 3.97326e-17
8 27 5 1  2.73363e-11 3.16911e-11 5.41288e-12 2.35213e-12 1.89547e-12
8 27 6 1  8.34562e-11 6.77383e-11 7.06619e-11 3.37261e-13 9.1713e-127
8 27 7 1  1.22911e-11 1.09015e-11 1.15842e-11 6.47279e-12 3.49635e-30
8 27 8 1  0.328921 0.485836 1.03531 0.704636 1.28346e-38
8 27 9 1  2.01099e-15 2.25642e-15 1.90101e-15 1.15843e-15 7.61807e-16
8 27 10 1  4.99697e-16 1.0314e-15 8.81044e-16 4.15283e-16 8.99649e-26
8 28 1 1  2.10757e-16 1.69582e-16 1.10008e-16 3.66183e-17 1.79831e-23
8 28 2 1  2.90674e-11 1.16163e-10 1.15617e-10 1.58962e-10 4.56334e-45
8 28 3 1  6.06949e-12 8.8589e-12 1.83602e-11 1.68596e-11 2.05134e-71
8 28 4 1  3.32946e-16 1.86574e-16 8.5568e-17 3.77888e-17 2.89539e-17
8 28 5 1  5.26256e-12 3.05918e-11 9.53463e-12 2.09461e-12 1.53635e-12
8 28 6 1  4.25258e-11 6.19442e-11 5.65755e-11 2.27237e-13 6.2858e-127
8 28 7 1  8.96568e-12 7.86482e-12 8.39858e-12 4.88382e-12 2.43467e-30
8 28 8 1  1.44748 0.292961 0.640739 0.525876 7.9988e-39
8 28 9 1  1.76712e-15 1.55283e-15 1.45223e-15 9.5697e-16 6.0643e-16
8 28 10 1  7.12996e-16 5.94333e-16 4.63118e-16 1.6449e-16 2.59834e-26
8 29 1 1  2.09092e-16 1.06215e-16 6.41474e-17 2.4811e-17 7.78579e-24
8 29 2 1  1.48649e-11 3.40768e-11 7.63287e-11 9.8536e-11 2.3193e-45
8 29 3 1  4.37691e-12 4.43771e-12 9.13783e-12 1.01222e-11 1.08626e-71
8 29 4 1  1.98476e-16 1.01656e-16 4.69559e-17 2.09127e-17 1.60371e-17
8 29 5 1  3.49787e-12 1.29633e-11 9.02855e-12 1.94087e-12 9.90319e-13
8 29 6 1  3.25606e-11 3.48955e-11 3.63099e-11 1.19849e-13 3.37568e-127
8 29 7 1  5.20553e-12 4.45624e-12 4.77143e-12 2.88054e-12 1.32982e-30
8 29 8 1  0.423062 0.489719 0.319431 0.308189 4.03477e-39
8 29 9 1  1.09165e-15 9.37877e-16 8.48533e-16 6.11661e-16 3.85409e-16
8 29 10 1  6.60688e-16 4.6892e-16 2.35961e-16 6.80516e-17 7.17965e-27
8 30 1 1  1.27642e-16 1.3337e-16 5.72517e-17 2.36166e-17 4.98789e-24
8 30 2 1  1.84289e-11 2.12332e-11 5.76256e-11 9.85557e-11 1.87868e-45
8 30 3 1  3.54276e-12 4.04114e-12 7.25274e-12 9.45516e-12 9.17096e-72
8 30 4 1  2.55005e-16 9.62137e-17 4.28077e-17 1.92163e-17 1.47973e-17
8 30 5 1  6.83905e-12 9.71838e-12 9.4638e-12 2.89725e-12 1.08768e-12
8 30 6 1  1.91347e-11 3.51172e-11 3.62039e-11 1.00778e-13 2.89071e-127
8 30 7 1  5.02998e-12 4.05805e-12 4.32611e-12 2.70271e-12 1.15866e-30
8 30 8 1  0.673218 0.431071 0.357832 0.287419 3.31105e-39
8 30 9 1  9.1567e-16 8.95104e-16 7.84305e-16 5.95493e-16 3.83567e-16
8 30 10 1  4.18073e-16 6.66972e-16 2.65382e-16 5.71488e-17 3.73091e-27
8 31 1 1  1.41936e-16 2.07288e-16 9.63304e-17 3.43178e-17 4.97804e-24
8 31 2 1  1.00695e-10 3.81834e-11 7.54472e-11 1.71682e-10 2.79033e-45
8 31 3 1  5.11723e-12 6.44627e-12 1.07882e-11 1.59067e-11 1.41899e-71
8 31 4 1  5.15624e-16 2.0193e-16 7.82884e-17 3.47628e-17 2.6941e-17
8 31 5 1  4.51268e-12 1.92389e-11 1.63549e-11 6.7379e-12 2.35515e-12
8 31 6 1  2.60037e-11 5.38758e-11 6.63197e-11 1.55306e-13 4.53624e-127
8 31 7 1  8.96357e-12 6.88538e-12 7.20565e-12 4.63866e-12 1.8506e-30
8 31 8 1  0.769301 0.930341 0.662177 0.494997 4.88654e-39
8 31 9 1  1.52011e-15 1.45203e-15 1.31777e-15 1.0271e-15 6.83495e-16
8 31 10 1  2.06712e-16 1.01825e-15 6.46118e-16 9.97254e-17 3.55014e-27
8 32 1 1  9.55999e-17 1.53085e-16 8.00579e-17 2.58156e-17 2.45018e-24
8 32 2 1  2.08908e-11 9.39023e-11 5.94077e-11 1.56344e-10 2.26076e-45
8 32 3 1  5.24642e-12 5.41823e-12 8.85241e-12 1.44367e-11 1.20043e-71
8 32 4 1  4.0953e-16 2.34658e-16 8.65203e-17 3.5948e-17 2.78717e-17
8 32 5 1  2.73694e-12 1.39107e-11 1.60713e-11 7.65418e-12 2.848e-12
8 32 6 1  2.13895e-10 4.36204e-11 6.42909e-11 1.30826e-13 3.8957e-127
8 32 7 1  9.35316e-12 6.47394e-12 6.59136e-12 4.3543e-12 1.62033e-30
8 32 8 1  0.437204 0.778237 0.694705 0.462974 3.8736e-39
8 32 9 1  1.28243e-15 1.27006e-15 1.16803e-15 9.39183e-16 6.46549e-16
8 32 10 1  2.08832e-16 5.24016e-16 6.31334e-16 1.12102e-16 1.84025e-27
8 33 1 1  4.78195e-17 7.97789e-17 4.8777e-17 1.56993e-17 9.40605e-25
8 33 2 1  1.25805e-10 2.96196e-11 5.71844e-11 9.89026e-11 1.29515e-45
8 33 3 1  4.74048e-11 3.46726e-12 5.15791e-12 9.18587e-12 7.18648e-72
8 33 4 1  2.31264e-16 1.67989e-16 7.17392e-17 2.8027e-17 2.11382e-17
8 33 5 1  1.04613e-11 6.83057e-12 1.0254e-11 5.86662e-12 2.3977e-12
8 33 6 1  8.85505e-11 8.4731e-11 4.29153e-11 7.79785e-14 2.36858e-127
8 33 7 1  7.11817e-12 4.43088e-12 4.28966e-12 2.89217e-12 1.00556e-30
8 33 8 1  0.188614 0.404102 0.485525 0.317899 2.21048e-39
8 33 9 1  1.04894e-15 7.60875e-16 7.167e-16 5.92215e-16 4.22776e-16
8 33 10 1  1.44125e-16 2.46913e-16 3.48004e-16 9.03012e-17 7.3586e-28
8 34 1 1  5.65107e-17 7.18502e-17 4.97606e-17 1.78831e-17 6.75774e-25
8 34 2 1  5.41808e-11 1.36802e-10 5.5336e-11 1.14412e-10 1.28174e-45
8 34 3 1  3.23148e-11 2.36404e-11 5.27952e-12 1.00303e-11 7.43988e-72
8 34 4 1  2.29824e-16 1.92549e-16 9.75615e-17 3.9316e-17 2.82629e-17
8 34 5 1  2.01121e-11 1.42479e-11 1.06615e-11 7.3689e-12 3.40996e-12
8 34 6 1  1.62781e-10 1.09045e-10 6.23952e-11 8.03663e-14 2.49148e-127
8 34 7 1  9.43354e-12 5.40795e-12 4.86776e-12 3.32326e-12 1.08089e-30
8 34 8 1  0.240076 0.346103 0.54481 0.38288 2.20473e-39
8 34 9 1  2.59925e-15 9.34948e-16 7.76876e-16 6.60253e-16 4.89272e-16
8 34 10 1  2.0262e-16 2.44635e-16 3.29591e-16 1.17182e-16 5.64875e-28
8 35 1 1  1.72007e-16 6.4741e-17 4.55093e-17 1.82738e-17 4.53063e-25
8 35 2 1  6.12026e-12 8.76637e-11 1.10552e-10 1.15231e-10 1.13605e-45
8 35 3 1  2.25498e-11 2.70422e-11 1.00833e-11 9.7688e-12 6.90989e-72
8 35 4 1  2.19193e-16 1.87128e-16 1.09577e-16 4.81824e-17 3.38581e-17
8 35 5 1  1.47395e-11 2.51575e-11 1.19701e-11 7.91184e-12 4.22806e-12
8 35 6 1  1.94752e-10 1.48631e-10 7.83038e-11 7.4295e-14 2.3525e-127
8 35 7 1  1.00567e-11 6.07646e-12 5.01219e-12 3.42949e-12 1.04423e-30
8 35 8 1  0.492112 0.303057 0.511322 0.405781 1.95854e-39
8 35 9 1  2.27871e-15 1.59352e-15 8.12935e-16 6.75462e-16 5.20139e-16
8 35 10 1  1.5229e-16 2.6846e-16 2.94623e-16 1.23947e-16 3.9815e-28
8 36 1 1  3.8692e-16 1.08356e-16 4.53331e-17 2.02576e-17 3.41849e-25
8 36 2 1  5.55522e-11 2.89314e-11 1.08246e-10 1.26614e-10 9.66008e-46
8 36 3 1  1.4683e-11 2.40406e-11 1.39222e-11 9.75626e-12 6.15159e-72
8 36 4 1  2.14739e-15 1.74915e-16 1.12422e-16 5.48391e-17 3.93158e-17
8 36 5 1  6.31281e-11 2.60423e-11 1.53755e-11 8.2273e-12 4.8675e-12
8 36 6 1  1.10597e-10 1.81533e-10 9.65738e-11 6.58435e-14 2.12822e-127
8 36 7 1  9.81838e-12 6.46899e-12 5.00969e-12 3.39095e-12 9.66194e-31
8 36 8 1  0.389689 0.387461 0.452506 0.402774 1.66034e-39
8 36 9 1  1.82924e-15 1.83185e-15 1.03743e-15 6.90821e-16 5.46227e-16
8 36 10 1  1.14884e-16 2.26676e-16 3.07679e-16 1.36817e-16 3.08973e-28
8 37 1 1  3.13637e-16 1.57603e-16 4.15713e-17 1.62388e-17 1.92691e-25
8 37 2 1  5.38938e-12 3.92534e-11 5.26403e-11 9.59067e-11 5.81426e-46
8 37 3 1  1.76589e-10 1.36364e-11 1.12545e-11 7.23961e-12 3.8661e-72
8 37 4 1  1.08129e-15 4.41826e-16 8.04428e-17 4.31077e-17 3.27123e-17
8 37 5 1  4.4335e-11 4.5824e-11 1.27543e-11 6.38707e-12 3.87009e-12
8 37 6 1  8.85984e-11 1.15813e-10 8.40467e-11 4.1207e-14 1.35762e-127
8 37 7 1  6.58713e-12 4.76487e-12 3.5672e-12 2.36449e-12 6.29484e-31
8 37 8 1  0.187901 0.273392 0.31152 0.280177 1.00181e-39
8 37 9 1  1.04577e-15 1.25713e-15 8.87023e-16 5.28926e-16 4.01851e-16
8 37 10 1  1.34029e-16 1.27634e-16 2.24038e-16 1.1581e-16 1.86585e-28
8 38 1 1  2.55938e-16 1.91092e-16 6.11183e-17 1.65946e-17 1.32706e-25
8 38 2 1  6.1417e-12 1.30213e-11 4.3053e-11 8.13154e-11 4.25869e-46
8 38 3 1  7.51729e-11 6.45882e-11 9.81999e-12 6.63833e-12 2.95413e-72
8 38 4 1  6.74342e-16 4.7567e-16 1.29635e-16 3.99574e-17 3.28052e-17
8 38 5 1  5.84412e-12 5.26462e-11 1.85521e-11 6.1461e-12 3.72062e-12
8 38 6 1  3.73256e-11 9.67994e-11 8.17828e-11 3.13588e-14 1.05235e-127
8 38 7 1  5.28354e-12 4.1801e-12 3.10596e-12 2.00612e-12 4.97978e-31
8 38 8 1  0.101848 0.202543 0.267117 0.240377 7.45917e-40
8 38 9 1  6.61036e-16 9.45528e-16 8.12876e-16 4.93604e-16 3.50174e-16
8 38 10 1  7.58004e-17 1.35899e-16 1.86606e-16 1.16802e-16 1.3982e-28
8 39 1 1  1.11696e-16 1.36541e-16 6.02258e-17 1.4776e-17 6.96176e-26
8 39 2 1  3.63764e-12 5.40493e-12 1.87212e-11 4.91884e-11 2.24284e-46
8 39 3 1  2.36302e-11 4.02516e-11 1.42734e-11 4.34306e-12 1.62816e-72
8 39 4 1  3.0671e-16 2.98465e-16 1.19281e-16 3.41231e-17 2.34066e-17
8 39 5 1  1.98641e-11 2.14374e-11 1.70806e-11 4.93482e-12 2.58455e-12
8 39 6 1  4.40589e-11 4.77262e-11 5.5277e-11 1.72084e-14 5.88895e-128
8 39 7 1  3.01025e-12 2.59877e-12 1.95854e-12 1.23298e-12 2.84783e-31
8 39 8 1  0.0436139 0.0985891 0.161792 0.151158 4.06976e-40
8 39 9 1  3.20195e-16 4.82546e-16 4.98645e-16 3.30174e-16 2.22501e-16
8 39 10 1  4.34653e-17 7.09222e-17 1.23466e-16 8.29602e-17 7.73093e-29
8 40 1 1  8.46756e-17 1.14356e-16 7.40972e-17 2.05292e-17 5.45853e-26
8 40 2 1  3.78026e-12 4.05682e-12 1.15164e-11 4.07304e-11 1.69055e-46
8 40 3 1  1.12056e-11 2.81196e-11 1.78282e-11 4.95683e-12 1.28707e-72
8 40 4 1  2.03476e-16 2.44286e-16 1.30417e-16 4.34531e-17 2.50192e-17
8 40 5 1  8.91529e-12 2.46757e-11 1.5975e-11 6.0146e-12 2.65194e-12
8 40 6 1  1.4703e-10 4.39499e-11 5.03393e-11 1.35416e-14 4.73007e-128
8 40 7 1  2.55499e-12 2.28193e-12 1.77224e-12 1.0914e-12 2.34066e-31
8 40 8 1  0.030422 0.0672425 0.135796 0.137558 3.22885e-40
8 40 9 1  2.52382e-16 3.47843e-16 4.13344e-16 3.08754e-16 2.04904e-16
8 40 10 1  4.24131e-17 5.61447e-17 1.09983e-16 8.4269e-17 6.20835e-29
8 41 1 1  6.93229e-17 9.28633e-17 7.79949e-17 2.75697e-17 4.35321e-26
8 41 2 1  9.33543e-12 3.80768e-12 7.41862e-12 3.2667e-11 1.27141e-46
8 41 3 1  5.69499e-12 1.77688e-11 1.73594e-11 5.82221e-12 1.01578e-72
8 41 4 1  1.39193e-16 1.90779e-16 1.27195e-16 5.14864e-17 2.81765e-17
8 41 5 1  4.69947e-12 1.8642e-11 1.60382e-11 6.58895e-12 2.82379e-12
8 41 6 1  6.07522e-11 8.28154e-11 4.58433e-11 1.0638e-14 3.79416e-128
8 41 7 1  2.24038e-12 1.9941e-12 1.59796e-12 9.67633e-13 1.92295e-31
8 41 8 1  0.0316044 0.0464087 0.110074 0.124294 2.56861e-40
8 41 9 1  2.2321e-16 2.57228e-16 3.27438e-16 2.77667e-16 1.88497e-16
8 41 10 1  1.40291e-16 5.03338e-17 9.52482e-17 8.35361e-17 4.99403e-29
8 42 1 1  5.30206e-16 5.57311e-17 5.54513e-17 2.50476e-17 2.57509e-26
8 42 2 1  7.09411e-12 5.80753e-12 3.89969e-12 1.87829e-11 6.98429e-47
8 42 3 1  2.45394e-12 7.8372e-12 1.07824e-11 4.70165e-12 5.87111e-73
8 42 4 1  7.43903e-17 1.07198e-16 8.50604e-17 4.13466e-17 2.38733e-17
8 42 5 1  7.64923e-12 9.22944e-12 1.06939e-11 5.12723e-12 2.22092e-12
8 42 6 1  2.37073e-10 5.07689e-11 3.59679e-11 6.11862e-15 2.23106e-128
8 42 7 1  1.5142e-12 1.28257e-12 1.05416e-12 6.31071e-13 1.16038e-31
8 42 8 1  0.0317844 0.0272193 0.064286 0.0819586 1.5101e-40
8 42 9 1  1.55898e-16 1.52735e-16 1.91653e-16 1.81767e-16 1.30061e-16
8 42 10 1  1.57944e-16 8.77843e-17 6.1504e-17 5.96778e-17 2.96711e-29
9 1 1 1  1.58624e-16 2.44682e-15 1.08497e-15 3.06186e-17 3.12749e-17
9 1 2 1  5.77319e-153 1.09533e-111 5.4642e-11 1.50014e-54 1.19901e-42
9 1 3 1  1.53188e-25 3.86389e-12 2.9569e-12 2.96241e-12 1.05519e-69
9 1 4 1  1.0077e-18 3.58675e-16 5.21927e-32 4.38732e-16 2.73299e-28
9 1 5 1  3.02052e-12 1.63027e-21 5.12885e-12 4.01944e-13 4.31428e-15
9 1 6 1  1.17761e-10 1.28434e-52 2.24824e-11 1.366e-11 1.87045e-125
9 1 7 1  1.89611e-65 1.32589e-11 2.22062e-11 5.82901e-12 3.8797e-29
9 1 8 1  1.54913e-16 4.70492e-15 2.19237e-15 3.66193e-17 5.14472e-51
9 1 9 1  5.36724e-20 0.175051 3.91686 1.96261 4.51189e-12
9 1 10 1  2.33793e-15 3.00998e-15 8.75426e-16 1.64083e-16 3.40954e-17
9 2 1 1  1.46787e-16 8.74808e-16 8.34265e-16 1.15923e-16 1.55384e-17
9 2 2 1  2.90651e-12 1.73226e-112 1.65751e-11 8.65604e-12 6.05258e-43
9 2 3 1  6.92113e-13 1.23925e-12 1.7668e-12 1.78671e-12 5.89672e-70
9 2 4 1  2.97734e-17 1.58739e-16 5.13337e-17 1.96446e-16 6.03251e-17
9 2 5 1  1.34985e-12 1.41082e-12 2.26633e-12 7.51686e-13 3.47882e-14
9 2 6 1  3.53235e-11 3.20068e-11 1.15203e-11 7.56204e-12 1.0793e-125
9 2 7 1  1.50086e-12 5.92407e-12 1.27729e-11 4.07931e-12 2.31652e-29
9 2 8 1  3.69843e-16 1.39881e-15 1.75476e-15 1.81429e-16 2.77737e-51
9 2 9 1  0.473266 0.0641825 1.70095 1.50389 0.15987
9 2 10 1  8.19208e-16 1.7581e-15 8.98646e-16 1.08881e-16 1.1995e-17
9 3 1 1  3.62091e-16 6.66334e-16 9.29049e-16 2.65835e-16 1.52378e-17
9 3 2 1  2.58624e-12 3.14962e-12 1.02125e-11 1.36541e-11 6.13083e-43
9 3 3 1  1.75221e-12 1.13475e-12 1.82183e-12 2.15319e-12 6.5666e-70
9 3 4 1  8.10008e-17 1.49381e-16 9.10561e-17 1.89997e-16 1.2446e-16
9 3 5 1  1.05727e-12 2.21485e-12 2.45826e-12 1.2311e-12 1.60823e-13
9 3 6 1  5.54051e-11 4.22914e-11 1.92549e-11 8.34629e-12 1.23931e-125
9 3 7 1  3.60521e-12 5.61396e-12 1.4401e-11 5.5148e-12 2.7499e-29
9 3 8 1  4.68214e-16 9.91968e-16 1.93716e-15 4.38283e-16 2.91371e-51
9 3 9 1  0.900886 0.291075 1.47109 1.93609 0.425654
9 3 10 1  4.7515e-15 1.54689e-15 1.1329e-15 1.6466e-16 7.55671e-18
9 4 1 1  2.67237e-15 4.06579e-16 5.95914e-16 2.72154e-16 9.47258e-18
9 4 2 1  3.19598e-12 2.48216e-12 5.47755e-12 1.07549e-11 4.04056e-43
9 4 3 1  2.10634e-12 1.02494e-12 1.20128e-12 1.65295e-12 4.72249e-70
9 4 4 1  9.48929e-17 1.0124e-16 7.98336e-17 1.2602e-16 1.27532e-16
9 4 5 1  4.37445e-13 1.61749e-12 1.87194e-12 1.1276e-12 2.48448e-13
9 4 6 1  4.22153e-11 3.97207e-11 1.92693e-11 5.95249e-12 9.17392e-126
9 4 7 1  4.25607e-12 3.7549e-12 1.0391e-11 4.69528e-12 2.10158e-29
9 4 8 1  3.0962e-15 5.09635e-16 1.21237e-15 4.50772e-16 1.89046e-51
9 4 9 1  0.810965 0.434513 0.875862 1.46805 0.510754
9 4 10 1  7.36036e-16 3.40819e-15 6.91483e-16 1.23535e-16 2.61178e-18
9 5 1 1  1.11066e-15 1.08843e-15 3.83846e-16 2.41239e-16 5.98379e-18
9 5 2 1  4.86438e-12 3.01527e-12 3.5915e-12 8.66706e-12 2.8964e-43
9 5 3 1  1.92945e-12 1.18753e-12 9.22088e-13 1.35508e-12 3.66961e-70
9 5 4 1  1.20525e-16 8.24609e-17 6.94753e-17 9.37861e-17 1.27633e-16
9 5 5 1  2.95244e-13 1.06362e-12 1.52773e-12 1.0577e-12 3.2786e-13
9 5 6 1  2.19023e-11 3.69619e-11 2.05486e-11 4.58961e-12 7.32539e-126
9 5 7 1  4.6398e-12 3.00356e-12 8.07305e-12 4.23326e-12 1.73009e-29
9 5 8 1  1.07566e-15 1.34487e-15 8.02292e-16 4.28654e-16 1.33255e-51
9 5 9 1  0.715441 0.512162 0.638141 1.16057 0.568032
9 5 10 1  1.6329e-15 1.55547e-15 1.19758e-15 9.08501e-17 9.84245e-19
9 6 1 1  5.16464e-16 7.8114e-16 3.70497e-16 1.65459e-16 3.1783e-18
9 6 2 1  7.94919e-12 3.90172e-12 2.67206e-12 6.0415e-12 1.84095e-43
9 6 3 1  1.43199e-12 1.06872e-12 7.03082e-13 9.77776e-13 2.5203e-70
9 6 4 1  1.12639e-16 6.77074e-17 5.25619e-17 6.35522e-17 1.07678e-16
9 6 5 1  5.50945e-13 6.25596e-13 1.05157e-12 8.46786e-13 3.40098e-13
9 6 6 1  1.48814e-11 2.45243e-11 1.86545e-11 3.12866e-12 5.16723e-126
9 6 7 1  4.14923e-12 2.29279e-12 5.55382e-12 3.32535e-12 1.25793e-29
9 6 8 1  4.34909e-16 8.29755e-16 6.8769e-16 3.34784e-16 8.40953e-52
9 6 9 1  0.556803 0.460393 0.46194 0.806838 0.514523
9 6 10 1  4.55643e-16 1.41113e-15 6.06703e-16 8.8354e-17 2.89805e-19
9 7 1 1  2.94094e-16 3.67343e-16 2.47317e-16 1.01945e-16 1.38638e-18
9 7 2 1  7.7821e-12 4.70162e-12 2.03817e-12 3.22641e-12 8.8778e-44
9 7 3 1  1.14981e-12 6.64908e-13 4.30167e-13 5.37538e-13 1.3112e-70
9 7 4 1  7.5571e-17 4.41274e-17 3.09032e-17 3.3412e-17 6.69746e-17
9 7 5 1  1.97015e-13 4.51466e-13 5.31761e-13 4.96142e-13 2.48577e-13
9 7 6 1  1.54678e-11 1.24828e-11 1.18338e-11 1.61573e-12 2.76041e-126
9 7 7 1  2.6182e-12 1.38977e-12 2.90959e-12 1.95694e-12 6.9276e-30
9 7 8 1  5.31578e-16 3.29969e-16 3.9381e-16 2.01241e-16 4.00334e-52
9 7 9 1  0.352739 0.296609 0.273733 0.43312 0.338937
9 7 10 1  1.83339e-16 5.04733e-16 3.97593e-16 4.22251e-17 6.35124e-20
9 8 1 1  3.03896e-16 5.15025e-16 3.8755e-16 1.78609e-16 1.67701e-18
9 8 2 1  5.4924e-11 1.3295e-11 5.92805e-12 5.12999e-12 1.20414e-43
9 8 3 1  2.35627e-12 1.32906e-12 7.46664e-13 8.38671e-13 1.91039e-70
9 8 4 1  1.28924e-16 8.04562e-17 5.18642e-17 4.97782e-17 1.1308e-16
9 8 5 1  1.2623e-12 6.60527e-13 8.13266e-13 7.89737e-13 4.82413e-13
9 8 6 1  4.19128e-11 2.37816e-11 2.01477e-11 2.3376e-12 4.12487e-126
9 8 7 1  4.5139e-12 2.39766e-12 4.30367e-12 3.19288e-12 1.0661e-29
9 8 8 1  4.57312e-16 6.24863e-16 5.69923e-16 3.35804e-16 5.3402e-52
9 8 9 1  0.628265 0.529193 0.465256 0.658472 0.601863
9 8 10 1  6.45278e-16 5.34498e-16 5.70796e-16 9.82344e-17 5.5969e-20
9 9 1 1  9.60743e-16 3.52884e-16 3.09939e-16 1.58021e-16 1.05911e-18
9 9 2 1  1.04206e-10 4.61735e-11 9.2347e-12 5.09811e-12 8.88397e-44
9 9 3 1  2.28995e-12 1.46886e-12 7.44639e-13 7.18417e-13 1.50525e-70
9 9 4 1  1.20371e-16 7.66478e-17 4.77128e-17 4.06977e-17 1.00631e-16
9 9 5 1  3.31303e-13 1.20762e-12 6.66654e-13 6.73529e-13 4.85291e-13
9 9 6 1  1.98836e-11 2.97701e-11 1.90829e-11 1.82999e-12 3.32725e-126
9 9 7 1  4.24323e-12 2.24895e-12 3.47549e-12 2.79131e-12 8.83944e-30
9 9 8 1  8.18234e-16 4.36778e-16 4.8814e-16 2.9734e-16 3.88579e-52
9 9 9 1  0.518467 0.503662 0.429248 0.54423 0.557828
9 9 10 1  3.48888e-16 6.24631e-16 3.42353e-16 8.45303e-17 2.39953e-20
9 10 1 1  5.74972e-16 6.20311e-16 2.85299e-16 1.66173e-16 8.16704e-19
9 10 2 1  1.18907e-11 1.13664e-10 3.32661e-11 7.30481e-12 8.10938e-44
9 10 3 1  2.74075e-12 1.8753e-12 9.61368e-13 7.72785e-13 1.45189e-70
9 10 4 1  1.34265e-16 8.7675e-17 5.37162e-17 4.148e-17 1.07486e-16
9 10 5 1  5.40277e-13 1.02481e-12 8.66216e-13 6.95849e-13 5.77286e-13
9 10 6 1  1.21033e-11 2.99089e-11 2.38944e-11 1.75557e-12 3.27347e-126
9 10 7 1  7.48185e-11 2.60686e-12 3.47185e-12 2.95619e-12 8.90259e-30
9 10 8 1  6.58385e-16 6.14917e-16 4.82026e-16 3.17816e-16 3.42233e-52
9 10 9 1  0.521509 0.545678 0.485131 0.555821 0.61723
9 10 10 1  2.98195e-16 5.50478e-16 3.33927e-16 6.24373e-17 1.04016e-20
9 11 1 1  1.46378e-15 6.47074e-16 3.40733e-16 1.64983e-16 6.14586e-19
9 11 2 1  1.15565e-10 4.81439e-11 9.48084e-11 1.78605e-11 8.00514e-44
9 11 3 1  3.7117e-12 2.4798e-12 1.33891e-12 9.21136e-13 1.50473e-70
9 11 4 1  1.63677e-16 1.04698e-16 6.39784e-17 4.57296e-17 1.20321e-16
9 11 5 1  6.98508e-13 1.18196e-12 1.04226e-12 8.06102e-13 7.19098e-13
9 11 6 1  1.14191e-11 2.81988e-11 3.06674e-11 1.81089e-12 3.45148e-126
9 11 7 1  6.2916e-11 1.73596e-11 3.77313e-12 3.33957e-12 9.57974e-30
9 11 8 1  3.88947e-16 6.64623e-16 5.6206e-16 3.52463e-16 3.16399e-52
9 11 9 1  0.615254 0.607293 0.572144 0.613152 0.71645
9 11 10 1  4.17251e-15 5.1109e-16 3.39807e-16 5.71006e-17 4.88384e-21
9 12 1 1  2.87654e-16 3.33169e-16 1.15945e-16 5.10231e-17 1.37154e-19
9 12 2 1  9.65632e-12 4.11726e-11 2.82871e-11 1.50409e-11 2.48359e-44
9 12 3 1  1.7346e-12 1.03222e-12 5.72018e-13 3.54107e-13 4.89811e-71
9 12 4 1  6.00255e-17 3.8339e-17 2.31221e-17 1.56372e-17 4.0781e-17
9 12 5 1  1.73241e-13 4.47775e-13 3.8893e-13 2.95489e-13 2.78059e-13
9 12 6 1  1.24881e-11 8.3027e-12 1.16248e-11 5.86788e-13 1.14193e-126
9 12 7 1  1.65974e-11 8.67853e-12 1.87914e-12 1.18065e-12 3.23048e-30
9 12 8 1  3.34493e-16 1.74703e-16 2.02152e-16 1.24798e-16 9.24522e-53
9 12 9 1  0.224871 0.219591 0.209895 0.217581 0.262323
9 12 10 1  2.30531e-16 1.25596e-15 8.83768e-17 1.54632e-17 6.42154e-22
9 13 1 1  5.95349e-16 1.00825e-15 4.45741e-16 1.47986e-16 2.79103e-19
9 13 2 1  1.88381e-11 6.91589e-11 1.34997e-10 7.27196e-11 7.57116e-44
9 13 3 1  3.2737e-11 4.45064e-12 2.3701e-12 1.3655e-12 1.57044e-70
9 13 4 1  2.17362e-16 1.35354e-16 8.02436e-17 5.19973e-17 1.32222e-16
9 13 5 1  7.58106e-13 1.40261e-12 1.43537e-12 1.07158e-12 1.05221e-12
9 13 6 1  2.93935e-11 3.86632e-11 4.16071e-11 1.8725e-12 3.72244e-126
9 13 7 1  4.37398e-11 3.33977e-11 9.22764e-12 4.20404e-12 1.07341e-29
9 13 8 1  8.09106e-16 8.07883e-16 6.52772e-16 4.37446e-16 2.66683e-52
9 13 9 1  0.863202 0.777844 0.747367 0.758426 0.933535
9 13 10 1  2.62164e-16 2.2825e-15 1.22359e-15 2.85373e-17 5.87547e-22
9 14 1 1  4.5931e-16 7.26367e-16 3.79831e-16 1.14098e-16 1.37543e-19
9 14 2 1  1.15806e-10 3.47012e-11 1.09629e-10 9.7443e-11 6.44862e-44
9 14 3 1  1.95806e-11 1.50145e-11 2.77897e-12 1.49364e-12 1.4112e-70
9 14 4 1  4.58152e-16 1.36911e-16 7.927e-17 4.95974e-17 1.21558e-16
9 14 5 1  1.08134e-12 1.39421e-12 1.41393e-12 1.09401e-12 1.1114e-12
9 14 6 1  1.39459e-10 3.71857e-11 4.33794e-11 1.6743e-12 3.40349e-126
9 14 7 1  3.34823e-11 3.24237e-11 1.16508e-11 4.31862e-12 1.00101e-29
9 14 8 1  4.74791e-16 7.07687e-16 6.41851e-16 4.13814e-16 2.10908e-52
9 14 9 1  0.967621 0.775381 0.722282 0.722149 0.901272
9 14 10 1  5.17195e-16 1.03393e-15 1.05232e-15 7.20707e-17 1.70108e-22
9 15 1 1  3.53083e-16 4.74043e-16 2.54304e-16 7.68552e-17 5.70319e-20
9 15 2 1  8.66346e-11 9.83179e-11 6.9539e-11 9.96506e-11 4.93573e-44
9 15 3 1  1.08145e-11 1.4309e-11 5.10852e-12 1.48906e-12 1.13864e-70
9 15 4 1  4.49793e-16 1.72983e-16 7.10167e-17 4.30388e-17 1.00821e-16
9 15 5 1  1.16796e-12 1.47815e-12 1.25373e-12 9.94446e-13 1.04898e-12
9 15 6 1  5.69189e-11 7.74122e-11 4.00785e-11 1.34433e-12 2.79306e-126
9 15 7 1  2.43939e-11 2.689e-11 1.22199e-11 4.07161e-12 8.37378e-30
9 15 8 1  6.53913e-16 4.65677e-16 5.41869e-16 3.51529e-16 1.48746e-52
9 15 9 1  1.09949 0.731975 0.633293 0.619515 0.780226
9 15 10 1  4.37898e-16 6.99082e-16 6.52718e-16 1.05567e-16 6.90796e-23
9 16 1 1  2.12362e-16 3.09651e-16 1.51702e-16 4.62091e-17 2.11531e-20
9 16 2 1  2.0177e-11 8.74309e-11 7.86112e-11 8.7941e-11 3.63653e-44
9 16 3 1  6.92357e-12 1.05233e-11 6.19687e-12 1.68804e-12 8.84027e-71
9 16 4 1  3.7155e-16 1.77869e-16 6.70836e-17 3.47204e-17 7.72221e-17
9 16 5 1  1.6401e-12 1.52318e-12 1.12742e-12 8.65112e-13 9.48268e-13
9 16 6 1  2.55089e-11 6.37138e-11 4.30352e-11 1.03863e-12 2.20517e-126
9 16 7 1  1.83986e-11 2.09699e-11 1.16449e-11 3.74265e-12 6.73761e-30
9 16 8 1  3.88611e-16 4.09116e-16 4.00435e-16 2.80409e-16 9.85898e-53
9 16 9 1  1.1784 0.732999 0.551613 0.517303 0.653574
9 16 10 1  1.16507e-15 5.14554e-16 4.10493e-16 8.81163e-17 2.7552e-23
9 17 1 1  2.6581e-16 2.12185e-16 1.00922e-16 2.86957e-17 8.13183e-21
9 17 2 1  6.60922e-11 3.82428e-11 8.38767e-11 8.83434e-11 2.90222e-44
9 17 3 1  5.22863e-12 7.99748e-12 6.54335e-12 2.1245e-12 7.46596e-71
9 17 4 1  3.14369e-16 1.8096e-16 7.10832e-17 3.20012e-17 6.41757e-17
9 17 5 1  1.12397e-12 2.02064e-12 1.15121e-12 8.25872e-13 9.31e-13
9 17 6 1  1.61382e-11 4.76436e-11 4.6466e-11 8.72634e-13 1.89682e-126
9 17 7 1  1.60196e-11 1.76262e-11 1.15838e-11 3.76913e-12 5.91576e-30
9 17 8 1  3.86327e-15 3.24088e-16 3.43742e-16 2.44981e-16 7.2641e-53
9 17 9 1  1.48266 0.834612 0.555027 0.478711 0.60061
9 17 10 1  9.14571e-16 1.0241e-15 2.50598e-16 5.68279e-17 9.78483e-24
9 18 1 1  6.0238e-16 1.07635e-16 4.41336e-17 1.20009e-17 2.05132e-21
9 18 2 1  1.38695e-10 3.50259e-11 3.36777e-11 4.94142e-11 1.27451e-44
9 18 3 1  5.19903e-11 3.33938e-12 3.39769e-12 1.38977e-12 3.48601e-71
9 18 4 1  1.74173e-16 9.50073e-17 4.15781e-17 1.75192e-17 3.0303e-17
9 18 5 1  6.17539e-13 1.04769e-12 7.13956e-13 4.43187e-13 5.05316e-13
9 18 6 1  1.12932e-11 1.88889e-11 2.54461e-11 4.05161e-13 9.03571e-127
9 18 7 1  8.37789e-12 8.20685e-12 6.18136e-12 2.10013e-12 2.88196e-30
9 18 8 1  8.22235e-16 9.60543e-16 1.68418e-16 1.25052e-16 3.14128e-53
9 18 9 1  1.13181 0.566157 0.331075 0.255149 0.311681
9 18 10 1  1.38892e-15 5.60879e-16 2.60185e-16 2.18189e-17 2.13204e-24
9 19 1 1  5.15074e-16 4.99571e-16 7.56454e-17 1.99376e-17 2.0187e-21
9 19 2 1  2.2963e-11 2.30371e-10 6.51652e-11 8.7698e-11 1.90052e-44
9 19 3 1  4.79753e-11 3.8676e-11 5.65186e-12 2.88431e-12 5.5084e-71
9 19 4 1  3.50285e-16 1.70645e-16 7.73736e-17 3.28832e-17 4.85193e-17
9 19 5 1  2.32894e-12 1.89853e-12 1.40052e-12 8.32933e-13 9.25354e-13
9 19 6 1  1.80087e-11 2.94857e-11 4.47969e-11 6.3672e-13 1.45507e-126
9 19 7 1  1.49583e-11 1.32502e-11 1.09202e-11 3.93064e-12 4.74155e-30
9 19 8 1  8.54567e-16 1.4412e-15 6.75957e-16 2.1437e-16 4.59041e-53
9 19 9 1  1.88045 1.38831 0.705312 0.4734 0.548143
9 19 10 1  4.82924e-16 2.27254e-15 6.46321e-16 8.22725e-17 2.58823e-24
9 20 1 1  8.07639e-17 1.17904e-16 3.6957e-17 4.80577e-18 2.8431e-22
9 20 2 1  3.5676e-12 2.15032e-11 4.22918e-11 2.36157e-11 4.21258e-45
9 20 3 1  7.0029e-12 1.05402e-11 3.54925e-12 8.42262e-13 1.28746e-71
9 20 4 1  1.07163e-16 4.67326e-17 2.0602e-17 8.93076e-18 1.15143e-17
9 20 5 1  3.37218e-13 7.6318e-13 3.96553e-13 2.34008e-13 2.50767e-13
9 20 6 1  1.70648e-11 6.91518e-12 1.15293e-11 1.48067e-13 3.46111e-127
9 20 7 1  3.73623e-12 3.24316e-12 2.81817e-12 1.07815e-12 1.15065e-30
9 20 8 1  1.28992e-16 2.76514e-16 2.24366e-16 6.56874e-17 9.84846e-54
9 20 9 1  0.457798 0.410751 0.238433 0.135896 0.14416
9 20 10 1  1.14362e-15 3.15392e-16 3.43947e-16 3.62282e-17 4.77145e-25
9 21 1 1  2.48391e-16 2.67916e-16 1.30346e-16 2.00946e-17 4.86012e-22
9 21 2 1  1.88869e-11 2.57443e-11 9.94122e-11 8.99225e-11 1.02967e-44
9 21 3 1  4.57451e-11 2.49555e-11 1.47617e-11 3.40935e-12 3.31769e-71
9 21 4 1  3.28282e-16 1.49014e-16 6.11007e-17 2.64789e-17 3.06765e-17
9 21 5 1  9.94824e-13 2.0186e-12 1.41471e-12 7.26353e-13 7.52344e-13
9 21 6 1  2.66855e-11 3.47956e-11 3.23364e-11 3.79624e-13 9.07731e-127
9 21 7 1  1.00276e-11 8.79383e-12 7.9619e-12 3.23695e-12 3.07924e-30
9 21 8 1  2.66382e-15 5.40552e-16 6.57368e-16 2.27436e-16 2.32808e-53
9 21 9 1  1.21975 1.23381 0.8421 0.456829 0.425619
9 21 10 1  1.07508e-15 2.91219e-15 9.06685e-16 1.9663e-16 9.65293e-25
9 22 1 1  2.0649e-16 2.13556e-16 1.16523e-16 2.55606e-17 2.78616e-22
9 22 2 1  1.6073e-10 2.09194e-11 6.00989e-11 9.07541e-11 7.79305e-45
9 22 3 1  2.26608e-11 2.83202e-11 1.48251e-11 4.32097e-12 2.6504e-71
9 22 4 1  2.929e-16 1.43009e-16 5.76581e-17 2.42157e-17 2.56448e-17
9 22 5 1  6.1657e-13 1.72516e-12 1.39346e-12 7.27567e-13 7.03157e-13
9 22 6 1  1.34396e-11 3.00792e-11 3.081e-11 3.01696e-13 7.38401e-127
9 22 7 1  8.23155e-12 7.373e-12 6.9391e-12 2.99468e-12 2.55756e-30
9 22 8 1  1.02927e-15 1.30471e-15 5.41856e-16 2.37332e-16 1.74696e-53
9 22 9 1  1.06408 1.0753 0.847328 0.476875 0.389998
9 22 10 1  6.85252e-16 1.70176e-15 1.51697e-15 2.17949e-16 5.92703e-25
9 23 1 1  2.66011e-16 1.56918e-16 8.97739e-17 2.4649e-17 1.44861e-22
9 23 2 1  1.47647e-11 1.18395e-10 3.53069e-11 7.38699e-11 5.33335e-45
9 23 3 1  1.03918e-11 2.00221e-11 1.41194e-11 4.54814e-12 1.91312e-71
9 23 4 1  2.30339e-16 1.18847e-16 4.85671e-17 1.9883e-17 1.92955e-17
9 23 5 1  1.75196e-12 1.18486e-12 1.18173e-12 6.54892e-13 5.98567e-13
9 23 6 1  2.02027e-11 2.00132e-11 2.60424e-11 2.1665e-13 5.42644e-127
9 23 7 1  6.18823e-12 5.56953e-12 5.43795e-12 2.48665e-12 1.91896e-30
9 23 8 1  4.11106e-16 8.949e-16 6.08559e-16 2.12207e-16 1.19657e-53
9 23 9 1  0.997652 0.852159 0.73268 0.446772 0.330865
9 23 10 1  3.2621e-16 9.38131e-16 1.16223e-15 2.59033e-16 3.16328e-25
9 24 1 1  8.22556e-16 8.31178e-16 3.50919e-16 1.12252e-16 3.91968e-22
9 24 2 1  2.85095e-11 2.04235e-10 3.83418e-10 3.20814e-10 2.04619e-44
9 24 3 1  2.70557e-11 6.9697e-11 6.77453e-11 2.59585e-11 7.71214e-71
9 24 4 1  9.86297e-16 5.39848e-16 2.27903e-16 9.25004e-17 8.27106e-17
9 24 5 1  7.66124e-12 9.34877e-12 5.26544e-12 3.23338e-12 2.86006e-12
9 24 6 1  8.01471e-11 9.82069e-11 1.18555e-10 8.69161e-13 2.22454e-126
9 24 7 1  2.63213e-11 2.35676e-11 2.37006e-11 1.14448e-11 8.02211e-30
9 24 8 1  1.04367e-15 2.74173e-15 2.97801e-15 1.08823e-15 4.4165e-53
9 24 9 1  9.00555 3.76779 3.18508 2.11503 1.47932
9 24 10 1  1.94013e-15 2.71869e-15 4.09813e-15 1.26044e-15 8.61032e-25
9 25 1 1  1.75372e-16 2.50513e-16 1.14306e-16 3.31779e-17 7.30597e-23
9 25 2 1  1.68803e-11 2.71485e-11 1.07767e-10 1.25406e-10 5.8479e-45
9 25 3 1  6.0918e-12 1.68864e-11 2.20062e-11 1.04875e-11 2.31605e-71
9 25 4 1  2.99605e-16 1.77683e-16 7.84469e-17 3.21371e-17 2.68168e-17
9 25 5 1  3.92306e-12 3.84436e-12 2.1215e-12 1.15679e-12 1.02277e-12
9 25 6 1  3.38838e-11 3.29662e-11 4.06857e-11 2.59761e-13 6.79461e-127
9 25 7 1  8.3067e-12 7.44248e-12 7.67221e-12 3.90483e-12 2.49934e-30
9 25 8 1  2.96601e-16 5.87107e-16 9.21003e-16 4.0579e-16 1.2013e-53
9 25 9 1  2.03324 1.79256 1.01923 0.713287 0.488585
9 25 10 1  4.24548e-16 8.50711e-16 1.00254e-15 3.99224e-16 1.74198e-25
9 26 1 1  4.00329e-16 5.81047e-16 2.96964e-16 8.56302e-17 1.14549e-22
9 26 2 1  3.64703e-10 6.73097e-11 2.22006e-10 4.0582e-10 1.50293e-44
9 26 3 1  1.5945e-11 3.63522e-11 5.99885e-11 3.59827e-11 6.23949e-71
9 26 4 1  9.16098e-16 4.93158e-16 2.30101e-16 9.65907e-17 7.66455e-17
9 26 5 1  6.07121e-11 1.61005e-11 7.73185e-12 3.83165e-12 3.27648e-12
9 26 6 1  1.18612e-10 1.09509e-10 1.25052e-10 6.96584e-13 1.86031e-126
9 26 7 1  2.35588e-11 2.11445e-11 2.22159e-11 1.18797e-11 6.97452e-30
9 26 8 1  6.96999e-16 1.23492e-15 2.34855e-15 1.29697e-15 2.93959e-53
9 26 9 1  4.12437 5.10795 3.42016 2.11557 1.4468
9 26 10 1  1.46003e-15 1.96546e-15 2.51089e-15 1.08061e-15 3.29023e-25
9 27 1 1  1.3868e-16 1.60372e-16 9.29105e-17 2.69463e-17 2.18215e-23
9 27 2 1  7.47507e-11 1.19014e-10 5.59032e-11 1.413e-10 4.50933e-45
9 27 3 1  5.03597e-12 9.55544e-12 1.82858e-11 1.36865e-11 1.95021e-71
9 27 4 1  3.08878e-16 1.65984e-16 7.60673e-17 3.31286e-17 2.55474e-17
9 27 5 1  1.75768e-11 2.03768e-11 3.48039e-12 1.51238e-12 1.21875e-12
9 27 6 1  5.36608e-11 4.35545e-11 4.54344e-11 2.16853e-13 5.89698e-127
9 27 7 1  7.90293e-12 7.00945e-12 7.44842e-12 4.16189e-12 2.24809e-30
9 27 8 1  2.11491e-16 3.12384e-16 6.65684e-16 4.53069e-16 8.25243e-54
9 27 9 1  1.29303 1.45084 1.22232 0.744851 0.489828
9 27 10 1  3.21296e-16 6.63175e-16 5.66495e-16 2.67019e-16 5.78458e-26
9 28 1 1  1.42597e-16 1.14738e-16 7.44304e-17 2.47757e-17 1.21673e-23
9 28 2 1  1.96668e-11 7.8595e-11 7.82253e-11 1.07552e-10 3.08752e-45
9 28 3 1  4.10657e-12 5.99386e-12 1.24224e-11 1.14071e-11 1.38792e-71
9 28 4 1  2.25269e-16 1.26235e-16 5.78946e-17 2.55676e-17 1.959e-17
9 28 5 1  3.56061e-12 2.06982e-11 6.45106e-12 1.4172e-12 1.03948e-12
9 28 6 1  2.87726e-11 4.1911e-11 3.82786e-11 1.53747e-13 4.25292e-127
9 28 7 1  6.06611e-12 5.32127e-12 5.68241e-12 3.30435e-12 1.64728e-30
9 28 8 1  9.79352e-16 1.98215e-16 4.33519e-16 3.55804e-16 5.41192e-54
9 28 9 1  1.19562 1.05063 0.982566 0.647479 0.410306
9 28 10 1  4.82408e-16 4.02121e-16 3.13342e-16 1.11292e-16 1.75802e-26
9 29 1 1  2.06246e-16 1.04769e-16 6.32741e-17 2.44732e-17 7.67979e-24
9 29 2 1  1.46625e-11 3.36128e-11 7.52896e-11 9.71945e-11 2.28773e-45
9 29 3 1  4.31732e-12 4.3773e-12 9.01343e-12 9.98438e-12 1.07147e-71
9 29 4 1  1.95774e-16 1.00272e-16 4.63167e-17 2.0628e-17 1.58188e-17
9 29 5 1  3.45025e-12 1.27868e-11 8.90564e-12 1.91445e-12 9.76837e-13
9 29 6 1  3.21174e-11 3.44204e-11 3.58156e-11 1.18218e-13 3.32973e-127
9 29 7 1  5.13467e-12 4.39557e-12 4.70647e-12 2.84133e-12 1.31172e-30
9 29 8 1  4.17303e-16 4.83052e-16 3.15082e-16 3.03993e-16 3.97984e-54
9 29 9 1  1.07679 0.925108 0.836981 0.603334 0.380162
9 29 10 1  6.51694e-16 4.62536e-16 2.32749e-16 6.71251e-17 7.08191e-27
9 30 1 1  2.41922e-16 2.52779e-16 1.08511e-16 4.47611e-17 9.45367e-24
9 30 2 1  3.49287e-11 4.02437e-11 1.09219e-10 1.86795e-10 3.56072e-45
9 30 3 1  6.71469e-12 7.65927e-12 1.37463e-11 1.79206e-11 1.73819e-71
9 30 4 1  4.83318e-16 1.82356e-16 8.11346e-17 3.64211e-17 2.80457e-17
9 30 5 1  1.29622e-11 1.84195e-11 1.7937e-11 5.49122e-12 2.06151e-12
9 30 6 1  3.62665e-11 6.65584e-11 6.86181e-11 1.91006e-13 5.47884e-127
9 30 7 1  9.53344e-12 7.69132e-12 8.19938e-12 5.12251e-12 2.19603e-30
9 30 8 1  1.27597e-15 8.17019e-16 6.78207e-16 5.44752e-16 6.27552e-54
9 30 9 1  1.73549 1.69651 1.48651 1.12865 0.726984
9 30 10 1  7.92384e-16 1.26413e-15 5.02984e-16 1.08316e-16 7.07129e-27
9 31 1 1  1.35489e-16 1.97873e-16 9.1955e-17 3.2759e-17 4.75194e-24
9 31 2 1  9.61218e-11 3.64491e-11 7.20203e-11 1.63884e-10 2.66359e-45
9 31 3 1  4.8848e-12 6.15347e-12 1.02982e-11 1.51842e-11 1.35454e-71
9 31 4 1  4.92204e-16 1.92758e-16 7.47324e-17 3.31838e-17 2.57173e-17
9 31 5 1  4.30771e-12 1.8365e-11 1.5612e-11 6.43186e-12 2.24818e-12
9 31 6 1  2.48226e-11 5.14287e-11 6.33074e-11 1.48252e-13 4.3302e-127
9 31 7 1  8.55643e-12 6.57264e-12 6.87837e-12 4.42796e-12 1.76654e-30
9 31 8 1  7.34358e-16 8.88084e-16 6.321e-16 4.72514e-16 4.66459e-54
9 31 9 1  1.45106 1.38607 1.25791 0.980451 0.65245
9 31 10 1  1.97323e-16 9.71998e-16 6.16771e-16 9.51958e-17 3.38889e-27
9 32 1 1  1.61756e-16 2.59021e-16 1.35459e-16 4.36802e-17 4.14572e-24
9 32 2 1  3.53474e-11 1.58883e-10 1.00518e-10 2.64536e-10 3.82523e-45
9 32 3 1  8.87699e-12 9.16769e-12 1.49783e-11 2.4427e-11 2.03113e-71
9 32 4 1  6.92928e-16 3.97043e-16 1.46393e-16 6.08244e-17 4.71592e-17
9 32 5 1  4.63093e-12 2.3537e-11 2.71928e-11 1.29509e-11 4.81884e-12
9 32 6 1  3.61912e-10 7.38061e-11 1.08781e-10 2.21359e-13 6.59155e-127
9 32 7 1  1.58256e-11 1.0954e-11 1.11526e-11 7.36751e-12 2.74161e-30
9 32 8 1  7.39752e-16 1.31678e-15 1.17545e-15 7.83355e-16 6.55416e-54
9 32 9 1  2.16988 2.14896 1.97632 1.58911 1.09397
9 32 10 1  3.53346e-16 8.86639e-16 1.06822e-15 1.89677e-16 3.11372e-27
9 33 1 1  9.3383e-17 1.55794e-16 9.52529e-17 3.06581e-17 1.83684e-24
9 33 2 1  2.45675e-10 5.7842e-11 1.11671e-10 1.93139e-10 2.52921e-45
9 33 3 1  9.25733e-11 6.77095e-12 1.00725e-11 1.79384e-11 1.40339e-71
9 33 4 1  4.51618e-16 3.28052e-16 1.40094e-16 5.47318e-17 4.12792e-17
9 33 5 1  2.04292e-11 1.33389e-11 2.00242e-11 1.14565e-11 4.68229e-12
9 33 6 1  1.72924e-10 1.65465e-10 8.38062e-11 1.52278e-13 4.62543e-127
9 33 7 1  1.39005e-11 8.65273e-12 8.37695e-12 5.64791e-12 1.96368e-30
9 33 8 1  3.68329e-16 7.8914e-16 9.48146e-16 6.20802e-16 4.31668e-54
9 33 9 1  2.0484 1.48586 1.39959 1.15649 0.825608
9 33 10 1  2.81451e-16 4.82177e-16 6.7959e-16 1.76343e-16 1.437e-27
9 34 1 1  7.55461e-17 9.60527e-17 6.65223e-17 2.3907e-17 9.03406e-25
9 34 2 1  7.24313e-11 1.82884e-10 7.39757e-11 1.52951e-10 1.71349e-45
9 34 3 1  4.31999e-11 3.16036e-11 7.05791e-12 1.3409e-11 9.94598e-72
9 34 4 1  3.07239e-16 2.57408e-16 1.30425e-16 5.25595e-17 3.77831e-17
9 34 5 1  2.68867e-11 1.90473e-11 1.42527e-11 9.85109e-12 4.55859e-12
9 34 6 1  2.17613e-10 1.45776e-10 8.34128e-11 1.07437e-13 3.33072e-127
9 34 7 1  1.26112e-11 7.22959e-12 6.50745e-12 4.44268e-12 1.44499e-30
9 34 8 1  3.20945e-16 4.62687e-16 7.28328e-16 5.11852e-16 2.94739e-54
9 34 9 1  3.47479 1.24988 1.03856 0.882657 0.654081
9 34 10 1  2.70872e-16 3.2704e-16 4.40613e-16 1.56654e-16 7.55151e-28
9 35 1 1  1.44448e-16 5.43684e-17 3.82179e-17 1.53461e-17 3.80474e-25
9 35 2 1  5.13969e-12 7.36185e-11 9.284e-11 9.67688e-11 9.54033e-46
9 35 3 1  1.89369e-11 2.27096e-11 8.46775e-12 8.20367e-12 5.80281e-72
9 35 4 1  1.84075e-16 1.57147e-16 9.20208e-17 4.04628e-17 2.84334e-17
9 35 5 1  1.2378e-11 2.11268e-11 1.00523e-11 6.64423e-12 3.55065e-12
9 35 6 1  1.63549e-10 1.24818e-10 6.57582e-11 6.23917e-14 1.97559e-127
9 35 7 1  8.44542e-12 5.10291e-12 4.20916e-12 2.88003e-12 8.76923e-31
9 35 8 1  4.13268e-16 2.54502e-16 4.29399e-16 3.40768e-16 1.64475e-54
9 35 9 1  1.91362 1.33821 0.682689 0.567241 0.436804
9 35 10 1  1.2789e-16 2.25448e-16 2.47419e-16 1.04089e-16 3.3436e-28
9 36 1 1  1.27307e-16 3.5652e-17 1.49158e-17 6.6653e-18 1.12478e-25
9 36 2 1  1.82782e-11 9.5192e-12 3.56158e-11 4.16593e-11 3.17843e-46
9 36 3 1  4.8311e-12 7.91001e-12 4.58078e-12 3.21007e-12 2.02404e-72
9 36 4 1  7.0655e-16 5.75517e-17 3.69899e-17 1.80436e-17 1.2936e-17
9 36 5 1  2.07708e-11 8.56863e-12 5.05895e-12 2.707e-12 1.60154e-12
9 36 6 1  3.63893e-11 5.97293e-11 3.17754e-11 2.16643e-14 7.00241e-128
9 36 7 1  3.23051e-12 2.12847e-12 1.64832e-12 1.11571e-12 3.17904e-31
9 36 8 1  1.28218e-16 1.27485e-16 1.48887e-16 1.32524e-16 5.46298e-55
9 36 9 1  0.60187 0.602727 0.341342 0.227299 0.179723
9 36 10 1  3.77998e-17 7.45824e-17 1.01235e-16 4.50166e-17 1.0166e-28
9 37 1 1  3.69502e-16 1.85675e-16 4.89761e-17 1.91312e-17 2.27013e-25
9 37 2 1  6.34934e-12 4.62452e-11 6.20166e-11 1.1299e-10 6.8499e-46
9 37 3 1  2.08043e-10 1.60654e-11 1.32592e-11 8.52914e-12 4.55474e-72
9 37 4 1  1.27389e-15 5.20524e-16 9.47714e-17 5.07861e-17 3.85391e-17
9 37 5 1  5.2232e-11 5.39863e-11 1.50261e-11 7.52474e-12 4.55944e-12
9 37 6 1  1.0438e-10 1.36441e-10 9.90172e-11 4.85469e-14 1.59944e-127
9 37 7 1  7.76043e-12 5.61359e-12 4.20259e-12 2.78565e-12 7.41608e-31
9 37 8 1  2.21371e-16 3.22088e-16 3.67008e-16 3.30082e-16 1.18026e-54
9 37 9 1  1.23204 1.48105 1.04502 0.623139 0.473429
9 37 10 1  1.57902e-16 1.50368e-16 2.63944e-16 1.36438e-16 2.1982e-28
9 38 1 1  4.21471e-16 3.14684e-16 1.00648e-16 2.73275e-17 2.18537e-25
9 38 2 1  1.0114e-11 2.14431e-11 7.08984e-11 1.33908e-10 7.01309e-46
9 38 3 1  1.23793e-10 1.06362e-10 1.61713e-11 1.09318e-11 4.86477e-72
9 38 4 1  1.11049e-15 7.83319e-16 2.13479e-16 6.58006e-17 5.40227e-17
9 38 5 1  9.62392e-12 8.66961e-11 3.0551e-11 1.01212e-11 6.127e-12
9 38 6 1  6.14667e-11 1.59406e-10 1.34677e-10 5.16407e-14 1.73298e-127
9 38 7 1  8.70077e-12 6.88366e-12 5.1148e-12 3.30361e-12 8.20054e-31
9 38 8 1  1.6772e-16 3.33542e-16 4.3988e-16 3.95846e-16 1.22835e-54
9 38 9 1  1.08857 1.55707 1.33862 0.812852 0.576656
9 38 10 1  1.24826e-16 2.23794e-16 3.07298e-16 1.92346e-16 2.30252e-28
9 39 1 1  2.49832e-16 3.05402e-16 1.34707e-16 3.30495e-17 1.55714e-25
9 39 2 1  8.13634e-12 1.20892e-11 4.18739e-11 1.1002e-10 5.01657e-46
9 39 3 1  5.28537e-11 9.00311e-11 3.19253e-11 9.71416e-12 3.64171e-72
9 39 4 1  6.86021e-16 6.67579e-16 2.66796e-16 7.63234e-17 5.23536e-17
9 39 5 1  4.44301e-11 4.79491e-11 3.82043e-11 1.10377e-11 5.78087e-12
9 39 6 1  9.85468e-11 1.0675e-10 1.23638e-10 3.84902e-14 1.31719e-127
9 39 7 1  6.73306e-12 5.81269e-12 4.38068e-12 2.75782e-12 6.36977e-31
9 39 8 1  9.75515e-17 2.20515e-16 3.6188e-16 3.38097e-16 9.10286e-55
9 39 9 1  0.716181 1.07931 1.11532 0.738501 0.497669
9 39 10 1  9.72191e-17 1.58632e-16 2.76156e-16 1.85558e-16 1.72918e-28
9 40 1 1  2.44935e-16 3.3079e-16 2.14336e-16 5.93835e-17 1.57895e-25
9 40 2 1  1.09349e-11 1.17349e-11 3.33128e-11 1.17818e-10 4.89012e-46
9 40 3 1  3.24138e-11 8.13396e-11 5.15703e-11 1.43383e-11 3.72302e-72
9 40 4 1  5.88582e-16 7.06629e-16 3.77247e-16 1.25694e-16 7.23715e-17
9 40 5 1  2.57887e-11 7.13778e-11 4.62098e-11 1.7398e-11 7.67108e-12
9 40 6 1  4.25304e-10 1.27131e-10 1.45613e-10 3.91709e-14 1.36823e-127
9 40 7 1  7.39063e-12 6.60079e-12 5.12644e-12 3.15703e-12 6.77067e-31
9 40 8 1  8.79996e-17 1.94508e-16 3.92808e-16 3.97904e-16 9.33989e-55
9 40 9 1  0.730048 1.00618 1.19565 0.893112 0.592712
9 40 10 1  1.22686e-16 1.62406e-16 3.1814e-16 2.43759e-16 1.79585e-28
9 41 1 1  2.00265e-16 2.6827e-16 2.25317e-16 7.96452e-17 1.25759e-25
9 41 2 1  2.69688e-11 1.09999e-11 2.14314e-11 9.43708e-11 3.67294e-46
9 41 3 1  1.64521e-11 5.13317e-11 5.01489e-11 1.68196e-11 2.93447e-72
9 41 4 1  4.02111e-16 5.51135e-16 3.67451e-16 1.48737e-16 8.13982e-17
9 41 5 1  1.35762e-11 5.38543e-11 4.63324e-11 1.90346e-11 8.15755e-12
9 41 6 1  1.75505e-10 2.39243e-10 1.32435e-10 3.07318e-14 1.09608e-127
9 41 7 1  6.47218e-12 5.76068e-12 4.61631e-12 2.79537e-12 5.55516e-31
9 41 8 1  9.1301e-17 1.34069e-16 3.1799e-16 3.59068e-16 7.42038e-55
9 41 9 1  0.644826 0.743098 0.945926 0.802144 0.544543
9 41 10 1  4.05284e-16 1.45408e-16 2.7516e-16 2.41325e-16 1.44271e-28
9 42 1 1  1.0887e-15 1.14436e-16 1.13861e-16 5.14317e-17 5.28758e-26
9 42 2 1  1.45667e-11 1.19249e-11 8.00746e-12 3.8568e-11 1.43412e-46
9 42 3 1  5.03881e-12 1.60926e-11 2.21401e-11 9.65417e-12 1.20555e-72
9 42 4 1  1.5275e-16 2.20116e-16 1.74659e-16 8.48993e-17 4.90205e-17
9 42 5 1  1.57066e-11 1.89513e-11 2.19584e-11 1.0528e-11 4.56033e-12
9 42 6 1  4.86795e-10 1.04247e-10 7.38548e-11 1.25637e-14 4.58116e-128
9 42 7 1  3.1092e-12 2.63357e-12 2.16457e-12 1.29581e-12 2.38267e-31
9 42 8 1  6.52647e-17 5.58908e-17 1.32002e-16 1.6829e-16 3.10077e-55
9 42 9 1  0.320114 0.31362 0.393532 0.373232 0.267061
9 42 10 1  3.24315e-16 1.80252e-16 1.2629e-16 1.2254e-16 6.09252e-29
10 1 1 1  1.75344e-20 1.51783e-14 6.73055e-15 1.8994e-16 1.94011e-16
10 1 2 1  2.48816e-160 1.8763e-116 3.7163e-13 2.83152e-54 7.43796e-42
10 1 3 1  2.93088e-32 5.85652e-15 1.20965e-11 1.83759e-11 6.54578e-69
10 1 4 1  1.71624e-23 2.21218e-15 3.23773e-31 2.72164e-15 1.69539e-27
10 1 5 1  1.15214e-17 6.66935e-21 3.18164e-11 2.49343e-12 2.67633e-14
10 1 6 1  1.46237e-16 4.99057e-53 1.39461e-10 8.47387e-11 1.16032e-124
10 1 7 1  3.04675e-69 8.225e-11 1.37754e-10 3.61598e-11 2.40674e-28
10 1 8 1  1.92372e-22 1.82819e-15 1.35996e-14 2.27165e-16 3.19149e-50
10 1 9 1  6.28842e-40 1.0669e-15 2.4298e-14 1.21749e-14 2.79891e-26
10 1 10 1  9.45189e-07 0.0429557 5.36488 1.01787 0.211508
10 2 1 1  2.4375e-20 8.15216e-15 7.77452e-15 1.08029e-15 1.44802e-16
10 2 2 1  1.8818e-19 4.45768e-117 1.69347e-13 2.45441e-11 5.64039e-42
10 2 3 1  1.98925e-19 2.8217e-15 1.0858e-11 1.66493e-11 5.49515e-69
10 2 4 1  7.61751e-22 1.47076e-15 4.78378e-16 1.83068e-15 5.62169e-16
10 2 5 1  7.73476e-18 8.67031e-12 2.11199e-11 7.00496e-12 3.24191e-13
10 2 6 1  6.58955e-17 1.86832e-11 1.07353e-10 7.04706e-11 1.0058e-124
10 2 7 1  3.62284e-16 5.5206e-11 1.19031e-10 3.80151e-11 2.15877e-28
10 2 8 1  6.89938e-22 8.16519e-16 1.63518e-14 1.69073e-15 2.58823e-50
10 2 9 1  8.32979e-21 5.87646e-16 1.58511e-14 1.40148e-14 1.48983e-15
10 2 10 1  4.97529e-07 0.0376911 8.27307 1.01466 0.111781
10 3 1 1  6.74597e-20 6.9666e-15 9.71352e-15 2.77939e-15 1.59316e-16
10 3 2 1  1.87861e-19 9.09333e-17 1.17063e-13 4.3437e-11 6.40999e-42
10 3 3 1  5.65024e-19 2.89881e-15 1.25615e-11 2.25109e-11 6.8656e-69
10 3 4 1  2.32511e-21 1.55282e-15 9.52022e-16 1.98649e-15 1.30127e-15
10 3 5 1  6.79698e-18 1.52713e-11 2.57019e-11 1.28715e-11 1.68145e-12
10 3 6 1  1.15961e-16 2.76967e-11 2.01307e-10 8.72633e-11 1.29574e-124
10 3 7 1  9.7636e-16 5.86955e-11 1.50567e-10 5.76591e-11 2.87511e-28
10 3 8 1  9.79954e-22 6.49642e-16 2.02528e-14 4.5824e-15 3.04639e-50
10 3 9 1  1.77896e-20 2.99001e-15 1.53807e-14 2.02425e-14 4.45036e-15
10 3 10 1  3.2376e-06 0.0372069 11.7014 1.72158 0.0790079
10 4 1 1  6.34459e-19 5.41695e-15 7.93966e-15 3.62605e-15 1.26208e-16
10 4 2 1  2.95838e-19 9.13221e-17 8.00124e-14 4.35999e-11 5.38344e-42
10 4 3 1  8.65547e-19 3.33656e-15 1.0555e-11 2.20217e-11 6.29201e-69
10 4 4 1  3.4711e-21 1.3411e-15 1.06366e-15 1.67903e-15 1.69918e-15
10 4 5 1  3.58371e-18 1.42119e-11 2.49409e-11 1.50236e-11 3.3102e-12
10 4 6 1  1.12593e-16 3.31493e-11 2.56723e-10 7.93081e-11 1.22229e-124
10 4 7 1  1.46882e-15 5.00281e-11 1.38445e-10 6.25576e-11 2.80004e-28
10 4 8 1  8.25793e-21 4.25321e-16 1.61523e-14 6.00587e-15 2.51875e-50
10 4 9 1  2.0407e-20 5.68789e-15 1.16696e-14 1.95596e-14 6.80503e-15
10 4 10 1  6.39106e-07 0.104464 9.10141 1.64591 0.0347981
10 5 1 1  2.46097e-19 1.35341e-14 4.77303e-15 2.99975e-15 7.4407e-17
10 5 2 1  4.20238e-19 1.03536e-16 4.89626e-14 3.27919e-11 3.6016e-42
10 5 3 1  7.39971e-19 3.60799e-15 7.56142e-12 1.68489e-11 4.56307e-69
10 5 4 1  4.11461e-21 1.01947e-15 8.63908e-16 1.16621e-15 1.58708e-15
10 5 5 1  2.25741e-18 8.72202e-12 1.89969e-11 1.31522e-11 4.07685e-12
10 5 6 1  5.45193e-17 2.87892e-11 2.55505e-10 5.70707e-11 9.10894e-125
10 5 7 1  1.49444e-15 3.73482e-11 1.00386e-10 5.26395e-11 2.15133e-28
10 5 8 1  2.67753e-21 1.0475e-15 9.97586e-15 5.33021e-15 1.657e-50
10 5 9 1  1.68024e-20 6.25712e-15 7.93512e-15 1.44314e-14 7.06334e-15
10 5 10 1  1.32328e-06 0.0444963 14.7113 1.1297 0.0122388
10 6 1 1  2.34627e-19 1.99144e-14 9.44569e-15 4.21832e-15 8.10296e-17
10 6 2 1  1.408e-18 2.74683e-16 7.46872e-14 4.68653e-11 4.69343e-42
10 6 3 1  1.12598e-18 6.65725e-15 1.18208e-11 2.49264e-11 6.42541e-69
10 6 4 1  7.8841e-21 1.71622e-15 1.34005e-15 1.62024e-15 2.74521e-15
10 6 5 1  8.6367e-18 1.05181e-11 2.68093e-11 2.15885e-11 8.67067e-12
10 6 6 1  7.5948e-17 3.91637e-11 4.75568e-10 7.97639e-11 1.31736e-124
10 6 7 1  2.74004e-15 5.84535e-11 1.41592e-10 8.47785e-11 3.20704e-28
10 6 8 1  2.21958e-21 1.32506e-15 1.75316e-14 8.53519e-15 2.14398e-50
10 6 9 1  2.68108e-20 1.15321e-14 1.1777e-14 2.057e-14 1.31176e-14
10 6 10 1  7.57057e-07 0.0827637 15.2803 2.25255 0.00738846
10 7 1 1  1.03498e-19 7.25472e-15 4.8844e-15 2.01337e-15 2.73804e-17
10 7 2 1  1.06779e-18 2.56409e-16 4.41318e-14 1.93881e-11 1.75333e-42
10 7 3 1  7.00371e-19 3.20851e-15 5.60259e-12 1.06155e-11 2.58957e-69
10 7 4 1  4.09759e-21 8.66472e-16 6.10326e-16 6.59873e-16 1.32272e-15
10 7 5 1  2.39248e-18 5.88e-12 1.05021e-11 9.79861e-12 4.90929e-12
10 7 6 1  6.11519e-17 1.54421e-11 2.33701e-10 3.191e-11 5.4517e-125
10 7 7 1  1.33938e-15 2.74471e-11 5.74633e-11 3.86487e-11 1.36817e-28
10 7 8 1  2.10159e-21 4.08197e-16 7.77723e-15 3.97443e-15 7.90644e-51
10 7 9 1  1.31574e-20 5.75536e-15 5.40611e-15 8.55393e-15 6.69386e-15
10 7 10 1  2.35976e-07 0.0229322 7.75721 0.833929 0.00125434
10 8 1 1  5.74391e-20 5.46278e-15 4.11076e-15 1.89452e-15 1.77882e-17
10 8 2 1  4.0475e-18 3.89413e-16 6.89379e-14 1.65565e-11 1.27724e-42
10 8 3 1  7.70838e-19 3.44446e-15 5.22292e-12 8.89524e-12 2.02636e-69
10 8 4 1  3.75441e-21 8.4848e-16 5.50125e-16 5.28e-16 1.19944e-15
10 8 5 1  8.23281e-18 4.62038e-12 8.62634e-12 8.37677e-12 5.11698e-12
10 8 6 1  8.89948e-17 1.58006e-11 2.13698e-10 2.4795e-11 4.37527e-125
10 8 7 1  1.24019e-15 2.54319e-11 4.56492e-11 3.3867e-11 1.13081e-28
10 8 8 1  9.71025e-22 4.15161e-16 6.04493e-15 3.56188e-15 5.66437e-51
10 8 9 1  1.25862e-20 5.51491e-15 4.93499e-15 6.98444e-15 6.38399e-15
10 8 10 1  4.46063e-07 0.0130427 5.98114 1.04198 0.000593665
10 9 1 1  3.11004e-19 6.4105e-15 5.63047e-15 2.87067e-15 1.92403e-17
10 9 2 1  1.31521e-17 2.31627e-15 1.83926e-13 2.81797e-11 1.6139e-42
10 9 3 1  1.28303e-18 6.51977e-15 8.9209e-12 1.30502e-11 2.7345e-69
10 9 4 1  6.00353e-21 1.38438e-15 8.66771e-16 7.39332e-16 1.8281e-15
10 9 5 1  3.70072e-18 1.44674e-11 1.21107e-11 1.22356e-11 8.816e-12
10 9 6 1  7.23081e-17 3.38756e-11 3.46652e-10 3.32444e-11 6.04442e-125
10 9 7 1  1.99667e-15 4.0855e-11 6.31372e-11 5.07081e-11 1.60581e-28
10 9 8 1  2.97557e-21 4.97014e-16 8.86736e-15 5.4016e-15 7.05909e-51
10 9 9 1  1.77889e-20 8.98955e-15 7.79789e-15 9.88671e-15 1.01337e-14
10 9 10 1  4.13058e-07 0.0261047 6.14402 1.53561 0.000435909
10 10 1 1  1.7729e-19 1.07337e-14 4.93684e-15 2.87548e-15 1.41323e-17
10 10 2 1  1.42951e-18 5.43122e-15 6.31106e-13 3.84606e-11 1.40325e-42
10 10 3 1  1.46272e-18 7.9287e-15 1.09706e-11 1.33715e-11 2.51236e-69
10 10 4 1  6.3786e-21 1.50839e-15 9.2951e-16 7.17772e-16 1.85995e-15
10 10 5 1  5.74853e-18 1.16945e-11 1.49891e-11 1.2041e-11 9.9894e-12
10 10 6 1  4.19253e-17 3.24181e-11 4.13452e-10 3.03785e-11 5.66444e-125
10 10 7 1  3.3535e-14 4.5109e-11 6.00772e-11 5.11541e-11 1.54051e-28
10 10 8 1  2.28061e-21 6.66505e-16 8.34064e-15 5.49952e-15 5.92203e-51
10 10 9 1  1.70439e-20 9.27716e-15 8.39474e-15 9.61797e-15 1.06806e-14
10 10 10 1  3.36283e-07 0.0219136 5.70833 1.08042 0.00017999
10 11 1 1  3.33254e-19 8.26715e-15 4.35337e-15 2.1079e-15 7.85224e-18
10 11 2 1  1.02581e-17 1.69856e-15 1.32804e-12 6.94326e-11 1.02278e-42
10 11 3 1  1.46261e-18 7.74124e-15 1.12812e-11 1.17681e-11 1.92251e-69
10 11 4 1  5.74134e-21 1.32995e-15 8.17418e-16 5.84263e-16 1.53728e-15
10 11 5 1  5.48749e-18 9.95884e-12 1.33164e-11 1.02991e-11 9.18754e-12
10 11 6 1  2.92056e-17 2.25673e-11 3.91803e-10 2.31368e-11 4.40977e-125
10 11 7 1  2.08216e-14 2.21792e-10 4.82073e-11 4.26679e-11 1.22395e-28
10 11 8 1  9.94776e-22 5.31893e-16 7.18082e-15 4.50323e-15 4.04247e-51
10 11 9 1  1.48465e-20 7.62323e-15 7.30998e-15 7.83391e-15 9.15371e-15
10 11 10 1  3.47427e-06 0.0150222 4.28897 0.729544 6.23982e-05
10 12 1 1  2.70977e-19 1.76128e-14 6.1295e-15 2.69736e-15 7.25072e-18
10 12 2 1  3.54662e-18 6.01047e-15 1.6395e-12 2.41939e-10 1.31296e-42
10 12 3 1  2.82823e-18 1.33329e-14 1.99424e-11 1.87189e-11 2.58941e-69
10 12 4 1  8.71211e-21 2.01512e-15 1.22236e-15 8.26671e-16 2.15591e-15
10 12 5 1  5.63139e-18 1.56108e-11 2.0561e-11 1.56212e-11 1.46997e-11
10 12 6 1  1.32158e-16 2.74935e-11 6.14524e-10 3.10208e-11 6.03687e-125
10 12 7 1  2.27276e-14 4.58792e-10 9.93416e-11 6.24159e-11 1.70781e-28
10 12 8 1  3.53984e-21 5.78509e-16 1.06864e-14 6.59751e-15 4.88754e-51
10 12 9 1  2.24525e-20 1.14056e-14 1.10962e-14 1.15026e-14 1.38678e-14
10 12 10 1  7.94249e-07 0.152747 4.61551 0.817472 3.39478e-05
10 13 1 1  1.86924e-19 1.7765e-14 7.85393e-15 2.6075e-15 4.91778e-18
10 13 2 1  2.30607e-18 3.36496e-15 2.60784e-12 3.89865e-10 1.33403e-42
10 13 3 1  1.77905e-17 1.91606e-14 2.75401e-11 2.40585e-11 2.76711e-69
10 13 4 1  1.05148e-20 2.37117e-15 1.41389e-15 9.16189e-16 2.32975e-15
10 13 5 1  8.21346e-18 1.6298e-11 2.52912e-11 1.88812e-11 1.85398e-11
10 13 6 1  1.03676e-16 4.26717e-11 7.33082e-10 3.29933e-11 6.55893e-125
10 13 7 1  1.99629e-14 5.88461e-10 1.6259e-10 7.4075e-11 1.89134e-28
10 13 8 1  2.85387e-21 8.91643e-16 1.15013e-14 7.70777e-15 4.69895e-51
10 13 9 1  2.87261e-20 1.34656e-14 1.31686e-14 1.33634e-14 1.64488e-14
10 13 10 1  3.01046e-07 0.0925213 21.2986 0.502825 1.03525e-05
10 14 1 1  6.96396e-20 6.18029e-15 3.23186e-15 9.70823e-16 1.17031e-18
10 14 2 1  6.84578e-18 8.1533e-16 1.02268e-12 2.52273e-10 5.48692e-43
10 14 3 1  5.13843e-18 3.12144e-14 1.55933e-11 1.2708e-11 1.20074e-69
10 14 4 1  1.07025e-20 1.15821e-15 6.74482e-16 4.22008e-16 1.03429e-15
10 14 5 1  5.65738e-18 7.82318e-12 1.20307e-11 9.30853e-12 9.45657e-12
10 14 6 1  2.37537e-16 1.98187e-11 3.69084e-10 1.4246e-11 2.89591e-125
10 14 7 1  7.37936e-15 2.75881e-10 9.91329e-11 3.67458e-11 8.51723e-29
10 14 8 1  8.08701e-22 3.77174e-16 5.46106e-15 3.52101e-15 1.79454e-51
10 14 9 1  1.55499e-20 6.48197e-15 6.14566e-15 6.14453e-15 7.66863e-15
10 14 10 1  2.86795e-07 0.0202385 8.84545 0.613226 1.44739e-06
10 15 1 1  5.39808e-20 4.06708e-15 2.18186e-15 6.59398e-16 4.89319e-19
10 15 2 1  5.16412e-18 2.32934e-15 6.54116e-13 2.60143e-10 4.23473e-43
10 15 3 1  2.86169e-18 2.99962e-14 2.89043e-11 1.27749e-11 9.76928e-70
10 15 4 1  1.0595e-20 1.47559e-15 6.09305e-16 3.69262e-16 8.65021e-16
10 15 5 1  6.16161e-18 8.36348e-12 1.07567e-11 8.53209e-12 9.00001e-12
10 15 6 1  9.77584e-17 4.16027e-11 3.43848e-10 1.1534e-11 2.39638e-125
10 15 7 1  5.42122e-15 2.30708e-10 1.04844e-10 3.49334e-11 7.18449e-29
10 15 8 1  1.1231e-21 2.50263e-16 4.64889e-15 3.01603e-15 1.2762e-51
10 15 9 1  1.78166e-20 6.17022e-15 5.43349e-15 5.31528e-15 6.69414e-15
10 15 10 1  2.44851e-07 0.0137984 5.53234 0.905739 5.92685e-07
10 16 1 1  3.68117e-20 3.01221e-15 1.47575e-15 4.49519e-16 2.05776e-19
10 16 2 1  1.36367e-18 2.34862e-15 8.38413e-13 2.60298e-10 3.5376e-43
10 16 3 1  2.07728e-18 2.50124e-14 3.97546e-11 1.64201e-11 8.59977e-70
10 16 4 1  9.92324e-21 1.72032e-15 6.52585e-16 3.37758e-16 7.51212e-16
10 16 5 1  9.81033e-18 9.77159e-12 1.09675e-11 8.41577e-12 9.2247e-12
10 16 6 1  4.96748e-17 3.88233e-11 4.18625e-10 1.01038e-11 2.14518e-125
10 16 7 1  4.63605e-15 2.03993e-10 1.13281e-10 3.64083e-11 6.55431e-29
10 16 8 1  7.56762e-22 2.49291e-16 3.89523e-15 2.72781e-15 9.59076e-52
10 16 9 1  2.16508e-20 7.00574e-15 5.36606e-15 5.03229e-15 6.35793e-15
10 16 10 1  7.38629e-07 0.0115154 3.9449 0.857191 2.68024e-07
10 17 1 1  7.97059e-20 3.57054e-15 1.6983e-15 4.82888e-16 1.36842e-19
10 17 2 1  7.72699e-18 1.77708e-15 1.54747e-12 4.52337e-10 4.88383e-43
10 17 3 1  2.71369e-18 3.28826e-14 7.26146e-11 3.57485e-11 1.25636e-69
10 17 4 1  1.45239e-20 3.02761e-15 1.19618e-15 5.38514e-16 1.07994e-15
10 17 5 1  1.16299e-17 2.2424e-11 1.93724e-11 1.38977e-11 1.56668e-11
10 17 6 1  5.43637e-17 5.02195e-11 7.8189e-10 1.46846e-11 3.19195e-125
10 17 7 1  6.98268e-15 2.96609e-10 1.94931e-10 6.34265e-11 9.95498e-29
10 17 8 1  1.30139e-20 3.41611e-16 5.7842e-15 4.12252e-15 1.2224e-51
10 17 9 1  4.71228e-20 1.37989e-14 9.33994e-15 8.0557e-15 1.0107e-14
10 17 10 1  1.003e-06 0.039646 4.16598 0.956294 1.64658e-07
10 18 1 1  7.85165e-20 7.87309e-16 3.22828e-16 8.77841e-17 1.5005e-20
10 18 2 1  7.04846e-18 7.07487e-16 2.70082e-13 1.09979e-10 9.32275e-44
10 18 3 1  1.17292e-17 5.96831e-15 1.639e-11 1.01652e-11 2.54995e-70
10 18 4 1  3.49782e-21 6.9095e-16 3.04135e-16 1.28149e-16 2.2166e-16
10 18 5 1  2.77752e-18 5.05394e-12 5.22244e-12 3.24182e-12 3.69628e-12
10 18 6 1  1.65365e-17 8.6546e-12 1.86124e-10 2.96367e-12 6.60943e-126
10 18 7 1  1.58737e-15 6.0031e-11 4.52153e-11 1.5362e-11 2.10809e-29
10 18 8 1  1.20399e-21 4.40105e-16 1.23188e-15 9.14727e-16 2.29778e-52
10 18 9 1  1.56363e-20 4.06882e-15 2.42174e-15 1.86636e-15 2.27988e-15
10 18 10 1  6.62118e-07 0.00943837 1.88015 0.159601 1.55954e-08
10 19 1 1  3.78927e-20 2.06246e-15 3.12306e-16 8.23133e-17 8.3343e-21
10 19 2 1  6.58654e-19 2.62635e-15 2.94962e-13 1.10166e-10 7.84638e-44
10 19 3 1  6.10884e-18 3.90141e-14 1.5388e-11 1.19072e-11 2.27417e-70
10 19 4 1  3.97039e-21 7.00453e-16 3.19441e-16 1.3576e-16 2.00314e-16
10 19 5 1  5.91219e-18 5.16904e-12 5.7821e-12 3.43881e-12 3.82037e-12
10 19 6 1  1.48835e-17 7.62512e-12 1.84938e-10 2.62873e-12 6.00733e-126
10 19 7 1  1.59964e-15 5.47036e-11 4.50846e-11 1.62278e-11 1.95757e-29
10 19 8 1  7.06264e-22 3.72701e-16 2.7906e-15 8.85038e-16 1.89517e-52
10 19 9 1  1.46628e-20 5.63135e-15 2.91191e-15 1.95446e-15 2.26304e-15
10 19 10 1  1.29937e-07 0.0215841 2.63606 0.339666 1.06856e-08
10 20 1 1  1.66305e-20 1.36244e-15 4.27066e-16 5.55343e-17 3.28541e-21
10 20 2 1  2.86421e-19 6.86166e-16 5.35805e-13 8.30345e-11 4.86796e-44
10 20 3 1  2.49586e-18 2.97597e-14 2.70476e-11 9.73234e-12 1.48776e-70
10 20 4 1  3.39985e-21 5.36916e-16 2.38072e-16 1.03202e-16 1.33056e-16
10 20 5 1  2.39608e-18 5.81593e-12 4.58247e-12 2.70415e-12 2.8978e-12
10 20 6 1  3.94751e-17 5.00541e-12 1.33223e-10 1.71103e-12 3.99957e-126
10 20 7 1  1.11834e-15 3.74769e-11 3.25661e-11 1.24588e-11 1.32966e-29
10 20 8 1  2.9839e-22 2.00149e-16 2.5926e-15 7.59067e-16 1.13806e-52
10 20 9 1  9.99152e-21 4.66344e-15 2.75528e-15 1.57038e-15 1.66588e-15
10 20 10 1  8.61262e-07 0.00838447 3.92644 0.418644 5.51377e-09
10 21 1 1  2.42604e-20 1.46846e-15 7.14448e-16 1.10142e-16 2.66391e-21
10 21 2 1  7.19224e-19 3.89655e-16 5.97399e-13 1.49968e-10 5.64379e-44
10 21 3 1  7.73322e-18 3.34213e-14 5.33583e-11 1.8686e-11 1.81848e-70
10 21 4 1  4.94009e-21 8.12057e-16 3.34903e-16 1.45135e-16 1.68143e-16
10 21 5 1  3.35282e-18 7.29654e-12 7.75428e-12 3.98126e-12 4.12372e-12
10 21 6 1  2.92801e-17 1.19464e-11 1.77233e-10 2.08079e-12 4.97542e-126
10 21 7 1  1.42368e-15 4.82001e-11 4.36405e-11 1.77423e-11 1.68778e-29
10 21 8 1  2.92281e-21 1.85587e-16 3.60298e-15 1.24662e-15 1.27606e-52
10 21 9 1  1.26271e-20 6.64435e-15 4.61569e-15 2.50395e-15 2.33289e-15
10 21 10 1  3.84034e-07 0.0367213 4.90951 1.07776 5.29093e-09
10 22 1 1  1.78815e-20 1.03781e-15 5.66273e-16 1.24218e-16 1.35401e-21
10 22 2 1  5.42679e-18 2.80732e-16 3.20209e-13 1.34196e-10 3.78723e-44
10 22 3 1  3.39651e-18 3.36274e-14 4.75124e-11 2.09975e-11 1.28803e-70
10 22 4 1  3.90795e-21 6.90982e-16 2.80204e-16 1.17682e-16 1.24628e-16
10 22 5 1  1.84242e-18 5.52889e-12 6.77187e-12 3.5358e-12 3.41717e-12
10 22 6 1  1.30745e-17 9.15628e-12 1.49722e-10 1.46617e-12 3.58845e-126
10 22 7 1  1.03619e-15 3.58307e-11 3.37223e-11 1.45534e-11 1.24291e-29
10 22 8 1  1.00131e-21 3.9716e-16 2.63317e-15 1.15338e-15 8.48982e-53
10 22 9 1  9.76675e-21 5.13423e-15 4.11781e-15 2.31749e-15 1.8953e-15
10 22 10 1  2.1703e-07 0.0190257 7.28281 1.05918 2.88039e-09
10 23 1 1  4.38515e-20 1.45164e-15 8.30513e-16 2.28032e-16 1.34013e-21
10 23 2 1  9.48968e-19 3.02453e-15 3.58103e-13 2.07933e-10 4.93397e-44
10 23 3 1  2.96504e-18 4.52573e-14 8.61403e-11 4.20728e-11 1.76986e-70
10 23 4 1  5.85031e-21 1.09313e-15 4.49303e-16 1.83941e-16 1.78506e-16
10 23 5 1  9.96578e-18 7.22865e-12 1.09324e-11 6.05852e-12 5.53745e-12
10 23 6 1  3.74137e-17 1.15971e-11 2.40912e-10 2.00427e-12 5.02009e-126
10 23 7 1  1.48288e-15 5.15243e-11 5.03074e-11 2.30044e-11 1.77526e-29
10 23 8 1  7.61333e-22 5.18573e-16 5.62963e-15 1.96317e-15 1.10697e-52
10 23 9 1  1.74315e-20 7.74546e-15 6.77815e-15 4.13317e-15 3.06089e-15
10 23 10 1  1.96675e-07 0.0199658 10.6218 2.39636 2.92641e-09
10 24 1 1  3.09972e-20 1.75773e-15 7.4212e-16 2.3739e-16 8.28931e-22
10 24 2 1  4.18879e-19 1.19268e-15 8.88982e-13 2.06433e-10 4.32726e-44
10 24 3 1  1.76469e-18 3.60135e-14 9.44801e-11 5.48932e-11 1.63096e-70
10 24 4 1  5.72651e-21 1.13508e-15 4.81967e-16 1.95619e-16 1.74916e-16
10 24 5 1  9.96226e-18 1.30381e-11 1.11353e-11 6.83792e-12 6.04842e-12
10 24 6 1  3.39296e-17 1.30091e-11 2.50707e-10 1.83809e-12 4.70444e-126
10 24 7 1  1.44184e-15 4.98403e-11 5.01218e-11 2.42033e-11 1.69651e-29
10 24 8 1  4.41828e-22 3.63187e-16 6.29759e-15 2.30137e-15 9.33998e-53
10 24 9 1  3.59697e-20 7.82861e-15 6.73578e-15 4.47285e-15 3.12846e-15
10 24 10 1  2.67395e-07 0.0132268 8.56174 2.66556 1.8209e-09
10 25 1 1  1.79549e-20 1.43931e-15 6.56756e-16 1.90626e-16 4.19771e-22
10 25 2 1  6.73821e-19 4.30731e-16 6.7885e-13 2.19236e-10 3.35996e-44
10 25 3 1  1.0795e-18 2.37059e-14 8.33821e-11 6.02531e-11 1.33071e-70
10 25 4 1  4.72605e-21 1.015e-15 4.50723e-16 1.84647e-16 1.54078e-16
10 25 5 1  1.38596e-17 1.45664e-11 1.21893e-11 6.64646e-12 5.87641e-12
10 25 6 1  3.89718e-17 1.18643e-11 2.33753e-10 1.49248e-12 3.9039e-126
10 25 7 1  1.23624e-15 4.27611e-11 4.40813e-11 2.24355e-11 1.43602e-29
10 25 8 1  3.41139e-22 2.11295e-16 5.29146e-15 2.3315e-15 6.90216e-53
10 25 9 1  2.20639e-20 1.0119e-14 5.85606e-15 4.09825e-15 2.80721e-15
10 25 10 1  1.5897e-07 0.0112446 5.69045 2.29377 1.00087e-09
10 26 1 1  1.12103e-20 9.13092e-16 4.66677e-16 1.34567e-16 1.80013e-22
10 26 2 1  3.98183e-18 2.92091e-16 3.82499e-13 1.94046e-10 2.36184e-44
10 26 3 1  7.72823e-19 1.39581e-14 6.2169e-11 5.6543e-11 9.80532e-71
10 26 4 1  3.95248e-21 7.70525e-16 3.61602e-16 1.51792e-16 1.20448e-16
10 26 5 1  5.8665e-17 1.66858e-11 1.21505e-11 6.02142e-12 5.14896e-12
10 26 6 1  3.73135e-17 1.07795e-11 1.9651e-10 1.09468e-12 2.92346e-126
10 26 7 1  9.58973e-16 3.32281e-11 3.49121e-11 1.86688e-11 1.09604e-29
10 26 8 1  2.19264e-22 1.2156e-16 3.69056e-15 2.03817e-15 4.61955e-53
10 26 9 1  1.22414e-20 7.88659e-15 5.37475e-15 3.3246e-15 2.27364e-15
10 26 10 1  1.49531e-07 0.00710562 3.89806 1.69817 5.17058e-10
10 27 1 1  2.93341e-20 1.90365e-15 1.1029e-15 3.19866e-16 2.59033e-22
10 27 2 1  6.16476e-18 3.90117e-15 7.27543e-13 5.10351e-10 5.35281e-44
10 27 3 1  1.84373e-18 2.77143e-14 1.43145e-10 1.62456e-10 2.315e-70
10 27 4 1  1.00664e-20 1.95895e-15 9.02959e-16 3.93254e-16 3.03261e-16
10 27 5 1  1.28292e-16 1.59515e-10 4.1314e-11 1.79527e-11 1.44672e-11
10 27 6 1  1.27512e-16 3.23848e-11 5.39306e-10 2.57416e-12 7.00003e-126
10 27 7 1  2.42996e-15 8.32053e-11 8.84167e-11 4.94038e-11 2.6686e-29
10 27 8 1  5.02556e-22 2.32272e-16 7.90166e-15 5.37816e-15 9.79606e-53
10 27 9 1  2.89893e-20 1.69207e-14 1.45096e-14 8.84177e-15 5.81452e-15
10 27 10 1  2.4856e-07 0.0181102 6.64317 3.16966 6.8666e-10
10 28 1 1  3.25479e-20 1.46968e-15 9.53398e-16 3.17358e-16 1.55854e-22
10 28 2 1  1.7502e-18 2.78001e-15 1.09856e-12 4.19181e-10 3.95489e-44
10 28 3 1  1.62236e-18 1.87592e-14 1.04935e-10 1.46107e-10 1.77782e-70
10 28 4 1  7.92209e-21 1.60765e-15 7.41588e-16 3.27502e-16 2.50934e-16
10 28 5 1  2.8044e-17 1.74844e-10 8.26333e-11 1.81532e-11 1.3315e-11
10 28 6 1  7.3778e-17 3.36271e-11 4.90298e-10 1.96938e-12 5.44768e-126
10 28 7 1  2.01269e-15 6.81611e-11 7.27875e-11 4.23263e-11 2.11004e-29
10 28 8 1  2.51123e-21 1.59037e-16 5.55281e-15 4.55759e-15 6.93227e-53
10 28 9 1  2.89251e-20 1.32222e-14 1.25859e-14 8.29372e-15 5.25572e-15
10 28 10 1  4.02711e-07 0.0118497 3.96508 1.42557 2.25189e-10
10 29 1 1  3.25845e-20 9.28884e-16 5.60999e-16 2.16984e-16 6.80904e-23
10 29 2 1  9.03183e-19 8.22941e-16 7.31853e-13 2.62202e-10 2.02834e-44
10 29 3 1  1.18058e-18 9.48257e-15 5.27012e-11 8.85176e-11 9.49984e-71
10 29 4 1  4.76548e-21 8.839e-16 4.10652e-16 1.82892e-16 1.40252e-16
10 29 5 1  1.88096e-17 7.47641e-11 7.8959e-11 1.69739e-11 8.66081e-12
10 29 6 1  5.70033e-17 1.91157e-11 3.17534e-10 1.04814e-12 2.9522e-126
10 29 7 1  1.17921e-15 3.89717e-11 4.17284e-11 2.51917e-11 1.16299e-29
10 29 8 1  7.40647e-22 2.68268e-16 2.79345e-15 2.69526e-15 3.5286e-53
10 29 9 1  1.80313e-20 8.05859e-15 7.42082e-15 5.34926e-15 3.37058e-15
10 29 10 1  3.76561e-07 0.00943425 2.03861 0.595143 6.27895e-11
10 30 1 1  2.14778e-20 1.25938e-15 5.40625e-16 2.2301e-16 4.71004e-23
10 30 2 1  1.20903e-18 5.53669e-16 5.9659e-13 2.83171e-10 1.77403e-44
10 30 3 1  1.0318e-18 9.32385e-15 4.51652e-11 8.92789e-11 8.6601e-71
10 30 4 1  6.61108e-21 9.03302e-16 4.04232e-16 1.81459e-16 1.3973e-16
10 30 5 1  3.97096e-17 6.05195e-11 8.93662e-11 2.73586e-11 1.02709e-11
10 30 6 1  3.61704e-17 2.07714e-11 3.41856e-10 9.51639e-13 2.72969e-126
10 30 7 1  1.23031e-15 3.83197e-11 4.08513e-11 2.55216e-11 1.09412e-29
10 30 8 1  1.27259e-21 2.54973e-16 3.37884e-15 2.71409e-15 3.12661e-53
10 30 9 1  1.63308e-20 8.30447e-15 7.40616e-15 5.62321e-15 3.62201e-15
10 30 10 1  2.57286e-07 0.0144891 2.47564 0.539654 3.52308e-11
10 31 1 1  1.2873e-20 1.05502e-15 4.90298e-16 1.74669e-16 2.5337e-23
10 31 2 1  3.56072e-18 5.36659e-16 4.2101e-13 2.65877e-10 1.42021e-44
10 31 3 1  8.03295e-19 8.01657e-15 3.62111e-11 8.09558e-11 7.22231e-71
10 31 4 1  7.20518e-21 1.02185e-15 3.98469e-16 1.76934e-16 1.37123e-16
10 31 5 1  1.41229e-17 6.45759e-11 8.32424e-11 3.42943e-11 1.19872e-11
10 31 6 1  2.64945e-17 1.71763e-11 3.37536e-10 7.90471e-13 2.30884e-126
10 31 7 1  1.18173e-15 3.50446e-11 3.6675e-11 2.36096e-11 9.41908e-30
10 31 8 1  7.8382e-22 2.96604e-16 3.37017e-15 2.51942e-15 2.48713e-53
10 31 9 1  1.46127e-20 7.26108e-15 6.70712e-15 5.2277e-15 3.47882e-15
10 31 10 1  6.85675e-08 0.0119227 3.24876 0.507578 1.80693e-11
10 32 1 1  9.6619e-21 8.68238e-16 4.54067e-16 1.46419e-16 1.38968e-23
10 32 2 1  8.23193e-19 1.47068e-15 3.69412e-13 2.69809e-10 1.28225e-44
10 32 3 1  9.17746e-19 7.50856e-15 3.31109e-11 8.18759e-11 6.80851e-71
10 32 4 1  6.377e-21 1.32324e-15 4.9072e-16 2.03888e-16 1.58081e-16
10 32 5 1  9.54494e-18 5.20306e-11 9.11521e-11 4.34125e-11 1.61531e-11
10 32 6 1  2.42851e-16 1.54969e-11 3.64625e-10 7.42012e-13 2.20954e-126
10 32 7 1  1.37409e-15 3.67182e-11 3.73845e-11 2.46965e-11 9.19007e-30
10 32 8 1  4.96391e-22 2.76482e-16 3.94001e-15 2.62586e-15 2.197e-53
10 32 9 1  1.37375e-20 7.07737e-15 6.62476e-15 5.3268e-15 3.66705e-15
10 32 10 1  7.71915e-08 0.00683732 3.5374 0.635812 1.04374e-11
10 33 1 1  3.90702e-21 3.65789e-16 2.23649e-16 7.19836e-17 4.3128e-24
10 33 2 1  4.00757e-18 3.75024e-16 2.87463e-13 1.37981e-10 5.93845e-45
10 33 3 1  6.70375e-18 3.88438e-15 1.55962e-11 4.21157e-11 3.2951e-71
10 33 4 1  2.91122e-21 7.65808e-16 3.28934e-16 1.28507e-16 9.69216e-17
10 33 5 1  2.94938e-17 2.06539e-11 4.70159e-11 2.68992e-11 1.09938e-11
10 33 6 1  8.12768e-17 2.43351e-11 1.96764e-10 3.57542e-13 1.08603e-126
10 33 7 1  8.454e-16 2.0316e-11 1.96687e-11 1.3261e-11 4.61063e-30
10 33 8 1  1.73121e-22 1.1606e-16 2.2261e-15 1.45761e-15 1.01353e-53
10 33 9 1  9.08372e-21 3.42764e-15 3.28617e-15 2.71539e-15 1.93849e-15
10 33 10 1  4.30673e-08 0.00260448 1.57632 0.414043 3.37402e-12
10 34 1 1  4.58438e-21 3.271e-16 2.26541e-16 8.14151e-17 3.07654e-24
10 34 2 1  1.71371e-18 1.71982e-15 2.76198e-13 1.58486e-10 5.83529e-45
10 34 3 1  4.53739e-18 2.62966e-14 1.58507e-11 4.56612e-11 3.3871e-71
10 34 4 1  2.87258e-21 8.71544e-16 4.44161e-16 1.78991e-16 1.2867e-16
10 34 5 1  5.63001e-17 4.27766e-11 4.85376e-11 3.35478e-11 1.55242e-11
10 34 6 1  1.4835e-16 3.10961e-11 2.84049e-10 3.65877e-13 1.13428e-126
10 34 7 1  1.11244e-15 2.46202e-11 2.21611e-11 1.51295e-11 4.9209e-30
10 34 8 1  2.18793e-22 9.86973e-17 2.4802e-15 1.74311e-15 1.00373e-53
10 34 9 1  2.23495e-20 4.18195e-15 3.53682e-15 3.00588e-15 2.22747e-15
10 34 10 1  6.01173e-08 0.00256216 1.48233 0.533484 2.57166e-12
10 35 1 1  8.97991e-21 1.89674e-16 1.33333e-16 5.35387e-17 1.32738e-24
10 35 2 1  1.24577e-19 7.09225e-16 3.55106e-13 1.02722e-10 3.32839e-45
10 35 3 1  2.03762e-18 1.93581e-14 1.94819e-11 2.86187e-11 2.02446e-71
10 35 4 1  1.76311e-21 5.45087e-16 3.21038e-16 1.41165e-16 9.91973e-17
10 35 5 1  2.65529e-17 4.8607e-11 3.507e-11 2.31801e-11 1.23874e-11
10 35 6 1  1.1422e-16 2.72763e-11 2.29404e-10 2.17669e-13 6.89235e-127
10 35 7 1  7.63191e-16 1.78027e-11 1.46847e-11 1.00477e-11 3.05937e-30
10 35 8 1  2.88619e-22 5.5616e-17 1.498e-15 1.18885e-15 5.73813e-54
10 35 9 1  1.26091e-20 4.58696e-15 2.38173e-15 1.97897e-15 1.5239e-15
10 35 10 1  2.90779e-08 0.00180944 0.852733 0.363141 1.1665e-12
10 36 1 1  6.01075e-21 9.44631e-17 3.95216e-17 1.76607e-17 2.98026e-25
10 36 2 1  3.36473e-19 6.9649e-17 1.03462e-13 3.35859e-11 8.4217e-46
10 36 3 1  3.94799e-19 5.12092e-15 8.00425e-12 8.50499e-12 5.36298e-72
10 36 4 1  5.13979e-21 1.51612e-16 9.801e-17 4.7809e-17 3.42757e-17
10 36 5 1  3.38402e-17 1.49724e-11 1.34044e-11 7.17259e-12 4.24351e-12
10 36 6 1  1.93012e-17 9.91318e-12 8.41896e-11 5.74026e-14 1.85539e-127
10 36 7 1  2.21718e-16 5.63965e-12 4.36747e-12 2.95624e-12 8.42331e-31
10 36 8 1  6.80081e-23 2.11585e-17 3.94479e-16 3.5114e-16 1.44749e-54
10 36 9 1  3.01196e-21 1.56905e-15 9.04434e-16 6.0226e-16 4.76202e-16
10 36 10 1  6.52728e-09 0.000454621 0.264987 0.119278 2.69364e-13
10 37 1 1  4.80485e-21 1.35493e-16 3.57403e-17 1.3961e-17 1.65663e-25
10 37 2 1  3.21909e-20 9.31897e-17 4.96174e-14 2.50883e-11 4.99871e-46
10 37 3 1  4.68242e-18 2.86449e-15 6.38093e-12 6.22373e-12 3.32382e-72
10 37 4 1  2.55223e-21 3.77661e-16 6.91593e-17 3.70611e-17 2.81239e-17
10 37 5 1  2.3437e-17 2.59807e-11 1.09653e-11 5.49117e-12 3.32725e-12
10 37 6 1  1.5248e-17 6.23674e-12 7.22545e-11 3.54271e-14 1.16719e-127
10 37 7 1  1.4669e-16 4.09649e-12 3.06684e-12 2.03283e-12 5.41188e-31
10 37 8 1  3.23383e-23 1.47227e-17 2.67812e-16 2.40877e-16 8.61291e-55
10 37 9 1  1.69808e-21 1.06188e-15 7.62603e-16 4.54735e-16 3.45485e-16
10 37 10 1  7.50959e-09 0.000252439 0.190281 0.0995654 1.60414e-13
10 38 1 1  2.82815e-21 1.18498e-16 3.7901e-17 1.02907e-17 8.22945e-26
10 38 2 1  2.64605e-20 2.22977e-17 2.92708e-14 1.5343e-11 2.64092e-46
10 38 3 1  1.43775e-18 9.78622e-15 4.01591e-12 4.11632e-12 1.83193e-72
10 38 4 1  1.14809e-21 2.93274e-16 8.03897e-17 2.47785e-17 2.03433e-17
10 38 5 1  2.22838e-18 2.15298e-11 1.15046e-11 3.81135e-12 2.30724e-12
10 38 6 1  4.6335e-18 3.76001e-12 5.07132e-11 1.94464e-14 6.5259e-128
10 38 7 1  8.48682e-17 2.59216e-12 1.92608e-12 1.24404e-12 3.08808e-31
10 38 8 1  1.26431e-23 7.86747e-18 1.65638e-16 1.49064e-16 4.62561e-55
10 38 9 1  7.74218e-22 5.7608e-16 5.04084e-16 3.06096e-16 2.17152e-16
10 38 10 1  3.06341e-09 0.000193874 0.114318 0.0724319 8.67059e-14
10 39 1 1  7.35786e-22 5.04752e-17 2.22642e-17 5.46236e-18 2.57361e-26
10 39 2 1  9.34275e-21 5.51748e-18 7.5877e-15 5.5328e-12 8.29129e-47
10 39 3 1  2.69422e-19 3.63572e-15 3.47971e-12 1.60543e-12 6.01895e-73
10 39 4 1  3.11292e-22 1.097e-16 4.40955e-17 1.26146e-17 8.6529e-18
10 39 5 1  4.51527e-18 5.22624e-12 6.31433e-12 1.82429e-12 9.55451e-13
10 39 6 1  3.26048e-18 1.10514e-12 2.04338e-11 6.36158e-15 2.17702e-128
10 39 7 1  2.8825e-17 9.60704e-13 7.2403e-13 4.55807e-13 1.05278e-31
10 39 8 1  3.22754e-24 2.28292e-18 5.98081e-17 5.588e-17 1.5045e-55
10 39 9 1  2.23562e-22 1.75264e-16 1.84338e-16 1.22058e-16 8.22537e-17
10 39 10 1  1.04718e-09 6.03159e-05 0.0450898 0.0306686 2.85796e-14
10 40 1 1  6.72364e-22 5.09574e-17 3.30186e-17 9.14807e-18 2.43239e-26
10 40 2 1  1.17033e-20 4.99195e-18 5.62635e-15 5.52247e-12 7.53327e-47
10 40 3 1  1.54006e-19 3.0616e-15 5.23911e-12 2.20868e-12 5.73534e-73
10 40 4 1  2.48935e-22 1.08229e-16 5.81152e-17 1.93632e-17 1.11489e-17
10 40 5 1  2.44278e-18 7.25138e-12 7.11865e-12 2.68018e-12 1.18173e-12
10 40 6 1  1.31156e-17 1.22674e-12 2.24308e-11 6.0343e-15 2.10777e-128
10 40 7 1  2.94908e-17 1.01685e-12 7.89732e-13 4.86342e-13 1.04303e-31
10 40 8 1  2.71374e-24 1.87689e-18 6.05096e-17 6.12974e-17 1.43882e-55
10 40 9 1  2.1241e-22 1.52289e-16 1.84191e-16 1.37585e-16 9.13076e-17
10 40 10 1  1.23172e-09 5.7556e-05 0.0484162 0.0375513 2.76652e-14
10 41 1 1  4.34021e-22 3.26272e-17 2.74038e-17 9.68672e-18 1.52952e-26
10 41 2 1  2.27882e-20 3.6943e-18 2.85772e-15 3.49231e-12 4.46716e-47
10 41 3 1  6.17136e-20 1.52541e-15 4.02228e-12 2.04552e-12 3.569e-73
10 41 4 1  1.3427e-22 6.66443e-17 4.46906e-17 1.80899e-17 9.89992e-18
10 41 5 1  1.01528e-18 4.31948e-12 5.6351e-12 2.31505e-12 9.92149e-13
10 41 6 1  4.27298e-18 1.82261e-12 1.61065e-11 3.73771e-15 1.33309e-128
10 41 7 1  2.03896e-17 7.00629e-13 5.61451e-13 3.39982e-13 6.75637e-32
10 41 8 1  2.22288e-24 1.02137e-18 3.86733e-17 4.3671e-17 9.02491e-56
10 41 9 1  1.48122e-22 8.87959e-17 1.15047e-16 9.75594e-17 6.62291e-17
10 41 10 1  3.21241e-09 4.06846e-05 0.0330606 0.0293507 1.75467e-14
10 42 1 1  1.7754e-21 1.04725e-17 1.04201e-17 4.70683e-18 4.83899e-27
10 42 2 1  9.2617e-21 3.01356e-18 8.03423e-16 1.07395e-12 1.31245e-47
10 42 3 1  1.42223e-20 3.59837e-16 1.3362e-12 8.83454e-13 1.10327e-73
10 42 4 1  3.8379e-23 2.0028e-17 1.59841e-17 7.76965e-18 4.48616e-18
10 42 5 1  8.83834e-19 1.14375e-12 2.00954e-12 9.63483e-13 4.17344e-13
10 42 6 1  8.91799e-18 5.97582e-13 6.7586e-12 1.14978e-15 4.1925e-129
10 42 7 1  7.37034e-18 2.41013e-13 1.98093e-13 1.18588e-13 2.18052e-32
10 42 8 1  1.19564e-24 3.20388e-19 1.20798e-17 1.54013e-17 2.83771e-56
10 42 9 1  5.53301e-23 2.81988e-17 3.60145e-17 3.41567e-17 2.44404e-17
10 42 10 1  1.93428e-09 3.79494e-05 0.0114176 0.0112144 5.57564e-15
full time series of predicted survey index
survey year spp area pred_survey
1 1 1 1 22962.9
1 1 2 1 234.977
1 1 3 1 136.534
1 1 4 1 1487.45
1 1 5 1 6713.98
1 1 6 1 2706.5
1 1 7 1 279172
1 1 8 1 7964.94
1 1 9 1 47359.4
1 1 10 1 4334.19
1 2 1 1 23079.2
1 2 2 1 213.498
1 2 3 1 117.774
1 2 4 1 1554.93
1 2 5 1 7494.5
1 2 6 1 2651.86
1 2 7 1 254728
1 2 8 1 7984.71
1 2 9 1 49887.4
1 2 10 1 4277.32
1 3 1 1 20843.4
1 3 2 1 183.588
1 3 3 1 102.638
1 3 4 1 1572.34
1 3 5 1 8099.77
1 3 6 1 2677.17
1 3 7 1 232835
1 3 8 1 7112.95
1 3 9 1 49921.6
1 3 10 1 4274.74
1 4 1 1 21771.8
1 4 2 1 155.861
1 4 3 1 90.8912
1 4 4 1 1557.15
1 4 5 1 8465.77
1 4 6 1 2696.43
1 4 7 1 213012
1 4 8 1 6784.01
1 4 9 1 49336.7
1 4 10 1 4815.75
1 5 1 1 19957
1 5 2 1 136.828
1 5 3 1 82.5767
1 5 4 1 1522.42
1 5 5 1 8665.65
1 5 6 1 2626.3
1 5 7 1 195646
1 5 8 1 6573.62
1 5 9 1 48256
1 5 10 1 4343.31
1 6 1 1 18830.3
1 6 2 1 127.929
1 6 3 1 75.4359
1 6 4 1 1486.81
1 6 5 1 8780.1
1 6 6 1 2472.79
1 6 7 1 179402
1 6 8 1 6037.18
1 6 9 1 47209.9
1 6 10 1 3183.54
1 7 1 1 18650.8
1 7 2 1 138.738
1 7 3 1 71.0137
1 7 4 1 1443.42
1 7 5 1 8780.82
1 7 6 1 2408.62
1 7 7 1 165108
1 7 8 1 5601.74
1 7 9 1 46699.8
1 7 10 1 2823.98
1 8 1 1 16097.4
1 8 2 1 199.228
1 8 3 1 68.8172
1 8 4 1 1374.41
1 8 5 1 8960.57
1 8 6 1 2498.73
1 8 7 1 152203
1 8 8 1 5116.5
1 8 9 1 45152.9
1 8 10 1 2457.92
1 9 1 1 15801.1
1 9 2 1 399.579
1 9 3 1 69.4431
1 9 4 1 1309.57
1 9 5 1 9012.07
1 9 6 1 2530.19
1 9 7 1 141332
1 9 8 1 4906.83
1 9 9 1 43707
1 9 10 1 1950.12
1 10 1 1 14704.2
1 10 2 1 716.448
1 10 3 1 72.8286
1 10 4 1 1242.57
1 10 5 1 9089.77
1 10 6 1 2494.11
1 10 7 1 175271
1 10 8 1 4607.94
1 10 9 1 42004.9
1 10 10 1 1530.54
1 11 1 1 13724.6
1 11 2 1 985.685
1 11 3 1 77.6442
1 11 4 1 1156.32
1 11 5 1 9166.98
1 11 6 1 2387.69
1 11 7 1 193199
1 11 8 1 4216.28
1 11 9 1 39941.2
1 11 10 1 2451.3
1 12 1 1 13028.2
1 12 2 1 1224.76
1 12 3 1 84.2687
1 12 4 1 1034.97
1 12 5 1 9185.44
1 12 6 1 2386.75
1 12 7 1 206855
1 12 8 1 4025.27
1 12 9 1 39371.1
1 12 10 1 3965.22
1 13 1 1 10295.3
1 13 2 1 1326.92
1 13 3 1 112.308
1 13 4 1 915.831
1 13 5 1 9157.84
1 13 6 1 2335.82
1 13 7 1 215049
1 13 8 1 3737.24
1 13 9 1 36584.9
1 13 10 1 2591.22
1 14 1 1 7486.79
1 14 2 1 1341.31
1 14 3 1 146.495
1 14 4 1 860.104
1 14 5 1 9150.76
1 14 6 1 2742.56
1 14 7 1 219037
1 14 8 1 3305.14
1 14 9 1 33958.7
1 14 10 1 2032.18
1 15 1 1 5321.29
1 15 2 1 1391.32
1 15 3 1 177.164
1 15 4 1 795.892
1 15 5 1 9194.62
1 15 6 1 3005.81
1 15 7 1 220272
1 15 8 1 2988.93
1 15 9 1 31877.2
1 15 10 1 1588.37
1 16 1 1 3503.17
1 16 2 1 1430.23
1 16 3 1 198.654
1 16 4 1 705.678
1 16 5 1 9369.46
1 16 6 1 3053.27
1 16 7 1 218719
1 16 8 1 2503.64
1 16 9 1 30441.9
1 16 10 1 1455.35
1 17 1 1 2551.53
1 17 2 1 1396.85
1 17 3 1 208.197
1 17 4 1 660.024
1 17 5 1 9499.5
1 17 6 1 2911.55
1 17 7 1 214164
1 17 8 1 3168.33
1 17 9 1 29545.4
1 17 10 1 1462.76
1 18 1 1 3448.02
1 18 2 1 1459.89
1 18 3 1 296.288
1 18 4 1 615.877
1 18 5 1 9623.08
1 18 6 1 2720.31
1 18 7 1 208159
1 18 8 1 3722
1 18 9 1 30282.4
1 18 10 1 2421.78
1 19 1 1 3962.16
1 19 2 1 1723.29
1 19 3 1 409.977
1 19 4 1 582.274
1 19 5 1 10046.4
1 19 6 1 2555.78
1 19 7 1 202871
1 19 8 1 4068.51
1 19 9 1 30572.1
1 19 10 1 3383.89
1 20 1 1 4016.08
1 20 2 1 1858.25
1 20 3 1 507.252
1 20 4 1 547.776
1 20 5 1 10403.2
1 20 6 1 2629.54
1 20 7 1 196628
1 20 8 1 4046.98
1 20 9 1 32773.7
1 20 10 1 4640.64
1 21 1 1 4178.34
1 21 2 1 1819.84
1 21 3 1 613.869
1 21 4 1 535.848
1 21 5 1 10747.6
1 21 6 1 2652.5
1 21 7 1 189832
1 21 8 1 4623.71
1 21 9 1 33980.1
1 21 10 1 6035.25
1 22 1 1 4037.37
1 22 2 1 1774.26
1 22 3 1 695.46
1 22 4 1 508.685
1 22 5 1 10965
1 22 6 1 2557.96
1 22 7 1 182009
1 22 8 1 5164.03
1 22 9 1 35345.1
1 22 10 1 6424.98
1 23 1 1 4102.46
1 23 2 1 1896.18
1 23 3 1 750.838
1 23 4 1 488.461
1 23 5 1 11545.1
1 23 6 1 2523.74
1 23 7 1 174508
1 23 8 1 5376.77
1 23 9 1 37047.7
1 23 10 1 5486.67
1 24 1 1 3579.1
1 24 2 1 1947.98
1 24 3 1 773.748
1 24 4 1 473.745
1 24 5 1 12293.8
1 24 6 1 2488.08
1 24 7 1 167039
1 24 8 1 4983.17
1 24 9 1 33882.8
1 24 10 1 4381.98
1 25 1 1 3155.59
1 25 2 1 1851.17
1 25 3 1 763.074
1 25 4 1 452.527
1 25 5 1 13392.3
1 25 6 1 2472.97
1 25 7 1 159197
1 25 8 1 4639.66
1 25 9 1 35268
1 25 10 1 3544.16
1 26 1 1 2327.97
1 26 2 1 1765.9
1 26 3 1 741.226
1 26 4 1 413.07
1 26 5 1 17967.4
1 26 6 1 2531.11
1 26 7 1 152111
1 26 8 1 4072.77
1 26 9 1 31568.3
1 26 10 1 3017.75
1 27 1 1 2274.33
1 27 2 1 1794.17
1 27 3 1 710.833
1 27 4 1 397.506
1 27 5 1 24146.7
1 27 6 1 2682.71
1 27 7 1 145581
1 27 8 1 3621.08
1 27 9 1 32173
1 27 10 1 1723.55
1 28 1 1 2374.88
1 28 2 1 1835.54
1 28 3 1 670.777
1 28 4 1 363.665
1 28 5 1 29250.9
1 28 6 1 2770.82
1 28 7 1 139194
1 28 8 1 3493.21
1 28 9 1 33080
1 28 10 1 1245.92
1 29 1 1 2528.28
1 29 2 1 1786.73
1 29 3 1 622.412
1 29 4 1 329.04
1 29 5 1 33719.8
1 29 6 1 2845.95
1 29 7 1 132761
1 29 8 1 3505.89
1 29 9 1 34074.7
1 29 10 1 1377.28
1 30 1 1 2396.43
1 30 2 1 1692.68
1 30 3 1 577.134
1 30 4 1 339.113
1 30 5 1 38695.4
1 30 6 1 2855.38
1 30 7 1 127053
1 30 8 1 3623.72
1 30 9 1 33246.4
1 30 10 1 1574.58
1 31 1 1 1920.18
1 31 2 1 1586.85
1 31 3 1 528.901
1 31 4 1 365.76
1 31 5 1 42519.7
1 31 6 1 2774.14
1 31 7 1 121573
1 31 8 1 3568.71
1 31 9 1 32601.6
1 31 10 1 1548.65
1 32 1 1 1523.25
1 32 2 1 1518.5
1 32 3 1 481.452
1 32 4 1 402.934
1 32 5 1 45249
1 32 6 1 3393.83
1 32 7 1 116645
1 32 8 1 3448.89
1 32 9 1 29729.7
1 32 10 1 1261.19
1 33 1 1 1375.05
1 33 2 1 1492.64
1 33 3 1 481.899
1 33 4 1 449.347
1 33 5 1 48922
1 33 6 1 3974.38
1 33 7 1 112453
1 33 8 1 3350.81
1 33 9 1 27978.5
1 33 10 1 1172.79
1 34 1 1 1145.51
1 34 2 1 1555.8
1 34 3 1 502.787
1 34 4 1 489.503
1 34 5 1 54279.8
1 34 6 1 4772.59
1 34 7 1 108989
1 34 8 1 3163.52
1 34 9 1 27519.2
1 34 10 1 1024.13
1 35 1 1 1200.4
1 35 2 1 1583.87
1 35 3 1 524.328
1 35 4 1 513.546
1 35 5 1 59529.5
1 35 6 1 5689.11
1 35 7 1 105915
1 35 8 1 2991.65
1 35 9 1 28259.2
1 35 10 1 977.163
1 36 1 1 1657.02
1 36 2 1 1541.14
1 36 3 1 539.728
1 36 4 1 688.806
1 36 5 1 72815.1
1 36 6 1 6270.49
1 36 7 1 103324
1 36 8 1 2836.43
1 36 9 1 30326.7
1 36 10 1 1039.84
1 37 1 1 2271.53
1 37 2 1 1466.29
1 37 3 1 725.163
1 37 4 1 853.503
1 37 5 1 91010
1 37 6 1 6718.02
1 37 7 1 101016
1 37 8 1 2739.05
1 37 9 1 31013.8
1 37 10 1 1104.4
1 38 1 1 3068.22
1 38 2 1 1348.91
1 38 3 1 958.771
1 38 4 1 1031.5
1 38 5 1 104616
1 38 6 1 6777.11
1 38 7 1 98839.7
1 38 8 1 2633.17
1 38 9 1 30902.6
1 38 10 1 1179.22
1 39 1 1 3900.27
1 39 2 1 1187.47
1 39 3 1 1145.35
1 39 4 1 1209.01
1 39 5 1 121436
1 39 6 1 6777.97
1 39 7 1 96503.9
1 39 8 1 2541.25
1 39 9 1 30795.3
1 39 10 1 1246.3
1 40 1 1 4743.48
1 40 2 1 1034.81
1 40 3 1 1269.23
1 40 4 1 1377.38
1 40 5 1 136186
1 40 6 1 8055.51
1 40 7 1 94319.1
1 40 8 1 2432.06
1 40 9 1 29901.4
1 40 10 1 1295.93
1 41 1 1 5483.6
1 41 2 1 893.943
1 41 3 1 1311.53
1 41 4 1 1544.81
1 41 5 1 147293
1 41 6 1 8821.25
1 41 7 1 92172.7
1 41 8 1 2313.62
1 41 9 1 28950.9
1 41 10 1 1403.92
1 42 1 1 8357.67
1 42 2 1 792.585
1 42 3 1 1292.48
1 42 4 1 1700.91
1 42 5 1 158847
1 42 6 1 13062.6
1 42 7 1 90206.8
1 42 8 1 2220.04
1 42 9 1 28999.6
1 42 10 1 1687.59
2 1 1 1 40328.3
2 1 2 1 240.907
2 1 3 1 438.826
2 1 4 1 544.853
2 1 5 1 10066.3
2 1 6 1 1888.61
2 1 7 1 24795.3
2 1 8 1 3858.46
2 1 9 1 30958
2 1 10 1 2903.23
2 2 1 1 40805.6
2 2 2 1 222.023
2 2 3 1 380.426
2 2 4 1 570.937
2 2 5 1 11308.9
2 2 6 1 1838.24
2 2 7 1 22652.3
2 2 8 1 3960.58
2 2 9 1 32686.3
2 2 10 1 2900.58
2 3 1 1 36938.6
2 3 2 1 191.655
2 3 3 1 332.34
2 3 4 1 578.054
2 3 5 1 12313.6
2 3 6 1 1839.27
2 3 7 1 20719.5
2 3 8 1 3577.75
2 3 9 1 32738.9
2 3 10 1 2799.47
2 4 1 1 38087.7
2 4 2 1 163.028
2 4 3 1 294.07
2 4 4 1 572.822
2 4 5 1 12962.5
2 4 6 1 1843.66
2 4 7 1 18960.5
2 4 8 1 3366.38
2 4 9 1 32367.5
2 4 10 1 3210.53
2 5 1 1 34965.4
2 5 2 1 143.149
2 5 3 1 266.425
2 5 4 1 560.069
2 5 5 1 13338.6
2 5 6 1 1800.25
2 5 7 1 17414.6
2 5 8 1 3278.2
2 5 9 1 31664.1
2 5 10 1 2911.04
2 6 1 1 33112.9
2 6 2 1 133.664
2 6 3 1 242.65
2 6 4 1 546.851
2 6 5 1 13535.2
2 6 6 1 1697.87
2 6 7 1 15966.2
2 6 8 1 3035.43
2 6 9 1 30980
2 6 10 1 2134.64
2 7 1 1 32876.4
2 7 2 1 144.242
2 7 3 1 227.393
2 7 4 1 530.692
2 7 5 1 13569.8
2 7 6 1 1643.65
2 7 7 1 14690.5
2 7 8 1 2814.87
2 7 9 1 30643.2
2 7 10 1 1927.46
2 8 1 1 28435.1
2 8 2 1 207.915
2 8 3 1 219.045
2 8 4 1 505.124
2 8 5 1 13787.4
2 8 6 1 1684.88
2 8 7 1 13538.4
2 8 8 1 2582.5
2 8 9 1 29622.9
2 8 10 1 1679.26
2 9 1 1 27727.7
2 9 2 1 412.42
2 9 3 1 219.721
2 9 4 1 481.09
2 9 5 1 13900.4
2 9 6 1 1711.15
2 9 7 1 12566.3
2 9 8 1 2467.39
2 9 9 1 28673.6
2 9 10 1 1324.27
2 10 1 1 25834.8
2 10 2 1 724.574
2 10 3 1 229.296
2 10 4 1 456.288
2 10 5 1 14028.7
2 10 6 1 1696.17
2 10 7 1 15141.8
2 10 8 1 2317.11
2 10 9 1 27559
2 10 10 1 1037.05
2 11 1 1 23920
2 11 2 1 1017.1
2 11 3 1 243.59
2 11 4 1 424.398
2 11 5 1 14150.9
2 11 6 1 1630.36
2 11 7 1 16702.2
2 11 8 1 2130.28
2 11 9 1 26205.4
2 11 10 1 1534.83
2 12 1 1 22773.6
2 12 2 1 1259.23
2 12 3 1 263.47
2 12 4 1 379.637
2 12 5 1 14198.9
2 12 6 1 1618
2 12 7 1 17942.2
2 12 8 1 2026
2 12 9 1 25831.3
2 12 10 1 2601.04
2 13 1 1 18036.7
2 13 2 1 1373.21
2 13 3 1 341.701
2 13 4 1 335.708
2 13 5 1 14166.2
2 13 6 1 1584.38
2 13 7 1 18726.8
2 13 8 1 1882.9
2 13 9 1 24000.3
2 13 10 1 1733.05
2 14 1 1 13123.1
2 14 2 1 1398.52
2 14 3 1 442.352
2 14 4 1 314.121
2 14 5 1 14147.6
2 14 6 1 1811.47
2 14 7 1 19143.7
2 14 8 1 1672.13
2 14 9 1 22269.5
2 14 10 1 1383.3
2 15 1 1 9319.82
2 15 2 1 1446.5
2 15 3 1 539.066
2 15 4 1 289.74
2 15 5 1 14199.7
2 15 6 1 1999.82
2 15 7 1 19309.6
2 15 8 1 1511.27
2 15 9 1 20887.1
2 15 10 1 1087.41
2 16 1 1 6128.33
2 16 2 1 1483.8
2 16 3 1 611.437
2 16 4 1 256.262
2 16 5 1 14422.5
2 16 6 1 2051.92
2 16 7 1 19219.6
2 16 8 1 1267.91
2 16 9 1 19921.6
2 16 10 1 972.054
2 17 1 1 4441.35
2 17 2 1 1455.82
2 17 3 1 647.995
2 17 4 1 239.411
2 17 5 1 14619.5
2 17 6 1 1971.26
2 17 7 1 18855.7
2 17 8 1 1520.04
2 17 9 1 19298
2 17 10 1 958.952
2 18 1 1 5863.6
2 18 2 1 1526.57
2 18 3 1 892.876
2 18 4 1 223.104
2 18 5 1 14808.7
2 18 6 1 1846.08
2 18 7 1 18351.4
2 18 8 1 1802.33
2 18 9 1 19721.2
2 18 10 1 1575.51
2 19 1 1 6823.96
2 19 2 1 1772.78
2 19 3 1 1226.84
2 19 4 1 210.546
2 19 5 1 15385
2 19 6 1 1737.06
2 19 7 1 17900.3
2 19 8 1 1998.61
2 19 9 1 19882.5
2 19 10 1 2276.36
2 20 1 1 6980.64
2 20 2 1 1923.3
2 20 3 1 1534.52
2 20 4 1 197.551
2 20 5 1 15946.1
2 20 6 1 1762.42
2 20 7 1 17363.4
2 20 8 1 2014.57
2 20 9 1 21309.6
2 20 10 1 3081.43
2 21 1 1 7293.66
2 21 2 1 1895.1
2 21 3 1 1869.47
2 21 4 1 192.869
2 21 5 1 16489.8
2 21 6 1 1781.48
2 21 7 1 16776.1
2 21 8 1 2253.97
2 21 9 1 22106.9
2 21 10 1 4076.52
2 22 1 1 7063.67
2 22 2 1 1859.17
2 22 3 1 2136.13
2 22 4 1 182.855
2 22 5 1 16864.2
2 22 6 1 1727.73
2 22 7 1 16097
2 22 8 1 2538.15
2 22 9 1 23013
2 22 10 1 4426.35
2 23 1 1 7156.99
2 23 2 1 1962.05
2 23 3 1 2330.79
2 23 4 1 175.494
2 23 5 1 17665.8
2 23 6 1 1701.36
2 23 7 1 15443.3
2 23 8 1 2675.19
2 23 9 1 24129.4
2 23 10 1 3828.86
2 24 1 1 6247.1
2 24 2 1 2022.53
2 24 3 1 2427.65
2 24 4 1 170.247
2 24 5 1 18761
2 24 6 1 1677.75
2 24 7 1 14790
2 24 8 1 2506.12
2 24 9 1 22000.3
2 24 10 1 3074.92
2 25 1 1 5524.61
2 25 2 1 1931.07
2 25 3 1 2417.46
2 25 4 1 162.775
2 25 5 1 20338.7
2 25 6 1 1664.24
2 25 7 1 14102.6
2 25 8 1 2351.83
2 25 9 1 22903.8
2 25 10 1 2495.37
2 26 1 1 4076.05
2 26 2 1 1849.95
2 26 3 1 2366.95
2 26 4 1 148.565
2 26 5 1 26337.6
2 26 6 1 1699.14
2 26 7 1 13480
2 26 8 1 2076.74
2 26 9 1 20533.2
2 26 10 1 2127.63
2 27 1 1 3990.42
2 27 2 1 1868.82
2 27 3 1 2284.31
2 27 4 1 142.998
2 27 5 1 35288.2
2 27 6 1 1793.91
2 27 7 1 12904.9
2 27 8 1 1854.36
2 27 9 1 20954.2
2 27 10 1 1200.99
2 28 1 1 4167.55
2 28 2 1 1908.76
2 28 3 1 2166.3
2 28 4 1 130.864
2 28 5 1 43505.5
2 28 6 1 1859.02
2 28 7 1 12341.5
2 28 8 1 1769.8
2 28 9 1 21558
2 28 10 1 851.539
2 29 1 1 4419.11
2 29 2 1 1862.93
2 29 3 1 2017.31
2 29 4 1 118.335
2 29 5 1 50718.7
2 29 6 1 1908.86
2 29 7 1 11773.2
2 29 8 1 1774.99
2 29 9 1 22215.7
2 29 10 1 925.68
2 30 1 1 4194.34
2 30 2 1 1769.24
2 30 3 1 1875.31
2 30 4 1 121.585
2 30 5 1 58399
2 30 6 1 1923.48
2 30 7 1 11267
2 30 8 1 1825.74
2 30 9 1 21690.6
2 30 10 1 1060.63
2 31 1 1 3364.22
2 31 2 1 1661.9
2 31 3 1 1722.15
2 31 4 1 130.834
2 31 5 1 64677.4
2 31 6 1 1876.17
2 31 7 1 10780.1
2 31 8 1 1799.73
2 31 9 1 21281.9
2 31 10 1 1060.45
2 32 1 1 2672.15
2 32 2 1 1583.74
2 32 3 1 1569.98
2 32 4 1 144.417
2 32 5 1 69284.5
2 32 6 1 2223.07
2 32 7 1 10339.6
2 32 8 1 1746.5
2 32 9 1 19418.6
2 32 10 1 874.234
2 33 1 1 2418.72
2 33 2 1 1562.53
2 33 3 1 1547.81
2 33 4 1 161.616
2 33 5 1 74703.2
2 33 6 1 2614.26
2 33 7 1 9962.17
2 33 8 1 1705.28
2 33 9 1 18269.8
2 33 10 1 821.191
2 34 1 1 2015.43
2 34 2 1 1615.22
2 34 3 1 1593.08
2 34 4 1 176.708
2 34 5 1 82369.2
2 34 6 1 3129.17
2 34 7 1 9647.46
2 34 8 1 1615.6
2 34 9 1 17903.3
2 34 10 1 718.844
2 35 1 1 2095.6
2 35 2 1 1644.62
2 35 3 1 1653.43
2 35 4 1 185.956
2 35 5 1 90389.5
2 35 6 1 3731.2
2 35 7 1 9370.24
2 35 8 1 1526.13
2 35 9 1 18360.6
2 35 10 1 688.369
2 36 1 1 2862.66
2 36 2 1 1608.54
2 36 3 1 1704.23
2 36 4 1 242.751
2 36 5 1 108468
2 36 6 1 4158.27
2 36 7 1 9137.93
2 36 8 1 1446.93
2 36 9 1 19712.9
2 36 10 1 738.099
2 37 1 1 3924.83
2 37 2 1 1529.96
2 37 3 1 2215.4
2 37 4 1 301.203
2 37 5 1 134809
2 37 6 1 4476.76
2 37 7 1 8932.68
2 37 8 1 1399.59
2 37 9 1 20186
2 37 10 1 786.818
2 38 1 1 5330.66
2 38 2 1 1410.98
2 38 3 1 2899.33
2 38 4 1 366.542
2 38 5 1 157198
2 38 6 1 4555.31
2 38 7 1 8740.61
2 38 8 1 1349.36
2 38 9 1 20149.4
2 38 10 1 843.762
2 39 1 1 6827.87
2 39 2 1 1244.37
2 39 3 1 3492.38
2 39 4 1 432.92
2 39 5 1 182455
2 39 6 1 4555.1
2 39 7 1 8536.07
2 39 8 1 1306.46
2 39 9 1 20114.2
2 39 10 1 896.07
2 40 1 1 8347.14
2 40 2 1 1085.62
2 40 3 1 3920.22
2 40 4 1 496.547
2 40 5 1 206003
2 40 6 1 5290.84
2 40 7 1 8344.51
2 40 8 1 1254.09
2 40 9 1 19557.8
2 40 10 1 935.097
2 41 1 1 9682.07
2 41 2 1 938.645
2 41 3 1 4103.35
2 41 4 1 559.945
2 41 5 1 224407
2 41 6 1 5843.8
2 41 7 1 8155.82
2 41 8 1 1195.56
2 41 9 1 18954.6
2 41 10 1 1005.53
2 42 1 1 14427.8
2 42 2 1 830.746
2 42 3 1 4089.13
2 42 4 1 619.098
2 42 5 1 242291
2 42 6 1 8354.93
2 42 7 1 7981.8
2 42 8 1 1147.81
2 42 9 1 18997.4
2 42 10 1 1190.82
full time series of predicted catch
fleet year spp area pred_catch
1 1 1 1 17375.6
1 1 2 1 2.60981e-10
1 1 3 1 1.56812e-09
1 1 4 1 1.12243e-11
1 1 5 1 1.58347e-08
1 1 6 1 6.27105e-08
1 1 7 1 1.98808e-07
1 1 8 1 1.60151e-12
1 1 9 1 3.78603e-11
1 1 10 1 5.41402e-13
1 2 1 1 18645
1 2 2 1 1.03677e-09
1 2 3 1 1.18032e-09
1 2 4 1 1.08043e-11
1 2 5 1 1.66499e-08
1 2 6 1 4.30245e-08
1 2 7 1 1.54425e-07
1 2 8 1 2.95877e-12
1 2 9 1 3.52365e-11
1 2 10 1 3.82974e-13
1 3 1 1 25184
1 3 2 1 1.51519e-09
1 3 3 1 1.39384e-09
1 3 4 1 1.49823e-11
1 3 5 1 2.59247e-08
1 3 6 1 4.93853e-08
1 3 7 1 1.86166e-07
1 3 8 1 5.31328e-12
1 3 9 1 4.826e-11
1 3 10 1 4.73039e-13
1 4 1 1 20605.4
1 4 2 1 1.21501e-09
1 4 3 1 1.1002e-09
1 4 4 1 1.34446e-11
1 4 5 1 2.60365e-08
1 4 6 1 3.86757e-08
1 4 7 1 1.50855e-07
1 4 8 1 5.03659e-12
1 4 9 1 4.27551e-11
1 4 10 1 3.32923e-13
1 5 1 1 31951.1
1 5 2 1 1.87355e-09
1 5 3 1 1.73249e-09
1 5 4 1 2.36209e-11
1 5 5 1 5.04734e-08
1 5 6 1 6.19907e-08
1 5 7 1 2.45104e-07
1 5 8 1 8.70087e-12
1 5 9 1 7.48619e-11
1 5 10 1 5.35374e-13
1 6 1 1 24476.3
1 6 2 1 1.2889e-09
1 6 3 1 1.23235e-09
1 6 4 1 1.85376e-11
1 6 5 1 4.2718e-08
1 6 6 1 4.53348e-08
1 6 7 1 1.79949e-07
1 6 8 1 6.7792e-12
1 6 9 1 5.88599e-11
1 6 10 1 4.38655e-13
1 7 1 1 16850.2
1 7 2 1 7.65982e-10
1 7 3 1 7.46594e-10
1 7 4 1 1.2227e-11
1 7 5 1 2.97263e-08
1 7 6 1 2.76865e-08
1 7 7 1 1.11706e-07
1 7 8 1 4.44946e-12
1 7 9 1 3.92989e-11
1 7 10 1 2.42675e-13
1 8 1 1 26077.2
1 8 2 1 1.17926e-09
1 8 3 1 1.0972e-09
1 8 4 1 1.89787e-11
1 8 5 1 4.8756e-08
1 8 6 1 4.01766e-08
1 8 7 1 1.65837e-07
1 8 8 1 6.84837e-12
1 8 9 1 6.21791e-11
1 8 10 1 4.86615e-13
1 9 1 1 18454
1 9 2 1 1.03448e-09
1 9 3 1 7.95868e-10
1 9 4 1 1.40918e-11
1 9 5 1 3.81887e-08
1 9 6 1 2.88906e-08
1 9 7 1 1.19412e-07
1 9 8 1 5.09516e-12
1 9 9 1 4.69939e-11
1 9 10 1 3.38294e-13
1 10 1 1 21092.4
1 10 2 1 1.90988e-09
1 10 3 1 9.67243e-10
1 10 4 1 1.68669e-11
1 10 5 1 4.90271e-08
1 10 6 1 3.55527e-08
1 10 7 1 1.39909e-07
1 10 8 1 6.06774e-12
1 10 9 1 5.72737e-11
1 10 10 1 2.90011e-13
1 11 1 1 26245.8
1 11 2 1 5.50742e-09
1 11 3 1 1.3496e-09
1 11 4 1 2.20471e-11
1 11 5 1 6.9274e-08
1 11 6 1 4.82123e-08
1 11 7 1 1.98047e-07
1 11 8 1 7.88398e-12
1 11 9 1 7.6505e-11
1 11 10 1 3.13397e-13
1 12 1 1 21946.3
1 12 2 1 9.98834e-09
1 12 3 1 1.31241e-09
1 12 4 1 1.89524e-11
1 12 5 1 6.61822e-08
1 12 6 1 4.32492e-08
1 12 7 1 2.02698e-07
1 12 8 1 7.04665e-12
1 12 9 1 7.00424e-11
1 12 10 1 2.15883e-13
1 13 1 1 29342.1
1 13 2 1 1.94402e-08
1 13 3 1 2.05226e-09
1 13 4 1 2.50826e-11
1 13 5 1 9.97468e-08
1 13 6 1 6.00676e-08
1 13 7 1 3.30669e-07
1 13 8 1 9.8953e-12
1 13 9 1 1.00274e-10
1 13 10 1 3.02304e-13
1 14 1 1 26031.2
1 14 2 1 2.75684e-08
1 14 3 1 2.48014e-09
1 14 4 1 2.56602e-11
1 14 5 1 1.13981e-07
1 14 6 1 6.53989e-08
1 14 7 1 4.0504e-07
1 14 8 1 1.0337e-11
1 14 9 1 1.06094e-10
1 14 10 1 5.34872e-13
1 15 1 1 19731.8
1 15 2 1 3.1233e-08
1 15 3 1 2.89686e-09
1 15 4 1 2.44523e-11
1 15 5 1 1.19793e-07
1 15 6 1 6.57843e-08
1 15 7 1 4.48739e-07
1 15 8 1 9.92765e-12
1 15 9 1 1.0381e-10
1 15 10 1 7.38045e-13
1 16 1 1 15475.5
1 16 2 1 3.62928e-08
1 16 3 1 4.29816e-09
1 16 4 1 2.51818e-11
1 16 5 1 1.39571e-07
1 16 6 1 8.45034e-08
1 16 7 1 5.40162e-07
1 16 8 1 1.0234e-11
1 16 9 1 1.13619e-10
1 16 10 1 7.73695e-13
1 17 1 1 9755.78
1 17 2 1 3.55397e-08
1 17 3 1 5.19196e-09
1 17 4 1 2.1374e-11
1 17 5 1 1.32789e-07
1 17 6 1 8.41901e-08
1 17 7 1 5.19839e-07
1 17 8 1 8.68289e-12
1 17 9 1 1.02591e-10
1 17 10 1 4.83802e-13
1 18 1 1 4642.57
1 18 2 1 2.14803e-08
1 18 3 1 3.6665e-09
1 18 4 1 1.17218e-11
1 18 5 1 7.96841e-08
1 18 6 1 4.90205e-08
1 18 7 1 3.07387e-07
1 18 8 1 4.84596e-12
1 18 9 1 5.94995e-11
1 18 10 1 2.41534e-13
1 19 1 1 5788.88
1 19 2 1 2.47712e-08
1 19 3 1 4.87266e-09
1 19 4 1 1.28211e-11
1 19 5 1 9.54875e-08
1 19 6 1 5.47104e-08
1 19 7 1 3.58342e-07
1 19 8 1 6.08599e-12
1 19 9 1 6.99242e-11
1 19 10 1 5.38214e-13
1 20 1 1 7086.39
1 20 2 1 2.40781e-08
1 20 3 1 5.13019e-09
1 20 4 1 1.09837e-11
1 20 5 1 9.01211e-08
1 20 6 1 4.76276e-08
1 20 7 1 3.25992e-07
1 20 8 1 6.50527e-12
1 20 9 1 6.66949e-11
1 20 10 1 8.4051e-13
1 21 1 1 5799.99
1 21 2 1 2.06135e-08
1 21 3 1 4.84549e-09
1 21 4 1 7.14582e-12
1 21 5 1 6.48947e-08
1 21 6 1 3.0843e-08
1 21 7 1 2.20857e-07
1 21 8 1 5.06734e-12
1 21 9 1 4.8824e-11
1 21 10 1 9.50485e-13
1 22 1 1 6570.24
1 22 2 1 2.33262e-08
1 22 3 1 6.91054e-09
1 22 4 1 7.19245e-12
1 22 5 1 7.14375e-08
1 22 6 1 3.30194e-08
1 22 7 1 2.27416e-07
1 22 8 1 5.82701e-12
1 22 9 1 5.411e-11
1 22 10 1 1.2771e-12
1 23 1 1 5969.96
1 23 2 1 2.05144e-08
1 23 3 1 7.85465e-09
1 23 4 1 6.17852e-12
1 23 5 1 6.7223e-08
1 23 6 1 2.98634e-08
1 23 7 1 1.99689e-07
1 23 8 1 5.90016e-12
1 23 9 1 5.16527e-11
1 23 10 1 1.55535e-12
1 24 1 1 8405.79
1 24 2 1 3.0602e-08
1 24 3 1 1.46875e-08
1 24 4 1 9.16434e-12
1 24 5 1 1.06643e-07
1 24 6 1 4.45786e-08
1 24 7 1 2.96758e-07
1 24 8 1 9.93235e-12
1 24 9 1 7.75975e-11
1 24 10 1 2.43073e-12
1 25 1 1 6747.86
1 25 2 1 3.03148e-08
1 25 3 1 1.51354e-08
1 25 4 1 7.92962e-12
1 25 5 1 9.99148e-08
1 25 6 1 3.90671e-08
1 25 7 1 2.55072e-07
1 25 8 1 9.2513e-12
1 25 9 1 6.63276e-11
1 25 10 1 1.94952e-12
1 26 1 1 8022.18
1 26 2 1 4.46146e-08
1 26 3 1 2.37747e-08
1 26 4 1 1.06943e-11
1 26 5 1 1.52228e-07
1 26 6 1 5.5036e-08
1 26 7 1 3.51045e-07
1 26 8 1 1.32287e-11
1 26 9 1 9.27334e-11
1 26 10 1 2.42801e-12
1 27 1 1 3206.9
1 27 2 1 1.98181e-08
1 27 3 1 1.1527e-08
1 27 4 1 4.60723e-12
1 27 5 1 7.65536e-08
1 27 6 1 2.54638e-08
1 27 7 1 1.5503e-07
1 27 8 1 5.78792e-12
1 27 9 1 4.1227e-11
1 27 10 1 7.66704e-13
1 28 1 1 2330.66
1 28 2 1 1.32038e-08
1 28 3 1 8.21638e-09
1 28 4 1 3.03871e-12
1 28 5 1 6.87942e-08
1 28 6 1 1.83063e-08
1 28 7 1 1.04141e-07
1 28 8 1 3.83637e-12
1 28 9 1 2.98589e-11
1 28 10 1 2.7995e-13
1 29 1 1 2646.45
1 29 2 1 1.4835e-08
1 29 3 1 8.88682e-09
1 29 4 1 3.03726e-12
1 29 5 1 1.00769e-07
1 29 6 1 2.10695e-08
1 29 7 1 1.09474e-07
1 29 8 1 4.01338e-12
1 29 9 1 3.3931e-11
1 29 10 1 2.13237e-13
1 30 1 1 3975.01
1 30 2 1 2.34933e-08
1 30 3 1 1.3238e-08
1 30 4 1 4.46568e-12
1 30 5 1 1.94137e-07
1 30 6 1 3.34076e-08
1 30 7 1 1.62146e-07
1 30 8 1 6.08368e-12
1 30 9 1 5.29985e-11
1 30 10 1 2.95314e-13
1 31 1 1 5311.9
1 31 2 1 3.47504e-08
1 31 3 1 1.9018e-08
1 31 4 1 6.96054e-12
1 31 5 1 3.4839e-07
1 31 6 1 5.20581e-08
1 31 7 1 2.35529e-07
1 31 8 1 9.03022e-12
1 31 9 1 7.92069e-11
1 31 10 1 4.60729e-13
1 32 1 1 4253.84
1 32 2 1 3.20369e-08
1 32 3 1 1.74903e-08
1 32 4 1 7.43625e-12
1 32 5 1 3.96406e-07
1 32 6 1 5.09987e-08
1 32 7 1 2.22359e-07
1 32 8 1 8.67593e-12
1 32 9 1 7.44657e-11
1 32 10 1 5.14528e-13
1 33 1 1 2411.59
1 33 2 1 1.92328e-08
1 33 3 1 1.04429e-08
1 33 4 1 5.46345e-12
1 33 5 1 2.8475e-07
1 33 6 1 3.21073e-08
1 33 7 1 1.37896e-07
1 33 8 1 5.6071e-12
1 33 9 1 4.47965e-11
1 33 10 1 3.72594e-13
1 34 1 1 2576.36
1 34 2 1 2.22214e-08
1 34 3 1 1.14243e-08
1 34 4 1 7.44649e-12
1 34 5 1 3.65508e-07
1 34 6 1 4.64369e-08
1 34 7 1 1.58385e-07
1 34 8 1 6.71404e-12
1 34 9 1 5.08824e-11
1 34 10 1 4.71787e-13
1 35 1 1 1444.54
1 35 2 1 1.33335e-08
1 35 3 1 6.54705e-09
1 35 4 1 5.12695e-12
1 35 5 1 2.4479e-07
1 35 6 1 3.37759e-08
1 35 7 1 9.52227e-08
1 35 8 1 4.08684e-12
1 35 9 1 3.10263e-11
1 35 10 1 2.86914e-13
1 36 1 1 698.287
1 36 2 1 6.51512e-09
1 36 3 1 2.95307e-09
1 36 4 1 2.56597e-12
1 36 5 1 1.23295e-07
1 36 6 1 1.8584e-08
1 36 7 1 4.24022e-08
1 36 8 1 1.79702e-12
1 36 9 1 1.48578e-11
1 36 10 1 1.41262e-13
1 37 1 1 1135.07
1 37 2 1 8.84558e-09
1 37 3 1 4.00168e-09
1 37 4 1 3.73636e-12
1 37 5 1 1.78525e-07
1 37 6 1 2.93113e-08
1 37 7 1 5.43374e-08
1 37 8 1 2.2744e-12
1 37 9 1 2.06359e-11
1 37 10 1 2.15931e-13
1 38 1 1 1055.56
1 38 2 1 5.62502e-09
1 38 3 1 2.75777e-09
1 38 4 1 3.11244e-12
1 38 5 1 1.40248e-07
1 38 6 1 2.1376e-08
1 38 7 1 3.49859e-08
1 38 8 1 1.46561e-12
1 38 9 1 1.39173e-11
1 38 10 1 1.62137e-13
1 39 1 1 890.272
1 39 2 1 3.08823e-09
1 39 3 1 1.71875e-09
1 39 4 1 2.30882e-12
1 39 5 1 1.00473e-07
1 39 6 1 1.31867e-08
1 39 7 1 1.98616e-08
1 39 8 1 8.40561e-13
1 39 9 1 8.17755e-12
1 39 10 1 1.05053e-13
1 40 1 1 630.569
1 40 2 1 1.43301e-09
1 40 3 1 1.11153e-09
1 40 4 1 1.46814e-12
1 40 5 1 6.03954e-08
1 40 6 1 6.76231e-09
1 40 7 1 9.97985e-09
1 40 8 1 4.28151e-13
1 40 9 1 4.1938e-12
1 40 10 1 5.98202e-14
1 41 1 1 724.2
1 41 2 1 1.13742e-09
1 41 3 1 1.27759e-09
1 41 4 1 1.58846e-12
1 41 5 1 6.36296e-08
1 41 6 1 6.13907e-09
1 41 7 1 8.83181e-09
1 41 8 1 3.80969e-13
1 41 9 1 3.71973e-12
1 41 10 1 5.86e-14
1 42 1 1 377.445
1 42 2 1 4.26106e-10
1 42 3 1 6.62141e-10
1 42 4 1 8.05022e-13
1 42 5 1 3.13311e-08
1 42 6 1 3.13186e-09
1 42 7 1 3.76926e-09
1 42 8 1 1.62488e-13
1 42 9 1 1.60984e-12
1 42 10 1 2.72193e-14
2 1 1 1 2.60724e-15
2 1 2 1 1339.94
2 1 3 1 1.08256e-12
2 1 4 1 1.39038e-15
2 1 5 1 2.68795e-12
2 1 6 1 1.13535e-11
2 1 7 1 2.40912e-11
2 1 8 1 1.1404e-15
2 1 9 1 4.53456e-15
2 1 10 1 2.947e-16
2 2 1 1 1.5871e-15
2 2 2 1 797.665
2 2 3 1 5.16872e-13
2 2 4 1 8.53881e-16
2 2 5 1 1.69337e-12
2 2 6 1 6.06719e-12
2 2 7 1 1.21141e-11
2 2 8 1 6.99919e-16
2 2 9 1 2.72366e-15
2 2 10 1 1.78922e-16
2 3 1 1 2.96868e-15
2 3 2 1 1362.72
2 3 3 1 8.52675e-13
2 3 4 1 1.70017e-15
2 3 5 1 3.60291e-12
2 3 6 1 1.14239e-11
2 3 7 1 2.10862e-11
2 3 8 1 1.29712e-15
2 3 9 1 5.40778e-15
2 3 10 1 3.16682e-16
2 4 1 1 2.12732e-15
2 4 2 1 880.64
2 4 3 1 5.62835e-13
2 4 4 1 1.29484e-15
2 4 5 1 2.93516e-12
2 4 6 1 8.66311e-12
2 4 7 1 1.45422e-11
2 4 8 1 8.89708e-16
2 4 9 1 4.09294e-15
2 4 10 1 2.49269e-16
2 5 1 1 3.38458e-15
2 5 2 1 1260
2 5 3 1 8.37699e-13
2 5 4 1 2.13589e-15
2 5 5 1 5.12652e-12
2 5 6 1 1.44474e-11
2 5 7 1 2.22175e-11
2 5 8 1 1.41606e-15
2 5 9 1 6.74926e-15
2 5 10 1 4.44918e-16
2 6 1 1 3.30443e-15
2 6 2 1 1167.88
2 6 3 1 7.92264e-13
2 6 4 1 2.18189e-15
2 6 5 1 5.4746e-12
2 6 6 1 1.4561e-11
2 6 7 1 2.12445e-11
2 6 8 1 1.41273e-15
2 6 9 1 6.90762e-15
2 6 10 1 3.66697e-16
2 7 1 1 2.08577e-15
2 7 2 1 735.397
2 7 3 1 4.70649e-13
2 7 4 1 1.37164e-15
2 7 5 1 3.57818e-12
2 7 6 1 8.93426e-12
2 7 7 1 1.25731e-11
2 7 8 1 8.43389e-16
2 7 9 1 4.38984e-15
2 7 10 1 2.0383e-16
2 8 1 1 2.11414e-15
2 8 2 1 937.436
2 8 3 1 4.82802e-13
2 8 4 1 1.42771e-15
2 8 5 1 3.89063e-12
2 8 6 1 9.53138e-12
2 8 7 1 1.25232e-11
2 8 8 1 8.43336e-16
2 8 9 1 4.65137e-15
2 8 10 1 1.96703e-16
2 9 1 1 1.09127e-15
2 9 2 1 874.313
2 9 3 1 2.69165e-13
2 9 4 1 7.71837e-16
2 9 5 1 2.25009e-12
2 9 6 1 5.57373e-12
2 9 7 1 6.57276e-12
2 9 8 1 4.46629e-16
2 9 9 1 2.55615e-15
2 9 10 1 8.9789e-17
2 10 1 1 4.94221e-16
2 10 2 1 819.086
2 10 3 1 1.3199e-13
2 10 4 1 3.5154e-16
2 10 5 1 1.08876e-12
2 10 6 1 2.71142e-12
2 10 7 1 3.35252e-12
2 10 8 1 2.02574e-16
2 10 9 1 1.18266e-15
2 10 10 1 3.37452e-17
2 11 1 1 3.54477e-16
2 11 2 1 1043.28
2 11 3 1 1.09692e-13
2 11 4 1 2.60328e-16
2 11 5 1 8.6726e-13
2 11 6 1 2.10413e-12
2 11 7 1 2.93924e-12
2 11 8 1 1.49142e-16
2 11 9 1 8.92388e-16
2 11 10 1 2.49994e-17
2 12 1 1 2.2088e-16
2 12 2 1 933.391
2 12 3 1 7.87766e-14
2 12 4 1 1.59064e-16
2 12 5 1 5.86144e-13
2 12 6 1 1.36747e-12
2 12 7 1 2.14466e-12
2 12 8 1 9.32335e-17
2 12 9 1 5.78989e-16
2 12 10 1 2.73891e-17
2 13 1 1 4.9876e-16
2 13 2 1 2866.78
2 13 3 1 2.36438e-13
2 13 4 1 3.65306e-16
2 13 5 1 1.51766e-12
2 13 6 1 3.49519e-12
2 13 7 1 5.88438e-12
2 13 8 1 2.26644e-16
2 13 9 1 1.43359e-15
2 13 10 1 8.0397e-17
2 14 1 1 2.10059e-16
2 14 2 1 1676.44
2 14 3 1 1.71622e-13
2 14 4 1 1.83004e-16
2 14 5 1 8.36023e-13
2 14 6 1 1.97794e-12
2 14 7 1 3.365e-12
2 14 8 1 1.14193e-16
2 14 9 1 7.34533e-16
2 14 10 1 3.46303e-17
2 15 1 1 8.02091e-17
2 15 2 1 909.338
2 15 3 1 1.15843e-13
2 15 4 1 8.99695e-17
2 15 5 1 4.4464e-13
2 15 6 1 1.19637e-12
2 15 7 1 1.82154e-12
2 15 8 1 5.43712e-17
2 15 9 1 3.63747e-16
2 15 10 1 1.46279e-17
2 16 1 1 1.33772e-16
2 16 2 1 2305.42
2 16 3 1 3.34682e-13
2 16 4 1 1.98195e-16
2 16 5 1 1.09587e-12
2 16 6 1 3.17114e-12
2 16 7 1 4.48318e-12
2 16 8 1 1.16283e-16
2 16 9 1 8.40459e-16
2 16 10 1 2.87315e-17
2 17 1 1 7.85513e-17
2 17 2 1 2012.39
2 17 3 1 3.17834e-13
2 17 4 1 1.5501e-16
2 17 5 1 9.63193e-13
2 17 6 1 2.75403e-12
2 17 7 1 3.84388e-12
2 17 8 1 9.6334e-17
2 17 9 1 6.96097e-16
2 17 10 1 2.1488e-17
2 18 1 1 9.20084e-19
2 18 2 1 25.3447
2 18 3 1 4.71192e-15
2 18 4 1 1.83096e-18
2 18 5 1 1.24038e-14
2 18 6 1 3.33191e-14
2 18 7 1 4.78585e-14
2 18 8 1 1.45952e-18
2 18 9 1 8.74215e-18
2 18 10 1 3.65127e-19
2 19 1 1 1.46675e-16
2 19 2 1 3613.2
2 19 3 1 8.60556e-13
2 19 4 1 2.22438e-16
2 19 5 1 1.64386e-12
2 19 6 1 4.07625e-12
2 19 7 1 6.07466e-12
2 19 8 1 2.21345e-16
2 19 9 1 1.14717e-15
2 19 10 1 7.5774e-17
2 20 1 1 2.58909e-16
2 20 2 1 6490.91
2 20 3 1 1.78894e-12
2 20 4 1 3.26301e-16
2 20 5 1 2.67565e-12
2 20 6 1 6.12196e-12
2 20 7 1 9.25742e-12
2 20 8 1 3.71309e-16
2 20 9 1 1.856e-15
2 20 10 1 1.67136e-16
2 21 1 1 7.1775e-16
2 21 2 1 17762.5
2 21 3 1 5.73735e-12
2 21 4 1 8.11131e-16
2 21 5 1 7.22568e-12
2 21 6 1 1.62303e-11
2 21 7 1 2.34055e-11
2 21 8 1 1.01185e-15
2 21 9 1 5.09473e-15
2 21 10 1 5.81841e-16
2 22 1 1 6.75309e-16
2 22 2 1 15895.7
2 22 3 1 6.24638e-12
2 22 4 1 7.1554e-16
2 22 5 1 6.84949e-12
2 22 6 1 1.49153e-11
2 22 7 1 2.07529e-11
2 22 8 1 1.04593e-15
2 22 9 1 4.86651e-15
2 22 10 1 6.73883e-16
2 23 1 1 4.44284e-16
2 23 2 1 10621.6
2 23 3 1 4.64026e-12
2 23 4 1 4.51549e-16
2 23 5 1 4.66605e-12
2 23 6 1 9.64746e-12
2 23 7 1 1.32242e-11
2 23 8 1 7.65997e-16
2 23 9 1 3.37368e-15
2 23 10 1 4.41984e-16
2 24 1 1 1.07601e-15
2 24 2 1 29047.3
2 24 3 1 1.28009e-11
2 24 4 1 1.12391e-15
2 24 5 1 1.26984e-11
2 24 6 1 2.45848e-11
2 24 7 1 3.27985e-11
2 24 8 1 1.99141e-15
2 24 9 1 8.52377e-15
2 24 10 1 9.60209e-16
2 25 1 1 3.84898e-16
2 25 2 1 11785.1
2 25 3 1 5.2703e-12
2 25 4 1 4.37023e-16
2 25 5 1 5.47281e-12
2 25 6 1 9.80717e-12
2 25 7 1 1.26791e-11
2 25 8 1 7.59526e-16
2 25 9 1 3.33952e-15
2 25 10 1 3.13075e-16
2 26 1 1 4.23498e-16
2 26 2 1 15216.8
2 26 3 1 7.04302e-12
2 26 4 1 5.53279e-16
2 26 5 1 8.34392e-12
2 26 6 1 1.33242e-11
2 26 7 1 1.64052e-11
2 26 8 1 9.41759e-16
2 26 9 1 4.38526e-15
2 26 10 1 3.53056e-16
2 27 1 1 3.06656e-16
2 27 2 1 12558.3
2 27 3 1 5.7987e-12
2 27 4 1 4.3903e-16
2 27 5 1 9.36809e-12
2 27 6 1 1.16677e-11
2 27 7 1 1.33082e-11
2 27 8 1 7.10745e-16
2 27 9 1 3.55238e-15
2 27 10 1 2.04743e-16
2 28 1 1 2.64186e-16
2 28 2 1 10818.5
2 28 3 1 4.68921e-12
2 28 4 1 3.48766e-16
2 28 5 1 1.04241e-11
2 28 6 1 1.03725e-11
2 28 7 1 1.07747e-11
2 28 8 1 5.49612e-16
2 28 9 1 3.08427e-15
2 28 10 1 1.05734e-16
2 29 1 1 2.97136e-16
2 29 2 1 11710.1
2 29 3 1 4.7346e-12
2 29 4 1 3.41262e-16
2 29 5 1 1.35156e-11
2 29 6 1 1.15054e-11
2 29 7 1 1.1069e-11
2 29 8 1 5.75722e-16
2 29 9 1 3.42034e-15
2 29 10 1 9.64785e-17
2 30 1 1 2.21463e-16
2 30 2 1 8467.1
2 30 3 1 3.28836e-12
2 30 4 1 2.45442e-16
2 30 5 1 1.1688e-11
2 30 6 1 8.78959e-12
2 30 7 1 7.90115e-12
2 30 8 1 4.35368e-16
2 30 9 1 2.56982e-15
2 30 10 1 8.01872e-17
2 31 1 1 2.09714e-16
2 31 2 1 8642.74
2 31 3 1 3.29145e-12
2 31 4 1 2.79059e-16
2 31 5 1 1.44489e-11
2 31 6 1 9.49289e-12
2 31 7 1 8.19207e-12
2 31 8 1 4.75322e-16
2 31 9 1 2.7304e-15
2 31 10 1 9.64562e-17
2 32 1 1 3.61277e-16
2 32 2 1 17522.1
2 32 3 1 6.47405e-12
2 32 4 1 6.52063e-16
2 32 5 1 3.40876e-11
2 32 6 1 2.10113e-11
2 32 7 1 1.6875e-11
2 32 8 1 1.00387e-15
2 32 9 1 5.57417e-15
2 32 10 1 1.94387e-16
2 33 1 1 2.24258e-16
2 33 2 1 12225.7
2 33 3 1 4.39405e-12
2 33 4 1 5.25704e-16
2 33 5 1 2.64733e-11
2 33 6 1 1.81103e-11
2 33 7 1 1.17674e-11
2 33 8 1 7.12217e-16
2 33 9 1 3.74982e-15
2 33 10 1 1.25622e-16
2 34 1 1 3.50922e-16
2 34 2 1 21850.3
2 34 3 1 7.92636e-12
2 34 4 1 1.04037e-15
2 34 5 1 5.1327e-11
2 34 6 1 3.83071e-11
2 34 7 1 2.03011e-11
2 34 8 1 1.22866e-15
2 34 9 1 6.40916e-15
2 34 10 1 2.0374e-16
2 35 1 1 3.31159e-16
2 35 2 1 23299.1
2 35 3 1 8.48859e-12
2 35 4 1 1.15227e-15
2 35 5 1 5.84125e-11
2 35 6 1 4.71542e-11
2 35 7 1 2.02565e-11
2 35 8 1 1.19595e-15
2 35 9 1 6.58231e-15
2 35 10 1 1.92185e-16
2 36 1 1 4.01537e-16
2 36 2 1 24583
2 36 3 1 9.24189e-12
2 36 4 1 1.43948e-15
2 36 5 1 6.84306e-11
2 36 6 1 5.78679e-11
2 36 7 1 2.06596e-11
2 36 8 1 1.18582e-15
2 36 9 1 7.22252e-15
2 36 10 1 2.0645e-16
2 37 1 1 4.90688e-16
2 37 2 1 21701
2 37 3 1 9.47676e-12
2 37 4 1 1.62835e-15
2 37 5 1 7.60179e-11
2 37 6 1 5.81437e-11
2 37 7 1 1.83718e-11
2 37 8 1 1.03582e-15
2 37 9 1 6.90441e-15
2 37 10 1 2.02119e-16
2 38 1 1 6.79472e-16
2 38 2 1 20601.8
2 38 3 1 1.2655e-11
2 38 4 1 2.00855e-15
2 38 5 1 9.40669e-11
2 38 6 1 6.19476e-11
2 38 7 1 1.80866e-11
2 38 8 1 1.00979e-15
2 38 9 1 7.04533e-15
2 38 10 1 2.18049e-16
2 39 1 1 6.08214e-16
2 39 2 1 12388.2
2 39 3 1 1.06825e-11
2 39 4 1 1.59504e-15
2 39 5 1 7.20616e-11
2 39 6 1 4.14541e-11
2 39 7 1 1.173e-11
2 39 8 1 6.49111e-16
2 39 9 1 4.68218e-15
2 39 10 1 1.55374e-16
2 40 1 1 6.22071e-16
2 40 2 1 8685.28
2 40 3 1 9.93988e-12
2 40 4 1 1.4826e-15
2 40 5 1 6.63764e-11
2 40 6 1 3.45258e-11
2 40 7 1 9.14024e-12
2 40 8 1 5.00317e-16
2 40 9 1 3.69508e-15
2 40 10 1 1.30891e-16
2 41 1 1 6.67457e-16
2 41 2 1 6650.19
2 41 3 1 9.52452e-12
2 41 4 1 1.49513e-15
2 41 5 1 6.54917e-11
2 41 6 1 3.49483e-11
2 41 7 1 7.89046e-12
2 41 8 1 4.234e-16
2 41 9 1 3.18053e-15
2 41 10 1 1.21288e-16
2 42 1 1 2.54064e-16
2 42 2 1 1730.56
2 42 3 1 2.91243e-12
2 42 4 1 5.02966e-16
2 42 5 1 2.12687e-11
2 42 6 1 1.25738e-11
2 42 7 1 2.3113e-12
2 42 8 1 1.21335e-16
2 42 9 1 9.41739e-16
2 42 10 1 4.00528e-17
3 1 1 1 1.16517e-15
3 1 2 1 5.98816e-13
3 1 3 1 483.792
3 1 4 1 6.21358e-16
3 1 5 1 1.20124e-12
3 1 6 1 5.07385e-12
3 1 7 1 1.07663e-11
3 1 8 1 5.09641e-16
3 1 9 1 2.02648e-15
3 1 10 1 1.31701e-16
3 2 1 1 8.00698e-16
3 2 2 1 4.02425e-13
3 2 3 1 260.764
3 2 4 1 4.30786e-16
3 2 5 1 8.5431e-13
3 2 6 1 3.06092e-12
3 2 7 1 6.11161e-12
3 2 8 1 3.53112e-16
3 2 9 1 1.37409e-15
3 2 10 1 9.0267e-17
3 3 1 1 1.23744e-15
3 3 2 1 5.68022e-13
3 3 3 1 355.421
3 3 4 1 7.08681e-16
3 3 5 1 1.5018e-12
3 3 6 1 4.76183e-12
3 3 7 1 8.78936e-12
3 3 8 1 5.40679e-16
3 3 9 1 2.25413e-15
3 3 10 1 1.32003e-16
3 4 1 1 1.5107e-15
3 4 2 1 6.25377e-13
3 4 3 1 399.691
3 4 4 1 9.19517e-16
3 4 5 1 2.08437e-12
3 4 6 1 6.15201e-12
3 4 7 1 1.03269e-11
3 4 8 1 6.31816e-16
3 4 9 1 2.90656e-15
3 4 10 1 1.77016e-16
3 5 1 1 1.1716e-14
3 5 2 1 4.36159e-12
3 5 3 1 2899.75
3 5 4 1 7.39351e-15
3 5 5 1 1.77458e-11
3 5 6 1 5.00106e-11
3 5 7 1 7.69072e-11
3 5 8 1 4.90179e-15
3 5 9 1 2.3363e-14
3 5 10 1 1.54011e-15
3 6 1 1 1.4743e-14
3 6 2 1 5.21059e-12
3 6 3 1 3534.75
3 6 4 1 9.73466e-15
3 6 5 1 2.44254e-11
3 6 6 1 6.49652e-11
3 6 7 1 9.47842e-11
3 6 8 1 6.30302e-15
3 6 9 1 3.08189e-14
3 6 10 1 1.63605e-15
3 7 1 1 1.17771e-14
3 7 2 1 4.15236e-12
3 7 3 1 2657.48
3 7 4 1 7.74484e-15
3 7 5 1 2.02039e-11
3 7 6 1 5.04466e-11
3 7 7 1 7.09932e-11
3 7 8 1 4.76213e-15
3 7 9 1 2.47869e-14
3 7 10 1 1.15091e-15
3 8 1 1 1.14534e-14
3 8 2 1 5.07856e-12
3 8 3 1 2615.58
3 8 4 1 7.73462e-15
3 8 5 1 2.10775e-11
3 8 6 1 5.16362e-11
3 8 7 1 6.78444e-11
3 8 8 1 4.56878e-15
3 8 9 1 2.51988e-14
3 8 10 1 1.06564e-15
3 9 1 1 1.386e-14
3 9 2 1 1.11045e-11
3 9 3 1 3418.62
3 9 4 1 9.80299e-15
3 9 5 1 2.8578e-11
3 9 6 1 7.07911e-11
3 9 7 1 8.34797e-11
3 9 8 1 5.67257e-15
3 9 9 1 3.24653e-14
3 9 10 1 1.1404e-15
3 10 1 1 9.24231e-15
3 10 2 1 1.53175e-11
3 10 3 1 2468.31
3 10 4 1 6.57406e-15
3 10 5 1 2.03605e-11
3 10 6 1 5.07055e-11
3 10 7 1 6.26946e-11
3 10 8 1 3.78829e-15
3 10 9 1 2.21167e-14
3 10 10 1 6.3106e-16
3 11 1 1 1.08486e-14
3 11 2 1 3.19289e-11
3 11 3 1 3357.05
3 11 4 1 7.96719e-15
3 11 5 1 2.6542e-11
3 11 6 1 6.43957e-11
3 11 7 1 8.99538e-11
3 11 8 1 4.56442e-15
3 11 9 1 2.73111e-14
3 11 10 1 7.65094e-16
3 12 1 1 1.73838e-15
3 12 2 1 7.34604e-12
3 12 3 1 619.994
3 12 4 1 1.25188e-15
3 12 5 1 4.61311e-12
3 12 6 1 1.07624e-11
3 12 7 1 1.68791e-11
3 12 8 1 7.33774e-16
3 12 9 1 4.5568e-15
3 12 10 1 2.1556e-16
3 13 1 1 6.01994e-15
3 13 2 1 3.46014e-11
3 13 3 1 2853.77
3 13 4 1 4.40917e-15
3 13 5 1 1.83179e-11
3 13 6 1 4.21863e-11
3 13 7 1 7.10233e-11
3 13 8 1 2.73555e-15
3 13 9 1 1.73032e-14
3 13 10 1 9.70377e-16
3 14 1 1 1.76524e-15
3 14 2 1 1.4088e-11
3 14 3 1 1442.23
3 14 4 1 1.53788e-15
3 14 5 1 7.02555e-12
3 14 6 1 1.66217e-11
3 14 7 1 2.82779e-11
3 14 8 1 9.59623e-16
3 14 9 1 6.17267e-15
3 14 10 1 2.91017e-16
3 15 1 1 8.53707e-16
3 15 2 1 9.67856e-12
3 15 3 1 1232.98
3 15 4 1 9.57592e-16
3 15 5 1 4.73254e-12
3 15 6 1 1.27336e-11
3 15 7 1 1.93876e-11
3 15 8 1 5.78701e-16
3 15 9 1 3.87155e-15
3 15 10 1 1.55693e-16
3 16 1 1 4.33272e-16
3 16 2 1 7.46701e-12
3 16 3 1 1084
3 16 4 1 6.41933e-16
3 16 5 1 3.54939e-12
3 16 6 1 1.0271e-11
3 16 7 1 1.45205e-11
3 16 8 1 3.76628e-16
3 16 9 1 2.72216e-15
3 16 10 1 9.30584e-17
3 17 1 1 4.26036e-15
3 17 2 1 1.09145e-10
3 17 3 1 17238.3
3 17 4 1 8.40724e-15
3 17 5 1 5.22404e-11
3 17 6 1 1.4937e-10
3 17 7 1 2.08479e-10
3 17 8 1 5.22484e-15
3 17 9 1 3.7754e-14
3 17 10 1 1.16544e-15
3 18 1 1 2.55938e-16
3 18 2 1 7.05009e-12
3 18 3 1 1310.71
3 18 4 1 5.09314e-16
3 18 5 1 3.45036e-12
3 18 6 1 9.26832e-12
3 18 7 1 1.33127e-11
3 18 8 1 4.05993e-16
3 18 9 1 2.43179e-15
3 18 10 1 1.01567e-16
3 19 1 1 1.58008e-16
3 19 2 1 3.89238e-12
3 19 3 1 927.048
3 19 4 1 2.39625e-16
3 19 5 1 1.77087e-12
3 19 6 1 4.3912e-12
3 19 7 1 6.54402e-12
3 19 8 1 2.38447e-16
3 19 9 1 1.23581e-15
3 19 10 1 8.16288e-17
3 20 1 1 1.06817e-16
3 20 2 1 2.67794e-12
3 20 3 1 738.057
3 20 4 1 1.34621e-16
3 20 5 1 1.10389e-12
3 20 6 1 2.52572e-12
3 20 7 1 3.81931e-12
3 20 8 1 1.5319e-16
3 20 9 1 7.65724e-16
3 20 10 1 6.89548e-17
3 21 1 1 5.71779e-17
3 21 2 1 1.41501e-12
3 21 3 1 457.053
3 21 4 1 6.46168e-17
3 21 5 1 5.75617e-13
3 21 6 1 1.29295e-12
3 21 7 1 1.86454e-12
3 21 8 1 8.06066e-17
3 21 9 1 4.0586e-16
3 21 10 1 4.6351e-17
3 22 1 1 2.49472e-16
3 22 2 1 5.87217e-12
3 22 3 1 2307.54
3 22 4 1 2.64334e-16
3 22 5 1 2.53034e-12
3 22 6 1 5.51e-12
3 22 7 1 7.66653e-12
3 22 8 1 3.86387e-16
3 22 9 1 1.79779e-15
3 22 10 1 2.48946e-16
3 23 1 1 9.29369e-17
3 23 2 1 2.22186e-12
3 23 3 1 970.667
3 23 4 1 9.44567e-17
3 23 5 1 9.76061e-13
3 23 6 1 2.01809e-12
3 23 7 1 2.76628e-12
3 23 8 1 1.60234e-16
3 23 9 1 7.05718e-16
3 23 10 1 9.24559e-17
3 24 1 1 1.67499e-17
3 24 2 1 4.52169e-13
3 24 3 1 199.267
3 24 4 1 1.74955e-17
3 24 5 1 1.97672e-13
3 24 6 1 3.82703e-13
3 24 7 1 5.10562e-13
3 24 8 1 3.09996e-17
3 24 9 1 1.32686e-16
3 24 10 1 1.49472e-17
3 25 1 1 6.16872e-17
3 25 2 1 1.88879e-12
3 25 3 1 844.665
3 25 4 1 7.00411e-17
3 25 5 1 8.7712e-13
3 25 6 1 1.57178e-12
3 25 7 1 2.03207e-12
3 25 8 1 1.21728e-16
3 25 9 1 5.35221e-16
3 25 10 1 5.01761e-17
3 26 1 1 1.23934e-16
3 26 2 1 4.45311e-12
3 26 3 1 2061.1
3 26 4 1 1.61914e-16
3 26 5 1 2.44179e-12
3 26 6 1 3.89925e-12
3 26 7 1 4.80087e-12
3 26 8 1 2.756e-16
3 26 9 1 1.28332e-15
3 26 10 1 1.0332e-16
3 27 1 1 1.40822e-16
3 27 2 1 5.767e-12
3 27 3 1 2662.86
3 27 4 1 2.0161e-16
3 27 5 1 4.30199e-12
3 27 6 1 5.358e-12
3 27 7 1 6.11135e-12
3 27 8 1 3.26387e-16
3 27 9 1 1.63131e-15
3 27 10 1 9.40213e-17
3 28 1 1 3.48256e-17
3 28 2 1 1.42612e-12
3 28 3 1 618.143
3 28 4 1 4.59752e-17
3 28 5 1 1.37413e-12
3 28 6 1 1.36733e-12
3 28 7 1 1.42034e-12
3 28 8 1 7.24513e-17
3 28 9 1 4.06576e-16
3 28 10 1 1.39382e-17
3 29 1 1 9.79712e-17
3 29 2 1 3.86104e-12
3 29 3 1 1561.09
3 29 4 1 1.1252e-16
3 29 5 1 4.45634e-12
3 29 6 1 3.79356e-12
3 29 7 1 3.64967e-12
3 29 8 1 1.89826e-16
3 29 9 1 1.12775e-15
3 29 10 1 3.18108e-17
3 30 1 1 1.49241e-16
3 30 2 1 5.70585e-12
3 30 3 1 2215.98
3 30 4 1 1.654e-16
3 30 5 1 7.87639e-12
3 30 6 1 5.92317e-12
3 30 7 1 5.32447e-12
3 30 8 1 2.93388e-16
3 30 9 1 1.73176e-15
3 30 10 1 5.4037e-17
3 31 1 1 1.06992e-16
3 31 2 1 4.40935e-12
3 31 3 1 1679.23
3 31 4 1 1.42371e-16
3 31 5 1 7.37155e-12
3 31 6 1 4.84308e-12
3 31 7 1 4.17943e-12
3 31 8 1 2.425e-16
3 31 9 1 1.393e-15
3 31 10 1 4.921e-17
3 32 1 1 3.76312e-17
3 32 2 1 1.82513e-12
3 32 3 1 674.347
3 32 4 1 6.79198e-17
3 32 5 1 3.55061e-12
3 32 6 1 2.18856e-12
3 32 7 1 1.75772e-12
3 32 8 1 1.04565e-16
3 32 9 1 5.80614e-16
3 32 10 1 2.02477e-17
3 33 1 1 7.86673e-18
3 33 2 1 4.28864e-13
3 33 3 1 154.138
3 33 4 1 1.84411e-17
3 33 5 1 9.28654e-13
3 33 6 1 6.3529e-13
3 33 7 1 4.12788e-13
3 33 8 1 2.49838e-17
3 33 9 1 1.3154e-16
3 33 10 1 4.40668e-18
3 34 1 1 5.47129e-18
3 34 2 1 3.40672e-13
3 34 3 1 123.582
3 34 4 1 1.62207e-17
3 34 5 1 8.0025e-13
3 34 6 1 5.97255e-13
3 34 7 1 3.16519e-13
3 34 8 1 1.91563e-17
3 34 9 1 9.99266e-17
3 34 10 1 3.17655e-18
3 35 1 1 5.17213e-18
3 35 2 1 3.63892e-13
3 35 3 1 132.577
3 35 4 1 1.79964e-17
3 35 5 1 9.12301e-13
3 35 6 1 7.36466e-13
3 35 7 1 3.16371e-13
3 35 8 1 1.86786e-17
3 35 9 1 1.02804e-16
3 35 10 1 3.00159e-18
3 36 1 1 9.11212e-17
3 36 2 1 5.57865e-12
3 36 3 1 2097.27
3 36 4 1 3.26663e-16
3 36 5 1 1.5529e-11
3 36 6 1 1.3132e-11
3 36 7 1 4.6883e-12
3 36 8 1 2.691e-16
3 36 9 1 1.63902e-15
3 36 10 1 4.68499e-17
3 37 1 1 1.15438e-16
3 37 2 1 5.10531e-12
3 37 3 1 2229.47
3 37 4 1 3.83081e-16
3 37 5 1 1.78837e-11
3 37 6 1 1.36787e-11
3 37 7 1 4.32208e-12
3 37 8 1 2.43684e-16
3 37 9 1 1.62431e-15
3 37 10 1 4.75497e-17
3 38 1 1 5.34859e-17
3 38 2 1 1.62171e-12
3 38 3 1 996.161
3 38 4 1 1.58107e-16
3 38 5 1 7.40466e-12
3 38 6 1 4.87632e-12
3 38 7 1 1.42372e-12
3 38 8 1 7.94876e-17
3 38 9 1 5.54587e-16
3 38 10 1 1.71641e-17
3 39 1 1 4.97326e-17
3 39 2 1 1.01297e-12
3 39 3 1 873.491
3 39 4 1 1.30424e-16
3 39 5 1 5.89235e-12
3 39 6 1 3.38963e-12
3 39 7 1 9.59146e-13
3 39 8 1 5.30767e-17
3 39 9 1 3.82854e-16
3 39 10 1 1.27047e-17
3 40 1 1 8.33873e-17
3 40 2 1 1.16424e-12
3 40 3 1 1332.42
3 40 4 1 1.98739e-16
3 40 5 1 8.89761e-12
3 40 6 1 4.6281e-12
3 40 7 1 1.22523e-12
3 40 8 1 6.70664e-17
3 40 9 1 4.95317e-16
3 40 10 1 1.75457e-17
3 41 1 1 6.88733e-17
3 41 2 1 6.86217e-13
3 41 3 1 982.813
3 41 4 1 1.54279e-16
3 41 5 1 6.75793e-12
3 41 6 1 3.60623e-12
3 41 7 1 8.14198e-13
3 41 8 1 4.36896e-17
3 41 9 1 3.28191e-16
3 41 10 1 1.25154e-17
3 42 1 1 2.27402e-17
3 42 2 1 1.54895e-13
3 42 3 1 260.679
3 42 4 1 4.50184e-17
3 42 5 1 1.90367e-12
3 42 6 1 1.12543e-12
3 42 7 1 2.06874e-13
3 42 8 1 1.08602e-17
3 42 9 1 8.42911e-17
3 42 10 1 3.58495e-18
4 1 1 1 3.82966e-12
4 1 2 1 8.6357e-36
4 1 3 1 1.09661e-09
4 1 4 1 2046.55
4 1 5 1 3.90597e-09
4 1 6 1 1.59203e-08
4 1 7 1 3.54615e-08
4 1 8 1 1.10924e-12
4 1 9 1 6.64612e-12
4 1 10 1 1.19244e-13
4 2 1 1 3.64317e-12
4 2 2 1 8.03805e-36
4 2 3 1 8.47235e-10
4 2 4 1 1963.28
4 2 5 1 3.58417e-09
4 2 6 1 1.09717e-08
4 2 7 1 2.78402e-08
4 2 8 1 1.38877e-12
4 2 9 1 6.24586e-12
4 2 10 1 8.67461e-14
4 3 1 1 3.09082e-12
4 3 2 1 6.24291e-36
4 3 3 1 6.63843e-10
4 3 4 1 1775.48
4 3 5 1 3.465e-09
4 3 6 1 9.33378e-09
4 3 7 1 2.19992e-08
4 3 8 1 1.25263e-12
4 3 9 1 5.6072e-12
4 3 10 1 7.58345e-14
4 4 1 1 2.7212e-12
4 4 2 1 5.1646e-36
4 4 3 1 5.74213e-10
4 4 4 1 1729.8
4 4 5 1 3.68594e-09
4 4 6 1 8.89373e-09
4 4 7 1 1.93934e-08
4 4 8 1 1.09706e-12
4 4 9 1 5.40397e-12
4 4 10 1 6.10264e-14
4 5 1 1 2.71885e-12
4 5 2 1 4.52786e-36
4 5 3 1 5.2159e-10
4 5 4 1 1746.58
4 5 5 1 4.02854e-09
4 5 6 1 9.18491e-09
4 5 7 1 1.81321e-08
4 5 8 1 9.79349e-13
4 5 9 1 5.441e-12
4 5 10 1 4.86836e-14
4 6 1 1 1.91043e-12
4 6 2 1 2.99507e-36
4 6 3 1 3.43951e-10
4 6 4 1 1272.5
4 6 5 1 3.10441e-09
4 6 6 1 6.90597e-09
4 6 7 1 1.23595e-08
4 6 8 1 7.27135e-13
4 6 9 1 3.9664e-12
4 6 10 1 4.25881e-14
4 7 1 1 2.06731e-12
4 7 2 1 3.23083e-36
4 7 3 1 3.38795e-10
4 7 4 1 1369.71
4 7 5 1 3.46393e-09
4 7 6 1 7.39441e-09
4 7 7 1 1.25211e-08
4 7 8 1 7.67002e-13
4 7 9 1 4.3131e-12
4 7 10 1 3.63304e-14
4 8 1 1 3.57319e-12
4 8 2 1 6.99177e-36
4 8 3 1 5.64112e-10
4 8 4 1 2420.03
4 8 5 1 6.40049e-09
4 8 6 1 1.28916e-08
4 8 7 1 2.11581e-08
4 8 8 1 1.28911e-12
4 8 9 1 7.74886e-12
4 8 10 1 9.00213e-14
4 9 1 1 3.14989e-12
4 9 2 1 1.13844e-35
4 9 3 1 5.16969e-10
4 9 4 1 2283.37
4 9 5 1 6.31175e-09
4 9 6 1 1.25222e-08
4 9 7 1 1.93712e-08
4 9 8 1 1.20562e-12
4 9 9 1 7.42641e-12
4 9 10 1 8.28217e-14
4 10 1 1 3.47444e-12
4 10 2 1 2.56368e-35
4 10 3 1 5.70459e-10
4 10 4 1 2499.29
4 10 5 1 7.44384e-09
4 10 6 1 1.53108e-08
4 10 7 1 2.07811e-08
4 10 8 1 1.28356e-12
4 10 9 1 8.26073e-12
4 10 10 1 6.274e-14
4 11 1 1 4.68167e-12
4 11 2 1 6.27613e-35
4 11 3 1 8.60266e-10
4 11 4 1 3555.66
4 11 5 1 1.14178e-08
4 11 6 1 2.40531e-08
4 11 7 1 3.69967e-08
4 11 8 1 1.83452e-12
4 11 9 1 1.19872e-11
4 11 10 1 7.25788e-14
4 12 1 1 7.29644e-12
4 12 2 1 1.3801e-34
4 12 3 1 1.45166e-09
4 12 4 1 5337.52
4 12 5 1 1.89828e-08
4 12 6 1 3.92231e-08
4 12 7 1 6.85036e-08
4 12 8 1 2.86812e-12
4 12 9 1 1.91174e-11
4 12 10 1 8.62682e-14
4 13 1 1 7.39808e-12
4 13 2 1 1.88819e-34
4 13 3 1 1.74349e-09
4 13 4 1 5456.84
4 13 5 1 2.20263e-08
4 13 6 1 4.31553e-08
4 13 7 1 8.53008e-08
4 13 8 1 3.03794e-12
4 13 9 1 2.10819e-11
4 13 10 1 4.95838e-14
4 14 1 1 4.10864e-12
4 14 2 1 1.45549e-34
4 14 3 1 1.3371e-09
4 14 4 1 3571.84
4 14 5 1 1.60042e-08
4 14 6 1 3.10591e-08
4 14 7 1 6.49989e-08
4 14 8 1 2.04342e-12
4 14 9 1 1.42232e-11
4 14 10 1 8.77935e-14
4 15 1 1 3.94383e-12
4 15 2 1 1.98878e-34
4 15 3 1 1.91775e-09
4 15 4 1 4413.55
4 15 5 1 2.13341e-08
4 15 6 1 4.07732e-08
4 15 7 1 8.91791e-08
4 15 8 1 2.49163e-12
4 15 9 1 1.7695e-11
4 15 10 1 1.85009e-13
4 16 1 1 3.98794e-12
4 16 2 1 3.0564e-34
4 16 3 1 3.60603e-09
4 16 4 1 5890.86
4 16 5 1 3.1642e-08
4 16 6 1 7.09272e-08
4 16 7 1 1.33485e-07
4 16 8 1 3.20779e-12
4 16 9 1 2.46531e-11
4 16 10 1 2.56143e-13
4 17 1 1 2.06016e-12
4 17 2 1 2.38031e-34
4 17 3 1 3.58484e-09
4 17 4 1 4113.87
4 17 5 1 2.44871e-08
4 17 6 1 5.96698e-08
4 17 7 1 1.02287e-07
4 17 8 1 2.2002e-12
4 17 9 1 1.80798e-11
4 17 10 1 1.30483e-13
4 18 1 1 1.92437e-12
4 18 2 1 2.67489e-34
4 18 3 1 4.90139e-09
4 18 4 1 4328.09
4 18 5 1 2.82318e-08
4 18 6 1 6.77958e-08
4 18 7 1 1.13662e-07
4 18 8 1 2.31486e-12
4 18 9 1 2.00258e-11
4 18 10 1 1.04711e-13
4 19 1 1 2.66024e-12
4 19 2 1 3.02147e-34
4 19 3 1 5.72249e-09
4 19 4 1 4151.71
4 19 5 1 2.95877e-08
4 19 6 1 6.68452e-08
4 19 7 1 1.14312e-07
4 19 8 1 3.23774e-12
4 19 9 1 2.05391e-11
4 19 10 1 2.22116e-13
4 20 1 1 3.56786e-12
4 20 2 1 4.02049e-34
4 20 3 1 7.16929e-09
4 20 4 1 4489.24
4 20 5 1 3.49633e-08
4 20 6 1 7.35458e-08
4 20 7 1 1.29133e-07
4 20 8 1 4.44843e-12
4 20 9 1 2.45514e-11
4 20 10 1 4.19621e-13
4 21 1 1 3.29937e-12
4 21 2 1 3.66726e-34
4 21 3 1 8.4689e-09
4 21 4 1 3711.41
4 21 5 1 3.18313e-08
4 21 6 1 6.00237e-08
4 21 7 1 1.08934e-07
4 21 8 1 4.10646e-12
4 21 9 1 2.25454e-11
4 21 10 1 6.64642e-13
4 22 1 1 4.22528e-12
4 22 2 1 4.45299e-34
4 22 3 1 1.44806e-08
4 22 4 1 4441.63
4 22 5 1 4.1276e-08
4 22 6 1 7.6763e-08
4 22 7 1 1.31194e-07
4 22 8 1 5.14915e-12
4 22 9 1 2.93984e-11
4 22 10 1 9.93897e-13
4 23 1 1 4.04236e-12
4 23 2 1 4.38198e-34
4 23 3 1 1.7823e-08
4 23 4 1 4129.17
4 23 5 1 4.16839e-08
4 23 6 1 7.55784e-08
4 23 7 1 1.2321e-07
4 23 8 1 6.01991e-12
4 23 9 1 3.01524e-11
4 23 10 1 1.38129e-12
4 24 1 1 3.67593e-12
4 24 2 1 4.45333e-34
4 24 3 1 2.09995e-08
4 24 4 1 3824.48
4 24 5 1 4.09725e-08
4 24 6 1 7.08405e-08
4 24 7 1 1.13622e-07
4 24 8 1 6.22168e-12
4 24 9 1 2.81988e-11
4 24 10 1 1.3875e-12
4 25 1 1 3.48885e-12
4 25 2 1 4.75768e-34
4 25 3 1 2.60321e-08
4 25 4 1 3926.07
4 25 5 1 4.59679e-08
4 25 6 1 7.44082e-08
4 25 7 1 1.1572e-07
4 25 8 1 6.5032e-12
4 25 9 1 2.86179e-11
4 25 10 1 1.34844e-12
4 26 1 1 3.52823e-12
4 26 2 1 5.63693e-34
4 26 3 1 3.57443e-08
4 26 4 1 4554.52
4 26 5 1 6.10726e-08
4 26 6 1 9.13287e-08
4 26 7 1 1.37453e-07
4 26 8 1 7.54466e-12
4 26 9 1 3.46924e-11
4 26 10 1 1.4607e-12
4 27 1 1 2.37005e-12
4 27 2 1 4.32454e-34
4 27 3 1 2.98896e-08
4 27 4 1 3359.1
4 27 5 1 5.30381e-08
4 27 6 1 7.27936e-08
4 27 7 1 1.03676e-07
4 27 8 1 5.35198e-12
4 27 9 1 2.64235e-11
4 27 10 1 7.93508e-13
4 28 1 1 2.98234e-12
4 28 2 1 5.46457e-34
4 28 3 1 3.79482e-08
4 28 4 1 3919.32
4 28 5 1 9.04716e-08
4 28 6 1 9.32343e-08
4 28 7 1 1.23142e-07
4 28 8 1 6.01395e-12
4 28 9 1 3.38741e-11
4 28 10 1 5.03805e-13
4 29 1 1 3.27363e-12
4 29 2 1 5.84487e-34
4 29 3 1 3.98636e-08
4 29 4 1 3781.61
4 29 5 1 1.31767e-07
4 29 6 1 1.04496e-07
4 29 7 1 1.25007e-07
4 29 8 1 5.87772e-12
4 29 9 1 3.7183e-11
4 29 10 1 3.64688e-13
4 30 1 1 1.95026e-12
4 30 2 1 3.33536e-34
4 30 3 1 2.26676e-08
4 30 4 1 2123.16
4 30 5 1 9.45189e-08
4 30 6 1 6.33378e-08
4 30 7 1 7.03927e-08
4 30 8 1 3.5249e-12
4 30 9 1 2.20823e-11
4 30 10 1 1.86434e-13
4 31 1 1 1.32685e-12
4 31 2 1 2.43112e-34
4 31 3 1 1.66252e-08
4 31 4 1 1717.84
4 31 5 1 8.4074e-08
4 31 6 1 5.05227e-08
4 31 7 1 5.20915e-08
4 31 8 1 2.70937e-12
4 31 9 1 1.68059e-11
4 31 10 1 1.41832e-13
4 32 1 1 7.26213e-13
4 32 2 1 1.56264e-34
4 32 3 1 1.0574e-08
4 32 4 1 1286.42
4 32 5 1 6.50138e-08
4 32 6 1 3.4294e-08
4 32 7 1 3.39776e-08
4 32 8 1 1.84808e-12
4 32 9 1 1.09042e-11
4 32 10 1 1.11729e-13
4 33 1 1 4.08817e-13
4 33 2 1 9.86793e-35
4 33 3 1 6.40924e-09
4 33 4 1 946.683
4 33 5 1 4.64493e-08
4 33 6 1 2.17943e-08
4 33 7 1 2.14072e-08
4 33 8 1 1.21661e-12
4 33 9 1 6.64806e-12
4 33 10 1 8.57356e-14
4 34 1 1 4.02473e-13
4 34 2 1 1.1112e-34
4 34 3 1 6.60023e-09
4 34 4 1 1187.38
4 34 5 1 5.50364e-08
4 34 6 1 2.98416e-08
4 34 7 1 2.32226e-08
4 34 8 1 1.34751e-12
4 34 9 1 7.10174e-12
4 34 10 1 1.04927e-13
4 35 1 1 4.91585e-13
4 35 2 1 1.57576e-34
4 35 3 1 8.20506e-09
4 35 4 1 1754.29
4 35 5 1 8.06932e-08
4 35 6 1 4.77588e-08
4 35 7 1 3.08034e-08
4 35 8 1 1.75026e-12
4 35 9 1 9.49721e-12
4 35 10 1 1.41664e-13
4 36 1 1 3.01067e-13
4 36 2 1 8.71413e-35
4 36 3 1 4.38519e-09
4 36 4 1 1031.05
4 36 5 1 4.91464e-08
4 36 6 1 3.14979e-08
4 36 7 1 1.64722e-08
4 36 8 1 8.9732e-13
4 36 9 1 5.44984e-12
4 36 10 1 8.3681e-14
4 37 1 1 3.44455e-13
4 37 2 1 7.10917e-35
4 37 3 1 3.79122e-09
4 37 4 1 1139.54
4 37 5 1 4.56332e-08
4 37 6 1 3.19211e-08
4 37 7 1 1.35474e-08
4 37 8 1 7.2501e-13
4 37 9 1 4.85265e-12
4 37 10 1 8.25259e-14
4 38 1 1 4.07186e-13
4 38 2 1 5.64125e-35
4 38 3 1 3.33498e-09
4 38 4 1 1209
4 38 5 1 4.74613e-08
4 38 6 1 2.97896e-08
4 38 7 1 1.11585e-08
4 38 8 1 5.96628e-13
4 38 9 1 4.1827e-12
4 38 10 1 7.98485e-14
4 39 1 1 5.92147e-13
4 39 2 1 5.39569e-35
4 39 3 1 3.63114e-09
4 39 4 1 1551.04
4 39 5 1 6.33205e-08
4 39 6 1 3.35023e-08
4 39 7 1 1.15239e-08
4 39 8 1 6.17626e-13
4 39 9 1 4.46855e-12
4 39 10 1 9.4384e-14
4 40 1 1 7.7786e-13
4 40 2 1 4.82166e-35
4 40 3 1 4.62276e-09
4 40 4 1 1853.47
4 40 5 1 7.40105e-08
4 40 6 1 3.40281e-08
4 40 7 1 1.14522e-08
4 40 8 1 6.12984e-13
4 40 9 1 4.53224e-12
4 40 10 1 1.06941e-13
4 41 1 1 6.42181e-13
4 41 2 1 2.83034e-35
4 41 3 1 4.03699e-09
4 41 4 1 1439.95
4 41 5 1 5.80242e-08
4 41 6 1 2.30375e-08
4 41 7 1 7.58058e-09
4 41 8 1 4.00342e-13
4 41 9 1 3.00654e-12
4 41 10 1 7.88179e-14
4 42 1 1 5.35665e-13
4 42 2 1 1.75958e-35
4 42 3 1 3.48797e-09
4 42 4 1 1160.36
4 42 5 1 4.62266e-08
4 42 6 1 1.93354e-08
4 42 7 1 5.30275e-09
4 42 8 1 2.74388e-13
4 42 9 1 2.13216e-12
4 42 10 1 6.02443e-14
5 1 1 1 8.08043e-15
5 1 2 1 6.04184e-12
5 1 3 1 2.13715e-38
5 1 4 1 5.77989e-15
5 1 5 1 11965
5 1 6 1 3.03028e-11
5 1 7 1 1.00119e-10
5 1 8 1 1.44772e-16
5 1 9 1 2.03589e-14
5 1 10 1 1.12093e-16
5 2 1 1 7.43665e-15
5 2 2 1 4.40788e-12
5 2 3 1 1.25053e-38
5 2 4 1 4.49641e-15
5 2 5 1 8605.54
5 2 6 1 1.68429e-11
5 2 7 1 6.30265e-11
5 2 8 1 7.20152e-16
5 2 9 1 1.49962e-14
5 2 10 1 3.95939e-17
5 3 1 1 1.14548e-14
5 3 2 1 5.79079e-12
5 3 3 1 1.58641e-38
5 3 4 1 6.98566e-15
5 3 5 1 14072.2
5 3 6 1 2.04444e-11
5 3 7 1 8.53659e-11
5 3 8 1 1.91327e-15
5 3 9 1 2.27722e-14
5 3 10 1 2.74324e-17
5 4 1 1 7.19568e-15
5 4 2 1 3.34783e-12
5 4 3 1 9.368e-39
5 4 4 1 4.78936e-15
5 4 5 1 10461.2
5 4 6 1 1.14812e-11
5 4 7 1 5.2946e-11
5 4 8 1 1.54948e-15
5 4 9 1 1.53373e-14
5 4 10 1 7.46578e-18
5 5 1 1 4.36386e-15
5 5 2 1 2.08201e-12
5 5 3 1 6.06038e-39
5 5 4 1 3.43943e-15
5 5 5 1 8110.44
5 5 6 1 6.95789e-12
5 5 7 1 3.51871e-11
5 5 8 1 1.15811e-15
5 5 9 1 1.09541e-14
5 5 10 1 2.21134e-18
5 6 1 1 2.86007e-15
5 6 2 1 1.26318e-12
5 6 3 1 3.75178e-39
5 6 4 1 2.29683e-15
5 6 5 1 5732.48
5 6 6 1 3.97574e-12
5 6 7 1 2.19797e-11
5 6 8 1 7.58169e-16
5 6 9 1 7.32418e-15
5 6 10 1 5.45778e-19
5 7 1 1 1.93382e-15
5 7 2 1 8.09576e-13
5 7 3 1 2.26847e-39
5 7 4 1 1.46601e-15
5 7 5 1 3800.3
5 7 6 1 2.18568e-12
5 7 7 1 1.31931e-11
5 7 8 1 4.85149e-16
5 7 9 1 4.73193e-15
5 7 10 1 1.27329e-19
5 8 1 1 3.08586e-15
5 8 2 1 1.58078e-12
5 8 3 1 3.56452e-39
5 8 4 1 2.33113e-15
5 8 5 1 6335.82
5 8 6 1 3.04489e-12
5 8 7 1 2.00408e-11
5 8 8 1 7.79524e-16
5 8 9 1 7.67056e-15
5 8 10 1 1.08044e-19
5 9 1 1 2.72023e-15
5 9 2 1 2.51198e-12
5 9 3 1 3.38586e-39
5 9 4 1 2.14181e-15
5 9 5 1 6097.61
5 9 6 1 2.48879e-12
5 9 7 1 1.78292e-11
5 9 8 1 7.20665e-16
5 9 9 1 7.17446e-15
5 9 10 1 4.83633e-20
5 10 1 1 2.40978e-15
5 10 2 1 4.91324e-12
5 10 3 1 3.46642e-39
5 10 4 1 2.03179e-15
5 10 5 1 6246.01
5 10 6 1 2.1273e-12
5 10 7 1 1.65233e-11
5 10 8 1 6.86324e-16
5 10 9 1 6.93146e-15
5 10 10 1 1.86794e-20
5 11 1 1 2.64408e-15
5 11 2 1 9.7523e-12
5 11 3 1 4.48934e-39
5 11 4 1 2.33899e-15
5 11 5 1 7767.8
5 11 6 1 2.25091e-12
5 11 7 1 1.89274e-11
5 11 8 1 7.80764e-16
5 11 9 1 8.1552e-15
5 11 10 1 8.99658e-21
5 12 1 1 1.04905e-15
5 12 2 1 6.0132e-12
5 12 3 1 2.22198e-39
5 12 4 1 9.82137e-16
5 12 5 1 3621.22
5 12 6 1 8.97731e-13
5 12 7 1 9.22685e-12
5 12 8 1 3.40262e-16
5 12 9 1 3.64689e-15
5 12 10 1 1.45598e-21
5 13 1 1 1.1707e-15
5 13 2 1 8.8511e-12
5 13 3 1 3.19612e-39
5 13 4 1 1.07728e-15
5 13 5 1 4520.6
5 13 6 1 9.59937e-13
5 13 7 1 1.25536e-11
5 13 8 1 3.99656e-16
5 13 9 1 4.32677e-15
5 13 10 1 4.4639e-22
5 14 1 1 1.15461e-15
5 14 2 1 1.17992e-11
5 14 3 1 5.2886e-39
5 14 4 1 1.21543e-15
5 14 5 1 5680.4
5 14 6 1 1.04073e-12
5 14 7 1 1.72396e-11
5 14 8 1 4.58408e-16
5 14 9 1 5.04827e-15
5 14 10 1 1.56704e-22
5 15 1 1 7.06851e-16
5 15 2 1 1.02239e-11
5 15 3 1 5.70243e-39
5 15 4 1 9.33071e-16
5 15 5 1 4801.81
5 15 6 1 7.62353e-13
5 15 7 1 1.56606e-11
5 15 8 1 3.55266e-16
5 15 9 1 3.98273e-15
5 15 10 1 5.80567e-23
5 16 1 1 3.72749e-16
5 16 2 1 8.34666e-12
5 16 3 1 5.30513e-39
5 16 4 1 6.49693e-16
5 16 5 1 3783.28
5 16 6 1 5.18982e-13
5 16 7 1 1.29288e-11
5 16 8 1 2.49703e-16
5 16 9 1 2.94765e-15
5 16 10 1 2.04029e-23
5 17 1 1 9.06904e-16
5 17 2 1 3.10282e-11
5 17 3 1 2.14559e-38
5 17 4 1 2.13826e-15
5 17 5 1 13975.4
5 17 6 1 1.64403e-12
5 17 7 1 4.87706e-11
5 17 8 1 8.22531e-16
5 17 9 1 1.03185e-14
5 17 10 1 2.73201e-23
5 18 1 1 1.1162e-16
5 18 2 1 4.78595e-12
5 18 3 1 3.89566e-39
5 18 4 1 3.07474e-16
5 18 5 1 2211.58
5 18 6 1 2.18983e-13
5 18 7 1 7.62063e-12
5 18 8 1 1.20452e-16
5 18 9 1 1.56875e-15
5 18 10 1 1.70777e-24
5 19 1 1 1.60222e-16
5 19 2 1 8.15385e-12
5 19 3 1 8.50258e-39
5 19 4 1 4.4242e-16
5 19 5 1 3495.87
5 19 6 1 2.91996e-13
5 19 7 1 1.17484e-11
5 19 8 1 1.752e-16
5 19 9 1 2.42676e-15
5 19 10 1 1.75907e-24
5 20 1 1 1.69268e-16
5 20 2 1 6.91656e-12
5 20 3 1 8.34604e-39
5 20 4 1 3.02092e-16
5 20 5 1 2633.45
5 20 6 1 1.85712e-13
5 20 7 1 8.54955e-12
5 20 8 1 1.46826e-16
5 20 9 1 1.84922e-15
5 20 10 1 8.86915e-25
5 21 1 1 3.19144e-16
5 21 2 1 1.10294e-11
5 21 3 1 1.55978e-38
5 21 4 1 4.30082e-16
5 21 5 1 4191.47
5 21 6 1 2.4292e-13
5 21 7 1 1.27163e-11
5 21 8 1 2.59364e-16
5 21 9 1 2.96873e-15
5 21 10 1 9.15417e-25
5 22 1 1 3.20652e-16
5 22 2 1 9.93202e-12
5 22 3 1 1.70879e-38
5 22 4 1 3.77444e-16
5 22 5 1 4030.74
5 22 6 1 1.93153e-13
5 22 7 1 1.1446e-11
5 22 8 1 2.70788e-16
5 22 9 1 2.87085e-15
5 22 10 1 5.62367e-25
5 23 1 1 4.39524e-16
5 23 2 1 1.36055e-11
5 23 3 1 2.60238e-38
5 23 4 1 4.85162e-16
5 23 5 1 5666.49
5 23 6 1 2.25784e-13
5 23 7 1 1.507e-11
5 23 8 1 3.94126e-16
5 23 9 1 4.0989e-15
5 23 10 1 4.88564e-25
5 24 1 1 5.02201e-16
5 24 2 1 1.8301e-11
5 24 3 1 3.53111e-38
5 24 4 1 5.93601e-16
5 24 5 1 7371.96
5 24 6 1 2.47491e-13
5 24 7 1 1.8502e-11
5 24 8 1 5.5223e-16
5 24 9 1 5.07366e-15
5 24 10 1 3.63354e-25
5 25 1 1 4.81404e-16
5 25 2 1 1.95879e-11
5 25 3 1 3.83522e-38
5 25 4 1 6.12074e-16
5 25 5 1 8286.06
5 25 6 1 2.27375e-13
5 25 7 1 1.89748e-11
5 25 8 1 6.3301e-16
5 25 9 1 5.1586e-15
5 25 10 1 2.25976e-25
5 26 1 1 3.99651e-16
5 26 2 1 1.85841e-11
5 26 3 1 3.76597e-38
5 26 4 1 5.7236e-16
5 26 5 1 8815.47
5 26 6 1 1.954e-13
5 26 7 1 1.81246e-11
5 26 8 1 6.48366e-16
5 26 9 1 5.00764e-15
5 26 10 1 1.36782e-25
5 27 1 1 4.86195e-16
5 27 2 1 2.51534e-11
5 27 3 1 5.08507e-38
5 27 4 1 7.44386e-16
5 27 5 1 13506.6
5 27 6 1 2.35934e-13
5 27 7 1 2.41956e-11
5 27 8 1 8.78477e-16
5 27 9 1 6.72897e-15
5 27 10 1 9.32714e-26
5 28 1 1 4.00784e-16
5 28 2 1 2.01696e-11
5 28 3 1 3.82766e-38
5 28 4 1 5.51734e-16
5 28 5 1 14620.3
5 28 6 1 1.61698e-13
5 28 7 1 1.82808e-11
5 28 8 1 6.66886e-16
5 28 9 1 5.47409e-15
5 28 10 1 2.74014e-26
5 29 1 1 2.41142e-16
5 29 2 1 1.18213e-11
5 29 3 1 2.09261e-38
5 29 4 1 2.92221e-16
5 29 5 1 11668
5 29 6 1 8.17649e-14
5 29 7 1 1.01899e-11
5 29 8 1 3.74706e-16
5 29 9 1 3.29257e-15
5 29 10 1 7.25916e-27
5 30 1 1 1.99382e-16
5 30 2 1 9.93039e-12
5 30 3 1 1.68855e-38
5 30 4 1 2.40595e-16
5 30 5 1 12320.9
5 30 6 1 6.16121e-14
5 30 7 1 8.45824e-12
5 30 8 1 3.13154e-16
5 30 9 1 2.87852e-15
5 30 10 1 3.38039e-27
5 31 1 1 8.422e-17
5 31 2 1 4.48897e-12
5 31 3 1 7.48486e-39
5 31 4 1 1.18351e-16
5 31 5 1 6796.76
5 31 6 1 2.56718e-14
5 31 7 1 3.88195e-12
5 31 8 1 1.45818e-16
5 31 9 1 1.35863e-15
5 31 10 1 8.69689e-28
5 32 1 1 5.90861e-17
5 32 2 1 3.64424e-12
5 32 3 1 5.8952e-39
5 32 4 1 1.10242e-16
5 32 5 1 6638.28
5 32 6 1 1.91406e-14
5 32 7 1 3.1953e-12
5 32 8 1 1.20714e-16
5 32 9 1 1.11339e-15
5 32 10 1 3.99014e-28
5 33 1 1 1.37527e-16
5 33 2 1 9.23688e-12
5 33 3 1 1.45351e-38
5 33 4 1 3.30195e-16
5 33 5 1 19036.2
5 33 6 1 4.36216e-14
5 33 7 1 8.05617e-12
5 33 8 1 3.16926e-16
5 33 9 1 2.72456e-15
5 33 10 1 6.1006e-28
5 34 1 1 7.86637e-17
5 34 2 1 5.86752e-12
5 34 3 1 9.31907e-39
5 34 4 1 2.39271e-16
5 34 5 1 12723.6
5 34 6 1 2.39177e-14
5 34 7 1 4.90313e-12
5 34 8 1 2.03072e-16
5 34 9 1 1.64182e-15
5 34 10 1 2.49143e-28
5 35 1 1 2.6873e-17
5 35 2 1 2.30261e-12
5 35 3 1 3.67297e-39
5 35 4 1 1.0014e-16
5 35 5 1 5162.6
5 35 6 1 7.81038e-15
5 35 7 1 1.78594e-12
5 35 8 1 7.60231e-17
5 35 9 1 6.07614e-16
5 35 10 1 6.20312e-29
5 36 1 1 4.89555e-18
5 36 2 1 4.11159e-13
5 36 3 1 6.76763e-40
5 36 4 1 1.93456e-17
5 36 5 1 1015.26
5 36 6 1 1.19603e-15
5 36 7 1 3.06286e-13
5 36 8 1 1.30387e-17
5 36 9 1 1.12582e-16
5 36 10 1 8.31769e-30
5 37 1 1 6.75614e-17
5 37 2 1 4.65125e-12
5 37 3 1 8.89305e-39
5 37 4 1 2.467e-16
5 37 5 1 13071.7
5 37 6 1 1.20928e-14
5 37 7 1 3.47616e-12
5 37 8 1 1.46531e-16
5 37 9 1 1.39005e-15
5 37 10 1 8.11492e-29
5 38 1 1 8.32283e-17
5 38 2 1 3.81811e-12
5 38 3 1 1.02685e-38
5 38 4 1 2.73084e-16
5 38 5 1 14064.2
5 38 6 1 9.13287e-15
5 38 7 1 2.9544e-12
5 38 8 1 1.24762e-16
5 38 9 1 1.23946e-15
5 38 10 1 6.03488e-29
5 39 1 1 8.59937e-17
5 39 2 1 2.39803e-12
5 39 3 1 9.05358e-39
5 39 4 1 2.43402e-16
5 39 5 1 12321.2
5 39 6 1 5.47694e-15
5 39 7 1 2.0031e-12
5 39 8 1 8.57375e-17
5 39 9 1 8.69514e-16
5 39 10 1 3.64653e-29
5 40 1 1 9.77812e-17
5 40 2 1 1.68908e-12
5 40 3 1 8.46348e-39
5 40 4 1 2.42246e-16
5 40 5 1 11351.4
5 40 6 1 3.78933e-15
5 40 7 1 1.57175e-12
5 40 8 1 6.85991e-17
5 40 9 1 6.95134e-16
5 40 10 1 2.57466e-29
5 41 1 1 1.09288e-16
5 41 2 1 1.26735e-12
5 41 3 1 7.9471e-39
5 41 4 1 2.51104e-16
5 41 5 1 11375.5
5 41 6 1 2.82899e-15
5 41 7 1 1.33274e-12
5 41 8 1 5.89062e-17
5 41 9 1 5.89426e-16
5 41 10 1 1.96822e-29
5 42 1 1 2.435e-17
5 42 2 1 2.03341e-13
5 42 3 1 1.49828e-39
5 42 4 1 5.38696e-17
5 42 5 1 2338.89
5 42 6 1 4.49295e-16
5 42 7 1 2.41053e-13
5 42 8 1 1.07254e-17
5 42 9 1 1.07879e-16
5 42 10 1 3.22896e-30
6 1 1 1 2.7106e-15
6 1 2 1 1.39306e-12
6 1 3 1 1.12547e-12
6 1 4 1 1.4455e-15
6 1 5 1 2.7945e-12
6 1 6 1 11803.6
6 1 7 1 2.50462e-11
6 1 8 1 1.18561e-15
6 1 9 1 4.71432e-15
6 1 10 1 3.06383e-16
6 2 1 1 9.7418e-16
6 2 2 1 4.89616e-13
6 2 3 1 3.17262e-13
6 2 4 1 5.24122e-16
6 2 5 1 1.03941e-12
6 2 6 1 3724.11
6 2 7 1 7.43578e-12
6 2 8 1 4.29619e-16
6 2 9 1 1.67181e-15
6 2 10 1 1.09825e-16
6 3 1 1 1.15788e-15
6 3 2 1 5.31503e-13
6 3 3 1 3.3257e-13
6 3 4 1 6.63119e-16
6 3 5 1 1.40525e-12
6 3 6 1 4455.69
6 3 7 1 8.22428e-12
6 3 8 1 5.05918e-16
6 3 9 1 2.1092e-15
6 3 10 1 1.23516e-16
6 4 1 1 9.9293e-16
6 4 2 1 4.1104e-13
6 4 3 1 2.62704e-13
6 4 4 1 6.04368e-16
6 4 5 1 1.36999e-12
6 4 6 1 4043.51
6 4 7 1 6.78756e-12
6 4 8 1 4.15272e-16
6 4 9 1 1.91038e-15
6 4 10 1 1.16347e-16
6 5 1 1 1.82331e-15
6 5 2 1 6.78778e-13
6 5 3 1 4.51278e-13
6 5 4 1 1.15062e-15
6 5 5 1 2.76171e-12
6 5 6 1 7782.97
6 5 7 1 1.19688e-11
6 5 8 1 7.62847e-16
6 5 9 1 3.6359e-15
6 5 10 1 2.39682e-16
6 6 1 1 1.55252e-15
6 6 2 1 5.48702e-13
6 6 3 1 3.72228e-13
6 6 4 1 1.02511e-15
6 6 5 1 2.57212e-12
6 6 6 1 6841.18
6 6 7 1 9.98128e-12
6 6 8 1 6.63741e-16
6 6 9 1 3.24539e-15
6 6 10 1 1.72284e-16
6 7 1 1 1.23972e-15
6 7 2 1 4.37099e-13
6 7 3 1 2.7974e-13
6 7 4 1 8.15263e-16
6 7 5 1 2.12677e-12
6 7 6 1 5310.27
6 7 7 1 7.47312e-12
6 7 8 1 5.01286e-16
6 7 9 1 2.6092e-15
6 7 10 1 1.21151e-16
6 8 1 1 1.18994e-15
6 8 2 1 5.27634e-13
6 8 3 1 2.71744e-13
6 8 4 1 8.03584e-16
6 8 5 1 2.18983e-12
6 8 6 1 5364.72
6 8 7 1 7.04865e-12
6 8 8 1 4.7467e-16
6 8 9 1 2.61802e-15
6 8 10 1 1.10714e-16
6 9 1 1 1.13909e-15
6 9 2 1 9.12623e-13
6 9 3 1 2.80959e-13
6 9 4 1 8.05658e-16
6 9 5 1 2.34868e-12
6 9 6 1 5817.96
6 9 7 1 6.86077e-12
6 9 8 1 4.66199e-16
6 9 9 1 2.66816e-15
6 9 10 1 9.37234e-17
6 10 1 1 1.03898e-15
6 10 2 1 1.72192e-12
6 10 3 1 2.77476e-13
6 10 4 1 7.39025e-16
6 10 5 1 2.28883e-12
6 10 6 1 5700.07
6 10 7 1 7.04783e-12
6 10 8 1 4.25861e-16
6 10 9 1 2.48625e-15
6 10 10 1 7.09407e-17
6 11 1 1 1.37016e-15
6 11 2 1 4.03258e-12
6 11 3 1 4.23992e-13
6 11 4 1 1.00625e-15
6 11 5 1 3.35223e-12
6 11 6 1 8133.11
6 11 7 1 1.13611e-11
6 11 8 1 5.76481e-16
6 11 9 1 3.44936e-15
6 11 10 1 9.66305e-17
6 12 1 1 1.56896e-15
6 12 2 1 6.6301e-12
6 12 3 1 5.59569e-13
6 12 4 1 1.12987e-15
6 12 5 1 4.16352e-12
6 12 6 1 9713.46
6 12 7 1 1.5234e-11
6 12 8 1 6.6226e-16
6 12 9 1 4.1127e-15
6 12 10 1 1.94552e-16
6 13 1 1 1.14199e-15
6 13 2 1 6.56392e-12
6 13 3 1 5.41362e-13
6 13 4 1 8.36423e-16
6 13 5 1 3.47492e-12
6 13 6 1 8002.77
6 13 7 1 1.34732e-11
6 13 8 1 5.18937e-16
6 13 9 1 3.28243e-15
6 13 10 1 1.84081e-16
6 14 1 1 8.13045e-16
6 14 2 1 6.48873e-12
6 14 3 1 6.64272e-13
6 14 4 1 7.08326e-16
6 14 5 1 3.23587e-12
6 14 6 1 7655.7
6 14 7 1 1.30244e-11
6 14 8 1 4.41989e-16
6 14 9 1 2.84305e-15
6 14 10 1 1.34038e-16
6 15 1 1 4.47052e-16
6 15 2 1 5.06828e-12
6 15 3 1 6.4566e-13
6 15 4 1 5.01453e-16
6 15 5 1 2.47824e-12
6 15 6 1 6668.09
6 15 7 1 1.01525e-11
6 15 8 1 3.03042e-16
6 15 9 1 2.02738e-15
6 15 10 1 8.153e-17
6 16 1 1 7.69507e-16
6 16 2 1 1.32617e-11
6 16 3 1 1.92522e-12
6 16 4 1 1.1401e-15
6 16 5 1 6.30386e-12
6 16 6 1 18241.6
6 16 7 1 2.5789e-11
6 16 8 1 6.68907e-16
6 16 9 1 4.83465e-15
6 16 10 1 1.65275e-16
6 17 1 1 4.86834e-16
6 17 2 1 1.24721e-11
6 17 3 1 1.96983e-12
6 17 4 1 9.607e-16
6 17 5 1 5.96954e-12
6 17 6 1 17068.5
6 17 7 1 2.38231e-11
6 17 8 1 5.97045e-16
6 17 9 1 4.31417e-15
6 17 10 1 1.33175e-16
6 18 1 1 7.58747e-17
6 18 2 1 2.09005e-12
6 18 3 1 3.88568e-13
6 18 4 1 1.5099e-16
6 18 5 1 1.02288e-12
6 18 6 1 2747.66
6 18 7 1 3.94665e-12
6 18 8 1 1.20359e-16
6 18 9 1 7.20921e-16
6 18 10 1 3.01102e-17
6 19 1 1 1.75695e-16
6 19 2 1 4.32808e-12
6 19 3 1 1.03082e-12
6 19 4 1 2.66447e-16
6 19 5 1 1.9691e-12
6 19 6 1 4882.74
6 19 7 1 7.27654e-12
6 19 8 1 2.65138e-16
6 19 9 1 1.37414e-15
6 19 10 1 9.0766e-17
6 20 1 1 2.74273e-16
6 20 2 1 6.8761e-12
6 20 3 1 1.89509e-12
6 20 4 1 3.45664e-16
6 20 5 1 2.83443e-12
6 20 6 1 6485.25
6 20 7 1 9.80677e-12
6 20 8 1 3.93344e-16
6 20 9 1 1.96613e-15
6 20 10 1 1.77054e-16
6 21 1 1 4.31352e-16
6 21 2 1 1.06749e-11
6 21 3 1 3.44802e-12
6 21 4 1 4.87471e-16
6 21 5 1 4.34247e-12
6 21 6 1 9754.05
6 21 7 1 1.40662e-11
6 21 8 1 6.08099e-16
6 21 9 1 3.06182e-15
6 21 10 1 3.49673e-16
6 22 1 1 2.8353e-16
6 22 2 1 6.67383e-12
6 22 3 1 2.62256e-12
6 22 4 1 3.00421e-16
6 22 5 1 2.87577e-12
6 22 6 1 6262.21
6 22 7 1 8.71315e-12
6 22 8 1 4.39136e-16
6 22 9 1 2.04322e-15
6 22 10 1 2.82931e-16
6 23 1 1 5.4599e-16
6 23 2 1 1.30531e-11
6 23 3 1 5.70252e-12
6 23 4 1 5.54919e-16
6 23 5 1 5.73421e-12
6 23 6 1 11856
6 23 7 1 1.62515e-11
6 23 8 1 9.41352e-16
6 23 9 1 4.14599e-15
6 23 10 1 5.43165e-16
6 24 1 1 1.88759e-16
6 24 2 1 5.09561e-12
6 24 3 1 2.2456e-12
6 24 4 1 1.97161e-16
6 24 5 1 2.22762e-12
6 24 6 1 4312.78
6 24 7 1 5.75366e-12
6 24 8 1 3.49343e-16
6 24 9 1 1.49528e-15
6 24 10 1 1.68444e-16
6 25 1 1 8.62179e-17
6 25 2 1 2.63989e-12
6 25 3 1 1.18056e-12
6 25 4 1 9.78939e-17
6 25 5 1 1.22592e-12
6 25 6 1 2196.82
6 25 7 1 2.84014e-12
6 25 8 1 1.70135e-16
6 25 9 1 7.48059e-16
6 25 10 1 7.01293e-17
6 26 1 1 1.7093e-16
6 26 2 1 6.14175e-12
6 26 3 1 2.84267e-12
6 26 4 1 2.23312e-16
6 26 5 1 3.36773e-12
6 26 6 1 5377.86
6 26 7 1 6.62138e-12
6 26 8 1 3.80108e-16
6 26 9 1 1.76996e-15
6 26 10 1 1.42499e-16
6 27 1 1 1.00897e-16
6 27 2 1 4.13197e-12
6 27 3 1 1.9079e-12
6 27 4 1 1.44451e-16
6 27 5 1 3.08231e-12
6 27 6 1 3838.93
6 27 7 1 4.3787e-12
6 27 8 1 2.33851e-16
6 27 9 1 1.16881e-15
6 27 10 1 6.73649e-17
6 28 1 1 9.17323e-17
6 28 2 1 3.75646e-12
6 28 3 1 1.62822e-12
6 28 4 1 1.21101e-16
6 28 5 1 3.61952e-12
6 28 6 1 3601.6
6 28 7 1 3.74125e-12
6 28 8 1 1.9084e-16
6 28 9 1 1.07094e-15
6 28 10 1 3.67137e-17
6 29 1 1 5.30626e-17
6 29 2 1 2.0912e-12
6 29 3 1 8.45507e-13
6 29 4 1 6.09427e-17
6 29 5 1 2.41362e-12
6 29 6 1 2054.65
6 29 7 1 1.97671e-12
6 29 8 1 1.02813e-16
6 29 9 1 6.10807e-16
6 29 10 1 1.72292e-17
6 30 1 1 5.17883e-17
6 30 2 1 1.98e-12
6 30 3 1 7.68971e-13
6 30 4 1 5.73957e-17
6 30 5 1 2.7332e-12
6 30 6 1 2055.41
6 30 7 1 1.84765e-12
6 30 8 1 1.01809e-16
6 30 9 1 6.00942e-16
6 30 10 1 1.87515e-17
6 31 1 1 1.01502e-16
6 31 2 1 4.18311e-12
6 31 3 1 1.59307e-12
6 31 4 1 1.35065e-16
6 31 5 1 6.99331e-12
6 31 6 1 4594.58
6 31 7 1 3.96498e-12
6 31 8 1 2.30057e-16
6 31 9 1 1.32152e-15
6 31 10 1 4.6685e-17
6 32 1 1 6.14671e-17
6 32 2 1 2.98118e-12
6 32 3 1 1.10148e-12
6 32 4 1 1.10941e-16
6 32 5 1 5.79961e-12
6 32 6 1 3574.82
6 32 7 1 2.87108e-12
6 32 8 1 1.70797e-16
6 32 9 1 9.4838e-16
6 32 10 1 3.30727e-17
6 33 1 1 4.63503e-17
6 33 2 1 2.52685e-12
6 33 3 1 9.08174e-13
6 33 4 1 1.08654e-16
6 33 5 1 5.47158e-12
6 33 6 1 3743.09
6 33 7 1 2.43213e-12
6 33 8 1 1.47203e-16
6 33 9 1 7.75023e-16
6 33 10 1 2.59639e-17
6 34 1 1 3.73666e-17
6 34 2 1 2.32665e-12
6 34 3 1 8.44009e-13
6 34 4 1 1.1078e-16
6 34 5 1 5.46536e-12
6 34 6 1 4078.99
6 34 7 1 2.16169e-12
6 34 8 1 1.30829e-16
6 34 9 1 6.82456e-16
6 34 10 1 2.16945e-17
6 35 1 1 2.03828e-17
6 35 2 1 1.43406e-12
6 35 3 1 5.22471e-13
6 35 4 1 7.09217e-17
6 35 5 1 3.59528e-12
6 35 6 1 2902.33
6 35 7 1 1.24678e-12
6 35 8 1 7.36103e-17
6 35 9 1 4.0514e-16
6 35 10 1 1.18289e-17
6 36 1 1 2.36131e-17
6 36 2 1 1.44565e-12
6 36 3 1 5.43487e-13
6 36 4 1 8.46512e-17
6 36 5 1 4.02419e-12
6 36 6 1 3403.03
6 36 7 1 1.21492e-12
6 36 8 1 6.97345e-17
6 36 9 1 4.24734e-16
6 36 10 1 1.21407e-17
6 37 1 1 3.11607e-17
6 37 2 1 1.37811e-12
6 37 3 1 6.01814e-13
6 37 4 1 1.03407e-16
6 37 5 1 4.82745e-12
6 37 6 1 3692.36
6 37 7 1 1.16668e-12
6 37 8 1 6.5779e-17
6 37 9 1 4.38458e-16
6 37 10 1 1.28354e-17
6 38 1 1 3.2993e-17
6 38 2 1 1.00036e-12
6 38 3 1 6.14486e-13
6 38 4 1 9.75288e-17
6 38 5 1 4.56759e-12
6 38 6 1 3007.98
6 38 7 1 8.78226e-13
6 38 8 1 4.90322e-17
6 38 9 1 3.42099e-16
6 38 10 1 1.05877e-17
6 39 1 1 4.18069e-17
6 39 2 1 8.51533e-13
6 39 3 1 7.34286e-13
6 39 4 1 1.09639e-16
6 39 5 1 4.95331e-12
6 39 6 1 2849.44
6 39 7 1 8.0629e-13
6 39 8 1 4.4618e-17
6 39 9 1 3.2184e-16
6 39 10 1 1.068e-17
6 40 1 1 4.13007e-17
6 40 2 1 5.76635e-13
6 40 3 1 6.59931e-13
6 40 4 1 9.84329e-17
6 40 5 1 4.40688e-12
6 40 6 1 2292.24
6 40 7 1 6.06841e-13
6 40 8 1 3.32172e-17
6 40 9 1 2.45324e-16
6 40 10 1 8.69014e-18
6 41 1 1 3.97582e-17
6 41 2 1 3.9613e-13
6 41 3 1 5.67345e-13
6 41 4 1 8.906e-17
6 41 5 1 3.90113e-12
6 41 6 1 2081.76
6 41 7 1 4.70009e-13
6 41 8 1 2.52206e-17
6 41 9 1 1.89454e-16
6 41 10 1 7.22475e-18
6 42 1 1 3.92237e-17
6 42 2 1 2.67173e-13
6 42 3 1 4.49634e-13
6 42 4 1 7.76503e-17
6 42 5 1 3.28356e-12
6 42 6 1 1941.21
6 42 7 1 3.56829e-13
6 42 8 1 1.87323e-17
6 42 9 1 1.4539e-16
6 42 10 1 6.18353e-18
7 1 1 1 6.50992e-16
7 1 2 1 3.34565e-13
7 1 3 1 2.70299e-13
7 1 4 1 3.47159e-16
7 1 5 1 6.71143e-13
7 1 6 1 2.83481e-12
7 1 7 1 6015.24
7 1 8 1 2.84741e-16
7 1 9 1 1.13222e-15
7 1 10 1 7.35825e-17
7 2 1 1 6.56323e-16
7 2 2 1 3.29863e-13
7 2 3 1 2.13745e-13
7 2 4 1 3.5311e-16
7 2 5 1 7.00268e-13
7 2 6 1 2.509e-12
7 2 7 1 5009.62
7 2 8 1 2.89442e-16
7 2 9 1 1.12633e-15
7 2 10 1 7.39908e-17
7 3 1 1 9.80416e-16
7 3 2 1 4.50042e-13
7 3 3 1 2.81599e-13
7 3 4 1 5.61486e-16
7 3 5 1 1.18987e-12
7 3 6 1 3.77278e-12
7 3 7 1 6963.78
7 3 8 1 4.28378e-16
7 3 9 1 1.78594e-15
7 3 10 1 1.04585e-16
7 4 1 1 1.00225e-15
7 4 2 1 4.149e-13
7 4 3 1 2.65171e-13
7 4 4 1 6.10044e-16
7 4 5 1 1.38285e-12
7 4 6 1 4.08149e-12
7 4 7 1 6851.3
7 4 8 1 4.19172e-16
7 4 9 1 1.92832e-15
7 4 10 1 1.17439e-16
7 5 1 1 1.32073e-15
7 5 2 1 4.91678e-13
7 5 3 1 3.26887e-13
7 5 4 1 8.33464e-16
7 5 5 1 2.00047e-12
7 5 6 1 5.63766e-12
7 5 7 1 8669.69
7 5 8 1 5.52574e-16
7 5 9 1 2.6337e-15
7 5 10 1 1.73616e-16
7 6 1 1 1.30178e-15
7 6 2 1 4.60087e-13
7 6 3 1 3.12113e-13
7 6 4 1 8.59556e-16
7 6 5 1 2.15672e-12
7 6 6 1 5.73633e-12
7 6 7 1 8369.3
7 6 8 1 5.56547e-16
7 6 9 1 2.72126e-15
7 6 10 1 1.4446e-16
7 7 1 1 1.08575e-15
7 7 2 1 3.82814e-13
7 7 3 1 2.44998e-13
7 7 4 1 7.14012e-16
7 7 5 1 1.86263e-12
7 7 6 1 4.65077e-12
7 7 7 1 6545
7 7 8 1 4.3903e-16
7 7 9 1 2.28515e-15
7 7 10 1 1.06105e-16
7 8 1 1 1.13271e-15
7 8 2 1 5.02255e-13
7 8 3 1 2.58674e-13
7 8 4 1 7.64932e-16
7 8 5 1 2.0845e-12
7 8 6 1 5.10668e-12
7 8 7 1 6709.62
7 8 8 1 4.51839e-16
7 8 9 1 2.49209e-15
7 8 10 1 1.05389e-16
7 9 1 1 1.11041e-15
7 9 2 1 8.89651e-13
7 9 3 1 2.73887e-13
7 9 4 1 7.85378e-16
7 9 5 1 2.28956e-12
7 9 6 1 5.67151e-12
7 9 7 1 6688.07
7 9 8 1 4.54464e-16
7 9 9 1 2.60099e-15
7 9 10 1 9.13642e-17
7 10 1 1 1.03443e-15
7 10 2 1 1.71439e-12
7 10 3 1 2.76262e-13
7 10 4 1 7.35792e-16
7 10 5 1 2.27882e-12
7 10 6 1 5.67514e-12
7 10 7 1 7017
7 10 8 1 4.23998e-16
7 10 9 1 2.47537e-15
7 10 10 1 7.06304e-17
7 11 1 1 1.02577e-15
7 11 2 1 3.01897e-12
7 11 3 1 3.1742e-13
7 11 4 1 7.53322e-16
7 11 5 1 2.50963e-12
7 11 6 1 6.08882e-12
7 11 7 1 8505.41
7 11 8 1 4.3158e-16
7 11 9 1 2.58234e-15
7 11 10 1 7.2342e-17
7 12 1 1 1.15694e-15
7 12 2 1 4.88897e-12
7 12 3 1 4.12621e-13
7 12 4 1 8.33154e-16
7 12 5 1 3.07014e-12
7 12 6 1 7.16262e-12
7 12 7 1 11233.4
7 12 8 1 4.88344e-16
7 12 9 1 3.03267e-15
7 12 10 1 1.43461e-16
7 13 1 1 1.38208e-15
7 13 2 1 7.94394e-12
7 13 3 1 6.5518e-13
7 13 4 1 1.01228e-15
7 13 5 1 4.2055e-12
7 13 6 1 9.68531e-12
7 13 7 1 16305.8
7 13 8 1 6.2804e-16
7 13 9 1 3.97254e-15
7 13 10 1 2.22783e-16
7 14 1 1 1.0593e-15
7 14 2 1 8.45405e-12
7 14 3 1 8.65468e-13
7 14 4 1 9.22866e-16
7 14 5 1 4.21595e-12
7 14 6 1 9.97447e-12
7 14 7 1 16969.3
7 14 8 1 5.75859e-16
7 14 9 1 3.70415e-15
7 14 10 1 1.74636e-16
7 15 1 1 4.64182e-16
7 15 2 1 5.26248e-12
7 15 3 1 6.704e-13
7 15 4 1 5.20667e-16
7 15 5 1 2.5732e-12
7 15 6 1 6.92359e-12
7 15 7 1 10541.5
7 15 8 1 3.14654e-16
7 15 9 1 2.10506e-15
7 15 10 1 8.46539e-17
7 16 1 1 1.96026e-16
7 16 2 1 3.37833e-12
7 16 3 1 4.90437e-13
7 16 4 1 2.90432e-16
7 16 5 1 1.60586e-12
7 16 6 1 4.64693e-12
7 16 7 1 6569.57
7 16 8 1 1.70399e-16
7 16 9 1 1.23159e-15
7 16 10 1 4.21027e-17
7 17 1 1 3.17509e-16
7 17 2 1 8.1342e-12
7 17 3 1 1.2847e-12
7 17 4 1 6.2656e-16
7 17 5 1 3.89328e-12
7 17 6 1 1.11319e-11
7 17 7 1 15537.2
7 17 8 1 3.89387e-16
7 17 9 1 2.81366e-15
7 17 10 1 8.68556e-17
7 18 1 1 1.63135e-16
7 18 2 1 4.49371e-12
7 18 3 1 8.35443e-13
7 18 4 1 3.24636e-16
7 18 5 1 2.19925e-12
7 18 6 1 5.90761e-12
7 18 7 1 8485.51
7 18 8 1 2.58779e-16
7 18 9 1 1.55002e-15
7 18 10 1 6.47385e-17
7 19 1 1 2.2584e-16
7 19 2 1 5.56334e-12
7 19 3 1 1.32502e-12
7 19 4 1 3.42493e-16
7 19 5 1 2.53109e-12
7 19 6 1 6.2763e-12
7 19 7 1 9353.31
7 19 8 1 3.40811e-16
7 19 9 1 1.76632e-15
7 19 10 1 1.16671e-16
7 20 1 1 3.80819e-16
7 20 2 1 9.54722e-12
7 20 3 1 2.63127e-12
7 20 4 1 4.79943e-16
7 20 5 1 3.9355e-12
7 20 6 1 9.00454e-12
7 20 7 1 13616.4
7 20 8 1 5.46144e-16
7 20 9 1 2.72991e-15
7 20 10 1 2.45833e-16
7 21 1 1 1.75981e-16
7 21 2 1 4.35507e-12
7 21 3 1 1.40671e-12
7 21 4 1 1.98876e-16
7 21 5 1 1.77162e-12
7 21 6 1 3.97941e-12
7 21 7 1 5738.65
7 21 8 1 2.48089e-16
7 21 9 1 1.24914e-15
7 21 10 1 1.42658e-16
7 22 1 1 1.70338e-16
7 22 2 1 4.00949e-12
7 22 3 1 1.57557e-12
7 22 4 1 1.80486e-16
7 22 5 1 1.7277e-12
7 22 6 1 3.7622e-12
7 22 7 1 5234.67
7 22 8 1 2.63823e-16
7 22 9 1 1.22752e-15
7 22 10 1 1.69979e-16
7 23 1 1 3.27517e-16
7 23 2 1 7.82999e-12
7 23 3 1 3.4207e-12
7 23 4 1 3.32873e-16
7 23 5 1 3.43971e-12
7 23 6 1 7.11191e-12
7 23 7 1 9748.59
7 23 8 1 5.64677e-16
7 23 9 1 2.487e-15
7 23 10 1 3.25822e-16
7 24 1 1 2.90874e-16
7 24 2 1 7.85223e-12
7 24 3 1 3.46042e-12
7 24 4 1 3.03821e-16
7 24 5 1 3.43271e-12
7 24 6 1 6.64592e-12
7 24 7 1 8866.27
7 24 8 1 5.38331e-16
7 24 9 1 2.30419e-15
7 24 10 1 2.59569e-16
7 25 1 1 2.41551e-16
7 25 2 1 7.39599e-12
7 25 3 1 3.30749e-12
7 25 4 1 2.74263e-16
7 25 5 1 3.43458e-12
7 25 6 1 6.1547e-12
7 25 7 1 7957.05
7 25 8 1 4.76657e-16
7 25 9 1 2.09579e-15
7 25 10 1 1.96477e-16
7 26 1 1 1.48134e-16
7 26 2 1 5.32264e-12
7 26 3 1 2.46355e-12
7 26 4 1 1.93529e-16
7 26 5 1 2.91859e-12
7 26 6 1 4.66063e-12
7 26 7 1 5738.31
7 26 8 1 3.29414e-16
7 26 9 1 1.5339e-15
7 26 10 1 1.23494e-16
7 27 1 1 9.23096e-17
7 27 2 1 3.78031e-12
7 27 3 1 1.74552e-12
7 27 4 1 1.32157e-16
7 27 5 1 2.81998e-12
7 27 6 1 3.5122e-12
7 27 7 1 4006.03
7 27 8 1 2.13948e-16
7 27 9 1 1.06934e-15
7 27 10 1 6.16315e-17
7 28 1 1 4.84393e-17
7 28 2 1 1.9836e-12
7 28 3 1 8.5978e-13
7 28 4 1 6.39472e-17
7 28 5 1 1.91129e-12
7 28 6 1 1.90183e-12
7 28 7 1 1975.57
7 28 8 1 1.00773e-16
7 28 9 1 5.65509e-16
7 28 10 1 1.93867e-17
7 29 1 1 1.68138e-16
7 29 2 1 6.62631e-12
7 29 3 1 2.67913e-12
7 29 4 1 1.93107e-16
7 29 5 1 7.64796e-12
7 29 6 1 6.5105e-12
7 29 7 1 6263.56
7 29 8 1 3.2578e-16
7 29 9 1 1.93544e-15
7 29 10 1 5.45936e-17
7 30 1 1 1.08387e-16
7 30 2 1 4.14392e-12
7 30 3 1 1.60937e-12
7 30 4 1 1.20123e-16
7 30 5 1 5.72029e-12
7 30 6 1 4.30175e-12
7 30 7 1 3866.94
7 30 8 1 2.13075e-16
7 30 9 1 1.25771e-15
7 30 10 1 3.92448e-17
7 31 1 1 5.82789e-17
7 31 2 1 2.4018e-12
7 31 3 1 9.14688e-13
7 31 4 1 7.755e-17
7 31 5 1 4.01532e-12
7 31 6 1 2.63805e-12
7 31 7 1 2276.56
7 31 8 1 1.32091e-16
7 31 9 1 7.58772e-16
7 31 10 1 2.6805e-17
7 32 1 1 8.73421e-17
7 32 2 1 4.23613e-12
7 32 3 1 1.56516e-12
7 32 4 1 1.57642e-16
7 32 5 1 8.24098e-12
7 32 6 1 5.07966e-12
7 32 7 1 4079.68
7 32 8 1 2.42696e-16
7 32 9 1 1.34761e-15
7 32 10 1 4.69949e-17
7 33 1 1 6.04585e-17
7 33 2 1 3.29597e-12
7 33 3 1 1.1846e-12
7 33 4 1 1.41726e-16
7 33 5 1 7.13702e-12
7 33 6 1 4.88242e-12
7 33 7 1 3172.42
7 33 8 1 1.92009e-16
7 33 9 1 1.01093e-15
7 33 10 1 3.38668e-17
7 34 1 1 6.23794e-17
7 34 2 1 3.88408e-12
7 34 3 1 1.40898e-12
7 34 4 1 1.84935e-16
7 34 5 1 9.12382e-12
7 34 6 1 6.80943e-12
7 34 7 1 3608.7
7 34 8 1 2.18405e-16
7 34 9 1 1.13928e-15
7 34 10 1 3.62166e-17
7 35 1 1 7.39506e-17
7 35 2 1 5.20289e-12
7 35 3 1 1.89557e-12
7 35 4 1 2.5731e-16
7 35 5 1 1.3044e-11
7 35 6 1 1.05299e-11
7 35 7 1 4523.44
7 35 8 1 2.67065e-16
7 35 9 1 1.46988e-15
7 35 10 1 4.29164e-17
7 36 1 1 6.51368e-17
7 36 2 1 3.98782e-12
7 36 3 1 1.49921e-12
7 36 4 1 2.33511e-16
7 36 5 1 1.11007e-11
7 36 6 1 9.38727e-12
7 36 7 1 3351.37
7 36 8 1 1.92363e-16
7 36 9 1 1.17163e-15
7 36 10 1 3.349e-17
7 37 1 1 1.39831e-16
7 37 2 1 6.1841e-12
7 37 3 1 2.70057e-12
7 37 4 1 4.64029e-16
7 37 5 1 2.16627e-11
7 37 6 1 1.65691e-11
7 37 7 1 5235.37
7 37 8 1 2.95176e-16
7 37 9 1 1.96753e-15
7 37 10 1 5.75973e-17
7 38 1 1 1.77936e-16
7 38 2 1 5.39508e-12
7 38 3 1 3.31401e-12
7 38 4 1 5.25987e-16
7 38 5 1 2.46336e-11
7 38 6 1 1.62224e-11
7 38 7 1 4736.4
7 38 8 1 2.64438e-16
7 38 9 1 1.84499e-15
7 38 10 1 5.71012e-17
7 39 1 1 3.28854e-16
7 39 2 1 6.69818e-12
7 39 3 1 5.77591e-12
7 39 4 1 8.62421e-16
7 39 5 1 3.89629e-11
7 39 6 1 2.24137e-11
7 39 7 1 6342.3
7 39 8 1 3.50966e-16
7 39 9 1 2.5316e-15
7 39 10 1 8.40091e-17
7 40 1 1 3.45724e-16
7 40 2 1 4.82696e-12
7 40 3 1 5.52421e-12
7 40 4 1 8.23972e-16
7 40 5 1 3.68895e-11
7 40 6 1 1.91881e-11
7 40 7 1 5079.81
7 40 8 1 2.78058e-16
7 40 9 1 2.05358e-15
7 40 10 1 7.27443e-17
7 41 1 1 3.19993e-16
7 41 2 1 3.18824e-12
7 41 3 1 4.56626e-12
7 41 4 1 7.16797e-16
7 41 5 1 3.13981e-11
7 41 6 1 1.6755e-11
7 41 7 1 3782.86
7 41 8 1 2.02987e-16
7 41 9 1 1.52481e-15
7 41 10 1 5.81482e-17
7 42 1 1 3.15489e-16
7 42 2 1 2.14896e-12
7 42 3 1 3.61655e-12
7 42 4 1 6.24567e-16
7 42 5 1 2.64107e-11
7 42 6 1 1.56138e-11
7 42 7 1 2870.09
7 42 8 1 1.5067e-16
7 42 9 1 1.16942e-15
7 42 10 1 4.97362e-17
8 1 1 1 1.05426e-11
8 1 2 1 5.41815e-09
8 1 3 1 4.3774e-09
8 1 4 1 5.62211e-12
8 1 5 1 1.08689e-08
8 1 6 1 4.59087e-08
8 1 7 1 9.74145e-08
8 1 8 1 4611.28
8 1 9 1 1.83358e-11
8 1 10 1 1.19164e-12
8 2 1 1 9.88087e-12
8 2 2 1 4.96605e-09
8 2 3 1 3.21791e-09
8 2 4 1 5.31604e-12
8 2 5 1 1.05425e-08
8 2 6 1 3.77727e-08
8 2 7 1 7.54192e-08
8 2 8 1 4357.51
8 2 9 1 1.69568e-11
8 2 10 1 1.11392e-12
8 3 1 1 1.73944e-11
8 3 2 1 7.98459e-09
8 3 3 1 4.99609e-09
8 3 4 1 9.96181e-12
8 3 5 1 2.11105e-08
8 3 6 1 6.69362e-08
8 3 7 1 1.23551e-07
8 3 8 1 7600.24
8 3 9 1 3.16859e-11
8 3 10 1 1.85554e-12
8 4 1 1 1.82948e-11
8 4 2 1 7.57344e-09
8 4 3 1 4.84033e-09
8 4 4 1 1.11355e-11
8 4 5 1 2.52421e-08
8 4 6 1 7.45021e-08
8 4 7 1 1.25061e-07
8 4 8 1 7651.42
8 4 9 1 3.5199e-11
8 4 10 1 2.1437e-12
8 5 1 1 1.38436e-11
8 5 2 1 5.15368e-09
8 5 3 1 3.42636e-09
8 5 4 1 8.73622e-12
8 5 5 1 2.09685e-08
8 5 6 1 5.90929e-08
8 5 7 1 9.0874e-08
8 5 8 1 5791.98
8 5 9 1 2.76059e-11
8 5 10 1 1.81981e-12
8 6 1 1 1.38439e-11
8 6 2 1 4.89282e-09
8 6 3 1 3.31919e-09
8 6 4 1 9.141e-12
8 6 5 1 2.29358e-08
8 6 6 1 6.10033e-08
8 6 7 1 8.90039e-08
8 6 8 1 5918.64
8 6 9 1 2.89394e-11
8 6 10 1 1.53627e-12
8 7 1 1 1.35007e-11
8 7 2 1 4.76005e-09
8 7 3 1 3.04639e-09
8 7 4 1 8.87827e-12
8 7 5 1 2.31606e-08
8 7 6 1 5.78292e-08
8 7 7 1 8.13828e-08
8 7 8 1 5459.05
8 7 9 1 2.84144e-11
8 7 10 1 1.31934e-12
8 8 1 1 1.22661e-11
8 8 2 1 5.43892e-09
8 8 3 1 2.80118e-09
8 8 4 1 8.28345e-12
8 8 5 1 2.25731e-08
8 8 6 1 5.53002e-08
8 8 7 1 7.26585e-08
8 8 8 1 4892.97
8 8 9 1 2.69869e-11
8 8 10 1 1.14126e-12
8 9 1 1 9.4657e-12
8 9 2 1 7.58381e-09
8 9 3 1 2.33474e-09
8 9 4 1 6.69493e-12
8 9 5 1 1.95173e-08
8 9 6 1 4.83467e-08
8 9 7 1 5.70123e-08
8 9 8 1 3874.07
8 9 9 1 2.21721e-11
8 9 10 1 7.78832e-13
8 10 1 1 1.15141e-11
8 10 2 1 1.90827e-08
8 10 3 1 3.07505e-09
8 10 4 1 8.19003e-12
8 10 5 1 2.53653e-08
8 10 6 1 6.31694e-08
8 10 7 1 7.81055e-08
8 10 8 1 4719.48
8 10 9 1 2.75531e-11
8 10 10 1 7.8618e-13
8 11 1 1 1.08069e-11
8 11 2 1 3.18062e-08
8 11 3 1 3.34416e-09
8 11 4 1 7.93659e-12
8 11 5 1 2.64401e-08
8 11 6 1 6.41484e-08
8 11 7 1 8.96083e-08
8 11 8 1 4546.88
8 11 9 1 2.72061e-11
8 11 10 1 7.62155e-13
8 12 1 1 8.57172e-12
8 12 2 1 3.62223e-08
8 12 3 1 3.0571e-09
8 12 4 1 6.17282e-12
8 12 5 1 2.27466e-08
8 12 6 1 5.30677e-08
8 12 7 1 8.32282e-08
8 12 8 1 3618.13
8 12 9 1 2.24689e-11
8 12 10 1 1.0629e-12
8 13 1 1 8.6573e-12
8 13 2 1 4.97605e-08
8 13 3 1 4.10402e-09
8 13 4 1 6.34085e-12
8 13 5 1 2.6343e-08
8 13 6 1 6.06683e-08
8 13 7 1 1.02139e-07
8 13 8 1 3934.02
8 13 9 1 2.48838e-11
8 13 10 1 1.3955e-12
8 14 1 1 7.83052e-12
8 14 2 1 6.24936e-08
8 14 3 1 6.39767e-09
8 14 4 1 6.82196e-12
8 14 5 1 3.1165e-08
8 14 6 1 7.37328e-08
8 14 7 1 1.25439e-07
8 14 8 1 4256.84
8 14 9 1 2.73817e-11
8 14 10 1 1.29094e-12
8 15 1 1 5.06988e-12
8 15 2 1 5.74778e-08
8 15 3 1 7.32224e-09
8 15 4 1 5.68682e-12
8 15 5 1 2.8105e-08
8 15 6 1 7.56208e-08
8 15 7 1 1.15137e-07
8 15 8 1 3436.71
8 15 9 1 2.29919e-11
8 15 10 1 9.24606e-13
8 16 1 1 4.95162e-12
8 16 2 1 8.53363e-08
8 16 3 1 1.23884e-08
8 16 4 1 7.33629e-12
8 16 5 1 4.0564e-08
8 16 6 1 1.17381e-07
8 16 7 1 1.65947e-07
8 16 8 1 4304.28
8 16 9 1 3.111e-11
8 16 10 1 1.06351e-12
8 17 1 1 1.63695e-12
8 17 2 1 4.19368e-08
8 17 3 1 6.62343e-09
8 17 4 1 3.2303e-12
8 17 5 1 2.00723e-08
8 17 6 1 5.7392e-08
8 17 7 1 8.01037e-08
8 17 8 1 2007.53
8 17 9 1 1.45062e-11
8 17 10 1 4.47794e-13
8 18 1 1 1.59581e-12
8 18 2 1 4.39582e-08
8 18 3 1 8.17244e-09
8 18 4 1 3.17564e-12
8 18 5 1 2.15134e-08
8 18 6 1 5.77892e-08
8 18 7 1 8.30066e-08
8 18 8 1 2531.42
8 18 9 1 1.51625e-11
8 18 10 1 6.33283e-13
8 19 1 1 1.82667e-12
8 19 2 1 4.49983e-08
8 19 3 1 1.07172e-08
8 19 4 1 2.77021e-12
8 19 5 1 2.04724e-08
8 19 6 1 5.0765e-08
8 19 7 1 7.56529e-08
8 19 8 1 2756.6
8 19 9 1 1.42867e-11
8 19 10 1 9.43679e-13
8 20 1 1 2.42047e-12
8 20 2 1 6.06817e-08
8 20 3 1 1.67243e-08
8 20 4 1 3.0505e-12
8 20 5 1 2.50139e-08
8 20 6 1 5.72325e-08
8 20 7 1 8.6545e-08
8 20 8 1 3471.27
8 20 9 1 1.73512e-11
8 20 10 1 1.56251e-12
8 21 1 1 2.19157e-12
8 21 2 1 5.42358e-08
8 21 3 1 1.75184e-08
8 21 4 1 2.4767e-12
8 21 5 1 2.20628e-08
8 21 6 1 4.95575e-08
8 21 7 1 7.14661e-08
8 21 8 1 3089.57
8 21 9 1 1.55562e-11
8 21 10 1 1.77659e-12
8 22 1 1 1.68074e-12
8 22 2 1 3.95619e-08
8 22 3 1 1.55463e-08
8 22 4 1 1.78087e-12
8 22 5 1 1.70473e-08
8 22 6 1 3.71219e-08
8 22 7 1 5.16508e-08
8 22 8 1 2603.16
8 22 9 1 1.2112e-11
8 22 10 1 1.67719e-12
8 23 1 1 1.82e-12
8 23 2 1 4.3511e-08
8 23 3 1 1.90087e-08
8 23 4 1 1.84976e-12
8 23 5 1 1.91144e-08
8 23 6 1 3.95206e-08
8 23 7 1 5.41726e-08
8 23 8 1 3137.89
8 23 9 1 1.38202e-11
8 23 10 1 1.81058e-12
8 24 1 1 2.91147e-12
8 24 2 1 7.85959e-08
8 24 3 1 3.46366e-08
8 24 4 1 3.04106e-12
8 24 5 1 3.43593e-08
8 24 6 1 6.65214e-08
8 24 7 1 8.87458e-08
8 24 8 1 5388.35
8 24 9 1 2.30635e-11
8 24 10 1 2.59813e-12
8 25 1 1 1.82106e-12
8 25 2 1 5.57587e-08
8 25 3 1 2.49353e-08
8 25 4 1 2.06768e-12
8 25 5 1 2.58934e-08
8 25 6 1 4.64005e-08
8 25 7 1 5.99885e-08
8 25 8 1 3593.54
8 25 9 1 1.58002e-11
8 25 10 1 1.48125e-12
8 26 1 1 2.02516e-12
8 26 2 1 7.27666e-08
8 26 3 1 3.36796e-08
8 26 4 1 2.64577e-12
8 26 5 1 3.99004e-08
8 26 6 1 6.37161e-08
8 26 7 1 7.84492e-08
8 26 8 1 4503.47
8 26 9 1 2.09702e-11
8 26 10 1 1.68831e-12
8 27 1 1 1.4137e-12
8 27 2 1 5.78944e-08
8 27 3 1 2.67322e-08
8 27 4 1 2.02394e-12
8 27 5 1 4.31873e-08
8 27 6 1 5.37885e-08
8 27 7 1 6.13513e-08
8 27 8 1 3276.57
8 27 9 1 1.63766e-11
8 27 10 1 9.43871e-13
8 28 1 1 1.1145e-12
8 28 2 1 4.56389e-08
8 28 3 1 1.9782e-08
8 28 4 1 1.47131e-12
8 28 5 1 4.39752e-08
8 28 6 1 4.37575e-08
8 28 7 1 4.54542e-08
8 28 8 1 2318.6
8 28 9 1 1.30113e-11
8 28 10 1 4.46052e-13
8 29 1 1 7.0793e-13
8 29 2 1 2.78995e-08
8 29 3 1 1.12802e-08
8 29 4 1 8.13061e-13
8 29 5 1 3.2201e-08
8 29 6 1 2.74119e-08
8 29 7 1 2.63721e-08
8 29 8 1 1371.67
8 29 9 1 8.14902e-12
8 29 10 1 2.29861e-13
8 30 1 1 6.84061e-13
8 30 2 1 2.61534e-08
8 30 3 1 1.01572e-08
8 30 4 1 7.58129e-13
8 30 5 1 3.61023e-08
8 30 6 1 2.71495e-08
8 30 7 1 2.44053e-08
8 30 8 1 1344.78
8 30 9 1 7.93774e-12
8 30 10 1 2.47685e-13
8 31 1 1 1.06101e-12
8 31 2 1 4.37263e-08
8 31 3 1 1.66525e-08
8 31 4 1 1.41185e-12
8 31 5 1 7.31015e-08
8 31 6 1 4.80274e-08
8 31 7 1 4.14462e-08
8 31 8 1 2404.8
8 31 9 1 1.38139e-11
8 31 10 1 4.88002e-13
8 32 1 1 8.26924e-13
8 32 2 1 4.01062e-08
8 32 3 1 1.48184e-08
8 32 4 1 1.4925e-12
8 32 5 1 7.80227e-08
8 32 6 1 4.80925e-08
8 32 7 1 3.8625e-08
8 32 8 1 2297.76
8 32 9 1 1.27587e-11
8 32 10 1 4.44931e-13
8 33 1 1 4.87682e-13
8 33 2 1 2.65866e-08
8 33 3 1 9.55549e-09
8 33 4 1 1.14322e-12
8 33 5 1 5.75701e-08
8 33 6 1 3.93836e-08
8 33 7 1 2.559e-08
8 33 8 1 1548.82
8 33 9 1 8.15453e-12
8 33 10 1 2.73184e-13
8 34 1 1 5.0983e-13
8 34 2 1 3.17448e-08
8 34 3 1 1.15157e-08
8 34 4 1 1.51148e-12
8 34 5 1 7.45694e-08
8 34 6 1 5.56538e-08
8 34 7 1 2.94941e-08
8 34 8 1 1785.04
8 34 9 1 9.31143e-12
8 34 10 1 2.96e-13
8 35 1 1 5.01267e-13
8 35 2 1 3.52673e-08
8 35 3 1 1.2849e-08
8 35 4 1 1.74415e-12
8 35 5 1 8.84174e-08
8 35 6 1 7.1376e-08
8 35 7 1 3.06617e-08
8 35 8 1 1810.27
8 35 9 1 9.96346e-12
8 35 10 1 2.90905e-13
8 36 1 1 5.95296e-13
8 36 2 1 3.64454e-08
8 36 3 1 1.37015e-08
8 36 4 1 2.13409e-12
8 36 5 1 1.01451e-07
8 36 6 1 8.57917e-08
8 36 7 1 3.06287e-08
8 36 8 1 1758.04
8 36 9 1 1.07077e-11
8 36 10 1 3.06071e-13
8 37 1 1 5.77037e-13
8 37 2 1 2.55199e-08
8 37 3 1 1.11444e-08
8 37 4 1 1.9149e-12
8 37 5 1 8.93951e-08
8 37 6 1 6.83755e-08
8 37 7 1 2.16047e-08
8 37 8 1 1218.1
8 37 9 1 8.11941e-12
8 37 10 1 2.37686e-13
8 38 1 1 6.96193e-13
8 38 2 1 2.11088e-08
8 38 3 1 1.29664e-08
8 38 4 1 2.05798e-12
8 38 5 1 9.63818e-08
8 38 6 1 6.34721e-08
8 38 7 1 1.85317e-08
8 38 8 1 1034.64
8 38 9 1 7.21871e-12
8 38 10 1 2.23415e-13
8 39 1 1 5.95619e-13
8 39 2 1 1.21317e-08
8 39 3 1 1.04613e-08
8 39 4 1 1.56201e-12
8 39 5 1 7.05694e-08
8 39 6 1 4.05957e-08
8 39 7 1 1.14872e-08
8 39 8 1 635.67
8 39 9 1 4.58522e-12
8 39 10 1 1.52157e-13
8 40 1 1 6.96112e-13
8 40 2 1 9.71903e-09
8 40 3 1 1.1123e-08
8 40 4 1 1.65906e-12
8 40 5 1 7.42767e-08
8 40 6 1 3.86351e-08
8 40 7 1 1.02281e-08
8 40 8 1 559.866
8 40 9 1 4.13487e-12
8 40 10 1 1.4647e-13
8 41 1 1 7.70159e-13
8 41 2 1 7.67346e-09
8 41 3 1 1.09901e-08
8 41 4 1 1.72519e-12
8 41 5 1 7.55689e-08
8 41 6 1 4.03258e-08
8 41 7 1 9.10457e-09
8 41 8 1 488.549
8 41 9 1 3.66992e-12
8 41 10 1 1.39951e-13
8 42 1 1 6.54585e-13
8 42 2 1 4.45871e-09
8 42 3 1 7.50372e-09
8 42 4 1 1.29587e-12
8 42 5 1 5.47977e-08
8 42 6 1 3.23959e-08
8 42 7 1 5.95494e-09
8 42 8 1 312.615
8 42 9 1 2.42634e-12
8 42 10 1 1.03194e-13
9 1 1 1 8.53291e-12
9 1 2 1 4.38532e-09
9 1 3 1 3.54297e-09
9 1 4 1 4.55041e-12
9 1 5 1 8.79705e-09
9 1 6 1 3.71575e-08
9 1 7 1 7.88451e-08
9 1 8 1 3.73227e-12
9 1 9 1 14840.6
9 1 10 1 9.64487e-13
9 2 1 1 6.34017e-12
9 2 2 1 3.18652e-09
9 2 3 1 2.06481e-09
9 2 4 1 3.41109e-12
9 2 5 1 6.76468e-09
9 2 6 1 2.42373e-08
9 2 7 1 4.83936e-08
9 2 8 1 2.79605e-12
9 2 9 1 10880.5
9 2 10 1 7.14761e-13
9 3 1 1 8.29238e-12
9 3 2 1 3.80646e-09
9 3 3 1 2.38177e-09
9 3 4 1 4.74906e-12
9 3 5 1 1.0064e-08
9 3 6 1 3.19103e-08
9 3 7 1 5.88998e-08
9 3 8 1 3.62323e-12
9 3 9 1 15105.5
9 3 10 1 8.84586e-13
9 4 1 1 6.75112e-12
9 4 2 1 2.79474e-09
9 4 3 1 1.78617e-09
9 4 4 1 4.10921e-12
9 4 5 1 9.3148e-09
9 4 6 1 2.74926e-08
9 4 7 1 4.61499e-08
9 4 8 1 2.82351e-12
9 4 9 1 12989.1
9 4 10 1 7.91063e-13
9 5 1 1 5.93989e-12
9 5 2 1 2.21129e-09
9 5 3 1 1.47015e-09
9 5 4 1 3.74845e-12
9 5 5 1 8.99696e-09
9 5 6 1 2.5355e-08
9 5 7 1 3.89913e-08
9 5 8 1 2.48516e-12
9 5 9 1 11844.9
9 5 10 1 7.80824e-13
9 6 1 1 4.52864e-12
9 6 2 1 1.60055e-09
9 6 3 1 1.08578e-09
9 6 4 1 2.99022e-12
9 6 5 1 7.5028e-09
9 6 6 1 1.99555e-08
9 6 7 1 2.91151e-08
9 6 8 1 1.93611e-12
9 6 9 1 9466.72
9 6 10 1 5.02548e-13
9 7 1 1 2.73305e-12
9 7 2 1 9.63618e-10
9 7 3 1 6.16708e-10
9 7 4 1 1.79731e-12
9 7 5 1 4.68861e-09
9 7 6 1 1.17069e-08
9 7 7 1 1.6475e-08
9 7 8 1 1.10512e-12
9 7 9 1 5752.17
9 7 10 1 2.67086e-13
9 8 1 1 4.40683e-12
9 8 2 1 1.95404e-09
9 8 3 1 1.00638e-09
9 8 4 1 2.976e-12
9 8 5 1 8.10984e-09
9 8 6 1 1.98677e-08
9 8 7 1 2.6104e-08
9 8 8 1 1.7579e-12
9 8 9 1 9695.58
9 8 10 1 4.10019e-13
9 9 1 1 3.712e-12
9 9 2 1 2.97401e-09
9 9 3 1 9.15574e-10
9 9 4 1 2.62544e-12
9 9 5 1 7.65376e-09
9 9 6 1 1.89593e-08
9 9 7 1 2.23575e-08
9 9 8 1 1.51923e-12
9 9 9 1 8694.85
9 9 10 1 3.05421e-13
9 10 1 1 3.93925e-12
9 10 2 1 6.52862e-09
9 10 3 1 1.05204e-09
9 10 4 1 2.80199e-12
9 10 5 1 8.67805e-09
9 10 6 1 2.16117e-08
9 10 7 1 2.67216e-08
9 10 8 1 1.61464e-12
9 10 9 1 9426.54
9 10 10 1 2.6897e-13
9 11 1 1 4.29235e-12
9 11 2 1 1.2633e-08
9 11 3 1 1.32825e-09
9 11 4 1 3.1523e-12
9 11 5 1 1.05016e-08
9 11 6 1 2.54788e-08
9 11 7 1 3.55911e-08
9 11 8 1 1.80596e-12
9 11 9 1 10805.9
9 11 10 1 3.02717e-13
9 12 1 1 1.4976e-12
9 12 2 1 6.32856e-09
9 12 3 1 5.3412e-10
9 12 4 1 1.07848e-12
9 12 5 1 3.97416e-09
9 12 6 1 9.27169e-09
9 12 7 1 1.45412e-08
9 12 8 1 6.3214e-13
9 12 9 1 3925.65
9 12 10 1 1.85703e-13
9 13 1 1 4.83658e-12
9 13 2 1 2.77997e-08
9 13 3 1 2.29279e-09
9 13 4 1 3.54245e-12
9 13 5 1 1.47171e-08
9 13 6 1 3.38936e-08
9 13 7 1 5.70621e-08
9 13 8 1 2.19782e-12
9 13 9 1 13901.8
9 13 10 1 7.79627e-13
9 14 1 1 3.82972e-12
9 14 2 1 3.05641e-08
9 14 3 1 3.12895e-09
9 14 4 1 3.33646e-12
9 14 5 1 1.5242e-08
9 14 6 1 3.60609e-08
9 14 7 1 6.13494e-08
9 14 8 1 2.08192e-12
9 14 9 1 13391.7
9 14 10 1 6.31365e-13
9 15 1 1 2.56051e-12
9 15 2 1 2.90287e-08
9 15 3 1 3.69804e-09
9 15 4 1 2.87209e-12
9 15 5 1 1.41942e-08
9 15 6 1 3.81917e-08
9 15 7 1 5.8149e-08
9 15 8 1 1.73568e-12
9 15 9 1 11611.9
9 15 10 1 4.66965e-13
9 16 1 1 1.56063e-12
9 16 2 1 2.6896e-08
9 16 3 1 3.90454e-09
9 16 4 1 2.31223e-12
9 16 5 1 1.27848e-08
9 16 6 1 3.69957e-08
9 16 7 1 5.23026e-08
9 16 8 1 1.35661e-12
9 16 9 1 9805.13
9 16 10 1 3.35194e-13
9 17 1 1 1.03511e-12
9 17 2 1 2.65182e-08
9 17 3 1 4.18824e-09
9 17 4 1 2.04264e-12
9 17 5 1 1.26924e-08
9 17 6 1 3.62911e-08
9 17 7 1 5.06525e-08
9 17 8 1 1.26944e-12
9 17 9 1 9172.78
9 17 10 1 2.83157e-13
9 18 1 1 5.17597e-13
9 18 2 1 1.42578e-08
9 18 3 1 2.65071e-09
9 18 4 1 1.03001e-12
9 18 5 1 6.97783e-09
9 18 6 1 1.87438e-08
9 18 7 1 2.6923e-08
9 18 8 1 8.2106e-13
9 18 9 1 4917.94
9 18 10 1 2.05404e-13
9 19 1 1 1.16215e-12
9 19 2 1 2.86285e-08
9 19 3 1 6.81845e-09
9 19 4 1 1.76244e-12
9 19 5 1 1.30248e-08
9 19 6 1 3.22973e-08
9 19 7 1 4.81314e-08
9 19 8 1 1.75378e-12
9 19 9 1 9089.36
9 19 10 1 6.00381e-13
9 20 1 1 3.54173e-13
9 20 2 1 8.87919e-09
9 20 3 1 2.44716e-09
9 20 4 1 4.46361e-13
9 20 5 1 3.66013e-09
9 20 6 1 8.37448e-09
9 20 7 1 1.26636e-08
9 20 8 1 5.07929e-13
9 20 9 1 2538.89
9 20 10 1 2.28632e-13
9 21 1 1 1.12145e-12
9 21 2 1 2.77529e-08
9 21 3 1 8.96431e-09
9 21 4 1 1.26735e-12
9 21 5 1 1.12897e-08
9 21 6 1 2.5359e-08
9 21 7 1 3.65698e-08
9 21 8 1 1.58096e-12
9 21 9 1 7960.24
9 21 10 1 9.09095e-13
9 22 1 1 1.06119e-12
9 22 2 1 2.49787e-08
9 22 3 1 9.81566e-09
9 22 4 1 1.12441e-12
9 22 5 1 1.07634e-08
9 22 6 1 2.34381e-08
9 22 7 1 3.26114e-08
9 22 8 1 1.64359e-12
9 22 9 1 7647.31
9 22 10 1 1.05895e-12
9 23 1 1 8.79261e-13
9 23 2 1 2.10206e-08
9 23 3 1 9.18332e-09
9 23 4 1 8.9364e-13
9 23 5 1 9.23436e-09
9 23 6 1 1.90928e-08
9 23 7 1 2.61714e-08
9 23 8 1 1.51595e-12
9 23 9 1 6676.69
9 23 10 1 8.74711e-13
9 24 1 1 3.83346e-12
9 24 2 1 1.03485e-07
9 24 3 1 4.56052e-08
9 24 4 1 4.00409e-12
9 24 5 1 4.52401e-08
9 24 6 1 8.75872e-08
9 24 7 1 1.1685e-07
9 24 8 1 7.09471e-12
9 24 9 1 30367.2
9 24 10 1 3.42089e-12
9 25 1 1 1.17678e-12
9 25 2 1 3.60316e-08
9 25 3 1 1.61133e-08
9 25 4 1 1.33615e-12
9 25 5 1 1.67325e-08
9 25 6 1 2.99843e-08
9 25 7 1 3.87649e-08
9 25 8 1 2.32216e-12
9 25 9 1 10210.2
9 25 10 1 9.57188e-13
9 26 1 1 2.9688e-12
9 26 2 1 1.06673e-07
9 26 3 1 4.93729e-08
9 26 4 1 3.87859e-12
9 26 5 1 5.84924e-08
9 26 6 1 9.34052e-08
9 26 7 1 1.15003e-07
9 26 8 1 6.6019e-12
9 26 9 1 30741.4
9 26 10 1 2.47499e-12
9 27 1 1 9.08982e-13
9 27 2 1 3.72251e-08
9 27 3 1 1.71884e-08
9 27 4 1 1.30136e-12
9 27 5 1 2.77686e-08
9 27 6 1 3.4585e-08
9 27 7 1 3.94478e-08
9 27 8 1 2.10677e-12
9 27 9 1 10529.9
9 27 10 1 6.06892e-13
9 28 1 1 7.54062e-13
9 28 2 1 3.0879e-08
9 28 3 1 1.33843e-08
9 28 4 1 9.95477e-13
9 28 5 1 2.97533e-08
9 28 6 1 2.9606e-08
9 28 7 1 3.07539e-08
9 28 8 1 1.56875e-12
9 28 9 1 8803.37
9 28 10 1 3.01796e-13
9 29 1 1 6.98292e-13
9 29 2 1 2.75197e-08
9 29 3 1 1.11267e-08
9 29 4 1 8.01992e-13
9 29 5 1 3.17627e-08
9 29 6 1 2.70387e-08
9 29 7 1 2.60131e-08
9 29 8 1 1.35299e-12
9 29 9 1 8038.08
9 29 10 1 2.26732e-13
9 30 1 1 1.29652e-12
9 30 2 1 4.95692e-08
9 30 3 1 1.92512e-08
9 30 4 1 1.4369e-12
9 30 5 1 6.84257e-08
9 30 6 1 5.14572e-08
9 30 7 1 4.6256e-08
9 30 8 1 2.54879e-12
9 30 9 1 15044.6
9 30 10 1 4.69443e-13
9 31 1 1 1.01281e-12
9 31 2 1 4.17402e-08
9 31 3 1 1.58961e-08
9 31 4 1 1.34772e-12
9 31 5 1 6.97812e-08
9 31 6 1 4.5846e-08
9 31 7 1 3.95637e-08
9 31 8 1 2.29557e-12
9 31 9 1 13186.5
9 31 10 1 4.65837e-13
9 32 1 1 1.39916e-12
9 32 2 1 6.786e-08
9 32 3 1 2.50728e-08
9 32 4 1 2.52532e-12
9 32 5 1 1.32015e-07
9 32 6 1 8.13728e-08
9 32 7 1 6.53538e-08
9 32 8 1 3.88782e-12
9 32 9 1 21587.8
9 32 10 1 7.52828e-13
9 33 1 1 9.52358e-13
9 33 2 1 5.1919e-08
9 33 3 1 1.86602e-08
9 33 4 1 2.23251e-12
9 33 5 1 1.12424e-07
9 33 6 1 7.69092e-08
9 33 7 1 4.99728e-08
9 33 8 1 3.02458e-12
9 33 9 1 15924.4
9 33 10 1 5.3348e-13
9 34 1 1 6.81564e-13
9 34 2 1 4.24379e-08
9 34 3 1 1.53947e-08
9 34 4 1 2.02062e-12
9 34 5 1 9.96879e-08
9 34 6 1 7.44006e-08
9 34 7 1 3.94291e-08
9 34 8 1 2.38632e-12
9 34 9 1 12448
9 34 10 1 3.95706e-13
9 35 1 1 4.20956e-13
9 35 2 1 2.96169e-08
9 35 3 1 1.07903e-08
9 35 4 1 1.46471e-12
9 35 5 1 7.42515e-08
9 35 6 1 5.99404e-08
9 35 7 1 2.57492e-08
9 35 8 1 1.52024e-12
9 35 9 1 8367.15
9 35 10 1 2.44297e-13
9 36 1 1 1.95868e-13
9 36 2 1 1.19915e-08
9 36 3 1 4.50817e-09
9 36 4 1 7.02173e-13
9 36 5 1 3.33802e-08
9 36 6 1 2.82278e-08
9 36 7 1 1.00777e-08
9 36 8 1 5.78441e-13
9 36 9 1 3523.12
9 36 10 1 1.00706e-13
9 37 1 1 6.7982e-13
9 37 2 1 3.00655e-08
9 37 3 1 1.31295e-08
9 37 4 1 2.25599e-12
9 37 5 1 1.05318e-07
9 37 6 1 8.05546e-08
9 37 7 1 2.5453e-08
9 37 8 1 1.43507e-12
9 37 9 1 9565.64
9 37 10 1 2.80023e-13
9 38 1 1 1.14647e-12
9 38 2 1 3.47614e-08
9 38 3 1 2.13527e-08
9 38 4 1 3.38902e-12
9 38 5 1 1.58719e-07
9 38 6 1 1.04524e-07
9 38 7 1 3.05174e-08
9 38 8 1 1.70382e-12
9 38 9 1 11887.6
9 38 10 1 3.67913e-13
9 39 1 1 1.33223e-12
9 39 2 1 2.71351e-08
9 39 3 1 2.33989e-08
9 39 4 1 3.49377e-12
9 39 5 1 1.57843e-07
9 39 6 1 9.08007e-08
9 39 7 1 2.56934e-08
9 39 8 1 1.42181e-12
9 39 9 1 10255.8
9 39 10 1 3.40331e-13
9 40 1 1 2.0136e-12
9 40 2 1 2.81136e-08
9 40 3 1 3.21746e-08
9 40 4 1 4.79905e-12
9 40 5 1 2.14855e-07
9 40 6 1 1.11757e-07
9 40 7 1 2.95862e-08
9 40 8 1 1.61949e-12
9 40 9 1 11960.7
9 40 10 1 4.23684e-13
9 41 1 1 2.22489e-12
9 41 2 1 2.21676e-08
9 41 3 1 3.17489e-08
9 41 4 1 4.98384e-12
9 41 5 1 2.18309e-07
9 41 6 1 1.16496e-07
9 41 7 1 2.63019e-08
9 41 8 1 1.41135e-12
9 41 9 1 10601.9
9 41 10 1 4.043e-13
9 42 1 1 1.3441e-12
9 42 2 1 9.15533e-09
9 42 3 1 1.54078e-08
9 42 4 1 2.66088e-12
9 42 5 1 1.12519e-07
9 42 6 1 6.65203e-08
9 42 7 1 1.22276e-08
9 42 8 1 6.41909e-13
9 42 9 1 4982.15
9 42 10 1 2.11894e-13
10 1 1 1 5.2821e-11
10 1 2 1 2.98253e-11
10 1 3 1 1.86099e-08
10 1 4 1 2.82147e-11
10 1 5 1 5.38738e-08
10 1 6 1 2.19579e-07
10 1 7 1 4.89109e-07
10 1 8 1 1.57889e-11
10 1 9 1 9.20556e-11
10 1 10 1 3886.58
10 2 1 1 5.89282e-11
10 2 2 1 5.25963e-09
10 2 3 1 1.68318e-08
10 2 4 1 3.17477e-11
10 2 5 1 6.10059e-08
10 2 6 1 1.80188e-07
10 2 7 1 4.50315e-07
10 2 8 1 2.26815e-11
10 2 9 1 1.01241e-10
10 2 10 1 4857.36
10 3 1 1 8.62689e-11
10 3 2 1 9.29362e-09
10 3 3 1 2.2147e-08
10 3 4 1 4.9547e-11
10 3 5 1 1.02053e-07
10 3 6 1 2.6455e-07
10 3 7 1 6.14028e-07
10 3 8 1 3.51358e-11
10 3 9 1 1.57591e-10
10 3 10 1 7000.65
10 4 1 1 8.58993e-11
10 4 2 1 9.32544e-09
10 4 3 1 2.11662e-08
10 4 4 1 5.45965e-11
10 4 5 1 1.21323e-07
10 4 6 1 2.85572e-07
10 4 7 1 6.12187e-07
10 4 8 1 3.4744e-11
10 4 9 1 1.72653e-10
10 4 10 1 5732.97
10 5 1 1 7.22902e-11
10 5 2 1 7.01287e-09
10 5 3 1 1.60463e-08
10 5 4 1 4.64334e-11
10 5 5 1 1.10163e-07
10 5 6 1 2.48404e-07
10 5 7 1 4.82108e-07
10 5 8 1 2.632e-11
10 5 9 1 1.46943e-10
10 5 10 1 7434.48
10 6 1 1 1.13958e-10
10 6 2 1 1.0023e-08
10 6 3 1 2.39219e-08
10 6 4 1 7.58955e-11
10 6 5 1 1.88859e-07
10 6 6 1 4.17643e-07
10 6 7 1 7.37256e-07
10 6 8 1 4.37287e-11
10 6 9 1 2.4079e-10
10 6 10 1 8921.74
10 7 1 1 5.3316e-11
10 7 2 1 4.14755e-09
10 7 3 1 1.03515e-08
10 7 4 1 3.532e-11
10 7 5 1 9.13915e-08
10 7 6 1 1.92948e-07
10 7 7 1 3.22921e-07
10 7 8 1 1.98902e-11
10 7 9 1 1.13327e-10
10 7 10 1 4174.54
10 8 1 1 4.63767e-11
10 8 2 1 3.54433e-09
10 8 3 1 8.82626e-09
10 8 4 1 3.14049e-11
10 8 5 1 8.46884e-08
10 8 6 1 1.69619e-07
10 8 7 1 2.74614e-07
10 8 8 1 1.68426e-11
10 8 9 1 1.02578e-10
10 8 10 1 3664.23
10 9 1 1 6.54486e-11
10 9 2 1 6.03793e-09
10 9 3 1 1.33117e-08
10 9 4 1 4.74362e-11
10 9 5 1 1.36205e-07
10 9 6 1 2.65117e-07
10 9 7 1 4.02497e-07
10 9 8 1 2.51834e-11
10 9 9 1 1.57573e-10
10 9 10 1 4285.98
10 10 1 1 6.70333e-11
10 10 2 1 8.27131e-09
10 10 3 1 1.41667e-08
10 10 4 1 4.82109e-11
10 10 5 1 1.47706e-07
10 10 6 1 3.00112e-07
10 10 7 1 4.00938e-07
10 10 8 1 2.49425e-11
10 10 9 1 1.62749e-10
10 10 10 1 3593.43
10 11 1 1 5.2714e-11
10 11 2 1 1.49471e-08
10 11 3 1 1.29366e-08
10 11 4 1 4.00279e-11
10 11 5 1 1.32043e-07
10 11 6 1 2.7411e-07
10 11 7 1 4.16571e-07
10 11 8 1 2.07984e-11
10 11 9 1 1.37743e-10
10 11 10 1 2607.51
10 12 1 1 7.74418e-11
10 12 2 1 5.18436e-08
10 12 3 1 2.11532e-08
10 12 4 1 5.66392e-11
10 12 5 1 2.06936e-07
10 12 6 1 4.20294e-07
10 12 7 1 7.27076e-07
10 12 8 1 3.0596e-11
10 12 9 1 2.07051e-10
10 12 10 1 2856.26
10 13 1 1 8.40269e-11
10 13 2 1 8.35389e-08
10 13 3 1 2.77374e-08
10 13 4 1 6.19652e-11
10 13 5 1 2.55874e-07
10 13 6 1 4.96358e-07
10 13 7 1 9.68845e-07
10 13 8 1 3.47434e-11
10 13 9 1 2.44342e-10
10 13 10 1 9455.47
10 14 1 1 3.21412e-11
10 14 2 1 5.40028e-08
10 14 3 1 1.49541e-08
10 14 4 1 2.79354e-11
10 14 5 1 1.27934e-07
10 14 6 1 2.4585e-07
10 14 7 1 5.08478e-07
10 14 8 1 1.60862e-11
10 14 9 1 1.13622e-10
10 14 10 1 4377.95
10 15 1 1 2.16239e-11
10 15 2 1 5.56554e-08
10 15 3 1 1.88443e-08
10 15 4 1 2.4191e-11
10 15 5 1 1.19899e-07
10 15 6 1 2.29614e-07
10 15 7 1 4.88968e-07
10 15 8 1 1.37285e-11
10 15 9 1 9.9264e-11
10 15 10 1 3323.13
10 16 1 1 1.49467e-11
10 16 2 1 5.57033e-08
10 16 3 1 2.49703e-08
10 16 4 1 2.20691e-11
10 16 5 1 1.22011e-07
10 16 6 1 2.71483e-07
10 16 7 1 5.003e-07
10 16 8 1 1.20895e-11
10 16 9 1 9.4946e-11
10 16 10 1 2606.47
10 17 1 1 1.69099e-11
10 17 2 1 9.68065e-08
10 17 3 1 5.03467e-08
10 17 4 1 3.37496e-11
10 17 5 1 2.08833e-07
10 17 6 1 4.97074e-07
10 17 7 1 8.39578e-07
10 17 8 1 1.81508e-11
10 17 9 1 1.53415e-10
10 17 10 1 2812.55
10 18 1 1 3.285e-12
10 18 2 1 2.35286e-08
10 18 3 1 1.30891e-08
10 18 4 1 7.38434e-12
10 18 5 1 4.99606e-08
10 18 6 1 1.16988e-07
10 18 7 1 1.94027e-07
10 18 8 1 4.06956e-12
10 18 9 1 3.56639e-11
10 18 10 1 963.852
10 19 1 1 4.55612e-12
10 19 2 1 2.35704e-08
10 19 3 1 1.42364e-08
10 19 4 1 7.10657e-12
10 19 5 1 5.24819e-08
10 19 6 1 1.15592e-07
10 19 7 1 1.95781e-07
10 19 8 1 5.64504e-12
10 19 9 1 3.72237e-11
10 19 10 1 1482.02
10 20 1 1 3.98656e-12
10 20 2 1 1.77908e-08
10 20 3 1 1.58051e-08
10 20 4 1 5.01303e-12
10 20 5 1 4.11003e-08
10 20 6 1 8.29034e-08
10 20 7 1 1.44288e-07
10 20 8 1 5.02405e-12
10 20 9 1 2.91276e-11
10 20 10 1 2107.29
10 21 1 1 5.99197e-12
10 21 2 1 3.21021e-08
10 21 3 1 3.07553e-08
10 21 4 1 6.73566e-12
10 21 5 1 6.03604e-08
10 21 6 1 1.10746e-07
10 21 7 1 1.97836e-07
10 21 8 1 7.50736e-12
10 21 9 1 4.33595e-11
10 21 10 1 3258.39
10 22 1 1 5.04298e-12
10 22 2 1 2.87086e-08
10 22 3 1 3.09735e-08
10 22 4 1 5.29725e-12
10 22 5 1 5.11975e-08
10 22 6 1 9.29497e-08
10 22 7 1 1.56585e-07
10 22 8 1 6.25204e-12
10 22 9 1 3.69538e-11
10 22 10 1 4225.57
10 23 1 1 7.8543e-12
10 23 2 1 4.44722e-08
10 23 3 1 5.94497e-08
10 23 4 1 8.01672e-12
10 23 5 1 8.35197e-08
10 23 6 1 1.48533e-07
10 23 7 1 2.39398e-07
10 23 8 1 1.18355e-11
10 23 9 1 6.14011e-11
10 23 10 1 7115.8
10 24 1 1 7.90911e-12
10 24 2 1 4.41943e-08
10 24 3 1 7.24037e-08
10 24 4 1 8.22224e-12
10 24 5 1 9.27156e-08
10 24 6 1 1.5431e-07
10 24 7 1 2.4447e-07
10 24 8 1 1.34837e-11
10 24 9 1 6.35177e-11
10 24 10 1 6557.46
10 25 1 1 6.64667e-12
10 25 2 1 4.69138e-08
10 25 3 1 7.36169e-08
10 25 4 1 7.47382e-12
10 25 5 1 9.2668e-08
10 25 6 1 1.4348e-07
10 25 7 1 2.20461e-07
10 25 8 1 1.24458e-11
10 25 9 1 5.81981e-11
10 25 10 1 4943.36
10 26 1 1 4.59388e-12
10 26 2 1 4.15059e-08
10 26 3 1 6.44506e-08
10 26 4 1 5.92575e-12
10 26 5 1 8.53536e-08
10 26 6 1 1.2048e-07
10 26 7 1 1.78969e-07
10 26 8 1 9.85587e-12
10 26 9 1 4.8037e-11
10 26 10 1 3528.35
10 27 1 1 1.06028e-11
10 27 2 1 1.09141e-07
10 27 3 1 1.74954e-07
10 27 4 1 1.50164e-11
10 27 5 1 2.93054e-07
10 27 6 1 3.30363e-07
10 27 7 1 4.63813e-07
10 27 8 1 2.4005e-11
10 27 9 1 1.2436e-10
10 27 10 1 6322.37
10 28 1 1 9.45122e-12
10 28 2 1 8.96837e-08
10 28 3 1 1.50488e-07
10 28 4 1 1.24114e-11
10 28 5 1 3.47849e-07
10 28 6 1 3.00355e-07
10 28 7 1 3.90247e-07
10 28 8 1 1.9101e-11
10 28 9 1 1.12155e-10
10 28 10 1 3251.49
10 29 1 1 5.98321e-12
10 29 2 1 5.61018e-08
10 29 3 1 8.8039e-08
10 29 4 1 6.90659e-12
10 29 5 1 2.66974e-07
10 29 6 1 1.93766e-07
10 29 7 1 2.28476e-07
10 29 8 1 1.08145e-11
10 29 9 1 7.08881e-11
10 29 10 1 1517.73
10 30 1 1 6.32246e-12
10 30 2 1 6.05726e-08
10 30 3 1 8.64943e-08
10 30 4 1 6.87782e-12
10 30 5 1 3.2758e-07
10 30 6 1 2.08351e-07
10 30 7 1 2.28204e-07
10 30 8 1 1.14955e-11
10 30 9 1 7.4606e-11
10 30 10 1 1638.37
10 31 1 1 5.31808e-12
10 31 2 1 5.68621e-08
10 31 3 1 7.70641e-08
10 31 4 1 6.87931e-12
10 31 5 1 3.59553e-07
10 31 6 1 2.04992e-07
10 31 7 1 2.08785e-07
10 31 8 1 1.09387e-11
10 31 9 1 6.99977e-11
10 31 10 1 1924.62
10 32 1 1 4.62842e-12
10 32 2 1 5.76985e-08
10 32 3 1 7.69281e-08
10 32 4 1 8.19126e-12
10 32 5 1 4.32552e-07
10 32 6 1 2.20818e-07
10 32 7 1 2.16553e-07
10 32 8 1 1.18525e-11
10 32 9 1 7.2069e-11
10 32 10 1 2188.1
10 33 1 1 2.21115e-12
10 33 2 1 2.9515e-08
10 33 3 1 3.9157e-08
10 33 4 1 5.11589e-12
10 33 5 1 2.58451e-07
10 33 6 1 1.2142e-07
10 33 7 1 1.15784e-07
10 33 8 1 6.61125e-12
10 33 9 1 3.72028e-11
10 33 10 1 1121.4
10 34 1 1 2.2918e-12
10 34 2 1 3.38969e-08
10 34 3 1 4.21499e-08
10 34 4 1 6.75629e-12
10 34 5 1 3.28352e-07
10 34 6 1 1.74452e-07
10 34 7 1 1.32237e-07
10 34 8 1 7.69949e-12
10 34 9 1 4.19593e-11
10 34 10 1 1215.97
10 35 1 1 1.4113e-12
10 35 2 1 2.19843e-08
10 35 3 1 2.9169e-08
10 35 4 1 5.03328e-12
10 35 5 1 2.4866e-07
10 35 6 1 1.41082e-07
10 35 7 1 8.84339e-08
10 35 8 1 5.03968e-12
10 35 9 1 2.89327e-11
10 35 10 1 762.533
10 36 1 1 4.80618e-13
10 36 2 1 7.18694e-09
10 36 3 1 9.30653e-09
10 36 4 1 1.64508e-12
10 36 5 1 8.36921e-08
10 36 6 1 5.17256e-08
10 36 7 1 2.62959e-08
10 36 8 1 1.43812e-12
10 36 9 1 9.27027e-12
10 36 10 1 244.149
10 37 1 1 4.6543e-13
10 37 2 1 5.36634e-09
10 37 3 1 6.96109e-09
10 37 4 1 1.53759e-12
10 37 5 1 7.0745e-08
10 37 6 1 4.40394e-08
10 37 7 1 1.83055e-08
10 37 8 1 9.83578e-13
10 37 9 1 6.94287e-12
10 37 10 1 190.894
10 38 1 1 4.13674e-13
10 38 2 1 3.28175e-09
10 38 3 1 4.54563e-09
10 38 4 1 1.22659e-12
10 38 5 1 5.57463e-08
10 38 6 1 3.08112e-08
10 38 7 1 1.13364e-08
10 38 8 1 6.08241e-13
10 38 9 1 4.45874e-12
10 38 10 1 128.819
10 39 1 1 2.15491e-13
10 39 2 1 1.18319e-09
10 39 3 1 2.32416e-09
10 39 4 1 5.63818e-13
10 39 5 1 2.48708e-08
10 39 6 1 1.23526e-08
10 39 7 1 4.19372e-09
10 39 8 1 2.25373e-13
10 39 9 1 1.68987e-12
10 39 10 1 53.1592
10 40 1 1 3.05904e-13
10 40 2 1 1.18082e-09
10 40 3 1 3.32755e-09
10 40 4 1 7.28284e-13
10 40 5 1 3.16413e-08
10 40 6 1 1.35603e-08
10 40 7 1 4.50373e-09
10 40 8 1 2.41565e-13
10 40 9 1 1.83771e-12
10 40 10 1 62.2546
10 41 1 1 2.67828e-13
10 41 2 1 7.46675e-10
10 41 3 1 2.84257e-09
10 41 4 1 6.00163e-13
10 41 5 1 2.571e-08
10 41 6 1 9.87331e-09
10 41 7 1 3.16156e-09
10 41 8 1 1.67239e-13
10 41 9 1 1.28618e-12
10 41 10 1 46.6643
10 42 1 1 1.11675e-13
10 42 2 1 2.2961e-10
10 42 3 1 1.11214e-09
10 42 4 1 2.41796e-13
10 42 5 1 1.00373e-08
10 42 6 1 4.11798e-09
10 42 7 1 1.10552e-09
10 42 8 1 5.72897e-14
10 42 9 1 4.54761e-13
10 42 10 1 17.3254
full time series of survey length comp
survey year spp area catch-at-size
1 1 1 2  0.0904696 3.10684 3.05135 0.419313 0.0559975
1 1 2 2  0 7.18443e-102 1.12154 0.678241 4.84334e-32
1 1 3 2  8.25469e-16 0.0652449 0.118071 0.119368 3.85333e-59
1 1 4 2  9.7269e-05 0.0682116 0.022418 0.0858135 0.0263519
1 1 5 2  0.036094 1.44266 2.29127 0.740718 0.0338817
1 1 6 2  1.18517 3.56089 1.33885 0.851834 1.19208e-114
1 1 7 2  2.98119e-53 35.9143 74.2638 23.2417 1.30913e-16
1 1 8 2  0.0333939 3.85411 5.06705 0.513432 7.76735e-36
1 1 9 2  3.46365e-20 0.273959 7.41273 6.55669 0.69701
1 1 10 2  0.19546 8.11892 6.00163 0.721571 0.0782007
1 2 1 2  0.126136 1.78577 2.62009 0.742036 0.0423856
1 2 2 2  0 0.0970985 0.513199 0.79709 3.66676e-32
1 2 3 2  0.00558531 0.0443458 0.0907867 0.107748 3.22195e-59
1 2 4 2  0.00430035 0.0482168 0.0298699 0.0623434 0.0408389
1 2 5 2  0.0243019 1.68911 1.86444 0.912014 0.11784
1 2 6 2  0.533834 3.49769 1.67377 0.705667 1.02897e-114
1 2 7 2  3.55533 25.4509 62.8859 23.6319 1.16936e-16
1 2 8 2  0.121017 2.10274 4.32578 0.961337 6.32152e-36
1 2 9 2  0.463132 0.94298 4.8658 6.40652 1.4085
1 2 10 2  0.102923 5.32172 6.26732 0.908444 0.0411015
1 3 1 2  0.237014 1.26797 1.9402 0.877174 0.0304254
1 3 2 2  0 0.0889193 0.319699 0.730576 2.81704e-32
1 3 3 2  0.0106814 0.0465063 0.0696935 0.0965327 2.70747e-59
1 3 4 2  0.00880575 0.0381993 0.0306133 0.0483372 0.0489174
1 3 5 2  0.0144973 1.43623 1.65819 0.976578 0.212883
1 3 6 2  0.634999 3.81767 1.95339 0.587955 8.90457e-115
1 3 7 2  6.49251 19.8444 53.0204 23.525 1.04509e-16
1 3 8 2  0.112443 1.26717 3.18427 1.16414 4.83084e-36
1 3 9 2  0.657724 1.63824 3.37154 5.65346 1.96693
1 3 10 2  0.451582 13.6352 4.58344 0.81827 0.01707
1 4 1 2  2.05946 3.74076 1.45655 0.907322 0.0224352
1 4 2 2  0 0.116263 0.225215 0.633771 2.17899e-32
1 4 3 2  0.0150387 0.057891 0.0576256 0.0855487 2.27931e-59
1 4 4 2  0.0120645 0.0338039 0.0289448 0.0390837 0.053189
1 4 5 2  0.00705659 1.0174 1.46485 0.993593 0.304955
1 4 6 2  0.567834 3.81866 2.24913 0.490954 7.71186e-115
1 4 7 2  9.01443 17.1313 44.6319 23.0162 9.34138e-17
1 4 8 2  0.866837 3.54895 2.24473 1.18148 3.63719e-36
1 4 9 2  0.696018 2.09264 2.66209 4.84346 2.37062
1 4 10 2  0.08204 6.69703 8.18746 0.62157 0.00665155
1 5 1 2  0.938472 3.28075 1.67514 0.740956 0.0141851
1 5 2 2  0 0.185327 0.206704 0.545212 1.70881e-32
1 5 3 2  0.0149981 0.0642484 0.0542261 0.0761316 1.92905e-59
1 5 4 2  0.0166442 0.0340274 0.0268463 0.0324685 0.0550123
1 5 5 2  0.00521609 0.738496 1.24291 0.979548 0.389317
1 5 6 2  0.321595 3.12639 2.51894 0.412471 6.69905e-115
1 5 7 2  10.7518 16.1251 37.8212 22.253 8.35647e-17
1 5 8 2  0.33493 2.71058 2.38057 1.14076 2.83629e-36
1 5 9 2  0.668575 2.3021 2.3583 4.12079 2.62786
1 5 10 2  0.198324 7.49212 6.1372 0.897143 0.00290852
1 6 1 2  0.535995 2.46942 1.73789 0.709796 0.00962172
1 6 2 2  0 0.360076 0.25389 0.469515 1.3312e-32
1 6 3 2  0.0136874 0.0643627 0.0535241 0.0677016 1.62615e-59
1 6 4 2  0.0191313 0.0360445 0.025654 0.0277441 0.0556136
1 6 5 2  0.0119561 0.859863 1.01775 0.930844 0.461803
1 6 6 2  0.268579 2.56337 2.58251 0.345056 5.80397e-115
1 6 7 2  11.8182 15.7921 32.1078 21.2468 7.46996e-17
1 6 8 2  0.165751 1.73973 2.20643 1.11157 2.19028e-36
1 6 9 2  0.643309 2.38825 2.2503 3.56206 2.78751
1 6 10 2  0.0680565 4.31943 5.10544 0.542642 0.000806354
1 7 1 2  0.498884 2.03995 1.67283 0.764254 0.00715347
1 7 2 2  0 0.590653 0.428129 0.433094 1.04822e-32
1 7 3 2  0.0178799 0.0745858 0.0539084 0.0613511 1.3768e-59
1 7 4 2  0.0208416 0.038532 0.0252435 0.0242348 0.0550537
1 7 5 2  0.00698696 0.730005 0.904358 0.861215 0.520982
1 7 6 2  0.455111 2.83188 2.55302 0.29008 5.04095e-115
1 7 7 2  12.1684 15.8148 27.5946 20.1486 6.68223e-17
1 7 8 2  0.33038 1.90801 1.8512 1.0758 1.69485e-36
1 7 9 2  0.667545 2.50093 2.2449 3.1785 2.90527
1 7 10 2  0.0445544 2.65282 4.18008 0.720179 0.000405457
1 8 1 2  0.300389 1.48812 1.39701 0.706813 0.00472436
1 8 2 2  0 2.19592 0.711417 0.459586 8.2767e-33
1 8 3 2  0.0212957 0.0879699 0.0574403 0.0563573 1.16654e-59
1 8 4 2  0.020669 0.0396302 0.0250717 0.0213912 0.052893
1 8 5 2  0.0260685 1.42606 0.796281 0.791169 0.565252
1 8 6 2  0.717352 3.78167 2.58961 0.244077 4.37951e-115
1 8 7 2  12.2178 15.8836 23.9706 18.9889 5.97823e-17
1 8 8 2  0.165831 1.41342 1.68703 1.01616 1.31727e-36
1 8 9 2  0.684237 2.56584 2.23263 2.83186 2.90264
1 8 10 2  0.0912254 3.31446 3.04314 0.755973 0.000212584
1 9 1 2  1.03514 2.33086 1.17678 0.681308 0.0033411
1 9 2 2  0 4.76571 2.25014 0.578813 6.65726e-33
1 9 3 2  0.022381 0.098662 0.0652201 0.0535365 9.9684e-60
1 9 4 2  0.0208378 0.0404785 0.0252043 0.0194682 0.0504479
1 9 5 2  0.00744192 1.06445 0.915487 0.725655 0.597858
1 9 6 2  0.368875 3.33602 2.85933 0.207335 3.82468e-115
1 9 7 2  12.4844 16.2322 21.2234 17.8711 5.35635e-17
1 9 8 2  0.325434 1.77911 1.49652 0.978844 1.04725e-36
1 9 9 2  0.610799 2.48174 2.25267 2.58198 2.86727
1 9 10 2  0.0533966 2.57055 2.68142 0.506161 8.37174e-05
1 10 1 2  0.557337 2.05479 1.23873 0.596697 0.00221847
1 10 2 2  0 1.69819 5.3627 1.17952 5.47179e-33
1 10 3 2  0.0238438 0.109305 0.0756753 0.0531331 8.60688e-60
1 10 4 2  0.0206959 0.0407847 0.0253288 0.0181091 0.0476477
1 10 5 2  0.0108954 1.02275 0.917417 0.700729 0.621114
1 10 6 2  0.200665 2.62618 3.05543 0.178148 3.36139e-115
1 10 7 2  197.313 90.0399 19.2159 16.8334 4.80792e-17
1 10 8 2  0.230357 1.60676 1.4565 0.906752 8.09178e-37
1 10 9 2  0.545556 2.31575 2.2275 2.38814 2.7905
1 10 10 2  0.0406558 1.99597 2.18303 0.370069 3.14355e-05
1 11 1 2  1.17557 2.80867 1.11078 0.486419 0.00130517
1 11 2 2  0 3.88334 4.26877 2.64553 4.51818e-33
1 11 3 2  0.0268025 0.121479 0.0860799 0.0543526 7.45682e-60
1 11 4 2  0.0210538 0.0406349 0.0249061 0.0168484 0.0439397
1 11 5 2  0.0116432 1.03163 0.911095 0.683917 0.639688
1 11 6 2  0.156614 2.06144 3.08229 0.15364 2.96107e-115
1 11 7 2  137.103 119.897 25.4781 15.8494 4.31907e-17
1 11 8 2  0.112114 1.11432 1.38025 0.84606 6.23243e-37
1 11 9 2  0.53443 2.19169 2.13886 2.21811 2.67425
1 11 10 2  0.470754 13.1053 1.78725 0.316188 1.30508e-05
1 12 1 2  0.612802 2.36085 1.26386 0.417557 0.000786063
1 12 2 2  0 1.77792 5.55215 3.47913 3.73989e-33
1 12 3 2  0.0333288 0.142817 0.0969701 0.0568455 6.4757e-60
1 12 4 2  0.0205739 0.0391117 0.023565 0.0152741 0.0388403
1 12 5 2  0.0076652 0.878471 0.911162 0.671292 0.654892
1 12 6 2  0.455 2.61454 2.99424 0.132818 2.61263e-115
1 12 7 2  95.8734 125.335 33.8848 15.2709 3.88208e-17
1 12 8 2  0.258541 1.41435 1.21944 0.810372 4.91013e-37
1 12 9 2  0.530333 2.16133 2.12022 2.15248 2.64948
1 12 10 2  0.0690604 6.49069 7.43562 0.175336 3.58659e-06
1 13 1 2  0.340163 1.65639 1.07704 0.321999 0.00038746
1 13 2 2  0 0.859521 4.34789 4.49518 3.07056e-33
1 13 3 2  0.169661 0.464528 0.10962 0.0599238 5.60674e-60
1 13 4 2  0.0201495 0.0374905 0.0220605 0.0138065 0.0338382
1 13 5 2  0.00900416 0.8419 0.864896 0.660307 0.666461
1 13 6 2  0.288133 2.42494 3.00901 0.114433 2.30152e-115
1 13 7 2  67.8468 117.359 41.2303 15.1148 3.48805e-17
1 13 8 2  0.166355 1.21054 1.17066 0.748254 3.79007e-37
1 13 9 2  0.534087 2.07896 1.97722 1.97768 2.46825
1 13 10 2  0.0211637 2.83517 4.65318 0.32054 7.50595e-07
1 14 1 2  0.252518 1.16487 0.786714 0.236713 0.000175357
1 14 2 2  0 2.60815 2.95194 4.92308 2.51861e-33
1 14 3 2  0.0978206 0.473836 0.215842 0.0640559 4.85428e-60
1 14 4 2  0.0409208 0.0516593 0.021554 0.0130661 0.0306083
1 14 5 2  0.0123793 0.956102 0.822673 0.644358 0.675532
1 14 6 2  1.31817 5.40406 2.97983 0.0985792 2.02758e-115
1 14 7 2  50.0153 104.351 46.4163 15.3031 3.13413e-17
1 14 8 2  0.0927165 0.846942 1.05194 0.676933 2.84748e-37
1 14 9 2  0.575929 2.10246 1.85718 1.81753 2.28904
1 14 10 2  0.0402537 2.05284 3.03812 0.494408 3.21077e-07
1 15 1 2  0.209371 0.863269 0.552073 0.167427 7.65097e-05
1 15 2 2  0 2.59418 3.73646 4.8638 2.07643e-33
1 15 3 2  0.0580898 0.390119 0.293082 0.0812211 4.21305e-60
1 15 4 2  0.0431596 0.0610537 0.0234018 0.0121153 0.026946
1 15 5 2  0.0144042 1.10282 0.827179 0.626421 0.682265
1 15 6 2  0.578896 4.98029 3.57986 0.0851498 1.78896e-115
1 15 7 2  39.305 91.0498 49.445 15.7175 2.81718e-17
1 15 8 2  0.138971 0.859339 0.897409 0.623123 2.17753e-37
1 15 9 2  0.705165 2.34237 1.79972 1.68848 2.13328
1 15 10 2  0.0367257 1.69067 2.14654 0.463413 1.43751e-07
1 16 1 2  0.140516 0.604556 0.369642 0.104554 2.95692e-05
1 16 2 2  0 1.1683 4.11396 5.03744 1.70568e-33
1 16 3 2  0.0415668 0.305914 0.318969 0.105083 3.65072e-60
1 16 4 2  0.0398235 0.0622895 0.0248669 0.011198 0.0224567
1 16 5 2  0.022574 1.50761 0.867187 0.612788 0.6858
1 16 6 2  0.289805 3.8425 3.97662 0.0734173 1.57691e-115
1 16 7 2  33.1107 78.7492 50.4475 16.2103 2.53162e-17
1 16 8 2  0.0890251 0.664327 0.749224 0.528337 1.55548e-37
1 16 9 2  0.847795 2.72627 1.85104 1.59719 2.00392
1 16 10 2  0.109223 3.46884 1.63137 0.372631 6.36313e-08
1 17 1 2  0.178753 0.544331 0.258398 0.0698185 1.19071e-05
1 17 2 2  0 1.97202 3.0504 5.20547 1.3834e-33
1 17 3 2  0.0320766 0.235752 0.305936 0.126887 3.14415e-60
1 17 4 2  0.034469 0.0608 0.0270416 0.0113972 0.0197139
1 17 5 2  0.0157377 1.44406 0.992395 0.606297 0.68602
1 17 6 2  0.187005 2.81403 4.02139 0.0628902 1.38506e-115
1 17 7 2  29.3587 67.7143 49.6565 16.6496 2.27274e-17
1 17 8 2  0.958542 3.64751 0.679471 0.498812 1.24359e-37
1 17 9 2  1.09209 3.3553 2.00327 1.5445 1.88672
1 17 10 2  0.0875726 3.50463 2.15614 0.180757 1.74755e-08
1 18 1 2  0.745317 1.38613 0.250934 0.0657943 6.64886e-06
1 18 2 2  0 6.98281 3.17587 4.9846 1.11628e-33
1 18 3 2  0.588431 1.46843 0.274795 0.1428 2.70129e-60
1 18 4 2  0.0351831 0.0597312 0.0275246 0.011701 0.0172649
1 18 5 2  0.0159353 1.41318 1.05738 0.620521 0.684861
1 18 6 2  0.24138 2.36551 3.83369 0.0537142 1.2145e-115
1 18 7 2  28.2785 59.1885 47.7182 16.9825 2.0393e-17
1 18 8 2  0.374653 2.94816 1.47599 0.463919 9.87021e-38
1 18 9 2  1.56085 4.55819 2.36432 1.58757 1.83824
1 18 10 2  0.245155 7.66106 2.91393 0.371984 1.15995e-08
1 19 1 2  0.351997 1.20559 0.445622 0.0576321 3.40268e-06
1 19 2 2  0 2.41146 7.63121 4.9716 9.16499e-34
1 19 3 2  0.297894 1.48133 0.639181 0.154448 2.33799e-60
1 19 4 2  0.0386108 0.0613057 0.0274671 0.0119099 0.0153553
1 19 5 2  0.0332238 2.10415 1.10878 0.645447 0.687034
1 19 6 2  0.212004 2.05441 3.65464 0.0462573 1.06959e-115
1 19 7 2  27.8307 53.6599 45.6005 17.2448 1.83185e-17
1 19 8 2  0.2152 2.1137 1.8307 0.53109 7.91026e-38
1 19 9 2  1.3927 4.8712 2.88697 1.64612 1.74625
1 19 10 2  0.0467646 3.93662 5.56505 0.587422 7.66625e-09
1 20 1 2  0.20428 0.90131 0.490478 0.0751807 1.8146e-06
1 20 2 2  0 0.968046 6.01178 6.34615 7.51237e-34
1 20 3 2  0.160949 1.17544 0.89126 0.209701 2.02139e-60
1 20 4 2  0.043719 0.0648279 0.0270149 0.0117105 0.013567
1 20 5 2  0.0178141 1.8659 1.32703 0.672271 0.691711
1 20 6 2  0.743874 3.46465 3.43766 0.0397896 9.4129e-116
1 20 7 2  25.7363 48.7875 43.2245 17.374 1.64511e-17
1 20 8 2  0.119095 1.373 1.78337 0.611516 6.21886e-38
1 20 9 2  1.28739 4.99912 3.48358 1.89058 1.76144
1 20 10 2  0.410043 12.1811 5.12228 1.1145 5.42341e-09
1 21 1 2  0.211236 0.780399 0.479233 0.10448 1.13635e-06
1 21 2 2  0 0.853269 3.9466 6.95261 6.16723e-34
1 21 3 2  0.35272 1.44833 0.971472 0.288079 1.74858e-60
1 21 4 2  0.0449458 0.0685886 0.0281041 0.0118066 0.0125034
1 21 5 2  0.0176469 1.73068 1.41593 0.728677 0.699202
1 21 6 2  0.390358 3.25223 3.55195 0.0342465 8.28593e-116
1 21 7 2  23.2193 44.3479 40.7811 17.3865 1.4775e-17
1 21 8 2  0.834736 3.5482 1.57174 0.681606 4.98197e-38
1 21 9 2  1.12979 4.70029 3.7815 2.1291 1.74124
1 21 10 2  0.129487 7.71979 9.06243 1.30449 3.51368e-09
1 22 1 2  0.189284 0.681226 0.4344 0.118601 6.95603e-07
1 22 2 2  0 5.73786 2.75365 6.73041 5.02738e-34
1 22 3 2  0.18873 1.21587 1.10083 0.361595 1.50735e-60
1 22 4 2  0.0433497 0.0680583 0.0282655 0.0115748 0.0112328
1 22 5 2  0.0117869 1.41434 1.43324 0.783992 0.711887
1 22 6 2  0.212129 2.571 3.5776 0.0293633 7.27816e-116
1 22 7 2  20.565 39.9044 38.1723 17.2634 1.32619e-17
1 22 8 2  0.353086 2.90691 2.11417 0.730994 4.09565e-38
1 22 9 2  1.06769 4.43939 3.89704 2.37731 1.76058
1 22 10 2  0.0891617 5.06083 8.83984 1.97972 2.39776e-09
1 23 1 2  0.293756 0.792565 0.397673 0.126573 4.41137e-07
1 23 2 2  0 2.12164 6.40789 6.26694 4.13789e-34
1 23 3 2  0.10387 0.90688 1.13259 0.442938 1.30483e-60
1 23 4 2  0.0407958 0.0661784 0.0283933 0.0115273 0.0103073
1 23 5 2  0.0403557 2.39302 1.37106 0.831454 0.730802
1 23 6 2  0.383489 2.70381 3.49442 0.0252937 6.40877e-116
1 23 7 2  18.6005 36.2186 35.7246 17.0685 1.19118e-17
1 23 8 2  0.168883 1.96685 2.28793 0.829577 3.34645e-38
1 23 9 2  1.20308 4.54607 3.92362 2.60654 1.82312
1 23 10 2  0.0509324 3.1432 6.76244 2.09183 1.41788e-09
1 24 1 2  0.195732 0.68487 0.36424 0.105152 2.31085e-07
1 24 2 2  0 0.814888 5.20774 7.08214 3.41721e-34
1 24 3 2  0.0581532 0.63527 1.06351 0.516878 1.13106e-60
1 24 4 2  0.0375364 0.0631721 0.028345 0.0116152 0.00969232
1 24 5 2  0.0380072 2.84452 1.59494 0.858223 0.753723
1 24 6 2  0.32739 2.62441 3.46481 0.021822 5.64771e-116
1 24 7 2  17.0401 33.0334 33.3708 16.7964 1.07015e-17
1 24 8 2  0.0893481 1.19144 1.99993 0.87375 2.57012e-38
1 24 9 2  2.15274 5.85945 3.40151 2.38147 1.63127
1 24 10 2  0.0651698 2.84095 4.726 1.8914 8.18521e-10
1 25 1 2  0.120124 0.522352 0.334092 0.0959428 1.28133e-07
1 25 2 2  0 0.64527 3.42048 7.31617 2.80885e-34
1 25 3 2  0.0377209 0.43605 0.925924 0.568059 9.78095e-61
1 25 4 2  0.0328735 0.057816 0.0274158 0.0115116 0.00913461
1 25 5 2  0.0559984 3.80514 1.86431 0.913662 0.776802
1 25 6 2  0.398523 2.78026 3.40778 0.0187774 4.96952e-116
1 25 7 2  15.4886 30.0201 31.0245 16.434 9.61067e-18
1 25 8 2  0.0748637 0.81594 1.66637 0.914468 2.06156e-38
1 25 9 2  1.49874 5.76308 3.93978 2.43799 1.66732
1 25 10 2  0.0411018 2.0953 3.68839 1.59837 4.8336e-10
1 26 1 2  0.089029 0.383211 0.246159 0.0710908 5.74807e-08
1 26 2 2  0 3.16862 2.38855 7.06867 2.34122e-34
1 26 3 2  0.0318666 0.317904 0.783412 0.600836 8.5126e-61
1 26 4 2  0.0323663 0.0529125 0.024644 0.0107358 0.00827903
1 26 5 2  0.28112 13.3677 2.33552 1.00504 0.805775
1 26 6 2  0.451336 3.06679 3.44069 0.0162734 4.3899e-116
1 26 7 2  14.2347 27.6428 28.966 16.0514 8.64048e-18
1 26 8 2  0.0557901 0.565778 1.29767 0.878858 1.59327e-38
1 26 9 2  0.907932 4.27701 3.67894 2.24279 1.47491
1 26 10 2  0.0456495 1.96245 2.95914 1.41206 3.04364e-10
1 27 1 2  0.0865428 0.332588 0.231471 0.076716 3.76161e-08
1 27 2 2  0 2.57311 4.10827 6.61093 1.96917e-34
1 27 3 2  0.0281137 0.245151 0.653873 0.615068 7.44005e-61
1 27 4 2  0.0304497 0.0505677 0.0235697 0.0104118 0.00797758
1 27 5 2  0.228022 16.6825 5.31662 1.15652 0.843923
1 27 6 2  0.57112 3.62683 3.56073 0.0141696 3.88793e-116
1 27 7 2  13.3807 25.7515 27.1282 15.6473 7.77407e-18
1 27 8 2  0.0480669 0.434871 1.02403 0.836461 1.2664e-38
1 27 9 2  0.852921 3.77702 3.60645 2.37752 1.50664
1 27 10 2  0.028085 1.45962 1.91956 0.689922 1.08435e-10
1 28 1 2  0.109378 0.344502 0.224748 0.0865302 2.71086e-08
1 28 2 2  0 1.24925 4.49325 6.78373 1.65494e-34
1 28 3 2  0.0281296 0.20344 0.53857 0.610079 6.50101e-61
1 28 4 2  0.0272693 0.0457165 0.0214612 0.00956075 0.00733176
1 28 5 2  0.056635 11.6986 8.31117 1.76696 0.896448
1 28 6 2  0.375556 3.3842 3.77771 0.0123342 3.44288e-116
1 28 7 2  12.6216 24.0776 25.4079 15.207 6.99516e-18
1 28 8 2  0.277354 1.17919 0.827342 0.793905 1.0342e-38
1 28 9 2  0.975529 3.74435 3.45873 2.49425 1.57164
1 28 10 2  0.0517988 1.90032 1.41319 0.411356 4.31459e-11
1 29 1 2  0.178384 0.452801 0.220401 0.0905826 1.91044e-08
1 29 2 2  0 0.800285 3.48509 6.97594 1.37962e-34
1 29 3 2  0.0333613 0.190327 0.439604 0.586965 5.6593e-61
1 29 4 2  0.0267747 0.0424188 0.0191807 0.00861253 0.00663201
1 29 5 2  0.0617336 9.01965 8.97892 2.72146 1.01636
1 29 6 2  0.472294 3.49954 3.87756 0.010692 3.04182e-116
1 29 7 2  12.0534 22.544 23.7435 14.7228 6.29197e-18
1 29 8 2  0.135896 1.06567 0.953653 0.76292 8.75116e-39
1 29 9 2  0.996256 3.77655 3.37851 2.56623 1.65297
1 29 10 2  0.0790129 2.77604 1.65107 0.359448 2.3353e-11
1 30 1 2  0.113043 0.406485 0.228575 0.0811514 1.17552e-08
1 30 2 2  0 0.813313 2.58157 6.87395 1.15838e-34
1 30 3 2  0.0279338 0.171741 0.369836 0.557894 4.94266e-61
1 30 4 2  0.0355269 0.0493189 0.0194326 0.0086311 0.00668908
1 30 5 2  0.125173 10.0987 8.76191 3.57029 1.24084
1 30 6 2  0.287456 3.03766 4.01469 0.00930228 2.69283e-116
1 30 7 2  12.0749 21.5732 22.2957 14.2427 5.66383e-18
1 30 8 2  0.224236 1.3236 1.01538 0.75584 7.42886e-39
1 30 9 2  0.842178 3.43431 3.18216 2.48129 1.65121
1 30 10 2  0.0517234 2.39047 2.24483 0.35014 1.24021e-11
1 31 1 2  0.0707829 0.308231 0.194622 0.0625455 5.92801e-09
1 31 2 2  0 2.05684 2.09251 6.44612 9.66384e-35
1 31 3 2  0.0227272 0.148553 0.312501 0.521243 4.30257e-61
1 31 4 2  0.0404833 0.0578196 0.021666 0.00900439 0.00698144
1 31 5 2  0.0464349 7.51908 8.86125 4.17193 1.543
1 31 6 2  0.219856 2.53221 4.00706 0.00806384 2.37885e-116
1 31 7 2  12.1197 20.8425 20.9619 13.7426 5.09761e-18
1 31 8 2  0.141241 1.13617 1.09341 0.725715 6.04563e-39
1 31 9 2  0.792355 3.18824 2.99362 2.40809 1.65778
1 31 10 2  0.0144089 1.26388 2.29507 0.412007 6.73042e-12
1 32 1 2  0.0490388 0.227154 0.156959 0.0503376 3.01175e-09
1 32 2 2  0 0.943535 2.9243 5.91815 8.03445e-35
1 32 3 2  0.0239333 0.138064 0.264251 0.481309 3.73769e-61
1 32 4 2  0.0330524 0.0592125 0.0256987 0.0100427 0.00757431
1 32 5 2  0.0289454 5.35829 8.20455 4.63959 1.88461
1 32 6 2  1.85874 7.13976 3.88176 0.00697472 2.09857e-116
1 32 7 2  13.0065 20.6644 19.7762 13.2369 4.58821e-18
1 32 8 2  0.0826602 0.842663 1.09215 0.712438 4.93331e-39
1 32 9 2  0.663879 2.72787 2.6234 2.16864 1.54818
1 32 10 2  0.0149672 0.862188 1.65006 0.432382 3.50632e-12
1 33 1 2  0.0356338 0.172823 0.138646 0.0496581 1.87399e-09
1 33 2 2  0 3.66267 2.3773 5.74823 6.67274e-35
1 33 3 2  0.312527 0.790967 0.227069 0.440876 3.24427e-61
1 33 4 2  0.0270735 0.0570351 0.0293699 0.0118389 0.00851059
1 33 5 2  0.159925 9.38278 7.1538 4.88422 2.24565
1 33 6 2  1.1115 7.71766 4.7356 0.00602741 1.85014e-116
1 33 7 2  14.373 21.1153 18.7923 12.738 4.13063e-18
1 33 8 2  0.0525521 0.607838 1.03236 0.722941 4.14595e-39
1 33 9 2  0.800987 2.7765 2.35548 2.00272 1.4841
1 33 10 2  0.0149889 0.715177 1.34143 0.481876 2.31196e-12
1 34 1 2  0.0352818 0.142119 0.109398 0.0437713 1.08378e-09
1 34 2 2  0 2.19827 4.44017 5.40613 5.51934e-35
1 34 3 2  0.177943 0.84634 0.404889 0.400577 2.81e-61
1 34 4 2  0.0225343 0.0522355 0.0310861 0.0136727 0.00960791
1 34 5 2  0.256569 15.467 7.49135 4.88944 2.59567
1 34 6 2  1.70565 9.82955 5.54551 0.00519668 1.62883e-116
1 34 7 2  15.9567 22.0934 18.0269 12.2494 3.71895e-18
1 34 8 2  0.055669 0.496927 0.904953 0.715823 3.44146e-39
1 34 9 2  1.6823 4.33954 2.26027 1.87882 1.4468
1 34 10 2  0.0176486 0.73072 1.06267 0.451489 1.44361e-12
1 35 1 2  0.100161 0.226755 0.0987343 0.0439757 7.41226e-10
1 35 2 2  0 0.705631 4.21807 5.76044 4.55322e-35
1 35 3 2  0.115229 0.730415 0.542162 0.388364 2.43095e-61
1 35 4 2  0.0200312 0.0466658 0.0304821 0.0148731 0.010663
1 35 5 2  0.174277 15.5277 9.34667 4.94426 2.90753
1 35 6 2  1.89162 11.6439 6.63658 0.00447455 1.43286e-116
1 35 7 2  15.8598 22.8151 17.5112 11.7825 3.34889e-18
1 35 8 2  0.106065 0.616684 0.778672 0.691638 2.84163e-39
1 35 9 2  1.39856 4.75949 2.75199 1.83331 1.44959
1 35 10 2  0.0123628 0.597976 0.995161 0.446924 1.00533e-12
1 36 1 2  0.220183 0.457677 0.127617 0.0497112 5.89277e-10
1 36 2 2  0 1.32366 2.83274 6.02291 3.78328e-35
1 36 3 2  0.07299 0.572352 0.604961 0.397962 2.11102e-61
1 36 4 2  0.19105 0.162495 0.0300676 0.016117 0.0122304
1 36 5 2  0.726796 37.714 10.7104 5.30613 3.19696
1 36 6 2  1.04498 10.2559 7.9741 0.00386892 1.26352e-116
1 36 7 2  15.1144 23.1872 17.2286 11.3601 3.01772e-18
1 36 8 2  0.0818434 0.593465 0.731971 0.657481 2.34408e-39
1 36 9 2  1.11645 4.61741 3.32637 1.98432 1.5076
1 36 10 2  0.00908899 0.464361 0.989853 0.517154 8.30467e-13
1 37 1 2  0.247584 0.627232 0.207978 0.0563234 4.49999e-10
1 37 2 2  0 0.50131 2.64308 5.82084 3.15745e-35
1 37 3 2  1.2152 3.09372 0.601597 0.415741 1.83784e-61
1 37 4 2  0.13309 0.19881 0.0550648 0.0169772 0.0139385
1 37 5 2  0.706501 49.3813 17.7494 5.81821 3.50271
1 37 6 2  1.15867 9.77597 8.8407 0.00335451 1.11603e-116
1 37 7 2  14.0549 23.1427 17.0835 10.982 2.72068e-18
1 37 8 2  0.0553444 0.498302 0.711927 0.64022 1.98151e-39
1 37 9 2  0.863191 3.99012 3.5023 2.12759 1.50937
1 37 10 2  0.0146806 0.562339 0.929405 0.588269 7.02198e-13
1 38 1 2  0.230729 0.703057 0.316059 0.0773288 3.63987e-10
1 38 2 2  0 0.33033 1.82798 5.59371 2.63722e-35
1 38 3 2  0.589898 3.06624 1.38854 0.430795 1.60147e-61
1 38 4 2  0.0946097 0.196899 0.0799725 0.0228843 0.0156974
1 38 5 2  0.105986 31.9282 25.8545 7.37802 3.83987
1 38 6 2  0.555962 7.66431 9.47249 0.00291126 9.86417e-117
1 38 7 2  12.8668 22.7058 16.9929 10.6454 2.45379e-18
1 38 8 2  0.0343611 0.379196 0.673829 0.628961 1.68882e-39
1 38 9 2  0.61673 3.19224 3.36796 2.23099 1.50345
1 38 10 2  0.00946863 0.463262 0.960776 0.652534 6.06246e-13
1 39 1 2  0.158632 0.642587 0.420061 0.116098 3.08436e-10
1 39 2 2  0 0.270955 1.22929 5.06876 2.17715e-35
1 39 3 2  0.291975 2.34102 1.89842 0.538804 1.3882e-61
1 39 4 2  0.0678603 0.176911 0.0959866 0.0319902 0.0184193
1 39 5 2  0.564846 40.2293 26.5093 9.86415 4.32301
1 39 6 2  1.03159 7.71846 9.44985 0.00251186 8.6909e-117
1 39 7 2  11.5508 21.8264 16.8559 10.3363 2.21285e-18
1 39 8 2  0.0234237 0.282622 0.618779 0.626719 1.46767e-39
1 39 9 2  0.474093 2.54209 3.08417 2.30473 1.52954
1 39 10 2  0.00855867 0.401241 0.937567 0.726763 5.34132e-13
1 40 1 2  0.132355 0.572674 0.484793 0.170959 2.69722e-10
1 40 2 2  0 0.281857 0.875374 4.48638 1.80483e-35
1 40 3 2  0.151977 1.63651 2.03928 0.697027 1.20537e-61
1 40 4 2  0.049407 0.150894 0.102243 0.0413973 0.0226552
1 40 5 2  0.279367 33.5272 29.2932 11.8807 5.05819
1 40 6 2  3.7879 16.0668 9.48332 0.00217137 7.66483e-117
1 40 7 2  10.7827 20.9381 16.688 10.0635 1.99647e-18
1 40 8 2  0.0179908 0.213829 0.549946 0.620985 1.28043e-39
1 40 9 2  0.407241 2.05642 2.67265 2.26734 1.53922
1 40 10 2  0.0091748 0.394859 0.88968 0.789495 4.70889e-13
1 41 1 2  0.119053 0.512497 0.511075 0.230339 2.36626e-10
1 41 2 2  0 0.64268 0.688847 3.86363 1.48491e-35
1 41 3 2  0.084217 1.08014 1.89722 0.842872 1.04283e-61
1 41 4 2  0.0371186 0.12637 0.101908 0.0495492 0.0286096
1 41 5 2  0.160061 24.8622 29.2412 13.8336 5.95114
1 41 6 2  1.70177 14.7489 11.1432 0.00186953 6.74433e-117
1 41 7 2  10.3869 20.1172 16.4549 9.81265 1.80141e-18
1 41 8 2  0.0205602 0.186461 0.477783 0.609327 1.12036e-39
1 41 9 2  0.397219 1.78826 2.29101 2.17373 1.55539
1 41 10 2  0.033333 1.02838 0.855562 0.840256 4.16903e-13
1 42 1 2  1.36349 2.34372 0.519004 0.291662 2.11131e-10
1 42 2 2  0 0.806772 0.895629 3.29642 1.21781e-35
1 42 3 2  0.053997 0.708453 1.625 0.944791 9.00444e-62
1 42 4 2  0.0296654 0.105424 0.0969521 0.0553628 0.0358045
1 42 5 2  0.389753 29.2251 26.8155 15.2852 6.97855
1 42 6 2  9.92215 38.6322 12.2125 0.00160625 5.92655e-117
1 42 7 2  10.5093 19.5722 16.1846 9.58088 1.62571e-18
1 42 8 2  0.0310978 0.209752 0.419888 0.596164 9.89873e-40
1 42 9 2  0.424106 1.73169 2.05788 2.11646 1.62589
1 42 10 2  0.0561497 1.87244 1.20407 0.886099 3.7176e-13
2 1 1 2  0.120561 5.03818 5.41417 0.750721 0.100338
2 1 2 2  0 7.93494e-102 1.09806 0.714804 5.65234e-32
2 1 3 2  3.3529e-15 0.173035 0.344953 0.39866 1.37642e-58
2 1 4 2  2.87607e-05 0.0213116 0.00807795 0.0316591 0.00975417
2 1 5 2  0.0493356 1.78051 3.40107 1.1543 0.0533194
2 1 6 2  0.854241 2.02673 0.927023 0.638311 9.12614e-115
2 1 7 2  1.96781e-54 2.94538 6.6057 2.08263 1.17381e-17
2 1 8 2  0.0169737 1.54693 2.47413 0.271312 4.19336e-36
2 1 9 2  1.86291e-20 0.150206 4.74111 4.31444 0.460646
2 1 10 2  0.159876 4.62068 4.0127 0.541735 0.0613643
2 2 1 2  0.168091 2.89588 4.64896 1.32851 0.0759477
2 2 2 2  0 0.107242 0.502454 0.840059 4.27923e-32
2 2 3 2  0.0226865 0.117609 0.265241 0.35985 1.15089e-58
2 2 4 2  0.00127154 0.0150645 0.0107631 0.0230003 0.0151166
2 2 5 2  0.0332174 2.08468 2.76751 1.42124 0.185444
2 2 6 2  0.384776 1.99076 1.15892 0.528783 7.8774e-115
2 2 7 2  0.234678 2.08727 5.59365 2.11759 1.04848e-17
2 2 8 2  0.0615115 0.843979 2.11218 0.507997 3.4128e-36
2 2 9 2  0.249094 0.517016 3.11212 4.21562 0.930862
2 2 10 2  0.0841861 3.02873 4.19034 0.682034 0.0322524
2 3 1 2  0.315848 2.0562 3.44259 1.57046 0.054517
2 3 2 2  0 0.0982082 0.313006 0.769959 3.28758e-32
2 3 3 2  0.0433859 0.123339 0.203615 0.322394 9.67116e-59
2 3 4 2  0.0026037 0.0119347 0.011031 0.017833 0.0181068
2 3 5 2  0.0198158 1.77257 2.46136 1.52185 0.335012
2 3 6 2  0.457693 2.17288 1.35253 0.440577 6.81702e-115
2 3 7 2  0.428555 1.62747 4.71612 2.10801 9.37053e-18
2 3 8 2  0.0571534 0.508604 1.55481 0.615163 2.60802e-36
2 3 9 2  0.353755 0.898212 2.15641 3.72009 1.29992
2 3 10 2  0.369371 7.76013 3.06449 0.614334 0.0133949
2 4 1 2  2.74447 6.06617 2.58443 1.62443 0.0401999
2 4 2 2  0 0.128409 0.2205 0.667936 2.54296e-32
2 4 3 2  0.0610844 0.153532 0.168358 0.28571 8.14175e-59
2 4 4 2  0.00356727 0.0105615 0.0104298 0.0144191 0.0196879
2 4 5 2  0.00964539 1.25566 2.17437 1.54836 0.479906
2 4 6 2  0.409282 2.17345 1.55731 0.36789 5.90392e-115
2 4 7 2  0.59502 1.40496 3.96997 2.06242 8.37574e-18
2 4 8 2  0.440602 1.42444 1.09605 0.624325 1.96361e-36
2 4 9 2  0.374351 1.14735 1.70264 3.1871 1.56672
2 4 10 2  0.0671046 3.81145 5.47415 0.466657 0.00521949
2 5 1 2  1.25062 5.32021 2.9723 1.32658 0.0254173
2 5 2 2  0 0.204687 0.202377 0.574603 1.99424e-32
2 5 3 2  0.0609196 0.170392 0.158426 0.25426 6.89063e-59
2 5 4 2  0.00492139 0.0106313 0.00967363 0.0119786 0.0203629
2 5 5 2  0.00712969 0.91144 1.84493 1.52648 0.612665
2 5 6 2  0.231798 1.77943 1.74412 0.30908 5.12855e-115
2 5 7 2  0.709702 1.32244 3.36416 1.99403 7.49264e-18
2 5 8 2  0.170241 1.08795 1.16238 0.602811 1.53123e-36
2 5 9 2  0.359591 1.2622 1.50835 2.71156 1.73672
2 5 10 2  0.162219 4.26395 4.10334 0.673549 0.00228232
2 6 1 2  0.714274 4.00452 3.08362 1.27079 0.0172405
2 6 2 2  0 0.397691 0.248574 0.494826 1.55355e-32
2 6 3 2  0.0555957 0.170696 0.156375 0.226106 5.80864e-59
2 6 4 2  0.00565679 0.0112615 0.009244 0.0102356 0.0205854
2 6 5 2  0.0163424 1.06123 1.51071 1.45058 0.726737
2 6 6 2  0.193586 1.45898 1.78814 0.258564 4.44331e-115
2 6 7 2  0.780087 1.29513 2.85596 1.90387 6.69777e-18
2 6 8 2  0.0842492 0.698276 1.07735 0.587384 1.18247e-36
2 6 9 2  0.346002 1.30943 1.43927 2.34391 1.84223
2 6 10 2  0.0556667 2.4583 3.4135 0.407401 0.000632748
2 7 1 2  0.66482 3.30807 2.96819 1.36829 0.0128178
2 7 2 2  0 0.652355 0.419166 0.456441 1.22331e-32
2 7 3 2  0.0726249 0.197808 0.157498 0.204897 4.91797e-59
2 7 4 2  0.00616249 0.0120387 0.0090961 0.00894094 0.0203782
2 7 5 2  0.00955023 0.900961 1.3424 1.34207 0.819865
2 7 6 2  0.328034 1.61181 1.76772 0.217368 3.85917e-115
2 7 7 2  0.803205 1.297 2.45451 1.80546 5.99147e-18
2 7 8 2  0.167928 0.765819 0.903901 0.568482 9.15001e-37
2 7 9 2  0.359037 1.37121 1.43582 2.09152 1.92006
2 7 10 2  0.0364432 1.50979 2.79481 0.54069 0.000318163
2 8 1 2  0.400302 2.4132 2.47879 1.26545 0.00846524
2 8 2 2  0 2.42532 0.696523 0.484361 9.6592e-33
2 8 3 2  0.0864994 0.233304 0.167817 0.188219 4.16691e-59
2 8 4 2  0.00611147 0.0123818 0.00903416 0.00789185 0.0195784
2 8 5 2  0.0356321 1.76002 1.18197 1.23292 0.889533
2 8 6 2  0.517051 2.15239 1.79306 0.182896 3.35279e-115
2 8 7 2  0.806463 1.30264 2.13217 1.70154 5.36025e-18
2 8 8 2  0.0842896 0.567304 0.823737 0.536966 7.11154e-37
2 8 9 2  0.368015 1.4068 1.42797 1.86342 1.91832
2 8 10 2  0.0746177 1.88634 2.03465 0.567563 0.000166815
2 9 1 2  1.37944 3.77983 2.08802 1.21979 0.00598667
2 9 2 2  0 5.26355 2.20303 0.610015 7.76926e-33
2 9 3 2  0.0909074 0.26166 0.190546 0.178798 3.56074e-59
2 9 4 2  0.00616136 0.0126468 0.00908197 0.00718238 0.0186733
2 9 5 2  0.0101721 1.31373 1.35892 1.13082 0.940845
2 9 6 2  0.265877 1.89874 1.97981 0.155364 2.92804e-115
2 9 7 2  0.824063 1.33122 1.8878 1.60138 4.80265e-18
2 9 8 2  0.165414 0.714084 0.730718 0.517248 5.65379e-37
2 9 9 2  0.328516 1.36069 1.44078 1.699 1.89495
2 9 10 2  0.0436757 1.46296 1.7928 0.380012 6.56933e-05
2 10 1 2  0.742715 3.33214 2.19795 1.0683 0.00397511
2 10 2 2  0 1.87559 5.25043 1.24311 6.38576e-33
2 10 3 2  0.0968493 0.289887 0.221092 0.177451 3.0744e-59
2 10 4 2  0.0061194 0.0127425 0.00912681 0.00668097 0.0176368
2 10 5 2  0.0148926 1.26226 1.36178 1.09198 0.977443
2 10 6 2  0.144635 1.49473 2.11559 0.133493 2.57336e-115
2 10 7 2  13.0241 7.3843 1.70923 1.5084 4.31091e-18
2 10 8 2  0.117087 0.644904 0.711174 0.479153 4.36851e-37
2 10 9 2  0.293426 1.26968 1.42469 1.57145 1.84421
2 10 10 2  0.0332544 1.13595 1.45957 0.277838 2.46675e-05
2 11 1 2  1.56658 4.55466 1.97091 0.870865 0.00233863
2 11 2 2  0 4.28901 4.1794 2.78815 5.27287e-33
2 11 3 2  0.108867 0.322174 0.25149 0.181523 2.66359e-59
2 11 4 2  0.00622522 0.0126957 0.00897452 0.00621585 0.0162643
2 11 5 2  0.0159147 1.27322 1.3524 1.06578 1.00667
2 11 6 2  0.112884 1.1733 2.13419 0.115128 2.26689e-115
2 11 7 2  9.04984 9.83295 2.26625 1.42023 3.8726e-18
2 11 8 2  0.0569863 0.447256 0.673943 0.447081 3.3647e-37
2 11 9 2  0.287441 1.20166 1.368 1.45956 1.76738
2 11 10 2  0.385053 7.45858 1.19496 0.237385 1.0241e-05
2 12 1 2  0.816628 3.82846 2.24253 0.747577 0.00140849
2 12 2 2  0 1.96365 5.4359 3.66668 4.36458e-33
2 12 3 2  0.135375 0.378762 0.283306 0.189849 2.31314e-59
2 12 4 2  0.00608333 0.0122198 0.00849127 0.00563506 0.0143767
2 12 5 2  0.0104773 1.08419 1.3525 1.04611 1.0306
2 12 6 2  0.327954 1.4881 2.07322 0.0995257 2.00014e-115
2 12 7 2  6.32836 10.2789 3.01403 1.36838 3.48078e-18
2 12 8 2  0.131413 0.56768 0.595424 0.428223 2.65083e-37
2 12 9 2  0.285238 1.18501 1.35607 1.41638 1.75101
2 12 10 2  0.0564879 3.69401 4.97147 0.131637 2.81441e-06
2 13 1 2  0.453306 2.68608 1.91104 0.576494 0.000694261
2 13 2 2  0 0.94931 4.25686 4.73751 3.58344e-33
2 13 3 2  0.689131 1.23197 0.320263 0.20013 2.00274e-59
2 13 4 2  0.00595785 0.0117133 0.00794913 0.00509362 0.0125252
2 13 5 2  0.0123075 1.03906 1.28382 1.02899 1.04881
2 13 6 2  0.20768 1.38019 2.08345 0.085749 1.76196e-115
2 13 7 2  4.4784 9.62479 3.6674 1.3544 3.12748e-18
2 13 8 2  0.0845562 0.485876 0.571609 0.395398 2.04615e-37
2 13 9 2  0.287257 1.13985 1.26461 1.30135 1.63124
2 13 10 2  0.0173108 1.61356 3.11112 0.240653 5.88994e-07
2 14 1 2  0.336509 1.889 1.39591 0.423801 0.000314209
2 14 2 2  0 2.88061 2.89013 5.18847 2.93931e-33
2 14 3 2  0.397329 1.25665 0.6306 0.21393 1.73396e-59
2 14 4 2  0.0120996 0.0161401 0.00776662 0.00482046 0.0113297
2 14 5 2  0.0169208 1.18001 1.22115 1.00413 1.06308
2 14 6 2  0.950104 3.0758 2.06324 0.0738691 1.55224e-115
2 14 7 2  3.30139 8.55796 4.12869 1.37127 2.81014e-18
2 14 8 2  0.0471266 0.339938 0.51364 0.35771 1.53727e-37
2 14 9 2  0.309762 1.15273 1.18783 1.19597 1.5128
2 14 10 2  0.0329255 1.16832 2.03129 0.371188 2.5195e-07
2 15 1 2  0.279011 1.39991 0.979572 0.299755 0.000137092
2 15 2 2  0 2.86518 3.65823 5.126 2.42326e-33
2 15 3 2  0.23595 1.03463 0.856263 0.271257 1.50491e-59
2 15 4 2  0.0127615 0.0190752 0.00843245 0.00446969 0.00997407
2 15 5 2  0.0196885 1.36108 1.22784 0.976181 1.07368
2 15 6 2  0.417255 2.8346 2.47871 0.0638059 1.36956e-115
2 15 7 2  2.59442 7.46712 4.39809 1.4084 2.52596e-18
2 15 8 2  0.0706371 0.344913 0.438185 0.329275 1.17558e-37
2 15 9 2  0.379271 1.28427 1.15108 1.11105 1.40986
2 15 10 2  0.0300397 0.962205 1.43518 0.347918 1.12802e-07
2 16 1 2  0.187254 0.980374 0.655874 0.187189 5.29829e-05
2 16 2 2  0 1.29034 4.02782 5.309 1.99059e-33
2 16 3 2  0.168837 0.811311 0.931894 0.35095 1.30405e-59
2 16 4 2  0.0117751 0.0194613 0.00896039 0.00413126 0.00831235
2 16 5 2  0.0308555 1.86066 1.28722 0.954936 1.07924
2 16 6 2  0.208885 2.18702 2.75342 0.0550143 1.20723e-115
2 16 7 2  2.18555 6.45833 4.48726 1.45256 2.26992e-18
2 16 8 2  0.0452503 0.266642 0.365829 0.279188 8.39755e-38
2 16 9 2  0.455984 1.49476 1.18391 1.05098 1.32437
2 16 10 2  0.0893391 1.97421 1.09074 0.279761 4.99317e-08
2 17 1 2  0.238208 0.88271 0.458489 0.125 2.13354e-05
2 17 2 2  0 2.17803 2.98653 5.48608 1.61448e-33
2 17 3 2  0.130289 0.625235 0.893819 0.423768 1.1231e-59
2 17 4 2  0.0101919 0.0189959 0.009744 0.00420478 0.00729713
2 17 5 2  0.0215113 1.78223 1.47308 0.944821 1.07959
2 17 6 2  0.134789 1.60165 2.78443 0.047126 1.06035e-115
2 17 7 2  1.9379 5.55334 4.41691 1.49192 2.0378e-18
2 17 8 2  0.487214 1.464 0.33177 0.263586 6.71377e-38
2 17 9 2  0.587379 1.83964 1.28127 1.01631 1.24691
2 17 10 2  0.0716299 1.99457 1.4416 0.135707 1.37131e-08
2 18 1 2  0.993219 2.24782 0.445245 0.117795 1.19136e-05
2 18 2 2  0 7.71227 3.10937 5.2533 1.30274e-33
2 18 3 2  2.3901 3.89442 0.802837 0.476915 9.64907e-60
2 18 4 2  0.010403 0.018662 0.00991805 0.00431683 0.0063906
2 18 5 2  0.0217814 1.74412 1.56954 0.966986 1.07776
2 18 6 2  0.173981 1.34637 2.65446 0.0402501 9.29774e-116
2 18 7 2  1.86659 4.85413 4.24449 1.52176 1.82849e-18
2 18 8 2  0.190431 1.1833 0.720692 0.245147 5.32863e-38
2 18 9 2  0.839499 2.49916 1.5122 1.04465 1.21488
2 18 10 2  0.200524 4.3601 1.94826 0.279275 9.10216e-09
2 19 1 2  0.469076 1.95505 0.79069 0.103182 6.09701e-06
2 19 2 2  0 2.66337 7.47144 5.23961 1.06959e-33
2 19 3 2  1.20999 3.92863 1.86742 0.515816 8.35134e-60
2 19 4 2  0.0114165 0.0191539 0.00989731 0.00439392 0.00568379
2 19 5 2  0.0454124 2.59691 1.64583 1.00583 1.08118
2 19 6 2  0.152808 1.1693 2.53048 0.0346624 8.1884e-116
2 19 7 2  1.83703 4.40073 4.05613 1.54526 1.64249e-18
2 19 8 2  0.109383 0.848379 0.893889 0.280642 4.27051e-38
2 19 9 2  0.749061 2.67078 1.84648 1.08318 1.15407
2 19 10 2  0.0382511 2.24043 3.7208 0.44102 6.01573e-09
2 20 1 2  0.272226 1.4616 0.870281 0.134601 3.25145e-06
2 20 2 2  0 1.06917 5.88591 6.68825 8.76719e-34
2 20 3 2  0.653744 3.11737 2.60389 0.700345 7.22047e-60
2 20 4 2  0.0129269 0.0202544 0.00973439 0.00432034 0.00502183
2 20 5 2  0.0243494 2.30287 1.9698 1.04763 1.08854
2 20 6 2  0.536168 1.97195 2.38025 0.0298158 7.20618e-116
2 20 7 2  1.69879 4.00113 3.84478 1.55684 1.47505e-18
2 20 8 2  0.0605345 0.551081 0.870778 0.323142 3.35738e-38
2 20 9 2  0.692421 2.74091 2.22806 1.24404 1.16411
2 20 10 2  0.335394 6.93257 3.42477 0.836733 4.25576e-09
2 21 1 2  0.281496 1.26553 0.850328 0.187057 2.03615e-06
2 21 2 2  0 0.942405 3.86397 7.32741 7.19737e-34
2 21 3 2  1.43268 3.8411 2.83824 0.96211 6.24598e-60
2 21 4 2  0.0132897 0.0214294 0.0101269 0.00435579 0.00462815
2 21 5 2  0.024121 2.13597 2.10176 1.13553 1.10033
2 21 6 2  0.281361 1.85106 2.45938 0.0256622 6.34341e-116
2 21 7 2  1.53264 3.63703 3.62744 1.55796 1.32477e-18
2 21 8 2  0.424286 1.42414 0.767446 0.360179 2.68962e-38
2 21 9 2  0.607655 2.57707 2.41861 1.40099 1.15077
2 21 10 2  0.105914 4.39353 6.05915 0.979375 2.75719e-09
2 22 1 2  0.252243 1.10471 0.770779 0.212339 1.2464e-06
2 22 2 2  0 6.33726 2.696 7.09323 5.86713e-34
2 22 3 2  0.766585 3.2246 3.21615 1.20763 5.38429e-60
2 22 4 2  0.0128177 0.0212637 0.010185 0.00427028 0.00415784
2 22 5 2  0.0161111 1.74556 2.12745 1.22173 1.12029
2 22 6 2  0.152898 1.46332 2.47714 0.022003 5.5719e-116
2 22 7 2  1.35744 3.27262 3.39539 1.54692 1.1891e-18
2 22 8 2  0.179469 1.16675 1.0323 0.386277 2.21112e-38
2 22 9 2  0.574255 2.43402 2.49251 1.56432 1.16355
2 22 10 2  0.0729297 2.88025 5.91033 1.48632 1.88153e-09
2 23 1 2  0.391463 1.28526 0.705612 0.226611 7.90441e-07
2 23 2 2  0 2.34327 6.27373 6.60477 4.82905e-34
2 23 3 2  0.4219 2.40513 3.30896 1.4793 4.66089e-60
2 23 4 2  0.0120626 0.0206763 0.0102311 0.00425276 0.00381527
2 23 5 2  0.0551607 2.95342 2.03516 1.29569 1.15006
2 23 6 2  0.27641 1.53891 2.41955 0.0189535 4.90632e-116
2 23 7 2  1.22777 2.97034 3.17767 1.52947 1.06804e-18
2 23 8 2  0.0858408 0.789435 1.11715 0.438371 1.80665e-38
2 23 9 2  0.647073 2.49251 2.50951 1.71515 1.20488
2 23 10 2  0.0416601 1.78887 4.52138 1.57049 1.11262e-09
2 24 1 2  0.260835 1.11062 0.64629 0.188259 4.14064e-07
2 24 2 2  0 0.900015 5.09871 7.46392 3.988e-34
2 24 3 2  0.236208 1.68479 3.10713 1.72624 4.04019e-60
2 24 4 2  0.0110988 0.0197371 0.0102137 0.00428518 0.00358762
2 24 5 2  0.0519507 3.51067 2.36747 1.33741 1.18613
2 24 6 2  0.235975 1.49372 2.39904 0.0163521 4.32368e-116
2 24 7 2  1.12477 2.70911 2.96831 1.50508 9.59528e-19
2 24 8 2  0.0454145 0.478211 0.97652 0.461714 1.38753e-38
2 24 9 2  1.15784 3.21261 2.17557 1.56706 1.07809
2 24 10 2  0.0533056 1.61685 3.15981 1.42001 6.42296e-10
2 25 1 2  0.16008 0.84707 0.592797 0.171772 2.29592e-07
2 25 2 2  0 0.712678 3.34887 7.71057 3.27802e-34
2 25 3 2  0.153215 1.15644 2.70516 1.89717 3.49378e-60
2 25 4 2  0.00972012 0.0180637 0.00987885 0.00424698 0.00338118
2 25 5 2  0.0765422 4.69624 2.76732 1.4238 1.22245
2 25 6 2  0.287246 1.58242 2.35956 0.0140706 3.80448e-116
2 25 7 2  1.02236 2.46199 2.7596 1.4726 8.61718e-19
2 25 8 2  0.0380522 0.327494 0.813651 0.48323 1.11297e-38
2 25 9 2  0.806093 3.15978 2.51984 1.60425 1.10191
2 25 10 2  0.0336192 1.19249 2.46606 1.20001 3.79293e-10
2 26 1 2  0.118641 0.621432 0.436773 0.127278 1.02995e-07
2 26 2 2  0 3.49963 2.33854 7.44973 2.73229e-34
2 26 3 2  0.129436 0.84311 2.2888 2.00664 3.04072e-60
2 26 4 2  0.00957013 0.0165316 0.00888007 0.00396075 0.00306449
2 26 5 2  0.384253 16.4982 3.46676 1.56619 1.26804
2 26 6 2  0.325313 1.74551 2.38234 0.0121943 3.36075e-116
2 26 7 2  0.939599 2.26703 2.5765 1.43832 7.74729e-19
2 26 8 2  0.0283574 0.227087 0.633621 0.464413 8.60161e-39
2 26 9 2  0.488328 2.34499 2.35301 1.4758 0.974754
2 26 10 2  0.037339 1.11688 1.97848 1.06013 2.38835e-10
2 27 1 2  0.115328 0.539339 0.410711 0.137349 6.74016e-08
2 27 2 2  0 2.84191 4.02226 6.96731 2.29809e-34
2 27 3 2  0.114192 0.650162 1.91035 2.05417 2.65761e-60
2 27 4 2  0.00900345 0.015799 0.00849297 0.00384121 0.00295291
2 27 5 2  0.311675 20.5893 7.8918 1.80226 1.32808
2 27 6 2  0.41165 2.06426 2.46546 0.0106178 2.97646e-116
2 27 7 2  0.883229 2.11192 2.41303 1.40211 6.97044e-19
2 27 8 2  0.0244318 0.174545 0.500013 0.442009 6.8369e-39
2 27 9 2  0.458741 2.07086 2.30665 1.56445 0.995722
2 27 10 2  0.0229721 0.830705 1.28342 0.517974 8.5089e-11
2 28 1 2  0.145758 0.558659 0.398783 0.15492 4.85739e-08
2 28 2 2  0 1.37976 4.39918 7.14943 1.93137e-34
2 28 3 2  0.114257 0.53954 1.57348 2.03751 2.32218e-60
2 28 4 2  0.00806304 0.0142834 0.00773319 0.00352724 0.00271386
2 28 5 2  0.0774123 14.4382 12.3368 2.75354 1.41073
2 28 6 2  0.270693 1.92617 2.6157 0.00924245 2.63574e-116
2 28 7 2  0.83312 1.97463 2.26001 1.36266 6.27205e-19
2 28 8 2  0.140975 0.473293 0.403973 0.419521 5.58336e-39
2 28 9 2  0.524685 2.05295 2.21217 1.64126 1.03868
2 28 10 2  0.0423687 1.08152 0.944861 0.308834 3.38567e-11
2 29 1 2  0.237717 0.734283 0.39107 0.162175 3.42318e-08
2 29 2 2  0 0.883887 3.41212 7.35199 1.61007e-34
2 29 3 2  0.135507 0.504765 1.28434 1.96031 2.02151e-60
2 29 4 2  0.0079168 0.013253 0.00691146 0.00317741 0.00245484
2 29 5 2  0.0843814 11.1319 13.328 4.24097 1.59944
2 29 6 2  0.340419 1.99181 2.68483 0.00801193 2.32871e-116
2 29 7 2  0.795618 1.84886 2.11196 1.31927 5.64155e-19
2 29 8 2  0.0690744 0.427727 0.465648 0.403148 4.72449e-39
2 29 9 2  0.535833 2.0706 2.16086 1.68863 1.09243
2 29 10 2  0.0646285 1.57992 1.10391 0.269863 1.83252e-11
2 30 1 2  0.150643 0.659174 0.405572 0.14529 2.10632e-08
2 30 2 2  0 0.898275 2.52752 7.2445 1.35187e-34
2 30 3 2  0.113462 0.455471 1.08051 1.86322 1.76553e-60
2 30 4 2  0.0105047 0.0154089 0.00700222 0.00318427 0.00247597
2 30 5 2  0.171095 12.4636 13.0059 5.56376 1.95271
2 30 6 2  0.207192 1.72893 2.77979 0.00697054 2.06153e-116
2 30 7 2  0.797031 1.76924 1.98318 1.27625 5.07835e-19
2 30 8 2  0.113976 0.531255 0.495787 0.399407 4.01062e-39
2 30 9 2  0.452963 1.88296 2.03528 1.63274 1.09127
2 30 10 2  0.0423071 1.36047 1.50089 0.262875 9.73192e-12
2 31 1 2  0.0943263 0.499842 0.345328 0.111979 1.0622e-08
2 31 2 2  0 2.27171 2.0487 6.79361 1.1278e-34
2 31 3 2  0.0923138 0.393976 0.912997 1.74081 1.53689e-60
2 31 4 2  0.0119702 0.0180648 0.007807 0.00332198 0.00258419
2 31 5 2  0.0634702 9.27993 13.1533 6.50132 2.42821
2 31 6 2  0.158467 1.44124 2.7745 0.00604254 1.82116e-116
2 31 7 2  0.799992 1.70933 1.86454 1.23143 4.57066e-19
2 31 8 2  0.0717911 0.456027 0.533888 0.383488 3.26385e-39
2 31 9 2  0.426166 1.74804 1.91469 1.58457 1.09561
2 31 10 2  0.0117857 0.719304 1.53449 0.309323 5.28138e-12
2 32 1 2  0.0653498 0.368363 0.2785 0.0901223 5.39654e-09
2 32 2 2  0 1.0421 2.86307 6.23718 9.37648e-35
2 32 3 2  0.0972126 0.366158 0.772032 1.60744 1.33511e-60
2 32 4 2  0.00977301 0.0184999 0.00926011 0.00370504 0.00280364
2 32 5 2  0.0395645 6.61311 12.1785 7.23009 2.9658
2 32 6 2  1.33974 4.0637 2.68775 0.00522642 1.60659e-116
2 32 7 2  0.858528 1.69472 1.75908 1.18612 4.11391e-19
2 32 8 2  0.0420151 0.33822 0.533272 0.376472 2.66335e-39
2 32 9 2  0.357065 1.49563 1.6779 1.42701 1.02318
2 32 10 2  0.0122424 0.490692 1.10323 0.32462 2.75142e-12
2 33 1 2  0.0474861 0.280257 0.246006 0.0889059 3.35786e-09
2 33 2 2  0 4.04528 2.32753 6.0581 7.78732e-35
2 33 3 2  1.26943 2.09771 0.663402 1.47241 1.15886e-60
2 33 4 2  0.00800515 0.0178197 0.010583 0.00436771 0.0031502
2 33 5 2  0.218595 11.5801 10.6188 7.6113 3.53396
2 33 6 2  0.801141 4.39262 3.27895 0.00451656 1.4164e-116
2 33 7 2  0.948726 1.7317 1.67156 1.14142 3.70363e-19
2 33 8 2  0.0267116 0.243968 0.504078 0.382022 2.23827e-39
2 33 9 2  0.430809 1.5223 1.50654 1.31783 0.980824
2 33 10 2  0.0122602 0.407025 0.896881 0.361779 1.8142e-12
2 34 1 2  0.047017 0.230466 0.19411 0.0783663 1.94194e-09
2 34 2 2  0 2.42791 4.34721 5.69757 6.44126e-35
2 34 3 2  0.722771 2.24457 1.18292 1.33782 1.00374e-60
2 34 4 2  0.006663 0.0163201 0.0112014 0.00504425 0.00355638
2 34 5 2  0.350695 19.0891 11.1199 7.61945 4.08479
2 34 6 2  1.22939 5.59463 3.83973 0.00389407 1.24697e-116
2 34 7 2  1.05326 1.81191 1.60347 1.09764 3.33451e-19
2 34 8 2  0.0282958 0.199452 0.441868 0.37826 1.85794e-39
2 34 9 2  0.904819 2.37928 1.44564 1.2363 0.956172
2 34 10 2  0.0144357 0.415871 0.710506 0.338965 1.1328e-12
2 35 1 2  0.133476 0.367716 0.175189 0.0787324 1.32815e-09
2 35 2 2  0 0.779344 4.12976 6.07097 5.31376e-35
2 35 3 2  0.46804 1.93712 1.58397 1.29704 8.68342e-61
2 35 4 2  0.00592286 0.01458 0.0109837 0.00548713 0.00394693
2 35 5 2  0.238213 19.1641 13.8739 7.70487 4.57557
2 35 6 2  1.36344 6.62731 4.59519 0.00335295 1.09695e-116
2 35 7 2  1.04686 1.8711 1.5576 1.0558 3.0027e-19
2 35 8 2  0.0539117 0.247519 0.380208 0.36548 1.53411e-39
2 35 9 2  0.752211 2.60953 1.76015 1.20635 0.95802
2 35 10 2  0.0101121 0.340323 0.665366 0.335538 7.88888e-13
2 36 1 2  0.293419 0.742189 0.226437 0.0890009 1.05588e-09
2 36 2 2  0 1.46194 2.77343 6.34759 4.41522e-35
2 36 3 2  0.296472 1.51793 1.76744 1.32909 7.54062e-61
2 36 4 2  0.0564902 0.0507689 0.0108344 0.00594604 0.00452711
2 36 5 2  0.993431 46.546 15.8981 8.2688 5.03103
2 36 6 2  0.753202 5.8373 5.52129 0.00289913 9.67308e-117
2 36 7 2  0.997664 1.90162 1.53247 1.01795 2.70577e-19
2 36 8 2  0.0415999 0.238199 0.357405 0.347431 1.2655e-39
2 36 9 2  0.600477 2.53163 2.12751 1.30572 0.996354
2 36 10 2  0.00743433 0.264279 0.661817 0.388265 6.5167e-13
2 37 1 2  0.329933 1.01715 0.369026 0.100839 8.0632e-10
2 37 2 2  0 0.553679 2.58774 6.13463 3.68486e-35
2 37 3 2  4.93592 8.20483 1.75762 1.38847 6.56479e-61
2 37 4 2  0.0393523 0.0621147 0.0198417 0.0062634 0.00515934
2 37 5 2  0.965691 60.9456 26.3465 9.06679 5.51219
2 37 6 2  0.835146 5.56413 6.12133 0.00251366 8.54393e-117
2 37 7 2  0.927726 1.89797 1.51956 0.984065 2.43944e-19
2 37 8 2  0.0281308 0.200004 0.347618 0.33831 1.06976e-39
2 37 9 2  0.464265 2.1877 2.24004 1.4 0.997529
2 37 10 2  0.0120079 0.320041 0.621402 0.441656 5.51016e-13
2 38 1 2  0.307472 1.14011 0.5608 0.138446 6.52202e-10
2 38 2 2  0 0.364837 1.7897 5.89526 3.07773e-35
2 38 3 2  2.39606 8.13195 4.05675 1.43874 5.72047e-61
2 38 4 2  0.0279744 0.0615177 0.0288168 0.00844268 0.0058104
2 38 5 2  0.144868 39.4053 38.3774 11.4975 6.04278
2 38 6 2  0.400725 4.36226 6.55878 0.00218151 7.55165e-117
2 38 7 2  0.849306 1.86213 1.51151 0.953908 2.20013e-19
2 38 8 2  0.0174653 0.152198 0.329015 0.33236 9.11741e-40
2 38 9 2  0.331706 1.75024 2.15411 1.46804 0.993617
2 38 10 2  0.00774485 0.263654 0.642376 0.489904 4.75722e-13
2 39 1 2  0.211395 1.04205 0.745337 0.207857 5.52664e-10
2 39 2 2  0 0.29926 1.20355 5.342 2.54081e-35
2 39 3 2  1.18595 6.2086 5.5464 1.79947 4.9587e-61
2 39 4 2  0.0200651 0.0552729 0.0345872 0.0118021 0.0068179
2 39 5 2  0.772067 49.6503 39.3494 15.3718 6.8031
2 39 6 2  0.743548 4.39307 6.5431 0.00188223 6.65344e-117
2 39 7 2  0.762442 1.79001 1.49932 0.926207 1.9841e-19
2 39 8 2  0.011906 0.113436 0.302136 0.331176 7.92353e-40
2 39 9 2  0.25499 1.39378 1.97261 1.51656 1.01086
2 39 10 2  0.00700056 0.228356 0.626859 0.545633 4.19134e-13
2 40 1 2  0.176378 0.928673 0.860192 0.306078 4.83296e-10
2 40 2 2  0 0.311301 0.857046 4.72823 2.1063e-35
2 40 3 2  0.617304 4.34017 5.95792 2.32789 4.30561e-61
2 40 4 2  0.0146088 0.0471442 0.0368416 0.0152727 0.00838585
2 40 5 2  0.381857 41.3788 43.4818 18.5142 7.96004
2 40 6 2  2.73023 9.14463 6.56628 0.00162709 5.86792e-117
2 40 7 2  0.711739 1.71716 1.48438 0.901763 1.79009e-19
2 40 8 2  0.0091445 0.0858249 0.268526 0.328145 6.91264e-40
2 40 9 2  0.219033 1.12749 1.7094 1.49196 1.01725
2 40 10 2  0.00750452 0.224724 0.594841 0.592731 3.69507e-13
2 41 1 2  0.158651 0.831087 0.906826 0.412389 4.23993e-10
2 41 2 2  0 0.709817 0.674425 4.0719 1.73295e-35
2 41 3 2  0.342074 2.86462 5.54287 2.81497 3.725e-61
2 41 4 2  0.0109753 0.0394822 0.0367207 0.0182801 0.0105899
2 41 5 2  0.218782 30.6846 43.4046 21.5576 9.36527
2 41 6 2  1.2266 8.39456 7.71558 0.00140091 5.16321e-117
2 41 7 2  0.685616 1.64984 1.46365 0.879285 1.61519e-19
2 41 8 2  0.0104505 0.0748401 0.233291 0.321985 6.04847e-40
2 41 9 2  0.213643 0.980468 1.46531 1.43036 1.02794
2 41 10 2  0.0272647 0.585279 0.57203 0.630841 3.27144e-13
2 42 1 2  1.817 3.80068 0.920895 0.522179 3.7831e-10
2 42 2 2  0 0.89105 0.876877 3.47412 1.42123e-35
2 42 3 2  0.219326 1.87888 4.74757 3.15536 3.21641e-61
2 42 4 2  0.00877154 0.032938 0.0349351 0.020425 0.0132531
2 42 5 2  0.532739 36.0691 39.804 23.8196 10.9821
2 42 6 2  7.15166 21.9881 8.45595 0.00120363 4.53715e-117
2 42 7 2  0.693693 1.60514 1.43961 0.858517 1.45766e-19
2 42 8 2  0.0158066 0.0841882 0.205022 0.315029 5.34403e-40
2 42 9 2  0.228104 0.949452 1.3162 1.39267 1.07453
2 42 10 2  0.0459276 1.06565 0.805046 0.665258 2.91721e-13
full time series of fishery length comp
fleet year spp area catch-at-size
1 1 1 1  0.000132209 1.64822 2.8826 0.0815709 0.0833195
1 1 2 1  7.28795e-156 9.49794e-114 3.25188e-12 6.09129e-55 3.19428e-42
1 1 3 1  2.03619e-29 9.24184e-15 1.25798e-13 1.86049e-12 2.81113e-69
1 1 4 1  4.59976e-22 5.03004e-17 1.31735e-31 1.16863e-15 7.28096e-28
1 1 5 1  8.5171e-16 5.61386e-23 8.44869e-12 1.06555e-12 1.14937e-14
1 1 6 1  2.31595e-14 1.51029e-54 1.25966e-11 3.42832e-11 4.98308e-125
1 1 7 1  1.78258e-68 1.1548e-11 5.90712e-11 1.55291e-11 1.03359e-28
1 1 8 1  3.04661e-20 5.53263e-17 1.22836e-15 9.19053e-17 1.37061e-50
1 1 9 1  2.17197e-38 1.73817e-17 9.47459e-15 5.22653e-15 1.20201e-26
1 1 10 1  3.28651e-19 1.23173e-17 1.00216e-16 2.51422e-16 9.08336e-17
1 2 1 1  0.000152743 0.73571 2.76727 0.38557 0.051682
1 2 2 1  4.58083e-15 1.87534e-114 1.23153e-12 4.38813e-12 2.01314e-42
1 2 3 1  1.14856e-16 3.70061e-15 9.3844e-14 1.40094e-12 1.9613e-69
1 2 4 1  1.69674e-20 2.77931e-17 1.61762e-16 6.53285e-16 2.00646e-16
1 2 5 1  4.75202e-16 6.06537e-14 4.66096e-12 2.48786e-12 1.15708e-13
1 2 6 1  8.67308e-15 4.69899e-13 8.05858e-12 2.36947e-11 3.58984e-125
1 2 7 1  1.76159e-15 6.4417e-12 4.24204e-11 1.35681e-11 7.70495e-29
1 2 8 1  9.08089e-20 2.05362e-17 1.22747e-15 5.68484e-16 9.23776e-51
1 2 9 1  2.39106e-19 7.95661e-18 5.13682e-15 5.00009e-15 5.31741e-16
1 2 10 1  1.43774e-19 8.98212e-18 1.28437e-16 2.08293e-16 3.98963e-17
1 3 1 1  0.000370456 0.550975 3.02993 0.86934 0.0498312
1 3 2 1  4.00761e-15 3.35251e-14 7.46046e-13 6.80566e-12 2.00492e-42
1 3 3 1  2.85895e-16 3.33165e-15 9.51423e-14 1.65994e-12 2.14743e-69
1 3 4 1  4.53859e-20 2.57153e-17 2.82116e-16 6.21229e-16 4.07013e-16
1 3 5 1  3.65952e-16 9.36214e-14 4.97079e-12 4.00614e-12 5.25927e-13
1 3 6 1  1.33753e-14 6.10463e-13 1.32429e-11 2.57129e-11 4.05284e-125
1 3 7 1  4.16048e-15 6.00199e-12 4.70242e-11 1.80347e-11 8.99281e-29
1 3 8 1  1.13032e-19 1.43187e-17 1.33231e-15 1.35025e-15 9.52853e-51
1 3 9 1  4.47507e-19 3.54782e-17 4.36806e-15 6.32897e-15 1.39199e-15
1 3 10 1  8.19901e-19 7.77035e-18 1.59198e-16 3.09712e-16 2.47122e-17
1 4 1 1  0.00281897 0.346625 2.00379 0.917631 0.0319391
1 4 2 1  5.10619e-15 2.72406e-14 4.12569e-13 5.527e-12 1.36237e-42
1 4 3 1  3.54344e-16 3.10265e-15 6.46822e-14 1.31385e-12 1.5923e-69
1 4 4 1  5.48201e-20 1.79691e-17 2.55023e-16 4.24835e-16 4.30006e-16
1 4 5 1  1.56112e-16 7.04931e-14 3.9027e-12 3.78324e-12 8.37702e-13
1 4 6 1  1.05075e-14 5.91151e-13 1.36641e-11 1.89074e-11 3.0932e-125
1 4 7 1  5.06403e-15 4.13903e-12 3.49835e-11 1.58312e-11 7.08599e-29
1 4 8 1  7.70657e-19 7.58476e-18 8.59707e-16 1.43183e-15 6.37413e-51
1 4 9 1  4.15344e-19 5.46053e-17 2.6814e-15 4.94793e-15 1.72213e-15
1 4 10 1  1.3095e-19 1.76514e-17 1.00185e-16 2.3957e-16 8.80625e-18
1 5 1 1  0.00225272 1.78422 2.48175 1.56398 0.0387938
1 5 2 1  1.49435e-14 6.36276e-14 5.20136e-13 8.56416e-12 1.87778e-42
1 5 3 1  6.24111e-16 6.91214e-15 9.5465e-14 2.071e-12 2.37906e-69
1 5 4 1  1.3388e-19 2.81418e-17 4.26733e-16 6.07925e-16 8.27463e-16
1 5 5 1  2.02594e-16 8.91301e-14 6.12422e-12 6.82342e-12 2.12556e-12
1 5 6 1  1.04822e-14 1.05771e-12 2.80175e-11 2.80311e-11 4.74915e-125
1 5 7 1  1.0615e-14 6.36602e-12 5.22605e-11 2.74448e-11 1.12164e-28
1 5 8 1  5.14798e-19 3.84852e-17 1.09391e-15 2.61801e-15 8.63914e-51
1 5 9 1  7.04549e-19 1.23757e-16 3.75641e-15 7.52114e-15 3.68263e-15
1 5 10 1  5.58594e-19 1.54899e-17 3.33624e-16 3.38767e-16 6.381e-18
1 6 1 1  0.00103166 1.26109 2.35915 1.05644 0.0202932
1 6 2 1  2.40501e-14 8.10859e-14 3.81116e-13 5.87933e-12 1.17543e-42
1 6 3 1  4.56182e-16 6.12634e-15 7.16882e-14 1.47172e-12 1.60919e-69
1 6 4 1  1.23224e-19 2.27567e-17 3.17956e-16 4.05707e-16 6.87516e-16
1 6 5 1  3.72325e-16 5.163e-14 4.15156e-12 5.38003e-12 2.1715e-12
1 6 6 1  7.01416e-15 6.91161e-13 2.50496e-11 1.88188e-11 3.29923e-125
1 6 7 1  9.34882e-15 4.78594e-12 3.54077e-11 2.12321e-11 8.03178e-29
1 6 8 1  2.0499e-19 2.33848e-17 9.23443e-16 2.01372e-15 5.36942e-51
1 6 9 1  5.40018e-19 1.09563e-16 2.67801e-15 5.14956e-15 3.28519e-15
1 6 10 1  1.53509e-19 1.38396e-17 1.66456e-16 3.24468e-16 1.85038e-18
1 7 1 1  0.000646132 0.65227 1.73206 0.71591 0.00973592
1 7 2 1  2.58958e-14 1.07467e-13 3.19736e-13 3.45335e-12 6.23447e-43
1 7 3 1  4.02869e-16 4.19216e-15 4.82411e-14 8.89885e-13 9.20797e-70
1 7 4 1  9.09289e-20 1.63125e-17 2.05607e-16 2.34597e-16 4.70332e-16
1 7 5 1  1.46438e-16 4.098e-14 2.30903e-12 3.46702e-12 1.74564e-12
1 7 6 1  8.0186e-15 3.86929e-13 1.74774e-11 1.06891e-11 1.93851e-125
1 7 7 1  6.48831e-15 3.19068e-12 2.04022e-11 1.37427e-11 4.86494e-29
1 7 8 1  2.75575e-19 1.02281e-17 5.81624e-16 1.33135e-15 2.81137e-51
1 7 9 1  3.7627e-19 7.7635e-17 1.74539e-15 3.0404e-15 2.3802e-15
1 7 10 1  6.79363e-20 5.44451e-18 1.19978e-16 1.70552e-16 4.46019e-19
1 8 1 1  0.000627518 0.859509 2.55096 1.17886 0.0110687
1 8 2 1  1.71775e-13 2.85617e-13 8.74034e-13 5.16066e-12 7.94763e-43
1 8 3 1  7.7594e-16 7.87564e-15 7.86995e-14 1.30492e-12 1.26091e-69
1 8 4 1  1.45796e-19 2.79537e-17 3.24316e-16 3.28493e-16 7.46355e-16
1 8 5 1  8.81825e-16 5.63512e-14 3.31904e-12 5.18679e-12 3.18405e-12
1 8 6 1  2.04213e-14 6.92833e-13 2.7967e-11 1.45348e-11 2.72252e-125
1 8 7 1  1.05135e-14 5.17363e-12 2.83629e-11 2.10738e-11 7.03652e-29
1 8 8 1  2.22818e-19 1.82043e-17 7.91113e-16 2.08798e-15 3.52467e-51
1 8 9 1  6.29876e-19 1.30183e-16 2.7882e-15 4.34436e-15 3.97245e-15
1 8 10 1  2.24729e-19 5.41888e-18 1.61886e-16 3.72919e-16 3.69409e-19
1 9 1 1  0.00167397 0.496927 1.72143 0.88006 0.0058985
1 9 2 1  2.74999e-13 8.36999e-13 1.14889e-12 4.32749e-12 4.94773e-43
1 9 3 1  6.36306e-16 7.34448e-15 6.62264e-14 9.43205e-13 8.38317e-70
1 9 4 1  1.14861e-19 2.24707e-17 2.51753e-16 2.26619e-16 5.60441e-16
1 9 5 1  1.95292e-16 8.69322e-14 2.29572e-12 3.7326e-12 2.70272e-12
1 9 6 1  8.17464e-15 7.31822e-13 2.23513e-11 9.60124e-12 1.85304e-125
1 9 7 1  8.3393e-15 4.09473e-12 1.93271e-11 1.55456e-11 4.92293e-29
1 9 8 1  3.36399e-19 1.07371e-17 5.71749e-16 1.56003e-15 2.16411e-51
1 9 9 1  4.38603e-19 1.04548e-16 2.17059e-15 3.02977e-15 3.1067e-15
1 9 10 1  1.02527e-19 5.34349e-18 8.19296e-17 2.70771e-16 1.33637e-19
1 10 1 1  0.00112634 0.982094 1.78155 1.0405 0.00511384
1 10 2 1  3.52801e-14 2.31653e-12 4.65308e-12 6.97139e-12 5.07774e-43
1 10 3 1  8.56237e-16 1.05423e-14 9.61299e-14 1.1407e-12 9.09107e-70
1 10 4 1  1.44045e-19 2.88986e-17 3.18661e-16 2.59685e-16 6.73034e-16
1 10 5 1  3.58062e-16 8.29424e-14 3.35373e-12 4.33565e-12 3.61471e-12
1 10 6 1  5.59452e-15 8.26627e-13 3.14658e-11 1.03557e-11 2.0497e-125
1 10 7 1  1.6532e-13 5.33639e-12 2.17067e-11 1.85103e-11 5.57442e-29
1 10 8 1  3.04327e-19 1.69953e-17 6.34768e-16 1.87473e-15 2.14292e-51
1 10 9 1  4.96017e-19 1.2735e-16 2.75812e-15 3.47893e-15 3.86483e-15
1 10 10 1  9.85225e-20 5.2945e-18 8.98466e-17 2.24863e-16 6.51304e-20
1 11 1 1  0.00334026 1.19338 2.47853 1.20338 0.00448278
1 11 2 1  3.99419e-13 1.14298e-12 1.54478e-11 1.98557e-11 5.83892e-43
1 11 3 1  1.35076e-15 1.62391e-14 1.55956e-13 1.58386e-12 1.09754e-69
1 11 4 1  2.04552e-19 4.01995e-17 4.42117e-16 3.33493e-16 8.77619e-16
1 11 5 1  5.39255e-16 1.11435e-13 4.70065e-12 5.85072e-12 5.24508e-12
1 11 6 1  6.14853e-15 9.07863e-13 4.70435e-11 1.24433e-11 2.5175e-125
1 11 7 1  1.61942e-13 4.13952e-11 2.748e-11 2.43587e-11 6.98744e-29
1 11 8 1  2.09427e-19 2.13977e-17 8.622e-16 2.4219e-15 2.30781e-51
1 11 9 1  6.81663e-19 1.65097e-16 3.78914e-15 4.47054e-15 5.22577e-15
1 11 10 1  1.60588e-18 5.72616e-18 1.06504e-16 2.39549e-16 3.56226e-20
1 12 1 1  0.00165422 1.54848 2.12544 0.937878 0.0025211
1 12 2 1  8.41068e-14 2.46333e-12 1.16151e-11 4.21388e-11 4.5652e-43
1 12 3 1  1.59082e-15 1.70346e-14 1.6791e-13 1.53443e-12 9.00346e-70
1 12 4 1  1.89047e-19 3.70971e-17 4.02669e-16 2.87387e-16 7.49616e-16
1 12 5 1  3.37048e-16 1.06388e-13 4.4205e-12 5.40479e-12 5.11114e-12
1 12 6 1  1.69454e-14 6.73637e-13 4.49393e-11 1.01611e-11 2.09904e-125
1 12 7 1  1.0766e-13 5.21524e-11 3.44898e-11 2.17022e-11 5.93811e-29
1 12 8 1  4.53885e-19 1.41745e-17 7.81487e-16 2.16106e-15 1.69941e-51
1 12 9 1  6.27864e-19 1.50444e-16 3.50311e-15 3.99789e-15 4.82189e-15
1 12 10 1  2.23595e-19 3.54616e-17 6.9805e-17 1.63483e-16 1.18037e-20
1 13 1 1  0.00138437 1.89484 3.30399 1.09992 0.00207446
1 13 2 1  6.63463e-14 1.6731e-12 2.24141e-11 8.23796e-11 5.62733e-43
1 13 3 1  1.21401e-14 2.96992e-14 2.81316e-13 2.39256e-12 1.16725e-69
1 13 4 1  2.76807e-19 5.29578e-17 5.65056e-16 3.86409e-16 9.82756e-16
1 13 5 1  5.9639e-16 1.3475e-13 6.59666e-12 7.9254e-12 7.82063e-12
1 13 6 1  1.61275e-14 1.26842e-12 6.50381e-11 1.31112e-11 2.76674e-125
1 13 7 1  1.14723e-13 8.1153e-11 6.84829e-11 3.1247e-11 7.9782e-29
1 13 8 1  4.4394e-19 2.65044e-17 1.02038e-15 3.06298e-15 1.98215e-51
1 13 9 1  9.74552e-19 2.15482e-16 5.04366e-15 5.63484e-15 6.93859e-15
1 13 10 1  1.02817e-19 2.60588e-17 3.90792e-16 1.21995e-16 4.367e-21
1 14 1 1  0.00117435 1.50096 3.09569 0.932459 0.00112407
1 14 2 1  4.48458e-13 9.23062e-13 2.0014e-11 1.21375e-10 5.2701e-43
1 14 3 1  7.984e-15 1.10165e-13 3.62679e-13 2.87758e-12 1.15329e-69
1 14 4 1  6.41527e-19 5.8899e-17 6.13765e-16 4.05264e-16 9.93424e-16
1 14 5 1  9.35349e-16 1.47276e-13 7.14497e-12 8.89668e-12 9.0829e-12
1 14 6 1  8.41344e-14 1.34139e-12 7.45582e-11 1.28903e-11 2.78148e-125
1 14 7 1  9.6561e-14 8.66289e-11 9.50736e-11 3.52938e-11 8.18068e-29
1 14 8 1  2.8644e-19 2.55283e-17 1.10319e-15 3.18594e-15 1.72364e-51
1 14 9 1  1.20118e-18 2.36182e-16 5.35958e-15 5.8994e-15 7.36561e-15
1 14 10 1  2.23028e-19 1.29791e-17 3.69547e-16 3.38768e-16 1.3902e-21
1 15 1 1  0.0010215 1.10841 2.34525 0.710712 0.0005274
1 15 2 1  3.79622e-13 2.95929e-12 1.4365e-11 1.40452e-10 4.56428e-43
1 15 3 1  4.98962e-15 1.18799e-13 7.54401e-13 3.24611e-12 1.05295e-69
1 15 4 1  7.12667e-19 8.4206e-17 6.22189e-16 3.9793e-16 9.32339e-16
1 15 5 1  1.14316e-15 1.76682e-13 7.16875e-12 9.15078e-12 9.70041e-12
1 15 6 1  3.88555e-14 3.15977e-12 7.79456e-11 1.17113e-11 2.58287e-125
1 15 7 1  7.96042e-14 8.12943e-11 1.12834e-10 3.76519e-11 7.7436e-29
1 15 8 1  4.46394e-19 1.90079e-17 1.05385e-15 3.0624e-15 1.37552e-51
1 15 9 1  1.54441e-18 2.52288e-16 5.31737e-15 5.72666e-15 7.21509e-15
1 15 10 1  2.13671e-19 9.93006e-18 2.59367e-16 5.61489e-16 6.38809e-22
1 16 1 1  0.00080067 0.943562 1.82323 0.556881 0.000254924
1 16 2 1  1.15221e-13 3.42953e-12 2.1163e-11 1.61531e-10 4.38252e-43
1 16 3 1  4.16302e-15 1.1386e-13 1.1926e-12 4.79568e-12 1.06537e-69
1 16 4 1  7.67196e-19 1.12838e-16 7.65937e-16 4.18356e-16 9.30632e-16
1 16 5 1  2.09202e-15 2.37268e-13 8.40122e-12 1.03744e-11 1.14279e-11
1 16 6 1  2.26936e-14 3.38919e-12 1.09073e-10 1.17918e-11 2.65753e-125
1 16 7 1  7.82449e-14 8.26191e-11 1.40127e-10 4.51041e-11 8.11975e-29
1 16 8 1  3.45724e-19 2.17626e-17 1.01492e-15 3.18352e-15 1.18814e-51
1 16 9 1  2.15715e-18 3.29244e-16 6.0359e-15 6.23174e-15 7.87646e-15
1 16 10 1  7.40865e-19 9.5251e-18 2.12574e-16 6.10778e-16 3.32039e-22
1 17 1 1  0.000975111 0.629095 1.18016 0.336479 9.53522e-05
1 17 2 1  3.67223e-13 1.45957e-12 2.19705e-11 1.57886e-10 3.40308e-43
1 17 3 1  3.05895e-15 8.41932e-14 1.22526e-12 5.87257e-12 8.75442e-70
1 17 4 1  6.31588e-19 1.11697e-16 7.89676e-16 3.75175e-16 7.5251e-16
1 17 5 1  1.39494e-15 3.06255e-13 8.3467e-12 9.6363e-12 1.09167e-11
1 17 6 1  1.39692e-14 2.46588e-12 1.14587e-10 9.63946e-12 2.22417e-125
1 17 7 1  6.62867e-14 6.75689e-11 1.35627e-10 4.4196e-11 6.93669e-29
1 17 8 1  3.34406e-18 1.67739e-17 8.47688e-16 2.70616e-15 8.51773e-52
1 17 9 1  2.6408e-18 3.64758e-16 5.90918e-15 5.61104e-15 7.04263e-15
1 17 10 1  5.65863e-19 1.84454e-17 1.26266e-16 3.8326e-16 1.14735e-22
1 18 1 1  0.00242029 0.349518 0.56525 0.154124 2.63445e-05
1 18 2 1  8.44027e-13 1.46413e-12 9.66173e-12 9.67242e-11 1.63681e-43
1 18 3 1  3.33135e-14 3.85039e-14 6.96828e-13 4.20754e-12 4.47698e-70
1 18 4 1  3.83256e-19 6.42292e-17 5.05896e-16 2.24955e-16 3.89172e-16
1 18 5 1  8.39421e-16 1.73917e-13 5.66953e-12 5.66369e-12 6.48963e-12
1 18 6 1  1.07066e-14 1.07075e-12 6.87284e-11 4.90189e-12 1.16043e-125
1 18 7 1  3.79687e-14 3.44572e-11 7.92669e-11 2.69714e-11 3.70121e-29
1 18 8 1  7.79525e-19 5.44505e-17 4.54889e-16 1.51295e-15 4.03426e-52
1 18 9 1  2.20791e-18 2.71002e-16 3.86059e-15 3.27551e-15 4.00283e-15
1 18 10 1  9.41211e-19 1.10644e-17 1.43584e-16 1.61168e-16 2.73812e-23
1 19 1 1  0.00133555 1.04691 0.625243 0.165243 1.67311e-05
1 19 2 1  9.01817e-14 6.21461e-12 1.20649e-11 1.10782e-10 1.57515e-43
1 19 3 1  1.98386e-14 2.87789e-13 7.48046e-13 5.63538e-12 4.56538e-70
1 19 4 1  4.97422e-19 7.44498e-17 6.07553e-16 2.72491e-16 4.02129e-16
1 19 5 1  2.04301e-15 2.03387e-13 7.17725e-12 6.86938e-12 7.66937e-12
1 19 6 1  1.10182e-14 1.07867e-12 7.80833e-11 4.9714e-12 1.20597e-125
1 19 7 1  4.3749e-14 3.59021e-11 9.03718e-11 3.25772e-11 3.92981e-29
1 19 8 1  5.22848e-19 5.27235e-17 1.17824e-15 1.67377e-15 3.80455e-52
1 19 9 1  2.36736e-18 4.28859e-16 5.30767e-15 3.922e-15 4.54303e-15
1 19 10 1  2.11194e-19 2.89311e-17 2.3018e-16 3.9219e-16 2.14513e-23
1 20 1 1  0.000718663 0.847925 1.04828 0.136688 8.08648e-06
1 20 2 1  4.80819e-14 1.99069e-12 2.68707e-11 1.02376e-10 1.19816e-43
1 20 3 1  9.93773e-15 2.69151e-13 1.61209e-12 5.64735e-12 3.66186e-70
1 20 4 1  5.22236e-19 6.9969e-17 5.55159e-16 2.53969e-16 3.27495e-16
1 20 5 1  1.01517e-15 2.80574e-13 6.97409e-12 6.623e-12 7.13243e-12
1 20 6 1  3.58298e-14 8.68153e-13 6.89649e-11 3.96739e-12 9.84425e-126
1 20 7 1  3.75003e-14 3.01566e-11 8.00361e-11 3.06652e-11 3.27273e-29
1 20 8 1  2.70837e-19 3.47146e-17 1.3421e-15 1.76006e-15 2.80115e-52
1 20 9 1  1.97785e-18 4.35436e-16 6.15752e-15 3.86369e-15 4.10028e-15
1 20 10 1  1.71633e-18 1.37791e-17 4.20365e-16 5.92659e-16 1.35712e-23
1 21 1 1  0.00051518 0.449099 0.861779 0.133218 3.22204e-06
1 21 2 1  5.93311e-14 5.55517e-13 1.47224e-11 9.08613e-11 6.82622e-44
1 21 3 1  1.51311e-14 1.48536e-13 1.56281e-12 5.32825e-12 2.19947e-70
1 21 4 1  3.72892e-19 5.20029e-17 3.83769e-16 1.75513e-16 2.03371e-16
1 21 5 1  6.98053e-16 1.72976e-13 5.79923e-12 4.79167e-12 4.98769e-12
1 21 6 1  1.30597e-14 1.0182e-12 4.50851e-11 2.37092e-12 6.01783e-126
1 21 7 1  2.34593e-14 1.90594e-11 5.27049e-11 2.14595e-11 2.04139e-29
1 21 8 1  1.30366e-18 1.58179e-17 9.16545e-16 1.42044e-15 1.54341e-52
1 21 9 1  1.22831e-18 3.04868e-16 5.06895e-15 3.02736e-15 2.82166e-15
1 21 10 1  3.76077e-19 2.96555e-17 2.5829e-16 7.49764e-16 6.39945e-24
1 22 1 1  0.000491524 0.410844 0.88416 0.19448 2.11988e-06
1 22 2 1  5.79483e-13 5.1807e-13 1.02147e-11 1.05244e-10 5.92941e-44
1 22 3 1  8.60244e-15 1.93456e-13 1.80131e-12 7.75026e-12 2.01658e-70
1 22 4 1  3.81836e-19 5.72779e-17 4.15628e-16 1.84216e-16 1.95121e-16
1 22 5 1  4.96531e-16 1.69663e-13 6.55568e-12 5.5085e-12 5.35004e-12
1 22 6 1  7.54862e-15 1.01018e-12 4.9301e-11 2.16248e-12 5.61819e-126
1 22 7 1  2.21014e-14 1.83399e-11 5.2718e-11 2.27853e-11 1.94595e-29
1 22 8 1  5.78113e-19 4.38174e-17 8.67062e-16 1.70114e-15 1.3292e-52
1 22 9 1  1.22979e-18 3.0494e-16 5.85366e-15 3.62691e-15 2.96734e-15
1 22 10 1  2.75111e-19 1.98887e-17 4.95961e-16 9.53785e-16 4.50964e-24
1 23 1 1  0.000689109 0.328535 0.741332 0.204101 1.1995e-06
1 23 2 1  5.7931e-14 3.19092e-12 6.53076e-12 9.32272e-11 4.41618e-44
1 23 3 1  4.2932e-15 1.48847e-13 1.86703e-12 8.87793e-12 1.58412e-70
1 23 4 1  3.26789e-19 5.1803e-17 3.81005e-16 1.6461e-16 1.59773e-16
1 23 5 1  1.53543e-15 1.26814e-13 6.0504e-12 5.39602e-12 4.95635e-12
1 23 6 1  1.23491e-14 7.31458e-13 4.53512e-11 1.69e-12 4.49327e-126
1 23 7 1  1.80821e-14 1.5077e-11 4.49608e-11 2.05903e-11 1.58896e-29
1 23 8 1  2.51293e-19 3.27078e-17 1.05977e-15 1.65534e-15 9.908e-53
1 23 9 1  1.25481e-18 2.62995e-16 5.50851e-15 3.69796e-15 2.73968e-15
1 23 10 1  1.42527e-19 1.1932e-17 4.13529e-16 1.23366e-15 2.6193e-24
1 24 1 1  0.000706167 0.576708 0.960333 0.308031 1.0756e-06
1 24 2 1  3.70706e-14 1.82417e-12 2.35034e-11 1.34178e-10 5.61494e-44
1 24 3 1  3.70426e-15 1.71711e-13 2.9687e-12 1.67923e-11 2.11629e-70
1 24 4 1  4.63725e-19 7.79814e-17 5.92504e-16 2.53787e-16 2.26966e-16
1 24 5 1  2.22515e-15 3.31595e-13 8.93417e-12 8.82903e-12 7.8483e-12
1 24 6 1  1.62354e-14 1.18951e-12 6.84192e-11 2.24688e-12 6.10437e-126
1 24 7 1  2.54884e-14 2.11429e-11 6.49398e-11 3.14057e-11 2.20135e-29
1 24 8 1  2.11417e-19 3.32089e-17 1.71865e-15 2.81319e-15 1.21193e-52
1 24 9 1  3.75373e-18 3.8536e-16 7.93583e-15 5.80157e-15 4.05942e-15
1 24 10 1  2.80921e-19 1.14594e-17 4.8323e-16 1.98936e-15 2.36276e-24
1 25 1 1  0.000388576 0.448607 0.807344 0.234975 5.17432e-07
1 25 2 1  5.6649e-14 6.25826e-13 1.70497e-11 1.35369e-10 4.14165e-44
1 25 3 1  2.15259e-15 1.07373e-13 2.48889e-12 1.75097e-11 1.64029e-70
1 25 4 1  3.6356e-19 6.62428e-17 5.26369e-16 2.27566e-16 1.89925e-16
1 25 5 1  2.94075e-15 3.51926e-13 9.29045e-12 8.15242e-12 7.24357e-12
1 25 6 1  1.7715e-14 1.03055e-12 6.06004e-11 1.73311e-12 4.81214e-126
1 25 7 1  2.07604e-14 1.72321e-11 5.42558e-11 2.76552e-11 1.77011e-29
1 25 8 1  1.55069e-19 1.83535e-17 1.37182e-15 2.70741e-15 8.50796e-53
1 25 9 1  2.18733e-18 4.7318e-16 6.55415e-15 5.04971e-15 3.46031e-15
1 25 10 1  1.58655e-19 9.25463e-18 3.05102e-16 1.62623e-15 1.23372e-24
1 26 1 1  0.000410162 0.481139 0.969878 0.28043 3.75138e-07
1 26 2 1  5.65947e-13 7.1748e-13 1.62413e-11 2.02562e-10 4.92192e-44
1 26 3 1  2.60534e-15 1.06884e-13 3.13727e-12 2.77794e-11 2.04337e-70
1 26 4 1  5.14035e-19 8.50165e-17 7.13931e-16 3.16271e-16 2.51006e-16
1 26 5 1  2.10442e-14 6.81539e-13 1.56567e-11 1.24865e-11 1.07301e-11
1 26 6 1  2.8675e-14 1.58297e-12 8.61289e-11 2.14907e-12 6.09232e-126
1 26 7 1  2.7226e-14 2.26382e-11 7.26462e-11 3.89047e-11 2.28409e-29
1 26 8 1  1.68503e-19 1.78511e-17 1.61756e-15 4.00134e-15 9.62688e-53
1 26 9 1  2.05167e-18 6.23481e-16 1.01699e-14 6.92552e-15 4.73813e-15
1 26 10 1  2.52297e-19 9.887e-18 3.5334e-16 2.03544e-15 1.07752e-24
1 27 1 1  0.000182511 0.170578 0.389774 0.113352 9.17951e-08
1 27 2 1  1.49e-13 1.62954e-12 5.25323e-12 9.05945e-11 1.8969e-44
1 27 3 1  1.05696e-15 3.60883e-14 1.22838e-12 1.35724e-11 8.20377e-71
1 27 4 1  2.22625e-19 3.67552e-17 3.0316e-16 1.39336e-16 1.07468e-16
1 27 5 1  7.82585e-15 1.10796e-12 9.05273e-12 6.33067e-12 5.12684e-12
1 27 6 1  1.66635e-14 8.08709e-13 4.01954e-11 8.59364e-13 2.48064e-126
1 27 7 1  1.17315e-14 9.63973e-12 3.12859e-11 1.75075e-11 9.45686e-30
1 27 8 1  6.56754e-20 5.80029e-18 5.88929e-16 1.79546e-15 3.47148e-53
1 27 9 1  8.26216e-19 2.27474e-16 4.66862e-15 3.13207e-15 2.06052e-15
1 27 10 1  7.13167e-20 4.28513e-18 1.02399e-16 6.46051e-16 2.43335e-25
1 28 1 1  0.000161421 0.104973 0.268581 0.0896468 4.40255e-08
1 28 2 1  3.37196e-14 9.25632e-13 6.32286e-12 5.93139e-11 1.11717e-44
1 28 3 1  7.41363e-16 1.94715e-14 7.17794e-13 9.73004e-12 5.02197e-71
1 28 4 1  1.39657e-19 2.4044e-17 1.98467e-16 9.24966e-17 7.08834e-17
1 28 5 1  1.36362e-15 9.68044e-13 1.44331e-11 5.10265e-12 3.76122e-12
1 28 6 1  7.68537e-15 6.69366e-13 2.91289e-11 5.24077e-13 1.53885e-126
1 28 7 1  7.74559e-15 6.29467e-12 2.05302e-11 1.19563e-11 5.96042e-30
1 28 8 1  2.61593e-19 3.16574e-18 3.29898e-16 1.21283e-15 1.95822e-53
1 28 9 1  6.57134e-19 1.4169e-16 3.22807e-15 2.34187e-15 1.48463e-15
1 28 10 1  9.21036e-20 2.23496e-18 4.87188e-17 2.31615e-16 6.3611e-26
1 29 1 1  0.000289761 0.118962 0.283371 0.109901 3.44877e-08
1 29 2 1  3.12005e-14 4.91307e-13 7.55275e-12 6.65247e-11 1.02735e-44
1 29 3 1  9.6732e-16 1.76483e-14 6.46384e-13 1.05698e-11 4.81164e-71
1 29 4 1  1.50634e-19 2.37034e-17 1.97057e-16 9.26185e-17 7.10373e-17
1 29 5 1  1.63992e-15 7.42215e-13 2.47285e-11 8.55489e-12 4.38668e-12
1 29 6 1  1.06471e-14 6.82269e-13 3.38256e-11 5.0012e-13 1.49528e-126
1 29 7 1  8.13693e-15 6.45323e-12 2.11038e-11 1.27595e-11 5.89054e-30
1 29 8 1  1.38339e-19 9.57495e-18 2.97577e-16 1.28605e-15 1.78723e-53
1 29 9 1  7.34509e-19 1.54841e-16 3.41272e-15 2.70832e-15 1.70719e-15
1 29 10 1  1.54422e-19 3.19052e-18 4.49127e-17 1.73376e-16 3.18027e-26
1 30 1 1  0.000282974 0.238963 0.404591 0.167351 3.53452e-08
1 30 2 1  6.188e-14 4.89735e-13 9.12188e-12 1.06444e-10 1.33127e-44
1 30 3 1  1.25255e-15 2.57098e-14 8.20731e-13 1.57947e-11 6.4987e-71
1 30 4 1  3.09609e-19 3.58896e-17 2.87392e-16 1.36147e-16 1.04856e-16
1 30 5 1  5.12941e-15 8.90141e-13 4.14665e-11 2.04293e-11 7.70753e-12
1 30 6 1  1.00094e-14 1.09839e-12 5.39544e-11 6.72753e-13 2.04841e-126
1 30 7 1  1.2578e-14 9.40106e-12 3.06098e-11 1.91519e-11 8.21047e-30
1 30 8 1  3.52165e-19 1.34831e-17 5.33277e-16 1.9187e-15 2.34627e-53
1 30 9 1  9.85606e-19 2.36409e-16 5.04625e-15 4.2181e-15 2.71803e-15
1 30 10 1  1.56321e-19 7.25977e-18 8.08073e-17 2.32922e-16 2.64379e-26
1 31 1 1  0.000269267 0.317822 0.582542 0.208097 3.01862e-08
1 31 2 1  2.89333e-13 7.53629e-13 1.02199e-11 1.58672e-10 1.69201e-44
1 31 3 1  1.5482e-15 3.50945e-14 1.04469e-12 2.27383e-11 8.60453e-71
1 31 4 1  5.35716e-19 6.44568e-17 4.49766e-16 2.1076e-16 1.63366e-16
1 31 5 1  2.8963e-15 1.50793e-12 6.13219e-11 4.06565e-11 1.42813e-11
1 31 6 1  1.16402e-14 1.44201e-12 8.45767e-11 8.8719e-13 2.75071e-126
1 31 7 1  1.91807e-14 1.36497e-11 4.36288e-11 2.81281e-11 1.12217e-29
1 31 8 1  3.44368e-19 2.49012e-17 8.4447e-16 2.82768e-15 2.96313e-53
1 31 9 1  1.40015e-18 3.28172e-16 7.25536e-15 6.22574e-15 4.14461e-15
1 31 10 1  6.61404e-20 9.48429e-18 1.68356e-16 3.47812e-16 2.15275e-26
1 32 1 1  0.000184058 0.238204 0.491333 0.158869 1.50784e-08
1 32 2 1  6.09186e-14 1.8809e-12 8.16686e-12 1.46645e-10 1.39127e-44
1 32 3 1  1.61087e-15 2.99362e-14 8.6997e-13 2.09438e-11 7.3874e-71
1 32 4 1  4.31812e-19 7.60169e-17 5.04446e-16 2.21186e-16 1.71522e-16
1 32 5 1  1.78271e-15 1.10652e-12 6.11542e-11 4.68717e-11 1.75266e-11
1 32 6 1  9.71699e-14 1.18487e-12 8.32081e-11 7.58455e-13 2.3974e-126
1 32 7 1  2.03118e-14 1.30248e-11 4.05026e-11 2.67963e-11 9.97147e-30
1 32 8 1  1.98618e-19 2.11396e-17 8.99123e-16 2.68406e-15 2.38381e-53
1 32 9 1  1.19878e-18 2.91314e-16 6.52652e-15 5.77743e-15 3.97885e-15
1 32 10 1  6.7812e-20 4.9534e-18 1.66949e-16 3.96789e-16 1.13249e-26
1 33 1 1  8.64959e-05 0.116627 0.281242 0.0907676 5.43824e-09
1 33 2 1  3.44657e-13 5.57396e-13 7.38557e-12 8.71536e-11 7.48807e-45
1 33 3 1  1.36746e-14 1.79978e-14 4.76223e-13 1.25199e-11 4.15495e-71
1 33 4 1  2.29093e-19 5.11268e-17 3.92959e-16 1.62014e-16 1.22213e-16
1 33 5 1  6.40173e-15 5.10458e-13 3.66574e-11 3.37516e-11 1.38626e-11
1 33 6 1  3.77934e-14 2.16231e-12 5.21821e-11 4.24721e-13 1.36943e-126
1 33 7 1  1.45229e-14 8.37505e-12 2.47642e-11 1.67215e-11 5.81378e-30
1 33 8 1  8.0501e-20 1.03126e-17 5.90369e-16 1.73149e-15 1.27802e-53
1 33 9 1  9.212e-19 1.63962e-16 3.76235e-15 3.42261e-15 2.44434e-15
1 33 10 1  4.39686e-20 2.19279e-18 8.64573e-17 3.00286e-16 4.25447e-27
1 34 1 1  0.000102432 0.105258 0.287518 0.103611 3.91531e-09
1 34 2 1  1.48747e-13 2.57983e-12 7.16189e-12 1.01033e-10 7.42615e-45
1 34 3 1  9.3413e-15 1.2297e-13 4.88478e-13 1.36996e-11 4.31052e-71
1 34 4 1  2.28145e-19 5.8725e-17 5.35529e-16 2.2775e-16 1.6375e-16
1 34 5 1  1.23333e-14 1.06701e-12 3.81944e-11 4.24837e-11 1.97566e-11
1 34 6 1  6.96214e-14 2.78866e-12 7.60281e-11 4.38648e-13 1.44351e-126
1 34 7 1  1.92873e-14 1.02434e-11 2.81607e-11 1.92543e-11 6.26249e-30
1 34 8 1  1.02681e-19 8.85111e-18 6.63852e-16 2.0898e-15 1.27738e-53
1 34 9 1  2.28751e-18 2.01897e-16 4.08683e-15 3.82386e-15 2.83475e-15
1 34 10 1  6.1944e-20 2.17714e-18 8.20553e-17 3.90494e-16 3.27277e-27
1 35 1 1  0.000181291 0.0551483 0.152899 0.061563 1.52634e-09
1 35 2 1  9.7701e-15 9.61268e-13 8.31984e-12 5.91679e-11 3.82724e-45
1 35 3 1  3.79032e-15 8.17928e-14 5.42473e-13 7.75822e-12 2.32789e-71
1 35 4 1  1.26523e-19 3.31856e-17 3.49744e-16 1.62295e-16 1.14065e-16
1 35 5 1  5.25572e-15 1.0955e-12 2.49349e-11 2.65231e-11 1.4244e-11
1 35 6 1  4.84337e-14 2.21018e-12 5.54796e-11 2.35792e-13 7.92539e-127
1 35 7 1  1.19558e-14 6.69251e-12 1.68605e-11 1.15537e-11 3.51791e-30
1 35 8 1  1.22386e-19 4.50654e-18 3.62282e-16 1.28784e-15 6.59818e-54
1 35 9 1  1.16609e-18 2.00091e-16 2.48667e-15 2.27468e-15 1.75231e-15
1 35 10 1  2.70716e-20 1.38923e-18 4.26506e-17 2.4017e-16 1.34133e-27
1 36 1 1  0.000182528 0.0413125 0.0681708 0.0305461 5.15471e-10
1 36 2 1  3.96924e-14 1.41994e-13 3.64616e-12 2.90988e-11 1.45662e-45
1 36 3 1  1.10465e-15 3.25459e-14 3.35245e-13 3.46802e-12 9.27587e-72
1 36 4 1  5.54794e-19 1.3884e-17 1.60605e-16 8.26769e-17 5.92836e-17
1 36 5 1  1.00751e-14 5.07575e-13 1.43356e-11 1.23447e-11 7.33963e-12
1 36 6 1  1.23108e-14 1.20823e-12 3.06257e-11 9.35317e-14 3.2091e-127
1 36 7 1  5.22446e-15 3.18898e-12 7.54275e-12 5.11315e-12 1.45691e-30
1 36 8 1  4.33775e-20 2.57884e-18 1.43501e-16 5.72148e-16 2.5036e-54
1 36 9 1  4.18978e-19 1.02952e-16 1.42036e-15 1.04126e-15 8.23646e-16
1 36 10 1  9.14067e-21 5.2502e-19 1.99358e-17 1.18659e-16 4.65895e-28
1 37 1 1  0.000269441 0.109426 0.113843 0.044591 5.29125e-10
1 37 2 1  7.01249e-15 3.50838e-13 3.22901e-12 4.01395e-11 1.59657e-45
1 37 3 1  2.41936e-14 3.36185e-14 4.93524e-13 4.68642e-12 1.06162e-71
1 37 4 1  5.08732e-19 6.38653e-17 2.09278e-16 1.18352e-16 8.98269e-17
1 37 5 1  1.28855e-14 1.62645e-12 2.16556e-11 1.74523e-11 1.06272e-11
1 37 6 1  1.79596e-14 1.40371e-12 4.85372e-11 1.06597e-13 3.72798e-127
1 37 7 1  6.38301e-15 4.27753e-12 9.78078e-12 6.4928e-12 1.72854e-30
1 37 8 1  3.80893e-20 3.31367e-18 1.79905e-16 7.24781e-16 2.75095e-54
1 37 9 1  4.36196e-19 1.28663e-16 2.21157e-15 1.45184e-15 1.10347e-15
1 37 10 1  1.94198e-20 5.3835e-19 2.64353e-17 1.82907e-16 5.12357e-28
1 38 1 1  0.00016516 0.0996627 0.125723 0.0342291 2.7373e-10
1 38 2 1  6.00283e-15 8.74215e-14 1.98376e-12 2.5564e-11 8.78423e-46
1 38 3 1  7.73629e-15 1.19609e-13 3.23464e-13 3.22788e-12 6.09337e-72
1 38 4 1  2.38321e-19 5.1648e-17 2.53333e-16 8.24046e-17 6.76662e-17
1 38 5 1  1.27587e-15 1.40362e-12 2.36614e-11 1.26149e-11 7.6744e-12
1 38 6 1  5.68344e-15 8.81308e-13 3.54773e-11 6.09351e-14 2.17065e-127
1 38 7 1  3.84581e-15 2.81879e-12 6.397e-12 4.13795e-12 1.02716e-30
1 38 8 1  1.55081e-20 1.84406e-18 1.15876e-16 4.67091e-16 1.53858e-54
1 38 9 1  2.07112e-19 7.26913e-17 1.52239e-15 1.01774e-15 7.22293e-16
1 38 10 1  8.24998e-21 4.30573e-19 1.65395e-17 1.38571e-16 2.88402e-28
1 39 1 1  6.59503e-05 0.0651571 0.113353 0.0278864 1.31388e-10
1 39 2 1  3.25308e-15 3.32017e-14 7.89273e-13 1.4149e-11 4.23286e-46
1 39 3 1  2.22508e-15 6.82029e-14 4.30179e-13 1.93225e-12 3.07279e-72
1 39 4 1  9.91786e-20 2.96517e-17 2.13279e-16 6.4389e-17 4.41748e-17
1 39 5 1  3.96794e-15 5.22952e-13 1.99324e-11 9.26753e-12 4.87777e-12
1 39 6 1  6.13827e-15 3.97576e-13 2.19402e-11 3.05954e-14 1.11141e-127
1 39 7 1  2.00481e-15 1.60344e-12 3.6908e-12 2.32699e-12 5.37467e-31
1 39 8 1  6.07631e-21 8.21286e-19 6.42177e-17 2.6875e-16 7.68079e-55
1 39 9 1  9.17915e-20 3.39433e-17 8.54475e-16 6.22884e-16 4.19922e-16
1 39 10 1  4.32845e-21 2.05599e-19 1.00127e-17 9.00528e-17 1.45904e-28
1 40 1 1  2.8166e-05 0.030743 0.0785674 0.0218272 5.80367e-11
1 40 2 1  1.90452e-15 1.40393e-14 2.73527e-13 6.60041e-12 1.79743e-46
1 40 3 1  5.94435e-16 2.68421e-14 3.02705e-13 1.2424e-12 1.36845e-72
1 40 4 1  3.70674e-20 1.36723e-17 1.31371e-16 4.61926e-17 2.66011e-17
1 40 5 1  1.00328e-15 3.39116e-13 1.05023e-11 6.36339e-12 2.81961e-12
1 40 6 1  1.154e-14 2.06257e-13 1.12562e-11 1.35636e-14 5.02913e-128
1 40 7 1  9.58623e-16 7.93187e-13 1.88148e-12 1.16041e-12 2.48865e-31
1 40 8 1  2.38776e-21 3.15572e-19 3.03651e-17 1.37781e-16 3.433e-55
1 40 9 1  4.07601e-20 1.37844e-17 3.99033e-16 3.28146e-16 2.17859e-16
1 40 10 1  2.37946e-21 9.16931e-20 5.0248e-18 5.15328e-17 6.60088e-29
1 41 1 1  2.28886e-05 0.0247804 0.0820888 0.029096 4.59424e-11
1 41 2 1  4.66848e-15 1.30796e-14 1.74897e-13 5.2546e-12 1.3418e-46
1 41 3 1  2.99873e-16 1.68361e-14 2.92565e-13 1.44851e-12 1.07202e-72
1 41 4 1  2.51694e-20 1.05987e-17 1.27179e-16 5.43276e-17 2.97364e-17
1 41 5 1  5.24941e-16 2.54301e-13 1.04659e-11 6.9195e-12 2.98013e-12
1 41 6 1  4.73304e-15 3.8578e-13 1.01751e-11 1.05765e-14 4.00421e-128
1 41 7 1  8.3437e-16 6.88012e-13 1.68391e-12 1.0212e-12 2.02941e-31
1 41 8 1  2.46223e-21 2.16187e-19 2.44315e-17 1.23575e-16 2.71082e-55
1 41 9 1  3.57823e-20 1.01181e-17 3.13764e-16 2.92924e-16 1.98933e-16
1 41 10 1  7.81242e-21 8.15952e-20 4.31943e-18 5.07069e-17 5.27051e-29
1 42 1 1  0.000114136 0.00969608 0.0380508 0.0172347 1.77187e-11
1 42 2 1  2.31299e-15 1.30066e-14 5.9941e-14 1.96983e-12 4.80571e-47
1 42 3 1  8.4245e-17 4.84151e-15 1.18478e-13 7.62638e-13 4.03977e-73
1 42 4 1  8.77014e-21 3.88278e-18 5.54505e-17 2.84448e-17 1.64267e-17
1 42 5 1  5.57076e-16 8.20853e-14 4.5498e-12 3.51056e-12 1.52816e-12
1 42 6 1  1.20419e-14 1.54192e-13 5.20489e-12 3.96615e-15 1.53514e-128
1 42 7 1  3.67668e-16 2.88513e-13 7.24264e-13 4.34226e-13 7.98429e-32
1 42 8 1  1.61447e-21 8.26689e-20 9.30284e-18 5.31265e-17 1.03907e-55
1 42 9 1  1.62941e-20 3.91702e-18 1.19736e-16 1.2502e-16 8.94918e-17
1 42 10 1  5.73446e-21 9.27806e-20 1.81848e-18 2.36179e-17 2.0416e-29
2 1 1 1  4.84679e-20 7.47629e-19 3.31515e-19 9.35554e-21 9.55607e-21
2 1 2 1  1.764e-141 3.34679e-100 16.6959 4.58368e-43 3.66358e-31
2 1 3 1  4.68067e-29 1.18062e-15 9.03482e-16 9.05167e-16 3.22414e-73
2 1 4 1  3.07904e-22 1.09594e-19 1.59475e-35 1.34055e-19 8.35067e-32
2 1 5 1  9.22924e-16 4.98129e-25 1.56712e-15 1.22814e-16 1.31823e-18
2 1 6 1  3.5982e-14 3.92432e-56 6.86951e-15 4.17382e-15 5.71519e-129
2 1 7 1  5.79359e-69 4.05127e-15 6.78513e-15 1.78106e-15 1.18545e-32
2 1 8 1  4.73338e-20 1.43759e-18 6.69881e-19 1.11891e-20 1.57198e-54
2 1 9 1  1.63997e-38 5.34869e-20 1.1968e-18 5.99678e-19 1.37861e-30
2 1 10 1  7.14358e-19 9.19702e-19 2.67487e-19 5.01356e-20 1.04179e-20
2 2 1 1  3.67444e-20 2.18986e-19 2.08837e-19 2.90185e-20 3.88964e-21
2 2 2 1  0.727572 4.33627e-101 4.14916 2.16682 1.51511e-31
2 2 3 1  1.73253e-16 3.10214e-16 4.42273e-16 4.47259e-16 1.47609e-73
2 2 4 1  7.45302e-21 3.97364e-20 1.28501e-20 4.91754e-20 1.51009e-20
2 2 5 1  3.37902e-16 3.53163e-16 5.67318e-16 1.88166e-16 8.70835e-18
2 2 6 1  8.84232e-15 8.0121e-15 2.88381e-15 1.89296e-15 2.70175e-129
2 2 7 1  3.75702e-16 1.48294e-15 3.19738e-15 1.02115e-15 5.79883e-33
2 2 8 1  9.25808e-20 3.50157e-19 4.39259e-19 4.5416e-20 6.95244e-55
2 2 9 1  1.1847e-19 1.60665e-20 4.25789e-19 3.76461e-19 4.00194e-20
2 2 10 1  2.05068e-19 4.40096e-19 2.24953e-19 2.72555e-20 3.00264e-21
2 3 1 1  1.29629e-19 2.38548e-19 3.326e-19 9.51691e-20 5.45515e-21
2 3 2 1  0.925876 1.12757 3.65607 4.88819 2.19484e-31
2 3 3 1  6.27291e-16 4.0624e-16 6.52218e-16 7.70846e-16 2.35085e-73
2 3 4 1  2.89984e-20 5.34784e-20 3.25982e-20 6.80192e-20 4.45568e-20
2 3 5 1  3.78504e-16 7.92918e-16 8.8006e-16 4.40733e-16 5.75746e-17
2 3 6 1  1.9835e-14 1.51404e-14 6.89326e-15 2.98798e-15 4.43675e-129
2 3 7 1  1.29067e-15 2.0098e-15 5.15556e-15 1.9743e-15 9.84467e-33
2 3 8 1  1.67621e-19 3.55125e-19 6.93506e-19 1.56906e-19 1.04311e-54
2 3 9 1  3.22518e-19 1.04205e-19 5.26651e-19 6.93123e-19 1.52385e-19
2 3 10 1  1.70104e-18 5.53788e-19 4.05579e-19 5.89485e-20 2.70531e-21
2 4 1 1  8.42081e-19 1.28116e-19 1.87777e-19 8.57577e-20 2.98488e-21
2 4 2 1  1.00708 0.782146 1.72601 3.38896 1.27321e-31
2 4 3 1  6.63723e-16 3.22965e-16 3.78532e-16 5.20856e-16 1.48809e-73
2 4 4 1  2.99014e-20 3.19015e-20 2.51561e-20 3.97098e-20 4.01863e-20
2 4 5 1  1.37842e-16 5.09681e-16 5.89863e-16 3.55314e-16 7.82877e-17
2 4 6 1  1.33022e-14 1.25162e-14 6.07189e-15 1.87567e-15 2.89076e-129
2 4 7 1  1.34112e-15 1.1832e-15 3.27429e-15 1.47952e-15 6.62223e-33
2 4 8 1  9.75634e-19 1.6059e-19 3.82026e-19 1.42041e-19 5.95696e-55
2 4 9 1  2.55541e-19 1.36918e-19 2.7599e-19 4.62593e-19 1.60942e-19
2 4 10 1  2.3193e-19 1.07394e-18 2.17891e-19 3.89266e-20 8.22991e-22
2 5 1 1  6.3286e-19 6.20194e-19 2.18718e-19 1.37459e-19 3.4096e-21
2 5 2 1  2.77175 1.71812 2.04645 4.93853 1.65039e-31
2 5 3 1  1.09941e-15 6.76662e-16 5.25411e-16 7.72129e-16 2.09096e-73
2 5 4 1  6.86756e-20 4.69866e-20 3.95874e-20 5.34398e-20 7.2726e-20
2 5 5 1  1.68232e-16 6.06056e-16 8.70509e-16 6.02681e-16 1.86816e-16
2 5 6 1  1.248e-14 2.1061e-14 1.17087e-14 2.61518e-15 4.17405e-129
2 5 7 1  2.64379e-15 1.71144e-15 4.60007e-15 2.41214e-15 9.85817e-33
2 5 8 1  6.12915e-19 7.66314e-19 4.5715e-19 2.44249e-19 7.59297e-55
2 5 9 1  4.07662e-19 2.91833e-19 3.63616e-19 6.61297e-19 3.23668e-19
2 5 10 1  9.30434e-19 8.86315e-19 6.82387e-19 5.17669e-20 5.60828e-22
2 6 1 1  3.76851e-19 5.69977e-19 2.70342e-19 1.20731e-19 2.31913e-21
2 6 2 1  5.80032 2.84698 1.94973 4.40832 1.34329e-31
2 6 3 1  1.04489e-15 7.79816e-16 5.13021e-16 7.13458e-16 1.839e-73
2 6 4 1  8.21897e-20 4.94043e-20 3.83531e-20 4.63724e-20 7.85699e-20
2 6 5 1  4.0201e-16 4.56481e-16 7.67301e-16 6.17878e-16 2.48161e-16
2 6 6 1  1.08585e-14 1.78947e-14 1.36117e-14 2.2829e-15 3.77039e-129
2 6 7 1  3.02759e-15 1.67299e-15 4.05248e-15 2.42642e-15 9.17878e-33
2 6 8 1  3.17342e-19 6.05451e-19 5.0179e-19 2.44283e-19 6.13622e-55
2 6 9 1  4.06284e-19 3.35937e-19 3.37066e-19 5.88729e-19 3.75434e-19
2 6 10 1  3.32471e-19 1.02966e-18 4.42695e-19 6.44696e-20 2.11463e-22
2 7 1 1  2.24442e-19 2.80343e-19 1.88743e-19 7.78005e-20 1.05803e-21
2 7 2 1  5.939 3.5881 1.55546 2.46227 6.77521e-32
2 7 3 1  8.77494e-16 5.07433e-16 3.28287e-16 4.10229e-16 1.00066e-73
2 7 4 1  5.7673e-20 3.36764e-20 2.35842e-20 2.54988e-20 5.11125e-20
2 7 5 1  1.50355e-16 3.44543e-16 4.0582e-16 3.78638e-16 1.89705e-16
2 7 6 1  1.18044e-14 9.52633e-15 9.03105e-15 1.23306e-15 2.10665e-129
2 7 7 1  1.99812e-15 1.06062e-15 2.22049e-15 1.49346e-15 5.28689e-33
2 7 8 1  4.05681e-19 2.5182e-19 3.00541e-19 1.5358e-19 3.0552e-55
2 7 9 1  2.69197e-19 2.26361e-19 2.08903e-19 3.30541e-19 2.58664e-19
2 7 10 1  1.39918e-19 3.85194e-19 3.03428e-19 3.22247e-20 4.84703e-23
2 8 1 1  1.45791e-19 2.47079e-19 1.85924e-19 8.56863e-20 8.04533e-22
2 8 2 1  26.3493 6.37817 2.84393 2.46107 5.77676e-32
2 8 3 1  1.1304e-15 6.37603e-16 3.58205e-16 4.02345e-16 9.16495e-74
2 8 4 1  6.18499e-20 3.85982e-20 2.48814e-20 2.38807e-20 5.4249e-20
2 8 5 1  6.05578e-16 3.16882e-16 3.90157e-16 3.7887e-16 2.31434e-16
2 8 6 1  2.01072e-14 1.1409e-14 9.66564e-15 1.12144e-15 1.97887e-129
2 8 7 1  2.16551e-15 1.15026e-15 2.06465e-15 1.53176e-15 5.11452e-33
2 8 8 1  2.19392e-19 2.99772e-19 2.73416e-19 1.61099e-19 2.56192e-55
2 8 9 1  3.01405e-19 2.53876e-19 2.23203e-19 3.15896e-19 2.88739e-19
2 8 10 1  3.09567e-19 2.56421e-19 2.73835e-19 4.71271e-20 2.68506e-23
2 9 1 1  2.82444e-19 1.03742e-19 9.11172e-20 4.64557e-20 3.11363e-22
2 9 2 1  30.635 13.5743 2.71486 1.49877 2.61175e-32
2 9 3 1  6.73208e-16 4.31821e-16 2.18912e-16 2.11203e-16 4.42521e-74
2 9 4 1  3.53872e-20 2.25332e-20 1.40268e-20 1.19645e-20 2.95839e-20
2 9 5 1  9.73981e-17 3.55021e-16 1.95986e-16 1.98007e-16 1.42668e-16
2 9 6 1  5.84542e-15 8.75189e-15 5.61005e-15 5.37989e-16 9.7816e-130
2 9 7 1  1.24745e-15 6.61156e-16 1.02174e-15 8.20602e-16 2.59866e-33
2 9 8 1  2.40548e-19 1.28406e-19 1.43506e-19 8.74134e-20 1.14236e-55
2 9 9 1  1.52421e-19 1.48069e-19 1.26192e-19 1.59995e-19 1.63993e-19
2 9 10 1  1.02568e-19 1.83632e-19 1.00647e-19 2.48506e-20 7.05426e-24
2 10 1 1  7.21365e-20 7.78247e-20 3.57938e-20 2.08483e-20 1.02464e-22
2 10 2 1  1.49182 14.2603 4.17359 0.916467 1.01741e-32
2 10 3 1  3.43857e-16 2.35276e-16 1.20614e-16 9.69541e-17 1.82155e-74
2 10 4 1  1.6845e-20 1.09998e-20 6.73928e-21 5.20411e-21 1.34853e-20
2 10 5 1  6.77837e-17 1.28573e-16 1.08676e-16 8.73018e-17 7.24268e-17
2 10 6 1  1.51848e-15 3.75238e-15 2.9978e-15 2.20255e-16 4.10692e-130
2 10 7 1  9.38681e-15 3.27059e-16 4.35581e-16 3.70886e-16 1.11693e-33
2 10 8 1  8.26015e-20 7.7148e-20 6.04753e-20 3.98735e-20 4.29369e-56
2 10 9 1  6.5429e-20 6.84612e-20 6.08649e-20 6.97338e-20 7.74382e-20
2 10 10 1  3.74118e-20 6.90634e-20 4.18947e-20 7.83343e-21 1.305e-24
2 11 1 1  1.20884e-19 5.34376e-20 2.8139e-20 1.36249e-20 5.07547e-23
2 11 2 1  9.54375 3.97589 7.82961 1.47498 6.61092e-33
2 11 3 1  3.06525e-16 2.0479e-16 1.10572e-16 7.60705e-17 1.24266e-74
2 11 4 1  1.3517e-20 8.64631e-21 5.28355e-21 3.77651e-21 9.93654e-21
2 11 5 1  5.76853e-17 9.76108e-17 8.60733e-17 6.65707e-17 5.93857e-17
2 11 6 1  9.43024e-16 2.32874e-15 2.5326e-15 1.4955e-16 2.85035e-130
2 11 7 1  5.19583e-15 1.43362e-15 3.11598e-16 2.75794e-16 7.91129e-34
2 11 8 1  3.21206e-20 5.48868e-20 4.64168e-20 2.91076e-20 2.61294e-56
2 11 9 1  5.08098e-20 5.01523e-20 4.72496e-20 5.06362e-20 5.9167e-20
2 11 10 1  3.44581e-19 4.22076e-20 2.80625e-20 4.71557e-21 4.03324e-25
2 12 1 1  4.24258e-20 4.91387e-20 1.71006e-20 7.52532e-21 2.02287e-23
2 12 2 1  1.4242 6.07249 4.17202 2.21836 3.66301e-33
2 12 3 1  2.55834e-16 1.5224e-16 8.43662e-17 5.22268e-17 7.22416e-75
2 12 4 1  8.85307e-21 5.65456e-21 3.41024e-21 2.30632e-21 6.01474e-21
2 12 5 1  2.55512e-17 6.60418e-17 5.73628e-17 4.35814e-17 4.10105e-17
2 12 6 1  1.84184e-15 1.22455e-15 1.71452e-15 8.65445e-17 1.68422e-130
2 12 7 1  2.44793e-15 1.27999e-15 2.77152e-16 1.74133e-16 4.76459e-34
2 12 8 1  4.9334e-20 2.57666e-20 2.98152e-20 1.84063e-20 1.36357e-56
2 12 9 1  3.31659e-20 3.23872e-20 3.09571e-20 3.20908e-20 3.86897e-20
2 12 10 1  3.40007e-20 1.8524e-19 1.30346e-20 2.28065e-21 9.47104e-26
2 13 1 1  6.13938e-20 1.03974e-19 4.59659e-20 1.52607e-20 2.87818e-23
2 13 2 1  1.94263 7.13183 13.9212 7.49901 7.80755e-33
2 13 3 1  3.37592e-15 4.5896e-16 2.4441e-16 1.40814e-16 1.61948e-74
2 13 4 1  2.24149e-20 1.3958e-20 8.2749e-21 5.36208e-21 1.36351e-20
2 13 5 1  7.81778e-17 1.4464e-16 1.48019e-16 1.10504e-16 1.08506e-16
2 13 6 1  3.03111e-15 3.98701e-15 4.2906e-15 1.93096e-16 3.83867e-130
2 13 7 1  4.51056e-15 3.44405e-15 9.51577e-16 4.33531e-16 1.10692e-33
2 13 8 1  8.34369e-20 8.33108e-20 6.73153e-20 4.51104e-20 2.7501e-56
2 13 9 1  8.90155e-20 8.02132e-20 7.70703e-20 7.82107e-20 9.62684e-20
2 13 10 1  2.7035e-20 2.35377e-19 1.2618e-19 2.94283e-21 6.05892e-26
2 14 1 1  2.51931e-20 3.98411e-20 2.08337e-20 6.25826e-21 7.54423e-24
2 14 2 1  6.35193 1.90335 6.01314 5.34473 3.53705e-33
2 14 3 1  1.07399e-15 8.2354e-16 1.52426e-16 8.19256e-17 7.74038e-75
2 14 4 1  2.51295e-20 7.50951e-21 4.34794e-21 2.72041e-21 6.66741e-21
2 14 5 1  5.93113e-17 7.64721e-17 7.75541e-17 6.0006e-17 6.09603e-17
2 14 6 1  7.64924e-15 2.03962e-15 2.37934e-15 9.18348e-17 1.86681e-130
2 14 7 1  1.8365e-15 1.77844e-15 6.39046e-16 2.36876e-16 5.4905e-34
2 14 8 1  2.60422e-20 3.88165e-20 3.52054e-20 2.26976e-20 1.15683e-56
2 14 9 1  5.30738e-20 4.25295e-20 3.9617e-20 3.96098e-20 4.94346e-20
2 14 10 1  2.83681e-20 5.67107e-20 5.77197e-20 3.95307e-21 9.33039e-27
2 15 1 1  1.10605e-20 1.48496e-20 7.96619e-21 2.40753e-21 1.78655e-24
2 15 2 1  2.71387 3.07985 2.17834 3.1216 1.54614e-33
2 15 3 1  3.38768e-16 4.48235e-16 1.60027e-16 4.66454e-17 3.56686e-75
2 15 4 1  1.409e-20 5.41877e-21 2.22463e-21 1.34821e-21 3.15828e-21
2 15 5 1  3.6587e-17 4.63039e-17 3.92737e-17 3.11515e-17 3.28599e-17
2 15 6 1  1.783e-15 2.42496e-15 1.25547e-15 4.21116e-17 8.74941e-131
2 15 7 1  7.64151e-16 8.42345e-16 3.82795e-16 1.27545e-16 2.62313e-34
2 15 8 1  2.04841e-20 1.45875e-20 1.69743e-20 1.10118e-20 4.65953e-57
2 15 9 1  3.4442e-20 2.29295e-20 1.98382e-20 1.94066e-20 2.4441e-20
2 15 10 1  1.37174e-20 2.18991e-20 2.04467e-20 3.30694e-21 2.16395e-27
2 16 1 1  1.82028e-20 2.65421e-20 1.30033e-20 3.96087e-21 1.81317e-24
2 16 2 1  1.7295 7.49424 6.73825 7.53796 3.11709e-33
2 16 3 1  5.93462e-16 9.02015e-16 5.31171e-16 1.44693e-16 7.57754e-75
2 16 4 1  3.18478e-20 1.52463e-20 5.75015e-21 2.9761e-21 6.61918e-21
2 16 5 1  1.40583e-16 1.30561e-16 9.66384e-17 7.41542e-17 8.12819e-17
2 16 6 1  2.18651e-15 5.46127e-15 3.68879e-15 8.90277e-17 1.89019e-130
2 16 7 1  1.57706e-15 1.79746e-15 9.98156e-16 3.20806e-16 5.77522e-34
2 16 8 1  3.33102e-20 3.50679e-20 3.43237e-20 2.40356e-20 8.45074e-57
2 16 9 1  1.01008e-19 6.28299e-20 4.72822e-20 4.43412e-20 5.60219e-20
2 16 10 1  9.9865e-20 4.41056e-20 3.51859e-20 7.553e-21 2.36165e-27
2 17 1 1  2.01716e-20 1.61021e-20 7.65868e-21 2.17764e-21 6.17103e-25
2 17 2 1  5.01555 2.90214 6.36517 6.70412 2.20241e-33
2 17 3 1  3.96786e-16 6.06906e-16 4.96556e-16 1.61222e-16 5.66571e-75
2 17 4 1  2.38566e-20 1.37325e-20 5.3943e-21 2.42848e-21 4.87011e-21
2 17 5 1  8.5295e-17 1.53341e-16 8.73621e-17 6.26732e-17 7.0651e-17
2 17 6 1  1.22468e-15 3.61551e-15 3.52615e-15 6.62217e-17 1.43944e-130
2 17 7 1  1.21568e-15 1.3376e-15 8.79065e-16 2.86029e-16 4.48931e-34
2 17 8 1  2.93172e-19 2.45941e-20 2.60856e-20 1.8591e-20 5.51253e-57
2 17 9 1  1.12515e-19 6.33364e-20 4.21195e-20 3.63281e-20 4.55787e-20
2 17 10 1  6.94043e-20 7.77165e-20 1.90172e-20 4.31251e-21 7.42544e-28
2 18 1 1  1.07079e-21 1.91332e-22 7.84521e-23 2.13329e-23 3.64644e-27
2 18 2 1  0.246545 0.0622622 0.0598656 0.0878387 2.26557e-35
2 18 3 1  9.24181e-17 5.9361e-18 6.03974e-18 2.47045e-18 6.19675e-77
2 18 4 1  3.0961e-22 1.68885e-22 7.39093e-23 3.11422e-23 5.38667e-23
2 18 5 1  1.09774e-18 1.86239e-18 1.26913e-18 7.87812e-19 8.98253e-19
2 18 6 1  2.00748e-17 3.35768e-17 4.52327e-17 7.20216e-19 1.60619e-132
2 18 7 1  1.48926e-17 1.45886e-17 1.0988e-17 3.73321e-18 5.12298e-36
2 18 8 1  1.46161e-21 1.70746e-21 2.9938e-22 2.22292e-22 5.58397e-59
2 18 9 1  2.01191e-21 1.0064e-21 5.88521e-22 4.53554e-22 5.54046e-22
2 18 10 1  2.46896e-21 9.97022e-22 4.62506e-22 3.87854e-23 3.78993e-30
2 19 1 1  6.50074e-20 6.30508e-20 9.5472e-21 2.51632e-21 2.5478e-25
2 19 2 1  2.89816 29.0751 8.22449 11.0683 2.39864e-33
2 19 3 1  6.05496e-15 4.88129e-15 7.1332e-16 3.64028e-16 6.95214e-75
2 19 4 1  4.42094e-20 2.15371e-20 9.76531e-21 4.15019e-21 6.12361e-21
2 19 5 1  2.93936e-16 2.39614e-16 1.76759e-16 1.05124e-16 1.16789e-16
2 19 6 1  2.27287e-15 3.72136e-15 5.65377e-15 8.03602e-17 1.83644e-130
2 19 7 1  1.88789e-15 1.6723e-15 1.37824e-15 4.96086e-16 5.98431e-34
2 19 8 1  1.07855e-19 1.81894e-19 8.53124e-20 2.70556e-20 5.79356e-57
2 19 9 1  2.37331e-19 1.75218e-19 8.90173e-20 5.97478e-20 6.91812e-20
2 19 10 1  6.09498e-20 2.86817e-19 8.15721e-20 1.03836e-20 3.26661e-28
2 20 1 1  5.90404e-20 8.61909e-20 2.70165e-20 3.51314e-21 2.07838e-25
2 20 2 1  2.608 15.7194 30.9163 17.2637 3.0795e-33
2 20 3 1  5.11929e-15 7.70511e-15 2.59459e-15 6.15714e-16 9.41168e-75
2 20 4 1  7.83391e-20 3.41627e-20 1.50606e-20 6.5286e-21 8.41722e-21
2 20 5 1  2.46515e-16 5.57904e-16 2.8989e-16 1.71066e-16 1.83317e-16
2 20 6 1  1.24747e-14 5.05513e-15 8.42813e-15 1.08241e-16 2.53016e-130
2 20 7 1  2.73128e-15 2.37083e-15 2.06016e-15 7.88153e-16 8.41154e-34
2 20 8 1  9.42964e-20 2.02138e-19 1.64017e-19 4.80191e-20 7.19948e-57
2 20 9 1  3.34662e-19 3.00269e-19 1.74301e-19 9.93434e-20 1.05385e-19
2 20 10 1  8.36015e-19 2.3056e-19 2.51434e-19 2.64837e-20 3.48805e-28
2 21 1 1  1.58975e-19 1.71472e-19 8.34243e-20 1.2861e-20 3.11059e-25
2 21 2 1  12.088 16.4769 63.6259 57.5523 6.5901e-33
2 21 3 1  2.92778e-14 1.59721e-14 9.44778e-15 2.18205e-15 2.12339e-74
2 21 4 1  2.10108e-19 9.53718e-20 3.91058e-20 1.6947e-20 1.96336e-20
2 21 5 1  6.36709e-16 1.29195e-15 9.05448e-16 4.64882e-16 4.81516e-16
2 21 6 1  1.70792e-14 2.22698e-14 2.06958e-14 2.42968e-16 5.80967e-130
2 21 7 1  6.41791e-15 5.62825e-15 5.0958e-15 2.07172e-15 1.97078e-33
2 21 8 1  1.7049e-18 3.45965e-19 4.2073e-19 1.45564e-19 1.49002e-56
2 21 9 1  7.80668e-19 7.89668e-19 5.38962e-19 2.9238e-19 2.72405e-19
2 21 10 1  6.88076e-19 1.86386e-18 5.80298e-19 1.25848e-19 6.17809e-28
2 22 1 1  1.31404e-19 1.359e-19 7.41516e-20 1.6266e-20 1.77303e-25
2 22 2 1  102.284 13.3125 38.2451 57.753 4.95925e-33
2 22 3 1  1.44206e-14 1.80221e-14 9.43424e-15 2.74973e-15 1.68663e-74
2 22 4 1  1.86392e-19 9.10066e-20 3.66918e-20 1.54101e-20 1.63196e-20
2 22 5 1  3.92366e-16 1.09784e-15 8.86754e-16 4.63001e-16 4.47467e-16
2 22 6 1  8.55252e-15 1.91414e-14 1.96064e-14 1.91989e-16 4.69895e-130
2 22 7 1  5.23831e-15 4.69195e-15 4.41583e-15 1.90572e-15 1.62755e-33
2 22 8 1  6.54997e-19 8.30275e-19 3.4482e-19 1.51031e-19 1.11171e-56
2 22 9 1  6.7715e-19 6.84289e-19 5.39214e-19 3.03468e-19 2.48183e-19
2 22 10 1  4.36073e-19 1.08295e-18 9.6535e-19 1.38696e-19 3.77178e-28
2 23 1 1  1.34413e-19 7.92892e-20 4.5362e-20 1.24549e-20 7.3197e-26
2 23 2 1  7.46048 59.824 17.8403 37.3258 2.69489e-33
2 23 3 1  5.25089e-15 1.0117e-14 7.13441e-15 2.29813e-15 9.66682e-75
2 23 4 1  1.16388e-19 6.00523e-20 2.45406e-20 1.00467e-20 9.74983e-21
2 23 5 1  8.8525e-16 5.98701e-16 5.97117e-16 3.30912e-16 3.02451e-16
2 23 6 1  1.02082e-14 1.01124e-14 1.31589e-14 1.09472e-16 2.74193e-130
2 23 7 1  3.12687e-15 2.81424e-15 2.74775e-15 1.25649e-15 9.69634e-34
2 23 8 1  2.07729e-19 4.52186e-19 3.075e-19 1.07227e-19 6.04617e-57
2 23 9 1  5.04105e-19 4.30589e-19 3.70217e-19 2.2575e-19 1.67184e-19
2 23 10 1  1.64831e-19 4.7403e-19 5.87263e-19 1.30887e-19 1.59838e-28
2 24 1 1  2.30883e-19 2.33303e-19 9.84992e-20 3.15081e-20 1.10022e-25
2 24 2 1  8.00233 57.3267 107.622 90.0491 5.74342e-33
2 24 3 1  7.59424e-15 1.95632e-14 1.90154e-14 7.28626e-15 2.16472e-74
2 24 4 1  2.76843e-19 1.5153e-19 6.397e-20 2.59639e-20 2.3216e-20
2 24 5 1  2.15043e-15 2.62411e-15 1.47795e-15 9.07576e-16 8.02788e-16
2 24 6 1  2.24963e-14 2.75655e-14 3.32768e-14 2.43964e-16 6.24405e-130
2 24 7 1  7.38814e-15 6.61519e-15 6.65251e-15 3.21243e-15 2.25172e-33
2 24 8 1  2.92946e-19 7.69575e-19 8.35896e-19 3.05453e-19 1.23967e-56
2 24 9 1  2.52776e-18 1.05758e-18 8.94019e-19 5.93667e-19 4.15231e-19
2 24 10 1  5.44575e-19 7.63109e-19 1.1503e-18 3.53792e-19 2.41683e-28
2 25 1 1  5.73602e-20 8.19371e-20 3.73869e-20 1.08517e-20 2.38962e-26
2 25 2 1  5.52115 8.87964 35.2482 41.0175 1.91271e-33
2 25 3 1  1.99249e-15 5.52317e-15 7.19771e-15 3.43023e-15 7.57526e-75
2 25 4 1  9.79939e-20 5.8116e-20 2.56582e-20 1.05113e-20 8.77116e-21
2 25 5 1  1.28314e-15 1.2574e-15 6.93896e-16 3.78361e-16 3.34525e-16
2 25 6 1  1.10826e-14 1.07824e-14 1.33073e-14 8.49617e-17 2.22236e-130
2 25 7 1  2.71694e-15 2.43427e-15 2.50941e-15 1.27718e-15 8.17479e-34
2 25 8 1  9.70115e-20 1.92029e-19 3.01239e-19 1.32724e-19 3.92917e-57
2 25 9 1  6.65027e-19 5.86305e-19 3.33366e-19 2.333e-19 1.59805e-19
2 25 10 1  1.3886e-19 2.78248e-19 3.27909e-19 1.30577e-19 5.69761e-29
2 26 1 1  5.71067e-20 8.28861e-20 4.23618e-20 1.22151e-20 1.63404e-26
2 26 2 1  52.0247 9.6017 31.6691 57.8899 2.14391e-33
2 26 3 1  2.27455e-15 5.18563e-15 8.55732e-15 5.13292e-15 8.9006e-75
2 26 4 1  1.30681e-19 7.03488e-20 3.28238e-20 1.37786e-20 1.09334e-20
2 26 5 1  8.66056e-15 2.29674e-15 1.10295e-15 5.46584e-16 4.67388e-16
2 26 6 1  1.69199e-14 1.56212e-14 1.78385e-14 9.93673e-17 2.65372e-130
2 26 7 1  3.36065e-15 3.01625e-15 3.16909e-15 1.69463e-15 9.94913e-34
2 26 8 1  9.94265e-20 1.76161e-19 3.35019e-19 1.85011e-19 4.19332e-57
2 26 9 1  5.8834e-19 7.28647e-19 4.87884e-19 3.01785e-19 2.06386e-19
2 26 10 1  2.08273e-19 2.80372e-19 3.58177e-19 1.54149e-19 4.6935e-29
2 27 1 1  4.67854e-20 5.41033e-20 3.13445e-20 9.09064e-21 7.36177e-27
2 27 2 1  25.218 40.1508 18.8596 47.6691 1.52127e-33
2 27 3 1  1.69895e-15 3.22364e-15 6.16893e-15 4.6173e-15 6.57924e-75
2 27 4 1  1.04204e-19 5.59967e-20 2.56622e-20 1.11763e-20 8.61871e-21
2 27 5 1  5.92974e-15 6.87438e-15 1.17415e-15 5.10219e-16 4.11161e-16
2 27 6 1  1.8103e-14 1.46935e-14 1.53277e-14 7.31578e-17 1.98942e-130
2 27 7 1  2.66615e-15 2.36472e-15 2.51282e-15 1.40406e-15 7.5842e-34
2 27 8 1  7.13489e-20 1.05386e-19 2.24576e-19 1.52848e-19 2.78406e-57
2 27 9 1  4.36219e-19 4.89458e-19 4.12364e-19 2.51284e-19 1.65249e-19
2 27 10 1  1.08393e-19 2.2373e-19 1.91114e-19 9.00821e-20 1.9515e-29
2 28 1 1  4.99588e-20 4.01985e-20 2.60767e-20 8.68017e-21 4.26281e-27
2 28 2 1  6.89027 27.5358 27.4063 37.6809 1.08171e-33
2 28 3 1  1.43874e-15 2.09995e-15 4.35217e-15 3.99647e-15 4.86258e-75
2 28 4 1  7.89229e-20 4.42263e-20 2.02834e-20 8.95762e-21 6.86337e-21
2 28 5 1  1.24746e-15 7.25163e-15 2.26013e-15 4.96516e-16 3.64184e-16
2 28 6 1  1.00804e-14 1.46834e-14 1.34108e-14 5.38652e-17 1.49001e-130
2 28 7 1  2.12527e-15 1.86431e-15 1.99084e-15 1.15768e-15 5.77124e-34
2 28 8 1  3.43116e-19 6.94446e-20 1.51883e-19 1.24656e-19 1.89607e-57
2 28 9 1  4.18885e-19 3.68089e-19 3.44243e-19 2.26844e-19 1.43751e-19
2 28 10 1  1.69012e-19 1.40883e-19 1.0978e-19 3.89913e-20 6.15921e-30
2 29 1 1  8.77612e-20 4.45812e-20 2.69242e-20 1.04138e-20 3.26789e-27
2 29 2 1  6.23915 14.3029 32.037 41.3579 9.73464e-34
2 29 3 1  1.83709e-15 1.86262e-15 3.83537e-15 4.24852e-15 4.55928e-75
2 29 4 1  8.33053e-20 4.26674e-20 1.97085e-20 8.77758e-21 6.73115e-21
2 29 5 1  1.46814e-15 5.44103e-15 3.78951e-15 8.14633e-16 4.15661e-16
2 29 6 1  1.36664e-14 1.46464e-14 1.52401e-14 5.03035e-17 1.41686e-130
2 29 7 1  2.18489e-15 1.8704e-15 2.00269e-15 1.20904e-15 5.58159e-34
2 29 8 1  1.7757e-19 2.05547e-19 1.34073e-19 1.29354e-19 1.69349e-57
2 29 9 1  4.58193e-19 3.9365e-19 3.5615e-19 2.56729e-19 1.61765e-19
2 29 10 1  2.77307e-19 1.96817e-19 9.90387e-20 2.85629e-20 3.01347e-30
2 30 1 1  4.13236e-20 4.31781e-20 1.85351e-20 7.64579e-21 1.61482e-27
2 30 2 1  5.96629 6.87417 18.6561 31.9071 6.08217e-34
2 30 3 1  1.14696e-15 1.30831e-15 2.34805e-15 3.06107e-15 2.96907e-75
2 30 4 1  8.25571e-20 3.11489e-20 1.38589e-20 6.22122e-21 4.79058e-21
2 30 5 1  2.21412e-15 3.1463e-15 3.06388e-15 9.37976e-16 3.52134e-16
2 30 6 1  6.19477e-15 1.1369e-14 1.17208e-14 3.26264e-17 9.35859e-131
2 30 7 1  1.62844e-15 1.31378e-15 1.40057e-15 8.74995e-16 3.75112e-34
2 30 8 1  2.17952e-19 1.39558e-19 1.15847e-19 9.3051e-20 1.07194e-57
2 30 9 1  2.96445e-19 2.89787e-19 2.53917e-19 1.92789e-19 1.24179e-19
2 30 10 1  1.3535e-19 2.1593e-19 8.59165e-20 1.85018e-20 1.20787e-30
2 31 1 1  2.80545e-20 4.09716e-20 1.90402e-20 6.78309e-21 9.83939e-28
2 31 2 1  19.903 7.54715 14.9125 33.9338 5.51522e-34
2 31 3 1  1.01145e-15 1.27414e-15 2.13235e-15 3.14403e-15 2.8047e-75
2 31 4 1  1.01916e-19 3.99126e-20 1.54741e-20 6.87105e-21 5.32502e-21
2 31 5 1  8.91957e-16 3.80267e-15 3.23263e-15 1.33178e-15 4.65509e-16
2 31 6 1  5.13974e-15 1.06488e-14 1.31084e-14 3.06971e-17 8.96612e-131
2 31 7 1  1.7717e-15 1.36093e-15 1.42424e-15 9.16856e-16 3.6578e-34
2 31 8 1  1.52056e-19 1.83887e-19 1.30883e-19 9.78388e-20 9.65851e-58
2 31 9 1  3.00457e-19 2.87001e-19 2.60464e-19 2.03012e-19 1.35096e-19
2 31 10 1  4.08578e-20 2.01262e-19 1.27709e-19 1.97113e-20 7.01704e-31
2 32 1 1  4.17669e-20 6.68816e-20 3.49767e-20 1.12787e-20 1.07047e-27
2 32 2 1  9.12703 41.0252 25.9548 68.3056 9.87709e-34
2 32 3 1  2.29212e-15 2.36718e-15 3.86755e-15 6.30729e-15 5.24457e-75
2 32 4 1  1.78921e-19 1.0252e-19 3.78001e-20 1.57054e-20 1.21769e-20
2 32 5 1  1.19575e-15 6.07749e-15 7.02144e-15 3.34406e-15 1.24427e-15
2 32 6 1  9.34484e-14 1.90573e-14 2.80881e-14 5.71569e-17 1.702e-130
2 32 7 1  4.08633e-15 2.82842e-15 2.87972e-15 1.90236e-15 7.07909e-34
2 32 8 1  1.91011e-19 3.40006e-19 3.03512e-19 2.0227e-19 1.69235e-57
2 32 9 1  5.60283e-19 5.54882e-19 5.10304e-19 4.10322e-19 2.82472e-19
2 32 10 1  9.12374e-20 2.28939e-19 2.75825e-19 4.89765e-20 8.03992e-31
2 33 1 1  2.19895e-20 3.66859e-20 2.24298e-20 7.21926e-21 4.32533e-28
2 33 2 1  57.8508 13.6204 26.2959 45.4798 5.95567e-34
2 33 3 1  2.17988e-14 1.5944e-15 2.37183e-15 4.22407e-15 3.30466e-75
2 33 4 1  1.06346e-19 7.72486e-20 3.29889e-20 1.2888e-20 9.72029e-21
2 33 5 1  4.8106e-15 3.141e-15 4.71524e-15 2.69774e-15 1.10257e-15
2 33 6 1  4.07192e-14 3.89628e-14 1.97343e-14 3.58579e-17 1.08918e-130
2 33 7 1  3.27326e-15 2.03752e-15 1.97258e-15 1.32995e-15 4.62401e-34
2 33 8 1  8.67329e-20 1.85824e-19 2.23266e-19 1.46184e-19 1.01648e-57
2 33 9 1  4.82351e-19 3.49885e-19 3.29571e-19 2.72327e-19 1.94411e-19
2 33 10 1  6.62753e-20 1.13542e-19 1.60028e-19 4.15246e-20 3.38381e-31
2 34 1 1  3.88969e-20 4.94553e-20 3.42508e-20 1.23091e-20 4.65144e-28
2 34 2 1  37.2932 94.1625 38.0883 78.7509 8.82235e-34
2 34 3 1  2.22426e-14 1.62719e-14 3.63395e-15 6.90396e-15 5.12094e-75
2 34 4 1  1.5819e-19 1.32533e-19 6.71526e-20 2.70616e-20 1.94536e-20
2 34 5 1  1.38434e-14 9.807e-15 7.33841e-15 5.0721e-15 2.34711e-15
2 34 6 1  1.12043e-13 7.50564e-14 4.2947e-14 5.53168e-17 1.71491e-130
2 34 7 1  6.49322e-15 3.72235e-15 3.35053e-15 2.28743e-15 7.43991e-34
2 34 8 1  1.65247e-19 2.38226e-19 3.74999e-19 2.6354e-19 1.51754e-57
2 34 9 1  1.78909e-18 6.43535e-19 5.34732e-19 4.54459e-19 3.36771e-19
2 34 10 1  1.39466e-19 1.68385e-19 2.26861e-19 8.06574e-20 3.88809e-31
2 35 1 1  1.13635e-19 4.27708e-20 3.00655e-20 1.20725e-20 2.99314e-28
2 35 2 1  4.04331 57.9145 73.0357 76.1264 7.5052e-34
2 35 3 1  1.48974e-14 1.78653e-14 6.66144e-15 6.45369e-15 4.56497e-75
2 35 4 1  1.44809e-19 1.23625e-19 7.23913e-20 3.18314e-20 2.23681e-20
2 35 5 1  9.73756e-15 1.66202e-14 7.90799e-15 5.22692e-15 2.79325e-15
2 35 6 1  1.28661e-13 9.81918e-14 5.17306e-14 4.90825e-17 1.55417e-130
2 35 7 1  6.64389e-15 4.01439e-15 3.31128e-15 2.26568e-15 6.89861e-34
2 35 8 1  3.25111e-19 2.00213e-19 3.37801e-19 2.68076e-19 1.2939e-57
2 35 9 1  1.50542e-18 1.05275e-18 5.37061e-19 4.4624e-19 3.43627e-19
2 35 10 1  1.00609e-19 1.77357e-19 1.94641e-19 8.18852e-20 2.63035e-31
2 36 1 1  2.60984e-19 7.30878e-20 3.05779e-20 1.36641e-20 2.30584e-28
2 36 2 1  37.4708 19.5147 73.0136 85.4028 6.51586e-34
2 36 3 1  9.9039e-15 1.62158e-14 9.39075e-15 6.58074e-15 4.14934e-75
2 36 4 1  1.44845e-18 1.17983e-19 7.58304e-20 3.69898e-20 2.65191e-20
2 36 5 1  4.2581e-14 1.7566e-14 1.0371e-14 5.54945e-15 3.28321e-15
2 36 6 1  7.45988e-14 1.22446e-13 6.51401e-14 4.44124e-17 1.43552e-130
2 36 7 1  6.62267e-15 4.36344e-15 3.37912e-15 2.28725e-15 6.51713e-34
2 36 8 1  2.62852e-19 2.61348e-19 3.05222e-19 2.71677e-19 1.11993e-57
2 36 9 1  1.23385e-18 1.23561e-18 6.99762e-19 4.65969e-19 3.68439e-19
2 36 10 1  7.74909e-20 1.52897e-19 2.07534e-19 9.22854e-20 2.08407e-31
2 37 1 1  2.66704e-19 1.34019e-19 3.53505e-20 1.38088e-20 1.63857e-28
2 37 2 1  4.5829 33.3794 44.7631 81.555 4.94418e-34
2 37 3 1  1.50164e-13 1.15959e-14 9.57036e-15 6.15625e-15 3.28757e-75
2 37 4 1  9.19481e-19 3.7571e-19 6.84052e-20 3.6657e-20 2.78172e-20
2 37 5 1  3.77007e-14 3.89669e-14 1.08457e-14 5.4313e-15 3.29097e-15
2 37 6 1  7.53399e-14 9.84815e-14 7.14693e-14 3.50406e-17 1.15446e-130
2 37 7 1  5.60143e-15 4.05185e-15 3.0334e-15 2.01066e-15 5.35287e-34
2 37 8 1  1.59784e-19 2.32481e-19 2.64903e-19 2.3825e-19 8.519e-58
2 37 9 1  8.89277e-19 1.06901e-18 7.54287e-19 4.49777e-19 3.41717e-19
2 37 10 1  1.13972e-19 1.08535e-19 1.90513e-19 9.84798e-20 1.58664e-31
2 38 1 1  2.49791e-19 1.86502e-19 5.96503e-20 1.61961e-20 1.29519e-28
2 38 2 1  5.99418 12.7086 42.0189 79.3622 4.15639e-34
2 38 3 1  7.33674e-14 6.30368e-14 9.58412e-15 6.47887e-15 2.88317e-75
2 38 4 1  6.58145e-19 4.64245e-19 1.26521e-19 3.89976e-20 3.20173e-20
2 38 5 1  5.70376e-15 5.13817e-14 1.81065e-14 5.99848e-15 3.63125e-15
2 38 6 1  3.64289e-14 9.44738e-14 7.9818e-14 3.06055e-17 1.02708e-130
2 38 7 1  5.15664e-15 4.0797e-15 3.03136e-15 1.95793e-15 4.86017e-34
2 38 8 1  9.94015e-20 1.97678e-19 2.60701e-19 2.34603e-19 7.28001e-58
2 38 9 1  6.45159e-19 9.22818e-19 7.93352e-19 4.81748e-19 3.41763e-19
2 38 10 1  7.39798e-20 1.32635e-19 1.82124e-19 1.13997e-19 1.36462e-31
2 39 1 1  1.14058e-19 1.39428e-19 6.14993e-20 1.50884e-20 7.10898e-29
2 39 2 1  3.71456 5.51921 19.1171 50.2284 2.29025e-34
2 39 3 1  2.41298e-14 4.11027e-14 1.45751e-14 4.43489e-15 1.66258e-75
2 39 4 1  3.13195e-19 3.04776e-19 1.21803e-19 3.48446e-20 2.39015e-20
2 39 5 1  2.02841e-14 2.18907e-14 1.74418e-14 5.03916e-15 2.6392e-15
2 39 6 1  4.49902e-14 4.87351e-14 5.64454e-14 1.75722e-17 6.01347e-131
2 39 7 1  3.07391e-15 2.65373e-15 1.99995e-15 1.25905e-15 2.90805e-34
2 39 8 1  4.45361e-20 1.00674e-19 1.65212e-19 1.54354e-19 4.15581e-58
2 39 9 1  3.26965e-19 4.92749e-19 5.09188e-19 3.37155e-19 2.27205e-19
2 39 10 1  4.43844e-20 7.24218e-20 1.26076e-19 8.47143e-20 7.89439e-32
2 40 1 1  7.56693e-20 1.02193e-19 6.6216e-20 1.83457e-20 4.87796e-29
2 40 2 1  3.37817 3.62533 10.2915 36.3981 1.51073e-34
2 40 3 1  1.00138e-14 2.51287e-14 1.59319e-14 4.4296e-15 1.15017e-75
2 40 4 1  1.81834e-19 2.18303e-19 1.16545e-19 3.88313e-20 2.23581e-20
2 40 5 1  7.96704e-15 2.20512e-14 1.42759e-14 5.37488e-15 2.36987e-15
2 40 6 1  1.31391e-13 3.9275e-14 4.49848e-14 1.21012e-17 4.22696e-131
2 40 7 1  2.28323e-15 2.03922e-15 1.58374e-15 9.75318e-16 2.0917e-34
2 40 8 1  2.71862e-20 6.00904e-20 1.21352e-19 1.22927e-19 2.88542e-58
2 40 9 1  2.25538e-19 3.10845e-19 3.6938e-19 2.75914e-19 1.8311e-19
2 40 10 1  3.79019e-20 5.0173e-20 9.82848e-20 7.53059e-20 5.54801e-32
2 41 1 1  6.00786e-20 8.04798e-20 6.75941e-20 2.38932e-20 3.77271e-29
2 41 2 1  8.09053 3.29991 6.42933 28.3108 1.10186e-34
2 41 3 1  4.93555e-15 1.53993e-14 1.50444e-14 5.0458e-15 8.80325e-76
2 41 4 1  1.20631e-19 1.65338e-19 1.10234e-19 4.46205e-20 2.44191e-20
2 41 5 1  4.07279e-15 1.61561e-14 1.38995e-14 5.7103e-15 2.44723e-15
2 41 6 1  5.26505e-14 7.17714e-14 3.97298e-14 9.21939e-18 3.28819e-131
2 41 7 1  1.94163e-15 1.72818e-15 1.38487e-15 8.38597e-16 1.66652e-34
2 41 8 1  2.73899e-20 4.022e-20 9.53956e-20 1.07719e-19 2.22608e-58
2 41 9 1  1.93445e-19 2.22926e-19 2.83774e-19 2.40639e-19 1.6336e-19
2 41 10 1  1.21583e-19 4.36217e-20 8.25466e-20 7.23964e-20 4.32806e-32
2 42 1 1  2.05789e-19 2.16309e-20 2.15224e-20 9.72176e-21 9.99476e-30
2 42 2 1  2.75344 2.25408 1.51359 7.29022 2.71081e-35
2 42 3 1  9.5245e-16 3.04186e-15 4.18498e-15 1.82485e-15 2.27875e-76
2 42 4 1  2.88732e-20 4.16068e-20 3.30145e-20 1.60479e-20 9.26597e-21
2 42 5 1  2.9689e-15 3.58223e-15 4.15063e-15 1.99004e-15 8.62006e-16
2 42 6 1  9.20147e-14 1.97048e-14 1.39601e-14 2.37482e-18 8.65942e-132
2 42 7 1  5.8771e-16 4.97805e-16 4.09154e-16 2.44938e-16 4.50378e-35
2 42 8 1  1.23365e-20 1.05646e-20 2.49514e-20 3.18106e-20 5.86116e-59
2 42 9 1  6.05088e-20 5.92813e-20 7.43865e-20 7.05493e-20 5.04805e-20
2 42 10 1  6.13029e-20 3.40718e-20 2.38716e-20 2.31628e-20 1.15162e-32
3 1 1 1  2.16602e-20 3.34113e-19 1.48153e-19 4.18097e-21 4.27058e-21
3 1 2 1  7.88329e-157 1.49567e-115 7.46137e-15 2.04843e-58 1.63725e-46
3 1 3 1  2.09178e-14 0.527615 0.403764 0.404517 1.44086e-58
3 1 4 1  1.37601e-22 4.89771e-20 7.12691e-36 5.99088e-20 3.73189e-32
3 1 5 1  4.12452e-16 2.22613e-25 7.00344e-16 5.48855e-17 5.89115e-19
3 1 6 1  1.60802e-14 1.75377e-56 3.06996e-15 1.86527e-15 2.5541e-129
3 1 7 1  2.58914e-69 1.8105e-15 3.03226e-15 7.95951e-16 5.29772e-33
3 1 8 1  2.11534e-20 6.42457e-19 2.99368e-19 5.00037e-21 7.02512e-55
3 1 9 1  7.32896e-39 2.39032e-20 5.34847e-19 2.67995e-19 6.16098e-31
3 1 10 1  3.19245e-19 4.11013e-19 1.19539e-19 2.24055e-20 4.65572e-21
3 2 1 1  1.85377e-20 1.10479e-19 1.05359e-19 1.46399e-20 1.96234e-21
3 2 2 1  3.67063e-16 2.18766e-116 2.09327e-15 1.09317e-15 7.64378e-47
3 2 3 1  0.0874067 0.156504 0.223128 0.225644 7.44695e-59
3 2 4 1  3.76008e-21 2.00472e-20 6.48292e-21 2.48092e-20 7.61844e-21
3 2 5 1  1.70473e-16 1.78172e-16 2.86214e-16 9.49302e-17 4.39339e-18
3 2 6 1  4.46098e-15 4.04213e-15 1.45489e-15 9.55008e-16 1.36304e-129
3 2 7 1  1.89543e-16 7.4815e-16 1.61309e-15 5.15175e-16 2.92553e-33
3 2 8 1  4.67074e-20 1.76655e-19 2.21608e-19 2.29126e-20 3.50753e-55
3 2 9 1  5.97687e-20 8.10559e-21 2.14812e-19 1.89926e-19 2.01899e-20
3 2 10 1  1.03458e-19 2.2203e-19 1.1349e-19 1.37505e-20 1.51484e-21
3 3 1 1  5.40332e-20 9.94341e-20 1.38638e-19 3.96694e-20 2.27387e-21
3 3 2 1  3.85933e-16 4.70003e-16 1.52396e-15 2.03755e-15 9.14877e-47
3 3 3 1  0.261474 0.169333 0.271864 0.321312 9.79905e-59
3 3 4 1  1.20874e-20 2.22914e-20 1.35879e-20 2.83525e-20 1.85726e-20
3 3 5 1  1.57772e-16 3.30512e-16 3.66836e-16 1.83711e-16 2.39989e-17
3 3 6 1  8.26782e-15 6.31096e-15 2.87332e-15 1.24548e-15 1.84937e-129
3 3 7 1  5.3799e-16 8.37747e-16 2.14899e-15 8.2295e-16 4.10356e-33
3 3 8 1  6.98695e-20 1.48027e-19 2.89074e-19 6.54031e-20 4.34801e-55
3 3 9 1  1.34435e-19 4.34358e-20 2.19524e-19 2.88915e-19 6.35185e-20
3 3 10 1  7.09045e-19 2.30836e-19 1.69057e-19 2.45715e-20 1.12765e-21
3 4 1 1  5.97994e-19 9.09801e-20 1.33347e-19 6.08999e-20 2.11968e-21
3 4 2 1  7.15164e-16 5.55432e-16 1.22571e-15 2.40663e-15 9.04154e-47
3 4 3 1  0.471335 0.22935 0.26881 0.36988 1.05675e-58
3 4 4 1  2.12341e-20 2.26545e-20 1.78643e-20 2.81995e-20 2.85379e-20
3 4 5 1  9.78869e-17 3.61944e-16 4.18884e-16 2.52323e-16 5.55951e-17
3 4 6 1  9.44644e-15 8.88827e-15 4.31189e-15 1.33199e-15 2.05284e-129
3 4 7 1  9.5238e-16 8.40233e-16 2.3252e-15 1.05066e-15 4.7027e-33
3 4 8 1  6.92836e-19 1.14041e-19 2.71291e-19 1.00869e-19 4.23027e-55
3 4 9 1  1.81469e-19 9.72307e-20 1.95991e-19 3.28506e-19 1.14291e-19
3 4 10 1  1.64703e-19 7.62649e-19 1.54733e-19 2.76433e-20 5.84438e-22
3 5 1 1  2.19069e-18 2.14684e-18 7.57106e-19 4.75824e-19 1.18026e-20
3 5 2 1  9.5946e-15 5.94738e-15 7.08393e-15 1.70951e-14 5.71292e-46
3 5 3 1  3.80569 2.34231 1.81874 2.67278 7.23801e-58
3 5 4 1  2.37725e-19 1.62647e-19 1.37034e-19 1.84985e-19 2.51746e-19
3 5 5 1  5.82346e-16 2.09791e-15 3.01332e-15 2.08622e-15 6.46677e-16
3 5 6 1  4.32003e-14 7.2904e-14 4.05304e-14 9.05263e-15 1.44487e-128
3 5 7 1  9.15164e-15 5.92428e-15 1.59234e-14 8.34977e-15 3.41247e-32
3 5 8 1  2.12165e-18 2.65265e-18 1.58246e-18 8.45486e-19 2.62836e-54
3 5 9 1  1.41115e-18 1.0102e-18 1.25868e-18 2.28912e-18 1.1204e-18
3 5 10 1  3.22076e-18 3.06804e-18 2.36213e-18 1.79194e-19 1.94135e-21
3 6 1 1  1.68135e-18 2.543e-18 1.20615e-18 5.38653e-19 1.0347e-20
3 6 2 1  2.58786e-14 1.27021e-14 8.69888e-15 1.96681e-14 5.99321e-46
3 6 3 1  4.66185 3.47921 2.28888 3.18315 8.20485e-58
3 6 4 1  3.66696e-19 2.20421e-19 1.71115e-19 2.06894e-19 3.50546e-19
3 6 5 1  1.7936e-15 2.03663e-15 3.42338e-15 2.75671e-15 1.10719e-15
3 6 6 1  4.84462e-14 7.98386e-14 6.07296e-14 1.01853e-14 1.68219e-128
3 6 7 1  1.35078e-14 7.4642e-15 1.80805e-14 1.08257e-14 4.09519e-32
3 6 8 1  1.41585e-18 2.70127e-18 2.23878e-18 1.08989e-18 2.73772e-54
3 6 9 1  1.81267e-18 1.49881e-18 1.50385e-18 2.62666e-18 1.67503e-18
3 6 10 1  1.48335e-18 4.59392e-18 1.97512e-18 2.87637e-19 9.4346e-22
3 7 1 1  1.26729e-18 1.58293e-18 1.06572e-18 4.39294e-19 5.97411e-21
3 7 2 1  3.35341e-14 2.02599e-14 8.78277e-15 1.3903e-14 3.82557e-46
3 7 3 1  4.9547 2.86518 1.85365 2.31632 5.65015e-58
3 7 4 1  3.25646e-19 1.90151e-19 1.33166e-19 1.43977e-19 2.88603e-19
3 7 5 1  8.48966e-16 1.94543e-15 2.29143e-15 2.13795e-15 1.07115e-15
3 7 6 1  6.66525e-14 5.37897e-14 5.09931e-14 6.9624e-15 1.1895e-128
3 7 7 1  1.12822e-14 5.9887e-15 1.25378e-14 8.43272e-15 2.9852e-32
3 7 8 1  2.29064e-18 1.42188e-18 1.69698e-18 8.67177e-19 1.7251e-54
3 7 9 1  1.52e-18 1.27813e-18 1.17955e-18 1.86637e-18 1.46053e-18
3 7 10 1  7.90034e-19 2.17497e-18 1.71328e-18 1.81954e-19 2.73684e-22
3 8 1 1  7.89825e-19 1.33855e-18 1.00724e-18 4.64206e-19 4.35856e-21
3 8 2 1  1.42747e-13 3.45537e-14 1.5407e-14 1.33328e-14 3.12956e-46
3 8 3 1  6.12395 3.45421 1.94058 2.17971 4.96511e-58
3 8 4 1  3.35072e-19 2.09106e-19 1.34795e-19 1.29374e-19 2.93894e-19
3 8 5 1  3.28072e-15 1.71671e-15 2.11368e-15 2.05253e-15 1.25379e-15
3 8 6 1  1.08931e-13 6.18081e-14 5.23636e-14 6.07541e-15 1.07205e-128
3 8 7 1  1.17316e-14 6.23152e-15 1.11852e-14 8.2983e-15 2.77079e-32
3 8 8 1  1.18855e-18 1.62402e-18 1.48123e-18 8.72754e-19 1.38792e-54
3 8 9 1  1.63286e-18 1.37537e-18 1.2092e-18 1.71137e-18 1.56424e-18
3 8 10 1  1.67708e-18 1.38916e-18 1.4835e-18 2.55311e-19 1.45463e-22
3 9 1 1  3.58727e-18 1.31762e-18 1.15727e-18 5.90026e-19 3.95457e-21
3 9 2 1  3.89091e-13 1.72405e-13 3.4481e-14 1.90356e-14 3.31714e-46
3 9 3 1  8.55031 5.48449 2.78037 2.68246 5.62039e-58
3 9 4 1  4.49448e-19 2.86191e-19 1.78153e-19 1.51959e-19 3.75741e-19
3 9 5 1  1.23704e-15 4.50906e-15 2.48919e-15 2.51486e-15 1.81201e-15
3 9 6 1  7.42418e-14 1.11156e-13 7.12524e-14 6.83291e-15 1.24235e-128
3 9 7 1  1.58436e-14 8.39724e-15 1.2977e-14 1.04223e-14 3.30052e-32
3 9 8 1  3.05516e-18 1.63086e-18 1.82264e-18 1.11022e-18 1.4509e-54
3 9 9 1  1.93588e-18 1.8806e-18 1.60275e-18 2.03207e-18 2.08285e-18
3 9 10 1  1.3027e-18 2.33228e-18 1.2783e-18 3.15624e-19 8.9595e-23
3 10 1 1  1.34901e-18 1.45538e-18 6.69372e-19 3.89878e-19 1.91616e-21
3 10 2 1  2.78982e-14 2.66679e-13 7.80493e-14 1.71386e-14 1.90263e-46
3 10 3 1  6.43038 4.39984 2.25557 1.81311 3.40643e-58
3 10 4 1  3.15013e-19 2.05704e-19 1.2603e-19 9.73207e-20 2.52186e-19
3 10 5 1  1.26761e-15 2.40441e-15 2.03233e-15 1.63261e-15 1.35443e-15
3 10 6 1  2.83968e-14 7.01722e-14 5.6061e-14 4.11893e-15 7.68025e-129
3 10 7 1  1.7554e-13 6.11625e-15 8.1457e-15 6.93584e-15 2.08874e-32
3 10 8 1  1.54471e-18 1.44273e-18 1.13093e-18 7.45664e-19 8.02952e-55
3 10 9 1  1.22357e-18 1.28028e-18 1.13822e-18 1.30407e-18 1.44815e-18
3 10 10 1  6.99629e-19 1.29154e-18 7.83463e-19 1.46491e-19 2.44044e-23
3 11 1 1  3.69959e-18 1.63543e-18 8.61177e-19 4.16981e-19 1.55332e-21
3 11 2 1  2.92081e-13 1.2168e-13 2.39621e-13 4.5141e-14 2.02324e-46
3 11 3 1  9.38104 6.26749 3.38398 2.3281 3.80309e-58
3 11 4 1  4.1368e-19 2.64616e-19 1.617e-19 1.15578e-19 3.04102e-19
3 11 5 1  1.76543e-15 2.98732e-15 2.63423e-15 2.03736e-15 1.81747e-15
3 11 6 1  2.88608e-14 7.12699e-14 7.7509e-14 4.57689e-15 8.72334e-129
3 11 7 1  1.59016e-13 4.38751e-14 9.5363e-15 8.44051e-15 2.42121e-32
3 11 8 1  9.83034e-19 1.67978e-18 1.42056e-18 8.90822e-19 7.99675e-55
3 11 9 1  1.55501e-18 1.53489e-18 1.44605e-18 1.54969e-18 1.81077e-18
3 11 10 1  1.05457e-17 1.29174e-18 8.58837e-19 1.44317e-19 1.23435e-23
3 12 1 1  3.33903e-19 3.86735e-19 1.34586e-19 5.92264e-20 1.59205e-22
3 12 2 1  1.12088e-14 4.77922e-14 3.28349e-14 1.74591e-14 2.88289e-47
3 12 3 1  2.01348 1.19817 0.663985 0.411039 5.68561e-59
3 12 4 1  6.96761e-20 4.4503e-20 2.68396e-20 1.81513e-20 4.73377e-20
3 12 5 1  2.01095e-16 5.19767e-16 4.51461e-16 3.42997e-16 3.22764e-16
3 12 6 1  1.44958e-14 9.63752e-15 1.34937e-14 6.81129e-16 1.32552e-129
3 12 7 1  1.92659e-14 1.00739e-14 2.18126e-15 1.37048e-15 3.74987e-33
3 12 8 1  3.88272e-19 2.02791e-19 2.34654e-19 1.44863e-19 1.07316e-55
3 12 9 1  2.61025e-19 2.54896e-19 2.43641e-19 2.52564e-19 3.04498e-19
3 12 10 1  2.67595e-19 1.45789e-18 1.02586e-19 1.79494e-20 7.45397e-25
3 13 1 1  7.41012e-19 1.25494e-18 5.548e-19 1.84193e-19 3.47391e-22
3 13 2 1  2.34472e-14 8.60798e-14 1.68027e-13 9.05116e-14 9.42357e-47
3 13 3 1  40.7467 5.53956 2.94999 1.69959 1.95468e-58
3 13 4 1  2.70543e-19 1.68471e-19 9.98765e-20 6.47193e-20 1.64573e-19
3 13 5 1  9.43591e-16 1.74578e-15 1.78656e-15 1.33376e-15 1.30965e-15
3 13 6 1  3.65849e-14 4.81225e-14 5.17867e-14 2.33064e-15 4.6332e-129
3 13 7 1  5.44416e-14 4.15691e-14 1.14854e-14 5.23264e-15 1.33603e-32
3 13 8 1  1.00707e-18 1.00554e-18 8.12483e-19 5.44474e-19 3.31932e-55
3 13 9 1  1.0744e-18 9.68157e-19 9.30224e-19 9.43988e-19 1.16194e-18
3 13 10 1  3.26307e-19 2.84096e-18 1.52297e-18 3.55194e-20 7.313e-25
3 14 1 1  2.11711e-19 3.34806e-19 1.75076e-19 5.25915e-20 6.33982e-23
3 14 2 1  5.33787e-14 1.59949e-14 5.05316e-14 4.49146e-14 2.97237e-47
3 14 3 1  9.02532 6.92065 1.28091 0.688465 6.50466e-59
3 14 4 1  2.11177e-19 6.31065e-20 3.65381e-20 2.28611e-20 5.60298e-20
3 14 5 1  4.98425e-16 6.42636e-16 6.51728e-16 5.04263e-16 5.12282e-16
3 14 6 1  6.42806e-14 1.714e-14 1.99948e-14 7.71737e-16 1.56878e-129
3 14 7 1  1.54331e-14 1.49452e-14 5.37024e-15 1.99059e-15 4.61396e-33
3 14 8 1  2.18847e-19 3.26196e-19 2.9585e-19 1.9074e-19 9.72142e-56
3 14 9 1  4.46008e-19 3.57398e-19 3.32923e-19 3.32862e-19 4.15426e-19
3 14 10 1  2.38392e-19 4.76571e-19 4.8505e-19 3.32197e-20 7.84082e-26
3 15 1 1  1.17722e-19 1.58052e-19 8.47884e-20 2.56246e-20 1.90152e-23
3 15 2 1  2.88851e-14 3.27805e-14 2.31852e-14 3.32248e-14 1.64564e-47
3 15 3 1  3.60568 4.77081 1.70325 0.496471 3.79639e-59
3 15 4 1  1.49967e-19 5.76748e-20 2.36779e-20 1.43497e-20 3.36152e-20
3 15 5 1  3.89414e-16 4.92836e-16 4.1801e-16 3.31562e-16 3.49745e-16
3 15 6 1  1.89774e-14 2.58101e-14 1.33626e-14 4.48216e-16 9.31245e-130
3 15 7 1  8.13326e-15 8.96552e-15 4.07429e-15 1.35753e-15 2.79193e-33
3 15 8 1  2.18023e-19 1.55263e-19 1.80666e-19 1.17204e-19 4.95938e-56
3 15 9 1  3.66584e-19 2.4405e-19 2.11148e-19 2.06555e-19 2.60138e-19
3 15 10 1  1.46001e-19 2.33083e-19 2.17625e-19 3.51975e-20 2.30321e-26
3 16 1 1  5.8957e-20 8.5967e-20 4.21163e-20 1.28288e-20 5.87265e-24
3 16 2 1  5.60166e-15 2.4273e-14 2.18245e-14 2.44146e-14 1.00959e-47
3 16 3 1  1.92216 2.92153 1.72041 0.468643 2.45428e-59
3 16 4 1  1.03152e-19 4.9381e-20 1.86241e-20 9.63925e-21 2.14388e-20
3 16 5 1  4.55335e-16 4.22873e-16 3.13001e-16 2.40177e-16 2.63263e-16
3 16 6 1  7.08187e-15 1.76884e-14 1.19476e-14 2.88351e-16 6.12211e-130
3 16 7 1  5.10794e-15 5.82179e-15 3.23292e-15 1.03906e-15 1.87053e-33
3 16 8 1  1.07888e-19 1.13581e-19 1.11171e-19 7.78487e-20 2.7371e-56
3 16 9 1  3.27154e-19 2.03499e-19 1.53142e-19 1.43616e-19 1.81449e-19
3 16 10 1  3.23452e-19 1.42853e-19 1.13963e-19 2.44633e-20 7.64913e-27
3 17 1 1  1.09404e-18 8.73324e-19 4.15381e-19 1.18108e-19 3.34696e-23
3 17 2 1  2.72027e-13 1.57402e-13 3.45226e-13 3.6361e-13 1.19452e-46
3 17 3 1  21.5204 32.9166 26.9316 8.74416 3.07289e-58
3 17 4 1  1.2939e-18 7.44806e-19 2.92569e-19 1.31713e-19 2.64139e-19
3 17 5 1  4.62612e-15 8.31671e-15 4.73823e-15 3.39919e-15 3.83188e-15
3 17 6 1  6.64224e-14 1.96094e-13 1.91247e-13 3.59165e-15 7.80706e-129
3 17 7 1  6.59346e-14 7.25472e-14 4.76776e-14 1.55133e-14 2.43485e-32
3 17 8 1  1.59007e-17 1.33391e-18 1.4148e-18 1.00831e-18 2.98981e-55
3 17 9 1  6.10245e-18 3.43516e-18 2.28442e-18 1.97031e-18 2.47204e-18
3 17 10 1  3.76426e-18 4.21509e-18 1.03143e-18 2.33897e-19 4.02731e-26
3 18 1 1  2.97861e-19 5.32225e-20 2.18229e-20 5.93413e-21 1.01432e-24
3 18 2 1  6.85811e-14 1.73194e-14 1.66527e-14 2.4434e-14 6.30209e-48
3 18 3 1  25.7078 1.65123 1.68006 0.687203 1.72374e-59
3 18 4 1  8.61238e-20 4.69786e-20 2.05593e-20 8.66277e-21 1.4984e-20
3 18 5 1  3.05357e-16 5.18057e-16 3.53033e-16 2.19145e-16 2.49866e-16
3 18 6 1  5.58418e-15 9.34001e-15 1.25823e-14 2.00342e-16 4.46792e-130
3 18 7 1  4.14266e-15 4.05808e-15 3.05652e-15 1.03846e-15 1.42505e-33
3 18 8 1  4.06573e-19 4.74963e-19 8.3278e-20 6.18347e-20 1.55328e-56
3 18 9 1  5.59651e-19 2.7995e-19 1.63708e-19 1.26164e-19 1.54118e-19
3 18 10 1  6.86787e-19 2.7734e-19 1.28655e-19 1.07889e-20 1.05424e-27
3 19 1 1  7.00303e-20 6.79225e-20 1.02849e-20 2.71075e-21 2.74466e-25
3 19 2 1  3.12209e-15 3.13217e-14 8.85996e-15 1.19235e-14 2.58397e-48
3 19 3 1  6.5228 5.25845 0.768435 0.392155 7.48931e-60
3 19 4 1  4.76253e-20 2.32012e-20 1.05198e-20 4.47086e-21 6.59676e-21
3 19 5 1  3.16647e-16 2.58128e-16 1.90417e-16 1.13247e-16 1.25813e-16
3 19 6 1  2.44848e-15 4.00889e-15 6.09062e-15 8.65694e-17 1.97834e-130
3 19 7 1  2.03376e-15 1.80152e-15 1.48473e-15 5.34416e-16 6.44669e-34
3 19 8 1  1.16188e-19 1.95948e-19 9.19042e-20 2.91461e-20 6.2412e-57
3 19 9 1  2.55669e-19 1.88756e-19 9.58953e-20 6.43643e-20 7.45265e-20
3 19 10 1  6.56592e-20 3.08978e-19 8.78748e-20 1.11859e-20 3.519e-28
3 20 1 1  2.43582e-20 3.55595e-20 1.11461e-20 1.44941e-21 8.57471e-26
3 20 2 1  1.07598e-15 6.48531e-15 1.27551e-14 7.12243e-15 1.2705e-48
3 20 3 1  2.11205 3.17888 1.07044 0.254024 3.88295e-60
3 20 4 1  3.23202e-20 1.40944e-20 6.2135e-21 2.69349e-21 3.47267e-21
3 20 5 1  1.01704e-16 2.30173e-16 1.19599e-16 7.05763e-17 7.56306e-17
3 20 6 1  5.14667e-15 2.08558e-15 3.47717e-15 4.46566e-17 1.04386e-130
3 20 7 1  1.12684e-15 9.78128e-16 8.49953e-16 3.25166e-16 3.47033e-34
3 20 8 1  3.89036e-20 8.33957e-20 6.7668e-20 1.98111e-20 2.97027e-57
3 20 9 1  1.38071e-19 1.23881e-19 7.19108e-20 4.09859e-20 4.34784e-20
3 20 10 1  3.44913e-19 9.51215e-20 1.03734e-19 1.09263e-20 1.43905e-28
3 21 1 1  1.26644e-20 1.36599e-20 6.6458e-21 1.02454e-21 2.47797e-26
3 21 2 1  9.62963e-16 1.31259e-15 5.06861e-15 4.58477e-15 5.24984e-49
3 21 3 1  2.33235 1.27238 0.752635 0.173828 1.69155e-60
3 21 4 1  1.67377e-20 7.59757e-21 3.11527e-21 1.35005e-21 1.56407e-21
3 21 5 1  5.07219e-17 1.0292e-16 7.21304e-17 3.70337e-17 3.83589e-17
3 21 6 1  1.36058e-15 1.77407e-15 1.64868e-15 1.93554e-17 4.62814e-131
3 21 7 1  5.11268e-16 4.48361e-16 4.05945e-16 1.65039e-16 1.56997e-34
3 21 8 1  1.35817e-19 2.75604e-20 3.35164e-20 1.1596e-20 1.18699e-57
3 21 9 1  6.21901e-20 6.2907e-20 4.29351e-20 2.32918e-20 2.17005e-20
3 21 10 1  5.48139e-20 1.4848e-19 4.62281e-20 1.00254e-20 4.92162e-29
3 22 1 1  4.85432e-20 5.02042e-20 2.7393e-20 6.00897e-21 6.54991e-26
3 22 2 1  3.77856e-14 4.91789e-15 1.41285e-14 2.13351e-14 1.83204e-48
3 22 3 1  5.32726 6.65771 3.48519 1.0158 6.23075e-60
3 22 4 1  6.8857e-20 3.36196e-20 1.35547e-20 5.69279e-21 6.02877e-21
3 22 5 1  1.44948e-16 4.05564e-16 3.27584e-16 1.71042e-16 1.65303e-16
3 22 6 1  3.15947e-15 7.07119e-15 7.24299e-15 7.09247e-17 1.73589e-130
3 22 7 1  1.93513e-15 1.7333e-15 1.63129e-15 7.04012e-16 6.01251e-34
3 22 8 1  2.41969e-19 3.0672e-19 1.27383e-19 5.57936e-20 4.10689e-57
3 22 9 1  2.50153e-19 2.5279e-19 1.99196e-19 1.12107e-19 9.16836e-20
3 22 10 1  1.61094e-19 4.00063e-19 3.56619e-19 5.12371e-20 1.39337e-28
3 23 1 1  2.8117e-20 1.6586e-20 9.48899e-21 2.60537e-21 1.53116e-26
3 23 2 1  1.56061e-15 1.25142e-14 3.73189e-15 7.80795e-15 5.63727e-49
3 23 3 1  1.0984 2.11631 1.4924 0.480732 2.02214e-60
3 23 4 1  2.43465e-20 1.2562e-20 5.13349e-21 2.1016e-21 2.03951e-21
3 23 5 1  1.8518e-16 1.25238e-16 1.24907e-16 6.92214e-17 6.32679e-17
3 23 6 1  2.13539e-15 2.11535e-15 2.75263e-15 2.28997e-17 5.73568e-131
3 23 7 1  6.5409e-16 5.88693e-16 5.74785e-16 2.62836e-16 2.02832e-34
3 23 8 1  4.34535e-20 9.45899e-20 6.43239e-20 2.24301e-20 1.26476e-57
3 23 9 1  1.05451e-19 9.00722e-20 7.74435e-20 4.72233e-20 3.49721e-20
3 23 10 1  3.448e-20 9.91594e-20 1.22846e-19 2.73795e-20 3.34355e-29
3 24 1 1  3.59408e-21 3.63174e-21 1.5333e-21 4.90475e-22 1.71267e-27
3 24 2 1  1.24569e-16 8.92385e-16 1.67531e-15 1.40176e-15 8.94058e-50
3 24 3 1  0.118217 0.304534 0.296006 0.113423 3.36974e-61
3 24 4 1  4.30952e-21 2.35881e-21 9.95798e-22 4.04171e-22 3.61395e-22
3 24 5 1  3.3475e-17 4.08485e-17 2.30068e-17 1.41279e-17 1.24967e-17
3 24 6 1  3.50193e-16 4.29102e-16 5.18009e-16 3.7977e-18 9.71989e-132
3 24 7 1  1.15009e-16 1.02976e-16 1.03557e-16 5.00068e-17 3.50518e-35
3 24 8 1  4.56019e-21 1.19797e-20 1.30121e-20 4.75488e-21 1.92974e-58
3 24 9 1  3.93488e-20 1.6463e-20 1.39169e-20 9.24141e-21 6.46376e-21
3 24 10 1  8.4772e-21 1.18791e-20 1.79063e-20 5.50735e-21 3.76219e-30
3 25 1 1  9.19305e-21 1.3132e-20 5.99196e-21 1.73919e-21 3.82982e-27
3 25 2 1  8.84868e-16 1.42313e-15 5.64919e-15 6.57382e-15 3.06548e-49
3 25 3 1  0.319334 0.885192 1.15357 0.549759 1.21408e-60
3 25 4 1  1.57054e-20 9.31418e-21 4.1122e-21 1.68464e-21 1.40574e-21
3 25 5 1  2.05648e-16 2.01523e-16 1.1121e-16 6.06395e-17 5.36139e-17
3 25 6 1  1.77619e-15 1.72809e-15 2.13274e-15 1.36167e-17 3.56175e-131
3 25 7 1  4.3544e-16 3.90137e-16 4.0218e-16 2.04692e-16 1.31016e-34
3 25 8 1  1.55479e-20 3.07763e-20 4.82792e-20 2.12716e-20 6.29724e-58
3 25 9 1  1.06583e-19 9.39663e-20 5.34281e-20 3.73907e-20 2.56118e-20
3 25 10 1  2.22549e-20 4.45945e-20 5.25536e-20 2.09274e-20 9.13149e-30
3 26 1 1  1.67119e-20 2.42561e-20 1.23969e-20 3.57467e-21 4.78191e-27
3 26 2 1  1.52247e-14 2.80988e-15 9.26776e-15 1.69411e-14 6.27402e-49
3 26 3 1  0.665632 1.51754 2.50425 1.50212 2.6047e-60
3 26 4 1  3.82429e-20 2.05871e-20 9.60566e-21 4.03222e-21 3.1996e-21
3 26 5 1  2.53446e-15 6.72125e-16 3.2277e-16 1.59954e-16 1.36778e-16
3 26 6 1  4.9515e-15 4.57146e-15 5.22033e-15 2.90792e-17 7.76593e-131
3 26 7 1  9.83473e-16 8.82686e-16 9.27414e-16 4.95922e-16 2.91155e-34
3 26 8 1  2.90965e-20 5.15524e-20 9.80412e-20 5.41424e-20 1.22715e-57
3 26 9 1  1.72174e-19 2.13234e-19 1.42776e-19 8.83153e-20 6.03975e-20
3 26 10 1  6.09498e-20 8.2049e-20 1.04818e-19 4.51106e-20 1.37352e-29
3 27 1 1  2.14847e-20 2.48452e-20 1.43939e-20 4.17458e-21 3.38065e-27
3 27 2 1  1.15806e-14 1.84379e-14 8.66065e-15 2.18905e-14 6.98594e-49
3 27 3 1  0.780185 1.48035 2.83288 2.12034 3.0213e-60
3 27 4 1  4.78521e-20 2.57146e-20 1.17845e-20 5.13237e-21 3.95786e-21
3 27 5 1  2.72304e-15 3.15683e-15 5.3919e-16 2.34301e-16 1.88812e-16
3 27 6 1  8.31321e-15 6.74753e-15 7.03875e-15 3.35953e-17 9.13574e-131
3 27 7 1  1.22434e-15 1.08592e-15 1.15393e-15 6.4477e-16 3.48279e-34
3 27 8 1  3.27646e-20 4.83952e-20 1.03129e-19 7.01904e-20 1.27849e-57
3 27 9 1  2.00319e-19 2.24767e-19 1.89364e-19 1.15394e-19 7.58854e-20
3 27 10 1  4.9776e-20 1.02741e-19 8.77629e-20 4.13673e-20 8.96161e-30
3 28 1 1  6.5857e-21 5.29907e-21 3.4375e-21 1.14424e-21 5.61935e-28
3 28 2 1  9.08293e-16 3.62983e-15 3.61276e-15 4.96719e-15 1.42594e-49
3 28 3 1  0.189658 0.276821 0.573714 0.526825 6.40998e-61
3 28 4 1  1.04038e-20 5.83002e-21 2.67381e-21 1.18082e-21 9.04746e-22
3 28 5 1  1.64444e-16 9.55928e-16 2.97936e-16 6.54519e-17 4.80076e-17
3 28 6 1  1.32883e-15 1.93561e-15 1.76785e-15 7.10064e-18 1.96417e-131
3 28 7 1  2.80158e-16 2.45758e-16 2.62437e-16 1.52609e-16 7.6078e-35
3 28 8 1  4.52304e-20 9.15436e-21 2.00217e-20 1.64325e-20 2.49945e-58
3 28 9 1  5.52185e-20 4.85224e-20 4.53789e-20 2.99032e-20 1.89496e-20
3 28 10 1  2.22796e-20 1.85716e-20 1.44714e-20 5.13993e-21 8.11923e-31
3 29 1 1  2.89365e-20 1.46993e-20 8.87742e-21 3.43361e-21 1.07749e-27
3 29 2 1  2.05717e-15 4.71592e-15 1.05632e-14 1.36365e-14 3.2097e-49
3 29 3 1  0.605724 0.61414 1.26459 1.40082 1.50328e-60
3 29 4 1  2.74673e-20 1.40682e-20 6.49828e-21 2.89413e-21 2.21939e-21
3 29 5 1  4.84074e-16 1.79401e-15 1.24947e-15 2.686e-16 1.37051e-16
3 29 6 1  4.50608e-15 4.82919e-15 5.02494e-15 1.6586e-17 4.67164e-131
3 29 7 1  7.20401e-16 6.16705e-16 6.60323e-16 3.98642e-16 1.84036e-34
3 29 8 1  5.8548e-20 6.77728e-20 4.42064e-20 4.26506e-20 5.58376e-58
3 29 9 1  1.51075e-19 1.29794e-19 1.17429e-19 8.46484e-20 5.33371e-20
3 29 10 1  9.14334e-20 6.48943e-20 3.26549e-20 9.41773e-21 9.93599e-31
3 30 1 1  2.78474e-20 2.90971e-20 1.24905e-20 5.15239e-21 1.0882e-27
3 30 2 1  4.0206e-15 4.6324e-15 1.25721e-14 2.15017e-14 4.09868e-49
3 30 3 1  0.772919 0.881648 1.58232 2.06281 2.00081e-60
3 30 4 1  5.5634e-20 2.09908e-20 9.33929e-21 4.19238e-21 3.2283e-21
3 30 5 1  1.49207e-15 2.12024e-15 2.0647e-15 6.32088e-16 2.37298e-16
3 30 6 1  4.17456e-15 7.6614e-15 7.89848e-15 2.19864e-17 6.30661e-131
3 30 7 1  1.09738e-15 8.85338e-16 9.4382e-16 5.89646e-16 2.52782e-34
3 30 8 1  1.46875e-19 9.40459e-20 7.80674e-20 6.27057e-20 7.22366e-58
3 30 9 1  1.9977e-19 1.95283e-19 1.71111e-19 1.29918e-19 8.36821e-20
3 30 10 1  9.12103e-20 1.45512e-19 5.78979e-20 1.24681e-20 8.13966e-31
3 31 1 1  1.43128e-20 2.09029e-20 9.71394e-21 3.4606e-21 5.01986e-28
3 31 2 1  1.01541e-14 3.8504e-15 7.60807e-15 1.73124e-14 2.81375e-49
3 31 3 1  0.51602 0.65004 1.08788 1.60402 1.4309e-60
3 31 4 1  5.19954e-20 2.03626e-20 7.89458e-21 3.50547e-21 2.71672e-21
3 31 5 1  4.55058e-16 1.94005e-15 1.64922e-15 6.79449e-16 2.37493e-16
3 31 6 1  2.62219e-15 5.43279e-15 6.68762e-15 1.5661e-17 4.57434e-131
3 31 7 1  9.03886e-16 6.9432e-16 7.26617e-16 4.67761e-16 1.86614e-34
3 31 8 1  7.75761e-20 9.38154e-20 6.67737e-20 4.99154e-20 4.92758e-58
3 31 9 1  1.53287e-19 1.46422e-19 1.32883e-19 1.03573e-19 6.89235e-20
3 31 10 1  2.08448e-20 1.0268e-19 6.51544e-20 1.00563e-20 3.57995e-31
3 32 1 1  4.3505e-21 6.96649e-21 3.64323e-21 1.1748e-21 1.11501e-28
3 32 2 1  9.50685e-16 4.27325e-15 2.70349e-15 7.11481e-15 1.02881e-49
3 32 3 1  0.238751 0.246569 0.40285 0.656976 5.46282e-61
3 32 4 1  1.86366e-20 1.06787e-20 3.93731e-21 1.6359e-21 1.26837e-21
3 32 5 1  1.24551e-16 6.3304e-16 7.31363e-16 3.48322e-16 1.29605e-16
3 32 6 1  9.73373e-15 1.98504e-15 2.92569e-15 5.95354e-18 1.77283e-131
3 32 7 1  4.25638e-16 2.94612e-16 2.99956e-16 1.98153e-16 7.37369e-35
3 32 8 1  1.9896e-20 3.54155e-20 3.16142e-20 2.10687e-20 1.76277e-58
3 32 9 1  5.83599e-20 5.77973e-20 5.3154e-20 4.27398e-20 2.94227e-20
3 32 10 1  9.50343e-21 2.38466e-20 2.87304e-20 5.10146e-21 8.3745e-32
3 33 1 1  7.71368e-22 1.2869e-21 7.86814e-22 2.53244e-22 1.51728e-29
3 33 2 1  2.02934e-15 4.7779e-16 9.22432e-16 1.59538e-15 2.08918e-50
3 33 3 1  0.764679 0.0559298 0.0832013 0.148175 1.15924e-61
3 33 4 1  3.73048e-21 2.7098e-21 1.15721e-21 4.52098e-22 3.40977e-22
3 33 5 1  1.6875e-16 1.10183e-16 1.65405e-16 9.46336e-17 3.8677e-17
3 33 6 1  1.42838e-15 1.36677e-15 6.92256e-16 1.25786e-18 3.82072e-132
3 33 7 1  1.14822e-16 7.14738e-17 6.91958e-17 4.66532e-17 1.62205e-35
3 33 8 1  3.04249e-21 6.5185e-21 7.83193e-21 5.12798e-21 3.56569e-59
3 33 9 1  1.69203e-20 1.22736e-20 1.1561e-20 9.55293e-21 6.81974e-21
3 33 10 1  2.32486e-21 3.98291e-21 5.61359e-21 1.45664e-21 1.187e-32
3 34 1 1  6.0645e-22 7.71068e-22 5.34011e-22 1.91915e-22 7.25216e-30
3 34 2 1  5.81446e-16 1.46811e-15 5.93843e-16 1.22782e-15 1.37551e-50
3 34 3 1  0.34679 0.253699 0.0566577 0.107641 7.98418e-62
3 34 4 1  2.46638e-21 2.06635e-21 1.04699e-21 4.21924e-22 3.03306e-22
3 34 5 1  2.15835e-16 1.52903e-16 1.14415e-16 7.90802e-17 3.65943e-17
3 34 6 1  1.74689e-15 1.17022e-15 6.69596e-16 8.62457e-19 2.67375e-132
3 34 7 1  1.01237e-16 5.8036e-17 5.22389e-17 3.56639e-17 1.15997e-35
3 34 8 1  2.5764e-21 3.71424e-21 5.84669e-21 4.10891e-21 2.36603e-59
3 34 9 1  2.78941e-20 1.00335e-20 8.33713e-21 7.08558e-21 5.25067e-21
3 34 10 1  2.17444e-21 2.62533e-21 3.53704e-21 1.25755e-21 6.06201e-33
3 35 1 1  1.77478e-21 6.68005e-22 4.6957e-22 1.88551e-22 4.67476e-30
3 35 2 1  6.31495e-17 9.04523e-16 1.14069e-15 1.18896e-15 1.17218e-50
3 35 3 1  0.232671 0.279024 0.10404 0.100795 7.12969e-62
3 35 4 1  2.26166e-21 1.93081e-21 1.13062e-21 4.97151e-22 3.49351e-22
3 35 5 1  1.52084e-16 2.59578e-16 1.23509e-16 8.16353e-17 4.36256e-17
3 35 6 1  2.00946e-15 1.53358e-15 8.07941e-16 7.66582e-19 2.42733e-132
3 35 7 1  1.03766e-16 6.26977e-17 5.17164e-17 3.53859e-17 1.07744e-35
3 35 8 1  5.07767e-21 3.12697e-21 5.27587e-21 4.18688e-21 2.02084e-59
3 35 9 1  2.35119e-20 1.64421e-20 8.38794e-21 6.96949e-21 5.36685e-21
3 35 10 1  1.57134e-21 2.77e-21 3.03995e-21 1.2789e-21 4.10815e-33
3 36 1 1  5.92254e-20 1.65859e-20 6.93908e-21 3.10081e-21 5.23266e-29
3 36 2 1  8.5033e-15 4.42849e-15 1.65691e-14 1.93806e-14 1.47865e-49
3 36 3 1  2.24751 3.67987 2.13106 1.49338 9.41615e-61
3 36 4 1  3.28698e-19 2.6774e-20 1.72083e-20 8.39415e-21 6.01802e-21
3 36 5 1  9.66295e-15 3.98627e-15 2.35351e-15 1.25934e-15 7.45063e-16
3 36 6 1  1.69288e-14 2.77869e-14 1.47823e-14 1.00786e-17 3.25763e-131
3 36 7 1  1.50289e-15 9.90201e-16 7.66828e-16 5.19048e-16 1.47894e-34
3 36 8 1  5.96492e-20 5.93081e-20 6.92645e-20 6.16521e-20 2.54147e-58
3 36 9 1  2.8e-19 2.80398e-19 1.58798e-19 1.05743e-19 8.36102e-20
3 36 10 1  1.75851e-20 3.4697e-20 4.7096e-20 2.09424e-20 4.72941e-32
3 37 1 1  6.27438e-20 3.15288e-20 8.31644e-21 3.2486e-21 3.85484e-29
3 37 2 1  1.07816e-15 7.85273e-15 1.05308e-14 1.91863e-14 1.16315e-49
3 37 3 1  35.327 2.728 2.25149 1.4483 7.73421e-61
3 37 4 1  2.16314e-19 8.83882e-20 1.60928e-20 8.62379e-21 6.54417e-21
3 37 5 1  8.86933e-15 9.16721e-15 2.55152e-15 1.27775e-15 7.74221e-16
3 37 6 1  1.77242e-14 2.31684e-14 1.68136e-14 8.24354e-18 2.71595e-131
3 37 7 1  1.31777e-15 9.53224e-16 7.13627e-16 4.73021e-16 1.2593e-34
3 37 8 1  3.75901e-20 5.46926e-20 6.23202e-20 5.60499e-20 2.00415e-58
3 37 9 1  2.09208e-19 2.51492e-19 1.77451e-19 1.05813e-19 8.03912e-20
3 37 10 1  2.68127e-20 2.55335e-20 4.48193e-20 2.3168e-20 3.73268e-32
3 38 1 1  1.96628e-20 1.46809e-20 4.69549e-21 1.2749e-21 1.01954e-29
3 38 2 1  4.71843e-16 1.00038e-15 3.3076e-15 6.24715e-15 3.27178e-50
3 38 3 1  5.77525 4.96206 0.754433 0.509997 2.26954e-61
3 38 4 1  5.18071e-20 3.65439e-20 9.95935e-21 3.06977e-21 2.5203e-21
3 38 5 1  4.48982e-16 4.04461e-15 1.42529e-15 4.72182e-16 2.85841e-16
3 38 6 1  2.86757e-15 7.43669e-15 6.28302e-15 2.40917e-18 8.08483e-132
3 38 7 1  4.05915e-16 3.21142e-16 2.38619e-16 1.54122e-16 3.82577e-35
3 38 8 1  7.82458e-21 1.55606e-20 2.05216e-20 1.84673e-20 5.7306e-59
3 38 9 1  5.07849e-20 7.26414e-20 6.24502e-20 3.79218e-20 2.69026e-20
3 38 10 1  5.82346e-21 1.04406e-20 1.43363e-20 8.97348e-21 1.07419e-32
3 39 1 1  9.32633e-21 1.14008e-20 5.02869e-21 1.23375e-21 5.81289e-30
3 39 2 1  3.03733e-16 4.51296e-16 1.56317e-15 4.10709e-15 1.8727e-50
3 39 3 1  1.97305 3.3609 1.19178 0.362633 1.35947e-61
3 39 4 1  2.56094e-20 2.4921e-20 9.95961e-21 2.84919e-21 1.95438e-21
3 39 5 1  1.6586e-15 1.78996e-15 1.42618e-15 4.12044e-16 2.15803e-16
3 39 6 1  3.67877e-15 3.98498e-15 4.61545e-15 1.43685e-18 4.91711e-132
3 39 7 1  2.51348e-16 2.16991e-16 1.63533e-16 1.02951e-16 2.37786e-35
3 39 8 1  3.64164e-21 8.23191e-21 1.35091e-20 1.26213e-20 3.39814e-59
3 39 9 1  2.67354e-20 4.02913e-20 4.16354e-20 2.75686e-20 1.85782e-20
3 39 10 1  3.62923e-21 5.92181e-21 1.0309e-20 6.92695e-21 6.45511e-33
3 40 1 1  1.01433e-20 1.36987e-20 8.87611e-21 2.4592e-21 6.5388e-30
3 40 2 1  4.52837e-16 4.85967e-16 1.37955e-15 4.87909e-15 2.0251e-50
3 40 3 1  1.34232 3.36845 2.13564 0.593778 1.54178e-61
3 40 4 1  2.43744e-20 2.9263e-20 1.56226e-20 5.20524e-21 2.99705e-21
3 40 5 1  1.06796e-15 2.95591e-15 1.91365e-15 7.2049e-16 3.17676e-16
3 40 6 1  1.76126e-14 5.26472e-15 6.03011e-15 1.62215e-18 5.66614e-132
3 40 7 1  3.06062e-16 2.73353e-16 2.12297e-16 1.30739e-16 2.80388e-35
3 40 8 1  3.64425e-21 8.05498e-21 1.6267e-20 1.6478e-20 3.86785e-59
3 40 9 1  3.02328e-20 4.16681e-20 4.95145e-20 3.69857e-20 2.45455e-20
3 40 10 1  5.08067e-21 6.72557e-21 1.31749e-20 1.00946e-20 7.43698e-33
3 41 1 1  6.19936e-21 8.30451e-21 6.97488e-21 2.46548e-21 3.89297e-30
3 41 2 1  8.34842e-16 3.4051e-16 6.63427e-16 2.92132e-15 1.13698e-50
3 41 3 1  0.509287 1.58901 1.5524 0.520664 9.08386e-62
3 41 4 1  1.24477e-20 1.70608e-20 1.13747e-20 4.60428e-21 2.51974e-21
3 41 5 1  4.20261e-16 1.66711e-15 1.43426e-15 5.89233e-16 2.52524e-16
3 41 6 1  5.43288e-15 7.40591e-15 4.09962e-15 9.51326e-19 3.39301e-132
3 41 7 1  2.00352e-16 1.78327e-16 1.42902e-16 8.65328e-17 1.71964e-35
3 41 8 1  2.8263e-21 4.1502e-21 9.84364e-21 1.11152e-20 2.29704e-59
3 41 9 1  1.99611e-20 2.30032e-20 2.92819e-20 2.4831e-20 1.68568e-20
3 41 10 1  1.25459e-20 4.50122e-21 8.51779e-21 7.4704e-21 4.46602e-33
3 42 1 1  1.84193e-20 1.93609e-21 1.92638e-21 8.70154e-22 8.94589e-31
3 42 2 1  2.46449e-16 2.01753e-16 1.35475e-16 6.52517e-16 2.42633e-51
3 42 3 1  0.0852498 0.272264 0.37458 0.163335 2.03962e-62
3 42 4 1  2.58431e-21 3.72405e-21 2.95499e-21 1.43638e-21 8.29358e-22
3 42 5 1  2.65734e-16 3.2063e-16 3.71506e-16 1.7812e-16 7.71545e-17
3 42 6 1  8.23585e-15 1.7637e-15 1.24951e-15 2.1256e-19 7.75068e-133
3 42 7 1  5.26034e-17 4.45565e-17 3.66216e-17 2.19234e-17 4.03114e-36
3 42 8 1  1.10419e-21 9.45595e-22 2.23329e-21 2.84724e-21 5.24608e-60
3 42 9 1  5.41588e-21 5.30602e-21 6.65802e-21 6.31457e-21 4.5183e-21
3 42 10 1  5.48697e-21 3.04962e-21 2.13665e-21 2.0732e-21 1.03077e-33
4 1 1 1  3.12359e-43 1.10049e-15 4.87979e-16 1.37711e-17 1.40662e-17
4 1 2 1  1.13684e-179 2.15689e-138 1.076e-37 2.95402e-81 5.39268e-43
4 1 3 1  3.01653e-52 7.60867e-39 5.82263e-39 1.33238e-12 4.74583e-70
4 1 4 1  1.98433e-30 0.161318 2.34743e-17 0.197325 1.22919e-13
4 1 5 1  5.94793e-39 3.21027e-48 2.30676e-12 1.80779e-13 1.9404e-15
4 1 6 1  2.31891e-37 2.52909e-79 1.01117e-11 6.14374e-12 8.41258e-126
4 1 7 1  3.73377e-92 5.96335e-12 9.9875e-12 2.62167e-12 1.74494e-29
4 1 8 1  3.0505e-43 9.26479e-42 9.86044e-16 1.647e-17 2.3139e-51
4 1 9 1  1.0569e-61 3.44705e-43 1.76165e-15 8.82707e-16 2.02927e-27
4 1 10 1  4.60379e-42 5.92716e-42 1.72386e-42 7.3798e-17 1.53348e-17
4 2 1 1  3.70264e-43 5.04007e-16 4.80649e-16 6.67874e-17 8.95221e-18
4 2 2 1  7.33157e-39 4.36956e-139 4.18102e-38 2.18345e-38 3.4871e-43
4 2 3 1  1.74583e-39 3.12596e-39 4.45668e-39 1.02939e-12 3.3973e-70
4 2 4 1  7.51024e-29 0.0914553 0.0295751 0.11318 0.0347554
4 2 5 1  3.40496e-39 3.55874e-39 1.30571e-12 4.33072e-13 2.00427e-14
4 2 6 1  8.9102e-38 8.0736e-38 6.63723e-12 4.35675e-12 6.21822e-126
4 2 7 1  3.78586e-39 3.41306e-12 7.35893e-12 2.35023e-12 1.33463e-29
4 2 8 1  9.32915e-43 3.52845e-42 1.01098e-15 1.04527e-16 1.60014e-51
4 2 9 1  1.1938e-42 1.61898e-43 9.79973e-16 8.66444e-16 9.21066e-17
4 2 10 1  2.06642e-42 4.43474e-42 2.2668e-42 6.27298e-17 6.91073e-18
4 3 1 1  5.93849e-43 2.49603e-16 3.48013e-16 9.95793e-17 5.70795e-18
4 3 2 1  4.24157e-39 5.16554e-39 1.6749e-38 2.23935e-38 2.29655e-43
4 3 3 1  2.87371e-39 1.86104e-39 2.9879e-39 8.06567e-13 2.45979e-70
4 3 4 1  1.32846e-28 0.0559566 0.0341088 0.0711712 0.0466216
4 3 5 1  1.73398e-39 3.63247e-39 9.20842e-13 4.61157e-13 6.02427e-14
4 3 6 1  9.08669e-38 6.93602e-38 7.2127e-12 3.12644e-12 4.64235e-126
4 3 7 1  5.91275e-39 2.10294e-12 5.39447e-12 2.06579e-12 1.03009e-29
4 3 8 1  7.67896e-43 1.62688e-42 7.25643e-16 1.64177e-16 1.09145e-51
4 3 9 1  1.4775e-42 4.77378e-43 5.51056e-16 7.25242e-16 1.59446e-16
4 3 10 1  7.79271e-42 2.53698e-42 1.85801e-42 6.16802e-17 2.83067e-18
4 4 1 1  4.93839e-42 1.71607e-16 2.5152e-16 1.14869e-16 3.99813e-18
4 4 2 1  5.90601e-39 4.5869e-39 1.01222e-38 1.98746e-38 1.70541e-43
4 4 3 1  3.89241e-39 1.89403e-39 2.2199e-39 6.97667e-13 1.99324e-70
4 4 4 1  1.75357e-28 0.0427309 0.0336957 0.0531898 0.0538281
4 4 5 1  8.08376e-40 2.98903e-39 7.90099e-13 4.7593e-13 1.04863e-13
4 4 6 1  7.80112e-38 7.34016e-38 8.13307e-12 2.51239e-12 3.87207e-126
4 4 7 1  7.865e-39 1.58485e-12 4.38579e-12 1.98176e-12 8.87023e-30
4 4 8 1  5.72162e-42 9.4178e-43 5.11709e-16 1.90259e-16 7.97913e-52
4 4 9 1  1.49862e-42 8.02957e-43 3.69679e-16 6.19627e-16 2.15576e-16
4 4 10 1  1.36016e-42 6.29815e-42 1.27782e-42 5.21407e-17 1.10237e-18
4 5 1 1  2.27417e-42 5.09028e-16 1.79514e-16 1.12821e-16 2.79845e-18
4 5 2 1  9.96023e-39 6.17402e-39 7.35389e-39 1.77465e-38 1.35456e-43
4 5 3 1  3.95072e-39 2.43157e-39 1.88805e-39 6.3373e-13 1.71617e-70
4 5 4 1  2.46784e-28 0.0385646 0.0324916 0.0438611 0.0596903
4 5 5 1  6.04538e-40 2.17785e-39 7.14476e-13 4.94654e-13 1.53331e-13
4 5 6 1  4.48466e-38 7.56823e-38 9.60998e-12 2.14643e-12 3.42588e-126
4 5 7 1  9.50039e-39 1.40468e-12 3.77554e-12 1.97978e-12 8.09115e-30
4 5 8 1  2.2025e-42 2.75373e-42 3.75209e-16 2.00469e-16 6.23198e-52
4 5 9 1  1.46493e-42 1.0487e-42 2.9844e-16 5.42764e-16 2.65652e-16
4 5 10 1  3.3435e-42 3.18495e-42 2.45214e-42 4.2488e-17 4.60303e-19
4 6 1 1  9.66437e-43 3.33857e-16 1.5835e-16 7.07169e-17 1.3584e-18
4 6 2 1  1.4875e-38 7.30112e-39 5.0001e-39 1.13052e-38 7.86817e-44
4 6 3 1  2.67962e-39 1.99985e-39 1.31565e-39 4.17899e-13 1.07717e-70
4 6 4 1  2.10776e-28 0.028938 0.0224648 0.0271621 0.0460214
4 6 5 1  1.03096e-39 1.17065e-39 4.49437e-13 3.61914e-13 1.45357e-13
4 6 6 1  2.78468e-38 4.58911e-38 7.97287e-12 1.33718e-12 2.20846e-126
4 6 7 1  7.76428e-39 9.79936e-13 2.37369e-12 1.42125e-12 5.37636e-30
4 6 8 1  8.13826e-43 1.55268e-42 2.93917e-16 1.43086e-16 3.59421e-52
4 6 9 1  1.04192e-42 8.61514e-43 1.97432e-16 3.44841e-16 2.19906e-16
4 6 10 1  8.52626e-43 2.64058e-42 1.1353e-42 3.77623e-17 1.23862e-19
4 7 1 1  9.86032e-43 2.81304e-16 1.8939e-16 7.80672e-17 1.06166e-18
4 7 2 1  2.60916e-38 1.57635e-38 6.83354e-39 1.08174e-38 6.79844e-44
4 7 3 1  3.85507e-39 2.22929e-39 1.44225e-39 4.11635e-13 1.00409e-70
4 7 4 1  2.53373e-28 0.0337919 0.023665 0.0255862 0.0512878
4 7 5 1  6.60549e-40 1.51367e-39 4.07212e-13 3.79936e-13 1.90355e-13
4 7 6 1  5.18598e-38 4.18517e-38 9.06202e-12 1.23729e-12 2.11387e-126
4 7 7 1  8.77827e-39 1.06426e-12 2.22811e-12 1.49858e-12 5.30501e-30
4 7 8 1  1.78226e-42 1.10631e-42 3.01571e-16 1.54106e-16 3.06568e-52
4 7 9 1  1.18266e-42 9.94466e-43 2.09619e-16 3.31674e-16 2.59551e-16
4 7 10 1  6.14696e-43 1.69226e-42 1.33304e-42 3.23351e-17 4.86365e-20
4 8 1 1  1.08736e-42 4.20899e-16 3.16721e-16 1.45966e-16 1.37052e-18
4 8 2 1  1.96522e-37 4.75706e-38 2.1211e-38 1.83555e-38 9.8407e-44
4 8 3 1  8.43094e-39 4.75547e-39 2.67162e-39 6.85394e-13 1.56125e-70
4 8 4 1  4.61298e-28 0.0657519 0.0423854 0.0406807 0.0924131
4 8 5 1  4.51662e-39 2.36342e-39 6.64633e-13 6.45404e-13 3.94247e-13
4 8 6 1  1.49967e-37 8.50921e-38 1.64654e-11 1.91037e-12 3.37101e-126
4 8 7 1  1.61511e-38 1.95946e-12 3.51713e-12 2.60935e-12 8.71257e-30
4 8 8 1  1.6363e-42 2.23581e-42 4.65763e-16 2.74432e-16 4.36422e-52
4 8 9 1  2.24798e-42 1.8935e-42 3.80226e-16 5.38129e-16 4.91866e-16
4 8 10 1  2.30886e-42 1.91248e-42 2.04235e-42 8.0281e-17 4.574e-20
4 9 1 1  3.67766e-42 3.08529e-16 2.70981e-16 1.38159e-16 9.25989e-19
4 9 2 1  3.98895e-37 1.76749e-37 3.53498e-38 1.95152e-38 7.7673e-44
4 9 3 1  8.76576e-39 5.62269e-39 2.85043e-39 6.28116e-13 1.31605e-70
4 9 4 1  4.60773e-28 0.0670136 0.0417156 0.0355823 0.0879821
4 9 5 1  1.26821e-39 4.62268e-39 5.8286e-13 5.8887e-13 4.24293e-13
4 9 6 1  7.61125e-38 1.13957e-37 1.66842e-11 1.59997e-12 2.90903e-126
4 9 7 1  1.62428e-38 1.96627e-12 3.03865e-12 2.44046e-12 7.72838e-30
4 9 8 1  3.13215e-42 1.67196e-42 4.26784e-16 2.59966e-16 3.39737e-52
4 9 9 1  1.98466e-42 1.92799e-42 3.75294e-16 4.75824e-16 4.87712e-16
4 9 10 1  1.33552e-42 2.39105e-42 1.31051e-42 7.39054e-17 2.09793e-20
4 10 1 1  2.25782e-42 5.56353e-16 2.55883e-16 1.4904e-16 7.32497e-19
4 10 2 1  4.66929e-38 4.46338e-37 1.3063e-37 2.86847e-38 7.27325e-44
4 10 3 1  1.07625e-38 7.36397e-39 3.77513e-39 6.93105e-13 1.30219e-70
4 10 4 1  5.27234e-28 0.0786351 0.0481777 0.0372031 0.096404
4 10 5 1  2.12158e-39 4.02424e-39 7.76904e-13 6.24103e-13 5.17764e-13
4 10 6 1  4.75274e-38 1.17447e-37 2.14306e-11 1.57456e-12 2.93595e-126
4 10 7 1  2.938e-37 2.33808e-12 3.11388e-12 2.65139e-12 7.98468e-30
4 10 8 1  2.58536e-42 2.41467e-42 4.32326e-16 2.85047e-16 3.06947e-52
4 10 9 1  2.04788e-42 2.14279e-42 4.35111e-16 4.98513e-16 5.5359e-16
4 10 10 1  1.17096e-42 2.16163e-42 1.31127e-42 5.59996e-17 9.32915e-21
4 11 1 1  7.27212e-42 7.3424e-16 3.86633e-16 1.87208e-16 6.97377e-19
4 11 2 1  5.74131e-37 2.39181e-37 4.71012e-37 8.87318e-38 9.0835e-44
4 11 3 1  1.84399e-38 1.23197e-38 6.65175e-39 1.04522e-12 1.70743e-70
4 11 4 1  8.13154e-28 0.118802 0.0725968 0.0518898 0.136529
4 11 5 1  3.47022e-39 5.87205e-39 1.18266e-12 9.14691e-13 8.15968e-13
4 11 6 1  5.67303e-38 1.40092e-37 3.47983e-11 2.05484e-12 3.91642e-126
4 11 7 1  3.1257e-37 1.96981e-11 4.28141e-12 3.78944e-12 1.08702e-29
4 11 8 1  1.93231e-42 3.30187e-42 6.37774e-16 3.99942e-16 3.59021e-52
4 11 9 1  3.05661e-42 3.01706e-42 6.49217e-16 6.95749e-16 8.12963e-16
4 11 10 1  2.07292e-41 2.53912e-42 1.68818e-42 6.47926e-17 5.54173e-21
4 12 1 1  6.27305e-42 1.65947e-15 5.77509e-16 2.5414e-16 6.83148e-19
4 12 2 1  2.10581e-37 8.97874e-37 6.16872e-37 3.28006e-37 1.23704e-43
4 12 3 1  3.78274e-38 2.25101e-38 1.24743e-38 1.76377e-12 2.43969e-70
4 12 4 1  1.30901e-27 0.190962 0.115168 0.0778872 0.203125
4 12 5 1  3.77798e-39 9.7649e-39 1.93721e-12 1.4718e-12 1.38498e-12
4 12 6 1  2.72333e-37 1.81061e-37 5.79014e-11 2.92272e-12 5.68781e-126
4 12 7 1  3.61949e-37 4.32268e-11 9.35977e-12 5.8807e-12 1.60906e-29
4 12 8 1  7.29448e-42 3.80984e-42 1.0069e-15 6.21604e-16 4.60494e-52
4 12 9 1  4.90388e-42 4.78875e-42 1.04546e-15 1.08375e-15 1.3066e-15
4 12 10 1  5.02732e-42 2.73894e-41 1.92728e-42 7.70206e-17 3.19849e-21
4 13 1 1  4.04367e-42 1.56413e-15 6.9149e-16 2.29574e-16 4.3298e-19
4 13 2 1  1.2795e-37 4.69734e-37 9.16914e-37 4.93918e-37 1.17453e-43
4 13 3 1  2.22353e-37 3.02292e-38 1.60979e-38 2.11833e-12 2.43627e-70
4 13 4 1  1.47634e-27 0.209978 0.124484 0.0806646 0.20512
4 13 5 1  5.14914e-39 9.52665e-39 2.22673e-12 1.66237e-12 1.63231e-12
4 13 6 1  1.99642e-37 2.62602e-37 6.45458e-11 2.90485e-12 5.77472e-126
4 13 7 1  2.97086e-37 5.18108e-11 1.43151e-11 6.52184e-12 1.6652e-29
4 13 8 1  5.49553e-42 5.48722e-42 1.01266e-15 6.7862e-16 4.13713e-52
4 13 9 1  5.86295e-42 5.28319e-42 1.15941e-15 1.17656e-15 1.44822e-15
4 13 10 1  1.78065e-42 1.5503e-41 8.31078e-42 4.42706e-17 9.11476e-22
4 14 1 1  2.18727e-42 7.90044e-16 4.13129e-16 1.24101e-16 1.49601e-19
4 14 2 1  5.51477e-37 1.6525e-37 5.22063e-37 4.64031e-37 7.01394e-44
4 14 3 1  9.32443e-38 7.15e-38 1.32336e-38 1.62458e-12 1.53491e-70
4 14 4 1  2.18176e-27 0.148913 0.0862192 0.0539454 0.132214
4 14 5 1  5.14943e-39 6.63934e-39 1.53789e-12 1.18991e-12 1.20884e-12
4 14 6 1  6.64109e-37 1.7708e-37 4.7182e-11 1.82107e-12 3.70186e-126
4 14 7 1  1.59446e-37 3.52662e-11 1.26722e-11 4.69722e-12 1.08876e-29
4 14 8 1  2.26099e-42 3.37006e-42 6.9812e-16 4.50091e-16 2.29397e-52
4 14 9 1  4.60789e-42 3.69243e-42 7.85601e-16 7.85457e-16 9.80283e-16
4 14 10 1  2.46293e-42 4.92365e-42 5.01125e-42 7.83889e-17 1.85021e-22
4 15 1 1  2.41899e-42 7.41778e-16 3.97933e-16 1.20262e-16 8.92433e-20
4 15 2 1  5.93539e-37 6.73581e-37 4.76416e-37 6.82711e-37 7.72338e-44
4 15 3 1  7.40905e-38 9.80317e-38 3.49987e-38 2.33006e-12 1.78174e-70
4 15 4 1  3.08156e-27 0.270682 0.111126 0.0673468 0.157764
4 15 5 1  8.00178e-39 1.01269e-38 1.96183e-12 1.5561e-12 1.64144e-12
4 15 6 1  3.89952e-37 5.30352e-37 6.27141e-11 2.10359e-12 4.37057e-126
4 15 7 1  1.67124e-37 4.20774e-11 1.91217e-11 6.37123e-12 1.31032e-29
4 15 8 1  4.47999e-42 3.19038e-42 8.47912e-16 5.5007e-16 2.32756e-52
4 15 9 1  7.53266e-42 5.01481e-42 9.90972e-16 9.69413e-16 1.22089e-15
4 15 10 1  3.00006e-42 4.78946e-42 4.47181e-42 1.65191e-16 1.08095e-22
4 16 1 1  2.41323e-42 8.03699e-16 3.93742e-16 1.19936e-16 5.49029e-20
4 16 2 1  2.29287e-37 9.93543e-37 8.93318e-37 9.99339e-37 9.4386e-44
4 16 3 1  7.86777e-38 1.19584e-37 7.04196e-38 4.38131e-12 2.29449e-70
4 16 4 1  4.2222e-27 0.46166 0.174115 0.0901166 0.20043
4 16 5 1  1.86377e-38 1.7309e-38 2.92623e-12 2.2454e-12 2.46123e-12
4 16 6 1  2.89875e-37 7.24023e-37 1.11697e-10 2.69577e-12 5.72352e-126
4 16 7 1  2.09078e-37 5.44274e-11 3.02243e-11 9.71405e-12 1.74875e-29
4 16 8 1  4.41608e-42 4.64909e-42 1.03933e-15 7.27802e-16 2.5589e-52
4 16 9 1  1.33911e-41 8.32962e-42 1.43171e-15 1.34266e-15 1.69635e-15
4 16 10 1  1.32395e-41 5.84726e-42 4.66475e-42 2.28706e-16 7.15111e-23
4 17 1 1  2.38595e-42 4.35013e-16 2.06906e-16 5.88309e-17 1.66716e-20
4 17 2 1  5.93252e-37 3.43272e-37 7.52888e-37 7.92981e-37 5.95002e-44
4 17 3 1  4.69329e-38 7.17864e-38 5.87339e-38 4.35556e-12 1.53064e-70
4 17 4 1  2.82182e-27 0.370996 0.145732 0.0656077 0.131571
4 17 5 1  1.00889e-38 1.81375e-38 2.36017e-12 1.69317e-12 1.9087e-12
4 17 6 1  1.44858e-37 4.27652e-37 9.52622e-11 1.78904e-12 3.88878e-126
4 17 7 1  1.43794e-37 3.61365e-11 2.37487e-11 7.72733e-12 1.21283e-29
4 17 8 1  3.46772e-41 2.90906e-42 7.04726e-16 5.02251e-16 1.48926e-52
4 17 9 1  1.33086e-41 7.49159e-42 1.1379e-15 9.81435e-16 1.23135e-15
4 17 10 1  8.20932e-42 9.1925e-42 2.2494e-42 1.16506e-16 2.00605e-23
4 18 1 1  1.13012e-41 4.61217e-16 1.89113e-16 5.14242e-17 8.78995e-21
4 18 2 1  2.60205e-36 6.57118e-37 6.31824e-37 9.27054e-37 5.46128e-44
4 18 3 1  9.75384e-37 6.26498e-38 6.37436e-38 5.95518e-12 1.49376e-70
4 18 4 1  3.26764e-27 0.407108 0.178163 0.0750701 0.129849
4 18 5 1  1.15856e-38 1.96557e-38 3.05932e-12 1.89907e-12 2.16529e-12
4 18 6 1  2.1187e-37 3.54371e-37 1.09036e-10 1.73612e-12 3.87182e-126
4 18 7 1  1.57177e-37 3.51666e-11 2.64873e-11 8.99913e-12 1.23492e-29
4 18 8 1  1.54259e-41 1.80207e-41 7.21673e-16 5.35849e-16 1.34605e-52
4 18 9 1  2.12338e-41 1.06216e-41 1.41866e-15 1.09332e-15 1.33556e-15
4 18 10 1  2.60575e-41 1.05226e-41 4.8813e-42 9.34945e-17 9.13585e-24
4 19 1 1  5.43612e-42 1.20425e-15 1.82348e-16 4.80608e-17 4.86621e-21
4 19 2 1  2.42353e-37 2.43136e-36 6.87758e-37 9.2557e-37 4.58131e-44
4 19 3 1  5.06334e-37 4.08189e-37 5.965e-38 6.95281e-12 1.32783e-70
4 19 4 1  3.69693e-27 0.411351 0.186514 0.0792671 0.116959
4 19 5 1  2.45799e-38 2.00373e-38 3.37604e-12 2.00784e-12 2.23063e-12
4 19 6 1  1.90064e-37 3.11192e-37 1.07985e-10 1.53485e-12 3.50754e-126
4 19 7 1  1.57871e-37 3.19404e-11 2.63239e-11 9.47507e-12 1.14298e-29
4 19 8 1  9.01916e-42 1.52105e-41 1.62944e-15 5.16753e-16 1.10655e-52
4 19 9 1  1.98464e-41 1.46523e-41 1.7002e-15 1.14116e-15 1.32134e-15
4 19 10 1  5.09682e-42 2.39845e-41 6.82131e-42 1.98323e-16 6.2391e-24
4 20 1 1  3.65698e-42 1.21936e-15 3.82209e-16 4.97013e-17 2.94033e-21
4 20 2 1  1.61541e-37 9.73664e-37 1.91497e-36 1.06932e-36 4.35665e-44
4 20 3 1  3.1709e-37 4.77257e-37 1.6071e-37 8.71066e-12 1.33149e-70
4 20 4 1  4.85235e-27 0.483308 0.213066 0.0923618 0.119081
4 20 5 1  1.52692e-38 3.45567e-38 4.10115e-12 2.42012e-12 2.59343e-12
4 20 6 1  7.72688e-37 3.13117e-37 1.19235e-10 1.53131e-12 3.57948e-126
4 20 7 1  1.69177e-37 3.35408e-11 2.91456e-11 1.11502e-11 1.19e-29
4 20 8 1  5.84075e-42 1.25205e-41 2.32039e-15 6.79338e-16 1.01853e-52
4 20 9 1  2.07291e-41 1.85988e-41 2.46588e-15 1.40544e-15 1.49091e-15
4 20 10 1  5.17831e-41 1.42809e-41 1.55739e-41 3.74672e-16 4.93463e-24
4 21 1 1  3.28222e-42 8.08592e-16 3.93395e-16 6.06474e-17 1.46683e-21
4 21 2 1  2.4957e-37 3.40183e-37 1.31363e-36 1.18823e-36 3.10763e-44
4 21 3 1  6.04473e-37 3.29761e-37 1.9506e-37 1.02897e-11 1.00131e-70
4 21 4 1  4.3379e-27 0.449735 0.184407 0.0799154 0.0925844
4 21 5 1  1.31456e-38 2.66737e-38 4.26973e-12 2.1922e-12 2.27064e-12
4 21 6 1  3.52619e-37 4.59785e-37 9.75933e-11 1.14574e-12 2.73961e-126
4 21 7 1  1.32505e-37 2.65406e-11 2.40297e-11 9.76941e-12 9.2934e-30
4 21 8 1  3.51995e-41 7.14282e-42 1.98399e-15 6.86421e-16 7.02634e-53
4 21 9 1  1.61177e-41 1.63036e-41 2.54153e-15 1.37875e-15 1.28455e-15
4 21 10 1  1.42061e-41 3.84815e-41 1.19809e-41 5.93447e-16 2.91334e-24
4 22 1 1  3.68113e-42 8.69545e-16 4.74451e-16 1.04076e-16 1.13445e-21
4 22 2 1  2.86536e-36 3.72934e-37 1.07139e-36 1.61788e-36 3.17313e-44
4 22 3 1  4.03977e-37 5.04867e-37 2.64289e-37 1.75939e-11 1.07917e-70
4 22 4 1  5.22156e-27 0.582297 0.234769 0.0986 0.104419
4 22 5 1  1.09917e-38 3.07547e-38 5.67381e-12 2.96247e-12 2.86307e-12
4 22 6 1  2.39589e-37 5.36223e-37 1.2545e-10 1.22843e-12 3.00658e-126
4 22 7 1  1.46745e-37 3.0021e-11 2.82543e-11 1.21936e-11 1.04137e-29
4 22 8 1  1.8349e-41 2.32592e-41 2.2063e-15 9.66354e-16 7.1132e-53
4 22 9 1  1.89696e-41 1.91696e-41 3.4501e-15 1.94171e-15 1.58797e-15
4 22 10 1  1.22161e-41 3.03376e-41 2.70432e-41 8.87434e-16 2.41334e-24
4 23 1 1  5.54528e-42 7.47128e-16 4.27438e-16 1.1736e-16 6.89722e-22
4 23 2 1  3.07786e-37 2.46807e-36 7.36009e-37 1.53989e-36 2.53935e-44
4 23 3 1  2.16628e-37 4.17381e-37 2.94333e-37 2.16549e-11 9.10886e-71
4 23 4 1  4.80165e-27 0.565862 0.231241 0.0946682 0.0918709
4 23 5 1  3.65214e-38 2.46997e-38 5.62653e-12 3.11812e-12 2.84994e-12
4 23 6 1  4.21145e-37 4.17193e-37 1.23994e-10 1.03153e-12 2.58367e-126
4 23 7 1  1.29e-37 2.65181e-11 2.58916e-11 1.18396e-11 9.13669e-30
4 23 8 1  8.56995e-42 1.86551e-41 2.89751e-15 1.01038e-15 5.69719e-53
4 23 9 1  2.07971e-41 1.77642e-41 3.48849e-15 2.1272e-15 1.57534e-15
4 23 10 1  6.8002e-42 1.95564e-41 2.42278e-41 1.23333e-15 1.50612e-24
4 24 1 1  3.53974e-42 8.16956e-16 3.44914e-16 1.10332e-16 3.85262e-22
4 24 2 1  1.22686e-37 8.78894e-37 1.64998e-36 1.38057e-36 2.01117e-44
4 24 3 1  1.1643e-37 2.9993e-37 2.91531e-37 2.55143e-11 7.58017e-71
4 24 4 1  4.24437e-27 0.530611 0.224003 0.0909176 0.0812953
4 24 5 1  3.2969e-38 4.0231e-38 5.17535e-12 3.17805e-12 2.81112e-12
4 24 6 1  3.44898e-37 4.22615e-37 1.16525e-10 8.54288e-13 2.18648e-126
4 24 7 1  1.1327e-37 2.31644e-11 2.32951e-11 1.1249e-11 7.88485e-30
4 24 8 1  4.49125e-42 1.17986e-41 2.92705e-15 1.0696e-15 4.34093e-53
4 24 9 1  3.8754e-41 1.62141e-41 3.13058e-15 2.07884e-15 1.45401e-15
4 24 10 1  8.34905e-42 1.16995e-41 1.76356e-41 1.23887e-15 8.46299e-25
4 25 1 1  2.31565e-42 7.55511e-16 3.44731e-16 1.0006e-16 2.20338e-22
4 25 2 1  2.2289e-37 3.58473e-37 1.42298e-36 1.65589e-36 1.76364e-44
4 25 3 1  8.04374e-38 2.22972e-37 2.90574e-37 3.16289e-11 6.98487e-71
4 25 4 1  3.95604e-27 0.535866 0.236585 0.096921 0.0808756
4 25 5 1  5.18009e-38 5.07617e-38 6.39815e-12 3.48873e-12 3.08453e-12
4 25 6 1  4.47406e-37 4.3529e-37 1.22702e-10 7.834e-13 2.04916e-126
4 25 7 1  1.09683e-37 2.24455e-11 2.31383e-11 1.17764e-11 7.53767e-30
4 25 8 1  3.91638e-42 7.75227e-42 2.77761e-15 1.2238e-15 3.62294e-53
4 25 9 1  2.68473e-41 2.36693e-41 3.07384e-15 2.15117e-15 1.4735e-15
4 25 10 1  5.60582e-42 1.1233e-41 1.32378e-41 1.204e-15 5.25355e-25
4 26 1 1  2.11546e-42 7.01292e-16 3.5842e-16 1.03351e-16 1.38255e-22
4 26 2 1  1.9272e-36 3.55686e-37 1.17315e-36 2.14448e-36 1.81394e-44
4 26 3 1  8.42584e-38 1.92097e-37 3.16998e-37 4.34292e-11 7.53072e-71
4 26 4 1  4.84095e-27 0.595215 0.277719 0.11658 0.0925069
4 26 5 1  3.20822e-37 8.50803e-38 9.33192e-12 4.6246e-12 3.95453e-12
4 26 6 1  6.26781e-37 5.78674e-37 1.5093e-10 8.40738e-13 2.24529e-126
4 26 7 1  1.24492e-37 2.55202e-11 2.68134e-11 1.43381e-11 8.41787e-30
4 26 8 1  3.68316e-42 6.52571e-42 2.83457e-15 1.56536e-15 3.54793e-53
4 26 9 1  2.17945e-41 2.6992e-41 4.12794e-15 2.55337e-15 1.74621e-15
4 26 10 1  7.71528e-42 1.03861e-41 1.32683e-41 1.30424e-15 3.97113e-25
4 27 1 1  1.61109e-42 4.25531e-16 2.46529e-16 7.14993e-17 5.79014e-23
4 27 2 1  8.68399e-37 1.38262e-36 6.49443e-37 1.64152e-36 1.1965e-44
4 27 3 1  5.85043e-38 1.11008e-37 2.12431e-37 3.63158e-11 5.17468e-71
4 27 4 1  3.58832e-27 0.440422 0.201837 0.0879036 0.0677875
4 27 5 1  2.04194e-37 2.36724e-37 9.23488e-12 4.01295e-12 3.23385e-12
4 27 6 1  6.23389e-37 5.05982e-37 1.20555e-10 5.75397e-13 1.56471e-126
4 27 7 1  9.18106e-38 1.85989e-11 1.97637e-11 1.10432e-11 5.96509e-30
4 27 8 1  2.45695e-42 3.62905e-42 1.76633e-15 1.20217e-15 2.1897e-53
4 27 9 1  1.50215e-41 1.68548e-41 3.2433e-15 1.97639e-15 1.29971e-15
4 27 10 1  3.73259e-42 7.70429e-42 6.58114e-42 7.0851e-16 1.53488e-25
4 28 1 1  2.52349e-42 4.63767e-16 3.00844e-16 1.00142e-16 4.91797e-23
4 28 2 1  3.48038e-37 1.39087e-36 1.38433e-36 1.90332e-36 1.24796e-44
4 28 3 1  7.26728e-38 1.06072e-37 2.19835e-37 4.61069e-11 5.60991e-71
4 28 4 1  3.98652e-27 0.510235 0.234008 0.103343 0.079182
4 28 5 1  6.30112e-38 3.66291e-37 2.60749e-11 5.72825e-12 4.20155e-12
4 28 6 1  5.09178e-37 7.41682e-37 1.54719e-10 6.21437e-13 1.71901e-126
4 28 7 1  1.0735e-37 2.15084e-11 2.29681e-11 1.33561e-11 6.65823e-30
4 28 8 1  1.73313e-41 3.50775e-42 1.75226e-15 1.43814e-15 2.18748e-53
4 28 9 1  2.11585e-41 1.85927e-41 3.97149e-15 2.61708e-15 1.65844e-15
4 28 10 1  8.53704e-42 7.11623e-42 5.54513e-42 4.49839e-16 7.10582e-26
4 29 1 1  4.38043e-42 5.08235e-16 3.06942e-16 1.18719e-16 3.72547e-23
4 29 2 1  3.11415e-37 7.13899e-37 1.59907e-36 2.0643e-36 1.10977e-44
4 29 3 1  9.1695e-38 9.29689e-38 1.91435e-37 4.84341e-11 5.19769e-71
4 29 4 1  4.15802e-27 0.486417 0.224682 0.100066 0.0767366
4 29 5 1  7.32796e-38 2.71578e-37 4.32012e-11 9.28699e-12 4.73863e-12
4 29 6 1  6.82133e-37 7.31046e-37 1.7374e-10 5.73471e-13 1.61525e-126
4 29 7 1  1.09055e-37 2.13229e-11 2.28311e-11 1.37833e-11 6.36314e-30
4 29 8 1  8.86305e-42 1.02595e-41 1.52846e-15 1.47467e-15 1.93062e-53
4 29 9 1  2.28698e-41 1.96483e-41 4.06019e-15 2.92677e-15 1.84416e-15
4 29 10 1  1.38413e-41 9.82375e-42 4.94333e-42 3.25624e-16 3.43543e-26
4 30 1 1  1.62782e-42 3.88482e-16 1.66764e-16 6.87907e-17 1.45288e-23
4 30 2 1  2.35024e-37 2.70788e-37 7.34902e-37 1.25688e-36 5.47224e-45
4 30 3 1  4.5181e-38 5.15368e-38 9.24944e-38 2.75411e-11 2.67133e-71
4 30 4 1  3.25209e-27 0.280253 0.124691 0.0559735 0.0431018
4 30 5 1  8.72188e-38 1.23939e-37 2.75663e-11 8.43915e-12 3.16822e-12
4 30 6 1  2.44024e-37 4.47848e-37 1.05454e-10 2.93546e-13 8.4201e-127
4 30 7 1  6.41476e-38 1.18204e-11 1.26012e-11 7.8725e-12 3.37496e-30
4 30 8 1  8.58558e-42 5.49746e-42 1.0423e-15 8.37198e-16 9.64448e-54
4 30 9 1  1.16776e-41 1.14153e-41 2.28454e-15 1.73456e-15 1.11726e-15
4 30 10 1  5.33171e-42 8.50593e-42 3.38442e-42 1.66464e-16 1.08674e-26
4 31 1 1  7.89147e-43 2.63231e-16 1.22328e-16 4.35795e-17 6.32154e-24
4 31 2 1  5.59853e-37 2.12294e-37 4.19476e-37 9.54528e-37 3.54338e-45
4 31 3 1  2.84511e-38 3.58403e-38 5.99811e-38 2.01995e-11 1.80194e-71
4 31 4 1  2.8668e-27 0.256427 0.0994169 0.0441446 0.0342118
4 31 5 1  2.50899e-38 1.06966e-37 2.07688e-11 8.55635e-12 2.99077e-12
4 31 6 1  1.44576e-37 2.9954e-37 8.42176e-11 1.9722e-13 5.76049e-127
4 31 7 1  4.98363e-38 8.74362e-12 9.15033e-12 5.89055e-12 2.35004e-30
4 31 8 1  4.27721e-42 5.17257e-42 8.40885e-16 6.28587e-16 6.20533e-54
4 31 9 1  8.45158e-42 8.07307e-42 1.67341e-15 1.3043e-15 8.67957e-16
4 31 10 1  1.14929e-42 5.66132e-42 3.59233e-42 1.26639e-16 4.50825e-27
4 32 1 1  3.72481e-43 1.36232e-16 7.12443e-17 2.29735e-17 2.18044e-24
4 32 2 1  8.13957e-38 3.65867e-37 2.31467e-37 6.09156e-37 2.01187e-45
4 32 3 1  2.04414e-38 2.11108e-38 3.44912e-38 1.28473e-11 1.06827e-71
4 32 4 1  1.59563e-27 0.208824 0.0769952 0.0319905 0.0248033
4 32 5 1  1.06638e-38 5.41996e-38 1.4302e-11 6.81153e-12 2.53446e-12
4 32 6 1  8.33382e-37 1.69955e-37 5.72127e-11 1.16423e-13 3.46681e-127
4 32 7 1  3.64423e-38 5.76122e-12 5.86572e-12 3.87493e-12 1.44194e-30
4 32 8 1  1.70346e-42 3.0322e-42 6.18224e-16 4.12004e-16 3.44715e-54
4 32 9 1  4.99666e-42 4.94849e-42 1.03944e-15 8.35788e-16 5.75369e-16
4 32 10 1  8.13664e-43 2.0417e-42 2.45983e-42 9.97605e-17 1.63765e-27
4 33 1 1  1.77487e-43 6.76316e-17 4.13501e-17 1.33089e-17 7.97389e-25
4 33 2 1  4.6694e-37 1.09937e-37 2.12246e-37 3.67088e-37 1.09795e-45
4 33 3 1  1.75948e-37 1.28691e-38 1.91442e-38 7.7872e-12 6.09225e-72
4 33 4 1  8.58363e-28 0.14241 0.060816 0.0237595 0.0179197
4 33 5 1  3.88285e-38 2.53525e-38 8.6927e-12 4.97336e-12 2.03263e-12
4 33 6 1  3.28663e-37 3.14487e-37 3.63807e-11 6.61053e-14 2.00794e-127
4 33 7 1  2.642e-38 3.75623e-12 3.63651e-12 2.45181e-12 8.52452e-31
4 33 8 1  7.00061e-43 1.49987e-42 4.11598e-16 2.69495e-16 1.87391e-54
4 33 9 1  3.89328e-42 2.82408e-42 6.07574e-16 5.02044e-16 3.58404e-16
4 33 10 1  5.34938e-43 9.16445e-43 1.29166e-42 7.65519e-17 6.23816e-28
4 34 1 1  1.97812e-43 5.74445e-17 3.97838e-17 1.42976e-17 5.40285e-25
4 34 2 1  1.89656e-37 4.78867e-37 1.937e-37 4.00491e-37 1.02476e-45
4 34 3 1  1.13116e-37 8.27516e-38 1.84806e-38 8.01926e-12 5.94821e-72
4 34 4 1  8.04483e-28 0.153943 0.0780008 0.0314333 0.0225963
4 34 5 1  7.0401e-38 4.98739e-38 8.52389e-12 5.89147e-12 2.72627e-12
4 34 6 1  5.69801e-37 3.81702e-37 4.98849e-11 6.4253e-14 1.99195e-127
4 34 7 1  3.30215e-38 4.32368e-12 3.89179e-12 2.65696e-12 8.64179e-31
4 34 8 1  8.40371e-43 1.21151e-42 4.35578e-16 3.06114e-16 1.76269e-54
4 34 9 1  9.09849e-42 3.27272e-42 6.21116e-16 5.27875e-16 3.91175e-16
4 34 10 1  7.09259e-43 8.56329e-43 1.15371e-42 9.36873e-17 4.51619e-28
4 35 1 1  7.68534e-43 6.60688e-17 4.64426e-17 1.86486e-17 4.62356e-25
4 35 2 1  2.73456e-38 3.91685e-37 4.93953e-37 5.14855e-37 1.15934e-45
4 35 3 1  1.00753e-37 1.20826e-37 4.50524e-38 9.96912e-12 7.05159e-72
4 35 4 1  9.79364e-28 0.190966 0.111824 0.0491706 0.0345524
4 35 5 1  6.58567e-38 1.12405e-37 1.22156e-11 8.07411e-12 4.31477e-12
4 35 6 1  8.70155e-37 6.64087e-37 7.99092e-11 7.58185e-14 2.40074e-127
4 35 7 1  4.49337e-38 6.20109e-12 5.11499e-12 3.49983e-12 1.06564e-30
4 35 8 1  2.19878e-42 1.35407e-42 5.21808e-16 4.14102e-16 1.99871e-54
4 35 9 1  1.01814e-41 7.11993e-42 8.29607e-16 6.89314e-16 5.30807e-16
4 35 10 1  6.80438e-43 1.19949e-42 1.31639e-42 1.26489e-16 4.06315e-28
4 36 1 1  9.25131e-43 5.91743e-17 2.47569e-17 1.10629e-17 1.86688e-25
4 36 2 1  1.32826e-37 6.91752e-38 2.58817e-37 3.02734e-37 5.27545e-46
4 36 3 1  3.51072e-38 5.74814e-38 3.32882e-38 5.32799e-12 3.35944e-72
4 36 4 1  5.13444e-27 0.0955228 0.0613948 0.0299482 0.0214708
4 36 5 1  1.5094e-37 6.22676e-38 8.39673e-12 4.49302e-12 2.6582e-12
4 36 6 1  2.64436e-37 4.34045e-37 5.27396e-11 3.59577e-14 1.16224e-127
4 36 7 1  2.34759e-38 3.53279e-12 2.73585e-12 1.85183e-12 5.27648e-31
4 36 8 1  9.31751e-43 9.26422e-43 2.47118e-16 2.19959e-16 9.06731e-55
4 36 9 1  4.37374e-42 4.37997e-42 5.66551e-16 3.77264e-16 2.983e-16
4 36 10 1  2.74688e-43 5.41985e-43 7.35664e-43 7.47173e-17 1.68733e-28
4 37 1 1  8.73711e-43 1.00277e-16 2.64505e-17 1.03322e-17 1.22603e-25
4 37 2 1  1.50134e-38 1.0935e-37 1.46642e-37 2.67171e-37 3.69941e-46
4 37 3 1  4.91931e-37 3.79876e-38 3.13521e-38 4.60632e-12 2.45987e-72
4 37 4 1  3.01218e-27 0.281119 0.0511831 0.027428 0.0208138
4 37 5 1  1.23506e-37 1.27654e-37 8.11513e-12 4.06388e-12 2.46241e-12
4 37 6 1  2.46811e-37 3.22622e-37 5.34758e-11 2.62186e-14 8.63807e-128
4 37 7 1  1.83501e-38 3.03173e-12 2.26969e-12 1.50445e-12 4.0052e-31
4 37 8 1  5.23444e-43 7.61597e-43 1.9821e-16 1.78267e-16 6.3742e-55
4 37 9 1  2.91323e-42 3.50204e-42 5.64384e-16 3.36538e-16 2.55685e-16
4 37 10 1  3.73369e-43 3.55555e-43 6.24112e-43 7.36859e-17 1.18718e-28
4 38 1 1  6.83985e-43 1.16641e-16 3.73062e-17 1.01293e-17 8.10034e-26
4 38 2 1  1.64134e-38 3.47989e-38 1.15057e-37 2.17312e-37 2.59947e-46
4 38 3 1  2.00897e-37 1.72609e-37 2.62435e-38 4.05199e-12 1.80318e-72
4 38 4 1  1.80215e-27 0.290346 0.0791282 0.0243897 0.0200241
4 38 5 1  1.56182e-38 1.40695e-37 1.13241e-11 3.75154e-12 2.27104e-12
4 38 6 1  9.97506e-38 2.58691e-37 4.99194e-11 1.91412e-14 6.42349e-128
4 38 7 1  1.41201e-38 2.55151e-12 1.89586e-12 1.22452e-12 3.03962e-31
4 38 8 1  2.72184e-43 5.41289e-43 1.63046e-16 1.46725e-16 4.55303e-55
4 38 9 1  1.76659e-42 2.52689e-42 4.96175e-16 3.01293e-16 2.13744e-16
4 38 10 1  2.02574e-43 3.63184e-43 4.98698e-43 7.12953e-17 8.53453e-29
4 39 1 1  4.96779e-43 1.38703e-16 6.11795e-17 1.501e-17 7.07201e-26
4 39 2 1  1.61787e-38 2.40389e-38 8.32642e-38 2.18769e-37 2.27835e-46
4 39 3 1  1.05097e-37 1.79022e-37 6.34819e-38 4.41183e-12 1.65394e-72
4 39 4 1  1.36412e-27 0.303191 0.12117 0.0346634 0.0237772
4 39 5 1  8.83473e-38 9.53447e-38 1.73511e-11 5.01296e-12 2.62547e-12
4 39 6 1  1.95955e-37 2.12265e-37 5.61519e-11 1.74809e-14 5.9822e-128
4 39 7 1  1.33884e-38 2.63993e-12 1.98955e-12 1.25251e-12 2.89293e-31
4 39 8 1  1.93976e-43 4.38483e-43 1.64353e-16 1.53552e-16 4.1342e-55
4 39 9 1  1.42409e-42 2.14616e-42 5.06541e-16 3.35402e-16 2.26024e-16
4 39 10 1  1.93316e-43 3.15432e-43 5.49123e-43 8.42738e-17 7.85334e-29
4 40 1 1  4.2008e-43 1.29578e-16 8.39603e-17 2.32619e-17 6.18514e-26
4 40 2 1  1.8754e-38 2.01261e-38 5.71336e-38 2.02065e-37 1.91557e-46
4 40 3 1  5.55917e-38 1.39503e-37 8.84464e-38 5.61663e-12 1.45839e-72
4 40 4 1  1.00945e-27 0.276803 0.147776 0.0492371 0.0283495
4 40 5 1  4.42292e-38 1.22418e-37 1.81015e-11 6.81522e-12 3.00494e-12
4 40 6 1  7.29419e-37 2.18036e-37 5.70397e-11 1.53441e-14 5.35968e-128
4 40 7 1  1.26754e-38 2.58568e-12 2.00815e-12 1.23668e-12 2.65223e-31
4 40 8 1  1.50925e-43 3.33593e-43 1.53872e-16 1.55868e-16 3.65865e-55
4 40 9 1  1.25208e-42 1.72566e-42 4.68365e-16 3.49853e-16 2.32179e-16
4 40 10 1  2.10414e-43 2.78536e-43 5.45631e-43 9.54861e-17 7.03474e-29
4 41 1 1  2.55696e-43 7.82329e-17 6.5707e-17 2.32261e-17 3.66739e-26
4 41 2 1  3.44335e-38 1.40445e-38 2.73634e-38 1.20491e-37 1.0711e-46
4 41 3 1  2.10058e-38 6.55397e-38 6.40295e-38 4.90493e-12 8.55747e-73
4 41 4 1  5.1341e-28 0.160722 0.107156 0.0433748 0.0237373
4 41 5 1  1.73339e-38 6.87606e-38 1.35115e-11 5.55088e-12 2.37891e-12
4 41 6 1  2.24082e-37 3.0546e-37 3.86206e-11 8.962e-15 3.19639e-128
4 41 7 1  8.26361e-39 1.67993e-12 1.34621e-12 8.15185e-13 1.62e-31
4 41 8 1  1.16572e-43 1.71177e-43 9.27323e-17 1.04711e-16 2.16393e-55
4 41 9 1  8.23306e-43 9.48778e-43 2.75851e-16 2.33921e-16 1.588e-16
4 41 10 1  5.17461e-43 1.85655e-43 3.5132e-43 7.03752e-17 4.20723e-29
4 42 1 1  2.09239e-42 5.02337e-17 4.99815e-17 2.25769e-17 2.32109e-26
4 42 2 1  2.7996e-38 2.29187e-38 1.53897e-38 7.41244e-38 6.29532e-47
4 42 3 1  9.68418e-39 3.09286e-38 4.25514e-38 4.23787e-12 5.29196e-73
4 42 4 1  2.93572e-28 0.0966238 0.0766699 0.0372681 0.0215184
4 42 5 1  3.01868e-38 3.64229e-38 9.63904e-12 4.62147e-12 2.00184e-12
4 42 6 1  9.35573e-37 2.00352e-37 3.24197e-11 5.51505e-15 2.01098e-128
4 42 7 1  5.97563e-39 1.15606e-12 9.5018e-13 5.68821e-13 1.04592e-31
4 42 8 1  1.25433e-43 1.07417e-43 5.79447e-17 7.3874e-17 1.36114e-55
4 42 9 1  6.15232e-43 6.02751e-43 1.72748e-16 1.63837e-16 1.17231e-16
4 42 10 1  6.23307e-43 3.4643e-43 2.42718e-43 5.37911e-17 2.67442e-29
5 1 1 1  9.56838e-46 1.47595e-44 1.49481e-18 4.21845e-20 4.30886e-20
5 1 2 1  7.95396e-156 1.50908e-114 7.52825e-14 2.0668e-57 1.65192e-45
5 1 3 1  9.24044e-55 2.33074e-41 1.78363e-41 1.78695e-41 1.45377e-72
5 1 4 1  6.07855e-48 2.16356e-45 7.19079e-35 6.04459e-19 3.76535e-31
5 1 5 1  1.82201e-26 9.83393e-36 7.06622 0.553775 0.00594396
5 1 6 1  7.10345e-40 7.74728e-82 1.35616e-40 1.88199e-14 2.577e-128
5 1 7 1  1.14375e-94 7.99791e-41 3.05944e-14 8.03087e-15 5.34521e-32
5 1 8 1  9.34451e-46 2.83805e-44 1.32246e-44 5.04519e-20 7.08809e-54
5 1 9 1  3.23757e-64 1.05592e-45 5.39642e-18 2.70397e-18 6.21621e-30
5 1 10 1  1.41026e-44 1.81565e-44 5.28066e-45 9.89764e-46 4.69746e-20
5 2 1 1  8.88998e-46 5.29818e-45 1.15403e-18 1.60355e-19 2.14941e-20
5 2 2 1  4.02054e-15 2.39621e-115 2.29282e-14 1.19738e-14 8.37245e-46
5 2 3 1  4.1917e-42 7.50537e-42 1.07004e-41 1.0821e-41 8.15686e-73
5 2 4 1  1.80319e-46 9.61388e-46 7.10093e-20 2.71742e-19 8.3447e-20
5 2 5 1  8.17524e-27 8.54448e-27 3.13499 1.0398 0.0481221
5 2 6 1  2.13932e-40 1.93846e-40 6.97714e-41 1.04605e-14 1.49298e-128
5 2 7 1  9.08978e-42 3.58785e-41 1.76687e-14 5.64286e-15 3.20442e-32
5 2 8 1  2.23991e-45 8.47174e-45 1.06275e-44 2.50968e-19 3.8419e-54
5 2 9 1  2.86629e-45 3.88714e-46 2.3529e-18 2.08032e-18 2.21146e-19
5 2 10 1  4.96144e-45 1.06477e-44 5.44255e-45 6.59424e-46 1.65925e-20
5 3 1 1  2.41177e-45 4.43823e-45 1.41337e-18 4.04416e-19 2.31814e-20
5 3 2 1  3.93446e-15 4.79153e-15 1.55363e-14 2.07721e-14 9.32686e-46
5 3 3 1  1.16709e-41 7.55815e-42 1.21346e-41 1.43417e-41 9.9898e-73
5 3 4 1  5.39519e-46 9.94974e-46 1.38524e-19 2.89044e-19 1.89342e-19
5 3 5 1  7.04213e-27 1.47524e-26 3.73976 1.87287 0.24466
5 3 6 1  3.69033e-40 2.81689e-40 1.2825e-40 1.26972e-14 1.88537e-128
5 3 7 1  2.40131e-41 3.73927e-41 2.19083e-14 8.3897e-15 4.18344e-32
5 3 8 1  3.11861e-45 6.60716e-45 1.29028e-44 6.66763e-19 4.43265e-54
5 3 9 1  6.00049e-45 1.93875e-45 2.23797e-18 2.94539e-18 6.4755e-19
5 3 10 1  3.16481e-44 1.03033e-44 7.54585e-45 1.09675e-45 1.14961e-20
5 4 1 1  1.40159e-44 2.1324e-45 7.13849e-19 3.26015e-19 1.13473e-20
5 4 2 1  3.82849e-15 2.97339e-15 6.56159e-15 1.28834e-14 4.84021e-46
5 4 3 1  1.10472e-41 5.37552e-42 6.3004e-42 8.6693e-42 5.6571e-73
5 4 4 1  4.97688e-46 5.30979e-46 9.56332e-20 1.5096e-19 1.52772e-19
5 4 5 1  2.29429e-27 8.4833e-27 2.24241 1.35076 0.297617
5 4 6 1  2.21407e-40 2.08324e-40 1.01063e-40 7.13053e-15 1.09895e-128
5 4 7 1  2.2322e-41 1.96935e-41 1.24475e-14 5.62451e-15 2.5175e-32
5 4 8 1  1.62388e-44 2.67291e-45 6.35856e-45 5.39983e-19 2.26459e-54
5 4 9 1  4.2533e-45 2.27891e-45 1.0492e-18 1.75859e-18 6.11835e-19
5 4 10 1  3.86032e-45 1.78751e-44 3.62665e-45 6.47908e-46 3.12867e-21
5 5 1 1  4.57846e-45 4.48683e-45 3.61405e-19 2.27135e-19 5.63396e-21
5 5 2 1  4.57999e-15 2.83899e-15 3.38152e-15 8.16035e-15 2.72707e-46
5 5 3 1  7.95376e-42 4.89535e-42 3.80111e-42 5.58601e-42 3.45507e-73
5 5 4 1  4.96837e-46 3.39927e-46 6.54136e-20 8.8303e-20 1.20171e-19
5 5 5 1  1.21708e-27 4.38455e-27 1.43841 0.99586 0.308692
5 5 6 1  9.02871e-41 1.52367e-40 8.47071e-41 4.32128e-15 6.89712e-129
5 5 7 1  1.91266e-41 1.23815e-41 7.60108e-15 3.98577e-15 1.62895e-32
5 5 8 1  4.43417e-45 5.54394e-45 3.30728e-45 4.03594e-19 1.25465e-54
5 5 9 1  2.94925e-45 2.11128e-45 6.00833e-19 1.09272e-18 5.34823e-19
5 5 10 1  6.73128e-45 6.41209e-45 4.93677e-45 3.74511e-46 9.26703e-22
5 6 1 1  1.78458e-45 2.69914e-45 2.92402e-19 1.30583e-19 2.50836e-21
5 6 2 1  6.27362e-15 3.07929e-15 2.10882e-15 4.76804e-15 1.4529e-46
5 6 3 1  4.94808e-42 3.69283e-42 2.42942e-42 3.37859e-42 1.98906e-73
5 6 4 1  3.89211e-46 2.33955e-46 4.14826e-20 5.01563e-20 8.49812e-20
5 6 5 1  1.90373e-27 2.16168e-27 0.829912 0.668296 0.268411
5 6 6 1  5.14207e-41 8.47405e-41 6.44583e-41 2.46918e-15 4.07805e-129
5 6 7 1  1.43372e-41 7.92249e-42 4.38316e-15 2.62442e-15 9.92776e-33
5 6 8 1  1.50278e-45 2.86712e-45 2.37623e-45 2.64216e-19 6.63692e-55
5 6 9 1  1.92397e-45 1.59084e-45 3.6457e-19 6.36768e-19 4.06069e-19
5 6 10 1  1.57442e-45 4.87598e-45 2.09639e-45 3.05298e-46 2.28718e-22
5 7 1 1  1.08178e-45 1.35122e-45 2.07781e-19 8.56481e-20 1.16476e-21
5 7 2 1  6.53806e-15 3.95003e-15 1.71235e-15 2.71064e-15 7.45861e-47
5 7 3 1  4.22942e-42 2.44577e-42 1.58231e-42 1.97725e-42 1.1016e-73
5 7 4 1  2.77977e-46 1.62316e-46 2.59631e-20 2.80708e-20 5.62682e-20
5 7 5 1  7.24692e-28 1.66066e-27 0.446755 0.41683 0.20884
5 7 6 1  5.68957e-41 4.59158e-41 4.35286e-41 1.35744e-15 2.31914e-129
5 7 7 1  9.6307e-42 5.11206e-42 2.44447e-15 1.64411e-15 5.82016e-33
5 7 8 1  1.95533e-45 1.21374e-45 1.44857e-45 1.69071e-19 3.36338e-55
5 7 9 1  1.2975e-45 1.09103e-45 2.29974e-19 3.63882e-19 2.84755e-19
5 7 10 1  6.74387e-46 1.85659e-45 1.46249e-45 1.55319e-46 5.33594e-23
5 8 1 1  1.07638e-45 1.82418e-45 3.1352e-19 1.44491e-19 1.35667e-21
5 8 2 1  4.44324e-14 1.07554e-14 4.79567e-15 4.15006e-15 9.74126e-47
5 8 3 1  8.34574e-42 4.70741e-42 2.64463e-42 2.97051e-42 1.54547e-73
5 8 4 1  4.56637e-46 2.8497e-46 4.19571e-20 4.02696e-20 9.14793e-20
5 8 5 1  4.47097e-27 2.33954e-27 0.657916 0.638882 0.390263
5 8 6 1  1.48451e-40 8.42323e-41 7.13613e-41 1.89107e-15 3.33694e-129
5 8 7 1  1.59879e-41 8.49234e-42 3.48158e-15 2.58298e-15 8.62453e-33
5 8 8 1  1.61976e-45 2.21322e-45 2.01862e-45 2.71659e-19 4.32012e-55
5 8 9 1  2.22527e-45 1.87436e-45 3.76383e-19 5.32691e-19 4.86896e-19
5 8 10 1  2.28553e-45 1.89315e-45 2.02172e-45 3.4794e-46 4.52778e-23
5 9 1 1  3.55289e-45 1.30499e-45 2.61788e-19 1.33471e-19 8.94574e-22
5 9 2 1  8.80173e-14 3.90001e-14 7.80003e-15 4.30609e-15 7.50379e-47
5 9 3 1  8.46837e-42 5.43193e-42 2.75372e-42 2.65675e-42 1.2714e-73
5 9 4 1  4.45141e-46 2.83449e-46 4.03004e-20 3.43751e-20 8.49973e-20
5 9 5 1  1.22518e-27 4.46585e-27 0.563085 0.568892 0.409899
5 9 6 1  7.35303e-41 1.10091e-40 7.05695e-41 1.54569e-15 2.81034e-129
5 9 7 1  1.56918e-41 8.31677e-42 2.93556e-15 2.35766e-15 7.46618e-33
5 9 8 1  3.02588e-45 1.61524e-45 1.80518e-45 2.51147e-19 3.28211e-55
5 9 9 1  1.91732e-45 1.86258e-45 3.62562e-19 4.59681e-19 4.71166e-19
5 9 10 1  1.29021e-45 2.30993e-45 1.26605e-45 3.126e-46 2.02675e-23
5 10 1 1  1.8945e-45 2.04389e-45 2.14708e-19 1.25057e-19 6.14627e-22
5 10 2 1  8.9486e-15 8.55398e-14 2.50351e-14 5.49738e-15 6.10288e-47
5 10 3 1  9.03062e-42 6.179e-42 3.16765e-42 2.54628e-42 1.09265e-73
5 10 4 1  4.42395e-46 2.88884e-46 4.04252e-20 3.12166e-20 8.08911e-20
5 10 5 1  1.78018e-27 3.37668e-27 0.651888 0.523676 0.434448
5 10 6 1  3.98795e-41 9.85477e-41 7.87303e-41 1.32119e-15 2.46352e-129
5 10 7 1  2.46523e-40 8.58947e-42 2.61281e-15 2.22474e-15 6.69983e-33
5 10 8 1  2.16934e-45 2.02612e-45 1.58825e-45 2.39179e-19 2.57555e-55
5 10 9 1  1.71834e-45 1.79798e-45 3.65095e-19 4.18294e-19 4.64509e-19
5 10 10 1  9.82537e-46 1.81379e-45 1.10027e-45 2.05728e-46 7.82795e-24
5 11 1 1  4.9474e-45 2.18704e-45 2.63036e-19 1.27362e-19 4.74443e-22
5 11 2 1  8.92127e-14 3.71657e-14 7.31893e-14 1.37878e-14 6.17974e-47
5 11 3 1  1.25451e-41 8.38143e-42 4.52535e-42 3.11333e-42 1.16161e-73
5 11 4 1  5.53209e-46 3.53867e-46 4.93894e-20 3.53019e-20 9.28844e-20
5 11 5 1  2.36088e-27 3.99491e-27 0.804593 0.622287 0.555123
5 11 6 1  3.85951e-41 9.53082e-41 1.03652e-40 1.39796e-15 2.66444e-129
5 11 7 1  2.12649e-40 5.86735e-41 2.91275e-15 2.57805e-15 7.39529e-33
5 11 8 1  1.3146e-45 2.24635e-45 1.8997e-45 2.72091e-19 2.44251e-55
5 11 9 1  2.07949e-45 2.05258e-45 4.41678e-19 4.73335e-19 5.53079e-19
5 11 10 1  1.41026e-44 1.72743e-45 1.14851e-45 1.92994e-46 3.77018e-24
5 12 1 1  1.19667e-45 1.38601e-45 1.10167e-19 4.84805e-20 1.3032e-22
5 12 2 1  9.17513e-15 3.91209e-14 2.68775e-14 1.42914e-14 2.35982e-47
5 12 3 1  7.21607e-42 4.2941e-42 2.37964e-42 1.47311e-42 4.65403e-74
5 12 4 1  2.49711e-46 1.59493e-46 2.19699e-20 1.4858e-20 3.87488e-20
5 12 5 1  7.20699e-28 1.86278e-27 0.369549 0.280765 0.264203
5 12 6 1  5.19512e-41 3.45397e-41 4.83599e-41 5.57547e-16 1.08503e-129
5 12 7 1  6.90465e-41 3.61035e-41 1.7855e-15 1.12182e-15 3.0695e-33
5 12 8 1  1.39152e-45 7.26777e-46 8.4097e-46 1.18579e-19 8.78452e-56
5 12 9 1  9.3548e-46 9.13517e-46 1.99436e-19 2.06739e-19 2.49251e-19
5 12 10 1  9.59027e-46 5.22489e-45 3.67655e-46 6.43285e-47 6.10154e-25
5 13 1 1  8.29907e-46 1.40549e-45 1.41919e-19 4.71169e-20 8.88631e-23
5 13 2 1  5.99783e-15 2.20194e-14 4.29815e-14 2.3153e-14 2.41056e-47
5 13 3 1  4.56349e-41 6.20412e-42 3.30388e-42 1.90348e-42 5.0001e-74
5 13 4 1  3.02999e-46 1.88681e-46 2.55486e-20 1.65553e-20 4.2098e-20
5 13 5 1  1.05679e-27 1.95521e-27 0.457005 0.341179 0.33501
5 13 6 1  4.09738e-41 5.38955e-41 5.79994e-41 5.9618e-16 1.18518e-129
5 13 7 1  6.09727e-41 4.65559e-41 2.93797e-15 1.33852e-15 3.4176e-33
5 13 8 1  1.12788e-45 1.12617e-45 9.09953e-46 1.39277e-19 8.49088e-56
5 13 9 1  1.20329e-45 1.0843e-45 2.37953e-19 2.41474e-19 2.97226e-19
5 13 10 1  3.65453e-46 3.18177e-45 1.70567e-45 3.97806e-47 1.87068e-25
5 14 1 1  7.76332e-46 1.22772e-45 1.46633e-19 4.40473e-20 5.30983e-23
5 14 2 1  4.47066e-14 1.33963e-14 4.2322e-14 3.76176e-14 2.48947e-47
5 14 3 1  3.30954e-41 2.53776e-41 4.69705e-42 2.52457e-42 5.44789e-74
5 14 4 1  7.74375e-46 2.31408e-46 3.0602e-20 1.9147e-20 4.6927e-20
5 14 5 1  1.8277e-27 2.35651e-27 0.545846 0.422338 0.429055
5 14 6 1  2.35714e-40 6.28514e-41 7.332e-41 6.46358e-16 1.31391e-129
5 14 7 1  5.65924e-41 5.48031e-41 4.49777e-15 1.6672e-15 3.86436e-33
5 14 8 1  8.02499e-46 1.19614e-45 1.08487e-45 1.59752e-19 8.14204e-56
5 14 9 1  1.63549e-45 1.31056e-45 2.78835e-19 2.78784e-19 3.47934e-19
5 14 10 1  8.74172e-46 1.74756e-45 1.77865e-45 1.21815e-46 6.56697e-26
5 15 1 1  5.44458e-46 7.3098e-46 8.95654e-20 2.70683e-20 2.00866e-23
5 15 2 1  3.05125e-14 3.46273e-14 2.44915e-14 3.50967e-14 1.73835e-47
5 15 3 1  1.6676e-41 2.20646e-41 7.87739e-42 2.29614e-42 4.01028e-74
5 15 4 1  6.93587e-46 2.66742e-46 2.50119e-20 1.51582e-20 3.55091e-20
5 15 5 1  1.80101e-27 2.27933e-27 0.441561 0.350242 0.36945
5 15 6 1  8.77691e-41 1.1937e-40 6.18012e-41 4.73468e-16 9.83712e-130
5 15 7 1  3.76157e-41 4.14649e-41 4.30384e-15 1.43401e-15 2.94923e-33
5 15 8 1  1.00834e-45 7.1808e-46 8.35569e-46 1.23808e-19 5.23879e-56
5 15 9 1  1.69543e-45 1.12872e-45 2.23045e-19 2.18192e-19 2.74794e-19
5 15 10 1  6.75244e-46 1.07799e-45 1.0065e-45 1.62786e-46 2.43297e-26
5 16 1 1  2.88537e-46 4.20725e-46 4.70777e-20 1.43401e-20 6.56447e-24
5 16 2 1  6.26156e-15 2.71325e-14 2.43955e-14 2.72908e-14 1.12853e-47
5 16 3 1  9.4071e-42 1.42981e-41 8.41973e-42 2.29356e-42 2.74341e-74
5 16 4 1  5.04828e-46 2.41672e-46 2.08181e-20 1.07748e-20 2.39644e-20
5 16 5 1  2.22842e-27 2.06955e-27 0.349874 0.268471 0.294277
5 16 6 1  3.46589e-41 8.65678e-41 5.84718e-41 3.2232e-16 6.84332e-130
5 16 7 1  2.49984e-41 2.8492e-41 3.61377e-15 1.16146e-15 2.09089e-33
5 16 8 1  5.28008e-46 5.55869e-46 5.44073e-46 8.70196e-20 3.05955e-56
5 16 9 1  1.6011e-45 9.95931e-46 1.71183e-19 1.60535e-19 2.02824e-19
5 16 10 1  1.58298e-45 6.99128e-46 5.5774e-46 1.19725e-46 8.55022e-27
5 17 1 1  1.36171e-45 1.087e-45 1.18086e-19 3.35761e-20 9.51485e-24
5 17 2 1  7.73326e-14 4.47469e-14 9.81418e-14 1.03368e-13 3.39581e-47
5 17 3 1  2.67856e-41 4.09701e-41 3.35208e-41 1.08835e-41 8.73572e-74
5 17 4 1  1.61047e-45 9.27034e-46 8.31725e-20 3.74438e-20 7.50902e-20
5 17 5 1  5.75796e-27 1.03515e-26 1.347 0.966331 1.08934
5 17 6 1  8.26736e-41 2.44071e-40 2.38038e-40 1.02104e-15 2.21942e-129
5 17 7 1  8.20664e-41 9.02969e-41 1.35539e-14 4.41016e-15 6.92187e-33
5 17 8 1  1.9791e-44 1.66026e-45 1.76095e-45 2.86646e-19 8.49954e-56
5 17 9 1  7.5955e-45 4.27562e-45 6.49422e-19 5.60127e-19 7.02758e-19
5 17 10 1  4.68524e-45 5.24637e-45 1.28379e-45 2.91123e-46 1.1449e-26
5 18 1 1  8.85296e-46 1.58187e-46 1.48145e-20 4.02839e-21 6.88574e-25
5 18 2 1  4.65563e-14 1.17573e-14 1.13047e-14 1.6587e-14 4.27817e-48
5 18 3 1  7.64082e-41 4.90777e-42 4.99345e-42 2.04249e-42 1.17016e-74
5 18 4 1  2.55975e-46 1.39629e-46 1.39566e-20 5.88072e-21 1.01719e-20
5 18 5 1  9.07576e-28 1.53976e-27 0.239656 0.148766 0.169621
5 18 6 1  1.65972e-41 2.77602e-41 3.73969e-41 1.36002e-16 3.03305e-130
5 18 7 1  1.23127e-41 1.20613e-41 2.07492e-15 7.0496e-16 9.67397e-34
5 18 8 1  1.20841e-45 1.41167e-45 2.47517e-46 4.19765e-20 1.05445e-56
5 18 9 1  1.66338e-45 8.32061e-46 1.11133e-19 8.56468e-20 1.04623e-19
5 18 10 1  2.04125e-45 8.24304e-46 3.82384e-46 3.20665e-47 7.1567e-28
5 19 1 1  6.42295e-46 6.22963e-46 2.1545e-20 5.67854e-21 5.74958e-25
5 19 2 1  6.54022e-15 6.56134e-14 1.85601e-14 2.49777e-14 5.41296e-48
5 19 3 1  5.9825e-41 4.82287e-41 7.04784e-42 3.59672e-42 1.56888e-74
5 19 4 1  4.36803e-46 2.12794e-46 2.20372e-20 9.36565e-21 1.3819e-20
5 19 5 1  2.90419e-27 2.36747e-27 0.398889 0.237233 0.263556
5 19 6 1  2.24567e-41 3.67682e-41 5.58612e-41 1.81348e-16 4.14427e-130
5 19 7 1  1.8653e-41 1.65229e-41 3.11025e-15 1.11951e-15 1.35047e-33
5 19 8 1  1.06564e-45 1.79717e-45 8.42915e-46 6.10559e-20 1.30742e-56
5 19 9 1  2.34491e-45 1.73121e-45 2.00884e-19 1.34832e-19 1.5612e-19
5 19 10 1  6.02204e-46 2.83385e-45 8.05959e-46 1.02594e-46 7.37169e-28
5 20 1 1  2.75445e-46 4.02112e-46 2.87881e-20 3.74352e-21 2.21467e-25
5 20 2 1  2.77903e-15 1.67502e-14 3.29437e-14 1.83958e-14 3.28144e-48
5 20 3 1  2.38834e-41 3.59472e-41 1.21047e-41 2.87253e-42 1.00289e-74
5 20 4 1  3.6548e-46 1.59381e-46 1.60482e-20 6.95672e-21 8.96919e-21
5 20 5 1  1.15008e-27 2.60283e-27 0.3089 0.182284 0.195338
5 20 6 1  5.81992e-41 2.3584e-41 3.93203e-41 1.15339e-16 2.69607e-130
5 20 7 1  1.27424e-41 1.10608e-41 2.19525e-15 8.39837e-16 8.96314e-34
5 20 8 1  4.39927e-46 9.43049e-46 7.65198e-46 5.1168e-20 7.67159e-57
5 20 9 1  1.56132e-45 1.40087e-45 1.85731e-19 1.05858e-19 1.12296e-19
5 20 10 1  3.90032e-45 1.07565e-45 1.17303e-45 1.23556e-46 3.71678e-28
5 21 1 1  4.32196e-46 4.66169e-46 5.18015e-20 7.98592e-21 1.93149e-25
5 21 2 1  7.50594e-15 1.02312e-14 3.95079e-14 3.57365e-14 4.09206e-48
5 21 3 1  7.95957e-41 4.34222e-41 2.56851e-41 5.93221e-42 1.3185e-74
5 21 4 1  5.71206e-46 2.59281e-46 2.42823e-20 1.05231e-20 1.21913e-20
5 21 5 1  1.73098e-27 3.51234e-27 0.562229 0.288664 0.298993
5 21 6 1  4.64322e-41 6.05435e-41 5.62644e-41 1.50868e-16 3.60746e-130
5 21 7 1  1.7448e-41 1.53012e-41 3.16419e-15 1.28642e-15 1.22374e-33
5 21 8 1  4.635e-45 9.40551e-46 1.14381e-45 9.03865e-20 9.25214e-57
5 21 9 1  2.12235e-45 2.14682e-45 3.34663e-19 1.81551e-19 1.69147e-19
5 21 10 1  1.87063e-45 5.06717e-45 1.57762e-45 3.42135e-46 3.83622e-28
5 22 1 1  3.59475e-46 3.71775e-46 4.63318e-20 1.01634e-20 1.10783e-25
5 22 2 1  6.39095e-14 8.31798e-15 2.38965e-14 3.60855e-14 3.09866e-48
5 22 3 1  3.94497e-41 4.9302e-41 2.58087e-41 7.52228e-42 1.05385e-74
5 22 4 1  5.09903e-46 2.48962e-46 2.2926e-20 9.62862e-21 1.01969e-20
5 22 5 1  1.07338e-27 3.0033e-27 0.554067 0.289295 0.279589
5 22 6 1  2.33967e-41 5.2364e-41 5.36362e-41 1.1996e-16 2.93602e-130
5 22 7 1  1.43302e-41 1.28355e-41 2.75912e-15 1.19074e-15 1.01694e-33
5 22 8 1  1.79184e-45 2.27134e-45 9.43306e-46 9.43677e-20 6.94627e-57
5 22 9 1  1.85244e-45 1.87197e-45 3.36914e-19 1.89615e-19 1.55071e-19
5 22 10 1  1.19294e-45 2.96257e-45 2.64085e-45 3.79424e-46 2.3567e-28
5 23 1 1  7.53822e-46 4.44674e-46 5.81057e-20 1.59539e-20 9.37604e-26
5 23 2 1  9.55637e-15 7.66306e-14 2.28522e-14 4.78118e-14 3.45197e-48
5 23 3 1  2.94483e-41 5.67386e-41 4.00115e-41 1.28885e-41 1.23825e-74
5 23 4 1  6.52734e-46 3.36789e-46 3.14348e-20 1.28691e-20 1.24889e-20
5 23 5 1  4.96471e-27 3.35766e-27 0.764867 0.423876 0.38742
5 23 6 1  5.72503e-41 5.6713e-41 7.37986e-41 1.40226e-16 3.51223e-130
5 23 7 1  1.75363e-41 1.5783e-41 3.51969e-15 1.60947e-15 1.24204e-33
5 23 8 1  1.16499e-45 2.53597e-45 1.72454e-45 1.3735e-19 7.74473e-57
5 23 9 1  2.82715e-45 2.41485e-45 4.74224e-19 2.89171e-19 2.14151e-19
5 23 10 1  9.24416e-46 2.65848e-45 3.29352e-45 7.3405e-46 2.04742e-28
5 24 1 1  6.36888e-46 6.43563e-46 6.20586e-20 1.98514e-20 6.93183e-26
5 24 2 1  5.0418e-15 3.61182e-14 6.78061e-14 5.67347e-14 3.61859e-48
5 24 3 1  2.09486e-41 5.39648e-41 5.24536e-41 2.0099e-41 1.36386e-74
5 24 4 1  7.63667e-46 4.17992e-46 4.03037e-20 1.63583e-20 1.4627e-20
5 24 5 1  5.93193e-27 7.23855e-27 0.931173 0.571811 0.50579
5 24 6 1  6.20558e-41 7.60389e-41 9.17936e-41 1.53708e-16 3.93401e-130
5 24 7 1  2.03801e-41 1.82479e-41 4.19136e-15 2.02397e-15 1.41868e-33
5 24 8 1  8.08088e-46 2.12286e-45 2.30581e-45 1.92448e-19 7.81042e-57
5 24 9 1  6.9728e-45 2.91732e-45 5.6327e-19 3.74035e-19 2.61613e-19
5 24 10 1  1.5022e-45 2.10502e-45 3.17309e-45 9.75931e-46 1.5227e-28
5 25 1 1  4.17413e-46 5.9626e-46 6.21404e-20 1.80365e-20 3.97176e-26
5 25 2 1  9.17663e-15 1.47587e-14 5.85857e-14 6.81746e-14 3.17909e-48
5 25 3 1  1.44994e-41 4.01924e-41 5.23781e-41 2.4962e-41 1.25908e-74
5 25 4 1  7.13106e-46 4.22913e-46 4.26461e-20 1.74707e-20 1.45784e-20
5 25 5 1  9.3375e-27 9.15018e-27 1.15332 0.62887 0.55601
5 25 6 1  8.06483e-41 7.84643e-41 9.68377e-41 1.41214e-16 3.69376e-130
5 25 7 1  1.97713e-41 1.77143e-41 4.17085e-15 2.12279e-15 1.35872e-33
5 25 8 1  7.05957e-46 1.3974e-45 2.19213e-45 2.206e-19 6.53063e-57
5 25 9 1  4.83943e-45 4.26657e-45 5.54083e-19 3.87765e-19 2.6561e-19
5 25 10 1  1.01049e-45 2.02483e-45 2.38621e-45 9.50216e-46 9.46992e-29
5 26 1 1  3.05355e-46 4.43199e-46 5.17357e-20 1.49181e-20 1.99562e-26
5 26 2 1  6.35368e-14 1.17264e-14 3.86769e-14 7.06999e-14 2.61832e-48
5 26 3 1  1.21622e-41 2.7728e-41 4.57567e-41 2.74462e-41 1.08701e-74
5 26 4 1  6.98762e-46 3.76161e-46 4.00871e-20 1.68276e-20 1.33528e-20
5 26 5 1  4.63088e-26 1.22808e-26 1.34701 0.667533 0.570813
5 26 6 1  9.04721e-41 8.35282e-41 9.53842e-41 1.21356e-16 3.24094e-130
5 26 7 1  1.79697e-41 1.61282e-41 3.87035e-15 2.06962e-15 1.21507e-33
5 26 8 1  5.31642e-46 9.41948e-46 1.79138e-45 2.25951e-19 5.12123e-57
5 26 9 1  3.1459e-45 3.89614e-45 5.95844e-19 3.68564e-19 2.52055e-19
5 26 10 1  1.11365e-45 1.49917e-45 1.9152e-45 8.24247e-46 5.73209e-29
5 27 1 1  4.10276e-46 4.74449e-46 6.27807e-20 1.82079e-20 1.47451e-26
5 27 2 1  5.05098e-14 8.04191e-14 3.77744e-14 9.54776e-14 3.04699e-48
5 27 3 1  1.48986e-41 2.82691e-41 5.40973e-41 4.04906e-41 1.31777e-74
5 27 4 1  9.13796e-46 4.91053e-46 5.13995e-20 2.23854e-20 1.72626e-20
5 27 5 1  5.19998e-26 6.02836e-26 2.35174 1.02193 0.823525
5 27 6 1  1.58751e-40 1.28852e-40 1.34414e-40 1.4653e-16 3.98465e-130
5 27 7 1  2.33803e-41 2.0737e-41 5.03298e-15 2.81224e-15 1.51906e-33
5 27 8 1  6.25681e-46 9.24167e-46 1.96938e-45 3.06143e-19 5.57626e-57
5 27 9 1  3.82535e-45 4.29221e-45 8.25934e-19 5.03304e-19 3.30982e-19
5 27 10 1  9.50534e-46 1.96196e-45 1.67594e-45 7.89961e-46 3.90871e-29
5 28 1 1  4.07799e-46 3.28129e-46 4.86167e-20 1.61831e-20 7.94747e-27
5 28 2 1  1.2846e-14 5.13369e-14 5.10955e-14 7.02512e-14 2.01671e-48
5 28 3 1  1.1744e-41 1.71413e-41 3.55255e-41 3.2622e-41 9.06566e-75
5 28 4 1  6.44224e-46 3.61006e-46 3.78158e-20 1.67003e-20 1.27959e-20
5 28 5 1  1.01827e-26 5.91929e-26 4.21373 0.92569 0.678974
5 28 6 1  8.22835e-41 1.19856e-40 1.09468e-40 1.00425e-16 2.77794e-130
5 28 7 1  1.73479e-41 1.52178e-41 3.71166e-15 2.15835e-15 1.07597e-33
5 28 8 1  2.80075e-45 5.66855e-46 1.23978e-45 2.32405e-19 3.53498e-57
5 28 9 1  3.41923e-45 3.0046e-45 6.41796e-19 4.22922e-19 2.68005e-19
5 28 10 1  1.37959e-45 1.14999e-45 8.96097e-46 3.18275e-46 1.14831e-29
5 29 1 1  3.87889e-46 1.97041e-46 2.71798e-20 1.05126e-20 3.29892e-27
5 29 2 1  6.29839e-15 1.44386e-14 3.23412e-14 4.17506e-14 9.82706e-49
5 29 3 1  8.11963e-42 8.23243e-42 1.69516e-41 1.87777e-41 4.60257e-75
5 29 4 1  3.68195e-46 1.88582e-46 1.98957e-20 8.86092e-21 6.79506e-21
5 29 5 1  6.48893e-27 2.40484e-26 3.82549 0.822367 0.419608
5 29 6 1  6.04031e-41 6.47345e-41 6.73584e-41 5.07811e-17 1.43031e-130
5 29 7 1  9.65684e-42 8.26682e-42 2.0217e-15 1.22051e-15 5.63458e-34
5 29 8 1  7.84826e-46 9.08482e-46 5.92579e-46 1.30582e-19 1.70957e-57
5 29 9 1  2.02513e-45 1.73986e-45 3.59531e-19 2.59166e-19 1.63301e-19
5 29 10 1  1.22565e-45 8.69897e-46 4.37734e-46 1.26243e-46 3.04208e-30
5 30 1 1  2.12193e-46 2.21716e-46 2.17383e-20 8.96714e-21 1.89389e-27
5 30 2 1  6.99739e-15 8.06217e-15 2.18803e-14 3.74213e-14 7.13329e-49
5 30 3 1  5.88953e-42 6.71803e-42 1.2057e-41 1.57183e-41 3.48218e-75
5 30 4 1  4.23923e-46 1.59947e-46 1.6254e-20 7.29637e-21 5.61849e-21
5 30 5 1  1.13693e-26 1.6156e-26 3.59338 1.10008 0.41299
5 30 6 1  3.18096e-41 5.83788e-41 6.01853e-41 3.82649e-17 1.09759e-130
5 30 7 1  8.3619e-42 6.74615e-42 1.64261e-15 1.02621e-15 4.39939e-34
5 30 8 1  1.11917e-45 7.16616e-46 5.94863e-46 1.09132e-19 1.2572e-57
5 30 9 1  1.52222e-45 1.48803e-45 2.97799e-19 2.26107e-19 1.45639e-19
5 30 10 1  6.9501e-46 1.10878e-45 4.41173e-46 9.5005e-47 1.41662e-30
5 31 1 1  6.37967e-47 9.31707e-47 9.88933e-21 3.52308e-21 5.1105e-28
5 31 2 1  1.03374e-14 3.91993e-15 7.74544e-15 1.76249e-14 2.86456e-49
5 31 3 1  2.30006e-42 2.89743e-42 4.84903e-42 7.14962e-42 1.45674e-75
5 31 4 1  2.31759e-46 9.07623e-47 8.03712e-21 3.56876e-21 2.76577e-21
5 31 5 1  2.02834e-27 8.64738e-27 1.679 0.691717 0.241781
5 31 6 1  1.16879e-41 2.42156e-41 2.98088e-41 1.59438e-17 4.65693e-131
5 31 7 1  4.0289e-42 3.0948e-42 7.39737e-16 4.76207e-16 1.89983e-34
5 31 8 1  3.4578e-46 4.18164e-46 2.97631e-46 5.08166e-20 5.01655e-58
5 31 9 1  6.83248e-46 6.52648e-46 1.35283e-19 1.05443e-19 7.01679e-20
5 31 10 1  9.29118e-47 4.57676e-46 2.90413e-46 4.4824e-47 3.64459e-31
5 32 1 1  3.80325e-47 6.09017e-47 7.27445e-21 2.34573e-21 2.22635e-28
5 32 2 1  1.89824e-15 8.53241e-15 5.39807e-15 1.42062e-14 2.05423e-49
5 32 3 1  2.08718e-42 2.15553e-42 3.52175e-42 5.74335e-42 1.09076e-75
5 32 4 1  1.62923e-46 9.33538e-47 7.86165e-21 3.26641e-21 2.53256e-21
5 32 5 1  1.08884e-27 5.53409e-27 1.46032 0.695496 0.258783
5 32 6 1  8.50931e-41 1.73534e-41 2.55767e-41 1.18875e-17 3.53982e-131
5 32 7 1  3.72097e-42 2.57553e-42 5.98924e-16 3.95653e-16 1.47231e-34
5 32 8 1  1.73933e-46 3.09606e-46 2.76374e-46 4.2068e-20 3.51974e-58
5 32 9 1  5.10188e-46 5.05269e-46 1.06133e-19 8.53388e-20 5.87485e-20
5 32 10 1  8.30798e-47 2.08469e-46 2.51163e-46 4.45975e-47 1.67214e-31
5 33 1 1  7.27392e-47 1.21353e-46 1.69464e-20 5.45436e-21 3.26792e-28
5 33 2 1  4.37079e-14 1.02906e-14 1.98673e-14 3.43613e-14 4.49969e-49
5 33 3 1  7.21084e-41 5.27412e-42 7.84579e-42 1.39728e-41 2.49677e-75
5 33 4 1  3.5178e-46 2.55531e-46 2.4924e-20 9.7373e-21 7.34396e-21
5 33 5 1  1.5913e-26 1.03901e-26 3.5625 2.03822 0.833025
5 33 6 1  1.34695e-40 1.28885e-40 6.5279e-41 2.70917e-17 8.22906e-131
5 33 7 1  1.08276e-41 6.73991e-42 1.49034e-15 1.00482e-15 3.49358e-34
5 33 8 1  2.86904e-46 6.14687e-46 7.38542e-46 1.10446e-19 7.67978e-58
5 33 9 1  1.59557e-45 1.15738e-45 2.49e-19 2.05751e-19 1.46883e-19
5 33 10 1  2.19232e-46 3.75584e-46 5.29355e-46 1.37359e-46 2.55657e-31
5 34 1 1  4.57313e-47 5.81449e-47 9.19746e-21 3.30541e-21 1.24906e-28
5 34 2 1  1.00144e-14 2.52857e-14 1.0228e-14 2.11472e-14 2.36909e-49
5 34 3 1  2.61508e-41 1.9131e-41 4.27246e-42 8.11703e-42 1.37514e-75
5 34 4 1  1.85985e-46 1.5582e-46 1.80327e-20 7.26694e-21 5.22394e-21
5 34 5 1  1.62757e-26 1.15302e-26 1.9706 1.36203 0.630277
5 34 6 1  1.3173e-40 8.82442e-41 5.0493e-41 1.48544e-17 4.6051e-131
5 34 7 1  7.63411e-42 4.37639e-42 8.99729e-16 6.14252e-16 1.99786e-34
5 34 8 1  1.94282e-46 2.80084e-46 4.40888e-46 7.07692e-20 4.0751e-58
5 34 9 1  2.10344e-45 7.56608e-46 1.43593e-19 1.22037e-19 9.04341e-20
5 34 10 1  1.63971e-46 1.97971e-46 2.66722e-46 9.48296e-47 1.04408e-31
5 35 1 1  4.91694e-47 1.85067e-47 2.97131e-21 1.1931e-21 2.95807e-29
5 35 2 1  3.99593e-16 5.72358e-15 7.21799e-15 7.52343e-15 7.41725e-50
5 35 3 1  6.44602e-42 7.73021e-42 2.88237e-42 2.79248e-42 4.51148e-76
5 35 4 1  6.2658e-47 5.34921e-47 7.1543e-21 3.14584e-21 2.2106e-21
5 35 5 1  4.21339e-27 7.19147e-27 0.781532 0.516567 0.276051
5 35 6 1  5.5671e-41 4.24871e-41 2.23836e-41 4.85073e-18 1.53595e-131
5 35 7 1  2.87478e-42 1.73701e-42 3.27248e-16 2.23913e-16 6.81777e-35
5 35 8 1  1.40674e-46 8.66311e-47 1.46165e-46 2.64935e-20 1.27874e-58
5 35 9 1  6.51386e-46 4.5552e-46 5.30767e-20 4.41011e-20 3.396e-20
5 35 10 1  4.35332e-47 7.67414e-47 8.42202e-47 3.54314e-47 2.59953e-32
5 36 1 1  1.91113e-47 5.35206e-48 5.11426e-22 2.28536e-22 3.85659e-30
5 36 2 1  6.26712e-16 3.26389e-16 1.22118e-15 1.42839e-15 1.0898e-50
5 36 3 1  7.25241e-43 1.18745e-42 6.87664e-43 4.81893e-43 6.93991e-77
5 36 4 1  1.06067e-46 8.63962e-48 1.26829e-21 6.18668e-22 4.43541e-22
5 36 5 1  3.11811e-27 1.28632e-27 0.173459 0.0928164 0.0549128
5 36 6 1  5.46271e-42 8.96647e-42 4.77007e-42 7.42811e-19 2.40095e-132
5 36 7 1  4.84963e-43 3.19525e-43 5.65169e-17 3.8255e-17 1.09001e-35
5 36 8 1  1.9248e-47 1.9138e-47 2.23508e-47 4.5439e-21 1.87312e-59
5 36 9 1  9.03523e-47 9.0481e-47 1.17038e-20 7.7935e-21 6.16226e-21
5 36 10 1  5.67449e-48 1.11963e-47 1.51973e-47 6.75787e-48 3.48568e-33
5 37 1 1  2.50276e-46 1.25764e-46 7.5768e-21 2.95968e-21 3.512e-29
5 37 2 1  9.82268e-16 7.15432e-15 9.59421e-15 1.74799e-14 1.0597e-49
5 37 3 1  1.40915e-40 1.08816e-41 8.98088e-42 5.77707e-42 7.04635e-76
5 37 4 1  8.62846e-46 3.52568e-46 1.46615e-20 7.85681e-21 5.96214e-21
5 37 5 1  3.53786e-26 3.65668e-26 2.3246 1.16411 0.705364
5 37 6 1  7.06994e-41 9.24157e-41 6.70672e-41 7.51038e-18 2.47439e-131
5 37 7 1  5.25641e-42 3.80228e-42 6.50158e-16 4.30952e-16 1.1473e-34
5 37 8 1  1.49942e-46 2.18161e-46 2.48587e-46 5.1065e-20 1.8259e-58
5 37 9 1  8.34502e-46 1.00317e-45 1.61669e-19 9.64021e-20 7.32414e-20
5 37 10 1  1.06952e-46 1.0185e-46 1.78778e-46 9.24142e-47 3.4007e-32
5 38 1 1  2.02684e-46 1.51331e-46 1.10549e-20 3.00159e-21 2.40036e-29
5 38 2 1  1.11089e-15 2.35526e-15 7.78731e-15 1.47081e-14 7.70298e-50
5 38 3 1  5.95314e-41 5.11491e-41 7.77671e-42 5.25706e-42 5.34333e-76
5 38 4 1  5.34029e-46 3.76696e-46 2.3448e-20 7.22737e-21 5.93372e-21
5 38 5 1  4.62812e-27 4.1692e-26 3.35565 1.11169 0.672975
5 38 6 1  2.9559e-41 7.66576e-41 6.47656e-41 5.67208e-18 1.90347e-131
5 38 7 1  4.18418e-42 3.31034e-42 5.61798e-16 3.62861e-16 9.00728e-35
5 38 8 1  8.0656e-47 1.60399e-46 2.11537e-46 4.34787e-20 1.34919e-58
5 38 9 1  5.23492e-46 7.48789e-46 1.47031e-19 8.92818e-20 6.33385e-20
5 38 10 1  6.00284e-47 1.07622e-46 1.47779e-46 9.2499e-47 2.52903e-32
5 39 1 1  9.66658e-47 1.18167e-46 1.19046e-20 2.92071e-21 1.37611e-29
5 39 2 1  7.19039e-16 1.06837e-15 3.70055e-15 9.72289e-15 4.43332e-50
5 39 3 1  2.04503e-41 3.48351e-41 1.23526e-41 3.75863e-42 3.21832e-76
5 39 4 1  2.65437e-46 2.58302e-46 2.35778e-20 6.74499e-21 4.62669e-21
5 39 5 1  1.71911e-26 1.85527e-26 3.37626 0.975448 0.510878
5 39 6 1  3.81298e-41 4.13036e-41 4.78383e-41 3.40152e-18 1.16405e-131
5 39 7 1  2.60518e-42 2.24907e-42 3.87138e-16 2.43719e-16 5.62921e-35
5 39 8 1  3.77449e-47 8.53223e-47 1.4002e-46 2.98789e-20 8.04455e-59
5 39 9 1  2.77107e-46 4.17612e-46 9.85653e-20 6.52642e-20 4.39809e-20
5 39 10 1  3.76164e-47 6.13785e-47 1.06851e-46 7.17967e-47 1.52814e-32
5 40 1 1  6.44299e-47 8.7014e-47 1.28774e-20 3.5678e-21 9.48648e-30
5 40 2 1  6.56975e-16 7.0504e-16 2.00146e-15 7.07857e-15 2.93801e-50
5 40 3 1  8.52639e-42 2.13963e-41 1.35655e-41 3.77166e-42 2.23681e-76
5 40 4 1  1.54825e-46 1.85878e-46 2.26652e-20 7.55176e-21 4.34812e-21
5 40 5 1  6.78367e-27 1.87758e-26 2.77632 1.04529 0.460884
5 40 6 1  1.11875e-40 3.34414e-41 3.83031e-41 2.35341e-18 8.22043e-132
5 40 7 1  1.9441e-42 1.73633e-42 3.08e-16 1.89676e-16 4.06786e-35
5 40 8 1  2.31481e-47 5.1165e-47 1.03327e-46 2.39063e-20 5.61147e-59
5 40 9 1  1.92038e-46 2.64674e-46 7.18356e-20 5.36588e-20 3.56105e-20
5 40 10 1  3.22723e-47 4.27206e-47 8.36863e-47 6.41206e-47 1.07896e-32
5 41 1 1  5.01285e-47 6.71509e-47 1.28817e-20 4.55343e-21 7.18982e-30
5 41 2 1  1.54185e-15 6.28878e-16 1.22526e-15 5.39531e-15 2.09986e-50
5 41 3 1  4.11814e-42 1.28489e-41 1.25528e-41 4.21013e-42 1.67767e-76
5 41 4 1  1.00653e-46 1.37955e-46 2.10077e-20 8.50352e-21 4.65365e-21
5 41 5 1  3.39827e-27 1.34803e-26 2.64889 1.08824 0.466379
5 41 6 1  4.39307e-41 5.98848e-41 3.31498e-41 1.75698e-18 6.26645e-132
5 41 7 1  1.62006e-42 1.44197e-42 2.63921e-16 1.59815e-16 3.17596e-35
5 41 8 1  2.28537e-47 3.35589e-47 7.95964e-47 2.05284e-20 4.24233e-59
5 41 9 1  1.61407e-46 1.86006e-46 5.40799e-20 4.58597e-20 3.11323e-20
5 41 10 1  1.01447e-46 3.63972e-47 6.88755e-47 6.04064e-47 8.24816e-33
5 42 1 1  1.05867e-46 1.11279e-47 2.52887e-21 1.1423e-21 1.17438e-30
5 42 2 1  3.23529e-16 2.64854e-16 1.77846e-16 8.56599e-16 3.18519e-51
5 42 3 1  4.89982e-43 1.56487e-42 2.15294e-42 9.38785e-43 2.67753e-77
5 42 4 1  1.48536e-47 2.14044e-47 3.8792e-21 1.88562e-21 1.08875e-21
5 42 5 1  1.52733e-27 1.84286e-27 0.487698 0.233829 0.101285
5 42 6 1  4.73364e-41 1.0137e-41 7.18171e-42 2.7904e-19 1.01748e-132
5 42 7 1  3.02344e-43 2.56093e-43 4.80754e-17 2.87802e-17 5.29193e-36
5 42 8 1  6.34644e-48 5.4349e-48 1.28361e-47 3.73774e-21 6.88685e-60
5 42 9 1  3.11284e-47 3.04969e-47 8.74039e-21 8.28952e-21 5.93145e-21
5 42 10 1  3.15369e-47 1.7528e-47 1.22806e-47 1.1916e-47 1.35315e-33
6 1 1 1  5.03892e-20 7.77266e-19 3.44657e-19 9.72641e-21 9.93489e-21
6 1 2 1  1.83393e-156 3.47946e-115 1.73578e-14 4.76538e-58 3.80881e-46
6 1 3 1  4.86622e-29 1.22742e-15 9.39298e-16 9.4105e-16 3.35195e-73
6 1 4 1  3.2011e-22 1.13938e-19 1.65797e-35 1.39369e-19 8.6817e-32
6 1 5 1  9.5951e-16 5.17876e-25 1.62925e-15 1.27683e-16 1.37049e-18
6 1 6 1  37.4084 4.07989e-41 7.14183 4.33928 5.94175e-114
6 1 7 1  6.02325e-69 4.21187e-15 7.05411e-15 1.85167e-15 1.23244e-32
6 1 8 1  4.92102e-20 1.49458e-18 6.96436e-19 1.16326e-20 1.63429e-54
6 1 9 1  1.70498e-38 5.56072e-20 1.24425e-18 6.2345e-19 1.43326e-30
6 1 10 1  7.42677e-19 9.56161e-19 2.78091e-19 5.21231e-20 1.08309e-20
6 2 1 1  2.25541e-20 1.34416e-19 1.28187e-19 1.78119e-20 2.38751e-21
6 2 2 1  4.46592e-16 2.66165e-116 2.5468e-15 1.33002e-15 9.29991e-47
6 2 3 1  1.06345e-16 1.90413e-16 2.71472e-16 2.74533e-16 9.06043e-74
6 2 4 1  4.57475e-21 2.43907e-20 7.88753e-21 3.01844e-20 9.26908e-21
6 2 5 1  2.07408e-16 2.16776e-16 3.48227e-16 1.15498e-16 5.34528e-18
6 2 6 1  5.42752 4.91792 1.77012 1.16192 1.65837e-114
6 2 7 1  2.3061e-16 9.10247e-16 1.96259e-15 6.26795e-16 3.55939e-33
6 2 8 1  5.68272e-20 2.1493e-19 2.69622e-19 2.78769e-20 4.26749e-55
6 2 9 1  7.27184e-20 9.86178e-21 2.61354e-19 2.31076e-19 2.45644e-20
6 2 10 1  1.25873e-19 2.70136e-19 1.38079e-19 1.67297e-20 1.84306e-21
6 3 1 1  5.05594e-20 9.30413e-20 1.29725e-19 3.7119e-20 2.12768e-21
6 3 2 1  3.61121e-16 4.39786e-16 1.42598e-15 1.90655e-15 8.56058e-47
6 3 3 1  2.44663e-16 1.58446e-16 2.54386e-16 3.00654e-16 9.16906e-74
6 3 4 1  1.13103e-20 2.08583e-20 1.27143e-20 2.65296e-20 1.73786e-20
6 3 5 1  1.47629e-16 3.09263e-16 3.43251e-16 1.719e-16 2.24559e-17
6 3 6 1  7.73627 5.90522 2.68859 1.16541 1.73047e-114
6 3 7 1  5.03402e-16 7.83887e-16 2.01083e-15 7.70041e-16 3.83973e-33
6 3 8 1  6.53775e-20 1.3851e-19 2.70489e-19 6.11982e-20 4.06847e-55
6 3 9 1  1.25792e-19 4.06433e-20 2.0541e-19 2.7034e-19 5.94348e-20
6 3 10 1  6.6346e-19 2.15995e-19 1.58189e-19 2.29918e-20 1.05516e-21
6 4 1 1  3.93042e-19 5.97982e-20 8.76449e-20 4.00275e-20 1.39319e-21
6 4 2 1  4.70054e-16 3.65067e-16 8.05618e-16 1.5818e-15 5.94271e-47
6 4 3 1  3.09793e-16 1.50744e-16 1.7668e-16 2.4311e-16 6.94566e-74
6 4 4 1  1.39565e-20 1.489e-20 1.17416e-20 1.85346e-20 1.8757e-20
6 4 5 1  6.43378e-17 2.37894e-16 2.75319e-16 1.65843e-16 3.65408e-17
6 4 6 1  6.20884 5.84197 2.83406 0.875471 1.34927e-114
6 4 7 1  6.25968e-16 5.52257e-16 1.52828e-15 6.90565e-16 3.09093e-33
6 4 8 1  4.55378e-19 7.49553e-20 1.78311e-19 6.6298e-20 2.78042e-55
6 4 9 1  1.19274e-19 6.39066e-20 1.28819e-19 2.15916e-19 7.51199e-20
6 4 10 1  1.08254e-19 5.01264e-19 1.01701e-19 1.8169e-20 3.84132e-22
6 5 1 1  3.40929e-19 3.34105e-19 1.17826e-19 7.40508e-20 1.83679e-21
6 5 2 1  1.49317e-15 9.25569e-16 1.10245e-15 2.66044e-15 8.89081e-47
6 5 3 1  5.92266e-16 3.64525e-16 2.83045e-16 4.15955e-16 1.12642e-73
6 5 4 1  3.69963e-20 2.53122e-20 2.13262e-20 2.87886e-20 3.91783e-20
6 5 5 1  9.06284e-17 3.26489e-16 4.68953e-16 3.24671e-16 1.0064e-16
6 5 6 1  6.7231 11.3458 6.3076 1.40883 2.24861e-114
6 5 7 1  1.42424e-15 9.21974e-16 2.47811e-15 1.29944e-15 5.3107e-33
6 5 8 1  3.30184e-19 4.12822e-19 2.46272e-19 1.3158e-19 4.09042e-55
6 5 9 1  2.19612e-19 1.57214e-19 1.95884e-19 3.56248e-19 1.74363e-19
6 5 10 1  5.01235e-19 4.77467e-19 3.67609e-19 2.78874e-20 3.02124e-22
6 6 1 1  1.77055e-19 2.67791e-19 1.27014e-19 5.6723e-20 1.08959e-21
6 6 2 1  2.72515e-15 1.33759e-15 9.16038e-16 2.07115e-15 6.31117e-47
6 6 3 1  4.90918e-16 3.66379e-16 2.41032e-16 3.35203e-16 8.64014e-74
6 6 4 1  3.8615e-20 2.32115e-20 1.80194e-20 2.17871e-20 3.69144e-20
6 6 5 1  1.88876e-16 2.14468e-16 3.605e-16 2.90296e-16 1.16593e-16
6 6 6 1  5.10164 8.40742 6.39515 1.07257 1.77144e-114
6 6 7 1  1.42245e-15 7.8602e-16 1.90397e-15 1.14e-15 4.31245e-33
6 6 8 1  1.49096e-19 2.84458e-19 2.35755e-19 1.14771e-19 2.88297e-55
6 6 9 1  1.90884e-19 1.57833e-19 1.58363e-19 2.76601e-19 1.76389e-19
6 6 10 1  1.56204e-19 4.83764e-19 2.07991e-19 3.02897e-20 9.93514e-23
6 7 1 1  1.33402e-19 1.66628e-19 1.12183e-19 4.62424e-20 6.28866e-22
6 7 2 1  3.52998e-15 2.13267e-15 9.2452e-16 1.4635e-15 4.02699e-47
6 7 3 1  5.21558e-16 3.01604e-16 1.95125e-16 2.43828e-16 5.94764e-74
6 7 4 1  3.42792e-20 2.00163e-20 1.40178e-20 1.51558e-20 3.03798e-20
6 7 5 1  8.93666e-17 2.04786e-16 2.41208e-16 2.25051e-16 1.12755e-16
6 7 6 1  7.01619 5.66218 5.3678 0.732898 1.25213e-114
6 7 7 1  1.18763e-15 6.30402e-16 1.3198e-15 8.87672e-16 3.14238e-33
6 7 8 1  2.41125e-19 1.49675e-19 1.78633e-19 9.12835e-20 1.81593e-55
6 7 9 1  1.60003e-19 1.34543e-19 1.24166e-19 1.96464e-19 1.53743e-19
6 7 10 1  8.31631e-20 2.28948e-19 1.80349e-19 1.91534e-20 2.88094e-23
6 8 1 1  8.20584e-20 1.39068e-19 1.04647e-19 4.82283e-20 4.5283e-22
6 8 2 1  1.48306e-14 3.58994e-15 1.6007e-15 1.38521e-15 3.25144e-47
6 8 3 1  6.36244e-16 3.58873e-16 2.01615e-16 2.26459e-16 5.15847e-74
6 8 4 1  3.48121e-20 2.17249e-20 1.40044e-20 1.34412e-20 3.0534e-20
6 8 5 1  3.40848e-16 1.78356e-16 2.19599e-16 2.13246e-16 1.30262e-16
6 8 6 1  11.3173 6.42152 5.44029 0.631201 1.1138e-114
6 8 7 1  1.21885e-15 6.4742e-16 1.16208e-15 8.62147e-16 2.8787e-33
6 8 8 1  1.23484e-19 1.68726e-19 1.53891e-19 9.06743e-20 1.44197e-55
6 8 9 1  1.69645e-19 1.42893e-19 1.25629e-19 1.77802e-19 1.62516e-19
6 8 10 1  1.74239e-19 1.44326e-19 1.54127e-19 2.65254e-20 1.51128e-23
6 9 1 1  2.9482e-19 1.08288e-19 9.51098e-20 4.84913e-20 3.25006e-22
6 9 2 1  3.19774e-14 1.41691e-14 2.83382e-15 1.56444e-15 2.72619e-47
6 9 3 1  7.02707e-16 4.50743e-16 2.28504e-16 2.20458e-16 4.61911e-74
6 9 4 1  3.69378e-20 2.35206e-20 1.46415e-20 1.24888e-20 3.08802e-20
6 9 5 1  1.01666e-16 3.70577e-16 2.04574e-16 2.06683e-16 1.4892e-16
6 9 6 1  6.10156 9.13538 5.85587 0.561562 1.02102e-114
6 9 7 1  1.30211e-15 6.90126e-16 1.06651e-15 8.56559e-16 2.71253e-33
6 9 8 1  2.51088e-19 1.34032e-19 1.49794e-19 9.12436e-20 1.19242e-55
6 9 9 1  1.591e-19 1.54557e-19 1.31722e-19 1.67006e-19 1.71178e-19
6 9 10 1  1.07062e-19 1.91678e-19 1.05057e-19 2.59395e-20 7.36336e-24
6 10 1 1  1.51649e-19 1.63607e-19 7.52476e-20 4.38282e-20 2.15406e-22
6 10 2 1  3.13618e-15 2.99788e-14 8.77393e-15 1.92664e-15 2.13885e-47
6 10 3 1  7.22872e-16 4.94609e-16 2.5356e-16 2.03822e-16 3.82935e-74
6 10 4 1  3.54123e-20 2.31243e-20 1.41676e-20 1.09403e-20 2.83495e-20
6 10 5 1  1.42498e-16 2.70292e-16 2.28464e-16 1.8353e-16 1.52259e-16
6 10 6 1  3.19223 7.88843 6.30211 0.46303 8.63377e-115
6 10 7 1  1.97334e-14 6.8756e-16 9.157e-16 7.79694e-16 2.34806e-33
6 10 8 1  1.73649e-19 1.62184e-19 1.27134e-19 8.3824e-20 9.0264e-56
6 10 9 1  1.37548e-19 1.43923e-19 1.27953e-19 1.46598e-19 1.62794e-19
6 10 10 1  7.8649e-20 1.45188e-19 8.80732e-20 1.64678e-20 2.74343e-24
6 11 1 1  4.67254e-19 2.06553e-19 1.08766e-19 5.26643e-20 1.96183e-22
6 11 2 1  3.68895e-14 1.53681e-14 3.02638e-14 5.70126e-15 2.55533e-47
6 11 3 1  1.18482e-15 7.91578e-16 4.27393e-16 2.94036e-16 4.80326e-74
6 11 4 1  5.22474e-20 3.34207e-20 2.04226e-20 1.45974e-20 3.84078e-20
6 11 5 1  2.22971e-16 3.77296e-16 3.327e-16 2.57316e-16 2.29544e-16
6 11 6 1  3.64508 9.00131 9.7893 0.578057 1.10175e-114
6 11 7 1  2.00835e-14 5.54137e-15 1.20442e-15 1.06603e-15 3.05796e-33
6 11 8 1  1.24156e-19 2.12155e-19 1.79415e-19 1.1251e-19 1.00998e-55
6 11 9 1  1.96396e-19 1.93854e-19 1.82634e-19 1.95725e-19 2.28699e-19
6 11 10 1  1.33191e-18 1.63145e-19 1.0847e-19 1.82271e-20 1.55897e-24
6 12 1 1  3.01361e-19 3.49044e-19 1.2147e-19 5.34542e-20 1.43689e-22
6 12 2 1  1.01164e-14 4.31344e-14 2.96348e-14 1.57576e-14 2.60192e-47
6 12 3 1  1.81725e-15 1.0814e-15 5.99273e-16 3.70979e-16 5.13149e-74
6 12 4 1  6.28855e-20 4.01657e-20 2.42238e-20 1.63823e-20 4.27241e-20
6 12 5 1  1.81496e-16 4.69111e-16 4.07462e-16 3.09569e-16 2.91308e-16
6 12 6 1  13.083 8.69825 12.1786 0.614746 1.19634e-114
6 12 7 1  1.73882e-14 9.09206e-15 1.96868e-15 1.23691e-15 3.3844e-33
6 12 8 1  3.50431e-19 1.83027e-19 2.11784e-19 1.30744e-19 9.68573e-56
6 12 9 1  2.35585e-19 2.30054e-19 2.19896e-19 2.27949e-19 2.74822e-19
6 12 10 1  2.41515e-19 1.3158e-18 9.25877e-20 1.62e-20 6.72751e-25
6 13 1 1  1.40571e-19 2.38063e-19 1.05246e-19 3.49416e-20 6.59003e-23
6 13 2 1  4.44795e-15 1.63294e-14 3.18748e-14 1.71701e-14 1.78766e-47
6 13 3 1  7.72968e-15 1.05086e-15 5.59614e-16 3.22414e-16 3.70804e-74
6 13 4 1  5.13222e-20 3.1959e-20 1.89466e-20 1.22773e-20 3.12196e-20
6 13 5 1  1.79e-16 3.31176e-16 3.38912e-16 2.53016e-16 2.48441e-16
6 13 6 1  6.94019 9.12887 9.82399 0.442123 8.78922e-115
6 13 7 1  1.03276e-14 7.88569e-15 2.17878e-15 9.92636e-16 2.53447e-33
6 13 8 1  1.91042e-19 1.90753e-19 1.54129e-19 1.03287e-19 6.29678e-56
6 13 9 1  2.03814e-19 1.8366e-19 1.76464e-19 1.79075e-19 2.20421e-19
6 13 10 1  6.19007e-20 5.38932e-19 2.88908e-19 6.73806e-21 1.38728e-25
6 14 1 1  9.75109e-20 1.54207e-19 8.06377e-20 2.42229e-20 2.92003e-23
6 14 2 1  2.45855e-14 7.36703e-15 2.32741e-14 2.0687e-14 1.36903e-47
6 14 3 1  4.15694e-15 3.18755e-15 5.89971e-16 3.17097e-16 2.99595e-74
6 14 4 1  9.72651e-20 2.90659e-20 1.68289e-20 1.05295e-20 2.58065e-20
6 14 5 1  2.29567e-16 2.95989e-16 3.00177e-16 2.32256e-16 2.3595e-16
6 14 6 1  29.6068 7.89443 9.20934 0.355451 7.22556e-115
6 14 7 1  7.10827e-15 6.88353e-15 2.47346e-15 9.1684e-16 2.12512e-33
6 14 8 1  1.00798e-19 1.50241e-19 1.36264e-19 8.78522e-20 4.47755e-56
6 14 9 1  2.05425e-19 1.64613e-19 1.5334e-19 1.53311e-19 1.91339e-19
6 14 10 1  1.098e-19 2.19502e-19 2.23407e-19 1.53005e-20 3.61137e-26
6 15 1 1  6.16465e-20 8.27655e-20 4.44003e-20 1.34186e-20 9.95751e-24
6 15 2 1  1.5126e-14 1.71658e-14 1.21412e-14 1.73985e-14 8.61753e-48
6 15 3 1  1.88815e-15 2.49828e-15 8.91922e-16 2.59982e-16 1.98802e-74
6 15 4 1  7.85317e-20 3.0202e-20 1.23992e-20 7.51437e-21 1.76029e-20
6 15 5 1  2.03921e-16 2.58079e-16 2.18895e-16 1.73625e-16 1.83147e-16
6 15 6 1  9.9377 13.5157 6.99747 0.234713 4.87656e-115
6 15 7 1  4.25906e-15 4.69488e-15 2.13354e-15 7.10884e-16 1.46202e-33
6 15 8 1  1.1417e-19 8.1305e-20 9.46077e-20 6.13752e-20 2.59703e-56
6 15 9 1  1.91965e-19 1.27799e-19 1.1057e-19 1.08164e-19 1.36224e-19
6 15 10 1  7.64549e-20 1.22056e-19 1.13961e-19 1.84315e-20 1.2061e-26
6 16 1 1  1.0471e-19 1.52681e-19 7.48001e-20 2.27845e-20 1.04301e-23
6 16 2 1  9.94876e-15 4.31098e-14 3.87611e-14 4.33613e-14 1.79308e-47
6 16 3 1  3.41383e-15 5.18875e-15 3.05551e-15 8.32329e-16 4.3589e-74
6 16 4 1  1.83201e-19 8.77026e-20 3.30771e-20 1.71197e-20 3.80762e-20
6 16 5 1  8.08692e-16 7.51039e-16 5.55903e-16 4.26564e-16 4.67566e-16
6 16 6 1  12.5777 31.4154 21.2194 0.512123 1.08731e-114
6 16 7 1  9.0719e-15 1.03397e-14 5.74179e-15 1.8454e-15 3.32214e-33
6 16 8 1  1.91614e-19 2.01724e-19 1.97444e-19 1.38262e-19 4.8612e-56
6 16 9 1  5.81038e-19 3.61422e-19 2.71986e-19 2.55068e-19 3.2226e-19
6 16 10 1  5.74463e-19 2.53713e-19 2.02403e-19 4.34478e-20 1.35851e-26
6 17 1 1  1.25017e-19 9.97952e-20 4.74658e-20 1.34963e-20 3.82459e-24
6 17 2 1  3.10846e-14 1.79865e-14 3.94491e-14 4.15499e-14 1.36498e-47
6 17 3 1  2.45915e-15 3.7614e-15 3.07749e-15 9.992e-16 3.51141e-74
6 17 4 1  1.47855e-19 8.51094e-20 3.34321e-20 1.50509e-20 3.01833e-20
6 17 5 1  5.28629e-16 9.50354e-16 5.4144e-16 3.88427e-16 4.37871e-16
6 17 6 1  7.59012 22.4077 21.8539 0.410419 8.92117e-115
6 17 7 1  7.53438e-15 8.29e-15 5.44815e-15 1.77271e-15 2.78232e-33
6 17 8 1  1.81698e-18 1.52426e-19 1.6167e-19 1.1522e-19 3.41648e-56
6 17 9 1  6.9733e-19 3.92537e-19 2.61042e-19 2.25149e-19 2.82481e-19
6 17 10 1  4.30144e-19 4.8166e-19 1.17862e-19 2.67275e-20 4.60203e-27
6 18 1 1  8.83029e-20 1.57782e-20 6.46955e-21 1.75921e-21 3.00703e-25
6 18 2 1  2.03313e-14 5.13445e-15 4.93681e-15 7.24362e-15 1.8683e-48
6 18 3 1  7.62125e-15 4.8952e-16 4.98066e-16 2.03726e-16 5.11015e-75
6 18 4 1  2.5532e-20 1.39271e-20 6.09493e-21 2.56814e-21 4.44212e-21
6 18 5 1  9.05251e-17 1.53582e-16 1.04659e-16 6.49669e-17 7.40744e-17
6 18 6 1  1.65547 2.76891 3.73011 0.0593926 1.32454e-115
6 18 7 1  1.22812e-15 1.20304e-15 9.06127e-16 3.07859e-16 4.22466e-34
6 18 8 1  1.20531e-19 1.40806e-19 2.46883e-20 1.83313e-20 4.60481e-57
6 18 9 1  1.65912e-19 8.2993e-20 4.85323e-20 3.74023e-20 4.56894e-20
6 18 10 1  2.03603e-19 8.22193e-20 3.81405e-20 3.19843e-21 3.12536e-28
6 19 1 1  7.78692e-20 7.55256e-20 1.14361e-20 3.01418e-21 3.05189e-25
6 19 2 1  3.47156e-15 3.48277e-14 9.85172e-15 1.32582e-14 2.87321e-48
6 19 3 1  7.25294e-15 5.84706e-15 8.54451e-16 4.36051e-16 8.32764e-75
6 19 4 1  5.29563e-20 2.57982e-20 1.16974e-20 4.97131e-21 7.33518e-21
6 19 5 1  3.52092e-16 2.87022e-16 2.11731e-16 1.25924e-16 1.39896e-16
6 19 6 1  2.72256 4.45763 6.77238 0.0962596 2.19979e-115
6 19 7 1  2.26141e-15 2.00317e-15 1.65093e-15 5.94237e-16 7.16832e-34
6 19 8 1  1.29194e-19 2.17882e-19 1.02192e-19 3.24086e-20 6.93982e-57
6 19 9 1  2.84287e-19 2.09885e-19 1.0663e-19 7.1569e-20 8.28688e-20
6 19 10 1  7.30088e-20 3.43564e-19 9.77112e-20 1.2438e-20 3.91291e-28
6 20 1 1  6.2544e-20 9.13056e-20 2.86197e-20 3.72162e-21 2.20171e-25
6 20 2 1  2.76277e-15 1.66522e-14 3.2751e-14 1.82881e-14 3.26224e-48
6 20 3 1  5.42308e-15 8.16235e-15 2.74856e-15 6.52252e-16 9.97018e-75
6 20 4 1  8.29879e-20 3.61899e-20 1.59543e-20 6.91602e-21 8.91672e-21
6 20 5 1  2.61144e-16 5.91011e-16 3.07093e-16 1.81218e-16 1.94195e-16
6 20 6 1  13.215 5.35512 8.92827 0.114664 2.6803e-115
6 20 7 1  2.89336e-15 2.51152e-15 2.18241e-15 8.34924e-16 8.9107e-34
6 20 8 1  9.98921e-20 2.14134e-19 1.7375e-19 5.08686e-20 7.62671e-57
6 20 9 1  3.54521e-19 3.18088e-19 1.84644e-19 1.05239e-19 1.11639e-19
6 20 10 1  8.85626e-19 2.44242e-19 2.66355e-19 2.80553e-20 3.69503e-28
6 21 1 1  9.55406e-20 1.03051e-19 5.01361e-20 7.72918e-21 1.86939e-25
6 21 2 1  7.26463e-15 9.90224e-15 3.82377e-14 3.45876e-14 3.9605e-48
6 21 3 1  1.75953e-14 9.59885e-15 5.6779e-15 1.31136e-15 1.27611e-74
6 21 4 1  1.2627e-19 5.73163e-20 2.35017e-20 1.01848e-20 1.17994e-20
6 21 5 1  3.82648e-16 7.76432e-16 5.44154e-16 2.79383e-16 2.89381e-16
6 21 6 1  10.2642 13.3837 12.4377 0.146018 3.49148e-115
6 21 7 1  3.85702e-15 3.38245e-15 3.06246e-15 1.24506e-15 1.18439e-33
6 21 8 1  1.02461e-18 2.07917e-19 2.52849e-19 8.74807e-20 8.95469e-57
6 21 9 1  4.69164e-19 4.74573e-19 3.23904e-19 1.75714e-19 1.6371e-19
6 21 10 1  4.13518e-19 1.12014e-18 3.48746e-19 7.56317e-20 3.71289e-28
6 22 1 1  5.51702e-20 5.7058e-20 3.11327e-20 6.8293e-21 7.44409e-26
6 22 2 1  4.2944e-14 5.58927e-15 1.60573e-14 2.42477e-14 2.08215e-48
6 22 3 1  6.05452e-15 7.5666e-15 3.96099e-15 1.15448e-15 7.08136e-75
6 22 4 1  7.82572e-20 3.82093e-20 1.54051e-20 6.46996e-21 6.8518e-21
6 22 5 1  1.64736e-16 4.60931e-16 3.72306e-16 1.94392e-16 1.8787e-16
6 22 6 1  3.59079 8.03654 8.23178 0.0806071 1.97286e-115
6 22 7 1  2.19931e-15 1.96993e-15 1.85399e-15 8.00122e-16 6.83332e-34
6 22 8 1  2.75002e-19 3.48593e-19 1.44773e-19 6.34105e-20 4.66756e-57
6 22 9 1  2.84303e-19 2.873e-19 2.2639e-19 1.27412e-19 1.042e-19
6 22 10 1  1.83086e-19 4.54679e-19 4.05304e-19 5.82319e-20 1.58359e-28
6 23 1 1  1.65183e-19 9.74403e-20 5.57464e-20 1.53061e-20 8.99535e-26
6 23 2 1  9.16835e-15 7.35191e-14 2.19243e-14 4.58705e-14 3.31181e-48
6 23 3 1  6.45294e-15 1.2433e-14 8.76763e-15 2.82423e-15 1.18798e-74
6 23 4 1  1.43032e-19 7.37997e-20 3.01585e-20 1.23466e-20 1.19818e-20
6 23 5 1  1.0879e-15 7.35757e-16 7.33811e-16 4.06665e-16 3.71689e-16
6 23 6 1  12.5451 12.4274 16.1713 0.134532 3.36963e-115
6 23 7 1  3.84268e-15 3.45848e-15 3.37678e-15 1.54413e-15 1.19161e-33
6 23 8 1  2.55283e-19 5.55701e-19 3.77893e-19 1.31773e-19 7.43027e-57
6 23 9 1  6.19507e-19 5.29161e-19 4.54969e-19 2.7743e-19 2.05456e-19
6 23 10 1  2.02565e-19 5.82547e-19 7.21701e-19 1.6085e-19 1.96429e-28
6 24 1 1  4.05026e-20 4.09271e-20 1.72792e-20 5.52729e-21 1.93005e-26
6 24 2 1  1.4038e-15 1.00565e-14 1.88795e-14 1.57968e-14 1.00754e-48
6 24 3 1  1.33222e-15 3.43187e-15 3.33577e-15 1.27819e-15 3.79744e-75
6 24 4 1  4.85651e-20 2.6582e-20 1.12219e-20 4.5547e-21 4.07265e-21
6 24 5 1  3.77239e-16 4.60333e-16 2.5927e-16 1.59211e-16 1.40829e-16
6 24 6 1  3.94641 4.83566 5.83757 0.0427973 1.09536e-115
6 24 7 1  1.29606e-15 1.16047e-15 1.16701e-15 5.6354e-16 3.95008e-34
6 24 8 1  5.139e-20 1.35002e-19 1.46637e-19 5.3584e-20 2.17468e-57
6 24 9 1  4.43432e-19 1.85526e-19 1.56833e-19 1.04144e-19 7.28417e-20
6 24 10 1  9.55318e-20 1.33868e-19 2.01791e-19 6.20638e-20 4.23971e-29
6 25 1 1  1.28488e-20 1.8354e-20 8.37474e-21 2.4308e-21 5.35279e-27
6 25 2 1  1.23675e-15 1.98905e-15 7.89567e-15 9.18798e-15 4.28451e-49
6 25 3 1  4.46321e-16 1.2372e-15 1.6123e-15 7.68378e-16 1.69687e-75
6 25 4 1  2.19508e-20 1.30181e-20 5.74748e-21 2.35455e-21 1.96475e-21
6 25 5 1  2.87427e-16 2.81661e-16 1.55434e-16 8.47536e-17 7.49341e-17
6 25 6 1  2.48251 2.41529 2.98085 0.0190316 4.97813e-116
6 25 7 1  6.08598e-16 5.4528e-16 5.62111e-16 2.86091e-16 1.83117e-34
6 25 8 1  2.17307e-20 4.30149e-20 6.7478e-20 2.97305e-20 8.80141e-58
6 25 9 1  1.48967e-19 1.31333e-19 7.46746e-20 5.22596e-20 3.57966e-20
6 25 10 1  3.11049e-20 6.23281e-20 7.34522e-20 2.92495e-20 1.27627e-29
6 26 1 1  2.30491e-20 3.34541e-20 1.70979e-20 4.9302e-21 6.59524e-27
6 26 2 1  2.09979e-14 3.87539e-15 1.27821e-14 2.33653e-14 8.65315e-49
6 26 3 1  9.18042e-16 2.093e-15 3.45387e-15 2.07172e-15 3.59242e-75
6 26 4 1  5.27448e-20 2.83938e-20 1.32482e-20 5.56126e-21 4.4129e-21
6 26 5 1  3.49554e-15 9.26997e-16 4.45166e-16 2.2061e-16 1.88645e-16
6 26 6 1  6.82913 6.30497 7.1999 0.0401062 1.07108e-115
6 26 7 1  1.35641e-15 1.2174e-15 1.27909e-15 6.83978e-16 4.01562e-34
6 26 8 1  4.01301e-20 7.11012e-20 1.35219e-19 7.46734e-20 1.69249e-57
6 26 9 1  2.37463e-19 2.94093e-19 1.96917e-19 1.21805e-19 8.33004e-20
6 26 10 1  8.40622e-20 1.13162e-19 1.44566e-19 6.22167e-20 1.89437e-29
6 27 1 1  1.53935e-20 1.78012e-20 1.0313e-20 2.99103e-21 2.42219e-27
6 27 2 1  8.2973e-15 1.32105e-14 6.20524e-15 1.56842e-14 5.00533e-49
6 27 3 1  5.58992e-16 1.06065e-15 2.02972e-15 1.5192e-15 2.16472e-75
6 27 4 1  3.42854e-20 1.84242e-20 8.44345e-21 3.67727e-21 2.83575e-21
6 27 5 1  1.95102e-15 2.26183e-15 3.86322e-16 1.67874e-16 1.35281e-16
6 27 6 1  5.9563 4.83451 5.04317 0.0240706 6.54563e-116
6 27 7 1  8.77224e-16 7.78048e-16 8.26773e-16 4.61969e-16 2.49537e-34
6 27 8 1  2.34754e-20 3.46745e-20 7.38907e-20 5.02905e-20 9.16017e-58
6 27 9 1  1.43526e-19 1.61043e-19 1.35677e-19 8.26783e-20 5.43708e-20
6 27 10 1  3.56638e-20 7.36123e-20 6.28808e-20 2.96391e-20 6.42087e-30
6 28 1 1  1.7347e-20 1.3958e-20 9.05453e-21 3.01399e-21 1.48016e-27
6 28 2 1  2.39248e-15 9.56115e-15 9.51618e-15 1.30838e-14 3.75599e-49
6 28 3 1  4.99568e-16 7.29158e-16 1.51119e-15 1.38768e-15 1.68842e-75
6 28 4 1  2.74041e-20 1.53565e-20 7.04293e-21 3.11032e-21 2.38314e-21
6 28 5 1  4.33152e-16 2.51796e-15 7.84778e-16 1.72403e-16 1.26454e-16
6 28 6 1  3.50019 5.09848 4.65659 0.0187034 5.17372e-116
6 28 7 1  7.37949e-16 6.47339e-16 6.91271e-16 4.01978e-16 2.00393e-34
6 28 8 1  1.19139e-19 2.4113e-20 5.2738e-20 4.32838e-20 6.58366e-58
6 28 9 1  1.45448e-19 1.2781e-19 1.1953e-19 7.87664e-20 4.99141e-20
6 28 10 1  5.86854e-20 4.89185e-20 3.81184e-20 1.35388e-20 2.13864e-30
6 29 1 1  1.56724e-20 7.96133e-21 4.80814e-21 1.85969e-21 5.83582e-28
6 29 2 1  1.11419e-15 2.55421e-15 5.72119e-15 7.38572e-15 1.73842e-49
6 29 3 1  3.28069e-16 3.32627e-16 6.84922e-16 7.58703e-16 8.14199e-76
6 29 4 1  1.48767e-20 7.61956e-21 3.51956e-21 1.5675e-21 1.20205e-21
6 29 5 1  2.62182e-16 9.71661e-16 6.76732e-16 1.45477e-16 7.4229e-17
6 29 6 1  2.44056 2.61556 2.72158 0.00898323 2.53023e-116
6 29 7 1  3.90179e-16 3.34016e-16 3.57641e-16 2.1591e-16 9.96763e-35
6 29 8 1  3.17105e-20 3.67067e-20 2.39428e-20 2.31002e-20 3.02425e-58
6 29 9 1  8.18243e-20 7.02982e-20 6.36014e-20 4.58468e-20 2.88882e-20
6 29 10 1  4.95217e-20 3.51477e-20 1.76864e-20 5.10078e-21 5.38148e-31
6 30 1 1  9.66337e-21 1.0097e-20 4.33435e-21 1.78794e-21 3.77619e-28
6 30 2 1  1.39519e-15 1.6075e-15 4.36266e-15 7.46135e-15 1.42229e-49
6 30 3 1  2.68212e-16 3.05942e-16 5.49083e-16 7.1582e-16 6.94305e-76
6 30 4 1  1.93057e-20 7.28405e-21 3.24084e-21 1.45481e-21 1.12026e-21
6 30 5 1  5.17764e-16 7.3575e-16 7.16476e-16 2.19342e-16 8.23452e-17
6 30 6 1  1.44862 2.6586 2.74087 0.00762956 2.18847e-116
6 30 7 1  3.80805e-16 3.07223e-16 3.27517e-16 2.04614e-16 8.77185e-35
6 30 8 1  5.09673e-20 3.2635e-20 2.70903e-20 2.17596e-20 2.5067e-58
6 30 9 1  6.93226e-20 6.77657e-20 5.93774e-20 4.5083e-20 2.90387e-20
6 30 10 1  3.16511e-20 5.04944e-20 2.00912e-20 4.32656e-21 2.82456e-31
6 31 1 1  1.35784e-20 1.98303e-20 9.21551e-21 3.28303e-21 4.76229e-28
6 31 2 1  9.63309e-15 3.65284e-15 7.2177e-15 1.6424e-14 2.66938e-49
6 31 3 1  4.89543e-16 6.16686e-16 1.03206e-15 1.52172e-15 1.35748e-75
6 31 4 1  4.93274e-20 1.93178e-20 7.4895e-21 3.3256e-21 2.57732e-21
6 31 5 1  4.31709e-16 1.8405e-15 1.5646e-15 6.44586e-16 2.25307e-16
6 31 6 1  2.48765 5.15403 6.34447 0.0148574 4.33962e-116
6 31 7 1  8.57507e-16 6.58694e-16 6.89334e-16 4.4376e-16 1.77038e-34
6 31 8 1  7.35956e-20 8.90016e-20 6.33475e-20 4.73542e-20 4.67474e-58
6 31 9 1  1.45422e-19 1.38909e-19 1.26065e-19 9.82584e-20 6.5387e-20
6 31 10 1  1.97753e-20 9.74113e-20 6.18113e-20 9.54029e-21 3.39626e-31
6 32 1 1  7.10616e-21 1.13791e-20 5.95088e-21 1.91893e-21 1.82127e-28
6 32 2 1  1.55286e-15 6.97996e-15 4.4159e-15 1.16214e-14 1.68047e-49
6 32 3 1  3.89978e-16 4.02749e-16 6.58018e-16 1.07311e-15 8.92303e-76
6 32 4 1  3.04412e-20 1.74426e-20 6.43124e-21 2.67209e-21 2.07177e-21
6 32 5 1  2.03443e-16 1.03401e-15 1.19462e-15 5.68952e-16 2.11698e-16
6 32 6 1  15.8992 3.24238 4.77885 0.00972458 2.89575e-116
6 32 7 1  6.95242e-16 4.81222e-16 4.89951e-16 3.23665e-16 1.20442e-34
6 32 8 1  3.24983e-20 5.78481e-20 5.1639e-20 3.44138e-20 2.87933e-58
6 32 9 1  9.53257e-20 9.44067e-20 8.68222e-20 6.98116e-20 4.80594e-20
6 32 10 1  1.5523e-20 3.89513e-20 4.69284e-20 8.33278e-21 1.3679e-31
6 33 1 1  4.54486e-21 7.58234e-21 4.63586e-21 1.4921e-21 8.93972e-29
6 33 2 1  1.19568e-14 2.81511e-15 5.43491e-15 9.39989e-15 1.23094e-49
6 33 3 1  4.50544e-15 3.29535e-16 4.90218e-16 8.73042e-16 6.83016e-76
6 33 4 1  2.19798e-20 1.5966e-20 6.81823e-21 2.66374e-21 2.00902e-21
6 33 5 1  9.94268e-16 6.49191e-16 9.7456e-16 5.57576e-16 2.27882e-16
6 33 6 1  8.41596 8.05295 4.07873 0.00741122 2.25115e-116
6 33 7 1  6.76526e-16 4.2112e-16 4.07698e-16 2.74878e-16 9.55704e-35
6 33 8 1  1.79262e-20 3.84066e-20 4.61453e-20 3.02138e-20 2.10088e-58
6 33 9 1  9.96937e-20 7.23151e-20 6.81166e-20 5.62853e-20 4.01815e-20
6 33 10 1  1.3698e-20 2.34671e-20 3.3075e-20 8.58241e-21 6.99375e-32
6 34 1 1  4.14179e-21 5.26606e-21 3.64707e-21 1.31069e-21 4.95291e-29
6 34 2 1  3.97103e-15 1.00265e-14 4.05569e-15 8.38549e-15 9.39415e-50
6 34 3 1  2.36842e-15 1.73266e-15 3.86948e-16 7.35142e-16 5.45285e-76
6 34 4 1  1.68443e-20 1.41123e-20 7.1505e-21 2.88156e-21 2.07145e-21
6 34 5 1  1.47406e-15 1.04426e-15 7.81403e-16 5.40083e-16 2.49923e-16
6 34 6 1  11.9305 7.9921 4.57305 0.00589021 1.82606e-116
6 34 7 1  6.91406e-16 3.96361e-16 3.56769e-16 2.43569e-16 7.92211e-35
6 34 8 1  1.75957e-20 2.53667e-20 3.99303e-20 2.80621e-20 1.6159e-58
6 34 9 1  1.90505e-19 6.85244e-20 5.6939e-20 4.83914e-20 3.58598e-20
6 34 10 1  1.48505e-20 1.79299e-20 2.41565e-20 8.58851e-21 4.14009e-32
6 35 1 1  6.99423e-21 2.63253e-21 1.85052e-21 7.43061e-22 1.84227e-29
6 35 2 1  2.48865e-16 3.56462e-15 4.49533e-15 4.68556e-15 4.61944e-50
6 35 3 1  9.16931e-16 1.0996e-15 4.1001e-16 3.97223e-16 2.80973e-76
6 35 4 1  8.91294e-21 7.60911e-21 4.45567e-21 1.95922e-21 1.37675e-21
6 35 5 1  5.99345e-16 1.02297e-15 4.86735e-16 3.21716e-16 1.71924e-16
6 35 6 1  7.91905 6.04368 3.18401 0.00302102 9.56585e-117
6 35 7 1  4.0893e-16 2.47085e-16 2.03809e-16 1.39452e-16 4.24608e-35
6 35 8 1  2.00105e-20 1.23231e-20 2.07916e-20 1.65e-20 7.96393e-59
6 35 9 1  9.2658e-20 6.47966e-20 3.3056e-20 2.7466e-20 2.11502e-20
6 35 10 1  6.19249e-21 1.09163e-20 1.19801e-20 5.04002e-21 1.61898e-32
6 36 1 1  1.53476e-20 4.29806e-21 1.79819e-21 8.03542e-22 1.35599e-29
6 36 2 1  2.20354e-15 1.1476e-15 4.2937e-15 5.02227e-15 3.83177e-50
6 36 3 1  5.82417e-16 9.53599e-16 5.52241e-16 3.86993e-16 2.4401e-76
6 36 4 1  8.51787e-20 6.9382e-21 4.45935e-21 2.17526e-21 1.55951e-21
6 36 5 1  2.50405e-15 1.033e-15 6.09887e-16 3.26346e-16 1.93075e-16
6 36 6 1  4.38692 7.20068 3.83068 0.00261175 8.44181e-117
6 36 7 1  3.89458e-16 2.566e-16 1.98715e-16 1.34506e-16 3.83252e-35
6 36 8 1  1.54575e-20 1.53691e-20 1.79492e-20 1.59765e-20 6.58594e-59
6 36 9 1  7.2559e-20 7.26623e-20 4.11508e-20 2.74022e-20 2.16667e-20
6 36 10 1  4.557e-21 8.99136e-21 1.22044e-20 5.42701e-21 1.22558e-32
6 37 1 1  1.69368e-20 8.51075e-21 2.24491e-21 8.76914e-22 1.04056e-29
6 37 2 1  2.91033e-16 2.11973e-15 2.84264e-15 5.17908e-15 3.13976e-50
6 37 3 1  9.53603e-15 7.36385e-16 6.07757e-16 3.90948e-16 2.08774e-76
6 37 4 1  5.83908e-20 2.38591e-20 4.34401e-21 2.32787e-21 1.76651e-21
6 37 5 1  2.39415e-15 2.47456e-15 6.88748e-16 3.4491e-16 2.0899e-16
6 37 6 1  4.7844 6.25399 4.5386 0.00222523 7.33131e-117
6 37 7 1  3.55714e-16 2.57309e-16 1.92633e-16 1.27685e-16 3.39929e-35
6 37 8 1  1.01469e-20 1.47635e-20 1.68225e-20 1.51299e-20 5.40991e-59
6 37 9 1  5.64727e-20 6.78866e-20 4.79004e-20 2.85627e-20 2.17005e-20
6 37 10 1  7.23771e-21 6.8924e-21 1.20983e-20 6.25387e-21 1.00758e-32
6 38 1 1  1.21291e-20 9.05595e-21 2.89643e-21 7.86429e-22 6.28904e-30
6 38 2 1  2.91058e-16 6.17087e-16 2.04031e-15 3.85358e-15 2.01821e-50
6 38 3 1  3.56249e-15 3.06087e-15 4.65374e-16 3.14594e-16 1.39997e-76
6 38 4 1  3.19574e-20 2.25423e-20 6.14346e-21 1.8936e-21 1.55466e-21
6 38 5 1  2.76956e-16 2.49493e-15 8.79193e-16 2.91267e-16 1.76322e-16
6 38 6 1  1.76887 4.58735 3.87571 0.00148611 4.98715e-117
6 38 7 1  2.5039e-16 1.98097e-16 1.47193e-16 9.5071e-17 2.35994e-35
6 38 8 1  4.82662e-21 9.59864e-21 1.26588e-20 1.13916e-20 3.53494e-59
6 38 9 1  3.13269e-20 4.48091e-20 3.85226e-20 2.33922e-20 1.65949e-20
6 38 10 1  3.59222e-21 6.44031e-21 8.84338e-21 5.53532e-21 6.62615e-33
6 39 1 1  7.84003e-21 9.58391e-21 4.22729e-21 1.03714e-21 4.88651e-30
6 39 2 1  2.55328e-16 3.79375e-16 1.31405e-15 3.45256e-15 1.57426e-50
6 39 3 1  1.65862e-15 2.82529e-15 1.00185e-15 3.04842e-16 1.14281e-76
6 39 4 1  2.15282e-20 2.09495e-20 8.37239e-21 2.39512e-21 1.64292e-21
6 39 5 1  1.39427e-15 1.5047e-15 1.1989e-15 3.46378e-16 1.81411e-16
6 39 6 1  3.0925 3.34991 3.8799 0.00120787 4.13349e-117
6 39 7 1  2.11292e-16 1.8241e-16 1.37471e-16 8.65439e-17 1.99891e-35
6 39 8 1  3.06129e-21 6.92003e-21 1.13562e-20 1.06099e-20 2.85659e-59
6 39 9 1  2.24746e-20 3.38702e-20 3.50002e-20 2.31751e-20 1.56175e-20
6 39 10 1  3.05086e-21 4.97807e-21 8.66612e-21 5.82303e-21 5.42638e-33
6 40 1 1  5.02385e-21 6.78481e-21 4.39623e-21 1.21801e-21 3.23858e-30
6 40 2 1  2.24284e-16 2.40693e-16 6.83276e-16 2.41655e-15 1.00301e-50
6 40 3 1  6.64836e-16 1.66835e-15 1.05775e-15 2.94091e-16 7.63624e-77
6 40 4 1  1.20723e-20 1.44936e-20 7.73768e-21 2.57809e-21 1.4844e-21
6 40 5 1  5.28949e-16 1.46402e-15 9.47806e-16 3.5685e-16 1.57341e-16
6 40 6 1  8.72332 2.60755 2.98664 0.000803428 2.80637e-117
6 40 7 1  1.51589e-16 1.35388e-16 1.05148e-16 6.47535e-17 1.38873e-35
6 40 8 1  1.80495e-21 3.98953e-21 8.05684e-21 8.16137e-21 1.9157e-59
6 40 9 1  1.49739e-20 2.06377e-20 2.45239e-20 1.83185e-20 1.21571e-20
6 40 10 1  2.51639e-21 3.33109e-21 6.52535e-21 4.99972e-21 3.68344e-33
6 41 1 1  3.57868e-21 4.79392e-21 4.02636e-21 1.42324e-21 2.24728e-30
6 41 2 1  4.81926e-16 1.96565e-16 3.82974e-16 1.68638e-15 6.56343e-51
6 41 3 1  2.93995e-16 9.17285e-16 8.96148e-16 3.00562e-16 5.24381e-77
6 41 4 1  7.18562e-21 9.84865e-21 6.56626e-21 2.6579e-21 1.45456e-21
6 41 5 1  2.42603e-16 9.62364e-16 8.27949e-16 3.40144e-16 1.45774e-16
6 41 6 1  3.13622 4.27519 2.36657 0.000549169 1.95867e-117
6 41 7 1  1.15656e-16 1.02942e-16 8.24923e-17 4.99525e-17 9.92693e-36
6 41 8 1  1.63153e-21 2.39577e-21 5.6824e-21 6.41645e-21 1.326e-59
6 41 9 1  1.15229e-20 1.3279e-20 1.69035e-20 1.43341e-20 9.73084e-21
6 41 10 1  7.24232e-21 2.5984e-21 4.91703e-21 4.31241e-21 2.57808e-33
6 42 1 1  3.17707e-20 3.33949e-21 3.32272e-21 1.50089e-21 1.54304e-30
6 42 2 1  4.25089e-16 3.47996e-16 2.33675e-16 1.1255e-15 4.18507e-51
6 42 3 1  1.47044e-16 4.69616e-16 6.46097e-16 2.8173e-16 3.51805e-77
6 42 4 1  4.45757e-21 6.42346e-21 5.09694e-21 2.47755e-21 1.43052e-21
6 42 5 1  4.58353e-16 5.53042e-16 6.40794e-16 3.07231e-16 1.33081e-16
6 42 6 1  14.2057 3.04213 2.15523 0.000366635 1.33688e-117
6 42 7 1  9.07334e-17 7.68535e-17 6.31671e-17 3.78147e-17 6.95314e-36
6 42 8 1  1.90457e-21 1.63102e-21 3.85211e-21 4.91108e-21 9.04874e-60
6 42 9 1  9.34163e-21 9.15212e-21 1.14841e-20 1.08917e-20 7.79342e-21
6 42 10 1  9.46424e-21 5.26017e-21 3.68541e-21 3.57598e-21 1.77793e-33
7 1 1 1  1.21018e-20 1.86673e-19 8.27746e-20 2.33595e-21 2.38602e-21
7 1 2 1  4.40448e-157 8.35646e-116 4.16874e-15 1.14448e-58 9.14746e-47
7 1 3 1  1.1687e-29 2.94784e-16 2.25587e-16 2.26008e-16 8.05022e-74
7 1 4 1  7.68793e-23 2.7364e-20 3.98187e-36 3.34717e-20 2.08505e-32
7 1 5 1  2.30441e-16 1.24376e-25 3.91289e-16 3.06651e-17 3.29145e-19
7 1 6 1  8.9842e-15 9.79849e-57 1.71522e-15 1.04215e-15 1.427e-129
7 1 7 1  1.44658e-54 1.01155 1.69415 0.444706 2.95989e-18
7 1 8 1  1.18186e-20 3.58947e-19 1.6726e-19 2.79376e-21 3.92501e-55
7 1 9 1  4.09477e-39 1.33549e-20 2.98825e-19 1.49731e-19 3.4422e-31
7 1 10 1  1.78365e-19 2.29637e-19 6.67879e-20 1.25182e-20 2.6012e-21
7 2 1 1  1.51951e-20 9.05585e-20 8.63617e-20 1.20002e-20 1.60851e-21
7 2 2 1  3.00877e-16 1.7932e-116 1.71583e-15 8.96057e-16 6.26552e-47
7 2 3 1  7.16463e-17 1.28285e-16 1.82896e-16 1.84957e-16 6.10418e-74
7 2 4 1  3.08209e-21 1.64324e-20 5.31397e-21 2.03358e-20 6.24475e-21
7 2 5 1  1.39734e-16 1.46046e-16 2.34607e-16 7.78132e-17 3.60121e-18
7 2 6 1  3.65662e-15 3.31329e-15 1.19256e-15 7.82809e-16 1.11727e-129
7 2 7 1  0.155366 0.61325 1.32223 0.422283 2.39802e-18
7 2 8 1  3.82855e-20 1.44802e-19 1.81649e-19 1.87812e-20 2.87508e-55
7 2 9 1  4.89917e-20 6.64406e-21 1.76079e-19 1.5568e-19 1.65495e-20
7 2 10 1  8.4803e-20 1.81995e-19 9.30263e-20 1.12711e-20 1.2417e-21
7 3 1 1  4.28103e-20 7.87813e-20 1.09842e-19 3.14299e-20 1.80158e-21
7 3 2 1  3.05773e-16 3.72382e-16 1.20743e-15 1.61434e-15 7.24854e-47
7 3 3 1  2.07165e-16 1.34162e-16 2.15397e-16 2.54574e-16 7.76375e-74
7 3 4 1  9.5768e-21 1.76614e-20 1.07656e-20 2.24636e-20 1.4715e-20
7 3 5 1  1.25002e-16 2.61864e-16 2.90642e-16 1.45554e-16 1.90142e-17
7 3 6 1  6.55056e-15 5.00015e-15 2.27652e-15 9.86789e-16 1.46525e-129
7 3 7 1  0.426248 0.663744 1.70264 0.65202 3.25123e-18
7 3 8 1  5.53573e-20 1.17281e-19 2.29033e-19 5.18186e-20 3.44491e-55
7 3 9 1  1.06513e-19 3.4414e-20 1.73928e-19 2.28906e-19 5.03255e-20
7 3 10 1  5.61774e-19 1.8289e-19 1.33944e-19 1.94679e-20 8.93436e-22
7 4 1 1  3.96733e-19 6.03598e-20 8.84679e-20 4.04034e-20 1.40628e-21
7 4 2 1  4.74468e-16 3.68495e-16 8.13184e-16 1.59665e-15 5.99851e-47
7 4 3 1  3.12702e-16 1.5216e-16 1.78339e-16 2.45393e-16 7.01089e-74
7 4 4 1  1.40876e-20 1.50299e-20 1.18519e-20 1.87087e-20 1.89331e-20
7 4 5 1  6.4942e-17 2.40128e-16 2.77904e-16 1.67401e-16 3.6884e-17
7 4 6 1  6.26714e-15 5.89683e-15 2.86067e-15 8.83692e-16 1.36194e-129
7 4 7 1  0.631846 0.557443 1.54263 0.69705 3.11996e-18
7 4 8 1  4.59655e-19 7.56592e-20 1.79985e-19 6.69206e-20 2.80653e-55
7 4 9 1  1.20394e-19 6.45067e-20 1.30028e-19 2.17943e-19 7.58253e-20
7 4 10 1  1.0927e-19 5.05971e-19 1.02656e-19 1.83396e-20 3.87739e-22
7 5 1 1  2.46954e-19 2.42012e-19 8.53479e-20 5.36393e-20 1.33049e-21
7 5 2 1  1.08159e-15 6.70443e-16 7.98566e-16 1.92711e-15 6.44013e-47
7 5 3 1  4.29012e-16 2.64047e-16 2.05026e-16 3.013e-16 8.15935e-74
7 5 4 1  2.67986e-20 1.83351e-20 1.54478e-20 2.08533e-20 2.83791e-20
7 5 5 1  6.56474e-17 2.36495e-16 3.3969e-16 2.35178e-16 7.28994e-17
7 5 6 1  4.86993e-15 8.21841e-15 4.56896e-15 1.0205e-15 1.62879e-129
7 5 7 1  1.03166 0.667839 1.79504 0.941263 3.84685e-18
7 5 8 1  2.39172e-19 2.99031e-19 1.78389e-19 9.53109e-20 2.96293e-55
7 5 9 1  1.59078e-19 1.13879e-19 1.4189e-19 2.58051e-19 1.26302e-19
7 5 10 1  3.63074e-19 3.45857e-19 2.66281e-19 2.02004e-20 2.18846e-22
7 6 1 1  1.48461e-19 2.24543e-19 1.06502e-19 4.75622e-20 9.13622e-22
7 6 2 1  2.28504e-15 1.12157e-15 7.68097e-16 1.73666e-15 5.29191e-47
7 6 3 1  4.11634e-16 3.07209e-16 2.02105e-16 2.81067e-16 7.24475e-74
7 6 4 1  3.23787e-20 1.94629e-20 1.51092e-20 1.82684e-20 3.09527e-20
7 6 5 1  1.58372e-16 1.79831e-16 3.02279e-16 2.43414e-16 9.77632e-17
7 6 6 1  4.27773e-15 7.04962e-15 5.36233e-15 8.99349e-16 1.48535e-129
7 6 7 1  1.19272 0.659077 1.59648 0.955891 3.61599e-18
7 6 8 1  1.25017e-19 2.38518e-19 1.9768e-19 9.62356e-20 2.41737e-55
7 6 9 1  1.60056e-19 1.32343e-19 1.32787e-19 2.3193e-19 1.47903e-19
7 6 10 1  1.30977e-19 4.05636e-19 1.744e-19 2.53979e-20 8.33061e-23
7 7 1 1  1.16834e-19 1.45934e-19 9.82509e-20 4.04994e-20 5.50765e-22
7 7 2 1  3.09157e-15 1.8678e-15 8.097e-16 1.28175e-15 3.52686e-47
7 7 3 1  4.56783e-16 2.64146e-16 1.70891e-16 2.13546e-16 5.20898e-74
7 7 4 1  3.00219e-20 1.75304e-20 1.22769e-20 1.32735e-20 2.66069e-20
7 7 5 1  7.82678e-17 1.79353e-16 2.11251e-16 1.97101e-16 9.87515e-17
7 7 6 1  6.14482e-15 4.95897e-15 4.70115e-15 6.41877e-16 1.09662e-129
7 7 7 1  1.04013 0.55211 1.15589 0.777429 2.75211e-18
7 7 8 1  2.11179e-19 1.31086e-19 1.56448e-19 7.99467e-20 1.5904e-55
7 7 9 1  1.40132e-19 1.17833e-19 1.08745e-19 1.72064e-19 1.34649e-19
7 7 10 1  7.28348e-20 2.00514e-19 1.57951e-19 1.67747e-20 2.52314e-23
7 8 1 1  7.81115e-20 1.32379e-19 9.96134e-20 4.59086e-20 4.31049e-22
7 8 2 1  1.41173e-14 3.41727e-15 1.52371e-15 1.31858e-15 3.09505e-47
7 8 3 1  6.05642e-16 3.41612e-16 1.91918e-16 2.15567e-16 4.91036e-74
7 8 4 1  3.31377e-20 2.068e-20 1.33308e-20 1.27947e-20 2.90653e-20
7 8 5 1  3.24454e-16 1.69778e-16 2.09037e-16 2.02989e-16 1.23997e-16
7 8 6 1  1.07729e-14 6.11265e-15 5.17862e-15 6.00841e-16 1.06023e-129
7 8 7 1  1.16023 0.61628 1.10619 0.820679 2.74023e-18
7 8 8 1  1.17545e-19 1.60611e-19 1.46489e-19 8.63129e-20 1.37261e-55
7 8 9 1  1.61485e-19 1.3602e-19 1.19587e-19 1.6925e-19 1.54699e-19
7 8 10 1  1.65858e-19 1.37384e-19 1.46714e-19 2.52496e-20 1.43859e-23
7 9 1 1  2.87399e-19 1.05562e-19 9.27157e-20 4.72707e-20 3.16825e-22
7 9 2 1  3.11725e-14 1.38124e-14 2.76249e-15 1.52506e-15 2.65757e-47
7 9 3 1  6.85019e-16 4.39397e-16 2.22753e-16 2.14908e-16 4.50284e-74
7 9 4 1  3.60081e-20 2.29285e-20 1.42729e-20 1.21744e-20 3.01029e-20
7 9 5 1  9.91067e-17 3.61249e-16 1.99424e-16 2.01481e-16 1.45171e-16
7 9 6 1  5.94797e-15 8.90543e-15 5.70847e-15 5.47427e-16 9.9532e-130
7 9 7 1  1.26933 0.672755 1.03967 0.834998 2.64425e-18
7 9 8 1  2.44768e-19 1.30659e-19 1.46023e-19 8.89469e-20 1.1624e-55
7 9 9 1  1.55095e-19 1.50666e-19 1.28406e-19 1.62802e-19 1.6687e-19
7 9 10 1  1.04367e-19 1.86853e-19 1.02412e-19 2.52866e-20 7.17801e-24
7 10 1 1  1.50985e-19 1.62891e-19 7.49184e-20 4.36365e-20 2.14463e-22
7 10 2 1  3.12246e-15 2.98476e-14 8.73554e-15 1.91821e-15 2.12949e-47
7 10 3 1  7.1971e-16 4.92446e-16 2.52451e-16 2.0293e-16 3.81259e-74
7 10 4 1  3.52574e-20 2.30231e-20 1.41057e-20 1.08925e-20 2.82255e-20
7 10 5 1  1.41875e-16 2.6911e-16 2.27465e-16 1.82727e-16 1.51593e-16
7 10 6 1  3.17826e-15 7.85392e-15 6.27454e-15 4.61005e-16 8.596e-130
7 10 7 1  19.6471 0.684552 0.911695 0.776283 2.33779e-18
7 10 8 1  1.72889e-19 1.61475e-19 1.26578e-19 8.34573e-20 8.98691e-56
7 10 9 1  1.36946e-19 1.43293e-19 1.27393e-19 1.45956e-19 1.62082e-19
7 10 10 1  7.83049e-20 1.44553e-19 8.76879e-20 1.63958e-20 2.73142e-24
7 11 1 1  3.49807e-19 1.54635e-19 8.1427e-20 3.94269e-20 1.46871e-22
7 11 2 1  2.76172e-14 1.15052e-14 2.26569e-14 4.26822e-15 1.91303e-47
7 11 3 1  8.87006e-16 5.92611e-16 3.19966e-16 2.20129e-16 3.59594e-74
7 11 4 1  3.91148e-20 2.50202e-20 1.52893e-20 1.09283e-20 2.87538e-20
7 11 5 1  1.66926e-16 2.82461e-16 2.49074e-16 1.92639e-16 1.71847e-16
7 11 6 1  2.72887e-15 6.73879e-15 7.32871e-15 4.32759e-16 8.24818e-130
7 11 7 1  15.0354 4.14852 0.901687 0.798076 2.28933e-18
7 11 8 1  9.29489e-20 1.58829e-19 1.34318e-19 8.42299e-20 7.56117e-56
7 11 9 1  1.47031e-19 1.45128e-19 1.36728e-19 1.46528e-19 1.71214e-19
7 11 10 1  9.97128e-19 1.22138e-19 8.12056e-20 1.36457e-20 1.16712e-24
7 12 1 1  2.22221e-19 2.57382e-19 8.95706e-20 3.94166e-20 1.05955e-22
7 12 2 1  7.45975e-15 3.18069e-14 2.18525e-14 1.16195e-14 1.91863e-47
7 12 3 1  1.34002e-15 7.97412e-16 4.41899e-16 2.73557e-16 3.78391e-74
7 12 4 1  4.63712e-20 2.96178e-20 1.78624e-20 1.20802e-20 3.15044e-20
7 12 5 1  1.33834e-16 3.45918e-16 3.00458e-16 2.28273e-16 2.14808e-16
7 12 6 1  9.64732e-15 6.41401e-15 8.98041e-15 4.53308e-16 8.8217e-130
7 12 7 1  12.8219 6.7044 1.45168 0.912085 2.49563e-18
7 12 8 1  2.58405e-19 1.34962e-19 1.56168e-19 9.64096e-20 7.14217e-56
7 12 9 1  1.73718e-19 1.6964e-19 1.62149e-19 1.68087e-19 2.02651e-19
7 12 10 1  1.78091e-19 9.7026e-19 6.82733e-20 1.19458e-20 4.9608e-25
7 13 1 1  1.70125e-19 2.88115e-19 1.27373e-19 4.22879e-20 7.97554e-23
7 13 2 1  5.3831e-15 1.97626e-14 3.85762e-14 2.078e-14 2.1635e-47
7 13 3 1  9.3548e-15 1.2718e-15 6.7727e-16 3.902e-16 4.48763e-74
7 13 4 1  6.21124e-20 3.86782e-20 2.29301e-20 1.48585e-20 3.77834e-20
7 13 5 1  2.16634e-16 4.00804e-16 4.10166e-16 3.06211e-16 3.00674e-16
7 13 6 1  8.39932e-15 1.10482e-14 1.18894e-14 5.35077e-16 1.06371e-129
7 13 7 1  12.4989 9.54361 2.63686 1.20133 3.06733e-18
7 13 8 1  2.31207e-19 2.30857e-19 1.86533e-19 1.25003e-19 7.62064e-56
7 13 9 1  2.46665e-19 2.22274e-19 2.13565e-19 2.16725e-19 2.66763e-19
7 13 10 1  7.4915e-20 6.5224e-19 3.4965e-19 8.1547e-21 1.67895e-25
7 14 1 1  1.27045e-19 2.00913e-19 1.05061e-19 3.15596e-20 3.80446e-23
7 14 2 1  3.20319e-14 9.59836e-15 3.03234e-14 2.69528e-14 1.78369e-47
7 14 3 1  5.41599e-15 4.153e-15 7.68662e-16 4.1314e-16 3.90337e-74
7 14 4 1  1.26725e-19 3.78695e-20 2.19261e-20 1.37187e-20 3.36229e-20
7 14 5 1  2.99099e-16 3.85639e-16 3.91095e-16 3.02602e-16 3.07415e-16
7 14 6 1  3.85741e-14 1.02855e-14 1.19987e-14 4.63111e-16 9.41405e-130
7 14 7 1  9.26123 8.96842 3.22262 1.19453 2.76879e-18
7 14 8 1  1.31327e-19 1.95747e-19 1.77536e-19 1.14461e-19 5.83372e-56
7 14 9 1  2.67644e-19 2.14471e-19 1.99783e-19 1.99747e-19 2.49292e-19
7 14 10 1  1.43056e-19 2.85985e-19 2.91073e-19 1.99348e-20 4.70519e-26
7 15 1 1  6.40086e-20 8.59369e-20 4.61015e-20 1.39327e-20 1.03391e-23
7 15 2 1  1.57056e-14 1.78236e-14 1.26064e-14 1.80651e-14 8.94773e-48
7 15 3 1  1.9605e-15 2.594e-15 9.26097e-16 2.69944e-16 2.06419e-74
7 15 4 1  8.15408e-20 3.13592e-20 1.28743e-20 7.80229e-21 1.82774e-20
7 15 5 1  2.11734e-16 2.67967e-16 2.27282e-16 1.80278e-16 1.90165e-16
7 15 6 1  1.03185e-14 1.40336e-14 7.26559e-15 2.43706e-16 5.06341e-130
7 15 7 1  4.42225 4.87477 2.21529 0.738123 1.51804e-18
7 15 8 1  1.18545e-19 8.44203e-20 9.82327e-20 6.37269e-20 2.69654e-56
7 15 9 1  1.99321e-19 1.32696e-19 1.14807e-19 1.12309e-19 1.41443e-19
7 15 10 1  7.93844e-20 1.26733e-19 1.18328e-19 1.91378e-20 1.25231e-26
7 16 1 1  2.66741e-20 3.88943e-20 1.90548e-20 5.80418e-21 2.65698e-24
7 16 2 1  2.53438e-15 1.09819e-14 9.87411e-15 1.1046e-14 4.56773e-48
7 16 3 1  8.69648e-16 1.3218e-15 7.78369e-16 2.1203e-16 1.1104e-74
7 16 4 1  4.66693e-20 2.23416e-20 8.42616e-21 4.36112e-21 9.69963e-21
7 16 5 1  2.06009e-16 1.91322e-16 1.41612e-16 1.08664e-16 1.19109e-16
7 16 6 1  3.20408e-15 8.00284e-15 5.40548e-15 1.3046e-16 2.76985e-130
7 16 7 1  2.311 2.63397 1.46268 0.470103 8.46291e-19
7 16 8 1  4.88122e-20 5.13878e-20 5.02974e-20 3.52213e-20 1.23836e-56
7 16 9 1  1.48015e-19 9.20697e-20 6.92865e-20 6.49768e-20 8.20935e-20
7 16 10 1  1.4634e-19 6.46315e-20 5.15608e-20 1.1068e-20 3.46072e-27
7 17 1 1  8.15347e-20 6.50855e-20 3.09568e-20 8.80213e-21 2.49436e-24
7 17 2 1  2.02731e-14 1.17306e-14 2.57284e-14 2.70984e-14 8.90227e-48
7 17 3 1  1.60383e-15 2.45315e-15 2.00711e-15 6.51669e-16 2.29011e-74
7 17 4 1  9.64296e-20 5.55076e-20 2.18041e-20 9.81607e-21 1.96853e-20
7 17 5 1  3.44767e-16 6.19812e-16 3.53122e-16 2.53328e-16 2.85575e-16
7 17 6 1  4.95021e-15 1.46141e-14 1.42529e-14 2.67672e-16 5.81831e-130
7 17 7 1  4.91385 5.40666 3.55323 1.15614 1.8146e-18
7 17 8 1  1.18502e-18 9.94109e-20 1.05439e-19 7.51457e-20 2.22819e-56
7 17 9 1  4.54792e-19 2.56009e-19 1.70249e-19 1.4684e-19 1.84231e-19
7 17 10 1  2.80536e-19 3.14134e-19 7.68686e-20 1.74314e-20 3.0014e-27
7 18 1 1  1.89856e-19 3.3924e-20 1.39099e-20 3.78241e-21 6.46528e-25
7 18 2 1  4.37135e-14 1.10393e-14 1.06144e-14 1.55742e-14 4.01694e-48
7 18 3 1  1.63861e-14 1.05249e-15 1.07087e-15 4.38022e-16 1.09871e-74
7 18 4 1  5.48952e-20 2.99441e-20 1.31044e-20 5.52164e-21 9.55079e-21
7 18 5 1  1.94634e-16 3.30209e-16 2.25022e-16 1.39682e-16 1.59264e-16
7 18 6 1  3.55935e-15 5.9533e-15 8.01995e-15 1.27697e-16 2.84784e-130
7 18 7 1  2.64052 2.58661 1.94822 0.661914 9.08326e-19
7 18 8 1  2.59149e-19 3.0274e-19 5.30813e-20 3.94133e-20 9.9006e-57
7 18 9 1  3.56721e-19 1.78439e-19 1.04347e-19 8.0417e-20 9.82347e-20
7 18 10 1  4.37757e-19 1.76776e-19 8.20041e-20 6.87681e-21 6.7197e-28
7 19 1 1  1.00094e-19 9.7081e-20 1.47001e-20 3.87444e-21 3.92292e-25
7 19 2 1  4.46237e-15 4.47677e-14 1.26635e-14 1.70422e-14 3.69324e-48
7 19 3 1  9.32297e-15 7.51584e-15 1.09832e-15 5.60503e-16 1.07044e-74
7 19 4 1  6.80703e-20 3.31612e-20 1.50359e-20 6.39015e-21 9.42869e-21
7 19 5 1  4.52581e-16 3.6894e-16 2.7216e-16 1.61863e-16 1.79823e-16
7 19 6 1  3.49959e-15 5.72987e-15 8.70526e-15 1.23733e-16 2.82762e-130
7 19 7 1  2.90683 2.57489 2.12211 0.763836 9.2142e-19
7 19 8 1  1.66067e-19 2.80067e-19 1.31358e-19 4.16582e-20 8.92049e-57
7 19 9 1  3.65425e-19 2.69788e-19 1.37062e-19 9.19952e-20 1.0652e-19
7 19 10 1  9.3846e-20 4.41619e-19 1.25599e-19 1.59879e-20 5.02968e-28
7 20 1 1  8.68402e-20 1.26775e-19 3.97374e-20 5.16734e-21 3.057e-25
7 20 2 1  3.83601e-15 2.3121e-14 4.54736e-14 2.53924e-14 4.52951e-48
7 20 3 1  7.52976e-15 1.13331e-14 3.81628e-15 9.05629e-16 1.38433e-74
7 20 4 1  1.15226e-19 5.02485e-20 2.2152e-20 9.60266e-21 1.23806e-20
7 20 5 1  3.62589e-16 8.20599e-16 4.26388e-16 2.51614e-16 2.69634e-16
7 20 6 1  1.83486e-14 7.43539e-15 1.23966e-14 1.59207e-16 3.72151e-130
7 20 7 1  4.01733 3.48716 3.0302 1.15926 1.23722e-18
7 20 8 1  1.38697e-19 2.97317e-19 2.41246e-19 7.06293e-20 1.05894e-56
7 20 9 1  4.92241e-19 4.41654e-19 2.56372e-19 1.4612e-19 1.55006e-19
7 20 10 1  1.22966e-18 3.39121e-19 3.69824e-19 3.89538e-20 5.13043e-28
7 21 1 1  3.89782e-20 4.20421e-20 2.04543e-20 3.15331e-21 7.62665e-26
7 21 2 1  2.96379e-15 4.03986e-15 1.56e-14 1.41109e-14 1.61578e-48
7 21 3 1  7.17845e-15 3.91609e-15 2.31644e-15 5.35004e-16 5.20621e-75
7 21 4 1  5.15149e-20 2.33836e-20 9.5881e-21 4.15514e-21 4.81385e-21
7 21 5 1  1.56111e-16 3.16765e-16 2.22001e-16 1.13981e-16 1.1806e-16
7 21 6 1  4.18755e-15 5.46019e-15 5.07428e-15 5.95717e-17 1.42444e-130
7 21 7 1  1.57357 1.37995 1.24941 0.507953 4.83203e-19
7 21 8 1  4.18014e-19 8.48249e-20 1.03156e-19 3.56899e-20 3.65329e-57
7 21 9 1  1.91407e-19 1.93614e-19 1.32145e-19 7.16869e-20 6.67894e-20
7 21 10 1  1.68705e-19 4.56989e-19 1.4228e-19 3.08558e-20 1.51477e-28
7 22 1 1  3.31451e-20 3.42792e-20 1.87038e-20 4.10289e-21 4.47225e-26
7 22 2 1  2.57998e-14 3.35791e-15 9.64685e-15 1.45675e-14 1.25091e-48
7 22 3 1  3.63742e-15 4.54585e-15 2.37967e-15 6.93585e-16 4.25432e-75
7 22 4 1  4.70152e-20 2.29553e-20 9.25506e-21 3.88701e-21 4.11641e-21
7 22 5 1  9.89697e-17 2.76917e-16 2.23673e-16 1.16786e-16 1.12868e-16
7 22 6 1  2.15727e-15 4.82817e-15 4.94547e-15 4.8427e-17 1.18525e-130
7 22 7 1  1.3213 1.18349 1.11384 0.480695 4.10531e-19
7 22 8 1  1.65215e-19 2.09427e-19 8.69767e-20 3.80956e-20 2.80416e-57
7 22 9 1  1.70803e-19 1.72604e-19 1.3601e-19 7.65461e-20 6.26011e-20
7 22 10 1  1.09994e-19 2.73161e-19 2.43498e-19 3.49844e-20 9.51385e-29
7 23 1 1  9.90865e-20 5.84504e-20 3.34399e-20 9.18151e-21 5.39593e-26
7 23 2 1  5.49971e-15 4.4101e-14 1.31515e-14 2.75158e-14 1.98662e-48
7 23 3 1  3.87085e-15 7.45803e-15 5.25934e-15 1.69414e-15 7.12618e-75
7 23 4 1  8.5799e-20 4.42693e-20 1.80908e-20 7.40621e-21 7.18737e-21
7 23 5 1  6.52588e-16 4.4135e-16 4.40182e-16 2.43941e-16 2.22961e-16
7 23 6 1  7.52529e-15 7.45466e-15 9.70049e-15 8.07001e-17 2.0213e-130
7 23 7 1  2.30506 2.0746 2.02559 0.926256 7.14794e-19
7 23 8 1  1.53133e-19 3.33342e-19 2.26682e-19 7.90452e-20 4.45711e-57
7 23 9 1  3.71616e-19 3.17421e-19 2.72917e-19 1.66418e-19 1.23244e-19
7 23 10 1  1.2151e-19 3.49445e-19 4.32918e-19 9.64874e-20 1.17829e-28
7 24 1 1  6.24137e-20 6.30678e-20 2.66269e-20 8.51744e-21 2.97417e-26
7 24 2 1  2.16324e-15 1.54969e-14 2.90929e-14 2.43426e-14 1.55259e-48
7 24 3 1  2.05292e-15 5.28844e-15 5.14035e-15 1.96967e-15 5.85179e-75
7 24 4 1  7.48379e-20 4.09624e-20 1.72927e-20 7.01871e-21 6.27588e-21
7 24 5 1  5.81317e-16 7.09364e-16 3.99529e-16 2.45341e-16 2.17014e-16
7 24 6 1  6.08134e-15 7.45166e-15 8.99559e-15 6.59498e-17 1.68793e-130
7 24 7 1  1.9972 1.78826 1.79835 0.868404 6.08699e-19
7 24 8 1  7.9191e-20 2.08036e-19 2.25964e-19 8.25719e-20 3.35114e-57
7 24 9 1  6.8332e-19 2.85891e-19 2.41677e-19 1.60484e-19 1.12248e-19
7 24 10 1  1.47213e-19 2.06288e-19 3.10956e-19 9.56391e-20 6.53331e-29
7 25 1 1  3.59976e-20 5.14213e-20 2.3463e-20 6.81023e-21 1.49966e-26
7 25 2 1  3.46491e-15 5.57261e-15 2.21208e-14 2.57414e-14 1.20036e-48
7 25 3 1  1.25043e-15 3.46618e-15 4.51708e-15 2.15271e-15 4.75402e-75
7 25 4 1  6.14982e-20 3.64719e-20 1.61023e-20 6.5966e-21 5.50453e-21
7 25 5 1  8.05264e-16 7.8911e-16 4.35469e-16 2.37449e-16 2.09938e-16
7 25 6 1  6.9551e-15 6.76675e-15 8.35127e-15 5.33195e-17 1.39469e-130
7 25 7 1  1.70507 1.52768 1.57483 0.801523 5.13026e-19
7 25 8 1  6.08816e-20 1.20512e-19 1.89049e-19 8.3294e-20 2.46583e-57
7 25 9 1  4.17352e-19 3.67948e-19 2.09211e-19 1.46412e-19 1.00289e-19
7 25 10 1  8.71445e-20 1.74621e-19 2.05786e-19 8.19464e-20 3.57565e-29
7 26 1 1  1.99751e-20 2.89924e-20 1.48176e-20 4.27268e-21 5.71565e-27
7 26 2 1  1.81975e-14 3.35854e-15 1.10774e-14 2.02491e-14 7.49911e-49
7 26 3 1  7.95606e-16 1.81386e-15 2.99323e-15 1.79542e-15 3.11331e-75
7 26 4 1  4.57104e-20 2.4607e-20 1.14813e-20 4.81957e-21 3.82437e-21
7 26 5 1  3.02935e-15 8.03367e-16 3.85795e-16 1.91188e-16 1.63486e-16
7 26 6 1  5.91835e-15 5.4641e-15 6.23967e-15 3.47573e-17 9.28234e-131
7 26 7 1  1.17551 1.05504 1.1085 0.592758 3.48007e-19
7 26 8 1  3.4778e-20 6.16187e-20 1.17185e-19 6.47144e-20 1.46677e-57
7 26 9 1  2.05793e-19 2.54871e-19 1.70655e-19 1.0556e-19 7.21909e-20
7 26 10 1  7.28511e-20 9.80702e-20 1.25285e-19 5.39191e-20 1.64172e-29
7 27 1 1  1.40833e-20 1.62862e-20 9.43531e-21 2.73646e-21 2.21604e-27
7 27 2 1  7.59113e-15 1.20862e-14 5.67711e-15 1.43493e-14 4.57933e-49
7 27 3 1  5.11416e-16 9.70379e-16 1.85697e-15 1.3899e-15 1.98048e-75
7 27 4 1  3.13674e-20 1.68561e-20 7.72483e-21 3.3643e-21 2.5944e-21
7 27 5 1  1.78497e-15 2.06932e-15 3.53443e-16 1.53586e-16 1.23768e-16
7 27 6 1  5.44936e-15 4.42305e-15 4.61395e-15 2.20219e-17 5.98854e-131
7 27 7 1  0.802564 0.711829 0.756407 0.422651 2.28299e-19
7 27 8 1  2.14774e-20 3.17234e-20 6.76019e-20 4.60103e-20 8.38056e-58
7 27 9 1  1.31311e-19 1.47336e-19 1.2413e-19 7.56416e-20 4.97433e-20
7 27 10 1  3.26285e-20 6.73472e-20 5.75291e-20 2.71165e-20 5.87439e-30
7 28 1 1  9.1601e-21 7.37052e-21 4.78124e-21 1.59154e-21 7.816e-28
7 28 2 1  1.26335e-15 5.04876e-15 5.02502e-15 6.9089e-15 1.98335e-49
7 28 3 1  2.63797e-16 3.85032e-16 7.97984e-16 7.32765e-16 8.91569e-76
7 28 4 1  1.44708e-20 8.10903e-21 3.71902e-21 1.64241e-21 1.25842e-21
7 28 5 1  2.28726e-16 1.32961e-15 4.14402e-16 9.10376e-17 6.67742e-17
7 28 6 1  1.84828e-15 2.69225e-15 2.45891e-15 9.87634e-18 2.73198e-131
7 28 7 1  0.389674 0.341827 0.365026 0.212264 1.05817e-19
7 28 8 1  6.29114e-20 1.27329e-20 2.78483e-20 2.2856e-20 3.4765e-58
7 28 9 1  7.68038e-20 6.74902e-20 6.31179e-20 4.15926e-20 2.63571e-20
7 28 10 1  3.09888e-20 2.58314e-20 2.01284e-20 7.14917e-21 1.12931e-30
7 29 1 1  4.96608e-20 2.52268e-20 1.52354e-20 5.89276e-21 1.84918e-27
7 29 2 1  3.5305e-15 8.09345e-15 1.81286e-14 2.34029e-14 5.50847e-49
7 29 3 1  1.03954e-15 1.05398e-15 2.17029e-15 2.40408e-15 2.57993e-75
7 29 4 1  4.71393e-20 2.41439e-20 1.11523e-20 4.96691e-21 3.80891e-21
7 29 5 1  8.30767e-16 3.07887e-15 2.14434e-15 4.6097e-16 2.35207e-16
7 29 6 1  7.73332e-15 8.28785e-15 8.62378e-15 2.84649e-17 8.01746e-131
7 29 7 1  1.23635 1.05839 1.13325 0.684148 3.15841e-19
7 29 8 1  1.0048e-19 1.16311e-19 7.58668e-20 7.31968e-20 9.58284e-58
7 29 9 1  2.59274e-19 2.22752e-19 2.01532e-19 1.45273e-19 9.1537e-20
7 29 10 1  1.56918e-19 1.11371e-19 5.60423e-20 1.61627e-20 1.70521e-30
7 30 1 1  2.02244e-20 2.1132e-20 9.07132e-21 3.74196e-21 7.90315e-28
7 30 2 1  2.91999e-15 3.36432e-15 9.13056e-15 1.56158e-14 2.9767e-49
7 30 3 1  5.61338e-16 6.40303e-16 1.14917e-15 1.49813e-15 1.4531e-75
7 30 4 1  4.04046e-20 1.52447e-20 6.78273e-21 3.04475e-21 2.34458e-21
7 30 5 1  1.08362e-15 1.53984e-15 1.49951e-15 4.59059e-16 1.72339e-16
7 30 6 1  3.03181e-15 5.56415e-15 5.73633e-15 1.59678e-17 4.58023e-131
7 30 7 1  0.796983 0.642984 0.685457 0.428235 1.83585e-19
7 30 8 1  1.06669e-19 6.83015e-20 5.66971e-20 4.55405e-20 5.24624e-58
7 30 9 1  1.45085e-19 1.41826e-19 1.2427e-19 9.43537e-20 6.07748e-20
7 30 10 1  6.62422e-20 1.05679e-19 4.20488e-20 9.05502e-21 5.91149e-31
7 31 1 1  7.79628e-21 1.13859e-20 5.29123e-21 1.88501e-21 2.73435e-28
7 31 2 1  5.531e-15 2.09734e-15 4.14416e-15 9.43013e-15 1.53267e-49
7 31 3 1  2.81079e-16 3.5408e-16 5.92576e-16 8.7372e-16 7.79421e-76
7 31 4 1  2.83222e-20 1.10916e-20 4.30022e-21 1.90945e-21 1.47981e-21
7 31 5 1  2.47873e-16 1.05675e-15 8.98342e-16 3.701e-16 1.29364e-16
7 31 6 1  1.42832e-15 2.95927e-15 3.64278e-15 8.53065e-18 2.49167e-131
7 31 7 1  0.492351 0.3782 0.395792 0.254792 1.01649e-19
7 31 8 1  4.22561e-20 5.11017e-20 3.6372e-20 2.71892e-20 2.68408e-58
7 31 9 1  8.34963e-20 7.97569e-20 7.23823e-20 5.64167e-20 3.7543e-20
7 31 10 1  1.13543e-20 5.59303e-20 3.549e-20 5.47771e-21 1.95002e-31
7 32 1 1  1.00975e-20 1.61692e-20 8.45594e-21 2.72672e-21 2.58795e-28
7 32 2 1  2.20654e-15 9.91821e-15 6.2748e-15 1.65135e-14 2.38788e-49
7 32 3 1  5.54141e-16 5.72288e-16 9.35015e-16 1.52484e-15 1.26792e-75
7 32 4 1  4.32557e-20 2.47852e-20 9.13851e-21 3.79693e-21 2.94389e-21
7 32 5 1  2.89084e-16 1.46929e-15 1.6975e-15 8.08456e-16 3.00814e-16
7 32 6 1  2.2592e-14 4.60728e-15 6.79054e-15 1.38182e-17 4.11474e-131
7 32 7 1  0.987908 0.683796 0.696198 0.459914 1.71143e-19
7 32 8 1  4.61787e-20 8.21995e-20 7.33767e-20 4.89005e-20 4.0914e-58
7 32 9 1  1.35454e-19 1.34148e-19 1.23371e-19 9.91992e-20 6.82903e-20
7 32 10 1  2.20575e-20 5.5348e-20 6.66832e-20 1.18405e-20 1.94372e-31
7 33 1 1  5.92822e-21 9.89026e-21 6.04693e-21 1.94626e-21 1.16608e-28
7 33 2 1  1.55962e-14 3.67197e-15 7.0892e-15 1.2261e-14 1.60561e-49
7 33 3 1  5.87681e-15 4.29839e-16 6.3943e-16 1.13878e-15 8.90914e-76
7 33 4 1  2.867e-20 2.08257e-20 8.89357e-21 3.47453e-21 2.62052e-21
7 33 5 1  1.2969e-15 8.46793e-16 1.2712e-15 7.27291e-16 2.97246e-16
7 33 6 1  1.09776e-14 1.05041e-14 5.32022e-15 9.66705e-18 2.93635e-131
7 33 7 1  0.882447 0.549301 0.531793 0.358545 1.2466e-19
7 33 8 1  2.33826e-20 5.00969e-20 6.0191e-20 3.94102e-20 2.74035e-58
7 33 9 1  1.30039e-19 9.43264e-20 8.885e-20 7.34175e-20 5.2412e-20
7 33 10 1  1.78674e-20 3.061e-20 4.31423e-20 1.11947e-20 9.12251e-32
7 34 1 1  6.91427e-21 8.79111e-21 6.08837e-21 2.18806e-21 8.26834e-29
7 34 2 1  6.62919e-15 1.67382e-14 6.77053e-15 1.39987e-14 1.56825e-49
7 34 3 1  3.95382e-15 2.89248e-15 6.45966e-16 1.22724e-15 9.10292e-76
7 34 4 1  2.81197e-20 2.35589e-20 1.1937e-20 4.81044e-21 3.45805e-21
7 34 5 1  2.46078e-15 1.74328e-15 1.30447e-15 9.0161e-16 4.17219e-16
7 34 6 1  1.99167e-14 1.33419e-14 7.6342e-15 9.83305e-18 3.0484e-131
7 34 7 1  1.15423 0.661681 0.595586 0.406612 1.32251e-19
7 34 8 1  2.93741e-20 4.23468e-20 6.66593e-20 4.68466e-20 2.69756e-58
7 34 9 1  3.18026e-19 1.14394e-19 9.50533e-20 8.07841e-20 5.9864e-20
7 34 10 1  2.47913e-20 2.99319e-20 4.03265e-20 1.43376e-20 6.91142e-32
7 35 1 1  2.53757e-20 9.55107e-21 6.71386e-21 2.69589e-21 6.68393e-29
7 35 2 1  9.02905e-16 1.29328e-14 1.63095e-14 1.69996e-14 1.67597e-49
7 35 3 1  3.32671e-15 3.98946e-15 1.48755e-15 1.44116e-15 1.0194e-75
7 35 4 1  3.23369e-20 2.76065e-20 1.61656e-20 7.10822e-21 4.99499e-21
7 35 5 1  2.17448e-15 3.71142e-15 1.76592e-15 1.16721e-15 6.23755e-16
7 35 6 1  2.8731e-14 2.1927e-14 1.15519e-14 1.09605e-17 3.47058e-131
7 35 7 1  1.48364 0.896445 0.739436 0.505944 1.54052e-19
7 35 8 1  7.26e-20 4.47091e-20 7.54338e-20 5.98636e-20 2.88938e-58
7 35 9 1  3.36171e-19 2.35088e-19 1.1993e-19 9.9649e-20 7.67347e-20
7 35 10 1  2.24669e-20 3.96052e-20 4.34649e-20 1.82856e-20 5.87379e-32
7 36 1 1  4.23365e-20 1.18562e-20 4.96031e-21 2.21657e-21 3.7405e-29
7 36 2 1  6.07847e-15 3.16565e-15 1.18442e-14 1.38539e-14 1.05699e-49
7 36 3 1  1.6066e-15 2.63051e-15 1.52336e-15 1.06752e-15 6.73101e-76
7 36 4 1  2.34966e-19 1.9139e-20 1.23011e-20 6.00045e-21 4.3019e-21
7 36 5 1  6.90743e-15 2.84953e-15 1.68238e-15 9.00225e-16 5.32599e-16
7 36 6 1  1.21013e-14 1.98631e-14 1.05669e-14 7.20452e-18 2.32868e-131
7 36 7 1  1.07432 0.707832 0.548157 0.371035 1.0572e-19
7 36 8 1  4.26395e-20 4.23956e-20 4.95128e-20 4.40712e-20 1.81673e-58
7 36 9 1  2.00154e-19 2.00439e-19 1.13515e-19 7.5589e-20 5.97677e-20
7 36 10 1  1.25705e-20 2.48027e-20 3.3666e-20 1.49704e-20 3.38076e-32
7 37 1 1  7.6002e-20 3.81911e-20 1.00738e-20 3.93506e-21 4.6694e-29
7 37 2 1  1.30598e-15 9.51207e-15 1.2756e-14 2.32406e-14 1.40893e-49
7 37 3 1  4.27919e-14 3.30445e-15 2.72725e-15 1.75434e-15 9.36851e-76
7 37 4 1  2.62023e-19 1.07065e-19 1.94933e-20 1.04461e-20 7.927e-21
7 37 5 1  1.07435e-14 1.11043e-14 3.09068e-15 1.54775e-15 9.3782e-16
7 37 6 1  2.14695e-14 2.80641e-14 2.03665e-14 9.98546e-18 3.28985e-131
7 37 7 1  1.59623 1.15465 0.864421 0.572974 1.5254e-19
7 37 8 1  4.55332e-20 6.62496e-20 7.5489e-20 6.78937e-20 2.42764e-58
7 37 9 1  2.53415e-19 3.04634e-19 2.14948e-19 1.28172e-19 9.73785e-20
7 37 10 1  3.24785e-20 3.09289e-20 5.429e-20 2.80636e-20 4.52142e-32
7 38 1 1  6.54137e-20 4.884e-20 1.56209e-20 4.24132e-21 3.39177e-29
7 38 2 1  1.56972e-15 3.32804e-15 1.10037e-14 2.07829e-14 1.08845e-49
7 38 3 1  1.9213e-14 1.65077e-14 2.50983e-15 1.69665e-15 7.55026e-76
7 38 4 1  1.72351e-19 1.21574e-19 3.31325e-20 1.02124e-20 8.38448e-21
7 38 5 1  1.49366e-15 1.34555e-14 4.74161e-15 1.57085e-15 9.5093e-16
7 38 6 1  9.53977e-15 2.47402e-14 2.09022e-14 8.01479e-18 2.68964e-131
7 38 7 1  1.35039 1.06837 0.793834 0.512731 1.27275e-19
7 38 8 1  2.60306e-20 5.17668e-20 6.82708e-20 6.14365e-20 1.90644e-58
7 38 9 1  1.6895e-19 2.41662e-19 2.07758e-19 1.26157e-19 8.94989e-20
7 38 10 1  1.93734e-20 3.47335e-20 4.76936e-20 2.98528e-20 3.57358e-32
7 39 1 1  6.16699e-20 7.53872e-20 3.32519e-20 8.15813e-21 3.84374e-29
7 39 2 1  2.00842e-15 2.98417e-15 1.03364e-14 2.71579e-14 1.23831e-49
7 39 3 1  1.30467e-14 2.22238e-14 7.88061e-15 2.39789e-15 8.98939e-76
7 39 4 1  1.69341e-19 1.64789e-19 6.58574e-20 1.88401e-20 1.29232e-20
7 39 5 1  1.09674e-14 1.1836e-14 9.43057e-15 2.72462e-15 1.42698e-15
7 39 6 1  2.43257e-14 2.63505e-14 3.05194e-14 9.50111e-18 3.25141e-131
7 39 7 1  1.66203 1.43484 1.08135 0.680756 1.57235e-19
7 39 8 1  2.40801e-20 5.44331e-20 8.93284e-20 8.34577e-20 2.247e-58
7 39 9 1  1.76786e-19 2.66424e-19 2.75312e-19 1.82296e-19 1.22847e-19
7 39 10 1  2.39981e-20 3.91576e-20 6.81679e-20 4.5804e-20 4.2684e-32
7 40 1 1  4.20542e-20 5.6795e-20 3.68004e-20 1.01958e-20 2.71099e-29
7 40 2 1  1.87746e-15 2.01482e-15 5.71964e-15 2.02287e-14 8.39606e-50
7 40 3 1  5.56528e-15 1.39656e-14 8.85436e-15 2.46181e-15 6.39222e-76
7 40 4 1  1.01056e-19 1.21325e-19 6.47713e-20 2.1581e-20 1.24258e-20
7 40 5 1  4.42778e-15 1.22552e-14 7.93399e-15 2.98715e-15 1.31708e-15
7 40 6 1  7.30221e-14 2.18276e-14 2.50009e-14 6.72542e-18 2.34918e-131
7 40 7 1  1.26893 1.13332 0.880184 0.542045 1.16249e-19
7 40 8 1  1.51091e-20 3.3396e-20 6.7443e-20 6.8318e-20 1.60361e-58
7 40 9 1  1.25345e-19 1.72756e-19 2.05287e-19 1.53343e-19 1.01766e-19
7 40 10 1  2.10645e-20 2.78842e-20 5.4623e-20 4.18522e-20 3.08337e-32
7 41 1 1  2.8803e-20 3.85837e-20 3.24061e-20 1.14549e-20 1.80872e-29
7 41 2 1  3.87877e-15 1.58205e-15 3.08236e-15 1.35728e-14 5.28256e-50
7 41 3 1  2.36621e-15 7.38275e-15 7.21263e-15 2.41907e-15 4.22047e-76
7 41 4 1  5.78333e-20 7.92666e-20 5.28484e-20 2.1392e-20 1.1707e-20
7 41 5 1  1.95258e-15 7.74556e-15 6.66373e-15 2.73764e-15 1.17325e-15
7 41 6 1  2.52418e-14 3.44087e-14 1.90473e-14 4.41997e-18 1.57643e-131
7 41 7 1  0.930858 0.828527 0.663937 0.402042 7.98966e-20
7 41 8 1  1.31313e-20 1.92823e-20 4.57347e-20 5.16426e-20 1.06723e-58
7 41 9 1  9.27416e-20 1.06876e-19 1.36047e-19 1.15368e-19 7.83184e-20
7 41 10 1  5.82897e-20 2.09132e-20 3.95746e-20 3.47084e-20 2.07496e-32
7 42 1 1  2.55542e-19 2.68606e-20 2.67257e-20 1.20722e-20 1.24112e-29
7 42 2 1  3.41913e-15 2.79904e-15 1.87952e-15 9.05275e-15 3.36619e-50
7 42 3 1  1.18272e-15 3.77728e-15 5.19676e-15 2.26604e-15 2.82968e-76
7 42 4 1  3.58537e-20 5.16659e-20 4.09963e-20 1.99277e-20 1.15062e-20
7 42 5 1  3.68668e-15 4.44829e-15 5.15411e-15 2.47116e-15 1.07041e-15
7 42 6 1  1.14261e-13 2.44688e-14 1.73352e-14 2.94897e-18 1.0753e-131
7 42 7 1  0.729798 0.618158 0.508073 0.304156 5.59264e-20
7 42 8 1  1.53191e-20 1.31188e-20 3.09837e-20 3.95014e-20 7.27819e-59
7 42 9 1  7.51377e-20 7.36135e-20 9.23706e-20 8.76057e-20 6.2685e-20
7 42 10 1  7.61239e-20 4.23092e-20 2.96429e-20 2.87628e-20 1.43005e-32
8 1 1 1  1.95983e-16 3.02309e-15 1.3405e-15 3.78298e-17 3.86407e-17
8 1 2 1  7.13288e-153 1.3533e-111 6.75112e-11 1.85344e-54 1.4814e-42
8 1 3 1  1.89266e-25 4.77391e-12 3.6533e-12 3.66011e-12 1.3037e-69
8 1 4 1  1.24503e-18 4.4315e-16 6.4485e-32 5.42061e-16 3.37665e-28
8 1 5 1  3.73191e-12 2.01422e-21 6.33678e-12 4.96609e-13 5.33037e-15
8 1 6 1  1.45496e-10 1.58683e-52 2.77773e-11 1.68772e-11 2.31098e-125
8 1 7 1  2.34268e-65 1.63816e-11 2.74362e-11 7.20185e-12 4.79343e-29
8 1 8 1  0.191398 5.81301 2.70871 0.0452438 6.3564e-36
8 1 9 1  6.63132e-35 2.16278e-16 4.83935e-15 2.42484e-15 5.57452e-27
8 1 10 1  2.88856e-15 3.71888e-15 1.0816e-15 2.02727e-16 4.21254e-17
8 2 1 1  2.28761e-16 1.36335e-15 1.30017e-15 1.80661e-16 2.42159e-17
8 2 2 1  4.52967e-12 2.69965e-112 2.58316e-11 1.349e-11 9.43267e-43
8 2 3 1  1.07863e-12 1.93131e-12 2.75348e-12 2.78451e-12 9.18977e-70
8 2 4 1  4.64005e-17 2.47388e-16 8.00013e-17 3.06153e-16 9.4014e-17
8 2 5 1  2.10369e-12 2.1987e-12 3.53198e-12 1.17147e-12 5.42159e-14
8 2 6 1  5.505e-11 4.98812e-11 1.79539e-11 1.17851e-11 1.68204e-125
8 2 7 1  2.33902e-12 9.2324e-12 1.99061e-11 6.35743e-12 3.6102e-29
8 2 8 1  0.576384 2.17998 2.73471 0.282748 4.3284e-36
8 2 9 1  7.37565e-16 1.00026e-16 2.65085e-15 2.34375e-15 2.4915e-16
8 2 10 1  1.2767e-15 2.73992e-15 1.4005e-15 1.69686e-16 1.86937e-17
8 3 1 1  7.59536e-16 1.39773e-15 1.94881e-15 5.57625e-16 3.19634e-17
8 3 2 1  5.425e-12 6.60676e-12 2.14221e-11 2.86414e-11 1.28603e-42
8 3 3 1  3.6755e-12 2.38028e-12 3.82155e-12 4.51662e-12 1.37744e-69
8 3 4 1  1.6991e-16 3.13347e-16 1.91003e-16 3.98546e-16 2.61072e-16
8 3 5 1  2.21778e-12 4.64595e-12 5.15654e-12 2.58239e-12 3.37348e-13
8 3 6 1  1.16219e-10 8.8712e-11 4.03898e-11 1.75075e-11 2.59963e-125
8 3 7 1  7.56244e-12 1.17761e-11 3.0208e-11 1.15681e-11 5.7683e-29
8 3 8 1  0.982143 2.08079 4.06347 0.91936 6.11192e-36
8 3 9 1  1.88973e-15 6.10569e-16 3.08581e-15 4.06122e-15 8.92868e-16
8 3 10 1  9.96692e-15 3.24482e-15 2.37641e-15 3.45398e-16 1.58512e-17
8 4 1 1  7.24183e-15 1.10179e-15 1.61486e-15 7.3751e-16 2.56697e-17
8 4 2 1  8.66078e-12 6.72639e-12 1.48436e-11 2.91447e-11 1.09495e-42
8 4 3 1  5.70796e-12 2.77747e-12 3.25534e-12 4.47932e-12 1.27974e-69
8 4 4 1  2.5715e-16 2.7435e-16 2.16341e-16 3.41501e-16 3.45599e-16
8 4 5 1  1.18543e-12 4.38322e-12 5.07277e-12 3.05567e-12 6.73268e-13
8 4 6 1  1.14398e-10 1.07639e-10 5.22178e-11 1.61306e-11 2.48603e-125
8 4 7 1  1.15335e-11 1.01754e-11 2.81586e-11 1.27237e-11 5.69507e-29
8 4 8 1  8.39038 1.38106 3.28539 1.22155 5.12294e-36
8 4 9 1  2.19763e-15 1.17748e-15 2.37349e-15 3.97827e-15 1.38409e-15
8 4 10 1  1.99458e-15 9.23583e-15 1.87384e-15 3.34765e-16 7.07766e-18
8 5 1 1  2.58853e-15 2.53672e-15 8.94601e-16 5.62237e-16 1.3946e-17
8 5 2 1  1.1337e-11 7.02746e-12 8.37042e-12 2.01996e-11 6.75042e-43
8 5 3 1  4.49683e-12 2.76769e-12 2.14904e-12 3.15817e-12 8.55247e-70
8 5 4 1  2.80898e-16 1.92185e-16 1.61921e-16 2.1858e-16 2.97464e-16
8 5 5 1  6.88104e-13 2.4789e-12 3.56056e-12 2.46509e-12 7.64118e-13
8 5 6 1  5.10457e-11 8.61439e-11 4.7891e-11 1.06966e-11 1.70727e-125
8 5 7 1  1.08136e-11 7.00016e-12 1.88152e-11 9.86614e-12 4.0322e-29
8 5 8 1  2.50695 3.13438 1.86984 0.999031 3.10568e-36
8 5 9 1  1.66742e-15 1.19366e-15 1.48727e-15 2.70484e-15 1.32387e-15
8 5 10 1  3.80567e-15 3.62521e-15 2.7911e-15 2.11737e-16 2.29391e-18
8 6 1 1  1.57881e-15 2.38792e-15 1.1326e-15 5.05804e-16 9.71597e-18
8 6 2 1  2.43004e-11 1.19274e-11 8.16838e-12 1.84687e-11 5.62772e-43
8 6 3 1  4.37755e-12 3.26703e-12 2.1493e-12 2.98903e-12 7.70448e-70
8 6 4 1  3.44333e-16 2.06979e-16 1.6068e-16 1.94277e-16 3.29168e-16
8 6 5 1  1.68422e-12 1.91243e-12 3.2146e-12 2.5886e-12 1.03967e-12
8 6 6 1  4.54918e-11 7.49697e-11 5.7026e-11 9.56419e-12 1.5796e-125
8 6 7 1  1.26841e-11 7.009e-12 1.69778e-11 1.01655e-11 3.84545e-29
8 6 8 1  1.3295 2.53653 2.10225 1.02342 2.57077e-36
8 6 9 1  1.70213e-15 1.40741e-15 1.41214e-15 2.46648e-15 1.57288e-15
8 6 10 1  1.39289e-15 4.31377e-15 1.85467e-15 2.70095e-16 8.85924e-19
8 7 1 1  1.45276e-15 1.81459e-15 1.22169e-15 5.03583e-16 6.8484e-18
8 7 2 1  3.84417e-11 2.32249e-11 1.00681e-11 1.59377e-11 4.38542e-43
8 7 3 1  5.6798e-12 3.28449e-12 2.12492e-12 2.65531e-12 6.47703e-70
8 7 4 1  3.73303e-16 2.17979e-16 1.52655e-16 1.65047e-16 3.30839e-16
8 7 5 1  9.73209e-13 2.23014e-12 2.62677e-12 2.45083e-12 1.22791e-12
8 7 6 1  7.64068e-11 6.16615e-11 5.84558e-11 7.98131e-12 1.36358e-125
8 7 7 1  1.29333e-11 6.86512e-12 1.43727e-11 9.66681e-12 3.42207e-29
8 7 8 1  2.62587 1.62997 1.94533 0.994084 1.97756e-36
8 7 9 1  1.74245e-15 1.46518e-15 1.35217e-15 2.13951e-15 1.67427e-15
8 7 10 1  9.05652e-16 2.49326e-15 1.96402e-15 2.08582e-16 3.13736e-19
8 8 1 1  8.45869e-16 1.43353e-15 1.07871e-15 4.97144e-16 4.66783e-18
8 8 2 1  1.52876e-10 3.70056e-11 1.65002e-11 1.42789e-11 3.35163e-43
8 8 3 1  6.5585e-12 3.69932e-12 2.07828e-12 2.33437e-12 5.31742e-70
8 8 4 1  3.58848e-16 2.23943e-16 1.4436e-16 1.38554e-16 3.14748e-16
8 8 5 1  3.51351e-12 1.83852e-12 2.26366e-12 2.19817e-12 1.34276e-12
8 8 6 1  1.1666e-10 6.61939e-11 5.60792e-11 6.50651e-12 1.14812e-125
8 8 7 1  1.25641e-11 6.6737e-12 1.19789e-11 8.88713e-12 2.9674e-29
8 8 8 1  1.27289 1.73925 1.58633 0.934683 1.4864e-36
8 8 9 1  1.74872e-15 1.47297e-15 1.295e-15 1.8328e-15 1.67524e-15
8 8 10 1  1.79608e-15 1.48773e-15 1.58876e-15 2.73428e-16 1.55785e-19
8 9 1 1  2.44992e-15 8.99864e-16 7.90353e-16 4.02958e-16 2.70077e-18
8 9 2 1  2.65729e-10 1.17744e-10 2.35487e-11 1.30003e-11 2.26544e-43
8 9 3 1  5.83942e-12 3.74563e-12 1.89885e-12 1.83198e-12 3.83844e-70
8 9 4 1  3.0695e-16 1.95454e-16 1.21669e-16 1.0378e-16 2.56611e-16
8 9 5 1  8.44833e-13 3.07946e-12 1.69999e-12 1.71752e-12 1.23751e-12
8 9 6 1  5.07033e-11 7.59141e-11 4.86617e-11 4.66653e-12 8.48458e-126
8 9 7 1  1.08204e-11 5.73488e-12 8.86261e-12 7.11792e-12 2.25408e-29
8 9 8 1  2.08652 1.1138 1.24477 0.758226 9.90888e-37
8 9 9 1  1.3221e-15 1.28435e-15 1.09459e-15 1.3878e-15 1.42248e-15
8 9 10 1  8.89676e-16 1.59283e-15 8.7301e-16 2.15555e-16 6.11888e-20
8 10 1 1  1.6806e-15 1.81312e-15 8.33909e-16 4.85713e-16 2.38717e-18
8 10 2 1  3.47558e-11 3.32231e-10 9.72345e-11 2.13514e-11 2.37031e-43
8 10 3 1  8.01102e-12 5.48136e-12 2.81001e-12 2.25879e-12 4.24376e-70
8 10 4 1  3.92446e-16 2.56268e-16 1.57009e-16 1.21243e-16 3.14176e-16
8 10 5 1  1.57919e-12 2.99544e-12 2.53189e-12 2.03392e-12 1.68737e-12
8 10 6 1  3.53769e-11 8.74212e-11 6.98413e-11 5.1314e-12 9.56813e-126
8 10 7 1  2.1869e-10 7.61968e-12 1.0148e-11 8.64073e-12 2.60217e-29
8 10 8 1  1.92441 1.79736 1.40893 0.928955 1.00032e-36
8 10 9 1  1.52434e-15 1.59498e-15 1.418e-15 1.62463e-15 1.80412e-15
8 10 10 1  8.71604e-16 1.60901e-15 9.76045e-16 1.825e-16 3.04032e-20
8 11 1 1  3.68538e-15 1.62915e-15 8.57869e-16 4.1538e-16 1.54735e-18
8 11 2 1  2.90959e-10 1.21213e-10 2.387e-10 4.49676e-11 2.01547e-43
8 11 3 1  9.34501e-12 6.24342e-12 3.37099e-12 2.31915e-12 3.78848e-70
8 11 4 1  4.12091e-16 2.63599e-16 1.61079e-16 1.15134e-16 3.02934e-16
8 11 5 1  1.75864e-12 2.97585e-12 2.62411e-12 2.02953e-12 1.81048e-12
8 11 6 1  2.87499e-11 7.09961e-11 7.72112e-11 4.55931e-12 8.68983e-126
8 11 7 1  1.58405e-10 4.37065e-11 9.49967e-12 8.40809e-12 2.41191e-29
8 11 8 1  0.979258 1.67333 1.41511 0.8874 7.96603e-37
8 11 9 1  1.54903e-15 1.52899e-15 1.44049e-15 1.54374e-15 1.80382e-15
8 11 10 1  1.05052e-14 1.28678e-15 8.55538e-16 1.43763e-16 1.22961e-20
8 12 1 1  1.64643e-15 1.90693e-15 6.63626e-16 2.92037e-16 7.85018e-19
8 12 2 1  5.52691e-11 2.35656e-10 1.61904e-10 8.60884e-11 1.42151e-43
8 12 3 1  9.92818e-12 5.908e-12 3.27401e-12 2.02678e-12 2.80349e-70
8 12 4 1  3.43563e-16 2.19438e-16 1.32342e-16 8.95016e-17 2.33415e-16
8 12 5 1  9.91569e-13 2.5629e-12 2.22609e-12 1.69127e-12 1.5915e-12
8 12 6 1  7.14767e-11 4.75212e-11 6.65356e-11 3.35855e-12 6.53597e-126
8 12 7 1  9.49972e-11 4.96727e-11 1.07555e-11 6.75762e-12 1.849e-29
8 12 8 1  1.91451 0.999931 1.15704 0.714296 5.29162e-37
8 12 9 1  1.28708e-15 1.25686e-15 1.20136e-15 1.24535e-15 1.50144e-15
8 12 10 1  1.31947e-15 7.18863e-15 5.05835e-16 8.85058e-17 3.67545e-21
8 13 1 1  1.06565e-15 1.80474e-15 7.9786e-16 2.64889e-16 4.99584e-19
8 13 2 1  3.37195e-11 1.23792e-10 2.4164e-10 1.30165e-10 1.35521e-43
8 13 3 1  5.8598e-11 7.96647e-12 4.24239e-12 2.44419e-12 2.81103e-70
8 13 4 1  3.89069e-16 2.42278e-16 1.43633e-16 9.30731e-17 2.36673e-16
8 13 5 1  1.35698e-12 2.51062e-12 2.56926e-12 1.91809e-12 1.88341e-12
8 13 6 1  5.2613e-11 6.92052e-11 7.44748e-11 3.3517e-12 6.66304e-126
8 13 7 1  7.82928e-11 5.97807e-11 1.65171e-11 7.52509e-12 1.92136e-29
8 13 8 1  1.44827 1.44608 1.16844 0.783011 4.77353e-37
8 13 9 1  1.5451e-15 1.39231e-15 1.33776e-15 1.35755e-15 1.67099e-15
8 13 10 1  4.69264e-16 4.0856e-15 2.19019e-15 5.10806e-17 1.05169e-21
8 14 1 1  9.39138e-16 1.48518e-15 7.76629e-16 2.33293e-16 2.81231e-19
8 14 2 1  2.36785e-10 7.09526e-11 2.24156e-10 1.99239e-10 1.31853e-43
8 14 3 1  4.00359e-11 3.06996e-11 5.68207e-12 3.05399e-12 2.88543e-70
8 14 4 1  9.3677e-16 2.79937e-16 1.62081e-16 1.0141e-16 2.48545e-16
8 14 5 1  2.21099e-12 2.8507e-12 2.89103e-12 2.23688e-12 2.27246e-12
8 14 6 1  2.85146e-10 7.60321e-11 8.8696e-11 3.42338e-12 6.95901e-126
8 14 7 1  6.84604e-11 6.62959e-11 2.38221e-11 8.83017e-12 2.04673e-29
8 14 8 1  0.970792 1.44699 1.31237 0.846113 4.31237e-37
8 14 9 1  1.97847e-15 1.5854e-15 1.47683e-15 1.47656e-15 1.84281e-15
8 14 10 1  1.0575e-15 2.11404e-15 2.15166e-15 1.47361e-16 3.47815e-22
8 15 1 1  6.99115e-16 9.38619e-16 5.0353e-16 1.52176e-16 1.12925e-19
8 15 2 1  1.71539e-10 1.94672e-10 1.37689e-10 1.97311e-10 9.77288e-44
8 15 3 1  2.14129e-11 2.83322e-11 1.0115e-11 2.94838e-12 2.25455e-70
8 15 4 1  8.90604e-16 3.42511e-16 1.40615e-16 8.52181e-17 1.99629e-16
8 15 5 1  2.3126e-12 2.92679e-12 2.48242e-12 1.96903e-12 2.07702e-12
8 15 6 1  1.127e-10 1.53277e-10 7.93561e-11 2.6618e-12 5.53035e-126
8 15 7 1  4.83007e-11 5.32432e-11 2.41959e-11 8.06192e-12 1.65803e-29
8 15 8 1  1.29477 0.922055 1.07292 0.696038 2.94521e-37
8 15 9 1  2.17702e-15 1.44933e-15 1.25394e-15 1.22666e-15 1.54487e-15
8 15 10 1  8.67051e-16 1.3842e-15 1.2924e-15 2.09026e-16 1.3678e-22
8 16 1 1  6.73787e-16 9.82469e-16 4.81323e-16 1.46613e-16 6.71152e-20
8 16 2 1  6.40182e-11 2.77403e-10 2.4942e-10 2.79021e-10 1.15381e-43
8 16 3 1  2.19673e-11 3.33885e-11 1.96616e-11 5.35586e-12 2.80486e-70
8 16 4 1  1.17886e-15 5.64348e-16 2.12844e-16 1.10162e-16 2.45012e-16
8 16 5 1  5.20377e-12 4.83278e-12 3.57712e-12 2.74485e-12 3.00869e-12
8 16 6 1  8.09348e-11 2.02151e-10 1.36542e-10 3.2954e-12 6.99662e-126
8 16 7 1  5.83758e-11 6.6534e-11 3.69472e-11 1.18748e-11 2.13773e-29
8 16 8 1  1.23299 1.29805 1.27051 0.889689 3.12808e-37
8 16 9 1  3.73886e-15 2.32568e-15 1.75017e-15 1.64131e-15 2.07368e-15
8 16 10 1  3.69655e-15 1.63259e-15 1.30242e-15 2.79578e-16 8.74176e-23
8 17 1 1  4.20362e-16 3.35556e-16 1.59601e-16 4.53804e-17 1.286e-20
8 17 2 1  1.0452e-10 6.04785e-11 1.32646e-10 1.39709e-10 4.58967e-44
8 17 3 1  8.26874e-12 1.26475e-11 1.03479e-11 3.35976e-12 1.18069e-70
8 17 4 1  4.97154e-16 2.86176e-16 1.12413e-16 5.06079e-17 1.0149e-16
8 17 5 1  1.77749e-12 3.19551e-12 1.82056e-12 1.30606e-12 1.47232e-12
8 17 6 1  2.55214e-11 7.53447e-11 7.34825e-11 1.38001e-12 2.9997e-126
8 17 7 1  2.53339e-11 2.78747e-11 1.83191e-11 5.96064e-12 9.35539e-30
8 17 8 1  6.10951 0.512524 0.543606 0.387422 1.14877e-37
8 17 9 1  2.34474e-15 1.31989e-15 8.7774e-16 7.57051e-16 9.49827e-16
8 17 10 1  1.44634e-15 1.61956e-15 3.96305e-16 8.98697e-17 1.54741e-23
8 18 1 1  1.8572e-15 3.31849e-16 1.36069e-16 3.70001e-17 6.32444e-21
8 18 2 1  4.27612e-10 1.07989e-10 1.03832e-10 1.52349e-10 3.92943e-44
8 18 3 1  1.60291e-10 1.02957e-11 1.04754e-11 4.2848e-12 1.07477e-70
8 18 4 1  5.36993e-16 2.92918e-16 1.2819e-16 5.40135e-17 9.34274e-17
8 18 5 1  1.90394e-12 3.23015e-12 2.20121e-12 1.3664e-12 1.55795e-12
8 18 6 1  3.48181e-11 5.82362e-11 7.84524e-11 1.24916e-12 2.78581e-126
8 18 7 1  2.583e-11 2.53026e-11 1.90578e-11 6.47495e-12 8.88538e-30
8 18 8 1  2.53504 2.96146 0.519249 0.385548 9.68492e-38
8 18 9 1  3.4895e-15 1.74552e-15 1.02074e-15 7.86652e-16 9.60947e-16
8 18 10 1  4.2822e-15 1.72925e-15 8.02178e-16 6.727e-17 6.57332e-24
8 19 1 1  8.09593e-16 7.85226e-16 1.18899e-16 3.13379e-17 3.173e-21
8 19 2 1  3.60932e-11 3.62098e-10 1.02427e-10 1.37844e-10 2.98723e-44
8 19 3 1  7.54076e-11 6.07908e-11 8.88358e-12 4.53355e-12 8.6581e-71
8 19 4 1  5.50577e-16 2.6822e-16 1.21616e-16 5.16858e-17 7.62626e-17
8 19 5 1  3.66064e-12 2.98412e-12 2.20133e-12 1.3092e-12 1.45447e-12
8 19 6 1  2.8306e-11 4.63452e-11 7.04113e-11 1.00079e-12 2.28708e-126
8 19 7 1  2.35115e-11 2.08266e-11 1.71644e-11 6.17818e-12 7.45277e-30
8 19 8 1  1.34321 2.26528 1.06247 0.336947 7.21521e-38
8 19 9 1  2.95569e-15 2.18214e-15 1.10861e-15 7.4409e-16 8.61572e-16
8 19 10 1  7.5906e-16 3.57198e-15 1.01589e-15 1.29316e-16 4.06818e-24
8 20 1 1  5.51952e-16 8.05774e-16 2.52569e-16 3.28434e-17 1.94302e-21
8 20 2 1  2.43815e-11 1.46956e-10 2.89028e-10 1.61393e-10 2.87894e-44
8 20 3 1  4.78588e-11 7.20329e-11 2.42561e-11 5.75614e-12 8.79871e-71
8 20 4 1  7.3237e-16 3.19377e-16 1.40797e-16 6.10341e-17 7.86903e-17
8 20 5 1  2.3046e-12 5.21569e-12 2.7101e-12 1.59925e-12 1.71378e-12
8 20 6 1  1.16623e-10 4.7259e-11 7.87922e-11 1.01191e-12 2.36537e-126
8 20 7 1  2.5534e-11 2.21642e-11 1.92598e-11 7.36822e-12 7.86371e-30
8 20 8 1  0.881551 1.88973 1.53335 0.448917 6.73059e-38
8 20 9 1  3.12866e-15 2.80713e-15 1.62949e-15 9.28734e-16 9.85214e-16
8 20 10 1  7.81568e-15 2.15544e-15 2.35059e-15 2.47589e-16 3.26088e-24
8 21 1 1  4.85414e-16 5.2357e-16 2.54727e-16 3.92697e-17 9.49783e-22
8 21 2 1  3.69094e-11 5.03104e-11 1.94275e-10 1.7573e-10 2.01221e-44
8 21 3 1  8.93966e-11 4.87689e-11 2.88478e-11 6.66266e-12 6.48354e-71
8 21 4 1  6.4154e-16 2.91207e-16 1.19405e-16 5.17459e-17 5.99492e-17
8 21 5 1  1.94412e-12 3.94482e-12 2.76469e-12 1.41946e-12 1.47026e-12
8 21 6 1  5.21495e-11 6.79984e-11 6.31924e-11 7.41875e-13 1.77392e-126
8 21 7 1  1.95964e-11 1.71852e-11 1.55595e-11 6.32578e-12 6.01755e-30
8 21 8 1  5.20573 1.05636 1.28465 0.444464 4.54961e-38
8 21 9 1  2.38368e-15 2.41116e-15 1.64566e-15 8.92751e-16 8.3176e-16
8 21 10 1  2.10096e-15 5.6911e-15 1.77188e-15 3.84262e-16 1.88641e-24
8 22 1 1  3.27044e-16 3.38235e-16 1.84552e-16 4.04835e-17 4.4128e-22
8 22 2 1  2.54569e-10 3.31327e-11 9.51861e-11 1.43738e-10 1.23428e-44
8 22 3 1  3.58907e-11 4.48542e-11 2.34804e-11 6.84365e-12 4.19777e-71
8 22 4 1  4.63902e-16 2.26501e-16 9.13203e-17 3.83534e-17 4.06169e-17
8 22 5 1  9.7654e-13 2.73236e-12 2.207e-12 1.15234e-12 1.11368e-12
8 22 6 1  2.12859e-11 4.76399e-11 4.87973e-11 4.77832e-13 1.1695e-126
8 22 7 1  1.30373e-11 1.16776e-11 1.09903e-11 4.74305e-12 4.05073e-30
8 22 8 1  1.63019 2.06643 0.858205 0.375892 2.76689e-38
8 22 9 1  1.68532e-15 1.70309e-15 1.34202e-15 7.55286e-16 6.17689e-16
8 22 10 1  1.08532e-15 2.6953e-15 2.40261e-15 3.45194e-16 9.38738e-25
8 23 1 1  5.5062e-16 3.24807e-16 1.85824e-16 5.10213e-17 2.9985e-22
8 23 2 1  3.05617e-11 2.45068e-10 7.30823e-11 1.52904e-10 1.10396e-44
8 23 3 1  2.15102e-11 4.1444e-11 2.92259e-11 9.41425e-12 3.95999e-71
8 23 4 1  4.76782e-16 2.46003e-16 1.0053e-16 4.11561e-17 3.994e-17
8 23 5 1  3.62641e-12 2.45256e-12 2.44608e-12 1.35557e-12 1.23899e-12
8 23 6 1  4.18178e-11 4.14253e-11 5.39053e-11 4.48448e-13 1.12323e-126
8 23 7 1  1.28091e-11 1.15285e-11 1.12561e-11 5.14717e-12 3.97209e-30
8 23 8 1  0.850956 1.85237 1.25967 0.439252 2.4768e-38
8 23 9 1  2.06506e-15 1.7639e-15 1.51659e-15 9.24782e-16 6.84864e-16
8 23 10 1  6.75228e-16 1.94185e-15 2.40571e-15 5.36177e-16 6.54773e-25
8 24 1 1  6.24722e-16 6.31269e-16 2.66518e-16 8.52543e-17 2.97696e-22
8 24 2 1  2.16526e-11 1.55114e-10 2.91201e-10 2.43654e-10 1.55405e-44
8 24 3 1  2.05484e-11 5.2934e-11 5.14517e-11 1.97151e-11 5.85727e-71
8 24 4 1  7.4908e-16 4.10008e-16 1.73089e-16 7.02529e-17 6.28176e-17
8 24 5 1  5.81862e-12 7.10028e-12 3.99904e-12 2.45571e-12 2.17218e-12
8 24 6 1  6.08704e-11 7.45864e-11 9.00402e-11 6.60116e-13 1.68951e-126
8 24 7 1  1.99908e-11 1.78993e-11 1.80003e-11 8.69218e-12 6.09269e-30
8 24 8 1  0.792652 2.08231 2.26176 0.826493 3.35428e-38
8 24 9 1  6.8396e-15 2.86159e-15 2.41903e-15 1.60634e-15 1.12353e-15
8 24 10 1  1.47351e-15 2.06481e-15 3.11248e-15 9.57287e-16 6.53943e-25
8 25 1 1  2.71388e-16 3.87668e-16 1.76888e-16 5.13426e-17 1.1306e-22
8 25 2 1  2.61221e-11 4.20121e-11 1.66769e-10 1.94065e-10 9.04958e-45
8 25 3 1  9.42704e-12 2.61317e-11 3.40544e-11 1.62294e-11 3.58407e-71
8 25 4 1  4.63637e-16 2.74963e-16 1.21396e-16 4.9732e-17 4.14989e-17
8 25 5 1  6.07092e-12 5.94914e-12 3.28302e-12 1.79014e-12 1.58273e-12
8 25 6 1  5.24348e-11 5.10148e-11 6.29606e-11 4.01978e-13 1.05146e-126
8 25 7 1  1.28546e-11 1.15172e-11 1.18727e-11 6.04271e-12 3.86772e-30
8 25 8 1  0.458989 0.908544 1.42525 0.627957 1.859e-38
8 25 9 1  3.14643e-15 2.77398e-15 1.57725e-15 1.10381e-15 7.56083e-16
8 25 10 1  6.56987e-16 1.31647e-15 1.55143e-15 6.17797e-16 2.6957e-25
8 26 1 1  2.73083e-16 3.96359e-16 2.02573e-16 5.84124e-17 7.81395e-23
8 26 2 1  2.48781e-10 4.59151e-11 1.51441e-10 2.76828e-10 1.02521e-44
8 26 3 1  1.08768e-11 2.47976e-11 4.09209e-11 2.45455e-11 4.25625e-71
8 26 4 1  6.24913e-16 3.36406e-16 1.56962e-16 6.5889e-17 5.22835e-17
8 26 5 1  4.14146e-11 1.09829e-11 5.27426e-12 2.61375e-12 2.23504e-12
8 26 6 1  8.09106e-11 7.47005e-11 8.53035e-11 4.75172e-13 1.269e-126
8 26 7 1  1.60706e-11 1.44236e-11 1.51545e-11 8.10368e-12 4.75765e-30
8 26 8 1  0.475456 0.842398 1.60205 0.88472 2.00524e-38
8 26 9 1  2.81343e-15 3.48438e-15 2.33305e-15 1.44313e-15 9.86932e-16
8 26 10 1  9.95958e-16 1.34073e-15 1.71279e-15 7.37136e-16 2.24442e-25
8 27 1 1  2.15683e-16 2.49418e-16 1.44499e-16 4.19082e-17 3.3938e-23
8 27 2 1  1.16256e-10 1.85097e-10 8.69435e-11 2.19756e-10 7.01312e-45
8 27 3 1  7.83221e-12 1.48611e-11 2.8439e-11 2.1286e-11 3.03306e-71
8 27 4 1  4.80383e-16 2.58147e-16 1.18304e-16 5.15234e-17 3.97326e-17
8 27 5 1  2.73363e-11 3.16912e-11 5.41288e-12 2.35213e-12 1.89547e-12
8 27 6 1  8.34556e-11 6.77378e-11 7.06614e-11 3.3726e-13 9.17129e-127
8 27 7 1  1.22911e-11 1.09015e-11 1.15842e-11 6.47279e-12 3.49635e-30
8 27 8 1  0.328921 0.485835 1.03531 0.704635 1.28346e-38
8 27 9 1  2.01099e-15 2.25642e-15 1.90101e-15 1.15843e-15 7.61806e-16
8 27 10 1  4.99697e-16 1.0314e-15 8.81043e-16 4.15282e-16 8.99648e-26
8 28 1 1  2.10757e-16 1.69582e-16 1.10008e-16 3.66183e-17 1.79832e-23
8 28 2 1  2.90674e-11 1.16163e-10 1.15617e-10 1.58961e-10 4.56333e-45
8 28 3 1  6.06948e-12 8.85889e-12 1.83601e-11 1.68596e-11 2.05134e-71
8 28 4 1  3.32946e-16 1.86574e-16 8.55679e-17 3.77888e-17 2.89539e-17
8 28 5 1  5.26257e-12 3.05918e-11 9.53464e-12 2.09461e-12 1.53635e-12
8 28 6 1  4.25255e-11 6.19438e-11 5.65751e-11 2.27237e-13 6.28579e-127
8 28 7 1  8.96569e-12 7.86482e-12 8.39858e-12 4.88382e-12 2.43467e-30
8 28 8 1  1.44748 0.29296 0.640738 0.525876 7.9988e-39
8 28 9 1  1.76712e-15 1.55283e-15 1.45223e-15 9.5697e-16 6.0643e-16
8 28 10 1  7.12996e-16 5.94333e-16 4.63118e-16 1.64489e-16 2.59834e-26
8 29 1 1  2.09092e-16 1.06215e-16 6.41473e-17 2.48109e-17 7.7858e-24
8 29 2 1  1.48649e-11 3.40767e-11 7.63287e-11 9.85358e-11 2.31929e-45
8 29 3 1  4.3769e-12 4.43771e-12 9.13782e-12 1.01222e-11 1.08626e-71
8 29 4 1  1.98476e-16 1.01656e-16 4.69559e-17 2.09127e-17 1.60371e-17
8 29 5 1  3.49787e-12 1.29633e-11 9.02855e-12 1.94087e-12 9.90319e-13
8 29 6 1  3.25604e-11 3.48952e-11 3.63097e-11 1.19849e-13 3.37568e-127
8 29 7 1  5.20554e-12 4.45624e-12 4.77143e-12 2.88054e-12 1.32982e-30
8 29 8 1  0.423062 0.489719 0.319431 0.308189 4.03477e-39
8 29 9 1  1.09165e-15 9.37876e-16 8.48532e-16 6.11661e-16 3.85409e-16
8 29 10 1  6.60689e-16 4.6892e-16 2.35961e-16 6.80516e-17 7.17965e-27
8 30 1 1  1.27642e-16 1.3337e-16 5.72517e-17 2.36166e-17 4.9879e-24
8 30 2 1  1.84289e-11 2.12332e-11 5.76255e-11 9.85556e-11 1.87868e-45
8 30 3 1  3.54276e-12 4.04113e-12 7.25273e-12 9.45514e-12 9.17094e-72
8 30 4 1  2.55005e-16 9.62136e-17 4.28077e-17 1.92163e-17 1.47973e-17
8 30 5 1  6.83905e-12 9.71838e-12 9.4638e-12 2.89725e-12 1.08768e-12
8 30 6 1  1.91346e-11 3.51169e-11 3.62036e-11 1.00777e-13 2.89071e-127
8 30 7 1  5.02998e-12 4.05805e-12 4.32611e-12 2.70271e-12 1.15866e-30
8 30 8 1  0.673218 0.43107 0.357831 0.287419 3.31105e-39
8 30 9 1  9.15669e-16 8.95104e-16 7.84305e-16 5.95492e-16 3.83567e-16
8 30 10 1  4.18073e-16 6.66972e-16 2.65381e-16 5.71488e-17 3.73091e-27
8 31 1 1  1.41936e-16 2.07288e-16 9.63304e-17 3.43177e-17 4.97805e-24
8 31 2 1  1.00695e-10 3.81834e-11 7.54471e-11 1.71682e-10 2.79032e-45
8 31 3 1  5.11723e-12 6.44626e-12 1.07882e-11 1.59066e-11 1.41899e-71
8 31 4 1  5.15623e-16 2.0193e-16 7.82883e-17 3.47627e-17 2.69409e-17
8 31 5 1  4.51268e-12 1.92389e-11 1.63549e-11 6.73791e-12 2.35515e-12
8 31 6 1  2.60035e-11 5.38754e-11 6.63192e-11 1.55306e-13 4.53624e-127
8 31 7 1  8.96358e-12 6.88538e-12 7.20565e-12 4.63866e-12 1.85059e-30
8 31 8 1  0.7693 0.93034 0.662176 0.494997 4.88654e-39
8 31 9 1  1.5201e-15 1.45203e-15 1.31777e-15 1.0271e-15 6.83494e-16
8 31 10 1  2.06712e-16 1.01825e-15 6.46118e-16 9.97253e-17 3.55014e-27
8 32 1 1  9.55999e-17 1.53085e-16 8.00579e-17 2.58156e-17 2.45018e-24
8 32 2 1  2.08908e-11 9.39022e-11 5.94076e-11 1.56344e-10 2.26076e-45
8 32 3 1  5.24642e-12 5.41822e-12 8.85239e-12 1.44367e-11 1.20042e-71
8 32 4 1  4.09529e-16 2.34658e-16 8.65202e-17 3.5948e-17 2.78717e-17
8 32 5 1  2.73694e-12 1.39107e-11 1.60713e-11 7.65418e-12 2.848e-12
8 32 6 1  2.13893e-10 4.36202e-11 6.42905e-11 1.30826e-13 3.89569e-127
8 32 7 1  9.35317e-12 6.47394e-12 6.59136e-12 4.3543e-12 1.62033e-30
8 32 8 1  0.437204 0.778236 0.694705 0.462973 3.8736e-39
8 32 9 1  1.28243e-15 1.27006e-15 1.16803e-15 9.39183e-16 6.46548e-16
8 32 10 1  2.08832e-16 5.24016e-16 6.31334e-16 1.12102e-16 1.84025e-27
8 33 1 1  4.78194e-17 7.97788e-17 4.8777e-17 1.56993e-17 9.40607e-25
8 33 2 1  1.25805e-10 2.96196e-11 5.71843e-11 9.89024e-11 1.29515e-45
8 33 3 1  4.74048e-11 3.46726e-12 5.1579e-12 9.18585e-12 7.18647e-72
8 33 4 1  2.31264e-16 1.67988e-16 7.17391e-17 2.80269e-17 2.11382e-17
8 33 5 1  1.04614e-11 6.83057e-12 1.0254e-11 5.86662e-12 2.3977e-12
8 33 6 1  8.85499e-11 8.47304e-11 4.2915e-11 7.79783e-14 2.36858e-127
8 33 7 1  7.11818e-12 4.43088e-12 4.28966e-12 2.89217e-12 1.00556e-30
8 33 8 1  0.188613 0.404102 0.485525 0.317899 2.21048e-39
8 33 9 1  1.04894e-15 7.60875e-16 7.167e-16 5.92215e-16 4.22776e-16
8 33 10 1  1.44125e-16 2.46913e-16 3.48003e-16 9.03012e-17 7.35859e-28
8 34 1 1  5.65107e-17 7.18502e-17 4.97606e-17 1.78831e-17 6.75775e-25
8 34 2 1  5.41807e-11 1.36802e-10 5.53359e-11 1.14412e-10 1.28174e-45
8 34 3 1  3.23148e-11 2.36404e-11 5.27951e-12 1.00303e-11 7.43987e-72
8 34 4 1  2.29824e-16 1.92548e-16 9.75614e-17 3.9316e-17 2.82628e-17
8 34 5 1  2.01121e-11 1.42479e-11 1.06615e-11 7.3689e-12 3.40996e-12
8 34 6 1  1.6278e-10 1.09044e-10 6.23947e-11 8.03661e-14 2.49148e-127
8 34 7 1  9.43355e-12 5.40795e-12 4.86776e-12 3.32326e-12 1.08089e-30
8 34 8 1  0.240076 0.346103 0.54481 0.382879 2.20473e-39
8 34 9 1  2.59925e-15 9.34947e-16 7.76876e-16 6.60253e-16 4.89271e-16
8 34 10 1  2.0262e-16 2.44635e-16 3.29591e-16 1.17182e-16 5.64874e-28
8 35 1 1  1.72007e-16 6.4741e-17 4.55093e-17 1.82738e-17 4.53064e-25
8 35 2 1  6.12025e-12 8.76636e-11 1.10552e-10 1.1523e-10 1.13604e-45
8 35 3 1  2.25498e-11 2.70422e-11 1.00832e-11 9.76878e-12 6.90988e-72
8 35 4 1  2.19193e-16 1.87128e-16 1.09577e-16 4.81824e-17 3.3858e-17
8 35 5 1  1.47395e-11 2.51575e-11 1.19701e-11 7.91184e-12 4.22806e-12
8 35 6 1  1.94751e-10 1.4863e-10 7.83032e-11 7.42948e-14 2.3525e-127
8 35 7 1  1.00567e-11 6.07647e-12 5.01219e-12 3.42949e-12 1.04422e-30
8 35 8 1  0.492112 0.303057 0.511321 0.40578 1.95854e-39
8 35 9 1  2.27871e-15 1.59352e-15 8.12934e-16 6.75461e-16 5.20139e-16
8 35 10 1  1.5229e-16 2.6846e-16 2.94623e-16 1.23947e-16 3.98149e-28
8 36 1 1  3.8692e-16 1.08356e-16 4.53331e-17 2.02576e-17 3.4185e-25
8 36 2 1  5.55522e-11 2.89313e-11 1.08246e-10 1.26613e-10 9.66004e-46
8 36 3 1  1.4683e-11 2.40406e-11 1.39222e-11 9.75624e-12 6.15158e-72
8 36 4 1  2.14739e-15 1.74915e-16 1.12422e-16 5.48391e-17 3.93158e-17
8 36 5 1  6.31281e-11 2.60423e-11 1.53755e-11 8.2273e-12 4.8675e-12
8 36 6 1  1.10596e-10 1.81532e-10 9.65731e-11 6.58433e-14 2.12821e-127
8 36 7 1  9.8184e-12 6.469e-12 5.0097e-12 3.39095e-12 9.66193e-31
8 36 8 1  0.389689 0.38746 0.452505 0.402774 1.66034e-39
8 36 9 1  1.82924e-15 1.83185e-15 1.03743e-15 6.9082e-16 5.46226e-16
8 36 10 1  1.14884e-16 2.26676e-16 3.07679e-16 1.36817e-16 3.08973e-28
8 37 1 1  3.13637e-16 1.57603e-16 4.15713e-17 1.62388e-17 1.92692e-25
8 37 2 1  5.38937e-12 3.92534e-11 5.26402e-11 9.59066e-11 5.81423e-46
8 37 3 1  1.76589e-10 1.36364e-11 1.12545e-11 7.2396e-12 3.86609e-72
8 37 4 1  1.08129e-15 4.41825e-16 8.04427e-17 4.31077e-17 3.27123e-17
8 37 5 1  4.43351e-11 4.58241e-11 1.27543e-11 6.38707e-12 3.87009e-12
8 37 6 1  8.85979e-11 1.15812e-10 8.40461e-11 4.12069e-14 1.35762e-127
8 37 7 1  6.58714e-12 4.76487e-12 3.5672e-12 2.36449e-12 6.29483e-31
8 37 8 1  0.187901 0.273391 0.31152 0.280176 1.00181e-39
8 37 9 1  1.04577e-15 1.25713e-15 8.87023e-16 5.28926e-16 4.01851e-16
8 37 10 1  1.34029e-16 1.27634e-16 2.24038e-16 1.1581e-16 1.86585e-28
8 38 1 1  2.55938e-16 1.91092e-16 6.11183e-17 1.65946e-17 1.32707e-25
8 38 2 1  6.14169e-12 1.30213e-11 4.3053e-11 8.13153e-11 4.25867e-46
8 38 3 1  7.51729e-11 6.45881e-11 9.81998e-12 6.63832e-12 2.95412e-72
8 38 4 1  6.74341e-16 4.7567e-16 1.29635e-16 3.99573e-17 3.28052e-17
8 38 5 1  5.84412e-12 5.26462e-11 1.85521e-11 6.1461e-12 3.72062e-12
8 38 6 1  3.73254e-11 9.67988e-11 8.17822e-11 3.13587e-14 1.05235e-127
8 38 7 1  5.28354e-12 4.1801e-12 3.10596e-12 2.00612e-12 4.97977e-31
8 38 8 1  0.101848 0.202543 0.267117 0.240377 7.45917e-40
8 38 9 1  6.61036e-16 9.45528e-16 8.12876e-16 4.93604e-16 3.50174e-16
8 38 10 1  7.58004e-17 1.35899e-16 1.86606e-16 1.16802e-16 1.3982e-28
8 39 1 1  1.11696e-16 1.36541e-16 6.02258e-17 1.4776e-17 6.96177e-26
8 39 2 1  3.63764e-12 5.40492e-12 1.87212e-11 4.91884e-11 2.24283e-46
8 39 3 1  2.36301e-11 4.02516e-11 1.42733e-11 4.34306e-12 1.62816e-72
8 39 4 1  3.0671e-16 2.98465e-16 1.19281e-16 3.41231e-17 2.34065e-17
8 39 5 1  1.98641e-11 2.14374e-11 1.70806e-11 4.93482e-12 2.58455e-12
8 39 6 1  4.40586e-11 4.77259e-11 5.52766e-11 1.72084e-14 5.88895e-128
8 39 7 1  3.01026e-12 2.59878e-12 1.95854e-12 1.23298e-12 2.84783e-31
8 39 8 1  0.0436139 0.098589 0.161791 0.151158 4.06976e-40
8 39 9 1  3.20194e-16 4.82546e-16 4.98645e-16 3.30173e-16 2.22501e-16
8 39 10 1  4.34653e-17 7.09222e-17 1.23465e-16 8.29602e-17 7.73092e-29
8 40 1 1  8.46756e-17 1.14356e-16 7.40972e-17 2.05292e-17 5.45855e-26
8 40 2 1  3.78025e-12 4.05682e-12 1.15164e-11 4.07303e-11 1.69054e-46
8 40 3 1  1.12056e-11 2.81196e-11 1.78282e-11 4.95683e-12 1.28707e-72
8 40 4 1  2.03476e-16 2.44286e-16 1.30416e-16 4.3453e-17 2.50192e-17
8 40 5 1  8.9153e-12 2.46757e-11 1.5975e-11 6.01461e-12 2.65194e-12
8 40 6 1  1.47029e-10 4.39496e-11 5.0339e-11 1.35416e-14 4.73006e-128
8 40 7 1  2.55499e-12 2.28193e-12 1.77224e-12 1.0914e-12 2.34066e-31
8 40 8 1  0.030422 0.0672425 0.135796 0.137558 3.22885e-40
8 40 9 1  2.52382e-16 3.47843e-16 4.13344e-16 3.08754e-16 2.04904e-16
8 40 10 1  4.24131e-17 5.61447e-17 1.09983e-16 8.4269e-17 6.20835e-29
8 41 1 1  6.93229e-17 9.28632e-17 7.79949e-17 2.75697e-17 4.35322e-26
8 41 2 1  9.33542e-12 3.80767e-12 7.41862e-12 3.2667e-11 1.27141e-46
8 41 3 1  5.69499e-12 1.77688e-11 1.73593e-11 5.8222e-12 1.01578e-72
8 41 4 1  1.39193e-16 1.90779e-16 1.27195e-16 5.14863e-17 2.81765e-17
8 41 5 1  4.69948e-12 1.8642e-11 1.60383e-11 6.58895e-12 2.82379e-12
8 41 6 1  6.07519e-11 8.28149e-11 4.5843e-11 1.0638e-14 3.79415e-128
8 41 7 1  2.24039e-12 1.9941e-12 1.59796e-12 9.67633e-13 1.92295e-31
8 41 8 1  0.0316044 0.0464087 0.110074 0.124293 2.56861e-40
8 41 9 1  2.2321e-16 2.57228e-16 3.27438e-16 2.77667e-16 1.88497e-16
8 41 10 1  1.40291e-16 5.03338e-17 9.52482e-17 8.3536e-17 4.99402e-29
8 42 1 1  5.30206e-16 5.57311e-17 5.54513e-17 2.50476e-17 2.5751e-26
8 42 2 1  7.09411e-12 5.80753e-12 3.89969e-12 1.87829e-11 6.98426e-47
8 42 3 1  2.45394e-12 7.8372e-12 1.07824e-11 4.70165e-12 5.87109e-73
8 42 4 1  7.43903e-17 1.07198e-16 8.50603e-17 4.13466e-17 2.38733e-17
8 42 5 1  7.64923e-12 9.22944e-12 1.06939e-11 5.12723e-12 2.22092e-12
8 42 6 1  2.37071e-10 5.07686e-11 3.59676e-11 6.1186e-15 2.23106e-128
8 42 7 1  1.51421e-12 1.28257e-12 1.05416e-12 6.31071e-13 1.16038e-31
8 42 8 1  0.0317844 0.0272192 0.0642859 0.0819585 1.5101e-40
8 42 9 1  1.55898e-16 1.52735e-16 1.91653e-16 1.81767e-16 1.30061e-16
8 42 10 1  1.57944e-16 8.77843e-17 6.1504e-17 5.96778e-17 2.9671e-29
9 1 1 1  1.58624e-16 2.44682e-15 1.08497e-15 3.06186e-17 3.12749e-17
9 1 2 1  5.77319e-153 1.09533e-111 5.4642e-11 1.50014e-54 1.19901e-42
9 1 3 1  1.53188e-25 3.86389e-12 2.9569e-12 2.96241e-12 1.05519e-69
9 1 4 1  1.0077e-18 3.58675e-16 5.21927e-32 4.38732e-16 2.73299e-28
9 1 5 1  3.02052e-12 1.63027e-21 5.12885e-12 4.01944e-13 4.31428e-15
9 1 6 1  1.17761e-10 1.28434e-52 2.24824e-11 1.366e-11 1.87045e-125
9 1 7 1  1.89611e-65 1.32589e-11 2.22062e-11 5.82901e-12 3.8797e-29
9 1 8 1  1.54913e-16 4.70492e-15 2.19237e-15 3.66193e-17 5.14472e-51
9 1 9 1  5.36724e-20 0.175051 3.91686 1.96261 4.51189e-12
9 1 10 1  2.33793e-15 3.00998e-15 8.75426e-16 1.64083e-16 3.40954e-17
9 2 1 1  1.46787e-16 8.74808e-16 8.34265e-16 1.15923e-16 1.55384e-17
9 2 2 1  2.90651e-12 1.73226e-112 1.65751e-11 8.65604e-12 6.05258e-43
9 2 3 1  6.92113e-13 1.23925e-12 1.7668e-12 1.78671e-12 5.89672e-70
9 2 4 1  2.97734e-17 1.58739e-16 5.13337e-17 1.96446e-16 6.03251e-17
9 2 5 1  1.34985e-12 1.41082e-12 2.26633e-12 7.51686e-13 3.47882e-14
9 2 6 1  3.53234e-11 3.20068e-11 1.15203e-11 7.56204e-12 1.0793e-125
9 2 7 1  1.50086e-12 5.92407e-12 1.27729e-11 4.07931e-12 2.31652e-29
9 2 8 1  3.69843e-16 1.39881e-15 1.75476e-15 1.81429e-16 2.77737e-51
9 2 9 1  0.473266 0.0641825 1.70095 1.50389 0.15987
9 2 10 1  8.19208e-16 1.7581e-15 8.98646e-16 1.08881e-16 1.1995e-17
9 3 1 1  3.62091e-16 6.66334e-16 9.29049e-16 2.65835e-16 1.52378e-17
9 3 2 1  2.58624e-12 3.14962e-12 1.02125e-11 1.36541e-11 6.13083e-43
9 3 3 1  1.75221e-12 1.13475e-12 1.82183e-12 2.15319e-12 6.5666e-70
9 3 4 1  8.10008e-17 1.49381e-16 9.10561e-17 1.89997e-16 1.2446e-16
9 3 5 1  1.05727e-12 2.21485e-12 2.45826e-12 1.2311e-12 1.60823e-13
9 3 6 1  5.54048e-11 4.22914e-11 1.92549e-11 8.34629e-12 1.23931e-125
9 3 7 1  3.60521e-12 5.61397e-12 1.4401e-11 5.5148e-12 2.7499e-29
9 3 8 1  4.68214e-16 9.91968e-16 1.93716e-15 4.38283e-16 2.91371e-51
9 3 9 1  0.900886 0.291075 1.47109 1.93609 0.425654
9 3 10 1  4.7515e-15 1.54689e-15 1.1329e-15 1.6466e-16 7.55671e-18
9 4 1 1  2.67237e-15 4.06579e-16 5.95914e-16 2.72154e-16 9.47258e-18
9 4 2 1  3.19598e-12 2.48216e-12 5.47755e-12 1.07549e-11 4.04056e-43
9 4 3 1  2.10634e-12 1.02494e-12 1.20128e-12 1.65295e-12 4.72249e-70
9 4 4 1  9.48928e-17 1.0124e-16 7.98336e-17 1.2602e-16 1.27532e-16
9 4 5 1  4.37445e-13 1.61749e-12 1.87194e-12 1.1276e-12 2.48448e-13
9 4 6 1  4.2215e-11 3.97206e-11 1.92693e-11 5.95249e-12 9.17392e-126
9 4 7 1  4.25607e-12 3.7549e-12 1.0391e-11 4.69528e-12 2.10158e-29
9 4 8 1  3.0962e-15 5.09635e-16 1.21237e-15 4.50772e-16 1.89046e-51
9 4 9 1  0.810965 0.434513 0.875862 1.46805 0.510754
9 4 10 1  7.36036e-16 3.40819e-15 6.91483e-16 1.23535e-16 2.61178e-18
9 5 1 1  1.11066e-15 1.08843e-15 3.83846e-16 2.41239e-16 5.98379e-18
9 5 2 1  4.86438e-12 3.01527e-12 3.59149e-12 8.66705e-12 2.8964e-43
9 5 3 1  1.92945e-12 1.18753e-12 9.22088e-13 1.35508e-12 3.66961e-70
9 5 4 1  1.20525e-16 8.24608e-17 6.94753e-17 9.37861e-17 1.27633e-16
9 5 5 1  2.95245e-13 1.06362e-12 1.52773e-12 1.0577e-12 3.2786e-13
9 5 6 1  2.19022e-11 3.69617e-11 2.05486e-11 4.58961e-12 7.32539e-126
9 5 7 1  4.6398e-12 3.00356e-12 8.07305e-12 4.23326e-12 1.73009e-29
9 5 8 1  1.07566e-15 1.34487e-15 8.02292e-16 4.28654e-16 1.33255e-51
9 5 9 1  0.715441 0.512162 0.638141 1.16057 0.568032
9 5 10 1  1.6329e-15 1.55547e-15 1.19758e-15 9.085e-17 9.84245e-19
9 6 1 1  5.16464e-16 7.8114e-16 3.70497e-16 1.65459e-16 3.1783e-18
9 6 2 1  7.94919e-12 3.90172e-12 2.67205e-12 6.0415e-12 1.84095e-43
9 6 3 1  1.43199e-12 1.06872e-12 7.03082e-13 9.77776e-13 2.5203e-70
9 6 4 1  1.12639e-16 6.77073e-17 5.25619e-17 6.35522e-17 1.07678e-16
9 6 5 1  5.50945e-13 6.25596e-13 1.05157e-12 8.46786e-13 3.40098e-13
9 6 6 1  1.48813e-11 2.45242e-11 1.86545e-11 3.12865e-12 5.16723e-126
9 6 7 1  4.14923e-12 2.2928e-12 5.55382e-12 3.32535e-12 1.25793e-29
9 6 8 1  4.34909e-16 8.29755e-16 6.8769e-16 3.34784e-16 8.40953e-52
9 6 9 1  0.556803 0.460393 0.46194 0.806838 0.514523
9 6 10 1  4.55643e-16 1.41113e-15 6.06703e-16 8.8354e-17 2.89805e-19
9 7 1 1  2.94094e-16 3.67343e-16 2.47317e-16 1.01945e-16 1.38638e-18
9 7 2 1  7.78209e-12 4.70162e-12 2.03817e-12 3.2264e-12 8.8778e-44
9 7 3 1  1.14981e-12 6.64907e-13 4.30166e-13 5.37537e-13 1.3112e-70
9 7 4 1  7.55709e-17 4.41274e-17 3.09032e-17 3.3412e-17 6.69746e-17
9 7 5 1  1.97015e-13 4.51467e-13 5.31761e-13 4.96142e-13 2.48577e-13
9 7 6 1  1.54677e-11 1.24827e-11 1.18337e-11 1.61573e-12 2.76041e-126
9 7 7 1  2.61821e-12 1.38977e-12 2.90959e-12 1.95694e-12 6.9276e-30
9 7 8 1  5.31578e-16 3.29969e-16 3.93809e-16 2.01241e-16 4.00334e-52
9 7 9 1  0.352739 0.296609 0.273732 0.43312 0.338937
9 7 10 1  1.83339e-16 5.04733e-16 3.97593e-16 4.22251e-17 6.35124e-20
9 8 1 1  3.03896e-16 5.15025e-16 3.8755e-16 1.78609e-16 1.67701e-18
9 8 2 1  5.49239e-11 1.3295e-11 5.92805e-12 5.12999e-12 1.20414e-43
9 8 3 1  2.35627e-12 1.32906e-12 7.46663e-13 8.38671e-13 1.91039e-70
9 8 4 1  1.28923e-16 8.04561e-17 5.18642e-17 4.97782e-17 1.1308e-16
9 8 5 1  1.2623e-12 6.60527e-13 8.13266e-13 7.89737e-13 4.82413e-13
9 8 6 1  4.19125e-11 2.37815e-11 2.01476e-11 2.33759e-12 4.12487e-126
9 8 7 1  4.5139e-12 2.39766e-12 4.30367e-12 3.19288e-12 1.0661e-29
9 8 8 1  4.57312e-16 6.24862e-16 5.69923e-16 3.35804e-16 5.3402e-52
9 8 9 1  0.628265 0.529193 0.465256 0.658472 0.601863
9 8 10 1  6.45279e-16 5.34498e-16 5.70796e-16 9.82344e-17 5.5969e-20
9 9 1 1  9.60743e-16 3.52884e-16 3.09939e-16 1.58021e-16 1.05911e-18
9 9 2 1  1.04206e-10 4.61734e-11 9.2347e-12 5.09811e-12 8.88396e-44
9 9 3 1  2.28994e-12 1.46886e-12 7.44639e-13 7.18416e-13 1.50525e-70
9 9 4 1  1.20371e-16 7.66477e-17 4.77128e-17 4.06977e-17 1.00631e-16
9 9 5 1  3.31303e-13 1.20762e-12 6.66654e-13 6.73529e-13 4.85291e-13
9 9 6 1  1.98834e-11 2.97699e-11 1.90828e-11 1.82999e-12 3.32725e-126
9 9 7 1  4.24324e-12 2.24895e-12 3.47549e-12 2.79131e-12 8.83944e-30
9 9 8 1  8.18234e-16 4.36778e-16 4.8814e-16 2.9734e-16 3.88579e-52
9 9 9 1  0.518466 0.503662 0.429248 0.54423 0.557828
9 9 10 1  3.48889e-16 6.24631e-16 3.42353e-16 8.45303e-17 2.39953e-20
9 10 1 1  5.74972e-16 6.20311e-16 2.85299e-16 1.66173e-16 8.16704e-19
9 10 2 1  1.18907e-11 1.13664e-10 3.32661e-11 7.3048e-12 8.10938e-44
9 10 3 1  2.74075e-12 1.8753e-12 9.61367e-13 7.72784e-13 1.45189e-70
9 10 4 1  1.34265e-16 8.7675e-17 5.37162e-17 4.14799e-17 1.07486e-16
9 10 5 1  5.40277e-13 1.02481e-12 8.66216e-13 6.95849e-13 5.77286e-13
9 10 6 1  1.21032e-11 2.99087e-11 2.38943e-11 1.75557e-12 3.27347e-126
9 10 7 1  7.48187e-11 2.60686e-12 3.47185e-12 2.95619e-12 8.90259e-30
9 10 8 1  6.58385e-16 6.14917e-16 4.82026e-16 3.17816e-16 3.42233e-52
9 10 9 1  0.521509 0.545678 0.48513 0.555821 0.61723
9 10 10 1  2.98195e-16 5.50478e-16 3.33927e-16 6.24373e-17 1.04016e-20
9 11 1 1  1.46378e-15 6.47074e-16 3.40733e-16 1.64983e-16 6.14587e-19
9 11 2 1  1.15565e-10 4.81439e-11 9.48084e-11 1.78605e-11 8.00514e-44
9 11 3 1  3.7117e-12 2.4798e-12 1.33891e-12 9.21135e-13 1.50473e-70
9 11 4 1  1.63677e-16 1.04698e-16 6.39783e-17 4.57296e-17 1.20321e-16
9 11 5 1  6.98508e-13 1.18196e-12 1.04226e-12 8.06102e-13 7.19098e-13
9 11 6 1  1.1419e-11 2.81986e-11 3.06672e-11 1.81089e-12 3.45147e-126
9 11 7 1  6.29161e-11 1.73596e-11 3.77313e-12 3.33957e-12 9.57974e-30
9 11 8 1  3.88947e-16 6.64622e-16 5.62059e-16 3.52462e-16 3.16399e-52
9 11 9 1  0.615254 0.607292 0.572144 0.613152 0.71645
9 11 10 1  4.17251e-15 5.1109e-16 3.39807e-16 5.71006e-17 4.88384e-21
9 12 1 1  2.87654e-16 3.33169e-16 1.15945e-16 5.10231e-17 1.37154e-19
9 12 2 1  9.65632e-12 4.11726e-11 2.8287e-11 1.50409e-11 2.48358e-44
9 12 3 1  1.7346e-12 1.03221e-12 5.72018e-13 3.54107e-13 4.89811e-71
9 12 4 1  6.00254e-17 3.83389e-17 2.31221e-17 1.56372e-17 4.0781e-17
9 12 5 1  1.73242e-13 4.47775e-13 3.8893e-13 2.95489e-13 2.78059e-13
9 12 6 1  1.2488e-11 8.30265e-12 1.16247e-11 5.86787e-13 1.14193e-126
9 12 7 1  1.65974e-11 8.67855e-12 1.87914e-12 1.18065e-12 3.23048e-30
9 12 8 1  3.34493e-16 1.74703e-16 2.02152e-16 1.24798e-16 9.24522e-53
9 12 9 1  0.224871 0.219591 0.209895 0.217581 0.262323
9 12 10 1  2.30531e-16 1.25596e-15 8.83768e-17 1.54632e-17 6.42154e-22
9 13 1 1  5.95349e-16 1.00825e-15 4.45741e-16 1.47986e-16 2.79103e-19
9 13 2 1  1.88381e-11 6.91589e-11 1.34997e-10 7.27195e-11 7.57115e-44
9 13 3 1  3.2737e-11 4.45064e-12 2.3701e-12 1.3655e-12 1.57044e-70
9 13 4 1  2.17362e-16 1.35354e-16 8.02435e-17 5.19972e-17 1.32222e-16
9 13 5 1  7.58107e-13 1.40261e-12 1.43537e-12 1.07158e-12 1.05221e-12
9 13 6 1  2.93933e-11 3.86629e-11 4.16069e-11 1.8725e-12 3.72244e-126
9 13 7 1  4.37399e-11 3.33977e-11 9.22765e-12 4.20405e-12 1.07341e-29
9 13 8 1  8.09106e-16 8.07882e-16 6.52771e-16 4.37446e-16 2.66683e-52
9 13 9 1  0.863202 0.777844 0.747367 0.758426 0.933535
9 13 10 1  2.62164e-16 2.2825e-15 1.2236e-15 2.85373e-17 5.87547e-22
9 14 1 1  4.5931e-16 7.26366e-16 3.79831e-16 1.14098e-16 1.37543e-19
9 14 2 1  1.15806e-10 3.47012e-11 1.09629e-10 9.74429e-11 6.44861e-44
9 14 3 1  1.95806e-11 1.50144e-11 2.77896e-12 1.49363e-12 1.41119e-70
9 14 4 1  4.58152e-16 1.3691e-16 7.92699e-17 4.95974e-17 1.21557e-16
9 14 5 1  1.08134e-12 1.39421e-12 1.41393e-12 1.09401e-12 1.1114e-12
9 14 6 1  1.39458e-10 3.71855e-11 4.33791e-11 1.67429e-12 3.40348e-126
9 14 7 1  3.34823e-11 3.24237e-11 1.16508e-11 4.31863e-12 1.00101e-29
9 14 8 1  4.74791e-16 7.07687e-16 6.41851e-16 4.13814e-16 2.10908e-52
9 14 9 1  0.96762 0.775381 0.722282 0.722149 0.901272
9 14 10 1  5.17195e-16 1.03393e-15 1.05232e-15 7.20707e-17 1.70108e-22
9 15 1 1  3.53083e-16 4.74042e-16 2.54304e-16 7.68552e-17 5.7032e-20
9 15 2 1  8.66345e-11 9.83178e-11 6.95389e-11 9.96504e-11 4.93572e-44
9 15 3 1  1.08144e-11 1.4309e-11 5.10851e-12 1.48906e-12 1.13864e-70
9 15 4 1  4.49793e-16 1.72983e-16 7.10167e-17 4.30388e-17 1.00821e-16
9 15 5 1  1.16796e-12 1.47815e-12 1.25373e-12 9.94446e-13 1.04898e-12
9 15 6 1  5.69185e-11 7.74116e-11 4.00782e-11 1.34432e-12 2.79306e-126
9 15 7 1  2.43939e-11 2.68901e-11 1.22199e-11 4.07161e-12 8.37378e-30
9 15 8 1  6.53912e-16 4.65677e-16 5.41869e-16 3.51529e-16 1.48746e-52
9 15 9 1  1.09949 0.731975 0.633293 0.619515 0.780226
9 15 10 1  4.37898e-16 6.99082e-16 6.52718e-16 1.05567e-16 6.90796e-23
9 16 1 1  2.12362e-16 3.09651e-16 1.51702e-16 4.62091e-17 2.11531e-20
9 16 2 1  2.0177e-11 8.74308e-11 7.86111e-11 8.79409e-11 3.63653e-44
9 16 3 1  6.92356e-12 1.05233e-11 6.19686e-12 1.68804e-12 8.84027e-71
9 16 4 1  3.7155e-16 1.77869e-16 6.70835e-17 3.47203e-17 7.7222e-17
9 16 5 1  1.6401e-12 1.52318e-12 1.12742e-12 8.65112e-13 9.48268e-13
9 16 6 1  2.55087e-11 6.37133e-11 4.30349e-11 1.03863e-12 2.20517e-126
9 16 7 1  1.83987e-11 2.09699e-11 1.16449e-11 3.74265e-12 6.73761e-30
9 16 8 1  3.8861e-16 4.09116e-16 4.00434e-16 2.80409e-16 9.85898e-53
9 16 9 1  1.1784 0.732998 0.551613 0.517303 0.653574
9 16 10 1  1.16507e-15 5.14554e-16 4.10493e-16 8.81163e-17 2.7552e-23
9 17 1 1  2.6581e-16 2.12184e-16 1.00922e-16 2.86957e-17 8.13184e-21
9 17 2 1  6.60921e-11 3.82428e-11 8.38766e-11 8.83432e-11 2.90222e-44
9 17 3 1  5.22863e-12 7.99748e-12 6.54334e-12 2.1245e-12 7.46596e-71
9 17 4 1  3.14369e-16 1.80959e-16 7.10832e-17 3.20012e-17 6.41756e-17
9 17 5 1  1.12397e-12 2.02064e-12 1.15121e-12 8.25872e-13 9.31e-13
9 17 6 1  1.61381e-11 4.76432e-11 4.64657e-11 8.72633e-13 1.89682e-126
9 17 7 1  1.60196e-11 1.76262e-11 1.15838e-11 3.76913e-12 5.91576e-30
9 17 8 1  3.86326e-15 3.24088e-16 3.43742e-16 2.44981e-16 7.2641e-53
9 17 9 1  1.48266 0.834612 0.555027 0.478711 0.60061
9 17 10 1  9.14572e-16 1.0241e-15 2.50598e-16 5.68279e-17 9.78483e-24
9 18 1 1  6.0238e-16 1.07635e-16 4.41336e-17 1.20009e-17 2.05132e-21
9 18 2 1  1.38695e-10 3.50259e-11 3.36777e-11 4.94141e-11 1.2745e-44
9 18 3 1  5.19902e-11 3.33938e-12 3.39768e-12 1.38976e-12 3.48601e-71
9 18 4 1  1.74173e-16 9.50072e-17 4.1578e-17 1.75192e-17 3.0303e-17
9 18 5 1  6.17539e-13 1.04769e-12 7.13956e-13 4.43187e-13 5.05316e-13
9 18 6 1  1.12932e-11 1.88888e-11 2.54459e-11 4.05161e-13 9.0357e-127
9 18 7 1  8.3779e-12 8.20686e-12 6.18137e-12 2.10014e-12 2.88196e-30
9 18 8 1  8.22234e-16 9.60542e-16 1.68417e-16 1.25052e-16 3.14128e-53
9 18 9 1  1.13181 0.566157 0.331075 0.255149 0.311681
9 18 10 1  1.38892e-15 5.60879e-16 2.60185e-16 2.18189e-17 2.13204e-24
9 19 1 1  5.15074e-16 4.99571e-16 7.56453e-17 1.99376e-17 2.0187e-21
9 19 2 1  2.2963e-11 2.30371e-10 6.51651e-11 8.76979e-11 1.90051e-44
9 19 3 1  4.79753e-11 3.86759e-11 5.65185e-12 2.8843e-12 5.5084e-71
9 19 4 1  3.50284e-16 1.70645e-16 7.73735e-17 3.28832e-17 4.85193e-17
9 19 5 1  2.32895e-12 1.89854e-12 1.40052e-12 8.32933e-13 9.25354e-13
9 19 6 1  1.80086e-11 2.94854e-11 4.47966e-11 6.36719e-13 1.45507e-126
9 19 7 1  1.49583e-11 1.32502e-11 1.09202e-11 3.93064e-12 4.74155e-30
9 19 8 1  8.54567e-16 1.4412e-15 6.75957e-16 2.1437e-16 4.59041e-53
9 19 9 1  1.88045 1.3883 0.705311 0.4734 0.548143
9 19 10 1  4.82924e-16 2.27254e-15 6.4632e-16 8.22725e-17 2.58823e-24
9 20 1 1  8.07639e-17 1.17904e-16 3.69569e-17 4.80577e-18 2.8431e-22
9 20 2 1  3.5676e-12 2.15032e-11 4.22917e-11 2.36157e-11 4.21258e-45
9 20 3 1  7.00289e-12 1.05401e-11 3.54925e-12 8.42261e-13 1.28746e-71
9 20 4 1  1.07163e-16 4.67325e-17 2.0602e-17 8.93075e-18 1.15143e-17
9 20 5 1  3.37218e-13 7.6318e-13 3.96553e-13 2.34008e-13 2.50767e-13
9 20 6 1  1.70647e-11 6.91513e-12 1.15292e-11 1.48067e-13 3.46111e-127
9 20 7 1  3.73624e-12 3.24316e-12 2.81817e-12 1.07815e-12 1.15065e-30
9 20 8 1  1.28992e-16 2.76513e-16 2.24365e-16 6.56873e-17 9.84846e-54
9 20 9 1  0.457798 0.410751 0.238433 0.135896 0.14416
9 20 10 1  1.14362e-15 3.15392e-16 3.43947e-16 3.62282e-17 4.77144e-25
9 21 1 1  2.48391e-16 2.67916e-16 1.30346e-16 2.00946e-17 4.86012e-22
9 21 2 1  1.88869e-11 2.57443e-11 9.94121e-11 8.99224e-11 1.02967e-44
9 21 3 1  4.5745e-11 2.49555e-11 1.47617e-11 3.40934e-12 3.31768e-71
9 21 4 1  3.28282e-16 1.49013e-16 6.11007e-17 2.64788e-17 3.06765e-17
9 21 5 1  9.94824e-13 2.0186e-12 1.41471e-12 7.26353e-13 7.52344e-13
9 21 6 1  2.66854e-11 3.47954e-11 3.23361e-11 3.79624e-13 9.0773e-127
9 21 7 1  1.00276e-11 8.79384e-12 7.96191e-12 3.23696e-12 3.07923e-30
9 21 8 1  2.66382e-15 5.40551e-16 6.57368e-16 2.27436e-16 2.32808e-53
9 21 9 1  1.21975 1.23381 0.8421 0.456829 0.425619
9 21 10 1  1.07508e-15 2.91219e-15 9.06685e-16 1.9663e-16 9.65293e-25
9 22 1 1  2.0649e-16 2.13556e-16 1.16523e-16 2.55606e-17 2.78616e-22
9 22 2 1  1.6073e-10 2.09194e-11 6.00989e-11 9.07539e-11 7.79304e-45
9 22 3 1  2.26608e-11 2.83201e-11 1.48251e-11 4.32096e-12 2.6504e-71
9 22 4 1  2.929e-16 1.43009e-16 5.7658e-17 2.42157e-17 2.56448e-17
9 22 5 1  6.16571e-13 1.72516e-12 1.39346e-12 7.27567e-13 7.03157e-13
9 22 6 1  1.34396e-11 3.0079e-11 3.08098e-11 3.01695e-13 7.384e-127
9 22 7 1  8.23155e-12 7.373e-12 6.9391e-12 2.99468e-12 2.55756e-30
9 22 8 1  1.02927e-15 1.30471e-15 5.41856e-16 2.37332e-16 1.74696e-53
9 22 9 1  1.06408 1.0753 0.847328 0.476874 0.389998
9 22 10 1  6.85252e-16 1.70176e-15 1.51697e-15 2.17949e-16 5.92703e-25
9 23 1 1  2.66011e-16 1.56918e-16 8.97738e-17 2.4649e-17 1.44861e-22
9 23 2 1  1.47647e-11 1.18395e-10 3.53068e-11 7.38697e-11 5.33333e-45
9 23 3 1  1.03918e-11 2.00221e-11 1.41194e-11 4.54813e-12 1.91311e-71
9 23 4 1  2.30338e-16 1.18847e-16 4.85671e-17 1.98829e-17 1.92954e-17
9 23 5 1  1.75196e-12 1.18486e-12 1.18173e-12 6.54892e-13 5.98567e-13
9 23 6 1  2.02026e-11 2.0013e-11 2.60422e-11 2.1665e-13 5.42643e-127
9 23 7 1  6.18824e-12 5.56953e-12 5.43795e-12 2.48665e-12 1.91896e-30
9 23 8 1  4.11106e-16 8.949e-16 6.08558e-16 2.12207e-16 1.19657e-53
9 23 9 1  0.997651 0.852159 0.73268 0.446772 0.330865
9 23 10 1  3.2621e-16 9.38131e-16 1.16223e-15 2.59033e-16 3.16328e-25
9 24 1 1  8.22556e-16 8.31177e-16 3.50918e-16 1.12252e-16 3.91969e-22
9 24 2 1  2.85095e-11 2.04235e-10 3.83418e-10 3.20813e-10 2.04618e-44
9 24 3 1  2.70556e-11 6.9697e-11 6.77452e-11 2.59584e-11 7.71213e-71
9 24 4 1  9.86296e-16 5.39848e-16 2.27903e-16 9.25003e-17 8.27105e-17
9 24 5 1  7.66124e-12 9.34878e-12 5.26544e-12 3.23338e-12 2.86006e-12
9 24 6 1  8.01466e-11 9.82062e-11 1.18554e-10 8.69159e-13 2.22454e-126
9 24 7 1  2.63214e-11 2.35676e-11 2.37006e-11 1.14448e-11 8.02211e-30
9 24 8 1  1.04367e-15 2.74173e-15 2.97801e-15 1.08822e-15 4.4165e-53
9 24 9 1  9.00555 3.76779 3.18508 2.11503 1.47932
9 24 10 1  1.94013e-15 2.71869e-15 4.09813e-15 1.26044e-15 8.61031e-25
9 25 1 1  1.75372e-16 2.50513e-16 1.14306e-16 3.31778e-17 7.30598e-23
9 25 2 1  1.68803e-11 2.71484e-11 1.07767e-10 1.25406e-10 5.84789e-45
9 25 3 1  6.0918e-12 1.68864e-11 2.20061e-11 1.04875e-11 2.31605e-71
9 25 4 1  2.99605e-16 1.77683e-16 7.84468e-17 3.21371e-17 2.68168e-17
9 25 5 1  3.92306e-12 3.84436e-12 2.1215e-12 1.15679e-12 1.02277e-12
9 25 6 1  3.38836e-11 3.2966e-11 4.06854e-11 2.5976e-13 6.7946e-127
9 25 7 1  8.30671e-12 7.44248e-12 7.67221e-12 3.90483e-12 2.49934e-30
9 25 8 1  2.96601e-16 5.87106e-16 9.21002e-16 4.05789e-16 1.2013e-53
9 25 9 1  2.03324 1.79256 1.01923 0.713287 0.488585
9 25 10 1  4.24548e-16 8.50711e-16 1.00254e-15 3.99224e-16 1.74198e-25
9 26 1 1  4.00329e-16 5.81046e-16 2.96964e-16 8.56301e-17 1.14549e-22
9 26 2 1  3.64702e-10 6.73097e-11 2.22006e-10 4.05819e-10 1.50292e-44
9 26 3 1  1.5945e-11 3.63522e-11 5.99884e-11 3.59827e-11 6.23948e-71
9 26 4 1  9.16097e-16 4.93158e-16 2.30101e-16 9.65906e-17 7.66454e-17
9 26 5 1  6.07121e-11 1.61005e-11 7.73185e-12 3.83165e-12 3.27648e-12
9 26 6 1  1.18612e-10 1.09508e-10 1.25051e-10 6.96583e-13 1.8603e-126
9 26 7 1  2.35588e-11 2.11445e-11 2.22159e-11 1.18797e-11 6.97452e-30
9 26 8 1  6.96998e-16 1.23492e-15 2.34855e-15 1.29696e-15 2.93959e-53
9 26 9 1  4.12437 5.10795 3.42016 2.11556 1.4468
9 26 10 1  1.46003e-15 1.96546e-15 2.51089e-15 1.08061e-15 3.29023e-25
9 27 1 1  1.3868e-16 1.60372e-16 9.29105e-17 2.69462e-17 2.18216e-23
9 27 2 1  7.47506e-11 1.19014e-10 5.59031e-11 1.41299e-10 4.50931e-45
9 27 3 1  5.03597e-12 9.55543e-12 1.82858e-11 1.36865e-11 1.9502e-71
9 27 4 1  3.08878e-16 1.65984e-16 7.60673e-17 3.31286e-17 2.55474e-17
9 27 5 1  1.75768e-11 2.03769e-11 3.48039e-12 1.51238e-12 1.21875e-12
9 27 6 1  5.36605e-11 4.35542e-11 4.5434e-11 2.16852e-13 5.89698e-127
9 27 7 1  7.90294e-12 7.00946e-12 7.44842e-12 4.16189e-12 2.24809e-30
9 27 8 1  2.11491e-16 3.12383e-16 6.65683e-16 4.53068e-16 8.25243e-54
9 27 9 1  1.29303 1.45084 1.22232 0.744851 0.489828
9 27 10 1  3.21296e-16 6.63175e-16 5.66495e-16 2.67019e-16 5.78458e-26
9 28 1 1  1.42597e-16 1.14738e-16 7.44304e-17 2.47757e-17 1.21673e-23
9 28 2 1  1.96668e-11 7.85949e-11 7.82252e-11 1.07552e-10 3.08751e-45
9 28 3 1  4.10657e-12 5.99385e-12 1.24223e-11 1.14071e-11 1.38792e-71
9 28 4 1  2.25268e-16 1.26234e-16 5.78946e-17 2.55676e-17 1.959e-17
9 28 5 1  3.56061e-12 2.06982e-11 6.45106e-12 1.4172e-12 1.03948e-12
9 28 6 1  2.87724e-11 4.19107e-11 3.82783e-11 1.53747e-13 4.25292e-127
9 28 7 1  6.06612e-12 5.32128e-12 5.68242e-12 3.30435e-12 1.64728e-30
9 28 8 1  9.79351e-16 1.98215e-16 4.33519e-16 3.55803e-16 5.41192e-54
9 28 9 1  1.19562 1.05063 0.982566 0.647479 0.410306
9 28 10 1  4.82408e-16 4.02121e-16 3.13342e-16 1.11292e-16 1.75801e-26
9 29 1 1  2.06246e-16 1.04769e-16 6.3274e-17 2.44732e-17 7.67981e-24
9 29 2 1  1.46625e-11 3.36128e-11 7.52895e-11 9.71944e-11 2.28772e-45
9 29 3 1  4.31732e-12 4.37729e-12 9.01342e-12 9.98437e-12 1.07147e-71
9 29 4 1  1.95774e-16 1.00272e-16 4.63166e-17 2.0628e-17 1.58187e-17
9 29 5 1  3.45025e-12 1.27868e-11 8.90564e-12 1.91445e-12 9.76837e-13
9 29 6 1  3.21172e-11 3.44202e-11 3.58154e-11 1.18217e-13 3.32972e-127
9 29 7 1  5.13467e-12 4.39558e-12 4.70647e-12 2.84133e-12 1.31172e-30
9 29 8 1  4.17303e-16 4.83052e-16 3.15082e-16 3.03993e-16 3.97984e-54
9 29 9 1  1.07679 0.925108 0.83698 0.603333 0.380162
9 29 10 1  6.51694e-16 4.62536e-16 2.32749e-16 6.71251e-17 7.0819e-27
9 30 1 1  2.41923e-16 2.52779e-16 1.08511e-16 4.4761e-17 9.45369e-24
9 30 2 1  3.49287e-11 4.02437e-11 1.09219e-10 1.86795e-10 3.56071e-45
9 30 3 1  6.71468e-12 7.65926e-12 1.37463e-11 1.79206e-11 1.73819e-71
9 30 4 1  4.83317e-16 1.82356e-16 8.11345e-17 3.64211e-17 2.80457e-17
9 30 5 1  1.29622e-11 1.84195e-11 1.7937e-11 5.49123e-12 2.06151e-12
9 30 6 1  3.62663e-11 6.6558e-11 6.86176e-11 1.91006e-13 5.47883e-127
9 30 7 1  9.53345e-12 7.69132e-12 8.19938e-12 5.12251e-12 2.19603e-30
9 30 8 1  1.27597e-15 8.17018e-16 6.78206e-16 5.44752e-16 6.27552e-54
9 30 9 1  1.73549 1.69651 1.48651 1.12865 0.726984
9 30 10 1  7.92384e-16 1.26413e-15 5.02984e-16 1.08315e-16 7.07128e-27
9 31 1 1  1.35489e-16 1.97873e-16 9.1955e-17 3.2759e-17 4.75195e-24
9 31 2 1  9.61217e-11 3.64491e-11 7.20202e-11 1.63884e-10 2.66358e-45
9 31 3 1  4.8848e-12 6.15347e-12 1.02982e-11 1.51841e-11 1.35454e-71
9 31 4 1  4.92203e-16 1.92758e-16 7.47324e-17 3.31838e-17 2.57172e-17
9 31 5 1  4.30771e-12 1.8365e-11 1.5612e-11 6.43187e-12 2.24818e-12
9 31 6 1  2.48224e-11 5.14284e-11 6.3307e-11 1.48252e-13 4.3302e-127
9 31 7 1  8.55645e-12 6.57264e-12 6.87837e-12 4.42797e-12 1.76654e-30
9 31 8 1  7.34358e-16 8.88084e-16 6.32099e-16 4.72513e-16 4.66459e-54
9 31 9 1  1.45106 1.38607 1.25791 0.980451 0.65245
9 31 10 1  1.97323e-16 9.71998e-16 6.16771e-16 9.51957e-17 3.38889e-27
9 32 1 1  1.61756e-16 2.59021e-16 1.35459e-16 4.36802e-17 4.14573e-24
9 32 2 1  3.53474e-11 1.58883e-10 1.00518e-10 2.64535e-10 3.82522e-45
9 32 3 1  8.87698e-12 9.16768e-12 1.49783e-11 2.4427e-11 2.03113e-71
9 32 4 1  6.92927e-16 3.97043e-16 1.46393e-16 6.08243e-17 4.71591e-17
9 32 5 1  4.63093e-12 2.3537e-11 2.71928e-11 1.29509e-11 4.81884e-12
9 32 6 1  3.61909e-10 7.38057e-11 1.0878e-10 2.21358e-13 6.59154e-127
9 32 7 1  1.58256e-11 1.0954e-11 1.11526e-11 7.36751e-12 2.74161e-30
9 32 8 1  7.39752e-16 1.31678e-15 1.17545e-15 7.83354e-16 6.55416e-54
9 32 9 1  2.16988 2.14896 1.97631 1.58911 1.09397
9 32 10 1  3.53346e-16 8.86639e-16 1.06822e-15 1.89677e-16 3.11372e-27
9 33 1 1  9.3383e-17 1.55794e-16 9.52529e-17 3.06581e-17 1.83684e-24
9 33 2 1  2.45675e-10 5.78419e-11 1.11671e-10 1.93139e-10 2.5292e-45
9 33 3 1  9.25732e-11 6.77094e-12 1.00725e-11 1.79384e-11 1.40339e-71
9 33 4 1  4.51618e-16 3.28052e-16 1.40094e-16 5.47317e-17 4.12792e-17
9 33 5 1  2.04292e-11 1.33389e-11 2.00242e-11 1.14565e-11 4.68229e-12
9 33 6 1  1.72922e-10 1.65464e-10 8.38056e-11 1.52278e-13 4.62542e-127
9 33 7 1  1.39006e-11 8.65273e-12 8.37695e-12 5.64791e-12 1.96368e-30
9 33 8 1  3.68329e-16 7.8914e-16 9.48145e-16 6.20801e-16 4.31668e-54
9 33 9 1  2.0484 1.48586 1.39959 1.15649 0.825608
9 33 10 1  2.81452e-16 4.82177e-16 6.7959e-16 1.76342e-16 1.437e-27
9 34 1 1  7.55461e-17 9.60527e-17 6.65223e-17 2.3907e-17 9.03408e-25
9 34 2 1  7.24313e-11 1.82884e-10 7.39756e-11 1.52951e-10 1.71349e-45
9 34 3 1  4.31999e-11 3.16036e-11 7.0579e-12 1.3409e-11 9.94596e-72
9 34 4 1  3.07239e-16 2.57408e-16 1.30425e-16 5.25594e-17 3.77831e-17
9 34 5 1  2.68868e-11 1.90473e-11 1.42527e-11 9.85109e-12 4.55859e-12
9 34 6 1  2.17612e-10 1.45775e-10 8.34122e-11 1.07437e-13 3.33072e-127
9 34 7 1  1.26112e-11 7.2296e-12 6.50745e-12 4.44269e-12 1.44499e-30
9 34 8 1  3.20945e-16 4.62686e-16 7.28327e-16 5.11851e-16 2.94739e-54
9 34 9 1  3.47479 1.24988 1.03856 0.882657 0.654081
9 34 10 1  2.70872e-16 3.2704e-16 4.40613e-16 1.56654e-16 7.5515e-28
9 35 1 1  1.44448e-16 5.43684e-17 3.82179e-17 1.53461e-17 3.80475e-25
9 35 2 1  5.13969e-12 7.36184e-11 9.28399e-11 9.67686e-11 9.54029e-46
9 35 3 1  1.89369e-11 2.27096e-11 8.46774e-12 8.20365e-12 5.8028e-72
9 35 4 1  1.84075e-16 1.57147e-16 9.20207e-17 4.04628e-17 2.84334e-17
9 35 5 1  1.2378e-11 2.11269e-11 1.00523e-11 6.64423e-12 3.55066e-12
9 35 6 1  1.63548e-10 1.24817e-10 6.57578e-11 6.23916e-14 1.97559e-127
9 35 7 1  8.44543e-12 5.10292e-12 4.20916e-12 2.88003e-12 8.76922e-31
9 35 8 1  4.13268e-16 2.54502e-16 4.29399e-16 3.40767e-16 1.64475e-54
9 35 9 1  1.91362 1.33821 0.682689 0.567241 0.436804
9 35 10 1  1.2789e-16 2.25448e-16 2.47419e-16 1.04089e-16 3.34359e-28
9 36 1 1  1.27307e-16 3.5652e-17 1.49158e-17 6.6653e-18 1.12478e-25
9 36 2 1  1.82782e-11 9.51919e-12 3.56158e-11 4.16592e-11 3.17842e-46
9 36 3 1  4.83109e-12 7.91001e-12 4.58078e-12 3.21007e-12 2.02404e-72
9 36 4 1  7.06549e-16 5.75517e-17 3.69898e-17 1.80435e-17 1.29359e-17
9 36 5 1  2.07709e-11 8.56863e-12 5.05896e-12 2.707e-12 1.60154e-12
9 36 6 1  3.63891e-11 5.97289e-11 3.17751e-11 2.16642e-14 7.0024e-128
9 36 7 1  3.23052e-12 2.12847e-12 1.64832e-12 1.11571e-12 3.17904e-31
9 36 8 1  1.28218e-16 1.27485e-16 1.48886e-16 1.32523e-16 5.46298e-55
9 36 9 1  0.60187 0.602727 0.341342 0.227298 0.179723
9 36 10 1  3.77998e-17 7.45825e-17 1.01235e-16 4.50165e-17 1.0166e-28
9 37 1 1  3.69502e-16 1.85675e-16 4.89761e-17 1.91312e-17 2.27014e-25
9 37 2 1  6.34933e-12 4.62452e-11 6.20166e-11 1.1299e-10 6.84987e-46
9 37 3 1  2.08043e-10 1.60654e-11 1.32592e-11 8.52913e-12 4.55473e-72
9 37 4 1  1.27389e-15 5.20524e-16 9.47713e-17 5.07861e-17 3.8539e-17
9 37 5 1  5.22321e-11 5.39863e-11 1.50261e-11 7.52474e-12 4.55944e-12
9 37 6 1  1.04379e-10 1.3644e-10 9.90165e-11 4.85467e-14 1.59944e-127
9 37 7 1  7.76044e-12 5.6136e-12 4.20259e-12 2.78565e-12 7.41608e-31
9 37 8 1  2.21371e-16 3.22088e-16 3.67008e-16 3.30082e-16 1.18026e-54
9 37 9 1  1.23204 1.48105 1.04502 0.623139 0.473429
9 37 10 1  1.57902e-16 1.50368e-16 2.63944e-16 1.36438e-16 2.1982e-28
9 38 1 1  4.21472e-16 3.14684e-16 1.00648e-16 2.73275e-17 2.18537e-25
9 38 2 1  1.0114e-11 2.14431e-11 7.08984e-11 1.33908e-10 7.01306e-46
9 38 3 1  1.23792e-10 1.06362e-10 1.61713e-11 1.09318e-11 4.86476e-72
9 38 4 1  1.11049e-15 7.83319e-16 2.13478e-16 6.58005e-17 5.40226e-17
9 38 5 1  9.62393e-12 8.66962e-11 3.0551e-11 1.01212e-11 6.127e-12
9 38 6 1  6.14663e-11 1.59405e-10 1.34677e-10 5.16406e-14 1.73298e-127
9 38 7 1  8.70078e-12 6.88367e-12 5.1148e-12 3.30361e-12 8.20054e-31
9 38 8 1  1.6772e-16 3.33542e-16 4.3988e-16 3.95845e-16 1.22835e-54
9 38 9 1  1.08857 1.55707 1.33862 0.812852 0.576656
9 38 10 1  1.24826e-16 2.23794e-16 3.07298e-16 1.92346e-16 2.30251e-28
9 39 1 1  2.49832e-16 3.05402e-16 1.34707e-16 3.30495e-17 1.55714e-25
9 39 2 1  8.13633e-12 1.20892e-11 4.18738e-11 1.1002e-10 5.01655e-46
9 39 3 1  5.28537e-11 9.0031e-11 3.19253e-11 9.71414e-12 3.64171e-72
9 39 4 1  6.8602e-16 6.67579e-16 2.66796e-16 7.63234e-17 5.23536e-17
9 39 5 1  4.44302e-11 4.79492e-11 3.82043e-11 1.10377e-11 5.78087e-12
9 39 6 1  9.85462e-11 1.06749e-10 1.23638e-10 3.84901e-14 1.31718e-127
9 39 7 1  6.73306e-12 5.8127e-12 4.38068e-12 2.75782e-12 6.36977e-31
9 39 8 1  9.75514e-17 2.20515e-16 3.6188e-16 3.38097e-16 9.10286e-55
9 39 9 1  0.716181 1.07931 1.11532 0.738501 0.497668
9 39 10 1  9.72191e-17 1.58632e-16 2.76156e-16 1.85558e-16 1.72918e-28
9 40 1 1  2.44935e-16 3.3079e-16 2.14336e-16 5.93835e-17 1.57896e-25
9 40 2 1  1.09349e-11 1.17349e-11 3.33128e-11 1.17818e-10 4.8901e-46
9 40 3 1  3.24138e-11 8.13396e-11 5.15703e-11 1.43383e-11 3.72301e-72
9 40 4 1  5.88581e-16 7.06629e-16 3.77247e-16 1.25694e-16 7.23714e-17
9 40 5 1  2.57887e-11 7.13779e-11 4.62098e-11 1.7398e-11 7.67108e-12
9 40 6 1  4.25302e-10 1.2713e-10 1.45612e-10 3.91708e-14 1.36823e-127
9 40 7 1  7.39064e-12 6.6008e-12 5.12645e-12 3.15703e-12 6.77066e-31
9 40 8 1  8.79995e-17 1.94508e-16 3.92808e-16 3.97904e-16 9.33989e-55
9 40 9 1  0.730048 1.00618 1.19565 0.893112 0.592712
9 40 10 1  1.22686e-16 1.62406e-16 3.1814e-16 2.43759e-16 1.79585e-28
9 41 1 1  2.00265e-16 2.6827e-16 2.25317e-16 7.96452e-17 1.25759e-25
9 41 2 1  2.69688e-11 1.09999e-11 2.14314e-11 9.43707e-11 3.67293e-46
9 41 3 1  1.64521e-11 5.13317e-11 5.01489e-11 1.68196e-11 2.93446e-72
9 41 4 1  4.0211e-16 5.51135e-16 3.67451e-16 1.48737e-16 8.13981e-17
9 41 5 1  1.35762e-11 5.38543e-11 4.63324e-11 1.90346e-11 8.15755e-12
9 41 6 1  1.75504e-10 2.39241e-10 1.32434e-10 3.07317e-14 1.09608e-127
9 41 7 1  6.47219e-12 5.76069e-12 4.61631e-12 2.79537e-12 5.55516e-31
9 41 8 1  9.1301e-17 1.34069e-16 3.1799e-16 3.59067e-16 7.42037e-55
9 41 9 1  0.644826 0.743098 0.945926 0.802144 0.544542
9 41 10 1  4.05284e-16 1.45408e-16 2.7516e-16 2.41325e-16 1.44271e-28
9 42 1 1  1.0887e-15 1.14436e-16 1.13861e-16 5.14317e-17 5.2876e-26
9 42 2 1  1.45667e-11 1.19249e-11 8.00745e-12 3.8568e-11 1.43412e-46
9 42 3 1  5.03881e-12 1.60926e-11 2.21401e-11 9.65416e-12 1.20554e-72
9 42 4 1  1.5275e-16 2.20116e-16 1.74659e-16 8.48992e-17 4.90204e-17
9 42 5 1  1.57066e-11 1.89513e-11 2.19584e-11 1.0528e-11 4.56033e-12
9 42 6 1  4.86792e-10 1.04246e-10 7.38543e-11 1.25637e-14 4.58116e-128
9 42 7 1  3.1092e-12 2.63357e-12 2.16457e-12 1.29581e-12 2.38267e-31
9 42 8 1  6.52647e-17 5.58908e-17 1.32002e-16 1.6829e-16 3.10077e-55
9 42 9 1  0.320114 0.31362 0.393532 0.373232 0.267061
9 42 10 1  3.24315e-16 1.80253e-16 1.2629e-16 1.2254e-16 6.09252e-29
10 1 1 1  1.75344e-20 1.51783e-14 6.73054e-15 1.8994e-16 1.94011e-16
10 1 2 1  2.48816e-160 1.8763e-116 3.7163e-13 2.83152e-54 7.43795e-42
10 1 3 1  2.93089e-32 5.85652e-15 1.20965e-11 1.83759e-11 6.54578e-69
10 1 4 1  1.71624e-23 2.21218e-15 3.23773e-31 2.72164e-15 1.69539e-27
10 1 5 1  1.15214e-17 6.66935e-21 3.18164e-11 2.49343e-12 2.67633e-14
10 1 6 1  1.46237e-16 4.99057e-53 1.39461e-10 8.47387e-11 1.16032e-124
10 1 7 1  3.04675e-69 8.225e-11 1.37754e-10 3.61598e-11 2.40674e-28
10 1 8 1  1.92372e-22 1.82819e-15 1.35996e-14 2.27165e-16 3.19149e-50
10 1 9 1  6.28842e-40 1.0669e-15 2.4298e-14 1.21749e-14 2.79891e-26
10 1 10 1  9.4519e-07 0.0429557 5.36488 1.01787 0.211508
10 2 1 1  2.4375e-20 8.15216e-15 7.77452e-15 1.08029e-15 1.44802e-16
10 2 2 1  1.8818e-19 4.45768e-117 1.69347e-13 2.45441e-11 5.64039e-42
10 2 3 1  1.98925e-19 2.8217e-15 1.0858e-11 1.66493e-11 5.49515e-69
10 2 4 1  7.61751e-22 1.47076e-15 4.78378e-16 1.83068e-15 5.62169e-16
10 2 5 1  7.73477e-18 8.67031e-12 2.11199e-11 7.00496e-12 3.24191e-13
10 2 6 1  6.58955e-17 1.86831e-11 1.07353e-10 7.04706e-11 1.0058e-124
10 2 7 1  3.62285e-16 5.5206e-11 1.19031e-10 3.80151e-11 2.15877e-28
10 2 8 1  6.89938e-22 8.16519e-16 1.63518e-14 1.69073e-15 2.58823e-50
10 2 9 1  8.3298e-21 5.87646e-16 1.58511e-14 1.40148e-14 1.48983e-15
10 2 10 1  4.9753e-07 0.0376911 8.27307 1.01466 0.111781
10 3 1 1  6.74597e-20 6.9666e-15 9.71352e-15 2.77939e-15 1.59317e-16
10 3 2 1  1.87861e-19 9.09333e-17 1.17063e-13 4.3437e-11 6.40999e-42
10 3 3 1  5.65023e-19 2.89881e-15 1.25615e-11 2.25109e-11 6.8656e-69
10 3 4 1  2.3251e-21 1.55282e-15 9.52022e-16 1.98648e-15 1.30127e-15
10 3 5 1  6.79699e-18 1.52713e-11 2.57019e-11 1.28715e-11 1.68145e-12
10 3 6 1  1.1596e-16 2.76967e-11 2.01307e-10 8.72632e-11 1.29574e-124
10 3 7 1  9.76362e-16 5.86955e-11 1.50567e-10 5.76591e-11 2.87511e-28
10 3 8 1  9.79954e-22 6.49642e-16 2.02528e-14 4.5824e-15 3.04639e-50
10 3 9 1  1.77896e-20 2.99001e-15 1.53807e-14 2.02425e-14 4.45036e-15
10 3 10 1  3.23761e-06 0.0372069 11.7014 1.72158 0.0790079
10 4 1 1  6.34459e-19 5.41695e-15 7.93966e-15 3.62605e-15 1.26208e-16
10 4 2 1  2.95838e-19 9.1322e-17 8.00124e-14 4.35998e-11 5.38344e-42
10 4 3 1  8.65547e-19 3.33656e-15 1.0555e-11 2.20217e-11 6.29201e-69
10 4 4 1  3.4711e-21 1.34109e-15 1.06366e-15 1.67903e-15 1.69918e-15
10 4 5 1  3.58372e-18 1.42119e-11 2.49409e-11 1.50236e-11 3.3102e-12
10 4 6 1  1.12592e-16 3.31492e-11 2.56723e-10 7.93081e-11 1.22229e-124
10 4 7 1  1.46882e-15 5.00281e-11 1.38445e-10 6.25576e-11 2.80004e-28
10 4 8 1  8.25793e-21 4.25321e-16 1.61523e-14 6.00587e-15 2.51875e-50
10 4 9 1  2.0407e-20 5.68788e-15 1.16696e-14 1.95596e-14 6.80503e-15
10 4 10 1  6.39106e-07 0.104464 9.10141 1.64591 0.0347981
10 5 1 1  2.46097e-19 1.35341e-14 4.77303e-15 2.99974e-15 7.4407e-17
10 5 2 1  4.20238e-19 1.03536e-16 4.89626e-14 3.27919e-11 3.6016e-42
10 5 3 1  7.39971e-19 3.60799e-15 7.56142e-12 1.68489e-11 4.56306e-69
10 5 4 1  4.11461e-21 1.01947e-15 8.63908e-16 1.16621e-15 1.58708e-15
10 5 5 1  2.25741e-18 8.72202e-12 1.89969e-11 1.31522e-11 4.07685e-12
10 5 6 1  5.4519e-17 2.87891e-11 2.55505e-10 5.70706e-11 9.10894e-125
10 5 7 1  1.49444e-15 3.73482e-11 1.00386e-10 5.26395e-11 2.15133e-28
10 5 8 1  2.67753e-21 1.0475e-15 9.97585e-15 5.33021e-15 1.657e-50
10 5 9 1  1.68024e-20 6.25712e-15 7.93512e-15 1.44313e-14 7.06334e-15
10 5 10 1  1.32328e-06 0.0444963 14.7113 1.1297 0.0122388
10 6 1 1  2.34627e-19 1.99144e-14 9.44568e-15 4.21832e-15 8.10296e-17
10 6 2 1  1.408e-18 2.74683e-16 7.46872e-14 4.68653e-11 4.69343e-42
10 6 3 1  1.12598e-18 6.65725e-15 1.18208e-11 2.49264e-11 6.42541e-69
10 6 4 1  7.8841e-21 1.71622e-15 1.34005e-15 1.62024e-15 2.74521e-15
10 6 5 1  8.63671e-18 1.05181e-11 2.68093e-11 2.15885e-11 8.67067e-12
10 6 6 1  7.59476e-17 3.91635e-11 4.75567e-10 7.97638e-11 1.31736e-124
10 6 7 1  2.74005e-15 5.84535e-11 1.41592e-10 8.47785e-11 3.20704e-28
10 6 8 1  2.21958e-21 1.32506e-15 1.75316e-14 8.53519e-15 2.14398e-50
10 6 9 1  2.68108e-20 1.15321e-14 1.1777e-14 2.057e-14 1.31176e-14
10 6 10 1  7.57057e-07 0.0827637 15.2803 2.25255 0.00738846
10 7 1 1  1.03498e-19 7.25472e-15 4.8844e-15 2.01337e-15 2.73805e-17
10 7 2 1  1.06779e-18 2.56409e-16 4.41318e-14 1.93881e-11 1.75333e-42
10 7 3 1  7.00371e-19 3.20851e-15 5.60258e-12 1.06155e-11 2.58957e-69
10 7 4 1  4.09759e-21 8.66471e-16 6.10326e-16 6.59873e-16 1.32272e-15
10 7 5 1  2.39249e-18 5.88e-12 1.05021e-11 9.79861e-12 4.90929e-12
10 7 6 1  6.11516e-17 1.5442e-11 2.33701e-10 3.191e-11 5.4517e-125
10 7 7 1  1.33938e-15 2.74471e-11 5.74633e-11 3.86487e-11 1.36817e-28
10 7 8 1  2.10159e-21 4.08197e-16 7.77723e-15 3.97443e-15 7.90644e-51
10 7 9 1  1.31574e-20 5.75536e-15 5.4061e-15 8.55393e-15 6.69386e-15
10 7 10 1  2.35977e-07 0.0229322 7.75722 0.833929 0.00125434
10 8 1 1  5.74391e-20 5.46278e-15 4.11075e-15 1.89452e-15 1.77882e-17
10 8 2 1  4.0475e-18 3.89413e-16 6.89379e-14 1.65565e-11 1.27724e-42
10 8 3 1  7.70838e-19 3.44446e-15 5.22291e-12 8.89523e-12 2.02636e-69
10 8 4 1  3.75441e-21 8.48479e-16 5.50125e-16 5.28e-16 1.19944e-15
10 8 5 1  8.23282e-18 4.62039e-12 8.62634e-12 8.37677e-12 5.11698e-12
10 8 6 1  8.89942e-17 1.58005e-11 2.13697e-10 2.4795e-11 4.37527e-125
10 8 7 1  1.24019e-15 2.54319e-11 4.56492e-11 3.3867e-11 1.13081e-28
10 8 8 1  9.71025e-22 4.15161e-16 6.04492e-15 3.56188e-15 5.66437e-51
10 8 9 1  1.25862e-20 5.5149e-15 4.93499e-15 6.98444e-15 6.38398e-15
10 8 10 1  4.46064e-07 0.0130427 5.98114 1.04198 0.000593665
10 9 1 1  3.11004e-19 6.4105e-15 5.63047e-15 2.87067e-15 1.92403e-17
10 9 2 1  1.31521e-17 2.31627e-15 1.83926e-13 2.81797e-11 1.6139e-42
10 9 3 1  1.28303e-18 6.51976e-15 8.92089e-12 1.30502e-11 2.7345e-69
10 9 4 1  6.00353e-21 1.38438e-15 8.6677e-16 7.39332e-16 1.8281e-15
10 9 5 1  3.70072e-18 1.44675e-11 1.21107e-11 1.22356e-11 8.816e-12
10 9 6 1  7.23077e-17 3.38754e-11 3.4665e-10 3.32443e-11 6.04442e-125
10 9 7 1  1.99668e-15 4.0855e-11 6.31372e-11 5.07081e-11 1.60581e-28
10 9 8 1  2.97557e-21 4.97013e-16 8.86735e-15 5.4016e-15 7.05909e-51
10 9 9 1  1.77889e-20 8.98955e-15 7.79789e-15 9.88671e-15 1.01337e-14
10 9 10 1  4.13058e-07 0.0261047 6.14402 1.53561 0.000435909
10 10 1 1  1.7729e-19 1.07337e-14 4.93684e-15 2.87548e-15 1.41323e-17
10 10 2 1  1.42951e-18 5.43122e-15 6.31106e-13 3.84606e-11 1.40325e-42
10 10 3 1  1.46272e-18 7.9287e-15 1.09706e-11 1.33714e-11 2.51235e-69
10 10 4 1  6.3786e-21 1.50838e-15 9.29509e-16 7.17772e-16 1.85995e-15
10 10 5 1  5.74853e-18 1.16946e-11 1.49891e-11 1.2041e-11 9.9894e-12
10 10 6 1  4.19251e-17 3.24179e-11 4.1345e-10 3.03784e-11 5.66444e-125
10 10 7 1  3.35351e-14 4.5109e-11 6.00772e-11 5.11541e-11 1.54051e-28
10 10 8 1  2.28061e-21 6.66505e-16 8.34063e-15 5.49952e-15 5.92203e-51
10 10 9 1  1.70439e-20 9.27716e-15 8.39474e-15 9.61797e-15 1.06806e-14
10 10 10 1  3.36283e-07 0.0219136 5.70833 1.08042 0.00017999
10 11 1 1  3.33254e-19 8.26714e-15 4.35337e-15 2.1079e-15 7.85225e-18
10 11 2 1  1.02581e-17 1.69855e-15 1.32804e-12 6.94325e-11 1.02277e-42
10 11 3 1  1.46261e-18 7.74124e-15 1.12812e-11 1.17681e-11 1.92251e-69
10 11 4 1  5.74134e-21 1.32995e-15 8.17417e-16 5.84263e-16 1.53728e-15
10 11 5 1  5.4875e-18 9.95885e-12 1.33164e-11 1.02991e-11 9.18754e-12
10 11 6 1  2.92055e-17 2.25672e-11 3.91801e-10 2.31368e-11 4.40977e-125
10 11 7 1  2.08216e-14 2.21793e-10 4.82073e-11 4.26679e-11 1.22395e-28
10 11 8 1  9.94776e-22 5.31893e-16 7.18081e-15 4.50323e-15 4.04247e-51
10 11 9 1  1.48465e-20 7.62322e-15 7.30998e-15 7.83391e-15 9.15371e-15
10 11 10 1  3.47427e-06 0.0150222 4.28897 0.729544 6.23982e-05
10 12 1 1  2.70977e-19 1.76128e-14 6.1295e-15 2.69736e-15 7.25072e-18
10 12 2 1  3.54662e-18 6.01047e-15 1.6395e-12 2.41938e-10 1.31296e-42
10 12 3 1  2.82823e-18 1.33329e-14 1.99423e-11 1.87188e-11 2.58941e-69
10 12 4 1  8.7121e-21 2.01512e-15 1.22236e-15 8.26671e-16 2.15591e-15
10 12 5 1  5.6314e-18 1.56109e-11 2.0561e-11 1.56212e-11 1.46997e-11
10 12 6 1  1.32157e-16 2.74933e-11 6.1452e-10 3.10208e-11 6.03687e-125
10 12 7 1  2.27276e-14 4.58793e-10 9.93417e-11 6.24159e-11 1.70781e-28
10 12 8 1  3.53984e-21 5.78509e-16 1.06864e-14 6.59751e-15 4.88754e-51
10 12 9 1  2.24525e-20 1.14056e-14 1.10962e-14 1.15026e-14 1.38678e-14
10 12 10 1  7.9425e-07 0.152747 4.61551 0.817472 3.39478e-05
10 13 1 1  1.86924e-19 1.7765e-14 7.85393e-15 2.6075e-15 4.91778e-18
10 13 2 1  2.30607e-18 3.36496e-15 2.60784e-12 3.89865e-10 1.33403e-42
10 13 3 1  1.77904e-17 1.91606e-14 2.754e-11 2.40585e-11 2.76711e-69
10 13 4 1  1.05148e-20 2.37117e-15 1.41389e-15 9.16188e-16 2.32975e-15
10 13 5 1  8.21347e-18 1.6298e-11 2.52912e-11 1.88812e-11 1.85398e-11
10 13 6 1  1.03676e-16 4.26714e-11 7.33078e-10 3.29933e-11 6.55892e-125
10 13 7 1  1.99629e-14 5.88462e-10 1.62591e-10 7.4075e-11 1.89134e-28
10 13 8 1  2.85387e-21 8.91643e-16 1.15013e-14 7.70776e-15 4.69895e-51
10 13 9 1  2.87261e-20 1.34656e-14 1.31686e-14 1.33634e-14 1.64488e-14
10 13 10 1  3.01046e-07 0.0925213 21.2986 0.502825 1.03525e-05
10 14 1 1  6.96396e-20 6.18028e-15 3.23185e-15 9.70823e-16 1.17031e-18
10 14 2 1  6.84578e-18 8.1533e-16 1.02268e-12 2.52273e-10 5.48691e-43
10 14 3 1  5.13843e-18 3.12144e-14 1.55933e-11 1.2708e-11 1.20074e-69
10 14 4 1  1.07025e-20 1.15821e-15 6.74482e-16 4.22008e-16 1.03429e-15
10 14 5 1  5.65739e-18 7.82318e-12 1.20307e-11 9.30853e-12 9.45657e-12
10 14 6 1  2.37535e-16 1.98186e-11 3.69082e-10 1.4246e-11 2.89591e-125
10 14 7 1  7.37937e-15 2.75881e-10 9.9133e-11 3.67458e-11 8.51723e-29
10 14 8 1  8.08701e-22 3.77174e-16 5.46105e-15 3.521e-15 1.79454e-51
10 14 9 1  1.55499e-20 6.48196e-15 6.14566e-15 6.14453e-15 7.66863e-15
10 14 10 1  2.86795e-07 0.0202385 8.84545 0.613226 1.44739e-06
10 15 1 1  5.39808e-20 4.06708e-15 2.18186e-15 6.59398e-16 4.8932e-19
10 15 2 1  5.16412e-18 2.32934e-15 6.54116e-13 2.60143e-10 4.23472e-43
10 15 3 1  2.86169e-18 2.99962e-14 2.89043e-11 1.27749e-11 9.76927e-70
10 15 4 1  1.0595e-20 1.47559e-15 6.09305e-16 3.69262e-16 8.65021e-16
10 15 5 1  6.16162e-18 8.36349e-12 1.07567e-11 8.53209e-12 9.00001e-12
10 15 6 1  9.77578e-17 4.16024e-11 3.43845e-10 1.1534e-11 2.39638e-125
10 15 7 1  5.42123e-15 2.30708e-10 1.04844e-10 3.49334e-11 7.18449e-29
10 15 8 1  1.1231e-21 2.50263e-16 4.64888e-15 3.01603e-15 1.2762e-51
10 15 9 1  1.78166e-20 6.17022e-15 5.43349e-15 5.31528e-15 6.69414e-15
10 15 10 1  2.44851e-07 0.0137984 5.53234 0.905739 5.92685e-07
10 16 1 1  3.68117e-20 3.0122e-15 1.47575e-15 4.49519e-16 2.05776e-19
10 16 2 1  1.36367e-18 2.34862e-15 8.38412e-13 2.60298e-10 3.53759e-43
10 16 3 1  2.07728e-18 2.50124e-14 3.97545e-11 1.64201e-11 8.59976e-70
10 16 4 1  9.92324e-21 1.72032e-15 6.52585e-16 3.37757e-16 7.51212e-16
10 16 5 1  9.81034e-18 9.77159e-12 1.09675e-11 8.41577e-12 9.2247e-12
10 16 6 1  4.96745e-17 3.88231e-11 4.18622e-10 1.01038e-11 2.14518e-125
10 16 7 1  4.63606e-15 2.03993e-10 1.13281e-10 3.64083e-11 6.55431e-29
10 16 8 1  7.56762e-22 2.4929e-16 3.89523e-15 2.7278e-15 9.59076e-52
10 16 9 1  2.16508e-20 7.00574e-15 5.36606e-15 5.03229e-15 6.35793e-15
10 16 10 1  7.3863e-07 0.0115154 3.9449 0.85719 2.68024e-07
10 17 1 1  7.97059e-20 3.57054e-15 1.6983e-15 4.82888e-16 1.36842e-19
10 17 2 1  7.72699e-18 1.77708e-15 1.54747e-12 4.52336e-10 4.88382e-43
10 17 3 1  2.71369e-18 3.28826e-14 7.26145e-11 3.57485e-11 1.25636e-69
10 17 4 1  1.45239e-20 3.0276e-15 1.19618e-15 5.38513e-16 1.07994e-15
10 17 5 1  1.16299e-17 2.2424e-11 1.93724e-11 1.38977e-11 1.56668e-11
10 17 6 1  5.43633e-17 5.02191e-11 7.81884e-10 1.46846e-11 3.19194e-125
10 17 7 1  6.98269e-15 2.96609e-10 1.94932e-10 6.34265e-11 9.95498e-29
10 17 8 1  1.30139e-20 3.4161e-16 5.78419e-15 4.12252e-15 1.2224e-51
10 17 9 1  4.71229e-20 1.37989e-14 9.33993e-15 8.0557e-15 1.0107e-14
10 17 10 1  1.003e-06 0.0396461 4.16598 0.956294 1.64658e-07
10 18 1 1  7.85166e-20 7.87309e-16 3.22828e-16 8.77841e-17 1.5005e-20
10 18 2 1  7.04846e-18 7.07486e-16 2.70082e-13 1.09979e-10 9.32273e-44
10 18 3 1  1.17292e-17 5.9683e-15 1.639e-11 1.01652e-11 2.54994e-70
10 18 4 1  3.49782e-21 6.9095e-16 3.04135e-16 1.28149e-16 2.2166e-16
10 18 5 1  2.77753e-18 5.05394e-12 5.22244e-12 3.24182e-12 3.69628e-12
10 18 6 1  1.65364e-17 8.65454e-12 1.86123e-10 2.96367e-12 6.60943e-126
10 18 7 1  1.58737e-15 6.0031e-11 4.52154e-11 1.53621e-11 2.10809e-29
10 18 8 1  1.20399e-21 4.40105e-16 1.23188e-15 9.14726e-16 2.29778e-52
10 18 9 1  1.56363e-20 4.06882e-15 2.42174e-15 1.86636e-15 2.27988e-15
10 18 10 1  6.62119e-07 0.00943837 1.88015 0.159601 1.55954e-08
10 19 1 1  3.78927e-20 2.06246e-15 3.12306e-16 8.23133e-17 8.33431e-21
10 19 2 1  6.58654e-19 2.62635e-15 2.94961e-13 1.10165e-10 7.84636e-44
10 19 3 1  6.10883e-18 3.90141e-14 1.5388e-11 1.19072e-11 2.27417e-70
10 19 4 1  3.97039e-21 7.00453e-16 3.1944e-16 1.3576e-16 2.00314e-16
10 19 5 1  5.91219e-18 5.16904e-12 5.7821e-12 3.43881e-12 3.82037e-12
10 19 6 1  1.48834e-17 7.62506e-12 1.84937e-10 2.62873e-12 6.00733e-126
10 19 7 1  1.59964e-15 5.47036e-11 4.50846e-11 1.62278e-11 1.95757e-29
10 19 8 1  7.06264e-22 3.72701e-16 2.7906e-15 8.85037e-16 1.89517e-52
10 19 9 1  1.46628e-20 5.63135e-15 2.91191e-15 1.95446e-15 2.26304e-15
10 19 10 1  1.29937e-07 0.0215841 2.63605 0.339666 1.06856e-08
10 20 1 1  1.66305e-20 1.36244e-15 4.27065e-16 5.55343e-17 3.28542e-21
10 20 2 1  2.86421e-19 6.86165e-16 5.35804e-13 8.30343e-11 4.86795e-44
10 20 3 1  2.49585e-18 2.97597e-14 2.70476e-11 9.73233e-12 1.48776e-70
10 20 4 1  3.39985e-21 5.36915e-16 2.38072e-16 1.03202e-16 1.33056e-16
10 20 5 1  2.39608e-18 5.81593e-12 4.58247e-12 2.70415e-12 2.8978e-12
10 20 6 1  3.94749e-17 5.00538e-12 1.33222e-10 1.71102e-12 3.99957e-126
10 20 7 1  1.11834e-15 3.74769e-11 3.25661e-11 1.24588e-11 1.32966e-29
10 20 8 1  2.9839e-22 2.00149e-16 2.59259e-15 7.59066e-16 1.13806e-52
10 20 9 1  9.99152e-21 4.66344e-15 2.75528e-15 1.57038e-15 1.66588e-15
10 20 10 1  8.61263e-07 0.00838447 3.92644 0.418644 5.51376e-09
10 21 1 1  2.42604e-20 1.46846e-15 7.14448e-16 1.10142e-16 2.66391e-21
10 21 2 1  7.19224e-19 3.89655e-16 5.97399e-13 1.49968e-10 5.64378e-44
10 21 3 1  7.73322e-18 3.34212e-14 5.33583e-11 1.86859e-11 1.81848e-70
10 21 4 1  4.94009e-21 8.12057e-16 3.34903e-16 1.45135e-16 1.68143e-16
10 21 5 1  3.35283e-18 7.29655e-12 7.75428e-12 3.98126e-12 4.12372e-12
10 21 6 1  2.92799e-17 1.19463e-11 1.77232e-10 2.08078e-12 4.97542e-126
10 21 7 1  1.42368e-15 4.82001e-11 4.36406e-11 1.77423e-11 1.68778e-29
10 21 8 1  2.92281e-21 1.85587e-16 3.60298e-15 1.24661e-15 1.27606e-52
10 21 9 1  1.26271e-20 6.64435e-15 4.61569e-15 2.50395e-15 2.33289e-15
10 21 10 1  3.84034e-07 0.0367213 4.90951 1.07776 5.29093e-09
10 22 1 1  1.78815e-20 1.03781e-15 5.66273e-16 1.24218e-16 1.35401e-21
10 22 2 1  5.42679e-18 2.80732e-16 3.20209e-13 1.34196e-10 3.78723e-44
10 22 3 1  3.39651e-18 3.36274e-14 4.75123e-11 2.09975e-11 1.28803e-70
10 22 4 1  3.90795e-21 6.90981e-16 2.80204e-16 1.17682e-16 1.24627e-16
10 22 5 1  1.84242e-18 5.5289e-12 6.77187e-12 3.5358e-12 3.41717e-12
10 22 6 1  1.30744e-17 9.15622e-12 1.49721e-10 1.46616e-12 3.58845e-126
10 22 7 1  1.03619e-15 3.58308e-11 3.37223e-11 1.45534e-11 1.24291e-29
10 22 8 1  1.00131e-21 3.9716e-16 2.63317e-15 1.15337e-15 8.48982e-53
10 22 9 1  9.76675e-21 5.13423e-15 4.11781e-15 2.31749e-15 1.8953e-15
10 22 10 1  2.1703e-07 0.0190257 7.28281 1.05918 2.88039e-09
10 23 1 1  4.38515e-20 1.45164e-15 8.30513e-16 2.28032e-16 1.34013e-21
10 23 2 1  9.48968e-19 3.02452e-15 3.58103e-13 2.07932e-10 4.93396e-44
10 23 3 1  2.96504e-18 4.52573e-14 8.61402e-11 4.20728e-11 1.76985e-70
10 23 4 1  5.8503e-21 1.09313e-15 4.49302e-16 1.83941e-16 1.78505e-16
10 23 5 1  9.9658e-18 7.22866e-12 1.09324e-11 6.05852e-12 5.53745e-12
10 23 6 1  3.74135e-17 1.1597e-11 2.4091e-10 2.00427e-12 5.02009e-126
10 23 7 1  1.48288e-15 5.15243e-11 5.03074e-11 2.30045e-11 1.77526e-29
10 23 8 1  7.61333e-22 5.18572e-16 5.62962e-15 1.96317e-15 1.10697e-52
10 23 9 1  1.74315e-20 7.74546e-15 6.77815e-15 4.13316e-15 3.06089e-15
10 23 10 1  1.96675e-07 0.0199658 10.6217 2.39636 2.9264e-09
10 24 1 1  3.09972e-20 1.75773e-15 7.42119e-16 2.3739e-16 8.28933e-22
10 24 2 1  4.18879e-19 1.19268e-15 8.88981e-13 2.06433e-10 4.32724e-44
10 24 3 1  1.76469e-18 3.60135e-14 9.448e-11 5.48931e-11 1.63095e-70
10 24 4 1  5.72651e-21 1.13508e-15 4.81967e-16 1.95619e-16 1.74915e-16
10 24 5 1  9.96227e-18 1.30382e-11 1.11353e-11 6.83792e-12 6.04842e-12
10 24 6 1  3.39294e-17 1.3009e-11 2.50705e-10 1.83809e-12 4.70443e-126
10 24 7 1  1.44184e-15 4.98403e-11 5.01218e-11 2.42033e-11 1.69651e-29
10 24 8 1  4.41828e-22 3.63187e-16 6.29758e-15 2.30137e-15 9.33998e-53
10 24 9 1  3.59697e-20 7.82861e-15 6.73578e-15 4.47285e-15 3.12846e-15
10 24 10 1  2.67395e-07 0.0132268 8.56174 2.66556 1.8209e-09
10 25 1 1  1.79549e-20 1.43931e-15 6.56755e-16 1.90626e-16 4.19771e-22
10 25 2 1  6.7382e-19 4.30731e-16 6.78849e-13 2.19236e-10 3.35995e-44
10 25 3 1  1.0795e-18 2.37059e-14 8.33819e-11 6.0253e-11 1.3307e-70
10 25 4 1  4.72605e-21 1.015e-15 4.50723e-16 1.84646e-16 1.54078e-16
10 25 5 1  1.38596e-17 1.45664e-11 1.21893e-11 6.64646e-12 5.87641e-12
10 25 6 1  3.89715e-17 1.18642e-11 2.33751e-10 1.49247e-12 3.9039e-126
10 25 7 1  1.23625e-15 4.27611e-11 4.40813e-11 2.24355e-11 1.43602e-29
10 25 8 1  3.41138e-22 2.11295e-16 5.29146e-15 2.3315e-15 6.90216e-53
10 25 9 1  2.20639e-20 1.0119e-14 5.85605e-15 4.09825e-15 2.80721e-15
10 25 10 1  1.58971e-07 0.0112446 5.69045 2.29377 1.00087e-09
10 26 1 1  1.12103e-20 9.13091e-16 4.66677e-16 1.34567e-16 1.80013e-22
10 26 2 1  3.98182e-18 2.9209e-16 3.82499e-13 1.94045e-10 2.36183e-44
10 26 3 1  7.72823e-19 1.39581e-14 6.21689e-11 5.65429e-11 9.80531e-71
10 26 4 1  3.95248e-21 7.70524e-16 3.61601e-16 1.51792e-16 1.20448e-16
10 26 5 1  5.86651e-17 1.66858e-11 1.21505e-11 6.02142e-12 5.14896e-12
10 26 6 1  3.73133e-17 1.07794e-11 1.96509e-10 1.09468e-12 2.92346e-126
10 26 7 1  9.58975e-16 3.32282e-11 3.49122e-11 1.86688e-11 1.09604e-29
10 26 8 1  2.19264e-22 1.2156e-16 3.69056e-15 2.03817e-15 4.61955e-53
10 26 9 1  1.22414e-20 7.88659e-15 5.37475e-15 3.3246e-15 2.27364e-15
10 26 10 1  1.49531e-07 0.00710562 3.89806 1.69817 5.17057e-10
10 27 1 1  2.93341e-20 1.90365e-15 1.1029e-15 3.19866e-16 2.59033e-22
10 27 2 1  6.16475e-18 3.90117e-15 7.27543e-13 5.10351e-10 5.35279e-44
10 27 3 1  1.84373e-18 2.77143e-14 1.43145e-10 1.62455e-10 2.31499e-70
10 27 4 1  1.00663e-20 1.95895e-15 9.02958e-16 3.93254e-16 3.03261e-16
10 27 5 1  1.28292e-16 1.59515e-10 4.1314e-11 1.79527e-11 1.44672e-11
10 27 6 1  1.27511e-16 3.23846e-11 5.39301e-10 2.57415e-12 7.00002e-126
10 27 7 1  2.42997e-15 8.32054e-11 8.84167e-11 4.94038e-11 2.6686e-29
10 27 8 1  5.02556e-22 2.32272e-16 7.90165e-15 5.37816e-15 9.79606e-53
10 27 9 1  2.89893e-20 1.69207e-14 1.45095e-14 8.84177e-15 5.81452e-15
10 27 10 1  2.4856e-07 0.0181102 6.64317 3.16966 6.8666e-10
10 28 1 1  3.25479e-20 1.46968e-15 9.53398e-16 3.17358e-16 1.55854e-22
10 28 2 1  1.7502e-18 2.78001e-15 1.09856e-12 4.1918e-10 3.95487e-44
10 28 3 1  1.62236e-18 1.87592e-14 1.04935e-10 1.46107e-10 1.77782e-70
10 28 4 1  7.92209e-21 1.60764e-15 7.41587e-16 3.27502e-16 2.50933e-16
10 28 5 1  2.8044e-17 1.74844e-10 8.26333e-11 1.81532e-11 1.3315e-11
10 28 6 1  7.37776e-17 3.36269e-11 4.90294e-10 1.96938e-12 5.44768e-126
10 28 7 1  2.01269e-15 6.81612e-11 7.27875e-11 4.23263e-11 2.11004e-29
10 28 8 1  2.51123e-21 1.59037e-16 5.5528e-15 4.55758e-15 6.93227e-53
10 28 9 1  2.89252e-20 1.32222e-14 1.25859e-14 8.29372e-15 5.25571e-15
10 28 10 1  4.02711e-07 0.0118497 3.96508 1.42557 2.25189e-10
10 29 1 1  3.25845e-20 9.28884e-16 5.60999e-16 2.16984e-16 6.80906e-23
10 29 2 1  9.03183e-19 8.22941e-16 7.31852e-13 2.62202e-10 2.02833e-44
10 29 3 1  1.18058e-18 9.48256e-15 5.27011e-11 8.85174e-11 9.49983e-71
10 29 4 1  4.76548e-21 8.83899e-16 4.10652e-16 1.82892e-16 1.40252e-16
10 29 5 1  1.88096e-17 7.47642e-11 7.8959e-11 1.69739e-11 8.66081e-12
10 29 6 1  5.7003e-17 1.91156e-11 3.17531e-10 1.04814e-12 2.95219e-126
10 29 7 1  1.17921e-15 3.89717e-11 4.17284e-11 2.51917e-11 1.16299e-29
10 29 8 1  7.40647e-22 2.68268e-16 2.79345e-15 2.69526e-15 3.5286e-53
10 29 9 1  1.80313e-20 8.05859e-15 7.42082e-15 5.34926e-15 3.37058e-15
10 29 10 1  3.76561e-07 0.00943426 2.0386 0.595143 6.27894e-11
10 30 1 1  2.14778e-20 1.25938e-15 5.40625e-16 2.2301e-16 4.71005e-23
10 30 2 1  1.20903e-18 5.53669e-16 5.96589e-13 2.8317e-10 1.77403e-44
10 30 3 1  1.03179e-18 9.32384e-15 4.51651e-11 8.92787e-11 8.66008e-71
10 30 4 1  6.61107e-21 9.03302e-16 4.04231e-16 1.81459e-16 1.3973e-16
10 30 5 1  3.97096e-17 6.05196e-11 8.93663e-11 2.73586e-11 1.02709e-11
10 30 6 1  3.61702e-17 2.07713e-11 3.41854e-10 9.51637e-13 2.72969e-126
10 30 7 1  1.23032e-15 3.83197e-11 4.08513e-11 2.55216e-11 1.09412e-29
10 30 8 1  1.27259e-21 2.54973e-16 3.37883e-15 2.71408e-15 3.12661e-53
10 30 9 1  1.63308e-20 8.30446e-15 7.40616e-15 5.62321e-15 3.62201e-15
10 30 10 1  2.57286e-07 0.0144891 2.47564 0.539653 3.52308e-11
10 31 1 1  1.2873e-20 1.05502e-15 4.90298e-16 1.74669e-16 2.53371e-23
10 31 2 1  3.56072e-18 5.36659e-16 4.21009e-13 2.65876e-10 1.4202e-44
10 31 3 1  8.03295e-19 8.01656e-15 3.6211e-11 8.09556e-11 7.2223e-71
10 31 4 1  7.20518e-21 1.02185e-15 3.98468e-16 1.76934e-16 1.37123e-16
10 31 5 1  1.41229e-17 6.45759e-11 8.32424e-11 3.42943e-11 1.19872e-11
10 31 6 1  2.64943e-17 1.71762e-11 3.37534e-10 7.90469e-13 2.30884e-126
10 31 7 1  1.18174e-15 3.50447e-11 3.6675e-11 2.36096e-11 9.41908e-30
10 31 8 1  7.8382e-22 2.96604e-16 3.37016e-15 2.51941e-15 2.48713e-53
10 31 9 1  1.46127e-20 7.26108e-15 6.70712e-15 5.2277e-15 3.47882e-15
10 31 10 1  6.85675e-08 0.0119227 3.24876 0.507578 1.80693e-11
10 32 1 1  9.66191e-21 8.68238e-16 4.54067e-16 1.46419e-16 1.38968e-23
10 32 2 1  8.23193e-19 1.47068e-15 3.69412e-13 2.69809e-10 1.28224e-44
10 32 3 1  9.17746e-19 7.50856e-15 3.31109e-11 8.18758e-11 6.8085e-71
10 32 4 1  6.377e-21 1.32324e-15 4.9072e-16 2.03888e-16 1.58081e-16
10 32 5 1  9.54495e-18 5.20306e-11 9.11522e-11 4.34125e-11 1.61531e-11
10 32 6 1  2.42849e-16 1.54968e-11 3.64622e-10 7.4201e-13 2.20953e-126
10 32 7 1  1.37409e-15 3.67182e-11 3.73845e-11 2.46965e-11 9.19007e-30
10 32 8 1  4.96391e-22 2.76481e-16 3.94001e-15 2.62586e-15 2.197e-53
10 32 9 1  1.37375e-20 7.07737e-15 6.62475e-15 5.3268e-15 3.66705e-15
10 32 10 1  7.71915e-08 0.00683733 3.5374 0.635812 1.04374e-11
10 33 1 1  3.90702e-21 3.65789e-16 2.23649e-16 7.19836e-17 4.31281e-24
10 33 2 1  4.00757e-18 3.75024e-16 2.87463e-13 1.3798e-10 5.93843e-45
10 33 3 1  6.70374e-18 3.88438e-15 1.55962e-11 4.21156e-11 3.29509e-71
10 33 4 1  2.91122e-21 7.65807e-16 3.28933e-16 1.28507e-16 9.69215e-17
10 33 5 1  2.94939e-17 2.06539e-11 4.70159e-11 2.68993e-11 1.09938e-11
10 33 6 1  8.12763e-17 2.43349e-11 1.96762e-10 3.57541e-13 1.08603e-126
10 33 7 1  8.45401e-16 2.0316e-11 1.96687e-11 1.3261e-11 4.61063e-30
10 33 8 1  1.7312e-22 1.1606e-16 2.2261e-15 1.45761e-15 1.01353e-53
10 33 9 1  9.08372e-21 3.42764e-15 3.28616e-15 2.71539e-15 1.93849e-15
10 33 10 1  4.30673e-08 0.00260448 1.57632 0.414043 3.37401e-12
10 34 1 1  4.58438e-21 3.271e-16 2.26541e-16 8.1415e-17 3.07655e-24
10 34 2 1  1.71371e-18 1.71982e-15 2.76198e-13 1.58486e-10 5.83527e-45
10 34 3 1  4.53739e-18 2.62966e-14 1.58507e-11 4.56611e-11 3.38709e-71
10 34 4 1  2.87258e-21 8.71544e-16 4.4416e-16 1.78991e-16 1.2867e-16
10 34 5 1  5.63002e-17 4.27766e-11 4.85376e-11 3.35478e-11 1.55242e-11
10 34 6 1  1.4835e-16 3.10959e-11 2.84047e-10 3.65876e-13 1.13427e-126
10 34 7 1  1.11244e-15 2.46202e-11 2.21611e-11 1.51295e-11 4.9209e-30
10 34 8 1  2.18793e-22 9.86972e-17 2.4802e-15 1.7431e-15 1.00373e-53
10 34 9 1  2.23495e-20 4.18195e-15 3.53682e-15 3.00588e-15 2.22747e-15
10 34 10 1  6.01173e-08 0.00256216 1.48233 0.533483 2.57166e-12
10 35 1 1  8.97991e-21 1.89674e-16 1.33333e-16 5.35386e-17 1.32739e-24
10 35 2 1  1.24577e-19 7.09225e-16 3.55106e-13 1.02722e-10 3.32837e-45
10 35 3 1  2.03762e-18 1.93581e-14 1.94819e-11 2.86187e-11 2.02445e-71
10 35 4 1  1.76311e-21 5.45086e-16 3.21038e-16 1.41165e-16 9.91972e-17
10 35 5 1  2.65529e-17 4.8607e-11 3.507e-11 2.31801e-11 1.23874e-11
10 35 6 1  1.14219e-16 2.72762e-11 2.29402e-10 2.17669e-13 6.89234e-127
10 35 7 1  7.63192e-16 1.78027e-11 1.46847e-11 1.00477e-11 3.05937e-30
10 35 8 1  2.88619e-22 5.5616e-17 1.498e-15 1.18885e-15 5.73813e-54
10 35 9 1  1.26091e-20 4.58696e-15 2.38173e-15 1.97897e-15 1.5239e-15
10 35 10 1  2.9078e-08 0.00180944 0.852733 0.363141 1.1665e-12
10 36 1 1  6.01076e-21 9.44631e-17 3.95216e-17 1.76607e-17 2.98026e-25
10 36 2 1  3.36473e-19 6.9649e-17 1.03462e-13 3.35859e-11 8.42166e-46
10 36 3 1  3.94799e-19 5.12092e-15 8.00425e-12 8.50497e-12 5.36297e-72
10 36 4 1  5.13978e-21 1.51612e-16 9.80099e-17 4.78089e-17 3.42756e-17
10 36 5 1  3.38403e-17 1.49724e-11 1.34044e-11 7.17259e-12 4.24351e-12
10 36 6 1  1.93011e-17 9.91312e-12 8.4189e-11 5.74024e-14 1.85539e-127
10 36 7 1  2.21718e-16 5.63966e-12 4.36747e-12 2.95624e-12 8.42331e-31
10 36 8 1  6.80081e-23 2.11585e-17 3.94478e-16 3.5114e-16 1.44749e-54
10 36 9 1  3.01196e-21 1.56905e-15 9.04434e-16 6.0226e-16 4.76202e-16
10 36 10 1  6.52728e-09 0.000454621 0.264987 0.119278 2.69364e-13
10 37 1 1  4.80485e-21 1.35493e-16 3.57403e-17 1.3961e-17 1.65663e-25
10 37 2 1  3.21909e-20 9.31897e-17 4.96174e-14 2.50883e-11 4.99869e-46
10 37 3 1  4.68242e-18 2.86449e-15 6.38092e-12 6.22372e-12 3.32381e-72
10 37 4 1  2.55223e-21 3.77661e-16 6.91593e-17 3.70611e-17 2.81238e-17
10 37 5 1  2.3437e-17 2.59807e-11 1.09653e-11 5.49118e-12 3.32725e-12
10 37 6 1  1.52479e-17 6.2367e-12 7.2254e-11 3.5427e-14 1.16719e-127
10 37 7 1  1.46691e-16 4.09649e-12 3.06684e-12 2.03283e-12 5.41188e-31
10 37 8 1  3.23383e-23 1.47227e-17 2.67812e-16 2.40877e-16 8.61291e-55
10 37 9 1  1.69808e-21 1.06188e-15 7.62603e-16 4.54735e-16 3.45485e-16
10 37 10 1  7.50959e-09 0.000252439 0.190281 0.0995654 1.60413e-13
10 38 1 1  2.82816e-21 1.18498e-16 3.7901e-17 1.02907e-17 8.22947e-26
10 38 2 1  2.64605e-20 2.22977e-17 2.92708e-14 1.5343e-11 2.64091e-46
10 38 3 1  1.43775e-18 9.78622e-15 4.0159e-12 4.11631e-12 1.83192e-72
10 38 4 1  1.14808e-21 2.93273e-16 8.03896e-17 2.47785e-17 2.03433e-17
10 38 5 1  2.22838e-18 2.15298e-11 1.15046e-11 3.81135e-12 2.30724e-12
10 38 6 1  4.63347e-18 3.75999e-12 5.07129e-11 1.94463e-14 6.52589e-128
10 38 7 1  8.48684e-17 2.59217e-12 1.92608e-12 1.24404e-12 3.08808e-31
10 38 8 1  1.26431e-23 7.86746e-18 1.65638e-16 1.49064e-16 4.62561e-55
10 38 9 1  7.74218e-22 5.7608e-16 5.04084e-16 3.06096e-16 2.17151e-16
10 38 10 1  3.06341e-09 0.000193874 0.114318 0.0724319 8.67058e-14
10 39 1 1  7.35787e-22 5.04752e-17 2.22642e-17 5.46236e-18 2.57362e-26
10 39 2 1  9.34275e-21 5.51748e-18 7.5877e-15 5.5328e-12 8.29126e-47
10 39 3 1  2.69422e-19 3.63572e-15 3.47971e-12 1.60543e-12 6.01894e-73
10 39 4 1  3.11292e-22 1.097e-16 4.40955e-17 1.26146e-17 8.65289e-18
10 39 5 1  4.51528e-18 5.22625e-12 6.31433e-12 1.82429e-12 9.55451e-13
10 39 6 1  3.26046e-18 1.10514e-12 2.04337e-11 6.36157e-15 2.17702e-128
10 39 7 1  2.8825e-17 9.60704e-13 7.2403e-13 4.55807e-13 1.05278e-31
10 39 8 1  3.22754e-24 2.28292e-18 5.98081e-17 5.58799e-17 1.5045e-55
10 39 9 1  2.23562e-22 1.75264e-16 1.84338e-16 1.22058e-16 8.22536e-17
10 39 10 1  1.04718e-09 6.03159e-05 0.0450898 0.0306686 2.85795e-14
10 40 1 1  6.72364e-22 5.09574e-17 3.30186e-17 9.14807e-18 2.43239e-26
10 40 2 1  1.17033e-20 4.99195e-18 5.62635e-15 5.52246e-12 7.53324e-47
10 40 3 1  1.54006e-19 3.0616e-15 5.2391e-12 2.20868e-12 5.73533e-73
10 40 4 1  2.48935e-22 1.08229e-16 5.81151e-17 1.93632e-17 1.11489e-17
10 40 5 1  2.44278e-18 7.25138e-12 7.11865e-12 2.68018e-12 1.18174e-12
10 40 6 1  1.31155e-17 1.22673e-12 2.24306e-11 6.03428e-15 2.10777e-128
10 40 7 1  2.94909e-17 1.01685e-12 7.89733e-13 4.86342e-13 1.04303e-31
10 40 8 1  2.71374e-24 1.87689e-18 6.05096e-17 6.12973e-17 1.43882e-55
10 40 9 1  2.1241e-22 1.52289e-16 1.84191e-16 1.37585e-16 9.13076e-17
10 40 10 1  1.23172e-09 5.75561e-05 0.0484162 0.0375512 2.76651e-14
10 41 1 1  4.34021e-22 3.26272e-17 2.74038e-17 9.68672e-18 1.52952e-26
10 41 2 1  2.27882e-20 3.6943e-18 2.85772e-15 3.49231e-12 4.46714e-47
10 41 3 1  6.17136e-20 1.52541e-15 4.02228e-12 2.04552e-12 3.56899e-73
10 41 4 1  1.3427e-22 6.66443e-17 4.46906e-17 1.80899e-17 9.89991e-18
10 41 5 1  1.01528e-18 4.31948e-12 5.6351e-12 2.31506e-12 9.92149e-13
10 41 6 1  4.27296e-18 1.8226e-12 1.61064e-11 3.7377e-15 1.33309e-128
10 41 7 1  2.03897e-17 7.0063e-13 5.61451e-13 3.39982e-13 6.75637e-32
10 41 8 1  2.22288e-24 1.02137e-18 3.86733e-17 4.3671e-17 9.02491e-56
10 41 9 1  1.48122e-22 8.87959e-17 1.15047e-16 9.75594e-17 6.62291e-17
10 41 10 1  3.21241e-09 4.06847e-05 0.0330606 0.0293507 1.75467e-14
10 42 1 1  1.7754e-21 1.04725e-17 1.04201e-17 4.70683e-18 4.839e-27
10 42 2 1  9.26169e-21 3.01356e-18 8.03423e-16 1.07395e-12 1.31245e-47
10 42 3 1  1.42223e-20 3.59837e-16 1.3362e-12 8.83453e-13 1.10327e-73
10 42 4 1  3.8379e-23 2.00279e-17 1.59841e-17 7.76964e-18 4.48616e-18
10 42 5 1  8.83835e-19 1.14375e-12 2.00954e-12 9.63484e-13 4.17344e-13
10 42 6 1  8.91794e-18 5.97578e-13 6.75856e-12 1.14978e-15 4.19249e-129
10 42 7 1  7.37035e-18 2.41013e-13 1.98093e-13 1.18588e-13 2.18052e-32
10 42 8 1  1.19564e-24 3.20388e-19 1.20798e-17 1.54012e-17 2.83771e-56
10 42 9 1  5.53301e-23 2.81988e-17 3.60145e-17 3.41567e-17 2.44403e-17
10 42 10 1  1.93428e-09 3.79494e-05 0.0114176 0.0112144 5.57563e-15
