# This file was created using create_datpin_files.R function write_tsDatFile
      #and used all inputs from csv files found in folder:
      #hydradata/data-raw
# Survey index data 
# Number of observations, init_int Nsurvey_obs
  1701
# init_matrix obs_survey_biomass(1,Nsurvey_obs,1,5)
# survey year spp value cv
  1 1 1 11580530.9599496 0.1
  1 2 1 10935584.3456778 0.1
  1 3 1 9581590.79499956 0.1
  1 4 1 10305403.8844592 0.1
  1 5 1 10493932.0007828 0.1
  1 6 1 12148422.5456193 0.1
  1 7 1 12945530.4954711 0.1
  1 8 1 9884336.70030056 0.1
  1 9 1 11881663.915474 0.1
  1 10 1 13937920.0385732 0.1
  1 11 1 11195684.722403 0.1
  1 12 1 10780461.0540884 0.1
  1 13 1 10638032.7679092 0.1
  1 14 1 11609745.7177059 0.1
  1 15 1 10321146.2460228 0.1
  1 16 1 9363716.54422844 0.1
  1 17 1 8094543.319771 0.1
  1 18 1 6067053.76014905 0.1
  1 19 1 4359768.02705721 0.1
  1 20 1 3937296.76825908 0.1
  1 21 1 2698717.65629349 0.1
  1 22 1 3483814.1826309 0.1
  1 23 1 2779549.44898506 0.1
  1 24 1 2582234.91212965 0.1
  1 25 1 2516204.32614171 0.1
  1 26 1 2907814.13056789 0.1
  1 27 1 2615703.04084944 0.1
  1 28 1 2581694.84269189 0.1
  1 29 1 2809954.88187257 0.1
  1 30 1 3232969.2485303 0.1
  1 31 1 2740510.15782462 0.1
  1 32 1 3553906.79941656 0.1
  1 33 1 2522631.29241553 0.1
  1 34 1 2894492.3726293 0.1
  1 35 1 3311947.38280741 0.1
  1 36 1 3139252.14721416 0.1
  1 37 1 3090736.19253828 0.1
  1 38 1 2698764.74011958 0.1
  1 39 1 3411139.9632334 0.1
  1 40 1 2849861.30306142 0.1
  1 41 1 3249938.78183623 0.1
  1 42 1 4965669.42503522 0.1
  1 43 1 5091177.18554638 0.1
  1 44 1 6431471.28291117 0.1
  1 45 1 5534709.01832222 0.1
  1 46 1 7777065.69572951 0.1
  1 47 1 7839801.0448031 0.1
  1 48 1 7952210.9603441 0.1
  1 49 1 7638188.94962945 0.1
  1 50 1 6847360.29351871 0.1
  1 51 1 7898051.06003325 0.1
  1 52 1 9688326.9667068 0.1
  1 53 1 8292972.93248658 0.1
  1 54 1 6869184.85553479 0.1
  1 55 1 8924693.58463824 0.1
  1 56 1 9452459.65595414 0.1
  1 57 1 9566654.13700897 0.1
  1 58 1 8487734.43998053 0.1
  1 59 1 8649678.4044004 0.1
  1 60 1 7902697.67894183 0.1
  1 61 1 7070200.21259273 0.1
  1 62 1 7982677.88134598 0.1
  1 63 1 7015601.47735949 0.1
  1 64 1 8331345.24780699 0.1
  1 65 1 7983424.98008248 0.1
  1 66 1 8400798.2318936 0.1
  1 67 1 8467739.59604913 0.1
  1 68 1 7076959.75610875 0.1
  1 69 1 7161567.10578648 0.1
  1 70 1 7462248.42630157 0.1
  1 71 1 6816978.92746797 0.1
  1 72 1 6078863.93035012 0.1
  1 73 1 5505539.29602759 0.1
  1 74 1 5986347.72857306 0.1
  1 75 1 7260327.43442747 0.1
  1 76 1 6534233.06512949 0.1
  1 77 1 6610538.6475284 0.1
  1 78 1 6547107.52233622 0.1
  1 79 1 6675048.16320218 0.1
  1 80 1 6041816.46640114 0.1
  1 81 1 6349183.05922194 0.1
  1 1 2 1606471.58256115 0.1
  1 2 2 1546972.74221313 0.1
  1 3 2 1283919.74221512 0.1
  1 4 2 1498269.17247551 0.1
  1 5 2 1577968.56675014 0.1
  1 6 2 1335657.10626087 0.1
  1 7 2 1837360.01611209 0.1
  1 8 2 3320418.32383254 0.1
  1 9 2 900170.227143191 0.1
  1 10 2 1916238.93297618 0.1
  1 11 2 2130355.19416419 0.1
  1 12 2 2168883.4450474 0.1
  1 13 2 1230884.43222471 0.1
  1 14 2 1196982.07740195 0.1
  1 15 2 1233601.12431626 0.1
  1 16 2 1848298.54369434 0.1
  1 17 2 1095814.46653934 0.1
  1 18 2 1931613.60622283 0.1
  1 19 2 1594317.33180544 0.1
  1 20 2 1543789.53713832 0.1
  1 21 2 1545511.88348115 0.1
  1 22 2 1983191.08434684 0.1
  1 23 2 2004580.16202536 0.1
  1 24 2 3394975.82822182 0.1
  1 25 2 1946393.01698502 0.1
  1 26 2 1932385.1511504 0.1
  1 27 2 1874093.58200407 0.1
  1 28 2 2168353.72606719 0.1
  1 29 2 1393227.58657748 0.1
  1 30 2 2418050.50877836 0.1
  1 31 2 2180869.88198001 0.1
  1 32 2 1891553.00685794 0.1
  1 33 2 1784816.23017929 0.1
  1 34 2 2273658.03903166 0.1
  1 35 2 2278941.44836547 0.1
  1 36 2 1817176.80124953 0.1
  1 37 2 2046434.20845985 0.1
  1 38 2 1700480.78254705 0.1
  1 39 2 2376407.89498509 0.1
  1 40 2 1898412.79122631 0.1
  1 41 2 2716741.29679987 0.1
  1 42 2 2631982.80989409 0.1
  1 43 2 2262513.97776332 0.1
  1 44 2 2051719.50445226 0.1
  1 45 2 1799787.01833597 0.1
  1 46 2 1944408.76316294 0.1
  1 47 2 1530633.78671172 0.1
  1 48 2 1722764.81572188 0.1
  1 49 2 2276620.02958782 0.1
  1 50 2 1978087.84293657 0.1
  1 51 2 1924258.30939992 0.1
  1 52 2 1527209.04303318 0.1
  1 53 2 2287093.46082939 0.1
  1 54 2 2318256.25033476 0.1
  1 55 2 1979082.30426533 0.1
  1 56 2 2536319.48235395 0.1
  1 57 2 1542850.89325803 0.1
  1 58 2 3227682.76732567 0.1
  1 59 2 2161981.68542221 0.1
  1 60 2 2670535.62559372 0.1
  1 61 2 2673913.51192642 0.1
  1 62 2 3134157.91015692 0.1
  1 63 2 2459883.00233831 0.1
  1 64 2 3028062.38394203 0.1
  1 65 2 2437638.11041462 0.1
  1 66 2 2145707.28846295 0.1
  1 67 2 3076417.65151498 0.1
  1 68 2 1817629.60615565 0.1
  1 69 2 1994569.4410941 0.1
  1 70 2 2304622.08183648 0.1
  1 71 2 2296981.26313147 0.1
  1 72 2 2043381.26007839 0.1
  1 73 2 1855867.20196167 0.1
  1 74 2 3003792.95797832 0.1
  1 75 2 1878177.61050401 0.1
  1 76 2 2832140.16821715 0.1
  1 77 2 2357743.89603805 0.1
  1 78 2 2231335.17221662 0.1
  1 79 2 2076587.77212619 0.1
  1 80 2 2131084.89782665 0.1
  1 81 2 1672269.84075571 0.1
  1 1 3 467046.578653199 0.1
  1 2 3 376169.408750932 0.1
  1 3 3 439043.006946243 0.1
  1 4 3 431448.964499007 0.1
  1 5 3 382371.725749448 0.1
  1 6 3 407773.783525584 0.1
  1 7 3 407048.356727379 0.1
  1 8 3 407918.067033116 0.1
  1 9 3 452344.026605859 0.1
  1 10 3 436460.056846507 0.1
  1 11 3 370974.826962161 0.1
  1 12 3 387359.991214653 0.1
  1 13 3 313828.465386329 0.1
  1 14 3 479614.056614313 0.1
  1 15 3 393830.566228362 0.1
  1 16 3 326650.436922922 0.1
  1 17 3 317267.013864612 0.1
  1 18 3 347574.578833457 0.1
  1 19 3 304808.003339307 0.1
  1 20 3 233152.066375334 0.1
  1 21 3 268163.595859938 0.1
  1 22 3 274750.242635755 0.1
  1 23 3 257683.722909063 0.1
  1 24 3 200489.071517922 0.1
  1 25 3 251397.689369527 0.1
  1 26 3 241711.459567241 0.1
  1 27 3 243313.580662024 0.1
  1 28 3 223849.387431263 0.1
  1 29 3 232143.322928523 0.1
  1 30 3 213066.100395799 0.1
  1 31 3 225371.076867186 0.1
  1 32 3 190450.026779643 0.1
  1 33 3 210164.34004247 0.1
  1 34 3 196359.568848797 0.1
  1 35 3 235618.714746307 0.1
  1 36 3 198648.870375479 0.1
  1 37 3 184529.037829128 0.1
  1 38 3 197355.791084239 0.1
  1 39 3 229759.104032628 0.1
  1 40 3 208776.793138905 0.1
  1 41 3 183163.90474625 0.1
  1 42 3 193368.034478703 0.1
  1 43 3 238977.537706944 0.1
  1 44 3 230923.178124172 0.1
  1 45 3 253939.645834782 0.1
  1 46 3 225133.116575315 0.1
  1 47 3 235824.154383008 0.1
  1 48 3 302074.42476398 0.1
  1 49 3 275633.630711351 0.1
  1 50 3 290257.704488563 0.1
  1 51 3 264688.57547818 0.1
  1 52 3 300981.938607003 0.1
  1 53 3 230016.127440678 0.1
  1 54 3 293312.080238875 0.1
  1 55 3 307237.597056447 0.1
  1 56 3 271869.734368042 0.1
  1 57 3 283357.066512575 0.1
  1 58 3 274370.087908029 0.1
  1 59 3 259244.435703512 0.1
  1 60 3 281479.164724163 0.1
  1 61 3 313559.73443426 0.1
  1 62 3 366496.975935334 0.1
  1 63 3 301440.564963356 0.1
  1 64 3 315224.037527441 0.1
  1 65 3 300835.622548468 0.1
  1 66 3 307400.555305238 0.1
  1 67 3 277548.533621777 0.1
  1 68 3 299241.591916519 0.1
  1 69 3 285086.313267288 0.1
  1 70 3 273645.093855276 0.1
  1 71 3 292242.494554931 0.1
  1 72 3 288077.221166048 0.1
  1 73 3 303858.504347061 0.1
  1 74 3 250807.524905168 0.1
  1 75 3 244508.851822763 0.1
  1 76 3 318980.245515027 0.1
  1 77 3 318359.931993032 0.1
  1 78 3 232190.038233957 0.1
  1 79 3 288420.439148411 0.1
  1 80 3 304833.635510383 0.1
  1 81 3 285681.616309631 0.1
  1 1 4 832600.062723909 0.1
  1 2 4 804190.23224549 0.1
  1 3 4 819002.413250679 0.1
  1 4 4 956261.794333926 0.1
  1 5 4 1211107.90460143 0.1
  1 6 4 1499161.22740515 0.1
  1 7 4 1130964.92125462 0.1
  1 8 4 1581615.78427343 0.1
  1 9 4 1433874.65143941 0.1
  1 10 4 1636622.92242372 0.1
  1 11 4 1354940.20833524 0.1
  1 12 4 1371264.97243666 0.1
  1 13 4 1461308.15281403 0.1
  1 14 4 2039257.46127678 0.1
  1 15 4 1824642.59064427 0.1
  1 16 4 1892185.1145282 0.1
  1 17 4 1271782.83095062 0.1
  1 18 4 874834.09582774 0.1
  1 19 4 615805.489534001 0.1
  1 20 4 486938.015724532 0.1
  1 21 4 436037.921103211 0.1
  1 22 4 356932.561565689 0.1
  1 23 4 325512.322638976 0.1
  1 24 4 259657.374586157 0.1
  1 25 4 192075.726377999 0.1
  1 26 4 165911.787325444 0.1
  1 27 4 203076.20479169 0.1
  1 28 4 593677.558070352 0.1
  1 29 4 997924.884274509 0.1
  1 30 4 1730280.271871 0.1
  1 31 4 1253946.23642604 0.1
  1 32 4 1620503.72253599 0.1
  1 33 4 1130621.71562313 0.1
  1 34 4 1021302.818644 0.1
  1 35 4 729591.053359379 0.1
  1 36 4 532003.630233506 0.1
  1 37 4 442351.455817903 0.1
  1 38 4 402007.182176011 0.1
  1 39 4 354071.201378088 0.1
  1 40 4 346391.832450748 0.1
  1 41 4 689136.316485016 0.1
  1 42 4 1142812.12620234 0.1
  1 43 4 1610465.29664428 0.1
  1 44 4 1737204.95758364 0.1
  1 45 4 1521052.06322613 0.1
  1 46 4 1359604.83253162 0.1
  1 47 4 1459725.3388447 0.1
  1 48 4 1678777.43627983 0.1
  1 49 4 1821794.85601764 0.1
  1 50 4 1663236.67980654 0.1
  1 51 4 1369028.32621594 0.1
  1 52 4 1875733.66326997 0.1
  1 53 4 1393861.16224507 0.1
  1 54 4 1396852.77516516 0.1
  1 55 4 1252707.11504076 0.1
  1 56 4 1385774.54140047 0.1
  1 57 4 1378915.05836615 0.1
  1 58 4 1561454.38220757 0.1
  1 59 4 1519292.37704663 0.1
  1 60 4 2300249.29723619 0.1
  1 61 4 1942395.77740612 0.1
  1 62 4 1954944.43444864 0.1
  1 63 4 1821295.80998699 0.1
  1 64 4 1593463.65290759 0.1
  1 65 4 1365322.92709691 0.1
  1 66 4 1054134.11979354 0.1
  1 67 4 1094990.23492906 0.1
  1 68 4 925522.648556526 0.1
  1 69 4 824350.411816815 0.1
  1 70 4 835371.675108095 0.1
  1 71 4 688921.629995053 0.1
  1 72 4 622645.748443507 0.1
  1 73 4 552928.639175518 0.1
  1 74 4 486608.841990514 0.1
  1 75 4 400680.366316636 0.1
  1 76 4 315105.081209908 0.1
  1 77 4 319808.965535851 0.1
  1 78 4 285307.413641113 0.1
  1 79 4 287328.900315122 0.1
  1 80 4 312308.648813393 0.1
  1 81 4 344106.379177274 0.1
  1 1 5 1105896.36727569 0.1
  1 2 5 961151.55711555 0.1
  1 3 5 1066662.15602148 0.1
  1 4 5 1329533.89104615 0.1
  1 5 5 1261577.87817784 0.1
  1 6 5 1525144.7518892 0.1
  1 7 5 1082718.19013461 0.1
  1 8 5 1048344.59450414 0.1
  1 9 5 1401715.69099009 0.1
  1 10 5 1412729.91208451 0.1
  1 11 5 986165.720895927 0.1
  1 12 5 1066464.63280286 0.1
  1 13 5 1308811.06834094 0.1
  1 14 5 1286956.46647741 0.1
  1 15 5 1228511.13300511 0.1
  1 16 5 1584954.05724293 0.1
  1 17 5 1365584.35306258 0.1
  1 18 5 1336592.43347811 0.1
  1 19 5 1306081.96420096 0.1
  1 20 5 1287744.52622789 0.1
  1 21 5 1548048.69448344 0.1
  1 22 5 1237428.48038766 0.1
  1 23 5 1321437.27610824 0.1
  1 24 5 1498779.1459317 0.1
  1 25 5 1571066.71016286 0.1
  1 26 5 1397719.30075096 0.1
  1 27 5 1381011.52692452 0.1
  1 28 5 1766628.98252086 0.1
  1 29 5 1707038.34960238 0.1
  1 30 5 1555076.51009323 0.1
  1 31 5 1532749.70296318 0.1
  1 32 5 1790588.22325316 0.1
  1 33 5 1507449.21900934 0.1
  1 34 5 1505692.53590193 0.1
  1 35 5 1556392.79300321 0.1
  1 36 5 1512348.02662453 0.1
  1 37 5 1855715.42453568 0.1
  1 38 5 1840429.04996431 0.1
  1 39 5 1537778.52759433 0.1
  1 40 5 1664416.88178047 0.1
  1 41 5 1798939.69797507 0.1
  1 42 5 1597779.62881294 0.1
  1 43 5 1381118.0517716 0.1
  1 44 5 1401305.23395338 0.1
  1 45 5 1705157.64186928 0.1
  1 46 5 1676044.09010846 0.1
  1 47 5 1519138.50851891 0.1
  1 48 5 1362394.68096001 0.1
  1 49 5 1495184.08299733 0.1
  1 50 5 1518945.06509905 0.1
  1 51 5 1354130.08845292 0.1
  1 52 5 1651251.13478414 0.1
  1 53 5 1522530.40442066 0.1
  1 54 5 1654073.08928636 0.1
  1 55 5 1645103.66829508 0.1
  1 56 5 1755347.37098065 0.1
  1 57 5 1671618.28705214 0.1
  1 58 5 1603033.37221912 0.1
  1 59 5 1905002.56098587 0.1
  1 60 5 1485201.64293253 0.1
  1 61 5 1571984.27080895 0.1
  1 62 5 1781127.77674133 0.1
  1 63 5 1570129.65342646 0.1
  1 64 5 1766537.8001413 0.1
  1 65 5 1344528.76450278 0.1
  1 66 5 1539500.52606149 0.1
  1 67 5 1422377.66219952 0.1
  1 68 5 1628045.92793571 0.1
  1 69 5 1389812.392138 0.1
  1 70 5 1584871.44544491 0.1
  1 71 5 1443118.05717145 0.1
  1 72 5 1510543.20109794 0.1
  1 73 5 1688323.73598111 0.1
  1 74 5 1431716.13358971 0.1
  1 75 5 1454868.28417471 0.1
  1 76 5 1459036.45617151 0.1
  1 77 5 1311062.87915967 0.1
  1 78 5 1555572.77374956 0.1
  1 79 5 1398027.21857412 0.1
  1 80 5 1454535.28689534 0.1
  1 81 5 1555197.71287395 0.1
  1 1 6 6866971.82712644 0.1
  1 2 6 6958546.74064247 0.1
  1 3 6 7323511.65740828 0.1
  1 4 6 7144594.17684034 0.1
  1 5 6 6888800.29033762 0.1
  1 6 6 6522128.65128633 0.1
  1 7 6 5818406.79978335 0.1
  1 8 6 6694604.7027708 0.1
  1 9 6 7649089.51337149 0.1
  1 10 6 7897844.77151403 0.1
  1 11 6 5933288.70146549 0.1
  1 12 6 6075207.41051729 0.1
  1 13 6 6195649.57953931 0.1
  1 14 6 5724163.18771077 0.1
  1 15 6 8245708.05121353 0.1
  1 16 6 7459517.57674457 0.1
  1 17 6 6058631.47358237 0.1
  1 18 6 5470596.03324851 0.1
  1 19 6 5700450.85560402 0.1
  1 20 6 4817911.07888381 0.1
  1 21 6 4331020.61175607 0.1
  1 22 6 4608374.88603607 0.1
  1 23 6 3810251.87366339 0.1
  1 24 6 4150615.15167016 0.1
  1 25 6 4008673.16071401 0.1
  1 26 6 3840916.27813639 0.1
  1 27 6 3945524.14409893 0.1
  1 28 6 3492916.67885821 0.1
  1 29 6 3732654.37164492 0.1
  1 30 6 3658817.32543604 0.1
  1 31 6 3314721.01775885 0.1
  1 32 6 3813075.56853077 0.1
  1 33 6 3931866.54673918 0.1
  1 34 6 3479216.50089207 0.1
  1 35 6 3050423.69559832 0.1
  1 36 6 3411527.13201769 0.1
  1 37 6 3488594.6887825 0.1
  1 38 6 3788348.45012345 0.1
  1 39 6 3287694.41047248 0.1
  1 40 6 3374424.81311404 0.1
  1 41 6 3296026.59422173 0.1
  1 42 6 3990993.69166016 0.1
  1 43 6 3540735.97178071 0.1
  1 44 6 4340510.03077789 0.1
  1 45 6 4897825.40218046 0.1
  1 46 6 4224938.80472937 0.1
  1 47 6 4627101.86032117 0.1
  1 48 6 4815852.69552541 0.1
  1 49 6 4453453.39018276 0.1
  1 50 6 4223447.60160429 0.1
  1 51 6 5471644.79601898 0.1
  1 52 6 3644691.84514982 0.1
  1 53 6 5277119.34787317 0.1
  1 54 6 4719703.67711369 0.1
  1 55 6 4880133.15538098 0.1
  1 56 6 6362208.77860482 0.1
  1 57 6 5509544.23518858 0.1
  1 58 6 5990952.19951468 0.1
  1 59 6 5131900.25514653 0.1
  1 60 6 4336711.53665031 0.1
  1 61 6 4487109.63760153 0.1
  1 62 6 5986232.919021 0.1
  1 63 6 5555484.24805479 0.1
  1 64 6 5522549.27650535 0.1
  1 65 6 6138339.63117439 0.1
  1 66 6 4799983.18058184 0.1
  1 67 6 5210038.819027 0.1
  1 68 6 4909181.31648889 0.1
  1 69 6 4908522.40744696 0.1
  1 70 6 4800911.07569796 0.1
  1 71 6 5368519.8674382 0.1
  1 72 6 5396146.99263843 0.1
  1 73 6 5346464.63557071 0.1
  1 74 6 4573220.33997715 0.1
  1 75 6 5167669.39536089 0.1
  1 76 6 5371496.06755677 0.1
  1 77 6 4300958.4762491 0.1
  1 78 6 5670606.75527303 0.1
  1 79 6 5025213.34667169 0.1
  1 80 6 4355498.49903892 0.1
  1 81 6 5382379.20320952 0.1
  1 1 7 6100072.00568612 0.1
  1 2 7 6613350.71291161 0.1
  1 3 7 6044844.7218754 0.1
  1 4 7 5027275.57618098 0.1
  1 5 7 5057302.86421837 0.1
  1 6 7 4873325.2915989 0.1
  1 7 7 5381014.51489557 0.1
  1 8 7 5057709.10409449 0.1
  1 9 7 4896188.72101262 0.1
  1 10 7 6293217.82297 0.1
  1 11 7 5533677.90909724 0.1
  1 12 7 5225605.03106329 0.1
  1 13 7 6004682.58514341 0.1
  1 14 7 4988996.06438931 0.1
  1 15 7 5671088.88800002 0.1
  1 16 7 4513498.85301892 0.1
  1 17 7 4586842.45452143 0.1
  1 18 7 4325626.92656185 0.1
  1 19 7 4180345.04165049 0.1
  1 20 7 3991361.82552425 0.1
  1 21 7 4290435.26514524 0.1
  1 22 7 5134106.60920311 0.1
  1 23 7 3963253.335698 0.1
  1 24 7 4251454.1934127 0.1
  1 25 7 4610533.43328268 0.1
  1 26 7 3621677.14406882 0.1
  1 27 7 4196121.12646515 0.1
  1 28 7 3724845.56756825 0.1
  1 29 7 3741751.83030209 0.1
  1 30 7 5022805.63616932 0.1
  1 31 7 5111587.27250772 0.1
  1 32 7 4755436.84593811 0.1
  1 33 7 4674000.02859418 0.1
  1 34 7 4083800.41904079 0.1
  1 35 7 4939829.37010277 0.1
  1 36 7 4484553.48406916 0.1
  1 37 7 4185392.11341702 0.1
  1 38 7 4191255.90498063 0.1
  1 39 7 4756312.11960349 0.1
  1 40 7 4455620.57469606 0.1
  1 41 7 4326707.1300845 0.1
  1 42 7 4405322.18510874 0.1
  1 43 7 4375526.16921515 0.1
  1 44 7 5015894.18702857 0.1
  1 45 7 5048687.03512551 0.1
  1 46 7 5024428.56785584 0.1
  1 47 7 3963909.78932506 0.1
  1 48 7 4976851.51477947 0.1
  1 49 7 4267377.42258395 0.1
  1 50 7 5584621.33083601 0.1
  1 51 7 5280640.00906864 0.1
  1 52 7 4652692.73283305 0.1
  1 53 7 4541820.75705793 0.1
  1 54 7 5210836.62635941 0.1
  1 55 7 4565695.07962116 0.1
  1 56 7 4880430.48219146 0.1
  1 57 7 6337243.72477953 0.1
  1 58 7 5151643.32780222 0.1
  1 59 7 5800772.22160255 0.1
  1 60 7 5556885.62667524 0.1
  1 61 7 4724996.90919769 0.1
  1 62 7 4678085.30258466 0.1
  1 63 7 4972186.64164876 0.1
  1 64 7 4970089.94078101 0.1
  1 65 7 5094176.12028651 0.1
  1 66 7 4530673.08175484 0.1
  1 67 7 5108105.41790784 0.1
  1 68 7 4223042.07179053 0.1
  1 69 7 4450533.05167684 0.1
  1 70 7 4925024.93993163 0.1
  1 71 7 4369268.76860719 0.1
  1 72 7 5139575.54370032 0.1
  1 73 7 4775704.58858578 0.1
  1 74 7 4566729.00942364 0.1
  1 75 7 4949751.79110522 0.1
  1 76 7 5389055.11865472 0.1
  1 77 7 5054315.28672641 0.1
  1 78 7 4793210.64224781 0.1
  1 79 7 4510659.11996196 0.1
  1 80 7 4432069.60470711 0.1
  1 81 7 4126072.54995083 0.1
  1 1 8 1862998.7964191 0.1
  1 2 8 1912536.13752275 0.1
  1 3 8 1662203.15411653 0.1
  1 4 8 1482407.91974829 0.1
  1 5 8 1511641.32628171 0.1
  1 6 8 1393750.84101783 0.1
  1 7 8 1584884.02390466 0.1
  1 8 8 1564241.77198118 0.1
  1 9 8 1878278.59013997 0.1
  1 10 8 1674174.14883217 0.1
  1 11 8 2263085.97524786 0.1
  1 12 8 2221207.36268988 0.1
  1 13 8 1967695.04006197 0.1
  1 14 8 1353246.30285557 0.1
  1 15 8 1096344.57870808 0.1
  1 16 8 772113.285932354 0.1
  1 17 8 613088.403112104 0.1
  1 18 8 409252.432176481 0.1
  1 19 8 420243.083973742 0.1
  1 20 8 435774.674971642 0.1
  1 21 8 307262.858565418 0.1
  1 22 8 226456.407786912 0.1
  1 23 8 231478.809924446 0.1
  1 24 8 523953.559295144 0.1
  1 25 8 481584.316229748 0.1
  1 26 8 862598.493470133 0.1
  1 27 8 879991.064454899 0.1
  1 28 8 999115.192706031 0.1
  1 29 8 1237460.43435973 0.1
  1 30 8 1044083.34231693 0.1
  1 31 8 834360.664083813 0.1
  1 32 8 829819.850412393 0.1
  1 33 8 741251.638165936 0.1
  1 34 8 805019.330715574 0.1
  1 35 8 749889.729722045 0.1
  1 36 8 634830.418282443 0.1
  1 37 8 804289.556476724 0.1
  1 38 8 979054.498689786 0.1
  1 39 8 1123433.93849344 0.1
  1 40 8 1018776.77014799 0.1
  1 41 8 1230300.03955032 0.1
  1 42 8 1593506.60444306 0.1
  1 43 8 1761896.62629541 0.1
  1 44 8 1514647.20040176 0.1
  1 45 8 1793343.44169004 0.1
  1 46 8 1438169.05411628 0.1
  1 47 8 2016760.76603034 0.1
  1 48 8 1672088.16861188 0.1
  1 49 8 1552670.52747104 0.1
  1 50 8 2075650.72338697 0.1
  1 51 8 2095951.10102173 0.1
  1 52 8 2795755.08681146 0.1
  1 53 8 3503172.8840348 0.1
  1 54 8 3786659.91785047 0.1
  1 55 8 3305788.79312983 0.1
  1 56 8 3599827.8103401 0.1
  1 57 8 2473381.02281728 0.1
  1 58 8 2141139.43006766 0.1
  1 59 8 2114806.98457873 0.1
  1 60 8 2114214.73004159 0.1
  1 61 8 2213045.04735938 0.1
  1 62 8 1998377.38546839 0.1
  1 63 8 2742653.07278213 0.1
  1 64 8 2921603.27422775 0.1
  1 65 8 2751462.86125892 0.1
  1 66 8 3608463.4501594 0.1
  1 67 8 3622619.72516686 0.1
  1 68 8 3078161.12322262 0.1
  1 69 8 2270597.20490715 0.1
  1 70 8 1666628.93303959 0.1
  1 71 8 1550590.50648637 0.1
  1 72 8 1678699.10239367 0.1
  1 73 8 1494481.45449664 0.1
  1 74 8 2565960.18842785 0.1
  1 75 8 3279108.4315192 0.1
  1 76 8 4340160.02496545 0.1
  1 77 8 4658504.64048563 0.1
  1 78 8 5214557.52803689 0.1
  1 79 8 7987288.07067843 0.1
  1 80 8 5634623.65418816 0.1
  1 81 8 4015496.65788835 0.1
  1 1 9 363347.032153389 0.1
  1 2 9 341509.399080328 0.1
  1 3 9 349252.998849427 0.1
  1 4 9 354978.434982279 0.1
  1 5 9 446846.081954562 0.1
  1 6 9 378786.595256505 0.1
  1 7 9 430588.373579117 0.1
  1 8 9 308494.834819251 0.1
  1 9 9 398474.078260164 0.1
  1 10 9 343667.342946504 0.1
  1 11 9 343330.110811191 0.1
  1 12 9 486644.87405435 0.1
  1 13 9 320345.442859981 0.1
  1 14 9 407551.168452149 0.1
  1 15 9 366354.584017651 0.1
  1 16 9 412136.440322221 0.1
  1 17 9 380145.904849467 0.1
  1 18 9 317176.067112337 0.1
  1 19 9 363876.418989372 0.1
  1 20 9 439496.353978586 0.1
  1 21 9 459441.678713841 0.1
  1 22 9 390460.876342768 0.1
  1 23 9 446734.469379801 0.1
  1 24 9 488048.85642162 0.1
  1 25 9 382157.479198367 0.1
  1 26 9 415838.675496328 0.1
  1 27 9 383763.791666864 0.1
  1 28 9 321241.341531099 0.1
  1 29 9 422836.700633267 0.1
  1 30 9 513294.307859371 0.1
  1 31 9 478588.374971647 0.1
  1 32 9 490873.239085362 0.1
  1 33 9 387321.876327504 0.1
  1 34 9 415841.202883263 0.1
  1 35 9 536418.395471249 0.1
  1 36 9 420750.619455528 0.1
  1 37 9 429527.652046404 0.1
  1 38 9 401635.812388566 0.1
  1 39 9 393596.626119714 0.1
  1 40 9 353803.507256342 0.1
  1 41 9 435855.224520571 0.1
  1 42 9 434008.852003849 0.1
  1 43 9 380152.731210025 0.1
  1 44 9 478512.621184683 0.1
  1 45 9 418825.644015134 0.1
  1 46 9 385606.234207149 0.1
  1 47 9 350216.223539745 0.1
  1 48 9 417329.872266633 0.1
  1 49 9 558555.424856991 0.1
  1 50 9 426830.982881283 0.1
  1 51 9 365028.020874547 0.1
  1 52 9 361105.796240989 0.1
  1 53 9 420453.689492061 0.1
  1 54 9 499743.788187643 0.1
  1 55 9 487566.556278225 0.1
  1 56 9 549917.252948655 0.1
  1 57 9 492344.95965341 0.1
  1 58 9 498697.746058571 0.1
  1 59 9 501882.854360863 0.1
  1 60 9 511496.055623995 0.1
  1 61 9 516478.800267832 0.1
  1 62 9 445634.004257447 0.1
  1 63 9 424230.200803956 0.1
  1 64 9 378557.037111052 0.1
  1 65 9 437583.49018867 0.1
  1 66 9 420491.821977273 0.1
  1 67 9 469991.451851829 0.1
  1 68 9 470631.855327489 0.1
  1 69 9 484310.886943038 0.1
  1 70 9 518185.34513669 0.1
  1 71 9 498935.139594624 0.1
  1 72 9 430338.256455986 0.1
  1 73 9 394176.833474361 0.1
  1 74 9 449557.025560477 0.1
  1 75 9 384292.820825799 0.1
  1 76 9 533488.430815702 0.1
  1 77 9 433604.570103452 0.1
  1 78 9 404117.904883083 0.1
  1 79 9 414514.224360281 0.1
  1 80 9 443447.840307442 0.1
  1 81 9 377648.112267971 0.1
  1 1 10 2075979.50075703 0.1
  1 2 10 2273825.99486965 0.1
  1 3 10 2549127.1491569 0.1
  1 4 10 2622848.61287629 0.1
  1 5 10 2564699.23630263 0.1
  1 6 10 3221329.09642841 0.1
  1 7 10 2493921.3607372 0.1
  1 8 10 2647148.48030425 0.1
  1 9 10 2506849.79377451 0.1
  1 10 10 2376005.4195196 0.1
  1 11 10 2261109.78959336 0.1
  1 12 10 3194711.08884393 0.1
  1 13 10 1927974.18882777 0.1
  1 14 10 2462028.12674225 0.1
  1 15 10 2857310.20537046 0.1
  1 16 10 2174553.40609877 0.1
  1 17 10 2160473.13685939 0.1
  1 18 10 1908751.29451098 0.1
  1 19 10 1885000.99823623 0.1
  1 20 10 2385322.9190955 0.1
  1 21 10 1984376.71784991 0.1
  1 22 10 1777906.77742792 0.1
  1 23 10 2133390.19693615 0.1
  1 24 10 1524666.09672819 0.1
  1 25 10 1608268.3204338 0.1
  1 26 10 1539117.73507192 0.1
  1 27 10 1652098.01447615 0.1
  1 28 10 1791997.40019393 0.1
  1 29 10 1693834.35551361 0.1
  1 30 10 1567788.25420757 0.1
  1 31 10 1638583.54625107 0.1
  1 32 10 1643438.91124507 0.1
  1 33 10 1409182.97267807 0.1
  1 34 10 1567076.29536531 0.1
  1 35 10 1691066.85374803 0.1
  1 36 10 1772778.26739814 0.1
  1 37 10 2134744.61191876 0.1
  1 38 10 1622237.31351082 0.1
  1 39 10 1606048.01960948 0.1
  1 40 10 1604097.14097524 0.1
  1 41 10 1574320.09463223 0.1
  1 42 10 1848307.02239379 0.1
  1 43 10 1787085.50754409 0.1
  1 44 10 1768467.17034573 0.1
  1 45 10 1950307.17016658 0.1
  1 46 10 1949678.36073104 0.1
  1 47 10 1910485.45827875 0.1
  1 48 10 2232037.38111696 0.1
  1 49 10 2044241.48591097 0.1
  1 50 10 2032364.7319974 0.1
  1 51 10 1853234.75229436 0.1
  1 52 10 2129081.81953598 0.1
  1 53 10 1986926.14805935 0.1
  1 54 10 2196087.66455202 0.1
  1 55 10 2086639.01697626 0.1
  1 56 10 2450871.70813985 0.1
  1 57 10 2667395.84582841 0.1
  1 58 10 2257002.1588643 0.1
  1 59 10 1936668.05479944 0.1
  1 60 10 2183086.75110198 0.1
  1 61 10 2521453.83190198 0.1
  1 62 10 2623596.23758181 0.1
  1 63 10 2408377.95193982 0.1
  1 64 10 2300054.8713675 0.1
  1 65 10 1963257.83252396 0.1
  1 66 10 2439854.44767586 0.1
  1 67 10 2042963.42226517 0.1
  1 68 10 2301367.18725367 0.1
  1 69 10 2116890.82962891 0.1
  1 70 10 2351731.83762978 0.1
  1 71 10 2293697.59494382 0.1
  1 72 10 1912398.19996312 0.1
  1 73 10 1863049.28232589 0.1
  1 74 10 2129150.59082944 0.1
  1 75 10 2141669.07890374 0.1
  1 76 10 1894733.10598701 0.1
  1 77 10 1957047.63634691 0.1
  1 78 10 1839640.13886156 0.1
  1 79 10 1836910.37679245 0.1
  1 80 10 2009405.3804269 0.1
  1 81 10 1904923.89600105 0.1
  1 1 11 20964269.4934003 0.1
  1 2 11 17099473.9600636 0.1
  1 3 11 17100011.9875531 0.1
  1 4 11 20353246.9336652 0.1
  1 5 11 18515943.0528062 0.1
  1 6 11 19084695.2679134 0.1
  1 7 11 19271388.1860842 0.1
  1 8 11 20164954.7630054 0.1
  1 9 11 24485937.3497056 0.1
  1 10 11 29395963.7003608 0.1
  1 11 11 22824627.8227083 0.1
  1 12 11 22784589.9698892 0.1
  1 13 11 24518406.2073219 0.1
  1 14 11 26138765.9368527 0.1
  1 15 11 25758279.2788525 0.1
  1 16 11 21742856.5245775 0.1
  1 17 11 23238362.3165929 0.1
  1 18 11 16661834.469502 0.1
  1 19 11 15730761.6055852 0.1
  1 20 11 16259449.6771438 0.1
  1 21 11 14335249.1509372 0.1
  1 22 11 12425214.3995297 0.1
  1 23 11 11887167.325377 0.1
  1 24 11 12558760.6709963 0.1
  1 25 11 10121514.9617418 0.1
  1 26 11 11169141.0613168 0.1
  1 27 11 9716273.60412316 0.1
  1 28 11 10695466.580775 0.1
  1 29 11 9735695.38468834 0.1
  1 30 11 9200105.92700798 0.1
  1 31 11 9356839.02726457 0.1
  1 32 11 9977939.24794394 0.1
  1 33 11 8682824.12433242 0.1
  1 34 11 9995251.39072431 0.1
  1 35 11 10977538.6861603 0.1
  1 36 11 7479481.31652193 0.1
  1 37 11 9373951.65545396 0.1
  1 38 11 8454967.38329507 0.1
  1 39 11 10135598.6532644 0.1
  1 40 11 11448435.8476881 0.1
  1 41 11 8943670.1105195 0.1
  1 42 11 9919539.51904264 0.1
  1 43 11 11235574.6067683 0.1
  1 44 11 10656408.248312 0.1
  1 45 11 11743451.8667255 0.1
  1 46 11 12306703.2574951 0.1
  1 47 11 14585357.4035831 0.1
  1 48 11 15040517.0754043 0.1
  1 49 11 14152766.9695832 0.1
  1 50 11 14193791.5293517 0.1
  1 51 11 12351837.7326991 0.1
  1 52 11 14392897.1281663 0.1
  1 53 11 15738485.5033997 0.1
  1 54 11 13391536.1902928 0.1
  1 55 11 16048514.3646961 0.1
  1 56 11 15524976.4477378 0.1
  1 57 11 18018358.6080841 0.1
  1 58 11 15591194.6159843 0.1
  1 59 11 19910748.0228119 0.1
  1 60 11 15679075.9926969 0.1
  1 61 11 18116784.734102 0.1
  1 62 11 16219550.516881 0.1
  1 63 11 15970744.9551375 0.1
  1 64 11 18229303.2449783 0.1
  1 65 11 17443860.9898581 0.1
  1 66 11 20608663.8526646 0.1
  1 67 11 20194605.9478568 0.1
  1 68 11 17647509.64849 0.1
  1 69 11 16589960.1529749 0.1
  1 70 11 19778378.38371 0.1
  1 71 11 16612647.8902389 0.1
  1 72 11 17362207.808514 0.1
  1 73 11 19073721.3140936 0.1
  1 74 11 14037813.4693062 0.1
  1 75 11 18889047.9454933 0.1
  1 76 11 12976777.8334546 0.1
  1 77 11 16058561.0277746 0.1
  1 78 11 17778957.5889301 0.1
  1 79 11 18801440.9519084 0.1
  1 80 11 15224525.1623068 0.1
  1 81 11 14555402.4438165 0.1
  2 1 1 1516019.8046181 0.1
  2 2 1 1794569.08972694 0.1
  2 3 1 1750750.00315063 0.1
  2 4 1 1765363.31466375 0.1
  2 5 1 1297397.19347953 0.1
  2 6 1 1801843.04528192 0.1
  2 7 1 1854242.92700168 0.1
  2 8 1 1654217.16020068 0.1
  2 9 1 1893506.85777609 0.1
  2 10 1 1360637.66302263 0.1
  2 11 1 1735788.68771209 0.1
  2 12 1 1576272.4673143 0.1
  2 13 1 1401714.03109054 0.1
  2 14 1 1553820.99643892 0.1
  2 15 1 1621326.32399471 0.1
  2 16 1 1455724.29915781 0.1
  2 17 1 1191888.26693077 0.1
  2 18 1 1190919.61056681 0.1
  2 19 1 1043351.85475377 0.1
  2 20 1 1213945.90733638 0.1
  2 21 1 1069612.22798137 0.1
  2 22 1 1226379.14620785 0.1
  2 23 1 1067206.52962907 0.1
  2 24 1 1101914.70227737 0.1
  2 25 1 1034485.60260101 0.1
  2 26 1 1094692.26823951 0.1
  2 27 1 895881.200567657 0.1
  2 28 1 1008126.10794859 0.1
  2 29 1 974152.208414172 0.1
  2 30 1 851732.420899279 0.1
  2 31 1 1032881.31435714 0.1
  2 32 1 1144414.39290049 0.1
  2 33 1 1210536.58031049 0.1
  2 34 1 1136593.87261752 0.1
  2 35 1 1055018.50930085 0.1
  2 36 1 1030876.58713235 0.1
  2 37 1 1010553.36101142 0.1
  2 38 1 908586.11562342 0.1
  2 39 1 1085820.17479068 0.1
  2 40 1 1156188.81900243 0.1
  2 41 1 1129569.46199838 0.1
  2 42 1 1327813.37271719 0.1
  2 43 1 1489719.3869559 0.1
  2 44 1 1688298.2030123 0.1
  2 45 1 1217782.86502824 0.1
  2 46 1 1379391.57098975 0.1
  2 47 1 1360150.21379229 0.1
  2 48 1 1378278.50185686 0.1
  2 49 1 1403057.46651645 0.1
  2 50 1 1647428.54501964 0.1
  2 51 1 1638882.54855106 0.1
  2 52 1 1434780.57473568 0.1
  2 53 1 1415363.76367254 0.1
  2 54 1 1541386.5053198 0.1
  2 55 1 1704936.58209373 0.1
  2 56 1 1757625.70215986 0.1
  2 57 1 1537572.48729995 0.1
  2 58 1 1419307.26837797 0.1
  2 59 1 1334165.83356926 0.1
  2 60 1 1511737.91035508 0.1
  2 61 1 1815761.78666308 0.1
  2 62 1 1483099.88733746 0.1
  2 63 1 1426263.41748186 0.1
  2 64 1 1443259.13202337 0.1
  2 65 1 1716788.06578443 0.1
  2 66 1 1600768.27331913 0.1
  2 67 1 1592717.77878676 0.1
  2 68 1 1639711.06352535 0.1
  2 69 1 1356082.29360192 0.1
  2 70 1 1403489.46077701 0.1
  2 71 1 1653965.53283306 0.1
  2 72 1 1462602.66541556 0.1
  2 73 1 1377397.90230682 0.1
  2 74 1 1507374.38836607 0.1
  2 75 1 1569353.88488978 0.1
  2 76 1 1414676.86395495 0.1
  2 77 1 1256534.87851184 0.1
  2 78 1 1391477.24534183 0.1
  2 79 1 1169814.21985545 0.1
  2 80 1 1551180.24944228 0.1
  2 81 1 1292098.51479087 0.1
  2 1 2 493263.911915567 0.1
  2 2 2 858110.27277018 0.1
  2 3 2 653463.807707008 0.1
  2 4 2 495376.18460025 0.1
  2 5 2 592463.293751385 0.1
  2 6 2 616766.886143572 0.1
  2 7 2 550369.182108017 0.1
  2 8 2 1656136.55932794 0.1
  2 9 2 1145159.7108484 0.1
  2 10 2 433329.830101243 0.1
  2 11 2 988281.215439799 0.1
  2 12 2 780206.720772342 0.1
  2 13 2 850623.728915267 0.1
  2 14 2 549216.317853672 0.1
  2 15 2 581394.578879161 0.1
  2 16 2 653593.40387601 0.1
  2 17 2 804448.471080429 0.1
  2 18 2 556682.870382049 0.1
  2 19 2 774196.528503165 0.1
  2 20 2 735981.654090183 0.1
  2 21 2 592433.978749275 0.1
  2 22 2 688682.446350027 0.1
  2 23 2 863839.038077942 0.1
  2 24 2 1241760.51733892 0.1
  2 25 2 976742.995001866 0.1
  2 26 2 789216.573961947 0.1
  2 27 2 869120.123028337 0.1
  2 28 2 815895.592248837 0.1
  2 29 2 917825.515106879 0.1
  2 30 2 766134.779748453 0.1
  2 31 2 1042399.26110459 0.1
  2 32 2 1036002.39262744 0.1
  2 33 2 1011292.88478865 0.1
  2 34 2 863571.905772799 0.1
  2 35 2 786744.873130192 0.1
  2 36 2 736676.551261326 0.1
  2 37 2 771215.514238457 0.1
  2 38 2 910319.701888768 0.1
  2 39 2 826247.919334046 0.1
  2 40 2 1031264.12366929 0.1
  2 41 2 995614.049252451 0.1
  2 42 2 1429517.19504818 0.1
  2 43 2 1050812.82748385 0.1
  2 44 2 753734.681816616 0.1
  2 45 2 710251.036010237 0.1
  2 46 2 680515.67067224 0.1
  2 47 2 771594.584100655 0.1
  2 48 2 646784.248579598 0.1
  2 49 2 740070.297140528 0.1
  2 50 2 986073.21763264 0.1
  2 51 2 745405.190619884 0.1
  2 52 2 921533.461638424 0.1
  2 53 2 676493.998848728 0.1
  2 54 2 1165336.52865354 0.1
  2 55 2 846684.655203199 0.1
  2 56 2 835179.275949899 0.1
  2 57 2 936516.703530312 0.1
  2 58 2 872876.988046954 0.1
  2 59 2 1672210.83257946 0.1
  2 60 2 1004405.67724233 0.1
  2 61 2 957813.334951987 0.1
  2 62 2 1051207.08462792 0.1
  2 63 2 1294278.63487161 0.1
  2 64 2 837243.505926687 0.1
  2 65 2 1039242.53170717 0.1
  2 66 2 848554.022176841 0.1
  2 67 2 1197204.72529807 0.1
  2 68 2 1132421.05463693 0.1
  2 69 2 763112.61743946 0.1
  2 70 2 1028221.11996917 0.1
  2 71 2 1371556.71890231 0.1
  2 72 2 878603.715419121 0.1
  2 73 2 885044.581891037 0.1
  2 74 2 1235347.78437376 0.1
  2 75 2 1725386.8767994 0.1
  2 76 2 742463.247817546 0.1
  2 77 2 1182298.98470543 0.1
  2 78 2 1105840.73933512 0.1
  2 79 2 695244.020562327 0.1
  2 80 2 961285.313371103 0.1
  2 81 2 761557.391725037 0.1
  2 1 3 371043.418346397 0.1
  2 2 3 368163.563946056 0.1
  2 3 3 365606.544220418 0.1
  2 4 3 393318.092588381 0.1
  2 5 3 325160.114037616 0.1
  2 6 3 335886.575821483 0.1
  2 7 3 417016.162234227 0.1
  2 8 3 335003.600452157 0.1
  2 9 3 406658.20718763 0.1
  2 10 3 303270.882029362 0.1
  2 11 3 411068.846065217 0.1
  2 12 3 394984.465792614 0.1
  2 13 3 355848.350476727 0.1
  2 14 3 316263.688155353 0.1
  2 15 3 372858.3227941 0.1
  2 16 3 360440.6414359 0.1
  2 17 3 361485.584476004 0.1
  2 18 3 268847.036337437 0.1
  2 19 3 274843.347067687 0.1
  2 20 3 261963.701000094 0.1
  2 21 3 251348.807013983 0.1
  2 22 3 248103.709822042 0.1
  2 23 3 239461.557618923 0.1
  2 24 3 237293.419408409 0.1
  2 25 3 198925.881593183 0.1
  2 26 3 237916.040057529 0.1
  2 27 3 224677.221028732 0.1
  2 28 3 212406.462522657 0.1
  2 29 3 238979.072322538 0.1
  2 30 3 260798.897345328 0.1
  2 31 3 233878.634097951 0.1
  2 32 3 184354.579438349 0.1
  2 33 3 198966.813828743 0.1
  2 34 3 224306.033252818 0.1
  2 35 3 187952.532257272 0.1
  2 36 3 192882.479945443 0.1
  2 37 3 180720.585265789 0.1
  2 38 3 202379.646887583 0.1
  2 39 3 183553.558144027 0.1
  2 40 3 216039.700679093 0.1
  2 41 3 155668.099936223 0.1
  2 42 3 197588.898410404 0.1
  2 43 3 219309.336157377 0.1
  2 44 3 214114.923136447 0.1
  2 45 3 212377.655248044 0.1
  2 46 3 241331.394739365 0.1
  2 47 3 259545.402729244 0.1
  2 48 3 225044.787750402 0.1
  2 49 3 279161.682152911 0.1
  2 50 3 298038.160399534 0.1
  2 51 3 253646.148997916 0.1
  2 52 3 256130.782302198 0.1
  2 53 3 275717.722890318 0.1
  2 54 3 267444.726997087 0.1
  2 55 3 287669.919078425 0.1
  2 56 3 237998.332223804 0.1
  2 57 3 306796.138279125 0.1
  2 58 3 257344.594065215 0.1
  2 59 3 305928.724581436 0.1
  2 60 3 243017.172852203 0.1
  2 61 3 349266.568651102 0.1
  2 62 3 273184.485339194 0.1
  2 63 3 268497.271105214 0.1
  2 64 3 316326.837533318 0.1
  2 65 3 270432.798978702 0.1
  2 66 3 320059.835881507 0.1
  2 67 3 369139.464746016 0.1
  2 68 3 274544.432679791 0.1
  2 69 3 293904.100905377 0.1
  2 70 3 280263.769015977 0.1
  2 71 3 287493.953089426 0.1
  2 72 3 319529.186968297 0.1
  2 73 3 236743.3076485 0.1
  2 74 3 246555.028647543 0.1
  2 75 3 311330.533749543 0.1
  2 76 3 272694.415475922 0.1
  2 77 3 286731.034613877 0.1
  2 78 3 220901.87785254 0.1
  2 79 3 278469.293110708 0.1
  2 80 3 272499.942147995 0.1
  2 81 3 223806.917881851 0.1
  2 1 4 1043984.06039939 0.1
  2 2 4 866157.54896108 0.1
  2 3 4 1031544.63382405 0.1
  2 4 4 1011978.24430907 0.1
  2 5 4 1155980.69931097 0.1
  2 6 4 1323757.03735948 0.1
  2 7 4 1882323.1245759 0.1
  2 8 4 1481404.99088185 0.1
  2 9 4 1705687.5451324 0.1
  2 10 4 1785354.28550435 0.1
  2 11 4 2112354.18090751 0.1
  2 12 4 1776072.92575495 0.1
  2 13 4 1700148.45294689 0.1
  2 14 4 1728162.28495371 0.1
  2 15 4 1837203.9192667 0.1
  2 16 4 2121124.97775726 0.1
  2 17 4 1894955.62944512 0.1
  2 18 4 1061779.81718739 0.1
  2 19 4 871194.832202667 0.1
  2 20 4 652525.323508218 0.1
  2 21 4 583590.886150362 0.1
  2 22 4 315455.605002333 0.1
  2 23 4 377040.50908232 0.1
  2 24 4 301916.513942677 0.1
  2 25 4 258960.068957973 0.1
  2 26 4 213696.540190175 0.1
  2 27 4 179655.001551713 0.1
  2 28 4 562539.892020533 0.1
  2 29 4 909632.437372412 0.1
  2 30 4 1347707.62039222 0.1
  2 31 4 1629724.49116968 0.1
  2 32 4 1787952.37171756 0.1
  2 33 4 1395039.85130634 0.1
  2 34 4 996425.252877787 0.1
  2 35 4 892623.00360312 0.1
  2 36 4 615530.571694354 0.1
  2 37 4 588555.259495285 0.1
  2 38 4 364000.871131635 0.1
  2 39 4 367201.64963833 0.1
  2 40 4 351271.406044637 0.1
  2 41 4 752877.4848484 0.1
  2 42 4 1057379.36992398 0.1
  2 43 4 1346033.81127343 0.1
  2 44 4 2074307.50451062 0.1
  2 45 4 1794229.13219632 0.1
  2 46 4 1831182.66001787 0.1
  2 47 4 1945821.98953222 0.1
  2 48 4 1796364.18915215 0.1
  2 49 4 2134188.8826611 0.1
  2 50 4 1846683.43864267 0.1
  2 51 4 2665426.04824677 0.1
  2 52 4 2100084.55712582 0.1
  2 53 4 1641464.57880995 0.1
  2 54 4 1561531.323654 0.1
  2 55 4 1690344.2330343 0.1
  2 56 4 1690170.02602452 0.1
  2 57 4 1223798.27050975 0.1
  2 58 4 1556568.73232348 0.1
  2 59 4 1734292.96863873 0.1
  2 60 4 2375594.72943111 0.1
  2 61 4 2198756.82513303 0.1
  2 62 4 2111000.76325987 0.1
  2 63 4 1888953.63511314 0.1
  2 64 4 1775428.15693978 0.1
  2 65 4 1558026.16840573 0.1
  2 66 4 1464057.82018992 0.1
  2 67 4 1255200.2626317 0.1
  2 68 4 1005395.70742368 0.1
  2 69 4 1152809.61603957 0.1
  2 70 4 786335.426811179 0.1
  2 71 4 925346.771565752 0.1
  2 72 4 686666.033887331 0.1
  2 73 4 710910.206812351 0.1
  2 74 4 619476.124866618 0.1
  2 75 4 493470.566765703 0.1
  2 76 4 493009.510890939 0.1
  2 77 4 437628.164758431 0.1
  2 78 4 328752.300930426 0.1
  2 79 4 327743.388898342 0.1
  2 80 4 340223.182381609 0.1
  2 81 4 281136.228361807 0.1
  2 1 5 1583378.53769089 0.1
  2 2 5 1251535.15565261 0.1
  2 3 5 1369194.06167794 0.1
  2 4 5 1514060.09768942 0.1
  2 5 5 1353585.59411631 0.1
  2 6 5 1599778.47559637 0.1
  2 7 5 1742120.28130976 0.1
  2 8 5 1284084.13518633 0.1
  2 9 5 1690552.71590495 0.1
  2 10 5 1956720.25930128 0.1
  2 11 5 1620341.92213681 0.1
  2 12 5 1556616.99944267 0.1
  2 13 5 1795092.31686723 0.1
  2 14 5 2118895.5843539 0.1
  2 15 5 1751336.81295796 0.1
  2 16 5 1578383.34223101 0.1
  2 17 5 1754130.98931211 0.1
  2 18 5 1591737.13588041 0.1
  2 19 5 2020573.06270354 0.1
  2 20 5 2119022.31569345 0.1
  2 21 5 2295345.95199443 0.1
  2 22 5 1907840.91343485 0.1
  2 23 5 2165414.83643212 0.1
  2 24 5 1860065.26212244 0.1
  2 25 5 2178336.38537003 0.1
  2 26 5 1933018.17989988 0.1
  2 27 5 2106286.42804145 0.1
  2 28 5 2184344.48902194 0.1
  2 29 5 1964454.12962785 0.1
  2 30 5 2331845.93680387 0.1
  2 31 5 1919167.94006793 0.1
  2 32 5 2536684.49379579 0.1
  2 33 5 1929107.16975044 0.1
  2 34 5 1786501.25328105 0.1
  2 35 5 1907280.95116121 0.1
  2 36 5 2079302.87131407 0.1
  2 37 5 2196184.15239882 0.1
  2 38 5 2334916.84126533 0.1
  2 39 5 2250020.98216954 0.1
  2 40 5 1949964.26958209 0.1
  2 41 5 2239200.86810176 0.1
  2 42 5 2046482.18569836 0.1
  2 43 5 2166424.95778694 0.1
  2 44 5 2132431.02560763 0.1
  2 45 5 2055518.62403049 0.1
  2 46 5 2255405.39580107 0.1
  2 47 5 2141113.57514949 0.1
  2 48 5 2213363.24549203 0.1
  2 49 5 2186662.52031658 0.1
  2 50 5 1713303.29626046 0.1
  2 51 5 1899761.91290488 0.1
  2 52 5 2485698.50673545 0.1
  2 53 5 2212956.62829832 0.1
  2 54 5 1917839.01786544 0.1
  2 55 5 1938910.22156875 0.1
  2 56 5 1986276.54554313 0.1
  2 57 5 2470367.69374891 0.1
  2 58 5 1880557.11418645 0.1
  2 59 5 2589407.39454494 0.1
  2 60 5 1794472.82694805 0.1
  2 61 5 2066111.24026382 0.1
  2 62 5 1932342.04333425 0.1
  2 63 5 1693130.95527854 0.1
  2 64 5 2390430.02434037 0.1
  2 65 5 2076835.25392 0.1
  2 66 5 2086268.06667876 0.1
  2 67 5 1912019.22297021 0.1
  2 68 5 1920608.37081236 0.1
  2 69 5 2034855.05571512 0.1
  2 70 5 2097083.45868656 0.1
  2 71 5 2115344.90001304 0.1
  2 72 5 2253008.04568275 0.1
  2 73 5 2021933.60482699 0.1
  2 74 5 1886356.43900288 0.1
  2 75 5 1743794.1180089 0.1
  2 76 5 1977947.7973047 0.1
  2 77 5 2069492.90808275 0.1
  2 78 5 2474902.34493804 0.1
  2 79 5 2176896.86759736 0.1
  2 80 5 2135128.99630613 0.1
  2 81 5 1928738.17716162 0.1
  2 1 7 5706859.25323711 0.1
  2 2 7 6029945.32025093 0.1
  2 3 7 5966139.39450007 0.1
  2 4 7 5862607.54427578 0.1
  2 5 7 6698871.94319254 0.1
  2 6 7 4640272.82807791 0.1
  2 7 7 6069485.65524431 0.1
  2 8 7 5603674.2354152 0.1
  2 9 7 6227740.40187671 0.1
  2 10 7 6498881.24257536 0.1
  2 11 7 6008155.27666272 0.1
  2 12 7 5345902.88949974 0.1
  2 13 7 6215515.39767921 0.1
  2 14 7 4949480.40752617 0.1
  2 15 7 5859392.3045278 0.1
  2 16 7 5190350.69108187 0.1
  2 17 7 4502631.06290089 0.1
  2 18 7 4902527.51520589 0.1
  2 19 7 3649656.35063496 0.1
  2 20 7 4895192.55295084 0.1
  2 21 7 4737711.47387995 0.1
  2 22 7 5544337.65184773 0.1
  2 23 7 4198610.11100848 0.1
  2 24 7 4321179.67903506 0.1
  2 25 7 5052792.18653096 0.1
  2 26 7 4462013.94536775 0.1
  2 27 7 4447935.3656844 0.1
  2 28 7 4808578.63761574 0.1
  2 29 7 4346059.08271696 0.1
  2 30 7 5362817.52734851 0.1
  2 31 7 4890177.96294491 0.1
  2 32 7 4497424.43292416 0.1
  2 33 7 4550488.70561642 0.1
  2 34 7 5234585.30904999 0.1
  2 35 7 4810938.57394359 0.1
  2 36 7 5057200.88585024 0.1
  2 37 7 5178425.45377118 0.1
  2 38 7 4730756.90355693 0.1
  2 39 7 4577270.37353084 0.1
  2 40 7 4426813.25661472 0.1
  2 41 7 4615459.03982847 0.1
  2 42 7 4855706.48473166 0.1
  2 43 7 5478354.19327545 0.1
  2 44 7 4989721.08595993 0.1
  2 45 7 5629088.49549976 0.1
  2 46 7 5795393.0278613 0.1
  2 47 7 5306017.0047241 0.1
  2 48 7 5061226.92968148 0.1
  2 49 7 6659719.89956007 0.1
  2 50 7 5892480.69037129 0.1
  2 51 7 5001872.80076575 0.1
  2 52 7 4926492.21736201 0.1
  2 53 7 4790610.28187114 0.1
  2 54 7 6291436.22826126 0.1
  2 55 7 4579420.3474501 0.1
  2 56 7 6088009.5951094 0.1
  2 57 7 6078477.66756436 0.1
  2 58 7 5301060.005322 0.1
  2 59 7 5946136.73261437 0.1
  2 60 7 4721011.3069688 0.1
  2 61 7 6006345.75001369 0.1
  2 62 7 5431554.01243868 0.1
  2 63 7 5035237.46801953 0.1
  2 64 7 5949208.36279095 0.1
  2 65 7 6941491.95415939 0.1
  2 66 7 7252105.4219899 0.1
  2 67 7 6522748.02982174 0.1
  2 68 7 5016991.65414108 0.1
  2 69 7 4995317.77458144 0.1
  2 70 7 6110442.19011089 0.1
  2 71 7 4823207.05325526 0.1
  2 72 7 4875997.78704634 0.1
  2 73 7 4600608.72040935 0.1
  2 74 7 5202013.45712565 0.1
  2 75 7 5699001.58106827 0.1
  2 76 7 5250432.48906106 0.1
  2 77 7 6150849.1707994 0.1
  2 78 7 5321262.87702002 0.1
  2 79 7 5005365.62703866 0.1
  2 80 7 4989385.18148412 0.1
  2 81 7 4756223.8969696 0.1
  2 1 8 1979547.6644123 0.1
  2 2 8 2040024.74049938 0.1
  2 3 8 1505837.05894506 0.1
  2 4 8 1713786.16358911 0.1
  2 5 8 1410857.95135912 0.1
  2 6 8 1163528.79464903 0.1
  2 7 8 1021613.2091244 0.1
  2 8 8 1531896.88918056 0.1
  2 9 8 1455209.42976253 0.1
  2 10 8 1891469.8172602 0.1
  2 11 8 1994207.07722573 0.1
  2 12 8 2066520.1262522 0.1
  2 13 8 1852326.95868744 0.1
  2 14 8 1360223.95329294 0.1
  2 15 8 1138358.30484385 0.1
  2 16 8 824500.218006982 0.1
  2 17 8 661041.79471352 0.1
  2 18 8 416359.332053723 0.1
  2 19 8 469318.378265228 0.1
  2 20 8 378324.10750622 0.1
  2 21 8 300025.991139694 0.1
  2 22 8 248105.976501901 0.1
  2 23 8 253293.413674689 0.1
  2 24 8 305179.908472981 0.1
  2 25 8 488540.67256725 0.1
  2 26 8 783023.486781478 0.1
  2 27 8 890092.107950207 0.1
  2 28 8 1126851.64355084 0.1
  2 29 8 1186761.72242201 0.1
  2 30 8 1192195.50132087 0.1
  2 31 8 945064.066916874 0.1
  2 32 8 785728.243979168 0.1
  2 33 8 666906.56116104 0.1
  2 34 8 755943.347195153 0.1
  2 35 8 851646.298297541 0.1
  2 36 8 712853.293367509 0.1
  2 37 8 744755.818659013 0.1
  2 38 8 789418.581690683 0.1
  2 39 8 940901.320859378 0.1
  2 40 8 1007229.282808 0.1
  2 41 8 1092234.59497417 0.1
  2 42 8 1356293.059571 0.1
  2 43 8 1520209.4304324 0.1
  2 44 8 1807636.27528247 0.1
  2 45 8 1684209.2420488 0.1
  2 46 8 1580930.49746186 0.1
  2 47 8 1948385.27762616 0.1
  2 48 8 1699958.89957898 0.1
  2 49 8 1485176.30297417 0.1
  2 50 8 1745690.45772355 0.1
  2 51 8 1761921.07178633 0.1
  2 52 8 2551206.26426196 0.1
  2 53 8 2781150.30641305 0.1
  2 54 8 3403620.27375061 0.1
  2 55 8 3467682.30523547 0.1
  2 56 8 2785881.58764783 0.1
  2 57 8 2503939.96312777 0.1
  2 58 8 2474768.66942976 0.1
  2 59 8 2385055.42239268 0.1
  2 60 8 2451114.4658692 0.1
  2 61 8 1890015.05800194 0.1
  2 62 8 2354499.16752271 0.1
  2 63 8 2312493.54751079 0.1
  2 64 8 2240353.01467851 0.1
  2 65 8 3070730.22692669 0.1
  2 66 8 3399162.85172911 0.1
  2 67 8 3225128.50491546 0.1
  2 68 8 2734031.59601455 0.1
  2 69 8 1860694.84024617 0.1
  2 70 8 1476730.90000316 0.1
  2 71 8 1553533.46738125 0.1
  2 72 8 1490040.80350239 0.1
  2 73 8 1445846.05239802 0.1
  2 74 8 2170321.38003714 0.1
  2 75 8 2402103.40005625 0.1
  2 76 8 3575844.46583937 0.1
  2 77 8 4127611.28020144 0.1
  2 78 8 5573385.00623562 0.1
  2 79 8 5452173.98831754 0.1
  2 80 8 5834958.5601998 0.1
  2 81 8 4571720.92394418 0.1
  2 1 9 313386.713958101 0.1
  2 2 9 279337.891015587 0.1
  2 3 9 347313.60798627 0.1
  2 4 9 340066.808213255 0.1
  2 5 9 268324.454075712 0.1
  2 6 9 318029.629653711 0.1
  2 7 9 416147.536617849 0.1
  2 8 9 273409.564078392 0.1
  2 9 9 441535.070141539 0.1
  2 10 9 326329.028028475 0.1
  2 11 9 430260.556302895 0.1
  2 12 9 458193.995587062 0.1
  2 13 9 425230.158730594 0.1
  2 14 9 376659.407553694 0.1
  2 15 9 340049.179775945 0.1
  2 16 9 414519.055183734 0.1
  2 17 9 388819.000302062 0.1
  2 18 9 431198.015357111 0.1
  2 19 9 359120.628596008 0.1
  2 20 9 352706.217403553 0.1
  2 21 9 440051.467436867 0.1
  2 22 9 376578.406156122 0.1
  2 23 9 368081.972526845 0.1
  2 24 9 362351.49209143 0.1
  2 25 9 405410.02804135 0.1
  2 26 9 425010.014674367 0.1
  2 27 9 431597.189821512 0.1
  2 28 9 371761.218383944 0.1
  2 29 9 398520.971415813 0.1
  2 30 9 424343.147286632 0.1
  2 31 9 548823.563294337 0.1
  2 32 9 457421.091521212 0.1
  2 33 9 474108.713107541 0.1
  2 34 9 433841.794040901 0.1
  2 35 9 444843.592377869 0.1
  2 36 9 404993.578586948 0.1
  2 37 9 510521.735599411 0.1
  2 38 9 442981.173798825 0.1
  2 39 9 369544.499189351 0.1
  2 40 9 313892.452227199 0.1
  2 41 9 380397.469955901 0.1
  2 42 9 390324.754564949 0.1
  2 43 9 402848.401453662 0.1
  2 44 9 364374.722949393 0.1
  2 45 9 457332.4003461 0.1
  2 46 9 443172.294058431 0.1
  2 47 9 423951.127511922 0.1
  2 48 9 371992.297710856 0.1
  2 49 9 351773.620428849 0.1
  2 50 9 325987.605013523 0.1
  2 51 9 363998.196767088 0.1
  2 52 9 393138.447832799 0.1
  2 53 9 395122.119857935 0.1
  2 54 9 405815.941530023 0.1
  2 55 9 520313.715538618 0.1
  2 56 9 387371.982784446 0.1
  2 57 9 484635.896326441 0.1
  2 58 9 451565.824307347 0.1
  2 59 9 360877.583280884 0.1
  2 60 9 375982.685990564 0.1
  2 61 9 436991.070465214 0.1
  2 62 9 425275.789724923 0.1
  2 63 9 448672.333416455 0.1
  2 64 9 503931.349754858 0.1
  2 65 9 364032.519685695 0.1
  2 66 9 367784.010301306 0.1
  2 67 9 392649.581867946 0.1
  2 68 9 460347.959893865 0.1
  2 69 9 411183.729167366 0.1
  2 70 9 397337.459545954 0.1
  2 71 9 371315.022589624 0.1
  2 72 9 502153.877502913 0.1
  2 73 9 433958.884022571 0.1
  2 74 9 509564.077188977 0.1
  2 75 9 380451.749414807 0.1
  2 76 9 480028.097146133 0.1
  2 77 9 330451.103083734 0.1
  2 78 9 444156.130634796 0.1
  2 79 9 345899.300754322 0.1
  2 80 9 420319.857834729 0.1
  2 81 9 393089.919425801 0.1
  2 1 10 2261397.26714486 0.1
  2 2 10 1818964.70616752 0.1
  2 3 10 1763839.87070179 0.1
  2 4 10 2199254.43949407 0.1
  2 5 10 2159649.63749987 0.1
  2 6 10 2068483.14753533 0.1
  2 7 10 2214943.54298213 0.1
  2 8 10 2202888.65475439 0.1
  2 9 10 2140995.82500816 0.1
  2 10 10 1733729.42628022 0.1
  2 11 10 2164612.4365089 0.1
  2 12 10 2249545.57661646 0.1
  2 13 10 1715753.82364304 0.1
  2 14 10 1864496.39042236 0.1
  2 15 10 2022052.02226512 0.1
  2 16 10 1986982.63493724 0.1
  2 17 10 1862619.13532472 0.1
  2 18 10 1570983.62828492 0.1
  2 19 10 1569457.81131714 0.1
  2 20 10 1393981.85276359 0.1
  2 21 10 1726687.69016106 0.1
  2 22 10 1701548.89115641 0.1
  2 23 10 1500355.45888047 0.1
  2 24 10 1707976.10228414 0.1
  2 25 10 1549790.10656341 0.1
  2 26 10 1317262.73127595 0.1
  2 27 10 1556089.26109031 0.1
  2 28 10 1042978.62111945 0.1
  2 29 10 1311943.36261728 0.1
  2 30 10 1569604.14417101 0.1
  2 31 10 1096439.57462023 0.1
  2 32 10 1216508.54026149 0.1
  2 33 10 1576228.98981982 0.1
  2 34 10 1513044.83327221 0.1
  2 35 10 1086414.18845209 0.1
  2 36 10 1399665.9995939 0.1
  2 37 10 1546952.91741972 0.1
  2 38 10 1658520.49895578 0.1
  2 39 10 1434647.09817972 0.1
  2 40 10 1473120.42046442 0.1
  2 41 10 1140378.40885625 0.1
  2 42 10 1398207.33653817 0.1
  2 43 10 1723943.99935903 0.1
  2 44 10 1482568.70778228 0.1
  2 45 10 1431473.93145079 0.1
  2 46 10 2074482.86505177 0.1
  2 47 10 1538016.34922122 0.1
  2 48 10 1768800.64745896 0.1
  2 49 10 1839255.5957707 0.1
  2 50 10 1848051.88851354 0.1
  2 51 10 2172588.6234342 0.1
  2 52 10 1809659.37397646 0.1
  2 53 10 2170750.49367822 0.1
  2 54 10 2012799.75001344 0.1
  2 55 10 2013979.14401257 0.1
  2 56 10 1873692.48077936 0.1
  2 57 10 1617535.7317166 0.1
  2 58 10 1588986.65638115 0.1
  2 59 10 2173063.82989039 0.1
  2 60 10 1632095.82458646 0.1
  2 61 10 2254115.80424153 0.1
  2 62 10 1911786.57161706 0.1
  2 63 10 2050788.7880963 0.1
  2 64 10 2001054.34260333 0.1
  2 65 10 1826571.43445269 0.1
  2 66 10 1768217.01604375 0.1
  2 67 10 1754623.82016867 0.1
  2 68 10 1727986.41428937 0.1
  2 69 10 1662520.245247 0.1
  2 70 10 1428856.27424849 0.1
  2 71 10 1701271.95379088 0.1
  2 72 10 1775931.9984359 0.1
  2 73 10 1774528.8836753 0.1
  2 74 10 1504915.56446308 0.1
  2 75 10 1835363.84075107 0.1
  2 76 10 1535387.78688321 0.1
  2 77 10 1905383.94418583 0.1
  2 78 10 1360927.57524666 0.1
  2 79 10 1709037.61353067 0.1
  2 80 10 1490702.40356926 0.1
  2 81 10 1773934.47659425 0.1
  2 1 11 15791511.4456001 0.1
  2 2 11 15254079.6488384 0.1
  2 3 11 16212951.7508631 0.1
  2 4 11 15566226.7595487 0.1
  2 5 11 18489388.433102 0.1
  2 6 11 15918405.4250936 0.1
  2 7 11 18717397.9920934 0.1
  2 8 11 20245584.7685509 0.1
  2 9 11 19875678.9102728 0.1
  2 10 11 20281219.8449162 0.1
  2 11 11 18324007.9519783 0.1
  2 12 11 19185944.1062976 0.1
  2 13 11 19397565.4406053 0.1
  2 14 11 18587378.5661321 0.1
  2 15 11 19407749.972317 0.1
  2 16 11 18613635.0963388 0.1
  2 17 11 18044333.3646225 0.1
  2 18 11 15267253.4977838 0.1
  2 19 11 13521560.5118678 0.1
  2 20 11 14192068.2376623 0.1
  2 21 11 13033944.3408194 0.1
  2 22 11 12400961.3148714 0.1
  2 23 11 11321041.3811011 0.1
  2 24 11 9290410.94236939 0.1
  2 25 11 11036190.8765261 0.1
  2 26 11 9851982.20060227 0.1
  2 27 11 8849955.26682429 0.1
  2 28 11 9487285.00614558 0.1
  2 29 11 8462381.24057417 0.1
  2 30 11 8373015.05476832 0.1
  2 31 11 8413331.7661289 0.1
  2 32 11 6498706.73758616 0.1
  2 33 11 7607116.47252618 0.1
  2 34 11 8086729.48241061 0.1
  2 35 11 7791116.09170066 0.1
  2 36 11 8386141.3712002 0.1
  2 37 11 8647356.22140106 0.1
  2 38 11 9921925.68004085 0.1
  2 39 11 9008706.21989083 0.1
  2 40 11 8521849.19725128 0.1
  2 41 11 9082269.49181233 0.1
  2 42 11 7482323.72522564 0.1
  2 43 11 8497297.81089467 0.1
  2 44 11 9663659.77640143 0.1
  2 45 11 10471024.0261708 0.1
  2 46 11 9119564.00715683 0.1
  2 47 11 9723173.81529602 0.1
  2 48 11 10701506.4309514 0.1
  2 49 11 11037396.1743173 0.1
  2 50 11 15168249.7728255 0.1
  2 51 11 11936335.5852398 0.1
  2 52 11 15222956.0599473 0.1
  2 53 11 12720514.5272193 0.1
  2 54 11 14908495.884568 0.1
  2 55 11 16393549.113582 0.1
  2 56 11 11504359.3656911 0.1
  2 57 11 16105736.0414665 0.1
  2 58 11 14853121.262769 0.1
  2 59 11 14437420.7544797 0.1
  2 60 11 13865464.943273 0.1
  2 61 11 14405768.9125015 0.1
  2 62 11 14734511.5018211 0.1
  2 63 11 15840441.1361689 0.1
  2 64 11 16413280.129516 0.1
  2 65 11 15752315.8575872 0.1
  2 66 11 15004984.9583587 0.1
  2 67 11 13333463.8623041 0.1
  2 68 11 13125071.507294 0.1
  2 69 11 17574225.5355826 0.1
  2 70 11 16480860.826372 0.1
  2 71 11 15371374.6180454 0.1
  2 72 11 14096892.6953116 0.1
  2 73 11 15195786.1202534 0.1
  2 74 11 13364590.9543579 0.1
  2 75 11 14983673.7555318 0.1
  2 76 11 11903423.1191759 0.1
  2 77 11 14343957.5799534 0.1
  2 78 11 11401808.8923964 0.1
  2 79 11 14133376.3609465 0.1
  2 80 11 15435852.4871569 0.1
  2 81 11 11074150.5145047 0.1
# end survey index observations 
#  
# Survey size comp data 
# Number of observations, init_int Nsurvey_size_obs 
  1701
# init_matrix obs_survey_size(1,Nsurvey_size_obs,1,ncol) 
# Survey  Year  Species Type (0=whole, 1=retained, 2=discard) InpN, proportion by length bin 
  1 1 1 0 1000 0 0.00342993140137197 0.510769784604308 0.482770344593108 0.00302993940121198
  1 2 1 0 1000 0 0.00342017100855043 0.514215710785539 0.479473973698685 0.00289014450722536
  1 3 1 0 1000 0 0.00350992980140397 0.519689606207876 0.474030519389612 0.00276994460110798
  1 4 1 0 1000 0 0.00337037074078149 0.518287011571273 0.475602316254788 0.00274030143315765
  1 5 1 0 1000 0 0.00340027202176174 0.521651732138571 0.472297783822706 0.00265021201696136
  1 6 1 0 1000 0 0.00329013160526421 0.522050882035281 0.471998879955198 0.00266010640425617
  1 7 1 0 1000 0 0.00323022611582811 0.519726380846659 0.474343204024282 0.00270018901323093
  1 8 1 0 1000 0 0.00326009780293409 0.517835535066052 0.476184285528566 0.00272008160244807
  1 9 1 0 1000 0 0.00328042645543921 0.519837578885255 0.474221648814346 0.00266034584495984
  1 10 1 0 1000 0 0.00332013280531221 0.519870794831793 0.474128965158606 0.00268010720428817
  1 11 1 0 1000 0 0.003249967500325 0.519494805051949 0.474575254247458 0.002679973200268
  1 12 1 0 1000 0 0.00347034703470347 0.522582258225823 0.471317131713171 0.00263026302630263
  1 13 1 0 1000 0 0.0034303087277855 0.524277184946645 0.469712274104669 0.00258023222089988
  1 14 1 0 1000 0 0.00338020281216873 0.527481648898934 0.466597995879753 0.00254015240914455
  1 15 1 0 1000 0 0.00334020041202472 0.528011680700842 0.466127967678061 0.00252015120907254
  1 16 1 0 1000 0 0.00300039005070659 0.517357256443338 0.476992008961165 0.00265034454479082
  1 17 1 0 1000 0 0.00420033602688215 0.535942875430034 0.45727658212657 0.00258020641651332
  1 18 1 0 1000 0 0.00509020360814433 0.549881995279811 0.4424376975079 0.00259010360414417
  1 19 1 0 1000 0 0.00609036542192532 0.566954017241034 0.424425465527932 0.00253015180910855
  1 20 1 0 1000 0 0.00656052484198736 0.575476038083047 0.415343227458197 0.00262020961676934
  1 21 1 0 1000 0 0.00722985540289194 0.578568428631427 0.411411771764565 0.00278994420111598
  1 22 1 0 1000 0 0.00754015080301606 0.577641552831057 0.411708234164683 0.00311006220124402
  1 23 1 0 1000 0 0.00782007820078201 0.575555755557556 0.413194131941319 0.003430034300343
  1 24 1 0 1000 0 0.00776023280698421 0.568197045911377 0.420182605478164 0.0038601158034741
  1 25 1 0 1000 0 0.00784007840078401 0.557165571655717 0.430484304843048 0.004510045100451
  1 26 1 0 1000 0 0.00798007980079801 0.548855488554886 0.437934379343793 0.00523005230052301
  1 27 1 0 1000 0 0.00769953802771834 0.543387396756195 0.443013419194848 0.00589964602123873
  1 28 1 0 1000 0 0.00807048422905374 0.541652499149949 0.444056643398604 0.00622037322239334
  1 29 1 0 1000 0 0.00812081208120812 0.536613661366137 0.448484848484848 0.00678067806780678
  1 30 1 0 1000 0 0.00822049322959378 0.538702322139328 0.446276776606596 0.00680040802448147
  1 31 1 0 1000 0 0.0081705719400358 0.541157881051674 0.443881071675017 0.00679047533327333
  1 32 1 0 1000 0 0.00807056493954577 0.535367475723301 0.449381456701969 0.00718050263518446
  1 33 1 0 1000 0 0.00814983700325993 0.531109377812444 0.453180936381272 0.00755984880302394
  1 34 1 0 1000 0 0.00800032001280051 0.529111164446578 0.455048201928077 0.0078403136125445
  1 35 1 0 1000 0 0.00847957602119894 0.528603569821509 0.454887255637218 0.008029598520074
  1 36 1 0 1000 0 0.00841941064125511 0.530532862699611 0.453048286619937 0.00799944003919726
  1 37 1 0 1000 0 0.00769053833768364 0.527276909383657 0.456851979638575 0.00818057264008481
  1 38 1 0 1000 0 0.00786976390708279 0.528354149375519 0.455776326710199 0.00799976000719978
  1 39 1 0 1000 0 0.00795984080318394 0.527829443411132 0.456320873582528 0.00788984220315594
  1 40 1 0 1000 0 0.00809040452022601 0.528006400320016 0.455912795639782 0.007990399519976
  1 41 1 0 1000 0 0.00842016840336807 0.535880717614352 0.447828956579132 0.00787015740314806
  1 42 1 0 1000 0 0.00700014000280006 0.508830176603532 0.475979519590392 0.00819016380327607
  1 43 1 0 1000 0 0.00613061306130613 0.480818081808181 0.503940394039404 0.00911091109110911
  1 44 1 0 1000 0 0.00558039062734391 0.460472233056314 0.523946676267339 0.0100007000490034
  1 45 1 0 1000 0 0.00552022080883235 0.449467978719149 0.534601384055362 0.0104104164166567
  1 46 1 0 1000 0 0.00540064807776933 0.440932911949434 0.542865143817258 0.0108012961555387
  1 47 1 0 1000 0 0.00512046084147573 0.434939144523007 0.549189427048434 0.0107509675870828
  1 48 1 0 1000 0 0.00481038483078646 0.427364189135131 0.556664533162653 0.0111608928714297
  1 49 1 0 1000 0 0.0050803048182891 0.427745664739884 0.556393383603016 0.0107806468388103
  1 50 1 0 1000 0 0.00508101620324065 0.434336867373475 0.550400080016003 0.0101820364072815
  1 51 1 0 1000 0 0.00456050165518207 0.436378001580174 0.549340427447019 0.00972106931762494
  1 52 1 0 1000 0 0.004379956200438 0.429845701542985 0.555914440855591 0.00985990140098599
  1 53 1 0 1000 0 0.00429017160686427 0.423416936677467 0.562342493699748 0.00995039801592064
  1 54 1 0 1000 0 0.00474985750427487 0.435616931492055 0.550493485195444 0.00913972580822575
  1 55 1 0 1000 0 0.00467037362989039 0.443345467637411 0.543383470677654 0.0086006880550444
  1 56 1 0 1000 0 0.0047101884075363 0.445117804712188 0.541851674066963 0.00832033281331253
  1 57 1 0 1000 0 0.00452018080723229 0.44453778151126 0.542891715668627 0.00805032201288051
  1 58 1 0 1000 0 0.00446035682854628 0.446475718057445 0.541163293063445 0.00790063205056405
  1 59 1 0 1000 0 0.00446026761605696 0.447516851011061 0.540212412744765 0.00781046862811769
  1 60 1 0 1000 0 0.00483038643091447 0.449755980478438 0.537803024241939 0.0076106088487079
  1 61 1 0 1000 0 0.00472 0.45154 0.53624 0.0075
  1 62 1 0 1000 0 0.00449026941616497 0.452067124027442 0.535952157129428 0.00749044942696562
  1 63 1 0 1000 0 0.0046198152073917 0.453051877924883 0.535008599656014 0.00731970721171153
  1 64 1 0 1000 0 0.00436034882790623 0.450606048483879 0.537643011440915 0.00739059124729978
  1 65 1 0 1000 0 0.00441008820176404 0.452239044780896 0.536060721214424 0.00729014580291606
  1 66 1 0 1000 0 0.0043703059214145 0.45007150500535 0.538227675937316 0.00733051313591951
  1 67 1 0 1000 0 0.00460009200184004 0.449878997579952 0.537870757415148 0.00765015300306006
  1 68 1 0 1000 0 0.00477033392337464 0.451331593211525 0.53607752542678 0.00782054743832068
  1 69 1 0 1000 0 0.00536 0.4696 0.51804 0.007
  1 70 1 0 1000 0 0.0049404446400176 0.467452070686362 0.520406836615295 0.00720064805832525
  1 71 1 0 1000 0 0.00518041443315465 0.471407712617009 0.516391311304904 0.00702056164493159
  1 72 1 0 1000 0 0.0052603682257758 0.473403138219675 0.514376006320442 0.00696048723410639
  1 73 1 0 1000 0 0.00520057206292692 0.472772004920541 0.514976647431217 0.00705077558531438
  1 74 1 0 1000 0 0.00565011300226005 0.470509410188204 0.516630332606652 0.00721014420288406
  1 75 1 0 1000 0 0.0054604368349468 0.47310784862789 0.514101128090247 0.00733058644691575
  1 76 1 0 1000 0 0.00524015720471614 0.468414052421573 0.518735562066862 0.00761022830684921
  1 77 1 0 1000 0 0.00517031021861312 0.464157849470968 0.522821369282157 0.0078504710282617
  1 78 1 0 1000 0 0.00549005490054901 0.461494614946149 0.524925249252493 0.00809008090080901
  1 79 1 0 1000 0 0.00627006270062701 0.474894748947489 0.511375113751138 0.00746007460074601
  1 80 1 0 1000 0 0.00541054105410541 0.475997599759976 0.511081108110811 0.00751075107510751
  1 81 1 0 1000 0 0.00583034982098926 0.470988259295558 0.515580934856091 0.00760045602736164
  1 1 2 0 1000 0 0.0656432821641082 0.901545077253863 0.0325116255812791 0.000300015000750038
  1 2 2 0 1000 0 0.06386 0.87392 0.06182 4e-04
  1 3 2 0 1000 0 0.0642612852257045 0.873057461149223 0.0621612432248645 0.000520010400208004
  1 4 2 0 1000 0 0.0648612972259445 0.887107742154843 0.0476509530190604 0.000380007600152003
  1 5 2 0 1000 0 0.0615936956217373 0.872752365141908 0.0651639098345901 0.000490029401764106
  1 6 2 0 1000 0 0.0639574417023319 0.879034838606456 0.0564977400903964 0.000509979600815967
  1 7 2 0 1000 0 0.06657 0.89949 0.03369 0.00025
  1 8 2 0 1000 0 0.0427308546170923 0.918498369967399 0.0385707714154283 0.000200004000080002
  1 9 2 0 1000 0 1e-05 0.42328 0.57211 0.0046
  1 10 2 0 1000 0 0.0710814216284326 0.915588311766235 0.0129602592051841 0.000370007400148003
  1 11 2 0 1000 0 0.0591829591479574 0.875863793189659 0.0646332316615831 0.00032001600080004
  1 12 2 0 1000 0 0.06481 0.8862 0.04858 0.00041
  1 13 2 0 1000 0 0.0555927796389819 0.826361318065903 0.11713585679284 0.000910045502275114
  1 14 2 0 1000 0 0.0658686826263475 0.893602127957441 0.0400791984160317 0.000449991000179996
  1 15 2 0 1000 0 0.06514 0.88249 0.05202 0.00035
  1 16 2 0 1000 0 0.0652632631631582 0.897404870243512 0.0370718535926796 0.000260013000650033
  1 17 2 0 1000 0 0.055702785139257 0.824031201560078 0.119425971298565 0.000840042002100105
  1 18 2 0 1000 0 0.0676113522270445 0.911048220964419 0.0211204224084482 0.000220004400088002
  1 19 2 0 1000 0 0.0636112722254445 0.873797475949519 0.0622512450249005 0.000340006800136003
  1 20 2 0 1000 0 0.0623212464249285 0.876917538350767 0.0602112042240845 0.000550011000220004
  1 21 2 0 1000 0 0.0647312946258925 0.886707734154683 0.0481509630192604 0.000410008200164003
  1 22 2 0 1000 0 0.0649512990259805 0.894137882757655 0.0406008120162403 0.000310006200124002
  1 23 2 0 1000 0 0.0679820394611838 0.886356590697721 0.0453413602408072 0.000320009600288009
  1 24 2 0 1000 0 0.064883893033582 0.895343720623237 0.0395023701422085 0.000270016200972058
  1 25 2 0 1000 0 0.0578740511835829 0.843669056833978 0.0977368415789105 0.000720050403528247
  1 26 2 0 1000 0 0.0649219476584297 0.892246767403022 0.0423612708381251 0.000470014100423013
  1 27 2 0 1000 0 0.0629718891566747 0.878516355490665 0.0580817424522736 0.000430012900387012
  1 28 2 0 1000 0 0.0670613412268245 0.889187783755675 0.0433908678173563 0.000360007200144003
  1 29 2 0 1000 0 0.0623012460249205 0.874167483349667 0.0630512610252205 0.000480009600192004
  1 30 2 0 1000 0 0.0639212784255685 0.894247884957699 0.0414908298165963 0.000340006800136003
  1 31 2 0 1000 0 0.062572502900116 0.87767510700428 0.0593123724948998 0.000440017600704028
  1 32 2 0 1000 0 0.0660319809594288 0.886346590397712 0.0472114163424903 0.000410012300369011
  1 33 2 0 1000 0 0.0630193698063019 0.875631243687563 0.0608693913060869 0.000479995200048
  1 34 2 0 1000 0 0.0627806278062781 0.883688836888369 0.053040530405304 0.000490004900049
  1 35 2 0 1000 0 0.0651080467585972 0.889723308300751 0.0447986560403188 0.00036998890033299
  1 36 2 0 1000 0 0.0626318789563687 0.868566056981709 0.0682820484614538 0.000520015600468014
  1 37 2 0 1000 0 0.0671120133604008 0.893456803704111 0.0391011730351911 0.000330009900297009
  1 38 2 0 1000 0 0.06124 0.87504 0.06327 0.00045
  1 39 2 0 1000 0 0.0658406584065841 0.895568955689557 0.038260382603826 0.000330003300033
  1 40 2 0 1000 0 0.0599911998239965 0.868477369547391 0.0710314206284126 0.000500010000200004
  1 41 2 0 1000 0 0.0679333966698335 0.897594879743987 0.0341717085854293 0.000300015000750038
  1 42 2 0 1000 0 0.0607612152243045 0.866857337146743 0.0718914378287566 0.000490009800196004
  1 43 2 0 1000 0 0.0607587848243035 0.859262814743705 0.0791784164316714 0.000799984000319994
  1 44 2 0 1000 0 0.0634431721586079 0.88224411220561 0.0537726886344317 0.000540027001350068
  1 45 2 0 1000 0 0.0634719041571247 0.874476234287029 0.0615618468554057 0.000490014700441013
  1 46 2 0 1000 0 0.0645 0.88758 0.04752 4e-04
  1 47 2 0 1000 0 0.0607106071060711 0.866748667486675 0.0719907199071991 0.000550005500055001
  1 48 2 0 1000 0 0.0639880803575893 0.881203563893083 0.0543083707488775 0.000499985000449987
  1 49 2 0 1000 0 0.0666706667066671 0.890638906389064 0.042370423704237 0.000320003200032
  1 50 2 0 1000 0 0.0621906219062191 0.87929879298793 0.0580905809058091 0.000420004200042
  1 51 2 0 1000 0 0.0646193538064619 0.882241177588224 0.0526994730052699 0.000439995600044
  1 52 2 0 1000 0 0.05626 0.83304 0.10977 0.00093
  1 53 2 0 1000 0 0.0656606566065661 0.906609066090661 0.027430274302743 0.00030000300003
  1 54 2 0 1000 0 0.06061 0.86773 0.0712 0.00046
  1 55 2 0 1000 0 0.0631012620252405 0.873007460149203 0.0632812656253125 0.000610012200244005
  1 56 2 0 1000 0 0.0670120103603108 0.892676780303409 0.0399811994359831 0.000330009900297009
  1 57 2 0 1000 0 0.0596005960059601 0.858108581085811 0.0817108171081711 0.000580005800058001
  1 58 2 0 1000 0 0.0665793342066579 0.904980950190498 0.028169718302817 0.000269997300027
  1 59 2 0 1000 0 0.0577717331519946 0.850275508265248 0.0913527405822175 0.000600018000540016
  1 60 2 0 1000 0 0.0635912718254365 0.880847616952339 0.0549510990219804 0.000610012200244005
  1 61 2 0 1000 0 0.0623906239062391 0.88159881598816 0.0555705557055571 0.000440004400044
  1 62 2 0 1000 0 0.06692 0.89212 0.04063 0.00033
  1 63 2 0 1000 0 0.0580811616232325 0.852577051541031 0.0886817736354727 0.000660013200264005
  1 64 2 0 1000 0 0.0643925757030281 0.890245609824393 0.0448917956718269 0.00047001880075203
  1 65 2 0 1000 0 0.0595688086238275 0.861612767744645 0.0782184356312874 0.000599988000239995
  1 66 2 0 1000 0 0.0660793392066079 0.886381136188638 0.047079529204708 0.000459995400046
  1 67 2 0 1000 0 0.0657206572065721 0.892748927489275 0.041230412304123 0.00030000300003
  1 68 2 0 1000 0 0.0574205742057421 0.83959839598396 0.102231022310223 0.000750007500075001
  1 69 2 0 1000 0 0.0647919437583128 0.891586747602428 0.0431412942388272 0.000480014400432013
  1 70 2 0 1000 0 0.0636625465018601 0.887465498619945 0.0485219408776351 0.000350014000560022
  1 71 2 0 1000 0 0.0629006290062901 0.878938789387894 0.0577105771057711 0.000450004500045
  1 72 2 0 1000 0 0.06508 0.87583 0.05859 5e-04
  1 73 2 0 1000 0 0.0625625025001 0.883245329813192 0.0537421496859874 0.000450018000720029
  1 74 2 0 1000 0 0.0671706717067171 0.898758987589876 0.033810338103381 0.000260002600026
  1 75 2 0 1000 0 0.0558505585055851 0.837818378183782 0.105591055910559 0.000740007400074001
  1 76 2 0 1000 0 0.0653819614588438 0.895296858905767 0.0388811664349931 0.000440013200396012
  1 77 2 0 1000 0 0.0623712474249485 0.882737654753095 0.0545110902218044 0.000380007600152003
  1 78 2 0 1000 0 0.0592958492905497 0.856410051296409 0.0835441519093663 0.000749947503674743
  1 79 2 0 1000 0 0.0660593394066059 0.889951100488995 0.043559564404356 0.000429995700043
  1 80 2 0 1000 0 0.0628212564251285 0.879667593351867 0.0570611412228245 0.000450009000180004
  1 81 2 0 1000 0 0.0604806048060481 0.871468714687147 0.0674806748067481 0.000570005700057001
  1 1 3 0 1000 0 0.0554512606229435 0.457730273118149 0.329074062859565 0.157744403399342
  1 2 3 0 1000 0 0.0548888193554248 0.452696496522766 0.333703430803549 0.15871125331826
  1 3 3 0 1000 0 0.0548659885363688 0.453176717526439 0.334544280293856 0.157413013643336
  1 4 3 0 1000 0 0.0552214710927253 0.455029764907678 0.333689839572193 0.156058924427404
  1 5 3 0 1000 0 0.0540052279402117 0.450692853466286 0.336102055852164 0.159199862741338
  1 6 3 0 1000 0 0.0542664595145376 0.454026351364985 0.334718831339158 0.15698835778132
  1 7 3 0 1000 0 0.0541977800201816 0.45393541876892 0.333874873864783 0.157991927346115
  1 8 3 0 1000 0 0.0538293084134785 0.453683987445883 0.333360244623629 0.15912645951701
  1 9 3 0 1000 0 0.0542307886371664 0.452777637620465 0.335597154245926 0.157394419496443
  1 10 3 0 1000 0 0.0545131564338848 0.453243436922797 0.332973343964795 0.159270062678523
  1 11 3 0 1000 0 0.0548354532606501 0.451887744801131 0.334373107207753 0.158903694730466
  1 12 3 0 1000 0 0.0547247113909744 0.453146443852426 0.333767255994187 0.158361588762412
  1 13 3 0 1000 0 0.0552964690206529 0.453515837926231 0.332990127793592 0.158197565259524
  1 14 3 0 1000 0 0.0548987935995154 0.452314370804099 0.332098329211044 0.160688506385341
  1 15 3 0 1000 0 0.0563425757759212 0.455916777656698 0.331345602776769 0.156395043790612
  1 16 3 0 1000 0 0.0570240929819605 0.470650550869688 0.321693772952904 0.150631583195448
  1 17 3 0 1000 0 0.0598750503829101 0.492956469165659 0.311527609834744 0.135640870616687
  1 18 3 0 1000 0 0.0584235708889448 0.514338957441451 0.301244019138756 0.125993452530849
  1 19 3 0 1000 0 0.0560475835832612 0.531249370986896 0.299239145749884 0.113463899679958
  1 20 3 0 1000 0 0.0500688975387989 0.538306025768685 0.304336018828641 0.107289057863875
  1 21 3 0 1000 0 0.0456556272747381 0.545112706360218 0.307695401258772 0.101536265106272
  1 22 3 0 1000 0 0.0409264469453376 0.546332395498392 0.314077572347267 0.0986635852090032
  1 23 3 0 1000 0 0.0390983483106582 0.546182037250866 0.320799236909483 0.0939203775289924
  1 24 3 0 1000 0 0.0359908014581095 0.538827688012773 0.329440355087818 0.095741155441299
  1 25 3 0 1000 0 0.0350620011044731 0.533721572368091 0.336000803253175 0.0952156232742608
  1 26 3 0 1000 0 0.0339063033394245 0.524890058033294 0.342948653587421 0.0982549850398602
  1 27 3 0 1000 0 0.0355820092543336 0.523261299420851 0.342360156179426 0.0987965351453894
  1 28 3 0 1000 0 0.0364895378594009 0.520979477143861 0.34204425711275 0.100486727883988
  1 29 3 0 1000 0 0.0391450504239627 0.52322512668707 0.335587777833526 0.102042045055441
  1 30 3 0 1000 0 0.039872312232729 0.526732116685739 0.329568953401996 0.103826617679536
  1 31 3 0 1000 0 0.0431212735631261 0.53056431052135 0.324041916768715 0.102272499146809
  1 32 3 0 1000 0 0.0461485950628934 0.536255308042123 0.316665495467459 0.100930601427525
  1 33 3 0 1000 0 0.0483103427504367 0.53668453707608 0.313414854526836 0.101590265646648
  1 34 3 0 1000 0 0.0490608466936383 0.54298220076096 0.30835951852707 0.0995974340183313
  1 35 3 0 1000 0 0.0516748140489646 0.543850315690152 0.306063860755047 0.098411009505837
  1 36 3 0 1000 0 0.0517803901097246 0.546926605965085 0.305893809040989 0.0953991948842019
  1 37 3 0 1000 0 0.0530204171769288 0.549416795486941 0.303728092188472 0.0938346951476581
  1 38 3 0 1000 0 0.0501877020055006 0.550127476763094 0.305763555698312 0.0939212655330938
  1 39 3 0 1000 0 0.0508049299449998 0.551728290979164 0.306395278814886 0.0910715002609499
  1 40 3 0 1000 0 0.048460272212631 0.551260689765929 0.307082346328341 0.0931966916930983
  1 41 3 0 1000 0 0.0482839618948193 0.542075306919363 0.315220991979442 0.0944197392063763
  1 42 3 0 1000 0 0.0453395191902151 0.525767709023719 0.325520676427467 0.103372095358599
  1 43 3 0 1000 0 0.0462420778803371 0.513694846479114 0.330182899269809 0.10988017637074
  1 44 3 0 1000 0 0.0481801834383131 0.504023386878033 0.331223692273691 0.116572737409964
  1 45 3 0 1000 0 0.0531493689203312 0.493568614840421 0.33178913095908 0.121492885280167
  1 46 3 0 1000 0 0.0571204535858616 0.491062991334419 0.326195789854635 0.125620765225084
  1 47 3 0 1000 0 0.062745728966606 0.487848042715362 0.322114852839144 0.127291375478889
  1 48 3 0 1000 0 0.0656164810735231 0.487501383146734 0.315538521893955 0.131343613885787
  1 49 3 0 1000 0 0.0701858481837564 0.486986604449093 0.314704935838127 0.128122611529024
  1 50 3 0 1000 0 0.0699441453227998 0.488079303577719 0.310723091631862 0.131253459467619
  1 51 3 0 1000 0 0.0732804605567745 0.488697437549065 0.307403530666881 0.130618571227279
  1 52 3 0 1000 0 0.0709748855000252 0.491851628164477 0.307967185062157 0.12920630127334
  1 53 3 0 1000 0 0.0694518548346504 0.493783661347964 0.308501535209141 0.128262948608245
  1 54 3 0 1000 0 0.0664720390597473 0.495635979262093 0.309055217194342 0.128836764483817
  1 55 3 0 1000 0 0.0664405346646268 0.496718737418472 0.311518640792334 0.125322087124567
  1 56 3 0 1000 0 0.0643261904522259 0.494831560194458 0.314454520749248 0.126387728604068
  1 57 3 0 1000 0 0.0618563965251704 0.494861238335867 0.316680591486063 0.1266017736529
  1 58 3 0 1000 0 0.0605609282386209 0.495486610781818 0.318905918225639 0.125046542753922
  1 59 3 0 1000 0 0.0580697763372456 0.492390232118052 0.322146840335796 0.127393151208906
  1 60 3 0 1000 0 0.0567015496075669 0.494324813845844 0.323143489635742 0.125830146910847
  1 61 3 0 1000 0 0.0555572327044025 0.489459119496855 0.326178616352201 0.128805031446541
  1 62 3 0 1000 0 0.0554672088248319 0.490337775272757 0.32438906558235 0.129805950320061
  1 63 3 0 1000 0 0.0551631145726418 0.489585220068828 0.325947392783111 0.129304272575419
  1 64 3 0 1000 0 0.0530299979867123 0.488755788202134 0.326504932554862 0.131709281256292
  1 65 3 0 1000 0 0.0533981559769698 0.489843781455087 0.32416354632202 0.132594516245923
  1 66 3 0 1000 0 0.0538685293851217 0.492083782069993 0.323080329733375 0.13096735881151
  1 67 3 0 1000 0 0.0551675556002818 0.494163228338533 0.321676562342759 0.128992653718426
  1 68 3 0 1000 0 0.054187092942491 0.498414551897001 0.318066055304456 0.129332299856051
  1 69 3 0 1000 0 0.0539852483925175 0.500810030288089 0.319202245947333 0.12600247537206
  1 70 3 0 1000 0 0.051764398011152 0.504730559413813 0.317531251887191 0.125973790687843
  1 71 3 0 1000 0 0.0514755450914103 0.502892732449918 0.320474508738567 0.125157213720104
  1 72 3 0 1000 0 0.04977962929421 0.504206162329691 0.321821731167864 0.124192477208235
  1 73 3 0 1000 0 0.0485497473883376 0.504800628006683 0.321380406996639 0.125269217608341
  1 74 3 0 1000 0 0.0486499537241962 0.506277413383767 0.322733491609996 0.122339141282041
  1 75 3 0 1000 0 0.0474997484656404 0.504225777241171 0.323402756816581 0.124871717476607
  1 76 3 0 1000 0 0.046344089267208 0.504401984162919 0.323201223500055 0.126052703069818
  1 77 3 0 1000 0 0.0456452830188679 0.502259119496855 0.326440251572327 0.12565534591195
  1 78 3 0 1000 0 0.0459087661390144 0.503034084390818 0.323997947087178 0.127059202382989
  1 79 3 0 1000 0 0.0467058397392039 0.501790960679358 0.324163882963738 0.1273393166177
  1 80 3 0 1000 0 0.0471317455046739 0.502520602529659 0.324166591199525 0.126181060766142
  1 81 3 0 1000 0 0.0466298298056503 0.500920921525408 0.323459846815021 0.128989401853921
  1 1 4 0 1000 0.00749029961198448 0.298341933677347 0.439657586303452 0.252320092803712 0.00219008760350414
  1 2 4 0 1000 0.220753245194712 0.426915614936896 0.228073684421065 0.123277396643799 0.000980058803528212
  1 3 4 0 1000 0.00296047367578813 0.756641062570011 0.155974955992959 0.0837934069451112 0.000630100816130581
  1 4 4 0 1000 0 0.684349495919347 0.231257001120179 0.0837133941430629 0.000680108817410786
  1 5 4 0 1000 0 0.426639729562139 0.494019162682776 0.0785810013401876 0.000760106414898086
  1 6 4 0 1000 0 0.280374859977596 0.644213074091855 0.07470195231237 0.000710113618178909
  1 7 4 0 1000 0 0.215201648395615 0.698867728254781 0.0852704649115788 0.000660158438025126
  1 8 4 0 1000 0 0.212635516261951 0.69005280633676 0.096661599391927 0.000650078009361123
  1 9 4 0 1000 0 0.150374059849576 0.721265402464394 0.127610417666827 0.000750120019203072
  1 10 4 0 1000 0 0.113903919823163 0.727172706268316 0.15800318066794 0.000920193240580522
  1 11 4 0 1000 0 0.0888615520017602 0.721973856601358 0.188284476982008 0.000880114414873934
  1 12 4 0 1000 0.58998899889989 0.0165316531653165 0.291509150915091 0.101570157015702 0.0004000400040004
  1 13 4 0 1000 1.000200040008e-05 0.585377075415083 0.280866173234647 0.133156631326265 0.000590118023604721
  1 14 4 0 1000 0 0.365543865263832 0.47811737408489 0.155538664639757 0.000800096011521383
  1 15 4 0 1000 0 0.104816770683309 0.714744359097456 0.179368698991839 0.00107017122739638
  1 16 4 0 1000 0 0.0652884875033754 0.729604848630322 0.203686479242301 0.00142018462400112
  1 17 4 0 1000 0 0.0978978318265461 0.681944555564445 0.218527482198576 0.00163013041043283
  1 18 4 0 1000 1.00011001210133e-05 0.165458200402044 0.608856974267169 0.223834621808399 0.00184020242226645
  1 19 4 0 1000 3.00045006751013e-05 0.264189628444267 0.52896934540181 0.204850727609141 0.00196029404410662
  1 20 4 0 1000 0 0.336030242721845 0.479173125581302 0.182656439079517 0.00214019261733556
  1 21 4 0 1000 0 0.296109949686415 0.535404559230992 0.166384923929461 0.00210056715313135
  1 22 4 0 1000 0 0.195001200192031 0.663066090574492 0.140382461193791 0.00155024803968635
  1 23 4 0 1000 0 0.183781242811278 0.692837782423012 0.122450816638829 0.00093015812688157
  1 24 4 0 1000 0 0.201058253980955 0.661658798111547 0.136402736656798 0.000880211250700168
  1 25 4 0 1000 0 0.263969036594025 0.607316804848533 0.128044084849333 0.000670073708107892
  1 26 4 0 1000 1.00011001210133e-05 0.345197971776895 0.537529128204102 0.116652831811499 0.000610067107381812
  1 27 4 0 1000 0.942307307607674 0.00549120806577447 0.0432095060913401 0.00897197383424353 2.0004400968213e-05
  1 28 4 0 1000 0.000470089316970224 0.968504015762995 0.0249747452015883 0.00605114971844651 0
  1 29 4 0 1000 0 0.762304345651848 0.233004950742611 0.00469070360554083 0
  1 30 4 0 1000 0 0.18964413594447 0.805494989098038 0.00486087495749235 0
  1 31 4 0 1000 0 0.0279667120108826 0.94837761062655 0.023655677362567 0
  1 32 4 0 1000 0 0.0332079699127791 0.885842602224534 0.0809494278626871 0
  1 33 4 0 1000 0 0.0768815322298345 0.798169725458819 0.124938740811122 1.00015002250338e-05
  1 34 4 0 1000 1.00017002890491e-05 0.137763419781363 0.702589440204835 0.159587129812068 5.00085014452457e-05
  1 35 4 0 1000 0 0.182952931527675 0.641205416975056 0.175741633494029 0.000100018003240583
  1 36 4 0 1000 0 0.219975398277879 0.593261528306982 0.186583060814257 0.000180012600882062
  1 37 4 0 1000 1.00011001210133e-05 0.283591195031453 0.543559791577073 0.172588984788327 0.000250027503025333
  1 38 4 0 1000 0 0.341697586734541 0.498284811329246 0.15959755573113 0.000420046205082559
  1 39 4 0 1000 0 0.332839955596004 0.524867238051425 0.141802762248602 0.000490044103969357
  1 40 4 0 1000 0.899783943825395 0.0101326344849661 0.0736991617820633 0.0163242443035189 6.00156040570548e-05
  1 41 4 0 1000 1.00023005291217e-05 0.919521489942687 0.0638846934795003 0.0164937935725217 9.00207047620953e-05
  1 42 4 0 1000 0 0.554778764602336 0.427778444551128 0.017332773243719 0.000110017602816451
  1 43 4 0 1000 0 0.112695777408837 0.866291280779309 0.0208329166083252 0.000180025203528494
  1 44 4 0 1000 0 0.0270527052705271 0.919271927192719 0.0534353435343534 0.00024002400240024
  1 45 4 0 1000 0 0.0415078864984347 0.857923005371021 0.100269051119713 0.000300057010832058
  1 46 4 0 1000 0.520543697865616 0.00690124222360025 0.401672301014183 0.0707527354923886 0.000130023404212758
  1 47 4 0 1000 1.00017002890491e-05 0.55054359241071 0.364722002740466 0.0846243861456448 0.000100017002890491
  1 48 4 0 1000 0 0.364266426642664 0.533673367336734 0.101990199019902 7.000700070007e-05
  1 49 4 0 1000 0 0.119727959193879 0.759953993098965 0.120218032704906 0.000100015002250338
  1 50 4 0 1000 0 0.0956405204572503 0.754683015131664 0.149446439108302 0.000230025302783306
  1 51 4 0 1000 0 0.120748452391667 0.693008510595742 0.185813006910484 0.000430030102107148
  1 52 4 0 1000 0 0.112431243124312 0.657625762576258 0.229112911291129 0.00083008300830083
  1 53 4 0 1000 0 0.111013321598592 0.634096091530984 0.253620434452134 0.00127015241829019
  1 54 4 0 1000 0 0.148041843347468 0.576816145291623 0.273261860948876 0.00188015041203296
  1 55 4 0 1000 0 0.167195110973304 0.538883165464748 0.291451204752998 0.00247051880894988
  1 56 4 0 1000 0.295248857465724 0.224306729201876 0.30228906867206 0.176415292458774 0.00174005220156605
  1 57 4 0 1000 0.109661096610966 0.651816518165182 0.145211452114521 0.0922509225092251 0.001060010600106
  1 58 4 0 1000 0 0.72515152121297 0.179535134918889 0.0940531674434421 0.00126017642469946
  1 59 4 0 1000 0 0.316223758038867 0.585099466909375 0.0970765030055109 0.00160027204624786
  1 60 4 0 1000 0 0.065957914949794 0.851532183862063 0.0816497979757571 0.000860103212385486
  1 61 4 0 1000 0 0.0449162882803592 0.840477666873362 0.113835937031184 0.000770107815094113
  1 62 4 0 1000 0 0.0541697505550999 0.788131863735472 0.15671820927767 0.000980176431757716
  1 63 4 0 1000 0 0.0724072407240724 0.729282928292829 0.197009700970097 0.0013001300130013
  1 64 4 0 1000 1.0000100001e-05 0.11130111301113 0.667566675666757 0.219562195621956 0.001560015600156
  1 65 4 0 1000 2.00030004500675e-05 0.167145071760764 0.596689503425514 0.234505175776366 0.00164024603690554
  1 66 4 0 1000 0 0.190774339381089 0.562061171010782 0.24625432577864 0.000910163829489308
  1 67 4 0 1000 0 0.186168403784984 0.554504171084482 0.25839718326765 0.00093024186288435
  1 68 4 0 1000 0 0.213246251862817 0.521788704079694 0.263744836622226 0.00122020743526399
  1 69 4 0 1000 0 0.210694748632404 0.516826177832448 0.270808956626964 0.00167011690818357
  1 70 4 0 1000 0 0.175893517870357 0.543120862417248 0.278635572711454 0.00235004700094002
  1 71 4 0 1000 0 0.181837275591339 0.548792318847827 0.2666399959994 0.00273040956143422
  1 72 4 0 1000 0 0.219238501005131 0.517357256443338 0.259983797893726 0.00342044465780551
  1 73 4 0 1000 0 0.22729182085492 0.512591762846799 0.256035845018303 0.0040805712799792
  1 74 4 0 1000 0 0.254402720136007 0.507695384769238 0.233701685084254 0.00420021001050053
  1 75 4 0 1000 0 0.241731425085261 0.530058907657996 0.223809095182374 0.00440057207436967
  1 76 4 0 1000 0 0.264947690584305 0.540817347122482 0.190584305174931 0.00365065711828129
  1 77 4 0 1000 0 0.309811256589015 0.553407283675245 0.135491162967483 0.0012902967682567
  1 78 4 0 1000 1.00012001440173e-05 0.352752330279634 0.527463295595471 0.119144297315678 0.000630075609073089
  1 79 4 0 1000 0 0.376954082193973 0.512717161917526 0.109778662372603 0.000550093515897703
  1 80 4 0 1000 0 0.349799959991998 0.537607521504301 0.111982396479296 0.000610122024404881
  1 81 4 0 1000 0.243624617477049 0.422785367122027 0.278936736204172 0.0543432605956357 0.000310018601116067
  1 1 5 0 1000 0.242372423724237 0.404944049440494 0.283232832328323 0.0693706937069371 8.00008000080001e-05
  1 2 5 0 1000 0.238929557182287 0.403116124644986 0.287441497659906 0.0704228169126765 9.00036001440058e-05
  1 3 5 0 1000 0.239162825115247 0.399428017159485 0.290671279861604 0.0706378808635741 9.99970000899973e-05
  1 4 5 0 1000 0.232817671823282 0.399236007639924 0.295307046929531 0.0725392746072539 9.99990000099999e-05
  1 5 5 0 1000 0.234129365174607 0.394145765830633 0.296861874474979 0.0747629905196208 0.000100004000160006
  1 6 5 0 1000 0.231731586579329 0.392429621481074 0.299784989249462 0.0759437971898595 0.000110005500275014
  1 7 5 0 1000 0.226931346567328 0.390229511475574 0.303815190759538 0.0789039451972599 0.000120006000300015
  1 8 5 0 1000 0.227100915963361 0.386624535018599 0.305317787288508 0.0808267669293228 0.000129994800207992
  1 9 5 0 1000 0.227519100764031 0.386545461818473 0.304302172086883 0.0815132605304212 0.000120004800192008
  1 10 5 0 1000 0.224514490289806 0.384307686153723 0.307016140322806 0.0840316806336127 0.000130002600052001
  1 11 5 0 1000 0.224772247722477 0.38560385603856 0.305763057630576 0.0837308373083731 0.000130001300013
  1 12 5 0 1000 0.222858914356574 0.387245489819593 0.306092243689748 0.0836733469338774 0.000130005200208008
  1 13 5 0 1000 0.224865502689946 0.384782304353913 0.306083878322434 0.0841383172336553 0.000129997400051999
  1 14 5 0 1000 0.222853314400568 0.381238562843115 0.310340689779307 0.0854374368768937 0.000129996100116996
  1 15 5 0 1000 0.225223513410805 0.382762965777947 0.308328499709983 0.0835650139008341 0.000120007200432026
  1 16 5 0 1000 0.2223333300001 0.381248562543124 0.310280691579253 0.0860074197774067 0.000129996100116996
  1 17 5 0 1000 0.22360223602236 0.381423814238142 0.309873098730987 0.0849708497084971 0.000130001300013
  1 18 5 0 1000 0.22388343300598 0.379082744964698 0.310608636518191 0.0862951777106626 0.000130007800468028
  1 19 5 0 1000 0.22363329100127 0.381158565243043 0.308830735077948 0.0862474125776227 0.000129996100116996
  1 20 5 0 1000 0.221119900791071 0.378684081567341 0.311128001520137 0.0889380044203978 0.000130011701053095
  1 21 5 0 1000 0.218401840184018 0.379407940794079 0.313351335133513 0.0887088708870887 0.00013001300130013
  1 22 5 0 1000 0.217261726172617 0.378277827782778 0.313051305130513 0.0912591259125913 0.00015001500150015
  1 23 5 0 1000 0.216777342187375 0.378010240819266 0.314995199615969 0.0900872069765581 0.000130010400832067
  1 24 5 0 1000 0.216577326186095 0.377780222417793 0.313585086806945 0.0918973517881431 0.000160012801024082
  1 25 5 0 1000 0.217353041182471 0.375832549952997 0.315108906534392 0.0915454927295638 0.000160009600576035
  1 26 5 0 1000 0.214488579543182 0.374144965798632 0.317002680107204 0.094183767350694 0.000180007200288012
  1 27 5 0 1000 0.21398 0.37281 0.31673 0.09629 0.00019
  1 28 5 0 1000 0.215352153521535 0.370513705137051 0.31710317103171 0.0968409684096841 0.000190001900019
  1 29 5 0 1000 0.211719054714924 0.3729135622206 0.318758688281945 0.0964186776809913 0.000190017101539139
  1 30 5 0 1000 0.212550627531377 0.370648532426621 0.31867593379669 0.0979348967448372 0.000190009500475024
  1 31 5 0 1000 0.21288 0.36952 0.32054 0.09687 0.00019
  1 32 5 0 1000 0.211292677560654 0.370962257735464 0.319809188551313 0.0977458647518851 0.000190011400684041
  1 33 5 0 1000 0.209588383535341 0.371344853794152 0.32011280451218 0.0987639505580223 0.000190007600304012
  1 34 5 0 1000 0.212504875341274 0.365135559489164 0.320962467372716 0.101197083795866 0.000200014000980069
  1 35 5 0 1000 0.212151215121512 0.364396439643964 0.322122212221222 0.101130113011301 0.0002000200020002
  1 36 5 0 1000 0.20979097909791 0.365746574657466 0.322202220222022 0.102050205020502 0.00021002100210021
  1 37 5 0 1000 0.209890494524726 0.366948347417371 0.321046052302615 0.101905095254763 0.000210010500525026
  1 38 5 0 1000 0.211489034013061 0.365612905161465 0.320178816093448 0.102499224930244 0.00022001980178216
  1 39 5 0 1000 0.209135096211545 0.368664239708765 0.320788494619354 0.101212145457455 0.000200024002880346
  1 40 5 0 1000 0.208808792791351 0.364232780950286 0.321938974507706 0.104789431048794 0.000230020701863168
  1 41 5 0 1000 0.210236307089213 0.366861005830175 0.320719621588648 0.101983059491785 0.000200006000180005
  1 42 5 0 1000 0.208276248287449 0.367861035831075 0.320549616488495 0.103103093092793 0.000210006300189006
  1 43 5 0 1000 0.211036331089933 0.367421022630679 0.318569557086713 0.102753082592478 0.000220006600198006
  1 44 5 0 1000 0.210816324489735 0.364270928127844 0.321019630588918 0.103663109893297 0.000230006900207006
  1 45 5 0 1000 0.209052543152589 0.367722063323799 0.320639238354301 0.102366141968518 0.000220013200792048
  1 46 5 0 1000 0.20842416848337 0.367887357747155 0.320546410928219 0.102932058641173 0.000210004200084002
  1 47 5 0 1000 0.212821923288493 0.367095064259639 0.318767815172276 0.101125168775316 0.000190028504275641
  1 48 5 0 1000 0.211632697961878 0.366341980518831 0.319299157949477 0.102516150969058 0.000210012600756045
  1 49 5 0 1000 0.21295277716663 0.365591935516131 0.320029201752105 0.10123607416445 0.000190011400684041
  1 50 5 0 1000 0.210714750032502 0.366955686898083 0.319812386867081 0.102317162201354 0.000200014000980069
  1 51 5 0 1000 0.211983917426788 0.364958393342935 0.320391262602016 0.10246639462314 0.000200032005120819
  1 52 5 0 1000 0.211904833338334 0.363795465682598 0.319602372166052 0.10446731271189 0.000230016101127079
  1 53 5 0 1000 0.211884831938236 0.363785464982549 0.319302351164581 0.104797335813507 0.000230016101127079
  1 54 5 0 1000 0.213411341134113 0.367076707670767 0.315491549154916 0.103780378037804 0.00024002400240024
  1 55 5 0 1000 0.21395925633307 0.369493254392895 0.314648318348651 0.101679151123601 0.00022001980178216
  1 56 5 0 1000 0.216245949513942 0.368634236108333 0.313887666519982 0.101032123854863 0.000200024002880346
  1 57 5 0 1000 0.217409566861017 0.370043303897351 0.311988078927103 0.100339030512746 0.00022001980178216
  1 58 5 0 1000 0.215457236578926 0.369329546363709 0.314955196415713 0.100058004640371 0.000200016001280102
  1 59 5 0 1000 0.212162121621216 0.370743707437074 0.315173151731517 0.101691016910169 0.000230002300023
  1 60 5 0 1000 0.215816474494235 0.368101043031291 0.314009420282608 0.101843055291659 0.000230006900207006
  1 61 5 0 1000 0.215379384144573 0.368583172485524 0.314978348051325 0.100849076416878 0.000210018901701153
  1 62 5 0 1000 0.214705029352055 0.370115908113568 0.313911973838169 0.101047073295131 0.000220015401078075
  1 63 5 0 1000 0.214619315738416 0.372153493814443 0.312988168935204 0.100039003510316 0.000200018001620146
  1 64 5 0 1000 0.212558502340094 0.368934757390296 0.315742629705188 0.102534101364055 0.000230009200368015
  1 65 5 0 1000 0.214027859721403 0.3689963100369 0.314556854431456 0.102188978110219 0.000229997700023
  1 66 5 0 1000 0.21486363499985 0.367120383242157 0.314484593305264 0.103291362049825 0.000240026402904319
  1 67 5 0 1000 0.21492 0.36835 0.31384 0.10266 0.00023
  1 68 5 0 1000 0.216026480794424 0.36641099232977 0.313199395981879 0.104123123693711 0.000240007200216006
  1 69 5 0 1000 0.216667333386671 0.372379790383231 0.310464837186975 0.100268021441715 0.000220017601408113
  1 70 5 0 1000 0.21142422848457 0.369417388347767 0.315626312526251 0.103302066041321 0.000230004600092002
  1 71 5 0 1000 0.214845039152741 0.370855959917194 0.313621953536748 0.100477033392337 0.000200014000980069
  1 72 5 0 1000 0.21169 0.37219 0.31495 0.10095 0.00022
  1 73 5 0 1000 0.212700635031752 0.371198559927996 0.314765738286914 0.101105055252763 0.000230011500575029
  1 74 5 0 1000 0.215335840300836 0.367154058487018 0.315837900548066 0.101462175461055 0.000210025203024363
  1 75 5 0 1000 0.213177054164333 0.371409712777022 0.315025202016161 0.100168013441075 0.000220017601408113
  1 76 5 0 1000 0.213157052564205 0.368869509560765 0.315655252420194 0.102088167053364 0.000230018401472118
  1 77 5 0 1000 0.21426642799284 0.366921007630229 0.315569467084013 0.103013090392712 0.000230006900207006
  1 78 5 0 1000 0.212550627531377 0.368008400420021 0.315485774288714 0.103715185759288 0.00024001200060003
  1 79 5 0 1000 0.215297223777902 0.36815945275622 0.314875190015201 0.101468117449396 0.000200016001280102
  1 80 5 0 1000 0.213754275085502 0.369547390947819 0.315246304926099 0.101252025040501 0.000200004000080002
  1 81 5 0 1000 0.212012720763246 0.369112146728804 0.316699001940116 0.101946116767006 0.00023001380082805
  1 1 6 0 1000 0 0.187567502700108 0.432767310692428 0.357954318172727 0.0217108684347374
  1 2 6 0 1000 0 0.188143170021902 0.430450131509206 0.359695178662506 0.0217115198063864
  1 3 6 0 1000 0 0.189615169213537 0.429954396351708 0.358708696695736 0.0217217377390191
  1 4 6 0 1000 0 0.188279413970699 0.429851492574629 0.360198009900495 0.0216710835541777
  1 5 6 0 1000 0 0.189297571902876 0.429027161086443 0.359624384975399 0.0220508820352814
  1 6 6 0 1000 0 0.189009450472524 0.426671333566678 0.36166808340417 0.0226511325566278
  1 7 6 0 1000 0 0.187876908921803 0.423958156234061 0.364982848456361 0.0231820863877749
  1 8 6 0 1000 0 0.188322014742506 0.422251782803077 0.365762179570527 0.0236640228838903
  1 9 6 0 1000 0 0.188797551902076 0.421616864674587 0.365474618984759 0.0241109644385775
  1 10 6 0 1000 0 0.187753755075102 0.423008460169203 0.365087301746035 0.0241504830096602
  1 11 6 0 1000 0 0.184372124654959 0.423610833299996 0.367334080089611 0.0246829619554347
  1 12 6 0 1000 0 0.185272589096436 0.422513099476021 0.367655293788248 0.0245590176392944
  1 13 6 0 1000 0 0.187883757675154 0.419238384767695 0.368137362747255 0.0247404948098962
  1 14 6 0 1000 0 0.184809240462023 0.421831091554578 0.368568428421421 0.0247912395619781
  1 15 6 0 1000 0 0.185105553166595 0.424162724881746 0.366040981229437 0.0246907407222217
  1 16 6 0 1000 0 0.18519 0.41879 0.37088 0.02514
  1 17 6 0 1000 0 0.197965735545621 0.413593767189735 0.363867302749357 0.024573194515287
  1 18 6 0 1000 0 0.210300515025751 0.412490624531227 0.353217660883044 0.023991199559978
  1 19 6 0 1000 0 0.216664333286666 0.415978319566391 0.343776875537511 0.0235804716094322
  1 20 6 0 1000 0 0.223626835220226 0.42113053566428 0.332709925191023 0.0225327039244709
  1 21 6 0 1000 0 0.23061383683021 0.431215872952377 0.317119027141628 0.0210512630757845
  1 22 6 0 1000 0 0.23366869349548 0.43742499399952 0.308794703576286 0.0201116089287143
  1 23 6 0 1000 0 0.236828946315705 0.443555484438755 0.300504040323226 0.0191115289223138
  1 24 6 0 1000 0 0.240722036101805 0.447572378618931 0.293534676733837 0.0181709085454273
  1 25 6 0 1000 0 0.242408481696339 0.451130226045209 0.289087817563513 0.017373474694939
  1 26 6 0 1000 0 0.245624387414238 0.453803532494549 0.284149780969336 0.0164222991218771
  1 27 6 0 1000 0 0.244371993479413 0.455490994189477 0.284125571301417 0.0160114410296927
  1 28 6 0 1000 0 0.246594931898638 0.458209164183284 0.279805596111922 0.0153903078061561
  1 29 6 0 1000 0 0.246012300615031 0.462243112155608 0.27700385019251 0.0147407370368518
  1 30 6 0 1000 0 0.24806736471553 0.461082275759303 0.276229336053524 0.014621023471643
  1 31 6 0 1000 0 0.247864615630814 0.465753835690424 0.272178992218599 0.0142025564601628
  1 32 6 0 1000 0 0.249479937592511 0.460545265431852 0.275653078369404 0.0143217186062327
  1 33 6 0 1000 0 0.25037503750375 0.460836083608361 0.274657465746575 0.0141314131413141
  1 34 6 0 1000 0 0.253655219313159 0.460447626857611 0.271906314378863 0.013990839450367
  1 35 6 0 1000 0 0.255508105891648 0.462570882797108 0.268219504145456 0.0137015071657882
  1 36 6 0 1000 0 0.256605132102642 0.46609932198644 0.26412528250565 0.0131702634052681
  1 37 6 0 1000 0 0.253122905977777 0.467210737395861 0.266414633902407 0.0132517227239541
  1 38 6 0 1000 0 0.250662480125596 0.472435826925192 0.263902082937512 0.0129996100116996
  1 39 6 0 1000 0 0.249604992099842 0.47009940198804 0.267005340106802 0.0132902658053161
  1 40 6 0 1000 0 0.247684768476848 0.47002700270027 0.269126912691269 0.0131613161316132
  1 41 6 0 1000 0 0.252462426127216 0.464826055218343 0.269461916142516 0.0132496025119246
  1 42 6 0 1000 0 0.244846933162648 0.468061486763544 0.273420076208383 0.0136715038654252
  1 43 6 0 1000 0 0.240031204056527 0.470481162551132 0.275835858661626 0.013651774730715
  1 44 6 0 1000 0 0.225261536615126 0.475796611525614 0.284699857980117 0.0142419938791431
  1 45 6 0 1000 0 0.22680948523308 0.466450638583016 0.291917949333413 0.0148219268504906
  1 46 6 0 1000 0 0.225756120979357 0.457973275724116 0.300848135701712 0.0154224675948152
  1 47 6 0 1000 0 0.223435640494835 0.456811976838379 0.304081285689998 0.0156710969767884
  1 48 6 0 1000 0 0.22021 0.45359 0.3099 0.0163
  1 49 6 0 1000 0 0.21945 0.45232 0.31168 0.01655
  1 50 6 0 1000 0 0.220919882789451 0.452060685461692 0.31046794211479 0.0165514896340671
  1 51 6 0 1000 0 0.212257877421226 0.457745422545775 0.312976870231298 0.017019829801702
  1 52 6 0 1000 0 0.201682016820168 0.465214652146521 0.315473154731547 0.017630176301763
  1 53 6 0 1000 0 0.20030402128149 0.453441740921865 0.327392917504225 0.0188613202924205
  1 54 6 0 1000 0 0.21047579048419 0.440271194576108 0.330393392132157 0.0188596228075439
  1 55 6 0 1000 0 0.209568382735309 0.439897595903836 0.331223248929957 0.0193107724308972
  1 56 6 0 1000 0 0.209206736538923 0.438065045203616 0.332846627730218 0.0198815905272422
  1 57 6 0 1000 0 0.210246307389222 0.437763132893987 0.33189995699871 0.0200906027180815
  1 58 6 0 1000 0 0.209727902720973 0.43669563304367 0.333116668833312 0.020459795402046
  1 59 6 0 1000 0 0.208772965026153 0.436898058786467 0.333676704437488 0.0206522717498925
  1 60 6 0 1000 0 0.212123333566692 0.438078188600746 0.329636259988599 0.0201622178439628
  1 61 6 0 1000 0 0.212237590886815 0.441937451868743 0.326122395911468 0.0197025613329733
  1 62 6 0 1000 0 0.212313354468992 0.441648581343948 0.326375901349148 0.0196621628379122
  1 63 6 0 1000 0 0.211434228684574 0.440418808376168 0.328306566131323 0.0198403968079362
  1 64 6 0 1000 0 0.206968627176446 0.441789761078497 0.331199807982718 0.0200418037623386
  1 65 6 0 1000 0 0.209255110613274 0.440302836340361 0.330349641957035 0.0200924110893307
  1 66 6 0 1000 0 0.20872417448349 0.440678813576272 0.330396607932159 0.0202004040080802
  1 67 6 0 1000 0 0.199305944475558 0.450226018081447 0.330146411712937 0.0203216257300584
  1 68 6 0 1000 0 0.202036264714413 0.443857701501195 0.333343334633502 0.0207626991508896
  1 69 6 0 1000 0 0.212385486258351 0.433432011841421 0.333650038004561 0.0205324638956675
  1 70 6 0 1000 0 0.215737258980718 0.432414593167453 0.331456516521322 0.0203916313305064
  1 71 6 0 1000 0 0.216711671167117 0.435243524352435 0.327852785278528 0.0201920192019202
  1 72 6 0 1000 0 0.217828317681299 0.437216838188965 0.324862232090172 0.0200926120395651
  1 73 6 0 1000 0 0.219079717174546 0.438889500055005 0.322218999709974 0.0198117830604754
  1 74 6 0 1000 0 0.2176665299959 0.441783253497605 0.320939628188846 0.0196105883176495
  1 75 6 0 1000 0 0.220377796222038 0.443615563844362 0.317046829531705 0.018959810401896
  1 76 6 0 1000 0 0.219689772079487 0.445710113910252 0.315738416457481 0.0188616975527797
  1 77 6 0 1000 0 0.218441844184418 0.446324632463246 0.316391639163916 0.0188418841884188
  1 78 6 0 1000 0 0.21912561748765 0.448041039179216 0.314213715725685 0.0186196276074479
  1 79 6 0 1000 0 0.22091883675347 0.448077923116925 0.312852514100564 0.0181507260290412
  1 80 6 0 1000 0 0.215939434549109 0.449680471242412 0.315868428158534 0.0185116660499445
  1 81 6 0 1000 0 0.219823189391363 0.446096765805948 0.315718943136588 0.0183611016661
  1 1 7 0 1000 0.000160060823112783 0.893239430983774 0.0536403833456714 0.0492687221144035 0.00369140273303855
  1 2 7 0 1000 0.00707226312419974 0.917223511523688 0.0357314340588989 0.0371518886043534 0.00282090268886044
  1 3 7 0 1000 0.11265943080078 0.837723203121092 0.0235382383834342 0.0243185114790177 0.00176061621567549
  1 4 7 0 1000 0.060688813532195 0.881533275315348 0.0297792315617842 0.0259280376916844 0.00207064189898869
  1 5 7 0 1000 0.0110529843057626 0.917197643363708 0.0367199143768818 0.0323587368589519 0.00267072109469557
  1 6 7 0 1000 0.0185374149659864 0.912785114045618 0.0346038415366146 0.0317727090836335 0.00230092036814726
  1 7 7 0 1000 0.00707261686824125 0.91705931194542 0.0371537468863479 0.0360133249302242 0.00270099936976681
  1 8 7 0 1000 0.00154040050413107 0.911627023025987 0.0418508812291196 0.0415808110108628 0.00340088422989977
  1 9 7 0 1000 0.0021308310240994 0.913476255739738 0.0390452276387791 0.0418363161633037 0.00351136943407929
  1 10 7 0 1000 0.00216045369527601 0.914191980315866 0.0396883345502556 0.0407685613978936 0.00319067004070855
  1 11 7 0 1000 0.000110024205325172 0.893636600052011 0.0502810618336034 0.0515713456960531 0.00440096821300686
  1 12 7 0 1000 0.0716657664686231 0.873302126467823 0.0247354417971954 0.027896137150173 0.00240052811618556
  1 13 7 0 1000 0.0101334453714263 0.916871736390373 0.0356621251225417 0.0344217033791489 0.00291098973651041
  1 14 7 0 1000 0.145475280606631 0.805976270982974 0.0243092375102539 0.0222784658170105 0.00196074508313159
  1 15 7 0 1000 0.0601134442432549 0.881913946439111 0.0303118216104281 0.0256800152059303 0.0019807725012755
  1 16 7 0 1000 0.00928297055057619 0.920954705505762 0.0394826344430218 0.0283790813060179 0.00190060819462228
  1 17 7 0 1000 0.00631183043082494 0.92818917486071 0.0391013393884226 0.0254273739384421 0.000970281381600664
  1 18 7 0 1000 0.00101029298496564 0.921947364735773 0.0462734192915946 0.0300087025237319 0.000760220463934541
  1 19 7 0 1000 0.000310093027908372 0.918575572671802 0.0475042512753826 0.0329198759627888 0.000690207062118636
  1 20 7 0 1000 0 0.734848409070449 0.197133225971012 0.0666479949586388 0.00137036999989997
  1 21 7 0 1000 0.00227034055108266 0.925758863829574 0.0371455718357754 0.0342051307696154 0.000620093013952093
  1 22 7 0 1000 0 0.870874504940593 0.0745789494739369 0.053266391967036 0.00128015361843421
  1 23 7 0 1000 0 0.683616723344669 0.233406681336267 0.0810562112422484 0.00192038407681536
  1 24 7 0 1000 0 0.858120205243101 0.073645465547765 0.0665539763350304 0.00168035287410356
  1 25 7 0 1000 2.00048011522765e-05 0.90483716091862 0.0438105145234856 0.0498319596703209 0.00150036008642074
  1 26 7 0 1000 0 0.784902792223378 0.143011440915273 0.0699155932474598 0.00217017361388911
  1 27 7 0 1000 0.000180039608713917 0.915371381703975 0.040478905359179 0.0427794114705235 0.00119026185760867
  1 28 7 0 1000 0 0.792130111226694 0.139043370408898 0.0668160358486037 0.00201048251580379
  1 29 7 0 1000 0 0.874293658175563 0.0660985928170662 0.0581575604828628 0.00145018852450819
  1 30 7 0 1000 0 0.863284884011724 0.0747246591375154 0.0603299088699271 0.00166054798083368
  1 31 7 0 1000 0.000150027004860875 0.919895581204617 0.0367766197915625 0.0419275469584525 0.00125022504050729
  1 32 7 0 1000 0.00103016482637222 0.929838774203873 0.0357257161145783 0.0323551768282925 0.0010501680268843
  1 33 7 0 1000 0 0.873537236702607 0.0742733692064572 0.0506591186413554 0.00153027544958092
  1 34 7 0 1000 1.00008000640051e-05 0.896821745739659 0.0540143211456917 0.0479038323065845 0.00125010000800064
  1 35 7 0 1000 0.00395043454780026 0.934422786506516 0.0317134884837332 0.0291632079528748 0.000750082509075998
  1 36 7 0 1000 0 0.876450232037126 0.0734417506801088 0.0487077932469195 0.00140022403584574
  1 37 7 0 1000 0 0.881779262608278 0.065827115049913 0.0511733050593154 0.00122031728249345
  1 38 7 0 1000 5.00100020004001e-05 0.913482696539308 0.0430386077215443 0.042368473694739 0.00106021204240848
  1 39 7 0 1000 0 0.873828550853645 0.07184221317624 0.0528189792264685 0.00151025674364642
  1 40 7 0 1000 0 0.850837625643847 0.0873531029654448 0.0602390358553783 0.0015702355353303
  1 41 7 0 1000 0 0.861658181381718 0.0736169318943357 0.0627344289186513 0.00199045780529522
  1 42 7 0 1000 0 0.886501625406352 0.051392848212053 0.0594748687171793 0.0026306576644161
  1 43 7 0 1000 0.000360057609217475 0.920677308369339 0.0338754200672108 0.0425468074891983 0.00254040646503441
  1 44 7 0 1000 0.00332046486508111 0.929390114616046 0.0314043966155262 0.0337747284619847 0.00211029544136179
  1 45 7 0 1000 0.00401032082566605 0.928584286742939 0.0333826706136491 0.0320025602048164 0.00202016161292903
  1 46 7 0 1000 9.0016202916525e-05 0.902302414434598 0.0496089296073293 0.0451981356644196 0.00280050409073633
  1 47 7 0 1000 0.000100021004410926 0.903619760149631 0.0462897208413767 0.0471999119815161 0.00279058602306484
  1 48 7 0 1000 0 0.829772763642183 0.0946351416226596 0.0714614338294127 0.00413066090574492
  1 49 7 0 1000 1.00019003610686e-05 0.890129124533661 0.048119142637101 0.0582910753043078 0.00345065562456867
  1 50 7 0 1000 0.00333106594110115 0.929047295134443 0.0292693661971831 0.0360515364916773 0.00230073623559539
  1 51 7 0 1000 0.000300114043336468 0.913377083291651 0.0419059242512155 0.0415257797963226 0.00289109861747464
  1 52 7 0 1000 0 0.858431686337267 0.0748349669933987 0.0625225045009002 0.00421084216843369
  1 53 7 0 1000 2.0006602178719e-05 0.90020706833255 0.0437944521692158 0.0528474396550862 0.00313103324096952
  1 54 7 0 1000 7.00112017922868e-05 0.90713514162266 0.0400864138262122 0.0495179228676588 0.00319051048167707
  1 55 7 0 1000 0.000110041815890038 0.910586022688622 0.0409455593125388 0.0453772433524739 0.00298113283047558
  1 56 7 0 1000 0.000370092523130783 0.914578644661165 0.0393398349587397 0.0428107026756689 0.00290072518129532
  1 57 7 0 1000 0.000660132026405281 0.920824164832967 0.0361572314462893 0.039747949589918 0.00261052210442088
  1 58 7 0 1000 0.00395114583229136 0.928239189364916 0.0326694741475028 0.033089595982835 0.00205059467245501
  1 59 7 0 1000 0.000620192259600476 0.916824215506807 0.0400024007442307 0.0397823325230822 0.00277085896627955
  1 60 7 0 1000 0.000410114832153003 0.913645820829832 0.0417616932741168 0.0415816428600008 0.00260072820389709
  1 61 7 0 1000 0.00426106526631658 0.928662165541385 0.0314278569642411 0.0334183545886472 0.00223055763940985
  1 62 7 0 1000 1.00030009002701e-05 0.888816644993498 0.0563969190757227 0.051555466639992 0.00322096628988697
  1 63 7 0 1000 0.000150028505416029 0.905171982676709 0.0433582380652324 0.0481391464378232 0.00318060431481982
  1 64 7 0 1000 0.00187033666059891 0.925876657798404 0.033095957272309 0.0367766197915625 0.00238042847712588
  1 65 7 0 1000 2.00028003920549e-05 0.896815554177585 0.0501070149820975 0.0496969575740604 0.00336047046586522
  1 66 7 0 1000 0.000860249472346981 0.92127717037941 0.036370547458763 0.0390613277850577 0.00243070490442228
  1 67 7 0 1000 0.00103037093353607 0.921281661398103 0.038473850586211 0.0371533752150774 0.00206074186707215
  1 68 7 0 1000 0 0.84991747111489 0.0850597709198219 0.0617516130645726 0.00327114490071525
  1 69 7 0 1000 0 0.839636323627962 0.0879284649776453 0.069104511947509 0.00333069944688385
  1 70 7 0 1000 0.000160051216389245 0.915733034571063 0.0359915172855314 0.0459246959026889 0.00219070102432778
  1 71 7 0 1000 0.00112023524940237 0.926154492443413 0.0339571309975095 0.0367877254223387 0.00198041588733634
  1 72 7 0 1000 0 0.883672081299512 0.0611446747219333 0.0523625670160839 0.00282067696247099
  1 73 7 0 1000 0.00147032347116366 0.926573846246174 0.0342275300566125 0.0360379283442357 0.001690371881814
  1 74 7 0 1000 0.00111043306889687 0.924400516201318 0.0380448374866198 0.0348335850981883 0.00161062814497654
  1 75 7 0 1000 0.000100034011563932 0.908578916831723 0.0472960806674269 0.0419742712522258 0.0020506972370606
  1 76 7 0 1000 0.00274035624631202 0.929470831208057 0.0330342944582796 0.033244321761829 0.00151019632552232
  1 77 7 0 1000 0 0.864623448331049 0.0735498584617847 0.0589759234993448 0.00285076970782111
  1 78 7 0 1000 6.0013202904639e-05 0.906599451879413 0.0422993058472864 0.0487807317609874 0.00226049730940807
  1 79 7 0 1000 0.000810162032406481 0.920964192838568 0.036877375475095 0.0394078815763153 0.00194038807761552
  1 80 7 0 1000 0 0.864785661419055 0.0731331639695145 0.058980616510972 0.00310055810045808
  1 81 7 0 1000 0.00214044949439382 0.928895067964272 0.0312265575770912 0.0359775552866102 0.0017603696776323
  1 1 8 0 1000 0.000550038502695189 0.319942395967718 0.519076335343474 0.160251217585231 0.000180012600882062
  1 2 8 0 1000 0.000790086909560052 0.337727149986498 0.532718599045895 0.128644150856594 0.00012001320145216
  1 3 8 0 1000 0 0.292694146117078 0.596418071638567 0.110817783644327 6.99986000279994e-05
  1 4 8 0 1000 0 0.187245617368521 0.68290048701461 0.129753892616778 0.000100003000090003
  1 5 8 0 1000 0.0421050526063128 0.212305476657199 0.594201304156499 0.151128135376245 0.000260031203744449
  1 6 8 0 1000 0.55255105102102 0.0924318486369727 0.26887537750755 0.0859417188343767 0.000200004000080002
  1 7 8 0 1000 0.00984980300393992 0.750114997700046 0.159706805863883 0.0800783984320314 0.000249995000099998
  1 8 8 0 1000 0.000210010500525026 0.772748637431872 0.15798789939497 0.0687634381719086 0.000290014500725036
  1 9 8 0 1000 0 0.555461109222184 0.393237864757295 0.0510610212204244 0.000240004800096002
  1 10 8 0 1000 0 0.231707804936592 0.722936752410289 0.0450854102492299 0.000270032403888467
  1 11 8 0 1000 0 0.0682427297091884 0.864354574182967 0.0672026881075243 0.000200008000320013
  1 12 8 0 1000 0.016360654426177 0.0922036881475259 0.7459998399936 0.145245809832393 0.000190007600304012
  1 13 8 0 1000 0.0113509080726458 0.188265061204896 0.598087847027762 0.202036162893031 0.000260020801664133
  1 14 8 0 1000 0.000100003000090003 0.237157114713441 0.538526155784674 0.223856715701471 0.00036001080032401
  1 15 8 0 1000 0.0895934390158524 0.323368505275791 0.426754013101965 0.16008401260189 0.000200030004500675
  1 16 8 0 1000 2.00004000080002e-05 0.406538130762615 0.450639012780256 0.142562851257025 0.000240004800096002
  1 17 8 0 1000 0.000110006600396024 0.424035442126528 0.468078084685081 0.107606456387383 0.000170010200612037
  1 18 8 0 1000 0.0018601116066964 0.395973758425506 0.531801908114487 0.0702342140528432 0.000130007800468028
  1 19 8 0 1000 0 0.331329879792788 0.59300558033482 0.0754845290717443 0.000180010800648039
  1 20 8 0 1000 0 0.2001800180018 0.698399839983998 0.101220122012201 0.0002000200020002
  1 21 8 0 1000 0.271712605512662 0.05668680241629 0.571298555826699 0.100092011041325 0.000210025203024363
  1 22 8 0 1000 0.777476648598916 0.018681120867252 0.170010200612037 0.0337720263215793 6.0003600216013e-05
  1 23 8 0 1000 0.406248437390617 0.515666096626764 0.0594741631914234 0.0185813006910484 3.00021001470103e-05
  1 24 8 0 1000 0.000110015402156302 0.931860460464465 0.0534574840477667 0.0145420358850239 3.00042005880823e-05
  1 25 8 0 1000 0.0212206366190986 0.805764172925188 0.166314989449683 0.00669020070602118 1.00003000090003e-05
  1 26 8 0 1000 0 0.53436481107355 0.459634348808833 0.00600084011761647 0
  1 27 8 0 1000 0 0.275789305251368 0.709799685978018 0.0144110087706139 0
  1 28 8 0 1000 0.0674247197303811 0.140829858090066 0.743732061244287 0.0480133609352655 0
  1 29 8 0 1000 0.00404028281979739 0.26913883971878 0.631784224895743 0.0949966497654836 4.00028001960137e-05
  1 30 8 0 1000 0.00110006600396024 0.393663619817189 0.484729083745025 0.120457227433646 5.00030001800108e-05
  1 31 8 0 1000 9.99980000399992e-06 0.389982200355993 0.460970780584388 0.148807023859523 0.000229995400091998
  1 32 8 0 1000 0.161791617916179 0.366123661236612 0.39640396403964 0.0756107561075611 7.00007000070001e-05
  1 33 8 0 1000 0.000870069605568445 0.557454596367709 0.381360508840707 0.0602748219857589 4.00032002560205e-05
  1 34 8 0 1000 1.00002000040001e-05 0.555641112822256 0.377747554951099 0.0665413308266165 6.00012000240005e-05
  1 35 8 0 1000 1.000100010001e-05 0.410901090109011 0.52992299229923 0.0591059105910591 6.000600060006e-05
  1 36 8 0 1000 0.00169013521081687 0.386780942475398 0.568215457236579 0.0432634610768862 5.00040003200256e-05
  1 37 8 0 1000 0.194603892077842 0.44809896197924 0.326536530730615 0.0307306146122922 3.00006000120002e-05
  1 38 8 0 1000 0.00022002640316838 0.69346321558587 0.257860943313198 0.0484058086970436 5.00060007200864e-05
  1 39 8 0 1000 0.00149007450372519 0.696844842242112 0.262953147657383 0.0386619330966548 5.00025001250062e-05
  1 40 8 0 1000 2.00018001620146e-05 0.531557840205618 0.439599563960756 0.028782590433139 4.00036003240292e-05
  1 41 8 0 1000 0 0.351364595521687 0.614293000510036 0.0342924004680328 5.00035002450172e-05
  1 42 8 0 1000 0.000800112015682196 0.272968215550177 0.669013661912668 0.0571580021202968 6.00084011761647e-05
  1 43 8 0 1000 9.99990000099999e-06 0.242317576824232 0.651373486265137 0.106218937810622 7.99992000079999e-05
  1 44 8 0 1000 0.00226011300565028 0.300875043752188 0.577118855942797 0.119645982299115 0.000100005000250012
  1 45 8 0 1000 0.000269989200431983 0.327666893324267 0.52996880124795 0.141934322627095 0.00015999360025599
  1 46 8 0 1000 0.003970039700397 0.417794177941779 0.45120451204512 0.126811268112681 0.000220002200022
  1 47 8 0 1000 1.00004000160006e-05 0.384495379815193 0.476099043961758 0.139095563822553 0.000300012000480019
  1 48 8 0 1000 1.00011001210133e-05 0.324155657122283 0.523607596835652 0.151756693236256 0.000470051705687626
  1 49 8 0 1000 0.669063453172659 0.0439521976098805 0.231781589079454 0.0550527526376319 0.000150007500375019
  1 50 8 0 1000 0.00092011041324959 0.767542105052606 0.178611433372005 0.0527363283594031 0.000190022802736328
  1 51 8 0 1000 0 0.67886394319716 0.266163308165408 0.0547227361368068 0.000250012500625031
  1 52 8 0 1000 0 0.260543027151358 0.67866393319666 0.0604130206510326 0.000380019000950047
  1 53 8 0 1000 0 0.0510940875270022 0.885730858468677 0.0628450276022082 0.000330026402112169
  1 54 8 0 1000 0.000120002400048001 0.0491409828196564 0.793515870317406 0.156723134462689 0.000500010000200004
  1 55 8 0 1000 0.35363475443281 0.0127908953626754 0.424059684177892 0.208894622623584 0.000620043403038213
  1 56 8 0 1000 0.000329993400131997 0.404621907561849 0.387532249355013 0.206865862682746 0.000649987000259995
  1 57 8 0 1000 0 0.363969117529402 0.431204496359709 0.204186334906793 0.000640051204096328
  1 58 8 0 1000 1.00003000090003e-05 0.192945788373651 0.595107853235597 0.211136334090023 0.000800024000720022
  1 59 8 0 1000 0.216060803040152 0.135676783839192 0.491934596729836 0.155777788889444 0.000550027501375069
  1 60 8 0 1000 0.000280002800028 0.405974059740597 0.407684076840768 0.185211852118521 0.000850008500085001
  1 61 8 0 1000 0.590809540477024 0.148327416370819 0.169098454922746 0.0913245662283114 0.000440022001100055
  1 62 8 0 1000 0.00014000840050403 0.718473108386503 0.19599175950557 0.0847050823049383 0.000690041402484149
  1 63 8 0 1000 0 0.540572434346061 0.385613136788207 0.0730543832629958 0.000760045602736164
  1 64 8 0 1000 0 0.176474117929434 0.750590047203776 0.0719257540603248 0.00101008080646452
  1 65 8 0 1000 0 0.0600566062266849 0.842682695096461 0.0962605886647531 0.00100011001210133
  1 66 8 0 1000 0.107149643467912 0.0641357722194998 0.648558370253323 0.178926103349301 0.0012301107099639
  1 67 8 0 1000 0.000439995600044 0.213147868521315 0.50980490195098 0.275037249627504 0.001569984300157
  1 68 8 0 1000 0.00306006120122402 0.28772575451509 0.476489529790596 0.23132462649253 0.00140002800056001
  1 69 8 0 1000 0 0.241569325546044 0.539433154652372 0.218107448595888 0.000890071205696456
  1 70 8 0 1000 0.000130011701053095 0.228390555149964 0.564500805072456 0.206198557870208 0.000780070206318569
  1 71 8 0 1000 0.3163126525061 0.179647185887436 0.37347493899756 0.130085203408136 0.000480019200768031
  1 72 8 0 1000 0.0532694673053269 0.626643733562664 0.213247867521325 0.106228937710623 0.000609993900060999
  1 73 8 0 1000 0.31941277651106 0.550782031281251 0.0851634065362614 0.0443617744709788 0.000280011200448018
  1 74 8 0 1000 0.00198021782396064 0.878496634629809 0.0876296392603186 0.0316134774825231 0.000280030803388373
  1 75 8 0 1000 0 0.777780000200018 0.20144813033173 0.020561850566551 0.000210018901701153
  1 76 8 0 1000 0 0.365105395784169 0.615505379784809 0.0191392344306228 0.000249990000399984
  1 77 8 0 1000 0 0.129134204762524 0.839382332056526 0.0311734290771985 0.000310034103751413
  1 78 8 0 1000 1.0000100001e-05 0.114911149111491 0.792207922079221 0.0926109261092611 0.000260002600026
  1 79 8 0 1000 0 0.101310131013101 0.67021702170217 0.228052805280528 0.00042004200420042
  1 80 8 0 1000 0.00026 0.12375 0.60777 0.26762 6e-04
  1 81 8 0 1000 0.000250020001600128 0.171773741899352 0.591737338987119 0.235888871109689 0.000350028002240179
  1 1 9 0 1000 0 0.000329990100296991 0.345269641910743 0.635270941871744 0.0191294261172165
  1 2 9 0 1000 0 0.000290008700261008 0.330519915597468 0.650759522785684 0.0184305529165875
  1 3 9 0 1000 0 0.000690006900069001 0.371923719237192 0.609906099060991 0.017480174801748
  1 4 9 0 1000 0 0.000400072012962333 0.350573103158569 0.629463303394611 0.0195635214338581
  1 5 9 0 1000 0 0.000629993700062999 0.375856241437586 0.603623963760362 0.019889801101989
  1 6 9 0 1000 0 0.000750007500075001 0.409514095140951 0.571015710157102 0.018720187201872
  1 7 9 0 1000 0 0.000470032902303161 0.392927504925345 0.588391187383117 0.0182112747892352
  1 8 9 0 1000 0 0.000560039202744192 0.400528036962587 0.583180822657586 0.0157311011770824
  1 9 9 0 1000 0 0.000389988300350989 0.371778846634601 0.61131166065018 0.0165195044148676
  1 10 9 0 1000 0 0.000320009600288009 0.349990499714991 0.633799013970419 0.0158904767143014
  1 11 9 0 1000 0 0.000490014700441013 0.347910437313119 0.633599007970239 0.0180005400162005
  1 12 9 0 1000 0 0.000570051304617416 0.358672280505245 0.620955886029743 0.0198017821603944
  1 13 9 0 1000 0 0.000510045904131372 0.368073126581392 0.61268514166275 0.0187316858517267
  1 14 9 0 1000 0 0.000389996100039 0.344456555434446 0.633513664863351 0.021639783602164
  1 15 9 0 1000 0 0.000610018300549016 0.370591117733532 0.608168245047351 0.0206306189185676
  1 16 9 0 1000 0 0.000530042403392271 0.385260820865669 0.596447715817265 0.0177614209136731
  1 17 9 0 1000 0 0.00045004500450045 0.372427242724272 0.609090909090909 0.018031803180318
  1 18 9 0 1000 0 0.000380015200608024 0.357904316172647 0.62472498899956 0.0169906796271851
  1 19 9 0 1000 0 0.00046004600460046 0.355605560556056 0.626362636263626 0.0175717571757176
  1 20 9 0 1000 0 0.000580040602842199 0.365685597991859 0.614443011010771 0.0192913503945276
  1 21 9 0 1000 0 0.000450013500405012 0.357070712121364 0.622448673460204 0.0200306009180275
  1 22 9 0 1000 0 0.000600048003840307 0.376170093607489 0.604808384670774 0.0184214737178974
  1 23 9 0 1000 0 0.000480019200768031 0.37177487099484 0.609484379375175 0.0182607304292172
  1 24 9 0 1000 0 0.000570045603648292 0.376360108808705 0.604008320665653 0.0190615249219938
  1 25 9 0 1000 0 0.00045004500450045 0.373717371737174 0.607910791079108 0.0179217921792179
  1 26 9 0 1000 0 0.000520041603328266 0.378030242419394 0.604558364669174 0.0168913513081046
  1 27 9 0 1000 0 0.000470061107944033 0.372878474201646 0.60987928430696 0.0167721803834498
  1 28 9 0 1000 0 0.000490019600784031 0.367114684587383 0.614084563382535 0.0183107324292972
  1 29 9 0 1000 0 0.000460073611777884 0.360947751640262 0.61966914706353 0.0189230276844295
  1 30 9 0 1000 0 0.000640051204096328 0.387420993679494 0.594477558204656 0.0174613969117529
  1 31 9 0 1000 0 0.000400056007841098 0.366241273778329 0.614896085451963 0.0184625847618667
  1 32 9 0 1000 0 0.000390019500975049 0.352807640382019 0.628241412070604 0.0185609280464023
  1 33 9 0 1000 0 0.00037 0.34044 0.63949 0.0197
  1 34 9 0 1000 0 0.000580034802088125 0.365111906714403 0.615746944816689 0.01856111366682
  1 35 9 0 1000 0 0.000400012000360011 0.35010050301509 0.629938898166945 0.0195605868176045
  1 36 9 0 1000 0 0.000380019000950047 0.340977048852443 0.63869193459673 0.0199509975498775
  1 37 9 0 1000 0 0.000400036003240292 0.337780400236021 0.641317718594674 0.0205018451660649
  1 38 9 0 1000 0 0.000630081910648384 0.368267874823727 0.611239461129947 0.0198625821356776
  1 39 9 0 1000 0 0.000500020000800032 0.367344693787752 0.611834473378935 0.0203208128325133
  1 40 9 0 1000 0 0.000540016200486015 0.385931577947338 0.596237887136614 0.0172905187155615
  1 41 9 0 1000 0 0.000650052004160333 0.400092007360589 0.582836626930154 0.0164213137050964
  1 42 9 0 1000 0 0.000360039604356479 0.366590324935743 0.615237676144376 0.0178119593155247
  1 43 9 0 1000 0 0.000390007800156003 0.349906998139963 0.630532610652213 0.0191703834076682
  1 44 9 0 1000 0 0.000460023001150057 0.35716785839292 0.624611230561528 0.0177608880444022
  1 45 9 0 1000 0 0.000360003600036 0.339243392433924 0.641816418164182 0.018580185801858
  1 46 9 0 1000 0 0.000400012000360011 0.33410002300069 0.645439363180895 0.0200606018180545
  1 47 9 0 1000 0 0.000650052004160333 0.364229138331066 0.614409152732219 0.0207116569325546
  1 48 9 0 1000 0 0.000500025001250063 0.375258762938147 0.604970248512426 0.0192709635481774
  1 49 9 0 1000 0 0.000620037202232134 0.385443126587595 0.594815688941337 0.0191211472688361
  1 50 9 0 1000 0 0.000430021501075054 0.374298714935747 0.606440322016101 0.0188309415470774
  1 51 9 0 1000 0 0.000440013200396012 0.374201226036781 0.608838265147954 0.0165204956148684
  1 52 9 0 1000 0 0.00048004800480048 0.36952695269527 0.612641264126413 0.0173517351735174
  1 53 9 0 1000 0 0.00074 0.40189 0.58093 0.01644
  1 54 9 0 1000 0 0.000520020800832033 0.396975879035161 0.586703468138726 0.015800632025281
  1 55 9 0 1000 0 0.000459986200413988 0.373658790236293 0.608161755147346 0.0177194684159475
  1 56 9 0 1000 0 0.000450040503645328 0.362322609034813 0.61794561510536 0.0192817353561821
  1 57 9 0 1000 0 0.000420012600378011 0.356230686920608 0.624768743062292 0.0185805574167225
  1 58 9 0 1000 0 0.0004000400040004 0.34963496349635 0.630893089308931 0.0190719071907191
  1 59 9 0 1000 0 0.000450058507605989 0.355376198905858 0.626101393181114 0.0180723494054227
  1 60 9 0 1000 0 0.000350028002240179 0.337887030962477 0.642461396911753 0.0193015441235299
  1 61 9 0 1000 0 0.000490034302401168 0.342833998379887 0.635844509115638 0.0208314582020741
  1 62 9 0 1000 0 0.000440026401584095 0.342050523031382 0.635348120887253 0.0221613296797808
  1 63 9 0 1000 0 0.00070004900343024 0.388617203204224 0.591761423299631 0.0189213244927145
  1 64 9 0 1000 0 0.000390062409985598 0.373959833573372 0.607227156345015 0.0184229476716275
  1 65 9 0 1000 0 0.000600006000060001 0.387093870938709 0.594445944459445 0.017860178601786
  1 66 9 0 1000 0 0.000420025201512091 0.376022561353681 0.606406384383063 0.0171510290617437
  1 67 9 0 1000 0 0.000460004600046 0.367543675436754 0.614376143761438 0.017620176201762
  1 68 9 0 1000 0 0.000490029401764106 0.367992079524771 0.613926835610137 0.0175910554633278
  1 69 9 0 1000 0 0.000340006800136003 0.345776915538311 0.635722714454289 0.0181603632072641
  1 70 9 0 1000 0 0.000460018400736029 0.34654386175447 0.633425337013481 0.0195707828313133
  1 71 9 0 1000 0 0.000510056106171679 0.353768914580604 0.625768834571803 0.0199521947414216
  1 72 9 0 1000 0 0.000450031502205154 0.351224585721 0.627363915474083 0.0209614673027112
  1 73 9 0 1000 0 0.00038002660186213 0.347934355404878 0.632194253597752 0.0194913643955077
  1 74 9 0 1000 0 0.000360021601296078 0.332659959597576 0.645788747324839 0.0211912714762886
  1 75 9 0 1000 0 0.000500025001250063 0.351817590879544 0.628201410070504 0.0194809740487024
  1 76 9 0 1000 0 0.000480014400432013 0.356850705521166 0.622838685160555 0.0198305949178475
  1 77 9 0 1000 0 0.000530026501325066 0.369818490924546 0.610530526526326 0.0191209560478024
  1 78 9 0 1000 0 0.000310046506976046 0.348752312846927 0.632244836725509 0.0186928039205881
  1 79 9 0 1000 0 0.00038001140034201 0.333490004700141 0.645369361080832 0.0207606228186846
  1 80 9 0 1000 0 0.00051003060183611 0.35241114466868 0.626687601256075 0.0203912234734084
  1 81 9 0 1000 0 0.000640038402304138 0.385333119987199 0.595545732743965 0.018481108866532
  1 1 10 0 1000 2.00016001280102e-05 0.884170733658693 0.0470737659012721 0.0674253940315225 0.00131010480838467
  1 2 10 0 1000 1.00006000360022e-05 0.883713022781367 0.0458327499649979 0.0690141408484509 0.00143008580514831
  1 3 10 0 1000 0 0.880592835570134 0.0489129347760866 0.0689341360481629 0.00156009360561634
  1 4 10 0 1000 0 0.874302513949721 0.0535789284214316 0.0704085918281634 0.00170996580068399
  1 5 10 0 1000 0 0.878401488104167 0.0440630844159091 0.0756252937705639 0.00191013370935966
  1 6 10 0 1000 0 0.878056341690251 0.0439213176395292 0.0759522785683571 0.00207006210186306
  1 7 10 0 1000 1.00005000250013e-05 0.88296414820741 0.040082004100205 0.0746737336866843 0.00227011350567528
  1 8 10 0 1000 1.00004000160006e-05 0.880605224208968 0.0417616704668187 0.0751930077203088 0.00243009720388816
  1 9 10 0 1000 1.00004000160006e-05 0.885385415416617 0.0392015680627225 0.0730029201168047 0.00240009600384015
  1 10 10 0 1000 1.00015002250338e-05 0.884412661899285 0.0407461119167875 0.0723908586287943 0.00244036605490824
  1 11 10 0 1000 3.00033003630399e-05 0.886177479522748 0.0404444488893778 0.0709178009581054 0.00243026732940623
  1 12 10 0 1000 1.000100010001e-05 0.888058805880588 0.0404540454045405 0.069006900690069 0.00247024702470247
  1 13 10 0 1000 0.000390027301911134 0.889802286160031 0.040802856199934 0.0665546588261178 0.00245017151200584
  1 14 10 0 1000 7.00028001120045e-05 0.889695587823513 0.0410516420656826 0.0667626705068203 0.00242009680387216
  1 15 10 0 1000 1.0000100001e-05 0.888968889688897 0.041240412404124 0.0673906739067391 0.002390023900239
  1 16 10 0 1000 1.00003000090003e-05 0.89436683100493 0.0409312279368381 0.0625618768563057 0.00213006390191706
  1 17 10 0 1000 1.00003000090003e-05 0.905477164314929 0.037381121433643 0.0553816614498435 0.00175005250157505
  1 18 10 0 1000 2.00006000180005e-05 0.911297338920168 0.038421152634579 0.0487914637439123 0.00147004410132304
  1 19 10 0 1000 1.000100010001e-05 0.913841384138414 0.0414141414141414 0.0435243524352435 0.00121012101210121
  1 20 10 0 1000 0 0.898843930635838 0.0617837070224213 0.0384023041382483 0.00097005820349221
  1 21 10 0 1000 1.0001300169022e-05 0.912638643023593 0.0476361927050517 0.0388450498564813 0.000870113114704912
  1 22 10 0 1000 0 0.868113405670284 0.088304415220761 0.0428021401070054 0.000780039001950097
  1 23 10 0 1000 0 0.864023201160058 0.0909645482274114 0.0443222161108055 0.000690034501725086
  1 24 10 0 1000 0 0.86936608098243 0.0829524885746572 0.0470114103423103 0.000670020100603018
  1 25 10 0 1000 0 0.877227544550891 0.0754215084301686 0.0467209344186884 0.000630012600252005
  1 26 10 0 1000 0 0.871203256423335 0.0855411203456449 0.0426855491213858 0.000570074109634252
  1 27 10 0 1000 0 0.822612904516181 0.128545141805672 0.0482319292771711 0.000610024400976039
  1 28 10 0 1000 0 0.795001550139513 0.160354431898871 0.0441039693572422 0.000540048604374394
  1 29 10 0 1000 0 0.798743899511961 0.15234218737499 0.0482938635090807 0.000620049603968317
  1 30 10 0 1000 0 0.765822974689241 0.181725451763553 0.0518015540466214 0.000650019500585018
  1 31 10 0 1000 0 0.829431237436118 0.122013421476362 0.0479352728800168 0.000620068207502825
  1 32 10 0 1000 0 0.84353061183671 0.11186671200272 0.0440126407584455 0.000590035402124127
  1 33 10 0 1000 0 0.787303619108573 0.16514495434863 0.0469614088422653 0.000590017700531016
  1 34 10 0 1000 0 0.772078603930197 0.177698884944247 0.0496224811240562 0.000600030001500075
  1 35 10 0 1000 0 0.72640990508956 0.225364790126914 0.0476552420766284 0.000570062706897759
  1 36 10 0 1000 0 0.749667470072306 0.197747797301757 0.0519546759208329 0.000630056705103459
  1 37 10 0 1000 0 0.713472808368502 0.23131387883273 0.0545432725963558 0.000670040202412145
  1 38 10 0 1000 0 0.77561980578252 0.170095308577772 0.0535948235341181 0.000690062105589503
  1 39 10 0 1000 0 0.751540123209857 0.196095687655012 0.0516541323305864 0.000710056804544364
  1 40 10 0 1000 0 0.81374696228736 0.134429410058704 0.0511235786505055 0.00070004900343024
  1 41 10 0 1000 0 0.722866143307165 0.228081404070203 0.048382419120956 0.000670033501675084
  1 42 10 0 1000 0 0.72577531977878 0.21643947955316 0.0569951295616605 0.000790071106399576
  1 43 10 0 1000 0 0.741794835896718 0.191803836076722 0.0654013080261605 0.00100002000040001
  1 44 10 0 1000 0 0.835233523352335 0.101140114011401 0.0625962596259626 0.00103010301030103
  1 45 10 0 1000 0 0.782745654913098 0.150313006260125 0.0657013140262805 0.00124002480049601
  1 46 10 0 1000 0 0.788869443472174 0.146537326866343 0.0633031651582579 0.00129006450322516
  1 47 10 0 1000 0 0.859238739099128 0.0743559484758781 0.0649751980158413 0.00143011440915273
  1 48 10 0 1000 0 0.855915677470324 0.0841325239757193 0.0585317559526786 0.00142004260127804
  1 49 10 0 1000 0 0.812808128081281 0.124291242912429 0.0613906139061391 0.001510015100151
  1 50 10 0 1000 0 0.842668986829078 0.0913863970477933 0.064264498514896 0.00168011760823258
  1 51 10 0 1000 0 0.880135205408216 0.0562022480899236 0.06196247849914 0.00170006800272011
  1 52 10 0 1000 0 0.861830328122969 0.0755752902703189 0.0609242646985289 0.00167011690818357
  1 53 10 0 1000 0 0.87746 0.0576 0.06318 0.00176
  1 54 10 0 1000 0 0.849906491584243 0.0848476362872659 0.0634057065135862 0.00184016561490534
  1 55 10 0 1000 0 0.88161 0.05549 0.06101 0.00189
  1 56 10 0 1000 0 0.876942616556993 0.0604636278176691 0.0607236434186051 0.0018701122067324
  1 57 10 0 1000 0 0.869255618117993 0.0648371320845293 0.0640270429747272 0.0018802068227505
  1 58 10 0 1000 0 0.851848147851828 0.0833566685334827 0.0628650292023362 0.00193015441235299
  1 59 10 0 1000 0 0.876882612956777 0.0561333680020801 0.064993899633978 0.00199011940716443
  1 60 10 0 1000 0 0.850559539167742 0.0869760883261828 0.0605542387967158 0.00191013370935966
  1 61 10 0 1000 0 0.876445057802312 0.0597723908956358 0.0618124724989 0.00197007880315213
  1 62 10 0 1000 0 0.824068240682407 0.112361123611236 0.0616806168061681 0.001890018900189
  1 63 10 0 1000 0 0.85653 0.07862 0.06288 0.00197
  1 64 10 0 1000 0 0.860728607286073 0.0738307383073831 0.0634606346063461 0.001980019800198
  1 65 10 0 1000 0 0.887649888489964 0.0488443959956396 0.0615655408986809 0.00194017461571541
  1 66 10 0 1000 0 0.856335633563356 0.0798979897989799 0.0618561856185619 0.00191019101910191
  1 67 10 0 1000 0 0.866283314165708 0.0710235511775589 0.0608030401520076 0.00189009450472524
  1 68 10 0 1000 0 0.880631193688063 0.0563794362056379 0.0611293887061129 0.001859981400186
  1 69 10 0 1000 0 0.887418741874187 0.0547254725472547 0.0561556155615562 0.0017001700170017
  1 70 10 0 1000 0 0.887485499419977 0.0581323252930117 0.0527921116844674 0.0015900636025441
  1 71 10 0 1000 0 0.892341076589234 0.0541494585054149 0.0519694803051969 0.001539984600154
  1 72 10 0 1000 0 0.859944397775911 0.0840033601344054 0.0546421856874275 0.00141005640225609
  1 73 10 0 1000 0 0.873581150680548 0.0716950186513056 0.0533637354614823 0.00136009520666447
  1 74 10 0 1000 0 0.841875256257688 0.104653139594188 0.0521915657469724 0.00128003840115203
  1 75 10 0 1000 0 0.854796931723855 0.0879179126121351 0.0559950395535598 0.00129011611044994
  1 76 10 0 1000 0 0.855268552685527 0.0902909029090291 0.0532505325053251 0.001190011900119
  1 77 10 0 1000 0 0.855524107651842 0.0863494984448289 0.0568962585884447 0.00123013531488464
  1 78 10 0 1000 0 0.86583 0.07736 0.0556 0.00121
  1 79 10 0 1000 0 0.82728 0.11341 0.05801 0.0013
  1 80 10 0 1000 0 0.859871592295538 0.083144988699322 0.055713342800568 0.00127007620457227
  1 81 10 0 1000 0 0.877337546750935 0.0665513310266205 0.0548510970219404 0.00126002520050401
  1 1 11 0 1000 0.0541081162174326 0.407981197179577 0.337970695604341 0.193198979846977 0.00674101115167275
  1 2 11 0 1000 0.0504806009261945 0.406225307314536 0.348523189869873 0.188249532401804 0.00652136948759239
  1 3 11 0 1000 0.0562406857302888 0.394855022454266 0.359768355987638 0.18317480321261 0.00596113261519689
  1 4 11 0 1000 0.0527310735254403 0.389111713459827 0.367417157603097 0.184968843457126 0.00577121195451045
  1 5 11 0 1000 0.0542659692566182 0.382472071927912 0.372811009211013 0.185000350038504 0.00545059956595226
  1 6 11 0 1000 0.0493398679735947 0.377665533106621 0.373974794958992 0.193358671734347 0.00566113222644529
  1 7 11 0 1000 0.0455545554555456 0.373567356735674 0.372417241724172 0.202320232023202 0.00614061406140614
  1 8 11 0 1000 0.0410282056411282 0.371684336867373 0.372294458891778 0.208521704340868 0.00647129425885177
  1 9 11 0 1000 0.0418533482678614 0.363859108728698 0.371209696775742 0.216277302184175 0.00680054404352348
  1 10 11 0 1000 0.0412720636031802 0.360678033901695 0.369458472923646 0.221351067553378 0.0072403620181009
  1 11 11 0 1000 0.0407434453369612 0.356607680534576 0.367611311732872 0.227385037062231 0.00765252533336001
  1 12 11 0 1000 0.0448662812793791 0.351539215490169 0.365141119756766 0.230622287120197 0.00783109635348949
  1 13 11 0 1000 0.0490922730682671 0.34750687671918 0.364161040260065 0.231237809452363 0.00800200050012503
  1 14 11 0 1000 0.045797785623556 0.351619775361811 0.361031375333807 0.233179640538892 0.00837142314193413
  1 15 11 0 1000 0.0453177040096816 0.351019673344469 0.361701489253173 0.233529700049008 0.00843143334366842
  1 16 11 0 1000 0.0417375127522954 0.360664919685543 0.356044087935828 0.232961933147967 0.00859154647836611
  1 17 11 0 1000 0.0465883859094637 0.376007681382649 0.346002280410474 0.223170170630714 0.00823148166670001
  1 18 11 0 1000 0.0496979516722676 0.392322771643463 0.335973755800928 0.214194271083373 0.00781124979996799
  1 19 11 0 1000 0.0499554862007222 0.414498494533305 0.321119547059588 0.206904140283488 0.0075223319228961
  1 20 11 0 1000 0.049721435930264 0.434099842963882 0.311291597067326 0.197645458455445 0.00724166558308411
  1 21 11 0 1000 0.055523331399884 0.450797047822869 0.300878052683161 0.186051163069784 0.00675040502430146
  1 22 11 0 1000 0.0561973056497345 0.46815085961175 0.292578035144569 0.176542950583576 0.00653084901037135
  1 23 11 0 1000 0.0590547636909227 0.477679419854964 0.291482870717679 0.165601400350088 0.00618154538634659
  1 24 11 0 1000 0.0540186429828773 0.496179388702192 0.288106096975516 0.15564490318451 0.00605096815490478
  1 25 11 0 1000 0.0561084162624394 0.499004850727609 0.292113817072561 0.147092063809571 0.00568085212781917
  1 26 11 0 1000 0.0580927804116906 0.504170917601872 0.293474564404169 0.138740522915041 0.00552121466722679
  1 27 11 0 1000 0.0528815864475934 0.512705381161435 0.298888966669 0.130333910017301 0.00519015570467114
  1 28 11 0 1000 0.0533842707416593 0.51558124649972 0.300854068325466 0.125280022401792 0.00490039203136251
  1 29 11 0 1000 0.0588358835883588 0.512831283128313 0.301540154015402 0.122222222222222 0.00457045704570457
  1 30 11 0 1000 0.0520009201932406 0.5179387671411 0.305734204182878 0.120125226297522 0.0042008821852589
  1 31 11 0 1000 0.0507016613821179 0.520799783950309 0.305690308771017 0.11889734638967 0.00391089950688658
  1 32 11 0 1000 0.0491983637218327 0.520528489843273 0.304141704089695 0.121960733324665 0.00417070902053349
  1 33 11 0 1000 0.0532301137216071 0.516438123243416 0.303077584741101 0.123043378241866 0.00421080005200988
  1 34 11 0 1000 0.0552649215288128 0.513538655436968 0.303241875306333 0.123743410720895 0.00421113700699189
  1 35 11 0 1000 0.0677662639033368 0.505911418740498 0.300072017284148 0.122029287028887 0.00422101304313035
  1 36 11 0 1000 0.0853364543008333 0.492582700637198 0.2937710690314 0.123968430213366 0.00434134581720333
  1 37 11 0 1000 0.0727909186377957 0.510206530979647 0.291143671550733 0.12155823373506 0.00430064509676451
  1 38 11 0 1000 0.0600716257852827 0.524928974430795 0.289384178304189 0.121443719739106 0.00417150174062663
  1 39 11 0 1000 0.0529611218355855 0.529531201552326 0.292361395893138 0.120905390131928 0.00424089058702328
  1 40 11 0 1000 0.0549187870059209 0.529434709553529 0.291806689070251 0.11966914706353 0.00417066730676908
  1 41 11 0 1000 0.0574003320597708 0.520903762677282 0.295443179772359 0.121961953151567 0.00429077233902102
  1 42 11 0 1000 0.0496269477726882 0.512971816054248 0.306782949612946 0.126127657872102 0.00449062868801632
  1 43 11 0 1000 0.0458750462550881 0.500625068757563 0.318635049855484 0.130094310374141 0.00477052475772335
  1 44 11 0 1000 0.0447680582504851 0.483987117681183 0.331029585325359 0.135154327779 0.00506091096397352
  1 45 11 0 1000 0.0430359232916179 0.47313505997219 0.338945409801627 0.139621660014205 0.00526194692036053
  1 46 11 0 1000 0.0486748674867487 0.455035503550355 0.346534653465347 0.144424442444244 0.00533053305330533
  1 47 11 0 1000 0.0501480236837894 0.446781485037606 0.348745799327892 0.148833813410146 0.00549087854056649
  1 48 11 0 1000 0.0472337787022962 0.439985198815905 0.348927914233139 0.157942635410833 0.00591047283782703
  1 49 11 0 1000 0.0576407506702413 0.426813652915049 0.347555119843144 0.162188387819615 0.0058020887519507
  1 50 11 0 1000 0.0649077889346722 0.417080049605953 0.343091170940513 0.16889026683202 0.00603072368684242
  1 51 11 0 1000 0.057189722252783 0.420941560065211 0.335617054899333 0.179580528689877 0.00667113409279577
  1 52 11 0 1000 0.0497429845790747 0.427645658739524 0.333410004600276 0.182280936856211 0.0069204152249135
  1 53 11 0 1000 0.0421550586070328 0.427051246149538 0.334890186822419 0.188342601112133 0.00756090730887706
  1 54 11 0 1000 0.0381264815018553 0.430203134532871 0.333666723342968 0.190232339497715 0.00777132112459118
  1 55 11 0 1000 0.0386515954786436 0.426788036410923 0.331169350805242 0.194968490547164 0.00842252675802741
  1 56 11 0 1000 0.0407777477720767 0.421240035606765 0.333943449255359 0.195237095048059 0.00880167231774037
  1 57 11 0 1000 0.0434186837367474 0.415723144628926 0.337297459491898 0.194798959791958 0.00876175235047009
  1 58 11 0 1000 0.0413478560926576 0.417269281163421 0.338504315820006 0.194136886008342 0.00874166091557396
  1 59 11 0 1000 0.0370707505176501 0.417361034700063 0.340788828760341 0.195816786868192 0.00896259915375459
  1 60 11 0 1000 0.0456686770486392 0.407577439713546 0.342115001850352 0.195937228073334 0.00870165331412968
  1 61 11 0 1000 0.0513377006550983 0.402280342051308 0.342761414212132 0.195049257388608 0.00857128569285393
  1 62 11 0 1000 0.0473180440674915 0.405238890611404 0.340207835332006 0.198293709930688 0.00894152005840993
  1 63 11 0 1000 0.0488207405629238 0.40344875872692 0.342405329172418 0.196753285722859 0.00857188581487927
  1 64 11 0 1000 0.0408385761009812 0.408285740005401 0.34172176156993 0.200242050830674 0.00891187149301353
  1 65 11 0 1000 0.038339201408338 0.411988877330559 0.340961830839401 0.1999079779147 0.00880211250700168
  1 66 11 0 1000 0.0380787581143663 0.411394620762775 0.341168468747812 0.200586134811007 0.00877201756403973
  1 67 11 0 1000 0.0420792574366361 0.407499649922983 0.34092500350077 0.200594130708756 0.00890195843085479
  1 68 11 0 1000 0.0428168506961114 0.410435669707153 0.334903584573532 0.202552408385342 0.00929148663786206
  1 69 11 0 1000 0.0444920128434677 0.411070989167075 0.335770658077681 0.200094025386854 0.00857231452492173
  1 70 11 0 1000 0.0393631490519242 0.423983918713497 0.330776462116969 0.197075766061285 0.00880070405632451
  1 71 11 0 1000 0.0395071112800304 0.421065791842532 0.333870096617391 0.196785421375848 0.00877157888419916
  1 72 11 0 1000 0.0390485906899518 0.425373582188081 0.332893236512033 0.194022684990698 0.00866190561923623
  1 73 11 0 1000 0.038234970546171 0.431556102293298 0.331163051196656 0.190584776020883 0.00846109994299259
  1 74 11 0 1000 0.047180851595867 0.422577192754333 0.334366904388009 0.187663162527381 0.00821188873440891
  1 75 11 0 1000 0.0544992648750288 0.420051408739486 0.33049618435134 0.186741746096836 0.00821139593730934
  1 76 11 0 1000 0.0445806993678483 0.427882691846043 0.334950388093142 0.184474273825718 0.00811194686724814
  1 77 11 0 1000 0.0415591430114625 0.432685190741963 0.334743643601592 0.183000260057213 0.00801176258776931
  1 78 11 0 1000 0.0466884039127043 0.427536956652197 0.334950291052389 0.182952931527675 0.00787141685503391
  1 79 11 0 1000 0.0542730255261263 0.426042250140034 0.332189725534128 0.179983195967032 0.00751180283267984
  1 80 11 0 1000 0.0500730189849361 0.430912037129654 0.327905255366395 0.183307659991598 0.00780202852741713
  1 81 11 0 1000 0.0561034648315596 0.42693246379131 0.327738657277747 0.181473553652877 0.00775186044650716
  2 1 1 0 1000 0 0.15107 0.75926 0.08963 4e-05
  2 2 1 0 1000 0 0.151148488515115 0.759872401275987 0.0889391106088939 3.9999600004e-05
  2 3 1 0 1000 0 0.15130151301513 0.759857598575986 0.0888008880088801 4.0000400004e-05
  2 4 1 0 1000 0 0.151953039060781 0.758985179703594 0.0890217804356087 4.00008000160003e-05
  2 5 1 0 1000 0 0.151911519115191 0.758667586675867 0.0893808938089381 4.0000400004e-05
  2 6 1 0 1000 0 0.149691496914969 0.757857578575786 0.0924109241092411 4.0000400004e-05
  2 7 1 0 1000 0 0.148697026059479 0.75702485950281 0.0942381152376952 3.99992000159997e-05
  2 8 1 0 1000 0 0.148948510514895 0.755252447475525 0.0957590424095759 3.9999600004e-05
  2 9 1 0 1000 0 0.150748492515075 0.756742432575674 0.0924690753092469 3.9999600004e-05
  2 10 1 0 1000 0 0.14985 0.75635 0.09376 4e-05
  2 11 1 0 1000 0 0.149072981459629 0.757285145702914 0.0936018720374407 4.00008000160003e-05
  2 12 1 0 1000 0 0.151084532535976 0.756392691780753 0.0924827744832345 4.00012000360011e-05
  2 13 1 0 1000 0 0.15039849601504 0.759782402175978 0.0897791022089779 3.9999600004e-05
  2 14 1 0 1000 0 0.150664519935598 0.759382781483445 0.0899126973809214 4.00012000360011e-05
  2 15 1 0 1000 0 0.149658503414966 0.757582424175758 0.0927190728092719 3.9999600004e-05
  2 16 1 0 1000 0 0.148831488314883 0.756527565275653 0.0946009460094601 4.0000400004e-05
  2 17 1 0 1000 0 0.175781757817578 0.748877488774888 0.0753107531075311 3.0000300003e-05
  2 18 1 0 1000 0 0.17240172401724 0.750007500075001 0.0775607756077561 3.0000300003e-05
  2 19 1 0 1000 0 0.1720017200172 0.749877498774988 0.0780907809078091 3.0000300003e-05
  2 20 1 0 1000 0 0.170321703217032 0.750667506675067 0.0789707897078971 4.0000400004e-05
  2 21 1 0 1000 0 0.169966600667987 0.749845003099938 0.0801483970320594 3.99992000159997e-05
  2 22 1 0 1000 0 0.170636825473019 0.751070042801712 0.078263130525221 3.00012000480019e-05
  2 23 1 0 1000 0 0.17193 0.75146 0.07658 3e-05
  2 24 1 0 1000 0 0.17162 0.75048 0.07787 3e-05
  2 25 1 0 1000 0 0.170526589468211 0.74987500249995 0.0795584088318234 3.99992000159997e-05
  2 26 1 0 1000 0 0.172493449868997 0.75017500350007 0.0773015460309206 3.00006000120002e-05
  2 27 1 0 1000 0 0.171943438868777 0.750055001100022 0.0779615592311846 4.00008000160003e-05
  2 28 1 0 1000 0 0.171318286817132 0.749662503374966 0.0789792102078979 3.9999600004e-05
  2 29 1 0 1000 0 0.170895126853806 0.7502225066752 0.0788423652709581 4.00012000360011e-05
  2 30 1 0 1000 0 0.171563431268625 0.750945018900378 0.0774615492309846 3.00006000120002e-05
  2 31 1 0 1000 0 0.171611716117161 0.750817508175082 0.0775407754077541 3.0000300003e-05
  2 32 1 0 1000 0 0.170753415068301 0.750255005100102 0.0789515790315806 4.00008000160003e-05
  2 33 1 0 1000 0 0.172023440468809 0.74947498949979 0.0784615692313846 4.00008000160003e-05
  2 34 1 0 1000 0 0.170938290617094 0.750492495075049 0.0785292147078529 3.9999600004e-05
  2 35 1 0 1000 0 0.17215 0.74934 0.07847 4e-05
  2 36 1 0 1000 0 0.173258267417326 0.752582474175258 0.0741292587074129 2.9999700003e-05
  2 37 1 0 1000 0 0.171151711517115 0.752967529675297 0.0758507585075851 3.0000300003e-05
  2 38 1 0 1000 0 0.171483429668593 0.750035000700014 0.0784415688313766 4.00008000160003e-05
  2 39 1 0 1000 0 0.170391703917039 0.749207492074921 0.0803608036080361 4.0000400004e-05
  2 40 1 0 1000 0 0.17159828401716 0.74920250797492 0.0791592084079159 3.9999600004e-05
  2 41 1 0 1000 0 0.172556902276091 0.750370014800592 0.0770430817232689 3.00012000480019e-05
  2 42 1 0 1000 0 0.155166206648266 0.754430177207088 0.0903636145445818 4.00016000640026e-05
  2 43 1 0 1000 0 0.156184685540566 0.752982589477684 0.0907927237817134 4.00012000360011e-05
  2 44 1 0 1000 0 0.157354720641619 0.752132563976919 0.0904727141814254 4.00012000360011e-05
  2 45 1 0 1000 0 0.156503130062601 0.750985019700394 0.0924718494369887 4.00008000160003e-05
  2 46 1 0 1000 0 0.156554696640899 0.752512575377261 0.0908927267818034 4.00012000360011e-05
  2 47 1 0 1000 0 0.155674670240107 0.754292628778863 0.0899926997809934 4.00012000360011e-05
  2 48 1 0 1000 0 0.15570155701557 0.754057540575406 0.0902009020090201 4.0000400004e-05
  2 49 1 0 1000 0 0.15730157301573 0.753047530475305 0.0896108961089611 4.0000400004e-05
  2 50 1 0 1000 0 0.157575272741818 0.756897293081208 0.0854874353769387 3.99988000359989e-05
  2 51 1 0 1000 0 0.156411564115641 0.757737577375774 0.0858108581085811 4.0000400004e-05
  2 52 1 0 1000 0 0.155328446715533 0.752142478575214 0.0924890751092489 3.9999600004e-05
  2 53 1 0 1000 0 0.154354630638919 0.749762492874786 0.0958428752862586 4.00012000360011e-05
  2 54 1 0 1000 0 0.157403703851846 0.750429982800688 0.0921263149474021 3.99984000639974e-05
  2 55 1 0 1000 0 0.1548 0.75439 0.09077 4e-05
  2 56 1 0 1000 0 0.155671556715567 0.753467534675347 0.0908209082090821 4.0000400004e-05
  2 57 1 0 1000 0 0.155994679840395 0.754112623378701 0.0898526955808674 4.00012000360011e-05
  2 58 1 0 1000 0 0.155743114862297 0.753385067701354 0.0908318166363327 4.00008000160003e-05
  2 59 1 0 1000 0 0.15484 0.75148 0.09364 4e-05
  2 60 1 0 1000 0 0.157321573215732 0.752067520675207 0.0905709057090571 4.0000400004e-05
  2 61 1 0 1000 0 0.157194715841475 0.755762672880186 0.0870026100783023 4.00012000360011e-05
  2 62 1 0 1000 0 0.156204686140584 0.754532635979079 0.0892226766803004 4.00012000360011e-05
  2 63 1 0 1000 0 0.155887794389719 0.752227611380569 0.0918445922296115 4.0002000100005e-05
  2 64 1 0 1000 0 0.15525 0.75322 0.09149 4e-05
  2 65 1 0 1000 0 0.155753115062301 0.751235024700494 0.0929718594371887 4.00008000160003e-05
  2 66 1 0 1000 0 0.15650782539127 0.751957597879894 0.0914945747287364 4.0002000100005e-05
  2 67 1 0 1000 0 0.160013200264005 0.751545030900618 0.0884017680353607 4.00008000160003e-05
  2 68 1 0 1000 0 0.16014 0.75094 0.08888 4e-05
  2 69 1 0 1000 0 0.16197 0.75191 0.08608 4e-05
  2 70 1 0 1000 0 0.15881 0.75319 0.08796 4e-05
  2 71 1 0 1000 0 0.158913178263565 0.751095021900438 0.0899517990359807 4.00008000160003e-05
  2 72 1 0 1000 0 0.15982 0.75162 0.08852 4e-05
  2 73 1 0 1000 0 0.158381583815838 0.751417514175142 0.0901609016090161 4.0000400004e-05
  2 74 1 0 1000 0 0.1611 0.75133 0.08753 4e-05
  2 75 1 0 1000 0 0.160491604916049 0.75539755397554 0.0840708407084071 4.0000400004e-05
  2 76 1 0 1000 0 0.159231592315923 0.751907519075191 0.0888208882088821 4.0000400004e-05
  2 77 1 0 1000 0 0.159665210043699 0.750587482375529 0.0897073087807366 3.99988000359989e-05
  2 78 1 0 1000 0 0.159608403915961 0.750822491775082 0.0895291047089529 3.9999600004e-05
  2 79 1 0 1000 0 0.16464493934818 0.75582267468024 0.0795023850715521 3.00009000270008e-05
  2 80 1 0 1000 0 0.159643192863857 0.757755155103102 0.0825716514330287 3.00006000120002e-05
  2 81 1 0 1000 0 0.16042 0.7514 0.08814 4e-05
  2 1 2 0 1000 0.0176503530070601 0.932788655773115 0.0340906818136363 0.0154103082061641 6.00012000240005e-05
  2 2 2 0 1000 0.02014 0.86899 0.08033 0.03049 5e-05
  2 3 2 0 1000 0.0207408296331853 0.86947477899116 0.077913116524661 0.031791271650866 8.00032001280051e-05
  2 4 2 0 1000 0.0188607544301772 0.89950598023921 0.0578523140925637 0.0237209488379535 6.00024000960038e-05
  2 5 2 0 1000 0.0166705001150034 0.868316049481484 0.0818424552736582 0.0331009930297909 7.00021000630019e-05
  2 6 2 0 1000 0.0185703714074281 0.881017620352407 0.0708714174283486 0.0294605892117842 8.00016000320006e-05
  2 7 2 0 1000 0.01991 0.92357 0.04018 0.0163 4e-05
  2 8 2 0 1000 7.00035001750088e-05 0.943147157357868 0.0410120506025301 0.015750787539377 2.00010000500025e-05
  2 9 2 0 1000 0 0.000190003800076002 0.686553731074621 0.312586251725035 0.000670013400268005
  2 10 2 0 1000 0.02358 0.96887 0.00196 0.0055 9e-05
  2 11 2 0 1000 0.0176505295158855 0.871176135284059 0.0815924477734332 0.0295608868266048 2.00006000180005e-05
  2 12 2 0 1000 0.0186403728074561 0.898927978559571 0.0577811556231125 0.0245804916098322 7.00014000280006e-05
  2 13 2 0 1000 0.0159104773143194 0.76783303499105 0.15434463033891 0.0617618528555857 0.000150004500135004
  2 14 2 0 1000 0.0191 0.91537 0.0443 0.02113 1e-04
  2 15 2 0 1000 0.02047 0.88618 0.06731 0.02599 5e-05
  2 16 2 0 1000 0.017660176601766 0.919889198891989 0.044260442604426 0.018150181501815 4.0000400004e-05
  2 17 2 0 1000 0.016970169701697 0.760987609876099 0.159751597515975 0.0621506215062151 0.000140001400014
  2 18 2 0 1000 0.0188403768075362 0.952489049780996 0.0192603852077042 0.00937018740374808 4.00008000160003e-05
  2 19 2 0 1000 0.022920229202292 0.864928649286493 0.0820508205082051 0.030070300703007 3.0000300003e-05
  2 20 2 0 1000 0.0168903378067561 0.877917558351167 0.0737914758295166 0.0313106262125242 9.00018000360007e-05
  2 21 2 0 1000 0.0190403808076162 0.899327986559731 0.0576111522230445 0.0239604792095842 6.00012000240005e-05
  2 22 2 0 1000 0.018170181701817 0.913129131291313 0.0488004880048801 0.019850198501985 5.00005000050001e-05
  2 23 2 0 1000 0.02505 0.89302 0.05918 0.02271 4e-05
  2 24 2 0 1000 0.017710177101771 0.91659916599166 0.04690046900469 0.018750187501875 4.0000400004e-05
  2 25 2 0 1000 0.0165303306066121 0.804506090121802 0.128032560651213 0.0508410168203364 9.00018000360007e-05
  2 26 2 0 1000 0.0180607224288972 0.914886595463819 0.0460018400736029 0.0209808392335693 7.00028001120045e-05
  2 27 2 0 1000 0.0178292868285269 0.879254829806808 0.0736670533178673 0.0291788328466861 6.99972001119955e-05
  2 28 2 0 1000 0.0225209008360334 0.902936117444698 0.0531721268850754 0.0213208528341134 5.00020000800032e-05
  2 29 2 0 1000 0.0177605328159845 0.870976129283878 0.0797723931717952 0.0314309429282878 6.00018000540016e-05
  2 30 2 0 1000 0.01710017100171 0.915139151391514 0.047580475804758 0.020130201302013 5.00005000050001e-05
  2 31 2 0 1000 0.0174803496069921 0.875207504150083 0.0765615312306246 0.0306906138122762 6.00012000240005e-05
  2 32 2 0 1000 0.0212308492339694 0.895415816632665 0.0590723628945158 0.0242209688387536 6.00024000960038e-05
  2 33 2 0 1000 0.018850188501885 0.873688736887369 0.0768307683076831 0.030550305503055 8.00008000080001e-05
  2 34 2 0 1000 0.0164303286065721 0.892527850557011 0.0642112842256845 0.0267605352107042 7.00014000280006e-05
  2 35 2 0 1000 0.0189905697170915 0.902737082112463 0.0556616698500955 0.0225606768203046 5.00015000450013e-05
  2 36 2 0 1000 0.0193605808174245 0.858995769873096 0.0870626118783563 0.0345110353310599 7.00021000630019e-05
  2 37 2 0 1000 0.0221204424088482 0.912888257765155 0.0459709194183884 0.0189703794075882 5.00010000200004e-05
  2 38 2 0 1000 0.0160803216064321 0.867447348946979 0.0832616652333047 0.0331506630132603 6.00012000240005e-05
  2 39 2 0 1000 0.0190405712171365 0.919237577127314 0.0434113023390702 0.0182605478164345 5.00015000450013e-05
  2 40 2 0 1000 0.01571 0.85716 0.09078 0.03628 7e-05
  2 41 2 0 1000 0.022909770902291 0.922330776692233 0.038549614503855 0.016159838401616 4.99995000049999e-05
  2 42 2 0 1000 0.01668 0.84997 0.09602 0.03726 7e-05
  2 43 2 0 1000 0.0179805394161825 0.842205266157985 0.0976829304879146 0.0420012600378011 0.000130003900117004
  2 44 2 0 1000 0.0176703534070681 0.893967879357587 0.0615512310246205 0.0267205344106882 9.00018000360007e-05
  2 45 2 0 1000 0.01991 0.87323 0.07615 0.03063 8e-05
  2 46 2 0 1000 0.018639813601864 0.901110988890111 0.0567494325056749 0.023439765602344 5.99994000059999e-05
  2 47 2 0 1000 0.016440164401644 0.855778557785578 0.0908209082090821 0.036880368803688 8.00008000080001e-05
  2 48 2 0 1000 0.0195903918078362 0.887657753155063 0.0650013000260005 0.0276705534110682 8.00016000320006e-05
  2 49 2 0 1000 0.0222604452089042 0.908018160363207 0.0497709954199084 0.0199003980079602 5.00010000200004e-05
  2 50 2 0 1000 0.0169605088152645 0.882396471894157 0.0718521555646669 0.0287308619258578 6.00018000540016e-05
  2 51 2 0 1000 0.019780197801978 0.887738877388774 0.0654306543065431 0.026980269802698 7.00007000070001e-05
  2 52 2 0 1000 0.016079839201608 0.784652153478465 0.14149858501415 0.0576094239057609 0.000159998400016
  2 53 2 0 1000 0.017809821901781 0.942380576194238 0.0269997300027 0.012749872501275 5.99994000059999e-05
  2 54 2 0 1000 0.0164396712065759 0.852432951340973 0.0942981140377192 0.0367692646147077 5.99988000239995e-05
  2 55 2 0 1000 0.019129808701913 0.872531274687253 0.0758392416075839 0.03239967600324 9.99990000099999e-05
  2 56 2 0 1000 0.022269777302227 0.910540894591054 0.047879521204788 0.019249807501925 5.99994000059999e-05
  2 57 2 0 1000 0.016880168801688 0.834558345583456 0.106391063910639 0.042080420804208 9.00009000090001e-05
  2 58 2 0 1000 0.01901 0.93924 0.02894 0.01276 5e-05
  2 59 2 0 1000 0.014950598023921 0.8150626025041 0.122184887395496 0.0477319092763711 7.00028001120045e-05
  2 60 2 0 1000 0.018680186801868 0.892588925889259 0.0608806088060881 0.027740277402774 0.000110001100011
  2 61 2 0 1000 0.01669 0.88779 0.06748 0.02796 8e-05
  2 62 2 0 1000 0.0217804356087122 0.910318206364127 0.0480409608192164 0.0198103962079242 5.00010000200004e-05
  2 63 2 0 1000 0.0156103122062441 0.823836476729535 0.114762295245905 0.0457009140182804 9.00018000360007e-05
  2 64 2 0 1000 0.018670186701867 0.908969089690897 0.050120501205012 0.022170221702217 7.00007000070001e-05
  2 65 2 0 1000 0.015910159101591 0.844918449184492 0.0989809898098981 0.04010040100401 9.00009000090001e-05
  2 66 2 0 1000 0.0216906507195216 0.899376981309439 0.0551216536496095 0.0237407122213666 7.00021000630019e-05
  2 67 2 0 1000 0.01989 0.90927 0.05079 0.02 5e-05
  2 68 2 0 1000 0.01657 0.79582 0.13425 0.05324 0.00012
  2 69 2 0 1000 0.01859 0.91332 0.04646 0.02153 1e-04
  2 70 2 0 1000 0.017689823101769 0.898241017589824 0.0600693993060069 0.023939760602394 5.99994000059999e-05
  2 71 2 0 1000 0.0179203584071681 0.878377567551351 0.0735914718294366 0.0300406008120162 7.00014000280006e-05
  2 72 2 0 1000 0.022540225402254 0.875488754887549 0.0724607246072461 0.029430294302943 8.00008000080001e-05
  2 73 2 0 1000 0.0167405022150665 0.890836725101753 0.0653619608588258 0.0269908097242917 7.00021000630019e-05
  2 74 2 0 1000 0.0205295894082118 0.923921521569569 0.0395392092158157 0.0159696806063879 3.99992000159997e-05
  2 75 2 0 1000 0.015190607624305 0.791171646865875 0.138915556622265 0.0546121844873795 0.000110004400176007
  2 76 2 0 1000 0.0191103822076442 0.922318446368927 0.0398407968159363 0.0186603732074642 7.00014000280006e-05
  2 77 2 0 1000 0.01644 0.88401 0.07111 0.02838 6e-05
  2 78 2 0 1000 0.0164893404263829 0.838396464141434 0.102435902563897 0.0425682972681093 0.000109995600175993
  2 79 2 0 1000 0.02070020700207 0.906329063290633 0.0506805068050681 0.022210222102221 8.00008000080001e-05
  2 80 2 0 1000 0.01753 0.88296 0.07101 0.02844 6e-05
  2 81 2 0 1000 0.015580155801558 0.866648666486665 0.0828008280082801 0.034890348903489 8.00008000080001e-05
  2 1 3 0 1000 0 0.0808874439326891 0.443912620287586 0.360817604383034 0.114382331396691
  2 2 3 0 1000 0 0.0799803285927918 0.442305569216255 0.363088009474392 0.114626092716561
  2 3 3 0 1000 0 0.080940864800859 0.443970577905332 0.362046300663302 0.113042256630508
  2 4 3 0 1000 0 0.0813191664409194 0.445293922884749 0.36019223630216 0.113194674372172
  2 5 3 0 1000 0 0.0802122942020407 0.443329688080022 0.363438443710935 0.113019574007003
  2 6 3 0 1000 0 0.0792956403953243 0.441890332614258 0.365263633171123 0.113550393819295
  2 7 3 0 1000 0 0.08046553626969 0.445008528142871 0.36183405237283 0.112691883214608
  2 8 3 0 1000 0 0.0791631127389494 0.441051628117004 0.363182981285435 0.116602277858612
  2 9 3 0 1000 0 0.0792325600064221 0.442843381231436 0.363831580637393 0.114092478124749
  2 10 3 0 1000 0 0.0804114400401405 0.442910185649774 0.361896638233818 0.114781736076267
  2 11 3 0 1000 0 0.0806631275777981 0.442693855432568 0.361539001896657 0.115104015092976
  2 12 3 0 1000 0 0.0803315205394232 0.443388653649335 0.362304589512552 0.11397523629869
  2 13 3 0 1000 0 0.081368042871766 0.443218995243161 0.360957790578648 0.114455171306425
  2 14 3 0 1000 0 0.0808698095410119 0.442631505007325 0.361209785859072 0.11528889959259
  2 15 3 0 1000 0 0.0823256700751608 0.444833572496563 0.359477386531263 0.113363370897013
  2 16 3 0 1000 0 0.0829211025376025 0.449834940448119 0.354802781429044 0.112441175585234
  2 17 3 0 1000 0 0.0865975865424161 0.472580273043705 0.338967409294721 0.101854731119158
  2 18 3 0 1000 0 0.0849502150828746 0.496525584333544 0.326434637868624 0.0920895627149575
  2 19 3 0 1000 0 0.0820418228842954 0.513723760450709 0.319315516169778 0.0849189004952182
  2 20 3 0 1000 0 0.0742485441953234 0.526605394244936 0.320728052679583 0.078418008880158
  2 21 3 0 1000 0 0.067555920788904 0.53548665116652 0.322707047221999 0.0742503808225768
  2 22 3 0 1000 0 0.0616207767223759 0.539747905895555 0.327642178670194 0.0709891387118753
  2 23 3 0 1000 0 0.0575123720221995 0.540001202139809 0.334295045180421 0.0681913806575705
  2 24 3 0 1000 0 0.0545126715416208 0.536091355304017 0.341320244415506 0.0680757287388561
  2 25 3 0 1000 0 0.0526874505523119 0.530269496159354 0.349243387780037 0.0677996655082972
  2 26 3 0 1000 0 0.0516959931098715 0.52479144342183 0.355762971568205 0.0677495919000931
  2 27 3 0 1000 0 0.0534195951968433 0.522628716788014 0.354848724599653 0.0691029634154891
  2 28 3 0 1000 0 0.0546916460563338 0.517558000981285 0.35777869008401 0.0699716628783707
  2 29 3 0 1000 0 0.0580672294151221 0.516927513593079 0.353500155206425 0.0715051017853745
  2 30 3 0 1000 0 0.0605960463858679 0.51801558212662 0.348344649402151 0.0730437220853612
  2 31 3 0 1000 0 0.0636147860311865 0.520335299596399 0.34276071346306 0.0732892009093549
  2 32 3 0 1000 0 0.0683386584669625 0.524734327580854 0.33468214460993 0.0722448693422542
  2 33 3 0 1000 0 0.0723563638548667 0.527565521316335 0.328883458684266 0.0711946561445325
  2 34 3 0 1000 0 0.0728656552000401 0.529527815332232 0.326683691352461 0.0709228381152671
  2 35 3 0 1000 0 0.0759240159017854 0.533971541011185 0.32110992059121 0.0689945224958193
  2 36 3 0 1000 0 0.0765455838315857 0.536379933699887 0.31922202525814 0.0678524572103877
  2 37 3 0 1000 0 0.0780053071646723 0.536944875582036 0.318800380513693 0.0662494367395985
  2 38 3 0 1000 0 0.0756704788991928 0.541089991387426 0.316652312376069 0.0665872173373125
  2 39 3 0 1000 0 0.0748948527939115 0.538794312036852 0.320678950530743 0.0656318846384939
  2 40 3 0 1000 0 0.0737814099289928 0.54144758585464 0.319422327714849 0.0653486765015173
  2 41 3 0 1000 0 0.0726646370773914 0.539326630347701 0.323986540618491 0.0640221919564172
  2 42 3 0 1000 0 0.0683818890146318 0.521436941042153 0.339385684670159 0.0707954852730569
  2 43 3 0 1000 0 0.0693008814102564 0.507752403846154 0.347015224358974 0.0759314903846154
  2 44 3 0 1000 0 0.0721503900968482 0.494486564443599 0.352329063467105 0.0810339819924484
  2 45 3 0 1000 0 0.0789877070121126 0.485958742849128 0.351306943985252 0.0837466061535071
  2 46 3 0 1000 0 0.0853221120128244 0.480873659953912 0.347450155295061 0.0863540727382026
  2 47 3 0 1000 0 0.0926762793214361 0.472379482760348 0.34531408130342 0.0896301566147957
  2 48 3 0 1000 0 0.096101423130888 0.470675486069353 0.341170575265584 0.0920525155341752
  2 49 3 0 1000 0 0.100943178742896 0.469644879672042 0.337720133508404 0.0916918080766571
  2 50 3 0 1000 0 0.103950770710978 0.471196055242639 0.331796588426306 0.0930565856200766
  2 51 3 0 1000 0 0.105765953607731 0.471631347861826 0.329758014394835 0.0928446841356082
  2 52 3 0 1000 0 0.104055164672159 0.471926554012067 0.331028123559244 0.0929901577565298
  2 53 3 0 1000 0 0.101795326737437 0.474333142874327 0.331087921891759 0.0927836084964765
  2 54 3 0 1000 0 0.0981642453955745 0.479070793354789 0.330315517189521 0.0924494440601157
  2 55 3 0 1000 0 0.096717597048444 0.479828360603144 0.332461100417068 0.0909929419313442
  2 56 3 0 1000 0 0.0940914650039096 0.479238927762295 0.335555466447461 0.0911141407863344
  2 57 3 0 1000 0 0.0915058882485593 0.482625908293661 0.336356802806314 0.0895114006514658
  2 58 3 0 1000 0 0.0877140222142027 0.480753037411284 0.341854124062713 0.0896788163118008
  2 59 3 0 1000 0 0.0861533218395413 0.481085361453029 0.341616214265667 0.0911451024417626
  2 60 3 0 1000 0 0.0836073132592919 0.481646686179383 0.345314943266108 0.0894310572952167
  2 61 3 0 1000 0 0.0829407637566403 0.480565300190438 0.345414453242458 0.0910794828104641
  2 62 3 0 1000 0 0.0811455608015317 0.478603434276607 0.348439739772853 0.0918112651490091
  2 63 3 0 1000 0 0.0813912694832857 0.478434320653536 0.348168195258858 0.0920062146043202
  2 64 3 0 1000 0 0.0795544549492195 0.479933428912305 0.347432902559578 0.0930792135788978
  2 65 3 0 1000 0 0.0790953655529157 0.4785620482592 0.348310326506471 0.0940322596814131
  2 66 3 0 1000 0 0.0787299741343011 0.477653239227638 0.349096705632306 0.0945200810057546
  2 67 3 0 1000 0 0.0809255508992842 0.481452890341467 0.344735628496381 0.0928859302628677
  2 68 3 0 1000 0 0.0807012619909185 0.485821396710203 0.341168569509738 0.0923087717891403
  2 69 3 0 1000 0 0.0801579902358826 0.488416388479544 0.341082473710064 0.090343147574509
  2 70 3 0 1000 0 0.077559327471602 0.490450457676228 0.341116669841493 0.0908735450106774
  2 71 3 0 1000 0 0.0758543260122097 0.491434185069719 0.342291768998667 0.0904197199194041
  2 72 3 0 1000 0 0.0747719755437506 0.494106444823093 0.341525508669941 0.0895960709632154
  2 73 3 0 1000 0 0.0727631763597362 0.494386640203685 0.3425252099998 0.0903249734367795
  2 74 3 0 1000 0 0.0719046616752363 0.49508374176865 0.344649246775115 0.0883623497809985
  2 75 3 0 1000 0 0.071712069276565 0.495329444544671 0.344538657365646 0.0884198288131176
  2 76 3 0 1000 0 0.068762278978389 0.493745238763482 0.347059059380137 0.0904334228779921
  2 77 3 0 1000 0 0.0689171310588141 0.496922984404442 0.34440524395622 0.0897546405805236
  2 78 3 0 1000 0 0.0686558487767232 0.493239654014613 0.346556683671935 0.0915478135367284
  2 79 3 0 1000 0 0.0695538847117795 0.494706766917293 0.344401002506266 0.0913383458646616
  2 80 3 0 1000 0 0.0701063371318039 0.491255499764475 0.347394690159055 0.0912434729446666
  2 81 3 0 1000 0 0.0705614643583909 0.491494331224876 0.345890513948896 0.0920536904678368
  2 1 4 0 1000 0 0.125748862329349 0.402460369055358 0.459948992348852 0.01184177626644
  2 2 4 0 1000 0 0.285868576057282 0.344550336510095 0.36061081832455 0.00897026910807324
  2 3 4 0 1000 0.000100015002250338 0.624283642546382 0.189268390258539 0.182187328099215 0.00416062409361404
  2 4 4 0 1000 0 0.700685171292823 0.171862965741435 0.124591147786947 0.0028607151787947
  2 5 4 0 1000 0 0.453939012071569 0.420154620100613 0.122835968675928 0.00307039915188975
  2 6 4 0 1000 0 0.279160248844792 0.601458262487248 0.116180912564262 0.00320057610369867
  2 7 4 0 1000 0 0.202726354426075 0.669527038515007 0.124606198805845 0.0031404082530729
  2 8 4 0 1000 0 0.155004100902198 0.682300106023325 0.159875172537958 0.00282062053651803
  2 9 4 0 1000 0 0.178073149509436 0.63084200946123 0.188294478282177 0.00279036274715713
  2 10 4 0 1000 0 0.0934330806312884 0.64494029164083 0.257996119456724 0.00363050827115796
  2 11 4 0 1000 0 0.0830332853256521 0.620039206273004 0.293396943510962 0.00353056489038246
  2 12 4 0 1000 0 0.0610618318549557 0.586097582927488 0.348750462513875 0.00409012270368111
  2 13 4 0 1000 0.000830074706723605 0.585942734846136 0.220449840485644 0.190417137542379 0.00236021241911772
  2 14 4 0 1000 0 0.48285071267817 0.297174293573393 0.217034258564641 0.00294073518379595
  2 15 4 0 1000 0 0.157864201976553 0.599407834193574 0.238986916336574 0.00374104749329812
  2 16 4 0 1000 0 0.040933274661973 0.682574605968478 0.270701656132491 0.00579046323705896
  2 17 4 0 1000 0 0.0539618716117546 0.634419572305907 0.305647242393327 0.00597131368901158
  2 18 4 0 1000 0 0.0990107922663759 0.557177007171506 0.336630692445414 0.00718150811670451
  2 19 4 0 1000 0 0.172052690011102 0.490703233614387 0.330232744221402 0.00701133215310909
  2 20 4 0 1000 0 0.265131585528093 0.435467576245586 0.292248907204945 0.00715193102137577
  2 21 4 0 1000 0 0.311802472098884 0.426417056682267 0.254280171206848 0.00750030001200048
  2 22 4 0 1000 0 0.205254630555667 0.561497379685562 0.226577189262712 0.00667080049605953
  2 23 4 0 1000 0 0.12239611980599 0.673883694184709 0.19885994299715 0.00486024301215061
  2 24 4 0 1000 0 0.147555413299192 0.645674961990878 0.20311874849964 0.00365087621029047
  2 25 4 0 1000 0 0.175272269058834 0.5985919014331 0.222825597791845 0.00331023171622014
  2 26 4 0 1000 0 0.252005441197063 0.535137730300666 0.210166236572046 0.00269059193022465
  2 27 4 0 1000 0 0.330692831638011 0.477040637721167 0.189696042248027 0.00257048839279463
  2 28 4 0 1000 0.0020402856399896 0.947992718980657 0.0363950953133439 0.013491888864441 8.00112015682196e-05
  2 29 4 0 1000 0 0.898362721662683 0.0926957582789074 0.00890151325725373 4.00068011561966e-05
  2 30 4 0 1000 0 0.366657997919501 0.625930223253581 0.00736176682403777 5.00120028806914e-05
  2 31 4 0 1000 0 0.0531590370362962 0.931558364922037 0.0152525929407999 3.00051008671474e-05
  2 32 4 0 1000 0 0.00652084771020233 0.901677218038345 0.0917619290507766 4.00052006760879e-05
  2 33 4 0 1000 0 0.0293826444379994 0.767209048814393 0.203298296846716 0.00011000990089108
  2 34 4 0 1000 0 0.0833174985748717 0.640517646588193 0.275844826034343 0.000320028802592233
  2 35 4 0 1000 0 0.145696026562922 0.534828831171429 0.318765064157057 0.000710078108591945
  2 36 4 0 1000 0 0.165908340916591 0.516254837451625 0.316816831831682 0.001019989800102
  2 37 4 0 1000 0 0.197063500795135 0.492923797045498 0.308372423311963 0.00164027884740406
  2 38 4 0 1000 0 0.274241302738712 0.457288895112729 0.266539300218057 0.00193050193050193
  2 39 4 0 1000 0 0.311546078294093 0.455892060570903 0.230171430857554 0.00239043027744994
  2 40 4 0 1000 0 0.255271476013284 0.53582002960829 0.205807626135318 0.00310086824310807
  2 41 4 0 1000 0.00219054763690923 0.908877219304826 0.0661065266316579 0.0224756189047262 0.00035008752188047
  2 42 4 0 1000 0 0.767432091851022 0.206364763771653 0.0257330879705565 0.000470056406768812
  2 43 4 0 1000 0 0.21327839011022 0.760066812026165 0.0260946970454682 0.000560100818147267
  2 44 4 0 1000 0 0.0308877219304826 0.922470617654414 0.0459814953738435 0.000660165041260315
  2 45 4 0 1000 0 0.00999149872480872 0.83858578786818 0.150512576886533 0.000910136520478072
  2 46 4 0 1000 0 0.0368225775804306 0.731381196683768 0.230696148730411 0.00110007700539038
  2 47 4 0 1000 0.00101021214455036 0.530341371688055 0.320257254023345 0.147791036117585 0.000600126026465558
  2 48 4 0 1000 0 0.467952115690412 0.356942124791231 0.174395695612605 0.000710063905751518
  2 49 4 0 1000 0 0.159694372493524 0.65319878789091 0.186396775709814 0.000710063905751518
  2 50 4 0 1000 0 0.0555688910225636 0.72751640262442 0.215734517522804 0.00118018883021283
  2 51 4 0 1000 0 0.085002100546142 0.635995358793286 0.277102046532098 0.0019004941284734
  2 52 4 0 1000 0 0.106858165888201 0.56779652540932 0.322444815618655 0.00290049308382425
  2 53 4 0 1000 0 0.0808969883675572 0.531701657348043 0.382440312465618 0.00496104181878194
  2 54 4 0 1000 0 0.0911500265029153 0.503225354789027 0.399063897028673 0.00656072167938473
  2 55 4 0 1000 0 0.137006031145918 0.439523509466799 0.415068863083986 0.00840159630329763
  2 56 4 0 1000 0 0.142188531311879 0.419895193711623 0.427675660539632 0.0102406144368662
  2 57 4 0 1000 0.00011001320158419 0.517802136256351 0.226147137656519 0.249059887186462 0.00688082569908389
  2 58 4 0 1000 2.0004400968213e-05 0.739692732401128 0.132579167416832 0.123987277200984 0.00372081858008762
  2 59 4 0 1000 0 0.504320259215553 0.364771886313179 0.125927555653339 0.00498029881792908
  2 60 4 0 1000 0 0.108793934665626 0.761407509652123 0.12453739822761 0.00526115745464002
  2 61 4 0 1000 0 0.0209533525364058 0.844025044007041 0.131701072171547 0.0033205312850056
  2 62 4 0 1000 0 0.029334400160024 0.742901435215282 0.224493674051108 0.00327049057358604
  2 63 4 0 1000 0 0.0422242224222422 0.663646364636464 0.29033903390339 0.00379037903790379
  2 64 4 0 1000 0 0.0645858127231451 0.569081217309558 0.361162504625416 0.00517046534188077
  2 65 4 0 1000 0 0.104957842833282 0.5097266535311 0.379714551473751 0.00560095216186752
  2 66 4 0 1000 0 0.158092132898606 0.443162042685976 0.392834996899566 0.00591082751585222
  2 67 4 0 1000 0 0.159583937590639 0.438275741361204 0.397669650447567 0.00447067060059009
  2 68 4 0 1000 0 0.144698681920915 0.452607156429386 0.397593855631338 0.0051003060183611
  2 69 4 0 1000 0 0.195463455614674 0.422060647277673 0.376265151818218 0.00621074528943473
  2 70 4 0 1000 0 0.165034755213282 0.443856578486773 0.382447367105066 0.00866129919487923
  2 71 4 0 1000 0 0.125337547256616 0.490998739823575 0.373852339327506 0.00981137359230292
  2 72 4 0 1000 0 0.154126201454247 0.475130772231279 0.35963113729334 0.0111118890211336
  2 73 4 0 1000 0 0.196813458287909 0.437704409749657 0.352259884180311 0.013222247782123
  2 74 4 0 1000 0 0.186100471051816 0.460490653971937 0.339897388712758 0.013511486263489
  2 75 4 0 1000 0 0.224331596267141 0.448083059103594 0.313982215909659 0.0136031287196055
  2 76 4 0 1000 0 0.186976176664733 0.498839837577261 0.301062148700818 0.013121837057188
  2 77 4 0 1000 0 0.237960453277057 0.488232999609934 0.263434783913265 0.010371763199744
  2 78 4 0 1000 0 0.266898041647497 0.510981976755816 0.217629173251185 0.00449080834550219
  2 79 4 0 1000 0 0.310480362447118 0.489983697880724 0.196835588626521 0.00270035104563593
  2 80 4 0 1000 0 0.330165748066939 0.487451360894659 0.179952186133979 0.00243070490442228
  2 81 4 0 1000 0 0.270535750010003 0.541931740887448 0.184621694074341 0.0029108150282079
  2 1 5 0 1000 0.205170517051705 0.331853185318532 0.30955095509551 0.151695169516952 0.00173017301730173
  2 2 5 0 1000 0.202722435589694 0.328512562009922 0.31303008481357 0.153964634341495 0.00177028324531925
  2 3 5 0 1000 0.201368123131082 0.324729225630307 0.315708413757238 0.156414077266954 0.0017801602144193
  2 4 5 0 1000 0.19749382456772 0.32353264728531 0.316632164251498 0.16046123228626 0.00188013160921264
  2 5 5 0 1000 0.19599979999 0.320026001300065 0.319685984299215 0.16240812040602 0.00188009400470024
  2 6 5 0 1000 0.195435634850788 0.319055524441955 0.319245539643171 0.16435314825186 0.00191015281222498
  2 7 5 0 1000 0.193897755910236 0.3165626625065 0.317042681707268 0.170466818672747 0.00203008120324813
  2 8 5 0 1000 0.191829182918292 0.311281128112811 0.321122112211221 0.173677367736774 0.00209020902090209
  2 9 5 0 1000 0.191807672306892 0.312932517300692 0.320872834913397 0.172316892675707 0.00207008280331213
  2 10 5 0 1000 0.189791387483249 0.310468628117687 0.320699241954517 0.176850611036662 0.00219013140788447
  2 11 5 0 1000 0.18767501400112 0.310884870789663 0.322895831666533 0.176324105928474 0.00222017761420914
  2 12 5 0 1000 0.186889344467223 0.310385519275964 0.323306165308265 0.177238861943097 0.00218010900545027
  2 13 5 0 1000 0.187566870319078 0.308038437309388 0.322187446878718 0.179947403681742 0.00225984181107322
  2 14 5 0 1000 0.185359267963398 0.312155607780389 0.322486124306215 0.177818890944547 0.00218010900545027
  2 15 5 0 1000 0.186548654865487 0.306890689068907 0.324562456245625 0.17980798079808 0.00219021902190219
  2 16 5 0 1000 0.187006180865321 0.306382893605105 0.323205248734823 0.181145360350449 0.0022603164443022
  2 17 5 0 1000 0.184266583992559 0.304777429968697 0.325129261633547 0.183536518286646 0.00229020611855067
  2 18 5 0 1000 0.18458738349534 0.304482179287171 0.324262970518821 0.184317372694908 0.00235009400376015
  2 19 5 0 1000 0.186119305965298 0.302915145757288 0.324426221311066 0.184209210460523 0.00233011650582529
  2 20 5 0 1000 0.186639331966598 0.303115155757788 0.323326166308315 0.184569228461423 0.00235011750587529
  2 21 5 0 1000 0.183201679832017 0.304129587041296 0.323447655234477 0.186701329867013 0.00251974802519748
  2 22 5 0 1000 0.183081830818308 0.30120301203012 0.326043260432604 0.187151871518715 0.002520025200252
  2 23 5 0 1000 0.183431005860352 0.300238014280857 0.325789547372842 0.188011280676841 0.00253015180910855
  2 24 5 0 1000 0.182485474564237 0.301049031470944 0.32469974099223 0.189115673470204 0.00265007950238507
  2 25 5 0 1000 0.18085542566277 0.302109063271898 0.325269758092743 0.189075672270168 0.00269008070242107
  2 26 5 0 1000 0.17825139016682 0.298815857902948 0.327979357522903 0.192253070368444 0.00270032403888467
  2 27 5 0 1000 0.179210752645159 0.29697781866912 0.327789667380043 0.193161589695382 0.00286017161029662
  2 28 5 0 1000 0.176588829441472 0.295864793239662 0.330266513325666 0.194379718985949 0.00290014500725036
  2 29 5 0 1000 0.179904392351388 0.294283542683415 0.328226258100648 0.194655572445796 0.0029302344187535
  2 30 5 0 1000 0.180375411262338 0.29478884366531 0.328709861295839 0.193375801274038 0.00275008250247507
  2 31 5 0 1000 0.177102397167802 0.295020651445601 0.328913023911674 0.196213734961447 0.00275019251347594
  2 32 5 0 1000 0.175793515870317 0.292145842916858 0.328876577531551 0.200264005280106 0.00292005840116802
  2 33 5 0 1000 0.174603492069841 0.293585871717434 0.328736574731495 0.200164003280066 0.00291005820116402
  2 34 5 0 1000 0.174138258617414 0.290517094829052 0.330476695233048 0.201867981320187 0.0029999700003
  2 35 5 0 1000 0.175668243317567 0.287927120728793 0.329486705132949 0.203757962420376 0.003159968400316
  2 36 5 0 1000 0.174166516669667 0.290014199716006 0.329583408331833 0.203205935881282 0.00302993940121198
  2 37 5 0 1000 0.173908695434772 0.291334566728336 0.326726336316816 0.204880244012201 0.00315015750787539
  2 38 5 0 1000 0.17682 0.29039 0.32676 0.20298 0.00305
  2 39 5 0 1000 0.175920555233314 0.290647438846331 0.325559533572014 0.204712282736964 0.00316018961137668
  2 40 5 0 1000 0.176047041881675 0.289481579263171 0.327523100924037 0.203788151526061 0.0031601264050562
  2 41 5 0 1000 0.172693453869077 0.293865877317546 0.327536550731015 0.202764055281106 0.00314006280125602
  2 42 5 0 1000 0.176024081926554 0.289083126650132 0.328596287703016 0.203146251700136 0.00315025202016161
  2 43 5 0 1000 0.174502215155061 0.289840288820217 0.327972958107068 0.204534317402218 0.00315022051543608
  2 44 5 0 1000 0.176574125930074 0.289583166653332 0.32755620449636 0.203136250900072 0.00315025202016161
  2 45 5 0 1000 0.174108705435272 0.288264413220661 0.327986399319966 0.206350317515876 0.00329016450822541
  2 46 5 0 1000 0.175049255418096 0.290671973917131 0.326105871645881 0.20499254918041 0.00318034983848223
  2 47 5 0 1000 0.175290517431046 0.291207472448347 0.326349580974858 0.204042242534552 0.00311018661119667
  2 48 5 0 1000 0.173238661933097 0.290564528226411 0.328426421321066 0.204620231011551 0.00315015750787539
  2 49 5 0 1000 0.175989358829471 0.291052015721729 0.32757603336367 0.202322255448099 0.00306033663703007
  2 50 5 0 1000 0.176715301459044 0.288608658259748 0.325789773693211 0.205726171785154 0.00316009480284409
  2 51 5 0 1000 0.178345350360511 0.292018760562817 0.325239757192716 0.20135604068122 0.00304009120273608
  2 52 5 0 1000 0.177322907083717 0.292428302867885 0.324447022119115 0.202681892724291 0.0031198752049918
  2 53 5 0 1000 0.177442420969468 0.287980158611103 0.324792735491484 0.206274439210745 0.0035102457172002
  2 54 5 0 1000 0.179751797517975 0.290232902329023 0.322163221632216 0.204492044920449 0.003360033600336
  2 55 5 0 1000 0.180593611872237 0.291985839716794 0.320606412128243 0.203584071681434 0.00323006460129203
  2 56 5 0 1000 0.181437215582337 0.29175376306446 0.32151822773416 0.202100315047257 0.00319047857178577
  2 57 5 0 1000 0.180361643397208 0.292915149817978 0.322368684242109 0.201224146897628 0.00313037564507741
  2 58 5 0 1000 0.177883557671153 0.295465909318186 0.324056481129623 0.199463989279786 0.00313006260125203
  2 59 5 0 1000 0.180533469351016 0.293258123556062 0.322801964255353 0.200206026783482 0.00320041605408703
  2 60 5 0 1000 0.180913618272365 0.29247584951699 0.322306446128923 0.20107402148043 0.00323006460129203
  2 61 5 0 1000 0.178548927446372 0.290054502725136 0.324676233811691 0.203450172508625 0.00327016350817541
  2 62 5 0 1000 0.181292690488334 0.293310531737222 0.322392567479724 0.199853989779285 0.00315022051543608
  2 63 5 0 1000 0.179703594071881 0.295445908918178 0.322576451529031 0.19912398247965 0.00315006300126003
  2 64 5 0 1000 0.17925537766133 0.293778813364401 0.322709681290439 0.201036031080932 0.00322009660289809
  2 65 5 0 1000 0.179950797047823 0.292347540852451 0.321949316959018 0.202492149528972 0.0032601956117367
  2 66 5 0 1000 0.180404432354588 0.292753420273622 0.321245699655972 0.20230618449476 0.00329026322105768
  2 67 5 0 1000 0.179831798317983 0.293892938929389 0.321393213932139 0.201572015720157 0.003310033100331
  2 68 5 0 1000 0.179703594071881 0.290385807716154 0.322716454329087 0.20367407348147 0.00352007040140803
  2 69 5 0 1000 0.177467098683947 0.295981839273571 0.323362934517381 0.199897995919837 0.00329013160526421
  2 70 5 0 1000 0.180107204288172 0.293471738869555 0.322602904116165 0.200598023920957 0.00322012880515221
  2 71 5 0 1000 0.180575417262518 0.296128883866516 0.320869626088783 0.199315979479384 0.00311009330279908
  2 72 5 0 1000 0.178723574471489 0.296315926318526 0.322296445928919 0.199543990879818 0.00312006240124803
  2 73 5 0 1000 0.176665899930994 0.295136562290606 0.32396915722415 0.201028092528328 0.00320028802592233
  2 74 5 0 1000 0.179225091512812 0.293061028543996 0.323285259936391 0.201268177544856 0.00316044246194467
  2 75 5 0 1000 0.178129594255368 0.293152246747142 0.324605706627729 0.200982108031884 0.00313034433787717
  2 76 5 0 1000 0.179214337146972 0.292003360268822 0.324165933274662 0.201436114889191 0.00318025442035363
  2 77 5 0 1000 0.177478873943697 0.292804640232012 0.325266263313166 0.20118005900295 0.00327016350817541
  2 78 5 0 1000 0.178233564671293 0.291285825716514 0.322486449728995 0.204584091681834 0.00341006820136403
  2 79 5 0 1000 0.179423325032254 0.293848200266035 0.323692079970396 0.19991598907858 0.00312040565273486
  2 80 5 0 1000 0.177069477642541 0.295172468971587 0.324115652721799 0.200542059626559 0.00310034103751413
  2 81 5 0 1000 0.176765908931804 0.293056375073757 0.325119260733466 0.201858167235051 0.00320028802592233
  2 1 7 0 1000 0 0.0811394734736337 0.771125070016804 0.138333199967992 0.00940225654156998
  2 2 7 0 1000 0 0.0445333600080024 0.793658097429229 0.151435430629189 0.0103731119335801
  2 3 7 0 1000 0 0.0684150513112885 0.778451259277041 0.143481565944508 0.00965212346716278
  2 4 7 0 1000 0 0.107173223699347 0.751292900799248 0.132230991607398 0.00930288389400714
  2 5 7 0 1000 0 0.0860958287486246 0.776022806842053 0.128468540562169 0.00941282384715415
  2 6 7 0 1000 0 0.076460644373981 0.778040070819121 0.135956708311244 0.00954257649565383
  2 7 7 0 1000 0 0.0835200448107546 0.770935024405857 0.136032647835481 0.0095122829479075
  2 8 7 0 1000 0 0.0647300663205594 0.784693254909022 0.140323500285088 0.0102531784853305
  2 9 7 0 1000 0 0.0511994557932014 0.791950941357716 0.145665352834077 0.0111842500150057
  2 10 7 0 1000 0 0.0630789236771031 0.778943683104931 0.146844053215965 0.0111333400020006
  2 11 7 0 1000 0 0.0606830595626338 0.784568135891639 0.143914687581281 0.0108341169644465
  2 12 7 0 1000 0 0.0415958064064344 0.793831656029291 0.152948120285709 0.0116244172785659
  2 13 7 0 1000 0 0.0950156542266412 0.761465595710842 0.133305992618007 0.01021275744451
  2 14 7 0 1000 0 0.0761713279718321 0.776317368863282 0.136668267114792 0.010843036050094
  2 15 7 0 1000 0 0.107272909163665 0.754961984793918 0.128061224489796 0.00970388155262105
  2 16 7 0 1000 0 0.096426035029458 0.772968701549418 0.121772878677243 0.00883238474388085
  2 17 7 0 1000 0 0.0798235700069012 0.807167218427133 0.107788324015083 0.00522088755088365
  2 18 7 0 1000 0 0.0739577498599664 0.819616708009922 0.103194766744019 0.00323077538609266
  2 19 7 0 1000 0 0.0519223266004382 0.836829836829837 0.108436627749932 0.00281120881979251
  2 20 7 0 1000 0 0.0458469633764493 0.837749967487971 0.113622040154857 0.00278102898072287
  2 21 7 0 1000 0 0.00919193030536413 0.823332899908981 0.163804398923774 0.00367077086188099
  2 22 7 0 1000 0 0.0627063036389461 0.812051133294657 0.122131754256107 0.00311080881029068
  2 23 7 0 1000 0 0.0227863801864522 0.831562837594526 0.141619653502981 0.00403112871604049
  2 24 7 0 1000 0 0.00735213211831431 0.804453291454522 0.183433195626732 0.00476138080043213
  2 25 7 0 1000 0 0.0197053204365179 0.814689966290899 0.16066337911236 0.00494133416022326
  2 26 7 0 1000 0 0.0335387200672175 0.822873947226279 0.13883609738532 0.00475123532118351
  2 27 7 0 1000 0 0.0120221639895181 0.818647356524174 0.163919505510992 0.00541097397531556
  2 28 7 0 1000 0 0.0494098819763953 0.818233646729346 0.127965593118624 0.00439087817563513
  2 29 7 0 1000 0 0.0129923386209518 0.822798103658659 0.159238662959333 0.00497089476105699
  2 30 7 0 1000 0 0.0235558889722431 0.822755688922231 0.149107276819205 0.00458114528632158
  2 31 7 0 1000 0 0.0168932097098449 0.823966553645193 0.154069273161901 0.00507096348306178
  2 32 7 0 1000 0 0.0423284656931386 0.825475095019004 0.127405481096219 0.00479095819163833
  2 33 7 0 1000 0 0.0531969155990279 0.825787352355806 0.116585156070289 0.00443057597487673
  2 34 7 0 1000 0 0.0213351204289029 0.837571017044091 0.136752820676962 0.00434104185004401
  2 35 7 0 1000 0 0.0313662732546509 0.829415883176635 0.135197039407882 0.00402080416083217
  2 36 7 0 1000 0 0.0610828273937527 0.821812580641935 0.113313795897138 0.00379079606717411
  2 37 7 0 1000 0 0.0240957829879171 0.839931583580059 0.131931663599264 0.00404096983275986
  2 38 7 0 1000 0 0.0220548520674548 0.834383564384165 0.139690731961031 0.00387085158734922
  2 39 7 0 1000 0 0.0417879397085446 0.827297186465428 0.126944119382683 0.00397075444334424
  2 40 7 0 1000 0 0.0199145803534813 0.835742220710763 0.139862168298709 0.00448103063704652
  2 41 7 0 1000 0 0.0175836925754408 0.824703187669411 0.153092149351364 0.00462097040378479
  2 42 7 0 1000 0 0.0153218386206345 0.809667160059207 0.168010161219346 0.0070008401008121
  2 43 7 0 1000 0 0.0238440534890931 0.809067541482052 0.158316913875359 0.00877149115349609
  2 44 7 0 1000 0 0.0396955573780329 0.809613345868422 0.141679835176925 0.00901126157662073
  2 45 7 0 1000 0 0.0556177864901086 0.805932830596284 0.129818174544436 0.00863120836917168
  2 46 7 0 1000 0 0.0554505356017643 0.805423030375771 0.130594813014473 0.00853162100799152
  2 47 7 0 1000 0 0.0355449762966815 0.813733922749185 0.142059888384374 0.00866121256975977
  2 48 7 0 1000 0 0.035885741718675 0.807879260681709 0.147613618178909 0.00862137942070731
  2 49 7 0 1000 0 0.0154732493823703 0.80080816971564 0.17392652457016 0.00979205633182968
  2 50 7 0 1000 0 0.0267861608169879 0.803744861318103 0.159586704942137 0.00988227292277224
  2 51 7 0 1000 0 0.0555216595485052 0.7986077076186 0.136448654217386 0.00942197861550926
  2 52 7 0 1000 0 0.0413090879993599 0.811998639700734 0.137110164236132 0.00958210806377403
  2 53 7 0 1000 0 0.0167755359268559 0.807026318685166 0.166054798083368 0.0101433473046105
  2 54 7 0 1000 0 0.0239054982646009 0.807175650399592 0.159036578413035 0.00988227292277224
  2 55 7 0 1000 0 0.0328311625952824 0.807424524338275 0.14960086429386 0.0101434487725827
  2 56 7 0 1000 0 0.0384807746168927 0.806155723602609 0.145470731804905 0.00989276997559317
  2 57 7 0 1000 0 0.0383003410920949 0.809598591619737 0.142658517799806 0.00944254948836186
  2 58 7 0 1000 0 0.0423265073378618 0.808025129800622 0.14038475005252 0.00926361280899551
  2 59 7 0 1000 0 0.0528742760545347 0.804857311474098 0.133125944004881 0.00914246846648595
  2 60 7 0 1000 0 0.0450303569821059 0.808515958670494 0.137301579363254 0.00915210498414635
  2 61 7 0 1000 0 0.0397547092424197 0.810249792423197 0.140972159699089 0.00902333863529506
  2 62 7 0 1000 0 0.0557750592660018 0.799775939503666 0.135436567873326 0.00901243335700639
  2 63 7 0 1000 0 0.0298007282621744 0.811952302829018 0.148563482853827 0.00968348605497979
  2 64 7 0 1000 0 0.0350143558859132 0.811102552046339 0.144989445672726 0.00889364639502196
  2 65 7 0 1000 0 0.0480829824052494 0.807027897532334 0.135986716413432 0.00890240364898523
  2 66 7 0 1000 0 0.0288795302449808 0.813198355457301 0.148559024478078 0.00936308981964048
  2 67 7 0 1000 0 0.0500220052812675 0.806583580059214 0.135702568616468 0.00769184604305033
  2 68 7 0 1000 0 0.0452790558111622 0.815253050610122 0.131936387277455 0.00753150630126025
  2 69 7 0 1000 0 0.0176849517865002 0.815248269515464 0.159104549273797 0.00796222942423879
  2 70 7 0 1000 0 0.0142146908479798 0.803115027959227 0.174307521482089 0.00836275971070453
  2 71 7 0 1000 0 0.0399119735920776 0.809902970891267 0.14258277483245 0.00760228068420526
  2 72 7 0 1000 0 0.0473494698939788 0.814662932586517 0.130486097219444 0.00750150030006001
  2 73 7 0 1000 0 0.0238366742687953 0.820989877165606 0.147531308766455 0.00764213979914376
  2 74 7 0 1000 0 0.0525631407851963 0.808512128032008 0.132393098274569 0.00653163290822706
  2 75 7 0 1000 0 0.049102766719347 0.815902134554984 0.128153319863164 0.00684177886250425
  2 76 7 0 1000 0 0.02960829032129 0.824280798623615 0.139339014924179 0.00677189613091666
  2 77 7 0 1000 0 0.0464930180450526 0.815198255511543 0.131926939543072 0.00638178690033209
  2 78 7 0 1000 0 0.0181367105829157 0.816492102077769 0.157718355791643 0.00765283154767264
  2 79 7 0 1000 0 0.034546563847131 0.811914263710105 0.146257788979906 0.00728138346285794
  2 80 7 0 1000 0 0.0453827071580042 0.813537790581363 0.133997519305406 0.00708198295522746
  2 81 7 0 1000 0 0.0192251908015164 0.817110619867364 0.155692036849949 0.00797215248116992
  2 1 8 0 1000 0 0.248699895991679 0.602948235858869 0.1481718537483 0.000180014401152092
  2 2 8 0 1000 0 0.26997 0.60492 0.12496 0.00015
  2 3 8 0 1000 0 0.312770616881494 0.596362109136726 0.0908472745817625 1.99994000179995e-05
  2 4 8 0 1000 0 0.229747569708365 0.682711925431052 0.0875405048605833 0
  2 5 8 0 1000 0 0.123982479649593 0.750115002300046 0.125842516850337 6.00012000240005e-05
  2 6 8 0 1000 9.000900090009e-05 0.246924692469247 0.621902190219022 0.130993099309931 9.000900090009e-05
  2 7 8 0 1000 0.00542016260487815 0.658549756492695 0.259667790033701 0.0762822884686541 8.00024000720022e-05
  2 8 8 0 1000 2.0000200002e-05 0.733377333773338 0.194481944819448 0.0719707197071971 0.000150001500015
  2 9 8 0 1000 0 0.657423425765742 0.297247027529725 0.045259547404526 6.99993000069999e-05
  2 10 8 0 1000 0 0.343457476598128 0.618689495159613 0.0377630210416833 9.00072005760461e-05
  2 11 8 0 1000 0 0.128124093650302 0.831351448659353 0.0404644510896199 6.00066007260799e-05
  2 12 8 0 1000 0 0.038337284083976 0.858253068082936 0.103349636430922 6.00114021664116e-05
  2 13 8 0 1000 4.00008000160003e-05 0.112932258645173 0.725234504690094 0.161673233464669 0.000120002400048001
  2 14 8 0 1000 3.000300030003e-05 0.191379137913791 0.627202720272027 0.181088108810881 0.0003000300030003
  2 15 8 0 1000 0 0.22836685100553 0.606348190445713 0.165054951648549 0.000230006900207006
  2 16 8 0 1000 0.000240026402904319 0.390202922321455 0.496684635309884 0.112772404964546 0.000100011001210133
  2 17 8 0 1000 0 0.397683861031662 0.514220853251195 0.088045282716963 5.00030001800108e-05
  2 18 8 0 1000 0 0.350987549377469 0.587069353467673 0.0619330966548327 1.00005000250013e-05
  2 19 8 0 1000 0 0.355864234569383 0.585553422136885 0.0585523420936837 3.00012000480019e-05
  2 20 8 0 1000 0 0.279161166446658 0.649295971838874 0.0715028601144046 4.00016000640026e-05
  2 21 8 0 1000 0 0.114166850011001 0.773376402584155 0.112356741404484 0.000100006000360022
  2 22 8 0 1000 0.002960029600296 0.30810308103081 0.602466024660247 0.0863908639086391 8.00008000080001e-05
  2 23 8 0 1000 0.0239316752172652 0.77029392057444 0.173012110847759 0.0327422919604372 2.00014000980069e-05
  2 24 8 0 1000 0.00206010300515026 0.92269613480674 0.0610130506525326 0.0142207110355518 1.00005000250013e-05
  2 25 8 0 1000 0 0.859320152410669 0.132789295250668 0.00789055233866371 0
  2 26 8 0 1000 5.00025001250062e-05 0.632951647582379 0.36242812140607 0.00457022851142557 0
  2 27 8 0 1000 0 0.401112033361001 0.591247737432123 0.00764022920687621 0
  2 28 8 0 1000 0 0.137707245855083 0.828593428131437 0.0336993260134797 0
  2 29 8 0 1000 0.000209995800083998 0.19567608647827 0.726335473290534 0.0777484450310994 2.99994000119998e-05
  2 30 8 0 1000 1.00014001960274e-05 0.292981017342428 0.611565619186686 0.0954233592702978 2.00028003920549e-05
  2 31 8 0 1000 0 0.371717434348687 0.499029980599612 0.129092581851637 0.000160003200064001
  2 32 8 0 1000 0 0.323906478129563 0.576011520230405 0.100022000440009 6.00012000240005e-05
  2 33 8 0 1000 0.00058009861676485 0.503695628256804 0.444665593150836 0.0510486782753068 1.00017002890491e-05
  2 34 8 0 1000 0 0.526662132970638 0.421713737098968 0.0516241299303944 0
  2 35 8 0 1000 0 0.444674446744467 0.504585045850458 0.0507305073050731 1.0000100001e-05
  2 36 8 0 1000 0 0.325529297636787 0.633226990429139 0.0412337110339931 1.00009000810073e-05
  2 37 8 0 1000 0 0.372918645932297 0.589729486474324 0.0373418670933547 1.00005000250013e-05
  2 38 8 0 1000 0.000600012000240005 0.642842856857137 0.314356287125743 0.0421908438168763 1.00002000040001e-05
  2 39 8 0 1000 0 0.64969496949695 0.306070607060706 0.0442044204420442 3.000300030003e-05
  2 40 8 0 1000 0 0.570744244654679 0.400744044642679 0.0285117107026422 0
  2 41 8 0 1000 0 0.418428368567371 0.557211144222884 0.0243604872097442 0
  2 42 8 0 1000 0 0.241384138413841 0.717651765176518 0.0409440944094409 2.000200020002e-05
  2 43 8 0 1000 0 0.238601930096505 0.68180409020451 0.07956397819891 3.00015000750038e-05
  2 44 8 0 1000 0 0.22453347200832 0.677090625437526 0.0983559013540812 2.00012000720043e-05
  2 45 8 0 1000 0 0.269104617907642 0.611487770244595 0.119327613447731 7.99984000319994e-05
  2 46 8 0 1000 0 0.305734713264337 0.574771261436928 0.11940402979851 8.99955002249887e-05
  2 47 8 0 1000 0 0.366806680668067 0.526612661266127 0.106500650065007 8.000800080008e-05
  2 48 8 0 1000 0 0.321197815606809 0.558650557100278 0.1200216038887 0.000130023404212758
  2 49 8 0 1000 0 0.253080492878861 0.635481677068331 0.111317810849736 0.000120019203072492
  2 50 8 0 1000 0.00890973270801876 0.713628591142266 0.234722958311251 0.0426987190384288 3.99988000359989e-05
  2 51 8 0 1000 0 0.733250657572333 0.223184550300533 0.0435047855264079 6.00066007260799e-05
  2 52 8 0 1000 0 0.42723281698451 0.521365640969229 0.0512815384461534 0.000120003600108003
  2 53 8 0 1000 0 0.112342357659343 0.843972837012071 0.043584794327376 0.000100011001210133
  2 54 8 0 1000 0 0.0233921052894761 0.884519606764609 0.091918272644538 0.000170015301377124
  2 55 8 0 1000 0 0.0496139691175294 0.727788223057845 0.222237779022322 0.000360028802304184
  2 56 8 0 1000 0.00717007170071701 0.363623636236362 0.461064610646106 0.167721677216772 0.000420004200042
  2 57 8 0 1000 0 0.372353935224534 0.464117511774176 0.163088583799134 0.000439969202155849
  2 58 8 0 1000 0 0.237451370623356 0.603764338790491 0.158464261783561 0.000320028802592233
  2 59 8 0 1000 0 0.125703771113133 0.725601768053042 0.148434453033591 0.000260007800234007
  2 60 8 0 1000 0.00108009720874879 0.357242151793661 0.511396025642308 0.130031702853257 0.000250022502025182
  2 61 8 0 1000 0 0.397029851492575 0.43965198259913 0.162998149907495 0.00032001600080004
  2 62 8 0 1000 0.00652980410587682 0.702098937031889 0.222983310500685 0.0681979540613782 0.000189994300170995
  2 63 8 0 1000 0 0.63793465542588 0.301201084075885 0.0606242436970588 0.000240016801176082
  2 64 8 0 1000 0 0.28824729483769 0.651169070144209 0.060223613416805 0.000360021601296078
  2 65 8 0 1000 0 0.094073762950518 0.836623464938598 0.0689227569102764 0.000380015200608024
  2 66 8 0 1000 0 0.043720437204372 0.827068270682707 0.128681286812868 0.000530005300053001
  2 67 8 0 1000 0.000580052204698423 0.178146033142983 0.6018641677751 0.218709683871548 0.00070006300567051
  2 68 8 0 1000 0 0.198115943478304 0.589287678630359 0.211756352690581 0.000840025200756023
  2 69 8 0 1000 0 0.234855834141756 0.584244266869356 0.180209823080539 0.000690075908349918
  2 70 8 0 1000 0 0.201848073922957 0.634575383015321 0.163216528661146 0.000360014400576023
  2 71 8 0 1000 0 0.192633484343904 0.658926124828738 0.148170371926035 0.000270018901323093
  2 72 8 0 1000 0.00136006800340017 0.491614580729036 0.390129506475324 0.11665583279164 0.00024001200060003
  2 73 8 0 1000 9.00063004410309e-05 0.667576730371126 0.248017361215285 0.0841058874121188 0.000210014701029072
  2 74 8 0 1000 0.00100002000040001 0.836246724934499 0.126282525650513 0.0363507270145403 0.000120002400048001
  2 75 8 0 1000 0 0.818939053047348 0.16195190240488 0.0190290485475726 7.999600019999e-05
  2 76 8 0 1000 0 0.535317472223056 0.447231306191433 0.017371215985119 8.00056003920274e-05
  2 77 8 0 1000 0 0.171790307418445 0.806598395903754 0.0215112906774406 0.000100006000360022
  2 78 8 0 1000 0 0.0946371608851734 0.851964441066768 0.0532984010479686 9.99970000899973e-05
  2 79 8 0 1000 0 0.115108848911511 0.72750272497275 0.157208427915721 0.000179998200018
  2 80 8 0 1000 0 0.0850534021360854 0.688267530701228 0.226209048361934 0.00047001880075203
  2 81 8 0 1000 0 0.116183485504565 0.680850425512765 0.202616078482354 0.000350010500315009
  2 1 9 0 1000 0 0.00987009870098701 0.379613796137961 0.596265962659627 0.014250142501425
  2 2 9 0 1000 0 0.0101409126821414 0.3659629366643 0.610144913042174 0.013751237611385
  2 3 9 0 1000 0 0.0227915954116788 0.395517686238037 0.568579800586041 0.0131109177642435
  2 4 9 0 1000 0 0.012770127701277 0.383453834538345 0.58909589095891 0.014680146801468
  2 5 9 0 1000 0 0.0210525263031564 0.400928111373365 0.563157578909469 0.0148617834140097
  2 6 9 0 1000 0 0.024762723899629 0.434637810159118 0.52674794227365 0.0138515236676034
  2 7 9 0 1000 0 0.01509 0.43035 0.54117 0.01339
  2 8 9 0 1000 0 0.0181303626072521 0.433098661973239 0.53720074401488 0.0115702314046281
  2 9 9 0 1000 0 0.0125011251012591 0.407236651298617 0.567981118300647 0.012281105299477
  2 10 9 0 1000 0 0.0105503165094953 0.383691510745322 0.59367781033431 0.0120803624108723
  2 11 9 0 1000 0 0.0160195194144176 0.376128716138516 0.59442216733498 0.0134295971120866
  2 12 9 0 1000 0 0.01886 0.38563 0.5806 0.01491
  2 13 9 0 1000 0 0.0162795116146516 0.39767806965791 0.572042838714839 0.0139995800125996
  2 14 9 0 1000 0 0.0126112611261126 0.379347934793479 0.592139213921392 0.0159015901590159
  2 15 9 0 1000 0 0.0199903998079962 0.398177963559271 0.566561331226625 0.0152703054061081
  2 16 9 0 1000 0 0.0172410344620677 0.417495049702982 0.552163129787787 0.0131007860471628
  2 17 9 0 1000 0 0.01456 0.40619 0.56588 0.01337
  2 18 9 0 1000 0 0.012209877901221 0.39239607603924 0.582664173358266 0.012729872701273
  2 19 9 0 1000 0 0.015320153201532 0.384533845338453 0.58689586895869 0.013250132501325
  2 20 9 0 1000 0 0.018812069327626 0.392243146746142 0.574703217353909 0.014241566572323
  2 21 9 0 1000 0 0.0142407120356018 0.388879443972199 0.581939096954848 0.0149407470373519
  2 22 9 0 1000 0 0.019089809101909 0.403405965940341 0.563694363056369 0.013809861901381
  2 23 9 0 1000 0 0.0151995440136796 0.403417897463076 0.567792966211014 0.0135895923122306
  2 24 9 0 1000 0 0.0184809240462023 0.404270213510676 0.563038151907595 0.0142107105355268
  2 25 9 0 1000 0 0.0147914791479148 0.408170817081708 0.563796379637964 0.0132413241324132
  2 26 9 0 1000 0 0.0168715184366593 0.408646778210039 0.561840565650909 0.0126411377023932
  2 27 9 0 1000 0 0.0157615761576158 0.405770577057706 0.565946594659466 0.0125212521252125
  2 28 9 0 1000 0 0.016380163801638 0.398713987139871 0.571335713357134 0.013570135701357
  2 29 9 0 1000 0 0.0145804374131224 0.392181765452964 0.57907737232117 0.0141604248127444
  2 30 9 0 1000 0 0.02109 0.41323 0.5526 0.01308
  2 31 9 0 1000 0 0.0132505300212008 0.400736029441178 0.572222888915557 0.0137905516220649
  2 32 9 0 1000 0 0.0126203786113583 0.387501625048751 0.586117583527506 0.0137604128123844
  2 33 9 0 1000 0 0.0122403672110163 0.371731151934558 0.601318039541186 0.0147104413132394
  2 34 9 0 1000 0 0.0185514841187295 0.389911192895432 0.57755620449636 0.0139811184894792
  2 35 9 0 1000 0 0.0130303909117274 0.383681510445313 0.588807664229927 0.0144804344130324
  2 36 9 0 1000 0 0.0125002500050001 0.374437488749775 0.598191963839277 0.0148702974059481
  2 37 9 0 1000 0 0.0129911692052285 0.367263053674831 0.604354391895271 0.0153913852246702
  2 38 9 0 1000 0 0.02077 0.39345 0.57102 0.01476
  2 39 9 0 1000 0 0.0164309858591516 0.399653979238754 0.568894133648019 0.0150209012540752
  2 40 9 0 1000 0 0.0177615985438689 0.415777419967797 0.553489814083267 0.0129711674050665
  2 41 9 0 1000 0 0.0212706381191436 0.426412792383771 0.53996619898597 0.0123503705111153
  2 42 9 0 1000 0 0.01142 0.40336 0.57208 0.01314
  2 43 9 0 1000 0 0.0128707722463348 0.381772906374382 0.59110546632798 0.0142508550513031
  2 44 9 0 1000 0 0.0151603032060641 0.388367767355347 0.583321666433329 0.0131502630052601
  2 45 9 0 1000 0 0.0112605630281514 0.370848542427121 0.6038401920096 0.0140507025351268
  2 46 9 0 1000 0 0.0132111890070106 0.36318268644178 0.608534768129132 0.015071356422078
  2 47 9 0 1000 0 0.0217310865543277 0.388939446972349 0.573878693934697 0.0154507725386269
  2 48 9 0 1000 0 0.0161816181618162 0.405000500050005 0.564336433643364 0.0144814481448145
  2 49 9 0 1000 0 0.0197811868712123 0.413924835490129 0.552163129787787 0.0141308478508711
  2 50 9 0 1000 0 0.0142709989699279 0.408368585801006 0.563419439360755 0.0139409758683108
  2 51 9 0 1000 0 0.0150007500375019 0.409780489024451 0.56304815240762 0.0121706085304265
  2 52 9 0 1000 0 0.016240162401624 0.400964009640096 0.569955699556996 0.012840128401284
  2 53 9 0 1000 0 0.02455 0.42677 0.53643 0.01225
  2 54 9 0 1000 0 0.0170410224613477 0.42725563533812 0.543742624557473 0.0119607176430586
  2 55 9 0 1000 0 0.0146904407132214 0.406872206166185 0.565316959508785 0.0131203936118084
  2 56 9 0 1000 0 0.0151407570378519 0.393249662483124 0.577268863443172 0.0143407170358518
  2 57 9 0 1000 0 0.0134512106089548 0.389875088757988 0.582992469322239 0.013681231310818
  2 58 9 0 1000 0 0.0134720208031205 0.38078711806771 0.591558733810072 0.0141821273190979
  2 59 9 0 1000 0 0.0150003000060001 0.384047680953619 0.587251745034901 0.0137002740054801
  2 60 9 0 1000 0 0.01185 0.37132 0.60236 0.01447
  2 61 9 0 1000 0 0.0160104803144094 0.372541176235287 0.59607788233647 0.0153704611138334
  2 62 9 0 1000 0 0.014259857401426 0.373156268437316 0.596124038759612 0.016459835401646
  2 63 9 0 1000 0 0.0229409176367055 0.414076563062522 0.548881955278211 0.0141005640225609
  2 64 9 0 1000 0 0.0129105164206568 0.410216408656346 0.563272530901236 0.0136005440217609
  2 65 9 0 1000 0 0.02031 0.41684 0.54966 0.01319
  2 66 9 0 1000 0 0.0142717126055127 0.411579389526743 0.561487378485418 0.0126615193823259
  2 67 9 0 1000 0 0.0153312264981198 0.400842067365389 0.570835666853348 0.0129910392831427
  2 68 9 0 1000 0 0.0167706708268331 0.39885595423817 0.571202848113925 0.0131705268210728
  2 69 9 0 1000 0 0.0106196814095577 0.379758607241783 0.595932122036339 0.0136895893123206
  2 70 9 0 1000 0 0.01526 0.37635 0.5938 0.01459
  2 71 9 0 1000 0 0.0168108405420271 0.383519175958798 0.584859242962148 0.0148107405370269
  2 72 9 0 1000 0 0.0142212799151924 0.381224310187917 0.588913002170195 0.0156414077266954
  2 73 9 0 1000 0 0.0122711043993959 0.381604344390995 0.59174325689312 0.0143812943164885
  2 74 9 0 1000 0 0.0118704748189928 0.365414616584663 0.606934277371095 0.015780631225249
  2 75 9 0 1000 0 0.0164511515806106 0.379536567559729 0.589451261588311 0.014561019271349
  2 76 9 0 1000 0 0.0159295221143366 0.387798366049019 0.581562553123406 0.0147095587132386
  2 77 9 0 1000 0 0.0176007040281611 0.397335893435737 0.570672826913077 0.0143905756230249
  2 78 9 0 1000 0 0.0101305065253263 0.385509275463773 0.590449522476124 0.0139106955347767
  2 79 9 0 1000 0 0.0122406120306015 0.36404820241012 0.608260413020651 0.0154507725386269
  2 80 9 0 1000 0 0.017491224385707 0.381246687268109 0.586101027071895 0.0151610612742892
  2 81 9 0 1000 0 0.021432571908629 0.412539504740569 0.552326279153498 0.0137016441973037
  2 1 10 0 1000 0 0.0338606772135443 0.73857477149543 0.224104482089642 0.00346006920138403
  2 2 10 0 1000 0 0.0419729381056674 0.72022041542908 0.233946376246337 0.00386027021891532
  2 3 10 0 1000 0 0.111625581279064 0.64343217160858 0.240562028101405 0.00438021901095055
  2 4 10 0 1000 0 0.0503510070201404 0.705784115682314 0.239244784895698 0.00462009240184804
  2 5 10 0 1000 0 0.02685 0.72411 0.24405 0.00499
  2 6 10 0 1000 0 0.0540848676380874 0.682241401726155 0.257933213989259 0.00574051664649819
  2 7 10 0 1000 0 0.0598105981059811 0.672026720267203 0.261782617826178 0.00638006380063801
  2 8 10 0 1000 0 0.0375730058404672 0.699255940475238 0.256520521641731 0.0066505320425634
  2 9 10 0 1000 0 0.110855542777139 0.623641182059103 0.258532926646332 0.00697034851742587
  2 10 10 0 1000 0 0.078257043133882 0.657889210028903 0.256813113180186 0.00704063365702913
  2 11 10 0 1000 0 0.06788 0.66949 0.25546 0.00717
  2 12 10 0 1000 0 0.170527052705271 0.566576657665767 0.255625562556256 0.00727072707270727
  2 13 10 0 1000 0 0.117487049222953 0.624167450047003 0.251165069904194 0.00718043082584955
  2 14 10 0 1000 0 0.114525726286314 0.629881494074704 0.248572428621431 0.00702035101755088
  2 15 10 0 1000 0 0.119905995299765 0.627741387069353 0.245572278613931 0.00678033901695085
  2 16 10 0 1000 0 0.0430617224688988 0.705168206728269 0.245329813192528 0.00644025761030441
  2 17 10 0 1000 0 0.105968477478198 0.670883670693656 0.217637410992879 0.00551044083526682
  2 18 10 0 1000 0 0.0861468917513401 0.719117529402352 0.190135210816865 0.00460036802944236
  2 19 10 0 1000 0 0.0934528035841075 0.741912257367721 0.160964828944868 0.0036701101033031
  2 20 10 0 1000 0 0.19823 0.65534 0.14342 0.00301
  2 21 10 0 1000 0 0.06412448871421 0.804876341343894 0.128629004030282 0.00237016591161381
  2 22 10 0 1000 0 0.0287714385719286 0.835471773588679 0.133736686834342 0.00202010100505025
  2 23 10 0 1000 0 0.0586523460938438 0.811092443697748 0.128505140205608 0.00175007000280011
  2 24 10 0 1000 0 0.0208806264187926 0.83715511465344 0.140264207926238 0.00170005100153005
  2 25 10 0 1000 0 0.035713214189277 0.826594393495415 0.136062245602104 0.00163014671320419
  2 26 10 0 1000 0 0.100137009590671 0.774754232796296 0.123588651205584 0.00152010640744852
  2 27 10 0 1000 0 0.0183909195459773 0.846372318615931 0.133746687334367 0.00149007450372519
  2 28 10 0 1000 0 0.0841542077103855 0.789289464473224 0.125056252812641 0.00150007500375019
  2 29 10 0 1000 0 0.0272794544109118 0.841513169736605 0.129687406251875 0.00151996960060799
  2 30 10 0 1000 0 0.012029879701203 0.839691603083969 0.146668533314667 0.001609983900161
  2 31 10 0 1000 0 0.0475642807852707 0.820383834545109 0.130421737956416 0.00163014671320419
  2 32 10 0 1000 0 0.0618061806180618 0.811951195119512 0.124642464246425 0.0016001600160016
  2 33 10 0 1000 0 0.0276324869238231 0.844906041543739 0.125951335620206 0.0015101359122321
  2 34 10 0 1000 0 0.02128 0.8465 0.13073 0.00149
  2 35 10 0 1000 0 0.0379345521462576 0.831429771572589 0.129085490258831 0.00155018602232268
  2 36 10 0 1000 0 0.0267813390669533 0.845232261613081 0.126566328316416 0.00142007100355018
  2 37 10 0 1000 0 0.0164703294065881 0.839256785135703 0.142622852457049 0.00165003300066001
  2 38 10 0 1000 0 0.0127408918624304 0.833988379186543 0.151460602242157 0.00181012670886962
  2 39 10 0 1000 0 0.0314618877132628 0.830809848590915 0.135928155689341 0.00180010800648039
  2 40 10 0 1000 0 0.0185303706074121 0.838996779935599 0.140642812856257 0.00183003660073201
  2 41 10 0 1000 0 0.0998449922496125 0.774218710935547 0.124176208810441 0.00176008800440022
  2 42 10 0 1000 0 0.016330816540827 0.84051202560128 0.141417070853543 0.00174008700435022
  2 43 10 0 1000 0 0.00958 0.81964 0.16864 0.00214
  2 44 10 0 1000 0 0.0323322632584281 0.801526106827478 0.163581450701549 0.00256017921254488
  2 45 10 0 1000 0 0.0216115128058964 0.800796055723901 0.174582220755453 0.00301021071475003
  2 46 10 0 1000 0 0.0302009060271808 0.788673660209806 0.177765332959989 0.00336010080302409
  2 47 10 0 1000 0 0.0200710035501775 0.794529726486324 0.181889094454723 0.00351017550877544
  2 48 10 0 1000 0 0.0700177019472142 0.747872265949254 0.178269609657062 0.00384042244646911
  2 49 10 0 1000 0 0.0499229953797228 0.773626417585055 0.172600356021361 0.00385023101386083
  2 50 10 0 1000 0 0.0213610680534027 0.786449322466123 0.188009400470024 0.00418020901045052
  2 51 10 0 1000 0 0.0314522016541158 0.776194333603352 0.187893152520676 0.00446031222185553
  2 52 10 0 1000 0 0.0448526911614697 0.766595995759746 0.18406104366262 0.00449026941616497
  2 53 10 0 1000 0 0.0201314091986439 0.778164471513006 0.196923784664927 0.00478033462342364
  2 54 10 0 1000 0 0.0211719054714924 0.7744196977728 0.199437949415447 0.00497044734026062
  2 55 10 0 1000 0 0.0712356988559085 0.732188575086007 0.19164533162653 0.00493039443155452
  2 56 10 0 1000 0 0.0465790684186316 0.76147477050459 0.18702625947481 0.00491990160196796
  2 57 10 0 1000 0 0.0203432549207873 0.776764282285166 0.197891662666027 0.00500080012802048
  2 58 10 0 1000 0 0.0362621757305438 0.7615556933416 0.197051823109387 0.00513030781846911
  2 59 10 0 1000 0 0.0169210152609157 0.772536352181131 0.205302318139088 0.00524031441886513
  2 60 10 0 1000 0 0.117652941823601 0.683225154767024 0.19384132254548 0.00528058086389503
  2 61 10 0 1000 0 0.0247717340213815 0.77110397727841 0.198923924674727 0.00520036402548178
  2 62 10 0 1000 0 0.0347127770221618 0.764601168093447 0.195575646051684 0.00511040883270662
  2 63 10 0 1000 0 0.033544025283034 0.765461855422651 0.195943513221587 0.00505060607272873
  2 64 10 0 1000 0 0.0264110564422577 0.767090683627345 0.201348053922157 0.00515020600824033
  2 65 10 0 1000 0 0.0359821589295358 0.757635458127488 0.201092065523931 0.00529031741904514
  2 66 10 0 1000 0 0.0411612348370451 0.759182775483265 0.194585837575127 0.00507015210456314
  2 67 10 0 1000 0 0.0412412372371171 0.761282838485155 0.192575777273318 0.00490014700441013
  2 68 10 0 1000 0 0.0207820782078208 0.780958095809581 0.193539353935394 0.00472047204720472
  2 69 10 0 1000 0 0.0754715094301886 0.735504710094202 0.184393687873757 0.00463009260185204
  2 70 10 0 1000 0 0.0582234934096046 0.761145668740124 0.176300578034682 0.00433025981558894
  2 71 10 0 1000 0 0.0581540707849549 0.768573800166012 0.16929185042953 0.00398027861950337
  2 72 10 0 1000 0 0.0530531831909915 0.779076744604676 0.164239854391263 0.00363021781306878
  2 73 10 0 1000 0 0.0384326902883202 0.784794935645495 0.173172122048543 0.00360025201764123
  2 74 10 0 1000 0 0.0900445022251113 0.742587129356468 0.163978198909945 0.00339016950847542
  2 75 10 0 1000 0 0.0209708388335533 0.802862114484579 0.172926917076683 0.00324012960518421
  2 76 10 0 1000 0 0.0411949433932072 0.785454254510541 0.17016041925031 0.00319038284594151
  2 77 10 0 1000 0 0.0342676012679112 0.795474316797824 0.167168298219125 0.00308978371513994
  2 78 10 0 1000 0 0.03686 0.7873 0.17262 0.00322
  2 79 10 0 1000 0 0.0243114586875213 0.797847870872252 0.174610476628598 0.0032301938116287
  2 80 10 0 1000 0 0.0489219568782751 0.775401016040642 0.172366894675787 0.00331013240529621
  2 81 10 0 1000 0 0.0285917155029302 0.794667680060804 0.173420405224313 0.00332019921195272
  2 1 11 0 1000 0.0892160588906003 0.409833770078614 0.356044087935828 0.142945730231442 0.00196035286351543
  2 2 11 0 1000 0.0857177145943135 0.407276654898941 0.366733005970537 0.138322449020412 0.00195017551579642
  2 3 11 0 1000 0.0852596097102334 0.400252057973334 0.377896916290747 0.134750992728328 0.00184042329735839
  2 4 11 0 1000 0.0851944830621206 0.393356870668014 0.387005790984467 0.13274256623626 0.00170028904913835
  2 5 11 0 1000 0.0845552199395891 0.383939109039627 0.397281510671921 0.132633874097338 0.00159028625152527
  2 6 11 0 1000 0.0825907367957835 0.377509076179903 0.399231900147019 0.139008071049236 0.00166021582805765
  2 7 11 0 1000 0.076256776490828 0.374552401528336 0.402468543079477 0.144941887215187 0.00178039168617096
  2 8 11 0 1000 0.0738469848065055 0.371165368034648 0.401082248917251 0.151974954239475 0.00193044400212049
  2 9 11 0 1000 0.0722286674400928 0.365853902468296 0.403178381405769 0.156708805056607 0.00203024362923551
  2 10 11 0 1000 0.0706820159427103 0.363341768100577 0.401888321014573 0.161927527679706 0.00216036726243461
  2 11 11 0 1000 0.0707097987436482 0.358610410915056 0.40079222182211 0.167546913135678 0.00234065538350738
  2 12 11 0 1000 0.0712456740482906 0.354057892736402 0.401288283422353 0.170957610674348 0.00245053911860609
  2 13 11 0 1000 0.0752525757727318 0.348274482344703 0.401080324097229 0.172901870561168 0.00249074722416725
  2 14 11 0 1000 0.077007711773708 0.34688978465047 0.398461646178621 0.175060263860688 0.0025805935365134
  2 15 11 0 1000 0.0750167515076357 0.351111600044004 0.396315668410157 0.174915742416818 0.00264023762138592
  2 16 11 0 1000 0.0721708256238436 0.356253438015702 0.394909236385458 0.173996099414912 0.00267040056008401
  2 17 11 0 1000 0.0757843990358168 0.366289595023054 0.384583070783449 0.17072243726308 0.00262049789459997
  2 18 11 0 1000 0.0802380238023802 0.382088208820882 0.371677167716772 0.163466346634663 0.00253025302530253
  2 19 11 0 1000 0.0835691926111872 0.403414375581314 0.354298972887018 0.156307193791317 0.00241026512916421
  2 20 11 0 1000 0.0863698650689659 0.4217069926083 0.341048441141463 0.148604178961161 0.00227052222011063
  2 21 11 0 1000 0.0895050614171968 0.441843716240547 0.325391109510663 0.141059496659065 0.00220061617252831
  2 22 11 0 1000 0.0940741111166675 0.453027954193129 0.314747212081812 0.135990398559784 0.00216032404860729
  2 23 11 0 1000 0.0963802398503686 0.464457536082577 0.309394972944318 0.127736824733194 0.0020304263895418
  2 24 11 0 1000 0.0940706955530217 0.47956550441097 0.303746824301346 0.120656544439777 0.00196043129488487
  2 25 11 0 1000 0.0922656851664783 0.490423371973235 0.301641279017433 0.113759339087645 0.00191032475520839
  2 26 11 0 1000 0.0966254600736118 0.493528964634341 0.302828452552408 0.105206833093295 0.00181028964634341
  2 27 11 0 1000 0.0960896089608961 0.495849584958496 0.306310631063106 0.0999599959996 0.00179017901790179
  2 28 11 0 1000 0.0934542981175105 0.501610418708864 0.308360173645148 0.0949746934202893 0.00160041610818813
  2 29 11 0 1000 0.0926750222560091 0.505496484050694 0.309643603773019 0.0906744821101697 0.00151040781010873
  2 30 11 0 1000 0.0961640410102526 0.504846211552888 0.30880720180045 0.0887821955488872 0.00140035008752188
  2 31 11 0 1000 0.0913682736547309 0.507571514302861 0.311502300460092 0.0882176435287057 0.00134026805361072
  2 32 11 0 1000 0.0895271621729738 0.509030722457797 0.310794863589087 0.0892971437715017 0.00135010800864069
  2 33 11 0 1000 0.0900744119059049 0.504820771323412 0.312489998399744 0.0912245959353497 0.00139022243558969
  2 34 11 0 1000 0.0962121287896216 0.501285295617992 0.309921281894836 0.0911809716234734 0.00140032207407704
  2 35 11 0 1000 0.100680136027205 0.498369673934787 0.309081816363273 0.0904680936187237 0.0014002800560112
  2 36 11 0 1000 0.11933983495874 0.484491122780695 0.303855963990998 0.0909127281820455 0.00140035008752188
  2 37 11 0 1000 0.120744148829766 0.483216643328666 0.302200440088018 0.0924184836967393 0.00142028405681136
  2 38 11 0 1000 0.107000330062712 0.501505286004341 0.298066632660205 0.0919674738200258 0.00146027745271602
  2 39 11 0 1000 0.0964425375298789 0.512576634962545 0.29910888415494 0.0904617600288037 0.0014101833238321
  2 40 11 0 1000 0.0935612273472817 0.516752010241229 0.297995759491139 0.0902308276993239 0.00146017522102652
  2 41 11 0 1000 0.0991888458807173 0.511057100849161 0.299916984227003 0.0884468048929297 0.00139026415018854
  2 42 11 0 1000 0.0935624549891974 0.504291029847163 0.309344242618228 0.0913319196607186 0.00147035288469233
  2 43 11 0 1000 0.0869873974794959 0.49623924784957 0.320834166833367 0.094378875775155 0.00156031206241248
  2 44 11 0 1000 0.0825599071888627 0.482637916549986 0.334120094411329 0.0990518862263472 0.00163019562347482
  2 45 11 0 1000 0.0809948596915815 0.468778126687601 0.346210772646359 0.102316138968338 0.00170010200612037
  2 46 11 0 1000 0.081795541152819 0.454496354307318 0.356597753573179 0.105360018403497 0.00175033256318701
  2 47 11 0 1000 0.0865403848461815 0.441612993559227 0.360283233988079 0.109723166780014 0.00184022082649918
  2 48 11 0 1000 0.0844928130595261 0.432246706610785 0.365938803476939 0.115391155612015 0.001930521240735
  2 49 11 0 1000 0.0870656718209278 0.424756456162109 0.36627592966734 0.119951591286432 0.00195035106319137
  2 50 11 0 1000 0.0973055688910226 0.413246119379101 0.361987918066891 0.125450072011522 0.00201032165146423
  2 51 11 0 1000 0.0981929457883736 0.408632258967769 0.359420782623479 0.131573947218417 0.00218006540196206
  2 52 11 0 1000 0.0880235209408376 0.415566622664907 0.357854314172567 0.136335453418137 0.00222008880355214
  2 53 11 0 1000 0.0796779677967797 0.420492049204921 0.353325332533253 0.143954395439544 0.00255025502550255
  2 54 11 0 1000 0.0728682170542636 0.423915978994749 0.352998249562391 0.14752688172043 0.00269067266816704
  2 55 11 0 1000 0.0709392220988729 0.423955114164841 0.354346064988449 0.148019242501525 0.00274035624631202
  2 56 11 0 1000 0.0720036806993329 0.420469889278963 0.355637571138516 0.148898290675228 0.00299056820795951
  2 57 11 0 1000 0.0749859988799104 0.414593167453396 0.357898631890551 0.149511960956877 0.00301024081926554
  2 58 11 0 1000 0.0755643572278733 0.409157739970594 0.361228633440354 0.151008691651414 0.00304057770976486
  2 59 11 0 1000 0.0708748837255824 0.413956930955501 0.362356094779904 0.149731443603157 0.00308064693585653
  2 60 11 0 1000 0.0718243648729746 0.409531906381276 0.365253050610122 0.150350070014003 0.00304060812162432
  2 61 11 0 1000 0.0838834873764654 0.40195254671308 0.362131396791102 0.149031728884088 0.00300084023526587
  2 62 11 0 1000 0.0826907497974737 0.399091881944653 0.364627401562203 0.150589576644964 0.00300039005070659
  2 63 11 0 1000 0.0790489717532208 0.400496119068576 0.366657997919501 0.15087621029047 0.00292070096823238
  2 64 11 0 1000 0.0769561607937667 0.403634763300293 0.36506666399944 0.151341781774173 0.00300063013232779
  2 65 11 0 1000 0.0710649236339631 0.408465777813341 0.364286500165035 0.153162164054451 0.00302063433320997
  2 66 11 0 1000 0.0699767944306634 0.408848123549652 0.364187404977195 0.153946947267344 0.00304072977514603
  2 67 11 0 1000 0.0720851378789546 0.407475569869673 0.363396313225777 0.154002340491503 0.00304063853409216
  2 68 11 0 1000 0.0749827470670014 0.405528939919786 0.362521628676875 0.153916165748177 0.00305051858815999
  2 69 11 0 1000 0.0771339115125689 0.407156218427713 0.358791225279837 0.153877702087647 0.00304094269223459
  2 70 11 0 1000 0.0738618178908625 0.415486477836454 0.355766922707633 0.151874299887982 0.00301048167706833
  2 71 11 0 1000 0.0735073507350735 0.416571657165717 0.355635563556356 0.151235123512351 0.00305030503050305
  2 72 11 0 1000 0.0730895016352126 0.422284897036615 0.352555832258194 0.149079380319442 0.00299038875053757
  2 73 11 0 1000 0.0703635181759088 0.424101205060253 0.353017650882544 0.149517475873794 0.00300015000750037
  2 74 11 0 1000 0.0748712306846027 0.42219332899935 0.35420313046957 0.145841876281442 0.00289043356503476
  2 75 11 0 1000 0.0855153927706987 0.413344401992359 0.35390370266648 0.144375987677782 0.00286051489268068
  2 76 11 0 1000 0.0832174895740617 0.420687861907572 0.351291616245462 0.141942774849736 0.00286025742316808
  2 77 11 0 1000 0.0766953390678136 0.423924784956991 0.354570914182837 0.141988397679536 0.00282056411282256
  2 78 11 0 1000 0.0766245586661466 0.43027175163281 0.351026695072064 0.139326472029686 0.00275052259929387
  2 79 11 0 1000 0.085866314599774 0.422830337764175 0.350946679869175 0.137746171772637 0.00261049599423891
  2 80 11 0 1000 0.0879796777645541 0.421156327195992 0.350028503135345 0.138225204772525 0.00261028713158447
  2 81 11 0 1000 0.0843434949591935 0.424707953272524 0.349195871339414 0.139082253160506 0.00267042726836294
# end survey length observations 
#  
# Fishery catch data 
# Number of observations, init_int Ncatch_obs
  729
# init_matrix obs_catch_biomass(1,Ncatch_obs,1,6) 
# Fleet	Area	Year	Species	Catch(biomass t)	CV 
  1 1 1 1 0 0.01
  1 1 2 1 0 0.01
  1 1 3 1 0 0.01
  1 1 4 1 0 0.01
  1 1 5 1 0 0.01
  1 1 6 1 0 0.01
  1 1 7 1 0 0.01
  1 1 8 1 0 0.01
  1 1 9 1 0 0.01
  1 1 10 1 0 0.01
  1 1 11 1 0 0.01
  1 1 12 1 0 0.01
  1 1 13 1 0 0.01
  1 1 14 1 0 0.01
  1 1 15 1 0 0.01
  1 1 16 1 3313171.02832165 0.01
  1 1 17 1 2510320.56955834 0.01
  1 1 18 1 1961079.20799179 0.01
  1 1 19 1 1573985.12106622 0.01
  1 1 20 1 1391284.77533699 0.01
  1 1 21 1 1237867.69948334 0.01
  1 1 22 1 1184279.2950892 0.01
  1 1 23 1 1101208.1981627 0.01
  1 1 24 1 1049935.018717 0.01
  1 1 25 1 1064078.74061516 0.01
  1 1 26 1 1070478.86257698 0.01
  1 1 27 1 1041369.12070559 0.01
  1 1 28 1 1076785.21655003 0.01
  1 1 29 1 1060847.5885844 0.01
  1 1 30 1 1062449.59249868 0.01
  1 1 31 1 1068863.39960587 0.01
  1 1 32 1 1058749.89445275 0.01
  1 1 33 1 1074122.64141997 0.01
  1 1 34 1 1076127.82939588 0.01
  1 1 35 1 1075160.41116999 0.01
  1 1 36 1 1059693.02012948 0.01
  1 1 37 1 1087680.14649836 0.01
  1 1 38 1 1082104.34575589 0.01
  1 1 39 1 1091752.37811642 0.01
  1 1 40 1 1064243.6681783 0.01
  1 1 41 1 454679.249023943 0.01
  1 1 42 1 485730.997161558 0.01
  1 1 43 1 558156.208553906 0.01
  1 1 44 1 630416.95898743 0.01
  1 1 45 1 706766.325611842 0.01
  1 1 46 1 762962.2973237 0.01
  1 1 47 1 809610.943360029 0.01
  1 1 48 1 864824.019210511 0.01
  1 1 49 1 891167.287873091 0.01
  1 1 50 1 891537.616401725 0.01
  1 1 51 1 901780.147061303 0.01
  1 1 52 1 923508.721492351 0.01
  1 1 53 1 937577.516881156 0.01
  1 1 54 1 946872.678006393 0.01
  1 1 55 1 941789.842632827 0.01
  1 1 56 1 924554.134410743 0.01
  1 1 57 1 941335.156000861 0.01
  1 1 58 1 938348.419432434 0.01
  1 1 59 1 926059.322040457 0.01
  1 1 60 1 929517.316004215 0.01
  1 1 61 1 912053.136448433 0.01
  1 1 62 1 914799.92479401 0.01
  1 1 63 1 929534.165608526 0.01
  1 1 64 1 902634.528720896 0.01
  1 1 65 1 918413.282947649 0.01
  1 1 66 1 1352216.23114063 0.01
  1 1 67 1 1276630.92489696 0.01
  1 1 68 1 1210534.35703329 0.01
  1 1 69 1 1201074.76448453 0.01
  1 1 70 1 1147234.80909038 0.01
  1 1 71 1 1111256.60127113 0.01
  1 1 72 1 1113352.72023882 0.01
  1 1 73 1 1078008.63911805 0.01
  1 1 74 1 1085033.74130331 0.01
  1 1 75 1 1073728.09062432 0.01
  1 1 76 1 1070132.49457459 0.01
  1 1 77 1 1092294.02928864 0.01
  1 1 78 1 1084450.72790005 0.01
  1 1 79 1 1079269.75548137 0.01
  1 1 80 1 1076191.53427342 0.01
  1 1 81 1 1068473.45879045 0.01
  1 1 1 2 0 0.01
  1 1 2 2 0 0.01
  1 1 3 2 0 0.01
  1 1 4 2 0 0.01
  1 1 5 2 0 0.01
  1 1 6 2 0 0.01
  1 1 7 2 0 0.01
  1 1 8 2 0 0.01
  1 1 9 2 0 0.01
  1 1 10 2 0 0.01
  1 1 11 2 0 0.01
  1 1 12 2 0 0.01
  1 1 13 2 0 0.01
  1 1 14 2 0 0.01
  1 1 15 2 0 0.01
  1 1 16 2 244059.184462372 0.01
  1 1 17 2 148544.510913228 0.01
  1 1 18 2 228874.771829018 0.01
  1 1 19 2 232575.191308632 0.01
  1 1 20 2 198610.585759038 0.01
  1 1 21 2 202936.788906051 0.01
  1 1 22 2 246131.937724738 0.01
  1 1 23 2 280735.263960138 0.01
  1 1 24 2 391288.659522853 0.01
  1 1 25 2 284455.665578755 0.01
  1 1 26 2 265562.207482841 0.01
  1 1 27 2 259093.17906249 0.01
  1 1 28 2 281758.80485248 0.01
  1 1 29 2 267808.372455357 0.01
  1 1 30 2 306785.258907889 0.01
  1 1 31 2 301618.79800718 0.01
  1 1 32 2 305651.654286154 0.01
  1 1 33 2 284856.171958957 0.01
  1 1 34 2 273487.151346611 0.01
  1 1 35 2 295690.162986365 0.01
  1 1 36 2 251956.14935687 0.01
  1 1 37 2 287400.214344922 0.01
  1 1 38 2 273597.052242329 0.01
  1 1 39 2 323318.338707079 0.01
  1 1 40 2 291980.714960671 0.01
  1 1 41 2 140375.27204822 0.01
  1 1 42 2 132696.752643106 0.01
  1 1 43 2 100237.256072578 0.01
  1 1 44 2 89751.618396698 0.01
  1 1 45 2 86406.3360077253 0.01
  1 1 46 2 95276.6766765495 0.01
  1 1 47 2 84021.6379009745 0.01
  1 1 48 2 79997.7007079773 0.01
  1 1 49 2 99312.9924458133 0.01
  1 1 50 2 105894.749512293 0.01
  1 1 51 2 109350.868072493 0.01
  1 1 52 2 73511.7343533517 0.01
  1 1 53 2 106946.01248473 0.01
  1 1 54 2 108968.969905007 0.01
  1 1 55 2 93072.1339289283 0.01
  1 1 56 2 111604.70974683 0.01
  1 1 57 2 96894.6985614468 0.01
  1 1 58 2 153390.927463369 0.01
  1 1 59 2 131316.999866622 0.01
  1 1 60 2 112702.154882963 0.01
  1 1 61 2 114257.627111819 0.01
  1 1 62 2 144172.166365536 0.01
  1 1 63 2 117585.877461461 0.01
  1 1 64 2 116425.991582919 0.01
  1 1 65 2 101806.487695338 0.01
  1 1 66 2 147989.977036031 0.01
  1 1 67 2 197361.605672356 0.01
  1 1 68 2 140968.587501636 0.01
  1 1 69 2 133971.793235364 0.01
  1 1 70 2 163422.415900852 0.01
  1 1 71 2 159639.838673052 0.01
  1 1 72 2 146528.086329959 0.01
  1 1 73 2 152160.704493573 0.01
  1 1 74 2 222007.406339994 0.01
  1 1 75 2 166874.662887561 0.01
  1 1 76 2 172105.838554273 0.01
  1 1 77 2 187361.886311787 0.01
  1 1 78 2 143719.308124942 0.01
  1 1 79 2 142981.954446653 0.01
  1 1 80 2 148423.97131612 0.01
  1 1 81 2 128341.004947266 0.01
  1 1 1 3 0 0.01
  1 1 2 3 0 0.01
  1 1 3 3 0 0.01
  1 1 4 3 0 0.01
  1 1 5 3 0 0.01
  1 1 6 3 0 0.01
  1 1 7 3 0 0.01
  1 1 8 3 0 0.01
  1 1 9 3 0 0.01
  1 1 10 3 0 0.01
  1 1 11 3 0 0.01
  1 1 12 3 0 0.01
  1 1 13 3 0 0.01
  1 1 14 3 0 0.01
  1 1 15 3 0 0.01
  1 1 16 3 41498.8431769083 0.01
  1 1 17 3 36036.5665741719 0.01
  1 1 18 3 32957.2080544951 0.01
  1 1 19 3 29709.8430039419 0.01
  1 1 20 3 28448.3183937835 0.01
  1 1 21 3 26644.7728555958 0.01
  1 1 22 3 25818.6958440915 0.01
  1 1 23 3 25249.2360535583 0.01
  1 1 24 3 24998.3213884273 0.01
  1 1 25 3 24182.9193983318 0.01
  1 1 26 3 23258.0911161082 0.01
  1 1 27 3 23606.7824976226 0.01
  1 1 28 3 23373.104172861 0.01
  1 1 29 3 22782.7025210083 0.01
  1 1 30 3 22894.7033590881 0.01
  1 1 31 3 22139.9681597463 0.01
  1 1 32 3 21278.5965469559 0.01
  1 1 33 3 21100.6579363047 0.01
  1 1 34 3 20614.5672782385 0.01
  1 1 35 3 20074.9876422799 0.01
  1 1 36 3 20167.9789144367 0.01
  1 1 37 3 19468.2279123154 0.01
  1 1 38 3 19368.5643114904 0.01
  1 1 39 3 19184.2880117919 0.01
  1 1 40 3 19719.6581760474 0.01
  1 1 41 3 7371.88428721263 0.01
  1 1 42 3 7263.37533145093 0.01
  1 1 43 3 7934.89764280011 0.01
  1 1 44 3 8340.90256757844 0.01
  1 1 45 3 8533.46671949373 0.01
  1 1 46 3 8777.31038666278 0.01
  1 1 47 3 9128.23293498334 0.01
  1 1 48 3 9513.05349258859 0.01
  1 1 49 3 9660.17525797688 0.01
  1 1 50 3 9779.14323516771 0.01
  1 1 51 3 9677.79966626477 0.01
  1 1 52 3 9882.21543087299 0.01
  1 1 53 3 10033.7729397276 0.01
  1 1 54 3 10183.7674250611 0.01
  1 1 55 3 10262.2497574463 0.01
  1 1 56 3 10403.1787056656 0.01
  1 1 57 3 10643.5445880164 0.01
  1 1 58 3 10356.0450819931 0.01
  1 1 59 3 10560.1347188437 0.01
  1 1 60 3 10847.1365625857 0.01
  1 1 61 3 10672.4455659911 0.01
  1 1 62 3 10949.7558487611 0.01
  1 1 63 3 10868.8477931882 0.01
  1 1 64 3 11116.7884854657 0.01
  1 1 65 3 11125.5981722839 0.01
  1 1 66 3 16257.4331826722 0.01
  1 1 67 3 16131.2869583369 0.01
  1 1 68 3 15952.2550312407 0.01
  1 1 69 3 15334.9768530629 0.01
  1 1 70 3 15407.1635218286 0.01
  1 1 71 3 15627.2948431514 0.01
  1 1 72 3 15343.3276693417 0.01
  1 1 73 3 15403.0905187879 0.01
  1 1 74 3 15445.217523915 0.01
  1 1 75 3 15222.6079090103 0.01
  1 1 76 3 15193.7379711422 0.01
  1 1 77 3 15386.0341063193 0.01
  1 1 78 3 15230.3109097739 0.01
  1 1 79 3 15202.4882418915 0.01
  1 1 80 3 15259.845499013 0.01
  1 1 81 3 15434.6947973574 0.01
  1 1 1 4 0 0.01
  1 1 2 4 0 0.01
  1 1 3 4 0 0.01
  1 1 4 4 0 0.01
  1 1 5 4 0 0.01
  1 1 6 4 0 0.01
  1 1 7 4 0 0.01
  1 1 8 4 0 0.01
  1 1 9 4 0 0.01
  1 1 10 4 0 0.01
  1 1 11 4 0 0.01
  1 1 12 4 0 0.01
  1 1 13 4 0 0.01
  1 1 14 4 0 0.01
  1 1 15 4 0 0.01
  1 1 16 4 483169.483183721 0.01
  1 1 17 4 416623.957846331 0.01
  1 1 18 4 304923.19504671 0.01
  1 1 19 4 216373.823790136 0.01
  1 1 20 4 154809.161042449 0.01
  1 1 21 4 113879.51891056 0.01
  1 1 22 4 88038.8122695341 0.01
  1 1 23 4 71600.2675959452 0.01
  1 1 24 4 66188.1661163791 0.01
  1 1 25 4 58610.2042500813 0.01
  1 1 26 4 47842.4287217664 0.01
  1 1 27 4 39105.554480529 0.01
  1 1 28 4 33546.3329627218 0.01
  1 1 29 4 31944.8480076221 0.01
  1 1 30 4 63029.0351825811 0.01
  1 1 31 4 239608.375886631 0.01
  1 1 32 4 420070.581987163 0.01
  1 1 33 4 401376.182858911 0.01
  1 1 34 4 310505.076749818 0.01
  1 1 35 4 230383.803202873 0.01
  1 1 36 4 164608.537537339 0.01
  1 1 37 4 126569.249425575 0.01
  1 1 38 4 102115.799743285 0.01
  1 1 39 4 84218.9743678958 0.01
  1 1 40 4 70363.5051733739 0.01
  1 1 41 4 25389.1863520644 0.01
  1 1 42 4 26160.9130969825 0.01
  1 1 43 4 41164.2580222222 0.01
  1 1 44 4 117502.196842539 0.01
  1 1 45 4 181177.169932148 0.01
  1 1 46 4 177066.284334585 0.01
  1 1 47 4 160501.988588591 0.01
  1 1 48 4 146280.399293483 0.01
  1 1 49 4 136650.48897445 0.01
  1 1 50 4 171149.596298636 0.01
  1 1 51 4 191582.026836249 0.01
  1 1 52 4 183665.810149286 0.01
  1 1 53 4 168267.255598476 0.01
  1 1 54 4 154202.074090662 0.01
  1 1 55 4 142220.884264176 0.01
  1 1 56 4 132316.542023983 0.01
  1 1 57 4 122068.349071119 0.01
  1 1 58 4 109925.521742335 0.01
  1 1 59 4 102793.03147754 0.01
  1 1 60 4 104015.73207492 0.01
  1 1 61 4 157448.081550998 0.01
  1 1 62 4 201680.188115311 0.01
  1 1 63 4 192770.032865995 0.01
  1 1 64 4 175101.18596317 0.01
  1 1 65 4 152795.555756395 0.01
  1 1 66 4 190261.552749516 0.01
  1 1 67 4 154525.509210387 0.01
  1 1 68 4 138098.296960032 0.01
  1 1 69 4 121949.902943853 0.01
  1 1 70 4 111939.519328491 0.01
  1 1 71 4 99471.8646729007 0.01
  1 1 72 4 89295.4340990084 0.01
  1 1 73 4 83125.7033407315 0.01
  1 1 74 4 73157.9793664441 0.01
  1 1 75 4 64198.0445207444 0.01
  1 1 76 4 56888.8700110469 0.01
  1 1 77 4 45116.9115695463 0.01
  1 1 78 4 39532.6603371682 0.01
  1 1 79 4 36161.628815928 0.01
  1 1 80 4 35489.1664669496 0.01
  1 1 81 4 35662.6359240654 0.01
  1 1 1 6 0 0.01
  1 1 2 6 0 0.01
  1 1 3 6 0 0.01
  1 1 4 6 0 0.01
  1 1 5 6 0 0.01
  1 1 6 6 0 0.01
  1 1 7 6 0 0.01
  1 1 8 6 0 0.01
  1 1 9 6 0 0.01
  1 1 10 6 0 0.01
  1 1 11 6 0 0.01
  1 1 12 6 0 0.01
  1 1 13 6 0 0.01
  1 1 14 6 0 0.01
  1 1 15 6 0 0.01
  1 1 16 6 561309.642915396 0.01
  1 1 17 6 521607.723400985 0.01
  1 1 18 6 484839.797779434 0.01
  1 1 19 6 448963.820465367 0.01
  1 1 20 6 429088.479325105 0.01
  1 1 21 6 408109.656460729 0.01
  1 1 22 6 384685.803139685 0.01
  1 1 23 6 378028.061486784 0.01
  1 1 24 6 356465.847212986 0.01
  1 1 25 6 350238.372731099 0.01
  1 1 26 6 343794.671751937 0.01
  1 1 27 6 329756.373283459 0.01
  1 1 28 6 330040.215963267 0.01
  1 1 29 6 324161.210115774 0.01
  1 1 30 6 321366.640231764 0.01
  1 1 31 6 316049.428283772 0.01
  1 1 32 6 322750.291027801 0.01
  1 1 33 6 312564.898371477 0.01
  1 1 34 6 309902.102118066 0.01
  1 1 35 6 307590.343336625 0.01
  1 1 36 6 308206.139683235 0.01
  1 1 37 6 308418.459249454 0.01
  1 1 38 6 304789.961783271 0.01
  1 1 39 6 310547.049079476 0.01
  1 1 40 6 306543.793670192 0.01
  1 1 41 6 105478.601971567 0.01
  1 1 42 6 111665.776648479 0.01
  1 1 43 6 117485.679464382 0.01
  1 1 44 6 121058.385207486 0.01
  1 1 45 6 125860.808571383 0.01
  1 1 46 6 129736.11611381 0.01
  1 1 47 6 134711.709758293 0.01
  1 1 48 6 134696.819524288 0.01
  1 1 49 6 139034.854090781 0.01
  1 1 50 6 139962.585444926 0.01
  1 1 51 6 142759.058594254 0.01
  1 1 52 6 148720.312846839 0.01
  1 1 53 6 151877.878365563 0.01
  1 1 54 6 152689.03048656 0.01
  1 1 55 6 151545.308615831 0.01
  1 1 56 6 151828.675865074 0.01
  1 1 57 6 149996.586472771 0.01
  1 1 58 6 155609.619516726 0.01
  1 1 59 6 154603.68678507 0.01
  1 1 60 6 152684.858513453 0.01
  1 1 61 6 155175.705863227 0.01
  1 1 62 6 153004.029606021 0.01
  1 1 63 6 156915.447460248 0.01
  1 1 64 6 155606.688067261 0.01
  1 1 65 6 153776.645035427 0.01
  1 1 66 6 231642.533374403 0.01
  1 1 67 6 232402.123993207 0.01
  1 1 68 6 234395.06598807 0.01
  1 1 69 6 224569.896746702 0.01
  1 1 70 6 223106.197398807 0.01
  1 1 71 6 220107.140387878 0.01
  1 1 72 6 220273.836584932 0.01
  1 1 73 6 218138.576759607 0.01
  1 1 74 6 213423.850351577 0.01
  1 1 75 6 211886.962350578 0.01
  1 1 76 6 211959.779540685 0.01
  1 1 77 6 208390.631825322 0.01
  1 1 78 6 210628.519868783 0.01
  1 1 79 6 215607.198370604 0.01
  1 1 80 6 213535.64899587 0.01
  1 1 81 6 212204.973383846 0.01
  1 1 1 8 0 0.01
  1 1 2 8 0 0.01
  1 1 3 8 0 0.01
  1 1 4 8 0 0.01
  1 1 5 8 0 0.01
  1 1 6 8 0 0.01
  1 1 7 8 0 0.01
  1 1 8 8 0 0.01
  1 1 9 8 0 0.01
  1 1 10 8 0 0.01
  1 1 11 8 0 0.01
  1 1 12 8 0 0.01
  1 1 13 8 0 0.01
  1 1 14 8 0 0.01
  1 1 15 8 0 0.01
  1 1 16 8 160012.186744525 0.01
  1 1 17 8 103113.205422601 0.01
  1 1 18 8 68406.1960425158 0.01
  1 1 19 8 69986.485417423 0.01
  1 1 20 8 70754.3483985814 0.01
  1 1 21 8 56358.0233614081 0.01
  1 1 22 8 46233.3729898714 0.01
  1 1 23 8 35399.291716956 0.01
  1 1 24 8 26935.4776888371 0.01
  1 1 25 8 23378.8124548706 0.01
  1 1 26 8 46179.2145339343 0.01
  1 1 27 8 114409.402526548 0.01
  1 1 28 8 162393.05781497 0.01
  1 1 29 8 198834.69877753 0.01
  1 1 30 8 203187.62664851 0.01
  1 1 31 8 173091.58089381 0.01
  1 1 32 8 140504.40064337 0.01
  1 1 33 8 121471.99338578 0.01
  1 1 34 8 116989.57029391 0.01
  1 1 35 8 97786.1720080122 0.01
  1 1 36 8 98427.0264883666 0.01
  1 1 37 8 114796.135111214 0.01
  1 1 38 8 130093.018222213 0.01
  1 1 39 8 120780.68516938 0.01
  1 1 40 8 112157.375804578 0.01
  1 1 41 8 61114.4108297171 0.01
  1 1 42 8 83618.1003337054 0.01
  1 1 43 8 105054.823027877 0.01
  1 1 44 8 116727.501927191 0.01
  1 1 45 8 118180.054449928 0.01
  1 1 46 8 111602.559380499 0.01
  1 1 47 8 109304.97328612 0.01
  1 1 48 8 99950.3405767466 0.01
  1 1 49 8 92678.5485403282 0.01
  1 1 50 8 87713.1385245578 0.01
  1 1 51 8 85711.9830255381 0.01
  1 1 52 8 95330.0945916838 0.01
  1 1 53 8 157159.320445058 0.01
  1 1 54 8 240880.264803665 0.01
  1 1 55 8 265309.960074154 0.01
  1 1 56 8 229737.674377895 0.01
  1 1 57 8 188932.296962978 0.01
  1 1 58 8 158910.025347405 0.01
  1 1 59 8 158471.582680544 0.01
  1 1 60 8 155046.520044925 0.01
  1 1 61 8 131689.813810734 0.01
  1 1 62 8 113449.353284952 0.01
  1 1 63 8 106894.157974879 0.01
  1 1 64 8 122100.046447427 0.01
  1 1 65 8 188886.231695995 0.01
  1 1 66 8 370001.366657803 0.01
  1 1 67 8 343181.500864744 0.01
  1 1 68 8 285177.069295036 0.01
  1 1 69 8 212641.936072718 0.01
  1 1 70 8 177445.082645914 0.01
  1 1 71 8 151372.718511522 0.01
  1 1 72 8 142885.942979162 0.01
  1 1 73 8 126104.806654727 0.01
  1 1 74 8 104314.672146117 0.01
  1 1 75 8 96645.8193800891 0.01
  1 1 76 8 141934.947054452 0.01
  1 1 77 8 299972.736378449 0.01
  1 1 78 8 511707.398080644 0.01
  1 1 79 8 622748.135179042 0.01
  1 1 80 8 575761.895285666 0.01
  1 1 81 8 471406.056542801 0.01
  1 1 1 10 0 0.01
  1 1 2 10 0 0.01
  1 1 3 10 0 0.01
  1 1 4 10 0 0.01
  1 1 5 10 0 0.01
  1 1 6 10 0 0.01
  1 1 7 10 0 0.01
  1 1 8 10 0 0.01
  1 1 9 10 0 0.01
  1 1 10 10 0 0.01
  1 1 11 10 0 0.01
  1 1 12 10 0 0.01
  1 1 13 10 0 0.01
  1 1 14 10 0 0.01
  1 1 15 10 0 0.01
  1 1 16 10 453610.886285938 0.01
  1 1 17 10 400783.917038892 0.01
  1 1 18 10 382935.792263778 0.01
  1 1 19 10 346564.654949365 0.01
  1 1 20 10 346851.997899133 0.01
  1 1 21 10 341784.833793893 0.01
  1 1 22 10 343386.541779463 0.01
  1 1 23 10 341660.529918222 0.01
  1 1 24 10 341134.60077398 0.01
  1 1 25 10 310534.840698726 0.01
  1 1 26 10 312828.342433546 0.01
  1 1 27 10 319538.523556946 0.01
  1 1 28 10 312252.784643196 0.01
  1 1 29 10 325402.240156012 0.01
  1 1 30 10 318139.227414575 0.01
  1 1 31 10 298660.215785533 0.01
  1 1 32 10 292533.876044656 0.01
  1 1 33 10 304543.149703128 0.01
  1 1 34 10 313349.585179639 0.01
  1 1 35 10 304114.929707729 0.01
  1 1 36 10 315720.534725991 0.01
  1 1 37 10 312613.343415575 0.01
  1 1 38 10 310771.735315647 0.01
  1 1 39 10 305267.648907276 0.01
  1 1 40 10 292626.461055421 0.01
  1 1 41 10 115404.60979198 0.01
  1 1 42 10 117388.970842589 0.01
  1 1 43 10 122089.479578887 0.01
  1 1 44 10 121412.816251945 0.01
  1 1 45 10 124826.346083887 0.01
  1 1 46 10 128789.713170544 0.01
  1 1 47 10 126229.502372507 0.01
  1 1 48 10 125364.327899072 0.01
  1 1 49 10 137713.14694027 0.01
  1 1 50 10 137713.110304863 0.01
  1 1 51 10 131350.793249278 0.01
  1 1 52 10 137451.120041035 0.01
  1 1 53 10 142024.147072268 0.01
  1 1 54 10 140769.016790735 0.01
  1 1 55 10 137728.216679631 0.01
  1 1 56 10 139033.420070646 0.01
  1 1 57 10 141342.359952279 0.01
  1 1 58 10 145920.289940377 0.01
  1 1 59 10 144258.408277668 0.01
  1 1 60 10 139399.009470998 0.01
  1 1 61 10 143744.678036203 0.01
  1 1 62 10 148378.222900609 0.01
  1 1 63 10 147887.942098799 0.01
  1 1 64 10 147824.10425509 0.01
  1 1 65 10 138621.931833666 0.01
  1 1 66 10 215843.807407561 0.01
  1 1 67 10 212010.700200455 0.01
  1 1 68 10 211009.176603491 0.01
  1 1 69 10 196896.548857443 0.01
  1 1 70 10 198596.076127836 0.01
  1 1 71 10 192990.453149782 0.01
  1 1 72 10 200977.845901162 0.01
  1 1 73 10 193000.956062087 0.01
  1 1 74 10 200715.134712698 0.01
  1 1 75 10 202692.048022685 0.01
  1 1 76 10 200454.847538211 0.01
  1 1 77 10 200349.972087078 0.01
  1 1 78 10 197710.60574714 0.01
  1 1 79 10 198734.548323594 0.01
  1 1 80 10 203246.277866101 0.01
  1 1 81 10 194418.340751426 0.01
  1 1 1 11 0 0.01
  1 1 2 11 0 0.01
  1 1 3 11 0 0.01
  1 1 4 11 0 0.01
  1 1 5 11 0 0.01
  1 1 6 11 0 0.01
  1 1 7 11 0 0.01
  1 1 8 11 0 0.01
  1 1 9 11 0 0.01
  1 1 10 11 0 0.01
  1 1 11 11 0 0.01
  1 1 12 11 0 0.01
  1 1 13 11 0 0.01
  1 1 14 11 0 0.01
  1 1 15 11 0 0.01
  1 1 16 11 2252409.19125366 0.01
  1 1 17 11 2036547.63041953 0.01
  1 1 18 11 1826682.24267255 0.01
  1 1 19 11 1676310.14017671 0.01
  1 1 20 11 1527247.80227739 0.01
  1 1 21 11 1414179.53729837 0.01
  1 1 22 11 1290879.63641452 0.01
  1 1 23 11 1184699.72211364 0.01
  1 1 24 11 1126834.5805872 0.01
  1 1 25 11 1099089.36755654 0.01
  1 1 26 11 1014701.66735764 0.01
  1 1 27 11 978113.305628421 0.01
  1 1 28 11 945014.750508449 0.01
  1 1 29 11 919049.619066785 0.01
  1 1 30 11 908961.982437011 0.01
  1 1 31 11 893944.087522243 0.01
  1 1 32 11 898976.142034225 0.01
  1 1 33 11 884578.89006717 0.01
  1 1 34 11 873807.400625801 0.01
  1 1 35 11 886289.970761725 0.01
  1 1 36 11 854800.850412247 0.01
  1 1 37 11 872506.126190757 0.01
  1 1 38 11 866451.83278319 0.01
  1 1 39 11 855290.419608103 0.01
  1 1 40 11 855750.23219396 0.01
  1 1 41 11 325219.893698125 0.01
  1 1 42 11 312737.930740169 0.01
  1 1 43 11 337645.184594308 0.01
  1 1 44 11 347852.949094561 0.01
  1 1 45 11 382380.209653367 0.01
  1 1 46 11 396343.564782266 0.01
  1 1 47 11 416684.835833 0.01
  1 1 48 11 442278.293649973 0.01
  1 1 49 11 455239.746778837 0.01
  1 1 50 11 467731.257788778 0.01
  1 1 51 11 488743.513701855 0.01
  1 1 52 11 504900.940579693 0.01
  1 1 53 11 524280.543653627 0.01
  1 1 54 11 525446.983620672 0.01
  1 1 55 11 549070.730201147 0.01
  1 1 56 11 547946.750842668 0.01
  1 1 57 11 561743.118641251 0.01
  1 1 58 11 554737.513085111 0.01
  1 1 59 11 564398.587498353 0.01
  1 1 60 11 563981.78664473 0.01
  1 1 61 11 572442.920208846 0.01
  1 1 62 11 564377.785973326 0.01
  1 1 63 11 570066.628089887 0.01
  1 1 64 11 579068.240096942 0.01
  1 1 65 11 580725.910430704 0.01
  1 1 66 11 877224.014757112 0.01
  1 1 67 11 864793.771601345 0.01
  1 1 68 11 855038.363946997 0.01
  1 1 69 11 855577.134829798 0.01
  1 1 70 11 829131.801997238 0.01
  1 1 71 11 819787.123902377 0.01
  1 1 72 11 806778.938960172 0.01
  1 1 73 11 813284.834013916 0.01
  1 1 74 11 789022.416326168 0.01
  1 1 75 11 809002.350515919 0.01
  1 1 76 11 763104.046871137 0.01
  1 1 77 11 778635.95140479 0.01
  1 1 78 11 761539.612902439 0.01
  1 1 79 11 758891.375431548 0.01
  1 1 80 11 754080.270527527 0.01
  1 1 81 11 761701.106567107 0.01
  2 1 1 7 472696.293838191 0.01
  2 1 2 7 467147.106839311 0.01
  2 1 3 7 481835.035406174 0.01
  2 1 4 7 479939.28639057 0.01
  2 1 5 7 477875.462990026 0.01
  2 1 6 7 480007.188701831 0.01
  2 1 7 7 484649.131410912 0.01
  2 1 8 7 485653.040287518 0.01
  2 1 9 7 479061.872405338 0.01
  2 1 10 7 484416.856352132 0.01
  2 1 11 7 488927.717990642 0.01
  2 1 12 7 481052.890484522 0.01
  2 1 13 7 479444.337609417 0.01
  2 1 14 7 477598.883280948 0.01
  2 1 15 7 473679.561412933 0.01
  2 1 16 7 1110910.06600028 0.01
  2 1 17 7 775021.74770146 0.01
  2 1 18 7 676325.780489664 0.01
  2 1 19 7 634458.763158098 0.01
  2 1 20 7 621345.129620378 0.01
  2 1 21 7 610149.985001981 0.01
  2 1 22 7 607713.191560934 0.01
  2 1 23 7 634319.606099997 0.01
  2 1 24 7 646501.677233987 0.01
  2 1 25 7 635893.745708787 0.01
  2 1 26 7 639985.977425959 0.01
  2 1 27 7 622187.752579533 0.01
  2 1 28 7 625971.015090163 0.01
  2 1 29 7 615354.074059441 0.01
  2 1 30 7 641475.642441793 0.01
  2 1 31 7 640390.992327179 0.01
  2 1 32 7 645008.281015009 0.01
  2 1 33 7 620810.164440453 0.01
  2 1 34 7 622642.372928151 0.01
  2 1 35 7 636588.067220156 0.01
  2 1 36 7 624335.081020238 0.01
  2 1 37 7 605665.092830658 0.01
  2 1 38 7 629625.072853862 0.01
  2 1 39 7 634979.038922291 0.01
  2 1 40 7 622271.100946493 0.01
  2 1 41 7 408151.547532825 0.01
  2 1 42 7 502644.624674446 0.01
  2 1 43 7 547504.04830634 0.01
  2 1 44 7 557214.948650358 0.01
  2 1 45 7 567071.739926921 0.01
  2 1 46 7 583996.50090944 0.01
  2 1 47 7 595916.999030113 0.01
  2 1 48 7 598865.252601752 0.01
  2 1 49 7 599083.795880288 0.01
  2 1 50 7 607801.96084112 0.01
  2 1 51 7 610632.884075798 0.01
  2 1 52 7 591423.27775823 0.01
  2 1 53 7 601099.282619321 0.01
  2 1 54 7 612379.339523026 0.01
  2 1 55 7 603460.195883934 0.01
  2 1 56 7 600645.799470819 0.01
  2 1 57 7 596754.929845001 0.01
  2 1 58 7 588189.578426717 0.01
  2 1 59 7 598454.481035965 0.01
  2 1 60 7 609325.789320121 0.01
  2 1 61 7 601227.02797144 0.01
  2 1 62 7 613164.620210101 0.01
  2 1 63 7 588838.907474134 0.01
  2 1 64 7 603318.521204614 0.01
  2 1 65 7 599827.271057859 0.01
  2 1 66 7 684680.423515316 0.01
  2 1 67 7 647044.890309822 0.01
  2 1 68 7 641010.195559092 0.01
  2 1 69 7 613311.728991146 0.01
  2 1 70 7 629562.755093233 0.01
  2 1 71 7 613976.616637158 0.01
  2 1 72 7 586242.463223904 0.01
  2 1 73 7 586622.543625483 0.01
  2 1 74 7 607034.978065285 0.01
  2 1 75 7 619451.424213125 0.01
  2 1 76 7 608826.965236273 0.01
  2 1 77 7 620721.244147788 0.01
  2 1 78 7 611236.372769612 0.01
  2 1 79 7 633183.098865345 0.01
  2 1 80 7 617521.830170014 0.01
  2 1 81 7 610163.099852204 0.01
# end catch observations 
#  
# Fishery size comp data 
# Number of observations, init_int Ncatch_size_obs 
  609
# init_matrix obs_catch_size(1,Ncatch_size_obs,1,ncol) 
# Fleet Area  Year  Species Type (0=whole, 1=retained, 2=discard) InpN, proportion by size bin 
  1 1 16 1 0 795 0 0.0213836477987421 0.49685534591195 0.480503144654088 0.00125786163522013
  1 1 17 1 0 800 0 0.0275 0.52375 0.44875 0
  1 1 18 1 0 812 0 0.0283251231527094 0.529556650246305 0.442118226600985 0
  1 1 19 1 0 819 0 0.0317460317460317 0.547008547008547 0.421245421245421 0
  1 1 20 1 0 828 0 0.035024154589372 0.556763285024155 0.408212560386473 0
  1 1 21 1 0 830 0 0.036144578313253 0.571084337349398 0.392771084337349 0
  1 1 22 1 0 818 0 0.0354523227383863 0.562347188264059 0.402200488997555 0
  1 1 23 1 0 826 0 0.0351089588377724 0.555690072639225 0.409200968523002 0
  1 1 24 1 0 812 0 0.0431034482758621 0.54064039408867 0.416256157635468 0
  1 1 25 1 0 829 0 0.0386007237635706 0.539203860072376 0.422195416164053 0
  1 1 26 1 0 841 0 0.0380499405469679 0.552913198573127 0.409036860879905 0
  1 1 27 1 0 829 0 0.037394451145959 0.531966224366707 0.429433051869723 0.00120627261761158
  1 1 28 1 0 833 0 0.0408163265306122 0.543817527010804 0.414165666266507 0.00120048019207683
  1 1 29 1 0 813 0 0.041820418204182 0.536285362853628 0.421894218942189 0
  1 1 30 1 0 843 0 0.0403321470937129 0.521945432977461 0.435349940688019 0.00237247924080664
  1 1 31 1 0 829 0 0.0386007237635706 0.531966224366707 0.428226779252111 0.00120627261761158
  1 1 32 1 0 811 0 0.0394574599260173 0.536374845869297 0.422934648581998 0.00123304562268804
  1 1 33 1 0 839 0 0.0357568533969011 0.530393325387366 0.432657926102503 0.00119189511323004
  1 1 34 1 0 814 0 0.0405405405405405 0.547911547911548 0.41031941031941 0.00122850122850123
  1 1 35 1 0 838 0 0.0405727923627685 0.534606205250597 0.422434367541766 0.00238663484486874
  1 1 36 1 0 823 0 0.0376670716889429 0.53584447144593 0.425273390036452 0.00121506682867558
  1 1 37 1 0 806 0 0.0384615384615385 0.532258064516129 0.428039702233251 0.00124069478908189
  1 1 38 1 0 823 0 0.0388821385176185 0.522478736330498 0.436208991494532 0.00243013365735115
  1 1 39 1 0 840 0 0.0404761904761905 0.557142857142857 0.4 0.00238095238095238
  1 1 40 1 0 838 0 0.0381861575178998 0.528639618138425 0.430787589498807 0.00238663484486874
  1 1 41 1 0 814 0 0.0380835380835381 0.536855036855037 0.425061425061425 0
  1 1 42 1 0 856 0 0.0385514018691589 0.492990654205608 0.466121495327103 0.00233644859813084
  1 1 43 1 0 811 0 0.0345252774352651 0.474722564734895 0.487053020961776 0.00369913686806412
  1 1 44 1 0 799 0 0.032540675844806 0.460575719649562 0.498122653316646 0.00876095118898623
  1 1 45 1 0 820 0 0.0304878048780488 0.459756097560976 0.504878048780488 0.0048780487804878
  1 1 46 1 0 807 0 0.0309789343246592 0.444857496902107 0.517967781908302 0.00619578686493185
  1 1 47 1 0 817 0 0.0367197062423501 0.446756425948592 0.512851897184822 0.00367197062423501
  1 1 48 1 0 810 0 0.0283950617283951 0.423456790123457 0.539506172839506 0.00864197530864197
  1 1 49 1 0 819 0 0.0268620268620269 0.424908424908425 0.543345543345543 0.00488400488400488
  1 1 50 1 0 790 0 0.0316455696202532 0.437974683544304 0.526582278481013 0.00379746835443038
  1 1 51 1 0 816 0 0.0306372549019608 0.430147058823529 0.530637254901961 0.00857843137254902
  1 1 52 1 0 808 0 0.0272277227722772 0.429455445544554 0.538366336633663 0.00495049504950495
  1 1 53 1 0 811 0 0.030826140567201 0.443896424167694 0.521578298397041 0.00369913686806412
  1 1 54 1 0 803 0 0.024906600249066 0.442092154420922 0.531755915317559 0.0012453300124533
  1 1 55 1 0 815 0 0.0294478527607362 0.438036809815951 0.52760736196319 0.0049079754601227
  1 1 56 1 0 809 0 0.0296662546353523 0.432632880098888 0.532756489493202 0.00494437577255871
  1 1 57 1 0 807 0 0.0309789343246592 0.444857496902107 0.521685254027262 0.00247831474597274
  1 1 58 1 0 810 0 0.0271604938271605 0.428395061728395 0.540740740740741 0.0037037037037037
  1 1 59 1 0 819 0 0.0268620268620269 0.434676434676435 0.534798534798535 0.00366300366300366
  1 1 60 1 0 817 0 0.02937576499388 0.465116279069767 0.503059975520196 0.00244798041615667
  1 1 61 1 0 796 0 0.0314070351758794 0.454773869346734 0.510050251256281 0.00376884422110553
  1 1 62 1 0 832 0 0.0336538461538462 0.469951923076923 0.492788461538462 0.00360576923076923
  1 1 63 1 0 787 0 0.0266836086404066 0.449809402795426 0.520965692503177 0.00254129606099111
  1 1 64 1 0 810 0 0.0296296296296296 0.444444444444444 0.523456790123457 0.00246913580246914
  1 1 65 1 0 809 0 0.0222496909765142 0.442521631644005 0.532756489493202 0.00247218788627936
  1 1 66 1 0 818 0 0.0317848410757946 0.43398533007335 0.530562347188264 0.00366748166259169
  1 1 67 1 0 790 0 0.0265822784810127 0.462025316455696 0.510126582278481 0.00126582278481013
  1 1 68 1 0 797 0 0.027603513174404 0.440401505646173 0.526976160602258 0.00501882057716437
  1 1 69 1 0 815 0 0.0331288343558282 0.466257668711656 0.495705521472393 0.0049079754601227
  1 1 70 1 0 828 0 0.0289855072463768 0.471014492753623 0.496376811594203 0.0036231884057971
  1 1 71 1 0 804 0 0.0298507462686567 0.466417910447761 0.501243781094527 0.00248756218905473
  1 1 72 1 0 802 0 0.0311720698254364 0.480049875311721 0.488778054862843 0
  1 1 73 1 0 819 0 0.0305250305250305 0.482295482295482 0.487179487179487 0
  1 1 74 1 0 832 0 0.0348557692307692 0.467548076923077 0.495192307692308 0.00240384615384615
  1 1 75 1 0 829 0 0.0349819059107358 0.46562123039807 0.495778045838359 0.00361881785283474
  1 1 76 1 0 826 0 0.0290556900726392 0.462469733656174 0.504842615012107 0.0036319612590799
  1 1 77 1 0 809 0 0.034610630407911 0.4610630407911 0.50061804697157 0.00370828182941904
  1 1 78 1 0 820 0 0.0317073170731707 0.467073170731707 0.5 0.00121951219512195
  1 1 79 1 0 805 0 0.0298136645962733 0.469565217391304 0.498136645962733 0.00248447204968944
  1 1 80 1 0 817 0 0.0318237454100367 0.477356181150551 0.488372093023256 0.00244798041615667
  1 1 81 1 0 833 0 0.0300120048019208 0.474189675870348 0.493397358943577 0.00240096038415366
  1 1 16 2 0 993 0.00302114803625378 0.287009063444109 0.633434038267875 0.0795568982880161 0
  1 1 17 2 0 992 0.0030241935483871 0.251008064516129 0.599798387096774 0.149193548387097 0
  1 1 18 2 0 991 0.00302724520686176 0.295660948536832 0.63874873864783 0.065590312815338 0
  1 1 19 2 0 987 0.00405268490374873 0.26241134751773 0.637284701114488 0.100303951367781 0
  1 1 20 2 0 991 0.00302724520686176 0.272452068617558 0.621594349142281 0.105953582240161 0
  1 1 21 2 0 990 0.00303030303030303 0.260606060606061 0.646464646464647 0.0929292929292929 0
  1 1 22 2 0 990 0.00303030303030303 0.270707070707071 0.637373737373737 0.0919191919191919 0
  1 1 23 2 0 991 0.00403632694248234 0.272452068617558 0.644803229061554 0.082744702320888 0
  1 1 24 2 0 991 0.00302724520686176 0.287588294651867 0.633703329969728 0.0787083753784057 0
  1 1 25 2 0 995 0.00301507537688442 0.244221105527638 0.614070351758794 0.141708542713568 0
  1 1 26 2 0 988 0.00303643724696356 0.277327935222672 0.645748987854251 0.0769230769230769 0
  1 1 27 2 0 991 0.00302724520686176 0.277497477295661 0.625630676084763 0.0968718466195762 0
  1 1 28 2 0 988 0.00404858299595142 0.285425101214575 0.629554655870445 0.0850202429149798 0
  1 1 29 2 0 988 0.00303643724696356 0.273279352226721 0.625506072874494 0.101214574898785 0
  1 1 30 2 0 991 0.00302724520686176 0.273461150353179 0.650857719475277 0.0756811301715439 0
  1 1 31 2 0 991 0.00302724520686176 0.261352169525732 0.634712411705348 0.10393541876892 0
  1 1 32 2 0 987 0.00405268490374873 0.275582573454914 0.638297872340426 0.0861195542046606 0
  1 1 33 2 0 995 0.00301507537688442 0.271356783919598 0.629145728643216 0.0994974874371859 0
  1 1 34 2 0 990 0.00303030303030303 0.276767676767677 0.641414141414141 0.0818181818181818 0
  1 1 35 2 0 995 0.00402010050251256 0.28643216080402 0.630150753768844 0.0834170854271357 0
  1 1 36 2 0 986 0.00304259634888438 0.265720081135903 0.623732251521298 0.110547667342799 0
  1 1 37 2 0 986 0.00405679513184584 0.290060851926978 0.637931034482759 0.0720081135902637 0
  1 1 38 2 0 991 0.00302724520686176 0.267406659939455 0.629667003027245 0.1029263370333 0
  1 1 39 2 0 991 0.00302724520686176 0.284561049445005 0.636730575176589 0.0787083753784057 0
  1 1 40 2 0 987 0.00303951367781155 0.260385005065856 0.635258358662614 0.10435663627153 0
  1 1 41 2 0 987 0.00405268490374873 0.285714285714286 0.648429584599797 0.0658561296859169 0
  1 1 42 2 0 993 0.00302114803625378 0.264853977844914 0.637462235649547 0.0976837865055388 0
  1 1 43 2 0 988 0.00303643724696356 0.247975708502024 0.629554655870445 0.12246963562753 0
  1 1 44 2 0 987 0.00303951367781155 0.258358662613982 0.643363728470111 0.0982776089159068 0
  1 1 45 2 0 986 0.00405679513184584 0.275862068965517 0.637931034482759 0.0862068965517241 0
  1 1 46 2 0 985 0.00304568527918782 0.283248730964467 0.63248730964467 0.0842639593908629 0
  1 1 47 2 0 990 0.00303030303030303 0.265656565656566 0.626262626262626 0.108080808080808 0
  1 1 48 2 0 988 0.00303643724696356 0.270242914979757 0.637651821862348 0.0921052631578947 0
  1 1 49 2 0 985 0.00406091370558376 0.280203045685279 0.641624365482233 0.0781725888324873 0
  1 1 50 2 0 991 0.00302724520686176 0.262361251261352 0.628657921291625 0.108980827447023 0
  1 1 51 2 0 989 0.00303336703741153 0.271991911021234 0.639029322548028 0.0889787664307381 0
  1 1 52 2 0 988 0.00303643724696356 0.260121457489879 0.601214574898785 0.138663967611336 0
  1 1 53 2 0 991 0.00302724520686176 0.291624621594349 0.645812310797175 0.0625630676084763 0
  1 1 54 2 0 992 0.0030241935483871 0.272177419354839 0.622983870967742 0.104838709677419 0
  1 1 55 2 0 989 0.00303336703741153 0.260869565217391 0.643073811931244 0.096056622851365 0
  1 1 56 2 0 987 0.00405268490374873 0.285714285714286 0.630192502532928 0.0840932117527862 0
  1 1 57 2 0 993 0.00302114803625378 0.262839879154079 0.625377643504532 0.11178247734139 0
  1 1 58 2 0 995 0.00301507537688442 0.277386934673367 0.650251256281407 0.0723618090452261 0
  1 1 59 2 0 990 0.00303030303030303 0.251515151515152 0.623232323232323 0.125252525252525 0
  1 1 60 2 0 988 0.00303643724696356 0.271255060728745 0.630566801619433 0.0981781376518219 0
  1 1 61 2 0 993 0.00302114803625378 0.268882175226586 0.636455186304129 0.094662638469285 0
  1 1 62 2 0 990 0.00303030303030303 0.262626262626263 0.648484848484848 0.0888888888888889 0
  1 1 63 2 0 990 0.00303030303030303 0.255555555555556 0.625252525252525 0.119191919191919 0
  1 1 64 2 0 994 0.00301810865191147 0.271629778672032 0.63682092555332 0.0915492957746479 0
  1 1 65 2 0 986 0.00304259634888438 0.254563894523327 0.622718052738337 0.122718052738337 0
  1 1 66 2 0 989 0.00404448938321537 0.276036400404449 0.635995955510617 0.0879676440849343 0
  1 1 67 2 0 986 0.00405679513184584 0.286004056795132 0.639959432048682 0.0740365111561866 0
  1 1 68 2 0 988 0.00303643724696356 0.251012145748988 0.614372469635628 0.134615384615385 0
  1 1 69 2 0 992 0.0030241935483871 0.270161290322581 0.637096774193548 0.092741935483871 0
  1 1 70 2 0 992 0.0030241935483871 0.277217741935484 0.640120967741935 0.0826612903225806 0
  1 1 71 2 0 989 0.00303336703741153 0.266936299292214 0.627906976744186 0.1051567239636 0
  1 1 72 2 0 987 0.00405268490374873 0.267477203647416 0.629179331306991 0.103343465045593 0
  1 1 73 2 0 986 0.00304259634888438 0.269776876267748 0.636916835699797 0.0933062880324544 0
  1 1 74 2 0 988 0.00404858299595142 0.284412955465587 0.634615384615385 0.0809716599190283 0
  1 1 75 2 0 989 0.00303336703741153 0.249747219413549 0.607684529828109 0.142568250758342 0
  1 1 76 2 0 988 0.00303643724696356 0.271255060728745 0.638663967611336 0.090080971659919 0
  1 1 77 2 0 988 0.00303643724696356 0.274291497975709 0.631578947368421 0.0941295546558704 0
  1 1 78 2 0 991 0.00302724520686176 0.25832492431887 0.621594349142281 0.12008072653885 0
  1 1 79 2 0 991 0.00403632694248234 0.279515640766902 0.630676084762866 0.0898082744702321 0
  1 1 80 2 0 994 0.00301810865191147 0.266599597585513 0.632796780684105 0.100603621730382 0
  1 1 81 2 0 991 0.00302724520686176 0.264379414732593 0.623612512613522 0.112008072653885 0
  1 1 16 3 0 706 0 0 0.0212464589235127 0.851274787535411 0.127478753541076
  1 1 17 3 0 730 0 0 0.0287671232876712 0.849315068493151 0.121917808219178
  1 1 18 3 0 708 0 0 0.0338983050847458 0.860169491525424 0.105932203389831
  1 1 19 3 0 675 0 0 0.037037037037037 0.862222222222222 0.100740740740741
  1 1 20 3 0 716 0 0 0.0405027932960894 0.865921787709497 0.0935754189944134
  1 1 21 3 0 691 0 0 0.0434153400868307 0.869753979739508 0.0868306801736614
  1 1 22 3 0 709 0 0 0.0394922425952045 0.867418899858956 0.0930888575458392
  1 1 23 3 0 715 0 0 0.0433566433566434 0.86993006993007 0.0867132867132867
  1 1 24 3 0 718 0 0 0.0431754874651811 0.876044568245125 0.0807799442896936
  1 1 25 3 0 726 0 0 0.0454545454545455 0.871900826446281 0.0826446280991736
  1 1 26 3 0 748 0 0 0.0374331550802139 0.872994652406417 0.089572192513369
  1 1 27 3 0 742 0 0 0.0377358490566038 0.861185983827493 0.101078167115903
  1 1 28 3 0 721 0 0 0.0332871012482663 0.866851595006935 0.0998613037447989
  1 1 29 3 0 740 0 0 0.0324324324324324 0.864864864864865 0.102702702702703
  1 1 30 3 0 768 0 0 0.02734375 0.84375 0.12890625
  1 1 31 3 0 754 0 0 0.026525198938992 0.862068965517241 0.111405835543767
  1 1 32 3 0 709 0 0 0.0296191819464034 0.853314527503526 0.117066290550071
  1 1 33 3 0 725 0 0 0.0317241379310345 0.853793103448276 0.11448275862069
  1 1 34 3 0 767 0 0 0.0286831812255541 0.840938722294654 0.130378096479791
  1 1 35 3 0 730 0 0 0.0342465753424658 0.857534246575342 0.108219178082192
  1 1 36 3 0 742 0 0 0.0350404312668464 0.870619946091644 0.0943396226415094
  1 1 37 3 0 711 0 0 0.0436005625879044 0.867791842475387 0.0886075949367089
  1 1 38 3 0 742 0 0 0.0377358490566038 0.861185983827493 0.101078167115903
  1 1 39 3 0 712 0 0 0.0393258426966292 0.855337078651685 0.105337078651685
  1 1 40 3 0 694 0 0 0.0389048991354467 0.860230547550432 0.100864553314121
  1 1 41 3 0 723 0 0 0.037344398340249 0.861687413554634 0.100968188105118
  1 1 42 3 0 726 0 0 0.034435261707989 0.84435261707989 0.121212121212121
  1 1 43 3 0 768 0 0 0.0234375 0.860677083333333 0.115885416666667
  1 1 44 3 0 783 0 0 0.0255427841634738 0.850574712643678 0.123882503192848
  1 1 45 3 0 761 0 0 0.0223390275952694 0.852825229960578 0.124835742444152
  1 1 46 3 0 754 0 0 0.0185676392572944 0.850132625994695 0.131299734748011
  1 1 47 3 0 683 0 0 0.0278184480234261 0.830161054172767 0.142020497803807
  1 1 48 3 0 789 0 0 0.0215462610899873 0.820025348542459 0.158428390367554
  1 1 49 3 0 728 0 0 0.0192307692307692 0.854395604395604 0.126373626373626
  1 1 50 3 0 713 0 0 0.0280504908835905 0.855539971949509 0.1164095371669
  1 1 51 3 0 690 0 0 0.0304347826086957 0.871014492753623 0.0985507246376812
  1 1 52 3 0 752 0 0 0.0265957446808511 0.843085106382979 0.13031914893617
  1 1 53 3 0 699 0 0 0.0257510729613734 0.848354792560801 0.125894134477825
  1 1 54 3 0 710 0 0 0.0295774647887324 0.866197183098592 0.104225352112676
  1 1 55 3 0 687 0 0 0.0320232896652111 0.854439592430859 0.11353711790393
  1 1 56 3 0 745 0 0 0.0322147651006711 0.849664429530201 0.118120805369128
  1 1 57 3 0 694 0 0 0.0331412103746398 0.865994236311239 0.100864553314121
  1 1 58 3 0 719 0 0 0.0347705146036161 0.856745479833102 0.108484005563282
  1 1 59 3 0 681 0 0 0.026431718061674 0.861967694566814 0.111600587371512
  1 1 60 3 0 735 0 0 0.0299319727891156 0.85578231292517 0.114285714285714
  1 1 61 3 0 681 0 0 0.0293685756240822 0.875183553597651 0.0954478707782673
  1 1 62 3 0 687 0 0 0.0334788937409025 0.863173216885007 0.10334788937409
  1 1 63 3 0 719 0 0 0.0208623087621697 0.851182197496523 0.127955493741307
  1 1 64 3 0 710 0 0 0.023943661971831 0.840845070422535 0.135211267605634
  1 1 65 3 0 714 0 0 0.0238095238095238 0.858543417366947 0.117647058823529
  1 1 66 3 0 732 0 0 0.0273224043715847 0.852459016393443 0.120218579234973
  1 1 67 3 0 710 0 0 0.0267605633802817 0.854929577464789 0.11830985915493
  1 1 68 3 0 719 0 0 0.0278164116828929 0.849791376912378 0.122392211404729
  1 1 69 3 0 739 0 0 0.0284167794316644 0.86468200270636 0.106901217861976
  1 1 70 3 0 706 0 0 0.0240793201133144 0.848441926345609 0.127478753541076
  1 1 71 3 0 734 0 0 0.0299727520435967 0.85558583106267 0.114441416893733
  1 1 72 3 0 706 0 0 0.0240793201133144 0.861189801699717 0.114730878186969
  1 1 73 3 0 707 0 0 0.0311173974540311 0.845827439886846 0.123055162659123
  1 1 74 3 0 691 0 0 0.0332850940665702 0.858176555716353 0.108538350217077
  1 1 75 3 0 743 0 0 0.0255720053835801 0.858681022880215 0.115746971736205
  1 1 76 3 0 725 0 0 0.0303448275862069 0.853793103448276 0.115862068965517
  1 1 77 3 0 743 0 0 0.0228802153432032 0.830417227456258 0.146702557200538
  1 1 78 3 0 681 0 0 0.0249632892804699 0.853157121879589 0.121879588839941
  1 1 79 3 0 722 0 0 0.0221606648199446 0.842105263157895 0.135734072022161
  1 1 80 3 0 698 0 0 0.0243553008595989 0.830945558739255 0.144699140401146
  1 1 81 3 0 725 0 0 0.0220689655172414 0.852413793103448 0.12551724137931
  1 1 16 4 0 885 0 0 0.684745762711864 0.315254237288136 0
  1 1 17 4 0 921 0 0.001085776330076 0.714440825190011 0.284473398479913 0
  1 1 18 4 0 882 0 0 0.674603174603175 0.325396825396825 0
  1 1 19 4 0 871 0 0 0.670493685419059 0.329506314580941 0
  1 1 20 4 0 867 0 0 0.6239907727797 0.3760092272203 0
  1 1 21 4 0 866 0 0 0.609699769053118 0.390300230946882 0
  1 1 22 4 0 861 0 0 0.682926829268293 0.317073170731707 0
  1 1 23 4 0 846 0 0 0.756501182033097 0.243498817966903 0
  1 1 24 4 0 867 0 0 0.775086505190311 0.224913494809689 0
  1 1 25 4 0 866 0 0 0.777136258660508 0.222863741339492 0
  1 1 26 4 0 869 0 0 0.739930955120829 0.260069044879171 0
  1 1 27 4 0 862 0 0 0.72737819025522 0.27262180974478 0
  1 1 28 4 0 899 0 0 0.724137931034483 0.275862068965517 0
  1 1 29 4 0 901 0 0.048834628190899 0.795782463928968 0.155382907880133 0
  1 1 30 4 0 897 0 0.0512820512820513 0.903010033444816 0.0457079152731327 0
  1 1 31 4 0 933 0 0.0192926045016077 0.956055734190782 0.0246516613076099 0
  1 1 32 4 0 965 0 0.00207253886010363 0.906735751295337 0.0911917098445596 0
  1 1 33 4 0 958 0 0 0.834029227557411 0.165970772442589 0
  1 1 34 4 0 958 0 0 0.767223382045929 0.232776617954071 0
  1 1 35 4 0 944 0 0 0.712923728813559 0.287076271186441 0
  1 1 36 4 0 947 0 0 0.659978880675818 0.340021119324182 0
  1 1 37 4 0 936 0 0 0.634615384615385 0.365384615384615 0
  1 1 38 4 0 940 0 0 0.622340425531915 0.377659574468085 0
  1 1 39 4 0 904 0 0 0.603982300884956 0.396017699115044 0
  1 1 40 4 0 900 0 0 0.647777777777778 0.352222222222222 0
  1 1 41 4 0 905 0 0 0.707182320441989 0.292817679558011 0
  1 1 42 4 0 890 0 0.0101123595505618 0.764044943820225 0.225842696629213 0
  1 1 43 4 0 881 0 0.021566401816118 0.901248581157775 0.0771850170261067 0
  1 1 44 4 0 907 0 0.00771775082690187 0.947078280044101 0.0452039691289967 0
  1 1 45 4 0 928 0 0.00107758620689655 0.889008620689655 0.109913793103448 0
  1 1 46 4 0 919 0 0 0.829162132752992 0.170837867247008 0
  1 1 47 4 0 909 0 0 0.782178217821782 0.217821782178218 0
  1 1 48 4 0 920 0 0 0.725 0.275 0
  1 1 49 4 0 907 0 0.00220507166482911 0.706725468577729 0.291069459757442 0
  1 1 50 4 0 911 0 0.00109769484083425 0.743139407244786 0.25576289791438 0
  1 1 51 4 0 919 0 0 0.737758433079434 0.262241566920566 0
  1 1 52 4 0 890 0 0 0.689887640449438 0.310112359550562 0
  1 1 53 4 0 904 0 0 0.630530973451327 0.369469026548673 0
  1 1 54 4 0 893 0 0 0.597984322508399 0.402015677491601 0
  1 1 55 4 0 884 0 0 0.57579185520362 0.42420814479638 0
  1 1 56 4 0 889 0 0 0.541057367829021 0.458942632170979 0
  1 1 57 4 0 878 0 0 0.496583143507973 0.503416856492027 0
  1 1 58 4 0 871 0 0 0.517795637198622 0.482204362801378 0
  1 1 59 4 0 890 0 0.00337078651685393 0.534831460674157 0.461797752808989 0
  1 1 60 4 0 865 0 0.00578034682080925 0.71907514450867 0.27514450867052 0
  1 1 61 4 0 869 0 0.00230149597238205 0.846950517836594 0.150747986191024 0
  1 1 62 4 0 876 0 0 0.834474885844749 0.165525114155251 0
  1 1 63 4 0 888 0 0 0.78490990990991 0.21509009009009 0
  1 1 64 4 0 874 0 0 0.723112128146453 0.276887871853547 0
  1 1 65 4 0 883 0 0 0.664779161947905 0.335220838052095 0
  1 1 66 4 0 868 0 0 0.639400921658986 0.360599078341014 0
  1 1 67 4 0 855 0 0 0.577777777777778 0.422222222222222 0
  1 1 68 4 0 899 0 0 0.541713014460512 0.458286985539488 0
  1 1 69 4 0 867 0 0 0.539792387543253 0.460207612456747 0
  1 1 70 4 0 867 0 0 0.513264129181084 0.486735870818916 0
  1 1 71 4 0 883 0 0 0.540203850509626 0.459796149490374 0
  1 1 72 4 0 888 0 0 0.55518018018018 0.44481981981982 0
  1 1 73 4 0 861 0 0 0.560975609756098 0.439024390243902 0
  1 1 74 4 0 866 0 0 0.55080831408776 0.448036951501155 0.00115473441108545
  1 1 75 4 0 860 0 0 0.565116279069767 0.433720930232558 0.00116279069767442
  1 1 76 4 0 882 0 0 0.603174603174603 0.394557823129252 0.00226757369614512
  1 1 77 4 0 887 0 0 0.65163472378805 0.347237880496054 0.00112739571589628
  1 1 78 4 0 875 0 0 0.716571428571429 0.283428571428571 0
  1 1 79 4 0 864 0 0 0.734953703703704 0.265046296296296 0
  1 1 80 4 0 879 0 0 0.704209328782708 0.295790671217292 0
  1 1 81 4 0 870 0 0 0.724137931034483 0.275862068965517 0
  1 1 16 6 0 361 0 0.124653739612188 0.445983379501385 0.409972299168975 0.0193905817174515
  1 1 17 6 0 369 0 0.132791327913279 0.430894308943089 0.411924119241192 0.024390243902439
  1 1 18 6 0 360 0 0.127777777777778 0.505555555555556 0.352777777777778 0.0138888888888889
  1 1 19 6 0 368 0 0.125 0.483695652173913 0.385869565217391 0.00543478260869565
  1 1 20 6 0 371 0 0.161725067385445 0.442048517520216 0.388140161725067 0.00808625336927224
  1 1 21 6 0 367 0 0.125340599455041 0.487738419618529 0.370572207084469 0.0163487738419619
  1 1 22 6 0 364 0 0.159340659340659 0.497252747252747 0.32967032967033 0.0137362637362637
  1 1 23 6 0 357 0 0.145658263305322 0.509803921568627 0.34453781512605 0
  1 1 24 6 0 364 0 0.129120879120879 0.546703296703297 0.315934065934066 0.00824175824175824
  1 1 25 6 0 361 0 0.138504155124654 0.515235457063712 0.340720221606648 0.00554016620498615
  1 1 26 6 0 370 0 0.172972972972973 0.467567567567568 0.348648648648649 0.0108108108108108
  1 1 27 6 0 371 0 0.161725067385445 0.528301886792453 0.307277628032345 0.00269541778975741
  1 1 28 6 0 369 0 0.149051490514905 0.558265582655827 0.289972899728997 0.002710027100271
  1 1 29 6 0 365 0 0.150684931506849 0.545205479452055 0.301369863013699 0.00273972602739726
  1 1 30 6 0 360 0 0.147222222222222 0.55 0.3 0.00277777777777778
  1 1 31 6 0 363 0 0.154269972451791 0.553719008264463 0.292011019283747 0
  1 1 32 6 0 366 0 0.147540983606557 0.568306010928962 0.284153005464481 0
  1 1 33 6 0 366 0 0.147540983606557 0.521857923497268 0.327868852459016 0.00273224043715847
  1 1 34 6 0 361 0 0.130193905817175 0.545706371191136 0.321329639889197 0.00277008310249307
  1 1 35 6 0 367 0 0.20708446866485 0.539509536784741 0.253405994550409 0
  1 1 36 6 0 364 0 0.17032967032967 0.53021978021978 0.296703296703297 0.00274725274725275
  1 1 37 6 0 366 0 0.172131147540984 0.540983606557377 0.286885245901639 0
  1 1 38 6 0 373 0 0.155495978552279 0.50402144772118 0.329758713136729 0.0107238605898123
  1 1 39 6 0 363 0 0.15702479338843 0.548209366391185 0.294765840220386 0
  1 1 40 6 0 372 0 0.158602150537634 0.513440860215054 0.32258064516129 0.00537634408602151
  1 1 41 6 0 362 0 0.149171270718232 0.533149171270718 0.31767955801105 0
  1 1 42 6 0 362 0 0.140883977900552 0.50828729281768 0.342541436464088 0.00828729281767956
  1 1 43 6 0 369 0 0.154471544715447 0.51219512195122 0.327913279132791 0.00542005420054201
  1 1 44 6 0 364 0 0.126373626373626 0.538461538461538 0.32967032967033 0.00549450549450549
  1 1 45 6 0 371 0 0.134770889487871 0.509433962264151 0.355795148247978 0
  1 1 46 6 0 364 0 0.148351648351648 0.491758241758242 0.354395604395604 0.00549450549450549
  1 1 47 6 0 363 0 0.151515151515152 0.504132231404959 0.336088154269972 0.00826446280991736
  1 1 48 6 0 363 0 0.0853994490358127 0.559228650137741 0.352617079889807 0.00275482093663912
  1 1 49 6 0 370 0 0.151351351351351 0.502702702702703 0.337837837837838 0.00810810810810811
  1 1 50 6 0 360 0 0.15 0.544444444444444 0.305555555555556 0
  1 1 51 6 0 362 0 0.149171270718232 0.544198895027624 0.303867403314917 0.00276243093922652
  1 1 52 6 0 373 0 0.109919571045576 0.565683646112601 0.316353887399464 0.00804289544235925
  1 1 53 6 0 373 0 0.136729222520107 0.477211796246649 0.372654155495979 0.0134048257372654
  1 1 54 6 0 352 0 0.127840909090909 0.522727272727273 0.346590909090909 0.00284090909090909
  1 1 55 6 0 375 0 0.146666666666667 0.472 0.370666666666667 0.0106666666666667
  1 1 56 6 0 368 0 0.138586956521739 0.494565217391304 0.355978260869565 0.0108695652173913
  1 1 57 6 0 367 0 0.138964577656676 0.474114441416894 0.376021798365123 0.0108991825613079
  1 1 58 6 0 364 0 0.151098901098901 0.486263736263736 0.354395604395604 0.00824175824175824
  1 1 59 6 0 366 0 0.131147540983607 0.508196721311475 0.355191256830601 0.00546448087431694
  1 1 60 6 0 360 0 0.15 0.488888888888889 0.358333333333333 0.00277777777777778
  1 1 61 6 0 365 0 0.153424657534247 0.482191780821918 0.356164383561644 0.00821917808219178
  1 1 62 6 0 363 0 0.12396694214876 0.495867768595041 0.369146005509642 0.0110192837465565
  1 1 63 6 0 364 0 0.107142857142857 0.508241758241758 0.373626373626374 0.010989010989011
  1 1 64 6 0 356 0 0.120786516853933 0.48876404494382 0.376404494382022 0.0140449438202247
  1 1 65 6 0 368 0 0.130434782608696 0.521739130434783 0.342391304347826 0.00543478260869565
  1 1 66 6 0 361 0 0.149584487534626 0.509695290858726 0.335180055401662 0.00554016620498615
  1 1 67 6 0 365 0 0.13972602739726 0.484931506849315 0.367123287671233 0.00821917808219178
  1 1 68 6 0 361 0 0.132963988919668 0.506925207756233 0.357340720221607 0.00277008310249307
  1 1 69 6 0 364 0 0.14010989010989 0.480769230769231 0.370879120879121 0.00824175824175824
  1 1 70 6 0 357 0 0.168067226890756 0.484593837535014 0.341736694677871 0.00560224089635854
  1 1 71 6 0 360 0 0.127777777777778 0.491666666666667 0.366666666666667 0.0138888888888889
  1 1 72 6 0 367 0 0.122615803814714 0.506811989100817 0.359673024523161 0.0108991825613079
  1 1 73 6 0 364 0 0.17032967032967 0.486263736263736 0.337912087912088 0.00549450549450549
  1 1 74 6 0 374 0 0.122994652406417 0.502673796791444 0.363636363636364 0.0106951871657754
  1 1 75 6 0 357 0 0.128851540616246 0.476190476190476 0.389355742296919 0.00560224089635854
  1 1 76 6 0 360 0 0.15 0.494444444444444 0.355555555555556 0
  1 1 77 6 0 361 0 0.157894736842105 0.501385041551247 0.340720221606648 0
  1 1 78 6 0 369 0 0.165311653116531 0.482384823848238 0.35230352303523 0
  1 1 79 6 0 377 0 0.127320954907162 0.519893899204244 0.352785145888594 0
  1 1 80 6 0 357 0 0.15406162464986 0.49859943977591 0.341736694677871 0.00560224089635854
  1 1 81 6 0 359 0 0.16991643454039 0.473537604456825 0.348189415041783 0.00835654596100279
  1 1 16 8 0 963 0 0 0.703011422637591 0.296988577362409 0
  1 1 17 8 0 957 0 0.00104493207941484 0.751306165099269 0.247648902821317 0
  1 1 18 8 0 960 0 0.00104166666666667 0.767708333333333 0.23125 0
  1 1 19 8 0 958 0 0.00208768267223382 0.825678496868476 0.17223382045929 0
  1 1 20 8 0 958 0 0 0.805845511482255 0.194154488517745 0
  1 1 21 8 0 947 0 0 0.763463569165787 0.236536430834213 0
  1 1 22 8 0 951 0 0 0.783385909568875 0.216614090431125 0
  1 1 23 8 0 949 0 0 0.756585879873551 0.243414120126449 0
  1 1 24 8 0 933 0 0.00428724544480171 0.764201500535906 0.231511254019293 0
  1 1 25 8 0 947 0 0.0464625131995776 0.820485744456177 0.133051742344245 0
  1 1 26 8 0 967 0 0.0423991726990693 0.911065149948294 0.046535677352637 0
  1 1 27 8 0 977 0 0.0122824974411464 0.950870010235415 0.0368474923234391 0
  1 1 28 8 0 975 0 0.00102564102564103 0.886153846153846 0.112820512820513 0
  1 1 29 8 0 978 0 0 0.816973415132924 0.183026584867076 0
  1 1 30 8 0 980 0 0 0.770408163265306 0.229591836734694 0
  1 1 31 8 0 977 0 0 0.679631525076766 0.320368474923234 0
  1 1 32 8 0 983 0 0.00203458799593082 0.752797558494405 0.245167853509664 0
  1 1 33 8 0 982 0 0.0010183299389002 0.803462321792261 0.195519348268839 0
  1 1 34 8 0 972 0 0 0.792181069958848 0.207818930041152 0
  1 1 35 8 0 978 0 0 0.803680981595092 0.196319018404908 0
  1 1 36 8 0 968 0 0.00516528925619835 0.858471074380165 0.136363636363636 0
  1 1 37 8 0 962 0 0 0.865904365904366 0.134095634095634 0
  1 1 38 8 0 973 0 0 0.790339157245632 0.209660842754368 0
  1 1 39 8 0 940 0 0 0.803191489361702 0.196808510638298 0
  1 1 40 8 0 953 0 0.00419727177334732 0.836306400839454 0.159496327387198 0
  1 1 41 8 0 967 0 0.00517063081695967 0.897621509824199 0.0972078593588418 0
  1 1 42 8 0 969 0 0.00103199174406605 0.878224974200206 0.120743034055728 0
  1 1 43 8 0 984 0 0 0.813008130081301 0.186991869918699 0
  1 1 44 8 0 972 0 0 0.786008230452675 0.213991769547325 0
  1 1 45 8 0 963 0 0 0.730010384215992 0.269989615784008 0
  1 1 46 8 0 970 0 0 0.725773195876289 0.274226804123711 0
  1 1 47 8 0 965 0 0 0.703626943005181 0.296373056994819 0
  1 1 48 8 0 947 0 0 0.69376979936642 0.30623020063358 0
  1 1 49 8 0 955 0 0 0.716230366492147 0.283769633507853 0
  1 1 50 8 0 969 0 0 0.729618163054696 0.270381836945304 0
  1 1 51 8 0 954 0 0 0.715932914046122 0.284067085953878 0
  1 1 52 8 0 965 0 0.00829015544041451 0.763730569948187 0.227979274611399 0
  1 1 53 8 0 940 0 0.00531914893617021 0.882978723404255 0.111702127659574 0
  1 1 54 8 0 951 0 0 0.827549947423764 0.172450052576236 0
  1 1 55 8 0 957 0 0 0.665621734587252 0.334378265412748 0
  1 1 56 8 0 946 0 0 0.652219873150106 0.347780126849894 0
  1 1 57 8 0 947 0 0 0.655755015839493 0.344244984160507 0
  1 1 58 8 0 954 0 0 0.641509433962264 0.358490566037736 0
  1 1 59 8 0 953 0 0.00104931794333683 0.707240293809024 0.291710388247639 0
  1 1 60 8 0 953 0 0 0.670514165792235 0.329485834207765 0
  1 1 61 8 0 945 0 0 0.585185185185185 0.414814814814815 0
  1 1 62 8 0 957 0 0 0.586206896551724 0.412748171368861 0.00104493207941484
  1 1 63 8 0 957 0 0.00626959247648903 0.696969696969697 0.296760710553814 0
  1 1 64 8 0 953 0 0.00524658971668416 0.780692549842602 0.214060860440714 0
  1 1 65 8 0 948 0 0.00210970464135021 0.840717299578059 0.157172995780591 0
  1 1 66 8 0 951 0 0 0.768664563617245 0.231335436382755 0
  1 1 67 8 0 950 0 0 0.632631578947368 0.367368421052632 0
  1 1 68 8 0 951 0 0 0.658254468980021 0.341745531019979 0
  1 1 69 8 0 955 0 0 0.661780104712042 0.338219895287958 0
  1 1 70 8 0 958 0 0 0.669102296450939 0.330897703549061 0
  1 1 71 8 0 959 0 0 0.666319082377477 0.333680917622523 0
  1 1 72 8 0 952 0 0 0.646008403361345 0.353991596638655 0
  1 1 73 8 0 952 0 0 0.615546218487395 0.384453781512605 0
  1 1 74 8 0 952 0 0.00210084033613445 0.623949579831933 0.373949579831933 0
  1 1 75 8 0 960 0 0.0166666666666667 0.784375 0.198958333333333 0
  1 1 76 8 0 957 0 0.0125391849529781 0.874608150470219 0.112852664576803 0
  1 1 77 8 0 950 0 0.00631578947368421 0.926315789473684 0.0673684210526316 0
  1 1 78 8 0 962 0 0.00103950103950104 0.872141372141372 0.126819126819127 0
  1 1 79 8 0 961 0 0 0.712799167533819 0.287200832466181 0
  1 1 80 8 0 973 0 0 0.649537512846865 0.350462487153135 0
  1 1 81 8 0 963 0 0 0.677050882658359 0.322949117341641 0
  1 1 16 10 0 954 0 0.388888888888889 0.464360587002096 0.146750524109015 0
  1 1 17 10 0 943 0 0.395546129374337 0.501590668080594 0.102863202545069 0
  1 1 18 10 0 956 0 0.399581589958159 0.506276150627615 0.0941422594142259 0
  1 1 19 10 0 957 0 0.454545454545455 0.454545454545455 0.0909090909090909 0
  1 1 20 10 0 958 0 0.382045929018789 0.539665970772443 0.0782881002087683 0
  1 1 21 10 0 967 0 0.311271975180972 0.608066184074457 0.0806618407445708 0
  1 1 22 10 0 964 0 0.316390041493776 0.602697095435685 0.0809128630705394 0
  1 1 23 10 0 957 0 0.274817136886102 0.64367816091954 0.0815047021943574 0
  1 1 24 10 0 966 0 0.30952380952381 0.607660455486542 0.082815734989648 0
  1 1 25 10 0 969 0 0.347781217750258 0.578947368421053 0.0732714138286894 0
  1 1 26 10 0 954 0 0.280922431865828 0.648846960167715 0.070230607966457 0
  1 1 27 10 0 967 0 0.309203722854188 0.610134436401241 0.0806618407445708 0
  1 1 28 10 0 970 0 0.267010309278351 0.65360824742268 0.0793814432989691 0
  1 1 29 10 0 972 0 0.220164609053498 0.695473251028807 0.0843621399176955 0
  1 1 30 10 0 983 0 0.263479145473042 0.648016276703967 0.0885045778229908 0
  1 1 31 10 0 966 0 0.295031055900621 0.616977225672878 0.087991718426501 0
  1 1 32 10 0 975 0 0.291282051282051 0.62974358974359 0.078974358974359 0
  1 1 33 10 0 976 0 0.253073770491803 0.661885245901639 0.0850409836065574 0
  1 1 34 10 0 982 0 0.236252545824847 0.662932790224033 0.10081466395112 0
  1 1 35 10 0 974 0 0.237166324435318 0.66735112936345 0.095482546201232 0
  1 1 36 10 0 974 0 0.227926078028747 0.680698151950719 0.0913757700205339 0
  1 1 37 10 0 971 0 0.209062821833162 0.688980432543769 0.101956745623069 0
  1 1 38 10 0 968 0 0.247933884297521 0.65495867768595 0.0971074380165289 0
  1 1 39 10 0 976 0 0.224385245901639 0.683401639344262 0.0922131147540984 0
  1 1 40 10 0 972 0 0.308641975308642 0.595679012345679 0.095679012345679 0
  1 1 41 10 0 975 0 0.224615384615385 0.692307692307692 0.0830769230769231 0
  1 1 42 10 0 973 0 0.192189105858171 0.695786228160329 0.112024665981501 0
  1 1 43 10 0 973 0 0.234326824254882 0.647482014388489 0.118191161356629 0
  1 1 44 10 0 977 0 0.262026612077789 0.619242579324463 0.118730808597748 0
  1 1 45 10 0 979 0 0.280898876404494 0.608784473953013 0.110316649642492 0
  1 1 46 10 0 972 0 0.254115226337449 0.619341563786008 0.126543209876543 0
  1 1 47 10 0 972 0 0.308641975308642 0.563786008230453 0.127572016460905 0
  1 1 48 10 0 972 0 0.32201646090535 0.567901234567901 0.110082304526749 0
  1 1 49 10 0 974 0 0.253593429158111 0.614989733059548 0.131416837782341 0
  1 1 50 10 0 973 0 0.272353545734841 0.603288797533402 0.124357656731757 0
  1 1 51 10 0 980 0 0.312244897959184 0.564285714285714 0.123469387755102 0
  1 1 52 10 0 978 0 0.28118609406953 0.586912065439673 0.131901840490798 0
  1 1 53 10 0 971 0 0.270854788877446 0.607621009268795 0.121524201853759 0
  1 1 54 10 0 963 0 0.314641744548287 0.566978193146417 0.118380062305296 0
  1 1 55 10 0 973 0 0.318602261048304 0.560123329907503 0.121274409044193 0
  1 1 56 10 0 957 0 0.317659352142111 0.570532915360502 0.111807732497388 0
  1 1 57 10 0 969 0 0.298245614035088 0.565531475748194 0.136222910216718 0
  1 1 58 10 0 958 0 0.268267223382046 0.625260960334029 0.106471816283925 0
  1 1 59 10 0 964 0 0.349585062240664 0.513485477178423 0.136929460580913 0
  1 1 60 10 0 950 0 0.318947368421053 0.578947368421053 0.102105263157895 0
  1 1 61 10 0 971 0 0.294541709577755 0.579814624098867 0.125643666323378 0
  1 1 62 10 0 969 0 0.275541795665635 0.614035087719298 0.110423116615067 0
  1 1 63 10 0 971 0 0.277033985581874 0.591143151390319 0.131822863027806 0
  1 1 64 10 0 961 0 0.276795005202914 0.59105098855359 0.132154006243496 0
  1 1 65 10 0 945 0 0.313227513227513 0.57037037037037 0.116402116402116 0
  1 1 66 10 0 963 0 0.289719626168224 0.581516095534787 0.128764278296989 0
  1 1 67 10 0 961 0 0.269510926118626 0.601456815816857 0.129032258064516 0
  1 1 68 10 0 970 0 0.320618556701031 0.550515463917526 0.128865979381443 0
  1 1 69 10 0 972 0 0.330246913580247 0.547325102880658 0.122427983539095 0
  1 1 70 10 0 954 0 0.359538784067086 0.550314465408805 0.090146750524109 0
  1 1 71 10 0 971 0 0.35221421215242 0.54788877445932 0.0998970133882595 0
  1 1 72 10 0 958 0 0.302713987473904 0.605427974947808 0.0918580375782881 0
  1 1 73 10 0 962 0 0.331600831600832 0.566528066528067 0.101871101871102 0
  1 1 74 10 0 946 0 0.276955602536998 0.636363636363636 0.0866807610993657 0
  1 1 75 10 0 973 0 0.285714285714286 0.601233299075026 0.113052415210689 0
  1 1 76 10 0 954 0 0.289308176100629 0.619496855345912 0.0911949685534591 0
  1 1 77 10 0 970 0 0.272164948453608 0.61340206185567 0.114432989690722 0
  1 1 78 10 0 955 0 0.277486910994764 0.620942408376963 0.101570680628272 0
  1 1 79 10 0 963 0 0.290758047767394 0.604361370716511 0.104880581516096 0
  1 1 80 10 0 967 0 0.266804550155119 0.637021716649431 0.0961737331954498 0
  1 1 81 10 0 961 0 0.273673257023933 0.614984391259105 0.111342351716961 0
  1 1 16 11 0 897 0 0.199554069119286 0.464882943143813 0.335562987736901 0
  1 1 17 11 0 881 0 0.212258796821793 0.493757094211124 0.293984108967083 0
  1 1 18 11 0 890 0 0.242696629213483 0.459550561797753 0.297752808988764 0
  1 1 19 11 0 867 0 0.251441753171857 0.482122260668973 0.26643598615917 0
  1 1 20 11 0 864 0 0.310185185185185 0.447916666666667 0.241898148148148 0
  1 1 21 11 0 897 0 0.283166109253066 0.455964325529543 0.260869565217391 0
  1 1 22 11 0 877 0 0.330672748004561 0.409350057012543 0.259977194982896 0
  1 1 23 11 0 840 0 0.371428571428571 0.453571428571429 0.175 0
  1 1 24 11 0 807 0 0.372986369268897 0.45724907063197 0.169764560099133 0
  1 1 25 11 0 817 0 0.379436964504284 0.471236230110159 0.149326805385557 0
  1 1 26 11 0 793 0 0.41109709962169 0.471626733921816 0.117276166456494 0
  1 1 27 11 0 787 0 0.421855146124524 0.481575603557814 0.096569250317662 0
  1 1 28 11 0 784 0 0.403061224489796 0.512755102040816 0.0841836734693878 0
  1 1 29 11 0 829 0 0.381182147165259 0.535585042219542 0.083232810615199 0
  1 1 30 11 0 779 0 0.427471116816431 0.496790757381258 0.0757381258023107 0
  1 1 31 11 0 777 0 0.422136422136422 0.526383526383526 0.0514800514800515 0
  1 1 32 11 0 783 0 0.409961685823755 0.52234993614304 0.0676883780332056 0
  1 1 33 11 0 774 0 0.397932816537468 0.516795865633075 0.0852713178294574 0
  1 1 34 11 0 825 0 0.39030303030303 0.504242424242424 0.105454545454545 0
  1 1 35 11 0 772 0 0.406735751295337 0.52720207253886 0.0660621761658031 0
  1 1 36 11 0 809 0 0.430160692212608 0.509270704573548 0.0605686032138443 0
  1 1 37 11 0 774 0 0.412144702842377 0.509043927648579 0.0788113695090439 0
  1 1 38 11 0 777 0 0.449163449163449 0.50965250965251 0.0411840411840412 0
  1 1 39 11 0 812 0 0.426108374384236 0.496305418719212 0.0775862068965517 0
  1 1 40 11 0 799 0 0.400500625782228 0.506883604505632 0.0926157697121402 0
  1 1 41 11 0 817 0 0.391676866585067 0.515299877600979 0.0930232558139535 0
  1 1 42 11 0 795 0 0.412578616352201 0.511949685534591 0.0754716981132075 0
  1 1 43 11 0 786 0 0.405852417302799 0.531806615776081 0.0623409669211196 0
  1 1 44 11 0 767 0 0.380704041720991 0.51890482398957 0.100391134289439 0
  1 1 45 11 0 784 0 0.352040816326531 0.591836734693878 0.0561224489795918 0
  1 1 46 11 0 777 0 0.366795366795367 0.555984555984556 0.0772200772200772 0
  1 1 47 11 0 798 0 0.327067669172932 0.548872180451128 0.12406015037594 0
  1 1 48 11 0 790 0 0.337974683544304 0.545569620253165 0.116455696202532 0
  1 1 49 11 0 817 0 0.303549571603427 0.538555691554468 0.157894736842105 0
  1 1 50 11 0 837 0 0.333333333333333 0.48984468339307 0.176821983273596 0
  1 1 51 11 0 846 0 0.296690307328605 0.5 0.203309692671395 0
  1 1 52 11 0 806 0 0.321339950372208 0.507444168734491 0.1712158808933 0
  1 1 53 11 0 830 0 0.304819277108434 0.481927710843373 0.213253012048193 0
  1 1 54 11 0 849 0 0.31095406360424 0.473498233215548 0.215547703180212 0
  1 1 55 11 0 861 0 0.285714285714286 0.48780487804878 0.226480836236934 0
  1 1 56 11 0 836 0 0.270334928229665 0.466507177033493 0.263157894736842 0
  1 1 57 11 0 860 0 0.269767441860465 0.475581395348837 0.254651162790698 0
  1 1 58 11 0 876 0 0.284246575342466 0.471461187214612 0.244292237442922 0
  1 1 59 11 0 826 0 0.297820823244552 0.516949152542373 0.185230024213075 0
  1 1 60 11 0 822 0 0.282238442822384 0.52676399026764 0.190997566909976 0
  1 1 61 11 0 834 0 0.287769784172662 0.507194244604317 0.205035971223022 0
  1 1 62 11 0 828 0 0.276570048309179 0.479468599033816 0.243961352657005 0
  1 1 63 11 0 879 0 0.253697383390216 0.459613196814562 0.286689419795222 0
  1 1 64 11 0 863 0 0.256083429895713 0.468134414831981 0.275782155272306 0
  1 1 65 11 0 855 0 0.285380116959064 0.470175438596491 0.244444444444444 0
  1 1 66 11 0 871 0 0.273249138920781 0.477611940298507 0.249138920780712 0
  1 1 67 11 0 868 0 0.258064516129032 0.474654377880184 0.267281105990783 0
  1 1 68 11 0 847 0 0.263282172373081 0.505312868949233 0.231404958677686 0
  1 1 69 11 0 873 0 0.269186712485682 0.475372279495991 0.255441008018328 0
  1 1 70 11 0 801 0 0.284644194756554 0.506866416978777 0.208489388264669 0
  1 1 71 11 0 836 0 0.293062200956938 0.490430622009569 0.216507177033493 0
  1 1 72 11 0 871 0 0.276693455797933 0.47187141216992 0.251435132032147 0
  1 1 73 11 0 861 0 0.268292682926829 0.464576074332172 0.267131242740999 0
  1 1 74 11 0 874 0 0.284897025171625 0.480549199084668 0.234553775743707 0
  1 1 75 11 0 784 0 0.325255102040816 0.497448979591837 0.177295918367347 0
  1 1 76 11 0 862 0 0.306264501160093 0.481438515081206 0.212296983758701 0
  1 1 77 11 0 827 0 0.318016928657799 0.503022974607013 0.177750906892382 0.00120918984280532
  1 1 78 11 0 850 0 0.301176470588235 0.495294117647059 0.203529411764706 0
  1 1 79 11 0 845 0 0.287573964497041 0.506508875739645 0.205917159763314 0
  1 1 80 11 0 856 0 0.288551401869159 0.485981308411215 0.225467289719626 0
  1 1 81 11 0 856 0 0.275700934579439 0.492990654205608 0.231308411214953 0
  2 1 1 7 0 883 0 0 0.0622876557191393 0.862967157417894 0.0747451868629672
  2 1 2 7 0 882 0 0 0.0702947845804989 0.854875283446712 0.0748299319727891
  2 1 3 7 0 899 0 0 0.0600667408231368 0.862068965517241 0.0778642936596218
  2 1 4 7 0 913 0 0 0.0591456736035049 0.863088718510405 0.0777656078860898
  2 1 5 7 0 870 0 0 0.0666666666666667 0.851724137931035 0.0816091954022989
  2 1 6 7 0 882 0 0 0.0714285714285714 0.849206349206349 0.0793650793650794
  2 1 7 7 0 896 0 0 0.0647321428571429 0.857142857142857 0.078125
  2 1 8 7 0 876 0 0 0.0650684931506849 0.850456621004566 0.0844748858447489
  2 1 9 7 0 896 0 0 0.0602678571428571 0.853794642857143 0.0859375
  2 1 10 7 0 907 0 0 0.0606394707828004 0.854465270121279 0.0848952590959206
  2 1 11 7 0 882 0 0 0.054421768707483 0.849206349206349 0.0963718820861678
  2 1 12 7 0 893 0 0 0.0559910414333707 0.852183650615902 0.0918253079507279
  2 1 13 7 0 881 0 0 0.0567536889897843 0.854710556186152 0.0885357548240636
  2 1 14 7 0 866 0 0 0.0600461893764434 0.855658198614319 0.0842956120092379
  2 1 15 7 0 866 0 0 0.069284064665127 0.848729792147806 0.081986143187067
  2 1 16 7 0 852 0 0 0.0868544600938967 0.842723004694836 0.0704225352112676
  2 1 17 7 0 903 0 0 0.108527131782946 0.843853820598007 0.0476190476190476
  2 1 18 7 0 934 0 0 0.127408993576017 0.842612419700214 0.0299785867237687
  2 1 19 7 0 949 0 0 0.123287671232877 0.84404636459431 0.0326659641728135
  2 1 20 7 0 949 0 0 0.114857744994731 0.851422550052687 0.0337197049525817
  2 1 21 7 0 953 0 0 0.110178384050367 0.855194123819517 0.0346274921301154
  2 1 22 7 0 957 0 0 0.0919540229885057 0.864158829676071 0.0438871473354232
  2 1 23 7 0 962 0 0 0.0925155925155925 0.860706860706861 0.0467775467775468
  2 1 24 7 0 979 0 0 0.0898876404494382 0.860061287027579 0.0500510725229826
  2 1 25 7 0 955 0 0 0.0774869109947644 0.861780104712042 0.0607329842931937
  2 1 26 7 0 962 0 0 0.0738045738045738 0.860706860706861 0.0654885654885655
  2 1 27 7 0 953 0 0 0.0766002098635887 0.858342077649528 0.0650577124868835
  2 1 28 7 0 962 0 0 0.079002079002079 0.858627858627859 0.0623700623700624
  2 1 29 7 0 966 0 0 0.0869565217391304 0.855072463768116 0.0579710144927536
  2 1 30 7 0 968 0 0 0.0826446280991736 0.860537190082645 0.0568181818181818
  2 1 31 7 0 967 0 0 0.0744570837642192 0.861427094105481 0.0641158221302999
  2 1 32 7 0 965 0 0 0.0725388601036269 0.859067357512953 0.0683937823834197
  2 1 33 7 0 969 0 0 0.0835913312693498 0.853457172342621 0.0629514963880289
  2 1 34 7 0 961 0 0 0.0946930280957336 0.851196670135276 0.0541103017689906
  2 1 35 7 0 968 0 0 0.0929752066115702 0.856404958677686 0.0506198347107438
  2 1 36 7 0 968 0 0 0.0888429752066116 0.856404958677686 0.0547520661157025
  2 1 37 7 0 949 0 0 0.0990516332982086 0.846153846153846 0.0547945205479452
  2 1 38 7 0 963 0 0 0.0934579439252336 0.85981308411215 0.0467289719626168
  2 1 39 7 0 957 0 0 0.0856844305120167 0.863113897596656 0.0512016718913271
  2 1 40 7 0 956 0 0 0.0857740585774059 0.855648535564854 0.0585774058577406
  2 1 41 7 0 968 0 0 0.0795454545454545 0.857438016528926 0.0630165289256198
  2 1 42 7 0 951 0 0 0.0588853838065195 0.859095688748686 0.082018927444795
  2 1 43 7 0 926 0 0 0.050755939524838 0.844492440604752 0.10475161987041
  2 1 44 7 0 910 0 0 0.0505494505494506 0.837362637362637 0.112087912087912
  2 1 45 7 0 922 0 0 0.0542299349240781 0.835140997830803 0.110629067245119
  2 1 46 7 0 913 0 0 0.0646221248630887 0.836801752464403 0.0985761226725082
  2 1 47 7 0 908 0 0 0.0693832599118943 0.841409691629956 0.0892070484581498
  2 1 48 7 0 914 0 0 0.0667396061269147 0.842450765864333 0.0908096280087527
  2 1 49 7 0 911 0 0 0.0614709110867179 0.848518111964874 0.0900109769484083
  2 1 50 7 0 917 0 0 0.0534351145038168 0.844056706652127 0.102508178844057
  2 1 51 7 0 892 0 0 0.0482062780269058 0.844170403587444 0.10762331838565
  2 1 52 7 0 883 0 0 0.0588901472253681 0.835787089467724 0.105322763306908
  2 1 53 7 0 905 0 0 0.0607734806629834 0.840883977900552 0.0983425414364641
  2 1 54 7 0 909 0 0 0.0583058305830583 0.843784378437844 0.0979097909790979
  2 1 55 7 0 917 0 0 0.0468920392584515 0.842966194111232 0.110141766630316
  2 1 56 7 0 899 0 0 0.0556173526140156 0.834260289210234 0.110122358175751
  2 1 57 7 0 884 0 0 0.0565610859728507 0.835972850678733 0.107466063348416
  2 1 58 7 0 882 0 0 0.0589569160997732 0.836734693877551 0.104308390022676
  2 1 59 7 0 892 0 0 0.0594170403587444 0.839686098654709 0.100896860986547
  2 1 60 7 0 921 0 0 0.0618892508143322 0.839305103148751 0.0988056460369164
  2 1 61 7 0 902 0 0 0.0598669623059867 0.840354767184035 0.0997782705099778
  2 1 62 7 0 906 0 0 0.0596026490066225 0.839955849889625 0.100441501103753
  2 1 63 7 0 898 0 0 0.0657015590200445 0.838530066815145 0.0957683741648107
  2 1 64 7 0 907 0 0 0.0628445424476295 0.842337375964719 0.0948180815876516
  2 1 65 7 0 892 0 0 0.0582959641255605 0.840807174887892 0.100896860986547
  2 1 66 7 0 897 0 0 0.0624303232998885 0.839464882943144 0.0981047937569677
  2 1 67 7 0 905 0 0 0.0685082872928177 0.844198895027624 0.087292817679558
  2 1 68 7 0 909 0 0 0.0704070407040704 0.842684268426843 0.0869086908690869
  2 1 69 7 0 914 0 0 0.074398249452954 0.844638949671772 0.0809628008752735
  2 1 70 7 0 917 0 0 0.0632497273718648 0.848418756815703 0.0883315158124318
  2 1 71 7 0 914 0 0 0.0590809628008753 0.849015317286652 0.0919037199124726
  2 1 72 7 0 907 0 0 0.0595369349503859 0.843439911797133 0.0970231532524807
  2 1 73 7 0 926 0 0 0.0680345572354212 0.84341252699784 0.0885529157667387
  2 1 74 7 0 910 0 0 0.067032967032967 0.851648351648352 0.0813186813186813
  2 1 75 7 0 929 0 0 0.0656620021528525 0.847147470398278 0.0871905274488698
  2 1 76 7 0 918 0 0 0.0708061002178649 0.843137254901961 0.0860566448801743
  2 1 77 7 0 933 0 0 0.0696677384780279 0.852090032154341 0.0782422293676313
  2 1 78 7 0 919 0 0 0.0685527747551687 0.84766050054407 0.0837867247007617
  2 1 79 7 0 905 0 0 0.0651933701657459 0.845303867403315 0.0895027624309392
  2 1 80 7 0 914 0 0 0.062363238512035 0.849015317286652 0.0886214442013129
  2 1 81 7 0 904 0 0 0.0685840707964602 0.845132743362832 0.086283185840708
# end fishery length observations 
#  
# Survey diet proportion observations 
# Number of observations, init_int Ndietprop_obs 
  4781
# init_matrix obs_dietprop(1,Ndietprop_obs,1,ncol) 
# Survey  Year  Predator  Predator_size InpN  wt_prey_1 wt_prey_2 wt_prey_3 wt_prey_4 wt_prey_5 wt_prey_6 wt_prey_7 wt_prey_8 wt_prey_9 wt_prey_10 wt_prey_11 other 
  1 1 1 3 100 0 0.00352833045021049 0 0 0 0 0 0.000100578753873085 0 0.0178002787776905 0 0.978570812018226
  1 1 1 4 100 0 0.0096737285691642 0 0 0 0 0 0.000276365688313145 0 0.0494305512170041 0 0.940619354525519
  1 1 1 5 100 0 0.0113812896524599 0 0 0 0 0 0.000325991911695401 0 0.0589654326653214 0 0.929327285770523
  1 2 1 2 100 0 6.2964080265913e-07 0 0 0 0 0 2.01086085851377e-08 0 3.41221018734953e-06 0 0.999995938040401
  1 2 1 3 100 0 0.00306650478273814 0 0 0 0 0 9.68672081319009e-05 0 0.0179588255744045 0 0.978877802434725
  1 2 1 4 100 0 0.00834262429358613 0 0 0 0 0 0.000263428911898794 0 0.0494141725976834 0 0.941979774196832
  1 2 1 5 100 0 0.00983127385519019 0 0 0 0 0 0.00031039365398899 0 0.0589360138451853 0 0.930922318645636
  1 3 1 2 100 0 5.28062729176576e-07 0 0 0 0 0 0 0 3.86433358599848e-06 0 0.999995607603685
  1 3 1 3 100 0 0.00259553802903302 0 0 0 0 0 9.41276551040495e-05 0 0.0204226659921299 0 0.976887668323733
  1 3 1 4 100 0 0.00702877803033196 0 0 0 0 0 0.000271645772459747 0 0.0558491703551064 0 0.936850405842102
  1 3 1 5 100 0 0.00829686889652659 0 0 0 0 0 0.000339213984192577 0 0.0666184275275745 0 0.924745489591706
  1 4 1 3 100 0 0.00281664137410186 0 0 0 0 0 3.17765895815865e-05 0 0.0216458269760536 0 0.975505755060263
  1 4 1 4 100 0 0.00760273047282222 0 0 0 0 0 9.80688068498394e-05 0 0.0589040010179681 0 0.93339519970236
  1 4 1 5 100 0 0.00897066841792264 0 0 0 0 0 0.000130870291337588 0 0.0700971041483384 0 0.920801357142401
  1 5 1 2 100 0 0 0 0 0 0 0 7.25281000842279e-09 0 0 0 0.99999999274719
  1 5 1 3 100 0 0.00304718116943642 0 0 0 0 0 4.55692851268845e-05 0 0.02007199438211 0 0.976835255163327
  1 5 1 4 100 0 0.00817456361207631 0 0 0 0 0 0.000121896114483114 0 0.0543824451162848 0 0.937321095157156
  1 5 1 5 100 0 0.00963231761989397 0 0 0 0 0 0.000143573885916505 0 0.0647730667166288 0 0.925451041777561
  1 6 1 2 100 0 0 0 0 0 0 0 2.02819067229286e-08 0 0 0 0.999999979718093
  1 6 1 3 100 0 0.00245174879634988 0 0 0 0 0 0.00010929159645312 0 0.0200684308755008 0 0.977370528731696
  1 6 1 4 100 0 0.00655691399624555 0 0 0 0 0 0.000292017779541128 0 0.0541391760358037 0 0.93901189218841
  1 6 1 5 100 0 0.00778134641848451 0 0 0 0 0 0.000346867389410833 0 0.0648877266748387 0 0.926984059517266
  1 7 1 3 100 0 0.00354526467412187 0 0 0 0 0 0.00031274242593888 0 0.0182522110334223 0 0.977889781866517
  1 7 1 4 100 0 0.00946760326510966 0 0 0 0 0 0.000864483518077161 0 0.0491809687449333 0 0.94048694447188
  1 7 1 5 100 0 0.0112641792611317 0 0 0 0 0 0.00107073988471071 0 0.0591037096596008 0 0.928561371194557
  1 8 1 3 100 0 0.00603181475864863 0 0 0 0 0 0.000332947504303089 0 0.0194255466615343 0 0.974209691075514
  1 8 1 4 100 0 0.0160512375455783 0 0 0 0 0 0.000888855502722828 0 0.0522474033556799 0 0.930812503596019
  1 8 1 5 100 0 0.0190939502679587 0 0 0 0 0 0.00106138385233446 0 0.0628574817086284 0 0.916987184171078
  1 9 1 3 100 0 0.00191112432051043 0 0 0 0 0 0.000182644392860029 0 0.0191174894284336 0 0.978788741858196
  1 9 1 4 100 0 0.00512564977346609 0 0 0 0 0 0.000553069908225545 0 0.0516676671923936 0 0.942653613125915
  1 9 1 5 100 0 0.00608312352498587 0 0 0 0 0 0.000740259824560708 0 0.0618528240512776 0 0.931323792599176
  1 10 1 3 100 0 0.00373448969740619 0 0 0 0 0 5.87295549439885e-05 0 0.0192024235279083 0 0.977004357219742
  1 10 1 4 100 0 0.00997292803048289 0 0 0 0 0 0.000186390498402054 0 0.0517763311677155 0 0.9380643503034
  1 10 1 5 100 0 0.0118330553463535 0 0 0 0 0 0.000263731317269058 0 0.0620693278125613 0 0.925833885523816
  1 11 1 3 100 0 0.00382487651149003 0 0 0 0 0 0 0 0.0176214846714333 0 0.978553638817077
  1 11 1 4 100 0 0.0102353399639447 0 0 0 0 0 0 0 0.0476023888955045 0 0.942162271140551
  1 11 1 5 100 0 0.0121617628945537 0 0 0 0 0 0 0 0.057133119487447 0 0.930705117617999
  1 12 1 2 100 0 0 0 0 0 0 0 1.1894485361477e-08 0 0 0 0.999999988105515
  1 12 1 3 100 0 0.00476101020856332 0 0 0 0 0 2.45665811468697e-05 0 0.0195104674071682 0 0.975703955803122
  1 12 1 4 100 0 0.0126873273336166 0 0 0 0 0 6.54323808232181e-05 0 0.0525595900027309 0 0.934687650282829
  1 12 1 5 100 0 0.0150370143395006 0 0 0 0 0 7.77575928925846e-05 0 0.0630049354250927 0 0.921880292642514
  1 13 1 2 100 0 5.05137124888502e-07 0 0 0 0 0 2.6685913083004e-08 0 3.10803835461581e-06 0 0.999996360138607
  1 13 1 3 100 0 0.00247166708668797 0 0 0 0 0 5.29674302747764e-05 0 0.016506687230881 0 0.980968678252156
  1 13 1 4 100 0 0.00660109773120059 0 0 0 0 0 0.000140749719148777 0 0.0445333027705907 0 0.94872484977906
  1 13 1 5 100 0 0.00779728150882876 0 0 0 0 0 0.000165590006264642 0 0.0531554367067466 0 0.93888169177816
  1 14 1 3 100 0 0.00275893752580536 0 0 0 0 0 4.94153998812292e-05 0 0.0174082606057569 0 0.979783386468556
  1 14 1 4 100 0 0.00733341177620397 0 0 0 0 0 0.000131748009226299 0 0.0467291750919241 0 0.945805665122646
  1 14 1 5 100 0 0.00866976332371971 0 0 0 0 0 0.000156034939614399 0 0.0558427763816681 0 0.935331425354998
  1 15 1 2 100 0 0 0 0 0 0 0 1.13186998619582e-08 0 0 0 0.9999999886813
  1 15 1 3 100 0 0.00276490944359199 0 0 0 0 0 4.44864393198886e-05 0 0.0189479139436066 0 0.978242690173481
  1 15 1 4 100 0 0.00729542322114717 0 0 0 0 0 0.000117428735638563 0 0.0504302136852795 0 0.942156934357935
  1 15 1 5 100 0 0.00868660531727017 0 0 0 0 0 0.000140083288559237 0 0.060609858565164 0 0.930563452829007
  1 16 1 3 100 0 0.00380797604850477 0 0 0 0 0 8.06673546897845e-05 0 0.0191655457487349 0 0.976945810848071
  1 16 1 4 100 0 0.0100289523258465 0 0 0 0 0 0.000212592913661428 0 0.0509011301604941 0 0.938857324599998
  1 16 1 5 100 0 0.0119073365339833 0 0 0 0 0 0.000252659984653291 0 0.0610153447892896 0 0.926824658692074
  1 17 1 3 100 0 0.00160894328002841 0 0 0 0 0 3.24185752623715e-05 0 0.0180411457368211 0 0.980317492407888
  1 17 1 4 100 0 0.00466197125629874 0 0 0 0 0 9.39068912019922e-05 0 0.0526125909245026 0 0.942631530927997
  1 17 1 5 100 0 0.00541711576747488 0 0 0 0 0 0.000108957454906126 0 0.0615878217919197 0 0.932886104985699
  1 18 1 3 100 0 0.00313836282055846 0 0 0 0 0 3.66548691043769e-05 0 0.014111532723769 0 0.982713449586568
  1 18 1 4 100 0 0.00963580698115813 0 0 0 0 0 0.000112845074178909 0 0.0437321470681713 0 0.946519200876492
  1 18 1 5 100 0 0.0112933997996997 0 0 0 0 0 0.000132781559681428 0 0.0517750456909162 0 0.936798772949703
  1 19 1 2 100 0 4.88283985927683e-07 0 0 0 0 0 0 0 2.56603411679741e-06 0 0.999996945681897
  1 19 1 3 100 0 0.00226851987067818 0 0 0 0 0 2.41410498552564e-05 0 0.0127400086722933 0 0.984967330407173
  1 19 1 4 100 0 0.00730316590728127 0 0 0 0 0 8.60824802229307e-05 0 0.0414613727031718 0 0.951149378909324
  1 19 1 5 100 0 0.00863690251707628 0 0 0 0 0 0.000112689255469401 0 0.0496294050290637 0 0.941621003198391
  1 20 1 2 100 0 4.60343158516504e-07 0 0 0 0 0 0 0 2.72530587084598e-06 0 0.999996814350971
  1 20 1 3 100 0 0.0020027887696646 0 0 0 0 0 0 0 0.0124594732368717 0 0.985537737993464
  1 20 1 4 100 0 0.00675880401395558 0 0 0 0 0 0 0 0.042487829367725 0 0.950753366618319
  1 20 1 5 100 0 0.00800912325805963 0 0 0 0 0 0 0 0.0509762641472528 0 0.941014612594688
  1 21 1 2 100 0 4.24461161465288e-07 0 0 0 0 0 2.90064206197163e-09 0 2.14866365062688e-06 0 0.999997423974546
  1 21 1 3 100 0 0.00175223189390593 0 0 0 0 0 5.42425068063566e-06 0 0.00932877611569072 0 0.988913567739723
  1 21 1 4 100 0 0.00611668407807558 0 0 0 0 0 1.90347801670513e-05 0 0.0329801243078796 0 0.960884156833878
  1 21 1 5 100 0 0.00725780494742089 0 0 0 0 0 2.27924579714157e-05 0 0.0397733414615845 0 0.952946061133023
  1 22 1 2 100 0 5.57329233171639e-07 0 0 0 0 0 1.27542744072539e-08 0 2.3358154848423e-06 0 0.999997094101008
  1 22 1 3 100 0 0.00218555794263764 0 0 0 0 0 2.02040864474498e-05 0 0.0095456188045505 0 0.988248619166364
  1 22 1 4 100 0 0.00806007410724638 0 0 0 0 0 7.55077892994685e-05 0 0.0356574577352091 0 0.956206960368245
  1 22 1 5 100 0 0.00954787741318689 0 0 0 0 0 9.12735943341375e-05 0 0.042959110733251 0 0.947401738259228
  1 23 1 2 100 0 5.17894620661455e-07 0 0 0 0 0 4.08617307071869e-08 0 2.04273265754447e-06 0 0.999997398510991
  1 23 1 3 100 0 0.00199475050946484 0 0 0 0 0 6.38654051500888e-05 0 0.00819094272441279 0 0.989750441360972
  1 23 1 4 100 0 0.0075764402908425 0 0 0 0 0 0.000258766503478213 0 0.0315885772531323 0 0.960576215952547
  1 23 1 5 100 0 0.0089331334646068 0 0 0 0 0 0.000327721155084315 0 0.0379724629461697 0 0.952766682434139
  1 24 1 2 100 0 7.49357383626151e-07 0 0 0 0 0 2.58635822716967e-08 0 1.82960273953522e-06 0 0.999997395176295
  1 24 1 3 100 0 0.00275157046813045 0 0 0 0 0 0.0001311660838625 0 0.00702895889129779 0 0.990088304556709
  1 24 1 4 100 0 0.0107786510713919 0 0 0 0 0 0.000547654213339047 0 0.0280605028162973 0 0.960613191898972
  1 24 1 5 100 0 0.0126488165297176 0 0 0 0 0 0.000682681513634721 0 0.0337022067221108 0 0.952966295234537
  1 25 1 2 100 0 0 0 0 0 0 0 4.16323620157203e-08 0 0 0 0.999999958367638
  1 25 1 3 100 0 0.0014606139603492 0 0 0 0 0 5.08624773599892e-05 0 0.00607565593878041 0 0.99241286762351
  1 25 1 4 100 0 0.00595534981530356 0 0 0 0 0 0.000208938839128122 0 0.0252279180429719 0 0.968607793302596
  1 25 1 5 100 0 0.00697742382637312 0 0 0 0 0 0.000248838139524041 0 0.0302318207466937 0 0.962541917287409
  1 26 1 3 100 0 0.00164131940371001 0 0 0 0 0 4.72907939829121e-05 0 0.00577915867430288 0 0.992532231128004
  1 26 1 4 100 0 0.00701395938293226 0 0 0 0 0 0.000264721115318194 0 0.0251801726249408 0 0.967541146876809
  1 26 1 5 100 0 0.00817222061004063 0 0 0 0 0 0.000375504163852995 0 0.0300226122529952 0 0.961429662973111
  1 27 1 3 100 0 0.00135568314086234 0 0 0 0 0 3.05320205462483e-06 0 0.0055397709683783 0 0.993101492688705
  1 27 1 4 100 0 0.00596889646280984 0 0 0 0 0 2.59984739986972e-05 0 0.024903378218723 0 0.969101726844468
  1 27 1 5 100 0 0.0069311465933663 0 0 0 0 0 5.29958597907307e-05 0 0.0296361219244043 0 0.963379735622439
  1 28 1 2 100 0 0 0 0 0 0 0 3.9900612494795e-09 0 0 0 0.999999996009939
  1 28 1 3 100 0 0.00145328320991661 0 0 0 0 0 8.32826594639611e-06 0 0.00572189575034874 0 0.992816492773788
  1 28 1 4 100 0 0.00646494099345609 0 0 0 0 0 3.63432411705431e-05 0 0.0259867863050545 0 0.967511929460319
  1 28 1 5 100 0 0.00751603862982504 0 0 0 0 0 4.18830331719625e-05 0 0.0309811982755268 0 0.961460880061476
  1 29 1 2 100 0 0 0 0 0 0 0 1.9986683541252e-08 0 0 0 0.999999980013316
  1 29 1 3 100 0 0.00120949143560503 0 0 0 0 0 1.9410962735635e-05 0 0.00502507941813437 0 0.993746018183525
  1 29 1 4 100 0 0.00552227014943903 0 0 0 0 0 8.92252846318672e-05 0 0.0234543419059694 0 0.97093416265996
  1 29 1 5 100 0 0.00641677303687684 0 0 0 0 0 0.000105648261345454 0 0.0279774803175412 0 0.965500098384237
  1 30 1 3 100 0 0.00163764051090437 0 0 0 0 0 2.39175428173479e-05 0 0.0052186836280113 0 0.993119758318267
  1 30 1 4 100 0 0.00739979559064799 0 0 0 0 0 0.000110009558283802 0 0.0241030815770655 0 0.968387113274003
  1 30 1 5 100 0 0.00858190108799595 0 0 0 0 0 0.000130877303314737 0 0.0287002013155062 0 0.962587020293183
  1 31 1 3 100 0 0.00138709359945918 0 0 0 0 0 2.824820644857e-05 0 0.00481224368716111 0 0.993772414506931
  1 31 1 4 100 0 0.00625960005278764 0 0 0 0 0 0.000130180888988951 0 0.0222665462314775 0 0.971343672826746
  1 31 1 5 100 0 0.00726098593792788 0 0 0 0 0 0.000154872861405474 0 0.0265997526039786 0 0.965984388596688
  1 32 1 2 100 0 0 0 0 0 0 0 1.22172932285773e-08 0 0 0 0.999999987782707
  1 32 1 3 100 0 0.00165223213067773 0 0 0 0 0 2.13537430912257e-05 0 0.00466691461418381 0 0.993659499512047
  1 32 1 4 100 0 0.00756180738595473 0 0 0 0 0 9.88617706730029e-05 0 0.0218229545917916 0 0.970516376251581
  1 32 1 5 100 0 0.00875907495595994 0 0 0 0 0 0.00011690173743473 0 0.0259700168544163 0 0.965154006452189
  1 33 1 3 100 0 0.00128468264952011 0 0 0 0 0 4.82662847038054e-05 0 0.00479570795102591 0 0.99387134311475
  1 33 1 4 100 0 0.00596663011776741 0 0 0 0 0 0.000228345077678545 0 0.022810859593454 0 0.9709941652111
  1 33 1 5 100 0 0.00688911486088544 0 0 0 0 0 0.000269988438595951 0 0.0270912960218966 0 0.965749600678622
  1 34 1 3 100 0 0.00141979524301092 0 0 0 0 0 4.00865965700501e-05 0 0.00470474223396844 0 0.993835375926451
  1 34 1 4 100 0 0.00667844410191167 0 0 0 0 0 0.000225878582501079 0 0.0226586476486362 0 0.970437029666951
  1 34 1 5 100 0 0.00771977013310859 0 0 0 0 0 0.000330174010696771 0 0.0269380741313531 0 0.965011981724842
  1 35 1 3 100 0 0.00139097254020067 0 0 0 0 0 2.50401235009704e-05 0 0.00519440861707563 0 0.993389578719223
  1 35 1 4 100 0 0.0065501361472666 0 0 0 0 0 0.000120562120801392 0 0.0250180021865231 0 0.968311299545409
  1 35 1 5 100 0 0.0075615326119319 0 0 0 0 0 0.000143362915236192 0 0.0296508788011491 0 0.962644225671683
  1 36 1 3 100 0 0.00115960778572151 0 0 0 0 0 2.39276532401404e-05 0 0.00488392979696037 0 0.993932534764078
  1 36 1 4 100 0 0.00542594898751854 0 0 0 0 0 0.000114810693853329 0 0.0234079664147627 0 0.971051273903865
  1 36 1 5 100 0 0.006227401008693 0 0 0 0 0 0.000135683129179829 0 0.0276285944199246 0 0.966008321442203
  1 37 1 2 100 0 0 0 0 0 0 0 3.20541450654685e-08 0 0 0 0.999999967945855
  1 37 1 3 100 0 0.00130391017620987 0 0 0 0 0 3.86024703187066e-05 0 0.00489752766786578 0 0.993759959685606
  1 37 1 4 100 0 0.00617523904651992 0 0 0 0 0 0.00018675616470884 0 0.0237613617381623 0 0.969876643050609
  1 37 1 5 100 0 0.0070989062996066 0 0 0 0 0 0.000221507919177285 0 0.028101139196805 0 0.964578446584411
  1 38 1 3 100 0 0.00125861696456977 0 0 0 0 0 8.22929691399614e-05 0 0.00436730861348264 0 0.994291781452808
  1 38 1 4 100 0 0.00591824600944017 0 0 0 0 0 0.000398655333683961 0 0.0210395799484219 0 0.972643518708454
  1 38 1 5 100 0 0.00686998158044818 0 0 0 0 0 0.000477969003636531 0 0.0251419038171144 0 0.967510145598801
  1 39 1 3 100 0 0.00152294641064006 0 0 0 0 0 7.04415265301535e-05 0 0.00485012441174621 0 0.993556487651084
  1 39 1 4 100 0 0.00707340379037567 0 0 0 0 0 0.000403164270309079 0 0.0230433502477016 0 0.969480081691614
  1 39 1 5 100 0 0.00819565726418916 0 0 0 0 0 0.000612870002487044 0 0.0274541384736258 0 0.963737334259698
  1 40 1 3 100 0 0.00118626099429477 0 0 0 0 0 7.27404485082438e-05 0 0.00440488285849111 0 0.994336115698706
  1 40 1 4 100 0 0.00559024066325114 0 0 0 0 0 0.000350595196790446 0 0.0212377683683386 0 0.97282139577162
  1 40 1 5 100 0 0.00647584939845831 0 0 0 0 0 0.000417869116792458 0 0.025291619674396 0 0.967814661810353
  1 41 1 3 100 0 0.00160944243959779 0 0 0 0 0 2.35710803569979e-05 0 0.0052188139694264 0 0.993148172510619
  1 41 1 4 100 0 0.0076429918938835 0 0 0 0 0 0.000162444507855011 0 0.0253646426465035 0 0.966829920951758
  1 41 1 5 100 0 0.00883816598902955 0 0 0 0 0 0.000238125102684746 0 0.0301446940631592 0 0.960779014845127
  1 42 1 3 100 0 0.00210571684404551 0 0 0 0 0 3.34145025554822e-05 0 0.00570656279377673 0 0.992154305859622
  1 42 1 4 100 0 0.00898448430770286 0 0 0 0 0 0.000144659766068155 0 0.0249098702938714 0 0.965960985632358
  1 42 1 5 100 0 0.0104753001819488 0 0 0 0 0 0.000172609803276375 0 0.0298923220060117 0 0.959459768008763
  1 43 1 3 100 0 0.00132621354169521 0 0 0 0 0 4.87789542660919e-05 0 0.00580037949735857 0 0.99282462800668
  1 43 1 4 100 0 0.00563976543586937 0 0 0 0 0 0.000212498408496661 0 0.0251953135939635 0 0.96895242256167
  1 43 1 5 100 0 0.00654336947231705 0 0 0 0 0 0.000254132329946061 0 0.0299994777536575 0 0.963203020444079
  1 44 1 3 100 0 0.00153901771319298 0 0 0 0 0 3.40896592709065e-05 0 0.00524302293802461 0 0.993183869689512
  1 44 1 4 100 0 0.0066167263436821 0 0 0 0 0 0.00015031992077499 0 0.0230187969757374 0 0.970214156759805
  1 44 1 5 100 0 0.00768008784084264 0 0 0 0 0 0.000179091103776818 0 0.0273537762134833 0 0.964787044841897
  1 45 1 3 100 0 0.00130874749569698 0 0 0 0 0 4.10876928353663e-05 0 0.00621022103288167 0 0.992439943778586
  1 45 1 4 100 0 0.00552654457599075 0 0 0 0 0 0.00017509851494602 0 0.0268495660186292 0 0.967448790890434
  1 45 1 5 100 0 0.00639129820404576 0 0 0 0 0 0.000204335819602521 0 0.0318144084957476 0 0.961589957480604
  1 46 1 3 100 0 0.00174510945480883 0 0 0 0 0 4.09027186130839e-05 0 0.00668528529685958 0 0.991528702529718
  1 46 1 4 100 0 0.00733917423474538 0 0 0 0 0 0.000174433662265816 0 0.0287473361955342 0 0.963739055907455
  1 46 1 5 100 0 0.00846021803461951 0 0 0 0 0 0.000202963019262479 0 0.0338369659021685 0 0.95749985304395
  1 47 1 3 100 0 0.00134220587837142 0 0 0 0 0 6.70698424320212e-05 0 0.00626200545412348 0 0.992328718825073
  1 47 1 4 100 0 0.0055299433712799 0 0 0 0 0 0.00027807588238044 0 0.0263984339550352 0 0.967793546791304
  1 47 1 5 100 0 0.0063595053592306 0 0 0 0 0 0.000321378038684883 0 0.0310044222344057 0 0.962314694367679
  1 48 1 3 100 0 0.00128900144675898 0 0 0 0 0 3.58904689132009e-05 0 0.00710936891446003 0 0.991565739169868
  1 48 1 4 100 0 0.00530556743876153 0 0 0 0 0 0.000148134628528748 0 0.0299426207160552 0 0.964603677216655
  1 48 1 5 100 0 0.00608380905184007 0 0 0 0 0 0.000170566957904684 0 0.0350479477899712 0 0.958697676200284
  1 49 1 2 100 0 0 0 0 0 0 0 2.6255891989931e-08 0 0 0 0.999999973744108
  1 49 1 3 100 0 0.00168389078965453 0 0 0 0 0 5.62894485422268e-05 0 0.00788322507610013 0 0.990376594685703
  1 49 1 4 100 0 0.00680405775870624 0 0 0 0 0 0.000229799119481364 0 0.0325909170838015 0 0.960375226038011
  1 49 1 5 100 0 0.00780532231253307 0 0 0 0 0 0.000266381093660769 0 0.0381578844044118 0 0.953770412189394
  1 50 1 3 100 0 0.00220598654070969 0 0 0 0 0 0.000241674807036129 0 0.00796794920979067 0 0.989584389442464
  1 50 1 4 100 0 0.00881659800024923 0 0 0 0 0 0.00107278054814685 0 0.0325687799987555 0 0.957541841452848
  1 50 1 5 100 0 0.0100576992673003 0 0 0 0 0 0.00134851293395989 0 0.0379115484886865 0 0.950682239310053
  1 51 1 3 100 0 0.00200411443133867 0 0 0 0 0 0.000192748961909107 0 0.00726378690705344 0 0.990539349699699
  1 51 1 4 100 0 0.00789801393551093 0 0 0 0 0 0.00118456059356318 0 0.0293404086617984 0 0.961577016809127
  1 51 1 5 100 0 0.0090333035540959 0 0 0 0 0 0.00188734508526631 0 0.0343257350643633 0 0.954753616296274
  1 52 1 3 100 0 0.00102851911689013 0 0 0 0 0 1.42881410128437e-05 0 0.00737705467076022 0 0.991580138071337
  1 52 1 4 100 0 0.00407969157488806 0 0 0 0 0 9.37516975491695e-05 0 0.0298046815361455 0 0.966021875191417
  1 52 1 5 100 0 0.00474124612082956 0 0 0 0 0 0.000154619185403489 0 0.0352368568290495 0 0.959867277864717
  1 53 1 3 100 0 0.00194364450893997 0 0 0 0 0 0 0 0.00736048342987227 0 0.990695872061188
  1 53 1 4 100 0 0.00772721300881056 0 0 0 0 0 0 0 0.0298870188438858 0 0.962385768147304
  1 53 1 5 100 0 0.00898538587805817 0 0 0 0 0 0 0 0.0354197377215976 0 0.955594876400344
  1 54 1 3 100 0 0.00241308485723367 0 0 0 0 0 1.15531927204646e-05 0 0.00905930854603118 0 0.988516053404015
  1 54 1 4 100 0 0.00930618049429524 0 0 0 0 0 4.46691472405756e-05 0 0.0356654326653931 0 0.954983717693071
  1 54 1 5 100 0 0.0107427133862273 0 0 0 0 0 5.16573399187026e-05 0 0.0419429189298068 0 0.947262710344047
  1 55 1 2 100 0 0 0 0 0 0 0 2.16066398390048e-08 0 0 0 0.99999997839336
  1 55 1 3 100 0 0.00197629219729077 0 0 0 0 0 3.23385737654234e-05 0 0.00837113947277689 0 0.989620229756167
  1 55 1 4 100 0 0.00749903271575768 0 0 0 0 0 0.000123943619504755 0 0.0324294788537572 0 0.95994754481098
  1 55 1 5 100 0 0.00868580472266206 0 0 0 0 0 0.000145182785495282 0 0.0382538222509487 0 0.952915190240894
  1 56 1 3 100 0 0.00236865740583554 0 0 0 0 0 0.000124077905354162 0 0.00883885487025477 0 0.988668409818556
  1 56 1 4 100 0 0.00884748486505992 0 0 0 0 0 0.000486139803168334 0 0.0337233821875517 0 0.95694299314422
  1 56 1 5 100 0 0.0102395730216384 0 0 0 0 0 0.000581118444169627 0 0.039789293926865 0 0.949390014607327
  1 57 1 3 100 0 0.00181543419762547 0 0 0 0 0 8.09857632043143e-05 0 0.00889217505758967 0 0.989211404981581
  1 57 1 4 100 0 0.00674049373032198 0 0 0 0 0 0.000406202445274119 0 0.0336875341905319 0 0.959165769633872
  1 57 1 5 100 0 0.00779878790152787 0 0 0 0 0 0.000621649036554326 0 0.0397228791305058 0 0.951856683931412
  1 58 1 3 100 0 0.00317498650497679 0 0 0 0 0 2.28936239425748e-05 0 0.00972713455869069 0 0.98707498531239
  1 58 1 4 100 0 0.0117322587098236 0 0 0 0 0 8.52486320356802e-05 0 0.0367407593418279 0 0.951441733316313
  1 58 1 5 100 0 0.0135732160066068 0 0 0 0 0 9.9396357816014e-05 0 0.0433715921281914 0 0.942955795507386
  1 59 1 2 100 0 0 0 0 0 0 0 1.88359658125069e-08 0 0 0 0.999999981164034
  1 59 1 3 100 0 0.00285579448416284 0 0 0 0 0 3.79994322043173e-05 0 0.00907969008910242 0 0.98802651599453
  1 59 1 4 100 0 0.0105315263468365 0 0 0 0 0 0.000140971004365136 0 0.0341763147757066 0 0.955151187873092
  1 59 1 5 100 0 0.0122335578781288 0 0 0 0 0 0.000165581165242603 0 0.0404965497737004 0 0.947104311182928
  1 60 1 3 100 0 0.00229522303425946 0 0 0 0 0 8.50288852639338e-05 0 0.010506436012343 0 0.987113312068134
  1 60 1 4 100 0 0.00846875729291929 0 0 0 0 0 0.000313790857750875 0 0.039425006344774 0 0.951792445504556
  1 60 1 5 100 0 0.0098281195198516 0 0 0 0 0 0.000364223223786836 0 0.0464962856605702 0 0.943311371595791
  1 61 1 2 100 0 0 0 0 0 0 0 3.39110598395982e-08 0 0 0 0.99999996608894
  1 61 1 3 100 0 0.00234901039505355 0 0 0 0 0 9.17441904881168e-05 0 0.00954624264280404 0 0.988013002771654
  1 61 1 4 100 0 0.00860910021230542 0 0 0 0 0 0.000337022071875317 0 0.0356844336962725 0 0.955369444019547
  1 61 1 5 100 0 0.00992526369601044 0 0 0 0 0 0.000389077657778221 0 0.0419043871871577 0 0.947781271459054
  1 62 1 3 100 0 0.00299726565767556 0 0 0 0 0 0.0002378728596683 0 0.0107781302662485 0 0.985986731216408
  1 62 1 4 100 0 0.0109906246914948 0 0 0 0 0 0.000874940953698593 0 0.0402443945933152 0 0.947890039761491
  1 62 1 5 100 0 0.0127216878961079 0 0 0 0 0 0.00101618191822718 0 0.0473924689903313 0 0.938869661195334
  1 63 1 3 100 0 0.00217585993657034 0 0 0 0 0 4.02809716209408e-05 0 0.0102220940579301 0 0.987561765033879
  1 63 1 4 100 0 0.00788855557500085 0 0 0 0 0 0.000226653440926408 0 0.0376754970166063 0 0.954209293967466
  1 63 1 5 100 0 0.00918060675634909 0 0 0 0 0 0.000366976063312483 0 0.0445438886954775 0 0.945908528484861
  1 64 1 3 100 0 0.00236879416491012 0 0 0 0 0 2.89828154034669e-05 0 0.010273213544528 0 0.987329009475158
  1 64 1 4 100 0 0.00863719682283211 0 0 0 0 0 0.000106087582956091 0 0.0381028814917603 0 0.953153834102452
  1 64 1 5 100 0 0.0100405541966604 0 0 0 0 0 0.00012361169051947 0 0.0450329204283874 0 0.944802913684433
  1 65 1 3 100 0 0.00198757154675401 0 0 0 0 0 1.60933975664806e-05 0 0.00918536689610552 0 0.988810968159574
  1 65 1 4 100 0 0.00723055321465224 0 0 0 0 0 8.05016413994516e-05 0 0.0339940880523817 0 0.958694857091567
  1 65 1 5 100 0 0.00842935155906644 0 0 0 0 0 0.00011726472390081 0 0.0403186178886063 0 0.951134765828426
  1 66 1 2 100 0 0 0 0 0 0 0 1.85140689136213e-09 0 0 0 0.999999998148593
  1 66 1 3 100 0 0.00250846066830016 0 0 0 0 0 1.91582422488286e-05 0 0.0102595829807793 0 0.987212798108672
  1 66 1 4 100 0 0.00911657793452404 0 0 0 0 0 6.94916396643852e-05 0 0.0379292518560965 0 0.952884678569715
  1 66 1 5 100 0 0.0105939421811911 0 0 0 0 0 8.07310128746066e-05 0 0.0448053318005131 0 0.944519995005421
  1 67 1 3 100 0 0.00251506251718468 0 0 0 0 0 4.2801933563805e-05 0 0.0087401475160154 0 0.988701988033236
  1 67 1 4 100 0 0.00950637086585146 0 0 0 0 0 0.000162361460378222 0 0.0336690809306661 0 0.956662186743104
  1 67 1 5 100 0 0.0110067771095766 0 0 0 0 0 0.000188861701548017 0 0.0396906800627272 0 0.949113681126148
  1 68 1 2 100 0 0 0 0 0 0 0 2.19291092386814e-08 0 0 0 0.999999978070891
  1 68 1 3 100 0 0.00178537458999557 0 0 0 0 0 3.60734227730633e-05 0 0.00828724268365605 0 0.989891309303575
  1 68 1 4 100 0 0.00689627246987934 0 0 0 0 0 0.000139417206917203 0 0.0326072017386702 0 0.960357108584533
  1 68 1 5 100 0 0.00801404083105235 0 0 0 0 0 0.000162039951423903 0 0.0385192977704691 0 0.953304621447055
  1 69 1 3 100 0 0.00196852614786877 0 0 0 0 0 4.25618722236747e-05 0 0.00935644029403876 0 0.988632471685869
  1 69 1 4 100 0 0.00735601571569581 0 0 0 0 0 0.000158764091821337 0 0.0356311670288518 0 0.956854053163631
  1 69 1 5 100 0 0.00851213340773963 0 0 0 0 0 0.000183445477181372 0 0.0419530193246097 0 0.949351401790469
  1 70 1 3 100 0 0.00215532143689451 0 0 0 0 0 2.42933226184554e-05 0 0.00901167134018337 0 0.988808713900304
  1 70 1 4 100 0 0.00812751807089784 0 0 0 0 0 9.2433988046054e-05 0 0.0345879890152522 0 0.957192058925804
  1 70 1 5 100 0 0.00944059564198948 0 0 0 0 0 0.000108202267891963 0 0.0408464097557976 0 0.949604792334321
  1 71 1 2 100 0 0 0 0 0 0 0 6.53037865854529e-09 0 0 0 0.999999993469621
  1 71 1 3 100 0 0.00209110937918667 0 0 0 0 0 3.97427069305338e-05 0 0.00834415952502334 0 0.989524988388859
  1 71 1 4 100 0 0.00783072916526285 0 0 0 0 0 0.000149768894295952 0 0.0318796516369746 0 0.960139850303467
  1 71 1 5 100 0 0.00912149793282825 0 0 0 0 0 0.00017411601501728 0 0.0378630178661569 0 0.952841368185998
  1 72 1 2 100 0 0 0 0 0 0 0 2.76737546380014e-08 0 0 0 0.999999972326245
  1 72 1 3 100 0 0.00221019678545203 0 0 0 0 0 0.000106107849525626 0 0.00925778490127371 0 0.988425910463749
  1 72 1 4 100 0 0.00834886014626171 0 0 0 0 0 0.000402008055709356 0 0.0355852958577095 0 0.955663835940319
  1 72 1 5 100 0 0.00971247353315868 0 0 0 0 0 0.000469990706400442 0 0.0421137966040717 0 0.947703739156369
  1 73 1 2 100 0 0 0 0 0 0 0 1.00130175407147e-07 0 0 0 0.999999899869825
  1 73 1 3 100 0 0.00202323654367188 0 0 0 0 0 0.000186211241171443 0 0.00859386813642397 0 0.989196684078733
  1 73 1 4 100 0 0.00771740942709428 0 0 0 0 0 0.000798559322787114 0 0.0333931363341908 0 0.958090894915928
  1 73 1 5 100 0 0.00899078332454406 0 0 0 0 0 0.00105087667665602 0 0.0396363207394291 0 0.950322019259371
  1 74 1 3 100 0 0.00279867767492243 0 0 0 0 0 0.000404112778814107 0 0.00915947938104177 0 0.987637730165222
  1 74 1 4 100 0 0.0107027372826365 0 0 0 0 0 0.00168484384706259 0 0.0357320739012554 0 0.951880344969045
  1 74 1 5 100 0 0.0123826462615638 0 0 0 0 0 0.00215358241895274 0 0.0421462146595041 0 0.943317556659979
  1 75 1 3 100 0 0.00163547272864453 0 0 0 0 0 0.000317421134523351 0 0.00856963047495632 0 0.989477475661876
  1 75 1 4 100 0 0.00631679082583579 0 0 0 0 0 0.00169385549208994 0 0.0336803887301179 0 0.958308964951956
  1 75 1 5 100 0 0.00728204608011671 0 0 0 0 0 0.00250840570637493 0 0.0394847948052463 0 0.950724753408262
  1 76 1 3 100 0 0.00204516992061849 0 0 0 0 0 5.1501190000719e-05 0 0.00866686684277789 0 0.989236462046603
  1 76 1 4 100 0 0.00795348159748048 0 0 0 0 0 0.000331280414292493 0 0.0343310669572108 0 0.957384171031016
  1 76 1 5 100 0 0.00922325129807835 0 0 0 0 0 0.000559908645552118 0 0.0405650949728301 0 0.949651745083539
  1 77 1 3 100 0 0.00258545591887536 0 0 0 0 0 5.59841632146253e-05 0 0.00831945575841262 0 0.989039104159497
  1 77 1 4 100 0 0.0101214047107416 0 0 0 0 0 0.00027139600440906 0 0.0332229247775293 0 0.95638427450732
  1 77 1 5 100 0 0.0117292494129661 0 0 0 0 0 0.000361315566024672 0 0.0392970642965438 0 0.948612370724465
  1 78 1 3 100 0 0.001650829063729 0 0 0 0 0 6.78118066723635e-05 0 0.0079872342860246 0 0.990294124843574
  1 78 1 4 100 0 0.00651413157670839 0 0 0 0 0 0.000270685765340087 0 0.0321139410587731 0 0.961101241599178
  1 78 1 5 100 0 0.00755105983886381 0 0 0 0 0 0.000317605845969343 0 0.0379353500821726 0 0.954195984232994
  1 79 1 2 100 0 4.79121592369604e-07 0 0 0 0 0 0 0 2.2615852646883e-06 0 0.999997259293143
  1 79 1 3 100 0 0.00176595577552114 0 0 0 0 0 4.01714473858178e-05 0 0.00868242506740308 0 0.98951144770969
  1 79 1 4 100 0 0.0067827523445082 0 0 0 0 0 0.000197788065800844 0 0.0340367188368297 0 0.958982740752861
  1 79 1 5 100 0 0.00775368401112206 0 0 0 0 0 0.000260386219981606 0 0.0396784214010413 0 0.952307508367855
  1 80 1 3 100 0 0.00210375493766538 0 0 0 0 0 3.63591839153798e-05 0 0.00805461784261071 0 0.989805268035808
  1 80 1 4 100 0 0.00815095260891487 0 0 0 0 0 0.000141400839192071 0 0.0318443458456988 0 0.959863300706194
  1 80 1 5 100 0 0.00940493444519828 0 0 0 0 0 0.000164060602613968 0 0.0374844633874486 0 0.952946541564739
  1 81 1 3 100 0 0.00163895164641091 0 0 0 0 0 5.70612256187553e-05 0 0.00783742216764296 0 0.990466564960327
  1 81 1 4 100 0 0.00631989246722523 0 0 0 0 0 0.000219954596024314 0 0.0308041074632827 0 0.962656045473468
  1 81 1 5 100 0 0.00732907444119911 0 0 0 0 0 0.000254148723881156 0 0.0364155492785951 0 0.956001227556325
  2 6 1 2 100 0 0 0 0 0 0 0 8.46061075630912e-10 0 0 0 0.999999999153939
  2 6 1 3 100 0 0 0 0 0 0 0 1.2880789949335e-07 0 0 0 0.999999871192101
  2 6 1 4 100 0 0 0 0 0 0 0 7.29658396065454e-08 0 0 0 0.99999992703416
  2 6 1 5 100 0 0 0 0 0 0 0 6.61202673563305e-09 0 0 0 0.999999993387973
  2 7 1 2 100 0 0 0 0 0 0 0 6.51392720521365e-09 0 0 0 0.999999993486073
  2 7 1 3 100 0 0 0 0 0 0 0 9.93184698447712e-07 0 0 0 0.999999006815302
  2 7 1 4 100 0 0 0 0 0 0 0 5.64819133749866e-07 0 0 0 0.999999435180866
  2 7 1 5 100 0 0 0 0 0 0 0 4.98193284816567e-08 0 0 0 0.999999950180672
  2 13 1 2 100 0 0 0 0 0 0 0 8.04198232417244e-10 0 0 0 0.999999999195802
  2 13 1 3 100 0 0 0 0 0 0 0 1.16118331845226e-07 0 0 0 0.999999883881668
  2 13 1 4 100 0 0 0 0 0 0 0 6.39415309118324e-08 0 0 0 0.999999936058469
  2 13 1 5 100 0 0 0 0 0 0 0 6.09257887676654e-09 0 0 0 0.999999993907421
  2 14 1 2 100 0 0 0 0 0 0 0 1.08573690169559e-09 0 0 0 0.999999998914263
  2 14 1 3 100 0 0 0 0 0 0 0 1.60283543950777e-07 0 0 0 0.999999839716456
  2 14 1 4 100 0 0 0 0 0 0 0 8.99328836047384e-08 0 0 0 0.999999910067116
  2 14 1 5 100 0 0 0 0 0 0 0 8.64325128357566e-09 0 0 0 0.999999991356749
  2 16 1 2 100 0 0 0 0 0 0 0 2.55110827234555e-09 0 0 0 0.999999997448892
  2 16 1 3 100 0 0 0 0 0 0 0 3.994469760852e-07 0 0 0 0.999999600553024
  2 16 1 4 100 0 0 0 0 0 0 0 2.28632182030294e-07 0 0 0 0.999999771367818
  2 16 1 5 100 0 0 0 0 0 0 0 2.05700886346376e-08 0 0 0 0.999999979429911
  2 22 1 2 100 0 0 0 0 0 0 0 3.3996702406925e-10 0 0 0 0.999999999660033
  2 22 1 3 100 0 0 0 0 0 0 0 6.09814075159244e-08 0 0 0 0.999999939018593
  2 22 1 4 100 0 0 0 0 0 0 0 4.19845545211432e-08 0 0 0 0.999999958015446
  2 22 1 5 100 0 0 0 0 0 0 0 2.5161419833184e-09 0 0 0 0.999999997483858
  2 23 1 2 100 0 0 0 0 0 0 0 2.27128814662552e-09 0 0 0 0.999999997728712
  2 23 1 3 100 0 0 0 0 0 0 0 3.81863988858102e-07 0 0 0 0.999999618136011
  2 23 1 4 100 0 0 0 0 0 0 0 2.54843056211073e-07 0 0 0 0.999999745156944
  2 23 1 5 100 0 0 0 0 0 0 0 1.41594466250614e-08 0 0 0 0.999999985840553
  2 24 1 2 100 0 0 0 0 0 0 0 3.51514833100043e-09 0 0 0 0.999999996484852
  2 24 1 3 100 0 0 0 0 0 0 0 6.30959367803657e-07 0 0 0 0.999999369040632
  2 24 1 4 100 0 0 0 0 0 0 0 4.27817363611677e-07 0 0 0 0.999999572182636
  2 24 1 5 100 0 0 0 0 0 0 0 2.11427508980057e-08 0 0 0 0.999999978857249
  2 26 1 2 100 0 0 0 0 0 0 0 3.60603699681049e-09 0 0 0 0.999999996393963
  2 26 1 3 100 0 0 0 0 0 0 0 6.60316939553239e-07 0 0 0 0.99999933968306
  2 26 1 4 100 0 0 0 0 0 0 0 4.23684082661523e-07 0 0 0 0.999999576315917
  2 26 1 5 100 0 0 0 0 0 0 0 1.61377458294195e-08 0 0 0 0.999999983862254
  2 29 1 2 100 0 0 0 0 0 0 0 3.63819691694271e-10 0 0 0 0.99999999963618
  2 29 1 3 100 0 0 0 0 0 0 0 6.9966192885653e-08 0 0 0 0.999999930033807
  2 29 1 4 100 0 0 0 0 0 0 0 4.41793233478846e-08 0 0 0 0.999999955820677
  2 29 1 5 100 0 0 0 0 0 0 0 1.73626667582489e-09 0 0 0 0.999999998263733
  2 33 1 2 100 0 0 0 0 0 0 0 2.1606462097343e-09 0 0 0 0.999999997839354
  2 33 1 3 100 0 0 0 0 0 0 0 4.18442356902479e-07 0 0 0 0.999999581557643
  2 33 1 4 100 0 0 0 0 0 0 0 2.60636277095911e-07 0 0 0 0.999999739363723
  2 33 1 5 100 0 0 0 0 0 0 0 9.31300544516337e-09 0 0 0 0.999999990686995
  2 38 1 2 100 0 0 0 0 0 0 0 1.66774474732385e-09 0 0 0 0.999999998332255
  2 38 1 3 100 0 0 0 0 0 0 0 3.10076585215848e-07 0 0 0 0.999999689923415
  2 38 1 4 100 0 0 0 0 0 0 0 1.9058167830061e-07 0 0 0 0.999999809418322
  2 38 1 5 100 0 0 0 0 0 0 0 6.47004154082917e-09 0 0 0 0.999999993529958
  2 50 1 2 100 0 0 0 0 0 0 0 4.59826994520293e-09 0 0 0 0.99999999540173
  2 50 1 3 100 0 0 0 0 0 0 0 7.60384509422368e-07 0 0 0 0.999999239615491
  2 50 1 4 100 0 0 0 0 0 0 0 3.46237335380708e-07 0 0 0 0.999999653762665
  2 50 1 5 100 0 0 0 0 0 0 0 1.00945352491627e-08 0 0 0 0.999999989905465
  2 56 1 2 100 0 0 0 0 0 0 0 6.79964846948875e-09 0 0 0 0.999999993200351
  2 56 1 3 100 0 0 0 0 0 0 0 1.27657678724529e-06 0 0 0 0.999998723423213
  2 56 1 4 100 0 0 0 0 0 0 0 6.25236985511353e-07 0 0 0 0.999999374763014
  2 56 1 5 100 0 0 0 0 0 0 0 2.08713420389781e-08 0 0 0 0.999999979128658
  2 60 1 2 100 0 0 0 0 0 0 0 3.44638762906097e-09 0 0 0 0.999999996553612
  2 60 1 3 100 0 0 0 0 0 0 0 6.4239286024737e-07 0 0 0 0.99999935760714
  2 60 1 4 100 0 0 0 0 0 0 0 3.21710919541921e-07 0 0 0 0.99999967828908
  2 60 1 5 100 0 0 0 0 0 0 0 1.16879843984781e-08 0 0 0 0.999999988312016
  2 62 1 2 100 0 0 0 0 0 0 0 1.0558288249726e-08 0 0 0 0.999999989441712
  2 62 1 3 100 0 0 0 0 0 0 0 1.95007302201736e-06 0 0 0 0.999998049926978
  2 62 1 4 100 0 0 0 0 0 0 0 9.66933307427025e-07 0 0 0 0.999999033066693
  2 62 1 5 100 0 0 0 0 0 0 0 3.60501745306446e-08 0 0 0 0.999999963949825
  2 67 1 2 100 0 0 0 0 0 0 0 2.75876834381949e-09 0 0 0 0.999999997241232
  2 67 1 3 100 0 0 0 0 0 0 0 5.28087798185538e-07 0 0 0 0.999999471912202
  2 67 1 4 100 0 0 0 0 0 0 0 2.66636897594238e-07 0 0 0 0.999999733363102
  2 67 1 5 100 0 0 0 0 0 0 0 9.84223790802181e-09 0 0 0 0.999999990157762
  2 72 1 2 100 0 0 0 0 0 0 0 3.20797742332602e-09 0 0 0 0.999999996792023
  2 72 1 3 100 0 0 0 0 0 0 0 6.04780806217713e-07 0 0 0 0.999999395219194
  2 72 1 4 100 0 0 0 0 0 0 0 3.23446836230494e-07 0 0 0 0.999999676553164
  2 72 1 5 100 0 0 0 0 0 0 0 1.26088788819681e-08 0 0 0 0.999999987391121
  2 73 1 2 100 0 0 0 0 0 0 0 3.06218488132163e-09 0 0 0 0.999999996937815
  2 73 1 3 100 0 0 0 0 0 0 0 5.96949497884881e-07 0 0 0 0.999999403050502
  2 73 1 4 100 0 0 0 0 0 0 0 3.23975179579719e-07 0 0 0 0.99999967602482
  2 73 1 5 100 0 0 0 0 0 0 0 1.22870473511153e-08 0 0 0 0.999999987712953
  2 74 1 2 100 0 0 0 0 0 0 0 1.14883384332805e-08 0 0 0 0.999999988511662
  2 74 1 3 100 0 0 0 0 0 0 0 2.18679790557782e-06 0 0 0 0.999997813202094
  2 74 1 4 100 0 0 0 0 0 0 0 1.15446051133158e-06 0 0 0 0.999998845539489
  2 74 1 5 100 0 0 0 0 0 0 0 4.40386306609086e-08 0 0 0 0.999999955961369
  1 1 3 3 100 3.7495337932143e-05 0 0 0 0 2.16338220971178e-05 1.22788222765383e-05 3.92138939324056e-05 0 2.7817864914212e-05 0 0.999861560258848
  1 1 3 4 100 0.00638536579741809 0 0 0 0 0.00356351484480425 0.00210442891738355 0.00643289964921116 0 0.00474110087357239 0 0.976772689917611
  1 1 3 5 100 0.015308170082204 0 0 0 0 0.00831904646015224 0.00548993749099121 0.0149649122273352 0 0.0113927589902879 0 0.944525174749029
  1 2 3 3 100 3.63080622252584e-05 0 0 0 0 1.72960197501276e-05 1.19630785913531e-05 3.66757810308408e-05 0 2.82352875529691e-05 0 0.999869521770849
  1 2 3 4 100 0.00596527870753672 0 0 0 0 0.00275614638548214 0.0019736233764153 0.00582922840411193 0 0.00464737337996195 0 0.978828349746492
  1 2 3 5 100 0.0143882333084599 0 0 0 0 0.00647592261134089 0.00515164237839446 0.0136820543769464 0 0.0112408914755922 0 0.949061255849266
  1 3 3 3 100 3.59221604689539e-05 0 0 0 0 1.56156462064948e-05 1.24212934547166e-05 3.4078632334802e-05 0 3.06356215994503e-05 0 0.999871326645936
  1 3 3 4 100 0.00569562815561945 0 0 0 0 0.00240813497363839 0.00197690236155052 0.00523261942586892 0 0.00486622051053867 0 0.979820494572784
  1 3 3 5 100 0.0135374169504847 0 0 0 0 0.00559700971793968 0.00507775143667103 0.0121241357453731 0 0.0116017423748536 0 0.952061943774678
  1 4 3 3 100 3.82457469612899e-05 0 0 0 0 2.53197527148067e-05 1.15453441272835e-05 3.0837502681564e-05 0 3.34907143471122e-05 0 0.999860560939168
  1 4 3 4 100 0.00610484143739782 0 0 0 0 0.00391880663584079 0.00185261176423347 0.00477417707731027 0 0.0053516678899582 0 0.977997895195259
  1 4 3 5 100 0.0145654550167004 0 0 0 0 0.00911444646692404 0.00478358787359362 0.0111114671150479 0 0.0128046143783852 0 0.947620429149349
  1 5 3 3 100 3.88382923548932e-05 0 0 0 0 2.142008226006e-05 1.28930276865156e-05 2.74721952543913e-05 0 3.22236085580707e-05 0 0.999867152793886
  1 5 3 4 100 0.00620366228225673 0 0 0 0 0.00332071649574492 0.00207261322799584 0.00425129251159353 0 0.00515753952299944 0 0.97899417595941
  1 5 3 5 100 0.0148211014610682 0 0 0 0 0.00773670306802344 0.0053626616539083 0.00988276303623627 0 0.0123620128746019 0 0.949834757906162
  1 6 3 3 100 3.56144766339418e-05 0 0 0 0 1.45381922154199e-05 1.11994938514234e-05 2.23813870747187e-05 0 3.10377654839673e-05 0 0.999885228684741
  1 6 3 4 100 0.00567166473818564 0 0 0 0 0.00224540213840766 0.00179428729285085 0.00344061872009583 0 0.00495136104147292 0 0.981896666068987
  1 6 3 5 100 0.0135524370259087 0 0 0 0 0.00523384425003528 0.00464741610308421 0.00799740533958098 0 0.011874888728317 0 0.956694008553074
  1 7 3 3 100 3.41395683354829e-05 0 0 0 0 1.83457159221822e-05 9.95481662335448e-06 1.05406979219528e-05 0 2.90860179101122e-05 0 0.999897933183287
  1 7 3 4 100 0.00571293781588546 0 0 0 0 0.00297015145235927 0.00167597327068756 0.00169198962608152 0 0.00487953627623283 0 0.983069411558753
  1 7 3 5 100 0.0137101790322703 0 0 0 0 0.0069346883172655 0.00435397884623677 0.00392069330504996 0 0.0117477244753383 0 0.959332736023839
  1 8 3 3 100 3.48197959669777e-05 0 0 0 0 1.916581165542e-05 9.74602183774815e-06 2.63203969510366e-05 0 2.98791822221274e-05 0 0.999880068791367
  1 8 3 4 100 0.00587794243080429 0 0 0 0 0.00314090161282971 0.00165910650714267 0.00431210590845541 0 0.00504898122732349 0 0.979960962313444
  1 8 3 5 100 0.0140074132357971 0 0 0 0 0.00730332966987409 0.00428473439564927 0.0100209504651641 0 0.0120590657815766 0 0.952324506451939
  1 9 3 3 100 3.55365708420899e-05 0 0 0 0 1.63932064456918e-05 1.35677866314994e-05 2.08241819669284e-05 0 2.97918093011782e-05 0 0.999883886444813
  1 9 3 4 100 0.00576583493128443 0 0 0 0 0.0025834425929799 0.00221336774157517 0.00326278980167679 0 0.00484193542346522 0 0.981332629509018
  1 9 3 5 100 0.0137613034472688 0 0 0 0 0.00602554502877169 0.00572257511576019 0.00756805139633302 0 0.0115878750004323 0 0.955334650011434
  1 10 3 3 100 3.71462498593521e-05 0 0 0 0 2.46442292336554e-05 1.20961545550028e-05 2.19084826919145e-05 0 3.1464262917456e-05 0 0.999872740620743
  1 10 3 4 100 0.00610385085088338 0 0 0 0 0.0039315242572357 0.00200208603986615 0.00349006823888071 0 0.00517753337501706 0 0.979294937238117
  1 10 3 5 100 0.0145243731277422 0 0 0 0 0.00912637105860923 0.00516593645288616 0.00809575764236313 0 0.0123593171027512 0 0.950728244615648
  1 11 3 3 100 3.43981627096504e-05 0 0 0 0 1.71117200160469e-05 1.12948499796095e-05 1.71467578851994e-05 0 2.83319669112353e-05 0 0.999891716542498
  1 11 3 4 100 0.00567746489210324 0 0 0 0 0.00273431936218247 0.00187791585811751 0.0027253031432715 0 0.00468100975200491 0 0.98230398699232
  1 11 3 5 100 0.0136286374542769 0 0 0 0 0.00638636512477296 0.00490449646350893 0.00633992519120556 0 0.0112686869497274 0 0.957471888816508
  1 12 3 3 100 3.53486617812367e-05 0 0 0 0 1.56365181170893e-05 1.3894878759338e-05 3.31534419660745e-05 0 2.96909350874662e-05 0 0.999872275564289
  1 12 3 4 100 0.00581679059032699 0 0 0 0 0.00250028888689984 0.00229862580848945 0.00527222431918735 0 0.00489761552007681 0 0.97921445487502
  1 12 3 5 100 0.0138341518170172 0 0 0 0 0.00580632632016316 0.00589590620096687 0.012183681326758 0 0.011690369675722 0 0.950589564659373
  1 13 3 3 100 3.72371162470942e-05 0 0 0 0 2.28981458497036e-05 1.22067970764689e-05 2.92401722599388e-05 0 2.79925863318657e-05 0 0.999870425182235
  1 13 3 4 100 0.0061683843001636 0 0 0 0 0.00367742239430245 0.00203494012618714 0.00467383134802312 0 0.00464784486667725 0 0.978797576964646
  1 13 3 5 100 0.0147537689741673 0 0 0 0 0.00857501849285252 0.00527190203115971 0.0108487429421135 0 0.0111541296479924 0 0.949396437911715
  1 14 3 3 100 3.30294661495091e-05 0 0 0 0 1.39359648375567e-05 1.24217333018373e-05 2.0668182851371e-05 0 2.64890964349392e-05 0 0.999893455556425
  1 14 3 4 100 0.00570688460052788 0 0 0 0 0.0023293028503875 0.00215395092102749 0.00343426957077261 0 0.00458898337665937 0 0.981786608680625
  1 14 3 5 100 0.013673270572848 0 0 0 0 0.00543115467614672 0.00557127212229554 0.00797146723512646 0 0.01103545875398 0 0.956317376639603
  1 15 3 3 100 3.44382113354797e-05 0 0 0 0 1.55798799268567e-05 1.27869311792263e-05 2.35696289068116e-05 0 2.95701903958763e-05 0 0.999884055158256
  1 15 3 4 100 0.00556082426455552 0 0 0 0 0.00243416460760791 0.00206874187963904 0.00366669701000028 0 0.00477930262683006 0 0.981490269611367
  1 15 3 5 100 0.013200589427601 0 0 0 0 0.00562492266863166 0.00529409571684082 0.00844042384952061 0 0.0113788362698584 0 0.956061132067548
  1 16 3 3 100 2.747394500225e-05 0 0 0 0 1.54252456919325e-05 1.14133374769786e-05 7.80120555424277e-06 0 2.64466643944523e-05 0 0.99991143960188
  1 16 3 4 100 0.00489764759477007 0 0 0 0 0.00266088295613229 0.00204679833015568 0.00133473261233445 0 0.00472714709369959 0 0.984332791412908
  1 16 3 5 100 0.0119554993946278 0 0 0 0 0.00632782833483444 0.00543525987883526 0.00314822054140782 0 0.0115818366671755 0 0.961551355183119
  1 17 3 3 100 1.9391046851628e-05 0 0 0 0 1.24465129094211e-05 1.03258934807406e-05 8.8756781632983e-06 0 2.39746425007363e-05 0 0.999924986226094
  1 17 3 4 100 0.00356780290594987 0 0 0 0 0.00221898388831483 0.00190341768459071 0.00157454228559874 0 0.00441964616489827 0 0.986315607070648
  1 17 3 5 100 0.00897961561309358 0 0 0 0 0.00544447521150234 0.00516365123475845 0.00384530329948142 0 0.0111552398180225 0 0.965411714823142
  1 18 3 3 100 1.33304124612108e-05 0 0 0 0 9.91868654693372e-06 8.97357730551982e-06 2.14898113029474e-06 0 1.856184945389e-05 0 0.999947066493102
  1 18 3 4 100 0.00278101794723573 0 0 0 0 0.00199406084191459 0.00187440321341739 0.000427918078445328 0 0.00388028737033011 0 0.989042312548657
  1 18 3 5 100 0.00752149166814926 0 0 0 0 0.00522754378494912 0.00547850633096371 0.00111280779901371 0 0.0105246584367037 0 0.97013499198022
  1 19 3 3 100 1.04937192183377e-05 0 0 0 0 1.03884927897096e-05 8.14271274355649e-06 3.30770380280579e-06 0 1.78800198783416e-05 0 0.999949787351567
  1 19 3 4 100 0.00211706509093052 0 0 0 0 0.00201509983215923 0.00164075862024196 0.000637755188571822 0 0.00361326268997557 0 0.989976058578121
  1 19 3 5 100 0.00594849690232264 0 0 0 0 0.00548862677348703 0.0049693675185153 0.00172852349815286 0 0.0101905327280053 0 0.971674452579517
  1 20 3 3 100 8.43633568363537e-06 0 0 0 0 4.52075472220686e-06 8.78895677711093e-06 1.40477668351427e-06 0 1.80949436991137e-05 0 0.999958754232434
  1 20 3 4 100 0.00162854445540189 0 0 0 0 0.000844237034289533 0.00169314619802145 0.000259146661947505 0 0.00349925952784306 0 0.992075666122497
  1 20 3 5 100 0.00476010273099088 0 0 0 0 0.00240224786674866 0.00534893729423983 0.000727706820211902 0 0.0102569646829391 0 0.97650404060487
  1 21 3 3 100 8.75028156974701e-06 0 0 0 0 1.07418221886646e-05 8.19430856785403e-06 2.43074342364573e-06 0 1.69931611231968e-05 0 0.999952889683127
  1 21 3 4 100 0.00162113418368676 0 0 0 0 0.00191295609097846 0.00148111875335606 0.000428715979939339 0 0.00315604513073609 0 0.991400029861303
  1 21 3 5 100 0.00487100062651553 0 0 0 0 0.00554461857332978 0.00461228456488033 0.00122893865735087 0 0.00951304727761 0 0.974230110300313
  1 22 3 3 100 7.86667627558584e-06 0 0 0 0 6.28028708007944e-06 8.35123123518621e-06 1.39190367238112e-06 0 1.86212580897828e-05 0 0.999957488643647
  1 22 3 4 100 0.00137090298790181 0 0 0 0 0.00105676858637707 0.00142268432779874 0.00023169384939233 0 0.00325584318255219 0 0.992662107065978
  1 22 3 5 100 0.00416667770769986 0 0 0 0 0.00310537431382438 0.00444728508162845 0.000671656195898934 0 0.00993590299946662 0 0.977673103701482
  1 23 3 3 100 7.9067326300051e-06 0 0 0 0 5.43567057522329e-06 9.12124608290231e-06 1.38339908133874e-06 0 1.99975084365724e-05 0 0.999956155443194
  1 23 3 4 100 0.00123632525510476 0 0 0 0 0.000821643487997916 0.0013885122396835 0.000207024380125572 0 0.00313218227495884 0 0.993214312362129
  1 23 3 5 100 0.00373411825512766 0 0 0 0 0.00239906377038385 0.00427198313838706 0.000598171821631702 0 0.00947035402053225 0 0.979526308993937
  1 24 3 3 100 8.16162433904484e-06 0 0 0 0 8.10207597396509e-06 9.48972698076697e-06 1.82051924341954e-06 0 1.87644277325614e-05 0 0.99995366162573
  1 24 3 4 100 0.00129759465171317 0 0 0 0 0.00124666184955571 0.00147546405948117 0.00027729524878795 0 0.00299751107157958 0 0.992705473118882
  1 24 3 5 100 0.00397866957016352 0 0 0 0 0.00369621914587257 0.00465312659659174 0.000815662703493757 0 0.00924265223468869 0 0.97761366974919
  1 25 3 3 100 8.04917171331949e-06 0 0 0 0 5.81424236739472e-06 9.51445921857725e-06 2.50770932930767e-06 0 1.82201501839067e-05 0 0.999955894267187
  1 25 3 4 100 0.00122367475475443 0 0 0 0 0.00085686526092172 0.00141503483779037 0.000366897490898381 0 0.00277816801837166 0 0.993359359637263
  1 25 3 5 100 0.0037528358095567 0 0 0 0 0.00254451926720355 0.00443025961567244 0.00108012985793055 0 0.0085522188680692 0 0.979640036581568
  1 26 3 3 100 8.2348397976152e-06 0 0 0 0 4.93235259701326e-06 1.05265122398584e-05 3.84939532003766e-06 0 1.89302494091701e-05 0 0.999953526650636
  1 26 3 4 100 0.00122399094692903 0 0 0 0 0.000713761142792558 0.00152790862736477 0.000549143828258956 0 0.00282192620100135 0 0.993163269253653
  1 26 3 5 100 0.00373325668231818 0 0 0 0 0.00211823327148041 0.00473201784190697 0.00160441778787996 0 0.00863708942831829 0 0.979174984988096
  1 27 3 3 100 8.48787000403578e-06 0 0 0 0 8.3775712047592e-06 8.49250998181995e-06 3.7163172827049e-06 0 1.95215254711853e-05 0 0.999951404206056
  1 27 3 4 100 0.00128586542722151 0 0 0 0 0.00122925730085293 0.00125985634630182 0.000541407866851725 0 0.00296341467069858 0 0.992720198388073
  1 27 3 5 100 0.00383520290312829 0 0 0 0 0.00355113106262196 0.00382772707787411 0.00154986741932996 0 0.00887545070131316 0 0.978360620835732
  1 28 3 3 100 7.69076702345183e-06 0 0 0 0 3.99486122858465e-06 8.41024167895789e-06 4.2802963709277e-06 0 1.94216678434408e-05 0 0.999956202165855
  1 28 3 4 100 0.00117454874488056 0 0 0 0 0.000595624487961263 0.00125243836149552 0.000626171613002234 0 0.00296733164986337 0 0.993383885142797
  1 28 3 5 100 0.00345784249945491 0 0 0 0 0.00171125355402144 0.00372667787021749 0.00176298405343193 0 0.00874039903843559 0 0.980600842984439
  1 29 3 3 100 8.00074623296349e-06 0 0 0 0 7.15015023045364e-06 7.87339889124181e-06 4.15472612157313e-06 0 1.8621270106078e-05 0 0.999954199708418
  1 29 3 4 100 0.00130971437300754 0 0 0 0 0.00113199734954924 0.00125992338456033 0.000652910072401893 0 0.00305013069631114 0 0.99259532412417
  1 29 3 5 100 0.00376028456853611 0 0 0 0 0.00314583834650829 0.00366740620933258 0.0017993555120121 0 0.00877230666792106 0 0.97885480869569
  1 30 3 3 100 7.42581290893896e-06 0 0 0 0 6.41657339466156e-06 7.80775771916699e-06 5.8283997738726e-06 0 1.73763020832687e-05 0 0.99995514515412
  1 30 3 4 100 0.00131356146553793 0 0 0 0 0.00109929474706133 0.00134971912096118 0.000992048013777017 0 0.0030762569240322 0 0.99216911972863
  1 30 3 5 100 0.00381280138629233 0 0 0 0 0.00308989828049923 0.00395692933035571 0.00277017491519439 0 0.00894238201893869 0 0.97742781406872
  1 31 3 3 100 7.03005424013942e-06 0 0 0 0 3.88121236889979e-06 8.82026538935245e-06 3.48866258158123e-06 0 1.6231694865868e-05 0 0.999960548110554
  1 31 3 4 100 0.0012481671128805 0 0 0 0 0.000670796161232376 0.00152306384959403 0.000593081975965939 0 0.00288496539644249 0 0.993079925503885
  1 31 3 5 100 0.00355199637745046 0 0 0 0 0.00186115840062869 0.00434904340526514 0.00161891285691291 0 0.00822306137457392 0 0.980395827585169
  1 32 3 3 100 7.29286344799574e-06 0 0 0 0 6.26886379104609e-06 8.59379092656893e-06 3.09892416554086e-06 0 1.56962483843658e-05 0 0.999959049309284
  1 32 3 4 100 0.00138046233224639 0 0 0 0 0.00115451269426876 0.00159292599846595 0.00056436368538981 0 0.00298228025421152 0 0.992325455035418
  1 32 3 5 100 0.00393604782205352 0 0 0 0 0.00320625066366753 0.00458981254994315 0.00154855548980853 0 0.00853859232983419 0 0.978180741144693
  1 33 3 3 100 6.60719537000884e-06 0 0 0 0 4.16382806705596e-06 8.22593096010942e-06 2.54184631028428e-06 0 1.50559153615837e-05 0 0.999963405283931
  1 33 3 4 100 0.00129519679367268 0 0 0 0 0.000790045419360213 0.00157362866457524 0.000475929596870955 0 0.00295349537678327 0 0.992911704148738
  1 33 3 5 100 0.00374374374850057 0 0 0 0 0.00221525025084826 0.00459971378802925 0.00131740498066171 0 0.00855254939814998 0 0.97957133783381
  1 34 3 3 100 6.40869310438684e-06 0 0 0 0 3.2799496113775e-06 8.45074200111319e-06 2.77843295248524e-06 0 1.44339386900128e-05 0 0.999964648243641
  1 34 3 4 100 0.00129982432204223 0 0 0 0 0.000647623370660601 0.00166904033043127 0.000539764463873131 0 0.00293675149911545 0 0.992906996013877
  1 34 3 5 100 0.00380627049377827 0 0 0 0 0.00185350103337791 0.00493765261846582 0.0015173261818592 0 0.00863924241894082 0 0.979246007253578
  1 35 3 3 100 6.60548919585035e-06 0 0 0 0 5.10269167033644e-06 7.2264709491887e-06 2.44936344171282e-06 0 1.56275611640667e-05 0 0.999962988423579
  1 35 3 4 100 0.00133331214398539 0 0 0 0 0.000993401236552542 0.00141796518480974 0.000472176969268546 0 0.00316195315395731 0 0.992621191311426
  1 35 3 5 100 0.0039267113841847 0 0 0 0 0.00283621410129873 0.00420724070176039 0.00133438902323581 0 0.00934968373432653 0 0.978345761055194
  1 36 3 3 100 6.58980920579341e-06 0 0 0 0 3.48322666473499e-06 8.326512443428e-06 2.44675663449852e-06 0 1.52071974144252e-05 0 0.999963946497637
  1 36 3 4 100 0.00127759698848536 0 0 0 0 0.000655293378982343 0.00157047321664928 0.000454389336168481 0 0.00296070940763963 0 0.993081537672075
  1 36 3 5 100 0.0037677658236189 0 0 0 0 0.0018798346359728 0.00468237418108319 0.0012881653415763 0 0.00876744998967158 0 0.979614410028077
  1 37 3 3 100 7.02375700987772e-06 0 0 0 0 6.06941403374554e-06 6.98134319449108e-06 2.30535891456267e-06 0 1.64230672057515e-05 0 0.999961197059642
  1 37 3 4 100 0.00134006373841281 0 0 0 0 0.00111743329858869 0.0012984369033877 0.000420099212912785 0 0.00313550683861517 0 0.992688460008083
  1 37 3 5 100 0.00398265266613027 0 0 0 0 0.00321257486394685 0.00391424743198175 0.00119374482653718 0 0.00933715601574289 0 0.978359624195661
  1 38 3 3 100 6.61123546240446e-06 0 0 0 0 4.0926873302417e-06 8.3275325565156e-06 3.23520397187149e-06 0 1.44225614596325e-05 0 0.999963310779219
  1 38 3 4 100 0.0013094085598426 0 0 0 0 0.000783459556668175 0.00160158420207856 0.000611276600652671 0 0.00286603302551657 0 0.992828238055241
  1 38 3 5 100 0.00392042456155394 0 0 0 0 0.00227704257441268 0.00483708334720254 0.00175255279976367 0 0.00861342242019039 0 0.978599474296877
  1 39 3 3 100 6.75701184797501e-06 0 0 0 0 3.48926578334412e-06 7.1898694691945e-06 3.54777551960121e-06 0 1.568545944017e-05 0 0.99996333061794
  1 39 3 4 100 0.00124502907409076 0 0 0 0 0.000625465014929935 0.00129216243110947 0.000627769658846471 0 0.00289997598937251 0 0.993309597831651
  1 39 3 5 100 0.00371362287054317 0 0 0 0 0.00181657884253433 0.00390477758148191 0.00179995609437536 0 0.00869125690513908 0 0.980073807705926
  1 40 3 3 100 6.70237076276292e-06 0 0 0 0 5.39934686603939e-06 7.20712858770804e-06 3.64992129794313e-06 0 1.42206222391885e-05 0 0.999962820610246
  1 40 3 4 100 0.00131464570550939 0 0 0 0 0.00102398324472161 0.00137610674944967 0.000684134327371239 0 0.00279643448525285 0 0.992804695487695
  1 40 3 5 100 0.00398114142855672 0 0 0 0 0.00300723230262749 0.00421812871609077 0.00198662728918304 0 0.00848624547678965 0 0.978320624786752
  1 41 3 3 100 7.67907078058443e-06 0 0 0 0 3.64616444246998e-06 6.81827443925841e-06 4.02356655825151e-06 0 1.79287342272416e-05 0 0.999959904189552
  1 41 3 4 100 0.00133818518422459 0 0 0 0 0.000616814191972166 0.00116107268028256 0.000670686261299061 0 0.00312580328015548 0 0.993087438402066
  1 41 3 5 100 0.00397177344238991 0 0 0 0 0.00177754131672976 0.00349178928947022 0.0019055378046203 0 0.00928917038008577 0 0.979564187766704
  1 42 3 3 100 1.12777227193087e-05 0 0 0 0 8.18513179088167e-06 9.90283889125855e-06 7.3215778425527e-06 0 2.02983807646195e-05 0 0.999943014347991
  1 42 3 4 100 0.00189576875085797 0 0 0 0 0.00133632391575259 0.00162848902832914 0.00118456973811522 0 0.00341597749651032 0 0.990538871070435
  1 42 3 5 100 0.00544888043891445 0 0 0 0 0.00372114898641006 0.00473270769281857 0.00326825501760274 0 0.00983379408911202 0 0.972995213775142
  1 43 3 3 100 1.31226474710193e-05 0 0 0 0 7.11677979695772e-06 8.76784627195125e-06 1.30639804310783e-05 0 2.12276302484995e-05 0 0.99993670111578
  1 43 3 4 100 0.00219054473087684 0 0 0 0 0.0011509383066235 0.00143356773336319 0.00209382013699004 0 0.00355066550251006 0 0.989580463589636
  1 43 3 5 100 0.00604385037820091 0 0 0 0 0.0030764574576116 0.00399869975189227 0.00554465992299716 0 0.00981903588633405 0 0.971517296602964
  1 44 3 3 100 1.50284872272058e-05 0 0 0 0 4.95965110812246e-06 1.16906701010794e-05 7.90567645909675e-06 0 2.06618049995684e-05 0 0.999939753710105
  1 44 3 4 100 0.00249943582356581 0 0 0 0 0.000801615235148672 0.00189845405564508 0.00126250922439397 0 0.00344240088858711 0 0.990095584772659
  1 44 3 5 100 0.00661792383498085 0 0 0 0 0.0020659396169519 0.00507513980906117 0.00321000960664218 0 0.00913672396427245 0 0.973894263168091
  1 45 3 3 100 1.75044919987223e-05 0 0 0 0 8.84254420617937e-06 9.80663892675336e-06 8.2236547610574e-06 0 2.3802402667747e-05 0 0.99993182026744
  1 45 3 4 100 0.00290253725301882 0 0 0 0 0.00142670080549997 0.00159487297598435 0.0013158746102764 0 0.00395163122971858 0 0.988808383125502
  1 45 3 5 100 0.00752124198205358 0 0 0 0 0.0035935646480821 0.00418318840353801 0.00328709934225032 0 0.0102574778814633 0 0.971157427742613
  1 46 3 3 100 1.73166047240037e-05 0 0 0 0 6.15381328331056e-06 1.08978255027848e-05 7.52947547076005e-06 0 2.22562078927672e-05 0 0.999935846073126
  1 46 3 4 100 0.00312439813672431 0 0 0 0 0.00107984659886327 0.00192627054934587 0.00130495094681224 0 0.00401813778066685 0 0.988546395987587
  1 46 3 5 100 0.00800651123335346 0 0 0 0 0.00269504154737015 0.00499800163220634 0.0032113531428004 0 0.0103126914431786 0 0.970776401001091
  1 47 3 3 100 1.83608824005675e-05 0 0 0 0 5.22882408513057e-06 9.00798184341987e-06 7.83970919340244e-06 0 2.0850417830926e-05 0 0.999938712184647
  1 47 3 4 100 0.00330997454854666 0 0 0 0 0.000916972750141692 0.00158727114230867 0.00135221033297584 0 0.00376547093429009 0 0.989068100291737
  1 47 3 5 100 0.0083888780604222 0 0 0 0 0.00226795872016215 0.00409328778460142 0.00329529501852415 0 0.00955983966449523 0 0.972394740751795
  1 48 3 3 100 1.97168643207533e-05 0 0 0 0 9.32668295388434e-06 8.90070649831898e-06 1.18687691462081e-05 0 2.22523882935735e-05 0 0.999927934588787
  1 48 3 4 100 0.00371562654089662 0 0 0 0 0.00170092904532559 0.00164387337020946 0.00214272935190694 0 0.00419706029238129 0 0.98659978139928
  1 48 3 5 100 0.00946343626136041 0 0 0 0 0.00420664726674563 0.00427275763773655 0.00525462494582463 0 0.0107140787347018 0 0.966088455153631
  1 49 3 3 100 1.91507954000718e-05 0 0 0 0 5.01785709105531e-06 8.24807739955415e-06 7.09526419697162e-06 0 2.30348854992775e-05 0 0.999937453120413
  1 49 3 4 100 0.00351750050396997 0 0 0 0 0.000895802861044412 0.00148186466973908 0.00124808316178298 0 0.00423670300366301 0 0.988620045799801
  1 49 3 5 100 0.00881210566740482 0 0 0 0 0.00218957206023021 0.00378074148248891 0.00301424174922727 0 0.0106327910816596 0 0.971570547958989
  1 50 3 3 100 2.04307799448696e-05 0 0 0 0 9.81740732929746e-06 1.0754625733539e-05 7.98273196826705e-06 0 2.25733896353288e-05 0 0.999928441065389
  1 50 3 4 100 0.00393987851411205 0 0 0 0 0.00183326743471525 0.00202852020360652 0.00147679080127879 0 0.00436011809059082 0 0.986361424955697
  1 50 3 5 100 0.0100067293148902 0 0 0 0 0.0045343857832495 0.0052464843817597 0.0036169296845435 0 0.0110982004996105 0 0.965497270335947
  1 51 3 3 100 2.05568748563854e-05 0 0 0 0 8.79027406761947e-06 8.95323006458301e-06 1.21172295002932e-05 0 2.14645881802204e-05 0 0.999928117803331
  1 51 3 4 100 0.00386054664007409 0 0 0 0 0.00159648288247922 0.00164308568867467 0.0021770434845061 0 0.00403444579455125 0 0.986688395509715
  1 51 3 5 100 0.00976659020316263 0 0 0 0 0.00392366612607492 0.00424886375675239 0.00529242672538633 0 0.0102236483673449 0 0.966544804821279
  1 52 3 3 100 1.96849890969067e-05 0 0 0 0 5.46107492328425e-06 9.17935534393203e-06 1.0973736902442e-05 0 2.2189620282411e-05 0 0.999932511223451
  1 52 3 4 100 0.00364877727629577 0 0 0 0 0.000980965735363021 0.00166070302033282 0.00194300691469072 0 0.00411286153997542 0 0.987653685513342
  1 52 3 5 100 0.00928885292673444 0 0 0 0 0.00243249152945087 0.00432948534656649 0.00475018220000455 0 0.0104867802132752 0 0.968712207783968
  1 53 3 3 100 2.08953598106855e-05 0 0 0 0 1.07074580871472e-05 7.76914803899204e-06 1.25377173505196e-05 0 2.20809303995653e-05 0 0.999926009386313
  1 53 3 4 100 0.00388946663103347 0 0 0 0 0.00192369060235162 0.0014153772674432 0.00223096165056027 0 0.00410755593537834 0 0.986432947913233
  1 53 3 5 100 0.0100211437305784 0 0 0 0 0.00480775879853614 0.00374856518900896 0.00552325998630853 0 0.0105891434604423 0 0.965310128835126
  1 54 3 3 100 1.99640753080902e-05 0 0 0 0 7.53820163268219e-06 1.01407073566336e-05 1.58154436505969e-05 0 2.23494100707247e-05 0 0.999924192161981
  1 54 3 4 100 0.00383606078280561 0 0 0 0 0.00139884500579172 0.00190590494320367 0.00290613884936785 0 0.00429946940978011 0 0.985653581009051
  1 54 3 5 100 0.00988659381883746 0 0 0 0 0.00349914115084809 0.0050349602550701 0.00720917359213544 0 0.0111000941292295 0 0.963270037053879
  1 55 3 3 100 2.01781754427993e-05 0 0 0 0 5.73384348599324e-06 9.82419406832982e-06 1.48060827882055e-05 0 2.19238554224209e-05 0 0.999927533848792
  1 55 3 4 100 0.00357052688391711 0 0 0 0 0.000982581079669563 0.00170019499557431 0.00249361785550882 0 0.00388565346238858 0 0.987367425722942
  1 55 3 5 100 0.00922076547410727 0 0 0 0 0.00247167801576426 0.00451721688229204 0.00616342822199429 0 0.0100631756471737 0 0.967563735758668
  1 56 3 3 100 2.21982936780949e-05 0 0 0 0 1.04728432182613e-05 1.0051240842724e-05 1.44495189881237e-05 0 2.42856097878898e-05 0 0.999918542493485
  1 56 3 4 100 0.00384479731370426 0 0 0 0 0.00175538829437632 0.00170393452532352 0.00238869705214085 0 0.00420901357225656 0 0.986098169242199
  1 56 3 5 100 0.0098535826228277 0 0 0 0 0.00436503102560463 0.00448876557893411 0.00585948507997948 0 0.010798907169174 0 0.96463422852348
  1 57 3 3 100 2.06101072633895e-05 0 0 0 0 7.1763317452094e-06 9.20426236749821e-06 1.40435540081574e-05 0 2.3161305031746e-05 0 0.999925804439584
  1 57 3 4 100 0.00356934621154248 0 0 0 0 0.00120185190348261 0.00156033084354156 0.00232120981290851 0 0.00401435639196929 0 0.987332904836556
  1 57 3 5 100 0.00927125945322824 0 0 0 0 0.00303322857961942 0.00416727596601238 0.00578288302360564 0 0.0104445736478129 0 0.967300779329721
  1 58 3 3 100 2.10047687511391e-05 0 0 0 0 6.17956967036989e-06 1.05680808150379e-05 1.08668467270796e-05 0 2.52337756521895e-05 0 0.999926146958384
  1 58 3 4 100 0.00346611432733039 0 0 0 0 0.000988975867105323 0.00170361718359815 0.00171132247157469 0 0.00416628128298241 0 0.987963688867409
  1 58 3 5 100 0.00897028894023194 0 0 0 0 0.00249040628051912 0.00451950700202866 0.00424285229297828 0 0.0107956464496792 0 0.968981299034563
  1 59 3 3 100 2.34331515357965e-05 0 0 0 0 1.05684690816009e-05 1.12314977476852e-05 1.19254700759003e-05 0 2.56163633688603e-05 0 0.99991722504819
  1 59 3 4 100 0.00389569137866018 0 0 0 0 0.00170208019003026 0.0018313296492656 0.00189970338102183 0 0.00425987229684497 0 0.986411323104177
  1 59 3 5 100 0.0099757787652661 0 0 0 0 0.00423220690363119 0.00482556387832463 0.00466696236358116 0 0.0109215720659909 0 0.965377916023206
  1 60 3 3 100 2.16757737994406e-05 0 0 0 0 6.04860572089113e-06 1.09177204014273e-05 1.34366304102659e-05 0 2.6744887496824e-05 0 0.999921176382171
  1 60 3 4 100 0.00352426235722058 0 0 0 0 0.000953594798581619 0.00173572112896939 0.00209089308068781 0 0.00435198301988106 0 0.98734354561466
  1 60 3 5 100 0.00908329071810059 0 0 0 0 0.00239135707550703 0.0045905315039627 0.00517454843274625 0 0.0112407899450988 0 0.967519482324585
  1 61 3 3 100 2.35172850811493e-05 0 0 0 0 1.20448127772065e-05 1.0141137795608e-05 1.05669046978428e-05 0 2.66357778501082e-05 0 0.999917094081798
  1 61 3 4 100 0.00383616164418759 0 0 0 0 0.00189933751454886 0.00162162884253442 0.00164817587914604 0 0.00434826225102122 0 0.986646433868562
  1 61 3 5 100 0.00972993095711827 0 0 0 0 0.00467533009587885 0.00422197623542986 0.00401332849675692 0 0.0110587491108955 0 0.966300685103921
  1 62 3 3 100 2.15249545849825e-05 0 0 0 0 9.32616849507437e-06 1.04340897673286e-05 1.02965642875661e-05 0 2.73613590828846e-05 0 0.999921056863782
  1 62 3 4 100 0.00363274342337253 0 0 0 0 0.00151751062431497 0.0017205085183815 0.00166242329915803 0 0.0046148994016096 0 0.986851914733163
  1 62 3 5 100 0.00932419078244625 0 0 0 0 0.00377635736876739 0.00453033084597817 0.00409420807751075 0 0.0118590399191187 0 0.966415873006179
  1 63 3 3 100 2.12834354248772e-05 0 0 0 0 6.46486789070987e-06 9.36572918262583e-06 1.24281645027696e-05 0 2.61523397850499e-05 0 0.999924305463214
  1 63 3 4 100 0.00345892052995017 0 0 0 0 0.00101834078742634 0.00148884967446682 0.00192582801781542 0 0.00424213740056452 0 0.987865923589777
  1 63 3 5 100 0.00882339796947223 0 0 0 0 0.00252819006366934 0.00390266271326769 0.00470682104436429 0 0.0108152991155111 0 0.969223629093715
  1 64 3 3 100 2.21292351562508e-05 0 0 0 0 1.20704563850378e-05 1.00060850751161e-05 1.27763115540678e-05 0 2.65922868887759e-05 0 0.999916425624941
  1 64 3 4 100 0.0037824898589265 0 0 0 0 0.0019961044907123 0.00167538248663615 0.00209252827066166 0 0.00454875761023466 0 0.985904737282829
  1 64 3 5 100 0.00973280153980043 0 0 0 0 0.00498913000482607 0.00441899627110772 0.00517896569672634 0 0.0117261942745538 0 0.963953912212986
  1 65 3 3 100 2.12613318038974e-05 0 0 0 0 8.48724988934473e-06 8.75810123520984e-06 1.55285173421654e-05 0 2.34123382548218e-05 0 0.999922552461475
  1 65 3 4 100 0.00371298964142405 0 0 0 0 0.0014336868101658 0.00149764061080228 0.00259912147200048 0 0.00408780965968933 0 0.986668751805918
  1 65 3 5 100 0.00948898506399969 0 0 0 0 0.00355398262280574 0.00392809705871932 0.00638255170961925 0 0.0104450000204538 0 0.966201383524402
  1 66 3 3 100 2.00705027928998e-05 0 0 0 0 6.11866345339746e-06 1.12115150671091e-05 1.60605533430084e-05 0 2.47757255784802e-05 0 0.999921763039765
  1 66 3 4 100 0.00346455674638596 0 0 0 0 0.00102650416815204 0.00189221755731717 0.00265372974150183 0 0.00428241907330764 0 0.986680572713335
  1 66 3 5 100 0.0088713575398039 0 0 0 0 0.00256431347346427 0.00496981763586581 0.00653351892972599 0 0.0109830126640387 0 0.966077979757101
  1 67 3 3 100 2.02376466043822e-05 0 0 0 0 1.12994272678647e-05 9.46229359910469e-06 1.33545080318449e-05 0 2.52839476475467e-05 0 0.999920362176849
  1 67 3 4 100 0.00350999570142454 0 0 0 0 0.00189740645199861 0.00160640912535586 0.00221545054630012 0 0.004388642983197 0 0.986382095191724
  1 67 3 5 100 0.00902247387140294 0 0 0 0 0.00473485276237256 0.00423206221535035 0.00546670703412245 0 0.0112926858483892 0 0.965251218268362
  1 68 3 3 100 1.73376844673714e-05 0 0 0 0 7.47516617112899e-06 9.5344621283151e-06 1.05534208037961e-05 0 2.11276844430033e-05 0 0.999933971581986
  1 68 3 4 100 0.00322245748169507 0 0 0 0 0.00134303568712764 0.00173262674595445 0.00186817445289567 0 0.00393991818006416 0 0.987893787452263
  1 68 3 5 100 0.00850838059043634 0 0 0 0 0.00344969049221364 0.00470383310281085 0.00473126547474861 0 0.0104372424088465 0 0.968169587930944
  1 69 3 3 100 1.73001283947258e-05 0 0 0 0 6.10199542745066e-06 8.31873012838148e-06 1.19226790227327e-05 0 2.24162030659945e-05 0 0.999933940263961
  1 69 3 4 100 0.00305442240068801 0 0 0 0 0.00104349673512776 0.00143870323135169 0.00200603571609675 0 0.00396252154321645 0 0.988494820373519
  1 69 3 5 100 0.00800322764914771 0 0 0 0 0.00265509834964635 0.00387109747804132 0.00502592457342115 0 0.0104049879221084 0 0.970039664027635
  1 70 3 3 100 1.63972075937668e-05 0 0 0 0 9.01986790485617e-06 8.61500233772466e-06 6.97731610345761e-06 0 2.15049517996113e-05 0 0.999937485654261
  1 70 3 4 100 0.00308184718685491 0 0 0 0 0.00163981387449986 0.00158405578737343 0.00125245897077948 0 0.00404687139601424 0 0.988394952784478
  1 70 3 5 100 0.00827963168608745 0 0 0 0 0.00428207243712518 0.00435921500322001 0.00322679903312308 0 0.0108905672308511 0 0.968961714609593
  1 71 3 3 100 1.57594246155849e-05 0 0 0 0 6.10122607503479e-06 8.22454681711157e-06 6.21215959249749e-06 0 2.0302617525107e-05 0 0.999943400025375
  1 71 3 4 100 0.00287070603360399 0 0 0 0 0.00107623739013639 0.00146281180431453 0.00108151505443652 0 0.0037038180734485 0 0.98980491164406
  1 71 3 5 100 0.0076459068267055 0 0 0 0 0.00278439108345636 0.00397258423825413 0.00276241078745106 0 0.0098833188570893 0 0.972951388207044
  1 72 3 3 100 1.51036663926454e-05 0 0 0 0 5.30708959936832e-06 1.00253923999534e-05 6.13703503835956e-06 0 2.1792495596904e-05 0 0.999941634320973
  1 72 3 4 100 0.00274184232037688 0 0 0 0 0.000932851592140212 0.00178016566390814 0.00106487724038617 0 0.00395402323480713 0 0.989526239948382
  1 72 3 5 100 0.00733111509975104 0 0 0 0 0.00242255477022622 0.00488644399763311 0.00272977954567911 0 0.0105809160985667 0 0.972049190488144
  1 73 3 3 100 1.575688746354e-05 0 0 0 0 8.46724150311286e-06 8.76461532698479e-06 6.61457808931558e-06 0 2.16360933259235e-05 0 0.999938760584291
  1 73 3 4 100 0.00287588279914426 0 0 0 0 0.0014959045342873 0.0015657973796821 0.00115858550266874 0 0.00395548769086766 0 0.98894834209335
  1 73 3 5 100 0.00769208857666255 0 0 0 0 0.00388589381500923 0.00429437251530289 0.00298437435227022 0 0.0106157780655299 0 0.970527492675225
  1 74 3 3 100 1.46310081459978e-05 0 0 0 0 4.94902859521152e-06 9.39366092085853e-06 7.98884260439867e-06 0 2.22664515667068e-05 0 0.999940771008167
  1 74 3 4 100 0.00259622433217819 0 0 0 0 0.000852993679242582 0.00162912767588495 0.00135566798745739 0 0.00395822384213339 0 0.989607762483103
  1 74 3 5 100 0.0069851974505714 0 0 0 0 0.00223271292851499 0.00447819318237052 0.00349501647846957 0 0.0106668129813103 0 0.972142066978763
  1 75 3 3 100 1.50817450050459e-05 0 0 0 0 9.86793081580748e-06 7.32765557128984e-06 8.70634414855297e-06 0 2.16837903895643e-05 0 0.99993733253407
  1 75 3 4 100 0.00279185805296105 0 0 0 0 0.00176448273642964 0.00132423346153208 0.00153608642559771 0 0.00400961129582402 0 0.988573728027656
  1 75 3 5 100 0.00751499842488357 0 0 0 0 0.00461155342298176 0.00364357870968518 0.0039584878212009 0 0.0107895539249034 0 0.969481827696345
  1 76 3 3 100 1.49525940280563e-05 0 0 0 0 7.06942247170389e-06 8.54740351506568e-06 1.48485609571238e-05 0 2.139297301205e-05 0 0.999933189046016
  1 76 3 4 100 0.00276812831974094 0 0 0 0 0.00126781249198943 0.00155233297592095 0.00263918419223787 0 0.00397189460643542 0 0.987800647413675
  1 76 3 5 100 0.00743789787887437 0 0 0 0 0.00331047287111885 0.00427393093884136 0.00683773830289198 0 0.0107057028272223 0 0.967434257181051
  1 77 3 3 100 1.46473428215843e-05 0 0 0 0 5.0353984746377e-06 9.1161228319397e-06 1.91850937108601e-05 0 2.06020953042424e-05 0 0.999931413946857
  1 77 3 4 100 0.00268598447364514 0 0 0 0 0.000896526531222109 0.0016334400666151 0.0033697005794458 0 0.00377767361960045 0 0.987636674729471
  1 77 3 5 100 0.00720596034865642 0 0 0 0 0.00234377473971677 0.00447867129435475 0.00868304412735567 0 0.0101415754081823 0 0.967146974081734
  1 78 3 3 100 1.49313652269638e-05 0 0 0 0 9.21582983281335e-06 8.67207125571933e-06 1.76834800568085e-05 0 2.03069700722504e-05 0 0.999929190283555
  1 78 3 4 100 0.00285073806205602 0 0 0 0 0.00170011832692603 0.00161693265953148 0.00322438612719856 0 0.00387912999333473 0 0.986728694830953
  1 78 3 5 100 0.00766945687583185 0 0 0 0 0.00443978840562188 0.0044475964303 0.00831809517099017 0 0.0104490710489767 0 0.964675992068279
  1 79 3 3 100 1.37874073686398e-05 0 0 0 0 6.55980522637448e-06 7.67658438590122e-06 1.8274774744987e-05 0 2.0552023243088e-05 0 0.999933149405031
  1 79 3 4 100 0.00262103027244397 0 0 0 0 0.00120379730706391 0.00142795171025957 0.00331741022102325 0 0.00390606588532282 0 0.987523744603886
  1 79 3 5 100 0.0070153259016768 0 0 0 0 0.00312402145569266 0.0039068997296829 0.00851244741436259 0 0.0104573979792172 0 0.966983907519368
  1 80 3 3 100 1.41410463207783e-05 0 0 0 0 5.32661618452537e-06 9.65290706301006e-06 1.84178208388075e-05 0 1.98593208430081e-05 0 0.99993260228875
  1 80 3 4 100 0.00265005642064226 0 0 0 0 0.000965394041136319 0.00176429860877369 0.00328078369760322 0 0.00372570164741485 0 0.98761376558443
  1 80 3 5 100 0.00713638938789643 0 0 0 0 0.00253103168413641 0.00485722040941908 0.00845176767983499 0 0.0100502576655734 0 0.96697333317314
  1 81 3 3 100 1.5127964364402e-05 0 0 0 0 9.43228341491625e-06 8.26344956814002e-06 1.85247143472291e-05 0 2.00276372844649e-05 0 0.999928623951021
  1 81 3 4 100 0.00294328725773645 0 0 0 0 0.00177656616088803 0.0015725572358713 0.00344216510707586 0 0.00390002607259796 0 0.98636539816583
  1 81 3 5 100 0.00791576597876832 0 0 0 0 0.00464637314914721 0.00432296491791179 0.00888065887759328 0 0.0105045368059659 0 0.963729700270613
  2 1 3 3 100 1.66364820890894e-05 0 0 0 0 0 4.37432396908853e-05 0.000112678172689596 0 9.23965343271226e-05 0 0.999734545571203
  2 1 3 4 100 0.00125123432771097 0 0 0 0 0 0.0032864077078944 0.00825774475570251 0 0.00701973632552553 0 0.980184876883167
  2 1 3 5 100 0.00168206810450748 0 0 0 0 0 0.00462356928149385 0.0108670815555788 0 0.00952900644116015 0 0.97329827461726
  2 2 3 3 100 1.73628852358588e-05 0 0 0 0 0 5.78489371681475e-05 0.000116357707459033 0 8.95538891678453e-05 0 0.999718876580969
  2 2 3 4 100 0.00128426602077191 0 0 0 0 0 0.00428305378790176 0.00841112966382698 0 0.00670293933402626 0 0.979318611193473
  2 2 3 5 100 0.00172883407793233 0 0 0 0 0 0.00606206674711324 0.011131439260834 0 0.00914274289660579 0 0.971934917017515
  2 3 3 3 100 2.46534721149131e-05 0 0 0 0 0 4.92327171170927e-05 0.000119679997017013 0 0.000110815869615294 0 0.999695617944136
  2 3 3 4 100 0.00177363660665629 0 0 0 0 0 0.00348020010629314 0.00844175043575124 0 0.00803928084798854 0 0.978265132003311
  2 3 3 5 100 0.00238246632691251 0 0 0 0 0 0.00459967443129074 0.0111415708951005 0 0.0108689778187865 0 0.97100731052791
  2 4 3 3 100 1.90609860108009e-05 0 0 0 0 0 5.75230231630359e-05 0.000101515345105634 0 9.93703763539077e-05 0 0.999722530269367
  2 4 3 4 100 0.00138422244427052 0 0 0 0 0 0.00416982134925301 0.00724092967222084 0 0.00728817948396879 0 0.979916847050287
  2 4 3 5 100 0.0018626507950589 0 0 0 0 0 0.00586567920793783 0.00960481566933813 0 0.00990269097547929 0 0.972764163352186
  2 5 3 3 100 1.78548814677981e-05 0 0 0 0 0 5.10454947237749e-05 7.9374597417491e-05 0 0.000102867773647057 0 0.999748857252744
  2 5 3 4 100 0.00128981597104431 0 0 0 0 0 0.00366910512938002 0.00564264276653532 0 0.0074845661146627 0 0.981913870018378
  2 5 3 5 100 0.00172499522838878 0 0 0 0 0 0.00512902930941865 0.00747085737234856 0 0.0101045144094314 0 0.975570603680413
  2 6 3 3 100 2.1549037623742e-05 0 0 0 0 0 6.26291981599627e-05 4.7658918392859e-05 0 0.000110892023166076 0 0.999757270822657
  2 6 3 4 100 0.00154652853475245 0 0 0 0 0 0.00448944388556119 0.00331735071534611 0 0.00802540661641067 0 0.98262127024793
  2 6 3 5 100 0.00208105682930216 0 0 0 0 0 0.00632677007275388 0.00434380193485322 0 0.010890329564831 0 0.97635804159826
  2 7 3 3 100 1.72705877020364e-05 0 0 0 0 0 5.32167420416804e-05 4.88158312587536e-05 0 9.65862418403502e-05 0 0.999784110597157
  2 7 3 4 100 0.00126149182372356 0 0 0 0 0 0.00387979307589423 0.00346709793106606 0 0.00711104712919035 0 0.984280570040126
  2 7 3 5 100 0.00168613746188766 0 0 0 0 0 0.005426457227266 0.00452052760307831 0 0.00958493620938529 0 0.978781941498383
  2 8 3 3 100 1.69293657846961e-05 0 0 0 0 0 5.22635905802026e-05 5.75971143284006e-05 0 9.66214856239142e-05 0 0.999776588443683
  2 8 3 4 100 0.0012645367391308 0 0 0 0 0 0.00388697681637351 0.00419573971614784 0 0.00727558037633435 0 0.983377166352014
  2 8 3 5 100 0.00169690862913642 0 0 0 0 0 0.00544919427510522 0.00551879255529524 0 0.00986492600078732 0 0.977470178539676
  2 9 3 3 100 2.21729739868304e-05 0 0 0 0 0 5.49536193567057e-05 8.14340996775992e-05 0 0.000110025618506806 0 0.999731413688472
  2 9 3 4 100 0.00161422039203618 0 0 0 0 0 0.00398599234594419 0.00580012948166983 0 0.00808843751371237 0 0.980511220266637
  2 9 3 5 100 0.00217317343411589 0 0 0 0 0 0.00559484562537792 0.00765627433702809 0 0.0109873441849432 0 0.973588362418535
  2 10 3 3 100 1.80898077068166e-05 0 0 0 0 0 3.47270088972759e-05 7.4522722251884e-05 0 9.50093750641374e-05 0 0.99977765108608
  2 10 3 4 100 0.00135007471561241 0 0 0 0 0 0.00254570511376102 0.00546887094084968 0 0.00714716960264293 0 0.983488179627134
  2 10 3 5 100 0.00182433162703459 0 0 0 0 0 0.00338613465951291 0.00728288846807281 0 0.00972112092726986 0 0.97778552431811
  2 11 3 3 100 1.82406006846917e-05 0 0 0 0 0 5.89641462850699e-05 5.93708302264052e-05 0 9.49359253727648e-05 0 0.999768488497431
  2 11 3 4 100 0.00135353555742475 0 0 0 0 0 0.00431040567121846 0.00430475485112902 0 0.00711136682236048 0 0.982919937097867
  2 11 3 5 100 0.00182945852268062 0 0 0 0 0 0.00575183618653566 0.00569973691280748 0 0.00969125230185448 0 0.977027716076122
  2 12 3 3 100 2.06882306563713e-05 0 0 0 0 0 4.02076859848795e-05 6.58796699324531e-05 0 0.000102464572351403 0 0.999770759841075
  2 12 3 4 100 0.00151995585793562 0 0 0 0 0 0.00290239702449123 0.00471781720838111 0 0.00759676789597068 0 0.983263062013221
  2 12 3 5 100 0.00205165324625562 0 0 0 0 0 0.00384839788600492 0.00622332656021867 0 0.0103316935151241 0 0.977544928792397
  2 13 3 3 100 1.8852271225407e-05 0 0 0 0 0 6.73345474135538e-05 8.22839891831706e-05 0 9.26210917555982e-05 0 0.999738908100422
  2 13 3 4 100 0.00139089511422554 0 0 0 0 0 0.00490409201480536 0.00594665139006589 0 0.00689237850793303 0 0.98086598297297
  2 13 3 5 100 0.00187582281187236 0 0 0 0 0 0.00652776677237511 0.00786795639202418 0 0.00935385763660854 0 0.97437459638712
  2 14 3 3 100 1.48743236392049e-05 0 0 0 0 0 3.87639748483805e-05 6.89457562883943e-05 0 8.40997018721947e-05 0 0.999793316243352
  2 14 3 4 100 0.00111553808288636 0 0 0 0 0 0.00289993379911547 0.00502070171124094 0 0.00636180733662184 0 0.984602019070135
  2 14 3 5 100 0.00149824173329874 0 0 0 0 0 0.00408155765269276 0.0065900136815608 0 0.00862318610955209 0 0.979207000822896
  2 15 3 3 100 2.4964984166416e-05 0 0 0 0 0 6.90341663243683e-05 6.60758366218597e-05 0 0.000111011420428719 0 0.999728913592459
  2 15 3 4 100 0.00183564055965632 0 0 0 0 0 0.00507477879935645 0.00473517504494282 0 0.0082438617025877 0 0.980110543893457
  2 15 3 5 100 0.00244918443143321 0 0 0 0 0 0.00709812255774361 0.00618478962403677 0 0.0111130851064665 0 0.97315481828032
  2 16 3 3 100 1.35042141084967e-05 0 0 0 0 0 3.35659234890915e-05 3.30515911110488e-05 0 8.62610106933734e-05 0 0.999833617260598
  2 16 3 4 100 0.00106446354406895 0 0 0 0 0 0.00263037565178462 0.00251781353158851 0 0.00683938469751372 0 0.986947962575044
  2 16 3 5 100 0.00146783911940883 0 0 0 0 0 0.00378670445726761 0.00337566525843353 0 0.00949183800642712 0 0.981877953158463
  2 17 3 3 100 1.54221088733179e-05 0 0 0 0 0 6.11832133098785e-05 2.98059881801995e-05 0 8.69414731696342e-05 0 0.999806647216467
  2 17 3 4 100 0.00127714854642439 0 0 0 0 0 0.00506034487128707 0.00240436136558879 0 0.00727094899563392 0 0.983987196221066
  2 17 3 5 100 0.00181848320652559 0 0 0 0 0 0.00754624470750673 0.0033459496739528 0 0.010470072601748 0 0.976819249810267
  2 18 3 3 100 8.16971964069501e-06 0 0 0 0 0 2.63486881308917e-05 5.58778622213179e-06 0 5.47928038893943e-05 0 0.999905101002117
  2 18 3 4 100 0.0007480179622302 0 0 0 0 0 0.00239665532420809 0.000493020221212016 0 0.00506327654570865 0 0.991299029946641
  2 18 3 5 100 0.00112866499126895 0 0 0 0 0 0.00377626167904646 0.000722464273524637 0 0.00770204497405372 0 0.986670564082106
  2 19 3 3 100 1.07421825772548e-05 0 0 0 0 0 4.56078488751834e-05 1.6179227985186e-05 0 5.666933165725e-05 0 0.999870801408905
  2 19 3 4 100 0.000996331089244655 0 0 0 0 0 0.00420200475151227 0.00147032856511417 0 0.00530873077709658 0 0.988022604817032
  2 19 3 5 100 0.00158533924647055 0 0 0 0 0 0.00696461414210341 0.00230331310518593 0 0.00853899857590545 0 0.980607734930335
  2 20 3 3 100 9.94833276640797e-06 0 0 0 0 0 2.65930683648637e-05 3.75701403509545e-06 0 5.33394036164615e-05 0 0.999906362181217
  2 20 3 4 100 0.000860134413554212 0 0 0 0 0 0.00224320276828538 0.000312152524371416 0 0.00465372704672905 0 0.99193078324706
  2 20 3 5 100 0.00142402879874454 0 0 0 0 0 0.00363696377327555 0.000498394077136408 0 0.00776913474815087 0 0.986671478602693
  2 21 3 3 100 9.27484657559894e-06 0 0 0 0 0 2.05828216239318e-05 8.71049734627042e-06 0 5.39246299166942e-05 0 0.999907507204537
  2 21 3 4 100 0.000760523810630477 0 0 0 0 0 0.00241274719799504 0.000692459610096419 0 0.00448518462118551 0 0.991649084760093
  2 21 3 5 100 0.00127276609723706 0 0 0 0 0 0.00525852310441537 0.0011250833229779 0 0.00760015271318477 0 0.984743474762185
  2 22 3 3 100 7.22345096456648e-06 0 0 0 0 0 3.30031874559681e-05 6.09502404688624e-06 0 5.25734990865245e-05 0 0.999901104838446
  2 22 3 4 100 0.000568850884479042 0 0 0 0 0 0.00254562794725468 0.000462760606539828 0 0.00417654543429208 0 0.992246215127434
  2 22 3 5 100 0.000972697329346903 0 0 0 0 0 0.00424945616191983 0.000759525296318756 0 0.00718645014108495 0 0.98683187107133
  2 23 3 3 100 1.39039232663764e-05 0 0 0 0 0 2.37554932004528e-05 1.38893079012375e-05 0 6.997908800392e-05 0 0.999878472187628
  2 23 3 4 100 0.00101694711615852 0 0 0 0 0 0.00245798485689947 0.000999679730175367 0 0.00518851051352122 0 0.990336877783245
  2 23 3 5 100 0.00173793573026905 0 0 0 0 0 0.00554417498803225 0.00167903890181269 0 0.00899854308909318 0 0.982040307290793
  2 24 3 3 100 7.83117875598971e-06 0 0 0 0 0 1.12718884442432e-05 4.16526744305877e-06 0 5.78312334562988e-05 0 0.9999189004319
  2 24 3 4 100 0.000549556195838031 0 0 0 0 0 0.0010635312187523 0.000282883103670824 0 0.00409359878875979 0 0.994010430692979
  2 24 3 5 100 0.000940486760944322 0 0 0 0 0 0.00237120738159077 0.000466196466569586 0 0.00706252893357856 0 0.989159580457317
  2 25 3 3 100 9.42863944409393e-06 0 0 0 0 0 2.26831301464177e-05 1.48635130517625e-05 0 5.82930080208676e-05 0 0.999894731709337
  2 25 3 4 100 0.000641780466196961 0 0 0 0 0 0.00205326594338355 0.000984435616769926 0 0.00401224487452656 0 0.992308273099123
  2 25 3 5 100 0.00108536495454258 0 0 0 0 0 0.00449658577720792 0.00161207316655688 0 0.00686957764168242 0 0.98593639846001
  2 26 3 3 100 1.01155482346252e-05 0 0 0 0 0 2.914155500673e-05 7.87431595210582e-06 0 5.76584088337364e-05 0 0.999895210171973
  2 26 3 4 100 0.000673720215472994 0 0 0 0 0 0.00190584853054704 0.000510012444880379 0 0.00387379216962832 0 0.993036626639471
  2 26 3 5 100 0.00112445397412441 0 0 0 0 0 0.00311506190747773 0.00082261280677713 0 0.00652864743478268 0 0.988409223876838
  2 27 3 3 100 8.56040571080441e-06 0 0 0 0 0 2.26836303215317e-05 2.13069217029951e-05 0 5.68959420708675e-05 0 0.999890553100194
  2 27 3 4 100 0.000581570167427047 0 0 0 0 0 0.0020194746480216 0.00140844527219939 0 0.0039120278110425 0 0.992078482101309
  2 27 3 5 100 0.000958649391470649 0 0 0 0 0 0.00422618791278901 0.00224724749615794 0 0.00652604852680166 0 0.986041866672781
  2 28 3 3 100 1.17153494565985e-05 0 0 0 0 0 3.12776202914814e-05 2.31654143035284e-05 0 6.0420167155091e-05 0 0.999873421448793
  2 28 3 4 100 0.000793555112941714 0 0 0 0 0 0.0020874989885432 0.00155161380860131 0 0.00413847467556652 0 0.991428857414347
  2 28 3 5 100 0.00128333980674886 0 0 0 0 0 0.0033149096629685 0.00247517865456848 0 0.00676868595557658 0 0.986157885920138
  2 29 3 3 100 9.3765602047089e-06 0 0 0 0 0 2.22769434113486e-05 2.89614306702155e-05 0 5.81817455716917e-05 0 0.999881203320142
  2 29 3 4 100 0.000670401801439777 0 0 0 0 0 0.00201503097542409 0.00202073444909134 0 0.00420600933436874 0 0.991087823439676
  2 29 3 5 100 0.00105217433367809 0 0 0 0 0 0.00394029731349568 0.00308105697176672 0 0.00667873418961316 0 0.985247737191446
  2 30 3 3 100 6.39704425024349e-06 0 0 0 0 0 2.37817423027676e-05 6.19693099894697e-06 0 4.89240620997462e-05 0 0.999914700220348
  2 30 3 4 100 0.00050034612485765 0 0 0 0 0 0.00182588152468901 0.000469179674110553 0 0.00384477372873315 0 0.99335981894761
  2 30 3 5 100 0.000795313743643359 0 0 0 0 0 0.00284558996075376 0.000718671524008981 0 0.00614597508759751 0 0.989494449683996
  2 31 3 3 100 1.03572248378564e-05 0 0 0 0 0 2.26810146378919e-05 1.85202655956745e-05 0 5.52400767234651e-05 0 0.999893201418205
  2 31 3 4 100 0.00082889265186468 0 0 0 0 0 0.00226782539038227 0.00144256856073179 0 0.00447148184687182 0 0.990989231550149
  2 31 3 5 100 0.00130064806026654 0 0 0 0 0 0.00434991327398345 0.00219641241053907 0 0.00709940004465253 0 0.985053626210558
  2 32 3 3 100 7.77926746023501e-06 0 0 0 0 0 3.23665270369442e-05 1.63812902556452e-05 0 4.54875414414752e-05 0 0.999897985373806
  2 32 3 4 100 0.000663626592275589 0 0 0 0 0 0.00271658492216762 0.00136121853120385 0 0.00390745783666279 0 0.99135111211769
  2 32 3 5 100 0.00105451172831454 0 0 0 0 0 0.00424434736624926 0.00210254392462634 0 0.00625599056414934 0 0.98634260641666
  2 33 3 3 100 7.72149305707946e-06 0 0 0 0 0 4.81885124268784e-05 1.70941566713061e-05 0 4.60155300040507e-05 0 0.999880980307841
  2 33 3 4 100 0.000666047890347678 0 0 0 0 0 0.00411125915031649 0.00143745335634155 0 0.00401039504593686 0 0.989774844557057
  2 33 3 5 100 0.00105193128785772 0 0 0 0 0 0.00642572209422589 0.00221290541168452 0 0.00640218435517063 0 0.983907256851061
  2 34 3 3 100 7.66333102852484e-06 0 0 0 0 0 2.28927103280884e-05 8.9097864092908e-06 0 4.85630936247738e-05 0 0.999911971078609
  2 34 3 4 100 0.000680180387956808 0 0 0 0 0 0.00200255256073051 0.000766561925398618 0 0.0043475911015904 0 0.992203114024324
  2 34 3 5 100 0.00109162773862504 0 0 0 0 0 0.00316438857449148 0.00119237142073118 0 0.00703806503841527 0 0.987513547227737
  2 35 3 3 100 7.24426708584683e-06 0 0 0 0 0 4.82525950821868e-05 1.40151174255828e-05 0 4.19726492929696e-05 0 0.999888515371113
  2 35 3 4 100 0.000655187228147153 0 0 0 0 0 0.00429743772523296 0.00123181601071553 0 0.0038321383461001 0 0.989983420689804
  2 35 3 5 100 0.00105936034064577 0 0 0 0 0 0.00684667407396617 0.00193409706536721 0 0.00624729718133352 0 0.983912571338687
  2 36 3 3 100 9.72090925898883e-06 0 0 0 0 0 2.47367165089066e-05 1.42864788827949e-05 0 5.27371705189731e-05 0 0.99989851872483
  2 36 3 4 100 0.000860316161125653 0 0 0 0 0 0.00214307609161948 0.00124407980821387 0 0.00470688421295536 0 0.991045643726086
  2 36 3 5 100 0.00142771806205273 0 0 0 0 0 0.00347551259456531 0.0020307675816105 0 0.00787052186850339 0 0.985195479893268
  2 37 3 3 100 7.95740874412854e-06 0 0 0 0 0 5.03323405692954e-05 1.61362909083117e-05 0 4.91141280478737e-05 0 0.99987645983173
  2 37 3 4 100 0.000681328300392955 0 0 0 0 0 0.0042497397935554 0.00134686887835924 0 0.0042400366944214 0 0.989482026333271
  2 37 3 5 100 0.00111367476384459 0 0 0 0 0 0.00684708954255102 0.00214520812620757 0 0.00699191200191012 0 0.982902115565487
  2 38 3 3 100 5.98684065230427e-06 0 0 0 0 0 2.12865416659505e-05 6.50674863540861e-06 0 4.30703255352926e-05 0 0.999923149543511
  2 38 3 4 100 0.000525342413950276 0 0 0 0 0 0.00182936052106123 0.00055116236112075 0 0.00380153130093097 0 0.993292603402937
  2 38 3 5 100 0.000877860016685466 0 0 0 0 0 0.00299029333317658 0.000887139789132566 0 0.00638994926562248 0 0.988854757595383
  2 39 3 3 100 9.47953803238333e-06 0 0 0 0 0 5.25390689848245e-05 1.98011268909008e-05 0 5.19243604617196e-05 0 0.99986625590563
  2 39 3 4 100 0.000792575301352079 0 0 0 0 0 0.004334580201019 0.00160935904206816 0 0.00438990554091018 0 0.988873579914651
  2 39 3 5 100 0.00132116414249432 0 0 0 0 0 0.00712334345725444 0.00260482779227227 0 0.00740070133113218 0 0.981549963276847
  2 40 3 3 100 6.14877865907646e-06 0 0 0 0 0 9.25546533222424e-06 9.76703777958231e-06 0 4.25647363812394e-05 0 0.999932263981848
  2 40 3 4 100 0.000524424369622314 0 0 0 0 0 0.00104710948879509 0.000805900902183718 0 0.00366777300074343 0 0.993954792238655
  2 40 3 5 100 0.000876476267811096 0 0 0 0 0 0.00219831665685655 0.00129870634476489 0 0.00619290205131633 0 0.989433598679251
  2 41 3 3 100 1.23721408704403e-05 0 0 0 0 0 2.26172117984432e-05 4.05071063061863e-05 0 5.44317814728034e-05 0 0.999870071759552
  2 41 3 4 100 0.000962191078606608 0 0 0 0 0 0.00232296459832312 0.00308844948948277 0 0.00428551036406293 0 0.989340884469525
  2 41 3 5 100 0.00154721685430355 0 0 0 0 0 0.00473070735398316 0.00486100932836079 0 0.00698510621495626 0 0.981875960248396
  2 42 3 3 100 9.13084987121688e-06 0 0 0 0 0 1.17142255497561e-05 1.82876968776726e-05 0 5.6703357703427e-05 0 0.999904163869998
  2 42 3 4 100 0.000684487597498847 0 0 0 0 0 0.00115935175746127 0.00133219796362437 0 0.00430264845860922 0 0.992521314222806
  2 42 3 5 100 0.00106945927278658 0 0 0 0 0 0.00229014814078662 0.00201848523405125 0 0.00681105013971844 0 0.987810857212657
  2 43 3 3 100 9.91127926209454e-06 0 0 0 0 0 4.96715784043013e-05 1.60769262219786e-05 0 6.15446593963872e-05 0 0.999862795556715
  2 43 3 4 100 0.000728938240524459 0 0 0 0 0 0.00359377892116063 0.00115069116689641 0 0.00454875360619772 0 0.989977838065221
  2 43 3 5 100 0.0011020464231532 0 0 0 0 0 0.00533775621477033 0.00169078214313427 0 0.00691282860773435 0 0.984956586611208
  2 44 3 3 100 1.39602282287284e-05 0 0 0 0 0 4.36353514023808e-05 3.59802888916215e-05 0 7.41008883992632e-05 0 0.999832323243078
  2 44 3 4 100 0.00101351354612689 0 0 0 0 0 0.00311807345018479 0.00254136840092246 0 0.00541864297727317 0 0.987908401625493
  2 44 3 5 100 0.00147851289949959 0 0 0 0 0 0.00447435738751187 0.0035974532757481 0 0.00797959293763158 0 0.982470083499609
  2 45 3 3 100 1.43180350664643e-05 0 0 0 0 0 5.68498257892999e-05 4.72270712771055e-05 0 7.28945929570208e-05 0 0.99980871047491
  2 45 3 4 100 0.00107001236263346 0 0 0 0 0 0.00419457806706527 0.00345769458969823 0 0.00548018861480559 0 0.985797526365797
  2 45 3 5 100 0.00152050500477828 0 0 0 0 0 0.00588254369629642 0.00480623519405287 0 0.00784064817440768 0 0.979950067930465
  2 46 3 3 100 1.21997868682834e-05 0 0 0 0 0 4.25474291749021e-05 4.75173920874827e-05 0 6.83444540983462e-05 0 0.999829390937771
  2 46 3 4 100 0.000940663530606656 0 0 0 0 0 0.00323074158043445 0.00356015914292148 0 0.00530048763767382 0 0.986967948108364
  2 46 3 5 100 0.00132392204581058 0 0 0 0 0 0.00447525539960056 0.00486307195489765 0 0.00750333347240492 0 0.981834417127286
  2 47 3 3 100 1.58581602281268e-05 0 0 0 0 0 5.73978696788045e-05 4.33387069550619e-05 0 8.18666684556695e-05 0 0.999801538594682
  2 47 3 4 100 0.00124043473882299 0 0 0 0 0 0.00444631434044364 0.00329950752538375 0 0.00646291251761242 0 0.984550830877737
  2 47 3 5 100 0.00172214807651155 0 0 0 0 0 0.00611088542941582 0.00445422939495698 0 0.00905559751608156 0 0.978657139583034
  2 48 3 3 100 1.11647287024337e-05 0 0 0 0 0 3.57099776344406e-05 1.99608353201583e-05 0 6.07308455820336e-05 0 0.999872433612761
  2 48 3 4 100 0.00092642047337818 0 0 0 0 0 0.00291343919677096 0.00160651823695407 0 0.00507798572274449 0 0.989475636370152
  2 48 3 5 100 0.00128366228587072 0 0 0 0 0 0.00397570798788867 0.0021614702855786 0 0.00709013013190324 0 0.985489029308759
  2 49 3 3 100 1.95123433532156e-05 0 0 0 0 0 2.63209930032282e-05 4.02596536870818e-05 0 8.46318898777329e-05 0 0.999829275120079
  2 49 3 4 100 0.00160252447651402 0 0 0 0 0 0.00271919662618535 0.00323707514223256 0 0.00701431726597155 0 0.985426886489096
  2 49 3 5 100 0.00224548539020185 0 0 0 0 0 0.00459830410556166 0.00444803612294317 0 0.00991270667844562 0 0.978795467702848
  2 50 3 3 100 1.11847614611357e-05 0 0 0 0 0 3.00487127072217e-05 3.46742826217195e-05 0 6.68516182349133e-05 0 0.999857240624975
  2 50 3 4 100 0.00095817140682445 0 0 0 0 0 0.00253576404674564 0.00287836305340093 0 0.00578014870943047 0 0.987847552783598
  2 50 3 5 100 0.00135079093040827 0 0 0 0 0 0.00352488119883161 0.00393868892004782 0 0.00821530641886117 0 0.982970332531851
  2 51 3 3 100 1.37922319846181e-05 0 0 0 0 0 6.12109361595619e-05 4.16576677786078e-05 0 6.92733915043457e-05 0 0.999814065772573
  2 51 3 4 100 0.00117783758434777 0 0 0 0 0 0.00516268472590377 0.00348174153636499 0 0.00597374863616123 0 0.984203987517222
  2 51 3 5 100 0.00165708161615396 0 0 0 0 0 0.0071828376378362 0.00480288881021588 0 0.00847631641797459 0 0.977880875517819
  2 52 3 3 100 1.48907123758481e-05 0 0 0 0 0 3.06256940917128e-05 4.20044516896281e-05 0 7.7136937414115e-05 0 0.999835342204429
  2 52 3 4 100 0.00123650709008328 0 0 0 0 0 0.00249939409864317 0.00336701193502824 0 0.00646578166414742 0 0.986431305212098
  2 52 3 5 100 0.00176807803736006 0 0 0 0 0 0.00351207547904684 0.00465217753802347 0 0.0093050367305551 0 0.980762632215014
  2 53 3 3 100 1.28973201619594e-05 0 0 0 0 0 2.41924713829705e-05 5.21583308259848e-05 0 7.39425927583771e-05 0 0.999836809284871
  2 53 3 4 100 0.00105708660545095 0 0 0 0 0 0.00263140386705467 0.00414464619786346 0 0.0061452622091268 0 0.986021601120504
  2 53 3 5 100 0.00150643653340066 0 0 0 0 0 0.00466009587917997 0.00573463347484127 0 0.00886849450593548 0 0.979230339606643
  2 54 3 3 100 1.016098339709e-05 0 0 0 0 0 2.9766356211125e-05 3.88373991980184e-05 0 6.40090234023412e-05 0 0.999857226237791
  2 54 3 4 100 0.000861122594185467 0 0 0 0 0 0.00246447593782101 0.00316400753795803 0 0.00545153612337574 0 0.98805885780666
  2 54 3 5 100 0.00126294947742776 0 0 0 0 0 0.00353701138825678 0.00447506131098989 0 0.00803147729832539 0 0.982693500525
  2 55 3 3 100 1.67787133959907e-05 0 0 0 0 0 3.7880002128539e-05 7.28747150672543e-05 0 8.05992892015758e-05 0 0.999791867280207
  2 55 3 4 100 0.00134051564764969 0 0 0 0 0 0.00296889952958031 0.00568734319273122 0 0.00649623875980883 0 0.98350700287023
  2 55 3 5 100 0.00196130394984017 0 0 0 0 0 0.00427568070517011 0.00814729176514129 0 0.00958631812663506 0 0.976029405453213
  2 56 3 3 100 1.40978550611207e-05 0 0 0 0 0 5.77861493375142e-05 8.93836439877286e-05 0 7.32682044736849e-05 0 0.99976546414714
  2 56 3 4 100 0.00109868700394372 0 0 0 0 0 0.00444659174332877 0.00673759409485953 0 0.00576447678276365 0 0.981952650375104
  2 56 3 5 100 0.00159401444230983 0 0 0 0 0 0.00637610337626659 0.00946588490200391 0 0.00844050381744318 0 0.974123493461976
  2 57 3 3 100 1.26851501672975e-05 0 0 0 0 0 3.61775902535032e-05 3.32541609509531e-05 0 7.69857709273687e-05 0 0.999840897327701
  2 57 3 4 100 0.000964076090212095 0 0 0 0 0 0.00270469288777406 0.0024314329059428 0 0.00589698762187819 0 0.988002810494193
  2 57 3 5 100 0.00139681257651464 0 0 0 0 0 0.00386599205867456 0.0034013595683336 0 0.00861966141493957 0 0.982716174381538
  2 58 3 3 100 1.69206290413911e-05 0 0 0 0 0 5.78554357168853e-05 5.91150172564097e-05 0 8.82858927646989e-05 0 0.999777823025221
  2 58 3 4 100 0.00125179790271983 0 0 0 0 0 0.0042232404530477 0.00422365594597104 0 0.00659905199598165 0 0.98370225370228
  2 58 3 5 100 0.00179376225377431 0 0 0 0 0 0.00597933319676141 0.00585123186270625 0 0.00955955399661344 0 0.976816118690145
  2 59 3 3 100 1.22795520905047e-05 0 0 0 0 0 4.11111610662473e-05 5.97495649377809e-05 0 8.04099602680586e-05 0 0.999806449761637
  2 59 3 4 100 0.000911207475865971 0 0 0 0 0 0.00300006353877832 0.00428151192482541 0 0.00601611794172762 0 0.985791099118803
  2 59 3 5 100 0.00131705101251885 0 0 0 0 0 0.0042616943495505 0.0059835547854604 0 0.00875893687722541 0 0.979678762975245
  2 60 3 3 100 1.73788795351202e-05 0 0 0 0 0 4.46342861118844e-05 3.45063565631617e-05 0 8.45750040757443e-05 0 0.999818905473714
  2 60 3 4 100 0.00126758947716774 0 0 0 0 0 0.00319619074576319 0.0024297142259516 0 0.00622228120926083 0 0.986884224341857
  2 60 3 5 100 0.00182091758086061 0 0 0 0 0 0.00451089892805921 0.00337171928426564 0 0.00901858361981725 0 0.981277880586997
  2 61 3 3 100 1.34503786060866e-05 0 0 0 0 0 5.56122868884157e-05 3.68231708125324e-05 0 8.05138314269555e-05 0 0.999813600332266
  2 61 3 4 100 0.000986665134169907 0 0 0 0 0 0.00401386963642017 0.00260550774953593 0 0.00595022785075384 0 0.98644372962912
  2 61 3 5 100 0.00141151925387067 0 0 0 0 0 0.00565060177218473 0.00359449328752426 0 0.00856902562167861 0 0.980774360064742
  2 62 3 3 100 1.54711569652606e-05 0 0 0 0 0 4.2760465840199e-05 8.34581652067112e-05 0 8.35913410512616e-05 0 0.999774718870937
  2 62 3 4 100 0.00113826511307388 0 0 0 0 0 0.00309019623759335 0.00597937887714067 0 0.00618868218219853 0 0.983603477589994
  2 62 3 5 100 0.00163060721650636 0 0 0 0 0 0.00434913221352561 0.00833435506449971 0 0.00891029880769831 0 0.97677560669777
  2 63 3 3 100 1.7355781672661e-05 0 0 0 0 0 5.53765713613137e-05 3.07288673010457e-05 0 9.3962638616712e-05 0 0.999802576141048
  2 63 3 4 100 0.00126338595678911 0 0 0 0 0 0.0039611676295995 0.00215317040307777 0 0.00688848532836732 0 0.985733790682166
  2 63 3 5 100 0.00181314263183703 0 0 0 0 0 0.00557700408677651 0.00296806815749629 0 0.00992103880203809 0 0.979720746321852
  2 64 3 3 100 1.22559045781822e-05 0 0 0 0 0 3.52000179177084e-05 5.52537928741762e-05 0 7.73723760891066e-05 0 0.999819917908541
  2 64 3 4 100 0.000926597895893087 0 0 0 0 0 0.00262488966873357 0.00405253883196585 0 0.00589575826777073 0 0.986500215335637
  2 64 3 5 100 0.00132261755101423 0 0 0 0 0 0.00370376789440774 0.00562857039301292 0 0.00849669988293023 0 0.980848344278635
  2 65 3 3 100 1.29620454162713e-05 0 0 0 0 0 5.18045251492368e-05 5.26662153820589e-05 0 7.54853098312935e-05 0 0.999807081904221
  2 65 3 4 100 0.000989975445970567 0 0 0 0 0 0.00388960198760686 0.00390156755415509 0 0.00581231025299486 0 0.985406544759273
  2 65 3 5 100 0.00140952234958744 0 0 0 0 0 0.0054411441604446 0.00538176152557357 0 0.00833200427027669 0 0.979435567694118
  2 66 3 3 100 1.72386317798478e-05 0 0 0 0 0 3.46576220925299e-05 8.31541538932972e-05 0 8.94124915913788e-05 0 0.999775537100643
  2 66 3 4 100 0.00131363615795005 0 0 0 0 0 0.00259461219239184 0.006221560374131 0 0.00686865691355874 0 0.983001534361968
  2 66 3 5 100 0.00187372593850139 0 0 0 0 0 0.00363565803877799 0.00871310484830522 0 0.0098722830262506 0 0.975905228148165
  2 67 3 3 100 1.31075535568213e-05 0 0 0 0 0 6.24679275181261e-05 5.70446237164248e-05 0 7.41699526459327e-05 0 0.999793209942563
  2 67 3 4 100 0.00101670409014357 0 0 0 0 0 0.00478072652161765 0.00429891672463704 0 0.00580180956174003 0 0.984101843101862
  2 67 3 5 100 0.00146541837631327 0 0 0 0 0 0.00680628499799737 0.00602151582186871 0 0.00844326451200039 0 0.97726351629182
  2 68 3 3 100 1.13195183638541e-05 0 0 0 0 0 3.05871236727944e-05 6.65323294084696e-05 0 7.1610645203958e-05 0 0.999819950383351
  2 68 3 4 100 0.000925029099516765 0 0 0 0 0 0.0024569732062349 0.00524544026652435 0 0.00589652525762009 0 0.985476032170104
  2 68 3 5 100 0.00135404179095368 0 0 0 0 0 0.00354109169130812 0.00741202131429315 0 0.0086831895783097 0 0.979009655625135
  2 69 3 3 100 1.56107805155145e-05 0 0 0 0 0 2.93460095264921e-05 2.360943136129e-05 0 7.75037323367408e-05 0 0.99985393004626
  2 69 3 4 100 0.0012312943150721 0 0 0 0 0 0.00304845100480775 0.0017941585578416 0 0.00618600384142126 0 0.987740092280857
  2 69 3 5 100 0.0017953209791921 0 0 0 0 0 0.00552090322656969 0.00252290842679058 0 0.00911631430947463 0 0.981044553057973
  2 70 3 3 100 1.00400072638941e-05 0 0 0 0 0 1.36669367100175e-05 2.94692032265064e-05 0 6.1681281933874e-05 0 0.999885142570866
  2 70 3 4 100 0.000823140843712269 0 0 0 0 0 0.00147871819617427 0.00232344347644998 0 0.00511241572710004 0 0.990262281756564
  2 70 3 5 100 0.00122302758730274 0 0 0 0 0 0.00272696766996435 0.00332455496440309 0 0.00767276604170096 0 0.985052683736629
  2 71 3 3 100 1.13372114563475e-05 0 0 0 0 0 5.5173181563733e-05 3.22471582253757e-05 0 6.37625414540661e-05 0 0.9998374799073
  2 71 3 4 100 0.000926870307861184 0 0 0 0 0 0.00442376152895702 0.00253538810199803 0 0.0052405168848993 0 0.986873463176284
  2 71 3 5 100 0.00138949560899839 0 0 0 0 0 0.00650647322438107 0.00365857423805601 0 0.00788789919662861 0 0.980557557731936
  2 72 3 3 100 1.48677575328807e-05 0 0 0 0 0 3.25917624648824e-05 4.47567433301502e-05 0 7.57515087955529e-05 0 0.999832032227877
  2 72 3 4 100 0.00119242654884768 0 0 0 0 0 0.00257023536570362 0.0035057601225786 0 0.00613415781571925 0 0.986597420147151
  2 72 3 5 100 0.00177788611033434 0 0 0 0 0 0.00377845340637409 0.00512289536079426 0 0.00925137719081186 0 0.980069387931685
  2 73 3 3 100 1.02651082946205e-05 0 0 0 0 0 4.00250382754654e-05 2.80818180661219e-05 0 6.42625100546336e-05 0 0.999857365525309
  2 73 3 4 100 0.000832227487503136 0 0 0 0 0 0.00318890163012066 0.00219676671659331 0 0.00525485616084859 0 0.988527248004934
  2 73 3 5 100 0.00125268999370552 0 0 0 0 0 0.00472169181468201 0.00319255318830096 0 0.00796673364916347 0 0.982866331354148
  2 74 3 3 100 1.64776339183952e-05 0 0 0 0 0 4.68422631104549e-05 5.47027048035931e-05 0 7.63721804643042e-05 0 0.999805605217703
  2 74 3 4 100 0.00130812471433198 0 0 0 0 0 0.00365264010735156 0.00422724811694567 0 0.00611650812988228 0 0.984695478931489
  2 74 3 5 100 0.00195701447600535 0 0 0 0 0 0.00537648468073614 0.0061675665205431 0 0.00922723915193393 0 0.977271695170781
  2 75 3 3 100 1.02931623810245e-05 0 0 0 0 0 3.99733692288707e-05 3.33948025459061e-05 0 6.80783787806882e-05 0 0.999848260287064
  2 75 3 4 100 0.000820845407032393 0 0 0 0 0 0.00314464676076784 0.00258679798217183 0 0.00547544772468767 0 0.98797226212534
  2 75 3 5 100 0.00121641087945745 0 0 0 0 0 0.00460787219846324 0.00372670014081597 0 0.00819393876227547 0 0.982255078018988
  2 76 3 3 100 9.93433532153096e-06 0 0 0 0 0 3.71206824353111e-05 4.92662297766913e-05 0 5.91821968038791e-05 0 0.999844496555663
  2 76 3 4 100 0.000813851243425159 0 0 0 0 0 0.00299003407023302 0.00391309523957332 0 0.00489342754624586 0 0.987389591900523
  2 76 3 5 100 0.00121787823491496 0 0 0 0 0 0.00439776577280168 0.00567487962736029 0 0.00738390796818002 0 0.981325568396743
  2 77 3 3 100 1.18526508124222e-05 0 0 0 0 0 3.47092965978095e-05 3.14096345784418e-05 0 6.91812784685667e-05 0 0.999852847139543
  2 77 3 4 100 0.000987188016436987 0 0 0 0 0 0.00283166696974527 0.00251891660538794 0 0.0057956952805672 0 0.987866533127863
  2 77 3 5 100 0.00149448542527653 0 0 0 0 0 0.00419772141795719 0.00366601790997097 0 0.00881108877075954 0 0.981830686476036
  2 78 3 3 100 9.41237491776767e-06 0 0 0 0 0 3.09246433142082e-05 7.20244433644838e-05 0 5.85861169928411e-05 0 0.999829052421411
  2 78 3 4 100 0.000792187607028539 0 0 0 0 0 0.00255699215658665 0.00587709790007381 0 0.00496852925072157 0 0.985805193085589
  2 78 3 5 100 0.00118841983701817 0 0 0 0 0 0.00377331417410688 0.00855129530344933 0 0.00751521397523753 0 0.978971756710188
  2 79 3 3 100 1.01369265248205e-05 0 0 0 0 0 4.12709257606684e-05 8.3374258020794e-05 0 5.98971859909279e-05 0 0.999805320703703
  2 79 3 4 100 0.000863222119597581 0 0 0 0 0 0.00345971518272847 0.00693265586213276 0 0.00514752040298959 0 0.983596886432552
  2 79 3 5 100 0.00130350300166402 0 0 0 0 0 0.0051481493490355 0.0102259371185144 0 0.00783428897671074 0 0.975488121554075
  2 80 3 3 100 1.21735519504475e-05 0 0 0 0 0 3.49200754399206e-05 7.19413751933617e-05 0 6.78993183548273e-05 0 0.999813065679061
  2 80 3 4 100 0.00102110477669679 0 0 0 0 0 0.00287544318807033 0.00583202610858552 0 0.00574766872981143 0 0.984523757196836
  2 80 3 5 100 0.00152346146085378 0 0 0 0 0 0.00420991276035381 0.00840852717210322 0 0.00864058431685462 0 0.977217514289835
  2 81 3 3 100 8.65452117256882e-06 0 0 0 0 0 3.03034193575468e-05 3.33020670902937e-05 0 5.77735017619882e-05 0 0.999869966490618
  2 81 3 4 100 0.00074270818320262 0 0 0 0 0 0.00255487827092876 0.00273500776666713 0 0.00499557520809065 0 0.988971830571111
  2 81 3 5 100 0.00111587243503713 0 0 0 0 0 0.00377448106570742 0.00393744450221891 0 0.00755813723178576 0 0.983614064765251
  1 1 4 1 100 0 0.00586782649582471 0 0 6.29217128512801e-05 0 0 0.00352969272054977 0 0 0 0.990539559070774
  1 1 4 2 100 0 0.0042279073648891 0 2.00654228557137e-08 6.95042772674468e-05 0 0.000368541512884002 0.00344377124634174 0 0 0 0.991890255533195
  1 1 4 3 100 0 0.00542357842093619 0 5.45008154833587e-07 0.00926101526796292 0 0.011851308229456 0.0203319370248476 0 0 0 0.953131616048642
  1 1 4 4 100 0 0.003818103353399 0 5.89349940178438e-07 0.0098941875364623 0 0.00984944508333083 0.0136212681534294 0 0 0 0.962816406523438
  1 1 4 5 100 0 0.0016974710836738 0 2.34745601049991e-07 0.00454424113113597 0 0.00442429621892016 0.00601977820220346 0 0 0 0.983313978618466
  1 2 4 1 100 0 0.00524065740603197 0 0 6.00223833711936e-05 0 0 0.0010871510406874 0 0 0 0.993612169169909
  1 2 4 2 100 0 0.00324527829009591 0 2.6204297479869e-08 4.74213535414417e-05 0 0.000389268371034358 0.00162891122957097 0 0 0 0.99468909455146
  1 2 4 3 100 0 0.00391406972590324 0 7.62880025814686e-07 0.00757881970326714 0 0.00921683781180797 0.0135563119407392 0 0 0 0.965733197938257
  1 2 4 4 100 0 0.00262181503721338 0 6.85681673937957e-07 0.00715146663271987 0 0.00706988949902262 0.00866264792427525 0 0 0 0.974493495225095
  1 2 4 5 100 0 0.00102629121835535 0 2.85752180786234e-07 0.00288547708957482 0 0.00279557522059144 0.00337166730257002 0 0 0 0.989920703416728
  1 3 4 1 100 0 0.00446251670584983 0 0 7.56907723721437e-05 0 0 0.00332350762354215 0 0 0 0.992138284898236
  1 3 4 2 100 0 0.00273839343249461 0 2.17863009277976e-07 5.57230115105343e-05 0 0.000853575629328636 0.00362665402661603 0 0 0 0.992725436037041
  1 3 4 3 100 0 0.00428026441721144 0 2.88295402371855e-06 0.0103391298145448 0 0.0124464098417183 0.0164298327979169 0 0 0 0.956501480174585
  1 3 4 4 100 0 0.00314384608791122 0 2.41914310741045e-06 0.0107671702364253 0 0.0105321397470775 0.0117179184116478 0 0 0 0.963836506373831
  1 3 4 5 100 0 0.00133291337565525 0 1.03442704475298e-06 0.00470828889288369 0 0.00451135370199976 0.00496323256921094 0 0 0 0.984483177033206
  1 4 4 2 100 0 0.00296956257507205 0 6.46048814381737e-09 7.83352376077098e-05 0 0.00484080644637248 0.00790907847022727 0 0 0 0.984202210810232
  1 4 4 3 100 0 0.00508786067293792 0 3.5297476709164e-06 0.00843260417983975 0 0.0119675376929373 0.0178717531751992 0 0 0 0.956636714531415
  1 4 4 4 100 0 0.00390648157812834 0 5.3791940112818e-06 0.0128516331589292 0 0.0118764706923241 0.0133614363986201 0 0 0 0.957998598977987
  1 4 4 5 100 0 0.00188814542536106 0 2.78726157185774e-06 0.006342884307664 0 0.00577542124525716 0.00647283083936015 0 0 0 0.979517930920786
  1 5 4 2 100 0 0.00271748638109214 0 3.09469137970331e-07 9.04749754001493e-05 0 0.00245465535914936 0.0051018764675546 0 0 0 0.989635197347666
  1 5 4 3 100 0 0.00403670466021917 0 1.95330177775754e-06 0.00309760729685975 0 0.00855841234347471 0.012077172768884 0 0 0 0.972228149628785
  1 5 4 4 100 0 0.0031448408174289 0 6.29104685653276e-06 0.0114307064884857 0 0.0105289046148321 0.00855711537276494 0 0 0 0.966332141659632
  1 5 4 5 100 0 0.00161039095002632 0 3.58964808816326e-06 0.00600723742572336 0 0.00543276549480144 0.00439722349714166 0 0 0 0.982548792984219
  1 6 4 2 100 0 0.00236819412034637 0 2.06707930996693e-07 9.13120039125625e-05 0 0.00124275402569107 0.00282837556685034 0 0 0 0.993469157575269
  1 6 4 3 100 0 0.00420625473642637 0 1.86964082261734e-06 0.00294296717699164 0 0.00936592807520347 0.0124748314587829 0 0 0 0.971008148911773
  1 6 4 4 100 0 0.00362628244874227 0 7.87096078474828e-06 0.014140359451707 0 0.0128401802962471 0.00994973808626976 0 0 0 0.959435568756249
  1 6 4 5 100 0 0.00172608184266674 0 5.13724312478058e-06 0.00719941916173547 0 0.00626386992613847 0.00473118334896664 0 0 0 0.980074308477368
  1 7 4 2 100 0 0.0033329880766671 0 1.15735812069077e-07 0.000107233190945986 0 0.000901009052395501 0.00294196932493526 0 0 0 0.992716684619244
  1 7 4 3 100 0 0.00535337379920645 0 9.50386284836744e-07 0.00288848588834071 0 0.00769838097704406 0.00924911442048233 0 0 0 0.974809694528642
  1 7 4 4 100 0 0.00447082047805586 0 3.467691075384e-06 0.00971937719135857 0 0.00935089078146559 0.00754084206943042 0 0 0 0.968914601788614
  1 7 4 5 100 0 0.00195004694791261 0 2.69117818164718e-06 0.00525708678462781 0 0.00445218446383338 0.00327990250737377 0 0 0 0.985058088118071
  1 8 4 2 100 0 0.00656057724965642 0 5.00067903926908e-08 0.000127535929755552 0 0.000603480102140589 0.00550286635726402 0 0 0 0.987205490354393
  1 8 4 3 100 0 0.00913471227047508 0 7.60617507654936e-07 0.00567402201457138 0 0.00830907499204481 0.0130979242148859 0 0 0 0.963783505890515
  1 8 4 4 100 0 0.00698704096387281 0 1.56351080064402e-06 0.00933037421080407 0 0.00817723415858992 0.00967998282772113 0 0 0 0.965823804328211
  1 8 4 5 100 0 0.00350249022521058 0 1.20604021788444e-06 0.00586318528828584 0 0.00449565496634042 0.00481464933910702 0 0 0 0.981322814140838
  1 9 4 2 100 0 0.00143240286158669 0 7.19750976761042e-09 0.000150537688613721 0 0.000683992391740346 0.00693879401360304 0 0 0 0.990794265846946
  1 9 4 3 100 0 0.00299080147900875 0 7.59426209750861e-07 0.0110225607686269 0 0.0126868635399216 0.0166540955694538 0 0 0 0.956644919216779
  1 9 4 4 100 0 0.00238918624962306 0 1.55300789735025e-06 0.0134195720063791 0 0.0119444199703935 0.0130771182259956 0 0 0 0.959168150539711
  1 9 4 5 100 0 0.00129777957554406 0 1.43339871586477e-06 0.00837025090237883 0 0.00683691175426338 0.00709104937177508 0 0 0 0.976402574997323
  1 10 4 2 100 0 0.00372468186406443 0 6.93411371285443e-08 0.000134537708265245 0 0.000903761190098308 0.0103547476712615 0 0 0 0.984882202225173
  1 10 4 3 100 0 0.00574474904731465 0 4.48780417503458e-07 0.00941818497950716 0 0.0102687912417906 0.0165494544020188 0 0 0 0.958018371548951
  1 10 4 4 100 0 0.00421080200520364 0 7.48427784370844e-07 0.0105942133959888 0 0.00883889310569249 0.011832092017176 0 0 0 0.964523251048155
  1 10 4 5 100 0 0.00227750280271281 0 8.41537470875803e-07 0.00658338766781334 0 0.0050199687867856 0.00635499845117035 0 0 0 0.979763300754047
  1 11 4 2 100 0 0.00316354060844339 0 1.27696664758814e-08 0.000121392639917717 0 0.000388298427039803 0.00986920905719939 0 0 0 0.986457546497733
  1 11 4 3 100 0 0.0055172625367381 0 3.99174781902086e-07 0.00974743754247315 0 0.00959014133207873 0.0156471817688645 0 0 0 0.959497577645064
  1 11 4 4 100 0 0.00409696911265529 0 5.24448801136255e-07 0.0102730253369151 0 0.00816695555198403 0.0114273320525307 0 0 0 0.966035193497114
  1 11 4 5 100 0 0.00212484794437256 0 5.58348576835611e-07 0.00600324494284317 0 0.0044026005233467 0.00592366410665593 0 0 0 0.981545084134205
  1 12 4 1 100 0 0.0081503806406054 0 0 2.97332703804456e-05 0 0 0.000333111321461575 0 0 0 0.991486774767553
  1 12 4 2 100 0 0.00192466910404843 0 1.72524864907124e-08 6.34705928533416e-05 0 0.000506894516654682 0.00150043103517322 0 0 0 0.996004517498784
  1 12 4 3 100 0 0.00520460016545539 0 4.63319200964146e-07 0.0090605166082159 0 0.00914270008240749 0.0156961376947418 0 0 0 0.960895582129978
  1 12 4 4 100 0 0.00364409345462966 0 4.72001931214258e-07 0.0084454940685403 0 0.00717645845637865 0.0107202277892992 0 0 0 0.970013254229221
  1 12 4 5 100 0 0.00150066141680269 0 3.23684549826404e-07 0.00387670258812457 0 0.00306701630490024 0.00437164162089897 0 0 0 0.987183654384724
  1 13 4 1 100 0 4.27939943025022e-05 0 0 9.45003259848951e-07 0 0 1.96243734927978e-05 0 0 0 0.999936636628945
  1 13 4 2 100 0 0.00196306211661362 0 8.94453656904024e-10 5.31711716362494e-05 0 0.00100203266282583 0.002841011176128 0 0 0 0.994140721978343
  1 13 4 3 100 0 0.00325487146598897 0 3.45292062011106e-06 0.0113799555690001 0 0.0110822670343235 0.0136983766327537 0 0 0 0.960581076377314
  1 13 4 4 100 0 0.00241609942167363 0 2.7712928616569e-06 0.0106959324153478 0 0.00907868322318021 0.00997540998652424 0 0 0 0.967831103660412
  1 13 4 5 100 0 0.00118129225270959 0 1.41888280302312e-06 0.00569986381404102 0 0.00458177083060824 0.0048493969488501 0 0 0 0.983686257270988
  1 14 4 2 100 0 0.00276291198352033 0 2.21049081485594e-09 9.0379522619195e-05 0 0.00528926387970645 0.00662983066139553 0 0 0 0.985227611742268
  1 14 4 3 100 0 0.00463608653476226 0 3.80372306494728e-06 0.00925605645747849 0 0.0126518856640118 0.0101677015710305 0 0 0 0.963284466049652
  1 14 4 4 100 0 0.00333986809295931 0 5.66261185391027e-06 0.0135606768269308 0 0.0118865468642997 0.00683130095330369 0 0 0 0.964375944650653
  1 14 4 5 100 0 0.00172822521599612 0 3.31068933956654e-06 0.00728202504533785 0 0.00621130249538406 0.0035610196080384 0 0 0 0.981214116945904
  1 15 4 2 100 0 0.00270245816411681 0 3.39139846962362e-10 0.000113636307614535 0 0.00480734806137079 0.0044063153447046 0 0 0 0.987970241783053
  1 15 4 3 100 0 0.00484647285371113 0 1.91202597647783e-06 0.00614755417162049 0 0.0110831583016887 0.00918663927446539 0 0 0 0.968734263372538
  1 15 4 4 100 0 0.00422652273174937 0 7.1741543125834e-06 0.0159106627966627 0 0.0138592515488796 0.00718458772995676 0 0 0 0.958811801038439
  1 15 4 5 100 0 0.00222888838266115 0 4.70764786203306e-06 0.0086442225124845 0 0.00738260271456874 0.0037988170718516 0 0 0 0.977940761670572
  1 16 4 2 100 0 0.00415219811081567 0 2.1683147724435e-08 0.000137319865059495 0 0.00108801729767576 0.0022804821860521 0 0 0 0.992341960857249
  1 16 4 3 100 0 0.0056568676554023 0 3.84377855057098e-07 0.00439792575218376 0 0.00883176314554979 0.00541092938273252 0 0 0 0.975702129686277
  1 16 4 4 100 0 0.00483781666142282 0 1.48152619381664e-06 0.012491555626554 0 0.0109482280022334 0.00443424788958597 0 0 0 0.96728667029401
  1 16 4 5 100 0 0.00223668204026584 0 1.27035178067398e-06 0.00642231261513978 0 0.00530076406448919 0.00205241689608302 0 0 0 0.983986554032241
  1 17 4 2 100 0 0.0017904334436723 0 1.16758457254516e-08 0.000129510521858787 0 0.000418445137968621 0.00222354677975586 0 0 0 0.995438052440899
  1 17 4 3 100 0 0.00253056224086783 0 2.83567722786322e-07 0.00524790102645716 0 0.00902201451101289 0.00467809617301975 0 0 0 0.97852114248092
  1 17 4 4 100 0 0.00212790729262714 0 5.66185027531823e-07 0.0109802656333206 0 0.0101175432982152 0.00373251191218004 0 0 0 0.97304120567863
  1 17 4 5 100 0 0.00111321642440814 0 3.65864671271952e-07 0.00671753307707545 0 0.00565348903123521 0.00192681809814206 0 0 0 0.984588577504468
  1 18 4 1 100 0 0.00650838060086278 0 0 8.09953968681419e-05 0 0 0.00246150167240315 0 0 0 0.990949122329866
  1 18 4 2 100 0 0.00423090668723368 0 2.34057133468629e-08 0.000151291880781506 0 0.000489463857405087 0.00172269826666574 0 0 0 0.993405615902201
  1 18 4 3 100 0 0.00662887748618946 0 5.3972214159484e-07 0.0129461152536831 0 0.0132722104234817 0.0046452995822353 0 0 0 0.962506957532269
  1 18 4 4 100 0 0.00525346887805651 0 8.05325606401537e-07 0.0140252137082452 0 0.0119415418621792 0.00367606698853052 0 0 0 0.965102903237382
  1 18 4 5 100 0 0.00272627906062057 0 5.31465753584089e-07 0.0078718772876593 0 0.0064121296074505 0.00191755242002868 0 0 0 0.981071630158487
  1 19 4 1 100 0 0.00485383142559028 0 0 7.21517070700128e-05 0 0 0.00105730358706441 0 0 0 0.994016713280275
  1 19 4 2 100 0 0.00307890441819242 0 8.94427685164764e-09 7.84037570951792e-05 0 0.000544298285770073 0.000883754525217326 0 0 0 0.995414630069448
  1 19 4 3 100 0 0.00436591372346369 0 2.83957182812335e-07 0.010357417504929 0 0.0104021049671919 0.00345858980605081 0 0 0 0.971415690041182
  1 19 4 4 100 0 0.00332028407825253 0 4.06419768993883e-07 0.01084402957268 0 0.00899976753750189 0.00263444949780368 0 0 0 0.974201062893993
  1 19 4 5 100 0 0.00191695937736058 0 2.67078117163056e-07 0.00656129627197368 0 0.00528750139021149 0.00153406684016887 0 0 0 0.984699909042168
  1 20 4 2 100 0 0.00303966647565979 0 3.6468009430045e-08 7.51724172728065e-05 0 2.27448501726171e-05 0.00109768434330551 0 0 0 0.99576469544558
  1 20 4 3 100 0 0.0052779744534138 0 7.94487109793201e-07 0.0119145237581762 0 0.010915974901437 0.00431441362415559 0 0 0 0.967576318775708
  1 20 4 4 100 0 0.00410381239715788 0 9.88485075916997e-07 0.0153799581917268 0 0.0124656759727912 0.00339088021135328 0 0 0 0.964658684741895
  1 20 4 5 100 0 0.00252841132246168 0 7.07864744516826e-07 0.00993284862505439 0 0.00782260114476072 0.00211526240179023 0 0 0 0.977600168641188
  1 21 4 2 100 0 0.00233633306035341 0 1.4366993722742e-09 8.0751890420379e-05 0 0.00102593380277175 0.0013537642964726 0 0 0 0.995203215513283
  1 21 4 3 100 0 0.00388006492391075 0 4.6062020398959e-07 0.00637823631804459 0 0.0084450737412738 0.00288692022435096 0 0 0 0.978409244172216
  1 21 4 4 100 0 0.00289650021963954 0 9.68168430239443e-07 0.010893826926501 0 0.00862894386566891 0.00216360805184806 0 0 0 0.975416152767912
  1 21 4 5 100 0 0.00162268492007381 0 7.1199469342346e-07 0.00644431450487371 0 0.00494848974881273 0.0012347835361518 0 0 0 0.985749015295394
  1 22 4 2 100 0 0.00338630777504944 0 3.36163217120974e-09 9.26202826989561e-05 0 0.00132197245497993 0.00150884643340312 0 0 0 0.993690249692236
  1 22 4 3 100 0 0.00559784061758327 0 3.33579851260392e-07 0.00493387581820565 0 0.00860158268542827 0.00265195116639963 0 0 0 0.978214416132532
  1 22 4 4 100 0 0.00425761604413149 0 9.14369433965196e-07 0.0119558554291368 0 0.00972776750688365 0.00201754450690865 0 0 0 0.972040302143505
  1 22 4 5 100 0 0.00213903803488449 0 6.25224507803128e-07 0.006463107364765 0 0.00505524670061184 0.00103662226327346 0 0 0 0.985305360411957
  1 23 4 2 100 0 0.00306326013366956 0 1.16162575460221e-08 6.07938756678408e-05 0 6.63836229562679e-05 0.000688950602416286 0 0 0 0.996120600149032
  1 23 4 3 100 0 0.00350893336910253 0 1.10667712489811e-07 0.00234039974050599 0 0.00319516621336786 0.00135920088932503 0 0 0 0.989596189119986
  1 23 4 4 100 0 0.00266983419700877 0 2.32176952862545e-07 0.0061526920546349 0 0.00521608487845598 0.00106385238555801 0 0 0 0.984897304307389
  1 23 4 5 100 0 0.00113595322607437 0 2.52609976329273e-07 0.00302901877631135 0 0.00239103055693295 0.00046417419285596 0 0 0 0.992979570637849
  1 24 4 2 100 0 0.00522990127517398 0 3.11248683576743e-09 7.96350073672871e-05 0 0.000226460679040768 0.00176899011877615 0 0 0 0.992695009807155
  1 24 4 3 100 0 0.00758926353379686 0 8.9328965922169e-08 0.00404234361631869 0 0.00686406908598448 0.00301049121875111 0 0 0 0.978493743216183
  1 24 4 4 100 0 0.0063178913371938 0 1.45592524877275e-07 0.0089509498387371 0 0.00769611994221909 0.00254919833198726 0 0 0 0.974485694957338
  1 24 4 5 100 0 0.00314894593084332 0 1.71367544863234e-07 0.00590155271473584 0 0.00434039926797287 0.00130325517865796 0 0 0 0.985305675540245
  1 25 4 2 100 0 0.00309786982370729 0 8.41650995833265e-09 6.3629713578422e-05 0 0.000311803907782084 0.0039775358812523 0 0 0 0.99254915225717
  1 25 4 3 100 0 0.00417814391669374 0 1.21234739344915e-07 0.00489472352018403 0 0.00722864729470362 0.00535899861475473 0 0 0 0.978339365418925
  1 25 4 4 100 0 0.00311306452537292 0 1.24303028776393e-07 0.00778001690879395 0 0.00686969917647072 0.00396757730034298 0 0 0 0.978269517785991
  1 25 4 5 100 0 0.00146085323360175 0 8.35451223409264e-08 0.00483569412258219 0 0.0036456884409731 0.00186869505579189 0 0 0 0.988188985601929
  1 26 4 1 100 0 0.00467403477685311 0 0 5.47908191602254e-05 0 0 0.00771431613220219 0 0 0 0.987556858271785
  1 26 4 2 100 0 0.00275399294841101 0 3.94520014497739e-09 4.05503673883872e-05 0 8.66422202517361e-06 0.00452615863531193 0 0 0 0.992670629881663
  1 26 4 3 100 0 0.00335734075447285 0 9.24430094875756e-08 0.00386753523630231 0 0.00406662845401142 0.00517224458221223 0 0 0 0.983536158529992
  1 26 4 4 100 0 0.00244910071448056 0 1.07815175040143e-07 0.00561596488745162 0 0.00491337057314795 0.00372891221618968 0 0 0 0.983292543793555
  1 26 4 5 100 0 0.00129554425344923 0 9.79779292725739e-08 0.00352915388147359 0 0.00281505870181771 0.00195668493918884 0 0 0 0.990403460246141
  1 27 4 1 100 0 0.00505184930874378 0 0 2.33373429553554e-05 0 0 0 0 0 0 0.994924813348301
  1 27 4 2 100 0 0.000104243217887957 0 4.72802417618522e-09 2.45906350679005e-06 0 7.55344229689403e-05 9.48453872608889e-05 0 0 0 0.999722913180351
  1 27 4 3 100 0 0.000678967235858752 0 6.8776659443559e-08 0.000799569560907475 0 0.00110732947484001 0.00104200003586013 0 0 0 0.996372064915874
  1 27 4 4 100 0 0.000385582190282165 0 5.68569836719679e-08 0.00101077496386731 0 0.000828084124875538 0.000596109397327502 0 0 0 0.997179392466664
  1 27 4 5 100 0 6.68831411087032e-05 0 1.43660149841408e-08 0.000200387797157173 0 0.000152351693777102 0.000105198998257223 0 0 0 0.999475164003685
  1 28 4 1 100 0 0.00127705352552461 0 0 1.57000327808975e-05 0 0 0.00076333301253398 0 0 0 0.997943913429161
  1 28 4 2 100 0 0.00394165247274336 0 2.5604643623054e-10 5.31107940233876e-05 0 3.18399463029305e-07 0.00318094176842509 0 0 0 0.992823976309299
  1 28 4 3 100 0 0.00592055257914678 0 3.96337597844633e-06 0.00721718888497754 0 0.00763873396804315 0.0086667153721368 0 0 0 0.970552845819717
  1 28 4 4 100 0 0.0046970997308546 0 3.82307237667945e-06 0.010921018196248 0 0.00867735726970363 0.00686904025731821 0 0 0 0.968831661473499
  1 29 4 2 100 0 0.00367376990197184 0 0 8.83910131992331e-05 0 4.00944806027667e-05 0.00683795820745058 0 0 0 0.989359786396776
  1 29 4 3 100 0 0.00634614858532102 0 6.29293078240899e-07 0.00111147036669432 0 0.00158770974012825 0.0115701679180122 0 0 0 0.979383874096766
  1 29 4 4 100 0 0.00360092376163592 0 6.56658048014382e-06 0.0101580079621111 0 0.00780258684263683 0.00611925851189811 0 0 0 0.972312656341238
  1 30 4 2 100 0 0.0038684322212738 0 0 0.000104753665928424 0 2.91637748405912e-06 0.00426740676742603 0 0 0 0.991756490967888
  1 30 4 3 100 0 0.0067570505524053 0 8.32753552690811e-08 0.000403642952267501 0 0.000179254419986825 0.00740227765582656 0 0 0 0.985257691144159
  1 30 4 4 100 0 0.00513717741657832 0 7.94104345494184e-06 0.00975267825853204 0 0.0076912224055315 0.00568014830142189 0 0 0 0.971730832574481
  1 31 4 2 100 0 0.00222239750376556 0 0 0.000140844091456428 0 0.00259832017657171 0.0021982887906968 0 0 0 0.99284014943751
  1 31 4 3 100 0 0.00352018261575531 0 3.92624260310557e-09 0.00031657306548962 0 0.00417742238050161 0.00347453463040973 0 0 0 0.988511283381601
  1 31 4 4 100 0 0.00431360096228633 0 6.05176734767939e-07 0.0021265812010061 0 0.0057871279022736 0.0042530975848777 0 0 0 0.983518987172821
  1 32 4 2 100 0 0.00634128776814352 0 1.71334894553138e-08 0.000581493273140329 0 0.00140397373247841 0.00345975806247612 0 0 0 0.988213470030272
  1 32 4 3 100 0 0.00599840453657873 0 8.0964634658984e-08 0.00204209390583622 0 0.00712107758698889 0.00497753925927573 0 0 0 0.979860803746686
  1 32 4 4 100 0 0.0056804118304163 0 7.81056658586281e-08 0.00197486995954827 0 0.0067622096651169 0.00471675035872104 0 0 0 0.980865680080532
  1 33 4 2 100 0 0.00416677251543569 0 1.77969713657706e-09 0.000273969256203487 0 0.000246951315774724 0.00234424221876465 0 0 0 0.992968062914124
  1 33 4 3 100 0 0.00490530993564496 0 6.90905175240325e-08 0.00741515373081923 0 0.00864996350625732 0.00589881738625429 0 0 0 0.973130686350507
  1 33 4 4 100 0 0.00366495911429595 0 5.48882687400574e-08 0.00520282658917267 0 0.00633805328099882 0.00441555042180115 0 0 0 0.980378555705463
  1 33 4 5 100 0 0.000794843503721409 0 1.4557730761247e-08 5.74761262062216e-05 0 0.000978592740049005 0.000977834179166473 0 0 0 0.997191238893126
  1 34 4 1 100 0 0.00480337154366106 0 0 5.86506896591325e-05 0 0 0.00271440956918035 0 0 0 0.992423568197499
  1 34 4 2 100 0 0.00303580435561363 0 5.41071935553274e-09 8.5505171955601e-05 0 0.000206603469858084 0.00182540483162683 0 0 0 0.994846676760227
  1 34 4 3 100 0 0.00374934045171473 0 1.32415293311371e-07 0.00824905692121185 0 0.00758915073464177 0.00450974365948439 0 0 0 0.975902575817654
  1 34 4 4 100 0 0.00263854394190312 0 9.59827382666298e-08 0.00597393421241719 0 0.00540558131446806 0.00316954589340488 0 0 0 0.982812298655068
  1 34 4 5 100 0 0.000984029649097155 0 3.74875421432398e-08 0.00262961711092292 0 0.00217145968695391 0.00117129892629702 0 0 0 0.993043557139187
  1 35 4 2 100 0 0.00368746445553497 0 2.28654869087155e-08 9.21051384674067e-05 0 0.000721191167917511 0.00315875386419474 0 0 0 0.992340462508398
  1 35 4 3 100 0 0.00565490193182215 0 7.32622555691739e-07 0.0126800384427009 0 0.0107204004025065 0.00695576306935662 0 0 0 0.963988163531058
  1 35 4 4 100 0 0.00372771422878088 0 5.33513812539963e-07 0.00964098165909504 0 0.00752851187676256 0.00454338298465548 0 0 0 0.974558875736893
  1 35 4 5 100 0 0.00129557928633177 0 1.9394458586741e-07 0.00347098317586731 0 0.00265871357676278 0.00157281705122326 0 0 0 0.991001712965229
  1 36 4 2 100 0 0.00254719792838554 0 1.3264693413124e-08 5.66448099105216e-05 0 1.3254341560431e-05 0.00309746054721882 0 0 0 0.994285429108231
  1 36 4 3 100 0 0.00339177771853783 0 4.5812907178738e-07 0.00797859209657309 0 0.00639464743155182 0.00509654199622343 0 0 0 0.977137982628042
  1 36 4 4 100 0 0.00237868127682446 0 4.21195183733151e-07 0.00789990575088204 0 0.00603565307808935 0.00351968252306751 0 0 0 0.980165656175953
  1 36 4 5 100 0 0.000961267338676397 0 1.78498681486096e-07 0.00323309458795167 0 0.00245627235144685 0.00142079577126587 0 0 0 0.991928391451978
  1 37 4 1 100 0 0.00592151722699211 0 0 7.11941851998279e-05 0 0 0.00236139641327955 0 0 0 0.991645892174528
  1 37 4 2 100 0 0.00365405458373975 0 9.12527191345261e-09 5.47485626800306e-05 0 0.000465844852681103 0.0017617565714798 0 0 0 0.994063586304147
  1 37 4 3 100 0 0.00529028062506595 0 4.41592573827085e-07 0.00791161117702127 0 0.00857767128213783 0.0058815601171121 0 0 0 0.972338435206089
  1 37 4 4 100 0 0.00372108246996316 0 5.03573750646125e-07 0.00966834472338288 0 0.00749802451928373 0.00412061109208928 0 0 0 0.97499143362153
  1 37 4 5 100 0 0.00137262893475209 0 1.96532256847754e-07 0.0036567363756361 0 0.00279799931488006 0.00151934899777066 0 0 0 0.990653089844704
  1 38 4 2 100 0 0.0033236929699119 0 7.73054860867973e-09 5.4460596230743e-05 0 0.000536067139155806 0.00237976547059441 0 0 0 0.993706006093559
  1 38 4 3 100 0 0.00520017863054613 0 2.94238664817504e-07 0.00667466447565862 0 0.00895762168696949 0.00678884085020245 0 0 0 0.972378400117959
  1 38 4 4 100 0 0.00391326366701333 0 4.32798876447609e-07 0.0108267707951247 0 0.00889386670958517 0.00503157466914442 0 0 0 0.971334091360256
  1 38 4 5 100 0 0.00187357322157713 0 2.22406342426563e-07 0.00544208922114794 0 0.00435326778444318 0.00240481644161057 0 0 0 0.985926030924879
  1 39 4 2 100 0 0.00299911099295721 0 1.69058436529156e-08 5.03181052066415e-05 0 1.49634549140125e-05 0.00301776470440521 0 0 0 0.993917825836673
  1 39 4 3 100 0 0.00430584434156236 0 2.15567528567841e-07 0.00336654047350463 0 0.00362763220468834 0.00497336544124597 0 0 0 0.98372640197147
  1 39 4 4 100 0 0.0031676167239452 0 3.88592947329924e-07 0.00674212018246688 0 0.00540715935677739 0.00367959000347577 0 0 0 0.981003125140387
  1 39 4 5 100 0 0.00141940861542003 0 1.92732341743119e-07 0.00319598495992807 0 0.00248873963156001 0.00164787000561722 0 0 0 0.991247804055133
  1 40 4 1 100 0 0.00602605783456329 0 0 3.04989709429969e-05 0 0 0 0 0 0 0.993943443194494
  1 40 4 2 100 0 0.000312539340670043 0 1.81710652729989e-08 9.1812168071798e-06 0 1.03958278191534e-05 0.000361541166173011 0 0 0 0.999306324277465
  1 40 4 3 100 0 0.00134380775398282 0 1.68234689310023e-07 0.0010923427236367 0 0.00125853496410994 0.00258052277969854 0 0 0 0.993724623543883
  1 40 4 4 100 0 0.000858888059263809 0 2.2667454529418e-07 0.00223410408722194 0 0.0018124800400382 0.0015971687318223 0 0 0 0.993497132407108
  1 40 4 5 100 0 0.000222691910652368 0 6.67330333796948e-08 0.000617485162922361 0 0.000484753485198556 0.000413256239036362 0 0 0 0.998261746469157
  1 41 4 1 100 0 3.47005869004926e-05 0 0 2.95917540236844e-07 0 0 5.1675837465574e-05 0 0 0 0.999913327658094
  1 41 4 2 100 0 0.0042808127277922 0 1.11135532401107e-09 4.49758731094369e-05 0 1.33826509512232e-06 0.00625601303961271 0 0 0 0.989416858983035
  1 41 4 3 100 0 0.00608646378604331 0 3.28307282001772e-06 0.00424618159833349 0 0.00500735922501745 0.00899662768536992 0 0 0 0.975660084632416
  1 41 4 4 100 0 0.00543250194772935 0 3.77224528614199e-06 0.00981052348916054 0 0.00736482088919577 0.00798696675442572 0 0 0 0.969401414674202
  1 41 4 5 100 0 0.00264250157112918 0 1.87256260110821e-06 0.0052377670424151 0 0.00373318250321216 0.00386974548237447 0 0 0 0.984514930838268
  1 42 4 2 100 0 0.00554503083950568 0 2.35214109295611e-10 8.7199131356585e-05 0 2.89540462959552e-05 0.00867404238676945 0 0 0 0.985664773360858
  1 42 4 3 100 0 0.00946252731170949 0 7.30088325227808e-07 0.00146365525837923 0 0.00199815877283476 0.0147676690962568 0 0 0 0.972307259472494
  1 42 4 4 100 0 0.0062431408642955 0 7.50588034831607e-06 0.012264296704703 0 0.00971022013617211 0.00974655644772417 0 0 0 0.962028279966757
  1 42 4 5 100 0 0.00296283949837622 0 3.82524676567825e-06 0.00597346995955941 0 0.00465669402756155 0.00464432471698623 0 0 0 0.981758846550751
  1 43 4 2 100 0 0.00291431217981921 0 2.62976086664171e-10 0.000110644232932078 0 0.00369752886915496 0.00697511215397916 0 0 0 0.986302402301139
  1 43 4 3 100 0 0.00490845506931924 0 9.5554804918908e-08 0.000903752490297675 0 0.00653526559948406 0.0115677428809392 0 0 0 0.976084688405155
  1 43 4 4 100 0 0.0045204703231432 0 7.31255066639661e-06 0.0118048364172807 0 0.0101623521083908 0.0103250943695165 0 0 0 0.963179934231002
  1 43 4 5 100 0 0.00253306555957116 0 6.28430794088402e-06 0.00756220992777094 0 0.00605025820839671 0.00579942250045761 0 0 0 0.978048759495863
  1 44 4 2 100 0 0.00258152541364746 0 1.89064933798142e-09 0.000212240494826075 0 0.00328506757972989 0.00597332419336303 0 0 0 0.987947840427784
  1 44 4 3 100 0 0.003435049991129 0 5.24390424117488e-08 0.000817265197577597 0 0.00466272863907489 0.00757229261052558 0 0 0 0.983512611122651
  1 44 4 4 100 0 0.00381793632569895 0 2.79734661809025e-06 0.00428262735717973 0 0.00652279248422066 0.00829292790515363 0 0 0 0.977080918581129
  1 44 4 5 100 0 0.00201309179139291 0 5.81156327054364e-06 0.0056026779263847 0 0.00475152004192509 0.00427975054208611 0 0 0 0.983347148134941
  1 45 4 2 100 0 0.00439252791990001 0 5.56043058231456e-09 0.000408970210252259 0 0.000888348115948356 0.00330455082083565 0 0 0 0.991005597372633
  1 45 4 3 100 0 0.00457452388934783 0 4.87583824317381e-08 0.00323157173172801 0 0.00749316707580829 0.00962358695560834 0 0 0 0.975077101589125
  1 45 4 4 100 0 0.00366021578027592 0 1.54582553035577e-07 0.00419730705178215 0 0.00662697375062788 0.00769177342603096 0 0 0 0.97782357540873
  1 45 4 5 100 0 0.00241216648374256 0 6.2318033349359e-07 0.00769367733568345 0 0.00629343911118501 0.00509014912930783 0 0 0 0.978509944759748
  1 46 4 1 100 0 0.00673067831721418 0 0 2.75370129112689e-05 0 0 0.00127370516858846 0 0 0 0.991968079501286
  1 46 4 2 100 0 0.00116651949981853 0 2.32695692126855e-08 0.000396868263405353 0 0.000409135277115018 0.000603494629829686 0 0 0 0.997423959060262
  1 46 4 3 100 0 0.00433099734141494 0 4.72403016495817e-07 0.00909978517125092 0 0.00816318123678421 0.0076834587400275 0 0 0 0.970722105107506
  1 46 4 4 100 0 0.00288717333689373 0 3.29498108767038e-07 0.00635211727919485 0 0.00554395371788455 0.00512240793321771 0 0 0 0.9800940182347
  1 46 4 5 100 0 0.00136451619312778 0 2.46849366910416e-07 0.00384125723124303 0 0.00290916534324925 0.00245688015770329 0 0 0 0.98942793422531
  1 47 4 1 100 0 3.82629433771428e-05 0 0 5.51672536429737e-07 0 0 3.38663904010584e-05 0 0 0 0.999927318993685
  1 47 4 2 100 0 0.00215482472994886 0 1.19245970631544e-09 3.99600689719367e-05 0 4.75040016107569e-06 0.00217942635107961 0 0 0 0.995621037257379
  1 47 4 3 100 0 0.0031489947716212 0 1.92869298046489e-06 0.00913782103356428 0 0.00767627144290724 0.00709349223543528 0 0 0 0.972941491823492
  1 47 4 4 100 0 0.00216110883782364 0 1.34458700445467e-06 0.00643049237985265 0 0.00537224276122763 0.00490561951921214 0 0 0 0.981129191914879
  1 47 4 5 100 0 0.000873630056738023 0 5.75921662275015e-07 0.0028429242331846 0 0.00226389024611193 0.00203770492357014 0 0 0 0.991981274618733
  1 48 4 2 100 0 0.00335092094606514 0 1.46645616425378e-09 8.95129657623152e-05 0 2.43288401577726e-05 0.00625309638031977 0 0 0 0.990282139401239
  1 48 4 3 100 0 0.00532283081086949 0 3.02418572870808e-06 0.00994450457808149 0 0.00833682383001797 0.0104255999731941 0 0 0 0.965967216622108
  1 48 4 4 100 0 0.00339320100419951 0 3.2791255857872e-06 0.0106393286197321 0 0.00859187749064394 0.00664655000696883 0 0 0 0.97072576375287
  1 48 4 5 100 0 0.000835869888847108 0 8.37828292537423e-07 0.00266093611440565 0 0.00213226562985144 0.00164915076343996 0 0 0 0.992720939775163
  1 49 4 2 100 0 0.00401910639068455 0 2.20020015585204e-08 0.00011360470097104 0 0.00260499207987186 0.00772305648497833 0 0 0 0.985539218341493
  1 49 4 3 100 0 0.00675146395401432 0 8.37102642464986e-07 0.00641956239787312 0 0.00902405992924355 0.0156666012344699 0 0 0 0.962137475381757
  1 49 4 4 100 0 0.00525314755384494 0 2.00964219699975e-06 0.0130427220277605 0 0.00982990402736389 0.0112957772630088 0 0 0 0.960576439485825
  1 49 4 5 100 0 0.00165126972779541 0 5.37195819173503e-07 0.00413772528732348 0 0.00310296478693582 0.00354329772431573 0 0 0 0.98756420527781
  1 50 4 2 100 0 0.00510035723583203 0 4.2282463547616e-08 0.000110578543502581 0 0.000794057235154576 0.00593267755591892 0 0 0 0.988062287147128
  1 50 4 3 100 0 0.00663583794698292 0 4.28508430151785e-07 0.00521638624774682 0 0.00874823831281032 0.0167905437056908 0 0 0 0.962608565278339
  1 50 4 4 100 0 0.0054958995712408 0 3.70331173827599e-07 0.0116252502677157 0 0.00996622069315327 0.0132016560202424 0 0 0 0.959710603116474
  1 50 4 5 100 0 0.00220682496683216 0 1.58649780352334e-07 0.00524896392530425 0 0.00421965476540101 0.00525083694719532 0 0 0 0.983073560745487
  1 51 4 2 100 0 0.00395758071419419 0 2.00107388485873e-08 9.43029134774019e-05 0 0.000323925650066616 0.00672087729118344 0 0 0 0.98890329342034
  1 51 4 3 100 0 0.00598345753229013 0 4.92192578073325e-07 0.00558859920663233 0 0.00799931138183247 0.0145525602385686 0 0 0 0.965875579448098
  1 51 4 4 100 0 0.00471513982900572 0 4.83897131331981e-07 0.00936662622368591 0 0.0081229764239446 0.0113007913326091 0 0 0 0.966493982293623
  1 51 4 5 100 0 0.00218448709979869 0 2.56568112406169e-07 0.00514266693305833 0 0.00405707264220221 0.00521325235914583 0 0 0 0.983402264397683
  1 52 4 2 100 0 0.00176723429514728 0 1.44688823839757e-09 0.000110220448801306 0 6.05421459351428e-05 0.0081685803847628 0 0 0 0.989893421278465
  1 52 4 3 100 0 0.00288923240913699 0 3.13396424170056e-07 0.00850324285687236 0 0.00739784694488411 0.0136522665652603 0 0 0 0.967557097827422
  1 52 4 4 100 0 0.00228461647305241 0 5.38464129858054e-07 0.00857366570776341 0 0.00690903635483398 0.0106639896861917 0 0 0 0.971568153314029
  1 52 4 5 100 0 0.00123319148429562 0 3.71935340991305e-07 0.00487784411001613 0 0.00381470120400958 0.00573827955614451 0 0 0 0.984335611710193
  1 53 4 2 100 0 0.0044609940398148 0 2.95835661648693e-08 0.000127324739844772 0 0.00070349621898482 0.0132385110659359 0 0 0 0.981469644351854
  1 53 4 3 100 0 0.00703643680578868 0 5.17401153986819e-07 0.0117699793831667 0 0.0104931983363494 0.0211837827746418 0 0 0 0.949516085298899
  1 53 4 4 100 0 0.00529436654280697 0 6.60207072587921e-07 0.0113128332199326 0 0.00875060625629442 0.0157721254764475 0 0 0 0.958869408297446
  1 53 4 5 100 0 0.00272926494134819 0 4.24450141565271e-07 0.00597466159040733 0 0.00455369006473063 0.00812180470765951 0 0 0 0.978620154245713
  1 54 4 2 100 0 0.00454498631872144 0 1.20114317356656e-08 7.43619800641323e-05 0 0.000320722361356455 0.00229001844412743 0 0 0 0.992769898884299
  1 54 4 3 100 0 0.00625195775666432 0 4.25936186015288e-07 0.0104953951314512 0 0.0100354216585143 0.0212464579915939 0 0 0 0.95197034152559
  1 54 4 4 100 0 0.00488586673492835 0 6.09391093915719e-07 0.0111431392601571 0 0.00889781870575264 0.0164328631518541 0 0 0 0.958639702756214
  1 54 4 5 100 0 0.00270448434254222 0 4.40513858467839e-07 0.00637661163348304 0 0.00499478529408297 0.00910980530468911 0 0 0 0.976813872911344
  1 55 4 2 100 0 0.00285290515678756 0 3.1304825801822e-08 5.31120959739252e-05 0 0.000341819449073163 0.00150133249719327 0 0 0 0.995250799496146
  1 55 4 3 100 0 0.00435773696062416 0 3.99906669823474e-07 0.00784195658949656 0 0.00840103852746498 0.0131818932293415 0 0 0 0.966216974786403
  1 55 4 4 100 0 0.00339029366985314 0 5.45010251980236e-07 0.00854018443016882 0 0.007523614496829 0.0100395162035563 0 0 0 0.970505846189341
  1 55 4 5 100 0 0.00189526233172548 0 4.1533297732567e-07 0.00495353266901153 0 0.00427575937978046 0.00560603423625165 0 0 0 0.983268996050254
  1 56 4 1 100 0 0.00731350284675179 0 0 5.65728069479551e-05 0 0 0.00224883784268083 0 0 0 0.990381086503619
  1 56 4 2 100 0 0.00462896866575518 0 2.21327568182116e-08 4.66492112333978e-05 0 0.000375808861206421 0.00214861191044984 0 0 0 0.992799939218598
  1 56 4 3 100 0 0.00548374214019046 0 8.57335468994984e-07 0.00743267854093714 0 0.00805882591506399 0.0107236968200473 0 0 0 0.968300199248292
  1 56 4 4 100 0 0.0040161705322881 0 8.27610723715681e-07 0.00798973881195223 0 0.00691695895988442 0.0075689626786014 0 0 0 0.97350734140655
  1 56 4 5 100 0 0.00203158733147634 0 4.20180269780987e-07 0.00418406867661686 0 0.00355778368052145 0.00382692317188946 0 0 0 0.986399216959226
  1 57 4 1 100 0 0.00585333322154137 0 0 5.58887865545332e-05 0 0 0.000985446229060121 0 0 0 0.993105331762844
  1 57 4 2 100 0 0.00340071730661658 0 9.74818599211566e-08 3.76420295263139e-05 0 0.000401296181287866 0.00130152885990166 0 0 0 0.994858718140808
  1 57 4 3 100 0 0.00441929579771858 0 2.11045763953921e-06 0.00800499021164976 0 0.00882442242436682 0.0104245488243326 0 0 0 0.968324632284293
  1 57 4 4 100 0 0.00321963741050777 0 1.70183522861451e-06 0.00891031208810339 0 0.00767323428185233 0.00740584999953176 0 0 0 0.972789264384776
  1 57 4 5 100 0 0.00162498483473082 0 8.21234084777804e-07 0.00461486655353177 0 0.00392106874630465 0.00374525094495686 0 0 0 0.986093007686391
  1 58 4 2 100 0 0.00420352001648479 0 3.07040577906628e-09 4.2206381587428e-05 0 0.00084934391614464 0.0028454178853637 0 0 0 0.992059508730014
  1 58 4 3 100 0 0.00658962957341713 0 2.82075578530688e-06 0.004812229336158 0 0.00641567078902958 0.00756705224369411 0 0 0 0.974612597301916
  1 58 4 4 100 0 0.00534608860994265 0 3.90871785878139e-06 0.0077431700546061 0 0.00698956778395794 0.00626025497517932 0 0 0 0.973657009858455
  1 58 4 5 100 0 0.00317487633981419 0 2.40611816615448e-06 0.00470847232625532 0 0.0041961331413327 0.00374754284795329 0 0 0 0.984170569226478
  1 59 4 2 100 0 0.00429551871378296 0 1.25674566164081e-10 7.10178943831238e-05 0 0.00387456463930308 0.00755273522190626 0 0 0 0.98420616340495
  1 59 4 3 100 0 0.00756013322805098 0 1.28487793479298e-06 0.00230139170719585 0 0.00777355641807895 0.0131670823102259 0 0 0 0.969196551458514
  1 59 4 4 100 0 0.00610475803386678 0 9.22789121850053e-06 0.0121496005564071 0 0.0104288865868822 0.0102115796062071 0 0 0 0.961095947325418
  1 59 4 5 100 0 0.0034695899781182 0 5.47825676033705e-06 0.00705655826378237 0 0.00598287026516829 0.00584590455263796 0 0 0 0.977639598683533
  1 60 4 2 100 0 0.00398658764112826 0 4.86083943224913e-10 0.000126198901758818 0 0.00406137501539966 0.0115652851067522 0 0 0 0.980260552848877
  1 60 4 3 100 0 0.00673401606672765 0 6.06905923201056e-07 0.00178944631691767 0 0.00752153111971277 0.0187580291060313 0 0 0 0.965196370484687
  1 60 4 4 100 0 0.00562628004390601 0 9.9343734448067e-06 0.0121609782121602 0 0.0103010348331284 0.013873960388695 0 0 0 0.958027812148666
  1 60 4 5 100 0 0.00204008749590881 0 4.57883184479269e-06 0.00479096050571967 0 0.00387310689122016 0.00497741503942453 0 0 0 0.984313851235882
  1 61 4 2 100 0 0.00559914633118679 0 3.47217991185322e-08 0.000319234206601339 0 0.00130440118999423 0.00693944937959944 0 0 0 0.985837734170819
  1 61 4 3 100 0 0.00665663787613365 0 2.02132520866391e-07 0.00226651367667107 0 0.00751036934280802 0.0160354315504285 0 0 0 0.967530845421438
  1 61 4 4 100 0 0.00645127974432229 0 6.93683313933773e-07 0.0093356941412808 0 0.010185947062846 0.0145808496848933 0 0 0 0.959445535683344
  1 61 4 5 100 0 0.00270657562322522 0 7.87534383887662e-07 0.00600832716681846 0 0.00512170174394125 0.00583903258538908 0 0 0 0.980323575346242
  1 62 4 2 100 0 0.0063800818835589 0 1.06566820696507e-08 0.000262253969023864 0 0.000417811664777679 0.00701471123342789 0 0 0 0.98592513059253
  1 62 4 3 100 0 0.00881147791283845 0 1.9647442253569e-07 0.00461893428443506 0 0.00798634596233028 0.0139119506912918 0 0 0 0.964671094674682
  1 62 4 4 100 0 0.00723834278648684 0 4.39040199855873e-07 0.00752053559641218 0 0.00794649092287684 0.0113534235001682 0 0 0 0.965940768153856
  1 62 4 5 100 0 0.00421877312105483 0 5.40758603675897e-07 0.00719211235112882 0 0.0056664141362871 0.00658187675720388 0 0 0 0.976340282875722
  1 63 4 2 100 0 0.00467826153365058 0 8.19856963244324e-09 0.000252693436699828 0 0.000389957643901249 0.0109394863867999 0 0 0 0.983739592800379
  1 63 4 3 100 0 0.0075316016146439 0 3.04756615670174e-07 0.0134377864317989 0 0.0125438876793997 0.0205986415828552 0 0 0 0.945887777934687
  1 63 4 4 100 0 0.005964446631548 0 4.34475075562153e-07 0.0121775299722576 0 0.0104709400429386 0.0161835902192029 0 0 0 0.955203058658977
  1 63 4 5 100 0 0.00392937806598874 0 5.35814379228556e-07 0.0092630460069528 0 0.00730828512737237 0.010586747786798 0 0 0 0.968912007198509
  1 64 4 1 100 0 0.00751992836289213 0 0 7.34480068172664e-05 0 0 0.0128705477135517 0 0 0 0.979536075916739
  1 64 4 2 100 0 0.00489875015290515 0 6.28186245854388e-09 0.000123315836099343 0 0.000340481955506853 0.00875415747586503 0 0 0 0.985883288297761
  1 64 4 3 100 0 0.0077254697645149 0 2.45463762118209e-07 0.0137623487515382 0 0.0125328113681435 0.0207761201050101 0 0 0 0.945203004547031
  1 64 4 4 100 0 0.00553118741913689 0 2.96569710059159e-07 0.0110273498010355 0 0.00939255634555171 0.0148331147073862 0 0 0 0.95921549515718
  1 64 4 5 100 0 0.00351791569410209 0 3.72671912690804e-07 0.00750656371230862 0 0.00610788236477318 0.00948791051757661 0 0 0 0.973379355039327
  1 65 4 1 100 0 0.00581092327689067 0 0 7.26451873465259e-05 0 0 0.0037670731893901 0 0 0 0.990349358346373
  1 65 4 2 100 0 0.00370997627328877 0 8.0270878646923e-09 7.29212640827551e-05 0 0.000412535910456311 0.00355674183974509 0 0 0 0.992247816685339
  1 65 4 3 100 0 0.00575610422612312 0 4.61062183786099e-07 0.0125297842084282 0 0.0111899484980922 0.0210895683059044 0 0 0 0.949434133699268
  1 65 4 4 100 0 0.0041787963259043 0 4.16476734003688e-07 0.0104601122847886 0 0.00859873921692728 0.0151387069570854 0 0 0 0.96162322873856
  1 65 4 5 100 0 0.00259065388435183 0 3.23020069298198e-07 0.00678596576241105 0 0.00538645788156414 0.00932807590080562 0 0 0 0.975908523550798
  1 66 4 2 100 0 0.00421053453976893 0 3.52538374603519e-08 7.22364329481192e-05 0 0.000792124593718042 0.00333004718420192 0 0 0 0.991595021995526
  1 66 4 3 100 0 0.00704038873025729 0 1.03095733192958e-06 0.0125685184889341 0 0.0121196793478726 0.0231714829711915 0 0 0 0.945098899504413
  1 66 4 4 100 0 0.00496017986550525 0 8.43580455347677e-07 0.0110856019805416 0 0.0093999434407427 0.0161936825516631 0 0 0 0.958359748581092
  1 66 4 5 100 0 0.00177021176803817 0 2.78221948440471e-07 0.0041410043520965 0 0.0034080005617583 0.00581207942716697 0 0 0 0.984868425668992
  1 67 4 2 100 0 0.00489792970837287 0 4.49163082035218e-08 6.8642324511634e-05 0 0.000968771662475846 0.00337005356635077 0 0 0 0.990694557821981
  1 67 4 3 100 0 0.00786374236814745 0 9.1591408656009e-07 0.00997359896770878 0 0.0103089355873359 0.0149557034561683 0 0 0 0.956897103706553
  1 67 4 4 100 0 0.00568568361361251 0 9.25295048318502e-07 0.0105260210248785 0 0.00876146470763121 0.0106156230720131 0 0 0 0.964410282286816
  1 67 4 5 100 0 0.00252332386443571 0 4.42662844001762e-07 0.00478411724344346 0 0.0039306839858639 0.00472814559253311 0 0 0 0.98403328665088
  1 68 4 2 100 0 0.00351564400111903 0 3.17073007870312e-08 6.06424232991266e-05 0 3.62852372572478e-05 0.00253730336589646 0 0 0 0.993850093265127
  1 68 4 3 100 0 0.00525872149673879 0 8.49695260144297e-07 0.00882862045853659 0 0.00842030395973683 0.0120689974703147 0 0 0 0.965422506919413
  1 68 4 4 100 0 0.00401179122463307 0 1.01308227351607e-06 0.0116854217575306 0 0.00976917260221736 0.00892534398305872 0 0 0 0.965607257350287
  1 68 4 5 100 0 0.00196302656674643 0 5.36090204151489e-07 0.00585524216710113 0 0.00483588560477314 0.00437071172936817 0 0 0 0.982974597841807
  1 69 4 2 100 0 0.00286526953198424 0 4.45025921977201e-08 5.66991606565369e-05 0 2.82210508410128e-05 0.00199656160209745 0 0 0 0.995053204151829
  1 69 4 3 100 0 0.00493909510675389 0 6.77478496383763e-07 0.0065110195618558 0 0.00667998139310115 0.00842446086024424 0 0 0 0.973444765599549
  1 69 4 4 100 0 0.00387195774321958 0 7.66960226355079e-07 0.00987291140168466 0 0.00814563266181014 0.00648221944915421 0 0 0 0.971626511783905
  1 69 4 5 100 0 0.00197359445482013 0 4.6366587607442e-07 0.00521616923789139 0 0.00422773803130326 0.0033155566919898 0 0 0 0.985266477918119
  1 70 4 2 100 0 0.00409272371421236 0 1.56132535507649e-09 7.84378299083744e-05 0 0.000880895473026638 0.00307046600476267 0 0 0 0.991877475416765
  1 70 4 3 100 0 0.00719316030279429 0 4.44349567192675e-07 0.00722563278581378 0 0.00973724959568813 0.00955671856610441 0 0 0 0.966286794400032
  1 70 4 4 100 0 0.00585635493290002 0 8.28381759281453e-07 0.0123618424493125 0 0.0105023759082494 0.00758994959020178 0 0 0 0.963688648737577
  1 70 4 5 100 0 0.00298797497590515 0 4.62229539167897e-07 0.0065689103525316 0 0.00546094588064174 0.00387626097722052 0 0 0 0.981105445584162
  1 71 4 2 100 0 0.00398294206983137 0 1.43078015114523e-08 8.00659994223557e-05 0 0.0005329058201426 0.0019137787457951 0 0 0 0.993490293057007
  1 71 4 3 100 0 0.00604273239938934 0 3.44743328069604e-07 0.00660360836571221 0 0.00900016916910885 0.00810629855621689 0 0 0 0.970246846766245
  1 71 4 4 100 0 0.00507487929311933 0 6.67621094188154e-07 0.0114458674433613 0 0.00987695368759171 0.00664920274830631 0 0 0 0.966952429206527
  1 71 4 5 100 0 0.0026731561029094 0 3.83960829791899e-07 0.00624970917251078 0 0.00528822431943018 0.00350498712337521 0 0 0 0.982283539320945
  1 72 4 2 100 0 0.00305100664762519 0 9.43754315715523e-09 4.25037905280012e-05 0 0.00019969510919495 0.00152754966856503 0 0 0 0.995179235346544
  1 72 4 3 100 0 0.00387913623602363 0 2.11753162635118e-07 0.00433103080106972 0 0.00596904478475928 0.00571522071836363 0 0 0 0.980105355706621
  1 72 4 4 100 0 0.00330514173864564 0 3.63832667400693e-07 0.0075050277023671 0 0.00666897620893005 0.00483808974089848 0 0 0 0.977682400776491
  1 72 4 5 100 0 0.00187089974333483 0 2.3952435416472e-07 0.00448816670048647 0 0.00387597263295413 0.00274598371249599 0 0 0 0.987018737686374
  1 73 4 2 100 0 0.00346439762123185 0 1.52865979425279e-08 6.25232294310692e-05 0 0.000445236709102982 0.00335938492442327 0 0 0 0.992668442229213
  1 73 4 3 100 0 0.00579475067545591 0 2.71385269764629e-07 0.00658954530516095 0 0.00889500651675077 0.010261088726043 0 0 0 0.96845933739132
  1 73 4 4 100 0 0.00481930216151107 0 5.2974423389329e-07 0.0113131602579766 0 0.00969417392142526 0.00852813433917972 0 0 0 0.965644699575673
  1 73 4 5 100 0 0.00273766700057343 0 3.57737927635364e-07 0.00691016268392523 0 0.0056931425303354 0.00486854100029982 0 0 0 0.979790129046939
  1 74 4 2 100 0 0.00657365560602157 0 1.47803355998205e-08 7.16974304793447e-05 0 0.000625039599691701 0.00855889540894109 0 0 0 0.984170697174531
  1 74 4 3 100 0 0.010263919697746 0 2.97013517221089e-07 0.00813301181056243 0 0.00991376240894634 0.0189449994602423 0 0 0 0.952744009608986
  1 74 4 4 100 0 0.00849908603862016 0 7.06273677309541e-07 0.0137049292855815 0 0.0106800555235108 0.0151862553925014 0 0 0 0.951928967486109
  1 74 4 5 100 0 0.00502831024970625 0 5.07348518010736e-07 0.00858144377171545 0 0.00647639726662554 0.0089839966484629 0 0 0 0.970929344714972
  1 75 4 2 100 0 0.00316256590351104 0 7.35778498456684e-09 6.50402968969146e-05 0 0.000476152660786731 0.0110467474288756 0 0 0 0.985249486352145
  1 75 4 3 100 0 0.00582387660194688 0 2.79743126971351e-07 0.0069244856048861 0 0.00908003375114018 0.0196516351691777 0 0 0 0.958519689129722
  1 75 4 4 100 0 0.00485073539965548 0 5.9976334316882e-07 0.0120840521872802 0 0.00988112556126486 0.0159067686637152 0 0 0 0.957276718424741
  1 75 4 5 100 0 0.00291059933903542 0 4.20824521428744e-07 0.00765374213636846 0 0.00606161652103447 0.00952845169895062 0 0 0 0.97384516948009
  1 76 4 2 100 0 0.00447435966016827 0 1.58436693190229e-08 6.19139247017952e-05 0 0.000614745087840857 0.0188244823022121 0 0 0 0.976024483181408
  1 76 4 3 100 0 0.0065303532547448 0 2.19460732882446e-07 0.00581080923989497 0 0.00816393117701951 0.0250076623481652 0 0 0 0.954487024519443
  1 76 4 4 100 0 0.00515142479846512 0 5.46767054836255e-07 0.0108492705472302 0 0.00860018381030307 0.0190023950439062 0 0 0 0.956396179033041
  1 76 4 5 100 0 0.00295799127931208 0 4.38615474978703e-07 0.00673850240455884 0 0.00507406366940668 0.0108226380255613 0 0 0 0.974406366005686
  1 77 4 2 100 0 0.00398863669585193 0 6.59451892399427e-09 4.30869865038745e-05 0 0.000244289488701221 0.0181790959897327 0 0 0 0.977544884244691
  1 77 4 3 100 0 0.00520512708541155 0 1.74339511799566e-07 0.00394201415127669 0 0.00559817392478586 0.0221771150090999 0 0 0 0.963077395489914
  1 77 4 4 100 0 0.0034501142442438 0 3.29584778409373e-07 0.00619472080338882 0 0.00492733828898625 0.0141231260234808 0 0 0 0.971304371055122
  1 77 4 5 100 0 0.0011416926682301 0 2.58041576566959e-07 0.00233485315439778 0 0.00171203375856496 0.00461719793574763 0 0 0 0.990193964441483
  1 78 4 1 100 0 0.00558863860229822 0 0 8.4498249829232e-05 0 0 0.00708896092938806 0 0 0 0.987237902218485
  1 78 4 2 100 0 0.00332074334732996 0 1.30839700341221e-08 6.49744903027387e-05 0 0.000477384864972872 0.00683776382356346 0 0 0 0.989299120389861
  1 78 4 3 100 0 0.00465879865788248 0 2.8873720237398e-07 0.0055578160037774 0 0.0073881754404826 0.0350696609557695 0 0 0 0.947325260204886
  1 78 4 4 100 0 0.00339745303867138 0 3.77350907252424e-07 0.00904168717667543 0 0.00702654253793865 0.0241695043954657 0 0 0 0.956364435500342
  1 78 4 5 100 0 0.00121620201648302 0 1.72124823031454e-07 0.00370132182810211 0 0.00264624120027747 0.00846400865547493 0 0 0 0.983972054174839
  1 79 4 2 100 0 0.00348336572855938 0 2.06411071174918e-08 5.57675761406092e-05 0 0.000460108095659907 0.00480123890680205 0 0 0 0.991199499051731
  1 79 4 3 100 0 0.00520939413950753 0 2.69016219866362e-07 0.00518053720810122 0 0.00754010610594458 0.0330214298954452 0 0 0 0.949048263634782
  1 79 4 4 100 0 0.00384800951044412 0 3.75080168430954e-07 0.00904383791160655 0 0.00740499387196155 0.022721726705892 0 0 0 0.956981056919927
  1 79 4 5 100 0 0.0018599229150585 0 2.50321042754169e-07 0.00493043689230569 0 0.00376601151329113 0.0107908779385965 0 0 0 0.978652500419705
  1 80 4 2 100 0 0.00280670344992759 0 1.57365323591792e-08 4.74520780728202e-05 0 1.37424902918771e-05 0.00293096748139466 0 0 0 0.994201118763781
  1 80 4 3 100 0 0.00386836082569416 0 2.7480484120711e-07 0.00339773897829972 0 0.00387123392333757 0.0138875558123862 0 0 0 0.974974835655441
  1 80 4 4 100 0 0.00291843622174982 0 3.40375616565305e-07 0.00640254051386359 0 0.00556959203619666 0.0100965066137493 0 0 0 0.975012584238824
  1 80 4 5 100 0 0.00155471083017954 0 2.21457368446023e-07 0.00376400511973954 0 0.00310031071227833 0.00533732619264829 0 0 0 0.986243425687786
  1 81 4 1 100 0 0.00559231471429819 0 0 6.28003674179413e-05 0 0 0.00140339882345145 0 0 0 0.992941486094832
  1 81 4 2 100 0 0.00348638681430575 0 1.18771998821255e-08 4.62852651024817e-05 0 0.000280274255750396 0.00203367853447669 0 0 0 0.994153363253165
  1 81 4 3 100 0 0.00313924203146404 0 2.69773784438119e-07 0.00315003991871857 0 0.00539689100713519 0.0170708363278115 0 0 0 0.971242720941086
  1 81 4 4 100 0 0.00222426509029908 0 3.47089872631624e-07 0.00617106921253357 0 0.00533872918715338 0.0108429181064267 0 0 0 0.975422671313715
  1 81 4 5 100 0 0.000964057469966712 0 1.9234656380872e-07 0.00298762230598845 0 0.0024332210052406 0.0045904700987578 0 0 0 0.989024436773483
  2 1 4 2 100 0 0.000766525555474714 0 6.38739858721549e-09 3.36314167538964e-05 0 0 0.00148139492956621 0 0 0 0.997718441710807
  2 1 4 3 100 0 0.00125489142486484 0 8.26035532994283e-07 0.00812714246804817 0 0.000468789333183245 0.0290655307086233 0 0 0 0.961082820029747
  2 1 4 4 100 0 0.000596956832105685 0 2.57511282077673e-06 0.0212878597598606 0 0.00221012614220955 0.0524287978942326 0 0 0 0.923473684258771
  2 1 4 5 100 0 0.00067142132632992 0 4.15710538025474e-06 0.0296101697635883 0 0.00355256172554237 0.069355826831562 0 0 0 0.896805863247597
  2 2 4 2 100 0 0.00229048759667123 0 3.09270326373981e-09 4.1704745161254e-05 0 0 0.00228068219910758 0 0 0 0.995387122366357
  2 2 4 3 100 0 0.00310004354442587 0 1.36630043769834e-06 0.0113574245670186 0 0.000414088595135616 0.0368050799570672 0 0 0 0.948321997035915
  2 2 4 4 100 0 0.00136528145470216 0 3.2493026974672e-06 0.0259722649226913 0 0.00229329254101944 0.0615769156555948 0 0 0 0.908788996123295
  2 2 4 5 100 0 0.0013354835282544 0 4.68440864566713e-06 0.0338623932343011 0 0.00399633775340534 0.0758519469340077 0 0 0 0.884949154141386
  2 3 4 1 100 0 0.000163004215539186 0 0 3.11431958788206e-06 0 0 0.000204392907064327 0 0 0 0.999629488557809
  2 3 4 2 100 0 0.00227241746060936 0 1.94782653602935e-08 4.47411491781554e-05 0 0 0.00295245603645494 0 0 0 0.994730365875492
  2 3 4 3 100 0 0.00303467123282902 0 3.91634211825781e-06 0.0134374050842401 0 0.000370537229185291 0.0363619917019777 0 0 0 0.94679147840965
  2 3 4 4 100 0 0.00209542921501903 0 7.578838145634e-06 0.0299956537159984 0 0.00225381577182646 0.061655227307233 0 0 0 0.903992295151777
  2 3 4 5 100 0 0.00241827263589951 0 1.07046955744678e-05 0.0410576394160739 0 0.00434249353878928 0.0801792209407503 0 0 0 0.871991668772913
  2 4 4 2 100 0 0.00214950138345804 0 3.03962462877695e-10 6.20093346256437e-05 0 0 0.00357836766291216 0 0 0 0.994210121315042
  2 4 4 3 100 0 0.0019094764789698 0 3.79409935617815e-06 0.00704335561958213 0 0.000282683657054941 0.0199941357801483 0 0 0 0.970766554364889
  2 4 4 4 100 0 0.000991510618080892 0 1.15506872113718e-05 0.0233333218766217 0 0.00227901244870165 0.0422309323837473 0 0 0 0.931153671985637
  2 4 4 5 100 0 0.00117225583340175 0 1.64014525816864e-05 0.0338079467555485 0 0.0043148094614254 0.0581292755096788 0 0 0 0.902559310987364
  2 5 4 2 100 0 0.0019479917276845 0 2.47959196461433e-09 7.48770867077445e-05 0 0 0.00777945247760888 0 0 0 0.990197676228407
  2 5 4 3 100 0 0.00198982208949804 0 2.33866909206951e-06 0.00308051693450213 0 0.000105043722700499 0.0120604879538913 0 0 0 0.982761790630316
  2 5 4 4 100 0 0.000688479925623678 0 1.74027930703371e-05 0.0233588574856441 0 0.00197309551671657 0.0332082117290852 0 0 0 0.94075395254986
  2 5 4 5 100 0 0.000834209958308283 0 2.48425834338692e-05 0.0322915153530744 0 0.00349213727762576 0.0440183456216846 0 0 0 0.919338949205873
  2 6 4 2 100 0 0.00224198363010498 0 9.62620696892035e-09 8.24851424961464e-05 0 0 0.00570200872755094 0 0 0 0.991973512873641
  2 6 4 3 100 0 0.00297780915983858 0 1.32773516547906e-06 0.00214718907316076 0 7.1928267573711e-05 0.00833699977530662 0 0 0 0.986464745988955
  2 6 4 4 100 0 0.000737840896075766 0 2.1941084648777e-05 0.0244745591912452 0 0.00218774074886163 0.00791207321390828 0 0 0 0.96466584486526
  2 6 4 5 100 0 0.000824282833019354 0 3.78157791246898e-05 0.0358695343491104 0 0.00411032073140726 0.010293189988291 0 0 0 0.948864856319047
  2 7 4 2 100 0 0.00174615037260243 0 1.04584339316396e-08 6.28684219891514e-05 0 0 0.00577558935297088 0 0 0 0.992415381394004
  2 7 4 3 100 0 0.00258529882223422 0 9.85365410495233e-07 0.00159279115680922 0 4.04379663490986e-05 0.00802287451623185 0 0 0 0.987757612172965
  2 7 4 4 100 0 0.0012303263438614 0 1.08870390605675e-05 0.0160173868522025 0 0.00137315730474383 0.00636578332896843 0 0 0 0.975002459131163
  2 7 4 5 100 0 0.000956606774999587 0 2.75282936709855e-05 0.0284462107876413 0 0.00332520196881465 0.00729610206164899 0 0 0 0.959948350113224
  2 8 4 2 100 0 0.00370056880894074 0 5.74166882256971e-09 5.67326911425877e-05 0 0 0.00546298517572305 0 0 0 0.990779707582525
  2 8 4 3 100 0 0.0060410373111655 0 1.09706311993405e-06 0.00244701471806234 0 3.63909280902982e-05 0.00986347965508455 0 0 0 0.981610980324477
  2 8 4 4 100 0 0.00403189767662928 0 4.8270100847147e-06 0.0137582250135542 0 0.000932726835730423 0.0116392819021404 0 0 0 0.969633041561861
  2 8 4 5 100 0 0.00168861764274482 0 1.24806230493234e-05 0.0287613964962606 0 0.00282095009790313 0.0137819984901707 0 0 0 0.952934556649871
  2 9 4 2 100 0 0.0040411762156394 0 2.30130309518563e-08 8.9197757065122e-05 0 0 0.00889742944488741 0 0 0 0.986972173569377
  2 9 4 3 100 0 0.00441050313020984 0 1.40327858863357e-06 0.00665134832302877 0 2.79792723747308e-05 0.0132356989454769 0 0 0 0.975673067050321
  2 9 4 4 100 0 0.00336457991945834 0 4.60095843465659e-06 0.0192533934966644 0 0.000780216717395494 0.0166498432993266 0 0 0 0.95994736560872
  2 9 4 5 100 0 0.00211302096070676 0 1.43025070147628e-05 0.0373691727591 0 0.00355971546440731 0.0209129647499006 0 0 0 0.936030823558871
  2 10 4 2 100 0 0.000859408551651217 0 1.70146330343728e-09 6.43105685277297e-05 0 0 0.00895509548695744 0 0 0 0.9901211836914
  2 10 4 3 100 0 0.000842155357589773 0 9.87821444269548e-07 0.00699968859752077 0 2.88697708639833e-05 0.0109405475654683 0 0 0 0.981187750887113
  2 10 4 4 100 0 0.000686453904664786 0 2.86106953049549e-06 0.0165728624062044 0 0.000530202041102617 0.0126692058223275 0 0 0 0.96953841475617
  2 10 4 5 100 0 0.000592619529231196 0 7.73807928450026e-06 0.026687016878394 0 0.00239360078786934 0.0143351299119056 0 0 0 0.955983894813315
  2 11 4 2 100 0 0.00291924432168816 0 1.09375309462895e-09 7.12714843342889e-05 0 0 0.00958709159831393 0 0 0 0.987422391501911
  2 11 4 3 100 0 0.00250673205952621 0 6.17520143847874e-07 0.00810538806199465 0 3.25619543313636e-05 0.0104387905928894 0 0 0 0.978915909811115
  2 11 4 4 100 0 0.00159939856814432 0 1.95956155352583e-06 0.0182027537918535 0 0.000469333503206149 0.0100724344210159 0 0 0 0.969654120154227
  2 11 4 5 100 0 0.00114655690932735 0 6.8436363122833e-06 0.0296991892600107 0 0.00235600787503486 0.0106785211599802 0 0 0 0.956112881159335
  2 12 4 2 100 0 0.00398442196447601 0 1.66114614135245e-09 0.000130897866508283 0 0 0.025023827421644 0 0 0 0.970860851086226
  2 12 4 3 100 0 0.00296082204069729 0 9.90857337236444e-07 0.0161240045065284 0 4.08364301464114e-05 0.023666517752487 0 0 0 0.957206828412804
  2 12 4 4 100 0 0.00183392714128249 0 2.33544787502388e-06 0.0301545900590871 0 0.000544496303025957 0.0235817075838428 0 0 0 0.943882943464887
  2 12 4 5 100 0 0.00146852989437044 0 6.78097670187615e-06 0.0433683147803399 0 0.00304820954584548 0.0253586584115743 0 0 0 0.926749506391168
  2 13 4 1 100 0 0.00486505529629077 0 0 8.28009048036817e-05 0 0 0.000555185708318639 0 0 0 0.994496958090587
  2 13 4 2 100 0 0.00246409018186633 0 1.70633789905732e-09 4.2013957189159e-05 0 0 0.000292285023600026 0 0 0 0.997201609131007
  2 13 4 3 100 0 0.00155077593854447 0 2.89261861239349e-06 0.00851106928453119 0 3.5205570974576e-05 0.0124090166306326 0 0 0 0.977491039956705
  2 13 4 4 100 0 0.000992581847907034 0 4.63275091543268e-06 0.0168744888674612 0 0.000310819745425762 0.016297120057374 0 0 0 0.965520356730917
  2 13 4 5 100 0 0.000795282103030033 0 8.16841510178587e-06 0.0267054232600707 0 0.00176212688312822 0.0211404826069035 0 0 0 0.949588516731766
  2 14 4 2 100 0 0.00171257707685358 0 1.2919306696159e-10 6.5034563958793e-05 0 0 0.00259801741618142 0 0 0 0.995624370813813
  2 14 4 3 100 0 0.00102314759420675 0 3.89074832195285e-06 0.00599448727674734 0 6.25215595278145e-05 0.00721269023799952 0 0 0 0.985703262583197
  2 14 4 4 100 0 0.000687637939490871 0 1.07973480775646e-05 0.0188753656761283 0 0.000547054413073231 0.0129116411465803 0 0 0 0.96696750347665
  2 14 4 5 100 0 0.000691537014716038 0 1.61367217342067e-05 0.0286406855315739 0 0.00226412149167744 0.0168619483424609 0 0 0 0.951525570897838
  2 15 4 2 100 0 0.00431123129528467 0 0 0.000151504137774307 0 0 0.00653251133583187 0 0 0 0.989004753231109
  2 15 4 3 100 0 0.00312149264737269 0 3.28056466598362e-06 0.00462095956230547 0 0.000262970428554898 0.0061894153875683 0 0 0 0.985801881409533
  2 15 4 4 100 0 0.00126026048020529 0 1.75552117643199e-05 0.0239830374844747 0 0.00214046956397511 0.0106119312557845 0 0 0 0.961986746003796
  2 15 4 5 100 0 0.00161482346333307 0 2.65479763325405e-05 0.0348929690901 0 0.00387750609044662 0.0142164122854582 0 0 0 0.94537174109433
  2 16 4 2 100 0 0.00150412955109783 0 0 6.54649988464194e-05 0 0 0.00204281235598176 0 0 0 0.996387593094074
  2 16 4 3 100 0 0.00223437535770353 0 7.50685788113908e-07 0.00260820149851962 0 0.000153107851161355 0.00308946446359145 0 0 0 0.991914100143236
  2 16 4 4 100 0 0.000695985540737839 0 8.45842803009612e-06 0.0161429890990219 0 0.00155992388756939 0.00409627326253525 0 0 0 0.977496369782106
  2 16 4 5 100 0 0.000780011957578781 0 1.81023721285169e-05 0.0245992600650038 0 0.00281550097934406 0.00566778318883168 0 0 0 0.966119341437113
  2 17 4 2 100 0 0.00187253100291186 0 9.94532093420611e-09 6.50085222310511e-05 0 0 0.00235827448143903 0 0 0 0.995704176048097
  2 17 4 3 100 0 0.00403186777052387 0 5.26604263473973e-07 0.00397363706275442 0 0.000243598161125384 0.0048110376120566 0 0 0 0.986939332789276
  2 17 4 4 100 0 0.00190453904881316 0 1.01438111916742e-06 0.0211635237887019 0 0.00224918029160125 0.00505481382486885 0 0 0 0.969626928664896
  2 17 4 5 100 0 0.00122392544057941 0 2.15599462670114e-06 0.0365432708837026 0 0.0044169202080778 0.00638519883560003 0 0 0 0.951428528637413
  2 18 4 2 100 0 0.00100506314106788 0 2.67921340187108e-09 5.37611882321785e-05 0 0 0.00146612328207364 0 0 0 0.997475049709413
  2 18 4 3 100 0 0.00188549979854717 0 5.68176716613834e-07 0.00455333930072269 0 0.000135352406075221 0.0029660350819032 0 0 0 0.990459205236035
  2 18 4 4 100 0 0.00113476250570512 0 9.98874989210141e-07 0.0172557349437331 0 0.00141849757439283 0.00233118280142291 0 0 0 0.977858823299757
  2 18 4 5 100 0 0.000640916024166934 0 1.60946461993269e-06 0.0311737729609682 0 0.00334282640476234 0.00208511028193829 0 0 0 0.962755764863544
  2 19 4 2 100 0 0.00270374634905148 0 1.88934382340813e-09 5.17718888539483e-05 0 0 0.00230191885602935 0 0 0 0.994942561016721
  2 19 4 3 100 0 0.00305817732721767 0 4.54687172628751e-07 0.00994610801810212 0 0.0001472938441892 0.0029452216293672 0 0 0 0.983902744493951
  2 19 4 4 100 0 0.00242487636239022 0 1.44031003186649e-06 0.0198697300413715 0 0.00147732599758581 0.00271565993087655 0 0 0 0.973510967357744
  2 19 4 5 100 0 0.00234700190365468 0 2.77130402566438e-06 0.0289684457968482 0 0.00353244269191418 0.00287746801075955 0 0 0 0.962271870292798
  2 20 4 2 100 0 0.00159418451056688 0 5.9477847011763e-09 5.48310758697479e-05 0 0 0.00170719834701485 0 0 0 0.996643780118764
  2 20 4 3 100 0 0.00163371657525535 0 7.64173944571215e-07 0.0114139671946047 0 0.000137995860560936 0.00209803844942027 0 0 0 0.984715517746214
  2 20 4 4 100 0 0.00103610002618059 0 2.41811249035026e-06 0.0258844968322904 0 0.00159777216168893 0.00175708269060366 0 0 0 0.969722130176746
  2 20 4 5 100 0 0.00106052920860429 0 4.6535292036453e-06 0.0365581954946024 0 0.00389936999376627 0.00194478792995752 0 0 0 0.956532463843866
  2 21 4 2 100 0 0.00200298667696745 0 1.36763689631668e-10 5.92155462124008e-05 0 0 0.00249640701316514 0 0 0 0.995441390626891
  2 21 4 3 100 0 0.00180522835148831 0 5.34041465465548e-07 0.00575810426620168 0 0 0.0027333987462738 0 0 0 0.989702734594571
  2 21 4 4 100 0 0.000943688747428263 0 2.02775088280625e-06 0.0197874404517804 0 0 0.00257495909324279 0 0 0 0.976691883956666
  2 21 4 5 100 0 0.00105228603155464 0 3.52436445309023e-06 0.0288308225724752 0 0 0.00321188809019708 0 0 0 0.96690147894132
  2 22 4 2 100 0 0.00209199887173309 0 2.04294923812425e-10 7.39918289481296e-05 0 0 0.00149747349014294 0 0 0 0.996336535604881
  2 22 4 3 100 0 0.00216087135261609 0 2.65798490741516e-07 0.00378552595850108 0 4.37019574645091e-05 0.0017928232606644 0 0 0 0.992216811672263
  2 22 4 4 100 0 0.000927893222560359 0 2.10868420172767e-06 0.0209354293153602 0 0.00111583275189339 0.00224029277298044 0 0 0 0.974778443253004
  2 22 4 5 100 0 0.000893816497834334 0 4.54008622035358e-06 0.0317423535498713 0 0.00324518253995575 0.00284305129739906 0 0 0 0.961271056028719
  2 23 4 2 100 0 0.0033493761526013 0 6.34527236730557e-10 7.53127546053989e-05 0 0 0.00162915062958289 0 0 0 0.994946159828683
  2 23 4 3 100 0 0.00563923173233923 0 1.94171993447075e-07 0.00372299910412813 0 2.92379103384118e-05 0.00289791559881734 0 0 0 0.987710421482383
  2 23 4 4 100 0 0.0033830582056401 0 1.78426982762101e-06 0.0252157033794197 0 0.00107583195137283 0.00303117534453609 0 0 0 0.967292446849204
  2 23 4 5 100 0 0.00352668022419359 0 4.56563183013615e-06 0.0416838076260451 0 0.00422495439438899 0.00381521939356338 0 0 0 0.946744772729979
  2 24 4 2 100 0 0.00200860389653624 0 4.3443093939148e-09 5.18243562925027e-05 0 0 0.00153839964968469 0 0 0 0.996401167753177
  2 24 4 3 100 0 0.00330232993582203 0 2.13350858105614e-07 0.00257376614208928 0 2.93915317431574e-06 0.00238216028816131 0 0 0 0.991738591129895
  2 24 4 4 100 0 0.0020747898917382 0 6.97248087540359e-07 0.0146584918932423 0 0.000142364830904269 0.00169304182073941 0 0 0 0.981430614315288
  2 24 4 5 100 0 0.00150282251028238 0 2.37402325364077e-06 0.0281681450643356 0 0.000998603349876551 0.00146543917755053 0 0 0 0.967862615874701
  2 25 4 2 100 0 0.00282555175245471 0 1.08777240142283e-09 5.96091898244628e-05 0 0 0.00278468619988097 0 0 0 0.994330151770067
  2 25 4 3 100 0 0.00480092341854874 0 2.21718742006017e-07 0.00361517206009531 0 7.18083687276829e-06 0.00506768286370458 0 0 0 0.986508819102037
  2 25 4 4 100 0 0.00375819737971442 0 5.61124533132059e-07 0.0154970431738543 0 0.000256959755175139 0.00511983050346149 0 0 0 0.975367408063261
  2 25 4 5 100 0 0.00206440196030251 0 1.43725425847812e-06 0.0327945392373091 0 0.00183504114694971 0.00484553919755373 0 0 0 0.958459041203626
  2 26 4 2 100 0 0.00166945902166321 0 1.39218027674486e-09 5.01061210764443e-05 0 0 0.00506143137395128 0 0 0 0.993219002091129
  2 26 4 3 100 0 0.00254794561493208 0 2.02323288260446e-07 0.0055286458652884 0 1.55315469885299e-05 0.00782426538443582 0 0 0 0.984083409265067
  2 26 4 4 100 0 0.00199240433157649 0 5.37406277637592e-07 0.0189075217092665 0 0.000327308519515887 0.00775597318631349 0 0 0 0.97101625484705
  2 26 4 5 100 0 0.00113296392700507 0 1.38828339898308e-06 0.036665694625606 0 0.00179615235955246 0.0072096295294794 0 0 0 0.953194171274958
  2 27 4 2 100 0 0.00470934508960618 0 1.49061842471773e-09 0.000103772069921682 0 0 0.0113371684673859 0 0 0 0.983849712882468
  2 27 4 3 100 0 0.00505599174085939 0 4.40414747877921e-07 0.00867238682691938 0 2.65723312088905e-06 0.0122030687558124 0 0 0 0.97406545502854
  2 27 4 4 100 0 0.00270975358214337 0 1.07756338820782e-06 0.0242219703796323 0 8.95679279385431e-05 0.00844138098911984 0 0 0 0.964536249557778
  2 27 4 5 100 0 0.00146862915579172 0 1.93013787894531e-06 0.0340685380645812 0 0.000656802997484022 0.00642187937052803 0 0 0 0.957382220273736
  2 28 4 1 100 0 0.00498577328064082 0 0 7.61937991627165e-05 0 0 0.000740274895288056 0 0 0 0.994197758024908
  2 28 4 2 100 0 0.00303541134540853 0 2.00363842092668e-09 4.64565248045121e-05 0 0 0.000457146677458313 0 0 0 0.99646098344869
  2 28 4 3 100 0 0.00437885398385618 0 5.21340928977779e-06 0.00628398276807147 0 3.10765863372429e-05 0.0106207307887651 0 0 0 0.97868014246368
  2 28 4 4 100 0 0.00256682075851454 0 8.60682804205313e-06 0.0218445200330631 0 0.00064453022356573 0.00680237977790108 0 0 0 0.968133142378913
  2 28 4 5 100 0 0.00223015943368954 0 1.38365231445311e-05 0.0417783958440902 0 0.00382044022365251 0.00640222397948358 0 0 0 0.94575494399594
  2 29 4 2 100 0 0.00327368591450941 0 0 7.69111417917841e-05 0 0 0.00406207972633778 0 0 0 0.992587323217361
  2 29 4 3 100 0 0.00228542699671222 0 1.11547244225435e-06 0.000897845814850079 0 0 0.00464329295940349 0 0 0 0.992172318756592
  2 29 4 4 100 0 0.00226653538788056 0 1.99126069365044e-05 0.0224846571436114 0 3.83955983706076e-05 0.00682110226256402 0 0 0 0.968369397000637
  2 29 4 5 100 0 0.00202846404886766 0 3.70079764032788e-05 0.0473934314381191 0 0 0.00792786898655242 0 0 0 0.942613227550058
  2 30 4 2 100 0 0.00322238439772765 0 0 0.000105905083500299 0 0 0.0062466527477471 0 0 0 0.990425057771025
  2 30 4 3 100 0 0.00241138963377703 0 1.90471638767685e-07 0.000236352041363086 0 2.93257391165904e-07 0.00453938086484863 0 0 0 0.992812393730981
  2 30 4 4 100 0 0.000973630690261165 0 2.6094672439956e-05 0.0205544578617561 0 0.000368340204364048 0.00278079418552367 0 0 0 0.975296682385655
  2 30 4 5 100 0 0.00123762140158683 0 5.47297629173582e-05 0.040995189080499 0 0.00381616984475409 0.00392680220662426 0 0 0 0.949969487703618
  2 31 4 2 100 0 0.0063576332807028 0 0 0.000216943212198718 0 0 0.00819150867101571 0 0 0 0.985233914836083
  2 31 4 3 100 0 0.00528045103104132 0 1.82885953128152e-08 0.000351471183992125 0 1.86244943588393e-07 0.00674419969079019 0 0 0 0.987623673560637
  2 31 4 4 100 0 0.00308021406978943 0 3.66623327418506e-06 0.00665086619810264 0 0.000101538157338786 0.00435949149195428 0 0 0 0.985804223849541
  2 31 4 5 100 0 0.00203863070263665 0 9.17393243708321e-05 0.0528871758987248 0 0.00501691768360003 0.00555912535093875 0 0 0 0.934406411039729
  2 32 4 2 100 0 0.00120764313751798 0 0 9.23346867882383e-05 0 0 0.00117149348701949 0 0 0 0.997528528688674
  2 32 4 3 100 0 0.00434030442717778 0 1.29191577870159e-09 0.000686247008980364 0 2.74967000075179e-07 0.00398745899154986 0 0 0 0.990985713313376
  2 32 4 4 100 0 0.00443315438869203 0 1.26897688098968e-07 0.00189511212874852 0 2.46124653395705e-05 0.00414361645302616 0 0 0 0.989503377666506
  2 32 4 5 100 0 0.00229804368010088 0 2.64128715878681e-05 0.0423356347086429 0 0.00313757051092265 0.00483346668869637 0 0 0 0.947368871540049
  2 33 4 2 100 0 0.00167468255587454 0 1.21536432519629e-09 6.03328205423497e-05 0 0 0.00216137496553259 0 0 0 0.996103608442686
  2 33 4 3 100 0 0.00446333819350709 0 1.17046428261416e-07 0.00237275631391242 0 2.07273094739047e-06 0.00553117863804693 0 0 0 0.987630537077158
  2 33 4 4 100 0 0.00559092164870807 0 1.52451478014299e-07 0.00339896710232663 0 4.14406574909494e-05 0.00697192461678566 0 0 0 0.983996593523211
  2 33 4 5 100 0 0.00720207641732804 0 2.41561294682235e-07 0.0102350688894883 0 0.00110524130084839 0.00965381726272991 0 0 0 0.971803554568311
  2 34 4 2 100 0 0.00135968268084775 0 5.82683117725481e-10 5.64133046217085e-05 0 0 0.00285868537986217 0 0 0 0.995725218051985
  2 34 4 3 100 0 0.00209130728614915 0 3.68185963529871e-07 0.0102052900275273 0 1.73731472308311e-07 0.00540796104110692 0 0 0 0.982294899727781
  2 34 4 4 100 0 0.00275055735929723 0 4.98758788969949e-07 0.014010874444037 0 5.80147359939089e-06 0.00717987533923752 0 0 0 0.97605239262504
  2 34 4 5 100 0 0.00352491700461189 0 6.68837001087107e-07 0.0212267542683803 0 0 0.00960059340895718 0 0 0 0.96564706648105
  2 35 4 2 100 0 0.0026360969133964 0 2.50493451819975e-09 6.09554014536206e-05 0 0 0.00380909630863494 0 0 0 0.993493848871581
  2 35 4 3 100 0 0.00147443111455012 0 5.78803542354715e-07 0.0125528568559895 0 1.22349947582073e-06 0.00345906481278055 0 0 0 0.982511844913662
  2 35 4 4 100 0 0.0016958614331273 0 8.87181478392617e-07 0.0200537786927673 0 1.85246036932855e-05 0.00458308819864894 0 0 0 0.973647859890285
  2 35 4 5 100 0 0.00216059328598748 0 1.3053589289983e-06 0.0281713367542995 0 0.000287907437232427 0.00608166228077873 0 0 0 0.963297194882773
  2 36 4 2 100 0 0.00245946764713264 0 7.33169098627676e-11 7.21101805862951e-05 0 0 0.00366374983004356 0 0 0 0.993804672268921
  2 36 4 3 100 0 0.00232111475876862 0 4.80050241409917e-07 0.0147765290157023 0 1.83026169185095e-06 0.00367972466074447 0 0 0 0.979220321252851
  2 36 4 4 100 0 0.00226233879662383 0 9.29769604653925e-07 0.0279875791007553 0 2.5520665984359e-05 0.00394660642639457 0 0 0 0.965777025240637
  2 36 4 5 100 0 0.00281422999848802 0 1.48146527335059e-06 0.0398191927967623 0 0.000323301369458323 0.00503826101525425 0 0 0 0.952003533354764
  2 37 4 2 100 0 0.0024902051841492 0 7.63051621746025e-11 5.22354272447824e-05 0 0 0.00372756881608539 0 0 0 0.993729990496215
  2 37 4 3 100 0 0.0023185576360969 0 3.72282131707227e-07 0.00879187337732625 0 6.61976439603407e-07 0.00401827340170454 0 0 0 0.984870261326301
  2 37 4 4 100 0 0.00110088674278419 0 9.34237336028509e-07 0.0226968621175631 0 1.33581087773188e-05 0.00293651547509813 0 0 0 0.973251443318441
  2 37 4 5 100 0 0.00128992742485488 0 1.45676285062365e-06 0.0319657204746573 0 0.0001280929792869 0.00372020837338741 0 0 0 0.962894593984963
  2 38 4 2 100 0 0.00159338320850498 0 4.5884267135986e-09 4.05032935570129e-05 0 0 0.00353963733800214 0 0 0 0.994826471571509
  2 38 4 3 100 0 0.00217333200497396 0 4.78322089072177e-07 0.00646166168154596 0 5.93762315481168e-07 0.00448710862559815 0 0 0 0.986876825603477
  2 38 4 4 100 0 0.00110558036515172 0 1.04775936409261e-06 0.0216957127527403 0 1.18980662148208e-05 0.00320726563992825 0 0 0 0.973978495416601
  2 38 4 5 100 0 0.00118175939684005 0 1.40566873104469e-06 0.0305926480481979 0 8.04367216823946e-05 0.00379618171739814 0 0 0 0.964347568447151
  2 39 4 2 100 0 0.00299179980983756 0 1.08299604333157e-08 6.70735236035796e-05 0 0 0.00540926263241095 0 0 0 0.991531853204187
  2 39 4 3 100 0 0.00353572904674603 0 5.472806517669e-07 0.00526587091064848 0 2.37219866913679e-06 0.00659307661491377 0 0 0 0.984602403948371
  2 39 4 4 100 0 0.0016359782594616 0 1.2989458228509e-06 0.0247442723552647 0 3.34246090004742e-05 0.00504229418807676 0 0 0 0.968542731642374
  2 39 4 5 100 0 0.00147217710432708 0 2.03282560641471e-06 0.0371638874231053 0 0.000114345490565321 0.0058458442346816 0 0 0 0.955401712921714
  2 40 4 2 100 0 0.0042208222489453 0 5.5846616814351e-10 0.000126885597206026 0 0 0.0125824087073641 0 0 0 0.983069882888018
  2 40 4 3 100 0 0.00550498717653291 0 7.07121117696682e-07 0.00566301102112167 0 2.90351036404294e-07 0.0144762024392529 0 0 0 0.974354801890938
  2 40 4 4 100 0 0.00219948883416889 0 3.57503392648982e-06 0.0298552170587377 0 9.40117876160168e-06 0.00941130603309869 0 0 0 0.958521011861307
  2 40 4 5 100 0 0.00150489308447348 0 4.53115777167e-06 0.0363141050048994 0 3.3593431145498e-05 0.00863707956340364 0 0 0 0.953505797758306
  2 41 4 1 100 0 0.00938333391873557 0 0 0.00010890189838849 0 0 0.0052055551400817 0 0 0 0.985302209042794
  2 41 4 2 100 0 0.00468819152104234 0 4.65370754118077e-09 5.45757959536207e-05 0 0 0.00261635530841427 0 0 0 0.992640872720882
  2 41 4 3 100 0 0.00605755786386971 0 4.81854537377247e-06 0.00438347586744996 0 0 0.0152471761026491 0 0 0 0.974306971620657
  2 41 4 4 100 0 0.0028295440424638 0 1.07544109660384e-05 0.022530580429357 0 0 0.0104078047939477 0 0 0 0.964221316323265
  2 41 4 5 100 0 0.00266418943325606 0 1.72808080376323e-05 0.0365713575214556 0 0 0.0122216877939596 0 0 0 0.948525484443291
  2 42 4 2 100 0 0.00376438186234496 0 3.34197614226576e-10 6.50373632508576e-05 0 0 0.00925484435904607 0 0 0 0.98691573608116
  2 42 4 3 100 0 0.00267643679351437 0 1.23188657272982e-06 0.000909378705247991 0 0 0.00617316311558212 0 0 0 0.990239789499083
  2 42 4 4 100 0 0.00235807214065475 0 1.68472562400232e-05 0.0197772713343893 0 0 0.00763235406578346 0 0 0 0.970215455202933
  2 42 4 5 100 0 0.00189196158349979 0 2.60211257099582e-05 0.0336857222238484 0 0 0.00838098080108699 0 0 0 0.956015314265855
  2 43 4 2 100 0 0.00570067143468501 0 0 0.000136698084399757 0 0 0.0141177970361908 0 0 0 0.980044833444724
  2 43 4 3 100 0 0.00429645839458348 0 2.59489179851079e-07 0.00052300701963066 0 4.51662465238398e-06 0.0106478625474279 0 0 0 0.984527895924526
  2 43 4 4 100 0 0.0012468234556037 0 2.15286346382664e-05 0.0193415328683148 0 0.000921982335156962 0.00476975783580558 0 0 0 0.973698374870481
  2 43 4 5 100 0 0.000982503028469475 0 4.1532164715588e-05 0.0303708630225362 0 0.00233246368733194 0.00492771750849411 0 0 0 0.961344920588453
  2 44 4 2 100 0 0.0033733846706371 0 0 0.000153462441719692 0 0 0.0121107474976764 0 0 0 0.984362405389967
  2 44 4 3 100 0 0.00364651106892839 0 1.04197770907224e-07 0.000864787425546173 0 5.76646309442971e-06 0.0125635462734496 0 0 0 0.98291928457121
  2 44 4 4 100 0 0.00198125004907425 0 1.18747989400921e-05 0.0121768109654676 0 0.00071977036363482 0.00840820948875842 0 0 0 0.976702084334125
  2 44 4 5 100 0 0.00112901600429793 0 5.99854792589596e-05 0.0365336539734294 0 0.00365089079805474 0.00851836028625068 0 0 0 0.950108093458708
  2 45 4 2 100 0 0.0010978629820761 0 0 6.63226474423328e-05 0 0 0.00276957551956475 0 0 0 0.996066238850917
  2 45 4 3 100 0 0.00397860214692795 0 6.75700971844921e-09 0.00137284801831798 0 3.47954243836129e-06 0.00921483536523118 0 0 0 0.985430228170075
  2 45 4 4 100 0 0.00429409726470558 0 8.28427419322714e-08 0.00539961029610694 0 0.000210705832811784 0.0106251710146991 0 0 0 0.979470332748935
  2 45 4 5 100 0 0.00174145742118005 0 5.60518100467385e-07 0.0308734620571841 0 0.00273995286847322 0.00901096400579037 0 0 0 0.955633603129272
  2 46 4 2 100 0 0.00450829019159591 0 6.14960872597344e-09 0.000158303491592965 0 0 0.0109880001428604 0 0 0 0.984345400024342
  2 46 4 3 100 0 0.00486105979176583 0 3.82969245700163e-07 0.0059175449162311 0 6.64020920039006e-06 0.01468458298915 0 0 0 0.974529789124407
  2 46 4 4 100 0 0.00524676710386167 0 5.03666164888483e-07 0.010687786235604 0 0.000235629773250973 0.0170884850328241 0 0 0 0.966740828188294
  2 46 4 5 100 0 0.00197208573826238 0 1.06482920054636e-06 0.0432945952251719 0 0.00391813247792731 0.0166152986355186 0 0 0 0.934198823093919
  2 47 4 1 100 0 0.00514787524111391 0 0 9.64151238459767e-05 0 0 0.00537889750986824 0 0 0 0.989376812125172
  2 47 4 2 100 0 0.00255078818686151 0 7.19843142288406e-10 5.03297411798862e-05 0 0 0.00266685779505166 0 0 0 0.994732023557064
  2 47 4 3 100 0 0.00169291187156414 0 3.64732077200795e-06 0.0164993373105833 0 5.36096442021273e-06 0.00964040033261147 0 0 0 0.972158342200049
  2 47 4 4 100 0 0.00204898309213856 0 5.20893712435755e-06 0.024157424982872 0 0.00014838368442346 0.0129783088484904 0 0 0 0.960661690454951
  2 47 4 5 100 0 0.00164435755621401 0 1.01643980833328e-05 0.0441808072717153 0 0.00327883871832588 0.0164108609542751 0 0 0 0.934474971101386
  2 48 4 2 100 0 0.00256593014537852 0 3.5550659362629e-10 6.92677680080529e-05 0 0 0.00668654033047162 0 0 0 0.990678261400635
  2 48 4 3 100 0 0.00104642155485877 0 4.08049837062376e-06 0.00922488937623363 0 1.19843100044692e-06 0.00609426556412682 0 0 0 0.98362914457541
  2 48 4 4 100 0 0.000899069021887311 0 9.09312869665969e-06 0.0205645602769331 0 4.9099663514062e-05 0.00966557928430677 0 0 0 0.968812598624662
  2 48 4 5 100 0 0.00100277368048747 0 1.56007354669423e-05 0.033614871153628 0 0.00151487033003517 0.0132109063873278 0 0 0 0.950640977713055
  2 49 4 2 100 0 0.00487492010777065 0 1.07664704919044e-09 0.000152318185090161 0 0 0.00894325212138652 0 0 0 0.986029508509106
  2 49 4 3 100 0 0.00358533029240399 0 4.45998621856549e-06 0.00671533074537338 0 1.96526831605767e-07 0.00704661899628555 0 0 0 0.982648063452887
  2 49 4 4 100 0 0.00202602374705729 0 1.8371480546735e-05 0.0271425882395328 0 1.38883490943381e-05 0.00619679956447729 0 0 0 0.964602328619292
  2 49 4 5 100 0 0.00286318079174982 0 2.79401820121573e-05 0.0406478937569706 0 0.000399962834908686 0.00881218823632323 0 0 0 0.947248834198036
  2 50 4 2 100 0 0.00211298948106637 0 0 6.12007571938616e-05 0 0 0.00569381765182744 0 0 0 0.992131992109912
  2 50 4 3 100 0 0.00330743351055863 0 2.79451546836407e-07 0.00463392481308289 0 7.07934510174905e-07 0.00888747145421401 0 0 0 0.983170182836087
  2 50 4 4 100 0 0.00129737721765609 0 1.71298632546774e-06 0.0220216273393522 0 2.06714989383366e-05 0.00660267186038409 0 0 0 0.970055939097344
  2 50 4 5 100 0 0.0015252191261201 0 5.14609468890753e-06 0.0336065094858561 0 0.000178479725032247 0.00884865467395203 0 0 0 0.955835990894351
  2 51 4 2 100 0 0.00276808615662967 0 6.74204849785077e-09 5.10728622845424e-05 0 0 0.00693965545730632 0 0 0 0.990241178781731
  2 51 4 3 100 0 0.00405207689100772 0 6.16565385439018e-07 0.00419922217510488 0 3.96886350913254e-06 0.0109417077191964 0 0 0 0.980802407785796
  2 51 4 4 100 0 0.00235680892368412 0 1.11659035008283e-06 0.0171408706330526 0 5.27007611878557e-05 0.0079829123245359 0 0 0 0.972465590767189
  2 51 4 5 100 0 0.00171764030916159 0 1.69494217364987e-06 0.030025403410344 0 0.000284426832369246 0.00769836609888266 0 0 0 0.960272468407069
  2 52 4 2 100 0 0.0026320762517011 0 6.3989329191785e-09 7.19957080533475e-05 0 0 0.0130114201433503 0 0 0 0.984284501497962
  2 52 4 3 100 0 0.0031948008005002 0 8.34816329734522e-07 0.00631701044216595 0 8.11644453425161e-06 0.0159357227107554 0 0 0 0.974543514785715
  2 52 4 4 100 0 0.00208473524306955 0 1.44494650250541e-06 0.0195674743233835 0 8.10410877348605e-05 0.0135293661857649 0 0 0 0.964735938213545
  2 52 4 5 100 0 0.00132141310797462 0 2.37713165202918e-06 0.0345801673010249 0 0.000361898636509038 0.0130216303446912 0 0 0 0.950712513478148
  2 53 4 2 100 0 0.00139216475865868 0 7.70697478708954e-10 6.50758375599532e-05 0 0 0.00930036423993599 0 0 0 0.989242394393148
  2 53 4 3 100 0 0.00111400923342042 0 9.1475537143465e-07 0.0104162551774226 0 7.3267839575449e-07 0.00951212269529223 0 0 0 0.978955965460098
  2 53 4 4 100 0 0.000731843093749333 0 2.80485177336767e-06 0.0203960510114247 0 1.06472786945479e-05 0.00935421644724516 0 0 0 0.969504437317113
  2 53 4 5 100 0 0.000691050852760666 0 5.19539601391906e-06 0.0296939787962769 0 5.87491812571927e-05 0.0111364225924391 0 0 0 0.958414603181252
  2 54 4 2 100 0 0.0020994945044046 0 1.06064910114947e-08 4.45151461387962e-05 0 0 0.0104877711114999 0 0 0 0.987368208631466
  2 54 4 3 100 0 0.00182617469855838 0 6.72596810763338e-07 0.0106564416374497 0 4.32921989937576e-06 0.0102147759248218 0 0 0 0.97729760592246
  2 54 4 4 100 0 0.00110497792818597 0 2.08942504332782e-06 0.0205246055394401 0 4.53383294692426e-05 0.00869080179586736 0 0 0 0.969632186981994
  2 54 4 5 100 0 0.00123730969657594 0 4.21147661079092e-06 0.0286922327497592 0 0.000171149317514501 0.010603514682711 0 0 0 0.959291582076829
  2 55 4 2 100 0 0.00258132290778252 0 3.82165256257711e-09 6.02132247684745e-05 0 0 0.00201188111992796 0 0 0 0.995346578925869
  2 55 4 3 100 0 0.00226411931238753 0 9.91405752385043e-07 0.0113842914674936 0 0.000146029765064217 0.0134518494328396 0 0 0 0.972752718616463
  2 55 4 4 100 0 0.00161538820680344 0 2.79316195307896e-06 0.0241229366980741 0 0.00104369129887263 0.0123023674975523 0 0 0 0.960912823136744
  2 55 4 5 100 0 0.00184008873108586 0 5.24272217496022e-06 0.0347315676745196 0 0.00250633073766089 0.0148215880102957 0 0 0 0.946095182124263
  2 56 4 2 100 0 0.00270615095683039 0 8.11947850043025e-09 5.3663877077642e-05 0 0 0.00496872620467635 0 0 0 0.992271450841937
  2 56 4 3 100 0 0.00304176031430124 0 1.15228639323769e-06 0.0108717483533652 0 0.000166369805497771 0.0163844586319901 0 0 0 0.969534510608453
  2 56 4 4 100 0 0.00129438533219118 0 2.75308173193619e-06 0.023939004877556 0 0.00123212597435411 0.0179539186481134 0 0 0 0.955577812086053
  2 56 4 5 100 0 0.00110585823129317 0 4.53011811544507e-06 0.0319575739813771 0 0.00286429062784745 0.0206555701336725 0 0 0 0.943412176907694
  2 57 4 1 100 0 5.52783884801179e-06 0 0 8.21685402998852e-08 0 0 4.76740696768108e-06 0 0 0 0.999989622585644
  2 57 4 2 100 0 0.0024517602399352 0 9.30967154912089e-09 3.69299260003969e-05 0 0 0.00213187966094587 0 0 0 0.995379420863447
  2 57 4 3 100 0 0.00368984204292866 0 2.69801607186875e-06 0.0113106677729893 0 0.000149595325157035 0.00830846383705394 0 0 0 0.976538733005799
  2 57 4 4 100 0 0.0021046316131873 0 5.39595406918371e-06 0.0261940972340959 0 0.00121943137019555 0.00876543342689302 0 0 0 0.961711010401559
  2 57 4 5 100 0 0.00212769532143938 0 8.67678379262104e-06 0.0341924478173107 0 0.00296127319129659 0.00998872814632367 0 0 0 0.950721178739837
  2 58 4 1 100 0 0.00646705677310447 0 0 8.81087699759193e-05 0 0 0.00740908776531361 0 0 0 0.986035746691606
  2 58 4 2 100 0 0.00330237183514406 0 6.02522048319606e-08 4.61218881675103e-05 0 0 0.00383541755956044 0 0 0 0.992816028464923
  2 58 4 3 100 0 0.00314278167259929 0 5.68325457546132e-06 0.00726794683116842 0 9.10883762239001e-05 0.00723604013903277 0 0 0 0.9822564597264
  2 58 4 4 100 0 0.00135938916722246 0 1.25560355401881e-05 0.0236337748147366 0 0.00109320130006949 0.0081984764145305 0 0 0 0.965702602267901
  2 58 4 5 100 0 0.00149096654660473 0 1.81173873210427e-05 0.0339027082561101 0 0.00303593106699711 0.0103453642260024 0 0 0 0.951206912516965
  2 59 4 2 100 0 0.00394744632224882 0 1.17243375123798e-09 7.24715440038105e-05 0 0 0.00381400183799736 0 0 0 0.992166079123316
  2 59 4 3 100 0 0.0028876370498467 0 1.83385556573672e-06 0.00163429409935202 0 6.92448807074627e-05 0.00353175625726101 0 0 0 0.991875233857267
  2 59 4 4 100 0 0.0012559724978343 0 1.79371360059973e-05 0.0187392551684781 0 0.00146358849204323 0.00658513019037487 0 0 0 0.971938116515264
  2 59 4 5 100 0 0.00148717895901757 0 2.48505781662095e-05 0.027105369574208 0 0.00253551915782555 0.0085874285147552 0 0 0 0.960259653216027
  2 60 4 2 100 0 0.00568677965385532 0 0 0.000149632501328848 0 0 0.0127410346052538 0 0 0 0.981422553239562
  2 60 4 3 100 0 0.00462690922612832 0 1.13047409188353e-06 0.00136719341781723 0 5.02837080161417e-05 0.0102120944632718 0 0 0 0.983742388710675
  2 60 4 4 100 0 0.00134332236193648 0 3.31241787852749e-05 0.026819046785896 0 0.0022226672812294 0.00629595636988852 0 0 0 0.963285883022264
  2 60 4 5 100 0 0.00159539913525665 0 5.61393442363484e-05 0.0418801329588548 0 0.00406568933607152 0.00835475710758379 0 0 0 0.944047882117997
  2 61 4 2 100 0 0.00210281408846572 0 0 7.97977465233471e-05 0 0 0.00444662012901908 0 0 0 0.993370768035992
  2 61 4 3 100 0 0.00423984927155084 0 3.29903509768905e-07 0.00135732464407667 0 3.00083283273615e-05 0.00871080341759471 0 0 0 0.985661684434941
  2 61 4 4 100 0 0.00189830172816925 0 1.31983603141805e-05 0.0159400245128451 0 0.00113977879294653 0.00645209491909803 0 0 0 0.974556601686627
  2 61 4 5 100 0 0.0012128050792775 0 4.00634008997328e-05 0.0337866563701282 0 0.00305751985066147 0.00778533616504137 0 0 0 0.954117619133992
  2 62 4 2 100 0 0.00287415419042483 0 6.58933519861873e-09 6.42971579843019e-05 0 0 0.00575100818025552 0 0 0 0.991310533882
  2 62 4 3 100 0 0.00570180091729984 0 3.2379689597957e-07 0.00205678418973678 0 3.1508918939431e-05 0.0118949128789612 0 0 0 0.980314669298167
  2 62 4 4 100 0 0.00506316863779799 0 5.91623485191309e-07 0.0102555005485635 0 0.000741096326935056 0.0126521817725162 0 0 0 0.971287461090702
  2 62 4 5 100 0 0.00264782772100555 0 1.19436286432862e-06 0.0297200304978403 0 0.00296958182465404 0.0124353542168376 0 0 0 0.952226011376798
  2 63 4 2 100 0 0.00285441383668674 0 2.12085933475597e-09 8.14987159926255e-05 0 0 0.00598289358725816 0 0 0 0.991081191739203
  2 63 4 3 100 0 0.00524568311065874 0 3.41554459580489e-07 0.00566822864456608 0 2.62394577699479e-05 0.0116236092121709 0 0 0 0.977435898020375
  2 63 4 4 100 0 0.00497766957751111 0 5.69572029254544e-07 0.0137172673673956 0 0.000527485541564365 0.0121443607533963 0 0 0 0.968632647188103
  2 63 4 5 100 0 0.00188081376634678 0 1.149777706756e-06 0.0351815322134008 0 0.00266848733198407 0.00839483481408325 0 0 0 0.951873182096478
  2 64 4 2 100 0 0.00197512580248146 0 2.10556678522945e-09 4.90157512243442e-05 0 0 0.00749094600605272 0 0 0 0.990484910334675
  2 64 4 3 100 0 0.00152807276661239 0 5.75146871144741e-07 0.0117031351759803 0 2.18696023315019e-05 0.00850775061967663 0 0 0 0.978238596688528
  2 64 4 4 100 0 0.00150312963446543 0 1.07886232529528e-06 0.0191706504091646 0 0.000395248922837561 0.0098823788076984 0 0 0 0.969047513363509
  2 64 4 5 100 0 0.00105830500348173 0 2.58420247446806e-06 0.0298812620206135 0 0.00225890249530913 0.0095265912851114 0 0 0 0.95727235499301
  2 65 4 2 100 0 0.00199794896259085 0 2.83339869750042e-09 4.471740473698e-05 0 0 0.0097404945264839 0 0 0 0.98821683627279
  2 65 4 3 100 0 0.00118989470018369 0 5.62236388576119e-07 0.0129222735683234 0 2.18877512953693e-05 0.00886840583098249 0 0 0 0.976996975912827
  2 65 4 4 100 0 0.000998892131206956 0 1.05325472209962e-06 0.0208422787666245 0 0.000336842127215512 0.00985105307960504 0 0 0 0.967969880640626
  2 65 4 5 100 0 0.000940758420999915 0 2.49974723821412e-06 0.0303397496726092 0 0.00196223930026338 0.0108124333591283 0 0 0 0.955942319499761
  2 66 4 2 100 0 0.00227243731810711 0 8.63807511496404e-09 4.95446436631177e-05 0 0 0.0125783221410532 0 0 0 0.985099687259101
  2 66 4 3 100 0 0.00180754726276724 0 8.37467455844312e-07 0.0135606864127762 0 2.76263979804375e-05 0.0114154069549144 0 0 0 0.973187895504106
  2 66 4 4 100 0 0.00187696244708407 0 1.62390119344134e-06 0.0246020948654284 0 0.000375881587276825 0.0132332097756792 0 0 0 0.959910227423338
  2 66 4 5 100 0 0.00244123695473415 0 4.30948222248452e-06 0.0402349910680698 0 0.00260305442308547 0.0173067370700296 0 0 0 0.937409671001858
  2 67 4 2 100 0 0.00332282096665556 0 1.51738761218508e-10 6.31729441353848e-05 0 0 0.0151131049576781 0 0 0 0.981500900979792
  2 67 4 3 100 0 0.00199109588917007 0 5.75435651232741e-07 0.00887472970425304 0 1.252948109313e-05 0.0119073207894434 0 0 0 0.977213748700389
  2 67 4 4 100 0 0.000888355341003537 0 1.3017501396969e-06 0.019650060788872 0 0.000145595644953713 0.0110690547387175 0 0 0 0.968245631736314
  2 67 4 5 100 0 0.000976435509302377 0 2.95383953004239e-06 0.029433254467819 0 0.00115000342216454 0.0140406933079366 0 0 0 0.954396659453247
  2 68 4 2 100 0 0.00240085613703619 0 1.88785827526976e-10 4.94608259782987e-05 0 0 0.00365620738471006 0 0 0 0.99389347546349
  2 68 4 3 100 0 0.00278858859768763 0 4.8144132979111e-07 0.00790027237012799 0 1.84518580648948e-05 0.00842981501554871 0 0 0 0.980862390717241
  2 68 4 4 100 0 0.00176112050575632 0 1.39641423888662e-06 0.021344045117919 0 0.000182438222679452 0.0118027455036719 0 0 0 0.964908254235734
  2 68 4 5 100 0 0.00216229559716843 0 2.84450861845256e-06 0.0304513667475604 0 0.00105336779001158 0.0156148649145206 0 0 0 0.950715260442121
  2 69 4 2 100 0 0.00220545564083793 0 1.14685611190914e-08 6.53684674752448e-05 0 0 0.00200982972874371 0 0 0 0.995719334694382
  2 69 4 3 100 0 0.00233709023629848 0 7.71815101651691e-07 0.0073762890809459 0 9.81742295142781e-06 0.00473684463520468 0 0 0 0.985539186809498
  2 69 4 4 100 0 0.000980591084343379 0 1.74297158130673e-06 0.0237843385183411 0 0.000122862934173769 0.00533330820957594 0 0 0 0.969777156281985
  2 69 4 5 100 0 0.00110183690133461 0 3.00437341372073e-06 0.0344567446457768 0 0.000662788791782684 0.00705661248524203 0 0 0 0.95671901280245
  2 70 4 2 100 0 0.00249688009513431 0 3.22295672147703e-10 5.3522977719089e-05 0 0 0.0042805053887055 0 0 0 0.993169091216145
  2 70 4 3 100 0 0.0027516769735004 0 5.89013640366295e-07 0.00476006489767698 0 3.25800590249995e-06 0.00487446152062272 0 0 0 0.987609949588657
  2 70 4 4 100 0 0.0013074968873398 0 2.46141986330778e-06 0.0187976480382547 0 5.35060758781114e-05 0.00566861078499041 0 0 0 0.974170276793674
  2 70 4 5 100 0 0.0013778128967077 0 3.91653596570075e-06 0.0279354558119996 0 0.000266799122978115 0.00752132669302345 0 0 0 0.962894688939325
  2 71 4 2 100 0 0.00254268239477884 0 2.77438327192869e-10 6.14213515968411e-05 0 0 0.00348442854300348 0 0 0 0.993911467433182
  2 71 4 3 100 0 0.00346957355116438 0 5.52153912881227e-07 0.00482056116884252 0 0.000233914005239066 0.00527393554938389 0 0 0 0.986201463571457
  2 71 4 4 100 0 0.00128918582971312 0 2.73207304506909e-06 0.0196711344678623 0 0.00173334660535836 0.00567953260842126 0 0 0 0.9716240684156
  2 71 4 5 100 0 0.00113617888072126 0 4.25813792935902e-06 0.0290626978587849 0 0.00291103330230344 0.0073493372599331 0 0 0 0.959536494560328
  2 72 4 2 100 0 0.0029592873037404 0 3.47384729802955e-09 5.6756339337493e-05 0 0 0.00347161517227819 0 0 0 0.993512337710797
  2 72 4 3 100 0 0.00413557928038527 0 5.86789109973273e-07 0.00618446000788653 0 0.000228043570289073 0.00640400702185825 0 0 0 0.983047323330471
  2 72 4 4 100 0 0.00248479112197962 0 2.60028390380045e-06 0.0227119723095703 0 0.00203708944228739 0.00668368151374724 0 0 0 0.966079865328512
  2 72 4 5 100 0 0.00275784347753881 0 4.25803369078902e-06 0.033231067872826 0 0.00356173887059827 0.00846674059294962 0 0 0 0.951978351152397
  2 73 4 2 100 0 0.00180106002015652 0 2.15891977704583e-09 4.80449356857849e-05 0 0 0.00327604532288193 0 0 0 0.994874847562356
  2 73 4 3 100 0 0.00218889244275602 0 4.52684812132033e-07 0.00476660002060812 0 0.000104409998426696 0.00535146336116641 0 0 0 0.987588181492231
  2 73 4 4 100 0 0.00105143361637443 0 1.76336687410998e-06 0.0173357625904557 0 0.00121204129059868 0.00568461355670961 0 0 0 0.974714385578987
  2 73 4 5 100 0 0.000868614452045408 0 2.99319676201643e-06 0.0264486798777544 0 0.00239772921003833 0.00702051313984645 0 0 0 0.963261470123553
  2 74 4 2 100 0 0.00368650364998617 0 1.50013143020028e-10 6.44892232287733e-05 0 0 0.00838794024277209 0 0 0 0.987861066734
  2 74 4 3 100 0 0.00472801610611367 0 4.3715450304223e-07 0.00636951875464689 0 0.000122491354202184 0.0119558587452727 0 0 0 0.976823677885262
  2 74 4 4 100 0 0.00263159326135211 0 2.24549224790061e-06 0.0244938769374744 0 0.00164886309783617 0.00985942724007498 0 0 0 0.961363993971014
  2 74 4 5 100 0 0.00234206632361702 0 4.01625418270329e-06 0.0373461561580326 0 0.0033347386258524 0.0108472225590934 0 0 0 0.946125800079222
  2 75 4 2 100 0 0.00325928307871038 0 1.06528959472434e-08 5.44758831172334e-05 0 0 0.0120009178316668 0 0 0 0.98468531255361
  2 75 4 3 100 0 0.0035046050062324 0 5.41927578190054e-07 0.00548878303874464 0 6.38805523285374e-05 0.013237132243921 0 0 0 0.977705057231195
  2 75 4 4 100 0 0.00156937607945531 0 2.2090378127331e-06 0.0206061434348048 0 0.00104151874961198 0.00979297881393757 0 0 0 0.966987773884378
  2 75 4 5 100 0 0.00131560088037697 0 4.36204588181548e-06 0.0309979157698683 0 0.00228974752751481 0.0107182320940543 0 0 0 0.954674141682304
  2 76 4 2 100 0 0.00197118524515714 0 2.30595716782741e-10 4.84698876828269e-05 0 0 0.0130600857499541 0 0 0 0.98492025888661
  2 76 4 3 100 0 0.00246242754981662 0 3.65977639293061e-07 0.00510612900432311 0 3.90242416948897e-05 0.0173277482423142 0 0 0 0.975064304984212
  2 76 4 4 100 0 0.00101231125526077 0 1.63264467914445e-06 0.021334254319901 0 0.000890234770106931 0.011987853197381 0 0 0 0.964773713812671
  2 76 4 5 100 0 0.000780040994027837 0 3.04451280216369e-06 0.0320910441152009 0 0.002212576040263 0.0125201321323492 0 0 0 0.952393162205357
  2 77 4 2 100 0 0.00230247565333007 0 1.12989749421671e-08 4.88443901575449e-05 0 0 0.0166818408364001 0 0 0 0.980966827821137
  2 77 4 3 100 0 0.00321165568081913 0 5.05318844523214e-07 0.00540636071989986 0 2.71546464613783e-05 0.0213559952848497 0 0 0 0.969998328349125
  2 77 4 4 100 0 0.00157081859451607 0 2.08220346232535e-06 0.026197223732626 0 0.000790498084897271 0.0149339853584887 0 0 0 0.95650539202601
  2 77 4 5 100 0 0.00117486391678936 0 4.84099041010826e-06 0.0438120853160416 0 0.00246973986058555 0.0149508100478749 0 0 0 0.937587659868299
  2 78 4 2 100 0 0.00203055353137831 0 2.78292471469374e-09 5.36612612858718e-05 0 0 0.0197023350015015 0 0 0 0.97821344742291
  2 78 4 3 100 0 0.0027542835515513 0 3.00118278012547e-07 0.00440411730969387 0 4.75653655622399e-06 0.0245639723273652 0 0 0 0.968272570156555
  2 78 4 4 100 0 0.00146077173656109 0 1.0582686381033e-06 0.0189984799674132 0 0.000190390078012586 0.0172036131919241 0 0 0 0.962145686757451
  2 78 4 5 100 0 0.000953338125923271 0 3.09895660524178e-06 0.0337168393050973 0 0.00127925280101594 0.0158385954134476 0 0 0 0.948208875397911
  2 79 4 2 100 0 0.00229007478087363 0 5.85477198239313e-09 5.52368057741371e-05 0 0 0.0224815306324356 0 0 0 0.975173151926145
  2 79 4 3 100 0 0.00266455413745044 0 4.35624770940042e-07 0.00480905350110675 0 9.79942656754792e-06 0.0264906955720583 0 0 0 0.966025461738046
  2 79 4 4 100 0 0.0015901190870162 0 1.09495643224771e-06 0.0193235794689125 0 0.00020463731084282 0.0191827615303 0 0 0 0.959697807646496
  2 79 4 5 100 0 0.00113313819258844 0 2.27751929913406e-06 0.0323657618109135 0 0.00103979336915011 0.0170464596299146 0 0 0 0.948412569478134
  2 80 4 2 100 0 0.00258940132655924 0 1.22539800327408e-08 5.76332493102889e-05 0 0 0.00397735161985942 0 0 0 0.993375601550291
  2 80 4 3 100 0 0.00298278122418657 0 5.91635391581693e-07 0.00488304199663786 0 4.09987568257645e-05 0.0198162715066684 0 0 0 0.97227631488029
  2 80 4 4 100 0 0.00170159249604918 0 1.58765445937522e-06 0.0215002237170021 0 0.00066224826647265 0.0181696088714082 0 0 0 0.957964738994608
  2 80 4 5 100 0 0.00119495486242181 0 3.33270852378201e-06 0.035814649654713 0 0.00227904950718728 0.0189669269245753 0 0 0 0.941741086342579
  2 81 4 2 100 0 0.00135891883454222 0 1.18661069204319e-10 4.74011731214487e-05 0 0 0.00731190972745384 0 0 0 0.991281770146221
  2 81 4 3 100 0 0.00303973965125961 0 3.6037985296963e-07 0.00512294541229715 0 6.30913449892463e-06 0.0145592850500496 0 0 0 0.977271360372042
  2 81 4 4 100 0 0.00154043340499624 0 1.81250402427648e-06 0.0226987886628624 0 0.000189863204507091 0.0138308463675598 0 0 0 0.96173825585605
  2 81 4 5 100 0 0.00105048994754271 0 3.56882104161814e-06 0.0333182404312838 0 0.000924753096186499 0.014607369469241 0 0 0 0.950095578234704
  1 1 5 1 100 0 9.34344193080507e-05 0 0 0 0 0 0 0 0 0 0.999906565580692
  1 1 5 2 100 0 0.0018651365828121 0 3.94877271114474e-09 0 0 0 0.000263432543339021 4.15134405327174e-05 0 0 0.997829913484543
  1 1 5 3 100 0 0.00307523064535445 0 4.17984071738639e-05 0 0 0 0.00630041440711743 0.000111377618738376 0 0 0.990471178921616
  1 1 5 4 100 0 0.00210590667154563 0 6.01358481877483e-05 0 0 0 0.00835928444898691 7.36765885716694e-05 0 0 0.989400996442708
  1 1 5 5 100 0 0.000294523709891913 0 8.55601000750808e-06 0 0 0 0.00120066519013605 1.03865748089827e-05 0 0 0.998485868515156
  1 2 5 1 100 0 7.35090528657378e-05 0 0 0 0 0 0 0 0 0 0.999926490947134
  1 2 5 2 100 0 0.00154646443492423 0 1.21260947656976e-07 0 0 7.11476793474829e-08 0.000211519584870689 3.46808990791522e-05 0 0 0.998207142672499
  1 2 5 3 100 0 0.0024643455677044 0 0.000122175873125692 0 0 0.000907241801358502 0.00568960031835694 9.44121376935305e-05 0 0 0.990722224301761
  1 2 5 4 100 0 0.00164789871823834 0 0.000139795345647195 0 0 0.00132527709406446 0.00762777165593436 6.26868200833807e-05 0 0 0.989196570366032
  1 2 5 5 100 0 0.000254188489230155 0 2.14883068876561e-05 0 0 0.000218821596834654 0.00123357920783978 9.56015918653409e-06 0 0 0.998262362240021
  1 3 5 1 100 0 6.41644093783134e-05 0 0 0 0 0 0 0 0 0 0.999935835590622
  1 3 5 2 100 0 0.00128812497894941 0 2.36508451341781e-08 0 0 7.38394390440701e-08 0.000210667560178977 3.78177621430086e-05 0 0 0.998463292208444
  1 3 5 3 100 0 0.00201926393151429 0 0.000254668869637018 0 0 0.000916349262464618 0.0053498770145062 9.76838122366694e-05 0 0 0.991362157109641
  1 3 5 4 100 0 0.00134230098897325 0 0.000362775393974947 0 0 0.00133137999503083 0.00686193971036477 6.39579877158281e-05 0 0 0.99003764592394
  1 3 5 5 100 0 0.00023161469437392 0 6.71391852435893e-05 0 0 0.000247558609307203 0.0012664533466132 1.09448576857128e-05 0 0 0.998176289306776
  1 4 5 1 100 0 7.4831663646851e-05 0 0 0 0 0 0 0 0 0 0.999925168336353
  1 4 5 2 100 0 0.00141520292996431 0 0 0 0 1.41351972099965e-07 5.82542355593531e-05 3.9786505946271e-05 0 0 0.998486614976558
  1 4 5 3 100 0 0.0022394369746311 0 0 0 0 0.000931927213161522 0.0046678869881628 0.000105809746274799 0 0 0.99205493907777
  1 4 5 4 100 0 0.00147788270385249 0 0 0 0 0.00132407653362653 0.00599730150720255 6.76667759239112e-05 0 0 0.991133072479395
  1 4 5 5 100 0 0.000241748241244693 0 0 0 0 0.000233652433236284 0.00104934634700751 1.09337840812423e-05 0 0 0.99846431919443
  1 5 5 1 100 0 6.75696704854256e-05 0 0 0 0 0 0 0 0 0 0.999932430329515
  1 5 5 2 100 0 0.00155245174707341 0 0 0 0 8.67029132111439e-08 9.58961803208079e-05 4.38026305745522e-05 0 0 0.998307762739118
  1 5 5 3 100 0 0.0025570567824189 0 0 0 0 0.0010897911226722 0.00446225490721556 0.000114797404228812 0 0 0.991776099783464
  1 5 5 4 100 0 0.00171902874853145 0 0 0 0 0.00156162063227234 0.00588734062757254 7.53043409925073e-05 0 0 0.990756705650631
  1 5 5 5 100 0 0.000279067483973034 0 0 0 0 0.000272510176813379 0.00101851427512348 1.20455688285898e-05 0 0 0.998417862495262
  1 6 5 1 100 0 5.8762715293967e-05 0 0 0 0 0 3.63718795008306e-07 0 0 0 0.999940873565911
  1 6 5 2 100 0 0.00119332432465128 0 0 0 0 7.61213863178539e-08 0.000245789662985251 4.36663513016254e-05 0 0 0.998517143539676
  1 6 5 3 100 0 0.00193964144215588 0 0 0 0 0.00096649475547465 0.00354158790254958 0.00011678470028059 0 0 0.993435491199539
  1 6 5 4 100 0 0.00130780971890417 0 0 0 0 0.00136901599398755 0.00456104257028769 7.8142300442828e-05 0 0 0.992683989416378
  1 6 5 5 100 0 0.000225793318664533 0 0 0 0 0.000253197079227807 0.000830738211814279 1.34674103678739e-05 0 0 0.998676803979926
  1 7 5 1 100 0 9.41368591586691e-05 0 0 0 0 0 0 0 0 0 0.999905863140841
  1 7 5 2 100 0 0.00173868697976499 0 0 0 0 6.91363127514842e-08 0.000594630012928194 4.16557569357009e-05 0 0 0.997624958114058
  1 7 5 3 100 0 0.00281091257759042 0 0 0 0 0.000886331093919296 0.00315505219680272 0.000107962947114286 0 0 0.993039741184573
  1 7 5 4 100 0 0.00186434764182349 0 0 0 0 0.00124180047259875 0.00344812746912991 7.04720376366808e-05 0 0 0.993375252378811
  1 7 5 5 100 0 0.000327060735009465 0 0 0 0 0.000233166338916952 0.000636223117868075 1.23103659584372e-05 0 0 0.998791239442247
  1 8 5 1 100 0 0.000175773993310106 0 0 0 0 0 0 0 0 0 0.99982422600669
  1 8 5 2 100 0 0.00313971249455244 0 0 0 0 6.67306754062251e-08 0.00115153527673738 4.26411433358997e-05 0 0 0.995666044354699
  1 8 5 3 100 0 0.00498186381064251 0 0 0 0 0.000613643162378289 0.00564112990258986 0.000108363769329197 0 0 0.98865499935506
  1 8 5 4 100 0 0.00331235047543867 0 0 0 0 0.000788576406591527 0.00552384422828655 7.09671319661812e-05 0 0 0.990304261757717
  1 8 5 5 100 0 0.000606027599139202 0 0 0 0 0.000123136507315464 0.000972150415898347 1.29341800974025e-05 0 0 0.99828575129755
  1 9 5 1 100 0 1.59290409461451e-06 0 0 0 0 0 0 0 0 0 0.999998407095905
  1 9 5 2 100 0 0.000892606550594919 0 0 0 0 8.86548936561063e-08 0.000508793997239431 4.60838885796968e-05 0 0 0.998552426908692
  1 9 5 3 100 0 0.00159744569909953 0 0 0 0 0.000822269672770284 0.00579554866876794 0.000121203605010282 0 0 0.991663532354352
  1 9 5 4 100 0 0.00110458088986399 0 0 0 0 0.0010773715911203 0.00573684758566264 8.16314699880339e-05 0 0 0.991999568463365
  1 9 5 5 100 0 0.000186995932240564 0 0 0 0 0.000164359463002159 0.000968986015426776 1.39411583617381e-05 0 0 0.998665717430969
  1 10 5 1 100 0 0.000111201267531247 0 0 0 0 0 0 0 0 0 0.999888798732469
  1 10 5 2 100 0 0.00192598896251945 0 0 0 0 7.49690603544291e-08 0.00011835630789353 4.04877755416075e-05 0 0 0.997915091984985
  1 10 5 3 100 0 0.00311170383061296 0 0 0 0 0.000702669556317726 0.00586919698040418 0.000111543214101313 0 0 0.990204886418564
  1 10 5 4 100 0 0.00209592935516489 0 0 0 0 0.000908005821458346 0.00637196792806702 7.49797218589782e-05 0 0 0.990549117173451
  1 10 5 5 100 0 0.000361156381860499 0 0 0 0 0.000130707247486161 0.00106603760643035 1.2978443708234e-05 0 0 0.998429120320515
  1 11 5 1 100 0 8.81069975699359e-05 0 0 0 0 0 0 0 0 0 0.99991189300243
  1 11 5 2 100 0 0.00183864052549208 0 0 0 0 0 5.64336635448283e-05 4.00787473029181e-05 0 0 0.99806484706366
  1 11 5 3 100 0 0.0029907741257591 0 0 0 0 0 0.0046439505899823 0.000113457856416197 0 0 0.992251817427842
  1 11 5 4 100 0 0.00203637739136849 0 0 0 0 0 0.00593350680685737 7.55799341926892e-05 0 0 0.991954535867581
  1 11 5 5 100 0 0.000345257744722313 0 0 0 0 0 0.00105041564981472 1.2902266788317e-05 0 0 0.998591424338675
  1 12 5 1 100 0 0.000121370061454635 0 0 0 0 0 0 0 0 0 0.999878629938545
  1 12 5 2 100 0 0.00250605657333075 0 4.58661117079802e-05 0 0 8.71286150813067e-08 5.21413372726885e-05 4.41790591283752e-05 0 0 0.997351669789945
  1 12 5 3 100 0 0.00413108818125899 0 0.000167209674114897 0 0 0.00111412174806464 0.0066192120951931 0.000122119655543061 0 0 0.987846248645825
  1 12 5 4 100 0 0.00281007764760503 0 0.000130012378676095 0 0 0.00156224043447886 0.00901912811187894 8.27730969921574e-05 0 0 0.986395768330369
  1 12 5 5 100 0 0.00048231569751405 0 2.13296895155547e-05 0 0 0.000284121940999343 0.00162579930356686 1.45806925389513e-05 0 0 0.997571852675865
  1 13 5 1 100 0 4.07425890913e-05 0 0 0 0 0 0 0 0 0 0.999959257410909
  1 13 5 2 100 0 0.00112862088199592 0 0 0 0 7.72447073505412e-08 0.000105196263922996 4.81243805513752e-05 0 0 0.998717981228822
  1 13 5 3 100 0 0.00185779996409909 0 0 0 0 0.00101230357961939 0.00571043447974497 0.000127050248545323 0 0 0.991292411727991
  1 13 5 4 100 0 0.001234348031042 0 0 0 0 0.00140205516885712 0.00766438008624297 8.42491840240162e-05 0 0 0.989614967529834
  1 13 5 5 100 0 0.000207416833229081 0 0 0 0 0.000249998246089899 0.0013562762540306 1.44045962111639e-05 0 0 0.998171904070439
  1 14 5 1 100 0 6.8489698935473e-05 0 0 0 0 0 0 0 0 0 0.999931510301065
  1 14 5 2 100 0 0.00134887697547174 0 0 0 0 1.71513002887393e-06 0.00010835022511227 5.01127231340251e-05 0 0 0.998490944946253
  1 14 5 3 100 0 0.00221795930122083 0 0 0 0 0.00154024401675466 0.00449119996252844 0.000134844652889827 0 0 0.991615752066606
  1 14 5 4 100 0 0.00151173648526196 0 0 0 0 0.00163044999294324 0.00610579446133911 9.21891066835801e-05 0 0 0.990659829953772
  1 14 5 5 100 0 0.000257139416291111 0 0 0 0 0.000275188989519022 0.0011048387106333 1.59292802028037e-05 0 0 0.998346903603354
  1 15 5 1 100 0 6.81499843340446e-05 0 0 0 0 0 0 0 0 0 0.999931850015666
  1 15 5 2 100 0 0.00134084899122467 0 0 0 0 8.00631892146006e-08 0.000125954860170953 5.29812806510066e-05 0 0 0.998480134804764
  1 15 5 3 100 0 0.00216425261337802 0 0 0 0 0.0010227167510991 0.00380085505953052 0.000139175544875188 0 0 0.992873000031117
  1 15 5 4 100 0 0.00145263207681706 0 0 0 0 0.00140494416560325 0.00482827473057271 9.34436233588942e-05 0 0 0.992220705403648
  1 15 5 5 100 0 0.000235165026350623 0 0 0 0 0.000240894550852218 0.000794740516507822 1.52916293428126e-05 0 0 0.998713908276947
  1 16 5 1 100 0 9.8802281337357e-05 0 0 0 0 0 0 0 0 0 0.999901197718663
  1 16 5 2 100 0 0.00195489435267862 0 0 0 0 7.98118660491184e-08 0.000195039408576061 4.87064268228213e-05 0 0 0.997801280000056
  1 16 5 3 100 0 0.00318882903058888 0 0 0 0 0.00101560130584246 0.00208274533999619 0.000130191968654276 0 0 0.993582632354918
  1 16 5 4 100 0 0.00215349303806699 0 0 0 0 0.00142274247337894 0.00230161508067819 8.7817792039704e-05 0 0 0.994034331615836
  1 16 5 5 100 0 0.000357468648405663 0 0 0 0 0.00025071600877833 0.000337503436211951 1.47178524922473e-05 0 0 0.999039594054112
  1 17 5 1 100 0 2.93793316080592e-05 0 0 0 0 0 0 0 0 0 0.999970620668392
  1 17 5 2 100 0 0.000795614167037631 0 0 0 0 7.71130516894355e-08 0.000108114316175049 4.80018929190555e-05 0 0 0.999048192510817
  1 17 5 3 100 0 0.00131039370492187 0 0 0 0 0.000969361725014853 0.0019898138024974 0.000124912284224924 0 0 0.995605518483341
  1 17 5 4 100 0 0.000873002016998574 0 0 0 0 0.00133042174497311 0.00218667489359495 8.33480410894165e-05 0 0 0.995526553303344
  1 17 5 5 100 0 0.000145742018706081 0 0 0 0 0.00023508143026697 0.000334148583946526 1.40256474047363e-05 0 0 0.999271002319676
  1 18 5 1 100 0 0.000107192737135227 0 0 0 0 0 0 0 0 0 0.999892807262865
  1 18 5 2 100 0 0.00191942732121969 0 0 0 0 0 8.2382879049288e-05 4.53203464265249e-05 0 0 0.997952869453305
  1 18 5 3 100 0 0.00320399178655758 0 0 0 0 0 0.00134300996362733 0.000124041151131585 0 0 0.995328957098684
  1 18 5 4 100 0 0.00218438729301398 0 0 0 0 0 0.00141203840088379 8.34353668205162e-05 0 0 0.996320138939282
  1 18 5 5 100 0 0.000352392350371938 0 0 0 0 0 0.000224725281031112 1.36036405304382e-05 0 0 0.999409278728067
  1 19 5 1 100 0 6.74151944974387e-05 0 0 0 0 0 0 0 0 0 0.999932584805503
  1 19 5 2 100 0 0.00142209806962477 0 0 0 0 0 6.1190671798592e-05 3.76241438342359e-05 0 0 0.998479087114742
  1 19 5 3 100 0 0.00232606033411124 0 0 0 0 0 0.00122695371261314 0.000103700765491107 0 0 0.996343285187784
  1 19 5 4 100 0 0.00158389942692576 0 0 0 0 0 0.00128828963324455 7.00388382720198e-05 0 0 0.997057772101558
  1 19 5 5 100 0 0.000258768075892903 0 0 0 0 0 0.000211594754847565 1.15694455987968e-05 0 0 0.999518067723661
  1 20 5 1 100 0 6.81476017158649e-05 0 0 0 0 0 0 0 0 0 0.999931852398284
  1 20 5 2 100 0 0.00148606805357364 0 0 0 0 0 1.80392365084607e-05 4.17864937483964e-05 0 0 0.998454106216169
  1 20 5 3 100 0 0.00257503702733727 0 0 0 0 0 0.000871056292643711 0.000117035370425248 0 0 0.996436871309594
  1 20 5 4 100 0 0.0018130799151536 0 0 0 0 0 0.00108972874856243 7.98240823364763e-05 0 0 0.997017367253948
  1 20 5 5 100 0 0.000285520444446927 0 0 0 0 0 0.000180214607479933 1.26950015881249e-05 0 0 0.999521569946485
  1 21 5 1 100 0 6.59400270578536e-05 0 0 0 0 0 4.22780301713257e-08 0 0 0 0.999934017694912
  1 21 5 2 100 0 0.00133046722783824 0 0 0 0 6.95790872708782e-08 1.79362645233899e-05 4.7482894950238e-05 0 0 0.998604044033601
  1 21 5 3 100 0 0.00218529600214422 0 0 0 0 0.000647656071255302 0.000790340079763046 0.000123616989612561 0 0 0.996253090857225
  1 21 5 4 100 0 0.00146746344119239 0 0 0 0 0.000835292927006956 0.0010077029481208 8.20438164938849e-05 0 0 0.996607496867186
  1 21 5 5 100 0 0.00022140512413574 0 0 0 0 0.000104842900057976 0.000158806360126753 1.25133780222641e-05 0 0 0.999502432237657
  1 22 5 1 100 0 9.42391988264429e-05 0 0 0 0 0 5.75299252492821e-06 0 0 0 0.999900007808649
  1 22 5 2 100 0 0.00195392701261386 0 0 0 0 0 8.75817713586671e-05 4.77826026356583e-05 0 0 0.997910708613392
  1 22 5 3 100 0 0.00331990207501688 0 0 0 0 0 0.000670352003650401 0.000123861259264163 0 0 0.995885884662069
  1 22 5 4 100 0 0.00233397962079937 0 0 0 0 0 0.000835555816513898 8.63458261881633e-05 0 0 0.996744118736499
  1 22 5 5 100 0 0.00039326574622476 0 0 0 0 0 0.000148127516244704 1.48545423420173e-05 0 0 0.999443752195189
  1 23 5 1 100 0 9.4367611225715e-05 0 0 0 0 0 5.08143136207965e-07 0 0 0 0.999905124245638
  1 23 5 2 100 0 0.00171298011877863 0 0 0 0 0 0.000217890091307275 4.23024948524492e-05 0 0 0.998026827295062
  1 23 5 3 100 0 0.0027548634850475 0 0 0 0 0 0.000656358166359247 0.000107401838769155 0 0 0.996481376509824
  1 23 5 4 100 0 0.00187351608173498 0 0 0 0 0 0.000635793165060968 7.22619458110772e-05 0 0 0.997418428807393
  1 23 5 5 100 0 0.000279850281322824 0 0 0 0 0 9.92591423038516e-05 1.09215572245617e-05 0 0 0.999609969019149
  1 24 5 1 100 0 0.000144872437341479 0 0 0 0 0 0 0 0 0 0.999855127562658
  1 24 5 2 100 0 0.00286355630906154 0 0 0 0 0 0.000500605141759794 4.75350000606131e-05 0 0 0.996588303549118
  1 24 5 3 100 0 0.00478840701046395 0 0 0 0 0 0.00142003218282737 0.00012296964351356 0 0 0.993668591163195
  1 24 5 4 100 0 0.00332659052895171 0 0 0 0 0 0.00112669878963081 8.48043632819834e-05 0 0 0.995461906318135
  1 24 5 5 100 0 0.000575980895775135 0 0 0 0 0 0.000198471881341105 1.47825109433162e-05 0 0 0.99921076471194
  1 25 5 1 100 0 5.82845386424678e-05 0 0 0 0 0 0 0 0 0 0.999941715461358
  1 25 5 2 100 0 0.00146063733542242 0 0 0 0 0 0.000620307015290196 4.5874901588705e-05 0 0 0.997873180747699
  1 25 5 3 100 0 0.00248276631666508 0 0 0 0 0 0.00218034279773057 0.000120226176261667 0 0 0.995216664709343
  1 25 5 4 100 0 0.00170953986531736 0 0 0 0 0 0.00166676530105114 8.28123985387557e-05 0 0 0.996540882435093
  1 25 5 5 100 0 0.000292323677145538 0 0 0 0 0 0.000286681514355599 1.42633469754107e-05 0 0 0.999406731461523
  1 26 5 1 100 0 9.51990986184348e-05 0 0 0 0 0 0 0 0 0 0.999904800901382
  1 26 5 2 100 0 0.001781077233044 0 0 0 0 0 0.000310942328224825 4.55737407961542e-05 0 0 0.997862406697935
  1 26 5 3 100 0 0.00291726328810205 0 0 0 0 0 0.00216849690158958 0.000116589737662074 0 0 0.994797650072646
  1 26 5 4 100 0 0.00202099870400221 0 0 0 0 0 0.00214538039590054 8.08372130104941e-05 0 0 0.995752783687087
  1 26 5 5 100 0 0.000385659547167839 0 0 0 0 0 0.000411082014198067 1.53330203147207e-05 0 0 0.999187925418319
  1 27 5 1 100 0 7.71016892424695e-05 0 0 0 0 0 0 0 0 0 0.999922898310758
  1 27 5 2 100 0 0.00159509354455388 0 3.918604265339e-05 0 0 0 0.000133780659064275 4.12289391660705e-05 0 0 0.998190710814562
  1 27 5 3 100 0 0.00262456072649919 0 0.000148988167730665 0 0 0 0.00240930579161641 0.000109206701792584 0 0 0.994707938612361
  1 27 5 4 100 0 0.00183854736146973 0 0.000118595618486473 0 0 0 0.00236747831325976 7.4122607486849e-05 0 0 0.995601256099297
  1 27 5 5 100 0 0.000347162630193158 0 2.27335776209946e-05 0 0 0 0.00044852298982262 1.3853103969718e-05 0 0 0.999167727698393
  1 28 5 1 100 0 9.65866365867952e-05 0 0 0 0 0 5.69279814784728e-08 0 0 0 0.999903356435432
  1 28 5 2 100 0 0.00183851649119584 0 4.59242738552044e-08 0 0 0 4.18591579130488e-05 4.40728032063399e-05 0 0 0.998075505623411
  1 28 5 3 100 0 0.00303078123536855 0 0.000385986364162776 0 0 0 0.00210648103935528 0.00011892260576733 0 0 0.994357828755346
  1 28 5 4 100 0 0.00214996379499131 0 0.000529656118507322 0 0 0 0.0027647505049675 8.28566189234237e-05 0 0 0.99447277296261
  1 28 5 5 100 0 0.000400906837288799 0 0.000101116761339744 0 0 0 0.000542083452244548 1.52920779188274e-05 0 0 0.998940600871208
  1 29 5 1 100 0 7.35564442833356e-05 0 0 0 0 0 0 0 0 0 0.999926443555717
  1 29 5 2 100 0 0.00157111461277153 0 0 0 0 0 9.39581970947894e-05 4.48709348227255e-05 0 0 0.998290056255311
  1 29 5 3 100 0 0.00261046895467036 0 0 0 0 0 0.00228138202123294 0.00011871939325 0 0 0.994989429630847
  1 29 5 4 100 0 0.00182217450071581 0 0 0 0 0 0.00311387884629382 8.13603195703572e-05 0 0 0.99498258633342
  1 29 5 5 100 0 0.000337238611507505 0 0 0 0 0 0.000615737922624982 1.49469951096756e-05 0 0 0.999032076470758
  1 30 5 1 100 0 0.000107102188323006 0 0 0 0 0 0 0 0 0 0.999892897811677
  1 30 5 2 100 0 0.00215587493941766 0 0 0 0 0 0.000134152214725851 4.49595051821711e-05 0 0 0.997665013340674
  1 30 5 3 100 0 0.00363222858312679 0 0 0 0 0 0.0018523449382726 0.000117045285540033 0 0 0.994398381193061
  1 30 5 4 100 0 0.0026025767306396 0 0 0 0 0 0.00243684507039101 8.18504868570561e-05 0 0 0.994878727712112
  1 30 5 5 100 0 0.000503586204040447 0 0 0 0 0 0.000503284588223894 1.56982690816183e-05 0 0 0.998977430938654
  1 31 5 1 100 0 8.36632486109877e-05 0 0 0 0 0 0 0 0 0 0.999916336751389
  1 31 5 2 100 0 0.00164819335184063 0 0 0 0 0 0.000150197774203361 4.56670731860737e-05 0 0 0.99815594180077
  1 31 5 3 100 0 0.00268903563241391 0 0 0 0 0 0.00145190046342535 0.000117948161737849 0 0 0.995741115742423
  1 31 5 4 100 0 0.00186188944715583 0 0 0 0 0 0.00170063243856639 8.12367274453823e-05 0 0 0.996356241386832
  1 31 5 5 100 0 0.000365941949249602 0 0 0 0 0 0.000354100851318563 1.58949100077234e-05 0 0 0.999264062289424
  1 32 5 1 100 0 0.000107826620585225 0 0 0 0 0 1.63091182017646e-07 0 0 0 0.999892010288233
  1 32 5 2 100 0 0.0023127396017906 0 0 0 0 8.0789096541492e-08 0.000165109065067061 4.72460807545097e-05 0 0 0.997474824463291
  1 32 5 3 100 0 0.00387760094880049 0 0 0 0 0.000710646539926274 0.00172037605014548 0.000122180902410124 0 0 0.993569195558718
  1 32 5 4 100 0 0.00267746052978597 0 0 0 0 0.000956898758906897 0.00188602300031242 8.29955159720141e-05 0 0 0.994396622195023
  1 32 5 5 100 0 0.000502437465503816 0 0 0 0 0.000183809190969898 0.000367978261748621 1.54549814500268e-05 0 0 0.998930320100328
  1 33 5 1 100 0 7.99366199878448e-05 0 0 0 0 0 0 0 0 0 0.999920063380012
  1 33 5 2 100 0 0.00166454773151754 0 0 0 0 0 0.000268865025944508 4.28304381750361e-05 0 0 0.998023756804363
  1 33 5 3 100 0 0.00280292639694374 0 0 0 0 0 0.00186633531021717 0.000112992487991597 0 0 0.995217745804847
  1 33 5 4 100 0 0.00196042525149758 0 0 0 0 0 0.00188708008006369 7.80749878322051e-05 0 0 0.996074419680607
  1 33 5 5 100 0 0.000366146226279163 0 0 0 0 0 0.000362160758422764 1.457457428859e-05 0 0 0.99925711844101
  1 34 5 1 100 0 8.80708310076571e-05 0 0 0 0 0 0 0 0 0 0.999911929168992
  1 34 5 2 100 0 0.00181720137086129 0 0 0 0 0 0.000331264603561139 4.0291023213427e-05 0 0 0.997811243002364
  1 34 5 3 100 0 0.0030940024709945 0 0 0 0 0 0.00187930568799225 0.000110988414039191 0 0 0.994915703426974
  1 34 5 4 100 0 0.00220063474203583 0 0 0 0 0 0.00184509967789896 7.67584493049992e-05 0 0 0.99587750713076
  1 34 5 5 100 0 0.000412810080511421 0 0 0 0 0 0.0003528497479551 1.43194243455559e-05 0 0 0.999220020747188
  1 35 5 1 100 0 9.74452852553891e-05 0 0 0 0 0 0 0 0 0 0.999902554714745
  1 35 5 2 100 0 0.00192977788048526 0 0 0 0 7.09215758035695e-08 0.00019053306073103 4.55548673597331e-05 0 0 0.997834063269848
  1 35 5 3 100 0 0.00315172613742739 0 0 0 0 0.000862553625266777 0.00200315504909718 0.000121522370249927 0 0 0.993861042817959
  1 35 5 4 100 0 0.00216701466636533 0 0 0 0 0.00124078544987618 0.00204084425064114 8.20506682220209e-05 0 0 0.994469304964895
  1 35 5 5 100 0 0.000389159243182863 0 0 0 0 0.000239302688731536 0.000371759716497432 1.47537558607708e-05 0 0 0.998985024595727
  1 36 5 1 100 0 6.93402017489947e-05 0 0 0 0 0 0 0 0 0 0.999930659798251
  1 36 5 2 100 0 0.00149993913436915 0 0 0 0 0 0.000106666993860431 4.31795817732038e-05 0 0 0.998350214289997
  1 36 5 3 100 0 0.0025139402839096 0 0 0 0 0 0.00171482203534229 0.000116571183977739 0 0 0.99565466649677
  1 36 5 4 100 0 0.00176748286997999 0 0 0 0 0 0.00192453885754766 7.93473921981279e-05 0 0 0.996228630880274
  1 36 5 5 100 0 0.000341474833253008 0 0 0 0 0 0.000376178397436942 1.53341232395999e-05 0 0 0.99926701264607
  1 37 5 1 100 0 9.15441384897553e-05 0 0 0 0 0 3.36690112153785e-07 0 0 0 0.999908119171398
  1 37 5 2 100 0 0.00177078689204212 0 0 0 0 0 0.000198355243730495 3.94363575563219e-05 0 0 0.997991421506671
  1 37 5 3 100 0 0.00298712985706226 0 0 0 0 0 0.00149014803523991 0.000110851361510266 0 0 0.995411870746188
  1 37 5 4 100 0 0.00208288306295796 0 0 0 0 0 0.00177043727209225 7.54064716762058e-05 0 0 0.996071273193274
  1 37 5 5 100 0 0.000390615827964102 0 0 0 0 0 0.000350151878873916 1.41837752715348e-05 0 0 0.99924504851789
  1 38 5 1 100 0 7.56244590655139e-05 0 0 0 0 0 0 0 0 0 0.999924375540934
  1 38 5 2 100 0 0.00176646717574476 0 0 0 0 0 0.000414369918087814 4.37138438821205e-05 0 0 0.997775449062285
  1 38 5 3 100 0 0.00308278271635575 0 0 0 0 0 0.00199274810729771 0.000117774387216657 0 0 0.99480669478913
  1 38 5 4 100 0 0.00221011790854869 0 0 0 0 0 0.00210015260793205 8.26706910549135e-05 0 0 0.995607058792464
  1 38 5 5 100 0 0.000438178868994077 0 0 0 0 0 0.000438077315327811 1.65656970645778e-05 0 0 0.999107178118613
  1 39 5 1 100 0 0.000112775353188841 0 0 0 0 0 0 0 0 0 0.999887224646811
  1 39 5 2 100 0 0.00194373184320485 0 0 0 0 0 0.000532834168116885 3.84253099885042e-05 0 0 0.99748500867869
  1 39 5 3 100 0 0.00315849545635787 0 0 0 0 0 0.00228347472948442 0.000104673860365172 0 0 0.994453355953793
  1 39 5 4 100 0 0.00217882505029487 0 0 0 0 0 0.00211784259998084 7.01167786140685e-05 0 0 0.99563321557111
  1 39 5 5 100 0 0.000391922003300708 0 0 0 0 0 0.000396463108076386 1.25779812319773e-05 0 0 0.999199036907391
  1 40 5 1 100 0 7.07230094518246e-05 0 0 0 0 0 0 0 0 0 0.999929276990548
  1 40 5 2 100 0 0.00157963232461579 0 4.6301572881906e-05 0 0 0 0.000496535782871752 4.77003067573099e-05 0 0 0.997829830012873
  1 40 5 3 100 0 0.0026710250502659 0 0.000183596822340311 0 0 0 0.00326064396941684 0.000126186882035602 0 0 0.993758547275941
  1 40 5 4 100 0 0.00190563616324538 0 0.000148883633840123 0 0 0 0.00307628796218178 9.00353675835873e-05 0 0 0.994779156873149
  1 40 5 5 100 0 0.000374615016322522 0 2.83946367750589e-05 0 0 0 0.000616862215369488 1.79022766130476e-05 0 0 0.99896222585492
  1 41 5 1 100 0 0.000120492990641165 0 0 0 0 0 0 0 0 0 0.999879507009359
  1 41 5 2 100 0 0.00215587771344698 0 0 0 0 0 0.000208527147285395 4.03817551047251e-05 0 0 0.997595213384163
  1 41 5 3 100 0 0.0035267888349496 0 0 0 0 0 0.00313629959992669 0.000105059809758332 0 0 0.993231851755365
  1 41 5 4 100 0 0.00248061930784865 0 0 0 0 0 0.00319289758828145 7.30671938213509e-05 0 0 0.994253415910049
  1 41 5 5 100 0 0.000444599269683597 0 0 0 0 0 0.000581905124566528 1.30990437731485e-05 0 0 0.998960396561977
  1 42 5 1 100 0 0.000113459408848177 0 0 0 0 0 0 0 0 0 0.999886540591152
  1 42 5 2 100 0 0.00276448595676714 0 0 0 0 0 0.000149317683981084 5.06658374589547e-05 0 0 0.997035530521793
  1 42 5 3 100 0 0.00472412552750803 0 0 0 0 0 0.00314703916038648 0.000127303091433715 0 0 0.992001532220672
  1 42 5 4 100 0 0.00337511370811024 0 0 0 0 0 0.00404859747446352 8.85859869737973e-05 0 0 0.992487702830452
  1 42 5 5 100 0 0.000621980590864837 0 0 0 0 0 0.000787077711036782 1.63193660562069e-05 0 0 0.998574622332042
  1 43 5 1 100 0 7.05141318973491e-05 0 0 0 0 0 0 0 0 0 0.999929485868103
  1 43 5 2 100 0 0.00163346982052385 0 0 0 0 0 0.000202568015575378 3.88927050870567e-05 0 0 0.998125069458814
  1 43 5 3 100 0 0.00274942300817432 0 0 0 0 0 0.00319674178236485 0.000100580456754842 0 0 0.993953254752706
  1 43 5 4 100 0 0.00194397700679308 0 0 0 0 0 0.00421235749860316 6.95421395844264e-05 0 0 0.993774123355019
  1 43 5 5 100 0 0.000376453073504634 0 0 0 0 0 0.000868132905581689 1.36042646735873e-05 0 0 0.99874180975624
  1 44 5 1 100 0 8.78699742778828e-05 0 0 0 0 0 0 0 0 0 0.999912130025722
  1 44 5 2 100 0 0.00181979934152318 0 0 0 0 0 0.000175092633138674 3.50595891897363e-05 0 0 0.997970048436148
  1 44 5 3 100 0 0.0030369838383697 0 0 0 0 0.000897444523791961 0.00275361905205038 9.32884515919212e-05 0 0 0.993218664134196
  1 44 5 4 100 0 0.00213259568191492 0 0 0 0 0.00134789300516141 0.00360419926185048 6.44457899264728e-05 0 0 0.992850866261147
  1 44 5 5 100 0 0.000422985950058154 0 0 0 0 0.000286214073766179 0.000768950393030687 1.29300733360097e-05 0 0 0.998508919509809
  1 45 5 1 100 0 6.64330973895637e-05 0 0 0 0 0 0 0 0 0 0.99993356690261
  1 45 5 2 100 0 0.00152131877624305 0 0 0 0 7.2449013610349e-08 0.000197811388096617 3.66578753829841e-05 0 0 0.998244139511264
  1 45 5 3 100 0 0.00254208543675678 0 0 0 0 0.000867207111339331 0.00282704069326071 0.00010225954012478 0 0 0.993661407218518
  1 45 5 4 100 0 0.00175026823050772 0 0 0 0 0.00127533410486811 0.00366752012438674 6.97642172193454e-05 0 0 0.993237113323018
  1 45 5 5 100 0 0.000327810651491364 0 0 0 0 0.000255905442895002 0.000732046007103642 1.3221234555986e-05 0 0 0.998671016663954
  1 46 5 1 100 0 0.000100221349872334 0 0 0 0 0 0 0 0 0 0.999899778650128
  1 46 5 2 100 0 0.00212411771426023 0 3.09037101868641e-05 0 0 0 0.000270994382239115 4.06851033916893e-05 0 0 0.997533299089922
  1 46 5 3 100 0 0.00371551042578408 0 0.00012045101072923 0 0 0 0.0030971629244707 0.00011328023379656 0 0 0.992953595405219
  1 46 5 4 100 0 0.00265053964953368 0 9.64230848363139e-05 0 0 0 0.00383630431828772 7.69162476414356e-05 0 0 0.993339816699701
  1 46 5 5 100 0 0.000487983541930865 0 1.74400542530058e-05 0 0 0 0.000753349952499029 1.41625899273076e-05 0 0 0.99872706386139
  1 47 5 1 100 0 6.74850840161498e-05 0 0 0 0 0 0 0 0 0 0.999932514915984
  1 47 5 2 100 0 0.00137004200053652 0 0 0 0 0 0.000332506180635472 3.55521893354508e-05 0 0 0.998261899629493
  1 47 5 3 100 0 0.00228808041621075 0 0 0 0 0 0.00283754073743372 0.000100779424697589 0 0 0.994773599421658
  1 47 5 4 100 0 0.00158858046510333 0 0 0 0 0 0.00329400576343703 6.85252161387355e-05 0 0 0.995048888555321
  1 47 5 5 100 0 0.000276986800176191 0 0 0 0 0 0.000608636422687115 1.18995835763538e-05 0 0 0.99910247719356
  1 48 5 1 100 0 6.5140110028082e-05 0 0 0 0 0 0 0 0 0 0.999934859889972
  1 48 5 2 100 0 0.00139402973378364 0 0 0 0 0 0.000218052058029552 4.39326569267052e-05 0 0 0.99834398555126
  1 48 5 3 100 0 0.00235090100571524 0 0 0 0 0 0.00307898063324778 0.000116912444764386 0 0 0.994453205916273
  1 48 5 4 100 0 0.00166401449423554 0 0 0 0 0 0.00354646646716092 8.09201057389618e-05 0 0 0.994708598932865
  1 48 5 5 100 0 0.000309952128678045 0 0 0 0 0 0.000677807668603952 1.51687386061923e-05 0 0 0.998997071464112
  1 49 5 1 100 0 9.5398233640129e-05 0 0 0 0 0 1.00543479139203e-05 0 0 0 0.999894547418446
  1 49 5 2 100 0 0.00184356308321147 0 0 0 0 0 0.000301274050066435 4.6446429082876e-05 0 0 0.997808716437639
  1 49 5 3 100 0 0.00307375858161165 0 0 0 0 0 0.00297986920345753 0.000120442138505844 0 0 0.993825930076425
  1 49 5 4 100 0 0.00217375391470453 0 0 0 0 0 0.0036426998485244 8.44691421762951e-05 0 0 0.994099077094595
  1 49 5 5 100 0 0.000382681175663191 0 0 0 0 0 0.000667856979177538 1.48543664605067e-05 0 0 0.998934607478699
  1 50 5 1 100 0 0.000101630809813452 0 0 0 0 0 0 0 0 0 0.999898369190187
  1 50 5 2 100 0 0.00237253633315858 0 0 0 0 8.34922499314907e-08 0.00115124554927303 4.60696841059512e-05 0 0 0.996430064941213
  1 50 5 3 100 0 0.00404126606833302 0 0 0 0 0.00100957473570648 0.00444142132728101 0.000118280159212034 0 0 0.990389457709467
  1 50 5 4 100 0 0.00280669207381292 0 0 0 0 0.00145671026184107 0.00437887168405299 8.21447889047873e-05 0 0 0.991275581191388
  1 50 5 5 100 0 0.000502225489756356 0 0 0 0 0.000278964196131436 0.000811398838432266 1.47752866231194e-05 0 0 0.998392636189057
  1 51 5 1 100 0 9.87606896928258e-05 0 0 0 0 0 0 0 0 0 0.999901239310307
  1 51 5 2 100 0 0.00198227355979003 0 0 0 0 0 0.00104286050864158 3.94503553271813e-05 0 0 0.996935415576241
  1 51 5 3 100 0 0.0033591246381187 0 0 0 0 0 0.00515746559609744 0.000103479588644434 0 0 0.991379930177139
  1 51 5 4 100 0 0.00238111693404618 0 0 0 0 0 0.0045964668414165 7.09073078659398e-05 0 0 0.992951508916671
  1 51 5 5 100 0 0.000435777451856175 0 0 0 0 0 0.000866608936676104 1.29579933027474e-05 0 0 0.998684655618165
  1 52 5 1 100 0 3.88985097308429e-05 0 0 0 0 0 0 0 0 0 0.999961101490269
  1 52 5 2 100 0 0.000983487869970305 0 0 0 0 0 8.66993702088207e-05 3.8891314828392e-05 0 0 0.998890921444992
  1 52 5 3 100 0 0.0016772767121432 0 0 0 0 0 0.00450176756804659 0.000103676253278311 0 0 0.993717279466532
  1 52 5 4 100 0 0.00119601673146453 0 0 0 0 0 0.00517755169837548 7.19143594264757e-05 0 0 0.993554517210734
  1 52 5 5 100 0 0.000239007046443436 0 0 0 0 0 0.00105642012960439 1.45026370777834e-05 0 0 0.998690070186874
  1 53 5 1 100 0 0.000102392233131665 0 0 0 0 0 0 0 0 0 0.999897607766868
  1 53 5 2 100 0 0.00193021838355224 0 0 0 0 0 5.25100501149348e-05 4.12088125432406e-05 0 0 0.99797606275379
  1 53 5 3 100 0 0.00324437991744937 0 0 0 0 0 0.00556401712920211 0.000111910353004993 0 0 0.991079692600344
  1 53 5 4 100 0 0.00228592278298635 0 0 0 0 0 0.00636523524991109 7.83629022266383e-05 0 0 0.991270479064876
  1 53 5 5 100 0 0.000412868190410917 0 0 0 0 0 0.00117132381729426 1.4264172488995e-05 0 0 0.998401543819806
  1 54 5 1 100 0 9.46923862520312e-05 0 0 0 0 0 0 0 0 0 0.999905307613748
  1 54 5 2 100 0 0.00229606107839395 0 0 0 0 0 4.60055721977739e-05 4.79855816455145e-05 0 0 0.997609947767763
  1 54 5 3 100 0 0.00401167265693608 0 0 0 0 0 0.00487890011853152 0.000126322387780097 0 0 0.990983104836752
  1 54 5 4 100 0 0.00284600055464661 0 0 0 0 0 0.00711006814407998 8.81408132953189e-05 0 0 0.989955790487978
  1 54 5 5 100 0 0.000556452286879255 0 0 0 0 0 0.00150811074554524 1.75057568985098e-05 0 0 0.997917931210677
  1 55 5 1 100 0 8.37786359107687e-05 0 0 0 0 0 4.63068052613986e-06 0 0 0 0.999911590683563
  1 55 5 2 100 0 0.00178746230894036 0 0 0 0 0 0.000129931234757311 4.50491609782775e-05 0 0 0.998037557295324
  1 55 5 3 100 0 0.00307594806977403 0 0 0 0 0 0.00422619000970924 0.000116450773205346 0 0 0.992581411147311
  1 55 5 4 100 0 0.00218155782882488 0 0 0 0 0 0.00610013716168307 7.97292150826299e-05 0 0 0.991638575794409
  1 55 5 5 100 0 0.000412837218719847 0 0 0 0 0 0.00125810363345662 1.53179779212591e-05 0 0 0.998313741169902
  1 56 5 1 100 0 0.000108812888889836 0 0 0 0 0 0 0 0 0 0.99989118711111
  1 56 5 2 100 0 0.0021638776737884 0 4.91806370683598e-08 0 0 0 0.000461190312071617 4.7016065097983e-05 0 0 0.997327866768405
  1 56 5 3 100 0 0.00365124223156703 0 8.31278003809112e-05 0 0 0 0.00433935612755652 0.00012646557746545 0 0 0.99179980826303
  1 56 5 4 100 0 0.00257106386267454 0 9.82830795439469e-05 0 0 0 0.00563722654953743 8.64687089666574e-05 0 0 0.991606957799277
  1 56 5 5 100 0 0.000454758161438458 0 1.72706939325361e-05 0 0 0 0.00107128010775609 1.52416934991331e-05 0 0 0.998441449343374
  1 57 5 1 100 0 6.81108473943532e-05 0 0 0 0 0 0 0 0 0 0.999931889152606
  1 57 5 2 100 0 0.00158619781044416 0 1.55674702608081e-07 0 0 0 0.000491504396516416 4.35642797431004e-05 0 0 0.997878577838594
  1 57 5 3 100 0 0.00271769148434312 0 0.000312807193746492 0 0 0 0.00390159384485833 0.000120523592334904 0 0 0.992947383884717
  1 57 5 4 100 0 0.00193151530370065 0 0.00037691728190293 0 0 0 0.00459549041275066 8.4149653252053e-05 0 0 0.993011927348394
  1 57 5 5 100 0 0.000376819855876396 0 7.15115024341666e-05 0 0 0 0.000927353700262064 1.66069978012174e-05 0 0 0.998607707943626
  1 58 5 1 100 0 0.000162378025643869 0 0 0 0 0 0 0 0 0 0.999837621974356
  1 58 5 2 100 0 0.00265739686122056 0 0 0 0 0 7.05662365340386e-05 3.84422842401484e-05 0 0 0.997233594618005
  1 58 5 3 100 0 0.00424150436069251 0 0 0 0 0.000753831367530468 0.00236234219092249 0.000103213943873893 0 0 0.992539108136981
  1 58 5 4 100 0 0.00292996182124334 0 0 0 0 0.00112725970993416 0.00292867411636854 7.0955277419873e-05 0 0 0.992943149075034
  1 58 5 5 100 0 0.000526553002165344 0 0 0 0 0.000217826676400441 0.000521853317516285 1.27550847000938e-05 0 0 0.998721011919218
  1 59 5 1 100 0 9.85082746559099e-05 0 0 0 0 0 1.58385129714269e-07 0 0 0 0.999901333340214
  1 59 5 2 100 0 0.00261629668915384 0 0 0 0 0 0.000145102580044899 4.00563515580253e-05 0 0 0.997198544379243
  1 59 5 3 100 0 0.00455582955087702 0 0 0 0 0 0.00325033466550302 0.000112503900584521 0 0 0.992081331883035
  1 59 5 4 100 0 0.00326823693144694 0 0 0 0 0 0.00392647762469264 7.81491979429088e-05 0 0 0.992727136245917
  1 59 5 5 100 0 0.000640171956922997 0 0 0 0 0 0.000732170987396654 1.54946870234195e-05 0 0 0.998612162368657
  1 60 5 1 100 0 9.36978530994506e-05 0 0 0 0 0 0 0 0 0 0.999906302146901
  1 60 5 2 100 0 0.00203970080541069 0 0 0 0 0 0.000317266959802755 4.29579225170438e-05 0 0 0.997600074312269
  1 60 5 3 100 0 0.00351851647898712 0 0 0 0 0 0.00338815991083927 0.000121229687301807 0 0 0.992972093922872
  1 60 5 4 100 0 0.00251582290419776 0 0 0 0 0 0.00431419030527755 8.49153387592412e-05 0 0 0.993085071451765
  1 60 5 5 100 0 0.000489588479526833 0 0 0 0 0 0.000834527163261101 1.66871676277064e-05 0 0 0.998659197189584
  1 61 5 1 100 0 9.93763853294993e-05 0 0 0 0 0 3.80191739889399e-07 0 0 0 0.999900243422931
  1 61 5 2 100 0 0.00208584522044432 0 0 0 0 0 0.000649930905100209 4.4955056659052e-05 0 0 0.997219268817796
  1 61 5 3 100 0 0.00345986014002845 0 0 0 0 0.000863430001667879 0.00334793865615222 0.00011947503573366 0 0 0.992209296166418
  1 61 5 4 100 0 0.00238707828214154 0 0 0 0 0.00128046233321704 0.0036009351645028 8.12757239743883e-05 0 0 0.992650248496164
  1 61 5 5 100 0 0.000431252849073856 0 0 0 0 0.000247963241119117 0.000683395235511109 1.47405067202772e-05 0 0 0.998622648167576
  1 62 5 1 100 0 0.000148201111544697 0 0 0 0 0 0 0 0 0 0.999851798888455
  1 62 5 2 100 0 0.00272174449571872 0 0 0 0 0 0.00121405055465349 4.78198282186687e-05 0 0 0.996016385121409
  1 62 5 3 100 0 0.00452787021835954 0 0 0 0 0 0.00433875913717302 0.000129341924542491 0 0 0.991004028719925
  1 62 5 4 100 0 0.00322093687378664 0 0 0 0 0 0.00393053089964318 8.96543819087239e-05 0 0 0.992758877844661
  1 62 5 5 100 0 0.000620902952138559 0 0 0 0 0 0.000778024595807069 1.73945686261e-05 0 0 0.998583677883428
  1 63 5 1 100 0 7.49223502967788e-05 0 0 0 0 0 0 0 0 0 0.999925077649703
  1 63 5 2 100 0 0.00183201579942623 0 0 0 0 0 0.00109265894304635 4.43482282113333e-05 0 0 0.997030977029316
  1 63 5 3 100 0 0.00312853185410648 0 0 0 0 0 0.00598351765614317 0.000119932787365166 0 0 0.990768017702385
  1 63 5 4 100 0 0.00223399050099511 0 0 0 0 0 0.00541425412144457 8.40585598074677e-05 0 0 0.992267696817753
  1 63 5 5 100 0 0.000398696786324677 0 0 0 0 0 0.000985393173230236 1.49956321860039e-05 0 0 0.998600914408259
  1 64 5 1 100 0 9.84300179092458e-05 0 0 0 0 0 0 0 0 0 0.999901569982091
  1 64 5 2 100 0 0.00202607666024771 0 0 0 0 0 9.8129962407872e-05 4.7049501104936e-05 0 0 0.997828743876239
  1 64 5 3 100 0 0.00338960892677361 0 0 0 0 0.000624643646876573 0.00480496927254699 0.000121878916754732 0 0 0.991058899237048
  1 64 5 4 100 0 0.00238348976887905 0 0 0 0 0.00087263002198468 0.00551392908156255 8.44969771215967e-05 0 0 0.991145454150452
  1 64 5 5 100 0 0.000465298875751379 0 0 0 0 0.000144972928422478 0.00109258402395657 1.65963677778743e-05 0 0 0.998280547804092
  1 65 5 1 100 0 7.06911536053688e-05 0 0 0 0 0 0 0 0 0 0.999929308846395
  1 65 5 2 100 0 0.00162837001218071 0 0 0 0 0 5.46334512953494e-05 3.97875011159739e-05 0 0 0.998277209035408
  1 65 5 3 100 0 0.00275355921962296 0 0 0 0 0 0.00585443585075968 0.000109349731716391 0 0 0.991282655197901
  1 65 5 4 100 0 0.00193568215876659 0 0 0 0 0 0.00677152621914695 7.52079875727306e-05 0 0 0.991217583634514
  1 65 5 5 100 0 0.000375188341877352 0 0 0 0 0 0.0013337601734353 1.47298690725384e-05 0 0 0.998276321615615
  1 66 5 1 100 0 0.000100643000055353 0 0 0 0 0 7.80926651929861e-08 0 0 0 0.999899278907279
  1 66 5 2 100 0 0.0022081886730562 0 0 0 0 0 7.49924315484694e-05 4.56274858217787e-05 0 0 0.997671191409573
  1 66 5 3 100 0 0.00380549857868105 0 0 0 0 0.000690344668320996 0.00458565058831792 0.000120944215668781 0 0 0.990797561949011
  1 66 5 4 100 0 0.00268978752258731 0 0 0 0 0.00097717530378687 0.00676688358524844 8.5468020948309e-05 0 0 0.989480685567429
  1 66 5 5 100 0 0.000536004391202527 0 0 0 0 0.000174048258678867 0.00145119373291666 1.72060056402873e-05 0 0 0.997821547611562
  1 67 5 1 100 0 0.000125342787519135 0 0 0 0 0 0 0 0 0 0.999874657212481
  1 67 5 2 100 0 0.00239593215013215 0 0 0 0 0 0.000168613087974656 4.10921282602762e-05 0 0 0.997394362633633
  1 67 5 3 100 0 0.00399739273408027 0 0 0 0 0.000581057603928824 0.00355830636195162 0.00011087893230455 0 0 0.991752364367735
  1 67 5 4 100 0 0.00281275665259436 0 0 0 0 0.000822224445909681 0.00508511853363304 7.65982361849154e-05 0 0 0.991203302131678
  1 67 5 5 100 0 0.00053676271204039 0 0 0 0 0.000136330118969408 0.00104713811902779 1.48376712014838e-05 0 0 0.998264931378761
  1 68 5 1 100 0 5.83378366025172e-05 0 0 0 0 0 0 0 0 0 0.999941662163398
  1 68 5 2 100 0 0.00164868095773564 0 0 0 0 0 0.000287631350085364 4.78389600382827e-05 0 0 0.998015848732141
  1 68 5 3 100 0 0.0029371814698536 0 0 0 0 0 0.00347565722505858 0.000128018675403187 0 0 0.993459142629685
  1 68 5 4 100 0 0.002127472324168 0 0 0 0 0 0.00474980813084035 9.15601856512252e-05 0 0 0.99303115935934
  1 68 5 5 100 0 0.000397977705976466 0 0 0 0 0 0.000964047898405017 1.72649669294109e-05 0 0 0.998620709428689
  1 69 5 1 100 0 8.8699453799011e-05 0 0 0 0 0 0 0 0 0 0.999911300546201
  1 69 5 2 100 0 0.00166710556596243 0 0 0 0 0 0.000181642779239998 3.72322026759526e-05 0 0 0.998114019452122
  1 69 5 3 100 0 0.00277041697008575 0 0 0 0 0 0.00288028232216303 0.000101392344697567 0 0 0.994247908363054
  1 69 5 4 100 0 0.00197755705955124 0 0 0 0 0 0.00386428128341512 7.06119858393322e-05 0 0 0.994087549671194
  1 69 5 5 100 0 0.000368037358762637 0 0 0 0 0 0.000774813001955461 1.32566660353704e-05 0 0 0.998843892973246
  1 70 5 1 100 0 0.000101431113774176 0 0 0 0 0 0 0 0 0 0.999898568886226
  1 70 5 2 100 0 0.00202920502197041 0 0 0 0 0 0.000143787409000719 4.37338406361937e-05 0 0 0.997783273728393
  1 70 5 3 100 0 0.0034358824850144 0 0 0 0 0 0.00236570277500209 0.00011918149975893 0 0 0.994079233240225
  1 70 5 4 100 0 0.00246195832459307 0 0 0 0 0 0.00278725642167026 8.39123945530697e-05 0 0 0.994666872859184
  1 70 5 5 100 0 0.000476096209021322 0 0 0 0 0 0.000507650652282797 1.64356518520502e-05 0 0 0.998999817486844
  1 71 5 1 100 0 8.55130952120975e-05 0 0 0 0 0 1.71485308762435e-07 0 0 0 0.999914315419479
  1 71 5 2 100 0 0.00182838033674626 0 0 0 0 0 0.000146454748984908 4.17240807549658e-05 0 0 0.997983440833514
  1 71 5 3 100 0 0.00307471149748361 0 0 0 0 0.000621044603249985 0.00187516082412701 0.000117215047816403 0 0 0.994311868027323
  1 71 5 4 100 0 0.0021596647039851 0 0 0 0 0.000881873812725697 0.00239194677259723 7.98954792263825e-05 0 0 0.994486619231466
  1 71 5 5 100 0 0.000388602127586501 0 0 0 0 0.00015090878227932 0.000435925783679872 1.4370132317901e-05 0 0 0.999010193174136
  1 72 5 1 100 0 9.00183102106892e-05 0 0 0 0 0 0 0 0 0 0.999909981689789
  1 72 5 2 100 0 0.00190539359803348 0 0 0 0 0 0.000450930058437212 4.14448364879654e-05 0 0 0.997602231507041
  1 72 5 3 100 0 0.00328659390764591 0 0 0 0 0 0.00214898537389254 0.000114182277588081 0 0 0.994450238440873
  1 72 5 4 100 0 0.00235199017280075 0 0 0 0 0 0.00236000012288218 7.90826752457794e-05 0 0 0.995208927029071
  1 72 5 5 100 0 0.00045688936457269 0 0 0 0 0 0.00046618861238785 1.55283596634148e-05 0 0 0.999061393663376
  1 73 5 1 100 0 8.95589469153039e-05 0 0 0 0 0 7.66634104199712e-07 0 0 0 0.99990967441898
  1 73 5 2 100 0 0.00190257305810002 0 0 0 0 0 0.000828492234300489 4.10212016338549e-05 0 0 0.997227913505966
  1 73 5 3 100 0 0.00322621368273063 0 0 0 0 0.00061749969102987 0.00258535717805502 0.000112061283898152 0 0 0.993458868164286
  1 73 5 4 100 0 0.00226811829221521 0 0 0 0 0.000880194885910516 0.00236210364738791 7.7011988384072e-05 0 0 0.994412571186102
  1 73 5 5 100 0 0.000449873523798433 0 0 0 0 0.000149668878366538 0.000486378283850781 1.53424079677339e-05 0 0 0.998898736906016
  1 74 5 1 100 0 0.000149185437937122 0 0 0 0 0 0 0 0 0 0.999850814562063
  1 74 5 2 100 0 0.00279079968759826 0 0 0 0 0 0.00166664640790347 4.33749516994103e-05 0 0 0.995499178952799
  1 74 5 3 100 0 0.00459407858645691 0 0 0 0 0.000589540124889509 0.0049587278243237 0.000119096766402948 0 0 0.989738556697927
  1 74 5 4 100 0 0.00323395932602933 0 0 0 0 0.000826944500697616 0.00411648202211179 8.33695230635455e-05 0 0 0.991739244628098
  1 74 5 5 100 0 0.000599305435438823 0 0 0 0 0.000141564190189199 0.000773608626427697 1.55221050935542e-05 0 0 0.998469999642851
  1 75 5 1 100 0 5.60118262647631e-05 0 0 0 0 0 0 0 0 0 0.999943988173735
  1 75 5 2 100 0 0.00151192840025337 0 0 0 0 0 0.001494434707315 3.54016332200063e-05 0 0 0.996958235259212
  1 75 5 3 100 0 0.00256132614066337 0 0 0 0 0 0.00677899104824028 9.93812965972545e-05 0 0 0.990560301514499
  1 75 5 4 100 0 0.00180948263189184 0 0 0 0 0 0.00541798705140841 6.88330389709907e-05 0 0 0.992703697277729
  1 75 5 5 100 0 0.000354150231879328 0 0 0 0 0 0.0010724388331394 1.35528798269503e-05 0 0 0.998559858055154
  1 76 5 1 100 0 0.000103079448383436 0 0 0 0 0 0 0 0 0 0.999896920551617
  1 76 5 2 100 0 0.00200492426548925 0 0 0 0 0 0.000855750767689512 4.00024722424987e-05 0 0 0.997099322494579
  1 76 5 3 100 0 0.00325702817879267 0 0 0 0 0.000590557091023878 0.00893474961624388 0.000107476941386517 0 0 0.987110188172553
  1 76 5 4 100 0 0.0022714485064354 0 0 0 0 0.000830901094736556 0.00800372021032549 7.41155616723053e-05 0 0 0.98881981462683
  1 76 5 5 100 0 0.000451796524542751 0 0 0 0 0.000141024873410912 0.0016052029381463 1.48349526666104e-05 0 0 0.997787140711233
  1 77 5 1 100 0 0.000118173960159182 0 0 0 0 0 0 0 0 0 0.999881826039841
  1 77 5 2 100 0 0.00253690552765611 0 0 0 0 0 0.000150221324013232 3.72429936800389e-05 0 0 0.997275630154651
  1 77 5 3 100 0 0.00426127972512734 0 0 0 0 0 0.00845895436095293 9.7746335658826e-05 0 0 0.987182019578261
  1 77 5 4 100 0 0.00302193978382349 0 0 0 0 0 0.00949015142843656 6.8297290097601e-05 0 0 0.987419611497642
  1 77 5 5 100 0 0.000578996544254174 0 0 0 0 0 0.0018512134972096 1.33572895298982e-05 0 0 0.997556432669006
  1 78 5 1 100 0 6.76655959029758e-05 0 0 0 0 0 0 0 0 0 0.999932334404097
  1 78 5 2 100 0 0.00167797795319704 0 0 0 0 0 0.000283979289828877 4.09919852587472e-05 0 0 0.997997050771715
  1 78 5 3 100 0 0.00285274723584533 0 0 0 0 0 0.00780298987174543 0.000109435528052185 0 0 0.989234827364357
  1 78 5 4 100 0 0.00199738225613455 0 0 0 0 0 0.0109053877875784 7.50690922274835e-05 0 0 0.987022160864059
  1 78 5 5 100 0 0.000386227288280474 0 0 0 0 0 0.00227475192531072 1.46384723744674e-05 0 0 0.997324382314034
  1 79 5 1 100 0 8.89113247523216e-05 0 0 0 0 0 0 0 0 0 0.999911088675248
  1 79 5 2 100 0 0.00172524182400531 0 0 0 0 0 0.00011987617374735 3.86260347329733e-05 0 0 0.998116255967514
  1 79 5 3 100 0 0.00283274580084349 0 0 0 0 0.000594294263409274 0.00777497574732188 0.000105044177583621 0 0 0.988692940010842
  1 79 5 4 100 0 0.00197747506868223 0 0 0 0 0.000834820875121837 0.0110902820664579 7.23903994876417e-05 0 0 0.98602503159025
  1 79 5 5 100 0 0.000352999501691828 0 0 0 0 0.000142645526377191 0.00212971962356168 1.2959005187289e-05 0 0 0.997361676343182
  1 80 5 1 100 0 9.35838162013564e-05 0 0 0 0 0 0 0 0 0 0.999906416183799
  1 80 5 2 100 0 0.00196536354303099 0 0 0 0 0 0.000127218599105575 3.33690257815932e-05 0 0 0.997874048832082
  1 80 5 3 100 0 0.00334944319959411 0 0 0 0 0 0.0055715441999107 9.3237037138474e-05 0 0 0.990985775563357
  1 80 5 4 100 0 0.0023834736289087 0 0 0 0 0 0.00798251169950206 6.35494128723347e-05 0 0 0.989570465258717
  1 80 5 5 100 0 0.000430332629561143 0 0 0 0 0 0.00155594095780046 1.14454885844059e-05 0 0 0.998002280924054
  1 81 5 1 100 0 6.80916575260382e-05 0 0 0 0 0 0 0 0 0 0.999931908342474
  1 81 5 2 100 0 0.00165102943984522 0 3.29859193837213e-08 0 0 0 0.000236093163039129 3.82004998376456e-05 0 0 0.998074643911359
  1 81 5 3 100 0 0.00281336773187649 0 5.63635349158668e-05 0 0 0.000654520642495347 0.00665945138999295 0.000103935813873908 0 0 0.989712360886845
  1 81 5 4 100 0 0.00197574228525902 0 6.67378816457355e-05 0 0 0.000921446949385278 0.00948443105659577 7.1570109168868e-05 0 0 0.987480071717945
  1 81 5 5 100 0 0.000390885239362321 0 1.27278898507116e-05 0 0 0.000156284555482538 0.00202966221083514 1.42939585175123e-05 0 0 0.997396146145952
  2 1 5 1 100 0 6.85285956855067e-05 0 0 0 0 0 0 4.29372613461866e-09 0 0 0.999931467110588
  2 1 5 2 100 0 0.000279854253175932 0 0 0 0 0 6.73235581570268e-05 7.42577830747634e-05 0 0 0.999578564405592
  2 1 5 3 100 0 0.000777751288845202 0 0 0 0 0 0.00162417257346774 0.00041877424150781 0 0 0.997179301896179
  2 1 5 4 100 0 0.00102732480190427 0 0 0 0 0 0.00578662670193466 0.000591082716669008 0 0 0.992594965779492
  2 1 5 5 100 0 0.00136492782139817 0 0 0 0 0 0.00840258267714805 0.000734694985612183 0 0 0.989497794515842
  2 2 5 1 100 0 0.000129148560909933 0 0 0 0 0 0 2.59812627639583e-09 0 0 0.999870848840964
  2 2 5 2 100 0 0.000739069890462617 0 0 0 0 0 7.817885550668e-05 7.11823628562509e-05 0 0 0.999111568891174
  2 2 5 3 100 0 0.00194923841341376 0 0 0 0 0 0.00174007434744754 0.000396713426664878 0 0 0.995913973812474
  2 2 5 4 100 0 0.00258634238836361 0 0 0 0 0 0.00612769224699143 0.000550846125469294 0 0 0.990735119239176
  2 2 5 5 100 0 0.00332678105252174 0 0 0 0 0 0.00881129626358555 0.00068604984457942 0 0 0.987175872839313
  2 3 5 1 100 0 9.5321491463362e-05 0 0 0 0 0 0 9.88401151767172e-09 0 0 0.999904668624525
  2 3 5 2 100 0 0.000534210148720298 0 0 0 0 0 6.97665077214347e-05 8.45399454850423e-05 0 0 0.999311483398073
  2 3 5 3 100 0 0.00125596144436264 0 0 0 0 0 0.00152620375356706 0.000456458520626681 0 0 0.996761376281444
  2 3 5 4 100 0 0.00167581399274059 0 0 0 0 0 0.00524036570984597 0.000645287535686895 0 0 0.992438532761727
  2 3 5 5 100 0 0.00216090414508663 0 0 0 0 0 0.00718745580864827 0.000781964721839604 0 0 0.989869675324425
  2 4 5 1 100 0 9.8998903586162e-05 0 0 0 0 0 0 5.16193614526969e-09 0 0 0.999900995934478
  2 4 5 2 100 0 0.000513806595485417 0 0 0 0 0 9.26318694934246e-05 7.9946954819425e-05 0 0 0.999313614580202
  2 4 5 3 100 0 0.00145304417545466 0 0 0 0 0 0.00181238096293044 0.000447587973914953 0 0 0.9962869868877
  2 4 5 4 100 0 0.00193788340287784 0 0 0 0 0 0.00591208312116127 0.00063919382906119 0 0 0.9915108396469
  2 4 5 5 100 0 0.00249647315941324 0 0 0 0 0 0.00788198608024428 0.000787257590721011 0 0 0.988834283169622
  2 5 5 1 100 0 5.64431742266862e-05 0 0 0 0 0 0 7.7654812563259e-09 0 0 0.999943549060292
  2 5 5 2 100 0 0.000392606510974383 0 0 0 0 0 2.66322718499415e-05 7.93263374082135e-05 0 0 0.999501434879768
  2 5 5 3 100 0 0.00107786200576039 0 0 0 0 0 0.00122428188287976 0.000432176256212593 0 0 0.997265679855147
  2 5 5 4 100 0 0.00142152900393378 0 0 0 0 0 0.00444456664195397 0.000606968312409685 0 0 0.993526936041703
  2 5 5 5 100 0 0.0018610551362408 0 0 0 0 0 0.0059970433934849 0.000757037183230473 0 0 0.991384864287044
  2 6 5 1 100 0 8.17073668204374e-05 0 0 0 0 0 0 9.4748588397712e-09 0 0 0.999918283158321
  2 6 5 2 100 0 0.000466576716098161 0 0 0 0 0 3.20755210869204e-05 8.45303967767544e-05 0 0 0.999416817366038
  2 6 5 3 100 0 0.00126096351992755 0 0 0 0 0 0.00096209304090699 0.000463949651807608 0 0 0.997312993787358
  2 6 5 4 100 0 0.00170353838010967 0 0 0 0 0 0.00332796732498145 0.000663270792079397 0 0 0.994305223502829
  2 6 5 5 100 0 0.00216317942391284 0 0 0 0 0 0.00446998547524058 0.000822944681223795 0 0 0.992543890419623
  2 7 5 1 100 0 0.000122314561086876 0 0 0 0 0 0 5.89299361703676e-09 0 0 0.99987767954592
  2 7 5 2 100 0 0.000461468583276745 0 0 0 0 0 0.00013692987310521 8.0691852891539e-05 0 0 0.999320909690727
  2 7 5 3 100 0 0.00120945863264084 0 0 0 0 0 0.00147533491119206 0.000463546648137551 0 0 0.99685165980803
  2 7 5 4 100 0 0.00161837129718375 0 0 0 0 0 0.00385954009331315 0.000665792588974673 0 0 0.993856296020528
  2 7 5 5 100 0 0.0021049800834555 0 0 0 0 0 0.00515050976343247 0.000825847326342125 0 0 0.99191866282677
  2 8 5 1 100 0 0.000319362379193377 0 0 0 0 0 0 6.95240932136642e-09 0 0 0.999680630668397
  2 8 5 2 100 0 0.00103350296394008 0 0 0 0 0 0.000200280812595049 7.76537988334769e-05 0 0 0.998688562424631
  2 8 5 3 100 0 0.00294949051018138 0 0 0 0 0 0.00175781466255274 0.000435267031599141 0 0 0.994857427795667
  2 8 5 4 100 0 0.00397231718773543 0 0 0 0 0 0.00398344004545787 0.000619101452006084 0 0 0.991425141314801
  2 8 5 5 100 0 0.00518251817293277 0 0 0 0 0 0.00549849898953517 0.000763189115042096 0 0 0.98855579372249
  2 9 5 1 100 0 4.2221738912804e-05 0 0 0 0 0 0 3.71765845569533e-09 0 0 0.999957774543429
  2 9 5 2 100 0 0.000857435279590618 0 0 0 0 0 0.000244158211478829 8.18688916150661e-05 0 0 0.998816537617315
  2 9 5 3 100 0 0.00219373632591514 0 0 0 0 0 0.00258214903591344 0.000462590142923558 0 0 0.994761524495248
  2 9 5 4 100 0 0.00291366234608908 0 0 0 0 0 0.00551003505431856 0.000653359499012226 0 0 0.99092294310058
  2 9 5 5 100 0 0.00382715307165331 0 0 0 0 0 0.00730735601094237 0.000803858064287433 0 0 0.988061632853117
  2 10 5 1 100 0 0.000144659638476499 0 0 0 0 0 0 2.4967376953307e-09 0 0 0.999855337864786
  2 10 5 2 100 0 0.000249487349385807 0 0 0 0 0 0.000163933982502665 7.09865632168542e-05 0 0 0.999515592104895
  2 10 5 3 100 0 0.000622430412317063 0 0 0 0 0 0.00260957177784964 0.000393858914386171 0 0 0.996374138895447
  2 10 5 4 100 0 0.000828805110195808 0 0 0 0 0 0.00602717718759403 0.000554382277398854 0 0 0.992589635424811
  2 10 5 5 100 0 0.00107501299462242 0 0 0 0 0 0.00795902646304168 0.000690662963482631 0 0 0.990275297578853
  2 11 5 1 100 0 0.00012389207118722 0 0 0 0 0 0 5.54962203282653e-09 0 0 0.999876102379191
  2 11 5 2 100 0 0.000726011223139198 0 0 0 0 0 2.16208938059748e-05 8.63089541227903e-05 0 0 0.999166058928932
  2 11 5 3 100 0 0.00192850640328505 0 0 0 0 0 0.00156635286792411 0.0004840061115622 0 0 0.996021134617229
  2 11 5 4 100 0 0.00253037935553382 0 0 0 0 0 0.00544402167642418 0.000679358033347458 0 0 0.991346240934695
  2 11 5 5 100 0 0.0032691246515569 0 0 0 0 0 0.00713261951577178 0.000831921668865255 0 0 0.988766334163806
  2 12 5 1 100 0 0.000119256096028155 0 0 0 0 0 0 6.91813732838915e-09 0 0 0.999880736985834
  2 12 5 2 100 0 0.000647125625560072 0 0 0 0 0 2.67657697599886e-06 8.72739438446396e-05 0 0 0.999262923853619
  2 12 5 3 100 0 0.00179411465919691 0 0 0 0 0 0.00217054403723462 0.000489752707675546 0 0 0.995545588595893
  2 12 5 4 100 0 0.00227031631330759 0 0 0 0 0 0.00786537182764806 0.000691275121102752 0 0 0.989173036737942
  2 12 5 5 100 0 0.00300390800783432 0 0 0 0 0 0.0102793258137773 0.000858348510761745 0 0 0.985858417667627
  2 13 5 1 100 0 6.84535875005427e-05 0 0 0 0 0 0 5.51916064147285e-09 0 0 0.999931540893339
  2 13 5 2 100 0 0.000626298525222648 0 0 0 0 0 1.77988350831888e-05 8.05105497554587e-05 0 0 0.999275392089939
  2 13 5 3 100 0 0.00167383210337894 0 0.00011056982293298 0 0 0 0.00159256329935006 0.000446422258894157 0 0 0.996176612515444
  2 13 5 4 100 0 0.00224804974511504 0 0.000407683217267749 0 0 0 0.00584550065741883 0.000627940821785272 0 0 0.990870825558413
  2 13 5 5 100 0 0.00290191515650639 0 0.000509751748326047 0 0 0 0.00795854833282202 0.000777663628886866 0 0 0.987852121133459
  2 14 5 1 100 0 8.13575004792186e-05 0 0 0 0 0 0 4.71901732894141e-09 0 0 0.999918637780503
  2 14 5 2 100 0 0.000351139643860361 0 0 0 0 0 3.69884239794763e-05 8.38161064729921e-05 0 0 0.999528055825687
  2 14 5 3 100 0 0.000945787097175989 0 0 0 0 0 0.00141900098827758 0.000471202034452412 0 0 0.997164009880094
  2 14 5 4 100 0 0.0012611211186453 0 0 0 0 0 0.00505320984245864 0.000672696784743425 0 0 0.993012972254153
  2 14 5 5 100 0 0.00163537362547765 0 0 0 0 0 0.00718728801471996 0.000834548179165429 0 0 0.990342790180637
  2 15 5 1 100 0 0.000104008920987675 0 0 0 0 0 0 8.64842184803957e-09 0 0 0.999895982430591
  2 15 5 2 100 0 0.000550285385113543 0 0 0 0 0 3.39280923058485e-05 9.00161237274663e-05 0 0 0.999325770398853
  2 15 5 3 100 0 0.00139375560685454 0 0 0 0 0 0.00100642054182675 0.000524982358470512 0 0 0.997074841492848
  2 15 5 4 100 0 0.00189924926652373 0 0 0 0 0 0.00337884503311721 0.000766877519656549 0 0 0.993955028180702
  2 15 5 5 100 0 0.00240735288457991 0 0 0 0 0 0.00482939033578415 0.000937246505255236 0 0 0.991826010274381
  2 16 5 1 100 0 8.46025534517611e-05 0 0 0 0 0 0 5.90879136009734e-09 0 0 0.999915391537757
  2 16 5 2 100 0 0.000402573167935596 0 0 0 0 0 3.31239979809742e-05 7.31630630145542e-05 0 0 0.999491139771069
  2 16 5 3 100 0 0.00117923635814329 0 0 0 0 0 0.000763921363827087 0.000420523841676098 0 0 0.997636318436353
  2 16 5 4 100 0 0.0015833972433394 0 0 0 0 0 0.00236419856150714 0.000607431064107116 0 0 0.995444973131046
  2 16 5 5 100 0 0.00208860896824488 0 0 0 0 0 0.00337655978161056 0.000753446448909993 0 0 0.993781384801235
  2 17 5 1 100 0 6.281199235255e-05 0 0 0 0 0 0 5.57047140145336e-09 0 0 0.999937182437176
  2 17 5 2 100 0 0.000588963956350968 0 0 0 0 0 6.04030959262636e-05 7.59248660664089e-05 0 0 0.999274708081656
  2 17 5 3 100 0 0.0016224157586687 0 0 0 0 0 0.000858058370741504 0.000434002448118286 0 0 0.997085523422471
  2 17 5 4 100 0 0.00222793442466631 0 0 0 0 0 0.0024703078934993 0.000621166784718131 0 0 0.994680590897116
  2 17 5 5 100 0 0.00283457372273801 0 0 0 0 0 0.00333987980282658 0.000760474808962905 0 0 0.993065071665473
  2 18 5 1 100 0 9.46942807297621e-05 0 0 0 0 0 0 4.15317135042421e-09 0 0 0.999905301566099
  2 18 5 2 100 0 0.000301314627147747 0 0 0 0 0 2.49396448502848e-05 8.52876729007902e-05 0 0 0.999588458055101
  2 18 5 3 100 0 0.000846200198844086 0 0 0 0 0 0.000583337850728393 0.000473592850293142 0 0 0.998096869100134
  2 18 5 4 100 0 0.0011458812632094 0 0 0 0 0 0.00156927731865272 0.000668846279499919 0 0 0.996615995138638
  2 18 5 5 100 0 0.00148774637454393 0 0 0 0 0 0.0021279796621729 0.000818648028536928 0 0 0.995565625934746
  2 19 5 1 100 0 0.000153567645461352 0 0 0 0 0 0 5.31585675672294e-09 0 0 0.999846427038682
  2 19 5 2 100 0 0.000858676343816465 0 0 0 0 0 3.11264744775522e-05 7.55793619041983e-05 0 0 0.999034617819802
  2 19 5 3 100 0 0.00207526374388371 0 0 0 0 0 0.000612096965240945 0.000434210429947114 0 0 0.996878428860928
  2 19 5 4 100 0 0.00280465213687098 0 0 0 0 0 0.00183512546981712 0.000621465718570846 0 0 0.994738756674741
  2 19 5 5 100 0 0.00354636240410913 0 0 0 0 0 0.00233126675448504 0.000757569431270052 0 0 0.993364801410136
  2 20 5 1 100 0 5.98955691900972e-05 0 0 0 0 0 0 5.7350340729846e-09 0 0 0.999940098695776
  2 20 5 2 100 0 0.000394583821335668 0 0 0 0 0 2.21041634985554e-05 7.81100926479229e-05 0 0 0.999505201922518
  2 20 5 3 100 0 0.00119210032773092 0 0 0 0 0 0.000423926988909461 0.000449358697540481 0 0 0.997934613985819
  2 20 5 4 100 0 0.00159574651059842 0 0 0 0 0 0.00127569049481297 0.000641940485772925 0 0 0.996486622508816
  2 20 5 5 100 0 0.00213565430173348 0 0 0 0 0 0.00166246550215643 0.000792350437531498 0 0 0.995409529758579
  2 21 5 1 100 0 9.88903348508465e-05 0 0 0 0 0 0 5.28387868025629e-09 0 0 0.99990110438127
  2 21 5 2 100 0 0.000475717355656253 0 0 0 0 0 5.43772339228242e-07 7.86562387595839e-05 0 0 0.999445082633245
  2 21 5 3 100 0 0.00128360706617228 0 0 0 0 0 0.000379791699498916 0.000446087951744482 0 0 0.997890513282584
  2 21 5 4 100 0 0.00177482804249355 0 0 0 0 0 0.00136380476309846 0.000639536600713332 0 0 0.996221830593695
  2 21 5 5 100 0 0.00229595457332726 0 0 0 0 0 0.00172639361195015 0.000797472832934139 0 0 0.995180178981788
  2 22 5 1 100 0 9.72007697926496e-05 0 0 0 0 0 0 1.21988819043655e-08 0 0 0.999902787031325
  2 22 5 2 100 0 0.000451275160661522 0 0 0 0 0 7.94489224443652e-06 0.00010237027996942 0 0 0.999438409667125
  2 22 5 3 100 0 0.00127214478804499 0 0 0 0 0 0.000287326768038109 0.000578294117610165 0 0 0.997862234326307
  2 22 5 4 100 0 0.00171085165109167 0 0 0 0 0 0.000989963918360658 0.000811635659026076 0 0 0.996487548771522
  2 22 5 5 100 0 0.00225006581916324 0 0 0 0 0 0.00136154578172377 0.000978765707606243 0 0 0.995409622691507
  2 23 5 1 100 0 0.000206272948162631 0 0 0 0 0 0 4.31981353092927e-09 0 0 0.999793722732024
  2 23 5 2 100 0 0.000898031161890903 0 0 0 0 0 4.05074624237096e-05 8.70357098461437e-05 0 0 0.998974425665839
  2 23 5 3 100 0 0.00208037395925363 0 0 0 0 0 0.000427672732899923 0.000485360777897706 0 0 0.997006592529949
  2 23 5 4 100 0 0.00286883638609767 0 0 0 0 0 0.00108204084616844 0.000686360274078699 0 0 0.995362762493655
  2 23 5 5 100 0 0.00367730699506767 0 0 0 0 0 0.00145557761818989 0.000857866290793989 0 0 0.994009249095948
  2 24 5 1 100 0 0.000127301047463587 0 0 0 0 0 0 7.86001134869303e-09 0 0 0.999872691092525
  2 24 5 2 100 0 0.000591555997068256 0 0 0 0 0 0.000114734279735081 8.02728106373311e-05 0 0 0.999213436912559
  2 24 5 3 100 0 0.00174234392824351 0 0 0 0 0 0.000723327272660044 0.000455839706003899 0 0 0.997078489093093
  2 24 5 4 100 0 0.0023366393439269 0 0 0 0 0 0.00122609521199266 0.000645636979511295 0 0 0.995791628464569
  2 24 5 5 100 0 0.00314951808868345 0 0 0 0 0 0.00165894038729868 0.000803938955887443 0 0 0.99438760256813
  2 25 5 1 100 0 0.000105909305817202 0 0 0 0 0 0 4.15705128581378e-09 0 0 0.999894086537132
  2 25 5 2 100 0 0.000824188965335175 0 0 0 0 0 0.000157466908043786 7.49748074068843e-05 0 0 0.998943369319214
  2 25 5 3 100 0 0.00223460513580908 0 0 0 0 0 0.00109792124818917 0.000419528551085487 0 0 0.996247945064916
  2 25 5 4 100 0 0.00306422167695088 0 0 0 0 0 0.00179627237614394 0.000584932355243464 0 0 0.994554573591662
  2 25 5 5 100 0 0.00398576307798778 0 0 0 0 0 0.00238694969074147 0.000727214174520392 0 0 0.99290007305675
  2 26 5 1 100 0 9.60449911957108e-05 0 0 0 0 0 0 6.71581595621434e-09 0 0 0.999903948292988
  2 26 5 2 100 0 0.000440304714992566 0 0 0 0 0 0.000104350697050108 8.56593033152045e-05 0 0 0.999369685284642
  2 26 5 3 100 0 0.00124082711369767 0 0 0 0 0 0.00140487542658407 0.000486399588421879 0 0 0.996867897871296
  2 26 5 4 100 0 0.00164926431124178 0 0 0 0 0 0.00285789070711257 0.000685016546796444 0 0 0.994807828434849
  2 26 5 5 100 0 0.00217666063967633 0 0 0 0 0 0.00373648941152942 0.000848321073339858 0 0 0.993238528875454
  2 27 5 1 100 0 0.000107159489940907 0 0 0 0 0 0 4.26917935046127e-09 0 0 0.99989283624088
  2 27 5 2 100 0 0.000587596415726692 0 0 0 0 0 8.87012049630528e-05 7.98477124083646e-05 0 0 0.999243854666902
  2 27 5 3 100 0 0.00161045391160955 0 0 0 0 0 0.00112217819370202 0.000460883856361926 0 0 0.996806484038327
  2 27 5 4 100 0 0.00213942947816827 0 0 0 0 0 0.00306927949968271 0.000645554213150233 0 0 0.994145736808999
  2 27 5 5 100 0 0.00278254567462763 0 0 0 0 0 0.00400655111567816 0.000811026960888863 0 0 0.992399876248805
  2 28 5 1 100 0 0.000163385090395043 0 0 0 0 0 0 5.14640996552969e-09 0 0 0.999836609763195
  2 28 5 2 100 0 0.000718836016725273 0 0 0 0 0 2.10053119949694e-06 8.84905278093531e-05 0 0 0.999190572924266
  2 28 5 3 100 0 0.00178379322981734 0 0.000144261662217689 0 0 0 0.0010188272009526 0.000496424260983413 0 0 0.996556693646029
  2 28 5 4 100 0 0.00230963210636281 0 0.000557548709153767 0 0 0 0.00380381778754642 0.000685588654096414 0 0 0.992643412742841
  2 28 5 5 100 0 0.00305681802234549 0 0.00071500104799322 0 0 0 0.00504971095340234 0.000857853408318238 0 0 0.990320616567941
  2 29 5 1 100 0 0.000105069210265964 0 0 0 0 0 0 3.93848499687854e-09 0 0 0.999894926851249
  2 29 5 2 100 0 0.000626809173234888 0 0 0 0 0 1.87570659756933e-05 8.82965088180728e-05 0 0 0.999266137251971
  2 29 5 3 100 0 0.00176266643418039 0 0 0 0 0 0.000985116089275334 0.000504943899662557 0 0 0.996747273576882
  2 29 5 4 100 0 0.00232953714325056 0 0 0 0 0 0.0035988296529715 0.000708444664978752 0 0 0.993363188538799
  2 29 5 5 100 0 0.00304023156077413 0 0 0 0 0 0.00473662551093533 0.000879656807436565 0 0 0.991343486120854
  2 30 5 1 100 0 9.09065386236248e-05 0 0 0 0 0 0 7.55516100686664e-09 0 0 0.999909085906215
  2 30 5 2 100 0 0.000428325789366852 0 0 0 0 0 3.58942986594992e-05 9.34832590003108e-05 0 0 0.999442296652973
  2 30 5 3 100 0 0.00125331278697111 0 0 0 0 0 0.00078129199188348 0.000523008985007434 0 0 0.997442386236138
  2 30 5 4 100 0 0.0016348638018048 0 0 0 0 0 0.00256161692611186 0.000728259111553322 0 0 0.99507526016053
  2 30 5 5 100 0 0.00220533375661751 0 0 0 0 0 0.00353335060384145 0.000899390118001516 0 0 0.99336192552154
  2 31 5 1 100 0 0.00011617176859878 0 0 0 0 0 0 5.4167680088405e-09 0 0 0.999883822814633
  2 31 5 2 100 0 0.000708190362334628 0 0 0 0 0 4.56715518395271e-05 9.26340888205476e-05 0 0 0.999153503997005
  2 31 5 3 100 0 0.00198805115933087 0 0 0 0 0 0.000795782450422302 0.000506932689017297 0 0 0.99670923370123
  2 31 5 4 100 0 0.00268628589364539 0 0 0 0 0 0.00236846414457161 0.000718323368860941 0 0 0.994226926592922
  2 31 5 5 100 0 0.00349049082970792 0 0 0 0 0 0.00345436410477002 0.000901422767763143 0 0 0.992153722297759
  2 32 5 1 100 0 0.000163427921380512 0 0 0 0 0 0 5.60153965653559e-09 0 0 0.99983656647708
  2 32 5 2 100 0 0.000755810541031691 0 0 0 0 0 5.15850502418544e-05 0.00010054801365579 0 0 0.999092056395071
  2 32 5 3 100 0 0.0019958650585169 0 0 0 0 0 0.000808977337157885 0.000574403288928659 0 0 0.996620754315397
  2 32 5 4 100 0 0.00269922460221885 0 0 0 0 0 0.00210540168048708 0.000812763974670591 0 0 0.994382609742623
  2 32 5 5 100 0 0.00353395266652491 0 0 0 0 0 0.00303789739475014 0.00100269096921753 0 0 0.992425458969507
  2 33 5 1 100 0 0.000130836175565779 0 0 0 0 0 0 3.44055709659384e-09 0 0 0.999869160383877
  2 33 5 2 100 0 0.000742729906119669 0 0 0 0 0 5.22420382581792e-05 8.37858350294925e-05 0 0 0.999121242220593
  2 33 5 3 100 0 0.00202931636386247 0 0 0 0 0 0.000759899579801753 0.000478245635500449 0 0 0.996732538420835
  2 33 5 4 100 0 0.00276749614090314 0 0 0 0 0 0.00223855887706859 0.000672778436122749 0 0 0.994321166545906
  2 33 5 5 100 0 0.00357593714537965 0 0 0 0 0 0.00309295142511473 0.000833580492577951 0 0 0.992497530936928
  2 34 5 1 100 0 5.92374464414492e-05 0 0 0 0 0 0 6.66055804349616e-09 0 0 0.999940755893
  2 34 5 2 100 0 0.000351733353596686 0 0 0 0 0 7.09195494109934e-05 8.34853658655951e-05 0 0 0.999493861731127
  2 34 5 3 100 0 0.000988818093583761 0 0 0 0 0 0.000803025435139956 0.000469915259664342 0 0 0.997738241211612
  2 34 5 4 100 0 0.00130333506848817 0 0 0 0 0 0.00213516355974737 0.000654695063074382 0 0 0.99590680630869
  2 34 5 5 100 0 0.0017702867382835 0 0 0 0 0 0.00296140167215516 0.000808029102597869 0 0 0.994460282486963
  2 35 5 1 100 0 0.00014633863027242 0 0 0 0 0 0 4.76942680942694e-09 0 0 0.999853656600301
  2 35 5 2 100 0 0.000711697450598384 0 0 0 0 0 6.62911217391521e-05 9.75661314780623e-05 0 0 0.999124445296184
  2 35 5 3 100 0 0.00201680129497494 0 0 0 0 0 0.00106918843703589 0.000579554619278571 0 0 0.996334455648711
  2 35 5 4 100 0 0.00273330113181605 0 0 0 0 0 0.00264605105246063 0.000820525605235209 0 0 0.993800122210488
  2 35 5 5 100 0 0.00353865058960814 0 0 0 0 0 0.00352237307663084 0.00100866626339346 0 0 0.991930310070368
  2 36 5 1 100 0 0.000100335520834468 0 0 0 0 0 0 3.56485846623335e-09 0 0 0.999899660914307
  2 36 5 2 100 0 0.000577893718141886 0 0 0 0 0 3.87623331966502e-05 8.53424969162649e-05 0 0 0.999298001451745
  2 36 5 3 100 0 0.00138906549003262 0 0 0 0 0 0.000735425173407137 0.000490451313209736 0 0 0.997385058023351
  2 36 5 4 100 0 0.00184335694654898 0 0 0 0 0 0.00226392587081029 0.000685413812420192 0 0 0.995207303370221
  2 36 5 5 100 0 0.00247125451976909 0 0 0 0 0 0.00302902046050273 0.000843302434354037 0 0 0.993656422585374
  2 37 5 1 100 0 0.000189055254631709 0 0 0 0 0 0 4.89470256019312e-09 0 0 0.999810939850666
  2 37 5 2 100 0 0.00076667832473023 0 0 0 0 0 4.57227424088619e-05 8.84803027698683e-05 0 0 0.999099118630091
  2 37 5 3 100 0 0.00209868766942261 0 0 0 0 0 0.000909641928697998 0.000533873147630259 0 0 0.996457797254249
  2 37 5 4 100 0 0.00285441131507884 0 0 0 0 0 0.0028171584427292 0.000761216531489016 0 0 0.993567213710703
  2 37 5 5 100 0 0.00364402080768823 0 0 0 0 0 0.00364547900557575 0.000925955612744635 0 0 0.991784544573991
  2 38 5 1 100 0 5.55093438332068e-05 0 0 0 0 0 0 6.92581307045689e-09 0 0 0.999944483730354
  2 38 5 2 100 0 0.000372681521321872 0 0 0 0 0 7.17489916174446e-05 8.45725373189683e-05 0 0 0.999470996949742
  2 38 5 3 100 0 0.00103017292537786 0 0 0 0 0 0.000854420471690693 0.000483155643520093 0 0 0.997632250959411
  2 38 5 4 100 0 0.00135530347731682 0 0 0 0 0 0.00226526023041905 0.000676927506386137 0 0 0.995702508785878
  2 38 5 5 100 0 0.00183229299066941 0 0 0 0 0 0.00300323693128418 0.000832849771949866 0 0 0.994331620306097
  2 39 5 1 100 0 0.00016043161382001 0 0 0 0 0 0 6.43809335235535e-09 0 0 0.999839561948087
  2 39 5 2 100 0 0.000685113127050319 0 0 0 0 0 0.000151184630600797 0.000100005530015428 0 0 0.999063696712333
  2 39 5 3 100 0 0.00199717842930459 0 0 0 0 0 0.00148580334389398 0.000594649654543238 0 0 0.995922368572258
  2 39 5 4 100 0 0.00271691329036019 0 0 0 0 0 0.00320221824997288 0.000844380968123102 0 0 0.993236487491544
  2 39 5 5 100 0 0.00352153719007124 0 0 0 0 0 0.00421554869698129 0.00103827419053832 0 0 0.991224639922409
  2 40 5 1 100 0 5.95433460707202e-05 0 0 0 0 0 0 5.40733080625448e-09 0 0 0.999940451246598
  2 40 5 2 100 0 0.000413803627480418 0 0 0 0 0 9.98814986285269e-05 7.03523488278958e-05 0 0 0.999415962525063
  2 40 5 3 100 0 0.00114532445238907 0 0 0 0 0 0.00133864240754414 0.000405874602825305 0 0 0.997110158537241
  2 40 5 4 100 0 0.00151018340312995 0 0 0 0 0 0.00296493566327878 0.000570186968662574 0 0 0.994954693964929
  2 40 5 5 100 0 0.00205253443846906 0 0 0 0 0 0.00402265620698347 0.000713982344231698 0 0 0.993210827010316
  2 41 5 1 100 0 0.000266306186429162 0 0 0 0 0 0 1.04222371743507e-08 0 0 0.999733683391334
  2 41 5 2 100 0 0.000996753605499051 0 0 0 0 0 0.000138565965279383 9.83425283509645e-05 0 0 0.998766337900871
  2 41 5 3 100 0 0.00259674854403976 0 0.00016988525224921 0 0 0 0.00178553227089662 0.000558597914606088 0 0 0.994889236018208
  2 41 5 4 100 0 0.00344000153824343 0 0.000647010723824718 0 0 0 0.00495063841965885 0.000779441109377958 0 0 0.990182908208895
  2 41 5 5 100 0 0.00448285736486631 0 0.000829217124045088 0 0 0 0.0066330110522326 0.000968828270561602 0 0 0.987086086188294
  2 42 5 1 100 0 0.00010419021422529 0 0 0 0 0 0 4.90910083754789e-09 0 0 0.999895804876674
  2 42 5 2 100 0 0.000731638409332189 0 0 0 0 0 6.51134757585533e-05 8.07457654329601e-05 0 0 0.999122502349476
  2 42 5 3 100 0 0.00209364935290841 0 0 0 0 0 0.0012776516591076 0.000469017545643433 0 0 0.996159681442341
  2 42 5 4 100 0 0.00270920090244908 0 0 0 0 0 0.0040837127416644 0.000656091274504009 0 0 0.992550995081383
  2 42 5 5 100 0 0.00369418333086571 0 0 0 0 0 0.00556173208451343 0.000809851504109911 0 0 0.989934233080511
  2 43 5 1 100 0 0.000115483198286758 0 0 0 0 0 0 3.84218862149785e-09 0 0 0.999884512959525
  2 43 5 2 100 0 0.00077369116944583 0 0 0 0 0 4.337341880132e-05 8.79047561515134e-05 0 0 0.999095030655601
  2 43 5 3 100 0 0.0021011921851709 0 0 0 0 0 0.00129160849450632 0.000520356294731206 0 0 0.996086843025592
  2 43 5 4 100 0 0.00277438481013984 0 0 0 0 0 0.0043549819328822 0.000725927411831361 0 0 0.992144705845147
  2 43 5 5 100 0 0.00359114130913493 0 0 0 0 0 0.00576333889496824 0.000885984182695307 0 0 0.989759535613202
  2 44 5 1 100 0 9.9322493257688e-05 0 0 0 0 0 0 5.92688011649775e-09 0 0 0.999900671579862
  2 44 5 2 100 0 0.000496698818999873 0 0 0 0 0 6.97022666937901e-05 7.45690642877909e-05 0 0 0.999359029850019
  2 44 5 3 100 0 0.00134910165830213 0 0 0 0 0 0.00148401919180382 0.000423658782845479 0 0 0.996743220367049
  2 44 5 4 100 0 0.00175546090218983 0 0 0 0 0 0.00476838003907106 0.000591921181546044 0 0 0.992884237877193
  2 44 5 5 100 0 0.00232370661219108 0 0 0 0 0 0.00635938234730337 0.000727768513078259 0 0 0.990589142527427
  2 45 5 1 100 0 0.000110399229846173 0 0 0 0 0 0 4.06930167023812e-09 0 0 0.999889596700852
  2 45 5 2 100 0 0.000611343515373166 0 0 0 0 0 4.1899183420434e-05 9.34496115084253e-05 0 0 0.999253307689698
  2 45 5 3 100 0 0.00151939068569627 0 0 0 0 0 0.00112291358913405 0.000560595696500129 0 0 0.99679710002867
  2 45 5 4 100 0 0.0020467872197507 0 0 0 0 0 0.00387545338569866 0.00079389526743859 0 0 0.993283864127112
  2 45 5 5 100 0 0.00266123233205447 0 0 0 0 0 0.00528817593560009 0.000964439200442907 0 0 0.991086152531903
  2 46 5 1 100 0 0.000127751508196547 0 0 0 0 0 0 3.52336749854276e-09 0 0 0.999872244968436
  2 46 5 2 100 0 0.00062379014644245 0 0 0 0 0 8.9286698901304e-05 7.5130586926574e-05 0 0 0.99921179256773
  2 46 5 3 100 0 0.00178013280036058 0 0 0 0 0 0.0013875675997748 0.00044356500876511 0 0 0.9963887345911
  2 46 5 4 100 0 0.00236762220433598 0 0 0 0 0 0.00429527856359025 0.000624817970691129 0 0 0.992712281261383
  2 46 5 5 100 0 0.00309277353855311 0 0 0 0 0 0.00622291534398316 0.000778463030554874 0 0 0.989905848086909
  2 47 5 1 100 0 7.47019869616694e-05 0 0 0 0 0 0 6.82803679820778e-09 0 0 0.999925291185002
  2 47 5 2 100 0 0.000515617805028961 0 0 0 0 0 5.82794898530532e-05 9.9268272822396e-05 0 0 0.999326834432296
  2 47 5 3 100 0 0.00144445342862592 0 0.000100088746871371 0 0 0 0.00102854971145643 0.000571758096020538 0 0 0.996855150017026
  2 47 5 4 100 0 0.0019586407436337 0 0.000380578805352271 0 0 0 0.00330525668015908 0.000805893752918156 0 0 0.993549630017937
  2 47 5 5 100 0 0.00258292151892096 0 0.000488732383837188 0 0 0 0.0048037982195318 0.000996997121942666 0 0 0.991127550755767
  2 48 5 1 100 0 0.000104144827942548 0 0 0 0 0 0 4.53539922031667e-09 0 0 0.999895850636658
  2 48 5 2 100 0 0.000561245690572835 0 0 0 0 0 9.98186281257784e-05 7.11267050737632e-05 0 0 0.999267808976228
  2 48 5 3 100 0 0.00153422209016516 0 0 0 0 0 0.00134879621658884 0.00041067486822527 0 0 0.996706306825021
  2 48 5 4 100 0 0.00204035798812641 0 0 0 0 0 0.00390263736368345 0.000575389139549521 0 0 0.993481615508641
  2 48 5 5 100 0 0.00266228697618952 0 0 0 0 0 0.00542731467344105 0.000717528370745205 0 0 0.991192869979624
  2 49 5 1 100 0 0.00015232623803345 0 0 0 0 0 0 9.27180063781512e-09 0 0 0.999847664490166
  2 49 5 2 100 0 0.000640100673193947 0 0 0 0 0 4.18677569207668e-05 0.000103290550557428 0 0 0.999214741019328
  2 49 5 3 100 0 0.00150227341510231 0 0 0 0 0 0.000860924883214692 0.000592959943615287 0 0 0.997043841758068
  2 49 5 4 100 0 0.00201873123072441 0 0 0 0 0 0.00285544381658422 0.0008369461158943 0 0 0.994288878836797
  2 49 5 5 100 0 0.00266206755491383 0 0 0 0 0 0.0041012822676494 0.00102779686097088 0 0 0.992208853316466
  2 50 5 1 100 0 9.51113244725293e-05 0 0 0 0 0 0 3.58139422397329e-09 0 0 0.999904885094133
  2 50 5 2 100 0 0.000565114099284084 0 0 0 0 0 0.000189781514135382 7.4325179964365e-05 0 0 0.999170779206616
  2 50 5 3 100 0 0.00163729603106318 0 0 0 0 0 0.00176200795873303 0.000431440848190451 0 0 0.996169255162013
  2 50 5 4 100 0 0.00215689951944411 0 0 0 0 0 0.00421477798439554 0.00060637463515414 0 0 0.993021947861006
  2 50 5 5 100 0 0.00289077479864894 0 0 0 0 0 0.00583335835704719 0.000755787948369517 0 0 0.990520078895934
  2 51 5 1 100 0 0.000167366422256301 0 0 0 0 0 0 5.03259744282726e-09 0 0 0.999832628545146
  2 51 5 2 100 0 0.000809611327892367 0 0 0 0 0 0.000275332486008885 8.52640407787844e-05 0 0 0.99882979214532
  2 51 5 3 100 0 0.00204881759581169 0 0 0 0 0 0.00224762828204923 0.000499420039652808 0 0 0.995204134082486
  2 51 5 4 100 0 0.00277200556390363 0 0 0 0 0 0.00438506807862627 0.000702281990136855 0 0 0.992140644367333
  2 51 5 5 100 0 0.00362246225512296 0 0 0 0 0 0.00594476762440432 0.000863858339648917 0 0 0.989568911780824
  2 52 5 1 100 0 7.13979007289015e-05 0 0 0 0 0 0 4.11365105866205e-09 0 0 0.99992859798562
  2 52 5 2 100 0 0.000598106575129536 0 0 0 0 0 0.000204413712597244 6.93719528545967e-05 0 0 0.999128107759419
  2 52 5 3 100 0 0.00155379798980416 0 0 0 0 0 0.00300477288659267 0.000399690622491932 0 0 0.995041738501111
  2 52 5 4 100 0 0.00200881586163644 0 0 0 0 0 0.00654190084419864 0.000556025715831619 0 0 0.990893257578333
  2 52 5 5 100 0 0.00265136158877302 0 0 0 0 0 0.00883132364596306 0.000690478554821159 0 0 0.987826836210443
  2 53 5 1 100 0 0.000104017825083701 0 0 0 0 0 0 1.15590992993335e-08 0 0 0.999895970615817
  2 53 5 2 100 0 0.000346176446544409 0 0 0 0 0 1.66958232769058e-05 8.65605608219706e-05 0 0 0.999550567169357
  2 53 5 3 100 0 0.00101457291638956 0 0 0 0 0 0.00140265347927415 0.00053198203253815 0 0 0.997050791571798
  2 53 5 4 100 0 0.00132420028502105 0 0 0 0 0 0.00528538585614518 0.000753607244098069 0 0 0.992636806614736
  2 53 5 5 100 0 0.00173001716379429 0 0 0 0 0 0.00728421604275467 0.000918057364774375 0 0 0.990067709428677
  2 54 5 1 100 0 9.70450725629638e-05 0 0 0 0 0 0 5.19966041602065e-09 0 0 0.999902949727777
  2 54 5 2 100 0 0.000693771265895136 0 0 0 0 0 1.68372165556799e-06 7.34747200037794e-05 0 0 0.999231070292446
  2 54 5 3 100 0 0.00198436117527693 0 0 0 0 0 0.00200681806399429 0.000442775065349887 0 0 0.995566045695379
  2 54 5 4 100 0 0.00242075421328182 0 0 0 0 0 0.00776264189696813 0.000616764362913919 0 0 0.989199839526836
  2 54 5 5 100 0 0.00324568030492581 0 0 0 0 0 0.0105901327661593 0.000768356427284912 0 0 0.98539583050163
  2 55 5 1 100 0 9.94370778898813e-05 0 0 0 0 0 0 5.23242629974977e-09 0 0 0.999900557689684
  2 55 5 2 100 0 0.000556087167731518 0 0 0 0 0 1.15591046413377e-05 9.53541313427727e-05 0 0 0.999336999596284
  2 55 5 3 100 0 0.00138513632257286 0 0 0 0 0 0.00174419130211357 0.000576775803681107 0 0 0.996293896571632
  2 55 5 4 100 0 0.0017818497405744 0 0 0 0 0 0.00668253768039261 0.000821041963065783 0 0 0.990714570615967
  2 55 5 5 100 0 0.00238230447150855 0 0 0 0 0 0.00911107029910684 0.00101471803964252 0 0 0.987491907189742
  2 56 5 1 100 0 0.000225693127906606 0 0 0 0 0 0 5.21299900902401e-09 0 0 0.999774301659094
  2 56 5 2 100 0 0.000906321201289647 0 0 0 0 0 0.00010327718862304 8.34618176663599e-05 0 0 0.998906939792421
  2 56 5 3 100 0 0.00234563259202766 0 0 0 0 0 0.00190421506165335 0.000487207751928281 0 0 0.995262944594391
  2 56 5 4 100 0 0.0031165941508168 0 0 0 0 0 0.00640208910301004 0.00068517168469007 0 0 0.989796145061483
  2 56 5 5 100 0 0.00400219313457762 0 0 0 0 0 0.00961315291865572 0.000859625968394062 0 0 0.985525027978373
  2 57 5 1 100 0 7.91945637336992e-05 0 0 0 0 0 0 5.42325723595972e-09 0 0 0.999920800013009
  2 57 5 2 100 0 0.0005536683297222 0 0 0 0 0 9.93227381834378e-05 0.000103096710088086 0 0 0.999243912222006
  2 57 5 3 100 0 0.00142025057634469 0 0 0 0 0 0.00106967029234895 0.000617235869233632 0 0 0.996892843262073
  2 57 5 4 100 0 0.00189743879120533 0 0 0 0 0 0.00287073101549846 0.000884537769737004 0 0 0.994347292423559
  2 57 5 5 100 0 0.00251969379866374 0 0 0 0 0 0.00438094587207745 0.00108290837636165 0 0 0.992016451952897
  2 58 5 1 100 0 0.000208294964146734 0 0 0 0 0 0 3.83044651275005e-09 0 0 0.999791701205407
  2 58 5 2 100 0 0.000746871876091849 0 0 0 0 0 6.28955160105881e-05 8.63102259374624e-05 0 0 0.99910392238196
  2 58 5 3 100 0 0.00217132788225156 0 0 0 0 0 0.00140563406086723 0.000497185675602705 0 0 0.995925852381279
  2 58 5 4 100 0 0.00291471107792068 0 0 0 0 0 0.00395995783176263 0.000698133338122135 0 0 0.992427197752195
  2 58 5 5 100 0 0.00381841646146474 0 0 0 0 0 0.00584070091626823 0.000873246839973713 0 0 0.989467635782293
  2 59 5 1 100 0 7.7620980594511e-05 0 0 0 0 0 0 5.13123030632722e-09 0 0 0.999922373888175
  2 59 5 2 100 0 0.000656819448593493 0 0 0 0 0 1.71831804625995e-05 8.97088490343372e-05 0 0 0.99923628852191
  2 59 5 3 100 0 0.00192632109249953 0 0 0 0 0 0.000768164818802349 0.000541447347450991 0 0 0.996764066741247
  2 59 5 4 100 0 0.0025427115126054 0 0 0 0 0 0.00301465755120233 0.000764725679346099 0 0 0.993677905256846
  2 59 5 5 100 0 0.00344910160743409 0 0 0 0 0 0.00454172505705526 0.000947702743114944 0 0 0.991061470592396
  2 60 5 1 100 0 0.000146067779381323 0 0 0 0 0 0 2.79445326856206e-09 0 0 0.999853929426165
  2 60 5 2 100 0 0.000753680007761401 0 0 0 0 0 7.69083540672892e-05 8.01334168167108e-05 0 0 0.999089278221355
  2 60 5 3 100 0 0.00209433980618783 0 0 0 0 0 0.00139071574793549 0.000473211506053817 0 0 0.996041732939823
  2 60 5 4 100 0 0.00275027280184072 0 0 0 0 0 0.00444996562837052 0.000666496248081442 0 0 0.992133265321707
  2 60 5 5 100 0 0.00359601817426209 0 0 0 0 0 0.00616641559648266 0.000826555202052394 0 0 0.989411011027203
  2 61 5 1 100 0 8.97860131028151e-05 0 0 0 0 0 0 5.89530896788752e-09 0 0 0.999910208091588
  2 61 5 2 100 0 0.000503258377675358 0 0 0 0 0 6.18228187086606e-05 9.98477068409615e-05 0 0 0.999335071096775
  2 61 5 3 100 0 0.00144392129479178 0 0 0 0 0 0.000841278997295658 0.000604005858848418 0 0 0.997110793849064
  2 61 5 4 100 0 0.00194788798239165 0 0 0 0 0 0.00227895405870483 0.000859291150319481 0 0 0.994913866808584
  2 61 5 5 100 0 0.00254827790515663 0 0 0 0 0 0.00310373772606538 0.0010547916854756 0 0 0.993293192683302
  2 62 5 1 100 0 0.000248142563993091 0 0 0 0 0 0 3.00287591066784e-09 0 0 0.999751854433131
  2 62 5 2 100 0 0.000992892411596604 0 0 0 0 0 0.000229050509253115 8.11945512523012e-05 0 0 0.998696862527898
  2 62 5 3 100 0 0.0024931902694957 0 0 0 0 0 0.00220862493479961 0.000483775979675182 0 0 0.99481440881603
  2 62 5 4 100 0 0.00329733509859808 0 0 0 0 0 0.00454508288381488 0.000680956244961154 0 0 0.991476625772626
  2 62 5 5 100 0 0.00434048904129066 0 0 0 0 0 0.00624893188011111 0.000852852046990997 0 0 0.988557727031607
  2 63 5 1 100 0 8.92792597940569e-05 0 0 0 0 0 0 8.89079324129521e-09 0 0 0.999910711849413
  2 63 5 2 100 0 0.00073363746779713 0 0 0 0 0 0.000229400660531993 9.92871815404155e-05 0 0 0.998937674690131
  2 63 5 3 100 0 0.00221700617759162 0 0 0 0 0 0.00196089205525279 0.000594716128919712 0 0 0.995227385638236
  2 63 5 4 100 0 0.0029546785418317 0 0 0 0 0 0.0037371953522602 0.000845669577565467 0 0 0.992462456528343
  2 63 5 5 100 0 0.003943504304231 0 0 0 0 0 0.00521782448862764 0.00104704294635099 0 0 0.98979162826079
  2 64 5 1 100 0 0.000146591189782884 0 0 0 0 0 0 2.8171845056518e-09 0 0 0.999853405993033
  2 64 5 2 100 0 0.000653463434268225 0 0 0 0 0 6.59822268984873e-05 6.50075334104143e-05 0 0 0.999215546805423
  2 64 5 3 100 0 0.00177649411823306 0 0 0 0 0 0.0023272792781398 0.000394294529389561 0 0 0.995501932074238
  2 64 5 4 100 0 0.00230963342739662 0 0 0 0 0 0.00576317566932565 0.000556616156048961 0 0 0.991370574747229
  2 64 5 5 100 0 0.00301588339550204 0 0 0 0 0 0.00777805911693251 0.000687230928151881 0 0 0.988518826559414
  2 65 5 1 100 0 7.7880805645493e-05 0 0 0 0 0 0 7.8185423979054e-09 0 0 0.999922111375812
  2 65 5 2 100 0 0.000564281106954214 0 0 0 0 0 2.81634427848353e-05 8.85851499123405e-05 0 0 0.999318970300349
  2 65 5 3 100 0 0.00167317511524835 0 0 0 0 0 0.001734355975921 0.000532530607430697 0 0 0.9960599383014
  2 65 5 4 100 0 0.00214898331512734 0 0 0 0 0 0.00646508577564536 0.000740701287845662 0 0 0.990645229621382
  2 65 5 5 100 0 0.00285836357458501 0 0 0 0 0 0.0088105934400615 0.000903801373499609 0 0 0.987427241611854
  2 66 5 1 100 0 0.000135798461796792 0 0 0 0 0 0 3.44736937338483e-09 0 0 0.999864198090834
  2 66 5 2 100 0 0.000599031898460046 0 0 0 0 0 2.49301948132685e-05 7.14558953960135e-05 0 0 0.999304582011331
  2 66 5 3 100 0 0.00136651355011775 0 0 0 0 0 0.00174307057507047 0.000421941790378071 0 0 0.996468474084434
  2 66 5 4 100 0 0.00171849684725079 0 0 0 0 0 0.00656616988965234 0.000589137309781352 0 0 0.991126195953316
  2 66 5 5 100 0 0.00228286296202873 0 0 0 0 0 0.00892673899298301 0.000732804247951764 0 0 0.988057593797037
  2 67 5 1 100 0 0.00021229732282494 0 0 0 0 0 0 5.11788507374818e-09 0 0 0.99978769755929
  2 67 5 2 100 0 0.000873881636298028 0 0 0 0 0 3.64514890370345e-05 8.26277699057434e-05 0 0 0.999007039104759
  2 67 5 3 100 0 0.00226060838282163 0 0 0 0 0 0.00163005666706529 0.000507623068383413 0 0 0.99560171188173
  2 67 5 4 100 0 0.00292432926512938 0 0 0 0 0 0.00626857979016801 0.000717173902948923 0 0 0.990089917041754
  2 67 5 5 100 0 0.00377332237100202 0 0 0 0 0 0.00913742188646321 0.000889420572800061 0 0 0.986199835169735
  2 68 5 1 100 0 8.3789178490864e-05 0 0 0 0 0 0 5.14166848490287e-09 0 0 0.999916205679841
  2 68 5 2 100 0 0.000664203389410734 0 0 0 0 0 4.37876659704394e-05 7.71598727462625e-05 0 0 0.999214849071873
  2 68 5 3 100 0 0.00183160387160671 0 0 0 0 0 0.00103889198595605 0.000480907067999837 0 0 0.996648597074437
  2 68 5 4 100 0 0.00241013996336779 0 0 0 0 0 0.00372872395744096 0.000683132750577566 0 0 0.993178003328614
  2 68 5 5 100 0 0.00323821572203682 0 0 0 0 0 0.00559417948717449 0.000838372585586817 0 0 0.990329232205202
  2 69 5 1 100 0 0.000111029283275244 0 0 0 0 0 0 3.75566624435553e-09 0 0 0.999888966961059
  2 69 5 2 100 0 0.000487348616524225 0 0 0 0 0 4.59909994730541e-05 9.74373915518119e-05 0 0 0.999369222992451
  2 69 5 3 100 0 0.001441628112832 0 0 0 0 0 0.000898302966042432 0.000600675376518293 0 0 0.997059393544607
  2 69 5 4 100 0 0.00193803310097646 0 0 0 0 0 0.00268662754673263 0.000848902868236925 0 0 0.994526436484054
  2 69 5 5 100 0 0.00253135638861239 0 0 0 0 0 0.00402384435956262 0.00104237070706289 0 0 0.992402428544762
  2 70 5 1 100 0 0.000115102027719075 0 0 0 0 0 0 4.28564914975678e-09 0 0 0.999884893686632
  2 70 5 2 100 0 0.000591097606434148 0 0 0 0 0 4.49212328543924e-05 7.71665445871935e-05 0 0 0.999286814616124
  2 70 5 3 100 0 0.00171854521138807 0 0 0 0 0 0.000816021800823399 0.000458716712128315 0 0 0.99700671627566
  2 70 5 4 100 0 0.00229660448758579 0 0 0 0 0 0.00272980830279477 0.000643716545868079 0 0 0.994329870663751
  2 70 5 5 100 0 0.00304291334355591 0 0 0 0 0 0.004030380937898 0.000801705635043693 0 0 0.992125000083502
  2 71 5 1 100 0 0.000131616321399579 0 0 0 0 0 0 8.05265908526719e-09 0 0 0.999868375625941
  2 71 5 2 100 0 0.000720451950187665 0 0 0 0 0 2.73960790639735e-05 0.000106229501694075 0 0 0.999145922469054
  2 71 5 3 100 0 0.00200633032192266 0 0 0 0 0 0.000759127230886349 0.000641497125732756 0 0 0.996593045321458
  2 71 5 4 100 0 0.00270260246805528 0 0 0 0 0 0.00276519297976008 0.000919295659639006 0 0 0.993612908892546
  2 71 5 5 100 0 0.00353781110357105 0 0 0 0 0 0.00407001093586975 0.0011361091560183 0 0 0.991256068804541
  2 72 5 1 100 0 0.000164718507490283 0 0 0 0 0 0 4.54984601219582e-09 0 0 0.999835276942664
  2 72 5 2 100 0 0.000857040633604771 0 0 0 0 0 7.46958117109271e-05 8.35173102016165e-05 0 0 0.998984746244483
  2 72 5 3 100 0 0.00211842821131955 0 0 0 0 0 0.00105464483136987 0.000496086436002016 0 0 0.996330840521309
  2 72 5 4 100 0 0.00284746468109098 0 0 0 0 0 0.00301596110674764 0.000702090276598486 0 0 0.993434483935563
  2 72 5 5 100 0 0.00371257148618495 0 0 0 0 0 0.00378599583933377 0.000873355772154982 0 0 0.991628076902326
  2 73 5 1 100 0 7.82836189693042e-05 0 0 0 0 0 0 4.11346187920161e-09 0 0 0.999921712267569
  2 73 5 2 100 0 0.000421883857483481 0 0 0 0 0 0.000100151171364469 8.73663736101611e-05 0 0 0.999390598597542
  2 73 5 3 100 0 0.00121590558305982 0 0 0 0 0 0.000892010607121654 0.000532016368924405 0 0 0.997360067440894
  2 73 5 4 100 0 0.00163339875985775 0 0 0 0 0 0.00193470474416424 0.00075971338437421 0 0 0.995672183111604
  2 73 5 5 100 0 0.00217711820611338 0 0 0 0 0 0.00270416027121309 0.000927023905269705 0 0 0.994191697617404
  2 74 5 1 100 0 0.00025080273326515 0 0 0 0 0 0 3.44266058533951e-09 0 0 0.999749193824074
  2 74 5 2 100 0 0.000940893391605324 0 0 0 0 0 0.00035446354030331 8.15961024335113e-05 0 0 0.998623046965658
  2 74 5 3 100 0 0.00249998910586789 0 0 0 0 0 0.0027385956300394 0.000481060014385926 0 0 0.994280355249707
  2 74 5 4 100 0 0.00334817524329729 0 0 0 0 0 0.00489281064894397 0.000670655677744433 0 0 0.991088358430014
  2 74 5 5 100 0 0.00439170973380905 0 0 0 0 0 0.00656404670405735 0.000829668942689989 0 0 0.988214574619444
  2 75 5 1 100 0 8.06613054106649e-05 0 0 0 0 0 0 5.92098820040692e-09 0 0 0.999919332773601
  2 75 5 2 100 0 0.000746212859829102 0 0 0 0 0 0.000475489129187859 9.71084834302156e-05 0 0 0.998681189527553
  2 75 5 3 100 0 0.00214600088514262 0 0 0 0 0 0.00341684573446904 0.000583750287874641 0 0 0.993853403092514
  2 75 5 4 100 0 0.00284044871246377 0 0 0 0 0 0.00572548992831485 0.000833232087472612 0 0 0.990600829271749
  2 75 5 5 100 0 0.0037908675621852 0 0 0 0 0 0.00780475489432094 0.00100985097577125 0 0 0.987394526567723
  2 76 5 1 100 0 0.000155800870755101 0 0 0 0 0 0 5.2938554058862e-09 0 0 0.999844193835389
  2 76 5 2 100 0 0.00061005577326418 0 0 0 0 0 0.000389800425365005 6.78649034183822e-05 0 0 0.998932278897952
  2 76 5 3 100 0 0.00165927194855893 0 0 0 0 0 0.00429583643643449 0.000400345946485662 0 0 0.993644545668521
  2 76 5 4 100 0 0.00216072900109713 0 0 0 0 0 0.00846970339340034 0.000558560572116505 0 0 0.988811007033386
  2 76 5 5 100 0 0.00284240944091481 0 0 0 0 0 0.011299815234776 0.000691275859640604 0 0 0.985166499464669
  2 77 5 1 100 0 8.86516283650076e-05 0 0 0 0 0 0 5.65370818650873e-09 0 0 0.999911342717927
  2 77 5 2 100 0 0.000552252315621087 0 0 0 0 0 6.15581413301232e-05 8.24498542199486e-05 0 0 0.999303739688829
  2 77 5 3 100 0 0.00154878301264194 0 0 0 0 0 0.00225782023003662 0.000491711905044453 0 0 0.995701684852277
  2 77 5 4 100 0 0.0019094759887075 0 0 0 0 0 0.00769909167827703 0.000691645666593838 0 0 0.989699786666422
  2 77 5 5 100 0 0.0026038257871376 0 0 0 0 0 0.0106443344874611 0.000847387579711815 0 0 0.985904452145689
  2 78 5 1 100 0 8.58618564467849e-05 0 0 0 0 0 0 2.77441412280726e-09 0 0 0.999914135369139
  2 78 5 2 100 0 0.000578831381717097 0 0 0 0 0 7.79351754393619e-05 6.31092314218059e-05 0 0 0.999280124211422
  2 78 5 3 100 0 0.00149551831521076 0 0 0 0 0 0.00283927496383221 0.000377740404983284 0 0 0.995287466315974
  2 78 5 4 100 0 0.00180025057630311 0 0 0 0 0 0.0102309267729198 0.000522943240828617 0 0 0.987445879409948
  2 78 5 5 100 0 0.00240509348105572 0 0 0 0 0 0.0139196350058722 0.000651924083342958 0 0 0.983023347429729
  2 79 5 1 100 0 0.000157983642232026 0 0 0 0 0 0 4.41048623206742e-09 0 0 0.999842011947282
  2 79 5 2 100 0 0.000674813239493466 0 0 0 0 0 7.63717633854691e-05 9.76436253047848e-05 0 0 0.999151171371816
  2 79 5 3 100 0 0.00171292980302057 0 0 0 0 0 0.00342802281388453 0.000569413961786924 0 0 0.994289633421308
  2 79 5 4 100 0 0.00209816956953764 0 0 0 0 0 0.0124071936616898 0.000794232036974272 0 0 0.984700404731798
  2 79 5 5 100 0 0.00278351182966468 0 0 0 0 0 0.0168356901390496 0.000982659170486506 0 0 0.979398138860799
  2 80 5 1 100 0 0.000109290085646521 0 0 0 0 0 0 4.18939986148882e-09 0 0 0.999890705724954
  2 80 5 2 100 0 0.00063210631851393 0 0 0 0 0 8.62877908822783e-05 7.39976442419256e-05 0 0 0.999207608246362
  2 80 5 3 100 0 0.00176813668719505 0 0 0 0 0 0.00228423818797583 0.000424676485623677 0 0 0.995522948639205
  2 80 5 4 100 0 0.00220278437471341 0 0 0 0 0 0.0083888589199503 0.000594599419871105 0 0 0.988813757285465
  2 80 5 5 100 0 0.00293831484804295 0 0 0 0 0 0.0128156756149574 0.000742392096470117 0 0 0.98350361744053
  2 81 5 1 100 0 4.84268842778189e-05 0 0 0 0 0 0 8.12865329426503e-09 0 0 0.999951564987069
  2 81 5 2 100 0 0.000343525453995698 0 0 0 0 0 3.18745717505362e-05 7.88787839968658e-05 0 0 0.999545721190257
  2 81 5 3 100 0 0.00102367719872432 0 0 0 0 0 0.0010812767369332 0.000460061227266902 0 0 0.997434984837076
  2 81 5 4 100 0 0.00135089464417825 0 0 0 0 0 0.0042506868585995 0.000655583392924882 0 0 0.993742835104297
  2 81 5 5 100 0 0.00183369580986546 0 0 0 0 0 0.00664281133021955 0.000801892984632228 0 0 0.990721599875283
  1 1 7 1 100 5.41093184397995e-05 0.020219720801651 0 2.03849607324787e-05 0.000191869289574541 0 0 7.22693747831131e-09 5.76647273315433e-05 4.00330137021909e-05 0 0.979416210661631
  1 1 7 2 100 4.96045130514703e-05 0.0185359890277467 9.27602858018096e-09 1.86940774435989e-05 0.00017592377777955 0 1.65388433117969e-09 6.62482893436649e-09 5.28636381610539e-05 3.67006139290247e-05 0 0.981130206797147
  1 1 7 3 100 7.19497636125309e-06 0.00193215317161952 2.40219815037415e-05 2.21297202053776e-05 9.10361013340561e-05 0 4.18689739341673e-06 5.74402292685395e-07 7.17768091447322e-06 6.35451371071538e-06 0 0.997905170554665
  1 1 7 4 100 5.53508168275745e-05 0.0220445248653781 0.000595480089287432 0.000926357501281412 0.00122841175488735 0 8.89659536981529e-05 8.35099517259587e-05 7.57918043171141e-05 3.95577129219967e-05 0 0.974862049549675
  1 1 7 5 100 0.000117749798984331 0.0563207164378477 0.00178194720625607 0.00296807189016837 0.00325103658057773 0 0.000248935590657657 0.000285058203344606 0.000187120742901633 7.20614617400527e-05 0 0.934767302087522
  1 2 7 1 100 5.32481392538596e-05 0.0198967318525922 0 4.74366192891583e-05 0.00012964334622161 0 0 8.49436017233703e-11 5.53354026748432e-05 2.65801420732966e-05 0 0.979791024412951
  1 2 7 2 100 5.07830239181061e-05 0.0189754867015367 3.04292553576914e-09 4.52423352221676e-05 0.000123652662795971 0 5.80234831774831e-10 8.10094258033122e-11 5.27735194399664e-05 2.53500794153224e-05 0 0.980726707973502
  1 2 7 3 100 4.71418796188211e-06 0.00124256018580904 1.60088947905254e-05 1.57928656566958e-05 6.2787451164187e-05 0 2.95627430260582e-06 3.81927337633233e-07 4.39815076233665e-06 4.30417513817538e-06 0 0.998646095887077
  1 2 7 4 100 4.18605789438895e-05 0.0167309437626367 0.000471685731432107 0.000692045307240424 0.00102484094907916 0 7.53010462581768e-05 6.0614867717435e-05 5.46842050695776e-05 3.10442664817761e-05 0 0.980816979285141
  1 2 7 5 100 9.42970278405634e-05 0.0444022383930314 0.00146115657429695 0.00226292003657411 0.0028219994532152 0 0.000219193724676299 0.000211497138375235 0.000141723554090981 6.06315004852269e-05 0 0.948324342597414
  1 3 7 1 100 2.89502851805141e-05 0.0176108242617387 0 0 7.08955889140042e-05 0 0 1.74404055012165e-27 6.1329036749805e-05 2.14624071737256e-05 0 0.982206538420243
  1 3 7 2 100 2.67650125926736e-05 0.016281079729337 3.18504765677798e-09 5.44523694705858e-09 6.55566791244676e-05 0 6.33197897960175e-10 9.77891385512349e-13 5.66983876703212e-05 1.98426165618371e-05 0 0.983550048310253
  1 3 7 3 100 3.07933136146687e-06 0.000730988703728544 1.0703592528889e-05 1.77038711460231e-05 4.44695594154777e-05 0 2.07040909251869e-06 2.82777173194508e-07 2.92894998841406e-06 2.9901535382973e-06 0 0.999184782652027
  1 3 7 4 100 3.02039145091347e-05 0.0105181288406392 0.000343770204147044 0.000591216053436114 0.00079527224713546 0 5.86561586257786e-05 4.9223164694021e-05 4.0104552195015e-05 2.40031155346995e-05 0 0.987549421749084
  1 3 7 5 100 6.49957912438531e-05 0.0270977332644309 0.00102278701968594 0.00180314149190834 0.00214384628213721 0 0.000167176208289037 0.000165492453113268 0.000101087715220654 4.56360040725967e-05 0 0.967388103769898
  1 4 7 1 100 5.39292987075695e-05 0.0185171893203928 0 0 7.29051176179029e-05 0 0 3.81272522628241e-21 6.38862806144836e-05 3.13326383855723e-05 0 0.981260757344282
  1 4 7 2 100 4.80846154745391e-05 0.0165101013440849 6.10905635049136e-09 1.56336202577905e-08 6.50297128029255e-05 0 1.18051129377779e-09 3.37280265163994e-15 5.69619974651614e-05 2.79376540856412e-05 0 0.983291861752896
  1 4 7 3 100 4.24423583696554e-06 0.000995255172781096 1.37921295222146e-05 3.36298516798088e-05 5.85935667312679e-05 0 2.63874237230761e-06 3.17297314829638e-07 4.21396202218626e-06 3.92337288501436e-06 0 0.998883391668854
  1 4 7 4 100 3.41162829958182e-05 0.0128456861309561 0.000394368519902894 0.000865396217876153 0.000966269353634345 0 7.02088549353165e-05 6.14416547536565e-05 5.27448209493134e-05 2.77601798182044e-05 0 0.984682007984178
  1 4 7 5 100 7.76435306160782e-05 0.0346626676678118 0.00124006935905196 0.00271704607714565 0.00271847585668064 0 0.000208818500224144 0.000217601366896514 0.00013916645989356 5.52975959582821e-05 0 0.957963213585721
  1 5 7 1 100 5.61019856231621e-05 0.0165279462842388 0 0 0.000136474632703845 0 0 5.38863564552963e-16 7.88390302014517e-05 3.05158557416484e-05 0 0.983170122211491
  1 5 7 2 100 5.12888258446074e-05 0.0151097996580984 5.75286283255983e-09 2.22127785543581e-08 0.000124791597915332 0 1.16794064250372e-09 3.56485083484359e-14 7.20749770745134e-05 2.78988835599874e-05 0 0.984614116923889
  1 5 7 3 100 4.95208484277635e-06 0.00109680654873317 1.5951891694434e-05 5.63389919277836e-05 7.51766667273001e-05 0 3.18887180134157e-06 3.18311380067144e-07 6.55592429133435e-06 5.14647040141083e-06 0 0.9987355642382
  1 5 7 4 100 4.25021352233753e-05 0.0142360213800909 0.00047791873046151 0.00128442093213253 0.00128324592696492 0 9.25221031493338e-05 6.26752947527493e-05 8.05071910008159e-05 3.45814157669171e-05 0 0.982405604890457
  1 5 7 5 100 9.9986015415251e-05 0.0397154327920854 0.0015918048806827 0.0041552390855301 0.00375832428831573 0 0.000288099795882063 0.000234436007895046 0.000220966433470652 6.8934055879838e-05 0 0.949866776644843
  1 6 7 1 100 5.37046173575907e-05 0.0156433963515194 0 0 0.000150985488295305 0 0 1.12217629728307e-19 8.91282388225821e-05 3.13101080661527e-05 0 0.984031475195939
  1 6 7 2 100 4.95542106399073e-05 0.0144342552586352 5.93446521238454e-09 2.83600955111748e-08 0.000139342785528401 0 1.19301298301014e-09 6.04879695480879e-16 8.22396624314959e-05 2.8891362397231e-05 0 0.985265681232793
  1 6 7 3 100 4.59237810838259e-06 0.000950023536475169 1.53319727790277e-05 6.65323922541655e-05 7.29000044652073e-05 0 3.1359550299603e-06 3.26188233127128e-07 6.52848596667935e-06 4.73719212893478e-06 0 0.998875891894559
  1 6 7 4 100 3.8950455450955e-05 0.0121765126051469 0.000437820584204958 0.0013710022109062 0.00127316963756642 0 9.20147166186274e-05 5.90908059526702e-05 7.99781551823337e-05 3.23944854527765e-05 0 0.984439066343518
  1 6 7 5 100 8.65031177238187e-05 0.0328095322633821 0.00139698990011853 0.00420521233296228 0.00363277495042658 0 0.000277221005227628 0.00021369386290195 0.000210613027324733 6.15044344796934e-05 0 0.957105955105453
  1 7 7 1 100 4.78210419217815e-05 0.0228466574229327 0 0 0.000135423075544475 0 0 1.78951826566413e-11 9.93386411493474e-05 3.02206964149737e-05 0 0.976840539104141
  1 7 7 2 100 4.38298808273463e-05 0.020939529447276 5.27822262199654e-09 2.8383200535315e-08 0.000124145451565923 0 1.14877268009071e-09 1.65590846556831e-11 9.10467536271278e-05 2.76990548743345e-05 0 0.978773714585074
  1 7 7 3 100 4.67433740512393e-06 0.00147730346163621 1.52171009654738e-05 7.35362333454174e-05 7.69872068737193e-05 0 3.3003766731084e-06 4.32680291474613e-07 7.46904100958961e-06 4.34007087009884e-06 0 0.99833673949093
  1 7 7 4 100 3.87741657446689e-05 0.0190023116559268 0.000434190482008686 0.00150232030340569 0.00135078570078055 0 9.56541599686715e-05 6.99778395893452e-05 9.22051909733199e-05 3.14313073989322e-05 0 0.977382349194203
  1 7 7 5 100 8.30282326610029e-05 0.0490653611020102 0.00130948852027356 0.00439175469887452 0.00373628628851277 0 0.00028019519978349 0.000241463335278919 0.000232699760265057 5.99878567990973e-05 0 0.940599735005541
  1 8 7 1 100 4.95930345664848e-05 0.0417118933470535 0 0 0.000224042902445791 0 0 4.86464708166637e-10 9.27258938842598e-05 3.6339378696985e-05 0 0.957885404956888
  1 8 7 2 100 4.63062828780977e-05 0.0389468650171927 4.98145757635425e-09 2.20035514774667e-08 0.00020921611661938 0 1.12962463192711e-09 4.54240691875676e-10 8.65797798010176e-05 3.39315517019522e-05 0 0.960677072682932
  1 8 7 3 100 5.06992930640546e-06 0.00282550366933339 1.51099062580087e-05 6.16032752905525e-05 8.27734792435023e-05 0 3.46031092800965e-06 4.45727749676417e-07 7.79670297256293e-06 5.08767111025765e-06 0 0.996993149327808
  1 8 7 4 100 3.82926587998525e-05 0.0317867025851473 0.000401949960514685 0.00135096555375623 0.00142179963192515 0 0.000101111215296548 7.64084372767913e-05 8.7646932813274e-05 3.32424294403186e-05 0 0.96470188059503
  1 8 7 5 100 8.15832299281508e-05 0.0812630167841201 0.00125185562009113 0.00419043126816189 0.00403625463756949 0 0.000306080563826676 0.000276940668874224 0.000223429392949066 6.12661401885434e-05 0 0.908309141694291
  1 9 7 1 100 4.93620099104859e-05 0.0104827039365177 0 0 0.000251808579925481 0 0 2.50228502195314e-09 7.71752368254575e-05 3.33982654379175e-05 0 0.989105549469098
  1 9 7 2 100 4.67426873481141e-05 0.00992638092292782 3.12839990197856e-09 8.7471336859202e-09 0.000238459385159656 0 7.51042243240167e-10 2.36955710000195e-09 7.3079692198508e-05 3.1626353979054e-05 0 0.989683695962254
  1 9 7 3 100 5.04772420936796e-06 0.000739889259106695 1.80043185445779e-05 4.92896079407781e-05 9.27216009479323e-05 0 4.32054636065084e-06 8.60925133207072e-07 6.4084866110739e-06 4.88647400224548e-06 0 0.999078571057143
  1 9 7 4 100 4.857834737743e-05 0.0107088139731274 0.000572545596255797 0.00164430587775452 0.00200378859408635 0 0.000144199614482186 0.00014598731028854 9.04885815958509e-05 3.82400766467388e-05 0 0.984603052028385
  1 9 7 5 100 0.0001143307525171 0.0300124373599911 0.00187545986280249 0.00542762896235913 0.00593898991945131 0 0.000446894899112493 0.000534472762749432 0.000245732964958306 7.68830149096664e-05 0 0.955327169501149
  1 10 7 1 100 4.90228982828276e-05 0.0241806867044475 0 0 0.000169833936141833 0 0 9.54567541619845e-08 7.78283798771548e-05 3.45708672699016e-05 0 0.975487961757227
  1 10 7 2 100 4.58599754676763e-05 0.0226202171172393 5.84848766772244e-09 6.4342553517694e-09 0.000158904158808141 0 1.28354304388244e-09 8.92941582303066e-08 7.28060847055409e-05 3.23409975306595e-05 0 0.977069768805804
  1 10 7 3 100 4.98699665711464e-06 0.00165152721636262 1.70198964640612e-05 2.54358574095793e-05 9.26913559189093e-05 0 3.96232164322803e-06 9.35849130615579e-07 5.97449986640867e-06 4.99846641833819e-06 0 0.998192467540129
  1 10 7 4 100 4.03754011309943e-05 0.0197772794056553 0.000444981918043002 0.00127219727233047 0.00180308451076197 0 0.000130024329455258 0.000148728185408302 6.97485219888347e-05 3.33239901666499e-05 0 0.976280256465059
  1 10 7 5 100 8.68475047254828e-05 0.0507927137776499 0.00136368950065195 0.0040941975496284 0.00511897222520058 0 0.000389564940126375 0.000525634269136606 0.000175816913196866 6.0660436637422e-05 0 0.937391902883046
  1 11 7 1 100 4.86792880595655e-05 0.0246040410467538 0 0 0.000260949569034639 0 0 3.1719499849611e-09 6.09567678467228e-05 3.90435257580747e-05 0 0.974986326630597
  1 11 7 2 100 4.55853804312928e-05 0.0230399297954031 5.72320914715046e-09 5.49639033782843e-09 0.000244389152954367 0 1.22345807435351e-09 2.97448342584111e-09 5.70819942829025e-05 3.6562323439384e-05 0 0.976576435935948
  1 11 7 3 100 6.03885791540233e-06 0.00206674437264782 1.9977323575095e-05 2.61706094746803e-05 0.000113705328828981 0 4.55748733459444e-06 1.1952005147634e-06 6.11143910480843e-06 5.70211842919671e-06 0 0.997749797262175
  1 11 7 4 100 4.84917257663232e-05 0.0246393859339799 0.000540157364095451 0.00145719351580821 0.00228844485806476 0 0.000163464163181816 0.000208738976858896 7.36876529491582e-05 3.962369261299e-05 0 0.970540812116682
  1 11 7 5 100 0.000113519313554869 0.0679637933552746 0.00179157249972075 0.00510391025230402 0.00694898399898245 0 0.000524280885021734 0.000793124607190868 0.000203639277830119 7.98298719132202e-05 0 0.916477345938207
  1 12 7 1 100 4.87196248606754e-05 0.027547563871095 0 3.91192430294269e-05 9.44913843788239e-05 0 0 3.47535595477133e-22 7.11954982013471e-05 3.00751175034842e-05 0 0.972168835260931
  1 12 7 2 100 4.65049269830263e-05 0.0262953060506748 0 3.73409595397598e-05 9.01959927571034e-05 0 0 3.31737314026654e-22 6.79590915332825e-05 2.87079620893058e-05 0 0.973433985016423
  1 12 7 3 100 3.23086618999368e-06 0.00118613936091627 1.10171018617177e-05 1.23363515536053e-05 6.12380402471405e-05 0 2.82149339899213e-06 4.44689019022993e-07 3.8122225514324e-06 3.02201211383016e-06 0 0.998715937862148
  1 12 7 4 100 2.98466167533229e-05 0.0161400501230241 0.000326383852564679 0.000860324418221243 0.00147288420357991 0 0.000110525403005529 8.54403153115479e-05 5.36942374571422e-05 2.33280454470557e-05 0 0.980897522784635
  1 12 7 5 100 6.73698825851226e-05 0.0438644858028118 0.00106457424545798 0.00299830220612862 0.00446743079943908 0 0.000352670232318573 0.000320499617730194 0.000145224001806109 4.65343210477842e-05 0 0.946672908890675
  1 13 7 1 100 5.10929689297481e-05 0.0148389060662907 0 0 0.000191214685979334 0 0 3.00966865641103e-15 8.96585715723789e-05 2.26518363991382e-05 0 0.984806475870826
  1 13 7 2 100 4.62960732068977e-05 0.0134455579934186 5.81751099651818e-09 1.17388059583105e-08 0.00017329275670384 0 1.47099431439614e-09 2.542442289798e-13 8.12402087229796e-05 2.05261020212518e-05 0 0.986233067838361
  1 13 7 3 100 4.75053150223606e-06 0.000951431476597572 1.60384811013733e-05 3.57435603847163e-05 9.70341168535555e-05 0 4.3464220408364e-06 3.81132667249857e-07 6.80288526144012e-06 4.28661725308224e-06 0 0.998879184776338
  1 13 7 4 100 4.32564984474053e-05 0.0130444740663343 0.000493703819105267 0.00154640289584897 0.00237105876608476 0 0.000178714273348744 7.41301903913575e-05 9.27128905123182e-05 3.1135465416206e-05 0 0.982124411134511
  1 13 7 5 100 9.73186590557179e-05 0.0355649836140383 0.00157413573404766 0.00505106425675518 0.00704624328346502 0 0.00055442335060953 0.000266371267855272 0.000247578275544289 5.9705760238001e-05 0 0.949538175798391
  1 14 7 1 100 2.12917879134789e-05 0.0166508846478894 0 0 0.00010727291737933 0 0 9.24673682473158e-19 8.99585719666852e-05 2.66524869369575e-05 0 0.983103939587914
  1 14 7 2 100 1.94540305466502e-05 0.0152130567864722 3.38346141517841e-09 1.1350632184546e-08 9.80302881819162e-05 0 8.77270642516437e-10 3.00340919382835e-15 8.21907625219227e-05 2.43516927526709e-05 0 0.984562900828157
  1 14 7 3 100 3.15087862225547e-06 0.00071989148315581 1.08449960975736e-05 3.57521350579764e-05 6.64387646051698e-05 0 2.99749590629895e-06 9.38893361971404e-08 4.6156100619636e-06 3.00285639723468e-06 0 0.99915321189076
  1 14 7 4 100 2.92418165415833e-05 0.0103165077640636 0.000355434049657149 0.00123215067531624 0.00176068951543304 0 0.000135697624316842 2.19526611856859e-05 6.69677972419835e-05 2.21406417842384e-05 0 0.98605921745446
  1 14 7 5 100 6.93185343173688e-05 0.0285243547706277 0.00115485787347307 0.00402889869998858 0.00525872140198579 0 0.000423264897662535 8.00558134442015e-05 0.000181540346095336 4.44454382733565e-05 0 0.960234542224132
  1 15 7 1 100 5.54428525326131e-05 0.0180776630073707 0 0 0.000113089522780984 0 0 2.92794048760982e-09 8.70721168266762e-05 2.86532816953691e-05 0 0.981638076290853
  1 15 7 2 100 4.94314039309657e-05 0.0161173593177004 6.07444488537971e-09 2.49226203986098e-08 0.000100863284659014 0 1.58482949977217e-09 2.61036209774745e-09 7.76306577023557e-05 2.55474216468008e-05 0 0.983629132722104
  1 15 7 3 100 4.20393674182515e-06 0.000975848749876695 1.39251350094563e-05 5.49060288199182e-05 8.6875753366582e-05 0 4.04843400611086e-06 9.78118681867643e-08 5.65976051116884e-06 3.91970753564207e-06 0 0.998850514682264
  1 15 7 4 100 3.52391122943123e-05 0.0129469741881091 0.000409385387247782 0.00156703196769147 0.0023181568970902 0 0.00018340189857595 2.01083685259817e-05 7.72156412431653e-05 2.7401041039443e-05 0 0.982415085498183
  1 15 7 5 100 7.40381186245906e-05 0.0325464998794493 0.00118366853357498 0.00457854190385064 0.00649667773712309 0 0.000531796199154788 6.58749928151152e-05 0.000192729142792469 5.06190495413788e-05 0 0.954279554443074
  1 16 7 1 100 4.80118278907152e-05 0.0245643172620055 0 0 0.000225030341080772 0 0 1.12276760518288e-16 8.33154757211486e-05 3.19497394368827e-05 0 0.975047375353865
  1 16 7 2 100 4.34618826530731e-05 0.022236193581831 5.7177922400924e-09 2.59484575852254e-08 0.000203737081765784 0 1.65577106585491e-09 2.07588361778597e-12 7.54198104471729e-05 2.89227014588214e-05 0 0.977412231617747
  1 16 7 3 100 4.2910656754196e-06 0.0016349260091134 1.64446269322257e-05 7.01910586450565e-05 0.000109338011654486 0 5.01024639525953e-06 9.33108912770742e-08 7.31828918077532e-06 4.74650762102459e-06 0 0.998147640873891
  1 16 7 4 100 2.85269055052801e-05 0.0163356336603717 0.000362546155872105 0.00136225071256593 0.00225177763805253 0 0.000165425154330029 1.87166612467223e-05 7.39184802056599e-05 2.7035815962293e-05 0 0.979374168815888
  1 16 7 5 100 6.08697959255533e-05 0.0429433563006535 0.00116146037285951 0.00437526741313092 0.00687497278932001 0 0.000527185021734858 7.14594433267081e-05 0.000194374850734509 4.81807644903138e-05 0 0.943742873247824
  1 17 7 1 100 3.24120394692448e-05 0.0107972074815201 0 0 0.00021743571006392 0 0 2.23217798547977e-07 9.17886419405876e-05 2.92144579448941e-05 0 0.988831718451263
  1 17 7 2 100 2.98457981201268e-05 0.00994217119075624 5.95770848418818e-09 2.66823894771187e-09 0.00020025259230443 0 1.67698092355256e-09 2.05535009802642e-07 8.45202660297354e-05 2.69019257266364e-05 0 0.989716092389125
  1 17 7 3 100 3.21069156213397e-06 0.00070437465111281 1.59427170460598e-05 1.43121339442833e-05 0.000105060851261056 0 4.71843024250023e-06 8.00780373416593e-08 6.98083792806702e-06 4.19124723408469e-06 0 0.999141128361632
  1 17 7 4 100 2.03825088239825e-05 0.00682016580805311 0.000297618042115327 0.000763886664816343 0.00193619946315179 0 0.000138673791790219 1.72845138298671e-05 6.69838075929544e-05 2.38552445578316e-05 0 0.989914950155269
  1 17 7 5 100 4.40133007329817e-05 0.0201130530328468 0.00106618825560154 0.00299381163488128 0.00701683561459586 0 0.000531657924882905 7.87999495174114e-05 0.000195269787473469 4.21174625950569e-05 0 0.967918253036873
  1 18 7 1 100 2.35534440777884e-05 0.0236087773487191 0 0 0.000390650175466834 0 0 1.34007227681195e-08 8.02216735084642e-05 2.97370446858108e-05 0 0.975867046912819
  1 18 7 2 100 2.18047363031189e-05 0.0218556226733436 6.05159859853743e-09 2.35641293220587e-09 0.000361673932312037 0 1.78583337369619e-09 1.24052559627395e-08 7.42648776462956e-05 2.75296811021326e-05 0 0.977659081500192
  1 18 7 3 100 2.62295986462331e-06 0.00172211327564376 1.82672391565661e-05 9.85244801611794e-06 0.000122754370403339 0 5.59515718871994e-06 7.45455133394433e-08 6.83876346730532e-06 4.50079986039771e-06 0 0.998107380440886
  1 18 7 4 100 1.54767628124005e-05 0.0130444333881304 0.000243020757507041 0.000370413490176106 0.00169161308017343 0 0.0001175184001294 1.37384504873844e-05 5.43657881822737e-05 2.35963908564838e-05 0 0.984425823491545
  1 18 7 5 100 3.21769739134163e-05 0.0375326799520857 0.000897170227373758 0.0017327261770162 0.00680253836932856 0 0.000508939012772192 7.52447515189984e-05 0.000161903125786324 3.78392499813959e-05 0 0.952218782160223
  1 19 7 1 100 1.9130734226841e-05 0.0187747152319228 0 0 0.00029874227191054 0 0 5.38191164199283e-11 6.46470469485094e-05 3.06205572035578e-05 0 0.980812144103969
  1 19 7 2 100 1.81076555869312e-05 0.0177705098222667 5.45012634601046e-09 2.48030179412868e-09 0.00028279385314336 0 1.51405249038542e-09 5.113175635908e-11 6.11895839296581e-05 2.89833720560379e-05 0 0.981838406217405
  1 19 7 3 100 1.88502966415127e-06 0.0013920340375055 1.63125037710392e-05 8.78684151065601e-06 0.00010841611887103 0 4.66811618960334e-06 8.99374535296814e-08 5.75561952115526e-06 3.86088112919495e-06 0 0.998458190914384
  1 19 7 4 100 1.17379793495511e-05 0.0106443139908569 0.000213546497376504 0.000241601259467089 0.00137552050685206 0 9.09868035846328e-05 1.20207798872254e-05 4.65223475606228e-05 2.03906437304142e-05 0 0.987343359191335
  1 19 7 5 100 2.34228407946585e-05 0.0303057139768305 0.000773116811177472 0.00110638284097351 0.00536841694777507 0 0.000396000811504657 6.52892935741133e-05 0.000132893150893214 3.2805777023044e-05 0 0.961795957549454
  1 20 7 2 100 1.67443361801174e-05 0.0160037979868412 1.1077478321198e-08 2.50819739802078e-05 0.000518042231558269 0 2.63317134813579e-09 3.00666184909962e-11 6.72131567290488e-05 3.13411265384145e-05 0 0.983337765447456
  1 20 7 3 100 4.7844730309377e-06 0.00384198167600739 2.86720402022204e-05 2.34688596502749e-05 0.00024311864524166 0 7.20229779232754e-06 1.45136428179448e-07 1.79311146621181e-05 1.03608323574942e-05 0 0.995822334924627
  1 20 7 4 100 1.72491576994317e-05 0.0149522301588454 0.000347783865103139 0.000299063129748785 0.00216620674786426 0 0.000134635388870202 1.77834327611278e-05 7.81862854201529e-05 3.67237718367624e-05 0 0.981950138061851
  1 20 7 5 100 3.32034980782115e-05 0.0411155536003986 0.00122313374724225 0.00120462839766613 0.00834527774398083 0 0.000585191658958401 9.62299616619656e-05 0.000220972272448417 5.90809794108221e-05 0 0.947116728140154
  1 21 7 1 100 1.46710696108171e-05 0.0177735675957762 0 0 0.000222806902804555 0 0 9.88028604449027e-28 8.86737619586434e-05 2.31212145666607e-05 0 0.981877159455283
  1 21 7 2 100 1.45268401634178e-05 0.0175988378793577 0 0 0.000220616516055618 0 0 9.78315419015745e-28 8.78020213135926e-05 2.28939128028075e-05 0 0.982055322830307
  1 21 7 3 100 1.33010802383868e-06 0.0010660955124861 1.38267187042302e-05 1.16804510498911e-05 9.66476296818215e-05 0 3.80995296745502e-06 4.26663803132925e-08 6.25421619604472e-06 3.02017252129586e-06 0 0.998797292571989
  1 21 7 4 100 6.85886863504275e-06 0.00667233174825712 0.000140240508696703 0.000116193042909959 0.000965124834026691 0 6.05974643608816e-05 3.89847270810746e-06 3.93804656532364e-05 1.44622514692232e-05 0 0.991980912343283
  1 21 7 5 100 1.22695349846745e-05 0.0172545532632135 0.000481817944894968 0.000419976371046228 0.00364938021921546 0 0.00026277314482358 2.17479840689996e-05 0.000101527302903229 2.00221702477473e-05 0 0.977775932064602
  1 22 7 2 100 1.15547573278042e-05 0.0208280998380709 2.85906032199947e-09 2.70757496229917e-09 0.000337101088265821 0 8.28199994508729e-10 1.62706395689363e-15 7.7776213991262e-05 2.84549419334375e-05 0 0.978717006765574
  1 22 7 3 100 2.04396558126097e-06 0.00252293608422492 2.17742199052339e-05 1.95088566223186e-05 0.000169995789220883 0 6.49987599909049e-06 4.92796087516476e-08 1.06713077246713e-05 5.91599067606018e-06 0 0.997240604630437
  1 22 7 4 100 1.07247514241454e-05 0.0148227748729167 0.000241077809095652 0.000193812471681649 0.00177538870457706 0 9.87643275898694e-05 5.6383169713387e-06 6.78813964012785e-05 2.74705011589748e-05 0 0.982756466848183
  1 22 7 5 100 2.06917682249384e-05 0.0386067441135421 0.000836693350380322 0.000693460165787049 0.00673264530161899 0 0.000407879930415912 3.10840855304017e-05 0.000186387761317242 4.15302064960163e-05 0 0.952442883316687
  1 23 7 2 100 1.30686714884262e-05 0.0241392467970903 3.71814051222968e-09 9.70155463995778e-06 0.000517878190342292 0 8.82523844074653e-10 4.02675478441828e-16 7.65178379962512e-05 2.65373617570856e-05 0 0.975217044986021
  1 23 7 3 100 3.81202669128605e-06 0.00614910258523367 2.33436502657305e-05 2.22232500888568e-05 0.000235102476057746 0 5.80221035162934e-06 5.77066449426338e-08 2.18726415171908e-05 8.32506278464101e-06 0 0.993530358390364
  1 23 7 4 100 1.16319575396585e-05 0.0184525689986599 0.000268532220383416 0.000206023252086474 0.0017295605080972 0 0.000100627765568157 7.31167568561774e-06 7.55525414389913e-05 2.50529942993884e-05 0 0.979123138086241
  1 23 7 5 100 2.2787747619046e-05 0.0496895311650465 0.00100193877861147 0.000761520949924718 0.00692433159361781 0 0.000471791859502443 4.55867840515027e-05 0.00020075797124052 4.37525191814688e-05 0 0.940838000631205
  1 24 7 2 100 1.06191766487333e-05 0.0346374062364343 0 0 0.000349761905308423 0 0 1.14320386519096e-10 9.0638307747376e-05 3.04674522315399e-05 0 0.964881106807309
  1 24 7 3 100 2.11952137554416e-06 0.00374646633487774 2.96973667751444e-05 1.71484252302143e-05 0.000156194665482439 0 5.66383909954996e-06 9.24121239140372e-08 1.11067318854747e-05 4.86314541676101e-06 0 0.996026647557733
  1 24 7 4 100 8.71827732882364e-06 0.0178648622674591 0.000204968131627424 0.000129888462754161 0.00131358710044769 0 7.454868000301e-05 9.27133296679219e-06 5.58089033425598e-05 1.98876383033219e-05 0 0.980318459205767
  1 24 7 5 100 1.51820252066585e-05 0.0474708574548963 0.000698345563646354 0.000474209477603845 0.00538158913844885 0 0.000357194406257165 6.05543957438927e-05 0.000156430751395121 3.02858249706777e-05 0 0.945355350961831
  1 25 7 1 100 1.22160083676288e-05 0.0203968528715745 0 0 0.000363892869174703 0 0 3.73244557629694e-08 7.52991954264984e-05 2.61861052894767e-05 0 0.979125515625711
  1 25 7 2 100 1.19556490063228e-05 0.0199621354559933 0 0 0.00035613723311496 0 0 3.65289609359285e-08 7.36943462942693e-05 2.5628001738539e-05 0 0.979570412784892
  1 25 7 3 100 1.23176228735166e-06 0.00142678023463471 2.08312592258838e-05 9.27632624039711e-06 0.000113446984048253 0 4.31073153670146e-06 1.27008921293644e-07 6.69384277781102e-06 3.08290962136773e-06 0 0.998414218940706
  1 25 7 4 100 7.88843809483313e-06 0.0103818514881066 0.000197220756540665 0.000100517851391843 0.00134274219837496 0 7.14614800547732e-05 1.62146682712994e-05 5.04788798941672e-05 1.82999728750235e-05 0 0.987813324266396
  1 25 7 5 100 1.54711626724246e-05 0.0289969551139903 0.000684213207280179 0.000374045396042225 0.00543425661757407 0 0.000317519841951034 9.73259043305913e-05 0.000144007326066724 2.93106098196893e-05 0 0.963906894820273
  1 26 7 2 100 9.99503861711028e-06 0.0226538273804614 3.1144656242376e-09 9.43376747248883e-06 0.000616601706398233 0 9.07312072682791e-10 8.40097749560341e-10 7.97116858086324e-05 2.79630891758818e-05 0 0.976602462470191
  1 26 7 3 100 2.73468296294847e-06 0.00414239174176797 2.06084663325928e-05 1.09114979869278e-05 0.000218787945674331 0 6.2079583147708e-06 2.09085026752461e-07 1.72617426494944e-05 6.74737501597523e-06 0 0.995574139504268
  1 26 7 4 100 1.08548470465592e-05 0.0165150991719767 0.000252064145703257 0.000111915214043753 0.00192747282360775 0 0.000113155713071702 3.20694235481738e-05 7.82351975759367e-05 2.56916929675443e-05 0 0.980933441770459
  1 26 7 5 100 1.9721741511506e-05 0.0428996946226823 0.000900879148505156 0.000413268670255323 0.00748874654540919 0 0.000502769681186979 0.000187538942709038 0.000203969808676968 3.99010467939853e-05 0 0.94734350979227
  1 27 7 1 100 1.25717790647533e-05 0.0225736097603165 0 4.6797356981921e-05 0.000400525449155134 0 0 3.07209554314481e-09 8.67171630144581e-05 2.67990719661633e-05 0 0.976852976347406
  1 27 7 2 100 1.24087997569973e-05 0.0222809677027889 0 4.61906806470569e-05 0.000395333076611378 0 0 3.03226919856754e-09 8.55929702390466e-05 2.64516514320406e-05 0 0.977153052086255
  1 27 7 3 100 1.18211651523594e-06 0.00143316769238826 1.25457070649712e-05 9.17146547315934e-06 0.000114842798749816 0 4.35160792083487e-06 1.69273040690037e-07 6.3613771178629e-06 3.32099672162401e-06 0 0.998414886965008
  1 27 7 4 100 6.78491076221772e-06 0.009438145775125 0.000142986369298982 8.75440287882257e-05 0.00120417619140069 0 7.09537596773295e-05 2.30545137460954e-05 4.32136288975991e-05 1.7425345948595e-05 0 0.988965715476355
  1 27 7 5 100 1.24764495729578e-05 0.0249622151013499 0.000543979889409837 0.000319744532955884 0.00484278870811714 0 0.00032667581397784 0.000142834923854963 0.000121175203285911 2.46230764538932e-05 0 0.968703486301022
  1 28 7 2 100 1.04255295718623e-05 0.0242515264320772 2.70790893580296e-09 0.000263832781742852 0.000664479687741589 0 9.44534358632959e-10 3.69772284875023e-09 8.43675006604701e-05 2.77199259998417e-05 0 0.97469764079204
  1 28 7 3 100 2.7089270472952e-06 0.00443506050890028 2.00762190007758e-05 8.39555435021921e-05 0.00024359009240239 0 7.23370731859081e-06 2.71175705429624e-07 1.71965611725436e-05 7.5911175432083e-06 0 0.995182316147407
  1 28 7 4 100 1.16080900208775e-05 0.0185639399227272 0.000248253530157116 0.000546965289880045 0.00227002691053798 0 0.000131445695460874 4.33427184197092e-05 8.0448125939604e-05 2.94272195932961e-05 0 0.978074542497263
  1 28 7 5 100 2.19646082058688e-05 0.0503053407034135 0.000941145080653871 0.001793501899084 0.00918735929806427 0 0.000598027682254614 0.000254767402622764 0.000229511263594449 4.55630391634569e-05 0 0.936622819022943
  1 29 7 2 100 1.3341193869861e-05 0.021685799729802 0 0 0.000414102040420402 0 0 3.49553862983968e-11 8.28943864154524e-05 2.64035589513137e-05 0 0.977777459055586
  1 29 7 3 100 1.63170346283478e-06 0.0021397648165522 1.66407099829198e-05 9.73842122343828e-05 0.000167359766113117 0 6.06275396374179e-06 1.51667271519666e-07 9.42969086506217e-06 4.33209395022148e-06 0 0.997557242585604
  1 29 7 4 100 7.75167868516622e-06 0.0117546340021222 0.00016786728559158 0.000691731246164323 0.0016012591396688 0 9.18817809168727e-05 1.96463104285015e-05 5.52063563747012e-05 1.97606752134764e-05 0 0.985590261524834
  1 29 7 5 100 1.51711302829884e-05 0.0317073439034687 0.00064994003174106 0.00222976760939267 0.00675385268457552 0 0.00044378598743678 0.000128076156030796 0.000159287028675007 2.9163280936549e-05 0 0.95788361218746
  1 30 7 2 100 1.1868897879224e-05 0.0246478672540485 0 0 0.000323888352902339 0 0 3.28502237255732e-08 8.095584323928e-05 2.6937509882896e-05 0 0.974908449291824
  1 30 7 3 100 1.7766357247625e-06 0.00270834629898815 1.37380496453455e-05 0.000128823801314719 0.000145894501437163 0 4.83787083680458e-06 1.22368919945497e-07 1.00749361209893e-05 4.31721550790287e-06 0 0.996982068321504
  1 30 7 4 100 8.63325438932404e-06 0.014612672288295 0.000157677948844544 0.000996682307200332 0.00142802295638819 0 7.88233209515405e-05 1.74368617981793e-05 5.75636076757746e-05 2.02108348816825e-05 0 0.982622276619575
  1 30 7 5 100 1.56912129763922e-05 0.0393214990738154 0.000612034214288504 0.00315466374979651 0.00585485391439612 0 0.00038402278705123 0.000115218322057045 0.00016256239885525 3.06537126168043e-05 0 0.950348800614147
  1 31 7 1 100 1.23690931981664e-05 0.0243840122682206 0 0 0.000347637536386182 0 0 1.35996669259757e-10 8.95841578411744e-05 2.65619847454135e-05 0 0.975139834823612
  1 31 7 2 100 1.21460422446132e-05 0.0239442971572788 0 0 0.000341368614102265 0 0 1.33544251263347e-10 8.79686932707644e-05 2.60829944159843e-05 0 0.975588136365143
  1 31 7 3 100 1.1260715954253e-06 0.00140593896579946 9.92525769341212e-06 0.000108875946229643 9.71536079340778e-05 0 3.54918278480682e-06 4.73686061774314e-08 6.19350222987867e-06 2.85616289153326e-06 0 0.998364333934236
  1 31 7 4 100 6.79141794575396e-06 0.0103769123842827 0.000122236093377569 0.00092721121015459 0.00110738055108435 0 6.2408879146129e-05 7.6651431521653e-06 4.72597444123781e-05 1.6209779074504e-05 0 0.98732592479737
  1 31 7 5 100 1.21748904792195e-05 0.0277882918827457 0.000458011144556991 0.00283873542343421 0.00443065060994914 0 0.000292533115479749 4.90771885456754e-05 0.00012769021043562 2.30675777467516e-05 0 0.963979767956627
  1 32 7 1 100 1.2291478005235e-05 0.0262529080050805 0 0 0.000380165467101761 0 0 2.81082875394762e-12 9.20047492599921e-05 2.60514152647529e-05 0 0.973236578882477
  1 32 7 2 100 1.1756323686677e-05 0.025109891918029 0 0 0.000363613577133811 0 0 2.68844907383418e-12 8.79989869852389e-05 2.49171718989394e-05 0 0.974401822019578
  1 32 7 3 100 1.01385051180102e-06 0.00148932213077665 9.52443123049456e-06 9.02280313080015e-05 0.000100192520394175 0 4.20007763050634e-06 4.2550316211293e-08 5.69515417296191e-06 2.53801476352786e-06 0 0.998297243238896
  1 32 7 4 100 6.6093725712747e-06 0.0110226362719147 0.00012329324300009 0.000801154897684201 0.00122758641625491 0 7.31325608009736e-05 8.5230795942555e-06 4.47635905952177e-05 1.52177300420282e-05 0 0.986677082837542
  1 32 7 5 100 1.20253446086744e-05 0.0283985801562424 0.000447713152795897 0.00248122982881453 0.00481562216532553 0 0.000321834670456461 5.04641026537021e-05 0.000122832422321437 2.17005100441995e-05 0 0.963327997646737
  1 33 7 2 100 1.3125787780564e-05 0.0214795190861428 4.67744772268825e-09 9.96348533790261e-06 0.000355009811196778 0 1.86099623176563e-09 4.98453936566736e-13 6.49160965173633e-05 2.35279626962433e-05 0 0.978053931231386
  1 33 7 3 100 2.08940529906129e-06 0.00246787958866666 1.66024307990038e-05 1.51389528982691e-05 0.000173294217169749 0 6.65830224118396e-06 8.08377614726728e-08 9.00764957025842e-06 4.91365761918111e-06 0 0.997304334957975
  1 33 7 4 100 1.00122859822516e-05 0.0145756209749793 0.000187057002651126 0.000580938476986317 0.00182466175917534 0 0.000105313229148708 1.68745979546865e-05 5.62739722909784e-05 2.42788348311652e-05 0 0.982618968866
  1 33 7 5 100 1.83090960511923e-05 0.0396076030886488 0.000700906620607383 0.00259866888493878 0.00743772623018307 0 0.000483578742959585 0.000104905879492549 0.000160281484153418 3.48225979308676e-05 0 0.948853197375034
  1 34 7 1 100 1.23082482457333e-05 0.0228232999206907 0 0 0.000388723358753922 0 0 2.21311160382811e-12 7.78183165540605e-05 2.53084929654083e-05 0 0.976672541660577
  1 34 7 2 100 1.2022287398006e-05 0.0222930400443092 0 0 0.000379692044225535 0 0 2.1616937856536e-12 7.60103426388264e-05 2.47204939294287e-05 0 0.977214514785337
  1 34 7 3 100 1.34238525423267e-06 0.00188388548017618 1.33145312418482e-05 7.42813479777573e-06 0.00014324691417052 0 5.30407282982458e-06 7.77389876877395e-08 7.59291224494358e-06 3.7633968144923e-06 0 0.997934044433483
  1 34 7 4 100 8.01183065279615e-06 0.0124973434538965 0.000158609344324376 0.000277538280796624 0.00158957422232378 0 9.02755672739503e-05 1.50144876349879e-05 5.24549444768231e-05 1.89457939988059e-05 0 0.985292232074621
  1 34 7 5 100 1.70846445549998e-05 0.0360368751365047 0.000643709507631313 0.00154011813514021 0.00699826779036494 0 0.000455242597605876 0.000102689051783821 0.000158018779883537 2.93840090278812e-05 0 0.954018610347503
  1 35 7 1 100 1.13924946016856e-05 0.0258546384402611 0 0 0.000262998783172462 0 0 2.78874179813987e-15 8.28767948707508e-05 3.02034495005675e-05 0 0.973757890037591
  1 35 7 2 100 1.10225287426963e-05 0.025015021319179 0 0 0.000254458022423261 0 0 2.69817873088191e-15 8.01854102638968e-05 2.92226068028439e-05 0 0.974610090112586
  1 35 7 3 100 9.69310748220599e-07 0.00128628217173362 8.81273461627654e-06 4.9119903100848e-06 9.4725099136538e-05 0 3.58994517512145e-06 8.54578845568568e-08 4.86575226772557e-06 2.32464364056495e-06 0 0.998593432894487
  1 35 7 4 100 5.95913861603875e-06 0.00959865394275207 0.000112147333384489 0.000147283019484162 0.00116836096434796 0 6.8099784766579e-05 1.1810797118702e-05 3.88298337935762e-05 1.37522091469149e-05 0 0.988835102976589
  1 35 7 5 100 1.05816352806156e-05 0.0251581998994356 0.000400195829061109 0.000699645496942422 0.00456333960361632 0 0.000301728444522344 6.77818581515874e-05 0.000106771789771651 2.12646629751467e-05 0 0.968670490780243
  1 36 7 2 100 1.30510950741448e-05 0.0191472396727388 4.6892857284984e-09 3.60043948517021e-09 0.000419521960330718 0 1.92216612548293e-09 5.68981352142707e-10 7.90464065784467e-05 2.58935102567441e-05 0 0.980315236574148
  1 36 7 3 100 2.20750110885311e-06 0.00222778932992313 1.70480824524803e-05 1.33724888036903e-05 0.000194758450084232 0 7.18774586818051e-06 1.32991656248321e-07 1.0949089685824e-05 5.26961940346319e-06 0 0.997521284701014
  1 36 7 4 100 1.07700310245317e-05 0.0134912216361283 0.000201991569814996 0.000234009845741074 0.0021639195529666 0 0.000126623037146509 2.33371982076708e-05 7.06334379361816e-05 2.58391110508303e-05 0 0.983651654579983
  1 36 7 5 100 1.94309433848793e-05 0.0364234934163219 0.000728650468451424 0.00104164202628899 0.00865334748094895 0 0.000560515984107728 0.000135679215892838 0.000196878306183233 3.79647183602302e-05 0 0.95220239744006
  1 37 7 2 100 1.09497247012908e-05 0.0233459092548686 2.34314118000124e-09 1.71175877104221e-05 0.000432507845873252 0 1.02173361762108e-09 7.76096693985073e-09 6.19132484585161e-05 2.64572005954391e-05 0 0.976105134011951
  1 37 7 3 100 1.69274090817078e-06 0.00230396169010482 1.51575018192604e-05 1.35003297565145e-05 0.000173685314912398 0 6.78648299982547e-06 1.63460536898377e-07 6.75377723327296e-06 4.37493856153087e-06 0 0.997473923763167
  1 37 7 4 100 9.09370489737413e-06 0.0141720227946981 0.000167239214541266 0.000180940729163708 0.0019144889219191 0 0.000109820783737264 2.19479377449685e-05 4.86237147348041e-05 2.1650621539369e-05 0 0.983354171577024
  1 37 7 5 100 1.680336996348e-05 0.0391769165331617 0.000632644218416805 0.000795765295691135 0.00808471235341308 0 0.00051778980662465 0.000137840741094009 0.000151739912649781 3.28116339335355e-05 0 0.950452976135052
  1 38 7 1 100 1.27497416080287e-05 0.02120239007069 0 0 0.000449455668257295 0 0 2.48420881923804e-21 7.34625809201838e-05 2.49373754805272e-05 0 0.978237004563044
  1 38 7 2 100 1.24491783937699e-05 0.0207025635874926 0 0 0.000438860171934984 0 0 2.42564592356883e-21 7.17307693958453e-05 2.43495002152836e-05 0 0.978750046792567
  1 38 7 3 100 1.18407435113749e-06 0.00144187071541861 1.19583485705581e-05 1.12579012032283e-05 0.000132748847119591 0 5.35998150882182e-06 1.18760908757384e-07 6.33832187095274e-06 2.98273178429609e-06 0 0.998386180317264
  1 38 7 4 100 7.21807629840372e-06 0.0104381407732704 0.000141256129180142 0.000140615636063044 0.00158208472213519 0 9.32452863763336e-05 1.71011788583827e-05 4.86674336400549e-05 1.6210964945553e-05 0 0.987515459799232
  1 38 7 5 100 1.47016076151022e-05 0.0294292011033788 0.000541674736584316 0.000605930767557726 0.00679604988553811 0 0.000448501178197695 0.000110898682910689 0.000142748115567152 2.62050532381528e-05 0 0.961884088869412
  1 39 7 2 100 1.00611120170568e-05 0.0274083156596135 2.22424894995938e-09 2.32764236651163e-09 0.000388079957338686 0 9.05702867263478e-10 5.12532713820507e-08 7.72332035469411e-05 2.52247016282819e-05 0 0.97209102865499
  1 39 7 3 100 1.62569482478304e-06 0.0029529206942975 1.52352794834757e-05 1.51769505722305e-05 0.000175041307184512 0 6.39292737200641e-06 1.73238140256336e-07 1.02464986362094e-05 4.43963073002159e-06 0 0.996818747778759
  1 39 7 4 100 9.3940779196336e-06 0.0172337634818146 0.000175415150537478 0.00016648678566708 0.00189679215381455 0 0.000108405925156683 2.45620606433078e-05 6.35429783619221e-05 2.13834181606513e-05 0 0.980300253967924
  1 39 7 5 100 1.78929456573809e-05 0.0449891136512431 0.000625892268638778 0.000640211765924258 0.00746573247779082 0 0.00047818112089578 0.000142612332827945 0.000175501703149252 3.28573522098682e-05 0 0.945432004381663
  1 40 7 2 100 1.1088918831155e-05 0.021888758861472 2.44261658918599e-09 5.25374117761768e-05 0.000394099135734598 0 9.6842351105933e-10 7.93030501367355e-09 8.86069745590881e-05 2.66367937286943e-05 0 0.977538260562553
  1 40 7 3 100 2.07867468481748e-06 0.00263537626824641 1.56818058747457e-05 2.35944972103105e-05 0.000179755664854446 0 6.39672852333653e-06 2.2872666284512e-07 1.29947765831018e-05 4.94102667853573e-06 0 0.997118951830681
  1 40 7 4 100 9.72312299295653e-06 0.013845416735094 0.000176331195707559 0.000207943006133214 0.00186602311751565 0 0.00010462318986944 3.04288548539195e-05 7.28492035027729e-05 2.22597928708724e-05 0 0.98366440178146
  1 40 7 5 100 1.72026974371678e-05 0.0377235985012737 0.000654579499701259 0.00075727512314951 0.00765174525967972 0 0.000486592540943316 0.000190607479272582 0.000196044319919899 3.1717525270868e-05 0 0.952290637053352
  1 41 7 2 100 1.16733460992641e-05 0.030148085296194 0 0.000253464029299323 0.000359787483037366 0 0 5.91853286814343e-13 7.74993488600911e-05 2.89924627790629e-05 0 0.969120498033139
  1 41 7 3 100 1.96281876019063e-06 0.00316527894834741 1.27965424561543e-05 6.04434223821303e-05 0.000151798636053036 0 5.63459210741152e-06 3.16559760034817e-07 1.00007348811663e-05 5.03488740454244e-06 0 0.996586732857848
  1 41 7 4 100 1.03215184555095e-05 0.0189619659965094 0.000161230477838711 0.000506774868696254 0.00178541978400246 0 0.000103805721463025 3.84440316579286e-05 6.42459643380916e-05 2.44801039347369e-05 0 0.978343311533104
  1 41 7 5 100 2.02038413765747e-05 0.0555419124928055 0.000632191362732267 0.00176414096535243 0.007577711062673 0 0.000492945822718026 0.00023550492073263 0.000189311516204425 4.02443495881224e-05 0 0.933505833665817
  1 42 7 2 100 1.7409009629656e-05 0.0304902103387262 0 0 0.000362840414477099 0 0 5.41834090366577e-11 8.83004268260669e-05 3.07017498993488e-05 0 0.969010538006258
  1 42 7 3 100 1.92564900234104e-06 0.00248748667963144 1.33011020580041e-05 8.37044568017385e-05 0.000135257929916506 0 4.68074917034922e-06 4.26006113435271e-07 8.55266232404743e-06 4.20598390983805e-06 0 0.997260458781072
  1 42 7 4 100 1.19368279528749e-05 0.0187710400093557 0.000209543456727691 0.000867630336057976 0.00184656559202187 0 9.35286508081771e-05 5.33311769777338e-05 6.65334104532816e-05 2.36242588653045e-05 0 0.978056266280779
  1 42 7 5 100 2.35109184777516e-05 0.0498898819914362 0.000681452203177287 0.00269477666357587 0.00677835983901256 0 0.000370100950238828 0.000267076321565998 0.000179593882426943 3.72190768974536e-05 0 0.939078028153191
  1 43 7 1 100 1.88087933647287e-05 0.0214724987962504 0 0 0.00035955016619241 0 0 1.7416216874828e-10 8.06856633589658e-05 3.14385557599538e-05 0 0.978037017850911
  1 43 7 2 100 1.8333977737575e-05 0.0209304396760934 0 0 0.000350473558547073 0 0 1.69765559259458e-10 7.86488068149441e-05 3.06449100815468e-05 0 0.97859145890096
  1 43 7 3 100 1.55079185813359e-06 0.00119937057293325 9.98929596826499e-06 8.22422563803838e-05 9.79294844115612e-05 0 3.73429352595457e-06 2.7143410498335e-07 5.09288165200705e-06 3.06137796212831e-06 0 0.998596757611203
  1 43 7 4 100 1.30978492170927e-05 0.0134241452499058 0.000223048920624924 0.00118341139502649 0.00201968033163095 0 0.000109450094943214 5.09590473785053e-05 5.9011769341172e-05 2.07332813686413e-05 0 0.982896462060563
  1 43 7 5 100 2.85734093578082e-05 0.0383779492115454 0.000741163125088062 0.00377040355429786 0.00727980785660245 0 0.000416235393432022 0.000225411131906294 0.000172707703026287 3.60769635674377e-05 0 0.948951671651176
  1 44 7 1 100 2.50315781074921e-05 0.0222965241169425 0 0 0.000238828419771914 0 0 2.00580491180722e-10 6.55878388722876e-05 2.97489682953844e-05 0 0.97734427887743
  1 44 7 2 100 2.40062379608526e-05 0.0213832168851953 0 0 0.000229045562059186 0 0 1.92364339991328e-10 6.29012386092802e-05 2.85303950442943e-05 0 0.978272299488767
  1 44 7 3 100 1.78436387693845e-06 0.00117522288983818 9.50009080208081e-06 9.37808427436748e-05 9.28300485596506e-05 0 3.55810044692732e-06 1.49688951366332e-07 3.84330290686322e-06 2.885471478869e-06 0 0.998616445200395
  1 44 7 4 100 1.38269176804131e-05 0.0121042938548244 0.00019748919587218 0.00121747445303166 0.00174735199462874 0 0.000111191505483586 4.09783307833831e-05 4.32629815372244e-05 1.89153668474248e-05 0 0.984505215399311
  1 44 7 5 100 2.80765846158452e-05 0.0336134086925928 0.000646601111126302 0.0038062833223993 0.00632850909504522 0 0.000436491711016246 0.000187828944511185 0.000125530612800131 3.11023634488976e-05 0 0.954796167562444
  1 45 7 1 100 2.47590826388575e-05 0.0194914172698425 0 0 0.000213218322883424 0 0 1.33026774451482e-10 6.62153660316415e-05 3.28196933133254e-05 0 0.980171570132263
  1 45 7 2 100 2.33602605351111e-05 0.0183900786800294 1.99220875191203e-09 1.34139288702822e-09 0.000201189749864048 0 7.34950384856798e-10 1.25701762619775e-10 6.24739752746545e-05 3.09656067069764e-05 0 0.981291927533336
  1 45 7 3 100 1.98769971600627e-06 0.00106885400523389 8.5723568997007e-06 1.37444973187495e-05 9.03002468895612e-05 0 3.27590847006626e-06 1.03349834095343e-07 3.77953908385195e-06 3.16337458076519e-06 0 0.998806219021973
  1 45 7 4 100 1.52469824258631e-05 0.0112834110640866 0.000186429002344923 0.00100029341383376 0.00169271170615495 0 0.000107706004877924 3.41936412395475e-05 4.45894342578759e-05 2.03835150814057e-05 0 0.985615035235697
  1 45 7 5 100 3.20458116973615e-05 0.0320588035277664 0.000661847424610379 0.00367734576071072 0.00609139761891121 0 0.000421578002734082 0.000154556701593719 0.00013209153519862 3.44223637524334e-05 0 0.956735911253025
  1 46 7 1 100 2.77021354697994e-05 0.0233467566073189 0 3.25824909546024e-05 0.000358572158141522 0 0 2.34771525287562e-09 6.55797533079347e-05 3.60077309515305e-05 0 0.976132796776141
  1 46 7 2 100 2.60985613800138e-05 0.0219951654271124 2.18233028458404e-09 3.06970185804092e-05 0.000337833012062779 0 8.1559988093717e-10 2.2117704996597e-09 6.17832614534661e-05 3.39235201105396e-05 0 0.9775144939896
  1 46 7 3 100 3.14411541620166e-06 0.00190146187995952 1.33671371884593e-05 1.36469845131715e-05 0.000142936376363697 0 5.24178874937354e-06 1.62504249935801e-07 5.73867920130082e-06 4.82827071760807e-06 0 0.997909472263641
  1 46 7 4 100 2.2089022610437e-05 0.0177879622014751 0.000257996352037833 0.000930595831407215 0.00250867617155359 0 0.000159716185274691 4.10972674186404e-05 6.29835431424335e-05 2.76969585479076e-05 0 0.978201186466532
  1 46 7 5 100 4.76486035329438e-05 0.0508267078257581 0.000930155059111363 0.00380704391036123 0.00916918741428481 0 0.00062991345281911 0.000189615572149192 0.000190532764833487 4.78710560017043e-05 0 0.934161324341148
  1 47 7 1 100 3.09392840445425e-05 0.0200058527681621 0 0 0.000369512612133389 0 0 1.364981092721e-13 7.13720442072722e-05 3.39407455001894e-05 0 0.979488382545816
  1 47 7 2 100 2.97685378770459e-05 0.0192487051970776 2.24075159970506e-09 4.97991665607948e-09 0.000355546891380095 0 9.03778979145381e-10 1.31336365853712e-13 6.86710596153545e-05 3.26566026766652e-05 0 0.980264643586795
  1 47 7 3 100 3.24804284966463e-06 0.00148728148231822 1.27534424567644e-05 3.06158415905505e-05 0.000131425857188136 0 5.40077696689535e-06 2.02671105422914e-07 6.27789617992292e-06 4.46076812462718e-06 0 0.99831833322122
  1 47 7 4 100 2.2971202244589e-05 0.0151220051113159 0.00026506368348124 0.00101650850995125 0.0025938345948706 0 0.000170008824009591 4.7179776534027e-05 6.93937095011783e-05 2.73230224014061e-05 0 0.98066571156569
  1 47 7 5 100 5.01538202467581e-05 0.0449424371747856 0.000983953308186499 0.00411691651379879 0.0097187358842405 0 0.000676587494110116 0.000220674743217478 0.000214981342941632 4.83359916078186e-05 0 0.939027223726865
  1 48 7 2 100 2.80880226686067e-05 0.0179298318442014 2.44842840873171e-09 1.00146653553016e-08 0.000640709531883937 0 9.53027420382388e-10 1.72460790771173e-12 8.03811197058465e-05 3.35569163587016e-05 0 0.981287419147336
  1 48 7 3 100 5.68365246070979e-06 0.00249719144399092 1.82247550472769e-05 7.31893602999054e-05 0.000212291285304859 0 7.61297784427077e-06 3.44490786067005e-07 1.2745190233523e-05 7.28780221558298e-06 0 0.997165429041817
  1 48 7 4 100 3.24328230710058e-05 0.0183806548685715 0.000340319116116901 0.00148770249714925 0.00340555814979291 0 0.000218820142186957 5.63185382500403e-05 0.000102070103387986 3.68804746129029e-05 0 0.975939243286861
  1 48 7 5 100 7.17388336725924e-05 0.0551578503065566 0.00126068071102783 0.00576858612934541 0.0127323377138698 0 0.00087029547757029 0.000267617325769492 0.000307957717276212 6.64649961401544e-05 0 0.923496470788772
  1 49 7 1 100 2.92431692112404e-05 0.0247328636357484 0 0 0.000379247886735901 0 0 8.70237816339638e-15 9.82201430145868e-05 3.8654637800702e-05 0 0.97472177052748
  1 49 7 2 100 2.87435261381172e-05 0.0243102827620806 0 0 0.000372768131472872 0 0 8.55369103110814e-15 9.65419728496534e-05 3.79941922148733e-05 0 0.975153669415235
  1 49 7 3 100 3.36041984989533e-06 0.0018844944961984 1.29130037817617e-05 6.73648713971548e-05 0.000135622996725052 0 5.32512465856236e-06 3.24464556752786e-07 8.79160422348039e-06 4.64956317911592e-06 0 0.99787715345543
  1 49 7 4 100 2.35550937241483e-05 0.0178609723246255 0.000249854162168768 0.0012548497985631 0.00250623194929675 0 0.000160479191728927 5.1335011678295e-05 8.55911705724781e-05 2.76230061297626e-05 0 0.977779508291512
  1 49 7 5 100 5.49348885100281e-05 0.0549407478277949 0.000972671413208627 0.00493338891901232 0.00975079301062676 0 0.000669668562412136 0.000252613960304645 0.000265441559729501 5.34361848121489e-05 0 0.928106303673589
  1 50 7 1 100 3.07615617355452e-05 0.0252909302871813 0 0 0.000239885685479552 0 0 2.75726769231729e-10 8.69749156437867e-05 2.75045609189937e-05 0 0.974323942713314
  1 50 7 2 100 2.98994280262133e-05 0.0245821183052543 0 0 0.000233162569871311 0 0 2.67999159549117e-10 8.45373278747573e-05 2.67337089924078e-05 0 0.975043548391982
  1 50 7 3 100 2.26813661823132e-06 0.00124964228835778 9.38542309857579e-06 5.4202555828139e-05 8.69612429557664e-05 0 3.56520449369049e-06 2.66042037175145e-07 5.07241339366403e-06 2.83301174747983e-06 0 0.99858580368147
  1 50 7 4 100 1.78150964921022e-05 0.0135479571952062 0.000202278787902269 0.00100044647370759 0.00183063331966036 0 0.000121155788315112 5.63680212954454e-05 5.78808803290251e-05 1.98503264299853e-05 0 0.983145614110662
  1 50 7 5 100 3.85188241334628e-05 0.038107472046145 0.000666920112379893 0.00348864949741646 0.0066009780345535 0 0.000468661315353903 0.000253793200421128 0.000164784917916834 3.52762708804604e-05 0 0.950174945780799
  1 51 7 1 100 3.67045752033523e-05 0.025967772371352 0 0 0.000364977375330106 0 0 2.80799040148834e-09 8.34039268041047e-05 3.59690379204038e-05 0 0.9735111699054
  1 51 7 2 100 3.46012125133627e-05 0.024479568870406 2.16773375067685e-09 1.20887539857682e-08 0.000344078731420651 0 8.66382911473665e-10 2.64748331080612e-09 7.86241827961474e-05 3.39080215476239e-05 0 0.975029201210962
  1 51 7 3 100 3.2788997659244e-06 0.00176972920770076 1.23344259173961e-05 6.29002495160522e-05 0.000119523318071685 0 4.88816469162822e-06 4.26778947736664e-07 6.25626048571702e-06 4.13656784019603e-06 0 0.998016526127063
  1 51 7 4 100 2.3786055193017e-05 0.0180470366423808 0.000268746174877792 0.00120198446041851 0.00239552550598994 0 0.000159384817762083 0.000102942257097614 6.94355180655864e-05 2.49125545659843e-05 0 0.977706246013649
  1 51 7 5 100 4.93886250401288e-05 0.049754024938045 0.000860017327546592 0.00410885977603783 0.00832011390426571 0 0.000588366796066483 0.000438712101503618 0.000196746399307634 4.19603043105349e-05 0 0.935641809827876
  1 52 7 2 100 3.17359605305994e-05 0.0140564875604225 2.57122492429047e-09 2.00940677320956e-09 0.000380651795765281 0 9.57650060018759e-10 5.39236197480643e-08 6.87145000348021e-05 3.73972384884919e-05 0 0.985424953482857
  1 52 7 3 100 5.15266182382162e-06 0.00165324639229825 1.83828466017632e-05 2.07872405952512e-05 0.000185553786155021 0 7.26350578561557e-06 8.64381077296426e-07 9.53079505923541e-06 7.01656389242009e-06 0 0.998092201826711
  1 52 7 4 100 3.47587642341164e-05 0.0154438816802111 0.000387213974792091 0.0013110901058829 0.00366952586420058 0 0.000239048764769637 0.000189318359287874 9.60596491194233e-05 3.88987722462685e-05 0 0.978590204065256
  1 52 7 5 100 8.15808037130676e-05 0.0474570125397059 0.00143965639030454 0.00555222821864464 0.0136978699504334 0 0.000942189268458541 0.000873683392578062 0.000298327868111884 7.20437941464632e-05 0 0.929585407773903
  1 53 7 1 100 2.86930521115927e-05 0.0248754595770261 0 0 0.000295327865794621 0 0 1.43616163195739e-08 7.89594500773725e-05 3.60770850626663e-05 0 0.974685468608311
  1 53 7 2 100 2.81681334006888e-05 0.0244203809704167 0 0 0.000289925055316181 0 0 1.40988808986209e-08 7.75149438398659e-05 3.5417080790182e-05 0 0.975148579717355
  1 53 7 3 100 3.20636702157493e-06 0.00174520997763143 1.58275520151997e-05 1.78760001712863e-05 0.00010191362692103 0 3.92335828468015e-06 6.47218499685691e-07 6.14871806156605e-06 3.73940115473355e-06 0 0.998101507780239
  1 53 7 4 100 2.20971214640785e-05 0.017011203176982 0.000225210218797937 0.00066994191361503 0.00179658348562652 0 0.000114872506602249 0.000133079307265259 6.31047973914507e-05 2.35269727537821e-05 0 0.979940380499502
  1 53 7 5 100 4.9672365559233e-05 0.0518668239612122 0.000836661030402205 0.00302920454390515 0.00691162669939923 0 0.00048335314048993 0.000671507631216066 0.000195348524665684 4.33474319124192e-05 0 0.935912454671238
  1 54 7 1 100 3.25555222484781e-05 0.0250006568110192 0 0 0.000324460226098101 0 0 1.61614836917826e-09 9.79635835962859e-05 4.02183322221353e-05 0 0.974504143908667
  1 54 7 2 100 3.17196802244595e-05 0.0243587810815739 0 0 0.000316129919183488 0 0 1.5746548027812e-09 9.54484318082645e-05 3.91857524972387e-05 0 0.975158733560058
  1 54 7 3 100 3.06765728088846e-06 0.00165993942274601 1.25879394386056e-05 1.85101784296958e-05 0.000105726097488412 0 3.94008399809809e-06 7.135639034166e-07 7.64055790601027e-06 4.26687753152294e-06 0 0.998183607621277
  1 54 7 4 100 2.3017677049937e-05 0.0165280314564598 0.000258502626384474 0.000662851068689743 0.00188464235336371 0 0.000122085848740751 0.000140810863737518 7.72546040545283e-05 2.7116619174157e-05 0 0.980275686882345
  1 54 7 5 100 5.15502452700738e-05 0.0484080496593355 0.000909035540695555 0.00289724060651184 0.00701218132306823 0 0.000496182920136653 0.00069364783677081 0.000229569765059094 4.80474584012322e-05 0 0.939254494644751
  1 55 7 1 100 3.38001226211933e-05 0.0214242431525155 0 0 0.000353302648510469 0 0 4.73273862190249e-09 0.000109585153089067 3.49938308273248e-05 0 0.978044070359698
  1 55 7 2 100 3.26238241625294e-05 0.0206786451415029 0 0 0.000341007149895202 0 0 4.5680317299011e-09 0.000105771414064632 3.37759894092254e-05 0 0.978808171912934
  1 55 7 3 100 3.41892521171174e-06 0.00146017062870094 1.30216434574562e-05 1.95227390907027e-05 0.000112581980118007 0 4.5236412063816e-06 3.04791841329807e-07 7.9270213471054e-06 4.38691482576853e-06 0 0.998374141714201
  1 55 7 4 100 2.49146287469663e-05 0.0149363917332484 0.000278784451197619 0.000684015502323199 0.00218247901720881 0 0.000145406489754522 6.75270665566621e-05 8.6640004298427e-05 2.75483977373892e-05 0 0.981566292708928
  1 55 7 5 100 5.13550908805741e-05 0.0417102145308264 0.000918395243629082 0.00270333682505231 0.00774754599223724 0 0.000553709093738528 0.000299678925312455 0.000250277354911512 4.58979542326118e-05 0 0.945719588989179
  1 56 7 1 100 3.529713334371e-05 0.0281210649763897 0 3.80704926417841e-05 0.000340694314007584 0 0 2.98231652704272e-21 8.8960736758841e-05 3.41280094798469e-05 0 0.971341784337379
  1 56 7 2 100 3.38720155672858e-05 0.0269856801506705 0 3.65334007965988e-05 0.000326938819517678 0 0 2.86190583373723e-21 8.5368957049019e-05 3.27500949475221e-05 0 0.972498856561451
  1 56 7 3 100 3.39376499035545e-06 0.00178488875336932 1.2920339827399e-05 1.83355906384123e-05 0.000106890672847695 0 4.33406662371212e-06 1.57158093708986e-07 6.84377933441611e-06 4.09281715090016e-06 0 0.998058143057124
  1 56 7 4 100 2.40348267580288e-05 0.0186917374685491 0.000278399692693567 0.00064473263652786 0.00211547233895342 0 0.000140385613351927 3.54247035902527e-05 7.49943110511924e-05 2.63933398922534e-05 0 0.977968425068632
  1 56 7 5 100 5.08007463688968e-05 0.0533950046153696 0.000924030121863063 0.00259135915998595 0.00760425599335952 0 0.000540152830097307 0.000160586925536034 0.00021861024105408 4.64442174089347e-05 0 0.934468755148957
  1 57 7 1 100 2.90182632784956e-05 0.0206252172877815 0 0.000129185953901408 0.000310182564180322 0 0 4.99633512634989e-13 7.96032272396571e-05 2.7755612182853e-05 0 0.978799037090936
  1 57 7 2 100 2.78595662923406e-05 0.0198016539724726 0 0.000124027568852567 0.000297796998620308 0 0 4.79683185500794e-13 7.64246765936178e-05 2.66473327563241e-05 0 0.979645589883932
  1 57 7 3 100 2.57692002066176e-06 0.0012116227365825 1.08753325150767e-05 2.43606032442152e-05 8.94251349134595e-05 0 3.46941553054053e-06 1.12721741717217e-07 5.3194450319816e-06 2.90058250200908e-06 0 0.998649337107918
  1 57 7 4 100 2.10799656002801e-05 0.0134470274397414 0.000261240350390369 0.000689272496601044 0.00183001941873985 0 0.000122496572556756 3.06050529746379e-05 6.30996947295575e-05 2.07084031397107e-05 0 0.983514450605526
  1 57 7 5 100 5.01000339937762e-05 0.0407789198429668 0.000940654725340738 0.00283676714239589 0.00689923572246081 0 0.000497413179714891 0.000148157995184114 0.000195899281481534 4.47840332715725e-05 0 0.94760806804319
  1 58 7 1 100 3.59210165740411e-05 0.0392525079026382 0 0 0.000225788444340339 0 0 1.04292135260931e-11 7.93987778235072e-05 3.40698500990601e-05 0 0.960372313998096
  1 58 7 2 100 3.43546458241054e-05 0.037540864243735 0 0 0.000215942720343102 0 0 9.97443756009459e-12 7.59365171464731e-05 3.25842012578068e-05 0 0.962100317661719
  1 58 7 3 100 2.52597238190351e-06 0.00201684454382882 1.0337991953724e-05 4.56081023110455e-05 8.61803783603799e-05 0 3.68692406468006e-06 9.89667617656853e-08 5.21482566115493e-06 3.74658701287276e-06 0 0.997825755707664
  1 58 7 4 100 1.8014924207789e-05 0.0189783552042727 0.000199353100501294 0.000744001497474551 0.00155540609075278 0 0.000107000859575713 2.53601231627454e-05 5.12316347424502e-05 2.27909381196894e-05 0 0.97829848562719
  1 58 7 5 100 3.54004292193408e-05 0.0500942445358629 0.000628479711788176 0.00252669492747123 0.00547079274200419 0 0.000406570132414824 0.000114257470935393 0.000139421282221891 3.40770722888163e-05 0 0.940550061695793
  1 59 7 1 100 3.67089186611119e-05 0.0297890381182625 0 0 0.000364037433063968 0 0 2.33241679423619e-14 7.71423580331442e-05 3.12006301162468e-05 0 0.96970187254184
  1 59 7 2 100 3.47075061329992e-05 0.0281647885714767 2.39367078546968e-09 1.67686520318464e-08 0.000344205757221707 0 8.66600122114537e-10 4.1246636330932e-13 7.29363078578807e-05 2.94998311766522e-05 0 0.971353841996799
  1 59 7 3 100 3.04728424211805e-06 0.00192882737155911 1.30663227809996e-05 8.06012277248153e-05 0.000109446202392264 0 4.55749017565079e-06 1.58744310870901e-07 5.6829762611123e-06 3.97117448552227e-06 0 0.997850641206068
  1 59 7 4 100 2.25876175460057e-05 0.0191464854694247 0.000280109631000117 0.0012859704637382 0.00212116907134523 0 0.000144618277260798 4.6953033749448e-05 6.30094185843257e-05 2.64008099508788e-05 0 0.9768626962074
  1 59 7 5 100 5.00175704982793e-05 0.0560586369222511 0.000986280798268187 0.00471215396662577 0.00800952994784056 0 0.00058504792405718 0.000228626073321875 0.000197191952235537 4.84983247801985e-05 0 0.929124016520121
  1 60 7 1 100 3.36390068683919e-05 0.0254483125629171 0 0 0.000326456961272033 0 0 5.56058382069285e-09 7.7678649653726e-05 4.02892100884876e-05 0 0.974073618048616
  1 60 7 2 100 3.20592460843496e-05 0.0242530045522539 2.43051697758923e-09 2.1980003560206e-08 0.000311140412810742 0 7.11565579318287e-10 5.29944654459307e-09 7.40301978086567e-05 3.83972667758978e-05 0 0.975291337902734
  1 60 7 3 100 3.48550993133438e-06 0.00172055600154739 1.27621853441634e-05 0.000107765247605077 0.000108236418878874 0 3.96782032292724e-06 2.03393119136612e-07 5.86317273468381e-06 4.82521295758624e-06 0 0.998032335037559
  1 60 7 4 100 2.27197483853991e-05 0.0164666195260079 0.000242305319446801 0.00140364040246842 0.00186227124181894 0 0.000122665867274742 5.09438372117152e-05 5.96746014360375e-05 2.96536519093721e-05 0 0.979739505804041
  1 60 7 5 100 4.71412557966638e-05 0.0479383834439242 0.000903294798071055 0.00481935519921203 0.00692045274993497 0 0.000496499637931704 0.000250243914120819 0.000177224357118455 4.9675410079226e-05 0 0.938397729233811
  1 61 7 1 100 2.84441452751008e-05 0.0269813065406278 0 0 0.000223196268744977 0 0 8.82942314207723e-09 7.88210190359761e-05 2.8241348187979e-05 0 0.972659981848705
  1 61 7 2 100 2.72766123694825e-05 0.0258738180603769 0 0 0.000214034840772694 0 0 8.46700613301255e-09 7.5585691256258e-05 2.70821393951117e-05 0 0.973782194188823
  1 61 7 3 100 2.33134845384001e-06 0.00136895251033216 9.81610641808948e-06 8.29806921166735e-05 8.50250674073894e-05 0 3.75188033550637e-06 1.36806842691758e-07 4.54478713323018e-06 3.06061310102261e-06 0 0.998439400187859
  1 61 7 4 100 1.81498523489401e-05 0.0148504400540871 0.000215511961830691 0.00128181171618836 0.00178991118700072 0 0.000126588028891377 3.42741880194297e-05 5.35519354021448e-05 2.05361620940748e-05 0 0.981609224914137
  1 61 7 5 100 4.30094836565917e-05 0.0458010595377997 0.000846696907716113 0.00467386751499278 0.00698619257541059 0 0.000525895345882562 0.000171827930100624 0.000170873079802171 4.05569089888027e-05 0 0.94074002071565
  1 62 7 1 100 2.90043925661084e-05 0.0369987107903277 0 0 0.000362807131644975 0 0 7.2947942233416e-09 8.44853035958295e-05 4.47244218995802e-05 0 0.962480260665172
  1 62 7 2 100 2.72924777495656e-05 0.0348142288842337 5.30832028183436e-09 3.33059909265873e-09 0.000341422183425855 0 1.6871863584876e-09 6.86399488363713e-09 7.94975955749622e-05 4.2084593862697e-05 0 0.964695457075053
  1 62 7 3 100 4.22860383523188e-06 0.00320376639392944 1.76256621774941e-05 2.45769370804813e-05 0.000147397827031997 0 5.86898588046162e-06 3.24408903466426e-07 8.78271689013903e-06 6.2639956817843e-06 0 0.996581164468589
  1 62 7 4 100 2.65494059931677e-05 0.0264441147197044 0.000291844474516459 0.00134309278888616 0.00239618707124798 0 0.000157739865943139 7.12080363248918e-05 7.55050257394197e-05 3.42852255655145e-05 0 0.969159473386079
  1 62 7 5 100 5.21852612448646e-05 0.0699230025206077 0.000981694279800315 0.00484361560979534 0.00833238832264527 0 0.000590634796612239 0.000316636180427434 0.000206744151413679 5.51455807104537e-05 0 0.914697953296743
  1 63 7 1 100 3.24067025220231e-05 0.0252300232087315 0 0 0.000332412760926957 0 0 1.01729282626203e-07 9.29214966069906e-05 3.83279666672004e-05 0 0.974273806135263
  1 63 7 2 100 3.13742596350058e-05 0.0244260781382893 2.59306095078241e-09 1.12969168454633e-09 0.000321838224636694 0 8.1861888622782e-10 9.84891614366187e-08 8.99608609137249e-05 3.71072146249247e-05 0 0.975093538271367
  1 63 7 3 100 3.1413938860293e-06 0.00175034408518326 1.3911367565005e-05 1.2542356701967e-05 0.000114785264525545 0 4.68601535582567e-06 5.38510236416454e-07 7.7874791846137e-06 5.23494558388227e-06 0 0.998087028581777
  1 63 7 4 100 2.48166230497675e-05 0.01877775200652 0.000298441156449714 0.000971655239435885 0.00234071732076703 0 0.000155893855886888 0.000114114225154096 8.56472017819842e-05 3.23302170705652e-05 0 0.977198632153884
  1 63 7 5 100 5.62367673909661e-05 0.0557608133803963 0.00110492556660846 0.00408680293544093 0.00859901354018902 0 0.000610393127304317 0.000527662312797553 0.000257146705286529 5.68024917107607e-05 0 0.928940203172875
  1 64 7 1 100 3.21526593122217e-05 0.0263416848069158 0 0 0.000203782328361581 0 0 8.17336786744487e-08 8.28829230057828e-05 3.45086018486353e-05 0 0.973304906946877
  1 64 7 2 100 3.09812932642699e-05 0.0253820206332921 0 0 0.000196358255027635 0 0 7.87560072089641e-08 7.98633829726798e-05 3.32514055410063e-05 0 0.974277446273895
  1 64 7 3 100 2.6066468238453e-06 0.00142736434421555 9.98072325082194e-06 7.66421325454225e-06 8.80944840647766e-05 0 3.61617503099546e-06 4.58445080178074e-07 5.49159655876123e-06 3.57078802506924e-06 0 0.998451152583695
  1 64 7 4 100 1.92677018227879e-05 0.015550083949028 0.000217044993398706 0.00057672838166862 0.00176190358215113 0 0.000121298147786699 0.000107493913101294 6.19174648119362e-05 2.42399777096536e-05 0 0.981560021888521
  1 64 7 5 100 4.54661420276393e-05 0.0484782015841248 0.000854719548561766 0.00269132603747733 0.00686787471496939 0 0.000507675528795658 0.000545588500086489 0.000192017251299714 4.58099761109196e-05 0 0.939771320716546
  1 65 7 1 100 3.30202346802161e-05 0.0226456603665092 0 0 0.00031966747541961 0 0 6.38745861544704e-08 9.57459883986178e-05 3.59923732277945e-05 0 0.976869849687178
  1 65 7 2 100 3.13404613319039e-05 0.0214935121554671 2.41356758260892e-09 1.22638258921957e-09 0.000303421400262116 0 8.04586055809071e-10 6.06251141990554e-08 9.08749718712493e-05 3.41616554822111e-05 0 0.978046624285935
  1 65 7 3 100 3.74398760634927e-06 0.00179494059589346 1.48607885603175e-05 1.12310056444975e-05 0.000128928588476066 0 5.13187783924062e-06 8.31689471060399e-07 9.10308391488064e-06 5.35971558168844e-06 0 0.998025868667012
  1 65 7 4 100 2.81357916092339e-05 0.0185056561296869 0.000331095699081951 0.000789892659891347 0.00242609898278944 0 0.000162436738262757 0.000179474882362176 9.55109768097319e-05 3.19654580914823e-05 0 0.977449732681415
  1 65 7 5 100 6.24446917031199e-05 0.0551063160819409 0.00123222597809912 0.00338918136597497 0.00876528978805908 0 0.000629466199391676 0.000829600307990003 0.000286677389267339 5.74033950847073e-05 0 0.929641394802489
  1 66 7 1 100 3.60397182574812e-05 0.0246490026700307 0 0 0.000320967681774787 0 0 1.88508701936332e-08 8.49413665230257e-05 3.71852726037818e-05 0 0.97487184443994
  1 66 7 2 100 3.49443518258336e-05 0.0238998378206983 0 0 0.000311212410611231 0 0 1.8277929798541e-08 8.23597169972753e-05 3.60550889805123e-05 0 0.975635572332957
  1 66 7 3 100 2.69057662017293e-06 0.00148747680840559 1.19946735109947e-05 1.31443091763249e-05 9.64516239489909e-05 0 3.69960042241192e-06 5.51084476030436e-07 6.18224928718843e-06 4.25820611490681e-06 0 0.998373550868037
  1 66 7 4 100 2.15008817500532e-05 0.0153979823286374 0.000250755100906263 0.000531829532049354 0.00181405643616406 0 0.00011747338478374 0.00012711332463088 6.66065438653561e-05 2.67722509987676e-05 0 0.981645910216214
  1 66 7 5 100 4.68655538038979e-05 0.0451068455442552 0.000923354271507689 0.00223011817253117 0.00666833917860426 0 0.000467551092580781 0.000593389488653185 0.000196904562903135 4.77980715531955e-05 0 0.943718834063607
  1 67 7 1 100 3.02775086920098e-05 0.0333009609897721 0 0 0.000356400371656534 0 0 2.43440549078045e-37 9.34046216215894e-05 3.11267111160741e-05 0 0.966187829797142
  1 67 7 2 100 2.87183333712101e-05 0.0315858782686016 2.36213975761504e-09 2.64822255000234e-09 0.000338062147669994 0 7.9982987346259e-10 1.99623064921748e-12 8.85942269657597e-05 2.95241676379717e-05 0 0.967929217043565
  1 67 7 3 100 2.72262532196579e-06 0.00203398039964683 1.17607717859757e-05 1.37504264300347e-05 0.000103445660587048 0 4.10839063738331e-06 1.4825897276072e-07 6.52937784890763e-06 4.39288219689823e-06 0 0.997819161206572
  1 67 7 4 100 1.93499410508384e-05 0.0183493122870328 0.000217367096748018 0.000416432355624882 0.00173792796502328 0 0.000114768486657592 3.4635283303894e-05 6.32972345588601e-05 2.58598070555725e-05 0 0.979021049542944
  1 67 7 5 100 4.18131747018205e-05 0.0527073839691239 0.000815193722321725 0.00178942651925023 0.00661766895064722 0 0.000472510220790445 0.000173103874851247 0.000190594615558333 4.30333512471012e-05 0 0.937149271601508
  1 68 7 2 100 2.57996038774363e-05 0.0189464947213909 5.58446472189682e-09 2.2274815140475e-05 0.000344537749247478 0 1.83929197842905e-09 1.32210312224753e-08 7.79385653773636e-05 3.48197138234873e-05 0 0.980548114186355
  1 68 7 3 100 5.22839227494981e-06 0.00249295171984513 2.0696478368226e-05 2.66087948449251e-05 0.000184023653270745 0 7.11066913897528e-06 1.68257591068269e-07 1.17335991234624e-05 7.16909498038492e-06 0 0.997244309340562
  1 68 7 4 100 2.94727793227077e-05 0.0184592319389804 0.000363609306027574 0.000651870276458098 0.00289132861401188 0 0.000185215365364111 3.2345584530211e-05 9.62500531143391e-05 3.69003748240903e-05 0 0.977253775707367
  1 68 7 5 100 6.25477915631013e-05 0.053693427707365 0.0013417594147676 0.00267391261344538 0.0108136635789967 0 0.000744268076504461 0.000156459850754626 0.000287487432274497 6.38223805065994e-05 0 0.930162651153822
  1 69 7 2 100 2.7158372683803e-05 0.0214350879406859 2.73311084207387e-09 3.58763153417768e-09 0.000529432546488438 0 7.46386724194837e-10 3.02266681895927e-09 7.38012856591592e-05 3.40156350841306e-05 0 0.977900494129603
  1 69 7 3 100 4.56782520767576e-06 0.0027111448433256 1.82723550383565e-05 2.37414321522046e-05 0.000165301215500071 0 5.36644099528378e-06 1.64138616670941e-07 1.11209975718583e-05 6.4882780396778e-06 0 0.997053832473553
  1 69 7 4 100 2.45686579826092e-05 0.0182732199746667 0.000311571435758269 0.000525974837448881 0.0022654572757472 0 0.000139155396444046 2.7289521113803e-05 8.02929998549702e-05 3.28205389962435e-05 0 0.978319649361987
  1 69 7 5 100 5.69985185450312e-05 0.0575777378347511 0.00127856595814008 0.0023994417106405 0.00906867519508138 0 0.000609056933188129 0.00014853865333862 0.000257817261437798 6.08834443265772e-05 0 0.928542284490551
  1 70 7 1 100 2.51172663370496e-05 0.0266145901838609 0 0 0.000345044974237433 0 0 2.56618717085864e-09 8.35643155966951e-05 3.24964069720867e-05 0 0.972899184286809
  1 70 7 2 100 2.47333408224479e-05 0.0262077775914738 0 0 0.000339770850552267 0 0 2.52696217252819e-09 8.22870080888921e-05 3.19996889135987e-05 0 0.973313428993187
  1 70 7 3 100 2.29128628424268e-06 0.00156832005155403 1.69786184904016e-05 1.54241446222766e-05 9.79263180283513e-05 0 3.73859983425062e-06 1.3389005050317e-07 5.7227612393231e-06 3.48274254596462e-06 0 0.998285981587351
  1 70 7 4 100 1.58711391577517e-05 0.014514677494316 0.000220022817691221 0.000324326721942651 0.00163260612844403 0 0.000102675265521831 2.00201478801519e-05 5.55939263696217e-05 2.18565235502598e-05 0 0.983092349835126
  1 70 7 5 100 3.40879770511435e-05 0.0418720543760084 0.00077231217452964 0.00132440979532307 0.00619305472577796 0 0.000426420055266976 9.9396337834474e-05 0.000165496676753101 3.81970029310759e-05 0 0.949074570878524
  1 71 7 1 100 2.61933619295303e-05 0.0248060854540087 0 0 0.000371235107717948 0 0 5.14441316923242e-10 7.5871141531675e-05 3.09441966458824e-05 0 0.974689670223725
  1 71 7 2 100 2.51113053778683e-05 0.0237813377580539 0 0 0.000355899261117047 0 0 4.93189573870173e-10 7.27368792709811e-05 2.96658815213606e-05 0 0.975735248421469
  1 71 7 3 100 2.30324320429196e-06 0.00137285033137171 1.09766029663237e-05 1.23250170467082e-05 9.60119366820035e-05 0 4.08030774771447e-06 1.21264591206311e-07 4.67869003654723e-06 3.40800479284572e-06 0 0.998493244601561
  1 71 7 4 100 1.67686898712976e-05 0.0141110300067981 0.000237897684559944 0.000306248390714385 0.00187069798900701 0 0.000108175750136404 2.53681761152405e-05 5.38293812613745e-05 2.23785883794312e-05 0 0.983247605343157
  1 71 7 5 100 3.37353880057938e-05 0.0389403126092668 0.000773542083623135 0.00115811381897106 0.00665873718706923 0 0.000405097150617286 0.000113760723888445 0.00015728853066037 3.70191313192257e-05 0 0.951722393376579
  1 72 7 2 100 2.46298724272837e-05 0.021424379886322 2.71662155334837e-09 2.95366327557166e-09 0.000315840858946898 0 8.43139199985074e-10 1.8938776168272e-12 8.51246574779142e-05 3.61517022587471e-05 0 0.978113866507249
  1 72 7 3 100 3.45482182600698e-06 0.00217773238394744 1.7916175914952e-05 1.91928434164696e-05 0.000146001812795792 0 5.74452780809494e-06 1.78065464692819e-07 9.89976494378879e-06 6.37319550216428e-06 0 0.997613506408381
  1 72 7 4 100 2.25482461851599e-05 0.0186035215440891 0.000316675657968168 0.000408030697631249 0.00239983414235146 0 0.000152132618029075 4.02407068069389e-05 8.72076715203778e-05 3.50645724194909e-05 0 0.977934744142999
  1 72 7 5 100 4.69038527415376e-05 0.0515627150437419 0.00109761079188702 0.00155058285083205 0.0085683858863695 0 0.000587259633446102 0.000183689075861184 0.000245706117736137 5.66908081045194e-05 0 0.93610045593928
  1 73 7 1 100 2.60911557128317e-05 0.024432085733554 0 0 0.000229939018066978 0 0 5.37021109270111e-09 8.54652266876446e-05 3.82841405413805e-05 0 0.975188129355226
  1 73 7 2 100 2.5436817425485e-05 0.0238193551473294 0 0 0.000224172393355827 0 0 5.23553194058675e-09 8.33218501858907e-05 3.73240152318656e-05 0 0.97581038454094
  1 73 7 3 100 2.11290052767545e-06 0.0013435425415006 1.1153358151517e-05 1.08944855209047e-05 9.37194701830304e-05 0 3.73013964953767e-06 1.86095054700282e-07 5.25064029173218e-06 3.13019586470426e-06 0 0.998526280173256
  1 73 7 4 100 1.51608976295295e-05 0.0127083373113871 0.000204143087251114 0.000241200862951938 0.00160888829262119 0 0.000103471467980741 3.83717170220656e-05 5.39277858250427e-05 2.00799925907161e-05 0 0.98500641858474
  1 73 7 5 100 3.2024386526759e-05 0.0372562778841853 0.000778105792939705 0.00100224885748519 0.00627816927691036 0 0.000439543921536318 0.000195422504488144 0.000163893856848297 3.5829142973129e-05 0 0.953818484376107
  1 74 7 1 100 2.74782176874875e-05 0.0384056599999464 0 0 0.000380641310435738 0 0 8.49442454148623e-10 7.60415438053259e-05 3.53765798821516e-05 0 0.9610748014988
  1 74 7 2 100 2.59998235227971e-05 0.0363391761352674 2.43308761302575e-09 2.24507723607687e-09 0.000360177572348203 0 9.00295023075826e-10 8.0436381218948e-10 7.19502014001235e-05 3.3473539942324e-05 0 0.963169216344695
  1 74 7 3 100 2.14339946108376e-06 0.00226629307306617 1.19284461162067e-05 1.0759327381375e-05 0.000104427183145584 0 4.52848495152957e-06 2.85625037138216e-07 5.4599788214429e-06 4.10316984848913e-06 0 0.997590071312171
  1 74 7 4 100 1.38599668347242e-05 0.0186363606899195 0.000189522824497263 0.000198532469645593 0.00164908235212513 0 0.000109588394908254 5.79693375180196e-05 4.91332536587601e-05 2.32299636219839e-05 0 0.979072720747271
  1 74 7 5 100 2.7512831720567e-05 0.0494432188935169 0.000655217125051101 0.000763381690359387 0.00613668837603158 0 0.00044189199839114 0.000280969736578376 0.000137092819324566 3.61085858244909e-05 0 0.942077917943202
  1 75 7 1 100 2.20481638220445e-05 0.0201016151932447 0 0 0.000305573305871103 0 0 7.09161605559582e-11 5.70127122670879e-05 3.20857095387617e-05 0 0.97948166484434
  1 75 7 2 100 2.09178755881447e-05 0.0190709493072128 2.20723199163684e-09 2.14043806902039e-09 0.000289922147158978 0 7.82463681429419e-10 6.82722220176443e-11 5.408967440115e-05 3.0441076319749e-05 0 0.980533674720913
  1 75 7 3 100 2.6263928227255e-06 0.00152392582894381 1.2944259789852e-05 1.22504144557993e-05 0.000115303676597128 0 4.68349281170101e-06 6.80463389831459e-07 5.23614082479575e-06 4.97386087167075e-06 0 0.998317375469493
  1 75 7 4 100 1.76780104680544e-05 0.0144515932982322 0.000244556252572852 0.000249643666330946 0.00187697722467226 0 0.000120513340659327 0.000136958187394997 5.23834991024635e-05 2.82662685356412e-05 0 0.982821430252031
  1 75 7 5 100 3.59109518695855e-05 0.0412058336767853 0.000872286390004554 0.000945556163372894 0.00667537239309213 0 0.000464927324996861 0.000630220668406701 0.000151304429329685 4.45247816307792e-05 0 0.948974063220511
  1 76 7 1 100 2.34979939807111e-05 0.0266367499589165 0 0 0.000211688618289184 0 0 5.43703022413025e-08 6.9634912443869e-05 3.27665027744789e-05 0 0.973025607643293
  1 76 7 2 100 2.27726791865831e-05 0.025814550888283 0 0 0.000205154405763651 0 0 5.2692048999379e-08 6.74854850406274e-05 3.17550960461567e-05 0 0.973858228753631
  1 76 7 3 100 1.82241708305711e-06 0.00140229369795209 9.87633346123313e-06 8.40588823662379e-06 8.37819029208093e-05 0 3.32006563701247e-06 6.7388986604657e-07 4.55222089320616e-06 3.36280957372978e-06 0 0.998481910774376
  1 76 7 4 100 1.33977843218302e-05 0.0136658176149359 0.000183576082574506 0.000149547344213117 0.00141647671136755 0 9.2124841309483e-05 0.000142001650740603 4.43602949720381e-05 2.11968185567843e-05 0 0.984271500857008
  1 76 7 5 100 2.82931534951205e-05 0.0396176956466249 0.000677546708299156 0.000568339441065066 0.00534683033482696 0 0.000382562346975884 0.000700456042107201 0.000128881854076948 3.51085729619077e-05 0 0.952514285899567
  1 77 7 2 100 2.40984985053581e-05 0.0286726595159115 2.63502545046206e-09 2.29530811553587e-09 0.000343059741014083 0 8.79600352621697e-10 2.19069141404932e-08 7.86492321823927e-05 3.62373060744218e-05 0 0.970845267989464
  1 77 7 3 100 4.06416571635682e-06 0.00330245061382854 1.87744087273061e-05 1.56588780384559e-05 0.000168621446607274 0 6.56206878875747e-06 1.67613285636493e-06 1.05577249774857e-05 7.03290356170815e-06 0 0.996464601656898
  1 77 7 4 100 2.3540410154707e-05 0.0241619664867312 0.000306929511259125 0.000236360054558658 0.00253581870832723 0 0.000162754631726992 0.000284353103913453 8.30601783705835e-05 3.59222398189561e-05 0 0.972169294675139
  1 77 7 5 100 4.92818521253e-05 0.0689118095641102 0.00113590281725118 0.000897003618991955 0.00969658778551764 0 0.00067648935200579 0.00142255437200777 0.000248110769677277 5.94482857573059e-05 0 0.916902811582556
  1 78 7 1 100 2.76532926790049e-05 0.0203506774228388 0 0 0.000348025985301304 0 0 2.95982290192151e-08 6.85945729406203e-05 3.37522711385764e-05 0 0.979171266856873
  1 78 7 2 100 2.71110126055943e-05 0.0199516013715737 0 0 0.00034120120826485 0 0 2.90178088142262e-08 6.72494358359147e-05 3.30903903172484e-05 0 0.979579717563594
  1 78 7 3 100 2.5085273937289e-06 0.0014114182001748 1.3446923688844e-05 1.13290982457836e-05 0.000115133217861512 0 4.4868436141684e-06 1.36508924603921e-06 5.80099857360594e-06 4.01755621901882e-06 0 0.998430493544982
  1 78 7 4 100 1.7674715693581e-05 0.0132996160120969 0.000245477396829358 0.000181726436875232 0.00191121420117233 0 0.000120431007090864 0.000242830009479445 5.86778940528373e-05 2.50153832036784e-05 0 0.983897336943506
  1 78 7 5 100 3.8432619832605e-05 0.0389343720739297 0.000913677438212767 0.000680448670592581 0.00728051586764478 0 0.000501046359738556 0.00120544038398645 0.000176385428555842 4.23598052973332e-05 0 0.950227321352209
  1 79 7 1 100 2.53893974099531e-05 0.0227142297024218 0 0 0.000314797314422205 0 0 2.14103029743432e-08 6.59888362789827e-05 3.39056677460199e-05 0 0.976845667671418
  1 79 7 2 100 2.44714329723408e-05 0.0218929870885106 0 0 0.000303415683931748 0 0 2.06362043846206e-08 6.36029819002656e-05 3.26797939404391e-05 0 0.97768282238254
  1 79 7 3 100 2.22671159934839e-06 0.00136673148909466 1.11399000320492e-05 9.84196036962544e-06 9.63392088816632e-05 0 3.64890614910734e-06 7.86301274926191e-07 4.42670689436438e-06 3.78788185038334e-06 0 0.998501070933854
  1 79 7 4 100 1.57005453791556e-05 0.0134004181925606 0.000219237301706203 0.000165930570278018 0.00164813961049465 0 0.000103983879330211 0.000141646859967894 4.71227004627872e-05 2.40072144508541e-05 0 0.98423381312537
  1 79 7 5 100 3.29026111679339e-05 0.0384063587116398 0.000795007658183218 0.000604965992388737 0.00603309597659857 0 0.000416518469196686 0.000666799741511655 0.000140812100176944 4.19061353215484e-05 0 0.952861632603815
  1 80 7 2 100 2.54146949179229e-05 0.0226184884616783 2.71326970172029e-09 2.47955079250828e-09 0.000336099713861898 0 8.67768603733367e-10 8.03996031786245e-10 5.83501422395016e-05 3.16048346035935e-05 0 0.976930035288114
  1 80 7 3 100 4.15420115134823e-06 0.00265661148343258 1.94306852799876e-05 1.68903789680218e-05 0.000174627438331605 0 6.52949787546255e-06 5.69222432137417e-07 7.59239936541528e-06 6.9461991384839e-06 0 0.997106648494025
  1 80 7 4 100 2.42748357190125e-05 0.0205581930839846 0.000337208404091918 0.000259008716837379 0.00271848248083733 0 0.000171888504475695 9.80793502359417e-05 6.76357562843979e-05 3.68015307211927e-05 0 0.975728427336813
  1 80 7 5 100 4.98687408957442e-05 0.0578350072282046 0.00119265447447387 0.000930014681026095 0.0099254685833698 0 0.000679792184586242 0.000456767921364853 0.000202413437050048 6.11988742497114e-05 0 0.928666813874779
  1 81 7 1 100 2.36074929779912e-05 0.0194058050054684 0 2.35392936040526e-05 0.000252003380170691 0 0 5.59703719376746e-18 7.65754354625581e-05 2.94928635327695e-05 0 0.980188976528784
  1 81 7 2 100 2.31288280958946e-05 0.0190123334338114 0 2.30620115305971e-05 0.000246893766525151 0 0 5.48355182067246e-18 7.50227940270041e-05 2.88948670382343e-05 0 0.980590664298972
  1 81 7 3 100 1.99803797989598e-06 0.00100956680215122 9.98204586337191e-06 9.88658165622519e-06 9.08342778703061e-05 0 3.93360965080712e-06 2.19690335471895e-07 4.52901821657227e-06 3.07475895962385e-06 0 0.998865975177316
  1 81 7 4 100 1.51634781760054e-05 0.010864395607126 0.000213590724426756 0.000178031151589608 0.00187682635760424 0 0.000123499956810941 4.38213863791474e-05 5.34458623318797e-05 1.97458875066113e-05 0 0.986611479588049
  1 81 7 5 100 3.29250254902223e-05 0.0322409827724084 0.000797185978976521 0.000656470439120195 0.0071815850882813 0 0.000503826539927434 0.000208849386815307 0.000164565833454368 3.48306998946013e-05 0 0.958178778235632
  2 1 7 2 100 5.16681138467934e-07 0.000411536499326243 8.17952160083761e-06 1.51927304613093e-06 6.22986749670499e-05 0 0 6.45094156907126e-10 5.31417590274388e-06 3.42126437605673e-06 0 0.999507213264548
  2 1 7 3 100 6.77796069914235e-06 0.00501630719792055 0.000126115535827169 0.000263765546023414 0.000775233263826694 0 4.81416328106236e-06 6.14568532965305e-05 6.22111189636287e-05 5.39078947720013e-05 0 0.99362941046539
  2 1 7 4 100 4.24547247722553e-05 0.00941893278584742 0.000525771581751466 0.0219772455825927 0.00427685976526719 0 6.27394615824662e-05 0.00616304803399377 5.40293152126331e-05 0.00105395316028401 0 0.956424965588696
  2 1 7 5 100 0.000100733282073747 0.0146293271032988 0.000984000695369259 0.0590479474226603 0.0102352627060871 0 0.000174382553935257 0.0169600549961198 3.49800664768749e-05 0.00272729425200589 0 0.895106016921973
  2 2 7 2 100 3.52599118988228e-07 0.000365739233914815 4.90806744115716e-06 1.68548385820948e-06 3.77175831659275e-05 0 0 8.81627866721786e-10 2.71218618409546e-06 1.72419523937824e-06 0 0.99958515976945
  2 2 7 3 100 8.19407021201996e-06 0.00836568250172106 0.000141075903624604 0.000243057024891081 0.00086728009048411 0 5.74794373526391e-06 5.42986171602828e-05 5.86804338564999e-05 5.23451509544023e-05 0 0.990203638263361
  2 2 7 4 100 4.8004421025802e-05 0.016665097988982 0.000630948410537101 0.0205802372424756 0.00495127588311553 0 7.02279832047332e-05 0.00627484728499152 5.76320480273548e-05 0.00116317087509795 0 0.949558557862542
  2 2 7 5 100 0.00012294086946367 0.0259377074750891 0.00124193986789121 0.0605393955187102 0.0127965833378265 0 0.00020559476648454 0.0189734807775172 3.7943811841667e-05 0.00329129973039243 0 0.876853113844783
  2 3 7 2 100 5.50201044557805e-07 0.00047926416749902 7.74585633958663e-06 8.24976779533794e-06 6.16131072419172e-05 0 0 3.0707107919764e-09 3.94008898560091e-06 2.44151261136739e-06 0 0.999436192227772
  2 3 7 3 100 7.92254890618542e-06 0.00658206379064014 0.000129232026636147 0.000300626524331954 0.000864039900977983 0 4.77748169708058e-06 4.45271376825001e-05 5.21468856889742e-05 4.46817709318512e-05 0 0.991969981932507
  2 3 7 4 100 4.95342192353976e-05 0.0138248160679335 0.000620923875187905 0.0212559234851446 0.00543114314205702 0 7.50846022584406e-05 0.00565416589874682 5.10550711755731e-05 0.00117008662360109 0 0.95186726701466
  2 3 7 5 100 0.000134409714931405 0.0242855954546162 0.00131053786312438 0.0652155225190766 0.0149101703823072 0 0.000237263311528972 0.0179213622064648 3.2855387707545e-05 0.00349454876112306 0 0.87245773439912
  2 4 7 2 100 6.69485971328702e-07 0.000669899997330282 1.11903708518264e-05 2.96450551856897e-05 9.79548128267155e-05 0 0 5.94499156110128e-09 7.52493657012186e-06 4.57080245097765e-06 0 0.999178538593822
  2 4 7 3 100 6.88406508153928e-06 0.00649083047423592 0.000135346748926808 0.000476361124481277 0.000952692969881886 0 4.93919975080656e-06 3.68235586960616e-05 6.90041745757954e-05 5.58471015562066e-05 0 0.991771270582814
  2 4 7 4 100 4.95737320067616e-05 0.0139709919565966 0.000675832533403689 0.0220465759307576 0.00561396828125143 0 7.56599392756688e-05 0.00476617569882793 6.67344656956579e-05 0.00128763675123397 0 0.951446850710951
  2 4 7 5 100 0.000123524418652887 0.021844831120229 0.00125896679651225 0.0616953654606973 0.0140137914541372 0 0.00020278212128118 0.0139029351156518 4.4375090854445e-05 0.00351646705235924 0 0.883396961369625
  2 5 7 2 100 4.70601719234532e-07 0.000553495189628066 9.14366672213395e-06 3.52539285603908e-05 7.8511663000627e-05 0 0 1.08602627525507e-10 6.89073489988595e-06 3.82852027213285e-06 0 0.999312405586595
  2 5 7 3 100 6.24989439420886e-06 0.00667630135685337 0.000136396415015454 0.000629600257238042 0.00095369281866581 0 4.80920961944023e-06 2.96562855575283e-05 7.9844937219789e-05 5.86559274240905e-05 0 0.991424792898012
  2 5 7 4 100 4.83937621998378e-05 0.0138226573578547 0.000629320573654298 0.0254853555524041 0.00577794700218146 0 7.17410069198234e-05 0.00414751393787225 7.72617777655675e-05 0.00143338583674588 0 0.948506423192402
  2 5 7 5 100 0.000119181690986502 0.0223967892735245 0.00121275096438368 0.0694553585219516 0.0143509569930527 0 0.000196631087207241 0.0117973113195403 5.10594256021203e-05 0.00384950345265229 0 0.876570457271099
  2 6 7 2 100 4.8429650022123e-07 0.00043877028977668 7.90389065587192e-06 8.6702148159663e-06 7.69167566648804e-05 0 0 5.80045957358753e-09 6.65608133969455e-06 3.40865000868417e-06 0 0.999457184019778
  2 6 7 3 100 7.04650375285577e-06 0.00595206904097521 0.000136950111368419 0.000434586721281323 0.00104047516477886 0 5.95872680900639e-06 2.85424290262082e-05 8.59489676250549e-05 5.74463660726992e-05 0 0.99225097596831
  2 6 7 4 100 4.79687506046303e-05 0.0121888247999734 0.000701863468048138 0.0276212011538149 0.00590115400371607 0 7.45964973177504e-05 0.00395489913728435 8.50448150546435e-05 0.00132893372851107 0 0.948095513645675
  2 6 7 5 100 0.000127415598633839 0.0199944871954761 0.00140453319313807 0.0823333326406289 0.0158070467899102 0 0.000196012137559883 0.0124219921167417 5.41866362373338e-05 0.00391341379155679 0 0.863747579900117
  2 7 7 2 100 5.96794462607465e-07 0.000530803192204676 9.36698354700044e-06 8.77060872261245e-06 9.00711267851009e-05 0 0 4.77501881400132e-16 9.46880302144407e-06 3.55314507086366e-06 0 0.999347369346185
  2 7 7 3 100 7.54843320042016e-06 0.00655173204502229 0.000141649170576929 0.000471789316493697 0.00111142670415405 0 5.31474446368922e-06 2.78094112934652e-05 0.000112326047339843 5.56632273342466e-05 0 0.991514740900121
  2 7 7 4 100 4.57068165557274e-05 0.0127787256058842 0.00061429632373892 0.0296047064952142 0.00596473425229204 0 7.01960388385222e-05 0.0036564640650896 0.000106617692837973 0.00132097520398043 0 0.945837577505568
  2 7 7 5 100 0.000126856457545055 0.0218668583777729 0.00129447840612602 0.0900683920677096 0.0164846274416225 0 0.000214204880372837 0.0118266476824877 6.66352170315339e-05 0.00399964008837183 0 0.85405165938096
  2 8 7 2 100 3.62841274018933e-07 0.00101199205273439 6.62820487497072e-06 5.41864184717188e-06 6.77672121465331e-05 0 0 9.72042670471503e-15 6.25071602800337e-06 2.84897572282367e-06 0 0.998898731355362
  2 8 7 3 100 6.18639044778262e-06 0.015737828974309 0.000128517220691881 0.00046818313469129 0.00105491461471393 0 5.35011203605532e-06 2.87742451622757e-05 9.3605795714578e-05 5.61934416158134e-05 0 0.982420446070617
  2 8 7 4 100 4.38634046793438e-05 0.0296368688385778 0.000581755220976864 0.031068313606164 0.00582618342784838 0 6.64766795750277e-05 0.00375719672459346 8.91237823947274e-05 0.00137765407007309 0 0.927552564245117
  2 8 7 5 100 0.000113582921536849 0.0462540025366402 0.00117579349901035 0.0895511088238439 0.0153332524717641 0 0.000182504069229819 0.0114711287914855 5.49957030594292e-05 0.00395519002751021 0 0.83190844115592
  2 9 7 2 100 3.82317699690317e-07 0.000650614210904673 5.67204292319596e-06 3.48117663135769e-06 5.77084248654459e-05 0 0 2.69487389408137e-10 3.98788965370991e-06 2.19637343582701e-06 0 0.999275957294399
  2 9 7 3 100 7.76917948003466e-06 0.0126039009573495 0.000134178814121541 0.000445239078041272 0.00111640099948792 0 5.30369843004202e-06 2.84409267253864e-05 7.46045217009794e-05 5.24615807359638e-05 0 0.985531700243927
  2 9 7 4 100 4.39034880984548e-05 0.0236547425903622 0.000627937458736074 0.0373833112852677 0.00607454029672361 0 6.67636650052703e-05 0.00400637256002933 7.23956062131567e-05 0.00127063799059544 0 0.926799395058969
  2 9 7 5 100 0.000120584377442631 0.0391464199163849 0.00139166236586711 0.115569260543144 0.0170051864553319 0 0.000207318863979945 0.0130865990389909 4.47941766125934e-05 0.00389440964643813 0 0.809533764615808
  2 10 7 2 100 4.38830090085277e-07 0.00021498106407472 6.33096323164356e-06 4.16103032519372e-06 7.7729036031687e-05 0 0 2.60257487564448e-11 4.6317482128591e-06 2.8746024906879e-06 0 0.999688852699517
  2 10 7 3 100 7.16790565420497e-06 0.00339929020206623 0.000124612515752927 0.000511574761759941 0.00123208726952135 0 5.49599625004894e-06 3.61016930309542e-05 7.12151153697134e-05 5.82280463576418e-05 0 0.994554226494237
  2 10 7 4 100 4.67588300593131e-05 0.00658203494654027 0.000641662391561506 0.0494185658701337 0.0068906331211751 0 7.58014942552288e-05 0.00484221055689465 6.80072965555279e-05 0.00148858582144956 0 0.929945739671375
  2 10 7 5 100 0.000128140230334952 0.0113314675596422 0.00143388535889629 0.147793663952215 0.0187600062958798 0 0.000225846503000955 0.015357947816611 4.15532001578283e-05 0.00438731254137845 0 0.800540176541884
  2 11 7 2 100 3.75019240689563e-07 0.000622335163430592 6.4713347241929e-06 2.34743241620374e-06 8.25410662078948e-05 0 0 2.52780362335577e-09 3.80926635036052e-06 2.49520019995626e-06 0 0.999279622989626
  2 11 7 3 100 6.47759055352463e-06 0.00989253639300014 0.000127649178364725 0.000479630518426626 0.00129893174565397 0 5.46761937934869e-06 3.25590472576793e-05 5.82065255177709e-05 5.21925832750447e-05 0 0.988046348798571
  2 11 7 4 100 4.13518961322658e-05 0.0180556006688453 0.000606207742265572 0.0474415851812689 0.00636948995355121 0 6.32604010383653e-05 0.00409499165259404 5.07216547400889e-05 0.00140501643071947 0 0.921871774418845
  2 11 7 5 100 0.000104646092618275 0.0285724344723058 0.00120293198926139 0.134902120034207 0.0162814061715526 0 0.000157033248784787 0.0120890740019134 3.16132269175039e-05 0.00393852730765841 0 0.802720213454781
  2 12 7 2 100 2.83506133687153e-07 0.00040801234512578 4.38978059358788e-06 1.50509966464271e-06 5.87428921821717e-05 0 0 5.77247711067911e-09 3.06307207149884e-06 1.65736081503076e-06 0 0.999522340170936
  2 12 7 3 100 7.09051623741326e-06 0.00945877000794946 0.000128364723128229 0.00055902121396956 0.00134729446326697 0 5.90643128648476e-06 4.10479037311129e-05 6.7923779947017e-05 5.21035786664668e-05 0 0.988332477381817
  2 12 7 4 100 4.9032238414966e-05 0.0194002054386921 0.00068752840772834 0.0609935864404887 0.00782650019510611 0 7.54776669426692e-05 0.00538162906205161 6.61909410854491e-05 0.00157889266442186 0 0.903940956945068
  2 12 7 5 100 0.00013474731965886 0.0317984943236878 0.00152349939073912 0.183765095157178 0.0214157795928431 0 0.000231319459570823 0.0170302741229352 3.96066504840142e-05 0.00469738252163748 0 0.739363801461266
  2 13 7 2 100 5.71471999305272e-07 0.000801280465618086 9.70414563782687e-06 1.48129034275018e-05 0.000132858039410659 0 0 3.59343862179775e-11 8.35285672384464e-06 3.64658408251544e-06 0 0.999028773497166
  2 13 7 3 100 6.79829211974657e-06 0.00875857183425824 0.000130110382156789 0.000669068628074613 0.00143700928141764 0 5.5011568936161e-06 3.80137750564165e-05 8.70501000636772e-05 5.24655590293499e-05 0 0.98881541099093
  2 13 7 4 100 4.79887574818839e-05 0.017844037267667 0.000694664302226177 0.0667804757226989 0.00789651317735986 0 7.82813192781084e-05 0.00554887278152194 7.90274044201188e-05 0.00163864135353847 0 0.899391497913808
  2 13 7 5 100 0.000124527817934919 0.0290219762395326 0.00141135386839329 0.194885572678613 0.0207925338695555 0 0.000204012324802866 0.0170082199858034 4.95067627372671e-05 0.00471994554325119 0 0.731782350909376
  2 14 7 2 100 5.30222908535517e-07 0.000418891216094978 9.09402932008715e-06 2.9231142028172e-05 0.000134308814237453 0 0 5.28688362297747e-11 8.02555003914928e-06 3.47984263247372e-06 0 0.99939643912987
  2 14 7 3 100 6.78417764403402e-06 0.00509870689956893 0.000136743088124812 0.000937649424466494 0.00160512108483975 0 6.49166395194624e-06 4.17675757937941e-05 9.34876540716176e-05 5.72113123160473e-05 0 0.992016037119223
  2 14 7 4 100 5.20073262187668e-05 0.0111480237181644 0.000739108375278087 0.0821432156989905 0.00913377756748612 0 8.64999361069526e-05 0.00617935237169077 8.93365034631589e-05 0.00189715321760016 0 0.888531525285001
  2 14 7 5 100 0.000136312349064 0.0186517276168995 0.00155763000909614 0.230501872313909 0.02334231030011 0 0.000239555230082021 0.0183545030751915 5.43156856132804e-05 0.00526059301474306 0 0.701901180405292
  2 15 7 2 100 8.64398127889668e-07 0.000666946356954183 1.12190990846401e-05 8.58261592191002e-06 0.000176184687967339 0 0 2.93341878623253e-12 8.94608905979978e-06 4.18458812659245e-06 0 0.999123072161824
  2 15 7 3 100 8.40341976596648e-06 0.00640024864191981 0.000136946222578021 0.000749607465916848 0.00165250398428868 0 6.43347192643752e-06 3.37381100447659e-05 8.24431884906439e-05 5.33224467305247e-05 0 0.990876353048338
  2 15 7 4 100 5.12877313613559e-05 0.0139425336687204 0.000754041677958029 0.0837074340786748 0.00892731218929705 0 8.40228775969581e-05 0.0050437366828169 8.19756214734102e-05 0.00181660693335383 0 0.885591048538747
  2 15 7 5 100 0.000135015033678281 0.0240055249707537 0.00155234704454686 0.241625027834783 0.023365590873314 0 0.000228506449581557 0.0153439581892967 5.1475780579839e-05 0.00519674609977122 0 0.688495807723695
  2 16 7 2 100 5.00181314845723e-07 0.000666998851038282 9.53966001191196e-06 2.69730791395766e-06 0.000173582794251086 0 0 2.38243569002216e-14 7.73183036029275e-06 4.21594343475248e-06 0 0.999134733431651
  2 16 7 3 100 5.95394884269069e-06 0.00721305591861941 0.000127780909457047 0.00059683338281655 0.00181376441514039 0 6.95835561856045e-06 2.15561635274895e-05 8.09413037517399e-05 5.78290261799322e-05 0 0.990075326576046
  2 16 7 4 100 4.34021120049241e-05 0.014722445314189 0.000639401627198128 0.0698985429481727 0.00810403400168645 0 8.41522862326254e-05 0.00347441643215892 7.91043401021134e-05 0.00177259532096179 0 0.901181905617293
  2 16 7 5 100 0.000125630850266639 0.0268893739990964 0.00148728900714302 0.221815061459094 0.0229532819378582 0 0.000242159714042027 0.0117668805127054 4.73607737523812e-05 0.00556677107663882 0 0.709106190669403
  2 17 7 2 100 4.30504013350565e-07 0.000548279703560652 8.48222206654525e-06 1.58172863369921e-06 0.000154203703085485 0 0 1.04941004264912e-14 7.25820696192698e-06 2.88935189425164e-06 0 0.999276874579774
  2 17 7 3 100 5.90723309488488e-06 0.00724477239549191 0.000140407343744141 0.000367407415474125 0.00192600538230734 0 8.38790887736825e-06 9.59325927241235e-06 9.09694045444117e-05 4.6258677293131e-05 0 0.9901602909799
  2 17 7 4 100 2.88577447168055e-05 0.0139766437024453 0.000569912925787633 0.0384558863254435 0.00661988460104744 0 7.93462472280337e-05 0.00168199043904633 9.08658501882251e-05 0.00112079205427008 0 0.937375820109827
  2 17 7 5 100 0.000106917204969315 0.0279403947546046 0.00136303596684776 0.173970177508968 0.0244841439720014 0 0.000180806941541194 0.00814598893211947 5.55625495271067e-05 0.00496311035987312 0 0.758789861809548
  2 18 7 2 100 3.43447899927176e-07 0.00035791287526791 7.89062965434194e-06 1.47242555536392e-06 0.000153130635540573 0 0 3.84564327128023e-15 5.91693077160577e-06 2.61819341851406e-06 0 0.999470714861888
  2 18 7 3 100 4.93332134105302e-06 0.00492749650682194 0.000131296405297953 0.000235899033563213 0.0020035106116557 0 7.5000634850172e-06 4.83716437824447e-06 7.81416666145059e-05 4.35779095895434e-05 0 0.992562807317253
  2 18 7 4 100 2.15073173520053e-05 0.00838706033582648 0.000423808252272504 0.0210649969850269 0.00529708001762275 0 6.94520198963396e-05 0.000747901106232291 7.81253917347334e-05 0.000835029728241748 0 0.963075038845794
  2 18 7 5 100 9.17720599202295e-05 0.0176918928723318 0.000912998851659196 0.115330448924635 0.0218059132204195 0 0.000128584958027669 0.00434591604035149 5.57375767507568e-05 0.00440057098796428 0 0.83523616450794
  2 19 7 2 100 2.76898115418603e-07 0.000415602697823686 5.1722583431935e-06 1.39021500800418e-06 9.73356496254433e-05 0 0 3.60139266281561e-16 3.03323906315348e-06 1.89060688661549e-06 0 0.999475298435134
  2 19 7 3 100 5.37930517834351e-06 0.00801552112868298 0.000123991836267455 0.000162149771711695 0.00178136173234891 0 7.29382458649615e-06 3.63716427994169e-06 5.60393139969579e-05 4.20369150788139e-05 0 0.989802589007868
  2 19 7 4 100 1.60294454505756e-05 0.0131423054323626 0.000399484861250703 0.0136861458768085 0.00421443567368985 0 6.32988699864462e-05 0.000451162466718205 5.82610681491373e-05 0.000618012169887263 0 0.967350864135697
  2 19 7 5 100 5.38968136215045e-05 0.02279665764288 0.000641876395153078 0.0688591375062217 0.0146496115356669 0 9.00901236712243e-05 0.00231181586250297 4.87636237220957e-05 0.00291613239835795 0 0.887632018098203
  2 20 7 2 100 2.69742806752837e-07 0.000377578755427724 5.85038637016928e-06 1.76365267070023e-06 9.04828699731784e-05 0 0 2.50361655718805e-12 3.55643187802999e-06 1.86030267911512e-06 0 0.999518637855691
  2 20 7 3 100 4.19759859527707e-06 0.00561106141286082 0.000104823970056494 0.000150668961653414 0.00130713629805122 0 5.13247043089673e-06 3.70169173940151e-06 5.11982955685335e-05 3.41099922144604e-05 0 0.992727969308829
  2 20 7 4 100 1.36482004083877e-05 0.00857434183255374 0.000300043252994544 0.0105230911682843 0.00364041439962327 0 4.75646424415439e-05 0.000349440939894479 5.33463576015648e-05 0.00053465199919482 0 0.975963457207003
  2 20 7 5 100 4.19184970976327e-05 0.0145664046611512 0.000463091725133417 0.0486713832924215 0.0125154918586927 0 7.5446277371812e-05 0.0016271908235251 5.02678975611024e-05 0.00233367882010689 0 0.919655126146939
  2 21 7 2 100 4.42641394564928e-08 5.99559010025008e-05 1.55667955152521e-06 8.45678520349918e-07 1.72046057386651e-05 0 0 2.28500979053049e-20 7.73346657729397e-07 3.34521064704594e-07 0 0.999919285003325
  2 21 7 3 100 4.9914985794859e-06 0.00642893168391306 0.000185933413334585 0.000212785299358257 0.00175277126665536 0 6.70435682385008e-06 3.76831652481813e-06 7.85654203093035e-05 4.60099078088914e-05 0 0.991279538836692
  2 21 7 4 100 1.35203674440714e-05 0.00992013769090388 0.000403798950570817 0.00762517170574227 0.00397816516079939 0 4.89098904424861e-05 0.000253611949022491 8.54292321075207e-05 0.000584768713783295 0 0.977086486339184
  2 21 7 5 100 3.83048820401308e-05 0.0156734722918265 0.000622803694759383 0.0358504360156055 0.0125802090414021 0 8.14083502301055e-05 0.00121091073196696 8.77614690404847e-05 0.00256875339874562 0 0.931285940124383
  2 22 7 2 100 2.58576028233099e-07 0.000463993665424515 6.46136222760971e-06 2.04215267203149e-06 0.000131243409097614 0 0 4.45722742856169e-11 5.60422954289035e-06 2.40483180251272e-06 0 0.999387991728632
  2 22 7 3 100 3.86604501945731e-06 0.00675241521832473 0.000112572280937126 0.000106737560594596 0.00184584352687981 0 5.24990135803708e-06 2.86769105973849e-06 7.93395962310487e-05 4.42989269836055e-05 0 0.991046809252612
  2 22 7 4 100 1.1350572134183e-05 0.00988431042658997 0.000333073783671651 0.00522873178428208 0.00386639641656491 0 5.48163810983173e-05 0.000239887311468244 8.31279563371612e-05 0.000636622050863015 0 0.97966168331699
  2 22 7 5 100 3.10560093929627e-05 0.0143513777635358 0.000456085605782857 0.0212050394429011 0.0110434199949622 0 7.68534588711048e-05 0.00100152225866956 7.9149703752137e-05 0.00247009408376937 0 0.949285401678363
  2 23 7 2 100 1.226324279364e-07 0.000262437939076768 3.17638873270436e-06 6.46210874429242e-07 5.1887719084365e-05 0 0 8.07593975376031e-15 2.72771078341017e-06 1.03964820917063e-06 0 0.999677961750803
  2 23 7 3 100 3.23326595064057e-06 0.00684021451058023 0.000103367235612837 8.36585902620849e-05 0.00131626676698639 0 4.6299915241889e-06 2.42223764893937e-06 6.81967510455003e-05 3.43859579261298e-05 0 0.991543624692463
  2 23 7 4 100 9.6136088494297e-06 0.010214400284192 0.000305931363559228 0.00387441828716478 0.00336619004756232 0 4.08321585416828e-05 0.000189313420385598 6.90789854831077e-05 0.000519245642548571 0 0.981410976201713
  2 23 7 5 100 2.77777113282915e-05 0.0159406592501543 0.000469517020687316 0.0155324224902327 0.0100678828015737 0 6.50900589518608e-05 0.000785364726286911 7.11503816999997e-05 0.0020236717134704 0 0.955016463845615
  2 24 7 2 100 4.19007656212874e-08 8.85583843671204e-05 1.26210812034209e-06 9.64449628448402e-08 1.49220584427409e-05 0 0 6.55696744431856e-12 7.49865481967837e-07 3.49607579816451e-07 0 0.999894019623723
  2 24 7 3 100 4.87001099007455e-06 0.0102404275710989 0.00015849391162845 7.45433420067872e-05 0.00167198320044145 0 5.7385892552628e-06 2.75513323632884e-06 8.34324291256257e-05 4.87357267874412e-05 0 0.98770902008543
  2 24 7 4 100 1.01997452013171e-05 0.0135934472340648 0.000294187489459372 0.00298238747824084 0.00335028166209839 0 4.34850957570334e-05 0.000192286569250148 8.07141142800615e-05 0.000517145506751995 0 0.978935865104896
  2 24 7 5 100 2.96351629096979e-05 0.0208583424387482 0.000443486339166607 0.0145332590639052 0.0108336526742314 0 7.08959432304621e-05 0.000976305794983644 7.84530947559437e-05 0.00239143342656507 0 0.949784536061504
  2 25 7 2 100 1.16861743614257e-07 0.000241663912541219 1.76103525187793e-06 2.66506243176999e-07 4.09057267569629e-05 0 0 1.23243986579977e-13 1.65323227538856e-06 8.03146747036987e-07 0 0.999712829578318
  2 25 7 3 100 5.39522140758878e-06 0.0114973131844412 0.000105030771788341 5.58768175962601e-05 0.00187207222451946 0 5.27709483212236e-06 2.63434274024594e-06 7.65220951997287e-05 4.38352660367026e-05 0 0.986336042981438
  2 25 7 4 100 9.62980668876203e-06 0.0164728429758676 0.000340812771137629 0.0023385647247534 0.00339839929989416 0 5.20347899931956e-05 0.000224201414899239 8.13876642608362e-05 0.000447680189601457 0 0.976634446362904
  2 25 7 5 100 2.42835224778082e-05 0.0224419185956372 0.000483743247737921 0.0100819575346035 0.00933895502039974 0 7.37636536185427e-05 0.00102199348350707 7.35456680480804e-05 0.00183260933424813 0 0.954627229939722
  2 26 7 2 100 1.93471980500931e-07 0.000293760062846931 3.40909301131977e-06 6.28582084184574e-07 8.33870857578375e-05 0 0 2.63381897512234e-10 3.48879046557788e-06 1.42764799375509e-06 0 0.999613705002478
  2 26 7 3 100 4.22080752853719e-06 0.00643879184396925 8.88343569909148e-05 4.98943603571452e-05 0.00177876126115203 0 4.20429761554155e-06 3.6748971764507e-06 7.44671132903597e-05 3.6823163605333e-05 0 0.991520327898314
  2 26 7 4 100 9.41645317315681e-06 0.00913016065671637 0.000279718422389988 0.00264494847960507 0.00374108788375085 0 4.7889635205063e-05 0.000352110778319135 7.560610521141e-05 0.000497725521440028 0 0.983221336064189
  2 26 7 5 100 2.49104684687358e-05 0.013183700382136 0.000416461490630184 0.010826623157344 0.010773716902439 0 6.80732878608649e-05 0.00148682969992061 7.57720554502131e-05 0.00195201217190893 0 0.961191900383842
  2 27 7 2 100 3.88127075442125e-08 0.000113687753344058 1.90339947918414e-06 2.18645423131779e-07 2.78101920281635e-05 0 0 2.12213096419707e-13 9.81208707580544e-07 5.41561295489996e-07 0 0.999854818426803
  2 27 7 3 100 3.36065344988957e-06 0.00901339454936658 0.000163494739549437 4.14472239415392e-05 0.00209398043087197 0 6.33416833889078e-06 3.54971060054927e-06 7.5376449355231e-05 4.71169379829414e-05 0 0.988551945136543
  2 27 7 4 100 9.70836358043295e-06 0.0130425793807075 0.000354051535149704 0.00148634995553769 0.00345707125312847 0 5.49357318889176e-05 0.0003725654929218 8.33373042541004e-05 0.000395136224582089 0 0.980744264758249
  2 27 7 5 100 2.59468979887434e-05 0.0186832485568761 0.000560892345878285 0.00712040662814836 0.00956215902638236 0 8.31493964698925e-05 0.00188599649369009 8.1625635542985e-05 0.00174308940990801 0 0.960253485609115
  2 28 7 2 100 2.45794489649934e-07 0.000480687058904961 5.02822023712947e-06 1.24253070586322e-05 0.000137103235871947 0 0 8.14248349062154e-11 5.44335421188196e-06 1.7963705224837e-06 0 0.999357270577279
  2 28 7 3 100 3.74169394683923e-06 0.00737184169664872 8.98575746915242e-05 0.000218122919940823 0.00202495459012284 0 4.50366273984923e-06 2.61286955876785e-06 8.08800145797188e-05 3.0442931008177e-05 0 0.990173042046763
  2 28 7 4 100 7.27278044560082e-06 0.00977322686147923 0.000258746071056785 0.00216656023595991 0.00280599280845229 0 4.91689179595577e-05 0.000306821179281614 7.65549783677343e-05 0.000244996204843248 0 0.984310659962154
  2 28 7 5 100 2.01514128293277e-05 0.0132942725080514 0.000387257558108243 0.00984153803334002 0.00741195331216795 0 6.58082528111674e-05 0.00160419296346687 7.44128408235051e-05 0.00108777143961123 0 0.96621264167879
  2 29 7 2 100 5.64474793820382e-08 0.000131450172432363 1.9999217800552e-06 7.98680989983959e-06 3.50317177001268e-05 0 0 1.23670851338022e-11 1.24277465692919e-06 5.55011552479549e-07 0 0.999821677132132
  2 29 7 3 100 3.88196888796886e-06 0.00896763148773968 0.000148526647657008 0.000604833773867051 0.00225901482113085 0 6.98989590065064e-06 3.86288063191351e-06 8.16158719259332e-05 4.15642101736863e-05 0 0.987882078442085
  2 29 7 4 100 8.08466290584976e-06 0.0119447661537439 0.000297670126763152 0.00435663654580106 0.00323208092071863 0 5.11736343185732e-05 0.000410010128390712 8.04731721265725e-05 0.000316185086525973 0 0.979302919568706
  2 29 7 5 100 2.36606805336633e-05 0.0175387231565949 0.000486015098693738 0.0205368236268014 0.00913745249849804 0 7.39684329454953e-05 0.00228993077683195 7.6674452944097e-05 0.00152103341330374 0 0.948315717862853
  2 30 7 2 100 6.77610737159439e-08 0.000202416085524266 1.81357882650973e-06 2.0431611432835e-05 5.6256276939161e-05 0 0 1.29094835781441e-10 2.11317632993123e-06 9.24356752125021e-07 0 0.999715977024027
  2 30 7 3 100 2.76126794024303e-06 0.00743992034387554 8.04487391595119e-05 0.000816307656951265 0.00197422533232887 0 5.35146558181469e-06 3.02917567964417e-06 7.51283817041324e-05 3.76339676506862e-05 0 0.989565193669128
  2 30 7 4 100 7.52968786454276e-06 0.00989836680251462 0.000230061931765212 0.00474836951706682 0.0026153342767585 0 4.98883043815756e-05 0.000351896179254963 7.44960511118274e-05 0.000251556063620017 0 0.981772501185662
  2 30 7 5 100 1.92419951569635e-05 0.0138566102232959 0.000351579135275254 0.0218217422543469 0.0069815013740728 0 7.031420727916e-05 0.00204612331011585 7.15188216873821e-05 0.00118726109069614 0 0.953594107588074
  2 31 7 2 100 6.21067028436044e-08 0.000176886617734195 1.44031095645218e-06 1.17081440342455e-06 3.28959511447066e-05 0 0 1.693555938746e-11 1.53798408879289e-06 5.4103271460523e-07 0 0.999785465165319
  2 31 7 3 100 3.7573889987239e-06 0.0100120561524294 9.75902650911268e-05 0.000284832139454317 0.00179019268676054 0 5.13317820319253e-06 2.46213414763143e-06 8.46950076595421e-05 3.37782063187256e-05 0 0.987685502840937
  2 31 7 4 100 8.96070128058226e-06 0.0141911108861981 0.000289118212283123 0.00648284528172915 0.00270225942303801 0 5.12386374752976e-05 0.000325806762507155 9.26073313244156e-05 0.000231623395930353 0 0.975624429368234
  2 31 7 5 100 2.05126305824207e-05 0.0190089971747082 0.00042116301130471 0.0293829915141373 0.00722803239680533 0 7.1315934503649e-05 0.00188551174336037 8.57315096387871e-05 0.00107215043000221 0 0.940823593654957
  2 32 7 2 100 1.58014031565104e-07 0.000388712046297811 3.53493959007401e-06 0 9.0073260196581e-05 0 0 8.18146572925489e-11 4.11581136873555e-06 1.46334426360506e-06 0 0.999511942502437
  2 32 7 3 100 3.84306206369124e-06 0.00902026622356836 9.28802353744609e-05 0.000211792589989969 0.00201727410802342 0 4.35441517429927e-06 2.35288444462779e-06 9.26485043622273e-05 3.66178980969671e-05 0 0.988517970078902
  2 32 7 4 100 9.83963404200793e-06 0.0134019633761835 0.000282166711657882 0.00878486355517983 0.00321027848730237 0 5.74492050981314e-05 0.00042746625421697 9.76077689605455e-05 0.000290373526616543 0 0.973437991480742
  2 32 7 5 100 2.29510736733451e-05 0.0178513148547216 0.000410833785129986 0.0380373331339702 0.00859192050917371 0 7.88375133374952e-05 0.00226814663540193 9.10690257858263e-05 0.00127658811488831 0 0.931371005353918
  2 33 7 2 100 2.20409235957614e-07 0.000536016588022438 4.48530755165739e-06 6.50662126716555e-07 0.000120654235749544 0 0 5.9045679367851e-11 3.59894123967366e-06 1.74510033068931e-06 0 0.999332628696698
  2 33 7 3 100 3.85647038949661e-06 0.00914136329685724 9.12247325871632e-05 0.00019371674384073 0.00196762750355272 0 5.17003951818128e-06 2.05326010233566e-06 5.97380423523582e-05 3.32716489726583e-05 0 0.988501978261827
  2 33 7 4 100 8.56799197435302e-06 0.012764876892115 0.000275516794414326 0.00765448380256795 0.00302065508883657 0 5.41634511563078e-05 0.000381776521713935 6.23529839186821e-05 0.000303758094363145 0 0.97547384837894
  2 33 7 5 100 2.19275635625924e-05 0.017803859001403 0.000412151402572802 0.0350214121787731 0.00853759695389415 0 7.67498701284115e-05 0.00202828676285416 5.85763427740837e-05 0.00137703683450212 0 0.934662403089536
  2 34 7 2 100 8.50548760855827e-08 0.000184932261077724 1.71976595267363e-06 3.35205030500471e-07 4.99209371671612e-05 0 0 3.57425659531443e-10 1.59401685330158e-06 8.14625522427543e-07 0 0.999760597776094
  2 34 7 3 100 3.77374451703283e-06 0.00794029293797789 9.01604970461378e-05 6.84111924750322e-05 0.00205722907789551 0 6.13744363891016e-06 2.2697337204967e-06 6.74565398476225e-05 3.84429716030897e-05 0 0.989725825861278
  2 34 7 4 100 8.35567736298911e-06 0.0100984207504918 0.00024133192593313 0.00673563973499151 0.00299086592311896 0 4.99620373978184e-05 0.000335928840942608 7.06298827675278e-05 0.000288043683891573 0 0.979180821543102
  2 34 7 5 100 2.59443098300118e-05 0.0153137962845669 0.000381888507715869 0.0424809683272305 0.00947187872425878 0 7.23972660393849e-05 0.00215992589530319 6.38917010663763e-05 0.00156220517387947 0 0.928467103810109
  2 35 7 2 100 9.68182045327298e-08 0.000288001297533588 2.5480949957553e-06 7.49938889706605e-07 7.55150262303189e-05 0 0 1.63201167035033e-09 2.59830497801734e-06 1.15149383955615e-06 0 0.999629337393317
  2 35 7 3 100 3.28562598700707e-06 0.00920447782726078 9.93187585028502e-05 7.34236018526173e-05 0.00229190933707116 0 6.31050460526527e-06 2.21168087101638e-06 7.97087178381324e-05 3.97264925282056e-05 0 0.988199627453483
  2 35 7 4 100 9.8125673640826e-06 0.0146359831777733 0.000331020579949401 0.00708202388899593 0.00367516936443017 0 6.59146515391791e-05 0.000344311061570264 8.98691929573422e-05 0.00031567517433566 0 0.973450220341085
  2 35 7 5 100 2.89001435552722e-05 0.02026880458759 0.000463584182774752 0.0440349235117851 0.0108289040227785 0 8.61576927231996e-05 0.00216777375768594 8.12600302952525e-05 0.00163030899451937 0 0.920409383076293
  2 36 7 2 100 2.71627143269624e-07 0.000551658450390213 4.96649679210232e-06 1.72920129650454e-06 0.000157915437252339 0 0 6.84699512718483e-10 5.37234522217632e-06 2.10808052183283e-06 0 0.999275977676682
  2 36 7 3 100 4.08491849100271e-06 0.00816788162492618 8.55261597974807e-05 6.98694092865344e-05 0.00225213781080374 0 5.24781105983557e-06 1.98999015801444e-06 7.78031220556301e-05 3.4389773194287e-05 0 0.989301069380227
  2 36 7 4 100 8.55570552196687e-06 0.0106870155986696 0.000235980872135802 0.00522823144580721 0.00314399055859525 0 5.67711696831035e-05 0.000282723728403163 7.61690663205734e-05 0.0002951593856 0 0.979985402469263
  2 36 7 5 100 2.14018874166979e-05 0.0147038858487967 0.000320832401496643 0.024492703087538 0.00797805327089753 0 7.41643734551148e-05 0.00134514889272008 7.11668331301263e-05 0.00121265991393406 0 0.949779983490615
  2 37 7 2 100 1.0846012471987e-07 0.000204681142257438 2.08708658867152e-06 5.95935422832303e-07 7.03946427298223e-05 0 0 5.63483023606794e-11 1.63552201386332e-06 1.01718706291036e-06 0 0.999719479967451
  2 37 7 3 100 4.23966152506416e-06 0.0078371927351979 0.000100000458872018 6.84604024484533e-05 0.00250596719626209 0 7.6638463879173e-06 2.11796054688436e-06 5.97741179918991e-05 4.34168762053344e-05 0 0.989371166744562
  2 37 7 4 100 9.07852249693772e-06 0.0113055486448684 0.000281917290983124 0.00404207227511534 0.00346170588990596 0 6.01423507089478e-05 0.000275311283277124 6.27432632782686e-05 0.000320385958939453 0 0.980181094520426
  2 37 7 5 100 2.33194040435027e-05 0.0159516248717725 0.000402337800084188 0.0210522379889181 0.00904175022319421 0 8.63888072158021e-05 0.00145647939507264 6.24592473800258e-05 0.00142031947261572 0 0.950503082789703
  2 38 7 2 100 9.66601100433783e-08 0.000196331510436353 1.6195849797107e-06 6.0262566228939e-07 6.27455322654189e-05 0 0 1.91752374214279e-11 1.71813412982777e-06 8.7400228286185e-07 0 0.999736011930958
  2 38 7 3 100 4.10677309080756e-06 0.00833246639007739 8.41588508622059e-05 7.26482529036169e-05 0.00256001669512976 0 6.27790347192857e-06 3.00308873411786e-06 7.07211864504531e-05 4.09142613408182e-05 0 0.988825686597939
  2 38 7 4 100 8.27674581820002e-06 0.0108584604396641 0.000237250848200652 0.00392126207250916 0.00363938231968126 0 5.74571476062013e-05 0.000349407130068265 6.81271619405227e-05 0.000371110564487153 0 0.980489265570024
  2 38 7 5 100 2.48441217392423e-05 0.0164163868786879 0.00033179064944522 0.0217858929950582 0.010599931819563 0 7.83491775196557e-05 0.00200225759167756 6.57167529653922e-05 0.00188000398908729 0 0.946814826024256
  2 39 7 2 100 2.04465567386271e-07 0.000405156706455546 3.58018273601587e-06 1.44647292393692e-06 0.000134023286415018 0 0 1.5545728566011e-12 3.73269066217166e-06 1.64220327927944e-06 0 0.999450213990406
  2 39 7 3 100 4.4555806196341e-06 0.00874303610702843 9.30692423613445e-05 7.31995635589372e-05 0.00274097616617639 0 6.10547359460324e-06 3.67210615897783e-06 7.85422414556917e-05 3.88435966883886e-05 0 0.988218099922358
  2 39 7 4 100 8.8987743469578e-06 0.012573263240639 0.000287515550033347 0.00306174843316527 0.00369724246454547 0 6.41077820858099e-05 0.000406584360745126 8.68134844288738e-05 0.000326743794302271 0 0.979487082115708
  2 39 7 5 100 2.08622045719442e-05 0.0166070940203401 0.000383819556978288 0.0142969759669515 0.00908953474360654 0 8.4468655391159e-05 0.00199501522239614 8.1452846272551e-05 0.00138398801197665 0 0.956056788771515
  2 40 7 2 100 7.08210657454662e-08 0.00022292480090386 1.6644099436714e-06 6.27346998422613e-07 5.20312552503406e-05 0 0 1.14735061996716e-12 2.18500887630228e-06 7.28640349283676e-07 0 0.999719767715465
  2 40 7 3 100 3.30068475633768e-06 0.00930579409205315 8.27531033397153e-05 6.72424694949555e-05 0.00209544282438039 0 5.84941591940355e-06 4.37864717908149e-06 8.90484641606243e-05 3.57412597513515e-05 0 0.988310449038965
  2 40 7 4 100 8.83266446972229e-06 0.0115787289791945 0.000206812704224641 0.00278785619500462 0.0032342832408522 0 4.87789679570019e-05 0.00047717996359886 8.40594587174472e-05 0.000365081024539827 0 0.981208386801441
  2 40 7 5 100 2.1967683512086e-05 0.0170992537657151 0.000307337755364179 0.0131653180216926 0.0091556739249155 0 6.88252054212344e-05 0.00235337379138581 8.140980061766e-05 0.00160012967974333 0 0.956146710371632
  2 41 7 2 100 6.24693888518e-08 0.000192408402402855 2.38486340664455e-06 4.32598951503751e-06 5.02367187916304e-05 0 0 1.3661019148223e-09 1.80808493597421e-06 6.32831020354843e-07 0 0.999748139274437
  2 41 7 3 100 3.28119870928765e-06 0.00953394538779131 0.000128728995685162 0.000277951077152386 0.00235693303134403 0 6.35260786211771e-06 4.78701885811843e-06 8.63429600779673e-05 3.51709974918835e-05 0 0.987566506725028
  2 41 7 4 100 9.04971447138409e-06 0.0133863860369957 0.000275568195033848 0.00421183728973855 0.00355544712726914 0 5.60697232555436e-05 0.000509404038047711 8.9716176986427e-05 0.000317002751210443 0 0.977589518946991
  2 41 7 5 100 2.38902750260588e-05 0.0178198027726744 0.000390735637009317 0.0197814410754607 0.00971994582992103 0 7.51660074253905e-05 0.0026383396329672 8.31910335995248e-05 0.00143441536981907 0 0.948033072366097
  2 42 7 2 100 5.95980140162107e-08 0.000222126417492317 2.01538953639301e-06 8.67792643718152e-06 3.8900633325333e-05 0 0 1.1513429052085e-12 1.46307147770068e-06 6.87881949175839e-07 0 0.999726069080617
  2 42 7 3 100 3.68875968759599e-06 0.0130144512819271 0.000125021129888254 0.000597854388153734 0.00219343871610045 0 5.45424223498769e-06 7.00280023825825e-06 8.29454874903983e-05 4.58128166784687e-05 0 0.983924330377601
  2 42 7 4 100 1.09138723219576e-05 0.0176086166578724 0.000247289200963141 0.00732110770990501 0.00368414819956791 0 5.26384555964378e-05 0.000735201378555967 7.9065889756926e-05 0.000474833032707027 0 0.969786185602753
  2 42 7 5 100 2.67441812163848e-05 0.0233331975909722 0.000350647847320348 0.0270875050043246 0.00911650892121976 0 6.82015105773322e-05 0.00297344188186968 7.14325369113555e-05 0.00173825700808182 0 0.935234063517507
  2 43 7 2 100 1.30884283381372e-07 0.000246081741258643 1.86833727437193e-06 1.9633178421899e-05 4.70517639765307e-05 0 0 3.73152161600863e-11 1.85942008372253e-06 1.05792393445762e-06 0 0.999682316713452
  2 43 7 3 100 5.28085773347613e-06 0.00995088331459096 8.79845805230248e-05 0.000898994325739909 0.00184002450229751 0 4.7385911062791e-06 8.37114052859527e-06 7.33213084659898e-05 4.8031591322216e-05 0 0.987082369787692
  2 43 7 4 100 1.34124417582545e-05 0.015497526489414 0.000301651893264789 0.0102917116760251 0.00380692445905932 0 5.47194819597476e-05 0.00108165855293436 8.08094757909234e-05 0.00052597299517929 0 0.968345612534614
  2 43 7 5 100 2.99143464168632e-05 0.0198990002925156 0.000430893000673955 0.0322088885377741 0.00866237374305795 0 6.78642074740194e-05 0.0037661356695849 6.9132862181124e-05 0.00163946704489403 0 0.933226330295427
  2 44 7 2 100 2.18655794787609e-07 0.000317981308824069 3.18247378562385e-06 1.33356349162239e-06 8.65548108941437e-05 0 0 1.26254633200315e-10 2.57938412985973e-06 1.63788397605263e-06 0 0.999586511792849
  2 44 7 3 100 5.43199743856341e-06 0.00791340642493999 9.19423176623746e-05 0.000259424551083121 0.00207546390003085 0 4.98287601970711e-06 9.13013419674608e-06 6.17908556715629e-05 4.44107187747693e-05 0 0.989534016224182
  2 44 7 4 100 1.5519409791138e-05 0.0127338190840105 0.000323465308681381 0.0145314294809034 0.00432139534917249 0 6.38534571399685e-05 0.00164412045956329 6.13208931276683e-05 0.000555007543943081 0 0.965750069013667
  2 44 7 5 100 3.73844044907018e-05 0.0168592007545986 0.000451866146071923 0.0482353413278085 0.010370939303762 0 7.77136438115735e-05 0.00598608047987944 5.13101442177998e-05 0.0018379477022759 0 0.916092216093084
  2 45 7 2 100 2.96217863682693e-07 0.000423980037231655 3.86887743571082e-06 1.16616621508325e-06 9.80585695160311e-05 0 0 2.49664556367961e-11 3.629412918605e-06 2.37205700536895e-06 0 0.999466628636847
  2 45 7 3 100 5.38228875847074e-06 0.00761863611905153 8.39034278225363e-05 0.000291506821007452 0.00171216065507004 0 4.80986005150846e-06 9.23301095900623e-06 6.37050063939173e-05 4.68487926631448e-05 0 0.990163814018222
  2 45 7 4 100 1.7799258263581e-05 0.0122635568058068 0.000341356102423589 0.0201301522875555 0.00460076877835099 0 5.87802293950212e-05 0.00205024808821547 6.68945567812158e-05 0.000728478114055194 0 0.959741965779153
  2 45 7 5 100 4.71418896332591e-05 0.0181041610201698 0.000544082860189471 0.0741508742808708 0.0131219782451043 0 7.48272670064887e-05 0.00815853162400897 4.99387640465828e-05 0.0026861131514258 0 0.883062350897544
  2 46 7 2 100 3.20514088845938e-07 0.000462831106038156 4.28286284716412e-06 7.78889991012989e-07 0.00011894328887558 0 0 5.68414078376569e-13 3.86631661109612e-06 2.49372755039452e-06 0 0.999406483293429
  2 46 7 3 100 5.59754757707715e-06 0.00809578621962648 8.92224307140745e-05 0.000273523977673115 0.00198188935491728 0 5.90159383301697e-06 1.01988793192298e-05 6.47185725483962e-05 4.8173951320642e-05 0 0.989424987472471
  2 46 7 4 100 1.81361181017988e-05 0.0128810302455283 0.000329219623109986 0.0207922097701269 0.00467150067541168 0 6.05275425546136e-05 0.00218217030768696 5.95979265719245e-05 0.000701390776761264 0 0.958304217014146
  2 46 7 5 100 5.11767775182486e-05 0.0187151823535301 0.000553768133997429 0.0808124086461309 0.0135209528958167 0 7.56751574934663e-05 0.00900485754756209 4.18092777366016e-05 0.00265453895899947 0 0.874569630251215
  2 47 7 2 100 2.59208508976411e-07 0.000317478030661385 2.93612938991432e-06 4.81282390469906e-06 8.16835707748669e-05 0 0 2.28037033106979e-11 2.72476587710084e-06 1.52512044018278e-06 0 0.999588580327639
  2 47 7 3 100 6.87048572744199e-06 0.00849607471230692 9.57540603284229e-05 0.000281148718881277 0.00209142559348925 0 6.34602625327401e-06 1.16444882176562e-05 7.06205871542638e-05 4.62331725293001e-05 0 0.988893882155112
  2 47 7 4 100 1.77366325511884e-05 0.0129381188089401 0.000317980673899213 0.0259712427504166 0.00459154612869894 0 5.84461499390052e-05 0.00219386036569189 6.82923550002848e-05 0.000666650598382698 0 0.95317612553648
  2 47 7 5 100 5.21975614895036e-05 0.0204335188763954 0.000515115755243065 0.110241112385009 0.0134891093518135 0 7.60710379872345e-05 0.00947567953999044 4.74527164447889e-05 0.00263114187984696 0 0.84303860089578
  2 48 7 2 100 2.57513240163087e-07 0.000291498133081648 3.20180607771829e-06 1.30494706565666e-05 9.42825068075697e-05 0 0 2.58446876778629e-12 3.58817393262354e-06 1.65644364365975e-06 0 0.999592465949976
  2 48 7 3 100 5.93693778595948e-06 0.0067652915930613 8.78517727896166e-05 0.000468246523411641 0.00208202610954135 0 5.96553628874825e-06 1.13098159035719e-05 7.95095675056828e-05 4.34121181146552e-05 0 0.990450450025598
  2 48 7 4 100 1.61158053014434e-05 0.00999075766025593 0.000267868598630786 0.0240174052799971 0.00406290653316064 0 5.62363642182337e-05 0.00172294762378061 6.96015736483005e-05 0.000529902511817032 0 0.95926625804919
  2 48 7 5 100 4.4986390153494e-05 0.0145664554685573 0.000421966706141548 0.0981218242177422 0.0112751204593138 0 7.25670330529478e-05 0.00721832430178519 5.03381327695264e-05 0.00199091012943424 0 0.86623750716105
  2 49 7 2 100 1.07371718053615e-07 0.000126173321186054 2.10450287238411e-06 7.76144178858941e-06 4.00333156886556e-05 0 0 1.07411597362779e-09 1.65463682379207e-06 6.21322181169438e-07 0 0.999821543013625
  2 49 7 3 100 6.25822285536178e-06 0.00744717488835556 0.000135800079118023 0.000610239611745123 0.0022536592201951 0 6.68915570641088e-06 1.02257602491784e-05 9.54707784385453e-05 4.1594964038604e-05 0 0.989392887319298
  2 49 7 4 100 1.51878031887156e-05 0.0104312188589303 0.000303252001461583 0.0163562165872077 0.00369821511647596 0 5.58970417943587e-05 0.00132863920235529 9.53677286123019e-05 0.000408570178335316 0 0.967307435481639
  2 49 7 5 100 4.22208131053179e-05 0.0153339547165429 0.000453095048484001 0.0660550116825006 0.00923742613216527 0 7.30772975264343e-05 0.00563540628399221 7.00364902133791e-05 0.00152344749465129 0 0.901576324040819
  2 50 7 2 100 1.74875759767671e-07 0.000271279198546011 2.05774094203612e-06 1.00626965638355e-06 6.28023441166427e-05 0 0 1.29648872898279e-10 2.17079244320212e-06 1.17081386257613e-06 0 0.999659337835024
  2 50 7 3 100 6.47470395620187e-06 0.0099265640573717 8.91430999816279e-05 0.000261869009320781 0.00219911603777968 0 5.34653686988207e-06 1.05133251152162e-05 7.71136094341854e-05 4.79837087144047e-05 0 0.987375875911456
  2 50 7 4 100 1.94906346755139e-05 0.0162005804037165 0.000324814864811597 0.0216821740136744 0.00435842977201195 0 6.42217965894731e-05 0.00174220022747 8.06862857410952e-05 0.000593202278657501 0 0.954934199722652
  2 50 7 5 100 5.07869555780783e-05 0.0229125133993986 0.000502783104382231 0.0819903535978509 0.0110875343737205 0 8.30432454891239e-05 0.00692743913588721 5.80417119739658e-05 0.00208821164750238 0 0.874299292828217
  2 51 7 2 100 3.46977167613224e-07 0.000533371271242552 4.51845337495552e-06 1.98539693292764e-06 0.000131705130335722 0 0 5.25650667325181e-11 4.58592266999818e-06 2.47348402465139e-06 0 0.999321013311687
  2 51 7 3 100 6.14371094169291e-06 0.00937936406533354 9.42453001803813e-05 0.000261251576271002 0.0022217572916407 0 5.79947389100741e-06 1.02174193972774e-05 7.87776909150612e-05 4.73649887269204e-05 0 0.987895078482702
  2 51 7 4 100 1.94143536553452e-05 0.0150393442999811 0.000360186714032544 0.0241818413008875 0.00447810424572758 0 6.86708811515444e-05 0.00198072789379098 8.29556372813798e-05 0.000621761135739755 0 0.953166993537752
  2 51 7 5 100 4.92814972407019e-05 0.0209552589044848 0.000531351799928246 0.0865433946555246 0.0111341741328859 0 8.16659408542633e-05 0.00745327001046706 6.00823704088017e-05 0.00211216565031154 0 0.871079355037894
  2 52 7 2 100 2.31097979533225e-07 0.00038737067052473 3.48330298109128e-06 1.91938392656386e-06 9.82260980207964e-05 0 0 4.52680664799107e-12 3.25733511182912e-06 1.72812189195848e-06 0 0.999503783985037
  2 52 7 3 100 5.08158091015254e-06 0.00825700634353476 8.87046901731338e-05 0.000238154514339663 0.00199723508933538 0 6.01394609325819e-06 1.07344163416944e-05 6.71686963839326e-05 4.1692321554204e-05 0 0.989288208401334
  2 52 7 4 100 1.58614001410107e-05 0.0118183194595376 0.000281016945579219 0.0198316382849046 0.0037532571177804 0 5.51746944899655e-05 0.00205898332775612 6.0981808143851e-05 0.000517378594085449 0 0.961607388367582
  2 52 7 5 100 4.18428322885081e-05 0.0167684066947317 0.000430600072402068 0.0747542805781507 0.00976300169058059 0 6.81380797193106e-05 0.00811756935620801 4.38671656485727e-05 0.00182414062276711 0 0.888188152907503
  2 53 7 2 100 7.62589580575687e-08 0.000107988584020568 2.09993868910978e-06 6.13551162037644e-07 3.7383333777198e-05 0 0 6.05430930583505e-11 1.36917364439888e-06 7.38096955661733e-07 0 0.99984973100225
  2 53 7 3 100 4.52744677442137e-06 0.00604541309464489 0.000128311466395034 0.00020632854508115 0.00198579491436332 0 6.27809891514219e-06 1.50961963233671e-05 7.43458275326935e-05 4.63402186611391e-05 0 0.991487564191309
  2 53 7 4 100 1.74902255594905e-05 0.00930105671803344 0.000314646310472715 0.0223966058217313 0.00406811903251305 0 5.39859163491785e-05 0.00257454329532311 7.45664281550527e-05 0.000587055941162734 0 0.9606119303107
  2 53 7 5 100 5.4290967339199e-05 0.0149563232677149 0.000532305194869863 0.0995526933804518 0.0120787829370465 0 7.95820460557759e-05 0.0118097378580282 5.06633411902056e-05 0.00240974883524125 0 0.858475872172062
  2 54 7 2 100 1.45336164590575e-07 0.000277925307607017 3.20211781019092e-06 7.46821329455433e-07 4.25988172932276e-05 0 0 3.52006600056259e-11 2.39158095018029e-06 1.09123549630284e-06 0 0.999671898748148
  2 54 7 3 100 5.78240326787351e-06 0.0109795592667661 0.000133764542101726 0.000157526853847546 0.00162435378453179 0 4.24049785011292e-06 1.37786896546535e-05 9.10219613898499e-05 4.77642594322109e-05 0 0.986942207741158
  2 54 7 4 100 1.70235533995972e-05 0.0169114310232126 0.000315753554733084 0.0184833849984637 0.00357461166397118 0 5.07527419536294e-05 0.00242859614432689 8.71385632981901e-05 0.000536284623025531 0 0.957595023133616
  2 54 7 5 100 4.97930993900232e-05 0.0244040951512974 0.00051016779783066 0.0830354909228691 0.0106952966813372 0 7.64433147181255e-05 0.0112816710976119 6.03747405360216e-05 0.00215582635611978 0 0.86773084083829
  2 55 7 2 100 1.82897362218002e-07 0.000281432258725995 2.65930370179289e-06 1.12693040957511e-06 6.29466901071762e-05 0 0 3.66362552609068e-09 3.70416497334042e-06 1.3084972335449e-06 0 0.999646635593861
  2 55 7 3 100 5.29500550055965e-06 0.008104804009441 9.10690533574297e-05 0.000167602960651647 0.00176018551455166 0 4.67139572243535e-06 1.6185417750998e-05 0.000104175577702625 4.19122975450928e-05 0 0.989704098767777
  2 55 7 4 100 1.67898887660043e-05 0.0120807273268464 0.000325467558289576 0.0202753058755557 0.00388185555174264 0 5.42115671934606e-05 0.00291456802970899 0.000102884677060613 0.000537227539638721 0 0.959810961985198
  2 55 7 5 100 4.74102009883719e-05 0.0176093146595235 0.000506104616987045 0.0792627479717744 0.0105146726139354 0 7.23612985484681e-05 0.0117012775023457 7.67008328764346e-05 0.00193360298844241 0 0.878275807314578
  2 56 7 2 100 2.16379486969696e-07 0.000360681515074937 3.42255472626444e-06 1.60912708316667e-06 8.78110618674425e-05 0 0 4.90116556907179e-09 3.89165536531075e-06 1.62238350458973e-06 0 0.999540740421726
  2 56 7 3 100 5.71164962361021e-06 0.00919621794146716 0.000105005577044583 0.000187506026478326 0.00212229212800582 0 5.6634275681058e-06 2.31473527643826e-05 9.35621647284072e-05 4.6689521328562e-05 0 0.988214204210991
  2 56 7 4 100 2.07655356254348e-05 0.015374061273481 0.000394625218953797 0.0224440983589534 0.00465049977933823 0 6.35854967907828e-05 0.00431170734754687 8.28927352242779e-05 0.000685297321803832 0 0.951972466932282
  2 56 7 5 100 5.52302482350413e-05 0.021357593298111 0.000603207583749296 0.086066571737497 0.012315218387345 0 8.57647256501581e-05 0.0169508261087523 5.96120210932544e-05 0.0024263520283351 0 0.860079623861232
  2 57 7 2 100 1.94739680902108e-07 0.000371399718929588 3.38847124221238e-06 3.74283056400014e-06 6.58566874939181e-05 0 0 1.35768464999057e-11 3.09341052302739e-06 1.56845360725073e-06 0 0.999550755674382
  2 57 7 3 100 5.11780719627376e-06 0.00933016775185565 0.000100366399777519 0.000221786141731563 0.00161730732016936 0 4.49777108756565e-06 1.91693785811797e-05 7.70555790920835e-05 4.46880529202299e-05 0 0.988579843797589
  2 57 7 4 100 1.89791317475387e-05 0.0139160302233724 0.000336071483276643 0.0204712377488085 0.00408885800851503 0 4.97367849272488e-05 0.00384690616079804 8.01282533062845e-05 0.000709312272222396 0 0.956482739933026
  2 57 7 5 100 5.4591770208072e-05 0.0225024957091291 0.000535026565810087 0.0822737989548768 0.01202799233332 0 6.98131070098801e-05 0.0158282484202993 5.55116039727019e-05 0.00268446552322402 0 0.86396805601215
  2 58 7 2 100 2.91396221777941e-07 0.000426087487604682 3.89119600965894e-06 1.55206177038769e-05 8.04233402958149e-05 0 0 3.45816540048713e-12 3.44525543442442e-06 1.7943880297902e-06 0 0.999468546315242
  2 58 7 3 100 6.81369944453829e-06 0.0100727238043881 0.000108588608036937 0.000469683142188956 0.00182049497389771 0 5.52206612164031e-06 1.37453819455602e-05 7.7577757593707e-05 4.66431772694324e-05 0 0.987378207389113
  2 58 7 4 100 1.90613948927448e-05 0.0167824357970012 0.000390633657890367 0.0179496058123807 0.00403371885856465 0 6.25396102255382e-05 0.00294503680364968 7.4864643454771e-05 0.000587240567934658 0 0.957154862854006
  2 58 7 5 100 5.16311708800092e-05 0.0236559307812103 0.0005800921348144 0.0724930729612708 0.0109689907983683 0 8.15524252935347e-05 0.0124383801158034 5.45898403789912e-05 0.00219639051040393 0 0.877479369261576
  2 59 7 2 100 2.76856276824551e-07 0.000791191085710089 4.52739073691233e-06 3.27129131265245e-05 0.000115041686034141 0 0 2.52003938049297e-14 4.22201668287716e-06 2.32500297262555e-06 0 0.999049703048435
  2 59 7 3 100 5.3022025638245e-06 0.0145435499188324 0.000100224453629 0.000712851799533673 0.00203881169126554 0 5.45471188161635e-06 1.14281872943539e-05 7.62275514016484e-05 4.69045302775661e-05 0 0.98245924495332
  2 59 7 4 100 1.83167850293798e-05 0.0213138828472951 0.000372313900434343 0.0183779134402517 0.00391364725433721 0 6.14391289093415e-05 0.00258343844585295 7.49314331758891e-05 0.000597410361253338 0 0.952686706403461
  2 59 7 5 100 5.12722503934484e-05 0.031658794451277 0.000605482282267222 0.0735623371947992 0.0106408334651822 0 7.87213608298722e-05 0.0109634409222853 4.94244863207064e-05 0.00227580132297993 0 0.870113892263665
  2 60 7 2 100 2.08530756054447e-07 0.000452597354044933 3.8562433707211e-06 5.85310912715625e-06 8.17057956861181e-05 0 0 1.20530630919183e-09 3.55533267005923e-06 1.76180359926028e-06 0 0.999450460625439
  2 60 7 3 100 4.87980043699768e-06 0.0098393295192119 0.000102264992895066 0.000364765963697435 0.0017055348114897 0 5.50990547399189e-06 1.08482781437879e-05 7.40446634605757e-05 4.2294068530802e-05 0 0.98785052799666
  2 60 7 4 100 1.88816227130535e-05 0.0154899342777682 0.00038458066453894 0.0208442377069059 0.00394902150957361 0 5.57737782136939e-05 0.00244849074676107 6.96139417286511e-05 0.000528912101193075 0 0.956210553650604
  2 60 7 5 100 5.40954490785617e-05 0.0227470297944834 0.000647057654464244 0.0857115270292245 0.011551596789906 0 7.52866679947211e-05 0.0107909546564531 4.75306377590486e-05 0.00207068137903665 0 0.8663042399416
  2 61 7 2 100 2.42953030439037e-07 0.00038851975446645 3.40688469924266e-06 1.5847200879834e-06 7.78463349466933e-05 0 0 1.21362758484969e-10 3.24270817123312e-06 1.62912403659496e-06 0 0.999523527399199
  2 61 7 3 100 6.08960058478952e-06 0.00962785493028996 0.00010398370898419 0.000319789634757393 0.00185997712960333 0 5.95359591008433e-06 9.73573803229017e-06 7.80418280824161e-05 4.44962341007475e-05 0 0.987944077599655
  2 61 7 4 100 1.83782632730243e-05 0.0147712156883206 0.000384539184158548 0.0224421748462448 0.00419580198401903 0 6.16451917163639e-05 0.0022405138032735 7.74964223408219e-05 0.000686720212622326 0 0.955121514404031
  2 61 7 5 100 5.40141049078779e-05 0.0229211745535094 0.000591295286702939 0.0915886079474266 0.0123786177418623 0 7.83163889936186e-05 0.00987306597625433 5.43468894759608e-05 0.00276541916401965 0 0.859695141946847
  2 62 7 2 100 4.211357363643e-07 0.000679688217174712 5.24388929085581e-06 1.50531019358938e-06 0.000132185335341646 0 0 1.51555271690529e-10 4.39512126043113e-06 2.60482131455781e-06 0 0.999173956018133
  2 62 7 3 100 7.00042325615231e-06 0.011440019002755 0.000105002382135925 0.000302929933251254 0.00212703285032058 0 5.74611949690094e-06 1.23828229404417e-05 7.1600114006448e-05 4.86553706102632e-05 0 0.985879630981227
  2 62 7 4 100 1.78173273314544e-05 0.0171256586266398 0.000363654591594983 0.0216076432806512 0.00421846553529243 0 6.30650144026408e-05 0.00247454309289016 6.72012075088246e-05 0.00065280789806762 0 0.953409143425621
  2 62 7 5 100 5.18503194708091e-05 0.025428317671244 0.000589984416350232 0.0874188514621019 0.0121628205458472 0 8.47133371103556e-05 0.0108224472102199 4.68030125890648e-05 0.00256333557852205 0 0.860830876446544
  2 63 7 2 100 1.49789202605766e-07 0.000404884805894575 2.62814939307344e-06 7.54766641247272e-07 5.77681185597434e-05 0 0 1.79158504029069e-09 3.00173194963305e-06 1.34268580124667e-06 0 0.999529468160973
  2 63 7 3 100 5.13014010242133e-06 0.0128796810327437 0.000104080661739471 0.000292107423973766 0.00176862908859101 0 5.94309320043873e-06 1.31982066947161e-05 9.20870357425679e-05 4.75270083014706e-05 0 0.98479161630891
  2 63 7 4 100 1.89915370226619e-05 0.018860466462674 0.000366760738088344 0.0211789801268987 0.00401447224706052 0 5.39491103227934e-05 0.0025083433961533 8.69232617695432e-05 0.000638809867138169 0 0.952272303252872
  2 63 7 5 100 5.41528931125755e-05 0.0283983345372146 0.000595597932339831 0.0849968057495414 0.0116788922362922 0 7.35275158526166e-05 0.0107149047014326 6.23946945958621e-05 0.00247331416017053 0 0.860952075579448
  2 64 7 2 100 1.90039438911696e-07 0.000306938706573066 2.99362450978752e-06 6.9647880560326e-07 6.27206418417176e-05 0 0 1.63969033142769e-10 3.12695201839866e-06 1.59620961079862e-06 0 0.999621737183233
  2 64 7 3 100 5.45185169442362e-06 0.00868360950109861 9.86539278740138e-05 0.000167171553971355 0.00169501082161166 0 5.35867196689587e-06 1.26497688073191e-05 8.45927339935526e-05 4.9626812560773e-05 0 0.989197874356421
  2 64 7 4 100 1.80216987561015e-05 0.0141264476390578 0.000334080071806292 0.0208869524197453 0.00371762296778181 0 5.61853113218197e-05 0.00240156009895338 8.08878440302692e-05 0.000577701293342194 0 0.957800540655205
  2 64 7 5 100 5.17763787246819e-05 0.0201299668955305 0.000532837824651739 0.0889494564143576 0.010575214177458 0 7.13057926635081e-05 0.0105582712401314 5.38907468229552e-05 0.00222322860790781 0 0.866854051921752
  2 65 7 2 100 2.53384634593891e-07 0.000530788012521223 4.54082659821935e-06 1.25089999750109e-06 0.000105248500399124 0 0 6.00689764076358e-09 5.09904179176183e-06 2.32407557188035e-06 0 0.999350489251588
  2 65 7 3 100 5.18588361407236e-06 0.0104449460332461 0.000106398625471491 0.000162640568774251 0.00198797729237057 0 5.55674579548896e-06 1.47761246629982e-05 9.80630145314192e-05 4.99305835454104e-05 0 0.987124525127988
  2 65 7 4 100 1.87246629699036e-05 0.0157819906338335 0.000373296969635925 0.0228355936067734 0.00409881350260564 0 6.12834220895688e-05 0.00277973979891579 9.93835921017937e-05 0.000629011531331395 0 0.953322162279743
  2 65 7 5 100 5.22922915393777e-05 0.0224237322020268 0.000577486002332358 0.0917199532884187 0.0111829574870452 0 7.6907898494069e-05 0.0114230272350132 6.77777449013296e-05 0.0023220775848236 0 0.860153788265405
  2 66 7 2 100 1.83818485975528e-07 0.000241113986875213 2.5964175453838e-06 1.02476681399878e-06 4.96132672377438e-05 0 0 3.83287295258576e-09 2.54083120393716e-06 1.21746877347595e-06 0 0.999701705610191
  2 66 7 3 100 6.22597218362321e-06 0.00808482141485555 0.000105382170230841 0.00017074421749344 0.00161274354255964 0 5.24370356721245e-06 1.76871717028979e-05 8.20748752866373e-05 4.5828474364205e-05 0 0.989869248457756
  2 66 7 4 100 1.89602533966601e-05 0.0123356525000534 0.000373632710251757 0.0222041468759158 0.00410629007390184 0 5.32626572924424e-05 0.00325709819998136 7.71532193251153e-05 0.000654045430328366 0 0.956919758079553
  2 66 7 5 100 5.33888932544525e-05 0.0185331501048802 0.000621155764239866 0.0897795229097146 0.0118959905900484 0 7.8528142623847e-05 0.0135205072873581 5.55844271116115e-05 0.00245586598662605 0 0.863006305894143
  2 67 7 2 100 2.40823712688037e-07 0.000544288987752993 4.4194241558507e-06 2.23022516190373e-06 9.65965740771662e-05 0 0 4.68735723584391e-09 5.09640866799319e-06 1.9069590121612e-06 0 0.999345215910102
  2 67 7 3 100 4.87565702536536e-06 0.0108424189349936 0.000107596467660179 0.000146893830535607 0.00183956102795366 0 5.27542404404499e-06 1.44082342623192e-05 9.7100638381928e-05 4.36286270648871e-05 0 0.986898241158078
  2 67 7 4 100 1.71013973675147e-05 0.0175142516155896 0.000399042142178533 0.0164838158289008 0.00407321454160736 0 5.83041290640756e-05 0.00279507505617668 9.68916903688506e-05 0.000616784801444011 0 0.957945518797302
  2 67 7 5 100 5.11661660537039e-05 0.0242031552494876 0.000595096740366708 0.0731202026339243 0.0118989053969243 0 7.73443496613833e-05 0.0127219514915765 6.9208147175452e-05 0.00248179073924353 0 0.874781179085587
  2 68 7 2 100 2.70527264523943e-07 0.000541676504949465 4.39334645653128e-06 1.68000566310111e-06 0.000103999985651749 0 0 1.25297280501192e-12 4.38531949506102e-06 2.14597049960443e-06 0 0.999341448338767
  2 68 7 3 100 5.28624837142926e-06 0.0102968960845083 9.88555041301605e-05 0.00013024535192296 0.00189872901048944 0 5.72183009343498e-06 1.81078496276182e-05 8.01688704065167e-05 4.58538080553404e-05 0 0.987420135442395
  2 68 7 4 100 1.58731505567403e-05 0.0144964387480458 0.000302706073290962 0.0134015449551707 0.00376266463188456 0 5.44930408494302e-05 0.0030648865695638 6.68536237473361e-05 0.000604891935533881 0 0.964229647271357
  2 68 7 5 100 4.72395354291849e-05 0.0225403513231128 0.000506010976519992 0.0587792805638761 0.0112959766354025 0 7.36149564255964e-05 0.0137985430067132 4.71627116904737e-05 0.00246602050003678 0 0.890445799790793
  2 69 7 2 100 1.1769144267836e-07 0.000139336061822502 2.74555364108339e-06 6.74875668391079e-07 3.46479769984784e-05 0 0 1.00207893282446e-12 1.58101597923869e-06 7.5367718894658e-07 0 0.999820143146257
  2 69 7 3 100 5.58656345781536e-06 0.00662375208572681 0.000145218770534055 0.000148288636822689 0.00157420650367221 0 5.53836984645482e-06 1.781137417158e-05 7.27174797096861e-05 4.12674305579464e-05 0 0.991365612785501
  2 69 7 4 100 1.5454322076821e-05 0.0097082522414961 0.000339867919814363 0.0127337285188743 0.00367882290864648 0 4.52343387882341e-05 0.00253183060539361 7.18597414000788e-05 0.000552620399591928 0 0.970322329003918
  2 69 7 5 100 4.7363096562797e-05 0.0152501772143205 0.000548750979622826 0.0586617620764811 0.0119158571477985 0 6.96042620827224e-05 0.0120046490444964 5.29283624466084e-05 0.00237268929984865 0 0.89907621851634
  2 70 7 2 100 6.92532516468926e-08 0.000138313016714145 2.03341112642261e-06 5.07475654592536e-07 2.67434090089638e-05 0 0 1.10795736572483e-13 1.18384059652741e-06 5.47353610285796e-07 0 0.999830602239927
  2 70 7 3 100 4.92839076145591e-06 0.00929285239551392 0.00014594811187454 0.000163290862256798 0.00173246868971384 0 5.20207912649546e-06 1.65815813793722e-05 7.61888080136388e-05 4.38116064143791e-05 0 0.988518727474946
  2 70 7 4 100 1.6206301862143e-05 0.0144023758937635 0.000327922999284897 0.0136477388876655 0.00417441183627244 0 5.12892149282793e-05 0.00214477832156721 7.5702737756725e-05 0.000679055260639553 0 0.96448051854626
  2 70 7 5 100 4.72699453483323e-05 0.0220975678082199 0.000517815073281761 0.061851198874876 0.0131518143524259 0 7.89590261794115e-05 0.0100192705874156 5.97802516888628e-05 0.00287818320144554 0 0.889298140879119
  2 71 7 2 100 2.32797387271331e-07 0.00041814341354801 3.59625604828202e-06 1.09515969453826e-06 8.2692108865542e-05 0 0 9.00761069328101e-10 2.92052417104364e-06 1.54452363961017e-06 0 0.999489774315885
  2 71 7 3 100 5.79496089414752e-06 0.010278571909055 0.000104582215499042 0.000146843026905002 0.00196829855366301 0 4.86258578349607e-06 1.35561151750135e-05 6.97806714769673e-05 4.46101896750612e-05 0 0.987363099771873
  2 71 7 4 100 1.8090217991239e-05 0.0167672826338878 0.000390189410099886 0.0153851519838614 0.00495767581184633 0 6.28129745884549e-05 0.00210472955101247 7.53849113974285e-05 0.000838825537277193 0 0.959399856968038
  2 71 7 5 100 4.729567899048e-05 0.0241960432836618 0.000583228958759775 0.0594513947561161 0.013937070120733 0 8.4347317326472e-05 0.00835400838821392 6.27182934333184e-05 0.00307529890995382 0 0.890208594292811
  2 72 7 2 100 2.62828753695412e-07 0.000451197713943354 4.46247958736449e-06 1.08547627438217e-06 0.000114903702327143 0 0 7.84780865993164e-10 4.38344442450854e-06 2.0396726173819e-06 0 0.999421663897291
  2 72 7 3 100 5.41022862116874e-06 0.00878330319682297 0.000101718757202095 0.000126260981730661 0.00214588356418594 0 5.46160823999707e-06 1.22427545489346e-05 8.17704289060259e-05 4.63340530054984e-05 0 0.988691614426737
  2 72 7 4 100 1.78115426938534e-05 0.0133870796305509 0.00033088196228278 0.0127872937955363 0.00468575833091852 0 5.95058422250992e-05 0.00183161954117377 7.30315462102887e-05 0.000775371440927732 0 0.966051646367481
  2 72 7 5 100 4.3092476579573e-05 0.0194467366213772 0.000509625954441177 0.0464894846793217 0.0123486575550245 0 7.86924906353983e-05 0.00679572881198569 6.19857486539827e-05 0.00267085736965664 0 0.911555138292324
  2 73 7 2 100 1.25988739264607e-07 0.000211518115193556 2.24695149919599e-06 6.03183436685967e-07 4.60359302815211e-05 0 0 6.82721082590915e-12 1.98811142193102e-06 9.16622040226797e-07 0 0.99973656509056
  2 73 7 3 100 5.33052048653493e-06 0.00862804848025205 0.000111870333433111 0.000141864441300681 0.00181664597924534 0 4.88338759135824e-06 1.39692134345823e-05 7.89457242922214e-05 4.60169479311745e-05 0 0.989152424972033
  2 73 7 4 100 1.8680813776568e-05 0.013587044165445 0.000367942486006754 0.0151104700461059 0.00538973853710979 0 5.09949544436752e-05 0.00226601798817543 8.07185844445482e-05 0.00102500285254128 0 0.962103389571951
  2 73 7 5 100 5.59231192388147e-05 0.0223870739702751 0.000599168814938594 0.064042328063303 0.0174758856116696 0 8.00402248679084e-05 0.00977476545202752 6.15483147985454e-05 0.00416679569834467 0 0.881356470730536
  2 74 7 2 100 3.19287335231317e-07 0.000582932795914003 5.04860836361412e-06 1.43230854674773e-06 0.0001131648187306 0 0 1.54932680601219e-09 4.1028508951699e-06 1.7984684569498e-06 0 0.999291199312431
  2 74 7 3 100 5.85163880616593e-06 0.0109972600325872 0.000112157077991035 0.000116950749238737 0.00205714443395028 0 5.48465953583899e-06 1.28535581388169e-05 7.48820575570961e-05 4.08013774269674e-05 0 0.986576614414768
  2 74 7 4 100 1.66939725567697e-05 0.0177417500855458 0.000388857234169924 0.0117903486064947 0.00517563498640049 0 6.44032066466086e-05 0.0020844067589447 7.63880220425263e-05 0.000822326651437888 0 0.961839190475761
  2 74 7 5 100 5.24340492061762e-05 0.0261855417686273 0.000594132925815331 0.0513590168986794 0.0161793306969716 0 8.35150376173019e-05 0.0092732283998557 5.79346914357044e-05 0.00339441456510538 0 0.892820450966686
  2 75 7 2 100 2.18604875184715e-07 0.000664143298435654 4.30324289508311e-06 1.11923206418858e-06 0.000121715382989582 0 0 6.64192214247948e-12 3.3417217097107e-06 2.11399162018111e-06 0 0.999203044518769
  2 75 7 3 100 4.44215762327536e-06 0.0129817666672394 0.000101131076972055 0.000107559987954188 0.00228400420794515 0 5.8861809901559e-06 1.44314851334105e-05 6.42176272839671e-05 4.95397642793948e-05 0 0.984387020844579
  2 75 7 4 100 1.67782855166516e-05 0.0194494029980871 0.000346353061646988 0.0110823735888347 0.00520628861724032 0 6.21005368323944e-05 0.00231900895022362 6.91809837198889e-05 0.000984241810303755 0 0.960464271167595
  2 75 7 5 100 4.59138897871617e-05 0.028611210722004 0.000531503995652459 0.0424267892288577 0.0145305829931926 0 7.89529492980701e-05 0.00900131040551263 5.75827368922797e-05 0.00359881598711013 0 0.901117337091693
  2 76 7 2 100 1.11475590943447e-07 0.000247921715343372 2.56311981150054e-06 7.43262578255509e-07 5.07277338830296e-05 0 0 7.02082108302871e-09 1.89340883967972e-06 1.23173887531645e-06 0 0.999694800524257
  2 76 7 3 100 4.2187483759074e-06 0.00839312126779109 0.000105367502182098 0.000116310825635799 0.0016501713399648 0 5.65210964120542e-06 2.00391426027247e-05 6.10632946664519e-05 5.0147354562562e-05 0 0.989593908414577
  2 76 7 4 100 1.83808908536164e-05 0.0141540399549762 0.000374764496240275 0.0112715313025534 0.00529778233819901 0 5.72010403752802e-05 0.0029999849567085 6.53786383533358e-05 0.00102322364987274 0 0.964737712731868
  2 76 7 5 100 4.98557062016939e-05 0.0207869238113278 0.000603180317203721 0.0469587077666783 0.0168542906249015 0 8.04510084375201e-05 0.0127562268502016 5.58015116429841e-05 0.00405879514763898 0 0.897795767255766
  2 77 7 2 100 2.33248227824398e-07 0.000550424438162751 4.40601446750104e-06 9.69704038838657e-07 9.18240793068751e-05 0 0 1.44689068855391e-08 3.81373141623182e-06 2.03788310925291e-06 0 0.999346276432364
  2 77 7 3 100 4.6222072232808e-06 0.0104961819122974 9.90240386336401e-05 8.09043264177468e-05 0.001699293156426 0 5.10111173961452e-06 2.00217669731561e-05 7.06284731313106e-05 4.5109884994963e-05 0 0.987479113122163
  2 77 7 4 100 1.47750352846436e-05 0.0149049108271719 0.000301722190845668 0.00714957019612403 0.00426963884124284 0 5.14599079884693e-05 0.0029915672270059 6.651361030971e-05 0.000788970193526132 0 0.969460871970501
  2 77 7 5 100 4.17586232827301e-05 0.0218270564090366 0.000458238613659035 0.0300897199493352 0.0133110080311715 0 6.39459741543727e-05 0.0128568847865314 5.12293054702729e-05 0.00317893555415775 0 0.918121222753201
  2 78 7 2 100 9.64269159505318e-08 0.000191675239906299 1.68598416676073e-06 5.16170377441143e-07 4.0762934665203e-05 0 0 2.1628437844927e-10 1.41935595933744e-06 8.08505363010952e-07 0 0.999763035166362
  2 78 7 3 100 5.13982779457533e-06 0.00996717191295474 0.000107134944122638 7.81923275543537e-05 0.00202186697758723 0 6.26466651415141e-06 2.48123882798383e-05 7.15585145416123e-05 4.82716021536659e-05 0 0.987669586838497
  2 78 7 4 100 1.44942909679864e-05 0.0142671400296115 0.00033018693209625 0.00467926320536728 0.00424015832636032 0 5.42546835502736e-05 0.00338072125088223 7.14539730072468e-05 0.000686622497252823 0 0.972275704810904
  2 78 7 5 100 3.98227318907822e-05 0.0203798494051371 0.00051386047336725 0.0194609899851788 0.0122639910411489 0 7.20705244965249e-05 0.0145012026188871 5.76630650665663e-05 0.0027172819101019 0 0.929993268244725
  2 79 7 2 100 2.07648260121338e-07 0.000263857353227358 2.96985392018518e-06 8.27432714770686e-07 6.05899736214954e-05 0 0 2.1226307170999e-09 2.28671064104318e-06 1.64751012844774e-06 0 0.999667611394856
  2 79 7 3 100 5.81480235136245e-06 0.00743648004194148 0.000100411228035827 7.64094755128226e-05 0.00166315496377339 0 4.82123619304611e-06 3.07305660192751e-05 6.2628884065717e-05 5.3246510782074e-05 0 0.990566302291325
  2 79 7 4 100 1.58914400890689e-05 0.0117433277579901 0.000360945264795365 0.00543015222419795 0.00467876629490978 0 5.47429379183066e-05 0.00435809523814128 6.80985132827865e-05 0.000872559317373783 0 0.972417421011302
  2 79 7 5 100 4.32702739067769e-05 0.0164079814949984 0.000545398157777362 0.0216616035098871 0.0139091639684485 0 7.27035914708122e-05 0.0180154045620869 5.49610139200659e-05 0.00333606112438369 0 0.92595345230312
  2 80 7 2 100 2.60897858662744e-07 0.000453623590122964 4.41123780207721e-06 1.33058477786252e-06 9.26679801242709e-05 0 0 4.33757753065141e-10 2.81069422007641e-06 1.94851088302778e-06 0 0.999442946070453
  2 80 7 3 100 5.35097961888822e-06 0.00888642154584933 0.000101841402463405 7.28512450959519e-05 0.00175787202655579 0 4.9501359141545e-06 3.57553514904224e-05 5.28787877603815e-05 4.46548065670984e-05 0 0.989037423718685
  2 80 7 4 100 1.51827364572747e-05 0.012817747203195 0.00031938872467757 0.00471972963166834 0.00422541816085981 0 5.27293095387753e-05 0.00513465062926321 4.72619030107027e-05 0.0007268665835673 0 0.971941025117762
  2 80 7 5 100 3.52324051362035e-05 0.0172133337509537 0.000458591927862739 0.0171858806821153 0.0114039058809912 0 6.63351905339384e-05 0.0192364978622577 3.86808254711158e-05 0.00253902329337292 0 0.931822518181305
  2 81 7 2 100 1.2619458437432e-07 0.000157595855951706 1.68619874823177e-06 5.79353437829411e-07 3.98167729625703e-05 0 0 4.8626687833879e-11 1.48273768353047e-06 7.84858476360878e-07 0 0.999797927979529
  2 81 7 3 100 6.43767134884878e-06 0.00798255847705866 0.000104487012870214 8.47685109114189e-05 0.00194454297420063 0 5.81625679592172e-06 4.48604395018543e-05 7.34460202301507e-05 4.79319250882725e-05 0 0.989705150711994
  2 81 7 4 100 1.64675625981656e-05 0.0120598291112001 0.000332166053134825 0.00507167869301746 0.00472039869123374 0 5.36632859984578e-05 0.0059970707379828 7.66711595517611e-05 0.000821330854320137 0 0.970850723850963
  2 81 7 5 100 4.31381656285478e-05 0.0180910651625726 0.000511836471379229 0.0198377696948768 0.013425834138854 0 7.3225583581839e-05 0.0241629469365365 5.96203419090245e-05 0.00308892279189442 0 0.920705640712767
  1 1 8 1 100 0 0.00728767608612207 0 0 0 0 0 0 0 0 0 0.992712323913878
  1 1 8 2 100 0 0.00416439925863798 0 0 0 0 0 0 0 0 0 0.995835600741362
  1 1 8 3 100 0 0.000960006436425323 0 0 0 0 0 0 0 0 0 0.999039993563575
  1 1 8 4 100 0 0.000716329650482737 0 0 0 0 0 0 0 0 0 0.999283670349517
  1 1 8 5 100 0 0.000644822137212131 0 0 0 0 0 0 0 0 0 0.999355177862788
  1 2 8 1 100 0 0.00351268345531871 0 0 0 0 0 0 0 0 0 0.996487316544681
  1 2 8 2 100 0 0.00196974195988214 0 0 0 0 0 0 0 0 0 0.998030258040118
  1 2 8 3 100 0 0.000608720830685255 0 0 0 0 0 0 0 0 0 0.999391279169315
  1 2 8 4 100 0 0.000122250262360257 0 0 0 0 0 0 0 0 0 0.99987774973764
  1 3 8 2 100 0 0.00355961246281275 0 0 0 0 0 0 0 0 0 0.996440387537187
  1 3 8 3 100 0 0.00175402045640734 0 0 0 0 0 0 0 0 0 0.998245979543593
  1 3 8 4 100 0 0.000305966546312927 0 0 0 0 0 0 0 0 0 0.999694033453687
  1 4 8 2 100 0 0.00363018440669965 0 0 0 0 0 0 0 0 0 0.9963698155933
  1 4 8 3 100 0 0.00236926619348249 0 0 0 0 0 0 0 0 0 0.997630733806517
  1 4 8 4 100 0 0.000857916295751566 0 0 0 0 0 0 0 0 0 0.999142083704248
  1 5 8 1 100 0 0.00225164715890678 0 0 0 0 0 0 0 0 0 0.997748352841093
  1 5 8 2 100 0 0.00147423674141429 0 0 0 0 0 0 0 0 0 0.998525763258586
  1 5 8 3 100 0 0.000799347921406201 0 0 0 0 0 0 0 0 0 0.999200652078594
  1 5 8 4 100 0 0.00018183987585508 0 0 0 0 0 0 0 0 0 0.999818160124145
  1 6 8 1 100 0 0.00505340269616306 0 0 0 0 0 0 0 0 0 0.994946597303837
  1 6 8 2 100 0 0.00142299755443651 0 0 0 0 0 0 0 0 0 0.998577002445563
  1 6 8 3 100 0 0.00114290153336438 0 0 0 0 0 0 0 0 0 0.998857098466636
  1 6 8 4 100 0 0.000544545193817311 0 0 0 0 0 0 0 0 0 0.999455454806183
  1 7 8 1 100 0 0.00243571500683168 0 0 0 0 0 0 0 0 0 0.997564284993168
  1 7 8 2 100 0 0.00206157864554506 0 0 0 0 0 0 0 0 0 0.997938421354455
  1 7 8 3 100 0 0.000684351665210883 0 0 0 0 0 0 0 0 0 0.999315648334789
  1 7 8 4 100 0 0.000578210539822203 0 0 0 0 0 0 0 0 0 0.999421789460178
  1 7 8 5 100 0 0.000138227379761183 0 0 0 0 0 0 0 0 0 0.999861772620239
  1 8 8 1 100 0 0.0155976479337918 0 0 0 0 0 0 0 0 0 0.984402352066208
  1 8 8 2 100 0 0.00889865222676453 0 0 0 0 0 0 0 0 0 0.991101347773235
  1 8 8 3 100 0 0.00339323095880702 0 0 0 0 0 0 0 0 0 0.996606769041193
  1 8 8 4 100 0 0.000445380185776873 0 0 0 0 0 0 0 0 0 0.999554619814223
  1 9 8 2 100 0 0.00100712561813838 0 0 0 0 0 0 0 0 0 0.998992874381862
  1 9 8 3 100 0 0.00101608673300629 0 0 0 0 0 0 0 0 0 0.998983913266994
  1 9 8 4 100 0 9.25078921772449e-06 0 0 0 0 0 0 0 0 0 0.999990749210782
  1 10 8 2 100 0 0.00399390254563333 0 0 0 0 0 0 0 0 0 0.996006097454367
  1 10 8 3 100 0 0.00489184552562054 0 0 0 0 0 0 0 0 0 0.99510815447438
  1 10 8 4 100 0 0.000391205171859388 0 0 0 0 0 0 0 0 0 0.999608794828141
  1 11 8 2 100 0 0.00171145864629637 0 0 0 0 0 0 0 0 0 0.998288541353704
  1 11 8 3 100 0 0.00225780965277052 0 0 0 0 0 0 0 0 0 0.997742190347229
  1 11 8 4 100 0 0.00150301475586572 0 0 0 0 0 0 0 0 0 0.998496985244134
  1 12 8 1 100 0 0.010096120010339 0 0 0 0 0 0 0 0 0 0.989903879989661
  1 12 8 2 100 0 0.00721809993161567 0 0 0 0 0 0 0 0 0 0.992781900068384
  1 12 8 3 100 0 0.00355046594674889 0 0 0 0 0 0 0 0 0 0.996449534053251
  1 12 8 4 100 0 0.00308906338001329 0 0 0 0 0 0 0 0 0 0.996910936619987
  1 12 8 5 100 0 0.000521494073680127 0 0 0 0 0 0 0 0 0 0.99947850592632
  1 13 8 1 100 0 0.00157309266877204 0 0 0 0 0 0 0 0 0 0.998426907331228
  1 13 8 2 100 0 0.000998065307912862 0 0 0 0 0 0 0 0 0 0.999001934692087
  1 13 8 3 100 0 0.000453143142497582 0 0 0 0 0 0 0 0 0 0.999546856857502
  1 13 8 4 100 0 0.000574968713831752 0 0 0 0 0 0 0 0 0 0.999425031286168
  1 13 8 5 100 0 0.00059677447334337 0 0 0 0 0 0 0 0 0 0.999403225526657
  1 14 8 1 100 0 0.00590810771433676 0 0 0 0 0 0 0 0 0 0.994091892285663
  1 14 8 2 100 0 0.00430105699654745 0 0 0 0 0 0 0 0 0 0.995698943003453
  1 14 8 3 100 0 0.000577990505409039 0 0 0 0 0 0 0 0 0 0.999422009494591
  1 14 8 4 100 0 0.000641233239113947 0 0 0 0 0 0 0 0 0 0.999358766760886
  1 14 8 5 100 0 0.00062169138408904 0 0 0 0 0 0 0 0 0 0.999378308615911
  1 15 8 1 100 0 0.00213136706015695 0 0 0 0 0 0 0 0 0 0.997868632939843
  1 15 8 2 100 0 0.00134934433404307 0 0 0 0 0 0 0 0 0 0.998650655665957
  1 15 8 3 100 0 0.000233692649980671 0 0 0 0 0 0 0 0 0 0.999766307350019
  1 15 8 4 100 0 0.000121803264634819 0 0 0 0 0 0 0 0 0 0.999878196735365
  1 15 8 5 100 0 6.51285473593401e-05 0 0 0 0 0 0 0 0 0 0.999934871452641
  1 16 8 1 100 0 0.000900713474575948 0 0 0 0 0 0 0 0 0 0.999099286525424
  1 16 8 2 100 0 0.00603164360005669 0 0 0 0 0 0 0 0 0 0.993968356399943
  1 16 8 3 100 0 0.00210672658200358 0 0 0 0 0 0 0 0 0 0.997893273417996
  1 16 8 4 100 0 9.40508510297385e-05 0 0 0 0 0 0 0 0 0 0.99990594914897
  1 17 8 1 100 0 0.00394364636639101 0 0 0 0 0 0 0 0 0 0.996056353633609
  1 17 8 2 100 0 0.00208154265925323 0 0 0 0 0 0 0 0 0 0.997918457340747
  1 17 8 3 100 0 0.00114962376022043 0 0 0 0 0 0 0 0 0 0.99885037623978
  1 17 8 4 100 0 9.27022959433392e-05 0 0 0 0 0 0 0 0 0 0.999907297704057
  1 18 8 1 100 0 0.00411736189634755 0 0 0 0 0 0 0 0 0 0.995882638103652
  1 18 8 2 100 0 0.00223250207149431 0 0 0 0 0 0 0 0 0 0.997767497928506
  1 18 8 3 100 0 0.00168854643696701 0 0 0 0 0 0 0 0 0 0.998311453563033
  1 18 8 4 100 0 0.000275789573898593 0 0 0 0 0 0 0 0 0 0.999724210426101
  1 19 8 2 100 0 0.00370218864487588 0 0 0 0 0 0 0 0 0 0.996297811355124
  1 19 8 3 100 0 0.00311255975654362 0 0 0 0 0 0 0 0 0 0.996887440243456
  1 19 8 4 100 0 0.000677316136189078 0 0 0 0 0 0 0 0 0 0.999322683863811
  1 20 8 2 100 0 0.00133832443061002 0 0 0 0 0 0 0 0 0 0.99866167556939
  1 20 8 3 100 0 0.00135406055450049 0 0 0 0 0 0 0 0 0 0.9986459394455
  1 20 8 4 100 0 0.000806037842920154 0 0 0 0 0 0 0 0 0 0.99919396215708
  1 21 8 2 100 0 0.00114515143122236 0 0 0 0 0 0 0 0 0 0.998854848568778
  1 21 8 3 100 0 0.0021650479867218 0 0 0 0 0 0 0 0 0 0.997834952013278
  1 21 8 4 100 0 0.00043925999708459 0 0 0 0 0 0 0 0 0 0.999560740002915
  1 22 8 2 100 0 0.000140420908581204 0 0 0 0 0 0 0 0 0 0.999859579091419
  1 22 8 3 100 0 0.000501309036035089 0 0 0 0 0 0 0 0 0 0.999498690963965
  1 22 8 4 100 0 0.000257208474416653 0 0 0 0 0 0 0 0 0 0.999742791525583
  1 23 8 1 100 0 0.00830601298884576 0 0 0 0 0 0 0 0 0 0.991693987011154
  1 23 8 2 100 0 0.00365156851259313 0 0 0 0 0 0 0 0 0 0.996348431487407
  1 23 8 3 100 0 0.00104788519101531 0 0 0 0 0 0 0 0 0 0.998952114808985
  1 23 8 4 100 0 0.00106670529667951 0 0 0 0 0 0 0 0 0 0.99893329470332
  1 24 8 1 100 0 0.000320987438805711 0 0 0 0 0 0 0 0 0 0.999679012561194
  1 24 8 2 100 0 0.0032279382545909 0 0 0 0 0 0 0 0 0 0.996772061745409
  1 24 8 3 100 0 0.0013290675487371 0 0 0 0 0 0 0 0 0 0.998670932451263
  1 24 8 4 100 0 4.0192048842952e-05 0 0 0 0 0 0 0 0 0 0.999959807951157
  1 25 8 1 100 0 0.00506889738350452 0 0 0 0 0 0 0 0 0 0.994931102616496
  1 25 8 2 100 0 0.00317677446471041 0 0 0 0 0 0 0 0 0 0.99682322553529
  1 25 8 3 100 0 0.0041192344321366 0 0 0 0 0 0 0 0 0 0.995880765567863
  1 25 8 4 100 0 1.71555478982686e-05 0 0 0 0 0 0 0 0 0 0.999982844452102
  1 26 8 2 100 0 0.00199152066558309 0 0 0 0 0 0 0 0 0 0.998008479334417
  1 26 8 3 100 0 0.00241863680952096 0 0 0 0 0 0 0 0 0 0.997581363190479
  1 26 8 4 100 0 0.000194529343048066 0 0 0 0 0 0 0 0 0 0.999805470656952
  1 27 8 2 100 0 0.00372012183569104 0 0 0 0 0 0 0 0 0 0.996279878164309
  1 27 8 3 100 0 0.004808368126598 0 0 0 0 0 0 0 0 0 0.995191631873402
  1 27 8 4 100 0 0.00348073170970521 0 0 0 0 0 0 0 0 0 0.996519268290295
  1 28 8 1 100 0 0.0037610403177511 0 0 0 0 0 0 0 0 0 0.996238959682249
  1 28 8 2 100 0 0.00204503547994975 0 0 0 0 0 0 0 0 0 0.99795496452005
  1 28 8 3 100 0 0.00194860031982045 0 0 0 0 0 0 0 0 0 0.99805139968018
  1 28 8 4 100 0 0.00186716664591398 0 0 0 0 0 0 0 0 0 0.998132833354086
  1 29 8 1 100 0 0.00618315696941279 0 0 0 0 0 0 0 0 0 0.993816843030587
  1 29 8 2 100 0 0.00382196576995276 0 0 0 0 0 0 0 0 0 0.996178034230047
  1 29 8 3 100 0 0.00273049275085671 0 0 0 0 0 0 0 0 0 0.997269507249143
  1 29 8 4 100 0 0.00146554460402318 0 0 0 0 0 0 0 0 0 0.998534455395977
  1 30 8 1 100 0 0.0115381974101545 0 0 0 0 0 0 0 0 0 0.988461802589846
  1 30 8 2 100 0 0.00704442591967829 0 0 0 0 0 0 0 0 0 0.992955574080322
  1 30 8 3 100 0 0.00350040849449304 0 0 0 0 0 0 0 0 0 0.996499591505507
  1 30 8 4 100 0 0.00437616298475409 0 0 0 0 0 0 0 0 0 0.995623837015246
  1 30 8 5 100 0 0.00614798920851948 0 0 0 0 0 0 0 0 0 0.993852010791481
  1 31 8 1 100 0 0.00977819132477957 0 0 0 0 0 0 0 0 0 0.99022180867522
  1 31 8 2 100 0 0.00508619073846439 0 0 0 0 0 0 0 0 0 0.994913809261536
  1 31 8 3 100 0 0.00202959063864608 0 0 0 0 0 0 0 0 0 0.997970409361354
  1 31 8 4 100 0 0.000708627315694232 0 0 0 0 0 0 0 0 0 0.999291372684306
  1 31 8 5 100 0 0.000266179434507153 0 0 0 0 0 0 0 0 0 0.999733820565493
  1 32 8 1 100 0 0.00379262839513319 0 0 0 0 0 0 0 0 0 0.996207371604867
  1 32 8 2 100 0 0.00214241164567644 0 0 0 0 0 0 0 0 0 0.997857588354324
  1 32 8 3 100 0 0.00111949883614851 0 0 0 0 0 0 0 0 0 0.998880501163852
  1 32 8 4 100 0 5.87355356016549e-05 0 0 0 0 0 0 0 0 0 0.999941264464398
  1 33 8 1 100 0 0.00522241967480112 0 0 0 0 0 0 0 0 0 0.994777580325199
  1 33 8 2 100 0 0.00459893950827871 0 0 0 0 0 0 0 0 0 0.995401060491721
  1 33 8 3 100 0 0.00274719195120294 0 0 0 0 0 0 0 0 0 0.997252808048797
  1 33 8 4 100 0 0.000500225205048432 0 0 0 0 0 0 0 0 0 0.999499774794952
  1 34 8 1 100 0 0.00404304881747993 0 0 0 0 0 0 0 0 0 0.99595695118252
  1 34 8 2 100 0 0.00211521085034501 0 0 0 0 0 0 0 0 0 0.997884789149655
  1 34 8 3 100 0 0.00126624857121686 0 0 0 0 0 0 0 0 0 0.998733751428783
  1 34 8 4 100 0 0.000290004458999984 0 0 0 0 0 0 0 0 0 0.999709995541
  1 35 8 1 100 0 0.0102817822262426 0 0 0 0 0 0 0 0 0 0.989718217773757
  1 35 8 2 100 0 0.00502124184291759 0 0 0 0 0 0 0 0 0 0.994978758157082
  1 35 8 3 100 0 0.00418790522157466 0 0 0 0 0 0 0 0 0 0.995812094778425
  1 35 8 4 100 0 0.00077063129329018 0 0 0 0 0 0 0 0 0 0.99922936870671
  1 36 8 1 100 0 0.00217347453342438 0 0 0 0 0 0 0 0 0 0.997826525466576
  1 36 8 2 100 0 0.00126339219673941 0 0 0 0 0 0 0 0 0 0.998736607803261
  1 36 8 3 100 0 0.00120540520060484 0 0 0 0 0 0 0 0 0 0.998794594799395
  1 36 8 4 100 0 0.000222644495177354 0 0 0 0 0 0 0 0 0 0.999777355504823
  1 37 8 1 100 0 0.0094160742038643 0 0 0 0 0 0 0 0 0 0.990583925796136
  1 37 8 2 100 0 0.00522803084206673 0 0 0 0 0 0 0 0 0 0.994771969157933
  1 37 8 3 100 0 0.00346406681941654 0 0 0 0 0 0 0 0 0 0.996535933180583
  1 37 8 4 100 0 0.00268880498051892 0 0 0 0 0 0 0 0 0 0.997311195019481
  1 38 8 1 100 0 0.000915345104190663 0 0 0 0 0 0 0 0 0 0.999084654895809
  1 38 8 2 100 0 0.00178424606985124 0 0 0 0 0 0 0 0 0 0.998215753930149
  1 38 8 3 100 0 0.00103222263105586 0 0 0 0 0 0 0 0 0 0.998967777368944
  1 38 8 4 100 0 0.000569048936748667 0 0 0 0 0 0 0 0 0 0.999430951063251
  1 39 8 1 100 0 0.0117304272133843 0 0 0 0 0 0 0 0 0 0.988269572786616
  1 39 8 2 100 0 0.00657042807345803 0 0 0 0 0 0 0 0 0 0.993429571926542
  1 39 8 3 100 0 0.00431963754929866 0 0 0 0 0 0 0 0 0 0.995680362450701
  1 39 8 4 100 0 0.00094508118212285 0 0 0 0 0 0 0 0 0 0.999054918817877
  1 40 8 1 100 0 0.00173770574949157 0 0 0 0 0 0 0 0 0 0.998262294250508
  1 40 8 2 100 0 0.000856833550163942 0 0 0 0 0 0 0 0 0 0.999143166449836
  1 40 8 3 100 0 0.000792620474305159 0 0 0 0 0 0 0 0 0 0.999207379525695
  1 40 8 4 100 0 5.99449386819344e-05 0 0 0 0 0 0 0 0 0 0.999940055061318
  1 41 8 2 100 0 0.00621093643314762 0 0 0 0 0 0 0 0 0 0.993789063566852
  1 41 8 3 100 0 0.00617671901177392 0 0 0 0 0 0 0 0 0 0.993823280988226
  1 41 8 4 100 0 0.00131195445585688 0 0 0 0 0 0 0 0 0 0.998688045544143
  1 42 8 1 100 0 0.0123637088888505 0 0 0 0 0 0 0 0 0 0.987636291111149
  1 42 8 2 100 0 0.00716077774782568 0 0 0 0 0 0 0 0 0 0.992839222252174
  1 42 8 3 100 0 0.00695322276062873 0 0 0 0 0 0 0 0 0 0.993046777239371
  1 42 8 4 100 0 0.00457926759899845 0 0 0 0 0 0 0 0 0 0.995420732401002
  1 43 8 1 100 0 0.00857359853966255 0 0 0 0 0 0 0 0 0 0.991426401460337
  1 43 8 2 100 0 0.00433295077511928 0 0 0 0 0 0 0 0 0 0.995667049224881
  1 43 8 3 100 0 0.00269492964974029 0 0 0 0 0 0 0 0 0 0.99730507035026
  1 43 8 4 100 0 0.00113631436296546 0 0 0 0 0 0 0 0 0 0.998863685637035
  1 44 8 1 100 0 0.00900473417842779 0 0 0 0 0 0 0 0 0 0.990995265821572
  1 44 8 2 100 0 0.00549155974780795 0 0 0 0 0 0 0 0 0 0.994508440252192
  1 44 8 3 100 0 0.00285914347895341 0 0 0 0 0 0 0 0 0 0.997140856521047
  1 44 8 4 100 0 0.00208750463944246 0 0 0 0 0 0 0 0 0 0.997912495360558
  1 44 8 5 100 0 0.000988051285285308 0 0 0 0 0 0 0 0 0 0.999011948714715
  1 45 8 1 100 0 0.00858256570608548 0 0 0 0 0 0 0 0 0 0.991417434293914
  1 45 8 2 100 0 0.00474432171756257 0 0 0 0 0 0 0 0 0 0.995255678282437
  1 45 8 3 100 0 0.00183532223012168 0 0 0 0 0 0 0 0 0 0.998164677769878
  1 45 8 4 100 0 0.000949143289178609 0 0 0 0 0 0 0 0 0 0.999050856710821
  1 45 8 5 100 0 0.000383696821849944 0 0 0 0 0 0 0 0 0 0.99961630317815
  1 46 8 1 100 0 0.00293475134587558 0 0 0 0 0 0 0 0 0 0.997065248654124
  1 46 8 2 100 0 0.00178948417976982 0 0 0 0 0 0 0 0 0 0.99821051582023
  1 46 8 3 100 0 0.000715826749720707 0 0 0 0 0 0 0 0 0 0.999284173250279
  1 46 8 4 100 0 0.000156405102192717 0 0 0 0 0 0 0 0 0 0.999843594897807
  1 47 8 1 100 0 0.00876880700518503 0 0 0 0 0 0 0 0 0 0.991231192994815
  1 47 8 2 100 0 0.00453442507775082 0 0 0 0 0 0 0 0 0 0.995465574922249
  1 47 8 3 100 0 0.0020887121234999 0 0 0 0 0 0 0 0 0 0.9979112878765
  1 47 8 4 100 0 0.000605475517519353 0 0 0 0 0 0 0 0 0 0.999394524482481
  1 48 8 1 100 0 0.00252489246100361 0 0 0 0 0 0 0 0 0 0.997475107538996
  1 48 8 2 100 0 0.00130042892222384 0 0 0 0 0 0 0 0 0 0.998699571077776
  1 48 8 3 100 0 0.000705674537749398 0 0 0 0 0 0 0 0 0 0.999294325462251
  1 48 8 4 100 0 6.99854479936988e-05 0 0 0 0 0 0 0 0 0 0.999930014552006
  1 49 8 2 100 0 0.000769873901465946 0 0 0 0 0 0 0 0 0 0.999230126098534
  1 49 8 3 100 0 0.00180954712195304 0 0 0 0 0 0 0 0 0 0.998190452878047
  1 49 8 4 100 0 0.000337238140712372 0 0 0 0 0 0 0 0 0 0.999662761859288
  1 50 8 1 100 0 0.000413094859949116 0 0 0 0 0 0 0 0 0 0.999586905140051
  1 50 8 2 100 0 0.00231578353729528 0 0 0 0 0 0 0 0 0 0.997684216462705
  1 50 8 3 100 0 0.00121527594685783 0 0 0 0 0 0 0 0 0 0.998784724053142
  1 50 8 4 100 0 0.000370576439376604 0 0 0 0 0 0 0 0 0 0.999629423560623
  1 51 8 2 100 0 0.0051233145770044 0 0 0 0 0 0 0 0 0 0.994876685422996
  1 51 8 3 100 0 0.00427083321345162 0 0 0 0 0 0 0 0 0 0.995729166786548
  1 51 8 4 100 0 0.00102242815753211 0 0 0 0 0 0 0 0 0 0.998977571842468
  1 52 8 2 100 0 0.000648481381641659 0 0 0 0 0 0 0 0 0 0.999351518618358
  1 52 8 3 100 0 0.000845139301533082 0 0 0 0 0 0 0 0 0 0.999154860698467
  1 52 8 4 100 0 2.32979884009856e-05 0 0 0 0 0 0 0 0 0 0.999976702011599
  1 53 8 2 100 0 0.00358387099608447 0 0 0 0 0 0 0 0 0 0.996416129003916
  1 53 8 3 100 0 0.00534390669546848 0 0 0 0 0 0 0 0 0 0.994656093304532
  1 53 8 4 100 0 0.00175357127128205 0 0 0 0 0 0 0 0 0 0.998246428728718
  1 54 8 1 100 0 0.0134374982188081 0 0 0 0 0 0 0 0 0 0.986562501781192
  1 54 8 2 100 0 0.00909881243084383 0 0 0 0 0 0 0 0 0 0.990901187569156
  1 54 8 3 100 0 0.0052021233521768 0 0 0 0 0 0 0 0 0 0.994797876647823
  1 54 8 4 100 0 0.00536516040785353 0 0 0 0 0 0 0 0 0 0.994634839592146
  1 54 8 5 100 0 0.000640152929051238 0 0 0 0 0 0 0 0 0 0.999359847070949
  1 55 8 2 100 0 8.36777035109389e-05 0 0 0 0 0 0 0 0 0 0.999916322296489
  1 55 8 3 100 0 0.00108517953867224 0 0 0 0 0 0 0 0 0 0.998914820461328
  1 55 8 4 100 0 0.00125726564578874 0 0 0 0 0 0 0 0 0 0.998742734354211
  1 55 8 5 100 0 0.000789248836173438 0 0 0 0 0 0 0 0 0 0.999210751163827
  1 56 8 1 100 0 0.000584091332505638 0 0 0 0 0 0 0 0 0 0.999415908667494
  1 56 8 2 100 0 0.00705505309018776 0 0 0 0 0 0 0 0 0 0.992944946909812
  1 56 8 3 100 0 0.000534251305917922 0 0 0 0 0 0 0 0 0 0.999465748694082
  1 56 8 4 100 0 0.000859114306590415 0 0 0 0 0 0 0 0 0 0.99914088569341
  1 56 8 5 100 0 0.000670745471136634 0 0 0 0 0 0 0 0 0 0.999329254528863
  1 57 8 2 100 0 0.00386658098733321 0 0 0 0 0 0 0 0 0 0.996133419012667
  1 57 8 3 100 0 0.00062647733667957 0 0 0 0 0 0 0 0 0 0.99937352266332
  1 57 8 4 100 0 0.00013141667899331 0 0 0 0 0 0 0 0 0 0.999868583321007
  1 58 8 1 100 0 0.0189706097068238 0 0 0 0 0 0 0 0 0 0.981029390293176
  1 58 8 2 100 0 0.00873385258019891 0 0 0 0 0 0 0 0 0 0.991266147419801
  1 58 8 3 100 0 0.00434070175854546 0 0 0 0 0 0 0 0 0 0.995659298241454
  1 58 8 4 100 0 2.95144727084455e-05 0 0 0 0 0 0 0 0 0 0.999970485527292
  1 59 8 1 100 0 0.00916538964302419 0 0 0 0 0 0 0 0 0 0.990834610356976
  1 59 8 2 100 0 0.0051226448942361 0 0 0 0 0 0 0 0 0 0.994877355105764
  1 59 8 3 100 0 0.00327804265239969 0 0 0 0 0 0 0 0 0 0.9967219573476
  1 59 8 4 100 0 0.000227442320363847 0 0 0 0 0 0 0 0 0 0.999772557679636
  1 60 8 1 100 0 0.00253283956474278 0 0 0 0 0 0 0 0 0 0.997467160435257
  1 60 8 2 100 0 0.00658430815556725 0 0 0 0 0 0 0 0 0 0.993415691844433
  1 60 8 3 100 0 0.00315299472924826 0 0 0 0 0 0 0 0 0 0.996847005270752
  1 60 8 4 100 0 0.00115798432699798 0 0 0 0 0 0 0 0 0 0.998842015673002
  1 61 8 2 100 0 0.00216791549065619 0 0 0 0 0 0 0 0 0 0.997832084509344
  1 61 8 3 100 0 0.00133543143553318 0 0 0 0 0 0 0 0 0 0.998664568564467
  1 61 8 4 100 0 0.000272215309625179 0 0 0 0 0 0 0 0 0 0.999727784690375
  1 62 8 1 100 0 0.000316703211231417 0 0 0 0 0 0 0 0 0 0.999683296788769
  1 62 8 2 100 0 0.00770192152935847 0 0 0 0 0 0 0 0 0 0.992298078470642
  1 62 8 3 100 0 0.00372184585894122 0 0 0 0 0 0 0 0 0 0.996278154141059
  1 62 8 4 100 0 0.000131012747210833 0 0 0 0 0 0 0 0 0 0.999868987252789
  1 63 8 2 100 0 0.00432539498530632 0 0 0 0 0 0 0 0 0 0.995674605014694
  1 63 8 3 100 0 0.00416937628264489 0 0 0 0 0 0 0 0 0 0.995830623717355
  1 63 8 4 100 0 8.2617483399709e-05 0 0 0 0 0 0 0 0 0 0.9999173825166
  1 64 8 2 100 0 0.00511623745648883 0 0 0 0 0 0 0 0 0 0.994883762543511
  1 64 8 3 100 0 0.00650048467006993 0 0 0 0 0 0 0 0 0 0.99349951532993
  1 64 8 4 100 0 0.000554927320379072 0 0 0 0 0 0 0 0 0 0.999445072679621
  1 65 8 2 100 0 0.00142206829910779 0 0 0 0 0 0 0 0 0 0.998577931700892
  1 65 8 3 100 0 0.0015946196823581 0 0 0 0 0 0 0 0 0 0.998405380317642
  1 65 8 4 100 0 0.000580459107278034 0 0 0 0 0 0 0 0 0 0.999419540892722
  1 66 8 1 100 0 0.00835751288705257 0 0 0 0 0 0 0 0 0 0.991642487112947
  1 66 8 2 100 0 0.00507828783728229 0 0 0 0 0 0 0 0 0 0.994921712162718
  1 66 8 3 100 0 0.0032873674248182 0 0 0 0 0 0 0 0 0 0.996712632575182
  1 66 8 4 100 0 0.00345548883300927 0 0 0 0 0 0 0 0 0 0.996544511166991
  1 66 8 5 100 0 0.00024497301394725 0 0 0 0 0 0 0 0 0 0.999755026986053
  1 67 8 1 100 0 0.00234610904425748 0 0 0 0 0 0 0 0 0 0.997653890955743
  1 67 8 2 100 0 0.00296845310787222 0 0 0 0 0 0 0 0 0 0.997031546892128
  1 67 8 3 100 0 0.000627837872711281 0 0 0 0 0 0 0 0 0 0.999372162127289
  1 67 8 4 100 0 0.000495590686156321 0 0 0 0 0 0 0 0 0 0.999504409313844
  1 67 8 5 100 0 0.000178930665067572 0 0 0 0 0 0 0 0 0 0.999821069334932
  1 68 8 1 100 0 0.00556097580229427 0 0 0 0 0 0 0 0 0 0.994439024197706
  1 68 8 2 100 0 0.0039785229243119 0 0 0 0 0 0 0 0 0 0.996021477075688
  1 68 8 3 100 0 0.000706206814993477 0 0 0 0 0 0 0 0 0 0.999293793185007
  1 68 8 4 100 0 0.000167746301900476 0 0 0 0 0 0 0 0 0 0.999832253698099
  1 69 8 2 100 0 0.00523383413064776 0 0 0 0 0 0 0 0 0 0.994766165869352
  1 69 8 3 100 0 0.00145459168953616 0 0 0 0 0 0 0 0 0 0.998545408310464
  1 69 8 4 100 0 0.000145280141111475 0 0 0 0 0 0 0 0 0 0.999854719858889
  1 70 8 1 100 0 0.0113728609145705 0 0 0 0 0 0 0 0 0 0.988627139085429
  1 70 8 2 100 0 0.00613532304224333 0 0 0 0 0 0 0 0 0 0.993864676957757
  1 70 8 3 100 0 0.00241317090728626 0 0 0 0 0 0 0 0 0 0.997586829092714
  1 70 8 4 100 0 0.000127451827987022 0 0 0 0 0 0 0 0 0 0.999872548172013
  1 71 8 1 100 0 0.00959593149684341 0 0 0 0 0 0 0 0 0 0.990404068503157
  1 71 8 2 100 0 0.00483263195526089 0 0 0 0 0 0 0 0 0 0.995167368044739
  1 71 8 3 100 0 0.00245477172172579 0 0 0 0 0 0 0 0 0 0.997545228278274
  1 71 8 4 100 0 0.000439959734448794 0 0 0 0 0 0 0 0 0 0.999560040265551
  1 72 8 1 100 0 0.00676472396295317 0 0 0 0 0 0 0 0 0 0.993235276037047
  1 72 8 2 100 0 0.0040208169613419 0 0 0 0 0 0 0 0 0 0.995979183038658
  1 72 8 3 100 0 0.00148636276573008 0 0 0 0 0 0 0 0 0 0.99851363723427
  1 72 8 4 100 0 0.000272515288083941 0 0 0 0 0 0 0 0 0 0.999727484711916
  1 73 8 1 100 0 0.009474180045801 0 0 0 0 0 0 0 0 0 0.990525819954199
  1 73 8 2 100 0 0.00453987555050113 0 0 0 0 0 0 0 0 0 0.995460124449499
  1 73 8 3 100 0 0.00150423924591376 0 0 0 0 0 0 0 0 0 0.998495760754086
  1 73 8 4 100 0 0.00040619282101383 0 0 0 0 0 0 0 0 0 0.999593807178986
  1 74 8 1 100 0 0.0104778913543781 0 0 0 0 0 0 0 0 0 0.989522108645622
  1 74 8 2 100 0 0.00814700856358302 0 0 0 0 0 0 0 0 0 0.991852991436417
  1 74 8 3 100 0 0.00426967698106669 0 0 0 0 0 0 0 0 0 0.995730323018933
  1 74 8 4 100 0 8.60485932985089e-05 0 0 0 0 0 0 0 0 0 0.999913951406701
  1 75 8 2 100 0 0.00466956478393964 0 0 0 0 0 0 0 0 0 0.99533043521606
  1 75 8 3 100 0 0.00477336067522769 0 0 0 0 0 0 0 0 0 0.995226639324772
  1 75 8 4 100 0 8.58096760669772e-05 0 0 0 0 0 0 0 0 0 0.999914190323933
  1 76 8 2 100 0 0.00571055334676022 0 0 0 0 0 0 0 0 0 0.99428944665324
  1 76 8 3 100 0 0.00787929083526705 0 0 0 0 0 0 0 0 0 0.992120709164733
  1 76 8 4 100 0 0.000650945332088511 0 0 0 0 0 0 0 0 0 0.999349054667911
  1 77 8 2 100 0 0.00605277874503458 0 0 0 0 0 0 0 0 0 0.993947221254965
  1 77 8 3 100 0 0.00677595738644613 0 0 0 0 0 0 0 0 0 0.993224042613554
  1 77 8 4 100 0 0.00283330838881987 0 0 0 0 0 0 0 0 0 0.99716669161118
  1 78 8 1 100 0 0.00408529942034566 0 0 0 0 0 0 0 0 0 0.995914700579654
  1 78 8 2 100 0 0.0022432010667533 0 0 0 0 0 0 0 0 0 0.997756798933247
  1 78 8 3 100 0 0.00177173535366468 0 0 0 0 0 0 0 0 0 0.998228264646335
  1 78 8 4 100 0 0.00198068300739835 0 0 0 0 0 0 0 0 0 0.998019316992602
  1 78 8 5 100 0 0.000121733631945838 0 0 0 0 0 0 0 0 0 0.999878266368054
  1 79 8 2 100 0 0.00471562293682982 0 0 0 0 0 0 0 0 0 0.99528437706317
  1 79 8 3 100 0 0.00264307737760542 0 0 0 0 0 0 0 0 0 0.997356922622395
  1 79 8 4 100 0 0.0027903783627322 0 0 0 0 0 0 0 0 0 0.997209621637268
  1 79 8 5 100 0 0.00141800756791392 0 0 0 0 0 0 0 0 0 0.998581992432086
  1 80 8 1 100 0 0.0118336362536954 0 0 0 0 0 0 0 0 0 0.988166363746305
  1 80 8 2 100 0 0.00705642076724957 0 0 0 0 0 0 0 0 0 0.99294357923275
  1 80 8 3 100 0 0.00176402943139948 0 0 0 0 0 0 0 0 0 0.9982359705686
  1 80 8 4 100 0 0.00116790697593397 0 0 0 0 0 0 0 0 0 0.998832093024066
  1 80 8 5 100 0 0.000822039471582173 0 0 0 0 0 0 0 0 0 0.999177960528418
  1 81 8 1 100 0 0.00842193598775521 0 0 0 0 0 0 0 0 0 0.991578064012245
  1 81 8 2 100 0 0.00503377487981459 0 0 0 0 0 0 0 0 0 0.994966225120185
  1 81 8 3 100 0 0.00108816565274258 0 0 0 0 0 0 0 0 0 0.998911834347257
  1 81 8 4 100 0 0.000428916715228436 0 0 0 0 0 0 0 0 0 0.999571083284772
  1 81 8 5 100 0 0.000127897906464348 0 0 0 0 0 0 0 0 0 0.999872102093536
  2 1 8 2 100 0 0.00185847072925866 0 0 0 0 0 0 0 0 0 0.998141529270741
  2 1 8 3 100 0 0.000831547804033224 0 0 0 0 0 0 0 0 0 0.999168452195967
  2 1 8 4 100 0 0.00116646530766791 0 0 0 0 0 0 0 0 0 0.998833534692332
  2 1 8 5 100 0 0.00200892260989667 0 0 0 0 0 0 0 0 0 0.997991077390103
  2 2 8 2 100 0 0.00886213389505811 0 0 0 0 0 0 0 0 0 0.991137866104942
  2 2 8 3 100 0 0.00370725496983481 0 0 0 0 0 0 0 0 0 0.996292745030165
  2 2 8 4 100 0 0.0037327001457261 0 0 0 0 0 0 0 0 0 0.996267299854274
  2 2 8 5 100 0 0.0088188831846738 0 0 0 0 0 0 0 0 0 0.991181116815326
  2 3 8 2 100 0 0.00600507679387335 0 0 0 0 0 0 0 0 0 0.993994923206127
  2 3 8 3 100 0 0.00292750824469588 0 0 0 0 0 0 0 0 0 0.997072491755304
  2 3 8 4 100 0 0.00140247954833794 0 0 0 0 0 0 0 0 0 0.998597520451662
  2 3 8 5 100 0 0.00168577480837692 0 0 0 0 0 0 0 0 0 0.998314225191623
  2 4 8 2 100 0 0.00984468834201723 0 0 0 0 0 0 0 0 0 0.990155311657983
  2 4 8 3 100 0 0.00511385822321571 0 0 0 0 0 0 0 0 0 0.994886141776784
  2 4 8 4 100 0 0.00218783531975582 0 0 0 0 0 0 0 0 0 0.997812164680244
  2 5 8 2 100 0 0.00249246307353404 0 0 0 0 0 0 0 0 0 0.997507536926466
  2 5 8 3 100 0 0.00263049986344908 0 0 0 0 0 0 0 0 0 0.997369500136551
  2 5 8 4 100 0 0.00142963245889195 0 0 0 0 0 0 0 0 0 0.998570367541108
  2 5 8 5 100 0 0.000691247523248021 0 0 0 0 0 0 0 0 0 0.999308752476752
  2 6 8 1 100 0 1.13277320140868e-06 0 0 0 0 0 0 0 0 0 0.999998867226799
  2 6 8 2 100 0 0.00507092508019994 0 0 0 0 0 0 0 0 0 0.9949290749198
  2 6 8 3 100 0 0.00319535626626336 0 0 0 0 0 0 0 0 0 0.996804643733737
  2 6 8 4 100 0 0.00150982393542582 0 0 0 0 0 0 0 0 0 0.998490176064574
  2 6 8 5 100 0 0.0002731369043782 0 0 0 0 0 0 0 0 0 0.999726863095622
  2 7 8 1 100 0 0.00528709857996365 0 0 0 0 0 0 0 0 0 0.994712901420036
  2 7 8 2 100 0 0.00696554649742437 0 0 0 0 0 0 0 0 0 0.993034453502576
  2 7 8 3 100 0 0.00578860132227755 0 0 0 0 0 0 0 0 0 0.994211398677722
  2 7 8 4 100 0 0.00359768130562226 0 0 0 0 0 0 0 0 0 0.996402318694378
  2 7 8 5 100 0 0.00100465645910658 0 0 0 0 0 0 0 0 0 0.998995343540893
  2 8 8 1 100 0 0.00129661726191277 0 0 0 0 0 0 0 0 0 0.998703382738087
  2 8 8 2 100 0 0.00729454471685429 0 0 0 0 0 0 0 0 0 0.992705455283146
  2 8 8 3 100 0 0.00411618384238376 0 0 0 0 0 0 0 0 0 0.995883816157616
  2 8 8 4 100 0 0.003652805621862 0 0 0 0 0 0 0 0 0 0.996347194378138
  2 8 8 5 100 0 0.0025406078582793 0 0 0 0 0 0 0 0 0 0.997459392141721
  2 9 8 2 100 0 0.0206434952694918 0 0 0 0 0 0 0 0 0 0.979356504730508
  2 9 8 3 100 0 0.0122964628878913 0 0 0 0 0 0 0 0 0 0.987703537112109
  2 9 8 4 100 0 0.00319430664505757 0 0 0 0 0 0 0 0 0 0.996805693354942
  2 10 8 2 100 0 0.00394795795765056 0 0 0 0 0 0 0 0 0 0.996052042042349
  2 10 8 3 100 0 0.00296998301639394 0 0 0 0 0 0 0 0 0 0.997030016983606
  2 10 8 4 100 0 0.000288918336221311 0 0 0 0 0 0 0 0 0 0.999711081663779
  2 11 8 2 100 0 0.0078175086455839 0 0 0 0 0 0 0 0 0 0.992182491354416
  2 11 8 3 100 0 0.00579942266104193 0 0 0 0 0 0 0 0 0 0.994200577338958
  2 11 8 4 100 0 0.00225189434324203 0 0 0 0 0 0 0 0 0 0.997748105656758
  2 12 8 2 100 0 0.00606295588932381 0 0 0 0 0 0 0 0 0 0.993937044110676
  2 12 8 3 100 0 0.0103974557440172 0 0 0 0 0 0 0 0 0 0.989602544255983
  2 12 8 4 100 0 0.00741254650860201 0 0 0 0 0 0 0 0 0 0.992587453491398
  2 12 8 5 100 0 0.000902323287519015 0 0 0 0 0 0 0 0 0 0.999097676712481
  2 13 8 1 100 0 3.39241311402114e-05 0 0 0 0 0 0 0 0 0 0.99996607586886
  2 13 8 2 100 0 0.0035955046406153 0 0 0 0 0 0 0 0 0 0.996404495359385
  2 13 8 3 100 0 0.00337235837889418 0 0 0 0 0 0 0 0 0 0.996627641621106
  2 13 8 4 100 0 0.00351004208906407 0 0 0 0 0 0 0 0 0 0.996489957910936
  2 13 8 5 100 0 0.00253930364951435 0 0 0 0 0 0 0 0 0 0.997460696350486
  2 14 8 1 100 0 0.00343303376978952 0 0 0 0 0 0 0 0 0 0.99656696623021
  2 14 8 2 100 0 0.00661873953558454 0 0 0 0 0 0 0 0 0 0.993381260464415
  2 14 8 3 100 0 0.00263861628448051 0 0 0 0 0 0 0 0 0 0.99736138371552
  2 14 8 4 100 0 0.00430769795003999 0 0 0 0 0 0 0 0 0 0.99569230204996
  2 14 8 5 100 0 0.00701870988946953 0 0 0 0 0 0 0 0 0 0.99298129011053
  2 15 8 2 100 0 0.00498261935572153 0 0 0 0 0 0 0 0 0 0.995017380644278
  2 15 8 3 100 0 0.00156959149688343 0 0 0 0 0 0 0 0 0 0.998430408503117
  2 15 8 4 100 0 0.00216251424124339 0 0 0 0 0 0 0 0 0 0.997837485758757
  2 15 8 5 100 0 0.00529349291024695 0 0 0 0 0 0 0 0 0 0.994706507089753
  2 16 8 1 100 0 0.0057742958070559 0 0 0 0 0 0 0 0 0 0.994225704192944
  2 16 8 2 100 0 0.00307945745431512 0 0 0 0 0 0 0 0 0 0.996920542545685
  2 16 8 3 100 0 0.000997880171317597 0 0 0 0 0 0 0 0 0 0.999002119828682
  2 16 8 4 100 0 0.000566835600338008 0 0 0 0 0 0 0 0 0 0.999433164399662
  2 16 8 5 100 0 0.000990396898098518 0 0 0 0 0 0 0 0 0 0.999009603101901
  2 17 8 2 100 0 0.00782749135564352 0 0 0 0 0 0 0 0 0 0.992172508644356
  2 17 8 3 100 0 0.00428198731818753 0 0 0 0 0 0 0 0 0 0.995718012681812
  2 17 8 4 100 0 0.000617142592746114 0 0 0 0 0 0 0 0 0 0.999382857407254
  2 18 8 2 100 0 0.00299993365434252 0 0 0 0 0 0 0 0 0 0.997000066345658
  2 18 8 3 100 0 0.0027394159736747 0 0 0 0 0 0 0 0 0 0.997260584026325
  2 18 8 4 100 0 0.000806031402456221 0 0 0 0 0 0 0 0 0 0.999193968597544
  2 19 8 2 100 0 0.0175682386380217 0 0 0 0 0 0 0 0 0 0.982431761361978
  2 19 8 3 100 0 0.0156159293727173 0 0 0 0 0 0 0 0 0 0.984384070627283
  2 19 8 4 100 0 0.00612798605748473 0 0 0 0 0 0 0 0 0 0.993872013942515
  2 20 8 2 100 0 0.00410998660917481 0 0 0 0 0 0 0 0 0 0.995890013390825
  2 20 8 3 100 0 0.00288647074007119 0 0 0 0 0 0 0 0 0 0.997113529259929
  2 20 8 4 100 0 0.00148701254641199 0 0 0 0 0 0 0 0 0 0.998512987453588
  2 21 8 2 100 0 0.00793636701226506 0 0 0 0 0 0 0 0 0 0.992063632987735
  2 21 8 3 100 0 0.00611603162016653 0 0 0 0 0 0 0 0 0 0.993883968379834
  2 21 8 4 100 0 0.00487911880629176 0 0 0 0 0 0 0 0 0 0.995120881193708
  2 21 8 5 100 0 0.00166921117697931 0 0 0 0 0 0 0 0 0 0.998330788823021
  2 22 8 1 100 0 4.84166142702577e-05 0 0 0 0 0 0 0 0 0 0.99995158338573
  2 22 8 2 100 0 0.0120410520095466 0 0 0 0 0 0 0 0 0 0.987958947990453
  2 22 8 3 100 0 0.00632118079234078 0 0 0 0 0 0 0 0 0 0.993678819207659
  2 22 8 4 100 0 0.00314083127203176 0 0 0 0 0 0 0 0 0 0.996859168727968
  2 23 8 1 100 0 0.00141696331598275 0 0 0 0 0 0 0 0 0 0.998583036684017
  2 23 8 2 100 0 0.0152685115538398 0 0 0 0 0 0 0 0 0 0.98473148844616
  2 23 8 3 100 0 0.0114109884732898 0 0 0 0 0 0 0 0 0 0.98858901152671
  2 23 8 4 100 0 0.0083774498057633 0 0 0 0 0 0 0 0 0 0.991622550194237
  2 24 8 1 100 0 0.0196176838834486 0 0 0 0 0 0 0 0 0 0.980382316116551
  2 24 8 2 100 0 0.0103386048037379 0 0 0 0 0 0 0 0 0 0.989661395196262
  2 24 8 3 100 0 0.00565238079760598 0 0 0 0 0 0 0 0 0 0.994347619202394
  2 24 8 4 100 0 0.0055439276256934 0 0 0 0 0 0 0 0 0 0.994456072374307
  2 25 8 2 100 0 0.0100203643672631 0 0 0 0 0 0 0 0 0 0.989979635632737
  2 25 8 3 100 0 0.00736449684085079 0 0 0 0 0 0 0 0 0 0.992635503159149
  2 25 8 4 100 0 0.0010682040803522 0 0 0 0 0 0 0 0 0 0.998931795919648
  2 26 8 1 100 0 0.0160529884677699 0 0 0 0 0 0 0 0 0 0.98394701153223
  2 26 8 2 100 0 0.00898481948627137 0 0 0 0 0 0 0 0 0 0.991015180513729
  2 26 8 3 100 0 0.00751118515706477 0 0 0 0 0 0 0 0 0 0.992488814842935
  2 26 8 4 100 0 0.000693274690312557 0 0 0 0 0 0 0 0 0 0.999306725309687
  2 27 8 2 100 0 0.0081673290930864 0 0 0 0 0 0 0 0 0 0.991832670906914
  2 27 8 3 100 0 0.00649369383179019 0 0 0 0 0 0 0 0 0 0.99350630616821
  2 27 8 4 100 0 0.00278897287990217 0 0 0 0 0 0 0 0 0 0.997211027120098
  2 28 8 2 100 0 0.0137624764378771 0 0 0 0 0 0 0 0 0 0.986237523562123
  2 28 8 3 100 0 0.0151733820472253 0 0 0 0 0 0 0 0 0 0.984826617952775
  2 28 8 4 100 0 0.0114508643520451 0 0 0 0 0 0 0 0 0 0.988549135647955
  2 29 8 1 100 0 0.000683016089256381 0 0 0 0 0 0 0 0 0 0.999316983910744
  2 29 8 2 100 0 0.00582784234751377 0 0 0 0 0 0 0 0 0 0.994172157652486
  2 29 8 3 100 0 0.00706770122479082 0 0 0 0 0 0 0 0 0 0.992932298775209
  2 29 8 4 100 0 0.00625523919355289 0 0 0 0 0 0 0 0 0 0.993744760806447
  2 29 8 5 100 0 0.00655159415351438 0 0 0 0 0 0 0 0 0 0.993448405846486
  2 30 8 1 100 0 0.000130030084171364 0 0 0 0 0 0 0 0 0 0.999869969915829
  2 30 8 2 100 0 0.00615427525278227 0 0 0 0 0 0 0 0 0 0.993845724747218
  2 30 8 3 100 0 0.0056880502141879 0 0 0 0 0 0 0 0 0 0.994311949785812
  2 30 8 4 100 0 0.00470776955581023 0 0 0 0 0 0 0 0 0 0.99529223044419
  2 30 8 5 100 0 0.00462039202916927 0 0 0 0 0 0 0 0 0 0.995379607970831
  2 31 8 2 100 0 0.00650105380599347 0 0 0 0 0 0 0 0 0 0.993498946194007
  2 31 8 3 100 0 0.00431027190339649 0 0 0 0 0 0 0 0 0 0.995689728096603
  2 31 8 4 100 0 0.00514714853595852 0 0 0 0 0 0 0 0 0 0.994852851464041
  2 31 8 5 100 0 0.00592400788899995 0 0 0 0 0 0 0 0 0 0.994075992111
  2 32 8 2 100 0 0.0123995283754199 0 0 0 0 0 0 0 0 0 0.98760047162458
  2 32 8 3 100 0 0.0084504444642417 0 0 0 0 0 0 0 0 0 0.991549555535758
  2 32 8 4 100 0 0.00481951410111132 0 0 0 0 0 0 0 0 0 0.995180485898889
  2 32 8 5 100 0 0.00686445472476452 0 0 0 0 0 0 0 0 0 0.993135545275236
  2 33 8 1 100 0 0.00597050908953932 0 0 0 0 0 0 0 0 0 0.994029490910461
  2 33 8 2 100 0 0.0071199798333097 0 0 0 0 0 0 0 0 0 0.99288002016669
  2 33 8 3 100 0 0.00535285344695725 0 0 0 0 0 0 0 0 0 0.994647146553043
  2 33 8 4 100 0 0.00108596717629001 0 0 0 0 0 0 0 0 0 0.99891403282371
  2 34 8 2 100 0 0.00629336744145642 0 0 0 0 0 0 0 0 0 0.993706632558544
  2 34 8 3 100 0 0.00499308033172402 0 0 0 0 0 0 0 0 0 0.995006919668276
  2 34 8 4 100 0 0.00197533720451097 0 0 0 0 0 0 0 0 0 0.998024662795489
  2 35 8 2 100 0 0.00805785829525825 0 0 0 0 0 0 0 0 0 0.991942141704742
  2 35 8 3 100 0 0.00592367266173073 0 0 0 0 0 0 0 0 0 0.994076327338269
  2 35 8 4 100 0 0.00301356635185568 0 0 0 0 0 0 0 0 0 0.996986433648144
  2 36 8 2 100 0 0.0104555092281387 0 0 0 0 0 0 0 0 0 0.989544490771861
  2 36 8 3 100 0 0.0119545427568679 0 0 0 0 0 0 0 0 0 0.988045457243132
  2 36 8 4 100 0 0.00649261665162511 0 0 0 0 0 0 0 0 0 0.993507383348375
  2 37 8 2 100 0 0.00754878438915957 0 0 0 0 0 0 0 0 0 0.99245121561084
  2 37 8 3 100 0 0.0102876842734199 0 0 0 0 0 0 0 0 0 0.98971231572658
  2 37 8 4 100 0 0.00606435695589772 0 0 0 0 0 0 0 0 0 0.993935643044102
  2 38 8 1 100 0 0.0101385349944135 0 0 0 0 0 0 0 0 0 0.989861465005586
  2 38 8 2 100 0 0.00667820803836853 0 0 0 0 0 0 0 0 0 0.993321791961632
  2 38 8 3 100 0 0.00733129231890124 0 0 0 0 0 0 0 0 0 0.992668707681099
  2 38 8 4 100 0 0.00578728908734989 0 0 0 0 0 0 0 0 0 0.99421271091265
  2 38 8 5 100 0 0.00264646105460505 0 0 0 0 0 0 0 0 0 0.997353538945395
  2 39 8 2 100 0 0.00643986788021924 0 0 0 0 0 0 0 0 0 0.993560132119781
  2 39 8 3 100 0 0.00530800650036559 0 0 0 0 0 0 0 0 0 0.994691993499634
  2 39 8 4 100 0 0.00447516049750711 0 0 0 0 0 0 0 0 0 0.995524839502493
  2 39 8 5 100 0 0.00178621705391648 0 0 0 0 0 0 0 0 0 0.998213782946084
  2 40 8 2 100 0 0.00908917811971009 0 0 0 0 0 0 0 0 0 0.99091082188029
  2 40 8 3 100 0 0.00712296462559056 0 0 0 0 0 0 0 0 0 0.992877035374409
  2 40 8 4 100 0 0.00383178262890489 0 0 0 0 0 0 0 0 0 0.996168217371095
  2 41 8 2 100 0 0.0151939163424682 0 0 0 0 0 0 0 0 0 0.984806083657532
  2 41 8 3 100 0 0.0124630136138097 0 0 0 0 0 0 0 0 0 0.98753698638619
  2 41 8 4 100 0 0.00380158203069105 0 0 0 0 0 0 0 0 0 0.996198417969309
  2 42 8 2 100 0 0.0108314971991416 0 0 0 0 0 0 0 0 0 0.989168502800858
  2 42 8 3 100 0 0.0110642434770783 0 0 0 0 0 0 0 0 0 0.988935756522922
  2 42 8 4 100 0 0.00568012391041045 0 0 0 0 0 0 0 0 0 0.99431987608959
  2 43 8 2 100 0 0.00626444070020483 0 0 0 0 0 0 0 0 0 0.993735559299795
  2 43 8 3 100 0 0.00597835324287408 0 0 0 0 0 0 0 0 0 0.994021646757126
  2 43 8 4 100 0 0.00471624049885963 0 0 0 0 0 0 0 0 0 0.99528375950114
  2 43 8 5 100 0 0.00260009357501176 0 0 0 0 0 0 0 0 0 0.997399906424988
  2 44 8 2 100 0 0.00892299325996545 0 0 0 0 0 0 0 0 0 0.991077006740035
  2 44 8 3 100 0 0.00732999879455512 0 0 0 0 0 0 0 0 0 0.992670001205445
  2 44 8 4 100 0 0.00549557738601447 0 0 0 0 0 0 0 0 0 0.994504422613986
  2 44 8 5 100 0 0.00193688099661496 0 0 0 0 0 0 0 0 0 0.998063119003385
  2 45 8 2 100 0 0.00538318954297189 0 0 0 0 0 0 0 0 0 0.994616810457028
  2 45 8 3 100 0 0.00415686596848364 0 0 0 0 0 0 0 0 0 0.995843134031516
  2 45 8 4 100 0 0.00405460009420812 0 0 0 0 0 0 0 0 0 0.995945399905792
  2 45 8 5 100 0 0.00445833541583902 0 0 0 0 0 0 0 0 0 0.995541664584161
  2 46 8 2 100 0 0.00972338587754662 0 0 0 0 0 0 0 0 0 0.990276614122453
  2 46 8 3 100 0 0.00602377019240577 0 0 0 0 0 0 0 0 0 0.993976229807594
  2 46 8 4 100 0 0.00445504580950039 0 0 0 0 0 0 0 0 0 0.9955449541905
  2 46 8 5 100 0 0.00406862831539558 0 0 0 0 0 0 0 0 0 0.995931371684604
  2 47 8 2 100 0 0.00268919544863981 0 0 0 0 0 0 0 0 0 0.99731080455136
  2 47 8 3 100 0 0.00139623790916905 0 0 0 0 0 0 0 0 0 0.998603762090831
  2 47 8 4 100 0 0.000570332861852561 0 0 0 0 0 0 0 0 0 0.999429667138147
  2 47 8 5 100 0 0.000164583923785586 0 0 0 0 0 0 0 0 0 0.999835416076214
  2 48 8 2 100 0 0.0100410676767897 0 0 0 0 0 0 0 0 0 0.98995893232321
  2 48 8 3 100 0 0.00578104820058184 0 0 0 0 0 0 0 0 0 0.994218951799418
  2 48 8 4 100 0 0.00255002592218964 0 0 0 0 0 0 0 0 0 0.99744997407781
  2 48 8 5 100 0 0.000745253720899452 0 0 0 0 0 0 0 0 0 0.999254746279101
  2 49 8 2 100 0 0.0107713397053095 0 0 0 0 0 0 0 0 0 0.98922866029469
  2 49 8 3 100 0 0.0068223730499112 0 0 0 0 0 0 0 0 0 0.993177626950089
  2 49 8 4 100 0 0.00200295010822358 0 0 0 0 0 0 0 0 0 0.997997049891776
  2 50 8 1 100 0 0.0209909953101063 0 0 0 0 0 0 0 0 0 0.979009004689894
  2 50 8 2 100 0 0.0111666976513039 0 0 0 0 0 0 0 0 0 0.988833302348696
  2 50 8 3 100 0 0.00970560751833729 0 0 0 0 0 0 0 0 0 0.990294392481663
  2 50 8 4 100 0 0.00350524265619208 0 0 0 0 0 0 0 0 0 0.996494757343808
  2 51 8 2 100 0 0.00735698785865377 0 0 0 0 0 0 0 0 0 0.992643012141346
  2 51 8 3 100 0 0.00521862129561655 0 0 0 0 0 0 0 0 0 0.994781378704383
  2 51 8 4 100 0 0.00279398813405944 0 0 0 0 0 0 0 0 0 0.997206011865941
  2 52 8 2 100 0 0.0167802562395501 0 0 0 0 0 0 0 0 0 0.98321974376045
  2 52 8 3 100 0 0.0103903579748412 0 0 0 0 0 0 0 0 0 0.989609642025159
  2 52 8 4 100 0 0.00489123608619148 0 0 0 0 0 0 0 0 0 0.995108763913809
  2 52 8 5 100 0 0.000584311718678037 0 0 0 0 0 0 0 0 0 0.999415688281322
  2 53 8 2 100 0 0.0035878494051455 0 0 0 0 0 0 0 0 0 0.996412150594855
  2 53 8 3 100 0 0.002346726023056 0 0 0 0 0 0 0 0 0 0.997653273976944
  2 53 8 4 100 0 0.00048769866352013 0 0 0 0 0 0 0 0 0 0.99951230133648
  2 54 8 2 100 0 0.0100565401358642 0 0 0 0 0 0 0 0 0 0.989943459864136
  2 54 8 3 100 0 0.0159608961231102 0 0 0 0 0 0 0 0 0 0.98403910387689
  2 54 8 4 100 0 0.00799950852286436 0 0 0 0 0 0 0 0 0 0.992000491477136
  2 55 8 2 100 0 0.00901476508850719 0 0 0 0 0 0 0 0 0 0.990985234911493
  2 55 8 3 100 0 0.00711019666842441 0 0 0 0 0 0 0 0 0 0.992889803331576
  2 55 8 4 100 0 0.00634725281985889 0 0 0 0 0 0 0 0 0 0.993652747180141
  2 55 8 5 100 0 0.00248636759619986 0 0 0 0 0 0 0 0 0 0.9975136324038
  2 56 8 1 100 0 0.0298329794731258 0 0 0 0 0 0 0 0 0 0.970167020526874
  2 56 8 2 100 0 0.0147565056864824 0 0 0 0 0 0 0 0 0 0.985243494313518
  2 56 8 3 100 0 0.00450316108913849 0 0 0 0 0 0 0 0 0 0.995496838910861
  2 56 8 4 100 0 0.00710616053326697 0 0 0 0 0 0 0 0 0 0.992893839466733
  2 56 8 5 100 0 0.00761791927109713 0 0 0 0 0 0 0 0 0 0.992382080728903
  2 57 8 2 100 0 0.00593865009357718 0 0 0 0 0 0 0 0 0 0.994061349906423
  2 57 8 3 100 0 0.000701815361104281 0 0 0 0 0 0 0 0 0 0.999298184638896
  2 57 8 4 100 0 0.00102574927954827 0 0 0 0 0 0 0 0 0 0.998974250720452
  2 57 8 5 100 0 0.00192718916461886 0 0 0 0 0 0 0 0 0 0.998072810835381
  2 58 8 2 100 0 0.0149961213395598 0 0 0 0 0 0 0 0 0 0.98500387866044
  2 58 8 3 100 0 0.0043573981433607 0 0 0 0 0 0 0 0 0 0.995642601856639
  2 58 8 4 100 0 0.000709904860949423 0 0 0 0 0 0 0 0 0 0.999290095139051
  2 58 8 5 100 0 0.000260872812899998 0 0 0 0 0 0 0 0 0 0.9997391271871
  2 59 8 2 100 0 0.00426378947586543 0 0 0 0 0 0 0 0 0 0.995736210524135
  2 59 8 3 100 0 0.00268379853037256 0 0 0 0 0 0 0 0 0 0.997316201469627
  2 59 8 4 100 0 0.000123491875001967 0 0 0 0 0 0 0 0 0 0.999876508124998
  2 60 8 1 100 0 0.022431844184574 0 0 0 0 0 0 0 0 0 0.977568155815426
  2 60 8 2 100 0 0.0132372611869353 0 0 0 0 0 0 0 0 0 0.986762738813065
  2 60 8 3 100 0 0.00968439208824105 0 0 0 0 0 0 0 0 0 0.990315607911759
  2 60 8 4 100 0 0.0018249304180068 0 0 0 0 0 0 0 0 0 0.998175069581993
  2 61 8 2 100 0 0.00418867273595711 0 0 0 0 0 0 0 0 0 0.995811327264043
  2 61 8 3 100 0 0.00259731218433399 0 0 0 0 0 0 0 0 0 0.997402687815666
  2 61 8 4 100 0 0.00147264865175809 0 0 0 0 0 0 0 0 0 0.998527351348242
  2 61 8 5 100 0 0.000338683130313513 0 0 0 0 0 0 0 0 0 0.999661316869687
  2 62 8 1 100 0 0.042139018029723 0 0 0 0 0 0 0 0 0 0.957860981970277
  2 62 8 2 100 0 0.0214719333875279 0 0 0 0 0 0 0 0 0 0.978528066612472
  2 62 8 3 100 0 0.0134675452027598 0 0 0 0 0 0 0 0 0 0.98653245479724
  2 62 8 4 100 0 0.00325504246828313 0 0 0 0 0 0 0 0 0 0.996744957531717
  2 62 8 5 100 0 0.000580684735030534 0 0 0 0 0 0 0 0 0 0.99941931526497
  2 63 8 2 100 0 0.00547556128724795 0 0 0 0 0 0 0 0 0 0.994524438712752
  2 63 8 3 100 0 0.00314691099475054 0 0 0 0 0 0 0 0 0 0.996853089005249
  2 63 8 4 100 0 0.000355631127448695 0 0 0 0 0 0 0 0 0 0.999644368872551
  2 64 8 2 100 0 0.0105166680008644 0 0 0 0 0 0 0 0 0 0.989483331999136
  2 64 8 3 100 0 0.00699970672530254 0 0 0 0 0 0 0 0 0 0.993000293274697
  2 64 8 4 100 0 0.000847989568536128 0 0 0 0 0 0 0 0 0 0.999152010431464
  2 65 8 2 100 0 0.00970325695670132 0 0 0 0 0 0 0 0 0 0.990296743043299
  2 65 8 3 100 0 0.00746480496009313 0 0 0 0 0 0 0 0 0 0.992535195039907
  2 65 8 4 100 0 0.00223304380461357 0 0 0 0 0 0 0 0 0 0.997766956195386
  2 66 8 2 100 0 0.00710066262539813 0 0 0 0 0 0 0 0 0 0.992899337374602
  2 66 8 3 100 0 0.0101800438581129 0 0 0 0 0 0 0 0 0 0.989819956141887
  2 66 8 4 100 0 0.005526915450018 0 0 0 0 0 0 0 0 0 0.994473084549982
  2 66 8 5 100 0 0.000130679243137504 0 0 0 0 0 0 0 0 0 0.999869320756863
  2 67 8 1 100 0 0.0157400502356601 0 0 0 0 0 0 0 0 0 0.98425994976434
  2 67 8 2 100 0 0.0125769673413602 0 0 0 0 0 0 0 0 0 0.98742303265864
  2 67 8 3 100 0 0.0113515009229394 0 0 0 0 0 0 0 0 0 0.988648499077061
  2 67 8 4 100 0 0.0105451488362171 0 0 0 0 0 0 0 0 0 0.989454851163783
  2 67 8 5 100 0 0.00281800614392796 0 0 0 0 0 0 0 0 0 0.997181993856072
  2 68 8 2 100 0 0.00635913600923283 0 0 0 0 0 0 0 0 0 0.993640863990767
  2 68 8 3 100 0 0.00189461904399459 0 0 0 0 0 0 0 0 0 0.998105380956005
  2 68 8 4 100 0 0.00217500730887881 0 0 0 0 0 0 0 0 0 0.997824992691121
  2 68 8 5 100 0 0.00157314492210049 0 0 0 0 0 0 0 0 0 0.9984268550779
  2 69 8 2 100 0 0.0071647590939995 0 0 0 0 0 0 0 0 0 0.992835240906001
  2 69 8 3 100 0 0.00180106394248414 0 0 0 0 0 0 0 0 0 0.998198936057516
  2 69 8 4 100 0 0.000554933815441107 0 0 0 0 0 0 0 0 0 0.999445066184559
  2 69 8 5 100 0 0.000106467186493754 0 0 0 0 0 0 0 0 0 0.999893532813506
  2 70 8 2 100 0 0.00702565864963295 0 0 0 0 0 0 0 0 0 0.992974341350367
  2 70 8 3 100 0 0.00283689529093259 0 0 0 0 0 0 0 0 0 0.997163104709067
  2 70 8 4 100 0 0.000531797247588415 0 0 0 0 0 0 0 0 0 0.999468202752412
  2 71 8 2 100 0 0.0112891501613512 0 0 0 0 0 0 0 0 0 0.988710849838649
  2 71 8 3 100 0 0.007227706924311 0 0 0 0 0 0 0 0 0 0.992772293075689
  2 71 8 4 100 0 0.00124563563469127 0 0 0 0 0 0 0 0 0 0.998754364365309
  2 72 8 1 100 0 0.000600886734598793 0 0 0 0 0 0 0 0 0 0.999399113265401
  2 72 8 2 100 0 0.010638287521272 0 0 0 0 0 0 0 0 0 0.989361712478728
  2 72 8 3 100 0 0.00973138067864786 0 0 0 0 0 0 0 0 0 0.990268619321352
  2 72 8 4 100 0 0.00285431294825833 0 0 0 0 0 0 0 0 0 0.997145687051742
  2 72 8 5 100 0 0.000360251442268573 0 0 0 0 0 0 0 0 0 0.999639748557731
  2 73 8 1 100 0 1.88455603966562e-06 0 0 0 0 0 0 0 0 0 0.99999811544396
  2 73 8 2 100 0 0.00368141208915879 0 0 0 0 0 0 0 0 0 0.996318587910841
  2 73 8 3 100 0 0.00271361828517028 0 0 0 0 0 0 0 0 0 0.99728638171483
  2 73 8 4 100 0 0.000860313497988059 0 0 0 0 0 0 0 0 0 0.999139686502012
  2 74 8 1 100 0 0.00727693946770237 0 0 0 0 0 0 0 0 0 0.992723060532298
  2 74 8 2 100 0 0.0106589121632811 0 0 0 0 0 0 0 0 0 0.989341087836719
  2 74 8 3 100 0 0.0091509671684155 0 0 0 0 0 0 0 0 0 0.990849032831585
  2 74 8 4 100 0 0.00272172212880709 0 0 0 0 0 0 0 0 0 0.997278277871193
  2 75 8 2 100 0 0.0130847868515607 0 0 0 0 0 0 0 0 0 0.986915213148439
  2 75 8 3 100 0 0.0102076061204982 0 0 0 0 0 0 0 0 0 0.989792393879502
  2 75 8 4 100 0 0.00108715916581193 0 0 0 0 0 0 0 0 0 0.998912840834188
  2 76 8 2 100 0 0.00895950406740242 0 0 0 0 0 0 0 0 0 0.991040495932598
  2 76 8 3 100 0 0.00626557003326275 0 0 0 0 0 0 0 0 0 0.993734429966737
  2 76 8 4 100 0 0.00113241471759611 0 0 0 0 0 0 0 0 0 0.998867585282404
  2 77 8 2 100 0 0.0126362880419546 0 0 0 0 0 0 0 0 0 0.987363711958045
  2 77 8 3 100 0 0.0112716202767565 0 0 0 0 0 0 0 0 0 0.988728379723243
  2 77 8 4 100 0 0.00439461771945873 0 0 0 0 0 0 0 0 0 0.995605382280541
  2 78 8 2 100 0 0.00762706123119319 0 0 0 0 0 0 0 0 0 0.992372938768807
  2 78 8 3 100 0 0.00881476178597959 0 0 0 0 0 0 0 0 0 0.99118523821402
  2 78 8 4 100 0 0.00523246723971676 0 0 0 0 0 0 0 0 0 0.994767532760283
  2 79 8 2 100 0 0.00682220583992109 0 0 0 0 0 0 0 0 0 0.993177794160079
  2 79 8 3 100 0 0.006923835889416 0 0 0 0 0 0 0 0 0 0.993076164110584
  2 79 8 4 100 0 0.00584774019792221 0 0 0 0 0 0 0 0 0 0.994152259802078
  2 79 8 5 100 0 0.00212050280506794 0 0 0 0 0 0 0 0 0 0.997879497194932
  2 80 8 2 100 0 0.00808456181841753 0 0 0 0 0 0 0 0 0 0.991915438181582
  2 80 8 3 100 0 0.0054760038248268 0 0 0 0 0 0 0 0 0 0.994523996175173
  2 80 8 4 100 0 0.00677670617634136 0 0 0 0 0 0 0 0 0 0.993223293823659
  2 80 8 5 100 0 0.00715280400131373 0 0 0 0 0 0 0 0 0 0.992847195998686
  2 81 8 2 100 0 0.0017856428689937 0 0 0 0 0 0 0 0 0 0.998214357131006
  2 81 8 3 100 0 0.000694896849923724 0 0 0 0 0 0 0 0 0 0.999305103150076
  2 81 8 4 100 0 0.000726075735900505 0 0 0 0 0 0 0 0 0 0.999273924264099
  2 81 8 5 100 0 0.00149546285047978 0 0 0 0 0 0 0 0 0 0.99850453714952
  1 1 10 3 100 0.00523140057487105 0 0 0 0 0 0 0 0 0 0 0.994768599425129
  1 1 10 4 100 0.0475206199399604 0 0 0 0 0 0 0 0 0 0 0.95247938006004
  1 1 10 5 100 0.0681837953026495 0 0 0 0 0 0 0 0 0 0 0.93181620469735
  1 2 10 3 100 0.00488221303183059 0 0 0 0 0 0 0 0 0 0 0.995117786968169
  1 2 10 4 100 0.0439161016941851 0 0 0 0 0 0 0 0 0 0 0.956083898305815
  1 2 10 5 100 0.0625480365508024 0 0 0 0 0 0 0 0 0 0 0.937451963449198
  1 3 10 3 100 0.00402076137474046 0 0 0 0 0 0 0 0 0 0 0.995979238625259
  1 3 10 4 100 0.0343037651184296 0 0 0 0 0 0 0 0 0 0 0.96569623488157
  1 3 10 5 100 0.050581261081875 0 0 0 0 0 0 0 0 0 0 0.949418738918125
  1 4 10 3 100 0.00474488046735035 0 0 0 0 0 0 0 0 0 0 0.99525511953265
  1 4 10 4 100 0.043957413230614 0 0 0 0 0 0 0 0 0 0 0.956042586769386
  1 4 10 5 100 0.0644230514503926 0 0 0 0 0 0 0 0 0 0 0.935576948549607
  1 5 10 3 100 0.00551686710583423 0 0 0 0 0 0 0 0 0 0 0.994483132894166
  1 5 10 4 100 0.0567471222048026 0 0 0 0 0 0 0 0 0 0 0.943252877795197
  1 5 10 5 100 0.0900128532480793 0 0 0 0 0 0 0 0 0 0 0.909987146751921
  1 6 10 3 100 0.00497540080774926 0 0 0 0 0 0 0 0 0 0 0.995024599192251
  1 6 10 4 100 0.0490117112982823 0 0 0 0 0 0 0 0 0 0 0.950988288701718
  1 6 10 5 100 0.0789027984351586 0 0 0 0 0 0 0 0 0 0 0.921097201564841
  1 7 10 3 100 0.00486688155767413 0 0 0 0 0 0 0 0 0 0 0.995133118442326
  1 7 10 4 100 0.0491501707755017 0 0 0 0 0 0 0 0 0 0 0.950849829224498
  1 7 10 5 100 0.0789113789813541 0 0 0 0 0 0 0 0 0 0 0.921088621018646
  1 8 10 3 100 0.00488127458264479 0 0 0 0 0 0 0 0 0 0 0.995118725417355
  1 8 10 4 100 0.0542559665093193 0 0 0 0 0 0 0 0 0 0 0.945744033490681
  1 8 10 5 100 0.0856847090052636 0 0 0 0 0 0 0 0 0 0 0.914315290994736
  1 9 10 3 100 0.00521413049384985 0 0 0 0 0 0 0 0 0 0 0.99478586950615
  1 9 10 4 100 0.0537321284580349 0 0 0 0 0 0 0 0 0 0 0.946267871541965
  1 9 10 5 100 0.0838835760775395 0 0 0 0 0 0 0 0 0 0 0.916116423922461
  1 10 10 3 100 0.00521751241769931 0 0 0 0 0 0 0 0 0 0 0.994782487582301
  1 10 10 4 100 0.0580151062305625 0 0 0 0 0 0 0 0 0 0 0.941984893769438
  1 10 10 5 100 0.0903859176856247 0 0 0 0 0 0 0 0 0 0 0.909614082314375
  1 11 10 3 100 0.0047663581807658 0 0 0 0 0 0 0 0 0 0 0.995233641819234
  1 11 10 4 100 0.0566515697111545 0 0 0 0 0 0 0 0 0 0 0.943348430288846
  1 11 10 5 100 0.0902105495798885 0 0 0 0 0 0 0 0 0 0 0.909789450420112
  1 12 10 3 100 0.00489044984854717 0 0 0.000815298791818577 0 0 0 0 0 0 0 0.994294251359634
  1 12 10 4 100 0.0521892954248981 0 0 0.00784317549925269 0 0 0 0 0 0 0 0.939967529075849
  1 12 10 5 100 0.083636040474813 0 0 0.0114825306187367 0 0 0 0 0 0 0 0.90488142890645
  1 13 10 3 100 0.00530219855266357 0 0 0 0 0 0 0 0 0 0 0.994697801447336
  1 13 10 4 100 0.0633059564839253 0 0 0 0 0 0 0 0 0 0 0.936694043516075
  1 13 10 5 100 0.10088853366046 0 0 0 0 0 0 0 0 0 0 0.89911146633954
  1 14 10 3 100 0.00515648471538726 0 0 0 0 0 0 0 0 0 0 0.994843515284613
  1 14 10 4 100 0.0633714603765102 0 0 0 0 0 0 0 0 0 0 0.93662853962349
  1 14 10 5 100 0.101652587133926 0 0 0 0 0 0 0 0 0 0 0.898347412866074
  1 15 10 3 100 0.00431248781424259 0 0 0 0 0 0 0 0 0 0 0.995687512185757
  1 15 10 4 100 0.0540569984007945 0 0 0 0 0 0 0 0 0 0 0.945943001599206
  1 15 10 5 100 0.0892334481299589 0 0 0 0 0 0 0 0 0 0 0.910766551870041
  1 16 10 3 100 0.00381361869404565 0 0 0 0 0 0 0 0 0 0 0.996186381305954
  1 16 10 4 100 0.0536383823775176 0 0 0 0 0 0 0 0 0 0 0.946361617622482
  1 16 10 5 100 0.091164998769936 0 0 0 0 0 0 0 0 0 0 0.908835001230064
  1 17 10 3 100 0.0032089017607666 0 0 0 0 0 0 0 0 0 0 0.996791098239233
  1 17 10 4 100 0.0464230091110548 0 0 0 0 0 0 0 0 0 0 0.953576990888945
  1 17 10 5 100 0.0759156731027256 0 0 0 0 0 0 0 0 0 0 0.924084326897274
  1 18 10 3 100 0.00281608779051072 0 0 0 0 0 0 0 0 0 0 0.997183912209489
  1 18 10 4 100 0.0496183144862592 0 0 0 0 0 0 0 0 0 0 0.950381685513741
  1 18 10 5 100 0.082963862448432 0 0 0 0 0 0 0 0 0 0 0.917036137551568
  1 19 10 3 100 0.00220054855563792 0 0 0 0 0 0 0 0 0 0 0.997799451444362
  1 19 10 4 100 0.0463437830381263 0 0 0 0 0 0 0 0 0 0 0.953656216961874
  1 19 10 5 100 0.0803573086537625 0 0 0 0 0 0 0 0 0 0 0.919642691346238
  1 20 10 3 100 0.00182106174673878 0 0 0 0 0 0 0 0 0 0 0.998178938253261
  1 20 10 4 100 0.0392378856447868 0 0 0 0 0 0 0 0 0 0 0.960762114355213
  1 20 10 5 100 0.0704787969783889 0 0 0 0 0 0 0 0 0 0 0.929521203021611
  1 21 10 3 100 0.00170088564261169 0 0 0 0 0 0 0 0 0 0 0.998299114357388
  1 21 10 4 100 0.0435691411728731 0 0 0 0 0 0 0 0 0 0 0.956430858827127
  1 21 10 5 100 0.0816241184894474 0 0 0 0 0 0 0 0 0 0 0.918375881510553
  1 22 10 3 100 0.00144246721155997 0 0 0 0 0 0 0 0 0 0 0.99855753278844
  1 22 10 4 100 0.0363108709251282 0 0 0 0 0 0 0 0 0 0 0.963689129074872
  1 22 10 5 100 0.0788651612220612 0 0 0 0 0 0 0 0 0 0 0.921134838777939
  1 23 10 3 100 0.0011021544538477 0 0 0 0 0 0 0 0 0 0 0.998897845546152
  1 23 10 4 100 0.0269894615956051 0 0 0 0 0 0 0 0 0 0 0.973010538404395
  1 23 10 5 100 0.0615017125566472 0 0 0 0 0 0 0 0 0 0 0.938498287443353
  1 24 10 3 100 0.000922045201405295 0 0 0 0 0 0 0 0 0 0 0.999077954798595
  1 24 10 4 100 0.0203003258961749 0 0 0 0 0 0 0 0 0 0 0.979699674103825
  1 24 10 5 100 0.0491715494908403 0 0 0 0 0 0 0 0 0 0 0.95082845050916
  1 25 10 3 100 0.00114728322063596 0 0 0 0 0 0 0 0 0 0 0.998852716779364
  1 25 10 4 100 0.024866891041098 0 0 0 0 0 0 0 0 0 0 0.975133108958902
  1 25 10 5 100 0.0587318058074213 0 0 0 0 0 0 0 0 0 0 0.941268194192579
  1 26 10 3 100 0.00108529897196546 0 0 0 0 0 0 0 0 0 0 0.998914701028035
  1 26 10 4 100 0.0239525014068623 0 0 0 0 0 0 0 0 0 0 0.976047498593138
  1 26 10 5 100 0.0518262484836556 0 0 0 0 0 0 0 0 0 0 0.948173751516344
  1 27 10 3 100 0.000905432471634973 0 0 0.000352601326827698 0 0 0 0 0 0 0 0.998741966201537
  1 27 10 4 100 0.0205210631122271 0 0 0.00776139432716967 0 0 0 0 0 0 0 0.971717542560603
  1 27 10 5 100 0.0476507892800936 0 0 0.0179372834026046 0 0 0 0 0 0 0 0.934411927317302
  1 28 10 3 100 0.000730709113944263 0 0 0 0 0 0 0 0 0 0 0.999269290886056
  1 28 10 4 100 0.017582358766466 0 0 0 0 0 0 0 0 0 0 0.982417641233534
  1 28 10 5 100 0.0368936505649882 0 0 0 0 0 0 0 0 0 0 0.963106349435012
  1 29 10 3 100 0.000838365143743394 0 0 0 0 0 0 0 0 0 0 0.999161634856257
  1 29 10 4 100 0.0194937114471021 0 0 0 0 0 0 0 0 0 0 0.980506288552898
  1 29 10 5 100 0.0416061635358374 0 0 0 0 0 0 0 0 0 0 0.958393836464163
  1 30 10 3 100 0.000780936628246684 0 0 0 0 0 0 0 0 0 0 0.999219063371753
  1 30 10 4 100 0.0168248901355848 0 0 0 0 0 0 0 0 0 0 0.983175109864415
  1 30 10 5 100 0.0382420519026604 0 0 0 0 0 0 0 0 0 0 0.96175794809734
  1 31 10 3 100 0.000779714540300169 0 0 0 0 0 0 0 0 0 0 0.9992202854597
  1 31 10 4 100 0.017645779099572 0 0 0 0 0 0 0 0 0 0 0.982354220900428
  1 31 10 5 100 0.0370036196604749 0 0 0 0 0 0 0 0 0 0 0.962996380339525
  1 32 10 3 100 0.000772311185922501 0 0 0 0 0 0 0 0 0 0 0.999227688814078
  1 32 10 4 100 0.0178016179149824 0 0 0 0 0 0 0 0 0 0 0.982198382085018
  1 32 10 5 100 0.0349336825125749 0 0 0 0 0 0 0 0 0 0 0.965066317487425
  1 33 10 3 100 0.00070566198684587 0 0 0 0 0 0 0 0 0 0 0.999294338013154
  1 33 10 4 100 0.0169084331273126 0 0 0 0 0 0 0 0 0 0 0.983091566872687
  1 33 10 5 100 0.0348756910372047 0 0 0 0 0 0 0 0 0 0 0.965124308962795
  1 34 10 3 100 0.000709040201851433 0 0 0 0 0 0 0 0 0 0 0.999290959798149
  1 34 10 4 100 0.0164357916738095 0 0 0 0 0 0 0 0 0 0 0.983564208326191
  1 34 10 5 100 0.0341573071860353 0 0 0 0 0 0 0 0 0 0 0.965842692813965
  1 35 10 3 100 0.000709512442285893 0 0 0 0 0 0 0 0 0 0 0.999290487557714
  1 35 10 4 100 0.0173594557803868 0 0 0 0 0 0 0 0 0 0 0.982640544219613
  1 35 10 5 100 0.0345672618605112 0 0 0 0 0 0 0 0 0 0 0.965432738139489
  1 36 10 3 100 0.000687446383437499 0 0 0 0 0 0 0 0 0 0 0.999312553616562
  1 36 10 4 100 0.0162806651934105 0 0 0 0 0 0 0 0 0 0 0.98371933480659
  1 36 10 5 100 0.0354024594954918 0 0 0 0 0 0 0 0 0 0 0.964597540504508
  1 37 10 3 100 0.000679606326471577 0 0 0 0 0 0 0 0 0 0 0.999320393673528
  1 37 10 4 100 0.0154145586466943 0 0 0 0 0 0 0 0 0 0 0.984585441353306
  1 37 10 5 100 0.0336121668462323 0 0 0 0 0 0 0 0 0 0 0.966387833153768
  1 38 10 3 100 0.000678019007418727 0 0 0 0 0 0 0 0 0 0 0.999321980992581
  1 38 10 4 100 0.0143296215861969 0 0 0 0 0 0 0 0 0 0 0.985670378413803
  1 38 10 5 100 0.032319230492125 0 0 0 0 0 0 0 0 0 0 0.967680769507875
  1 39 10 3 100 0.000625981309488268 0 0 0 0 0 0 0 0 0 0 0.999374018690512
  1 39 10 4 100 0.0150855689318427 0 0 0 0 0 0 0 0 0 0 0.984914431068157
  1 39 10 5 100 0.032782229467744 0 0 0 0 0 0 0 0 0 0 0.967217770532256
  1 40 10 3 100 0.000634547133627358 0 0 0.000333094939368928 0 0 0 0 0 0 0 0.999032357927004
  1 40 10 4 100 0.0144077595897935 0 0 0.00756843552805419 0 0 0 0 0 0 0 0.978023804882152
  1 40 10 5 100 0.031081179771057 0 0 0.0163574893948341 0 0 0 0 0 0 0 0.952561330834109
  1 41 10 3 100 0.000694532131724914 0 0 0 0 0 0 0 0 0 0 0.999305467868275
  1 41 10 4 100 0.0177385312523517 0 0 0 0 0 0 0 0 0 0 0.982261468747648
  1 41 10 5 100 0.0376357429452264 0 0 0 0 0 0 0 0 0 0 0.962364257054774
  1 42 10 3 100 0.000821997692500309 0 0 0 0 0 0 0 0 0 0 0.9991780023075
  1 42 10 4 100 0.0193913648041783 0 0 0 0 0 0 0 0 0 0 0.980608635195822
  1 42 10 5 100 0.0445702919375197 0 0 0 0 0 0 0 0 0 0 0.95542970806248
  1 43 10 3 100 0.000974146091798225 0 0 0 0 0 0 0 0 0 0 0.999025853908202
  1 43 10 4 100 0.019256213681185 0 0 0 0 0 0 0 0 0 0 0.980743786318815
  1 43 10 5 100 0.0452560273556068 0 0 0 0 0 0 0 0 0 0 0.954743972644393
  1 44 10 3 100 0.00102362844677357 0 0 0 0 0 0 0 0 0 0 0.998976371553226
  1 44 10 4 100 0.0199353720462198 0 0 0 0 0 0 0 0 0 0 0.98006462795378
  1 44 10 5 100 0.0412727864634322 0 0 0 0 0 0 0 0 0 0 0.958727213536568
  1 45 10 3 100 0.00112878425974943 0 0 0 0 0 0 0 0 0 0 0.998871215740251
  1 45 10 4 100 0.0223400585292386 0 0 0 0 0 0 0 0 0 0 0.977659941470761
  1 45 10 5 100 0.0457189690944267 0 0 0 0 0 0 0 0 0 0 0.954281030905573
  1 46 10 3 100 0.00109260944206136 0 0 0.00027141159895339 0 0 0 0 0 0 0 0.998635978958985
  1 46 10 4 100 0.0219334631165851 0 0 0.00545279010925039 0 0 0 0 0 0 0 0.972613746774164
  1 46 10 5 100 0.0426820634367077 0 0 0.0106215053000592 0 0 0 0 0 0 0 0.946696431263233
  1 47 10 3 100 0.00126141572842061 0 0 0 0 0 0 0 0 0 0 0.998738584271579
  1 47 10 4 100 0.0241245934148632 0 0 0 0 0 0 0 0 0 0 0.975875406585137
  1 47 10 5 100 0.0485455620644618 0 0 0 0 0 0 0 0 0 0 0.951454437935538
  1 48 10 3 100 0.00128842084146776 0 0 0 0 0 0 0 0 0 0 0.998711579158532
  1 48 10 4 100 0.0256164294957038 0 0 0 0 0 0 0 0 0 0 0.974383570504296
  1 48 10 5 100 0.0484319702216983 0 0 0 0 0 0 0 0 0 0 0.951568029778302
  1 49 10 3 100 0.000961562853554427 0 0 0 0 0 0 0 0 0 0 0.999038437146446
  1 49 10 4 100 0.0215789217964875 0 0 0 0 0 0 0 0 0 0 0.978421078203513
  1 49 10 5 100 0.0413239880407569 0 0 0 0 0 0 0 0 0 0 0.958676011959243
  1 50 10 3 100 0.00128502705511869 0 0 0 0 0 0 0 0 0 0 0.998714972944881
  1 50 10 4 100 0.0268772906308742 0 0 0 0 0 0 0 0 0 0 0.973122709369126
  1 50 10 5 100 0.0523762722622296 0 0 0 0 0 0 0 0 0 0 0.94762372773777
  1 51 10 3 100 0.00178146586001772 0 0 0 0 0 0 0 0 0 0 0.998218534139982
  1 51 10 4 100 0.0382169573065914 0 0 0 0 0 0 0 0 0 0 0.961783042693409
  1 51 10 5 100 0.075484470624101 0 0 0 0 0 0 0 0 0 0 0.924515529375899
  1 52 10 3 100 0.00118249451270407 0 0 0 0 0 0 0 0 0 0 0.998817505487296
  1 52 10 4 100 0.0249277271601598 0 0 0 0 0 0 0 0 0 0 0.97507227283984
  1 52 10 5 100 0.0469709931904078 0 0 0 0 0 0 0 0 0 0 0.953029006809592
  1 53 10 3 100 0.00134079642288619 0 0 0 0 0 0 0 0 0 0 0.998659203577114
  1 53 10 4 100 0.027307206617196 0 0 0 0 0 0 0 0 0 0 0.972692793382804
  1 53 10 5 100 0.0519917036538764 0 0 0 0 0 0 0 0 0 0 0.948008296346124
  1 54 10 3 100 0.00167287038259097 0 0 0 0 0 0 0 0 0 0 0.998327129617409
  1 54 10 4 100 0.0368482188910316 0 0 0 0 0 0 0 0 0 0 0.963151781108968
  1 54 10 5 100 0.0745223453178449 0 0 0 0 0 0 0 0 0 0 0.925477654682155
  1 55 10 3 100 0.00190724203141391 0 0 0 0 0 0 0 0 0 0 0.998092757968586
  1 55 10 4 100 0.0400349617462938 0 0 0 0 0 0 0 0 0 0 0.959965038253706
  1 55 10 5 100 0.078785072415571 0 0 0 0 0 0 0 0 0 0 0.921214927584429
  1 56 10 3 100 0.00190114235566709 0 0 0 0 0 0 0 0 0 0 0.998098857644333
  1 56 10 4 100 0.0426736418071845 0 0 0 0 0 0 0 0 0 0 0.957326358192816
  1 56 10 5 100 0.0824041335341833 0 0 0 0 0 0 0 0 0 0 0.917595866465817
  1 57 10 3 100 0.00178474636740453 0 0 0 0 0 0 0 0 0 0 0.998215253632595
  1 57 10 4 100 0.0386075593909839 0 0 0 0 0 0 0 0 0 0 0.961392440609016
  1 57 10 5 100 0.0760196161622421 0 0 0 0 0 0 0 0 0 0 0.923980383837758
  1 58 10 3 100 0.00191408739532344 0 0 0 0 0 0 0 0 0 0 0.998085912604677
  1 58 10 4 100 0.0422569717991419 0 0 0 0 0 0 0 0 0 0 0.957743028200858
  1 58 10 5 100 0.0818680972724781 0 0 0 0 0 0 0 0 0 0 0.918131902727522
  1 59 10 3 100 0.0020688200921093 0 0 0 0 0 0 0 0 0 0 0.997931179907891
  1 59 10 4 100 0.0431613682364476 0 0 0 0 0 0 0 0 0 0 0.956838631763552
  1 59 10 5 100 0.085956051428362 0 0 0 0 0 0 0 0 0 0 0.914043948571638
  1 60 10 3 100 0.00199227131796043 0 0 0 0 0 0 0 0 0 0 0.99800772868204
  1 60 10 4 100 0.0415653169032418 0 0 0 0 0 0 0 0 0 0 0.958434683096758
  1 60 10 5 100 0.0787472314525521 0 0 0 0 0 0 0 0 0 0 0.921252768547448
  1 61 10 3 100 0.00209605942618998 0 0 0 0 0 0 0 0 0 0 0.99790394057381
  1 61 10 4 100 0.0451699271726881 0 0 0 0 0 0 0 0 0 0 0.954830072827312
  1 61 10 5 100 0.0866074899871165 0 0 0 0 0 0 0 0 0 0 0.913392510012883
  1 62 10 3 100 0.00194014088048794 0 0 0 0 0 0 0 0 0 0 0.998059859119512
  1 62 10 4 100 0.0449349730197824 0 0 0 0 0 0 0 0 0 0 0.955065026980218
  1 62 10 5 100 0.0864101974715173 0 0 0 0 0 0 0 0 0 0 0.913589802528483
  1 63 10 3 100 0.00192049331749707 0 0 0 0 0 0 0 0 0 0 0.998079506682503
  1 63 10 4 100 0.0426612652499862 0 0 0 0 0 0 0 0 0 0 0.957338734750014
  1 63 10 5 100 0.0812049691467112 0 0 0 0 0 0 0 0 0 0 0.918795030853289
  1 64 10 3 100 0.00214133955485231 0 0 0 0 0 0 0 0 0 0 0.997858660445148
  1 64 10 4 100 0.0465795455397116 0 0 0 0 0 0 0 0 0 0 0.953420454460288
  1 64 10 5 100 0.0899361551903264 0 0 0 0 0 0 0 0 0 0 0.910063844809674
  1 65 10 3 100 0.00225092702675636 0 0 0 0 0 0 0 0 0 0 0.997749072973244
  1 65 10 4 100 0.047093555716699 0 0 0 0 0 0 0 0 0 0 0.952906444283301
  1 65 10 5 100 0.088192798542012 0 0 0 0 0 0 0 0 0 0 0.911807201457988
  1 66 10 3 100 0.00167803422372369 0 0 0 0 0 0 0 0 0 0 0.998321965776276
  1 66 10 4 100 0.0374176712679265 0 0 0 0 0 0 0 0 0 0 0.962582328732073
  1 66 10 5 100 0.0718809340175261 0 0 0 0 0 0 0 0 0 0 0.928119065982474
  1 67 10 3 100 0.00205676165807569 0 0 0 0 0 0 0 0 0 0 0.997943238341924
  1 67 10 4 100 0.0460233746991517 0 0 0 0 0 0 0 0 0 0 0.953976625300848
  1 67 10 5 100 0.08829900801442 0 0 0 0 0 0 0 0 0 0 0.91170099198558
  1 68 10 3 100 0.0020453281418658 0 0 0 0 0 0 0 0 0 0 0.997954671858134
  1 68 10 4 100 0.0450040444120991 0 0 0 0 0 0 0 0 0 0 0.954995955587901
  1 68 10 5 100 0.0887350102531786 0 0 0 0 0 0 0 0 0 0 0.911264989746821
  1 69 10 3 100 0.0016724714557959 0 0 0 0 0 0 0 0 0 0 0.998327528544204
  1 69 10 4 100 0.0369759694029706 0 0 0 0 0 0 0 0 0 0 0.963024030597029
  1 69 10 5 100 0.069946398045416 0 0 0 0 0 0 0 0 0 0 0.930053601954584
  1 70 10 3 100 0.0017135438747054 0 0 0 0 0 0 0 0 0 0 0.998286456125295
  1 70 10 4 100 0.0400844710491677 0 0 0 0 0 0 0 0 0 0 0.959915528950832
  1 70 10 5 100 0.0756006644556691 0 0 0 0 0 0 0 0 0 0 0.924399335544331
  1 71 10 3 100 0.0020143826733215 0 0 0 0 0 0 0 0 0 0 0.997985617326678
  1 71 10 4 100 0.0474943255518954 0 0 0 0 0 0 0 0 0 0 0.952505674448105
  1 71 10 5 100 0.0911924470598156 0 0 0 0 0 0 0 0 0 0 0.908807552940184
  1 72 10 3 100 0.00170420472420545 0 0 0 0 0 0 0 0 0 0 0.998295795275795
  1 72 10 4 100 0.0402290893686945 0 0 0 0 0 0 0 0 0 0 0.959770910631305
  1 72 10 5 100 0.0765826992862355 0 0 0 0 0 0 0 0 0 0 0.923417300713764
  1 73 10 3 100 0.00170815805555917 0 0 0 0 0 0 0 0 0 0 0.998291841944441
  1 73 10 4 100 0.0379244858379944 0 0 0 0 0 0 0 0 0 0 0.962075514162006
  1 73 10 5 100 0.0745140115493915 0 0 0 0 0 0 0 0 0 0 0.925485988450609
  1 74 10 3 100 0.00157322113113869 0 0 0 0 0 0 0 0 0 0 0.998426778868861
  1 74 10 4 100 0.0357373659598409 0 0 0 0 0 0 0 0 0 0 0.964262634040159
  1 74 10 5 100 0.0687775357210512 0 0 0 0 0 0 0 0 0 0 0.931222464278949
  1 75 10 3 100 0.00178288475293886 0 0 0 0 0 0 0 0 0 0 0.998217115247061
  1 75 10 4 100 0.0388482397693286 0 0 0 0 0 0 0 0 0 0 0.961151760230671
  1 75 10 5 100 0.0779940998902982 0 0 0 0 0 0 0 0 0 0 0.922005900109702
  1 76 10 3 100 0.00173983666538327 0 0 0 0 0 0 0 0 0 0 0.998260163334617
  1 76 10 4 100 0.0376151428625955 0 0 0 0 0 0 0 0 0 0 0.962384857137405
  1 76 10 5 100 0.0728820830705589 0 0 0 0 0 0 0 0 0 0 0.927117916929441
  1 77 10 3 100 0.00145123492149149 0 0 0 0 0 0 0 0 0 0 0.998548765078509
  1 77 10 4 100 0.0310918009502232 0 0 0 0 0 0 0 0 0 0 0.968908199049777
  1 77 10 5 100 0.0594703852817875 0 0 0 0 0 0 0 0 0 0 0.940529614718213
  1 78 10 3 100 0.00159323366772612 0 0 0 0 0 0 0 0 0 0 0.998406766332274
  1 78 10 4 100 0.0327201137758486 0 0 0 0 0 0 0 0 0 0 0.967279886224151
  1 78 10 5 100 0.0629502098054957 0 0 0 0 0 0 0 0 0 0 0.937049790194504
  1 79 10 3 100 0.00160313689255143 0 0 0 0 0 0 0 0 0 0 0.998396863107449
  1 79 10 4 100 0.0342345781799106 0 0 0 0 0 0 0 0 0 0 0.965765421820089
  1 79 10 5 100 0.067105587275701 0 0 0 0 0 0 0 0 0 0 0.932894412724299
  1 80 10 3 100 0.00163709698226931 0 0 0 0 0 0 0 0 0 0 0.998362903017731
  1 80 10 4 100 0.0340630095131758 0 0 0 0 0 0 0 0 0 0 0.965936990486824
  1 80 10 5 100 0.065399486149013 0 0 0 0 0 0 0 0 0 0 0.934600513850987
  1 81 10 3 100 0.00139455672291763 0 0 0 0 0 0 0 0 0 0 0.998605443277082
  1 81 10 4 100 0.0285618992467812 0 0 0 0 0 0 0 0 0 0 0.971438100753219
  1 81 10 5 100 0.0538540661801587 0 0 0 0 0 0 0 0 0 0 0.946145933819841
  2 1 10 3 100 0.0405173806137027 0 0 0 0 0 0 0 0 0 0 0.959482619386297
  2 1 10 4 100 0.288290698878673 0 0 0 0 0 0 0 0 0 0 0.711709301121327
  2 1 10 5 100 0.350734508584857 0 0 0 0 0 0 0 0 0 0 0.649265491415143
  2 2 10 3 100 0.0397723244658877 0 0 0 0 0 0 0 0 0 0 0.960227675534112
  2 2 10 4 100 0.274922627897787 0 0 0 0 0 0 0 0 0 0 0.725077372102213
  2 2 10 5 100 0.334423949325451 0 0 0 0 0 0 0 0 0 0 0.665576050674549
  2 3 10 3 100 0.0499138737005888 0 0 0 0 0 0 0 0 0 0 0.950086126299411
  2 3 10 4 100 0.315378800791433 0 0 0 0 0 0 0 0 0 0 0.684621199208567
  2 3 10 5 100 0.376407522942349 0 0 0 0 0 0 0 0 0 0 0.623592477057651
  2 4 10 3 100 0.0409754880893095 0 0 0 0 0 0 0 0 0 0 0.95902451191069
  2 4 10 4 100 0.292605882528523 0 0 0 0 0 0 0 0 0 0 0.707394117471477
  2 4 10 5 100 0.352683626331525 0 0 0 0 0 0 0 0 0 0 0.647316373668475
  2 5 10 3 100 0.0354491106434635 0 0 0 0 0 0 0 0 0 0 0.964550889356537
  2 5 10 4 100 0.259964922807692 0 0 0 0 0 0 0 0 0 0 0.740035077192308
  2 5 10 5 100 0.320536492603504 0 0 0 0 0 0 0 0 0 0 0.679463507396496
  2 6 10 3 100 0.0435842391900353 0 0 0 0 0 0 0 0 0 0 0.956415760809965
  2 6 10 4 100 0.29818367172054 0 0 0 0 0 0 0 0 0 0 0.70181632827946
  2 6 10 5 100 0.357119827455444 0 0 0 0 0 0 0 0 0 0 0.642880172544556
  2 7 10 3 100 0.0401294961970943 0 0 0 0 0 0 0 0 0 0 0.959870503802906
  2 7 10 4 100 0.280769813215645 0 0 0 0 0 0 0 0 0 0 0.719230186784355
  2 7 10 5 100 0.334802266661971 0 0 0 0 0 0 0 0 0 0 0.665197733338029
  2 8 10 3 100 0.0334801246873813 0 0 0 0 0 0 0 0 0 0 0.966519875312619
  2 8 10 4 100 0.259805365145933 0 0 0 0 0 0 0 0 0 0 0.740194634854067
  2 8 10 5 100 0.317722131391438 0 0 0 0 0 0 0 0 0 0 0.682277868608562
  2 9 10 3 100 0.0438976940774632 0 0 0 0 0 0 0 0 0 0 0.956102305922537
  2 9 10 4 100 0.313570011248147 0 0 0 0 0 0 0 0 0 0 0.686429988751853
  2 9 10 5 100 0.380306263802269 0 0 0 0 0 0 0 0 0 0 0.619693736197731
  2 10 10 3 100 0.0374083264417803 0 0 0 0 0 0 0 0 0 0 0.96259167355822
  2 10 10 4 100 0.296144751679745 0 0 0 0 0 0 0 0 0 0 0.703855248320255
  2 10 10 5 100 0.362157365973024 0 0 0 0 0 0 0 0 0 0 0.637842634026976
  2 11 10 3 100 0.0320578220428195 0 0 0 0 0 0 0 0 0 0 0.967942177957181
  2 11 10 4 100 0.269273444877329 0 0 0 0 0 0 0 0 0 0 0.730726555122671
  2 11 10 5 100 0.334016343630987 0 0 0 0 0 0 0 0 0 0 0.665983656369013
  2 12 10 3 100 0.045576699914987 0 0 0 0 0 0 0 0 0 0 0.954423300085013
  2 12 10 4 100 0.334704840613183 0 0 0 0 0 0 0 0 0 0 0.665295159386817
  2 12 10 5 100 0.404722245302689 0 0 0 0 0 0 0 0 0 0 0.595277754697311
  2 13 10 3 100 0.0368566141706391 0 0 0 0 0 0 0 0 0 0 0.963143385829361
  2 13 10 4 100 0.312308767932863 0 0 0 0 0 0 0 0 0 0 0.687691232067137
  2 13 10 5 100 0.377472355061408 0 0 0 0 0 0 0 0 0 0 0.622527644938592
  2 14 10 3 100 0.0326135768885264 0 0 0 0 0 0 0 0 0 0 0.967386423111474
  2 14 10 4 100 0.288246312818457 0 0 0 0 0 0 0 0 0 0 0.711753687181543
  2 14 10 5 100 0.350854323438227 0 0 0 0 0 0 0 0 0 0 0.649145676561773
  2 15 10 3 100 0.0387438976672043 0 0 0 0 0 0 0 0 0 0 0.961256102332796
  2 15 10 4 100 0.346552744609407 0 0 0 0 0 0 0 0 0 0 0.653447255390593
  2 15 10 5 100 0.417957655697674 0 0 0 0 0 0 0 0 0 0 0.582042344302326
  2 16 10 3 100 0.0294585731840222 0 0 0 0 0 0 0 0 0 0 0.970541426815978
  2 16 10 4 100 0.300826703576398 0 0 0 0 0 0 0 0 0 0 0.699173296423601
  2 16 10 5 100 0.373899075910846 0 0 0 0 0 0 0 0 0 0 0.626100924089154
  2 17 10 3 100 0.0282552832848525 0 0 0 0 0 0 0 0 0 0 0.971744716715148
  2 17 10 4 100 0.305201910946978 0 0 0 0 0 0 0 0 0 0 0.694798089053022
  2 17 10 5 100 0.37926828240502 0 0 0 0 0 0 0 0 0 0 0.62073171759498
  2 18 10 3 100 0.0201332520350256 0 0 0 0 0 0 0 0 0 0 0.979866747964974
  2 18 10 4 100 0.268852749713549 0 0 0 0 0 0 0 0 0 0 0.731147250286451
  2 18 10 5 100 0.347519016370483 0 0 0 0 0 0 0 0 0 0 0.652480983629517
  2 19 10 3 100 0.0149871873611554 0 0 0 0 0 0 0 0 0 0 0.985012812638845
  2 19 10 4 100 0.241169494839393 0 0 0 0 0 0 0 0 0 0 0.758830505160607
  2 19 10 5 100 0.323086679396721 0 0 0 0 0 0 0 0 0 0 0.676913320603279
  2 20 10 3 100 0.0163475491484349 0 0 0 0 0 0 0 0 0 0 0.983652450851565
  2 20 10 4 100 0.265690162115923 0 0 0 0 0 0 0 0 0 0 0.734309837884077
  2 20 10 5 100 0.368570917796716 0 0 0 0 0 0 0 0 0 0 0.631429082203284
  2 21 10 3 100 0.0104218296108063 0 0 0 0 0 0 0 0 0 0 0.989578170389194
  2 21 10 4 100 0.216617725140212 0 0 0 0 0 0 0 0 0 0 0.783382274859788
  2 21 10 5 100 0.322682749971352 0 0 0 0 0 0 0 0 0 0 0.677317250028648
  2 22 10 3 100 0.00704614026255209 0 0 0 0 0 0 0 0 0 0 0.992953859737448
  2 22 10 4 100 0.141813372511142 0 0 0 0 0 0 0 0 0 0 0.858186627488858
  2 22 10 5 100 0.234857599608344 0 0 0 0 0 0 0 0 0 0 0.765142400391656
  2 23 10 3 100 0.00807689929282973 0 0 0 0 0 0 0 0 0 0 0.99192310070717
  2 23 10 4 100 0.155019708817873 0 0 0 0 0 0 0 0 0 0 0.844980291182127
  2 23 10 5 100 0.269417308766172 0 0 0 0 0 0 0 0 0 0 0.730582691233828
  2 24 10 3 100 0.0062540405479443 0 0 0 0 0 0 0 0 0 0 0.993745959452056
  2 24 10 4 100 0.110509774962493 0 0 0 0 0 0 0 0 0 0 0.889490225037507
  2 24 10 5 100 0.20844499574026 0 0 0 0 0 0 0 0 0 0 0.79155500425974
  2 25 10 3 100 0.00543031436479319 0 0 0 0 0 0 0 0 0 0 0.994569685635207
  2 25 10 4 100 0.0938508292333466 0 0 0 0 0 0 0 0 0 0 0.906149170766653
  2 25 10 5 100 0.16966735873706 0 0 0 0 0 0 0 0 0 0 0.83033264126294
  2 26 10 3 100 0.00665989310718613 0 0 0 0 0 0 0 0 0 0 0.993340106892814
  2 26 10 4 100 0.118912608986813 0 0 0 0 0 0 0 0 0 0 0.881087391013187
  2 26 10 5 100 0.206846631760246 0 0 0 0 0 0 0 0 0 0 0.793153368239754
  2 27 10 3 100 0.00453967757646866 0 0 0 0 0 0 0 0 0 0 0.995460322423531
  2 27 10 4 100 0.0833857111108346 0 0 0 0 0 0 0 0 0 0 0.916614288889165
  2 27 10 5 100 0.164469574193493 0 0 0 0 0 0 0 0 0 0 0.835530425806507
  2 28 10 3 100 0.00546697487292958 0 0 0 0 0 0 0 0 0 0 0.99453302512707
  2 28 10 4 100 0.103469383186755 0 0 0 0 0 0 0 0 0 0 0.896530616813245
  2 28 10 5 100 0.185832863871722 0 0 0 0 0 0 0 0 0 0 0.814167136128278
  2 29 10 3 100 0.0044251570458754 0 0 0 0 0 0 0 0 0 0 0.995574842954125
  2 29 10 4 100 0.0838068733578337 0 0 0 0 0 0 0 0 0 0 0.916193126642166
  2 29 10 5 100 0.154554325258298 0 0 0 0 0 0 0 0 0 0 0.845445674741702
  2 30 10 3 100 0.00372443206707837 0 0 0 0 0 0 0 0 0 0 0.996275567932922
  2 30 10 4 100 0.0656278048226915 0 0 0 0 0 0 0 0 0 0 0.934372195177309
  2 30 10 5 100 0.132608989301494 0 0 0 0 0 0 0 0 0 0 0.867391010698506
  2 31 10 3 100 0.00571341333554466 0 0 0 0 0 0 0 0 0 0 0.994286586664455
  2 31 10 4 100 0.110589285941018 0 0 0 0 0 0 0 0 0 0 0.889410714058982
  2 31 10 5 100 0.219267447943748 0 0 0 0 0 0 0 0 0 0 0.780732552056252
  2 32 10 3 100 0.00531499388145066 0 0 0 0 0 0 0 0 0 0 0.994685006118549
  2 32 10 4 100 0.108072674513544 0 0 0 0 0 0 0 0 0 0 0.891927325486456
  2 32 10 5 100 0.213269477984477 0 0 0 0 0 0 0 0 0 0 0.786730522015523
  2 33 10 3 100 0.00417916373657065 0 0 0 0 0 0 0 0 0 0 0.995820836263429
  2 33 10 4 100 0.0913632604476893 0 0 0 0 0 0 0 0 0 0 0.908636739552311
  2 33 10 5 100 0.195705066720429 0 0 0 0 0 0 0 0 0 0 0.804294933279571
  2 34 10 3 100 0.0040249342154239 0 0 0 0 0 0 0 0 0 0 0.995975065784576
  2 34 10 4 100 0.0780399249681055 0 0 0 0 0 0 0 0 0 0 0.921960075031894
  2 34 10 5 100 0.152186151519092 0 0 0 0 0 0 0 0 0 0 0.847813848480908
  2 35 10 3 100 0.00358682004432518 0 0 0 0 0 0 0 0 0 0 0.996413179955675
  2 35 10 4 100 0.0727734375563807 0 0 0 0 0 0 0 0 0 0 0.927226562443619
  2 35 10 5 100 0.137629092523034 0 0 0 0 0 0 0 0 0 0 0.862370907476966
  2 36 10 3 100 0.00512967560553603 0 0 0 0 0 0 0 0 0 0 0.994870324394464
  2 36 10 4 100 0.106834010787317 0 0 0 0 0 0 0 0 0 0 0.893165989212683
  2 36 10 5 100 0.223726903944805 0 0 0 0 0 0 0 0 0 0 0.776273096055195
  2 37 10 3 100 0.00444513789012681 0 0 0 0 0 0 0 0 0 0 0.995554862109873
  2 37 10 4 100 0.0872638083813223 0 0 0 0 0 0 0 0 0 0 0.912736191618678
  2 37 10 5 100 0.185938342777042 0 0 0 0 0 0 0 0 0 0 0.814061657222958
  2 38 10 3 100 0.0040491791628153 0 0 0 0 0 0 0 0 0 0 0.995950820837185
  2 38 10 4 100 0.073719084951037 0 0 0 0 0 0 0 0 0 0 0.926280915048963
  2 38 10 5 100 0.158533549111953 0 0 0 0 0 0 0 0 0 0 0.841466450888047
  2 39 10 3 100 0.00500211811026911 0 0 0 0 0 0 0 0 0 0 0.994997881889731
  2 39 10 4 100 0.102852626012543 0 0 0 0 0 0 0 0 0 0 0.897147373987457
  2 39 10 5 100 0.208624995064802 0 0 0 0 0 0 0 0 0 0 0.791375004935198
  2 40 10 3 100 0.00441022376452369 0 0 0 0 0 0 0 0 0 0 0.995589776235476
  2 40 10 4 100 0.0866682848992457 0 0 0 0 0 0 0 0 0 0 0.913331715100754
  2 40 10 5 100 0.185385458254206 0 0 0 0 0 0 0 0 0 0 0.814614541745794
  2 41 10 3 100 0.00523974541778731 0 0 0 0 0 0 0 0 0 0 0.994760254582213
  2 41 10 4 100 0.119669054666816 0 0 0 0 0 0 0 0 0 0 0.880330945333184
  2 41 10 5 100 0.246397993463075 0 0 0 0 0 0 0 0 0 0 0.753602006536925
  2 42 10 3 100 0.00477161177107282 0 0 0 0 0 0 0 0 0 0 0.995228388228927
  2 42 10 4 100 0.101096132825401 0 0 0 0 0 0 0 0 0 0 0.898903867174599
  2 42 10 5 100 0.22785091655276 0 0 0 0 0 0 0 0 0 0 0.77214908344724
  2 43 10 3 100 0.00500395082031289 0 0 0 0 0 0 0 0 0 0 0.994996049179687
  2 43 10 4 100 0.087397415375858 0 0 0 0 0 0 0 0 0 0 0.912602584624142
  2 43 10 5 100 0.192918504766892 0 0 0 0 0 0 0 0 0 0 0.807081495233108
  2 44 10 3 100 0.00751544524329878 0 0 0 0 0 0 0 0 0 0 0.992484554756701
  2 44 10 4 100 0.123272772591446 0 0 0 0 0 0 0 0 0 0 0.876727227408554
  2 44 10 5 100 0.238134970693596 0 0 0 0 0 0 0 0 0 0 0.761865029306404
  2 45 10 3 100 0.00709704488349568 0 0 0 0 0 0 0 0 0 0 0.992902955116504
  2 45 10 4 100 0.120747182712643 0 0 0 0 0 0 0 0 0 0 0.879252817287357
  2 45 10 5 100 0.226048544443401 0 0 0 0 0 0 0 0 0 0 0.773951455556599
  2 46 10 3 100 0.00814138958135445 0 0 0 0 0 0 0 0 0 0 0.991858610418646
  2 46 10 4 100 0.140606319557615 0 0 0 0 0 0 0 0 0 0 0.859393680442385
  2 46 10 5 100 0.253809925779478 0 0 0 0 0 0 0 0 0 0 0.746190074220522
  2 47 10 3 100 0.00958890840163246 0 0 0 0 0 0 0 0 0 0 0.990411091598367
  2 47 10 4 100 0.152735400781709 0 0 0 0 0 0 0 0 0 0 0.847264599218291
  2 47 10 5 100 0.274182831489504 0 0 0 0 0 0 0 0 0 0 0.725817168510496
  2 48 10 3 100 0.00952508762352466 0 0 0 0 0 0 0 0 0 0 0.990474912376475
  2 48 10 4 100 0.157903296055933 0 0 0 0 0 0 0 0 0 0 0.842096703944067
  2 48 10 5 100 0.270358822344256 0 0 0 0 0 0 0 0 0 0 0.729641177655744
  2 49 10 3 100 0.0097718530269687 0 0 0 0 0 0 0 0 0 0 0.990228146973031
  2 49 10 4 100 0.178104640673087 0 0 0 0 0 0 0 0 0 0 0.821895359326913
  2 49 10 5 100 0.301848924054545 0 0 0 0 0 0 0 0 0 0 0.698151075945455
  2 50 10 3 100 0.00973204573817399 0 0 0 0 0 0 0 0 0 0 0.990267954261826
  2 50 10 4 100 0.164298715681961 0 0 0 0 0 0 0 0 0 0 0.835701284318039
  2 50 10 5 100 0.28009120183166 0 0 0 0 0 0 0 0 0 0 0.71990879816834
  2 51 10 3 100 0.00990393952423519 0 0 0 0 0 0 0 0 0 0 0.990096060475765
  2 51 10 4 100 0.164078193163717 0 0 0 0 0 0 0 0 0 0 0.835921806836283
  2 51 10 5 100 0.271275562841954 0 0 0 0 0 0 0 0 0 0 0.728724437158046
  2 52 10 3 100 0.0114640604917148 0 0 0 0 0 0 0 0 0 0 0.988535939508285
  2 52 10 4 100 0.197748136425887 0 0 0 0 0 0 0 0 0 0 0.802251863574113
  2 52 10 5 100 0.323320547537937 0 0 0 0 0 0 0 0 0 0 0.676679452462063
  2 53 10 3 100 0.0105113991971685 0 0 0 0 0 0 0 0 0 0 0.989488600802832
  2 53 10 4 100 0.173457577514114 0 0 0 0 0 0 0 0 0 0 0.826542422485886
  2 53 10 5 100 0.290690844482959 0 0 0 0 0 0 0 0 0 0 0.709309155517041
  2 54 10 3 100 0.00961815022435814 0 0 0 0 0 0 0 0 0 0 0.990381849775642
  2 54 10 4 100 0.163833639995781 0 0 0 0 0 0 0 0 0 0 0.836166360004219
  2 54 10 5 100 0.272238752045578 0 0 0 0 0 0 0 0 0 0 0.727761247954422
  2 55 10 3 100 0.0128456234244151 0 0 0 0 0 0 0 0 0 0 0.987154376575585
  2 55 10 4 100 0.205625702453247 0 0 0 0 0 0 0 0 0 0 0.794374297546753
  2 55 10 5 100 0.323508952319578 0 0 0 0 0 0 0 0 0 0 0.676491047680422
  2 56 10 3 100 0.0111980215704451 0 0 0 0 0 0 0 0 0 0 0.988801978429555
  2 56 10 4 100 0.19489746460502 0 0 0 0 0 0 0 0 0 0 0.80510253539498
  2 56 10 5 100 0.307942449755512 0 0 0 0 0 0 0 0 0 0 0.692057550244488
  2 57 10 3 100 0.00987046318674047 0 0 0 0 0 0 0 0 0 0 0.99012953681326
  2 57 10 4 100 0.168353742421579 0 0 0 0 0 0 0 0 0 0 0.831646257578421
  2 57 10 5 100 0.274972241015156 0 0 0 0 0 0 0 0 0 0 0.725027758984844
  2 58 10 3 100 0.0123369086388057 0 0 0 0 0 0 0 0 0 0 0.987663091361194
  2 58 10 4 100 0.211273034299584 0 0 0 0 0 0 0 0 0 0 0.788726965700416
  2 58 10 5 100 0.330101727264018 0 0 0 0 0 0 0 0 0 0 0.669898272735982
  2 59 10 3 100 0.0111398063320723 0 0 0 0 0 0 0 0 0 0 0.988860193667928
  2 59 10 4 100 0.182696586314578 0 0 0 0 0 0 0 0 0 0 0.817303413685422
  2 59 10 5 100 0.292233047540662 0 0 0 0 0 0 0 0 0 0 0.707766952459338
  2 60 10 3 100 0.0135176021115978 0 0 0 0 0 0 0 0 0 0 0.986482397888402
  2 60 10 4 100 0.218518683310958 0 0 0 0 0 0 0 0 0 0 0.781481316689042
  2 60 10 5 100 0.33186469104394 0 0 0 0 0 0 0 0 0 0 0.66813530895606
  2 61 10 3 100 0.0113287069289384 0 0 0 0 0 0 0 0 0 0 0.988671293071062
  2 61 10 4 100 0.194245614403839 0 0 0 0 0 0 0 0 0 0 0.805754385596161
  2 61 10 5 100 0.303433999893656 0 0 0 0 0 0 0 0 0 0 0.696566000106344
  2 62 10 3 100 0.0109102009849776 0 0 0 0 0 0 0 0 0 0 0.989089799015022
  2 62 10 4 100 0.199604156832034 0 0 0 0 0 0 0 0 0 0 0.800395843167966
  2 62 10 5 100 0.310090463904453 0 0 0 0 0 0 0 0 0 0 0.689909536095547
  2 63 10 3 100 0.0123806903971423 0 0 0 0 0 0 0 0 0 0 0.987619309602858
  2 63 10 4 100 0.214689128968301 0 0 0 0 0 0 0 0 0 0 0.785310871031699
  2 63 10 5 100 0.32883901255796 0 0 0 0 0 0 0 0 0 0 0.67116098744204
  2 64 10 3 100 0.0120802740647693 0 0 0 0 0 0 0 0 0 0 0.987919725935231
  2 64 10 4 100 0.202852971454093 0 0 0 0 0 0 0 0 0 0 0.797147028545907
  2 64 10 5 100 0.314456542153992 0 0 0 0 0 0 0 0 0 0 0.685543457846008
  2 65 10 3 100 0.011672028349132 0 0 0 0 0 0 0 0 0 0 0.988327971650868
  2 65 10 4 100 0.192359752858831 0 0 0 0 0 0 0 0 0 0 0.807640247141169
  2 65 10 5 100 0.295196193235662 0 0 0 0 0 0 0 0 0 0 0.704803806764338
  2 66 10 3 100 0.0127803820162821 0 0 0 0 0 0 0 0 0 0 0.987219617983718
  2 66 10 4 100 0.221786964999622 0 0 0 0 0 0 0 0 0 0 0.778213035000378
  2 66 10 5 100 0.337589491238059 0 0 0 0 0 0 0 0 0 0 0.662410508761941
  2 67 10 3 100 0.0115569623281589 0 0 0 0 0 0 0 0 0 0 0.988443037671841
  2 67 10 4 100 0.199769096337201 0 0 0 0 0 0 0 0 0 0 0.800230903662799
  2 67 10 5 100 0.30266539461753 0 0 0 0 0 0 0 0 0 0 0.69733460538247
  2 68 10 3 100 0.010545810033044 0 0 0 0 0 0 0 0 0 0 0.989454189966956
  2 68 10 4 100 0.18237534269636 0 0 0 0 0 0 0 0 0 0 0.81762465730364
  2 68 10 5 100 0.284826096800445 0 0 0 0 0 0 0 0 0 0 0.715173903199555
  2 69 10 3 100 0.0126575697492346 0 0 0 0 0 0 0 0 0 0 0.987342430250765
  2 69 10 4 100 0.215495425951172 0 0 0 0 0 0 0 0 0 0 0.784504574048828
  2 69 10 5 100 0.327283650831489 0 0 0 0 0 0 0 0 0 0 0.672716349168511
  2 70 10 3 100 0.0109704585034449 0 0 0 0 0 0 0 0 0 0 0.989029541496555
  2 70 10 4 100 0.203481092469258 0 0 0 0 0 0 0 0 0 0 0.796518907530742
  2 70 10 5 100 0.313613482194472 0 0 0 0 0 0 0 0 0 0 0.686386517805528
  2 71 10 3 100 0.010232460401696 0 0 0 0 0 0 0 0 0 0 0.989767539598304
  2 71 10 4 100 0.193107120679161 0 0 0 0 0 0 0 0 0 0 0.806892879320839
  2 71 10 5 100 0.296176350640616 0 0 0 0 0 0 0 0 0 0 0.703823649359384
  2 72 10 3 100 0.011650893167662 0 0 0 0 0 0 0 0 0 0 0.988349106832338
  2 72 10 4 100 0.224575521786353 0 0 0 0 0 0 0 0 0 0 0.775424478213647
  2 72 10 5 100 0.351916668365378 0 0 0 0 0 0 0 0 0 0 0.648083331634622
  2 73 10 3 100 0.0104196312292463 0 0 0 0 0 0 0 0 0 0 0.989580368770754
  2 73 10 4 100 0.188820166787811 0 0 0 0 0 0 0 0 0 0 0.811179833212189
  2 73 10 5 100 0.302690096542846 0 0 0 0 0 0 0 0 0 0 0.697309903457154
  2 74 10 3 100 0.0122291855688236 0 0 0 0 0 0 0 0 0 0 0.987770814431176
  2 74 10 4 100 0.223688934125276 0 0 0 0 0 0 0 0 0 0 0.776311065874724
  2 74 10 5 100 0.349047207432159 0 0 0 0 0 0 0 0 0 0 0.650952792567841
  2 75 10 3 100 0.0105320652895797 0 0 0 0 0 0 0 0 0 0 0.98946793471042
  2 75 10 4 100 0.187810069160739 0 0 0 0 0 0 0 0 0 0 0.812189930839261
  2 75 10 5 100 0.311032810876421 0 0 0 0 0 0 0 0 0 0 0.688967189123579
  2 76 10 3 100 0.0102945138609048 0 0 0 0 0 0 0 0 0 0 0.989705486139095
  2 76 10 4 100 0.181716726038989 0 0 0 0 0 0 0 0 0 0 0.818283273961011
  2 76 10 5 100 0.296175336087627 0 0 0 0 0 0 0 0 0 0 0.703824663912373
  2 77 10 3 100 0.0113473765020417 0 0 0 0 0 0 0 0 0 0 0.988652623497958
  2 77 10 4 100 0.196539394176458 0 0 0 0 0 0 0 0 0 0 0.803460605823542
  2 77 10 5 100 0.322060864613131 0 0 0 0 0 0 0 0 0 0 0.677939135386869
  2 78 10 3 100 0.0106186568289185 0 0 0 0 0 0 0 0 0 0 0.989381343171082
  2 78 10 4 100 0.177229977509887 0 0 0 0 0 0 0 0 0 0 0.822770022490113
  2 78 10 5 100 0.290297322022826 0 0 0 0 0 0 0 0 0 0 0.709702677977174
  2 79 10 3 100 0.0090150847215737 0 0 0 0 0 0 0 0 0 0 0.990984915278426
  2 79 10 4 100 0.156910304875897 0 0 0 0 0 0 0 0 0 0 0.843089695124103
  2 79 10 5 100 0.260864318846797 0 0 0 0 0 0 0 0 0 0 0.739135681153203
  2 80 10 3 100 0.0116701100372203 0 0 0 0 0 0 0 0 0 0 0.98832988996278
  2 80 10 4 100 0.193486256872443 0 0 0 0 0 0 0 0 0 0 0.806513743127557
  2 80 10 5 100 0.308698348903975 0 0 0 0 0 0 0 0 0 0 0.691301651096025
  2 81 10 3 100 0.00995936058668567 0 0 0 0 0 0 0 0 0 0 0.990040639413314
  2 81 10 4 100 0.168668271159154 0 0 0 0 0 0 0 0 0 0 0.831331728840846
  2 81 10 5 100 0.27786004641438 0 0 0 0 0 0 0 0 0 0 0.72213995358562
  1 1 11 2 100 0 0.000188243900175834 0 1.15889282532594e-05 0 0 0.000318996557661826 0.00425437246143378 0 0 0 0.995226798152475
  1 1 11 3 100 0 0.000796435077691063 0 0.000450895014638396 0 0 0.00162356896131182 0.0182739991211992 0 0 0 0.978855101825159
  1 1 11 4 100 0 0.000899735991839049 0 0.00124518362424218 0 0 0.00259612698473948 0.0214705424994403 0 0 0 0.973788410899739
  1 1 11 5 100 0 0.00117198239109735 0 0.0016916303916167 0 0 0.00361353181613164 0.0281668166218998 0 0 0 0.965356038779254
  1 2 11 2 100 0 0.000166865404511278 0 3.20050089576872e-05 0 0 0.00031229425454599 0.00385966965237626 0 0 0 0.995629165679609
  1 2 11 3 100 0 0.000719823521241359 0 0.000463697901640942 0 0 0.00160976454870015 0.0168884962902559 0 0 0 0.980318217738162
  1 2 11 4 100 0 0.000815898866526638 0 0.00114417276304383 0 0 0.00256688324397946 0.0199657056287836 0 0 0 0.975507339497666
  1 2 11 5 100 0 0.0010498096547754 0 0.00153681686742552 0 0 0.00354101226877223 0.0259079769891054 0 0 0 0.967964384219921
  1 3 11 2 100 0 0.000140785808238699 0 7.79044253932712e-05 0 0 0.000330004138433476 0.00351961848702067 0 0 0 0.995931687140914
  1 3 11 3 100 0 0.000605278208584763 0 0.000663213415226607 0 0 0.00168909504300841 0.0154072949342201 0 0 0 0.98163511839896
  1 3 11 4 100 0 0.000686837699124866 0 0.00127879645730912 0 0 0.0026623816264957 0.0181761954526455 0 0 0 0.977195788764425
  1 3 11 5 100 0 0.000874586784607573 0 0.00166097451732123 0 0 0.00364345026626392 0.0234094469829397 0 0 0 0.970411541448868
  1 4 11 2 100 0 0.0001474842720834 0 0.00014010310793381 0 0 0.000310206638616162 0.00322111805626015 0 0 0 0.996181087925107
  1 4 11 3 100 0 0.000638399383614803 0 0.000904299966722873 0 0 0.00176213074282214 0.0142287708286351 0 0 0 0.982466399078205
  1 4 11 4 100 0 0.00073053042783565 0 0.00154949516729168 0 0 0.00258284764015453 0.0170003736266436 0 0 0 0.978136753138074
  1 4 11 5 100 0 0.000916719121109749 0 0.00200407099730875 0 0 0.00351844248136596 0.021894516352054 0 0 0 0.971666251048162
  1 5 11 2 100 0 0.000156092755608423 0 0.000189881576657726 0 0 0.000340242357230978 0.00264602128589885 0 0 0 0.996667762024604
  1 5 11 3 100 0 0.00066512623201944 0 0.00111426877866401 0 0 0.00174477047440351 0.0114878521981861 0 0 0 0.984987982316727
  1 5 11 4 100 0 0.000772218006481367 0 0.00177190717756001 0 0 0.00278907540466864 0.0137958144594347 0 0 0 0.980870984951855
  1 5 11 5 100 0 0.000992940907980619 0 0.00234359263365496 0 0 0.00384564003409897 0.0177374040488068 0 0 0 0.975080422375459
  1 6 11 2 100 0 0.000125804515917963 0 6.68679016652581e-05 0 0 0.000312876355211677 0.0021025393216056 0 0 0 0.9973919119056
  1 6 11 3 100 0 0.000548023728053332 0 0.00128565482833578 0 0 0.00163154364470209 0.00931234787342494 0 0 0 0.987222429925484
  1 6 11 4 100 0 0.000635523563924755 0 0.00200063769570271 0 0 0.00260848112024063 0.0111956662871643 0 0 0 0.983559691332968
  1 6 11 5 100 0 0.000805391631341086 0 0.00257166362464224 0 0 0.00361806792946885 0.0143628233071482 0 0 0 0.9786420535074
  1 7 11 2 100 0 0.000180645712475982 0 3.6245298343047e-05 0 0 0.000288273935613648 0.00136784510244185 0 0 0 0.998126989951125
  1 7 11 3 100 0 0.00081062934066356 0 0.00119625629453961 0 0 0.00169071528673758 0.00628536090471381 0 0 0 0.990017038173345
  1 7 11 4 100 0 0.000953942507033976 0 0.00213478706123846 0 0 0.00252099194184797 0.00758768084967925 0 0 0 0.9868025976402
  1 7 11 5 100 0 0.00120323363983648 0 0.00274046788534064 0 0 0.00344222759673833 0.00964428947178922 0 0 0 0.982969781406295
  1 8 11 2 100 0 0.000310870435651969 0 3.0348071883497e-05 0 0 0.000269026169076523 0.00247603213445579 0 0 0 0.996913723188932
  1 8 11 3 100 0 0.00142198194465612 0 0.00124343114621596 0 0 0.00162932008829506 0.0117592177084608 0 0 0 0.983946049112372
  1 8 11 4 100 0 0.00166194100200789 0 0.002213366835365 0 0 0.00241075401974999 0.0141818639572906 0 0 0 0.979532074185587
  1 8 11 5 100 0 0.00211547637847009 0 0.00283094637279447 0 0 0.00332158500205345 0.0183205158991237 0 0 0 0.973411476347558
  1 9 11 2 100 0 8.68094286873454e-05 0 2.93197272196596e-05 0 0 0.000302212865958296 0.00186091761389682 0 0 0 0.997720740364238
  1 9 11 3 100 0 0.000400484959367661 0 0.00127321599867164 0 0 0.00167903125870334 0.00874444858424517 0 0 0 0.987902819199012
  1 9 11 4 100 0 0.000462784942565688 0 0.00228388049455781 0 0 0.00270483224565713 0.0106037850708743 0 0 0 0.983944717246345
  1 9 11 5 100 0 0.000582167582989291 0 0.00289126255597673 0 0 0.00373171077600696 0.0136437210298751 0 0 0 0.979151138055152
  1 10 11 2 100 0 0.000177342840733902 0 1.86612444171916e-05 0 0 0.000268844222869566 0.00191332741603855 0 0 0 0.997621824275941
  1 10 11 3 100 0 0.000828736156127616 0 0.00124453083628166 0 0 0.00151650614480722 0.00915353189273014 0 0 0 0.987256694970053
  1 10 11 4 100 0 0.000963990120471402 0 0.00225089785377825 0 0 0.00245769095595748 0.0110145089780564 0 0 0 0.983312912091736
  1 10 11 5 100 0 0.00122966266766944 0 0.00285603987140371 0 0 0.00341812874945806 0.01420991546602 0 0 0 0.978286253245449
  1 11 11 2 100 0 0.000180257322579524 0 1.5613543155231e-05 0 0 0.000265690209108337 0.00154937306573957 0 0 0 0.997989065859417
  1 11 11 3 100 0 0.000855759640892227 0 0.000987314072807714 0 0 0.00151211162953899 0.00747297253573992 0 0 0 0.989171842121021
  1 11 11 4 100 0 0.000994069935320887 0 0.00212373542315275 0 0 0.0024205404477933 0.00897160619151563 0 0 0 0.985490048002217
  1 11 11 5 100 0 0.00126623539661138 0 0.0027175442442313 0 0 0.00333583079598291 0.0115236425643877 0 0 0 0.981156746998787
  1 12 11 2 100 0 0.000222438939054599 0 1.97316148406783e-05 0 0 0.000301353336566364 0.00312112563117708 0 0 0 0.996335350478361
  1 12 11 3 100 0 0.00103744232070829 0 0.00098103804301629 0 0 0.00167572883103979 0.0148356632720421 0 0 0 0.981470127533194
  1 12 11 4 100 0 0.00120568066773394 0 0.00215565068094475 0 0 0.00265874675651924 0.0178805513746788 0 0 0 0.976099370520123
  1 12 11 5 100 0 0.00154110994578481 0 0.00275396984893588 0 0 0.00366985316991565 0.0230538809221825 0 0 0 0.968981186113181
  1 13 11 2 100 0 0.000115403259927688 0 0.000104465753295044 0 0 0.000296832680328245 0.00286951615934714 0 0 0 0.996613782147102
  1 13 11 3 100 0 0.000510206399891371 0 0.00124744579382942 0 0 0.00174403147344617 0.0130614430316576 0 0 0 0.983436873301175
  1 13 11 4 100 0 0.000590151270478435 0 0.00246769913139266 0 0 0.00258427038059625 0.0156824431792615 0 0 0 0.978675436038271
  1 13 11 5 100 0 0.000754437286760488 0 0.00316790586352566 0 0 0.00355195495933556 0.0202795368464385 0 0 0 0.97224616504394
  1 14 11 2 100 0 0.000131160789239491 0 0.000156514180549123 0 0 0.000308167516876774 0.00210425818313994 0 0 0 0.997299899330195
  1 14 11 3 100 0 0.000582335069175299 0 0.00142511163903656 0 0 0.00179904911857463 0.00962655759019541 0 0 0 0.986566946583018
  1 14 11 4 100 0 0.000676698428252542 0 0.00262156308440794 0 0 0.00263919033322836 0.0115136805221908 0 0 0 0.98254886763192
  1 14 11 5 100 0 0.000867198821392053 0 0.00337289895316064 0 0 0.00360787928178119 0.014832076568422 0 0 0 0.977319946375244
  1 15 11 2 100 0 0.000137375422662247 0 3.99087970096898e-05 0 0 0.000308242383181577 0.00205026856455986 0 0 0 0.997464204832587
  1 15 11 3 100 0 0.000620580313922167 0 0.00152809945411428 0 0 0.00179523261160607 0.00950582713028722 0 0 0 0.98655026049007
  1 15 11 4 100 0 0.000717788781897343 0 0.00284052176393927 0 0 0.00263284681241826 0.011355146198644 0 0 0 0.982453696443101
  1 15 11 5 100 0 0.000910776888483659 0 0.00364691142333436 0 0 0.00358884880113758 0.0146238947089353 0 0 0 0.977229568178109
  1 16 11 2 100 0 0.000181140821266444 0 3.65537314897239e-05 0 0 0.000283990597612764 0.00100099063476907 0 0 0 0.998497324214862
  1 16 11 3 100 0 0.000827098501416968 0 0.00129791173727145 0 0 0.00176575751619494 0.00478076923115851 0 0 0 0.991328463013958
  1 16 11 4 100 0 0.000972189689042247 0 0.00247322232877417 0 0 0.00259556496673115 0.00573466867562098 0 0 0 0.988224354339831
  1 16 11 5 100 0 0.0012424803025557 0 0.00325185223450647 0 0 0.00339325499964513 0.00729931524417571 0 0 0 0.984813097219117
  1 17 11 2 100 0 7.60923105869577e-05 0 9.77803497067102e-06 0 0 0.000265894587192843 0.000835857801246257 0 0 0 0.998812377266003
  1 17 11 3 100 0 0.000376138554971522 0 0.000835618437266093 0 0 0.00175282219715329 0.00426371553716407 0 0 0 0.992771705273445
  1 17 11 4 100 0 0.000435472018963523 0 0.00183709889837484 0 0 0.0025328405218212 0.00508093135434994 0 0 0 0.99011365720649
  1 17 11 5 100 0 0.000561482250580346 0 0.00242720575044662 0 0 0.00330879999528907 0.00656196091375396 0 0 0 0.98714055108993
  1 18 11 2 100 0 0.000157845659183424 0 8.23652934987123e-06 0 0 0.000239305434721215 0.000386285173038624 0 0 0 0.999208327203707
  1 18 11 3 100 0 0.00083625837942183 0 0.000612011451485405 0 0 0.00174019334544486 0.00210637645795536 0 0 0 0.994705160365693
  1 18 11 4 100 0 0.000967618858856871 0 0.00132284877914135 0 0 0.0025320029629423 0.00249572307213074 0 0 0 0.992681806326929
  1 18 11 5 100 0 0.00124485574988698 0 0.00174018679846999 0 0 0.00329441544630854 0.0031755532973218 0 0 0 0.990544988708013
  1 19 11 2 100 0 0.000122055587248708 0 8.85318086961037e-06 0 0 0.000223878448766747 0.000369545355338019 0 0 0 0.999275667427777
  1 19 11 3 100 0 0.000687364643103203 0 0.000476185009920005 0 0 0.00155994436981781 0.00213817740979763 0 0 0 0.995138328567361
  1 19 11 4 100 0 0.000794374348319363 0 0.000992118741456966 0 0 0.00243863398994682 0.00255131778760131 0 0 0 0.993223555132676
  1 19 11 5 100 0 0.00101358701394875 0 0.00129095719010915 0 0 0.00318898242328861 0.00325501557898911 0 0 0 0.991251457793664
  1 20 11 2 100 0 0.000115486199727396 0 2.143398460318e-05 0 0 0.000222229646966772 0.000263753681488755 0 0 0 0.999377096487214
  1 20 11 3 100 0 0.000653402788011387 0 0.00034653347582306 0 0 0.00159032945521218 0.00152930467088304 0 0 0 0.99588042961007
  1 20 11 4 100 0 0.000763108889567191 0 0.000763981530596668 0 0 0.00254258854108662 0.00183602964986771 0 0 0 0.994094291388882
  1 20 11 5 100 0 0.000978467591886879 0 0.00099842585484215 0 0 0.00336130373423071 0.00234445633281991 0 0 0 0.99231734648622
  1 21 11 2 100 0 0.000113285261666199 0 2.53263885608471e-05 0 0 0.000218435464869215 0.000378478289402403 0 0 0 0.999264474595501
  1 21 11 3 100 0 0.000637860503660222 0 0.000307822348870637 0 0 0.00154965240664391 0.00218864947049293 0 0 0 0.995316015270332
  1 21 11 4 100 0 0.000727829357386007 0 0.000637067154196359 0 0 0.00248817558796582 0.00258122920475278 0 0 0 0.993565698695699
  1 21 11 5 100 0 0.000921092439451774 0 0.000853479016306366 0 0 0.00327239606289562 0.00326704531901448 0 0 0 0.991685987162332
  1 22 11 2 100 0 0.000156233327202448 0 7.61172291977369e-06 0 0 0.000227070715022486 0.000293239637160286 0 0 0 0.999315844597695
  1 22 11 3 100 0 0.000880855042690664 0 0.000269801165852254 0 0 0.00160105157932047 0.00169478649676561 0 0 0 0.995553505715371
  1 22 11 4 100 0 0.00100557501871953 0 0.000536557217310418 0 0 0.00257029042713668 0.00198552122414877 0 0 0 0.993902056112685
  1 22 11 5 100 0 0.00128664329824224 0 0.000698661217078375 0 0 0.00338624506847407 0.00251363803600597 0 0 0 0.992114812380199
  1 23 11 2 100 0 0.000164583133200077 0 5.61945772853741e-06 0 0 0.000218753027187796 0.000198450992280219 0 0 0 0.999412593389603
  1 23 11 3 100 0 0.000896998002974425 0 0.000227516023902314 0 0 0.00146513774695089 0.00110344072026761 0 0 0 0.996306907505905
  1 23 11 4 100 0 0.00101914910000495 0 0.000439158797078716 0 0 0.00237122256594633 0.00128893453617769 0 0 0 0.994881535000792
  1 23 11 5 100 0 0.00130868202129317 0 0.000560766867260589 0 0 0.00313507739008529 0.00162950528323271 0 0 0 0.993365968438128
  1 24 11 2 100 0 0.000230418426299885 0 4.28320033455948e-06 0 0 0.000202805109594574 0.000240871631343726 0 0 0 0.999321621632427
  1 24 11 3 100 0 0.00132320462717611 0 0.000192842185729616 0 0 0.00142761657586146 0.00140706610259358 0 0 0 0.995649270508639
  1 24 11 4 100 0 0.00149749516977838 0 0.000389024970904056 0 0 0.00240316777100928 0.0016434013406554 0 0 0 0.994066910747653
  1 24 11 5 100 0 0.00193964913330134 0 0.00050407085088569 0 0 0.00319953096452383 0.0021021282312916 0 0 0 0.992254620819998
  1 25 11 2 100 0 0.000129074090082376 0 4.08472315891959e-06 0 0 0.00021322903748335 0.00042123601075282 0 0 0 0.999232376138523
  1 25 11 3 100 0 0.000759632359906853 0 0.000159766137191362 0 0 0.00145589698596212 0.00249438937364404 0 0 0 0.995130315143296
  1 25 11 4 100 0 0.000858354655692608 0 0.000313910371983484 0 0 0.00233090493477101 0.00289819641510126 0 0 0 0.993598633622452
  1 25 11 5 100 0 0.0010909501744971 0 0.000402360764539412 0 0 0.00317313544345559 0.0037075930859969 0 0 0 0.991625960531511
  1 26 11 2 100 0 0.000155138258120439 0 4.34234824560615e-06 0 0 0.000219017591579867 0.000510703289576829 0 0 0 0.999110798512477
  1 26 11 3 100 0 0.000902814466047278 0 0.000132955847590667 0 0 0.00146827469524032 0.00298124744219979 0 0 0 0.994514707548922
  1 26 11 4 100 0 0.00103581415338412 0 0.000268962195367486 0 0 0.00239819861679142 0.00350399101643994 0 0 0 0.992793034018017
  1 26 11 5 100 0 0.00130125854504523 0 0.000345868321333001 0 0 0.00327656722104981 0.00449232497606813 0 0 0 0.990583980936504
  1 27 11 2 100 0 0.000135417617512807 0 1.45346911614912e-05 0 0 0.000206742759769453 0.000401260386216601 0 0 0 0.99924204454534
  1 27 11 3 100 0 0.000782871315101581 0 0.000174755016564247 0 0 0.00139268347051422 0.00237293426110067 0 0 0 0.995276755936719
  1 27 11 4 100 0 0.000888660099403795 0 0.000298928262973799 0 0 0.00227081676319771 0.00277332958703926 0 0 0 0.993768265287385
  1 27 11 5 100 0 0.00111726811935654 0 0.000374968117036624 0 0 0.00306936092039392 0.0034995057475382 0 0 0 0.991938897095675
  1 28 11 2 100 0 0.000146948570007408 0 0.000101425558829428 0 0 0.000194575562663881 0.00053330623428486 0 0 0 0.999023744074214
  1 28 11 3 100 0 0.000886139721605198 0 0.0006739122882584 0 0 0.00138928159983361 0.00324436845924626 0 0 0 0.993806297931057
  1 28 11 4 100 0 0.00101021232796251 0 0.000857605047377975 0 0 0.00231422073738879 0.00382376571554906 0 0 0 0.991994196171722
  1 28 11 5 100 0 0.00128261558527112 0 0.00104848988362118 0 0 0.00307197424784025 0.00483171955146259 0 0 0 0.989765200731805
  1 29 11 2 100 0 0.000126714845875754 0 0.000187904619462828 0 0 0.000188505596845495 0.00092106258861661 0 0 0 0.998575812349199
  1 29 11 3 100 0 0.000764503201754641 0 0.00122539318911946 0 0 0.00136040242784211 0.00563202523095711 0 0 0 0.991017675950327
  1 29 11 4 100 0 0.000882848302394571 0 0.00151049457824053 0 0 0.00232650116864866 0.00671852698039297 0 0 0 0.988561628970323
  1 29 11 5 100 0 0.00110150440325359 0 0.00183173602985112 0 0 0.00305173323815943 0.00838456487603716 0 0 0 0.985630461452699
  1 30 11 2 100 0 0.00016517344696671 0 0.000250273974515039 0 0 0.000200561706261076 0.000699938871419999 0 0 0 0.998684052000837
  1 30 11 3 100 0 0.00101158161264215 0 0.00172997525998511 0 0 0.001425982633034 0.00431604992886067 0 0 0 0.991516410565478
  1 30 11 4 100 0 0.00117116439720279 0 0.00213403516562145 0 0 0.00238978197171383 0.00516390207934026 0 0 0 0.989141116386122
  1 30 11 5 100 0 0.00145555905286517 0 0.00257185308112858 0 0 0.00313396214080605 0.00638972030062614 0 0 0 0.986448905424574
  1 31 11 2 100 0 0.000145102285115856 0 4.42891227005707e-05 0 0 0.000205091287160776 0.000704483986189331 0 0 0 0.998901033318834
  1 31 11 3 100 0 0.000869609988328509 0 0.00174750223650951 0 0 0.00141619176248109 0.00431956962716068 0 0 0 0.99164712638552
  1 31 11 4 100 0 0.00100862726763502 0 0.00251719533059827 0 0 0.00234838053482327 0.00517956554956073 0 0 0 0.988946231317383
  1 31 11 5 100 0 0.00124706644212797 0 0.0030127417961342 0 0 0.00305918298954378 0.00631430953794525 0 0 0 0.986366699234249
  1 32 11 2 100 0 0.000170406561897401 0 3.88674737132829e-06 0 0 0.000218526137762359 0.000592150755269847 0 0 0 0.999015029797699
  1 32 11 3 100 0 0.00103466838921796 0 0.00108900078598918 0 0 0.00149732038000522 0.00367608200674809 0 0 0 0.99270292843804
  1 32 11 4 100 0 0.00120770867394786 0 0.0023415438576317 0 0 0.00241320429882558 0.00442933270448359 0 0 0 0.989608210465111
  1 32 11 5 100 0 0.00151837488894938 0 0.00281897265158552 0 0 0.00328682225800788 0.00546690638493589 0 0 0 0.986908923816521
  1 33 11 2 100 0 0.0001349621983068 0 4.25985222193301e-06 0 0 0.000199790133715747 0.000602990485773291 0 0 0 0.999057997329982
  1 33 11 3 100 0 0.00082324596518052 0 0.000842380990553533 0 0 0.00141931984852159 0.00377224310207337 0 0 0 0.993142810093671
  1 33 11 4 100 0 0.000948503826789645 0 0.00180310512480225 0 0 0.00234785823947019 0.00453720297692829 0 0 0 0.99036332983201
  1 33 11 5 100 0 0.00117544750158813 0 0.00218152814281868 0 0 0.00306719786372859 0.00563119867462859 0 0 0 0.987944627817236
  1 34 11 2 100 0 0.000151925106324044 0 6.054621145282e-06 0 0 0.000214773159068208 0.000632309644913279 0 0 0 0.998994937468549
  1 34 11 3 100 0 0.000928704766764644 0 0.00064747129619214 0 0 0.0015328938628439 0.00396410151458927 0 0 0 0.99292682855961
  1 34 11 4 100 0 0.0010764027869523 0 0.0013559168209607 0 0 0.00254590179845814 0.00476665226487202 0 0 0 0.990255126328757
  1 34 11 5 100 0 0.00134145008664535 0 0.00163904199838209 0 0 0.00331552474906247 0.00589513243262333 0 0 0 0.987808850733287
  1 35 11 2 100 0 0.000151051750291148 0 1.4307988490043e-05 0 0 0.000208402886109941 0.000741463532640575 0 0 0 0.998884773842468
  1 35 11 3 100 0 0.000926077234783382 0 0.000328575411647671 0 0 0.00146450809541853 0.00455857258205778 0 0 0 0.992722266676093
  1 35 11 4 100 0 0.00106698496170141 0 0.00101026343637651 0 0 0.00241654049588563 0.0054380461878443 0 0 0 0.990068164918192
  1 35 11 5 100 0 0.00132998192415619 0 0.00128153520604104 0 0 0.00317130899395678 0.00675726938173245 0 0 0 0.987459904494114
  1 36 11 2 100 0 0.000133832809205768 0 6.92515502203515e-06 0 0 0.000223498085549957 0.000704074666749366 0 0 0 0.998931669283473
  1 36 11 3 100 0 0.00077572230282122 0 0.000285032380935011 0 0 0.00149723785682979 0.00409602203122995 0 0 0 0.993345985428184
  1 36 11 4 100 0 0.000888629014909916 0 0.000819109745052139 0 0 0.00248525911575845 0.00488175790345789 0 0 0 0.990925244220822
  1 36 11 5 100 0 0.00110481527913312 0 0.00103792146727295 0 0 0.00326055890500878 0.00606975998833816 0 0 0 0.988526944360247
  1 37 11 2 100 0 0.000153882565309239 0 8.3282486802414e-06 0 0 0.000208269785237525 0.000416126299341412 0 0 0 0.999213393101432
  1 37 11 3 100 0 0.000882370704901144 0 0.000258389651541495 0 0 0.00138126210524167 0.00239593518778327 0 0 0 0.995082042350532
  1 37 11 4 100 0 0.00100680046601089 0 0.000620744856790699 0 0 0.0022627793201766 0.00282134633828199 0 0 0 0.99328832901874
  1 37 11 5 100 0 0.00126476102533552 0 0.000784895480557348 0 0 0.00298912493401072 0.00354502694445081 0 0 0 0.991416191615646
  1 38 11 2 100 0 0.000144283482772064 0 7.61168354337797e-06 0 0 0.000218822867226906 0.000562866909362505 0 0 0 0.999066415057095
  1 38 11 3 100 0 0.000854016186197972 0 0.000230367023449553 0 0 0.00151992751161386 0.00343806713780254 0 0 0 0.993957622140936
  1 38 11 4 100 0 0.000982255101376626 0 0.000540281697565952 0 0 0.00247461822072074 0.00405461379928332 0 0 0 0.991948231181053
  1 38 11 5 100 0 0.00122665622791331 0 0.000669525134750129 0 0 0.00322845906191956 0.00498336848457748 0 0 0 0.989891991090839
  1 39 11 2 100 0 0.00016762043526888 0 7.66033894425172e-06 0 0 0.000191982677263444 0.000589462245079777 0 0 0 0.999043274303444
  1 39 11 3 100 0 0.00102692560220547 0 0.000217843271878316 0 0 0.00138074617188247 0.00368094639051684 0 0 0 0.993693538563517
  1 39 11 4 100 0 0.00117904552189572 0 0.000474221193594534 0 0 0.00228375987059083 0.00439620074406212 0 0 0 0.991666772669857
  1 39 11 5 100 0 0.00147314238807037 0 0.0005856019600251 0 0 0.00299445280810047 0.00546602262870176 0 0 0 0.989480780215102
  1 40 11 2 100 0 0.000131163231047161 0 1.711327210114e-05 0 0 0.000192977256742488 0.000721517294204143 0 0 0 0.998937228945905
  1 40 11 3 100 0 0.000827146714828422 0 0.000260464606332685 0 0 0.00142367792448614 0.00460087664501958 0 0 0 0.992887834109333
  1 40 11 4 100 0 0.000946924552083534 0 0.000493135739246031 0 0 0.00234713792330873 0.00547591342324439 0 0 0 0.990736888362117
  1 40 11 5 100 0 0.00117739947274963 0 0.000637884501159635 0 0 0.00303184857019396 0.00681953332183418 0 0 0 0.988333334134063
  1 41 11 2 100 0 0.000192529913582564 0 0.000110298715609979 0 0 0.000182495567087633 0.000795027172045209 0 0 0 0.998719648631675
  1 41 11 3 100 0 0.00116662903187177 0 0.000777098276021275 0 0 0.00129874093399278 0.00487300069697892 0 0 0 0.991884531061135
  1 41 11 4 100 0 0.00134447228875717 0 0.00109631080428089 0 0 0.00220981511453907 0.00587530846112486 0 0 0 0.989474093331298
  1 41 11 5 100 0 0.00166224056408861 0 0.00134854842881319 0 0 0.00289681449733329 0.00733481047414389 0 0 0 0.986757586035621
  1 42 11 2 100 0 0.000207694199292596 0 0.000185430505083939 0 0 0.000205950453135698 0.000810967590156348 0 0 0 0.998589957252331
  1 42 11 3 100 0 0.00123491679310275 0 0.00124762182228444 0 0 0.00141370309561568 0.00493789801210759 0 0 0 0.99116586027689
  1 42 11 4 100 0 0.00143739865174578 0 0.00163939088916518 0 0 0.00236847255755829 0.00593947419517529 0 0 0 0.988615263706355
  1 42 11 5 100 0 0.00178621812631802 0 0.00200006630285173 0 0 0.00324516699223854 0.00734293563496496 0 0 0 0.985625612943627
  1 43 11 2 100 0 0.000135354479473003 0 3.76254271115126e-05 0 0 0.00022009469285517 0.00134563570895072 0 0 0 0.99826128969161
  1 43 11 3 100 0 0.00076843749641489 0 0.00140081714219312 0 0 0.00140209607674623 0.00777734046287375 0 0 0 0.988651308821772
  1 43 11 4 100 0 0.000890713785136091 0 0.00216397227685858 0 0 0.00228868790950583 0.00937814729441426 0 0 0 0.985278478734085
  1 43 11 5 100 0 0.00109485823377512 0 0.0026220080720203 0 0 0.00311364049719463 0.0116294879779169 0 0 0 0.981540005219093
  1 44 11 2 100 0 0.000159233411329869 0 4.0672870587756e-05 0 0 0.000241487518844558 0.0013076480453113 0 0 0 0.998250958153927
  1 44 11 3 100 0 0.000896299598852181 0 0.00162691170434084 0 0 0.00151078820052566 0.00745318055526024 0 0 0 0.988512819941021
  1 44 11 4 100 0 0.00104303543400824 0 0.00250950585301112 0 0 0.00247184348862315 0.00892056849118891 0 0 0 0.985055046733169
  1 44 11 5 100 0 0.00130454644497358 0 0.00307003841188398 0 0 0.00339819994015785 0.0110946347949216 0 0 0 0.981132580408063
  1 45 11 2 100 0 0.000129822575719206 0 4.22817159920509e-06 0 0 0.00022525107263015 0.0013516638218655 0 0 0 0.998289034358186
  1 45 11 3 100 0 0.000734901158619623 0 0.00108281203379834 0 0 0.00144992436944351 0.00790011574920108 0 0 0 0.988832246688937
  1 45 11 4 100 0 0.000844313246760095 0 0.00243431442901905 0 0 0.00235484801617218 0.00950614701214907 0 0 0 0.9848603772959
  1 45 11 5 100 0 0.00104936751965977 0 0.00296364185820391 0 0 0.00321097257722568 0.0117879104300686 0 0 0 0.980988107614842
  1 46 11 2 100 0 0.000169404354694372 0 1.2943332837912e-05 0 0 0.000231094320849957 0.0014783888957912 0 0 0 0.998108169095827
  1 46 11 3 100 0 0.000954380069583484 0 0.00108678304980761 0 0 0.00167635859874035 0.0086257618482821 0 0 0 0.987656716433586
  1 46 11 4 100 0 0.00111433132694347 0 0.00232239683439532 0 0 0.00264212077584858 0.0104030846208184 0 0 0 0.983518066441994
  1 46 11 5 100 0 0.00139548367962967 0 0.00280622069594759 0 0 0.00343025196416065 0.0128451119785832 0 0 0 0.979522931681679
  1 47 11 2 100 0 0.000125859101970309 0 6.7778328476763e-05 0 0 0.000219568107149206 0.00142439240659814 0 0 0 0.998162402055806
  1 47 11 3 100 0 0.000716120690138606 0 0.00128159072819104 0 0 0.00145640855586646 0.00832123293514896 0 0 0 0.988224647090655
  1 47 11 4 100 0 0.000816066346521303 0 0.00237054396681795 0 0 0.00244763586478227 0.0099778021116501 0 0 0 0.984387951710228
  1 47 11 5 100 0 0.00100998204908543 0 0.00286859140483447 0 0 0.00322395094831962 0.0123472532196208 0 0 0 0.98055022237814
  1 48 11 2 100 0 0.000120804969302966 0 0.000113594025964886 0 0 0.000211366815211429 0.00138848584384466 0 0 0 0.998165748345676
  1 48 11 3 100 0 0.000683207335045846 0 0.00147652915281473 0 0 0.00141575237790559 0.00810386760543396 0 0 0 0.9883206435288
  1 48 11 4 100 0 0.000793677563111168 0 0.00250140757862673 0 0 0.00242428336529319 0.00983688305955525 0 0 0 0.984443748433414
  1 48 11 5 100 0 0.000989513300232099 0 0.00301718990837747 0 0 0.00320864905956105 0.0122081002314465 0 0 0 0.980576547500383
  1 49 11 2 100 0 0.000162197228411795 0 2.86661421176788e-05 0 0 0.000218015834453726 0.00169051042780282 0 0 0 0.997900610367214
  1 49 11 3 100 0 0.000893889795243607 0 0.00128581851308358 0 0 0.00139174306136388 0.00961298923744631 0 0 0 0.986815559392863
  1 49 11 4 100 0 0.00103442746540099 0 0.00264029339158162 0 0 0.00223803863143669 0.0115407401353179 0 0 0 0.982546500376263
  1 49 11 5 100 0 0.00128804637569534 0 0.00327708502285522 0 0 0.00306395689247994 0.0143811333033531 0 0 0 0.977989778405616
  1 50 11 2 100 0 0.000198047263017204 0 3.23225794615021e-05 0 0 0.000250927682099945 0.0018225562540531 0 0 0 0.997696146221368
  1 50 11 3 100 0 0.00104829913594986 0 0.00142811029053355 0 0 0.0015425374892383 0.0098812487151756 0 0 0 0.986099804369103
  1 50 11 4 100 0 0.00121138436003807 0 0.00271907167616091 0 0 0.00245308866949437 0.0117591822258051 0 0 0 0.981857273068502
  1 50 11 5 100 0 0.00152180074927228 0 0.00336973098649014 0 0 0.00338411422451739 0.0147313383663518 0 0 0 0.976993015673368
  1 51 11 2 100 0 0.000176866405182226 0 1.19636005957501e-05 0 0 0.000227293459881692 0.00138234878856438 0 0 0 0.998201527745776
  1 51 11 3 100 0 0.000927278136399068 0 0.00106600607682855 0 0 0.00154216478200333 0.00748791255296131 0 0 0 0.988976638451808
  1 51 11 4 100 0 0.00108744697253762 0 0.00244429948748296 0 0 0.00230174773211839 0.00905062902701072 0 0 0 0.98511587678085
  1 51 11 5 100 0 0.0013579742849549 0 0.00300110938571883 0 0 0.00310148267571947 0.0112840975455172 0 0 0 0.98125533610809
  1 52 11 2 100 0 0.000100309493444247 0 1.18862069908578e-05 0 0 0.000222664421473227 0.00163922615344615 0 0 0 0.998025913724646
  1 52 11 3 100 0 0.000526663287716519 0 0.000983274636590589 0 0 0.0014141033336936 0.00891614369340786 0 0 0 0.988159815048591
  1 52 11 4 100 0 0.000599393014945039 0 0.00224506059612863 0 0 0.00233971633246151 0.0107108299891732 0 0 0 0.984105000067292
  1 52 11 5 100 0 0.000754480476061491 0 0.00281940676108646 0 0 0.00310723305878625 0.0135763538625044 0 0 0 0.979742525841561
  1 53 11 2 100 0 0.00017088221096944 0 9.44642801143061e-06 0 0 0.000209745914405519 0.00163053827390148 0 0 0 0.997979387172712
  1 53 11 3 100 0 0.000941104347432764 0 0.000888005168695556 0 0 0.00136912526698581 0.00915613692461806 0 0 0 0.987645628292268
  1 53 11 4 100 0 0.00106582699625965 0 0.00201985303005756 0 0 0.00222907098874102 0.0107943996176612 0 0 0 0.983890849367281
  1 53 11 5 100 0 0.00133918162620822 0 0.00256889430309751 0 0 0.00294999445668766 0.0136757618666684 0 0 0 0.979466167747338
  1 54 11 2 100 0 0.000187668224217402 0 9.7527200000763e-06 0 0 0.000236991418329364 0.0019524312301148 0 0 0 0.997613156407338
  1 54 11 3 100 0 0.00103581290835037 0 0.000744870560530041 0 0 0.0015202662869218 0.0109501968705005 0 0 0 0.985748853373697
  1 54 11 4 100 0 0.00118189275822638 0 0.00181415163113544 0 0 0.00242153947297944 0.0128976215937544 0 0 0 0.981684794543904
  1 54 11 5 100 0 0.0014921035652273 0 0.00241307610769792 0 0 0.00335755916130205 0.0164032539101985 0 0 0 0.976334007255574
  1 55 11 2 100 0 0.000149036330707767 0 1.00510270069513e-05 0 0 0.000220447709258893 0.00253289021981276 0 0 0 0.997087574713214
  1 55 11 3 100 0 0.000837157458940241 0 0.0005320768351495 0 0 0.00146398194134207 0.0145991736140038 0 0 0 0.982567610150564
  1 55 11 4 100 0 0.000963313465007242 0 0.00163905166286801 0 0 0.00237502170140284 0.0174433617588991 0 0 0 0.977579251411823
  1 55 11 5 100 0 0.00122167911508922 0 0.00222871192067701 0 0 0.00327102451198514 0.0220804051779423 0 0 0 0.971198179274306
  1 56 11 2 100 0 0.000186383692138007 0 2.76462769195249e-05 0 0 0.000218980967048362 0.00252374146992057 0 0 0 0.997043247593974
  1 56 11 3 100 0 0.00103415350267807 0 0.00055449208380137 0 0 0.00146629971532297 0.0144127178043836 0 0 0 0.982532336893814
  1 56 11 4 100 0 0.00117847939993227 0 0.00158228627943113 0 0 0.00240766700665718 0.017186994297426 0 0 0 0.977644573016553
  1 56 11 5 100 0 0.00148390571581378 0 0.00211329928340347 0 0 0.00315858190482968 0.0215514972034051 0 0 0 0.971692715892548
  1 57 11 2 100 0 0.000135372421213235 0 6.36446244206314e-05 0 0 0.000228148254171176 0.00227961758601635 0 0 0 0.997293217114179
  1 57 11 3 100 0 0.000765119169861742 0 0.000742857492851078 0 0 0.00147791509636299 0.0130989795297747 0 0 0 0.98391512871115
  1 57 11 4 100 0 0.000870131864929366 0 0.00172918164990602 0 0 0.00235249765631902 0.015548278120647 0 0 0 0.979499910708199
  1 57 11 5 100 0 0.00108614716892765 0 0.00227501667324238 0 0 0.00320273058771522 0.0195251484270235 0 0 0 0.973910957143091
  1 58 11 2 100 0 0.000251390398030615 0 0.000139487174632693 0 0 0.000219225518749414 0.00191523825377329 0 0 0 0.997474658654814
  1 58 11 3 100 0 0.00140643122911197 0 0.00115738835972907 0 0 0.00145391545073387 0.0108968340984775 0 0 0 0.985085430861948
  1 58 11 4 100 0 0.00160758877240515 0 0.00205170356180976 0 0 0.00236957158462973 0.0129182258319413 0 0 0 0.981052910249214
  1 58 11 5 100 0 0.00204719237928365 0 0.00264932207730105 0 0 0.00312491148212562 0.0161788816654135 0 0 0 0.975999692395876
  1 59 11 2 100 0 0.000201273492621437 0 0.000204718847850143 0 0 0.000222875737842779 0.00177731584073126 0 0 0 0.997593816080954
  1 59 11 3 100 0 0.00113318221976073 0 0.00152513562753706 0 0 0.00165574526399267 0.0102579087364071 0 0 0 0.985428028152302
  1 59 11 4 100 0 0.00131552817017504 0 0.00246336995579593 0 0 0.00254076821013267 0.0122253564329086 0 0 0 0.981454977230988
  1 59 11 5 100 0 0.00166231782404462 0 0.00313856677708693 0 0 0.00330821215783776 0.0152722854072381 0 0 0 0.976618617833793
  1 60 11 2 100 0 0.000173672001940176 0 4.34384560987092e-05 0 0 0.000222154968074471 0.00215783697372246 0 0 0 0.997402897600164
  1 60 11 3 100 0 0.000969773573392188 0 0.00160492000032405 0 0 0.0014717095860204 0.0123652989596601 0 0 0 0.983588297880603
  1 60 11 4 100 0 0.00111255531208724 0 0.00262649012658019 0 0 0.00242565761098784 0.0147536232955501 0 0 0 0.979081673654795
  1 60 11 5 100 0 0.00140595464623573 0 0.00334755206647748 0 0 0.0031864761136476 0.0185661004723854 0 0 0 0.973493916701254
  1 61 11 2 100 0 0.000182632610369789 0 1.41052553651034e-05 0 0 0.000238684025079059 0.0022309058517964 0 0 0 0.99733367225739
  1 61 11 3 100 0 0.000977417283815149 0 0.00139045509482487 0 0 0.00150458846251538 0.012311055188004 0 0 0 0.983816483970841
  1 61 11 4 100 0 0.00109943001676882 0 0.00278072388344178 0 0 0.0024214379508274 0.014545745990861 0 0 0 0.979152662158101
  1 61 11 5 100 0 0.0013813204163934 0 0.00346995570868727 0 0 0.00316993416619304 0.0182696635324344 0 0 0 0.973709126176292
  1 62 11 2 100 0 0.000240827099576087 0 8.5772971147919e-06 0 0 0.000220230248740535 0.00170201267262681 0 0 0 0.997828352681942
  1 62 11 3 100 0 0.00126847703491157 0 0.0012097515075941 0 0 0.00153333503963883 0.00924845166670201 0 0 0 0.986739984751154
  1 62 11 4 100 0 0.00146399826143915 0 0.0025243989030121 0 0 0.00236093804720217 0.0110190628911871 0 0 0 0.982631601897159
  1 62 11 5 100 0 0.00184562088338072 0 0.00317662828731827 0 0 0.00311260694231377 0.0138302738653729 0 0 0 0.978034870021614
  1 63 11 2 100 0 0.000169133846127204 0 7.68805549888022e-06 0 0 0.000222230250450021 0.0018530518910935 0 0 0 0.99774789595683
  1 63 11 3 100 0 0.000887084457881576 0 0.00109124570436452 0 0 0.0014059673172012 0.0100962887785113 0 0 0 0.986519413742041
  1 63 11 4 100 0 0.00101225574226807 0 0.00226821247695081 0 0 0.00230027124798326 0.0119696850710751 0 0 0 0.982449575461723
  1 63 11 5 100 0 0.00127740080920853 0 0.00286043556548089 0 0 0.00305203087678166 0.0151264248828939 0 0 0 0.977683707865635
  1 64 11 2 100 0 0.000182882880985286 0 7.91833171412014e-06 0 0 0.00022561568179069 0.00163855183846046 0 0 0 0.997945031267049
  1 64 11 3 100 0 0.000994042064367334 0 0.000962202865977879 0 0 0.00145370590799951 0.00909643243210167 0 0 0 0.987493616729554
  1 64 11 4 100 0 0.00114295601259881 0 0.00200790655652925 0 0 0.00235469904103858 0.0108520244723838 0 0 0 0.98364241391745
  1 64 11 5 100 0 0.00143877991989395 0 0.00251724314686832 0 0 0.00309800314997701 0.0136644820687936 0 0 0 0.979281491714467
  1 65 11 2 100 0 0.000141587567975577 0 9.08354825411642e-06 0 0 0.000215847259802715 0.001837298977926 0 0 0 0.997796182646042
  1 65 11 3 100 0 0.000788028123118155 0 0.000859652988329287 0 0 0.00157975462351399 0.0105042571393981 0 0 0 0.986268307125641
  1 65 11 4 100 0 0.000908454740636102 0 0.00181306286438893 0 0 0.00240542984852512 0.0125155530638184 0 0 0 0.982357499482632
  1 65 11 5 100 0 0.00114970258182648 0 0.00227870031579914 0 0 0.00311919711088926 0.0158019746704541 0 0 0 0.977650425321031
  1 66 11 2 100 0 0.000173358941378884 0 2.05440719643279e-05 0 0 0.000225740421019521 0.00191035188435913 0 0 0 0.997670004681278
  1 66 11 3 100 0 0.000991917609183084 0 0.000547346422204759 0 0 0.00154463834464143 0.0111160604734358 0 0 0 0.985800037150535
  1 66 11 4 100 0 0.00113508181899524 0 0.00148140818651547 0 0 0.0025242493044487 0.0131992704253414 0 0 0 0.981659990264699
  1 66 11 5 100 0 0.00142600664152104 0 0.00189866159025629 0 0 0.00333077171493791 0.0166100114368675 0 0 0 0.976734548616417
  1 67 11 2 100 0 0.000202857795756275 0 2.46615610650264e-05 0 0 0.000211337689808376 0.0023572139484815 0 0 0 0.997203929004889
  1 67 11 3 100 0 0.00116211239814821 0 0.000516671473562772 0 0 0.00158408247809196 0.0139404917068552 0 0 0 0.982796641943342
  1 67 11 4 100 0 0.00134178678309607 0 0.00129905222615733 0 0 0.00239070419997426 0.016571740487559 0 0 0 0.978396716303213
  1 67 11 5 100 0 0.00169453157424058 0 0.00165847657999471 0 0 0.00311324438902136 0.0207602186433764 0 0 0 0.972773528813367
  1 68 11 2 100 0 0.000131541213751321 0 1.04874212422658e-05 0 0 0.000212448630272416 0.00208517920714216 0 0 0 0.997560343527592
  1 68 11 3 100 0 0.000758432013453054 0 0.000494858631821465 0 0 0.00162701586020469 0.0124296128131566 0 0 0 0.984690080681364
  1 68 11 4 100 0 0.000890633278008989 0 0.00124087832789143 0 0 0.00250619294160379 0.0149827165212379 0 0 0 0.980379578931258
  1 68 11 5 100 0 0.00113289671513315 0 0.00160028332130605 0 0 0.00328663137360667 0.0188984210903692 0 0 0 0.975081767499585
  1 69 11 2 100 0 0.000148500508831611 0 1.01039648576308e-05 0 0 0.000215996628638202 0.00173413723128817 0 0 0 0.997891261666384
  1 69 11 3 100 0 0.00084172280692148 0 0.000455420226777977 0 0 0.00147315203929377 0.0100357990806455 0 0 0 0.987193905846361
  1 69 11 4 100 0 0.000970641385284723 0 0.0011319672214081 0 0 0.00241102219156077 0.0119294774805553 0 0 0 0.983556891721191
  1 69 11 5 100 0 0.00122220206303662 0 0.00143134403225513 0 0 0.0031448463375185 0.0148704785126082 0 0 0 0.979331129054582
  1 70 11 2 100 0 0.000166030076271778 0 7.93290526832271e-06 0 0 0.000204663371694587 0.00138327004047472 0 0 0 0.998238103606291
  1 70 11 3 100 0 0.000956786929050289 0 0.000339199223262559 0 0 0.00142607849855275 0.00817885715600996 0 0 0 0.989099078193124
  1 70 11 4 100 0 0.00109705311136771 0 0.000944631080868871 0 0 0.00233605531966071 0.00976922574649439 0 0 0 0.985853034741608
  1 70 11 5 100 0 0.00138811827256704 0 0.00130843787281828 0 0 0.00307185977713248 0.0122264994765512 0 0 0 0.982005084600931
  1 71 11 2 100 0 0.000159843720335714 0 7.28790442782094e-06 0 0 0.000214957705229373 0.0011487602476732 0 0 0 0.998469150422334
  1 71 11 3 100 0 0.00093280669841098 0 0.000327619242585844 0 0 0.00145765900722032 0.00685644480405224 0 0 0 0.990425470247731
  1 71 11 4 100 0 0.00107150714126961 0 0.000857217550142784 0 0 0.0023275508063221 0.00816172878295717 0 0 0 0.987581995719308
  1 71 11 5 100 0 0.00132871254936676 0 0.00116393256978808 0 0 0.00315534167520667 0.0101543459287385 0 0 0 0.9841976672769
  1 72 11 2 100 0 0.000161304862080083 0 6.78918615155549e-06 0 0 0.00021686913894791 0.00115672776959929 0 0 0 0.998458309043221
  1 72 11 3 100 0 0.000950525388564057 0 0.000304434865286992 0 0 0.00152600805320499 0.00696136987161369 0 0 0 0.99025766182133
  1 72 11 4 100 0 0.00109448093501091 0 0.000782602306999049 0 0 0.00250261181156443 0.00828312449432368 0 0 0 0.987337180452102
  1 72 11 5 100 0 0.00138633235547085 0 0.00105829273551217 0 0 0.00327835840093448 0.0103447322202087 0 0 0 0.983932284287874
  1 73 11 2 100 0 0.000153870170491989 0 7.02785176280693e-06 0 0 0.000217659003054414 0.00111150249210963 0 0 0 0.998509940482581
  1 73 11 3 100 0 0.00090249038773536 0 0.000289140748242685 0 0 0.00150871937271195 0.00666883867581458 0 0 0 0.990630810815495
  1 73 11 4 100 0 0.00103494320142938 0 0.00072881732893922 0 0 0.00245713882877946 0.00787856839378711 0 0 0 0.987900532247065
  1 73 11 5 100 0 0.00130492830456074 0 0.000975259030439895 0 0 0.00324670543558717 0.00986724386811835 0 0 0 0.984605863361294
  1 74 11 2 100 0 0.000226718033569938 0 6.7911484805131e-06 0 0 0.000204177531941223 0.00160297841340139 0 0 0 0.997959334872607
  1 74 11 3 100 0 0.00131278404933043 0 0.000258788473070305 0 0 0.00139203394041936 0.00942029038386779 0 0 0 0.987616103153312
  1 74 11 4 100 0 0.00149402406014296 0 0.000660596069551464 0 0 0.00225541189448574 0.0111302565748645 0 0 0 0.984459711400955
  1 74 11 5 100 0 0.00188302249297926 0 0.000881583740720278 0 0 0.00295853462932182 0.0140426950778702 0 0 0 0.980234164059108
  1 75 11 2 100 0 0.000139454730285889 0 7.33661596075556e-06 0 0 0.000210677184531707 0.00119075562211944 0 0 0 0.998451775847102
  1 75 11 3 100 0 0.000773575798854462 0 0.000237919830220424 0 0 0.00140442833798952 0.00675050331568007 0 0 0 0.990833572717255
  1 75 11 4 100 0 0.000886505802732233 0 0.000583369860818863 0 0 0.00227807481012777 0.00799653279896819 0 0 0 0.988255516727353
  1 75 11 5 100 0 0.00110821482236992 0 0.000765653831832483 0 0 0.00296815996015862 0.0100917259410768 0 0 0 0.985066245444562
  1 76 11 2 100 0 0.000173137410930374 0 5.6642719838416e-06 0 0 0.00021608623359859 0.00162383123435867 0 0 0 0.997981280849129
  1 76 11 3 100 0 0.000973821934092461 0 0.0002061512675228 0 0 0.00143555978321022 0.0092625798809319 0 0 0 0.988121887134243
  1 76 11 4 100 0 0.00111272781057527 0 0.000481379843751111 0 0 0.00232075981933786 0.0109291267043903 0 0 0 0.985156005821946
  1 76 11 5 100 0 0.00140327983937649 0 0.000660164770452403 0 0 0.00304148613912954 0.0138250672875711 0 0 0 0.98107000196347
  1 77 11 2 100 0 0.000203738847392441 0 6.27347389843583e-06 0 0 0.000211090725776966 0.00202838450867277 0 0 0 0.997550512444259
  1 77 11 3 100 0 0.00116833811953537 0 0.00019599774391904 0 0 0.00143618017472458 0.0117792240094387 0 0 0 0.985420259952382
  1 77 11 4 100 0 0.00134448015823553 0 0.000410971760575693 0 0 0.00238510425450526 0.0139228538507136 0 0 0 0.98193658997597
  1 77 11 5 100 0 0.00170380590432823 0 0.000533103908882169 0 0 0.00316551242552711 0.0177097521890788 0 0 0 0.976887825572184
  1 78 11 2 100 0 0.000126412232543571 0 6.07711650495825e-06 0 0 0.000203615689651085 0.00272527816908873 0 0 0 0.996938616792212
  1 78 11 3 100 0 0.000740251659469273 0 0.000197801402032303 0 0 0.0014243389619164 0.0161171400774243 0 0 0 0.981520467899158
  1 78 11 4 100 0 0.000848926638223308 0 0.000400903959256048 0 0 0.00235036476599636 0.0191231590964812 0 0 0 0.977276645540043
  1 78 11 5 100 0 0.00107104805610316 0 0.000499313881300986 0 0 0.00307647381120905 0.0242127837891492 0 0 0 0.971140380462238
  1 79 11 2 100 0 0.000140964492394724 0 7.1287167085492e-06 0 0 0.000209547765674879 0.00376208471431875 0 0 0 0.995880274310903
  1 79 11 3 100 0 0.000785669469315682 0 0.000192717134225638 0 0 0.00139402066213328 0.0214386066652227 0 0 0 0.976188986069103
  1 79 11 4 100 0 0.00089741456356253 0 0.000380245385286363 0 0 0.00226924304806382 0.0254244006740692 0 0 0 0.971028696329018
  1 79 11 5 100 0 0.00112203797294525 0 0.000475965208608624 0 0 0.0029680292783573 0.0320246859440884 0 0 0 0.963409281596
  1 80 11 2 100 0 0.000168950189562993 0 7.17264697459513e-06 0 0 0.000218715924739091 0.00351305174404726 0 0 0 0.996092109494676
  1 80 11 3 100 0 0.000960818728473966 0 0.000208004997144142 0 0 0.00149688689433833 0.0203324855219949 0 0 0 0.977001803858049
  1 80 11 4 100 0 0.00111701599153824 0 0.000394122347013995 0 0 0.00250752323595951 0.024447923681329 0 0 0 0.971533414744159
  1 80 11 5 100 0 0.00140797437106578 0 0.000492828315033211 0 0 0.00330304175851478 0.0306295646803429 0 0 0 0.964166590875043
  1 81 11 2 100 0 0.00013072044322196 0 8.59082132784913e-06 0 0 0.000226142516871642 0.00394994454584396 0 0 0 0.995684601672735
  1 81 11 3 100 0 0.000731783697822313 0 0.000220667582105604 0 0 0.00148731826784426 0.0223703601967218 0 0 0 0.975189870255506
  1 81 11 4 100 0 0.000841765932001325 0 0.000429116495763809 0 0 0.00242626530917928 0.0266669971054952 0 0 0 0.96963585515756
  1 81 11 5 100 0 0.00105911355048642 0 0.00054201077427029 0 0 0.00317092321383572 0.0337163769527611 0 0 0 0.961511575508646
  2 1 11 2 100 0 0.000115611637071904 0 2.32529710233774e-05 0 0 0.00020601477553475 0.00370267400635987 0 0 0 0.99595244661001
  2 1 11 3 100 0 0.000356313080990391 0 0.000974114343664384 0 0 0.00260535812791267 0.0117276484404549 0 0 0 0.984336566006978
  2 1 11 4 100 0 0.000281250860167881 0 0.00176537261566871 0 0 0.00266191853655157 0.00954368926882524 0 0 0 0.985747768718787
  2 1 11 5 100 0 0.000142984944601006 0 0.000927499974394143 0 0 0.00145562616555312 0.00500127285769937 0 0 0 0.992472616057752
  2 2 11 2 100 0 0.000218482060897502 0 3.3979267497576e-05 0 0 2.71749514283668e-05 0.00365217913758644 0 0 0 0.99606818458259
  2 2 11 3 100 0 0.000685676322168082 0 0.000822984349036044 0 0 0.00259182400634131 0.0118639700679534 0 0 0 0.984035545254501
  2 2 11 4 100 0 0.000535430291411155 0 0.0014257303142551 0 0 0.00317443670224544 0.00965569568956188 0 0 0 0.985208707002526
  2 2 11 5 100 0 0.000283913064760637 0 0.000801907044978143 0 0 0.00178623907810878 0.00519630310721054 0 0 0 0.991931637704942
  2 3 11 2 100 0 0.000343107039217274 0 8.34080451051367e-05 0 0 0.000210485019678133 0.00382842587938338 0 0 0 0.995534574016616
  2 3 11 3 100 0 0.00110564686736848 0 0.000941373329197468 0 0 0.00271409812270649 0.0124891669802351 0 0 0 0.982749714700492
  2 3 11 4 100 0 0.000884477360915028 0 0.00148772476518718 0 0 0.00277998071028747 0.0101835850129447 0 0 0 0.984664232150666
  2 3 11 5 100 0 0.000478147491643155 0 0.000842745946572303 0 0 0.00159613912071596 0.00559104261072005 0 0 0 0.991491924830349
  2 4 11 2 100 0 0.000173685493003897 0 0.000183532485508864 0 0 0.000229281617498573 0.00353597627342085 0 0 0 0.995877524130568
  2 4 11 3 100 0 0.000537453406257027 0 0.00113658531031242 0 0 0.00290842341975155 0.0113745543283269 0 0 0 0.984042983535352
  2 4 11 4 100 0 0.000417459626003096 0 0.00149147455513361 0 0 0.00294091803250159 0.00911748199103375 0 0 0 0.986032665795328
  2 4 11 5 100 0 0.000220213032636707 0 0.000807827136909206 0 0 0.00166552491245626 0.00488390708659656 0 0 0 0.992422527831401
  2 5 11 2 100 0 0.000164977591130211 0 0.000290628625660187 0 0 0.000222644951594567 0.00306477200486467 0 0 0 0.99625697682675
  2 5 11 3 100 0 0.000506022965797653 0 0.00147205326736309 0 0 0.00284636163785817 0.00978203142582745 0 0 0 0.985393530703154
  2 5 11 4 100 0 0.000389936219327532 0 0.00173890838913561 0 0 0.00283627894176793 0.00776618938508636 0 0 0 0.987268687064683
  2 5 11 5 100 0 0.000202134466418976 0 0.000933471925861309 0 0 0.00158345501736976 0.00411786242601458 0 0 0 0.993163076164335
  2 6 11 2 100 0 0.00013455600892311 0 0.000140534065189666 0 0 0.000221655183626066 0.00120973215830509 0 0 0 0.998293522583956
  2 6 11 3 100 0 0.000436884445500158 0 0.00165017091242265 0 0 0.00305735890246094 0.00397603552005267 0 0 0 0.990879550219564
  2 6 11 4 100 0 0.000341867218120144 0 0.00181967756455272 0 0 0.00306007577283133 0.00317384509105652 0 0 0 0.991604534353439
  2 6 11 5 100 0 0.000180265092757094 0 0.000975566139690427 0 0 0.00171964492892046 0.00169806943901711 0 0 0 0.995426454399615
  2 7 11 2 100 0 0.000182313373707937 0 0.000126618458762929 0 0 0.000204784278106505 0.00152165129540306 0 0 0 0.99796463259402
  2 7 11 3 100 0 0.000599956605189119 0 0.00181607243996435 0 0 0.00287954080626484 0.00509298697707 0 0 0 0.989611443171512
  2 7 11 4 100 0 0.000462504022987777 0 0.00195957689956717 0 0 0.00287553106647135 0.00402820942484731 0 0 0 0.990674178586126
  2 7 11 5 100 0 0.000241571687150083 0 0.00102952206492273 0 0 0.00161045066504647 0.00214323113114528 0 0 0 0.994975224451735
  2 8 11 2 100 0 0.000307343867489668 0 8.60545461032151e-05 0 0 0.000179528020355576 0.00171465270840343 0 0 0 0.997712420857648
  2 8 11 3 100 0 0.00104423309677979 0 0.00187660962094966 0 0 0.00265042943309228 0.005997478057352 0 0 0 0.988431249791826
  2 8 11 4 100 0 0.000809315736232113 0 0.00207142256660177 0 0 0.00267965983861614 0.00480400769412842 0 0 0 0.989635594164422
  2 8 11 5 100 0 0.000426356999482793 0 0.00108974874965361 0 0 0.00151883963343712 0.00258381345367511 0 0 0 0.994381241163751
  2 9 11 2 100 0 0.000320898545323192 0 8.47469776623785e-05 0 0 0.000199898859374459 0.00246255204181217 0 0 0 0.996931903575828
  2 9 11 3 100 0 0.00108337423823114 0 0.00212883711195943 0 0 0.00290854907469613 0.00862611080728923 0 0 0 0.985253128767824
  2 9 11 4 100 0 0.000841066276323926 0 0.00229438961543903 0 0 0.00291600107668713 0.00685610551883738 0 0 0 0.987092437512713
  2 9 11 5 100 0 0.000446189709049814 0 0.00120562227334153 0 0 0.00165965199578966 0.0036954922827231 0 0 0 0.992993043739096
  2 10 11 2 100 0 0.000106418535917322 0 6.33566876794308e-05 0 0 0.000149361123768438 0.00248412169943622 0 0 0 0.997196741953199
  2 10 11 3 100 0 0.000375345240720555 0 0.00185258241679482 0 0 0.00232139965124938 0.00891941998536387 0 0 0 0.986531252705871
  2 10 11 4 100 0 0.000292421543607962 0 0.0024223357567968 0 0 0.00233257858013844 0.00707860609344789 0 0 0 0.987874058026009
  2 10 11 5 100 0 0.000155263166813075 0 0.00128337067982772 0 0 0.00131204786791045 0.00376624809852801 0 0 0 0.993483070186921
  2 11 11 2 100 0 0.000277124398307382 0 4.42015034498618e-05 0 0 0.000189040595164691 0.00181960820874602 0 0 0 0.997670025294332
  2 11 11 3 100 0 0.000976592371444811 0 0.00180600057161163 0 0 0.00294183879310967 0.00651329006543251 0 0 0 0.987762278198401
  2 11 11 4 100 0 0.000773688292020519 0 0.00242296635637088 0 0 0.00301681948350257 0.00518131088597846 0 0 0 0.988605214982128
  2 11 11 5 100 0 0.000417665853491624 0 0.00130500679633176 0 0 0.00174443064138286 0.00281179142108146 0 0 0 0.993721105287712
  2 12 11 2 100 0 0.00015364016504554 0 2.40058445450007e-05 0 0 0.000158765487894832 0.00254820561260829 0 0 0 0.997115382889906
  2 12 11 3 100 0 0.000540441624118968 0 0.00177727096867538 0 0 0.00243298155500277 0.00921911904869039 0 0 0 0.986030186803513
  2 12 11 4 100 0 0.000422052392870939 0 0.00247918818607228 0 0 0.00244956250715686 0.00736295576168781 0 0 0 0.987286241152212
  2 12 11 5 100 0 0.000228804571146269 0 0.00133790515810852 0 0 0.00142509502794443 0.00406821118597747 0 0 0 0.992939984056823
  2 13 11 2 100 0 0.000250931254985723 0 0.000100443898962099 0 0 0.000224751239242053 0.00272973678400257 0 0 0 0.996694136822808
  2 13 11 3 100 0 0.000847999691951044 0 0.00202148393786001 0 0 0.00338702514355274 0.00953837089079315 0 0 0 0.984205120335843
  2 13 11 4 100 0 0.000664062881944784 0 0.00267408859710587 0 0 0.00343909185420414 0.00765025354009767 0 0 0 0.985572503126648
  2 13 11 5 100 0 0.000357914048228171 0 0.00144520378223379 0 0 0.00198518472161219 0.004187559600452 0 0 0 0.992024137847474
  2 14 11 2 100 0 9.69147727148371e-05 0 0.000213117328517962 0 0 0.00017102315610251 0.0022592971409095 0 0 0 0.997259647601755
  2 14 11 3 100 0 0.000325977630645496 0 0.00218808466792578 0 0 0.00266554321040018 0.00782767189515579 0 0 0 0.986992722595873
  2 14 11 4 100 0 0.00025493996983397 0 0.00272196629864783 0 0 0.00268984499016556 0.00629188676143545 0 0 0 0.988041361979917
  2 14 11 5 100 0 0.000133571870671516 0 0.00145170157735769 0 0 0.00152663254171724 0.00341385877986894 0 0 0 0.993474235230385
  2 15 11 2 100 0 0.000309083213551058 0 0.000114126998203529 0 0 0.000223971333163458 0.00153046082067862 0 0 0 0.997822357634403
  2 15 11 3 100 0 0.00108168737971918 0 0.00233777130386675 0 0 0.00344413133166408 0.00538210671413009 0 0 0 0.98775430327062
  2 15 11 4 100 0 0.00085298848879508 0 0.0029985901708501 0 0 0.00350467711890732 0.004362836880734 0 0 0 0.988280907340713
  2 15 11 5 100 0 0.000459850138952186 0 0.00163228149014025 0 0 0.00202501141919944 0.00241182822213394 0 0 0 0.993471028729574
  2 16 11 2 100 0 0.000123242416204618 0 8.84939109591163e-05 0 0 0.000159039631175114 0.000837366969421945 0 0 0 0.998791857072239
  2 16 11 3 100 0 0.000418207436002114 0 0.00213747217302018 0 0 0.00248990251817666 0.00298045285211196 0 0 0 0.991973965020689
  2 16 11 4 100 0 0.000321009647114728 0 0.00276956589475612 0 0 0.00247148663093221 0.00239626051924336 0 0 0 0.992041677307954
  2 16 11 5 100 0 0.000169311029200702 0 0.00150376648441563 0 0 0.0013969007980198 0.00131552355089511 0 0 0 0.995614498137469
  2 17 11 2 100 0 0.000206277564075642 0 2.25707355651323e-05 0 0 0.000208666054105186 0.000829534944945339 0 0 0 0.998732950701309
  2 17 11 3 100 0 0.000781015143138729 0 0.00161095437961335 0 0 0.00347744876632068 0.00322597177571362 0 0 0 0.990904609935214
  2 17 11 4 100 0 0.000611111848913457 0 0.00224165008263952 0 0 0.00355088568135586 0.00263010806322373 0 0 0 0.990966244323867
  2 17 11 5 100 0 0.000330556874988508 0 0.0012325611247719 0 0 0.00196665279816266 0.00146215297570512 0 0 0 0.995008076226372
  2 18 11 2 100 0 6.95699475116122e-05 0 2.01318643849053e-05 0 0 0.000140961884352727 0.000327725288507593 0 0 0 0.999441611015243
  2 18 11 3 100 0 0.000277113617688915 0 0.00126713402455579 0 0 0.00258971865900782 0.00134203717794 0 0 0 0.994523996520807
  2 18 11 4 100 0 0.000215447746918906 0 0.00168187288750155 0 0 0.00259832283513171 0.00108201623050156 0 0 0 0.994422340299946
  2 18 11 5 100 0 0.00011606987525677 0 0.000927727714062212 0 0 0.00143850011118495 0.00060480348999595 0 0 0 0.9969128988095
  2 19 11 2 100 0 0.000416332764242463 0 2.17610025903446e-05 0 0 0.000168346307458729 0.0007617255823301 0 0 0 0.998631834343378
  2 19 11 3 100 0 0.00180666120779123 0 0.00102244027231329 0 0 0.00338559487355026 0.00330321820656638 0 0 0 0.990482085439779
  2 19 11 4 100 0 0.00143815007587718 0 0.00129994558985085 0 0 0.00342966120044761 0.00265647208699987 0 0 0 0.991175771046825
  2 19 11 5 100 0 0.000790225110715349 0 0.000714718083438724 0 0 0.00191309235693372 0.00147142120735738 0 0 0 0.995110543241555
  2 20 11 2 100 0 0.000100737469231529 0 2.03772948471601e-05 0 0 0.000116269315504369 0.000277241914962009 0 0 0 0.999485374005455
  2 20 11 3 100 0 0.000417695851431883 0 0.000665684374057316 0 0 0.0025395256422983 0.00119150559105371 0 0 0 0.995185588541159
  2 20 11 4 100 0 0.000325615921855763 0 0.000983506979393246 0 0 0.00256298379186027 0.000957018340678507 0 0 0 0.995170874966212
  2 20 11 5 100 0 0.00017589908335006 0 0.000536590560788887 0 0 0.00139625637408651 0.000525253158410675 0 0 0 0.997366000823364
  2 21 11 2 100 0 0.000171508739708952 0 2.55474762039467e-05 0 0 1.42072826202101e-05 0.000526297335370948 0 0 0 0.999262439166096
  2 21 11 3 100 0 0.000725195555586676 0 0.000537786227314132 0 0 0.00282134540687968 0.00229210108310729 0 0 0 0.993623571727112
  2 21 11 4 100 0 0.000575264351111346 0 0.000777493775438726 0 0 0.00350186876986828 0.00184675246880932 0 0 0 0.993298620634772
  2 21 11 5 100 0 0.000319870831316467 0 0.000448733210010424 0 0 0.00198052791407142 0.00102923071574603 0 0 0 0.996221637328856
  2 22 11 2 100 0 0.000100418185492347 0 2.26149385795293e-05 0 0 0.000112510516458895 0.000376226460657484 0 0 0 0.999388229898812
  2 22 11 3 100 0 0.000423331568675118 0 0.000451405103119324 0 0 0.00252965803463741 0.00168162909909478 0 0 0 0.994913976194473
  2 22 11 4 100 0 0.000334802879308362 0 0.000620297406433617 0 0 0.0026764020709441 0.00139636559530838 0 0 0 0.994972132048005
  2 22 11 5 100 0 0.00018375434592833 0 0.000355335133072181 0 0 0.00149582878502533 0.000784776360240896 0 0 0 0.997180305375733
  2 23 11 2 100 0 0.000487423790944069 0 1.97484714034298e-05 0 0 1.38723767316672e-05 0.000543014690456981 0 0 0 0.998935940670464
  2 23 11 3 100 0 0.00206697313891476 0 0.000419962340782085 0 0 0.00272426421465576 0.00231829869664243 0 0 0 0.992470501609005
  2 23 11 4 100 0 0.00169476721108317 0 0.000536170450426113 0 0 0.00364940264246509 0.00192938075939185 0 0 0 0.992190278936634
  2 23 11 5 100 0 0.000936230539532548 0 0.000298947063549781 0 0 0.00205042589219546 0.00107813264977894 0 0 0 0.995636263854943
  2 24 11 2 100 0 0.00018283280456948 0 8.26553890585027e-06 0 0 9.39856805025201e-06 0.000344250419513519 0 0 0 0.999455252668961
  2 24 11 3 100 0 0.00075925518162151 0 0.000307592364391597 0 0 0.00183850250110157 0.00145143861015088 0 0 0 0.995643211342734
  2 24 11 4 100 0 0.000612183944806107 0 0.000414379175675067 0 0 0.00254505224455784 0.0011996237790257 0 0 0 0.995228760855935
  2 24 11 5 100 0 0.000334203966940332 0 0.000223134245945653 0 0 0.00140062472654432 0.000661284223947628 0 0 0 0.997380752836622
  2 25 11 2 100 0 0.000297255574495027 0 8.18576015685494e-06 0 0 1.1753290083387e-05 0.000702644306097918 0 0 0 0.998980161069167
  2 25 11 3 100 0 0.00122504228277769 0 0.000260831683450825 0 0 0.00210965246819204 0.00297516250203853 0 0 0 0.993429311063541
  2 25 11 4 100 0 0.00100028385635347 0 0.000368246302007742 0 0 0.00332205950539611 0.00249415610934325 0 0 0 0.992815254226899
  2 25 11 5 100 0 0.00056219274890482 0 0.000206584208880784 0 0 0.00194472331688299 0.00141507211658218 0 0 0 0.995871427608749
  2 26 11 2 100 0 0.000103046777483304 0 7.29200285971732e-06 0 0 9.70291248575642e-06 0.000855302624239023 0 0 0 0.999024655682932
  2 26 11 3 100 0 0.000419960980594547 0 0.00019509206660222 0 0 0.00161181743528623 0.00355285736600817 0 0 0 0.994220272151509
  2 26 11 4 100 0 0.000333908699387579 0 0.000300362164618721 0 0 0.00244358814947918 0.00294521800629634 0 0 0 0.993976922980218
  2 26 11 5 100 0 0.000183496312256991 0 0.00016602811351912 0 0 0.00142703871052593 0.00165670457345392 0 0 0 0.996566732290244
  2 27 11 2 100 0 0.000197703721902002 0 1.05846640327408e-05 0 0 1.11659235152524e-05 0.000868039054554057 0 0 0 0.998912506635996
  2 27 11 3 100 0 0.000827389645336416 0 0.000179322465835461 0 0 0.00208459548077494 0.00367875535184074 0 0 0 0.993229937056212
  2 27 11 4 100 0 0.000678710160901865 0 0.000261945933267992 0 0 0.00312180564040907 0.0030633630247726 0 0 0 0.992874175240648
  2 27 11 5 100 0 0.000390462107783102 0 0.000148579838032802 0 0 0.00183640260569078 0.00176946427415295 0 0 0 0.99585509117434
  2 28 11 2 100 0 0.000226292981847382 0 0.000103123276454837 0 0 0.000100056715375406 0.00108684514769232 0 0 0 0.99848368187863
  2 28 11 3 100 0 0.000971703859824726 0 0.000576019103606588 0 0 0.00193783533080373 0.00471166072752377 0 0 0 0.991802780978241
  2 28 11 4 100 0 0.000808354647837268 0 0.00057302355023213 0 0 0.00236983654794805 0.00396841243617604 0 0 0 0.992280372817807
  2 28 11 5 100 0 0.000445954674516125 0 0.000309562252285429 0 0 0.00136779578851109 0.00222086711063783 0 0 0 0.99565582017405
  2 29 11 2 100 0 0.00019266576435886 0 0.000255070832587633 0 0 9.32569421658661e-06 0.000825289650131243 0 0 0 0.998717648058706
  2 29 11 3 100 0 0.000827749387609588 0 0.00121138736268476 0 0 0.00189288388581753 0.00359467419245714 0 0 0 0.992473305171431
  2 29 11 4 100 0 0.000675732933356314 0 0.00105933333846066 0 0 0.00283622025233297 0.00296402172096634 0 0 0 0.992464691754884
  2 29 11 5 100 0 0.000381679135838954 0 0.000578859664552269 0 0 0.00164530941325231 0.00169792729357401 0 0 0 0.995696224492783
  2 30 11 2 100 0 0.000111420773932264 0 0.000384982313285284 0 0 7.66915637141222e-06 0.000556186451508778 0 0 0 0.998939741304902
  2 30 11 3 100 0 0.000472336985918821 0 0.00181273981716108 0 0 0.0016000238768607 0.00240843015379212 0 0 0 0.993706469166267
  2 30 11 4 100 0 0.0003810595042243 0 0.00153495257190074 0 0 0.00240548397314872 0.00199288471425728 0 0 0 0.993685619236469
  2 30 11 5 100 0 0.000215726070059439 0 0.000838659181045336 0 0 0.0014000070218475 0.00115133548346193 0 0 0 0.996394272243586
  2 31 11 2 100 0 0.000217237400004751 0 0.000114768671121782 0 0 9.64613720758842e-06 0.000593354397772419 0 0 0 0.999064993393893
  2 31 11 3 100 0 0.000917491667999655 0 0.00215758910537485 0 0 0.00185194851912675 0.00255084863022223 0 0 0 0.992522122077277
  2 31 11 4 100 0 0.000740738320643883 0 0.00203591824100115 0 0 0.00299050990492643 0.00210881331816887 0 0 0 0.99212402021526
  2 31 11 5 100 0 0.000431482660853817 0 0.00113258487207578 0 0 0.001847916918755 0.00124306350833808 0 0 0 0.995344952039977
  2 32 11 2 100 0 0.000227766461480157 0 1.10367321213008e-05 0 0 0.000100677310470909 0.000613935128135811 0 0 0 0.999046584367792
  2 32 11 3 100 0 0.00100435446866724 0 0.0016576373178189 0 0 0.00199801266976944 0.00273899551362369 0 0 0 0.992601000030121
  2 32 11 4 100 0 0.000814872996381543 0 0.00204622515054964 0 0 0.0023277424837549 0.0022801887117826 0 0 0 0.992530970657531
  2 32 11 5 100 0 0.000453828254115777 0 0.00109369373412407 0 0 0.00138864230349223 0.00130517929819528 0 0 0 0.995758656410073
  2 33 11 2 100 0 0.000237736462999883 0 1.36940750132273e-05 0 0 0.000137437075549267 0.000710967542496295 0 0 0 0.998900164843941
  2 33 11 3 100 0 0.00103153003731688 0 0.00147166099205303 0 0 0.00291869768848425 0.00319281211972865 0 0 0 0.991385299162417
  2 33 11 4 100 0 0.000839135571430228 0 0.00183192588228847 0 0 0.00331399068344419 0.00265516373510867 0 0 0 0.991359784127728
  2 33 11 5 100 0 0.000475563355563507 0 0.000991181985790402 0 0 0.00195410004180652 0.00152606609728924 0 0 0 0.99505308851955
  2 34 11 2 100 0 0.000111805112697562 0 1.46917633078405e-05 0 0 7.46728708408749e-06 0.000736458873267366 0 0 0 0.999129576963643
  2 34 11 3 100 0 0.000485440288701263 0 0.00127830161782552 0 0 0.00163413846760806 0.00330113615035898 0 0 0 0.993300983475506
  2 34 11 4 100 0 0.000381981620829494 0 0.00158823602843416 0 0 0.00243841887220102 0.00273564786182764 0 0 0 0.992855715616708
  2 34 11 5 100 0 0.000211690286264927 0 0.000869370963940203 0 0 0.00141356891976323 0.00158120313628538 0 0 0 0.995924166693746
  2 35 11 2 100 0 0.000196217633303517 0 1.36433239720173e-05 0 0 0.000125147438706936 0.000677530352005657 0 0 0 0.998987461252012
  2 35 11 3 100 0 0.000848623997164626 0 0.000722795504200456 0 0 0.00278042636381772 0.00298711012064242 0 0 0 0.992661044014175
  2 35 11 4 100 0 0.000690686788154437 0 0.00138471921252885 0 0 0.00325001987717826 0.00248645709331368 0 0 0 0.992188117028825
  2 35 11 5 100 0 0.000391018231522854 0 0.000766109843540371 0 0 0.00188950471285605 0.00143713110478461 0 0 0 0.995516236107296
  2 36 11 2 100 0 0.000302092354188912 0 1.74355352242763e-05 0 0 0.000104284242842026 0.000844111005462281 0 0 0 0.998732076862282
  2 36 11 3 100 0 0.00128432950093279 0 0.000630950341583973 0 0 0.00226459073061768 0.00358740794993069 0 0 0 0.992232721476935
  2 36 11 4 100 0 0.00104771687360801 0 0.00109716507700129 0 0 0.00253709123978253 0.00295066476422595 0 0 0 0.992367362045382
  2 36 11 5 100 0 0.000583614990185501 0 0.000599613186368865 0 0 0.00143842362431742 0.00167240163241459 0 0 0 0.995705946566714
  2 37 11 2 100 0 0.000201563728149727 0 1.64525592378711e-05 0 0 9.73844066405968e-06 0.000606329044305777 0 0 0 0.999165916227643
  2 37 11 3 100 0 0.00082871279837285 0 0.000492004914202184 0 0 0.00215873611751228 0.00252851180126131 0 0 0 0.993992034368651
  2 37 11 4 100 0 0.000678599991294986 0 0.000813548116523386 0 0 0.0031712801131436 0.00207620741044165 0 0 0 0.993260364368596
  2 37 11 5 100 0 0.000382174734788531 0 0.000443475668418524 0 0 0.00181158759084703 0.0011687328411624 0 0 0 0.996194029164784
  2 38 11 2 100 0 0.0001278774212942 0 1.72433390340024e-05 0 0 7.40521866942609e-06 0.000600169096840024 0 0 0 0.999247304924162
  2 38 11 3 100 0 0.000540788034000035 0 0.000430374333428904 0 0 0.00169763902389652 0.00260007560163455 0 0 0 0.99473112300704
  2 38 11 4 100 0 0.000430989149919597 0 0.000677929561605639 0 0 0.00249785653096252 0.00214825605635546 0 0 0 0.994244968701157
  2 38 11 5 100 0 0.000247574722620487 0 0.000386014123611837 0 0 0.00147986110027616 0.00126637634699935 0 0 0 0.996620173706492
  2 39 11 2 100 0 0.000186038517672066 0 1.87561904245874e-05 0 0 0.000126850618592991 0.000609176430447485 0 0 0 0.999059178242863
  2 39 11 3 100 0 0.000802936043129992 0 0.000389016769510888 0 0 0.00273226207981233 0.0026695937801597 0 0 0 0.993406191327387
  2 39 11 4 100 0 0.000656089300714629 0 0.000566212924946374 0 0 0.00316420710028002 0.00222014381650959 0 0 0 0.993393346857549
  2 39 11 5 100 0 0.000369086574283535 0 0.000309815996479302 0 0 0.00184066610831997 0.00126896571050103 0 0 0 0.996211465610416
  2 40 11 2 100 0 0.000132866870602368 0 1.89098572553567e-05 0 0 7.08927961669629e-06 0.00092557626417038 0 0 0 0.998915557728355
  2 40 11 3 100 0 0.000576016159731459 0 0.000303252645723435 0 0 0.00160480533100262 0.00413243348623714 0 0 0 0.993383492377305
  2 40 11 4 100 0 0.000461388328912092 0 0.000470411104155757 0 0 0.00239851967037499 0.00345981244248971 0 0 0 0.993209868454067
  2 40 11 5 100 0 0.000265385400139175 0 0.000281402473818224 0 0 0.00142603711813644 0.00205622290835665 0 0 0 0.99597095209955
  2 41 11 2 100 0 0.000324421153756439 0 0.000114020103560529 0 0 8.44453367778657e-06 0.00145247757874381 0 0 0 0.998100636630261
  2 41 11 3 100 0 0.00142398291362168 0 0.000737750852977479 0 0 0.0018485482550121 0.00641490184364865 0 0 0 0.98957481613474
  2 41 11 4 100 0 0.00116359078221771 0 0.000781748545039507 0 0 0.00274655918594467 0.00530041289689831 0 0 0 0.9900076885899
  2 41 11 5 100 0 0.000660326617362657 0 0.000438018558676373 0 0 0.00159377576866801 0.00302613513798462 0 0 0 0.994281743917308
  2 42 11 2 100 0 0.000191855865778206 0 0.000248738216268438 0 0 7.11391302032944e-06 0.00101580880367871 0 0 0 0.998536483201254
  2 42 11 3 100 0 0.000797517208400304 0 0.00123171534508316 0 0 0.00150848129832446 0.00427519980692399 0 0 0 0.992187086341268
  2 42 11 4 100 0 0.000634148444072878 0 0.00117210035377201 0 0 0.00229024739035164 0.00351794856593919 0 0 0 0.992385555245864
  2 42 11 5 100 0 0.000354515323426766 0 0.000649268751792433 0 0 0.00134917573916297 0.00202844049636331 0 0 0 0.995618599689254
  2 43 11 2 100 0 0.000183350012480551 0 0.000127119803009329 0 0 8.68646702922256e-06 0.000782573440656894 0 0 0 0.998898270276824
  2 43 11 3 100 0 0.000726596786887731 0 0.00157849714213457 0 0 0.00176407793795657 0.0031234166172864 0 0 0 0.992807411515735
  2 43 11 4 100 0 0.000579771509845152 0 0.00160917383325409 0 0 0.0026654981870633 0.002546565277831 0 0 0 0.992598991192006
  2 43 11 5 100 0 0.000325006400731808 0 0.000886004066886872 0 0 0.00161224319438343 0.0014560693964675 0 0 0 0.99572067694153
  2 44 11 2 100 0 0.00015764822159282 0 0.000103052490523004 0 0 0.00012120010444633 0.00131840434679345 0 0 0 0.998299694836644
  2 44 11 3 100 0 0.000608217554811343 0 0.00190423888660123 0 0 0.00229452379047459 0.00520506249037896 0 0 0 0.989987957277734
  2 44 11 4 100 0 0.000496518187956858 0 0.00201978023667731 0 0 0.00267484467149338 0.00435360068852291 0 0 0 0.99045525621535
  2 44 11 5 100 0 0.000274284299754109 0 0.00108840854368542 0 0 0.00157782709156821 0.00248022914065039 0 0 0 0.994579250924342
  2 45 11 2 100 0 0.000292982047081083 0 1.87382578202958e-05 0 0 0.000139169368980952 0.00135475316391574 0 0 0 0.998194357162202
  2 45 11 3 100 0 0.00117152772673997 0 0.00171668767712905 0 0 0.00250308147744283 0.00551297925010605 0 0 0 0.989095723868582
  2 45 11 4 100 0 0.000958142298223541 0 0.00226573481277903 0 0 0.00286726331359949 0.00458658492969517 0 0 0 0.989322274645703
  2 45 11 5 100 0 0.000536641153052054 0 0.00122160123626268 0 0 0.00169523393814376 0.00260059888108338 0 0 0 0.993945924791458
  2 46 11 2 100 0 0.000176491918064027 0 1.80787628998347e-05 0 0 0.000138319205695161 0.00158390767847148 0 0 0 0.998083202434869
  2 46 11 3 100 0 0.000693474068423493 0 0.00173616918089435 0 0 0.00245311310744803 0.00649018004144316 0 0 0 0.988627063601791
  2 46 11 4 100 0 0.000556900014327795 0 0.00223694472235819 0 0 0.00277447259116689 0.00538998508176794 0 0 0 0.989041697590379
  2 46 11 5 100 0 0.000316546154886409 0 0.00123700853908868 0 0 0.00166524714094007 0.00313106468367834 0 0 0 0.993650133481407
  2 47 11 2 100 0 0.000170989237371195 0 8.01796123637213e-05 0 0 0.000137042880631071 0.00132907487644528 0 0 0 0.998282713393189
  2 47 11 3 100 0 0.000682307316341005 0 0.0021318936865569 0 0 0.00262767500607101 0.00545252294082356 0 0 0 0.989105601050208
  2 47 11 4 100 0 0.000547131178180708 0 0.00259869833824714 0 0 0.00309695951895442 0.00453964606332842 0 0 0 0.989217564901289
  2 47 11 5 100 0 0.000313127275941966 0 0.00144884928061549 0 0 0.00184507215109636 0.00266526510155487 0 0 0 0.993727686190791
  2 48 11 2 100 0 0.000124324182119496 0 0.000154213966130194 0 0 0.000118971107524326 0.00124010354240225 0 0 0 0.998362387201824
  2 48 11 3 100 0 0.000501948806846926 0 0.00175635414803252 0 0 0.00238504159940333 0.00513242048585269 0 0 0 0.990224234959865
  2 48 11 4 100 0 0.000401441482055892 0 0.00262531358650792 0 0 0.00271463001134727 0.0041710996285033 0 0 0 0.990087515291586
  2 48 11 5 100 0 0.000224240356153135 0 0.00145681359398199 0 0 0.00159506661406757 0.00240592071729701 0 0 0 0.9943179587185
  2 49 11 2 100 0 0.000332257232904585 0 9.25280279283091e-05 0 0 1.00889462053537e-05 0.00121137893004362 0 0 0 0.998353746862918
  2 49 11 3 100 0 0.00137839318088983 0 0.00212736564919616 0 0 0.00193018865724449 0.00506712070204352 0 0 0 0.989496931810626
  2 49 11 4 100 0 0.0011202147242972 0 0.00293821068553771 0 0 0.0027409362119579 0.00413483526401466 0 0 0 0.989065803114193
  2 49 11 5 100 0 0.000640139465153617 0 0.00164911930206642 0 0 0.00163981430380873 0.00239443868549952 0 0 0 0.993676488243472
  2 50 11 2 100 0 0.000157643017470387 0 7.7738502862942e-05 0 0 0.00011230145892853 0.00125509087202816 0 0 0 0.99839722614871
  2 50 11 3 100 0 0.000617001236038774 0 0.0022223669122505 0 0 0.0022405246738962 0.00499241575756663 0 0 0 0.989927691420248
  2 50 11 4 100 0 0.000492293738786178 0 0.00285800216407182 0 0 0.00242619785637444 0.00407644948027842 0 0 0 0.990147056760489
  2 50 11 5 100 0 0.000274752433062828 0 0.00157468830801024 0 0 0.00146286186893404 0.00235517182579828 0 0 0 0.994332525564195
  2 51 11 2 100 0 0.00032843801665482 0 2.56623779583678e-05 0 0 0.000146291237499859 0.00149315349150163 0 0 0 0.998006454876385
  2 51 11 3 100 0 0.00126288196216274 0 0.00194098348099824 0 0 0.0028620274059431 0.00576441890196922 0 0 0 0.988169688248927
  2 51 11 4 100 0 0.0010102428618948 0 0.00265485547176492 0 0 0.00301869468179547 0.0046241406937238 0 0 0 0.988692066290821
  2 51 11 5 100 0 0.000572888196451972 0 0.00145782275485582 0 0 0.00181537926362518 0.00264195006158722 0 0 0 0.99351195972348
  2 52 11 2 100 0 0.000128400933852667 0 3.25358846529859e-05 0 0 0.000107761587794696 0.00173699657181171 0 0 0 0.997994305021888
  2 52 11 3 100 0 0.000506082602283144 0 0.00190477302316726 0 0 0.00216964548297061 0.00702096684723693 0 0 0 0.988398532044342
  2 52 11 4 100 0 0.000402987607523541 0 0.0025535605466751 0 0 0.00231129501793221 0.00572709124658562 0 0 0 0.989005065581284
  2 52 11 5 100 0 0.00021881598196383 0 0.00136583530733645 0 0 0.00134460125941439 0.00320249980830869 0 0 0 0.993868247642977
  2 53 11 2 100 0 0.000113873537166108 0 3.04098536286232e-05 0 0 8.67259005189194e-06 0.00149812455906711 0 0 0 0.998348919460086
  2 53 11 3 100 0 0.000463310551993991 0 0.00170908135910694 0 0 0.00190217508739236 0.00616615347839303 0 0 0 0.989759279523114
  2 53 11 4 100 0 0.000372516960186645 0 0.00249594631592107 0 0 0.00265558563988774 0.0050767129828546 0 0 0 0.98939923810115
  2 53 11 5 100 0 0.000208714316855899 0 0.00141947919148119 0 0 0.00155201655487256 0.00289967336306703 0 0 0 0.993920116573723
  2 54 11 2 100 0 0.000162854288572282 0 2.30628210026615e-05 0 0 8.10752199685516e-06 0.00180979911497644 0 0 0 0.997996176253452
  2 54 11 3 100 0 0.000666311342192903 0 0.00123320509893283 0 0 0.00176946465282976 0.00755202616474085 0 0 0 0.988778992741304
  2 54 11 4 100 0 0.000535740591682397 0 0.00232782747310893 0 0 0.00248039481767827 0.00626228287600101 0 0 0 0.988393754241529
  2 54 11 5 100 0 0.000305793025439729 0 0.00135585178169999 0 0 0.00146290442050135 0.00363502657949047 0 0 0 0.993240424192869
  2 55 11 2 100 0 0.000212274874203186 0 2.53315568392413e-05 0 0 9.88922879407106e-05 0.002126143532207 0 0 0 0.99753735774881
  2 55 11 3 100 0 0.000896416520208104 0 0.00119111672095556 0 0 0.00201324029609826 0.0089649890297817 0 0 0 0.986934237432956
  2 55 11 4 100 0 0.000733900263021958 0 0.00220807664009855 0 0 0.00219645948805321 0.00741305692163565 0 0 0 0.987448506687191
  2 55 11 5 100 0 0.000401837357286461 0 0.00124465021114127 0 0 0.00127898832858238 0.00416058600919012 0 0 0 0.9929139380938
  2 56 11 2 100 0 0.000226747583237006 0 2.54775857013425e-05 0 0 0.000153992533999272 0.00248830767749473 0 0 0 0.997105474619568
  2 56 11 3 100 0 0.000932865883657852 0 0.00110184819593015 0 0 0.00306175083911476 0.0104917669055589 0 0 0 0.984411768175738
  2 56 11 4 100 0 0.000760872888492662 0 0.00204733145682077 0 0 0.00340109360371863 0.00877149163581727 0 0 0 0.985019210415151
  2 56 11 5 100 0 0.00043612014835889 0 0.00118684873983403 0 0 0.00205108600945906 0.00509959553482917 0 0 0 0.991226349567519
  2 57 11 2 100 0 0.000258838892920424 0 5.76262160653173e-05 0 0 0.000107217280720664 0.00112650440117568 0 0 0 0.998449813209118
  2 57 11 3 100 0 0.00105128812402758 0 0.00123407389033436 0 0 0.00220519435614119 0.00468117799567762 0 0 0 0.990828265633819
  2 57 11 4 100 0 0.000860673696804129 0 0.00203598326220207 0 0 0.00248761392757384 0.00392163295405257 0 0 0 0.990694096159367
  2 57 11 5 100 0 0.00049073582005972 0 0.00118013710106621 0 0 0.00145328099866877 0.00228807718752486 0 0 0 0.99458776889268
  2 58 11 2 100 0 0.000238228039702411 0 0.000153569383715653 0 0 0.000144520731897399 0.001441415252561 0 0 0 0.998022266592124
  2 58 11 3 100 0 0.000959888796122161 0 0.00160736355927775 0 0 0.00294561645738026 0.00598799676570433 0 0 0 0.988499134421515
  2 58 11 4 100 0 0.000786755768160006 0 0.00223170099751239 0 0 0.00337990617059244 0.00505149183255347 0 0 0 0.988550145231182
  2 58 11 5 100 0 0.000449918150432805 0 0.00127764301328438 0 0 0.0020039749547699 0.00296236383930026 0 0 0 0.993306100042213
  2 59 11 2 100 0 0.000201798472115886 0 0.000294026133802471 0 0 0.00010477274052106 0.00114761711053438 0 0 0 0.998251785543026
  2 59 11 3 100 0 0.00081520921754064 0 0.00180898726051097 0 0 0.00216747941800675 0.00481688144553269 0 0 0 0.990391442658409
  2 59 11 4 100 0 0.00064748610725554 0 0.00231132962685746 0 0 0.00247274520917 0.00403637401114265 0 0 0 0.990532065045574
  2 59 11 5 100 0 0.000363754348861864 0 0.00138612350869831 0 0 0.00145629802878212 0.00236957657922606 0 0 0 0.994424247534432
  2 60 11 2 100 0 0.000197571149794077 0 0.00014922798194931 0 0 0.000124541992933158 0.0012310016949167 0 0 0 0.998297657180407
  2 60 11 3 100 0 0.000777460190624384 0 0.00225798293815603 0 0 0.00252462144242727 0.00501090540586711 0 0 0 0.989429030022925
  2 60 11 4 100 0 0.000631101458438829 0 0.00276633084671969 0 0 0.0029061631922754 0.00415885932630316 0 0 0 0.989537545176263
  2 60 11 5 100 0 0.000368313729309596 0 0.00165189752345031 0 0 0.00174205285747573 0.00245359499415093 0 0 0 0.993784140895613
  2 61 11 2 100 0 0.00018362587061321 0 0.000109046719950854 0 0 0.00012544255376087 0.000975635253249894 0 0 0 0.998606249602425
  2 61 11 3 100 0 0.000708971570879964 0 0.00238616580180035 0 0 0.00251098806577374 0.00389060759495934 0 0 0 0.990503266966587
  2 61 11 4 100 0 0.000573679547753751 0 0.00277826818546633 0 0 0.00287914918580043 0.00322826868937211 0 0 0 0.990540634391607
  2 61 11 5 100 0 0.00033205329303462 0 0.0016116531888664 0 0 0.00173686009724188 0.00190666091400079 0 0 0 0.994412772506856
  2 62 11 2 100 0 0.000428928239820845 0 2.2937415682387e-05 0 0 0.000127087534729203 0.00227213034213133 0 0 0 0.997148916467636
  2 62 11 3 100 0 0.00170847792133715 0 0.002036506715238 0 0 0.00250756713329668 0.00915926268395523 0 0 0 0.984588185546173
  2 62 11 4 100 0 0.00139368686913468 0 0.0026436918068484 0 0 0.00279851020789409 0.00756970977275711 0 0 0 0.985594401343366
  2 62 11 5 100 0 0.000791881691074294 0 0.00147607225248996 0 0 0.00163734671518241 0.00436441532405274 0 0 0 0.991730284017201
  2 63 11 2 100 0 0.000244027597493643 0 2.27611372234474e-05 0 0 0.00012293560114458 0.00107623389160948 0 0 0 0.998534041772529
  2 63 11 3 100 0 0.000942088016757855 0 0.00207424768806872 0 0 0.00238698859666701 0.00422058410164228 0 0 0 0.990376091596864
  2 63 11 4 100 0 0.0007582136593184 0 0.00265466685961909 0 0 0.00270424056758528 0.00346873209753272 0 0 0 0.990414146815945
  2 63 11 5 100 0 0.000429746635571095 0 0.00148837780630015 0 0 0.00159194978459689 0.00199580706437325 0 0 0 0.994494118709159
  2 64 11 2 100 0 0.000150542976548799 0 2.15685499277409e-05 0 0 0.000111930398035047 0.00146023895480035 0 0 0 0.998255719120688
  2 64 11 3 100 0 0.000594678838668429 0 0.00197857349637495 0 0 0.00223102710604138 0.00582505414678077 0 0 0 0.989370666412134
  2 64 11 4 100 0 0.000477489029258575 0 0.00252235329559889 0 0 0.00250408044316406 0.00476738858637712 0 0 0 0.989728688645601
  2 64 11 5 100 0 0.000269693261311287 0 0.00140885268615585 0 0 0.00146577586121676 0.00274596319807016 0 0 0 0.994109714993246
  2 65 11 2 100 0 0.000167092228845186 0 1.79267021568379e-05 0 0 0.00011777258190959 0.0017753754902733 0 0 0 0.997921832996815
  2 65 11 3 100 0 0.000680803559474329 0 0.00134829186974044 0 0 0.00242362917726011 0.00731608150707563 0 0 0 0.98823119388645
  2 65 11 4 100 0 0.000551855222446867 0 0.00237147773343395 0 0 0.00274297780773173 0.00605010364130493 0 0 0 0.988283585595083
  2 65 11 5 100 0 0.000312777118429517 0 0.00135261216189809 0 0 0.00163013473980459 0.00351534203255982 0 0 0 0.993189133947308
  2 66 11 2 100 0 0.000244071081349054 0 2.19566561075442e-05 0 0 0.000104725113818282 0.00241670617407312 0 0 0 0.997212540974652
  2 66 11 3 100 0 0.00103238310641143 0 0.0012037663988992 0 0 0.002143210912208 0.0102499098050512 0 0 0 0.98537072977743
  2 66 11 4 100 0 0.000849192218644648 0 0.00211224162860737 0 0 0.00242833620604024 0.00853451585119971 0 0 0 0.986075714095508
  2 66 11 5 100 0 0.000489990905737701 0 0.00123077177826392 0 0 0.00144010498431171 0.00498040482756897 0 0 0 0.991858727504118
  2 67 11 2 100 0 0.000235743987302345 0 2.45744837182166e-05 0 0 0.000139444643445139 0.00221341401041186 0 0 0 0.997386822875122
  2 67 11 3 100 0 0.000974104434591478 0 0.00107756402998857 0 0 0.00285844277356697 0.00934356780528058 0 0 0 0.985746320956572
  2 67 11 4 100 0 0.00079949920516194 0 0.00176890283980032 0 0 0.00324932699395795 0.00777347755119384 0 0 0 0.986408793409886
  2 67 11 5 100 0 0.000455430292068932 0 0.000995084906623136 0 0 0.00191989864428867 0.0045007033210133 0 0 0 0.992128882836006
  2 68 11 2 100 0 0.000241932277888544 0 2.39155890631917e-05 0 0 0.000107314508714776 0.00168866604991007 0 0 0 0.997938171574423
  2 68 11 3 100 0 0.00101910004983825 0 0.000993801746151061 0 0 0.00231911316040664 0.00729754371038767 0 0 0 0.988370441333216
  2 68 11 4 100 0 0.000820833184451386 0 0.00157615309753894 0 0 0.00255536107326902 0.00603936025028388 0 0 0 0.989008292394457
  2 68 11 5 100 0 0.000456292088211978 0 0.000861161079798368 0 0 0.00145429813429444 0.00342985469983256 0 0 0 0.993798393997863
  2 69 11 2 100 0 0.000178279838918508 0 2.75887585472441e-05 0 0 1.15286644166367e-05 0.000917292809473701 0 0 0 0.998865309928644
  2 69 11 3 100 0 0.00072520740058549 0 0.00100107032245664 0 0 0.00250030040675844 0.00382971227439283 0 0 0 0.991943709595807
  2 69 11 4 100 0 0.000581274499100237 0 0.00151296121930032 0 0 0.00351363940421493 0.00318719958524247 0 0 0 0.991204925292142
  2 69 11 5 100 0 0.000340710923792977 0 0.000870016024674706 0 0 0.00212385075685209 0.00190705381435763 0 0 0 0.994758368480323
  2 70 11 2 100 0 0.000142165799349183 0 2.43767038785943e-05 0 0 8.37433264526141e-06 0.00087199390276172 0 0 0 0.998953089261365
  2 70 11 3 100 0 0.000598921066004866 0 0.000687208602538288 0 0 0.00182251505799769 0.00380764477395469 0 0 0 0.993083710499505
  2 70 11 4 100 0 0.000476355967150744 0 0.00120980380872583 0 0 0.00251356667154738 0.00317985047372927 0 0 0 0.992620423078847
  2 70 11 5 100 0 0.000267103817946462 0 0.000709429219424074 0 0 0.00146223092155955 0.00185059741054316 0 0 0 0.995710638630527
  2 71 11 2 100 0 0.000238944756515235 0 2.07158559681127e-05 0 0 0.000135467877641958 0.00101966535314762 0 0 0 0.998585206156727
  2 71 11 3 100 0 0.00100204410666445 0 0.000626172151187004 0 0 0.00288519338015417 0.00438076394732848 0 0 0 0.991105826414666
  2 71 11 4 100 0 0.000816385162656708 0 0.0011072100167556 0 0 0.00328764359899512 0.00366935086846851 0 0 0 0.991119410353124
  2 71 11 5 100 0 0.00047094792358882 0 0.000663139369701171 0 0 0.00195253766862042 0.00215689232856191 0 0 0 0.994756482709528
  2 72 11 2 100 0 0.000345823985280582 0 1.89969127789252e-05 0 0 0.000106630444315313 0.00118438763551646 0 0 0 0.998344161022109
  2 72 11 3 100 0 0.00150237080815888 0 0.00059459010562874 0 0 0.002288599738081 0.00513654307683997 0 0 0 0.990477896271291
  2 72 11 4 100 0 0.00123587216845374 0 0.00101866284246575 0 0 0.00251697587004623 0.00432054939388853 0 0 0 0.990907939725146
  2 72 11 5 100 0 0.000701638983221185 0 0.000603037117709259 0 0 0.0015027250162067 0.00251005343745222 0 0 0 0.994682545445411
  2 73 11 2 100 0 0.000145521674386254 0 1.75047356354026e-05 0 0 8.67705365414111e-06 0.000919802525358151 0 0 0 0.998908494010966
  2 73 11 3 100 0 0.000619566733886518 0 0.000553865754293162 0 0 0.00190453998226641 0.0040547298177037 0 0 0 0.99286729771185
  2 73 11 4 100 0 0.000498255817483686 0 0.000934450698128655 0 0 0.00269621791493963 0.00342302749060658 0 0 0 0.992448048078841
  2 73 11 5 100 0 0.000287087391191 0 0.000553021147256304 0 0 0.00158791471236874 0.0020213490579067 0 0 0 0.995550627691277
  2 74 11 2 100 0 0.000308144956046524 0 1.91319595025852e-05 0 0 0.00012393275982963 0.00148520533467367 0 0 0 0.998063584989948
  2 74 11 3 100 0 0.00130336837639699 0 0.00054231469306406 0 0 0.00258382903983985 0.00635995323045553 0 0 0 0.989210534660244
  2 74 11 4 100 0 0.00108458066842391 0 0.000904899366060882 0 0 0.00298173243665814 0.00537599559087117 0 0 0 0.989652791937986
  2 74 11 5 100 0 0.000631744923678706 0 0.000534016132941498 0 0 0.00177550645237611 0.00315843584699299 0 0 0 0.993900296644011
  2 75 11 2 100 0 0.000224891640291212 0 1.73334093928246e-05 0 0 0.000106920165804176 0.00181939600004209 0 0 0 0.99783145878447
  2 75 11 3 100 0 0.000913896854663392 0 0.000444377900491257 0 0 0.00220439837196714 0.00759404055414821 0 0 0 0.98884328631873
  2 75 11 4 100 0 0.000741652529772446 0 0.000771183006740623 0 0 0.00251452330042154 0.0063242479079055 0 0 0 0.98964839325516
  2 75 11 5 100 0 0.000423708334240417 0 0.000462443352436003 0 0 0.00148906784923327 0.00369007520727403 0 0 0 0.993934705256816
  2 76 11 2 100 0 0.000126864749803238 0 1.61453706767028e-05 0 0 0.000111281159635873 0.00177661281229056 0 0 0 0.997969095907594
  2 76 11 3 100 0 0.000520132281323256 0 0.000355552791843602 0 0 0.00228478118223059 0.00735829950915946 0 0 0 0.989481234235443
  2 76 11 4 100 0 0.000427808488343409 0 0.000625817172772447 0 0 0.00261992339906472 0.00617674131268372 0 0 0 0.990149709627136
  2 76 11 5 100 0 0.000247511381786631 0 0.000398720841934259 0 0 0.0015728155087047 0.00364241633027993 0 0 0 0.994138535937295
  2 77 11 2 100 0 0.000131894828413889 0 1.52326314333797e-05 0 0 9.45001886799023e-05 0.00176740817466967 0 0 0 0.997990964176803
  2 77 11 3 100 0 0.000546344393981778 0 0.000364927198435528 0 0 0.0019705965253832 0.00742746835578568 0 0 0 0.989690663526414
  2 77 11 4 100 0 0.000445673054424133 0 0.000563014265329621 0 0 0.00225292799438835 0.00620960217386482 0 0 0 0.990528782511993
  2 77 11 5 100 0 0.000255365124462148 0 0.000347021918807619 0 0 0.00133452202249073 0.00363268259289331 0 0 0 0.994430408341346
  2 78 11 2 100 0 0.000156064650894449 0 1.77873591184334e-05 0 0 7.51316865993911e-06 0.0024829420772772 0 0 0 0.99733569274405
  2 78 11 3 100 0 0.000654664899829872 0 0.000357181672384174 0 0 0.00163033742258589 0.0105158514818921 0 0 0 0.986841964523308
  2 78 11 4 100 0 0.000532936609928774 0 0.000483609116333393 0 0 0.00238103360625076 0.00871302798250702 0 0 0 0.98788939268498
  2 78 11 5 100 0 0.000310989076641926 0 0.000280792880986111 0 0 0.00143485080488668 0.00514346985581375 0 0 0 0.992829897381671
  2 79 11 2 100 0 0.000178076172996711 0 1.78458923522016e-05 0 0 0.000108844019386401 0.0029659117765682 0 0 0 0.996729322138696
  2 79 11 3 100 0 0.000729090566978329 0 0.000370696747288645 0 0 0.00223418756944922 0.0121787506100019 0 0 0 0.984487274506282
  2 79 11 4 100 0 0.000606899501734075 0 0.000489177078310057 0 0 0.00258212703450042 0.0101833690041441 0 0 0 0.986138427381311
  2 79 11 5 100 0 0.000349940463132058 0 0.000280637115134091 0 0 0.00154408962374323 0.00597947284484452 0 0 0 0.991845859953146
  2 80 11 2 100 0 0.000163973593048268 0 1.8532155825624e-05 0 0 0.000111053122178627 0.00249785017173233 0 0 0 0.997208590957215
  2 80 11 3 100 0 0.00066738173370697 0 0.000351994920748846 0 0 0.00228905060654826 0.0103981990770233 0 0 0 0.986293373661973
  2 80 11 4 100 0 0.000538617305386335 0 0.000449574793908673 0 0 0.00256083143145195 0.00859880398509813 0 0 0 0.987852172484155
  2 80 11 5 100 0 0.000305805697346469 0 0.00025231861778943 0 0 0.00149826100147594 0.00497360958654209 0 0 0 0.992970005096846
  2 81 11 2 100 0 0.000117380364639122 0 2.12265139426443e-05 0 0 7.89791917527867e-06 0.00146113370340582 0 0 0 0.998392361498837
  2 81 11 3 100 0 0.000464783999019572 0 0.00038111170479017 0 0 0.00168514002393982 0.00606221412249752 0 0 0 0.991406750149753
  2 81 11 4 100 0 0.000367904784648487 0 0.000482282476731687 0 0 0.0023630027374692 0.00502614097136071 0 0 0 0.99176066902979
  2 81 11 5 100 0 0.000207903969749043 0 0.000273562958631487 0 0 0.00138548364260456 0.00292947070169741 0 0 0 0.995203578727317
# end survey diet proportion observations 
#  
