# This file was created using create_datpin_files.R function write_DatFile
      #and used all inputs from csv files found in folder:
      #hydradata/data-raw
# init_int debug
  0
# init_int Nyrs
  81
# init_int Nspecies
  11
# init_int Nsizebins
  10
# init_int Nareas
  1
# init_int Nfleets
  2
# init_int Nsurveys (e.g. NEFSC spring, NEFSC fall, NEAMAP, etc)
  2
# init_number wtconv
  1
## Time series data file
  NOBA-input/hydra_sim_NOBA_new10bin-ts.dat
#
# List of Species in Model
# Blue_whiting
# Capelin
# Green_halibut
# Haddock
# Long_rough_dab
# Mackerel
# North_atl_cod
# Norwegian_ssh
# Polar_cod
# Redfish
# Saithe
#
# init_matrix binwidth(1,Nspecies,1,Nsizebins)
 	20	3	3	3	3	3	3	3	3	9
 	7	2	2	2	2	2	2	2	2	5
 	84	12	12	12	12	12	12	12	12	26
 	45	8	8	8	8	8	8	8	8	28
 	18	5	5	5	5	5	5	5	5	15
 	24	5	5	5	5	5	5	5	5	10
 	52	8	8	8	8	8	8	8	8	22
 	17	3	3	3	3	3	3	3	3	11
 	15	2	2	2	2	2	2	2	2	5
 	14	3	3	3	3	3	3	3	3	7
 	56	13	13	13	13	13	13	13	13	36
# init_vector lenwt_a(1,Nspecies)
  0.0082 0.00033 0.0019 0.012 0.0044 0.0038 0.009 0.0232 0.00033 0.0085 0.0103
# init_vector lenwt_b(1,Nspecies)
  2.9 3.98 3.01 2.95 3.204 3.21 3 2.81 3.98 3.21 2.963
# init_int Nrecruitment_cov
  1
#  init_int Nmaturity_cov 
  1
#  init_int Ngrowth_cov
  1
#  init_matrix recruitment_cov(1,Nrecruitment_cov,1,Nyrs)
  1 1 1 1 1 1 1 1 1 1 1 1 1 1 1 1 1 1 1 1 1 1 1 1 1 1 1 1 1 1 1 1 1 1 1 1 1 1 1 1 1 1 1 1 1 1 1 1 1 1 1 1 1 1 1 1 1 1 1 1 1 1 1 1 1 1 1 1 1 1 1 1 1 1 1 1 1 1 1 1 1
#  init_matrix maturity_cov(1,Nmaturity_cov,1,Nyrs)
  1 1 1 1 1 1 1 1 1 1 1 1 1 1 1 1 1 1 1 1 1 1 1 1 1 1 1 1 1 1 1 1 1 1 1 1 1 1 1 1 1 1 1 1 1 1 1 1 1 1 1 1 1 1 1 1 1 1 1 1 1 1 1 1 1 1 1 1 1 1 1 1 1 1 1 1 1 1 1 1 1
#  init_matrix growth_cov(1,Ngrowth_cov,1,Nyrs)
  1 1 1 1 1 1 1 1 1 1 1 1 1 1 1 1 1 1 1 1 1 1 1 1 1 1 1 1 1 1 1 1 1 1 1 1 1 1 1 1 1 1 1 1 1 1 1 1 1 1 1 1 1 1 1 1 1 1 1 1 1 1 1 1 1 1 1 1 1 1 1 1 1 1 1 1 1 1 1 1 1
#  init_3darray obs_effort(1,Nareas,1,Nfleets,1,Nyrs)  
# fleet types allbutcod codfleet
#  Observed effort. No assessment
  1 1 1 1 1 1 1 1 1 1 1 1 1 1 1 1 1 1 1 1 1 1 1 1 1 1 1 1 1 1 1 1 1 1 1 1 1 1 1 1 1 1 1 1 1 1 1 1 1 1 1 1 1 1 1 1 1 1 1 1 1 1 1 1 1 1 1 1 1 1 1 1 1 1 1 1 1 1 1 1 1
  1 1 1 1 1 1 1 1 1 1 1 1 1 1 1 1 1 1 1 1 1 1 1 1 1 1 1 1 1 1 1 1 1 1 1 1 1 1 1 1 1 1 1 1 1 1 1 1 1 1 1 1 1 1 1 1 1 1 1 1 1 1 1 1 1 1 1 1 1 1 1 1 1 1 1 1 1 1 1 1 1
#  init_4darray area1_stomwt(1,Nareas,1,Nspecies,1,Nyrs,Nsizebins)   
#  read in mean stomach content weight time series from .dat file for intake calculation   
#  Blue_whiting
  2.76719063683052 3.72909068515928 5.38260284664629 5.65092223610787 5.24792732538362 4.93858951475333 4.83858158457116 4.86610320615738 4.93472544427147 5.09927839589763
  2.76719063683052 3.72909068515928 5.38260284664629 5.65092223610787 5.24792732538362 4.93858951475333 4.83858158457116 4.86610320615738 4.93472544427147 5.09927839589763
  2.76719063683052 3.72909068515928 5.38260284664629 5.65092223610787 5.24792732538362 4.93858951475333 4.83858158457116 4.86610320615738 4.93472544427147 5.09927839589763
  2.76719063683052 3.72909068515928 5.38260284664629 5.65092223610787 5.24792732538362 4.93858951475333 4.83858158457116 4.86610320615738 4.93472544427147 5.09927839589763
  2.76719063683052 3.72909068515928 5.38260284664629 5.65092223610787 5.24792732538362 4.93858951475333 4.83858158457116 4.86610320615738 4.93472544427147 5.09927839589763
  2.76719063683052 3.72909068515928 5.38260284664629 5.65092223610787 5.24792732538362 4.93858951475333 4.83858158457116 4.86610320615738 4.93472544427147 5.09927839589763
  2.76719063683052 3.72909068515928 5.38260284664629 5.65092223610787 5.24792732538362 4.93858951475333 4.83858158457116 4.86610320615738 4.93472544427147 5.09927839589763
  2.76719063683052 3.72909068515928 5.38260284664629 5.65092223610787 5.24792732538362 4.93858951475333 4.83858158457116 4.86610320615738 4.93472544427147 5.09927839589763
  2.76719063683052 3.72909068515928 5.38260284664629 5.65092223610787 5.24792732538362 4.93858951475333 4.83858158457116 4.86610320615738 4.93472544427147 5.09927839589763
  2.76719063683052 3.72909068515928 5.38260284664629 5.65092223610787 5.24792732538362 4.93858951475333 4.83858158457116 4.86610320615738 4.93472544427147 5.09927839589763
  2.76719063683052 3.72909068515928 5.38260284664629 5.65092223610787 5.24792732538362 4.93858951475333 4.83858158457116 4.86610320615738 4.93472544427147 5.09927839589763
  2.76719063683052 3.72909068515928 5.38260284664629 5.65092223610787 5.24792732538362 4.93858951475333 4.83858158457116 4.86610320615738 4.93472544427147 5.09927839589763
  2.76719063683052 3.72909068515928 5.38260284664629 5.65092223610787 5.24792732538362 4.93858951475333 4.83858158457116 4.86610320615738 4.93472544427147 5.09927839589763
  2.76719063683052 3.72909068515928 5.38260284664629 5.65092223610787 5.24792732538362 4.93858951475333 4.83858158457116 4.86610320615738 4.93472544427147 5.09927839589763
  2.76719063683052 3.72909068515928 5.38260284664629 5.65092223610787 5.24792732538362 4.93858951475333 4.83858158457116 4.86610320615738 4.93472544427147 5.09927839589763
  2.76719063683052 3.72909068515928 5.38260284664629 5.65092223610787 5.24792732538362 4.93858951475333 4.83858158457116 4.86610320615738 4.93472544427147 5.09927839589763
  2.76719063683052 3.72909068515928 5.38260284664629 5.65092223610787 5.24792732538362 4.93858951475333 4.83858158457116 4.86610320615738 4.93472544427147 5.09927839589763
  2.76719063683052 3.72909068515928 5.38260284664629 5.65092223610787 5.24792732538362 4.93858951475333 4.83858158457116 4.86610320615738 4.93472544427147 5.09927839589763
  2.76719063683052 3.72909068515928 5.38260284664629 5.65092223610787 5.24792732538362 4.93858951475333 4.83858158457116 4.86610320615738 4.93472544427147 5.09927839589763
  2.76719063683052 3.72909068515928 5.38260284664629 5.65092223610787 5.24792732538362 4.93858951475333 4.83858158457116 4.86610320615738 4.93472544427147 5.09927839589763
  2.76719063683052 3.72909068515928 5.38260284664629 5.65092223610787 5.24792732538362 4.93858951475333 4.83858158457116 4.86610320615738 4.93472544427147 5.09927839589763
  2.76719063683052 3.72909068515928 5.38260284664629 5.65092223610787 5.24792732538362 4.93858951475333 4.83858158457116 4.86610320615738 4.93472544427147 5.09927839589763
  2.76719063683052 3.72909068515928 5.38260284664629 5.65092223610787 5.24792732538362 4.93858951475333 4.83858158457116 4.86610320615738 4.93472544427147 5.09927839589763
  2.76719063683052 3.72909068515928 5.38260284664629 5.65092223610787 5.24792732538362 4.93858951475333 4.83858158457116 4.86610320615738 4.93472544427147 5.09927839589763
  2.76719063683052 3.72909068515928 5.38260284664629 5.65092223610787 5.24792732538362 4.93858951475333 4.83858158457116 4.86610320615738 4.93472544427147 5.09927839589763
  2.76719063683052 3.72909068515928 5.38260284664629 5.65092223610787 5.24792732538362 4.93858951475333 4.83858158457116 4.86610320615738 4.93472544427147 5.09927839589763
  2.76719063683052 3.72909068515928 5.38260284664629 5.65092223610787 5.24792732538362 4.93858951475333 4.83858158457116 4.86610320615738 4.93472544427147 5.09927839589763
  2.76719063683052 3.72909068515928 5.38260284664629 5.65092223610787 5.24792732538362 4.93858951475333 4.83858158457116 4.86610320615738 4.93472544427147 5.09927839589763
  2.76719063683052 3.72909068515928 5.38260284664629 5.65092223610787 5.24792732538362 4.93858951475333 4.83858158457116 4.86610320615738 4.93472544427147 5.09927839589763
  2.76719063683052 3.72909068515928 5.38260284664629 5.65092223610787 5.24792732538362 4.93858951475333 4.83858158457116 4.86610320615738 4.93472544427147 5.09927839589763
  2.76719063683052 3.72909068515928 5.38260284664629 5.65092223610787 5.24792732538362 4.93858951475333 4.83858158457116 4.86610320615738 4.93472544427147 5.09927839589763
  2.76719063683052 3.72909068515928 5.38260284664629 5.65092223610787 5.24792732538362 4.93858951475333 4.83858158457116 4.86610320615738 4.93472544427147 5.09927839589763
  2.76719063683052 3.72909068515928 5.38260284664629 5.65092223610787 5.24792732538362 4.93858951475333 4.83858158457116 4.86610320615738 4.93472544427147 5.09927839589763
  2.76719063683052 3.72909068515928 5.38260284664629 5.65092223610787 5.24792732538362 4.93858951475333 4.83858158457116 4.86610320615738 4.93472544427147 5.09927839589763
  2.76719063683052 3.72909068515928 5.38260284664629 5.65092223610787 5.24792732538362 4.93858951475333 4.83858158457116 4.86610320615738 4.93472544427147 5.09927839589763
  2.76719063683052 3.72909068515928 5.38260284664629 5.65092223610787 5.24792732538362 4.93858951475333 4.83858158457116 4.86610320615738 4.93472544427147 5.09927839589763
  2.76719063683052 3.72909068515928 5.38260284664629 5.65092223610787 5.24792732538362 4.93858951475333 4.83858158457116 4.86610320615738 4.93472544427147 5.09927839589763
  2.76719063683052 3.72909068515928 5.38260284664629 5.65092223610787 5.24792732538362 4.93858951475333 4.83858158457116 4.86610320615738 4.93472544427147 5.09927839589763
  2.76719063683052 3.72909068515928 5.38260284664629 5.65092223610787 5.24792732538362 4.93858951475333 4.83858158457116 4.86610320615738 4.93472544427147 5.09927839589763
  2.76719063683052 3.72909068515928 5.38260284664629 5.65092223610787 5.24792732538362 4.93858951475333 4.83858158457116 4.86610320615738 4.93472544427147 5.09927839589763
  2.76719063683052 3.72909068515928 5.38260284664629 5.65092223610787 5.24792732538362 4.93858951475333 4.83858158457116 4.86610320615738 4.93472544427147 5.09927839589763
  2.76719063683052 3.72909068515928 5.38260284664629 5.65092223610787 5.24792732538362 4.93858951475333 4.83858158457116 4.86610320615738 4.93472544427147 5.09927839589763
  2.76719063683052 3.72909068515928 5.38260284664629 5.65092223610787 5.24792732538362 4.93858951475333 4.83858158457116 4.86610320615738 4.93472544427147 5.09927839589763
  2.76719063683052 3.72909068515928 5.38260284664629 5.65092223610787 5.24792732538362 4.93858951475333 4.83858158457116 4.86610320615738 4.93472544427147 5.09927839589763
  2.76719063683052 3.72909068515928 5.38260284664629 5.65092223610787 5.24792732538362 4.93858951475333 4.83858158457116 4.86610320615738 4.93472544427147 5.09927839589763
  2.76719063683052 3.72909068515928 5.38260284664629 5.65092223610787 5.24792732538362 4.93858951475333 4.83858158457116 4.86610320615738 4.93472544427147 5.09927839589763
  2.76719063683052 3.72909068515928 5.38260284664629 5.65092223610787 5.24792732538362 4.93858951475333 4.83858158457116 4.86610320615738 4.93472544427147 5.09927839589763
  2.76719063683052 3.72909068515928 5.38260284664629 5.65092223610787 5.24792732538362 4.93858951475333 4.83858158457116 4.86610320615738 4.93472544427147 5.09927839589763
  2.76719063683052 3.72909068515928 5.38260284664629 5.65092223610787 5.24792732538362 4.93858951475333 4.83858158457116 4.86610320615738 4.93472544427147 5.09927839589763
  2.76719063683052 3.72909068515928 5.38260284664629 5.65092223610787 5.24792732538362 4.93858951475333 4.83858158457116 4.86610320615738 4.93472544427147 5.09927839589763
  2.76719063683052 3.72909068515928 5.38260284664629 5.65092223610787 5.24792732538362 4.93858951475333 4.83858158457116 4.86610320615738 4.93472544427147 5.09927839589763
  2.76719063683052 3.72909068515928 5.38260284664629 5.65092223610787 5.24792732538362 4.93858951475333 4.83858158457116 4.86610320615738 4.93472544427147 5.09927839589763
  2.76719063683052 3.72909068515928 5.38260284664629 5.65092223610787 5.24792732538362 4.93858951475333 4.83858158457116 4.86610320615738 4.93472544427147 5.09927839589763
  2.76719063683052 3.72909068515928 5.38260284664629 5.65092223610787 5.24792732538362 4.93858951475333 4.83858158457116 4.86610320615738 4.93472544427147 5.09927839589763
  2.76719063683052 3.72909068515928 5.38260284664629 5.65092223610787 5.24792732538362 4.93858951475333 4.83858158457116 4.86610320615738 4.93472544427147 5.09927839589763
  2.76719063683052 3.72909068515928 5.38260284664629 5.65092223610787 5.24792732538362 4.93858951475333 4.83858158457116 4.86610320615738 4.93472544427147 5.09927839589763
  2.76719063683052 3.72909068515928 5.38260284664629 5.65092223610787 5.24792732538362 4.93858951475333 4.83858158457116 4.86610320615738 4.93472544427147 5.09927839589763
  2.76719063683052 3.72909068515928 5.38260284664629 5.65092223610787 5.24792732538362 4.93858951475333 4.83858158457116 4.86610320615738 4.93472544427147 5.09927839589763
  2.76719063683052 3.72909068515928 5.38260284664629 5.65092223610787 5.24792732538362 4.93858951475333 4.83858158457116 4.86610320615738 4.93472544427147 5.09927839589763
  2.76719063683052 3.72909068515928 5.38260284664629 5.65092223610787 5.24792732538362 4.93858951475333 4.83858158457116 4.86610320615738 4.93472544427147 5.09927839589763
  2.76719063683052 3.72909068515928 5.38260284664629 5.65092223610787 5.24792732538362 4.93858951475333 4.83858158457116 4.86610320615738 4.93472544427147 5.09927839589763
  2.76719063683052 3.72909068515928 5.38260284664629 5.65092223610787 5.24792732538362 4.93858951475333 4.83858158457116 4.86610320615738 4.93472544427147 5.09927839589763
  2.76719063683052 3.72909068515928 5.38260284664629 5.65092223610787 5.24792732538362 4.93858951475333 4.83858158457116 4.86610320615738 4.93472544427147 5.09927839589763
  2.76719063683052 3.72909068515928 5.38260284664629 5.65092223610787 5.24792732538362 4.93858951475333 4.83858158457116 4.86610320615738 4.93472544427147 5.09927839589763
  2.76719063683052 3.72909068515928 5.38260284664629 5.65092223610787 5.24792732538362 4.93858951475333 4.83858158457116 4.86610320615738 4.93472544427147 5.09927839589763
  2.76719063683052 3.72909068515928 5.38260284664629 5.65092223610787 5.24792732538362 4.93858951475333 4.83858158457116 4.86610320615738 4.93472544427147 5.09927839589763
  2.76719063683052 3.72909068515928 5.38260284664629 5.65092223610787 5.24792732538362 4.93858951475333 4.83858158457116 4.86610320615738 4.93472544427147 5.09927839589763
  2.76719063683052 3.72909068515928 5.38260284664629 5.65092223610787 5.24792732538362 4.93858951475333 4.83858158457116 4.86610320615738 4.93472544427147 5.09927839589763
  2.76719063683052 3.72909068515928 5.38260284664629 5.65092223610787 5.24792732538362 4.93858951475333 4.83858158457116 4.86610320615738 4.93472544427147 5.09927839589763
  2.76719063683052 3.72909068515928 5.38260284664629 5.65092223610787 5.24792732538362 4.93858951475333 4.83858158457116 4.86610320615738 4.93472544427147 5.09927839589763
  2.76719063683052 3.72909068515928 5.38260284664629 5.65092223610787 5.24792732538362 4.93858951475333 4.83858158457116 4.86610320615738 4.93472544427147 5.09927839589763
  2.76719063683052 3.72909068515928 5.38260284664629 5.65092223610787 5.24792732538362 4.93858951475333 4.83858158457116 4.86610320615738 4.93472544427147 5.09927839589763
  2.76719063683052 3.72909068515928 5.38260284664629 5.65092223610787 5.24792732538362 4.93858951475333 4.83858158457116 4.86610320615738 4.93472544427147 5.09927839589763
  2.76719063683052 3.72909068515928 5.38260284664629 5.65092223610787 5.24792732538362 4.93858951475333 4.83858158457116 4.86610320615738 4.93472544427147 5.09927839589763
  2.76719063683052 3.72909068515928 5.38260284664629 5.65092223610787 5.24792732538362 4.93858951475333 4.83858158457116 4.86610320615738 4.93472544427147 5.09927839589763
  2.76719063683052 3.72909068515928 5.38260284664629 5.65092223610787 5.24792732538362 4.93858951475333 4.83858158457116 4.86610320615738 4.93472544427147 5.09927839589763
  2.76719063683052 3.72909068515928 5.38260284664629 5.65092223610787 5.24792732538362 4.93858951475333 4.83858158457116 4.86610320615738 4.93472544427147 5.09927839589763
  2.76719063683052 3.72909068515928 5.38260284664629 5.65092223610787 5.24792732538362 4.93858951475333 4.83858158457116 4.86610320615738 4.93472544427147 5.09927839589763
  2.76719063683052 3.72909068515928 5.38260284664629 5.65092223610787 5.24792732538362 4.93858951475333 4.83858158457116 4.86610320615738 4.93472544427147 5.09927839589763
  2.76719063683052 3.72909068515928 5.38260284664629 5.65092223610787 5.24792732538362 4.93858951475333 4.83858158457116 4.86610320615738 4.93472544427147 5.09927839589763
  2.76719063683052 3.72909068515928 5.38260284664629 5.65092223610787 5.24792732538362 4.93858951475333 4.83858158457116 4.86610320615738 4.93472544427147 5.09927839589763
#  Capelin
  0.156187629718971 0.156187629718971 0.155716280275005 0.155521359907878 0.152827346690659 0.13750111012861 0.123413831635217 0.120981351862494 0.120613704170655 0.117177212247864
  0.156187629718971 0.156187629718971 0.155716280275005 0.155521359907878 0.152827346690659 0.13750111012861 0.123413831635217 0.120981351862494 0.120613704170655 0.117177212247864
  0.156187629718971 0.156187629718971 0.155716280275005 0.155521359907878 0.152827346690659 0.13750111012861 0.123413831635217 0.120981351862494 0.120613704170655 0.117177212247864
  0.156187629718971 0.156187629718971 0.155716280275005 0.155521359907878 0.152827346690659 0.13750111012861 0.123413831635217 0.120981351862494 0.120613704170655 0.117177212247864
  0.156187629718971 0.156187629718971 0.155716280275005 0.155521359907878 0.152827346690659 0.13750111012861 0.123413831635217 0.120981351862494 0.120613704170655 0.117177212247864
  0.156187629718971 0.156187629718971 0.155716280275005 0.155521359907878 0.152827346690659 0.13750111012861 0.123413831635217 0.120981351862494 0.120613704170655 0.117177212247864
  0.156187629718971 0.156187629718971 0.155716280275005 0.155521359907878 0.152827346690659 0.13750111012861 0.123413831635217 0.120981351862494 0.120613704170655 0.117177212247864
  0.156187629718971 0.156187629718971 0.155716280275005 0.155521359907878 0.152827346690659 0.13750111012861 0.123413831635217 0.120981351862494 0.120613704170655 0.117177212247864
  0.156187629718971 0.156187629718971 0.155716280275005 0.155521359907878 0.152827346690659 0.13750111012861 0.123413831635217 0.120981351862494 0.120613704170655 0.117177212247864
  0.156187629718971 0.156187629718971 0.155716280275005 0.155521359907878 0.152827346690659 0.13750111012861 0.123413831635217 0.120981351862494 0.120613704170655 0.117177212247864
  0.156187629718971 0.156187629718971 0.155716280275005 0.155521359907878 0.152827346690659 0.13750111012861 0.123413831635217 0.120981351862494 0.120613704170655 0.117177212247864
  0.156187629718971 0.156187629718971 0.155716280275005 0.155521359907878 0.152827346690659 0.13750111012861 0.123413831635217 0.120981351862494 0.120613704170655 0.117177212247864
  0.156187629718971 0.156187629718971 0.155716280275005 0.155521359907878 0.152827346690659 0.13750111012861 0.123413831635217 0.120981351862494 0.120613704170655 0.117177212247864
  0.156187629718971 0.156187629718971 0.155716280275005 0.155521359907878 0.152827346690659 0.13750111012861 0.123413831635217 0.120981351862494 0.120613704170655 0.117177212247864
  0.156187629718971 0.156187629718971 0.155716280275005 0.155521359907878 0.152827346690659 0.13750111012861 0.123413831635217 0.120981351862494 0.120613704170655 0.117177212247864
  0.156187629718971 0.156187629718971 0.155716280275005 0.155521359907878 0.152827346690659 0.13750111012861 0.123413831635217 0.120981351862494 0.120613704170655 0.117177212247864
  0.156187629718971 0.156187629718971 0.155716280275005 0.155521359907878 0.152827346690659 0.13750111012861 0.123413831635217 0.120981351862494 0.120613704170655 0.117177212247864
  0.156187629718971 0.156187629718971 0.155716280275005 0.155521359907878 0.152827346690659 0.13750111012861 0.123413831635217 0.120981351862494 0.120613704170655 0.117177212247864
  0.156187629718971 0.156187629718971 0.155716280275005 0.155521359907878 0.152827346690659 0.13750111012861 0.123413831635217 0.120981351862494 0.120613704170655 0.117177212247864
  0.156187629718971 0.156187629718971 0.155716280275005 0.155521359907878 0.152827346690659 0.13750111012861 0.123413831635217 0.120981351862494 0.120613704170655 0.117177212247864
  0.156187629718971 0.156187629718971 0.155716280275005 0.155521359907878 0.152827346690659 0.13750111012861 0.123413831635217 0.120981351862494 0.120613704170655 0.117177212247864
  0.156187629718971 0.156187629718971 0.155716280275005 0.155521359907878 0.152827346690659 0.13750111012861 0.123413831635217 0.120981351862494 0.120613704170655 0.117177212247864
  0.156187629718971 0.156187629718971 0.155716280275005 0.155521359907878 0.152827346690659 0.13750111012861 0.123413831635217 0.120981351862494 0.120613704170655 0.117177212247864
  0.156187629718971 0.156187629718971 0.155716280275005 0.155521359907878 0.152827346690659 0.13750111012861 0.123413831635217 0.120981351862494 0.120613704170655 0.117177212247864
  0.156187629718971 0.156187629718971 0.155716280275005 0.155521359907878 0.152827346690659 0.13750111012861 0.123413831635217 0.120981351862494 0.120613704170655 0.117177212247864
  0.156187629718971 0.156187629718971 0.155716280275005 0.155521359907878 0.152827346690659 0.13750111012861 0.123413831635217 0.120981351862494 0.120613704170655 0.117177212247864
  0.156187629718971 0.156187629718971 0.155716280275005 0.155521359907878 0.152827346690659 0.13750111012861 0.123413831635217 0.120981351862494 0.120613704170655 0.117177212247864
  0.156187629718971 0.156187629718971 0.155716280275005 0.155521359907878 0.152827346690659 0.13750111012861 0.123413831635217 0.120981351862494 0.120613704170655 0.117177212247864
  0.156187629718971 0.156187629718971 0.155716280275005 0.155521359907878 0.152827346690659 0.13750111012861 0.123413831635217 0.120981351862494 0.120613704170655 0.117177212247864
  0.156187629718971 0.156187629718971 0.155716280275005 0.155521359907878 0.152827346690659 0.13750111012861 0.123413831635217 0.120981351862494 0.120613704170655 0.117177212247864
  0.156187629718971 0.156187629718971 0.155716280275005 0.155521359907878 0.152827346690659 0.13750111012861 0.123413831635217 0.120981351862494 0.120613704170655 0.117177212247864
  0.156187629718971 0.156187629718971 0.155716280275005 0.155521359907878 0.152827346690659 0.13750111012861 0.123413831635217 0.120981351862494 0.120613704170655 0.117177212247864
  0.156187629718971 0.156187629718971 0.155716280275005 0.155521359907878 0.152827346690659 0.13750111012861 0.123413831635217 0.120981351862494 0.120613704170655 0.117177212247864
  0.156187629718971 0.156187629718971 0.155716280275005 0.155521359907878 0.152827346690659 0.13750111012861 0.123413831635217 0.120981351862494 0.120613704170655 0.117177212247864
  0.156187629718971 0.156187629718971 0.155716280275005 0.155521359907878 0.152827346690659 0.13750111012861 0.123413831635217 0.120981351862494 0.120613704170655 0.117177212247864
  0.156187629718971 0.156187629718971 0.155716280275005 0.155521359907878 0.152827346690659 0.13750111012861 0.123413831635217 0.120981351862494 0.120613704170655 0.117177212247864
  0.156187629718971 0.156187629718971 0.155716280275005 0.155521359907878 0.152827346690659 0.13750111012861 0.123413831635217 0.120981351862494 0.120613704170655 0.117177212247864
  0.156187629718971 0.156187629718971 0.155716280275005 0.155521359907878 0.152827346690659 0.13750111012861 0.123413831635217 0.120981351862494 0.120613704170655 0.117177212247864
  0.156187629718971 0.156187629718971 0.155716280275005 0.155521359907878 0.152827346690659 0.13750111012861 0.123413831635217 0.120981351862494 0.120613704170655 0.117177212247864
  0.156187629718971 0.156187629718971 0.155716280275005 0.155521359907878 0.152827346690659 0.13750111012861 0.123413831635217 0.120981351862494 0.120613704170655 0.117177212247864
  0.156187629718971 0.156187629718971 0.155716280275005 0.155521359907878 0.152827346690659 0.13750111012861 0.123413831635217 0.120981351862494 0.120613704170655 0.117177212247864
  0.156187629718971 0.156187629718971 0.155716280275005 0.155521359907878 0.152827346690659 0.13750111012861 0.123413831635217 0.120981351862494 0.120613704170655 0.117177212247864
  0.156187629718971 0.156187629718971 0.155716280275005 0.155521359907878 0.152827346690659 0.13750111012861 0.123413831635217 0.120981351862494 0.120613704170655 0.117177212247864
  0.156187629718971 0.156187629718971 0.155716280275005 0.155521359907878 0.152827346690659 0.13750111012861 0.123413831635217 0.120981351862494 0.120613704170655 0.117177212247864
  0.156187629718971 0.156187629718971 0.155716280275005 0.155521359907878 0.152827346690659 0.13750111012861 0.123413831635217 0.120981351862494 0.120613704170655 0.117177212247864
  0.156187629718971 0.156187629718971 0.155716280275005 0.155521359907878 0.152827346690659 0.13750111012861 0.123413831635217 0.120981351862494 0.120613704170655 0.117177212247864
  0.156187629718971 0.156187629718971 0.155716280275005 0.155521359907878 0.152827346690659 0.13750111012861 0.123413831635217 0.120981351862494 0.120613704170655 0.117177212247864
  0.156187629718971 0.156187629718971 0.155716280275005 0.155521359907878 0.152827346690659 0.13750111012861 0.123413831635217 0.120981351862494 0.120613704170655 0.117177212247864
  0.156187629718971 0.156187629718971 0.155716280275005 0.155521359907878 0.152827346690659 0.13750111012861 0.123413831635217 0.120981351862494 0.120613704170655 0.117177212247864
  0.156187629718971 0.156187629718971 0.155716280275005 0.155521359907878 0.152827346690659 0.13750111012861 0.123413831635217 0.120981351862494 0.120613704170655 0.117177212247864
  0.156187629718971 0.156187629718971 0.155716280275005 0.155521359907878 0.152827346690659 0.13750111012861 0.123413831635217 0.120981351862494 0.120613704170655 0.117177212247864
  0.156187629718971 0.156187629718971 0.155716280275005 0.155521359907878 0.152827346690659 0.13750111012861 0.123413831635217 0.120981351862494 0.120613704170655 0.117177212247864
  0.156187629718971 0.156187629718971 0.155716280275005 0.155521359907878 0.152827346690659 0.13750111012861 0.123413831635217 0.120981351862494 0.120613704170655 0.117177212247864
  0.156187629718971 0.156187629718971 0.155716280275005 0.155521359907878 0.152827346690659 0.13750111012861 0.123413831635217 0.120981351862494 0.120613704170655 0.117177212247864
  0.156187629718971 0.156187629718971 0.155716280275005 0.155521359907878 0.152827346690659 0.13750111012861 0.123413831635217 0.120981351862494 0.120613704170655 0.117177212247864
  0.156187629718971 0.156187629718971 0.155716280275005 0.155521359907878 0.152827346690659 0.13750111012861 0.123413831635217 0.120981351862494 0.120613704170655 0.117177212247864
  0.156187629718971 0.156187629718971 0.155716280275005 0.155521359907878 0.152827346690659 0.13750111012861 0.123413831635217 0.120981351862494 0.120613704170655 0.117177212247864
  0.156187629718971 0.156187629718971 0.155716280275005 0.155521359907878 0.152827346690659 0.13750111012861 0.123413831635217 0.120981351862494 0.120613704170655 0.117177212247864
  0.156187629718971 0.156187629718971 0.155716280275005 0.155521359907878 0.152827346690659 0.13750111012861 0.123413831635217 0.120981351862494 0.120613704170655 0.117177212247864
  0.156187629718971 0.156187629718971 0.155716280275005 0.155521359907878 0.152827346690659 0.13750111012861 0.123413831635217 0.120981351862494 0.120613704170655 0.117177212247864
  0.156187629718971 0.156187629718971 0.155716280275005 0.155521359907878 0.152827346690659 0.13750111012861 0.123413831635217 0.120981351862494 0.120613704170655 0.117177212247864
  0.156187629718971 0.156187629718971 0.155716280275005 0.155521359907878 0.152827346690659 0.13750111012861 0.123413831635217 0.120981351862494 0.120613704170655 0.117177212247864
  0.156187629718971 0.156187629718971 0.155716280275005 0.155521359907878 0.152827346690659 0.13750111012861 0.123413831635217 0.120981351862494 0.120613704170655 0.117177212247864
  0.156187629718971 0.156187629718971 0.155716280275005 0.155521359907878 0.152827346690659 0.13750111012861 0.123413831635217 0.120981351862494 0.120613704170655 0.117177212247864
  0.156187629718971 0.156187629718971 0.155716280275005 0.155521359907878 0.152827346690659 0.13750111012861 0.123413831635217 0.120981351862494 0.120613704170655 0.117177212247864
  0.156187629718971 0.156187629718971 0.155716280275005 0.155521359907878 0.152827346690659 0.13750111012861 0.123413831635217 0.120981351862494 0.120613704170655 0.117177212247864
  0.156187629718971 0.156187629718971 0.155716280275005 0.155521359907878 0.152827346690659 0.13750111012861 0.123413831635217 0.120981351862494 0.120613704170655 0.117177212247864
  0.156187629718971 0.156187629718971 0.155716280275005 0.155521359907878 0.152827346690659 0.13750111012861 0.123413831635217 0.120981351862494 0.120613704170655 0.117177212247864
  0.156187629718971 0.156187629718971 0.155716280275005 0.155521359907878 0.152827346690659 0.13750111012861 0.123413831635217 0.120981351862494 0.120613704170655 0.117177212247864
  0.156187629718971 0.156187629718971 0.155716280275005 0.155521359907878 0.152827346690659 0.13750111012861 0.123413831635217 0.120981351862494 0.120613704170655 0.117177212247864
  0.156187629718971 0.156187629718971 0.155716280275005 0.155521359907878 0.152827346690659 0.13750111012861 0.123413831635217 0.120981351862494 0.120613704170655 0.117177212247864
  0.156187629718971 0.156187629718971 0.155716280275005 0.155521359907878 0.152827346690659 0.13750111012861 0.123413831635217 0.120981351862494 0.120613704170655 0.117177212247864
  0.156187629718971 0.156187629718971 0.155716280275005 0.155521359907878 0.152827346690659 0.13750111012861 0.123413831635217 0.120981351862494 0.120613704170655 0.117177212247864
  0.156187629718971 0.156187629718971 0.155716280275005 0.155521359907878 0.152827346690659 0.13750111012861 0.123413831635217 0.120981351862494 0.120613704170655 0.117177212247864
  0.156187629718971 0.156187629718971 0.155716280275005 0.155521359907878 0.152827346690659 0.13750111012861 0.123413831635217 0.120981351862494 0.120613704170655 0.117177212247864
  0.156187629718971 0.156187629718971 0.155716280275005 0.155521359907878 0.152827346690659 0.13750111012861 0.123413831635217 0.120981351862494 0.120613704170655 0.117177212247864
  0.156187629718971 0.156187629718971 0.155716280275005 0.155521359907878 0.152827346690659 0.13750111012861 0.123413831635217 0.120981351862494 0.120613704170655 0.117177212247864
  0.156187629718971 0.156187629718971 0.155716280275005 0.155521359907878 0.152827346690659 0.13750111012861 0.123413831635217 0.120981351862494 0.120613704170655 0.117177212247864
  0.156187629718971 0.156187629718971 0.155716280275005 0.155521359907878 0.152827346690659 0.13750111012861 0.123413831635217 0.120981351862494 0.120613704170655 0.117177212247864
  0.156187629718971 0.156187629718971 0.155716280275005 0.155521359907878 0.152827346690659 0.13750111012861 0.123413831635217 0.120981351862494 0.120613704170655 0.117177212247864
  0.156187629718971 0.156187629718971 0.155716280275005 0.155521359907878 0.152827346690659 0.13750111012861 0.123413831635217 0.120981351862494 0.120613704170655 0.117177212247864
#  Green_halibut
  3.88965733891911 4.01001801292707 4.83284161386736 8.15835011123928 12.9674957114761 17.9672643677712 22.1445205547007 25.8472831825937 29.8934137090396 35.5415101495121
  3.88965733891911 4.01001801292707 4.83284161386736 8.15835011123928 12.9674957114761 17.9672643677712 22.1445205547007 25.8472831825937 29.8934137090396 35.5415101495121
  3.88965733891911 4.01001801292707 4.83284161386736 8.15835011123928 12.9674957114761 17.9672643677712 22.1445205547007 25.8472831825937 29.8934137090396 35.5415101495121
  3.88965733891911 4.01001801292707 4.83284161386736 8.15835011123928 12.9674957114761 17.9672643677712 22.1445205547007 25.8472831825937 29.8934137090396 35.5415101495121
  3.88965733891911 4.01001801292707 4.83284161386736 8.15835011123928 12.9674957114761 17.9672643677712 22.1445205547007 25.8472831825937 29.8934137090396 35.5415101495121
  3.88965733891911 4.01001801292707 4.83284161386736 8.15835011123928 12.9674957114761 17.9672643677712 22.1445205547007 25.8472831825937 29.8934137090396 35.5415101495121
  3.88965733891911 4.01001801292707 4.83284161386736 8.15835011123928 12.9674957114761 17.9672643677712 22.1445205547007 25.8472831825937 29.8934137090396 35.5415101495121
  3.88965733891911 4.01001801292707 4.83284161386736 8.15835011123928 12.9674957114761 17.9672643677712 22.1445205547007 25.8472831825937 29.8934137090396 35.5415101495121
  3.88965733891911 4.01001801292707 4.83284161386736 8.15835011123928 12.9674957114761 17.9672643677712 22.1445205547007 25.8472831825937 29.8934137090396 35.5415101495121
  3.88965733891911 4.01001801292707 4.83284161386736 8.15835011123928 12.9674957114761 17.9672643677712 22.1445205547007 25.8472831825937 29.8934137090396 35.5415101495121
  3.88965733891911 4.01001801292707 4.83284161386736 8.15835011123928 12.9674957114761 17.9672643677712 22.1445205547007 25.8472831825937 29.8934137090396 35.5415101495121
  3.88965733891911 4.01001801292707 4.83284161386736 8.15835011123928 12.9674957114761 17.9672643677712 22.1445205547007 25.8472831825937 29.8934137090396 35.5415101495121
  3.88965733891911 4.01001801292707 4.83284161386736 8.15835011123928 12.9674957114761 17.9672643677712 22.1445205547007 25.8472831825937 29.8934137090396 35.5415101495121
  3.88965733891911 4.01001801292707 4.83284161386736 8.15835011123928 12.9674957114761 17.9672643677712 22.1445205547007 25.8472831825937 29.8934137090396 35.5415101495121
  3.88965733891911 4.01001801292707 4.83284161386736 8.15835011123928 12.9674957114761 17.9672643677712 22.1445205547007 25.8472831825937 29.8934137090396 35.5415101495121
  3.88965733891911 4.01001801292707 4.83284161386736 8.15835011123928 12.9674957114761 17.9672643677712 22.1445205547007 25.8472831825937 29.8934137090396 35.5415101495121
  3.88965733891911 4.01001801292707 4.83284161386736 8.15835011123928 12.9674957114761 17.9672643677712 22.1445205547007 25.8472831825937 29.8934137090396 35.5415101495121
  3.88965733891911 4.01001801292707 4.83284161386736 8.15835011123928 12.9674957114761 17.9672643677712 22.1445205547007 25.8472831825937 29.8934137090396 35.5415101495121
  3.88965733891911 4.01001801292707 4.83284161386736 8.15835011123928 12.9674957114761 17.9672643677712 22.1445205547007 25.8472831825937 29.8934137090396 35.5415101495121
  3.88965733891911 4.01001801292707 4.83284161386736 8.15835011123928 12.9674957114761 17.9672643677712 22.1445205547007 25.8472831825937 29.8934137090396 35.5415101495121
  3.88965733891911 4.01001801292707 4.83284161386736 8.15835011123928 12.9674957114761 17.9672643677712 22.1445205547007 25.8472831825937 29.8934137090396 35.5415101495121
  3.88965733891911 4.01001801292707 4.83284161386736 8.15835011123928 12.9674957114761 17.9672643677712 22.1445205547007 25.8472831825937 29.8934137090396 35.5415101495121
  3.88965733891911 4.01001801292707 4.83284161386736 8.15835011123928 12.9674957114761 17.9672643677712 22.1445205547007 25.8472831825937 29.8934137090396 35.5415101495121
  3.88965733891911 4.01001801292707 4.83284161386736 8.15835011123928 12.9674957114761 17.9672643677712 22.1445205547007 25.8472831825937 29.8934137090396 35.5415101495121
  3.88965733891911 4.01001801292707 4.83284161386736 8.15835011123928 12.9674957114761 17.9672643677712 22.1445205547007 25.8472831825937 29.8934137090396 35.5415101495121
  3.88965733891911 4.01001801292707 4.83284161386736 8.15835011123928 12.9674957114761 17.9672643677712 22.1445205547007 25.8472831825937 29.8934137090396 35.5415101495121
  3.88965733891911 4.01001801292707 4.83284161386736 8.15835011123928 12.9674957114761 17.9672643677712 22.1445205547007 25.8472831825937 29.8934137090396 35.5415101495121
  3.88965733891911 4.01001801292707 4.83284161386736 8.15835011123928 12.9674957114761 17.9672643677712 22.1445205547007 25.8472831825937 29.8934137090396 35.5415101495121
  3.88965733891911 4.01001801292707 4.83284161386736 8.15835011123928 12.9674957114761 17.9672643677712 22.1445205547007 25.8472831825937 29.8934137090396 35.5415101495121
  3.88965733891911 4.01001801292707 4.83284161386736 8.15835011123928 12.9674957114761 17.9672643677712 22.1445205547007 25.8472831825937 29.8934137090396 35.5415101495121
  3.88965733891911 4.01001801292707 4.83284161386736 8.15835011123928 12.9674957114761 17.9672643677712 22.1445205547007 25.8472831825937 29.8934137090396 35.5415101495121
  3.88965733891911 4.01001801292707 4.83284161386736 8.15835011123928 12.9674957114761 17.9672643677712 22.1445205547007 25.8472831825937 29.8934137090396 35.5415101495121
  3.88965733891911 4.01001801292707 4.83284161386736 8.15835011123928 12.9674957114761 17.9672643677712 22.1445205547007 25.8472831825937 29.8934137090396 35.5415101495121
  3.88965733891911 4.01001801292707 4.83284161386736 8.15835011123928 12.9674957114761 17.9672643677712 22.1445205547007 25.8472831825937 29.8934137090396 35.5415101495121
  3.88965733891911 4.01001801292707 4.83284161386736 8.15835011123928 12.9674957114761 17.9672643677712 22.1445205547007 25.8472831825937 29.8934137090396 35.5415101495121
  3.88965733891911 4.01001801292707 4.83284161386736 8.15835011123928 12.9674957114761 17.9672643677712 22.1445205547007 25.8472831825937 29.8934137090396 35.5415101495121
  3.88965733891911 4.01001801292707 4.83284161386736 8.15835011123928 12.9674957114761 17.9672643677712 22.1445205547007 25.8472831825937 29.8934137090396 35.5415101495121
  3.88965733891911 4.01001801292707 4.83284161386736 8.15835011123928 12.9674957114761 17.9672643677712 22.1445205547007 25.8472831825937 29.8934137090396 35.5415101495121
  3.88965733891911 4.01001801292707 4.83284161386736 8.15835011123928 12.9674957114761 17.9672643677712 22.1445205547007 25.8472831825937 29.8934137090396 35.5415101495121
  3.88965733891911 4.01001801292707 4.83284161386736 8.15835011123928 12.9674957114761 17.9672643677712 22.1445205547007 25.8472831825937 29.8934137090396 35.5415101495121
  3.88965733891911 4.01001801292707 4.83284161386736 8.15835011123928 12.9674957114761 17.9672643677712 22.1445205547007 25.8472831825937 29.8934137090396 35.5415101495121
  3.88965733891911 4.01001801292707 4.83284161386736 8.15835011123928 12.9674957114761 17.9672643677712 22.1445205547007 25.8472831825937 29.8934137090396 35.5415101495121
  3.88965733891911 4.01001801292707 4.83284161386736 8.15835011123928 12.9674957114761 17.9672643677712 22.1445205547007 25.8472831825937 29.8934137090396 35.5415101495121
  3.88965733891911 4.01001801292707 4.83284161386736 8.15835011123928 12.9674957114761 17.9672643677712 22.1445205547007 25.8472831825937 29.8934137090396 35.5415101495121
  3.88965733891911 4.01001801292707 4.83284161386736 8.15835011123928 12.9674957114761 17.9672643677712 22.1445205547007 25.8472831825937 29.8934137090396 35.5415101495121
  3.88965733891911 4.01001801292707 4.83284161386736 8.15835011123928 12.9674957114761 17.9672643677712 22.1445205547007 25.8472831825937 29.8934137090396 35.5415101495121
  3.88965733891911 4.01001801292707 4.83284161386736 8.15835011123928 12.9674957114761 17.9672643677712 22.1445205547007 25.8472831825937 29.8934137090396 35.5415101495121
  3.88965733891911 4.01001801292707 4.83284161386736 8.15835011123928 12.9674957114761 17.9672643677712 22.1445205547007 25.8472831825937 29.8934137090396 35.5415101495121
  3.88965733891911 4.01001801292707 4.83284161386736 8.15835011123928 12.9674957114761 17.9672643677712 22.1445205547007 25.8472831825937 29.8934137090396 35.5415101495121
  3.88965733891911 4.01001801292707 4.83284161386736 8.15835011123928 12.9674957114761 17.9672643677712 22.1445205547007 25.8472831825937 29.8934137090396 35.5415101495121
  3.88965733891911 4.01001801292707 4.83284161386736 8.15835011123928 12.9674957114761 17.9672643677712 22.1445205547007 25.8472831825937 29.8934137090396 35.5415101495121
  3.88965733891911 4.01001801292707 4.83284161386736 8.15835011123928 12.9674957114761 17.9672643677712 22.1445205547007 25.8472831825937 29.8934137090396 35.5415101495121
  3.88965733891911 4.01001801292707 4.83284161386736 8.15835011123928 12.9674957114761 17.9672643677712 22.1445205547007 25.8472831825937 29.8934137090396 35.5415101495121
  3.88965733891911 4.01001801292707 4.83284161386736 8.15835011123928 12.9674957114761 17.9672643677712 22.1445205547007 25.8472831825937 29.8934137090396 35.5415101495121
  3.88965733891911 4.01001801292707 4.83284161386736 8.15835011123928 12.9674957114761 17.9672643677712 22.1445205547007 25.8472831825937 29.8934137090396 35.5415101495121
  3.88965733891911 4.01001801292707 4.83284161386736 8.15835011123928 12.9674957114761 17.9672643677712 22.1445205547007 25.8472831825937 29.8934137090396 35.5415101495121
  3.88965733891911 4.01001801292707 4.83284161386736 8.15835011123928 12.9674957114761 17.9672643677712 22.1445205547007 25.8472831825937 29.8934137090396 35.5415101495121
  3.88965733891911 4.01001801292707 4.83284161386736 8.15835011123928 12.9674957114761 17.9672643677712 22.1445205547007 25.8472831825937 29.8934137090396 35.5415101495121
  3.88965733891911 4.01001801292707 4.83284161386736 8.15835011123928 12.9674957114761 17.9672643677712 22.1445205547007 25.8472831825937 29.8934137090396 35.5415101495121
  3.88965733891911 4.01001801292707 4.83284161386736 8.15835011123928 12.9674957114761 17.9672643677712 22.1445205547007 25.8472831825937 29.8934137090396 35.5415101495121
  3.88965733891911 4.01001801292707 4.83284161386736 8.15835011123928 12.9674957114761 17.9672643677712 22.1445205547007 25.8472831825937 29.8934137090396 35.5415101495121
  3.88965733891911 4.01001801292707 4.83284161386736 8.15835011123928 12.9674957114761 17.9672643677712 22.1445205547007 25.8472831825937 29.8934137090396 35.5415101495121
  3.88965733891911 4.01001801292707 4.83284161386736 8.15835011123928 12.9674957114761 17.9672643677712 22.1445205547007 25.8472831825937 29.8934137090396 35.5415101495121
  3.88965733891911 4.01001801292707 4.83284161386736 8.15835011123928 12.9674957114761 17.9672643677712 22.1445205547007 25.8472831825937 29.8934137090396 35.5415101495121
  3.88965733891911 4.01001801292707 4.83284161386736 8.15835011123928 12.9674957114761 17.9672643677712 22.1445205547007 25.8472831825937 29.8934137090396 35.5415101495121
  3.88965733891911 4.01001801292707 4.83284161386736 8.15835011123928 12.9674957114761 17.9672643677712 22.1445205547007 25.8472831825937 29.8934137090396 35.5415101495121
  3.88965733891911 4.01001801292707 4.83284161386736 8.15835011123928 12.9674957114761 17.9672643677712 22.1445205547007 25.8472831825937 29.8934137090396 35.5415101495121
  3.88965733891911 4.01001801292707 4.83284161386736 8.15835011123928 12.9674957114761 17.9672643677712 22.1445205547007 25.8472831825937 29.8934137090396 35.5415101495121
  3.88965733891911 4.01001801292707 4.83284161386736 8.15835011123928 12.9674957114761 17.9672643677712 22.1445205547007 25.8472831825937 29.8934137090396 35.5415101495121
  3.88965733891911 4.01001801292707 4.83284161386736 8.15835011123928 12.9674957114761 17.9672643677712 22.1445205547007 25.8472831825937 29.8934137090396 35.5415101495121
  3.88965733891911 4.01001801292707 4.83284161386736 8.15835011123928 12.9674957114761 17.9672643677712 22.1445205547007 25.8472831825937 29.8934137090396 35.5415101495121
  3.88965733891911 4.01001801292707 4.83284161386736 8.15835011123928 12.9674957114761 17.9672643677712 22.1445205547007 25.8472831825937 29.8934137090396 35.5415101495121
  3.88965733891911 4.01001801292707 4.83284161386736 8.15835011123928 12.9674957114761 17.9672643677712 22.1445205547007 25.8472831825937 29.8934137090396 35.5415101495121
  3.88965733891911 4.01001801292707 4.83284161386736 8.15835011123928 12.9674957114761 17.9672643677712 22.1445205547007 25.8472831825937 29.8934137090396 35.5415101495121
  3.88965733891911 4.01001801292707 4.83284161386736 8.15835011123928 12.9674957114761 17.9672643677712 22.1445205547007 25.8472831825937 29.8934137090396 35.5415101495121
  3.88965733891911 4.01001801292707 4.83284161386736 8.15835011123928 12.9674957114761 17.9672643677712 22.1445205547007 25.8472831825937 29.8934137090396 35.5415101495121
  3.88965733891911 4.01001801292707 4.83284161386736 8.15835011123928 12.9674957114761 17.9672643677712 22.1445205547007 25.8472831825937 29.8934137090396 35.5415101495121
  3.88965733891911 4.01001801292707 4.83284161386736 8.15835011123928 12.9674957114761 17.9672643677712 22.1445205547007 25.8472831825937 29.8934137090396 35.5415101495121
  3.88965733891911 4.01001801292707 4.83284161386736 8.15835011123928 12.9674957114761 17.9672643677712 22.1445205547007 25.8472831825937 29.8934137090396 35.5415101495121
  3.88965733891911 4.01001801292707 4.83284161386736 8.15835011123928 12.9674957114761 17.9672643677712 22.1445205547007 25.8472831825937 29.8934137090396 35.5415101495121
  3.88965733891911 4.01001801292707 4.83284161386736 8.15835011123928 12.9674957114761 17.9672643677712 22.1445205547007 25.8472831825937 29.8934137090396 35.5415101495121
#  Haddock
  9.24440696133462 10.2923077310352 13.6130711052429 15.9677553937739 18.3938992725391 20.6599378305652 22.5619789012091 24.0806510007972 25.3678890640672 26.6183706489713
  9.24440696133462 10.2923077310352 13.6130711052429 15.9677553937739 18.3938992725391 20.6599378305652 22.5619789012091 24.0806510007972 25.3678890640672 26.6183706489713
  9.24440696133462 10.2923077310352 13.6130711052429 15.9677553937739 18.3938992725391 20.6599378305652 22.5619789012091 24.0806510007972 25.3678890640672 26.6183706489713
  9.24440696133462 10.2923077310352 13.6130711052429 15.9677553937739 18.3938992725391 20.6599378305652 22.5619789012091 24.0806510007972 25.3678890640672 26.6183706489713
  9.24440696133462 10.2923077310352 13.6130711052429 15.9677553937739 18.3938992725391 20.6599378305652 22.5619789012091 24.0806510007972 25.3678890640672 26.6183706489713
  9.24440696133462 10.2923077310352 13.6130711052429 15.9677553937739 18.3938992725391 20.6599378305652 22.5619789012091 24.0806510007972 25.3678890640672 26.6183706489713
  9.24440696133462 10.2923077310352 13.6130711052429 15.9677553937739 18.3938992725391 20.6599378305652 22.5619789012091 24.0806510007972 25.3678890640672 26.6183706489713
  9.24440696133462 10.2923077310352 13.6130711052429 15.9677553937739 18.3938992725391 20.6599378305652 22.5619789012091 24.0806510007972 25.3678890640672 26.6183706489713
  9.24440696133462 10.2923077310352 13.6130711052429 15.9677553937739 18.3938992725391 20.6599378305652 22.5619789012091 24.0806510007972 25.3678890640672 26.6183706489713
  9.24440696133462 10.2923077310352 13.6130711052429 15.9677553937739 18.3938992725391 20.6599378305652 22.5619789012091 24.0806510007972 25.3678890640672 26.6183706489713
  9.24440696133462 10.2923077310352 13.6130711052429 15.9677553937739 18.3938992725391 20.6599378305652 22.5619789012091 24.0806510007972 25.3678890640672 26.6183706489713
  9.24440696133462 10.2923077310352 13.6130711052429 15.9677553937739 18.3938992725391 20.6599378305652 22.5619789012091 24.0806510007972 25.3678890640672 26.6183706489713
  9.24440696133462 10.2923077310352 13.6130711052429 15.9677553937739 18.3938992725391 20.6599378305652 22.5619789012091 24.0806510007972 25.3678890640672 26.6183706489713
  9.24440696133462 10.2923077310352 13.6130711052429 15.9677553937739 18.3938992725391 20.6599378305652 22.5619789012091 24.0806510007972 25.3678890640672 26.6183706489713
  9.24440696133462 10.2923077310352 13.6130711052429 15.9677553937739 18.3938992725391 20.6599378305652 22.5619789012091 24.0806510007972 25.3678890640672 26.6183706489713
  9.24440696133462 10.2923077310352 13.6130711052429 15.9677553937739 18.3938992725391 20.6599378305652 22.5619789012091 24.0806510007972 25.3678890640672 26.6183706489713
  9.24440696133462 10.2923077310352 13.6130711052429 15.9677553937739 18.3938992725391 20.6599378305652 22.5619789012091 24.0806510007972 25.3678890640672 26.6183706489713
  9.24440696133462 10.2923077310352 13.6130711052429 15.9677553937739 18.3938992725391 20.6599378305652 22.5619789012091 24.0806510007972 25.3678890640672 26.6183706489713
  9.24440696133462 10.2923077310352 13.6130711052429 15.9677553937739 18.3938992725391 20.6599378305652 22.5619789012091 24.0806510007972 25.3678890640672 26.6183706489713
  9.24440696133462 10.2923077310352 13.6130711052429 15.9677553937739 18.3938992725391 20.6599378305652 22.5619789012091 24.0806510007972 25.3678890640672 26.6183706489713
  9.24440696133462 10.2923077310352 13.6130711052429 15.9677553937739 18.3938992725391 20.6599378305652 22.5619789012091 24.0806510007972 25.3678890640672 26.6183706489713
  9.24440696133462 10.2923077310352 13.6130711052429 15.9677553937739 18.3938992725391 20.6599378305652 22.5619789012091 24.0806510007972 25.3678890640672 26.6183706489713
  9.24440696133462 10.2923077310352 13.6130711052429 15.9677553937739 18.3938992725391 20.6599378305652 22.5619789012091 24.0806510007972 25.3678890640672 26.6183706489713
  9.24440696133462 10.2923077310352 13.6130711052429 15.9677553937739 18.3938992725391 20.6599378305652 22.5619789012091 24.0806510007972 25.3678890640672 26.6183706489713
  9.24440696133462 10.2923077310352 13.6130711052429 15.9677553937739 18.3938992725391 20.6599378305652 22.5619789012091 24.0806510007972 25.3678890640672 26.6183706489713
  9.24440696133462 10.2923077310352 13.6130711052429 15.9677553937739 18.3938992725391 20.6599378305652 22.5619789012091 24.0806510007972 25.3678890640672 26.6183706489713
  9.24440696133462 10.2923077310352 13.6130711052429 15.9677553937739 18.3938992725391 20.6599378305652 22.5619789012091 24.0806510007972 25.3678890640672 26.6183706489713
  9.24440696133462 10.2923077310352 13.6130711052429 15.9677553937739 18.3938992725391 20.6599378305652 22.5619789012091 24.0806510007972 25.3678890640672 26.6183706489713
  9.24440696133462 10.2923077310352 13.6130711052429 15.9677553937739 18.3938992725391 20.6599378305652 22.5619789012091 24.0806510007972 25.3678890640672 26.6183706489713
  9.24440696133462 10.2923077310352 13.6130711052429 15.9677553937739 18.3938992725391 20.6599378305652 22.5619789012091 24.0806510007972 25.3678890640672 26.6183706489713
  9.24440696133462 10.2923077310352 13.6130711052429 15.9677553937739 18.3938992725391 20.6599378305652 22.5619789012091 24.0806510007972 25.3678890640672 26.6183706489713
  9.24440696133462 10.2923077310352 13.6130711052429 15.9677553937739 18.3938992725391 20.6599378305652 22.5619789012091 24.0806510007972 25.3678890640672 26.6183706489713
  9.24440696133462 10.2923077310352 13.6130711052429 15.9677553937739 18.3938992725391 20.6599378305652 22.5619789012091 24.0806510007972 25.3678890640672 26.6183706489713
  9.24440696133462 10.2923077310352 13.6130711052429 15.9677553937739 18.3938992725391 20.6599378305652 22.5619789012091 24.0806510007972 25.3678890640672 26.6183706489713
  9.24440696133462 10.2923077310352 13.6130711052429 15.9677553937739 18.3938992725391 20.6599378305652 22.5619789012091 24.0806510007972 25.3678890640672 26.6183706489713
  9.24440696133462 10.2923077310352 13.6130711052429 15.9677553937739 18.3938992725391 20.6599378305652 22.5619789012091 24.0806510007972 25.3678890640672 26.6183706489713
  9.24440696133462 10.2923077310352 13.6130711052429 15.9677553937739 18.3938992725391 20.6599378305652 22.5619789012091 24.0806510007972 25.3678890640672 26.6183706489713
  9.24440696133462 10.2923077310352 13.6130711052429 15.9677553937739 18.3938992725391 20.6599378305652 22.5619789012091 24.0806510007972 25.3678890640672 26.6183706489713
  9.24440696133462 10.2923077310352 13.6130711052429 15.9677553937739 18.3938992725391 20.6599378305652 22.5619789012091 24.0806510007972 25.3678890640672 26.6183706489713
  9.24440696133462 10.2923077310352 13.6130711052429 15.9677553937739 18.3938992725391 20.6599378305652 22.5619789012091 24.0806510007972 25.3678890640672 26.6183706489713
  9.24440696133462 10.2923077310352 13.6130711052429 15.9677553937739 18.3938992725391 20.6599378305652 22.5619789012091 24.0806510007972 25.3678890640672 26.6183706489713
  9.24440696133462 10.2923077310352 13.6130711052429 15.9677553937739 18.3938992725391 20.6599378305652 22.5619789012091 24.0806510007972 25.3678890640672 26.6183706489713
  9.24440696133462 10.2923077310352 13.6130711052429 15.9677553937739 18.3938992725391 20.6599378305652 22.5619789012091 24.0806510007972 25.3678890640672 26.6183706489713
  9.24440696133462 10.2923077310352 13.6130711052429 15.9677553937739 18.3938992725391 20.6599378305652 22.5619789012091 24.0806510007972 25.3678890640672 26.6183706489713
  9.24440696133462 10.2923077310352 13.6130711052429 15.9677553937739 18.3938992725391 20.6599378305652 22.5619789012091 24.0806510007972 25.3678890640672 26.6183706489713
  9.24440696133462 10.2923077310352 13.6130711052429 15.9677553937739 18.3938992725391 20.6599378305652 22.5619789012091 24.0806510007972 25.3678890640672 26.6183706489713
  9.24440696133462 10.2923077310352 13.6130711052429 15.9677553937739 18.3938992725391 20.6599378305652 22.5619789012091 24.0806510007972 25.3678890640672 26.6183706489713
  9.24440696133462 10.2923077310352 13.6130711052429 15.9677553937739 18.3938992725391 20.6599378305652 22.5619789012091 24.0806510007972 25.3678890640672 26.6183706489713
  9.24440696133462 10.2923077310352 13.6130711052429 15.9677553937739 18.3938992725391 20.6599378305652 22.5619789012091 24.0806510007972 25.3678890640672 26.6183706489713
  9.24440696133462 10.2923077310352 13.6130711052429 15.9677553937739 18.3938992725391 20.6599378305652 22.5619789012091 24.0806510007972 25.3678890640672 26.6183706489713
  9.24440696133462 10.2923077310352 13.6130711052429 15.9677553937739 18.3938992725391 20.6599378305652 22.5619789012091 24.0806510007972 25.3678890640672 26.6183706489713
  9.24440696133462 10.2923077310352 13.6130711052429 15.9677553937739 18.3938992725391 20.6599378305652 22.5619789012091 24.0806510007972 25.3678890640672 26.6183706489713
  9.24440696133462 10.2923077310352 13.6130711052429 15.9677553937739 18.3938992725391 20.6599378305652 22.5619789012091 24.0806510007972 25.3678890640672 26.6183706489713
  9.24440696133462 10.2923077310352 13.6130711052429 15.9677553937739 18.3938992725391 20.6599378305652 22.5619789012091 24.0806510007972 25.3678890640672 26.6183706489713
  9.24440696133462 10.2923077310352 13.6130711052429 15.9677553937739 18.3938992725391 20.6599378305652 22.5619789012091 24.0806510007972 25.3678890640672 26.6183706489713
  9.24440696133462 10.2923077310352 13.6130711052429 15.9677553937739 18.3938992725391 20.6599378305652 22.5619789012091 24.0806510007972 25.3678890640672 26.6183706489713
  9.24440696133462 10.2923077310352 13.6130711052429 15.9677553937739 18.3938992725391 20.6599378305652 22.5619789012091 24.0806510007972 25.3678890640672 26.6183706489713
  9.24440696133462 10.2923077310352 13.6130711052429 15.9677553937739 18.3938992725391 20.6599378305652 22.5619789012091 24.0806510007972 25.3678890640672 26.6183706489713
  9.24440696133462 10.2923077310352 13.6130711052429 15.9677553937739 18.3938992725391 20.6599378305652 22.5619789012091 24.0806510007972 25.3678890640672 26.6183706489713
  9.24440696133462 10.2923077310352 13.6130711052429 15.9677553937739 18.3938992725391 20.6599378305652 22.5619789012091 24.0806510007972 25.3678890640672 26.6183706489713
  9.24440696133462 10.2923077310352 13.6130711052429 15.9677553937739 18.3938992725391 20.6599378305652 22.5619789012091 24.0806510007972 25.3678890640672 26.6183706489713
  9.24440696133462 10.2923077310352 13.6130711052429 15.9677553937739 18.3938992725391 20.6599378305652 22.5619789012091 24.0806510007972 25.3678890640672 26.6183706489713
  9.24440696133462 10.2923077310352 13.6130711052429 15.9677553937739 18.3938992725391 20.6599378305652 22.5619789012091 24.0806510007972 25.3678890640672 26.6183706489713
  9.24440696133462 10.2923077310352 13.6130711052429 15.9677553937739 18.3938992725391 20.6599378305652 22.5619789012091 24.0806510007972 25.3678890640672 26.6183706489713
  9.24440696133462 10.2923077310352 13.6130711052429 15.9677553937739 18.3938992725391 20.6599378305652 22.5619789012091 24.0806510007972 25.3678890640672 26.6183706489713
  9.24440696133462 10.2923077310352 13.6130711052429 15.9677553937739 18.3938992725391 20.6599378305652 22.5619789012091 24.0806510007972 25.3678890640672 26.6183706489713
  9.24440696133462 10.2923077310352 13.6130711052429 15.9677553937739 18.3938992725391 20.6599378305652 22.5619789012091 24.0806510007972 25.3678890640672 26.6183706489713
  9.24440696133462 10.2923077310352 13.6130711052429 15.9677553937739 18.3938992725391 20.6599378305652 22.5619789012091 24.0806510007972 25.3678890640672 26.6183706489713
  9.24440696133462 10.2923077310352 13.6130711052429 15.9677553937739 18.3938992725391 20.6599378305652 22.5619789012091 24.0806510007972 25.3678890640672 26.6183706489713
  9.24440696133462 10.2923077310352 13.6130711052429 15.9677553937739 18.3938992725391 20.6599378305652 22.5619789012091 24.0806510007972 25.3678890640672 26.6183706489713
  9.24440696133462 10.2923077310352 13.6130711052429 15.9677553937739 18.3938992725391 20.6599378305652 22.5619789012091 24.0806510007972 25.3678890640672 26.6183706489713
  9.24440696133462 10.2923077310352 13.6130711052429 15.9677553937739 18.3938992725391 20.6599378305652 22.5619789012091 24.0806510007972 25.3678890640672 26.6183706489713
  9.24440696133462 10.2923077310352 13.6130711052429 15.9677553937739 18.3938992725391 20.6599378305652 22.5619789012091 24.0806510007972 25.3678890640672 26.6183706489713
  9.24440696133462 10.2923077310352 13.6130711052429 15.9677553937739 18.3938992725391 20.6599378305652 22.5619789012091 24.0806510007972 25.3678890640672 26.6183706489713
  9.24440696133462 10.2923077310352 13.6130711052429 15.9677553937739 18.3938992725391 20.6599378305652 22.5619789012091 24.0806510007972 25.3678890640672 26.6183706489713
  9.24440696133462 10.2923077310352 13.6130711052429 15.9677553937739 18.3938992725391 20.6599378305652 22.5619789012091 24.0806510007972 25.3678890640672 26.6183706489713
  9.24440696133462 10.2923077310352 13.6130711052429 15.9677553937739 18.3938992725391 20.6599378305652 22.5619789012091 24.0806510007972 25.3678890640672 26.6183706489713
  9.24440696133462 10.2923077310352 13.6130711052429 15.9677553937739 18.3938992725391 20.6599378305652 22.5619789012091 24.0806510007972 25.3678890640672 26.6183706489713
  9.24440696133462 10.2923077310352 13.6130711052429 15.9677553937739 18.3938992725391 20.6599378305652 22.5619789012091 24.0806510007972 25.3678890640672 26.6183706489713
  9.24440696133462 10.2923077310352 13.6130711052429 15.9677553937739 18.3938992725391 20.6599378305652 22.5619789012091 24.0806510007972 25.3678890640672 26.6183706489713
  9.24440696133462 10.2923077310352 13.6130711052429 15.9677553937739 18.3938992725391 20.6599378305652 22.5619789012091 24.0806510007972 25.3678890640672 26.6183706489713
#  Long_rough_dab
  0.430537482588386 0.80495439099483 5.25727478370308 6.03660673147587 8.93555656190638 14.2337081308473 15.078807182823 15.800911652328 16.9116247284643 18.2111071370217
  0.430537482588386 0.80495439099483 5.25727478370308 6.03660673147587 8.93555656190638 14.2337081308473 15.078807182823 15.800911652328 16.9116247284643 18.2111071370217
  0.430537482588386 0.80495439099483 5.25727478370308 6.03660673147587 8.93555656190638 14.2337081308473 15.078807182823 15.800911652328 16.9116247284643 18.2111071370217
  0.430537482588386 0.80495439099483 5.25727478370308 6.03660673147587 8.93555656190638 14.2337081308473 15.078807182823 15.800911652328 16.9116247284643 18.2111071370217
  0.430537482588386 0.80495439099483 5.25727478370308 6.03660673147587 8.93555656190638 14.2337081308473 15.078807182823 15.800911652328 16.9116247284643 18.2111071370217
  0.430537482588386 0.80495439099483 5.25727478370308 6.03660673147587 8.93555656190638 14.2337081308473 15.078807182823 15.800911652328 16.9116247284643 18.2111071370217
  0.430537482588386 0.80495439099483 5.25727478370308 6.03660673147587 8.93555656190638 14.2337081308473 15.078807182823 15.800911652328 16.9116247284643 18.2111071370217
  0.430537482588386 0.80495439099483 5.25727478370308 6.03660673147587 8.93555656190638 14.2337081308473 15.078807182823 15.800911652328 16.9116247284643 18.2111071370217
  0.430537482588386 0.80495439099483 5.25727478370308 6.03660673147587 8.93555656190638 14.2337081308473 15.078807182823 15.800911652328 16.9116247284643 18.2111071370217
  0.430537482588386 0.80495439099483 5.25727478370308 6.03660673147587 8.93555656190638 14.2337081308473 15.078807182823 15.800911652328 16.9116247284643 18.2111071370217
  0.430537482588386 0.80495439099483 5.25727478370308 6.03660673147587 8.93555656190638 14.2337081308473 15.078807182823 15.800911652328 16.9116247284643 18.2111071370217
  0.430537482588386 0.80495439099483 5.25727478370308 6.03660673147587 8.93555656190638 14.2337081308473 15.078807182823 15.800911652328 16.9116247284643 18.2111071370217
  0.430537482588386 0.80495439099483 5.25727478370308 6.03660673147587 8.93555656190638 14.2337081308473 15.078807182823 15.800911652328 16.9116247284643 18.2111071370217
  0.430537482588386 0.80495439099483 5.25727478370308 6.03660673147587 8.93555656190638 14.2337081308473 15.078807182823 15.800911652328 16.9116247284643 18.2111071370217
  0.430537482588386 0.80495439099483 5.25727478370308 6.03660673147587 8.93555656190638 14.2337081308473 15.078807182823 15.800911652328 16.9116247284643 18.2111071370217
  0.430537482588386 0.80495439099483 5.25727478370308 6.03660673147587 8.93555656190638 14.2337081308473 15.078807182823 15.800911652328 16.9116247284643 18.2111071370217
  0.430537482588386 0.80495439099483 5.25727478370308 6.03660673147587 8.93555656190638 14.2337081308473 15.078807182823 15.800911652328 16.9116247284643 18.2111071370217
  0.430537482588386 0.80495439099483 5.25727478370308 6.03660673147587 8.93555656190638 14.2337081308473 15.078807182823 15.800911652328 16.9116247284643 18.2111071370217
  0.430537482588386 0.80495439099483 5.25727478370308 6.03660673147587 8.93555656190638 14.2337081308473 15.078807182823 15.800911652328 16.9116247284643 18.2111071370217
  0.430537482588386 0.80495439099483 5.25727478370308 6.03660673147587 8.93555656190638 14.2337081308473 15.078807182823 15.800911652328 16.9116247284643 18.2111071370217
  0.430537482588386 0.80495439099483 5.25727478370308 6.03660673147587 8.93555656190638 14.2337081308473 15.078807182823 15.800911652328 16.9116247284643 18.2111071370217
  0.430537482588386 0.80495439099483 5.25727478370308 6.03660673147587 8.93555656190638 14.2337081308473 15.078807182823 15.800911652328 16.9116247284643 18.2111071370217
  0.430537482588386 0.80495439099483 5.25727478370308 6.03660673147587 8.93555656190638 14.2337081308473 15.078807182823 15.800911652328 16.9116247284643 18.2111071370217
  0.430537482588386 0.80495439099483 5.25727478370308 6.03660673147587 8.93555656190638 14.2337081308473 15.078807182823 15.800911652328 16.9116247284643 18.2111071370217
  0.430537482588386 0.80495439099483 5.25727478370308 6.03660673147587 8.93555656190638 14.2337081308473 15.078807182823 15.800911652328 16.9116247284643 18.2111071370217
  0.430537482588386 0.80495439099483 5.25727478370308 6.03660673147587 8.93555656190638 14.2337081308473 15.078807182823 15.800911652328 16.9116247284643 18.2111071370217
  0.430537482588386 0.80495439099483 5.25727478370308 6.03660673147587 8.93555656190638 14.2337081308473 15.078807182823 15.800911652328 16.9116247284643 18.2111071370217
  0.430537482588386 0.80495439099483 5.25727478370308 6.03660673147587 8.93555656190638 14.2337081308473 15.078807182823 15.800911652328 16.9116247284643 18.2111071370217
  0.430537482588386 0.80495439099483 5.25727478370308 6.03660673147587 8.93555656190638 14.2337081308473 15.078807182823 15.800911652328 16.9116247284643 18.2111071370217
  0.430537482588386 0.80495439099483 5.25727478370308 6.03660673147587 8.93555656190638 14.2337081308473 15.078807182823 15.800911652328 16.9116247284643 18.2111071370217
  0.430537482588386 0.80495439099483 5.25727478370308 6.03660673147587 8.93555656190638 14.2337081308473 15.078807182823 15.800911652328 16.9116247284643 18.2111071370217
  0.430537482588386 0.80495439099483 5.25727478370308 6.03660673147587 8.93555656190638 14.2337081308473 15.078807182823 15.800911652328 16.9116247284643 18.2111071370217
  0.430537482588386 0.80495439099483 5.25727478370308 6.03660673147587 8.93555656190638 14.2337081308473 15.078807182823 15.800911652328 16.9116247284643 18.2111071370217
  0.430537482588386 0.80495439099483 5.25727478370308 6.03660673147587 8.93555656190638 14.2337081308473 15.078807182823 15.800911652328 16.9116247284643 18.2111071370217
  0.430537482588386 0.80495439099483 5.25727478370308 6.03660673147587 8.93555656190638 14.2337081308473 15.078807182823 15.800911652328 16.9116247284643 18.2111071370217
  0.430537482588386 0.80495439099483 5.25727478370308 6.03660673147587 8.93555656190638 14.2337081308473 15.078807182823 15.800911652328 16.9116247284643 18.2111071370217
  0.430537482588386 0.80495439099483 5.25727478370308 6.03660673147587 8.93555656190638 14.2337081308473 15.078807182823 15.800911652328 16.9116247284643 18.2111071370217
  0.430537482588386 0.80495439099483 5.25727478370308 6.03660673147587 8.93555656190638 14.2337081308473 15.078807182823 15.800911652328 16.9116247284643 18.2111071370217
  0.430537482588386 0.80495439099483 5.25727478370308 6.03660673147587 8.93555656190638 14.2337081308473 15.078807182823 15.800911652328 16.9116247284643 18.2111071370217
  0.430537482588386 0.80495439099483 5.25727478370308 6.03660673147587 8.93555656190638 14.2337081308473 15.078807182823 15.800911652328 16.9116247284643 18.2111071370217
  0.430537482588386 0.80495439099483 5.25727478370308 6.03660673147587 8.93555656190638 14.2337081308473 15.078807182823 15.800911652328 16.9116247284643 18.2111071370217
  0.430537482588386 0.80495439099483 5.25727478370308 6.03660673147587 8.93555656190638 14.2337081308473 15.078807182823 15.800911652328 16.9116247284643 18.2111071370217
  0.430537482588386 0.80495439099483 5.25727478370308 6.03660673147587 8.93555656190638 14.2337081308473 15.078807182823 15.800911652328 16.9116247284643 18.2111071370217
  0.430537482588386 0.80495439099483 5.25727478370308 6.03660673147587 8.93555656190638 14.2337081308473 15.078807182823 15.800911652328 16.9116247284643 18.2111071370217
  0.430537482588386 0.80495439099483 5.25727478370308 6.03660673147587 8.93555656190638 14.2337081308473 15.078807182823 15.800911652328 16.9116247284643 18.2111071370217
  0.430537482588386 0.80495439099483 5.25727478370308 6.03660673147587 8.93555656190638 14.2337081308473 15.078807182823 15.800911652328 16.9116247284643 18.2111071370217
  0.430537482588386 0.80495439099483 5.25727478370308 6.03660673147587 8.93555656190638 14.2337081308473 15.078807182823 15.800911652328 16.9116247284643 18.2111071370217
  0.430537482588386 0.80495439099483 5.25727478370308 6.03660673147587 8.93555656190638 14.2337081308473 15.078807182823 15.800911652328 16.9116247284643 18.2111071370217
  0.430537482588386 0.80495439099483 5.25727478370308 6.03660673147587 8.93555656190638 14.2337081308473 15.078807182823 15.800911652328 16.9116247284643 18.2111071370217
  0.430537482588386 0.80495439099483 5.25727478370308 6.03660673147587 8.93555656190638 14.2337081308473 15.078807182823 15.800911652328 16.9116247284643 18.2111071370217
  0.430537482588386 0.80495439099483 5.25727478370308 6.03660673147587 8.93555656190638 14.2337081308473 15.078807182823 15.800911652328 16.9116247284643 18.2111071370217
  0.430537482588386 0.80495439099483 5.25727478370308 6.03660673147587 8.93555656190638 14.2337081308473 15.078807182823 15.800911652328 16.9116247284643 18.2111071370217
  0.430537482588386 0.80495439099483 5.25727478370308 6.03660673147587 8.93555656190638 14.2337081308473 15.078807182823 15.800911652328 16.9116247284643 18.2111071370217
  0.430537482588386 0.80495439099483 5.25727478370308 6.03660673147587 8.93555656190638 14.2337081308473 15.078807182823 15.800911652328 16.9116247284643 18.2111071370217
  0.430537482588386 0.80495439099483 5.25727478370308 6.03660673147587 8.93555656190638 14.2337081308473 15.078807182823 15.800911652328 16.9116247284643 18.2111071370217
  0.430537482588386 0.80495439099483 5.25727478370308 6.03660673147587 8.93555656190638 14.2337081308473 15.078807182823 15.800911652328 16.9116247284643 18.2111071370217
  0.430537482588386 0.80495439099483 5.25727478370308 6.03660673147587 8.93555656190638 14.2337081308473 15.078807182823 15.800911652328 16.9116247284643 18.2111071370217
  0.430537482588386 0.80495439099483 5.25727478370308 6.03660673147587 8.93555656190638 14.2337081308473 15.078807182823 15.800911652328 16.9116247284643 18.2111071370217
  0.430537482588386 0.80495439099483 5.25727478370308 6.03660673147587 8.93555656190638 14.2337081308473 15.078807182823 15.800911652328 16.9116247284643 18.2111071370217
  0.430537482588386 0.80495439099483 5.25727478370308 6.03660673147587 8.93555656190638 14.2337081308473 15.078807182823 15.800911652328 16.9116247284643 18.2111071370217
  0.430537482588386 0.80495439099483 5.25727478370308 6.03660673147587 8.93555656190638 14.2337081308473 15.078807182823 15.800911652328 16.9116247284643 18.2111071370217
  0.430537482588386 0.80495439099483 5.25727478370308 6.03660673147587 8.93555656190638 14.2337081308473 15.078807182823 15.800911652328 16.9116247284643 18.2111071370217
  0.430537482588386 0.80495439099483 5.25727478370308 6.03660673147587 8.93555656190638 14.2337081308473 15.078807182823 15.800911652328 16.9116247284643 18.2111071370217
  0.430537482588386 0.80495439099483 5.25727478370308 6.03660673147587 8.93555656190638 14.2337081308473 15.078807182823 15.800911652328 16.9116247284643 18.2111071370217
  0.430537482588386 0.80495439099483 5.25727478370308 6.03660673147587 8.93555656190638 14.2337081308473 15.078807182823 15.800911652328 16.9116247284643 18.2111071370217
  0.430537482588386 0.80495439099483 5.25727478370308 6.03660673147587 8.93555656190638 14.2337081308473 15.078807182823 15.800911652328 16.9116247284643 18.2111071370217
  0.430537482588386 0.80495439099483 5.25727478370308 6.03660673147587 8.93555656190638 14.2337081308473 15.078807182823 15.800911652328 16.9116247284643 18.2111071370217
  0.430537482588386 0.80495439099483 5.25727478370308 6.03660673147587 8.93555656190638 14.2337081308473 15.078807182823 15.800911652328 16.9116247284643 18.2111071370217
  0.430537482588386 0.80495439099483 5.25727478370308 6.03660673147587 8.93555656190638 14.2337081308473 15.078807182823 15.800911652328 16.9116247284643 18.2111071370217
  0.430537482588386 0.80495439099483 5.25727478370308 6.03660673147587 8.93555656190638 14.2337081308473 15.078807182823 15.800911652328 16.9116247284643 18.2111071370217
  0.430537482588386 0.80495439099483 5.25727478370308 6.03660673147587 8.93555656190638 14.2337081308473 15.078807182823 15.800911652328 16.9116247284643 18.2111071370217
  0.430537482588386 0.80495439099483 5.25727478370308 6.03660673147587 8.93555656190638 14.2337081308473 15.078807182823 15.800911652328 16.9116247284643 18.2111071370217
  0.430537482588386 0.80495439099483 5.25727478370308 6.03660673147587 8.93555656190638 14.2337081308473 15.078807182823 15.800911652328 16.9116247284643 18.2111071370217
  0.430537482588386 0.80495439099483 5.25727478370308 6.03660673147587 8.93555656190638 14.2337081308473 15.078807182823 15.800911652328 16.9116247284643 18.2111071370217
  0.430537482588386 0.80495439099483 5.25727478370308 6.03660673147587 8.93555656190638 14.2337081308473 15.078807182823 15.800911652328 16.9116247284643 18.2111071370217
  0.430537482588386 0.80495439099483 5.25727478370308 6.03660673147587 8.93555656190638 14.2337081308473 15.078807182823 15.800911652328 16.9116247284643 18.2111071370217
  0.430537482588386 0.80495439099483 5.25727478370308 6.03660673147587 8.93555656190638 14.2337081308473 15.078807182823 15.800911652328 16.9116247284643 18.2111071370217
  0.430537482588386 0.80495439099483 5.25727478370308 6.03660673147587 8.93555656190638 14.2337081308473 15.078807182823 15.800911652328 16.9116247284643 18.2111071370217
  0.430537482588386 0.80495439099483 5.25727478370308 6.03660673147587 8.93555656190638 14.2337081308473 15.078807182823 15.800911652328 16.9116247284643 18.2111071370217
  0.430537482588386 0.80495439099483 5.25727478370308 6.03660673147587 8.93555656190638 14.2337081308473 15.078807182823 15.800911652328 16.9116247284643 18.2111071370217
  0.430537482588386 0.80495439099483 5.25727478370308 6.03660673147587 8.93555656190638 14.2337081308473 15.078807182823 15.800911652328 16.9116247284643 18.2111071370217
#  Mackerel
  77.4584004991722 61.7795556732262 58.4342036964292 88.69866042027 123.072476398839 134.504043131572 139.915700910033 142.837956407106 144.83257573552 146.676906565288
  77.4584004991722 61.7795556732262 58.4342036964292 88.69866042027 123.072476398839 134.504043131572 139.915700910033 142.837956407106 144.83257573552 146.676906565288
  77.4584004991722 61.7795556732262 58.4342036964292 88.69866042027 123.072476398839 134.504043131572 139.915700910033 142.837956407106 144.83257573552 146.676906565288
  77.4584004991722 61.7795556732262 58.4342036964292 88.69866042027 123.072476398839 134.504043131572 139.915700910033 142.837956407106 144.83257573552 146.676906565288
  77.4584004991722 61.7795556732262 58.4342036964292 88.69866042027 123.072476398839 134.504043131572 139.915700910033 142.837956407106 144.83257573552 146.676906565288
  77.4584004991722 61.7795556732262 58.4342036964292 88.69866042027 123.072476398839 134.504043131572 139.915700910033 142.837956407106 144.83257573552 146.676906565288
  77.4584004991722 61.7795556732262 58.4342036964292 88.69866042027 123.072476398839 134.504043131572 139.915700910033 142.837956407106 144.83257573552 146.676906565288
  77.4584004991722 61.7795556732262 58.4342036964292 88.69866042027 123.072476398839 134.504043131572 139.915700910033 142.837956407106 144.83257573552 146.676906565288
  77.4584004991722 61.7795556732262 58.4342036964292 88.69866042027 123.072476398839 134.504043131572 139.915700910033 142.837956407106 144.83257573552 146.676906565288
  77.4584004991722 61.7795556732262 58.4342036964292 88.69866042027 123.072476398839 134.504043131572 139.915700910033 142.837956407106 144.83257573552 146.676906565288
  77.4584004991722 61.7795556732262 58.4342036964292 88.69866042027 123.072476398839 134.504043131572 139.915700910033 142.837956407106 144.83257573552 146.676906565288
  77.4584004991722 61.7795556732262 58.4342036964292 88.69866042027 123.072476398839 134.504043131572 139.915700910033 142.837956407106 144.83257573552 146.676906565288
  77.4584004991722 61.7795556732262 58.4342036964292 88.69866042027 123.072476398839 134.504043131572 139.915700910033 142.837956407106 144.83257573552 146.676906565288
  77.4584004991722 61.7795556732262 58.4342036964292 88.69866042027 123.072476398839 134.504043131572 139.915700910033 142.837956407106 144.83257573552 146.676906565288
  77.4584004991722 61.7795556732262 58.4342036964292 88.69866042027 123.072476398839 134.504043131572 139.915700910033 142.837956407106 144.83257573552 146.676906565288
  77.4584004991722 61.7795556732262 58.4342036964292 88.69866042027 123.072476398839 134.504043131572 139.915700910033 142.837956407106 144.83257573552 146.676906565288
  77.4584004991722 61.7795556732262 58.4342036964292 88.69866042027 123.072476398839 134.504043131572 139.915700910033 142.837956407106 144.83257573552 146.676906565288
  77.4584004991722 61.7795556732262 58.4342036964292 88.69866042027 123.072476398839 134.504043131572 139.915700910033 142.837956407106 144.83257573552 146.676906565288
  77.4584004991722 61.7795556732262 58.4342036964292 88.69866042027 123.072476398839 134.504043131572 139.915700910033 142.837956407106 144.83257573552 146.676906565288
  77.4584004991722 61.7795556732262 58.4342036964292 88.69866042027 123.072476398839 134.504043131572 139.915700910033 142.837956407106 144.83257573552 146.676906565288
  77.4584004991722 61.7795556732262 58.4342036964292 88.69866042027 123.072476398839 134.504043131572 139.915700910033 142.837956407106 144.83257573552 146.676906565288
  77.4584004991722 61.7795556732262 58.4342036964292 88.69866042027 123.072476398839 134.504043131572 139.915700910033 142.837956407106 144.83257573552 146.676906565288
  77.4584004991722 61.7795556732262 58.4342036964292 88.69866042027 123.072476398839 134.504043131572 139.915700910033 142.837956407106 144.83257573552 146.676906565288
  77.4584004991722 61.7795556732262 58.4342036964292 88.69866042027 123.072476398839 134.504043131572 139.915700910033 142.837956407106 144.83257573552 146.676906565288
  77.4584004991722 61.7795556732262 58.4342036964292 88.69866042027 123.072476398839 134.504043131572 139.915700910033 142.837956407106 144.83257573552 146.676906565288
  77.4584004991722 61.7795556732262 58.4342036964292 88.69866042027 123.072476398839 134.504043131572 139.915700910033 142.837956407106 144.83257573552 146.676906565288
  77.4584004991722 61.7795556732262 58.4342036964292 88.69866042027 123.072476398839 134.504043131572 139.915700910033 142.837956407106 144.83257573552 146.676906565288
  77.4584004991722 61.7795556732262 58.4342036964292 88.69866042027 123.072476398839 134.504043131572 139.915700910033 142.837956407106 144.83257573552 146.676906565288
  77.4584004991722 61.7795556732262 58.4342036964292 88.69866042027 123.072476398839 134.504043131572 139.915700910033 142.837956407106 144.83257573552 146.676906565288
  77.4584004991722 61.7795556732262 58.4342036964292 88.69866042027 123.072476398839 134.504043131572 139.915700910033 142.837956407106 144.83257573552 146.676906565288
  77.4584004991722 61.7795556732262 58.4342036964292 88.69866042027 123.072476398839 134.504043131572 139.915700910033 142.837956407106 144.83257573552 146.676906565288
  77.4584004991722 61.7795556732262 58.4342036964292 88.69866042027 123.072476398839 134.504043131572 139.915700910033 142.837956407106 144.83257573552 146.676906565288
  77.4584004991722 61.7795556732262 58.4342036964292 88.69866042027 123.072476398839 134.504043131572 139.915700910033 142.837956407106 144.83257573552 146.676906565288
  77.4584004991722 61.7795556732262 58.4342036964292 88.69866042027 123.072476398839 134.504043131572 139.915700910033 142.837956407106 144.83257573552 146.676906565288
  77.4584004991722 61.7795556732262 58.4342036964292 88.69866042027 123.072476398839 134.504043131572 139.915700910033 142.837956407106 144.83257573552 146.676906565288
  77.4584004991722 61.7795556732262 58.4342036964292 88.69866042027 123.072476398839 134.504043131572 139.915700910033 142.837956407106 144.83257573552 146.676906565288
  77.4584004991722 61.7795556732262 58.4342036964292 88.69866042027 123.072476398839 134.504043131572 139.915700910033 142.837956407106 144.83257573552 146.676906565288
  77.4584004991722 61.7795556732262 58.4342036964292 88.69866042027 123.072476398839 134.504043131572 139.915700910033 142.837956407106 144.83257573552 146.676906565288
  77.4584004991722 61.7795556732262 58.4342036964292 88.69866042027 123.072476398839 134.504043131572 139.915700910033 142.837956407106 144.83257573552 146.676906565288
  77.4584004991722 61.7795556732262 58.4342036964292 88.69866042027 123.072476398839 134.504043131572 139.915700910033 142.837956407106 144.83257573552 146.676906565288
  77.4584004991722 61.7795556732262 58.4342036964292 88.69866042027 123.072476398839 134.504043131572 139.915700910033 142.837956407106 144.83257573552 146.676906565288
  77.4584004991722 61.7795556732262 58.4342036964292 88.69866042027 123.072476398839 134.504043131572 139.915700910033 142.837956407106 144.83257573552 146.676906565288
  77.4584004991722 61.7795556732262 58.4342036964292 88.69866042027 123.072476398839 134.504043131572 139.915700910033 142.837956407106 144.83257573552 146.676906565288
  77.4584004991722 61.7795556732262 58.4342036964292 88.69866042027 123.072476398839 134.504043131572 139.915700910033 142.837956407106 144.83257573552 146.676906565288
  77.4584004991722 61.7795556732262 58.4342036964292 88.69866042027 123.072476398839 134.504043131572 139.915700910033 142.837956407106 144.83257573552 146.676906565288
  77.4584004991722 61.7795556732262 58.4342036964292 88.69866042027 123.072476398839 134.504043131572 139.915700910033 142.837956407106 144.83257573552 146.676906565288
  77.4584004991722 61.7795556732262 58.4342036964292 88.69866042027 123.072476398839 134.504043131572 139.915700910033 142.837956407106 144.83257573552 146.676906565288
  77.4584004991722 61.7795556732262 58.4342036964292 88.69866042027 123.072476398839 134.504043131572 139.915700910033 142.837956407106 144.83257573552 146.676906565288
  77.4584004991722 61.7795556732262 58.4342036964292 88.69866042027 123.072476398839 134.504043131572 139.915700910033 142.837956407106 144.83257573552 146.676906565288
  77.4584004991722 61.7795556732262 58.4342036964292 88.69866042027 123.072476398839 134.504043131572 139.915700910033 142.837956407106 144.83257573552 146.676906565288
  77.4584004991722 61.7795556732262 58.4342036964292 88.69866042027 123.072476398839 134.504043131572 139.915700910033 142.837956407106 144.83257573552 146.676906565288
  77.4584004991722 61.7795556732262 58.4342036964292 88.69866042027 123.072476398839 134.504043131572 139.915700910033 142.837956407106 144.83257573552 146.676906565288
  77.4584004991722 61.7795556732262 58.4342036964292 88.69866042027 123.072476398839 134.504043131572 139.915700910033 142.837956407106 144.83257573552 146.676906565288
  77.4584004991722 61.7795556732262 58.4342036964292 88.69866042027 123.072476398839 134.504043131572 139.915700910033 142.837956407106 144.83257573552 146.676906565288
  77.4584004991722 61.7795556732262 58.4342036964292 88.69866042027 123.072476398839 134.504043131572 139.915700910033 142.837956407106 144.83257573552 146.676906565288
  77.4584004991722 61.7795556732262 58.4342036964292 88.69866042027 123.072476398839 134.504043131572 139.915700910033 142.837956407106 144.83257573552 146.676906565288
  77.4584004991722 61.7795556732262 58.4342036964292 88.69866042027 123.072476398839 134.504043131572 139.915700910033 142.837956407106 144.83257573552 146.676906565288
  77.4584004991722 61.7795556732262 58.4342036964292 88.69866042027 123.072476398839 134.504043131572 139.915700910033 142.837956407106 144.83257573552 146.676906565288
  77.4584004991722 61.7795556732262 58.4342036964292 88.69866042027 123.072476398839 134.504043131572 139.915700910033 142.837956407106 144.83257573552 146.676906565288
  77.4584004991722 61.7795556732262 58.4342036964292 88.69866042027 123.072476398839 134.504043131572 139.915700910033 142.837956407106 144.83257573552 146.676906565288
  77.4584004991722 61.7795556732262 58.4342036964292 88.69866042027 123.072476398839 134.504043131572 139.915700910033 142.837956407106 144.83257573552 146.676906565288
  77.4584004991722 61.7795556732262 58.4342036964292 88.69866042027 123.072476398839 134.504043131572 139.915700910033 142.837956407106 144.83257573552 146.676906565288
  77.4584004991722 61.7795556732262 58.4342036964292 88.69866042027 123.072476398839 134.504043131572 139.915700910033 142.837956407106 144.83257573552 146.676906565288
  77.4584004991722 61.7795556732262 58.4342036964292 88.69866042027 123.072476398839 134.504043131572 139.915700910033 142.837956407106 144.83257573552 146.676906565288
  77.4584004991722 61.7795556732262 58.4342036964292 88.69866042027 123.072476398839 134.504043131572 139.915700910033 142.837956407106 144.83257573552 146.676906565288
  77.4584004991722 61.7795556732262 58.4342036964292 88.69866042027 123.072476398839 134.504043131572 139.915700910033 142.837956407106 144.83257573552 146.676906565288
  77.4584004991722 61.7795556732262 58.4342036964292 88.69866042027 123.072476398839 134.504043131572 139.915700910033 142.837956407106 144.83257573552 146.676906565288
  77.4584004991722 61.7795556732262 58.4342036964292 88.69866042027 123.072476398839 134.504043131572 139.915700910033 142.837956407106 144.83257573552 146.676906565288
  77.4584004991722 61.7795556732262 58.4342036964292 88.69866042027 123.072476398839 134.504043131572 139.915700910033 142.837956407106 144.83257573552 146.676906565288
  77.4584004991722 61.7795556732262 58.4342036964292 88.69866042027 123.072476398839 134.504043131572 139.915700910033 142.837956407106 144.83257573552 146.676906565288
  77.4584004991722 61.7795556732262 58.4342036964292 88.69866042027 123.072476398839 134.504043131572 139.915700910033 142.837956407106 144.83257573552 146.676906565288
  77.4584004991722 61.7795556732262 58.4342036964292 88.69866042027 123.072476398839 134.504043131572 139.915700910033 142.837956407106 144.83257573552 146.676906565288
  77.4584004991722 61.7795556732262 58.4342036964292 88.69866042027 123.072476398839 134.504043131572 139.915700910033 142.837956407106 144.83257573552 146.676906565288
  77.4584004991722 61.7795556732262 58.4342036964292 88.69866042027 123.072476398839 134.504043131572 139.915700910033 142.837956407106 144.83257573552 146.676906565288
  77.4584004991722 61.7795556732262 58.4342036964292 88.69866042027 123.072476398839 134.504043131572 139.915700910033 142.837956407106 144.83257573552 146.676906565288
  77.4584004991722 61.7795556732262 58.4342036964292 88.69866042027 123.072476398839 134.504043131572 139.915700910033 142.837956407106 144.83257573552 146.676906565288
  77.4584004991722 61.7795556732262 58.4342036964292 88.69866042027 123.072476398839 134.504043131572 139.915700910033 142.837956407106 144.83257573552 146.676906565288
  77.4584004991722 61.7795556732262 58.4342036964292 88.69866042027 123.072476398839 134.504043131572 139.915700910033 142.837956407106 144.83257573552 146.676906565288
  77.4584004991722 61.7795556732262 58.4342036964292 88.69866042027 123.072476398839 134.504043131572 139.915700910033 142.837956407106 144.83257573552 146.676906565288
  77.4584004991722 61.7795556732262 58.4342036964292 88.69866042027 123.072476398839 134.504043131572 139.915700910033 142.837956407106 144.83257573552 146.676906565288
  77.4584004991722 61.7795556732262 58.4342036964292 88.69866042027 123.072476398839 134.504043131572 139.915700910033 142.837956407106 144.83257573552 146.676906565288
#  North_atl_cod
  87.4313541022837 87.423786774992 87.3274174706453 86.4603048228458 79.7580333221984 57.4854495516573 44.6505448755371 48.0851460662632 54.3234254698577 59.1315121291293
  87.4313541022837 87.423786774992 87.3274174706453 86.4603048228458 79.7580333221984 57.4854495516573 44.6505448755371 48.0851460662632 54.3234254698577 59.1315121291293
  87.4313541022837 87.423786774992 87.3274174706453 86.4603048228458 79.7580333221984 57.4854495516573 44.6505448755371 48.0851460662632 54.3234254698577 59.1315121291293
  87.4313541022837 87.423786774992 87.3274174706453 86.4603048228458 79.7580333221984 57.4854495516573 44.6505448755371 48.0851460662632 54.3234254698577 59.1315121291293
  87.4313541022837 87.423786774992 87.3274174706453 86.4603048228458 79.7580333221984 57.4854495516573 44.6505448755371 48.0851460662632 54.3234254698577 59.1315121291293
  87.4313541022837 87.423786774992 87.3274174706453 86.4603048228458 79.7580333221984 57.4854495516573 44.6505448755371 48.0851460662632 54.3234254698577 59.1315121291293
  87.4313541022837 87.423786774992 87.3274174706453 86.4603048228458 79.7580333221984 57.4854495516573 44.6505448755371 48.0851460662632 54.3234254698577 59.1315121291293
  87.4313541022837 87.423786774992 87.3274174706453 86.4603048228458 79.7580333221984 57.4854495516573 44.6505448755371 48.0851460662632 54.3234254698577 59.1315121291293
  87.4313541022837 87.423786774992 87.3274174706453 86.4603048228458 79.7580333221984 57.4854495516573 44.6505448755371 48.0851460662632 54.3234254698577 59.1315121291293
  87.4313541022837 87.423786774992 87.3274174706453 86.4603048228458 79.7580333221984 57.4854495516573 44.6505448755371 48.0851460662632 54.3234254698577 59.1315121291293
  87.4313541022837 87.423786774992 87.3274174706453 86.4603048228458 79.7580333221984 57.4854495516573 44.6505448755371 48.0851460662632 54.3234254698577 59.1315121291293
  87.4313541022837 87.423786774992 87.3274174706453 86.4603048228458 79.7580333221984 57.4854495516573 44.6505448755371 48.0851460662632 54.3234254698577 59.1315121291293
  87.4313541022837 87.423786774992 87.3274174706453 86.4603048228458 79.7580333221984 57.4854495516573 44.6505448755371 48.0851460662632 54.3234254698577 59.1315121291293
  87.4313541022837 87.423786774992 87.3274174706453 86.4603048228458 79.7580333221984 57.4854495516573 44.6505448755371 48.0851460662632 54.3234254698577 59.1315121291293
  87.4313541022837 87.423786774992 87.3274174706453 86.4603048228458 79.7580333221984 57.4854495516573 44.6505448755371 48.0851460662632 54.3234254698577 59.1315121291293
  87.4313541022837 87.423786774992 87.3274174706453 86.4603048228458 79.7580333221984 57.4854495516573 44.6505448755371 48.0851460662632 54.3234254698577 59.1315121291293
  87.4313541022837 87.423786774992 87.3274174706453 86.4603048228458 79.7580333221984 57.4854495516573 44.6505448755371 48.0851460662632 54.3234254698577 59.1315121291293
  87.4313541022837 87.423786774992 87.3274174706453 86.4603048228458 79.7580333221984 57.4854495516573 44.6505448755371 48.0851460662632 54.3234254698577 59.1315121291293
  87.4313541022837 87.423786774992 87.3274174706453 86.4603048228458 79.7580333221984 57.4854495516573 44.6505448755371 48.0851460662632 54.3234254698577 59.1315121291293
  87.4313541022837 87.423786774992 87.3274174706453 86.4603048228458 79.7580333221984 57.4854495516573 44.6505448755371 48.0851460662632 54.3234254698577 59.1315121291293
  87.4313541022837 87.423786774992 87.3274174706453 86.4603048228458 79.7580333221984 57.4854495516573 44.6505448755371 48.0851460662632 54.3234254698577 59.1315121291293
  87.4313541022837 87.423786774992 87.3274174706453 86.4603048228458 79.7580333221984 57.4854495516573 44.6505448755371 48.0851460662632 54.3234254698577 59.1315121291293
  87.4313541022837 87.423786774992 87.3274174706453 86.4603048228458 79.7580333221984 57.4854495516573 44.6505448755371 48.0851460662632 54.3234254698577 59.1315121291293
  87.4313541022837 87.423786774992 87.3274174706453 86.4603048228458 79.7580333221984 57.4854495516573 44.6505448755371 48.0851460662632 54.3234254698577 59.1315121291293
  87.4313541022837 87.423786774992 87.3274174706453 86.4603048228458 79.7580333221984 57.4854495516573 44.6505448755371 48.0851460662632 54.3234254698577 59.1315121291293
  87.4313541022837 87.423786774992 87.3274174706453 86.4603048228458 79.7580333221984 57.4854495516573 44.6505448755371 48.0851460662632 54.3234254698577 59.1315121291293
  87.4313541022837 87.423786774992 87.3274174706453 86.4603048228458 79.7580333221984 57.4854495516573 44.6505448755371 48.0851460662632 54.3234254698577 59.1315121291293
  87.4313541022837 87.423786774992 87.3274174706453 86.4603048228458 79.7580333221984 57.4854495516573 44.6505448755371 48.0851460662632 54.3234254698577 59.1315121291293
  87.4313541022837 87.423786774992 87.3274174706453 86.4603048228458 79.7580333221984 57.4854495516573 44.6505448755371 48.0851460662632 54.3234254698577 59.1315121291293
  87.4313541022837 87.423786774992 87.3274174706453 86.4603048228458 79.7580333221984 57.4854495516573 44.6505448755371 48.0851460662632 54.3234254698577 59.1315121291293
  87.4313541022837 87.423786774992 87.3274174706453 86.4603048228458 79.7580333221984 57.4854495516573 44.6505448755371 48.0851460662632 54.3234254698577 59.1315121291293
  87.4313541022837 87.423786774992 87.3274174706453 86.4603048228458 79.7580333221984 57.4854495516573 44.6505448755371 48.0851460662632 54.3234254698577 59.1315121291293
  87.4313541022837 87.423786774992 87.3274174706453 86.4603048228458 79.7580333221984 57.4854495516573 44.6505448755371 48.0851460662632 54.3234254698577 59.1315121291293
  87.4313541022837 87.423786774992 87.3274174706453 86.4603048228458 79.7580333221984 57.4854495516573 44.6505448755371 48.0851460662632 54.3234254698577 59.1315121291293
  87.4313541022837 87.423786774992 87.3274174706453 86.4603048228458 79.7580333221984 57.4854495516573 44.6505448755371 48.0851460662632 54.3234254698577 59.1315121291293
  87.4313541022837 87.423786774992 87.3274174706453 86.4603048228458 79.7580333221984 57.4854495516573 44.6505448755371 48.0851460662632 54.3234254698577 59.1315121291293
  87.4313541022837 87.423786774992 87.3274174706453 86.4603048228458 79.7580333221984 57.4854495516573 44.6505448755371 48.0851460662632 54.3234254698577 59.1315121291293
  87.4313541022837 87.423786774992 87.3274174706453 86.4603048228458 79.7580333221984 57.4854495516573 44.6505448755371 48.0851460662632 54.3234254698577 59.1315121291293
  87.4313541022837 87.423786774992 87.3274174706453 86.4603048228458 79.7580333221984 57.4854495516573 44.6505448755371 48.0851460662632 54.3234254698577 59.1315121291293
  87.4313541022837 87.423786774992 87.3274174706453 86.4603048228458 79.7580333221984 57.4854495516573 44.6505448755371 48.0851460662632 54.3234254698577 59.1315121291293
  87.4313541022837 87.423786774992 87.3274174706453 86.4603048228458 79.7580333221984 57.4854495516573 44.6505448755371 48.0851460662632 54.3234254698577 59.1315121291293
  87.4313541022837 87.423786774992 87.3274174706453 86.4603048228458 79.7580333221984 57.4854495516573 44.6505448755371 48.0851460662632 54.3234254698577 59.1315121291293
  87.4313541022837 87.423786774992 87.3274174706453 86.4603048228458 79.7580333221984 57.4854495516573 44.6505448755371 48.0851460662632 54.3234254698577 59.1315121291293
  87.4313541022837 87.423786774992 87.3274174706453 86.4603048228458 79.7580333221984 57.4854495516573 44.6505448755371 48.0851460662632 54.3234254698577 59.1315121291293
  87.4313541022837 87.423786774992 87.3274174706453 86.4603048228458 79.7580333221984 57.4854495516573 44.6505448755371 48.0851460662632 54.3234254698577 59.1315121291293
  87.4313541022837 87.423786774992 87.3274174706453 86.4603048228458 79.7580333221984 57.4854495516573 44.6505448755371 48.0851460662632 54.3234254698577 59.1315121291293
  87.4313541022837 87.423786774992 87.3274174706453 86.4603048228458 79.7580333221984 57.4854495516573 44.6505448755371 48.0851460662632 54.3234254698577 59.1315121291293
  87.4313541022837 87.423786774992 87.3274174706453 86.4603048228458 79.7580333221984 57.4854495516573 44.6505448755371 48.0851460662632 54.3234254698577 59.1315121291293
  87.4313541022837 87.423786774992 87.3274174706453 86.4603048228458 79.7580333221984 57.4854495516573 44.6505448755371 48.0851460662632 54.3234254698577 59.1315121291293
  87.4313541022837 87.423786774992 87.3274174706453 86.4603048228458 79.7580333221984 57.4854495516573 44.6505448755371 48.0851460662632 54.3234254698577 59.1315121291293
  87.4313541022837 87.423786774992 87.3274174706453 86.4603048228458 79.7580333221984 57.4854495516573 44.6505448755371 48.0851460662632 54.3234254698577 59.1315121291293
  87.4313541022837 87.423786774992 87.3274174706453 86.4603048228458 79.7580333221984 57.4854495516573 44.6505448755371 48.0851460662632 54.3234254698577 59.1315121291293
  87.4313541022837 87.423786774992 87.3274174706453 86.4603048228458 79.7580333221984 57.4854495516573 44.6505448755371 48.0851460662632 54.3234254698577 59.1315121291293
  87.4313541022837 87.423786774992 87.3274174706453 86.4603048228458 79.7580333221984 57.4854495516573 44.6505448755371 48.0851460662632 54.3234254698577 59.1315121291293
  87.4313541022837 87.423786774992 87.3274174706453 86.4603048228458 79.7580333221984 57.4854495516573 44.6505448755371 48.0851460662632 54.3234254698577 59.1315121291293
  87.4313541022837 87.423786774992 87.3274174706453 86.4603048228458 79.7580333221984 57.4854495516573 44.6505448755371 48.0851460662632 54.3234254698577 59.1315121291293
  87.4313541022837 87.423786774992 87.3274174706453 86.4603048228458 79.7580333221984 57.4854495516573 44.6505448755371 48.0851460662632 54.3234254698577 59.1315121291293
  87.4313541022837 87.423786774992 87.3274174706453 86.4603048228458 79.7580333221984 57.4854495516573 44.6505448755371 48.0851460662632 54.3234254698577 59.1315121291293
  87.4313541022837 87.423786774992 87.3274174706453 86.4603048228458 79.7580333221984 57.4854495516573 44.6505448755371 48.0851460662632 54.3234254698577 59.1315121291293
  87.4313541022837 87.423786774992 87.3274174706453 86.4603048228458 79.7580333221984 57.4854495516573 44.6505448755371 48.0851460662632 54.3234254698577 59.1315121291293
  87.4313541022837 87.423786774992 87.3274174706453 86.4603048228458 79.7580333221984 57.4854495516573 44.6505448755371 48.0851460662632 54.3234254698577 59.1315121291293
  87.4313541022837 87.423786774992 87.3274174706453 86.4603048228458 79.7580333221984 57.4854495516573 44.6505448755371 48.0851460662632 54.3234254698577 59.1315121291293
  87.4313541022837 87.423786774992 87.3274174706453 86.4603048228458 79.7580333221984 57.4854495516573 44.6505448755371 48.0851460662632 54.3234254698577 59.1315121291293
  87.4313541022837 87.423786774992 87.3274174706453 86.4603048228458 79.7580333221984 57.4854495516573 44.6505448755371 48.0851460662632 54.3234254698577 59.1315121291293
  87.4313541022837 87.423786774992 87.3274174706453 86.4603048228458 79.7580333221984 57.4854495516573 44.6505448755371 48.0851460662632 54.3234254698577 59.1315121291293
  87.4313541022837 87.423786774992 87.3274174706453 86.4603048228458 79.7580333221984 57.4854495516573 44.6505448755371 48.0851460662632 54.3234254698577 59.1315121291293
  87.4313541022837 87.423786774992 87.3274174706453 86.4603048228458 79.7580333221984 57.4854495516573 44.6505448755371 48.0851460662632 54.3234254698577 59.1315121291293
  87.4313541022837 87.423786774992 87.3274174706453 86.4603048228458 79.7580333221984 57.4854495516573 44.6505448755371 48.0851460662632 54.3234254698577 59.1315121291293
  87.4313541022837 87.423786774992 87.3274174706453 86.4603048228458 79.7580333221984 57.4854495516573 44.6505448755371 48.0851460662632 54.3234254698577 59.1315121291293
  87.4313541022837 87.423786774992 87.3274174706453 86.4603048228458 79.7580333221984 57.4854495516573 44.6505448755371 48.0851460662632 54.3234254698577 59.1315121291293
  87.4313541022837 87.423786774992 87.3274174706453 86.4603048228458 79.7580333221984 57.4854495516573 44.6505448755371 48.0851460662632 54.3234254698577 59.1315121291293
  87.4313541022837 87.423786774992 87.3274174706453 86.4603048228458 79.7580333221984 57.4854495516573 44.6505448755371 48.0851460662632 54.3234254698577 59.1315121291293
  87.4313541022837 87.423786774992 87.3274174706453 86.4603048228458 79.7580333221984 57.4854495516573 44.6505448755371 48.0851460662632 54.3234254698577 59.1315121291293
  87.4313541022837 87.423786774992 87.3274174706453 86.4603048228458 79.7580333221984 57.4854495516573 44.6505448755371 48.0851460662632 54.3234254698577 59.1315121291293
  87.4313541022837 87.423786774992 87.3274174706453 86.4603048228458 79.7580333221984 57.4854495516573 44.6505448755371 48.0851460662632 54.3234254698577 59.1315121291293
  87.4313541022837 87.423786774992 87.3274174706453 86.4603048228458 79.7580333221984 57.4854495516573 44.6505448755371 48.0851460662632 54.3234254698577 59.1315121291293
  87.4313541022837 87.423786774992 87.3274174706453 86.4603048228458 79.7580333221984 57.4854495516573 44.6505448755371 48.0851460662632 54.3234254698577 59.1315121291293
  87.4313541022837 87.423786774992 87.3274174706453 86.4603048228458 79.7580333221984 57.4854495516573 44.6505448755371 48.0851460662632 54.3234254698577 59.1315121291293
  87.4313541022837 87.423786774992 87.3274174706453 86.4603048228458 79.7580333221984 57.4854495516573 44.6505448755371 48.0851460662632 54.3234254698577 59.1315121291293
  87.4313541022837 87.423786774992 87.3274174706453 86.4603048228458 79.7580333221984 57.4854495516573 44.6505448755371 48.0851460662632 54.3234254698577 59.1315121291293
  87.4313541022837 87.423786774992 87.3274174706453 86.4603048228458 79.7580333221984 57.4854495516573 44.6505448755371 48.0851460662632 54.3234254698577 59.1315121291293
#  Norwegian_ssh
  0.631504578654531 0.70317910201263 0.97176452303607 1.24203330582575 1.61579324356121 1.89797632840811 2.09048719821436 2.29138160981186 2.50973087877447 2.80920471595954
  0.631504578654531 0.70317910201263 0.97176452303607 1.24203330582575 1.61579324356121 1.89797632840811 2.09048719821436 2.29138160981186 2.50973087877447 2.80920471595954
  0.631504578654531 0.70317910201263 0.97176452303607 1.24203330582575 1.61579324356121 1.89797632840811 2.09048719821436 2.29138160981186 2.50973087877447 2.80920471595954
  0.631504578654531 0.70317910201263 0.97176452303607 1.24203330582575 1.61579324356121 1.89797632840811 2.09048719821436 2.29138160981186 2.50973087877447 2.80920471595954
  0.631504578654531 0.70317910201263 0.97176452303607 1.24203330582575 1.61579324356121 1.89797632840811 2.09048719821436 2.29138160981186 2.50973087877447 2.80920471595954
  0.631504578654531 0.70317910201263 0.97176452303607 1.24203330582575 1.61579324356121 1.89797632840811 2.09048719821436 2.29138160981186 2.50973087877447 2.80920471595954
  0.631504578654531 0.70317910201263 0.97176452303607 1.24203330582575 1.61579324356121 1.89797632840811 2.09048719821436 2.29138160981186 2.50973087877447 2.80920471595954
  0.631504578654531 0.70317910201263 0.97176452303607 1.24203330582575 1.61579324356121 1.89797632840811 2.09048719821436 2.29138160981186 2.50973087877447 2.80920471595954
  0.631504578654531 0.70317910201263 0.97176452303607 1.24203330582575 1.61579324356121 1.89797632840811 2.09048719821436 2.29138160981186 2.50973087877447 2.80920471595954
  0.631504578654531 0.70317910201263 0.97176452303607 1.24203330582575 1.61579324356121 1.89797632840811 2.09048719821436 2.29138160981186 2.50973087877447 2.80920471595954
  0.631504578654531 0.70317910201263 0.97176452303607 1.24203330582575 1.61579324356121 1.89797632840811 2.09048719821436 2.29138160981186 2.50973087877447 2.80920471595954
  0.631504578654531 0.70317910201263 0.97176452303607 1.24203330582575 1.61579324356121 1.89797632840811 2.09048719821436 2.29138160981186 2.50973087877447 2.80920471595954
  0.631504578654531 0.70317910201263 0.97176452303607 1.24203330582575 1.61579324356121 1.89797632840811 2.09048719821436 2.29138160981186 2.50973087877447 2.80920471595954
  0.631504578654531 0.70317910201263 0.97176452303607 1.24203330582575 1.61579324356121 1.89797632840811 2.09048719821436 2.29138160981186 2.50973087877447 2.80920471595954
  0.631504578654531 0.70317910201263 0.97176452303607 1.24203330582575 1.61579324356121 1.89797632840811 2.09048719821436 2.29138160981186 2.50973087877447 2.80920471595954
  0.631504578654531 0.70317910201263 0.97176452303607 1.24203330582575 1.61579324356121 1.89797632840811 2.09048719821436 2.29138160981186 2.50973087877447 2.80920471595954
  0.631504578654531 0.70317910201263 0.97176452303607 1.24203330582575 1.61579324356121 1.89797632840811 2.09048719821436 2.29138160981186 2.50973087877447 2.80920471595954
  0.631504578654531 0.70317910201263 0.97176452303607 1.24203330582575 1.61579324356121 1.89797632840811 2.09048719821436 2.29138160981186 2.50973087877447 2.80920471595954
  0.631504578654531 0.70317910201263 0.97176452303607 1.24203330582575 1.61579324356121 1.89797632840811 2.09048719821436 2.29138160981186 2.50973087877447 2.80920471595954
  0.631504578654531 0.70317910201263 0.97176452303607 1.24203330582575 1.61579324356121 1.89797632840811 2.09048719821436 2.29138160981186 2.50973087877447 2.80920471595954
  0.631504578654531 0.70317910201263 0.97176452303607 1.24203330582575 1.61579324356121 1.89797632840811 2.09048719821436 2.29138160981186 2.50973087877447 2.80920471595954
  0.631504578654531 0.70317910201263 0.97176452303607 1.24203330582575 1.61579324356121 1.89797632840811 2.09048719821436 2.29138160981186 2.50973087877447 2.80920471595954
  0.631504578654531 0.70317910201263 0.97176452303607 1.24203330582575 1.61579324356121 1.89797632840811 2.09048719821436 2.29138160981186 2.50973087877447 2.80920471595954
  0.631504578654531 0.70317910201263 0.97176452303607 1.24203330582575 1.61579324356121 1.89797632840811 2.09048719821436 2.29138160981186 2.50973087877447 2.80920471595954
  0.631504578654531 0.70317910201263 0.97176452303607 1.24203330582575 1.61579324356121 1.89797632840811 2.09048719821436 2.29138160981186 2.50973087877447 2.80920471595954
  0.631504578654531 0.70317910201263 0.97176452303607 1.24203330582575 1.61579324356121 1.89797632840811 2.09048719821436 2.29138160981186 2.50973087877447 2.80920471595954
  0.631504578654531 0.70317910201263 0.97176452303607 1.24203330582575 1.61579324356121 1.89797632840811 2.09048719821436 2.29138160981186 2.50973087877447 2.80920471595954
  0.631504578654531 0.70317910201263 0.97176452303607 1.24203330582575 1.61579324356121 1.89797632840811 2.09048719821436 2.29138160981186 2.50973087877447 2.80920471595954
  0.631504578654531 0.70317910201263 0.97176452303607 1.24203330582575 1.61579324356121 1.89797632840811 2.09048719821436 2.29138160981186 2.50973087877447 2.80920471595954
  0.631504578654531 0.70317910201263 0.97176452303607 1.24203330582575 1.61579324356121 1.89797632840811 2.09048719821436 2.29138160981186 2.50973087877447 2.80920471595954
  0.631504578654531 0.70317910201263 0.97176452303607 1.24203330582575 1.61579324356121 1.89797632840811 2.09048719821436 2.29138160981186 2.50973087877447 2.80920471595954
  0.631504578654531 0.70317910201263 0.97176452303607 1.24203330582575 1.61579324356121 1.89797632840811 2.09048719821436 2.29138160981186 2.50973087877447 2.80920471595954
  0.631504578654531 0.70317910201263 0.97176452303607 1.24203330582575 1.61579324356121 1.89797632840811 2.09048719821436 2.29138160981186 2.50973087877447 2.80920471595954
  0.631504578654531 0.70317910201263 0.97176452303607 1.24203330582575 1.61579324356121 1.89797632840811 2.09048719821436 2.29138160981186 2.50973087877447 2.80920471595954
  0.631504578654531 0.70317910201263 0.97176452303607 1.24203330582575 1.61579324356121 1.89797632840811 2.09048719821436 2.29138160981186 2.50973087877447 2.80920471595954
  0.631504578654531 0.70317910201263 0.97176452303607 1.24203330582575 1.61579324356121 1.89797632840811 2.09048719821436 2.29138160981186 2.50973087877447 2.80920471595954
  0.631504578654531 0.70317910201263 0.97176452303607 1.24203330582575 1.61579324356121 1.89797632840811 2.09048719821436 2.29138160981186 2.50973087877447 2.80920471595954
  0.631504578654531 0.70317910201263 0.97176452303607 1.24203330582575 1.61579324356121 1.89797632840811 2.09048719821436 2.29138160981186 2.50973087877447 2.80920471595954
  0.631504578654531 0.70317910201263 0.97176452303607 1.24203330582575 1.61579324356121 1.89797632840811 2.09048719821436 2.29138160981186 2.50973087877447 2.80920471595954
  0.631504578654531 0.70317910201263 0.97176452303607 1.24203330582575 1.61579324356121 1.89797632840811 2.09048719821436 2.29138160981186 2.50973087877447 2.80920471595954
  0.631504578654531 0.70317910201263 0.97176452303607 1.24203330582575 1.61579324356121 1.89797632840811 2.09048719821436 2.29138160981186 2.50973087877447 2.80920471595954
  0.631504578654531 0.70317910201263 0.97176452303607 1.24203330582575 1.61579324356121 1.89797632840811 2.09048719821436 2.29138160981186 2.50973087877447 2.80920471595954
  0.631504578654531 0.70317910201263 0.97176452303607 1.24203330582575 1.61579324356121 1.89797632840811 2.09048719821436 2.29138160981186 2.50973087877447 2.80920471595954
  0.631504578654531 0.70317910201263 0.97176452303607 1.24203330582575 1.61579324356121 1.89797632840811 2.09048719821436 2.29138160981186 2.50973087877447 2.80920471595954
  0.631504578654531 0.70317910201263 0.97176452303607 1.24203330582575 1.61579324356121 1.89797632840811 2.09048719821436 2.29138160981186 2.50973087877447 2.80920471595954
  0.631504578654531 0.70317910201263 0.97176452303607 1.24203330582575 1.61579324356121 1.89797632840811 2.09048719821436 2.29138160981186 2.50973087877447 2.80920471595954
  0.631504578654531 0.70317910201263 0.97176452303607 1.24203330582575 1.61579324356121 1.89797632840811 2.09048719821436 2.29138160981186 2.50973087877447 2.80920471595954
  0.631504578654531 0.70317910201263 0.97176452303607 1.24203330582575 1.61579324356121 1.89797632840811 2.09048719821436 2.29138160981186 2.50973087877447 2.80920471595954
  0.631504578654531 0.70317910201263 0.97176452303607 1.24203330582575 1.61579324356121 1.89797632840811 2.09048719821436 2.29138160981186 2.50973087877447 2.80920471595954
  0.631504578654531 0.70317910201263 0.97176452303607 1.24203330582575 1.61579324356121 1.89797632840811 2.09048719821436 2.29138160981186 2.50973087877447 2.80920471595954
  0.631504578654531 0.70317910201263 0.97176452303607 1.24203330582575 1.61579324356121 1.89797632840811 2.09048719821436 2.29138160981186 2.50973087877447 2.80920471595954
  0.631504578654531 0.70317910201263 0.97176452303607 1.24203330582575 1.61579324356121 1.89797632840811 2.09048719821436 2.29138160981186 2.50973087877447 2.80920471595954
  0.631504578654531 0.70317910201263 0.97176452303607 1.24203330582575 1.61579324356121 1.89797632840811 2.09048719821436 2.29138160981186 2.50973087877447 2.80920471595954
  0.631504578654531 0.70317910201263 0.97176452303607 1.24203330582575 1.61579324356121 1.89797632840811 2.09048719821436 2.29138160981186 2.50973087877447 2.80920471595954
  0.631504578654531 0.70317910201263 0.97176452303607 1.24203330582575 1.61579324356121 1.89797632840811 2.09048719821436 2.29138160981186 2.50973087877447 2.80920471595954
  0.631504578654531 0.70317910201263 0.97176452303607 1.24203330582575 1.61579324356121 1.89797632840811 2.09048719821436 2.29138160981186 2.50973087877447 2.80920471595954
  0.631504578654531 0.70317910201263 0.97176452303607 1.24203330582575 1.61579324356121 1.89797632840811 2.09048719821436 2.29138160981186 2.50973087877447 2.80920471595954
  0.631504578654531 0.70317910201263 0.97176452303607 1.24203330582575 1.61579324356121 1.89797632840811 2.09048719821436 2.29138160981186 2.50973087877447 2.80920471595954
  0.631504578654531 0.70317910201263 0.97176452303607 1.24203330582575 1.61579324356121 1.89797632840811 2.09048719821436 2.29138160981186 2.50973087877447 2.80920471595954
  0.631504578654531 0.70317910201263 0.97176452303607 1.24203330582575 1.61579324356121 1.89797632840811 2.09048719821436 2.29138160981186 2.50973087877447 2.80920471595954
  0.631504578654531 0.70317910201263 0.97176452303607 1.24203330582575 1.61579324356121 1.89797632840811 2.09048719821436 2.29138160981186 2.50973087877447 2.80920471595954
  0.631504578654531 0.70317910201263 0.97176452303607 1.24203330582575 1.61579324356121 1.89797632840811 2.09048719821436 2.29138160981186 2.50973087877447 2.80920471595954
  0.631504578654531 0.70317910201263 0.97176452303607 1.24203330582575 1.61579324356121 1.89797632840811 2.09048719821436 2.29138160981186 2.50973087877447 2.80920471595954
  0.631504578654531 0.70317910201263 0.97176452303607 1.24203330582575 1.61579324356121 1.89797632840811 2.09048719821436 2.29138160981186 2.50973087877447 2.80920471595954
  0.631504578654531 0.70317910201263 0.97176452303607 1.24203330582575 1.61579324356121 1.89797632840811 2.09048719821436 2.29138160981186 2.50973087877447 2.80920471595954
  0.631504578654531 0.70317910201263 0.97176452303607 1.24203330582575 1.61579324356121 1.89797632840811 2.09048719821436 2.29138160981186 2.50973087877447 2.80920471595954
  0.631504578654531 0.70317910201263 0.97176452303607 1.24203330582575 1.61579324356121 1.89797632840811 2.09048719821436 2.29138160981186 2.50973087877447 2.80920471595954
  0.631504578654531 0.70317910201263 0.97176452303607 1.24203330582575 1.61579324356121 1.89797632840811 2.09048719821436 2.29138160981186 2.50973087877447 2.80920471595954
  0.631504578654531 0.70317910201263 0.97176452303607 1.24203330582575 1.61579324356121 1.89797632840811 2.09048719821436 2.29138160981186 2.50973087877447 2.80920471595954
  0.631504578654531 0.70317910201263 0.97176452303607 1.24203330582575 1.61579324356121 1.89797632840811 2.09048719821436 2.29138160981186 2.50973087877447 2.80920471595954
  0.631504578654531 0.70317910201263 0.97176452303607 1.24203330582575 1.61579324356121 1.89797632840811 2.09048719821436 2.29138160981186 2.50973087877447 2.80920471595954
  0.631504578654531 0.70317910201263 0.97176452303607 1.24203330582575 1.61579324356121 1.89797632840811 2.09048719821436 2.29138160981186 2.50973087877447 2.80920471595954
  0.631504578654531 0.70317910201263 0.97176452303607 1.24203330582575 1.61579324356121 1.89797632840811 2.09048719821436 2.29138160981186 2.50973087877447 2.80920471595954
  0.631504578654531 0.70317910201263 0.97176452303607 1.24203330582575 1.61579324356121 1.89797632840811 2.09048719821436 2.29138160981186 2.50973087877447 2.80920471595954
  0.631504578654531 0.70317910201263 0.97176452303607 1.24203330582575 1.61579324356121 1.89797632840811 2.09048719821436 2.29138160981186 2.50973087877447 2.80920471595954
  0.631504578654531 0.70317910201263 0.97176452303607 1.24203330582575 1.61579324356121 1.89797632840811 2.09048719821436 2.29138160981186 2.50973087877447 2.80920471595954
  0.631504578654531 0.70317910201263 0.97176452303607 1.24203330582575 1.61579324356121 1.89797632840811 2.09048719821436 2.29138160981186 2.50973087877447 2.80920471595954
  0.631504578654531 0.70317910201263 0.97176452303607 1.24203330582575 1.61579324356121 1.89797632840811 2.09048719821436 2.29138160981186 2.50973087877447 2.80920471595954
  0.631504578654531 0.70317910201263 0.97176452303607 1.24203330582575 1.61579324356121 1.89797632840811 2.09048719821436 2.29138160981186 2.50973087877447 2.80920471595954
  0.631504578654531 0.70317910201263 0.97176452303607 1.24203330582575 1.61579324356121 1.89797632840811 2.09048719821436 2.29138160981186 2.50973087877447 2.80920471595954
  0.631504578654531 0.70317910201263 0.97176452303607 1.24203330582575 1.61579324356121 1.89797632840811 2.09048719821436 2.29138160981186 2.50973087877447 2.80920471595954
#  Polar_cod
  0.777032622633386 0.657137063924716 0.386033221071672 0.245764321617044 0.215231853920839 0.220426666423396 0.23439582942098 0.249399519494503 0.263285382728852 0.278157263527225
  0.777032622633386 0.657137063924716 0.386033221071672 0.245764321617044 0.215231853920839 0.220426666423396 0.23439582942098 0.249399519494503 0.263285382728852 0.278157263527225
  0.777032622633386 0.657137063924716 0.386033221071672 0.245764321617044 0.215231853920839 0.220426666423396 0.23439582942098 0.249399519494503 0.263285382728852 0.278157263527225
  0.777032622633386 0.657137063924716 0.386033221071672 0.245764321617044 0.215231853920839 0.220426666423396 0.23439582942098 0.249399519494503 0.263285382728852 0.278157263527225
  0.777032622633386 0.657137063924716 0.386033221071672 0.245764321617044 0.215231853920839 0.220426666423396 0.23439582942098 0.249399519494503 0.263285382728852 0.278157263527225
  0.777032622633386 0.657137063924716 0.386033221071672 0.245764321617044 0.215231853920839 0.220426666423396 0.23439582942098 0.249399519494503 0.263285382728852 0.278157263527225
  0.777032622633386 0.657137063924716 0.386033221071672 0.245764321617044 0.215231853920839 0.220426666423396 0.23439582942098 0.249399519494503 0.263285382728852 0.278157263527225
  0.777032622633386 0.657137063924716 0.386033221071672 0.245764321617044 0.215231853920839 0.220426666423396 0.23439582942098 0.249399519494503 0.263285382728852 0.278157263527225
  0.777032622633386 0.657137063924716 0.386033221071672 0.245764321617044 0.215231853920839 0.220426666423396 0.23439582942098 0.249399519494503 0.263285382728852 0.278157263527225
  0.777032622633386 0.657137063924716 0.386033221071672 0.245764321617044 0.215231853920839 0.220426666423396 0.23439582942098 0.249399519494503 0.263285382728852 0.278157263527225
  0.777032622633386 0.657137063924716 0.386033221071672 0.245764321617044 0.215231853920839 0.220426666423396 0.23439582942098 0.249399519494503 0.263285382728852 0.278157263527225
  0.777032622633386 0.657137063924716 0.386033221071672 0.245764321617044 0.215231853920839 0.220426666423396 0.23439582942098 0.249399519494503 0.263285382728852 0.278157263527225
  0.777032622633386 0.657137063924716 0.386033221071672 0.245764321617044 0.215231853920839 0.220426666423396 0.23439582942098 0.249399519494503 0.263285382728852 0.278157263527225
  0.777032622633386 0.657137063924716 0.386033221071672 0.245764321617044 0.215231853920839 0.220426666423396 0.23439582942098 0.249399519494503 0.263285382728852 0.278157263527225
  0.777032622633386 0.657137063924716 0.386033221071672 0.245764321617044 0.215231853920839 0.220426666423396 0.23439582942098 0.249399519494503 0.263285382728852 0.278157263527225
  0.777032622633386 0.657137063924716 0.386033221071672 0.245764321617044 0.215231853920839 0.220426666423396 0.23439582942098 0.249399519494503 0.263285382728852 0.278157263527225
  0.777032622633386 0.657137063924716 0.386033221071672 0.245764321617044 0.215231853920839 0.220426666423396 0.23439582942098 0.249399519494503 0.263285382728852 0.278157263527225
  0.777032622633386 0.657137063924716 0.386033221071672 0.245764321617044 0.215231853920839 0.220426666423396 0.23439582942098 0.249399519494503 0.263285382728852 0.278157263527225
  0.777032622633386 0.657137063924716 0.386033221071672 0.245764321617044 0.215231853920839 0.220426666423396 0.23439582942098 0.249399519494503 0.263285382728852 0.278157263527225
  0.777032622633386 0.657137063924716 0.386033221071672 0.245764321617044 0.215231853920839 0.220426666423396 0.23439582942098 0.249399519494503 0.263285382728852 0.278157263527225
  0.777032622633386 0.657137063924716 0.386033221071672 0.245764321617044 0.215231853920839 0.220426666423396 0.23439582942098 0.249399519494503 0.263285382728852 0.278157263527225
  0.777032622633386 0.657137063924716 0.386033221071672 0.245764321617044 0.215231853920839 0.220426666423396 0.23439582942098 0.249399519494503 0.263285382728852 0.278157263527225
  0.777032622633386 0.657137063924716 0.386033221071672 0.245764321617044 0.215231853920839 0.220426666423396 0.23439582942098 0.249399519494503 0.263285382728852 0.278157263527225
  0.777032622633386 0.657137063924716 0.386033221071672 0.245764321617044 0.215231853920839 0.220426666423396 0.23439582942098 0.249399519494503 0.263285382728852 0.278157263527225
  0.777032622633386 0.657137063924716 0.386033221071672 0.245764321617044 0.215231853920839 0.220426666423396 0.23439582942098 0.249399519494503 0.263285382728852 0.278157263527225
  0.777032622633386 0.657137063924716 0.386033221071672 0.245764321617044 0.215231853920839 0.220426666423396 0.23439582942098 0.249399519494503 0.263285382728852 0.278157263527225
  0.777032622633386 0.657137063924716 0.386033221071672 0.245764321617044 0.215231853920839 0.220426666423396 0.23439582942098 0.249399519494503 0.263285382728852 0.278157263527225
  0.777032622633386 0.657137063924716 0.386033221071672 0.245764321617044 0.215231853920839 0.220426666423396 0.23439582942098 0.249399519494503 0.263285382728852 0.278157263527225
  0.777032622633386 0.657137063924716 0.386033221071672 0.245764321617044 0.215231853920839 0.220426666423396 0.23439582942098 0.249399519494503 0.263285382728852 0.278157263527225
  0.777032622633386 0.657137063924716 0.386033221071672 0.245764321617044 0.215231853920839 0.220426666423396 0.23439582942098 0.249399519494503 0.263285382728852 0.278157263527225
  0.777032622633386 0.657137063924716 0.386033221071672 0.245764321617044 0.215231853920839 0.220426666423396 0.23439582942098 0.249399519494503 0.263285382728852 0.278157263527225
  0.777032622633386 0.657137063924716 0.386033221071672 0.245764321617044 0.215231853920839 0.220426666423396 0.23439582942098 0.249399519494503 0.263285382728852 0.278157263527225
  0.777032622633386 0.657137063924716 0.386033221071672 0.245764321617044 0.215231853920839 0.220426666423396 0.23439582942098 0.249399519494503 0.263285382728852 0.278157263527225
  0.777032622633386 0.657137063924716 0.386033221071672 0.245764321617044 0.215231853920839 0.220426666423396 0.23439582942098 0.249399519494503 0.263285382728852 0.278157263527225
  0.777032622633386 0.657137063924716 0.386033221071672 0.245764321617044 0.215231853920839 0.220426666423396 0.23439582942098 0.249399519494503 0.263285382728852 0.278157263527225
  0.777032622633386 0.657137063924716 0.386033221071672 0.245764321617044 0.215231853920839 0.220426666423396 0.23439582942098 0.249399519494503 0.263285382728852 0.278157263527225
  0.777032622633386 0.657137063924716 0.386033221071672 0.245764321617044 0.215231853920839 0.220426666423396 0.23439582942098 0.249399519494503 0.263285382728852 0.278157263527225
  0.777032622633386 0.657137063924716 0.386033221071672 0.245764321617044 0.215231853920839 0.220426666423396 0.23439582942098 0.249399519494503 0.263285382728852 0.278157263527225
  0.777032622633386 0.657137063924716 0.386033221071672 0.245764321617044 0.215231853920839 0.220426666423396 0.23439582942098 0.249399519494503 0.263285382728852 0.278157263527225
  0.777032622633386 0.657137063924716 0.386033221071672 0.245764321617044 0.215231853920839 0.220426666423396 0.23439582942098 0.249399519494503 0.263285382728852 0.278157263527225
  0.777032622633386 0.657137063924716 0.386033221071672 0.245764321617044 0.215231853920839 0.220426666423396 0.23439582942098 0.249399519494503 0.263285382728852 0.278157263527225
  0.777032622633386 0.657137063924716 0.386033221071672 0.245764321617044 0.215231853920839 0.220426666423396 0.23439582942098 0.249399519494503 0.263285382728852 0.278157263527225
  0.777032622633386 0.657137063924716 0.386033221071672 0.245764321617044 0.215231853920839 0.220426666423396 0.23439582942098 0.249399519494503 0.263285382728852 0.278157263527225
  0.777032622633386 0.657137063924716 0.386033221071672 0.245764321617044 0.215231853920839 0.220426666423396 0.23439582942098 0.249399519494503 0.263285382728852 0.278157263527225
  0.777032622633386 0.657137063924716 0.386033221071672 0.245764321617044 0.215231853920839 0.220426666423396 0.23439582942098 0.249399519494503 0.263285382728852 0.278157263527225
  0.777032622633386 0.657137063924716 0.386033221071672 0.245764321617044 0.215231853920839 0.220426666423396 0.23439582942098 0.249399519494503 0.263285382728852 0.278157263527225
  0.777032622633386 0.657137063924716 0.386033221071672 0.245764321617044 0.215231853920839 0.220426666423396 0.23439582942098 0.249399519494503 0.263285382728852 0.278157263527225
  0.777032622633386 0.657137063924716 0.386033221071672 0.245764321617044 0.215231853920839 0.220426666423396 0.23439582942098 0.249399519494503 0.263285382728852 0.278157263527225
  0.777032622633386 0.657137063924716 0.386033221071672 0.245764321617044 0.215231853920839 0.220426666423396 0.23439582942098 0.249399519494503 0.263285382728852 0.278157263527225
  0.777032622633386 0.657137063924716 0.386033221071672 0.245764321617044 0.215231853920839 0.220426666423396 0.23439582942098 0.249399519494503 0.263285382728852 0.278157263527225
  0.777032622633386 0.657137063924716 0.386033221071672 0.245764321617044 0.215231853920839 0.220426666423396 0.23439582942098 0.249399519494503 0.263285382728852 0.278157263527225
  0.777032622633386 0.657137063924716 0.386033221071672 0.245764321617044 0.215231853920839 0.220426666423396 0.23439582942098 0.249399519494503 0.263285382728852 0.278157263527225
  0.777032622633386 0.657137063924716 0.386033221071672 0.245764321617044 0.215231853920839 0.220426666423396 0.23439582942098 0.249399519494503 0.263285382728852 0.278157263527225
  0.777032622633386 0.657137063924716 0.386033221071672 0.245764321617044 0.215231853920839 0.220426666423396 0.23439582942098 0.249399519494503 0.263285382728852 0.278157263527225
  0.777032622633386 0.657137063924716 0.386033221071672 0.245764321617044 0.215231853920839 0.220426666423396 0.23439582942098 0.249399519494503 0.263285382728852 0.278157263527225
  0.777032622633386 0.657137063924716 0.386033221071672 0.245764321617044 0.215231853920839 0.220426666423396 0.23439582942098 0.249399519494503 0.263285382728852 0.278157263527225
  0.777032622633386 0.657137063924716 0.386033221071672 0.245764321617044 0.215231853920839 0.220426666423396 0.23439582942098 0.249399519494503 0.263285382728852 0.278157263527225
  0.777032622633386 0.657137063924716 0.386033221071672 0.245764321617044 0.215231853920839 0.220426666423396 0.23439582942098 0.249399519494503 0.263285382728852 0.278157263527225
  0.777032622633386 0.657137063924716 0.386033221071672 0.245764321617044 0.215231853920839 0.220426666423396 0.23439582942098 0.249399519494503 0.263285382728852 0.278157263527225
  0.777032622633386 0.657137063924716 0.386033221071672 0.245764321617044 0.215231853920839 0.220426666423396 0.23439582942098 0.249399519494503 0.263285382728852 0.278157263527225
  0.777032622633386 0.657137063924716 0.386033221071672 0.245764321617044 0.215231853920839 0.220426666423396 0.23439582942098 0.249399519494503 0.263285382728852 0.278157263527225
  0.777032622633386 0.657137063924716 0.386033221071672 0.245764321617044 0.215231853920839 0.220426666423396 0.23439582942098 0.249399519494503 0.263285382728852 0.278157263527225
  0.777032622633386 0.657137063924716 0.386033221071672 0.245764321617044 0.215231853920839 0.220426666423396 0.23439582942098 0.249399519494503 0.263285382728852 0.278157263527225
  0.777032622633386 0.657137063924716 0.386033221071672 0.245764321617044 0.215231853920839 0.220426666423396 0.23439582942098 0.249399519494503 0.263285382728852 0.278157263527225
  0.777032622633386 0.657137063924716 0.386033221071672 0.245764321617044 0.215231853920839 0.220426666423396 0.23439582942098 0.249399519494503 0.263285382728852 0.278157263527225
  0.777032622633386 0.657137063924716 0.386033221071672 0.245764321617044 0.215231853920839 0.220426666423396 0.23439582942098 0.249399519494503 0.263285382728852 0.278157263527225
  0.777032622633386 0.657137063924716 0.386033221071672 0.245764321617044 0.215231853920839 0.220426666423396 0.23439582942098 0.249399519494503 0.263285382728852 0.278157263527225
  0.777032622633386 0.657137063924716 0.386033221071672 0.245764321617044 0.215231853920839 0.220426666423396 0.23439582942098 0.249399519494503 0.263285382728852 0.278157263527225
  0.777032622633386 0.657137063924716 0.386033221071672 0.245764321617044 0.215231853920839 0.220426666423396 0.23439582942098 0.249399519494503 0.263285382728852 0.278157263527225
  0.777032622633386 0.657137063924716 0.386033221071672 0.245764321617044 0.215231853920839 0.220426666423396 0.23439582942098 0.249399519494503 0.263285382728852 0.278157263527225
  0.777032622633386 0.657137063924716 0.386033221071672 0.245764321617044 0.215231853920839 0.220426666423396 0.23439582942098 0.249399519494503 0.263285382728852 0.278157263527225
  0.777032622633386 0.657137063924716 0.386033221071672 0.245764321617044 0.215231853920839 0.220426666423396 0.23439582942098 0.249399519494503 0.263285382728852 0.278157263527225
  0.777032622633386 0.657137063924716 0.386033221071672 0.245764321617044 0.215231853920839 0.220426666423396 0.23439582942098 0.249399519494503 0.263285382728852 0.278157263527225
  0.777032622633386 0.657137063924716 0.386033221071672 0.245764321617044 0.215231853920839 0.220426666423396 0.23439582942098 0.249399519494503 0.263285382728852 0.278157263527225
  0.777032622633386 0.657137063924716 0.386033221071672 0.245764321617044 0.215231853920839 0.220426666423396 0.23439582942098 0.249399519494503 0.263285382728852 0.278157263527225
  0.777032622633386 0.657137063924716 0.386033221071672 0.245764321617044 0.215231853920839 0.220426666423396 0.23439582942098 0.249399519494503 0.263285382728852 0.278157263527225
  0.777032622633386 0.657137063924716 0.386033221071672 0.245764321617044 0.215231853920839 0.220426666423396 0.23439582942098 0.249399519494503 0.263285382728852 0.278157263527225
  0.777032622633386 0.657137063924716 0.386033221071672 0.245764321617044 0.215231853920839 0.220426666423396 0.23439582942098 0.249399519494503 0.263285382728852 0.278157263527225
  0.777032622633386 0.657137063924716 0.386033221071672 0.245764321617044 0.215231853920839 0.220426666423396 0.23439582942098 0.249399519494503 0.263285382728852 0.278157263527225
  0.777032622633386 0.657137063924716 0.386033221071672 0.245764321617044 0.215231853920839 0.220426666423396 0.23439582942098 0.249399519494503 0.263285382728852 0.278157263527225
  0.777032622633386 0.657137063924716 0.386033221071672 0.245764321617044 0.215231853920839 0.220426666423396 0.23439582942098 0.249399519494503 0.263285382728852 0.278157263527225
#  Redfish
  2.12620266818866 2.12617594163893 2.12336277431418 2.05134151864923 1.44366428705801 0.952516690646615 0.937068524447509 1.0009964985177 1.07020398390806 1.18906967921597
  2.12620266818866 2.12617594163893 2.12336277431418 2.05134151864923 1.44366428705801 0.952516690646615 0.937068524447509 1.0009964985177 1.07020398390806 1.18906967921597
  2.12620266818866 2.12617594163893 2.12336277431418 2.05134151864923 1.44366428705801 0.952516690646615 0.937068524447509 1.0009964985177 1.07020398390806 1.18906967921597
  2.12620266818866 2.12617594163893 2.12336277431418 2.05134151864923 1.44366428705801 0.952516690646615 0.937068524447509 1.0009964985177 1.07020398390806 1.18906967921597
  2.12620266818866 2.12617594163893 2.12336277431418 2.05134151864923 1.44366428705801 0.952516690646615 0.937068524447509 1.0009964985177 1.07020398390806 1.18906967921597
  2.12620266818866 2.12617594163893 2.12336277431418 2.05134151864923 1.44366428705801 0.952516690646615 0.937068524447509 1.0009964985177 1.07020398390806 1.18906967921597
  2.12620266818866 2.12617594163893 2.12336277431418 2.05134151864923 1.44366428705801 0.952516690646615 0.937068524447509 1.0009964985177 1.07020398390806 1.18906967921597
  2.12620266818866 2.12617594163893 2.12336277431418 2.05134151864923 1.44366428705801 0.952516690646615 0.937068524447509 1.0009964985177 1.07020398390806 1.18906967921597
  2.12620266818866 2.12617594163893 2.12336277431418 2.05134151864923 1.44366428705801 0.952516690646615 0.937068524447509 1.0009964985177 1.07020398390806 1.18906967921597
  2.12620266818866 2.12617594163893 2.12336277431418 2.05134151864923 1.44366428705801 0.952516690646615 0.937068524447509 1.0009964985177 1.07020398390806 1.18906967921597
  2.12620266818866 2.12617594163893 2.12336277431418 2.05134151864923 1.44366428705801 0.952516690646615 0.937068524447509 1.0009964985177 1.07020398390806 1.18906967921597
  2.12620266818866 2.12617594163893 2.12336277431418 2.05134151864923 1.44366428705801 0.952516690646615 0.937068524447509 1.0009964985177 1.07020398390806 1.18906967921597
  2.12620266818866 2.12617594163893 2.12336277431418 2.05134151864923 1.44366428705801 0.952516690646615 0.937068524447509 1.0009964985177 1.07020398390806 1.18906967921597
  2.12620266818866 2.12617594163893 2.12336277431418 2.05134151864923 1.44366428705801 0.952516690646615 0.937068524447509 1.0009964985177 1.07020398390806 1.18906967921597
  2.12620266818866 2.12617594163893 2.12336277431418 2.05134151864923 1.44366428705801 0.952516690646615 0.937068524447509 1.0009964985177 1.07020398390806 1.18906967921597
  2.12620266818866 2.12617594163893 2.12336277431418 2.05134151864923 1.44366428705801 0.952516690646615 0.937068524447509 1.0009964985177 1.07020398390806 1.18906967921597
  2.12620266818866 2.12617594163893 2.12336277431418 2.05134151864923 1.44366428705801 0.952516690646615 0.937068524447509 1.0009964985177 1.07020398390806 1.18906967921597
  2.12620266818866 2.12617594163893 2.12336277431418 2.05134151864923 1.44366428705801 0.952516690646615 0.937068524447509 1.0009964985177 1.07020398390806 1.18906967921597
  2.12620266818866 2.12617594163893 2.12336277431418 2.05134151864923 1.44366428705801 0.952516690646615 0.937068524447509 1.0009964985177 1.07020398390806 1.18906967921597
  2.12620266818866 2.12617594163893 2.12336277431418 2.05134151864923 1.44366428705801 0.952516690646615 0.937068524447509 1.0009964985177 1.07020398390806 1.18906967921597
  2.12620266818866 2.12617594163893 2.12336277431418 2.05134151864923 1.44366428705801 0.952516690646615 0.937068524447509 1.0009964985177 1.07020398390806 1.18906967921597
  2.12620266818866 2.12617594163893 2.12336277431418 2.05134151864923 1.44366428705801 0.952516690646615 0.937068524447509 1.0009964985177 1.07020398390806 1.18906967921597
  2.12620266818866 2.12617594163893 2.12336277431418 2.05134151864923 1.44366428705801 0.952516690646615 0.937068524447509 1.0009964985177 1.07020398390806 1.18906967921597
  2.12620266818866 2.12617594163893 2.12336277431418 2.05134151864923 1.44366428705801 0.952516690646615 0.937068524447509 1.0009964985177 1.07020398390806 1.18906967921597
  2.12620266818866 2.12617594163893 2.12336277431418 2.05134151864923 1.44366428705801 0.952516690646615 0.937068524447509 1.0009964985177 1.07020398390806 1.18906967921597
  2.12620266818866 2.12617594163893 2.12336277431418 2.05134151864923 1.44366428705801 0.952516690646615 0.937068524447509 1.0009964985177 1.07020398390806 1.18906967921597
  2.12620266818866 2.12617594163893 2.12336277431418 2.05134151864923 1.44366428705801 0.952516690646615 0.937068524447509 1.0009964985177 1.07020398390806 1.18906967921597
  2.12620266818866 2.12617594163893 2.12336277431418 2.05134151864923 1.44366428705801 0.952516690646615 0.937068524447509 1.0009964985177 1.07020398390806 1.18906967921597
  2.12620266818866 2.12617594163893 2.12336277431418 2.05134151864923 1.44366428705801 0.952516690646615 0.937068524447509 1.0009964985177 1.07020398390806 1.18906967921597
  2.12620266818866 2.12617594163893 2.12336277431418 2.05134151864923 1.44366428705801 0.952516690646615 0.937068524447509 1.0009964985177 1.07020398390806 1.18906967921597
  2.12620266818866 2.12617594163893 2.12336277431418 2.05134151864923 1.44366428705801 0.952516690646615 0.937068524447509 1.0009964985177 1.07020398390806 1.18906967921597
  2.12620266818866 2.12617594163893 2.12336277431418 2.05134151864923 1.44366428705801 0.952516690646615 0.937068524447509 1.0009964985177 1.07020398390806 1.18906967921597
  2.12620266818866 2.12617594163893 2.12336277431418 2.05134151864923 1.44366428705801 0.952516690646615 0.937068524447509 1.0009964985177 1.07020398390806 1.18906967921597
  2.12620266818866 2.12617594163893 2.12336277431418 2.05134151864923 1.44366428705801 0.952516690646615 0.937068524447509 1.0009964985177 1.07020398390806 1.18906967921597
  2.12620266818866 2.12617594163893 2.12336277431418 2.05134151864923 1.44366428705801 0.952516690646615 0.937068524447509 1.0009964985177 1.07020398390806 1.18906967921597
  2.12620266818866 2.12617594163893 2.12336277431418 2.05134151864923 1.44366428705801 0.952516690646615 0.937068524447509 1.0009964985177 1.07020398390806 1.18906967921597
  2.12620266818866 2.12617594163893 2.12336277431418 2.05134151864923 1.44366428705801 0.952516690646615 0.937068524447509 1.0009964985177 1.07020398390806 1.18906967921597
  2.12620266818866 2.12617594163893 2.12336277431418 2.05134151864923 1.44366428705801 0.952516690646615 0.937068524447509 1.0009964985177 1.07020398390806 1.18906967921597
  2.12620266818866 2.12617594163893 2.12336277431418 2.05134151864923 1.44366428705801 0.952516690646615 0.937068524447509 1.0009964985177 1.07020398390806 1.18906967921597
  2.12620266818866 2.12617594163893 2.12336277431418 2.05134151864923 1.44366428705801 0.952516690646615 0.937068524447509 1.0009964985177 1.07020398390806 1.18906967921597
  2.12620266818866 2.12617594163893 2.12336277431418 2.05134151864923 1.44366428705801 0.952516690646615 0.937068524447509 1.0009964985177 1.07020398390806 1.18906967921597
  2.12620266818866 2.12617594163893 2.12336277431418 2.05134151864923 1.44366428705801 0.952516690646615 0.937068524447509 1.0009964985177 1.07020398390806 1.18906967921597
  2.12620266818866 2.12617594163893 2.12336277431418 2.05134151864923 1.44366428705801 0.952516690646615 0.937068524447509 1.0009964985177 1.07020398390806 1.18906967921597
  2.12620266818866 2.12617594163893 2.12336277431418 2.05134151864923 1.44366428705801 0.952516690646615 0.937068524447509 1.0009964985177 1.07020398390806 1.18906967921597
  2.12620266818866 2.12617594163893 2.12336277431418 2.05134151864923 1.44366428705801 0.952516690646615 0.937068524447509 1.0009964985177 1.07020398390806 1.18906967921597
  2.12620266818866 2.12617594163893 2.12336277431418 2.05134151864923 1.44366428705801 0.952516690646615 0.937068524447509 1.0009964985177 1.07020398390806 1.18906967921597
  2.12620266818866 2.12617594163893 2.12336277431418 2.05134151864923 1.44366428705801 0.952516690646615 0.937068524447509 1.0009964985177 1.07020398390806 1.18906967921597
  2.12620266818866 2.12617594163893 2.12336277431418 2.05134151864923 1.44366428705801 0.952516690646615 0.937068524447509 1.0009964985177 1.07020398390806 1.18906967921597
  2.12620266818866 2.12617594163893 2.12336277431418 2.05134151864923 1.44366428705801 0.952516690646615 0.937068524447509 1.0009964985177 1.07020398390806 1.18906967921597
  2.12620266818866 2.12617594163893 2.12336277431418 2.05134151864923 1.44366428705801 0.952516690646615 0.937068524447509 1.0009964985177 1.07020398390806 1.18906967921597
  2.12620266818866 2.12617594163893 2.12336277431418 2.05134151864923 1.44366428705801 0.952516690646615 0.937068524447509 1.0009964985177 1.07020398390806 1.18906967921597
  2.12620266818866 2.12617594163893 2.12336277431418 2.05134151864923 1.44366428705801 0.952516690646615 0.937068524447509 1.0009964985177 1.07020398390806 1.18906967921597
  2.12620266818866 2.12617594163893 2.12336277431418 2.05134151864923 1.44366428705801 0.952516690646615 0.937068524447509 1.0009964985177 1.07020398390806 1.18906967921597
  2.12620266818866 2.12617594163893 2.12336277431418 2.05134151864923 1.44366428705801 0.952516690646615 0.937068524447509 1.0009964985177 1.07020398390806 1.18906967921597
  2.12620266818866 2.12617594163893 2.12336277431418 2.05134151864923 1.44366428705801 0.952516690646615 0.937068524447509 1.0009964985177 1.07020398390806 1.18906967921597
  2.12620266818866 2.12617594163893 2.12336277431418 2.05134151864923 1.44366428705801 0.952516690646615 0.937068524447509 1.0009964985177 1.07020398390806 1.18906967921597
  2.12620266818866 2.12617594163893 2.12336277431418 2.05134151864923 1.44366428705801 0.952516690646615 0.937068524447509 1.0009964985177 1.07020398390806 1.18906967921597
  2.12620266818866 2.12617594163893 2.12336277431418 2.05134151864923 1.44366428705801 0.952516690646615 0.937068524447509 1.0009964985177 1.07020398390806 1.18906967921597
  2.12620266818866 2.12617594163893 2.12336277431418 2.05134151864923 1.44366428705801 0.952516690646615 0.937068524447509 1.0009964985177 1.07020398390806 1.18906967921597
  2.12620266818866 2.12617594163893 2.12336277431418 2.05134151864923 1.44366428705801 0.952516690646615 0.937068524447509 1.0009964985177 1.07020398390806 1.18906967921597
  2.12620266818866 2.12617594163893 2.12336277431418 2.05134151864923 1.44366428705801 0.952516690646615 0.937068524447509 1.0009964985177 1.07020398390806 1.18906967921597
  2.12620266818866 2.12617594163893 2.12336277431418 2.05134151864923 1.44366428705801 0.952516690646615 0.937068524447509 1.0009964985177 1.07020398390806 1.18906967921597
  2.12620266818866 2.12617594163893 2.12336277431418 2.05134151864923 1.44366428705801 0.952516690646615 0.937068524447509 1.0009964985177 1.07020398390806 1.18906967921597
  2.12620266818866 2.12617594163893 2.12336277431418 2.05134151864923 1.44366428705801 0.952516690646615 0.937068524447509 1.0009964985177 1.07020398390806 1.18906967921597
  2.12620266818866 2.12617594163893 2.12336277431418 2.05134151864923 1.44366428705801 0.952516690646615 0.937068524447509 1.0009964985177 1.07020398390806 1.18906967921597
  2.12620266818866 2.12617594163893 2.12336277431418 2.05134151864923 1.44366428705801 0.952516690646615 0.937068524447509 1.0009964985177 1.07020398390806 1.18906967921597
  2.12620266818866 2.12617594163893 2.12336277431418 2.05134151864923 1.44366428705801 0.952516690646615 0.937068524447509 1.0009964985177 1.07020398390806 1.18906967921597
  2.12620266818866 2.12617594163893 2.12336277431418 2.05134151864923 1.44366428705801 0.952516690646615 0.937068524447509 1.0009964985177 1.07020398390806 1.18906967921597
  2.12620266818866 2.12617594163893 2.12336277431418 2.05134151864923 1.44366428705801 0.952516690646615 0.937068524447509 1.0009964985177 1.07020398390806 1.18906967921597
  2.12620266818866 2.12617594163893 2.12336277431418 2.05134151864923 1.44366428705801 0.952516690646615 0.937068524447509 1.0009964985177 1.07020398390806 1.18906967921597
  2.12620266818866 2.12617594163893 2.12336277431418 2.05134151864923 1.44366428705801 0.952516690646615 0.937068524447509 1.0009964985177 1.07020398390806 1.18906967921597
  2.12620266818866 2.12617594163893 2.12336277431418 2.05134151864923 1.44366428705801 0.952516690646615 0.937068524447509 1.0009964985177 1.07020398390806 1.18906967921597
  2.12620266818866 2.12617594163893 2.12336277431418 2.05134151864923 1.44366428705801 0.952516690646615 0.937068524447509 1.0009964985177 1.07020398390806 1.18906967921597
  2.12620266818866 2.12617594163893 2.12336277431418 2.05134151864923 1.44366428705801 0.952516690646615 0.937068524447509 1.0009964985177 1.07020398390806 1.18906967921597
  2.12620266818866 2.12617594163893 2.12336277431418 2.05134151864923 1.44366428705801 0.952516690646615 0.937068524447509 1.0009964985177 1.07020398390806 1.18906967921597
  2.12620266818866 2.12617594163893 2.12336277431418 2.05134151864923 1.44366428705801 0.952516690646615 0.937068524447509 1.0009964985177 1.07020398390806 1.18906967921597
  2.12620266818866 2.12617594163893 2.12336277431418 2.05134151864923 1.44366428705801 0.952516690646615 0.937068524447509 1.0009964985177 1.07020398390806 1.18906967921597
  2.12620266818866 2.12617594163893 2.12336277431418 2.05134151864923 1.44366428705801 0.952516690646615 0.937068524447509 1.0009964985177 1.07020398390806 1.18906967921597
  2.12620266818866 2.12617594163893 2.12336277431418 2.05134151864923 1.44366428705801 0.952516690646615 0.937068524447509 1.0009964985177 1.07020398390806 1.18906967921597
  2.12620266818866 2.12617594163893 2.12336277431418 2.05134151864923 1.44366428705801 0.952516690646615 0.937068524447509 1.0009964985177 1.07020398390806 1.18906967921597
  2.12620266818866 2.12617594163893 2.12336277431418 2.05134151864923 1.44366428705801 0.952516690646615 0.937068524447509 1.0009964985177 1.07020398390806 1.18906967921597
#  Saithe
  5.68618179943129 16.5875812051708 72.896557786421 188.240481273168 302.502909711073 384.401903457711 457.155365654749 513.268505185573 547.556771703291 569.512290218142
  5.68618179943129 16.5875812051708 72.896557786421 188.240481273168 302.502909711073 384.401903457711 457.155365654749 513.268505185573 547.556771703291 569.512290218142
  5.68618179943129 16.5875812051708 72.896557786421 188.240481273168 302.502909711073 384.401903457711 457.155365654749 513.268505185573 547.556771703291 569.512290218142
  5.68618179943129 16.5875812051708 72.896557786421 188.240481273168 302.502909711073 384.401903457711 457.155365654749 513.268505185573 547.556771703291 569.512290218142
  5.68618179943129 16.5875812051708 72.896557786421 188.240481273168 302.502909711073 384.401903457711 457.155365654749 513.268505185573 547.556771703291 569.512290218142
  5.68618179943129 16.5875812051708 72.896557786421 188.240481273168 302.502909711073 384.401903457711 457.155365654749 513.268505185573 547.556771703291 569.512290218142
  5.68618179943129 16.5875812051708 72.896557786421 188.240481273168 302.502909711073 384.401903457711 457.155365654749 513.268505185573 547.556771703291 569.512290218142
  5.68618179943129 16.5875812051708 72.896557786421 188.240481273168 302.502909711073 384.401903457711 457.155365654749 513.268505185573 547.556771703291 569.512290218142
  5.68618179943129 16.5875812051708 72.896557786421 188.240481273168 302.502909711073 384.401903457711 457.155365654749 513.268505185573 547.556771703291 569.512290218142
  5.68618179943129 16.5875812051708 72.896557786421 188.240481273168 302.502909711073 384.401903457711 457.155365654749 513.268505185573 547.556771703291 569.512290218142
  5.68618179943129 16.5875812051708 72.896557786421 188.240481273168 302.502909711073 384.401903457711 457.155365654749 513.268505185573 547.556771703291 569.512290218142
  5.68618179943129 16.5875812051708 72.896557786421 188.240481273168 302.502909711073 384.401903457711 457.155365654749 513.268505185573 547.556771703291 569.512290218142
  5.68618179943129 16.5875812051708 72.896557786421 188.240481273168 302.502909711073 384.401903457711 457.155365654749 513.268505185573 547.556771703291 569.512290218142
  5.68618179943129 16.5875812051708 72.896557786421 188.240481273168 302.502909711073 384.401903457711 457.155365654749 513.268505185573 547.556771703291 569.512290218142
  5.68618179943129 16.5875812051708 72.896557786421 188.240481273168 302.502909711073 384.401903457711 457.155365654749 513.268505185573 547.556771703291 569.512290218142
  5.68618179943129 16.5875812051708 72.896557786421 188.240481273168 302.502909711073 384.401903457711 457.155365654749 513.268505185573 547.556771703291 569.512290218142
  5.68618179943129 16.5875812051708 72.896557786421 188.240481273168 302.502909711073 384.401903457711 457.155365654749 513.268505185573 547.556771703291 569.512290218142
  5.68618179943129 16.5875812051708 72.896557786421 188.240481273168 302.502909711073 384.401903457711 457.155365654749 513.268505185573 547.556771703291 569.512290218142
  5.68618179943129 16.5875812051708 72.896557786421 188.240481273168 302.502909711073 384.401903457711 457.155365654749 513.268505185573 547.556771703291 569.512290218142
  5.68618179943129 16.5875812051708 72.896557786421 188.240481273168 302.502909711073 384.401903457711 457.155365654749 513.268505185573 547.556771703291 569.512290218142
  5.68618179943129 16.5875812051708 72.896557786421 188.240481273168 302.502909711073 384.401903457711 457.155365654749 513.268505185573 547.556771703291 569.512290218142
  5.68618179943129 16.5875812051708 72.896557786421 188.240481273168 302.502909711073 384.401903457711 457.155365654749 513.268505185573 547.556771703291 569.512290218142
  5.68618179943129 16.5875812051708 72.896557786421 188.240481273168 302.502909711073 384.401903457711 457.155365654749 513.268505185573 547.556771703291 569.512290218142
  5.68618179943129 16.5875812051708 72.896557786421 188.240481273168 302.502909711073 384.401903457711 457.155365654749 513.268505185573 547.556771703291 569.512290218142
  5.68618179943129 16.5875812051708 72.896557786421 188.240481273168 302.502909711073 384.401903457711 457.155365654749 513.268505185573 547.556771703291 569.512290218142
  5.68618179943129 16.5875812051708 72.896557786421 188.240481273168 302.502909711073 384.401903457711 457.155365654749 513.268505185573 547.556771703291 569.512290218142
  5.68618179943129 16.5875812051708 72.896557786421 188.240481273168 302.502909711073 384.401903457711 457.155365654749 513.268505185573 547.556771703291 569.512290218142
  5.68618179943129 16.5875812051708 72.896557786421 188.240481273168 302.502909711073 384.401903457711 457.155365654749 513.268505185573 547.556771703291 569.512290218142
  5.68618179943129 16.5875812051708 72.896557786421 188.240481273168 302.502909711073 384.401903457711 457.155365654749 513.268505185573 547.556771703291 569.512290218142
  5.68618179943129 16.5875812051708 72.896557786421 188.240481273168 302.502909711073 384.401903457711 457.155365654749 513.268505185573 547.556771703291 569.512290218142
  5.68618179943129 16.5875812051708 72.896557786421 188.240481273168 302.502909711073 384.401903457711 457.155365654749 513.268505185573 547.556771703291 569.512290218142
  5.68618179943129 16.5875812051708 72.896557786421 188.240481273168 302.502909711073 384.401903457711 457.155365654749 513.268505185573 547.556771703291 569.512290218142
  5.68618179943129 16.5875812051708 72.896557786421 188.240481273168 302.502909711073 384.401903457711 457.155365654749 513.268505185573 547.556771703291 569.512290218142
  5.68618179943129 16.5875812051708 72.896557786421 188.240481273168 302.502909711073 384.401903457711 457.155365654749 513.268505185573 547.556771703291 569.512290218142
  5.68618179943129 16.5875812051708 72.896557786421 188.240481273168 302.502909711073 384.401903457711 457.155365654749 513.268505185573 547.556771703291 569.512290218142
  5.68618179943129 16.5875812051708 72.896557786421 188.240481273168 302.502909711073 384.401903457711 457.155365654749 513.268505185573 547.556771703291 569.512290218142
  5.68618179943129 16.5875812051708 72.896557786421 188.240481273168 302.502909711073 384.401903457711 457.155365654749 513.268505185573 547.556771703291 569.512290218142
  5.68618179943129 16.5875812051708 72.896557786421 188.240481273168 302.502909711073 384.401903457711 457.155365654749 513.268505185573 547.556771703291 569.512290218142
  5.68618179943129 16.5875812051708 72.896557786421 188.240481273168 302.502909711073 384.401903457711 457.155365654749 513.268505185573 547.556771703291 569.512290218142
  5.68618179943129 16.5875812051708 72.896557786421 188.240481273168 302.502909711073 384.401903457711 457.155365654749 513.268505185573 547.556771703291 569.512290218142
  5.68618179943129 16.5875812051708 72.896557786421 188.240481273168 302.502909711073 384.401903457711 457.155365654749 513.268505185573 547.556771703291 569.512290218142
  5.68618179943129 16.5875812051708 72.896557786421 188.240481273168 302.502909711073 384.401903457711 457.155365654749 513.268505185573 547.556771703291 569.512290218142
  5.68618179943129 16.5875812051708 72.896557786421 188.240481273168 302.502909711073 384.401903457711 457.155365654749 513.268505185573 547.556771703291 569.512290218142
  5.68618179943129 16.5875812051708 72.896557786421 188.240481273168 302.502909711073 384.401903457711 457.155365654749 513.268505185573 547.556771703291 569.512290218142
  5.68618179943129 16.5875812051708 72.896557786421 188.240481273168 302.502909711073 384.401903457711 457.155365654749 513.268505185573 547.556771703291 569.512290218142
  5.68618179943129 16.5875812051708 72.896557786421 188.240481273168 302.502909711073 384.401903457711 457.155365654749 513.268505185573 547.556771703291 569.512290218142
  5.68618179943129 16.5875812051708 72.896557786421 188.240481273168 302.502909711073 384.401903457711 457.155365654749 513.268505185573 547.556771703291 569.512290218142
  5.68618179943129 16.5875812051708 72.896557786421 188.240481273168 302.502909711073 384.401903457711 457.155365654749 513.268505185573 547.556771703291 569.512290218142
  5.68618179943129 16.5875812051708 72.896557786421 188.240481273168 302.502909711073 384.401903457711 457.155365654749 513.268505185573 547.556771703291 569.512290218142
  5.68618179943129 16.5875812051708 72.896557786421 188.240481273168 302.502909711073 384.401903457711 457.155365654749 513.268505185573 547.556771703291 569.512290218142
  5.68618179943129 16.5875812051708 72.896557786421 188.240481273168 302.502909711073 384.401903457711 457.155365654749 513.268505185573 547.556771703291 569.512290218142
  5.68618179943129 16.5875812051708 72.896557786421 188.240481273168 302.502909711073 384.401903457711 457.155365654749 513.268505185573 547.556771703291 569.512290218142
  5.68618179943129 16.5875812051708 72.896557786421 188.240481273168 302.502909711073 384.401903457711 457.155365654749 513.268505185573 547.556771703291 569.512290218142
  5.68618179943129 16.5875812051708 72.896557786421 188.240481273168 302.502909711073 384.401903457711 457.155365654749 513.268505185573 547.556771703291 569.512290218142
  5.68618179943129 16.5875812051708 72.896557786421 188.240481273168 302.502909711073 384.401903457711 457.155365654749 513.268505185573 547.556771703291 569.512290218142
  5.68618179943129 16.5875812051708 72.896557786421 188.240481273168 302.502909711073 384.401903457711 457.155365654749 513.268505185573 547.556771703291 569.512290218142
  5.68618179943129 16.5875812051708 72.896557786421 188.240481273168 302.502909711073 384.401903457711 457.155365654749 513.268505185573 547.556771703291 569.512290218142
  5.68618179943129 16.5875812051708 72.896557786421 188.240481273168 302.502909711073 384.401903457711 457.155365654749 513.268505185573 547.556771703291 569.512290218142
  5.68618179943129 16.5875812051708 72.896557786421 188.240481273168 302.502909711073 384.401903457711 457.155365654749 513.268505185573 547.556771703291 569.512290218142
  5.68618179943129 16.5875812051708 72.896557786421 188.240481273168 302.502909711073 384.401903457711 457.155365654749 513.268505185573 547.556771703291 569.512290218142
  5.68618179943129 16.5875812051708 72.896557786421 188.240481273168 302.502909711073 384.401903457711 457.155365654749 513.268505185573 547.556771703291 569.512290218142
  5.68618179943129 16.5875812051708 72.896557786421 188.240481273168 302.502909711073 384.401903457711 457.155365654749 513.268505185573 547.556771703291 569.512290218142
  5.68618179943129 16.5875812051708 72.896557786421 188.240481273168 302.502909711073 384.401903457711 457.155365654749 513.268505185573 547.556771703291 569.512290218142
  5.68618179943129 16.5875812051708 72.896557786421 188.240481273168 302.502909711073 384.401903457711 457.155365654749 513.268505185573 547.556771703291 569.512290218142
  5.68618179943129 16.5875812051708 72.896557786421 188.240481273168 302.502909711073 384.401903457711 457.155365654749 513.268505185573 547.556771703291 569.512290218142
  5.68618179943129 16.5875812051708 72.896557786421 188.240481273168 302.502909711073 384.401903457711 457.155365654749 513.268505185573 547.556771703291 569.512290218142
  5.68618179943129 16.5875812051708 72.896557786421 188.240481273168 302.502909711073 384.401903457711 457.155365654749 513.268505185573 547.556771703291 569.512290218142
  5.68618179943129 16.5875812051708 72.896557786421 188.240481273168 302.502909711073 384.401903457711 457.155365654749 513.268505185573 547.556771703291 569.512290218142
  5.68618179943129 16.5875812051708 72.896557786421 188.240481273168 302.502909711073 384.401903457711 457.155365654749 513.268505185573 547.556771703291 569.512290218142
  5.68618179943129 16.5875812051708 72.896557786421 188.240481273168 302.502909711073 384.401903457711 457.155365654749 513.268505185573 547.556771703291 569.512290218142
  5.68618179943129 16.5875812051708 72.896557786421 188.240481273168 302.502909711073 384.401903457711 457.155365654749 513.268505185573 547.556771703291 569.512290218142
  5.68618179943129 16.5875812051708 72.896557786421 188.240481273168 302.502909711073 384.401903457711 457.155365654749 513.268505185573 547.556771703291 569.512290218142
  5.68618179943129 16.5875812051708 72.896557786421 188.240481273168 302.502909711073 384.401903457711 457.155365654749 513.268505185573 547.556771703291 569.512290218142
  5.68618179943129 16.5875812051708 72.896557786421 188.240481273168 302.502909711073 384.401903457711 457.155365654749 513.268505185573 547.556771703291 569.512290218142
  5.68618179943129 16.5875812051708 72.896557786421 188.240481273168 302.502909711073 384.401903457711 457.155365654749 513.268505185573 547.556771703291 569.512290218142
  5.68618179943129 16.5875812051708 72.896557786421 188.240481273168 302.502909711073 384.401903457711 457.155365654749 513.268505185573 547.556771703291 569.512290218142
  5.68618179943129 16.5875812051708 72.896557786421 188.240481273168 302.502909711073 384.401903457711 457.155365654749 513.268505185573 547.556771703291 569.512290218142
  5.68618179943129 16.5875812051708 72.896557786421 188.240481273168 302.502909711073 384.401903457711 457.155365654749 513.268505185573 547.556771703291 569.512290218142
  5.68618179943129 16.5875812051708 72.896557786421 188.240481273168 302.502909711073 384.401903457711 457.155365654749 513.268505185573 547.556771703291 569.512290218142
  5.68618179943129 16.5875812051708 72.896557786421 188.240481273168 302.502909711073 384.401903457711 457.155365654749 513.268505185573 547.556771703291 569.512290218142
  5.68618179943129 16.5875812051708 72.896557786421 188.240481273168 302.502909711073 384.401903457711 457.155365654749 513.268505185573 547.556771703291 569.512290218142
#   init_matrix obs_temp(1,Nareas,1,Nyrs)      
#  Either observed temperature  or manufactured temperature for simulation runs
#1977 to 1997 Georges Bank bottom temp from 2011 ESR (1964-1976 set to 8.0) and 1998 to 2010 Georges Bank bottom temp from 2011 ESR
  1.44162541266273 1.44162541266273 1.44162541266273 1.44162541266273 1.44162541266273 1.44162541266273 1.44162541266273 1.44162541266273 1.44162541266273 1.44162541266273 1.44162541266273 1.44162541266273 1.44162541266273 1.44162541266273 1.44162541266273 1.44162541266273 1.44162541266273 1.44162541266273 1.44162541266273 1.44162541266273 1.44162541266273 1.44162541266273 1.44162541266273 1.44162541266273 1.44162541266273 1.44162541266273 1.44162541266273 1.44162541266273 1.44162541266273 1.44162541266273 1.44162541266273 1.44162541266273 1.44162541266273 1.44162541266273 1.44162541266273 1.44162541266273 1.44162541266273 1.44162541266273 1.44162541266273 1.44162541266273 1.44162541266273 1.44162541266273 1.44162541266273 1.44162541266273 1.44162541266273 1.44162541266273 1.44162541266273 1.44162541266273 1.44162541266273 1.44162541266273 1.44162541266273 1.44162541266273 1.44162541266273 1.44162541266273 1.44162541266273 1.44162541266273 1.44162541266273 1.44162541266273 1.44162541266273 1.44162541266273 1.44162541266273 1.44162541266273 1.44162541266273 1.44162541266273 1.44162541266273 1.44162541266273 1.44162541266273 1.44162541266273 1.44162541266273 1.44162541266273 1.44162541266273 1.44162541266273 1.44162541266273 1.44162541266273 1.44162541266273 1.44162541266273 1.44162541266273 1.44162541266273 1.44162541266273 1.44162541266273 1.44162541266273
#  init_int yr1Nphase            //year 1 N at size estimation phase
  1
#  init_int recphase				//recruitment parameter estimation phas
  -1
#  init_int avg_rec_phase		//average recruitment estimation phase (could make species specific, currently global)
  1
#  init_int recsigmaphase			//st dev of recruitment devs phase
  -1
#  init_int avg_F_phase			//average fishing mort estimation phase (could make species specific, currently global)
  1
#  init_int dev_rec_phase		//recruitment deviation estimation phase (could make species specific, currently global)
  2
#  init_int dev_F_phase			//fishing mort deviation estimation phase (could make species specific, currently global)
  1
#  init_int fqphase              //fishery q estimation phase
  1
# init_int fsphase               //fishery selectivity estimation phase
  1
#  init_int sqphase              //survey q estimation phase 
  1
# init_int ssphase               //survey selectivity estimation phase
  1
#   init_int ssig_phase           //survey sigma (obs error) phase
  -1
#  init_int csig_phase           //catch sigma (obs error) phase
  -1
#  init_int m1_phase            // M1 phase
  -1
#  init_int oF1_phase           // amount of other food included in the M2 term for the base (predator 1) phase
  -1
#   init_int oFdev_phase          //deviation from base other food for predators 2+ phase
  -1
#   init_int vuln_phase // phase for vulnerability parameters
  -1
#  init_matrix recGamma_alpha(1,Nareas,1,Nspecies)			//eggprod gamma Ricker model alpha
  1 1 1 1 1 1 1 1 1 1 1
#  init_matrix recGamma_shape(1,Nareas,1,Nspecies)			//eggprod gamma Ricker model shape parameter
  1 1 1 1 1 1 1 1 1 1 1
#  init_matrix recGamma_beta(1,Nareas,1,Nspecies)			//eggprod gamma Ricker model beta
  1 1 1 1 1 1 1 1 1 1 1
#  init_matrix recDS_alpha(1,Nareas,1,Nspecies)		//SSB Deriso-Schnute model alpha
  1 1 1 1 1 1 1 1 1 1 1
#  init_matrix recDS_shape(1,Nareas,1,Nspecies)		//SSB Deriso-Schnute model shape parameter
  1 1 1 1 1 1 1 1 1 1 1
#  init_matrix recDS_beta(1,Nareas,1,Nspecies)			//SSB Deriso-Schnute model beta
  1 1 1 1 1 1 1 1 1 1 1
#  init_matrix recGamSSB_alpha(1,Nareas,1,Nspecies)		//SSB gamma alpha
  1 1 1 1 1 1 1 1 1 1 1
#  init_matrix recGamSSB_shape(1,Nareas,1,Nspecies)		//SSB gamma shape parameter
  1 1 1 1 1 1 1 1 1 1 1
#  init_matrix recGamSSB_beta(1,Nareas,1,Nspecies)			//SSB gamma model beta
  1 1 1 1 1 1 1 1 1 1 1
#  init_matrix recRicker_alpha(1,Nareas,1,Nspecies)		//SSB Ricker model alpha
  1 1 1 1 1 1 1 1 1 1 1
#  init_matrix recRicker_shape(1,Nareas,1,Nspecies)		//SSB Ricker model shape parameter=1.0, not used
  1 1 1 1 1 1 1 1 1 1 1
#  init_matrix recRicker_beta(1,Nareas,1,Nspecies)			//SSB Ricker model beta
  1 1 1 1 1 1 1 1 1 1 1
#  init_matrix recBH_alpha(1,Nareas,1,Nspecies)		//SSB Beverton Holt model alpha
  1 1 1 1 1 1 1 1 1 1 1
#  init_matrix recBH_shape(1,Nareas,1,Nspecies)		//SSB Beverton Holt model shape parameter=1.0, not used
  1 1 1 1 1 1 1 1 1 1 1
#  init_matrix recBH_beta(1,Nareas,1,Nspecies)			//SSB Beverton Holt model beta
  1 1 1 1 1 1 1 1 1 1 1
#  init_matrix recShepherd_alpha //SSB S-R Shepherd 3 param
  1 1 1 1 1 1 1 1 1 1 1
#  init_matrix recShepherd_shape //SSB S-R Shepherd 3 param
  1 1 1 1 1 1 1 1 1 1 1
#  init_matrix recShepherd_beta //SSB S-R Shepherd 3 param
  1 1 1 1 1 1 1 1 1 1 1
#  init_matrix recSHockey_alpha //SSB S-R Hockey 2 param
  1 1 1 1 1 1 1 1 1 1 1
#  init_matrix recHpockey_shape //SSB S-R Hockey. S* breakpoint
  1 1 1 1 1 1 1 1 1 1 1
#  init_matrix recHockey_beta //SSB S-R Hockey 2 param. This is not used
  1 1 1 1 1 1 1 1 1 1 1
#  init_matrix recSegmented_alpha //SSB S-R Segmented 3 param
  1 1 1 1 1 1 1 1 1 1 1
#  init_matrix recSegmented_shape //SSB S-R Segmented 3 param. Breakpoint
  1 1 1 1 1 1 1 1 1 1 1
#  init_matrix recSegmented_beta //SSB S-R Segmented 3 param
  1 1 1 1 1 1 1 1 1 1 1
#  init_ivector rectype(1,Nspecies)  //switch for alternate recruitment functions 1=gamma/Ricker, 2=Deriso-Schnute, 9=avg+devs
# 3=SSB gamma, 4=SSB Ricker, 5=SSB Beverton Holt added April 2014,6=Shepherd (added Beet Mar 2017)
  9 9 9 9 9 9 9 9 9 9 9
#   init_ivector stochrec(1,Nspecies)  //switch for stochastic recruitment. 1 = add error, 0= no error
  0 0 0 0 0 0 0 0 0 0 0
#  init_matrix sexratio(1,Nareas,1,Nspecies)  // this is proportion females
  0.5 0.5 0.5 0.5 0.5 0.5 0.5 0.5 0.5 0.5 0.5
 #  init_matrix recruitment_covwt(1,Nspecies,1,Nrecruitment_cov)	//recruitment covariate weighting factor
  0
  0
  0
  0
  0
  0
  0
  0
  0
  0
  0
#//fecundity parameters from .dat file and calculate fecundity at length
#  init_matrix fecund_d(1,Nareas,1,Nspecies)
  1 1 1 1 1 1 1 1 1 1 1
#  init_matrix fecund_h(1,Nareas,1,Nspecies)
  1 1 1 1 1 1 1 1 1 1 1
#  init_3darray fecund_theta(1,Nareas,1,Nspecies,1,Nsizebins))
  0 0 0 0 0 0 0 0 0 0
  0 0 0 0 0 0 0 0 0 0
  0 0 0 0 0 0 0 0 0 0
  0 0 0 0 0 0 0 0 0 0
  0 0 0 0 0 0 0 0 0 0
  0 0 0 0 0 0 0 0 0 0
  0 0 0 0 0 0 0 0 0 0
  0 0 0 0 0 0 0 0 0 0
  0 0 0 0 0 0 0 0 0 0
  0 0 0 0 0 0 0 0 0 0
  0 0 0 0 0 0 0 0 0 0
#  init_matrix maturity_nu(1,Nareas,1,Nspecies)
  1 1 1 1 1 1 1 1 1 1 1
#  init_matrix maturity_omega(1,Nareas,1,Nspecies)
  1 1 1 1 1 1 1 1 1 1 1
#  init_matrix maturity_covwt(1,Nspecies,1,Nmaturity_cov) //maturity covariate weighting factor
  0
  0
  0
  0
  0
  0
  0
  0
  0
  0
  0
#//growth parameters from .dat file and calculate simple (no cov) prob of growing through length interval
#  init_matrix growth_psi(1,Nareas,1,Nspecies)
  23.9184406201825 12.063644878836 76.8840827370088 33.7416039551654 8.58795533330614 19.3754464306102 29.0989048678531 14.1009297755697 18.7507016895654 10.3408562585701 30.0424231958462
#  init_matrix growth_kappa(1,Nareas,1,Nspecies)
  0.138159125283827 0.336553335594056 0.26105391276969 0.329292003312627 0.543956919159763 0.353844412227963 0.655560366523494 0.353499227173444 0.109589724508586 0.366534849977077 0.477861087063331
#  init_matrix growth_covwt(1,Nspecies,1,Ngrowth_cov)// growth covariate weighting factor
  0
  0
  0
  0
  0
  0
  0
  0
  0
  0
  0
#  init_matrix vonB_Linf(1,Nareas,1,Nspecies)    //alternate parameterization, vonB growth
  31.2715714856672 17.3691443919147 206.947700963271 77.3493033958426 79.4447950043186 -999 97.3475911554897 31.9656891467526 24.7886208711542 27.0639811170423 407.183181140491
#  init_matrix vonB_k(1,Nareas,1,Nspecies)       //alternate parameterization, vonB growth
  0.138159125283827 0.336553335594056 0.26105391276969 0.329292003312627 0.543956919159763 0.353844412227963 0.655560366523494 0.353499227173444 0.109589724508586 0.366534849977077 0.477861087063331
#  init_vector growthtype                           //switch for alternate growth types,
#1 power, 2 power/covariates, 3 vonB, 4 vonB covariates
  3 3 3 3 3 1 3 3 3 3 3
#  init_number phimax
  1
#  init_matrix intake_alpha(1,Nareas,1,Nspecies)
  0.004 0.004 0.004 0.004 0.004 0.004 0.004 0.004 0.004 0.004 0.004
#  init_matrix intake_beta(1,Nareas,1,Nspecies)
  0.11 0.11 0.11 0.11 0.11 0.11 0.11 0.11 0.11 0.11 0.11
#  init_3darray isprey(1,Nareas,1,Nspecies,1,Nspecies)     //preds in columns, prey in rows
  0 0 1 0 0 0 1 0 0 1 0
  1 0 0 1 1 0 1 1 0 0 1
  0 0 0 0 0 0 1 0 0 0 0
  0 0 0 1 1 0 1 0 0 1 1
  0 0 0 1 0 0 1 0 0 0 0
  0 0 1 0 0 0 0 0 0 0 0
  0 0 1 1 1 0 1 0 0 0 1
  1 0 1 1 1 0 1 0 0 0 1
  0 0 0 0 1 0 1 0 0 0 0
  1 0 1 0 0 0 1 0 0 0 0
  0 0 0 0 0 0 0 0 0 0 0
#  init_matrix preferred_wtratio(1,Nareas,1,Nspecies)     //pred sizebins
  0.5 0.5 0.5 0.5 0.5 0.5 0.5 0.5 0.5 0.5 0.5
#  init_vector sd_sizepref(1,Nspecies)              //pred sizebins
  2 2 2 2 2 2 2 2 2 2 2
# Following content added after ICES publication by Gaichas et al. 2014
# Made by Andy Beet from Dec 2016 onward
# Equilibrium Biomass. B0(1,Nspecies). Tthese values are obtained by running hydra_sim without any error and zero fishing effort
  6548275.38228385 1049867.74723836 419044.998499798 938292.061561652 1344637.45248329 6866971.82712644 5903465.62946161 1921273.2304157 338366.873055745 2168688.38395095 18377890.4695002
#number of Guilds numGuilds.
  11
#Guild Membership guildMembership. 
  1 2 3 4 5 6 7 8 9 10 11
#Fleet Membership fleetMembers(1,Nguilds) 
  1 1 1 1 0 1 2 1 0 1 1
# AssessmentPeriod. Time period (yrs) to assess guild biomass level
  3
# init_int flagLinearRamp. // 0 = step function, 1 = linear function
  1
#init_vector minExploitation(1,Nfleets) minimum Exploitation rates imposed by each fleet
  1e-05 1e-05
#init_vector maxExploitation(1,Nfleets) maximum Exploitation rates imposed by each fleet
  0.999 0.999
# init_vector minMaxExploitation(1,2) - [MinExploitation, MaxExploitation
  0.05 0.05
# init_vector minMaxThreshold(1,2) - [MinThreshold, MaxThreshold
  0.1 0.4
# Nthresholds. number of thresholds used for change in exploitation/fishing - Step function
  5
# threshold_percent(1,Nthresholds) threshold %ages (of biomass) when action is taken - Step function
# note that must appear in ascending order
  0.1 0.2 0.3 0.4 1e+06
# exploitation_levels(1,Nthresholds). these must pair with the threshold_percent values - Step function
  0.05 0.05 0.05 0.05 0.05
# threshold_species(1,Nspecies). Species level detection threshold
  0 0 0 0 0 0 0 0 0 0 0
# int AssessmentOn. Assessment On or Off
  0
# int speciesDetection. include species (in addition to guild) in assessment on or off
  0
# int LFI_size. (cm). Threshold to determin a large fish. used in LFI metric
  60
# init_number scaleInitialN.  used to scale initial yr1N abundances found in .pin file
  1
#init_matrix effortScaled(1,Nareas,1,Nspecies)
  1 1 1 1 1 1 1 1 1 1 1
# init_4darray discard_Coef(1,Nareas,1,Nspecies,1,Nfleets,1,Nsizebins)
# proportion of each species that is discarded for each fleet(Bottom, Pelagic, Fixed)
# Blue_whiting fleet x sizeclass
  0 0 0 0 0 0 0 0 0 0
  0 0 0 0 0 0 0 0 0 0
# Capelin fleet x sizeclass
  0 0 0 0 0 0 0 0 0 0
  0 0 0 0 0 0 0 0 0 0
# Green_halibut fleet x sizeclass
  0 0 0 0 0 0 0 0 0 0
  0 0 0 0 0 0 0 0 0 0
# Haddock fleet x sizeclass
  0 0 0 0 0 0 0 0 0 0
  0 0 0 0 0 0 0 0 0 0
# Long_rough_dab fleet x sizeclass
  0 0 0 0 0 0 0 0 0 0
  0 0 0 0 0 0 0 0 0 0
# Mackerel fleet x sizeclass
  0 0 0 0 0 0 0 0 0 0
  0 0 0 0 0 0 0 0 0 0
# North_atl_cod fleet x sizeclass
  0 0 0 0 0 0 0 0 0 0
  0 0 0 0 0 0 0 0 0 0
# Norwegian_ssh fleet x sizeclass
  0 0 0 0 0 0 0 0 0 0
  0 0 0 0 0 0 0 0 0 0
# Polar_cod fleet x sizeclass
  0 0 0 0 0 0 0 0 0 0
  0 0 0 0 0 0 0 0 0 0
# Redfish fleet x sizeclass
  0 0 0 0 0 0 0 0 0 0
  0 0 0 0 0 0 0 0 0 0
# Saithe fleet x sizeclass
  0 0 0 0 0 0 0 0 0 0
  0 0 0 0 0 0 0 0 0 0
# init_4darray discardSurvival_Coef(1,Nareas,1,1,Nspecies,1,Nfleets,1,Nsizebins)
# proportion of discards that survive being thrown back
# Blue_whiting fleet x sizeclass
  1 1 1 1 1 1 1 1 1 1
  1 1 1 1 1 1 1 1 1 1
# Capelin fleet x sizeclass
  1 1 1 1 1 1 1 1 1 1
  1 1 1 1 1 1 1 1 1 1
# Green_halibut fleet x sizeclass
  1 1 1 1 1 1 1 1 1 1
  1 1 1 1 1 1 1 1 1 1
# Haddock fleet x sizeclass
  1 1 1 1 1 1 1 1 1 1
  1 1 1 1 1 1 1 1 1 1
# Long_rough_dab fleet x sizeclass
  1 1 1 1 1 1 1 1 1 1
  1 1 1 1 1 1 1 1 1 1
# Mackerel fleet x sizeclass
  1 1 1 1 1 1 1 1 1 1
  1 1 1 1 1 1 1 1 1 1
# North_atl_cod fleet x sizeclass
  1 1 1 1 1 1 1 1 1 1
  1 1 1 1 1 1 1 1 1 1
# Norwegian_ssh fleet x sizeclass
  1 1 1 1 1 1 1 1 1 1
  1 1 1 1 1 1 1 1 1 1
# Polar_cod fleet x sizeclass
  1 1 1 1 1 1 1 1 1 1
  1 1 1 1 1 1 1 1 1 1
# Redfish fleet x sizeclass
  1 1 1 1 1 1 1 1 1 1
  1 1 1 1 1 1 1 1 1 1
# Saithe fleet x sizeclass
  1 1 1 1 1 1 1 1 1 1
  1 1 1 1 1 1 1 1 1 1
# predOrPrey(1,Nspecies). binary vector indicating predators. inverse = prey
  1 0 1 1 1 0 1 1 0 1 1
# bandwidth_metric. (in yrs) for variance estimate of catch - moving window
  5
# init_number baseline_threshold // value of threshold that we stop landing catch. Typically 0.2
  0.2
# init_3darray indicator_fishery_q(1,Nareas,1,Nfleets,1,Nspecies)
# which species represent targeted catch. These are used to estmate exploitation rate in assessment
  1 1 1 1 0 1 0 1 0 1 1
  0 0 0 0 0 0 1 0 0 0 0
# AR_parameters(1,3) Survey, recruitment, Catch 
  0 0 0
# init_int flagMSE determins level of output (0 or 1)
  0
#  init_matrix catchProportion(1,Nareas,1,Nspecies). Proportion of the year in which resides in the management area
  1 1 1 1 1 1 1 1 1 1 1
# init_matrix areaMortality(1,Nareas,1,Nspecies). Total mortality outside of areae management area
  0 0 0 0 0 0 0 0 0 0 0
# eof
54321
