q par map
8
 2 1
 1 3 1
 1 4 2
 1 5 2
 1 6 2
 1 7 2
 1 8 2
 1 9 2
 1 10 2
1030
Nyrs
52
Nspecies
10
Nsizebins
5
Nareas
1
Nfleets
2
wtconv
1
Totsizebins
50
binwidth
 30 30 30 30 30
 9 9 9 9 9
 12 12 12 12 12
 24 24 24 24 24
 20 20 20 20 20
 17 17 17 17 17
 30 30 30 30 30
 17 17 17 17 17
 23 23 23 23 23
 14 14 14 14 14
lenwt_a
 0.00685682 0.00696289 0.00310243 0.0205012 0.0075924 0.00421677 0.00218691 0.00910817 0.00244735 0.00582004
lenwt_b
 3.09134 3.0816 3.321 2.93323 3.06817 3.12947 3.13963 3.08298 3.26553 3.10978
lbinmax
 30 60 90 120 150
 9 18 27 36 45
 12 24 36 48 60
 24 48 72 96 120
 20 40 60 80 100
 17 34 51 68 85
 30 60 90 120 150
 17 34 51 68 85
 23 46 69 92 115
 14 28 42 56 70
lbinmin
 0 30 60 90 120
 0 9 18 27 36
 0 12 24 36 48
 0 24 48 72 96
 0 20 40 60 80
 0 17 34 51 68
 0 30 60 90 120
 0 17 34 51 68
 0 23 46 69 92
 0 14 28 42 56
lbinmidpt
 15 45 75 105 135
 4.5 13.5 22.5 31.5 40.5
 6 18 30 42 54
 12 36 60 84 108
 10 30 50 70 90
 8.5 25.5 42.5 59.5 76.5
 15 45 75 105 135
 8.5 25.5 42.5 59.5 76.5
 11.5 34.5 57.5 80.5 103.5
 7 21 35 49 63
wtbinmax
 252.581 2152.71 7539.52 18347.3 36572.3
 6.07267 51.4082 179.339 435.196 865.611
 11.9033 118.957 457.288 1188.81 2494.31
 229.219 1750.82 5751.17 13373 25732.9
 74.5006 624.843 2167.95 5240.61 10392.5
 29.8978 261.64 930.632 2289.66 4603.07
 94.9379 836.683 2988.28 7373.65 14857.4
 56.6088 479.683 1674.33 4064.67 8087.18
 68.4624 658.375 2474.59 6331.32 13120.7
 21.3367 184.189 649.931 1590 3182.49
wtbinmin
 0 252.581 2152.71 7539.52 18347.3
 0 6.07267 51.4082 179.339 435.196
 0 11.9033 118.957 457.288 1188.81
 0 229.219 1750.82 5751.17 13373
 0 74.5006 624.843 2167.95 5240.61
 0 29.8978 261.64 930.632 2289.66
 0 94.9379 836.683 2988.28 7373.65
 0 56.6088 479.683 1674.33 4064.67
 0 68.4624 658.375 2474.59 6331.32
 0 21.3367 184.189 649.931 1590
wtatlbinmidpt
 29.6358 884.624 4291.09 12142.2 26405.9
 0.717343 21.1847 102.252 288.388 625.628
 1.19109 45.758 249.591 762.992 1757.88
 30.0097 752.951 3368.99 9039.12 18891.7
 8.88278 258.486 1239.1 3478.99 7521.88
 3.41644 106.344 525.996 1507.6 3310.18
 10.7725 339.078 1685.86 4848.52 10672.9
 6.68058 197.593 954.391 2693 5844.23
 7.1192 257.325 1364.38 4093.74 9301.09
 2.47167 75.289 368.664 1049.68 2293.36
binavgwt
 126.291 1202.65 4846.11 12943.4 27459.8
 3.03633 28.7404 115.374 307.268 650.403
 5.95165 65.4301 288.122 823.048 1841.56
 114.61 990.017 3750.99 9562.1 19553
 37.2503 349.672 1396.4 3704.28 7816.54
 14.9489 145.769 596.136 1610.14 3446.37
 47.4689 465.811 1912.48 5180.97 11115.5
 28.3044 268.146 1077.01 2869.5 6075.92
 34.2312 363.419 1566.48 4402.95 9726
 10.6683 102.763 417.06 1119.97 2386.25
Nrecruitment_cov
1
Nmaturity_cov
1
Ngrowth_cov
1
recruitment_cov
 1 1 1 1 1 1 1 1 1 1 1 1 1 1 1 1 1 1 1 1 1 1 1 1 1 1 1 1 1 1 1 1 1 1 1 1 1 1 1 1 1 1 1 1 1 1 1 1 1 1 1 1
maturity_cov
 1 1 1 1 1 1 1 1 1 1 1 1 1 1 1 1 1 1 1 1 1 1 1 1 1 1 1 1 1 1 1 1 1 1 1 1 1 1 1 1 1 1 1 1 1 1 1 1 1 1 1 1
growth_cov
 1 1 1 1 1 1 1 1 1 1 1 1 1 1 1 1 1 1 1 1 1 1 1 1 1 1 1 1 1 1 1 1 1 1 1 1 1 1 1 1 1 1 1 1 1 1 1 1 1 1 1 1
obs_survey_biomass
 1 1 7 15860.1 0.398007
 2 1 7 582.742 0.336382
 1 2 7 8840.6 0.423032
 2 2 7 2679.66 0.427181
 1 3 7 19066.4 0.312846
 2 3 7 35980 0.921331
 1 4 7 13380.1 0.509294
 2 4 7 1783.73 0.256701
 1 5 7 30354.4 0.454434
 2 5 7 13677.4 0.348492
 1 6 7 102462 0.477129
 2 6 7 23141.8 0.3474
 1 7 7 13063.6 0.588154
 2 7 7 26092.2 0.337472
 1 8 7 53010.5 0.376001
 2 8 7 32429 0.380142
 1 9 7 56537.5 0.279569
 2 9 7 58396.4 0.427366
 1 10 7 22156 0.22343
 2 10 7 6205.34 0.248773
 1 11 7 89247.1 0.212721
 2 11 7 9995.15 0.253632
 1 12 7 111135 0.222169
 2 12 7 11753.7 0.187773
 1 13 7 30623.7 0.394113
 2 13 7 50308.7 0.423618
 1 14 7 138846 0.310035
 2 14 7 157536 0.32707
 1 15 7 67295.7 0.378629
 2 15 7 25320 0.391317
 1 16 7 228706 0.494428
 2 16 7 25772.3 0.376281
 1 17 7 162479 0.759062
 2 17 7 28109 0.665353
 1 18 7 176198 0.383151
 2 18 7 50443.8 0.433685
 1 19 7 167405 0.48935
 2 19 7 58373.3 0.392371
 1 20 7 142220 0.382452
 2 20 7 95540.9 0.333799
 1 21 7 140316 0.566793
 2 21 7 141665 0.868042
 1 22 7 73534.9 0.381519
 2 22 7 28104 0.445145
 1 23 7 325835 0.438381
 2 23 7 332752 0.947226
 1 24 7 160546 0.482346
 2 24 7 69665.2 0.377076
 1 25 7 356505 0.420835
 2 25 7 94276 0.614716
 1 26 7 142314 0.515166
 2 26 7 131339 0.704031
 1 27 7 55559.1 0.559533
 2 27 7 59570.3 0.319774
 1 28 7 95967.9 0.479009
 2 28 7 52551.9 0.413519
 1 29 7 103830 0.429419
 2 29 7 86399.3 0.387616
 1 30 7 130609 0.477074
 2 30 7 95588.5 0.315869
 1 31 7 344527 0.410622
 2 31 7 106124 0.630051
 1 32 7 151939 0.294673
 2 32 7 87016.7 0.33547
 1 33 7 80397.5 0.477448
 2 33 7 12762.3 0.407626
 1 34 7 259419 0.384569
 2 34 7 7953.11 0.430492
 1 35 7 127568 0.333262
 2 35 7 126598 0.84396
 1 36 7 165479 0.685474
 2 36 7 25036.7 0.429621
 1 37 7 118164 0.286883
 2 37 7 5456.86 0.813437
 1 38 7 500352 0.371822
 2 38 7 15257.4 0.533276
 1 39 7 265123 0.592639
 2 39 7 15651.6 0.59034
 1 40 7 210242 0.374062
 2 40 7 4942.25 0.701775
 1 41 7 235385 0.3045
 2 41 7 1121.74 0.210829
 1 42 7 115137 0.233963
 2 42 7 1435.21 0.329779
 1 43 7 170784 0.270007
 2 43 7 859.096 0.460125
 1 44 7 128130 0.350008
 2 44 7 6538.75 0.837656
 1 45 7 778186 0.342746
 2 45 7 1785.85 0.291987
 1 46 7 339908 0.261907
 2 46 7 1600.78 0.4254
 1 47 7 173455 0.417429
 2 47 7 128724 0.287703
 1 48 7 153833 0.441211
 2 48 7 2123.51 0.866972
 1 49 7 182688 0.495235
 2 49 7 130235 0.556663
 1 50 7 105777 0.237858
 2 50 7 282.746 0.295404
 1 51 7 172195 0.327346
 2 51 7 46056.4 0.994031
 1 52 7 339646 0.368315
 2 52 7 322.441 0.461505
 1 1 9 9320.98 0.180215
 2 1 9 11331.3 0.255814
 1 2 9 8288.46 0.206567
 2 2 9 25136.9 0.199351
 1 3 9 14753 0.236785
 2 3 9 15911 0.322504
 1 4 9 6209.38 0.260839
 2 4 9 20556.8 0.215734
 1 5 9 15858 0.193369
 2 5 9 21173.3 0.223312
 1 6 9 28869.8 0.202285
 2 6 9 15625.6 0.191126
 1 7 9 11032.3 0.175096
 2 7 9 12158.5 0.186859
 1 8 9 8588.44 0.277264
 2 8 9 9261.9 0.186332
 1 9 9 15844.3 0.387391
 2 9 9 11840.1 0.267402
 1 10 9 22925 0.16968
 2 10 9 16819.1 0.269526
 1 11 9 31637 0.151455
 2 11 9 46702.2 0.608857
 1 12 9 45641.1 0.194025
 2 12 9 10625.1 0.209224
 1 13 9 38217.6 0.192597
 2 13 9 16274.7 0.223179
 1 14 9 47291.2 0.243233
 2 14 9 19615 0.216469
 1 15 9 60577.1 0.242425
 2 15 9 34088.7 0.167457
 1 16 9 99723.6 0.268676
 2 16 9 91075.8 0.203301
 1 17 9 98202.9 0.196228
 2 17 9 60072.1 0.19813
 1 18 9 59587.8 0.240047
 2 18 9 108762 0.203949
 1 19 9 90245.4 0.307374
 2 19 9 59821.4 0.160257
 1 20 9 72134 0.158929
 2 20 9 76344.3 0.197322
 1 21 9 48805.1 0.209026
 2 21 9 101544 0.187797
 1 22 9 40174.5 0.203078
 2 22 9 57578.6 0.210026
 1 23 9 69913 0.238934
 2 23 9 47905.6 0.197904
 1 24 9 35352.8 0.171026
 2 24 9 47293.1 0.254921
 1 25 9 26166.7 0.179364
 2 25 9 40734.4 0.232519
 1 26 9 13843.9 0.210244
 2 26 9 24133 0.168595
 1 27 9 13343.9 0.170032
 2 27 9 7008.97 0.200955
 1 28 9 14960 0.193899
 2 28 9 10174.9 0.211652
 1 29 9 13974.5 0.187539
 2 29 9 21892.8 0.255011
 1 30 9 15990.3 0.24782
 2 30 9 9981.8 0.296474
 1 31 9 31392.3 0.223351
 2 31 9 7936.87 0.343859
 1 32 9 45586.2 0.315774
 2 32 9 14675.4 0.374548
 1 33 9 43563.7 0.255677
 2 33 9 17645.6 0.296476
 1 34 9 34795.3 0.218682
 2 34 9 15611.2 0.333114
 1 35 9 71895 0.250062
 2 35 9 8733.12 0.267274
 1 36 9 24281.3 0.187227
 2 36 9 9513.63 0.360007
 1 37 9 41131.1 0.199043
 2 37 9 7431.67 0.230768
 1 38 9 20690.6 0.188481
 2 38 9 5751.49 0.306478
 1 39 9 21493.1 0.235358
 2 39 9 9090.68 0.308443
 1 40 9 23799.2 0.26255
 2 40 9 21332.4 0.6198
 1 41 9 64393.4 0.255413
 2 41 9 15362.1 0.410016
 1 42 9 55571.2 0.237437
 2 42 9 26400 0.251841
 1 43 9 42163.2 0.173145
 2 43 9 8596.79 0.265564
 1 44 9 35904.9 0.261675
 2 44 9 18860.3 0.278787
 1 45 9 25414 0.178342
 2 45 9 16276.3 0.228782
 1 46 9 15586.7 0.161616
 2 46 9 8273.83 0.234263
 1 47 9 38968.6 0.584716
 2 47 9 8625.12 0.231361
 1 48 9 35312.3 0.182474
 2 48 9 12078.6 0.148335
 1 49 9 45746.1 0.185797
 2 49 9 10441.4 0.233973
 1 50 9 44661 0.170487
 2 50 9 24181.2 0.198267
 1 51 9 39020.3 0.19303
 2 51 9 23452.9 0.179524
 1 52 9 57566 0.25649
 2 52 9 23003.6 0.192376
 1 1 2 173.785 0.301519
 2 1 2 20.8122 1
 1 2 2 253.66 0.321453
 2 2 2 10.0967 1
 1 3 2 44.1148 0.488141
 2 3 2 670.545 0.489108
 1 4 2 409.926 0.625867
 2 4 2 29.518 1
 1 5 2 194.731 0.61321
 2 5 2 174.999 0.579023
 1 6 2 10.6995 1
 2 6 2 1456.41 0.596351
 1 7 2 39.4795 0.778772
 2 7 2 2503.68 0.57034
 1 8 2 11.0287 1
 2 8 2 634.317 0.723654
 1 9 2 11.5623 1
 2 9 2 605.599 0.457255
 1 10 2 1.68307 0.703211
 2 10 2 82.5481 0.395209
 1 11 2 95.1997 0.601376
 2 11 2 915.539 0.565197
 2 12 2 1225.04 0.686052
 2 13 2 1004.45 0.378998
 1 14 2 4.30119 1
 2 14 2 1192.06 0.459317
 1 15 2 47.0443 0.611089
 2 15 2 74.1955 0.780616
 1 16 2 12.116 0.702038
 2 16 2 28.6746 0.461791
 1 17 2 120.516 0.94829
 2 17 2 575.456 0.685175
 1 18 2 33.4806 0.544381
 2 18 2 674.067 0.424096
 1 19 2 383.075 0.539313
 2 19 2 1020 0.454629
 1 20 2 2196.21 0.88095
 2 20 2 227.943 0.419344
 1 21 2 8495.46 0.799988
 2 21 2 221.385 0.839124
 1 22 2 556.243 0.774992
 2 22 2 123.39 0.424722
 1 23 2 1744.07 0.863215
 2 23 2 360.127 0.387073
 1 24 2 125.065 0.704084
 2 24 2 767.176 0.312793
 1 25 2 7647.3 0.457459
 2 25 2 2801.65 0.459652
 1 26 2 6350.98 0.853197
 2 26 2 10124.3 0.628929
 1 27 2 3174.69 0.611168
 2 27 2 3540.82 0.389596
 1 28 2 10663.1 0.416775
 2 28 2 3213.38 0.49518
 1 29 2 9605.99 0.690775
 2 29 2 2544.3 0.34712
 1 30 2 10369.2 0.793751
 2 30 2 3968.83 0.526947
 1 31 2 3087.87 0.339377
 2 31 2 6396.15 0.609999
 1 32 2 2223.35 0.601951
 2 32 2 5332.62 0.3893
 1 33 2 4976.78 0.658556
 2 33 2 6447.51 0.288585
 1 34 2 1957.22 0.637453
 2 34 2 5742.43 0.480513
 1 35 2 188.974 0.510473
 2 35 2 3117.8 0.338488
 1 36 2 4562.41 0.548437
 2 36 2 312.02 0.345955
 1 37 2 2312.97 0.492912
 2 37 2 1157.76 0.331642
 1 38 2 2539.63 0.747597
 2 38 2 444.567 0.447854
 1 39 2 46.0097 0.451616
 2 39 2 533.626 0.305276
 1 40 2 4270.06 0.79727
 2 40 2 1129.39 0.605265
 1 41 2 1073.12 0.666773
 2 41 2 1105.02 0.359836
 1 42 2 21976.4 0.967873
 2 42 2 394.636 0.422601
 1 43 2 5153.13 0.404694
 2 43 2 2611.19 0.46582
 1 44 2 6223.12 0.814873
 2 44 2 6766.86 0.505954
 1 45 2 5303.76 0.53322
 2 45 2 3502.43 0.287404
 1 46 2 62.8685 0.371954
 2 46 2 3810.94 0.365561
 1 47 2 2377.64 0.791301
 2 47 2 5268.04 0.487537
 1 48 2 1075.29 0.633365
 2 48 2 3619.61 0.644823
 1 49 2 48616.5 0.827254
 2 49 2 637.252 0.354236
 1 50 2 5963.39 0.900216
 2 50 2 1459.74 0.395846
 1 51 2 2488.62 0.957771
 2 51 2 186.147 0.496085
 1 52 2 1680.83 0.558706
 2 52 2 1944.3 0.60466
 1 1 6 4194.75 0.175356
 2 1 6 1239.48 0.718958
 1 2 6 2979.95 0.203404
 2 2 6 1074.29 0.613134
 1 3 6 2920.4 0.188814
 2 3 6 1193.3 0.418202
 1 4 6 2287.91 0.211488
 2 4 6 1610.84 0.360183
 1 5 6 1979.4 0.259538
 2 5 6 1189.15 0.40243
 1 6 6 2193.39 0.268116
 2 6 6 5602.15 0.352274
 1 7 6 1554.25 0.41492
 2 7 6 4266.5 0.393881
 1 8 6 2847.61 0.20704
 2 8 6 4383.77 0.267494
 1 9 6 2798.09 0.198082
 2 9 6 2991.32 0.3858
 1 10 6 2616.56 0.206569
 2 10 6 8149.57 0.40578
 1 11 6 4317.12 0.207853
 2 11 6 7728.4 0.784226
 1 12 6 3292.35 0.200947
 2 12 6 1841.75 0.421137
 1 13 6 2901.29 0.213246
 2 13 6 5141.94 0.281911
 1 14 6 10894.4 0.638612
 2 14 6 10950.7 0.516171
 1 15 6 14330.6 0.770977
 2 15 6 935.907 0.476735
 1 16 6 3630.77 0.317978
 2 16 6 2093.25 0.386013
 1 17 6 2464.35 0.230125
 2 17 6 1822.6 0.530742
 1 18 6 3729.72 0.223285
 2 18 6 1581.38 0.349108
 1 19 6 4379.6 0.263215
 2 19 6 5577.21 0.356706
 1 20 6 4544.49 0.348756
 2 20 6 5379.52 0.329322
 1 21 6 4541.77 0.220682
 2 21 6 1012.04 0.399669
 1 22 6 4440.15 0.255345
 2 22 6 2316.37 0.60733
 1 23 6 5849.23 0.233828
 2 23 6 6777.63 0.690301
 1 24 6 1896.94 0.241284
 2 24 6 2493.82 0.464973
 1 25 6 4301.19 0.475238
 2 25 6 347.856 0.449694
 1 26 6 1677.91 0.272355
 2 26 6 3747.55 0.626776
 1 27 6 2549.99 0.293474
 2 27 6 4796.28 0.331529
 1 28 6 1457.27 0.297868
 2 28 6 2592.09 0.72406
 1 29 6 1831.26 0.255274
 2 29 6 28738.3 0.972231
 1 30 6 1813.25 0.287982
 2 30 6 549.597 0.393581
 1 31 6 2189.11 0.332543
 2 31 6 1082.79 0.58393
 1 32 6 1814.63 0.301314
 2 32 6 3687.04 0.467824
 1 33 6 3971 0.313235
 2 33 6 3963.09 0.449456
 1 34 6 3859.01 0.18884
 2 34 6 1662.46 0.34253
 1 35 6 3129.06 0.260174
 2 35 6 1637.23 0.383131
 1 36 6 3107.07 0.29341
 2 36 6 817.226 0.337034
 1 37 6 2487.48 0.388648
 2 37 6 142.982 0.321629
 1 38 6 1962.43 0.345443
 2 38 6 1063.85 0.536865
 1 39 6 2048.8 0.310246
 2 39 6 832.526 0.451496
 1 40 6 3071.14 0.348394
 2 40 6 312.218 0.483684
 1 41 6 3555.52 0.210695
 2 41 6 1478.12 0.505438
 1 42 6 5612.13 0.260374
 2 42 6 5390.26 0.436614
 1 43 6 3430.24 0.18427
 2 43 6 3120.04 0.417121
 1 44 6 6619.43 0.224636
 2 44 6 8958.77 0.427028
 1 45 6 4519.09 0.214424
 2 45 6 7600.57 0.358257
 1 46 6 4183.47 0.241986
 2 46 6 9649.06 0.340012
 1 47 6 5740.12 0.278456
 2 47 6 7259.02 0.285873
 1 48 6 3010.73 0.299857
 2 48 6 6187.35 0.212373
 1 49 6 5868.16 0.375236
 2 49 6 4221.09 0.198905
 1 50 6 2753.76 0.252558
 2 50 6 3262.81 0.26277
 1 51 6 3370.06 0.343795
 2 51 6 3114.23 0.302797
 1 52 6 3369.8 0.191002
 2 52 6 2634.58 0.23306
 1 1 1 15290.7 0.271393
 2 1 1 15692.8 0.184281
 1 2 1 8565.19 0.261726
 2 2 1 25401.9 0.160848
 1 3 1 14689.8 0.260883
 2 3 1 20896.6 0.18681
 1 4 1 9647.15 0.273321
 2 4 1 20316.3 0.210667
 1 5 1 47666.2 0.595659
 2 5 1 30395.9 0.140705
 1 6 1 40490.3 0.336059
 2 6 1 142834 0.627106
 1 7 1 13865.2 0.294964
 2 7 1 50491.5 0.164575
 1 8 1 23812.4 0.435899
 2 8 1 36761.1 0.382272
 1 9 1 15524.2 0.256436
 2 9 1 27774.8 0.174677
 1 10 1 20664.9 0.203453
 2 10 1 26048.8 0.228312
 1 11 1 29249.1 0.241799
 2 11 1 51735.2 0.250018
 1 12 1 24443.5 0.142636
 2 12 1 25343.9 0.163647
 1 13 1 13085.8 0.225478
 2 13 1 27835 0.192013
 1 14 1 22579.6 0.32358
 2 14 1 35265.6 0.162432
 1 15 1 5959.03 0.320666
 2 15 1 107473 0.82239
 1 16 1 16876.8 0.452045
 2 16 1 36080.6 0.192409
 1 17 1 14996.2 0.282096
 2 17 1 30528.4 0.262098
 1 18 1 4824.14 0.41401
 2 18 1 30251.7 0.189959
 1 19 1 5353.01 0.406389
 2 19 1 23505 0.178404
 1 20 1 7559.67 0.290993
 2 20 1 15258.2 0.156754
 1 21 1 12211 0.324615
 2 21 1 23515.3 0.174349
 1 22 1 7773.46 0.294781
 2 22 1 13229.3 0.195233
 1 23 1 17138.9 0.440403
 2 23 1 15889.2 0.185762
 1 24 1 2463.57 0.372422
 2 24 1 12703.2 0.151581
 1 25 1 5543.02 0.341871
 2 25 1 9204.08 0.233364
 1 26 1 2521.57 0.416897
 2 26 1 10428.7 0.283802
 1 27 1 5992.99 0.500821
 2 27 1 2080.3 0.495024
 1 28 1 6661.5 0.389853
 2 28 1 9137.18 0.390989
 1 29 1 3377.96 0.293942
 2 29 1 12150.3 0.322404
 1 30 1 5041.25 0.52551
 2 30 1 5567.65 0.218361
 1 31 1 6712.85 0.266434
 2 31 1 17838.2 0.421116
 1 32 1 3278.32 0.374831
 2 32 1 6162.9 0.227391
 1 33 1 2648.06 0.352011
 2 33 1 12800.9 0.384269
 1 34 1 5288.04 0.347259
 2 34 1 4861.99 0.331292
 1 35 1 25990.9 0.578697
 2 35 1 5957.87 0.247394
 1 36 1 5571.63 0.459728
 2 36 1 5256.31 0.394189
 1 37 1 8758.19 0.539983
 2 37 1 39416.8 0.72949
 1 38 1 3472.71 0.364309
 2 38 1 5531.35 0.278657
 1 39 1 3621.19 0.562794
 2 39 1 10010.7 0.316141
 1 40 1 1782.59 0.420349
 2 40 1 9185.74 0.305117
 1 41 1 4710.85 0.403753
 2 41 1 7012.35 0.278332
 1 42 1 5965.91 0.491331
 2 42 1 5783.51 0.329727
 1 43 1 4155.79 0.537081
 2 43 1 5677.25 0.330868
 1 44 1 5567.49 0.379031
 2 44 1 2506.5 0.278881
 1 45 1 1932.58 0.519511
 2 45 1 4662.98 0.273519
 1 46 1 2611.54 0.556056
 2 46 1 10800.8 0.714062
 1 47 1 1618.36 0.588198
 2 47 1 3990.37 0.340315
 1 48 1 5304.96 0.324588
 2 48 1 2417.77 0.3002
 1 49 1 7997.45 0.501842
 2 49 1 8415.58 0.438397
 1 50 1 1617.59 0.403101
 2 50 1 13891.7 0.410378
 1 51 1 2355.4 0.478603
 2 51 1 3730.18 0.362129
 1 52 1 2753.69 0.646635
 2 52 1 8501.6 0.816171
 1 1 5 18625 0.428268
 2 1 5 24051.7 0.225459
 1 2 5 5119.23 0.345344
 2 2 5 24887.6 0.371618
 1 3 5 18258.7 0.446705
 2 3 5 25236.5 0.668863
 1 4 5 7952.32 0.615917
 2 4 5 8608.79 0.279204
 1 5 5 8226.74 0.315394
 2 5 5 13594.5 0.204475
 1 6 5 14627.8 0.346603
 2 6 5 24549 0.331649
 1 7 5 3959.63 0.318104
 2 7 5 27833.9 0.34828
 1 8 5 7440.71 0.39267
 2 8 5 12438.5 0.419902
 1 9 5 59228.4 0.480812
 2 9 5 28796.9 0.310773
 1 10 5 88684.5 0.603017
 2 10 5 72974.6 0.454522
 1 11 5 23751.6 0.476455
 2 11 5 52419.2 0.330887
 1 12 5 61243.7 0.845907
 2 12 5 30015.9 0.213567
 1 13 5 25143.3 0.345201
 2 13 5 83508.9 0.426263
 1 14 5 14905.7 0.264436
 2 14 5 54347.2 0.226747
 1 15 5 11460.6 0.469567
 2 15 5 21447.6 0.259488
 1 16 5 5006.79 0.386233
 2 16 5 19354.5 0.272572
 1 17 5 7081.53 0.438347
 2 17 5 11809.3 0.260488
 1 18 5 6172.01 0.368626
 2 18 5 19875.4 0.420352
 1 19 5 9643.49 0.424021
 2 19 5 9775.99 0.313874
 1 20 5 1803.02 0.405097
 2 20 5 8426.7 0.466268
 1 21 5 13258.4 0.480844
 2 21 5 5190.95 0.266836
 1 22 5 5741.65 0.469095
 2 22 5 7785.18 0.283789
 1 23 5 5194.87 0.540788
 2 23 5 13360.1 0.369431
 1 24 5 1580.48 0.470432
 2 24 5 6246.72 0.469634
 1 25 5 2953.48 0.50221
 2 25 5 3128.35 0.342065
 1 26 5 10788.5 0.584628
 2 26 5 4526.18 0.42346
 1 27 5 3547.46 0.5618
 2 27 5 12629 0.784022
 1 28 5 24090.9 0.497927
 2 28 5 13761.5 0.676432
 1 29 5 6254.1 0.480053
 2 29 5 43760.6 0.712203
 1 30 5 12581 0.806911
 2 30 5 36240.8 0.834297
 1 31 5 9364.18 0.336277
 2 31 5 9122.38 0.428727
 1 32 5 32477.2 0.866348
 2 32 5 12248.8 0.424628
 1 33 5 25303.2 0.613995
 2 33 5 33803.9 0.656624
 1 34 5 30763.7 0.747838
 2 34 5 15506.9 0.510439
 1 35 5 76390.1 0.471975
 2 35 5 34905.8 0.358481
 1 36 5 31321.9 0.4959
 2 36 5 25857.1 0.434983
 1 37 5 75660.1 0.313979
 2 37 5 66547.5 0.356018
 1 38 5 29001.3 0.388896
 2 38 5 32405.1 0.264411
 1 39 5 39064.6 0.429428
 2 39 5 27152.9 0.345982
 1 40 5 62269 0.854088
 2 40 5 66783.3 0.296892
 1 41 5 26971.9 0.570604
 2 41 5 57450.1 0.562815
 1 42 5 41259 0.339877
 2 42 5 60304 0.356216
 1 43 5 23706.3 0.298993
 2 43 5 61896 0.18929
 1 44 5 66659.9 0.254555
 2 44 5 36006.5 0.230851
 1 45 5 54064.2 0.630126
 2 45 5 82663.2 0.260965
 1 46 5 99914.6 0.254084
 2 46 5 87897.2 0.337085
 1 47 5 135678 0.192091
 2 47 5 321730 0.445823
 1 48 5 198609 0.387496
 2 48 5 245187 0.210854
 1 49 5 176834 0.368405
 2 49 5 213606 0.169854
 1 50 5 139351 0.474213
 2 50 5 132253 0.191467
 1 51 5 29333.1 0.360282
 2 51 5 106350 0.399607
 1 52 5 7396.96 0.353233
 2 52 5 89957.8 0.274035
 1 1 10 13157.6 0.219559
 2 1 10 5609.12 0.420478
 1 2 10 13865.4 0.30842
 2 2 10 10892.1 0.266469
 1 3 10 6067.37 0.254483
 2 3 10 7117.65 0.17612
 1 4 10 8591.72 0.246624
 2 4 10 6992.55 0.20101
 1 5 10 8080.25 0.263844
 2 5 10 8660.4 0.188515
 1 6 10 6916.14 0.293717
 2 6 10 4388.64 0.217058
 1 7 10 3691.63 0.233425
 2 7 10 3678.9 0.160147
 1 8 10 2459.13 0.209356
 2 8 10 1788.89 0.219675
 1 9 10 2687.64 0.261153
 2 9 10 2422.07 0.176182
 1 10 10 8772.73 0.350807
 2 10 10 1506.01 0.288087
 1 11 10 3928.63 0.167396
 2 11 10 1192.64 0.179334
 1 12 10 3712.81 0.167786
 2 12 10 1228.39 0.19408
 1 13 10 9175.36 0.201684
 2 13 10 4234.94 0.267083
 1 14 10 2935.64 0.27799
 2 14 10 2435.85 0.261163
 1 15 10 3082.52 0.260447
 2 15 10 2764.49 0.23676
 1 16 10 3533.36 0.354731
 2 16 10 4131.76 0.197747
 1 17 10 877.692 0.295758
 2 17 10 2109.19 0.330208
 1 18 10 1232.1 0.240663
 2 18 10 1181.22 0.36404
 1 19 10 949.958 0.339824
 2 19 10 921.684 0.261227
 1 20 10 773.345 0.294343
 2 20 10 492.618 0.249595
 1 21 10 294.036 0.387829
 2 21 10 870.78 0.211738
 1 22 10 1246.79 0.466146
 2 22 10 891.153 0.247676
 1 23 10 1083.63 0.279244
 2 23 10 1580.58 0.364807
 1 24 10 1049.93 0.264227
 2 24 10 1248.21 0.200854
 1 25 10 1080.81 0.401558
 2 25 10 1600.61 0.427553
 1 26 10 565.539 0.398035
 2 26 10 522.76 0.263051
 1 27 10 1292.41 0.271992
 2 27 10 995.882 0.262102
 1 28 10 1082.79 0.54407
 2 28 10 2573.89 0.500002
 1 29 10 1459.8 0.466409
 2 29 10 2660.37 0.351961
 1 30 10 3196.37 0.396749
 2 30 10 3675.56 0.353294
 1 31 10 6224.96 0.368706
 2 31 10 2439.48 0.244874
 1 32 10 7333.42 0.275174
 2 32 10 7752.84 0.470764
 1 33 10 5487.28 0.475907
 2 33 10 6321.25 0.279502
 1 34 10 11033.3 0.399262
 2 34 10 5047.26 0.349649
 1 35 10 3884.02 0.444276
 2 35 10 10439.2 0.379155
 1 36 10 4669.55 0.335324
 2 36 10 5624.74 0.484086
 1 37 10 4591.44 0.442836
 2 37 10 1677.77 0.319151
 1 38 10 2259.92 0.488042
 2 38 10 2851.73 0.407561
 1 39 10 5951.64 0.284422
 2 39 10 2028.06 0.296742
 1 40 10 12621.4 0.318408
 2 40 10 6321.95 0.267328
 1 41 10 9449.94 0.334558
 2 41 10 4740.69 0.298461
 1 42 10 7152.95 0.303962
 2 42 10 4872.21 0.273314
 1 43 10 2807.14 0.326412
 2 43 10 6120.92 0.314372
 1 44 10 2898.91 0.318273
 2 44 10 2614.91 0.25533
 1 45 10 2867.63 0.435378
 2 45 10 3620.07 0.477794
 1 46 10 1010.47 0.342234
 2 46 10 1053.8 0.255219
 1 47 10 1168.06 0.341251
 2 47 10 749.649 0.214601
 1 48 10 518.632 0.614068
 2 48 10 531.206 0.201112
 1 49 10 838.111 0.351906
 2 49 10 608.144 0.334721
 1 50 10 1316.15 0.816838
 2 50 10 275.637 0.227783
 1 51 10 609.71 0.505988
 2 51 10 53.5908 0.351067
 1 52 10 586.892 0.32436
 2 52 10 384.948 0.455428
 1 1 8 4230.35 0.315174
 2 1 8 3339.69 0.462933
 1 2 8 4522.32 0.289656
 2 2 8 7570.16 0.291625
 1 3 8 11387 0.445661
 2 3 8 3087.44 0.248391
 1 4 8 2983.71 0.263491
 2 4 8 3739.59 0.269253
 1 5 8 7638.4 0.434126
 2 5 8 6397.75 0.30604
 1 6 8 4324.86 0.308028
 2 6 8 2043.86 0.341323
 1 7 8 4436.33 0.385056
 2 7 8 4818.3 0.257195
 1 8 8 3329.65 0.260289
 2 8 8 1014.62 0.431509
 1 9 8 8485.83 0.431366
 2 9 8 2063.34 0.242479
 1 10 8 8883.5 0.337643
 2 10 8 1883.14 0.350122
 1 11 8 7140.43 0.190018
 2 11 8 3142.39 0.323221
 1 12 8 10470.6 0.162747
 2 12 8 1643.69 0.228983
 1 13 8 7624.46 0.34192
 2 13 8 3283.66 0.241842
 1 14 8 8287.08 0.228726
 2 14 8 4290.5 0.281644
 1 15 8 7641.47 0.248126
 2 15 8 3540.14 0.278718
 1 16 8 8384.15 0.357331
 2 16 8 11803.6 0.28769
 1 17 8 5097.74 0.306176
 2 17 8 10199.2 0.298
 1 18 8 3249.12 0.309842
 2 18 8 5238.46 0.290633
 1 19 8 2894.34 0.376612
 2 19 8 3447.1 0.277238
 1 20 8 1981.15 0.374919
 2 20 8 2217.23 0.215956
 1 21 8 2753.25 0.312482
 2 21 8 3384.02 0.22905
 1 22 8 1345.5 0.291217
 2 22 8 1767.52 0.334203
 1 23 8 1253.55 0.258086
 2 23 8 2272.24 0.369713
 1 24 8 2377.79 0.424292
 2 24 8 2248.35 0.242019
 1 25 8 1387.41 0.253077
 2 25 8 1642.91 0.236863
 1 26 8 1386.69 0.282083
 2 26 8 763.186 0.234686
 1 27 8 3096.86 0.308866
 2 27 8 916.243 0.418188
 1 28 8 2953.06 0.227618
 2 28 8 1863.85 0.363924
 1 29 8 4770.41 0.444594
 2 29 8 1977.64 0.228687
 1 30 8 6262.03 0.355281
 2 30 8 1535.83 0.522265
 1 31 8 9948.38 0.287664
 2 31 8 1797.51 0.32461
 1 32 8 6785.61 0.331891
 2 32 8 3909.59 0.405253
 1 33 8 10188.2 0.373879
 2 33 8 4498.06 0.325837
 1 34 8 11020.4 0.293118
 2 34 8 2067.35 0.252063
 1 35 8 13211.6 0.363617
 2 35 8 5718.79 0.318595
 1 36 8 8722.58 0.370438
 2 36 8 1549.75 0.388038
 1 37 8 6146.76 0.39902
 2 37 8 827.48 0.240335
 1 38 8 5121.37 0.32404
 2 38 8 1287.8 0.415472
 1 39 8 3902.84 0.367839
 2 39 8 906.588 0.278588
 1 40 8 3927.88 0.352474
 2 40 8 1133.69 0.226503
 1 41 8 8051.12 0.481135
 2 41 8 6700.44 0.540164
 1 42 8 7095.67 0.284653
 2 42 8 1781.77 0.343036
 1 43 8 6025.14 0.419286
 2 43 8 1874.95 0.233965
 1 44 8 7270.68 0.363227
 2 44 8 1261.54 0.230866
 1 45 8 8637.23 0.383482
 2 45 8 2301.61 0.242823
 1 46 8 3005.39 0.325978
 2 46 8 2089.74 0.341241
 1 47 8 993.992 0.323508
 2 47 8 3125.05 0.399696
 1 48 8 4696.96 0.425249
 2 48 8 781.803 0.187994
 1 49 8 1848.36 0.249118
 2 49 8 1536.38 0.265013
 1 50 8 1082.89 0.341801
 2 50 8 2493.89 0.365337
 1 51 8 1625.78 0.3029
 2 51 8 883.517 0.388935
 1 52 8 1949.05 0.491269
 2 52 8 596.799 0.242114
 1 1 3 692.97 0.537047
 2 1 3 1364.36 0.690516
 1 2 3 604.372 0.861423
 1 3 3 183.076 0.447611
 2 3 3 472.028 0.640935
 1 4 3 48.4641 0.51031
 1 5 3 682.627 0.67227
 2 5 3 86.4455 0.541846
 1 6 3 42.7979 0.488504
 2 6 3 7407.61 0.612949
 1 7 3 461.287 0.705429
 2 7 3 141.233 0.472905
 1 8 3 30.8803 1
 2 8 3 779.862 0.872578
 1 9 3 90.1862 0.599855
 2 9 3 2094.11 0.733303
 2 10 3 4.34464 1
 1 11 3 528.887 0.499485
 1 12 3 175.815 0.358154
 2 12 3 111.874 0.577111
 1 13 3 148.206 0.678339
 2 13 3 180.481 0.738122
 1 14 3 9.95646 1
 2 14 3 482.83 0.520563
 1 15 3 82.8875 0.693226
 2 15 3 1.99129 1
 1 16 3 14.1354 1
 2 16 3 190.481 0.484522
 1 17 3 22.8566 0.912294
 1 18 3 22.2127 0.655735
 2 18 3 4769.83 0.750382
 1 19 3 58.2453 0.67081
 2 19 3 36.8673 0.472731
 1 20 3 19.5509 0.631103
 2 20 3 121.16 0.91926
 1 21 3 21.8705 0.496475
 1 22 3 6.61722 0.740683
 2 22 3 11.201 1
 1 23 3 34.8745 0.360862
 1 24 3 2580.71 0.547901
 2 24 3 82.5481 0.478874
 1 25 3 1360.94 0.429608
 2 25 3 25.8541 0.654714
 1 26 3 665.34 0.691189
 2 26 3 3412.28 0.861489
 1 27 3 421.926 0.426972
 2 27 3 1254.51 0.572182
 1 28 3 656.948 0.505524
 2 28 3 279.919 0.488493
 1 29 3 688.625 0.644592
 2 29 3 1269.88 0.519257
 1 30 3 9293.94 0.899065
 2 30 3 3206.34 0.595696
 1 31 3 1286.08 0.543827
 2 31 3 1388.79 0.466112
 1 32 3 2612.81 0.881746
 2 32 3 5187.11 0.568445
 1 33 3 621.283 0.408105
 2 33 3 15890.9 0.357346
 1 34 3 3843.35 0.926083
 2 34 3 35285.3 0.539541
 1 35 3 41.7708 0.648664
 2 35 3 952.378 0.576168
 1 36 3 5777.52 0.695928
 2 36 3 201.036 0.54953
 1 37 3 692.175 0.708713
 2 37 3 25.6768 0.49627
 1 38 3 12.8822 0.489544
 1 39 3 3.07228 0.703511
 2 39 3 47.1633 0.875017
 1 40 3 395.356 0.63166
 2 40 3 9583.65 0.908152
 1 41 3 219.156 0.62657
 2 41 3 142.947 0.712466
 1 42 3 1468.39 0.661896
 2 42 3 2989.95 0.860129
 1 43 3 72.6057 0.783156
 2 43 3 2219.73 0.59839
 1 44 3 314.811 0.542775
 2 44 3 1360.93 0.743173
 1 45 3 1437.24 0.870542
 2 45 3 12465.1 0.446479
 1 46 3 35.3257 0.492194
 2 46 3 4579.26 0.49011
 1 47 3 4342.21 0.909631
 2 47 3 1576.38 0.433872
 1 48 3 5800 0.644773
 2 48 3 16619.5 0.484949
 1 49 3 8680.14 0.515045
 2 49 3 8752.94 0.38871
 1 50 3 9588.83 0.442573
 2 50 3 25704.1 0.39514
 1 51 3 621.457 0.885876
 2 51 3 2861.9 0.537531
 1 52 3 19155.5 0.983269
 2 52 3 9683.33 0.849696
 1 1 4 3723.35 0.364127
 2 1 4 2497.47 0.651478
 1 2 4 2558.66 0.325979
 2 2 4 870.335 0.4916
 1 3 4 820.535 0.590489
 2 3 4 672.75 0.469265
 1 4 4 1665.95 0.342847
 2 4 4 948.792 0.564981
 1 5 4 4367.53 0.283928
 2 5 4 1233.43 0.40555
 1 6 4 2644.91 0.364106
 2 6 4 923.397 0.31438
 1 7 4 1770.35 0.316186
 2 7 4 706.485 0.321172
 1 8 4 3932.83 0.253188
 2 8 4 694.493 0.262596
 1 9 4 1699.66 0.35346
 2 9 4 538.865 0.308279
 1 10 4 5833.1 0.222766
 2 10 4 396.205 0.384029
 1 11 4 2622.13 0.23895
 2 11 4 121.668 0.730585
 1 12 4 4797.24 0.179808
 2 12 4 439.651 0.333207
 1 13 4 2551.72 0.285713
 2 13 4 44.8119 0.519898
 1 14 4 2060.99 0.363103
 2 14 4 978.688 0.305358
 1 15 4 1010.33 0.503658
 2 15 4 856.255 0.471531
 1 16 4 1464.02 0.295548
 2 16 4 675.901 0.544764
 1 17 4 588.037 0.488934
 2 17 4 410.479 0.477537
 1 18 4 1512.48 0.370406
 2 18 4 109.135 1
 1 19 4 786.311 0.52783
 2 19 4 790.6 0.532719
 1 20 4 310.642 0.511991
 2 20 4 480.602 0.484035
 1 21 4 828.647 0.564562
 2 21 4 263.553 0.586474
 1 22 4 888.913 0.40253
 2 22 4 47.0443 1
 1 23 4 1011.36 0.433671
 2 23 4 1081.81 0.578452
 1 24 4 202.928 0.645439
 2 24 4 32.5848 1
 1 25 4 672.75 0.573085
 2 25 4 4.70075 1
 1 26 4 80.6473 0.62463
 2 26 4 125.727 0.618818
 1 27 4 1036.38 0.396956
 2 27 4 416.678 0.599987
 1 28 4 312.425 0.660331
 2 28 4 202.543 0.574102
 1 29 4 425.774 0.421007
 2 29 4 320.882 0.561536
 1 30 4 438.553 0.510604
 2 30 4 221.576 0.755238
 1 31 4 1127.73 0.341199
 2 31 4 29.9585 0.639965
 1 32 4 492.176 0.558363
 2 32 4 269.627 0.651942
 1 33 4 1005.78 0.358138
 2 33 4 376.622 0.817003
 1 34 4 739.099 0.350936
 2 34 4 115.661 0.457816
 1 35 4 2188.04 0.316931
 2 35 4 576.404 0.659064
 1 36 4 1102.3 0.372896
 2 36 4 596.992 0.566129
 1 37 4 846.006 0.340254
 2 37 4 138.159 0.701875
 1 38 4 1239.86 0.357265
 2 38 4 464.97 0.476578
 1 39 4 1351.95 0.527967
 2 39 4 533.262 0.56211
 1 40 4 778.683 0.415144
 2 40 4 463.262 0.557855
 1 41 4 690.797 0.494091
 2 41 4 18.7935 0.864948
 1 42 4 172.142 0.340526
 2 42 4 260.763 0.525593
 1 43 4 278.605 0.260637
 2 43 4 71.2749 0.517717
 1 44 4 366.174 0.219411
 2 44 4 283.121 0.445564
 1 45 4 423.052 0.271356
 2 45 4 119.695 0.36963
 1 46 4 282.125 0.322041
 2 46 4 418.431 0.389099
 1 47 4 233.76 0.241177
 2 47 4 231.064 0.36021
 1 48 4 328.547 0.310728
 2 48 4 217.958 0.437515
 1 49 4 405.025 0.28858
 2 49 4 430.602 0.246821
 1 50 4 2308.48 0.364364
 2 50 4 533.87 0.287983
 1 51 4 748.342 0.24363
 2 51 4 1228.2 0.386455
 1 52 4 959.409 0.263365
 2 52 4 307.316 0.352667
obs_survey_size
 1 1 1 0 177 0.0102198 0.463746 0.526034 -999 -999
 1 2 1 0 84 -999 0.252521 0.469335 0.278145 -999
 1 3 1 0 235 0.0202304 0.769597 0.210173 -999 -999
 1 4 1 0 135 0.0154786 0.258839 0.725682 -999 -999
 1 5 1 0 829 0.0537715 0.3676 0.578628 -999 -999
 1 6 1 0 601 0.0408834 0.480835 0.478282 -999 -999
 1 7 1 0 226 0.00956197 0.30298 0.687458 -999 -999
 1 8 1 0 362 0.0121334 0.164395 0.823472 -999 -999
 1 9 1 0 359 0.0155748 0.271747 0.286028 0.426649 -999
 1 10 1 0 642 0.00343455 0.36716 0.490423 0.138983 -999
 1 11 1 0 920 0.0176734 0.143866 0.717009 0.121451 -999
 1 12 1 0 4 0.00462981 0.0828726 0.821217 0.091281 -999
 1 12 1 0 740 0.00462981 0.0828726 0.821217 0.091281 -999
 1 13 1 0 325 0.00725571 0.170816 0.821928 -999 -999
 1 14 1 0 354 0.0364856 0.281293 0.425881 0.256341 -999
 1 15 1 0 104 0.0161902 0.374814 0.314195 0.294801 -999
 1 16 1 0 353 0.00517067 0.279412 0.715417 -999 -999
 1 17 1 0 226 0.0298359 0.139707 0.830457 -999 -999
 1 18 1 0 184 0.0179127 0.276872 0.705215 -999 -999
 1 18 1 0 26 0.0179127 0.276872 0.705215 -999 -999
 1 19 1 0 281 0.0139793 0.475073 0.510948 -999 -999
 1 19 1 0 15 0.0139793 0.475073 0.510948 -999 -999
 1 20 1 0 177 0.0014317 0.277363 0.132771 -999 0.588434
 1 21 1 0 305 0.0156922 0.287041 0.697267 -999 -999
 1 22 1 0 483 0.0346068 0.232794 0.313614 0.418985 -999
 1 23 1 0 500 0.0128838 0.36802 0.341198 0.277898 -999
 1 24 1 0 101 0.0192284 0.18299 0.797782 -999 -999
 1 25 1 0 145 0.0189145 0.631362 0.349723 -999 -999
 1 26 1 0 200 0.0290199 0.342432 0.628548 -999 -999
 1 27 1 0 139 0.00893957 0.612741 0.37832 -999 -999
 1 28 1 0 182 0.0195383 0.573648 0.406813 -999 -999
 1 29 1 0 80 0.00297354 0.381917 0.61511 -999 -999
 1 30 1 0 126 0.0125389 0.641699 0.345762 -999 -999
 1 31 1 0 204 0.000476908 0.999523 -999 -999 -999
 1 32 1 0 72 0.00485933 0.200584 0.794557 -999 -999
 1 33 1 0 109 0.0305517 0.314842 0.654607 -999 -999
 1 34 1 0 118 0.0125652 0.987435 -999 -999 -999
 1 35 1 0 503 0.0230312 0.17643 0.800539 -999 -999
 1 36 1 0 186 0.00190518 0.25526 0.742835 -999 -999
 1 37 1 0 466 0.126819 0.275289 0.597892 -999 -999
 1 38 1 0 107 0.0171867 0.524148 0.458666 -999 -999
 1 39 1 0 138 0.0346654 0.965335 -999 -999 -999
 1 40 1 0 80 0.0159841 0.560317 0.423699 -999 -999
 1 41 1 0 306 0.014767 0.512174 0.473059 -999 -999
 1 42 1 0 590 0.0269162 0.973084 -999 -999 -999
 1 43 1 0 572 0.0208704 0.375126 0.604004 -999 -999
 1 44 1 0 495 0.0332898 0.146669 0.820041 -999 -999
 1 45 1 0 114 0.000542871 0.288318 0.711139 -999 -999
 1 46 1 0 255 0.0140478 0.985952 -999 -999 -999
 1 47 1 0 137 0.121675 0.878325 -999 -999 -999
 1 48 1 0 351 0.119257 0.880743 -999 -999 -999
 1 49 1 0 343 0.00184016 0.99816 -999 -999 -999
 1 50 1 0 68 0.00640439 0.256721 0.736874 -999 -999
 1 51 1 0 152 0.0184489 0.773538 0.208013 -999 -999
 1 52 1 0 132 0.186774 0.813226 -999 -999 -999
 1 1 2 0 41 -999 -999 0.0769879 0.923012 -999
 1 2 2 0 52 -999 0.0183835 0.460869 0.520748 -999
 1 3 2 0 16 0.000213597 -999 0.306908 0.692878 -999
 1 4 2 0 82 -999 -999 1 -999 -999
 1 5 2 0 47 -999 -999 0.637079 0.362921 -999
 1 6 2 0 7 -999 -999 1 -999 -999
 1 7 2 0 8 -999 -999 0.586045 0.413955 -999
 1 8 2 0 1 -999 -999 -999 1 -999
 1 9 2 0 1 -999 -999 -999 1 -999
 1 10 2 0 4 -999 -999 0.293583 0.706417 -999
 1 11 2 0 68 -999 0.00847831 0.394847 0.596675 -999
 1 14 2 0 1 -999 -999 -999 1 -999
 1 15 2 0 9 -999 -999 0.245301 0.754699 -999
 1 16 2 0 1 -999 -999 1 -999 -999
 1 17 2 0 21 -999 -999 1 -999 -999
 1 18 2 0 1 -999 -999 0.398805 0.601195 -999
 1 18 2 0 10 -999 -999 0.398805 0.601195 -999
 1 19 2 0 112 -999 -999 1 -999 -999
 1 20 2 0 603 -999 0.0253553 0.974645 -999 -999
 1 21 2 0 1713 -999 0.0790159 0.610127 0.310857 -999
 1 22 2 0 259 -999 0.118049 0.612062 0.269889 -999
 1 23 2 0 1142 -999 -999 0.843511 0.156489 -999
 1 24 2 0 78 -999 0.037313 0.706483 0.256204 -999
 1 25 2 0 2625 -999 0.0958167 0.904183 -999 -999
 1 26 2 0 3223 -999 -999 1 -999 -999
 1 27 2 0 1013 -999 0.0807075 0.81194 0.107352 -999
 1 28 2 0 18438 -999 0.48879 0.51121 -999 -999
 1 29 2 0 3952 -999 0.368648 0.631352 -999 -999
 1 30 2 0 4068 -999 -999 0.972523 0.027477 -999
 1 31 2 0 1252 -999 -999 0.979768 0.0202323 -999
 1 32 2 0 651 -999 0.0117825 0.988218 -999 -999
 1 33 2 0 1355 -999 -999 1 -999 -999
 1 34 2 0 826 -999 0.0105929 0.989407 -999 -999
 1 35 2 0 84 -999 0.196635 0.515398 0.287967 -999
 1 36 2 0 11108 -999 0.735421 0.264579 -999 -999
 1 37 2 0 1075 0.000952303 0.151362 0.847686 -999 -999
 1 38 2 0 1047 -999 0.0391891 0.960811 -999 -999
 1 39 2 0 20 0.00374131 -999 0.996259 -999 -999
 1 40 2 0 1381 -999 -999 1 -999 -999
 1 41 2 0 457 -999 -999 1 -999 -999
 1 42 2 0 22943 -999 0.0406975 0.959303 -999 -999
 1 43 2 0 7348 0.00129444 0.642769 0.355937 -999 -999
 1 44 2 0 6900 -999 0.0030609 0.994186 0.00275262 -999
 1 45 2 0 4794 -999 0.0150213 0.984979 -999 -999
 1 46 2 0 112 -999 0.0766998 0.9233 -999 -999
 1 47 2 0 1785 -999 -999 1 -999 -999
 1 48 2 0 707 -999 -999 1 -999 -999
 1 49 2 0 34249 -999 -999 1 -999 -999
 1 50 2 0 3451 -999 -999 0.770794 0.229206 -999
 1 51 2 0 1135 -999 -999 0.841027 0.158973 -999
 1 52 2 0 2613 -999 0.716833 0.283167 -999 -999
 1 1 3 0 148 -999 0.116734 0.883266 -999 -999
 1 2 3 0 116 -999 0.277315 0.722685 -999 -999
 1 3 3 0 31 -999 0.0171453 0.81658 0.166275 -999
 1 4 3 0 11 -999 0.0136062 0.986394 -999 -999
 1 5 3 0 91 -999 0.0311363 0.647924 0.32094 -999
 1 6 3 0 20 -999 0.100798 0.899202 -999 -999
 1 7 3 0 180 -999 0.310548 0.689452 -999 -999
 1 8 3 0 6 -999 0.293956 0.706044 -999 -999
 1 9 3 0 6 -999 -999 0.63702 0.36298 -999
 1 11 3 0 850 -999 0.287902 0.214753 0.497345 -999
 1 12 3 0 1 -999 -999 0.525862 0.474138 -999
 1 12 3 0 35 -999 -999 0.525862 0.474138 -999
 1 13 3 0 19 -999 -999 0.486172 0.513828 -999
 1 14 3 0 2 0.023734 -999 0.976266 -999 -999
 1 15 3 0 13 -999 0.0568226 0.683603 0.259574 -999
 1 16 3 0 1 -999 -999 1 -999 -999
 1 17 3 0 5 -999 0.267799 0.732201 -999 -999
 1 18 3 0 1 -999 0.266702 0.733298 -999 -999
 1 18 3 0 3 -999 0.266702 0.733298 -999 -999
 1 19 3 0 28 -999 1 -999 -999 -999
 1 19 3 0 1 -999 1 -999 -999 -999
 1 20 3 0 7 -999 0.38741 0.61259 -999 -999
 1 21 3 0 4 -999 0.0705469 0.929453 -999 -999
 1 22 3 0 2 -999 0.528332 0.471668 -999 -999
 1 23 3 0 15 -999 0.366039 0.633961 -999 -999
 1 24 3 0 1399 -999 0.808731 0.191269 -999 -999
 1 25 3 0 388 -999 0.0452281 0.954772 -999 -999
 1 26 3 0 148 -999 0.318078 0.681922 -999 -999
 1 27 3 0 109 -999 0.0804427 0.919557 -999 -999
 1 28 3 0 246 -999 0.717563 0.282437 -999 -999
 1 29 3 0 333 -999 0.698672 0.301328 -999 -999
 1 30 3 0 2120 -999 0.004675 0.995325 -999 -999
 1 31 3 0 647 -999 0.942475 0.0575252 -999 -999
 1 32 3 0 764 -999 0.0316419 0.968358 -999 -999
 1 33 3 0 291 -999 0.38821 0.61179 -999 -999
 1 34 3 0 949 -999 0.18456 0.81544 -999 -999
 1 35 3 0 17 -999 0.538258 0.461742 -999 -999
 1 36 3 0 4639 -999 0.924386 0.0756143 -999 -999
 1 37 3 0 174 -999 0.412602 0.587398 -999 -999
 1 38 3 0 8 -999 0.322636 0.677364 -999 -999
 1 39 3 0 2 -999 1 -999 -999 -999
 1 40 3 0 299 -999 1 -999 -999 -999
 1 41 3 0 46 -999 -999 1 -999 -999
 1 42 3 0 256 -999 0.126688 0.873312 -999 -999
 1 43 3 0 29 -999 0.750432 0.249568 -999 -999
 1 44 3 0 76 -999 0.406269 0.593731 -999 -999
 1 45 3 0 293 -999 0.07364 0.92636 -999 -999
 1 46 3 0 10 -999 0.188862 0.811138 -999 -999
 1 47 3 0 692 -999 -999 1 -999 -999
 1 48 3 0 1084 -999 0.00370743 0.996293 -999 -999
 1 49 3 0 1525 -999 0.0218018 0.978198 -999 -999
 1 50 3 0 2307 -999 0.849274 0.150726 -999 -999
 1 51 3 0 127 -999 0.145982 0.854018 -999 -999
 1 52 3 0 4156 -999 0.107678 0.892322 -999 -999
 1 1 4 0 24 -999 0.121746 0.273528 0.604726 -999
 1 2 4 0 20 -999 0.0126286 0.199446 0.521631 0.266294
 1 3 4 0 9 0.00488276 -999 0.810489 0.184628 -999
 1 4 4 0 25 0.00124296 0.0621518 0.213612 0.287151 0.435843
 1 5 4 0 48 0.000949337 0.0533892 0.339147 0.386011 0.220504
 1 6 4 0 36 -999 0.184185 0.342593 0.473222 -999
 1 7 4 0 14 -999 0.0293337 0.43106 0.539606 -999
 1 8 4 0 32 0.000142901 0.0540556 0.393086 0.473383 0.0793316
 1 9 4 0 16 0.000623749 -999 0.448361 0.551015 -999
 1 10 4 0 51 7.03153e-05 0.0104666 0.166421 0.494343 0.328699
 1 11 4 0 29 0.000352408 -999 0.058351 0.619011 0.322285
 1 12 4 0 1 0.00187341 0.0336988 0.0932307 0.733891 0.137306
 1 12 4 0 58 0.00187341 0.0336988 0.0932307 0.733891 0.137306
 1 13 4 0 25 0.00532395 0.0356484 0.451861 0.507167 -999
 1 14 4 0 24 0.00437864 0.0672825 0.362477 0.404028 0.161834
 1 15 4 0 12 0.0117412 0.136485 0.592408 0.259366 -999
 1 16 4 0 18 -999 0.194567 0.350987 0.454446 -999
 1 17 4 0 7 -999 0.110423 0.889577 -999 -999
 1 18 4 0 4 -999 0.01703 0.54654 0.43643 -999
 1 18 4 0 11 -999 0.01703 0.54654 0.43643 -999
 1 19 4 0 14 0.00393981 -999 0.583882 0.412179 -999
 1 20 4 0 6 -999 0.210846 0.789154 -999 -999
 1 21 4 0 4 -999 0.0203645 -999 0.979635 -999
 1 22 4 0 16 0.00159094 0.364117 0.634292 -999 -999
 1 23 4 0 15 0.0178974 0.0177617 0.551855 0.412485 -999
 1 24 4 0 10 0.0330642 0.0536747 0.249603 0.663658 -999
 1 25 4 0 12 0.0177609 0.0810475 0.11124 0.789952 -999
 1 26 4 0 7 0.0107532 0.200914 0.788333 -999 -999
 1 27 4 0 23 0.0112608 0.0699279 0.414908 0.503904 -999
 1 28 4 0 6 0.00759109 0.348172 0.644237 -999 -999
 1 29 4 0 8 -999 0.111716 0.687901 0.200383 -999
 1 30 4 0 6 -999 0.142079 0.857921 -999 -999
 1 31 4 0 13 0.00474253 0.00927572 0.456815 0.529167 -999
 1 32 4 0 8 0.01986 0.0503243 0.419757 0.510059 -999
 1 33 4 0 25 0.00387043 0.203702 0.509008 0.28342 -999
 1 34 4 0 20 0.0186474 0.0975998 0.443925 0.439828 -999
 1 35 4 0 33 0.00521872 0.167793 0.383204 0.443784 -999
 1 36 4 0 20 0.00822076 0.0510131 0.575099 0.365667 -999
 1 37 4 0 14 0.00698078 0.241229 0.217166 0.534625 -999
 1 38 4 0 32 0.00124284 0.0901968 0.90856 -999 -999
 1 39 4 0 33 0.000826592 0.175728 0.823446 -999 -999
 1 40 4 0 15 0.00572588 0.19916 0.795114 -999 -999
 1 41 4 0 12 -999 0.339145 0.660855 -999 -999
 1 42 4 0 26 0.00731637 0.11078 0.881904 -999 -999
 1 43 4 0 55 0.00288723 0.261788 0.349916 0.385409 -999
 1 44 4 0 94 0.0145165 0.208686 0.670493 0.106304 -999
 1 45 4 0 82 0.000500009 0.174967 0.824533 -999 -999
 1 46 4 0 54 0.00214622 0.0346686 0.963185 -999 -999
 1 47 4 0 60 0.00139054 0.176178 0.655571 0.166861 -999
 1 48 4 0 200 0.085874 0.109462 0.543447 0.261217 -999
 1 49 4 0 125 0.00210121 0.347324 0.650575 -999 -999
 1 50 4 0 336 0.00297078 0.167341 0.829688 -999 -999
 1 51 4 0 140 0.0151101 0.191095 0.793795 -999 -999
 1 52 4 0 167 0.000669021 0.134073 0.754765 0.110493 -999
 1 1 5 0 276 0.00571488 0.0606191 0.829404 0.104262 -999
 1 2 5 0 85 0.00962311 0.00660822 0.804182 0.179586 -999
 1 3 5 0 356 -999 0.182996 0.419897 0.397107 -999
 1 4 5 0 238 0.0389948 -999 0.526883 0.434122 -999
 1 5 5 0 568 0.182404 0.241063 0.154306 0.422226 -999
 1 6 5 0 674 0.161901 0.257944 -999 0.580155 -999
 1 7 5 0 180 0.102548 0.406406 0.491047 -999 -999
 1 8 5 0 1547 0.266943 0.189744 0.543312 -999 -999
 1 9 5 0 3595 0.0831015 0.703436 0.213462 -999 -999
 1 10 5 0 4147 0.00362095 0.47838 0.132883 0.385116 -999
 1 11 5 0 3536 0.250657 0.206776 0.542567 -999 -999
 1 12 5 0 2 0.126249 0.657081 0.21667 -999 -999
 1 12 5 0 1318 0.126249 0.657081 0.21667 -999 -999
 1 13 5 0 3064 0.241923 0.121457 -999 0.63662 -999
 1 14 5 0 491 0.064088 0.179332 0.262782 0.493797 -999
 1 15 5 0 203 0.00362964 0.122485 0.571912 0.301973 -999
 1 16 5 0 398 0.234909 0.649261 0.11583 -999 -999
 1 17 5 0 380 0.00908206 0.454547 0.239709 0.296662 -999
 1 18 5 0 638 0.460327 0.470861 0.0688118 -999 -999
 1 18 5 0 449 0.460327 0.470861 0.0688118 -999 -999
 1 19 5 0 570 -999 0.663507 0.336493 -999 -999
 1 19 5 0 1 -999 0.663507 0.336493 -999 -999
 1 20 5 0 282 0.172346 0.370567 0.457087 -999 -999
 1 21 5 0 509 0.010918 0.830042 0.15904 -999 -999
 1 22 5 0 340 0.060049 0.22626 0.431899 0.281793 -999
 1 23 5 0 371 0.111717 0.382647 0.505636 -999 -999
 1 24 5 0 314 0.294256 0.187781 0.517964 -999 -999
 1 25 5 0 468 0.180655 0.336118 0.483227 -999 -999
 1 26 5 0 1080 0.200341 0.799659 -999 -999 -999
 1 27 5 0 327 0.246373 0.753627 -999 -999 -999
 1 28 5 0 1649 0.196568 0.613913 0.189519 -999 -999
 1 29 5 0 357 0.331806 0.668194 -999 -999 -999
 1 30 5 0 813 0.0712945 0.601027 -999 0.327678 -999
 1 31 5 0 935 0.0785425 0.474874 0.446583 -999 -999
 1 32 5 0 1385 0.0654687 0.102173 0.832358 -999 -999
 1 33 5 0 1796 0.0915867 0.773063 0.13535 -999 -999
 1 34 5 0 1709 0.0564485 0.51343 0.0959764 0.334145 -999
 1 35 5 0 4112 0.020542 0.510128 0.0908208 0.378509 -999
 1 36 5 0 12733 0.853081 -999 0.146919 -999 -999
 1 37 5 0 14227 0.0670546 0.932945 -999 -999 -999
 1 38 5 0 3639 0.211862 0.788138 -999 -999 -999
 1 39 5 0 3805 0.0641822 0.935818 -999 -999 -999
 1 40 5 0 4082 0.153098 0.706666 0.140236 -999 -999
 1 41 5 0 1305 0.176878 0.350428 0.472693 -999 -999
 1 42 5 0 2598 0.0950558 0.0665295 0.838415 -999 -999
 1 43 5 0 14099 1 -999 -999 -999 -999
 1 44 5 0 23538 0.323261 0.676739 -999 -999 -999
 1 45 5 0 12108 0.062551 0.59637 0.341079 -999 -999
 1 46 5 0 169476 0.998515 0.00148496 -999 -999 -999
 1 47 5 0 78798 0.719726 0.280274 -999 -999 -999
 1 48 5 0 50026 0.0562676 0.943732 -999 -999 -999
 1 49 5 0 125999 0.832379 0.167621 -999 -999 -999
 1 50 5 0 16599 0.077883 0.922117 -999 -999 -999
 1 51 5 0 8334 0.230357 0.539154 0.23049 -999 -999
 1 52 5 0 1364 0.159215 0.315934 0.524851 -999 -999
 1 1 6 0 1666 0.0192268 0.649718 0.331056 -999 -999
 1 2 6 0 1244 0.0109172 0.942004 0.047079 -999 -999
 1 3 6 0 833 0.00402369 0.542832 0.453144 -999 -999
 1 4 6 0 3663 0.0364954 0.963505 -999 -999 -999
 1 5 6 0 1441 0.0197242 0.95042 0.0298553 -999 -999
 1 6 6 0 983 0.0163632 0.734069 0.249568 -999 -999
 1 7 6 0 8690 0.119063 0.531025 0.349911 -999 -999
 1 8 6 0 4275 0.0777723 0.783749 0.138479 -999 -999
 1 9 6 0 1142 0.016258 0.934816 0.0489257 -999 -999
 1 10 6 0 1913 0.0189927 0.829348 0.0835987 0.0680604 -999
 1 11 6 0 6005 0.032033 0.953334 0.0146332 -999 -999
 1 12 6 0 60 0.0267433 0.725119 0.248138 -999 -999
 1 12 6 0 3518 0.0267433 0.725119 0.248138 -999 -999
 1 13 6 0 3241 0.0155189 0.758249 0.226233 -999 -999
 1 14 6 0 1187 0.00820715 0.861316 0.130477 -999 -999
 1 15 6 0 4052 0.0598936 0.940106 -999 -999 -999
 1 16 6 0 862 0.00115448 0.998846 -999 -999 -999
 1 17 6 0 2635 0.0415049 0.886153 0.0723419 -999 -999
 1 18 6 0 2431 0.294561 0.705439 -999 -999 -999
 1 18 6 0 9448 0.294561 0.705439 -999 -999 -999
 1 19 6 0 1963 0.0735728 0.878489 0.0479383 -999 -999
 1 19 6 0 206 0.0735728 0.878489 0.0479383 -999 -999
 1 20 6 0 1369 0.00719965 0.9928 -999 -999 -999
 1 21 6 0 4425 0.0965976 0.607829 -999 0.295573 -999
 1 22 6 0 3627 0.504503 0.495497 -999 -999 -999
 1 23 6 0 7379 0.227301 0.772699 -999 -999 -999
 1 24 6 0 2810 0.260252 0.739748 -999 -999 -999
 1 25 6 0 3757 0.180928 0.819072 -999 -999 -999
 1 26 6 0 994 0.00543349 0.994567 -999 -999 -999
 1 27 6 0 2235 0.0193601 0.98064 -999 -999 -999
 1 28 6 0 2157 0.0319469 0.7748 0.193253 -999 -999
 1 29 6 0 844 0.0158589 0.984141 -999 -999 -999
 1 30 6 0 2513 0.0707232 0.723063 0.206214 -999 -999
 1 31 6 0 2997 0.126413 0.873587 -999 -999 -999
 1 32 6 0 3793 0.0929965 0.907004 -999 -999 -999
 1 33 6 0 6655 0.00933961 0.930021 0.0606398 -999 -999
 1 34 6 0 3387 0.0541592 0.945841 -999 -999 -999
 1 35 6 0 2711 0.0501875 0.949813 -999 -999 -999
 1 36 6 0 6122 0.143369 0.856631 -999 -999 -999
 1 37 6 0 1648 0.0187757 0.981224 -999 -999 -999
 1 38 6 0 1148 0.0143952 0.985605 -999 -999 -999
 1 39 6 0 5530 0.101544 0.898456 -999 -999 -999
 1 40 6 0 2118 0.0230296 0.97697 -999 -999 -999
 1 41 6 0 1858 0.00780053 0.992199 -999 -999 -999
 1 42 6 0 18260 0.137457 0.862543 -999 -999 -999
 1 43 6 0 15127 0.16971 0.83029 -999 -999 -999
 1 44 6 0 18021 0.138041 0.861959 -999 -999 -999
 1 45 6 0 21289 0.267973 0.732027 -999 -999 -999
 1 46 6 0 50821 0.302224 0.697776 -999 -999 -999
 1 47 6 0 13158 0.0395031 0.960497 -999 -999 -999
 1 48 6 0 5016 0.0164411 0.983559 -999 -999 -999
 1 49 6 0 12811 0.0145636 0.960466 0.0249701 -999 -999
 1 50 6 0 34801 0.581773 0.418227 -999 -999 -999
 1 51 6 0 21474 0.218095 0.761165 0.0207399 -999 -999
 1 52 6 0 54379 0.62287 0.37713 -999 -999 -999
 1 1 7 0 911 0.00468421 0.462183 0.533133 -999 -999
 1 2 7 0 362 0.00227471 0.441455 0.464925 0.0913458 -999
 1 3 7 0 637 0.00929437 0.421749 0.568957 -999 -999
 1 4 7 0 519 0.00389983 0.549946 0.399906 0.0462487 -999
 1 5 7 0 827 0.016724 0.363191 0.489618 0.130467 -999
 1 6 7 0 2192 0.0285841 0.391202 0.580214 -999 -999
 1 7 7 0 453 0.00290922 0.2 0.487839 0.309252 -999
 1 8 7 0 2516 0.0162438 0.696442 0.287314 -999 -999
 1 9 7 0 4768 0.0242521 0.320333 0.655415 -999 -999
 1 10 7 0 973 0.00761251 0.207275 0.447623 0.337489 -999
 1 11 7 0 9408 0.00153802 0.345522 0.566151 0.0867881 -999
 1 12 7 0 21 0.0232303 0.187615 0.615071 0.174084 -999
 1 12 7 0 12645 0.0232303 0.187615 0.615071 0.174084 -999
 1 13 7 0 1247 0.00572116 0.173317 0.718836 0.102126 -999
 1 14 7 0 6004 -999 0.546467 0.396647 0.0568863 -999
 1 15 7 0 3046 0.032208 0.379695 0.489129 0.0989674 -999
 1 16 7 0 8280 0.00133447 0.610579 0.285674 0.102412 -999
 1 17 7 0 4097 0.0210475 0.302974 0.364591 0.311387 -999
 1 18 7 0 1047 0.0168299 0.477963 0.410577 0.0946296 -999
 1 18 7 0 9284 0.0168299 0.477963 0.410577 0.0946296 -999
 1 19 7 0 3800 0.0168993 0.466618 0.46152 0.0549624 -999
 1 19 7 0 2075 0.0168993 0.466618 0.46152 0.0549624 -999
 1 20 7 0 9024 0.0228799 0.592193 0.351169 0.0337583 -999
 1 21 7 0 4014 0.0324274 0.569464 0.398109 -999 -999
 1 22 7 0 3875 0.0358713 0.569337 0.322202 0.0725894 -999
 1 23 7 0 12034 0.0116677 0.268056 0.681387 0.0388897 -999
 1 24 7 0 4618 0.00628484 0.39491 0.598805 -999 -999
 1 25 7 0 10494 0.00845424 0.559033 0.393892 0.0386212 -999
 1 26 7 0 5217 -999 0.262087 0.655371 0.082542 -999
 1 27 7 0 1999 0.0019686 0.486453 0.441294 0.0702846 -999
 1 28 7 0 3628 -999 0.44521 0.55479 -999 -999
 1 29 7 0 3646 -999 0.739773 0.260227 -999 -999
 1 30 7 0 4435 -999 0.64564 0.35436 -999 -999
 1 31 7 0 12420 0.00279351 0.736463 0.260743 -999 -999
 1 32 7 0 5121 -999 0.596016 0.403984 -999 -999
 1 33 7 0 2316 -999 0.405157 0.594843 -999 -999
 1 34 7 0 8414 -999 0.56271 0.43729 -999 -999
 1 35 7 0 3839 -999 0.227071 0.772929 -999 -999
 1 36 7 0 4989 -999 0.0533079 0.946692 -999 -999
 1 37 7 0 3361 -999 0.131113 0.831797 0.0370899 -999
 1 38 7 0 13362 0.000672381 0.0647462 0.934581 -999 -999
 1 39 7 0 8875 0.000212182 0.0799216 0.919866 -999 -999
 1 40 7 0 6268 0.00673054 0.0698595 0.92341 -999 -999
 1 41 7 0 7674 0.0011864 0.202502 0.796312 -999 -999
 1 42 7 0 5575 0.00342369 0.33806 0.658516 -999 -999
 1 43 7 0 16511 0.011372 0.430973 0.557655 -999 -999
 1 44 7 0 15444 0.0956012 0.417355 0.487044 -999 -999
 1 45 7 0 59684 0.0525394 0.730882 0.216579 -999 -999
 1 46 7 0 46094 0.0151689 0.916053 0.068778 -999 -999
 1 47 7 0 18737 0.0292671 0.912728 0.0580046 -999 -999
 1 48 7 0 10709 0.00174478 0.761961 0.236294 -999 -999
 1 49 7 0 10176 0.00242259 0.815264 0.182313 -999 -999
 1 50 7 0 9227 0.00624057 0.940729 0.0530303 -999 -999
 1 51 7 0 10040 -999 0.853259 0.146741 -999 -999
 1 52 7 0 27101 0.000901778 0.825563 0.173535 -999 -999
 1 1 8 0 175 -999 0.289368 0.413417 0.297215 -999
 1 2 8 0 201 0.00093575 0.273574 0.555393 0.170097 -999
 1 3 8 0 355 6.5063e-05 0.214442 0.375728 0.409764 -999
 1 4 8 0 141 0.00406746 0.196867 0.676061 0.123004 -999
 1 5 8 0 405 0.00450962 0.243736 0.665733 0.0860207 -999
 1 6 8 0 191 9.77339e-06 0.241038 0.649771 0.109182 -999
 1 7 8 0 193 0.000490754 0.140717 0.584425 0.274368 -999
 1 8 8 0 191 0.0052806 0.0907789 0.499343 0.404597 -999
 1 9 8 0 361 0.00599177 0.527987 0.466021 -999 -999
 1 10 8 0 556 0.00404682 0.245368 0.702508 0.0480776 -999
 1 11 8 0 664 0.00347617 0.333043 0.587146 0.0763351 -999
 1 12 8 0 12 0.0043699 0.302187 0.419292 0.274151 -999
 1 12 8 0 1204 0.0043699 0.302187 0.419292 0.274151 -999
 1 13 8 0 619 0.000410687 0.213859 0.612112 0.173619 -999
 1 14 8 0 535 0.00125362 0.168354 0.752398 0.0779935 -999
 1 15 8 0 405 0.00853562 0.61225 0.379214 -999 -999
 1 16 8 0 405 0.000893815 0.339732 0.580496 0.0788781 -999
 1 17 8 0 288 0.000393338 0.265926 0.64877 0.0849109 -999
 1 18 8 0 87 0.00873951 0.388207 0.603054 -999 -999
 1 18 8 0 257 0.00873951 0.388207 0.603054 -999 -999
 1 19 8 0 219 0.022147 0.35108 0.626773 -999 -999
 1 19 8 0 28 0.022147 0.35108 0.626773 -999 -999
 1 20 8 0 128 2.35876e-05 0.358258 0.641719 -999 -999
 1 21 8 0 263 0.000695918 0.263805 0.472451 0.263048 -999
 1 22 8 0 108 0.00200699 0.187009 0.609756 0.201229 -999
 1 23 8 0 147 0.00733809 0.435422 0.55724 -999 -999
 1 24 8 0 232 0.00890842 0.306072 0.431089 0.253931 -999
 1 25 8 0 170 0.00790318 0.648247 0.343849 -999 -999
 1 26 8 0 132 -999 0.294288 0.705712 -999 -999
 1 27 8 0 370 0.00181173 0.541469 0.236936 0.219783 -999
 1 28 8 0 344 0.000777732 0.404694 0.594529 -999 -999
 1 29 8 0 397 0.00377516 0.150962 0.597898 0.247365 -999
 1 30 8 0 518 0.000702529 0.304102 0.695196 -999 -999
 1 31 8 0 849 0.000620916 0.215513 0.783866 -999 -999
 1 32 8 0 514 0.00272372 0.219298 0.777979 -999 -999
 1 33 8 0 791 0.00249849 0.220508 0.504034 0.272959 -999
 1 34 8 0 853 -999 0.172714 0.603118 0.224168 -999
 1 35 8 0 831 0.00327829 0.278486 0.587688 0.130548 -999
 1 36 8 0 531 0.000122005 0.126636 0.718318 0.154924 -999
 1 37 8 0 455 0.00164883 0.142705 0.746409 0.109237 -999
 1 38 8 0 391 0.000499804 0.218914 0.47772 0.302866 -999
 1 39 8 0 376 -999 0.135142 0.653842 0.211016 -999
 1 40 8 0 379 0.00314223 0.22933 0.767528 -999 -999
 1 41 8 0 757 0.00325059 0.24537 0.75138 -999 -999
 1 42 8 0 1174 0.00449547 0.318181 0.677324 -999 -999
 1 43 8 0 1169 0.00196109 0.274604 0.723435 -999 -999
 1 44 8 0 1019 0.010613 0.203825 0.785562 -999 -999
 1 45 8 0 1578 0.0136553 0.301954 0.684391 -999 -999
 1 46 8 0 491 0.000272519 0.291756 0.625447 0.0825242 -999
 1 47 8 0 190 -999 0.118331 0.679237 0.202431 -999
 1 48 8 0 678 0.00042262 0.286221 0.713357 -999 -999
 1 49 8 0 344 0.00319426 0.12291 0.658338 0.215559 -999
 1 50 8 0 118 0.00119604 0.0459961 0.441066 0.511742 -999
 1 51 8 0 218 0.00528638 0.0886821 0.906031 -999 -999
 1 52 8 0 352 0.00747933 0.22267 0.537302 0.232548 -999
 1 1 9 0 198 0.00472786 0.0815854 0.791422 0.0259776 0.0962869
 1 2 9 0 161 0.00131261 0.0755923 0.284156 0.638939 -999
 1 3 9 0 286 -999 0.126011 0.552749 0.32124 -999
 1 4 9 0 161 0.000428718 0.170623 0.413073 0.243453 0.172423
 1 5 9 0 408 0.00223954 0.237553 0.165279 0.244751 0.350178
 1 6 9 0 644 0.00211495 0.26338 0.652753 0.0817522 -999
 1 7 9 0 255 0.00243428 0.176528 0.422842 0.297547 0.100648
 1 8 9 0 123 0.00412544 0.0490645 0.571522 0.375288 -999
 1 9 9 0 202 0.000298643 0.0459684 0.28405 0.419599 0.250083
 1 10 9 0 777 0.0034315 0.133164 0.151238 0.673678 0.0384888
 1 11 9 0 762 0.000386357 0.0149579 0.241281 0.743375 -999
 1 12 9 0 1133 0.00224406 0.0888191 0.116575 0.737255 0.0551068
 1 13 9 0 721 0.000572283 0.161875 0.311207 0.526345 -999
 1 14 9 0 711 0.00333291 0.085056 0.172361 0.307548 0.431702
 1 15 9 0 1240 0.0223651 0.143936 0.590717 0.242982 -999
 1 16 9 0 984 0.00295576 0.173138 0.174023 0.401444 0.248439
 1 17 9 0 1312 0.00483882 0.117073 0.0798931 0.798195 -999
 1 18 9 0 192 0.000575144 0.169601 0.200753 0.484069 0.145001
 1 18 9 0 775 0.000575144 0.169601 0.200753 0.484069 0.145001
 1 19 9 0 916 0.000916631 0.173375 0.251568 0.409217 0.164923
 1 19 9 0 121 0.000916631 0.173375 0.251568 0.409217 0.164923
 1 20 9 0 1266 0.0050963 0.110735 0.490871 0.327574 0.0657238
 1 21 9 0 848 0.0163763 0.337559 0.437258 0.208806 -999
 1 22 9 0 898 0.00462547 0.273457 0.19043 0.0658352 0.465653
 1 23 9 0 1227 0.000231235 0.0856654 0.0845269 0.472258 0.357318
 1 24 9 0 951 0.00142406 0.282986 0.242052 0.473538 -999
 1 25 9 0 690 0.00145935 0.241641 0.0939957 0.448436 0.214468
 1 26 9 0 579 -999 0.24001 0.173482 0.586507 -999
 1 27 9 0 474 0.00604673 0.385972 0.409581 0.198401 -999
 1 28 9 0 679 0.00194617 0.272471 0.370179 0.185374 0.170031
 1 29 9 0 390 -999 0.236537 0.606343 0.15712 -999
 1 30 9 0 413 -999 0.138849 0.601886 0.259265 -999
 1 31 9 0 758 -999 0.1945 0.516428 0.289071 -999
 1 32 9 0 975 0.000987954 0.183632 0.544322 0.271058 -999
 1 33 9 0 833 -999 0.0895539 0.296057 0.614389 -999
 1 34 9 0 687 -999 0.311626 0.550034 0.138339 -999
 1 35 9 0 1124 0.000326208 0.130017 0.305176 0.504849 0.0596312
 1 36 9 0 427 -999 0.0718074 0.359583 0.510395 0.0582142
 1 37 9 0 997 0.00105522 0.169695 0.403222 0.426028 -999
 1 38 9 0 506 0.000563876 0.144137 0.362262 0.493037 -999
 1 39 9 0 822 0.00257991 0.339508 0.401912 0.256 -999
 1 40 9 0 798 0.000410512 0.204914 0.341733 0.452943 -999
 1 41 9 0 1204 -999 0.118827 0.613417 0.267756 -999
 1 42 9 0 2722 -999 0.351882 0.597239 0.0508797 -999
 1 43 9 0 3162 0.00038886 0.309021 0.278046 0.412545 -999
 1 44 9 0 2488 0.00930429 0.771693 0.11859 0.100412 -999
 1 45 9 0 3081 0.00522571 0.762936 0.0474163 0.184422 -999
 1 46 9 0 2878 0.00901405 0.450858 0.185919 0.354209 -999
 1 47 9 0 3649 0.000521839 0.888035 0.111443 -999 -999
 1 48 9 0 2105 0.000422838 0.432255 0.567322 -999 -999
 1 49 9 0 2441 0.00246247 0.313791 0.683747 -999 -999
 1 50 9 0 1428 0.00265883 0.119868 0.780143 0.0973299 -999
 1 51 9 0 1865 0.00328779 0.227114 0.415902 0.353696 -999
 1 52 9 0 3778 0.0152614 0.690624 0.181246 0.112868 -999
 1 1 10 0 1423 0.00891626 0.582194 0.40889 -999 -999
 1 2 10 0 1633 0.00401931 0.248868 0.717929 0.0291832 -999
 1 3 10 0 719 0.000430986 0.415415 0.464707 0.119447 -999
 1 4 10 0 1137 0.00258073 0.467789 0.412705 0.116926 -999
 1 5 10 0 937 0.00361828 0.238169 0.62982 0.128393 -999
 1 6 10 0 718 0.000175388 0.294186 0.542543 0.163095 -999
 1 7 10 0 468 0.00416478 0.294803 0.470064 0.230969 -999
 1 8 10 0 355 0.00222746 0.329489 0.668284 -999 -999
 1 9 10 0 241 -999 0.0568353 0.943165 -999 -999
 1 10 10 0 1328 0.00413192 0.330702 0.597725 0.0674407 -999
 1 11 10 0 1145 0.000662513 0.567964 0.338657 0.0927166 -999
 1 12 10 0 79 0.00199039 0.326856 0.430802 0.166334 0.0740171
 1 12 10 0 946 0.00199039 0.326856 0.430802 0.166334 0.0740171
 1 13 10 0 1176 0.00180154 0.334726 0.646586 0.0168871 -999
 1 14 10 0 414 0.000308271 0.503892 0.4958 -999 -999
 1 15 10 0 360 -999 0.252497 0.655431 0.0920715 -999
 1 16 10 0 423 0.000250486 0.438377 0.561372 -999 -999
 1 17 10 0 111 7.28534e-05 0.239076 0.760852 -999 -999
 1 18 10 0 158 0.000185572 0.395019 0.256372 0.348424 -999
 1 18 10 0 89 0.000185572 0.395019 0.256372 0.348424 -999
 1 19 10 0 69 -999 0.181864 0.818136 -999 -999
 1 19 10 0 45 -999 0.181864 0.818136 -999 -999
 1 20 10 0 79 -999 0.075437 0.924563 -999 -999
 1 21 10 0 38 1.69199e-05 0.111604 0.62091 0.26747 -999
 1 22 10 0 215 0.000148376 0.228684 0.771168 -999 -999
 1 23 10 0 216 0.000329658 0.0731896 0.926481 -999 -999
 1 24 10 0 217 0.000199988 0.489596 0.510204 -999 -999
 1 25 10 0 178 5.7183e-05 0.0709968 0.793684 0.135262 -999
 1 26 10 0 105 -999 0.585289 0.414711 -999 -999
 1 27 10 0 249 0.00164158 0.52859 0.469768 -999 -999
 1 28 10 0 144 0.00044491 0.43006 0.569495 -999 -999
 1 29 10 0 158 0.002083 0.12072 0.877197 -999 -999
 1 30 10 0 367 -999 0.597291 0.402709 -999 -999
 1 31 10 0 907 0.000696353 0.293893 0.599446 0.105965 -999
 1 32 10 0 925 0.00135648 0.28494 0.713703 -999 -999
 1 33 10 0 534 0.000189543 0.230076 0.659948 0.109787 -999
 1 34 10 0 1098 7.55151e-05 0.360869 0.49621 0.142846 -999
 1 35 10 0 529 0.000339076 0.312995 0.686666 -999 -999
 1 36 10 0 509 -999 0.157454 0.420241 0.422305 -999
 1 37 10 0 627 4.85437e-05 0.223773 0.657323 0.118856 -999
 1 38 10 0 382 0.00419702 0.22564 0.700593 0.0695706 -999
 1 39 10 0 1217 0.000261301 0.678428 0.32131 -999 -999
 1 40 10 0 2018 -999 0.34774 0.65226 -999 -999
 1 41 10 0 1314 -999 0.0780036 0.921996 -999 -999
 1 42 10 0 2077 -999 0.264387 0.735613 -999 -999
 1 43 10 0 1030 6.73665e-05 0.11318 0.779105 0.107648 -999
 1 44 10 0 912 0.00054472 0.275157 0.724299 -999 -999
 1 45 10 0 879 0.00036706 0.199082 0.800551 -999 -999
 1 46 10 0 389 0.000569658 0.124243 0.821337 0.0538509 -999
 1 47 10 0 437 -999 0.11287 0.88713 -999 -999
 1 48 10 0 160 0.000472034 0.0160121 0.824885 0.158631 -999
 1 49 10 0 364 0.000165797 0.162915 0.836919 -999 -999
 1 50 10 0 709 0.00860812 0.121385 0.870007 -999 -999
 1 51 10 0 241 0.0102257 0.370911 0.618863 -999 -999
 1 52 10 0 292 0.00266506 0.846497 0.150838 -999 -999
 2 1 1 0 205 0.0074304 0.329324 0.663246 -999 -999
 2 2 1 0 219 0.00467319 0.532863 0.39956 0.0629036 -999
 2 3 1 0 171 0.0142776 0.264468 0.721255 -999 -999
 2 4 1 0 181 0.0141399 0.173675 0.812185 -999 -999
 2 5 1 0 423 0.057845 0.325749 0.245224 0.371182 -999
 2 6 1 0 2619 0.0356593 0.461843 0.294216 0.208282 -999
 2 6 1 0 11 0.0356593 0.461843 0.294216 0.208282 -999
 2 7 1 0 602 0.00881437 0.399285 0.591901 -999 -999
 2 7 1 0 33 0.00881437 0.399285 0.591901 -999 -999
 2 8 1 0 308 0.00141006 0.245572 0.660453 0.0925653 -999
 2 9 1 0 317 0.0188233 0.297461 0.471896 0.21182 -999
 2 9 1 0 1 0.0188233 0.297461 0.471896 0.21182 -999
 2 10 1 0 301 0.00183845 0.69746 0.300701 -999 -999
 2 11 1 0 521 0.00799204 0.299835 0.513993 0.178179 -999
 2 12 1 0 398 0.0163514 0.255527 0.520213 0.207909 -999
 2 12 1 0 227 0.0163514 0.255527 0.520213 0.207909 -999
 2 13 1 0 325 0.00233293 0.250715 0.544237 0.202715 -999
 2 13 1 0 184 0.00233293 0.250715 0.544237 0.202715 -999
 2 14 1 0 602 0.0452877 0.220568 0.448058 0.286087 -999
 2 15 1 0 1525 0.0107462 0.206699 0.489493 0.293061 -999
 2 16 1 0 417 0.0134365 0.143233 0.709849 0.133481 -999
 2 17 1 0 378 0.0153393 0.0971232 0.712401 0.175137 -999
 2 18 1 0 470 0.0140204 0.201183 0.687123 0.0976736 -999
 2 19 1 0 420 0.0283529 0.13007 0.600491 0.241086 -999
 2 20 1 0 259 0.0084482 0.222191 0.562348 0.207012 -999
 2 20 1 0 2 0.0084482 0.222191 0.562348 0.207012 -999
 2 21 1 0 526 0.022037 0.343908 0.567433 0.0666216 -999
 2 22 1 0 371 0.0308767 0.279322 0.575861 0.113941 -999
 2 23 1 0 487 0.00992942 0.304041 0.686029 -999 -999
 2 24 1 0 393 0.0251754 0.260252 0.714573 -999 -999
 2 25 1 0 213 0.013525 0.361627 0.624848 -999 -999
 2 26 1 0 193 0.00390791 0.320172 0.67592 -999 -999
 2 27 1 0 94 0.0386133 0.370099 0.591287 -999 -999
 2 28 1 0 206 0.00579073 0.627543 0.366666 -999 -999
 2 29 1 0 201 0.00812401 0.215563 0.776313 -999 -999
 2 30 1 0 174 0.0187168 0.245687 0.570327 0.165269 -999
 2 31 1 0 351 0.00974202 0.35837 0.48185 0.150038 -999
 2 32 1 0 172 0.00806068 0.436477 0.555462 -999 -999
 2 33 1 0 306 0.0171287 0.461518 0.444361 0.0769921 -999
 2 34 1 0 118 0.00933929 0.546879 0.320668 0.123114 -999
 2 35 1 0 142 0.00150436 0.382576 0.615919 -999 -999
 2 36 1 0 162 0.0103291 0.377328 0.612343 -999 -999
 2 37 1 0 700 0.0609325 0.332783 0.606285 -999 -999
 2 38 1 0 144 0.0144608 0.364215 0.293979 0.327345 -999
 2 39 1 0 309 0.00255617 0.515965 0.481479 -999 -999
 2 40 1 0 379 0.0256438 0.643001 0.331355 -999 -999
 2 41 1 0 338 0.0152488 0.635591 0.349161 -999 -999
 2 42 1 0 662 0.0725949 0.403404 0.524001 -999 -999
 2 43 1 0 270 0.0148615 0.397503 0.587635 -999 -999
 2 44 1 0 187 0.0201653 0.466212 0.513623 -999 -999
 2 45 1 0 278 0.0393448 0.674388 0.286267 -999 -999
 2 46 1 0 792 0.0482548 0.951745 -999 -999 -999
 2 47 1 0 210 0.0541071 0.880838 0.0650554 -999 -999
 2 48 1 0 149 0.0895095 0.608218 0.302273 -999 -999
 2 49 1 0 485 0.0172846 0.92372 0.0589953 -999 -999
 2 50 1 0 513 0.0271119 0.764451 0.208437 -999 -999
 2 51 1 0 160 0.0225064 0.236771 0.740723 -999 -999
 2 52 1 0 597 0.0514373 0.948563 -999 -999 -999
 2 1 2 0 14 -999 0.173025 0.220231 0.606744 -999
 2 2 2 0 4 -999 0.0355703 0.252431 0.711999 -999
 2 3 2 0 413 -999 0.663684 0.169008 0.167309 -999
 2 4 2 0 21 -999 0.38073 0.61927 -999 -999
 2 5 2 0 264 -999 0.774024 0.225976 -999 -999
 2 6 2 0 501 -999 0.034109 0.965891 -999 -999
 2 6 2 0 291 -999 0.034109 0.965891 -999 -999
 2 7 2 0 814 -999 -999 0.984888 0.015112 -999
 2 7 2 0 1 -999 -999 0.984888 0.015112 -999
 2 8 2 0 162 -999 0.038854 0.442872 0.518274 -999
 2 9 2 0 135 0.011304 -999 0.543666 0.44503 -999
 2 9 2 0 198 0.011304 -999 0.543666 0.44503 -999
 2 10 2 0 25 -999 0.0150835 0.444785 0.540131 -999
 2 11 2 0 422 -999 0.198122 0.299488 0.50239 -999
 2 12 2 0 77 0.006455 -999 0.77378 0.219765 -999
 2 12 2 0 1008 0.006455 -999 0.77378 0.219765 -999
 2 13 2 0 319 -999 0.0466467 0.899082 0.0542718 -999
 2 13 2 0 321 -999 0.0466467 0.899082 0.0542718 -999
 2 14 2 0 590 -999 0.00334153 0.897124 0.0995343 -999
 2 15 2 0 53 -999 -999 0.430419 0.569581 -999
 2 16 2 0 12 -999 -999 1 -999 -999
 2 17 2 0 218 -999 0.125375 0.874625 -999 -999
 2 18 2 0 353 0.000743356 0.534876 0.464381 -999 -999
 2 19 2 0 531 0.00279035 0.155516 0.841694 -999 -999
 2 20 2 0 82 -999 0.0660548 0.933945 -999 -999
 2 20 2 0 18 -999 0.0660548 0.933945 -999 -999
 2 21 2 0 74 0.00143988 0.0979122 0.463763 0.436885 -999
 2 22 2 0 196 -999 0.358728 0.540317 0.100955 -999
 2 23 2 0 315 0.000353128 0.0214079 0.0822954 0.895944 -999
 2 24 2 0 845 0.00304904 0.127063 0.599014 0.270874 -999
 2 25 2 0 1564 0.000153518 0.435321 0.564526 -999 -999
 2 26 2 0 3414 0.000210899 0.00728305 0.938602 0.0539038 -999
 2 27 2 0 2507 1.21979e-05 0.041907 0.958081 -999 -999
 2 28 2 0 1322 -999 0.0794667 0.504473 0.41606 -999
 2 29 2 0 1195 -999 0.315816 0.654078 0.0301063 -999
 2 30 2 0 1939 0.000450653 0.107844 0.780366 0.111339 -999
 2 31 2 0 3247 -999 0.211197 0.713816 0.0749869 -999
 2 32 2 0 2227 0.00140012 0.0594377 0.892492 0.0466706 -999
 2 33 2 0 4825 0.00944639 0.286547 0.704006 -999 -999
 2 34 2 0 2660 -999 0.0454569 0.83272 0.121823 -999
 2 35 2 0 4241 0.41215 0.00325149 0.584598 -999 -999
 2 36 2 0 237 0.00203804 0.20408 0.627356 0.166525 -999
 2 37 2 0 1398 0.00514507 0.54173 0.359607 0.093518 -999
 2 38 2 0 392 0.0203633 0.181124 0.798513 -999 -999
 2 39 2 0 531 0.0323681 0.107754 0.559202 0.300677 -999
 2 40 2 0 572 0.00149617 0.253195 0.642946 0.102363 -999
 2 41 2 0 3699 0.0270953 -999 0.540728 0.432177 -999
 2 42 2 0 871 0.000207204 0.224764 0.647995 0.127033 -999
 2 43 2 0 27932 -999 0.845488 0.0967107 0.0578014 -999
 2 44 2 0 37726 -999 0.571081 0.414379 0.0145394 -999
 2 45 2 0 13146 0.00843685 -999 0.991563 -999 -999
 2 46 2 0 27155 -999 0.887185 0.112815 -999 -999
 2 47 2 0 14133 -999 0.0295345 0.970465 -999 -999
 2 48 2 0 8919 -999 0.0414772 0.900058 0.0584649 -999
 2 49 2 0 1284 -999 0.0312967 0.968703 -999 -999
 2 50 2 0 7126 0.00698234 0.0288695 0.883708 0.0804403 -999
 2 51 2 0 223 0.00298234 0.0878029 0.73854 0.170674 -999
 2 52 2 0 3311 0.00773344 -999 0.992267 -999 -999
 2 1 3 0 1156 -999 1 -999 -999 -999
 2 2 3 0 3 -999 1 -999 -999 -999
 2 3 3 0 37 -999 0.107684 0.596278 0.296038 -999
 2 5 3 0 35 -999 0.486729 0.513271 -999 -999
 2 6 3 0 870 -999 -999 0.95925 0.0407497 -999
 2 7 3 0 111 -999 0.54351 0.45649 -999 -999
 2 8 3 0 800 -999 0.232735 0.767265 -999 -999
 2 9 3 0 721 -999 0.260508 0.739492 -999 -999
 2 10 3 0 2 -999 0.22469 0.77531 -999 -999
 2 12 3 0 18 -999 -999 1 -999 -999
 2 13 3 0 14 -999 -999 0.154345 0.845655 -999
 2 14 3 0 36 -999 -999 -999 1 -999
 2 15 3 0 1 -999 1 -999 -999 -999
 2 16 3 0 66 -999 0.0865502 0.91345 -999 -999
 2 18 3 0 858 -999 0.63271 0.36729 -999 -999
 2 19 3 0 12 -999 0.15992 0.84008 -999 -999
 2 20 3 0 7 -999 -999 0.391197 0.608803 -999
 2 22 3 0 1 -999 -999 -999 1 -999
 2 24 3 0 59 -999 1 -999 -999 -999
 2 25 3 0 7 -999 0.22118 -999 0.77882 -999
 2 26 3 0 315 -999 -999 0.740394 0.259606 -999
 2 27 3 0 143 -999 0.0324936 0.300407 0.667099 -999
 2 28 3 0 148 -999 0.772706 0.227294 -999 -999
 2 29 3 0 461 -999 0.614083 0.385917 -999 -999
 2 30 3 0 1657 -999 0.926217 0.0388999 0.0348831 -999
 2 31 3 0 623 -999 0.600787 0.399213 -999 -999
 2 32 3 0 3109 -999 0.746721 0.188892 0.0643866 -999
 2 33 3 0 9668 -999 0.936527 0.0634731 -999 -999
 2 34 3 0 12467 -999 0.95787 0.0421302 -999 -999
 2 35 3 0 275 -999 0.321427 0.678573 -999 -999
 2 36 3 0 84 -999 1 -999 -999 -999
 2 37 3 0 18 -999 1 -999 -999 -999
 2 39 3 0 45 -999 1 -999 -999 -999
 2 40 3 0 2846 -999 0.607048 0.392952 -999 -999
 2 41 3 0 77 -999 0.074104 0.925896 -999 -999
 2 42 3 0 552 -999 0.30178 0.69822 -999 -999
 2 43 3 0 657 -999 0.341916 0.658084 -999 -999
 2 44 3 0 187 -999 0.109174 0.890826 -999 -999
 2 45 3 0 8849 -999 0.863762 0.136238 -999 -999
 2 46 3 0 1721 -999 0.526037 0.473963 -999 -999
 2 47 3 0 317 -999 0.241882 0.758118 -999 -999
 2 48 3 0 9667 -999 0.828571 0.171429 -999 -999
 2 49 3 0 2028 -999 0.0733868 0.926613 -999 -999
 2 50 3 0 10903 -999 0.80019 0.19981 -999 -999
 2 51 3 0 1216 -999 0.213325 0.75815 0.0285258 -999
 2 52 3 0 5578 -999 0.424419 0.575581 -999 -999
 2 1 4 0 21 -999 0.0767815 0.653723 0.269496 -999
 2 2 4 0 8 -999 0.0453916 0.0925907 0.862018 -999
 2 3 4 0 6 -999 0.116114 0.399683 0.484203 -999
 2 4 4 0 8 0.00128635 0.0438679 -999 0.190022 0.764824
 2 5 4 0 16 0.00669041 0.0372049 0.182467 0.773638 -999
 2 6 4 0 23 0.00829867 0.0792536 0.212558 0.69989 -999
 2 6 4 0 18 0.00829867 0.0792536 0.212558 0.69989 -999
 2 7 4 0 29 -999 0.0666695 0.128547 0.443435 0.361349
 2 8 4 0 30 0.00367307 0.109366 0.317271 0.496573 0.0731165
 2 9 4 0 14 0.00144768 -999 0.400283 0.358157 0.240112
 2 10 4 0 17 -999 0.0433248 0.259708 0.696967 -999
 2 11 4 0 6 0.00664415 -999 0.447296 0.54606 -999
 2 12 4 0 5 0.000474769 -999 0.0391493 0.473915 0.486461
 2 12 4 0 8 0.000474769 -999 0.0391493 0.473915 0.486461
 2 13 4 0 2 -999 0.237339 0.762661 -999 -999
 2 13 4 0 6 -999 0.237339 0.762661 -999 -999
 2 14 4 0 43 0.0138393 0.178741 0.455387 0.352033 -999
 2 15 4 0 10 0.0022267 0.0124689 0.14788 0.232333 0.605091
 2 16 4 0 6 -999 0.0807853 0.458255 -999 0.460959
 2 17 4 0 4 -999 -999 0.343424 0.656576 -999
 2 18 4 0 1 -999 -999 1 -999 -999
 2 19 4 0 8 -999 0.0997364 0.557735 -999 0.342529
 2 20 4 0 7 0.0126384 0.00870434 0.865659 0.112998 -999
 2 20 4 0 1 0.0126384 0.00870434 0.865659 0.112998 -999
 2 21 4 0 5 -999 0.118987 0.881013 -999 -999
 2 22 4 0 1 -999 -999 1 -999 -999
 2 23 4 0 11 -999 0.0109565 0.143952 0.394408 0.450683
 2 24 4 0 2 -999 1 -999 -999 -999
 2 25 4 0 1 -999 1 -999 -999 -999
 2 26 4 0 7 -999 1 -999 -999 -999
 2 27 4 0 8 0.0062139 0.0791543 0.174143 0.740489 -999
 2 28 4 0 5 0.00764362 0.247401 0.744955 -999 -999
 2 29 4 0 5 -999 0.099897 0.900103 -999 -999
 2 30 4 0 3 -999 0.167132 -999 0.832868 -999
 2 31 4 0 4 0.216289 0.783711 -999 -999 -999
 2 32 4 0 6 0.0232504 0.262252 0.344147 0.370351 -999
 2 33 4 0 6 0.0288561 0.0677751 0.234369 0.669 -999
 2 34 4 0 12 0.0806787 0.919321 -999 -999 -999
 2 35 4 0 20 -999 0.498466 0.501534 -999 -999
 2 36 4 0 12 0.0109594 0.0210953 0.967945 -999 -999
 2 37 4 0 4 -999 1 -999 -999 -999
 2 38 4 0 7 -999 0.101511 0.898489 -999 -999
 2 39 4 0 10 -999 0.12996 0.188805 0.681235 -999
 2 40 4 0 14 0.0140485 0.318798 0.667153 -999 -999
 2 41 4 0 2 0.159593 0.840407 -999 -999 -999
 2 42 4 0 44 0.0237929 0.390685 0.585522 -999 -999
 2 43 4 0 8 0.0162414 0.107335 0.07427 0.802154 -999
 2 44 4 0 46 0.00346313 0.426325 0.570212 -999 -999
 2 45 4 0 25 0.00834599 0.25348 0.508483 0.229691 -999
 2 46 4 0 84 0.00441302 0.221796 0.360401 0.41339 -999
 2 47 4 0 30 0.00551745 0.154067 0.656754 0.183662 -999
 2 48 4 0 33 0.015159 0.0684081 0.916433 -999 -999
 2 49 4 0 147 0.013648 0.661873 0.173179 0.1513 -999
 2 50 4 0 142 0.00455926 0.5998 0.39564 -999 -999
 2 51 4 0 136 -999 0.149087 0.825669 0.0252443 -999
 2 52 4 0 63 0.00638383 0.255123 0.26857 0.469923 -999
 2 1 5 0 469 0.00191173 0.0958668 0.740112 0.162109 -999
 2 2 5 0 311 -999 -999 1 -999 -999
 2 3 5 0 283 0.00530507 0.0116448 0.450394 0.532656 -999
 2 4 5 0 125 -999 0.0671838 0.190508 0.742308 -999
 2 5 5 0 463 0.00325579 0.0117707 0.230121 0.658009 0.0968439
 2 6 5 0 1829 0.0011448 0.239445 0.3194 0.440011 -999
 2 7 5 0 1019 0.0129531 0.190079 0.149164 0.339594 0.30821
 2 8 5 0 297 0.00642198 0.0634882 0.549882 0.211395 0.168812
 2 9 5 0 4483 0.098864 0.0817741 0.639036 0.180326 -999
 2 10 5 0 3110 0.00412978 0.475132 0.358216 0.162522 -999
 2 11 5 0 1079 0.000370842 0.137568 0.632717 0.229344 -999
 2 12 5 0 4324 0.0349606 0.09189 0.524044 0.273298 0.0758078
 2 12 5 0 138 0.0349606 0.09189 0.524044 0.273298 0.0758078
 2 13 5 0 2992 0.00821489 0.257164 0.335083 0.399538 -999
 2 13 5 0 92 0.00821489 0.257164 0.335083 0.399538 -999
 2 14 5 0 1546 0.0122532 0.189074 0.38967 0.409003 -999
 2 15 5 0 588 0.00263836 0.095726 0.419907 0.280994 0.200735
 2 16 5 0 322 0.00198483 0.0698808 0.45802 0.414564 0.0555502
 2 17 5 0 325 0.00357803 0.0868161 0.321326 0.58828 -999
 2 18 5 0 669 -999 0.143866 0.0124859 0.655163 0.188485
 2 19 5 0 471 0.00508648 0.164873 0.406611 0.423429 -999
 2 20 5 0 390 -999 0.166466 0.280154 0.408545 0.144834
 2 21 5 0 248 0.0188297 0.169026 0.607241 0.204903 -999
 2 22 5 0 512 0.00275082 0.226537 0.527621 -999 0.243091
 2 23 5 0 722 0.00239697 0.0652563 0.626475 0.305871 -999
 2 24 5 0 320 -999 0.230844 0.499247 0.269908 -999
 2 25 5 0 126 -999 0.130856 0.425117 0.444028 -999
 2 26 5 0 215 0.0163948 0.234621 0.748984 -999 -999
 2 27 5 0 912 0.0201402 0.21905 0.76081 -999 -999
 2 28 5 0 606 0.0157937 0.108206 0.259888 0.616112 -999
 2 29 5 0 1788 0.00130593 0.218043 0.780651 -999 -999
 2 30 5 0 1183 -999 0.354818 0.321592 0.32359 -999
 2 31 5 0 468 0.00196593 0.322975 0.405086 0.269974 -999
 2 32 5 0 990 0.0224242 0.153445 0.328365 0.495766 -999
 2 33 5 0 1230 0.0121207 0.498387 0.0695045 0.419988 -999
 2 34 5 0 1452 0.109217 0.266524 0.312983 0.311276 -999
 2 35 5 0 2166 0.0175622 0.593733 0.388705 -999 -999
 2 36 5 0 1288 0.00359432 0.439533 0.343665 0.213208 -999
 2 37 5 0 10388 0.483998 0.0655624 0.235767 0.214672 -999
 2 38 5 0 5008 0.0679076 0.534365 0.397727 -999 -999
 2 39 5 0 2760 0.062119 0.433463 0.0197823 0.484636 -999
 2 40 5 0 6020 0.0109155 0.766033 0.223051 -999 -999
 2 41 5 0 3450 0.00337067 0.53204 0.46459 -999 -999
 2 42 5 0 2998 -999 0.364471 0.635529 -999 -999
 2 43 5 0 2378 0.0188711 0.169308 0.811821 -999 -999
 2 44 5 0 12298 0.63956 0.0387694 0.32167 -999 -999
 2 45 5 0 15361 0.32827 0.616894 0.0548362 -999 -999
 2 46 5 0 10219 0.174798 0.6163 0.208902 -999 -999
 2 47 5 0 113921 0.984703 0.0152971 -999 -999 -999
 2 48 5 0 62579 0.0703057 0.929694 -999 -999 -999
 2 49 5 0 27692 0.522606 0.477394 -999 -999 -999
 2 50 5 0 16779 0.333687 0.60349 0.0628232 -999 -999
 2 51 5 0 7715 0.0847677 0.687778 0.227455 -999 -999
 2 52 5 0 6553 0.0542125 0.603377 0.342411 -999 -999
 2 1 6 0 200 0.0331754 0.966825 -999 -999 -999
 2 2 6 0 323 0.066222 0.805734 0.128044 -999 -999
 2 3 6 0 304 0.0294917 0.970508 -999 -999 -999
 2 4 6 0 362 0.0621973 0.937803 -999 -999 -999
 2 5 6 0 285 0.0433281 0.395615 0.561057 -999 -999
 2 6 6 0 3213 0.0615563 0.938444 -999 -999 -999
 2 6 6 0 219 0.0615563 0.938444 -999 -999 -999
 2 7 6 0 6360 0.371644 0.628356 -999 -999 -999
 2 7 6 0 381 0.371644 0.628356 -999 -999 -999
 2 8 6 0 6066 0.345531 0.654469 -999 -999 -999
 2 9 6 0 1302 0.0390709 0.489052 0.471878 -999 -999
 2 9 6 0 1 0.0390709 0.489052 0.471878 -999 -999
 2 10 6 0 3026 0.0199556 0.5836 0.396445 -999 -999
 2 11 6 0 2932 0.022354 0.977646 -999 -999 -999
 2 12 6 0 1040 0.0417582 0.462948 0.495293 -999 -999
 2 12 6 0 1149 0.0417582 0.462948 0.495293 -999 -999
 2 13 6 0 2437 0.0338823 0.914905 0.0512132 -999 -999
 2 13 6 0 763 0.0338823 0.914905 0.0512132 -999 -999
 2 14 6 0 4462 0.0297241 0.970276 -999 -999 -999
 2 15 6 0 226 0.0178994 0.706386 0.275714 -999 -999
 2 16 6 0 1107 0.153097 0.432117 0.414786 -999 -999
 2 17 6 0 670 0.0358111 0.964189 -999 -999 -999
 2 18 6 0 589 0.0727936 0.927206 -999 -999 -999
 2 19 6 0 2883 0.277332 0.722668 -999 -999 -999
 2 20 6 0 2554 0.021987 0.752144 0.22587 -999 -999
 2 20 6 0 79 0.021987 0.752144 0.22587 -999 -999
 2 21 6 0 358 0.0330287 0.898582 0.0683895 -999 -999
 2 22 6 0 961 0.39048 0.60952 -999 -999 -999
 2 23 6 0 2801 0.00660531 0.993395 -999 -999 -999
 2 24 6 0 1043 0.110805 0.889195 -999 -999 -999
 2 25 6 0 388 0.270877 0.729123 -999 -999 -999
 2 26 6 0 2316 0.0255698 0.97443 -999 -999 -999
 2 27 6 0 2167 0.00171853 0.998281 -999 -999 -999
 2 28 6 0 1518 0.121232 0.878768 -999 -999 -999
 2 29 6 0 12167 0.0152756 0.984724 -999 -999 -999
 2 30 6 0 216 0.0332609 0.966739 -999 -999 -999
 2 31 6 0 1339 0.441067 0.558933 -999 -999 -999
 2 32 6 0 2851 0.0249843 0.924633 0.0503823 -999 -999
 2 33 6 0 2243 0.0636343 0.936366 -999 -999 -999
 2 34 6 0 877 0.0522607 0.947739 -999 -999 -999
 2 35 6 0 879 0.0668953 0.933105 -999 -999 -999
 2 36 6 0 617 0.313315 0.578162 0.108523 -999 -999
 2 37 6 0 332 0.357173 0.642827 -999 -999 -999
 2 38 6 0 445 0.019425 0.980575 -999 -999 -999
 2 39 6 0 417 0.103302 0.896698 -999 -999 -999
 2 40 6 0 186 0.19006 0.80994 -999 -999 -999
 2 41 6 0 852 0.13117 0.86883 -999 -999 -999
 2 42 6 0 10819 0.0176287 0.982371 -999 -999 -999
 2 43 6 0 14971 0.870933 0.129067 -999 -999 -999
 2 44 6 0 24124 0.376811 0.623189 -999 -999 -999
 2 45 6 0 25640 0.814594 0.14226 0.0431454 -999 -999
 2 46 6 0 27462 0.0548342 0.945166 -999 -999 -999
 2 47 6 0 24309 0.476945 0.507559 0.0154962 -999 -999
 2 48 6 0 12508 0.0213904 0.953502 0.0251077 -999 -999
 2 49 6 0 11045 0.118102 0.867426 0.0144711 -999 -999
 2 50 6 0 7450 0.119668 0.880332 -999 -999 -999
 2 51 6 0 7287 0.47549 0.52451 -999 -999 -999
 2 52 6 0 11812 0.56511 0.43489 -999 -999 -999
 2 1 7 0 20 -999 0.0967111 0.903289 -999 -999
 2 2 7 0 240 -999 0.0973802 0.90262 -999 -999
 2 3 7 0 995 -999 0.357905 0.642095 -999 -999
 2 4 7 0 72 0.00161258 0.125698 0.87269 -999 -999
 2 5 7 0 287 0.00139722 0.0597847 0.77671 0.162108 -999
 2 6 7 0 751 0.00067363 0.0585356 0.737601 0.20319 -999
 2 6 7 0 4 0.00067363 0.0585356 0.737601 0.20319 -999
 2 7 7 0 448 0.000632008 0.029538 0.881833 0.0879969 -999
 2 7 7 0 269 0.000632008 0.029538 0.881833 0.0879969 -999
 2 8 7 0 1273 0.000521813 0.131997 0.711649 0.155832 -999
 2 9 7 0 2593 0.00495367 0.0836898 0.837375 0.0739813 -999
 2 10 7 0 347 0.0051961 0.105779 0.718957 0.170068 -999
 2 11 7 0 1441 0.000630215 0.130534 0.703997 0.164839 -999
 2 12 7 0 937 0.00267082 0.0627291 0.596145 0.338455 -999
 2 12 7 0 230 0.00267082 0.0627291 0.596145 0.338455 -999
 2 13 7 0 4610 0.000272756 0.120237 0.398508 0.480982 -999
 2 13 7 0 54 0.000272756 0.120237 0.398508 0.480982 -999
 2 14 7 0 15767 0.0366992 0.14598 0.639192 0.178129 -999
 2 15 7 0 2075 0.00626823 0.0420621 0.447913 0.503757 -999
 2 16 7 0 4278 0.0312345 0.134585 0.352071 0.482109 -999
 2 17 7 0 1085 0.00973295 0.291752 0.321636 0.376879 -999
 2 18 7 0 4079 0.016661 0.351538 0.23344 0.39836 -999
 2 19 7 0 4221 0.00377769 0.186419 0.320772 0.489032 -999
 2 20 7 0 6243 0.022209 0.242628 0.316965 0.418198 -999
 2 21 7 0 7321 0.0167643 0.40741 0.575826 -999 -999
 2 22 7 0 3932 0.0602229 0.34847 0.20084 0.390467 -999
 2 23 7 0 14409 0.00118634 0.590627 0.235017 0.173169 -999
 2 24 7 0 5082 0.0247959 0.241001 0.589433 0.14477 -999
 2 25 7 0 5068 0.0235513 0.44 0.443334 0.0931155 -999
 2 26 7 0 6037 0.0055841 0.389079 0.547674 0.0576632 -999
 2 27 7 0 8623 0.058575 0.314957 0.626468 -999 -999
 2 28 7 0 1735 0.00463605 0.301791 0.693573 -999 -999
 2 29 7 0 2631 0.00109609 0.489446 0.509458 -999 -999
 2 30 7 0 3002 0.00115206 0.327174 0.671674 -999 -999
 2 31 7 0 3421 0.00331012 0.37994 0.550975 0.0657751 -999
 2 32 7 0 2717 0.00300709 0.357583 0.63941 -999 -999
 2 33 7 0 348 0.00134522 0.209592 0.720953 0.0681091 -999
 2 34 7 0 230 -999 0.0191302 0.98087 -999 -999
 2 35 7 0 4557 0.0055215 0.515087 0.479391 -999 -999
 2 36 7 0 893 0.00425551 0.0165184 0.979226 -999 -999
 2 37 7 0 137 -999 0.034284 0.965716 -999 -999
 2 38 7 0 413 0.00505159 0.00694376 0.988005 -999 -999
 2 39 7 0 591 0.00334015 0.00154946 0.99511 -999 -999
 2 40 7 0 131 0.00428709 -999 0.995713 -999 -999
 2 41 7 0 42 0.00586942 0.0102446 0.983886 -999 -999
 2 42 7 0 154 0.00364943 0.0726849 0.923666 -999 -999
 2 43 7 0 124 0.00636077 0.0213329 0.972306 -999 -999
 2 44 7 0 1798 0.0942732 0.333825 0.571902 -999 -999
 2 45 7 0 755 0.0259931 0.0810139 0.892993 -999 -999
 2 46 7 0 632 0.114232 0.463741 0.422026 -999 -999
 2 47 7 0 5616 0.00496959 0.678464 0.316567 -999 -999
 2 48 7 0 530 0.147087 0.852913 -999 -999 -999
 2 49 7 0 7758 0.0115731 0.517892 0.470534 -999 -999
 2 50 7 0 47 0.0310245 0.198194 0.770782 -999 -999
 2 51 7 0 2240 -999 0.34045 0.65955 -999 -999
 2 52 7 0 15 -999 0.180744 0.819256 -999 -999
 2 1 8 0 92 0.00183311 0.180599 0.817568 -999 -999
 2 2 8 0 291 -999 0.144235 0.719971 0.135794 -999
 2 3 8 0 99 0.00158436 0.0863971 0.868669 0.0433494 -999
 2 4 8 0 159 0.00539276 0.103737 0.636273 0.254598 -999
 2 5 8 0 236 0.00890443 0.230501 0.760594 -999 -999
 2 6 8 0 95 0.00503081 0.247917 0.747052 -999 -999
 2 6 8 0 43 0.00503081 0.247917 0.747052 -999 -999
 2 7 8 0 235 0.00037484 0.165798 0.748462 0.0853657 -999
 2 7 8 0 141 0.00037484 0.165798 0.748462 0.0853657 -999
 2 8 8 0 96 0.00489277 0.321687 0.67342 -999 -999
 2 9 8 0 183 0.00462003 0.286913 0.708467 -999 -999
 2 9 8 0 26 0.00462003 0.286913 0.708467 -999 -999
 2 10 8 0 198 0.00793155 0.505531 0.486538 -999 -999
 2 11 8 0 299 0.00595361 0.297413 0.644219 0.0524145 -999
 2 12 8 0 103 0.00114768 0.170261 0.751872 0.076719 -999
 2 12 8 0 106 0.00114768 0.170261 0.751872 0.076719 -999
 2 13 8 0 316 0.00481172 0.1635 0.696259 0.135429 -999
 2 13 8 0 199 0.00481172 0.1635 0.696259 0.135429 -999
 2 14 8 0 499 0.00977993 0.330064 0.660156 -999 -999
 2 15 8 0 264 0.00347368 0.279697 0.634989 0.0818407 -999
 2 16 8 0 524 0.00166536 0.380657 0.490506 0.127172 -999
 2 17 8 0 466 0.00376327 0.208792 0.475274 0.312171 -999
 2 18 8 0 394 0.00168243 0.409848 0.426163 0.162306 -999
 2 19 8 0 354 0.00967207 0.272021 0.718307 -999 -999
 2 20 8 0 246 0.00767259 0.873985 0.118343 -999 -999
 2 20 8 0 4 0.00767259 0.873985 0.118343 -999 -999
 2 21 8 0 346 0.0014796 0.317682 0.680838 -999 -999
 2 22 8 0 218 0.00271987 0.308341 0.688939 -999 -999
 2 23 8 0 208 0.00479618 0.625077 0.370127 -999 -999
 2 24 8 0 243 0.00731444 0.265209 0.653442 0.0740355 -999
 2 25 8 0 158 0.00381427 0.558082 0.438104 -999 -999
 2 26 8 0 78 0.026464 0.129712 0.609598 0.234227 -999
 2 27 8 0 101 0.0111724 0.523245 0.465582 -999 -999
 2 28 8 0 168 0.0245612 0.4577 0.517738 -999 -999
 2 29 8 0 173 0.00329371 0.523583 0.473124 -999 -999
 2 30 8 0 124 0.00575987 0.225964 0.23209 0.536186 -999
 2 31 8 0 152 0.00202228 0.230247 0.767731 -999 -999
 2 32 8 0 266 0.00639227 0.131888 0.861719 -999 -999
 2 33 8 0 333 0.00859037 0.520123 0.254153 0.217134 -999
 2 34 8 0 159 0.00503325 0.108718 0.633207 0.253042 -999
 2 35 8 0 345 0.00208023 0.1225 0.760023 0.115396 -999
 2 36 8 0 85 0.0087924 0.110176 0.881031 -999 -999
 2 37 8 0 45 0.00230026 0.0435449 0.820981 0.133173 -999
 2 38 8 0 97 0.013927 0.316678 0.669395 -999 -999
 2 39 8 0 88 0.00495866 0.154167 0.840874 -999 -999
 2 40 8 0 87 0.00475517 0.103885 0.683424 0.207936 -999
 2 41 8 0 546 0.0274073 0.286331 0.468886 0.217375 -999
 2 42 8 0 537 0.0170289 0.413828 0.569143 -999 -999
 2 43 8 0 429 0.00625358 0.24403 0.573896 0.175821 -999
 2 44 8 0 271 0.0221149 0.25822 0.719666 -999 -999
 2 45 8 0 485 0.0109004 0.339758 0.649341 -999 -999
 2 46 8 0 455 0.0108178 0.248882 0.61393 0.126371 -999
 2 47 8 0 468 0.00729149 0.251369 0.74134 -999 -999
 2 48 8 0 148 0.009156 0.0996797 0.799843 0.0913209 -999
 2 49 8 0 422 0.0225705 0.0564585 0.920971 -999 -999
 2 50 8 0 587 0.0113755 0.150187 0.642339 0.196098 -999
 2 51 8 0 163 0.017862 0.0319375 0.761972 0.188229 -999
 2 52 8 0 103 0.00284827 0.0767801 0.556443 0.363929 -999
 2 1 9 0 221 -999 0.137406 0.556085 0.306509 -999
 2 2 9 0 449 -999 0.213279 0.508241 0.27848 -999
 2 3 9 0 261 0.00031795 0.0830261 0.449095 0.467561 -999
 2 4 9 0 504 -999 0.126664 0.548761 0.324575 -999
 2 5 9 0 519 0.00295285 0.154732 0.383364 0.458951 -999
 2 6 9 0 314 0.00197398 0.169362 0.526769 0.0364121 0.265483
 2 7 9 0 199 -999 0.168193 0.759749 0.0720583 -999
 2 7 9 0 54 -999 0.168193 0.759749 0.0720583 -999
 2 8 9 0 184 0.000808511 0.0922983 0.647636 0.259257 -999
 2 9 9 0 151 0.00195102 0.104407 0.541055 0.352587 -999
 2 9 9 0 4 0.00195102 0.104407 0.541055 0.352587 -999
 2 10 9 0 194 0.000554407 0.0484264 0.28382 0.667199 -999
 2 11 9 0 371 -999 0.00678899 0.487034 0.506177 -999
 2 12 9 0 142 -999 0.0121866 0.0560244 0.857662 0.0741267
 2 12 9 0 50 -999 0.0121866 0.0560244 0.857662 0.0741267
 2 13 9 0 123 0.000371279 0.0223329 0.266862 0.569122 0.141312
 2 13 9 0 49 0.000371279 0.0223329 0.266862 0.569122 0.141312
 2 14 9 0 392 0.00259957 0.129978 0.145213 0.632066 0.0901433
 2 15 9 0 657 0.00147736 0.145585 0.166706 0.686232 -999
 2 16 9 0 1016 0.000479051 0.110417 0.225502 0.663603 -999
 2 17 9 0 701 0.00273218 0.10743 0.251452 0.4951 0.143285
 2 18 9 0 2035 0.00839791 0.369379 0.186303 0.43592 -999
 2 19 9 0 1115 0.0038225 0.255533 0.337463 0.326716 0.0764658
 2 20 9 0 1314 0.00289249 0.158673 0.377466 0.237052 0.223917
 2 20 9 0 2 0.00289249 0.158673 0.377466 0.237052 0.223917
 2 21 9 0 3395 0.00582646 0.305857 0.31401 0.153047 0.22126
 2 22 9 0 1383 0.00194057 0.198682 0.162362 0.467654 0.169362
 2 23 9 0 1706 -999 0.384678 0.0709541 0.447719 0.0966484
 2 24 9 0 1162 0.000683189 0.225771 0.227309 0.461539 0.0846979
 2 25 9 0 1242 -999 0.418838 0.227471 0.353691 -999
 2 26 9 0 1004 0.00486523 0.387486 0.310454 0.297195 -999
 2 27 9 0 499 -999 0.229528 0.168105 0.280163 0.322204
 2 28 9 0 388 -999 0.356916 0.354031 0.178918 0.110135
 2 29 9 0 911 0.00212283 0.3067 0.467592 0.223585 -999
 2 30 9 0 370 0.000376282 0.291973 0.561095 0.146555 -999
 2 31 9 0 279 0.00126848 0.0756404 0.559138 0.363953 -999
 2 32 9 0 418 0.000695468 0.101556 0.672925 0.224823 -999
 2 33 9 0 400 0.000265023 0.131376 0.538843 0.329517 -999
 2 34 9 0 542 0.00161573 0.287493 0.275999 0.434892 -999
 2 35 9 0 251 -999 0.19594 0.382919 0.421141 -999
 2 36 9 0 438 -999 0.300462 0.359476 0.340062 -999
 2 37 9 0 216 0.00017638 0.218562 0.255897 0.525364 -999
 2 38 9 0 279 0.000618809 0.196493 0.405491 0.397398 -999
 2 39 9 0 453 0.000918328 0.313056 0.452195 0.23383 -999
 2 40 9 0 454 -999 0.374924 0.468088 0.156988 -999
 2 41 9 0 456 -999 0.247023 0.295202 0.457775 -999
 2 42 9 0 2641 0.00485906 0.266131 0.487091 0.241919 -999
 2 43 9 0 1066 0.00227615 0.310542 0.28227 0.404912 -999
 2 44 9 0 1838 0.00145946 0.301691 0.364949 0.331901 -999
 2 45 9 0 2837 0.0029823 0.389855 0.225747 0.381416 -999
 2 46 9 0 2522 0.0106696 0.477965 0.246277 0.265088 -999
 2 47 9 0 2189 0.000720406 0.500085 0.168768 0.330426 -999
 2 48 9 0 2065 0.00396366 0.498199 0.289635 0.208202 -999
 2 49 9 0 1249 0.0019114 0.210542 0.591913 0.195634 -999
 2 50 9 0 1874 -999 0.138924 0.581462 0.279613 -999
 2 51 9 0 1099 -999 0.0970083 0.511049 0.391943 -999
 2 52 9 0 2649 0.00959841 0.206976 0.612739 0.170687 -999
 2 1 10 0 630 0.00378397 0.525363 0.470853 -999 -999
 2 2 10 0 1186 0.0103568 0.263061 0.492548 0.234035 -999
 2 3 10 0 772 0.00292557 0.342594 0.425955 0.228526 -999
 2 4 10 0 852 0.00839525 0.339445 0.65216 -999 -999
 2 5 10 0 942 0.00536505 0.378123 0.616512 -999 -999
 2 6 10 0 594 0.00467311 0.216237 0.77909 -999 -999
 2 6 10 0 332 0.00467311 0.216237 0.77909 -999 -999
 2 7 10 0 538 0.0095871 0.353852 0.636561 -999 -999
 2 7 10 0 49 0.0095871 0.353852 0.636561 -999 -999
 2 8 10 0 354 0.00793958 0.228498 0.763562 -999 -999
 2 9 10 0 491 0.00590713 0.348641 0.645452 -999 -999
 2 9 10 0 5 0.00590713 0.348641 0.645452 -999 -999
 2 10 10 0 242 0.00266248 0.232372 0.764966 -999 -999
 2 11 10 0 257 0.00280319 0.261766 0.580763 0.154667 -999
 2 12 10 0 387 0.00285723 0.189562 0.732573 0.0750079 -999
 2 12 10 0 59 0.00285723 0.189562 0.732573 0.0750079 -999
 2 13 10 0 702 0.00236444 0.382801 0.513621 0.101214 -999
 2 13 10 0 233 0.00236444 0.382801 0.513621 0.101214 -999
 2 14 10 0 456 0.00106493 0.186257 0.812678 -999 -999
 2 15 10 0 348 0.000719756 0.379094 0.569099 0.0510875 -999
 2 16 10 0 390 0.00151529 0.13372 0.819603 0.0451617 -999
 2 17 10 0 171 -999 0.0580613 0.941939 -999 -999
 2 18 10 0 170 0.00312678 0.1312 0.865673 -999 -999
 2 19 10 0 141 0.00338581 0.167791 0.67107 0.157753 -999
 2 20 10 0 46 -999 0.00414609 0.732377 0.263477 -999
 2 20 10 0 3 -999 0.00414609 0.732377 0.263477 -999
 2 21 10 0 125 0.00261601 0.122637 0.735415 0.139333 -999
 2 22 10 0 122 0.000861384 0.188277 0.810862 -999 -999
 2 23 10 0 240 -999 0.082725 0.820302 0.0969729 -999
 2 24 10 0 187 0.00966068 0.025747 0.964592 -999 -999
 2 25 10 0 212 0.00130442 0.251324 0.6483 0.099071 -999
 2 26 10 0 63 0.00330368 0.0409339 0.955762 -999 -999
 2 27 10 0 203 -999 0.192721 0.807279 -999 -999
 2 28 10 0 366 0.000668901 0.364715 0.634616 -999 -999
 2 29 10 0 291 0.00157108 0.111319 0.88711 -999 -999
 2 30 10 0 394 0.00184757 0.12436 0.73012 0.143673 -999
 2 31 10 0 285 0.000763284 0.339615 0.585224 0.0743972 -999
 2 32 10 0 835 0.00589576 0.390716 0.603389 -999 -999
 2 33 10 0 746 0.00225422 0.20613 0.791616 -999 -999
 2 34 10 0 582 0.00019782 0.169408 0.740475 0.0899191 -999
 2 35 10 0 1100 0.0111446 0.174314 0.814542 -999 -999
 2 36 10 0 690 0.00507047 0.0910194 0.90391 -999 -999
 2 37 10 0 184 0.00115358 0.154668 0.844179 -999 -999
 2 38 10 0 380 0.000606401 0.288773 0.372773 0.337848 -999
 2 39 10 0 318 0.00848764 0.172539 0.818973 -999 -999
 2 40 10 0 1081 0.00435272 0.600833 0.394815 -999 -999
 2 41 10 0 709 0.000500116 0.0920823 0.907418 -999 -999
 2 42 10 0 1510 0.00654562 0.0771705 0.916284 -999 -999
 2 43 10 0 1804 0.0023029 0.200707 0.79699 -999 -999
 2 44 10 0 870 0.00284887 0.155739 0.841412 -999 -999
 2 45 10 0 1126 0.0117429 0.108838 0.879419 -999 -999
 2 46 10 0 448 0.00489328 0.0842137 0.867197 0.0436956 -999
 2 47 10 0 214 0.0032814 0.208347 0.788372 -999 -999
 2 48 10 0 186 0.00214879 0.131044 0.866807 -999 -999
 2 49 10 0 240 0.00278705 0.0350952 0.895201 0.0669163 -999
 2 50 10 0 88 0.00312148 0.0311426 0.860567 0.105169 -999
 2 51 10 0 25 0.00750646 0.0842253 0.459827 0.448442 -999
 2 52 10 0 206 0.0349576 0.051991 0.913051 -999 -999
obs_catch_biomass
 1 1 1 1 27.1285 0.05
 1 1 2 1 22.5074 0.05
 1 1 3 1 14.5796 0.05
 1 1 4 1 15.7797 0.05
 1 1 5 1 15.3786 0.05
 1 1 6 1 17.2102 0.05
 1 1 7 1 14.9589 0.05
 1 1 8 1 14.1524 0.05
 1 1 9 1 11.0591 0.05
 1 1 10 1 13.4837 0.05
 1 1 11 1 17.35 0.05
 1 1 12 1 17.8531 0.05
 1 1 13 1 24.0011 0.05
 1 1 14 1 20.1015 0.05
 1 1 15 1 29.1584 0.05
 1 1 16 1 23.1119 0.05
 1 1 17 1 15.8302 0.05
 1 1 18 1 23.9062 0.05
 1 1 19 1 17.5595 0.05
 1 1 20 1 20.2033 0.05
 1 1 21 1 25.7828 0.05
 1 1 22 1 21.0936 0.05
 1 1 23 1 28.4174 0.05
 1 1 24 1 25.522 0.05
 1 1 25 1 19.6532 0.05
 1 1 26 1 15.6795 0.05
 1 1 27 1 9.68487 0.05
 1 1 28 1 4.63161 0.05
 1 1 29 1 5.64564 0.05
 1 1 30 1 6.49083 0.05
 1 1 31 1 5.42838 0.05
 1 1 32 1 6.15964 0.05
 1 1 33 1 5.7266 0.05
 1 1 34 1 8.04088 0.05
 1 1 35 1 6.60881 0.05
 1 1 36 1 7.7924 0.05
 1 1 37 1 3.08707 0.05
 1 1 38 1 2.26082 0.05
 1 1 39 1 2.55863 0.05
 1 1 40 1 3.80654 0.05
 1 1 41 1 5.06778 0.05
 1 1 42 1 4.09684 0.05
 1 1 43 1 2.35778 0.05
 1 1 44 1 2.48921 0.05
 1 1 45 1 1.40366 0.05
 1 1 46 1 0.686986 0.05
 1 1 47 1 1.11564 0.05
 1 1 48 1 1.04338 0.05
 1 1 49 1 0.883016 0.05
 1 1 50 1 0.626021 0.05
 1 1 51 1 0.719155 0.05
 1 1 52 1 0.374455 0.05
 1 1 1 4 2.90371 0.05
 1 1 2 4 2.01503 0.05
 1 1 3 4 1.7202 0.05
 1 1 4 4 3.81611 0.05
 1 1 5 4 3.96062 0.05
 1 1 6 4 6.38258 0.05
 1 1 7 4 2.22744 0.05
 1 1 8 4 3.67001 0.05
 1 1 9 4 2.38433 0.05
 1 1 10 4 2.21283 0.05
 1 1 11 4 2.04277 0.05
 1 1 12 4 1.95797 0.05
 1 1 13 4 1.76646 0.05
 1 1 14 4 1.72154 0.05
 1 1 15 4 1.73746 0.05
 1 1 16 4 1.26584 0.05
 1 1 17 4 1.36271 0.05
 1 1 18 4 2.40921 0.05
 1 1 19 4 2.27356 0.05
 1 1 20 4 2.48887 0.05
 1 1 21 4 3.54287 0.05
 1 1 22 4 5.31965 0.05
 1 1 23 4 5.44328 0.05
 1 1 24 4 3.55906 0.05
 1 1 25 4 4.40588 0.05
 1 1 26 4 5.89616 0.05
 1 1 27 4 4.12851 0.05
 1 1 28 4 4.33323 0.05
 1 1 29 4 4.15922 0.05
 1 1 30 4 4.5057 0.05
 1 1 31 4 3.71987 0.05
 1 1 32 4 4.45131 0.05
 1 1 33 4 4.13686 0.05
 1 1 34 4 3.82112 0.05
 1 1 35 4 3.92229 0.05
 1 1 36 4 4.5 0.05
 1 1 37 4 3.31747 0.05
 1 1 38 4 3.85982 0.05
 1 1 39 4 3.69777 0.05
 1 1 40 4 2.09215 0.05
 1 1 41 4 1.69661 0.05
 1 1 42 4 1.27746 0.05
 1 1 43 4 0.942415 0.05
 1 1 44 4 1.18391 0.05
 1 1 45 4 1.74944 0.05
 1 1 46 4 1.02827 0.05
 1 1 47 4 1.13441 0.05
 1 1 48 4 1.20555 0.05
 1 1 49 4 1.54652 0.05
 1 1 50 4 1.85005 0.05
 1 1 51 4 1.43494 0.05
 1 1 52 4 1.15569 0.05
 1 1 1 5 24.9461 0.05
 1 1 2 5 15.1757 0.05
 1 1 3 5 10.4319 0.05
 1 1 4 5 13.2354 0.05
 1 1 5 5 13.988 0.05
 1 1 6 5 14.7573 0.05
 1 1 7 5 10.5219 0.05
 1 1 8 5 10.2505 0.05
 1 1 9 5 7.64025 0.05
 1 1 10 5 6.9877 0.05
 1 1 11 5 12.026 0.05
 1 1 12 5 8.64345 0.05
 1 1 13 5 14.172 0.05
 1 1 14 5 10.5052 0.05
 1 1 15 5 8.16029 0.05
 1 1 16 5 5.74021 0.05
 1 1 17 5 3.80148 0.05
 1 1 18 5 6.34597 0.05
 1 1 19 5 6.10636 0.05
 1 1 20 5 6.25506 0.05
 1 1 21 5 7.78308 0.05
 1 1 22 5 3.6214 0.05
 1 1 23 5 4.52441 0.05
 1 1 24 5 5.68698 0.05
 1 1 25 5 4.80546 0.05
 1 1 26 5 3.7839 0.05
 1 1 27 5 14.0229 0.05
 1 1 28 5 2.20884 0.05
 1 1 29 5 3.49537 0.05
 1 1 30 5 2.63109 0.05
 1 1 31 5 4.1921 0.05
 1 1 32 5 4.03057 0.05
 1 1 33 5 5.67065 0.05
 1 1 34 5 7.38191 0.05
 1 1 35 5 8.29857 0.05
 1 1 36 5 8.82891 0.05
 1 1 37 5 13.5385 0.05
 1 1 38 5 14.6454 0.05
 1 1 39 5 11.6722 0.05
 1 1 40 5 12.3209 0.05
 1 1 41 5 6.78439 0.05
 1 1 42 5 6.62376 0.05
 1 1 43 5 19.0409 0.05
 1 1 44 5 12.7122 0.05
 1 1 45 5 5.14588 0.05
 1 1 46 5 1.0089 0.05
 1 1 47 5 13.0641 0.05
 1 1 48 5 14.067 0.05
 1 1 49 5 12.3935 0.05
 1 1 50 5 11.3862 0.05
 1 1 51 5 11.3887 0.05
 1 1 52 5 2.32602 0.05
 1 1 1 6 37.2073 0.05
 1 1 2 6 37.7729 0.05
 1 1 3 6 29.4652 0.05
 1 1 4 6 63.5821 0.05
 1 1 5 6 75.0924 0.05
 1 1 6 6 74.5651 0.05
 1 1 7 6 67.5559 0.05
 1 1 8 6 57.6718 0.05
 1 1 9 6 41.4943 0.05
 1 1 10 6 33.0429 0.05
 1 1 11 6 12.1077 0.05
 1 1 12 6 3.72341 0.05
 1 1 13 6 4.45691 0.05
 1 1 14 6 4.04344 0.05
 1 1 15 6 7.79541 0.05
 1 1 16 6 6.8504 0.05
 1 1 17 6 5.31468 0.05
 1 1 18 6 5.36953 0.05
 1 1 19 6 5.82403 0.05
 1 1 20 6 5.7056 0.05
 1 1 21 6 8.14861 0.05
 1 1 22 6 9.73707 0.05
 1 1 23 6 8.01866 0.05
 1 1 24 6 7.66955 0.05
 1 1 25 6 6.6758 0.05
 1 1 26 6 18.3043 0.05
 1 1 27 6 17.1241 0.05
 1 1 28 6 2.74446 0.05
 1 1 29 6 4.88483 0.05
 1 1 30 6 6.49325 0.05
 1 1 31 6 9.77521 0.05
 1 1 32 6 6.2687 0.05
 1 1 33 6 11.8877 0.05
 1 1 34 6 4.31378 0.05
 1 1 35 6 2.19373 0.05
 1 1 36 6 5.38229 0.05
 1 1 37 6 3.8387 0.05
 1 1 38 6 3.60049 0.05
 1 1 39 6 2.05102 0.05
 1 1 40 6 2.0517 0.05
 1 1 41 6 4.59556 0.05
 1 1 42 6 3.57295 0.05
 1 1 43 6 3.73957 0.05
 1 1 44 6 4.07405 0.05
 1 1 45 6 2.89508 0.05
 1 1 46 6 3.39477 0.05
 1 1 47 6 3.68337 0.05
 1 1 48 6 2.99885 0.05
 1 1 49 6 2.84041 0.05
 1 1 50 6 2.28355 0.05
 1 1 51 6 2.07277 0.05
 1 1 52 6 1.93163 0.05
 1 1 1 7 18.2087 0.05
 1 1 2 7 16.5803 0.05
 1 1 3 7 15.1323 0.05
 1 1 4 7 21.681 0.05
 1 1 5 7 26.4478 0.05
 1 1 6 7 29.4574 0.05
 1 1 7 7 20.99 0.05
 1 1 8 7 18.391 0.05
 1 1 9 7 13.6084 0.05
 1 1 10 7 6.52037 0.05
 1 1 11 7 6.00554 0.05
 1 1 12 7 5.0004 0.05
 1 1 13 7 6.9583 0.05
 1 1 14 7 6.8472 0.05
 1 1 15 7 8.67154 0.05
 1 1 16 7 8.37218 0.05
 1 1 17 7 6.54464 0.05
 1 1 18 7 6.71106 0.05
 1 1 19 7 6.69077 0.05
 1 1 20 7 7.01943 0.05
 1 1 21 7 8.50998 0.05
 1 1 22 7 11.2447 0.05
 1 1 23 7 16.335 0.05
 1 1 24 7 16.9997 0.05
 1 1 25 7 10.5474 0.05
 1 1 26 7 6.56535 0.05
 1 1 27 7 15.5611 0.05
 1 1 28 7 8.48617 0.05
 1 1 29 7 9.35691 0.05
 1 1 30 7 13.6354 0.05
 1 1 31 7 5.73468 0.05
 1 1 32 7 5.23032 0.05
 1 1 33 7 9.75671 0.05
 1 1 34 7 8.87245 0.05
 1 1 35 7 7.96131 0.05
 1 1 36 7 5.73733 0.05
 1 1 37 7 4.00218 0.05
 1 1 38 7 1.97039 0.05
 1 1 39 7 6.26593 0.05
 1 1 40 7 3.86416 0.05
 1 1 41 7 2.27216 0.05
 1 1 42 7 4.07818 0.05
 1 1 43 7 3.16958 0.05
 1 1 44 7 3.60696 0.05
 1 1 45 7 4.52418 0.05
 1 1 46 7 3.34966 0.05
 1 1 47 7 5.23885 0.05
 1 1 48 7 4.73864 0.05
 1 1 49 7 6.35034 0.05
 1 1 50 7 5.08374 0.05
 1 1 51 7 3.78324 0.05
 1 1 52 7 2.86857 0.05
 1 1 1 8 5.24755 0.05
 1 1 2 8 8.95786 0.05
 1 1 3 8 6.69787 0.05
 1 1 4 8 8.26295 0.05
 1 1 5 8 8.6614 0.05
 1 1 6 8 7.63441 0.05
 1 1 7 8 5.55147 0.05
 1 1 8 8 5.95655 0.05
 1 1 9 8 4.24084 0.05
 1 1 10 8 4.23811 0.05
 1 1 11 8 4.6115 0.05
 1 1 12 8 4.36092 0.05
 1 1 13 8 7.63968 0.05
 1 1 14 8 7.70579 0.05
 1 1 15 8 5.80713 0.05
 1 1 16 8 5.92722 0.05
 1 1 17 8 5.438 0.05
 1 1 18 8 4.85639 0.05
 1 1 19 8 3.85004 0.05
 1 1 20 8 4.68792 0.05
 1 1 21 8 4.5292 0.05
 1 1 22 8 3.60422 0.05
 1 1 23 8 3.93925 0.05
 1 1 24 8 4.28807 0.05
 1 1 25 8 3.4527 0.05
 1 1 26 8 4.35145 0.05
 1 1 27 8 2.02667 0.05
 1 1 28 8 2.5549 0.05
 1 1 29 8 2.78087 0.05
 1 1 30 8 3.50323 0.05
 1 1 31 8 3.11174 0.05
 1 1 32 8 2.61081 0.05
 1 1 33 8 3.14426 0.05
 1 1 34 8 5.39268 0.05
 1 1 35 8 3.58735 0.05
 1 1 36 8 4.46963 0.05
 1 1 37 8 3.25337 0.05
 1 1 38 8 2.31265 0.05
 1 1 39 8 1.36739 0.05
 1 1 40 8 1.3424 0.05
 1 1 41 8 2.40838 0.05
 1 1 42 8 2.298 0.05
 1 1 43 8 1.54397 0.05
 1 1 44 8 1.77781 0.05
 1 1 45 8 1.8029 0.05
 1 1 46 8 1.74605 0.05
 1 1 47 8 1.21049 0.05
 1 1 48 8 1.02906 0.05
 1 1 49 8 0.633025 0.05
 1 1 50 8 0.55752 0.05
 1 1 51 8 0.486456 0.05
 1 1 52 8 0.311171 0.05
 1 1 1 9 55.7888 0.05
 1 1 2 9 52.8697 0.05
 1 1 3 9 47.1734 0.05
 1 1 4 9 70.1615 0.05
 1 1 5 9 89.4425 0.05
 1 1 6 9 94.7984 0.05
 1 1 7 9 65.161 0.05
 1 1 8 9 62.5957 0.05
 1 1 9 9 44.8396 0.05
 1 1 10 9 21.163 0.05
 1 1 11 9 14.8483 0.05
 1 1 12 9 10.8989 0.05
 1 1 13 9 15.2228 0.05
 1 1 14 9 13.103 0.05
 1 1 15 9 11.9465 0.05
 1 1 16 9 9.51392 0.05
 1 1 17 9 5.74513 0.05
 1 1 18 9 9.66103 0.05
 1 1 19 9 8.62774 0.05
 1 1 20 9 9.3055 0.05
 1 1 21 9 10.5756 0.05
 1 1 22 9 3.87499 0.05
 1 1 23 9 13.3585 0.05
 1 1 24 9 12.8101 0.05
 1 1 25 9 11.1501 0.05
 1 1 26 9 9.47161 0.05
 1 1 27 9 8.91194 0.05
 1 1 28 9 4.86617 0.05
 1 1 29 9 9.00387 0.05
 1 1 30 9 2.52764 0.05
 1 1 31 9 7.9513 0.05
 1 1 32 9 7.65021 0.05
 1 1 33 9 6.67932 0.05
 1 1 34 9 30.8657 0.05
 1 1 35 9 10.2614 0.05
 1 1 36 9 31.2271 0.05
 1 1 37 9 10.6017 0.05
 1 1 38 9 8.86737 0.05
 1 1 39 9 8.1166 0.05
 1 1 40 9 15.3908 0.05
 1 1 41 9 13.4439 0.05
 1 1 42 9 22.1635 0.05
 1 1 43 9 16.1516 0.05
 1 1 44 9 12.606 0.05
 1 1 45 9 8.42733 0.05
 1 1 46 9 3.52659 0.05
 1 1 47 9 9.70812 0.05
 1 1 48 9 12.115 0.05
 1 1 49 9 10.4282 0.05
 1 1 50 9 12.1618 0.05
 1 1 51 9 10.6924 0.05
 1 1 52 9 4.98314 0.05
 1 1 1 10 10.4546 0.05
 1 1 2 10 13.7206 0.05
 1 1 3 10 10.9552 0.05
 1 1 4 10 10.0627 0.05
 1 1 5 10 14.9568 0.05
 1 1 6 10 12.0216 0.05
 1 1 7 10 9.84639 0.05
 1 1 8 10 8.19633 0.05
 1 1 9 10 7.64662 0.05
 1 1 10 10 5.47179 0.05
 1 1 11 10 3.89273 0.05
 1 1 12 10 4.93594 0.05
 1 1 13 10 7.19031 0.05
 1 1 14 10 5.54439 0.05
 1 1 15 10 7.27613 0.05
 1 1 16 10 8.75112 0.05
 1 1 17 10 4.11397 0.05
 1 1 18 10 3.68061 0.05
 1 1 19 10 4.3699 0.05
 1 1 20 10 3.70099 0.05
 1 1 21 10 2.69511 0.05
 1 1 22 10 2.91909 0.05
 1 1 23 10 9.29745 0.05
 1 1 24 10 4.29222 0.05
 1 1 25 10 3.30033 0.05
 1 1 26 10 2.58833 0.05
 1 1 27 10 2.82523 0.05
 1 1 28 10 0.966764 0.05
 1 1 29 10 1.4834 0.05
 1 1 30 10 2.11576 0.05
 1 1 31 10 3.25473 0.05
 1 1 32 10 4.07775 0.05
 1 1 33 10 6.77503 0.05
 1 1 34 10 6.25384 0.05
 1 1 35 10 4.75583 0.05
 1 1 36 10 3.40982 0.05
 1 1 37 10 5.8547 0.05
 1 1 38 10 3.13756 0.05
 1 1 39 10 1.47458 0.05
 1 1 40 10 1.57826 0.05
 1 1 41 10 1.82565 0.05
 1 1 42 10 1.98263 0.05
 1 1 43 10 1.04819 0.05
 1 1 44 10 1.11202 0.05
 1 1 45 10 0.715101 0.05
 1 1 46 10 0.238645 0.05
 1 1 47 10 0.187468 0.05
 1 1 48 10 0.12707 0.05
 1 1 49 10 0.052604 0.05
 1 1 50 10 0.0616249 0.05
 1 1 51 10 0.0462122 0.05
 1 1 52 10 0.0171305 0.05
 2 1 1 2 178.651 0.05
 2 1 2 2 128.815 0.05
 2 1 3 2 113.247 0.05
 2 1 4 2 125.079 0.05
 2 1 5 2 91.069 0.05
 2 1 6 2 105.035 0.05
 2 1 7 2 77.9716 0.05
 2 1 8 2 81.3181 0.05
 2 1 9 2 27.0687 0.05
 2 1 10 2 1.88423 0.05
 2 1 11 2 1.34633 0.05
 2 1 12 2 0.79998 0.05
 2 1 13 2 1.36468 0.05
 2 1 14 2 0.881777 0.05
 2 1 15 2 1.26567 0.05
 2 1 16 2 1.17106 0.05
 2 1 17 2 0.73661 0.05
 2 1 18 2 0.938335 0.05
 2 1 19 2 0.875255 0.05
 2 1 20 2 0.817347 0.05
 2 1 21 2 1.0404 0.05
 2 1 22 2 0.9324 0.05
 2 1 23 2 2.86705 0.05
 2 1 24 2 1.67405 0.05
 2 1 25 2 0.906504 0.05
 2 1 26 2 2.30064 0.05
 2 1 27 2 2.00728 0.05
 2 1 28 2 0.0250015 0.05
 2 1 29 2 3.60859 0.05
 2 1 30 2 6.49387 0.05
 2 1 31 2 17.8155 0.05
 2 1 32 2 15.9248 0.05
 2 1 33 2 10.6323 0.05
 2 1 34 2 29.1789 0.05
 2 1 35 2 11.8009 0.05
 2 1 36 2 15.25 0.05
 2 1 37 2 12.5756 0.05
 2 1 38 2 10.8294 0.05
 2 1 39 2 11.7315 0.05
 2 1 40 2 8.47025 0.05
 2 1 41 2 8.6537 0.05
 2 1 42 2 17.5703 0.05
 2 1 43 2 12.2513 0.05
 2 1 44 2 21.9144 0.05
 2 1 45 2 23.3703 0.05
 2 1 46 2 24.6591 0.05
 2 1 47 2 21.7638 0.05
 2 1 48 2 20.6628 0.05
 2 1 49 2 12.4122 0.05
 2 1 50 2 8.69723 0.05
 2 1 51 2 6.65785 0.05
 2 1 52 2 1.72911 0.05
 2 1 1 3 20.8105 0.05
 2 1 2 3 25.1848 0.05
 2 1 3 3 47.0704 0.05
 2 1 4 3 51.8944 0.05
 2 1 5 3 91.846 0.05
 2 1 6 3 127.049 0.05
 2 1 7 3 69.7684 0.05
 2 1 8 3 79.4018 0.05
 2 1 9 3 47.5876 0.05
 2 1 10 3 1.5614 0.05
 2 1 11 3 0.483689 0.05
 2 1 12 3 0.260393 0.05
 2 1 13 3 0.355314 0.05
 2 1 14 3 0.399817 0.05
 2 1 15 3 2.9159 0.05
 2 1 16 3 3.55707 0.05
 2 1 17 3 2.67292 0.05
 2 1 18 3 2.63105 0.05
 2 1 19 3 3.44135 0.05
 2 1 20 3 2.4826 0.05
 2 1 21 3 3.37866 0.05
 2 1 22 3 0.621244 0.05
 2 1 23 3 2.86934 0.05
 2 1 24 3 1.4466 0.05
 2 1 25 3 1.23547 0.05
 2 1 26 3 1.08538 0.05
 2 1 27 3 17.3763 0.05
 2 1 28 3 1.31297 0.05
 2 1 29 3 0.926527 0.05
 2 1 30 3 0.736712 0.05
 2 1 31 3 0.455442 0.05
 2 1 32 3 2.30775 0.05
 2 1 33 3 0.968378 0.05
 2 1 34 3 0.19798 0.05
 2 1 35 3 0.842202 0.05
 2 1 36 3 2.05973 0.05
 2 1 37 3 2.663 0.05
 2 1 38 3 0.615994 0.05
 2 1 39 3 1.5595 0.05
 2 1 40 3 2.21607 0.05
 2 1 41 3 1.67846 0.05
 2 1 42 3 0.672647 0.05
 2 1 43 3 0.153206 0.05
 2 1 44 3 0.122759 0.05
 2 1 45 3 0.131698 0.05
 2 1 46 3 2.09754 0.05
 2 1 47 3 2.22947 0.05
 2 1 48 3 0.993537 0.05
 2 1 49 3 0.87043 0.05
 2 1 50 3 1.32868 0.05
 2 1 51 3 0.979124 0.05
 2 1 52 3 0.258828 0.05
obs_catch_size
 1 1 1 1 0 5 -999 0.303786 0.468869 0.196843 0.0305024
 1 1 2 1 0 3959 -999 0.565821 0.272677 0.149481 0.0120207
 1 1 3 1 0 4219 -999 0.529162 0.29156 0.166685 0.0125933
 1 1 4 1 0 4462 -999 0.448051 0.317882 0.216217 0.0178505
 1 1 5 1 0 3568 -999 0.303328 0.480849 0.200281 0.0155424
 1 1 6 1 0 7752 -999 0.407312 0.416911 0.154641 0.0211357
 1 1 7 1 0 6993 -999 0.392478 0.463595 0.141235 0.00269211
 1 1 8 1 0 8126 -999 0.180064 0.663411 0.15437 0.00215467
 1 1 9 1 0 5570 -999 0.27165 0.546055 0.182294 -999
 1 1 10 1 0 9412 -999 0.424355 0.468784 0.106124 0.00073613
 1 1 11 1 0 6737 -999 0.187938 0.712231 0.0998311 -999
 1 1 12 1 0 6975 -999 0.0938701 0.620664 0.280983 0.00448304
 1 1 13 1 0 4949 1.25033e-05 0.1851 0.576608 0.235439 0.00284092
 1 1 14 1 0 4303 -999 0.191509 0.553661 0.24101 0.0138203
 1 1 15 1 0 11861 5.77677e-05 0.300928 0.490591 0.201066 0.00735768
 1 1 16 1 0 12503 -999 0.239273 0.575568 0.162121 0.0230372
 1 1 17 1 0 8717 -999 0.131476 0.637948 0.218471 0.0121048
 1 1 18 1 0 8366 -999 0.257335 0.528445 0.20755 0.00666961
 1 1 19 1 0 7515 -999 0.213459 0.561249 0.22019 0.00510214
 1 1 20 1 0 6490 -999 0.368507 0.479516 0.1484 0.0035782
 1 1 21 1 0 6633 -999 0.256447 0.616095 0.124515 0.0029433
 1 1 22 1 0 5748 -999 0.223673 0.665428 0.110899 -999
 1 1 23 1 0 7108 0.000215227 0.341902 0.554857 0.102687 0.000338643
 1 1 24 1 0 8560 -999 0.178004 0.67851 0.142118 0.00136799
 1 1 25 1 0 6518 -999 0.249702 0.587554 0.162092 0.000652142
 1 1 26 1 0 6637 -999 0.277213 0.570185 0.150982 0.00162005
 1 1 27 1 0 4245 0.000258918 0.191257 0.676278 0.129466 0.00274088
 1 1 28 1 0 2645 -999 0.257008 0.634449 0.107576 0.00096717
 1 1 29 1 0 5025 0.00020214 0.170734 0.723722 0.105341 -999
 1 1 30 1 0 6369 -999 0.172215 0.714909 0.112492 0.00038305
 1 1 31 1 0 6840 -999 0.235484 0.660042 0.104475 -999
 1 1 32 1 0 6291 -999 0.241459 0.678453 0.0800877 -999
 1 1 33 1 0 11510 -999 0.189559 0.719845 0.0905965 -999
 1 1 34 1 0 8518 -999 0.257806 0.672954 0.0683918 0.000848396
 1 1 35 1 0 7093 -999 0.162855 0.729155 0.107054 0.000935648
 1 1 36 1 0 6278 -999 0.0812836 0.820944 0.0965616 0.00121042
 1 1 37 1 0 9271 -999 0.0690536 0.754053 0.172535 0.00435779
 1 1 38 1 0 4705 -999 0.0567097 0.79786 0.144319 0.00111164
 1 1 39 1 0 9431 -999 0.119828 0.799726 0.0793954 0.00105118
 1 1 40 1 0 8362 -999 0.113172 0.857923 0.0285608 0.000344569
 1 1 41 1 0 8601 -999 0.169885 0.802437 0.0273443 0.000333421
 1 1 42 1 0 8943 -999 0.0881202 0.8847 0.0269905 0.000188948
 1 1 43 1 0 11283 -999 0.096791 0.875243 0.0279665 -999
 1 1 44 1 0 9538 -999 0.0989061 0.848013 0.0510421 0.00203863
 1 1 45 1 0 6565 -999 0.172966 0.790529 0.0361512 0.000353432
 1 1 46 1 0 6293 -999 0.328357 0.641999 0.0296439 -999
 1 1 47 1 0 5259 -999 0.326167 0.660206 0.0130725 0.000553845
 1 1 48 1 0 9091 -999 0.236821 0.742991 0.0201883 -999
 1 1 49 1 0 6373 -999 0.271647 0.687189 0.0408245 0.000339352
 1 1 50 1 0 7345 -999 0.0419478 0.895398 0.0626544 -999
 1 1 51 1 0 3807 -999 0.0444204 0.872593 0.082987 -999
 1 1 52 1 0 1879 -999 0.0636745 0.755072 0.181254 -999
 1 1 1 4 0 5 -999 0.00595966 0.442867 0.514679 0.0364953
 1 1 2 4 0 5 -999 0.00596011 0.442877 0.514669 0.0364936
 1 1 3 4 0 5 -999 0.0059605 0.442887 0.514661 0.0364922
 1 1 4 4 0 5 -999 0.00595708 0.442805 0.514733 0.0365045
 1 1 5 4 0 5 -999 0.00595533 0.442764 0.51477 0.0365108
 1 1 6 4 0 5 -999 0.00587104 0.446135 0.512314 0.0356796
 1 1 7 4 0 5 -999 0.00590762 0.4446 0.513437 0.0360554
 1 1 8 4 0 5 -999 0.00595697 0.442826 0.514717 0.0365
 1 1 9 4 0 5 -999 0.00595563 0.442898 0.514663 0.0364828
 1 1 10 4 0 5 -999 0.00592052 0.444162 0.513751 0.0361657
 1 1 11 4 0 5 -999 0.00588531 0.445508 0.512775 0.0358314
 1 1 12 4 0 5 -999 0.00586957 0.446126 0.512326 0.0356786
 1 1 13 4 0 5 -999 0.00578721 0.449286 0.510032 0.0348946
 1 1 14 4 0 5 -999 0.00574628 0.450794 0.508942 0.0345177
 1 1 15 4 0 5 -999 0.0659392 0.659311 0.261518 0.0132317
 1 1 16 4 0 5 0.00500223 0.436391 0.489537 0.0690698 -999
 1 1 17 4 0 5 0.00647397 0.477746 0.454101 0.061679 -999
 1 1 18 4 0 5 0.00591923 0.510322 0.431942 0.0518163 -999
 1 1 19 4 0 5 0.00406114 0.38222 0.545009 0.06871 -999
 1 1 20 4 0 5 0.00360078 0.396975 0.532503 0.0669211 -999
 1 1 21 4 0 5 0.0040273 0.412069 0.519519 0.064385 -999
 1 1 22 4 0 5 0.00366745 0.361588 0.565745 0.0689986 -999
 1 1 23 4 0 5 0.00464984 0.436356 0.497717 0.0612766 -999
 1 1 24 4 0 5 0.00238237 0.304975 0.620311 0.0723312 -999
 1 1 25 4 0 5 0.00407213 0.444522 0.502852 0.048554 -999
 1 1 26 4 0 5 0.00340232 0.383887 0.563445 0.0492649 -999
 1 1 27 4 0 5 0.00390637 0.476601 0.483875 0.0356182 -999
 1 1 28 4 0 5 0.00348081 0.464066 0.505423 0.0270303 -999
 1 1 29 4 0 2203 -999 0.16667 0.715442 0.112559 0.00532856
 1 1 30 4 0 2520 0.00270994 0.431298 0.454885 0.102033 0.00907399
 1 1 31 4 0 710 -999 0.425548 0.574452 -999 -999
 1 1 32 4 0 1818 -999 0.469015 0.450746 0.0779411 0.00229715
 1 1 33 4 0 5877 -999 0.312563 0.432801 0.24983 0.00480674
 1 1 34 4 0 6609 0.000145748 0.304382 0.309376 0.370335 0.015761
 1 1 35 4 0 7153 -999 0.287354 0.369384 0.325376 0.017886
 1 1 36 4 0 4961 0.000296745 0.297243 0.382538 0.311071 0.00885157
 1 1 37 4 0 3198 9.10422e-05 0.763958 0.235951 -999 -999
 1 1 38 4 0 3895 6.23905e-05 0.369568 0.236153 0.36889 0.0253261
 1 1 39 4 0 4049 7.23236e-05 0.439096 0.354856 0.200969 0.00500612
 1 1 40 4 0 3400 0.000100683 0.601096 0.192635 0.194857 0.0113112
 1 1 41 4 0 3426 0.000106582 0.392254 0.243522 0.359779 0.00433831
 1 1 42 4 0 2090 0.000129666 0.423186 0.218354 0.35833 -999
 1 1 43 4 0 2770 -999 0.349085 0.309627 0.341288 -999
 1 1 44 4 0 3676 9.59455e-05 0.297595 0.462665 0.238394 0.00125061
 1 1 45 4 0 2648 7.13914e-05 0.3751 0.415661 0.202449 0.00671829
 1 1 46 4 0 2140 0.0001446 0.389972 0.412711 0.194491 0.00268194
 1 1 47 4 0 2971 -999 0.398394 0.355061 0.245092 0.00145231
 1 1 48 4 0 2120 0.000858067 0.37144 0.338757 0.288944 -999
 1 1 49 4 0 1960 -999 0.423461 0.227965 0.346803 0.00177032
 1 1 50 4 0 2453 0.000122093 0.462519 0.266718 0.268504 0.00213616
 1 1 51 4 0 2803 -999 0.551065 0.390126 0.0588086 -999
 1 1 52 4 0 2608 0.000141979 0.432926 0.411024 0.155908 -999
 1 1 1 5 0 5 -999 0.000809837 0.558313 0.433126 0.00775204
 1 1 2 5 0 12435 -999 0.000543507 0.446245 0.542691 0.0105204
 1 1 3 5 0 7933 -999 0.000119857 0.225299 0.757811 0.0167706
 1 1 4 5 0 11410 -999 0.00315375 0.223248 0.7483 0.0252988
 1 1 5 5 0 5896 -999 0.016971 0.170163 0.762321 0.0505448
 1 1 6 5 0 6429 -999 0.043152 0.388729 0.519137 0.0489824
 1 1 7 5 0 4275 -999 0.0202805 0.540244 0.385574 0.0539015
 1 1 8 5 0 4104 -999 0.00497306 0.669832 0.27904 0.0461555
 1 1 9 5 0 2490 -999 0.0390666 0.435536 0.430079 0.095319
 1 1 10 5 0 10539 -999 0.0192782 0.649789 0.290821 0.0401118
 1 1 11 5 0 10102 -999 0.00142403 0.729491 0.256346 0.0127382
 1 1 12 5 0 9884 -999 0.00143653 0.572248 0.41271 0.0136057
 1 1 13 5 0 9235 -999 0.00335238 0.476679 0.504309 0.0156601
 1 1 14 5 0 4679 -999 0.00274735 0.5756 0.400355 0.0212983
 1 1 15 5 0 7714 -999 0.00431824 0.408418 0.5446 0.0426637
 1 1 16 5 0 8955 -999 0.000192507 0.27481 0.666112 0.0588855
 1 1 17 5 0 4762 -999 0.000122489 0.209415 0.73827 0.0521922
 1 1 18 5 0 2528 -999 0.000427006 0.215191 0.726479 0.0579028
 1 1 19 5 0 2276 -999 0.000224102 0.44126 0.531236 0.027279
 1 1 20 5 0 2573 -999 0.00238764 0.381498 0.546187 0.069928
 1 1 21 5 0 2542 -999 -999 0.504293 0.480466 0.0152412
 1 1 22 5 0 1548 -999 0.000227322 0.446467 0.531593 0.0217129
 1 1 23 5 0 2001 -999 0.000999179 0.475631 0.50894 0.0144292
 1 1 24 5 0 1065 -999 -999 0.368368 0.596632 0.0349995
 1 1 25 5 0 2456 -999 -999 0.356364 0.620256 0.0233802
 1 1 26 5 0 1140 -999 0.000202014 0.368655 0.61353 0.0176131
 1 1 27 5 0 453 -999 -999 0.54713 0.429905 0.0229647
 1 1 28 5 0 291 -999 -999 0.70219 0.29781 -999
 1 1 29 5 0 457 -999 -999 0.569961 0.416118 0.0139212
 1 1 30 5 0 2381 -999 -999 0.346222 0.652188 0.00159021
 1 1 31 5 0 1628 -999 -999 0.24064 0.758167 0.00119205
 1 1 32 5 0 2277 -999 -999 0.277704 0.717501 0.0047953
 1 1 33 5 0 3199 -999 -999 0.351791 0.630944 0.017265
 1 1 34 5 0 5810 -999 7.06859e-05 0.427669 0.561532 0.0107285
 1 1 35 5 0 3419 -999 -999 0.393025 0.596131 0.0108443
 1 1 36 5 0 5760 -999 2.67273e-05 0.435968 0.558453 0.00555199
 1 1 37 5 0 6833 -999 -999 0.584941 0.413892 0.00116749
 1 1 38 5 0 7189 -999 -999 0.59463 0.404156 0.00121439
 1 1 39 5 0 8834 -999 -999 0.641082 0.358457 0.000460897
 1 1 40 5 0 7760 -999 -999 0.785879 0.214121 -999
 1 1 41 5 0 9867 -999 -999 0.856646 0.143101 0.000253525
 1 1 42 5 0 9542 -999 -999 0.830926 0.168187 0.000886709
 1 1 43 5 0 15542 -999 -999 0.79325 0.206595 0.000154768
 1 1 44 5 0 12596 -999 -999 0.780065 0.219885 5.03166e-05
 1 1 45 5 0 6133 -999 0.000152607 0.712549 0.285574 0.0017248
 1 1 46 5 0 6246 -999 0.00413155 0.866129 0.129566 0.00017359
 1 1 47 5 0 6756 -999 0.00351055 0.919051 0.07732 0.000118125
 1 1 48 5 0 7777 -999 0.00487056 0.946727 0.0483156 8.66515e-05
 1 1 49 5 0 6578 -999 0.0280948 0.929319 0.0425861 -999
 1 1 50 5 0 7550 -999 0.0196035 0.92161 0.0587348 5.11626e-05
 1 1 51 5 0 6294 -999 0.019157 0.958152 0.022691 -999
 1 1 52 5 0 3287 -999 0.0146483 0.975477 0.00987475 -999
 1 1 1 6 0 5 -999 0.300477 0.664237 0.0352862 -999
 1 1 2 6 0 2387 0.000299415 0.263021 0.687118 0.0436686 0.00589298
 1 1 3 6 0 2372 7.37974e-05 0.437568 0.547446 0.0149125 -999
 1 1 4 6 0 3351 5.2007e-05 0.554467 0.434778 0.010703 -999
 1 1 5 6 0 1437 9.35835e-05 0.377263 0.536282 0.0863615 -999
 1 1 6 6 0 4506 0.000251173 0.695499 0.26323 0.0410192 -999
 1 1 7 6 0 1684 0.000456886 0.477447 0.47686 0.0452361 -999
 1 1 8 6 0 2447 9.8462e-05 0.406681 0.549595 0.0436255 -999
 1 1 9 6 0 5444 3.13649e-05 0.374195 0.587903 0.0378704 -999
 1 1 10 6 0 6776 -999 0.343468 0.599171 0.057361 -999
 1 1 11 6 0 4442 9.64069e-05 0.26929 0.687646 0.042968 -999
 1 1 12 6 0 3668 6.80154e-06 0.24016 0.674549 0.0852841 -999
 1 1 13 6 0 4898 -999 0.488637 0.50454 0.00345832 0.00336488
 1 1 14 6 0 5669 0.000315784 0.536762 0.454221 0.00870184 -999
 1 1 15 6 0 8644 0.000118886 0.439244 0.498606 0.0620315 -999
 1 1 16 6 0 10523 -999 0.419347 0.561152 0.0195006 -999
 1 1 17 6 0 8428 3.47849e-05 0.392511 0.5677 0.0397545 -999
 1 1 18 6 0 11988 5.57964e-05 0.425263 0.520703 0.0539791 -999
 1 1 19 6 0 12385 0.000110721 0.43853 0.497687 0.0636726 -999
 1 1 20 6 0 12139 1.32567e-05 0.52327 0.465821 0.010896 -999
 1 1 21 6 0 12626 0.000147996 0.63332 0.346497 0.0200348 -999
 1 1 22 6 0 8623 -999 0.619723 0.363429 0.0168477 -999
 1 1 23 6 0 11450 -999 0.567459 0.428167 0.00437306 -999
 1 1 24 6 0 7803 1.31554e-05 0.523603 0.39909 0.0772934 -999
 1 1 25 6 0 4089 0.000526634 0.520588 0.38897 0.0759723 0.0139436
 1 1 26 6 0 3512 0.000892577 0.658065 0.333213 0.00782941 -999
 1 1 27 6 0 5905 -999 0.713349 0.286651 -999 -999
 1 1 28 6 0 4239 -999 0.466443 0.403128 0.13043 -999
 1 1 29 6 0 2963 -999 0.731252 0.268748 -999 -999
 1 1 30 6 0 7550 0.000964598 0.690982 0.305881 0.00217181 -999
 1 1 31 6 0 8541 0.00101822 0.653857 0.34001 0.0051147 -999
 1 1 32 6 0 7576 0.000499139 0.60757 0.337592 0.0543383 -999
 1 1 33 6 0 4539 -999 0.630729 0.322257 0.0470144 -999
 1 1 34 6 0 13640 0.000149104 0.293074 0.520748 0.184442 0.00158639
 1 1 35 6 0 7464 -999 0.609428 0.343367 0.0429453 0.00425962
 1 1 36 6 0 9061 0.0017546 0.694635 0.215412 0.0881977 -999
 1 1 37 6 0 10941 0.000690318 0.610062 0.36996 0.0192878 -999
 1 1 38 6 0 12758 3.93841e-05 0.573187 0.412494 0.0142797 -999
 1 1 39 6 0 15410 0.000412082 0.631471 0.354196 0.0139208 -999
 1 1 40 6 0 19860 5.9095e-05 0.577119 0.412676 0.0101456 -999
 1 1 41 6 0 15454 2.87474e-05 0.530927 0.453404 0.0156401 -999
 1 1 42 6 0 12303 1.08831e-05 0.470962 0.501961 0.0270661 -999
 1 1 43 6 0 12754 -999 0.452866 0.521535 0.0255992 -999
 1 1 44 6 0 12717 -999 0.529147 0.459778 0.0110745 -999
 1 1 45 6 0 14943 2.25922e-05 0.406193 0.582075 0.0117088 -999
 1 1 46 6 0 15792 5.92921e-06 0.407616 0.509165 0.0825789 0.000634035
 1 1 47 6 0 12669 2.23861e-05 0.299868 0.593641 0.106468 -999
 1 1 48 6 0 14501 -999 0.314145 0.567095 0.11876 -999
 1 1 49 6 0 15260 2.13518e-05 0.346198 0.473631 0.180149 -999
 1 1 50 6 0 13965 4.26769e-06 0.366878 0.437149 0.195968 -999
 1 1 51 6 0 15256 1.20693e-05 0.446178 0.404223 0.148824 0.000762843
 1 1 52 6 0 13201 6.65847e-05 0.444784 0.520299 0.0348506 -999
 1 1 11 7 0 5 -999 -999 0.294609 0.705391 -999
 1 1 12 7 0 259 -999 -999 0.294609 0.705391 -999
 1 1 13 7 0 5 -999 -999 0.294499 0.705501 -999
 1 1 14 7 0 100 -999 -999 0.551231 0.448769 -999
 1 1 15 7 0 704 -999 -999 0.159531 0.840469 -999
 1 1 16 7 0 492 -999 -999 0.230152 0.769848 -999
 1 1 17 7 0 1508 -999 -999 0.0949676 0.905032 -999
 1 1 18 7 0 1678 -999 -999 0.139687 0.860313 -999
 1 1 19 7 0 1461 -999 0.00105265 0.112065 0.886882 -999
 1 1 20 7 0 2031 -999 -999 0.231723 0.768277 -999
 1 1 21 7 0 1771 -999 -999 0.143589 0.856411 -999
 1 1 22 7 0 1410 -999 -999 0.149282 0.850718 -999
 1 1 23 7 0 2249 -999 -999 0.178236 0.820539 0.00122439
 1 1 24 7 0 1896 2.74244e-05 -999 0.304668 0.695305 -999
 1 1 25 7 0 3322 -999 -999 0.245752 0.754248 -999
 1 1 26 7 0 2948 -999 -999 0.349494 0.650506 -999
 1 1 27 7 0 2273 -999 -999 0.503296 0.496704 -999
 1 1 28 7 0 2291 -999 -999 0.611786 0.388214 -999
 1 1 29 7 0 2231 2.99182e-05 -999 0.833977 0.165993 -999
 1 1 30 7 0 748 3.09265e-05 -999 0.958373 0.0415961 -999
 1 1 31 7 0 751 -999 0.00987554 0.855321 0.134804 -999
 1 1 32 7 0 404 -999 -999 0.928164 0.0718364 -999
 1 1 33 7 0 2799 -999 0.000651092 0.939001 0.060348 -999
 1 1 34 7 0 649 -999 -999 0.890209 0.109791 -999
 1 1 35 7 0 398 -999 -999 0.835949 0.164051 -999
 1 1 36 7 0 1215 -999 -999 0.868344 0.131656 -999
 1 1 37 7 0 1210 -999 -999 0.744022 0.255978 -999
 1 1 38 7 0 2897 -999 9.9235e-05 0.852259 0.147642 -999
 1 1 39 7 0 4857 -999 5.7617e-05 0.874991 0.124951 -999
 1 1 40 7 0 3394 1.72804e-06 -999 0.837036 0.162962 -999
 1 1 41 7 0 3161 -999 -999 0.819946 0.180054 -999
 1 1 42 7 0 4357 -999 -999 0.820063 0.179937 -999
 1 1 43 7 0 5784 5.93368e-07 0.000134878 0.770405 0.229459 -999
 1 1 44 7 0 5799 -999 0.000152312 0.824186 0.175661 -999
 1 1 45 7 0 4058 -999 0.000113657 0.681825 0.318061 -999
 1 1 46 7 0 5891 -999 0.000104694 0.685053 0.314842 -999
 1 1 47 7 0 5069 -999 7.5166e-05 0.69533 0.304595 -999
 1 1 48 7 0 4107 -999 0.000116523 0.830957 0.168927 -999
 1 1 49 7 0 5420 2.72574e-05 0.00010834 0.766029 0.233835 -999
 1 1 50 7 0 5576 -999 9.62836e-05 0.789834 0.21007 -999
 1 1 51 7 0 4633 -999 0.000304966 0.749069 0.250626 -999
 1 1 52 7 0 4382 -999 -999 0.793999 0.206001 -999
 1 1 1 8 0 5 -999 0.0142618 0.694882 0.290856 -999
 1 1 2 8 0 5 -999 0.0170857 0.709706 0.273208 -999
 1 1 3 8 0 186 -999 0.258038 0.525595 0.216368 -999
 1 1 4 8 0 5 -999 0.0284729 0.62441 0.347117 -999
 1 1 5 8 0 5 -999 0.02788 0.613211 0.358909 -999
 1 1 6 8 0 1033 -999 0.103495 0.757057 0.139448 -999
 1 1 7 8 0 3718 0.000486949 0.118367 0.794922 0.0862242 -999
 1 1 8 8 0 8656 -999 0.0924364 0.748567 0.158997 -999
 1 1 9 8 0 4983 -999 0.146666 0.729772 0.123563 -999
 1 1 10 8 0 6201 -999 0.0984057 0.795121 0.106473 -999
 1 1 11 8 0 4186 -999 0.0723296 0.786022 0.141649 -999
 1 1 12 8 0 4518 -999 0.125361 0.784791 0.089848 -999
 1 1 13 8 0 7985 -999 0.201961 0.752285 0.0457541 -999
 1 1 14 8 0 5165 1.08616e-07 0.253369 0.671497 0.0751332 -999
 1 1 15 8 0 11871 -999 0.255769 0.686637 0.0575933 -999
 1 1 16 8 0 13080 -999 0.252236 0.685976 0.0617876 -999
 1 1 17 8 0 9021 -999 0.259962 0.679289 0.0607488 -999
 1 1 18 8 0 12035 0.000300145 0.279289 0.648135 0.0722765 -999
 1 1 19 8 0 9445 -999 0.22816 0.709225 0.0626152 -999
 1 1 20 8 0 9062 -999 0.277896 0.67172 0.0503842 -999
 1 1 21 8 0 8546 -999 0.273343 0.669429 0.0572287 -999
 1 1 22 8 0 5614 -999 0.31712 0.61158 0.0713002 -999
 1 1 23 8 0 8789 5.6302e-05 0.230062 0.746759 0.023123 -999
 1 1 24 8 0 7528 -999 0.265113 0.68263 0.0457888 0.00646756
 1 1 25 8 0 7956 7.03155e-05 0.246161 0.717431 0.0363374 -999
 1 1 26 8 0 4469 5.51439e-06 0.266224 0.683543 0.0502281 -999
 1 1 27 8 0 4711 -999 0.341259 0.617806 0.0409348 -999
 1 1 28 8 0 4707 -999 0.268368 0.712557 0.0190745 -999
 1 1 29 8 0 5275 -999 0.323442 0.639897 0.0366602 -999
 1 1 30 8 0 6897 -999 0.291399 0.683894 0.0247069 -999
 1 1 31 8 0 5402 -999 0.278069 0.696661 0.0252692 -999
 1 1 32 8 0 5487 -999 0.3468 0.630172 0.0230285 -999
 1 1 33 8 0 13068 -999 0.237239 0.713007 0.0497541 -999
 1 1 34 8 0 10248 -999 0.177851 0.759494 0.0626548 -999
 1 1 35 8 0 10773 -999 0.0839247 0.7684 0.147676 -999
 1 1 36 8 0 13203 -999 0.0855621 0.621631 0.292807 -999
 1 1 37 8 0 14334 -999 0.0550594 0.675391 0.26955 -999
 1 1 38 8 0 15143 8.6352e-06 0.091583 0.700023 0.208385 -999
 1 1 39 8 0 15606 -999 0.173496 0.638902 0.187602 -999
 1 1 40 8 0 14843 5.30019e-06 0.205944 0.668562 0.125489 -999
 1 1 41 8 0 13766 -999 0.173243 0.725536 0.101221 -999
 1 1 42 8 0 11289 -999 0.139544 0.744062 0.0880723 0.0283219
 1 1 43 8 0 12563 -999 0.0779599 0.86724 0.0548 -999
 1 1 44 8 0 10915 -999 0.0633659 0.884581 0.0520535 -999
 1 1 45 8 0 8811 -999 0.0562297 0.916539 0.0272314 -999
 1 1 46 8 0 8254 -999 0.0519998 0.910685 0.0373157 -999
 1 1 47 8 0 6375 -999 0.0655697 0.895317 0.039113 -999
 1 1 48 8 0 7234 -999 0.0462172 0.908323 0.0454601 -999
 1 1 49 8 0 7697 -999 0.0796823 0.870622 0.0496953 -999
 1 1 50 8 0 11453 -999 0.0482815 0.878578 0.0731403 -999
 1 1 51 8 0 5480 -999 0.0265657 0.845989 0.127446 -999
 1 1 52 8 0 1826 -999 0.0190198 0.736601 0.24438 -999
 1 1 36 9 0 668 7.59089e-05 0.0392436 0.234469 0.590661 0.135551
 1 1 37 9 0 525 6.8551e-06 0.0375167 0.260665 0.555316 0.146496
 1 1 38 9 0 490 0.000199417 0.0613362 0.323208 0.565257 0.0499986
 1 1 39 9 0 562 4.19612e-05 0.0633785 0.341218 0.44995 0.145412
 1 1 40 9 0 418 2.23676e-05 0.0399132 0.387242 0.474597 0.0982251
 1 1 41 9 0 356 -999 0.0256086 0.323913 0.520828 0.12965
 1 1 42 9 0 500 2.22228e-05 0.0291704 0.248593 0.539216 0.182999
 1 1 43 9 0 544 -999 0.0348825 0.279031 0.572834 0.113253
 1 1 44 9 0 481 0.000464741 0.0498773 0.238107 0.531789 0.179762
 1 1 45 9 0 476 2.36763e-05 0.0532679 0.287291 0.493678 0.16574
 1 1 46 9 0 588 0.000362614 0.0695045 0.406249 0.462267 0.0616171
 1 1 47 9 0 482 3.22043e-05 0.0672893 0.551409 0.381269 -999
 1 1 48 9 0 439 6.65211e-05 0.0186086 0.424805 0.465635 0.090885
 1 1 49 9 0 412 0.000129768 0.0239809 0.351396 0.575854 0.0486398
 1 1 50 9 0 403 0.000116731 0.00772694 0.207927 0.711595 0.0726339
 1 1 51 9 0 409 -999 0.0233412 0.220865 0.713842 0.0419518
 1 1 52 9 0 564 0.000350621 0.0379243 0.206207 0.702991 0.0525269
 1 1 1 10 0 5 -999 3.59553e-05 0.745275 0.254689 -999
 1 1 2 10 0 19665 -999 3.5953e-05 0.769378 0.230175 0.000411429
 1 1 3 10 0 27024 -999 0.00016239 0.819969 0.179868 -999
 1 1 4 10 0 19834 -999 -999 0.770649 0.229351 -999
 1 1 5 10 0 15026 -999 2.31459e-05 0.82657 0.173407 -999
 1 1 6 10 0 13494 -999 0.000117491 0.862828 0.137054 -999
 1 1 7 10 0 17108 -999 0.000683799 0.782624 0.215556 0.00113598
 1 1 8 10 0 15343 -999 0.00183766 0.858885 0.139277 -999
 1 1 9 10 0 10840 -999 0.000827492 0.826623 0.17255 -999
 1 1 10 10 0 8134 -999 0.00107754 0.742283 0.256639 -999
 1 1 11 10 0 6237 -999 0.0124534 0.722976 0.263984 0.000586972
 1 1 12 10 0 8020 -999 0.00131965 0.852962 0.144557 0.001162
 1 1 13 10 0 8657 -999 0.00269862 0.828652 0.168649 -999
 1 1 14 10 0 4717 -999 0.00160386 0.821435 0.176961 -999
 1 1 15 10 0 13340 -999 0.00154932 0.861288 0.137163 -999
 1 1 16 10 0 11508 -999 0.00312618 0.921858 0.074789 0.00022681
 1 1 17 10 0 10785 -999 0.00547787 0.899266 0.0952562 -999
 1 1 18 10 0 13087 -999 0.00550499 0.831945 0.16255 -999
 1 1 19 10 0 8392 -999 0.00286365 0.861495 0.134967 0.000673783
 1 1 20 10 0 6049 3.53573e-05 0.000338948 0.85112 0.148506 -999
 1 1 21 10 0 6320 -999 0.00225761 0.770069 0.223798 0.00387568
 1 1 22 10 0 6041 -999 0.00151878 0.887469 0.111012 -999
 1 1 23 10 0 6940 -999 -999 0.952474 0.047526 -999
 1 1 24 10 0 5325 -999 -999 0.917089 0.0829107 -999
 1 1 25 10 0 4551 -999 -999 0.86483 0.13517 -999
 1 1 26 10 0 3714 4.01673e-09 -999 0.885938 0.114062 -999
 1 1 27 10 0 2203 -999 -999 0.87499 0.12501 -999
 1 1 28 10 0 1775 -999 -999 0.906663 0.0933368 -999
 1 1 29 10 0 2776 -999 -999 0.895122 0.104878 -999
 1 1 30 10 0 5448 -999 -999 0.861541 0.128059 0.0103996
 1 1 31 10 0 1789 -999 -999 0.868405 0.131595 -999
 1 1 32 10 0 2366 -999 0.00709122 0.759395 0.218472 0.0150417
 1 1 33 10 0 4696 -999 -999 0.798444 0.201556 -999
 1 1 34 10 0 4922 -999 -999 0.778098 0.221902 -999
 1 1 35 10 0 5216 -999 -999 0.690904 0.309096 -999
 1 1 36 10 0 6835 -999 -999 0.571963 0.428037 -999
 1 1 37 10 0 9537 -999 -999 0.510877 0.487319 0.0018039
 1 1 38 10 0 9214 1.82757e-07 -999 0.784374 0.215626 -999
 1 1 39 10 0 12486 -999 -999 0.692909 0.307091 -999
 1 1 40 10 0 14692 1.48984e-05 0.00011333 0.842659 0.157213 -999
 1 1 41 10 0 14178 -999 -999 0.912777 0.087223 -999
 1 1 42 10 0 13375 -999 -999 0.796029 0.203971 -999
 1 1 43 10 0 15155 -999 8.4795e-06 0.743207 0.256784 -999
 1 1 44 10 0 16617 -999 -999 0.79395 0.20605 -999
 1 1 45 10 0 8938 -999 -999 0.757788 0.242212 -999
 1 1 46 10 0 5206 -999 -999 0.725482 0.274518 -999
 1 1 47 10 0 5299 -999 -999 0.830429 0.169571 -999
 1 1 48 10 0 5764 -999 -999 0.761639 0.238361 -999
 1 1 49 10 0 2404 -999 -999 0.748302 0.251698 -999
 1 1 50 10 0 3111 -999 -999 0.680543 0.319457 -999
 1 1 51 10 0 1183 -999 -999 0.68947 0.31053 -999
 1 1 52 10 0 241 -999 -999 0.810425 0.189575 -999
 2 1 1 2 0 19635 0.0024082 0.246747 0.290038 0.372595 0.0882116
 2 1 2 2 0 19532 0.0010402 0.105627 0.387273 0.435285 0.0707751
 2 1 3 2 0 8476 0.000327885 0.0461873 0.227922 0.563555 0.162008
 2 1 4 2 0 12204 9.8743e-06 0.0143708 0.112317 0.792156 0.0811465
 2 1 5 2 0 16453 -999 0.0355233 0.288788 0.611161 0.064528
 2 1 6 2 0 8919 9.49931e-06 0.030694 0.34257 0.509453 0.117273
 2 1 7 2 0 22982 0.000132668 0.0647131 0.350899 0.536796 0.0474596
 2 1 8 2 0 24156 1.32754e-06 0.0522343 0.325156 0.58848 0.0341282
 2 1 9 2 0 31957 1.07437e-05 0.0495477 0.424646 0.509121 0.0166738
 2 1 10 2 0 33037 2.95575e-08 0.0274105 0.10304 0.86513 0.00441926
 2 1 11 2 0 28216 9.00954e-07 0.0163276 0.16917 0.801572 0.0129298
 2 1 12 2 0 37294 3.85599e-06 0.0786518 0.285358 0.631395 0.00459106
 2 1 13 2 0 28315 -999 0.012856 0.564255 0.411192 0.0116969
 2 1 14 2 0 23528 3.49443e-07 0.0103296 0.149092 0.82759 0.0129876
 2 1 15 2 0 12696 -999 0.0422455 0.0901124 0.836116 0.0315265
 2 1 16 2 0 11015 -999 0.109539 0.338488 0.530389 0.0215844
 2 1 17 2 0 10095 -999 0.0132819 0.282436 0.683992 0.0202896
 2 1 18 2 0 8988 -999 0.0383167 0.203465 0.758204 1.45418e-05
 2 1 19 2 0 4746 -999 0.0125629 0.380471 0.606146 0.000819517
 2 1 20 2 0 6394 -999 0.0266961 0.425624 0.547436 0.000244624
 2 1 21 2 0 6540 -999 0.052682 0.33426 0.613058 -999
 2 1 22 2 0 6300 -999 0.0388742 0.201311 0.752766 0.00704824
 2 1 23 2 0 8574 -999 0.00653834 0.297843 0.690847 0.00477221
 2 1 24 2 0 8163 -999 0.000604737 0.247566 0.747752 0.00407705
 2 1 25 2 0 11543 -999 0.0251708 0.194177 0.776846 0.00380596
 2 1 26 2 0 7936 -999 0.0450641 0.252062 0.702874 -999
 2 1 27 2 0 4472 -999 0.00566908 0.362255 0.632076 -999
 2 1 28 2 0 6183 -999 -999 0.152108 0.847892 -999
 2 1 29 2 0 7481 1.30208e-06 0.0110107 0.225584 0.763165 0.000239062
 2 1 30 2 0 10905 -999 0.000312981 0.5181 0.481587 -999
 2 1 31 2 0 9156 -999 0.0102991 0.595465 0.394235 -999
 2 1 32 2 0 10446 -999 0.00181451 0.481455 0.516731 -999
 2 1 33 2 0 9159 -999 9.85009e-05 0.347166 0.652736 -999
 2 1 34 2 0 10178 -999 0.000197748 0.448534 0.551268 -999
 2 1 35 2 0 9640 -999 0.00209247 0.365033 0.632875 -999
 2 1 36 2 0 7712 -999 0.00126084 0.362375 0.636364 -999
 2 1 37 2 0 7099 -999 0.0056581 0.579139 0.415203 -999
 2 1 38 2 0 9280 -999 0.000295127 0.556565 0.443073 6.77854e-05
 2 1 39 2 0 11055 -999 2.39085e-05 0.440295 0.559681 -999
 2 1 40 2 0 7772 -999 0.00138085 0.57064 0.427979 -999
 2 1 41 2 0 6359 -999 4.41593e-05 0.323277 0.676678 -999
 2 1 42 2 0 6157 -999 0.000793932 0.254805 0.744401 -999
 2 1 43 2 0 6127 -999 0.0107815 0.43871 0.550509 -999
 2 1 44 2 0 6248 -999 0.00180734 0.894489 0.103704 -999
 2 1 45 2 0 6307 -999 0.00181289 0.864292 0.133895 -999
 2 1 46 2 0 6676 -999 0.00554445 0.675134 0.319321 -999
 2 1 47 2 0 7210 -999 0.000101112 0.574895 0.425004 -999
 2 1 48 2 0 5913 -999 0.00204077 0.374462 0.623497 -999
 2 1 49 2 0 4876 -999 -999 0.231842 0.768158 -999
 2 1 50 2 0 5812 -999 0.000410473 0.328035 0.671554 -999
 2 1 51 2 0 5185 -999 4.02754e-05 0.176672 0.823288 -999
 2 1 52 2 0 3711 -999 0.00377837 0.193321 0.802901 -999
 2 1 1 3 0 5 -999 -999 0.894257 0.105743 -999
 2 1 2 3 0 5 -999 -999 0.897034 0.102966 -999
 2 1 3 3 0 5 -999 -999 0.901418 0.0985816 -999
 2 1 4 3 0 5 -999 -999 0.906006 0.0939935 -999
 2 1 5 3 0 5 -999 -999 0.896552 0.103448 -999
 2 1 6 3 0 183 -999 -999 0.908278 0.0917218 -999
 2 1 7 3 0 200 -999 -999 0.895237 0.104763 -999
 2 1 8 3 0 486 -999 2.97231e-05 0.422903 0.577067 -999
 2 1 9 3 0 1308 -999 0.0158263 0.667617 0.316557 -999
 2 1 10 3 0 2040 -999 0.0512074 0.814822 0.13397 -999
 2 1 11 3 0 247 -999 1.08044e-07 0.55674 0.44326 -999
 2 1 12 3 0 617 -999 9.76683e-06 0.179787 0.820203 -999
 2 1 13 3 0 3185 -999 0.00767376 0.383913 0.608413 -999
 2 1 14 3 0 3161 -999 0.0274946 0.145787 0.826719 -999
 2 1 15 3 0 2765 -999 0.00216077 0.115318 0.882521 -999
 2 1 16 3 0 3949 -999 0.00757503 0.219182 0.773242 -999
 2 1 17 3 0 4470 -999 0.0741928 0.508743 0.417065 -999
 2 1 18 3 0 2857 -999 6.47219e-05 0.651943 0.347265 0.000726642
 2 1 19 3 0 4092 -999 0.0358812 0.66455 0.298528 0.00104084
 2 1 20 3 0 2723 -999 0.105721 0.768645 0.125634 -999
 2 1 21 3 0 3158 -999 0.000106455 0.540552 0.459342 -999
 2 1 22 3 0 1846 -999 0.00186555 0.341757 0.656377 -999
 2 1 23 3 0 2213 -999 0.00306741 0.437512 0.559421 -999
 2 1 24 3 0 1530 5.10897e-09 0.000365936 0.548599 0.449873 0.00116204
 2 1 25 3 0 2534 -999 0.00034253 0.632436 0.367219 2.32566e-06
 2 1 26 3 0 211 -999 0.0201122 0.625514 0.354374 -999
 2 1 27 3 0 395 -999 0.00159597 0.855303 0.142647 0.000453617
 2 1 28 3 0 1101 -999 0.00638132 0.574757 0.0817111 0.33715
 2 1 29 3 0 2282 -999 0.0144696 0.807013 0.178517 -999
 2 1 30 3 0 2349 -999 0.00982639 0.58816 0.402014 -999
 2 1 31 3 0 1956 -999 0.000954755 0.517462 0.481584 -999
 2 1 32 3 0 4297 -999 0.000386705 0.704206 0.295407 -999
 2 1 33 3 0 907 -999 0.00355134 0.677257 0.319192 -999
 2 1 34 3 0 3026 -999 0.0024813 0.520149 0.47737 -999
 2 1 35 3 0 2461 -999 0.0080697 0.891711 0.100219 -999
 2 1 36 3 0 2787 -999 0.0384141 0.884735 0.076851 -999
 2 1 37 3 0 1101 -999 0.0620033 0.765266 0.172728 2.70159e-06
 2 1 38 3 0 3117 -999 0.00164183 0.865199 0.133159 -999
 2 1 39 3 0 5250 -999 0.00127863 0.872838 0.125883 -999
 2 1 40 3 0 9474 -999 0.00468404 0.885164 0.110152 -999
 2 1 41 3 0 11911 -999 0.0131117 0.92381 0.0630784 -999
 2 1 42 3 0 4911 -999 0.00280946 0.960552 0.0366385 -999
 2 1 43 3 0 3025 -999 0.0189045 0.966194 0.0149015 -999
 2 1 44 3 0 2697 -999 0.478991 0.512424 0.00858463 -999
 2 1 45 3 0 2386 -999 0.0259514 0.971512 0.00253672 -999
 2 1 46 3 0 2921 -999 0.00698476 0.990632 0.00238335 -999
 2 1 47 3 0 2932 -999 0.016406 0.981891 0.0017027 -999
 2 1 48 3 0 5366 -999 0.0633579 0.919353 0.0172893 -999
 2 1 49 3 0 5285 -999 0.056566 0.935069 0.00836471 -999
 2 1 50 3 0 7369 -999 0.211679 0.785278 0.003043 -999
 2 1 51 3 0 5675 -999 0.00329185 0.99417 0.00253768 -999
 2 1 52 3 0 8926 -999 0.0110956 0.981806 0.00709814 -999
obs_dietprop
 1 6 1 2 100 -999 0.22365 -999 -999 -999 -999 -999 -999 -999 -999 0.77635
 1 17 1 3 100 -999 -999 -999 -999 -999 0.263522 -999 -999 -999 -999 0.736478
 1 19 1 2 100 -999 -999 -999 -999 -999 0.0114868 -999 -999 -999 -999 0.988513
 1 20 1 2 100 -999 -999 -999 -999 -999 0.000348216 -999 -999 -999 -999 0.999652
 1 21 1 3 100 -999 -999 -999 -999 -999 0.191449 -999 -999 -999 -999 0.808551
 1 22 1 2 100 0.0227678 -999 -999 -999 -999 -999 -999 -999 -999 -999 0.977232
 1 22 1 2 100 -999 -999 -999 -999 -999 0.00910713 -999 -999 -999 -999 0.990893
 1 22 1 3 100 0.597709 -999 -999 -999 -999 -999 -999 -999 -999 -999 0.402291
 1 23 1 2 100 -999 -999 -999 -999 -999 0.0241802 -999 -999 -999 -999 0.97582
 1 23 1 3 100 -999 0.289058 -999 -999 -999 -999 -999 -999 -999 -999 0.710942
 1 23 1 3 100 -999 -999 -999 -999 -999 0.295903 -999 -999 -999 -999 0.704097
 1 23 1 4 100 -999 0.966709 -999 -999 -999 -999 -999 -999 -999 -999 0.033291
 1 23 1 4 100 -999 -999 -999 -999 -999 0.00453145 -999 -999 -999 -999 0.995469
 1 24 1 1 100 -999 -999 -999 -999 -999 0.648585 -999 -999 -999 -999 0.351415
 1 24 1 2 100 -999 -999 -999 -999 -999 0.0445034 -999 -999 -999 -999 0.955497
 1 24 1 3 100 -999 -999 -999 -999 -999 0.0365675 -999 -999 -999 -999 0.963433
 1 25 1 2 100 -999 0.0517602 -999 -999 -999 -999 -999 -999 -999 -999 0.94824
 1 25 1 2 100 -999 -999 -999 -999 -999 0.012297 -999 -999 -999 -999 0.987703
 1 26 1 2 100 -999 -999 -999 -999 -999 0.545957 -999 -999 -999 -999 0.454043
 1 26 1 3 100 -999 -999 -999 -999 -999 0.7484 -999 -999 -999 -999 0.2516
 1 28 1 1 100 0.460658 -999 -999 -999 -999 -999 -999 -999 -999 -999 0.539342
 1 28 1 2 100 -999 0.15638 -999 -999 -999 -999 -999 -999 -999 -999 0.84362
 1 28 1 2 100 0.0258479 -999 -999 -999 -999 -999 -999 -999 -999 -999 0.974152
 1 28 1 2 100 -999 -999 -999 -999 -999 0.0604841 -999 -999 -999 -999 0.939516
 1 28 1 3 100 -999 0.0228061 -999 -999 -999 -999 -999 -999 -999 -999 0.977194
 1 29 1 2 100 -999 0.149864 -999 -999 -999 -999 -999 -999 -999 -999 0.850136
 1 29 1 3 100 -999 0.18893 -999 -999 -999 -999 -999 -999 -999 -999 0.81107
 1 29 1 3 100 -999 -999 -999 -999 -999 0.0823158 -999 -999 -999 -999 0.917684
 1 30 1 3 100 -999 0.103516 -999 -999 -999 -999 -999 -999 -999 -999 0.896484
 1 31 1 2 100 -999 0.0526252 -999 -999 -999 -999 -999 -999 -999 -999 0.947375
 1 31 1 3 100 -999 0.236329 -999 -999 -999 -999 -999 -999 -999 -999 0.763671
 1 31 1 3 100 -999 -999 -999 -999 -999 0.0891527 -999 -999 -999 -999 0.910847
 1 31 1 3 100 -999 -999 0.000742939 -999 -999 -999 -999 -999 -999 -999 0.999257
 1 32 1 2 100 -999 -999 -999 -999 -999 0.324127 -999 -999 -999 -999 0.675873
 1 34 1 2 100 -999 0.326426 -999 -999 -999 -999 -999 -999 -999 -999 0.673574
 1 34 1 2 100 -999 -999 -999 -999 -999 0.169742 -999 -999 -999 -999 0.830258
 1 35 1 3 100 -999 0.334719 -999 -999 -999 -999 -999 -999 -999 -999 0.665281
 1 35 1 3 100 -999 -999 -999 -999 -999 0.0109544 -999 -999 -999 -999 0.989046
 1 35 1 4 100 -999 -999 -999 -999 -999 0.738903 -999 -999 -999 -999 0.261097
 1 36 1 2 100 -999 -999 0.639394 -999 -999 -999 -999 -999 -999 -999 0.360606
 1 36 1 3 100 -999 0.353265 -999 -999 -999 -999 -999 -999 -999 -999 0.646735
 1 36 1 3 100 -999 -999 0.102297 -999 -999 -999 -999 -999 -999 -999 0.897703
 1 37 1 2 100 -999 -999 -999 -999 -999 0.00826384 -999 -999 -999 -999 0.991736
 1 37 1 3 100 -999 0.290718 -999 -999 -999 -999 -999 -999 -999 -999 0.709282
 1 37 1 3 100 -999 -999 -999 -999 0.154891 -999 -999 -999 -999 -999 0.845109
 1 37 1 3 100 -999 -999 0.162993 -999 -999 -999 -999 -999 -999 -999 0.837007
 1 38 1 3 100 -999 0.751263 -999 -999 -999 -999 -999 -999 -999 -999 0.248737
 1 40 1 2 100 -999 -999 -999 -999 -999 0.245776 -999 -999 -999 -999 0.754224
 1 41 1 2 100 -999 -999 -999 -999 -999 0.00900772 -999 -999 -999 -999 0.990992
 1 42 1 2 100 -999 -999 -999 -999 -999 0.000364548 -999 -999 -999 -999 0.999635
 1 42 1 3 100 -999 -999 -999 -999 -999 0.00464037 -999 -999 -999 -999 0.99536
 1 43 1 2 100 -999 0.197168 -999 -999 -999 -999 -999 -999 -999 -999 0.802832
 1 43 1 2 100 -999 -999 -999 -999 0.0591504 -999 -999 -999 -999 -999 0.94085
 1 43 1 3 100 -999 -999 -999 -999 -999 0.297806 -999 -999 -999 -999 0.702194
 1 44 1 3 100 -999 0.325427 -999 -999 -999 -999 -999 -999 -999 -999 0.674573
 1 45 1 2 100 -999 -999 -999 -999 -999 0.833333 -999 -999 -999 -999 0.166667
 1 45 1 3 100 -999 0.378947 -999 -999 -999 -999 -999 -999 -999 -999 0.621053
 1 46 1 3 100 -999 -999 -999 -999 0.403966 -999 -999 -999 -999 -999 0.596034
 1 48 1 3 100 -999 0.0981067 -999 -999 -999 -999 -999 -999 -999 -999 0.901893
 1 48 1 3 100 -999 -999 -999 -999 0.341972 -999 -999 -999 -999 -999 0.658028
 1 49 1 3 100 -999 0.395749 -999 -999 -999 -999 -999 -999 -999 -999 0.604251
 1 49 1 3 100 -999 -999 -999 -999 0.158299 -999 -999 -999 -999 -999 0.841701
 1 50 1 2 100 -999 0.169252 -999 -999 -999 -999 -999 -999 -999 -999 0.830748
 1 51 1 2 100 -999 -999 -999 -999 0.195428 -999 -999 -999 -999 -999 0.804572
 1 51 1 2 100 -999 -999 0.508113 -999 -999 -999 -999 -999 -999 -999 0.491887
 1 51 1 3 100 -999 -999 -999 -999 0.40153 -999 -999 -999 -999 -999 0.59847
 1 51 1 3 100 -999 -999 -999 -999 -999 0.00172084 -999 -999 -999 -999 0.998279
 2 6 1 3 100 -999 0.683945 -999 -999 -999 -999 -999 -999 -999 -999 0.316055
 2 7 1 2 100 -999 -999 0.063272 -999 -999 -999 -999 -999 -999 -999 0.936728
 2 7 1 3 100 -999 -999 -999 -999 -999 0.0124805 -999 -999 -999 -999 0.98752
 2 7 1 3 100 -999 -999 0.58209 -999 -999 -999 -999 -999 -999 -999 0.41791
 2 7 1 4 100 -999 -999 0.199532 -999 -999 -999 -999 -999 -999 -999 0.800468
 2 12 1 4 100 1 -999 -999 -999 -999 -999 -999 -999 -999 -999 0
 2 18 1 2 100 -999 -999 -999 -999 -999 -999 -999 -999 -999 0.00232138 0.997679
 2 19 1 3 100 -999 -999 -999 -999 -999 0.0273204 -999 -999 -999 -999 0.97268
 2 19 1 4 100 -999 -999 -999 -999 0.701398 -999 -999 -999 -999 -999 0.298602
 2 19 1 5 100 -999 -999 -999 -999 0.823529 -999 -999 -999 -999 -999 0.176471
 2 20 1 2 100 -999 -999 -999 -999 -999 0.00952014 -999 -999 -999 -999 0.99048
 2 20 1 3 100 -999 -999 -999 -999 -999 0.00482316 -999 -999 -999 -999 0.995177
 2 21 1 3 100 -999 0.0747349 -999 -999 -999 -999 -999 -999 -999 -999 0.925265
 2 22 1 2 100 -999 -999 -999 -999 -999 0.0244152 -999 -999 -999 -999 0.975585
 2 23 1 3 100 -999 -999 -999 -999 -999 -999 -999 -999 -999 0.00336987 0.99663
 2 24 1 3 100 -999 0.0364141 -999 -999 -999 -999 -999 -999 -999 -999 0.963586
 2 24 1 3 100 -999 -999 -999 -999 -999 0.0167681 -999 -999 -999 -999 0.983232
 2 24 1 4 100 -999 -999 -999 -999 -999 -999 0.0195848 -999 -999 -999 0.980415
 2 25 1 3 100 -999 0.124341 -999 -999 -999 -999 -999 -999 -999 -999 0.875659
 2 25 1 4 100 -999 -999 -999 -999 -999 0.0873786 -999 -999 -999 -999 0.912621
 2 25 1 4 100 -999 -999 -999 -999 -999 -999 -999 -999 -999 0.0873786 0.912621
 2 26 1 2 100 -999 -999 -999 -999 -999 0.0912563 -999 -999 -999 -999 0.908744
 2 26 1 3 100 -999 0.582672 -999 -999 -999 -999 -999 -999 -999 -999 0.417328
 2 26 1 4 100 -999 -999 -999 -999 -999 0.0310438 -999 -999 -999 -999 0.968956
 2 29 1 3 100 -999 0.142577 -999 -999 -999 -999 -999 -999 -999 -999 0.857423
 2 29 1 3 100 -999 -999 -999 -999 0.027786 -999 -999 -999 -999 -999 0.972214
 2 29 1 3 100 -999 -999 0.0125037 -999 -999 -999 -999 -999 -999 -999 0.987496
 2 29 1 4 100 -999 0.40927 -999 -999 -999 -999 -999 -999 -999 -999 0.59073
 2 29 1 4 100 -999 -999 -999 -999 0.11236 -999 -999 -999 -999 -999 0.88764
 2 29 1 4 100 -999 -999 -999 -999 -999 0.0898876 -999 -999 -999 -999 0.910112
 2 30 1 3 100 -999 -999 -999 -999 -999 0.0945086 -999 -999 -999 -999 0.905491
 2 31 1 2 100 -999 0.0748184 -999 -999 -999 -999 -999 -999 -999 -999 0.925182
 2 31 1 2 100 -999 -999 -999 -999 -999 0.0364314 -999 -999 -999 -999 0.963569
 2 31 1 3 100 -999 0.200993 -999 -999 -999 -999 -999 -999 -999 -999 0.799007
 2 31 1 3 100 -999 -999 -999 -999 -999 0.127404 -999 -999 -999 -999 0.872596
 2 31 1 3 100 -999 -999 0.0904185 -999 -999 -999 -999 -999 -999 -999 0.909582
 2 31 1 4 100 -999 -999 -999 -999 -999 0.0252987 -999 -999 -999 -999 0.974701
 2 31 1 4 100 -999 -999 0.156008 -999 -999 -999 -999 -999 -999 -999 0.843992
 2 32 1 2 100 -999 -999 -999 -999 -999 0.0755524 -999 -999 -999 -999 0.924448
 2 32 1 3 100 -999 0.283786 -999 -999 -999 -999 -999 -999 -999 -999 0.716214
 2 33 1 3 100 -999 0.193395 -999 -999 -999 -999 -999 -999 -999 -999 0.806605
 2 33 1 3 100 -999 -999 -999 -999 -999 0.00108504 -999 -999 -999 -999 0.998915
 2 33 1 3 100 -999 -999 0.0601109 -999 -999 -999 -999 -999 -999 -999 0.939889
 2 34 1 2 100 -999 -999 0.164952 -999 -999 -999 -999 -999 -999 -999 0.835048
 2 34 1 3 100 -999 0.16075 -999 -999 -999 -999 -999 -999 -999 -999 0.83925
 2 34 1 3 100 -999 -999 -999 -999 -999 0.124624 -999 -999 -999 -999 0.875376
 2 34 1 4 100 -999 0.941176 -999 -999 -999 -999 -999 -999 -999 -999 0.0588235
 2 35 1 2 100 -999 0.0316898 -999 -999 -999 -999 -999 -999 -999 -999 0.96831
 2 35 1 3 100 -999 0.0992743 -999 -999 -999 -999 -999 -999 -999 -999 0.900726
 2 36 1 3 100 -999 0.135483 -999 -999 -999 -999 -999 -999 -999 -999 0.864517
 2 36 1 3 100 -999 -999 -999 -999 -999 0.129325 -999 -999 -999 -999 0.870675
 2 37 1 2 100 -999 -999 -999 -999 0.360217 -999 -999 -999 -999 -999 0.639783
 2 37 1 3 100 -999 0.0428901 -999 -999 -999 -999 -999 -999 -999 -999 0.95711
 2 37 1 3 100 0.011101 -999 -999 -999 -999 -999 -999 -999 -999 -999 0.988899
 2 37 1 3 100 -999 -999 -999 -999 0.308809 -999 -999 -999 -999 -999 0.691191
 2 37 1 4 100 -999 0.123077 -999 -999 -999 -999 -999 -999 -999 -999 0.876923
 2 38 1 3 100 -999 -999 -999 -999 0.651362 -999 -999 -999 -999 -999 0.348638
 2 39 1 3 100 -999 0.125483 -999 -999 -999 -999 -999 -999 -999 -999 0.874517
 2 39 1 3 100 -999 -999 -999 -999 0.136508 -999 -999 -999 -999 -999 0.863492
 2 40 1 3 100 -999 -999 -999 -999 0.0257134 -999 -999 -999 -999 -999 0.974287
 2 42 1 3 100 -999 -999 -999 -999 -999 -999 -999 -999 -999 0.20507 0.79493
 2 43 1 3 100 -999 0.0470876 -999 -999 -999 -999 -999 -999 -999 -999 0.952912
 2 43 1 3 100 -999 -999 -999 -999 -999 0.175569 -999 -999 -999 -999 0.824431
 2 44 1 2 100 -999 -999 -999 -999 -999 0.313413 -999 -999 -999 -999 0.686587
 2 44 1 3 100 -999 -999 -999 -999 -999 0.0420748 -999 -999 -999 -999 0.957925
 2 45 1 1 100 -999 0.8 -999 -999 -999 -999 -999 -999 -999 -999 0.2
 2 45 1 2 100 -999 0.249076 -999 -999 -999 -999 -999 -999 -999 -999 0.750924
 2 45 1 3 100 -999 0.055752 -999 -999 -999 -999 -999 -999 -999 -999 0.944248
 2 45 1 3 100 -999 -999 -999 -999 0.372423 -999 -999 -999 -999 -999 0.627577
 2 45 1 3 100 -999 -999 0.100354 -999 -999 -999 -999 -999 -999 -999 0.899646
 2 46 1 3 100 -999 0.449496 -999 -999 -999 -999 -999 -999 -999 -999 0.550504
 2 47 1 2 100 -999 -999 -999 -999 0.111514 -999 -999 -999 -999 -999 0.888486
 2 48 1 2 100 -999 -999 -999 -999 -999 0.182373 -999 -999 -999 -999 0.817627
 2 48 1 3 100 -999 -999 -999 -999 -999 0.501924 -999 -999 -999 -999 0.498076
 2 49 1 3 100 -999 -999 0.216932 -999 -999 -999 -999 -999 -999 -999 0.783068
 2 50 1 2 100 -999 -999 -999 -999 -999 0.00936529 -999 -999 -999 -999 0.990635
 2 50 1 2 100 -999 -999 0.0998965 -999 -999 -999 -999 -999 -999 -999 0.900104
 2 50 1 3 100 -999 -999 -999 -999 0.319831 -999 -999 -999 -999 -999 0.680169
 2 50 1 3 100 -999 -999 -999 -999 -999 0.165838 -999 -999 -999 -999 0.834162
 2 51 1 2 100 -999 -999 -999 -999 -999 0.445344 -999 -999 -999 -999 0.554656
 2 51 1 3 100 -999 -999 -999 -999 -999 0.110764 -999 -999 -999 -999 0.889236
 2 52 1 2 100 -999 -999 -999 -999 -999 0.0667986 -999 -999 -999 -999 0.933201
 4 26 1 2 100 -999 -999 -999 -999 -999 0.421687 -999 -999 -999 -999 0.578313
 4 28 1 2 100 -999 -999 -999 -999 -999 0.434172 -999 -999 -999 -999 0.565828
 4 28 1 3 100 -999 0.105985 -999 -999 -999 -999 -999 -999 -999 -999 0.894015
 4 28 1 3 100 -999 -999 -999 -999 -999 0.342857 -999 -999 -999 -999 0.657143
 4 28 1 4 100 -999 0.47154 -999 -999 -999 -999 -999 -999 -999 -999 0.52846
 4 28 1 4 100 -999 -999 -999 -999 -999 0.227763 -999 -999 -999 -999 0.772237
 4 30 1 3 100 -999 -999 -999 -999 -999 0.0136718 -999 -999 -999 -999 0.986328
 4 31 1 2 100 -999 0.114462 -999 -999 -999 -999 -999 -999 -999 -999 0.885538
 4 31 1 3 100 -999 0.187092 -999 -999 -999 -999 -999 -999 -999 -999 0.812908
 4 31 1 3 100 -999 -999 -999 -999 -999 0.0257527 -999 -999 -999 -999 0.974247
 4 32 1 2 100 -999 -999 -999 -999 -999 0.112865 -999 -999 -999 -999 0.887135
 4 32 1 2 100 -999 -999 -999 -999 -999 -999 -999 -999 -999 0.0027663 0.997234
 4 32 1 3 100 -999 0.231992 -999 -999 -999 -999 -999 -999 -999 -999 0.768008
 4 34 1 3 100 -999 0.392986 -999 -999 -999 -999 -999 -999 -999 -999 0.607014
 4 34 1 3 100 0.0705566 -999 -999 -999 -999 -999 -999 -999 -999 -999 0.929443
 4 34 1 3 100 -999 -999 -999 -999 -999 0.0955454 -999 -999 -999 -999 0.904455
 4 34 1 4 100 -999 0.9 -999 -999 -999 -999 -999 -999 -999 -999 0.1
 4 37 1 2 100 -999 0.45977 -999 -999 -999 -999 -999 -999 -999 -999 0.54023
 4 37 1 3 100 -999 1 -999 -999 -999 -999 -999 -999 -999 -999 0
 1 28 2 3 100 -999 -999 -999 -999 -999 0.215695 -999 -999 -999 -999 0.784305
 1 30 2 3 100 -999 -999 -999 -999 -999 0.133905 -999 -999 -999 -999 0.866095
 1 36 2 3 100 -999 -999 -999 -999 -999 0.341693 -999 -999 -999 -999 0.658307
 2 46 2 3 100 -999 0.0600201 -999 -999 -999 -999 -999 -999 -999 -999 0.93998
 1 21 3 3 100 -999 -999 -999 -999 -999 0.993377 -999 -999 -999 -999 0.00662252
 1 23 3 3 100 -999 -999 -999 -999 -999 1 -999 -999 -999 -999 0
 1 30 3 3 100 -999 -999 -999 -999 -999 0.163873 -999 -999 -999 -999 0.836127
 1 33 3 3 100 -999 -999 -999 -999 -999 0.693751 -999 -999 -999 -999 0.306249
 1 36 3 2 100 -999 -999 -999 -999 -999 0.0473328 -999 -999 -999 -999 0.952667
 2 40 3 2 100 -999 0.25 -999 -999 -999 -999 -999 -999 -999 -999 0.75
 2 40 3 4 100 -999 1 -999 -999 -999 -999 -999 -999 -999 -999 0
 1 13 4 1 100 -999 -999 -999 -999 -999 -999 -999 -999 -999 0.568345 0.431655
 1 13 4 4 100 -999 -999 -999 -999 0.414033 -999 -999 -999 -999 -999 0.585967
 1 15 4 5 100 1 -999 -999 -999 -999 -999 -999 -999 -999 -999 0
 1 21 4 4 100 -999 0.666667 -999 -999 -999 -999 -999 -999 -999 -999 0.333333
 1 21 4 4 100 -999 -999 -999 -999 -999 0.244444 -999 -999 -999 -999 0.755556
 1 28 4 2 100 -999 1 -999 -999 -999 -999 -999 -999 -999 -999 0
 1 29 4 3 100 -999 -999 0.949937 -999 -999 -999 -999 -999 -999 -999 0.0500629
 1 30 4 3 100 0.803213 -999 -999 -999 -999 -999 -999 -999 -999 -999 0.196787
 1 31 4 4 100 -999 -999 0.576923 -999 -999 -999 -999 -999 -999 -999 0.423077
 1 33 4 1 100 -999 -999 1 -999 -999 -999 -999 -999 -999 -999 0
 1 33 4 2 100 -999 -999 0.405357 -999 -999 -999 -999 -999 -999 -999 0.594643
 1 33 4 3 100 -999 -999 0.163199 -999 -999 -999 -999 -999 -999 -999 0.836801
 1 34 4 3 100 -999 -999 -999 -999 -999 0.327273 -999 -999 -999 -999 0.672727
 1 34 4 3 100 -999 -999 0.545455 -999 -999 -999 -999 -999 -999 -999 0.454545
 1 35 4 2 100 -999 -999 -999 -999 -999 0.616471 -999 -999 -999 -999 0.383529
 1 35 4 3 100 -999 0.131796 -999 -999 -999 -999 -999 -999 -999 -999 0.868204
 1 35 4 3 100 -999 -999 -999 -999 -999 0.200988 -999 -999 -999 -999 0.799012
 1 35 4 4 100 -999 0.7 -999 -999 -999 -999 -999 -999 -999 -999 0.3
 1 36 4 3 100 -999 -999 -999 -999 0.0340651 -999 -999 -999 -999 -999 0.965935
 1 36 4 3 100 -999 -999 -999 -999 -999 0.719152 -999 -999 -999 -999 0.280848
 1 37 4 2 100 -999 -999 -999 -999 0.6 -999 -999 -999 -999 -999 0.4
 1 37 4 4 100 -999 0.0533333 -999 -999 -999 -999 -999 -999 -999 -999 0.946667
 1 37 4 4 100 0.48 -999 -999 -999 -999 -999 -999 -999 -999 -999 0.52
 1 37 4 4 100 -999 -999 -999 -999 -999 0.0933333 -999 -999 -999 -999 0.906667
 1 38 4 3 100 -999 -999 -999 -999 -999 0.73693 -999 -999 -999 -999 0.26307
 1 40 4 3 100 -999 0.715693 -999 -999 -999 -999 -999 -999 -999 -999 0.284307
 1 40 4 3 100 -999 -999 -999 -999 -999 0.214708 -999 -999 -999 -999 0.785292
 1 42 4 2 100 -999 -999 -999 -999 -999 0.166667 -999 -999 -999 -999 0.833333
 1 42 4 3 100 -999 0.0604839 -999 -999 -999 -999 -999 -999 -999 -999 0.939516
 1 42 4 3 100 -999 -999 -999 -999 -999 0.129032 -999 -999 -999 -999 0.870968
 1 42 4 4 100 -999 -999 -999 -999 -999 -999 1 -999 -999 -999 0
 1 43 4 2 100 -999 0.0795007 -999 -999 -999 -999 -999 -999 -999 -999 0.920499
 1 43 4 3 100 -999 -999 -999 -999 0.0599813 -999 -999 -999 -999 -999 0.940019
 1 44 4 1 100 -999 -999 -999 -999 -999 0.484194 -999 -999 -999 -999 0.515806
 1 44 4 2 100 -999 -999 -999 -999 0.649351 -999 -999 -999 -999 -999 0.350649
 1 44 4 2 100 -999 -999 -999 -999 -999 0.34632 -999 -999 -999 -999 0.65368
 1 44 4 3 100 -999 -999 -999 -999 -999 0.0608167 -999 -999 -999 -999 0.939183
 1 44 4 3 100 -999 -999 -999 -999 -999 -999 -999 -999 -999 0.123234 0.876766
 1 45 4 2 100 -999 -999 -999 -999 -999 0.8 -999 -999 -999 -999 0.2
 1 45 4 3 100 -999 -999 -999 -999 -999 -999 0.157272 -999 -999 -999 0.842728
 1 45 4 3 100 -999 -999 -999 -999 -999 0.247966 -999 -999 -999 -999 0.752034
 1 46 4 1 100 -999 -999 -999 0.51259 -999 -999 -999 -999 -999 -999 0.48741
 1 46 4 1 100 -999 -999 -999 -999 -999 0.419065 -999 -999 -999 -999 0.580935
 1 46 4 3 100 -999 -999 -999 -999 0.310034 -999 -999 -999 -999 -999 0.689966
 1 46 4 3 100 -999 -999 -999 -999 -999 0.0777903 -999 -999 -999 -999 0.92221
 1 47 4 2 100 -999 -999 -999 -999 0.436183 -999 -999 -999 -999 -999 0.563817
 1 47 4 2 100 -999 -999 -999 -999 -999 0.272615 -999 -999 -999 -999 0.727385
 1 47 4 3 100 -999 -999 -999 -999 0.877573 -999 -999 -999 -999 -999 0.122427
 1 47 4 4 100 -999 -999 -999 -999 1 -999 -999 -999 -999 -999 0
 1 48 4 2 100 -999 -999 -999 -999 -999 0.789715 -999 -999 -999 -999 0.210285
 1 48 4 3 100 -999 -999 -999 -999 0.713376 -999 -999 -999 -999 -999 0.286624
 1 49 4 2 100 -999 -999 -999 -999 0.542287 -999 -999 -999 -999 -999 0.457713
 1 49 4 2 100 -999 -999 -999 -999 -999 0.0278096 -999 -999 -999 -999 0.97219
 1 49 4 3 100 -999 0.0971568 -999 -999 -999 -999 -999 -999 -999 -999 0.902843
 1 49 4 3 100 -999 -999 -999 0.172723 -999 -999 -999 -999 -999 -999 0.827277
 1 49 4 3 100 -999 -999 -999 -999 0.154371 -999 -999 -999 -999 -999 0.845629
 1 49 4 3 100 -999 -999 -999 -999 -999 0.0390001 -999 -999 -999 -999 0.961
 1 49 4 3 100 -999 -999 0.323856 -999 -999 -999 -999 -999 -999 -999 0.676144
 1 50 4 1 100 -999 -999 -999 -999 -999 0.793269 -999 -999 -999 -999 0.206731
 1 50 4 2 100 -999 -999 -999 -999 -999 0.642857 -999 -999 -999 -999 0.357143
 1 50 4 3 100 -999 -999 -999 -999 0.196338 -999 -999 -999 -999 -999 0.803662
 1 51 4 2 100 -999 -999 -999 -999 -999 0.3125 -999 -999 -999 -999 0.6875
 1 51 4 3 100 -999 -999 -999 -999 0.101954 -999 -999 -999 -999 -999 0.898046
 1 51 4 3 100 -999 -999 -999 -999 -999 0.11215 -999 -999 -999 -999 0.88785
 1 52 4 2 100 -999 -999 -999 -999 -999 0.412541 -999 -999 -999 -999 0.587459
 1 52 4 3 100 -999 -999 -999 -999 0.0500877 -999 -999 -999 -999 -999 0.949912
 1 52 4 3 100 -999 -999 -999 -999 -999 0.368144 -999 -999 -999 -999 0.631856
 2 15 4 3 100 -999 -999 -999 -999 -999 1 -999 -999 -999 -999 0
 2 17 4 3 100 0.95 -999 -999 -999 -999 -999 -999 -999 -999 -999 0.05
 2 19 4 3 100 -999 -999 -999 -999 -999 0.5 -999 -999 -999 -999 0.5
 2 21 4 3 100 -999 -999 -999 -999 -999 -999 1 -999 -999 -999 0
 2 27 4 3 100 -999 -999 -999 -999 -999 1 -999 -999 -999 -999 0
 2 29 4 3 100 -999 -999 -999 -999 -999 1 -999 -999 -999 -999 0
 2 30 4 4 100 -999 0.5 -999 -999 -999 -999 -999 -999 -999 -999 0.5
 2 32 4 3 100 -999 -999 -999 -999 -999 -999 -999 -999 -999 1 0
 2 32 4 4 100 -999 -999 -999 -999 -999 0.539993 -999 -999 -999 -999 0.460007
 2 38 4 3 100 -999 -999 -999 -999 1 -999 -999 -999 -999 -999 0
 2 39 4 3 100 -999 -999 -999 -999 -999 1 -999 -999 -999 -999 0
 2 42 4 2 100 -999 -999 -999 -999 -999 0.334884 -999 -999 -999 -999 0.665116
 2 43 4 4 100 -999 -999 -999 -999 1 -999 -999 -999 -999 -999 0
 2 44 4 2 100 -999 0.168196 -999 -999 -999 -999 -999 -999 -999 -999 0.831804
 2 44 4 4 100 -999 -999 -999 -999 -999 1 -999 -999 -999 -999 0
 2 45 4 2 100 -999 0.384615 -999 -999 -999 -999 -999 -999 -999 -999 0.615385
 2 45 4 2 100 -999 -999 -999 -999 -999 0.192308 -999 -999 -999 -999 0.807692
 2 45 4 3 100 -999 -999 -999 -999 -999 1 -999 -999 -999 -999 0
 2 46 4 3 100 -999 0.4375 -999 -999 -999 -999 -999 -999 -999 -999 0.5625
 2 46 4 3 100 -999 -999 -999 -999 -999 0.136364 -999 -999 -999 -999 0.863636
 2 47 4 2 100 -999 -999 -999 -999 -999 1 -999 -999 -999 -999 0
 2 49 4 2 100 -999 -999 -999 -999 0.109749 -999 -999 -999 -999 -999 0.890251
 2 49 4 2 100 -999 -999 -999 -999 -999 0.225127 -999 -999 -999 -999 0.774873
 2 49 4 2 100 -999 -999 0.0844227 -999 -999 -999 -999 -999 -999 -999 0.915577
 2 49 4 3 100 -999 -999 -999 -999 0.598991 -999 -999 -999 -999 -999 0.401009
 2 49 4 3 100 -999 -999 -999 -999 -999 0.299496 -999 -999 -999 -999 0.700504
 2 50 4 2 100 -999 -999 -999 -999 0.371747 -999 -999 -999 -999 -999 0.628253
 2 50 4 2 100 -999 -999 -999 -999 -999 0.139405 -999 -999 -999 -999 0.860595
 2 50 4 2 100 -999 -999 0.167286 -999 -999 -999 -999 -999 -999 -999 0.832714
 2 50 4 3 100 -999 -999 -999 -999 0.0378338 -999 -999 -999 -999 -999 0.962166
 2 51 4 3 100 -999 -999 -999 -999 0.111607 -999 -999 -999 -999 -999 0.888393
 2 51 4 3 100 -999 -999 -999 -999 -999 0.00364583 -999 -999 -999 -999 0.996354
 2 52 4 2 100 -999 -999 -999 -999 -999 0.402809 -999 -999 -999 -999 0.597191
 4 26 4 2 100 -999 0.407072 -999 -999 -999 -999 -999 -999 -999 -999 0.592928
 4 26 4 3 100 -999 0.642857 -999 -999 -999 -999 -999 -999 -999 -999 0.357143
 4 27 4 2 100 -999 -999 -999 -999 -999 0.376176 -999 -999 -999 -999 0.623824
 4 28 4 2 100 -999 -999 -999 -999 -999 0.13468 -999 -999 -999 -999 0.86532
 4 28 4 4 100 -999 -999 -999 -999 -999 0.0576923 -999 -999 -999 -999 0.942308
 4 29 4 2 100 -999 0.193673 -999 -999 -999 -999 -999 -999 -999 -999 0.806327
 4 29 4 2 100 -999 -999 -999 -999 -999 0.296966 -999 -999 -999 -999 0.703034
 4 29 4 2 100 -999 -999 0.103292 -999 -999 -999 -999 -999 -999 -999 0.896708
 4 29 4 3 100 -999 -999 -999 -999 -999 0.460919 -999 -999 -999 -999 0.539081
 4 29 4 5 100 -999 -999 -999 0.6 -999 -999 -999 -999 -999 -999 0.4
 4 30 4 2 100 -999 -999 -999 -999 -999 0.440882 -999 -999 -999 -999 0.559118
 4 30 4 3 100 -999 -999 -999 -999 -999 -999 0.0352609 -999 -999 -999 0.964739
 4 30 4 3 100 -999 -999 -999 -999 -999 0.846262 -999 -999 -999 -999 0.153738
 4 30 4 4 100 -999 -999 -999 -999 -999 1 -999 -999 -999 -999 0
 4 32 4 2 100 -999 -999 -999 -999 -999 0.185376 -999 -999 -999 -999 0.814624
 4 32 4 3 100 -999 0.145833 -999 -999 -999 -999 -999 -999 -999 -999 0.854167
 4 32 4 3 100 -999 -999 -999 -999 -999 0.231481 -999 -999 -999 -999 0.768519
 4 34 4 1 100 -999 -999 -999 -999 -999 0.361446 -999 -999 -999 -999 0.638554
 4 37 4 2 100 -999 -999 -999 -999 -999 0.117213 -999 -999 -999 -999 0.882787
 4 37 4 3 100 -999 0.848485 -999 -999 -999 -999 -999 -999 -999 -999 0.151515
 1 22 5 3 100 -999 -999 -999 -999 -999 0.42502 -999 -999 -999 -999 0.57498
 1 32 5 2 100 -999 -999 -999 -999 -999 0.155723 -999 -999 -999 -999 0.844277
 1 37 5 3 100 -999 0.4382 -999 -999 -999 -999 -999 -999 -999 -999 0.5618
 1 42 5 3 100 -999 -999 -999 -999 -999 0.0302431 -999 -999 -999 -999 0.969757
 1 43 5 3 100 -999 0.0773121 -999 -999 -999 -999 -999 -999 -999 -999 0.922688
 1 43 5 3 100 -999 -999 -999 -999 0.187095 -999 -999 -999 -999 -999 0.812905
 1 43 5 3 100 -999 -999 -999 -999 -999 0.299971 -999 -999 -999 -999 0.700029
 1 44 5 2 100 -999 -999 -999 -999 -999 0.0779717 -999 -999 -999 -999 0.922028
 1 44 5 3 100 -999 -999 -999 -999 -999 0.0177086 -999 -999 -999 -999 0.982291
 1 44 5 4 100 -999 0.485392 -999 -999 -999 -999 -999 -999 -999 -999 0.514608
 1 45 5 3 100 -999 -999 -999 -999 -999 0.254343 -999 -999 -999 -999 0.745657
 2 33 5 4 100 -999 -999 0.679024 -999 -999 -999 -999 -999 -999 -999 0.320976
 2 33 5 5 100 -999 -999 0.7 -999 -999 -999 -999 -999 -999 -999 0.3
 2 37 5 3 100 -999 0.12947 -999 -999 -999 -999 -999 -999 -999 -999 0.87053
 2 42 5 3 100 -999 -999 -999 -999 -999 -999 -999 0.0236687 -999 -999 0.976331
 2 43 5 4 100 -999 -999 -999 -999 -999 0.312843 -999 -999 -999 -999 0.687157
 2 44 5 3 100 -999 0.0672834 -999 -999 -999 -999 -999 -999 -999 -999 0.932717
 2 44 5 3 100 -999 -999 -999 -999 0.0457527 -999 -999 -999 -999 -999 0.954247
 2 44 5 3 100 -999 -999 -999 -999 -999 0.148023 -999 -999 -999 -999 0.851977
 2 44 5 4 100 -999 0.278073 -999 -999 -999 -999 -999 -999 -999 -999 0.721927
 2 44 5 4 100 -999 -999 -999 -999 -999 0.0556145 -999 -999 -999 -999 0.944385
 2 45 5 1 100 -999 0.581053 -999 -999 -999 -999 -999 -999 -999 -999 0.418947
 2 45 5 2 100 -999 0.225573 -999 -999 -999 -999 -999 -999 -999 -999 0.774427
 2 45 5 3 100 -999 -999 -999 -999 -999 0.274728 -999 -999 -999 -999 0.725272
 2 46 5 3 100 -999 0.155957 -999 -999 -999 -999 -999 -999 -999 -999 0.844043
 2 52 5 3 100 -999 -999 -999 -999 -999 0.158458 -999 -999 -999 -999 0.841542
 1 7 6 2 100 -999 -999 -999 -999 -999 0.263966 -999 -999 -999 -999 0.736034
 1 9 6 3 100 -999 -999 -999 -999 -999 0.968323 -999 -999 -999 -999 0.0316765
 1 18 6 2 100 -999 -999 -999 -999 -999 0.14132 -999 -999 -999 -999 0.85868
 1 18 6 3 100 -999 -999 -999 -999 -999 0.146371 -999 -999 -999 -999 0.853629
 1 19 6 3 100 -999 -999 -999 -999 -999 0.683654 -999 -999 -999 -999 0.316346
 1 20 6 3 100 -999 0.519526 -999 -999 -999 -999 -999 -999 -999 -999 0.480474
 1 21 6 2 100 -999 0.124274 -999 -999 -999 -999 -999 -999 -999 -999 0.875726
 1 21 6 2 100 -999 -999 -999 -999 -999 0.121167 -999 -999 -999 -999 0.878833
 1 21 6 3 100 -999 0.110619 -999 -999 -999 -999 -999 -999 -999 -999 0.889381
 1 22 6 2 100 -999 0.0888117 -999 -999 -999 -999 -999 -999 -999 -999 0.911188
 1 22 6 2 100 -999 -999 -999 -999 -999 0.109747 -999 -999 -999 -999 0.890253
 1 23 6 2 100 -999 0.371674 -999 -999 -999 -999 -999 -999 -999 -999 0.628326
 1 23 6 2 100 -999 -999 -999 -999 -999 0.136709 -999 -999 -999 -999 0.863291
 1 23 6 3 100 -999 0.645584 -999 -999 -999 -999 -999 -999 -999 -999 0.354416
 1 24 6 1 100 -999 -999 -999 -999 -999 0.250052 -999 -999 -999 -999 0.749948
 1 24 6 2 100 -999 -999 -999 -999 -999 0.207218 -999 -999 -999 -999 0.792782
 1 24 6 3 100 -999 0.816327 -999 -999 -999 -999 -999 -999 -999 -999 0.183673
 1 25 6 2 100 -999 0.207567 -999 -999 -999 -999 -999 -999 -999 -999 0.792433
 1 25 6 2 100 -999 -999 -999 -999 -999 0.248773 -999 -999 -999 -999 0.751227
 1 25 6 3 100 -999 -999 -999 -999 -999 0.524266 -999 -999 -999 -999 0.475734
 1 26 6 2 100 -999 -999 -999 -999 -999 0.0505521 -999 -999 -999 -999 0.949448
 1 27 6 2 100 -999 0.187688 -999 -999 -999 -999 -999 -999 -999 -999 0.812312
 1 27 6 2 100 -999 -999 -999 -999 -999 0.0742647 -999 -999 -999 -999 0.925735
 1 27 6 3 100 -999 0.101305 -999 -999 -999 -999 -999 -999 -999 -999 0.898695
 1 27 6 3 100 -999 -999 -999 -999 -999 0.184375 -999 -999 -999 -999 0.815625
 1 27 6 3 100 -999 -999 0.308169 -999 -999 -999 -999 -999 -999 -999 0.691831
 1 28 6 2 100 -999 -999 -999 -999 -999 0.0146443 -999 -999 -999 -999 0.985356
 1 29 6 2 100 -999 -999 -999 -999 -999 0.15924 -999 -999 -999 -999 0.84076
 1 29 6 3 100 -999 0.907792 -999 -999 -999 -999 -999 -999 -999 -999 0.0922081
 1 30 6 1 100 -999 -999 -999 -999 -999 0.467422 -999 -999 -999 -999 0.532578
 1 30 6 2 100 -999 -999 -999 -999 -999 0.264988 -999 -999 -999 -999 0.735012
 1 30 6 3 100 -999 0.661959 -999 -999 -999 -999 -999 -999 -999 -999 0.338041
 1 30 6 3 100 -999 -999 -999 -999 -999 0.00992939 -999 -999 -999 -999 0.990071
 1 31 6 2 100 -999 0.122726 -999 -999 -999 -999 -999 -999 -999 -999 0.877274
 1 31 6 2 100 -999 -999 -999 -999 -999 0.0109338 -999 -999 -999 -999 0.989066
 1 31 6 3 100 -999 0.307175 -999 -999 -999 -999 -999 -999 -999 -999 0.692825
 1 31 6 3 100 -999 -999 -999 -999 -999 0.00511958 -999 -999 -999 -999 0.99488
 1 31 6 3 100 -999 -999 0.0450523 -999 -999 -999 -999 -999 -999 -999 0.954948
 1 32 6 2 100 -999 -999 -999 -999 -999 0.0206581 -999 -999 -999 -999 0.979342
 1 32 6 3 100 -999 0.297872 -999 -999 -999 -999 -999 -999 -999 -999 0.702128
 1 32 6 3 100 -999 -999 0.170213 -999 -999 -999 -999 -999 -999 -999 0.829787
 1 33 6 2 100 -999 -999 -999 -999 -999 0.0075869 -999 -999 -999 -999 0.992413
 1 33 6 2 100 -999 -999 0.252897 -999 -999 -999 -999 -999 -999 -999 0.747103
 1 33 6 3 100 -999 0.107357 -999 -999 -999 -999 -999 -999 -999 -999 0.892643
 1 33 6 3 100 -999 -999 -999 -999 -999 0.110936 -999 -999 -999 -999 0.889064
 1 33 6 3 100 -999 -999 0.405573 -999 -999 -999 -999 -999 -999 -999 0.594427
 1 34 6 2 100 -999 -999 -999 -999 -999 0.0190075 -999 -999 -999 -999 0.980992
 1 34 6 3 100 -999 0.773239 -999 -999 -999 -999 -999 -999 -999 -999 0.226761
 1 34 6 3 100 -999 -999 0.144163 -999 -999 -999 -999 -999 -999 -999 0.855837
 1 35 6 2 100 -999 0.39379 -999 -999 -999 -999 -999 -999 -999 -999 0.60621
 1 35 6 3 100 -999 0.795918 -999 -999 -999 -999 -999 -999 -999 -999 0.204082
 1 35 6 3 100 -999 -999 -999 -999 -999 0.204082 -999 -999 -999 -999 0.795918
 1 36 6 2 100 -999 -999 -999 -999 -999 0.0674354 -999 -999 -999 -999 0.932565
 1 36 6 2 100 -999 -999 0.215219 -999 -999 -999 -999 -999 -999 -999 0.784781
 1 37 6 2 100 -999 0.174888 -999 -999 -999 -999 -999 -999 -999 -999 0.825112
 1 37 6 2 100 -999 -999 -999 -999 0.299808 -999 -999 -999 -999 -999 0.700192
 1 37 6 2 100 -999 -999 -999 -999 -999 0.349776 -999 -999 -999 -999 0.650224
 1 37 6 3 100 -999 0.675208 -999 -999 -999 -999 -999 -999 -999 -999 0.324792
 1 38 6 3 100 -999 0.487248 -999 -999 -999 -999 -999 -999 -999 -999 0.512752
 1 39 6 2 100 -999 -999 -999 -999 -999 0.11269 -999 -999 -999 -999 0.88731
 1 40 6 3 100 -999 -999 -999 -999 -999 0.426667 -999 -999 -999 -999 0.573333
 1 41 6 2 100 -999 -999 -999 -999 -999 0.000398718 -999 -999 -999 -999 0.999601
 1 42 6 1 100 -999 -999 -999 -999 -999 0.574698 -999 -999 -999 -999 0.425302
 1 42 6 2 100 -999 -999 -999 -999 -999 0.32184 -999 -999 -999 -999 0.67816
 1 42 6 3 100 -999 0.666667 -999 -999 -999 -999 -999 -999 -999 -999 0.333333
 1 42 6 3 100 -999 -999 -999 -999 -999 0.0733945 -999 -999 -999 -999 0.926606
 1 42 6 4 100 -999 1 -999 -999 -999 -999 -999 -999 -999 -999 0
 1 43 6 2 100 -999 -999 -999 -999 0.0415906 -999 -999 -999 -999 -999 0.958409
 1 43 6 3 100 -999 0.206186 -999 -999 -999 -999 -999 -999 -999 -999 0.793814
 1 44 6 2 100 -999 -999 -999 -999 -999 0.470479 -999 -999 -999 -999 0.529521
 1 44 6 3 100 -999 0.536481 -999 -999 -999 -999 -999 -999 -999 -999 0.463519
 1 45 6 1 100 -999 -999 -999 -999 -999 0.704325 -999 -999 -999 -999 0.295675
 1 45 6 2 100 -999 -999 -999 -999 -999 0.117589 -999 -999 -999 -999 0.882411
 1 45 6 3 100 -999 -999 -999 -999 -999 0.623701 -999 -999 -999 -999 0.376299
 1 45 6 3 100 -999 -999 0.31185 -999 -999 -999 -999 -999 -999 -999 0.68815
 1 45 6 4 100 -999 -999 -999 -999 -999 1 -999 -999 -999 -999 0
 1 46 6 1 100 -999 -999 -999 -999 -999 0.0558744 -999 -999 -999 -999 0.944126
 1 46 6 2 100 -999 -999 -999 -999 -999 0.186308 -999 -999 -999 -999 0.813692
 1 46 6 3 100 -999 0.51713 -999 -999 -999 -999 -999 -999 -999 -999 0.48287
 1 46 6 3 100 -999 -999 -999 -999 -999 0.433096 -999 -999 -999 -999 0.566904
 1 47 6 3 100 -999 -999 -999 -999 0.178635 -999 -999 -999 -999 -999 0.821365
 1 47 6 3 100 -999 -999 -999 -999 -999 0.107181 -999 -999 -999 -999 0.892819
 1 49 6 1 100 -999 -999 -999 -999 -999 0.0725504 -999 -999 -999 -999 0.92745
 1 49 6 2 100 -999 -999 -999 -999 -999 0.0441889 -999 -999 -999 -999 0.955811
 1 49 6 3 100 -999 -999 -999 -999 0.0133763 -999 -999 -999 -999 -999 0.986624
 1 50 6 1 100 -999 -999 -999 -999 -999 0.106016 -999 -999 -999 -999 0.893984
 1 50 6 2 100 -999 -999 -999 -999 -999 0.283982 -999 -999 -999 -999 0.716018
 1 51 6 1 100 -999 -999 -999 -999 -999 0.0713335 -999 -999 -999 -999 0.928666
 1 51 6 2 100 -999 -999 -999 -999 -999 0.0377345 -999 -999 -999 -999 0.962266
 1 52 6 1 100 -999 -999 -999 -999 -999 0.37758 -999 -999 -999 -999 0.62242
 1 52 6 2 100 -999 -999 -999 -999 -999 0.120564 -999 -999 -999 -999 0.879436
 1 52 6 3 100 -999 -999 -999 -999 -999 0.747191 -999 -999 -999 -999 0.252809
 2 19 6 2 100 -999 -999 -999 -999 -999 0.298762 -999 -999 -999 -999 0.701238
 2 19 6 3 100 -999 -999 -999 -999 -999 0.659265 -999 -999 -999 -999 0.340735
 2 23 6 3 100 -999 -999 -999 -999 -999 0.625 -999 -999 -999 -999 0.375
 2 24 6 2 100 -999 -999 -999 -999 -999 0.146609 -999 -999 -999 -999 0.853391
 2 26 6 2 100 -999 -999 -999 -999 -999 0.304541 -999 -999 -999 -999 0.695459
 2 28 6 2 100 -999 -999 -999 -999 -999 0.588484 -999 -999 -999 -999 0.411516
 2 31 6 2 100 -999 -999 -999 -999 -999 0.808384 -999 -999 -999 -999 0.191616
 2 32 6 3 100 -999 -999 -999 -999 -999 0.540541 -999 -999 -999 -999 0.459459
 2 33 6 2 100 -999 0.341013 -999 -999 -999 -999 -999 -999 -999 -999 0.658987
 2 35 6 2 100 -999 0.0673088 -999 -999 -999 -999 -999 -999 -999 -999 0.932691
 2 36 6 2 100 -999 -999 -999 -999 -999 0.683544 -999 -999 -999 -999 0.316456
 2 39 6 2 100 -999 0.0859238 -999 -999 -999 -999 -999 -999 -999 -999 0.914076
 2 40 6 3 100 -999 0.998004 -999 -999 -999 -999 -999 -999 -999 -999 0.00199601
 2 41 6 3 100 -999 0.992556 -999 -999 -999 -999 -999 -999 -999 -999 0.00744417
 2 42 6 2 100 -999 -999 -999 -999 -999 0.00740147 -999 -999 -999 -999 0.992599
 2 43 6 3 100 -999 0.17301 -999 -999 -999 -999 -999 -999 -999 -999 0.82699
 2 43 6 3 100 -999 -999 -999 -999 -999 0.711265 -999 -999 -999 -999 0.288735
 2 44 6 2 100 -999 -999 -999 -999 -999 0.302452 -999 -999 -999 -999 0.697548
 2 44 6 2 100 -999 -999 0.236291 -999 -999 -999 -999 -999 -999 -999 0.763709
 2 44 6 3 100 -999 -999 -999 -999 -999 0.56 -999 -999 -999 -999 0.44
 2 45 6 2 100 -999 0.163323 -999 -999 -999 -999 -999 -999 -999 -999 0.836677
 2 45 6 2 100 -999 -999 -999 -999 -999 0.305997 -999 -999 -999 -999 0.694003
 2 45 6 3 100 -999 0.456295 -999 -999 -999 -999 -999 -999 -999 -999 0.543705
 2 45 6 3 100 -999 -999 -999 -999 -999 0.0934579 -999 -999 -999 -999 0.906542
 2 46 6 2 100 -999 0.155575 -999 -999 -999 -999 -999 -999 -999 -999 0.844425
 2 46 6 2 100 -999 -999 -999 -999 -999 0.453761 -999 -999 -999 -999 0.546239
 2 46 6 3 100 -999 -999 -999 -999 -999 0.118421 -999 -999 -999 -999 0.881579
 2 47 6 2 100 -999 -999 -999 -999 0.163514 -999 -999 -999 -999 -999 0.836486
 2 47 6 3 100 -999 -999 -999 -999 0.192568 -999 -999 -999 -999 -999 0.807432
 2 47 6 3 100 -999 -999 -999 -999 -999 0.154055 -999 -999 -999 -999 0.845945
 2 49 6 2 100 -999 0.380228 -999 -999 -999 -999 -999 -999 -999 -999 0.619772
 2 49 6 2 100 -999 -999 -999 -999 0.228137 -999 -999 -999 -999 -999 0.771863
 2 49 6 3 100 -999 0.611434 -999 -999 -999 -999 -999 -999 -999 -999 0.388566
 2 50 6 2 100 -999 -999 -999 -999 -999 0.0517377 -999 -999 -999 -999 0.948262
 2 50 6 3 100 -999 -999 -999 -999 -999 0.764951 -999 -999 -999 -999 0.235049
 2 52 6 2 100 -999 -999 -999 -999 -999 0.191577 -999 -999 -999 -999 0.808423
 2 52 6 3 100 -999 -999 -999 -999 -999 0.490196 -999 -999 -999 -999 0.509804
 4 27 6 2 100 -999 -999 -999 -999 -999 0.261965 -999 -999 -999 -999 0.738035
 4 28 6 2 100 -999 -999 -999 -999 -999 0.383008 -999 -999 -999 -999 0.616992
 4 29 6 3 100 -999 0.347107 -999 -999 -999 -999 -999 -999 -999 -999 0.652893
 4 31 6 2 100 -999 -999 -999 -999 -999 0.0981738 -999 -999 -999 -999 0.901826
 4 35 6 2 100 -999 -999 -999 -999 -999 0.147225 -999 -999 -999 -999 0.852775
 1 11 7 4 100 -999 -999 -999 -999 -999 0.002494 -999 -999 -999 -999 0.997506
 1 15 7 3 100 -999 -999 -999 -999 -999 0.00253035 -999 -999 -999 -999 0.99747
 1 16 7 3 100 -999 -999 -999 -999 -999 0.0210874 -999 -999 -999 -999 0.978913
 1 17 7 3 100 -999 -999 -999 -999 -999 0.108778 -999 -999 -999 -999 0.891222
 1 18 7 2 100 0.0285757 -999 -999 -999 -999 -999 -999 -999 -999 -999 0.971424
 1 18 7 2 100 -999 -999 -999 -999 -999 0.0949721 -999 -999 -999 -999 0.905028
 1 18 7 3 100 0.00746888 -999 -999 -999 -999 -999 -999 -999 -999 -999 0.992531
 1 19 7 3 100 -999 -999 -999 -999 -999 0.285642 -999 -999 -999 -999 0.714358
 1 21 7 2 100 -999 -999 -999 -999 -999 0.0946968 -999 -999 -999 -999 0.905303
 1 21 7 3 100 -999 0.00492614 -999 -999 -999 -999 -999 -999 -999 -999 0.995074
 1 21 7 3 100 -999 -999 -999 -999 -999 0.0295568 -999 -999 -999 -999 0.970443
 1 21 7 4 100 -999 -999 -999 -999 -999 0.487106 -999 -999 -999 -999 0.512894
 1 23 7 2 100 -999 0.00452838 -999 -999 -999 -999 -999 -999 -999 -999 0.995472
 1 23 7 2 100 -999 -999 -999 -999 -999 0.160777 -999 -999 -999 -999 0.839223
 1 23 7 3 100 -999 0.480629 -999 -999 -999 -999 -999 -999 -999 -999 0.519371
 1 23 7 4 100 -999 0.240487 -999 -999 -999 -999 -999 -999 -999 -999 0.759513
 1 23 7 4 100 -999 -999 0.0961948 -999 -999 -999 -999 -999 -999 -999 0.903805
 1 24 7 3 100 -999 0.0569161 -999 -999 -999 -999 -999 -999 -999 -999 0.943084
 1 24 7 3 100 -999 -999 -999 -999 -999 0.0853741 -999 -999 -999 -999 0.914626
 1 25 7 3 100 -999 0.587412 -999 -999 -999 -999 -999 -999 -999 -999 0.412588
 1 25 7 3 100 -999 -999 -999 -999 -999 0.00464056 -999 -999 -999 -999 0.995359
 1 25 7 4 100 -999 0.45479 -999 -999 -999 -999 -999 -999 -999 -999 0.54521
 1 26 7 3 100 -999 0.662003 -999 -999 -999 -999 -999 -999 -999 -999 0.337997
 1 26 7 4 100 -999 0.751215 -999 -999 -999 -999 -999 -999 -999 -999 0.248785
 1 27 7 2 100 -999 -999 -999 -999 -999 0.0261526 -999 -999 -999 -999 0.973847
 1 27 7 3 100 -999 0.0061281 -999 -999 -999 -999 -999 -999 -999 -999 0.993872
 1 27 7 3 100 -999 -999 -999 -999 -999 0.0343173 -999 -999 -999 -999 0.965683
 1 27 7 3 100 -999 -999 -999 -999 -999 -999 -999 -999 -999 0.0061281 0.993872
 1 28 7 3 100 -999 0.169971 -999 -999 -999 -999 -999 -999 -999 -999 0.830029
 1 29 7 2 100 -999 0.053479 -999 -999 -999 -999 -999 -999 -999 -999 0.946521
 1 29 7 3 100 -999 0.139891 -999 -999 -999 -999 -999 -999 -999 -999 0.860109
 1 29 7 3 100 -999 -999 -999 -999 -999 0.00399688 -999 -999 -999 -999 0.996003
 1 30 7 2 100 -999 -999 0.0286529 -999 -999 -999 -999 -999 -999 -999 0.971347
 1 30 7 3 100 -999 0.0272675 -999 -999 -999 -999 -999 -999 -999 -999 0.972733
 1 31 7 3 100 -999 0.358547 -999 -999 -999 -999 -999 -999 -999 -999 0.641453
 1 31 7 3 100 -999 -999 -999 -999 -999 0.0316365 -999 -999 -999 -999 0.968363
 1 32 7 2 100 -999 -999 0.164624 -999 -999 -999 -999 -999 -999 -999 0.835376
 1 33 7 3 100 -999 0.256122 -999 -999 -999 -999 -999 -999 -999 -999 0.743878
 1 34 7 3 100 -999 -999 -999 -999 -999 -999 0.0406324 -999 -999 -999 0.959368
 1 35 7 3 100 -999 -999 0.00399164 -999 -999 -999 -999 -999 -999 -999 0.996008
 1 35 7 4 100 -999 1 -999 -999 -999 -999 -999 -999 -999 -999 0
 1 36 7 3 100 -999 0.0357547 -999 -999 -999 -999 -999 -999 -999 -999 0.964245
 1 36 7 3 100 -999 -999 -999 -999 -999 0.00259092 -999 -999 -999 -999 0.997409
 1 37 7 2 100 -999 0.467808 -999 -999 -999 -999 -999 -999 -999 -999 0.532192
 1 37 7 3 100 -999 0.534961 -999 -999 -999 -999 -999 -999 -999 -999 0.465039
 1 38 7 2 100 -999 -999 0.353589 -999 -999 -999 -999 -999 -999 -999 0.646411
 1 38 7 3 100 -999 0.150275 -999 -999 -999 -999 -999 -999 -999 -999 0.849725
 1 38 7 3 100 -999 -999 -999 -999 -999 0.0304866 -999 -999 -999 -999 0.969513
 1 38 7 3 100 -999 -999 0.0712692 -999 -999 -999 -999 -999 -999 -999 0.928731
 1 39 7 3 100 -999 0.0524216 -999 -999 -999 -999 -999 -999 -999 -999 0.947578
 1 39 7 3 100 -999 -999 -999 0.0518455 -999 -999 -999 -999 -999 -999 0.948154
 1 39 7 3 100 -999 -999 -999 -999 -999 0.00103691 -999 -999 -999 -999 0.998963
 1 41 7 3 100 -999 0.261198 -999 -999 -999 -999 -999 -999 -999 -999 0.738802
 1 41 7 3 100 -999 -999 -999 -999 -999 0.0608472 -999 -999 -999 -999 0.939153
 1 41 7 4 100 -999 0.356819 -999 -999 -999 -999 -999 -999 -999 -999 0.643181
 1 42 7 3 100 -999 -999 -999 -999 -999 0.00379058 -999 -999 -999 -999 0.996209
 1 42 7 4 100 -999 -999 -999 -999 -999 0.15873 -999 -999 -999 -999 0.84127
 1 44 7 2 100 -999 -999 -999 -999 -999 0.0623797 -999 -999 -999 -999 0.93762
 1 44 7 3 100 -999 0.0594012 -999 -999 -999 -999 -999 -999 -999 -999 0.940599
 1 44 7 3 100 -999 -999 -999 0.00693014 -999 -999 -999 -999 -999 -999 0.99307
 1 44 7 3 100 -999 -999 -999 -999 0.168799 -999 -999 -999 -999 -999 0.831201
 1 44 7 3 100 -999 -999 -999 -999 -999 0.00990021 -999 -999 -999 -999 0.9901
 1 44 7 3 100 -999 -999 0.0396008 -999 -999 -999 -999 -999 -999 -999 0.960399
 1 45 7 3 100 -999 -999 -999 -999 0.0783322 -999 -999 -999 -999 -999 0.921668
 1 45 7 3 100 -999 -999 -999 -999 -999 0.0381216 -999 -999 -999 -999 0.961878
 1 46 7 2 100 -999 -999 -999 -999 0.0763943 -999 -999 -999 -999 -999 0.923606
 1 46 7 3 100 -999 -999 -999 -999 0.165106 -999 -999 -999 -999 -999 0.834894
 1 46 7 3 100 -999 -999 -999 -999 -999 0.198127 -999 -999 -999 -999 0.801873
 1 47 7 2 100 -999 -999 -999 0.0356305 -999 -999 -999 -999 -999 -999 0.96437
 1 47 7 2 100 -999 -999 -999 -999 -999 0.0213783 -999 -999 -999 -999 0.978622
 1 47 7 3 100 -999 -999 -999 -999 0.0817333 -999 -999 -999 -999 -999 0.918267
 1 47 7 3 100 -999 -999 -999 -999 -999 0.00726518 -999 -999 -999 -999 0.992735
 1 49 7 2 100 -999 -999 -999 -999 -999 0.0499931 -999 -999 -999 -999 0.950007
 1 50 7 3 100 -999 -999 -999 -999 -999 0.305494 -999 -999 -999 -999 0.694506
 1 50 7 3 100 -999 -999 0.351837 -999 -999 -999 -999 -999 -999 -999 0.648163
 1 50 7 4 100 -999 -999 0.75 -999 -999 -999 -999 -999 -999 -999 0.25
 1 51 7 3 100 -999 -999 -999 -999 -999 0.0567286 -999 -999 -999 -999 0.943271
 1 52 7 2 100 -999 -999 -999 -999 -999 0.0258702 -999 -999 -999 -999 0.97413
 1 52 7 3 100 -999 0.0558914 -999 -999 -999 -999 -999 -999 -999 -999 0.944109
 1 52 7 3 100 -999 -999 -999 -999 -999 0.108678 -999 -999 -999 -999 0.891322
 2 11 7 4 100 -999 -999 -999 -999 -999 0.767387 -999 -999 -999 -999 0.232613
 2 15 7 2 100 -999 -999 -999 -999 -999 0.176702 -999 -999 -999 -999 0.823298
 2 16 7 3 100 -999 -999 -999 -999 -999 0.0377312 -999 -999 -999 -999 0.962269
 2 16 7 3 100 -999 -999 0.0686022 -999 -999 -999 -999 -999 -999 -999 0.931398
 2 18 7 2 100 -999 -999 -999 -999 -999 0.00519806 -999 -999 -999 -999 0.994802
 2 18 7 3 100 -999 -999 0.112383 -999 -999 -999 -999 -999 -999 -999 0.887617
 2 19 7 4 100 -999 -999 -999 -999 -999 -999 0.0172409 -999 -999 -999 0.982759
 2 19 7 4 100 -999 -999 -999 -999 -999 0.103445 -999 -999 -999 -999 0.896555
 2 20 7 4 100 -999 -999 -999 -999 -999 0.200799 -999 -999 -999 -999 0.799201
 2 20 7 4 100 -999 -999 -999 -999 -999 -999 -999 0.01004 -999 -999 0.98996
 2 21 7 2 100 -999 -999 -999 -999 -999 0.220525 -999 -999 -999 -999 0.779475
 2 23 7 4 100 -999 -999 -999 -999 -999 -999 -999 -999 -999 0.851254 0.148746
 2 24 7 3 100 -999 -999 -999 -999 -999 0.0286743 -999 -999 -999 -999 0.971326
 2 24 7 4 100 0.0516181 -999 -999 -999 -999 -999 -999 -999 -999 -999 0.948382
 2 24 7 4 100 -999 -999 -999 -999 -999 -999 -999 -999 -999 0.154854 0.845146
 2 25 7 3 100 -999 0.0194663 -999 -999 -999 -999 -999 -999 -999 -999 0.980534
 2 26 7 3 100 -999 0.0350745 -999 -999 -999 -999 -999 -999 -999 -999 0.964926
 2 26 7 3 100 -999 -999 -999 -999 -999 0.0338438 -999 -999 -999 -999 0.966156
 2 27 7 2 100 -999 0.0577545 -999 -999 -999 -999 -999 -999 -999 -999 0.942246
 2 28 7 3 100 -999 0.0164461 -999 -999 -999 -999 -999 -999 -999 -999 0.983554
 2 28 7 3 100 -999 -999 -999 -999 -999 -999 -999 0.0263137 -999 -999 0.973686
 2 29 7 3 100 -999 0.139233 -999 -999 -999 -999 -999 -999 -999 -999 0.860767
 2 29 7 3 100 -999 -999 -999 -999 -999 -999 -999 -999 -999 0.0614018 0.938598
 2 31 7 3 100 -999 0.0981157 -999 -999 -999 -999 -999 -999 -999 -999 0.901884
 2 31 7 3 100 -999 -999 -999 -999 -999 -999 -999 -999 -999 0.0588694 0.941131
 2 32 7 3 100 -999 0.23626 -999 -999 -999 -999 -999 -999 -999 -999 0.76374
 2 33 7 3 100 -999 0.141092 -999 -999 -999 -999 -999 -999 -999 -999 0.858908
 2 33 7 3 100 -999 -999 0.0564369 -999 -999 -999 -999 -999 -999 -999 0.943563
 2 34 7 3 100 -999 0.270242 -999 -999 -999 -999 -999 -999 -999 -999 0.729758
 2 34 7 3 100 -999 -999 0.189821 -999 -999 -999 -999 -999 -999 -999 0.810179
 2 34 7 3 100 -999 -999 -999 -999 -999 -999 -999 -999 -999 0.0712266 0.928773
 2 35 7 3 100 -999 0.259879 -999 -999 -999 -999 -999 -999 -999 -999 0.740121
 2 35 7 4 100 -999 -999 0.8 -999 -999 -999 -999 -999 -999 -999 0.2
 2 36 7 3 100 -999 -999 -999 -999 -999 -999 -999 -999 -999 0.0861671 0.913833
 2 37 7 3 100 -999 0.182646 -999 -999 -999 -999 -999 -999 -999 -999 0.817354
 2 37 7 3 100 -999 -999 -999 -999 -999 0.106543 -999 -999 -999 -999 0.893457
 2 40 7 3 100 -999 0.245218 -999 -999 -999 -999 -999 -999 -999 -999 0.754782
 2 40 7 3 100 -999 -999 -999 -999 -999 -999 -999 -999 -999 0.0132182 0.986782
 2 41 7 3 100 -999 -999 -999 -999 -999 0.0838798 -999 -999 -999 -999 0.91612
 2 43 7 3 100 -999 0.154639 -999 -999 -999 -999 -999 -999 -999 -999 0.845361
 2 44 7 3 100 -999 1 -999 -999 -999 -999 -999 -999 -999 -999 0
 2 45 7 3 100 -999 0.699761 -999 -999 -999 -999 -999 -999 -999 -999 0.300239
 2 45 7 3 100 -999 -999 -999 -999 -999 0.0897129 -999 -999 -999 -999 0.910287
 2 46 7 2 100 -999 0.575314 -999 -999 -999 -999 -999 -999 -999 -999 0.424686
 2 46 7 3 100 -999 0.798722 -999 -999 -999 -999 -999 -999 -999 -999 0.201278
 2 47 7 3 100 -999 0.193719 -999 -999 -999 -999 -999 -999 -999 -999 0.806281
 2 47 7 3 100 -999 -999 -999 -999 0.205342 -999 -999 -999 -999 -999 0.794658
 2 52 7 3 100 -999 -999 0.766467 -999 -999 -999 -999 -999 -999 -999 0.233533
 4 26 7 3 100 -999 0.509024 -999 -999 -999 -999 -999 -999 -999 -999 0.490976
 4 27 7 3 100 -999 0.137909 -999 -999 -999 -999 -999 -999 -999 -999 0.862091
 4 28 7 3 100 -999 0.0856894 -999 -999 -999 -999 -999 -999 -999 -999 0.914311
 4 28 7 3 100 -999 -999 -999 -999 -999 0.109927 -999 -999 -999 -999 0.890073
 4 29 7 3 100 -999 -999 0.0874476 -999 -999 -999 -999 -999 -999 -999 0.912552
 4 31 7 3 100 -999 0.0881476 -999 -999 -999 -999 -999 -999 -999 -999 0.911852
 4 31 7 3 100 -999 -999 -999 -999 -999 0.00822711 -999 -999 -999 -999 0.991773
 4 31 7 3 100 -999 -999 -999 -999 -999 -999 -999 -999 -999 0.0734563 0.926544
 4 32 7 2 100 -999 -999 -999 -999 -999 0.160328 -999 -999 -999 -999 0.839672
 4 32 7 3 100 -999 0.346824 -999 -999 -999 -999 -999 -999 -999 -999 0.653176
 4 32 7 3 100 -999 -999 -999 -999 -999 0.130048 -999 -999 -999 -999 0.869952
 4 32 7 3 100 -999 -999 -999 -999 -999 -999 -999 -999 -999 0.0118226 0.988177
 4 33 7 3 100 -999 0.52 -999 -999 -999 -999 -999 -999 -999 -999 0.48
 4 34 7 3 100 -999 0.121151 -999 -999 -999 -999 -999 -999 -999 -999 0.878849
 4 35 7 3 100 -999 -999 0.561224 -999 -999 -999 -999 -999 -999 -999 0.438776
 1 10 9 3 100 -999 -999 -999 -999 -999 0.0279538 -999 -999 -999 -999 0.972046
 1 13 9 3 100 0.0278269 -999 -999 -999 -999 -999 -999 -999 -999 -999 0.972173
 1 13 9 3 100 -999 -999 -999 -999 -999 -999 -999 -999 -999 0.0023189 0.997681
 1 18 9 5 100 -999 -999 -999 -999 -999 1 -999 -999 -999 -999 0
 1 19 9 4 100 -999 -999 -999 -999 -999 0.00775555 -999 -999 -999 -999 0.992244
 1 23 9 4 100 -999 -999 -999 -999 -999 0.0213239 -999 -999 -999 -999 0.978676
 1 24 9 2 100 -999 -999 -999 -999 -999 0.00158409 -999 -999 -999 -999 0.998416
 1 24 9 3 100 -999 -999 -999 -999 -999 0.00267278 -999 -999 -999 -999 0.997327
 1 24 9 4 100 -999 0.10286 -999 -999 -999 -999 -999 -999 -999 -999 0.89714
 1 24 9 4 100 -999 -999 -999 -999 -999 0.000822883 -999 -999 -999 -999 0.999177
 1 25 9 3 100 -999 0.24181 -999 -999 -999 -999 -999 -999 -999 -999 0.75819
 1 25 9 3 100 -999 -999 -999 -999 -999 0.0151131 -999 -999 -999 -999 0.984887
 1 25 9 4 100 -999 0.0443085 -999 -999 -999 -999 -999 -999 -999 -999 0.955692
 1 25 9 4 100 -999 -999 -999 -999 -999 0.19348 -999 -999 -999 -999 0.80652
 1 25 9 4 100 -999 -999 0.147695 -999 -999 -999 -999 -999 -999 -999 0.852305
 1 26 9 2 100 -999 -999 -999 -999 -999 0.000625462 -999 -999 -999 -999 0.999375
 1 26 9 4 100 -999 -999 -999 -999 -999 0.25798 -999 -999 -999 -999 0.74202
 1 27 9 3 100 -999 -999 -999 -999 -999 -999 -999 -999 -999 0.00318194 0.996818
 1 27 9 4 100 -999 -999 -999 -999 -999 0.18873 -999 -999 -999 -999 0.81127
 1 28 9 3 100 -999 -999 -999 -999 -999 0.0459549 -999 -999 -999 -999 0.954045
 1 29 9 4 100 -999 0.0557962 -999 -999 -999 -999 -999 -999 -999 -999 0.944204
 1 31 9 4 100 -999 -999 -999 -999 -999 0.0277424 -999 -999 -999 -999 0.972258
 1 32 9 4 100 -999 -999 -999 -999 -999 0.0778321 -999 -999 -999 -999 0.922168
 1 32 9 5 100 -999 0.648649 -999 -999 -999 -999 -999 -999 -999 -999 0.351351
 1 33 9 3 100 -999 -999 -999 -999 -999 0.00506113 -999 -999 -999 -999 0.994939
 1 33 9 4 100 -999 0.177029 -999 -999 -999 -999 -999 -999 -999 -999 0.822971
 1 33 9 4 100 -999 -999 -999 -999 -999 0.115813 -999 -999 -999 -999 0.884187
 1 33 9 5 100 -999 0.596591 -999 -999 -999 -999 -999 -999 -999 -999 0.403409
 1 35 9 4 100 -999 0.420373 -999 -999 -999 -999 -999 -999 -999 -999 0.579627
 1 36 9 3 100 -999 -999 -999 -999 0.146401 -999 -999 -999 -999 -999 0.853599
 1 36 9 4 100 -999 -999 -999 -999 -999 0.017898 -999 -999 -999 -999 0.982102
 1 37 9 4 100 -999 0.133526 -999 -999 -999 -999 -999 -999 -999 -999 0.866474
 1 41 9 4 100 -999 0.271331 -999 -999 -999 -999 -999 -999 -999 -999 0.728669
 1 42 9 4 100 -999 0.18112 -999 -999 -999 -999 -999 -999 -999 -999 0.81888
 1 43 9 4 100 -999 -999 -999 -999 0.424493 -999 -999 -999 -999 -999 0.575507
 1 43 9 4 100 -999 -999 -999 -999 -999 0.164273 -999 -999 -999 -999 0.835727
 1 43 9 5 100 -999 -999 -999 -999 -999 0.288277 -999 -999 -999 -999 0.711723
 1 44 9 3 100 -999 -999 -999 -999 -999 0.0229853 -999 -999 -999 -999 0.977015
 1 44 9 5 100 -999 -999 -999 -999 -999 0.311271 -999 -999 -999 -999 0.688729
 1 45 9 2 100 -999 -999 -999 -999 -999 0.0785591 -999 -999 -999 -999 0.921441
 1 45 9 4 100 -999 0.159814 -999 -999 -999 -999 -999 -999 -999 -999 0.840186
 1 45 9 4 100 -999 -999 -999 -999 -999 0.142057 -999 -999 -999 -999 0.857943
 1 46 9 3 100 -999 -999 -999 -999 -999 0.00976621 -999 -999 -999 -999 0.990234
 1 46 9 3 100 -999 -999 0.296038 -999 -999 -999 -999 -999 -999 -999 0.703962
 1 46 9 4 100 -999 -999 -999 -999 0.0609877 -999 -999 -999 -999 -999 0.939012
 1 47 9 2 100 -999 -999 -999 -999 -999 0.0203845 -999 -999 -999 -999 0.979616
 1 47 9 3 100 -999 -999 -999 -999 0.247079 -999 -999 -999 -999 -999 0.752921
 1 47 9 4 100 -999 -999 -999 -999 -999 0.0391654 -999 -999 -999 -999 0.960835
 1 49 9 4 100 -999 -999 -999 -999 0.39339 -999 -999 -999 -999 -999 0.60661
 1 50 9 4 100 -999 -999 -999 -999 0.551634 -999 -999 -999 -999 -999 0.448366
 1 51 9 2 100 -999 -999 -999 -999 -999 0.14877 -999 -999 -999 -999 0.85123
 1 51 9 4 100 -999 -999 -999 -999 0.130504 -999 -999 -999 -999 -999 0.869496
 1 51 9 4 100 -999 -999 -999 -999 -999 0.0901096 -999 -999 -999 -999 0.90989
 1 51 9 5 100 -999 -999 -999 -999 -999 1 -999 -999 -999 -999 0
 1 52 9 2 100 -999 -999 -999 -999 -999 0.0556394 -999 -999 -999 -999 0.944361
 1 52 9 3 100 -999 0.0726827 -999 -999 -999 -999 -999 -999 -999 -999 0.927317
 1 52 9 4 100 -999 -999 -999 -999 -999 0.0929271 -999 -999 -999 -999 0.907073
 1 52 9 5 100 -999 -999 -999 -999 -999 0.158416 -999 -999 -999 -999 0.841584
 2 23 9 4 100 -999 0.149736 -999 -999 -999 -999 -999 -999 -999 -999 0.850264
 2 24 9 3 100 -999 -999 -999 -999 -999 0.0643881 -999 -999 -999 -999 0.935612
 2 25 9 2 100 -999 -999 -999 -999 -999 0.0865587 -999 -999 -999 -999 0.913441
 2 26 9 3 100 -999 0.000787042 -999 -999 -999 -999 -999 -999 -999 -999 0.999213
 2 32 9 4 100 -999 -999 0.176196 -999 -999 -999 -999 -999 -999 -999 0.823804
 2 33 9 3 100 -999 0.0495952 -999 -999 -999 -999 -999 -999 -999 -999 0.950405
 2 33 9 3 100 -999 -999 0.148786 -999 -999 -999 -999 -999 -999 -999 0.851214
 2 33 9 4 100 -999 0.157951 -999 -999 -999 -999 -999 -999 -999 -999 0.842049
 2 33 9 4 100 -999 -999 0.055283 -999 -999 -999 -999 -999 -999 -999 0.944717
 2 34 9 4 100 -999 0.188489 -999 -999 -999 -999 -999 -999 -999 -999 0.811511
 2 43 9 3 100 -999 0.364927 -999 -999 -999 -999 -999 -999 -999 -999 0.635073
 2 45 9 3 100 -999 -999 0.270068 -999 -999 -999 -999 -999 -999 -999 0.729932
 2 45 9 4 100 -999 -999 -999 -999 0.19021 -999 -999 -999 -999 -999 0.80979
 2 45 9 5 100 -999 -999 -999 -999 -999 0.723723 -999 -999 -999 -999 0.276277
 2 46 9 3 100 -999 0.539598 -999 -999 -999 -999 -999 -999 -999 -999 0.460402
 2 46 9 4 100 -999 -999 -999 -999 -999 0.408094 -999 -999 -999 -999 0.591906
 2 47 9 4 100 -999 -999 -999 -999 0.472159 -999 -999 -999 -999 -999 0.527841
 2 48 9 3 100 -999 -999 -999 -999 0.0847151 -999 -999 -999 -999 -999 0.915285
 2 48 9 3 100 -999 -999 0.211788 -999 -999 -999 -999 -999 -999 -999 0.788212
 2 48 9 4 100 -999 -999 -999 -999 0.327284 -999 -999 -999 -999 -999 0.672716
 2 48 9 4 100 -999 -999 -999 -999 -999 0.0952098 -999 -999 -999 -999 0.90479
 2 48 9 5 100 -999 -999 -999 -999 -999 1 -999 -999 -999 -999 0
 2 52 9 4 100 -999 -999 0.490778 -999 -999 -999 -999 -999 -999 -999 0.509222
 3 12 9 5 100 -999 -999 -999 -999 -999 0.519099 -999 -999 -999 -999 0.480901
 4 28 9 5 100 -999 -999 -999 0.597015 -999 -999 -999 -999 -999 -999 0.402985
 4 29 9 3 100 -999 0.121054 -999 -999 -999 -999 -999 -999 -999 -999 0.878946
 4 32 9 4 100 -999 -999 -999 0.0903585 -999 -999 -999 -999 -999 -999 0.909641
 4 32 9 4 100 -999 -999 -999 -999 -999 0.123113 -999 -999 -999 -999 0.876887
 4 33 9 3 100 -999 0.258065 -999 -999 -999 -999 -999 -999 -999 -999 0.741935
 4 33 9 4 100 -999 0.055801 -999 -999 -999 -999 -999 -999 -999 -999 0.944199
 4 37 9 4 100 -999 -999 0.128068 -999 -999 -999 -999 -999 -999 -999 0.871932
 1 31 10 3 100 -999 0.257402 -999 -999 -999 -999 -999 -999 -999 -999 0.742598
 1 31 10 3 100 -999 -999 -999 -999 -999 0.0429004 -999 -999 -999 -999 0.9571
 1 42 10 3 100 -999 -999 -999 -999 -999 0.0985874 -999 -999 -999 -999 0.901413
 2 45 10 3 100 -999 0.0488945 -999 -999 -999 -999 -999 -999 -999 -999 0.951105
mean_stomwt
 0.035 0.103736 1.95267 18.4206 84.4874
 0.035 0.103736 1.95267 18.4206 84.4874
 0.035 0.103736 1.95267 18.4206 84.4874
 0.035 0.103736 1.95267 18.4206 84.4874
 0.035 0.103736 1.95267 18.4206 84.4874
 0.035 0.103736 1.95267 18.4206 84.4874
 0.035 0.103736 1.95267 18.4206 84.4874
 0.035 0.103736 1.95267 18.4206 84.4874
 0.035 0.103736 1.95267 18.4206 84.4874
 0.035 0.103736 1.95267 18.4206 84.4874
 0.035 0.103736 1.95267 18.4206 84.4874
 0.035 0.103736 1.95267 18.4206 84.4874
 0.035 0.103736 1.95267 18.4206 84.4874
 0.035 0.103736 1.95267 18.4206 84.4874
 0.035 0.103736 1.95267 18.4206 84.4874
 0.035 0.103736 1.95267 18.4206 84.4874
 0.035 0.103736 1.95267 18.4206 84.4874
 0.035 0.103736 1.95267 18.4206 84.4874
 0.035 0.103736 1.95267 18.4206 84.4874
 0.035 0.103736 1.95267 18.4206 84.4874
 0.035 0.103736 1.95267 18.4206 84.4874
 0.035 0.103736 1.95267 18.4206 84.4874
 0.035 0.103736 1.95267 18.4206 84.4874
 0.035 0.103736 1.95267 18.4206 84.4874
 0.035 0.103736 1.95267 18.4206 84.4874
 0.035 0.103736 1.95267 18.4206 84.4874
 0.035 0.103736 1.95267 18.4206 84.4874
 0.035 0.103736 1.95267 18.4206 84.4874
 0.035 0.103736 1.95267 18.4206 84.4874
 0.035 0.103736 1.95267 18.4206 84.4874
 0.035 0.103736 1.95267 18.4206 84.4874
 0.035 0.103736 1.95267 18.4206 84.4874
 0.035 0.103736 1.95267 18.4206 84.4874
 0.035 0.103736 1.95267 18.4206 84.4874
 0.035 0.103736 1.95267 18.4206 84.4874
 0.035 0.103736 1.95267 18.4206 84.4874
 0.035 0.103736 1.95267 18.4206 84.4874
 0.035 0.103736 1.95267 18.4206 84.4874
 0.035 0.103736 1.95267 18.4206 84.4874
 0.035 0.103736 1.95267 18.4206 84.4874
 0.035 0.103736 1.95267 18.4206 84.4874
 0.035 0.103736 1.95267 18.4206 84.4874
 0.035 0.103736 1.95267 18.4206 84.4874
 0.035 0.103736 1.95267 18.4206 84.4874
 0.035 0.103736 1.95267 18.4206 84.4874
 0.035 0.103736 1.95267 18.4206 84.4874
 0.035 0.103736 1.95267 18.4206 84.4874
 0.035 0.103736 1.95267 18.4206 84.4874
 0.035 0.103736 1.95267 18.4206 84.4874
 0.035 0.103736 1.95267 18.4206 84.4874
 0.035 0.103736 1.95267 18.4206 84.4874
 0.035 0.103736 1.95267 18.4206 84.4874
 0.01 0.03 0.8 1.5 3
 0.01 0.03 0.8 1.5 3
 0.01 0.03 0.8 1.5 3
 0.01 0.03 0.8 1.5 3
 0.01 0.03 0.8 1.5 3
 0.01 0.03 0.8 1.5 3
 0.01 0.03 0.8 1.5 3
 0.01 0.03 0.8 1.5 3
 0.01 0.03 0.8 1.5 3
 0.01 0.03 0.8 1.5 3
 0.01 0.03 0.8 1.5 3
 0.01 0.03 0.8 1.5 3
 0.01 0.03 0.8 1.5 3
 0.01 0.03 0.8 1.5 3
 0.01 0.03 0.8 1.5 3
 0.01 0.03 0.8 1.5 3
 0.01 0.03 0.8 1.5 3
 0.01 0.03 0.8 1.5 3
 0.01 0.03 0.8 1.5 3
 0.01 0.03 0.8 1.5 3
 0.01 0.03 0.8 1.5 3
 0.01 0.03 0.8 1.5 3
 0.01 0.03 0.8 1.5 3
 0.01 0.03 0.8 1.5 3
 0.01 0.03 0.8 1.5 3
 0.01 0.03 0.8 1.5 3
 0.01 0.03 0.8 1.5 3
 0.01 0.03 0.8 1.5 3
 0.01 0.03 0.8 1.5 3
 0.01 0.03 0.8 1.5 3
 0.01 0.03 0.8 1.5 3
 0.01 0.03 0.8 1.5 3
 0.01 0.03 0.8 1.5 3
 0.01 0.03 0.8 1.5 3
 0.01 0.03 0.8 1.5 3
 0.01 0.03 0.8 1.5 3
 0.01 0.03 0.8 1.5 3
 0.01 0.03 0.8 1.5 3
 0.01 0.03 0.8 1.5 3
 0.01 0.03 0.8 1.5 3
 0.01 0.03 0.8 1.5 3
 0.01 0.03 0.8 1.5 3
 0.01 0.03 0.8 1.5 3
 0.01 0.03 0.8 1.5 3
 0.01 0.03 0.8 1.5 3
 0.01 0.03 0.8 1.5 3
 0.01 0.03 0.8 1.5 3
 0.01 0.03 0.8 1.5 3
 0.01 0.03 0.8 1.5 3
 0.01 0.03 0.8 1.5 3
 0.01 0.03 0.8 1.5 3
 0.01 0.03 0.8 1.5 3
 0.01 0.08 1.3 2 3
 0.01 0.08 1.3 2 3
 0.01 0.08 1.3 2 3
 0.01 0.08 1.3 2 3
 0.01 0.08 1.3 2 3
 0.01 0.08 1.3 2 3
 0.01 0.08 1.3 2 3
 0.01 0.08 1.3 2 3
 0.01 0.08 1.3 2 3
 0.01 0.08 1.3 2 3
 0.01 0.08 1.3 2 3
 0.01 0.08 1.3 2 3
 0.01 0.08 1.3 2 3
 0.01 0.08 1.3 2 3
 0.01 0.08 1.3 2 3
 0.01 0.08 1.3 2 3
 0.01 0.08 1.3 2 3
 0.01 0.08 1.3 2 3
 0.01 0.08 1.3 2 3
 0.01 0.08 1.3 2 3
 0.01 0.08 1.3 2 3
 0.01 0.08 1.3 2 3
 0.01 0.08 1.3 2 3
 0.01 0.08 1.3 2 3
 0.01 0.08 1.3 2 3
 0.01 0.08 1.3 2 3
 0.01 0.08 1.3 2 3
 0.01 0.08 1.3 2 3
 0.01 0.08 1.3 2 3
 0.01 0.08 1.3 2 3
 0.01 0.08 1.3 2 3
 0.01 0.08 1.3 2 3
 0.01 0.08 1.3 2 3
 0.01 0.08 1.3 2 3
 0.01 0.08 1.3 2 3
 0.01 0.08 1.3 2 3
 0.01 0.08 1.3 2 3
 0.01 0.08 1.3 2 3
 0.01 0.08 1.3 2 3
 0.01 0.08 1.3 2 3
 0.01 0.08 1.3 2 3
 0.01 0.08 1.3 2 3
 0.01 0.08 1.3 2 3
 0.01 0.08 1.3 2 3
 0.01 0.08 1.3 2 3
 0.01 0.08 1.3 2 3
 0.01 0.08 1.3 2 3
 0.01 0.08 1.3 2 3
 0.01 0.08 1.3 2 3
 0.01 0.08 1.3 2 3
 0.01 0.08 1.3 2 3
 0.01 0.08 1.3 2 3
 0.0901898 1.95267 9.33432 28.8049 77.5589
 0.0901898 1.95267 9.33432 28.8049 77.5589
 0.0901898 1.95267 9.33432 28.8049 77.5589
 0.0901898 1.95267 9.33432 28.8049 77.5589
 0.0901898 1.95267 9.33432 28.8049 77.5589
 0.0901898 1.95267 9.33432 28.8049 77.5589
 0.0901898 1.95267 9.33432 28.8049 77.5589
 0.0901898 1.95267 9.33432 28.8049 77.5589
 0.0901898 1.95267 9.33432 28.8049 77.5589
 0.0901898 1.95267 9.33432 28.8049 77.5589
 0.0901898 1.95267 9.33432 28.8049 77.5589
 0.0901898 1.95267 9.33432 28.8049 77.5589
 0.0901898 1.95267 9.33432 28.8049 77.5589
 0.0901898 1.95267 9.33432 28.8049 77.5589
 0.0901898 1.95267 9.33432 28.8049 77.5589
 0.0901898 1.95267 9.33432 28.8049 77.5589
 0.0901898 1.95267 9.33432 28.8049 77.5589
 0.0901898 1.95267 9.33432 28.8049 77.5589
 0.0901898 1.95267 9.33432 28.8049 77.5589
 0.0901898 1.95267 9.33432 28.8049 77.5589
 0.0901898 1.95267 9.33432 28.8049 77.5589
 0.0901898 1.95267 9.33432 28.8049 77.5589
 0.0901898 1.95267 9.33432 28.8049 77.5589
 0.0901898 1.95267 9.33432 28.8049 77.5589
 0.0901898 1.95267 9.33432 28.8049 77.5589
 0.0901898 1.95267 9.33432 28.8049 77.5589
 0.0901898 1.95267 9.33432 28.8049 77.5589
 0.0901898 1.95267 9.33432 28.8049 77.5589
 0.0901898 1.95267 9.33432 28.8049 77.5589
 0.0901898 1.95267 9.33432 28.8049 77.5589
 0.0901898 1.95267 9.33432 28.8049 77.5589
 0.0901898 1.95267 9.33432 28.8049 77.5589
 0.0901898 1.95267 9.33432 28.8049 77.5589
 0.0901898 1.95267 9.33432 28.8049 77.5589
 0.0901898 1.95267 9.33432 28.8049 77.5589
 0.0901898 1.95267 9.33432 28.8049 77.5589
 0.0901898 1.95267 9.33432 28.8049 77.5589
 0.0901898 1.95267 9.33432 28.8049 77.5589
 0.0901898 1.95267 9.33432 28.8049 77.5589
 0.0901898 1.95267 9.33432 28.8049 77.5589
 0.0901898 1.95267 9.33432 28.8049 77.5589
 0.0901898 1.95267 9.33432 28.8049 77.5589
 0.0901898 1.95267 9.33432 28.8049 77.5589
 0.0901898 1.95267 9.33432 28.8049 77.5589
 0.0901898 1.95267 9.33432 28.8049 77.5589
 0.0901898 1.95267 9.33432 28.8049 77.5589
 0.0901898 1.95267 9.33432 28.8049 77.5589
 0.0901898 1.95267 9.33432 28.8049 77.5589
 0.0901898 1.95267 9.33432 28.8049 77.5589
 0.0901898 1.95267 9.33432 28.8049 77.5589
 0.0901898 1.95267 9.33432 28.8049 77.5589
 0.0901898 1.95267 9.33432 28.8049 77.5589
 0.031 0.0961837 0.93922 3.91519 12.0731
 0.031 0.0961837 0.93922 3.91519 12.0731
 0.031 0.0961837 0.93922 3.91519 12.0731
 0.031 0.0961837 0.93922 3.91519 12.0731
 0.031 0.0961837 0.93922 3.91519 12.0731
 0.031 0.0961837 0.93922 3.91519 12.0731
 0.031 0.0961837 0.93922 3.91519 12.0731
 0.031 0.0961837 0.93922 3.91519 12.0731
 0.031 0.0961837 0.93922 3.91519 12.0731
 0.031 0.0961837 0.93922 3.91519 12.0731
 0.031 0.0961837 0.93922 3.91519 12.0731
 0.031 0.0961837 0.93922 3.91519 12.0731
 0.031 0.0961837 0.93922 3.91519 12.0731
 0.031 0.0961837 0.93922 3.91519 12.0731
 0.031 0.0961837 0.93922 3.91519 12.0731
 0.031 0.0961837 0.93922 3.91519 12.0731
 0.031 0.0961837 0.93922 3.91519 12.0731
 0.031 0.0961837 0.93922 3.91519 12.0731
 0.031 0.0961837 0.93922 3.91519 12.0731
 0.031 0.0961837 0.93922 3.91519 12.0731
 0.031 0.0961837 0.93922 3.91519 12.0731
 0.031 0.0961837 0.93922 3.91519 12.0731
 0.031 0.0961837 0.93922 3.91519 12.0731
 0.031 0.0961837 0.93922 3.91519 12.0731
 0.031 0.0961837 0.93922 3.91519 12.0731
 0.031 0.0961837 0.93922 3.91519 12.0731
 0.031 0.0961837 0.93922 3.91519 12.0731
 0.031 0.0961837 0.93922 3.91519 12.0731
 0.031 0.0961837 0.93922 3.91519 12.0731
 0.031 0.0961837 0.93922 3.91519 12.0731
 0.031 0.0961837 0.93922 3.91519 12.0731
 0.031 0.0961837 0.93922 3.91519 12.0731
 0.031 0.0961837 0.93922 3.91519 12.0731
 0.031 0.0961837 0.93922 3.91519 12.0731
 0.031 0.0961837 0.93922 3.91519 12.0731
 0.031 0.0961837 0.93922 3.91519 12.0731
 0.031 0.0961837 0.93922 3.91519 12.0731
 0.031 0.0961837 0.93922 3.91519 12.0731
 0.031 0.0961837 0.93922 3.91519 12.0731
 0.031 0.0961837 0.93922 3.91519 12.0731
 0.031 0.0961837 0.93922 3.91519 12.0731
 0.031 0.0961837 0.93922 3.91519 12.0731
 0.031 0.0961837 0.93922 3.91519 12.0731
 0.031 0.0961837 0.93922 3.91519 12.0731
 0.031 0.0961837 0.93922 3.91519 12.0731
 0.031 0.0961837 0.93922 3.91519 12.0731
 0.031 0.0961837 0.93922 3.91519 12.0731
 0.031 0.0961837 0.93922 3.91519 12.0731
 0.031 0.0961837 0.93922 3.91519 12.0731
 0.031 0.0961837 0.93922 3.91519 12.0731
 0.031 0.0961837 0.93922 3.91519 12.0731
 0.031 0.0961837 0.93922 3.91519 12.0731
 0.0398933 0.179748 0.512105 4.87975 20.262
 0.0398933 0.179748 0.512105 4.87975 20.262
 0.0398933 0.179748 0.512105 4.87975 20.262
 0.0398933 0.179748 0.512105 4.87975 20.262
 0.0398933 0.179748 0.512105 4.87975 20.262
 0.0398933 0.179748 0.512105 4.87975 20.262
 0.0398933 0.179748 0.512105 4.87975 20.262
 0.0398933 0.179748 0.512105 4.87975 20.262
 0.0398933 0.179748 0.512105 4.87975 20.262
 0.0398933 0.179748 0.512105 4.87975 20.262
 0.0398933 0.179748 0.512105 4.87975 20.262
 0.0398933 0.179748 0.512105 4.87975 20.262
 0.0398933 0.179748 0.512105 4.87975 20.262
 0.0398933 0.179748 0.512105 4.87975 20.262
 0.0398933 0.179748 0.512105 4.87975 20.262
 0.0398933 0.179748 0.512105 4.87975 20.262
 0.0398933 0.179748 0.512105 4.87975 20.262
 0.0398933 0.179748 0.512105 4.87975 20.262
 0.0398933 0.179748 0.512105 4.87975 20.262
 0.0398933 0.179748 0.512105 4.87975 20.262
 0.0398933 0.179748 0.512105 4.87975 20.262
 0.0398933 0.179748 0.512105 4.87975 20.262
 0.0398933 0.179748 0.512105 4.87975 20.262
 0.0398933 0.179748 0.512105 4.87975 20.262
 0.0398933 0.179748 0.512105 4.87975 20.262
 0.0398933 0.179748 0.512105 4.87975 20.262
 0.0398933 0.179748 0.512105 4.87975 20.262
 0.0398933 0.179748 0.512105 4.87975 20.262
 0.0398933 0.179748 0.512105 4.87975 20.262
 0.0398933 0.179748 0.512105 4.87975 20.262
 0.0398933 0.179748 0.512105 4.87975 20.262
 0.0398933 0.179748 0.512105 4.87975 20.262
 0.0398933 0.179748 0.512105 4.87975 20.262
 0.0398933 0.179748 0.512105 4.87975 20.262
 0.0398933 0.179748 0.512105 4.87975 20.262
 0.0398933 0.179748 0.512105 4.87975 20.262
 0.0398933 0.179748 0.512105 4.87975 20.262
 0.0398933 0.179748 0.512105 4.87975 20.262
 0.0398933 0.179748 0.512105 4.87975 20.262
 0.0398933 0.179748 0.512105 4.87975 20.262
 0.0398933 0.179748 0.512105 4.87975 20.262
 0.0398933 0.179748 0.512105 4.87975 20.262
 0.0398933 0.179748 0.512105 4.87975 20.262
 0.0398933 0.179748 0.512105 4.87975 20.262
 0.0398933 0.179748 0.512105 4.87975 20.262
 0.0398933 0.179748 0.512105 4.87975 20.262
 0.0398933 0.179748 0.512105 4.87975 20.262
 0.0398933 0.179748 0.512105 4.87975 20.262
 0.0398933 0.179748 0.512105 4.87975 20.262
 0.0398933 0.179748 0.512105 4.87975 20.262
 0.0398933 0.179748 0.512105 4.87975 20.262
 0.0398933 0.179748 0.512105 4.87975 20.262
 0.0901898 1.95267 9.33432 28.8049 77.5589
 0.0901898 1.95267 9.33432 28.8049 77.5589
 0.0901898 1.95267 9.33432 28.8049 77.5589
 0.0901898 1.95267 9.33432 28.8049 77.5589
 0.0901898 1.95267 9.33432 28.8049 77.5589
 0.0901898 1.95267 9.33432 28.8049 77.5589
 0.0901898 1.95267 9.33432 28.8049 77.5589
 0.0901898 1.95267 9.33432 28.8049 77.5589
 0.0901898 1.95267 9.33432 28.8049 77.5589
 0.0901898 1.95267 9.33432 28.8049 77.5589
 0.0901898 1.95267 9.33432 28.8049 77.5589
 0.0901898 1.95267 9.33432 28.8049 77.5589
 0.0901898 1.95267 9.33432 28.8049 77.5589
 0.0901898 1.95267 9.33432 28.8049 77.5589
 0.0901898 1.95267 9.33432 28.8049 77.5589
 0.0901898 1.95267 9.33432 28.8049 77.5589
 0.0901898 1.95267 9.33432 28.8049 77.5589
 0.0901898 1.95267 9.33432 28.8049 77.5589
 0.0901898 1.95267 9.33432 28.8049 77.5589
 0.0901898 1.95267 9.33432 28.8049 77.5589
 0.0901898 1.95267 9.33432 28.8049 77.5589
 0.0901898 1.95267 9.33432 28.8049 77.5589
 0.0901898 1.95267 9.33432 28.8049 77.5589
 0.0901898 1.95267 9.33432 28.8049 77.5589
 0.0901898 1.95267 9.33432 28.8049 77.5589
 0.0901898 1.95267 9.33432 28.8049 77.5589
 0.0901898 1.95267 9.33432 28.8049 77.5589
 0.0901898 1.95267 9.33432 28.8049 77.5589
 0.0901898 1.95267 9.33432 28.8049 77.5589
 0.0901898 1.95267 9.33432 28.8049 77.5589
 0.0901898 1.95267 9.33432 28.8049 77.5589
 0.0901898 1.95267 9.33432 28.8049 77.5589
 0.0901898 1.95267 9.33432 28.8049 77.5589
 0.0901898 1.95267 9.33432 28.8049 77.5589
 0.0901898 1.95267 9.33432 28.8049 77.5589
 0.0901898 1.95267 9.33432 28.8049 77.5589
 0.0901898 1.95267 9.33432 28.8049 77.5589
 0.0901898 1.95267 9.33432 28.8049 77.5589
 0.0901898 1.95267 9.33432 28.8049 77.5589
 0.0901898 1.95267 9.33432 28.8049 77.5589
 0.0901898 1.95267 9.33432 28.8049 77.5589
 0.0901898 1.95267 9.33432 28.8049 77.5589
 0.0901898 1.95267 9.33432 28.8049 77.5589
 0.0901898 1.95267 9.33432 28.8049 77.5589
 0.0901898 1.95267 9.33432 28.8049 77.5589
 0.0901898 1.95267 9.33432 28.8049 77.5589
 0.0901898 1.95267 9.33432 28.8049 77.5589
 0.0901898 1.95267 9.33432 28.8049 77.5589
 0.0901898 1.95267 9.33432 28.8049 77.5589
 0.0901898 1.95267 9.33432 28.8049 77.5589
 0.0901898 1.95267 9.33432 28.8049 77.5589
 0.0901898 1.95267 9.33432 28.8049 77.5589
 0.0160725 0.0869655 0.237959 0.442743 1.58314
 0.0160725 0.0869655 0.237959 0.442743 1.58314
 0.0160725 0.0869655 0.237959 0.442743 1.58314
 0.0160725 0.0869655 0.237959 0.442743 1.58314
 0.0160725 0.0869655 0.237959 0.442743 1.58314
 0.0160725 0.0869655 0.237959 0.442743 1.58314
 0.0160725 0.0869655 0.237959 0.442743 1.58314
 0.0160725 0.0869655 0.237959 0.442743 1.58314
 0.0160725 0.0869655 0.237959 0.442743 1.58314
 0.0160725 0.0869655 0.237959 0.442743 1.58314
 0.0160725 0.0869655 0.237959 0.442743 1.58314
 0.0160725 0.0869655 0.237959 0.442743 1.58314
 0.0160725 0.0869655 0.237959 0.442743 1.58314
 0.0160725 0.0869655 0.237959 0.442743 1.58314
 0.0160725 0.0869655 0.237959 0.442743 1.58314
 0.0160725 0.0869655 0.237959 0.442743 1.58314
 0.0160725 0.0869655 0.237959 0.442743 1.58314
 0.0160725 0.0869655 0.237959 0.442743 1.58314
 0.0160725 0.0869655 0.237959 0.442743 1.58314
 0.0160725 0.0869655 0.237959 0.442743 1.58314
 0.0160725 0.0869655 0.237959 0.442743 1.58314
 0.0160725 0.0869655 0.237959 0.442743 1.58314
 0.0160725 0.0869655 0.237959 0.442743 1.58314
 0.0160725 0.0869655 0.237959 0.442743 1.58314
 0.0160725 0.0869655 0.237959 0.442743 1.58314
 0.0160725 0.0869655 0.237959 0.442743 1.58314
 0.0160725 0.0869655 0.237959 0.442743 1.58314
 0.0160725 0.0869655 0.237959 0.442743 1.58314
 0.0160725 0.0869655 0.237959 0.442743 1.58314
 0.0160725 0.0869655 0.237959 0.442743 1.58314
 0.0160725 0.0869655 0.237959 0.442743 1.58314
 0.0160725 0.0869655 0.237959 0.442743 1.58314
 0.0160725 0.0869655 0.237959 0.442743 1.58314
 0.0160725 0.0869655 0.237959 0.442743 1.58314
 0.0160725 0.0869655 0.237959 0.442743 1.58314
 0.0160725 0.0869655 0.237959 0.442743 1.58314
 0.0160725 0.0869655 0.237959 0.442743 1.58314
 0.0160725 0.0869655 0.237959 0.442743 1.58314
 0.0160725 0.0869655 0.237959 0.442743 1.58314
 0.0160725 0.0869655 0.237959 0.442743 1.58314
 0.0160725 0.0869655 0.237959 0.442743 1.58314
 0.0160725 0.0869655 0.237959 0.442743 1.58314
 0.0160725 0.0869655 0.237959 0.442743 1.58314
 0.0160725 0.0869655 0.237959 0.442743 1.58314
 0.0160725 0.0869655 0.237959 0.442743 1.58314
 0.0160725 0.0869655 0.237959 0.442743 1.58314
 0.0160725 0.0869655 0.237959 0.442743 1.58314
 0.0160725 0.0869655 0.237959 0.442743 1.58314
 0.0160725 0.0869655 0.237959 0.442743 1.58314
 0.0160725 0.0869655 0.237959 0.442743 1.58314
 0.0160725 0.0869655 0.237959 0.442743 1.58314
 0.0160725 0.0869655 0.237959 0.442743 1.58314
 0.0934235 0.93922 3.91519 11.469 44.8811
 0.0934235 0.93922 3.91519 11.469 44.8811
 0.0934235 0.93922 3.91519 11.469 44.8811
 0.0934235 0.93922 3.91519 11.469 44.8811
 0.0934235 0.93922 3.91519 11.469 44.8811
 0.0934235 0.93922 3.91519 11.469 44.8811
 0.0934235 0.93922 3.91519 11.469 44.8811
 0.0934235 0.93922 3.91519 11.469 44.8811
 0.0934235 0.93922 3.91519 11.469 44.8811
 0.0934235 0.93922 3.91519 11.469 44.8811
 0.0934235 0.93922 3.91519 11.469 44.8811
 0.0934235 0.93922 3.91519 11.469 44.8811
 0.0934235 0.93922 3.91519 11.469 44.8811
 0.0934235 0.93922 3.91519 11.469 44.8811
 0.0934235 0.93922 3.91519 11.469 44.8811
 0.0934235 0.93922 3.91519 11.469 44.8811
 0.0934235 0.93922 3.91519 11.469 44.8811
 0.0934235 0.93922 3.91519 11.469 44.8811
 0.0934235 0.93922 3.91519 11.469 44.8811
 0.0934235 0.93922 3.91519 11.469 44.8811
 0.0934235 0.93922 3.91519 11.469 44.8811
 0.0934235 0.93922 3.91519 11.469 44.8811
 0.0934235 0.93922 3.91519 11.469 44.8811
 0.0934235 0.93922 3.91519 11.469 44.8811
 0.0934235 0.93922 3.91519 11.469 44.8811
 0.0934235 0.93922 3.91519 11.469 44.8811
 0.0934235 0.93922 3.91519 11.469 44.8811
 0.0934235 0.93922 3.91519 11.469 44.8811
 0.0934235 0.93922 3.91519 11.469 44.8811
 0.0934235 0.93922 3.91519 11.469 44.8811
 0.0934235 0.93922 3.91519 11.469 44.8811
 0.0934235 0.93922 3.91519 11.469 44.8811
 0.0934235 0.93922 3.91519 11.469 44.8811
 0.0934235 0.93922 3.91519 11.469 44.8811
 0.0934235 0.93922 3.91519 11.469 44.8811
 0.0934235 0.93922 3.91519 11.469 44.8811
 0.0934235 0.93922 3.91519 11.469 44.8811
 0.0934235 0.93922 3.91519 11.469 44.8811
 0.0934235 0.93922 3.91519 11.469 44.8811
 0.0934235 0.93922 3.91519 11.469 44.8811
 0.0934235 0.93922 3.91519 11.469 44.8811
 0.0934235 0.93922 3.91519 11.469 44.8811
 0.0934235 0.93922 3.91519 11.469 44.8811
 0.0934235 0.93922 3.91519 11.469 44.8811
 0.0934235 0.93922 3.91519 11.469 44.8811
 0.0934235 0.93922 3.91519 11.469 44.8811
 0.0934235 0.93922 3.91519 11.469 44.8811
 0.0934235 0.93922 3.91519 11.469 44.8811
 0.0934235 0.93922 3.91519 11.469 44.8811
 0.0934235 0.93922 3.91519 11.469 44.8811
 0.0934235 0.93922 3.91519 11.469 44.8811
 0.0934235 0.93922 3.91519 11.469 44.8811
 0.0160725 0.0869655 0.237959 0.442743 1.58314
 0.0160725 0.0869655 0.237959 0.442743 1.58314
 0.0160725 0.0869655 0.237959 0.442743 1.58314
 0.0160725 0.0869655 0.237959 0.442743 1.58314
 0.0160725 0.0869655 0.237959 0.442743 1.58314
 0.0160725 0.0869655 0.237959 0.442743 1.58314
 0.0160725 0.0869655 0.237959 0.442743 1.58314
 0.0160725 0.0869655 0.237959 0.442743 1.58314
 0.0160725 0.0869655 0.237959 0.442743 1.58314
 0.0160725 0.0869655 0.237959 0.442743 1.58314
 0.0160725 0.0869655 0.237959 0.442743 1.58314
 0.0160725 0.0869655 0.237959 0.442743 1.58314
 0.0160725 0.0869655 0.237959 0.442743 1.58314
 0.0160725 0.0869655 0.237959 0.442743 1.58314
 0.0160725 0.0869655 0.237959 0.442743 1.58314
 0.0160725 0.0869655 0.237959 0.442743 1.58314
 0.0160725 0.0869655 0.237959 0.442743 1.58314
 0.0160725 0.0869655 0.237959 0.442743 1.58314
 0.0160725 0.0869655 0.237959 0.442743 1.58314
 0.0160725 0.0869655 0.237959 0.442743 1.58314
 0.0160725 0.0869655 0.237959 0.442743 1.58314
 0.0160725 0.0869655 0.237959 0.442743 1.58314
 0.0160725 0.0869655 0.237959 0.442743 1.58314
 0.0160725 0.0869655 0.237959 0.442743 1.58314
 0.0160725 0.0869655 0.237959 0.442743 1.58314
 0.0160725 0.0869655 0.237959 0.442743 1.58314
 0.0160725 0.0869655 0.237959 0.442743 1.58314
 0.0160725 0.0869655 0.237959 0.442743 1.58314
 0.0160725 0.0869655 0.237959 0.442743 1.58314
 0.0160725 0.0869655 0.237959 0.442743 1.58314
 0.0160725 0.0869655 0.237959 0.442743 1.58314
 0.0160725 0.0869655 0.237959 0.442743 1.58314
 0.0160725 0.0869655 0.237959 0.442743 1.58314
 0.0160725 0.0869655 0.237959 0.442743 1.58314
 0.0160725 0.0869655 0.237959 0.442743 1.58314
 0.0160725 0.0869655 0.237959 0.442743 1.58314
 0.0160725 0.0869655 0.237959 0.442743 1.58314
 0.0160725 0.0869655 0.237959 0.442743 1.58314
 0.0160725 0.0869655 0.237959 0.442743 1.58314
 0.0160725 0.0869655 0.237959 0.442743 1.58314
 0.0160725 0.0869655 0.237959 0.442743 1.58314
 0.0160725 0.0869655 0.237959 0.442743 1.58314
 0.0160725 0.0869655 0.237959 0.442743 1.58314
 0.0160725 0.0869655 0.237959 0.442743 1.58314
 0.0160725 0.0869655 0.237959 0.442743 1.58314
 0.0160725 0.0869655 0.237959 0.442743 1.58314
 0.0160725 0.0869655 0.237959 0.442743 1.58314
 0.0160725 0.0869655 0.237959 0.442743 1.58314
 0.0160725 0.0869655 0.237959 0.442743 1.58314
 0.0160725 0.0869655 0.237959 0.442743 1.58314
 0.0160725 0.0869655 0.237959 0.442743 1.58314
 0.0160725 0.0869655 0.237959 0.442743 1.58314

obs_temp
 8.94846 8.94846 8.94846 8.94846 8.94846 8.94846 8.94846 8.94846 8.94846 9.34733 8.69398 9.08885 8.74414 8.868 8.55207 9.43437 9.26517 9.69548 9.1646 8.27407 8.52445 8.32313 8.99703 8.79641 8.26319 8.48562 9.46302 9.72635 8.42419 8.99431 9.18442 9.96981 9.25267 9.30151 9.99359 8.71782 7.99783 8.4206 9.3799 8.41815 8.95543 9.05416 9.28311 9.84914 10.4878 9.95233 9.671 9.63732 10.3119 9.5166 9.99688 9.77482
recruitment_covwt
 0
 0
 0
 0
 0
 0
 0
 0
 0
 0
rectype
 9 9 9 9 9 9 9 9 9 9
stochrec
 0 0 0 0 0 0 0 0 0 0
rec_alpha
 0 0 0 0 0 0 0 0 0 0
rec_shape
 0 0 0 0 0 0 0 0 0 0
rec_beta
 0 0 0 0 0 0 0 0 0 0
fecund_d
 1 1 1 1 1 1 1 1 1 1
fecund_h
 1 1 1 1 1 1 1 1 1 1
fecund_theta
 0 0 0 0 0
 0 0 0 0 0
 0 0 0 0 0
 0 0 0 0 0
 0 0 0 0 0
 0 0 0 0 0
 0 0 0 0 0
 0 0 0 0 0
 0 0 0 0 0
 0 0 0 0 0
fecundity
 0 0 0 0 0
 0 0 0 0 0
 0 0 0 0 0
 0 0 0 0 0
 0 0 0 0 0
 0 0 0 0 0
 0 0 0 0 0
 0 0 0 0 0
 0 0 0 0 0
 0 0 0 0 0
maturity_nu
 1 1 1 1 1 1 1 1 1 1
maturity_omega
 1 1 1 1 1 1 1 1 1 1
maturity_covwt
 0
 0
 0
 0
 0
 0
 0
 0
 0
 0
growth_psi
 22.3173 11.6521 20.4829 9.18085 23.0603 13.7799 11.2808 17.7693 18.7785 16.0011
growth_kappa
 0.734859 0.456437 0.263272 0.955591 0.502071 0.648621 0.688187 0.552886 0.59567 0.618898
growth_covwt
 0
 0
 0
 0
 0
 0
 0
 0
 0
 0
vonB_Linf
 113.595 29.0507 43.2563 84.5 73.8 41.2244 99.99 56.2961 114.1 44.7096
vonB_k
 0.197509 0.452254 0.205957 0.34 0.376 0.40365 0.1 0.291557 0.14405 0.477577
growthtype (1 power, 2 power/covariates, 3 vonB, 4 vonB covariates)
 3 3 3 1 1 3 3 3 3 3
growthprob_phi
 0.485035 0.334599 0.181294 0 0
 0.485035 0.334599 0.181294 0 0
 0.485035 0.334599 0.181294 0 0
 0.485035 0.334599 0.181294 0 0
 0.485035 0.334599 0.181294 0 0
 0.485035 0.334599 0.181294 0 0
 0.485035 0.334599 0.181294 0 0
 0.485035 0.334599 0.181294 0 0
 0.485035 0.334599 0.181294 0 0
 0.485035 0.334599 0.181294 0 0
 0.485035 0.334599 0.181294 0 0
 0.485035 0.334599 0.181294 0 0
 0.485035 0.334599 0.181294 0 0
 0.485035 0.334599 0.181294 0 0
 0.485035 0.334599 0.181294 0 0
 0.485035 0.334599 0.181294 0 0
 0.485035 0.334599 0.181294 0 0
 0.485035 0.334599 0.181294 0 0
 0.485035 0.334599 0.181294 0 0
 0.485035 0.334599 0.181294 0 0
 0.485035 0.334599 0.181294 0 0
 0.485035 0.334599 0.181294 0 0
 0.485035 0.334599 0.181294 0 0
 0.485035 0.334599 0.181294 0 0
 0.485035 0.334599 0.181294 0 0
 0.485035 0.334599 0.181294 0 0
 0.485035 0.334599 0.181294 0 0
 0.485035 0.334599 0.181294 0 0
 0.485035 0.334599 0.181294 0 0
 0.485035 0.334599 0.181294 0 0
 0.485035 0.334599 0.181294 0 0
 0.485035 0.334599 0.181294 0 0
 0.485035 0.334599 0.181294 0 0
 0.485035 0.334599 0.181294 0 0
 0.485035 0.334599 0.181294 0 0
 0.485035 0.334599 0.181294 0 0
 0.485035 0.334599 0.181294 0 0
 0.485035 0.334599 0.181294 0 0
 0.485035 0.334599 0.181294 0 0
 0.485035 0.334599 0.181294 0 0
 0.485035 0.334599 0.181294 0 0
 0.485035 0.334599 0.181294 0 0
 0.485035 0.334599 0.181294 0 0
 0.485035 0.334599 0.181294 0 0
 0.485035 0.334599 0.181294 0 0
 0.485035 0.334599 0.181294 0 0
 0.485035 0.334599 0.181294 0 0
 0.485035 0.334599 0.181294 0 0
 0.485035 0.334599 0.181294 0 0
 0.485035 0.334599 0.181294 0 0
 0.485035 0.334599 0.181294 0 0
 0.485035 0.334599 0.181294 0 0
 0.918557 0.571665 0.202206 0 0
 0.918557 0.571665 0.202206 0 0
 0.918557 0.571665 0.202206 0 0
 0.918557 0.571665 0.202206 0 0
 0.918557 0.571665 0.202206 0 0
 0.918557 0.571665 0.202206 0 0
 0.918557 0.571665 0.202206 0 0
 0.918557 0.571665 0.202206 0 0
 0.918557 0.571665 0.202206 0 0
 0.918557 0.571665 0.202206 0 0
 0.918557 0.571665 0.202206 0 0
 0.918557 0.571665 0.202206 0 0
 0.918557 0.571665 0.202206 0 0
 0.918557 0.571665 0.202206 0 0
 0.918557 0.571665 0.202206 0 0
 0.918557 0.571665 0.202206 0 0
 0.918557 0.571665 0.202206 0 0
 0.918557 0.571665 0.202206 0 0
 0.918557 0.571665 0.202206 0 0
 0.918557 0.571665 0.202206 0 0
 0.918557 0.571665 0.202206 0 0
 0.918557 0.571665 0.202206 0 0
 0.918557 0.571665 0.202206 0 0
 0.918557 0.571665 0.202206 0 0
 0.918557 0.571665 0.202206 0 0
 0.918557 0.571665 0.202206 0 0
 0.918557 0.571665 0.202206 0 0
 0.918557 0.571665 0.202206 0 0
 0.918557 0.571665 0.202206 0 0
 0.918557 0.571665 0.202206 0 0
 0.918557 0.571665 0.202206 0 0
 0.918557 0.571665 0.202206 0 0
 0.918557 0.571665 0.202206 0 0
 0.918557 0.571665 0.202206 0 0
 0.918557 0.571665 0.202206 0 0
 0.918557 0.571665 0.202206 0 0
 0.918557 0.571665 0.202206 0 0
 0.918557 0.571665 0.202206 0 0
 0.918557 0.571665 0.202206 0 0
 0.918557 0.571665 0.202206 0 0
 0.918557 0.571665 0.202206 0 0
 0.918557 0.571665 0.202206 0 0
 0.918557 0.571665 0.202206 0 0
 0.918557 0.571665 0.202206 0 0
 0.918557 0.571665 0.202206 0 0
 0.918557 0.571665 0.202206 0 0
 0.918557 0.571665 0.202206 0 0
 0.918557 0.571665 0.202206 0 0
 0.918557 0.571665 0.202206 0 0
 0.918557 0.571665 0.202206 0 0
 0.918557 0.571665 0.202206 0 0
 0.918557 0.571665 0.202206 0 0
 0.477349 0.320204 0.15892 0 0
 0.477349 0.320204 0.15892 0 0
 0.477349 0.320204 0.15892 0 0
 0.477349 0.320204 0.15892 0 0
 0.477349 0.320204 0.15892 0 0
 0.477349 0.320204 0.15892 0 0
 0.477349 0.320204 0.15892 0 0
 0.477349 0.320204 0.15892 0 0
 0.477349 0.320204 0.15892 0 0
 0.477349 0.320204 0.15892 0 0
 0.477349 0.320204 0.15892 0 0
 0.477349 0.320204 0.15892 0 0
 0.477349 0.320204 0.15892 0 0
 0.477349 0.320204 0.15892 0 0
 0.477349 0.320204 0.15892 0 0
 0.477349 0.320204 0.15892 0 0
 0.477349 0.320204 0.15892 0 0
 0.477349 0.320204 0.15892 0 0
 0.477349 0.320204 0.15892 0 0
 0.477349 0.320204 0.15892 0 0
 0.477349 0.320204 0.15892 0 0
 0.477349 0.320204 0.15892 0 0
 0.477349 0.320204 0.15892 0 0
 0.477349 0.320204 0.15892 0 0
 0.477349 0.320204 0.15892 0 0
 0.477349 0.320204 0.15892 0 0
 0.477349 0.320204 0.15892 0 0
 0.477349 0.320204 0.15892 0 0
 0.477349 0.320204 0.15892 0 0
 0.477349 0.320204 0.15892 0 0
 0.477349 0.320204 0.15892 0 0
 0.477349 0.320204 0.15892 0 0
 0.477349 0.320204 0.15892 0 0
 0.477349 0.320204 0.15892 0 0
 0.477349 0.320204 0.15892 0 0
 0.477349 0.320204 0.15892 0 0
 0.477349 0.320204 0.15892 0 0
 0.477349 0.320204 0.15892 0 0
 0.477349 0.320204 0.15892 0 0
 0.477349 0.320204 0.15892 0 0
 0.477349 0.320204 0.15892 0 0
 0.477349 0.320204 0.15892 0 0
 0.477349 0.320204 0.15892 0 0
 0.477349 0.320204 0.15892 0 0
 0.477349 0.320204 0.15892 0 0
 0.477349 0.320204 0.15892 0 0
 0.477349 0.320204 0.15892 0 0
 0.477349 0.320204 0.15892 0 0
 0.477349 0.320204 0.15892 0 0
 0.477349 0.320204 0.15892 0 0
 0.477349 0.320204 0.15892 0 0
 0.477349 0.320204 0.15892 0 0
 0.275497 0.258567 0.252362 0.24841 0
 0.275497 0.258567 0.252362 0.24841 0
 0.275497 0.258567 0.252362 0.24841 0
 0.275497 0.258567 0.252362 0.24841 0
 0.275497 0.258567 0.252362 0.24841 0
 0.275497 0.258567 0.252362 0.24841 0
 0.275497 0.258567 0.252362 0.24841 0
 0.275497 0.258567 0.252362 0.24841 0
 0.275497 0.258567 0.252362 0.24841 0
 0.275497 0.258567 0.252362 0.24841 0
 0.275497 0.258567 0.252362 0.24841 0
 0.275497 0.258567 0.252362 0.24841 0
 0.275497 0.258567 0.252362 0.24841 0
 0.275497 0.258567 0.252362 0.24841 0
 0.275497 0.258567 0.252362 0.24841 0
 0.275497 0.258567 0.252362 0.24841 0
 0.275497 0.258567 0.252362 0.24841 0
 0.275497 0.258567 0.252362 0.24841 0
 0.275497 0.258567 0.252362 0.24841 0
 0.275497 0.258567 0.252362 0.24841 0
 0.275497 0.258567 0.252362 0.24841 0
 0.275497 0.258567 0.252362 0.24841 0
 0.275497 0.258567 0.252362 0.24841 0
 0.275497 0.258567 0.252362 0.24841 0
 0.275497 0.258567 0.252362 0.24841 0
 0.275497 0.258567 0.252362 0.24841 0
 0.275497 0.258567 0.252362 0.24841 0
 0.275497 0.258567 0.252362 0.24841 0
 0.275497 0.258567 0.252362 0.24841 0
 0.275497 0.258567 0.252362 0.24841 0
 0.275497 0.258567 0.252362 0.24841 0
 0.275497 0.258567 0.252362 0.24841 0
 0.275497 0.258567 0.252362 0.24841 0
 0.275497 0.258567 0.252362 0.24841 0
 0.275497 0.258567 0.252362 0.24841 0
 0.275497 0.258567 0.252362 0.24841 0
 0.275497 0.258567 0.252362 0.24841 0
 0.275497 0.258567 0.252362 0.24841 0
 0.275497 0.258567 0.252362 0.24841 0
 0.275497 0.258567 0.252362 0.24841 0
 0.275497 0.258567 0.252362 0.24841 0
 0.275497 0.258567 0.252362 0.24841 0
 0.275497 0.258567 0.252362 0.24841 0
 0.275497 0.258567 0.252362 0.24841 0
 0.275497 0.258567 0.252362 0.24841 0
 0.275497 0.258567 0.252362 0.24841 0
 0.275497 0.258567 0.252362 0.24841 0
 0.275497 0.258567 0.252362 0.24841 0
 0.275497 0.258567 0.252362 0.24841 0
 0.275497 0.258567 0.252362 0.24841 0
 0.275497 0.258567 0.252362 0.24841 0
 0.275497 0.258567 0.252362 0.24841 0
 1 0.335887 0.202363 0.144943 0
 1 0.335887 0.202363 0.144943 0
 1 0.335887 0.202363 0.144943 0
 1 0.335887 0.202363 0.144943 0
 1 0.335887 0.202363 0.144943 0
 1 0.335887 0.202363 0.144943 0
 1 0.335887 0.202363 0.144943 0
 1 0.335887 0.202363 0.144943 0
 1 0.335887 0.202363 0.144943 0
 1 0.335887 0.202363 0.144943 0
 1 0.335887 0.202363 0.144943 0
 1 0.335887 0.202363 0.144943 0
 1 0.335887 0.202363 0.144943 0
 1 0.335887 0.202363 0.144943 0
 1 0.335887 0.202363 0.144943 0
 1 0.335887 0.202363 0.144943 0
 1 0.335887 0.202363 0.144943 0
 1 0.335887 0.202363 0.144943 0
 1 0.335887 0.202363 0.144943 0
 1 0.335887 0.202363 0.144943 0
 1 0.335887 0.202363 0.144943 0
 1 0.335887 0.202363 0.144943 0
 1 0.335887 0.202363 0.144943 0
 1 0.335887 0.202363 0.144943 0
 1 0.335887 0.202363 0.144943 0
 1 0.335887 0.202363 0.144943 0
 1 0.335887 0.202363 0.144943 0
 1 0.335887 0.202363 0.144943 0
 1 0.335887 0.202363 0.144943 0
 1 0.335887 0.202363 0.144943 0
 1 0.335887 0.202363 0.144943 0
 1 0.335887 0.202363 0.144943 0
 1 0.335887 0.202363 0.144943 0
 1 0.335887 0.202363 0.144943 0
 1 0.335887 0.202363 0.144943 0
 1 0.335887 0.202363 0.144943 0
 1 0.335887 0.202363 0.144943 0
 1 0.335887 0.202363 0.144943 0
 1 0.335887 0.202363 0.144943 0
 1 0.335887 0.202363 0.144943 0
 1 0.335887 0.202363 0.144943 0
 1 0.335887 0.202363 0.144943 0
 1 0.335887 0.202363 0.144943 0
 1 0.335887 0.202363 0.144943 0
 1 0.335887 0.202363 0.144943 0
 1 0.335887 0.202363 0.144943 0
 1 0.335887 0.202363 0.144943 0
 1 0.335887 0.202363 0.144943 0
 1 0.335887 0.202363 0.144943 0
 1 0.335887 0.202363 0.144943 0
 1 0.335887 0.202363 0.144943 0
 1 0.335887 0.202363 0.144943 0
 0.571744 0.251244 0 0 0
 0.571744 0.251244 0 0 0
 0.571744 0.251244 0 0 0
 0.571744 0.251244 0 0 0
 0.571744 0.251244 0 0 0
 0.571744 0.251244 0 0 0
 0.571744 0.251244 0 0 0
 0.571744 0.251244 0 0 0
 0.571744 0.251244 0 0 0
 0.571744 0.251244 0 0 0
 0.571744 0.251244 0 0 0
 0.571744 0.251244 0 0 0
 0.571744 0.251244 0 0 0
 0.571744 0.251244 0 0 0
 0.571744 0.251244 0 0 0
 0.571744 0.251244 0 0 0
 0.571744 0.251244 0 0 0
 0.571744 0.251244 0 0 0
 0.571744 0.251244 0 0 0
 0.571744 0.251244 0 0 0
 0.571744 0.251244 0 0 0
 0.571744 0.251244 0 0 0
 0.571744 0.251244 0 0 0
 0.571744 0.251244 0 0 0
 0.571744 0.251244 0 0 0
 0.571744 0.251244 0 0 0
 0.571744 0.251244 0 0 0
 0.571744 0.251244 0 0 0
 0.571744 0.251244 0 0 0
 0.571744 0.251244 0 0 0
 0.571744 0.251244 0 0 0
 0.571744 0.251244 0 0 0
 0.571744 0.251244 0 0 0
 0.571744 0.251244 0 0 0
 0.571744 0.251244 0 0 0
 0.571744 0.251244 0 0 0
 0.571744 0.251244 0 0 0
 0.571744 0.251244 0 0 0
 0.571744 0.251244 0 0 0
 0.571744 0.251244 0 0 0
 0.571744 0.251244 0 0 0
 0.571744 0.251244 0 0 0
 0.571744 0.251244 0 0 0
 0.571744 0.251244 0 0 0
 0.571744 0.251244 0 0 0
 0.571744 0.251244 0 0 0
 0.571744 0.251244 0 0 0
 0.571744 0.251244 0 0 0
 0.571744 0.251244 0 0 0
 0.571744 0.251244 0 0 0
 0.571744 0.251244 0 0 0
 0.571744 0.251244 0 0 0
 0.211113 0.134545 0.0542936 0 0
 0.211113 0.134545 0.0542936 0 0
 0.211113 0.134545 0.0542936 0 0
 0.211113 0.134545 0.0542936 0 0
 0.211113 0.134545 0.0542936 0 0
 0.211113 0.134545 0.0542936 0 0
 0.211113 0.134545 0.0542936 0 0
 0.211113 0.134545 0.0542936 0 0
 0.211113 0.134545 0.0542936 0 0
 0.211113 0.134545 0.0542936 0 0
 0.211113 0.134545 0.0542936 0 0
 0.211113 0.134545 0.0542936 0 0
 0.211113 0.134545 0.0542936 0 0
 0.211113 0.134545 0.0542936 0 0
 0.211113 0.134545 0.0542936 0 0
 0.211113 0.134545 0.0542936 0 0
 0.211113 0.134545 0.0542936 0 0
 0.211113 0.134545 0.0542936 0 0
 0.211113 0.134545 0.0542936 0 0
 0.211113 0.134545 0.0542936 0 0
 0.211113 0.134545 0.0542936 0 0
 0.211113 0.134545 0.0542936 0 0
 0.211113 0.134545 0.0542936 0 0
 0.211113 0.134545 0.0542936 0 0
 0.211113 0.134545 0.0542936 0 0
 0.211113 0.134545 0.0542936 0 0
 0.211113 0.134545 0.0542936 0 0
 0.211113 0.134545 0.0542936 0 0
 0.211113 0.134545 0.0542936 0 0
 0.211113 0.134545 0.0542936 0 0
 0.211113 0.134545 0.0542936 0 0
 0.211113 0.134545 0.0542936 0 0
 0.211113 0.134545 0.0542936 0 0
 0.211113 0.134545 0.0542936 0 0
 0.211113 0.134545 0.0542936 0 0
 0.211113 0.134545 0.0542936 0 0
 0.211113 0.134545 0.0542936 0 0
 0.211113 0.134545 0.0542936 0 0
 0.211113 0.134545 0.0542936 0 0
 0.211113 0.134545 0.0542936 0 0
 0.211113 0.134545 0.0542936 0 0
 0.211113 0.134545 0.0542936 0 0
 0.211113 0.134545 0.0542936 0 0
 0.211113 0.134545 0.0542936 0 0
 0.211113 0.134545 0.0542936 0 0
 0.211113 0.134545 0.0542936 0 0
 0.211113 0.134545 0.0542936 0 0
 0.211113 0.134545 0.0542936 0 0
 0.211113 0.134545 0.0542936 0 0
 0.211113 0.134545 0.0542936 0 0
 0.211113 0.134545 0.0542936 0 0
 0.211113 0.134545 0.0542936 0 0
 0.610751 0.387436 0.152748 0 0
 0.610751 0.387436 0.152748 0 0
 0.610751 0.387436 0.152748 0 0
 0.610751 0.387436 0.152748 0 0
 0.610751 0.387436 0.152748 0 0
 0.610751 0.387436 0.152748 0 0
 0.610751 0.387436 0.152748 0 0
 0.610751 0.387436 0.152748 0 0
 0.610751 0.387436 0.152748 0 0
 0.610751 0.387436 0.152748 0 0
 0.610751 0.387436 0.152748 0 0
 0.610751 0.387436 0.152748 0 0
 0.610751 0.387436 0.152748 0 0
 0.610751 0.387436 0.152748 0 0
 0.610751 0.387436 0.152748 0 0
 0.610751 0.387436 0.152748 0 0
 0.610751 0.387436 0.152748 0 0
 0.610751 0.387436 0.152748 0 0
 0.610751 0.387436 0.152748 0 0
 0.610751 0.387436 0.152748 0 0
 0.610751 0.387436 0.152748 0 0
 0.610751 0.387436 0.152748 0 0
 0.610751 0.387436 0.152748 0 0
 0.610751 0.387436 0.152748 0 0
 0.610751 0.387436 0.152748 0 0
 0.610751 0.387436 0.152748 0 0
 0.610751 0.387436 0.152748 0 0
 0.610751 0.387436 0.152748 0 0
 0.610751 0.387436 0.152748 0 0
 0.610751 0.387436 0.152748 0 0
 0.610751 0.387436 0.152748 0 0
 0.610751 0.387436 0.152748 0 0
 0.610751 0.387436 0.152748 0 0
 0.610751 0.387436 0.152748 0 0
 0.610751 0.387436 0.152748 0 0
 0.610751 0.387436 0.152748 0 0
 0.610751 0.387436 0.152748 0 0
 0.610751 0.387436 0.152748 0 0
 0.610751 0.387436 0.152748 0 0
 0.610751 0.387436 0.152748 0 0
 0.610751 0.387436 0.152748 0 0
 0.610751 0.387436 0.152748 0 0
 0.610751 0.387436 0.152748 0 0
 0.610751 0.387436 0.152748 0 0
 0.610751 0.387436 0.152748 0 0
 0.610751 0.387436 0.152748 0 0
 0.610751 0.387436 0.152748 0 0
 0.610751 0.387436 0.152748 0 0
 0.610751 0.387436 0.152748 0 0
 0.610751 0.387436 0.152748 0 0
 0.610751 0.387436 0.152748 0 0
 0.610751 0.387436 0.152748 0 0
 0.481885 0.372811 0.263242 0.152082 0
 0.481885 0.372811 0.263242 0.152082 0
 0.481885 0.372811 0.263242 0.152082 0
 0.481885 0.372811 0.263242 0.152082 0
 0.481885 0.372811 0.263242 0.152082 0
 0.481885 0.372811 0.263242 0.152082 0
 0.481885 0.372811 0.263242 0.152082 0
 0.481885 0.372811 0.263242 0.152082 0
 0.481885 0.372811 0.263242 0.152082 0
 0.481885 0.372811 0.263242 0.152082 0
 0.481885 0.372811 0.263242 0.152082 0
 0.481885 0.372811 0.263242 0.152082 0
 0.481885 0.372811 0.263242 0.152082 0
 0.481885 0.372811 0.263242 0.152082 0
 0.481885 0.372811 0.263242 0.152082 0
 0.481885 0.372811 0.263242 0.152082 0
 0.481885 0.372811 0.263242 0.152082 0
 0.481885 0.372811 0.263242 0.152082 0
 0.481885 0.372811 0.263242 0.152082 0
 0.481885 0.372811 0.263242 0.152082 0
 0.481885 0.372811 0.263242 0.152082 0
 0.481885 0.372811 0.263242 0.152082 0
 0.481885 0.372811 0.263242 0.152082 0
 0.481885 0.372811 0.263242 0.152082 0
 0.481885 0.372811 0.263242 0.152082 0
 0.481885 0.372811 0.263242 0.152082 0
 0.481885 0.372811 0.263242 0.152082 0
 0.481885 0.372811 0.263242 0.152082 0
 0.481885 0.372811 0.263242 0.152082 0
 0.481885 0.372811 0.263242 0.152082 0
 0.481885 0.372811 0.263242 0.152082 0
 0.481885 0.372811 0.263242 0.152082 0
 0.481885 0.372811 0.263242 0.152082 0
 0.481885 0.372811 0.263242 0.152082 0
 0.481885 0.372811 0.263242 0.152082 0
 0.481885 0.372811 0.263242 0.152082 0
 0.481885 0.372811 0.263242 0.152082 0
 0.481885 0.372811 0.263242 0.152082 0
 0.481885 0.372811 0.263242 0.152082 0
 0.481885 0.372811 0.263242 0.152082 0
 0.481885 0.372811 0.263242 0.152082 0
 0.481885 0.372811 0.263242 0.152082 0
 0.481885 0.372811 0.263242 0.152082 0
 0.481885 0.372811 0.263242 0.152082 0
 0.481885 0.372811 0.263242 0.152082 0
 0.481885 0.372811 0.263242 0.152082 0
 0.481885 0.372811 0.263242 0.152082 0
 0.481885 0.372811 0.263242 0.152082 0
 0.481885 0.372811 0.263242 0.152082 0
 0.481885 0.372811 0.263242 0.152082 0
 0.481885 0.372811 0.263242 0.152082 0
 0.481885 0.372811 0.263242 0.152082 0
 0.957508 0.590959 0.197701 0 0
 0.957508 0.590959 0.197701 0 0
 0.957508 0.590959 0.197701 0 0
 0.957508 0.590959 0.197701 0 0
 0.957508 0.590959 0.197701 0 0
 0.957508 0.590959 0.197701 0 0
 0.957508 0.590959 0.197701 0 0
 0.957508 0.590959 0.197701 0 0
 0.957508 0.590959 0.197701 0 0
 0.957508 0.590959 0.197701 0 0
 0.957508 0.590959 0.197701 0 0
 0.957508 0.590959 0.197701 0 0
 0.957508 0.590959 0.197701 0 0
 0.957508 0.590959 0.197701 0 0
 0.957508 0.590959 0.197701 0 0
 0.957508 0.590959 0.197701 0 0
 0.957508 0.590959 0.197701 0 0
 0.957508 0.590959 0.197701 0 0
 0.957508 0.590959 0.197701 0 0
 0.957508 0.590959 0.197701 0 0
 0.957508 0.590959 0.197701 0 0
 0.957508 0.590959 0.197701 0 0
 0.957508 0.590959 0.197701 0 0
 0.957508 0.590959 0.197701 0 0
 0.957508 0.590959 0.197701 0 0
 0.957508 0.590959 0.197701 0 0
 0.957508 0.590959 0.197701 0 0
 0.957508 0.590959 0.197701 0 0
 0.957508 0.590959 0.197701 0 0
 0.957508 0.590959 0.197701 0 0
 0.957508 0.590959 0.197701 0 0
 0.957508 0.590959 0.197701 0 0
 0.957508 0.590959 0.197701 0 0
 0.957508 0.590959 0.197701 0 0
 0.957508 0.590959 0.197701 0 0
 0.957508 0.590959 0.197701 0 0
 0.957508 0.590959 0.197701 0 0
 0.957508 0.590959 0.197701 0 0
 0.957508 0.590959 0.197701 0 0
 0.957508 0.590959 0.197701 0 0
 0.957508 0.590959 0.197701 0 0
 0.957508 0.590959 0.197701 0 0
 0.957508 0.590959 0.197701 0 0
 0.957508 0.590959 0.197701 0 0
 0.957508 0.590959 0.197701 0 0
 0.957508 0.590959 0.197701 0 0
 0.957508 0.590959 0.197701 0 0
 0.957508 0.590959 0.197701 0 0
 0.957508 0.590959 0.197701 0 0
 0.957508 0.590959 0.197701 0 0
 0.957508 0.590959 0.197701 0 0
 0.957508 0.590959 0.197701 0 0

phimax
1.32789
Nstepsyr
1
Tottimesteps
52
intake_alpha
 0.004 0.004 0.004 0.004 0.004 0.004 0.004 0.004 0.004 0.004
intake_beta
 0.11 0.11 0.11 0.11 0.11 0.11 0.11 0.11 0.11 0.11
intake
 3.28187 9.72713 183.098 1727.26 7922.19
 3.28187 9.72713 183.098 1727.26 7922.19
 3.28187 9.72713 183.098 1727.26 7922.19
 3.28187 9.72713 183.098 1727.26 7922.19
 3.28187 9.72713 183.098 1727.26 7922.19
 3.28187 9.72713 183.098 1727.26 7922.19
 3.28187 9.72713 183.098 1727.26 7922.19
 3.28187 9.72713 183.098 1727.26 7922.19
 3.28187 9.72713 183.098 1727.26 7922.19
 3.42907 10.1634 191.31 1804.73 8277.52
 3.19128 9.45861 178.043 1679.58 7703.5
 3.33295 9.87851 185.947 1754.14 8045.48
 3.20893 9.51095 179.028 1688.87 7746.13
 3.25295 9.64141 181.484 1712.04 7852.38
 3.14185 9.3121 175.286 1653.56 7584.18
 3.46206 10.2612 193.15 1822.09 8357.15
 3.39822 10.072 189.589 1788.49 8203.04
 3.56294 10.5602 198.779 1875.19 8600.67
 3.36083 9.96116 187.503 1768.82 8112.8
 3.04722 9.03166 170.007 1603.76 7355.77
 3.13232 9.28386 174.754 1648.55 7561.17
 3.06371 9.08053 170.926 1612.44 7395.57
 3.29945 9.77923 184.078 1736.51 7964.63
 3.22744 9.56579 180.061 1698.61 7790.79
 3.04358 9.02085 169.803 1601.84 7346.97
 3.11896 9.24429 174.009 1641.52 7528.94
 3.47299 10.2936 193.76 1827.84 8383.53
 3.57506 10.5961 199.455 1881.56 8629.93
 3.09796 9.18203 172.837 1630.47 7478.24
 3.29846 9.77631 184.023 1735.99 7962.25
 3.36817 9.9829 187.912 1772.68 8130.5
 3.67209 10.8837 204.868 1932.63 8864.16
 3.39355 10.0581 189.328 1786.04 8191.78
 3.41183 10.1123 190.348 1795.66 8235.9
 3.68171 10.9122 205.405 1937.7 8887.37
 3.19966 9.48345 178.511 1683.99 7723.73
 2.95602 8.76134 164.918 1555.76 7135.61
 3.09674 9.17841 172.769 1629.82 7475.29
 3.44138 10.1999 191.997 1811.21 8307.23
 3.0959 9.17593 172.722 1629.38 7473.28
 3.28439 9.73459 183.238 1728.58 7928.27
 3.32025 9.84088 185.239 1747.46 8014.84
 3.40493 10.0919 189.963 1792.03 8219.25
 3.62367 10.7402 202.167 1907.15 8747.27
 3.88738 11.5218 216.88 2045.94 9383.85
 3.66504 10.8628 204.475 1928.92 8847.13
 3.55336 10.5318 198.244 1870.14 8577.54
 3.54022 10.4928 197.511 1863.23 8545.82
 3.81292 11.3011 212.725 2006.75 9204.09
 3.49352 10.3544 194.906 1838.65 8433.09
 3.68304 10.9162 205.479 1938.4 8890.59
 3.59417 10.6527 200.521 1891.62 8676.05
 0.937678 2.81303 75.0142 140.652 281.303
 0.937678 2.81303 75.0142 140.652 281.303
 0.937678 2.81303 75.0142 140.652 281.303
 0.937678 2.81303 75.0142 140.652 281.303
 0.937678 2.81303 75.0142 140.652 281.303
 0.937678 2.81303 75.0142 140.652 281.303
 0.937678 2.81303 75.0142 140.652 281.303
 0.937678 2.81303 75.0142 140.652 281.303
 0.937678 2.81303 75.0142 140.652 281.303
 0.979735 2.9392 78.3788 146.96 293.92
 0.911793 2.73538 72.9435 136.769 273.538
 0.95227 2.85681 76.1816 142.841 285.681
 0.916838 2.75051 73.3471 137.526 275.051
 0.929415 2.78825 74.3532 139.412 278.825
 0.89767 2.69301 71.8136 134.651 269.301
 0.98916 2.96748 79.1328 148.374 296.748
 0.97092 2.91276 77.6736 145.638 291.276
 1.01798 3.05395 81.4386 152.697 305.395
 0.960238 2.88071 76.8191 144.036 288.071
 0.870636 2.61191 69.6509 130.595 261.191
 0.894947 2.68484 71.5958 134.242 268.484
 0.875347 2.62604 70.0277 131.302 262.604
 0.9427 2.8281 75.416 141.405 282.81
 0.922125 2.76638 73.77 138.319 276.638
 0.869594 2.60878 69.5675 130.439 260.878
 0.891133 2.6734 71.2906 133.67 267.34
 0.992282 2.97685 79.3826 148.842 297.685
 1.02145 3.06434 81.7157 153.217 306.434
 0.885131 2.65539 70.8105 132.77 265.539
 0.942419 2.82726 75.3935 141.363 282.726
 0.962333 2.887 76.9867 144.35 288.7
 1.04917 3.14751 83.9336 157.375 314.751
 0.969586 2.90876 77.5669 145.438 290.876
 0.974809 2.92443 77.9847 146.221 292.443
 1.05192 3.15575 84.1534 157.788 315.575
 0.914188 2.74256 73.135 137.128 274.256
 0.844577 2.53373 67.5662 126.687 253.373
 0.884782 2.65435 70.7826 132.717 265.435
 0.983251 2.94975 78.6601 147.488 294.975
 0.884544 2.65363 70.7635 132.682 265.363
 0.938397 2.81519 75.0718 140.76 281.519
 0.948644 2.84593 75.8915 142.297 284.593
 0.972838 2.91851 77.8271 145.926 291.851
 1.03534 3.10601 82.8268 155.3 310.601
 1.11068 3.33204 88.8545 166.602 333.204
 1.04715 3.14146 83.7723 157.073 314.146
 1.01525 3.04574 81.2196 152.287 304.574
 1.01149 3.03447 80.9193 151.724 303.447
 1.0894 3.26821 87.1524 163.411 326.821
 0.998148 2.99444 79.8518 149.722 299.444
 1.0523 3.1569 84.1839 157.845 315.69
 1.02691 3.08072 82.1524 154.036 308.072
 0.937678 7.50142 121.898 187.536 281.303
 0.937678 7.50142 121.898 187.536 281.303
 0.937678 7.50142 121.898 187.536 281.303
 0.937678 7.50142 121.898 187.536 281.303
 0.937678 7.50142 121.898 187.536 281.303
 0.937678 7.50142 121.898 187.536 281.303
 0.937678 7.50142 121.898 187.536 281.303
 0.937678 7.50142 121.898 187.536 281.303
 0.937678 7.50142 121.898 187.536 281.303
 0.979735 7.83788 127.366 195.947 293.92
 0.911793 7.29435 118.533 182.359 273.538
 0.95227 7.61816 123.795 190.454 285.681
 0.916838 7.33471 119.189 183.368 275.051
 0.929415 7.43532 120.824 185.883 278.825
 0.89767 7.18136 116.697 179.534 269.301
 0.98916 7.91328 128.591 197.832 296.748
 0.97092 7.76736 126.22 194.184 291.276
 1.01798 8.14386 132.338 203.597 305.395
 0.960238 7.68191 124.831 192.048 288.071
 0.870636 6.96509 113.183 174.127 261.191
 0.894947 7.15958 116.343 178.989 268.484
 0.875347 7.00277 113.795 175.069 262.604
 0.9427 7.5416 122.551 188.54 282.81
 0.922125 7.377 119.876 184.425 276.638
 0.869594 6.95675 113.047 173.919 260.878
 0.891133 7.12906 115.847 178.227 267.34
 0.992282 7.93826 128.997 198.456 297.685
 1.02145 8.17157 132.788 204.289 306.434
 0.885131 7.08105 115.067 177.026 265.539
 0.942419 7.53935 122.514 188.484 282.726
 0.962333 7.69867 125.103 192.467 288.7
 1.04917 8.39336 136.392 209.834 314.751
 0.969586 7.75669 126.046 193.917 290.876
 0.974809 7.79847 126.725 194.962 292.443
 1.05192 8.41534 136.749 210.384 315.575
 0.914188 7.3135 118.844 182.838 274.256
 0.844577 6.75662 109.795 168.915 253.373
 0.884782 7.07826 115.022 176.956 265.435
 0.983251 7.86601 127.823 196.65 294.975
 0.884544 7.07635 114.991 176.909 265.363
 0.938397 7.50718 121.992 187.679 281.519
 0.948644 7.58915 123.324 189.729 284.593
 0.972838 7.78271 126.469 194.568 291.851
 1.03534 8.28268 134.594 207.067 310.601
 1.11068 8.88545 144.389 222.136 333.204
 1.04715 8.37723 136.13 209.431 314.146
 1.01525 8.12196 131.982 203.049 304.574
 1.01149 8.09193 131.494 202.298 303.447
 1.0894 8.71524 141.623 217.881 326.821
 0.998148 7.98518 129.759 199.63 299.444
 1.0523 8.41839 136.799 210.46 315.69
 1.02691 8.21524 133.498 205.381 308.072
 8.45689 183.098 875.258 2700.97 7272.52
 8.45689 183.098 875.258 2700.97 7272.52
 8.45689 183.098 875.258 2700.97 7272.52
 8.45689 183.098 875.258 2700.97 7272.52
 8.45689 183.098 875.258 2700.97 7272.52
 8.45689 183.098 875.258 2700.97 7272.52
 8.45689 183.098 875.258 2700.97 7272.52
 8.45689 183.098 875.258 2700.97 7272.52
 8.45689 183.098 875.258 2700.97 7272.52
 8.83621 191.31 914.516 2822.12 7598.71
 8.22344 178.043 851.097 2626.41 7071.76
 8.5885 185.947 888.88 2743.01 7385.7
 8.26894 179.028 855.806 2640.95 7110.89
 8.38237 181.484 867.546 2677.17 7208.44
 8.09607 175.286 837.914 2585.73 6962.23
 8.92121 193.15 923.313 2849.27 7671.81
 8.7567 189.589 906.288 2796.73 7530.34
 9.18116 198.779 950.218 2932.29 7895.36
 8.66037 187.503 896.317 2765.96 7447.5
 7.85224 170.007 812.679 2507.86 6752.55
 8.07151 174.754 835.373 2577.89 6941.11
 7.89473 170.926 817.077 2521.43 6789.09
 8.50219 184.078 879.947 2715.44 7311.48
 8.31663 180.061 860.741 2656.18 7151.9
 7.84285 169.803 811.707 2504.86 6744.47
 8.03711 174.009 831.812 2566.9 6911.52
 8.94937 193.76 926.228 2858.26 7696.03
 9.2124 199.455 953.45 2942.27 7922.22
 7.98298 172.837 826.21 2549.61 6864.98
 8.49965 184.023 879.684 2714.63 7309.29
 8.67926 187.912 898.273 2772 7463.75
 9.46244 204.868 979.329 3022.13 8137.24
 8.74468 189.328 905.043 2792.89 7520
 8.79178 190.348 909.918 2807.93 7560.51
 9.48722 205.405 981.894 3030.04 8158.55
 8.24504 178.511 853.332 2633.31 7090.33
 7.61723 164.918 788.356 2432.8 6550.45
 7.97983 172.769 825.884 2548.61 6862.27
 8.86792 191.997 917.798 2832.25 7625.98
 7.97768 172.722 825.662 2547.92 6860.42
 8.46338 183.238 875.93 2703.05 7278.1
 8.5558 185.239 885.495 2732.56 7357.57
 8.77401 189.963 908.078 2802.25 7545.22
 9.33767 202.167 966.415 2982.28 8029.94
 10.0172 216.88 1036.75 3199.31 8614.31
 9.44426 204.475 977.448 3016.32 8121.61
 9.15647 198.244 947.663 2924.41 7874.12
 9.12261 197.511 944.158 2913.59 7845.01
 9.82532 212.725 1016.89 3138.02 8449.3
 9.00227 194.906 931.703 2875.16 7741.52
 9.49066 205.479 982.249 3031.14 8161.51
 9.26164 200.521 958.547 2957.99 7964.56
 2.9068 9.01893 88.0686 367.119 1132.07
 2.9068 9.01893 88.0686 367.119 1132.07
 2.9068 9.01893 88.0686 367.119 1132.07
 2.9068 9.01893 88.0686 367.119 1132.07
 2.9068 9.01893 88.0686 367.119 1132.07
 2.9068 9.01893 88.0686 367.119 1132.07
 2.9068 9.01893 88.0686 367.119 1132.07
 2.9068 9.01893 88.0686 367.119 1132.07
 2.9068 9.01893 88.0686 367.119 1132.07
 3.03718 9.42345 92.0187 383.585 1182.85
 2.82656 8.76996 85.6375 356.985 1100.82
 2.95204 9.15928 89.4392 372.832 1149.69
 2.8422 8.81849 86.1113 358.96 1106.91
 2.88119 8.93945 87.2926 363.884 1122.1
 2.78278 8.63412 84.311 351.455 1083.77
 3.06639 9.5141 92.9039 387.275 1194.23
 3.00985 9.33866 91.1908 380.134 1172.2
 3.15575 9.79133 95.611 398.56 1229.02
 2.97674 9.23592 90.1875 375.952 1159.31
 2.69897 8.37409 81.7719 340.871 1051.13
 2.77434 8.60793 84.0553 350.389 1080.48
 2.71357 8.41941 82.2143 342.715 1056.82
 2.92237 9.06724 88.5403 369.085 1138.14
 2.85859 8.86934 86.6079 361.03 1113.29
 2.69574 8.36407 81.674 340.463 1049.87
 2.76251 8.57124 83.697 348.896 1075.88
 3.07608 9.54414 93.1972 388.498 1198
 3.16648 9.82464 95.9363 399.916 1233.21
 2.74391 8.51352 83.1333 346.546 1068.63
 2.9215 9.06453 88.5139 368.975 1137.79
 2.98323 9.25608 90.3843 376.772 1161.84
 3.25243 10.0913 98.5401 410.77 1266.68
 3.00572 9.32583 91.0655 379.612 1170.59
 3.02191 9.37607 91.5561 381.657 1176.9
 3.26094 10.1177 98.7982 411.846 1269.99
 2.83398 8.79299 85.8624 357.922 1103.71
 2.61819 8.12346 79.3244 330.668 1019.67
 2.74282 8.51016 83.1005 346.409 1068.21
 3.04808 9.45727 92.3489 384.962 1187.09
 2.74209 8.50787 83.0781 346.316 1067.92
 2.90903 9.02585 88.1362 367.401 1132.94
 2.9408 9.1244 89.0985 371.412 1145.31
 3.0158 9.35711 91.3709 380.885 1174.52
 3.20954 9.95823 97.2408 405.354 1249.97
 3.44311 10.6829 104.317 434.853 1340.94
 3.24618 10.0719 98.3509 409.981 1264.24
 3.14726 9.765 95.3539 397.488 1225.72
 3.13562 9.72889 95.0013 396.018 1221.19
 3.37715 10.4783 102.319 426.523 1315.25
 3.09426 9.60055 93.7481 390.794 1205.08
 3.26213 10.1214 98.834 411.995 1270.45
 3.18341 9.87715 96.4491 402.053 1239.8
 3.74071 16.8546 48.0189 457.563 1899.92
 3.74071 16.8546 48.0189 457.563 1899.92
 3.74071 16.8546 48.0189 457.563 1899.92
 3.74071 16.8546 48.0189 457.563 1899.92
 3.74071 16.8546 48.0189 457.563 1899.92
 3.74071 16.8546 48.0189 457.563 1899.92
 3.74071 16.8546 48.0189 457.563 1899.92
 3.74071 16.8546 48.0189 457.563 1899.92
 3.74071 16.8546 48.0189 457.563 1899.92
 3.90849 17.6106 50.1727 478.086 1985.14
 3.63745 16.3893 46.6934 444.932 1847.48
 3.79892 17.1169 48.7662 464.684 1929.49
 3.65757 16.48 46.9517 447.394 1857.7
 3.70775 16.7061 47.5958 453.531 1883.18
 3.58111 16.1355 45.9701 438.04 1818.86
 3.94609 17.78 50.6553 482.685 2004.24
 3.87332 17.4521 49.7213 473.784 1967.28
 4.06107 18.2981 52.1314 496.75 2062.64
 3.83071 17.2601 49.1743 468.572 1945.63
 3.47326 15.6495 44.5857 424.848 1764.08
 3.57024 16.0865 45.8307 436.712 1813.34
 3.49205 15.7342 44.8269 427.147 1773.63
 3.76075 16.9449 48.2761 460.014 1910.1
 3.67867 16.575 47.2225 449.974 1868.41
 3.4691 15.6308 44.5323 424.34 1761.97
 3.55503 16.018 45.6353 434.85 1805.61
 3.95855 17.8361 50.8153 484.209 2010.56
 4.07489 18.3603 52.3087 498.44 2069.65
 3.53108 15.9101 45.328 431.922 1793.45
 3.75962 16.9398 48.2617 459.877 1909.53
 3.83907 17.2978 49.2816 469.595 1949.88
 4.18549 18.8586 53.7285 511.968 2125.83
 3.868 17.4281 49.653 473.134 1964.58
 3.88884 17.522 49.9204 475.682 1975.16
 4.19645 18.908 53.8692 513.309 2131.4
 3.647 16.4324 46.816 446.101 1852.33
 3.3693 15.1811 43.2512 412.133 1711.28
 3.52969 15.9038 45.3101 431.751 1792.75
 3.92252 17.6738 50.3528 479.802 1992.26
 3.52874 15.8995 45.2979 431.635 1792.26
 3.74358 16.8675 48.0558 457.914 1901.38
 3.78446 17.0517 48.5805 462.914 1922.14
 3.88098 17.4866 49.8195 474.721 1971.16
 4.1303 18.61 53.02 505.218 2097.8
 4.43088 19.9643 56.8785 541.984 2250.46
 4.17745 18.8224 53.6253 510.985 2121.74
 4.05015 18.2489 51.9912 495.414 2057.09
 4.03518 18.1814 51.7989 493.582 2049.48
 4.346 19.5819 55.7889 531.602 2207.35
 3.98195 17.9415 51.1156 487.071 2022.45
 4.19797 18.9149 53.8887 513.495 2132.17
 4.09667 18.4585 52.5883 501.104 2080.72
 8.45689 183.098 875.258 2700.97 7272.52
 8.45689 183.098 875.258 2700.97 7272.52
 8.45689 183.098 875.258 2700.97 7272.52
 8.45689 183.098 875.258 2700.97 7272.52
 8.45689 183.098 875.258 2700.97 7272.52
 8.45689 183.098 875.258 2700.97 7272.52
 8.45689 183.098 875.258 2700.97 7272.52
 8.45689 183.098 875.258 2700.97 7272.52
 8.45689 183.098 875.258 2700.97 7272.52
 8.83621 191.31 914.516 2822.12 7598.71
 8.22344 178.043 851.097 2626.41 7071.76
 8.5885 185.947 888.88 2743.01 7385.7
 8.26894 179.028 855.806 2640.95 7110.89
 8.38237 181.484 867.546 2677.17 7208.44
 8.09607 175.286 837.914 2585.73 6962.23
 8.92121 193.15 923.313 2849.27 7671.81
 8.7567 189.589 906.288 2796.73 7530.34
 9.18116 198.779 950.218 2932.29 7895.36
 8.66037 187.503 896.317 2765.96 7447.5
 7.85224 170.007 812.679 2507.86 6752.55
 8.07151 174.754 835.373 2577.89 6941.11
 7.89473 170.926 817.077 2521.43 6789.09
 8.50219 184.078 879.947 2715.44 7311.48
 8.31663 180.061 860.741 2656.18 7151.9
 7.84285 169.803 811.707 2504.86 6744.47
 8.03711 174.009 831.812 2566.9 6911.52
 8.94937 193.76 926.228 2858.26 7696.03
 9.2124 199.455 953.45 2942.27 7922.22
 7.98298 172.837 826.21 2549.61 6864.98
 8.49965 184.023 879.684 2714.63 7309.29
 8.67926 187.912 898.273 2772 7463.75
 9.46244 204.868 979.329 3022.13 8137.24
 8.74468 189.328 905.043 2792.89 7520
 8.79178 190.348 909.918 2807.93 7560.51
 9.48722 205.405 981.894 3030.04 8158.55
 8.24504 178.511 853.332 2633.31 7090.33
 7.61723 164.918 788.356 2432.8 6550.45
 7.97983 172.769 825.884 2548.61 6862.27
 8.86792 191.997 917.798 2832.25 7625.98
 7.97768 172.722 825.662 2547.92 6860.42
 8.46338 183.238 875.93 2703.05 7278.1
 8.5558 185.239 885.495 2732.56 7357.57
 8.77401 189.963 908.078 2802.25 7545.22
 9.33767 202.167 966.415 2982.28 8029.94
 10.0172 216.88 1036.75 3199.31 8614.31
 9.44426 204.475 977.448 3016.32 8121.61
 9.15647 198.244 947.663 2924.41 7874.12
 9.12261 197.511 944.158 2913.59 7845.01
 9.82532 212.725 1016.89 3138.02 8449.3
 9.00227 194.906 931.703 2875.16 7741.52
 9.49066 205.479 982.249 3031.14 8161.51
 9.26164 200.521 958.547 2957.99 7964.56
 1.50708 8.15456 22.3129 41.515 148.448
 1.50708 8.15456 22.3129 41.515 148.448
 1.50708 8.15456 22.3129 41.515 148.448
 1.50708 8.15456 22.3129 41.515 148.448
 1.50708 8.15456 22.3129 41.515 148.448
 1.50708 8.15456 22.3129 41.515 148.448
 1.50708 8.15456 22.3129 41.515 148.448
 1.50708 8.15456 22.3129 41.515 148.448
 1.50708 8.15456 22.3129 41.515 148.448
 1.57468 8.52032 23.3137 43.3771 155.106
 1.46548 7.92946 21.6969 40.369 144.35
 1.53053 8.28147 22.6601 42.1611 150.758
 1.47358 7.97333 21.817 40.5924 145.149
 1.4938 8.08271 22.1163 41.1492 147.14
 1.44278 7.80663 21.3609 39.7437 142.114
 1.58982 8.60228 23.5379 43.7944 156.598
 1.56051 8.44365 23.1039 42.9868 153.71
 1.63615 8.85294 24.2238 45.0705 161.161
 1.54334 8.35076 22.8497 42.5139 152.019
 1.39933 7.57153 20.7175 38.5468 137.834
 1.4384 7.78296 21.2961 39.6232 141.683
 1.4069 7.6125 20.8296 38.7554 138.58
 1.51515 8.19824 22.4324 41.7374 149.243
 1.48208 8.01931 21.9428 40.8264 145.986
 1.39765 7.56247 20.6928 38.5007 137.669
 1.43227 7.74978 21.2053 39.4543 141.079
 1.59484 8.62944 23.6122 43.9326 157.092
 1.64171 8.88306 24.3062 45.2238 161.709
 1.42262 7.69759 21.0625 39.1886 140.129
 1.5147 8.19579 22.4257 41.7249 149.198
 1.54671 8.36898 22.8996 42.6066 152.351
 1.68627 9.12416 24.9659 46.4512 166.099
 1.55836 8.43206 23.0722 42.9277 153.499
 1.56676 8.47748 23.1964 43.159 154.326
 1.69069 9.14806 25.0313 46.5729 166.534
 1.46932 7.95028 21.7539 40.475 144.729
 1.35744 7.34491 20.0975 37.3931 133.709
 1.42206 7.69455 21.0542 39.1731 140.074
 1.58033 8.55089 23.3973 43.5327 155.663
 1.42168 7.69248 21.0485 39.1626 140.036
 1.50824 8.16082 22.33 41.5469 148.562
 1.5247 8.24993 22.5738 42.0005 150.184
 1.56359 8.46034 23.1495 43.0717 154.014
 1.66404 9.00385 24.6367 45.8387 163.908
 1.78514 9.65909 26.4296 49.1746 175.837
 1.68303 9.10663 24.918 46.362 165.779
 1.63175 8.82913 24.1587 44.9493 160.728
 1.62571 8.79648 24.0693 44.783 160.133
 1.75094 9.47406 25.9233 48.2326 172.468
 1.60427 8.68044 23.7518 44.1923 158.021
 1.6913 9.15137 25.0404 46.5898 166.594
 1.65049 8.93054 24.4361 45.4655 162.574
 8.76011 88.0686 367.119 1075.43 4208.4
 8.76011 88.0686 367.119 1075.43 4208.4
 8.76011 88.0686 367.119 1075.43 4208.4
 8.76011 88.0686 367.119 1075.43 4208.4
 8.76011 88.0686 367.119 1075.43 4208.4
 8.76011 88.0686 367.119 1075.43 4208.4
 8.76011 88.0686 367.119 1075.43 4208.4
 8.76011 88.0686 367.119 1075.43 4208.4
 8.76011 88.0686 367.119 1075.43 4208.4
 9.15302 92.0187 383.585 1123.66 4397.16
 8.51829 85.6375 356.985 1045.74 4092.23
 8.89644 89.4392 372.832 1092.16 4273.9
 8.56542 86.1113 358.96 1051.52 4114.87
 8.68292 87.2926 363.884 1065.95 4171.32
 8.38634 84.311 351.455 1029.54 4028.84
 9.24107 92.9039 387.275 1134.47 4439.46
 9.07067 91.1908 380.134 1113.55 4357.6
 9.51035 95.611 398.56 1167.53 4568.82
 8.97088 90.1875 375.952 1101.3 4309.66
 8.13378 81.7719 340.871 998.535 3907.51
 8.36091 84.0553 350.389 1026.42 4016.62
 8.17779 82.2143 342.715 1003.94 3928.65
 8.80703 88.5403 369.085 1081.19 4230.94
 8.61481 86.6079 361.03 1057.59 4138.6
 8.12405 81.674 340.463 997.34 3902.83
 8.32527 83.697 348.896 1022.04 3999.5
 9.27025 93.1972 388.498 1138.05 4453.47
 9.5427 95.9363 399.916 1171.5 4584.36
 8.2692 83.1333 346.546 1015.16 3972.57
 8.8044 88.5139 368.975 1080.86 4229.68
 8.99045 90.3843 376.772 1103.7 4319.06
 9.8017 98.5401 410.77 1203.3 4708.79
 9.05821 91.0655 379.612 1112.02 4351.61
 9.107 91.5561 381.657 1118.01 4375.05
 9.82738 98.7982 411.846 1206.45 4721.12
 8.54066 85.8624 357.922 1048.48 4102.98
 7.89033 79.3244 330.668 968.649 3790.56
 8.26594 83.1005 346.409 1014.76 3971
 9.18587 92.3489 384.962 1127.69 4412.94
 8.26371 83.0781 346.316 1014.49 3969.93
 8.76683 88.1362 367.401 1076.25 4211.63
 8.86256 89.0985 371.412 1088 4257.62
 9.08859 91.3709 380.885 1115.75 4366.21
 9.67246 97.2408 405.354 1187.43 4646.7
 10.3764 104.317 434.853 1273.84 4984.86
 9.78288 98.3509 409.981 1200.98 4699.75
 9.48477 95.3539 397.488 1164.39 4556.53
 9.4497 95.0013 396.018 1160.08 4539.68
 10.1776 102.319 426.523 1249.44 4889.37
 9.32504 93.7481 390.794 1144.78 4479.8
 9.83094 98.834 411.995 1206.88 4722.83
 9.59371 96.4491 402.053 1177.76 4608.87
 1.50708 8.15456 22.3129 41.515 148.448
 1.50708 8.15456 22.3129 41.515 148.448
 1.50708 8.15456 22.3129 41.515 148.448
 1.50708 8.15456 22.3129 41.515 148.448
 1.50708 8.15456 22.3129 41.515 148.448
 1.50708 8.15456 22.3129 41.515 148.448
 1.50708 8.15456 22.3129 41.515 148.448
 1.50708 8.15456 22.3129 41.515 148.448
 1.50708 8.15456 22.3129 41.515 148.448
 1.57468 8.52032 23.3137 43.3771 155.106
 1.46548 7.92946 21.6969 40.369 144.35
 1.53053 8.28147 22.6601 42.1611 150.758
 1.47358 7.97333 21.817 40.5924 145.149
 1.4938 8.08271 22.1163 41.1492 147.14
 1.44278 7.80663 21.3609 39.7437 142.114
 1.58982 8.60228 23.5379 43.7944 156.598
 1.56051 8.44365 23.1039 42.9868 153.71
 1.63615 8.85294 24.2238 45.0705 161.161
 1.54334 8.35076 22.8497 42.5139 152.019
 1.39933 7.57153 20.7175 38.5468 137.834
 1.4384 7.78296 21.2961 39.6232 141.683
 1.4069 7.6125 20.8296 38.7554 138.58
 1.51515 8.19824 22.4324 41.7374 149.243
 1.48208 8.01931 21.9428 40.8264 145.986
 1.39765 7.56247 20.6928 38.5007 137.669
 1.43227 7.74978 21.2053 39.4543 141.079
 1.59484 8.62944 23.6122 43.9326 157.092
 1.64171 8.88306 24.3062 45.2238 161.709
 1.42262 7.69759 21.0625 39.1886 140.129
 1.5147 8.19579 22.4257 41.7249 149.198
 1.54671 8.36898 22.8996 42.6066 152.351
 1.68627 9.12416 24.9659 46.4512 166.099
 1.55836 8.43206 23.0722 42.9277 153.499
 1.56676 8.47748 23.1964 43.159 154.326
 1.69069 9.14806 25.0313 46.5729 166.534
 1.46932 7.95028 21.7539 40.475 144.729
 1.35744 7.34491 20.0975 37.3931 133.709
 1.42206 7.69455 21.0542 39.1731 140.074
 1.58033 8.55089 23.3973 43.5327 155.663
 1.42168 7.69248 21.0485 39.1626 140.036
 1.50824 8.16082 22.33 41.5469 148.562
 1.5247 8.24993 22.5738 42.0005 150.184
 1.56359 8.46034 23.1495 43.0717 154.014
 1.66404 9.00385 24.6367 45.8387 163.908
 1.78514 9.65909 26.4296 49.1746 175.837
 1.68303 9.10663 24.918 46.362 165.779
 1.63175 8.82913 24.1587 44.9493 160.728
 1.62571 8.79648 24.0693 44.783 160.133
 1.75094 9.47406 25.9233 48.2326 172.468
 1.60427 8.68044 23.7518 44.1923 158.021
 1.6913 9.15137 25.0404 46.5898 166.594
 1.65049 8.93054 24.4361 45.4655 162.574

M1
 0.02 0.02 0.02 0.02 0.02
 0.02 0.02 0.02 0.02 0.02
 0.02 0.02 0.02 0.02 0.02
 0.02 0.02 0.02 0.02 0.02
 0.02 0.02 0.02 0.02 0.02
 0.02 0.02 0.02 0.02 0.02
 0.02 0.02 0.02 0.02 0.02
 0.02 0.02 0.02 0.02 0.02
 0.02 0.02 0.02 0.02 0.02
 0.02 0.02 0.02 0.02 0.02
isprey
 0 0 0 0 0 0 0 0 0 0
 0 0 0 0 0 0 0 0 0 0
 0 0 0 0 0 0 0 0 0 0
 0 0 0 0 0 0 0 0 0 0
 0 0 0 0 0 0 0 0 0 0
 0 0 0 0 0 0 0 0 0 0
 0 0 0 0 0 0 0 0 0 0
 0 0 0 0 0 0 0 0 0 0
 0 0 0 0 0 0 0 0 0 0
 0 0 0 0 0 0 0 0 0 0
preferred_wtratio
 0.5 0.5 0.5 0.5 0.5 0.5 0.5 0.5 0.5 0.5
sd_sizepref
 2 2 2 2 2 2 2 2 2 2
wtratio
 1 0.033501 0.00690635 0.00244072 0.00112232
 29.8499 1 0.206154 0.0728551 0.033501
 144.794 4.85075 1 0.353402 0.162505
 409.715 13.7259 2.82964 1 0.45983
 891.014 29.8499 6.15366 2.17471 1
 0.0242053 0.000810902 0.00016717 5.90783e-05 2.7166e-05
 0.714834 0.0239477 0.0049369 0.00174471 0.00080227
 3.45027 0.115588 0.0238288 0.00842115 0.0038723
 9.73108 0.326001 0.0672063 0.0237508 0.0109214
 21.1106 0.707226 0.145797 0.051525 0.0236928
 0.0401911 0.00134644 0.000277574 9.80951e-05 4.51071e-05
 1.54401 0.051726 0.0106635 0.0037685 0.00173287
 8.42194 0.282143 0.0581648 0.0205556 0.00945208
 25.7456 0.862505 0.177808 0.0628379 0.0288948
 59.3162 1.98715 0.409658 0.144774 0.0665715
 1.01262 0.0339237 0.0069935 0.00247152 0.00113648
 25.4068 0.851154 0.175469 0.0620109 0.0285145
 113.68 3.80839 0.785112 0.27746 0.127585
 305.007 10.218 2.10649 0.744436 0.342315
 637.464 21.3557 4.40255 1.55587 0.715436
 0.299732 0.0100413 0.00207005 0.000731561 0.000336394
 8.72211 0.292199 0.0602379 0.0212882 0.00978897
 41.8111 1.40071 0.288762 0.102049 0.0469252
 117.392 3.93273 0.810747 0.28652 0.13175
 253.811 8.50292 1.75291 0.619481 0.284856
 0.115281 0.00386202 0.00079617 0.000281368 0.000129382
 3.58836 0.120214 0.0247825 0.00875818 0.00402728
 17.7487 0.594598 0.122579 0.0433195 0.0199196
 50.871 1.70423 0.351333 0.124162 0.0570933
 111.695 3.7419 0.771407 0.272617 0.125357
 0.363498 0.0121775 0.00251044 0.000887196 0.00040796
 11.4415 0.383303 0.0790192 0.0279255 0.012841
 56.8861 1.90574 0.392875 0.138843 0.0638442
 163.604 5.48089 1.12991 0.399311 0.183615
 360.136 12.0649 2.48722 0.87899 0.404186
 0.225423 0.00755189 0.00155685 0.000550193 0.000252996
 6.66737 0.223363 0.0460472 0.0162732 0.0074829
 32.204 1.07887 0.222412 0.078601 0.0361431
 90.87 3.04424 0.62758 0.221788 0.101985
 197.202 6.60646 1.36195 0.481314 0.221323
 0.240223 0.00804772 0.00165907 0.000586317 0.000269606
 8.68293 0.290887 0.0599674 0.0211926 0.009745
 46.0383 1.54233 0.317956 0.112366 0.0516695
 138.135 4.62766 0.954009 0.337149 0.155031
 313.847 10.5142 2.16754 0.766012 0.352236
 0.0834017 0.00279404 0.000576002 0.00020356 9.36032e-05
 2.54048 0.0851085 0.0175454 0.00620059 0.00285122
 12.4398 0.416747 0.0859139 0.0303622 0.0139614
 35.4193 1.18658 0.244618 0.0864486 0.0397517
 77.3847 2.59246 0.534446 0.188874 0.0868501
 41.3133 1.39893 0.289832 0.102763 0.0473696
 1233.19 41.7577 8.65145 3.06748 1.41398
 5981.92 202.556 41.966 14.8796 6.85885
 16926.7 573.161 118.749 42.1038 19.4081
 36810.7 1246.46 258.244 91.5637 42.207
 1 0.0338614 0.00701547 0.00248742 0.0011466
 29.5321 1 0.207182 0.0734589 0.0338614
 142.542 4.82668 1 0.354562 0.163438
 402.023 13.6131 2.82038 1 0.460957
 872.147 29.5321 6.11852 2.1694 1
 1.66042 0.0562243 0.0116487 0.00413017 0.00190383
 63.7883 2.15996 0.447505 0.158668 0.0731393
 347.938 11.7817 2.44095 0.865468 0.398944
 1063.64 36.0162 7.46191 2.64571 1.21956
 2450.54 82.9789 17.1917 6.09554 2.80978
 41.8346 1.41658 0.293489 0.10406 0.0479673
 1049.64 35.5423 7.36372 2.6109 1.20351
 4696.48 159.03 32.948 11.6821 5.38497
 12600.8 426.682 88.4008 31.3436 14.4481
 26335.7 891.764 184.757 65.508 30.1964
 12.3829 0.419302 0.0868718 0.0308015 0.0141982
 360.339 12.2016 2.52795 0.896314 0.413163
 1727.35 58.4905 12.1182 4.29665 1.98057
 4849.83 164.222 34.0238 12.0636 5.56079
 10485.8 355.063 73.5626 26.0825 12.0229
 4.76263 0.161269 0.0334121 0.0118467 0.00546081
 148.247 5.01985 1.04002 0.368752 0.169979
 733.256 24.8291 5.14414 1.82392 0.840748
 2101.65 71.1647 14.744 5.22768 2.40974
 4614.5 156.253 32.3729 11.4782 5.29096
 15.0173 0.508506 0.105353 0.0373543 0.0172187
 472.687 16.0058 3.31612 1.17577 0.541981
 2350.15 79.5794 16.4874 5.84581 2.69467
 6759.01 228.87 47.4176 16.8125 7.74985
 14878.4 503.803 104.379 37.0088 17.0595
 9.31295 0.31535 0.0653347 0.0231652 0.0106782
 275.451 9.32715 1.93242 0.685162 0.315831
 1330.45 45.0511 9.33376 3.3094 1.52549
 3754.14 127.12 26.337 9.33812 4.30448
 8147.05 275.871 57.1554 20.2652 9.34138
 9.9244 0.336054 0.0696244 0.0246862 0.0113793
 358.72 12.1468 2.51659 0.892288 0.411307
 1901.99 64.4041 13.3434 4.73105 2.18081
 5706.81 193.241 40.036 14.1952 6.5434
 12966 439.048 90.9629 32.252 14.8668
 3.4456 0.116673 0.0241725 0.00857065 0.00395071
 104.955 3.55394 0.736311 0.261068 0.120341
 513.931 17.4024 3.60547 1.27836 0.58927
 1463.29 49.549 10.2657 3.63981 1.6778
 3197.01 108.255 22.4286 7.95232 3.66568
 24.8812 0.647662 0.118738 0.0388415 0.0168588
 742.699 19.3326 3.5443 1.15941 0.503233
 3602.65 93.7778 17.1925 5.62403 2.44106
 10194.2 265.357 48.6486 15.914 6.90731
 22169.5 577.076 105.797 34.6083 15.0214
 0.602256 0.0156769 0.00287408 0.000940171 0.000408073
 17.7859 0.462971 0.0848777 0.0277652 0.0120513
 85.8468 2.23461 0.409677 0.134014 0.0581675
 242.121 6.30246 1.15544 0.37797 0.164054
 525.256 13.6725 2.50662 0.819967 0.355899
 1 0.0260302 0.00477219 0.00156108 0.000677574
 38.4169 1 0.183332 0.0599719 0.0260302
 209.547 5.45457 1 0.327121 0.141984
 640.581 16.6745 3.05697 1 0.434041
 1475.85 38.4169 7.04306 2.30393 1
 25.1951 0.655835 0.120236 0.0393316 0.0170715
 632.151 16.4551 3.01674 0.98684 0.428329
 2828.48 73.6261 13.4981 4.4155 1.91651
 7588.93 197.542 36.2158 11.8469 5.14206
 15860.8 412.861 75.6909 24.7601 10.7469
 7.45767 0.194125 0.0355894 0.011642 0.00505312
 217.016 5.64898 1.03564 0.33878 0.147044
 1040.31 27.0794 4.96454 1.624 0.704885
 2920.84 76.0301 13.9388 4.55966 1.97908
 6315.11 164.384 30.1369 9.8584 4.27895
 2.86832 0.0746631 0.0136882 0.00447768 0.0019435
 89.2825 2.32405 0.426073 0.139377 0.0604955
 441.608 11.4952 2.10743 0.689386 0.299222
 1265.73 32.9472 6.04029 1.97591 0.857624
 2779.11 72.3408 13.2624 4.33841 1.88305
 9.04425 0.235424 0.0431608 0.0141188 0.00612814
 284.678 7.41025 1.35854 0.444406 0.192891
 1415.39 36.843 6.75451 2.20954 0.959032
 4070.65 105.96 19.4259 6.35462 2.75817
 8960.59 233.246 42.7616 13.9882 6.07146
 5.60878 0.145998 0.0267661 0.00875576 0.00380036
 165.892 4.3182 0.791667 0.258971 0.112404
 801.274 20.8573 3.82383 1.25085 0.542922
 2260.95 58.8531 10.7897 3.52953 1.53196
 4906.61 127.72 23.4153 7.65962 3.32459
 5.97703 0.155584 0.0285235 0.00933063 0.00404988
 216.041 5.62361 1.03099 0.337258 0.146384
 1145.49 29.8173 5.46647 1.7882 0.77615
 3436.96 89.4649 16.4018 5.36537 2.32879
 7808.87 203.267 37.2654 12.1903 5.29108
 2.07513 0.0540162 0.00990292 0.00323945 0.00140605
 63.21 1.64537 0.30165 0.0986759 0.0428294
 309.518 8.05682 1.47708 0.483182 0.209721
 881.274 22.9398 4.2056 1.37574 0.597128
 1925.42 50.1192 9.18847 3.00574 1.30461
 0.987539 0.0393595 0.00879664 0.00327861 0.00156872
 29.4779 1.17488 0.262578 0.0978661 0.046826
 142.99 5.69903 1.2737 0.474724 0.227141
 404.61 16.1262 3.60412 1.3433 0.642727
 879.911 35.0699 7.83793 2.92129 1.39775
 0.0239037 0.000952708 0.000212925 7.93598e-05 3.79713e-05
 0.705927 0.0281355 0.00628814 0.00234366 0.00112137
 3.40728 0.135801 0.0303508 0.0113121 0.0054125
 9.60982 0.38301 0.0856008 0.0319044 0.0152653
 20.8475 0.830902 0.185702 0.0692134 0.0331165
 0.0396902 0.0015819 0.000353546 0.000131771 6.30484e-05
 1.52477 0.0607716 0.0135821 0.00506222 0.00242212
 8.31699 0.331483 0.0740847 0.0276123 0.0132116
 25.4248 1.01334 0.226475 0.08441 0.0403876
 58.577 2.33465 0.521783 0.194475 0.0930503
 1 0.0398561 0.00890763 0.00331998 0.00158851
 25.0902 1 0.223495 0.0832992 0.0398561
 112.263 4.47438 1 0.372712 0.178331
 301.206 12.0049 2.68304 1 0.47847
 629.52 25.0902 5.60754 2.09 1
 0.295997 0.0117973 0.00263663 0.000982704 0.000470194
 8.61342 0.343298 0.0767252 0.0285964 0.0136825
 41.2901 1.64566 0.367797 0.137082 0.0655897
 115.929 4.62047 1.03265 0.384881 0.184154
 250.648 9.98987 2.23268 0.832148 0.398158
 0.113844 0.00453739 0.00101408 0.000377961 0.000180843
 3.54365 0.141236 0.0315655 0.0117648 0.00562912
 17.5275 0.698579 0.156129 0.058191 0.0278427
 50.2371 2.00226 0.447494 0.166786 0.0798021
 110.303 4.39627 0.982543 0.366206 0.175218
 0.358968 0.0143071 0.00319756 0.00119177 0.000570225
 11.299 0.450333 0.100647 0.0375123 0.0179485
 56.1772 2.23901 0.500406 0.186507 0.0892382
 161.565 6.43936 1.43916 0.536393 0.256648
 355.648 14.1748 3.16798 1.18075 0.564951
 0.222614 0.00887252 0.00198296 0.000739074 0.000353624
 6.58429 0.262424 0.0586504 0.0218597 0.0104592
 31.8027 1.26753 0.283287 0.105585 0.050519
 89.7377 3.5766 0.799351 0.297928 0.142549
 194.745 7.76177 1.73471 0.646549 0.309354
 0.23723 0.00945506 0.00211316 0.000787599 0.000376842
 8.57473 0.341756 0.0763806 0.028468 0.0136211
 45.4646 1.81204 0.404982 0.150942 0.072221
 136.414 5.43692 1.21512 0.452891 0.216695
 309.936 12.3529 2.7608 1.02898 0.492337
 0.0823625 0.00328265 0.000733655 0.000273442 0.000130834
 2.50882 0.0999918 0.0223476 0.00832924 0.00398529
 12.2848 0.489626 0.109429 0.0407854 0.0195146
 34.978 1.39409 0.311571 0.116126 0.0555629
 76.4204 3.04582 0.680725 0.253714 0.121395
 3.33632 0.114651 0.0239171 0.0085185 0.00393994
 99.5886 3.42232 0.713923 0.254276 0.117607
 483.08 16.6008 3.46306 1.23343 0.570481
 1366.94 46.9744 9.79921 3.49016 1.61425
 2972.71 102.156 21.3105 7.59011 3.51054
 0.0807566 0.00277517 0.000578921 0.000206193 9.53674e-05
 2.38491 0.0819566 0.0170968 0.00608932 0.0028164
 11.5112 0.395578 0.0825206 0.0293912 0.0135939
 32.466 1.11568 0.232739 0.0828943 0.0383399
 70.4316 2.42035 0.504904 0.179831 0.0831744
 0.13409 0.00460795 0.000961255 0.000342368 0.00015835
 5.15132 0.177023 0.0369284 0.0131527 0.00608332
 28.0983 0.965585 0.201428 0.0717423 0.0331819
 85.8957 2.95177 0.615762 0.219314 0.101436
 197.898 6.80067 1.41867 0.505285 0.233702
 3.37842 0.116098 0.0242189 0.00862599 0.00398965
 84.7653 2.91292 0.607658 0.216428 0.100101
 379.272 13.0335 2.71889 0.968382 0.447892
 1017.6 34.9694 7.29489 2.5982 1.20171
 2126.78 73.086 15.2463 5.43024 2.51157
 1 0.0343646 0.00716872 0.00255326 0.00118092
 29.0997 1 0.208608 0.0742993 0.0343646
 139.495 4.79369 1 0.356168 0.164733
 391.655 13.4591 2.80767 1 0.462515
 846.794 29.0997 6.07043 2.16209 1
 0.384614 0.0132171 0.00275719 0.00098202 0.0004542
 11.9719 0.41141 0.0858232 0.0305675 0.0141379
 59.2152 2.03491 0.424497 0.151192 0.0699287
 169.722 5.83242 1.21669 0.433345 0.200429
 372.651 12.806 2.67143 0.951477 0.440073
 1.21274 0.0416755 0.00869382 0.00309646 0.00143216
 38.1726 1.31178 0.273648 0.0974647 0.0450789
 189.79 6.52206 1.36055 0.484584 0.224128
 545.834 18.7574 3.91293 1.39366 0.644589
 1201.53 41.29 8.61341 3.06782 1.41891
 0.752082 0.025845 0.00539146 0.00192026 0.000888152
 22.2445 0.764421 0.159464 0.056796 0.026269
 107.443 3.69223 0.770228 0.27433 0.126882
 303.171 10.4184 2.17335 0.774076 0.358022
 657.928 22.6094 4.7165 1.67987 0.776964
 0.801461 0.0275419 0.00574545 0.00204634 0.000946465
 28.969 0.995508 0.207671 0.0739656 0.0342102
 153.598 5.27834 1.1011 0.392177 0.181388
 460.862 15.8373 3.30379 1.1767 0.544244
 1047.09 35.9829 7.50631 2.67351 1.23654
 0.278255 0.00956211 0.00199473 0.000710458 0.000328598
 8.47584 0.291269 0.0607609 0.0216411 0.0100093
 41.5033 1.42624 0.297525 0.105969 0.0490122
 118.17 4.06087 0.847128 0.30172 0.13955
 258.18 8.87225 1.85082 0.659202 0.304891
 8.67447 0.278679 0.0563422 0.0196576 0.00895293
 258.932 8.31852 1.68181 0.586776 0.267244
 1256.01 40.3511 8.15803 2.8463 1.29633
 3554.06 114.179 23.0843 8.05401 3.66815
 7729.07 248.307 50.2017 17.5152 7.97719
 0.209968 0.00674551 0.00136378 0.000475818 0.000216708
 6.20081 0.199209 0.0402754 0.0140519 0.00639986
 29.9293 0.961518 0.194396 0.067824 0.0308901
 84.412 2.71185 0.548271 0.191289 0.0871217
 183.123 5.88307 1.18942 0.414983 0.189002
 0.348636 0.0112004 0.00226445 0.000790059 0.000359828
 13.3935 0.430284 0.0869932 0.0303516 0.0138234
 73.0558 2.34702 0.474511 0.165555 0.075401
 223.33 7.17477 1.45057 0.506097 0.230499
 514.536 16.5302 3.342 1.16601 0.531053
 8.78392 0.282195 0.0570532 0.0199056 0.0090659
 220.391 7.08035 1.43148 0.499437 0.227466
 986.112 31.6802 6.40497 2.23467 1.01777
 2645.77 84.999 17.1848 5.9957 2.73071
 5529.66 177.648 35.9161 12.531 5.70717
 2.60001 0.0835289 0.0168875 0.005892 0.00268348
 75.6597 2.43067 0.491423 0.171456 0.0780884
 362.689 11.6519 2.35573 0.821904 0.374331
 1018.31 32.7145 6.6141 2.30763 1.051
 2201.68 70.7318 14.3003 4.98931 2.27235
 1 0.0321263 0.00649518 0.00226614 0.0010321
 31.1271 1 0.202176 0.0705385 0.0321263
 153.96 4.94618 1 0.348896 0.158903
 441.279 14.1767 2.86618 1 0.455444
 968.897 31.1271 6.29316 2.19566 1
 3.15315 0.101299 0.0204803 0.00714549 0.00325437
 99.2492 3.18851 0.644641 0.224913 0.102435
 493.457 15.853 3.20509 1.11824 0.509297
 1419.18 45.5929 9.2178 3.21605 1.46473
 3123.99 100.362 20.2908 7.0794 3.22427
 1.95542 0.0628205 0.0127008 0.00443126 0.00201819
 57.8359 1.85805 0.375654 0.131064 0.0596925
 279.353 8.97458 1.81445 0.633053 0.28832
 788.249 25.3235 5.11982 1.78628 0.813553
 1710.62 54.956 11.1108 3.87651 1.76553
 2.08381 0.0669451 0.0135347 0.00472221 0.0021507
 75.3198 2.41975 0.489216 0.170685 0.0777377
 399.358 12.8299 2.5939 0.905001 0.412177
 1198.25 38.4953 7.78283 2.7154 1.23671
 2722.45 87.4625 17.6828 6.16947 2.80985
 0.723466 0.0232423 0.00469904 0.00163948 0.00074669
 22.0373 0.707977 0.143136 0.0499396 0.0227447
 107.909 3.46672 0.700888 0.244537 0.111373
 307.244 9.87062 1.9956 0.696258 0.317107
 671.271 21.5655 4.36003 1.5212 0.69282
 2.75105 0.0874009 0.017579 0.00611233 0.00277673
 82.1184 2.6089 0.52473 0.182452 0.082885
 398.336 12.6552 2.54534 0.88503 0.402055
 1127.15 35.8095 7.20238 2.50431 1.13767
 2451.22 77.8754 15.6631 5.44617 2.47411
 0.06659 0.00211557 0.000425505 0.000147951 6.72116e-05
 1.96654 0.0624772 0.0125661 0.0043693 0.0019849
 9.49187 0.301557 0.0606523 0.0210892 0.00958048
 26.7707 0.850505 0.171063 0.0594796 0.0270206
 58.0762 1.84508 0.371103 0.129035 0.0586184
 0.110568 0.00351274 0.000706518 0.000245661 0.0001116
 4.24766 0.134948 0.0271422 0.00943752 0.00428731
 23.1692 0.736085 0.148049 0.0514776 0.0233855
 70.8275 2.25019 0.452582 0.157366 0.0714887
 163.182 5.18429 1.04272 0.36256 0.164705
 2.78576 0.0885037 0.0178008 0.00618945 0.00281177
 69.8954 2.22058 0.446626 0.155295 0.0705479
 312.739 9.93572 1.99838 0.694848 0.315658
 839.089 26.6579 5.36172 1.8643 0.846923
 1753.69 55.7149 11.206 3.89639 1.77007
 0.824576 0.0261968 0.00526898 0.00183206 0.000832274
 23.9949 0.76232 0.153326 0.0533124 0.0242189
 115.024 3.65432 0.734996 0.255563 0.116098
 322.95 10.2601 2.06362 0.717535 0.325965
 698.246 22.1833 4.46174 1.55138 0.704765
 0.317143 0.0100756 0.00202652 0.000704634 0.000320104
 9.87175 0.313626 0.0630797 0.0219332 0.00996391
 48.8275 1.55125 0.312004 0.108486 0.0492833
 139.948 4.44617 0.89426 0.31094 0.141255
 307.279 9.76227 1.96349 0.682718 0.310148
 1 0.03177 0.00638992 0.00222182 0.00100934
 31.4762 1 0.201131 0.0699344 0.03177
 156.496 4.9719 1 0.347706 0.157957
 450.082 14.2991 2.87599 1 0.454284
 990.751 31.4762 6.33082 2.20127 1
 0.620149 0.0197022 0.0039627 0.00137786 0.000625938
 18.3422 0.582734 0.117206 0.0407531 0.0185135
 88.5948 2.81466 0.566114 0.196842 0.0894219
 249.988 7.94212 1.5974 0.555427 0.252322
 542.512 17.2356 3.46661 1.20536 0.547577
 0.660866 0.0209957 0.00422288 0.00146832 0.000667035
 23.8872 0.758896 0.152637 0.0530729 0.0241102
 126.653 4.02379 0.809306 0.281401 0.127836
 380.016 12.0731 2.42827 0.844326 0.383564
 863.408 27.4305 5.51711 1.91833 0.871468
 0.229442 0.00728939 0.00146612 0.000509779 0.000231584
 6.98897 0.22204 0.044659 0.0155282 0.00705422
 34.2226 1.08725 0.21868 0.0760364 0.0345421
 97.4403 3.09568 0.622636 0.216495 0.0983499
 212.889 6.76349 1.36034 0.473001 0.214876
 4.43611 0.149984 0.031052 0.0110047 0.00507094
 132.417 4.47701 0.926898 0.32849 0.151367
 642.323 21.7169 4.49615 1.59342 0.734244
 1817.54 61.4509 12.7225 4.50881 2.07764
 3952.64 133.638 27.6678 9.80537 4.51828
 0.107377 0.00363041 0.000751623 0.000266373 0.000122744
 3.17108 0.107214 0.022197 0.00786656 0.00362489
 15.3058 0.517487 0.107138 0.0379693 0.0174961
 43.1681 1.45951 0.30217 0.107088 0.0493458
 93.6489 3.16625 0.655526 0.232316 0.107051
 0.178292 0.00602803 0.00124801 0.000442292 0.000203807
 6.84942 0.231578 0.0479447 0.0169915 0.00782961
 37.3606 1.26316 0.261518 0.0926811 0.0427072
 114.211 3.86144 0.799454 0.283324 0.130555
 263.133 8.89649 1.84189 0.652758 0.300789
 4.49209 0.151877 0.0314438 0.0111436 0.00513493
 112.708 3.81062 0.788933 0.279595 0.128837
 504.296 17.0502 3.52999 1.25102 0.576464
 1353.05 45.7463 9.47108 3.35652 1.54667
 2827.86 95.6095 19.7945 7.01512 3.23254
 1.32964 0.044955 0.00930727 0.00329847 0.00151992
 38.6922 1.30818 0.270839 0.0959845 0.0442293
 185.478 6.271 1.29832 0.460119 0.212022
 520.762 17.6069 3.64524 1.29186 0.595286
 1125.93 38.0676 7.88134 2.79312 1.28706
 0.511398 0.0172903 0.0035797 0.00126863 0.000584583
 15.9184 0.538197 0.111426 0.0394889 0.0181964
 78.7351 2.66202 0.551132 0.195319 0.0900026
 225.669 7.62984 1.57965 0.559821 0.257964
 495.493 16.7525 3.46836 1.22918 0.566401
 1.61252 0.0545189 0.0112873 0.0040002 0.00184328
 50.7559 1.71605 0.355282 0.125911 0.0580194
 252.353 8.53202 1.76643 0.626016 0.288466
 725.765 24.538 5.08023 1.80042 0.829626
 1597.6 54.0147 11.1829 3.9632 1.82623
 1 0.0338099 0.00699983 0.00248072 0.00114311
 29.5772 1 0.207035 0.0733726 0.0338099
 142.861 4.8301 1 0.354397 0.163305
 403.109 13.6291 2.8217 1 0.460797
 874.809 29.5772 6.12352 2.17015 1
 1.06566 0.0360297 0.00745941 0.00264359 0.00121816
 38.5184 1.3023 0.269622 0.0955533 0.0440307
 204.231 6.90501 1.42958 0.506639 0.233458
 612.782 20.7181 4.28937 1.52014 0.700475
 1392.26 47.0721 9.74557 3.4538 1.5915
 0.369979 0.0125089 0.00258979 0.000917814 0.000422926
 11.2698 0.381031 0.0788869 0.0279573 0.0128826
 55.1845 1.86578 0.386282 0.136897 0.0630818
 157.124 5.31234 1.09984 0.38978 0.179609
 343.287 11.6065 2.40295 0.851598 0.392414
 4.1628 0.115168 0.0217211 0.00723929 0.00318627
 124.259 3.43776 0.648371 0.216092 0.0951096
 602.749 16.6757 3.14509 1.04821 0.461353
 1705.56 47.1863 8.89945 2.96605 1.30546
 3709.11 102.617 19.3538 6.45031 2.83901
 0.100762 0.00278769 0.000525765 0.000175229 7.71246e-05
 2.97571 0.0823264 0.015527 0.0051749 0.00227765
 14.3628 0.397363 0.0749436 0.0249775 0.0109935
 40.5085 1.12071 0.211369 0.0704462 0.0310058
 87.879 2.43127 0.458544 0.152826 0.067264
 0.167307 0.00462874 0.000872993 0.000290955 0.000128059
 6.42742 0.177822 0.0335376 0.0111776 0.00491964
 35.0588 0.969942 0.182933 0.0609689 0.0268345
 107.174 2.96509 0.559223 0.18638 0.0820325
 246.921 6.83135 1.28841 0.429407 0.188997
 4.21532 0.116622 0.0219951 0.00733064 0.00322647
 105.763 2.92607 0.551863 0.183928 0.080953
 473.226 13.0923 2.46925 0.822962 0.362214
 1269.68 35.1272 6.62508 2.20804 0.971834
 2653.63 73.4157 13.8464 4.61479 2.03113
 1.24772 0.0345196 0.00651049 0.00216985 0.000955025
 36.3084 1.00451 0.189453 0.0631419 0.027791
 174.051 4.81532 0.90818 0.302683 0.133221
 488.677 13.5198 2.54987 0.849832 0.374041
 1056.56 29.231 5.51304 1.83741 0.80871
 0.479891 0.0132767 0.00250402 0.000834552 0.000367316
 14.9376 0.413266 0.077943 0.0259772 0.0114335
 73.8841 2.04409 0.38552 0.128488 0.056552
 211.765 5.85873 1.10497 0.36827 0.162089
 464.965 12.8638 2.42614 0.808595 0.355891
 1.51317 0.0418635 0.00789556 0.00263147 0.0011582
 47.6287 1.3177 0.248522 0.0828286 0.0364558
 236.805 6.55149 1.23563 0.411815 0.181254
 681.049 18.842 3.55365 1.18438 0.521286
 1499.17 41.4763 7.82253 2.60713 1.14749
 0.938389 0.0259616 0.00489642 0.0016319 0.000718257
 27.7549 0.767871 0.144822 0.048267 0.021244
 134.059 3.70889 0.699506 0.233135 0.102611
 378.273 10.4654 1.97379 0.657835 0.289536
 820.911 22.7114 4.28343 1.4276 0.628338
 1 0.0276661 0.0052179 0.00173905 0.000765415
 36.1453 1 0.188602 0.0628583 0.0276661
 191.648 5.30216 1 0.333285 0.14669
 575.028 15.9088 3.00044 1 0.440135
 1306.48 36.1453 6.81709 2.27203 1
 0.347184 0.00960525 0.00181157 0.00060377 0.00026574
 10.5755 0.292583 0.0551818 0.0183913 0.00809464
 51.7845 1.43268 0.270207 0.0900557 0.0396367
 147.443 4.07919 0.769345 0.256411 0.112855
 322.137 8.91228 1.68088 0.560211 0.246568
 11.9902 0.393627 0.0803869 0.0282332 0.0129224
 357.905 11.7497 2.39954 0.842756 0.385733
 1736.11 56.9949 11.6396 4.088 1.8711
 4912.55 161.275 32.9357 11.5676 5.29453
 10683.4 350.727 71.6258 25.1562 11.5141
 0.290225 0.00952786 0.00194579 0.000683392 0.000312792
 8.57098 0.281378 0.0574633 0.020182 0.00923741
 41.3693 1.35812 0.277357 0.0974122 0.044586
 116.677 3.83042 0.782251 0.274739 0.125749
 253.119 8.3097 1.69701 0.596019 0.2728
 0.481897 0.0158203 0.00323083 0.00113472 0.000519367
 18.513 0.607766 0.124118 0.0435924 0.0199524
 100.98 3.3151 0.677013 0.237778 0.108832
 308.694 10.1342 2.06961 0.726881 0.332697
 711.21 23.3484 4.76824 1.67468 0.76651
 12.1415 0.398594 0.0814012 0.0285894 0.0130855
 304.632 10.0008 2.04238 0.717316 0.328319
 1363.04 44.7474 9.13836 3.20954 1.46902
 3657.08 120.059 24.5186 8.61132 3.94144
 7643.29 250.923 51.2437 17.9976 8.23759
 3.59383 0.117982 0.0240945 0.00846237 0.00387327
 104.579 3.43326 0.701143 0.246253 0.112711
 501.321 16.458 3.36106 1.18046 0.540301
 1407.54 46.2085 9.43673 3.31433 1.51699
 3043.23 99.9069 20.4031 7.16589 3.27986
 1.38224 0.0453776 0.00926706 0.00325474 0.00148971
 43.025 1.41248 0.288457 0.101311 0.0463704
 212.809 6.98636 1.42676 0.501101 0.229356
 609.951 20.0242 4.08936 1.43625 0.657378
 1339.24 43.9663 8.97883 3.15351 1.44338
 4.3584 0.143083 0.0292205 0.0102627 0.00469728
 137.186 4.50369 0.919749 0.323031 0.147853
 682.073 22.3919 4.57289 1.60607 0.735108
 1961.64 64.3989 13.1516 4.61905 2.11416
 4318.08 141.759 28.9502 10.1678 4.65384
 2.70285 0.0887325 0.018121 0.0063644 0.00291301
 79.9428 2.62446 0.535969 0.188241 0.0861587
 386.131 12.6764 2.58878 0.909222 0.416155
 1089.55 35.7689 7.30475 2.56555 1.17426
 2364.48 77.624 15.8524 5.56764 2.54833
 2.88031 0.0945583 0.0193108 0.00678226 0.00310427
 104.11 3.41784 0.697994 0.245147 0.112205
 552.006 18.1219 3.70087 1.29981 0.594927
 1656.26 54.3737 11.1042 3.89999 1.78504
 3763.07 123.539 25.2292 8.86089 4.05567
 1 0.0328292 0.0067044 0.0023547 0.00107775
 30.4607 1 0.204221 0.0717257 0.0328292
 149.156 4.89666 1 0.351216 0.160753
 424.683 13.942 2.84725 1 0.457705
 927.855 30.4607 6.22071 2.18482 1

sizepref
 0.193334 0.892764 0.681026 0.40534 0.230607
 0.002342 0.193334 0.563661 0.81136 0.892764
 0.000112681 0.035551 0.193334 0.419604 0.627427
 1.08636e-05 0.00828931 0.0679689 0.193334 0.353809
 1.58699e-06 0.002342 0.0260964 0.090848 0.193334
 0.888517 0.174165 0.0305762 0.00691505 0.0019097
 0.255718 0.887979 0.593298 0.323606 0.172485
 0.0540037 0.713696 0.88772 0.729111 0.527608
 0.0138235 0.440596 0.825234 0.887547 0.785542
 0.0041922 0.257888 0.655766 0.862628 0.887416
 0.884881 0.266782 0.0572159 0.0147637 0.0044992
 0.12912 0.862178 0.780729 0.52025 0.322037
 0.0169858 0.478883 0.847216 0.877588 0.755235
 0.00301405 0.219447 0.603502 0.83593 0.89375
 0.00067581 0.0999441 0.382123 0.657582 0.826793
 0.191221 0.892456 0.68417 0.408541 0.232995
 0.0030821 0.221892 0.607043 0.837943 0.8936
 0.000186764 0.0479831 0.237173 0.483365 0.689592
 2.16846e-05 0.0128787 0.0939858 0.247589 0.427856
 3.70416e-06 0.00411364 0.0401612 0.128152 0.255547
 0.462763 0.768262 0.364216 0.158469 0.0713457
 0.0161662 0.469533 0.842238 0.880414 0.762837
 0.00129155 0.141935 0.472688 0.742721 0.872516
 0.00017479 0.0461486 0.231017 0.474769 0.681568
 3.2981e-05 0.0167583 0.113741 0.28565 0.476324
 0.714332 0.526888 0.171294 0.0581326 0.0217392
 0.0515408 0.704224 0.889614 0.73816 0.538243
 0.00554836 0.294572 0.699468 0.879535 0.874833
 0.00090156 0.117029 0.42112 0.696317 0.849764
 0.000193651 0.0490141 0.240591 0.488089 0.693954
 0.412357 0.806396 0.412543 0.188729 0.0882126
 0.0109059 0.398832 0.796323 0.893284 0.81588
 0.000731424 0.104394 0.392601 0.668303 0.833474
 8.68264e-05 0.0303872 0.173415 0.388518 0.59489
 1.47342e-05 0.0100765 0.0785213 0.215983 0.385479
 0.539447 0.703143 0.297882 0.120353 0.0512679
 0.0234393 0.541935 0.874296 0.852261 0.700903
 0.00205322 0.180779 0.543092 0.797337 0.890365
 0.000294286 0.0625152 0.282856 0.543854 0.742863
 5.78638e-05 0.0237311 0.145793 0.342891 0.544423
 0.522216 0.718444 0.312102 0.1282 0.0552895
 0.0162696 0.470733 0.842891 0.880065 0.761869
 0.00108385 0.129259 0.447158 0.720425 0.862304
 0.000124467 0.0377308 0.201409 0.431811 0.639803
 2.03005e-05 0.0123527 0.0911696 0.241961 0.420457
 0.785766 0.440302 0.125972 0.0393003 0.0138012
 0.0767039 0.781694 0.861624 0.653531 0.445619
 0.00962398 0.377859 0.77978 0.893964 0.829876
 0.00173742 0.165847 0.517309 0.778513 0.885563
 0.000404636 0.0749974 0.318481 0.587299 0.777563
 0.0013198 0.142109 0.471701 0.741141 0.871601
 6.78666e-07 0.00129453 0.0163534 0.0619689 0.140656
 7.5147e-09 5.45528e-05 0.00128294 0.00732056 0.0225585
 2.75293e-10 4.81983e-06 0.000170684 0.00127535 0.00480679
 1.95214e-11 6.5965e-07 3.17144e-05 0.000289837 0.00126971
 0.193334 0.892503 0.684954 0.410182 0.234692
 0.00238558 0.193334 0.562314 0.80988 0.892503
 0.000116483 0.0357763 0.193334 0.418758 0.625915
 1.13642e-05 0.00839456 0.0682221 0.193334 0.35322
 1.67674e-06 0.00238558 0.0262956 0.0910861 0.193334
 0.120132 0.851817 0.798111 0.545083 0.34405
 0.00058843 0.0915112 0.360382 0.633721 0.810663
 1.59727e-05 0.0104407 0.080161 0.218817 0.388748
 1.00226e-06 0.00168681 0.0201039 0.0733153 0.161712
 1.03383e-07 0.000352631 0.00583689 0.0264274 0.0685139
 0.00129024 0.140407 0.46836 0.738287 0.870355
 1.03759e-06 0.00172682 0.0204737 0.0744079 0.163701
 1.55991e-08 9.22739e-05 0.00197296 0.0105736 0.0310917
 7.23118e-10 9.86199e-06 0.000310947 0.00215227 0.00766138
 6.22181e-11 1.58356e-06 6.67337e-05 0.00055917 0.00229582
 0.00969066 0.376345 0.777511 0.893924 0.832542
 1.47147e-05 0.00990779 0.077125 0.212449 0.380004
 2.73547e-07 0.000693992 0.0100102 0.0413947 0.100291
 1.41691e-08 8.61253e-05 0.00186493 0.0100782 0.0298199
 1.30484e-09 1.52326e-05 0.000446777 0.0029486 0.0101292
 0.0363869 0.629441 0.892825 0.801292 0.620229
 0.000107185 0.0340324 0.186772 0.408682 0.615513
 2.60778e-06 0.0032036 0.0329823 0.109225 0.224178
 1.59101e-07 0.000476529 0.00742505 0.0323058 0.0813001
 1.64415e-08 9.5818e-05 0.00203459 0.0108542 0.0318082
 0.00721669 0.329967 0.735458 0.888927 0.85939
 7.71185e-06 0.00653339 0.0565901 0.167245 0.315286
 1.16331e-07 0.000382993 0.00623593 0.0279296 0.0718244
 5.16857e-09 4.16072e-05 0.00102667 0.00604671 0.0190789
 4.20976e-10 6.60821e-06 0.000222434 0.00160737 0.00590877
 0.0147249 0.449326 0.829826 0.886149 0.781008
 2.73921e-05 0.0146928 0.102899 0.26438 0.448924
 5.54415e-07 0.0011277 0.0146779 0.0567251 0.13066
 3.02734e-08 0.000148156 0.00290056 0.0146681 0.0413014
 2.89509e-09 2.7297e-05 0.000724938 0.00448143 0.0146608
 0.0134358 0.432658 0.819293 0.889441 0.793622
 1.4871e-05 0.00997491 0.0775101 0.213261 0.381123
 2.09884e-07 0.000577701 0.00865472 0.0366942 0.0905763
 8.67239e-09 6.04976e-05 0.00139662 0.00787259 0.0240394
 6.59206e-10 9.21039e-06 0.000293685 0.00204791 0.00733031
 0.0540905 0.711454 0.888451 0.73319 0.53304
 0.000219952 0.052137 0.249772 0.499733 0.703966
 6.29584e-06 0.0057251 0.0512487 0.154779 0.296551
 4.29393e-07 0.000946664 0.0127917 0.0506704 0.118884
 4.83346e-08 0.000206476 0.00379469 0.018407 0.050242
 0.00319236 0.276144 0.707222 0.886914 0.856797
 2.52484e-06 0.00483713 0.052306 0.169399 0.3324
 3.4153e-08 0.000276265 0.00583647 0.029383 0.080157
 1.4275e-09 2.982e-05 0.000979305 0.00659261 0.0223439
 1.11703e-10 4.73967e-06 0.000216399 0.00180988 0.00721359
 0.291771 0.84721 0.44772 0.198549 0.0882388
 0.00552985 0.352172 0.782243 0.89318 0.804479
 0.000329645 0.0882386 0.382112 0.677282 0.847209
 3.66781e-05 0.0252788 0.16993 0.402388 0.62492
 5.96998e-06 0.00833882 0.077851 0.228875 0.417788
 0.193334 0.891507 0.584168 0.298482 0.147455
 0.00150387 0.193334 0.595304 0.84288 0.891507
 5.06167e-05 0.0305779 0.193334 0.439698 0.662584
 3.65943e-06 0.00612595 0.0622147 0.193334 0.367835
 4.19599e-07 0.00150387 0.02176 0.0853753 0.193334
 0.00312581 0.273497 0.704179 0.886197 0.858347
 3.7821e-06 0.00625526 0.0631721 0.195584 0.371089
 6.87539e-08 0.000446025 0.008504 0.0400145 0.103786
 3.61196e-09 5.76455e-05 0.00167038 0.010355 0.0329995
 3.4122e-10 1.06677e-05 0.000422569 0.0032186 0.0119626
 0.0201197 0.57991 0.890956 0.798002 0.59954
 4.68377e-05 0.0292134 0.187471 0.430554 0.653565
 1.06209e-06 0.00276697 0.0345173 0.122823 0.258563
 6.27059e-08 0.000418887 0.00809616 0.0384389 0.10037
 6.3676e-09 8.59431e-05 0.00230365 0.0135662 0.0416069
 0.0669279 0.806932 0.826678 0.566967 0.348968
 0.000304845 0.084574 0.372389 0.667324 0.841616
 9.08297e-06 0.0108304 0.0939409 0.263114 0.463216
 6.33289e-07 0.00197305 0.0267483 0.100539 0.220492
 7.23052e-08 0.000461588 0.00873524 0.0409009 0.105696
 0.0153541 0.527682 0.879825 0.831659 0.650487
 2.54064e-05 0.0202972 0.146141 0.362071 0.58163
 4.69652e-07 0.00162025 0.0230317 0.089315 0.200498
 2.38567e-08 0.000215719 0.00479965 0.0250019 0.0699658
 2.14753e-09 3.98819e-05 0.00124002 0.00805231 0.0265664
 0.0294874 0.655411 0.892343 0.738097 0.522529
 8.42709e-05 0.0411386 0.235571 0.501908 0.720346
 2.08253e-06 0.00427579 0.0477488 0.157955 0.314891
 1.29697e-07 0.000685921 0.0118929 0.0525667 0.130119
 1.36831e-08 0.000146708 0.00353327 0.019391 0.0564208
 0.0271236 0.638872 0.893604 0.752388 0.53976
 4.7308e-05 0.0293858 0.188218 0.431726 0.654729
 8.24919e-07 0.00234642 0.0304914 0.111457 0.239398
 3.91799e-08 0.000303605 0.00628727 0.0312389 0.0843869
 3.30467e-09 5.41336e-05 0.00158774 0.00992156 0.0318073
 0.0954909 0.856966 0.765315 0.479501 0.275857
 0.00059877 0.121232 0.46107 0.750254 0.880424
 2.09625e-05 0.0180748 0.134841 0.341972 0.559016
 1.63249e-06 0.00365573 0.0425059 0.144399 0.293641
 2.029e-07 0.000926814 0.0150113 0.0634383 0.151853
 0.195463 0.886156 0.73916 0.482718 0.299562
 0.00239314 0.167362 0.498179 0.75208 0.87272
 0.000115712 0.0288781 0.155309 0.34617 0.537389
 1.11923e-05 0.00645704 0.0512716 0.147717 0.277765
 1.639e-06 0.00176811 0.0187819 0.0655454 0.142223
 0.887884 0.200839 0.0415626 0.010837 0.00338743
 0.258262 0.893409 0.657151 0.395046 0.230447
 0.0548107 0.673932 0.893965 0.792473 0.617872
 0.0140758 0.399025 0.780524 0.89363 0.843449
 0.00427908 0.226381 0.591855 0.820303 0.893017
 0.885657 0.301418 0.0754252 0.0222874 0.00764901
 0.13072 0.840948 0.825401 0.600023 0.403392
 0.0172879 0.436232 0.808347 0.893073 0.820775
 0.00307843 0.191102 0.538185 0.783358 0.88457
 0.000692054 0.0841566 0.323991 0.579424 0.763076
 0.193334 0.885402 0.742009 0.48608 0.302346
 0.0031478 0.193334 0.541776 0.786012 0.885402
 0.000191643 0.0393584 0.193334 0.405955 0.602717
 2.23201e-05 0.010152 0.072174 0.193334 0.344299
 3.82153e-06 0.0031478 0.0294959 0.0947722 0.193334
 0.466096 0.800508 0.425189 0.206266 0.102515
 0.0164556 0.427111 0.801897 0.893636 0.82661
 0.00132114 0.12121 0.409346 0.671551 0.829201
 0.000179374 0.0378047 0.18795 0.397791 0.594104
 3.39279e-05 0.0133083 0.0883206 0.2261 0.389243
 0.717324 0.57055 0.211867 0.0811932 0.0338379
 0.0523175 0.663938 0.893748 0.799989 0.628259
 0.00566026 0.260396 0.637956 0.847153 0.893231
 0.000922785 0.0991543 0.360388 0.620548 0.794427
 0.000198699 0.0402326 0.196329 0.410455 0.607424
 0.415578 0.833737 0.47602 0.242181 0.12472
 0.0111106 0.358853 0.745838 0.888725 0.864229
 0.000748906 0.0880522 0.333718 0.590691 0.771941
 8.91966e-05 0.0245623 0.138282 0.317649 0.504338
 1.51739e-05 0.00789009 0.0596956 0.166599 0.305913
 0.542847 0.741114 0.353795 0.159981 0.0754438
 0.0238388 0.498337 0.846055 0.882377 0.776772
 0.00209855 0.156015 0.477801 0.734954 0.864861
 0.000301763 0.0517432 0.233717 0.464367 0.661565
 5.94781e-05 0.0190383 0.114951 0.276508 0.454392
 0.525612 0.755304 0.369261 0.169615 0.0809299
 0.0165606 0.42828 0.802737 0.893579 0.825872
 0.00110902 0.109958 0.384988 0.646779 0.812915
 0.000127797 0.0307069 0.162257 0.357481 0.550152
 2.08973e-05 0.00972612 0.0698905 0.188542 0.337537
 0.788257 0.483048 0.158891 0.0562172 0.0220721
 0.0777755 0.747301 0.883898 0.72655 0.535402
 0.00980716 0.338839 0.726658 0.883929 0.872919
 0.00177631 0.142581 0.452505 0.712582 0.85337
 0.000414707 0.0624777 0.265722 0.507441 0.701842
 0.0561876 0.715641 0.887913 0.731779 0.5323
 0.000244705 0.0545261 0.255976 0.506844 0.709534
 7.31689e-06 0.0061689 0.0537674 0.160027 0.303735
 5.15684e-07 0.00104455 0.0136849 0.0532724 0.123562
 5.96145e-08 0.000232392 0.00412796 0.019637 0.0529051
 0.792122 0.438527 0.126604 0.0399359 0.0141778
 0.082226 0.789232 0.858527 0.648837 0.442392
 0.010808 0.390876 0.787878 0.893886 0.825543
 0.00202442 0.175413 0.530789 0.786982 0.887621
 0.000486198 0.0809096 0.331625 0.600475 0.78631
 0.677138 0.57472 0.202393 0.0727689 0.0284867
 0.0329232 0.604686 0.889454 0.820015 0.648581
 0.00259817 0.19932 0.569934 0.81409 0.892976
 0.000329272 0.0647715 0.286951 0.546895 0.744081
 5.74179e-05 0.0228204 0.140208 0.331449 0.529671
 0.0553639 0.71264 0.888545 0.734673 0.535699
 0.000338052 0.0657605 0.289825 0.550486 0.747056
 1.30442e-05 0.00896935 0.0711056 0.198821 0.360172
 1.12504e-06 0.00177708 0.0207394 0.074813 0.163927
 1.53912e-07 0.000452472 0.00704892 0.030756 0.0776815
 0.193334 0.892102 0.690336 0.416889 0.240396
 0.00244686 0.193334 0.560457 0.807822 0.892102
 0.000121922 0.0360887 0.193334 0.417594 0.623829
 1.20903e-05 0.0085416 0.0685724 0.193334 0.352408
 1.80849e-06 0.00244686 0.0265724 0.091415 0.193334
 0.397967 0.820845 0.436827 0.206143 0.0988739
 0.0101939 0.381061 0.779995 0.893951 0.831873
 0.000677996 0.0974835 0.373302 0.646347 0.818545
 8.02249e-05 0.028014 0.162065 0.368229 0.57128
 1.35972e-05 0.00921182 0.0725257 0.201872 0.36446
 0.162551 0.882445 0.736473 0.467452 0.279764
 0.00152111 0.151071 0.487075 0.752988 0.876208
 6.2931e-05 0.0241452 0.145936 0.341286 0.541009
 5.43441e-06 0.00507845 0.0464329 0.142623 0.277151
 7.27124e-07 0.00132115 0.0164556 0.0619609 0.140185
 0.245567 0.891265 0.616837 0.346096 0.188908
 0.0038467 0.242368 0.632405 0.850468 0.8918
 0.000209682 0.0498086 0.240889 0.486407 0.690963
 2.19884e-05 0.0125191 0.0909091 0.239918 0.416257
 3.42352e-06 0.00374463 0.0368372 0.118737 0.239194
 0.233213 0.893021 0.633646 0.36141 0.1997
 0.00246585 0.194097 0.561676 0.808639 0.89223
 9.93902e-05 0.0319065 0.177503 0.393049 0.598165
 8.19767e-06 0.00664264 0.0568382 0.167123 0.314339
 1.0442e-06 0.00168958 0.0199402 0.0724626 0.159654
 0.482599 0.757764 0.355221 0.154197 0.0694846
 0.0168338 0.470383 0.840974 0.88165 0.767587
 0.00130891 0.139491 0.464726 0.734117 0.868137
 0.000172417 0.0443764 0.222771 0.461009 0.667008
 3.17324e-05 0.0157795 0.107595 0.27242 0.458237
 0.016292 0.482191 0.85154 0.873609 0.743156
 3.15242e-05 0.0172834 0.118599 0.297486 0.493439
 6.46402e-07 0.00137707 0.0177621 0.0675171 0.152765
 3.55345e-08 0.000185086 0.00361784 0.0180836 0.0502014
 3.41209e-09 3.46536e-05 0.00092399 0.00566661 0.0183271
 0.558697 0.675086 0.269444 0.103789 0.0424775
 0.0258327 0.572929 0.884748 0.830906 0.661681
 0.0023313 0.200049 0.579533 0.823717 0.89391
 0.000340866 0.0713135 0.312666 0.583877 0.776921
 6.8038e-05 0.0276968 0.165485 0.378912 0.587118
 0.423112 0.790535 0.386404 0.170097 0.0769137
 0.00860542 0.369969 0.777225 0.893965 0.828278
 0.000452835 0.0836747 0.346278 0.622511 0.805128
 4.39442e-05 0.0212165 0.137231 0.331074 0.533411
 6.27781e-06 0.00621054 0.0560752 0.168524 0.319939
 0.0160052 0.478834 0.84986 0.874768 0.745979
 4.5259e-05 0.0216039 0.138999 0.334173 0.537002
 1.22094e-06 0.0021127 0.0247392 0.0882362 0.19037
 8.31864e-08 0.000336209 0.00584063 0.0270119 0.0707595
 9.54291e-09 7.26791e-05 0.00169515 0.00951874 0.0288241
 0.074755 0.785462 0.857009 0.640251 0.429762
 0.000422911 0.0805332 0.337975 0.613212 0.798581
 1.44919e-05 0.0106145 0.0833378 0.228429 0.40485
 1.123e-06 0.00199764 0.0236942 0.0852269 0.185043
 1.39722e-07 0.000482205 0.00778377 0.0342987 0.0866597
 0.193334 0.893539 0.665468 0.386591 0.215049
 0.00217831 0.193334 0.568933 0.817047 0.893539
 9.88921e-05 0.0346807 0.193334 0.42292 0.633333
 9.09921e-06 0.00788846 0.0669847 0.193334 0.356122
 1.27806e-06 0.00217831 0.0253286 0.0899207 0.193334
 0.0600222 0.744386 0.877277 0.68953 0.480731
 0.000246402 0.0592484 0.277134 0.540062 0.741867
 6.94967e-06 0.0066324 0.0588914 0.17505 0.329605
 4.66292e-07 0.00110332 0.014943 0.0586572 0.135944
 5.16721e-08 0.000240898 0.0044722 0.0216078 0.0584828
 0.101639 0.835972 0.813956 0.564147 0.358048
 0.00070892 0.107163 0.403951 0.682878 0.843553
 2.65269e-05 0.0155242 0.109809 0.280996 0.473096
 2.17121e-06 0.00309918 0.0331836 0.111579 0.230361
 2.80932e-07 0.000780489 0.01139 0.0469634 0.112914
 0.0950703 0.825876 0.824823 0.58133 0.373596
 0.000426651 0.0809317 0.339037 0.61441 0.799433
 1.1545e-05 0.00918588 0.0749513 0.210717 0.380597
 7.32404e-07 0.0014984 0.0189668 0.0712086 0.159633
 7.66842e-08 0.000317635 0.00558132 0.0260075 0.0685121
 0.253297 0.886342 0.580004 0.309419 0.161507
 0.00390653 0.257672 0.66051 0.866131 0.885036
 0.000207834 0.0537001 0.259722 0.517399 0.722523
 2.13223e-05 0.0135419 0.0995008 0.261077 0.447862
 3.25594e-06 0.00404815 0.0406491 0.131022 0.262092
 0.0701701 0.776262 0.861847 0.649816 0.438675
 0.000359979 0.0744712 0.322692 0.596596 0.787004
 1.16153e-05 0.00937824 0.0765415 0.214739 0.386802
 8.60741e-07 0.00170409 0.0211052 0.0779301 0.172342
 1.03302e-07 0.000399646 0.00675857 0.0306392 0.0789803
 0.826747 0.369541 0.0922811 0.0260415 0.00843782
 0.101039 0.836808 0.812066 0.560335 0.35403
 0.0143282 0.461152 0.841237 0.879682 0.758182
 0.00282138 0.222033 0.613823 0.844065 0.892588
 0.000703385 0.107939 0.407059 0.686779 0.846131
 0.724231 0.50126 0.153395 0.0494906 0.0177226
 0.0419866 0.675527 0.892697 0.754896 0.555204
 0.00359586 0.249833 0.651802 0.862734 0.886695
 0.000480941 0.0875808 0.357646 0.635886 0.814713
 8.73099e-05 0.0326543 0.186345 0.41302 0.623873
 0.0691832 0.773665 0.863293 0.653066 0.44196
 0.000493451 0.0888383 0.360859 0.639358 0.817023
 2.04672e-05 0.0134136 0.0993561 0.261493 0.449068
 1.8513e-06 0.00284166 0.0312665 0.106793 0.222816
 2.62433e-07 0.000760639 0.0112473 0.0466727 0.11262
 0.227817 0.891714 0.610721 0.334972 0.178296
 0.00339217 0.242907 0.642694 0.858583 0.888545
 0.000182295 0.0504294 0.250128 0.505481 0.71264
 1.89999e-05 0.0128018 0.0960537 0.254955 0.440625
 2.94969e-06 0.00386421 0.0394977 0.128517 0.258597
 0.447832 0.768984 0.359046 0.153011 0.0674524
 0.0135397 0.450771 0.83534 0.882615 0.766622
 0.00097269 0.128528 0.452139 0.728679 0.867554
 0.00012109 0.0396705 0.212863 0.453041 0.663903
 2.13167e-05 0.0137598 0.101203 0.265118 0.453715
 0.193334 0.89368 0.661282 0.38166 0.211025
 0.00213655 0.193334 0.570335 0.818531 0.89368
 9.55002e-05 0.0344521 0.193334 0.423804 0.634901
 8.67793e-06 0.00778473 0.0667247 0.193334 0.356738
 1.20613e-06 0.00213655 0.0251276 0.0896752 0.193334
 0.285418 0.873821 0.533861 0.271592 0.13666
 0.00526419 0.299013 0.710358 0.883982 0.867615
 0.000309589 0.0683793 0.305453 0.576159 0.771511
 3.41305e-05 0.01844 0.124857 0.309734 0.508927
 5.51631e-06 0.00581332 0.0537022 0.163469 0.312953
 0.271892 0.879329 0.5511 0.28511 0.145273
 0.00341776 0.243791 0.643869 0.85913 0.888322
 0.000149298 0.0448776 0.231355 0.479588 0.689103
 1.2984e-05 0.0100662 0.0806203 0.223387 0.398659
 1.72065e-06 0.00270699 0.0301279 0.103684 0.217551
 0.534656 0.694467 0.284786 0.11142 0.0460794
 0.0219897 0.543547 0.87702 0.845878 0.68633
 0.00184593 0.179531 0.54768 0.803577 0.891951
 0.00025574 0.0613164 0.284556 0.550403 0.750989
 4.8875e-05 0.0229903 0.145957 0.347038 0.552436
 0.0397828 0.648433 0.893881 0.787057 0.600484
 0.000136032 0.0393295 0.206463 0.438604 0.646046
 3.63476e-06 0.00400187 0.0391203 0.125166 0.250333
 2.3788e-07 0.0006319 0.00930338 0.0389829 0.0953688
 2.60191e-08 0.000133438 0.00266755 0.0136725 0.0388806
 0.731066 0.510154 0.162493 0.0545071 0.0202261
 0.0596277 0.731419 0.883443 0.713011 0.509742
 0.00700631 0.325902 0.731583 0.888126 0.861294
 0.00121891 0.136416 0.460613 0.731691 0.867419
 0.00027703 0.0597335 0.273596 0.531282 0.731772
 0.602776 0.646207 0.251309 0.0961474 0.0393598
 0.0226006 0.532145 0.870402 0.857769 0.711881
 0.00158055 0.15652 0.499269 0.763929 0.880643
 0.000184981 0.0471859 0.233692 0.477766 0.683854
 3.03951e-05 0.0157184 0.108131 0.274488 0.461828
 0.0391646 0.645171 0.893785 0.789536 0.60384
 0.000190093 0.0479491 0.236237 0.481311 0.687162
 6.59252e-06 0.00591389 0.0525586 0.157936 0.301412
 5.29994e-07 0.00109656 0.0143734 0.0557898 0.128902
 6.87974e-08 0.000265716 0.00465578 0.0218782 0.058308
 0.149154 0.876449 0.751834 0.484337 0.292608
 0.00148479 0.151463 0.489846 0.756349 0.87784
 6.61694e-05 0.0254482 0.152546 0.353658 0.556061
 6.09646e-06 0.00561971 0.05058 0.153262 0.294318
 8.63184e-07 0.0015286 0.0186382 0.068977 0.153798
 0.328648 0.859889 0.506355 0.254603 0.127827
 0.00658976 0.316883 0.722411 0.885962 0.865751
 0.000391116 0.0728129 0.311487 0.578254 0.770153
 4.29355e-05 0.0194958 0.126247 0.30796 0.502958
 6.8806e-06 0.00608095 0.05367 0.16054 0.305339
 0.123694 0.855803 0.792046 0.536414 0.336407
 0.00090536 0.116215 0.418235 0.692866 0.847563
 3.34129e-05 0.0166777 0.112856 0.283391 0.472961
 2.67623e-06 0.00326757 0.0335156 0.110684 0.226669
 3.3851e-07 0.000806179 0.0112816 0.0457168 0.109083
 0.193334 0.892542 0.684396 0.409491 0.234107
 0.00237933 0.193334 0.562506 0.810091 0.892542
 0.000115934 0.0357441 0.193334 0.418879 0.626131
 1.12916e-05 0.0083795 0.068186 0.193334 0.353304
 1.66367e-06 0.00237933 0.0262672 0.0910521 0.193334
 0.182778 0.89049 0.700134 0.425873 0.246491
 0.00149679 0.152107 0.491056 0.757332 0.878215
 5.3572e-05 0.022354 0.139177 0.330825 0.529955
 4.08598e-06 0.00432285 0.0414818 0.131111 0.259842
 4.90913e-07 0.00104057 0.0137939 0.0539383 0.125316
 0.407833 0.811254 0.420552 0.194433 0.0916848
 0.0111531 0.400339 0.796643 0.893304 0.816444
 0.000774433 0.106706 0.396872 0.671894 0.835335
 9.46861e-05 0.0316429 0.177686 0.394595 0.600805
 1.64829e-05 0.0106763 0.0815515 0.221795 0.392897
 0.0430454 0.714565 0.881919 0.692764 0.475075
 0.000155353 0.0542365 0.275912 0.550907 0.758346
 4.25655e-06 0.00612523 0.060201 0.18548 0.353014
 2.83218e-07 0.00103595 0.015711 0.0644141 0.15176
 3.13633e-08 0.000230276 0.0048286 0.0245064 0.0677142
 0.745582 0.439706 0.114972 0.0324958 0.0103856
 0.0641743 0.788344 0.845867 0.605913 0.38786
 0.00773164 0.389745 0.806246 0.889952 0.786854
 0.00136745 0.174701 0.556895 0.817273 0.89389
 0.00031464 0.0805112 0.354484 0.643547 0.825093
 0.619721 0.575936 0.186056 0.0604461 0.0214366
 0.0246235 0.603482 0.892739 0.790135 0.592357
 0.00176909 0.198543 0.595889 0.840471 0.892411
 0.000210759 0.0644381 0.308201 0.590875 0.78905
 3.50933e-05 0.0226816 0.153647 0.37047 0.587124
 0.0423849 0.711559 0.882813 0.695859 0.478427
 0.000216538 0.0654231 0.311187 0.594434 0.791648
 7.69066e-06 0.00890828 0.0791515 0.228187 0.413265
 6.28054e-07 0.00176302 0.0236413 0.0893803 0.198208
 8.24875e-08 0.00044852 0.00817912 0.0378632 0.0976743
 0.158324 0.89197 0.66607 0.375785 0.201261
 0.00166284 0.192573 0.586475 0.835188 0.893197
 7.59737e-05 0.0358833 0.210089 0.460164 0.678777
 7.1156e-06 0.00848314 0.0763907 0.22218 0.405047
 1.01991e-06 0.002428 0.0301568 0.108402 0.231496
 0.343594 0.821607 0.411886 0.178734 0.0786841
 0.0072765 0.379942 0.798934 0.891439 0.79454
 0.000442993 0.0970224 0.397371 0.687838 0.851045
 4.94512e-05 0.0278485 0.176944 0.409017 0.628105
 8.02448e-06 0.00914929 0.080698 0.231523 0.417794
 0.131702 0.882123 0.713892 0.424681 0.23663
 0.00101831 0.15043 0.513027 0.787139 0.890012
 3.85519e-05 0.0239995 0.159763 0.380816 0.598362
 3.14014e-06 0.00504181 0.052142 0.166131 0.324211
 4.02203e-07 0.00131045 0.0188333 0.0745277 0.171002
 0.204293 0.891419 0.591085 0.308377 0.155781
 0.00265329 0.241487 0.657496 0.869723 0.880253
 0.000132561 0.0495398 0.260125 0.53033 0.741479
 1.31256e-05 0.012437 0.100652 0.272857 0.471974
 1.95786e-06 0.00371683 0.041553 0.139363 0.282597
 0.193334 0.893112 0.608123 0.322856 0.165237
 0.00167616 0.193334 0.587687 0.83588 0.893112
 6.1604e-05 0.0317215 0.193334 0.434817 0.654188
 4.78138e-06 0.00659597 0.0635672 0.193334 0.364425
 5.82007e-07 0.00167616 0.022746 0.086673 0.193334
 0.424193 0.758744 0.332339 0.131946 0.054354
 0.012248 0.469183 0.854261 0.866908 0.719823
 0.000872209 0.138887 0.490474 0.770029 0.885738
 0.000108429 0.0441322 0.241112 0.504587 0.719397
 1.91113e-05 0.0156788 0.118665 0.307804 0.515161
 0.0101707 0.39212 0.793014 0.893462 0.81698
 1.49506e-05 0.0104831 0.0816784 0.223733 0.397232
 2.69785e-07 0.000728793 0.0106312 0.0440155 0.106393
 1.36335e-08 8.95413e-05 0.00197425 0.0107298 0.0317806
 1.22935e-09 1.56772e-05 0.000470589 0.00313395 0.010804
 0.471339 0.756982 0.34925 0.148656 0.0656993
 0.0165708 0.47961 0.848887 0.876005 0.750164
 0.00131658 0.146184 0.483465 0.753107 0.87716
 0.000177007 0.0476494 0.237879 0.486008 0.693183
 3.31849e-05 0.0173092 0.11753 0.294048 0.487908
 0.342604 0.848466 0.478788 0.232699 0.113554
 0.00518657 0.289786 0.696403 0.879032 0.874982
 0.000237917 0.0566106 0.266856 0.524987 0.727936
 2.10918e-05 0.013034 0.0957602 0.25235 0.435277
 2.81636e-06 0.0035501 0.0363327 0.119106 0.241834
 0.00998147 0.388969 0.790568 0.893633 0.81914
 2.17462e-05 0.0132872 0.0971082 0.255017 0.438741
 5.1965e-07 0.00114172 0.015129 0.0587961 0.135559
 3.26876e-08 0.000166849 0.00327191 0.0164612 0.0460245
 3.53267e-09 3.38442e-05 0.000889412 0.00542639 0.0175222
 0.0514471 0.708764 0.88829 0.730246 0.527675
 0.000221566 0.0543207 0.259648 0.515508 0.7197
 6.68799e-06 0.00625352 0.0557011 0.166636 0.315993
 4.76725e-07 0.00107655 0.0144487 0.0566259 0.131378
 5.57252e-08 0.000243128 0.00443222 0.0212524 0.0573249
 0.143751 0.875624 0.750875 0.480761 0.288236
 0.00122628 0.140799 0.47297 0.74436 0.873645
 4.89155e-05 0.0220009 0.139442 0.333393 0.534758
 4.13315e-06 0.00456943 0.0439976 0.138553 0.273003
 5.44737e-07 0.00117897 0.0155137 0.0600142 0.137892
 0.040668 0.660606 0.893847 0.772842 0.579903
 0.000126288 0.0390383 0.207835 0.442997 0.652146
 3.12834e-06 0.00380496 0.0382995 0.124187 0.250098
 1.92699e-07 0.000577791 0.00884739 0.0378192 0.0936236
 2.00331e-08 0.000117847 0.0024686 0.0129714 0.0374639
 0.0715802 0.773127 0.865295 0.660254 0.451266
 0.000379571 0.0739791 0.31783 0.588203 0.7792
 1.25035e-05 0.00935454 0.0751162 0.209885 0.378212
 9.41002e-07 0.00170752 0.020701 0.0758728 0.167441
 1.14356e-07 0.000402192 0.00663273 0.0297721 0.0764418
 0.0666106 0.759608 0.871907 0.676459 0.468123
 0.000223607 0.0546107 0.260568 0.516726 0.720766
 5.28664e-06 0.00536703 0.0496689 0.152381 0.29445
 3.06846e-07 0.000796238 0.0113999 0.0466203 0.111658
 3.0063e-08 0.000157243 0.00311871 0.0158082 0.0444461
 0.193334 0.893188 0.673538 0.396232 0.222998
 0.00226151 0.193334 0.56621 0.814131 0.893188
 0.000105802 0.035128 0.193334 0.421206 0.630286
 9.97322e-06 0.00809329 0.0674916 0.193334 0.354926
 1.42959e-06 0.00226151 0.0257227 0.0903988 0.193334

suitability
 0 0 0 0 0
 0 0 0 0 0
 0 0 0 0 0
 0 0 0 0 0
 0 0 0 0 0
 0 0 0 0 0
 0 0 0 0 0
 0 0 0 0 0
 0 0 0 0 0
 0 0 0 0 0
 0 0 0 0 0
 0 0 0 0 0
 0 0 0 0 0
 0 0 0 0 0
 0 0 0 0 0
 0 0 0 0 0
 0 0 0 0 0
 0 0 0 0 0
 0 0 0 0 0
 0 0 0 0 0
 0 0 0 0 0
 0 0 0 0 0
 0 0 0 0 0
 0 0 0 0 0
 0 0 0 0 0
 0 0 0 0 0
 0 0 0 0 0
 0 0 0 0 0
 0 0 0 0 0
 0 0 0 0 0
 0 0 0 0 0
 0 0 0 0 0
 0 0 0 0 0
 0 0 0 0 0
 0 0 0 0 0
 0 0 0 0 0
 0 0 0 0 0
 0 0 0 0 0
 0 0 0 0 0
 0 0 0 0 0
 0 0 0 0 0
 0 0 0 0 0
 0 0 0 0 0
 0 0 0 0 0
 0 0 0 0 0
 0 0 0 0 0
 0 0 0 0 0
 0 0 0 0 0
 0 0 0 0 0
 0 0 0 0 0
 0 0 0 0 0
 0 0 0 0 0
 0 0 0 0 0
 0 0 0 0 0
 0 0 0 0 0
 0 0 0 0 0
 0 0 0 0 0
 0 0 0 0 0
 0 0 0 0 0
 0 0 0 0 0
 0 0 0 0 0
 0 0 0 0 0
 0 0 0 0 0
 0 0 0 0 0
 0 0 0 0 0
 0 0 0 0 0
 0 0 0 0 0
 0 0 0 0 0
 0 0 0 0 0
 0 0 0 0 0
 0 0 0 0 0
 0 0 0 0 0
 0 0 0 0 0
 0 0 0 0 0
 0 0 0 0 0
 0 0 0 0 0
 0 0 0 0 0
 0 0 0 0 0
 0 0 0 0 0
 0 0 0 0 0
 0 0 0 0 0
 0 0 0 0 0
 0 0 0 0 0
 0 0 0 0 0
 0 0 0 0 0
 0 0 0 0 0
 0 0 0 0 0
 0 0 0 0 0
 0 0 0 0 0
 0 0 0 0 0
 0 0 0 0 0
 0 0 0 0 0
 0 0 0 0 0
 0 0 0 0 0
 0 0 0 0 0
 0 0 0 0 0
 0 0 0 0 0
 0 0 0 0 0
 0 0 0 0 0
 0 0 0 0 0
 0 0 0 0 0
 0 0 0 0 0
 0 0 0 0 0
 0 0 0 0 0
 0 0 0 0 0
 0 0 0 0 0
 0 0 0 0 0
 0 0 0 0 0
 0 0 0 0 0
 0 0 0 0 0
 0 0 0 0 0
 0 0 0 0 0
 0 0 0 0 0
 0 0 0 0 0
 0 0 0 0 0
 0 0 0 0 0
 0 0 0 0 0
 0 0 0 0 0
 0 0 0 0 0
 0 0 0 0 0
 0 0 0 0 0
 0 0 0 0 0
 0 0 0 0 0
 0 0 0 0 0
 0 0 0 0 0
 0 0 0 0 0
 0 0 0 0 0
 0 0 0 0 0
 0 0 0 0 0
 0 0 0 0 0
 0 0 0 0 0
 0 0 0 0 0
 0 0 0 0 0
 0 0 0 0 0
 0 0 0 0 0
 0 0 0 0 0
 0 0 0 0 0
 0 0 0 0 0
 0 0 0 0 0
 0 0 0 0 0
 0 0 0 0 0
 0 0 0 0 0
 0 0 0 0 0
 0 0 0 0 0
 0 0 0 0 0
 0 0 0 0 0
 0 0 0 0 0
 0 0 0 0 0
 0 0 0 0 0
 0 0 0 0 0
 0 0 0 0 0
 0 0 0 0 0
 0 0 0 0 0
 0 0 0 0 0
 0 0 0 0 0
 0 0 0 0 0
 0 0 0 0 0
 0 0 0 0 0
 0 0 0 0 0
 0 0 0 0 0
 0 0 0 0 0
 0 0 0 0 0
 0 0 0 0 0
 0 0 0 0 0
 0 0 0 0 0
 0 0 0 0 0
 0 0 0 0 0
 0 0 0 0 0
 0 0 0 0 0
 0 0 0 0 0
 0 0 0 0 0
 0 0 0 0 0
 0 0 0 0 0
 0 0 0 0 0
 0 0 0 0 0
 0 0 0 0 0
 0 0 0 0 0
 0 0 0 0 0
 0 0 0 0 0
 0 0 0 0 0
 0 0 0 0 0
 0 0 0 0 0
 0 0 0 0 0
 0 0 0 0 0
 0 0 0 0 0
 0 0 0 0 0
 0 0 0 0 0
 0 0 0 0 0
 0 0 0 0 0
 0 0 0 0 0
 0 0 0 0 0
 0 0 0 0 0
 0 0 0 0 0
 0 0 0 0 0
 0 0 0 0 0
 0 0 0 0 0
 0 0 0 0 0
 0 0 0 0 0
 0 0 0 0 0
 0 0 0 0 0
 0 0 0 0 0
 0 0 0 0 0
 0 0 0 0 0
 0 0 0 0 0
 0 0 0 0 0
 0 0 0 0 0
 0 0 0 0 0
 0 0 0 0 0
 0 0 0 0 0
 0 0 0 0 0
 0 0 0 0 0
 0 0 0 0 0
 0 0 0 0 0
 0 0 0 0 0
 0 0 0 0 0
 0 0 0 0 0
 0 0 0 0 0
 0 0 0 0 0
 0 0 0 0 0
 0 0 0 0 0
 0 0 0 0 0
 0 0 0 0 0
 0 0 0 0 0
 0 0 0 0 0
 0 0 0 0 0
 0 0 0 0 0
 0 0 0 0 0
 0 0 0 0 0
 0 0 0 0 0
 0 0 0 0 0
 0 0 0 0 0
 0 0 0 0 0
 0 0 0 0 0
 0 0 0 0 0
 0 0 0 0 0
 0 0 0 0 0
 0 0 0 0 0
 0 0 0 0 0
 0 0 0 0 0
 0 0 0 0 0
 0 0 0 0 0
 0 0 0 0 0
 0 0 0 0 0
 0 0 0 0 0
 0 0 0 0 0
 0 0 0 0 0
 0 0 0 0 0
 0 0 0 0 0
 0 0 0 0 0
 0 0 0 0 0
 0 0 0 0 0
 0 0 0 0 0
 0 0 0 0 0
 0 0 0 0 0
 0 0 0 0 0
 0 0 0 0 0
 0 0 0 0 0
 0 0 0 0 0
 0 0 0 0 0
 0 0 0 0 0
 0 0 0 0 0
 0 0 0 0 0
 0 0 0 0 0
 0 0 0 0 0
 0 0 0 0 0
 0 0 0 0 0
 0 0 0 0 0
 0 0 0 0 0
 0 0 0 0 0
 0 0 0 0 0
 0 0 0 0 0
 0 0 0 0 0
 0 0 0 0 0
 0 0 0 0 0
 0 0 0 0 0
 0 0 0 0 0
 0 0 0 0 0
 0 0 0 0 0
 0 0 0 0 0
 0 0 0 0 0
 0 0 0 0 0
 0 0 0 0 0
 0 0 0 0 0
 0 0 0 0 0
 0 0 0 0 0
 0 0 0 0 0
 0 0 0 0 0
 0 0 0 0 0
 0 0 0 0 0
 0 0 0 0 0
 0 0 0 0 0
 0 0 0 0 0
 0 0 0 0 0
 0 0 0 0 0
 0 0 0 0 0
 0 0 0 0 0
 0 0 0 0 0
 0 0 0 0 0
 0 0 0 0 0
 0 0 0 0 0
 0 0 0 0 0
 0 0 0 0 0
 0 0 0 0 0
 0 0 0 0 0
 0 0 0 0 0
 0 0 0 0 0
 0 0 0 0 0
 0 0 0 0 0
 0 0 0 0 0
 0 0 0 0 0
 0 0 0 0 0
 0 0 0 0 0
 0 0 0 0 0
 0 0 0 0 0
 0 0 0 0 0
 0 0 0 0 0
 0 0 0 0 0
 0 0 0 0 0
 0 0 0 0 0
 0 0 0 0 0
 0 0 0 0 0
 0 0 0 0 0
 0 0 0 0 0
 0 0 0 0 0
 0 0 0 0 0
 0 0 0 0 0
 0 0 0 0 0
 0 0 0 0 0
 0 0 0 0 0
 0 0 0 0 0
 0 0 0 0 0
 0 0 0 0 0
 0 0 0 0 0
 0 0 0 0 0
 0 0 0 0 0
 0 0 0 0 0
 0 0 0 0 0
 0 0 0 0 0
 0 0 0 0 0
 0 0 0 0 0
 0 0 0 0 0
 0 0 0 0 0
 0 0 0 0 0
 0 0 0 0 0
 0 0 0 0 0
 0 0 0 0 0
 0 0 0 0 0
 0 0 0 0 0
 0 0 0 0 0
 0 0 0 0 0
 0 0 0 0 0
 0 0 0 0 0
 0 0 0 0 0
 0 0 0 0 0
 0 0 0 0 0
 0 0 0 0 0
 0 0 0 0 0
 0 0 0 0 0
 0 0 0 0 0
 0 0 0 0 0
 0 0 0 0 0
 0 0 0 0 0
 0 0 0 0 0
 0 0 0 0 0
 0 0 0 0 0
 0 0 0 0 0
 0 0 0 0 0
 0 0 0 0 0
 0 0 0 0 0
 0 0 0 0 0
 0 0 0 0 0
 0 0 0 0 0
 0 0 0 0 0
 0 0 0 0 0
 0 0 0 0 0
 0 0 0 0 0
 0 0 0 0 0
 0 0 0 0 0
 0 0 0 0 0
 0 0 0 0 0
 0 0 0 0 0
 0 0 0 0 0
 0 0 0 0 0
 0 0 0 0 0
 0 0 0 0 0
 0 0 0 0 0
 0 0 0 0 0
 0 0 0 0 0
 0 0 0 0 0
 0 0 0 0 0
 0 0 0 0 0
 0 0 0 0 0
 0 0 0 0 0
 0 0 0 0 0
 0 0 0 0 0
 0 0 0 0 0
 0 0 0 0 0
 0 0 0 0 0
 0 0 0 0 0
 0 0 0 0 0
 0 0 0 0 0
 0 0 0 0 0
 0 0 0 0 0
 0 0 0 0 0
 0 0 0 0 0
 0 0 0 0 0
 0 0 0 0 0
 0 0 0 0 0
 0 0 0 0 0
 0 0 0 0 0
 0 0 0 0 0
 0 0 0 0 0
 0 0 0 0 0
 0 0 0 0 0
 0 0 0 0 0
 0 0 0 0 0
 0 0 0 0 0
 0 0 0 0 0
 0 0 0 0 0
 0 0 0 0 0
 0 0 0 0 0
 0 0 0 0 0
 0 0 0 0 0
 0 0 0 0 0
 0 0 0 0 0
 0 0 0 0 0
 0 0 0 0 0
 0 0 0 0 0
 0 0 0 0 0
 0 0 0 0 0
 0 0 0 0 0
 0 0 0 0 0
 0 0 0 0 0
 0 0 0 0 0
 0 0 0 0 0
 0 0 0 0 0
 0 0 0 0 0
 0 0 0 0 0
 0 0 0 0 0
 0 0 0 0 0
 0 0 0 0 0
 0 0 0 0 0
 0 0 0 0 0
 0 0 0 0 0
 0 0 0 0 0
 0 0 0 0 0
 0 0 0 0 0
 0 0 0 0 0
 0 0 0 0 0
 0 0 0 0 0
 0 0 0 0 0
 0 0 0 0 0
 0 0 0 0 0
 0 0 0 0 0
 0 0 0 0 0
 0 0 0 0 0
 0 0 0 0 0
 0 0 0 0 0
 0 0 0 0 0
 0 0 0 0 0
 0 0 0 0 0
 0 0 0 0 0
 0 0 0 0 0
 0 0 0 0 0
 0 0 0 0 0
 0 0 0 0 0
 0 0 0 0 0
 0 0 0 0 0
 0 0 0 0 0
 0 0 0 0 0
 0 0 0 0 0
 0 0 0 0 0
 0 0 0 0 0
 0 0 0 0 0
 0 0 0 0 0
 0 0 0 0 0
 0 0 0 0 0
 0 0 0 0 0
 0 0 0 0 0
 0 0 0 0 0
 0 0 0 0 0
 0 0 0 0 0
 0 0 0 0 0
 0 0 0 0 0
 0 0 0 0 0
 0 0 0 0 0
 0 0 0 0 0
 0 0 0 0 0
 0 0 0 0 0
 0 0 0 0 0
 0 0 0 0 0
 0 0 0 0 0
 0 0 0 0 0
 0 0 0 0 0
 0 0 0 0 0
 0 0 0 0 0
 0 0 0 0 0
 0 0 0 0 0
 0 0 0 0 0
 0 0 0 0 0

B0
 15491.8 97.2988 1028.66 3110.41 21338.3 2717.11 8221.42 3785.02 10326.1 9383.38
Nguilds
10
guildMembers
 1 2 3 4 5 6 7 8 9 10
AssessmentPeriod
3
eof
54321

Manually exiting at end of data section...
