# This file was created using create_datpin_files.R function write_tsDatFile
      #and used all inputs from csv files found in folder:
      #hydradata/data-raw
# Survey index data 
# Number of observations, init_int Nsurvey_obs
  1680
# init_matrix obs_survey_biomass(1,Nsurvey_obs,1,5)
# survey year spp value cv
  1 1 1 10935584.3456778 0.1
  1 2 1 9581590.79499956 0.1
  1 3 1 10305403.8844592 0.1
  1 4 1 10493932.0007828 0.1
  1 5 1 12148422.5456193 0.1
  1 6 1 12945530.4954711 0.1
  1 7 1 9884336.70030056 0.1
  1 8 1 11881663.915474 0.1
  1 9 1 13937920.0385732 0.1
  1 10 1 11195684.722403 0.1
  1 11 1 10780461.0540884 0.1
  1 12 1 10638032.7679092 0.1
  1 13 1 11609745.7177059 0.1
  1 14 1 10321146.2460228 0.1
  1 15 1 9363716.54422844 0.1
  1 16 1 8094543.319771 0.1
  1 17 1 6067053.76014905 0.1
  1 18 1 4359768.02705721 0.1
  1 19 1 3937296.76825908 0.1
  1 20 1 2698717.65629349 0.1
  1 21 1 3483814.1826309 0.1
  1 22 1 2779549.44898506 0.1
  1 23 1 2582234.91212965 0.1
  1 24 1 2516204.32614171 0.1
  1 25 1 2907814.13056789 0.1
  1 26 1 2615703.04084944 0.1
  1 27 1 2581694.84269189 0.1
  1 28 1 2809954.88187257 0.1
  1 29 1 3232969.2485303 0.1
  1 30 1 2740510.15782462 0.1
  1 31 1 3553906.79941656 0.1
  1 32 1 2522631.29241553 0.1
  1 33 1 2894492.3726293 0.1
  1 34 1 3311947.38280741 0.1
  1 35 1 3139252.14721416 0.1
  1 36 1 3090736.19253828 0.1
  1 37 1 2698764.74011958 0.1
  1 38 1 3411139.9632334 0.1
  1 39 1 2849861.30306142 0.1
  1 40 1 3249938.78183623 0.1
  1 41 1 4965669.42503522 0.1
  1 42 1 5091177.18554638 0.1
  1 43 1 6431471.28291117 0.1
  1 44 1 5534709.01832222 0.1
  1 45 1 7777065.69572951 0.1
  1 46 1 7839801.0448031 0.1
  1 47 1 7952210.9603441 0.1
  1 48 1 7638188.94962945 0.1
  1 49 1 6847360.29351871 0.1
  1 50 1 7898051.06003325 0.1
  1 51 1 9688326.9667068 0.1
  1 52 1 8292972.93248658 0.1
  1 53 1 6869184.85553479 0.1
  1 54 1 8924693.58463824 0.1
  1 55 1 9452459.65595414 0.1
  1 56 1 9566654.13700897 0.1
  1 57 1 8487734.43998053 0.1
  1 58 1 8649678.4044004 0.1
  1 59 1 7902697.67894183 0.1
  1 60 1 7070200.21259273 0.1
  1 61 1 7982677.88134598 0.1
  1 62 1 7015601.47735949 0.1
  1 63 1 8331345.24780699 0.1
  1 64 1 7983424.98008248 0.1
  1 65 1 8400798.2318936 0.1
  1 66 1 8467739.59604913 0.1
  1 67 1 7076959.75610875 0.1
  1 68 1 7161567.10578648 0.1
  1 69 1 7462248.42630157 0.1
  1 70 1 6816978.92746797 0.1
  1 71 1 6078863.93035012 0.1
  1 72 1 5505539.29602759 0.1
  1 73 1 5986347.72857306 0.1
  1 74 1 7260327.43442747 0.1
  1 75 1 6534233.06512949 0.1
  1 76 1 6610538.6475284 0.1
  1 77 1 6547107.52233622 0.1
  1 78 1 6675048.16320218 0.1
  1 79 1 6041816.46640114 0.1
  1 80 1 6349183.05922194 0.1
  1 1 2 1546972.74221313 0.1
  1 2 2 1283919.74221512 0.1
  1 3 2 1498269.17247551 0.1
  1 4 2 1577968.56675014 0.1
  1 5 2 1335657.10626087 0.1
  1 6 2 1837360.01611209 0.1
  1 7 2 3320418.32383254 0.1
  1 8 2 900170.227143191 0.1
  1 9 2 1916238.93297618 0.1
  1 10 2 2130355.19416419 0.1
  1 11 2 2168883.4450474 0.1
  1 12 2 1230884.43222471 0.1
  1 13 2 1196982.07740195 0.1
  1 14 2 1233601.12431626 0.1
  1 15 2 1848298.54369434 0.1
  1 16 2 1095814.46653934 0.1
  1 17 2 1931613.60622283 0.1
  1 18 2 1594317.33180544 0.1
  1 19 2 1543789.53713832 0.1
  1 20 2 1545511.88348115 0.1
  1 21 2 1983191.08434684 0.1
  1 22 2 2004580.16202536 0.1
  1 23 2 3394975.82822182 0.1
  1 24 2 1946393.01698502 0.1
  1 25 2 1932385.1511504 0.1
  1 26 2 1874093.58200407 0.1
  1 27 2 2168353.72606719 0.1
  1 28 2 1393227.58657748 0.1
  1 29 2 2418050.50877836 0.1
  1 30 2 2180869.88198001 0.1
  1 31 2 1891553.00685794 0.1
  1 32 2 1784816.23017929 0.1
  1 33 2 2273658.03903166 0.1
  1 34 2 2278941.44836547 0.1
  1 35 2 1817176.80124953 0.1
  1 36 2 2046434.20845985 0.1
  1 37 2 1700480.78254705 0.1
  1 38 2 2376407.89498509 0.1
  1 39 2 1898412.79122631 0.1
  1 40 2 2716741.29679987 0.1
  1 41 2 2631982.80989409 0.1
  1 42 2 2262513.97776332 0.1
  1 43 2 2051719.50445226 0.1
  1 44 2 1799787.01833597 0.1
  1 45 2 1944408.76316294 0.1
  1 46 2 1530633.78671172 0.1
  1 47 2 1722764.81572188 0.1
  1 48 2 2276620.02958782 0.1
  1 49 2 1978087.84293657 0.1
  1 50 2 1924258.30939992 0.1
  1 51 2 1527209.04303318 0.1
  1 52 2 2287093.46082939 0.1
  1 53 2 2318256.25033476 0.1
  1 54 2 1979082.30426533 0.1
  1 55 2 2536319.48235395 0.1
  1 56 2 1542850.89325803 0.1
  1 57 2 3227682.76732567 0.1
  1 58 2 2161981.68542221 0.1
  1 59 2 2670535.62559372 0.1
  1 60 2 2673913.51192642 0.1
  1 61 2 3134157.91015692 0.1
  1 62 2 2459883.00233831 0.1
  1 63 2 3028062.38394203 0.1
  1 64 2 2437638.11041462 0.1
  1 65 2 2145707.28846295 0.1
  1 66 2 3076417.65151498 0.1
  1 67 2 1817629.60615565 0.1
  1 68 2 1994569.4410941 0.1
  1 69 2 2304622.08183648 0.1
  1 70 2 2296981.26313147 0.1
  1 71 2 2043381.26007839 0.1
  1 72 2 1855867.20196167 0.1
  1 73 2 3003792.95797832 0.1
  1 74 2 1878177.61050401 0.1
  1 75 2 2832140.16821715 0.1
  1 76 2 2357743.89603805 0.1
  1 77 2 2231335.17221662 0.1
  1 78 2 2076587.77212619 0.1
  1 79 2 2131084.89782665 0.1
  1 80 2 1672269.84075571 0.1
  1 1 3 376169.408750932 0.1
  1 2 3 439043.006946243 0.1
  1 3 3 431448.964499007 0.1
  1 4 3 382371.725749448 0.1
  1 5 3 407773.783525584 0.1
  1 6 3 407048.356727379 0.1
  1 7 3 407918.067033116 0.1
  1 8 3 452344.026605859 0.1
  1 9 3 436460.056846507 0.1
  1 10 3 370974.826962161 0.1
  1 11 3 387359.991214653 0.1
  1 12 3 313828.465386329 0.1
  1 13 3 479614.056614313 0.1
  1 14 3 393830.566228362 0.1
  1 15 3 326650.436922922 0.1
  1 16 3 317267.013864612 0.1
  1 17 3 347574.578833457 0.1
  1 18 3 304808.003339307 0.1
  1 19 3 233152.066375334 0.1
  1 20 3 268163.595859938 0.1
  1 21 3 274750.242635755 0.1
  1 22 3 257683.722909063 0.1
  1 23 3 200489.071517922 0.1
  1 24 3 251397.689369527 0.1
  1 25 3 241711.459567241 0.1
  1 26 3 243313.580662024 0.1
  1 27 3 223849.387431263 0.1
  1 28 3 232143.322928523 0.1
  1 29 3 213066.100395799 0.1
  1 30 3 225371.076867186 0.1
  1 31 3 190450.026779643 0.1
  1 32 3 210164.34004247 0.1
  1 33 3 196359.568848797 0.1
  1 34 3 235618.714746307 0.1
  1 35 3 198648.870375479 0.1
  1 36 3 184529.037829128 0.1
  1 37 3 197355.791084239 0.1
  1 38 3 229759.104032628 0.1
  1 39 3 208776.793138905 0.1
  1 40 3 183163.90474625 0.1
  1 41 3 193368.034478703 0.1
  1 42 3 238977.537706944 0.1
  1 43 3 230923.178124172 0.1
  1 44 3 253939.645834782 0.1
  1 45 3 225133.116575315 0.1
  1 46 3 235824.154383008 0.1
  1 47 3 302074.42476398 0.1
  1 48 3 275633.630711351 0.1
  1 49 3 290257.704488563 0.1
  1 50 3 264688.57547818 0.1
  1 51 3 300981.938607003 0.1
  1 52 3 230016.127440678 0.1
  1 53 3 293312.080238875 0.1
  1 54 3 307237.597056447 0.1
  1 55 3 271869.734368042 0.1
  1 56 3 283357.066512575 0.1
  1 57 3 274370.087908029 0.1
  1 58 3 259244.435703512 0.1
  1 59 3 281479.164724163 0.1
  1 60 3 313559.73443426 0.1
  1 61 3 366496.975935334 0.1
  1 62 3 301440.564963356 0.1
  1 63 3 315224.037527441 0.1
  1 64 3 300835.622548468 0.1
  1 65 3 307400.555305238 0.1
  1 66 3 277548.533621777 0.1
  1 67 3 299241.591916519 0.1
  1 68 3 285086.313267288 0.1
  1 69 3 273645.093855276 0.1
  1 70 3 292242.494554931 0.1
  1 71 3 288077.221166048 0.1
  1 72 3 303858.504347061 0.1
  1 73 3 250807.524905168 0.1
  1 74 3 244508.851822763 0.1
  1 75 3 318980.245515027 0.1
  1 76 3 318359.931993032 0.1
  1 77 3 232190.038233957 0.1
  1 78 3 288420.439148411 0.1
  1 79 3 304833.635510383 0.1
  1 80 3 285681.616309631 0.1
  1 1 4 804190.23224549 0.1
  1 2 4 819002.413250679 0.1
  1 3 4 956261.794333926 0.1
  1 4 4 1211107.90460143 0.1
  1 5 4 1499161.22740515 0.1
  1 6 4 1130964.92125462 0.1
  1 7 4 1581615.78427343 0.1
  1 8 4 1433874.65143941 0.1
  1 9 4 1636622.92242372 0.1
  1 10 4 1354940.20833524 0.1
  1 11 4 1371264.97243666 0.1
  1 12 4 1461308.15281403 0.1
  1 13 4 2039257.46127678 0.1
  1 14 4 1824642.59064427 0.1
  1 15 4 1892185.1145282 0.1
  1 16 4 1271782.83095062 0.1
  1 17 4 874834.09582774 0.1
  1 18 4 615805.489534001 0.1
  1 19 4 486938.015724532 0.1
  1 20 4 436037.921103211 0.1
  1 21 4 356932.561565689 0.1
  1 22 4 325512.322638976 0.1
  1 23 4 259657.374586157 0.1
  1 24 4 192075.726377999 0.1
  1 25 4 165911.787325444 0.1
  1 26 4 203076.20479169 0.1
  1 27 4 593677.558070352 0.1
  1 28 4 997924.884274509 0.1
  1 29 4 1730280.271871 0.1
  1 30 4 1253946.23642604 0.1
  1 31 4 1620503.72253599 0.1
  1 32 4 1130621.71562313 0.1
  1 33 4 1021302.818644 0.1
  1 34 4 729591.053359379 0.1
  1 35 4 532003.630233506 0.1
  1 36 4 442351.455817903 0.1
  1 37 4 402007.182176011 0.1
  1 38 4 354071.201378088 0.1
  1 39 4 346391.832450748 0.1
  1 40 4 689136.316485016 0.1
  1 41 4 1142812.12620234 0.1
  1 42 4 1610465.29664428 0.1
  1 43 4 1737204.95758364 0.1
  1 44 4 1521052.06322613 0.1
  1 45 4 1359604.83253162 0.1
  1 46 4 1459725.3388447 0.1
  1 47 4 1678777.43627983 0.1
  1 48 4 1821794.85601764 0.1
  1 49 4 1663236.67980654 0.1
  1 50 4 1369028.32621594 0.1
  1 51 4 1875733.66326997 0.1
  1 52 4 1393861.16224507 0.1
  1 53 4 1396852.77516516 0.1
  1 54 4 1252707.11504076 0.1
  1 55 4 1385774.54140047 0.1
  1 56 4 1378915.05836615 0.1
  1 57 4 1561454.38220757 0.1
  1 58 4 1519292.37704663 0.1
  1 59 4 2300249.29723619 0.1
  1 60 4 1942395.77740612 0.1
  1 61 4 1954944.43444864 0.1
  1 62 4 1821295.80998699 0.1
  1 63 4 1593463.65290759 0.1
  1 64 4 1365322.92709691 0.1
  1 65 4 1054134.11979354 0.1
  1 66 4 1094990.23492906 0.1
  1 67 4 925522.648556526 0.1
  1 68 4 824350.411816815 0.1
  1 69 4 835371.675108095 0.1
  1 70 4 688921.629995053 0.1
  1 71 4 622645.748443507 0.1
  1 72 4 552928.639175518 0.1
  1 73 4 486608.841990514 0.1
  1 74 4 400680.366316636 0.1
  1 75 4 315105.081209908 0.1
  1 76 4 319808.965535851 0.1
  1 77 4 285307.413641113 0.1
  1 78 4 287328.900315122 0.1
  1 79 4 312308.648813393 0.1
  1 80 4 344106.379177274 0.1
  1 1 5 961151.55711555 0.1
  1 2 5 1066662.15602148 0.1
  1 3 5 1329533.89104615 0.1
  1 4 5 1261577.87817784 0.1
  1 5 5 1525144.7518892 0.1
  1 6 5 1082718.19013461 0.1
  1 7 5 1048344.59450414 0.1
  1 8 5 1401715.69099009 0.1
  1 9 5 1412729.91208451 0.1
  1 10 5 986165.720895927 0.1
  1 11 5 1066464.63280286 0.1
  1 12 5 1308811.06834094 0.1
  1 13 5 1286956.46647741 0.1
  1 14 5 1228511.13300511 0.1
  1 15 5 1584954.05724293 0.1
  1 16 5 1365584.35306258 0.1
  1 17 5 1336592.43347811 0.1
  1 18 5 1306081.96420096 0.1
  1 19 5 1287744.52622789 0.1
  1 20 5 1548048.69448344 0.1
  1 21 5 1237428.48038766 0.1
  1 22 5 1321437.27610824 0.1
  1 23 5 1498779.1459317 0.1
  1 24 5 1571066.71016286 0.1
  1 25 5 1397719.30075096 0.1
  1 26 5 1381011.52692452 0.1
  1 27 5 1766628.98252086 0.1
  1 28 5 1707038.34960238 0.1
  1 29 5 1555076.51009323 0.1
  1 30 5 1532749.70296318 0.1
  1 31 5 1790588.22325316 0.1
  1 32 5 1507449.21900934 0.1
  1 33 5 1505692.53590193 0.1
  1 34 5 1556392.79300321 0.1
  1 35 5 1512348.02662453 0.1
  1 36 5 1855715.42453568 0.1
  1 37 5 1840429.04996431 0.1
  1 38 5 1537778.52759433 0.1
  1 39 5 1664416.88178047 0.1
  1 40 5 1798939.69797507 0.1
  1 41 5 1597779.62881294 0.1
  1 42 5 1381118.0517716 0.1
  1 43 5 1401305.23395338 0.1
  1 44 5 1705157.64186928 0.1
  1 45 5 1676044.09010846 0.1
  1 46 5 1519138.50851891 0.1
  1 47 5 1362394.68096001 0.1
  1 48 5 1495184.08299733 0.1
  1 49 5 1518945.06509905 0.1
  1 50 5 1354130.08845292 0.1
  1 51 5 1651251.13478414 0.1
  1 52 5 1522530.40442066 0.1
  1 53 5 1654073.08928636 0.1
  1 54 5 1645103.66829508 0.1
  1 55 5 1755347.37098065 0.1
  1 56 5 1671618.28705214 0.1
  1 57 5 1603033.37221912 0.1
  1 58 5 1905002.56098587 0.1
  1 59 5 1485201.64293253 0.1
  1 60 5 1571984.27080895 0.1
  1 61 5 1781127.77674133 0.1
  1 62 5 1570129.65342646 0.1
  1 63 5 1766537.8001413 0.1
  1 64 5 1344528.76450278 0.1
  1 65 5 1539500.52606149 0.1
  1 66 5 1422377.66219952 0.1
  1 67 5 1628045.92793571 0.1
  1 68 5 1389812.392138 0.1
  1 69 5 1584871.44544491 0.1
  1 70 5 1443118.05717145 0.1
  1 71 5 1510543.20109794 0.1
  1 72 5 1688323.73598111 0.1
  1 73 5 1431716.13358971 0.1
  1 74 5 1454868.28417471 0.1
  1 75 5 1459036.45617151 0.1
  1 76 5 1311062.87915967 0.1
  1 77 5 1555572.77374956 0.1
  1 78 5 1398027.21857412 0.1
  1 79 5 1454535.28689534 0.1
  1 80 5 1555197.71287395 0.1
  1 1 6 6958546.74064247 0.1
  1 2 6 7323511.65740828 0.1
  1 3 6 7144594.17684034 0.1
  1 4 6 6888800.29033762 0.1
  1 5 6 6522128.65128633 0.1
  1 6 6 5818406.79978335 0.1
  1 7 6 6694604.7027708 0.1
  1 8 6 7649089.51337149 0.1
  1 9 6 7897844.77151403 0.1
  1 10 6 5933288.70146549 0.1
  1 11 6 6075207.41051729 0.1
  1 12 6 6195649.57953931 0.1
  1 13 6 5724163.18771077 0.1
  1 14 6 8245708.05121353 0.1
  1 15 6 7459517.57674457 0.1
  1 16 6 6058631.47358237 0.1
  1 17 6 5470596.03324851 0.1
  1 18 6 5700450.85560402 0.1
  1 19 6 4817911.07888381 0.1
  1 20 6 4331020.61175607 0.1
  1 21 6 4608374.88603607 0.1
  1 22 6 3810251.87366339 0.1
  1 23 6 4150615.15167016 0.1
  1 24 6 4008673.16071401 0.1
  1 25 6 3840916.27813639 0.1
  1 26 6 3945524.14409893 0.1
  1 27 6 3492916.67885821 0.1
  1 28 6 3732654.37164492 0.1
  1 29 6 3658817.32543604 0.1
  1 30 6 3314721.01775885 0.1
  1 31 6 3813075.56853077 0.1
  1 32 6 3931866.54673918 0.1
  1 33 6 3479216.50089207 0.1
  1 34 6 3050423.69559832 0.1
  1 35 6 3411527.13201769 0.1
  1 36 6 3488594.6887825 0.1
  1 37 6 3788348.45012345 0.1
  1 38 6 3287694.41047248 0.1
  1 39 6 3374424.81311404 0.1
  1 40 6 3296026.59422173 0.1
  1 41 6 3990993.69166016 0.1
  1 42 6 3540735.97178071 0.1
  1 43 6 4340510.03077789 0.1
  1 44 6 4897825.40218046 0.1
  1 45 6 4224938.80472937 0.1
  1 46 6 4627101.86032117 0.1
  1 47 6 4815852.69552541 0.1
  1 48 6 4453453.39018276 0.1
  1 49 6 4223447.60160429 0.1
  1 50 6 5471644.79601898 0.1
  1 51 6 3644691.84514982 0.1
  1 52 6 5277119.34787317 0.1
  1 53 6 4719703.67711369 0.1
  1 54 6 4880133.15538098 0.1
  1 55 6 6362208.77860482 0.1
  1 56 6 5509544.23518858 0.1
  1 57 6 5990952.19951468 0.1
  1 58 6 5131900.25514653 0.1
  1 59 6 4336711.53665031 0.1
  1 60 6 4487109.63760153 0.1
  1 61 6 5986232.919021 0.1
  1 62 6 5555484.24805479 0.1
  1 63 6 5522549.27650535 0.1
  1 64 6 6138339.63117439 0.1
  1 65 6 4799983.18058184 0.1
  1 66 6 5210038.819027 0.1
  1 67 6 4909181.31648889 0.1
  1 68 6 4908522.40744696 0.1
  1 69 6 4800911.07569796 0.1
  1 70 6 5368519.8674382 0.1
  1 71 6 5396146.99263843 0.1
  1 72 6 5346464.63557071 0.1
  1 73 6 4573220.33997715 0.1
  1 74 6 5167669.39536089 0.1
  1 75 6 5371496.06755677 0.1
  1 76 6 4300958.4762491 0.1
  1 77 6 5670606.75527303 0.1
  1 78 6 5025213.34667169 0.1
  1 79 6 4355498.49903892 0.1
  1 80 6 5382379.20320952 0.1
  1 1 7 6613350.71291161 0.1
  1 2 7 6044844.7218754 0.1
  1 3 7 5027275.57618098 0.1
  1 4 7 5057302.86421837 0.1
  1 5 7 4873325.2915989 0.1
  1 6 7 5381014.51489557 0.1
  1 7 7 5057709.10409449 0.1
  1 8 7 4896188.72101262 0.1
  1 9 7 6293217.82297 0.1
  1 10 7 5533677.90909724 0.1
  1 11 7 5225605.03106329 0.1
  1 12 7 6004682.58514341 0.1
  1 13 7 4988996.06438931 0.1
  1 14 7 5671088.88800002 0.1
  1 15 7 4513498.85301892 0.1
  1 16 7 4586842.45452143 0.1
  1 17 7 4325626.92656185 0.1
  1 18 7 4180345.04165049 0.1
  1 19 7 3991361.82552425 0.1
  1 20 7 4290435.26514524 0.1
  1 21 7 5134106.60920311 0.1
  1 22 7 3963253.335698 0.1
  1 23 7 4251454.1934127 0.1
  1 24 7 4610533.43328268 0.1
  1 25 7 3621677.14406882 0.1
  1 26 7 4196121.12646515 0.1
  1 27 7 3724845.56756825 0.1
  1 28 7 3741751.83030209 0.1
  1 29 7 5022805.63616932 0.1
  1 30 7 5111587.27250772 0.1
  1 31 7 4755436.84593811 0.1
  1 32 7 4674000.02859418 0.1
  1 33 7 4083800.41904079 0.1
  1 34 7 4939829.37010277 0.1
  1 35 7 4484553.48406916 0.1
  1 36 7 4185392.11341702 0.1
  1 37 7 4191255.90498063 0.1
  1 38 7 4756312.11960349 0.1
  1 39 7 4455620.57469606 0.1
  1 40 7 4326707.1300845 0.1
  1 41 7 4405322.18510874 0.1
  1 42 7 4375526.16921515 0.1
  1 43 7 5015894.18702857 0.1
  1 44 7 5048687.03512551 0.1
  1 45 7 5024428.56785584 0.1
  1 46 7 3963909.78932506 0.1
  1 47 7 4976851.51477947 0.1
  1 48 7 4267377.42258395 0.1
  1 49 7 5584621.33083601 0.1
  1 50 7 5280640.00906864 0.1
  1 51 7 4652692.73283305 0.1
  1 52 7 4541820.75705793 0.1
  1 53 7 5210836.62635941 0.1
  1 54 7 4565695.07962116 0.1
  1 55 7 4880430.48219146 0.1
  1 56 7 6337243.72477953 0.1
  1 57 7 5151643.32780222 0.1
  1 58 7 5800772.22160255 0.1
  1 59 7 5556885.62667524 0.1
  1 60 7 4724996.90919769 0.1
  1 61 7 4678085.30258466 0.1
  1 62 7 4972186.64164876 0.1
  1 63 7 4970089.94078101 0.1
  1 64 7 5094176.12028651 0.1
  1 65 7 4530673.08175484 0.1
  1 66 7 5108105.41790784 0.1
  1 67 7 4223042.07179053 0.1
  1 68 7 4450533.05167684 0.1
  1 69 7 4925024.93993163 0.1
  1 70 7 4369268.76860719 0.1
  1 71 7 5139575.54370032 0.1
  1 72 7 4775704.58858578 0.1
  1 73 7 4566729.00942364 0.1
  1 74 7 4949751.79110522 0.1
  1 75 7 5389055.11865472 0.1
  1 76 7 5054315.28672641 0.1
  1 77 7 4793210.64224781 0.1
  1 78 7 4510659.11996196 0.1
  1 79 7 4432069.60470711 0.1
  1 80 7 4126072.54995083 0.1
  1 1 8 1912536.13752275 0.1
  1 2 8 1662203.15411653 0.1
  1 3 8 1482407.91974829 0.1
  1 4 8 1511641.32628171 0.1
  1 5 8 1393750.84101783 0.1
  1 6 8 1584884.02390466 0.1
  1 7 8 1564241.77198118 0.1
  1 8 8 1878278.59013997 0.1
  1 9 8 1674174.14883217 0.1
  1 10 8 2263085.97524786 0.1
  1 11 8 2221207.36268988 0.1
  1 12 8 1967695.04006197 0.1
  1 13 8 1353246.30285557 0.1
  1 14 8 1096344.57870808 0.1
  1 15 8 772113.285932354 0.1
  1 16 8 613088.403112104 0.1
  1 17 8 409252.432176481 0.1
  1 18 8 420243.083973742 0.1
  1 19 8 435774.674971642 0.1
  1 20 8 307262.858565418 0.1
  1 21 8 226456.407786912 0.1
  1 22 8 231478.809924446 0.1
  1 23 8 523953.559295144 0.1
  1 24 8 481584.316229748 0.1
  1 25 8 862598.493470133 0.1
  1 26 8 879991.064454899 0.1
  1 27 8 999115.192706031 0.1
  1 28 8 1237460.43435973 0.1
  1 29 8 1044083.34231693 0.1
  1 30 8 834360.664083813 0.1
  1 31 8 829819.850412393 0.1
  1 32 8 741251.638165936 0.1
  1 33 8 805019.330715574 0.1
  1 34 8 749889.729722045 0.1
  1 35 8 634830.418282443 0.1
  1 36 8 804289.556476724 0.1
  1 37 8 979054.498689786 0.1
  1 38 8 1123433.93849344 0.1
  1 39 8 1018776.77014799 0.1
  1 40 8 1230300.03955032 0.1
  1 41 8 1593506.60444306 0.1
  1 42 8 1761896.62629541 0.1
  1 43 8 1514647.20040176 0.1
  1 44 8 1793343.44169004 0.1
  1 45 8 1438169.05411628 0.1
  1 46 8 2016760.76603034 0.1
  1 47 8 1672088.16861188 0.1
  1 48 8 1552670.52747104 0.1
  1 49 8 2075650.72338697 0.1
  1 50 8 2095951.10102173 0.1
  1 51 8 2795755.08681146 0.1
  1 52 8 3503172.8840348 0.1
  1 53 8 3786659.91785047 0.1
  1 54 8 3305788.79312983 0.1
  1 55 8 3599827.8103401 0.1
  1 56 8 2473381.02281728 0.1
  1 57 8 2141139.43006766 0.1
  1 58 8 2114806.98457873 0.1
  1 59 8 2114214.73004159 0.1
  1 60 8 2213045.04735938 0.1
  1 61 8 1998377.38546839 0.1
  1 62 8 2742653.07278213 0.1
  1 63 8 2921603.27422775 0.1
  1 64 8 2751462.86125892 0.1
  1 65 8 3608463.4501594 0.1
  1 66 8 3622619.72516686 0.1
  1 67 8 3078161.12322262 0.1
  1 68 8 2270597.20490715 0.1
  1 69 8 1666628.93303959 0.1
  1 70 8 1550590.50648637 0.1
  1 71 8 1678699.10239367 0.1
  1 72 8 1494481.45449664 0.1
  1 73 8 2565960.18842785 0.1
  1 74 8 3279108.4315192 0.1
  1 75 8 4340160.02496545 0.1
  1 76 8 4658504.64048563 0.1
  1 77 8 5214557.52803689 0.1
  1 78 8 7987288.07067843 0.1
  1 79 8 5634623.65418816 0.1
  1 80 8 4015496.65788835 0.1
  1 1 9 341509.399080328 0.1
  1 2 9 349252.998849427 0.1
  1 3 9 354978.434982279 0.1
  1 4 9 446846.081954562 0.1
  1 5 9 378786.595256505 0.1
  1 6 9 430588.373579117 0.1
  1 7 9 308494.834819251 0.1
  1 8 9 398474.078260164 0.1
  1 9 9 343667.342946504 0.1
  1 10 9 343330.110811191 0.1
  1 11 9 486644.87405435 0.1
  1 12 9 320345.442859981 0.1
  1 13 9 407551.168452149 0.1
  1 14 9 366354.584017651 0.1
  1 15 9 412136.440322221 0.1
  1 16 9 380145.904849467 0.1
  1 17 9 317176.067112337 0.1
  1 18 9 363876.418989372 0.1
  1 19 9 439496.353978586 0.1
  1 20 9 459441.678713841 0.1
  1 21 9 390460.876342768 0.1
  1 22 9 446734.469379801 0.1
  1 23 9 488048.85642162 0.1
  1 24 9 382157.479198367 0.1
  1 25 9 415838.675496328 0.1
  1 26 9 383763.791666864 0.1
  1 27 9 321241.341531099 0.1
  1 28 9 422836.700633267 0.1
  1 29 9 513294.307859371 0.1
  1 30 9 478588.374971647 0.1
  1 31 9 490873.239085362 0.1
  1 32 9 387321.876327504 0.1
  1 33 9 415841.202883263 0.1
  1 34 9 536418.395471249 0.1
  1 35 9 420750.619455528 0.1
  1 36 9 429527.652046404 0.1
  1 37 9 401635.812388566 0.1
  1 38 9 393596.626119714 0.1
  1 39 9 353803.507256342 0.1
  1 40 9 435855.224520571 0.1
  1 41 9 434008.852003849 0.1
  1 42 9 380152.731210025 0.1
  1 43 9 478512.621184683 0.1
  1 44 9 418825.644015134 0.1
  1 45 9 385606.234207149 0.1
  1 46 9 350216.223539745 0.1
  1 47 9 417329.872266633 0.1
  1 48 9 558555.424856991 0.1
  1 49 9 426830.982881283 0.1
  1 50 9 365028.020874547 0.1
  1 51 9 361105.796240989 0.1
  1 52 9 420453.689492061 0.1
  1 53 9 499743.788187643 0.1
  1 54 9 487566.556278225 0.1
  1 55 9 549917.252948655 0.1
  1 56 9 492344.95965341 0.1
  1 57 9 498697.746058571 0.1
  1 58 9 501882.854360863 0.1
  1 59 9 511496.055623995 0.1
  1 60 9 516478.800267832 0.1
  1 61 9 445634.004257447 0.1
  1 62 9 424230.200803956 0.1
  1 63 9 378557.037111052 0.1
  1 64 9 437583.49018867 0.1
  1 65 9 420491.821977273 0.1
  1 66 9 469991.451851829 0.1
  1 67 9 470631.855327489 0.1
  1 68 9 484310.886943038 0.1
  1 69 9 518185.34513669 0.1
  1 70 9 498935.139594624 0.1
  1 71 9 430338.256455986 0.1
  1 72 9 394176.833474361 0.1
  1 73 9 449557.025560477 0.1
  1 74 9 384292.820825799 0.1
  1 75 9 533488.430815702 0.1
  1 76 9 433604.570103452 0.1
  1 77 9 404117.904883083 0.1
  1 78 9 414514.224360281 0.1
  1 79 9 443447.840307442 0.1
  1 80 9 377648.112267971 0.1
  1 1 10 2273825.99486965 0.1
  1 2 10 2549127.1491569 0.1
  1 3 10 2622848.61287629 0.1
  1 4 10 2564699.23630263 0.1
  1 5 10 3221329.09642841 0.1
  1 6 10 2493921.3607372 0.1
  1 7 10 2647148.48030425 0.1
  1 8 10 2506849.79377451 0.1
  1 9 10 2376005.4195196 0.1
  1 10 10 2261109.78959336 0.1
  1 11 10 3194711.08884393 0.1
  1 12 10 1927974.18882777 0.1
  1 13 10 2462028.12674225 0.1
  1 14 10 2857310.20537046 0.1
  1 15 10 2174553.40609877 0.1
  1 16 10 2160473.13685939 0.1
  1 17 10 1908751.29451098 0.1
  1 18 10 1885000.99823623 0.1
  1 19 10 2385322.9190955 0.1
  1 20 10 1984376.71784991 0.1
  1 21 10 1777906.77742792 0.1
  1 22 10 2133390.19693615 0.1
  1 23 10 1524666.09672819 0.1
  1 24 10 1608268.3204338 0.1
  1 25 10 1539117.73507192 0.1
  1 26 10 1652098.01447615 0.1
  1 27 10 1791997.40019393 0.1
  1 28 10 1693834.35551361 0.1
  1 29 10 1567788.25420757 0.1
  1 30 10 1638583.54625107 0.1
  1 31 10 1643438.91124507 0.1
  1 32 10 1409182.97267807 0.1
  1 33 10 1567076.29536531 0.1
  1 34 10 1691066.85374803 0.1
  1 35 10 1772778.26739814 0.1
  1 36 10 2134744.61191876 0.1
  1 37 10 1622237.31351082 0.1
  1 38 10 1606048.01960948 0.1
  1 39 10 1604097.14097524 0.1
  1 40 10 1574320.09463223 0.1
  1 41 10 1848307.02239379 0.1
  1 42 10 1787085.50754409 0.1
  1 43 10 1768467.17034573 0.1
  1 44 10 1950307.17016658 0.1
  1 45 10 1949678.36073104 0.1
  1 46 10 1910485.45827875 0.1
  1 47 10 2232037.38111696 0.1
  1 48 10 2044241.48591097 0.1
  1 49 10 2032364.7319974 0.1
  1 50 10 1853234.75229436 0.1
  1 51 10 2129081.81953598 0.1
  1 52 10 1986926.14805935 0.1
  1 53 10 2196087.66455202 0.1
  1 54 10 2086639.01697626 0.1
  1 55 10 2450871.70813985 0.1
  1 56 10 2667395.84582841 0.1
  1 57 10 2257002.1588643 0.1
  1 58 10 1936668.05479944 0.1
  1 59 10 2183086.75110198 0.1
  1 60 10 2521453.83190198 0.1
  1 61 10 2623596.23758181 0.1
  1 62 10 2408377.95193982 0.1
  1 63 10 2300054.8713675 0.1
  1 64 10 1963257.83252396 0.1
  1 65 10 2439854.44767586 0.1
  1 66 10 2042963.42226517 0.1
  1 67 10 2301367.18725367 0.1
  1 68 10 2116890.82962891 0.1
  1 69 10 2351731.83762978 0.1
  1 70 10 2293697.59494382 0.1
  1 71 10 1912398.19996312 0.1
  1 72 10 1863049.28232589 0.1
  1 73 10 2129150.59082944 0.1
  1 74 10 2141669.07890374 0.1
  1 75 10 1894733.10598701 0.1
  1 76 10 1957047.63634691 0.1
  1 77 10 1839640.13886156 0.1
  1 78 10 1836910.37679245 0.1
  1 79 10 2009405.3804269 0.1
  1 80 10 1904923.89600105 0.1
  1 1 11 17099473.9600636 0.1
  1 2 11 17100011.9875531 0.1
  1 3 11 20353246.9336652 0.1
  1 4 11 18515943.0528062 0.1
  1 5 11 19084695.2679134 0.1
  1 6 11 19271388.1860842 0.1
  1 7 11 20164954.7630054 0.1
  1 8 11 24485937.3497056 0.1
  1 9 11 29395963.7003608 0.1
  1 10 11 22824627.8227083 0.1
  1 11 11 22784589.9698892 0.1
  1 12 11 24518406.2073219 0.1
  1 13 11 26138765.9368527 0.1
  1 14 11 25758279.2788525 0.1
  1 15 11 21742856.5245775 0.1
  1 16 11 23238362.3165929 0.1
  1 17 11 16661834.469502 0.1
  1 18 11 15730761.6055852 0.1
  1 19 11 16259449.6771438 0.1
  1 20 11 14335249.1509372 0.1
  1 21 11 12425214.3995297 0.1
  1 22 11 11887167.325377 0.1
  1 23 11 12558760.6709963 0.1
  1 24 11 10121514.9617418 0.1
  1 25 11 11169141.0613168 0.1
  1 26 11 9716273.60412316 0.1
  1 27 11 10695466.580775 0.1
  1 28 11 9735695.38468834 0.1
  1 29 11 9200105.92700798 0.1
  1 30 11 9356839.02726457 0.1
  1 31 11 9977939.24794394 0.1
  1 32 11 8682824.12433242 0.1
  1 33 11 9995251.39072431 0.1
  1 34 11 10977538.6861603 0.1
  1 35 11 7479481.31652193 0.1
  1 36 11 9373951.65545396 0.1
  1 37 11 8454967.38329507 0.1
  1 38 11 10135598.6532644 0.1
  1 39 11 11448435.8476881 0.1
  1 40 11 8943670.1105195 0.1
  1 41 11 9919539.51904264 0.1
  1 42 11 11235574.6067683 0.1
  1 43 11 10656408.248312 0.1
  1 44 11 11743451.8667255 0.1
  1 45 11 12306703.2574951 0.1
  1 46 11 14585357.4035831 0.1
  1 47 11 15040517.0754043 0.1
  1 48 11 14152766.9695832 0.1
  1 49 11 14193791.5293517 0.1
  1 50 11 12351837.7326991 0.1
  1 51 11 14392897.1281663 0.1
  1 52 11 15738485.5033997 0.1
  1 53 11 13391536.1902928 0.1
  1 54 11 16048514.3646961 0.1
  1 55 11 15524976.4477378 0.1
  1 56 11 18018358.6080841 0.1
  1 57 11 15591194.6159843 0.1
  1 58 11 19910748.0228119 0.1
  1 59 11 15679075.9926969 0.1
  1 60 11 18116784.734102 0.1
  1 61 11 16219550.516881 0.1
  1 62 11 15970744.9551375 0.1
  1 63 11 18229303.2449783 0.1
  1 64 11 17443860.9898581 0.1
  1 65 11 20608663.8526646 0.1
  1 66 11 20194605.9478568 0.1
  1 67 11 17647509.64849 0.1
  1 68 11 16589960.1529749 0.1
  1 69 11 19778378.38371 0.1
  1 70 11 16612647.8902389 0.1
  1 71 11 17362207.808514 0.1
  1 72 11 19073721.3140936 0.1
  1 73 11 14037813.4693062 0.1
  1 74 11 18889047.9454933 0.1
  1 75 11 12976777.8334546 0.1
  1 76 11 16058561.0277746 0.1
  1 77 11 17778957.5889301 0.1
  1 78 11 18801440.9519084 0.1
  1 79 11 15224525.1623068 0.1
  1 80 11 14555402.4438165 0.1
  2 1 1 1794569.08972694 0.1
  2 2 1 1750750.00315063 0.1
  2 3 1 1765363.31466375 0.1
  2 4 1 1297397.19347953 0.1
  2 5 1 1801843.04528192 0.1
  2 6 1 1854242.92700168 0.1
  2 7 1 1654217.16020068 0.1
  2 8 1 1893506.85777609 0.1
  2 9 1 1360637.66302263 0.1
  2 10 1 1735788.68771209 0.1
  2 11 1 1576272.4673143 0.1
  2 12 1 1401714.03109054 0.1
  2 13 1 1553820.99643892 0.1
  2 14 1 1621326.32399471 0.1
  2 15 1 1455724.29915781 0.1
  2 16 1 1191888.26693077 0.1
  2 17 1 1190919.61056681 0.1
  2 18 1 1043351.85475377 0.1
  2 19 1 1213945.90733638 0.1
  2 20 1 1069612.22798137 0.1
  2 21 1 1226379.14620785 0.1
  2 22 1 1067206.52962907 0.1
  2 23 1 1101914.70227737 0.1
  2 24 1 1034485.60260101 0.1
  2 25 1 1094692.26823951 0.1
  2 26 1 895881.200567657 0.1
  2 27 1 1008126.10794859 0.1
  2 28 1 974152.208414172 0.1
  2 29 1 851732.420899279 0.1
  2 30 1 1032881.31435714 0.1
  2 31 1 1144414.39290049 0.1
  2 32 1 1210536.58031049 0.1
  2 33 1 1136593.87261752 0.1
  2 34 1 1055018.50930085 0.1
  2 35 1 1030876.58713235 0.1
  2 36 1 1010553.36101142 0.1
  2 37 1 908586.11562342 0.1
  2 38 1 1085820.17479068 0.1
  2 39 1 1156188.81900243 0.1
  2 40 1 1129569.46199838 0.1
  2 41 1 1327813.37271719 0.1
  2 42 1 1489719.3869559 0.1
  2 43 1 1688298.2030123 0.1
  2 44 1 1217782.86502824 0.1
  2 45 1 1379391.57098975 0.1
  2 46 1 1360150.21379229 0.1
  2 47 1 1378278.50185686 0.1
  2 48 1 1403057.46651645 0.1
  2 49 1 1647428.54501964 0.1
  2 50 1 1638882.54855106 0.1
  2 51 1 1434780.57473568 0.1
  2 52 1 1415363.76367254 0.1
  2 53 1 1541386.5053198 0.1
  2 54 1 1704936.58209373 0.1
  2 55 1 1757625.70215986 0.1
  2 56 1 1537572.48729995 0.1
  2 57 1 1419307.26837797 0.1
  2 58 1 1334165.83356926 0.1
  2 59 1 1511737.91035508 0.1
  2 60 1 1815761.78666308 0.1
  2 61 1 1483099.88733746 0.1
  2 62 1 1426263.41748186 0.1
  2 63 1 1443259.13202337 0.1
  2 64 1 1716788.06578443 0.1
  2 65 1 1600768.27331913 0.1
  2 66 1 1592717.77878676 0.1
  2 67 1 1639711.06352535 0.1
  2 68 1 1356082.29360192 0.1
  2 69 1 1403489.46077701 0.1
  2 70 1 1653965.53283306 0.1
  2 71 1 1462602.66541556 0.1
  2 72 1 1377397.90230682 0.1
  2 73 1 1507374.38836607 0.1
  2 74 1 1569353.88488978 0.1
  2 75 1 1414676.86395495 0.1
  2 76 1 1256534.87851184 0.1
  2 77 1 1391477.24534183 0.1
  2 78 1 1169814.21985545 0.1
  2 79 1 1551180.24944228 0.1
  2 80 1 1292098.51479087 0.1
  2 1 2 858110.27277018 0.1
  2 2 2 653463.807707008 0.1
  2 3 2 495376.18460025 0.1
  2 4 2 592463.293751385 0.1
  2 5 2 616766.886143572 0.1
  2 6 2 550369.182108017 0.1
  2 7 2 1656136.55932794 0.1
  2 8 2 1145159.7108484 0.1
  2 9 2 433329.830101243 0.1
  2 10 2 988281.215439799 0.1
  2 11 2 780206.720772342 0.1
  2 12 2 850623.728915267 0.1
  2 13 2 549216.317853672 0.1
  2 14 2 581394.578879161 0.1
  2 15 2 653593.40387601 0.1
  2 16 2 804448.471080429 0.1
  2 17 2 556682.870382049 0.1
  2 18 2 774196.528503165 0.1
  2 19 2 735981.654090183 0.1
  2 20 2 592433.978749275 0.1
  2 21 2 688682.446350027 0.1
  2 22 2 863839.038077942 0.1
  2 23 2 1241760.51733892 0.1
  2 24 2 976742.995001866 0.1
  2 25 2 789216.573961947 0.1
  2 26 2 869120.123028337 0.1
  2 27 2 815895.592248837 0.1
  2 28 2 917825.515106879 0.1
  2 29 2 766134.779748453 0.1
  2 30 2 1042399.26110459 0.1
  2 31 2 1036002.39262744 0.1
  2 32 2 1011292.88478865 0.1
  2 33 2 863571.905772799 0.1
  2 34 2 786744.873130192 0.1
  2 35 2 736676.551261326 0.1
  2 36 2 771215.514238457 0.1
  2 37 2 910319.701888768 0.1
  2 38 2 826247.919334046 0.1
  2 39 2 1031264.12366929 0.1
  2 40 2 995614.049252451 0.1
  2 41 2 1429517.19504818 0.1
  2 42 2 1050812.82748385 0.1
  2 43 2 753734.681816616 0.1
  2 44 2 710251.036010237 0.1
  2 45 2 680515.67067224 0.1
  2 46 2 771594.584100655 0.1
  2 47 2 646784.248579598 0.1
  2 48 2 740070.297140528 0.1
  2 49 2 986073.21763264 0.1
  2 50 2 745405.190619884 0.1
  2 51 2 921533.461638424 0.1
  2 52 2 676493.998848728 0.1
  2 53 2 1165336.52865354 0.1
  2 54 2 846684.655203199 0.1
  2 55 2 835179.275949899 0.1
  2 56 2 936516.703530312 0.1
  2 57 2 872876.988046954 0.1
  2 58 2 1672210.83257946 0.1
  2 59 2 1004405.67724233 0.1
  2 60 2 957813.334951987 0.1
  2 61 2 1051207.08462792 0.1
  2 62 2 1294278.63487161 0.1
  2 63 2 837243.505926687 0.1
  2 64 2 1039242.53170717 0.1
  2 65 2 848554.022176841 0.1
  2 66 2 1197204.72529807 0.1
  2 67 2 1132421.05463693 0.1
  2 68 2 763112.61743946 0.1
  2 69 2 1028221.11996917 0.1
  2 70 2 1371556.71890231 0.1
  2 71 2 878603.715419121 0.1
  2 72 2 885044.581891037 0.1
  2 73 2 1235347.78437376 0.1
  2 74 2 1725386.8767994 0.1
  2 75 2 742463.247817546 0.1
  2 76 2 1182298.98470543 0.1
  2 77 2 1105840.73933512 0.1
  2 78 2 695244.020562327 0.1
  2 79 2 961285.313371103 0.1
  2 80 2 761557.391725037 0.1
  2 1 3 368163.563946056 0.1
  2 2 3 365606.544220418 0.1
  2 3 3 393318.092588381 0.1
  2 4 3 325160.114037616 0.1
  2 5 3 335886.575821483 0.1
  2 6 3 417016.162234227 0.1
  2 7 3 335003.600452157 0.1
  2 8 3 406658.20718763 0.1
  2 9 3 303270.882029362 0.1
  2 10 3 411068.846065217 0.1
  2 11 3 394984.465792614 0.1
  2 12 3 355848.350476727 0.1
  2 13 3 316263.688155353 0.1
  2 14 3 372858.3227941 0.1
  2 15 3 360440.6414359 0.1
  2 16 3 361485.584476004 0.1
  2 17 3 268847.036337437 0.1
  2 18 3 274843.347067687 0.1
  2 19 3 261963.701000094 0.1
  2 20 3 251348.807013983 0.1
  2 21 3 248103.709822042 0.1
  2 22 3 239461.557618923 0.1
  2 23 3 237293.419408409 0.1
  2 24 3 198925.881593183 0.1
  2 25 3 237916.040057529 0.1
  2 26 3 224677.221028732 0.1
  2 27 3 212406.462522657 0.1
  2 28 3 238979.072322538 0.1
  2 29 3 260798.897345328 0.1
  2 30 3 233878.634097951 0.1
  2 31 3 184354.579438349 0.1
  2 32 3 198966.813828743 0.1
  2 33 3 224306.033252818 0.1
  2 34 3 187952.532257272 0.1
  2 35 3 192882.479945443 0.1
  2 36 3 180720.585265789 0.1
  2 37 3 202379.646887583 0.1
  2 38 3 183553.558144027 0.1
  2 39 3 216039.700679093 0.1
  2 40 3 155668.099936223 0.1
  2 41 3 197588.898410404 0.1
  2 42 3 219309.336157377 0.1
  2 43 3 214114.923136447 0.1
  2 44 3 212377.655248044 0.1
  2 45 3 241331.394739365 0.1
  2 46 3 259545.402729244 0.1
  2 47 3 225044.787750402 0.1
  2 48 3 279161.682152911 0.1
  2 49 3 298038.160399534 0.1
  2 50 3 253646.148997916 0.1
  2 51 3 256130.782302198 0.1
  2 52 3 275717.722890318 0.1
  2 53 3 267444.726997087 0.1
  2 54 3 287669.919078425 0.1
  2 55 3 237998.332223804 0.1
  2 56 3 306796.138279125 0.1
  2 57 3 257344.594065215 0.1
  2 58 3 305928.724581436 0.1
  2 59 3 243017.172852203 0.1
  2 60 3 349266.568651102 0.1
  2 61 3 273184.485339194 0.1
  2 62 3 268497.271105214 0.1
  2 63 3 316326.837533318 0.1
  2 64 3 270432.798978702 0.1
  2 65 3 320059.835881507 0.1
  2 66 3 369139.464746016 0.1
  2 67 3 274544.432679791 0.1
  2 68 3 293904.100905377 0.1
  2 69 3 280263.769015977 0.1
  2 70 3 287493.953089426 0.1
  2 71 3 319529.186968297 0.1
  2 72 3 236743.3076485 0.1
  2 73 3 246555.028647543 0.1
  2 74 3 311330.533749543 0.1
  2 75 3 272694.415475922 0.1
  2 76 3 286731.034613877 0.1
  2 77 3 220901.87785254 0.1
  2 78 3 278469.293110708 0.1
  2 79 3 272499.942147995 0.1
  2 80 3 223806.917881851 0.1
  2 1 4 866157.54896108 0.1
  2 2 4 1031544.63382405 0.1
  2 3 4 1011978.24430907 0.1
  2 4 4 1155980.69931097 0.1
  2 5 4 1323757.03735948 0.1
  2 6 4 1882323.1245759 0.1
  2 7 4 1481404.99088185 0.1
  2 8 4 1705687.5451324 0.1
  2 9 4 1785354.28550435 0.1
  2 10 4 2112354.18090751 0.1
  2 11 4 1776072.92575495 0.1
  2 12 4 1700148.45294689 0.1
  2 13 4 1728162.28495371 0.1
  2 14 4 1837203.9192667 0.1
  2 15 4 2121124.97775726 0.1
  2 16 4 1894955.62944512 0.1
  2 17 4 1061779.81718739 0.1
  2 18 4 871194.832202667 0.1
  2 19 4 652525.323508218 0.1
  2 20 4 583590.886150362 0.1
  2 21 4 315455.605002333 0.1
  2 22 4 377040.50908232 0.1
  2 23 4 301916.513942677 0.1
  2 24 4 258960.068957973 0.1
  2 25 4 213696.540190175 0.1
  2 26 4 179655.001551713 0.1
  2 27 4 562539.892020533 0.1
  2 28 4 909632.437372412 0.1
  2 29 4 1347707.62039222 0.1
  2 30 4 1629724.49116968 0.1
  2 31 4 1787952.37171756 0.1
  2 32 4 1395039.85130634 0.1
  2 33 4 996425.252877787 0.1
  2 34 4 892623.00360312 0.1
  2 35 4 615530.571694354 0.1
  2 36 4 588555.259495285 0.1
  2 37 4 364000.871131635 0.1
  2 38 4 367201.64963833 0.1
  2 39 4 351271.406044637 0.1
  2 40 4 752877.4848484 0.1
  2 41 4 1057379.36992398 0.1
  2 42 4 1346033.81127343 0.1
  2 43 4 2074307.50451062 0.1
  2 44 4 1794229.13219632 0.1
  2 45 4 1831182.66001787 0.1
  2 46 4 1945821.98953222 0.1
  2 47 4 1796364.18915215 0.1
  2 48 4 2134188.8826611 0.1
  2 49 4 1846683.43864267 0.1
  2 50 4 2665426.04824677 0.1
  2 51 4 2100084.55712582 0.1
  2 52 4 1641464.57880995 0.1
  2 53 4 1561531.323654 0.1
  2 54 4 1690344.2330343 0.1
  2 55 4 1690170.02602452 0.1
  2 56 4 1223798.27050975 0.1
  2 57 4 1556568.73232348 0.1
  2 58 4 1734292.96863873 0.1
  2 59 4 2375594.72943111 0.1
  2 60 4 2198756.82513303 0.1
  2 61 4 2111000.76325987 0.1
  2 62 4 1888953.63511314 0.1
  2 63 4 1775428.15693978 0.1
  2 64 4 1558026.16840573 0.1
  2 65 4 1464057.82018992 0.1
  2 66 4 1255200.2626317 0.1
  2 67 4 1005395.70742368 0.1
  2 68 4 1152809.61603957 0.1
  2 69 4 786335.426811179 0.1
  2 70 4 925346.771565752 0.1
  2 71 4 686666.033887331 0.1
  2 72 4 710910.206812351 0.1
  2 73 4 619476.124866618 0.1
  2 74 4 493470.566765703 0.1
  2 75 4 493009.510890939 0.1
  2 76 4 437628.164758431 0.1
  2 77 4 328752.300930426 0.1
  2 78 4 327743.388898342 0.1
  2 79 4 340223.182381609 0.1
  2 80 4 281136.228361807 0.1
  2 1 5 1251535.15565261 0.1
  2 2 5 1369194.06167794 0.1
  2 3 5 1514060.09768942 0.1
  2 4 5 1353585.59411631 0.1
  2 5 5 1599778.47559637 0.1
  2 6 5 1742120.28130976 0.1
  2 7 5 1284084.13518633 0.1
  2 8 5 1690552.71590495 0.1
  2 9 5 1956720.25930128 0.1
  2 10 5 1620341.92213681 0.1
  2 11 5 1556616.99944267 0.1
  2 12 5 1795092.31686723 0.1
  2 13 5 2118895.5843539 0.1
  2 14 5 1751336.81295796 0.1
  2 15 5 1578383.34223101 0.1
  2 16 5 1754130.98931211 0.1
  2 17 5 1591737.13588041 0.1
  2 18 5 2020573.06270354 0.1
  2 19 5 2119022.31569345 0.1
  2 20 5 2295345.95199443 0.1
  2 21 5 1907840.91343485 0.1
  2 22 5 2165414.83643212 0.1
  2 23 5 1860065.26212244 0.1
  2 24 5 2178336.38537003 0.1
  2 25 5 1933018.17989988 0.1
  2 26 5 2106286.42804145 0.1
  2 27 5 2184344.48902194 0.1
  2 28 5 1964454.12962785 0.1
  2 29 5 2331845.93680387 0.1
  2 30 5 1919167.94006793 0.1
  2 31 5 2536684.49379579 0.1
  2 32 5 1929107.16975044 0.1
  2 33 5 1786501.25328105 0.1
  2 34 5 1907280.95116121 0.1
  2 35 5 2079302.87131407 0.1
  2 36 5 2196184.15239882 0.1
  2 37 5 2334916.84126533 0.1
  2 38 5 2250020.98216954 0.1
  2 39 5 1949964.26958209 0.1
  2 40 5 2239200.86810176 0.1
  2 41 5 2046482.18569836 0.1
  2 42 5 2166424.95778694 0.1
  2 43 5 2132431.02560763 0.1
  2 44 5 2055518.62403049 0.1
  2 45 5 2255405.39580107 0.1
  2 46 5 2141113.57514949 0.1
  2 47 5 2213363.24549203 0.1
  2 48 5 2186662.52031658 0.1
  2 49 5 1713303.29626046 0.1
  2 50 5 1899761.91290488 0.1
  2 51 5 2485698.50673545 0.1
  2 52 5 2212956.62829832 0.1
  2 53 5 1917839.01786544 0.1
  2 54 5 1938910.22156875 0.1
  2 55 5 1986276.54554313 0.1
  2 56 5 2470367.69374891 0.1
  2 57 5 1880557.11418645 0.1
  2 58 5 2589407.39454494 0.1
  2 59 5 1794472.82694805 0.1
  2 60 5 2066111.24026382 0.1
  2 61 5 1932342.04333425 0.1
  2 62 5 1693130.95527854 0.1
  2 63 5 2390430.02434037 0.1
  2 64 5 2076835.25392 0.1
  2 65 5 2086268.06667876 0.1
  2 66 5 1912019.22297021 0.1
  2 67 5 1920608.37081236 0.1
  2 68 5 2034855.05571512 0.1
  2 69 5 2097083.45868656 0.1
  2 70 5 2115344.90001304 0.1
  2 71 5 2253008.04568275 0.1
  2 72 5 2021933.60482699 0.1
  2 73 5 1886356.43900288 0.1
  2 74 5 1743794.1180089 0.1
  2 75 5 1977947.7973047 0.1
  2 76 5 2069492.90808275 0.1
  2 77 5 2474902.34493804 0.1
  2 78 5 2176896.86759736 0.1
  2 79 5 2135128.99630613 0.1
  2 80 5 1928738.17716162 0.1
  2 1 7 6029945.32025093 0.1
  2 2 7 5966139.39450007 0.1
  2 3 7 5862607.54427578 0.1
  2 4 7 6698871.94319254 0.1
  2 5 7 4640272.82807791 0.1
  2 6 7 6069485.65524431 0.1
  2 7 7 5603674.2354152 0.1
  2 8 7 6227740.40187671 0.1
  2 9 7 6498881.24257536 0.1
  2 10 7 6008155.27666272 0.1
  2 11 7 5345902.88949974 0.1
  2 12 7 6215515.39767921 0.1
  2 13 7 4949480.40752617 0.1
  2 14 7 5859392.3045278 0.1
  2 15 7 5190350.69108187 0.1
  2 16 7 4502631.06290089 0.1
  2 17 7 4902527.51520589 0.1
  2 18 7 3649656.35063496 0.1
  2 19 7 4895192.55295084 0.1
  2 20 7 4737711.47387995 0.1
  2 21 7 5544337.65184773 0.1
  2 22 7 4198610.11100848 0.1
  2 23 7 4321179.67903506 0.1
  2 24 7 5052792.18653096 0.1
  2 25 7 4462013.94536775 0.1
  2 26 7 4447935.3656844 0.1
  2 27 7 4808578.63761574 0.1
  2 28 7 4346059.08271696 0.1
  2 29 7 5362817.52734851 0.1
  2 30 7 4890177.96294491 0.1
  2 31 7 4497424.43292416 0.1
  2 32 7 4550488.70561642 0.1
  2 33 7 5234585.30904999 0.1
  2 34 7 4810938.57394359 0.1
  2 35 7 5057200.88585024 0.1
  2 36 7 5178425.45377118 0.1
  2 37 7 4730756.90355693 0.1
  2 38 7 4577270.37353084 0.1
  2 39 7 4426813.25661472 0.1
  2 40 7 4615459.03982847 0.1
  2 41 7 4855706.48473166 0.1
  2 42 7 5478354.19327545 0.1
  2 43 7 4989721.08595993 0.1
  2 44 7 5629088.49549976 0.1
  2 45 7 5795393.0278613 0.1
  2 46 7 5306017.0047241 0.1
  2 47 7 5061226.92968148 0.1
  2 48 7 6659719.89956007 0.1
  2 49 7 5892480.69037129 0.1
  2 50 7 5001872.80076575 0.1
  2 51 7 4926492.21736201 0.1
  2 52 7 4790610.28187114 0.1
  2 53 7 6291436.22826126 0.1
  2 54 7 4579420.3474501 0.1
  2 55 7 6088009.5951094 0.1
  2 56 7 6078477.66756436 0.1
  2 57 7 5301060.005322 0.1
  2 58 7 5946136.73261437 0.1
  2 59 7 4721011.3069688 0.1
  2 60 7 6006345.75001369 0.1
  2 61 7 5431554.01243868 0.1
  2 62 7 5035237.46801953 0.1
  2 63 7 5949208.36279095 0.1
  2 64 7 6941491.95415939 0.1
  2 65 7 7252105.4219899 0.1
  2 66 7 6522748.02982174 0.1
  2 67 7 5016991.65414108 0.1
  2 68 7 4995317.77458144 0.1
  2 69 7 6110442.19011089 0.1
  2 70 7 4823207.05325526 0.1
  2 71 7 4875997.78704634 0.1
  2 72 7 4600608.72040935 0.1
  2 73 7 5202013.45712565 0.1
  2 74 7 5699001.58106827 0.1
  2 75 7 5250432.48906106 0.1
  2 76 7 6150849.1707994 0.1
  2 77 7 5321262.87702002 0.1
  2 78 7 5005365.62703866 0.1
  2 79 7 4989385.18148412 0.1
  2 80 7 4756223.8969696 0.1
  2 1 8 2040024.74049938 0.1
  2 2 8 1505837.05894506 0.1
  2 3 8 1713786.16358911 0.1
  2 4 8 1410857.95135912 0.1
  2 5 8 1163528.79464903 0.1
  2 6 8 1021613.2091244 0.1
  2 7 8 1531896.88918056 0.1
  2 8 8 1455209.42976253 0.1
  2 9 8 1891469.8172602 0.1
  2 10 8 1994207.07722573 0.1
  2 11 8 2066520.1262522 0.1
  2 12 8 1852326.95868744 0.1
  2 13 8 1360223.95329294 0.1
  2 14 8 1138358.30484385 0.1
  2 15 8 824500.218006982 0.1
  2 16 8 661041.79471352 0.1
  2 17 8 416359.332053723 0.1
  2 18 8 469318.378265228 0.1
  2 19 8 378324.10750622 0.1
  2 20 8 300025.991139694 0.1
  2 21 8 248105.976501901 0.1
  2 22 8 253293.413674689 0.1
  2 23 8 305179.908472981 0.1
  2 24 8 488540.67256725 0.1
  2 25 8 783023.486781478 0.1
  2 26 8 890092.107950207 0.1
  2 27 8 1126851.64355084 0.1
  2 28 8 1186761.72242201 0.1
  2 29 8 1192195.50132087 0.1
  2 30 8 945064.066916874 0.1
  2 31 8 785728.243979168 0.1
  2 32 8 666906.56116104 0.1
  2 33 8 755943.347195153 0.1
  2 34 8 851646.298297541 0.1
  2 35 8 712853.293367509 0.1
  2 36 8 744755.818659013 0.1
  2 37 8 789418.581690683 0.1
  2 38 8 940901.320859378 0.1
  2 39 8 1007229.282808 0.1
  2 40 8 1092234.59497417 0.1
  2 41 8 1356293.059571 0.1
  2 42 8 1520209.4304324 0.1
  2 43 8 1807636.27528247 0.1
  2 44 8 1684209.2420488 0.1
  2 45 8 1580930.49746186 0.1
  2 46 8 1948385.27762616 0.1
  2 47 8 1699958.89957898 0.1
  2 48 8 1485176.30297417 0.1
  2 49 8 1745690.45772355 0.1
  2 50 8 1761921.07178633 0.1
  2 51 8 2551206.26426196 0.1
  2 52 8 2781150.30641305 0.1
  2 53 8 3403620.27375061 0.1
  2 54 8 3467682.30523547 0.1
  2 55 8 2785881.58764783 0.1
  2 56 8 2503939.96312777 0.1
  2 57 8 2474768.66942976 0.1
  2 58 8 2385055.42239268 0.1
  2 59 8 2451114.4658692 0.1
  2 60 8 1890015.05800194 0.1
  2 61 8 2354499.16752271 0.1
  2 62 8 2312493.54751079 0.1
  2 63 8 2240353.01467851 0.1
  2 64 8 3070730.22692669 0.1
  2 65 8 3399162.85172911 0.1
  2 66 8 3225128.50491546 0.1
  2 67 8 2734031.59601455 0.1
  2 68 8 1860694.84024617 0.1
  2 69 8 1476730.90000316 0.1
  2 70 8 1553533.46738125 0.1
  2 71 8 1490040.80350239 0.1
  2 72 8 1445846.05239802 0.1
  2 73 8 2170321.38003714 0.1
  2 74 8 2402103.40005625 0.1
  2 75 8 3575844.46583937 0.1
  2 76 8 4127611.28020144 0.1
  2 77 8 5573385.00623562 0.1
  2 78 8 5452173.98831754 0.1
  2 79 8 5834958.5601998 0.1
  2 80 8 4571720.92394418 0.1
  2 1 9 279337.891015587 0.1
  2 2 9 347313.60798627 0.1
  2 3 9 340066.808213255 0.1
  2 4 9 268324.454075712 0.1
  2 5 9 318029.629653711 0.1
  2 6 9 416147.536617849 0.1
  2 7 9 273409.564078392 0.1
  2 8 9 441535.070141539 0.1
  2 9 9 326329.028028475 0.1
  2 10 9 430260.556302895 0.1
  2 11 9 458193.995587062 0.1
  2 12 9 425230.158730594 0.1
  2 13 9 376659.407553694 0.1
  2 14 9 340049.179775945 0.1
  2 15 9 414519.055183734 0.1
  2 16 9 388819.000302062 0.1
  2 17 9 431198.015357111 0.1
  2 18 9 359120.628596008 0.1
  2 19 9 352706.217403553 0.1
  2 20 9 440051.467436867 0.1
  2 21 9 376578.406156122 0.1
  2 22 9 368081.972526845 0.1
  2 23 9 362351.49209143 0.1
  2 24 9 405410.02804135 0.1
  2 25 9 425010.014674367 0.1
  2 26 9 431597.189821512 0.1
  2 27 9 371761.218383944 0.1
  2 28 9 398520.971415813 0.1
  2 29 9 424343.147286632 0.1
  2 30 9 548823.563294337 0.1
  2 31 9 457421.091521212 0.1
  2 32 9 474108.713107541 0.1
  2 33 9 433841.794040901 0.1
  2 34 9 444843.592377869 0.1
  2 35 9 404993.578586948 0.1
  2 36 9 510521.735599411 0.1
  2 37 9 442981.173798825 0.1
  2 38 9 369544.499189351 0.1
  2 39 9 313892.452227199 0.1
  2 40 9 380397.469955901 0.1
  2 41 9 390324.754564949 0.1
  2 42 9 402848.401453662 0.1
  2 43 9 364374.722949393 0.1
  2 44 9 457332.4003461 0.1
  2 45 9 443172.294058431 0.1
  2 46 9 423951.127511922 0.1
  2 47 9 371992.297710856 0.1
  2 48 9 351773.620428849 0.1
  2 49 9 325987.605013523 0.1
  2 50 9 363998.196767088 0.1
  2 51 9 393138.447832799 0.1
  2 52 9 395122.119857935 0.1
  2 53 9 405815.941530023 0.1
  2 54 9 520313.715538618 0.1
  2 55 9 387371.982784446 0.1
  2 56 9 484635.896326441 0.1
  2 57 9 451565.824307347 0.1
  2 58 9 360877.583280884 0.1
  2 59 9 375982.685990564 0.1
  2 60 9 436991.070465214 0.1
  2 61 9 425275.789724923 0.1
  2 62 9 448672.333416455 0.1
  2 63 9 503931.349754858 0.1
  2 64 9 364032.519685695 0.1
  2 65 9 367784.010301306 0.1
  2 66 9 392649.581867946 0.1
  2 67 9 460347.959893865 0.1
  2 68 9 411183.729167366 0.1
  2 69 9 397337.459545954 0.1
  2 70 9 371315.022589624 0.1
  2 71 9 502153.877502913 0.1
  2 72 9 433958.884022571 0.1
  2 73 9 509564.077188977 0.1
  2 74 9 380451.749414807 0.1
  2 75 9 480028.097146133 0.1
  2 76 9 330451.103083734 0.1
  2 77 9 444156.130634796 0.1
  2 78 9 345899.300754322 0.1
  2 79 9 420319.857834729 0.1
  2 80 9 393089.919425801 0.1
  2 1 10 1818964.70616752 0.1
  2 2 10 1763839.87070179 0.1
  2 3 10 2199254.43949407 0.1
  2 4 10 2159649.63749987 0.1
  2 5 10 2068483.14753533 0.1
  2 6 10 2214943.54298213 0.1
  2 7 10 2202888.65475439 0.1
  2 8 10 2140995.82500816 0.1
  2 9 10 1733729.42628022 0.1
  2 10 10 2164612.4365089 0.1
  2 11 10 2249545.57661646 0.1
  2 12 10 1715753.82364304 0.1
  2 13 10 1864496.39042236 0.1
  2 14 10 2022052.02226512 0.1
  2 15 10 1986982.63493724 0.1
  2 16 10 1862619.13532472 0.1
  2 17 10 1570983.62828492 0.1
  2 18 10 1569457.81131714 0.1
  2 19 10 1393981.85276359 0.1
  2 20 10 1726687.69016106 0.1
  2 21 10 1701548.89115641 0.1
  2 22 10 1500355.45888047 0.1
  2 23 10 1707976.10228414 0.1
  2 24 10 1549790.10656341 0.1
  2 25 10 1317262.73127595 0.1
  2 26 10 1556089.26109031 0.1
  2 27 10 1042978.62111945 0.1
  2 28 10 1311943.36261728 0.1
  2 29 10 1569604.14417101 0.1
  2 30 10 1096439.57462023 0.1
  2 31 10 1216508.54026149 0.1
  2 32 10 1576228.98981982 0.1
  2 33 10 1513044.83327221 0.1
  2 34 10 1086414.18845209 0.1
  2 35 10 1399665.9995939 0.1
  2 36 10 1546952.91741972 0.1
  2 37 10 1658520.49895578 0.1
  2 38 10 1434647.09817972 0.1
  2 39 10 1473120.42046442 0.1
  2 40 10 1140378.40885625 0.1
  2 41 10 1398207.33653817 0.1
  2 42 10 1723943.99935903 0.1
  2 43 10 1482568.70778228 0.1
  2 44 10 1431473.93145079 0.1
  2 45 10 2074482.86505177 0.1
  2 46 10 1538016.34922122 0.1
  2 47 10 1768800.64745896 0.1
  2 48 10 1839255.5957707 0.1
  2 49 10 1848051.88851354 0.1
  2 50 10 2172588.6234342 0.1
  2 51 10 1809659.37397646 0.1
  2 52 10 2170750.49367822 0.1
  2 53 10 2012799.75001344 0.1
  2 54 10 2013979.14401257 0.1
  2 55 10 1873692.48077936 0.1
  2 56 10 1617535.7317166 0.1
  2 57 10 1588986.65638115 0.1
  2 58 10 2173063.82989039 0.1
  2 59 10 1632095.82458646 0.1
  2 60 10 2254115.80424153 0.1
  2 61 10 1911786.57161706 0.1
  2 62 10 2050788.7880963 0.1
  2 63 10 2001054.34260333 0.1
  2 64 10 1826571.43445269 0.1
  2 65 10 1768217.01604375 0.1
  2 66 10 1754623.82016867 0.1
  2 67 10 1727986.41428937 0.1
  2 68 10 1662520.245247 0.1
  2 69 10 1428856.27424849 0.1
  2 70 10 1701271.95379088 0.1
  2 71 10 1775931.9984359 0.1
  2 72 10 1774528.8836753 0.1
  2 73 10 1504915.56446308 0.1
  2 74 10 1835363.84075107 0.1
  2 75 10 1535387.78688321 0.1
  2 76 10 1905383.94418583 0.1
  2 77 10 1360927.57524666 0.1
  2 78 10 1709037.61353067 0.1
  2 79 10 1490702.40356926 0.1
  2 80 10 1773934.47659425 0.1
  2 1 11 15254079.6488384 0.1
  2 2 11 16212951.7508631 0.1
  2 3 11 15566226.7595487 0.1
  2 4 11 18489388.433102 0.1
  2 5 11 15918405.4250936 0.1
  2 6 11 18717397.9920934 0.1
  2 7 11 20245584.7685509 0.1
  2 8 11 19875678.9102728 0.1
  2 9 11 20281219.8449162 0.1
  2 10 11 18324007.9519783 0.1
  2 11 11 19185944.1062976 0.1
  2 12 11 19397565.4406053 0.1
  2 13 11 18587378.5661321 0.1
  2 14 11 19407749.972317 0.1
  2 15 11 18613635.0963388 0.1
  2 16 11 18044333.3646225 0.1
  2 17 11 15267253.4977838 0.1
  2 18 11 13521560.5118678 0.1
  2 19 11 14192068.2376623 0.1
  2 20 11 13033944.3408194 0.1
  2 21 11 12400961.3148714 0.1
  2 22 11 11321041.3811011 0.1
  2 23 11 9290410.94236939 0.1
  2 24 11 11036190.8765261 0.1
  2 25 11 9851982.20060227 0.1
  2 26 11 8849955.26682429 0.1
  2 27 11 9487285.00614558 0.1
  2 28 11 8462381.24057417 0.1
  2 29 11 8373015.05476832 0.1
  2 30 11 8413331.7661289 0.1
  2 31 11 6498706.73758616 0.1
  2 32 11 7607116.47252618 0.1
  2 33 11 8086729.48241061 0.1
  2 34 11 7791116.09170066 0.1
  2 35 11 8386141.3712002 0.1
  2 36 11 8647356.22140106 0.1
  2 37 11 9921925.68004085 0.1
  2 38 11 9008706.21989083 0.1
  2 39 11 8521849.19725128 0.1
  2 40 11 9082269.49181233 0.1
  2 41 11 7482323.72522564 0.1
  2 42 11 8497297.81089467 0.1
  2 43 11 9663659.77640143 0.1
  2 44 11 10471024.0261708 0.1
  2 45 11 9119564.00715683 0.1
  2 46 11 9723173.81529602 0.1
  2 47 11 10701506.4309514 0.1
  2 48 11 11037396.1743173 0.1
  2 49 11 15168249.7728255 0.1
  2 50 11 11936335.5852398 0.1
  2 51 11 15222956.0599473 0.1
  2 52 11 12720514.5272193 0.1
  2 53 11 14908495.884568 0.1
  2 54 11 16393549.113582 0.1
  2 55 11 11504359.3656911 0.1
  2 56 11 16105736.0414665 0.1
  2 57 11 14853121.262769 0.1
  2 58 11 14437420.7544797 0.1
  2 59 11 13865464.943273 0.1
  2 60 11 14405768.9125015 0.1
  2 61 11 14734511.5018211 0.1
  2 62 11 15840441.1361689 0.1
  2 63 11 16413280.129516 0.1
  2 64 11 15752315.8575872 0.1
  2 65 11 15004984.9583587 0.1
  2 66 11 13333463.8623041 0.1
  2 67 11 13125071.507294 0.1
  2 68 11 17574225.5355826 0.1
  2 69 11 16480860.826372 0.1
  2 70 11 15371374.6180454 0.1
  2 71 11 14096892.6953116 0.1
  2 72 11 15195786.1202534 0.1
  2 73 11 13364590.9543579 0.1
  2 74 11 14983673.7555318 0.1
  2 75 11 11903423.1191759 0.1
  2 76 11 14343957.5799534 0.1
  2 77 11 11401808.8923964 0.1
  2 78 11 14133376.3609465 0.1
  2 79 11 15435852.4871569 0.1
  2 80 11 11074150.5145047 0.1
# end survey index observations 
#  
# Survey size comp data 
# Number of observations, init_int Nsurvey_size_obs 
  1680
# init_matrix obs_survey_size(1,Nsurvey_size_obs,1,ncol) 
# Survey  Year  Species Type (0=whole, 1=retained, 2=discard) InpN, proportion by length bin 
1 1 1 0 100 -999  0.003420171 0.514215711 0.479473974 0.002890145
1 2 1 0 100 -999  0.00350993  0.519689606 0.474030519 0.002769945
1 3 1 0 100 -999  0.003370371 0.518287012 0.475602316 0.002740301
1 4 1 0 100 -999  0.003400272 0.521651732 0.472297784 0.002650212
1 5 1 0 100 -999  0.003290132 0.522050882 0.47199888  0.002660106
1 6 1 0 100 -999  0.003230226 0.519726381 0.474343204 0.002700189
1 7 1 0 100 -999  0.003260098 0.517835535 0.476184286 0.002720082
1 8 1 0 100 -999  0.003280426 0.519837579 0.474221649 0.002660346
1 9 1 0 100 -999  0.003320133 0.519870795 0.474128965 0.002680107
1 10  1 0 100 -999  0.003249968 0.519494805 0.474575254 0.002679973
1 11  1 0 100 -999  0.003470347 0.522582258 0.471317132 0.002630263
1 12  1 0 100 -999  0.003430309 0.524277185 0.469712274 0.002580232
1 13  1 0 100 -999  0.003380203 0.527481649 0.466597996 0.002540152
1 14  1 0 100 -999  0.0033402 0.528011681 0.466127968 0.002520151
1 15  1 0 100 -999  0.00300039  0.517357256 0.476992009 0.002650345
1 16  1 0 100 -999  0.004200336 0.535942875 0.457276582 0.002580206
1 17  1 0 100 -999  0.005090204 0.549881995 0.442437698 0.002590104
1 18  1 0 100 -999  0.006090365 0.566954017 0.424425466 0.002530152
1 19  1 0 100 -999  0.006560525 0.575476038 0.415343227 0.00262021
1 20  1 0 100 -999  0.007229855 0.578568429 0.411411772 0.002789944
1 21  1 0 100 -999  0.007540151 0.577641553 0.411708234 0.003110062
1 22  1 0 100 -999  0.007820078 0.575555756 0.413194132 0.003430034
1 23  1 0 100 -999  0.007760233 0.568197046 0.420182605 0.003860116
1 24  1 0 100 -999  0.007840078 0.557165572 0.430484305 0.004510045
1 25  1 0 100 -999  0.00798008  0.548855489 0.437934379 0.005230052
1 26  1 0 100 -999  0.007699538 0.543387397 0.443013419 0.005899646
1 27  1 0 100 -999  0.008070484 0.541652499 0.444056643 0.006220373
1 28  1 0 100 -999  0.008120812 0.536613661 0.448484848 0.006780678
1 29  1 0 100 -999  0.008220493 0.538702322 0.446276777 0.006800408
1 30  1 0 100 -999  0.008170572 0.541157881 0.443881072 0.006790475
1 31  1 0 100 -999  0.008070565 0.535367476 0.449381457 0.007180503
1 32  1 0 100 -999  0.008149837 0.531109378 0.453180936 0.007559849
1 33  1 0 100 -999  0.00800032  0.529111164 0.455048202 0.007840314
1 34  1 0 100 -999  0.008479576 0.52860357  0.454887256 0.008029599
1 35  1 0 100 -999  0.008419411 0.530532863 0.453048287 0.00799944
1 36  1 0 100 -999  0.007690538 0.527276909 0.45685198  0.008180573
1 37  1 0 100 -999  0.007869764 0.528354149 0.455776327 0.00799976
1 38  1 0 100 -999  0.007959841 0.527829443 0.456320874 0.007889842
1 39  1 0 100 -999  0.008090405 0.5280064 0.455912796 0.0079904
1 40  1 0 100 -999  0.008420168 0.535880718 0.447828957 0.007870157
1 41  1 0 100 -999  0.00700014  0.508830177 0.47597952  0.008190164
1 42  1 0 100 -999  0.006130613 0.480818082 0.503940394 0.009110911
1 43  1 0 100 -999  0.005580391 0.460472233 0.523946676 0.0100007
1 44  1 0 100 -999  0.005520221 0.449467979 0.534601384 0.010410416
1 45  1 0 100 -999  0.005400648 0.440932912 0.542865144 0.010801296
1 46  1 0 100 -999  0.005120461 0.434939145 0.549189427 0.010750968
1 47  1 0 100 -999  0.004810385 0.427364189 0.556664533 0.011160893
1 48  1 0 100 -999  0.005080305 0.427745665 0.556393384 0.010780647
1 49  1 0 100 -999  0.005081016 0.434336867 0.55040008  0.010182036
1 50  1 0 100 -999  0.004560502 0.436378002 0.549340427 0.009721069
1 51  1 0 100 -999  0.004379956 0.429845702 0.555914441 0.009859901
1 52  1 0 100 -999  0.004290172 0.423416937 0.562342494 0.009950398
1 53  1 0 100 -999  0.004749858 0.435616931 0.550493485 0.009139726
1 54  1 0 100 -999  0.004670374 0.443345468 0.543383471 0.008600688
1 55  1 0 100 -999  0.004710188 0.445117805 0.541851674 0.008320333
1 56  1 0 100 -999  0.004520181 0.444537782 0.542891716 0.008050322
1 57  1 0 100 -999  0.004460357 0.446475718 0.541163293 0.007900632
1 58  1 0 100 -999  0.004460268 0.447516851 0.540212413 0.007810469
1 59  1 0 100 -999  0.004830386 0.44975598  0.537803024 0.007610609
1 60  1 0 100 -999  0.00472 0.45154 0.53624 0.0075
1 61  1 0 100 -999  0.004490269 0.452067124 0.535952157 0.007490449
1 62  1 0 100 -999  0.004619815 0.453051878 0.5350086 0.007319707
1 63  1 0 100 -999  0.004360349 0.450606048 0.537643011 0.007390591
1 64  1 0 100 -999  0.004410088 0.452239045 0.536060721 0.007290146
1 65  1 0 100 -999  0.004370306 0.450071505 0.538227676 0.007330513
1 66  1 0 100 -999  0.004600092 0.449878998 0.537870757 0.007650153
1 67  1 0 100 -999  0.004770334 0.451331593 0.536077525 0.007820547
1 68  1 0 100 -999  0.00536 0.4696  0.51804 0.007
1 69  1 0 100 -999  0.004940445 0.467452071 0.520406837 0.007200648
1 70  1 0 100 -999  0.005180414 0.471407713 0.516391311 0.007020562
1 71  1 0 100 -999  0.005260368 0.473403138 0.514376006 0.006960487
1 72  1 0 100 -999  0.005200572 0.472772005 0.514976647 0.007050776
1 73  1 0 100 -999  0.005650113 0.47050941  0.516630333 0.007210144
1 74  1 0 100 -999  0.005460437 0.473107849 0.514101128 0.007330586
1 75  1 0 100 -999  0.005240157 0.468414052 0.518735562 0.007610228
1 76  1 0 100 -999  0.00517031  0.464157849 0.522821369 0.007850471
1 77  1 0 100 -999  0.005490055 0.461494615 0.524925249 0.008090081
1 78  1 0 100 -999  0.006270063 0.474894749 0.511375114 0.007460075
1 79  1 0 100 -999  0.005410541 0.4759976 0.511081108 0.007510751
1 80  1 0 100 -999  0.00583035  0.470988259 0.515580935 0.007600456
1 1 2 0 100 -999  0.06386 0.87392 0.06182 4.00E-04
1 2 2 0 100 -999  0.064261285 0.873057461 0.062161243 0.00052001
1 3 2 0 100 -999  0.064861297 0.887107742 0.047650953 0.000380008
1 4 2 0 100 -999  0.061593696 0.872752365 0.06516391  0.000490029
1 5 2 0 100 -999  0.063957442 0.879034839 0.05649774  0.00050998
1 6 2 0 100 -999  0.06657 0.89949 0.03369 0.00025
1 7 2 0 100 -999  0.042730855 0.91849837  0.038570771 0.000200004
1 8 2 0 100 -999  1.00E-05  0.42328 0.57211 0.0046
1 9 2 0 100 -999  0.071081422 0.915588312 0.012960259 0.000370007
1 10  2 0 100 -999  0.059182959 0.875863793 0.064633232 0.000320016
1 11  2 0 100 -999  0.06481 0.8862  0.04858 0.00041
1 12  2 0 100 -999  0.05559278  0.826361318 0.117135857 0.000910046
1 13  2 0 100 -999  0.065868683 0.893602128 0.040079198 0.000449991
1 14  2 0 100 -999  0.06514 0.88249 0.05202 0.00035
1 15  2 0 100 -999  0.065263263 0.89740487  0.037071854 0.000260013
1 16  2 0 100 -999  0.055702785 0.824031202 0.119425971 0.000840042
1 17  2 0 100 -999  0.067611352 0.911048221 0.021120422 0.000220004
1 18  2 0 100 -999  0.063611272 0.873797476 0.062251245 0.000340007
1 19  2 0 100 -999  0.062321246 0.876917538 0.060211204 0.000550011
1 20  2 0 100 -999  0.064731295 0.886707734 0.048150963 0.000410008
1 21  2 0 100 -999  0.064951299 0.894137883 0.040600812 0.000310006
1 22  2 0 100 -999  0.067982039 0.886356591 0.04534136  0.00032001
1 23  2 0 100 -999  0.064883893 0.895343721 0.03950237  0.000270016
1 24  2 0 100 -999  0.057874051 0.843669057 0.097736842 0.00072005
1 25  2 0 100 -999  0.064921948 0.892246767 0.042361271 0.000470014
1 26  2 0 100 -999  0.062971889 0.878516355 0.058081742 0.000430013
1 27  2 0 100 -999  0.067061341 0.889187784 0.043390868 0.000360007
1 28  2 0 100 -999  0.062301246 0.874167483 0.063051261 0.00048001
1 29  2 0 100 -999  0.063921278 0.894247885 0.04149083  0.000340007
1 30  2 0 100 -999  0.062572503 0.877675107 0.059312372 0.000440018
1 31  2 0 100 -999  0.066031981 0.88634659  0.047211416 0.000410012
1 32  2 0 100 -999  0.06301937  0.875631244 0.060869391 0.000479995
1 33  2 0 100 -999  0.062780628 0.883688837 0.05304053  0.000490005
1 34  2 0 100 -999  0.065108047 0.889723308 0.044798656 0.000369989
1 35  2 0 100 -999  0.062631879 0.868566057 0.068282048 0.000520016
1 36  2 0 100 -999  0.067112013 0.893456804 0.039101173 0.00033001
1 37  2 0 100 -999  0.06124 0.87504 0.06327 0.00045
1 38  2 0 100 -999  0.065840658 0.895568956 0.038260383 0.000330003
1 39  2 0 100 -999  0.0599912 0.86847737  0.071031421 0.00050001
1 40  2 0 100 -999  0.067933397 0.89759488  0.034171709 0.000300015
1 41  2 0 100 -999  0.060761215 0.866857337 0.071891438 0.00049001
1 42  2 0 100 -999  0.060758785 0.859262815 0.079178416 0.000799984
1 43  2 0 100 -999  0.063443172 0.882244112 0.053772689 0.000540027
1 44  2 0 100 -999  0.063471904 0.874476234 0.061561847 0.000490015
1 45  2 0 100 -999  0.0645  0.88758 0.04752 4.00E-04
1 46  2 0 100 -999  0.060710607 0.866748667 0.07199072  0.000550006
1 47  2 0 100 -999  0.06398808  0.881203564 0.054308371 0.000499985
1 48  2 0 100 -999  0.066670667 0.890638906 0.042370424 0.000320003
1 49  2 0 100 -999  0.062190622 0.879298793 0.058090581 0.000420004
1 50  2 0 100 -999  0.064619354 0.882241178 0.052699473 0.000439996
1 51  2 0 100 -999  0.05626 0.83304 0.10977 0.00093
1 52  2 0 100 -999  0.065660657 0.906609066 0.027430274 0.000300003
1 53  2 0 100 -999  0.06061 0.86773 0.0712  0.00046
1 54  2 0 100 -999  0.063101262 0.87300746  0.063281266 0.000610012
1 55  2 0 100 -999  0.06701201  0.89267678  0.039981199 0.00033001
1 56  2 0 100 -999  0.059600596 0.858108581 0.081710817 0.000580006
1 57  2 0 100 -999  0.066579334 0.90498095  0.028169718 0.000269997
1 58  2 0 100 -999  0.057771733 0.850275508 0.091352741 0.000600018
1 59  2 0 100 -999  0.063591272 0.880847617 0.054951099 0.000610012
1 60  2 0 100 -999  0.062390624 0.881598816 0.055570556 0.000440004
1 61  2 0 100 -999  0.06692 0.89212 0.04063 0.00033
1 62  2 0 100 -999  0.058081162 0.852577052 0.088681774 0.000660013
1 63  2 0 100 -999  0.064392576 0.89024561  0.044891796 0.000470019
1 64  2 0 100 -999  0.059568809 0.861612768 0.078218436 0.000599988
1 65  2 0 100 -999  0.066079339 0.886381136 0.047079529 0.000459995
1 66  2 0 100 -999  0.065720657 0.892748927 0.041230412 0.000300003
1 67  2 0 100 -999  0.057420574 0.839598396 0.102231022 0.000750008
1 68  2 0 100 -999  0.064791944 0.891586748 0.043141294 0.000480014
1 69  2 0 100 -999  0.063662547 0.887465499 0.048521941 0.000350014
1 70  2 0 100 -999  0.062900629 0.878938789 0.057710577 0.000450005
1 71  2 0 100 -999  0.06508 0.87583 0.05859 5.00E-04
1 72  2 0 100 -999  0.062562503 0.88324533  0.05374215  0.000450018
1 73  2 0 100 -999  0.067170672 0.898758988 0.033810338 0.000260003
1 74  2 0 100 -999  0.055850559 0.837818378 0.105591056 0.000740007
1 75  2 0 100 -999  0.065381961 0.895296859 0.038881166 0.000440013
1 76  2 0 100 -999  0.062371247 0.882737655 0.05451109  0.000380008
1 77  2 0 100 -999  0.059295849 0.856410051 0.083544152 0.000749948
1 78  2 0 100 -999  0.066059339 0.8899511 0.043559564 0.000429996
1 79  2 0 100 -999  0.062821256 0.879667593 0.057061141 0.000450009
1 80  2 0 100 -999  0.060480605 0.871468715 0.067480675 0.000570006
1 1 3 0 100 -999  0.054888819 0.452696497 0.333703431 0.158711253
1 2 3 0 100 -999  0.054865989 0.453176718 0.33454428  0.157413014
1 3 3 0 100 -999  0.055221471 0.455029765 0.33368984  0.156058924
1 4 3 0 100 -999  0.054005228 0.450692853 0.336102056 0.159199863
1 5 3 0 100 -999  0.05426646  0.454026351 0.334718831 0.156988358
1 6 3 0 100 -999  0.05419778  0.453935419 0.333874874 0.157991927
1 7 3 0 100 -999  0.053829308 0.453683987 0.333360245 0.15912646
1 8 3 0 100 -999  0.054230789 0.452777638 0.335597154 0.157394419
1 9 3 0 100 -999  0.054513156 0.453243437 0.332973344 0.159270063
1 10  3 0 100 -999  0.054835453 0.451887745 0.334373107 0.158903695
1 11  3 0 100 -999  0.054724711 0.453146444 0.333767256 0.158361589
1 12  3 0 100 -999  0.055296469 0.453515838 0.332990128 0.158197565
1 13  3 0 100 -999  0.054898794 0.452314371 0.332098329 0.160688506
1 14  3 0 100 -999  0.056342576 0.455916778 0.331345603 0.156395044
1 15  3 0 100 -999  0.057024093 0.470650551 0.321693773 0.150631583
1 16  3 0 100 -999  0.05987505  0.492956469 0.31152761  0.135640871
1 17  3 0 100 -999  0.058423571 0.514338957 0.301244019 0.125993453
1 18  3 0 100 -999  0.056047584 0.531249371 0.299239146 0.1134639
1 19  3 0 100 -999  0.050068898 0.538306026 0.304336019 0.107289058
1 20  3 0 100 -999  0.045655627 0.545112706 0.307695401 0.101536265
1 21  3 0 100 -999  0.040926447 0.546332395 0.314077572 0.098663585
1 22  3 0 100 -999  0.039098348 0.546182037 0.320799237 0.093920378
1 23  3 0 100 -999  0.035990801 0.538827688 0.329440355 0.095741155
1 24  3 0 100 -999  0.035062001 0.533721572 0.336000803 0.095215623
1 25  3 0 100 -999  0.033906303 0.524890058 0.342948654 0.098254985
1 26  3 0 100 -999  0.035582009 0.523261299 0.342360156 0.098796535
1 27  3 0 100 -999  0.036489538 0.520979477 0.342044257 0.100486728
1 28  3 0 100 -999  0.03914505  0.523225127 0.335587778 0.102042045
1 29  3 0 100 -999  0.039872312 0.526732117 0.329568953 0.103826618
1 30  3 0 100 -999  0.043121274 0.530564311 0.324041917 0.102272499
1 31  3 0 100 -999  0.046148595 0.536255308 0.316665495 0.100930601
1 32  3 0 100 -999  0.048310343 0.536684537 0.313414855 0.101590266
1 33  3 0 100 -999  0.049060847 0.542982201 0.308359519 0.099597434
1 34  3 0 100 -999  0.051674814 0.543850316 0.306063861 0.09841101
1 35  3 0 100 -999  0.05178039  0.546926606 0.305893809 0.095399195
1 36  3 0 100 -999  0.053020417 0.549416795 0.303728092 0.093834695
1 37  3 0 100 -999  0.050187702 0.550127477 0.305763556 0.093921266
1 38  3 0 100 -999  0.05080493  0.551728291 0.306395279 0.0910715
1 39  3 0 100 -999  0.048460272 0.55126069  0.307082346 0.093196692
1 40  3 0 100 -999  0.048283962 0.542075307 0.315220992 0.094419739
1 41  3 0 100 -999  0.045339519 0.525767709 0.325520676 0.103372095
1 42  3 0 100 -999  0.046242078 0.513694846 0.330182899 0.109880176
1 43  3 0 100 -999  0.048180183 0.504023387 0.331223692 0.116572737
1 44  3 0 100 -999  0.053149369 0.493568615 0.331789131 0.121492885
1 45  3 0 100 -999  0.057120454 0.491062991 0.32619579  0.125620765
1 46  3 0 100 -999  0.062745729 0.487848043 0.322114853 0.127291375
1 47  3 0 100 -999  0.065616481 0.487501383 0.315538522 0.131343614
1 48  3 0 100 -999  0.070185848 0.486986604 0.314704936 0.128122612
1 49  3 0 100 -999  0.069944145 0.488079304 0.310723092 0.131253459
1 50  3 0 100 -999  0.073280461 0.488697438 0.307403531 0.130618571
1 51  3 0 100 -999  0.070974886 0.491851628 0.307967185 0.129206301
1 52  3 0 100 -999  0.069451855 0.493783661 0.308501535 0.128262949
1 53  3 0 100 -999  0.066472039 0.495635979 0.309055217 0.128836764
1 54  3 0 100 -999  0.066440535 0.496718737 0.311518641 0.125322087
1 55  3 0 100 -999  0.06432619  0.49483156  0.314454521 0.126387729
1 56  3 0 100 -999  0.061856397 0.494861238 0.316680591 0.126601774
1 57  3 0 100 -999  0.060560928 0.495486611 0.318905918 0.125046543
1 58  3 0 100 -999  0.058069776 0.492390232 0.32214684  0.127393151
1 59  3 0 100 -999  0.05670155  0.494324814 0.32314349  0.125830147
1 60  3 0 100 -999  0.055557233 0.489459119 0.326178616 0.128805031
1 61  3 0 100 -999  0.055467209 0.490337775 0.324389066 0.12980595
1 62  3 0 100 -999  0.055163115 0.48958522  0.325947393 0.129304273
1 63  3 0 100 -999  0.053029998 0.488755788 0.326504933 0.131709281
1 64  3 0 100 -999  0.053398156 0.489843781 0.324163546 0.132594516
1 65  3 0 100 -999  0.053868529 0.492083782 0.32308033  0.130967359
1 66  3 0 100 -999  0.055167556 0.494163228 0.321676562 0.128992654
1 67  3 0 100 -999  0.054187093 0.498414552 0.318066055 0.1293323
1 68  3 0 100 -999  0.053985248 0.50081003  0.319202246 0.126002475
1 69  3 0 100 -999  0.051764398 0.504730559 0.317531252 0.125973791
1 70  3 0 100 -999  0.051475545 0.502892732 0.320474509 0.125157214
1 71  3 0 100 -999  0.049779629 0.504206162 0.321821731 0.124192477
1 72  3 0 100 -999  0.048549747 0.504800628 0.321380407 0.125269218
1 73  3 0 100 -999  0.048649954 0.506277413 0.322733492 0.122339141
1 74  3 0 100 -999  0.047499748 0.504225777 0.323402757 0.124871717
1 75  3 0 100 -999  0.046344089 0.504401984 0.323201224 0.126052703
1 76  3 0 100 -999  0.045645283 0.502259119 0.326440252 0.125655346
1 77  3 0 100 -999  0.045908766 0.503034084 0.323997947 0.127059202
1 78  3 0 100 -999  0.04670584  0.501790961 0.324163883 0.127339317
1 79  3 0 100 -999  0.047131746 0.502520603 0.324166591 0.126181061
1 80  3 0 100 -999  0.04662983  0.500920922 0.323459847 0.128989402
1 1 4 0 100 0.220753245 0.426915615 0.228073684 0.123277397 0.000980059
1 2 4 0 100 0.002960474 0.756641063 0.155974956 0.083793407 0.000630101
1 3 4 0 100 -999  0.684349496 0.231257001 0.083713394 0.000680109
1 4 4 0 100 -999  0.42663973  0.494019163 0.078581001 0.000760106
1 5 4 0 100 -999  0.28037486  0.644213074 0.074701952 0.000710114
1 6 4 0 100 -999  0.215201648 0.698867728 0.085270465 0.000660158
1 7 4 0 100 -999  0.212635516 0.690052806 0.096661599 0.000650078
1 8 4 0 100 -999  0.15037406  0.721265402 0.127610418 0.00075012
1 9 4 0 100 -999  0.11390392  0.727172706 0.158003181 0.000920193
1 10  4 0 100 -999  0.088861552 0.721973857 0.188284477 0.000880114
1 11  4 0 100 0.589988999 0.016531653 0.291509151 0.101570157 0.00040004
1 12  4 0 100 1.00E-05  0.585377075 0.280866173 0.133156631 0.000590118
1 13  4 0 100 -999  0.365543865 0.478117374 0.155538665 0.000800096
1 14  4 0 100 -999  0.104816771 0.714744359 0.179368699 0.001070171
1 15  4 0 100 -999  0.065288488 0.729604849 0.203686479 0.001420185
1 16  4 0 100 -999  0.097897832 0.681944556 0.218527482 0.00163013
1 17  4 0 100 1.00E-05  0.1654582 0.608856974 0.223834622 0.001840202
1 18  4 0 100 3.00E-05  0.264189628 0.528969345 0.204850728 0.001960294
1 19  4 0 100 -999  0.336030243 0.479173126 0.182656439 0.002140193
1 20  4 0 100 -999  0.29610995  0.535404559 0.166384924 0.002100567
1 21  4 0 100 -999  0.1950012 0.663066091 0.140382461 0.001550248
1 22  4 0 100 -999  0.183781243 0.692837782 0.122450817 0.000930158
1 23  4 0 100 -999  0.201058254 0.661658798 0.136402737 0.000880211
1 24  4 0 100 -999  0.263969037 0.607316805 0.128044085 0.000670074
1 25  4 0 100 1.00E-05  0.345197972 0.537529128 0.116652832 0.000610067
1 26  4 0 100 0.942307308 0.005491208 0.043209506 0.008971974 2.00E-05
1 27  4 0 100 0.000470089 0.968504016 0.024974745 0.00605115  -999
1 28  4 0 100 -999  0.762304346 0.233004951 0.004690704 -999
1 29  4 0 100 -999  0.189644136 0.805494989 0.004860875 -999
1 30  4 0 100 -999  0.027966712 0.948377611 0.023655677 -999
1 31  4 0 100 -999  0.03320797  0.885842602 0.080949428 -999
1 32  4 0 100 -999  0.076881532 0.798169725 0.124938741 1.00E-05
1 33  4 0 100 1.00E-05  0.13776342  0.70258944  0.15958713  5.00E-05
1 34  4 0 100 -999  0.182952932 0.641205417 0.175741633 0.000100018
1 35  4 0 100 -999  0.219975398 0.593261528 0.186583061 0.000180013
1 36  4 0 100 1.00E-05  0.283591195 0.543559792 0.172588985 0.000250028
1 37  4 0 100 -999  0.341697587 0.498284811 0.159597556 0.000420046
1 38  4 0 100 -999  0.332839956 0.524867238 0.141802762 0.000490044
1 39  4 0 100 0.899783944 0.010132634 0.073699162 0.016324244 6.00E-05
1 40  4 0 100 1.00E-05  0.91952149  0.063884693 0.016493794 9.00E-05
1 41  4 0 100 -999  0.554778765 0.427778445 0.017332773 0.000110018
1 42  4 0 100 -999  0.112695777 0.866291281 0.020832917 0.000180025
1 43  4 0 100 -999  0.027052705 0.919271927 0.053435344 0.000240024
1 44  4 0 100 -999  0.041507886 0.857923005 0.100269051 0.000300057
1 45  4 0 100 0.520543698 0.006901242 0.401672301 0.070752735 0.000130023
1 46  4 0 100 1.00E-05  0.550543592 0.364722003 0.084624386 0.000100017
1 47  4 0 100 -999  0.364266427 0.533673367 0.101990199 7.00E-05
1 48  4 0 100 -999  0.119727959 0.759953993 0.120218033 0.000100015
1 49  4 0 100 -999  0.09564052  0.754683015 0.149446439 0.000230025
1 50  4 0 100 -999  0.120748452 0.693008511 0.185813007 0.00043003
1 51  4 0 100 -999  0.112431243 0.657625763 0.229112911 0.000830083
1 52  4 0 100 -999  0.111013322 0.634096092 0.253620434 0.001270152
1 53  4 0 100 -999  0.148041843 0.576816145 0.273261861 0.00188015
1 54  4 0 100 -999  0.167195111 0.538883165 0.291451205 0.002470519
1 55  4 0 100 0.295248857 0.224306729 0.302289069 0.176415292 0.001740052
1 56  4 0 100 0.109661097 0.651816518 0.145211452 0.092250923 0.001060011
1 57  4 0 100 -999  0.725151521 0.179535135 0.094053167 0.001260176
1 58  4 0 100 -999  0.316223758 0.585099467 0.097076503 0.001600272
1 59  4 0 100 -999  0.065957915 0.851532184 0.081649798 0.000860103
1 60  4 0 100 -999  0.044916288 0.840477667 0.113835937 0.000770108
1 61  4 0 100 -999  0.054169751 0.788131864 0.156718209 0.000980176
1 62  4 0 100 -999  0.072407241 0.729282928 0.197009701 0.00130013
1 63  4 0 100 1.00E-05  0.111301113 0.667566676 0.219562196 0.001560016
1 64  4 0 100 2.00E-05  0.167145072 0.596689503 0.234505176 0.001640246
1 65  4 0 100 -999  0.190774339 0.562061171 0.246254326 0.000910164
1 66  4 0 100 -999  0.186168404 0.554504171 0.258397183 0.000930242
1 67  4 0 100 -999  0.213246252 0.521788704 0.263744837 0.001220207
1 68  4 0 100 -999  0.210694749 0.516826178 0.270808957 0.001670117
1 69  4 0 100 -999  0.175893518 0.543120862 0.278635573 0.002350047
1 70  4 0 100 -999  0.181837276 0.548792319 0.266639996 0.00273041
1 71  4 0 100 -999  0.219238501 0.517357256 0.259983798 0.003420445
1 72  4 0 100 -999  0.227291821 0.512591763 0.256035845 0.004080571
1 73  4 0 100 -999  0.25440272  0.507695385 0.233701685 0.00420021
1 74  4 0 100 -999  0.241731425 0.530058908 0.223809095 0.004400572
1 75  4 0 100 -999  0.264947691 0.540817347 0.190584305 0.003650657
1 76  4 0 100 -999  0.309811257 0.553407284 0.135491163 0.001290297
1 77  4 0 100 1.00E-05  0.35275233  0.527463296 0.119144297 0.000630076
1 78  4 0 100 -999  0.376954082 0.512717162 0.109778662 0.000550094
1 79  4 0 100 -999  0.34979996  0.537607522 0.111982396 0.000610122
1 80  4 0 100 0.243624617 0.422785367 0.278936736 0.054343261 0.000310019
1 1 5 0 100 0.238929557 0.403116125 0.287441498 0.070422817 9.00E-05
1 2 5 0 100 0.239162825 0.399428017 0.29067128  0.070637881 1.00E-04
1 3 5 0 100 0.232817672 0.399236008 0.295307047 0.072539275 1.00E-04
1 4 5 0 100 0.234129365 0.394145766 0.296861874 0.074762991 0.000100004
1 5 5 0 100 0.231731587 0.392429621 0.299784989 0.075943797 0.000110006
1 6 5 0 100 0.226931347 0.390229511 0.303815191 0.078903945 0.000120006
1 7 5 0 100 0.227100916 0.386624535 0.305317787 0.080826767 0.000129995
1 8 5 0 100 0.227519101 0.386545462 0.304302172 0.081513261 0.000120005
1 9 5 0 100 0.22451449  0.384307686 0.30701614  0.084031681 0.000130003
1 10  5 0 100 0.224772248 0.385603856 0.305763058 0.083730837 0.000130001
1 11  5 0 100 0.222858914 0.38724549  0.306092244 0.083673347 0.000130005
1 12  5 0 100 0.224865503 0.384782304 0.306083878 0.084138317 0.000129997
1 13  5 0 100 0.222853314 0.381238563 0.31034069  0.085437437 0.000129996
1 14  5 0 100 0.225223513 0.382762966 0.3083285 0.083565014 0.000120007
1 15  5 0 100 0.22233333  0.381248563 0.310280692 0.08600742  0.000129996
1 16  5 0 100 0.223602236 0.381423814 0.309873099 0.08497085  0.000130001
1 17  5 0 100 0.223883433 0.379082745 0.310608637 0.086295178 0.000130008
1 18  5 0 100 0.223633291 0.381158565 0.308830735 0.086247413 0.000129996
1 19  5 0 100 0.221119901 0.378684082 0.311128002 0.088938004 0.000130012
1 20  5 0 100 0.21840184  0.379407941 0.313351335 0.088708871 0.000130013
1 21  5 0 100 0.217261726 0.378277828 0.313051305 0.091259126 0.000150015
1 22  5 0 100 0.216777342 0.378010241 0.3149952 0.090087207 0.00013001
1 23  5 0 100 0.216577326 0.377780222 0.313585087 0.091897352 0.000160013
1 24  5 0 100 0.217353041 0.37583255  0.315108907 0.091545493 0.00016001
1 25  5 0 100 0.21448858  0.374144966 0.31700268  0.094183767 0.000180007
1 26  5 0 100 0.21398 0.37281 0.31673 0.09629 0.00019
1 27  5 0 100 0.215352154 0.370513705 0.317103171 0.096840968 0.000190002
1 28  5 0 100 0.211719055 0.372913562 0.318758688 0.096418678 0.000190017
1 29  5 0 100 0.212550628 0.370648532 0.318675934 0.097934897 0.00019001
1 30  5 0 100 0.21288 0.36952 0.32054 0.09687 0.00019
1 31  5 0 100 0.211292678 0.370962258 0.319809189 0.097745865 0.000190011
1 32  5 0 100 0.209588384 0.371344854 0.320112805 0.098763951 0.000190008
1 33  5 0 100 0.212504875 0.365135559 0.320962467 0.101197084 0.000200014
1 34  5 0 100 0.212151215 0.36439644  0.322122212 0.101130113 0.00020002
1 35  5 0 100 0.209790979 0.365746575 0.32220222  0.102050205 0.000210021
1 36  5 0 100 0.209890495 0.366948347 0.321046052 0.101905095 0.000210011
1 37  5 0 100 0.211489034 0.365612905 0.320178816 0.102499225 0.00022002
1 38  5 0 100 0.209135096 0.36866424  0.320788495 0.101212145 0.000200024
1 39  5 0 100 0.208808793 0.364232781 0.321938975 0.104789431 0.000230021
1 40  5 0 100 0.210236307 0.366861006 0.320719622 0.101983059 0.000200006
1 41  5 0 100 0.208276248 0.367861036 0.320549616 0.103103093 0.000210006
1 42  5 0 100 0.211036331 0.367421023 0.318569557 0.102753083 0.000220007
1 43  5 0 100 0.210816324 0.364270928 0.321019631 0.10366311  0.000230007
1 44  5 0 100 0.209052543 0.367722063 0.320639238 0.102366142 0.000220013
1 45  5 0 100 0.208424168 0.367887358 0.320546411 0.102932059 0.000210004
1 46  5 0 100 0.212821923 0.367095064 0.318767815 0.101125169 0.000190029
1 47  5 0 100 0.211632698 0.366341981 0.319299158 0.102516151 0.000210013
1 48  5 0 100 0.212952777 0.365591936 0.320029202 0.101236074 0.000190011
1 49  5 0 100 0.21071475  0.366955687 0.319812387 0.102317162 0.000200014
1 50  5 0 100 0.211983917 0.364958393 0.320391263 0.102466395 0.000200032
1 51  5 0 100 0.211904833 0.363795466 0.319602372 0.104467313 0.000230016
1 52  5 0 100 0.211884832 0.363785465 0.319302351 0.104797336 0.000230016
1 53  5 0 100 0.213411341 0.367076708 0.315491549 0.103780378 0.000240024
1 54  5 0 100 0.213959256 0.369493254 0.314648318 0.101679151 0.00022002
1 55  5 0 100 0.21624595  0.368634236 0.313887667 0.101032124 0.000200024
1 56  5 0 100 0.217409567 0.370043304 0.311988079 0.100339031 0.00022002
1 57  5 0 100 0.215457237 0.369329546 0.314955196 0.100058005 0.000200016
1 58  5 0 100 0.212162122 0.370743707 0.315173152 0.101691017 0.000230002
1 59  5 0 100 0.215816474 0.368101043 0.31400942  0.101843055 0.000230007
1 60  5 0 100 0.215379384 0.368583172 0.314978348 0.100849076 0.000210019
1 61  5 0 100 0.214705029 0.370115908 0.313911974 0.101047073 0.000220015
1 62  5 0 100 0.214619316 0.372153494 0.312988169 0.100039004 0.000200018
1 63  5 0 100 0.212558502 0.368934757 0.31574263  0.102534101 0.000230009
1 64  5 0 100 0.21402786  0.36899631  0.314556854 0.102188978 0.000229998
1 65  5 0 100 0.214863635 0.367120383 0.314484593 0.103291362 0.000240026
1 66  5 0 100 0.21492 0.36835 0.31384 0.10266 0.00023
1 67  5 0 100 0.216026481 0.366410992 0.313199396 0.104123124 0.000240007
1 68  5 0 100 0.216667333 0.37237979  0.310464837 0.100268021 0.000220018
1 69  5 0 100 0.211424228 0.369417388 0.315626313 0.103302066 0.000230005
1 70  5 0 100 0.214845039 0.37085596  0.313621954 0.100477033 0.000200014
1 71  5 0 100 0.21169 0.37219 0.31495 0.10095 0.00022
1 72  5 0 100 0.212700635 0.37119856  0.314765738 0.101105055 0.000230012
1 73  5 0 100 0.21533584  0.367154058 0.315837901 0.101462175 0.000210025
1 74  5 0 100 0.213177054 0.371409713 0.315025202 0.100168013 0.000220018
1 75  5 0 100 0.213157053 0.36886951  0.315655252 0.102088167 0.000230018
1 76  5 0 100 0.214266428 0.366921008 0.315569467 0.10301309  0.000230007
1 77  5 0 100 0.212550628 0.3680084 0.315485774 0.103715186 0.000240012
1 78  5 0 100 0.215297224 0.368159453 0.31487519  0.101468117 0.000200016
1 79  5 0 100 0.213754275 0.369547391 0.315246305 0.101252025 0.000200004
1 80  5 0 100 0.212012721 0.369112147 0.316699002 0.101946117 0.000230014
1 1 6 0 100 -999  0.218640932 0.519445972 0.257432872 0.004480224
1 2 6 0 100 -999  0.219433166 0.519301158 0.256775407 0.004490269
1 3 6 0 100 -999  0.217396522 0.520255608 0.257887737 0.004460134
1 4 6 0 100 -999  0.219154383 0.517950359 0.258335167 0.004560091
1 5 6 0 100 -999  0.218906567 0.515635469 0.260737822 0.004720142
1 6 6 0 100 -999  0.216925185 0.514416009 0.263778464 0.004880342
1 7 6 0 100 -999  0.216962544 0.512536881 0.265519828 0.004980747
1 8 6 0 100 -999  0.217842178 0.510915109 0.266092661 0.005150052
1 9 6 0 100 -999  0.215937841 0.513254867 0.265637344 0.005169948
1 10  6 0 100 -999  0.213589223 0.512816153 0.268264144 0.00533048
1 11  6 0 100 -999  0.214025018 0.512704111 0.267981241 0.00528963
1 12  6 0 100 -999  0.215937841 0.5100149 0.268677313 0.005369946
1 13  6 0 100 -999  0.213884278 0.511650233 0.269105382 0.005360107
1 14  6 0 100 -999  0.2143  0.51304 0.26734 0.00532
1 15  6 0 100 -999  0.212903613 0.510394688 0.271241863 0.005459836
1 16  6 0 100 -999  0.225522552 0.503180318 0.266006601 0.005290529
1 17  6 0 100 -999  0.239404788 0.496949939 0.258445169 0.005200104
1 18  6 0 100 -999  0.247597524 0.495125049 0.252177478 0.005099949
1 19  6 0 100 -999  0.25678311  0.495454591 0.242911862 0.004850437
1 20  6 0 100 -999  0.263660546 0.502660106 0.229149166 0.004530181
1 21  6 0 100 -999  0.268356101 0.506030362 0.221273276 0.00434026
1 22  6 0 100 -999  0.272736364 0.509490569 0.213702822 0.004070244
1 23  6 0 100 -999  0.276101044 0.513420537 0.206608264 0.003870155
1 24  6 0 100 -999  0.279445889 0.514772955 0.202130426 0.00365073
1 25  6 0 100 -999  0.282959614 0.516792351 0.196797552 0.003450483
1 26  6 0 100 -999  0.281215309 0.519856787 0.195587603 0.003340301
1 27  6 0 100 -999  0.285565711 0.519530391 0.191693834 0.003210064
1 28  6 0 100 -999  0.285094255 0.52360618  0.188259413 0.003040152
1 29  6 0 100 -999  0.28671007  0.522486574 0.187803146 0.00300021
1 30  6 0 100 -999  0.28783181  0.52505451  0.18422316  0.00289052
1 31  6 0 100 -999  0.285074209 0.525423051 0.18658239  0.00292035
1 32  6 0 100 -999  0.2869987 0.524752475 0.185378538 0.002870287
1 33  6 0 100 -999  0.291797508 0.521561294 0.183801028 0.00284017
1 34  6 0 100 -999  0.294202362 0.52208743  0.180939903 0.002770305
1 35  6 0 100 -999  0.298135963 0.521720434 0.17752355  0.002620052
1 36  6 0 100 -999  0.295778451 0.522607939 0.178983268 0.002630342
1 37  6 0 100 -999  0.298571043 0.522024339 0.176804696 0.002599922
1 38  6 0 100 -999  0.288735775 0.529810596 0.178783576 0.002670053
1 39  6 0 100 -999  0.284078408 0.534043404 0.179227923 0.002650265
1 40  6 0 100 -999  0.289541314 0.52801416  0.179794606 0.002649921
1 41  6 0 100 -999  0.283491184 0.530058306 0.183710208 0.002740301
1 42  6 0 100 -999  0.279026273 0.533379339 0.184884035 0.002710352
1 43  6 0 100 -999  0.269097674 0.536335087 0.191746845 0.002820395
1 44  6 0 100 -999  0.260683889 0.539490134 0.196865593 0.002960385
1 45  6 0 100 -999  0.259361498 0.533345335 0.204212674 0.003080493
1 46  6 0 100 -999  0.258118068 0.531777224 0.206954487 0.003150221
1 47  6 0 100 -999  0.25454 0.5298  0.21238 0.00328
1 48  6 0 100 -999  0.25454 0.52755 0.21458 0.00333
1 49  6 0 100 -999  0.256103049 0.526357372 0.214239282 0.003300297
1 50  6 0 100 -999  0.253517465 0.526124739 0.216927831 0.003429966
1 51  6 0 100 -999  0.24601246  0.530845308 0.219512195 0.003630036
1 52  6 0 100 -999  0.235396478 0.531977238 0.22871601  0.003910274
1 53  6 0 100 -999  0.237555249 0.528039439 0.23049539  0.003909922
1 54  6 0 100 -999  0.241209648 0.522170887 0.232609304 0.00401016
1 55  6 0 100 -999  0.240359229 0.520131611 0.23536883  0.004140331
1 56  6 0 100 -999  0.241147234 0.519525586 0.235147054 0.004180125
1 57  6 0 100 -999  0.241155177 0.517599648 0.236955261 0.004289914
1 58  6 0 100 -999  0.240081607 0.5177766 0.237791401 0.004350392
1 59  6 0 100 -999  0.244354435 0.51710171  0.234293429 0.004250425
1 60  6 0 100 -999  0.244661806 0.520317641 0.230900017 0.004120536
1 61  6 0 100 -999  0.24581704  0.519247117 0.230825391 0.004110452
1 62  6 0 100 -999  0.244534891 0.518920378 0.232394648 0.004150083
1 63  6 0 100 -999  0.239931594 0.521006891 0.234911142 0.004150374
1 64  6 0 100 -999  0.242626689 0.518657052 0.234495795 0.004220464
1 65  6 0 100 -999  0.242742427 0.518355184 0.234642346 0.004260043
1 66  6 0 100 -999  0.239614377 0.521401284 0.234704082 0.004280257
1 67  6 0 100 -999  0.237196092 0.521257338 0.237136085 0.004410485
1 68  6 0 100 -999  0.239026293 0.519937193 0.236716039 0.004320475
1 69  6 0 100 -999  0.245974758 0.514450867 0.235284117 0.004290257
1 70  6 0 100 -999  0.248972408 0.513606225 0.233180986 0.004240382
1 71  6 0 100 -999  0.250587565 0.514026543 0.231135425 0.004250468
1 72  6 0 100 -999  0.25166265  0.515236371 0.228940605 0.004160374
1 73  6 0 100 -999  0.251047531 0.51732552  0.227506825 0.004120124
1 74  6 0 100 -999  0.254147459 0.518474815 0.223427766 0.003949961
1 75  6 0 100 -999  0.254422898 0.519256733 0.222390015 0.003930354
1 76  6 0 100 -999  0.253785379 0.519441944 0.222852285 0.003920392
1 77  6 0 100 -999  0.25400492  0.521289574 0.220805584 0.003899922
1 78  6 0 100 -999  0.255590224 0.521840874 0.218798752 0.003770151
1 79  6 0 100 -999  0.252802752 0.521646948 0.221709954 0.003840346
1 80  6 0 100 -999  0.25216513  0.523051383 0.220943257 0.00384023
1 1 7 0 100 0.007072263 0.917223512 0.035731434 0.037151889 0.002820903
1 2 7 0 100 0.112659431 0.837723203 0.023538238 0.024318511 0.001760616
1 3 7 0 100 0.060688814 0.881533275 0.029779232 0.025928038 0.002070642
1 4 7 0 100 0.011052984 0.917197643 0.036719914 0.032358737 0.002670721
1 5 7 0 100 0.018537415 0.912785114 0.034603842 0.031772709 0.00230092
1 6 7 0 100 0.007072617 0.917059312 0.037153747 0.036013325 0.002700999
1 7 7 0 100 0.001540401 0.911627023 0.041850881 0.041580811 0.003400884
1 8 7 0 100 0.002130831 0.913476256 0.039045228 0.041836316 0.003511369
1 9 7 0 100 0.002160454 0.91419198  0.039688335 0.040768561 0.00319067
1 10  7 0 100 0.000110024 0.8936366 0.050281062 0.051571346 0.004400968
1 11  7 0 100 0.071665766 0.873302126 0.024735442 0.027896137 0.002400528
1 12  7 0 100 0.010133445 0.916871736 0.035662125 0.034421703 0.00291099
1 13  7 0 100 0.145475281 0.805976271 0.024309238 0.022278466 0.001960745
1 14  7 0 100 0.060113444 0.881913946 0.030311822 0.025680015 0.001980773
1 15  7 0 100 0.009282971 0.920954706 0.039482634 0.028379081 0.001900608
1 16  7 0 100 0.00631183  0.928189175 0.039101339 0.025427374 0.000970281
1 17  7 0 100 0.001010293 0.921947365 0.046273419 0.030008703 0.00076022
1 18  7 0 100 0.000310093 0.918575573 0.047504251 0.032919876 0.000690207
1 19  7 0 100 -999  0.734848409 0.197133226 0.066647995 0.00137037
1 20  7 0 100 0.002270341 0.925758864 0.037145572 0.034205131 0.000620093
1 21  7 0 100 -999  0.870874505 0.074578949 0.053266392 0.001280154
1 22  7 0 100 -999  0.683616723 0.233406681 0.081056211 0.001920384
1 23  7 0 100 -999  0.858120205 0.073645466 0.066553976 0.001680353
1 24  7 0 100 2.00E-05  0.904837161 0.043810515 0.04983196  0.00150036
1 25  7 0 100 -999  0.784902792 0.143011441 0.069915593 0.002170174
1 26  7 0 100 0.00018004  0.915371382 0.040478905 0.042779411 0.001190262
1 27  7 0 100 -999  0.792130111 0.13904337  0.066816036 0.002010483
1 28  7 0 100 -999  0.874293658 0.066098593 0.05815756  0.001450189
1 29  7 0 100 -999  0.863284884 0.074724659 0.060329909 0.001660548
1 30  7 0 100 0.000150027 0.919895581 0.03677662  0.041927547 0.001250225
1 31  7 0 100 0.001030165 0.929838774 0.035725716 0.032355177 0.001050168
1 32  7 0 100 -999  0.873537237 0.074273369 0.050659119 0.001530275
1 33  7 0 100 1.00E-05  0.896821746 0.054014321 0.047903832 0.0012501
1 34  7 0 100 0.003950435 0.934422787 0.031713488 0.029163208 0.000750083
1 35  7 0 100 -999  0.876450232 0.073441751 0.048707793 0.001400224
1 36  7 0 100 -999  0.881779263 0.065827115 0.051173305 0.001220317
1 37  7 0 100 5.00E-05  0.913482697 0.043038608 0.042368474 0.001060212
1 38  7 0 100 -999  0.873828551 0.071842213 0.052818979 0.001510257
1 39  7 0 100 -999  0.850837626 0.087353103 0.060239036 0.001570236
1 40  7 0 100 -999  0.861658181 0.073616932 0.062734429 0.001990458
1 41  7 0 100 -999  0.886501625 0.051392848 0.059474869 0.002630658
1 42  7 0 100 0.000360058 0.920677308 0.03387542  0.042546807 0.002540406
1 43  7 0 100 0.003320465 0.929390115 0.031404397 0.033774728 0.002110295
1 44  7 0 100 0.004010321 0.928584287 0.033382671 0.03200256  0.002020162
1 45  7 0 100 9.00E-05  0.902302414 0.04960893  0.045198136 0.002800504
1 46  7 0 100 0.000100021 0.90361976  0.046289721 0.047199912 0.002790586
1 47  7 0 100 -999  0.829772764 0.094635142 0.071461434 0.004130661
1 48  7 0 100 1.00E-05  0.890129125 0.048119143 0.058291075 0.003450656
1 49  7 0 100 0.003331066 0.929047295 0.029269366 0.036051536 0.002300736
1 50  7 0 100 0.000300114 0.913377083 0.041905924 0.04152578  0.002891099
1 51  7 0 100 -999  0.858431686 0.074834967 0.062522505 0.004210842
1 52  7 0 100 2.00E-05  0.900207068 0.043794452 0.05284744  0.003131033
1 53  7 0 100 7.00E-05  0.907135142 0.040086414 0.049517923 0.00319051
1 54  7 0 100 0.000110042 0.910586023 0.040945559 0.045377243 0.002981133
1 55  7 0 100 0.000370093 0.914578645 0.039339835 0.042810703 0.002900725
1 56  7 0 100 0.000660132 0.920824165 0.036157231 0.03974795  0.002610522
1 57  7 0 100 0.003951146 0.928239189 0.032669474 0.033089596 0.002050595
1 58  7 0 100 0.000620192 0.916824216 0.040002401 0.039782333 0.002770859
1 59  7 0 100 0.000410115 0.913645821 0.041761693 0.041581643 0.002600728
1 60  7 0 100 0.004261065 0.928662166 0.031427857 0.033418355 0.002230558
1 61  7 0 100 1.00E-05  0.888816645 0.056396919 0.051555467 0.003220966
1 62  7 0 100 0.000150029 0.905171983 0.043358238 0.048139146 0.003180604
1 63  7 0 100 0.001870337 0.925876658 0.033095957 0.03677662  0.002380428
1 64  7 0 100 2.00E-05  0.896815554 0.050107015 0.049696958 0.00336047
1 65  7 0 100 0.000860249 0.92127717  0.036370547 0.039061328 0.002430705
1 66  7 0 100 0.001030371 0.921281661 0.038473851 0.037153375 0.002060742
1 67  7 0 100 -999  0.849917471 0.085059771 0.061751613 0.003271145
1 68  7 0 100 -999  0.839636324 0.087928465 0.069104512 0.003330699
1 69  7 0 100 0.000160051 0.915733035 0.035991517 0.045924696 0.002190701
1 70  7 0 100 0.001120235 0.926154492 0.033957131 0.036787725 0.001980416
1 71  7 0 100 -999  0.883672081 0.061144675 0.052362567 0.002820677
1 72  7 0 100 0.001470323 0.926573846 0.03422753  0.036037928 0.001690372
1 73  7 0 100 0.001110433 0.924400516 0.038044837 0.034833585 0.001610628
1 74  7 0 100 0.000100034 0.908578917 0.047296081 0.041974271 0.002050697
1 75  7 0 100 0.002740356 0.929470831 0.033034294 0.033244322 0.001510196
1 76  7 0 100 -999  0.864623448 0.073549858 0.058975923 0.00285077
1 77  7 0 100 6.00E-05  0.906599452 0.042299306 0.048780732 0.002260497
1 78  7 0 100 0.000810162 0.920964193 0.036877375 0.039407882 0.001940388
1 79  7 0 100 -999  0.864785661 0.073133164 0.058980617 0.003100558
1 80  7 0 100 0.002140449 0.928895068 0.031226558 0.035977555 0.00176037
1 1 8 0 100 0.000790087 0.33772715  0.532718599 0.128644151 0.000120013
1 2 8 0 100 -999  0.292694146 0.596418072 0.110817784 7.00E-05
1 3 8 0 100 -999  0.187245617 0.682900487 0.129753893 0.000100003
1 4 8 0 100 0.042105053 0.212305477 0.594201304 0.151128135 0.000260031
1 5 8 0 100 0.552551051 0.092431849 0.268875378 0.085941719 0.000200004
1 6 8 0 100 0.009849803 0.750114998 0.159706806 0.080078398 0.000249995
1 7 8 0 100 0.000210011 0.772748637 0.157987899 0.068763438 0.000290015
1 8 8 0 100 -999  0.555461109 0.393237865 0.051061021 0.000240005
1 9 8 0 100 -999  0.231707805 0.722936752 0.04508541  0.000270032
1 10  8 0 100 -999  0.06824273  0.864354574 0.067202688 0.000200008
1 11  8 0 100 0.016360654 0.092203688 0.74599984  0.14524581  0.000190008
1 12  8 0 100 0.011350908 0.188265061 0.598087847 0.202036163 0.000260021
1 13  8 0 100 0.000100003 0.237157115 0.538526156 0.223856716 0.000360011
1 14  8 0 100 0.089593439 0.323368505 0.426754013 0.160084013 0.00020003
1 15  8 0 100 2.00E-05  0.406538131 0.450639013 0.142562851 0.000240005
1 16  8 0 100 0.000110007 0.424035442 0.468078085 0.107606456 0.00017001
1 17  8 0 100 0.001860112 0.395973758 0.531801908 0.070234214 0.000130008
1 18  8 0 100 -999  0.33132988  0.59300558  0.075484529 0.000180011
1 19  8 0 100 -999  0.200180018 0.69839984  0.101220122 0.00020002
1 20  8 0 100 0.271712606 0.056686802 0.571298556 0.100092011 0.000210025
1 21  8 0 100 0.777476649 0.018681121 0.170010201 0.033772026 6.00E-05
1 22  8 0 100 0.406248437 0.515666097 0.059474163 0.018581301 3.00E-05
1 23  8 0 100 0.000110015 0.93186046  0.053457484 0.014542036 3.00E-05
1 24  8 0 100 0.021220637 0.805764173 0.166314989 0.006690201 1.00E-05
1 25  8 0 100 -999  0.534364811 0.459634349 0.00600084  -999
1 26  8 0 100 -999  0.275789305 0.709799686 0.014411009 -999
1 27  8 0 100 0.06742472  0.140829858 0.743732061 0.048013361 -999
1 28  8 0 100 0.004040283 0.26913884  0.631784225 0.09499665  4.00E-05
1 29  8 0 100 0.001100066 0.39366362  0.484729084 0.120457227 5.00E-05
1 30  8 0 100 1.00E-05  0.3899822 0.460970781 0.148807024 0.000229995
1 31  8 0 100 0.161791618 0.366123661 0.396403964 0.075610756 7.00E-05
1 32  8 0 100 0.00087007  0.557454596 0.381360509 0.060274822 4.00E-05
1 33  8 0 100 1.00E-05  0.555641113 0.377747555 0.066541331 6.00E-05
1 34  8 0 100 1.00E-05  0.41090109  0.529922992 0.059105911 6.00E-05
1 35  8 0 100 0.001690135 0.386780942 0.568215457 0.043263461 5.00E-05
1 36  8 0 100 0.194603892 0.448098962 0.326536531 0.030730615 3.00E-05
1 37  8 0 100 0.000220026 0.693463216 0.257860943 0.048405809 5.00E-05
1 38  8 0 100 0.001490075 0.696844842 0.262953148 0.038661933 5.00E-05
1 39  8 0 100 2.00E-05  0.53155784  0.439599564 0.02878259  4.00E-05
1 40  8 0 100 -999  0.351364596 0.614293001 0.0342924 5.00E-05
1 41  8 0 100 0.000800112 0.272968216 0.669013662 0.057158002 6.00E-05
1 42  8 0 100 1.00E-05  0.242317577 0.651373486 0.106218938 8.00E-05
1 43  8 0 100 0.002260113 0.300875044 0.577118856 0.119645982 0.000100005
1 44  8 0 100 0.000269989 0.327666893 0.529968801 0.141934323 0.000159994
1 45  8 0 100 0.00397004  0.417794178 0.451204512 0.126811268 0.000220002
1 46  8 0 100 1.00E-05  0.38449538  0.476099044 0.139095564 0.000300012
1 47  8 0 100 1.00E-05  0.324155657 0.523607597 0.151756693 0.000470052
1 48  8 0 100 0.669063453 0.043952198 0.231781589 0.055052753 0.000150008
1 49  8 0 100 0.00092011  0.767542105 0.178611433 0.052736328 0.000190023
1 50  8 0 100 -999  0.678863943 0.266163308 0.054722736 0.000250013
1 51  8 0 100 -999  0.260543027 0.678663933 0.060413021 0.000380019
1 52  8 0 100 -999  0.051094088 0.885730858 0.062845028 0.000330026
1 53  8 0 100 0.000120002 0.049140983 0.79351587  0.156723134 0.00050001
1 54  8 0 100 0.353634754 0.012790895 0.424059684 0.208894623 0.000620043
1 55  8 0 100 0.000329993 0.404621908 0.387532249 0.206865863 0.000649987
1 56  8 0 100 -999  0.363969118 0.431204496 0.204186335 0.000640051
1 57  8 0 100 1.00E-05  0.192945788 0.595107853 0.211136334 0.000800024
1 58  8 0 100 0.216060803 0.135676784 0.491934597 0.155777789 0.000550028
1 59  8 0 100 0.000280003 0.40597406  0.407684077 0.185211852 0.000850009
1 60  8 0 100 0.59080954  0.148327416 0.169098455 0.091324566 0.000440022
1 61  8 0 100 0.000140008 0.718473108 0.19599176  0.084705082 0.000690041
1 62  8 0 100 -999  0.540572434 0.385613137 0.073054383 0.000760046
1 63  8 0 100 -999  0.176474118 0.750590047 0.071925754 0.001010081
1 64  8 0 100 -999  0.060056606 0.842682695 0.096260589 0.00100011
1 65  8 0 100 0.107149643 0.064135772 0.64855837  0.178926103 0.001230111
1 66  8 0 100 0.000439996 0.213147869 0.509804902 0.27503725  0.001569984
1 67  8 0 100 0.003060061 0.287725755 0.47648953  0.231324626 0.001400028
1 68  8 0 100 -999  0.241569326 0.539433155 0.218107449 0.000890071
1 69  8 0 100 0.000130012 0.228390555 0.564500805 0.206198558 0.00078007
1 70  8 0 100 0.316312653 0.179647186 0.373474939 0.130085203 0.000480019
1 71  8 0 100 0.053269467 0.626643734 0.213247868 0.106228938 0.000609994
1 72  8 0 100 0.319412777 0.550782031 0.085163407 0.044361774 0.000280011
1 73  8 0 100 0.001980218 0.878496635 0.087629639 0.031613477 0.000280031
1 74  8 0 100 -999  0.77778 0.20144813  0.020561851 0.000210019
1 75  8 0 100 -999  0.365105396 0.61550538  0.019139234 0.00024999
1 76  8 0 100 -999  0.129134205 0.839382332 0.031173429 0.000310034
1 77  8 0 100 1.00E-05  0.114911149 0.792207922 0.092610926 0.000260003
1 78  8 0 100 -999  0.101310131 0.670217022 0.228052805 0.000420042
1 79  8 0 100 0.00026 0.12375 0.60777 0.26762 6.00E-04
1 80  8 0 100 0.00025002  0.171773742 0.591737339 0.235888871 0.000350028
1 1 9 0 100 -999  0.008040161 0.748634973 0.242904858 0.000420008
1 2 9 0 100 -999  0.016550166 0.752597526 0.230482305 0.000370004
1 3 9 0 100 -999  0.01076183  0.744936639 0.243871458 0.000430073
1 4 9 0 100 -999  0.015779684 0.746805064 0.236915262 0.00049999
1 5 9 0 100 -999  0.01881 0.76028 0.22044 0.00047
1 6 9 0 100 -999  0.01267076  0.767656059 0.219223153 0.000450027
1 7 9 0 100 -999  0.014210995 0.778474493 0.206954487 0.000360025
1 8 9 0 100 -999  0.010479581 0.77024919  0.218881245 0.000389984
1 9 9 0 100 -999  0.008740262 0.765422963 0.225486765 0.000350011
1 10  9 0 100 -999  0.012260368 0.748782463 0.238557157 0.000400012
1 11  9 0 100 -999  0.014221138 0.742039363 0.243279462 0.000460037
1 12  9 0 100 -999  0.013151184 0.751347621 0.235051155 0.000450041
1 13  9 0 100 -999  0.010339793 0.737245255 0.251884962 0.000529989
1 14  9 0 100 -999  0.015120302 0.744774895 0.239564791 0.000540011
1 15  9 0 100 -999  0.01386097  0.763263428 0.222445571 0.00043003
1 16  9 0 100 -999  0.011751058 0.761428529 0.226380374 0.00044004
1 17  9 0 100 -999  0.009940398 0.762340494 0.227349094 0.000370015
1 18  9 0 100 -999  0.011771177 0.754815482 0.233053305 0.000360036
1 19  9 0 100 -999  0.014430866 0.74717483  0.237934276 0.000460028
1 20  9 0 100 -999  0.011650233 0.746094922 0.241754835 0.00050001
1 21  9 0 100 -999  0.014811037 0.755102857 0.229656076 0.00043003
1 22  9 0 100 -999  0.012420497 0.757850314 0.229319173 0.000410016
1 23  9 0 100 -999  0.014190993 0.754402808 0.230946166 0.000460032
1 24  9 0 100 -999  0.011861067 0.761818564 0.22589033  0.000430039
1 25  9 0 100 -999  0.01329093  0.765093557 0.221225486 0.000390027
1 26  9 0 100 -999  0.012241591 0.764379369 0.223008991 0.000370048
1 27  9 0 100 -999  0.012810384 0.755122654 0.231646949 0.000420013
1 28  9 0 100 -999  0.01180177  0.752192829 0.235545332 0.000460069
1 29  9 0 100 -999  0.016051284 0.760950876 0.222617809 0.00038003
1 30  9 0 100 -999  0.011011431 0.757218438 0.231340074 0.000430056
1 31  9 0 100 -999  0.010220409 0.753690148 0.235659426 0.000430017
1 32  9 0 100 -999  0.009899901 0.744642554 0.24496755  0.000489995
1 33  9 0 100 -999  0.014350718 0.750237512 0.234971749 0.000440022
1 34  9 0 100 -999  0.010630213 0.74650493  0.242404848 0.000460009
1 35  9 0 100 -999  0.010040402 0.742669707 0.246819873 0.000470019
1 36  9 0 100 -999  0.010460837 0.738669094 0.25037003  0.00050004
1 37  9 0 100 -999  0.015621875 0.744179302 0.239728767 0.000470056
1 38  9 0 100 -999  0.01299039  0.747262418 0.239217177 0.000530016
1 39  9 0 100 -999  0.013890278 0.765235305 0.220464409 0.000410008
1 40  9 0 100 -999  0.016291303 0.770311625 0.213047044 0.000350028
1 41  9 0 100 -999  0.010021002 0.762356236 0.227212721 0.000410041
1 42  9 0 100 -999  0.010300103 0.750927509 0.238302383 0.000470005
1 43  9 0 100 -999  0.011800472 0.755460218 0.232329293 0.000410016
1 44  9 0 100 -999  0.00946 0.74791 0.2422  0.00043
1 45  9 0 100 -999  0.010460209 0.737544751 0.251535031 0.000460009
1 46  9 0 100 -999  0.015971118 0.738251678 0.245267169 0.000510036
1 47  9 0 100 -999  0.013290532 0.752690108 0.233539342 0.000480019
1 48  9 0 100 -999  0.015300765 0.755857793 0.228361418 0.000480024
1 49  9 0 100 -999  0.01176047  0.759460378 0.228299132 0.000480019
1 50  9 0 100 -999  0.01167035  0.768223047 0.219756593 0.000350011
1 51  9 0 100 -999  0.012571131 0.760938484 0.226090348 0.000400036
1 52  9 0 100 -999  0.018169818 0.767272327 0.214167858 0.000389996
1 53  9 0 100 -999  0.013980559 0.77399096  0.211688468 0.000340014
1 54  9 0 100 -999  0.012059638 0.76166715  0.225873224 0.000399988
1 55  9 0 100 -999  0.01187095  0.752260181 0.235398832 0.000470038
1 56  9 0 100 -999  0.010900218 0.753735075 0.234924698 0.000440009
1 57  9 0 100 -999  0.01078097  0.749007411 0.239761579 0.000450041
1 58  9 0 100 -999  0.011611393 0.752960355 0.235008201 0.00042005
1 59  9 0 100 -999  0.009450662 0.744182093 0.245907214 0.000460032
1 60  9 0 100 -999  0.012270736 0.735214113 0.252015121 0.00050003
1 61  9 0 100 -999  0.011380569 0.73219661  0.255862793 0.000560028
1 62  9 0 100 -999  0.017191031 0.753745225 0.228603716 0.000460028
1 63  9 0 100 -999  0.011071661 0.760554083 0.227924189 0.000450068
1 64  9 0 100 -999  0.01512 0.76238 0.22207 0.00043
1 65  9 0 100 -999  0.011570579 0.766148307 0.221861093 0.000420021
1 66  9 0 100 -999  0.01191 0.76052 0.22714 0.00043
1 67  9 0 100 -999  0.012750638 0.75879794  0.228031402 0.000420021
1 68  9 0 100 -999  0.009030181 0.753265065 0.237324746 0.000380008
1 69  9 0 100 -999  0.011690351 0.743502305 0.24432733  0.000480014
1 70  9 0 100 -999  0.012871287 0.74230423  0.244354435 0.000470047
1 71  9 0 100 -999  0.011610697 0.740234414 0.247634858 0.000520031
1 72  9 0 100 -999  0.010050603 0.747424845 0.242044523 0.000480029
1 73  9 0 100 -999  0.009540477 0.736296815 0.253642682 0.000520026
1 74  9 0 100 -999  0.012600504 0.744639786 0.242299692 0.000460018
1 75  9 0 100 -999  0.01248025  0.744884898 0.242144843 0.00049001
1 76  9 0 100 -999  0.013800552 0.751150046 0.234579383 0.000470019
1 77  9 0 100 -999  0.008741311 0.752822923 0.238035705 0.00040006
1 78  9 0 100 -999  0.009860197 0.737714754 0.251935039 0.00049001
1 79  9 0 100 -999  0.01300065  0.740727036 0.245772289 0.000500025
1 80  9 0 100 -999  0.016060803 0.755747787 0.227731387 0.000460023
1 1 10  0 100 0.02283137  0.866692002 0.104696282 0.005780347 -999
1 2 10  0 100 0.008210493 0.883453007 0.102256135 0.006080365 -999
1 3 10  0 100 0.005249895 0.884422312 0.103887922 0.006439871 -999
1 4 10  0 100 0.012640885 0.873161121 0.10699749  0.007200504 -999
1 5 10  0 100 0.009220277 0.87801634  0.105173155 0.007590228 -999
1 6 10  0 100 0.01880094  0.869543477 0.103665183 0.0079904 -999
1 7 10  0 100 0.016150646 0.870704828 0.104724189 0.008420337 -999
1 8 10  0 100 0.021890876 0.868484739 0.101264051 0.008360334 -999
1 9 10  0 100 0.020423063 0.869540431 0.101615242 0.008421263 -999
1 10  10  0 100 0.035293882 0.855214074 0.101151127 0.008340918 -999
1 11  10  0 100 0.023862386 0.869676968 0.098069807 0.008390839 -999
1 12  10  0 100 0.122268559 0.771974038 0.097506825 0.008250578 -999
1 13  10  0 100 0.054322173 0.840133605 0.097283891 0.00826033  -999
1 14  10  0 100 0.023890239 0.870908709 0.09704097  0.008160082 -999
1 15  10  0 100 0.015830475 0.885826575 0.091022731 0.00732022  -999
1 16  10  0 100 0.015270458 0.897426923 0.081102433 0.006200186 -999
1 17  10  0 100 0.030260908 0.886926608 0.077532326 0.005280158 -999
1 18  10  0 100 0.01870187  0.903270327 0.073637364 0.004390439 -999
1 19  10  0 100 0.002950177 0.923105386 0.070344221 0.003600216 -999
1 20  10  0 100 0.020722694 0.901287167 0.074699711 0.003290428 -999
1 21  10  0 100 0.001060053 0.915725786 0.080124006 0.003090155 -999
1 22  10  0 100 0.000870044 0.916045802 0.080214011 0.002870144 -999
1 23  10  0 100 0.001290039 0.910217307 0.085632569 0.002860086 -999
1 24  10  0 100 0.001880038 0.909098182 0.086281726 0.002740055 -999
1 25  10  0 100 0.001200156 0.914868933 0.081430586 0.002500325 -999
1 26  10  0 100 0.000340014 0.906966279 0.090013601 0.002680107 -999
1 27  10  0 100 0.000160014 0.914952346 0.082437419 0.002450221 -999
1 28  10  0 100 0.000200016 0.905972478 0.091137291 0.002690215 -999
1 29  10  0 100 0.000110003 0.902377071 0.094702841 0.002810084 -999
1 30  10  0 100 0.000370041 0.909960096 0.086969567 0.002700297 -999
1 31  10  0 100 0.000550033 0.911224673 0.085695142 0.002530152 -999
1 32  10  0 100 0.000160005 0.907017211 0.090232707 0.002590078 -999
1 33  10  0 100 0.000120006 0.906375319 0.09080454  0.002700135 -999
1 34  10  0 100 5.00E-05  0.905809639 0.091560072 0.002580284 -999
1 35  10  0 100 8.00E-05  0.903691332 0.093458411 0.002770249 -999
1 36  10  0 100 4.00E-05  0.901284077 0.095695742 0.002980179 -999
1 37  10  0 100 0.000130012 0.902421218 0.094428499 0.003020272 -999
1 38  10  0 100 8.00E-05  0.905892471 0.09099728  0.003030242 -999
1 39  10  0 100 0.00028002  0.90486334  0.091886432 0.002970208 -999
1 40  10  0 100 5.00E-05  0.90759538  0.089524476 0.002830142 -999
1 41  10  0 100 6.00E-05  0.892970367 0.103649328 0.003320299 -999
1 42  10  0 100 9.00E-05  0.887737755 0.10800216  0.004170083 -999
1 43  10  0 100 0.000630063 0.89459946  0.100530053 0.004240424 -999
1 44  10  0 100 0.000180004 0.890687814 0.104272085 0.004860097 -999
1 45  10  0 100 0.00019001  0.895374769 0.099454973 0.004980249 -999
1 46  10  0 100 0.001470118 0.894291543 0.098817905 0.005420434 -999
1 47  10  0 100 0.001030031 0.901197036 0.092582777 0.005190156 -999
1 48  10  0 100 0.000300003 0.899898999 0.094310943 0.005490055 -999
1 49  10  0 100 0.000770054 0.895672697 0.097506825 0.006050424 -999
1 50  10  0 100 0.003940158 0.895365815 0.094673787 0.006020241 -999
1 51  10  0 100 0.001210085 0.902123149 0.090696349 0.005970418 -999
1 52  10  0 100 0.00318 0.89624 0.09436 0.00622 -999
1 53  10  0 100 0.000880079 0.898820894 0.09388845  0.006410577 -999
1 54  10  0 100 0.00333 0.89967 0.09055 0.00645 -999
1 55  10  0 100 0.002710163 0.899123947 0.091755505 0.006410385 -999
1 56  10  0 100 0.002120233 0.896158577 0.095140465 0.006580724 -999
1 57  10  0 100 0.00087007  0.901322106 0.091137291 0.006670534 -999
1 58  10  0 100 0.003250195 0.895093706 0.094775687 0.006880413 -999
1 59  10  0 100 0.000800056 0.9028632 0.089796286 0.006540458 -999
1 60  10  0 100 0.002840114 0.897775911 0.092673707 0.006710268 -999
1 61  10  0 100 0.000390004 0.901409014 0.091650917 0.006550066 -999
1 62  10  0 100 0.00105 0.90061 0.09152 0.00682 -999
1 63  10  0 100 0.001310013 0.898858989 0.09297093  0.006860069 -999
1 64  10  0 100 0.006800612 0.893860447 0.092648338 0.006690602 -999
1 65  10  0 100 0.001020102 0.901580158 0.090809081 0.006590659 -999
1 66  10  0 100 0.00160008  0.900095005 0.091774589 0.006530327 -999
1 67  10  0 100 0.003479965 0.898121019 0.091949081 0.006449936 -999
1 68  10  0 100 0.003740374 0.904010401 0.086328633 0.005920592 -999
1 69  10  0 100 0.003620145 0.905566223 0.085263411 0.005550222 -999
1 70  10  0 100 0.005859941 0.902640974 0.086129139 0.005369946 -999
1 71  10  0 100 0.001030041 0.906086243 0.08774351  0.005140206 -999
1 72  10  0 100 0.001910134 0.904613323 0.088536198 0.004940346 -999
1 73  10  0 100 0.000550017 0.908457254 0.086282588 0.004710141 -999
1 74  10  0 100 0.000980088 0.902471222 0.091678251 0.004870438 -999
1 75  10  0 100 0.000910009 0.905559056 0.08900089  0.004530045 -999
1 76  10  0 100 0.000980108 0.902569283 0.091680085 0.004770525 -999
1 77  10  0 100 0.00149 0.90218 0.09171 0.00462 -999
1 78  10  0 100 0.00043 0.90201 0.09266 0.0049  -999
1 79  10  0 100 0.001040062 0.905354321 0.088795328 0.004810289 -999
1 80  10  0 100 0.002460049 0.902568051 0.090231805 0.004740095 -999
1 1 11  0 100 0.050480601 0.406225307 0.34852319  0.188249532 0.006521369
1 2 11  0 100 0.056240686 0.394855022 0.359768356 0.183174803 0.005961133
1 3 11  0 100 0.052731074 0.389111713 0.367417158 0.184968843 0.005771212
1 4 11  0 100 0.054265969 0.382472072 0.372811009 0.18500035  0.0054506
1 5 11  0 100 0.049339868 0.377665533 0.373974795 0.193358672 0.005661132
1 6 11  0 100 0.045554555 0.373567357 0.372417242 0.202320232 0.006140614
1 7 11  0 100 0.041028206 0.371684337 0.372294459 0.208521704 0.006471294
1 8 11  0 100 0.041853348 0.363859109 0.371209697 0.216277302 0.006800544
1 9 11  0 100 0.041272064 0.360678034 0.369458473 0.221351068 0.007240362
1 10  11  0 100 0.040743445 0.356607681 0.367611312 0.227385037 0.007652525
1 11  11  0 100 0.044866281 0.351539215 0.36514112  0.230622287 0.007831096
1 12  11  0 100 0.049092273 0.347506877 0.36416104  0.231237809 0.008002001
1 13  11  0 100 0.045797786 0.351619775 0.361031375 0.233179641 0.008371423
1 14  11  0 100 0.045317704 0.351019673 0.361701489 0.2335297 0.008431433
1 15  11  0 100 0.041737513 0.36066492  0.356044088 0.232961933 0.008591546
1 16  11  0 100 0.046588386 0.376007681 0.34600228  0.223170171 0.008231482
1 17  11  0 100 0.049697952 0.392322772 0.335973756 0.214194271 0.00781125
1 18  11  0 100 0.049955486 0.414498495 0.321119547 0.20690414  0.007522332
1 19  11  0 100 0.049721436 0.434099843 0.311291597 0.197645458 0.007241666
1 20  11  0 100 0.055523331 0.450797048 0.300878053 0.186051163 0.006750405
1 21  11  0 100 0.056197306 0.46815086  0.292578035 0.176542951 0.006530849
1 22  11  0 100 0.059054764 0.47767942  0.291482871 0.1656014 0.006181545
1 23  11  0 100 0.054018643 0.496179389 0.288106097 0.155644903 0.006050968
1 24  11  0 100 0.056108416 0.499004851 0.292113817 0.147092064 0.005680852
1 25  11  0 100 0.05809278  0.504170918 0.293474564 0.138740523 0.005521215
1 26  11  0 100 0.052881586 0.512705381 0.298888967 0.13033391  0.005190156
1 27  11  0 100 0.053384271 0.515581246 0.300854068 0.125280022 0.004900392
1 28  11  0 100 0.058835884 0.512831283 0.301540154 0.122222222 0.004570457
1 29  11  0 100 0.05200092  0.517938767 0.305734204 0.120125226 0.004200882
1 30  11  0 100 0.050701661 0.520799784 0.305690309 0.118897346 0.0039109
1 31  11  0 100 0.049198364 0.52052849  0.304141704 0.121960733 0.004170709
1 32  11  0 100 0.053230114 0.516438123 0.303077585 0.123043378 0.0042108
1 33  11  0 100 0.055264922 0.513538655 0.303241875 0.123743411 0.004211137
1 34  11  0 100 0.067766264 0.505911419 0.300072017 0.122029287 0.004221013
1 35  11  0 100 0.085336454 0.492582701 0.293771069 0.12396843  0.004341346
1 36  11  0 100 0.072790919 0.510206531 0.291143672 0.121558234 0.004300645
1 37  11  0 100 0.060071626 0.524928974 0.289384178 0.12144372  0.004171502
1 38  11  0 100 0.052961122 0.529531202 0.292361396 0.12090539  0.004240891
1 39  11  0 100 0.054918787 0.52943471  0.291806689 0.119669147 0.004170667
1 40  11  0 100 0.057400332 0.520903763 0.29544318  0.121961953 0.004290772
1 41  11  0 100 0.049626948 0.512971816 0.30678295  0.126127658 0.004490629
1 42  11  0 100 0.045875046 0.500625069 0.31863505  0.13009431  0.004770525
1 43  11  0 100 0.044768058 0.483987118 0.331029585 0.135154328 0.005060911
1 44  11  0 100 0.043035923 0.47313506  0.33894541  0.13962166  0.005261947
1 45  11  0 100 0.048674867 0.455035504 0.346534653 0.144424442 0.005330533
1 46  11  0 100 0.050148024 0.446781485 0.348745799 0.148833813 0.005490879
1 47  11  0 100 0.047233779 0.439985199 0.348927914 0.157942635 0.005910473
1 48  11  0 100 0.057640751 0.426813653 0.34755512  0.162188388 0.005802089
1 49  11  0 100 0.064907789 0.41708005  0.343091171 0.168890267 0.006030724
1 50  11  0 100 0.057189722 0.42094156  0.335617055 0.179580529 0.006671134
1 51  11  0 100 0.049742985 0.427645659 0.333410005 0.182280937 0.006920415
1 52  11  0 100 0.042155059 0.427051246 0.334890187 0.188342601 0.007560907
1 53  11  0 100 0.038126482 0.430203135 0.333666723 0.190232339 0.007771321
1 54  11  0 100 0.038651595 0.426788036 0.331169351 0.194968491 0.008422527
1 55  11  0 100 0.040777748 0.421240036 0.333943449 0.195237095 0.008801672
1 56  11  0 100 0.043418684 0.415723145 0.337297459 0.19479896  0.008761752
1 57  11  0 100 0.041347856 0.417269281 0.338504316 0.194136886 0.008741661
1 58  11  0 100 0.037070751 0.417361035 0.340788829 0.195816787 0.008962599
1 59  11  0 100 0.045668677 0.40757744  0.342115002 0.195937228 0.008701653
1 60  11  0 100 0.051337701 0.402280342 0.342761414 0.195049257 0.008571286
1 61  11  0 100 0.047318044 0.405238891 0.340207835 0.19829371  0.00894152
1 62  11  0 100 0.048820741 0.403448759 0.342405329 0.196753286 0.008571886
1 63  11  0 100 0.040838576 0.40828574  0.341721762 0.200242051 0.008911871
1 64  11  0 100 0.038339201 0.411988877 0.340961831 0.199907978 0.008802113
1 65  11  0 100 0.038078758 0.411394621 0.341168469 0.200586135 0.008772018
1 66  11  0 100 0.042079257 0.40749965  0.340925004 0.200594131 0.008901958
1 67  11  0 100 0.042816851 0.41043567  0.334903585 0.202552408 0.009291487
1 68  11  0 100 0.044492013 0.411070989 0.335770658 0.200094025 0.008572315
1 69  11  0 100 0.039363149 0.423983919 0.330776462 0.197075766 0.008800704
1 70  11  0 100 0.039507111 0.421065792 0.333870097 0.196785421 0.008771579
1 71  11  0 100 0.039048591 0.425373582 0.332893237 0.194022685 0.008661906
1 72  11  0 100 0.038234971 0.431556102 0.331163051 0.190584776 0.0084611
1 73  11  0 100 0.047180852 0.422577193 0.334366904 0.187663163 0.008211889
1 74  11  0 100 0.054499265 0.420051409 0.330496184 0.186741746 0.008211396
1 75  11  0 100 0.044580699 0.427882692 0.334950388 0.184474274 0.008111947
1 76  11  0 100 0.041559143 0.432685191 0.334743644 0.18300026  0.008011763
1 77  11  0 100 0.046688404 0.427536957 0.334950291 0.182952932 0.007871417
1 78  11  0 100 0.054273026 0.42604225  0.332189726 0.179983196 0.007511803
1 79  11  0 100 0.050073019 0.430912037 0.327905255 0.18330766  0.007802029
1 80  11  0 100 0.056103465 0.426932464 0.327738657 0.181473554 0.00775186
2 1 1 0 100 -999  0.151148489 0.759872401 0.088939111 4.00E-05
2 2 1 0 100 -999  0.151301513 0.759857599 0.088800888 4.00E-05
2 3 1 0 100 -999  0.151953039 0.75898518  0.08902178  4.00E-05
2 4 1 0 100 -999  0.151911519 0.758667587 0.089380894 4.00E-05
2 5 1 0 100 -999  0.149691497 0.757857579 0.092410924 4.00E-05
2 6 1 0 100 -999  0.148697026 0.75702486  0.094238115 4.00E-05
2 7 1 0 100 -999  0.148948511 0.755252447 0.095759042 4.00E-05
2 8 1 0 100 -999  0.150748493 0.756742433 0.092469075 4.00E-05
2 9 1 0 100 -999  0.14985 0.75635 0.09376 4.00E-05
2 10  1 0 100 -999  0.149072981 0.757285146 0.093601872 4.00E-05
2 11  1 0 100 -999  0.151084533 0.756392692 0.092482774 4.00E-05
2 12  1 0 100 -999  0.150398496 0.759782402 0.089779102 4.00E-05
2 13  1 0 100 -999  0.15066452  0.759382781 0.089912697 4.00E-05
2 14  1 0 100 -999  0.149658503 0.757582424 0.092719073 4.00E-05
2 15  1 0 100 -999  0.148831488 0.756527565 0.094600946 4.00E-05
2 16  1 0 100 -999  0.175781758 0.748877489 0.075310753 3.00E-05
2 17  1 0 100 -999  0.172401724 0.7500075 0.077560776 3.00E-05
2 18  1 0 100 -999  0.17200172  0.749877499 0.078090781 3.00E-05
2 19  1 0 100 -999  0.170321703 0.750667507 0.07897079  4.00E-05
2 20  1 0 100 -999  0.169966601 0.749845003 0.080148397 4.00E-05
2 21  1 0 100 -999  0.170636825 0.751070043 0.078263131 3.00E-05
2 22  1 0 100 -999  0.17193 0.75146 0.07658 3.00E-05
2 23  1 0 100 -999  0.17162 0.75048 0.07787 3.00E-05
2 24  1 0 100 -999  0.170526589 0.749875002 0.079558409 4.00E-05
2 25  1 0 100 -999  0.17249345  0.750175004 0.077301546 3.00E-05
2 26  1 0 100 -999  0.171943439 0.750055001 0.077961559 4.00E-05
2 27  1 0 100 -999  0.171318287 0.749662503 0.07897921  4.00E-05
2 28  1 0 100 -999  0.170895127 0.750222507 0.078842365 4.00E-05
2 29  1 0 100 -999  0.171563431 0.750945019 0.077461549 3.00E-05
2 30  1 0 100 -999  0.171611716 0.750817508 0.077540775 3.00E-05
2 31  1 0 100 -999  0.170753415 0.750255005 0.078951579 4.00E-05
2 32  1 0 100 -999  0.17202344  0.749474989 0.078461569 4.00E-05
2 33  1 0 100 -999  0.170938291 0.750492495 0.078529215 4.00E-05
2 34  1 0 100 -999  0.17215 0.74934 0.07847 4.00E-05
2 35  1 0 100 -999  0.173258267 0.752582474 0.074129259 3.00E-05
2 36  1 0 100 -999  0.171151712 0.75296753  0.075850759 3.00E-05
2 37  1 0 100 -999  0.17148343  0.750035001 0.078441569 4.00E-05
2 38  1 0 100 -999  0.170391704 0.749207492 0.080360804 4.00E-05
2 39  1 0 100 -999  0.171598284 0.749202508 0.079159208 4.00E-05
2 40  1 0 100 -999  0.172556902 0.750370015 0.077043082 3.00E-05
2 41  1 0 100 -999  0.155166207 0.754430177 0.090363615 4.00E-05
2 42  1 0 100 -999  0.156184686 0.752982589 0.090792724 4.00E-05
2 43  1 0 100 -999  0.157354721 0.752132564 0.090472714 4.00E-05
2 44  1 0 100 -999  0.15650313  0.75098502  0.092471849 4.00E-05
2 45  1 0 100 -999  0.156554697 0.752512575 0.090892727 4.00E-05
2 46  1 0 100 -999  0.15567467  0.754292629 0.0899927 4.00E-05
2 47  1 0 100 -999  0.155701557 0.754057541 0.090200902 4.00E-05
2 48  1 0 100 -999  0.157301573 0.75304753  0.089610896 4.00E-05
2 49  1 0 100 -999  0.157575273 0.756897293 0.085487435 4.00E-05
2 50  1 0 100 -999  0.156411564 0.757737577 0.085810858 4.00E-05
2 51  1 0 100 -999  0.155328447 0.752142479 0.092489075 4.00E-05
2 52  1 0 100 -999  0.154354631 0.749762493 0.095842875 4.00E-05
2 53  1 0 100 -999  0.157403704 0.750429983 0.092126315 4.00E-05
2 54  1 0 100 -999  0.1548  0.75439 0.09077 4.00E-05
2 55  1 0 100 -999  0.155671557 0.753467535 0.090820908 4.00E-05
2 56  1 0 100 -999  0.15599468  0.754112623 0.089852696 4.00E-05
2 57  1 0 100 -999  0.155743115 0.753385068 0.090831817 4.00E-05
2 58  1 0 100 -999  0.15484 0.75148 0.09364 4.00E-05
2 59  1 0 100 -999  0.157321573 0.752067521 0.090570906 4.00E-05
2 60  1 0 100 -999  0.157194716 0.755762673 0.08700261  4.00E-05
2 61  1 0 100 -999  0.156204686 0.754532636 0.089222677 4.00E-05
2 62  1 0 100 -999  0.155887794 0.752227611 0.091844592 4.00E-05
2 63  1 0 100 -999  0.15525 0.75322 0.09149 4.00E-05
2 64  1 0 100 -999  0.155753115 0.751235025 0.092971859 4.00E-05
2 65  1 0 100 -999  0.156507825 0.751957598 0.091494575 4.00E-05
2 66  1 0 100 -999  0.1600132 0.751545031 0.088401768 4.00E-05
2 67  1 0 100 -999  0.16014 0.75094 0.08888 4.00E-05
2 68  1 0 100 -999  0.16197 0.75191 0.08608 4.00E-05
2 69  1 0 100 -999  0.15881 0.75319 0.08796 4.00E-05
2 70  1 0 100 -999  0.158913178 0.751095022 0.089951799 4.00E-05
2 71  1 0 100 -999  0.15982 0.75162 0.08852 4.00E-05
2 72  1 0 100 -999  0.158381584 0.751417514 0.090160902 4.00E-05
2 73  1 0 100 -999  0.1611  0.75133 0.08753 4.00E-05
2 74  1 0 100 -999  0.160491605 0.755397554 0.084070841 4.00E-05
2 75  1 0 100 -999  0.159231592 0.751907519 0.088820888 4.00E-05
2 76  1 0 100 -999  0.15966521  0.750587482 0.089707309 4.00E-05
2 77  1 0 100 -999  0.159608404 0.750822492 0.089529105 4.00E-05
2 78  1 0 100 -999  0.164644939 0.755822675 0.079502385 3.00E-05
2 79  1 0 100 -999  0.159643193 0.757755155 0.082571651 3.00E-05
2 80  1 0 100 -999  0.16042 0.7514  0.08814 4.00E-05
2 1 2 0 100 0.02014 0.86899 0.08033 0.03049 5.00E-05
2 2 2 0 100 0.02074083  0.869474779 0.077913117 0.031791272 8.00E-05
2 3 2 0 100 0.018860754 0.89950598  0.057852314 0.023720949 6.00E-05
2 4 2 0 100 0.0166705 0.868316049 0.081842455 0.033100993 7.00E-05
2 5 2 0 100 0.018570371 0.88101762  0.070871417 0.029460589 8.00E-05
2 6 2 0 100 0.01991 0.92357 0.04018 0.0163  4.00E-05
2 7 2 0 100 7.00E-05  0.943147157 0.041012051 0.015750788 2.00E-05
2 8 2 0 100 -999  0.000190004 0.686553731 0.312586252 0.000670013
2 9 2 0 100 0.02358 0.96887 0.00196 0.0055  9.00E-05
2 10  2 0 100 0.01765053  0.871176135 0.081592448 0.029560887 2.00E-05
2 11  2 0 100 0.018640373 0.898927979 0.057781156 0.024580492 7.00E-05
2 12  2 0 100 0.015910477 0.767833035 0.15434463  0.061761853 0.000150005
2 13  2 0 100 0.0191  0.91537 0.0443  0.02113 1.00E-04
2 14  2 0 100 0.02047 0.88618 0.06731 0.02599 5.00E-05
2 15  2 0 100 0.017660177 0.919889199 0.044260443 0.018150182 4.00E-05
2 16  2 0 100 0.01697017  0.76098761  0.159751598 0.062150622 0.000140001
2 17  2 0 100 0.018840377 0.95248905  0.019260385 0.009370187 4.00E-05
2 18  2 0 100 0.022920229 0.864928649 0.082050821 0.030070301 3.00E-05
2 19  2 0 100 0.016890338 0.877917558 0.073791476 0.031310626 9.00E-05
2 20  2 0 100 0.019040381 0.899327987 0.057611152 0.023960479 6.00E-05
2 21  2 0 100 0.018170182 0.913129131 0.048800488 0.019850199 5.00E-05
2 22  2 0 100 0.02505 0.89302 0.05918 0.02271 4.00E-05
2 23  2 0 100 0.017710177 0.916599166 0.046900469 0.018750188 4.00E-05
2 24  2 0 100 0.016530331 0.80450609  0.128032561 0.050841017 9.00E-05
2 25  2 0 100 0.018060722 0.914886595 0.04600184  0.020980839 7.00E-05
2 26  2 0 100 0.017829287 0.87925483  0.073667053 0.029178833 7.00E-05
2 27  2 0 100 0.022520901 0.902936117 0.053172127 0.021320853 5.00E-05
2 28  2 0 100 0.017760533 0.870976129 0.079772393 0.031430943 6.00E-05
2 29  2 0 100 0.017100171 0.915139151 0.047580476 0.020130201 5.00E-05
2 30  2 0 100 0.01748035  0.875207504 0.076561531 0.030690614 6.00E-05
2 31  2 0 100 0.021230849 0.895415817 0.059072363 0.024220969 6.00E-05
2 32  2 0 100 0.018850189 0.873688737 0.076830768 0.030550306 8.00E-05
2 33  2 0 100 0.016430329 0.892527851 0.064211284 0.026760535 7.00E-05
2 34  2 0 100 0.01899057  0.902737082 0.05566167  0.022560677 5.00E-05
2 35  2 0 100 0.019360581 0.85899577  0.087062612 0.034511035 7.00E-05
2 36  2 0 100 0.022120442 0.912888258 0.045970919 0.018970379 5.00E-05
2 37  2 0 100 0.016080322 0.867447349 0.083261665 0.033150663 6.00E-05
2 38  2 0 100 0.019040571 0.919237577 0.043411302 0.018260548 5.00E-05
2 39  2 0 100 0.01571 0.85716 0.09078 0.03628 7.00E-05
2 40  2 0 100 0.022909771 0.922330777 0.038549615 0.016159838 5.00E-05
2 41  2 0 100 0.01668 0.84997 0.09602 0.03726 7.00E-05
2 42  2 0 100 0.017980539 0.842205266 0.09768293  0.04200126  0.000130004
2 43  2 0 100 0.017670353 0.893967879 0.061551231 0.026720534 9.00E-05
2 44  2 0 100 0.01991 0.87323 0.07615 0.03063 8.00E-05
2 45  2 0 100 0.018639814 0.901110989 0.056749433 0.023439766 6.00E-05
2 46  2 0 100 0.016440164 0.855778558 0.090820908 0.036880369 8.00E-05
2 47  2 0 100 0.019590392 0.887657753 0.0650013 0.027670553 8.00E-05
2 48  2 0 100 0.022260445 0.90801816  0.049770995 0.019900398 5.00E-05
2 49  2 0 100 0.016960509 0.882396472 0.071852156 0.028730862 6.00E-05
2 50  2 0 100 0.019780198 0.887738877 0.065430654 0.02698027  7.00E-05
2 51  2 0 100 0.016079839 0.784652153 0.141498585 0.057609424 0.000159998
2 52  2 0 100 0.017809822 0.942380576 0.02699973  0.012749873 6.00E-05
2 53  2 0 100 0.016439671 0.852432951 0.094298114 0.036769265 6.00E-05
2 54  2 0 100 0.019129809 0.872531275 0.075839242 0.032399676 1.00E-04
2 55  2 0 100 0.022269777 0.910540895 0.047879521 0.019249808 6.00E-05
2 56  2 0 100 0.016880169 0.834558346 0.106391064 0.042080421 9.00E-05
2 57  2 0 100 0.01901 0.93924 0.02894 0.01276 5.00E-05
2 58  2 0 100 0.014950598 0.815062603 0.122184887 0.047731909 7.00E-05
2 59  2 0 100 0.018680187 0.892588926 0.060880609 0.027740277 0.000110001
2 60  2 0 100 0.01669 0.88779 0.06748 0.02796 8.00E-05
2 61  2 0 100 0.021780436 0.910318206 0.048040961 0.019810396 5.00E-05
2 62  2 0 100 0.015610312 0.823836477 0.114762295 0.045700914 9.00E-05
2 63  2 0 100 0.018670187 0.90896909  0.050120501 0.022170222 7.00E-05
2 64  2 0 100 0.015910159 0.844918449 0.09898099  0.040100401 9.00E-05
2 65  2 0 100 0.021690651 0.899376981 0.055121654 0.023740712 7.00E-05
2 66  2 0 100 0.01989 0.90927 0.05079 0.02  5.00E-05
2 67  2 0 100 0.01657 0.79582 0.13425 0.05324 0.00012
2 68  2 0 100 0.01859 0.91332 0.04646 0.02153 1.00E-04
2 69  2 0 100 0.017689823 0.898241018 0.060069399 0.023939761 6.00E-05
2 70  2 0 100 0.017920358 0.878377568 0.073591472 0.030040601 7.00E-05
2 71  2 0 100 0.022540225 0.875488755 0.072460725 0.029430294 8.00E-05
2 72  2 0 100 0.016740502 0.890836725 0.065361961 0.02699081  7.00E-05
2 73  2 0 100 0.020529589 0.923921522 0.039539209 0.015969681 4.00E-05
2 74  2 0 100 0.015190608 0.791171647 0.138915557 0.054612184 0.000110004
2 75  2 0 100 0.019110382 0.922318446 0.039840797 0.018660373 7.00E-05
2 76  2 0 100 0.01644 0.88401 0.07111 0.02838 6.00E-05
2 77  2 0 100 0.01648934  0.838396464 0.102435903 0.042568297 0.000109996
2 78  2 0 100 0.020700207 0.906329063 0.050680507 0.022210222 8.00E-05
2 79  2 0 100 0.01753 0.88296 0.07101 0.02844 6.00E-05
2 80  2 0 100 0.015580156 0.866648666 0.082800828 0.034890349 8.00E-05
2 1 3 0 100 -999  0.079980329 0.442305569 0.363088009 0.114626093
2 2 3 0 100 -999  0.080940865 0.443970578 0.362046301 0.113042257
2 3 3 0 100 -999  0.081319166 0.445293923 0.360192236 0.113194674
2 4 3 0 100 -999  0.080212294 0.443329688 0.363438444 0.113019574
2 5 3 0 100 -999  0.07929564  0.441890333 0.365263633 0.113550394
2 6 3 0 100 -999  0.080465536 0.445008528 0.361834052 0.112691883
2 7 3 0 100 -999  0.079163113 0.441051628 0.363182981 0.116602278
2 8 3 0 100 -999  0.07923256  0.442843381 0.363831581 0.114092478
2 9 3 0 100 -999  0.08041144  0.442910186 0.361896638 0.114781736
2 10  3 0 100 -999  0.080663128 0.442693855 0.361539002 0.115104015
2 11  3 0 100 -999  0.080331521 0.443388654 0.36230459  0.113975236
2 12  3 0 100 -999  0.081368043 0.443218995 0.360957791 0.114455171
2 13  3 0 100 -999  0.08086981  0.442631505 0.361209786 0.1152889
2 14  3 0 100 -999  0.08232567  0.444833572 0.359477387 0.113363371
2 15  3 0 100 -999  0.082921103 0.44983494  0.354802781 0.112441176
2 16  3 0 100 -999  0.086597587 0.472580273 0.338967409 0.101854731
2 17  3 0 100 -999  0.084950215 0.496525584 0.326434638 0.092089563
2 18  3 0 100 -999  0.082041823 0.51372376  0.319315516 0.0849189
2 19  3 0 100 -999  0.074248544 0.526605394 0.320728053 0.078418009
2 20  3 0 100 -999  0.067555921 0.535486651 0.322707047 0.074250381
2 21  3 0 100 -999  0.061620777 0.539747906 0.327642179 0.070989139
2 22  3 0 100 -999  0.057512372 0.540001202 0.334295045 0.068191381
2 23  3 0 100 -999  0.054512672 0.536091355 0.341320244 0.068075729
2 24  3 0 100 -999  0.052687451 0.530269496 0.349243388 0.067799666
2 25  3 0 100 -999  0.051695993 0.524791443 0.355762972 0.067749592
2 26  3 0 100 -999  0.053419595 0.522628717 0.354848725 0.069102963
2 27  3 0 100 -999  0.054691646 0.517558001 0.35777869  0.069971663
2 28  3 0 100 -999  0.058067229 0.516927514 0.353500155 0.071505102
2 29  3 0 100 -999  0.060596046 0.518015582 0.348344649 0.073043722
2 30  3 0 100 -999  0.063614786 0.5203353 0.342760713 0.073289201
2 31  3 0 100 -999  0.068338658 0.524734328 0.334682145 0.072244869
2 32  3 0 100 -999  0.072356364 0.527565521 0.328883459 0.071194656
2 33  3 0 100 -999  0.072865655 0.529527815 0.326683691 0.070922838
2 34  3 0 100 -999  0.075924016 0.533971541 0.321109921 0.068994522
2 35  3 0 100 -999  0.076545584 0.536379934 0.319222025 0.067852457
2 36  3 0 100 -999  0.078005307 0.536944876 0.318800381 0.066249437
2 37  3 0 100 -999  0.075670479 0.541089991 0.316652312 0.066587217
2 38  3 0 100 -999  0.074894853 0.538794312 0.320678951 0.065631885
2 39  3 0 100 -999  0.07378141  0.541447586 0.319422328 0.065348677
2 40  3 0 100 -999  0.072664637 0.53932663  0.323986541 0.064022192
2 41  3 0 100 -999  0.068381889 0.521436941 0.339385685 0.070795485
2 42  3 0 100 -999  0.069300881 0.507752404 0.347015224 0.07593149
2 43  3 0 100 -999  0.07215039  0.494486564 0.352329063 0.081033982
2 44  3 0 100 -999  0.078987707 0.485958743 0.351306944 0.083746606
2 45  3 0 100 -999  0.085322112 0.48087366  0.347450155 0.086354073
2 46  3 0 100 -999  0.092676279 0.472379483 0.345314081 0.089630157
2 47  3 0 100 -999  0.096101423 0.470675486 0.341170575 0.092052516
2 48  3 0 100 -999  0.100943179 0.46964488  0.337720134 0.091691808
2 49  3 0 100 -999  0.103950771 0.471196055 0.331796588 0.093056586
2 50  3 0 100 -999  0.105765954 0.471631348 0.329758014 0.092844684
2 51  3 0 100 -999  0.104055165 0.471926554 0.331028124 0.092990158
2 52  3 0 100 -999  0.101795327 0.474333143 0.331087922 0.092783608
2 53  3 0 100 -999  0.098164245 0.479070793 0.330315517 0.092449444
2 54  3 0 100 -999  0.096717597 0.479828361 0.3324611 0.090992942
2 55  3 0 100 -999  0.094091465 0.479238928 0.335555466 0.091114141
2 56  3 0 100 -999  0.091505888 0.482625908 0.336356803 0.089511401
2 57  3 0 100 -999  0.087714022 0.480753037 0.341854124 0.089678816
2 58  3 0 100 -999  0.086153322 0.481085361 0.341616214 0.091145102
2 59  3 0 100 -999  0.083607313 0.481646686 0.345314943 0.089431057
2 60  3 0 100 -999  0.082940764 0.4805653 0.345414453 0.091079483
2 61  3 0 100 -999  0.081145561 0.478603434 0.34843974  0.091811265
2 62  3 0 100 -999  0.081391269 0.478434321 0.348168195 0.092006215
2 63  3 0 100 -999  0.079554455 0.479933429 0.347432903 0.093079214
2 64  3 0 100 -999  0.079095366 0.478562048 0.348310327 0.09403226
2 65  3 0 100 -999  0.078729974 0.477653239 0.349096706 0.094520081
2 66  3 0 100 -999  0.080925551 0.48145289  0.344735628 0.09288593
2 67  3 0 100 -999  0.080701262 0.485821397 0.34116857  0.092308772
2 68  3 0 100 -999  0.08015799  0.488416388 0.341082474 0.090343148
2 69  3 0 100 -999  0.077559327 0.490450458 0.34111667  0.090873545
2 70  3 0 100 -999  0.075854326 0.491434185 0.342291769 0.09041972
2 71  3 0 100 -999  0.074771976 0.494106445 0.341525509 0.089596071
2 72  3 0 100 -999  0.072763176 0.49438664  0.34252521  0.090324973
2 73  3 0 100 -999  0.071904662 0.495083742 0.344649247 0.08836235
2 74  3 0 100 -999  0.071712069 0.495329445 0.344538657 0.088419829
2 75  3 0 100 -999  0.068762279 0.493745239 0.347059059 0.090433423
2 76  3 0 100 -999  0.068917131 0.496922984 0.344405244 0.089754641
2 77  3 0 100 -999  0.068655849 0.493239654 0.346556684 0.091547814
2 78  3 0 100 -999  0.069553885 0.494706767 0.344401003 0.091338346
2 79  3 0 100 -999  0.070106337 0.4912555 0.34739469  0.091243473
2 80  3 0 100 -999  0.070561464 0.491494331 0.345890514 0.09205369
2 1 4 0 100 -999  0.285868576 0.344550337 0.360610818 0.008970269
2 2 4 0 100 0.000100015 0.624283643 0.18926839  0.182187328 0.004160624
2 3 4 0 100 -999  0.700685171 0.171862966 0.124591148 0.002860715
2 4 4 0 100 -999  0.453939012 0.42015462  0.122835969 0.003070399
2 5 4 0 100 -999  0.279160249 0.601458262 0.116180913 0.003200576
2 6 4 0 100 -999  0.202726354 0.669527039 0.124606199 0.003140408
2 7 4 0 100 -999  0.155004101 0.682300106 0.159875173 0.002820621
2 8 4 0 100 -999  0.17807315  0.630842009 0.188294478 0.002790363
2 9 4 0 100 -999  0.093433081 0.644940292 0.257996119 0.003630508
2 10  4 0 100 -999  0.083033285 0.620039206 0.293396944 0.003530565
2 11  4 0 100 -999  0.061061832 0.586097583 0.348750463 0.004090123
2 12  4 0 100 0.000830075 0.585942735 0.22044984  0.190417138 0.002360212
2 13  4 0 100 -999  0.482850713 0.297174294 0.217034259 0.002940735
2 14  4 0 100 -999  0.157864202 0.599407834 0.238986916 0.003741047
2 15  4 0 100 -999  0.040933275 0.682574606 0.270701656 0.005790463
2 16  4 0 100 -999  0.053961872 0.634419572 0.305647242 0.005971314
2 17  4 0 100 -999  0.099010792 0.557177007 0.336630692 0.007181508
2 18  4 0 100 -999  0.17205269  0.490703234 0.330232744 0.007011332
2 19  4 0 100 -999  0.265131586 0.435467576 0.292248907 0.007151931
2 20  4 0 100 -999  0.311802472 0.426417057 0.254280171 0.0075003
2 21  4 0 100 -999  0.205254631 0.56149738  0.226577189 0.0066708
2 22  4 0 100 -999  0.12239612  0.673883694 0.198859943 0.004860243
2 23  4 0 100 -999  0.147555413 0.645674962 0.203118748 0.003650876
2 24  4 0 100 -999  0.175272269 0.598591901 0.222825598 0.003310232
2 25  4 0 100 -999  0.252005441 0.53513773  0.210166237 0.002690592
2 26  4 0 100 -999  0.330692832 0.477040638 0.189696042 0.002570488
2 27  4 0 100 0.002040286 0.947992719 0.036395095 0.013491889 8.00E-05
2 28  4 0 100 -999  0.898362722 0.092695758 0.008901513 4.00E-05
2 29  4 0 100 -999  0.366657998 0.625930223 0.007361767 5.00E-05
2 30  4 0 100 -999  0.053159037 0.931558365 0.015252593 3.00E-05
2 31  4 0 100 -999  0.006520848 0.901677218 0.091761929 4.00E-05
2 32  4 0 100 -999  0.029382644 0.767209049 0.203298297 0.00011001
2 33  4 0 100 -999  0.083317499 0.640517647 0.275844826 0.000320029
2 34  4 0 100 -999  0.145696027 0.534828831 0.318765064 0.000710078
2 35  4 0 100 -999  0.165908341 0.516254837 0.316816832 0.00101999
2 36  4 0 100 -999  0.197063501 0.492923797 0.308372423 0.001640279
2 37  4 0 100 -999  0.274241303 0.457288895 0.2665393 0.001930502
2 38  4 0 100 -999  0.311546078 0.455892061 0.230171431 0.00239043
2 39  4 0 100 -999  0.255271476 0.53582003  0.205807626 0.003100868
2 40  4 0 100 0.002190548 0.908877219 0.066106527 0.022475619 0.000350088
2 41  4 0 100 -999  0.767432092 0.206364764 0.025733088 0.000470056
2 42  4 0 100 -999  0.21327839  0.760066812 0.026094697 0.000560101
2 43  4 0 100 -999  0.030887722 0.922470618 0.045981495 0.000660165
2 44  4 0 100 -999  0.009991499 0.838585788 0.150512577 0.000910137
2 45  4 0 100 -999  0.036822578 0.731381197 0.230696149 0.001100077
2 46  4 0 100 0.001010212 0.530341372 0.320257254 0.147791036 0.000600126
2 47  4 0 100 -999  0.467952116 0.356942125 0.174395696 0.000710064
2 48  4 0 100 -999  0.159694372 0.653198788 0.186396776 0.000710064
2 49  4 0 100 -999  0.055568891 0.727516403 0.215734518 0.001180189
2 50  4 0 100 -999  0.085002101 0.635995359 0.277102047 0.001900494
2 51  4 0 100 -999  0.106858166 0.567796525 0.322444816 0.002900493
2 52  4 0 100 -999  0.080896988 0.531701657 0.382440312 0.004961042
2 53  4 0 100 -999  0.091150027 0.503225355 0.399063897 0.006560722
2 54  4 0 100 -999  0.137006031 0.439523509 0.415068863 0.008401596
2 55  4 0 100 -999  0.142188531 0.419895194 0.427675661 0.010240614
2 56  4 0 100 0.000110013 0.517802136 0.226147138 0.249059887 0.006880826
2 57  4 0 100 2.00E-05  0.739692732 0.132579167 0.123987277 0.003720819
2 58  4 0 100 -999  0.504320259 0.364771886 0.125927556 0.004980299
2 59  4 0 100 -999  0.108793935 0.76140751  0.124537398 0.005261157
2 60  4 0 100 -999  0.020953353 0.844025044 0.131701072 0.003320531
2 61  4 0 100 -999  0.0293344 0.742901435 0.224493674 0.003270491
2 62  4 0 100 -999  0.042224222 0.663646365 0.290339034 0.003790379
2 63  4 0 100 -999  0.064585813 0.569081217 0.361162505 0.005170465
2 64  4 0 100 -999  0.104957843 0.509726654 0.379714551 0.005600952
2 65  4 0 100 -999  0.158092133 0.443162043 0.392834997 0.005910828
2 66  4 0 100 -999  0.159583938 0.438275741 0.39766965  0.004470671
2 67  4 0 100 -999  0.144698682 0.452607156 0.397593856 0.005100306
2 68  4 0 100 -999  0.195463456 0.422060647 0.376265152 0.006210745
2 69  4 0 100 -999  0.165034755 0.443856578 0.382447367 0.008661299
2 70  4 0 100 -999  0.125337547 0.49099874  0.373852339 0.009811374
2 71  4 0 100 -999  0.154126201 0.475130772 0.359631137 0.011111889
2 72  4 0 100 -999  0.196813458 0.43770441  0.352259884 0.013222248
2 73  4 0 100 -999  0.186100471 0.460490654 0.339897389 0.013511486
2 74  4 0 100 -999  0.224331596 0.448083059 0.313982216 0.013603129
2 75  4 0 100 -999  0.186976177 0.498839838 0.301062149 0.013121837
2 76  4 0 100 -999  0.237960453 0.488233  0.263434784 0.010371763
2 77  4 0 100 -999  0.266898042 0.510981977 0.217629173 0.004490808
2 78  4 0 100 -999  0.310480362 0.489983698 0.196835589 0.002700351
2 79  4 0 100 -999  0.330165748 0.487451361 0.179952186 0.002430705
2 80  4 0 100 -999  0.27053575  0.541931741 0.184621694 0.002910815
2 1 5 0 100 0.202722436 0.328512562 0.313030085 0.153964634 0.001770283
2 2 5 0 100 0.201368123 0.324729226 0.315708414 0.156414077 0.00178016
2 3 5 0 100 0.197493825 0.323532647 0.316632164 0.160461232 0.001880132
2 4 5 0 100 0.1959998 0.320026001 0.319685984 0.16240812  0.001880094
2 5 5 0 100 0.195435635 0.319055524 0.31924554  0.164353148 0.001910153
2 6 5 0 100 0.193897756 0.316562663 0.317042682 0.170466819 0.002030081
2 7 5 0 100 0.191829183 0.311281128 0.321122112 0.173677368 0.002090209
2 8 5 0 100 0.191807672 0.312932517 0.320872835 0.172316893 0.002070083
2 9 5 0 100 0.189791387 0.310468628 0.320699242 0.176850611 0.002190131
2 10  5 0 100 0.187675014 0.310884871 0.322895832 0.176324106 0.002220178
2 11  5 0 100 0.186889344 0.310385519 0.323306165 0.177238862 0.002180109
2 12  5 0 100 0.18756687  0.308038437 0.322187447 0.179947404 0.002259842
2 13  5 0 100 0.185359268 0.312155608 0.322486124 0.177818891 0.002180109
2 14  5 0 100 0.186548655 0.306890689 0.324562456 0.179807981 0.002190219
2 15  5 0 100 0.187006181 0.306382894 0.323205249 0.18114536  0.002260316
2 16  5 0 100 0.184266584 0.30477743  0.325129262 0.183536518 0.002290206
2 17  5 0 100 0.184587383 0.304482179 0.324262971 0.184317373 0.002350094
2 18  5 0 100 0.186119306 0.302915146 0.324426221 0.18420921  0.002330117
2 19  5 0 100 0.186639332 0.303115156 0.323326166 0.184569228 0.002350118
2 20  5 0 100 0.18320168  0.304129587 0.323447655 0.18670133  0.002519748
2 21  5 0 100 0.183081831 0.301203012 0.32604326  0.187151872 0.002520025
2 22  5 0 100 0.183431006 0.300238014 0.325789547 0.188011281 0.002530152
2 23  5 0 100 0.182485475 0.301049031 0.324699741 0.189115673 0.00265008
2 24  5 0 100 0.180855426 0.302109063 0.325269758 0.189075672 0.002690081
2 25  5 0 100 0.17825139  0.298815858 0.327979358 0.19225307  0.002700324
2 26  5 0 100 0.179210753 0.296977819 0.327789667 0.19316159  0.002860172
2 27  5 0 100 0.176588829 0.295864793 0.330266513 0.194379719 0.002900145
2 28  5 0 100 0.179904392 0.294283543 0.328226258 0.194655572 0.002930234
2 29  5 0 100 0.180375411 0.294788844 0.328709861 0.193375801 0.002750083
2 30  5 0 100 0.177102397 0.295020651 0.328913024 0.196213735 0.002750193
2 31  5 0 100 0.175793516 0.292145843 0.328876578 0.200264005 0.002920058
2 32  5 0 100 0.174603492 0.293585872 0.328736575 0.200164003 0.002910058
2 33  5 0 100 0.174138259 0.290517095 0.330476695 0.201867981 0.00299997
2 34  5 0 100 0.175668243 0.287927121 0.329486705 0.203757962 0.003159968
2 35  5 0 100 0.174166517 0.2900142 0.329583408 0.203205936 0.003029939
2 36  5 0 100 0.173908695 0.291334567 0.326726336 0.204880244 0.003150158
2 37  5 0 100 0.17682 0.29039 0.32676 0.20298 0.00305
2 38  5 0 100 0.175920555 0.290647439 0.325559534 0.204712283 0.00316019
2 39  5 0 100 0.176047042 0.289481579 0.327523101 0.203788152 0.003160126
2 40  5 0 100 0.172693454 0.293865877 0.327536551 0.202764055 0.003140063
2 41  5 0 100 0.176024082 0.289083127 0.328596288 0.203146252 0.003150252
2 42  5 0 100 0.174502215 0.289840289 0.327972958 0.204534317 0.003150221
2 43  5 0 100 0.176574126 0.289583167 0.327556204 0.203136251 0.003150252
2 44  5 0 100 0.174108705 0.288264413 0.327986399 0.206350318 0.003290165
2 45  5 0 100 0.175049255 0.290671974 0.326105872 0.204992549 0.00318035
2 46  5 0 100 0.175290517 0.291207472 0.326349581 0.204042243 0.003110187
2 47  5 0 100 0.173238662 0.290564528 0.328426421 0.204620231 0.003150158
2 48  5 0 100 0.175989359 0.291052016 0.327576033 0.202322255 0.003060337
2 49  5 0 100 0.176715301 0.288608658 0.325789774 0.205726172 0.003160095
2 50  5 0 100 0.17834535  0.292018761 0.325239757 0.201356041 0.003040091
2 51  5 0 100 0.177322907 0.292428303 0.324447022 0.202681893 0.003119875
2 52  5 0 100 0.177442421 0.287980159 0.324792735 0.206274439 0.003510246
2 53  5 0 100 0.179751798 0.290232902 0.322163222 0.204492045 0.003360034
2 54  5 0 100 0.180593612 0.29198584  0.320606412 0.203584072 0.003230065
2 55  5 0 100 0.181437216 0.291753763 0.321518228 0.202100315 0.003190479
2 56  5 0 100 0.180361643 0.29291515  0.322368684 0.201224147 0.003130376
2 57  5 0 100 0.177883558 0.295465909 0.324056481 0.199463989 0.003130063
2 58  5 0 100 0.180533469 0.293258124 0.322801964 0.200206027 0.003200416
2 59  5 0 100 0.180913618 0.29247585  0.322306446 0.201074021 0.003230065
2 60  5 0 100 0.178548927 0.290054503 0.324676234 0.203450173 0.003270164
2 61  5 0 100 0.18129269  0.293310532 0.322392567 0.19985399  0.003150221
2 62  5 0 100 0.179703594 0.295445909 0.322576452 0.199123982 0.003150063
2 63  5 0 100 0.179255378 0.293778813 0.322709681 0.201036031 0.003220097
2 64  5 0 100 0.179950797 0.292347541 0.321949317 0.20249215  0.003260196
2 65  5 0 100 0.180404432 0.29275342  0.3212457 0.202306184 0.003290263
2 66  5 0 100 0.179831798 0.293892939 0.321393214 0.201572016 0.003310033
2 67  5 0 100 0.179703594 0.290385808 0.322716454 0.203674073 0.00352007
2 68  5 0 100 0.177467099 0.295981839 0.323362935 0.199897996 0.003290132
2 69  5 0 100 0.180107204 0.293471739 0.322602904 0.200598024 0.003220129
2 70  5 0 100 0.180575417 0.296128884 0.320869626 0.199315979 0.003110093
2 71  5 0 100 0.178723574 0.296315926 0.322296446 0.199543991 0.003120062
2 72  5 0 100 0.1766659 0.295136562 0.323969157 0.201028093 0.003200288
2 73  5 0 100 0.179225092 0.293061029 0.32328526  0.201268178 0.003160442
2 74  5 0 100 0.178129594 0.293152247 0.324605707 0.200982108 0.003130344
2 75  5 0 100 0.179214337 0.29200336  0.324165933 0.201436115 0.003180254
2 76  5 0 100 0.177478874 0.29280464  0.325266263 0.201180059 0.003270164
2 77  5 0 100 0.178233565 0.291285826 0.32248645  0.204584092 0.003410068
2 78  5 0 100 0.179423325 0.2938482 0.32369208  0.199915989 0.003120406
2 79  5 0 100 0.177069478 0.295172469 0.324115653 0.20054206  0.003100341
2 80  5 0 100 0.176765909 0.293056375 0.325119261 0.201858167 0.003200288
2 1 7 0 100 -999  0.04453336  0.793658097 0.151435431 0.010373112
2 2 7 0 100 -999  0.068415051 0.778451259 0.143481566 0.009652123
2 3 7 0 100 -999  0.107173224 0.751292901 0.132230992 0.009302884
2 4 7 0 100 -999  0.086095829 0.776022807 0.128468541 0.009412824
2 5 7 0 100 -999  0.076460644 0.778040071 0.135956708 0.009542576
2 6 7 0 100 -999  0.083520045 0.770935024 0.136032648 0.009512283
2 7 7 0 100 -999  0.064730066 0.784693255 0.1403235 0.010253178
2 8 7 0 100 -999  0.051199456 0.791950941 0.145665353 0.01118425
2 9 7 0 100 -999  0.063078924 0.778943683 0.146844053 0.01113334
2 10  7 0 100 -999  0.06068306  0.784568136 0.143914688 0.010834117
2 11  7 0 100 -999  0.041595806 0.793831656 0.15294812  0.011624417
2 12  7 0 100 -999  0.095015654 0.761465596 0.133305993 0.010212757
2 13  7 0 100 -999  0.076171328 0.776317369 0.136668267 0.010843036
2 14  7 0 100 -999  0.107272909 0.754961985 0.128061224 0.009703882
2 15  7 0 100 -999  0.096426035 0.772968702 0.121772879 0.008832385
2 16  7 0 100 -999  0.07982357  0.807167218 0.107788324 0.005220888
2 17  7 0 100 -999  0.07395775  0.819616708 0.103194767 0.003230775
2 18  7 0 100 -999  0.051922327 0.836829837 0.108436628 0.002811209
2 19  7 0 100 -999  0.045846963 0.837749967 0.11362204  0.002781029
2 20  7 0 100 -999  0.00919193  0.8233329 0.163804399 0.003670771
2 21  7 0 100 -999  0.062706304 0.812051133 0.122131754 0.003110809
2 22  7 0 100 -999  0.02278638  0.831562838 0.141619654 0.004031129
2 23  7 0 100 -999  0.007352132 0.804453291 0.183433196 0.004761381
2 24  7 0 100 -999  0.01970532  0.814689966 0.160663379 0.004941334
2 25  7 0 100 -999  0.03353872  0.822873947 0.138836097 0.004751235
2 26  7 0 100 -999  0.012022164 0.818647357 0.163919506 0.005410974
2 27  7 0 100 -999  0.049409882 0.818233647 0.127965593 0.004390878
2 28  7 0 100 -999  0.012992339 0.822798104 0.159238663 0.004970895
2 29  7 0 100 -999  0.023555889 0.822755689 0.149107277 0.004581145
2 30  7 0 100 -999  0.01689321  0.823966554 0.154069273 0.005070963
2 31  7 0 100 -999  0.042328466 0.825475095 0.127405481 0.004790958
2 32  7 0 100 -999  0.053196916 0.825787352 0.116585156 0.004430576
2 33  7 0 100 -999  0.02133512  0.837571017 0.136752821 0.004341042
2 34  7 0 100 -999  0.031366273 0.829415883 0.135197039 0.004020804
2 35  7 0 100 -999  0.061082827 0.821812581 0.113313796 0.003790796
2 36  7 0 100 -999  0.024095783 0.839931584 0.131931664 0.00404097
2 37  7 0 100 -999  0.022054852 0.834383564 0.139690732 0.003870852
2 38  7 0 100 -999  0.04178794  0.827297186 0.126944119 0.003970754
2 39  7 0 100 -999  0.01991458  0.835742221 0.139862168 0.004481031
2 40  7 0 100 -999  0.017583693 0.824703188 0.153092149 0.00462097
2 41  7 0 100 -999  0.015321839 0.80966716  0.168010161 0.00700084
2 42  7 0 100 -999  0.023844053 0.809067541 0.158316914 0.008771491
2 43  7 0 100 -999  0.039695557 0.809613346 0.141679835 0.009011262
2 44  7 0 100 -999  0.055617786 0.805932831 0.129818175 0.008631208
2 45  7 0 100 -999  0.055450536 0.80542303  0.130594813 0.008531621
2 46  7 0 100 -999  0.035544976 0.813733923 0.142059888 0.008661213
2 47  7 0 100 -999  0.035885742 0.807879261 0.147613618 0.008621379
2 48  7 0 100 -999  0.015473249 0.80080817  0.173926525 0.009792056
2 49  7 0 100 -999  0.026786161 0.803744861 0.159586705 0.009882273
2 50  7 0 100 -999  0.05552166  0.798607708 0.136448654 0.009421979
2 51  7 0 100 -999  0.041309088 0.81199864  0.137110164 0.009582108
2 52  7 0 100 -999  0.016775536 0.807026319 0.166054798 0.010143347
2 53  7 0 100 -999  0.023905498 0.80717565  0.159036578 0.009882273
2 54  7 0 100 -999  0.032831163 0.807424524 0.149600864 0.010143449
2 55  7 0 100 -999  0.038480775 0.806155724 0.145470732 0.00989277
2 56  7 0 100 -999  0.038300341 0.809598592 0.142658518 0.009442549
2 57  7 0 100 -999  0.042326507 0.80802513  0.14038475  0.009263613
2 58  7 0 100 -999  0.052874276 0.804857311 0.133125944 0.009142468
2 59  7 0 100 -999  0.045030357 0.808515959 0.137301579 0.009152105
2 60  7 0 100 -999  0.039754709 0.810249792 0.14097216  0.009023339
2 61  7 0 100 -999  0.055775059 0.79977594  0.135436568 0.009012433
2 62  7 0 100 -999  0.029800728 0.811952303 0.148563483 0.009683486
2 63  7 0 100 -999  0.035014356 0.811102552 0.144989446 0.008893646
2 64  7 0 100 -999  0.048082982 0.807027898 0.135986716 0.008902404
2 65  7 0 100 -999  0.02887953  0.813198355 0.148559024 0.00936309
2 66  7 0 100 -999  0.050022005 0.80658358  0.135702569 0.007691846
2 67  7 0 100 -999  0.045279056 0.815253051 0.131936387 0.007531506
2 68  7 0 100 -999  0.017684952 0.81524827  0.159104549 0.007962229
2 69  7 0 100 -999  0.014214691 0.803115028 0.174307521 0.00836276
2 70  7 0 100 -999  0.039911974 0.809902971 0.142582775 0.007602281
2 71  7 0 100 -999  0.04734947  0.814662933 0.130486097 0.0075015
2 72  7 0 100 -999  0.023836674 0.820989877 0.147531309 0.00764214
2 73  7 0 100 -999  0.052563141 0.808512128 0.132393098 0.006531633
2 74  7 0 100 -999  0.049102767 0.815902135 0.12815332  0.006841779
2 75  7 0 100 -999  0.02960829  0.824280799 0.139339015 0.006771896
2 76  7 0 100 -999  0.046493018 0.815198256 0.13192694  0.006381787
2 77  7 0 100 -999  0.018136711 0.816492102 0.157718356 0.007652832
2 78  7 0 100 -999  0.034546564 0.811914264 0.146257789 0.007281383
2 79  7 0 100 -999  0.045382707 0.813537791 0.133997519 0.007081983
2 80  7 0 100 -999  0.019225191 0.81711062  0.155692037 0.007972152
2 1 8 0 100 -999  0.26997 0.60492 0.12496 0.00015
2 2 8 0 100 -999  0.312770617 0.596362109 0.090847275 2.00E-05
2 3 8 0 100 -999  0.22974757  0.682711925 0.087540505 -999
2 4 8 0 100 -999  0.12398248  0.750115002 0.125842517 6.00E-05
2 5 8 0 100 9.00E-05  0.246924692 0.62190219  0.130993099 9.00E-05
2 6 8 0 100 0.005420163 0.658549756 0.25966779  0.076282288 8.00E-05
2 7 8 0 100 2.00E-05  0.733377334 0.194481945 0.07197072  0.000150002
2 8 8 0 100 -999  0.657423426 0.297247028 0.045259547 7.00E-05
2 9 8 0 100 -999  0.343457477 0.618689495 0.037763021 9.00E-05
2 10  8 0 100 -999  0.128124094 0.831351449 0.040464451 6.00E-05
2 11  8 0 100 -999  0.038337284 0.858253068 0.103349636 6.00E-05
2 12  8 0 100 4.00E-05  0.112932259 0.725234505 0.161673233 0.000120002
2 13  8 0 100 3.00E-05  0.191379138 0.62720272  0.181088109 0.00030003
2 14  8 0 100 -999  0.228366851 0.60634819  0.165054952 0.000230007
2 15  8 0 100 0.000240026 0.390202922 0.496684635 0.112772405 0.000100011
2 16  8 0 100 -999  0.397683861 0.514220853 0.088045283 5.00E-05
2 17  8 0 100 -999  0.350987549 0.587069353 0.061933097 1.00E-05
2 18  8 0 100 -999  0.355864235 0.585553422 0.058552342 3.00E-05
2 19  8 0 100 -999  0.279161166 0.649295972 0.07150286  4.00E-05
2 20  8 0 100 -999  0.11416685  0.773376403 0.112356741 0.000100006
2 21  8 0 100 0.00296003  0.308103081 0.602466025 0.086390864 8.00E-05
2 22  8 0 100 0.023931675 0.770293921 0.173012111 0.032742292 2.00E-05
2 23  8 0 100 0.002060103 0.922696135 0.061013051 0.014220711 1.00E-05
2 24  8 0 100 -999  0.859320152 0.132789295 0.007890552 -999
2 25  8 0 100 5.00E-05  0.632951648 0.362428121 0.004570229 -999
2 26  8 0 100 -999  0.401112033 0.591247737 0.007640229 -999
2 27  8 0 100 -999  0.137707246 0.828593428 0.033699326 -999
2 28  8 0 100 0.000209996 0.195676086 0.726335473 0.077748445 3.00E-05
2 29  8 0 100 1.00E-05  0.292981017 0.611565619 0.095423359 2.00E-05
2 30  8 0 100 -999  0.371717434 0.499029981 0.129092582 0.000160003
2 31  8 0 100 -999  0.323906478 0.57601152  0.100022  6.00E-05
2 32  8 0 100 0.000580099 0.503695628 0.444665593 0.051048678 1.00E-05
2 33  8 0 100 -999  0.526662133 0.421713737 0.05162413  -999
2 34  8 0 100 -999  0.444674447 0.504585046 0.050730507 1.00E-05
2 35  8 0 100 -999  0.325529298 0.63322699  0.041233711 1.00E-05
2 36  8 0 100 -999  0.372918646 0.589729486 0.037341867 1.00E-05
2 37  8 0 100 0.000600012 0.642842857 0.314356287 0.042190844 1.00E-05
2 38  8 0 100 -999  0.649694969 0.306070607 0.04420442  3.00E-05
2 39  8 0 100 -999  0.570744245 0.400744045 0.028511711 -999
2 40  8 0 100 -999  0.418428369 0.557211144 0.024360487 -999
2 41  8 0 100 -999  0.241384138 0.717651765 0.040944094 2.00E-05
2 42  8 0 100 -999  0.23860193  0.68180409  0.079563978 3.00E-05
2 43  8 0 100 -999  0.224533472 0.677090625 0.098355901 2.00E-05
2 44  8 0 100 -999  0.269104618 0.61148777  0.119327613 8.00E-05
2 45  8 0 100 -999  0.305734713 0.574771261 0.11940403  9.00E-05
2 46  8 0 100 -999  0.366806681 0.526612661 0.10650065  8.00E-05
2 47  8 0 100 -999  0.321197816 0.558650557 0.120021604 0.000130023
2 48  8 0 100 -999  0.253080493 0.635481677 0.111317811 0.000120019
2 49  8 0 100 0.008909733 0.713628591 0.234722958 0.042698719 4.00E-05
2 50  8 0 100 -999  0.733250658 0.22318455  0.043504786 6.00E-05
2 51  8 0 100 -999  0.427232817 0.521365641 0.051281538 0.000120004
2 52  8 0 100 -999  0.112342358 0.843972837 0.043584794 0.000100011
2 53  8 0 100 -999  0.023392105 0.884519607 0.091918273 0.000170015
2 54  8 0 100 -999  0.049613969 0.727788223 0.222237779 0.000360029
2 55  8 0 100 0.007170072 0.363623636 0.461064611 0.167721677 0.000420004
2 56  8 0 100 -999  0.372353935 0.464117512 0.163088584 0.000439969
2 57  8 0 100 -999  0.237451371 0.603764339 0.158464262 0.000320029
2 58  8 0 100 -999  0.125703771 0.725601768 0.148434453 0.000260008
2 59  8 0 100 0.001080097 0.357242152 0.511396026 0.130031703 0.000250023
2 60  8 0 100 -999  0.397029851 0.439651983 0.16299815  0.000320016
2 61  8 0 100 0.006529804 0.702098937 0.222983311 0.068197954 0.000189994
2 62  8 0 100 -999  0.637934655 0.301201084 0.060624244 0.000240017
2 63  8 0 100 -999  0.288247295 0.65116907  0.060223613 0.000360022
2 64  8 0 100 -999  0.094073763 0.836623465 0.068922757 0.000380015
2 65  8 0 100 -999  0.043720437 0.827068271 0.128681287 0.000530005
2 66  8 0 100 0.000580052 0.178146033 0.601864168 0.218709684 0.000700063
2 67  8 0 100 -999  0.198115943 0.589287679 0.211756353 0.000840025
2 68  8 0 100 -999  0.234855834 0.584244267 0.180209823 0.000690076
2 69  8 0 100 -999  0.201848074 0.634575383 0.163216529 0.000360014
2 70  8 0 100 -999  0.192633484 0.658926125 0.148170372 0.000270019
2 71  8 0 100 0.001360068 0.491614581 0.390129506 0.116655833 0.000240012
2 72  8 0 100 9.00E-05  0.66757673  0.248017361 0.084105887 0.000210015
2 73  8 0 100 0.00100002  0.836246725 0.126282526 0.036350727 0.000120002
2 74  8 0 100 -999  0.818939053 0.161951902 0.019029049 8.00E-05
2 75  8 0 100 -999  0.535317472 0.447231306 0.017371216 8.00E-05
2 76  8 0 100 -999  0.171790307 0.806598396 0.021511291 0.000100006
2 77  8 0 100 -999  0.094637161 0.851964441 0.053298401 1.00E-04
2 78  8 0 100 -999  0.115108849 0.727502725 0.157208428 0.000179998
2 79  8 0 100 -999  0.085053402 0.688267531 0.226209048 0.000470019
2 80  8 0 100 -999  0.116183486 0.680850426 0.202616078 0.000350011
2 1 9 0 100 -999  0.04511406  0.744697023 0.209948895 0.000240022
2 2 9 0 100 -999  0.097316812 0.702269159 0.200184013 0.000230016
2 3 9 0 100 -999  0.057270573 0.730677307 0.211762118 0.000290003
2 4 9 0 100 -999  0.091290955 0.702134256 0.206294755 0.000280034
2 5 9 0 100 -999  0.107291802 0.70227725  0.190130914 0.000300033
2 6 9 0 100 -999  0.06762 0.74493 0.18717 0.00028
2 7 9 0 100 -999  0.079281586 0.743714874 0.176793536 0.000210004
2 8 9 0 100 -999  0.055755018 0.755688012 0.188326949 0.000230021
2 9 9 0 100 -999  0.047141414 0.756512695 0.196145884 0.000200006
2 10  9 0 100 -999  0.068817935 0.724128276 0.206783796 0.000269992
2 11  9 0 100 -999  0.08178 0.70607 0.21186 0.00029
2 12  9 0 100 -999  0.071727848 0.724028279 0.20398388  0.000259992
2 13  9 0 100 -999  0.055975598 0.726952695 0.216741674 0.000330033
2 14  9 0 100 -999  0.085730857 0.70703707  0.206902069 0.000330003
2 15  9 0 100 -999  0.075964558 0.732743965 0.191031462 0.000260016
2 16  9 0 100 -999  0.06438 0.7404  0.19495 0.00027
2 17  9 0 100 -999  0.053769462 0.749592504 0.196408036 0.000229998
2 18  9 0 100 -999  0.066720667 0.730297303 0.202722027 0.000260003
2 19  9 0 100 -999  0.081398954 0.712148336 0.206172679 0.000280031
2 20  9 0 100 -999  0.062843142 0.727276364 0.209570479 0.000310016
2 21  9 0 100 -999  0.080849192 0.719722803 0.199168008 0.000259997
2 22  9 0 100 -999  0.066628001 0.734937952 0.198154055 0.000279992
2 23  9 0 100 -999  0.079523976 0.720046002 0.200140007 0.000290015
2 24  9 0 100 -999  0.06589659  0.739593959 0.194259426 0.000250025
2 25  9 0 100 -999  0.073096579 0.735626206 0.191037193 0.000240022
2 26  9 0 100 -999  0.069126913 0.738333833 0.192319232 0.000220022
2 27  9 0 100 -999  0.07197072  0.728217282 0.199531995 0.000280003
2 28  9 0 100 -999  0.064191926 0.731281938 0.204256128 0.000270008
2 29  9 0 100 -999  0.09073 0.71615 0.19285 0.00027
2 30  9 0 100 -999  0.059482379 0.74024961  0.200008  0.00026001
2 31  9 0 100 -999  0.055251658 0.741392242 0.203076092 0.000280008
2 32  9 0 100 -999  0.05401162  0.732871986 0.212826385 0.000290009
2 33  9 0 100 -999  0.080266421 0.714427154 0.205016401 0.000290023
2 34  9 0 100 -999  0.057301719 0.733181995 0.209216276 0.000300009
2 35  9 0 100 -999  0.055051101 0.731144623 0.21350427  0.000300006
2 36  9 0 100 -999  0.05655509  0.724755228 0.218369653 0.000320029
2 37  9 0 100 -999  0.08887 0.70296 0.20788 0.00029
2 38  9 0 100 -999  0.071704302 0.721423285 0.206602396 0.000270016
2 39  9 0 100 -999  0.077867008 0.730745767 0.191147203 0.000240022
2 40  9 0 100 -999  0.091152735 0.723941718 0.184685541 0.000220007
2 41  9 0 100 -999  0.05136 0.75321 0.19518 0.00025
2 42  9 0 100 -999  0.056353381 0.736944217 0.206432386 0.000270016
2 43  9 0 100 -999  0.065971319 0.733204664 0.200584012 0.000240005
2 44  9 0 100 -999  0.049542477 0.738906945 0.211290565 0.000260013
2 45  9 0 100 -999  0.058105229 0.722355012 0.219249732 0.000290026
2 46  9 0 100 -999  0.093104655 0.693434672 0.213140657 0.000320016
2 47  9 0 100 -999  0.072077208 0.72450245  0.203130313 0.000290029
2 48  9 0 100 -999  0.085045103 0.717523051 0.19716183  0.000270016
2 49  9 0 100 -999  0.063774464 0.739311752 0.196633764 0.00028002
2 50  9 0 100 -999  0.065873294 0.7460073 0.187899395 0.000220011
2 51  9 0 100 -999  0.071390714 0.733597336 0.194761948 0.000250003
2 52  9 0 100 -999  0.1047  0.71027 0.1848  0.00023
2 53  9 0 100 -999  0.075984559 0.739974398 0.183821029 0.000220013
2 54  9 0 100 -999  0.064811944 0.740482214 0.194455834 0.000250008
2 55  9 0 100 -999  0.066773339 0.729086454 0.203870194 0.000270014
2 56  9 0 100 -999  0.058905301 0.738636477 0.202198198 0.000260023
2 57  9 0 100 -999  0.059658949 0.732329849 0.20773116  0.000280042
2 58  9 0 100 -999  0.06552131  0.728884578 0.205334107 0.000260005
2 59  9 0 100 -999  0.05285 0.73336 0.21351 0.00028
2 60  9 0 100 -999  0.069192076 0.71301139  0.217486525 0.000310009
2 61  9 0 100 -999  0.063079369 0.714722853 0.221827782 0.000369996
2 62  9 0 100 -999  0.098353934 0.703658146 0.197707908 0.000280011
2 63  9 0 100 -999  0.058812352 0.744899796 0.19600784  0.000280011
2 64  9 0 100 -999  0.08734 0.72165 0.19075 0.00026
2 65  9 0 100 -999  0.064097692 0.745209425 0.190472857 0.000220026
2 66  9 0 100 -999  0.067035363 0.737539003 0.195175614 0.00025002
2 67  9 0 100 -999  0.07300292  0.729309172 0.197447898 0.00024001
2 68  9 0 100 -999  0.047688569 0.745737628 0.206303811 0.000269992
2 69  9 0 100 -999  0.06684 0.72093 0.21197 0.00026
2 70  9 0 100 -999  0.072383619 0.716055803 0.211260563 0.000300015
2 71  9 0 100 -999  0.063215689 0.721014891 0.215469392 0.000300027
2 72  9 0 100 -999  0.054394896 0.736346271 0.208978808 0.000280025
2 73  9 0 100 -999  0.052482099 0.727379095 0.219798792 0.000340014
2 74  9 0 100 -999  0.070514936 0.718560299 0.210644745 0.00028002
2 75  9 0 100 -999  0.070457886 0.719968401 0.209273722 0.000299991
2 76  9 0 100 -999  0.076723069 0.718768751 0.204218169 0.000290012
2 77  9 0 100 -999  0.046162308 0.748127406 0.205440272 0.000270014
2 78  9 0 100 -999  0.053162658 0.727766388 0.218750938 0.000320016
2 79  9 0 100 -999  0.076215335 0.710469733 0.213014911 0.000300021
2 80  9 0 100 -999  0.092921151 0.709905189 0.19691363  0.000260031
2 1 10  0 100 -999  0.496184733 0.487624134 0.016191133 -999
2 2 10  0 100 -999  0.57340867  0.408750438 0.017840892 -999
2 3 10  0 100 -999  0.514390288 0.467069341 0.018540371 -999
2 4 10  0 100 -999  0.45373 0.52664 0.01963 -999
2 5 10  0 100 -999  0.513276195 0.464391795 0.02233201  -999
2 6 10  0 100 -999  0.52197522  0.453814538 0.024210242 -999
2 7 10  0 100 -999  0.482948636 0.4924994 0.024551964 -999
2 8 10  0 100 -999  0.570108505 0.404480224 0.025411271 -999
2 9 10  0 100 -999  0.547579282 0.426768409 0.025652309 -999
2 10  10  0 100 -999  0.53614 0.43802 0.02584 -999
2 11  10  0 100 -999  0.596279628 0.377577758 0.026142614 -999
2 12  10  0 100 -999  0.578354701 0.39583375  0.025811549 -999
2 13  10  0 100 -999  0.575958798 0.398679934 0.025361268 -999
2 14  10  0 100 -999  0.578888944 0.39639982  0.024711236 -999
2 15  10  0 100 -999  0.499329973 0.476729069 0.023940958 -999
2 16  10  0 100 -999  0.606608529 0.372659813 0.020731659 -999
2 17  10  0 100 -999  0.61811945  0.364409153 0.017471398 -999
2 18  10  0 100 -999  0.649059472 0.336860106 0.014080422 -999
2 19  10  0 100 -999  0.72379 0.26446 0.01175 -999
2 20  10  0 100 -999  0.63157421  0.358915124 0.009510666 -999
2 21  10  0 100 -999  0.532256613 0.459302965 0.008440422 -999
2 22  10  0 100 -999  0.621454858 0.370924837 0.007620305 -999
2 23  10  0 100 -999  0.493484805 0.498924968 0.007590228 -999
2 24  10  0 100 -999  0.561160504 0.431348821 0.007490674 -999
2 25  10  0 100 -999  0.687928155 0.305161361 0.006910484 -999
2 26  10  0 100 -999  0.48040402  0.512925646 0.006670334 -999
2 27  10  0 100 -999  0.667863393 0.325316266 0.006820341 -999
2 28  10  0 100 -999  0.532589348 0.46051079  0.006899862 -999
2 29  10  0 100 -999  0.424115759 0.568644314 0.007239928 -999
2 30  10  0 100 -999  0.6011141 0.391545239 0.007340661 -999
2 31  10  0 100 -999  0.637153715 0.355685569 0.007160716 -999
2 32  10  0 100 -999  0.535048154 0.458281245 0.0066706 -999
2 33  10  0 100 -999  0.50019 0.49313 0.00668 -999
2 34  10  0 100 -999  0.574298916 0.418700244 0.00700084  -999
2 35  10  0 100 -999  0.530516526 0.463033152 0.006450323 -999
2 36  10  0 100 -999  0.465179304 0.527380548 0.007440149 -999
2 37  10  0 100 -999  0.431470203 0.560399228 0.008130569 -999
2 38  10  0 100 -999  0.548902934 0.44316659  0.007930476 -999
2 39  10  0 100 -999  0.481419628 0.510600212 0.00798016  -999
2 40  10  0 100 -999  0.689624481 0.302855143 0.007520376 -999
2 41  10  0 100 -999  0.463253163 0.529156458 0.00759038  -999
2 42  10  0 100 -999  0.3883  0.60254 0.00916 -999
2 43  10  0 100 -999  0.53357735  0.455561889 0.01086076  -999
2 44  10  0 100 -999  0.481403698 0.506215435 0.012380867 -999
2 45  10  0 100 -999  0.517915537 0.468574057 0.013510405 -999
2 46  10  0 100 -999  0.467693385 0.518415921 0.013890695 -999
2 47  10  0 100 -999  0.612337357 0.372680995 0.014981648 -999
2 48  10  0 100 -999  0.576364582 0.409044543 0.014590875 -999
2 49  10  0 100 -999  0.472143607 0.511955598 0.015900795 -999
2 50  10  0 100 -999  0.516876181 0.466402648 0.01672117  -999
2 51  10  0 100 -999  0.5583335 0.424965498 0.016701002 -999
2 52  10  0 100 -999  0.461462302 0.520736452 0.017801246 -999
2 53  10  0 100 -999  0.465601904 0.516016441 0.018381654 -999
2 54  10  0 100 -999  0.602898232 0.378900312 0.018201456 -999
2 55  10  0 100 -999  0.561708766 0.420331593 0.017959641 -999
2 56  10  0 100 -999  0.460853737 0.520773324 0.01837294  -999
2 57  10  0 100 -999  0.526651599 0.454467268 0.018881133 -999
2 58  10  0 100 -999  0.438066284 0.542582555 0.019351161 -999
2 59  10  0 100 -999  0.648951385 0.331746492 0.019302123 -999
2 60  10  0 100 -999  0.482953807 0.497984859 0.019061334 -999
2 61  10  0 100 -999  0.521601728 0.459646772 0.0187515 -999
2 62  10  0 100 -999  0.518392207 0.462945553 0.018662239 -999
2 63  10  0 100 -999  0.488609544 0.492359694 0.019030761 -999
2 64  10  0 100 -999  0.523651419 0.456847411 0.01950117  -999
2 65  10  0 100 -999  0.540546216 0.440833225 0.018620559 -999
2 66  10  0 100 -999  0.544886347 0.436863106 0.018250548 -999
2 67  10  0 100 -999  0.465486549 0.516941694 0.017571757 -999
2 68  10  0 100 -999  0.613672273 0.369077382 0.017250345 -999
2 69  10  0 100 -999  0.591685501 0.392153529 0.01616097  -999
2 70  10  0 100 -999  0.592921505 0.392127449 0.014951047 -999
2 71  10  0 100 -999  0.583695022 0.402514151 0.013790827 -999
2 72  10  0 100 -999  0.545258168 0.44072085  0.014020981 -999
2 73  10  0 100 -999  0.640522026 0.346217311 0.013260663 -999
2 74  10  0 100 -999  0.474448978 0.512660506 0.012890516 -999
2 75  10  0 100 -999  0.553316398 0.433822059 0.012861543 -999
2 76  10  0 100 -999  0.534172608 0.453448259 0.012379133 -999
2 77  10  0 100 -999  0.54161 0.44538 0.01301 -999
2 78  10  0 100 -999  0.4916595 0.495379723 0.012960778 -999
2 79  10  0 100 -999  0.573732949 0.412926517 0.013340534 -999
2 80  10  0 100 -999  0.512590755 0.474078445 0.0133308 -999
2 1 11  0 100 0.085717715 0.407276655 0.366733006 0.138322449 0.001950176
2 2 11  0 100 0.08525961  0.400252058 0.377896916 0.134750993 0.001840423
2 3 11  0 100 0.085194483 0.393356871 0.387005791 0.132742566 0.001700289
2 4 11  0 100 0.08455522  0.383939109 0.397281511 0.132633874 0.001590286
2 5 11  0 100 0.082590737 0.377509076 0.3992319 0.139008071 0.001660216
2 6 11  0 100 0.076256776 0.374552402 0.402468543 0.144941887 0.001780392
2 7 11  0 100 0.073846985 0.371165368 0.401082249 0.151974954 0.001930444
2 8 11  0 100 0.072228667 0.365853902 0.403178381 0.156708805 0.002030244
2 9 11  0 100 0.070682016 0.363341768 0.401888321 0.161927528 0.002160367
2 10  11  0 100 0.070709799 0.358610411 0.400792222 0.167546913 0.002340655
2 11  11  0 100 0.071245674 0.354057893 0.401288283 0.170957611 0.002450539
2 12  11  0 100 0.075252576 0.348274482 0.401080324 0.172901871 0.002490747
2 13  11  0 100 0.077007712 0.346889785 0.398461646 0.175060264 0.002580594
2 14  11  0 100 0.075016752 0.3511116 0.396315668 0.174915742 0.002640238
2 15  11  0 100 0.072170826 0.356253438 0.394909236 0.173996099 0.002670401
2 16  11  0 100 0.075784399 0.366289595 0.384583071 0.170722437 0.002620498
2 17  11  0 100 0.080238024 0.382088209 0.371677168 0.163466347 0.002530253
2 18  11  0 100 0.083569193 0.403414376 0.354298973 0.156307194 0.002410265
2 19  11  0 100 0.086369865 0.421706993 0.341048441 0.148604179 0.002270522
2 20  11  0 100 0.089505061 0.441843716 0.32539111  0.141059497 0.002200616
2 21  11  0 100 0.094074111 0.453027954 0.314747212 0.135990399 0.002160324
2 22  11  0 100 0.09638024  0.464457536 0.309394973 0.127736825 0.002030426
2 23  11  0 100 0.094070696 0.479565504 0.303746824 0.120656544 0.001960431
2 24  11  0 100 0.092265685 0.490423372 0.301641279 0.113759339 0.001910325
2 25  11  0 100 0.09662546  0.493528965 0.302828453 0.105206833 0.00181029
2 26  11  0 100 0.096089609 0.495849585 0.306310631 0.099959996 0.001790179
2 27  11  0 100 0.093454298 0.501610419 0.308360174 0.094974693 0.001600416
2 28  11  0 100 0.092675022 0.505496484 0.309643604 0.090674482 0.001510408
2 29  11  0 100 0.096164041 0.504846212 0.308807202 0.088782196 0.00140035
2 30  11  0 100 0.091368274 0.507571514 0.3115023 0.088217644 0.001340268
2 31  11  0 100 0.089527162 0.509030722 0.310794864 0.089297144 0.001350108
2 32  11  0 100 0.090074412 0.504820771 0.312489998 0.091224596 0.001390222
2 33  11  0 100 0.096212129 0.501285296 0.309921282 0.091180972 0.001400322
2 34  11  0 100 0.100680136 0.498369674 0.309081816 0.090468094 0.00140028
2 35  11  0 100 0.119339835 0.484491123 0.303855964 0.090912728 0.00140035
2 36  11  0 100 0.120744149 0.483216643 0.30220044  0.092418484 0.001420284
2 37  11  0 100 0.10700033  0.501505286 0.298066633 0.091967474 0.001460277
2 38  11  0 100 0.096442538 0.512576635 0.299108884 0.09046176  0.001410183
2 39  11  0 100 0.093561227 0.51675201  0.297995759 0.090230828 0.001460175
2 40  11  0 100 0.099188846 0.511057101 0.299916984 0.088446805 0.001390264
2 41  11  0 100 0.093562455 0.50429103  0.309344243 0.09133192  0.001470353
2 42  11  0 100 0.086987397 0.496239248 0.320834167 0.094378876 0.001560312
2 43  11  0 100 0.082559907 0.482637917 0.334120094 0.099051886 0.001630196
2 44  11  0 100 0.08099486  0.468778127 0.346210773 0.102316139 0.001700102
2 45  11  0 100 0.081795541 0.454496354 0.356597754 0.105360018 0.001750333
2 46  11  0 100 0.086540385 0.441612994 0.360283234 0.109723167 0.001840221
2 47  11  0 100 0.084492813 0.432246707 0.365938803 0.115391156 0.001930521
2 48  11  0 100 0.087065672 0.424756456 0.36627593  0.119951591 0.001950351
2 49  11  0 100 0.097305569 0.413246119 0.361987918 0.125450072 0.002010322
2 50  11  0 100 0.098192946 0.408632259 0.359420783 0.131573947 0.002180065
2 51  11  0 100 0.088023521 0.415566623 0.357854314 0.136335453 0.002220089
2 52  11  0 100 0.079677968 0.420492049 0.353325333 0.143954395 0.002550255
2 53  11  0 100 0.072868217 0.423915979 0.35299825  0.147526882 0.002690673
2 54  11  0 100 0.070939222 0.423955114 0.354346065 0.148019243 0.002740356
2 55  11  0 100 0.072003681 0.420469889 0.355637571 0.148898291 0.002990568
2 56  11  0 100 0.074985999 0.414593167 0.357898632 0.149511961 0.003010241
2 57  11  0 100 0.075564357 0.40915774  0.361228633 0.151008692 0.003040578
2 58  11  0 100 0.070874884 0.413956931 0.362356095 0.149731444 0.003080647
2 59  11  0 100 0.071824365 0.409531906 0.365253051 0.15035007  0.003040608
2 60  11  0 100 0.083883487 0.401952547 0.362131397 0.149031729 0.00300084
2 61  11  0 100 0.08269075  0.399091882 0.364627402 0.150589577 0.00300039
2 62  11  0 100 0.079048972 0.400496119 0.366657998 0.15087621  0.002920701
2 63  11  0 100 0.076956161 0.403634763 0.365066664 0.151341782 0.00300063
2 64  11  0 100 0.071064924 0.408465778 0.3642865 0.153162164 0.003020634
2 65  11  0 100 0.069976794 0.408848124 0.364187405 0.153946947 0.00304073
2 66  11  0 100 0.072085138 0.40747557  0.363396313 0.15400234  0.003040639
2 67  11  0 100 0.074982747 0.40552894  0.362521629 0.153916166 0.003050519
2 68  11  0 100 0.077133912 0.407156218 0.358791225 0.153877702 0.003040943
2 69  11  0 100 0.073861818 0.415486478 0.355766923 0.1518743 0.003010482
2 70  11  0 100 0.073507351 0.416571657 0.355635564 0.151235124 0.003050305
2 71  11  0 100 0.073089502 0.422284897 0.352555832 0.14907938  0.002990389
2 72  11  0 100 0.070363518 0.424101205 0.353017651 0.149517476 0.00300015
2 73  11  0 100 0.074871231 0.422193329 0.35420313  0.145841876 0.002890434
2 74  11  0 100 0.085515393 0.413344402 0.353903703 0.144375988 0.002860515
2 75  11  0 100 0.08321749  0.420687862 0.351291616 0.141942775 0.002860257
2 76  11  0 100 0.076695339 0.423924785 0.354570914 0.141988398 0.002820564
2 77  11  0 100 0.076624559 0.430271752 0.351026695 0.139326472 0.002750523
2 78  11  0 100 0.085866315 0.422830338 0.35094668  0.137746172 0.002610496
2 79  11  0 100 0.087979678 0.421156327 0.350028503 0.138225205 0.002610287
2 80  11  0 100 0.084343495 0.424707953 0.349195871 0.139082253 0.002670427
# end survey length observations 
#  
# Fishery catch data 
# Number of observations, init_int Ncatch_obs
  720
# init_matrix obs_catch_biomass(1,Ncatch_obs,1,6) 
# Fleet	Area	Year	Species	Catch(biomass t)	CV 
1 1 1 1 0 0.05
1 1 2 1 0 0.05
1 1 3 1 0 0.05
1 1 4 1 0 0.05
1 1 5 1 0 0.05
1 1 6 1 0 0.05
1 1 7 1 0 0.05
1 1 8 1 0 0.05
1 1 9 1 0 0.05
1 1 10  1 0 0.05
1 1 11  1 0 0.05
1 1 12  1 0 0.05
1 1 13  1 0 0.05
1 1 14  1 0 0.05
1 1 15  1 0 0.05
1 1 16  1 3313171.028 0.05
1 1 17  1 2510320.57  0.05
1 1 18  1 1961079.208 0.05
1 1 19  1 1573985.121 0.05
1 1 20  1 1391284.775 0.05
1 1 21  1 1237867.699 0.05
1 1 22  1 1184279.295 0.05
1 1 23  1 1101208.198 0.05
1 1 24  1 1049935.019 0.05
1 1 25  1 1064078.741 0.05
1 1 26  1 1070478.863 0.05
1 1 27  1 1041369.121 0.05
1 1 28  1 1076785.217 0.05
1 1 29  1 1060847.589 0.05
1 1 30  1 1062449.592 0.05
1 1 31  1 1068863.4 0.05
1 1 32  1 1058749.894 0.05
1 1 33  1 1074122.641 0.05
1 1 34  1 1076127.829 0.05
1 1 35  1 1075160.411 0.05
1 1 36  1 1059693.02  0.05
1 1 37  1 1087680.146 0.05
1 1 38  1 1082104.346 0.05
1 1 39  1 1091752.378 0.05
1 1 40  1 1064243.668 0.05
1 1 41  1 454679.249  0.05
1 1 42  1 485730.9972 0.05
1 1 43  1 558156.2086 0.05
1 1 44  1 630416.959  0.05
1 1 45  1 706766.3256 0.05
1 1 46  1 762962.2973 0.05
1 1 47  1 809610.9434 0.05
1 1 48  1 864824.0192 0.05
1 1 49  1 891167.2879 0.05
1 1 50  1 891537.6164 0.05
1 1 51  1 901780.1471 0.05
1 1 52  1 923508.7215 0.05
1 1 53  1 937577.5169 0.05
1 1 54  1 946872.678  0.05
1 1 55  1 941789.8426 0.05
1 1 56  1 924554.1344 0.05
1 1 57  1 941335.156  0.05
1 1 58  1 938348.4194 0.05
1 1 59  1 926059.322  0.05
1 1 60  1 929517.316  0.05
1 1 61  1 912053.1364 0.05
1 1 62  1 914799.9248 0.05
1 1 63  1 929534.1656 0.05
1 1 64  1 902634.5287 0.05
1 1 65  1 918413.2829 0.05
1 1 66  1 1352216.231 0.05
1 1 67  1 1276630.925 0.05
1 1 68  1 1210534.357 0.05
1 1 69  1 1201074.764 0.05
1 1 70  1 1147234.809 0.05
1 1 71  1 1111256.601 0.05
1 1 72  1 1113352.72  0.05
1 1 73  1 1078008.639 0.05
1 1 74  1 1085033.741 0.05
1 1 75  1 1073728.091 0.05
1 1 76  1 1070132.495 0.05
1 1 77  1 1092294.029 0.05
1 1 78  1 1084450.728 0.05
1 1 79  1 1079269.755 0.05
1 1 80  1 1076191.534 0.05
1 1 1 2 0 0.05
1 1 2 2 0 0.05
1 1 3 2 0 0.05
1 1 4 2 0 0.05
1 1 5 2 0 0.05
1 1 6 2 0 0.05
1 1 7 2 0 0.05
1 1 8 2 0 0.05
1 1 9 2 0 0.05
1 1 10  2 0 0.05
1 1 11  2 0 0.05
1 1 12  2 0 0.05
1 1 13  2 0 0.05
1 1 14  2 0 0.05
1 1 15  2 0 0.05
1 1 16  2 244059.1845 0.05
1 1 17  2 148544.5109 0.05
1 1 18  2 228874.7718 0.05
1 1 19  2 232575.1913 0.05
1 1 20  2 198610.5858 0.05
1 1 21  2 202936.7889 0.05
1 1 22  2 246131.9377 0.05
1 1 23  2 280735.264  0.05
1 1 24  2 391288.6595 0.05
1 1 25  2 284455.6656 0.05
1 1 26  2 265562.2075 0.05
1 1 27  2 259093.1791 0.05
1 1 28  2 281758.8049 0.05
1 1 29  2 267808.3725 0.05
1 1 30  2 306785.2589 0.05
1 1 31  2 301618.798  0.05
1 1 32  2 305651.6543 0.05
1 1 33  2 284856.172  0.05
1 1 34  2 273487.1513 0.05
1 1 35  2 295690.163  0.05
1 1 36  2 251956.1494 0.05
1 1 37  2 287400.2143 0.05
1 1 38  2 273597.0522 0.05
1 1 39  2 323318.3387 0.05
1 1 40  2 291980.715  0.05
1 1 41  2 140375.272  0.05
1 1 42  2 132696.7526 0.05
1 1 43  2 100237.2561 0.05
1 1 44  2 89751.6184  0.05
1 1 45  2 86406.33601 0.05
1 1 46  2 95276.67668 0.05
1 1 47  2 84021.6379  0.05
1 1 48  2 79997.70071 0.05
1 1 49  2 99312.99245 0.05
1 1 50  2 105894.7495 0.05
1 1 51  2 109350.8681 0.05
1 1 52  2 73511.73435 0.05
1 1 53  2 106946.0125 0.05
1 1 54  2 108968.9699 0.05
1 1 55  2 93072.13393 0.05
1 1 56  2 111604.7097 0.05
1 1 57  2 96894.69856 0.05
1 1 58  2 153390.9275 0.05
1 1 59  2 131316.9999 0.05
1 1 60  2 112702.1549 0.05
1 1 61  2 114257.6271 0.05
1 1 62  2 144172.1664 0.05
1 1 63  2 117585.8775 0.05
1 1 64  2 116425.9916 0.05
1 1 65  2 101806.4877 0.05
1 1 66  2 147989.977  0.05
1 1 67  2 197361.6057 0.05
1 1 68  2 140968.5875 0.05
1 1 69  2 133971.7932 0.05
1 1 70  2 163422.4159 0.05
1 1 71  2 159639.8387 0.05
1 1 72  2 146528.0863 0.05
1 1 73  2 152160.7045 0.05
1 1 74  2 222007.4063 0.05
1 1 75  2 166874.6629 0.05
1 1 76  2 172105.8386 0.05
1 1 77  2 187361.8863 0.05
1 1 78  2 143719.3081 0.05
1 1 79  2 142981.9544 0.05
1 1 80  2 148423.9713 0.05
1 1 1 3 0 0.05
1 1 2 3 0 0.05
1 1 3 3 0 0.05
1 1 4 3 0 0.05
1 1 5 3 0 0.05
1 1 6 3 0 0.05
1 1 7 3 0 0.05
1 1 8 3 0 0.05
1 1 9 3 0 0.05
1 1 10  3 0 0.05
1 1 11  3 0 0.05
1 1 12  3 0 0.05
1 1 13  3 0 0.05
1 1 14  3 0 0.05
1 1 15  3 0 0.05
1 1 16  3 41498.84318 0.05
1 1 17  3 36036.56657 0.05
1 1 18  3 32957.20805 0.05
1 1 19  3 29709.843 0.05
1 1 20  3 28448.31839 0.05
1 1 21  3 26644.77286 0.05
1 1 22  3 25818.69584 0.05
1 1 23  3 25249.23605 0.05
1 1 24  3 24998.32139 0.05
1 1 25  3 24182.9194  0.05
1 1 26  3 23258.09112 0.05
1 1 27  3 23606.7825  0.05
1 1 28  3 23373.10417 0.05
1 1 29  3 22782.70252 0.05
1 1 30  3 22894.70336 0.05
1 1 31  3 22139.96816 0.05
1 1 32  3 21278.59655 0.05
1 1 33  3 21100.65794 0.05
1 1 34  3 20614.56728 0.05
1 1 35  3 20074.98764 0.05
1 1 36  3 20167.97891 0.05
1 1 37  3 19468.22791 0.05
1 1 38  3 19368.56431 0.05
1 1 39  3 19184.28801 0.05
1 1 40  3 19719.65818 0.05
1 1 41  3 7371.884287 0.05
1 1 42  3 7263.375331 0.05
1 1 43  3 7934.897643 0.05
1 1 44  3 8340.902568 0.05
1 1 45  3 8533.466719 0.05
1 1 46  3 8777.310387 0.05
1 1 47  3 9128.232935 0.05
1 1 48  3 9513.053493 0.05
1 1 49  3 9660.175258 0.05
1 1 50  3 9779.143235 0.05
1 1 51  3 9677.799666 0.05
1 1 52  3 9882.215431 0.05
1 1 53  3 10033.77294 0.05
1 1 54  3 10183.76743 0.05
1 1 55  3 10262.24976 0.05
1 1 56  3 10403.17871 0.05
1 1 57  3 10643.54459 0.05
1 1 58  3 10356.04508 0.05
1 1 59  3 10560.13472 0.05
1 1 60  3 10847.13656 0.05
1 1 61  3 10672.44557 0.05
1 1 62  3 10949.75585 0.05
1 1 63  3 10868.84779 0.05
1 1 64  3 11116.78849 0.05
1 1 65  3 11125.59817 0.05
1 1 66  3 16257.43318 0.05
1 1 67  3 16131.28696 0.05
1 1 68  3 15952.25503 0.05
1 1 69  3 15334.97685 0.05
1 1 70  3 15407.16352 0.05
1 1 71  3 15627.29484 0.05
1 1 72  3 15343.32767 0.05
1 1 73  3 15403.09052 0.05
1 1 74  3 15445.21752 0.05
1 1 75  3 15222.60791 0.05
1 1 76  3 15193.73797 0.05
1 1 77  3 15386.03411 0.05
1 1 78  3 15230.31091 0.05
1 1 79  3 15202.48824 0.05
1 1 80  3 15259.8455  0.05
1 1 1 4 0 0.05
1 1 2 4 0 0.05
1 1 3 4 0 0.05
1 1 4 4 0 0.05
1 1 5 4 0 0.05
1 1 6 4 0 0.05
1 1 7 4 0 0.05
1 1 8 4 0 0.05
1 1 9 4 0 0.05
1 1 10  4 0 0.05
1 1 11  4 0 0.05
1 1 12  4 0 0.05
1 1 13  4 0 0.05
1 1 14  4 0 0.05
1 1 15  4 0 0.05
1 1 16  4 483169.4832 0.05
1 1 17  4 416623.9578 0.05
1 1 18  4 304923.195  0.05
1 1 19  4 216373.8238 0.05
1 1 20  4 154809.161  0.05
1 1 21  4 113879.5189 0.05
1 1 22  4 88038.81227 0.05
1 1 23  4 71600.2676  0.05
1 1 24  4 66188.16612 0.05
1 1 25  4 58610.20425 0.05
1 1 26  4 47842.42872 0.05
1 1 27  4 39105.55448 0.05
1 1 28  4 33546.33296 0.05
1 1 29  4 31944.84801 0.05
1 1 30  4 63029.03518 0.05
1 1 31  4 239608.3759 0.05
1 1 32  4 420070.582  0.05
1 1 33  4 401376.1829 0.05
1 1 34  4 310505.0767 0.05
1 1 35  4 230383.8032 0.05
1 1 36  4 164608.5375 0.05
1 1 37  4 126569.2494 0.05
1 1 38  4 102115.7997 0.05
1 1 39  4 84218.97437 0.05
1 1 40  4 70363.50517 0.05
1 1 41  4 25389.18635 0.05
1 1 42  4 26160.9131  0.05
1 1 43  4 41164.25802 0.05
1 1 44  4 117502.1968 0.05
1 1 45  4 181177.1699 0.05
1 1 46  4 177066.2843 0.05
1 1 47  4 160501.9886 0.05
1 1 48  4 146280.3993 0.05
1 1 49  4 136650.489  0.05
1 1 50  4 171149.5963 0.05
1 1 51  4 191582.0268 0.05
1 1 52  4 183665.8101 0.05
1 1 53  4 168267.2556 0.05
1 1 54  4 154202.0741 0.05
1 1 55  4 142220.8843 0.05
1 1 56  4 132316.542  0.05
1 1 57  4 122068.3491 0.05
1 1 58  4 109925.5217 0.05
1 1 59  4 102793.0315 0.05
1 1 60  4 104015.7321 0.05
1 1 61  4 157448.0816 0.05
1 1 62  4 201680.1881 0.05
1 1 63  4 192770.0329 0.05
1 1 64  4 175101.186  0.05
1 1 65  4 152795.5558 0.05
1 1 66  4 190261.5527 0.05
1 1 67  4 154525.5092 0.05
1 1 68  4 138098.297  0.05
1 1 69  4 121949.9029 0.05
1 1 70  4 111939.5193 0.05
1 1 71  4 99471.86467 0.05
1 1 72  4 89295.4341  0.05
1 1 73  4 83125.70334 0.05
1 1 74  4 73157.97937 0.05
1 1 75  4 64198.04452 0.05
1 1 76  4 56888.87001 0.05
1 1 77  4 45116.91157 0.05
1 1 78  4 39532.66034 0.05
1 1 79  4 36161.62882 0.05
1 1 80  4 35489.16647 0.05
1 1 1 6 0 0.05
1 1 2 6 0 0.05
1 1 3 6 0 0.05
1 1 4 6 0 0.05
1 1 5 6 0 0.05
1 1 6 6 0 0.05
1 1 7 6 0 0.05
1 1 8 6 0 0.05
1 1 9 6 0 0.05
1 1 10  6 0 0.05
1 1 11  6 0 0.05
1 1 12  6 0 0.05
1 1 13  6 0 0.05
1 1 14  6 0 0.05
1 1 15  6 0 0.05
1 1 16  6 561309.6429 0.05
1 1 17  6 521607.7234 0.05
1 1 18  6 484839.7978 0.05
1 1 19  6 448963.8205 0.05
1 1 20  6 429088.4793 0.05
1 1 21  6 408109.6565 0.05
1 1 22  6 384685.8031 0.05
1 1 23  6 378028.0615 0.05
1 1 24  6 356465.8472 0.05
1 1 25  6 350238.3727 0.05
1 1 26  6 343794.6718 0.05
1 1 27  6 329756.3733 0.05
1 1 28  6 330040.216  0.05
1 1 29  6 324161.2101 0.05
1 1 30  6 321366.6402 0.05
1 1 31  6 316049.4283 0.05
1 1 32  6 322750.291  0.05
1 1 33  6 312564.8984 0.05
1 1 34  6 309902.1021 0.05
1 1 35  6 307590.3433 0.05
1 1 36  6 308206.1397 0.05
1 1 37  6 308418.4592 0.05
1 1 38  6 304789.9618 0.05
1 1 39  6 310547.0491 0.05
1 1 40  6 306543.7937 0.05
1 1 41  6 105478.602  0.05
1 1 42  6 111665.7766 0.05
1 1 43  6 117485.6795 0.05
1 1 44  6 121058.3852 0.05
1 1 45  6 125860.8086 0.05
1 1 46  6 129736.1161 0.05
1 1 47  6 134711.7098 0.05
1 1 48  6 134696.8195 0.05
1 1 49  6 139034.8541 0.05
1 1 50  6 139962.5854 0.05
1 1 51  6 142759.0586 0.05
1 1 52  6 148720.3128 0.05
1 1 53  6 151877.8784 0.05
1 1 54  6 152689.0305 0.05
1 1 55  6 151545.3086 0.05
1 1 56  6 151828.6759 0.05
1 1 57  6 149996.5865 0.05
1 1 58  6 155609.6195 0.05
1 1 59  6 154603.6868 0.05
1 1 60  6 152684.8585 0.05
1 1 61  6 155175.7059 0.05
1 1 62  6 153004.0296 0.05
1 1 63  6 156915.4475 0.05
1 1 64  6 155606.6881 0.05
1 1 65  6 153776.645  0.05
1 1 66  6 231642.5334 0.05
1 1 67  6 232402.124  0.05
1 1 68  6 234395.066  0.05
1 1 69  6 224569.8967 0.05
1 1 70  6 223106.1974 0.05
1 1 71  6 220107.1404 0.05
1 1 72  6 220273.8366 0.05
1 1 73  6 218138.5768 0.05
1 1 74  6 213423.8504 0.05
1 1 75  6 211886.9624 0.05
1 1 76  6 211959.7795 0.05
1 1 77  6 208390.6318 0.05
1 1 78  6 210628.5199 0.05
1 1 79  6 215607.1984 0.05
1 1 80  6 213535.649  0.05
1 1 1 7 472696.2938 0.05
1 1 2 7 467147.1068 0.05
1 1 3 7 481835.0354 0.05
1 1 4 7 479939.2864 0.05
1 1 5 7 477875.463  0.05
1 1 6 7 480007.1887 0.05
1 1 7 7 484649.1314 0.05
1 1 8 7 485653.0403 0.05
1 1 9 7 479061.8724 0.05
1 1 10  7 484416.8564 0.05
1 1 11  7 488927.718  0.05
1 1 12  7 481052.8905 0.05
1 1 13  7 479444.3376 0.05
1 1 14  7 477598.8833 0.05
1 1 15  7 473679.5614 0.05
1 1 16  7 1110910.066 0.05
1 1 17  7 775021.7477 0.05
1 1 18  7 676325.7805 0.05
1 1 19  7 634458.7632 0.05
1 1 20  7 621345.1296 0.05
1 1 21  7 610149.985  0.05
1 1 22  7 607713.1916 0.05
1 1 23  7 634319.6061 0.05
1 1 24  7 646501.6772 0.05
1 1 25  7 635893.7457 0.05
1 1 26  7 639985.9774 0.05
1 1 27  7 622187.7526 0.05
1 1 28  7 625971.0151 0.05
1 1 29  7 615354.0741 0.05
1 1 30  7 641475.6424 0.05
1 1 31  7 640390.9923 0.05
1 1 32  7 645008.281  0.05
1 1 33  7 620810.1644 0.05
1 1 34  7 622642.3729 0.05
1 1 35  7 636588.0672 0.05
1 1 36  7 624335.081  0.05
1 1 37  7 605665.0928 0.05
1 1 38  7 629625.0729 0.05
1 1 39  7 634979.0389 0.05
1 1 40  7 622271.1009 0.05
1 1 41  7 408151.5475 0.05
1 1 42  7 502644.6247 0.05
1 1 43  7 547504.0483 0.05
1 1 44  7 557214.9487 0.05
1 1 45  7 567071.7399 0.05
1 1 46  7 583996.5009 0.05
1 1 47  7 595916.999  0.05
1 1 48  7 598865.2526 0.05
1 1 49  7 599083.7959 0.05
1 1 50  7 607801.9608 0.05
1 1 51  7 610632.8841 0.05
1 1 52  7 591423.2778 0.05
1 1 53  7 601099.2826 0.05
1 1 54  7 612379.3395 0.05
1 1 55  7 603460.1959 0.05
1 1 56  7 600645.7995 0.05
1 1 57  7 596754.9298 0.05
1 1 58  7 588189.5784 0.05
1 1 59  7 598454.481  0.05
1 1 60  7 609325.7893 0.05
1 1 61  7 601227.028  0.05
1 1 62  7 613164.6202 0.05
1 1 63  7 588838.9075 0.05
1 1 64  7 603318.5212 0.05
1 1 65  7 599827.2711 0.05
1 1 66  7 684680.4235 0.05
1 1 67  7 647044.8903 0.05
1 1 68  7 641010.1956 0.05
1 1 69  7 613311.729  0.05
1 1 70  7 629562.7551 0.05
1 1 71  7 613976.6166 0.05
1 1 72  7 586242.4632 0.05
1 1 73  7 586622.5436 0.05
1 1 74  7 607034.9781 0.05
1 1 75  7 619451.4242 0.05
1 1 76  7 608826.9652 0.05
1 1 77  7 620721.2441 0.05
1 1 78  7 611236.3728 0.05
1 1 79  7 633183.0989 0.05
1 1 80  7 617521.8302 0.05
1 1 1 8 0 0.05
1 1 2 8 0 0.05
1 1 3 8 0 0.05
1 1 4 8 0 0.05
1 1 5 8 0 0.05
1 1 6 8 0 0.05
1 1 7 8 0 0.05
1 1 8 8 0 0.05
1 1 9 8 0 0.05
1 1 10  8 0 0.05
1 1 11  8 0 0.05
1 1 12  8 0 0.05
1 1 13  8 0 0.05
1 1 14  8 0 0.05
1 1 15  8 0 0.05
1 1 16  8 160012.1867 0.05
1 1 17  8 103113.2054 0.05
1 1 18  8 68406.19604 0.05
1 1 19  8 69986.48542 0.05
1 1 20  8 70754.3484  0.05
1 1 21  8 56358.02336 0.05
1 1 22  8 46233.37299 0.05
1 1 23  8 35399.29172 0.05
1 1 24  8 26935.47769 0.05
1 1 25  8 23378.81245 0.05
1 1 26  8 46179.21453 0.05
1 1 27  8 114409.4025 0.05
1 1 28  8 162393.0578 0.05
1 1 29  8 198834.6988 0.05
1 1 30  8 203187.6266 0.05
1 1 31  8 173091.5809 0.05
1 1 32  8 140504.4006 0.05
1 1 33  8 121471.9934 0.05
1 1 34  8 116989.5703 0.05
1 1 35  8 97786.17201 0.05
1 1 36  8 98427.02649 0.05
1 1 37  8 114796.1351 0.05
1 1 38  8 130093.0182 0.05
1 1 39  8 120780.6852 0.05
1 1 40  8 112157.3758 0.05
1 1 41  8 61114.41083 0.05
1 1 42  8 83618.10033 0.05
1 1 43  8 105054.823  0.05
1 1 44  8 116727.5019 0.05
1 1 45  8 118180.0544 0.05
1 1 46  8 111602.5594 0.05
1 1 47  8 109304.9733 0.05
1 1 48  8 99950.34058 0.05
1 1 49  8 92678.54854 0.05
1 1 50  8 87713.13852 0.05
1 1 51  8 85711.98303 0.05
1 1 52  8 95330.09459 0.05
1 1 53  8 157159.3204 0.05
1 1 54  8 240880.2648 0.05
1 1 55  8 265309.9601 0.05
1 1 56  8 229737.6744 0.05
1 1 57  8 188932.297  0.05
1 1 58  8 158910.0253 0.05
1 1 59  8 158471.5827 0.05
1 1 60  8 155046.52 0.05
1 1 61  8 131689.8138 0.05
1 1 62  8 113449.3533 0.05
1 1 63  8 106894.158  0.05
1 1 64  8 122100.0464 0.05
1 1 65  8 188886.2317 0.05
1 1 66  8 370001.3667 0.05
1 1 67  8 343181.5009 0.05
1 1 68  8 285177.0693 0.05
1 1 69  8 212641.9361 0.05
1 1 70  8 177445.0826 0.05
1 1 71  8 151372.7185 0.05
1 1 72  8 142885.943  0.05
1 1 73  8 126104.8067 0.05
1 1 74  8 104314.6721 0.05
1 1 75  8 96645.81938 0.05
1 1 76  8 141934.9471 0.05
1 1 77  8 299972.7364 0.05
1 1 78  8 511707.3981 0.05
1 1 79  8 622748.1352 0.05
1 1 80  8 575761.8953 0.05
1 1 1 10  0 0.05
1 1 2 10  0 0.05
1 1 3 10  0 0.05
1 1 4 10  0 0.05
1 1 5 10  0 0.05
1 1 6 10  0 0.05
1 1 7 10  0 0.05
1 1 8 10  0 0.05
1 1 9 10  0 0.05
1 1 10  10  0 0.05
1 1 11  10  0 0.05
1 1 12  10  0 0.05
1 1 13  10  0 0.05
1 1 14  10  0 0.05
1 1 15  10  0 0.05
1 1 16  10  453610.8863 0.05
1 1 17  10  400783.917  0.05
1 1 18  10  382935.7923 0.05
1 1 19  10  346564.6549 0.05
1 1 20  10  346851.9979 0.05
1 1 21  10  341784.8338 0.05
1 1 22  10  343386.5418 0.05
1 1 23  10  341660.5299 0.05
1 1 24  10  341134.6008 0.05
1 1 25  10  310534.8407 0.05
1 1 26  10  312828.3424 0.05
1 1 27  10  319538.5236 0.05
1 1 28  10  312252.7846 0.05
1 1 29  10  325402.2402 0.05
1 1 30  10  318139.2274 0.05
1 1 31  10  298660.2158 0.05
1 1 32  10  292533.876  0.05
1 1 33  10  304543.1497 0.05
1 1 34  10  313349.5852 0.05
1 1 35  10  304114.9297 0.05
1 1 36  10  315720.5347 0.05
1 1 37  10  312613.3434 0.05
1 1 38  10  310771.7353 0.05
1 1 39  10  305267.6489 0.05
1 1 40  10  292626.4611 0.05
1 1 41  10  115404.6098 0.05
1 1 42  10  117388.9708 0.05
1 1 43  10  122089.4796 0.05
1 1 44  10  121412.8163 0.05
1 1 45  10  124826.3461 0.05
1 1 46  10  128789.7132 0.05
1 1 47  10  126229.5024 0.05
1 1 48  10  125364.3279 0.05
1 1 49  10  137713.1469 0.05
1 1 50  10  137713.1103 0.05
1 1 51  10  131350.7932 0.05
1 1 52  10  137451.12 0.05
1 1 53  10  142024.1471 0.05
1 1 54  10  140769.0168 0.05
1 1 55  10  137728.2167 0.05
1 1 56  10  139033.4201 0.05
1 1 57  10  141342.36 0.05
1 1 58  10  145920.2899 0.05
1 1 59  10  144258.4083 0.05
1 1 60  10  139399.0095 0.05
1 1 61  10  143744.678  0.05
1 1 62  10  148378.2229 0.05
1 1 63  10  147887.9421 0.05
1 1 64  10  147824.1043 0.05
1 1 65  10  138621.9318 0.05
1 1 66  10  215843.8074 0.05
1 1 67  10  212010.7002 0.05
1 1 68  10  211009.1766 0.05
1 1 69  10  196896.5489 0.05
1 1 70  10  198596.0761 0.05
1 1 71  10  192990.4531 0.05
1 1 72  10  200977.8459 0.05
1 1 73  10  193000.9561 0.05
1 1 74  10  200715.1347 0.05
1 1 75  10  202692.048  0.05
1 1 76  10  200454.8475 0.05
1 1 77  10  200349.9721 0.05
1 1 78  10  197710.6057 0.05
1 1 79  10  198734.5483 0.05
1 1 80  10  203246.2779 0.05
1 1 1 11  0 0.05
1 1 2 11  0 0.05
1 1 3 11  0 0.05
1 1 4 11  0 0.05
1 1 5 11  0 0.05
1 1 6 11  0 0.05
1 1 7 11  0 0.05
1 1 8 11  0 0.05
1 1 9 11  0 0.05
1 1 10  11  0 0.05
1 1 11  11  0 0.05
1 1 12  11  0 0.05
1 1 13  11  0 0.05
1 1 14  11  0 0.05
1 1 15  11  0 0.05
1 1 16  11  2252409.191 0.05
1 1 17  11  2036547.63  0.05
1 1 18  11  1826682.243 0.05
1 1 19  11  1676310.14  0.05
1 1 20  11  1527247.802 0.05
1 1 21  11  1414179.537 0.05
1 1 22  11  1290879.636 0.05
1 1 23  11  1184699.722 0.05
1 1 24  11  1126834.581 0.05
1 1 25  11  1099089.368 0.05
1 1 26  11  1014701.667 0.05
1 1 27  11  978113.3056 0.05
1 1 28  11  945014.7505 0.05
1 1 29  11  919049.6191 0.05
1 1 30  11  908961.9824 0.05
1 1 31  11  893944.0875 0.05
1 1 32  11  898976.142  0.05
1 1 33  11  884578.8901 0.05
1 1 34  11  873807.4006 0.05
1 1 35  11  886289.9708 0.05
1 1 36  11  854800.8504 0.05
1 1 37  11  872506.1262 0.05
1 1 38  11  866451.8328 0.05
1 1 39  11  855290.4196 0.05
1 1 40  11  855750.2322 0.05
1 1 41  11  325219.8937 0.05
1 1 42  11  312737.9307 0.05
1 1 43  11  337645.1846 0.05
1 1 44  11  347852.9491 0.05
1 1 45  11  382380.2097 0.05
1 1 46  11  396343.5648 0.05
1 1 47  11  416684.8358 0.05
1 1 48  11  442278.2936 0.05
1 1 49  11  455239.7468 0.05
1 1 50  11  467731.2578 0.05
1 1 51  11  488743.5137 0.05
1 1 52  11  504900.9406 0.05
1 1 53  11  524280.5437 0.05
1 1 54  11  525446.9836 0.05
1 1 55  11  549070.7302 0.05
1 1 56  11  547946.7508 0.05
1 1 57  11  561743.1186 0.05
1 1 58  11  554737.5131 0.05
1 1 59  11  564398.5875 0.05
1 1 60  11  563981.7866 0.05
1 1 61  11  572442.9202 0.05
1 1 62  11  564377.786  0.05
1 1 63  11  570066.6281 0.05
1 1 64  11  579068.2401 0.05
1 1 65  11  580725.9104 0.05
1 1 66  11  877224.0148 0.05
1 1 67  11  864793.7716 0.05
1 1 68  11  855038.3639 0.05
1 1 69  11  855577.1348 0.05
1 1 70  11  829131.802  0.05
1 1 71  11  819787.1239 0.05
1 1 72  11  806778.939  0.05
1 1 73  11  813284.834  0.05
1 1 74  11  789022.4163 0.05
1 1 75  11  809002.3505 0.05
1 1 76  11  763104.0469 0.05
1 1 77  11  778635.9514 0.05
1 1 78  11  761539.6129 0.05
1 1 79  11  758891.3754 0.05
1 1 80  11  754080.2705 0.05
# end catch observations 
#  
# Fishery size comp data 
# Number of observations, init_int Ncatch_size_obs 
  608
# init_matrix obs_catch_size(1,Ncatch_size_obs,1,ncol) 
# Fleet Area  Year  Species Type (0=whole, 1=retained, 2=discard) InpN, proportion by size bin 
1 1 15  1 0 100 -999  0.028099174 0.557024793 0.414876033 -999
1 1 16  1 0 100 -999  0.027777778 0.52020202  0.450757576 0.001262626
1 1 17  1 0 100 -999  0.02804878  0.524390244 0.447560976 -999
1 1 18  1 0 100 -999  0.031707317 0.542682927 0.425609756 -999
1 1 19  1 0 100 -999  0.035151515 0.551515152 0.413333333 -999
1 1 20  1 0 100 -999  0.036144578 0.56746988  0.396385542 -999
1 1 21  1 0 100 -999  0.03410475  0.568818514 0.397076736 -999
1 1 22  1 0 100 -999  0.03649635  0.554744526 0.408759124 -999
1 1 23  1 0 100 -999  0.042944785 0.543558282 0.413496933 -999
1 1 24  1 0 100 -999  0.03874092  0.542372881 0.418886199 -999
1 1 25  1 0 100 -999  0.037691402 0.548881037 0.413427562 -999
1 1 26  1 0 100 -999  0.037667072 0.526123937 0.436208991 -999
1 1 27  1 0 100 -999  0.040914561 0.555956679 0.401925391 0.001203369
1 1 28  1 0 100 -999  0.041564792 0.526894866 0.430317848 0.001222494
1 1 29  1 0 100 -999  0.040572792 0.53699284  0.422434368 -999
1 1 30  1 0 100 -999  0.038323353 0.519760479 0.439520958 0.00239521
1 1 31  1 0 100 -999  0.038271605 0.537037037 0.42345679  0.001234568
1 1 32  1 0 100 -999  0.03699284  0.535799523 0.42601432  0.001193317
1 1 33  1 0 100 -999  0.039119804 0.539119804 0.420537897 0.001222494
1 1 34  1 0 100 -999  0.04211793  0.548736462 0.407942238 0.001203369
1 1 35  1 0 100 -999  0.037575758 0.52  0.44  0.002424242
1 1 36  1 0 100 -999  0.038557214 0.531094527 0.429104478 0.001243781
1 1 37  1 0 100 -999  0.03892944  0.53406326  0.425790754 0.001216545
1 1 38  1 0 100 -999  0.040189125 0.546099291 0.411347518 0.002364066
1 1 39  1 0 100 -999  0.038600724 0.546441496 0.412545235 0.002412545
1 1 40  1 0 100 -999  0.037621359 0.512135922 0.447815534 0.002427184
1 1 41  1 0 100 -999  0.038823529 0.518823529 0.442352941 -999
1 1 42  1 0 100 -999  0.034313725 0.479166667 0.484068627 0.00245098
1 1 43  1 0 100 -999  0.03125 0.46  0.50375 0.005
1 1 44  1 0 100 -999  0.031668697 0.460414129 0.500609013 0.007308161
1 1 45  1 0 100 -999  0.030864198 0.44691358  0.516049383 0.00617284
1 1 46  1 0 100 -999  0.036945813 0.444581281 0.513546798 0.004926108
1 1 47  1 0 100 -999  0.02853598  0.434243176 0.53101737  0.006203474
1 1 48  1 0 100 -999  0.026666667 0.419393939 0.547878788 0.006060606
1 1 49  1 0 100 -999  0.031806616 0.435114504 0.527989822 0.005089059
1 1 50  1 0 100 -999  0.030826141 0.437731196 0.526510481 0.004932182
1 1 51  1 0 100 -999  0.027194067 0.431396786 0.533992583 0.007416564
1 1 52  1 0 100 -999  0.030674847 0.439263804 0.525153374 0.004907975
1 1 53  1 0 100 -999  0.025031289 0.440550688 0.530663329 0.003754693
1 1 54  1 0 100 -999  0.029411765 0.441176471 0.528186275 0.00122549
1 1 55  1 0 100 -999  0.029520295 0.439114391 0.526445264 0.004920049
1 1 56  1 0 100 -999  0.030978934 0.436183395 0.527881041 0.004956629
1 1 57  1 0 100 -999  0.027127004 0.429099877 0.541307028 0.002466091
1 1 58  1 0 100 -999  0.026960784 0.43995098  0.529411765 0.003676471
1 1 59  1 0 100 -999  0.029375765 0.454100367 0.512851897 0.003671971
1 1 60  1 0 100 -999  0.031486146 0.457178841 0.508816121 0.002518892
1 1 61  1 0 100 -999  0.033694344 0.475330927 0.487364621 0.003610108
1 1 62  1 0 100 -999  0.026683609 0.444726811 0.524777637 0.003811944
1 1 63  1 0 100 -999  0.029447853 0.43803681  0.53006135  0.002453988
1 1 64  1 0 100 -999  0.022277228 0.455445545 0.51980198  0.002475248
1 1 65  1 0 100 -999  0.03190184  0.435582822 0.53006135  0.002453988
1 1 66  1 0 100 -999  0.02661597  0.446134347 0.523447402 0.003802281
1 1 67  1 0 100 -999  0.02739726  0.455790785 0.515566625 0.00124533
1 1 68  1 0 100 -999  0.033374536 0.467243511 0.494437577 0.004944376
1 1 69  1 0 100 -999  0.028915663 0.465060241 0.501204819 0.004819277
1 1 70  1 0 100 -999  0.029850746 0.457711443 0.508706468 0.003731343
1 1 71  1 0 100 -999  0.029739777 0.473358116 0.494423792 0.002478315
1 1 72  1 0 100 -999  0.031707317 0.486585366 0.481707317 -999
1 1 73  1 0 100 -999  0.034939759 0.477108434 0.487951807 -999
1 1 74  1 0 100 -999  0.035151515 0.467878788 0.494545455 0.002424242
1 1 75  1 0 100 -999  0.02673147  0.469015796 0.500607533 0.0036452
1 1 76  1 0 100 -999  0.036674817 0.447432763 0.512224939 0.003667482
1 1 77  1 0 100 -999  0.03190184  0.463803681 0.500613497 0.003680982
1 1 78  1 0 100 -999  0.029850746 0.471393035 0.497512438 0.001243781
1 1 79  1 0 100 -999  0.03190184  0.483435583 0.482208589 0.002453988
1 1 80  1 0 100 -999  0.029904306 0.460526316 0.507177033 0.002392344
1 1 15  2 0 100 0.003759398 0.357142857 0.587719298 0.051378446 -999
1 1 16  2 0 100 0.003015075 0.250251256 0.620100503 0.126633166 -999
1 1 17  2 0 100 0.003018109 0.294768612 0.615694165 0.086519115 -999
1 1 18  2 0 100 0.004032258 0.26108871  0.638104839 0.096774194 -999
1 1 19  2 0 100 0.003021148 0.271903323 0.63041289  0.094662638 -999
1 1 20  2 0 100 0.003015075 0.259296482 0.634170854 0.103517588 -999
1 1 21  2 0 100 0.003030303 0.270707071 0.632323232 0.093939394 -999
1 1 22  2 0 100 0.004004004 0.27027027  0.638638639 0.087087087 -999
1 1 23  2 0 100 0.003027245 0.287588295 0.634712412 0.074672048 -999
1 1 24  2 0 100 0.003012048 0.243975904 0.628514056 0.124497992 -999
1 1 25  2 0 100 0.003021148 0.275931521 0.629405841 0.09164149  -999
1 1 26  2 0 100 0.003018109 0.27665996  0.6277666 0.092555332 -999
1 1 27  2 0 100 0.004032258 0.284274194 0.619959677 0.091733871 -999
1 1 28  2 0 100 0.003021148 0.271903323 0.63141994  0.093655589 -999
1 1 29  2 0 100 0.003021148 0.272910373 0.639476334 0.084592145 -999
1 1 30  2 0 100 0.003021148 0.26082578  0.641490433 0.094662638 -999
1 1 31  2 0 100 0.004032258 0.274193548 0.631048387 0.090725806 -999
1 1 32  2 0 100 0.003012048 0.271084337 0.63253012  0.093373494 -999
1 1 33  2 0 100 0.003024194 0.276209677 0.632056452 0.088709677 -999
1 1 34  2 0 100 0.004 0.285 0.634 0.077 -999
1 1 35  2 0 100 0.003039514 0.265450861 0.62816616  0.103343465 -999
1 1 36  2 0 100 0.004032258 0.288306452 0.621975806 0.085685484 -999
1 1 37  2 0 100 0.003018109 0.266599598 0.635814889 0.094567404 -999
1 1 38  2 0 100 0.003021148 0.283987915 0.629405841 0.083585096 -999
1 1 39  2 0 100 0.003024194 0.259072581 0.637096774 0.100806452 -999
1 1 40  2 0 100 0.004032258 0.284274194 0.637096774 0.074596774 -999
1 1 41  2 0 100 0.003021148 0.264853978 0.648539778 0.083585096 -999
1 1 42  2 0 100 0.003021148 0.24672709  0.624370594 0.125881168 -999
1 1 43  2 0 100 0.003030303 0.257575758 0.634343434 0.105050505 -999
1 1 44  2 0 100 0.004040404 0.274747475 0.637373737 0.083838384 -999
1 1 45  2 0 100 0.003030303 0.281818182 0.631313131 0.083838384 -999
1 1 46  2 0 100 0.003021148 0.264853978 0.625377644 0.106747231 -999
1 1 47  2 0 100 0.003033367 0.269969666 0.6380182 0.088978766 -999
1 1 48  2 0 100 0.004052685 0.279635258 0.634245187 0.082066869 -999
1 1 49  2 0 100 0.003018109 0.261569416 0.637826962 0.097585513 -999
1 1 50  2 0 100 0.003012048 0.270080321 0.628514056 0.098393574 -999
1 1 51  2 0 100 0.003033367 0.259858443 0.609706775 0.127401416 -999
1 1 52  2 0 100 0.003018109 0.290744467 0.626760563 0.079476861 -999
1 1 53  2 0 100 0.003015075 0.271356784 0.633165829 0.092462312 -999
1 1 54  2 0 100 0.003024194 0.260080645 0.639112903 0.097782258 -999
1 1 55  2 0 100 0.004032258 0.284274194 0.622983871 0.088709677 -999
1 1 56  2 0 100 0.003018109 0.262575453 0.630784708 0.10362173  -999
1 1 57  2 0 100 0.003012048 0.277108434 0.638554217 0.081325301 -999
1 1 58  2 0 100 0.003015075 0.250251256 0.634170854 0.112562814 -999
1 1 59  2 0 100 0.003024194 0.27016129  0.618951613 0.107862903 -999
1 1 60  2 0 100 0.003018109 0.26861167  0.641851107 0.086519115 -999
1 1 61  2 0 100 0.003018109 0.261569416 0.638832998 0.096579477 -999
1 1 62  2 0 100 0.003024194 0.255040323 0.638104839 0.103830645 -999
1 1 63  2 0 100 0.003006012 0.270541082 0.625250501 0.101202405 -999
1 1 64  2 0 100 0.003033367 0.253791709 0.621840243 0.121334681 -999
1 1 65  2 0 100 0.004028197 0.274924471 0.629405841 0.09164149  -999
1 1 66  2 0 100 0.004032258 0.284274194 0.635080645 0.076612903 -999
1 1 67  2 0 100 0.003033367 0.250758342 0.627906977 0.118301314 -999
1 1 68  2 0 100 0.003015075 0.269346734 0.621105528 0.106532663 -999
1 1 69  2 0 100 0.003012048 0.276104418 0.63253012  0.088353414 -999
1 1 70  2 0 100 0.003033367 0.266936299 0.6380182 0.092012133 -999
1 1 71  2 0 100 0.004024145 0.265593561 0.623742455 0.106639839 -999
1 1 72  2 0 100 0.003030303 0.268686869 0.633333333 0.094949495 -999
1 1 73  2 0 100 0.004040404 0.283838384 0.631313131 0.080808081 -999
1 1 74  2 0 100 0.003018109 0.248490946 0.61971831  0.128772636 -999
1 1 75  2 0 100 0.003030303 0.270707071 0.621212121 0.105050505 -999
1 1 76  2 0 100 0.003024194 0.273185484 0.633064516 0.090725806 -999
1 1 77  2 0 100 0.003024194 0.258064516 0.625 0.11391129  -999
1 1 78  2 0 100 0.004016064 0.27811245  0.62248996  0.095381526 -999
1 1 79  2 0 100 0.003012048 0.266064257 0.63253012  0.098393574 -999
1 1 80  2 0 100 0.003015075 0.263316583 0.627135678 0.106532663 -999
1 1 15  3 0 100 -999  -999  0.016157989 0.824057451 0.15978456
1 1 16  3 0 100 -999  -999  0.02892562  0.856749311 0.114325069
1 1 17  3 0 100 -999  -999  0.032670455 0.855113636 0.112215909
1 1 18  3 0 100 -999  -999  0.037463977 0.867435159 0.095100865
1 1 19  3 0 100 -999  -999  0.037868163 0.863955119 0.098176718
1 1 20  3 0 100 -999  -999  0.043478261 0.869565217 0.086956522
1 1 21  3 0 100 -999  -999  0.040446304 0.870292887 0.089260809
1 1 22  3 0 100 -999  -999  0.042372881 0.868644068 0.088983051
1 1 23  3 0 100 -999  -999  0.043971631 0.869503546 0.086524823
1 1 24  3 0 100 -999  -999  0.04558011  0.879834254 0.074585635
1 1 25  3 0 100 -999  -999  0.03861518  0.868175766 0.093209055
1 1 26  3 0 100 -999  -999  0.037634409 0.864247312 0.09811828
1 1 27  3 0 100 -999  -999  0.034965035 0.864335664 0.100699301
1 1 28  3 0 100 -999  -999  0.03070761  0.863818425 0.105473965
1 1 29  3 0 100 -999  -999  0.030144168 0.845347313 0.124508519
1 1 30  3 0 100 -999  -999  0.026560425 0.860557769 0.112881806
1 1 31  3 0 100 -999  -999  0.027586207 0.859310345 0.113103448
1 1 32  3 0 100 -999  -999  0.029661017 0.846045198 0.124293785
1 1 33  3 0 100 -999  -999  0.029947917 0.84765625  0.122395833
1 1 34  3 0 100 -999  -999  0.033103448 0.851034483 0.115862069
1 1 35  3 0 100 -999  -999  0.036144578 0.872824632 0.09103079
1 1 36  3 0 100 -999  -999  0.042016807 0.868347339 0.089635854
1 1 37  3 0 100 -999  -999  0.038043478 0.860054348 0.101902174
1 1 38  3 0 100 -999  -999  0.038408779 0.860082305 0.101508916
1 1 39  3 0 100 -999  -999  0.04040404  0.858585859 0.101010101
1 1 40  3 0 100 -999  -999  0.03601108  0.864265928 0.099722992
1 1 41  3 0 100 -999  -999  0.036111111 0.841666667 0.122222222
1 1 42  3 0 100 -999  -999  0.02745098  0.858823529 0.11372549
1 1 43  3 0 100 -999  -999  0.023407022 0.851755527 0.124837451
1 1 44  3 0 100 -999  -999  0.022280472 0.847968545 0.129750983
1 1 45  3 0 100 -999  -999  0.021304927 0.849533955 0.129161119
1 1 46  3 0 100 -999  -999  0.02247191  0.842696629 0.134831461
1 1 47  3 0 100 -999  -999  0.024739583 0.811197917 0.1640625
1 1 48  3 0 100 -999  -999  0.018817204 0.856182796 0.125
1 1 49  3 0 100 -999  -999  0.025568182 0.853693182 0.120738636
1 1 50  3 0 100 -999  -999  0.030390738 0.86975398  0.099855282
1 1 51  3 0 100 -999  -999  0.02811245  0.844712182 0.127175368
1 1 52  3 0 100 -999  -999  0.026685393 0.848314607 0.125
1 1 53  3 0 100 -999  -999  0.028735632 0.864942529 0.106321839
1 1 54  3 0 100 -999  -999  0.030129125 0.859397418 0.110473458
1 1 55  3 0 100 -999  -999  0.03230148  0.849259758 0.118438762
1 1 56  3 0 100 -999  -999  0.032531825 0.867043847 0.100424328
1 1 57  3 0 100 -999  -999  0.035161744 0.852320675 0.112517581
1 1 58  3 0 100 -999  -999  0.026986507 0.857571214 0.115442279
1 1 59  3 0 100 -999  -999  0.03070761  0.857142857 0.112149533
1 1 60  3 0 100 -999  -999  0.029282577 0.879941435 0.090775988
1 1 61  3 0 100 -999  -999  0.03264095  0.862017804 0.105341246
1 1 62  3 0 100 -999  -999  0.023943662 0.843661972 0.132394366
1 1 63  3 0 100 -999  -999  0.023448276 0.849655172 0.126896552
1 1 64  3 0 100 -999  -999  0.022695035 0.85248227  0.124822695
1 1 65  3 0 100 -999  -999  0.027063599 0.856562923 0.116373478
1 1 66  3 0 100 -999  -999  0.026874116 0.85572843  0.117397454
1 1 67  3 0 100 -999  -999  0.027894003 0.846582985 0.125523013
1 1 68  3 0 100 -999  -999  0.027137042 0.867028494 0.105834464
1 1 69  3 0 100 -999  -999  0.025280899 0.846910112 0.127808989
1 1 70  3 0 100 -999  -999  0.030013643 0.855388813 0.114597544
1 1 71  3 0 100 -999  -999  0.027894003 0.863319386 0.108786611
1 1 72  3 0 100 -999  -999  0.025641026 0.849002849 0.125356125
1 1 73  3 0 100 -999  -999  0.032033426 0.863509749 0.104456825
1 1 74  3 0 100 -999  -999  0.029829545 0.849431818 0.120738636
1 1 75  3 0 100 -999  -999  0.028846154 0.851648352 0.119505495
1 1 76  3 0 100 -999  -999  0.024967148 0.837056505 0.137976347
1 1 77  3 0 100 -999  -999  0.020833333 0.849702381 0.129464286
1 1 78  3 0 100 -999  -999  0.024896266 0.842323651 0.132780083
1 1 79  3 0 100 -999  -999  0.02259887  0.834745763 0.142655367
1 1 80  3 0 100 -999  -999  0.02259887  0.848870056 0.128531073
1 1 15  4 0 100 -999  -999  0.683309558 0.316690442 -999
1 1 16  4 0 100 -999  0.001082251 0.727272727 0.271645022 -999
1 1 17  4 0 100 -999  -999  0.68700565  0.31299435  -999
1 1 18  4 0 100 -999  -999  0.664018161 0.335981839 -999
1 1 19  4 0 100 -999  -999  0.643529412 0.356470588 -999
1 1 20  4 0 100 -999  -999  0.603174603 0.396825397 -999
1 1 21  4 0 100 -999  -999  0.655413271 0.344586729 -999
1 1 22  4 0 100 -999  -999  0.739742087 0.260257913 -999
1 1 23  4 0 100 -999  -999  0.786885246 0.213114754 -999
1 1 24  4 0 100 -999  -999  0.774712644 0.225287356 -999
1 1 25  4 0 100 -999  -999  0.753739931 0.246260069 -999
1 1 26  4 0 100 -999  -999  0.72960373  0.27039627  -999
1 1 27  4 0 100 -999  -999  0.717948718 0.282051282 -999
1 1 28  4 0 100 -999  0.040133779 0.760312152 0.199554069 -999
1 1 29  4 0 100 -999  0.054748603 0.875977654 0.069273743 -999
1 1 30  4 0 100 -999  0.024704619 0.961331901 0.01396348  -999
1 1 31  4 0 100 -999  0.002081165 0.925078044 0.072840791 -999
1 1 32  4 0 100 -999  -999  0.854014599 0.145985401 -999
1 1 33  4 0 100 -999  -999  0.782654127 0.217345873 -999
1 1 34  4 0 100 -999  -999  0.722457627 0.277542373 -999
1 1 35  4 0 100 -999  -999  0.672650475 0.327349525 -999
1 1 36  4 0 100 -999  -999  0.632135307 0.367864693 -999
1 1 37  4 0 100 -999  -999  0.630785791 0.369214209 -999
1 1 38  4 0 100 -999  -999  0.598913043 0.401086957 -999
1 1 39  4 0 100 -999  -999  0.636766334 0.363233666 -999
1 1 40  4 0 100 -999  -999  0.687991021 0.312008979 -999
1 1 41  4 0 100 -999  0.008898776 0.741935484 0.24916574  -999
1 1 42  4 0 100 -999  0.020338983 0.874576271 0.105084746 -999
1 1 43  4 0 100 -999  0.010055866 0.955307263 0.034636872 -999
1 1 44  4 0 100 -999  0.001085776 0.905537459 0.093376764 -999
1 1 45  4 0 100 -999  -999  0.843412527 0.156587473 -999
1 1 46  4 0 100 -999  -999  0.796943231 0.203056769 -999
1 1 47  4 0 100 -999  -999  0.733844469 0.266155531 -999
1 1 48  4 0 100 -999  0.002202643 0.697136564 0.300660793 -999
1 1 49  4 0 100 -999  0.001097695 0.732162459 0.266739846 -999
1 1 50  4 0 100 -999  -999  0.751633987 0.248366013 -999
1 1 51  4 0 100 -999  -999  0.707726764 0.292273236 -999
1 1 52  4 0 100 -999  -999  0.642303433 0.357696567 -999
1 1 53  4 0 100 -999  -999  0.601789709 0.398210291 -999
1 1 54  4 0 100 -999  -999  0.572869955 0.427130045 -999
1 1 55  4 0 100 -999  -999  0.551724138 0.448275862 -999
1 1 56  4 0 100 -999  -999  0.506373117 0.493626883 -999
1 1 57  4 0 100 -999  -999  0.510273973 0.489726027 -999
1 1 58  4 0 100 -999  0.003397508 0.520951302 0.475651189 -999
1 1 59  4 0 100 -999  0.005714286 0.669714286 0.324571429 -999
1 1 60  4 0 100 -999  0.002283105 0.826484018 0.171232877 -999
1 1 61  4 0 100 -999  -999  0.848623853 0.151376147 -999
1 1 62  4 0 100 -999  -999  0.800683371 0.199316629 -999
1 1 63  4 0 100 -999  -999  0.730639731 0.269360269 -999
1 1 64  4 0 100 -999  -999  0.6875  0.3125  -999
1 1 65  4 0 100 -999  -999  0.642191142 0.357808858 -999
1 1 66  4 0 100 -999  -999  0.589622642 0.410377358 -999
1 1 67  4 0 100 -999  -999  0.550111359 0.449888641 -999
1 1 68  4 0 100 -999  -999  0.529142857 0.470857143 -999
1 1 69  4 0 100 -999  -999  0.520689655 0.479310345 -999
1 1 70  4 0 100 -999  -999  0.535307517 0.464692483 -999
1 1 71  4 0 100 -999  -999  0.556689342 0.443310658 -999
1 1 72  4 0 100 -999  -999  0.556831228 0.443168772 -999
1 1 73  4 0 100 -999  -999  0.564013841 0.435986159 -999
1 1 74  4 0 100 -999  -999  0.542491269 0.455180442 0.002328289
1 1 75  4 0 100 -999  -999  0.592 0.405714286 0.002285714
1 1 76  4 0 100 -999  -999  0.640134529 0.358744395 0.001121076
1 1 77  4 0 100 -999  -999  0.723183391 0.276816609 -999
1 1 78  4 0 100 -999  -999  0.720454545 0.279545455 -999
1 1 79  4 0 100 -999  -999  0.722158439 0.277841561 -999
1 1 80  4 0 100 -999  -999  0.709529277 0.290470723 -999
1 1 15  6 0 100 -999  0.168975069 0.523545706 0.307479224 -999
1 1 16  6 0 100 -999  0.173441734 0.506775068 0.319783198 -999
1 1 17  6 0 100 -999  0.183333333 0.561111111 0.255555556 -999
1 1 18  6 0 100 -999  0.179347826 0.529891304 0.29076087  -999
1 1 19  6 0 100 -999  0.212938005 0.490566038 0.296495957 -999
1 1 20  6 0 100 -999  0.179836512 0.525885559 0.294277929 -999
1 1 21  6 0 100 -999  0.214285714 0.53021978  0.255494505 -999
1 1 22  6 0 100 -999  0.201680672 0.565826331 0.232492997 -999
1 1 23  6 0 100 -999  0.184065934 0.582417582 0.233516484 -999
1 1 24  6 0 100 -999  0.191135734 0.567867036 0.24099723  -999
1 1 25  6 0 100 -999  0.227027027 0.513513514 0.259459459 -999
1 1 26  6 0 100 -999  0.226415094 0.555256065 0.218328841 -999
1 1 27  6 0 100 -999  0.214092141 0.593495935 0.192411924 -999
1 1 28  6 0 100 -999  0.210958904 0.58630137  0.202739726 -999
1 1 29  6 0 100 -999  0.205555556 0.6 0.194444444 -999
1 1 30  6 0 100 -999  0.214876033 0.595041322 0.190082645 -999
1 1 31  6 0 100 -999  0.207650273 0.609289617 0.183060109 -999
1 1 32  6 0 100 -999  0.210382514 0.56557377  0.224043716 -999
1 1 33  6 0 100 -999  0.180055402 0.609418283 0.210526316 -999
1 1 34  6 0 100 -999  0.27520436  0.558583106 0.166212534 -999
1 1 35  6 0 100 -999  0.230769231 0.57967033  0.18956044  -999
1 1 36  6 0 100 -999  0.234972678 0.584699454 0.180327869 -999
1 1 37  6 0 100 -999  0.217158177 0.533512064 0.249329759 -999
1 1 38  6 0 100 -999  0.212121212 0.592286501 0.195592287 -999
1 1 39  6 0 100 -999  0.215053763 0.575268817 0.209677419 -999
1 1 40  6 0 100 -999  0.20718232  0.571823204 0.220994475 -999
1 1 41  6 0 100 -999  0.193370166 0.571823204 0.23480663  -999
1 1 42  6 0 100 -999  0.208672087 0.569105691 0.222222222 -999
1 1 43  6 0 100 -999  0.184065934 0.582417582 0.233516484 -999
1 1 44  6 0 100 -999  0.185983827 0.582210243 0.23180593  -999
1 1 45  6 0 100 -999  0.206043956 0.541208791 0.252747253 -999
1 1 46  6 0 100 -999  0.203856749 0.55922865  0.236914601 -999
1 1 47  6 0 100 -999  0.137741047 0.61707989  0.245179063 -999
1 1 48  6 0 100 -999  0.213513514 0.554054054 0.232432432 -999
1 1 49  6 0 100 -999  0.211111111 0.597222222 0.191666667 -999
1 1 50  6 0 100 -999  0.212707182 0.585635359 0.201657459 -999
1 1 51  6 0 100 -999  0.163538874 0.619302949 0.217158177 -999
1 1 52  6 0 100 -999  0.184986595 0.54155496  0.273458445 -999
1 1 53  6 0 100 -999  0.173295455 0.590909091 0.235795455 -999
1 1 54  6 0 100 -999  0.189333333 0.533333333 0.277333333 -999
1 1 55  6 0 100 -999  0.1875  0.565217391 0.247282609 -999
1 1 56  6 0 100 -999  0.190735695 0.539509537 0.269754768 -999
1 1 57  6 0 100 -999  0.195054945 0.554945055 0.25  -999
1 1 58  6 0 100 -999  0.18579235  0.557377049 0.256830601 -999
1 1 59  6 0 100 -999  0.194444444 0.552777778 0.252777778 -999
1 1 60  6 0 100 -999  0.208219178 0.547945205 0.243835616 -999
1 1 61  6 0 100 -999  0.170798898 0.564738292 0.26446281  -999
1 1 62  6 0 100 -999  0.151098901 0.585164835 0.263736264 -999
1 1 63  6 0 100 -999  0.171348315 0.556179775 0.27247191  -999
1 1 64  6 0 100 -999  0.184782609 0.576086957 0.239130435 -999
1 1 65  6 0 100 -999  0.20498615  0.551246537 0.243767313 -999
1 1 66  6 0 100 -999  0.191780822 0.536986301 0.271232877 -999
1 1 67  6 0 100 -999  0.188365651 0.565096953 0.246537396 -999
1 1 68  6 0 100 -999  0.184065934 0.565934066 0.25  -999
1 1 69  6 0 100 -999  0.221288515 0.537815126 0.240896359 -999
1 1 70  6 0 100 -999  0.177777778 0.538888889 0.283333333 -999
1 1 71  6 0 100 -999  0.171662125 0.555858311 0.272479564 -999
1 1 72  6 0 100 -999  0.225274725 0.510989011 0.263736264 -999
1 1 73  6 0 100 -999  0.176470588 0.558823529 0.264705882 -999
1 1 74  6 0 100 -999  0.176470588 0.551820728 0.271708683 -999
1 1 75  6 0 100 -999  0.202777778 0.55  0.247222222 -999
1 1 76  6 0 100 -999  0.210526316 0.551246537 0.238227147 -999
1 1 77  6 0 100 -999  0.222222222 0.533875339 0.243902439 -999
1 1 78  6 0 100 -999  0.185676393 0.559681698 0.25464191  -999
1 1 79  6 0 100 -999  0.210084034 0.546218487 0.243697479 -999
1 1 80  6 0 100 -999  0.225626741 0.52367688  0.250696379 -999
1 1 1 7 0 100 -999  -999  0.06741573  0.857303371 0.075280899
1 1 2 7 0 100 -999  -999  0.061383929 0.859375  0.079241071
1 1 3 7 0 100 -999  -999  0.059536935 0.864388093 0.076074972
1 1 4 7 0 100 -999  -999  0.06440678  0.854237288 0.081355932
1 1 5 7 0 100 -999  -999  0.072413793 0.847126437 0.08045977
1 1 6 7 0 100 -999  -999  0.066069429 0.856662934 0.077267637
1 1 7 7 0 100 -999  -999  0.063973064 0.852974186 0.08305275
1 1 8 7 0 100 -999  -999  0.061659193 0.853139013 0.085201794
1 1 9 7 0 100 -999  -999  0.059800664 0.856035437 0.084163898
1 1 10  7 0 100 -999  -999  0.058486239 0.849770642 0.091743119
1 1 11  7 0 100 -999  -999  0.053631285 0.851396648 0.094972067
1 1 12  7 0 100 -999  -999  0.05518018  0.85472973  0.09009009
1 1 13  7 0 100 -999  -999  0.059633028 0.854357798 0.086009174
1 1 14  7 0 100 -999  -999  0.06812933  0.849884527 0.081986143
1 1 15  7 0 100 -999  -999  0.083333333 0.841549296 0.075117371
1 1 16  7 0 100 -999  -999  0.105145414 0.842281879 0.052572707
1 1 17  7 0 100 -999  -999  0.126213592 0.839266451 0.034519957
1 1 18  7 0 100 -999  -999  0.124341412 0.845100105 0.030558483
1 1 19  7 0 100 -999  -999  0.115789474 0.850526316 0.033684211
1 1 20  7 0 100 -999  -999  0.110526316 0.854736842 0.034736842
1 1 21  7 0 100 -999  -999  0.095287958 0.863874346 0.040837696
1 1 22  7 0 100 -999  -999  0.092037229 0.860392968 0.047569804
1 1 23  7 0 100 -999  -999  0.090441932 0.861253854 0.048304214
1 1 24  7 0 100 -999  -999  0.080543933 0.864016736 0.055439331
1 1 25  7 0 100 -999  -999  0.073422958 0.860392968 0.066184074
1 1 26  7 0 100 -999  -999  0.076519916 0.860587002 0.062893082
1 1 27  7 0 100 -999  -999  0.079249218 0.856100104 0.064650678
1 1 28  7 0 100 -999  -999  0.084375  0.857291667 0.058333333
1 1 29  7 0 100 -999  -999  0.084536082 0.856701031 0.058762887
1 1 30  7 0 100 -999  -999  0.075335397 0.861713106 0.062951496
1 1 31  7 0 100 -999  -999  0.072689512 0.860851506 0.066458982
1 1 32  7 0 100 -999  -999  0.081527348 0.853457172 0.06501548
1 1 33  7 0 100 -999  -999  0.093555094 0.851351351 0.055093555
1 1 34  7 0 100 -999  -999  0.093167702 0.85610766  0.050724638
1 1 35  7 0 100 -999  -999  0.088842975 0.856404959 0.054752066
1 1 36  7 0 100 -999  -999  0.098739496 0.847689076 0.053571429
1 1 37  7 0 100 -999  -999  0.093555094 0.856548857 0.04989605
1 1 38  7 0 100 -999  -999  0.087682672 0.863256785 0.049060543
1 1 39  7 0 100 -999  -999  0.083769634 0.856544503 0.059685864
1 1 40  7 0 100 -999  -999  0.08255934  0.858617131 0.058823529
1 1 41  7 0 100 -999  -999  0.062105263 0.862105263 0.075789474
1 1 42  7 0 100 -999  -999  0.05026738  0.847058824 0.102673797
1 1 43  7 0 100 -999  -999  0.051705171 0.837183718 0.111111111
1 1 44  7 0 100 -999  -999  0.052801724 0.83512931  0.112068966
1 1 45  7 0 100 -999  -999  0.062363239 0.835886214 0.101750547
1 1 46  7 0 100 -999  -999  0.069536424 0.841059603 0.089403974
1 1 47  7 0 100 -999  -999  0.067833698 0.841356674 0.090809628
1 1 48  7 0 100 -999  -999  0.063122924 0.848283499 0.088593577
1 1 49  7 0 100 -999  -999  0.054229935 0.845986985 0.09978308
1 1 50  7 0 100 -999  -999  0.048044693 0.843575419 0.108379888
1 1 51  7 0 100 -999  -999  0.056306306 0.836711712 0.106981982
1 1 52  7 0 100 -999  -999  0.060773481 0.840883978 0.098342541
1 1 53  7 0 100 -999  -999  0.059734513 0.844026549 0.096238938
1 1 54  7 0 100 -999  -999  0.048565121 0.843267108 0.10816777
1 1 55  7 0 100 -999  -999  0.053846154 0.834065934 0.112087912
1 1 56  7 0 100 -999  -999  0.056369786 0.836527621 0.107102593
1 1 57  7 0 100 -999  -999  0.058020478 0.837315131 0.104664391
1 1 58  7 0 100 -999  -999  0.060606061 0.838383838 0.101010101
1 1 59  7 0 100 -999  -999  0.06010929  0.836065574 0.103825137
1 1 60  7 0 100 -999  -999  0.060706402 0.843267108 0.09602649
1 1 61  7 0 100 -999  -999  0.059734513 0.840707965 0.099557522
1 1 62  7 0 100 -999  -999  0.064159292 0.837389381 0.098451327
1 1 63  7 0 100 -999  -999  0.064480874 0.842622951 0.092896175
1 1 64  7 0 100 -999  -999  0.059158134 0.8407281 0.100113766
1 1 65  7 0 100 -999  -999  0.059866962 0.83924612  0.100886918
1 1 66  7 0 100 -999  -999  0.068508287 0.844198895 0.087292818
1 1 67  7 0 100 -999  -999  0.070484581 0.842511013 0.087004405
1 1 68  7 0 100 -999  -999  0.074279379 0.841463415 0.084257206
1 1 69  7 0 100 -999  -999  0.064655172 0.850215517 0.08512931
1 1 70  7 0 100 -999  -999  0.059405941 0.849284928 0.091309131
1 1 71  7 0 100 -999  -999  0.059016393 0.844808743 0.096174863
1 1 72  7 0 100 -999  -999  0.066739606 0.841356674 0.09190372
1 1 73  7 0 100 -999  -999  0.067464635 0.850924918 0.081610446
1 1 74  7 0 100 -999  -999  0.066304348 0.848913043 0.084782609
1 1 75  7 0 100 -999  -999  0.070729053 0.843307943 0.085963003
1 1 76  7 0 100 -999  -999  0.068817204 0.847311828 0.083870968
1 1 77  7 0 100 -999  -999  0.069189189 0.851891892 0.078918919
1 1 78  7 0 100 -999  -999  0.06615215  0.845644983 0.088202867
1 1 79  7 0 100 -999  -999  0.062431544 0.847754655 0.089813801
1 1 80  7 0 100 -999  -999  0.067180617 0.8469163 0.085903084
1 1 15  8 0 100 -999  -999  0.728571429 0.271428571 -999
1 1 16  8 0 100 -999  0.001044932 0.73354232  0.265412748 -999
1 1 17  8 0 100 -999  0.001038422 0.770508827 0.228452752 -999
1 1 18  8 0 100 -999  0.002105263 0.798947368 0.198947368 -999
1 1 19  8 0 100 -999  -999  0.823100937 0.176899063 -999
1 1 20  8 0 100 -999  -999  0.768664564 0.231335436 -999
1 1 21  8 0 100 -999  -999  0.778593914 0.221406086 -999
1 1 22  8 0 100 -999  -999  0.765509989 0.234490011 -999
1 1 23  8 0 100 -999  0.004264392 0.749466951 0.246268657 -999
1 1 24  8 0 100 -999  0.039236479 0.803817603 0.156945917 -999
1 1 25  8 0 100 -999  0.046025105 0.893305439 0.060669456 -999
1 1 26  8 0 100 -999  0.015321757 0.948927477 0.035750766 -999
1 1 27  8 0 100 -999  0.002055498 0.909558068 0.088386434 -999
1 1 28  8 0 100 -999  -999  0.825997953 0.174002047 -999
1 1 29  8 0 100 -999  -999  0.789581205 0.210418795 -999
1 1 30  8 0 100 -999  -999  0.696629213 0.303370787 -999
1 1 31  8 0 100 -999  0.002034588 0.733468973 0.264496439 -999
1 1 32  8 0 100 -999  0.001015228 0.793908629 0.205076142 -999
1 1 33  8 0 100 -999  -999  0.793422405 0.206577595 -999
1 1 34  8 0 100 -999  -999  0.795501022 0.204498978 -999
1 1 35  8 0 100 -999  0.004132231 0.842975207 0.152892562 -999
1 1 36  8 0 100 -999  0.001036269 0.875647668 0.123316062 -999
1 1 37  8 0 100 -999  -999  0.802904564 0.197095436 -999
1 1 38  8 0 100 -999  -999  0.799789252 0.200210748 -999
1 1 39  8 0 100 -999  0.004206099 0.825446898 0.170347003 -999
1 1 40  8 0 100 -999  0.004162331 0.880332986 0.115504683 -999
1 1 41  8 0 100 -999  0.002059732 0.89392379  0.104016478 -999
1 1 42  8 0 100 -999  -999  0.824186992 0.175813008 -999
1 1 43  8 0 100 -999  -999  0.796296296 0.203703704 -999
1 1 44  8 0 100 -999  -999  0.743801653 0.256198347 -999
1 1 45  8 0 100 -999  -999  0.725956567 0.274043433 -999
1 1 46  8 0 100 -999  -999  0.717391304 0.282608696 -999
1 1 47  8 0 100 -999  -999  0.686315789 0.313684211 -999
1 1 48  8 0 100 -999  -999  0.717277487 0.282722513 -999
1 1 49  8 0 100 -999  -999  0.719170984 0.280829016 -999
1 1 50  8 0 100 -999  -999  0.721930745 0.278069255 -999
1 1 51  8 0 100 -999  0.007246377 0.736024845 0.256728778 -999
1 1 52  8 0 100 -999  0.006362672 0.86426299  0.129374337 -999
1 1 53  8 0 100 -999  -999  0.85488959  0.14511041  -999
1 1 54  8 0 100 -999  -999  0.694154489 0.305845511 -999
1 1 55  8 0 100 -999  -999  0.654989384 0.345010616 -999
1 1 56  8 0 100 -999  -999  0.657563025 0.342436975 -999
1 1 57  8 0 100 -999  -999  0.647058824 0.352941176 -999
1 1 58  8 0 100 -999  0.001046025 0.687238494 0.311715481 -999
1 1 59  8 0 100 -999  -999  0.681722689 0.318277311 -999
1 1 60  8 0 100 -999  -999  0.602972399 0.397027601 -999
1 1 61  8 0 100 -999  -999  0.583766909 0.416233091 -999
1 1 62  8 0 100 -999  0.00524109  0.656184486 0.337526205 0.001048218
1 1 63  8 0 100 -999  0.006289308 0.764150943 0.229559748 -999
1 1 64  8 0 100 -999  0.002098636 0.835257083 0.162644281 -999
1 1 65  8 0 100 -999  -999  0.792849632 0.207150368 -999
1 1 66  8 0 100 -999  -999  0.663146779 0.336853221 -999
1 1 67  8 0 100 -999  -999  0.654373024 0.345626976 -999
1 1 68  8 0 100 -999  -999  0.661780105 0.338219895 -999
1 1 69  8 0 100 -999  -999  0.664225941 0.335774059 -999
1 1 70  8 0 100 -999  -999  0.677453027 0.322546973 -999
1 1 71  8 0 100 -999  -999  0.636268344 0.363731656 -999
1 1 72  8 0 100 -999  -999  0.626834382 0.373165618 -999
1 1 73  8 0 100 -999  0.002109705 0.606540084 0.391350211 -999
1 1 74  8 0 100 -999  0.013527575 0.734651405 0.25182102  -999
1 1 75  8 0 100 -999  0.01459854  0.869655892 0.115745568 -999
1 1 76  8 0 100 -999  0.006342495 0.915433404 0.078224101 -999
1 1 77  8 0 100 -999  0.002068252 0.898655636 0.099276112 -999
1 1 78  8 0 100 -999  -999  0.747114376 0.252885624 -999
1 1 79  8 0 100 -999  -999  0.658811475 0.341188525 -999
1 1 80  8 0 100 -999  -999  0.674636175 0.325363825 -999
1 1 15  10  0 100 0.003911343 0.688396349 0.298565841 0.009126467 -999
1 1 16  10  0 100 0.003177966 0.745762712 0.246822034 0.004237288 -999
1 1 17  10  0 100 0.006302521 0.773109244 0.217436975 0.003151261 -999
1 1 18  10  0 100 0.0041841 0.770920502 0.223849372 0.001046025 -999
1 1 19  10  0 100 0.001044932 0.816091954 0.18077325  0.002089864 -999
1 1 20  10  0 100 0.004149378 0.754149378 0.241701245 -999  -999
1 1 21  10  0 100 -999  0.702282158 0.297717842 -999  -999
1 1 22  10  0 100 -999  0.728884254 0.271115746 -999  -999
1 1 23  10  0 100 -999  0.682523268 0.317476732 -999  -999
1 1 24  10  0 100 -999  0.719461698 0.280538302 -999  -999
1 1 25  10  0 100 -999  0.781512605 0.218487395 -999  -999
1 1 26  10  0 100 -999  0.682474227 0.317525773 -999  -999
1 1 27  10  0 100 -999  0.755395683 0.244604317 -999  -999
1 1 28  10  0 100 -999  0.686597938 0.313402062 -999  -999
1 1 29  10  0 100 -999  0.633130081 0.366869919 -999  -999
1 1 30  10  0 100 -999  0.717234262 0.282765738 -999  -999
1 1 31  10  0 100 -999  0.767561983 0.231404959 0.001033058 -999
1 1 32  10  0 100 -999  0.684749232 0.313203685 0.002047083 -999
1 1 33  10  0 100 -999  0.651731161 0.348268839 -999  -999
1 1 34  10  0 100 -999  0.712820513 0.287179487 -999  -999
1 1 35  10  0 100 -999  0.673511294 0.326488706 -999  -999
1 1 36  10  0 100 -999  0.64  0.36  -999  -999
1 1 37  10  0 100 -999  0.63655244  0.362409138 0.001038422 -999
1 1 38  10  0 100 -999  0.695071869 0.303901437 0.001026694 -999
1 1 39  10  0 100 -999  0.657786885 0.341188525 0.00102459  -999
1 1 40  10  0 100 -999  0.763917526 0.235051546 0.001030928 -999
1 1 41  10  0 100 -999  0.619631902 0.378323108 0.00204499  -999
1 1 42  10  0 100 -999  0.596707819 0.402263374 0.001028807 -999
1 1 43  10  0 100 -999  0.66563786  0.332304527 0.002057613 -999
1 1 44  10  0 100 -999  0.681957187 0.313965341 0.004077472 -999
1 1 45  10  0 100 -999  0.683453237 0.312435766 0.004110997 -999
1 1 46  10  0 100 -999  0.655349794 0.340534979 0.004115226 -999
1 1 47  10  0 100 -999  0.729785056 0.264073695 0.006141249 -999
1 1 48  10  0 100 -999  0.691434469 0.304437564 0.004127967 -999
1 1 49  10  0 100 -999  0.666666667 0.329230769 0.004102564 -999
1 1 50  10  0 100 0.001023541 0.677584442 0.313203685 0.008188332 -999
1 1 51  10  0 100 -999  0.696319018 0.298568507 0.005112474 -999
1 1 52  10  0 100 0.001030928 0.668041237 0.328865979 0.002061856 -999
1 1 53  10  0 100 -999  0.658084449 0.334706488 0.007209063 -999
1 1 54  10  0 100 0.001029866 0.721936148 0.271884655 0.005149331 -999
1 1 55  10  0 100 0.00104712  0.720418848 0.27434555  0.004188482 -999
1 1 56  10  0 100 -999  0.655314757 0.341589267 0.003095975 -999
1 1 57  10  0 100 -999  0.699271592 0.295525494 0.005202914 -999
1 1 58  10  0 100 0.001040583 0.664932362 0.328824142 0.005202914 -999
1 1 59  10  0 100 -999  0.747643979 0.247120419 0.005235602 -999
1 1 60  10  0 100 0.001036269 0.698445596 0.297409326 0.003108808 -999
1 1 61  10  0 100 -999  0.688016529 0.304752066 0.007231405 -999
1 1 62  10  0 100 -999  0.671134021 0.32371134  0.005154639 -999
1 1 63  10  0 100 -999  0.678756477 0.318134715 0.003108808 -999
1 1 64  10  0 100 0.001053741 0.694415174 0.298208641 0.006322445 -999
1 1 65  10  0 100 -999  0.691666667 0.304166667 0.004166667 -999
1 1 66  10  0 100 -999  0.699271592 0.296566077 0.004162331 -999
1 1 67  10  0 100 0.001030928 0.654639175 0.341237113 0.003092784 -999
1 1 68  10  0 100 0.001030928 0.744329897 0.25257732  0.002061856 -999
1 1 69  10  0 100 0.001042753 0.751824818 0.242961418 0.004171011 -999
1 1 70  10  0 100 0.001035197 0.729813665 0.265010352 0.004140787 -999
1 1 71  10  0 100 -999  0.733125649 0.265835929 0.001038422 -999
1 1 72  10  0 100 -999  0.714733542 0.283176594 0.002089864 -999
1 1 73  10  0 100 -999  0.754478398 0.244467861 0.001053741 -999
1 1 74  10  0 100 -999  0.661522634 0.33744856  0.001028807 -999
1 1 75  10  0 100 -999  0.718002081 0.280957336 0.001040583 -999
1 1 76  10  0 100 -999  0.689583333 0.310416667 -999  -999
1 1 77  10  0 100 -999  0.701461378 0.295407098 0.003131524 -999
1 1 78  10  0 100 -999  0.686784599 0.312174818 0.001040583 -999
1 1 79  10  0 100 -999  0.7114788 0.285418821 0.003102378 -999
1 1 80  10  0 100 -999  0.682952183 0.314968815 0.002079002 -999
1 1 15  11  0 100 -999  0.208683473 0.480392157 0.31092437  -999
1 1 16  11  0 100 -999  0.205357143 0.479910714 0.314732143 -999
1 1 17  11  0 100 -999  0.239179954 0.476082005 0.284738041 -999
1 1 18  11  0 100 -999  0.242969629 0.479190101 0.27784027  -999
1 1 19  11  0 100 -999  0.305555556 0.438657407 0.255787037 -999
1 1 20  11  0 100 -999  0.28668942  0.457337884 0.255972696 -999
1 1 21  11  0 100 -999  0.328751432 0.418098511 0.253150057 -999
1 1 22  11  0 100 -999  0.345579793 0.438576349 0.215843858 -999
1 1 23  11  0 100 -999  0.396704689 0.474017744 0.129277567 -999
1 1 24  11  0 100 -999  0.382460414 0.454323995 0.163215591 -999
1 1 25  11  0 100 -999  0.389162562 0.471674877 0.139162562 -999
1 1 26  11  0 100 -999  0.444730077 0.473007712 0.082262211 -999
1 1 27  11  0 100 -999  0.382762991 0.498098859 0.11913815  -999
1 1 28  11  0 100 -999  0.395348837 0.549571603 0.055079559 -999
1 1 29  11  0 100 -999  0.415189873 0.497468354 0.087341772 -999
1 1 30  11  0 100 -999  0.406649616 0.52685422  0.066496164 -999
1 1 31  11  0 100 -999  0.414231258 0.523506989 0.062261753 -999
1 1 32  11  0 100 -999  0.409271523 0.516556291 0.074172185 -999
1 1 33  11  0 100 -999  0.392156863 0.512254902 0.095588235 -999
1 1 34  11  0 100 -999  0.408860759 0.503797468 0.087341772 -999
1 1 35  11  0 100 -999  0.42208589  0.514110429 0.063803681 -999
1 1 36  11  0 100 -999  0.411612903 0.513548387 0.07483871  -999
1 1 37  11  0 100 -999  0.457142857 0.5 0.042857143 -999
1 1 38  11  0 100 -999  0.4160401 0.51754386  0.06641604  -999
1 1 39  11  0 100 -999  0.422360248 0.500621118 0.077018634 -999
1 1 40  11  0 100 -999  0.374692875 0.524570025 0.100737101 -999
1 1 41  11  0 100 -999  0.409876543 0.49382716  0.096296296 -999
1 1 42  11  0 100 -999  0.417948718 0.528205128 0.053846154 -999
1 1 43  11  0 100 -999  0.38976378  0.527559055 0.082677165 -999
1 1 44  11  0 100 -999  0.354350567 0.566204288 0.079445145 -999
1 1 45  11  0 100 -999  0.356958763 0.581185567 0.06185567  -999
1 1 46  11  0 100 -999  0.342675159 0.560509554 0.096815287 -999
1 1 47  11  0 100 -999  0.333333333 0.537878788 0.128787879 -999
1 1 48  11  0 100 -999  0.299155609 0.522316043 0.178528347 -999
1 1 49  11  0 100 -999  0.338235294 0.519607843 0.142156863 -999
1 1 50  11  0 100 -999  0.305785124 0.495867769 0.198347107 -999
1 1 51  11  0 100 -999  0.325092707 0.510506799 0.164400494 -999
1 1 52  11  0 100 -999  0.286577993 0.484885127 0.22853688  -999
1 1 53  11  0 100 -999  0.320284698 0.46856465  0.211150652 -999
1 1 54  11  0 100 -999  0.283737024 0.489042676 0.2272203 -999
1 1 55  11  0 100 -999  0.265882353 0.478823529 0.255294118 -999
1 1 56  11  0 100 -999  0.288393904 0.459554513 0.252051583 -999
1 1 57  11  0 100 -999  0.275663206 0.477508651 0.246828143 -999
1 1 58  11  0 100 -999  0.312424608 0.51145959  0.176115802 -999
1 1 59  11  0 100 -999  0.263971463 0.513674197 0.22235434  -999
1 1 60  11  0 100 -999  0.303703704 0.517283951 0.179012346 -999
1 1 61  11  0 100 -999  0.277644231 0.489182692 0.233173077 -999
1 1 62  11  0 100 -999  0.254315305 0.464902186 0.280782509 -999
1 1 63  11  0 100 -999  0.235697941 0.461098398 0.303203661 -999
1 1 64  11  0 100 -999  0.296728972 0.464953271 0.238317757 -999
1 1 65  11  0 100 -999  0.269053118 0.484988453 0.24595843  -999
1 1 66  11  0 100 -999  0.266666667 0.465517241 0.267816092 -999
1 1 67  11  0 100 -999  0.254079254 0.502331002 0.243589744 -999
1 1 68  11  0 100 -999  0.259637188 0.469387755 0.270975057 -999
1 1 69  11  0 100 -999  0.281829419 0.503090235 0.215080346 -999
1 1 70  11  0 100 -999  0.309226933 0.513715711 0.177057357 -999
1 1 71  11  0 100 -999  0.266292135 0.464044944 0.269662921 -999
1 1 72  11  0 100 -999  0.285035629 0.470308789 0.244655582 -999
1 1 73  11  0 100 -999  0.269012486 0.471055619 0.259931896 -999
1 1 74  11  0 100 -999  0.324594257 0.498127341 0.177278402 -999
1 1 75  11  0 100 -999  0.312573443 0.474735605 0.212690952 -999
1 1 76  11  0 100 -999  0.302631579 0.516746411 0.18062201  -999
1 1 77  11  0 100 -999  0.313701923 0.490384615 0.194711538 0.001201923
1 1 78  11  0 100 -999  0.286885246 0.5 0.213114754 -999
1 1 79  11  0 100 -999  0.295023697 0.498815166 0.206161137 -999
1 1 80  11  0 100 -999  0.274941995 0.49187935  0.233178654 -999
# end fishery length observations 
#  
# Survey diet proportion observations 
# Number of observations, init_int Ndietprop_obs 
  4721
# init_matrix obs_dietprop(1,Ndietprop_obs,1,ncol) 
# Survey  Year  Predator  Predator_size InpN  wt_prey_1 wt_prey_2 wt_prey_3 wt_prey_4 wt_prey_5 wt_prey_6 wt_prey_7 wt_prey_8 wt_prey_9 wt_prey_10 wt_prey_11 other 
  1 1 1 2 100 -999 2.84571868032227e-05 -999 -999 -999 -999 -999 9.08826792106647e-07 -999 0.000154217932356321 -999 0.999816416054048
  1 1 1 3 100 -999 0.0075982452955973 -999 -999 -999 -999 -999 0.000240019455579865 -999 0.0444987279013236 -999 0.947663007347499
  1 1 1 4 100 -999 0.00989021633586698 -999 -999 -999 -999 -999 0.000312296087671614 -999 0.0585807103197357 -999 0.931216777256726
  1 1 1 5 100 -999 0.0099673468497257 -999 -999 -999 -999 -999 0.000314689759926553 -999 0.0597517372202052 -999 0.929966226170143
  1 2 1 2 100 -999 2.32904248159048e-05 -999 -999 -999 -999 -999 -999 -999 0.000170438029187585 -999 0.999806271545997
  1 2 1 3 100 -999 0.00639045735048912 -999 -999 -999 -999 -999 0.000231751089259932 -999 0.0502825135082351 -999 0.943095278052016
  1 2 1 4 100 -999 0.00834545065098313 -999 -999 -999 -999 -999 0.000322532078666872 -999 0.0663111700334742 -999 0.925020847236876
  1 2 1 5 100 -999 0.00841667927770387 -999 -999 -999 -999 -999 0.000344112381076224 -999 0.0675804264810413 -999 0.923658781860179
  1 3 1 3 100 -999 0.00694173313587191 -999 -999 -999 -999 -999 7.83147641271293e-05 -999 0.0533470663871557 -999 0.939632885712845
  1 3 1 4 100 -999 0.00902591429511353 -999 -999 -999 -999 -999 0.000116426677075415 -999 0.0699304633681301 -999 0.920927195659681
  1 3 1 5 100 -999 0.009101627080958 -999 -999 -999 -999 -999 0.000132780806539597 -999 0.0711204195373653 -999 0.919645172575137
  1 4 1 2 100 -999 -999 -999 -999 -999 -999 -999 3.31304094825925e-07 -999 -999 -999 0.999999668695905
  1 4 1 3 100 -999 0.00747917914877852 -999 -999 -999 -999 -999 0.000111847910640893 -999 0.0492658734448803 -999 0.9431430994957
  1 4 1 4 100 -999 0.00972168277450247 -999 -999 -999 -999 -999 0.000144966191797519 -999 0.0646748750161144 -999 0.925458476017586
  1 4 1 5 100 -999 0.0097777110934018 -999 -999 -999 -999 -999 0.000145741038911472 -999 0.0657507733840497 -999 0.924325774483637
  1 5 1 2 100 -999 -999 -999 -999 -999 -999 -999 9.4307783904973e-07 -999 -999 -999 0.999999056922161
  1 5 1 3 100 -999 0.00601104198891307 -999 -999 -999 -999 -999 0.000267954195100702 -999 0.0492025042793249 -999 0.944518499536661
  1 5 1 4 100 -999 0.0078407065772724 -999 -999 -999 -999 -999 0.000349192581455183 -999 0.0647392041248512 -999 0.927070896716421
  1 5 1 5 100 -999 0.00789835914658202 -999 -999 -999 -999 -999 0.000352083440379417 -999 0.0658634819631822 -999 0.925886075449856
  1 6 1 3 100 -999 0.00870970341432702 -999 -999 -999 -999 -999 0.000768318877540352 -999 0.0448404729602287 -999 0.945681504747904
  1 6 1 4 100 -999 0.0113487083054924 -999 -999 -999 -999 -999 0.00103624655647735 -999 0.0589526676222973 -999 0.928662377515733
  1 6 1 5 100 -999 0.0114310559909262 -999 -999 -999 -999 -999 0.00108660269781754 -999 0.0599793201730763 -999 0.92750302113818
  1 7 1 3 100 -999 0.0148294440789085 -999 -999 -999 -999 -999 0.000818563996713486 -999 0.0477584391175817 -999 0.936593552806796
  1 7 1 4 100 -999 0.0192792160141181 -999 -999 -999 -999 -999 0.0010676084752762 -999 0.062754598990306 -999 0.9168985765203
  1 7 1 5 100 -999 0.0193747436542523 -999 -999 -999 -999 -999 0.0010769924383982 -999 0.0637818564396377 -999 0.915766407467712
  1 8 1 3 100 -999 0.00469359219966133 -999 -999 -999 -999 -999 0.000448562287884419 -999 0.0469512622990631 -999 0.947906583213391
  1 8 1 4 100 -999 0.00612524660692402 -999 -999 -999 -999 -999 0.000660928804829257 -999 0.0617438212021806 -999 0.931470003386066
  1 8 1 5 100 -999 0.00617459906671498 -999 -999 -999 -999 -999 0.000751391551245831 -999 0.062782941706184 -999 0.930291067675855
  1 9 1 3 100 -999 0.00916794412201555 -999 -999 -999 -999 -999 0.000144177470461706 -999 0.0471407769670416 -999 0.943547101440481
  1 9 1 4 100 -999 0.0119451744124155 -999 -999 -999 -999 -999 0.000223251085882125 -999 0.0620156191183704 -999 0.925815955383332
  1 9 1 5 100 -999 0.012009668112717 -999 -999 -999 -999 -999 0.000267667605586507 -999 0.0629957356903607 -999 0.924726928591336
  1 10 1 3 100 -999 0.00940036108484143 -999 -999 -999 -999 -999 -999 -999 0.0433081481885388 -999 0.94729149072662
  1 10 1 4 100 -999 0.012254025582018 -999 -999 -999 -999 -999 -999 -999 0.0569908662873441 -999 0.930755108130638
  1 10 1 5 100 -999 0.0123432817437261 -999 -999 -999 -999 -999 -999 -999 0.0579858526141253 -999 0.929670865642149
  1 11 1 2 100 -999 -999 -999 -999 -999 -999 -999 5.29767352338981e-07 -999 -999 -999 0.999999470232648
  1 11 1 3 100 -999 0.0116526437826185 -999 -999 -999 -999 -999 6.01270752468406e-05 -999 0.0477521611525222 -999 0.940535067989613
  1 11 1 4 100 -999 0.0151770339387747 -999 -999 -999 -999 -999 7.82725501073465e-05 -999 0.062873658123877 -999 0.921871035387241
  1 11 1 5 100 -999 0.0152657141773638 -999 -999 -999 -999 -999 7.89402178795441e-05 -999 0.0639631853935352 -999 0.920692160211221
  1 12 1 2 100 -999 2.26545900646059e-05 -999 -999 -999 -999 -999 1.19682041095e-06 -999 0.000139390536469548 -999 0.999836758053055
  1 12 1 3 100 -999 0.00605396481057759 -999 -999 -999 -999 -999 0.000129735497437038 -999 0.0404305677626154 -999 0.95338573192937
  1 12 1 4 100 -999 0.00786293381676533 -999 -999 -999 -999 -999 0.000167654800983208 -999 0.053046088178949 -999 0.938923323203303
  1 12 1 5 100 -999 0.00791816959423696 -999 -999 -999 -999 -999 0.000168157293183473 -999 0.0539795520045256 -999 0.937934121108054
  1 13 1 3 100 -999 0.00673092880383276 -999 -999 -999 -999 -999 0.00012055783623313 -999 0.0424706111102362 -999 0.950677902249698
  1 13 1 4 100 -999 0.00874659104790704 -999 -999 -999 -999 -999 0.000157136404342866 -999 0.0557340835354908 -999 0.935362189012259
  1 13 1 5 100 -999 0.00880629502960506 -999 -999 -999 -999 -999 0.000158492182757933 -999 0.0567221901829542 -999 0.934313022604683
  1 14 1 2 100 -999 -999 -999 -999 -999 -999 -999 5.18491340981916e-07 -999 -999 -999 0.999999481508659
  1 14 1 3 100 -999 0.00673223348118973 -999 -999 -999 -999 -999 0.000108319314740083 -999 0.0461359705452525 -999 0.947023476658818
  1 14 1 4 100 -999 0.00874668183746291 -999 -999 -999 -999 -999 0.000140788513300883 -999 0.0604621583600255 -999 0.930650371289211
  1 14 1 5 100 -999 0.00882448794135383 -999 -999 -999 -999 -999 0.000142306832822082 -999 0.0615719198122301 -999 0.929461285413594
  1 15 1 3 100 -999 0.0093770186362502 -999 -999 -999 -999 -999 0.000198640768384068 -999 0.0471945404515766 -999 0.943229800143789
  1 15 1 4 100 -999 0.012018214670478 -999 -999 -999 -999 -999 0.000254761134642224 -999 0.0609974690638609 -999 0.926729555131019
  1 15 1 5 100 -999 0.0120870699156283 -999 -999 -999 -999 -999 0.000256473720270699 -999 0.0619363311257317 -999 0.925720125238369
  1 16 1 3 100 -999 0.00385729064728887 -999 -999 -999 -999 -999 7.77204943829765e-05 -999 0.0432519552310051 -999 0.952813033627323
  1 16 1 4 100 -999 0.00542982414605436 -999 -999 -999 -999 -999 0.000109373884414358 -999 0.0612781805984687 -999 0.933182621371063
  1 16 1 5 100 -999 0.00548010548570133 -999 -999 -999 -999 -999 0.000110224402056197 -999 0.0623039592546164 -999 0.932105710857626
  1 17 1 3 100 -999 0.00741903811139404 -999 -999 -999 -999 -999 8.66515079365936e-05 -999 0.0333594313576518 -999 0.959134879023018
  1 17 1 4 100 -999 0.0113250461418168 -999 -999 -999 -999 -999 0.000132627778291102 -999 0.0513987654999948 -999 0.937143560579897
  1 17 1 5 100 -999 0.0114242113803912 -999 -999 -999 -999 -999 0.000134319570025228 -999 0.052374756644865 -999 0.936066712404719
  1 18 1 2 100 -999 1.42788990236225e-05 -999 -999 -999 -999 -999 -999 -999 7.5038590453276e-05 -999 0.999910682510523
  1 18 1 3 100 -999 0.00526911077490708 -999 -999 -999 -999 -999 5.60726258359258e-05 -999 0.0295913286170696 -999 0.965083487982187
  1 18 1 4 100 -999 0.00864695531750652 -999 -999 -999 -999 -999 0.000101921737717296 -999 0.0490903043581923 -999 0.942160818586584
  1 18 1 5 100 -999 0.00873931638091513 -999 -999 -999 -999 -999 0.000114025491700264 -999 0.0502178959977878 -999 0.940928762129597
  1 19 1 2 100 -999 1.24124234570731e-05 -999 -999 -999 -999 -999 -999 -999 7.34835522004934e-05 -999 0.999914104024342
  1 19 1 3 100 -999 0.00461546697176813 -999 -999 -999 -999 -999 -999 -999 0.0287131064850342 -999 0.966671426543198
  1 19 1 4 100 -999 0.00804397112522685 -999 -999 -999 -999 -999 -999 -999 0.0505667677153911 -999 0.941389261159382
  1 19 1 5 100 -999 0.00813139994902238 -999 -999 -999 -999 -999 -999 -999 0.05175452772202 -999 0.940114072328958
  1 20 1 2 100 -999 1.04031144967703e-05 -999 -999 -999 -999 -999 7.10918082131913e-08 -999 5.26615766101084e-05 -999 0.999936864217085
  1 20 1 3 100 -999 0.00402318596761104 -999 -999 -999 -999 -999 1.24542700649584e-05 -999 0.0214191975926029 -999 0.974545162169721
  1 20 1 4 100 -999 0.00730829418175979 -999 -999 -999 -999 -999 2.27430044400307e-05 -999 0.0394050841136172 -999 0.953263878700183
  1 20 1 5 100 -999 0.00736185949863839 -999 -999 -999 -999 -999 2.31192315624038e-05 -999 0.0403435685793133 -999 0.952271452690486
  1 21 1 2 100 -999 1.3169674996577e-05 -999 -999 -999 -999 -999 3.01383165933745e-07 -999 5.51952579488531e-05 -999 0.999931333683889
  1 21 1 3 100 -999 0.00502724109143284 -999 -999 -999 -999 -999 4.6473631113573e-05 -999 0.0219569228347595 -999 0.972969362442694
  1 21 1 4 100 -999 0.00959221255668311 -999 -999 -999 -999 -999 8.98610552469458e-05 -999 0.0424355792857495 -999 0.94788234710232
  1 21 1 5 100 -999 0.00963997912456811 -999 -999 -999 -999 -999 9.21540470126019e-05 -999 0.0433735072998097 -999 0.94689435952861
  1 22 1 2 100 -999 1.19042913125187e-05 -999 -999 -999 -999 -999 9.39245024887065e-07 -999 4.69541170324319e-05 -999 0.99994020234663
  1 22 1 3 100 -999 0.00459917274531308 -999 -999 -999 -999 -999 0.000147250510447779 -999 0.0188853494999966 -999 0.976368227244243
  1 22 1 4 100 -999 0.00898064609803222 -999 -999 -999 -999 -999 0.000306725889804991 -999 0.037443155645748 -999 0.953269472366415
  1 22 1 5 100 -999 0.009011265827271 -999 -999 -999 -999 -999 0.000330587520872224 -999 0.0383045836133374 -999 0.952353563038519
  1 23 1 2 100 -999 1.73221298292344e-05 -999 -999 -999 -999 -999 5.97862034522804e-07 -999 4.22930592033284e-05 -999 0.999939786948933
  1 23 1 3 100 -999 0.00638597964290347 -999 -999 -999 -999 -999 0.000304416678070549 -999 0.0163131524017015 -999 0.976996451277324
  1 23 1 4 100 -999 0.0127762557526621 -999 -999 -999 -999 -999 0.000649150830405262 -999 0.0332609487174923 -999 0.95331364469944
  1 23 1 5 100 -999 0.0127471233939382 -999 -999 -999 -999 -999 0.00068798732850753 -999 0.0339641409712463 -999 0.952600748306308
  1 24 1 2 100 -999 -999 -999 -999 -999 -999 -999 9.47189338360208e-07 -999 -999 -999 0.999999052810662
  1 24 1 3 100 -999 0.00342647619512245 -999 -999 -999 -999 -999 0.000119319048448155 -999 0.0142529723863575 -999 0.982201232370072
  1 24 1 4 100 -999 0.00705599939555248 -999 -999 -999 -999 -999 0.000247554277803631 -999 0.0298904648732517 -999 0.962805981453392
  1 24 1 5 100 -999 0.00703930785144073 -999 -999 -999 -999 -999 0.00025104512967503 -999 0.030499952194558 -999 0.962209694824326
  1 25 1 3 100 -999 0.00388465030265708 -999 -999 -999 -999 -999 0.000111927146381967 -999 0.0136780266183952 -999 0.982325395932566
  1 25 1 4 100 -999 0.00825200898058636 -999 -999 -999 -999 -999 0.000311447629176793 -999 0.0296247809959314 -999 0.961811762394305
  1 25 1 5 100 -999 0.0082190975925074 -999 -999 -999 -999 -999 0.000377658107431502 -999 0.0301948260900104 -999 0.961208418210051
  1 26 1 3 100 -999 0.00322682624007178 -999 -999 -999 -999 -999 7.26729735669469e-06 -999 0.0131858822950178 -999 0.983580024167554
  1 26 1 4 100 -999 0.00701921961250435 -999 -999 -999 -999 -999 3.05733228451635e-05 -999 0.0292855273834297 -999 0.963664679681221
  1 26 1 5 100 -999 0.00697813741772811 -999 -999 -999 -999 -999 5.33551537554136e-05 -999 0.0298370447849087 -999 0.963131462643608
  1 27 1 2 100 -999 -999 -999 -999 -999 -999 -999 8.86960455445016e-08 -999 -999 -999 0.999999911303954
  1 27 1 3 100 -999 0.00346480941644181 -999 -999 -999 -999 -999 1.98556303938589e-05 -999 0.0136417170035594 -999 0.982873617949605
  1 27 1 4 100 -999 0.00761486563742871 -999 -999 -999 -999 -999 4.28076448992314e-05 -999 0.030609078452822 -999 0.96173324826485
  1 27 1 5 100 -999 0.00756437328339305 -999 -999 -999 -999 -999 4.2152377436734e-05 -999 0.0311804342772987 -999 0.961213040061871
  1 28 1 2 100 -999 -999 -999 -999 -999 -999 -999 4.40617761172354e-07 -999 -999 -999 0.999999559382239
  1 28 1 3 100 -999 0.00290056135321143 -999 -999 -999 -999 -999 4.65507127063248e-05 -999 0.0120509750858778 -999 0.985001912848204
  1 28 1 4 100 -999 0.00649313755328743 -999 -999 -999 -999 -999 0.000104911934886921 -999 0.0275778373922477 -999 0.965824113119578
  1 28 1 5 100 -999 0.00645463010494101 -999 -999 -999 -999 -999 0.000106271554922713 -999 0.0281425391984706 -999 0.965296559141666
  1 29 1 3 100 -999 0.00392058440763784 -999 -999 -999 -999 -999 5.72596640192545e-05 -999 0.0124937613133892 -999 0.983528394614954
  1 29 1 4 100 -999 0.00868425086560954 -999 -999 -999 -999 -999 0.000129104998921704 -999 0.0282868904262745 -999 0.962899753709194
  1 29 1 5 100 -999 0.00861976241632534 -999 -999 -999 -999 -999 0.000131454703182302 -999 0.0288268198507217 -999 0.962421963029771
  1 30 1 3 100 -999 0.00331170134896011 -999 -999 -999 -999 -999 6.74429061152813e-05 -999 0.0114892851618015 -999 0.985131570583123
  1 30 1 4 100 -999 0.00735314379074676 -999 -999 -999 -999 -999 0.000152923315782244 -999 0.0261564820088544 -999 0.966337450884617
  1 30 1 5 100 -999 0.00729306687727071 -999 -999 -999 -999 -999 0.000155557130307118 -999 0.026717277284114 -999 0.965834098708308
  1 31 1 2 100 -999 -999 -999 -999 -999 -999 -999 2.70718262098413e-07 -999 -999 -999 0.999999729281738
  1 31 1 3 100 -999 0.00396775831773927 -999 -999 -999 -999 -999 5.12800170096706e-05 -999 0.0112073775438632 -999 0.984773584121388
  1 31 1 4 100 -999 0.0088904035651494 -999 -999 -999 -999 -999 0.000116231608871809 -999 0.0256572091039134 -999 0.965336155722065
  1 31 1 5 100 -999 0.0088078720309235 -999 -999 -999 -999 -999 0.000117553000595926 -999 0.0261146966140509 -999 0.96495987835443
  1 32 1 3 100 -999 0.00309749003487434 -999 -999 -999 -999 -999 0.000116374527161469 -999 0.0115629004517336 -999 0.985223234986231
  1 32 1 4 100 -999 0.00699962245881649 -999 -999 -999 -999 -999 0.000267878065596766 -999 0.026760064217789 -999 0.965972435257798
  1 32 1 5 100 -999 0.00692556520406473 -999 -999 -999 -999 -999 0.000271416948853072 -999 0.0272346362124886 -999 0.965568381634594
  1 33 1 3 100 -999 0.00343373678392022 -999 -999 -999 -999 -999 9.69483605909589e-05 -999 0.0113782931356928 -999 0.985091021719796
  1 33 1 4 100 -999 0.00783102352595651 -999 -999 -999 -999 -999 0.000264861166251182 -999 0.0265691230015742 -999 0.965334992306218
  1 33 1 5 100 -999 0.00775915671542037 -999 -999 -999 -999 -999 0.000331858571975837 -999 0.0270755132850844 -999 0.964833471427519
  1 34 1 3 100 -999 0.00336269446909984 -999 -999 -999 -999 -999 6.05348289551013e-05 -999 0.012557551369321 -999 0.984019219332624
  1 34 1 4 100 -999 0.00768000619513543 -999 -999 -999 -999 -999 0.000141358563217002 -999 0.029333498947589 -999 0.962845136294059
  1 34 1 5 100 -999 0.00759919902593903 -999 -999 -999 -999 -999 0.000144077051800257 -999 0.0297985793182158 -999 0.962458144604045
  1 35 1 3 100 -999 0.00280445997008202 -999 -999 -999 -999 -999 5.7867967528542e-05 -999 0.0118115674807616 -999 0.985326104581628
  1 35 1 4 100 -999 0.00631370743733921 -999 -999 -999 -999 -999 0.000133595272151526 -999 0.027237825491143 -999 0.966314871799366
  1 35 1 5 100 -999 0.0062507537624756 -999 -999 -999 -999 -999 0.000136191940914254 -999 0.0277322016489993 -999 0.965880852647611
  1 36 1 2 100 -999 -999 -999 -999 -999 -999 -999 7.45456866516044e-07 -999 -999 -999 0.999999254543133
  1 36 1 3 100 -999 0.0031660454585841 -999 -999 -999 -999 -999 9.37312846180262e-05 -999 0.0118917664069527 -999 0.984848456849845
  1 36 1 4 100 -999 0.00720057042797987 -999 -999 -999 -999 -999 0.000217764997713449 -999 0.027706677809787 -999 0.96487498676452
  1 36 1 5 100 -999 0.00712494140828487 -999 -999 -999 -999 -999 0.000222320295408986 -999 0.0282041996095072 -999 0.964448538686799
  1 37 1 3 100 -999 0.00304522085155545 -999 -999 -999 -999 -999 0.0001991076495994 -999 0.0105666931475861 -999 0.986188978351259
  1 37 1 4 100 -999 0.00693675720314886 -999 -999 -999 -999 -999 0.000467262640501069 -999 0.0246604243091017 -999 0.967935555847248
  1 37 1 5 100 -999 0.00690433148835042 -999 -999 -999 -999 -999 0.000480358848654714 -999 0.0252676133362 -999 0.967347696326795
  1 38 1 3 100 -999 0.00368457010503899 -999 -999 -999 -999 -999 0.000170424081236866 -999 0.0117342431016527 -999 0.984410762712071
  1 38 1 4 100 -999 0.00831903464654245 -999 -999 -999 -999 -999 0.000474161751872941 -999 0.0271012987189949 -999 0.96410550488259
  1 38 1 5 100 -999 0.00823720685741699 -999 -999 -999 -999 -999 0.000615977074742998 -999 0.0275933229525795 -999 0.963553493115261
  1 39 1 3 100 -999 0.00286957967972904 -999 -999 -999 -999 -999 0.000175960023921823 -999 0.0106554648623741 -999 0.986298995433975
  1 39 1 4 100 -999 0.00656092098285227 -999 -999 -999 -999 -999 0.000411471977983127 -999 0.0249254600133357 -999 0.968102147025829
  1 39 1 5 100 -999 0.00650826917016523 -999 -999 -999 -999 -999 0.000419961077327088 -999 0.0254182360432291 -999 0.967653533709279
  1 40 1 3 100 -999 0.00386302827222102 -999 -999 -999 -999 -999 5.65759592176727e-05 -999 0.0125263416791683 -999 0.983554054089393
  1 40 1 4 100 -999 0.00895784182355343 -999 -999 -999 -999 -999 0.000190390389872674 -999 0.0297282085200389 -999 0.961123559266535
  1 40 1 5 100 -999 0.00887185658365101 -999 -999 -999 -999 -999 0.000239032822262959 -999 0.030259603951583 -999 0.960629506642503
  1 41 1 3 100 -999 0.00522774975774374 -999 -999 -999 -999 -999 8.29563852013212e-05 -999 0.0141673759922068 -999 0.980521917864848
  1 41 1 4 100 -999 0.0106901338277231 -999 -999 -999 -999 -999 0.000172122539902469 -999 0.0296388571622753 -999 0.959498886470099
  1 41 1 5 100 -999 0.0105264615991988 -999 -999 -999 -999 -999 0.000173452830398604 -999 0.0300383162526833 -999 0.959261769317719
  1 42 1 3 100 -999 0.0034032685749852 -999 -999 -999 -999 -999 0.000125174322954231 -999 0.0148846687548645 -999 0.981586888347196
  1 42 1 4 100 -999 0.0066559282966576 -999 -999 -999 -999 -999 0.000250785992110965 -999 0.0297349601858703 -999 0.963358325525361
  1 42 1 5 100 -999 0.00657209996396279 -999 -999 -999 -999 -999 0.000255248168935945 -999 0.0301311988414892 -999 0.963041453025612
  1 43 1 3 100 -999 0.00405294050936528 -999 -999 -999 -999 -999 8.97737302339885e-05 -999 0.0138072875152066 -999 0.982049998245194
  1 43 1 4 100 -999 0.00775931807186617 -999 -999 -999 -999 -999 0.000176277515080335 -999 0.0269937364928204 -999 0.965070667920233
  1 43 1 5 100 -999 0.00771080819220601 -999 -999 -999 -999 -999 0.000179807468191926 -999 0.0274631913183372 -999 0.964646193021265
  1 44 1 3 100 -999 0.00349548708150978 -999 -999 -999 -999 -999 0.000109739655653422 -999 0.0165866582095713 -999 0.979808115053265
  1 44 1 4 100 -999 0.00648250921541209 -999 -999 -999 -999 -999 0.000205386516137719 -999 0.0314939211567613 -999 0.961818183111689
  1 44 1 5 100 -999 0.00641585650646284 -999 -999 -999 -999 -999 0.000205120971647104 -999 0.0319366540615334 -999 0.961442368460357
  1 45 1 3 100 -999 0.00472364650264292 -999 -999 -999 -999 -999 0.000110715109125603 -999 0.0180956698301427 -999 0.977069968558089
  1 45 1 4 100 -999 0.00856809381137767 -999 -999 -999 -999 -999 0.000203641981284496 -999 0.0335609791336552 -999 0.957667285073683
  1 45 1 5 100 -999 0.00849155217548848 -999 -999 -999 -999 -999 0.000203714734148637 -999 0.0339622879981024 -999 0.95734244509226
  1 46 1 3 100 -999 0.00367006430071956 -999 -999 -999 -999 -999 0.00018339260640351 -999 0.0171225316759715 -999 0.979024011416905
  1 46 1 4 100 -999 0.00643615964396351 -999 -999 -999 -999 -999 0.000323645406828515 -999 0.0307244620564549 -999 0.962515732892753
  1 46 1 5 100 -999 0.00638316863498588 -999 -999 -999 -999 -999 0.000322573863945106 -999 0.0311197875264407 -999 0.962174469974628
  1 47 1 3 100 -999 0.00356352357468963 -999 -999 -999 -999 -999 9.92214030484105e-05 -999 0.0196542864956001 -999 0.976682968526662
  1 47 1 4 100 -999 0.00616533205910627 -999 -999 -999 -999 -999 0.000172139772959945 -999 0.0347948078250131 -999 0.958867720342921
  1 47 1 5 100 -999 0.00610561481905097 -999 -999 -999 -999 -999 0.000171178309008285 -999 0.0351735676745231 -999 0.958549639197418
  1 48 1 2 100 -999 -999 -999 -999 -999 -999 -999 8.39258216796258e-07 -999 -999 -999 0.999999160741783
  1 48 1 3 100 -999 0.00464853382772019 -999 -999 -999 -999 -999 0.000155392147341064 -999 0.0217623605182269 -999 0.973433713506712
  1 48 1 4 100 -999 0.00789995181248017 -999 -999 -999 -999 -999 0.000266811663691453 -999 0.0378401659152766 -999 0.953993070608552
  1 48 1 5 100 -999 0.00783428454745898 -999 -999 -999 -999 -999 0.000267369520724445 -999 0.0382994721016452 -999 0.953598873830171
  1 49 1 3 100 -999 0.00605113411098943 -999 -999 -999 -999 -999 0.000662926378577377 -999 0.021856492942375 -999 0.971429446568058
  1 49 1 4 100 -999 0.0101862957287947 -999 -999 -999 -999 -999 0.00123944177960858 -999 0.03762848488544 -999 0.950945777606157
  1 49 1 5 100 -999 0.0100972187143231 -999 -999 -999 -999 -999 0.00135381160953537 -999 0.0380605133157541 -999 0.950488456360387
  1 50 1 3 100 -999 0.00548445643866857 -999 -999 -999 -999 -999 0.000527476509653676 -999 0.0198780679628635 -999 0.974109999088814
  1 50 1 4 100 -999 0.00913186293020616 -999 -999 -999 -999 -999 0.00136961583776223 -999 0.0339240462733425 -999 0.955574474958689
  1 50 1 5 100 -999 0.00907047764279588 -999 -999 -999 -999 -999 0.00189511193746906 -999 0.0344669932333525 -999 0.954567417186383
  1 51 1 3 100 -999 0.00282821820673288 -999 -999 -999 -999 -999 3.92894793001774e-05 -999 0.0202853986759069 -999 0.97684709363806
  1 51 1 4 100 -999 0.00475844152768954 -999 -999 -999 -999 -999 0.000109349435544425 -999 0.0347633716269465 -999 0.960368837409819
  1 51 1 5 100 -999 0.00476048038501142 -999 -999 -999 -999 -999 0.000155246443762123 -999 0.0353798055382952 -999 0.959704467632931
  1 52 1 3 100 -999 0.0053853734511522 -999 -999 -999 -999 -999 -999 -999 0.0203941368231468 -999 0.974220489725701
  1 52 1 4 100 -999 0.00904421417320878 -999 -999 -999 -999 -999 -999 -999 0.034980865561054 -999 0.955974920265737
  1 52 1 5 100 -999 0.00902150803234182 -999 -999 -999 -999 -999 -999 -999 0.035562128627011 -999 0.955416363340647
  1 53 1 3 100 -999 0.00657010724311064 -999 -999 -999 -999 -999 3.14558830976192e-05 -999 0.0246657835166589 -999 0.968732653357133
  1 53 1 4 100 -999 0.0108636061703764 -999 -999 -999 -999 -999 5.21447036069889e-05 -999 0.0416341822093845 -999 0.947450066916632
  1 53 1 5 100 -999 0.0107897274491867 -999 -999 -999 -999 -999 5.18834114281937e-05 -999 0.0421264765618847 -999 0.9470319125775
  1 54 1 2 100 -999 -999 -999 -999 -999 -999 -999 7.37818170262547e-07 -999 -999 -999 0.99999926218183
  1 54 1 3 100 -999 0.00533939041459736 -999 -999 -999 -999 -999 8.73698084835613e-05 -999 0.0226164845064286 -999 0.97195675527049
  1 54 1 4 100 -999 0.00875181587107355 -999 -999 -999 -999 -999 0.000144649553804543 -999 0.0378471248867301 -999 0.953256409688392
  1 54 1 5 100 -999 0.00872620381439538 -999 -999 -999 -999 -999 0.000145858054265028 -999 0.0384317470056043 -999 0.952696191125735
  1 55 1 3 100 -999 0.00637829256422881 -999 -999 -999 -999 -999 0.000334115511663186 -999 0.0238011635436813 -999 0.969486428380427
  1 55 1 4 100 -999 0.0103304750565309 -999 -999 -999 -999 -999 0.000567625171131991 -999 0.0393759993742587 -999 0.949725900398078
  1 55 1 5 100 -999 0.0102888017380886 -999 -999 -999 -999 -999 0.000583912282843519 -999 0.0399805886092057 -999 0.949146697369862
  1 56 1 3 100 -999 0.00489516238553015 -999 -999 -999 -999 -999 0.000218371154580948 -999 0.0239769862903301 -999 0.970909480169559
  1 56 1 4 100 -999 0.00785610771096086 -999 -999 -999 -999 -999 0.000473432702440438 -999 0.0392631323024542 -999 0.952407327284144
  1 56 1 5 100 -999 0.00783753964265347 -999 -999 -999 -999 -999 0.000624737975866397 -999 0.0399202598963717 -999 0.951617462485108
  1 57 1 3 100 -999 0.00853279401159438 -999 -999 -999 -999 -999 6.15267425466818e-05 -999 0.0261417285970403 -999 0.965263950648819
  1 57 1 4 100 -999 0.0137015835520274 -999 -999 -999 -999 -999 9.95580888064534e-05 -999 0.0429079000333902 -999 0.943290958325776
  1 57 1 5 100 -999 0.013641941150944 -999 -999 -999 -999 -999 9.98996305138166e-05 -999 0.0435911951263088 -999 0.942666964092233
  1 58 1 2 100 -999 -999 -999 -999 -999 -999 -999 6.72773397742679e-07 -999 -999 -999 0.999999327226602
  1 58 1 3 100 -999 0.0076515942538978 -999 -999 -999 -999 -999 0.00010181273152475 -999 0.0243274174308501 -999 0.967919175583727
  1 58 1 4 100 -999 0.0123571624813061 -999 -999 -999 -999 -999 0.000165408274994836 -999 0.0401007660985937 -999 0.947376663145105
  1 58 1 5 100 -999 0.0122962137443421 -999 -999 -999 -999 -999 0.000166429212183666 -999 0.0407039584793276 -999 0.946833398564147
  1 59 1 3 100 -999 0.00613349003404859 -999 -999 -999 -999 -999 0.00022722141272901 -999 0.0280761911209499 -999 0.965563097432273
  1 59 1 4 100 -999 0.00989507265296783 -999 -999 -999 -999 -999 0.000366639782896844 -999 0.046064999696169 -999 0.943673287867966
  1 59 1 5 100 -999 0.00987977849236068 -999 -999 -999 -999 -999 0.000366137669115545 -999 0.0467406813802053 -999 0.943013402458319
  1 60 1 2 100 -999 -999 -999 -999 -999 -999 -999 1.16324993615028e-06 -999 -999 -999 0.999998836750064
  1 60 1 3 100 -999 0.00628053609810926 -999 -999 -999 -999 -999 0.000245295934562815 -999 0.0255237361425443 -999 0.967950431824784
  1 60 1 4 100 -999 0.0100058474121983 -999 -999 -999 -999 -999 0.000391700798291013 -999 0.0414739043280339 -999 0.948128547461477
  1 60 1 5 100 -999 0.0099781984357225 -999 -999 -999 -999 -999 0.000391152738619705 -999 0.0421278772521559 -999 0.947502771573502
  1 61 1 3 100 -999 0.00800006831092039 -999 -999 -999 -999 -999 0.000634911730892813 -999 0.0287681467851121 -999 0.962596873173075
  1 61 1 4 100 -999 0.0128203446776404 -999 -999 -999 -999 -999 0.00102060118636203 -999 0.0469442842888212 -999 0.939214769847176
  1 61 1 5 100 -999 0.0127896274843381 -999 -999 -999 -999 -999 0.00102160879095469 -999 0.0476455662880099 -999 0.938543197436697
  1 62 1 3 100 -999 0.00578823790396797 -999 -999 -999 -999 -999 0.000107155723962865 -999 0.0271928864949364 -999 0.966911719877133
  1 62 1 4 100 -999 0.00924265710950934 -999 -999 -999 -999 -999 0.000265559393891067 -999 0.0441426439915519 -999 0.946349139505048
  1 62 1 5 100 -999 0.00923077400638379 -999 -999 -999 -999 -999 0.000368981396991786 -999 0.0447872979233216 -999 0.945612946673303
  1 63 1 3 100 -999 0.00632871857375581 -999 -999 -999 -999 -999 7.74335249895453e-05 -999 0.0274469932147444 -999 0.96614685468651
  1 63 1 4 100 -999 0.0101070947717177 -999 -999 -999 -999 -999 0.000124141810940936 -999 0.0445873171831314 -999 0.94518144623421
  1 63 1 5 100 -999 0.0100949009040849 -999 -999 -999 -999 -999 0.000124280765975597 -999 0.0452766710125735 -999 0.944504147317366
  1 64 1 3 100 -999 0.00528921782708159 -999 -999 -999 -999 -999 4.28268785825379e-05 -999 0.0244436012452031 -999 0.970224354049133
  1 64 1 4 100 -999 0.00848458648088901 -999 -999 -999 -999 -999 9.44634688426136e-05 -999 0.03988986338347 -999 0.951531086666798
  1 64 1 5 100 -999 0.00847560314512442 -999 -999 -999 -999 -999 0.000117908151741144 -999 0.0405398448729059 -999 0.950866643830228
  1 65 1 2 100 -999 -999 -999 -999 -999 -999 -999 6.81546513989532e-08 -999 -999 -999 0.999999931845349
  1 65 1 3 100 -999 0.0066995586722737 -999 -999 -999 -999 -999 5.11675425593326e-05 -999 0.027401138475641 -999 0.965848135309526
  1 65 1 4 100 -999 0.0106663572229345 -999 -999 -999 -999 -999 8.13049214289937e-05 -999 0.0443770625778012 -999 0.944875275277835
  1 65 1 5 100 -999 0.0106517535982781 -999 -999 -999 -999 -999 8.11715641044817e-05 -999 0.0450498356575418 -999 0.944217239180076
  1 66 1 3 100 -999 0.00671659836874136 -999 -999 -999 -999 -999 0.000114304672424379 -999 0.0233409945667435 -999 0.969828102392091
  1 66 1 4 100 -999 0.0110687907976948 -999 -999 -999 -999 -999 0.000189046384145438 -999 0.0392027639602107 -999 0.949539398857949
  1 66 1 5 100 -999 0.011064328885313 -999 -999 -999 -999 -999 0.000189849213712974 -999 0.0398982130303754 -999 0.948847608870599
  1 67 1 2 100 -999 -999 -999 -999 -999 -999 -999 7.58140336383847e-07 -999 -999 -999 0.999999241859664
  1 67 1 3 100 -999 0.00475614612691397 -999 -999 -999 -999 -999 9.60977438393255e-05 -999 0.0220767884865913 -999 0.973070967642655
  1 67 1 4 100 -999 0.00803973321370979 -999 -999 -999 -999 -999 0.000162533767902953 -999 0.0380137536574318 -999 0.953783979360955
  1 67 1 5 100 -999 0.00805503336727256 -999 -999 -999 -999 -999 0.000162868800280291 -999 0.038716327426584 -999 0.953065770405863
  1 68 1 3 100 -999 0.00512047354106298 -999 -999 -999 -999 -999 0.000110710716652344 -999 0.0243377031166339 -999 0.970431112625651
  1 68 1 4 100 -999 0.00857832641140869 -999 -999 -999 -999 -999 0.000185145091404343 -999 0.0415518118783683 -999 0.949684716618819
  1 68 1 5 100 -999 0.00856077417006957 -999 -999 -999 -999 -999 0.00018449373705098 -999 0.0421927508636075 -999 0.949061981229272
  1 69 1 3 100 -999 0.00562843188180279 -999 -999 -999 -999 -999 6.34398698959942e-05 -999 0.0235331850791122 -999 0.970774943169189
  1 69 1 4 100 -999 0.00950136788548039 -999 -999 -999 -999 -999 0.000108058735506525 -999 0.040434632711504 -999 0.949955940667509
  1 69 1 5 100 -999 0.00949304339555609 -999 -999 -999 -999 -999 0.000108803391602474 -999 0.0410733342544409 -999 0.9493248189584
  1 70 1 2 100 -999 -999 -999 -999 -999 -999 -999 2.06866763336042e-07 -999 -999 -999 0.999999793133237
  1 70 1 3 100 -999 0.00542307881406695 -999 -999 -999 -999 -999 0.000103068655381613 -999 0.021639726353745 -999 0.972834126176806
  1 70 1 4 100 -999 0.009194869938799 -999 -999 -999 -999 -999 0.000175859166479395 -999 0.0374331999370537 -999 0.953196070957668
  1 70 1 5 100 -999 0.00917347228002386 -999 -999 -999 -999 -999 0.000175108129062963 -999 0.038078761557702 -999 0.952572658033211
  1 71 1 2 100 -999 -999 -999 -999 -999 -999 -999 8.6851395734625e-07 -999 -999 -999 0.999999131486043
  1 71 1 3 100 -999 0.00571956178087096 -999 -999 -999 -999 -999 0.000274586591018434 -999 0.0239573566685918 -999 0.970048494959519
  1 71 1 4 100 -999 0.00978573283776361 -999 -999 -999 -999 -999 0.000471195272514178 -999 0.0417096695975012 -999 0.948033402292221
  1 71 1 5 100 -999 0.00976829234656764 -999 -999 -999 -999 -999 0.000472691802414237 -999 0.0423558299178882 -999 0.94740318593313
  1 72 1 2 100 -999 -999 -999 -999 -999 -999 -999 3.14986424867329e-06 -999 -999 -999 0.999996850135751
  1 72 1 3 100 -999 0.00523926330640771 -999 -999 -999 -999 -999 0.000482202501809101 -999 0.0222542134917936 -999 0.97202432069999
  1 72 1 4 100 -999 0.00906869046870622 -999 -999 -999 -999 -999 0.000938383195510035 -999 0.039240112897328 -999 0.950752813438456
  1 72 1 5 100 -999 0.00904179486113722 -999 -999 -999 -999 -999 0.00105683909751648 -999 0.0398612076656102 -999 0.950040158375736
  1 73 1 3 100 -999 0.00726781794590962 -999 -999 -999 -999 -999 0.00104943064088935 -999 0.0237860291012503 -999 0.967896722311951
  1 73 1 4 100 -999 0.0125160828642036 -999 -999 -999 -999 -999 0.00197030391816589 -999 0.0417860950939636 -999 0.943727518123667
  1 73 1 5 100 -999 0.0124513433282021 -999 -999 -999 -999 -999 0.00216553017162377 -999 0.0423800355452712 -999 0.943003090954903
  1 74 1 3 100 -999 0.00424696731610684 -999 -999 -999 -999 -999 0.000824273716186941 -999 0.0222534683096896 -999 0.972675290658017
  1 74 1 4 100 -999 0.00734984650946808 -999 -999 -999 -999 -999 0.00197087068724226 -999 0.0391885206223892 -999 0.9514907621809
  1 74 1 5 100 -999 0.0073217843943329 -999 -999 -999 -999 -999 0.00252209414133468 -999 0.0397002643539789 -999 0.950455857110354
  1 75 1 3 100 -999 0.00532818286535172 -999 -999 -999 -999 -999 0.000134173574205545 -999 0.0225793714949655 -999 0.971958272065477
  1 75 1 4 100 -999 0.00931534972573506 -999 -999 -999 -999 -999 0.00038800528782245 -999 0.0402095473842995 -999 0.950087097602143
  1 75 1 5 100 -999 0.00927173093696444 -999 -999 -999 -999 -999 0.00056285166077184 -999 0.0407783149201248 -999 0.949387102482139
  1 76 1 3 100 -999 0.00676676087064973 -999 -999 -999 -999 -999 0.000146524039435792 -999 0.0217740195375738 -999 0.971312695552341
  1 76 1 4 100 -999 0.0118582229677868 -999 -999 -999 -999 -999 0.000317967162150288 -999 0.0389239301177083 -999 0.948899879752355
  1 76 1 5 100 -999 0.0117890162889557 -999 -999 -999 -999 -999 0.000363156664450275 -999 0.0394973041146153 -999 0.948350522931979
  1 77 1 3 100 -999 0.00433667704725983 -999 -999 -999 -999 -999 0.000178139525157728 -999 0.0209822181837815 -999 0.974502965243801
  1 77 1 4 100 -999 0.00762517745048478 -999 -999 -999 -999 -999 0.000316853746310326 -999 0.0375912731150711 -999 0.954466695688134
  1 77 1 5 100 -999 0.00758839511618823 -999 -999 -999 -999 -999 0.000319176208619377 -999 0.0381229167080425 -999 0.95396951196715
  1 78 1 2 100 -999 1.30600751757399e-05 -999 -999 -999 -999 -999 -999 -999 6.16471351814796e-05 -999 0.999925292789643
  1 78 1 3 100 -999 0.00457652111726107 -999 -999 -999 -999 -999 0.000104105368786987 -999 0.0225007342883663 -999 0.972818639225586
  1 78 1 4 100 -999 0.00783723111993187 -999 -999 -999 -999 -999 0.000228537134442272 -999 0.0393282282087677 -999 0.952606003536858
  1 78 1 5 100 -999 0.00778486504601933 -999 -999 -999 -999 -999 0.000261433349552578 -999 0.0398379860983646 -999 0.952115715506064
  1 79 1 3 100 -999 0.00545305479367246 -999 -999 -999 -999 -999 9.42451131517279e-05 -999 0.0208780365295733 -999 0.973574663563603
  1 79 1 4 100 -999 0.00946794800432825 -999 -999 -999 -999 -999 0.00016424777047221 -999 0.0369896164491454 -999 0.953378187776054
  1 79 1 5 100 -999 0.00944250409011918 -999 -999 -999 -999 -999 0.000164715971199643 -999 0.0376342015900615 -999 0.95275857834862
  1 80 1 3 100 -999 0.00425384095147537 -999 -999 -999 -999 -999 0.000148100390154879 -999 0.0203417516579753 -999 0.975256307000394
  1 80 1 4 100 -999 0.00740036055385355 -999 -999 -999 -999 -999 0.00025755870443976 -999 0.0360704716021902 -999 0.956271609139516
  1 80 1 5 100 -999 0.00736764851720542 -999 -999 -999 -999 -999 0.000255486348743688 -999 0.0366072100642719 -999 0.955769655069779
  1 1 3 3 100 7.19846798900775e-05 -999 -999 -999 -999 3.42912391567747e-05 2.3718103641987e-05 7.271372239158e-05 -999 5.59795266267562e-05 -999 0.999741312728293
  1 1 3 4 100 0.0124927850685831 -999 -999 -999 -999 0.00577205963032009 0.00413326080083006 0.0122078617175494 -999 0.00973276180641256 -999 0.955661270976305
  1 1 3 5 100 0.0248390099947943 -999 -999 -999 -999 0.0111796565304533 0.0088934960799744 0.023619903718024 -999 0.0194056219222176 -999 0.912062311754536
  1 2 3 3 100 7.13123837171041e-05 -999 -999 -999 -999 3.10000551116776e-05 2.46586517498317e-05 6.76526265093065e-05 -999 6.08175893206687e-05 -999 0.999744558693591
  1 2 3 4 100 0.0118941250253888 -999 -999 -999 -999 0.00502888490468024 0.00412834602414647 0.010927228386593 -999 0.0101620810860612 -999 0.95785933457313
  1 2 3 5 100 0.023313620678109 -999 -999 -999 -999 0.00963895564220345 0.00874470892972182 0.0208797219477982 -999 0.0199800761047545 -999 0.917442916697413
  1 3 3 3 100 7.58842839615109e-05 -999 -999 -999 -999 5.0237515475651e-05 2.2907388188153e-05 6.11854126556909e-05 -999 6.64497121774712e-05 -999 0.999723335687542
  1 3 3 4 100 0.0127317103174952 -999 -999 -999 -999 0.00817271200070183 0.00386364110433935 0.00995659595356325 -999 0.011160959050139 -999 0.954114381573761
  1 3 3 5 100 0.0251898465275566 -999 -999 -999 -999 0.015762741872616 0.00827285136295053 0.019216437179829 -999 0.0221446065822348 -999 0.909413516474813
  1 4 3 3 100 7.7269554952932e-05 -999 -999 -999 -999 4.26156796021311e-05 2.56509349646361e-05 5.46564787527127e-05 -999 6.41095100038794e-05 -999 0.999735697841724
  1 4 3 4 100 0.0129518355503713 -999 -999 -999 -999 0.00693290060055424 0.00432714491330452 0.00887573162133095 -999 0.0107677692155301 -999 0.956144618098909
  1 4 3 5 100 0.02540558909635 -999 -999 -999 -999 0.0132618685340615 0.00919240576011326 0.0169405369428675 -999 0.0211903427232382 -999 0.91400925694337
  1 5 3 3 100 7.04668712085447e-05 -999 -999 -999 -999 2.87652947698442e-05 2.21593398364588e-05 4.42838550366263e-05 -999 6.14113818220574e-05 -999 0.999772913257326
  1 5 3 4 100 0.0118948030566168 -999 -999 -999 -999 0.00470913170156978 0.00376303871273578 0.00721577948585532 -999 0.0103841582972985 -999 0.962033088745924
  1 5 3 5 100 0.0234086756880903 -999 -999 -999 -999 0.0090402458551795 0.00802732793642423 0.013813653410273 -999 0.0205111020654009 -999 0.925198995044632
  1 6 3 3 100 6.78002644331157e-05 -999 -999 -999 -999 3.643409836105e-05 1.97699980507695e-05 2.09335425508357e-05 -999 5.77640492179952e-05 -999 0.999797298047386
  1 6 3 4 100 0.0119398967239791 -999 -999 -999 -999 0.00620754202805017 0.00350274209330902 0.00353621587430601 -999 0.0101981084123002 -999 0.964615494868056
  1 6 3 5 100 0.0235455709266599 -999 -999 -999 -999 0.0119094867575495 0.00747743100188162 0.00673331559554757 -999 0.0201752930585279 -999 0.930158902659834
  1 7 3 3 100 6.88627377797851e-05 -999 -999 -999 -999 3.79040205639232e-05 1.92746030690531e-05 5.20535673218195e-05 -999 5.90917388599325e-05 -999 0.999762813332405
  1 7 3 4 100 0.0123181800840026 -999 -999 -999 -999 0.00658226788513758 0.00347692631802921 0.00903671612081053 -999 0.0105809576618138 -999 0.958004951930206
  1 7 3 5 100 0.0243299742327506 -999 -999 -999 -999 0.012685413051656 0.00744230756139284 0.0174057452650885 -999 0.0209458202451687 -999 0.917190739643943
  1 8 3 3 100 7.04902113966746e-05 -999 -999 -999 -999 3.25175040934869e-05 2.69130117278115e-05 4.13067708624548e-05 -999 5.90949235046105e-05 -999 0.999769677578415
  1 8 3 4 100 0.0120521484668423 -999 -999 -999 -999 0.0054000910635195 0.0046265349166423 0.00682010976286265 -999 0.0101209495738141 -999 0.960980166216319
  1 8 3 5 100 0.0237931057294671 -999 -999 -999 -999 0.0104180850670569 0.00989425422496026 0.0130850575113748 -999 0.0200352776262524 -999 0.922774219840889
  1 9 3 3 100 7.36555556045168e-05 -999 -999 -999 -999 4.886588561491e-05 2.39848972049739e-05 4.34413021835267e-05 -999 6.23890103481965e-05 -999 0.999747663349044
  1 9 3 4 100 0.0127762719856335 -999 -999 -999 -999 0.00822926779432848 0.00419066527162404 0.00730523437706667 -999 0.0108373510804806 -999 0.956661209490867
  1 9 3 5 100 0.0250522425722996 -999 -999 -999 -999 0.0157415441998242 0.00891042195023165 0.0139638993352243 -999 0.0213178639355313 -999 0.915014028006889
  1 10 3 3 100 6.82968435642102e-05 -999 -999 -999 -999 3.39749676433343e-05 2.24256919955262e-05 3.40445346108648e-05 -999 5.62525367513353e-05 -999 0.999785005425435
  1 10 3 4 100 0.0118526914014111 -999 -999 -999 -999 0.00570836530190254 0.00392047464265995 0.00568954238315442 -999 0.00977241869248376 -999 0.963056507578388
  1 10 3 5 100 0.0235594214959869 -999 -999 -999 -999 0.0110399200438471 0.00847825762458176 0.0109596407075722 -999 0.0194798450282086 -999 0.926482915099803
  1 11 3 3 100 7.01336971993654e-05 -999 -999 -999 -999 3.10237155132826e-05 2.75682068407629e-05 6.57782598491357e-05 -999 5.89084549756757e-05 -999 0.999746587665622
  1 11 3 4 100 0.0121669848347874 -999 -999 -999 -999 0.0052298559656052 0.00480803716730841 0.0110279151949913 -999 0.0102443457150559 -999 0.956522861122252
  1 11 3 5 100 0.0238476693400847 -999 -999 -999 -999 0.0100090957505291 0.0101635158700412 0.0210025455458776 -999 0.0201521621402938 -999 0.914825011353174
  1 12 3 3 100 7.38418446804301e-05 -999 -999 -999 -999 4.54074187185639e-05 2.42062894394107e-05 5.79837666300464e-05 -999 5.55097821862739e-05 -999 0.999743050898345
  1 12 3 4 100 0.0128939950224955 -999 -999 -999 -999 0.00768704797567356 0.00425370835883839 0.009769877362504 -999 0.00971555688815921 -999 0.955679814392329
  1 12 3 5 100 0.0254905438051 -999 -999 -999 -999 0.0148153251487345 0.00910842849015514 0.0187437093315216 -999 0.0192713354057358 -999 0.912570657818753
  1 13 3 3 100 6.55473161596611e-05 -999 -999 -999 -999 2.76560659219381e-05 2.46510578251843e-05 4.10162219901527e-05 -999 5.25678850195559e-05 -999 0.999788561453083
  1 13 3 4 100 0.0119515653544372 -999 -999 -999 -999 0.00487811077240076 0.00451088238239987 0.00719217227838237 -999 0.00961041594068633 -999 0.961856853271693
  1 13 3 5 100 0.0235427312508308 -999 -999 -999 -999 0.00935139945055456 0.00959265463238245 0.0137253270745666 -999 0.0190009287310156 -999 0.92478695886065
  1 14 3 3 100 6.82240134886385e-05 -999 -999 -999 -999 3.08646093122198e-05 2.53316223874574e-05 4.66927467514514e-05 -999 5.85801930529262e-05 -999 0.999770306815007
  1 14 3 4 100 0.0116269470950063 -999 -999 -999 -999 0.00508951582836184 0.00432546529857109 0.00766657785257283 -999 0.00999288885055591 -999 0.961298605074932
  1 14 3 5 100 0.0228216899929951 -999 -999 -999 -999 0.00972458404847243 0.00915263760801184 0.0145921314771357 -999 0.0196721726144125 -999 0.924036784258972
  1 15 3 3 100 5.38771782633247e-05 -999 -999 -999 -999 3.02493403052152e-05 2.23818755470429e-05 1.52983833330217e-05 -999 5.18626521212565e-05 -999 0.99982633057043
  1 15 3 4 100 0.0103290673517426 -999 -999 -999 -999 0.00561176334907059 0.00431666782848733 0.00281493161412671 -999 0.00996948428150632 -999 0.966958085575066
  1 15 3 5 100 0.0209289304874744 -999 -999 -999 -999 0.0110773021673967 0.00951479920919212 0.00551117830343166 -999 0.0202748079794573 -999 0.932692981853048
  1 16 3 3 100 3.8065051865301e-05 -999 -999 -999 -999 2.443277885224e-05 2.02699562281222e-05 1.74231516333686e-05 -999 4.70627510327509e-05 -999 0.999852746310388
  1 16 3 4 100 0.00746750518948777 -999 -999 -999 -999 0.00464439155922745 0.00398390320657575 0.00329555835866618 -999 0.00925043550388917 -999 0.971358206182154
  1 16 3 5 100 0.0157531849567792 -999 -999 -999 -999 0.00955139158455002 0.00905873441117457 0.00674592061639208 -999 0.0195699419287276 -999 0.939320826502377
  1 17 3 3 100 2.62579964148003e-05 -999 -999 -999 -999 1.95376427058625e-05 1.76759842504431e-05 4.23302271996072e-06 -999 3.65627828719139e-05 -999 0.999895732571037
  1 17 3 4 100 0.00580837163118742 -999 -999 -999 -999 0.00416475069373461 0.00391483645801056 0.000893740088870916 -999 0.00810428106193369 -999 0.977114020066263
  1 17 3 5 100 0.0130441475268223 -999 -999 -999 -999 0.00906586822698404 0.009501100042474 0.00192988701440721 -999 0.0182523897352876 -999 0.948206607454025
  1 18 3 3 100 2.06812904505381e-05 -999 -999 -999 -999 2.04739075114437e-05 1.60478667096895e-05 6.51890732416723e-06 -999 3.52384008635554e-05 -999 0.999901039627141
  1 18 3 4 100 0.00438507956445858 -999 -999 -999 -999 0.00417387879673623 0.00339850537739956 0.00132098311786178 -999 0.00748415551827382 -999 0.97923739762527
  1 18 3 5 100 0.0104180478389534 -999 -999 -999 -999 0.00961264286344699 0.00870322526637259 0.00302729257326842 -999 0.0178474426746908 -999 0.950391348783268
  1 19 3 3 100 1.67183519981699e-05 -999 -999 -999 -999 8.95881477189802e-06 1.74171439599619e-05 2.78385687276172e-06 -999 3.58588905768255e-05 -999 0.99991826294182
  1 19 3 4 100 0.00335084674150343 -999 -999 -999 -999 0.00173707810432936 0.00348376944928347 0.000533212799244093 -999 0.00719997685519378 -999 0.983695116050446
  1 19 3 5 100 0.0082515289771025 -999 -999 -999 -999 0.00416424161470418 0.00927226019572408 0.00126146309295381 -999 0.0177802131763595 -999 0.959270292943156
  1 20 3 3 100 1.73738714313482e-05 -999 -999 -999 -999 2.1328117976169e-05 1.62699751307325e-05 4.82629311850099e-06 -999 3.37402852940583e-05 -999 0.999906461457049
  1 20 3 4 100 0.00332686356052956 -999 -999 -999 -999 0.003925735436345 0.00303952631370171 0.000879803526339374 -999 0.00647678128466475 -999 0.98235128987842
  1 20 3 5 100 0.00844454688276403 -999 -999 -999 -999 0.00961235587502305 0.0079960271474329 0.00213053351944738 -999 0.0164921706838693 -999 0.955324365891463
  1 21 3 3 100 1.56607206060108e-05 -999 -999 -999 -999 1.25025891292748e-05 1.66253566956016e-05 2.77095608869677e-06 -999 3.70705886527393e-05 -999 0.999915369788828
  1 21 3 4 100 0.00280509461551769 -999 -999 -999 -999 0.00216232359084103 0.0029110478149862 0.000474083998003175 -999 0.00666199451087725 -999 0.984985455469775
  1 21 3 5 100 0.00717318667593017 -999 -999 -999 -999 0.00534608895008528 0.00765626917403477 0.00115629660204457 -999 0.0171052555558594 -999 0.961562903042046
  1 22 3 3 100 1.57418065437833e-05 -999 -999 -999 -999 1.08220776691225e-05 1.81598263143997e-05 2.75426041708305e-06 -999 3.9813779458228e-05 -999 0.999912708249597
  1 22 3 4 100 0.00252759829932528 -999 -999 -999 -999 0.00167980446435129 0.00283873613446405 0.000423249843812281 -999 0.00640357265102697 -999 0.98612703860702
  1 22 3 5 100 0.00645147371403872 -999 -999 -999 -999 0.00414488663600314 0.00738074828944552 0.00103346748015714 -999 0.0163620260130235 -999 0.964627397867332
  1 23 3 3 100 1.63021057557659e-05 -999 -999 -999 -999 1.61831632873569e-05 1.8954870551162e-05 3.63632237943772e-06 -999 3.74802456760026e-05 -999 0.99990744329235
  1 23 3 4 100 0.00264534323924212 -999 -999 -999 -999 0.00254150900744638 0.00300795696817962 0.00056530836551052 -999 0.00611088034101208 -999 0.985129002078609
  1 23 3 5 100 0.00681473401308688 -999 -999 -999 -999 0.00633094804406325 0.0079699556662831 0.00139708117768545 -999 0.0158309745114817 -999 0.9616563065874
  1 24 3 3 100 1.60669983565687e-05 -999 -999 -999 -999 1.16058429225754e-05 1.89918672471055e-05 5.00565314143634e-06 -999 3.63693474915987e-05 -999 0.999911960290841
  1 24 3 4 100 0.00249887227216273 -999 -999 -999 -999 0.00174980878961295 0.0028896496446952 0.000749243181793051 -999 0.00567331065836314 -999 0.986439115453373
  1 24 3 5 100 0.00643201944666509 -999 -999 -999 -999 0.00436107472844662 0.00759306227285924 0.00185124439322422 -999 0.0146577257474142 -999 0.965104873411391
  1 25 3 3 100 1.64892120971414e-05 -999 -999 -999 -999 9.87640441209204e-06 2.10779926789161e-05 7.70792115424351e-06 -999 3.790540013298e-05 -999 0.999906943069525
  1 25 3 4 100 0.00249696733240513 -999 -999 -999 -999 0.00145608777676401 0.00311696580681571 0.00112026498512493 -999 0.00575678893380492 -999 0.986052925165085
  1 25 3 5 100 0.00631403345075089 -999 -999 -999 -999 0.00358255455510651 0.00800323189264279 0.00271354167251188 -999 0.0146078548056505 -999 0.964778783623337
  1 26 3 3 100 1.69843692014693e-05 -999 -999 -999 -999 1.67636594676373e-05 1.69936538742713e-05 7.4364127595321e-06 -999 3.90628975020647e-05 -999 0.999902759007195
  1 26 3 4 100 0.00262160625273128 -999 -999 -999 -999 0.00250619431700178 0.00256857926582939 0.00110381554629968 -999 0.00604177254141282 -999 0.985158032076725
  1 26 3 5 100 0.00652370234756446 -999 -999 -999 -999 0.00604049450182663 0.00651098592551521 0.00263633345543447 -999 0.0150971930399356 -999 0.963191290729724
  1 27 3 3 100 1.53482009207064e-05 -999 -999 -999 -999 7.97240803156433e-06 1.67840319030246e-05 8.54204119053956e-06 -999 3.87591587896734e-05 -999 0.999912594159164
  1 27 3 4 100 0.00240588991799699 -999 -999 -999 -999 0.00122004893942809 0.00256543531289641 0.0012826202209353 -999 0.00607814135503216 -999 0.986447864253711
  1 27 3 5 100 0.00587104567394716 -999 -999 -999 -999 0.00290552498471172 0.00632749929806926 0.00299335782406834 -999 0.014840260067157 -999 0.967062312152047
  1 28 3 3 100 1.59220097734972e-05 -999 -999 -999 -999 1.42292679378093e-05 1.56685802107437e-05 8.26817749091246e-06 -999 3.70575488824227e-05 -999 0.999908854415705
  1 28 3 4 100 0.00269227115649842 -999 -999 -999 -999 0.00232695301833305 0.00258991995320349 0.0013421330573615 -999 0.0062699005725744 -999 0.984778822242029
  1 28 3 5 100 0.00640087775409185 -999 -999 -999 -999 0.00535494756397467 0.00624277721344743 0.00306292102595432 -999 0.0149325035324726 -999 0.964005972910059
  1 29 3 3 100 1.47463352857036e-05 -999 -999 -999 -999 1.27421662548356e-05 1.55048093142476e-05 1.15741587215567e-05 -999 3.45062257409018e-05 -999 0.999910926304683
  1 29 3 4 100 0.00270530206371456 -999 -999 -999 -999 0.00226401613162251 0.0027797693668457 0.00204313966981045 -999 0.00633560318526274 -999 0.983872169582744
  1 29 3 5 100 0.00650163183312751 -999 -999 -999 -999 0.0052689293215861 0.00674740042535857 0.00472373344090529 -999 0.015248650456156 -999 0.961509654522867
  1 30 3 3 100 1.39401435000563e-05 -999 -999 -999 -999 7.6961934472334e-06 1.74900165825341e-05 6.91779257304201e-06 -999 3.21864025440064e-05 -999 0.999921769451353
  1 30 3 4 100 0.00257141834226858 -999 -999 -999 -999 0.0013819444008067 0.00313774836628565 0.00122184109461768 -999 0.0059434773282098 -999 0.985743570467812
  1 30 3 5 100 0.00610313088428944 -999 -999 -999 -999 0.0031978898930029 0.00747263744194493 0.00278165741348261 -999 0.0141290740489416 -999 0.966315610318339
  1 31 3 3 100 1.44453797541191e-05 -999 -999 -999 -999 1.2417086749841e-05 1.70221990781835e-05 6.13821124167036e-06 -999 3.10904311103556e-05 -999 0.999918886692066
  1 31 3 4 100 0.00284280537155699 -999 -999 -999 -999 0.00237750412461972 0.00328033476839809 0.00116220202381552 -999 0.00614145140227385 -999 0.984195702309336
  1 31 3 5 100 0.00675987047378139 -999 -999 -999 -999 0.00550649793212127 0.00788266295005654 0.00265952930599999 -999 0.0146643996179876 -999 0.962527039720053
  1 32 3 3 100 1.31182312473812e-05 -999 -999 -999 -999 8.26705680687378e-06 1.63321437488481e-05 5.04669921597419e-06 -999 2.98927106425173e-05 -999 0.999927343158338
  1 32 3 4 100 0.00265768839160371 -999 -999 -999 -999 0.00162113938988329 0.00322901867497471 0.000976587164980448 -999 0.00606044611589413 -999 0.985455120262664
  1 32 3 5 100 0.00637387264543609 -999 -999 -999 -999 0.00377155166732028 0.00783119568536099 0.00224293438154363 -999 0.0145610555421808 -999 0.965219390078158
  1 33 3 3 100 1.26738965097811e-05 -999 -999 -999 -999 6.48646163184816e-06 1.67122731278324e-05 5.49465719852606e-06 -999 2.85447036089972e-05 -999 0.999930088007923
  1 33 3 4 100 0.00268026348109091 -999 -999 -999 -999 0.00133541220951721 0.00344159419874089 0.00111300500873592 -999 0.00605563972195192 -999 0.985374085379963
  1 33 3 5 100 0.00652333607556818 -999 -999 -999 -999 0.00317660297051957 0.00846234325892292 0.00260045328799032 -999 0.0148062734451417 -999 0.964430990961857
  1 34 3 3 100 1.31066170267755e-05 -999 -999 -999 -999 1.01247649562172e-05 1.43387695260536e-05 4.86002893019371e-06 -999 3.10082195530052e-05 -999 0.999926561600008
  1 34 3 4 100 0.00273553970363182 -999 -999 -999 -999 0.00203814878345262 0.00290922127943746 0.000968759530468062 -999 0.00648733939212428 -999 0.984860991310886
  1 34 3 5 100 0.00668630353402482 -999 -999 -999 -999 0.00482943270166065 0.00716398166821582 0.00227216343879015 -999 0.0159204019033912 -999 0.963127716753917
  1 35 3 3 100 1.30678549765149e-05 -999 -999 -999 -999 6.90737766202234e-06 1.65118068934688e-05 4.85201617587692e-06 -999 3.0156480135454e-05 -999 0.999928504464157
  1 35 3 4 100 0.00261401937078271 -999 -999 -999 -999 0.00134075894170372 0.00321325695553148 0.000929700474661939 -999 0.00605774106590832 -999 0.985844523191412
  1 35 3 5 100 0.00645392950403751 -999 -999 -999 -999 0.00322003032772442 0.00802059212034854 0.00220654061140472 -999 0.015018052292105 -999 0.96508085514438
  1 36 3 3 100 1.39048162853493e-05 -999 -999 -999 -999 1.20155191844289e-05 1.38208503522906e-05 4.5638811441947e-06 -999 3.25124761600907e-05 -999 0.999923182456874
  1 36 3 4 100 0.00275005809494161 -999 -999 -999 -999 0.0022931793468129 0.00266463214739438 0.0008621211126254 -999 0.00643463867882242 -999 0.984995370619403
  1 36 3 5 100 0.00680135506654938 -999 -999 -999 -999 0.00548625857167817 0.006684536371861 0.00203861172559258 -999 0.0159454812404065 -999 0.963043757023912
  1 37 3 3 100 1.31287432996098e-05 -999 -999 -999 -999 8.12735254550542e-06 1.65370055075718e-05 6.42454238850106e-06 -999 2.86406539599325e-05 -999 0.999927141702299
  1 37 3 4 100 0.00266855074530852 -999 -999 -999 -999 0.00159667627659106 0.00326399937132294 0.0012457705549576 -999 0.0058409229944552 -999 0.985384080057365
  1 37 3 5 100 0.0067062429766199 -999 -999 -999 -999 0.00389508853757073 0.00827427124669486 0.00299790104873542 -999 0.0147340428831428 -999 0.963392453307236
  1 38 3 3 100 1.33704562463678e-05 -999 -999 -999 -999 6.90439450718621e-06 1.42269744848487e-05 7.02017081277999e-06 -999 3.10376470942286e-05 -999 0.999927440356855
  1 38 3 4 100 0.00255102900987457 -999 -999 -999 -999 0.00128155994984546 0.00264760391209147 0.00128628209940073 -999 0.00594196796748034 -999 0.986291557061307
  1 38 3 5 100 0.00639591119912372 -999 -999 -999 -999 0.00312866367105208 0.00672513379363008 0.0031000345870507 -999 0.0149688079031864 -999 0.965681448845957
  1 39 3 3 100 1.33000341437511e-05 -999 -999 -999 -999 1.07143427623029e-05 1.4301664245057e-05 7.24282192121473e-06 -999 2.82190836677358e-05 -999 0.99992622205326
  1 39 3 4 100 0.00268515332568054 -999 -999 -999 -999 0.00209147757717736 0.002810687015742 0.00139733888503543 -999 0.0057116950419847 -999 0.98530364815438
  1 39 3 5 100 0.00677887409644391 -999 -999 -999 -999 0.00512055387232532 0.00718240333886861 0.00338272239547484 -999 0.0144499236389924 -999 0.963085522657895
  1 40 3 3 100 1.53373800135315e-05 -999 -999 -999 -999 7.28247091918745e-06 1.36181146260376e-05 8.03625478614795e-06 -999 3.5808995367e-05 -999 0.999919916784288
  1 40 3 4 100 0.002716854284283 -999 -999 -999 -999 0.0012522887712564 0.0023572711183598 0.0013616626935501 -999 0.00634617101850304 -999 0.985965752114048
  1 40 3 5 100 0.00667127882376337 -999 -999 -999 -999 0.00298568735520025 0.00586506261793962 0.00320067954233427 -999 0.015602764494469 -999 0.965674527166294
  1 41 3 3 100 2.24927639001159e-05 -999 -999 -999 -999 1.63247706514742e-05 1.97506378429225e-05 1.46024623842634e-05 -999 4.04839432088137e-05 -999 0.999886345422012
  1 41 3 4 100 0.00387762374311719 -999 -999 -999 -999 0.00273332986519188 0.00333092721292989 0.00242293040214683 -999 0.00698707341833108 -999 0.980648115358283
  1 41 3 5 100 0.00919068496802716 -999 -999 -999 -999 0.0062765018312646 0.00798270873036806 0.00551260072572726 -999 0.0165867657634789 -999 0.954450737981134
  1 42 3 3 100 2.6129578566842e-05 -999 -999 -999 -999 1.41708033579505e-05 1.74583770943248e-05 2.60127618168068e-05 -999 4.2268073846455e-05 -999 0.999873960405318
  1 42 3 4 100 0.00449916591314729 -999 -999 -999 -999 0.0023639153879424 0.00294440875332124 0.00430050300083859 -999 0.00729272174756584 -999 0.978599285197185
  1 42 3 5 100 0.0102320066594752 -999 -999 -999 -999 0.0052083243667664 0.00676964516497227 0.00938689638334829 -999 0.0166232507907489 -999 0.951779876634689
  1 43 3 3 100 2.98176425303397e-05 -999 -999 -999 -999 9.84031869485072e-06 2.319516374097e-05 1.56854533030532e-05 -999 4.09945662656868e-05 -999 0.999880466855465
  1 43 3 4 100 0.00516625371920809 -999 -999 -999 -999 0.00165691299248982 0.0039240436714753 0.00260956609270112 -999 0.00711533227858456 -999 0.979527891245541
  1 43 3 5 100 0.011232334533777 -999 -999 -999 -999 0.00350643577696206 0.00861382958802651 0.00544821951075643 -999 0.0155073921472204 -999 0.955691788443258
  1 44 3 3 100 3.47912292004086e-05 -999 -999 -999 -999 1.75750877097369e-05 1.94912838722329e-05 1.63450077658845e-05 -999 4.730870491954e-05 -999 0.999864488686532
  1 44 3 4 100 0.00598511497895106 -999 -999 -999 -999 0.00294189793863915 0.00328867377263127 0.00271337114870636 -999 0.00814837681744859 -999 0.976922565343624
  1 44 3 5 100 0.0127214125137315 -999 -999 -999 -999 0.00607814751767004 0.0070754358696401 0.00555979275845134 -999 0.0173494760296148 -999 0.951215735310892
  1 45 3 3 100 3.43311756446817e-05 -999 -999 -999 -999 1.22002926140052e-05 2.16055726537768e-05 1.49276228809836e-05 -999 4.41242261129861e-05 -999 0.999872811110094
  1 45 3 4 100 0.00646361790322648 -999 -999 -999 -999 0.0022339393072576 0.00398498407192864 0.00269962531455453 -999 0.00831254730038289 -999 0.97630528610265
  1 45 3 5 100 0.013528928032351 -999 -999 -999 -999 0.00455392143667739 0.0084453268617187 0.00542635416215032 -999 0.0174257746337001 -999 0.950619694873402
  1 46 3 3 100 3.62021528888592e-05 -999 -999 -999 -999 1.03096727504226e-05 1.77610383205479e-05 1.54575550690841e-05 -999 4.11107700405753e-05 -999 0.99987915881093
  1 46 3 4 100 0.00687082685834297 -999 -999 -999 -999 0.00190344696239689 0.00329484865701932 0.00280691072927394 -999 0.00781634373623505 -999 0.977307623056732
  1 46 3 5 100 0.0143165590976666 -999 -999 -999 -999 0.00387052533299494 0.00698565362971238 0.00562378968166488 -999 0.0163149361017264 -999 0.952888536156235
  1 47 3 3 100 3.88238699943571e-05 -999 -999 -999 -999 1.83648840195679e-05 1.75261069066109e-05 2.33704276110683e-05 -999 4.38164921216358e-05 -999 0.999858098219347
  1 47 3 4 100 0.00774799579316654 -999 -999 -999 -999 0.00354685567631812 0.00342788055168964 0.00446811804731679 -999 0.00875190365100294 -999 0.972057246280506
  1 47 3 5 100 0.0161205291663612 -999 -999 -999 -999 0.00716583047460798 0.00727844645619486 0.00895101233399949 -999 0.0182509411976133 -999 0.942233240371223
  1 48 3 3 100 3.76814758326209e-05 -999 -999 -999 -999 9.87323276961321e-06 1.62290767931092e-05 1.39607792145931e-05 -999 4.53238867167346e-05 -999 0.999876931548673
  1 48 3 4 100 0.00730488624457536 -999 -999 -999 -999 0.00186033747261986 0.00307742751709116 0.0025919272819733 -999 0.00879847308021117 -999 0.976366948403529
  1 48 3 5 100 0.0151396678844707 -999 -999 -999 -999 0.00376180166831389 0.00649551566473448 0.00517862821091731 -999 0.0182677026056017 -999 0.951156683965962
  1 49 3 3 100 4.0236815639291e-05 -999 -999 -999 -999 1.93346122776854e-05 2.1180390277692e-05 1.57213633239534e-05 -999 4.44565170571809e-05 -999 0.999859070301424
  1 49 3 4 100 0.0081644491404503 -999 -999 -999 -999 0.00379900514139324 0.00420361947034652 0.00306029319049777 -999 0.00903529443090175 -999 0.97173733862641
  1 49 3 5 100 0.0171308269754297 -999 -999 -999 -999 0.0077625541621386 0.00898161760401387 0.00619193291418514 -999 0.018999349988867 -999 0.940933718355366
  1 50 3 3 100 4.04757397776738e-05 -999 -999 -999 -999 1.73077302956331e-05 1.76285847335954e-05 2.38583846769818e-05 -999 4.22629943358179e-05 -999 0.99985846656618
  1 50 3 4 100 0.00801850565758635 -999 -999 -999 -999 0.00331595709594994 0.00341275293860565 0.0045218040668429 -999 0.00837970097110751 -999 0.972351279269908
  1 50 3 5 100 0.0167367056648433 -999 -999 -999 -999 0.00672386613067548 0.00728114732240507 0.00906946913026599 -999 0.0175199522029396 -999 0.94266885954887
  1 51 3 3 100 3.86540944857889e-05 -999 -999 -999 -999 1.07235470154145e-05 1.80248852075176e-05 2.15483920768763e-05 -999 4.35722709714314e-05 -999 0.999867476810243
  1 51 3 4 100 0.00758771553030776 -999 -999 -999 -999 0.00203994061059001 0.00345346979122847 0.00404052717546552 -999 0.00855278933674967 -999 0.974325557555659
  1 51 3 5 100 0.0160029365551422 -999 -999 -999 -999 0.00419072278609197 0.00745888430616792 0.00818366540751797 -999 0.0180667386753169 -999 0.946097052269763
  1 52 3 3 100 4.10533115106208e-05 -999 -999 -999 -999 2.10370444118305e-05 1.52641188046814e-05 2.463297213766e-05 -999 4.33826132859471e-05 -999 0.999854629939849
  1 52 3 4 100 0.00808151079342226 -999 -999 -999 -999 0.00399703297158223 0.00294086252658438 0.00463547894070076 -999 0.00853465546187895 -999 0.971810459305831
  1 52 3 5 100 0.0173012399844229 -999 -999 -999 -999 0.00830046858891763 0.00647179879621929 0.00953576249264804 -999 0.0182818765167059 -999 0.940108853621086
  1 53 3 3 100 3.93397793022097e-05 -999 -999 -999 -999 1.48542411300712e-05 1.99825528215974e-05 3.11647823993573e-05 -999 4.40401494258337e-05 -999 0.999850618494921
  1 53 3 4 100 0.00795276627304384 -999 -999 -999 -999 0.00290002896542736 0.00395124514707299 0.00602488968100541 -999 0.00891348632100536 -999 0.970257583612445
  1 53 3 5 100 0.0170099163382546 -999 -999 -999 -999 0.00602028355997219 0.00866266524897551 0.0124034062607619 -999 0.0190977475098848 -999 0.936805981082151
  1 54 3 3 100 3.97471212724321e-05 -999 -999 -999 -999 1.12945678880122e-05 1.93517711323676e-05 2.91651328843253e-05 -999 4.31857747844688e-05 -999 0.999857255632038
  1 54 3 4 100 0.00739612436364491 -999 -999 -999 -999 0.00203535559284961 0.00352184818614748 0.00516537429190714 -999 0.00804888947099174 -999 0.973832408094459
  1 54 3 5 100 0.0159421266051809 -999 -999 -999 -999 0.00427337664808909 0.00780998536865319 0.0106561817793648 -999 0.0173986010888047 -999 0.943919728509907
  1 55 3 3 100 4.3783868756406e-05 -999 -999 -999 -999 2.06566144057844e-05 1.98250467481258e-05 2.85002015084386e-05 -999 4.79008867547116e-05 -999 0.999839333381827
  1 55 3 4 100 0.007964152684091 -999 -999 -999 -999 0.00363612936017424 0.00352954749396042 0.00494797163207526 -999 0.00871859398657522 -999 0.971203604843124
  1 55 3 5 100 0.0169857967232403 -999 -999 -999 -999 0.00752452509199951 0.00773782111345127 0.0101006939588465 -999 0.018615365500035 -999 0.939035797612427
  1 56 3 3 100 4.07980429270509e-05 -999 -999 -999 -999 1.42056655435213e-05 1.82199872316081e-05 2.77994438336046e-05 -999 4.58481804512594e-05 -999 0.999853128680013
  1 56 3 4 100 0.00737695138825467 -999 -999 -999 -999 0.00248392914063698 0.0032248160027677 0.00479736370105885 -999 0.00829667681518891 -999 0.973820262952093
  1 56 3 5 100 0.0158548340876229 -999 -999 -999 -999 0.00518714163079069 0.00712648258543327 0.00988934150208398 -999 0.0178613254366828 -999 0.944080874757386
  1 57 3 3 100 4.1463909230192e-05 -999 -999 -999 -999 1.21986163680078e-05 2.08616409370516e-05 2.14514118983387e-05 -999 4.98120686580125e-05 -999 0.999854212352908
  1 57 3 4 100 0.00719604272084951 -999 -999 -999 -999 0.00205322499995561 0.00353690065456893 0.003552897698007 -999 0.00864966797633256 -999 0.975011265950286
  1 57 3 5 100 0.0154283772115433 -999 -999 -999 -999 0.00428335450082525 0.00777329016959251 0.00729746010023594 -999 0.018567886361061 -999 0.946649631656742
  1 58 3 3 100 4.64246290990271e-05 -999 -999 -999 -999 2.09377409824009e-05 2.22513013824165e-05 2.3626165872716e-05 -999 5.07499030358156e-05 -999 0.999836010259628
  1 58 3 4 100 0.00804420587297707 -999 -999 -999 -999 0.00351462221466535 0.00378150918234336 0.00392269397371666 -999 0.00879620237273466 -999 0.971940766383563
  1 58 3 5 100 0.0171431109644258 -999 -999 -999 -999 0.00727293520441487 0.00829260341258553 0.00802005092015855 -999 0.0187684316421647 -999 0.940502867856251
  1 59 3 3 100 4.28772273441404e-05 -999 -999 -999 -999 1.19648527895419e-05 2.15965337183874e-05 2.65792336721575e-05 -999 5.29045298269524e-05 -999 0.999844077622649
  1 59 3 4 100 0.00730488259158095 -999 -999 -999 -999 0.00197655490355567 0.0035977001067671 0.00433387952366268 -999 0.00902053303030961 -999 0.973766449844124
  1 59 3 5 100 0.0155639880221305 -999 -999 -999 -999 0.00409752963269806 0.00786575917916104 0.0088664573585329 -999 0.0192608081690229 -999 0.944345457638455
  1 60 3 3 100 4.66990233726951e-05 -999 -999 -999 -999 2.39177690563171e-05 2.01375809030962e-05 2.09830398261893e-05 -999 5.28915139685558e-05 -999 0.999835371072873
  1 60 3 4 100 0.00791470186082215 -999 -999 -999 -999 0.00391868006487844 0.00334571637173233 0.00340048775509874 -999 0.00897125890970862 -999 0.97244915503776
  1 60 3 5 100 0.0166374217858162 -999 -999 -999 -999 0.00799444920378909 0.00721924952069166 0.00686247818816552 -999 0.0189095970148569 -999 0.942376804286681
  1 61 3 3 100 4.26200109637334e-05 -999 -999 -999 -999 1.84660739673295e-05 2.06597890148573e-05 2.03874847257992e-05 -999 5.41762547972474e-05 -999 0.999843690386531
  1 61 3 4 100 0.00755065100625894 -999 -999 -999 -999 0.0031541432430301 0.00357607401943458 0.00345534399040013 -999 0.00959206053099061 -999 0.972671727209886
  1 61 3 5 100 0.0159459061717946 -999 -999 -999 -999 0.006458194783712 0.00774761395199616 0.0070017719901975 -999 0.0202809168377205 -999 0.942565596264579
  1 62 3 3 100 4.2163109372853e-05 -999 -999 -999 -999 1.28070927702978e-05 1.85537840109218e-05 2.4620558137038e-05 -999 5.18085516130643e-05 -999 0.999850046904096
  1 62 3 4 100 0.00716803403352572 -999 -999 -999 -999 0.00211034088779847 0.00308539182816541 0.00399095632723807 -999 0.00879111994590314 -999 0.974854156977369
  1 62 3 5 100 0.0151261193672766 -999 -999 -999 -999 0.00433412442899391 0.00669040909809913 0.00806899305729969 -999 0.0185408734798127 -999 0.947239480568518
  1 63 3 3 100 4.39471761059291e-05 -999 -999 -999 -999 2.39711164297676e-05 1.98714135315618e-05 2.5372897431217e-05 -999 5.28104973673396e-05 -999 0.999834026899134
  1 63 3 4 100 0.00782375403562572 -999 -999 -999 -999 0.00412876997617998 0.0034653841728359 0.00432821424850995 -999 0.00940871278905606 -999 0.970845164777792
  1 63 3 5 100 0.0166388952034742 -999 -999 -999 -999 0.00852926168969348 0.00755457876735994 0.00885379889211057 -999 0.0200467375063603 -999 0.938376727941002
  1 64 3 3 100 4.21176650547852e-05 -999 -999 -999 -999 1.68128295712011e-05 1.73493729246468e-05 3.07612382068586e-05 -999 4.63787043004127e-05 -999 0.999846580189942
  1 64 3 4 100 0.00771882181317622 -999 -999 -999 -999 0.00298044812732806 0.0031133997482755 0.0054032349806065 -999 0.00849802380736535 -999 0.972286071523248
  1 64 3 5 100 0.0162457359863649 -999 -999 -999 -999 0.00608464055964001 0.00672514787560136 0.0109273277694559 -999 0.0178824933926436 -999 0.942134654416294
  1 65 3 3 100 3.96294930785394e-05 -999 -999 -999 -999 1.20813879691199e-05 2.21372958782636e-05 3.17117908859476e-05 -999 4.89200223561671e-05 -999 0.999845520009832
  1 65 3 4 100 0.00722290842294614 -999 -999 -999 -999 0.0021400560432641 0.00394489544645207 0.00553249616191478 -999 0.00892798792441344 -999 0.972231656001009
  1 65 3 5 100 0.0152992055943129 -999 -999 -999 -999 0.0044223174258022 0.00857075835757983 0.0112674580989126 -999 0.0189408856579333 -999 0.941499374865459
  1 66 3 3 100 4.00293684836662e-05 -999 -999 -999 -999 2.23498782542136e-05 1.87160910842855e-05 2.64147572776098e-05 -999 5.00107782733106e-05 -999 0.999842479126627
  1 66 3 4 100 0.00728583528187767 -999 -999 -999 -999 0.00393852074132833 0.00333448621543834 0.0045986973000957 -999 0.00910967779064928 -999 0.971732782670611
  1 66 3 5 100 0.0155440232877353 -999 -999 -999 -999 0.0081572595998965 0.00729104617737415 0.00941810668080247 -999 0.01945517097753 -999 0.940134393276662
  1 67 3 3 100 3.4309097087897e-05 -999 -999 -999 -999 1.47924137387599e-05 1.88675014507768e-05 2.08838925202662e-05 -999 4.18090303905128e-05 -999 0.999869338064812
  1 67 3 4 100 0.00669365926816129 -999 -999 -999 -999 0.00278974147081205 0.00359899646223465 0.00388055492188821 -999 0.00818396208222777 -999 0.974853085794676
  1 67 3 5 100 0.0146068921764675 -999 -999 -999 -999 0.00592230877854579 0.00807537723760109 0.0081224721806141 -999 0.0179182951285747 -999 0.945354654498197
  1 68 3 3 100 3.42356227792835e-05 -999 -999 -999 -999 1.20753793780398e-05 1.64621267646056e-05 2.35940642882855e-05 -999 4.43599408513736e-05 -999 0.999869272865938
  1 68 3 4 100 0.00633049792433118 -999 -999 -999 -999 0.00216271787238224 0.00298181018373521 0.00415764529949236 -999 0.00821259508796131 -999 0.976154733632098
  1 68 3 5 100 0.013763097284519 -999 -999 -999 -999 0.00456595494819395 0.00665710055040263 0.00864304901485794 -999 0.0178933884295386 -999 0.948477409772488
  1 69 3 3 100 3.23928802816541e-05 -999 -999 -999 -999 1.78188572369729e-05 1.70190404528493e-05 1.37837716534415e-05 -999 4.24832902263404e-05 -999 0.999876502160149
  1 69 3 4 100 0.00640556877572113 -999 -999 -999 -999 0.00340832621334807 0.00329243394477147 0.0026032154061098 -999 0.00841135574931679 -999 0.975879099910733
  1 69 3 5 100 0.014275683268278 -999 -999 -999 -999 0.00738311946254087 0.00751612813754297 0.00556362441153692 -999 0.0187774401439572 -999 0.946484004576144
  1 70 3 3 100 3.12170991790077e-05 -999 -999 -999 -999 1.20856302906868e-05 1.62916159666299e-05 1.23053732509396e-05 -999 4.02164952296517e-05 -999 0.999887883786083
  1 70 3 4 100 0.00594825864493305 -999 -999 -999 -999 0.00223002226105401 0.0030310254199035 0.00224095786781097 -999 0.00767451198999656 -999 0.978875223816302
  1 70 3 5 100 0.0131902495855192 -999 -999 -999 -999 0.00480346074924753 0.00685325871602986 0.00476554169048253 -999 0.0170500956149433 -999 0.953337393643778
  1 71 3 3 100 2.99631758854954e-05 -999 -999 -999 -999 1.05283879405195e-05 1.98887202611405e-05 1.2174862413497e-05 -999 4.32327066540532e-05 -999 0.999884212146845
  1 71 3 4 100 0.00566303346616269 -999 -999 -999 -999 0.00192672268058326 0.00367677515774861 0.00219941001159867 -999 0.00816668622345132 -999 0.978367372460455
  1 71 3 5 100 0.0126408572709287 -999 -999 -999 -999 0.00417715022404669 0.00842557241238293 0.00470689017271083 -999 0.0182444073483713 -999 0.95180512257156
  1 72 3 3 100 3.12508355194684e-05 -999 -999 -999 -999 1.67931878760749e-05 1.73829731670545e-05 1.31187769398107e-05 -999 4.29111393590163e-05 -999 0.999878543087139
  1 72 3 4 100 0.00595331965536067 -999 -999 -999 -999 0.00309664839929 0.00324133247695192 0.0023983695884638 -999 0.00818819272592978 -999 0.977122137154004
  1 72 3 5 100 0.0132607726101089 -999 -999 -999 -999 0.00669908487848221 0.00740328154843492 0.00514491080991519 -999 0.018301065777307 -999 0.949190884375752
  1 73 3 3 100 2.89913516537584e-05 -999 -999 -999 -999 9.80650320993299e-06 1.8613544901024e-05 1.58298965416135e-05 -999 4.41209874952026e-05 -999 0.999882637716198
  1 73 3 4 100 0.00537898577621918 -999 -999 -999 -999 0.00176727442655206 0.00337530716726551 0.00280873988099904 -999 0.00820084361818772 -999 0.978468849130776
  1 73 3 5 100 0.0120490491670616 -999 -999 -999 -999 0.00385129669447077 0.00772461626400677 0.00602869506363426 -999 0.0183996164714206 -999 0.951946726339406
  1 74 3 3 100 2.99546357542104e-05 -999 -999 -999 -999 1.95992090528228e-05 1.45538366745267e-05 1.72921215438565e-05 -999 4.30673004133626e-05 -999 0.999875532896561
  1 74 3 4 100 0.00577766872491417 -999 -999 -999 -999 0.00365154550429528 0.00274046248413816 0.0031788860076637 -999 0.00829777350548853 -999 0.9763536637735
  1 74 3 5 100 0.0128568174647936 -999 -999 -999 -999 0.00788954265008232 0.00623351113872737 0.00677226427423726 -999 0.0184589959300196 -999 0.94778886854214
  1 75 3 3 100 2.96447979863655e-05 -999 -999 -999 -999 1.40157353741234e-05 1.69459593456915e-05 2.94385435153414e-05 -999 4.2413400783839e-05 -999 0.999867541562995
  1 75 3 4 100 0.00575186765548313 -999 -999 -999 -999 0.00263437558652407 0.00322557800917812 0.0054839358724584 -999 0.00825316223775415 -999 0.974651080638602
  1 75 3 5 100 0.0127942767632298 -999 -999 -999 -999 0.00569449955081506 0.00735178893135627 0.0117619141464976 -999 0.018415381220198 -999 0.943982139387903
  1 76 3 3 100 2.91969623469756e-05 -999 -999 -999 -999 1.00372020684441e-05 1.8171425241876e-05 3.82421894211248e-05 -999 4.10667387384673e-05 -999 0.999863285482183
  1 76 3 4 100 0.0055311077314563 -999 -999 -999 -999 0.00184617032486743 0.00336365793249143 0.00693904864698331 -999 0.00777916624958536 -999 0.974540849114616
  1 76 3 5 100 0.0123736847758382 -999 -999 -999 -999 0.00402460302466621 0.00769053174449865 0.0149100530294514 -999 0.0174145639386757 -999 0.94358656348687
  1 77 3 3 100 2.96312341038586e-05 -999 -999 -999 -999 1.8288777153765e-05 1.72096904494389e-05 3.50927948897783e-05 -999 4.02991002500084e-05 -999 0.999859478403153
  1 77 3 4 100 0.00591229757167557 -999 -999 -999 -999 0.00352596599092533 0.0033534428026741 0.00668722620423126 -999 0.00804513439697292 -999 0.972475933033521
  1 77 3 5 100 0.0132177555534691 -999 -999 -999 -999 0.00765165497436498 0.00766511154152765 0.0143356368541697 -999 0.0180082200242146 -999 0.939121621052254
  1 78 3 3 100 2.74296754032137e-05 -999 -999 -999 -999 1.30505557177504e-05 1.52723577595591e-05 3.63571718684406e-05 -999 4.08876963858667e-05 -999 0.999867002542865
  1 78 3 4 100 0.00541583050770191 -999 -999 -999 -999 0.00248740438034201 0.00295057425213857 0.00685475924123036 -999 0.0080710974647002 -999 0.974220334153887
  1 78 3 5 100 0.0120656288639222 -999 -999 -999 -999 0.00537299107348784 0.00671946005183373 0.0146405217184284 -999 0.0179856338348309 -999 0.943215764457497
  1 79 3 3 100 2.80201742208857e-05 -999 -999 -999 -999 1.05545735522332e-05 1.91270243734464e-05 3.64945094560756e-05 -999 3.9350810209278e-05 -999 0.999866452908188
  1 79 3 4 100 0.00550131839147358 -999 -999 -999 -999 0.00200408563083917 0.00366255160037146 0.00681066091781438 -999 0.00773427721553919 -999 0.974287106243962
  1 79 3 5 100 0.0123173853199067 -999 -999 -999 -999 0.00436855261335315 0.0083835469331313 0.0145877240560087 -999 0.0173467126725416 -999 0.942996078405059
  1 80 3 3 100 3.0031000184909e-05 -999 -999 -999 -999 1.87243239178968e-05 1.64040349072179e-05 3.67739959314093e-05 -999 3.97574957545738e-05 -999 0.999858309149304
  1 80 3 4 100 0.00610335094645996 -999 -999 -999 -999 0.00368397842616406 0.00326093508837423 0.00713784956222716 -999 0.00808729347053786 -999 0.971726592506237
  1 80 3 5 100 0.013587619832001 -999 -999 -999 -999 0.00797562132553756 0.00742048261775448 0.0152438837896516 -999 0.0180313128272819 -999 0.937741079607774
  1 1 4 1 100 -999 0.00524065740603197 -999 -999 6.00223833711936e-05 -999 -999 0.0010871510406874 -999 -999 -999 0.993612169169909
  1 1 4 2 100 -999 0.00541842652970521 -999 4.37515824422606e-08 7.91762977269615e-05 -999 0.000649935654278007 0.00271968534956712 -999 -999 -999 0.99113273241714
  1 1 4 3 100 -999 0.00982722233207137 -999 1.91539552214983e-06 0.0190284669038445 -999 0.0231411090548156 0.0340364124233416 -999 -999 -999 0.913964873890405
  1 1 4 4 100 -999 0.0102913737491396 -999 2.6914966461293e-06 0.028071551550046 -999 0.0277513379726785 0.0340033702532576 -999 -999 -999 0.899879674978232
  1 1 4 5 100 -999 0.0104199975741181 -999 2.90125938655411e-06 0.0292964255523158 -999 0.0283836463723315 0.0342327445516037 -999 -999 -999 0.897664284690244
  1 2 4 1 100 -999 0.00461327740537179 -999 -999 7.82478930603918e-05 -999 -999 0.00343578828649966 -999 -999 -999 0.991872686415068
  1 2 4 2 100 -999 0.00499778881745312 -999 3.97617558742921e-07 0.000101698989085166 -999 0.0015578443493501 0.00661893602428094 -999 -999 -999 0.986723334202272
  1 2 4 3 100 -999 0.0094742191354743 -999 6.38132029142292e-06 0.022885310809123 -999 0.0275497031950159 0.0363668738923561 -999 -999 -999 0.903717511647739
  1 2 4 4 100 -999 0.00997940354045251 -999 7.67900355675262e-06 0.0341778616934226 -999 0.0334318124174956 0.0371957892384055 -999 -999 -999 0.885207454106667
  1 2 4 5 100 -999 0.0101343731260137 -999 7.8649294355028e-06 0.0357979425347823 -999 0.0343006098929823 0.0377363238198737 -999 -999 -999 0.882022885696913
  1 3 4 2 100 -999 0.0060097360222013 -999 1.30745951086623e-08 0.000158533146669701 -999 0.00979671858794326 0.0160062206413644 -999 -999 -999 0.968028778527226
  1 3 4 3 100 -999 0.00886865913684327 -999 6.1527095462596e-06 0.0146988875903582 -999 0.0208606365874987 0.0311522852682826 -999 -999 -999 0.924413378707471
  1 3 4 4 100 -999 0.00971999824923547 -999 1.33843601528022e-05 0.0319770743330776 -999 0.0295507023462774 0.0332455525015128 -999 -999 -999 0.895493288209744
  1 3 4 5 100 -999 0.00982946294967375 -999 1.45101558299653e-05 0.0330203094840155 -999 0.0300661635414858 0.0336967958401984 -999 -999 -999 0.893372758028797
  1 4 4 2 100 -999 0.00560888475572316 -999 6.38743488249232e-07 0.000186740111680846 -999 0.00506640221650486 0.0105302596338861 -999 -999 -999 0.978607074538717
  1 4 4 3 100 -999 0.00746988540271957 -999 3.6145672435657e-06 0.00573209423968955 -999 0.0158372645056242 0.0223486987942067 -999 -999 -999 0.948608442490516
  1 4 4 4 100 -999 0.00806083100702565 -999 1.61251613394061e-05 0.0292990960890434 -999 0.0269876046885712 0.021933530163181 -999 -999 -999 0.913702812890839
  1 4 4 5 100 -999 0.00811552281394845 -999 1.80899370758754e-05 0.0302733149217375 -999 0.0273782787435388 0.0221596920974376 -999 -999 -999 0.912055101486262
  1 5 4 2 100 -999 0.00472608182744114 -999 4.12516266246174e-07 0.000182226616733293 -999 0.00248009956883891 0.00564444200449025 -999 -999 -999 0.98696673746623
  1 5 4 3 100 -999 0.00813327230446599 -999 3.61516334001489e-06 0.00569056201620221 -999 0.0181100879982346 0.0241215065573517 -999 -999 -999 0.943940955960406
  1 5 4 4 100 -999 0.00926597945297178 -999 2.01121015633848e-05 0.0361318463162175 -999 0.0328095917731792 0.0254238521055641 -999 -999 -999 0.896348618250504
  1 5 4 5 100 -999 0.00950560564060136 -999 2.82910149547776e-05 0.0396475055244869 -999 0.0344953963538048 0.0260548266119149 -999 -999 -999 0.890268374854237
  1 6 4 2 100 -999 0.00647310744985056 -999 2.24774385652168e-07 0.000208261161221382 -999 0.00174987977012996 0.00571369687392144 -999 -999 -999 0.985854829970491
  1 6 4 3 100 -999 0.010482560225628 -999 1.86097250856812e-06 0.00565600842031553 -999 0.01507437090301 0.0181108965267478 -999 -999 -999 0.95067430295179
  1 6 4 4 100 -999 0.0110047738312638 -999 8.53560463646425e-06 0.0239239191769464 -999 0.0230169023059559 0.0185615284439798 -999 -999 -999 0.923484340637218
  1 6 4 5 100 -999 0.0112275430334363 -999 1.54946622579686e-05 0.030268075426645 -999 0.0256337893372225 0.0188842871636672 -999 -999 -999 0.913970810376771
  1 7 4 2 100 -999 0.0113425379118043 -999 8.64564038029503e-08 0.000220496011756484 -999 0.00104335269246431 0.0095138686590617 -999 -999 -999 0.977879658268509
  1 7 4 3 100 -999 0.0181658933005265 -999 1.51261430874312e-06 0.0112837356502945 -999 0.0165239763730083 0.0260473988343395 -999 -999 -999 0.927977483227522
  1 7 4 4 100 -999 0.0185422259371313 -999 4.14924868346803e-06 0.0247609692843159 -999 0.0217007634695988 0.0256887614638613 -999 -999 -999 0.909303130596409
  1 7 4 5 100 -999 0.0186979093561242 -999 6.43839931701383e-06 0.0313003891543875 -999 0.0239998811280019 0.0257028203180021 -999 -999 -999 0.900292561644167
  1 8 4 2 100 -999 0.00312870701526484 -999 1.57210655649036e-08 0.000328809956373435 -999 0.0014940013398572 0.0151559690992167 -999 -999 -999 0.979892496868222
  1 8 4 3 100 -999 0.00560673150868297 -999 1.4236648231634e-06 0.0206635375840178 -999 0.0237835369732447 0.0312207423438955 -999 -999 -999 0.918724027925336
  1 8 4 4 100 -999 0.00591463569876902 -999 3.84460439264087e-06 0.0332213027191385 -999 0.0295694371960851 0.0323735289823886 -999 -999 -999 0.898917250799226
  1 8 4 5 100 -999 0.00612551959656795 -999 6.76564193888173e-06 0.0395075842592281 -999 0.0322702234801232 0.0334697530347784 -999 -999 -999 0.888620153987364
  1 9 4 2 100 -999 0.00678017694433225 -999 1.26224251200801e-07 0.000244903994761023 -999 0.0016451501115857 0.0188491323520593 -999 -999 -999 0.972480510373011
  1 9 4 3 100 -999 0.0108402091765557 -999 8.46838314434911e-07 0.0177718981978989 -999 0.0193769726291921 0.0312284393971246 -999 -999 -999 0.920781633760914
  1 9 4 4 100 -999 0.01108690813461 -999 1.97058661994914e-06 0.0278942278774047 -999 0.0232725252228314 0.0311535230278154 -999 -999 -999 0.906590845150719
  1 9 4 5 100 -999 0.0112637366873297 -999 4.1619516222662e-06 0.0325591455310333 -999 0.0248270195433418 0.0314296119052447 -999 -999 -999 0.899916324381428
  1 10 4 2 100 -999 0.00611950168118363 -999 2.47014358718035e-08 0.000234819955235317 -999 0.000751118184078008 0.0190908380490811 -999 -999 -999 0.973803697428986
  1 10 4 3 100 -999 0.0102554070164652 -999 7.41980254130683e-07 0.018118394529896 -999 0.0178260146315314 0.0290847529244442 -999 -999 -999 0.924714688917409
  1 10 4 4 100 -999 0.0104809375031654 -999 1.34165402695863e-06 0.0262806317460516 -999 0.0208928474630353 0.0292335992235169 -999 -999 -999 0.913110642410204
  1 10 4 5 100 -999 0.0106483857212307 -999 2.79808775436937e-06 0.0300844434067481 -999 0.0220630321681352 0.029685634898128 -999 -999 -999 0.907515705718004
  1 11 4 1 100 -999 0.0081503806406054 -999 -999 2.97332703804456e-05 -999 -999 0.000333111321461575 -999 -999 -999 0.991486774767553
  1 11 4 2 100 -999 0.00903418486286251 -999 8.0981272039587e-08 0.000297923974560846 -999 0.00237930705064953 0.0070428580773799 -999 -999 -999 0.981245645053275
  1 11 4 3 100 -999 0.0156695105022541 -999 1.39491696856764e-06 0.0272785335347398 -999 0.0275259636486809 0.0472564244387182 -999 -999 -999 0.882268172958638
  1 11 4 4 100 -999 0.0161572989623842 -999 2.09277736929677e-06 0.0374459036930258 -999 0.0318192127107848 0.047531691350152 -999 -999 -999 0.867043800506284
  1 11 4 5 100 -999 0.0168449244036102 -999 3.63335907180139e-06 0.0435159865516983 -999 0.0344272580225052 0.049071677194591 -999 -999 -999 0.856136520468524
  1 12 4 1 100 -999 0.00359469552141018 -999 -999 7.93802738273119e-05 -999 -999 0.00164844737339501 -999 -999 -999 0.994677476831368
  1 12 4 2 100 -999 0.00392823736095418 -999 1.78987014366802e-09 0.000106399579096117 -999 0.00200514395835778 0.00568508054355723 -999 -999 -999 0.988275136768165
  1 12 4 3 100 -999 0.0058098777593829 -999 6.16339137361372e-06 0.0203129836167004 -999 0.0197816157839262 0.0244513169167817 -999 -999 -999 0.929638042531835
  1 12 4 4 100 -999 0.00587155897163726 -999 6.73474333006729e-06 0.0259930520118492 -999 0.0220628437106249 0.024242052076468 -999 -999 -999 0.921823758486091
  1 12 4 5 100 -999 0.00590646126354795 -999 7.0944140151156e-06 0.0284993190702051 -999 0.0229088541530412 0.0242469847442505 -999 -999 -999 0.91843128635494
  1 13 4 2 100 -999 0.00641199680377962 -999 5.12997161117716e-09 0.000209747257103365 -999 0.0122749994546741 0.0153861046837634 -999 -999 -999 0.965717146670708
  1 13 4 3 100 -999 0.00751727573586227 -999 6.16762325027095e-06 0.0150084188670439 -999 0.0205146544185153 0.016486624168096 -999 -999 -999 0.940466859187232
  1 13 4 4 100 -999 0.00799961975712027 -999 1.35630331506017e-05 0.0324804019935167 -999 0.0284705420971686 0.0163622659793314 -999 -999 -999 0.914673607139712
  1 13 4 5 100 -999 0.00807945288478188 -999 1.54774726624736e-05 0.0340434670869545 -999 0.0290378391659205 0.0166477666675795 -999 -999 -999 0.912175996722101
  1 14 4 2 100 -999 0.00677213323530876 -999 8.49855979095951e-10 0.000284763044901997 -999 0.0120468105713473 0.0110418562578847 -999 -999 -999 0.969854436040701
  1 14 4 3 100 -999 0.00891039459343359 -999 3.5153206130654e-06 0.0113024740067825 -999 0.0203767392886386 0.0168899286953274 -999 -999 -999 0.942516948095205
  1 14 4 4 100 -999 0.00985717295517726 -999 1.67316927778584e-05 0.0371071362848898 -999 0.0323227977742521 0.0167560257830474 -999 -999 -999 0.903940135509856
  1 14 4 5 100 -999 0.0100195823557011 -999 2.11624170246533e-05 0.0388586077430378 -999 0.0331872140720333 0.017076925341688 -999 -999 -999 0.900836508070515
  1 15 4 2 100 -999 0.00675559070695056 -999 3.52782953402611e-08 0.00022341824246276 -999 0.00177019480983674 0.00371032495374683 -999 -999 -999 0.987540436008708
  1 15 4 3 100 -999 0.0109493589333357 -999 7.43996741204745e-07 0.00851256747660214 -999 0.0170946450554628 0.0104733240343516 -999 -999 -999 0.952969360503507
  1 15 4 4 100 -999 0.0112676517488918 -999 3.45058987908761e-06 0.0290938058327586 -999 0.0254992756092478 0.0103277086514102 -999 -999 -999 0.923808107567813
  1 15 4 5 100 -999 0.0113566743030399 -999 6.45016643567565e-06 0.0326090661656041 -999 0.0269144428908219 0.010421074521661 -999 -999 -999 0.918692291952437
  1 16 4 2 100 -999 0.00277719291130046 -999 1.81107407799834e-08 0.000200887502697295 -999 0.000649062312280676 0.00344900748838625 -999 -999 -999 0.992923831674595
  1 16 4 3 100 -999 0.00488443899245189 -999 5.47336564108102e-07 0.0101293902154191 -999 0.0174141061446272 0.00902956465125373 -999 -999 -999 0.958541952659684
  1 16 4 4 100 -999 0.00510372492331225 -999 1.3579786329191e-06 0.026335853808828 -999 0.0242666389051374 0.00895232331725978 -999 -999 -999 0.93534010106683
  1 16 4 5 100 -999 0.00519045694816066 -999 1.70587208691217e-06 0.0313210131201064 -999 0.0263598261579065 0.00898393714471147 -999 -999 -999 0.928143060757028
  1 17 4 1 100 -999 0.00650838060086278 -999 -999 8.09953968681419e-05 -999 -999 0.00246150167240315 -999 -999 -999 0.990949122329866
  1 17 4 2 100 -999 0.00676244351610978 -999 3.74103770570053e-08 0.000241816441217684 -999 0.000782331526919894 0.00275346411178929 -999 -999 -999 0.989459906993586
  1 17 4 3 100 -999 0.0126944871257313 -999 1.03358310546879e-06 0.0247921754110719 -999 0.0254166568475437 0.00889587956101287 -999 -999 -999 0.928199767471535
  1 17 4 4 100 -999 0.013153506792353 -999 2.01635454206349e-06 0.0351159867999168 -999 0.0298989402319351 0.00920404655003282 -999 -999 -999 0.91262550327122
  1 17 4 5 100 -999 0.0133646940906508 -999 2.60533755289592e-06 0.0385893114862429 -999 0.0314333744886975 0.00940017545035799 -999 -999 -999 0.907209839146498
  1 18 4 1 100 -999 0.00485383142559028 -999 -999 7.21517070700128e-05 -999 -999 0.00105730358706441 -999 -999 -999 0.994016713280275
  1 18 4 2 100 -999 0.00508395131585458 -999 1.47689768479392e-08 0.000129461922135924 -999 0.000898756703783202 0.00145927394004937 -999 -999 -999 0.9924285413492
  1 18 4 3 100 -999 0.00841583134691756 -999 5.47362112872573e-07 0.0199651858539113 -999 0.0200513263893288 0.00666685380186579 -999 -999 -999 0.944900255245864
  1 18 4 4 100 -999 0.00867258460611425 -999 1.06156875409646e-06 0.0283246137149111 -999 0.0235073998383368 0.00688118414622591 -999 -999 -999 0.932613156125658
  1 18 4 5 100 -999 0.00877302327292062 -999 1.22229117905745e-06 0.0300279732446959 -999 0.0241984119745903 0.00702070385526262 -999 -999 -999 0.929978665361352
  1 19 4 2 100 -999 0.00543756527339307 -999 6.52364932976871e-08 0.000134473610494027 -999 4.06875584665274e-05 0.00196361354579526 -999 -999 -999 0.992423594775358
  1 19 4 3 100 -999 0.010073679540329 -999 1.51637879524072e-06 0.0227403704346982 -999 0.0208345140731453 0.00823460223951288 -999 -999 -999 0.938115317333519
  1 19 4 4 100 -999 0.0106686988846613 -999 2.56976893832758e-06 0.0399833440046749 -999 0.032407071882616 0.0088152859896663 -999 -999 -999 0.908123029469443
  1 19 4 5 100 -999 0.0109761407409668 -999 3.07292685820622e-06 0.0431197026760539 -999 0.0339588619788912 0.00918261108066882 -999 -999 -999 0.902759610596561
  1 20 4 2 100 -999 0.00479704746391923 -999 2.94988552665509e-09 0.000165802837669543 -999 0.00210648611289641 0.00277960009013267 -999 -999 -999 0.990151060545497
  1 20 4 3 100 -999 0.00697101078864106 -999 8.27560485312986e-07 0.0114592809804782 -999 0.0151726069835844 0.00518670497132112 -999 -999 -999 0.96120956871549
  1 20 4 4 100 -999 0.00732413705291924 -999 2.44812626814363e-06 0.027546306021135 -999 0.0218192862771372 0.00547093412701582 -999 -999 -999 0.937836888395525
  1 20 4 5 100 -999 0.00741798820605169 -999 3.25483288422153e-06 0.0294597234508513 -999 0.0226216674231439 0.00564472473669394 -999 -999 -999 0.934852641350375
  1 21 4 2 100 -999 0.00695081485138629 -999 6.90016512754854e-09 0.00019011456704171 -999 0.00271351170171292 0.00309709361772543 -999 -999 -999 0.987048458361969
  1 21 4 3 100 -999 0.0103383915677609 -999 6.16073117661264e-07 0.00911214585050805 -999 0.0158858631353498 0.00489776530805484 -999 -999 -999 0.959765218065209
  1 21 4 4 100 -999 0.0111296801279017 -999 2.39022006993566e-06 0.0312533693039653 -999 0.0254290052433078 0.00527399013272907 -999 -999 -999 0.926911564972026
  1 21 4 5 100 -999 0.011343801707581 -999 3.31570674460756e-06 0.0342753177666892 -999 0.0268091147606641 0.0054974419381341 -999 -999 -999 0.922071008120187
  1 22 4 2 100 -999 0.0051035997677366 -999 1.93534752932746e-08 0.000101286732500423 -999 0.00011059963173786 0.00114783857101345 -999 -999 -999 0.993536655943536
  1 22 4 3 100 -999 0.00692228183712675 -999 2.18320787413675e-07 0.00461704595418535 -999 0.0063032946821257 0.00268137654366107 -999 -999 -999 0.979475782662114
  1 22 4 4 100 -999 0.00700616132332744 -999 6.09277231198876e-07 0.0161458539844246 -999 0.0136880155987122 0.00279175442646472 -999 -999 -999 0.96036760538984
  1 22 4 5 100 -999 0.0070722249236243 -999 1.57270082037257e-06 0.0188580846396158 -999 0.0148860934673568 0.00288985868455485 -999 -999 -999 0.956292165584028
  1 23 4 2 100 -999 0.00906809358457981 -999 5.3967217395653e-09 0.000138078648414112 -999 0.000392658775514049 0.00306724106311651 -999 -999 -999 0.987333922531654
  1 23 4 3 100 -999 0.0149951915705868 -999 1.76499992501275e-07 0.00798703545487658 -999 0.0135623213556515 0.00594825734351032 -999 -999 -999 0.957507017775382
  1 23 4 4 100 -999 0.015725929716925 -999 3.62395883583941e-07 0.0222799033017593 -999 0.0191564930203626 0.00634523635557496 -999 -999 -999 0.936492075209495
  1 23 4 5 100 -999 0.0162099148485457 -999 8.82153384352785e-07 0.0303795838610834 -999 0.0223431916862694 0.00670880222650062 -999 -999 -999 0.924357625224216
  1 24 4 2 100 -999 0.00515490045681686 -999 1.40051950204581e-08 0.000105880769127995 -999 0.000518846238909947 0.00661867757462307 -999 -999 -999 0.987601680955327
  1 24 4 3 100 -999 0.00829642805228376 -999 2.40732562704157e-07 0.00971932090677301 -999 0.0143537306018174 0.0106412194807266 -999 -999 -999 0.956989060225837
  1 24 4 4 100 -999 0.0085307159109727 -999 3.40626998484026e-07 0.0213195433279799 -999 0.0188250039762008 0.0108723332035642 -999 -999 -999 0.940452062954284
  1 24 4 5 100 -999 0.0086779042831865 -999 4.96282965547593e-07 0.0287254665789211 -999 0.0216564776045865 0.0111006064508235 -999 -999 -999 0.929839048799517
  1 25 4 1 100 -999 0.00467403477685311 -999 -999 5.47908191602254e-05 -999 -999 0.00771431613220219 -999 -999 -999 0.987556858271785
  1 25 4 2 100 -999 0.00476427375543429 -999 6.82500422577196e-09 7.01501618706683e-05 -999 1.49886823891859e-05 0.00783003413701213 -999 -999 -999 0.987320546438289
  1 25 4 3 100 -999 0.00669937742713935 -999 1.84464627319348e-07 0.00771744072335546 -999 0.00811471961345323 0.0103209120359774 -999 -999 -999 0.967147365735447
  1 25 4 4 100 -999 0.00686100951186271 -999 3.02037779459167e-07 0.0157327905231798 -999 0.0137645144760102 0.0104463250665478 -999 -999 -999 0.95319505838462
  1 25 4 5 100 -999 0.00700868202685651 -999 5.30044535409007e-07 0.0190921439489555 -999 0.0152290060918007 0.0105853447529888 -999 -999 -999 0.948084293134863
  1 26 4 1 100 -999 0.00505184930874378 -999 -999 2.33373429553554e-05 -999 -999 -999 -999 -999 -999 0.994924813348301
  1 26 4 2 100 -999 0.00638219132905284 -999 2.89468758852346e-07 0.000150553811639758 -999 0.00462452281390168 0.0058068181359071 -999 -999 -999 0.98303562444074
  1 26 4 3 100 -999 0.00817511129009097 -999 8.28106004851092e-07 0.00962722470152831 -999 0.0133328107948619 0.0125462110799224 -999 -999 -999 0.956317814027592
  1 26 4 4 100 -999 0.00853825980554586 -999 1.25903039763244e-06 0.0223824114908544 -999 0.018336939768565 0.013200134848513 -999 -999 -999 0.937540995056124
  1 26 4 5 100 -999 0.00866136677357706 -999 1.86039894044623e-06 0.025950219731854 -999 0.0197295443441347 0.0136232702743104 -999 -999 -999 0.932033738477183
  1 27 4 1 100 -999 0.00682000925333353 -999 -999 8.38448559150058e-05 -999 -999 0.00407652310948998 -999 -999 -999 0.989019622781261
  1 27 4 2 100 -999 0.00780002027761625 -999 5.06682770340627e-10 0.000105099389965853 -999 6.30071343220727e-07 0.00629467221354593 -999 -999 -999 0.985799577540846
  1 27 4 3 100 -999 0.0145488628857207 -999 9.73939727823255e-06 0.0177351505799849 -999 0.0187710338918353 0.0212971427807094 -999 -999 -999 0.927638070464471
  1 27 4 4 100 -999 0.0151704675604792 -999 1.23475759074903e-05 0.0352721810834193 -999 0.0280257125702494 0.0221852969633054 -999 -999 -999 0.899333994246639
  1 28 4 2 100 -999 0.00800315872057366 -999 -999 0.000192556237048514 -999 8.73441997308201e-05 0.0148962146022002 -999 -999 -999 0.976820726240447
  1 28 4 3 100 -999 0.00887076999961278 -999 8.79638111899166e-07 0.00155363490970513 -999 0.00221933157433475 0.0161730058913193 -999 -999 -999 0.971182377986916
  1 28 4 4 100 -999 0.0104342332453373 -999 1.90276820309498e-05 0.0294343983379722 -999 0.0226092015333549 0.0177314974790395 -999 -999 -999 0.919771641722265
  1 29 4 2 100 -999 0.0113472107632934 -999 -999 0.000307272263678449 -999 8.55456373125892e-06 0.0125175164596119 -999 -999 -999 0.975819445949685
  1 29 4 3 100 -999 0.0120074722258196 -999 1.4798268974513e-07 0.000717285078883204 -999 0.000318540234774626 0.0131540592557063 -999 -999 -999 0.973802495222127
  1 29 4 4 100 -999 0.0129169358087628 -999 1.99669858064587e-05 0.0245221663208357 -999 0.0193388349373652 0.0142821835891719 -999 -999 -999 0.928919912358058
  1 30 4 2 100 -999 0.00644701936804092 -999 -999 0.000408578836124138 -999 0.00753754468961843 0.0063770816814527 -999 -999 -999 0.979229775424764
  1 30 4 3 100 -999 0.00697817775187775 -999 7.7831242785077e-09 0.000627553557180842 -999 0.00828104649609429 0.00688768819763393 -999 -999 -999 0.977225526214089
  1 30 4 4 100 -999 0.00709509841154072 -999 9.9540697600308e-07 0.00349784392047092 -999 0.00951878542910964 0.00699558122840349 -999 -999 -999 0.972891695603499
  1 31 4 2 100 -999 0.00758662500453796 -999 2.04982590712369e-08 0.000695690144853429 -999 0.00167969387512176 0.00413920452534794 -999 -999 -999 0.98589876595188
  1 31 4 3 100 -999 0.0121047035485791 -999 1.63385596034675e-07 0.00412091935409983 -999 0.0143702433891023 0.0100446104905943 -999 -999 -999 0.959359359832028
  1 31 4 4 100 -999 0.0121202707880426 -999 1.66653730142937e-07 0.00421377171153831 -999 0.0144284982697688 0.0100641103662912 -999 -999 -999 0.959173182210629
  1 32 4 2 100 -999 0.00575932847359233 -999 2.45990400365959e-09 0.000378681325245485 -999 0.000341337027462786 0.00324022031668719 -999 -999 -999 0.990280430397108
  1 32 4 3 100 -999 0.00962062785310712 -999 1.35505027408609e-07 0.0145431044019058 -999 0.0169648974128925 0.0115691623141299 -999 -999 -999 0.947302072512937
  1 32 4 4 100 -999 0.00962887913314066 -999 1.44206930839632e-07 0.0136692898380281 -999 0.0166518498785128 0.0116008937594872 -999 -999 -999 0.9484489431839
  1 32 4 5 100 -999 0.00953812204465691 -999 1.74692769134964e-07 0.000689713514474659 -999 0.0117431128805881 0.0117340101499977 -999 -999 -999 0.966294866717514
  1 33 4 1 100 -999 0.00480337154366106 -999 -999 5.86506896591325e-05 -999 -999 0.00271440956918035 -999 -999 -999 0.992423568197499
  1 33 4 2 100 -999 0.0048719656803281 -999 8.68331286148186e-09 0.000137221709458295 -999 0.000331564520198414 0.00292947392210767 -999 -999 -999 0.991729765484595
  1 33 4 3 100 -999 0.0071677107532297 -999 2.53141728254074e-07 0.0157699346750794 -999 0.0145083750139828 0.00862139315932548 -999 -999 -999 0.953932333256654
  1 33 4 4 100 -999 0.00719960680261834 -999 2.61901257122871e-07 0.016300648517186 -999 0.0147498244716289 0.00864851398264364 -999 -999 -999 0.953101144324666
  1 33 4 5 100 -999 0.00728181940331895 -999 2.77407811859974e-07 0.0194591666208296 -999 0.0160688016834589 0.00866761205459796 -999 -999 -999 0.948522322829983
  1 34 4 2 100 -999 0.00662421178705878 -999 4.10758746895032e-08 0.000165458935602394 -999 0.0012955577180062 0.00567442882010929 -999 -999 -999 0.986240301663349
  1 34 4 3 100 -999 0.0103719805106185 -999 1.34374511899373e-06 0.0232571869834723 -999 0.0196629022715864 0.0127579646582128 -999 -999 -999 0.933948621830991
  1 34 4 4 100 -999 0.0104896193914884 -999 1.50128376001513e-06 0.0271292867311078 -999 0.0211848922221073 0.012784874412003 -999 -999 -999 0.928409825959533
  1 34 4 5 100 -999 0.0104941922192873 -999 1.57095114552602e-06 0.0281149637245252 -999 0.0215355799717785 0.0127398181149084 -999 -999 -999 0.927113875018355
  1 35 4 2 100 -999 0.00446848183590712 -999 2.32699001969547e-08 9.93704891806372e-05 -999 2.32517402160552e-05 0.00543379296851849 -999 -999 -999 0.989975079696278
  1 35 4 3 100 -999 0.00634353114049315 -999 8.56823847083144e-07 0.0149221003326016 -999 0.0119597003343753 0.00953189611606145 -999 -999 -999 0.957241915252621
  1 35 4 4 100 -999 0.00641798985871612 -999 1.13643910349698e-06 0.021314967872308 -999 0.0162849729483808 0.00949655885344349 -999 -999 -999 0.946484374028048
  1 35 4 5 100 -999 0.00640844892450932 -999 1.18999120990731e-06 0.0215539639196778 -999 0.0163751490096457 0.00947197180843916 -999 -999 -999 0.946189276346518
  1 36 4 1 100 -999 0.00592151722699211 -999 -999 7.11941851998279e-05 -999 -999 0.00236139641327955 -999 -999 -999 0.991645892174528
  1 36 4 2 100 -999 0.0061930529425853 -999 1.54659134888073e-08 9.27902797940327e-05 -999 0.000789534411588416 0.00298590277432457 -999 -999 -999 0.989938704125794
  1 36 4 3 100 -999 0.0100874506402592 -999 8.42024007286038e-07 0.0150857757630069 -999 0.016355812063534 0.0112148960658104 -999 -999 -999 0.947255223443382
  1 36 4 4 100 -999 0.0103693072317354 -999 1.40327740017509e-06 0.0269421700992501 -999 0.0208942748512392 0.0114826485952067 -999 -999 -999 0.930310195945168
  1 36 4 5 100 -999 0.0103770747467258 -999 1.48578386176902e-06 0.0276449269998089 -999 0.0211528748204933 0.0114862784231462 -999 -999 -999 0.929337359225964
  1 37 4 2 100 -999 0.0059908383821953 -999 1.39340389559306e-08 9.81632879961906e-05 -999 0.000966241954885911 0.00428944263231328 -999 -999 -999 0.98865529980857
  1 37 4 3 100 -999 0.00997180150457374 -999 5.64228610012731e-07 0.0127992582543087 -999 0.0171770302063919 0.013018201529983 -999 -999 -999 0.947033144276133
  1 37 4 4 100 -999 0.0104477126540358 -999 1.15549543370412e-06 0.0289055376442089 -999 0.0237450301517656 0.0134334026055206 -999 -999 -999 0.923467161449035
  1 37 4 5 100 -999 0.0104830882635863 -999 1.24441643976768e-06 0.0304497849278516 -999 0.0243575697462892 0.0134555205661544 -999 -999 -999 0.921252792079679
  1 38 4 2 100 -999 0.00580609721090812 -999 3.27286892388255e-08 9.74128036556567e-05 -999 2.89683423007068e-05 0.00584220966632095 -999 -999 -999 0.988225279248125
  1 38 4 3 100 -999 0.00804550157514253 -999 4.02789500284826e-07 0.00629040544288107 -999 0.00677825724797745 0.0092927696212969 -999 -999 -999 0.969592663323202
  1 38 4 4 100 -999 0.00830876657006628 -999 1.01929253805589e-06 0.0176848109053042 -999 0.014183163184799 0.00965168992236904 -999 -999 -999 0.950170550124923
  1 38 4 5 100 -999 0.00834264655593814 -999 1.13279417187792e-06 0.0187845646624344 -999 0.0146276941610058 0.00968544003301552 -999 -999 -999 0.948558521793434
  1 39 4 1 100 -999 0.00602605783456329 -999 -999 3.04989709429969e-05 -999 -999 -999 -999 -999 -999 0.993943443194494
  1 39 4 2 100 -999 0.00818618590917892 -999 4.75945582318341e-07 0.000240478998563575 -999 0.000272292694497135 0.00946966610273296 -999 -999 -999 0.981830900349445
  1 39 4 3 100 -999 0.0111135892357415 -999 1.39133832696882e-06 0.00903391746264963 -999 0.0104083642831215 0.0213414977715704 -999 -999 -999 0.94810123990859
  1 39 4 4 100 -999 0.0116870877034751 -999 3.08441276185531e-06 0.0303999690348883 -999 0.0246628334859855 0.021733042909055 -999 -999 -999 0.911513982453834
  1 39 4 5 100 -999 0.0117284406276914 -999 3.51460642466393e-06 0.0325208852472444 -999 0.0255303502204573 0.0217648285892484 -999 -999 -999 0.908451980708934
  1 40 4 1 100 -999 0.00763412911810837 -999 -999 6.51018588521056e-05 -999 -999 0.0113686842424263 -999 -999 -999 0.980932084780613
  1 40 4 2 100 -999 0.00851198663551471 -999 2.20982375703439e-09 8.94302215891552e-05 -999 2.66101213222939e-06 0.0124394835212175 -999 -999 -999 0.978956436399723
  1 40 4 3 100 -999 0.0123844815035884 -999 6.68025902128547e-06 0.00863995241145171 -999 0.0101887647547091 0.018305961077042 -999 -999 -999 0.950474159994188
  1 40 4 4 100 -999 0.0128350682767456 -999 8.91247279248587e-06 0.0231787747202968 -999 0.0174004500814474 0.0188703592936583 -999 -999 -999 0.927706435155059
  1 40 4 5 100 -999 0.0129188965699649 -999 9.15475049430682e-06 0.0256068610962516 -999 0.0182511144601483 0.0189187556916085 -999 -999 -999 0.924295217431532
  1 41 4 2 100 -999 0.0132158451040251 -999 5.60601613355347e-10 0.000207827557063127 -999 6.90081267458251e-05 0.0206734288640156 -999 -999 -999 0.965833889787549
  1 41 4 3 100 -999 0.014027531369361 -999 1.08230460501436e-06 0.00216976600167252 -999 0.00296212987752421 0.0218920310268211 -999 -999 -999 0.958947459420016
  1 41 4 4 100 -999 0.0155123857828369 -999 1.86499254355736e-05 0.0304732034682349 -999 0.0241270674589481 0.0242173526046741 -999 -999 -999 0.90565134075987
  1 41 4 5 100 -999 0.0156222446278019 -999 2.01694829463035e-05 0.031496477968586 -999 0.02455347759987 0.0244882575986547 -999 -999 -999 0.903819372722141
  1 42 4 2 100 -999 0.00842946952118101 -999 7.60642227241627e-10 0.00032003166841696 -999 0.0106948758345313 0.0201750847819035 -999 -999 -999 0.960380537433325
  1 42 4 3 100 -999 0.00921486404310935 -999 1.79389344214919e-07 0.00169665530377761 -999 0.0122689488106504 0.02171664534525 -999 -999 -999 0.955102707107868
  1 42 4 4 100 -999 0.0101824516352318 -999 1.64716695759639e-05 0.0265906348871248 -999 0.0228909054693085 0.0232574857329676 -999 -999 -999 0.917062050605791
  1 42 4 5 100 -999 0.0104137139671259 -999 2.58354882014121e-05 0.0310890852586138 -999 0.0248732837456309 0.0238420702796591 -999 -999 -999 0.909756011260769
  1 43 4 2 100 -999 0.00552856810397771 -999 4.04899505172878e-09 0.000454532046775397 -999 0.00703526672435314 0.012792409261424 -999 -999 -999 0.974189219814475
  1 43 4 3 100 -999 0.00688153544971036 -999 1.05052657235626e-07 0.00163725111525853 -999 0.0093409797543085 0.015169793793244 -999 -999 -999 0.966970334834821
  1 43 4 4 100 -999 0.00710280499297165 -999 5.20412228781903e-06 0.0079673059948281 -999 0.01213486005861 0.0154279811673642 -999 -999 -999 0.957361843663938
  1 43 4 5 100 -999 0.0075490942177234 -999 2.17933622645387e-05 0.0210100422239426 -999 0.0178182001572191 0.0160490645328229 -999 -999 -999 0.937551805506027
  1 44 4 2 100 -999 0.00544990994206389 -999 6.89895351044281e-09 0.000507418701828647 -999 0.00110219384313689 0.00410003184975488 -999 -999 -999 0.988840438764262
  1 44 4 3 100 -999 0.00904611885794346 -999 9.64196785212214e-08 0.00639043159251036 -999 0.0148177343981155 0.0190306387169394 -999 -999 -999 0.950714980014813
  1 44 4 4 100 -999 0.00915473820195895 -999 3.86633709208386e-07 0.0104980824954001 -999 0.016575036391346 0.0192382570458155 -999 -999 -999 0.94453349923177
  1 44 4 5 100 -999 0.00972907148442833 -999 2.51349401175748e-06 0.0310311652539233 -999 0.0253835377484462 0.0205302681548749 -999 -999 -999 0.913323443864316
  1 45 4 1 100 -999 0.00673067831721418 -999 -999 2.75370129112689e-05 -999 -999 0.00127370516858846 -999 -999 -999 0.991968079501286
  1 45 4 2 100 -999 0.00739133804812555 -999 1.47441386373712e-07 0.00251464934435971 -999 0.00259237598774907 0.00382388191538462 -999 -999 -999 0.983677607262995
  1 45 4 3 100 -999 0.0122179203635688 -999 1.33266820089294e-06 0.0256708655728718 -999 0.0230286676259709 0.021675350872359 -999 -999 -999 0.917405862897029
  1 45 4 4 100 -999 0.0123021174329447 -999 1.40397681572746e-06 0.0270660897695068 -999 0.0236225407074464 0.0218263528305129 -999 -999 -999 0.915181495282773
  1 45 4 5 100 -999 0.0129104224426706 -999 2.33557477922932e-06 0.0363442030340686 -999 0.0275251797861275 0.0232458661075004 -999 -999 -999 0.899971993054854
  1 46 4 1 100 -999 0.00390282022446857 -999 -999 5.62705987158332e-05 -999 -999 0.00345437182090795 -999 -999 -999 0.992586537355908
  1 46 4 2 100 -999 0.00423049502981404 -999 2.3411160966863e-09 7.84522614889501e-05 -999 9.32630111013041e-06 0.00427879456641786 -999 -999 -999 0.991402929500053
  1 46 4 3 100 -999 0.00591397210921071 -999 3.62218336991001e-06 0.0171612919838658 -999 0.0144164276248424 0.0133219386755823 -999 -999 -999 0.949182747423129
  1 46 4 4 100 -999 0.00593519513822336 -999 3.69272759987155e-06 0.0176604835634838 -999 0.0147541431323303 0.0134726250759878 -999 -999 -999 0.948173860362375
  1 46 4 5 100 -999 0.00611541039716616 -999 4.03145163592511e-06 0.0199004696322922 -999 0.0158472317227835 0.014263934464991 -999 -999 -999 0.943868922331131
  1 47 4 2 100 -999 0.00765569930005395 -999 3.35034684820618e-09 0.000204506271667498 -999 5.55830136147183e-05 0.014286169788099 -999 -999 -999 0.977798038276218
  1 47 4 3 100 -999 0.00888298887223793 -999 5.04690250925078e-06 0.0165958540945222 -999 0.0139128813113187 0.01739872857863 -999 -999 -999 0.943204500240782
  1 47 4 4 100 -999 0.0091953817368168 -999 8.88624384083301e-06 0.0288319754593956 -999 0.023283499346091 0.0180117725036861 -999 -999 -999 0.92066848471017
  1 47 4 5 100 -999 0.00931397876143921 -999 9.33580097398843e-06 0.0296504309890915 -999 0.0237595313040589 0.0183762513640453 -999 -999 -999 0.918890471780391
  1 48 4 2 100 -999 0.00938015315757545 -999 5.13502565820316e-08 0.000265140902216179 -999 0.00607976557677218 0.0180247661125896 -999 -999 -999 0.96625012290059
  1 48 4 3 100 -999 0.0125548583093061 -999 1.55665573245706e-06 0.0119376622406648 -999 0.0167809225610952 0.0291332309595194 -999 -999 -999 0.929591769273682
  1 48 4 4 100 -999 0.0133985854996488 -999 5.12575794306309e-06 0.03326653676598 -999 0.025071979839511 0.028810810260343 -999 -999 -999 0.899446961876574
  1 48 4 5 100 -999 0.0133752847951429 -999 4.35128613530538e-06 0.0335155748273202 -999 0.0251340147741802 0.0287007115669574 -999 -999 -999 0.899270062750264
  1 49 4 2 100 -999 0.00806360985554162 -999 6.68481194579532e-08 0.000174823486271622 -999 0.00125539593624407 0.00937949931694428 -999 -999 -999 0.981126604556879
  1 49 4 3 100 -999 0.013032483219492 -999 8.4157102237602e-07 0.0102447447908306 -999 0.0171811412398422 0.0329758624063527 -999 -999 -999 0.92656492677246
  1 49 4 4 100 -999 0.0134291495044312 -999 9.04898758613873e-07 0.0284061274861208 -999 0.0243523132014391 0.0322580516808613 -999 -999 -999 0.901553453228389
  1 49 4 5 100 -999 0.0135287965357971 -999 9.72592131725176e-07 0.0321784310203435 -999 0.0258683183444149 0.032189913458893 -999 -999 -999 0.89623356804842
  1 50 4 2 100 -999 0.00674303051618377 -999 3.40948252106293e-08 0.000160675793942116 -999 0.000551913075465499 0.0114512081857069 -999 -999 -999 0.981093138333876
  1 50 4 3 100 -999 0.0114736182959071 -999 9.43807111259024e-07 0.0107164551197486 -999 0.0153391320870832 0.0279053574800963 -999 -999 -999 0.934564493210054
  1 50 4 4 100 -999 0.0117454691445572 -999 1.20539348382336e-06 0.0233323768305089 -999 0.0202344304536829 0.028150405018684 -999 -999 -999 0.916536113159083
  1 50 4 5 100 -999 0.0118368719593743 -999 1.39024116722412e-06 0.0278660789628509 -999 0.0219836726891422 0.028248553480953 -999 -999 -999 0.910063432666512
  1 51 4 2 100 -999 0.00344675139258133 -999 2.82195975049859e-09 0.000214970072977889 -999 0.000118079264523567 0.0159317108625075 -999 -999 -999 0.98028848558545
  1 51 4 3 100 -999 0.00538363176230183 -999 5.83965117523272e-07 0.0158444603424956 -999 0.0137847283102511 0.0254388590117264 -999 -999 -999 0.939547736608108
  1 51 4 4 100 -999 0.00549967389479657 -999 1.29622505711345e-06 0.0206390726985786 -999 0.0166318711814738 0.0256710333586845 -999 -999 -999 0.931557052641409
  1 51 4 5 100 -999 0.00554193281496706 -999 1.67146846011755e-06 0.0219209138920002 -999 0.0171431752903081 0.0257876900535169 -999 -999 -999 0.929604616480748
  1 52 4 2 100 -999 0.00771149131855553 -999 5.11395916731092e-08 0.000220099739472206 -999 0.00121609778827754 0.0228847342642502 -999 -999 -999 0.967967525749853
  1 52 4 3 100 -999 0.0129360920873085 -999 9.51212830981004e-07 0.0216384430598608 -999 0.0192911531384376 0.038945189489212 -999 -999 -999 0.90718817101235
  1 52 4 4 100 -999 0.0132771497413072 -999 1.65565948110055e-06 0.0283701892275568 -999 0.0219446667798038 0.0395531495593155 -999 -999 -999 0.896853189032536
  1 52 4 5 100 -999 0.0133884414051962 -999 2.08214518263908e-06 0.0293087729986123 -999 0.022338180396277 0.039841608920251 -999 -999 -999 0.895120914134481
  1 53 4 2 100 -999 0.00734327080894824 -999 1.9406702210492e-08 0.000120145610835226 -999 0.000518186632207142 0.00369995076188581 -999 -999 -999 0.988318426779421
  1 53 4 3 100 -999 0.0117061207409055 -999 7.97519851457861e-07 0.0196515023636101 -999 0.0187902513409086 0.0397817151437174 -999 -999 -999 0.910069612891007
  1 53 4 4 100 -999 0.0120208343259513 -999 1.49930192064039e-06 0.027415776603108 -999 0.0218915517608303 0.0404302319662767 -999 -999 -999 0.898240106041913
  1 53 4 5 100 -999 0.0121414084314129 -999 1.977626045462e-06 0.0286269160567004 -999 0.0224233978096065 0.0408972110487107 -999 -999 -999 0.895909089027524
  1 54 4 2 100 -999 0.00519073088289883 -999 5.6957703513796e-08 9.66350375060398e-05 -999 0.000621924905725723 0.00273160604029889 -999 -999 -999 0.991359046175867
  1 54 4 3 100 -999 0.00791206242413676 -999 7.26084792189655e-07 0.0142381356709012 -999 0.0152532247488752 0.0239335148131376 -999 -999 -999 0.938662336258157
  1 54 4 4 100 -999 0.00821866104708761 -999 1.32119956688218e-06 0.0207028912378004 -999 0.0182385490520267 0.0243375320219229 -999 -999 -999 0.928501045441596
  1 54 4 5 100 -999 0.00834068888496192 -999 1.82780140223888e-06 0.0217995547012775 -999 0.018816803424378 0.024671089938484 -999 -999 -999 0.926370035249496
  1 55 4 1 100 -999 0.00731350284675179 -999 -999 5.65728069479551e-05 -999 -999 0.00224883784268083 -999 -999 -999 0.990381086503619
  1 55 4 2 100 -999 0.00756319409998198 -999 3.61623393612938e-08 7.62193621614607e-05 -999 0.000614027781787468 0.00351058088694453 -999 -999 -999 0.988235941706785
  1 55 4 3 100 -999 0.0131007158480169 -999 2.04818317101604e-06 0.0177567447675591 -999 0.0192526172243068 0.0256190209692906 -999 -999 -999 0.924268853007656
  1 55 4 4 100 -999 0.0137521000608466 -999 2.8338899935814e-06 0.0273583222422077 -999 0.0236849284581814 0.0259175080530353 -999 -999 -999 0.909284307295735
  1 55 4 5 100 -999 0.0139875955351072 -999 2.89296530573346e-06 0.0288075533022241 -999 0.0244955451107166 0.0263485859765722 -999 -999 -999 0.906357827110074
  1 56 4 1 100 -999 0.00585920470297826 -999 -999 5.59448486238474e-05 -999 -999 0.000986434730657756 -999 -999 -999 0.99309841571774
  1 56 4 2 100 -999 0.00610194523857171 -999 1.74912795555129e-07 6.75415161358377e-05 -999 0.000720050242900882 0.00233534784384712 -999 -999 -999 0.990774940245749
  1 56 4 3 100 -999 0.0113009924148946 -999 5.39684756759241e-06 0.0204703051807169 -999 0.0225657515242761 0.0266575836026404 -999 -999 -999 0.918999970429904
  1 56 4 4 100 -999 0.0119110878640443 -999 6.29596018234753e-06 0.032963808232281 -999 0.0283872238017405 0.0273980323885116 -999 -999 -999 0.89933355175324
  1 56 4 5 100 -999 0.0121720562148705 -999 6.1515081444677e-06 0.0345679626745682 -999 0.0293710243826971 0.028054049531092 -999 -999 -999 0.895828755688628
  1 57 4 2 100 -999 0.00849098868456422 -999 6.20213074395544e-09 8.52556683612376e-05 -999 0.00171565011062288 0.00574766171511754 -999 -999 -999 0.983960437619203
  1 57 4 3 100 -999 0.0114554052959754 -999 4.90359896586745e-06 0.00836557454538169 -999 0.011152995523506 0.0131545558641145 -999 -999 -999 0.955866565172056
  1 57 4 4 100 -999 0.0123931020519725 -999 9.06104310096069e-06 0.0179499263282021 -999 0.0162029538164912 0.0145122882240439 -999 -999 -999 0.938932668536189
  1 57 4 5 100 -999 0.0125483207716466 -999 9.50989560908675e-06 0.0186096763371043 -999 0.0165847167014578 0.014811716970482 -999 -999 -999 0.9374360593237
  1 58 4 2 100 -999 0.0111468554382464 -999 3.26125042081734e-10 0.000184291177611974 -999 0.0100544811461005 0.0195993204294057 -999 -999 -999 0.95901505148251
  1 58 4 3 100 -999 0.0122739086040024 -999 2.08600481806774e-06 0.00373631927163975 -999 0.0126204020650777 0.0213768144002342 -999 -999 -999 0.949990469654228
  1 58 4 4 100 -999 0.0140247161177788 -999 2.11996206872166e-05 0.0279117858238993 -999 0.0239587176091386 0.0234594891880492 -999 -999 -999 0.910624091640447
  1 58 4 5 100 -999 0.0142686887850111 -999 2.25293309268861e-05 0.029020095859805 -999 0.0246045539655046 0.0240412824727236 -999 -999 -999 0.908042849586029
  1 59 4 2 100 -999 0.0105615859387101 -999 1.28777235117903e-09 0.000334336195834735 -999 0.0107597186154758 0.0306396757217855 -999 -999 -999 0.947704682240422
  1 59 4 3 100 -999 0.0127547134706666 -999 1.14952371324554e-06 0.00338934074663052 -999 0.0142463239383475 0.035529063808444 -999 -999 -999 0.934079408512198
  1 59 4 4 100 -999 0.0142069773524158 -999 2.50853881142443e-05 0.030707810612896 -999 0.0260112485405368 0.0350332794479357 -999 -999 -999 0.894015598658102
  1 59 4 5 100 -999 0.0145178319476301 -999 3.25842452210829e-05 0.0340938119709353 -999 0.0275621095049621 0.0354206744666025 -999 -999 -999 0.888372987864649
  1 60 4 2 100 -999 0.00821108388715123 -999 5.09191202392904e-08 0.000468153303201162 -999 0.00191288938706347 0.0101766229378851 -999 -999 -999 0.979231199565579
  1 60 4 3 100 -999 0.01334123749688 -999 4.05114115699486e-07 0.00454254802695661 -999 0.0150522865981537 0.0321382212252001 -999 -999 -999 0.934925301538694
  1 60 4 4 100 -999 0.0139148583485426 -999 1.49621554709841e-06 0.0201362933727327 -999 0.0219702161652494 0.0314496450328705 -999 -999 -999 0.912527490865058
  1 60 4 5 100 -999 0.0143764861025859 -999 4.18313718194875e-06 0.0319143611847889 -999 0.0272048832892464 0.0310151211353784 -999 -999 -999 0.895484965150818
  1 61 4 2 100 -999 0.00983517423298251 -999 1.64277397709589e-08 0.000404275920860458 -999 0.000644074887228368 0.0108134830295217 -999 -999 -999 0.978302975501667
  1 61 4 3 100 -999 0.0171175194601643 -999 3.81678849387915e-07 0.00897292126033008 -999 0.015514586063549 0.0270258961144376 -999 -999 -999 0.93136869542267
  1 61 4 4 100 -999 0.0176073415857391 -999 1.06796969924734e-06 0.0182937784323984 -999 0.0193299190455964 0.027617316785303 -999 -999 -999 0.917150576181264
  1 61 4 5 100 -999 0.0182956997596765 -999 2.34512659757404e-06 0.0311902831554056 -999 0.0245737347747144 0.0285438532837923 -999 -999 -999 0.897394083899813
  1 62 4 2 100 -999 0.00740638586998659 -999 1.29795587192078e-08 0.000400051404896883 -999 0.000617361120772944 0.0173188388073895 -999 -999 -999 0.974257349817395
  1 62 4 3 100 -999 0.014385347722686 -999 5.8208467621023e-07 0.0256661518140798 -999 0.0239588065454273 0.0393433743505778 -999 -999 -999 0.896645737482553
  1 62 4 4 100 -999 0.0147544283646548 -999 1.07477386832548e-06 0.0301239167241035 -999 0.0259022746480735 0.0400338266603257 -999 -999 -999 0.889184478828974
  1 62 4 5 100 -999 0.015385026427602 -999 2.09791937713335e-06 0.0362683878272229 -999 0.028614747152558 0.041451189411386 -999 -999 -999 0.878278551261854
  1 63 4 1 100 -999 0.00751992836289213 -999 -999 7.34480068172664e-05 -999 -999 0.0128705477135517 -999 -999 -999 0.979536075916739
  1 63 4 2 100 -999 0.00774116960371031 -999 9.92681014563071e-09 0.000194867827970821 -999 0.000538041027264558 0.0138336138082223 -999 -999 -999 0.977692297806022
  1 63 4 3 100 -999 0.0143106816707135 -999 4.54697755404393e-07 0.0254934130904556 -999 0.023215814623004 0.0384857426458362 -999 -999 -999 0.898493893272235
  1 63 4 4 100 -999 0.0146288268465048 -999 7.84364478658467e-07 0.0291650198395122 -999 0.0248413351443725 0.0392304672045549 -999 -999 -999 0.892133566600577
  1 63 4 5 100 -999 0.0151766491162225 -999 1.6077448541084e-06 0.0323840857588699 -999 0.0263500309711048 0.0409318190918529 -999 -999 -999 0.885155807317096
  1 64 4 1 100 -999 0.00581092327689067 -999 -999 7.26451873465259e-05 -999 -999 0.0037670731893901 -999 -999 -999 0.990349358346373
  1 64 4 2 100 -999 0.00603958918687735 -999 1.30675534015569e-08 0.000118710861095945 -999 0.000671580420049929 0.00579013394519537 -999 -999 -999 0.987379972519228
  1 64 4 3 100 -999 0.0106732027138894 -999 8.54920265155103e-07 0.0232332358074617 -999 0.0207488579056814 0.0391051358409717 -999 -999 -999 0.906238712811731
  1 64 4 4 100 -999 0.0109450351843065 -999 1.0908290693323e-06 0.0273969555010635 -999 0.022521677519083 0.0396510543629688 -999 -999 -999 0.899484186603509
  1 64 4 5 100 -999 0.0114367890992118 -999 1.42601542787741e-06 0.0299575561706439 -999 0.0237792408917832 0.0411800423913614 -999 -999 -999 0.893644945431572
  1 65 4 2 100 -999 0.00769988755802034 -999 6.44693878816469e-08 0.00013210018966464 -999 0.00144857386775081 0.00608972296488136 -999 -999 -999 0.984629650950295
  1 65 4 3 100 -999 0.0125916668396904 -999 1.84385717138078e-06 0.0224786732018081 -999 0.0216759287589381 0.041441972159986 -999 -999 -999 0.901809915182406
  1 65 4 4 100 -999 0.0128731787184079 -999 2.18934842273917e-06 0.0287705162647588 -999 0.0243957185297111 0.0420275423974947 -999 -999 -999 0.891930854741205
  1 65 4 5 100 -999 0.0132668618220004 -999 2.08513592127913e-06 0.0310347798695584 -999 0.0255412789353754 0.0435586612014052 -999 -999 -999 0.886596333035739
  1 66 4 2 100 -999 0.00909690705776022 -999 8.34228960874351e-08 0.00012748914000205 -999 0.00179929609007442 0.00625918824852855 -999 -999 -999 0.982717036040739
  1 66 4 3 100 -999 0.0140798664448231 -999 1.63992503949951e-06 0.0178575206136422 -999 0.0184579338262537 0.0267778746292823 -999 -999 -999 0.922825164560959
  1 66 4 4 100 -999 0.0144368339314558 -999 2.34946786665907e-06 0.0267272025357442 -999 0.0222467199331228 0.026954716052554 -999 -999 -999 0.909632178079256
  1 66 4 5 100 -999 0.01465155792253 -999 2.57030038452636e-06 0.0277787452845104 -999 0.0228233263695323 0.0274537486018052 -999 -999 -999 0.907290051521238
  1 67 4 2 100 -999 0.00590145390929365 -999 5.32247218783288e-08 0.000101795991270379 -999 6.09093682959008e-05 0.004259185191381 -999 -999 -999 0.989676602315037
  1 67 4 3 100 -999 0.00982071531501374 -999 1.58681444901933e-06 0.0164875375509738 -999 0.0157250023804723 0.0225389742292088 -999 -999 -999 0.935426183709882
  1 67 4 4 100 -999 0.0100602092647444 -999 2.54046611682961e-06 0.0293030672946616 -999 0.0244977655163757 0.0223817300556589 -999 -999 -999 0.913754687402443
  1 67 4 5 100 -999 0.0101691212310143 -999 2.77712302478476e-06 0.0303320741771141 -999 0.0250514729689887 0.0226417197783662 -999 -999 -999 0.911802834721492
  1 68 4 2 100 -999 0.00552327350640515 -999 8.57859917568733e-08 0.000109296863137615 -999 5.44006700567312e-05 0.00384869754055352 -999 -999 -999 0.990464245633855
  1 68 4 3 100 -999 0.00897235334704725 -999 1.2307065005226e-06 0.0118279091404056 -999 0.0121348449696073 0.0153038639594367 -999 -999 -999 0.951759797877003
  1 68 4 4 100 -999 0.00925143239942576 -999 1.83253050723439e-06 0.0235897647845341 -999 0.0194627046364998 0.0154882410938264 -999 -999 -999 0.932206024555207
  1 68 4 5 100 -999 0.00931252952334287 -999 2.18783658890205e-06 0.024612822511727 -999 0.0199488477165687 0.0156446627142992 -999 -999 -999 0.930478949697473
  1 69 4 2 100 -999 0.00793228446287449 -999 3.02607205381531e-09 0.00015202374333825 -999 0.00170730153365615 0.00595100267794414 -999 -999 -999 0.984257384556115
  1 69 4 3 100 -999 0.0130708878548134 -999 8.07439722823094e-07 0.0131298944897343 -999 0.0176938219255484 0.0173657740658217 -999 -999 -999 0.938738814224359
  1 69 4 4 100 -999 0.0138935783574833 -999 1.96524749854727e-06 0.0293271546346213 -999 0.0249157683051753 0.0180063470484699 -999 -999 -999 0.913855186406752
  1 69 4 5 100 -999 0.0139989806317939 -999 2.16559456435683e-06 0.0307760438218608 -999 0.025585112402496 0.0181606950464672 -999 -999 -999 0.911477002502818
  1 70 4 2 100 -999 0.00672834826416209 -999 2.4170040581994e-08 0.00013525477367905 -999 0.000900233015457878 0.00323292924589434 -999 -999 -999 0.989003210530766
  1 70 4 3 100 -999 0.0114491558595636 -999 6.53184657823409e-07 0.0125118466973976 -999 0.0170526067958891 0.0153589915091493 -999 -999 -999 0.943626745953343
  1 70 4 4 100 -999 0.0121903702149798 -999 1.60369298093809e-06 0.0274941241962812 -999 0.0237254356396614 0.015972053413411 -999 -999 -999 0.920616412842686
  1 70 4 5 100 -999 0.0122788928683091 -999 1.76368820717598e-06 0.0287074553198847 -999 0.0242909644562837 0.0160998309623169 -999 -999 -999 0.918621092704998
  1 71 4 2 100 -999 0.0051957998796814 -999 1.60719366634625e-08 7.23830575339088e-05 -999 0.000340076553138848 0.00260138482173264 -999 -999 -999 0.991790339615977
  1 71 4 3 100 -999 0.00744151646553324 -999 4.06215340349384e-07 0.00830840554647012 -999 0.0114506793127801 0.010963757520271 -999 -999 -999 0.961835234939605
  1 71 4 4 100 -999 0.00787690482756588 -999 8.67096034268427e-07 0.0178861887369512 -999 0.0158936877897917 0.0115302687296843 -999 -999 -999 0.946812082819973
  1 71 4 5 100 -999 0.00794858867563015 -999 1.01762832339573e-06 0.0190681468298446 -999 0.0164672170633987 0.0116664161820371 -999 -999 -999 0.944848613620766
  1 72 4 2 100 -999 0.00646415192865948 -999 2.85229648488495e-08 0.000116660873923922 -999 0.00083075848863869 0.00626821078655481 -999 -999 -999 0.986320189399258
  1 72 4 3 100 -999 0.0107427658516437 -999 5.03115418065368e-07 0.0122162188240433 -999 0.0164902646567758 0.0190228156033905 -999 -999 -999 0.941527431948729
  1 72 4 4 100 -999 0.0114496077134025 -999 1.25855641817929e-06 0.0268775940191459 -999 0.0230312366367611 0.0202609816605043 -999 -999 -999 0.918379321413768
  1 72 4 5 100 -999 0.0116082448798825 -999 1.51687895786563e-06 0.0293004447137026 -999 0.024140040631079 0.0206435684571537 -999 -999 -999 0.914306184439224
  1 73 4 2 100 -999 0.0113821222720403 -999 2.55917859257555e-08 0.000124142329506808 -999 0.00108224062453793 0.0148195159431435 -999 -999 -999 0.972591953238986
  1 73 4 3 100 -999 0.0195729574301907 -999 5.66395012817201e-07 0.0155093861443922 -999 0.0189052189921111 0.0361274911408104 -999 -999 -999 0.909884379897483
  1 73 4 4 100 -999 0.0208594753624485 -999 1.73342148838584e-06 0.0336362796514411 -999 0.0262122720078292 0.0372719276835516 -999 -999 -999 0.882018311873241
  1 73 4 5 100 -999 0.0212027082195947 -999 2.1393195842786e-06 0.0361850879040668 -999 0.027308808474271 0.0378825192010185 -999 -999 -999 0.877418736881465
  1 74 4 2 100 -999 0.00609719677169248 -999 1.41852736744247e-08 0.000125392956342674 -999 0.000917987657730248 0.0212973246458727 -999 -999 -999 0.971562083783088
  1 74 4 3 100 -999 0.0107465737097039 -999 5.16199146935174e-07 0.0127774848336958 -999 0.0167550342602739 0.0362624005101997 -999 -999 -999 0.92345799048698
  1 74 4 4 100 -999 0.0116551609484349 -999 1.44108835458237e-06 0.029035097062198 -999 0.0237419894674971 0.0382201735758023 -999 -999 -999 0.897346137857713
  1 74 4 5 100 -999 0.011906997296054 -999 1.72155486039032e-06 0.0313107632851437 -999 0.0247975221315047 0.0389800296775253 -999 -999 -999 0.893002966054912
  1 75 4 2 100 -999 0.00763208536220096 -999 2.70251490441694e-08 0.000105608934981148 -999 0.00104859406546203 0.0321096350632485 -999 -999 -999 0.959104049548958
  1 75 4 3 100 -999 0.0125540703224861 -999 4.21895319618239e-07 0.0111708057715239 -999 0.0156944903447256 0.0480751866664712 -999 -999 -999 0.912505024999474
  1 75 4 4 100 -999 0.0132893512893282 -999 1.4105184001357e-06 0.0279883281180895 -999 0.0221862626902686 0.049021292740661 -999 -999 -999 0.887513354643253
  1 75 4 5 100 -999 0.0135905517134421 -999 2.0152278124364e-06 0.0309601877601238 -999 0.0233128897906712 0.0497248327914147 -999 -999 -999 0.882409522716536
  1 76 4 2 100 -999 0.00705242065232218 -999 1.16599542645919e-08 7.61833119026019e-05 -999 0.000431935111325986 0.0321429705873862 -999 -999 -999 0.960296478677109
  1 76 4 3 100 -999 0.00979752656983833 -999 3.2815644479002e-07 0.00741998951265921 -999 0.0105373522818279 0.0417436250793936 -999 -999 -999 0.930501178399836
  1 76 4 4 100 -999 0.010158556520867 -999 9.70433256079864e-07 0.0182398080055487 -999 0.0145081121848676 0.0415842965780696 -999 -999 -999 0.915508256277391
  1 76 4 5 100 -999 0.0103194856678783 -999 2.33237580059747e-06 0.021104176573859 -999 0.0154746617247034 0.0417337425820289 -999 -999 -999 0.91136560107573
  1 77 4 1 100 -999 0.00558863860229822 -999 -999 8.4498249829232e-05 -999 -999 0.00708896092938806 -999 -999 -999 0.987237902218485
  1 77 4 2 100 -999 0.0058331199803571 -999 2.2982916487598e-08 0.000114132276408281 -999 0.000838560196599451 0.0120110145857134 -999 -999 -999 0.981203149978005
  1 77 4 3 100 -999 0.00917175589399468 -999 5.68435627328175e-07 0.010941647285859 -999 0.0145450676490305 0.0690414832646301 -999 -999 -999 0.896299477470858
  1 77 4 4 100 -999 0.00960287406347206 -999 1.06657934600887e-06 0.0255562570815928 -999 0.0198604667453597 0.0683149124489314 -999 -999 -999 0.876664423081298
  1 77 4 5 100 -999 0.00988405448316362 -999 1.39885570463658e-06 0.0300805837458457 -999 0.0215059602308264 0.068786863993701 -999 -999 -999 0.869741138690759
  1 78 4 2 100 -999 0.00635257440157797 -999 3.76429519357522e-08 0.000101702693381955 -999 0.000839093893151645 0.00875596470538421 -999 -999 -999 0.983950626663552
  1 78 4 3 100 -999 0.0101880071290468 -999 5.26114763527341e-07 0.0101315716559348 -999 0.0147461782894383 0.0645799788184042 -999 -999 -999 0.900353737992412
  1 78 4 4 100 -999 0.0107478523653139 -999 1.04763417671171e-06 0.0252602896188158 -999 0.0206828441265238 0.0634639190618196 -999 -999 -999 0.87984404719335
  1 78 4 5 100 -999 0.010990453588982 -999 1.47916979809282e-06 0.02913439981817 -999 0.0222537043967203 0.0637642787280701 -999 -999 -999 0.87385568429826
  1 79 4 2 100 -999 0.00545562864284098 -999 3.05884387892661e-08 9.22366473390993e-05 -999 2.67124493192407e-05 0.00569717122881105 -999 -999 -999 0.988728220443251
  1 79 4 3 100 -999 0.00737550671214814 -999 5.23949301055736e-07 0.00647820815321178 -999 0.00738098462693131 0.0264783368783097 -999 -999 -999 0.952286439680098
  1 79 4 4 100 -999 0.00760784919328244 -999 8.87299280553322e-07 0.0166902954124351 -999 0.0145189454419825 0.0263198144005794 -999 -999 -999 0.93486220825244
  1 79 4 5 100 -999 0.00774806708810787 -999 1.10365639356706e-06 0.0187583205967348 -999 0.0154507287956166 0.0265991338125423 -999 -999 -999 0.931442646050605
  1 80 4 1 100 -999 0.00559231471429819 -999 -999 6.28003674179413e-05 -999 -999 0.00140339882345145 -999 -999 -999 0.992941486094832
  1 80 4 2 100 -999 0.00571679692358084 -999 1.94756185596722e-08 7.58961857184747e-05 -999 0.000459579240162951 0.00333472096146734 -999 -999 -999 0.990412987213452
  1 80 4 3 100 -999 0.00923697094228647 -999 7.93787985402138e-07 0.00926874286997106 -999 0.0158799241702132 0.0502295833007131 -999 -999 -999 0.915383984928831
  1 80 4 4 100 -999 0.00977915297613826 -999 1.52600738811964e-06 0.0271315816261758 -999 0.0234721345252634 0.0476717255209127 -999 -999 -999 0.891943879344122
  1 80 4 5 100 -999 0.0100137582364284 -999 1.99792237246477e-06 0.0310327220170413 -999 0.0252741020544346 0.0476816571548391 -999 -999 -999 0.885995762614884
  1 1 5 1 100 -999 0.000135871140281427 -999 -999 -999 -999 -999 -999 -999 -999 -999 0.999864128859719
  1 1 5 2 100 -999 0.00280657782687465 -999 2.2006861540049e-07 -999 -999 1.29121300678354e-07 0.000383873151843218 6.29401104697211e-05 -999 -999 0.996746259720896
  1 1 5 3 100 -999 0.00514774979057648 -999 0.000255212107237925 -999 -999 0.00189512942265476 0.0118849560837237 0.000197216684384277 -999 -999 0.980619735911423
  1 1 5 4 100 -999 0.00525024931019531 -999 0.000445391703342867 -999 -999 0.00422236820256039 0.02430228413413 0.000199721882333248 -999 -999 0.965579984767438
  1 1 5 5 100 -999 0.0052532287774232 -999 0.000444091675678226 -999 -999 0.00452231300124951 0.0254939702953554 0.000197576623188371 -999 -999 0.964088819627105
  1 2 5 1 100 -999 0.000118182487851046 -999 -999 -999 -999 -999 -999 -999 -999 -999 0.999881817512149
  1 2 5 2 100 -999 0.00233522637256265 -999 4.28763343567588e-08 -999 -999 1.33862636164062e-07 0.000381916700951343 6.85593688119323e-05 -999 -999 0.997214120818704
  1 2 5 3 100 -999 0.00421219512010803 -999 0.000531240593756373 -999 -999 0.00191150935319955 0.0111598714273978 0.000203768943125866 -999 -999 0.981981414562412
  1 2 5 4 100 -999 0.00431421314462751 -999 0.00116597572831359 -999 -999 0.00427911260011041 0.0220545695334261 0.000205563724957554 -999 -999 0.967980565268565
  1 2 5 5 100 -999 0.0043543562542297 -999 0.00126221668257948 -999 -999 0.00465410185497541 0.0238093229163281 0.000205763324491401 -999 -999 0.965714238967396
  1 3 5 1 100 -999 0.000138304548008075 -999 -999 -999 -999 -999 -999 -999 -999 -999 0.999861695451992
  1 3 5 2 100 -999 0.00256196252287272 -999 -999 -999 -999 2.55891538511295e-07 0.000105458493013031 7.20260925074325e-05 -999 -999 0.997260297000068
  1 3 5 3 100 -999 0.00464039915179393 -999 -999 -999 -999 0.00193107209467271 0.00967245743725773 0.000219251295047493 -999 -999 0.983536820021228
  1 3 5 4 100 -999 0.0047467864787785 -999 -999 -999 -999 0.0042527790401109 0.0192626313504704 0.000217337773952468 -999 -999 0.971520465356688
  1 3 5 5 100 -999 0.00478661517664492 -999 -999 -999 -999 0.00462631817807842 0.0207770576707487 0.000216488924808598 -999 -999 0.969593520049719
  1 4 5 1 100 -999 0.000124134593253402 -999 -999 -999 -999 -999 -999 -999 -999 -999 0.999875865406747
  1 4 5 2 100 -999 0.00281294976443052 -999 -999 -999 -999 1.57100495878533e-07 0.000173758146333194 7.93677482011283e-05 -999 -999 0.996933767240539
  1 4 5 3 100 -999 0.00531068434393432 -999 -999 -999 -999 0.00226335867593015 0.0092675404931667 0.000238419725973209 -999 -999 0.982919996760996
  1 4 5 4 100 -999 0.00545324850189566 -999 -999 -999 -999 0.00495390515181524 0.0186763202679923 0.000238886804571737 -999 -999 0.970677639273725
  1 4 5 5 100 -999 0.00552553618266608 -999 -999 -999 -999 0.0053957015009049 0.0201665826474449 0.000238502262806077 -999 -999 0.968673677406178
  1 5 5 1 100 -999 0.000108319981920702 -999 -999 -999 -999 -999 6.70459373812566e-07 -999 -999 -999 0.999891009558705
  1 5 5 2 100 -999 0.00216349903807219 -999 -999 -999 -999 1.38008203363762e-07 0.000445617078653007 7.91671694656823e-05 -999 -999 0.997311578705606
  1 5 5 3 100 -999 0.00400513278940543 -999 -999 -999 -999 0.00199569866461372 0.00731296492577364 0.000241146751264911 -999 -999 0.986445056868942
  1 5 5 4 100 -999 0.00413801052486561 -999 -999 -999 -999 0.00433167188616445 0.014431489449417 0.000247248247964218 -999 -999 0.976851579891589
  1 5 5 5 100 -999 0.00414638639729415 -999 -999 -999 -999 0.00464961909127427 0.0152553744351349 0.000247310626755503 -999 -999 0.975701309449541
  1 6 5 1 100 -999 0.000174571354233032 -999 -999 -999 -999 -999 -999 -999 -999 -999 0.999825428645767
  1 6 5 2 100 -999 0.00314916175858822 -999 -999 -999 -999 1.2522175341544e-07 0.00107701162947421 7.54481504109992e-05 -999 -999 0.995698253239773
  1 6 5 3 100 -999 0.00574423586420494 -999 -999 -999 -999 0.0018112604774125 0.00644750182798233 0.000220627506441614 -999 -999 0.985776374323959
  1 6 5 4 100 -999 0.00589218920107864 -999 -999 -999 -999 0.00392465609438814 0.0108976560925505 0.000222723793473799 -999 -999 0.979062774818509
  1 6 5 5 100 -999 0.00585983816891958 -999 -999 -999 -999 0.00417756357226206 0.0113989975284697 0.000220560723422 -999 -999 0.978343040006927
  1 7 5 1 100 -999 0.000324227208302011 -999 -999 -999 -999 -999 -999 -999 -999 -999 0.999675772791698
  1 7 5 2 100 -999 0.00566722003109664 -999 -999 -999 -999 1.20449697546168e-07 0.00207853547041757 7.69677930961386e-05 -999 -999 0.992177156255692
  1 7 5 3 100 -999 0.0102208729186869 -999 -999 -999 -999 0.00125896030451318 0.0115734339684287 0.000222320873753628 -999 -999 0.976724411934618
  1 7 5 4 100 -999 0.0104288020845526 -999 -999 -999 -999 0.00248280106041665 0.0173916011092001 0.000223437157170277 -999 -999 0.96947335858866
  1 7 5 5 100 -999 0.0103490866929925 -999 -999 -999 -999 0.00210279266338715 0.0166013378714948 0.000220875998586411 -999 -999 0.970725906773539
  1 8 5 1 100 -999 2.93578574969368e-06 -999 -999 -999 -999 -999 -999 -999 -999 -999 0.99999706421425
  1 8 5 2 100 -999 0.00161522689523094 -999 -999 -999 -999 1.60426526706242e-07 0.000920694283416863 8.33916536027447e-05 -999 -999 0.997380526741223
  1 8 5 3 100 -999 0.00328187971603427 -999 -999 -999 -999 0.00168931573805364 0.0119066918080787 0.000249007307739913 -999 -999 0.982873105430093
  1 8 5 4 100 -999 0.00343963589087571 -999 -999 -999 -999 0.00335490684895296 0.0178643927639908 0.00025419825435361 -999 -999 0.975086866241827
  1 8 5 5 100 -999 0.0034126757633903 -999 -999 -999 -999 0.00299956019978941 0.0176839947815387 0.00025442614010172 -999 -999 0.97564934311518
  1 9 5 1 100 -999 0.00020520053951058 -999 -999 -999 -999 -999 -999 -999 -999 -999 0.999794799460489
  1 9 5 2 100 -999 0.00348186529198644 -999 -999 -999 -999 1.35531497999583e-07 0.000213968370827557 7.31951133425236e-05 -999 -999 0.996230835692345
  1 9 5 3 100 -999 0.00636196012324501 -999 -999 -999 -999 0.00143662634378383 0.011999727216149 0.000228053027781678 -999 -999 0.979973633289041
  1 9 5 4 100 -999 0.00650678437322224 -999 -999 -999 -999 0.00281889180820943 0.0197816883659984 0.000232773533754036 -999 -999 0.970659861918816
  1 9 5 5 100 -999 0.00644525235320276 -999 -999 -999 -999 0.00233262164744533 0.0190246711301416 0.000231615303100791 -999 -999 0.971965839566109
  1 10 5 1 100 -999 0.000161667344431057 -999 -999 -999 -999 -999 -999 -999 -999 -999 0.999838332655569
  1 10 5 2 100 -999 0.00332090140141134 -999 -999 -999 -999 -999 0.000101928914191989 7.23891191560953e-05 -999 -999 0.996504780565241
  1 10 5 3 100 -999 0.00614890874763194 -999 -999 -999 -999 -999 0.00954777164894223 0.000233264692173318 -999 -999 0.984070054911253
  1 10 5 4 100 -999 0.00632437091665428 -999 -999 -999 -999 -999 0.0184276735943532 0.000234728366027313 -999 -999 0.975013227122965
  1 10 5 5 100 -999 0.00624119769305719 -999 -999 -999 -999 -999 0.0189882829004968 0.000233233284250346 -999 -999 0.974537286122196
  1 11 5 1 100 -999 0.000223149900290813 -999 -999 -999 -999 -999 -999 -999 -999 -999 0.999776850099709
  1 11 5 2 100 -999 0.00451469427873753 -999 8.26284108346124e-05 -999 -999 1.56963359968803e-07 9.3933313228385e-05 7.95891631535639e-05 -999 -999 0.995228997870686
  1 11 5 3 100 -999 0.00849445559539654 -999 0.000343821068340606 -999 -999 0.00229088736467408 0.0136106034904328 0.000251105748853686 -999 -999 0.975009126732302
  1 11 5 4 100 -999 0.00876239103932297 -999 0.000405404919285207 -999 -999 0.00487138196911122 0.0281234674840351 0.000258103274832722 -999 -999 0.957579251313413
  1 11 5 5 100 -999 0.00857037893274966 -999 0.000379012175237934 -999 -999 0.0050486283362191 0.0288892030095343 0.000259087690499827 -999 -999 0.956853689855759
  1 12 5 1 100 -999 7.47288694388167e-05 -999 -999 -999 -999 -999 -999 -999 -999 -999 0.999925271130561
  1 12 5 2 100 -999 0.00203218633044225 -999 -999 -999 -999 1.39086243113965e-07 0.000189415607107897 8.66524001793714e-05 -999 -999 0.997691606576027
  1 12 5 3 100 -999 0.00381343956824286 -999 -999 -999 -999 0.00207791936709746 0.0117216047032695 0.00026079150302534 -999 -999 0.982126244858365
  1 12 5 4 100 -999 0.00387439166862599 -999 -999 -999 -999 0.00440079355948615 0.0240570808269167 0.000264442708589763 -999 -999 0.967403291236381
  1 12 5 5 100 -999 0.00381327870321156 -999 -999 -999 -999 0.00459612160119122 0.0249346172856395 0.000264822961112937 -999 -999 0.966391159448845
  1 13 5 1 100 -999 0.000125451763449921 -999 -999 -999 -999 -999 -999 -999 -999 -999 0.99987454823655
  1 13 5 2 100 -999 0.00245324014694386 -999 -999 -999 -999 3.11935478221873e-06 0.000197059574008123 9.11414061479388e-05 -999 -999 0.997255439518118
  1 13 5 3 100 -999 0.00452253586273101 -999 -999 -999 -999 0.00314063869399931 0.00915779333103673 0.000274955351189755 -999 -999 0.982904076761043
  1 13 5 4 100 -999 0.00465782572267335 -999 -999 -999 -999 0.00502359504497084 0.0188126216285993 0.000284044737060539 -999 -999 0.971221912866696
  1 13 5 5 100 -999 0.00456916962794205 -999 -999 -999 -999 0.00488989665991492 0.0196321340120224 0.000283051055911358 -999 -999 0.970625748644209
  1 14 5 1 100 -999 0.000124595153633051 -999 -999 -999 -999 -999 -999 -999 -999 -999 0.999875404846367
  1 14 5 2 100 -999 0.00241586838153454 -999 -999 -999 -999 1.44253475681634e-07 0.000226938578601373 9.54587739377492e-05 -999 -999 0.997261590012451
  1 14 5 3 100 -999 0.00444236522931513 -999 -999 -999 -999 0.00209923800319664 0.00780167077251239 0.000285673029803814 -999 -999 0.985371052965172
  1 14 5 4 100 -999 0.00457815530672299 -999 -999 -999 -999 0.00442786077084268 0.015216923770899 0.000294499499899052 -999 -999 0.975482560651636
  1 14 5 5 100 -999 0.0045269267572495 -999 -999 -999 -999 0.0046372201039052 0.0152987549427756 0.000294363864849143 -999 -999 0.975242734331221
  1 15 5 1 100 -999 0.00018189147160658 -999 -999 -999 -999 -999 -999 -999 -999 -999 0.999818108528393
  1 15 5 2 100 -999 0.0035256396078839 -999 -999 -999 -999 1.43940195917153e-07 0.000351752340494412 8.78417328945389e-05 -999 -999 0.996034622378531
  1 15 5 3 100 -999 0.0065099221677351 -999 -999 -999 -999 0.00207332703982052 0.00425187739089429 0.000265783952251284 -999 -999 0.986899089449299
  1 15 5 4 100 -999 0.00668832223298263 -999 -999 -999 -999 0.00441875592272663 0.00714835991746965 0.000272744643501525 -999 -999 0.98147181728332
  1 15 5 5 100 -999 0.00657192361299642 -999 -999 -999 -999 0.00460931739215545 0.0062048708657428 0.00027058205735747 -999 -999 0.982343306071748
  1 16 5 1 100 -999 5.35883738655945e-05 -999 -999 -999 -999 -999 -999 -999 -999 -999 0.999946411626134
  1 16 5 2 100 -999 0.00143130033295635 -999 -999 -999 -999 1.3872545403424e-07 0.000194496356588101 8.63548289661483e-05 -999 -999 0.998287709756035
  1 16 5 3 100 -999 0.00268519279315275 -999 -999 -999 -999 0.00198636723313868 0.00407742624381764 0.000255963962675639 -999 -999 0.990995049767215
  1 16 5 4 100 -999 0.00275853020529536 -999 -999 -999 -999 0.00420389471940484 0.00690950149677895 0.000263364899989378 -999 -999 0.985864708678531
  1 16 5 5 100 -999 0.00271304373283628 -999 -999 -999 -999 0.00437613124035437 0.00622030440885071 0.000261092820918938 -999 -999 0.98642942779704
  1 17 5 1 100 -999 0.000195572758667456 -999 -999 -999 -999 -999 -999 -999 -999 -999 0.999804427241333
  1 17 5 2 100 -999 0.00346115695898616 -999 -999 -999 -999 -999 0.000148554765252361 8.17227256711934e-05 -999 -999 0.99630856555009
  1 17 5 3 100 -999 0.00654889772941245 -999 -999 -999 -999 -999 0.00274508659425344 0.000253537732651969 -999 -999 0.990452477943682
  1 17 5 4 100 -999 0.00685010084006933 -999 -999 -999 -999 -999 0.00442806340571508 0.000261648050314424 -999 -999 0.988460187703901
  1 17 5 5 100 -999 0.00672256176094158 -999 -999 -999 -999 -999 0.00428706689967045 0.000259515603965282 -999 -999 0.988730855735423
  1 18 5 1 100 -999 0.00012351715232215 -999 -999 -999 -999 -999 -999 -999 -999 -999 0.999876482847678
  1 18 5 2 100 -999 0.00255218046144296 -999 -999 -999 -999 -999 0.000109816362403292 6.75224914675493e-05 -999 -999 0.997270480684686
  1 18 5 3 100 -999 0.0047693877301384 -999 -999 -999 -999 -999 0.00251576362683679 0.000212629548462776 -999 -999 0.992502219094562
  1 18 5 4 100 -999 0.00496655768129938 -999 -999 -999 -999 -999 0.0040396281891129 0.000219617435486003 -999 -999 0.990774196694102
  1 18 5 5 100 -999 0.00489668820535802 -999 -999 -999 -999 -999 0.00400402382250007 0.000218929509023386 -999 -999 0.990880358463119
  1 19 5 1 100 -999 0.000125670835131658 -999 -999 -999 -999 -999 -999 -999 -999 -999 0.999874329164868
  1 19 5 2 100 -999 0.00267562893311457 -999 -999 -999 -999 -999 3.24792010818515e-05 7.52355529195016e-05 -999 -999 0.997216656312884
  1 19 5 3 100 -999 0.00525113867088731 -999 -999 -999 -999 -999 0.00177629965482513 0.000238664125205663 -999 -999 0.992733897549082
  1 19 5 4 100 -999 0.00557583746761899 -999 -999 -999 -999 -999 0.00335128657870617 0.000245486205759619 -999 -999 0.990827389747915
  1 19 5 5 100 -999 0.00544685155560292 -999 -999 -999 -999 -999 0.00343794020423256 0.000242181568758075 -999 -999 0.990873026671406
  1 20 5 1 100 -999 0.000121263462159694 -999 -999 -999 -999 -999 7.77491387343366e-08 -999 -999 -999 0.999878658788702
  1 20 5 2 100 -999 0.00239716968722954 -999 -999 -999 -999 1.25364139289515e-07 3.23166694511235e-05 8.55523188057469e-05 -999 -999 0.997484835960374
  1 20 5 3 100 -999 0.00444145440497077 -999 -999 -999 -999 0.00131631362879924 0.00160630844757152 0.000251242496442228 -999 -999 0.992384681022216
  1 20 5 4 100 -999 0.00455658152168216 -999 -999 -999 -999 0.00259364574922498 0.00312899149911421 0.000254752062443583 -999 -999 0.989466029167535
  1 20 5 5 100 -999 0.00451325829969008 -999 -999 -999 -999 0.00213718219348951 0.00323720657181458 0.000255080398146152 -999 -999 0.98985727253686
  1 21 5 1 100 -999 0.000173659713101646 -999 -999 -999 -999 -999 1.06013531926867e-05 -999 -999 -999 0.999815738933706
  1 21 5 2 100 -999 0.00350987777456208 -999 -999 -999 -999 -999 0.0001573248697439 8.58328350644344e-05 -999 -999 0.99624696452063
  1 21 5 3 100 -999 0.00677789476730013 -999 -999 -999 -999 -999 0.00136858715562209 0.000252874501135251 -999 -999 0.991600643575943
  1 21 5 4 100 -999 0.00712087590608815 -999 -999 -999 -999 -999 0.00254924645827363 0.000263437567241476 -999 -999 0.990066440068397
  1 21 5 5 100 -999 0.00700013028280073 -999 -999 -999 -999 -999 0.00263666978915573 0.000264410853687908 -999 -999 0.990098789074356
  1 22 5 1 100 -999 0.0001742204773035 -999 -999 -999 -999 -999 9.38128438123747e-07 -999 -999 -999 0.999824841394258
  1 22 5 2 100 -999 0.00307355711031183 -999 -999 -999 -999 -999 0.000390954706398736 7.59023017327135e-05 -999 -999 0.996459585881557
  1 22 5 3 100 -999 0.00560418842876887 -999 -999 -999 -999 -999 0.00133522218469386 0.000218486377029395 -999 -999 0.992842103009508
  1 22 5 4 100 -999 0.00578360737132397 -999 -999 -999 -999 -999 0.00196271495715091 0.000223075065399027 -999 -999 0.992030602606126
  1 22 5 5 100 -999 0.00572616729475932 -999 -999 -999 -999 -999 0.00203099475790958 0.000223471863210263 -999 -999 0.992019366084121
  1 23 5 1 100 -999 0.000266946330793977 -999 -999 -999 -999 -999 -999 -999 -999 -999 0.999733053669206
  1 23 5 2 100 -999 0.00514560790741995 -999 -999 -999 -999 -999 0.0008995519898746 8.54170289639804e-05 -999 -999 0.993869423073741
  1 23 5 3 100 -999 0.00974678139567744 -999 -999 -999 -999 -999 0.00289046925848185 0.00025030416817365 -999 -999 0.987112445177667
  1 23 5 4 100 -999 0.0101727275942478 -999 -999 -999 -999 -999 0.00344544955801783 0.00025933209361451 -999 -999 0.98612249075412
  1 23 5 5 100 -999 0.0101156644820508 -999 -999 -999 -999 -999 0.00348566241605316 0.000259617848441991 -999 -999 0.986139055253454
  1 24 5 1 100 -999 0.000106783474933488 -999 -999 -999 -999 -999 -999 -999 -999 -999 0.999893216525066
  1 24 5 2 100 -999 0.00263479060178338 -999 -999 -999 -999 -999 0.00111894927951725 8.27520676299167e-05 -999 -999 0.996163508051069
  1 24 5 3 100 -999 0.00504566762155728 -999 -999 -999 -999 -999 0.00443105941326849 0.000244332831791419 -999 -999 0.990278940133383
  1 24 5 4 100 -999 0.00524048483293319 -999 -999 -999 -999 -999 0.00510936214909286 0.000253856097377761 -999 -999 0.989396296920596
  1 24 5 5 100 -999 0.0052070154991549 -999 -999 -999 -999 -999 0.00510651447445911 0.000254065867999504 -999 -999 0.989432404158387
  1 25 5 1 100 -999 0.000174308271253476 -999 -999 -999 -999 -999 -999 -999 -999 -999 0.999825691728747
  1 25 5 2 100 -999 0.00320344447354566 -999 -999 -999 -999 -999 0.00055926069036369 8.19689036408203e-05 -999 -999 0.99615532593245
  1 25 5 3 100 -999 0.00593529957536722 -999 -999 -999 -999 -999 0.00441190165854495 0.000237206913500116 -999 -999 0.989415591852588
  1 25 5 4 100 -999 0.00614604203454315 -999 -999 -999 -999 -999 0.0065242981438721 0.00024583336354147 -999 -999 0.987083826458043
  1 25 5 5 100 -999 0.00617055275468543 -999 -999 -999 -999 -999 0.00657731222716907 0.000245328325035531 -999 -999 0.98700680669311
  1 26 5 1 100 -999 0.000141671381327013 -999 -999 -999 -999 -999 -999 -999 -999 -999 0.999858328618673
  1 26 5 2 100 -999 0.0028656575825108 -999 7.03994951529225e-05 -999 -999 -999 0.000240342995148948 7.4069650989134e-05 -999 -999 0.996749530276198
  1 26 5 3 100 -999 0.00534060363157494 -999 0.000303169494845494 -999 -999 -999 0.00490259079562016 0.000222219932767091 -999 -999 0.989231416145192
  1 26 5 4 100 -999 0.0055265255821352 -999 0.000356488896196122 -999 -999 -999 0.00711644950659367 0.000222806599968777 -999 -999 0.986777729415106
  1 26 5 5 100 -999 0.00557287380046912 -999 0.00036493374602123 -999 -999 -999 0.00719997431031048 0.000222378774250737 -999 -999 0.986639839368948
  1 27 5 1 100 -999 0.000175784539017704 -999 -999 -999 -999 -999 1.03607075834028e-07 -999 -999 -999 0.999824111853907
  1 27 5 2 100 -999 0.00330656081906901 -999 8.25945295029931e-08 -999 -999 -999 7.52834430027238e-05 7.92646707094996e-05 -999 -999 0.996538808472689
  1 27 5 3 100 -999 0.00618724765914801 -999 0.000787979416085692 -999 -999 -999 0.00430031693732779 0.000242776880616465 -999 -999 0.988481679106822
  1 27 5 4 100 -999 0.00646521021003119 -999 0.00159274223740724 -999 -999 -999 0.0083139507904955 0.000249160223014149 -999 -999 0.983378936539052
  1 27 5 5 100 -999 0.00652001119590731 -999 0.00164447785547268 -999 -999 -999 0.00881598877597711 0.000248697477732508 -999 -999 0.98277082469491
  1 28 5 1 100 -999 0.000136060311841811 -999 -999 -999 -999 -999 -999 -999 -999 -999 0.999863939688158
  1 28 5 2 100 -999 0.00281096707456661 -999 -999 -999 -999 -999 0.000168105748792689 8.02810433856283e-05 -999 -999 0.996940646133255
  1 28 5 3 100 -999 0.00529849929672418 -999 -999 -999 -999 -999 0.00463054770807964 0.000240966137719144 -999 -999 0.989829986857477
  1 28 5 4 100 -999 0.00550092198354253 -999 -999 -999 -999 -999 0.00940041944003545 0.000245616855211622 -999 -999 0.98485304172121
  1 28 5 5 100 -999 0.00553781298896534 -999 -999 -999 -999 -999 0.0101110648346839 0.000245445393379936 -999 -999 0.984105676782971
  1 29 5 1 100 -999 0.000197993416834442 -999 -999 -999 -999 -999 -999 -999 -999 -999 0.999802006583166
  1 29 5 2 100 -999 0.00387054675400779 -999 -999 -999 -999 -999 0.000240849972211446 8.07179784239498e-05 -999 -999 0.995807885295357
  1 29 5 3 100 -999 0.00737889755718621 -999 -999 -999 -999 -999 0.00376305158865296 0.000237778309317754 -999 -999 0.988620272544843
  1 29 5 4 100 -999 0.00774155623032081 -999 -999 -999 -999 -999 0.00724857519661902 0.000243470303496992 -999 -999 0.984766398269563
  1 29 5 5 100 -999 0.00779233389409955 -999 -999 -999 -999 -999 0.00778766678620131 0.00024291005842083 -999 -999 0.984177089261278
  1 30 5 1 100 -999 0.000153260790402231 -999 -999 -999 -999 -999 -999 -999 -999 -999 0.999846739209598
  1 30 5 2 100 -999 0.00296400044967832 -999 -999 -999 -999 -999 0.000270105609746746 8.21246034683093e-05 -999 -999 0.996683769337107
  1 30 5 3 100 -999 0.00544812008098387 -999 -999 -999 -999 -999 0.0029416226304434 0.000238968848435175 -999 -999 0.991371288440138
  1 30 5 4 100 -999 0.00563295076161823 -999 -999 -999 -999 -999 0.00514508463683961 0.000245773177582515 -999 -999 0.98897619142396
  1 30 5 5 100 -999 0.0056624701620728 -999 -999 -999 -999 -999 0.00547924475198198 0.000245952818014247 -999 -999 0.988612332267931
  1 31 5 1 100 -999 0.000197540941073093 -999 -999 -999 -999 -999 2.98786935931324e-07 -999 -999 -999 0.999802160271991
  1 31 5 2 100 -999 0.00413417634969351 -999 -999 -999 -999 1.44415900508795e-07 0.000295143470277314 8.4455521719686e-05 -999 -999 0.995486080242409
  1 31 5 3 100 -999 0.00786530107710975 -999 -999 -999 -999 0.00144147091712867 0.00348959982703452 0.000247830964562215 -999 -999 0.986955797214165
  1 31 5 4 100 -999 0.00816332348962779 -999 -999 -999 -999 0.00291749365821829 0.00575030544396461 0.000253045465108044 -999 -999 0.982915831943081
  1 31 5 5 100 -999 0.00822410798798351 -999 -999 -999 -999 0.00300866623113885 0.0060232231265169 0.000252973643734649 -999 -999 0.982491029010626
  1 32 5 1 100 -999 0.000146531399307807 -999 -999 -999 -999 -999 -999 -999 -999 -999 0.999853468600692
  1 32 5 2 100 -999 0.00298056831433853 -999 -999 -999 -999 -999 0.000481434423291312 7.66929325585415e-05 -999 -999 0.996461304329812
  1 32 5 3 100 -999 0.00568142060021558 -999 -999 -999 -999 -999 0.00378298762676728 0.000229031290170534 -999 -999 0.990306560482847
  1 32 5 4 100 -999 0.00593368080374298 -999 -999 -999 -999 -999 0.00571168466517456 0.000236312022709627 -999 -999 0.988118322508373
  1 32 5 5 100 -999 0.00597396474455476 -999 -999 -999 -999 -999 0.00590893869005562 0.000237795685761205 -999 -999 0.987879300879628
  1 33 5 1 100 -999 0.000160246719339689 -999 -999 -999 -999 -999 -999 -999 -999 -999 0.99983975328066
  1 33 5 2 100 -999 0.00326315832154087 -999 -999 -999 -999 -999 0.000594853638719261 7.23508081110326e-05 -999 -999 0.996069637231629
  1 33 5 3 100 -999 0.006279974729405 -999 -999 -999 -999 -999 0.00381447408011438 0.000225275978916338 -999 -999 0.989680275211564
  1 33 5 4 100 -999 0.00659081297481352 -999 -999 -999 -999 -999 0.00552599968755863 0.000229888483509962 -999 -999 0.987653298854118
  1 33 5 5 100 -999 0.00660496128818274 -999 -999 -999 -999 -999 0.0056455959672816 0.000229110789528894 -999 -999 0.987520331955007
  1 34 5 1 100 -999 0.000178142090331589 -999 -999 -999 -999 -999 -999 -999 -999 -999 0.999821857909668
  1 34 5 2 100 -999 0.00345475577358033 -999 -999 -999 -999 1.26966282470387e-07 0.000341098941113853 8.15539148920856e-05 -999 -999 0.996122464404131
  1 34 5 3 100 -999 0.00637586300917426 -999 -999 -999 -999 0.00174492437253975 0.00405233247505586 0.000245836710259392 -999 -999 0.987581043432971
  1 34 5 4 100 -999 0.00653361779550496 -999 -999 -999 -999 0.00374100739673902 0.00615320999936185 0.000247385361229527 -999 -999 0.983324779447165
  1 34 5 5 100 -999 0.00653787528547209 -999 -999 -999 -999 0.00402028517068981 0.00624556323715685 0.000247863098460949 -999 -999 0.98294841320822
  1 35 5 1 100 -999 0.000126912699907084 -999 -999 -999 -999 -999 -999 -999 -999 -999 0.999873087300093
  1 35 5 2 100 -999 0.00268943996221017 -999 -999 -999 -999 -999 0.000191257411293376 7.74224034238684e-05 -999 -999 0.997041880223073
  1 35 5 3 100 -999 0.00508577992811535 -999 -999 -999 -999 -999 0.003469138683784 0.000235827156064596 -999 -999 0.991209254232036
  1 35 5 4 100 -999 0.00528737893043309 -999 -999 -999 -999 -999 0.00575720782307353 0.000237365655316332 -999 -999 0.988718047591177
  1 35 5 5 100 -999 0.00526846885590355 -999 -999 -999 -999 -999 0.00580389527474139 0.000236583615696685 -999 -999 0.988691052253658
  1 36 5 1 100 -999 0.000167394746853432 -999 -999 -999 -999 -999 6.15661002679529e-07 -999 -999 -999 0.999831989592144
  1 36 5 2 100 -999 0.00317668348645989 -999 -999 -999 -999 -999 0.000355837187435202 7.07464158325809e-05 -999 -999 0.996396732910272
  1 36 5 3 100 -999 0.00602711115351684 -999 -999 -999 -999 -999 0.00300666133491044 0.00022366402175703 -999 -999 0.990742563489816
  1 36 5 4 100 -999 0.00627052048305802 -999 -999 -999 -999 -999 0.0053299022763468 0.000227011219981449 -999 -999 0.988172566020614
  1 36 5 5 100 -999 0.00624985324742563 -999 -999 -999 -999 -999 0.00560243006198266 0.000226940404344557 -999 -999 0.987920776286247
  1 37 5 1 100 -999 0.000138857621461902 -999 -999 -999 -999 -999 -999 -999 -999 -999 0.999861142378538
  1 37 5 2 100 -999 0.00316961943561817 -999 -999 -999 -999 -999 0.000743515058723298 7.84369226198221e-05 -999 -999 0.996008428583039
  1 37 5 3 100 -999 0.00622921432777666 -999 -999 -999 -999 -999 0.00402663963171003 0.000237980411789247 -999 -999 0.989506165628724
  1 37 5 4 100 -999 0.00658722526611737 -999 -999 -999 -999 -999 0.00625947523802326 0.000246398829120348 -999 -999 0.986906900666739
  1 37 5 5 100 -999 0.00651293137095742 -999 -999 -999 -999 -999 0.00651142191419065 0.000246226497278042 -999 -999 0.986729420217574
  1 38 5 1 100 -999 0.000207645576417999 -999 -999 -999 -999 -999 -999 -999 -999 -999 0.999792354423582
  1 38 5 2 100 -999 0.00347622271616516 -999 -999 -999 -999 -999 0.000952935069532463 6.87208659593115e-05 -999 -999 0.995502121348343
  1 38 5 3 100 -999 0.00636415909115986 -999 -999 -999 -999 -999 0.00460105029748554 0.00021091089389059 -999 -999 0.988823879717464
  1 38 5 4 100 -999 0.00658599390202768 -999 -999 -999 -999 -999 0.00640166058630571 0.000211943898992525 -999 -999 0.986800401612674
  1 38 5 5 100 -999 0.0065842896554519 -999 -999 -999 -999 -999 0.00666058021568329 0.000211310084697219 -999 -999 0.986543820044168
  1 39 5 1 100 -999 0.000130352678420162 -999 -999 -999 -999 -999 -999 -999 -999 -999 0.99986964732158
  1 39 5 2 100 -999 0.00283514075132235 -999 8.31025511963632e-05 -999 -999 -999 0.000891187658401367 8.56130135037088e-05 -999 -999 0.996104956025576
  1 39 5 3 100 -999 0.00538851569738026 -999 0.000370387525594871 -999 -999 -999 0.00657801064464814 0.000254568932097668 -999 -999 0.987408517200279
  1 39 5 4 100 -999 0.00561178750268175 -999 0.000438438003986528 -999 -999 -999 0.00905916600124844 0.000265139463844166 -999 -999 0.984625469028239
  1 39 5 5 100 -999 0.00552149958840586 -999 0.000418512255075868 -999 -999 -999 0.00909201265261984 0.000263863990079267 -999 -999 0.984704111513819
  1 40 5 1 100 -999 0.000219469989898277 -999 -999 -999 -999 -999 -999 -999 -999 -999 0.999780530010102
  1 40 5 2 100 -999 0.00388281304089287 -999 -999 -999 -999 -999 0.000375564867065377 7.27289884564343e-05 -999 -999 0.995668893103585
  1 40 5 3 100 -999 0.0071285759545001 -999 -999 -999 -999 -999 0.00633929360686126 0.000212353749735715 -999 -999 0.986319776688903
  1 40 5 4 100 -999 0.00741266844355558 -999 -999 -999 -999 -999 0.00954112189696891 0.000218341798834266 -999 -999 0.982827867860641
  1 40 5 5 100 -999 0.00742480780371606 -999 -999 -999 -999 -999 0.00971781558026101 0.00021875403101158 -999 -999 0.982638622585011
  1 41 5 1 100 -999 0.000209344512566273 -999 -999 -999 -999 -999 -999 -999 -999 -999 0.999790655487434
  1 41 5 2 100 -999 0.004936845099524 -999 -999 -999 -999 -999 0.000266652928595932 9.04795304748184e-05 -999 -999 0.994706022441405
  1 41 5 3 100 -999 0.00956659737056448 -999 -999 -999 -999 -999 0.00637291629562135 0.000257795313160725 -999 -999 0.983802691020653
  1 41 5 4 100 -999 0.0100248406482502 -999 -999 -999 -999 -999 0.0120252376780307 0.000263120143462521 -999 -999 0.977686801530257
  1 41 5 5 100 -999 0.00995168945383738 -999 -999 -999 -999 -999 0.0125932433765885 0.00026110985689931 -999 -999 0.977193957312675
  1 42 5 1 100 -999 0.000128818689897484 -999 -999 -999 -999 -999 -999 -999 -999 -999 0.999871181310103
  1 42 5 2 100 -999 0.00292198190071824 -999 -999 -999 -999 -999 0.000362357521234059 6.95720110077741e-05 -999 -999 0.99664608856704
  1 42 5 3 100 -999 0.00557988909158331 -999 -999 -999 -999 -999 0.006487711984294 0.000204125662658754 -999 -999 0.987728273261464
  1 42 5 4 100 -999 0.00581338992581324 -999 -999 -999 -999 -999 0.0125968962393751 0.000207963145791793 -999 -999 0.98138175068902
  1 42 5 5 100 -999 0.00576657662595736 -999 -999 -999 -999 -999 0.0132982176900468 0.000208392599772678 -999 -999 0.980726813084223
  1 43 5 1 100 -999 0.000161463839172826 -999 -999 -999 -999 -999 -999 -999 -999 -999 0.999838536160827
  1 43 5 2 100 -999 0.00326640642803131 -999 -999 -999 -999 -999 0.000314278442317926 6.29293927525212e-05 -999 -999 0.996356385736898
  1 43 5 3 100 -999 0.00613565153277557 -999 -999 -999 -999 0.00181311694794567 0.00556316656807187 0.000188471675011447 -999 -999 0.986299593276195
  1 43 5 4 100 -999 0.00631138050644279 -999 -999 -999 -999 0.0039890663334306 0.0106665661735529 0.000190726214872114 -999 -999 0.978842260771702
  1 43 5 5 100 -999 0.00621605439650679 -999 -999 -999 -999 0.00420610247534645 0.0113002275149727 0.000190015860329186 -999 -999 0.978087599752845
  1 44 5 1 100 -999 0.000121762231792181 -999 -999 -999 -999 -999 -999 -999 -999 -999 0.999878237768208
  1 44 5 2 100 -999 0.00271392181473112 -999 -999 -999 -999 1.29243759797956e-07 0.00035288109878155 6.5394977855503e-05 -999 -999 0.996867672864872
  1 44 5 3 100 -999 0.00514244648938333 -999 -999 -999 -999 0.00175429436823522 0.00571888941189558 0.000206863312112567 -999 -999 0.987177506418373
  1 44 5 4 100 -999 0.00527850530243976 -999 -999 -999 -999 0.003846186383087 0.0110606043610608 0.000210396774673817 -999 -999 0.979604307178739
  1 44 5 5 100 -999 0.00523006993970313 -999 -999 -999 -999 0.00408285502073389 0.0116794612951536 0.000210938787688685 -999 -999 0.978796674956721
  1 45 5 1 100 -999 0.000184386702852636 -999 -999 -999 -999 -999 -999 -999 -999 -999 0.999815613297147
  1 45 5 2 100 -999 0.00380225616286465 -999 5.53188845065069e-05 -999 -999 -999 0.000485090846450206 7.28279718535807e-05 -999 -999 0.995584506134325
  1 45 5 3 100 -999 0.0074951213465285 -999 0.000242980058799611 -999 -999 -999 0.00624775852808386 0.000228514793708098 -999 -999 0.98578562527288
  1 45 5 4 100 -999 0.00792870065181599 -999 0.000288435517546887 -999 -999 -999 0.0114757417623704 0.000230083674815875 -999 -999 0.980077038393451
  1 45 5 5 100 -999 0.00787744860545539 -999 0.00028153230436995 -999 -999 -999 0.01216122066177 0.000228624665969393 -999 -999 0.979451173762435
  1 46 5 1 100 -999 0.000123074094431821 -999 -999 -999 -999 -999 -999 -999 -999 -999 0.999876925905568
  1 46 5 2 100 -999 0.00245696040217184 -999 -999 -999 -999 -999 0.000596298886442041 6.3757404060249e-05 -999 -999 0.996882983307326
  1 46 5 3 100 -999 0.00463079277258015 -999 -999 -999 -999 -999 0.00574283274561251 0.000203965135232115 -999 -999 0.989422409346575
  1 46 5 4 100 -999 0.00479417904382979 -999 -999 -999 -999 -999 0.00994098426125184 0.000206802338567637 -999 -999 0.985058034356351
  1 46 5 5 100 -999 0.00481082337148121 -999 -999 -999 -999 -999 0.0105710536571973 0.000206676977905093 -999 -999 0.984411445993416
  1 47 5 1 100 -999 0.00011846314783247 -999 -999 -999 -999 -999 -999 -999 -999 -999 0.999881536852168
  1 47 5 2 100 -999 0.00249971694483091 -999 -999 -999 -999 -999 0.000391002007419392 7.87782385767768e-05 -999 -999 0.997030502809173
  1 47 5 3 100 -999 0.0047690274129031 -999 -999 -999 -999 -999 0.00624600653454101 0.000237168069874233 -999 -999 0.988747797982682
  1 47 5 4 100 -999 0.00498538807403784 -999 -999 -999 -999 -999 0.010625214919466 0.000242436668369427 -999 -999 0.984146960338127
  1 47 5 5 100 -999 0.00495923405884873 -999 -999 -999 -999 -999 0.0108449226976632 0.000242699817699077 -999 -999 0.983953143425789
  1 48 5 1 100 -999 0.000174233713933421 -999 -999 -999 -999 -999 1.83630902939925e-05 -999 -999 -999 0.999807403195773
  1 48 5 2 100 -999 0.0033111718270258 -999 -999 -999 -999 -999 0.00054110985182898 8.34211255615218e-05 -999 -999 0.996064297195584
  1 48 5 3 100 -999 0.00621984428462431 -999 -999 -999 -999 -999 0.00602985626292592 0.000243718342518857 -999 -999 0.987506581109931
  1 48 5 4 100 -999 0.00651782599753301 -999 -999 -999 -999 -999 0.010922342043096 0.000253273918055624 -999 -999 0.982306558041315
  1 48 5 5 100 -999 0.00654586221529143 -999 -999 -999 -999 -999 0.0114238693806684 0.000254087847350773 -999 -999 0.981776180556689
  1 49 5 1 100 -999 0.000186866597199 -999 -999 -999 -999 -999 -999 -999 -999 -999 0.999813133402801
  1 49 5 2 100 -999 0.00423859794095725 -999 -999 -999 -999 1.49161078673289e-07 0.00205673015265841 8.23046903277851e-05 -999 -999 0.993622218054978
  1 49 5 3 100 -999 0.00815822926212123 -999 -999 -999 -999 0.00203805985843845 0.00896603510507772 0.000238775829083189 -999 -999 0.980598899945279
  1 49 5 4 100 -999 0.0084502527562955 -999 -999 -999 -999 0.00438579280573654 0.0131836950917686 0.000247317557680986 -999 -999 0.973732941788518
  1 49 5 5 100 -999 0.00843738822790679 -999 -999 -999 -999 0.00468659849500813 0.0136315004856621 0.000248224815268407 -999 -999 0.972996287976155
  1 50 5 1 100 -999 0.000181860389621198 -999 -999 -999 -999 -999 -999 -999 -999 -999 0.999818139610379
  1 50 5 2 100 -999 0.0035685813213529 -999 -999 -999 -999 -999 0.00187740612971153 7.10203697395963e-05 -999 -999 0.994482992179196
  1 50 5 3 100 -999 0.0067695264176509 -999 -999 -999 -999 -999 0.010393660063909 0.000208538796407527 -999 -999 0.982628274722033
  1 50 5 4 100 -999 0.00706084260188608 -999 -999 -999 -999 -999 0.013630128125157 0.00021026491097777 -999 -999 0.979098764361979
  1 50 5 5 100 -999 0.00705959472007004 -999 -999 -999 -999 -999 0.0140390647741529 0.000209919491504508 -999 -999 0.978691421014273
  1 51 5 1 100 -999 7.14525364927023e-05 -999 -999 -999 -999 -999 -999 -999 -999 -999 0.999928547463507
  1 51 5 2 100 -999 0.00177412808959841 -999 -999 -999 -999 -999 0.000156398256383787 7.01566091308769e-05 -999 -999 0.997999317044887
  1 51 5 3 100 -999 0.0033801655100091 -999 -999 -999 -999 -999 0.00907227731561652 0.000208935647291331 -999 -999 0.987338621527083
  1 51 5 4 100 -999 0.00351671969241175 -999 -999 -999 -999 -999 0.0152238656342718 0.000211454102027972 -999 -999 0.981047960571289
  1 51 5 5 100 -999 0.00348118958950221 -999 -999 -999 -999 -999 0.0153869888442379 0.000211234061785105 -999 -999 0.980920587504475
  1 52 5 1 100 -999 0.000188140351905212 -999 -999 -999 -999 -999 -999 -999 -999 -999 0.999811859648095
  1 52 5 2 100 -999 0.00345821949892419 -999 -999 -999 -999 -999 9.40781005632981e-05 7.38305677113502e-05 -999 -999 0.996373871832801
  1 52 5 3 100 -999 0.00654454674841288 -999 -999 -999 -999 -999 0.0112237071913763 0.000225744997659941 -999 -999 0.982006001062551
  1 52 5 4 100 -999 0.00678534480053349 -999 -999 -999 -999 -999 0.0188940397412429 0.000232605980891267 -999 -999 0.974088009477332
  1 52 5 5 100 -999 0.00671359579189927 -999 -999 -999 -999 -999 0.0190467438116545 0.000231947848299309 -999 -999 0.974007712548147
  1 53 5 1 100 -999 0.000174456932054565 -999 -999 -999 -999 -999 -999 -999 -999 -999 0.999825543067945
  1 53 5 2 100 -999 0.00411162833749997 -999 -999 -999 -999 -999 8.23836160593692e-05 8.59292808635226e-05 -999 -999 0.995720058765577
  1 53 5 3 100 -999 0.00810854853076645 -999 -999 -999 -999 -999 0.00986142234697922 0.000255327714754154 -999 -999 0.9817747014075
  1 53 5 4 100 -999 0.00845435223065784 -999 -999 -999 -999 -999 0.0211212258465269 0.000261831811760769 -999 -999 0.970162590111055
  1 53 5 5 100 -999 0.00834678430318883 -999 -999 -999 -999 -999 0.0226216611831786 0.000262586353477647 -999 -999 0.968768968160155
  1 54 5 1 100 -999 0.000154497453612581 -999 -999 -999 -999 -999 8.53950821715416e-06 -999 -999 -999 0.99983696303817
  1 54 5 2 100 -999 0.00320007326808183 -999 -999 -999 -999 -999 0.000232614399171429 8.065099614971e-05 -999 -999 0.996486661336597
  1 54 5 3 100 -999 0.00621036085716693 -999 -999 -999 -999 -999 0.00853270745015416 0.000235114932793528 -999 -999 0.985021816759885
  1 54 5 4 100 -999 0.00654982322463653 -999 -999 -999 -999 -999 0.0183148113367144 0.000239375852306214 -999 -999 0.974895989586343
  1 54 5 5 100 -999 0.00647403820265215 -999 -999 -999 -999 -999 0.0197293524337515 0.000240213744674291 -999 -999 0.973556395618922
  1 55 5 1 100 -999 0.000200107617284551 -999 -999 -999 -999 -999 -999 -999 -999 -999 0.999799892382715
  1 55 5 2 100 -999 0.00387641669063859 -999 8.81032438651021e-08 -999 -999 -999 0.000826186177218287 8.42255833967232e-05 -999 -999 0.995213083445503
  1 55 5 3 100 -999 0.00739113339034306 -999 0.000168273870122672 -999 -999 -999 0.00878406797820363 0.000256001627131909 -999 -999 0.983400523134199
  1 55 5 4 100 -999 0.00771395511916479 -999 0.000294878425846118 -999 -999 -999 0.0169133537408365 0.000259431805590024 -999 -999 0.974818380908563
  1 55 5 5 100 -999 0.00770815083638186 -999 0.000292738262156487 -999 -999 -999 0.0181581978264657 0.000258346704810305 -999 -999 0.973582566370186
  1 56 5 1 100 -999 0.000124613493418079 -999 -999 -999 -999 -999 -999 -999 -999 -999 0.999875386506582
  1 56 5 2 100 -999 0.00284174661918686 -999 2.78898417912681e-07 -999 -999 -999 0.000880552821293389 7.80474187154504e-05 -999 -999 0.996199374242386
  1 56 5 3 100 -999 0.00552572295039107 -999 0.000636012549434102 -999 -999 -999 0.00793288229213742 0.000245053562578876 -999 -999 0.985660328645458
  1 56 5 4 100 -999 0.0058049417873503 -999 0.0011327805044572 -999 -999 -999 0.0138112052641952 0.000252901873269127 -999 -999 0.978998170570728
  1 56 5 5 100 -999 0.00573793871448148 -999 0.00108892515070208 -999 -999 -999 0.014121067708536 0.000252879284700355 -999 -999 0.97879918914158
  1 57 5 1 100 -999 0.000296446922791713 -999 -999 -999 -999 -999 -999 -999 -999 -999 0.999703553077208
  1 57 5 2 100 -999 0.00478345826554287 -999 -999 -999 -999 -999 0.000127023047382528 6.91981935323072e-05 -999 -999 0.995020320493542
  1 57 5 3 100 -999 0.00860583766676818 -999 -999 -999 -999 0.00152949279911288 0.00479309501525944 0.000209416841382339 -999 -999 0.984862157677477
  1 57 5 4 100 -999 0.0087711430792663 -999 -999 -999 -999 0.00337456827308726 0.00876728820183449 0.000212411945427548 -999 -999 0.978874588500384
  1 57 5 5 100 -999 0.00876710748605298 -999 -999 -999 -999 0.00362681416206734 0.00868885773664614 0.000212372160256562 -999 -999 0.978704848454977
  1 58 5 1 100 -999 0.000182321098270815 -999 -999 -999 -999 -999 2.93142387278008e-07 -999 -999 -999 0.999817385759342
  1 58 5 2 100 -999 0.00468553797737116 -999 -999 -999 -999 -999 0.000259864889266361 7.17371073541201e-05 -999 -999 0.994982860026008
  1 58 5 3 100 -999 0.00922137368845695 -999 -999 -999 -999 -999 0.0065789446748242 0.000227717147253494 -999 -999 0.983971964489465
  1 58 5 4 100 -999 0.0097018653013658 -999 -999 -999 -999 -999 0.0116558737394627 0.000231988380204798 -999 -999 0.978410272578967
  1 58 5 5 100 -999 0.009546912227156 -999 -999 -999 -999 -999 0.0109188977685675 0.0002310729412623 -999 -999 0.979303117063014
  1 59 5 1 100 -999 0.000172243233777925 -999 -999 -999 -999 -999 -999 -999 -999 -999 0.999827756766222
  1 59 5 2 100 -999 0.00366036774707839 -999 -999 -999 -999 -999 0.000569354948429209 7.70906172345308e-05 -999 -999 0.995693186687258
  1 59 5 3 100 -999 0.00713003832987104 -999 -999 -999 -999 -999 0.00686587946263385 0.000245663853599172 -999 -999 0.985758418353896
  1 59 5 4 100 -999 0.00748299210438476 -999 -999 -999 -999 -999 0.0128320049624079 0.000252569768888077 -999 -999 0.979432433164319
  1 59 5 5 100 -999 0.0073651136485341 -999 -999 -999 -999 -999 0.0125541912386235 0.000251033043442888 -999 -999 0.979829662069399
  1 60 5 1 100 -999 0.000181762435834369 -999 -999 -999 -999 -999 6.95382273135374e-07 -999 -999 -999 0.999817542181892
  1 60 5 2 100 -999 0.00372735532148264 -999 -999 -999 -999 -999 0.00116141092060764 8.03336067428709e-05 -999 -999 0.995030900151167
  1 60 5 3 100 -999 0.00702638877334053 -999 -999 -999 -999 0.00175347980113285 0.00679909523372448 0.000242633521529151 -999 -999 0.984178402670273
  1 60 5 4 100 -999 0.00720289745825096 -999 -999 -999 -999 0.00386373541006824 0.0108656540247413 0.000245245708954055 -999 -999 0.977822467397985
  1 60 5 5 100 -999 0.00714647578465247 -999 -999 -999 -999 0.00410910513854536 0.011324835331327 0.000244271254221737 -999 -999 0.977175312491253
  1 61 5 1 100 -999 0.000273339206010311 -999 -999 -999 -999 -999 -999 -999 -999 -999 0.99972666079399
  1 61 5 2 100 -999 0.00487868049277172 -999 -999 -999 -999 -999 0.0021761648705613 8.571622482018e-05 -999 -999 0.992859438411847
  1 61 5 3 100 -999 0.00917806462497511 -999 -999 -999 -999 -999 0.00879473346910608 0.00026217812899234 -999 -999 0.981765023776926
  1 61 5 4 100 -999 0.00959140426152933 -999 -999 -999 -999 -999 0.0117044550384466 0.000266975558478789 -999 -999 0.978437165141545
  1 61 5 5 100 -999 0.00951110431230429 -999 -999 -999 -999 -999 0.0119179222175901 0.000266453164863442 -999 -999 0.978304520305242
  1 62 5 1 100 -999 0.000137660217716775 -999 -999 -999 -999 -999 -999 -999 -999 -999 0.999862339782283
  1 62 5 2 100 -999 0.00328652173241152 -999 -999 -999 -999 -999 0.00196016178657429 7.95579469653811e-05 -999 -999 0.994673758534049
  1 62 5 3 100 -999 0.00635313090887108 -999 -999 -999 -999 -999 0.0121507699898027 0.000243548326796345 -999 -999 0.98125255077453
  1 62 5 4 100 -999 0.00668097829023981 -999 -999 -999 -999 -999 0.0161918836392097 0.000251385765934259 -999 -999 0.976875752304616
  1 62 5 5 100 -999 0.00667817117093833 -999 -999 -999 -999 -999 0.0165053356516065 0.000251176839115565 -999 -999 0.97656531633834
  1 63 5 1 100 -999 0.000181439101467149 -999 -999 -999 -999 -999 -999 -999 -999 -999 0.999818560898533
  1 63 5 2 100 -999 0.00363943603485731 -999 -999 -999 -999 -999 0.000176270586544705 8.45148918118563e-05 -999 -999 0.996099778486786
  1 63 5 3 100 -999 0.00685404626459341 -999 -999 -999 -999 0.00126307681713936 0.00971601220242668 0.000246448411059208 -999 -999 0.981920416304781
  1 63 5 4 100 -999 0.00705678488482321 -999 -999 -999 -999 0.00258359084632468 0.0163250591241503 0.00025016972959165 -999 -999 0.97378439541511
  1 63 5 5 100 -999 0.00697948313627068 -999 -999 -999 -999 0.00217459392633717 0.0163887603593486 0.000248945516668115 -999 -999 0.974208217061376
  1 64 5 1 100 -999 0.000130122850936351 -999 -999 -999 -999 -999 -999 -999 -999 -999 0.999869877149064
  1 64 5 2 100 -999 0.00291840092183054 -999 -999 -999 -999 -999 9.79152854882207e-05 7.130804366674e-05 -999 -999 0.996912375749014
  1 64 5 3 100 -999 0.00557163309924281 -999 -999 -999 -999 -999 0.0118460385130024 0.000221261478700935 -999 -999 0.982361066909054
  1 64 5 4 100 -999 0.00577105669156882 -999 -999 -999 -999 -999 0.0201886769075986 0.000224225634345668 -999 -999 0.973816040766487
  1 64 5 5 100 -999 0.00569307527457373 -999 -999 -999 -999 -999 0.0202383608925618 0.000223509752448517 -999 -999 0.973845054080416
  1 65 5 1 100 -999 0.000185147704858859 -999 -999 -999 -999 -999 1.43663023944442e-07 -999 -999 -999 0.999814708632117
  1 65 5 2 100 -999 0.00396912108632781 -999 -999 -999 -999 -999 0.000134795565707736 8.20133796994329e-05 -999 -999 0.995814069968265
  1 65 5 3 100 -999 0.00769292822868559 -999 -999 -999 -999 0.00139555221914965 0.00927002865153777 0.000244492318569483 -999 -999 0.981396998582058
  1 65 5 4 100 -999 0.00795815620911119 -999 -999 -999 -999 0.00289112565431985 0.0200208812659214 0.000252870479871948 -999 -999 0.968876966390776
  1 65 5 5 100 -999 0.00788373125393717 -999 -999 -999 -999 0.002559959804735 0.0213446411549825 0.000253071666292559 -999 -999 0.967958596120053
  1 66 5 1 100 -999 0.000230220851354822 -999 -999 -999 -999 -999 -999 -999 -999 -999 0.999769779148645
  1 66 5 2 100 -999 0.00430753931614908 -999 -999 -999 -999 -999 0.00030314193397675 7.38777006083489e-05 -999 -999 0.995315441049266
  1 66 5 3 100 -999 0.00809095012257779 -999 -999 -999 -999 0.00117609362013672 0.00720221434585306 0.000224425261814361 -999 -999 0.983306316649618
  1 66 5 4 100 -999 0.00833552460957316 -999 -999 -999 -999 0.00243663883868208 0.0150696046316694 0.000226996701680663 -999 -999 0.973931235218395
  1 66 5 5 100 -999 0.00826147826357818 -999 -999 -999 -999 0.00209829835283349 0.0161168214841669 0.000228371113275011 -999 -999 0.973295030786146
  1 67 5 1 100 -999 0.000106867182206963 -999 -999 -999 -999 -999 -999 -999 -999 -999 0.999893132817793
  1 67 5 2 100 -999 0.00295529661414195 -999 -999 -999 -999 -999 0.000515585475188496 8.57523803874e-05 -999 -999 0.996443365530282
  1 67 5 3 100 -999 0.00596364410319584 -999 -999 -999 -999 -999 0.00705696359850172 0.000259928719591579 -999 -999 0.986719463578711
  1 67 5 4 100 -999 0.00628903867322003 -999 -999 -999 -999 -999 0.0140409474125178 0.000270661828098258 -999 -999 0.979399352086164
  1 67 5 5 100 -999 0.00623498406029796 -999 -999 -999 -999 -999 0.0151034170750119 0.000270484481894104 -999 -999 0.978391114382796
  1 68 5 1 100 -999 0.000161353989091753 -999 -999 -999 -999 -999 -999 -999 -999 -999 0.999838646010908
  1 68 5 2 100 -999 0.002992238463392 -999 -999 -999 -999 -999 0.000326025251031759 6.68269791658188e-05 -999 -999 0.99661490930641
  1 68 5 3 100 -999 0.00565604487653218 -999 -999 -999 -999 -999 0.00588034445613874 0.000207001205211542 -999 -999 0.988256609462118
  1 68 5 4 100 -999 0.00592024487756138 -999 -999 -999 -999 -999 0.011568562010942 0.000211392255632112 -999 -999 0.982299800855864
  1 68 5 5 100 -999 0.00587186876934934 -999 -999 -999 -999 -999 0.0123617892584712 0.000211504080837047 -999 -999 0.981554837891342
  1 69 5 1 100 -999 0.000187836106635444 -999 -999 -999 -999 -999 -999 -999 -999 -999 0.999812163893365
  1 69 5 2 100 -999 0.00364120931461933 -999 -999 -999 -999 -999 0.000258012397618653 7.84760860358781e-05 -999 -999 0.996022302201726
  1 69 5 3 100 -999 0.00694764134326419 -999 -999 -999 -999 -999 0.00478364859018467 0.000240994946331496 -999 -999 0.98802771512022
  1 69 5 4 100 -999 0.00724263809545585 -999 -999 -999 -999 -999 0.00819960652450507 0.000246855155670207 -999 -999 0.984310900224369
  1 69 5 5 100 -999 0.00714144313531983 -999 -999 -999 -999 -999 0.00761475978424195 0.000246534777780753 -999 -999 0.984997262302657
  1 70 5 1 100 -999 0.000157388995237459 -999 -999 -999 -999 -999 3.15623009284861e-07 -999 -999 -999 0.999842295381753
  1 70 5 2 100 -999 0.00328840240971043 -999 -999 -999 -999 -999 0.000263403702061549 7.5042136988713e-05 -999 -999 0.996373151751239
  1 70 5 3 100 -999 0.00622060413486432 -999 -999 -999 -999 0.0012564667059247 0.00379373257804726 0.000237143683793351 -999 -999 0.98849205289737
  1 70 5 4 100 -999 0.00644395625520707 -999 -999 -999 -999 0.00263131413933422 0.0071370339752085 0.000238390233527271 -999 -999 0.983549305396723
  1 70 5 5 100 -999 0.00643136521155659 -999 -999 -999 -999 0.00249754034672275 0.00721457171990188 0.000237825689861262 -999 -999 0.983618697031957
  1 71 5 1 100 -999 0.000166016573713237 -999 -999 -999 -999 -999 -999 -999 -999 -999 0.999833983426287
  1 71 5 2 100 -999 0.00342232628572874 -999 -999 -999 -999 -999 0.000809927037441297 7.44401332443237e-05 -999 -999 0.995693306543586
  1 71 5 3 100 -999 0.00664978282809423 -999 -999 -999 -999 -999 0.00434805346772276 0.000231025605874674 -999 -999 0.988771138098308
  1 71 5 4 100 -999 0.00700098590415947 -999 -999 -999 -999 -999 0.00702482849851279 0.000235399238084242 -999 -999 0.985738786359244
  1 71 5 5 100 -999 0.00693641126214902 -999 -999 -999 -999 -999 0.00707759075170645 0.000235748733071843 -999 -999 0.985750249253073
  1 72 5 1 100 -999 0.000163942265231108 -999 -999 -999 -999 -999 1.40336321467448e-06 -999 -999 -999 0.999834654371554
  1 72 5 2 100 -999 0.00341523089304775 -999 -999 -999 -999 -999 0.00148719244245938 7.36354772256619e-05 -999 -999 0.995023941187267
  1 72 5 3 100 -999 0.00654662562993877 -999 -999 -999 -999 0.00125302899972635 0.00524620103590773 0.000227394508063259 -999 -999 0.986726749826364
  1 72 5 4 100 -999 0.00677765793532282 -999 -999 -999 -999 0.0026302243024968 0.00705850774394029 0.000230129493676677 -999 -999 0.983303480524563
  1 72 5 5 100 -999 0.00670898342012445 -999 -999 -999 -999 0.00223201849042272 0.00725338049394861 0.000228801997084031 -999 -999 0.98357681559842
  1 73 5 1 100 -999 0.000273350736707882 -999 -999 -999 -999 -999 -999 -999 -999 -999 0.999726649263292
  1 73 5 2 100 -999 0.00501836124805709 -999 -999 -999 -999 -999 0.00299693087425926 7.79959872118213e-05 -999 -999 0.991906711890472
  1 73 5 3 100 -999 0.00929639005664796 -999 -999 -999 -999 0.00119296935215134 0.010034279382064 0.000240999359094807 -999 -999 0.979235361850042
  1 73 5 4 100 -999 0.00964896154160492 -999 -999 -999 -999 0.00246730242401342 0.0122820891401973 0.000248744415338636 -999 -999 0.975352902478846
  1 73 5 5 100 -999 0.00961742532108968 -999 -999 -999 -999 0.00227176819494096 0.0124145765288635 0.000249092829358466 -999 -999 0.975447137125747
  1 74 5 1 100 -999 0.000102813601344595 -999 -999 -999 -999 -999 -999 -999 -999 -999 0.999897186398655
  1 74 5 2 100 -999 0.00270525182284551 -999 -999 -999 -999 -999 0.00267395084013898 6.33431667690618e-05 -999 -999 0.994557454170246
  1 74 5 3 100 -999 0.00520046780883833 -999 -999 -999 -999 -999 0.0137639343007081 0.000201781891633987 -999 -999 0.98083381599882
  1 74 5 4 100 -999 0.00544001008501668 -999 -999 -999 -999 -999 0.0162885808797933 0.000206938944638026 -999 -999 0.978064470090552
  1 74 5 5 100 -999 0.00539274216725341 -999 -999 -999 -999 -999 0.0163303185955318 0.000206373397364925 -999 -999 0.97807056583985
  1 75 5 1 100 -999 0.000189744725432848 -999 -999 -999 -999 -999 -999 -999 -999 -999 0.999810255274567
  1 75 5 2 100 -999 0.00359205632014046 -999 -999 -999 -999 -999 0.00153317759002436 7.16691077629542e-05 -999 -999 0.994803096982072
  1 75 5 3 100 -999 0.00660187218561666 -999 -999 -999 -999 0.001197036752287 0.0181103974970198 0.000217851670598016 -999 -999 0.973872841894479
  1 75 5 4 100 -999 0.00675337599630822 -999 -999 -999 -999 0.0024704004922859 0.023796327231914 0.000220357297879552 -999 -999 0.966759538981612
  1 75 5 5 100 -999 0.00669837455952514 -999 -999 -999 -999 0.00209084703622265 0.0237988783438212 0.00021994429823105 -999 -999 0.9671919557622
  1 76 5 1 100 -999 0.000216056592052442 -999 -999 -999 -999 -999 -999 -999 -999 -999 0.999783943407948
  1 76 5 2 100 -999 0.00456132723718279 -999 -999 -999 -999 -999 0.000270096229188435 6.69624783481554e-05 -999 -999 0.995101614055281
  1 76 5 3 100 -999 0.00865341190473714 -999 -999 -999 -999 -999 0.0171776604894228 0.000198494198737268 -999 -999 0.973970433407103
  1 76 5 4 100 -999 0.008923537942369 -999 -999 -999 -999 -999 0.0280236313125117 0.000201676242130747 -999 -999 0.962851154502989
  1 76 5 5 100 -999 0.00881081697778091 -999 -999 -999 -999 -999 0.0281706401749287 0.000203263101541929 -999 -999 0.962815279745748
  1 77 5 1 100 -999 0.000124408040420654 -999 -999 -999 -999 -999 -999 -999 -999 -999 0.999875591959579
  1 77 5 2 100 -999 0.00300617007311127 -999 -999 -999 -999 -999 0.000508761179394777 7.34389144311919e-05 -999 -999 0.996411629833063
  1 77 5 3 100 -999 0.00576888483566592 -999 -999 -999 -999 -999 0.0157793685253114 0.000221302802551405 -999 -999 0.978230443836471
  1 77 5 4 100 -999 0.00593745034947181 -999 -999 -999 -999 -999 0.0324175296599417 0.000223151580781129 -999 -999 0.961421868409805
  1 77 5 5 100 -999 0.00587387334259887 -999 -999 -999 -999 -999 0.0345951855307672 0.000222626767361692 -999 -999 0.959308314359272
  1 78 5 1 100 -999 0.000163004095379256 -999 -999 -999 -999 -999 -999 -999 -999 -999 0.999836995904621
  1 78 5 2 100 -999 0.00310218285111801 -999 -999 -999 -999 -999 0.00021555112175134 6.94540445797527e-05 -999 -999 0.996612811982551
  1 78 5 3 100 -999 0.00574466632948568 -999 -999 -999 -999 0.00120519894294687 0.0157672606468637 0.000213024320746838 -999 -999 0.977069849759957
  1 78 5 4 100 -999 0.00587336991866144 -999 -999 -999 -999 0.00247953154659931 0.032939646173143 0.000215009332600048 -999 -999 0.958492443028996
  1 78 5 5 100 -999 0.00585979172808434 -999 -999 -999 -999 0.00236791573786137 0.0353533457511238 0.000215119486108998 -999 -999 0.956203827296822
  1 79 5 1 100 -999 0.000171099674252585 -999 -999 -999 -999 -999 -999 -999 -999 -999 0.999828900325747
  1 79 5 2 100 -999 0.00353503772198366 -999 -999 -999 -999 -999 0.000228824101459906 6.00198193876423e-05 -999 -999 0.996176118357169
  1 79 5 3 100 -999 0.00679281190954354 -999 -999 -999 -999 -999 0.0112993263478204 0.000189088639079334 -999 -999 0.981718773103557
  1 79 5 4 100 -999 0.00710381073576077 -999 -999 -999 -999 -999 0.0237914326474937 0.000189405494543056 -999 -999 0.968915351122203
  1 79 5 5 100 -999 0.00710048838775886 -999 -999 -999 -999 -999 0.0256730258037076 0.000188850561642697 -999 -999 0.967037635246891
  1 80 5 1 100 -999 0.000124861471053054 -999 -999 -999 -999 -999 -999 -999 -999 -999 0.999875138528947
  1 80 5 2 100 -999 0.00296182397981608 -999 5.91742852484477e-08 -999 -999 -999 0.000423533569350208 6.8528854622184e-05 -999 -999 0.996546054421926
  1 80 5 3 100 -999 0.00570144944198047 -999 0.000114223903634444 -999 -999 0.00132642324344524 0.0134957563425407 0.000210631827933112 -999 -999 0.979151515240466
  1 80 5 4 100 -999 0.00588768875236399 -999 0.000198878101690617 -999 -999 0.00274590106223523 0.0282634929014387 0.000213278082826356 -999 -999 0.962690761099445
  1 80 5 5 100 -999 0.0058292885696207 -999 0.000189811574730177 -999 -999 0.00233067837089176 0.0302684407963676 0.000213166424848118 -999 -999 0.961168614263542
  1 1 7 1 100 5.32481392538596e-05 0.0198967318525922 -999 4.74366192891583e-05 0.00012964334622161 -999 -999 8.49436017233703e-11 5.53354026748432e-05 2.65801420732966e-05 -999 0.979791024412951
  1 1 7 2 100 5.32487085666988e-05 0.0198968096683416 3.19066968728828e-09 4.74390010135485e-05 0.000129656410680408 -999 6.08407161953379e-10 8.49427027565839e-11 5.53358492639086e-05 2.65809100518706e-05 -999 0.979790925568062
  1 1 7 3 100 0.000109426702315648 0.0288425630588385 0.000371601764462941 0.000366587251696326 0.0014574352535911 -999 6.86216482436335e-05 8.86537605613715e-06 0.000102090781721271 9.99094001698415e-05 -999 0.968572898762905
  1 1 7 4 100 0.000212492594192017 0.0849295860950432 0.0023943702462815 0.00351295912154112 0.00520229574932403 -999 0.000382243033146313 0.000307693080526872 0.000277587861652328 0.000157586848675532 -999 0.902623185369617
  1 1 7 5 100 0.00044105595645994 0.20768281007237 0.00683427489892793 0.0105843671214229 0.0131993520524498 -999 0.00102523589662425 0.00098923661530828 0.000662884283141856 0.000283592018227001 -999 0.758297191085068
  1 2 7 1 100 2.89502851805141e-05 0.0176108242617387 -999 -999 7.08955889140042e-05 -999 -999 1.74404055012165e-27 6.1329036749805e-05 2.14624071737256e-05 -999 0.982206538420243
  1 2 7 2 100 2.8951137834591e-05 0.0176108933895673 3.44519747195491e-09 5.88999556232052e-09 7.09112482850106e-05 -999 6.84916532616774e-10 1.05776405638519e-12 6.13294251500508e-05 2.14633310965799e-05 -999 0.982206441446899
  1 2 7 3 100 0.00010493152056684 0.0249092245021923 0.000364736401427475 0.000603278407292511 0.00151534795728534 -999 7.05514115797881e-05 9.63593562427064e-06 9.98071139060892e-05 0.000101892690545778 -999 0.97222059405958
  1 2 7 4 100 0.000208433101524165 0.0725841750022886 0.00237231137176915 0.00407990148599105 0.00548806549483524 -999 0.000404778164173617 0.000339682357427765 0.000276756054143797 0.000165642232089724 -999 0.914080254735757
  1 2 7 5 100 0.000421364760279752 0.175673373038157 0.00663068175830485 0.0116896843310649 0.0138984579995373 -999 0.00108379575941927 0.00107288005114908 0.000655347062879356 0.000295856140038823 -999 0.78857855909917
  1 3 7 1 100 5.39292987075695e-05 0.0185171893203928 -999 -999 7.29051176179029e-05 -999 -999 3.81272522628241e-21 6.38862806144836e-05 3.13326383855723e-05 -999 0.981260757344282
  1 3 7 2 100 5.3930547097377e-05 0.0185173321931025 6.85177052949828e-09 1.75342921076642e-08 7.29357603141088e-05 -999 1.32403304673986e-09 3.78285425513573e-15 6.38872050184571e-05 3.13342002340374e-05 -999 0.981260554384134
  1 3 7 3 100 0.000111321016747659 0.0261043028741237 0.000361750369325858 0.000882069099333056 0.0015368362348262 -999 6.92109239693971e-05 8.32231314539558e-06 0.000110526972313863 0.000102905181384137 -999 0.970712755014831
  1 3 7 4 100 0.000208106693845247 0.0783576942193467 0.00240561754173791 0.00527885015464501 0.00589416849934901 -999 0.000428268597755513 0.000374789353128882 0.000321739337974381 0.000169334954901864 -999 0.906561430647316
  1 3 7 5 100 0.000426476784108604 0.190393493421749 0.0068113954649376 0.0149240646846116 0.0149319181113328 -999 0.00114698857369494 0.00119523069643157 0.000764407076806657 0.000303736070553463 -999 0.769102289115774
  1 4 7 1 100 5.61019856231621e-05 0.0165279462842388 -999 -999 0.000136474632703845 -999 -999 5.38863564552963e-16 7.88390302014517e-05 3.05158557416484e-05 -999 0.983170122211491
  1 4 7 2 100 5.6103078792364e-05 0.0165280890485478 6.29285836557518e-09 2.42977928410407e-08 0.000136505227701659 -999 1.27757001280777e-09 3.89946745663866e-14 7.8840333175504e-05 3.05176271207138e-05 -999 0.983169912816402
  1 4 7 3 100 0.000109604166024402 0.0242755467405531 0.000353062162945454 0.00124694717900638 0.00166388018839366 -999 7.05790884933268e-05 7.04516470456428e-06 0.00014510183837399 0.000113906488726404 -999 0.972014326982779
  1 4 7 4 100 0.000211236268971075 0.0707532462902943 0.00237526347708196 0.00638359188464509 0.00637775209080124 -999 0.000459836282669239 0.00031149718362742 0.000400121983589217 0.00017187017085023 -999 0.91255558436747
  1 4 7 5 100 0.000452371185848776 0.17968630266981 0.00720187376728353 0.018799733390713 0.0170039540834659 -999 0.0013034627469121 0.0010606692791656 0.000999728283267968 0.000311881421358968 -999 0.773180023172174
  1 5 7 1 100 5.37046173575907e-05 0.0156433963515194 -999 -999 0.000150985488295305 -999 -999 1.12217629728307e-19 8.91282388225821e-05 3.13101080661527e-05 -999 0.984031475195939
  1 5 7 2 100 5.37057240452628e-05 0.0156435168618115 6.4316381380489e-09 3.073602512788e-08 0.000151016535036074 -999 1.29296027967319e-09 6.55554827462377e-16 8.91294717257503e-05 3.1311800070281e-05 -999 0.984031281146687
  1 5 7 3 100 0.000107861804649095 0.0223133310639826 0.000360104114632486 0.00156265527941975 0.00171221224711257 -999 7.36545991743379e-05 7.66122707016888e-06 0.000153335431311062 0.000111263071101162 -999 0.973597921161547
  1 5 7 4 100 0.000205642706864488 0.0642870791445541 0.00231151623298134 0.0072383391286131 0.00672182257012399 -999 0.000485800619729579 0.00031197564049571 0.000422252426353077 0.000171029827478639 -999 0.917844541702806
  1 5 7 5 100 0.000445303006021745 0.16889776608628 0.00719146105104497 0.0216477017488145 0.0187008936578481 -999 0.00142708552256309 0.00110005884206917 0.00108419923631515 0.000316614132278074 -999 0.779188916716765
  1 6 7 1 100 4.78210419217815e-05 0.0228466574229327 -999 -999 0.000135423075544475 -999 -999 1.78951826566413e-11 9.93386411493474e-05 3.02206964149737e-05 -999 0.976840539104141
  1 6 7 2 100 4.7822152239646e-05 0.0228468192509756 5.75899274693841e-09 3.09685016574666e-08 0.00013545331569647 -999 1.25340933990785e-09 1.80673789753768e-11 9.93398026801268e-05 3.02220401719247e-05 -999 0.976840305439265
  1 6 7 3 100 0.000101678794997996 0.0321351290689627 0.000331010869655266 0.00159960117279023 0.00167466867423826 -999 7.17916346375214e-05 9.41190308776049e-06 0.000162470746936924 9.44076428444844e-05 -999 0.963819829491849
  1 6 7 4 100 0.000185254347446752 0.0907888223560947 0.00207446563626372 0.00717775256071608 0.00645375390372932 -999 0.00045701431985032 0.000334338566926872 0.000440535912428084 0.00015017180201712 -999 0.891937890594527
  1 6 7 5 100 0.000375472118811424 0.221884466316868 0.005921798086126 0.0198604906937992 0.0168963168824966 -999 0.00126710495902089 0.00109195086065022 0.00105232002697642 0.000271278419080362 -999 0.731378801636171
  1 7 7 1 100 4.95930345664848e-05 0.0417118933470535 -999 -999 0.000224042902445791 -999 -999 4.86464708166637e-10 9.27258938842598e-05 3.6339378696985e-05 -999 0.957885404956888
  1 7 7 2 100 4.95940955214685e-05 0.0417121484142703 5.33514822444769e-09 2.35658352594995e-08 0.000224070761619259 -999 1.20982960447674e-09 4.86492433908477e-10 9.27270686136267e-05 3.63407406448124e-05 -999 0.957885088322025
  1 7 7 3 100 0.000100125045090578 0.0558003209114123 0.00029840259182433 0.00121659106930762 0.00163467729837747 -999 6.83370056573875e-05 8.80259039866459e-06 0.000153975566424451 0.000100475424514694 -999 0.940618292496993
  1 7 7 4 100 0.000167513110482395 0.13905248653137 0.00175834977915794 0.00590986494949653 0.00621973209202762 -999 0.000442315961069935 0.000334252449333281 0.000383415798222129 0.000145420634922346 -999 0.845586648693918
  1 7 7 5 100 0.000327532673093899 0.326247111500953 0.00502583212183644 0.0168233490618853 0.0162043752361246 -999 0.00122882344006886 0.00111183533239211 0.000897003298163162 0.000245965533404005 -999 0.631888171802079
  1 8 7 1 100 4.93620099104859e-05 0.0104827039365177 -999 -999 0.000251808579925481 -999 -999 2.50228502195314e-09 7.71752368254575e-05 3.33982654379175e-05 -999 0.989105549469098
  1 8 7 2 100 4.93625957265052e-05 0.0104827504862223 3.30374542828754e-09 9.23740692716494e-09 0.000251824935506238 -999 7.93137851713348e-10 2.50236979973265e-09 7.71757788538431e-05 3.33989980966377e-05 -999 0.989105471368934
  1 8 7 3 100 0.00010743129762331 0.0157471485973546 0.000383187992021777 0.00104903642132323 0.0019734045471542 -999 9.19546874421071e-05 1.83231690917871e-05 0.000136392561057824 0.000103999390832316 -999 0.980389121336099
  1 8 7 4 100 0.000217719742920892 0.0479950502865438 0.00256605024166007 0.00736949427708106 0.0089806335769872 -999 0.000646277707852611 0.000654289850965593 0.000405554157066244 0.000171385403297423 -999 0.930993544755625
  1 8 7 5 100 0.000478495371645642 0.125607608210333 0.00784914683321042 0.0227156323239475 0.0248557726258518 -999 0.00187033791110043 0.00223686748854392 0.00102843796445513 0.000321769654992308 -999 0.81303593161592
  1 9 7 1 100 4.90228982828276e-05 0.0241806867044475 -999 -999 0.000169833936141833 -999 -999 9.54567541619845e-08 7.78283798771548e-05 3.45708672699016e-05 -999 0.975487961757227
  1 9 7 2 100 4.90240127247788e-05 0.0241808636067504 6.25199492409725e-09 6.87817673304137e-09 0.000169867502631382 -999 1.37209908802602e-09 9.54548689721043e-08 7.78292266109363e-05 3.45723140561336e-05 -999 0.975487733380087
  1 9 7 3 100 0.000102855549249396 0.034062332625983 0.00035103107528284 0.000524608148826251 0.00191173585611079 -999 8.17218853226156e-05 1.93016524698711e-05 0.00012322255407435 0.000103092110184067 -999 0.962720098542497
  1 9 7 4 100 0.000185790241318187 0.0910065388941293 0.00204761551884557 0.00585410501467868 0.00829701989299596 -999 0.00059831607538342 0.000684383180941637 0.000320952717964324 0.0001533426789906 -999 0.890851935784752
  1 9 7 5 100 0.000389860898955772 0.228009925171143 0.00612164064242507 0.0183789683105576 0.0229792107413393 -999 0.00174876800708768 0.00235958706396119 0.000789247083692515 0.000272306411488365 -999 0.718950485669349
  1 10 7 1 100 4.86792880595655e-05 0.0246040410467538 -999 -999 0.000260949569034639 -999 -999 3.1719499849611e-09 6.09567678467228e-05 3.90435257580747e-05 -999 0.974986326630597
  1 10 7 2 100 4.86803942844472e-05 0.0246042230231399 6.11178573524383e-09 5.86956709048409e-09 0.000260981924733347 -999 1.3065246113233e-09 3.1764356158164e-09 6.09575693334945e-05 3.9044717936869e-05 -999 0.974986095906259
  1 10 7 3 100 0.000100252008846625 0.0343103411328727 0.000331646620576085 0.000434462312134469 0.00188763964831783 -999 7.56595480448069e-05 1.98417075311448e-05 0.00010145694033274 9.4661744855815e-05 -999 0.962644038336488
  1 10 7 4 100 0.00018379078838741 0.0933869045620318 0.0020472760297039 0.00552297821682003 0.00867354333132304 -999 0.000619553273254276 0.000791151490647118 0.000279287066317387 0.000150179635578559 -999 0.888345335605937
  1 10 7 5 100 0.000392931623963786 0.23524740290928 0.0062012839024425 0.0176664893505887 0.0240529605237506 -999 0.00181472679065478 0.00274529267443566 0.000704869591216526 0.000276320215735987 -999 0.710897722417931
  1 11 7 1 100 4.87196248606754e-05 0.027547563871095 -999 3.91192430294269e-05 9.44913843788239e-05 -999 -999 3.47535595477133e-22 7.11954982013471e-05 3.00751175034842e-05 -999 0.972168835260931
  1 11 7 2 100 4.87196248606754e-05 0.027547563871095 -999 3.91192430294269e-05 9.44913843788239e-05 -999 -999 3.47535595477133e-22 7.11954982013471e-05 3.00751175034842e-05 -999 0.972168835260931
  1 11 7 3 100 0.00010690208526584 0.0392466798812515 0.000364531086509062 0.000408182087434415 0.00202622882380207 -999 9.3356861652216e-05 1.47137580552266e-05 0.000126137857862316 9.99915742928696e-05 -999 0.957513275983874
  1 11 7 4 100 0.000193462580733801 0.104618080359996 0.00211558525875377 0.0055765309546804 0.00954707803238352 -999 0.000716413852826804 0.000553814994694214 0.000348040310057446 0.000151209898025053 -999 0.876179783757849
  1 11 7 5 100 0.000393552397434758 0.256241704564759 0.00621888788388371 0.0175150820541347 0.0260972415867233 -999 0.002060181940461 0.00187225193357388 0.000848350210550686 0.000271837992120806 -999 0.688480909436358
  1 12 7 1 100 5.10929689297481e-05 0.0148389060662907 -999 -999 0.000191214685979334 -999 -999 3.00966865641103e-15 8.96585715723789e-05 2.26518363991382e-05 -999 0.984806475870826
  1 12 7 2 100 5.10940831505165e-05 0.0148390222006662 6.42042337493231e-09 1.29553866273119e-08 0.000191252387234626 -999 1.62344450851818e-09 2.8059346886676e-13 8.96597420067753e-05 2.26533762106106e-05 -999 0.984806297211196
  1 12 7 3 100 0.000106192035328105 0.0212680296778505 0.000358519662678693 0.000799001422333358 0.00216907315741282 -999 9.71586869162114e-05 8.51973166502338e-06 0.000152069769809095 9.58218276340467e-05 -999 0.974945614028372
  1 12 7 4 100 0.00021078900493057 0.0635657486615211 0.00240581971483787 0.00753562445730761 0.0115541741905577 -999 0.000870875017585511 0.000361236568579565 0.000451790104071651 0.000151723186311811 -999 0.912892219094297
  1 12 7 5 100 0.000438770036704818 0.160347967359513 0.00709713430608429 0.0227731831782227 0.0317686295117048 -999 0.00249966816494744 0.00120095911830281 0.00111622920107941 0.000269188857155523 -999 0.772488270266285
  1 13 7 1 100 2.12917879134789e-05 0.0166508846478894 -999 -999 0.00010727291737933 -999 -999 9.24673682473158e-19 8.99585719666852e-05 2.66524869369575e-05 -999 0.983103939587914
  1 13 7 2 100 2.12927789500007e-05 0.0166509585009333 3.70325808970499e-09 1.24234667704846e-08 0.000107295876381865 -999 9.60188163868388e-10 3.28728424206153e-15 8.99592366689611e-05 2.66533564650046e-05 -999 0.983103823163684
  1 13 7 3 100 0.000103784495854044 0.0237119811982679 0.000357215427016374 0.00117761353499606 0.00218837807366164 -999 9.87323342963655e-05 3.09255245646877e-06 0.000152030217843443 9.89088996027423e-05 -999 0.972108263266005
  1 13 7 4 100 0.000208645022382469 0.0736099274229771 0.00253607860307683 0.00879159148216215 0.0125628003593314 -999 0.000968224180689098 0.000156635736973754 0.00047782590847558 0.000157977008509901 -999 0.900530294275422
  1 13 7 5 100 0.000452692469011388 0.186281500542875 0.00754192896962004 0.0263111751835989 0.0343426703803154 -999 0.00276417892351043 0.000522813475553969 0.00118556960715321 0.000290255923417839 -999 0.740307214524944
  1 14 7 1 100 5.54428525326131e-05 0.0180776630073707 -999 -999 0.000113089522780984 -999 -999 2.92794048760982e-09 8.70721168266762e-05 2.86532816953691e-05 -999 0.981638076290853
  1 14 7 2 100 5.54440058156912e-05 0.0180777985790602 6.8133115948404e-09 2.79540899192865e-08 0.00011313181695252 -999 1.77760065493917e-09 2.92787418157682e-09 8.70732832742599e-05 2.86548890324723e-05 -999 0.981637857952988
  1 14 7 3 100 0.000108908322932775 0.0252806018053865 0.00036074831607336 0.0014224104416661 0.00225062677764463 -999 0.000104879826978112 2.5339407277849e-06 0.000146623287486703 0.000101545004197281 -999 0.970221122276907
  1 14 7 4 100 0.000210967930556677 0.0775103620268256 0.00245089000047679 0.00938143641584825 0.0138782373176791 -999 0.00109798222723615 0.000120383875148924 0.000462271123733916 0.000164043318540771 -999 0.894723425763954
  1 14 7 5 100 0.000436750113906676 0.191991474036347 0.00698244872331097 0.0270087724429169 0.0383238363482817 -999 0.00313706040713532 0.000388595917212396 0.00113690726657375 0.000298601261941063 -999 0.730295553482374
  1 15 7 1 100 4.80118278907152e-05 0.0245643172620055 -999 -999 0.000225030341080772 -999 -999 1.12276760518288e-16 8.33154757211486e-05 3.19497394368827e-05 -999 0.975047375353865
  1 15 7 2 100 4.80126674028789e-05 0.024564489653441 6.31648792790865e-09 2.86654555119472e-08 0.000225069880716777 -999 1.82914270223361e-09 2.29324418602459e-12 8.33168296802312e-05 3.19511250034854e-05 -999 0.975047123030376
  1 15 7 3 100 8.83033259069183e-05 0.0336441842508785 0.000338404340845241 0.00144442066286481 0.00225000286815615 -999 0.000103102924490034 1.92019015003745e-06 0.000150598784426175 9.76755988098505e-05 -999 0.961881387053472
  1 15 7 4 100 0.000150940210976299 0.0864343309396687 0.00191828704469375 0.00720787643508185 0.0119144991627799 -999 0.000875289739742004 9.90327113057979e-05 0.000391113960651097 0.000143050628625301 -999 0.890865579166475
  1 15 7 5 100 0.000343754163305888 0.242516954266322 0.0065591946319908 0.0247087470225762 0.0388255042260019 -999 0.00297720804379738 0.000403557803629252 0.00109770639388488 0.000272094527884772 -999 0.682295278920607
  1 16 7 1 100 3.24120394692448e-05 0.0107972074815201 -999 -999 0.00021743571006392 -999 -999 2.23217798547977e-07 9.17886419405876e-05 2.92144579448941e-05 -999 0.988831718451263
  1 16 7 2 100 3.2412822376493e-05 0.0107972930576567 6.47012842785041e-09 2.89773303170282e-09 0.000217476231617966 -999 1.82121733133419e-09 2.23212987572653e-07 9.17898177495315e-05 2.92157487849204e-05 -999 0.988831577919748
  1 16 7 3 100 6.94968110655614e-05 0.0152464947505646 0.000345087023458995 0.000309792345176182 0.00227408768147876 -999 0.000102132468579798 1.73332384127717e-06 0.0001511032639472 9.07213637683228e-05 -999 0.981409350968119
  1 16 7 4 100 0.000106795686477822 0.0357347712027771 0.00155939209399451 0.00400244157698224 0.0101448625687328 -999 0.000726591751712794 9.05635089299763e-05 0.000350966692891644 0.000124991346288654 -999 0.947158623571212
  1 16 7 5 100 0.000280868383027997 0.12835030749827 0.00680381989914797 0.0191048391957888 0.0447775386127303 -999 0.00339274490208782 0.000502857409806986 0.00124610307676369 0.000268770199446806 -999 0.79527215082293
  1 17 7 1 100 2.35534440777884e-05 0.0236087773487191 -999 -999 0.000390650175466834 -999 -999 1.34007227681195e-08 8.02216735084642e-05 2.97370446858108e-05 -999 0.975867046912819
  1 17 7 2 100 2.35539792098247e-05 0.0236089478409365 6.53707642205086e-09 2.54545161396885e-09 0.000390688525831645 -999 1.92909841107478e-09 1.34004436915444e-08 8.02226341921327e-05 2.97381966614283e-05 -999 0.975866824411098
  1 17 7 3 100 4.90843903071144e-05 0.0322265244370793 0.000341841409274884 0.000184372399450778 0.00229714663577092 -999 0.000104704186665177 1.3949969733612e-06 0.000127976237751337 8.42250848065086e-05 -999 0.964582730221921
  1 17 7 4 100 6.87013501242457e-05 0.0579042398099109 0.00107876914257375 0.00164426548289174 0.00750907046288986 -999 0.000521664178174405 6.09849817134993e-05 0.000241329733741113 0.000104744379011932 -999 0.930866230478969
  1 17 7 5 100 0.000168929113045436 0.19704656974845 0.00471014369371223 0.00909681242933503 0.035713326438975 -999 0.00267192981705401 0.000395034945474742 0.000849991410378201 0.000198656062402328 -999 0.749148606341173
  1 18 7 1 100 1.9130734226841e-05 0.0187747152319228 -999 -999 0.00029874227191054 -999 -999 5.38191164199283e-11 6.46470469485094e-05 3.06205572035578e-05 -999 0.980812144103969
  1 18 7 2 100 1.91310546122625e-05 0.0187748542192782 5.75815374158701e-09 2.62048219608368e-09 0.000298776648502328 -999 1.59962291862347e-09 5.40215942715664e-11 6.46478648900733e-05 3.06214391470848e-05 -999 0.98081195874129
  1 18 7 3 100 3.50871935549202e-05 0.0259107687469649 0.000303634466907724 0.000163554778306159 0.00201801458069563 -999 8.68904608751688e-05 1.67406004257943e-06 0.000107132816001693 7.18649080430231e-05 -999 0.971301377988608
  1 18 7 4 100 5.03973406895038e-05 0.0457016580646637 0.000916867823740503 0.00103732172478577 0.00590583553990266 -999 0.000390654370905761 5.161155266074e-05 0.000199744992716986 8.75477957796272e-05 -999 0.945658360794155
  1 18 7 5 100 0.000118811511277253 0.153724636114358 0.00392160701321906 0.0056120868745033 0.0272311004597286 -999 0.00200869976850188 0.000331177576100575 0.00067409569293659 0.000166406115334281 -999 0.806211378874041
  1 19 7 2 100 1.77889056038359e-05 0.0170021700847612 1.17685296129158e-08 2.66466739972403e-05 0.000550359492120871 -999 2.79743765574494e-09 3.19422778191692e-11 7.14061451900742e-05 3.32962940729623e-05 -999 0.982298317806344
  1 19 7 3 100 2.51148418914434e-05 0.0201674796197644 0.000150506388420951 0.000123193650727635 0.00127618784694237 -999 3.78065816527232e-05 7.61855782830335e-07 9.41247043852973e-05 5.43864841205343e-05 -999 0.978070438026312
  1 19 7 4 100 4.66527196310159e-05 0.0404403631536175 0.000940629301069139 0.000808857370734331 0.00585880411275129 -999 0.000364139928385098 4.80977400252566e-05 0.000211465563493408 9.93244923113154e-05 -999 0.951181665617982
  1 19 7 5 100 0.000100579939433998 0.124547114920915 0.0037051131759528 0.00364905682504704 0.0252794909762923 -999 0.001772660864728 0.000291499518903034 0.000669368562526226 0.000178967930332052 -999 0.839806147285869
  1 20 7 1 100 1.46710696108171e-05 0.0177735675957762 -999 -999 0.000222806902804555 -999 -999 9.88028604449027e-28 8.86737619586434e-05 2.31212145666607e-05 -999 0.981877159455283
  1 20 7 2 100 1.46710696108171e-05 0.0177735675957762 -999 -999 0.000222806902804555 -999 -999 9.88028604449027e-28 8.86737619586434e-05 2.31212145666607e-05 -999 0.981877159455283
  1 20 7 3 100 3.08102297498228e-05 0.0246947218468442 0.00032027803180531 0.000270562521222976 0.00223871717327063 -999 8.82526262224436e-05 9.88311442744361e-07 0.000144870818348338 6.99583850315248e-05 -999 0.972140840056062
  1 20 7 4 100 3.97032229146027e-05 0.0386234361462708 0.000811795716569777 0.000672594640493702 0.00558671822784397 -999 0.000350774269576717 2.25666854392992e-05 0.000227957625303252 8.37161381100033e-05 -999 0.953580737327478
  1 20 7 5 100 8.48972662649248e-05 0.11939037661159 0.00333386932838615 0.00290596553514245 0.0252513566781198 -999 0.00181822063111799 0.000150482018800013 0.000702503434604598 0.000138540500585219 -999 0.846223787995389
  1 21 7 2 100 1.23866276688588e-05 0.0223275929061011 3.06489480364921e-09 2.90250344443169e-09 0.000361370260634396 -999 8.87825220062839e-10 1.74420239696122e-15 8.33756155038454e-05 3.05035199848255e-05 -999 0.977184764214882
  1 21 7 3 100 2.42965204624586e-05 0.0299900197722651 0.000258829103744111 0.000231900839460767 0.00202073176241495 -999 7.72637130797076e-05 5.85784336778168e-07 0.000126849321177764 7.03230963546534e-05 -999 0.967199200086704
  1 21 7 4 100 3.53115360446515e-05 0.04880438981815 0.000793755249774944 0.000638132839543635 0.00584551564466077 -999 0.000325184237441973 1.85643121309417e-05 0.000223501345717765 9.04473729485133e-05 -999 0.943225197643587
  1 21 7 5 100 7.09662988339685e-05 0.132409067701914 0.00286959672513251 0.00237835166234777 0.0230908694328964 -999 0.00139890069884832 0.000106608699592549 0.000639251775142728 0.000142435630091806 -999 0.8368939513752
  1 22 7 2 100 1.3504242882624e-05 0.0249437941752692 3.84206402260101e-09 1.00249019430219e-05 0.000535138776132655 -999 9.1193786228736e-10 4.16096423310595e-16 7.90681340540065e-05 2.74218369441084e-05 -999 0.974391043178772
  1 22 7 3 100 1.73921267481374e-05 0.0280548852908486 0.000106503903845649 0.000101392150056158 0.00107263993500995 -999 2.64722117726956e-05 2.63282858261796e-07 9.97925209844782e-05 3.79825638334737e-05 -999 0.970482676014043
  1 22 7 4 100 3.19534351860659e-05 0.0506899174541174 0.000737668347751186 0.000565953805275059 0.00475116930296889 -999 0.000276428346135033 2.00854546042969e-05 0.000207545740068463 6.88215398683347e-05 -999 0.942650456574025
  1 22 7 5 100 7.06182803819395e-05 0.153985786683347 0.00310496652746785 0.00235992169377712 0.0214582150948052 -999 0.00146206331460393 0.000141271544326271 0.000622140587958904 0.000135587233921739 -999 0.81665942903941
  1 23 7 2 100 1.07101514819013e-05 0.0349341460269066 -999 -999 0.000352758326974293 -999 -999 1.15299773004066e-10 9.14148090900611e-05 3.07284678898631e-05 -999 0.964580242102357
  1 23 7 3 100 2.52698878109662e-05 0.0446670578849983 0.000354065373129981 0.000204451243899818 0.00186222310326985 -999 6.75268389724288e-05 1.10177893491698e-06 0.000132419456548471 5.7980608503377e-05 -999 0.952627903823932
  1 23 7 4 100 3.27452941091014e-05 0.0670992843084368 0.000769847241603936 0.000487852789472798 0.00493374944610591 -999 0.000280000091769646 3.48225358440142e-05 0.000209614684751616 7.46967022056839e-05 -999 0.926077386905701
  1 23 7 5 100 5.8197763292191e-05 0.181971620243769 0.00267699132731102 0.00181780299748141 0.0206294250307206 -999 0.0013692452239858 0.000232125183684922 0.000599651213681299 0.000116095662387598 -999 0.790528845353686
  1 24 7 1 100 1.22160083676288e-05 0.0203968528715745 -999 -999 0.000363892869174703 -999 -999 3.73244557629694e-08 7.52991954264984e-05 2.61861052894767e-05 -999 0.979125515625711
  1 24 7 2 100 1.22160083676288e-05 0.0203968528715745 -999 -999 0.000363892869174703 -999 -999 3.73244557629694e-08 7.52991954264984e-05 2.61861052894767e-05 -999 0.979125515625711
  1 24 7 3 100 2.41366351224956e-05 0.0279580518716879 0.000408192804926925 0.000181771518775014 0.00222301696344963 -999 8.44696702284192e-05 2.4887659104725e-06 0.000131167224678353 6.04102475052804e-05 -999 0.968926294297716
  1 24 7 4 100 3.33208131809852e-05 0.043853007369674 0.000833061742400993 0.000424588049917691 0.00567175167053444 -999 0.000301853750757256 6.84908629267815e-05 0.000213223112905029 7.72992029670805e-05 -999 0.948523403424736
  1 24 7 5 100 6.64228584069429e-05 0.124493593956065 0.0029375553699229 0.00160590156700795 0.023331075078118 -999 0.00136321852144311 0.000417852549259339 0.000618271453246467 0.0001258402181592 -999 0.845040268428371
  1 25 7 2 100 1.04220474913161e-05 0.023621646084996 3.24752208463804e-09 9.83679767399812e-06 0.000642944215974112 -999 9.46074334796157e-10 8.75988475750084e-10 8.31171351042384e-05 2.9157730606068e-05 -999 0.975602870918569
  1 25 7 3 100 1.84669506993064e-05 0.0279730210444452 0.000139166234956165 7.36838961262708e-05 0.00147744592741171 -999 4.19215176660249e-05 1.41192340513134e-06 0.000116566254593781 4.5564126978508e-05 -999 0.970112752123718
  1 25 7 4 100 3.24061668872462e-05 0.0493043391243492 0.000752514773991228 0.000334112778187264 0.00575429628114967 -999 0.000337816176157845 9.57403717456639e-05 0.00023356412653517 7.67002322880299e-05 -999 0.943078509968709
  1 25 7 5 100 6.2891452193374e-05 0.136804556123945 0.00287284963486437 0.00131788903141329 0.0238811640987242 -999 0.00160330239346263 0.000598050453247254 0.000650447500481391 0.000127242047840727 -999 0.832081607263828
  1 26 7 1 100 1.25717790647533e-05 0.0225736097603165 -999 4.6797356981921e-05 0.000400525449155134 -999 -999 3.07209554314481e-09 8.67171630144581e-05 2.67990719661633e-05 -999 0.976852976347406
  1 26 7 2 100 1.25717790647533e-05 0.0225736097603165 -999 4.6797356981921e-05 0.000400525449155134 -999 -999 3.07209554314481e-09 8.67171630144581e-05 2.67990719661633e-05 -999 0.976852976347406
  1 26 7 3 100 2.5090255080114e-05 0.0304187806456818 0.00026628084995301 0.000194663051580916 0.00243752208653643 -999 9.23622598408581e-05 3.59279623823871e-06 0.000135019325498658 7.04876835674173e-05 -999 0.966356201046022
  1 26 7 4 100 3.27839527266756e-05 0.0456040964668537 0.000690894624253627 0.00042300324969312 0.00581844871907569 -999 0.000342840869182065 0.000111396909300166 0.000208803566705117 8.41973811956196e-05 -999 0.946683534261014
  1 26 7 5 100 6.91971152785893e-05 0.138445898881436 0.0030170313194159 0.00177337303992339 0.0268591642635068 -999 0.00181181543886869 0.000792193695330047 0.000672064152678161 0.000136564961845122 -999 0.826422697131717
  1 27 7 2 100 1.10758580826712e-05 0.0257642993766748 2.87682413320259e-09 0.00028029026516091 0.000705928909367513 -999 1.00345296018922e-09 3.92838111671026e-09 8.96302156800766e-05 2.94490523785979e-05 -999 0.973119318513997
  1 27 7 3 100 1.86508876945924e-05 0.0305352687710113 0.000138224211792407 0.000578031591792518 0.00167711103975598 -999 4.98038745448305e-05 1.86703722144151e-06 0.000118397847399598 5.22646340425423e-05 -999 0.966830380104745
  1 27 7 4 100 3.38407103393066e-05 0.0541188871340105 0.000723725935071809 0.00159455120585688 0.00661774012811626 -999 0.000383199621767225 0.000126355703369074 0.000234527964752672 8.57882746047677e-05 -999 0.936081383322112
  1 27 7 5 100 6.99370609540102e-05 0.160176209204899 0.00299668085382327 0.00571065281300377 0.0292532833371201 -999 0.0019041677444923 0.000811199689943129 0.000730782132838045 0.000145076343605037 -999 0.798202010819322
  1 28 7 2 100 1.35394392064844e-05 0.0220080429045373 -999 -999 0.000420255447619218 -999 -999 3.54748107510452e-11 8.41261671465796e-05 2.67959063291736e-05 -999 0.977447240099686
  1 28 7 3 100 2.19422020814008e-05 0.028774316584394 0.000223774619310336 0.00130956642126169 0.00225055709691892 -999 8.15284000262654e-05 2.03953352837627e-06 0.000126805015273345 5.82554876277778e-05 -999 0.967151214639578
  1 28 7 4 100 2.89751483922224e-05 0.0439378718263331 0.000627474345592189 0.00258563548867201 0.00598537724158917 -999 0.00034344667068085 7.34363204598294e-05 0.000206356898049958 7.38638067824804e-05 -999 0.946137562253448
  1 28 7 5 100 6.71714871839902e-05 0.140386998524324 0.00287766551984662 0.00987248831193169 0.0299032649896378 -999 0.00196490071678905 0.000567068221874285 0.000705257051098997 0.000129122940422513 -999 0.813526062236892
  1 29 7 2 100 1.21927826359514e-05 0.0253204712793472 -999 -999 0.000332726789415491 -999 -999 3.37466579883046e-08 8.3165009065798e-05 2.76725948860736e-05 -999 0.974223737797991
  1 29 7 3 100 2.13398447663073e-05 0.0325309734506977 0.000165012918932881 0.00154735148232439 0.00175239412870809 -999 5.81094994420737e-05 1.46981945677506e-06 0.00012101387462594 5.1855711037026e-05 -999 0.963750479270009
  1 29 7 4 100 2.99723230647764e-05 0.0507312439682175 0.000547415170437251 0.00346021126648326 0.00495770927886849 -999 0.000273653240604105 6.05360657155161e-05 0.000199845269029244 7.01665496190794e-05 -999 0.939669246867961
  1 29 7 5 100 5.89838367305347e-05 0.147810936277475 0.00230065873322908 0.011858495059476 0.0220086074854409 -999 0.00144355553686727 0.000433109837130097 0.000611077933046242 0.000115228413692083 -999 0.813359346886913
  1 30 7 1 100 1.23690931981664e-05 0.0243840122682206 -999 -999 0.000347637536386182 -999 -999 1.35996669259757e-10 8.95841578411744e-05 2.65619847454135e-05 -999 0.975139834823612
  1 30 7 2 100 1.23690931981664e-05 0.0243840122682206 -999 -999 0.000347637536386182 -999 -999 1.35996669259757e-10 8.95841578411744e-05 2.65619847454135e-05 -999 0.975139834823612
  1 30 7 3 100 2.63550365404161e-05 0.032905166037196 0.00023229475838446 0.00254817682366891 0.00227382246167823 -999 8.30665140317937e-05 1.10863407952608e-06 0.000144955239298041 6.68467952460075e-05 -999 0.961718207699877
  1 30 7 4 100 3.17472867521457e-05 0.0485081047429396 0.000571407081542661 0.00433435851006425 0.00517658141198684 -999 0.000291737689825273 3.58316186092155e-05 0.000220921267057481 7.57745302347281e-05 -999 0.940753535860988
  1 30 7 5 100 6.15562462629337e-05 0.140497603759162 0.00231570434688015 0.0143526463008834 0.0224013694839029 -999 0.00147904743186561 0.000248134265286935 0.000645601703962492 0.000116629673087576 -999 0.817881706788706
  1 31 7 1 100 1.2291478005235e-05 0.0262529080050805 -999 -999 0.000380165467101761 -999 -999 2.81082875394762e-12 9.20047492599921e-05 2.60514152647529e-05 -999 0.973236578882477
  1 31 7 2 100 1.2291478005235e-05 0.0262529080050805 -999 -999 0.000380165467101761 -999 -999 2.81082875394762e-12 9.20047492599921e-05 2.60514152647529e-05 -999 0.973236578882477
  1 31 7 3 100 2.44388495569998e-05 0.035900084945762 0.000229586254826224 0.00217494517909094 0.00241513902113653 -999 0.000101242800733339 1.02567465754226e-06 0.000137281595675963 6.11788032430121e-05 -999 0.958955076875317
  1 31 7 4 100 3.26341601486772e-05 0.0544249054625327 0.000608767533366443 0.00395574874210502 0.00606127908093961 -999 0.000361096257704467 4.2083199492749e-05 0.000221022823053296 7.51384240993248e-05 -999 0.934217324316558
  1 31 7 5 100 6.68838214425318e-05 0.157950198202339 0.00249013791650289 0.0138003640002637 0.0267840318528582 -999 0.00179001378615784 0.000280676532854876 0.000683182234625898 0.000120696170150595 -999 0.796033815482805
  1 32 7 2 100 1.39251656596638e-05 0.0227876502778256 4.96231049075002e-09 1.05702748054002e-05 0.000376630379400259 -999 1.97433336974408e-09 5.28810442195425e-13 6.88695728664423e-05 2.49608468197785e-05 -999 0.97671738654545
  1 32 7 3 100 2.53210261895667e-05 0.0299076697687137 0.000201201071549361 0.000183465516715167 0.00210011308644956 -999 8.06904459861445e-05 9.7965439078531e-07 0.000109161650340134 5.95474957959312e-05 -999 0.96733185028387
  1 32 7 4 100 3.30553694363696e-05 0.0481211320717874 0.000617565093451557 0.00191795719884802 0.00602408567362884 -999 0.000347689598780788 5.57111603155513e-05 0.000185787436258586 8.01561058335133e-05 -999 0.942616860291659
  1 32 7 5 100 7.13217074935333e-05 0.154288440789769 0.00273032905805229 0.0101229193164936 0.0289731034848961 -999 0.00188374464577721 0.000408652968480778 0.000624364474218543 0.000135648812854883 -999 0.800761474741964
  1 33 7 1 100 1.23082482457333e-05 0.0228232999206907 -999 -999 0.000388723358753922 -999 -999 2.21311160382811e-12 7.78183165540605e-05 2.53084929654083e-05 -999 0.976672541660577
  1 33 7 2 100 1.23082482457333e-05 0.0228232999206907 -999 -999 0.000388723358753922 -999 -999 2.21311160382811e-12 7.78183165540605e-05 2.53084929654083e-05 -999 0.976672541660577
  1 33 7 3 100 2.21547003872972e-05 0.0310916096893065 0.000219742767234932 0.000122593793668604 0.0023641443131516 -999 8.75383158498247e-05 1.28300275588034e-06 0.000125313277483759 6.21110285595658e-05 -999 0.965903509111602
  1 33 7 4 100 3.08798366413199e-05 0.0481682577966256 0.000611324783907439 0.00106971017537939 0.00612666373539493 -999 0.000347947290816633 5.78700356403229e-05 0.000202176030257016 7.30223901473809e-05 -999 0.94331214792519
  1 33 7 5 100 7.64025304499592e-05 0.161156905610449 0.00287866891812723 0.006887408300347 0.031296253558512 -999 0.00203584489649348 0.000459225439577248 0.000706659983639179 0.000131405288372685 -999 0.794371225474032
  1 34 7 1 100 1.13924946016856e-05 0.0258546384402611 -999 -999 0.000262998783172462 -999 -999 2.78874179813987e-15 8.28767948707508e-05 3.02034495005675e-05 -999 0.973757890037591
  1 34 7 2 100 1.13924946016856e-05 0.0258546384402611 -999 -999 0.000262998783172462 -999 -999 2.78874179813987e-15 8.28767948707508e-05 3.02034495005675e-05 -999 0.973757890037591
  1 34 7 3 100 2.63178108416275e-05 0.0349239198541714 0.000239275055037195 0.000133365726186396 0.00257188651379987 -999 9.74708040987879e-05 2.3202718476213e-06 0.000132110314488206 6.31165307089498e-05 -999 0.96181021711882
  1 34 7 4 100 3.35824845258453e-05 0.0540928258714831 0.000632001759090295 0.000830007496290548 0.00658425093522978 -999 0.000383773581299449 6.65592692220953e-05 0.000218823957040411 7.75000181451481e-05 -999 0.937080674627673
  1 34 7 5 100 6.72992003847152e-05 0.160006151360411 0.00254524547282865 0.00444974536055381 0.0290228398789998 -999 0.00191899290716211 0.000431092617844096 0.000679068582947698 0.000135243256521933 -999 0.800744321362347
  1 35 7 2 100 1.39606252360487e-05 0.0204816098463237 5.016081816001e-09 3.85135393252257e-09 0.000448758424729615 -999 2.05612178647418e-09 6.08633634069599e-10 8.45551466929561e-05 2.76980276893642e-05 -999 0.978943406397137
  1 35 7 3 100 2.69081849040058e-05 0.0271554867974166 0.000207806443697965 0.000163003044443948 0.0023739949055821 -999 8.76145403000454e-05 1.62109276533003e-06 0.000133463185415912 6.42336679757292e-05 -999 0.969785868137498
  1 35 7 4 100 3.5824175064967e-05 0.0448756261362716 0.000671881199062241 0.00077838305773299 0.00719780961776301 -999 0.000421184102409917 7.7626134243544e-05 0.000234946829800453 8.59482053208213e-05 -999 0.94562077054233
  1 35 7 5 100 7.20332829768025e-05 0.135027093450508 0.00270121137947349 0.00386151579745705 0.032079195304375 -999 0.00207791282679936 0.000502982236059878 0.000729856006493557 0.000140740634492568 -999 0.822807459081365
  1 36 7 2 100 1.12489463768102e-05 0.0239838798225616 2.40717188844231e-09 1.75853577608379e-05 0.000444326930448247 -999 1.04965439675838e-09 7.97304985469504e-09 6.36051435925025e-05 2.71801930091923e-05 -999 0.975452162176375
  1 36 7 3 100 2.32919708552647e-05 0.0317023168037915 0.000208565935228887 0.000185763388659993 0.00238989515371179 -999 9.33814285923409e-05 2.2492030783005e-06 9.29314000276249e-05 6.01987823280453e-05 -999 0.965241405933726
  1 36 7 4 100 3.25389683055768e-05 0.0507101347302077 0.000598413029982879 0.000647439598919242 0.0068503976162336 -999 0.000392959199979349 7.85338053869025e-05 0.00017398469936187 7.74699526778126e-05 -999 0.940438128398945
  1 36 7 5 100 7.24473163999218e-05 0.168910312265927 0.00272762999087901 0.00343092250437325 0.0348570385073384 -999 0.00223243801872595 0.000594296965700401 0.000654222902080201 0.000141466552860981 -999 0.786379224975715
  1 37 7 1 100 1.27497416080287e-05 0.02120239007069 -999 -999 0.000449455668257295 -999 -999 2.48420881923804e-21 7.34625809201838e-05 2.49373754805272e-05 -999 0.978237004563044
  1 37 7 2 100 1.27497416080287e-05 0.02120239007069 -999 -999 0.000449455668257295 -999 -999 2.48420881923804e-21 7.34625809201838e-05 2.49373754805272e-05 -999 0.978237004563044
  1 37 7 3 100 2.41391016278954e-05 0.029394660648075 0.000243788568825254 0.000229508916395722 0.00270628099369553 -999 0.000109271126632205 2.42111624423055e-06 0.000129216037528605 6.08073856178959e-05 -999 0.967099906105358
  1 37 7 4 100 3.10159170877111e-05 0.044852464200913 0.000606974519201356 0.0006042223341878 0.0067981836903458 -999 0.0004006729704018 7.34833941407652e-05 0.000209122905362672 6.96581642915381e-05 -999 0.946354201904068
  1 37 7 5 100 6.83763448513717e-05 0.136873548527979 0.00251929853901951 0.00281814970194301 0.0316080433355688 -999 0.00208595359293833 0.000515783496933676 0.000663913405420811 0.000121878219305748 -999 0.82272505483604
  1 38 7 2 100 1.05422415611378e-05 0.0287190008398381 2.33061411927687e-09 2.43895188266498e-09 0.000406638217362506 -999 9.49014223588756e-10 5.37042393318059e-08 8.09265503606386e-05 2.64309648299456e-05 -999 0.970756401763228
  1 38 7 3 100 2.03459679331088e-05 0.0369565239670419 0.000190673245124045 0.00018994324454849 0.00219068472671113 -999 8.00090480246778e-05 2.16811765204285e-06 0.000128237433927234 5.55630633073578e-05 -999 0.96018585118573
  1 38 7 4 100 3.19711725903379e-05 0.0586522308386013 0.000596996118274967 0.000566609922134905 0.00645541476623914 -999 0.000368941430191455 8.35928642193089e-05 0.000216257896250488 7.27748863096736e-05 -999 0.932955210105188
  1 38 7 5 100 6.49359882135412e-05 0.163271750204511 0.00227145008751027 0.00232341753461254 0.0270941814425786 -999 0.00173538578974098 0.000517559989335852 0.000636920088250266 0.000119243900735151 -999 0.801965154974512
  1 39 7 2 100 1.13484436679716e-05 0.0224010429405728 2.49978353948714e-09 5.37669963213963e-05 0.000403322624106048 -999 9.91088475741996e-10 8.11590571523136e-09 9.06807304376736e-05 2.72602007218392e-05 -999 0.977012566457395
  1 39 7 3 100 2.19645990367668e-05 0.0278470621044416 0.000165703936612595 0.000249314466801276 0.00189941270365834 -999 6.75919027582099e-05 2.41687142057628e-06 0.000137311075804658 5.22100310436666e-05 -999 0.969557012308422
  1 39 7 4 100 3.22963304992675e-05 0.0459889435833125 0.00058570179334641 0.000690703599651515 0.0061981833785519 -999 0.000347516443056286 0.000101072500449529 0.000241975953059352 7.39381398264442e-05 -999 0.945739668278247
  1 39 7 5 100 6.62906493597869e-05 0.145368006963507 0.00252242418674689 0.00291816209876085 0.0294860247267913 -999 0.00187508590618284 0.000734506528407083 0.000755457411156297 0.000122223584642517 -999 0.816151817944446
  1 40 7 2 100 1.19115665905523e-05 0.0307633237744833 -999 0.000258636524406562 0.000367129743794449 -999 -999 6.03931364475751e-13 7.90808947855669e-05 2.95841182194269e-05 -999 0.968490333377116
  1 40 7 3 100 2.39519893082882e-05 0.038625434536403 0.000156154329838938 0.000737582213913895 0.00185237648095534 -999 6.87581006715966e-05 3.86293230000096e-06 0.000122037500255732 6.14399921826318e-05 -999 0.958348401924171
  1 40 7 4 100 3.55098413955652e-05 0.0652361770205166 0.000554692482589878 0.00174349300330481 0.00614250448010285 -999 0.000357130079357326 0.000132261689272128 0.000221029881774129 8.42206126759809e-05 -999 0.925492980909011
  1 40 7 5 100 6.71092419593762e-05 0.184488463104243 0.00209989191339713 0.00585978481456259 0.0251701859920947 -999 0.00163737280812369 0.000782255038212403 0.000628818654327261 0.000133675955164567 -999 0.779132442477915
  1 41 7 2 100 1.7709937132845e-05 0.0310172559929092 -999 -999 0.000369112377231296 -999 -999 5.51200090123331e-11 8.98267644834386e-05 3.12324521700286e-05 -999 0.968474862420953
  1 41 7 3 100 3.22671761106562e-05 0.0416816204131702 0.000222880183278292 0.00140259540839737 0.00226645221412254 -999 7.84330673065816e-05 7.13837997979947e-06 0.000143312857685649 7.04776537013443e-05 -999 0.954094822646248
  1 41 7 4 100 4.56614786054726e-05 0.0718041212601407 0.000801558345656125 0.00331891220881915 0.00706359475118355 -999 0.000357771470338377 0.000204005654281627 0.000254507638876537 9.03689485185589e-05 -999 0.91605949824358
  1 41 7 5 100 8.60875075820335e-05 0.182676640143548 0.00249520331429554 0.00986718603431012 0.0248196217679433 -999 0.00135516051361214 0.000977925846646601 0.000657600413601315 0.000136281258753794 -999 0.776928293199707
  1 42 7 1 100 1.88087933647287e-05 0.0214724987962504 -999 -999 0.00035955016619241 -999 -999 1.7416216874828e-10 8.06856633589658e-05 3.14385557599538e-05 -999 0.978037017850911
  1 42 7 2 100 1.88087933647287e-05 0.0214724987962504 -999 -999 0.00035955016619241 -999 -999 1.7416216874828e-10 8.06856633589658e-05 3.14385557599538e-05 -999 0.978037017850911
  1 42 7 3 100 3.85889394164448e-05 0.0298443908729891 0.000248567423739408 0.00204646512185968 0.00243681634077543 -999 9.29218359514176e-05 6.75419733333236e-06 0.000126728097322455 7.61774238701429e-05 -999 0.965082589746743
  1 42 7 4 100 6.18345335747232e-05 0.0633749668673857 0.0010530069282817 0.00558684791873933 0.00953484722617403 -999 0.000516710450574653 0.00024057605747591 0.000278592704202811 9.78811682478664e-05 -999 0.919254736145343
  1 42 7 5 100 0.000127230417258587 0.170887639993141 0.00330021848218346 0.0167886866925625 0.0324152074244778 -999 0.00185339460618747 0.00100370074876385 0.000769025244577681 0.000160641912577843 -999 0.77269425447827
  1 43 7 1 100 2.50315781074921e-05 0.0222965241169425 -999 -999 0.000238828419771914 -999 -999 2.00580491180722e-10 6.55878388722876e-05 2.97489682953844e-05 -999 0.97734427887743
  1 43 7 2 100 2.50315781074921e-05 0.0222965241169425 -999 -999 0.000238828419771914 -999 -999 2.00580491180722e-10 6.55878388722876e-05 2.97489682953844e-05 -999 0.97734427887743
  1 43 7 3 100 4.77857192394123e-05 0.031472768409711 0.000254414852085024 0.00251147486188395 0.00248601235139523 -999 9.52868364911205e-05 4.00870825490282e-06 0.000102924631031251 7.72736613560811e-05 -999 0.962948049968552
  1 43 7 4 100 7.18287287140917e-05 0.0628799606441172 0.001025926255015 0.00632459411594151 0.00907722713703641 -999 0.000577622914035698 0.000212876179133221 0.000224744591385113 9.82624461369182e-05 -999 0.919506956988485
  1 43 7 5 100 0.000147967592856966 0.177147442967598 0.00340767978944288 0.0200596542867679 0.0333521427189113 -999 0.00230037337748846 0.00098988524311108 0.000661564177411117 0.000163913877512674 -999 0.7617693759689
  1 44 7 1 100 2.47590826388575e-05 0.0194914172698425 -999 -999 0.000213218322883424 -999 -999 1.33026774451482e-10 6.62153660316415e-05 3.28196933133254e-05 -999 0.980171570132263
  1 44 7 2 100 2.4759345185096e-05 0.0194914909161889 2.11152542991639e-09 1.42173112619381e-09 0.00021323933682589 -999 7.78967779286461e-10 1.33230249140422e-10 6.62156450089854e-05 3.28201881212584e-05 -999 0.980171470123215
  1 44 7 3 100 4.99723667367424e-05 0.0268718478487802 0.000215515934997868 0.000345547697720029 0.00227022070670221 -999 8.23589690856683e-05 2.59829780625559e-06 9.50206470691598e-05 7.95297767578834e-05 -999 0.969987387754344
  1 44 7 4 100 7.70925548907703e-05 0.0570517471927881 0.000942631643106515 0.00505773357369694 0.00855877356424594 -999 0.000544588487164005 0.000172891598517462 0.000225455326966385 0.000103064148130358 -999 0.927266021910494
  1 44 7 5 100 0.000168954403255891 0.169022899787481 0.00348944310500027 0.019387986312658 0.0321155369511903 -999 0.00222267610352375 0.000814865778204507 0.000696423193002624 0.000181484244536344 -999 0.771899730121147
  1 45 7 1 100 2.77021354697994e-05 0.0233467566073189 -999 3.25824909546024e-05 0.000358572158141522 -999 -999 2.34771525287562e-09 6.55797533079347e-05 3.60077309515305e-05 -999 0.976132796776141
  1 45 7 2 100 2.77024191436735e-05 0.0233468536033147 2.3164429400226e-09 3.25834693642098e-05 0.000358594160209143 -999 8.65721655161965e-10 2.34769237043489e-09 6.55800823626157e-05 3.60082519203788e-05 -999 0.976132672483828
  1 45 7 3 100 5.41897166501675e-05 0.0327722322040523 0.000230386382425368 0.000235209630055946 0.00246354879157325 -999 9.03437086325999e-05 2.80080661577859e-06 9.89077558229038e-05 8.32166086363228e-05 -999 0.963969164395535
  1 45 7 4 100 8.59120737776148e-05 0.0691837184450381 0.00100343967325004 0.00361941852905802 0.00975713485090196 -999 0.000621193111836241 0.000159841905764555 0.000244965424711532 0.0001077233333565 -999 0.915216652652305
  1 45 7 5 100 0.000192806670724376 0.2056666427378 0.00376380600704705 0.0154049312515688 0.0371024619299453 -999 0.00254889979301447 0.000767265868732268 0.000770977223415505 0.000193706808749753 -999 0.733588501709003
  1 46 7 1 100 3.09392840445425e-05 0.0200058527681621 -999 -999 0.000369512612133389 -999 -999 1.364981092721e-13 7.13720442072722e-05 3.39407455001894e-05 -999 0.979488382545816
  1 46 7 2 100 3.09396013088006e-05 0.0200059293126197 2.32890044560737e-09 5.17582141677712e-09 0.000369533737643389 -999 9.39332707623323e-10 1.36503002386084e-13 7.13725079386664e-05 3.39412795848138e-05 -999 0.979488275116714
  1 46 7 3 100 6.03498713575327e-05 0.0276342555454935 0.000236963810902586 0.00056885397976911 0.00244194240700256 -999 0.000100348489927254 3.76570621333543e-06 0.00011664569846836 8.2882768158317e-05 -999 0.968753991722707
  1 46 7 4 100 9.2113596116626e-05 0.0606386316426001 0.0010628946985623 0.00407615819745869 0.0104011722904718 -999 0.000681728539252699 0.000189189004313073 0.000278265981116931 0.000109564219729139 -999 0.922470281830379
  1 46 7 5 100 0.00020582840208795 0.184441184821253 0.00403808794936753 0.0168955892770595 0.0398851347220623 -999 0.00277667627511141 0.000905636490982123 0.000882271102753291 0.00019836813760198 -999 0.749771222821721
  1 47 7 2 100 2.93027643075701e-05 0.0187052553611123 2.55431724160536e-09 1.04477763347002e-08 0.000668418728648793 -999 9.94243639276511e-10 1.79919318774728e-12 8.38574161417051e-05 3.50081749274184e-05 -999 0.980478143556726
  1 47 7 3 100 5.42037356898192e-05 0.0238151621571982 0.000173805455633178 0.000697990731915299 0.00202457500655829 -999 7.26032849010211e-05 3.28533238874744e-06 0.000121548058666499 6.95021568936336e-05 -999 0.972967324080155
  1 47 7 4 100 9.94273697057119e-05 0.0563484764508312 0.00104329599991947 0.00456076074143556 0.0104402163349285 -999 0.000670823848070413 0.000172652380941761 0.00031291022317851 0.000113062269548079 -999 0.926238374381441
  1 47 7 5 100 0.000221469764969868 0.170281499130411 0.00389193197714403 0.017808589140231 0.0393068537171524 -999 0.00268674753971457 0.000826179395535356 0.000950716923794601 0.000205188547406046 -999 0.763820823863641
  1 48 7 1 100 2.92431692112404e-05 0.0247328636357484 -999 -999 0.000379247886735901 -999 -999 8.70237816339638e-15 9.82201430145868e-05 3.8654637800702e-05 -999 0.97472177052748
  1 48 7 2 100 2.92431692112404e-05 0.0247328636357484 -999 -999 0.000379247886735901 -999 -999 8.70237816339638e-15 9.82201430145868e-05 3.8654637800702e-05 -999 0.97472177052748
  1 48 7 3 100 5.92840645936118e-05 0.0332459925929826 0.000227809435871341 0.00118844179169269 0.0023926422463186 -999 9.39451164821202e-05 5.72415906347801e-06 0.000155100271974204 8.20269538198844e-05 -999 0.962549033367202
  1 48 7 4 100 9.38364123187288e-05 0.0711527444167521 0.000995343871494903 0.00499894436740552 0.00998407466829489 -999 0.000639300856961307 0.000204503254312796 0.000340969493339263 0.000110041752456194 -999 0.911480240906664
  1 48 7 5 100 0.000210822586629789 0.21084507282319 0.00373280275677745 0.0189327737065864 0.0374204346262894 -999 0.00256997442502512 0.000969451836067683 0.00101868007270104 0.000205071039684885 -999 0.724094916127048
  1 49 7 1 100 3.07615617355452e-05 0.0252909302871813 -999 -999 0.000239885685479552 -999 -999 2.75726769231729e-10 8.69749156437867e-05 2.75045609189937e-05 -999 0.974323942713314
  1 49 7 2 100 3.07615617355452e-05 0.0252909302871813 -999 -999 0.000239885685479552 -999 -999 2.75726769231729e-10 8.69749156437867e-05 2.75045609189937e-05 -999 0.974323942713314
  1 49 7 3 100 6.45574004919826e-05 0.0355682532669215 0.00026713493044962 0.00154275367548841 0.00247515592475808 -999 0.00010147551628282 7.57228740260439e-06 0.000144374823052333 8.06352988221515e-05 -999 0.959748086876331
  1 49 7 4 100 9.66829834320275e-05 0.0735251095396888 0.00109777214555507 0.00542944855140034 0.00993489375672502 -999 0.000657515555953187 0.000305910690487685 0.000314121015081965 0.000107728228258625 -999 0.908530817533417
  1 49 7 5 100 0.000203982294758946 0.201803917183498 0.00353177694295091 0.0184746742950141 0.0349564836786355 -999 0.00248186731348284 0.00134400051353449 0.000872643608794365 0.000186810860575655 -999 0.736143843308755
  1 50 7 1 100 3.67045752033523e-05 0.025967772371352 -999 -999 0.000364977375330106 -999 -999 2.80799040148834e-09 8.34039268041047e-05 3.59690379204038e-05 -999 0.9735111699054
  1 50 7 2 100 3.6704881950968e-05 0.0259678670292794 2.29952668245354e-09 1.28237207817662e-08 0.000364997880168404 -999 9.19056882116364e-10 2.80844384724287e-09 8.34043415937928e-05 3.59695466630184e-05 -999 0.973511037469596
  1 50 7 3 100 6.57760286535987e-05 0.0355014692076195 0.000247433471739449 0.00126180393114882 0.00239768512473571 -999 9.80585207762221e-05 8.56135481383507e-06 0.000125503064549119 8.29811900967278e-05 -999 0.960210728105867
  1 50 7 4 100 0.000101957427137883 0.077357485660776 0.00115196354844629 0.00515223066832727 0.0102682691708213 -999 0.000683192980592809 0.000441255500009115 0.000297630973967954 0.000106786095734174 -999 0.904439227974187
  1 50 7 5 100 0.000210371617385462 0.211928043940254 0.00366325719795798 0.0175017521948186 0.0354396547271664 -999 0.00250615752926589 0.00186870102751195 0.000838044351376114 0.000178730569571863 -999 0.725865286844692
  1 51 7 2 100 3.3263114504819e-05 0.0147328944024581 2.69495385185694e-09 2.10610066519282e-09 0.000398968994708615 -999 1.00373277094409e-09 5.65184575543177e-08 7.2021084113563e-05 3.91968166461303e-05 -999 0.984723593264324
  1 51 7 3 100 6.10606265633948e-05 0.0195914779640112 0.000217842383199509 0.000246335191143725 0.00219886940599422 -999 8.60747763934535e-05 1.02431814805413e-05 0.000112942851260632 8.31484390480533e-05 -999 0.977392005180905
  1 51 7 4 100 0.000110982270892454 0.0493112197176986 0.00123634678017523 0.00418621779288383 0.0117165360300079 -999 0.000763265764843575 0.000604480104467554 0.000306711652019608 0.000124201023078431 -999 0.931640038863933
  1 51 7 5 100 0.000267220732352305 0.155447079078989 0.00471564409080752 0.0181865147589334 0.0448678448020135 -999 0.00308617339953522 0.00286178004362268 0.000977183206950803 0.000235981929045066 -999 0.76935457795775
  1 52 7 1 100 2.86930521115927e-05 0.0248754595770261 -999 -999 0.000295327865794621 -999 -999 1.43616163195739e-08 7.89594500773725e-05 3.60770850626663e-05 -999 0.974685468608311
  1 52 7 2 100 2.86930521115927e-05 0.0248754595770261 -999 -999 0.000295327865794621 -999 -999 1.43616163195739e-08 7.89594500773725e-05 3.60770850626663e-05 -999 0.974685468608311
  1 52 7 3 100 6.22919919262297e-05 0.0339052282863097 0.000307491230950387 0.000347287647000591 0.00197993641483355 -999 7.62214060176303e-05 1.25738972755292e-05 0.000119454788946651 7.26475618580875e-05 -999 0.963116866774882
  1 52 7 4 100 9.15296818092808e-05 0.070463024630304 0.000932855426453768 0.0027750026302551 0.00744172561347059 -999 0.000475819621801442 0.000551234995435483 0.000261389793927147 9.74523461614637e-05 -999 0.916909965260382
  1 52 7 5 100 0.000210591786252722 0.219895448551209 0.00354712200429305 0.0128426659097832 0.0293026473805201 -999 0.00204923200456913 0.00284693490934096 0.000828202850579435 0.000183776492484921 -999 0.728293378110967
  1 53 7 1 100 3.25555222484781e-05 0.0250006568110192 -999 -999 0.000324460226098101 -999 -999 1.61614836917826e-09 9.79635835962859e-05 4.02183322221353e-05 -999 0.974504143908667
  1 53 7 2 100 3.25555222484781e-05 0.0250006568110192 -999 -999 0.000324460226098101 -999 -999 1.61614836917826e-09 9.79635835962859e-05 4.02183322221353e-05 -999 0.974504143908667
  1 53 7 3 100 6.48333446337872e-05 0.0350819582541284 0.000266039567371747 0.000391203015030999 0.00223446620258257 -999 8.32716305456325e-05 1.50808027861053e-05 0.000161479226183735 9.01782422811163e-05 -999 0.961611489714456
  1 53 7 4 100 9.69383122941296e-05 0.0696073487979488 0.00108867668405224 0.00279157900085838 0.00793711931124755 -999 0.000514161186041889 0.000593021070448594 0.000325355635051701 0.000114200894041678 -999 0.916931599108015
  1 53 7 5 100 0.000211210566043845 0.1983364291685 0.00372448103977771 0.0118705124536394 0.0287301598409097 -999 0.00203295008344391 0.00284199913059388 0.000940588347749956 0.000196859022352384 -999 0.751114810346989
  1 54 7 1 100 3.38001226211933e-05 0.0214242431525155 -999 -999 0.000353302648510469 -999 -999 4.73273862190249e-09 0.000109585153089067 3.49938308273248e-05 -999 0.978044070359698
  1 54 7 2 100 3.38001226211933e-05 0.0214242431525155 -999 -999 0.000353302648510469 -999 -999 4.73273862190249e-09 0.000109585153089067 3.49938308273248e-05 -999 0.978044070359698
  1 54 7 3 100 7.08409991094184e-05 0.030255106444874 0.000269811761138515 0.000404516114538069 0.00233272723426532 -999 9.37309952188641e-05 6.31536439762967e-06 0.000164249896507529 9.08979898714334e-05 -999 0.966311803200079
  1 54 7 4 100 0.000107057105138254 0.064181043049547 0.00119792498639612 0.00293918566044565 0.00937801995688202 -999 0.000624805531703126 0.000290160946705445 0.000372288431168572 0.000118374299007816 -999 0.920791140033006
  1 54 7 5 100 0.000226100265890313 0.18363691766592 0.00404340456255488 0.0119019393102974 0.0341100011470311 -999 0.00243780647981527 0.00131939177855685 0.00110189224712719 0.000202074214608009 -999 0.761020472328199
  1 55 7 1 100 3.529713334371e-05 0.0281210649763897 -999 3.80704926417841e-05 0.000340694314007584 -999 -999 2.98231652704272e-21 8.8960736758841e-05 3.41280094798469e-05 -999 0.971341784337379
  1 55 7 2 100 3.529713334371e-05 0.0281210649763897 -999 3.80704926417841e-05 0.000340694314007584 -999 -999 2.98231652704272e-21 8.8960736758841e-05 3.41280094798469e-05 -999 0.971341784337379
  1 55 7 3 100 7.29370403190401e-05 0.0383599051022872 0.000277677255085362 0.000394059022197417 0.00229723900664232 -999 9.3145516256265e-05 3.37756039380771e-06 0.000147082962629254 8.79607074744436e-05 -999 0.958266615826715
  1 55 7 4 100 0.00010570269721177 0.0822043398061914 0.00122437322793715 0.00283546785452428 0.00930362986825238 -999 0.000617401495355915 0.000155794204597974 0.000329817270307616 0.000116075195512123 -999 0.903107398380109
  1 55 7 5 100 0.000224048808985583 0.235490382424337 0.00407529146849261 0.0114287874676622 0.0335373910879546 -999 0.00238226024032571 0.000708243716415818 0.000964146545890237 0.000204835014020785 -999 0.710984613225916
  1 56 7 1 100 2.90182632784956e-05 0.0206252172877815 -999 0.000129185953901408 0.000310182564180322 -999 -999 4.99633512634989e-13 7.96032272396571e-05 2.7755612182853e-05 -999 0.978799037090936
  1 56 7 2 100 2.90182632784956e-05 0.0206252172877815 -999 0.000129185953901408 0.000310182564180322 -999 -999 4.99633512634989e-13 7.96032272396571e-05 2.7755612182853e-05 -999 0.978799037090936
  1 56 7 3 100 6.0272840527528e-05 0.0283392357527691 0.00025436846200478 0.000569782043183438 0.00209160814172552 -999 8.11478537631516e-05 2.63650385267382e-06 0.000124419097037107 6.78431403298407e-05 -999 0.968408686164807
  1 56 7 4 100 9.67323232729512e-05 0.0617060876676204 0.00119878687209833 0.00316295250327545 0.00839764321090586 -999 0.000562115625854304 0.000140441304993834 0.000289553606715705 9.50272872812694e-05 -999 0.924350659597982
  1 56 7 5 100 0.000231304754645595 0.188270491995306 0.00434286951737774 0.0130969517493757 0.0318527932780279 -999 0.00229648613623159 0.000684024460524358 0.000904439211437733 0.000206761532920478 -999 0.758113877364153
  1 57 7 1 100 3.59210165740411e-05 0.0392525079026382 -999 -999 0.000225788444340339 -999 -999 1.04292135260931e-11 7.93987778235072e-05 3.40698500990601e-05 -999 0.960372313998096
  1 57 7 2 100 3.59210165740411e-05 0.0392525079026382 -999 -999 0.000225788444340339 -999 -999 1.04292135260931e-11 7.93987778235072e-05 3.40698500990601e-05 -999 0.960372313998096
  1 57 7 3 100 6.49954504158068e-05 0.0518951515400315 0.00026600545922079 0.00117353585239232 0.00221749554692935 -999 9.48677396275317e-05 2.54650023224216e-06 0.000134181966958505 9.64029187999963e-05 -999 0.944054817025392
  1 57 7 4 100 9.44367595789812e-05 0.0994871999991814 0.00104503691529412 0.00390016020789184 0.00815365689835067 -999 0.000560913514480787 0.000132941322782699 0.000268563415377518 0.000119473294417634 -999 0.886237617672644
  1 57 7 5 100 0.000195306758278412 0.276373612536883 0.00346736855625574 0.0139399607949754 0.0301827638595451 -999 0.00224307716956666 0.000630366827453313 0.000769197415575406 0.000188005701261714 -999 0.672010340380206
  1 58 7 1 100 3.67089186611119e-05 0.0297890381182625 -999 -999 0.000364037433063968 -999 -999 2.33241679423619e-14 7.71423580331442e-05 3.12006301162468e-05 -999 0.96970187254184
  1 58 7 2 100 3.67092068489422e-05 0.029789148363617 2.53172197551041e-09 1.77357576097845e-08 0.000364057281788817 -999 9.16579918364536e-10 4.36254710751364e-13 7.71427944633399e-05 3.12011874469708e-05 -999 0.969701719981339
  1 58 7 3 100 6.43617826811745e-05 0.0407388212763183 0.000275974198812595 0.00170238096957266 0.00231161655230252 -999 9.62588878984727e-05 3.3528433931205e-06 0.000120030313563973 8.38752964667835e-05 -999 0.95460332787899
  1 58 7 4 100 9.81769064370766e-05 0.0832200522565942 0.00121749436295399 0.00558946075840547 0.00921964510115001 -999 0.000628582233022417 0.000204081001104591 0.000273869954651409 0.000114750917981114 -999 0.8994338865077
  1 58 7 5 100 0.000215057496257944 0.241031900990618 0.00424065137450329 0.0202605609178747 0.0344380872486574 -999 0.00251549486480903 0.000983009578795498 0.000847854206182398 0.000208525288134355 -999 0.695258858034168
  1 59 7 1 100 3.36390068683919e-05 0.0254483125629171 -999 -999 0.000326456961272033 -999 -999 5.56058382069285e-09 7.7678649653726e-05 4.02892100884876e-05 -999 0.974073618048616
  1 59 7 2 100 3.36394114668449e-05 0.0254484087771112 2.55031451679052e-09 2.30633740375273e-08 0.000326476185465073 -999 7.46637873060182e-10 5.56065050285578e-09 7.76790657679575e-05 4.02898263071506e-05 -999 0.974073474812905
  1 59 7 3 100 7.09691564653588e-05 0.0350325807376146 0.000259853377661471 0.00219422950141614 0.00220382311282761 -999 8.0789573655425e-05 4.14132749019524e-06 0.000119381218641916 9.82471145146087e-05 -999 0.959935984879713
  1 59 7 4 100 9.77435602897466e-05 0.0708417184515577 0.00104243164132466 0.00603865887845689 0.00801175340117631 -999 0.000527725852860593 0.000219167569086917 0.000256728547529972 0.000127574190701759 -999 0.912836497907015
  1 59 7 5 100 0.000213042213696462 0.216644617486965 0.0040821976451288 0.0217797783041313 0.0312751230045138 -999 0.00224379644065289 0.00113090999650755 0.000800917767746863 0.000224494641704194 -999 0.721605122498953
  1 60 7 1 100 2.84441452751008e-05 0.0269813065406278 -999 -999 0.000223196268744977 -999 -999 8.82942314207723e-09 7.88210190359761e-05 2.8241348187979e-05 -999 0.972659981848705
  1 60 7 2 100 2.84441452751008e-05 0.0269813065406278 -999 -999 0.000223196268744977 -999 -999 8.82942314207723e-09 7.88210190359761e-05 2.8241348187979e-05 -999 0.972659981848705
  1 60 7 3 100 6.24292377023351e-05 0.0366580386256578 0.000262857334722723 0.00222207081241902 0.00227681543489991 -999 0.000100468477335614 3.66343644925411e-06 0.000121701067800314 8.19576080460659e-05 -999 0.958209997964967
  1 60 7 4 100 9.47040933849367e-05 0.0774880938230773 0.00112451961406598 0.00668836385762096 0.00933957549326057 -999 0.000660523528184188 0.000178839245657802 0.000279428581222865 0.000107155616218499 -999 0.904038796147307
  1 60 7 5 100 0.000216976094680115 0.231059156861097 0.0042714530097786 0.0235789280464882 0.0352442450553225 -999 0.00265305948034925 0.000866844938848439 0.00086202786895714 0.000204603240414364 -999 0.701042705404064
  1 61 7 1 100 2.90043925661084e-05 0.0369987107903277 -999 -999 0.000362807131644975 -999 -999 7.2947942233416e-09 8.44853035958295e-05 4.47244218995802e-05 -999 0.962480260665172
  1 61 7 2 100 2.90051878495215e-05 0.0369989583902659 5.64143821432559e-09 3.53960725810429e-09 0.000362847765495322 -999 1.7930639245776e-09 7.29473750331144e-09 8.44863817200974e-05 4.47255673068296e-05 -999 0.962479958438515
  1 61 7 3 100 6.419707638752e-05 0.04863837898581 0.000267586188084503 0.000373117834775935 0.00223773849006328 -999 8.91007409457665e-05 4.92505421839399e-06 0.000133335911581156 9.50976314981634e-05 -999 0.948096522086635
  1 61 7 4 100 9.62969723780126e-05 0.0959150718995254 0.00105854493725469 0.00487151272709311 0.00869117600114664 -999 0.000572136021331206 0.000258277654454312 0.000273863203564748 0.000124355453380234 -999 0.888138765129872
  1 61 7 5 100 0.000198206753113259 0.265577118269264 0.00372860901924157 0.0183967139465208 0.031647549436631 -999 0.00224331166539369 0.00120262748031911 0.000785242537822764 0.00020945045095927 -999 0.676011170440734
  1 62 7 1 100 3.24067025220231e-05 0.0252300232087315 -999 -999 0.000332412760926957 -999 -999 1.01729282626203e-07 9.29214966069906e-05 3.83279666672004e-05 -999 0.974273806135263
  1 62 7 2 100 3.24070101261956e-05 0.0252301144562337 2.67841706760429e-09 1.16687788927853e-09 0.00033243221437363 -999 8.45565468129175e-10 1.01731141678825e-07 9.29221140039126e-05 3.83286775240148e-05 -999 0.974273689105736
  1 62 7 3 100 6.19590123758688e-05 0.0345227611596894 0.000274379662785581 0.000247378094665486 0.00226395730154525 -999 9.24242212084085e-05 1.0621260374589e-05 0.000153595676531409 0.000103250999392738 -999 0.962269672611431
  1 62 7 4 100 0.000101390832256519 0.0767184116883875 0.00121931163524354 0.00396979609978542 0.00956323818731829 -999 0.000636920170820647 0.000466225248998574 0.000349920335724275 0.00013208838322784 -999 0.906842697418237
  1 62 7 5 100 0.000227422902090511 0.225498132098081 0.00446834678823423 0.0165271338835756 0.034774627083909 -999 0.0024684451626206 0.0021338796674769 0.00103990774527823 0.000229710705471818 -999 0.712632393963262
  1 63 7 1 100 3.21526593122217e-05 0.0263416848069158 -999 -999 0.000203782328361581 -999 -999 8.17336786744487e-08 8.28829230057828e-05 3.45086018486353e-05 -999 0.973304906946877
  1 63 7 2 100 3.21526593122217e-05 0.0263416848069158 -999 -999 0.000203782328361581 -999 -999 8.17336786744487e-08 8.28829230057828e-05 3.45086018486353e-05 -999 0.973304906946877
  1 63 7 3 100 6.64746143478422e-05 0.0364005946059152 0.000254528048426673 0.000195452493109037 0.00224658239114241 -999 9.22195666864861e-05 1.16912500864028e-05 0.000140046499609437 9.10621088798708e-05 -999 0.960501348421797
  1 63 7 4 100 9.52118961436107e-05 0.0768411817660697 0.00107253400327835 0.00284991968858276 0.00870649662433672 -999 0.000599398244570116 0.000531184226557115 0.000305966912056808 0.000119782538750178 -999 0.908878324099655
  1 63 7 5 100 0.000215295554895586 0.229558542795414 0.00404734845054248 0.0127442203539368 0.0325214067385315 -999 0.00240399294517944 0.00258352201511543 0.000909258160566291 0.00021692371040759 -999 0.71479948927541
  1 64 7 1 100 3.30202346802161e-05 0.0226456603665092 -999 -999 0.00031966747541961 -999 -999 6.38745861544704e-08 9.57459883986178e-05 3.59923732277945e-05 -999 0.976869849687178
  1 64 7 2 100 3.30205692579704e-05 0.0226457421673032 2.54295476624654e-09 1.29212683869685e-09 0.000319687296737598 -999 8.47718522662434e-10 6.3875121715085e-08 9.57466219374383e-05 3.59930027471855e-05 -999 0.976869741784095
  1 64 7 3 100 6.40371341268814e-05 0.0307006496212988 0.000254178808886659 0.000192095030874777 0.00220519354792466 -999 8.77755975892951e-05 1.42252100727818e-05 0.000155699074600806 9.16725325170588e-05 -999 0.966234473442108
  1 64 7 4 100 0.000105114275595455 0.069136446043773 0.00123696127143436 0.00295100972795793 0.0090638159622667 -999 0.000606857639184911 0.000670511514624961 0.000356825472629475 0.000119421767762181 -999 0.915753036324771
  1 64 7 5 100 0.000227848785797693 0.201072450941844 0.00449615788437358 0.0123664772460872 0.0319828728576203 -999 0.00229680226325653 0.00302705350474924 0.00104603118821952 0.000209454054684081 -999 0.743274851273368
  1 65 7 1 100 3.60397182574812e-05 0.0246490026700307 -999 -999 0.000320967681774787 -999 -999 1.88508701936332e-08 8.49413665230257e-05 3.71852726037818e-05 -999 0.97487184443994
  1 65 7 2 100 3.60397182574812e-05 0.0246490026700307 -999 -999 0.000320967681774787 -999 -999 1.88508701936332e-08 8.49413665230257e-05 3.71852726037818e-05 -999 0.97487184443994
  1 65 7 3 100 6.28459795859919e-05 0.0347442018319798 0.000280169314250623 0.000307022286588587 0.00225289878172823 -999 8.64145666322944e-05 1.28721269155085e-05 0.000144403809051602 9.94623726988231e-05 -999 0.962009708930569
  1 65 7 4 100 0.000103270304251984 0.0739576329208511 0.00120439505060124 0.00255441605713641 0.00871304545882024 -999 0.000564233240718012 0.000610534575358972 0.00031991609135432 0.000128589075475771 -999 0.911843967225432
  1 65 7 5 100 0.000227384724011504 0.21885173208509 0.0044799781321299 0.0108202029852438 0.0323537937924873 -999 0.00226848863437342 0.00287903788939138 0.000955351768159654 0.000231909161980319 -999 0.726932120827132
  1 66 7 1 100 3.02775086920098e-05 0.0333009609897721 -999 -999 0.000356400371656534 -999 -999 2.43440549078045e-37 9.34046216215894e-05 3.11267111160741e-05 -999 0.966187829797142
  1 66 7 2 100 3.02778141811284e-05 0.0333010742859888 2.49041014067419e-09 2.7920279788808e-09 0.000356419808786207 -999 8.43262732979246e-10 2.10463120817005e-12 9.34051258099507e-05 3.1127407361708e-05 -999 0.966187689430067
  1 66 7 3 100 5.98078523989288e-05 0.0446804040728452 0.000258348623072845 0.000302055324217754 0.00227238862056597 -999 9.02489295370069e-05 3.25680169362699e-06 0.00014343070399505 9.64983495592687e-05 -999 0.952093560722114
  1 66 7 4 100 9.00340148894825e-05 0.0853781544513231 0.00101139493777666 0.0019376326164657 0.00808646557985117 -999 0.000534010290234206 0.000161155716417499 0.000294517908026834 0.000120323997234073 -999 0.902386310487781
  1 66 7 5 100 0.000197902161816869 0.249464560048038 0.00385831980225088 0.00846937308868432 0.0313214913926264 -999 0.00223639546247905 0.000819302320291096 0.000902086165870751 0.000203677269252056 -999 0.702526892288691
  1 67 7 2 100 2.71742749863221e-05 0.0199560140547839 5.88201976763524e-09 2.34616761858945e-05 0.000362895631487107 -999 1.93729431813796e-09 1.39254827224888e-08 8.20913382106694e-05 3.66750002395195e-05 -999 0.97951166627931
  1 67 7 3 100 5.53472945375494e-05 0.0263901646720805 0.000219091075018318 0.000281678330187158 0.00194805798873413 -999 7.52729096245376e-05 1.78115985972445e-06 0.00012421083432919 7.58914003733279e-05 -999 0.970828504335256
  1 67 7 4 100 9.24527618345881e-05 0.0579045143797857 0.00114060110188206 0.00204484303148139 0.00906976952563196 -999 0.000580999568266749 0.000101464425537503 0.000301925486555332 0.000115752285451755 -999 0.928647677433573
  1 67 7 5 100 0.00020657986204327 0.177336091510563 0.00443149898455354 0.00883127101688382 0.035714852187512 -999 0.00245813309671198 0.00051674813093271 0.000949499776319438 0.000210789513599778 -999 0.76934453592088
  1 68 7 2 100 2.77303594717972e-05 0.0218865357223447 2.79067332234436e-09 3.66319121006963e-09 0.000540583009192933 -999 7.62106493193676e-10 3.0863276835141e-09 7.53556262238722e-05 3.47320437614797e-05 -999 0.977435052936707
  1 68 7 3 100 4.69164647340084e-05 0.0278463657534294 0.000187676686779471 0.000243849975351952 0.00169782079981207 -999 5.51191055382958e-05 1.68587966273112e-06 0.000114224574423365 6.66415753653314e-05 -999 0.969739699184903
  1 68 7 4 100 8.11309787050555e-05 0.0603420920136084 0.00102887571382616 0.00173688173634335 0.00748102587149694 -999 0.000459520968283529 9.01158523970786e-05 0.0002651447085962 0.000108380459863844 -999 0.928406831696879
  1 68 7 5 100 0.000193247229541562 0.195211009055357 0.00433483773795841 0.00813504411805744 0.0307463492349756 -999 0.00206494077348168 0.000503604022880788 0.000874101165655477 0.000206418644578696 -999 0.757730448017513
  1 69 7 1 100 2.51172663370496e-05 0.0266145901838609 -999 -999 0.000345044974237433 -999 -999 2.56618717085864e-09 8.35643155966951e-05 3.24964069720867e-05 -999 0.972899184286809
  1 69 7 2 100 2.51172663370496e-05 0.0266145901838609 -999 -999 0.000345044974237433 -999 -999 2.56618717085864e-09 8.35643155966951e-05 3.24964069720867e-05 -999 0.972899184286809
  1 69 7 3 100 5.34185568040935e-05 0.0365634771774616 0.000395835868490927 0.000359595198263043 0.0022830331670851 -999 8.71609143681058e-05 3.12148390949345e-06 0.000133419227637059 8.11959124466788e-05 -999 0.960039742493534
  1 69 7 4 100 7.61095621209019e-05 0.0696046917261732 0.00105511268880198 0.00155529886959038 0.0078291127257294 -999 0.000492376093602405 9.6006006475588e-05 0.00026659897254489 0.000104812289802335 -999 0.918919881065159
  1 69 7 5 100 0.000164213770725828 0.201712408067072 0.00372049928825923 0.00638014764413625 0.0298341220808025 -999 0.0020542153347336 0.000478827106919498 0.000797255680248958 0.000184008393115457 -999 0.754674302633986
  1 70 7 1 100 2.61933619295303e-05 0.0248060854540087 -999 -999 0.000371235107717948 -999 -999 5.14441316923242e-10 7.5871141531675e-05 3.09441966458824e-05 -999 0.974689670223725
  1 70 7 2 100 2.61933619295303e-05 0.0248060854540087 -999 -999 0.000371235107717948 -999 -999 5.14441316923242e-10 7.5871141531675e-05 3.09441966458824e-05 -999 0.974689670223725
  1 70 7 3 100 5.72323711214358e-05 0.0341134099572456 0.000272753226168492 0.000306259429477866 0.00238576229467761 -999 0.000101389938705432 3.01325542820489e-06 0.000116258901376483 8.46841509069979e-05 -999 0.962559236474892
  1 70 7 4 100 8.17553416998666e-05 0.0687979853403762 0.00115986440443962 0.00149310661834974 0.00912054277837784 -999 0.000527408252160412 0.000123681928792412 0.000262443845780035 0.00010910626612832 -999 0.918324105223896
  1 70 7 5 100 0.000163224756108841 0.188408179190291 0.00374269351571193 0.00560339918471855 0.0322175263899612 -999 0.00196001550652202 0.000550418047904697 0.000761022284710277 0.000179112766685951 -999 0.766414408357386
  1 71 7 2 100 2.59496584512209e-05 0.0225724003329958 2.86219109168119e-09 3.11193463982761e-09 0.000332765118406915 -999 8.88318619231325e-10 1.9953606113947e-12 8.9686042583074e-05 3.80888828723901e-05 -999 0.976941103100251
  1 71 7 3 100 4.94870871177244e-05 0.0311939768911484 0.000256632440968582 0.000274919507292054 0.00209133923341042 -999 8.22849809357463e-05 2.55062101830481e-06 0.000141804861405689 9.12900568879455e-05 -999 0.965815714319815
  1 71 7 4 100 7.87401124185117e-05 0.0649648476308485 0.0011058543845876 0.00142487281440246 0.00838039502508636 -999 0.000531258145212899 0.000140523469176246 0.000304535519209938 0.000122448032168235 -999 0.922946524866889
  1 71 7 5 100 0.000171648141947754 0.188697595479226 0.00401678842988442 0.0056744734115556 0.0313566462224586 -999 0.00214912036069637 0.000672223852087737 0.00089917983511948 0.000207464233914411 -999 0.76615486003311
  1 72 7 1 100 2.60911557128317e-05 0.024432085733554 -999 -999 0.000229939018066978 -999 -999 5.37021109270111e-09 8.54652266876446e-05 3.82841405413805e-05 -999 0.975188129355226
  1 72 7 2 100 2.60911557128317e-05 0.024432085733554 -999 -999 0.000229939018066978 -999 -999 5.37021109270111e-09 8.54652266876446e-05 3.82841405413805e-05 -999 0.975188129355226
  1 72 7 3 100 5.27904059950892e-05 0.0335681473445992 0.000278664469678084 0.000272196587687408 0.00234156261300664 -999 9.31968088124406e-05 4.64954850577578e-06 0.000131186219655908 7.82073308125321e-05 -999 0.963179398671247
  1 72 7 4 100 7.72225349145506e-05 0.0647303375905015 0.0010398095856876 0.00122856459530779 0.008194925880151 -999 0.000527035353977953 0.000195447613319164 0.000274682965712235 0.00010227810825002 -999 0.923629695772178
  1 72 7 5 100 0.000176797352837078 0.205681108082514 0.00429569647818192 0.00553312534931172 0.0346599522802211 -999 0.00242659454907328 0.0010788709863162 0.000904810464138822 0.00019780231002325 -999 0.745045242147382
  1 73 7 1 100 2.74782176874875e-05 0.0384056599999464 -999 -999 0.000380641310435738 -999 -999 8.49442454148623e-10 7.60415438053259e-05 3.53765798821516e-05 -999 0.9610748014988
  1 73 7 2 100 2.74784291309125e-05 0.0384057789943518 2.571456897975e-09 2.37275440238551e-09 0.00038066081054882 -999 9.51494650216031e-10 8.50107847437475e-10 7.60419973002755e-05 3.5377174551182e-05 -999 0.961074655848303
  1 73 7 3 100 4.77003602391173e-05 0.0504353005379653 0.000265462032237454 0.000239443837390294 0.00232397849548866 -999 0.00010077933089344 6.35645264085086e-06 0.000121509294655272 9.13141406671125e-05 -999 0.946368155517822
  1 73 7 4 100 6.65453548371395e-05 0.08947808099198 0.000909949046509258 0.000953206728183523 0.00791767913923834 -999 0.000526162776012693 0.000278326072552054 0.000235901704384593 0.00011153317973358 -999 0.899522615006569
  1 73 7 5 100 0.00013910214298473 0.249980001113806 0.00331271266951302 0.00385958196243814 0.0310264865719858 -999 0.00223416202913285 0.00142055506568198 0.000693127670373895 0.000182561421497736 -999 0.707151709352586
  1 74 7 1 100 2.20481638220445e-05 0.0201016151932447 -999 -999 0.000305573305871103 -999 -999 7.09161605559582e-11 5.70127122670879e-05 3.20857095387617e-05 -999 0.97948166484434
  1 74 7 2 100 2.20484408524626e-05 0.0201016922597391 2.32652803628155e-09 2.25612404874911e-09 0.000305591802882534 -999 8.24754126034405e-10 7.1962185771645e-11 5.70131025847875e-05 3.20863496817851e-05 -999 0.979481562564891
  1 74 7 3 100 4.79377794887357e-05 0.02781519189094 0.000236262856828438 0.000223598565205607 0.0021045603594125 -999 8.54846402646705e-05 1.24200400068285e-05 9.55717522752536e-05 9.07845329193255e-05 -999 0.969288187582659
  1 74 7 4 100 7.16557678838583e-05 0.0585778595844454 0.000991280444175182 0.00101190168659598 0.00760810978008239 -999 0.000488486867953725 0.000555144149479052 0.000212330446314275 0.00011457404558012 -999 0.93036865722749
  1 74 7 5 100 0.00015573090835152 0.178692615310547 0.00378274439372707 0.00410048502067562 0.0289483222315069 -999 0.00201619703376688 0.00273300572787101 0.000656144574019953 0.000193085516437867 -999 0.778721669283096
  1 75 7 1 100 2.34979939807111e-05 0.0266367499589165 -999 -999 0.000211688618289184 -999 -999 5.43703022413025e-08 6.9634912443869e-05 3.27665027744789e-05 -999 0.973025607643293
  1 75 7 2 100 2.34979939807111e-05 0.0266367499589165 -999 -999 0.000211688618289184 -999 -999 5.43703022413025e-08 6.9634912443869e-05 3.27665027744789e-05 -999 0.973025607643293
  1 75 7 3 100 4.72890473371657e-05 0.0363874623869446 0.000256276351285307 0.000218120456852725 0.0021740173586245 -999 8.6150828221939e-05 1.74864525095729e-05 0.000118123447870092 8.72599706161769e-05 -999 0.960607813699738
  1 75 7 4 100 6.95443353456253e-05 0.070935624888118 0.000952894623568148 0.000776260492494921 0.00735255390431279 -999 0.000478195551129308 0.000737092804415874 0.000230262493816951 0.000110027047947881 -999 0.91835754385885
  1 75 7 5 100 0.000155143914529535 0.217241403943082 0.00371528923491193 0.00311645733246275 0.0293190431605081 -999 0.00209775909467571 0.00384091127725008 0.00070671639189214 0.000192515883526222 -999 0.739614759767161
  1 76 7 2 100 2.5394323550221e-05 0.0302144464573379 2.7767161027573e-09 2.4187314790756e-09 0.000361506757710637 -999 9.26898244070993e-10 2.30848932578478e-08 8.2878360598776e-05 3.81858593736723e-05 -999 0.96927755903419
  1 76 7 3 100 4.91093599752894e-05 0.0399051729958746 0.000226860630412232 0.000189214104952646 0.00203753781192117 -999 7.92927800735892e-05 2.02535569547156e-05 0.000127574304943507 8.49821136213477e-05 -999 0.957280002341271
  1 76 7 4 100 7.61989022731655e-05 0.0782108430120868 0.000993512503795863 0.000765083385558343 0.00820829376669355 -999 0.000526827026205842 0.000920434021063137 0.00026886083856896 0.000116278145682628 -999 0.909913668398072
  1 76 7 5 100 0.000159604033374217 0.223177544658504 0.00367873087832574 0.00290503277308623 0.0314033351790624 -999 0.0021908760417591 0.0046070795977655 0.000803530668112726 0.000192529009663135 -999 0.730881737160347
  1 77 7 1 100 2.76532926790049e-05 0.0203506774228388 -999 -999 0.000348025985301304 -999 -999 2.95982290192151e-08 6.85945729406203e-05 3.37522711385764e-05 -999 0.979171266856873
  1 77 7 2 100 2.76532926790049e-05 0.0203506774228388 -999 -999 0.000348025985301304 -999 -999 2.95982290192151e-08 6.85945729406203e-05 3.37522711385764e-05 -999 0.979171266856873
  1 77 7 3 100 5.09226908717991e-05 0.0286515558402946 0.000272970325098103 0.000229978819154417 0.00233718526530505 -999 9.10821826883728e-05 2.7711085739885e-05 0.000117759310841079 8.15557262450526e-05 -999 0.968139278753762
  1 77 7 4 100 7.48122116183295e-05 0.0562936176620293 0.00103903832330294 0.000769198039043556 0.00808964419823669 -999 0.000509751338810068 0.00102783266058728 0.000248367391210318 0.000105883238768409 -999 0.931841854936393
  1 77 7 5 100 0.000168525337407573 0.170725498784355 0.00400643513835775 0.00298373731220021 0.0319247399329026 -999 0.00219706611726066 0.0052858027457105 0.000773442299552387 0.000185745871901138 -999 0.781749006460352
  1 78 7 1 100 2.53893974099531e-05 0.0227142297024218 -999 -999 0.000314797314422205 -999 -999 2.14103029743432e-08 6.59888362789827e-05 3.39056677460199e-05 -999 0.976845667671418
  1 78 7 2 100 2.53893974099531e-05 0.0227142297024218 -999 -999 0.000314797314422205 -999 -999 2.14103029743432e-08 6.59888362789827e-05 3.39056677460199e-05 -999 0.976845667671418
  1 78 7 3 100 5.12518108097375e-05 0.0314578069864497 0.000256405027507401 0.000226530589326695 0.00221742182894618 -999 8.39862008493888e-05 1.80981516392898e-05 0.000101888697362746 8.71849789718148e-05 -999 0.965499425728137
  1 78 7 4 100 7.3971884231793e-05 0.0631350159666248 0.00103291929735336 0.000781768826413922 0.00776508009888636 -999 0.000489911865991549 0.000667358035935029 0.000222014895606781 0.000113108101992691 -999 0.925718851026964
  1 78 7 5 100 0.000156372203591933 0.182529189340886 0.00377833536518004 0.00287514765454853 0.0286727551052777 -999 0.00197953622989353 0.00316901732821518 0.000669220393624444 0.000199162148280761 -999 0.775971264230502
  1 79 7 2 100 2.67482881409502e-05 0.023805355470117 2.85564395008902e-09 2.60966103556728e-09 0.000353735979105892 -999 9.13303296667203e-10 8.46184366637155e-10 6.1411967475043e-05 3.32632449594279e-05 -999 0.975719477825409
  1 79 7 3 100 5.03611669391358e-05 0.0322059644045288 0.000235557198478384 0.000204761195686865 0.00211699945514612 -999 7.91567669823068e-05 6.90065427406414e-06 9.20422670881437e-05 8.42084149661691e-05 -999 0.96492404847591
  1 79 7 4 100 7.94190953920481e-05 0.0672594911258801 0.00110323244703161 0.000847389380014169 0.00889396006491345 -999 0.000562361356087772 0.000320882635933868 0.000221281439035932 0.00012040222692962 -999 0.920591580228782
  1 79 7 5 100 0.000163762510425379 0.189922701155846 0.00391652340327227 0.00305404821059537 0.0325939581221628 -999 0.00223234981906063 0.00149996691596587 0.000664699609409513 0.000200969206407117 -999 0.765751021046855
  1 80 7 1 100 2.36074929779912e-05 0.0194058050054684 -999 2.35392936040526e-05 0.000252003380170691 -999 -999 5.59703719376746e-18 7.65754354625581e-05 2.94928635327695e-05 -999 0.980188976528784
  1 80 7 2 100 2.36074929779912e-05 0.0194058050054684 -999 2.35392936040526e-05 0.000252003380170691 -999 -999 5.59703719376746e-18 7.65754354625581e-05 2.94928635327695e-05 -999 0.980188976528784
  1 80 7 3 100 5.42778984987052e-05 0.0274254868857293 0.000271168254874579 0.000268574912506763 0.00246756756580991 -999 0.000106858862298079 5.96801955211623e-06 0.000123033492621945 8.3527668841979e-05 -999 0.969193536439267
  1 80 7 4 100 8.07791406195761e-05 0.0578769943352096 0.00113784416498902 0.000948410599599685 0.00999826151359815 -999 0.000657911084907215 0.000233446039976987 0.000284717713095212 0.000105190630081091 -999 0.928676444777923
  1 80 7 5 100 0.000182023010238559 0.178241342258826 0.00440717021331906 0.00362923714354517 0.0397027402891915 -999 0.0027853592235761 0.00115460484870053 0.000909787249722159 0.00019255835794004 -999 0.768795177404941
  1 1 8 1 100 -999 0.00351268345531871 -999 -999 -999 -999 -999 -999 -999 -999 -999 0.996487316544681
  1 1 8 2 100 -999 0.00354447392384133 -999 -999 -999 -999 -999 -999 -999 -999 -999 0.996455526076159
  1 1 8 3 100 -999 0.00130001998004531 -999 -999 -999 -999 -999 -999 -999 -999 -999 0.998699980019955
  1 1 8 4 100 -999 0.000241012547865488 -999 -999 -999 -999 -999 -999 -999 -999 -999 0.999758987452135
  1 2 8 2 100 -999 0.00736342382638833 -999 -999 -999 -999 -999 -999 -999 -999 -999 0.992636576173612
  1 2 8 3 100 -999 0.0035078938695358 -999 -999 -999 -999 -999 -999 -999 -999 -999 0.996492106130464
  1 2 8 4 100 -999 0.000556797269400181 -999 -999 -999 -999 -999 -999 -999 -999 -999 0.9994432027306
  1 3 8 2 100 -999 0.00808396544657919 -999 -999 -999 -999 -999 -999 -999 -999 -999 0.991916034553421
  1 3 8 3 100 -999 0.00473766500682737 -999 -999 -999 -999 -999 -999 -999 -999 -999 0.995262334993173
  1 3 8 4 100 -999 0.00143667092671214 -999 -999 -999 -999 -999 -999 -999 -999 -999 0.998563329073288
  1 4 8 1 100 -999 0.00225164715890678 -999 -999 -999 -999 -999 -999 -999 -999 -999 0.997748352841093
  1 4 8 2 100 -999 0.00233524989008842 -999 -999 -999 -999 -999 -999 -999 -999 -999 0.997664750109912
  1 4 8 3 100 -999 0.00180853930350573 -999 -999 -999 -999 -999 -999 -999 -999 -999 0.998191460696494
  1 4 8 4 100 -999 0.000333270820052045 -999 -999 -999 -999 -999 -999 -999 -999 -999 0.999666729179948
  1 5 8 1 100 -999 0.00505422581529047 -999 -999 -999 -999 -999 -999 -999 -999 -999 0.99494577418471
  1 5 8 2 100 -999 0.00522412377092871 -999 -999 -999 -999 -999 -999 -999 -999 -999 0.994775876229071
  1 5 8 3 100 -999 0.00378619341980507 -999 -999 -999 -999 -999 -999 -999 -999 -999 0.996213806580195
  1 5 8 4 100 -999 0.00137447921157611 -999 -999 -999 -999 -999 -999 -999 -999 -999 0.998625520788424
  1 6 8 1 100 -999 0.00377597646236748 -999 -999 -999 -999 -999 -999 -999 -999 -999 0.996224023537633
  1 6 8 2 100 -999 0.00387141345477917 -999 -999 -999 -999 -999 -999 -999 -999 -999 0.996128586545221
  1 6 8 3 100 -999 0.0017969855227568 -999 -999 -999 -999 -999 -999 -999 -999 -999 0.998203014477243
  1 6 8 4 100 -999 0.00112898351656593 -999 -999 -999 -999 -999 -999 -999 -999 -999 0.998871016483434
  1 6 8 5 100 -999 0.000182460141284762 -999 -999 -999 -999 -999 -999 -999 -999 -999 0.999817539858715
  1 7 8 1 100 -999 0.0170831382132005 -999 -999 -999 -999 -999 -999 -999 -999 -999 0.982916861786799
  1 7 8 2 100 -999 0.0173442587072583 -999 -999 -999 -999 -999 -999 -999 -999 -999 0.982655741292742
  1 7 8 3 100 -999 0.00757044045917914 -999 -999 -999 -999 -999 -999 -999 -999 -999 0.992429559540821
  1 7 8 4 100 -999 0.000911552553001444 -999 -999 -999 -999 -999 -999 -999 -999 -999 0.999088447446999
  1 8 8 2 100 -999 0.00219915837560118 -999 -999 -999 -999 -999 -999 -999 -999 -999 0.997800841624399
  1 8 8 3 100 -999 0.00178416592682701 -999 -999 -999 -999 -999 -999 -999 -999 -999 0.998215834073173
  1 8 8 4 100 -999 1.74507641490643e-05 -999 -999 -999 -999 -999 -999 -999 -999 -999 0.999982549235851
  1 9 8 2 100 -999 0.00991424936558694 -999 -999 -999 -999 -999 -999 -999 -999 -999 0.990085750634413
  1 9 8 3 100 -999 0.00907845590947595 -999 -999 -999 -999 -999 -999 -999 -999 -999 0.990921544090524
  1 9 8 4 100 -999 0.000718887232405318 -999 -999 -999 -999 -999 -999 -999 -999 -999 0.999281112767595
  1 10 8 2 100 -999 0.00492445640680382 -999 -999 -999 -999 -999 -999 -999 -999 -999 0.995075543593196
  1 10 8 3 100 -999 0.00442925871325972 -999 -999 -999 -999 -999 -999 -999 -999 -999 0.99557074128674
  1 10 8 4 100 -999 0.00240795489012654 -999 -999 -999 -999 -999 -999 -999 -999 -999 0.997592045109873
  1 11 8 1 100 -999 0.010096120010339 -999 -999 -999 -999 -999 -999 -999 -999 -999 0.989903879989661
  1 11 8 2 100 -999 0.0102188566602364 -999 -999 -999 -999 -999 -999 -999 -999 -999 0.989781143339764
  1 11 8 3 100 -999 0.0076345702998003 -999 -999 -999 -999 -999 -999 -999 -999 -999 0.9923654297002
  1 11 8 4 100 -999 0.00528675629557906 -999 -999 -999 -999 -999 -999 -999 -999 -999 0.994713243704421
  1 11 8 5 100 -999 0.00068617641273701 -999 -999 -999 -999 -999 -999 -999 -999 -999 0.999313823587263
  1 12 8 1 100 -999 0.00157863660769283 -999 -999 -999 -999 -999 -999 -999 -999 -999 0.998421363392307
  1 12 8 2 100 -999 0.00159679845650569 -999 -999 -999 -999 -999 -999 -999 -999 -999 0.998403201543494
  1 12 8 3 100 -999 0.00100265232215462 -999 -999 -999 -999 -999 -999 -999 -999 -999 0.998997347677845
  1 12 8 4 100 -999 0.00103509737418805 -999 -999 -999 -999 -999 -999 -999 -999 -999 0.998964902625812
  1 12 8 5 100 -999 0.000872208845655696 -999 -999 -999 -999 -999 -999 -999 -999 -999 0.999127791154344
  1 13 8 1 100 -999 0.00768054002863779 -999 -999 -999 -999 -999 -999 -999 -999 -999 0.992319459971362
  1 13 8 2 100 -999 0.00777164635711806 -999 -999 -999 -999 -999 -999 -999 -999 -999 0.992228353642882
  1 13 8 3 100 -999 0.00125110886080118 -999 -999 -999 -999 -999 -999 -999 -999 -999 0.998748891139199
  1 13 8 4 100 -999 0.00115992031798981 -999 -999 -999 -999 -999 -999 -999 -999 -999 0.99884007968201
  1 13 8 5 100 -999 0.00113976753749657 -999 -999 -999 -999 -999 -999 -999 -999 -999 0.998860232462503
  1 14 8 1 100 -999 0.00213136706015695 -999 -999 -999 -999 -999 -999 -999 -999 -999 0.997868632939843
  1 14 8 2 100 -999 0.00230238241434145 -999 -999 -999 -999 -999 -999 -999 -999 -999 0.997697617585659
  1 14 8 3 100 -999 0.000565771827985265 -999 -999 -999 -999 -999 -999 -999 -999 -999 0.999434228172015
  1 14 8 4 100 -999 0.00024740384459219 -999 -999 -999 -999 -999 -999 -999 -999 -999 0.999752596155408
  1 14 8 5 100 -999 0.000140026376822581 -999 -999 -999 -999 -999 -999 -999 -999 -999 0.999859973623177
  1 15 8 1 100 -999 0.0117092751694873 -999 -999 -999 -999 -999 -999 -999 -999 -999 0.988290724830513
  1 15 8 2 100 -999 0.0118204072017543 -999 -999 -999 -999 -999 -999 -999 -999 -999 0.988179592798246
  1 15 8 3 100 -999 0.00442850636235651 -999 -999 -999 -999 -999 -999 -999 -999 -999 0.995571493637644
  1 15 8 4 100 -999 0.00016844180194243 -999 -999 -999 -999 -999 -999 -999 -999 -999 0.999831558198058
  1 16 8 1 100 -999 0.00394364636639101 -999 -999 -999 -999 -999 -999 -999 -999 -999 0.996056353633609
  1 16 8 2 100 -999 0.00403372834798379 -999 -999 -999 -999 -999 -999 -999 -999 -999 0.995966271652016
  1 16 8 3 100 -999 0.0024125765243861 -999 -999 -999 -999 -999 -999 -999 -999 -999 0.997587423475614
  1 16 8 4 100 -999 0.000168552761880621 -999 -999 -999 -999 -999 -999 -999 -999 -999 0.999831447238119
  1 17 8 1 100 -999 0.00411736189634755 -999 -999 -999 -999 -999 -999 -999 -999 -999 0.995882638103652
  1 17 8 2 100 -999 0.00421139145659939 -999 -999 -999 -999 -999 -999 -999 -999 -999 0.995788608543401
  1 17 8 3 100 -999 0.0035525934880551 -999 -999 -999 -999 -999 -999 -999 -999 -999 0.996447406511945
  1 17 8 4 100 -999 0.000518985477522968 -999 -999 -999 -999 -999 -999 -999 -999 -999 0.999481014522477
  1 18 8 2 100 -999 0.00767859693100996 -999 -999 -999 -999 -999 -999 -999 -999 -999 0.99232140306899
  1 18 8 3 100 -999 0.00618606619742424 -999 -999 -999 -999 -999 -999 -999 -999 -999 0.993813933802576
  1 18 8 4 100 -999 0.00120271173467703 -999 -999 -999 -999 -999 -999 -999 -999 -999 0.998797288265323
  1 19 8 2 100 -999 0.00320479757611755 -999 -999 -999 -999 -999 -999 -999 -999 -999 0.996795202423882
  1 19 8 3 100 -999 0.00261299386141918 -999 -999 -999 -999 -999 -999 -999 -999 -999 0.997387006138581
  1 19 8 4 100 -999 0.00137546483401581 -999 -999 -999 -999 -999 -999 -999 -999 -999 0.998624535165984
  1 20 8 2 100 -999 0.00345161733433359 -999 -999 -999 -999 -999 -999 -999 -999 -999 0.996548382665666
  1 20 8 3 100 -999 0.00509608550150843 -999 -999 -999 -999 -999 -999 -999 -999 -999 0.994903914498492
  1 20 8 4 100 -999 0.000932374112516781 -999 -999 -999 -999 -999 -999 -999 -999 -999 0.999067625887483
  1 21 8 2 100 -999 0.00245646383865984 -999 -999 -999 -999 -999 -999 -999 -999 -999 0.99754353616134
  1 21 8 3 100 -999 0.00227788928220979 -999 -999 -999 -999 -999 -999 -999 -999 -999 0.99772211071779
  1 21 8 4 100 -999 0.000915196040447293 -999 -999 -999 -999 -999 -999 -999 -999 -999 0.999084803959553
  1 22 8 1 100 -999 0.00879531162215549 -999 -999 -999 -999 -999 -999 -999 -999 -999 0.991204688377844
  1 22 8 2 100 -999 0.00910622423692983 -999 -999 -999 -999 -999 -999 -999 -999 -999 0.99089377576307
  1 22 8 3 100 -999 0.00409621439978695 -999 -999 -999 -999 -999 -999 -999 -999 -999 0.995903785600213
  1 22 8 4 100 -999 0.00294635714884783 -999 -999 -999 -999 -999 -999 -999 -999 -999 0.997053642851152
  1 23 8 1 100 -999 0.00633220674734902 -999 -999 -999 -999 -999 -999 -999 -999 -999 0.993667793252651
  1 23 8 2 100 -999 0.00642441924221425 -999 -999 -999 -999 -999 -999 -999 -999 -999 0.993575580757786
  1 23 8 3 100 -999 0.00284611920726751 -999 -999 -999 -999 -999 -999 -999 -999 -999 0.997153880792732
  1 23 8 4 100 -999 7.94995409025652e-05 -999 -999 -999 -999 -999 -999 -999 -999 -999 0.999920500459097
  1 24 8 1 100 -999 0.00506889738350452 -999 -999 -999 -999 -999 -999 -999 -999 -999 0.994931102616496
  1 24 8 2 100 -999 0.00656456112858097 -999 -999 -999 -999 -999 -999 -999 -999 -999 0.993435438871419
  1 24 8 3 100 -999 0.00740798404369993 -999 -999 -999 -999 -999 -999 -999 -999 -999 0.9925920159563
  1 24 8 4 100 -999 3.73883241190966e-05 -999 -999 -999 -999 -999 -999 -999 -999 -999 0.999962611675881
  1 25 8 2 100 -999 0.00435067629204222 -999 -999 -999 -999 -999 -999 -999 -999 -999 0.995649323707958
  1 25 8 3 100 -999 0.00432593747348616 -999 -999 -999 -999 -999 -999 -999 -999 -999 0.995674062526514
  1 25 8 4 100 -999 0.000342695859336343 -999 -999 -999 -999 -999 -999 -999 -999 -999 0.999657304140664
  1 26 8 2 100 -999 0.00913093834327228 -999 -999 -999 -999 -999 -999 -999 -999 -999 0.990869061656728
  1 26 8 3 100 -999 0.00881379466761742 -999 -999 -999 -999 -999 -999 -999 -999 -999 0.991186205332383
  1 26 8 4 100 -999 0.00532617170013879 -999 -999 -999 -999 -999 -999 -999 -999 -999 0.994673828299861
  1 27 8 1 100 -999 0.0037610403177511 -999 -999 -999 -999 -999 -999 -999 -999 -999 0.996238959682249
  1 27 8 2 100 -999 0.00404490649219148 -999 -999 -999 -999 -999 -999 -999 -999 -999 0.995955093507809
  1 27 8 3 100 -999 0.0041197353658166 -999 -999 -999 -999 -999 -999 -999 -999 -999 0.995880264634183
  1 27 8 4 100 -999 0.00317780017991318 -999 -999 -999 -999 -999 -999 -999 -999 -999 0.996822199820087
  1 28 8 1 100 -999 0.00650455869307039 -999 -999 -999 -999 -999 -999 -999 -999 -999 0.99349544130693
  1 28 8 2 100 -999 0.00660095752777216 -999 -999 -999 -999 -999 -999 -999 -999 -999 0.993399042472228
  1 28 8 3 100 -999 0.00586990676545887 -999 -999 -999 -999 -999 -999 -999 -999 -999 0.994130093234541
  1 28 8 4 100 -999 0.00266510343087656 -999 -999 -999 -999 -999 -999 -999 -999 -999 0.997334896569123
  1 29 8 1 100 -999 0.0116430901138832 -999 -999 -999 -999 -999 -999 -999 -999 -999 0.988356909886117
  1 29 8 2 100 -999 0.0122867644241762 -999 -999 -999 -999 -999 -999 -999 -999 -999 0.987713235575824
  1 29 8 3 100 -999 0.00791639732513593 -999 -999 -999 -999 -999 -999 -999 -999 -999 0.992083602674864
  1 29 8 4 100 -999 0.00784257818089679 -999 -999 -999 -999 -999 -999 -999 -999 -999 0.992157421819103
  1 29 8 5 100 -999 0.00860718489192727 -999 -999 -999 -999 -999 -999 -999 -999 -999 0.991392815108073
  1 30 8 1 100 -999 0.00977819132477957 -999 -999 -999 -999 -999 -999 -999 -999 -999 0.99022180867522
  1 30 8 2 100 -999 0.00993397647500789 -999 -999 -999 -999 -999 -999 -999 -999 -999 0.990066023524992
  1 30 8 3 100 -999 0.00422666279036018 -999 -999 -999 -999 -999 -999 -999 -999 -999 0.99577333720964
  1 30 8 4 100 -999 0.00132334877381511 -999 -999 -999 -999 -999 -999 -999 -999 -999 0.998676651226185
  1 30 8 5 100 -999 0.000451347736772999 -999 -999 -999 -999 -999 -999 -999 -999 -999 0.999548652263227
  1 31 8 1 100 -999 0.00379262839513319 -999 -999 -999 -999 -999 -999 -999 -999 -999 0.996207371604867
  1 31 8 2 100 -999 0.00403776598860936 -999 -999 -999 -999 -999 -999 -999 -999 -999 0.995962234011391
  1 31 8 3 100 -999 0.0027462176293411 -999 -999 -999 -999 -999 -999 -999 -999 -999 0.997253782370659
  1 31 8 4 100 -999 0.000136433304030137 -999 -999 -999 -999 -999 -999 -999 -999 -999 0.99986356669597
  1 32 8 1 100 -999 0.0087040327913352 -999 -999 -999 -999 -999 -999 -999 -999 -999 0.991295967208665
  1 32 8 2 100 -999 0.00875399938478656 -999 -999 -999 -999 -999 -999 -999 -999 -999 0.991246000615213
  1 32 8 3 100 -999 0.00595012397749333 -999 -999 -999 -999 -999 -999 -999 -999 -999 0.994049876022507
  1 32 8 4 100 -999 0.000923843829001841 -999 -999 -999 -999 -999 -999 -999 -999 -999 0.999076156170998
  1 33 8 1 100 -999 0.00404304881747993 -999 -999 -999 -999 -999 -999 -999 -999 -999 0.99595695118252
  1 33 8 2 100 -999 0.00411998441910244 -999 -999 -999 -999 -999 -999 -999 -999 -999 0.995880015580898
  1 33 8 3 100 -999 0.00267979147774178 -999 -999 -999 -999 -999 -999 -999 -999 -999 0.997320208522258
  1 33 8 4 100 -999 0.000514982369633875 -999 -999 -999 -999 -999 -999 -999 -999 -999 0.999485017630366
  1 34 8 1 100 -999 0.0102817822262426 -999 -999 -999 -999 -999 -999 -999 -999 -999 0.989718217773757
  1 34 8 2 100 -999 0.0104556857174495 -999 -999 -999 -999 -999 -999 -999 -999 -999 0.989544314282551
  1 34 8 3 100 -999 0.00817592722074831 -999 -999 -999 -999 -999 -999 -999 -999 -999 0.991824072779252
  1 34 8 4 100 -999 0.00143212241864738 -999 -999 -999 -999 -999 -999 -999 -999 -999 0.998567877581353
  1 35 8 1 100 -999 0.00217347453342438 -999 -999 -999 -999 -999 -999 -999 -999 -999 0.997826525466576
  1 35 8 2 100 -999 0.00232669965643863 -999 -999 -999 -999 -999 -999 -999 -999 -999 0.997673300343561
  1 35 8 3 100 -999 0.00254871162450432 -999 -999 -999 -999 -999 -999 -999 -999 -999 0.997451288375496
  1 35 8 4 100 -999 0.00043484127132535 -999 -999 -999 -999 -999 -999 -999 -999 -999 0.999565158728675
  1 36 8 1 100 -999 0.0094160742038643 -999 -999 -999 -999 -999 -999 -999 -999 -999 0.990583925796136
  1 36 8 2 100 -999 0.0095787922984855 -999 -999 -999 -999 -999 -999 -999 -999 -999 0.990421207701515
  1 36 8 3 100 -999 0.00972003167229356 -999 -999 -999 -999 -999 -999 -999 -999 -999 0.990279968327706
  1 36 8 4 100 -999 0.00595596989989987 -999 -999 -999 -999 -999 -999 -999 -999 -999 0.9940440301001
  1 37 8 1 100 -999 0.00341174084289247 -999 -999 -999 -999 -999 -999 -999 -999 -999 0.996588259157108
  1 37 8 2 100 -999 0.00343841391588441 -999 -999 -999 -999 -999 -999 -999 -999 -999 0.996561586084116
  1 37 8 3 100 -999 0.00229072313166638 -999 -999 -999 -999 -999 -999 -999 -999 -999 0.997709276868334
  1 37 8 4 100 -999 0.00106508560289384 -999 -999 -999 -999 -999 -999 -999 -999 -999 0.998934914397106
  1 38 8 1 100 -999 0.0117304272133843 -999 -999 -999 -999 -999 -999 -999 -999 -999 0.988269572786616
  1 38 8 2 100 -999 0.0126959819394481 -999 -999 -999 -999 -999 -999 -999 -999 -999 0.987304018060552
  1 38 8 3 100 -999 0.00934733160721059 -999 -999 -999 -999 -999 -999 -999 -999 -999 0.990652668392789
  1 38 8 4 100 -999 0.00202559303545523 -999 -999 -999 -999 -999 -999 -999 -999 -999 0.997974406964545
  1 39 8 1 100 -999 0.00173770574949157 -999 -999 -999 -999 -999 -999 -999 -999 -999 0.998262294250508
  1 39 8 2 100 -999 0.00177686040838686 -999 -999 -999 -999 -999 -999 -999 -999 -999 0.998223139591613
  1 39 8 3 100 -999 0.00151520414084343 -999 -999 -999 -999 -999 -999 -999 -999 -999 0.998484795859157
  1 39 8 4 100 -999 0.000119327503025991 -999 -999 -999 -999 -999 -999 -999 -999 -999 0.999880672496974
  1 40 8 2 100 -999 0.0136077031615521 -999 -999 -999 -999 -999 -999 -999 -999 -999 0.986392296838448
  1 40 8 3 100 -999 0.0117797598475255 -999 -999 -999 -999 -999 -999 -999 -999 -999 0.988220240152474
  1 40 8 4 100 -999 0.002243981593351 -999 -999 -999 -999 -999 -999 -999 -999 -999 0.997756018406649
  1 41 8 1 100 -999 0.0123637088888505 -999 -999 -999 -999 -999 -999 -999 -999 -999 0.987636291111149
  1 41 8 2 100 -999 0.0134932634299244 -999 -999 -999 -999 -999 -999 -999 -999 -999 0.986506736570076
  1 41 8 3 100 -999 0.014412251625922 -999 -999 -999 -999 -999 -999 -999 -999 -999 0.985587748374078
  1 41 8 4 100 -999 0.00785967381952333 -999 -999 -999 -999 -999 -999 -999 -999 -999 0.992140326180477
  1 42 8 1 100 -999 0.00857359853966255 -999 -999 -999 -999 -999 -999 -999 -999 -999 0.991426401460337
  1 42 8 2 100 -999 0.00859920500686122 -999 -999 -999 -999 -999 -999 -999 -999 -999 0.991400794993139
  1 42 8 3 100 -999 0.00551559068830985 -999 -999 -999 -999 -999 -999 -999 -999 -999 0.99448440931169
  1 42 8 4 100 -999 0.00198742687207421 -999 -999 -999 -999 -999 -999 -999 -999 -999 0.998012573127926
  1 43 8 1 100 -999 0.00900473417842779 -999 -999 -999 -999 -999 -999 -999 -999 -999 0.990995265821572
  1 43 8 2 100 -999 0.0095896950751291 -999 -999 -999 -999 -999 -999 -999 -999 -999 0.990410304924871
  1 43 8 3 100 -999 0.00621353030323628 -999 -999 -999 -999 -999 -999 -999 -999 -999 0.993786469696764
  1 43 8 4 100 -999 0.00380353674650669 -999 -999 -999 -999 -999 -999 -999 -999 -999 0.996196463253493
  1 43 8 5 100 -999 0.00118566154234237 -999 -999 -999 -999 -999 -999 -999 -999 -999 0.998814338457658
  1 44 8 1 100 -999 0.00858256570608548 -999 -999 -999 -999 -999 -999 -999 -999 -999 0.991417434293914
  1 44 8 2 100 -999 0.00864063646796927 -999 -999 -999 -999 -999 -999 -999 -999 -999 0.991359363532031
  1 44 8 3 100 -999 0.00395290849348402 -999 -999 -999 -999 -999 -999 -999 -999 -999 0.996047091506516
  1 44 8 4 100 -999 0.00174709502017539 -999 -999 -999 -999 -999 -999 -999 -999 -999 0.998252904979825
  1 44 8 5 100 -999 0.000575545232774916 -999 -999 -999 -999 -999 -999 -999 -999 -999 0.999424454767225
  1 45 8 1 100 -999 0.00293475134587558 -999 -999 -999 -999 -999 -999 -999 -999 -999 0.997065248654124
  1 45 8 2 100 -999 0.00309907700861834 -999 -999 -999 -999 -999 -999 -999 -999 -999 0.996900922991382
  1 45 8 3 100 -999 0.00162774433779576 -999 -999 -999 -999 -999 -999 -999 -999 -999 0.998372255662204
  1 45 8 4 100 -999 0.000303683181625193 -999 -999 -999 -999 -999 -999 -999 -999 -999 0.999696316818375
  1 46 8 1 100 -999 0.00876880700518503 -999 -999 -999 -999 -999 -999 -999 -999 -999 0.991231192994815
  1 46 8 2 100 -999 0.00885998449765997 -999 -999 -999 -999 -999 -999 -999 -999 -999 0.99114001550234
  1 46 8 3 100 -999 0.00439889582319345 -999 -999 -999 -999 -999 -999 -999 -999 -999 0.995601104176807
  1 46 8 4 100 -999 0.00106903930974479 -999 -999 -999 -999 -999 -999 -999 -999 -999 0.998930960690255
  1 47 8 1 100 -999 0.00252489246100361 -999 -999 -999 -999 -999 -999 -999 -999 -999 0.997475107538996
  1 47 8 2 100 -999 0.00258890153756065 -999 -999 -999 -999 -999 -999 -999 -999 -999 0.997411098462439
  1 47 8 3 100 -999 0.00145852433826497 -999 -999 -999 -999 -999 -999 -999 -999 -999 0.998541475661735
  1 47 8 4 100 -999 0.0001253317888349 -999 -999 -999 -999 -999 -999 -999 -999 -999 0.999874668211165
  1 48 8 2 100 -999 0.00520238566544644 -999 -999 -999 -999 -999 -999 -999 -999 -999 0.994797614334554
  1 48 8 3 100 -999 0.0067702842766604 -999 -999 -999 -999 -999 -999 -999 -999 -999 0.99322971572334
  1 48 8 4 100 -999 0.00101906566226164 -999 -999 -999 -999 -999 -999 -999 -999 -999 0.998980934337738
  1 49 8 1 100 -999 0.00441382877532588 -999 -999 -999 -999 -999 -999 -999 -999 -999 0.995586171224674
  1 49 8 2 100 -999 0.00446922535290643 -999 -999 -999 -999 -999 -999 -999 -999 -999 0.995530774647094
  1 49 8 3 100 -999 0.00281257547654 -999 -999 -999 -999 -999 -999 -999 -999 -999 0.99718742452346
  1 49 8 4 100 -999 0.00067066394101478 -999 -999 -999 -999 -999 -999 -999 -999 -999 0.999329336058985
  1 50 8 2 100 -999 0.0106567479085047 -999 -999 -999 -999 -999 -999 -999 -999 -999 0.989343252091495
  1 50 8 3 100 -999 0.00785181814643626 -999 -999 -999 -999 -999 -999 -999 -999 -999 0.992148181853564
  1 50 8 4 100 -999 0.00183521369942989 -999 -999 -999 -999 -999 -999 -999 -999 -999 0.99816478630057
  1 51 8 2 100 -999 0.0017118683845394 -999 -999 -999 -999 -999 -999 -999 -999 -999 0.998288131615461
  1 51 8 3 100 -999 0.00149440823284215 -999 -999 -999 -999 -999 -999 -999 -999 -999 0.998505591767158
  1 51 8 4 100 -999 4.30748605281589e-05 -999 -999 -999 -999 -999 -999 -999 -999 -999 0.999956925139472
  1 52 8 2 100 -999 0.0114636171105916 -999 -999 -999 -999 -999 -999 -999 -999 -999 0.988536382889408
  1 52 8 3 100 -999 0.0104357206897461 -999 -999 -999 -999 -999 -999 -999 -999 -999 0.989564279310254
  1 52 8 4 100 -999 0.0029696857843704 -999 -999 -999 -999 -999 -999 -999 -999 -999 0.99703031421563
  1 53 8 1 100 -999 0.0134374982188081 -999 -999 -999 -999 -999 -999 -999 -999 -999 0.986562501781192
  1 53 8 2 100 -999 0.0134297286448739 -999 -999 -999 -999 -999 -999 -999 -999 -999 0.986570271355126
  1 53 8 3 100 -999 0.0110004421645262 -999 -999 -999 -999 -999 -999 -999 -999 -999 0.988999557835474
  1 53 8 4 100 -999 0.00851161199722194 -999 -999 -999 -999 -999 -999 -999 -999 -999 0.991488388002778
  1 53 8 5 100 -999 0.000857804924928659 -999 -999 -999 -999 -999 -999 -999 -999 -999 0.999142195075071
  1 54 8 2 100 -999 0.000408247748169084 -999 -999 -999 -999 -999 -999 -999 -999 -999 0.999591752251831
  1 54 8 3 100 -999 0.00294758952305529 -999 -999 -999 -999 -999 -999 -999 -999 -999 0.997052410476945
  1 54 8 4 100 -999 0.00259482583253315 -999 -999 -999 -999 -999 -999 -999 -999 -999 0.997405174167467
  1 54 8 5 100 -999 0.00124752235395156 -999 -999 -999 -999 -999 -999 -999 -999 -999 0.998752477646048
  1 55 8 1 100 -999 0.0132748030114918 -999 -999 -999 -999 -999 -999 -999 -999 -999 0.986725196988508
  1 55 8 2 100 -999 0.013395063481543 -999 -999 -999 -999 -999 -999 -999 -999 -999 0.986604936518457
  1 55 8 3 100 -999 0.00116985513289454 -999 -999 -999 -999 -999 -999 -999 -999 -999 0.998830144867105
  1 55 8 4 100 -999 0.00155564184321411 -999 -999 -999 -999 -999 -999 -999 -999 -999 0.998444358156786
  1 55 8 5 100 -999 0.00110415023710184 -999 -999 -999 -999 -999 -999 -999 -999 -999 0.998895849762898
  1 56 8 2 100 -999 0.00782283044620869 -999 -999 -999 -999 -999 -999 -999 -999 -999 0.992177169553791
  1 56 8 3 100 -999 0.00130087364398254 -999 -999 -999 -999 -999 -999 -999 -999 -999 0.998699126356017
  1 56 8 4 100 -999 0.000236398117715006 -999 -999 -999 -999 -999 -999 -999 -999 -999 0.999763601882285
  1 57 8 1 100 -999 0.0189706097068238 -999 -999 -999 -999 -999 -999 -999 -999 -999 0.981029390293176
  1 57 8 2 100 -999 0.0194816426606209 -999 -999 -999 -999 -999 -999 -999 -999 -999 0.980518357339379
  1 57 8 3 100 -999 0.00874427946721387 -999 -999 -999 -999 -999 -999 -999 -999 -999 0.991255720532786
  1 57 8 4 100 -999 5.16646560109283e-05 -999 -999 -999 -999 -999 -999 -999 -999 -999 0.999948335343989
  1 58 8 1 100 -999 0.00916538964302419 -999 -999 -999 -999 -999 -999 -999 -999 -999 0.990834610356976
  1 58 8 2 100 -999 0.00986884127667495 -999 -999 -999 -999 -999 -999 -999 -999 -999 0.990131158723325
  1 58 8 3 100 -999 0.00811324052950763 -999 -999 -999 -999 -999 -999 -999 -999 -999 0.991886759470492
  1 58 8 4 100 -999 0.00044416738688247 -999 -999 -999 -999 -999 -999 -999 -999 -999 0.999555832613118
  1 59 8 1 100 -999 0.0123023636001792 -999 -999 -999 -999 -999 -999 -999 -999 -999 0.987697636399821
  1 59 8 2 100 -999 0.0123777921968762 -999 -999 -999 -999 -999 -999 -999 -999 -999 0.987622207803124
  1 59 8 3 100 -999 0.00710777263054608 -999 -999 -999 -999 -999 -999 -999 -999 -999 0.992892227369454
  1 59 8 4 100 -999 0.00197090545542666 -999 -999 -999 -999 -999 -999 -999 -999 -999 0.998029094544573
  1 60 8 2 100 -999 0.00797080201267218 -999 -999 -999 -999 -999 -999 -999 -999 -999 0.992029197987328
  1 60 8 3 100 -999 0.00480752157689846 -999 -999 -999 -999 -999 -999 -999 -999 -999 0.995192478423102
  1 60 8 4 100 -999 0.000758071346810987 -999 -999 -999 -999 -999 -999 -999 -999 -999 0.999241928653189
  1 61 8 1 100 -999 0.0150886458493825 -999 -999 -999 -999 -999 -999 -999 -999 -999 0.984911354150617
  1 61 8 2 100 -999 0.0152289918691176 -999 -999 -999 -999 -999 -999 -999 -999 -999 0.984771008130882
  1 61 8 3 100 -999 0.00795663720543221 -999 -999 -999 -999 -999 -999 -999 -999 -999 0.992043362794568
  1 61 8 4 100 -999 0.000236503530679297 -999 -999 -999 -999 -999 -999 -999 -999 -999 0.999763496469321
  1 62 8 2 100 -999 0.00942978357297244 -999 -999 -999 -999 -999 -999 -999 -999 -999 0.990570216427028
  1 62 8 3 100 -999 0.00742602907137641 -999 -999 -999 -999 -999 -999 -999 -999 -999 0.992573970928624
  1 62 8 4 100 -999 0.000151176988446805 -999 -999 -999 -999 -999 -999 -999 -999 -999 0.999848823011553
  1 63 8 2 100 -999 0.0134731065604431 -999 -999 -999 -999 -999 -999 -999 -999 -999 0.986526893439557
  1 63 8 3 100 -999 0.0121400468237782 -999 -999 -999 -999 -999 -999 -999 -999 -999 0.987859953176222
  1 63 8 4 100 -999 0.00101957864453407 -999 -999 -999 -999 -999 -999 -999 -999 -999 0.998980421355466
  1 64 8 2 100 -999 0.00364977795601152 -999 -999 -999 -999 -999 -999 -999 -999 -999 0.996350222043988
  1 64 8 3 100 -999 0.00317788423577549 -999 -999 -999 -999 -999 -999 -999 -999 -999 0.996822115764225
  1 64 8 4 100 -999 0.000996097981808964 -999 -999 -999 -999 -999 -999 -999 -999 -999 0.999003902018191
  1 65 8 1 100 -999 0.00835751288705257 -999 -999 -999 -999 -999 -999 -999 -999 -999 0.991642487112947
  1 65 8 2 100 -999 0.00854036088025721 -999 -999 -999 -999 -999 -999 -999 -999 -999 0.991459639119743
  1 65 8 3 100 -999 0.00747988878545065 -999 -999 -999 -999 -999 -999 -999 -999 -999 0.992520111214549
  1 65 8 4 100 -999 0.00594082952403622 -999 -999 -999 -999 -999 -999 -999 -999 -999 0.994059170475964
  1 65 8 5 100 -999 0.000350530491501756 -999 -999 -999 -999 -999 -999 -999 -999 -999 0.999649469508498
  1 66 8 1 100 -999 0.0054387073298696 -999 -999 -999 -999 -999 -999 -999 -999 -999 0.99456129267013
  1 66 8 2 100 -999 0.00544919696011374 -999 -999 -999 -999 -999 -999 -999 -999 -999 0.994550803039886
  1 66 8 3 100 -999 0.00136897498296093 -999 -999 -999 -999 -999 -999 -999 -999 -999 0.998631025017039
  1 66 8 4 100 -999 0.000889645104261055 -999 -999 -999 -999 -999 -999 -999 -999 -999 0.999110354895739
  1 66 8 5 100 -999 0.000258708668600884 -999 -999 -999 -999 -999 -999 -999 -999 -999 0.999741291331399
  1 67 8 1 100 -999 0.00556097580229427 -999 -999 -999 -999 -999 -999 -999 -999 -999 0.994439024197706
  1 67 8 2 100 -999 0.00671794033198404 -999 -999 -999 -999 -999 -999 -999 -999 -999 0.993282059668016
  1 67 8 3 100 -999 0.00157958343074064 -999 -999 -999 -999 -999 -999 -999 -999 -999 0.998420416569259
  1 67 8 4 100 -999 0.000321301028804444 -999 -999 -999 -999 -999 -999 -999 -999 -999 0.999678698971196
  1 68 8 2 100 -999 0.0103220612840322 -999 -999 -999 -999 -999 -999 -999 -999 -999 0.989677938715968
  1 68 8 3 100 -999 0.00302997012293914 -999 -999 -999 -999 -999 -999 -999 -999 -999 0.996970029877061
  1 68 8 4 100 -999 0.000265313286266579 -999 -999 -999 -999 -999 -999 -999 -999 -999 0.999734686713733
  1 69 8 1 100 -999 0.0113728609145705 -999 -999 -999 -999 -999 -999 -999 -999 -999 0.988627139085429
  1 69 8 2 100 -999 0.0115578986994943 -999 -999 -999 -999 -999 -999 -999 -999 -999 0.988442101300506
  1 69 8 3 100 -999 0.00512603759028475 -999 -999 -999 -999 -999 -999 -999 -999 -999 0.994873962409715
  1 69 8 4 100 -999 0.000228341404307528 -999 -999 -999 -999 -999 -999 -999 -999 -999 0.999771658595693
  1 70 8 1 100 -999 0.00959593149684341 -999 -999 -999 -999 -999 -999 -999 -999 -999 0.990404068503157
  1 70 8 2 100 -999 0.0100144487400658 -999 -999 -999 -999 -999 -999 -999 -999 -999 0.989985551259934
  1 70 8 3 100 -999 0.00678562373267928 -999 -999 -999 -999 -999 -999 -999 -999 -999 0.993214376267321
  1 70 8 4 100 -999 0.000941070083894776 -999 -999 -999 -999 -999 -999 -999 -999 -999 0.999058929916105
  1 71 8 1 100 -999 0.00693742951184779 -999 -999 -999 -999 -999 -999 -999 -999 -999 0.993062570488152
  1 71 8 2 100 -999 0.00717503927048745 -999 -999 -999 -999 -999 -999 -999 -999 -999 0.992824960729513
  1 71 8 3 100 -999 0.00420544824539695 -999 -999 -999 -999 -999 -999 -999 -999 -999 0.995794551754603
  1 71 8 4 100 -999 0.000571761342447037 -999 -999 -999 -999 -999 -999 -999 -999 -999 0.999428238657553
  1 72 8 1 100 -999 0.0094768496644739 -999 -999 -999 -999 -999 -999 -999 -999 -999 0.990523150335526
  1 72 8 2 100 -999 0.0100422779149176 -999 -999 -999 -999 -999 -999 -999 -999 -999 0.989957722085082
  1 72 8 3 100 -999 0.00588483263467153 -999 -999 -999 -999 -999 -999 -999 -999 -999 0.994115167365328
  1 72 8 4 100 -999 0.00117627434146611 -999 -999 -999 -999 -999 -999 -999 -999 -999 0.998823725658534
  1 73 8 1 100 -999 0.0157697556747711 -999 -999 -999 -999 -999 -999 -999 -999 -999 0.984230244325229
  1 73 8 2 100 -999 0.0159028976472864 -999 -999 -999 -999 -999 -999 -999 -999 -999 0.984097102352714
  1 73 8 3 100 -999 0.0104232356339896 -999 -999 -999 -999 -999 -999 -999 -999 -999 0.98957676436601
  1 73 8 4 100 -999 0.000185000392298851 -999 -999 -999 -999 -999 -999 -999 -999 -999 0.999814999607701
  1 74 8 2 100 -999 0.00958692493971864 -999 -999 -999 -999 -999 -999 -999 -999 -999 0.990413075060281
  1 74 8 3 100 -999 0.00861138626704557 -999 -999 -999 -999 -999 -999 -999 -999 -999 0.991388613732954
  1 74 8 4 100 -999 0.000165233709897453 -999 -999 -999 -999 -999 -999 -999 -999 -999 0.999834766290103
  1 75 8 2 100 -999 0.0140824447672626 -999 -999 -999 -999 -999 -999 -999 -999 -999 0.985917555232737
  1 75 8 3 100 -999 0.0136038190654612 -999 -999 -999 -999 -999 -999 -999 -999 -999 0.986396180934539
  1 75 8 4 100 -999 0.00124169352531617 -999 -999 -999 -999 -999 -999 -999 -999 -999 0.998758306474684
  1 76 8 2 100 -999 0.0141053370847344 -999 -999 -999 -999 -999 -999 -999 -999 -999 0.985894662915266
  1 76 8 3 100 -999 0.0132875903500679 -999 -999 -999 -999 -999 -999 -999 -999 -999 0.986712409649932
  1 76 8 4 100 -999 0.00478853660324128 -999 -999 -999 -999 -999 -999 -999 -999 -999 0.995211463396759
  1 77 8 1 100 -999 0.00408529942034566 -999 -999 -999 -999 -999 -999 -999 -999 -999 0.995914700579654
  1 77 8 2 100 -999 0.00409070388598167 -999 -999 -999 -999 -999 -999 -999 -999 -999 0.995909296114018
  1 77 8 3 100 -999 0.00367718953691232 -999 -999 -999 -999 -999 -999 -999 -999 -999 0.996322810463088
  1 77 8 4 100 -999 0.00312062906391852 -999 -999 -999 -999 -999 -999 -999 -999 -999 0.996879370936081
  1 77 8 5 100 -999 0.000168554259617314 -999 -999 -999 -999 -999 -999 -999 -999 -999 0.999831445740383
  1 78 8 2 100 -999 0.0100741160884436 -999 -999 -999 -999 -999 -999 -999 -999 -999 0.989925883911556
  1 78 8 3 100 -999 0.00551238308973213 -999 -999 -999 -999 -999 -999 -999 -999 -999 0.994487616910268
  1 78 8 4 100 -999 0.00471414007130182 -999 -999 -999 -999 -999 -999 -999 -999 -999 0.995285859928698
  1 78 8 5 100 -999 0.00202572509701989 -999 -999 -999 -999 -999 -999 -999 -999 -999 0.99797427490298
  1 79 8 1 100 -999 0.0118336362536954 -999 -999 -999 -999 -999 -999 -999 -999 -999 0.988166363746305
  1 79 8 2 100 -999 0.0119061063127411 -999 -999 -999 -999 -999 -999 -999 -999 -999 0.988093893687259
  1 79 8 3 100 -999 0.00376161999339889 -999 -999 -999 -999 -999 -999 -999 -999 -999 0.996238380006601
  1 79 8 4 100 -999 0.00215505501403376 -999 -999 -999 -999 -999 -999 -999 -999 -999 0.997844944985966
  1 79 8 5 100 -999 0.00146597039098821 -999 -999 -999 -999 -999 -999 -999 -999 -999 0.998534029609012
  1 80 8 1 100 -999 0.00842193598775521 -999 -999 -999 -999 -999 -999 -999 -999 -999 0.991578064012245
  1 80 8 2 100 -999 0.00843866522411395 -999 -999 -999 -999 -999 -999 -999 -999 -999 0.991561334775886
  1 80 8 3 100 -999 0.00234026695808277 -999 -999 -999 -999 -999 -999 -999 -999 -999 0.997659733041917
  1 80 8 4 100 -999 0.000797351936631893 -999 -999 -999 -999 -999 -999 -999 -999 -999 0.999202648063368
  1 80 8 5 100 -999 0.000255795812928696 -999 -999 -999 -999 -999 -999 -999 -999 -999 0.999744204187071
  1 1 10 2 100 9.37722604848531e-05 -999 -999 -999 -999 -999 -999 -999 -999 -999 -999 0.999906227739515
  1 1 10 3 100 0.152212916558095 -999 -999 -999 -999 -999 -999 -999 -999 -999 -999 0.847787083441905
  1 1 10 4 100 0.23497597174374 -999 -999 -999 -999 -999 -999 -999 -999 -999 -999 0.76502402825626
  1 2 10 2 100 6.15249892171546e-05 -999 -999 -999 -999 -999 -999 -999 -999 -999 -999 0.999938475010783
  1 2 10 3 100 0.122023262824449 -999 -999 -999 -999 -999 -999 -999 -999 -999 -999 0.877976737175551
  1 2 10 4 100 0.192296945353647 -999 -999 -999 -999 -999 -999 -999 -999 -999 -999 0.807703054646353
  1 3 10 2 100 8.77410597294533e-05 -999 -999 -999 -999 -999 -999 -999 -999 -999 -999 0.999912258940271
  1 3 10 3 100 0.154173925835627 -999 -999 -999 -999 -999 -999 -999 -999 -999 -999 0.845826074164373
  1 3 10 4 100 0.237190224765956 -999 -999 -999 -999 -999 -999 -999 -999 -999 -999 0.762809775234044
  1 4 10 2 100 9.13909860265692e-05 -999 -999 -999 -999 -999 -999 -999 -999 -999 -999 0.999908609013973
  1 4 10 3 100 0.192896306887462 -999 -999 -999 -999 -999 -999 -999 -999 -999 -999 0.807103693112538
  1 4 10 4 100 0.316883847711164 -999 -999 -999 -999 -999 -999 -999 -999 -999 -999 0.683116152288836
  1 5 10 2 100 7.31620257585255e-05 -999 -999 -999 -999 -999 -999 -999 -999 -999 -999 0.999926837974241
  1 5 10 3 100 0.174355627767569 -999 -999 -999 -999 -999 -999 -999 -999 -999 -999 0.825644372232431
  1 5 10 4 100 0.288630094468892 -999 -999 -999 -999 -999 -999 -999 -999 -999 -999 0.711369905531108
  1 6 10 2 100 6.34203691505979e-05 -999 -999 -999 -999 -999 -999 -999 -999 -999 -999 0.999936579630849
  1 6 10 3 100 0.176415384153087 -999 -999 -999 -999 -999 -999 -999 -999 -999 -999 0.823584615846913
  1 6 10 4 100 0.293179225349258 -999 -999 -999 -999 -999 -999 -999 -999 -999 -999 0.706820774650742
  1 7 10 2 100 6.0692678974479e-05 -999 -999 -999 -999 -999 -999 -999 -999 -999 -999 0.999939307321026
  1 7 10 3 100 0.187993348291086 -999 -999 -999 -999 -999 -999 -999 -999 -999 -999 0.812006651708914
  1 7 10 4 100 0.314905127809401 -999 -999 -999 -999 -999 -999 -999 -999 -999 -999 0.685094872190599
  1 8 10 2 100 5.64730699137224e-05 -999 -999 -999 -999 -999 -999 -999 -999 -999 -999 0.999943526930086
  1 8 10 3 100 0.190802904417934 -999 -999 -999 -999 -999 -999 -999 -999 -999 -999 0.809197095582066
  1 8 10 4 100 0.321231582291425 -999 -999 -999 -999 -999 -999 -999 -999 -999 -999 0.678768417708575
  1 9 10 2 100 6.61824746912531e-05 -999 -999 -999 -999 -999 -999 -999 -999 -999 -999 0.999933817525309
  1 9 10 3 100 0.203084035469394 -999 -999 -999 -999 -999 -999 -999 -999 -999 -999 0.796915964530606
  1 9 10 4 100 0.345321966531408 -999 -999 -999 -999 -999 -999 -999 -999 -999 -999 0.654678033468592
  1 10 10 2 100 5.81551594422363e-05 -999 -999 -999 -999 -999 -999 -999 -999 -999 -999 0.999941844840558
  1 10 10 3 100 0.195550018726687 -999 -999 -999 -999 -999 -999 -999 -999 -999 -999 0.804449981273313
  1 10 10 4 100 0.349102663298341 -999 -999 -999 -999 -999 -999 -999 -999 -999 -999 0.650897336701659
  1 11 10 2 100 4.65305351819876e-05 -999 -999 8.95880987349862e-06 -999 -999 -999 -999 -999 -999 -999 0.999944510654944
  1 11 10 3 100 0.183282197044243 -999 -999 0.0281965635686556 -999 -999 -999 -999 -999 -999 -999 0.788521239387102
  1 11 10 4 100 0.323063402082474 -999 -999 0.0452742560111769 -999 -999 -999 -999 -999 -999 -999 0.631662341906349
  1 12 10 2 100 5.72235419360864e-05 -999 -999 -999 -999 -999 -999 -999 -999 -999 -999 0.999942776458064
  1 12 10 3 100 0.218865467633973 -999 -999 -999 -999 -999 -999 -999 -999 -999 -999 0.781134532366027
  1 12 10 4 100 0.391017545080273 -999 -999 -999 -999 -999 -999 -999 -999 -999 -999 0.608982454919727
  1 13 10 2 100 5.69638822325374e-05 -999 -999 -999 -999 -999 -999 -999 -999 -999 -999 0.999943036117767
  1 13 10 3 100 0.21743432209883 -999 -999 -999 -999 -999 -999 -999 -999 -999 -999 0.78256567790117
  1 13 10 4 100 0.387591851426278 -999 -999 -999 -999 -999 -999 -999 -999 -999 -999 0.612408148573722
  1 14 10 2 100 4.01745781171844e-05 -999 -999 -999 -999 -999 -999 -999 -999 -999 -999 0.999959825421883
  1 14 10 3 100 0.1840046464184 -999 -999 -999 -999 -999 -999 -999 -999 -999 -999 0.8159953535816
  1 14 10 4 100 0.334491196531142 -999 -999 -999 -999 -999 -999 -999 -999 -999 -999 0.665508803468858
  1 15 10 2 100 4.2450629016582e-05 -999 -999 -999 -999 -999 -999 -999 -999 -999 -999 0.999957549370983
  1 15 10 3 100 0.192117136978288 -999 -999 -999 -999 -999 -999 -999 -999 -999 -999 0.807882863021712
  1 15 10 4 100 0.3574578046405 -999 -999 -999 -999 -999 -999 -999 -999 -999 -999 0.6425421953595
  1 16 10 2 100 3.59298050821498e-05 -999 -999 -999 -999 -999 -999 -999 -999 -999 -999 0.999964070194918
  1 16 10 3 100 0.16707415742412 -999 -999 -999 -999 -999 -999 -999 -999 -999 -999 0.83292584257588
  1 16 10 4 100 0.308910970299912 -999 -999 -999 -999 -999 -999 -999 -999 -999 -999 0.691089029700088
  1 17 10 2 100 3.73272717596903e-05 -999 -999 -999 -999 -999 -999 -999 -999 -999 -999 0.99996267272824
  1 17 10 3 100 0.163639438209611 -999 -999 -999 -999 -999 -999 -999 -999 -999 -999 0.836360561790389
  1 17 10 4 100 0.335409306215046 -999 -999 -999 -999 -999 -999 -999 -999 -999 -999 0.664590693784954
  1 18 10 2 100 3.4517848115435e-05 -999 -999 -999 -999 -999 -999 -999 -999 -999 -999 0.999965482151885
  1 18 10 3 100 0.13828319927991 -999 -999 -999 -999 -999 -999 -999 -999 -999 -999 0.86171680072009
  1 18 10 4 100 0.314178203293148 -999 -999 -999 -999 -999 -999 -999 -999 -999 -999 0.685821796706852
  1 19 10 2 100 1.52478643286772e-05 -999 -999 -999 -999 -999 -999 -999 -999 -999 -999 0.999984752135671
  1 19 10 3 100 0.109408387925997 -999 -999 -999 -999 -999 -999 -999 -999 -999 -999 0.890591612074003
  1 19 10 4 100 0.280777008846453 -999 -999 -999 -999 -999 -999 -999 -999 -999 -999 0.719222991153547
  1 20 10 2 100 1.79275526653211e-05 -999 -999 -999 -999 -999 -999 -999 -999 -999 -999 0.999982072447335
  1 20 10 3 100 0.107453824006142 -999 -999 -999 -999 -999 -999 -999 -999 -999 -999 0.892546175993858
  1 20 10 4 100 0.294403830731112 -999 -999 -999 -999 -999 -999 -999 -999 -999 -999 0.705596169268888
  1 21 10 2 100 1.89689223006313e-05 -999 -999 -999 -999 -999 -999 -999 -999 -999 -999 0.999981031077699
  1 21 10 3 100 0.0889162813052295 -999 -999 -999 -999 -999 -999 -999 -999 -999 -999 0.91108371869477
  1 21 10 4 100 0.265983434375961 -999 -999 -999 -999 -999 -999 -999 -999 -999 -999 0.734016565624039
  1 22 10 2 100 1.16909627307316e-05 -999 -999 -999 -999 -999 -999 -999 -999 -999 -999 0.999988309037269
  1 22 10 3 100 0.0650580431226537 -999 -999 -999 -999 -999 -999 -999 -999 -999 -999 0.934941956877346
  1 22 10 4 100 0.201928129380136 -999 -999 -999 -999 -999 -999 -999 -999 -999 -999 0.798071870619864
  1 23 10 2 100 9.49026774598178e-06 -999 -999 -999 -999 -999 -999 -999 -999 -999 -999 0.999990509732254
  1 23 10 3 100 0.0502719969003612 -999 -999 -999 -999 -999 -999 -999 -999 -999 -999 0.949728003099639
  1 23 10 4 100 0.158428290350106 -999 -999 -999 -999 -999 -999 -999 -999 -999 -999 0.841571709649894
  1 24 10 2 100 1.19443593214566e-05 -999 -999 -999 -999 -999 -999 -999 -999 -999 -999 0.999988055640678
  1 24 10 3 100 0.0599368656706472 -999 -999 -999 -999 -999 -999 -999 -999 -999 -999 0.940063134329353
  1 24 10 4 100 0.193512787040602 -999 -999 -999 -999 -999 -999 -999 -999 -999 -999 0.806487212959399
  1 25 10 2 100 1.17549896674797e-05 -999 -999 -999 -999 -999 -999 -999 -999 -999 -999 0.999988245010333
  1 25 10 3 100 0.0561561939931715 -999 -999 -999 -999 -999 -999 -999 -999 -999 -999 0.943843806006828
  1 25 10 4 100 0.176510514466904 -999 -999 -999 -999 -999 -999 -999 -999 -999 -999 0.823489485533096
  1 26 10 2 100 1.12353507858809e-05 -999 -999 5.06945237559899e-06 -999 -999 -999 -999 -999 -999 -999 0.999983695196838
  1 26 10 3 100 0.0477483517269642 -999 -999 0.0181835120344736 -999 -999 -999 -999 -999 -999 -999 0.934068136238562
  1 26 10 4 100 0.152591287317412 -999 -999 0.0568858655518956 -999 -999 -999 -999 -999 -999 -999 0.790522847130692
  1 27 10 2 100 9.21995037731411e-06 -999 -999 -999 -999 -999 -999 -999 -999 -999 -999 0.999990780049623
  1 27 10 3 100 0.041338172430987 -999 -999 -999 -999 -999 -999 -999 -999 -999 -999 0.958661827569013
  1 27 10 4 100 0.133572445111298 -999 -999 -999 -999 -999 -999 -999 -999 -999 -999 0.866427554888702
  1 28 10 2 100 1.15544397468813e-05 -999 -999 -999 -999 -999 -999 -999 -999 -999 -999 0.999988445560253
  1 28 10 3 100 0.0439691809966672 -999 -999 -999 -999 -999 -999 -999 -999 -999 -999 0.956030819003333
  1 28 10 4 100 0.139169852747117 -999 -999 -999 -999 -999 -999 -999 -999 -999 -999 0.860830147252883
  1 29 10 2 100 1.18529326533203e-05 -999 -999 -999 -999 -999 -999 -999 -999 -999 -999 0.999988147067347
  1 29 10 3 100 0.0406000901847266 -999 -999 -999 -999 -999 -999 -999 -999 -999 -999 0.959399909815273
  1 29 10 4 100 0.130890832405667 -999 -999 -999 -999 -999 -999 -999 -999 -999 -999 0.869109167594333
  1 30 10 2 100 1.03880458112381e-05 -999 -999 -999 -999 -999 -999 -999 -999 -999 -999 0.999989611954189
  1 30 10 3 100 0.0415537480143355 -999 -999 -999 -999 -999 -999 -999 -999 -999 -999 0.958446251985664
  1 30 10 4 100 0.126656889865023 -999 -999 -999 -999 -999 -999 -999 -999 -999 -999 0.873343110134977
  1 31 10 2 100 1.07059502103742e-05 -999 -999 -999 -999 -999 -999 -999 -999 -999 -999 0.99998929404979
  1 31 10 3 100 0.0402986855383879 -999 -999 -999 -999 -999 -999 -999 -999 -999 -999 0.959701314461612
  1 31 10 4 100 0.130050323011744 -999 -999 -999 -999 -999 -999 -999 -999 -999 -999 0.869949676988256
  1 32 10 2 100 1.15900936132757e-05 -999 -999 -999 -999 -999 -999 -999 -999 -999 -999 0.999988409906387
  1 32 10 3 100 0.0374965921020143 -999 -999 -999 -999 -999 -999 -999 -999 -999 -999 0.962503407897986
  1 32 10 4 100 0.121843579681139 -999 -999 -999 -999 -999 -999 -999 -999 -999 -999 0.878156420318861
  1 33 10 2 100 1.18004744388014e-05 -999 -999 -999 -999 -999 -999 -999 -999 -999 -999 0.999988199525561
  1 33 10 3 100 0.0378524654861256 -999 -999 -999 -999 -999 -999 -999 -999 -999 -999 0.962147534513874
  1 33 10 4 100 0.116324701698611 -999 -999 -999 -999 -999 -999 -999 -999 -999 -999 0.883675298301389
  1 34 10 2 100 1.21286041904969e-05 -999 -999 -999 -999 -999 -999 -999 -999 -999 -999 0.999987871395809
  1 34 10 3 100 0.0388357905244439 -999 -999 -999 -999 -999 -999 -999 -999 -999 -999 0.961164209475556
  1 34 10 4 100 0.125722679236532 -999 -999 -999 -999 -999 -999 -999 -999 -999 -999 0.874277320763468
  1 35 10 2 100 1.18515649124241e-05 -999 -999 -999 -999 -999 -999 -999 -999 -999 -999 0.999988148435088
  1 35 10 3 100 0.0361535147866641 -999 -999 -999 -999 -999 -999 -999 -999 -999 -999 0.963846485213336
  1 35 10 4 100 0.110661739520513 -999 -999 -999 -999 -999 -999 -999 -999 -999 -999 0.889338260479487
  1 36 10 2 100 1.21411064743084e-05 -999 -999 -999 -999 -999 -999 -999 -999 -999 -999 0.999987858893526
  1 36 10 3 100 0.0366621398334702 -999 -999 -999 -999 -999 -999 -999 -999 -999 -999 0.96333786016653
  1 36 10 4 100 0.109234320991204 -999 -999 -999 -999 -999 -999 -999 -999 -999 -999 0.890765679008796
  1 37 10 2 100 1.06034916485076e-05 -999 -999 -999 -999 -999 -999 -999 -999 -999 -999 0.999989396508352
  1 37 10 3 100 0.0355896750713327 -999 -999 -999 -999 -999 -999 -999 -999 -999 -999 0.964410324928667
  1 37 10 4 100 0.109184263249423 -999 -999 -999 -999 -999 -999 -999 -999 -999 -999 0.890815736750577
  1 38 10 2 100 1.05859628381635e-05 -999 -999 -999 -999 -999 -999 -999 -999 -999 -999 0.999989414037162
  1 38 10 3 100 0.0353392190426465 -999 -999 -999 -999 -999 -999 -999 -999 -999 -999 0.964660780957354
  1 38 10 4 100 0.108766234586218 -999 -999 -999 -999 -999 -999 -999 -999 -999 -999 0.891233765413782
  1 39 10 2 100 1.00992205259531e-05 -999 -999 5.30792307074686e-06 -999 -999 -999 -999 -999 -999 -999 0.999984592856403
  1 39 10 3 100 0.03410539922545 -999 -999 0.0179121393543274 -999 -999 -999 -999 -999 -999 -999 0.947982461420223
  1 39 10 4 100 0.106529861301759 -999 -999 0.0560176048283863 -999 -999 -999 -999 -999 -999 -999 0.837452533869855
  1 40 10 2 100 1.13537064193472e-05 -999 -999 -999 -999 -999 -999 -999 -999 -999 -999 0.999988646293581
  1 40 10 3 100 0.0388886470258406 -999 -999 -999 -999 -999 -999 -999 -999 -999 -999 0.961111352974159
  1 40 10 4 100 0.126048591504368 -999 -999 -999 -999 -999 -999 -999 -999 -999 -999 0.873951408495632
  1 41 10 2 100 1.39410520602807e-05 -999 -999 -999 -999 -999 -999 -999 -999 -999 -999 0.99998605894794
  1 41 10 3 100 0.0422136248615916 -999 -999 -999 -999 -999 -999 -999 -999 -999 -999 0.957786375138408
  1 41 10 4 100 0.132922545285573 -999 -999 -999 -999 -999 -999 -999 -999 -999 -999 0.867077454714427
  1 42 10 2 100 1.43549037505475e-05 -999 -999 -999 -999 -999 -999 -999 -999 -999 -999 0.999985645096249
  1 42 10 3 100 0.0470125825863149 -999 -999 -999 -999 -999 -999 -999 -999 -999 -999 0.952987417413685
  1 42 10 4 100 0.13045957900482 -999 -999 -999 -999 -999 -999 -999 -999 -999 -999 0.86954042099518
  1 43 10 2 100 1.30950904800052e-05 -999 -999 -999 -999 -999 -999 -999 -999 -999 -999 0.99998690490952
  1 43 10 3 100 0.0497597858505021 -999 -999 -999 -999 -999 -999 -999 -999 -999 -999 0.950240214149498
  1 43 10 4 100 0.13375299961247 -999 -999 -999 -999 -999 -999 -999 -999 -999 -999 0.86624700038753
  1 44 10 2 100 1.74019025815502e-05 -999 -999 -999 -999 -999 -999 -999 -999 -999 -999 0.999982598097418
  1 44 10 3 100 0.0566739925163418 -999 -999 -999 -999 -999 -999 -999 -999 -999 -999 0.943326007483658
  1 44 10 4 100 0.146210946389897 -999 -999 -999 -999 -999 -999 -999 -999 -999 -999 0.853789053610103
  1 45 10 2 100 1.65598212473209e-05 -999 -999 4.11286723376657e-06 -999 -999 -999 -999 -999 -999 -999 0.999979327311519
  1 45 10 3 100 0.0580204578525534 -999 -999 0.014421584670347 -999 -999 -999 -999 -999 -999 -999 0.9275579574771
  1 45 10 4 100 0.145095918413222 -999 -999 0.036094239679516 -999 -999 -999 -999 -999 -999 -999 0.818809841907262
  1 46 10 2 100 1.61498926196826e-05 -999 -999 -999 -999 -999 -999 -999 -999 -999 -999 0.99998385010738
  1 46 10 3 100 0.0650428432361794 -999 -999 -999 -999 -999 -999 -999 -999 -999 -999 0.934957156763821
  1 46 10 4 100 0.156755443799472 -999 -999 -999 -999 -999 -999 -999 -999 -999 -999 0.843244556200528
  1 47 10 2 100 1.27394551070726e-05 -999 -999 -999 -999 -999 -999 -999 -999 -999 -999 0.999987260544893
  1 47 10 3 100 0.0700674683679276 -999 -999 -999 -999 -999 -999 -999 -999 -999 -999 0.929932531632072
  1 47 10 4 100 0.172205543262268 -999 -999 -999 -999 -999 -999 -999 -999 -999 -999 0.827794456737732
  1 48 10 2 100 1.31814111942751e-05 -999 -999 -999 -999 -999 -999 -999 -999 -999 -999 0.999986818588806
  1 48 10 3 100 0.0568189361501192 -999 -999 -999 -999 -999 -999 -999 -999 -999 -999 0.943181063849881
  1 48 10 4 100 0.139059280277624 -999 -999 -999 -999 -999 -999 -999 -999 -999 -999 0.860940719722376
  1 49 10 2 100 1.49756286010995e-05 -999 -999 -999 -999 -999 -999 -999 -999 -999 -999 0.999985024371399
  1 49 10 3 100 0.0732793018348073 -999 -999 -999 -999 -999 -999 -999 -999 -999 -999 0.926720698165193
  1 49 10 4 100 0.174682634229501 -999 -999 -999 -999 -999 -999 -999 -999 -999 -999 0.8253173657705
  1 50 10 2 100 1.97370883908404e-05 -999 -999 -999 -999 -999 -999 -999 -999 -999 -999 0.999980262911609
  1 50 10 3 100 0.104682227222553 -999 -999 -999 -999 -999 -999 -999 -999 -999 -999 0.895317772777447
  1 50 10 4 100 0.260457904973809 -999 -999 -999 -999 -999 -999 -999 -999 -999 -999 0.739542095026191
  1 51 10 2 100 1.18811789453854e-05 -999 -999 -999 -999 -999 -999 -999 -999 -999 -999 0.999988118821055
  1 51 10 3 100 0.0705543343452344 -999 -999 -999 -999 -999 -999 -999 -999 -999 -999 0.929445665654766
  1 51 10 4 100 0.164555913143524 -999 -999 -999 -999 -999 -999 -999 -999 -999 -999 0.835444086856476
  1 52 10 2 100 1.33685065916066e-05 -999 -999 -999 -999 -999 -999 -999 -999 -999 -999 0.999986631493408
  1 52 10 3 100 0.078448466337158 -999 -999 -999 -999 -999 -999 -999 -999 -999 -999 0.921551533662842
  1 52 10 4 100 0.1846455652108 -999 -999 -999 -999 -999 -999 -999 -999 -999 -999 0.8153544347892
  1 53 10 2 100 1.76887258798604e-05 -999 -999 -999 -999 -999 -999 -999 -999 -999 -999 0.99998231127412
  1 53 10 3 100 0.105938447190246 -999 -999 -999 -999 -999 -999 -999 -999 -999 -999 0.894061552809754
  1 53 10 4 100 0.260196657855884 -999 -999 -999 -999 -999 -999 -999 -999 -999 -999 0.739803342144116
  1 54 10 2 100 1.91034617161921e-05 -999 -999 -999 -999 -999 -999 -999 -999 -999 -999 0.999980896538284
  1 54 10 3 100 0.114753680169383 -999 -999 -999 -999 -999 -999 -999 -999 -999 -999 0.885246319830617
  1 54 10 4 100 0.270666100387631 -999 -999 -999 -999 -999 -999 -999 -999 -999 -999 0.729333899612369
  1 55 10 2 100 2.01082935403068e-05 -999 -999 -999 -999 -999 -999 -999 -999 -999 -999 0.99997989170646
  1 55 10 3 100 0.118205664801689 -999 -999 -999 -999 -999 -999 -999 -999 -999 -999 0.881794335198311
  1 55 10 4 100 0.285665253453879 -999 -999 -999 -999 -999 -999 -999 -999 -999 -999 0.714334746546121
  1 56 10 2 100 1.83114675542569e-05 -999 -999 -999 -999 -999 -999 -999 -999 -999 -999 0.999981688532446
  1 56 10 3 100 0.109148138136846 -999 -999 -999 -999 -999 -999 -999 -999 -999 -999 0.890851861863154
  1 56 10 4 100 0.263784587190293 -999 -999 -999 -999 -999 -999 -999 -999 -999 -999 0.736215412809706
  1 57 10 2 100 1.9443082907181e-05 -999 -999 -999 -999 -999 -999 -999 -999 -999 -999 0.999980556917093
  1 57 10 3 100 0.123600392120085 -999 -999 -999 -999 -999 -999 -999 -999 -999 -999 0.876399607879915
  1 57 10 4 100 0.284330554989539 -999 -999 -999 -999 -999 -999 -999 -999 -999 -999 0.715669445010461
  1 58 10 2 100 2.04003775406261e-05 -999 -999 -999 -999 -999 -999 -999 -999 -999 -999 0.999979599622459
  1 58 10 3 100 0.126141871297585 -999 -999 -999 -999 -999 -999 -999 -999 -999 -999 0.873858128702415
  1 58 10 4 100 0.29486312016158 -999 -999 -999 -999 -999 -999 -999 -999 -999 -999 0.70513687983842
  1 59 10 2 100 1.85432323412697e-05 -999 -999 -999 -999 -999 -999 -999 -999 -999 -999 0.999981456767659
  1 59 10 3 100 0.120301209166523 -999 -999 -999 -999 -999 -999 -999 -999 -999 -999 0.879698790833477
  1 59 10 4 100 0.283618324310301 -999 -999 -999 -999 -999 -999 -999 -999 -999 -999 0.716381675689699
  1 60 10 2 100 1.96807620358068e-05 -999 -999 -999 -999 -999 -999 -999 -999 -999 -999 0.999980319237964
  1 60 10 3 100 0.130407186288383 -999 -999 -999 -999 -999 -999 -999 -999 -999 -999 0.869592813711617
  1 60 10 4 100 0.303520871458051 -999 -999 -999 -999 -999 -999 -999 -999 -999 -999 0.696479128541948
  1 61 10 2 100 1.95683526392607e-05 -999 -999 -999 -999 -999 -999 -999 -999 -999 -999 0.999980431647361
  1 61 10 3 100 0.129263350439813 -999 -999 -999 -999 -999 -999 -999 -999 -999 -999 0.870736649560187
  1 61 10 4 100 0.305439450249074 -999 -999 -999 -999 -999 -999 -999 -999 -999 -999 0.694560549750926
  1 62 10 2 100 1.78383716836701e-05 -999 -999 -999 -999 -999 -999 -999 -999 -999 -999 0.999982161628316
  1 62 10 3 100 0.123611611635401 -999 -999 -999 -999 -999 -999 -999 -999 -999 -999 0.876388388364599
  1 62 10 4 100 0.278984072191611 -999 -999 -999 -999 -999 -999 -999 -999 -999 -999 0.721015927808389
  1 63 10 2 100 2.00745813191862e-05 -999 -999 -999 -999 -999 -999 -999 -999 -999 -999 0.999979925418681
  1 63 10 3 100 0.135788924983952 -999 -999 -999 -999 -999 -999 -999 -999 -999 -999 0.864211075016048
  1 63 10 4 100 0.311049427190329 -999 -999 -999 -999 -999 -999 -999 -999 -999 -999 0.688950572809671
  1 64 10 2 100 2.02140228150673e-05 -999 -999 -999 -999 -999 -999 -999 -999 -999 -999 0.999979785977185
  1 64 10 3 100 0.136949130316186 -999 -999 -999 -999 -999 -999 -999 -999 -999 -999 0.863050869683814
  1 64 10 4 100 0.316362655796193 -999 -999 -999 -999 -999 -999 -999 -999 -999 -999 0.683637344203807
  1 65 10 2 100 1.09365351637472e-05 -999 -999 -999 -999 -999 -999 -999 -999 -999 -999 0.999989063464836
  1 65 10 3 100 0.108444152081297 -999 -999 -999 -999 -999 -999 -999 -999 -999 -999 0.891555847918703
  1 65 10 4 100 0.250092381187485 -999 -999 -999 -999 -999 -999 -999 -999 -999 -999 0.749907618812515
  1 66 10 2 100 1.90839081243865e-05 -999 -999 -999 -999 -999 -999 -999 -999 -999 -999 0.999980916091876
  1 66 10 3 100 0.130329724488523 -999 -999 -999 -999 -999 -999 -999 -999 -999 -999 0.869670275511477
  1 66 10 4 100 0.305476112849333 -999 -999 -999 -999 -999 -999 -999 -999 -999 -999 0.694523887150667
  1 67 10 2 100 1.91717180277838e-05 -999 -999 -999 -999 -999 -999 -999 -999 -999 -999 0.999980828281972
  1 67 10 3 100 0.128249808044916 -999 -999 -999 -999 -999 -999 -999 -999 -999 -999 0.871750191955084
  1 67 10 4 100 0.301835530577243 -999 -999 -999 -999 -999 -999 -999 -999 -999 -999 0.698164469422757
  1 68 10 2 100 1.06067899016574e-05 -999 -999 -999 -999 -999 -999 -999 -999 -999 -999 0.999989393210098
  1 68 10 3 100 0.106110042530578 -999 -999 -999 -999 -999 -999 -999 -999 -999 -999 0.893889957469422
  1 68 10 4 100 0.251614440563368 -999 -999 -999 -999 -999 -999 -999 -999 -999 -999 0.748385559436632
  1 69 10 2 100 1.26010612703115e-05 -999 -999 -999 -999 -999 -999 -999 -999 -999 -999 0.99998739893873
  1 69 10 3 100 0.111506573476825 -999 -999 -999 -999 -999 -999 -999 -999 -999 -999 0.888493426523175
  1 69 10 4 100 0.273050813756687 -999 -999 -999 -999 -999 -999 -999 -999 -999 -999 0.726949186243313
  1 70 10 2 100 1.57785331041369e-05 -999 -999 -999 -999 -999 -999 -999 -999 -999 -999 0.999984221466896
  1 70 10 3 100 0.127205306996167 -999 -999 -999 -999 -999 -999 -999 -999 -999 -999 0.872794693003833
  1 70 10 4 100 0.316245520577675 -999 -999 -999 -999 -999 -999 -999 -999 -999 -999 0.683754479422325
  1 71 10 2 100 1.92534854211509e-05 -999 -999 -999 -999 -999 -999 -999 -999 -999 -999 0.999980746514579
  1 71 10 3 100 0.105980726438673 -999 -999 -999 -999 -999 -999 -999 -999 -999 -999 0.894019273561327
  1 71 10 4 100 0.261771174993156 -999 -999 -999 -999 -999 -999 -999 -999 -999 -999 0.738228825006844
  1 72 10 2 100 1.3498367061064e-05 -999 -999 -999 -999 -999 -999 -999 -999 -999 -999 0.999986501632939
  1 72 10 3 100 0.102943362112525 -999 -999 -999 -999 -999 -999 -999 -999 -999 -999 0.897056637887475
  1 72 10 4 100 0.262626728154462 -999 -999 -999 -999 -999 -999 -999 -999 -999 -999 0.737373271845538
  1 73 10 2 100 1.40101041451884e-05 -999 -999 -999 -999 -999 -999 -999 -999 -999 -999 0.999985989895855
  1 73 10 3 100 0.0953781233770171 -999 -999 -999 -999 -999 -999 -999 -999 -999 -999 0.904621876622983
  1 73 10 4 100 0.241414304908613 -999 -999 -999 -999 -999 -999 -999 -999 -999 -999 0.758585695091387
  1 74 10 2 100 2.11629404293498e-05 -999 -999 -999 -999 -999 -999 -999 -999 -999 -999 0.999978837059571
  1 74 10 3 100 0.103991608117346 -999 -999 -999 -999 -999 -999 -999 -999 -999 -999 0.896008391882654
  1 74 10 4 100 0.263273647022925 -999 -999 -999 -999 -999 -999 -999 -999 -999 -999 0.736726352977075
  1 75 10 2 100 1.5515465492509e-05 -999 -999 -999 -999 -999 -999 -999 -999 -999 -999 0.999984484534508
  1 75 10 3 100 0.101747450184553 -999 -999 -999 -999 -999 -999 -999 -999 -999 -999 0.898252549815447
  1 75 10 4 100 0.259599374782594 -999 -999 -999 -999 -999 -999 -999 -999 -999 -999 0.740400625217406
  1 76 10 2 100 1.17004288406213e-05 -999 -999 -999 -999 -999 -999 -999 -999 -999 -999 0.999988299571159
  1 76 10 3 100 0.0821386776342554 -999 -999 -999 -999 -999 -999 -999 -999 -999 -999 0.917861322365745
  1 76 10 4 100 0.201937228260285 -999 -999 -999 -999 -999 -999 -999 -999 -999 -999 0.798062771739715
  1 77 10 2 100 1.29746971136648e-05 -999 -999 -999 -999 -999 -999 -999 -999 -999 -999 0.999987025302886
  1 77 10 3 100 0.0881798208564893 -999 -999 -999 -999 -999 -999 -999 -999 -999 -999 0.911820179143511
  1 77 10 4 100 0.221900938421633 -999 -999 -999 -999 -999 -999 -999 -999 -999 -999 0.778099061578367
  1 78 10 2 100 1.88777677854466e-05 -999 -999 -999 -999 -999 -999 -999 -999 -999 -999 0.999981122232215
  1 78 10 3 100 0.0927920751662551 -999 -999 -999 -999 -999 -999 -999 -999 -999 -999 0.907207924833745
  1 78 10 4 100 0.22713189559681 -999 -999 -999 -999 -999 -999 -999 -999 -999 -999 0.77286810440319
  1 79 10 2 100 1.88586653639469e-05 -999 -999 -999 -999 -999 -999 -999 -999 -999 -999 0.999981141334636
  1 79 10 3 100 0.0942071345486625 -999 -999 -999 -999 -999 -999 -999 -999 -999 -999 0.905792865451338
  1 79 10 4 100 0.227031212089561 -999 -999 -999 -999 -999 -999 -999 -999 -999 -999 0.772968787910439
  1 80 10 2 100 1.55400313108716e-05 -999 -999 -999 -999 -999 -999 -999 -999 -999 -999 0.999984459968689
  1 80 10 3 100 0.0780313704471471 -999 -999 -999 -999 -999 -999 -999 -999 -999 -999 0.921968629552853
  1 80 10 4 100 0.192477837034743 -999 -999 -999 -999 -999 -999 -999 -999 -999 -999 0.807522162965256
  1 1 11 2 100 -999 0.000334182751566907 -999 6.40967011030767e-05 -999 -999 0.000625434334866345 0.00772979293310139 -999 -999 -999 0.991246493279362
  1 1 11 3 100 -999 0.00147734765738487 -999 0.000951681889391648 -999 -999 0.00330384019802815 0.0346615242415742 -999 -999 -999 0.959605606013621
  1 1 11 4 100 -999 0.00141547897507188 -999 0.00198499171451608 -999 -999 0.00445321033326695 0.0346379161676341 -999 -999 -999 0.957508402809511
  1 1 11 5 100 -999 0.00136378646870363 -999 0.00199644767900218 -999 -999 0.00460005734915657 0.0336565283892213 -999 -999 -999 0.958383180113916
  1 2 11 2 100 -999 0.000283490223418794 -999 0.000156870520092525 -999 -999 0.000664505521572288 0.00708720178345461 -999 -999 -999 0.991807931951462
  1 2 11 3 100 -999 0.00124103066892785 -999 0.00135981797571247 -999 -999 0.00346323181865202 0.0315903088321842 -999 -999 -999 0.962345610704523
  1 2 11 4 100 -999 0.00119208382135978 -999 0.00221949460478474 -999 -999 0.00462086176585085 0.0315468247601721 -999 -999 -999 0.960420735047833
  1 2 11 5 100 -999 0.0011445934429428 -999 0.00217375859649423 -999 -999 0.00476827383839909 0.0306365245749882 -999 -999 -999 0.961276849547176
  1 3 11 2 100 -999 0.000296583543007699 -999 0.000281740388655832 -999 -999 0.000623810136807433 0.00647750836124063 -999 -999 -999 0.992320357570288
  1 3 11 3 100 -999 0.00131086156441709 -999 0.0018568502719544 -999 -999 0.00361828272634584 0.0292167399701172 -999 -999 -999 0.963997265467165
  1 3 11 4 100 -999 0.00125481528363161 -999 0.00266153214670526 -999 -999 0.00443649787971171 0.029201150070315 -999 -999 -999 0.962446004619636
  1 3 11 5 100 -999 0.00118680967672267 -999 0.00259452519062329 -999 -999 0.00455507198194172 0.0283452404072518 -999 -999 -999 0.96331835274346
  1 4 11 2 100 -999 0.00031277326209433 -999 0.0003804781324499 -999 -999 0.000681765861323899 0.00530200588704936 -999 -999 -999 0.993322976857082
  1 4 11 3 100 -999 0.00137386027880551 -999 0.00230159260186098 -999 -999 0.00360393371215821 0.0237288849305452 -999 -999 -999 0.96899172847663
  1 4 11 4 100 -999 0.00132581206983683 -999 0.00304216672354462 -999 -999 0.00478853096425946 0.0236858726033727 -999 -999 -999 0.967157617638986
  1 4 11 5 100 -999 0.00128262458572175 -999 0.0030273196588864 -999 -999 0.00496757905322142 0.0229121696336881 -999 -999 -999 0.967810307068482
  1 5 11 2 100 -999 0.00025156571875277 -999 0.000133712781462309 -999 -999 0.000625644990605092 0.00420435476251572 -999 -999 -999 0.994784721746664
  1 5 11 3 100 -999 0.00113310025055756 -999 0.0026582349149233 -999 -999 0.00337339866500747 0.019254319053189 -999 -999 -999 0.973580947116323
  1 5 11 4 100 -999 0.00109244173147028 -999 0.0034390229291277 -999 -999 0.00448388351472773 0.0192449403263375 -999 -999 -999 0.971739711498337
  1 5 11 5 100 -999 0.00104160189777681 -999 0.00332589712586241 -999 -999 0.00467919739288198 0.018575241450234 -999 -999 -999 0.972378062133245
  1 6 11 2 100 -999 0.000361746025572335 -999 7.25818091200148e-05 -999 -999 0.000577273321658258 0.00273913243013012 -999 -999 -999 0.996249266413519
  1 6 11 3 100 -999 0.00168656530418524 -999 0.00248888642450591 -999 -999 0.00351763944237823 0.0130770884970623 -999 -999 -999 0.979229820331868
  1 6 11 4 100 -999 0.00163726336068842 -999 0.00366396152018095 -999 -999 0.00432680974853699 0.0130228307850575 -999 -999 -999 0.977349134585536
  1 6 11 5 100 -999 0.00155205381555455 -999 0.00353493577392474 -999 -999 0.00444013722576019 0.0124401909798975 -999 -999 -999 0.978032682204863
  1 7 11 2 100 -999 0.000621297499675361 -999 6.06528605450725e-05 -999 -999 0.000537668645922992 0.00494853288646422 -999 -999 -999 0.993831848107392
  1 7 11 3 100 -999 0.00295387313800322 -999 0.00258297081447972 -999 -999 0.00338457521216116 0.0244273406167293 -999 -999 -999 0.966651240218627
  1 7 11 4 100 -999 0.00287316181860938 -999 0.00382646620684121 -999 -999 0.00416770895912458 0.0245175911717511 -999 -999 -999 0.964615071843674
  1 7 11 5 100 -999 0.00274652265520074 -999 0.00367541723824939 -999 -999 0.00431241329478346 0.0237855229602225 -999 -999 -999 0.965480123851544
  1 8 11 2 100 -999 0.00017409128314717 -999 5.87990153878251e-05 -999 -999 0.00060607040518322 0.00373196253141212 -999 -999 -999 0.99542907676487
  1 8 11 3 100 -999 0.000835442396917867 -999 0.0026560264020999 -999 -999 0.00350258821576212 0.0182415916355054 -999 -999 -999 0.974764351349715
  1 8 11 4 100 -999 0.000798093241144333 -999 0.00393865361345296 -999 -999 0.0046646036530927 0.0182866995384378 -999 -999 -999 0.972311949953872
  1 8 11 5 100 -999 0.000755961729087564 -999 0.00375438946606979 -999 -999 0.00484573619884433 0.0177167730432055 -999 -999 -999 0.972927139562793
  1 9 11 2 100 -999 0.000355973981369991 -999 3.7458052690572e-05 -999 -999 0.000539641453735357 0.003840554121796 -999 -999 -999 0.995226372390408
  1 9 11 3 100 -999 0.00173010785993662 -999 0.00259814003029068 -999 -999 0.00316592824069948 0.0191093357719442 -999 -999 -999 0.973396488097129
  1 9 11 4 100 -999 0.00166910442653592 -999 0.00389732580411122 -999 -999 0.00425537852155573 0.0190711142168173 -999 -999 -999 0.97110707703098
  1 9 11 5 100 -999 0.00159652335305148 -999 0.00370811806508216 -999 -999 0.00443790196752842 0.0184493377597498 -999 -999 -999 0.971808118854588
  1 10 11 2 100 -999 0.000361536047699402 -999 3.13155582372302e-05 -999 -999 0.00053288591408584 0.00310752543410415 -999 -999 -999 0.995966737045873
  1 10 11 3 100 -999 0.00178880754127781 -999 0.00206379779397726 -999 -999 0.00316079019963255 0.0156208694461872 -999 -999 -999 0.977365735018925
  1 10 11 4 100 -999 0.00172657934610901 -999 0.00368867178045373 -999 -999 0.00420418623990705 0.0155825957523747 -999 -999 -999 0.974797966881155
  1 10 11 5 100 -999 0.00165355445910427 -999 0.00354879307187852 -999 -999 0.0043562025688718 0.0150485214664358 -999 -999 -999 0.97539292843371
  1 11 11 2 100 -999 0.000446453663930262 -999 3.96030109580737e-05 -999 -999 0.000604841498612971 0.00626436171449115 -999 -999 -999 0.992644740112008
  1 11 11 3 100 -999 0.00217749507227138 -999 0.00205910773229328 -999 -999 0.00351719917263547 0.0311386792536995 -999 -999 -999 0.9611075187691
  1 11 11 4 100 -999 0.00209936616896594 -999 0.00375348152524448 -999 -999 0.00462948701248988 0.031134134968764 -999 -999 -999 0.958383530324536
  1 11 11 5 100 -999 0.00202332187007252 -999 0.0036156845526259 -999 -999 0.0048181469459429 0.0302674196526228 -999 -999 -999 0.959275426978736
  1 12 11 2 100 -999 0.000231055648992863 -999 0.000209157024162395 -999 -999 0.000594306154249967 0.00574522694513924 -999 -999 -999 0.993220254227456
  1 12 11 3 100 -999 0.00107211031424972 -999 0.00262129111339391 -999 -999 0.00366477984489391 0.0274463585643118 -999 -999 -999 0.965195460163151
  1 12 11 4 100 -999 0.00103139898698591 -999 0.00431276269597965 -999 -999 0.00451649261126526 0.0274079830336406 -999 -999 -999 0.962731362672129
  1 12 11 5 100 -999 0.00098925589226469 -999 0.00415391656354803 -999 -999 0.00465750094042876 0.0265915426898925 -999 -999 -999 0.963607783913866
  1 13 11 2 100 -999 0.000260549437880257 -999 0.000310913665576547 -999 -999 0.00061217131858355 0.00418008529798453 -999 -999 -999 0.994636280279975
  1 13 11 3 100 -999 0.00122500571080026 -999 0.00299787869348151 -999 -999 0.00378449720945912 0.0202505201001163 -999 -999 -999 0.971742098286143
  1 13 11 4 100 -999 0.00118470116872076 -999 0.00458959075461931 -999 -999 0.00462045091537483 0.0201570894824457 -999 -999 -999 0.969448167678839
  1 13 11 5 100 -999 0.00113450741866702 -999 0.00441257389929618 -999 -999 0.00471998544032307 0.0194039711378998 -999 -999 -999 0.970328962103814
  1 14 11 2 100 -999 0.000274797816633816 -999 7.98312396075981e-05 -999 -999 0.000616590160385213 0.00410123815552657 -999 -999 -999 0.994927542627847
  1 14 11 3 100 -999 0.00130060344964022 -999 0.00320256923532324 -999 -999 0.00376242313070588 0.0199221781290435 -999 -999 -999 0.971812226055287
  1 14 11 4 100 -999 0.0012554617355735 -999 0.00496826709141787 -999 -999 0.004605029379089 0.0198609283312529 -999 -999 -999 0.969310313462667
  1 14 11 5 100 -999 0.00119600239092694 -999 0.00478900468046398 -999 -999 0.00471275874597782 0.0192036197423385 -999 -999 -999 0.970098614440293
  1 15 11 2 100 -999 0.000360071382927863 -999 7.2661438524221e-05 -999 -999 0.000564515974400525 0.00198976729617989 -999 -999 -999 0.997012983907968
  1 15 11 3 100 -999 0.00174450915169083 -999 0.0027375444398436 -999 -999 0.00372432079297896 0.0100835579578368 -999 -999 -999 0.98171006765765
  1 15 11 4 100 -999 0.00169832673267388 -999 0.00432049387495674 -999 -999 0.00453421530702919 0.0100179432312529 -999 -999 -999 0.979429020854087
  1 15 11 5 100 -999 0.0016286761591126 -999 0.00426261422125062 -999 -999 0.00444796871897604 0.00956813616407666 -999 -999 -999 0.980092604736584
  1 16 11 2 100 -999 0.00015021724005218 -999 1.93032569926935e-05 -999 -999 0.0005249144194048 0.00165010434051424 -999 -999 -999 0.997655460743036
  1 16 11 3 100 -999 0.00079421404717277 -999 0.0017644027504799 -999 -999 0.00370107236489167 0.00900280688593831 -999 -999 -999 0.984737503951517
  1 16 11 4 100 -999 0.000768599428621049 -999 0.00324244291739336 -999 -999 0.00447041300723177 0.00896774250871731 -999 -999 -999 0.982550802138036
  1 16 11 5 100 -999 0.000740228726463761 -999 0.00319990065520605 -999 -999 0.00436214823194246 0.0086509448255444 -999 -999 -999 0.983046777560843
  1 17 11 2 100 -999 0.000311582808245341 -999 1.62586729233131e-05 -999 -999 0.000472382070970744 0.000762515862783707 -999 -999 -999 0.998437260585077
  1 17 11 3 100 -999 0.00176144016118037 -999 0.00128910104373962 -999 -999 0.00366542987468137 0.00443673412297838 -999 -999 -999 0.98884729479742
  1 17 11 4 100 -999 0.00170611952415457 -999 0.0023324660417051 -999 -999 0.00446446413352934 0.00440049490692607 -999 -999 -999 0.987096455393685
  1 17 11 5 100 -999 0.00164811888013206 -999 0.0023039092824814 -999 -999 0.00436162045004229 0.00420425366124295 -999 -999 -999 0.987482097726101
  1 18 11 2 100 -999 0.000240871047413563 -999 1.74713423373197e-05 -999 -999 0.000441813747844969 0.000729280640186576 -999 -999 -999 0.998570563222218
  1 18 11 3 100 -999 0.00144590242413161 -999 0.00100167657310691 -999 -999 0.00328141310214494 0.00449775229358964 -999 -999 -999 0.989773255607027
  1 18 11 4 100 -999 0.00139461011944116 -999 0.00174177179745343 -999 -999 0.00428128582851185 0.00447911442763327 -999 -999 -999 0.98810321782696
  1 18 11 5 100 -999 0.00133842008623818 -999 0.00170468150236488 -999 -999 0.00421098343926275 0.0042981788164045 -999 -999 -999 0.98844773615573
  1 19 11 2 100 -999 0.000227675454720639 -999 4.22560635168821e-05 -999 -999 0.000438114995947557 0.000519977620780169 -999 -999 -999 0.998771975865035
  1 19 11 3 100 -999 0.00136926535670313 -999 0.000726192621287325 -999 -999 0.00333268095686278 0.00320479793491167 -999 -999 -999 0.991367063130235
  1 19 11 4 100 -999 0.00133686945496698 -999 0.00133839821076239 -999 -999 0.00445429086674066 0.00321648979703798 -999 -999 -999 0.989653951670492
  1 19 11 5 100 -999 0.00128525232028235 -999 0.0013114682154073 -999 -999 0.00441519316471465 0.00307952758634218 -999 -999 -999 0.989908558713254
  1 20 11 2 100 -999 0.000224296122600141 -999 5.01443053589867e-05 -999 -999 0.000432485453870324 0.000749357961951219 -999 -999 -999 0.998543716156219
  1 20 11 3 100 -999 0.00132753683763839 -999 0.000640650275772247 -999 -999 0.00322518896145765 0.00455509124657268 -999 -999 -999 0.990251532678559
  1 20 11 4 100 -999 0.00127953058281374 -999 0.00111996980999495 -999 -999 0.00437423515265589 0.00453782425127092 -999 -999 -999 0.988688440203265
  1 20 11 5 100 -999 0.00122130034564346 -999 0.00113164995495437 -999 -999 0.00433895477969123 0.00433186008965624 -999 -999 -999 0.988976234830055
  1 21 11 2 100 -999 0.000307416748958137 -999 1.49774133078202e-05 -999 -999 0.000446801858769598 0.000577000935304069 -999 -999 -999 0.99865380304366
  1 21 11 3 100 -999 0.0018284351409157 -999 0.000560039857633563 -999 -999 0.00332338333570303 0.00351795362102942 -999 -999 -999 0.990770188044718
  1 21 11 4 100 -999 0.00178015033763691 -999 0.000949857040773468 -999 -999 0.00455013627677284 0.00351493047436125 -999 -999 -999 0.989204925870455
  1 21 11 5 100 -999 0.00171224046887061 -999 0.000929765080614254 -999 -999 0.00450635063476871 0.00334510176613965 -999 -999 -999 0.989506542049607
  1 22 11 2 100 -999 0.000324617105335072 -999 1.10835908025462e-05 -999 -999 0.000431459610035867 0.000391416698736459 -999 -999 -999 0.99884142299509
  1 22 11 3 100 -999 0.00184915610413801 -999 0.000469022944302103 -999 -999 0.00302037284274142 0.00227473655088557 -999 -999 -999 0.992386711557933
  1 22 11 4 100 -999 0.00180530234693436 -999 0.000777917977888832 -999 -999 0.0042003409151672 0.00228319540604513 -999 -999 -999 0.990933243353964
  1 22 11 5 100 -999 0.00173855653637815 -999 0.000744966987088905 -999 -999 0.00416488436449842 0.00216476349115543 -999 -999 -999 0.991186828620879
  1 23 11 2 100 -999 0.000453108244227203 -999 8.42273517110028e-06 -999 -999 0.000398807806321474 0.000473664036834682 -999 -999 -999 0.998665997177446
  1 23 11 3 100 -999 0.0027181597795084 -999 0.000396141203164769 -999 -999 0.00293264539540464 0.00289043010327267 -999 -999 -999 0.991062623518649
  1 23 11 4 100 -999 0.00265828968417477 -999 0.000690580569414249 -999 -999 0.00426600113572365 0.00291729610818696 -999 -999 -999 0.9894678325025
  1 23 11 5 100 -999 0.00256803133185847 -999 0.000667373143073451 -999 -999 0.00423607322741089 0.00278314828638772 -999 -999 -999 0.989745374011269
  1 24 11 2 100 -999 0.00025592593168539 -999 8.09912027623992e-06 -999 -999 0.000422786943882214 0.000835219666801839 -999 -999 -999 0.998477968337354
  1 24 11 3 100 -999 0.00154402488027631 -999 0.000324739839781641 -999 -999 0.00295924882626176 0.00507008318402274 -999 -999 -999 0.990101903269658
  1 24 11 4 100 -999 0.00152218316278771 -999 0.000556680248296814 -999 -999 0.0041335643981616 0.00513958391937554 -999 -999 -999 0.988647988271378
  1 24 11 5 100 -999 0.00145780137754102 -999 0.000537661655432067 -999 -999 0.00424015810137816 0.00495433653568952 -999 -999 -999 0.988810042329959
  1 25 11 2 100 -999 0.000307010998408363 -999 8.59329404926911e-06 -999 -999 0.000433425064033713 0.0010106567440102 -999 -999 -999 0.998240313899498
  1 25 11 3 100 -999 0.00183446016329616 -999 0.000270157618264817 -999 -999 0.00298343850092132 0.00605770053019698 -999 -999 -999 0.988854243187321
  1 25 11 4 100 -999 0.00182131837654377 -999 0.00047292826364451 -999 -999 0.00421685994258112 0.00616122420092063 -999 -999 -999 0.98732766921631
  1 25 11 5 100 -999 0.00172793933608361 -999 0.000459278042639655 -999 -999 0.00435094886418389 0.00596535182510496 -999 -999 -999 0.987496481931988
  1 26 11 2 100 -999 0.000266374052713122 -999 2.8590553140206e-05 -999 -999 0.000406674609998042 0.000789301696728197 -999 -999 -999 0.99850905908742
  1 26 11 3 100 -999 0.00158512581988381 -999 0.000353836810171372 -999 -999 0.0028198485312379 0.00480462024038973 -999 -999 -999 0.990436568598317
  1 26 11 4 100 -999 0.00157017300460911 -999 0.000528176171239211 -999 -999 0.00401230479727744 0.0049001944088345 -999 -999 -999 0.98898915161804
  1 26 11 5 100 -999 0.00150260722025214 -999 0.000504292380908601 -999 -999 0.00412796516846812 0.00470646437722864 -999 -999 -999 0.989158670853142
  1 27 11 2 100 -999 0.000289889503567006 -999 0.000200085001824698 -999 -999 0.000383844587695271 0.00105206794117312 -999 -999 -999 0.99807411296574
  1 27 11 3 100 -999 0.00179422453155251 -999 0.00136451389123782 -999 -999 0.0028129685047191 0.00656908311076519 -999 -999 -999 0.987459209961725
  1 27 11 4 100 -999 0.00177591569301432 -999 0.00150763777068394 -999 -999 0.00406831396813091 0.00672203788519369 -999 -999 -999 0.985926094682977
  1 27 11 5 100 -999 0.00170142883760455 -999 0.00139085392725258 -999 -999 0.00407506787978809 0.00640942389479732 -999 -999 -999 0.986423225460557
  1 28 11 2 100 -999 0.000251596109793557 -999 0.000373090232185116 -999 -999 0.000374283490721698 0.00182879726973383 -999 -999 -999 0.997172232897566
  1 28 11 3 100 -999 0.00154941783521677 -999 0.00248350308804095 -999 -999 0.00275712617021485 0.0114144196142117 -999 -999 -999 0.981795533292316
  1 28 11 4 100 -999 0.0015377063222953 -999 0.00263091298522444 -999 -999 0.00405219735503277 0.0117020346374801 -999 -999 -999 0.980077148699967
  1 28 11 5 100 -999 0.00146545881220609 -999 0.0024369704729748 -999 -999 0.00406007397987075 0.0111549572092573 -999 -999 -999 0.980882539525691
  1 29 11 2 100 -999 0.000326165166552362 -999 0.000494211715505771 -999 -999 0.000396045753890781 0.0013821572581166 -999 -999 -999 0.997401420105934
  1 29 11 3 100 -999 0.00203328996240172 -999 0.00347726894930759 -999 -999 0.0028662404872447 0.00867530695289689 -999 -999 -999 0.982947893648149
  1 29 11 4 100 -999 0.00203671437135533 -999 0.00371119554281179 -999 -999 0.00415595222824438 0.00898028799576193 -999 -999 -999 0.981115849861827
  1 29 11 5 100 -999 0.00194074540382023 -999 0.00342913744150477 -999 -999 0.0041786161877414 0.00851962706750151 -999 -999 -999 0.981931873899432
  1 30 11 2 100 -999 0.000286523228166757 -999 8.74546007232691e-05 -999 -999 0.000404979271134577 0.0013910947422612 -999 -999 -999 0.997829948157714
  1 30 11 3 100 -999 0.0017557801825731 -999 0.00352828260604854 -999 -999 0.00285935242770952 0.00872139792597268 -999 -999 -999 0.983135186857696
  1 30 11 4 100 -999 0.00175701563312176 -999 0.00438492165480764 -999 -999 0.00409084846761886 0.0090227360843572 -999 -999 -999 0.980744478160095
  1 30 11 5 100 -999 0.00167444982638665 -999 0.00404524154212392 -999 -999 0.00410759864324932 0.00847829285785487 -999 -999 -999 0.981694417130385
  1 31 11 2 100 -999 0.00033706407465614 -999 7.68798391066497e-06 -999 -999 0.000432244566130015 0.00117127382983137 -999 -999 -999 0.998051729545472
  1 31 11 3 100 -999 0.00209206552597769 -999 0.00220192384910161 -999 -999 0.0030275326674669 0.00743291717145953 -999 -999 -999 0.985245560785994
  1 31 11 4 100 -999 0.00209204775461707 -999 0.00405612849801168 -999 -999 0.0041802619652364 0.00767269105435516 -999 -999 -999 0.98199887072778
  1 31 11 5 100 -999 0.00200993510479631 -999 0.00373158969706285 -999 -999 0.00435090140628382 0.00723676816423168 -999 -999 -999 0.982670805627625
  1 32 11 2 100 -999 0.000266892360551396 -999 8.42400338298671e-06 -999 -999 0.000395091818829598 0.00119243429758181 -999 -999 -999 0.998137157519654
  1 32 11 3 100 -999 0.00167208422457265 -999 0.00171094912694237 -999 -999 0.00288276217401855 0.00766175414032763 -999 -999 -999 0.986072450334139
  1 32 11 4 100 -999 0.00165174747856564 -999 0.00313997082495843 -999 -999 0.00408861705935375 0.00790119487682774 -999 -999 -999 0.983218469760294
  1 32 11 5 100 -999 0.00156354061968967 -999 0.00290179515434314 -999 -999 0.00407988314415204 0.00749043054107366 -999 -999 -999 0.983964350540741
  1 33 11 2 100 -999 0.000300231116328759 -999 1.19650116388172e-05 -999 -999 0.000424430081799438 0.00124955667401571 -999 -999 -999 0.998013817116217
  1 33 11 3 100 -999 0.00187790377712889 -999 0.00130923070087988 -999 -999 0.00309961494544775 0.00801568105771991 -999 -999 -999 0.985697569518824
  1 33 11 4 100 -999 0.00186958747742657 -999 0.00235507111243897 -999 -999 0.00442193775308949 0.0082791251487596 -999 -999 -999 0.983074278508285
  1 33 11 5 100 -999 0.00178753800144428 -999 0.0021840915940436 -999 -999 0.00441807454685046 0.00785550901354321 -999 -999 -999 0.983754786844118
  1 34 11 2 100 -999 0.000299857688758832 -999 2.84032482320974e-05 -999 -999 0.000413707273428789 0.0014719031111392 -999 -999 -999 0.997786128678441
  1 34 11 3 100 -999 0.00187999852509258 -999 0.000667029990672215 -999 -999 0.00297304906757264 0.0092542062464161 -999 -999 -999 0.985225716170246
  1 34 11 4 100 -999 0.00185804061568413 -999 0.00175926612342778 -999 -999 0.00420814777336805 0.00946977797219279 -999 -999 -999 0.982704767515327
  1 34 11 5 100 -999 0.00177120815491891 -999 0.00170668906586508 -999 -999 0.00422340202512728 0.00899901751785222 -999 -999 -999 0.983299683236237
  1 35 11 2 100 -999 0.000265475068603038 -999 1.37369604319882e-05 -999 -999 0.000443337997208128 0.0013966251740974 -999 -999 -999 0.997880824799659
  1 35 11 3 100 -999 0.00157812260638643 -999 0.000579867360097494 -999 -999 0.00304596748141354 0.00833291106911823 -999 -999 -999 0.986463131482984
  1 35 11 4 100 -999 0.00154034765579721 -999 0.0014198431003962 -999 -999 0.00430794289717769 0.00846202882934579 -999 -999 -999 0.984269837517283
  1 35 11 5 100 -999 0.00146120730465993 -999 0.00137273484381261 -999 -999 0.0043123521001729 0.00802774708135047 -999 -999 -999 0.984825958670004
  1 36 11 2 100 -999 0.000299617466123148 -999 1.62155391795224e-05 -999 -999 0.000405512250185583 0.000810219839689604 -999 -999 -999 0.998468434904822
  1 36 11 3 100 -999 0.00179820541729837 -999 0.000526578759465738 -999 -999 0.00281490873003631 0.00488273648505857 -999 -999 -999 0.989977570608141
  1 36 11 4 100 -999 0.00177221401759396 -999 0.00109266212491198 -999 -999 0.00398304268354929 0.00496625666950838 -999 -999 -999 0.988185824504436
  1 36 11 5 100 -999 0.00168242629416725 -999 0.00104409352297396 -999 -999 0.00397623130756775 0.00471571026099038 -999 -999 -999 0.988581538614301
  1 37 11 2 100 -999 0.000282152105512355 -999 1.48849507718819e-05 -999 -999 0.00042791684492299 0.0011007086920043 -999 -999 -999 0.998174337406789
  1 37 11 3 100 -999 0.00173380519217439 -999 0.000467686149065569 -999 -999 0.00308572396396468 0.00697988955116168 -999 -999 -999 0.987732895143634
  1 37 11 4 100 -999 0.00172622838450332 -999 0.00094949835400079 -999 -999 0.00434892749086301 0.00712563306488547 -999 -999 -999 0.985849712705747
  1 37 11 5 100 -999 0.00165613298876545 -999 0.00090393921070581 -999 -999 0.00435880683899452 0.00672814498037679 -999 -999 -999 0.986352975981157
  1 38 11 2 100 -999 0.000329886970873228 -999 1.50760019572064e-05 -999 -999 0.000377833309888369 0.00116009670397033 -999 -999 -999 0.998117107013311
  1 38 11 3 100 -999 0.00207763596776001 -999 0.000440732041363941 -999 -999 0.00279347199338398 0.00744714768032823 -999 -999 -999 0.987241012317164
  1 38 11 4 100 -999 0.0020612813545849 -999 0.000829063243235712 -999 -999 0.00399261228864957 0.00768571395799676 -999 -999 -999 0.985431329155533
  1 38 11 5 100 -999 0.00196303171995226 -999 0.000780342234467409 -999 -999 0.00399024961456785 0.00728373298400116 -999 -999 -999 0.985982643447011
  1 39 11 2 100 -999 0.000259189546055677 -999 3.38172610724029e-05 -999 -999 0.000381339245570818 0.00142577869165826 -999 -999 -999 0.997899875255643
  1 39 11 3 100 -999 0.00167187058084939 -999 0.000526464174823522 -999 -999 0.00287760949282961 0.00929952349568462 -999 -999 -999 0.985624532255813
  1 39 11 4 100 -999 0.00166093652942559 -999 0.000864976160430961 -999 -999 0.00411695642260595 0.00960493063214627 -999 -999 -999 0.983752200255391
  1 39 11 5 100 -999 0.00158963046320874 -999 0.000861220561517685 -999 -999 0.00409335910076547 0.00920718767432289 -999 -999 -999 0.984248602200185
  1 40 11 2 100 -999 0.000381418538309713 -999 0.00021851136845473 -999 -999 0.000361539623382821 0.00157501811658971 -999 -999 -999 0.997463512353263
  1 40 11 3 100 -999 0.00235091212032116 -999 0.00156595602018235 -999 -999 0.00261713511276347 0.00981974225558314 -999 -999 -999 0.98364625449115
  1 40 11 4 100 -999 0.0023194738017537 -999 0.00189134741591414 -999 -999 0.00381235694313255 0.0101360393715502 -999 -999 -999 0.981840782467649
  1 40 11 5 100 -999 0.00220082200559984 -999 0.00178549069362678 -999 -999 0.00383540940439466 0.00971135745760777 -999 -999 -999 0.982466920438771
  1 41 11 2 100 -999 0.000411853264329344 -999 0.000367704823173566 -999 -999 0.000408395452077841 0.00160813181306359 -999 -999 -999 0.997203914647356
  1 41 11 3 100 -999 0.00248001921405497 -999 0.00250553406385028 -999 -999 0.00283906645344661 0.00991652394353001 -999 -999 -999 0.982258856325118
  1 41 11 4 100 -999 0.00247814776673196 -999 0.00282639257094833 -999 -999 0.00408336613642315 0.0102399530530094 -999 -999 -999 0.980372140472887
  1 41 11 5 100 -999 0.00237101559751791 -999 0.0026548764287297 -999 -999 0.00430761587388457 0.00974697024151251 -999 -999 -999 0.980919521858355
  1 42 11 2 100 -999 0.000269511083835501 -999 7.49178725379382e-05 -999 -999 0.000438241567244694 0.00267936266150244 -999 -999 -999 0.996537966814879
  1 42 11 3 100 -999 0.00154210885776142 -999 0.00281117531765228 -999 -999 0.00281374189764356 0.0156076527675693 -999 -999 -999 0.977225321159373
  1 42 11 4 100 -999 0.00153683734575603 -999 0.00373371723414929 -999 -999 0.0039489015560385 0.0161810530347351 -999 -999 -999 0.974599490829321
  1 42 11 5 100 -999 0.00145292507752547 -999 0.00347952014588858 -999 -999 0.00413193801828973 0.0154328425367324 -999 -999 -999 0.975502774221564
  1 43 11 2 100 -999 0.000318032459975392 -999 8.12347922414846e-05 -999 -999 0.000482316299262014 0.00261172904077799 -999 -999 -999 0.996506687407743
  1 43 11 3 100 -999 0.00180102138627864 -999 0.00326911088307663 -999 -999 0.00303577270676977 0.0149763958312712 -999 -999 -999 0.976917699192604
  1 43 11 4 100 -999 0.00180750098114194 -999 0.00434878254717393 -999 -999 0.00428351653763697 0.015458665903809 -999 -999 -999 0.974101534030238
  1 43 11 5 100 -999 0.00172478571479708 -999 0.00405900335484265 -999 -999 0.00449287699597945 0.0146685981774755 -999 -999 -999 0.975054735756905
  1 44 11 2 100 -999 0.000258489550449368 -999 8.4187066066632e-06 -999 -999 0.00044849709828852 0.00269129596094587 -999 -999 -999 0.99659329868371
  1 44 11 3 100 -999 0.00148578785982536 -999 0.00218917735456053 -999 -999 0.00293138743968036 0.0159720745214575 -999 -999 -999 0.977421572824476
  1 44 11 4 100 -999 0.00146322625296505 -999 0.00421875742703395 -999 -999 0.00408103917856078 0.0164745062642303 -999 -999 -999 0.97376247087721
  1 44 11 5 100 -999 0.0013885167180289 -999 0.00392147287701506 -999 -999 0.00424873937975109 0.0155976913675432 -999 -999 -999 0.974843579657662
  1 45 11 2 100 -999 0.000338592760630039 -999 2.58701661196886e-05 -999 -999 0.000461894053453815 0.00295489321047169 -999 -999 -999 0.996218749809325
  1 45 11 3 100 -999 0.00193638620582764 -999 0.0022050247835678 -999 -999 0.00340124209429273 0.017501210251653 -999 -999 -999 0.974956136664659
  1 45 11 4 100 -999 0.0019271812817958 -999 0.00401647122353182 -999 -999 0.00456941807193535 0.0179916237383104 -999 -999 -999 0.971495305684427
  1 45 11 5 100 -999 0.00185366312416099 -999 0.00372758771619305 -999 -999 0.00455650729948544 0.0170625502454726 -999 -999 -999 0.972799691614688
  1 46 11 2 100 -999 0.0002502672080481 -999 0.000134775258749646 -999 -999 0.000436604872372289 0.00283236337446874 -999 -999 -999 0.996345989286361
  1 46 11 3 100 -999 0.00145596214649104 -999 0.00260563283987633 -999 -999 0.00296105915716082 0.0169180982096279 -999 -999 -999 0.976059247646844
  1 46 11 4 100 -999 0.00141771031451305 -999 0.00411822475842872 -999 -999 0.00425215256880258 0.0173339251522329 -999 -999 -999 0.972877987206023
  1 46 11 5 100 -999 0.00134848240797745 -999 0.00383001366073528 -999 -999 0.0043044736705251 0.0164854947358508 -999 -999 -999 0.974031535524911
  1 47 11 2 100 -999 0.000239462660824482 -999 0.000225168946842728 -999 -999 0.000418976638730727 0.0027522917029209 -999 -999 -999 0.996364100050681
  1 47 11 3 100 -999 0.00139958615835674 -999 0.00302474762591803 -999 -999 0.00290024320603106 0.0166011990034619 -999 -999 -999 0.976074224006232
  1 47 11 4 100 -999 0.00137341949738904 -999 0.00432856124335401 -999 -999 0.00419510163300815 0.0170222362524274 -999 -999 -999 0.973080681373821
  1 47 11 5 100 -999 0.00131265385343818 -999 0.00400249896475116 -999 -999 0.00425648200117743 0.016194840239347 -999 -999 -999 0.974233524941286
  1 48 11 2 100 -999 0.000323641748549425 -999 5.7199253340985e-05 -999 -999 0.000435019923367166 0.00337317570807118 -999 -999 -999 0.995810963366671
  1 48 11 3 100 -999 0.00183609795779768 -999 0.00264114072957708 -999 -999 0.00285871547739609 0.0197455995147546 -999 -999 -999 0.972918446320475
  1 48 11 4 100 -999 0.00179960902295074 -999 0.00459335813254494 -999 -999 0.00389354947500791 0.0200775992263477 -999 -999 -999 0.969635884143149
  1 48 11 5 100 -999 0.00172109645028257 -999 0.00437886360812551 -999 -999 0.00409408033046889 0.01921616950017 -999 -999 -999 0.970589790110953
  1 49 11 2 100 -999 0.000394266163656123 -999 6.43467584939541e-05 -999 -999 0.000499538812450411 0.00362828676037077 -999 -999 -999 0.995413561505029
  1 49 11 3 100 -999 0.002154292158175 -999 0.00293481764355149 -999 -999 0.00316996962297979 0.0203063189599898 -999 -999 -999 0.971434601615304
  1 49 11 4 100 -999 0.00211115305950852 -999 0.00473869126721239 -999 -999 0.00427514653539524 0.0204934406884257 -999 -999 -999 0.968381568449458
  1 49 11 5 100 -999 0.00202906766569637 -999 0.00449297464865353 -999 -999 0.00451215229935652 0.0196417844884691 -999 -999 -999 0.969324020897824
  1 50 11 2 100 -999 0.000348584870469752 -999 2.35789841475248e-05 -999 -999 0.000447971231109998 0.00272446241505993 -999 -999 -999 0.996455402499213
  1 50 11 3 100 -999 0.00192046276806908 -999 0.00220777876747388 -999 -999 0.00319393926138054 0.0155080301195957 -999 -999 -999 0.977169789083481
  1 50 11 4 100 -999 0.00188430243439657 -999 0.00423542443077527 -999 -999 0.00398841411538109 0.015682716251092 -999 -999 -999 0.974209142768355
  1 50 11 5 100 -999 0.00180180995829848 -999 0.0039819817186824 -999 -999 0.00411516067168175 0.0149721534149667 -999 -999 -999 0.975128894236371
  1 51 11 2 100 -999 0.000197787651623838 -999 2.34369139621195e-05 -999 -999 0.000439043918089848 0.00323218351761188 -999 -999 -999 0.996107547998712
  1 51 11 3 100 -999 0.00109195076147542 -999 0.00203866020891602 -999 -999 0.00293191351674924 0.0184861753657708 -999 -999 -999 0.975451300147089
  1 51 11 4 100 -999 0.00104771281374603 -999 0.00392426787692205 -999 -999 0.00408972197027617 0.0187220630633159 -999 -999 -999 0.97221623427574
  1 51 11 5 100 -999 0.000996524790636131 -999 0.00372389852548125 -999 -999 0.00410406216146045 0.0179317737432501 -999 -999 -999 0.973243740779172
  1 52 11 2 100 -999 0.000339143160857265 -999 1.87479517992667e-05 -999 -999 0.000416274414901539 0.00323606477802766 -999 -999 -999 0.995989769694414
  1 52 11 3 100 -999 0.00193403477868413 -999 0.00182491227948682 -999 -999 0.00281364748760226 0.0188164971279877 -999 -999 -999 0.974610908326239
  1 52 11 4 100 -999 0.00188047832294621 -999 0.00356370203784477 -999 -999 0.00393283308580655 0.019044961857286 -999 -999 -999 0.971578024696117
  1 52 11 5 100 -999 0.00179088971441338 -999 0.00343538642914231 -999 -999 0.00394503226945929 0.0182886180518542 -999 -999 -999 0.972540073535131
  1 53 11 2 100 -999 0.000372578995625062 -999 1.93621410198432e-05 -999 -999 0.000470500666701176 0.0038761749346575 -999 -999 -999 0.995261383261996
  1 53 11 3 100 -999 0.00213154964731481 -999 0.00153283335995649 -999 -999 0.00312848299300846 0.0225338843426036 -999 -999 -999 0.970673249657117
  1 53 11 4 100 -999 0.00209838783136418 -999 0.00322092988600488 -999 -999 0.00429931474569099 0.0228990422502363 -999 -999 -999 0.967482325286704
  1 53 11 5 100 -999 0.00200867481239094 -999 0.00324849113082629 -999 -999 0.00451995737802052 0.0220821153025323 -999 -999 -999 0.96814076137623
  1 54 11 2 100 -999 0.000297108567587302 -999 2.00370354170358e-05 -999 -999 0.00043946937511659 0.0050493955500022 -999 -999 -999 0.994193989471877
  1 54 11 3 100 -999 0.00173305526817251 -999 0.00110148760233912 -999 -999 0.00303068626918057 0.03022271912233 -999 -999 -999 0.963912051737978
  1 54 11 4 100 -999 0.00169478128513485 -999 0.0028836242661437 -999 -999 0.00417843461919884 0.0306885392270488 -999 -999 -999 0.960554620602474
  1 54 11 5 100 -999 0.00161923265135341 -999 0.00295396971909209 -999 -999 0.00433546716790429 0.0292657151764651 -999 -999 -999 0.961825615285185
  1 55 11 2 100 -999 0.000372426621993399 -999 5.52420085991695e-05 -999 -999 0.000437561574744869 0.0050428688242275 -999 -999 -999 0.994091900970435
  1 55 11 3 100 -999 0.00213548919498441 -999 0.0011450058918679 -999 -999 0.00302785533344142 0.029761735624273 -999 -999 -999 0.963929913955433
  1 55 11 4 100 -999 0.00207725106114087 -999 0.00278902274674112 -999 -999 0.00424388313002323 0.030294718893009 -999 -999 -999 0.960595124169086
  1 55 11 5 100 -999 0.00198809640789142 -999 0.00283134074446896 -999 -999 0.00423178189294795 0.0288741081850166 -999 -999 -999 0.962074672769675
  1 56 11 2 100 -999 0.000270393090393676 -999 0.000127123874492369 -999 -999 0.000455703687356632 0.00455331180808096 -999 -999 -999 0.994593467539676
  1 56 11 3 100 -999 0.0015770670906233 -999 0.0015311812213646 -999 -999 0.00304628527557428 0.0269996758032986 -999 -999 -999 0.966845790609139
  1 56 11 4 100 -999 0.00153805502064378 -999 0.00305652123021487 -999 -999 0.00415830172090976 0.0274833139546824 -999 -999 -999 0.963763808073549
  1 56 11 5 100 -999 0.00145935527149297 -999 0.00305672902329484 -999 -999 0.0043032122165991 0.026234132076035 -999 -999 -999 0.964946571412578
  1 57 11 2 100 -999 0.000497893871331423 -999 0.000276262776633561 -999 -999 0.000434189384637883 0.00379324507285711 -999 -999 -999 0.99499840889454
  1 57 11 3 100 -999 0.0029072783591973 -999 0.00239247398790468 -999 -999 0.0030054344915891 0.0225251895027032 -999 -999 -999 0.969169623658606
  1 57 11 4 100 -999 0.00285804602566497 -999 0.00364761393667859 -999 -999 0.00421273447925826 0.0229666222054937 -999 -999 -999 0.966314983352905
  1 57 11 5 100 -999 0.0027592592938171 -999 0.0035708254085362 -999 -999 0.00421183721503888 0.0218063187664269 -999 -999 -999 0.967651759316181
  1 58 11 2 100 -999 0.000400921322146971 -999 0.000407784204862267 -999 -999 0.000443951333713239 0.00354027650366733 -999 -999 -999 0.99520706663561
  1 58 11 3 100 -999 0.00233817577570578 -999 0.00314692122483703 -999 -999 0.00341641741239521 0.0211658754422851 -999 -999 -999 0.969932610144777
  1 58 11 4 100 -999 0.00232152820631728 -999 0.00434713825566643 -999 -999 0.00448372387552326 0.0215742318824715 -999 -999 -999 0.967273377780022
  1 58 11 5 100 -999 0.00223373957605995 -999 0.00421744910671057 -999 -999 0.00444541008709449 0.0205221335159762 -999 -999 -999 0.968581267714159
  1 59 11 2 100 -999 0.000348175072355895 -999 8.70847772020625e-05 -999 -999 0.000445373009002305 0.00432599979308605 -999 -999 -999 0.994793367348354
  1 59 11 3 100 -999 0.00200512487738681 -999 0.00331836740777423 -999 -999 0.00304293866546179 0.0255667603661465 -999 -999 -999 0.966066808683231
  1 59 11 4 100 -999 0.00196625268070875 -999 0.00464187550599587 -999 -999 0.00428693812187959 0.0260745250504612 -999 -999 -999 0.963030408640955
  1 59 11 5 100 -999 0.0018972307525066 -999 0.00451727140924662 -999 -999 0.00429991144531297 0.0250535654650351 -999 -999 -999 0.964232020927899
  1 60 11 2 100 -999 0.000365092677375398 -999 2.81971846970936e-05 -999 -999 0.000477142551849904 0.0044597040405634 -999 -999 -999 0.994669863545514
  1 60 11 3 100 -999 0.00200993567913364 -999 0.00285929597480924 -999 -999 0.00309399688679376 0.0253161361885966 -999 -999 -999 0.966720635270667
  1 60 11 4 100 -999 0.00193936478345114 -999 0.00490512164466622 -999 -999 0.00427135098689433 0.0256583021142247 -999 -999 -999 0.963225860470764
  1 60 11 5 100 -999 0.00186486315258713 -999 0.00468464265455213 -999 -999 0.0042795960680109 0.0246651116768105 -999 -999 -999 0.964505786448039
  1 61 11 2 100 -999 0.000478010617148567 -999 1.70248244260108e-05 -999 -999 0.000437128534540133 0.00337827482650051 -999 -999 -999 0.995689561197385
  1 61 11 3 100 -999 0.00262805768282589 -999 0.00250638888709919 -999 -999 0.00317679612666374 0.0191611387419518 -999 -999 -999 0.972527618561459
  1 61 11 4 100 -999 0.00257584239653898 -999 0.00444157202329118 -999 -999 0.00415396963081576 0.0193875704041803 -999 -999 -999 0.969441045545174
  1 61 11 5 100 -999 0.002464956750287 -999 0.00424261093406936 -999 -999 0.00415710591624456 0.0184713053638202 -999 -999 -999 0.970664021035579
  1 62 11 2 100 -999 0.000337026527576362 -999 1.53196932957655e-05 -999 -999 0.000442829695809472 0.00369250542439833 -999 -999 -999 0.99551231865892
  1 62 11 3 100 -999 0.00183698236260991 -999 0.00225976128245846 -999 -999 0.00291148958947195 0.0209074843428466 -999 -999 -999 0.972084282422613
  1 62 11 4 100 -999 0.00178846770995509 -999 0.00400750976749659 -999 -999 0.00406415165592284 0.0211482082581067 -999 -999 -999 0.968991662608519
  1 62 11 5 100 -999 0.0017126412249482 -999 0.00383505305103563 -999 -999 0.00409192937855557 0.0202803526142883 -999 -999 -999 0.970080023731172
  1 63 11 2 100 -999 0.000363682456246462 -999 1.574646195232e-05 -999 -999 0.00044866126823516 0.00325843815499824 -999 -999 -999 0.995913471658568
  1 63 11 3 100 -999 0.00205599263680531 -999 0.00199013912839048 -999 -999 0.00300672250205993 0.0188142924449592 -999 -999 -999 0.974132853287785
  1 63 11 4 100 -999 0.00200679554439863 -999 0.00352547069773024 -999 -999 0.00413436693264471 0.0190539216897485 -999 -999 -999 0.971279445135478
  1 63 11 5 100 -999 0.00192321760335993 -999 0.0033647997619755 -999 -999 0.00414110185367297 0.0182653177821921 -999 -999 -999 0.9723055629988
  1 64 11 2 100 -999 0.000281968570208858 -999 1.80896893015224e-05 -999 -999 0.000429855135590505 0.00365894105859176 -999 -999 -999 0.995611145546307
  1 64 11 3 100 -999 0.0016299892904523 -999 0.00177814106295792 -999 -999 0.00326762845427563 0.0217274309622688 -999 -999 -999 0.971596810230045
  1 64 11 4 100 -999 0.001604500344727 -999 0.00320220684729635 -999 -999 0.0042484373172765 0.0221047987391036 -999 -999 -999 0.968840056751597
  1 64 11 5 100 -999 0.00154425960422602 -999 0.00306070883326657 -999 -999 0.00418964884667172 0.0212249250687235 -999 -999 -999 0.969980457647112
  1 65 11 2 100 -999 0.000345643082610634 -999 4.09607736794241e-05 -999 -999 0.00045008128435949 0.0038088598657153 -999 -999 -999 0.995354454993635
  1 65 11 3 100 -999 0.00205075017977607 -999 0.00113161694413373 -999 -999 0.00319347830266994 0.0229820126220709 -999 -999 -999 0.970642141951349
  1 65 11 4 100 -999 0.00200623192751003 -999 0.00261835609708989 -999 -999 0.00446155463230199 0.0233294175838349 -999 -999 -999 0.967584439759263
  1 65 11 5 100 -999 0.00192031225044053 -999 0.00255680654286509 -999 -999 0.00448533796504182 0.0223676436795217 -999 -999 -999 0.968669899562131
  1 66 11 2 100 -999 0.000405705633102311 -999 4.93219114793046e-05 -999 -999 0.000422665004923454 0.00471431217992374 -999 -999 -999 0.994407995270571
  1 66 11 3 100 -999 0.00240083522782463 -999 0.00106740370115505 -999 -999 0.00327259310135841 0.0287999883972899 -999 -999 -999 0.964459179572372
  1 66 11 4 100 -999 0.00237192844848276 -999 0.00229638491756319 -999 -999 0.00422614037883259 0.0292945072931908 -999 -999 -999 0.961811038961931
  1 66 11 5 100 -999 0.0022733378647677 -999 0.00222496745675695 -999 -999 0.00417664471965337 0.027851349505833 -999 -999 -999 0.963473700452989
  1 67 11 2 100 -999 0.000261508561577942 -999 2.08493624584587e-05 -999 -999 0.000422355352572423 0.00414540963657867 -999 -999 -999 0.995149877086812
  1 67 11 3 100 -999 0.00157940041003718 -999 0.00103052074826169 -999 -999 0.00338818703741774 0.0258841072442652 -999 -999 -999 0.968117784560018
  1 67 11 4 100 -999 0.00156740374587786 -999 0.00218379145192468 -999 -999 0.00441058772623448 0.0263677167456765 -999 -999 -999 0.965470500330286
  1 67 11 5 100 -999 0.00150483804787331 -999 0.00212567235574992 -999 -999 0.00436566535525364 0.0251029619219759 -999 -999 -999 0.966900862319147
  1 68 11 2 100 -999 0.000295580911084217 -999 2.01113057569919e-05 -999 -999 0.000429927687024925 0.00345169095245622 -999 -999 -999 0.995802689143678
  1 68 11 3 100 -999 0.00174111847060891 -999 0.000942044770810165 -999 -999 0.00304724097355821 0.0207592273880989 -999 -999 -999 0.973510368396924
  1 68 11 4 100 -999 0.00171706092286895 -999 0.00200244571405562 -999 -999 0.00426508909681868 0.0211032003401526 -999 -999 -999 0.970912203926104
  1 68 11 5 100 -999 0.00165574865249185 -999 0.00193907867146815 -999 -999 0.00426040443157407 0.0201454207154471 -999 -999 -999 0.971999347529019
  1 69 11 2 100 -999 0.000328719578064023 -999 1.57061981249488e-05 -999 -999 0.000405208855523731 0.00273870827662052 -999 -999 -999 0.996511657091667
  1 69 11 3 100 -999 0.00198577764267834 -999 0.000703996065913277 -999 -999 0.00295977580080582 0.0169749305617977 -999 -999 -999 0.977375519928805
  1 69 11 4 100 -999 0.00194241754332339 -999 0.00167254252728082 -999 -999 0.00413616696225931 0.0172971711925777 -999 -999 -999 0.974951701774559
  1 69 11 5 100 -999 0.00186291781807008 -999 0.00175598309977089 -999 -999 0.00412257545090166 0.016408518047508 -999 -999 -999 0.975850005583749
  1 70 11 2 100 -999 0.000317994044171042 -999 1.44986002432091e-05 -999 -999 0.000427638132220966 0.00228535044212751 -999 -999 -999 0.996954518781237
  1 70 11 3 100 -999 0.00192650389728143 -999 0.000676624373239587 -999 -999 0.00301046911766502 0.0141604553858832 -999 -999 -999 0.980225947225931
  1 70 11 4 100 -999 0.00189505636568024 -999 0.00151606602756383 -999 -999 0.00411648210457892 0.0144347484859243 -999 -999 -999 0.978037647016253
  1 70 11 5 100 -999 0.00179080756368473 -999 0.00156872097775315 -999 -999 0.00425269539349405 0.0136857889256202 -999 -999 -999 0.978701987139448
  1 71 11 2 100 -999 0.00032145288671344 -999 1.35296819867024e-05 -999 -999 0.000432182947586868 0.00230515978182161 -999 -999 -999 0.996927674701891
  1 71 11 3 100 -999 0.00195728491239891 -999 0.000626880434550611 -999 -999 0.003142296433817 0.0143345820987711 -999 -999 -999 0.979938956120462
  1 71 11 4 100 -999 0.00193551262989041 -999 0.00138397719039568 -999 -999 0.0044256931427934 0.0146481236546695 -999 -999 -999 0.977606693382251
  1 71 11 5 100 -999 0.00186498521261378 -999 0.00142368480008276 -999 -999 0.00441026274490609 0.0139164122823824 -999 -999 -999 0.978384654960015
  1 72 11 2 100 -999 0.000305094415920129 -999 1.39348537919406e-05 -999 -999 0.000431575179219689 0.00220389177798182 -999 -999 -999 0.997045503773086
  1 72 11 3 100 -999 0.00186461622389923 -999 0.000597387559458158 -999 -999 0.00311713305526607 0.0137783459618817 -999 -999 -999 0.980642517199495
  1 72 11 4 100 -999 0.00184694130200509 -999 0.00130063449334782 -999 -999 0.00438496642266495 0.0140599535772207 -999 -999 -999 0.978407504204761
  1 72 11 5 100 -999 0.00176766883809291 -999 0.00132109556605688 -999 -999 0.00439801941983795 0.0133662665163873 -999 -999 -999 0.979146949659625
  1 73 11 2 100 -999 0.000453248244493244 -999 1.35766708912284e-05 -999 -999 0.000408185914724664 0.00320462885282841 -999 -999 -999 0.995920360317062
  1 73 11 3 100 -999 0.00270355993574754 -999 0.000532951438572858 -999 -999 0.00286676791391398 0.0194002354598401 -999 -999 -999 0.974496485251926
  1 73 11 4 100 -999 0.00265519338350959 -999 0.00117401744713378 -999 -999 0.00400833888763099 0.019780794970274 -999 -999 -999 0.972381655311452
  1 73 11 5 100 -999 0.0025458647590828 -999 0.00119190980779477 -999 -999 0.00399996764743876 0.0189858605803117 -999 -999 -999 0.973276397205372
  1 74 11 2 100 -999 0.00027668139913976 -999 1.45560151657211e-05 -999 -999 0.000417988389949629 0.00236248659967384 -999 -999 -999 0.996928287596071
  1 74 11 3 100 -999 0.00160193211366702 -999 0.000492687875024912 -999 -999 0.0029083108071646 0.0139790413050888 -999 -999 -999 0.981018027899055
  1 74 11 4 100 -999 0.00157188480023851 -999 0.00103438715721007 -999 -999 0.00403930933876546 0.0141788449918398 -999 -999 -999 0.979175573711946
  1 74 11 5 100 -999 0.00149426773247687 -999 0.00103237368068034 -999 -999 0.00400213529341728 0.0136072358304165 -999 -999 -999 0.979863987463009
  1 75 11 2 100 -999 0.000343389063433674 -999 1.12341350209237e-05 -999 -999 0.000428570861592528 0.0032205973494949 -999 -999 -999 0.995996208590458
  1 75 11 3 100 -999 0.00199530696580422 -999 0.000422392478231609 -999 -999 0.00294138213054029 0.0189785108660191 -999 -999 -999 0.975662407559405
  1 75 11 4 100 -999 0.00196903892132161 -999 0.000851830644724896 -999 -999 0.00410672436501168 0.0193397483665608 -999 -999 -999 0.973732657702381
  1 75 11 5 100 -999 0.00189814794549446 -999 0.000892972568663731 -999 -999 0.00411406941384106 0.0187004917564309 -999 -999 -999 0.97439431831557
  1 76 11 2 100 -999 0.000403356668143759 -999 1.24200542103086e-05 -999 -999 0.000417911718433545 0.00401574087418254 -999 -999 -999 0.99515057068503
  1 76 11 3 100 -999 0.00240590307419305 -999 0.000403608824145232 -999 -999 0.00295745746859575 0.0242563952866551 -999 -999 -999 0.969976635346411
  1 76 11 4 100 -999 0.00238767213059625 -999 0.000729847750580751 -999 -999 0.00423572406194715 0.0247256978201458 -999 -999 -999 0.96792105823673
  1 76 11 5 100 -999 0.00230364768338012 -999 0.000720788431110348 -999 -999 0.00427996249294114 0.0239446462181927 -999 -999 -999 0.968750955174376
  1 77 11 2 100 -999 0.000253631804709198 -999 1.21930448942063e-05 -999 -999 0.00040853178362713 0.00546796149749438 -999 -999 -999 0.993857681869275
  1 77 11 3 100 -999 0.00151602496535281 -999 0.000405094483513557 -999 -999 0.00291702611911481 0.0330076757206888 -999 -999 -999 0.96215417871133
  1 77 11 4 100 -999 0.001495414068272 -999 0.000706206394880187 -999 -999 0.00414025002678409 0.0336861159199003 -999 -999 -999 0.959972013590163
  1 77 11 5 100 -999 0.0014453024594429 -999 0.000673788236266388 -999 -999 0.00415148054320713 0.0326734134486359 -999 -999 -999 0.961056015312448
  1 78 11 2 100 -999 0.000280873256915242 -999 1.42040441925591e-05 -999 -999 0.000417526161550015 0.00749599398083105 -999 -999 -999 0.991791402556511
  1 78 11 3 100 -999 0.0016157429491672 -999 0.000396326143460807 -999 -999 0.00286682777402188 0.0440888680445649 -999 -999 -999 0.951032235088785
  1 78 11 4 100 -999 0.00158426536768519 -999 0.000671272363510426 -999 -999 0.0040060450519504 0.0448833784490653 -999 -999 -999 0.948855038767789
  1 78 11 5 100 -999 0.00151198725515391 -999 0.000641380547419344 -999 -999 0.00399952813541623 0.0431544369845772 -999 -999 -999 0.950692667077433
  1 79 11 2 100 -999 0.000334100176394172 -999 1.41839593410569e-05 -999 -999 0.00043251226426295 0.00694708428800209 -999 -999 -999 0.992272119312
  1 79 11 3 100 -999 0.0019866162599809 -999 0.000430077076182877 -999 -999 0.00309500611875865 0.04204002809976 -999 -999 -999 0.952448272445318
  1 79 11 4 100 -999 0.00195944085343118 -999 0.000691359330429929 -999 -999 0.00439863306048185 0.0428859217823684 -999 -999 -999 0.950064644973289
  1 79 11 5 100 -999 0.00187910425676856 -999 0.0006577362512174 -999 -999 0.00440829034694088 0.0408786882464576 -999 -999 -999 0.952176180898616
  1 80 11 2 100 -999 0.000260770179673881 -999 1.71375644542879e-05 -999 -999 0.000451124730784381 0.00787962252524367 -999 -999 -999 0.991391344999844
  1 80 11 3 100 -999 0.00151154003139273 -999 0.000455801195046917 -999 -999 0.00307213881363912 0.0462072263356568 -999 -999 -999 0.948753293624264
  1 80 11 4 100 -999 0.00148695124040734 -999 0.000758019873931231 -999 -999 0.00428591616016572 0.047106354529792 -999 -999 -999 0.946362758195704
  1 80 11 5 100 -999 0.00142399525110561 -999 0.000728742228115668 -999 -999 0.00426335740492494 0.0453322126255188 -999 -999 -999 0.948251692490335
  2 5 1 2 100 -999 -999 -999 -999 -999 -999 -999 8.64656445654466e-10 -999 -999 -999 0.999999999135344
  2 5 1 3 100 -999 -999 -999 -999 -999 -999 -999 2.17534676259879e-07 -999 -999 -999 0.999999782465324
  2 5 1 4 100 -999 -999 -999 -999 -999 -999 -999 4.45635647825324e-07 -999 -999 -999 0.999999554364352
  2 5 1 5 100 -999 -999 -999 -999 -999 -999 -999 4.46311804655231e-07 -999 -999 -999 0.999999553688195
  2 6 1 2 100 -999 -999 -999 -999 -999 -999 -999 6.65542004228722e-09 -999 -999 -999 0.99999999334458
  2 6 1 3 100 -999 -999 -999 -999 -999 -999 -999 1.67498243164053e-06 -999 -999 -999 0.999998325017568
  2 6 1 4 100 -999 -999 -999 -999 -999 -999 -999 3.40755431338589e-06 -999 -999 -999 0.999996592445687
  2 6 1 5 100 -999 -999 -999 -999 -999 -999 -999 3.41262400099348e-06 -999 -999 -999 0.999996587375999
  2 12 1 2 100 -999 -999 -999 -999 -999 -999 -999 8.22538657531547e-10 -999 -999 -999 0.999999999177461
  2 12 1 3 100 -999 -999 -999 -999 -999 -999 -999 1.96236144797783e-07 -999 -999 -999 0.999999803763855
  2 12 1 4 100 -999 -999 -999 -999 -999 -999 -999 3.98441629189403e-07 -999 -999 -999 0.999999601558371
  2 12 1 5 100 -999 -999 -999 -999 -999 -999 -999 3.99063916428208e-07 -999 -999 -999 0.999999600936084
  2 13 1 2 100 -999 -999 -999 -999 -999 -999 -999 1.11009499759186e-09 -999 -999 -999 0.999999998889905
  2 13 1 3 100 -999 -999 -999 -999 -999 -999 -999 2.71616186250658e-07 -999 -999 -999 0.999999728383814
  2 13 1 4 100 -999 -999 -999 -999 -999 -999 -999 5.56621633504225e-07 -999 -999 -999 0.999999443378367
  2 13 1 5 100 -999 -999 -999 -999 -999 -999 -999 5.5748970779063e-07 -999 -999 -999 0.999999442510292
  2 15 1 2 100 -999 -999 -999 -999 -999 -999 -999 2.60253153927451e-09 -999 -999 -999 0.999999997397468
  2 15 1 3 100 -999 -999 -999 -999 -999 -999 -999 6.72579115696992e-07 -999 -999 -999 0.999999327420884
  2 15 1 4 100 -999 -999 -999 -999 -999 -999 -999 1.3812912367418e-06 -999 -999 -999 0.999998618708763
  2 15 1 5 100 -999 -999 -999 -999 -999 -999 -999 1.38333846067938e-06 -999 -999 -999 0.999998616661539
  2 21 1 2 100 -999 -999 -999 -999 -999 -999 -999 3.54989888521469e-10 -999 -999 -999 0.99999999964501
  2 21 1 3 100 -999 -999 -999 -999 -999 -999 -999 1.07882625058829e-07 -999 -999 -999 0.999999892117375
  2 21 1 4 100 -999 -999 -999 -999 -999 -999 -999 2.62851422606432e-07 -999 -999 -999 0.999999737148577
  2 21 1 5 100 -999 -999 -999 -999 -999 -999 -999 2.63356194253992e-07 -999 -999 -999 0.999999736643806
  2 22 1 2 100 -999 -999 -999 -999 -999 -999 -999 2.37459456962681e-09 -999 -999 -999 0.999999997625405
  2 22 1 3 100 -999 -999 -999 -999 -999 -999 -999 6.74337066317022e-07 -999 -999 -999 0.999999325662934
  2 22 1 4 100 -999 -999 -999 -999 -999 -999 -999 1.62985745156042e-06 -999 -999 -999 0.999998370142548
  2 22 1 5 100 -999 -999 -999 -999 -999 -999 -999 1.63305617742375e-06 -999 -999 -999 0.999998366943823
  2 23 1 2 100 -999 -999 -999 -999 -999 -999 -999 3.67408989403833e-09 -999 -999 -999 0.99999999632591
  2 23 1 3 100 -999 -999 -999 -999 -999 -999 -999 1.10865163621678e-06 -999 -999 -999 0.999998891348364
  2 23 1 4 100 -999 -999 -999 -999 -999 -999 -999 2.73622909686862e-06 -999 -999 -999 0.999997263770903
  2 23 1 5 100 -999 -999 -999 -999 -999 -999 -999 2.74151003310808e-06 -999 -999 -999 0.999997258489967
  2 25 1 2 100 -999 -999 -999 -999 -999 -999 -999 3.77286507516024e-09 -999 -999 -999 0.999999996227135
  2 25 1 3 100 -999 -999 -999 -999 -999 -999 -999 1.14343381098573e-06 -999 -999 -999 0.999998856566189
  2 25 1 4 100 -999 -999 -999 -999 -999 -999 -999 2.823994177357e-06 -999 -999 -999 0.999997176005823
  2 25 1 5 100 -999 -999 -999 -999 -999 -999 -999 2.82948476875822e-06 -999 -999 -999 0.999997170515231
  2 28 1 2 100 -999 -999 -999 -999 -999 -999 -999 3.81106928493133e-10 -999 -999 -999 0.999999999618893
  2 28 1 3 100 -999 -999 -999 -999 -999 -999 -999 1.20007595784515e-07 -999 -999 -999 0.999999879992404
  2 28 1 4 100 -999 -999 -999 -999 -999 -999 -999 2.95470238646278e-07 -999 -999 -999 0.999999704529761
  2 28 1 5 100 -999 -999 -999 -999 -999 -999 -999 2.96033468228143e-07 -999 -999 -999 0.999999703966532
  2 32 1 2 100 -999 -999 -999 -999 -999 -999 -999 2.26301376356138e-09 -999 -999 -999 0.999999997736986
  2 32 1 3 100 -999 -999 -999 -999 -999 -999 -999 7.14980003472068e-07 -999 -999 -999 0.999999285019997
  2 32 1 4 100 -999 -999 -999 -999 -999 -999 -999 1.76608815597809e-06 -999 -999 -999 0.999998233911844
  2 32 1 5 100 -999 -999 -999 -999 -999 -999 -999 1.76947103458104e-06 -999 -999 -999 0.999998230528965
  2 37 1 2 100 -999 -999 -999 -999 -999 -999 -999 1.74428516697301e-09 -999 -999 -999 0.999999998255715
  2 37 1 3 100 -999 -999 -999 -999 -999 -999 -999 5.28517647228191e-07 -999 -999 -999 0.999999471482353
  2 37 1 4 100 -999 -999 -999 -999 -999 -999 -999 1.29799145842089e-06 -999 -999 -999 0.999998702008542
  2 37 1 5 100 -999 -999 -999 -999 -999 -999 -999 1.30047834970666e-06 -999 -999 -999 0.99999869952165
  2 49 1 2 100 -999 -999 -999 -999 -999 -999 -999 4.74650710297441e-09 -999 -999 -999 0.999999995253493
  2 49 1 3 100 -999 -999 -999 -999 -999 -999 -999 1.19662212134524e-06 -999 -999 -999 0.999998803377879
  2 49 1 4 100 -999 -999 -999 -999 -999 -999 -999 2.57493008642352e-06 -999 -999 -999 0.999997425069914
  2 49 1 5 100 -999 -999 -999 -999 -999 -999 -999 2.57915375616106e-06 -999 -999 -999 0.999997420846244
  2 55 1 2 100 -999 -999 -999 -999 -999 -999 -999 7.00538075118267e-09 -999 -999 -999 0.999999992994619
  2 55 1 3 100 -999 -999 -999 -999 -999 -999 -999 2.03070351992238e-06 -999 -999 -999 0.99999796929648
  2 55 1 4 100 -999 -999 -999 -999 -999 -999 -999 4.35538624624265e-06 -999 -999 -999 0.999995644613754
  2 55 1 5 100 -999 -999 -999 -999 -999 -999 -999 4.36211048614642e-06 -999 -999 -999 0.999995637889514
  2 59 1 2 100 -999 -999 -999 -999 -999 -999 -999 3.55219777556723e-09 -999 -999 -999 0.999999996447802
  2 59 1 3 100 -999 -999 -999 -999 -999 -999 -999 1.02653364304455e-06 -999 -999 -999 0.999998973466357
  2 59 1 4 100 -999 -999 -999 -999 -999 -999 -999 2.23187172436541e-06 -999 -999 -999 0.999997768128276
  2 59 1 5 100 -999 -999 -999 -999 -999 -999 -999 2.23532701620895e-06 -999 -999 -999 0.999997764672984
  2 61 1 2 100 -999 -999 -999 -999 -999 -999 -999 1.08617883408993e-08 -999 -999 -999 0.999999989138212
  2 61 1 3 100 -999 -999 -999 -999 -999 -999 -999 3.11839552121913e-06 -999 -999 -999 0.999996881604479
  2 61 1 4 100 -999 -999 -999 -999 -999 -999 -999 6.77503572971229e-06 -999 -999 -999 0.99999322496427
  2 61 1 5 100 -999 -999 -999 -999 -999 -999 -999 6.78644535539386e-06 -999 -999 -999 0.999993213554645
  2 66 1 2 100 -999 -999 -999 -999 -999 -999 -999 2.83807797685224e-09 -999 -999 -999 0.999999997161922
  2 66 1 3 100 -999 -999 -999 -999 -999 -999 -999 8.44204064694829e-07 -999 -999 -999 0.999999155795935
  2 66 1 4 100 -999 -999 -999 -999 -999 -999 -999 1.8889595417123e-06 -999 -999 -999 0.999998111040458
  2 66 1 5 100 -999 -999 -999 -999 -999 -999 -999 1.89217023781719e-06 -999 -999 -999 0.999998107829762
  2 71 1 2 100 -999 -999 -999 -999 -999 -999 -999 3.31355845978388e-09 -999 -999 -999 0.999999996686442
  2 71 1 3 100 -999 -999 -999 -999 -999 -999 -999 9.85671535893985e-07 -999 -999 -999 0.999999014328464
  2 71 1 4 100 -999 -999 -999 -999 -999 -999 -999 2.20281472763122e-06 -999 -999 -999 0.999997797185272
  2 71 1 5 100 -999 -999 -999 -999 -999 -999 -999 2.20655380434441e-06 -999 -999 -999 0.999997793446196
  2 72 1 2 100 -999 -999 -999 -999 -999 -999 -999 3.162723846992e-09 -999 -999 -999 0.999999996837276
  2 72 1 3 100 -999 -999 -999 -999 -999 -999 -999 9.72496757889594e-07 -999 -999 -999 0.999999027503242
  2 72 1 4 100 -999 -999 -999 -999 -999 -999 -999 2.17425578593719e-06 -999 -999 -999 0.999997825744214
  2 72 1 5 100 -999 -999 -999 -999 -999 -999 -999 2.17787914298519e-06 -999 -999 -999 0.999997822120857
  2 73 1 2 100 -999 -999 -999 -999 -999 -999 -999 1.18912503646774e-08 -999 -999 -999 0.99999998810875
  2 73 1 3 100 -999 -999 -999 -999 -999 -999 -999 3.55622068195354e-06 -999 -999 -999 0.999996443779318
  2 73 1 4 100 -999 -999 -999 -999 -999 -999 -999 7.96832306547438e-06 -999 -999 -999 0.999992031676935
  2 73 1 5 100 -999 -999 -999 -999 -999 -999 -999 7.98200180728969e-06 -999 -999 -999 0.999992017998193
  2 1 3 3 100 3.50330781750072e-05 -999 -999 -999 -999 0 0.000116721749330421 0.000234774843368669 -999 0.000180692802922732 -999 0.999432777526203
  2 1 3 4 100 0.00245791554706596 -999 -999 -999 -999 0 0.00819719927486364 0.0160977912945809 -999 0.0128285406089314 -999 0.960418553274558
  2 1 3 5 100 0.00410902732207977 -999 -999 -999 -999 0 0.0144080905218798 0.026456783008085 -999 0.021730124851446 -999 0.93329597429651
  2 2 3 3 100 4.96775013565224e-05 -999 -999 -999 -999 0 9.92054328075839e-05 0.000241158859346421 -999 0.000223297371156411 -999 0.999386660835333
  2 2 3 4 100 0.00340338246391036 -999 -999 -999 -999 0 0.00667806018899583 0.01619864254601 -999 0.0154263547323123 -999 0.958293560068772
  2 2 3 5 100 0.00568154242398381 -999 -999 -999 -999 0 0.010968988364154 0.026569654729337 -999 0.0259195934419779 -999 0.930860221040547
  2 3 3 3 100 3.84294765500984e-05 -999 -999 -999 -999 0 0.000115974046068867 0.00020466840340796 -999 0.000200343861839207 -999 0.999440584212134
  2 3 3 4 100 0.00265940363304252 -999 -999 -999 -999 0 0.0080111676351164 0.0139114596476996 -999 0.0140022371968885 -999 0.961415731887253
  2 3 3 5 100 0.0044162423432929 -999 -999 -999 -999 0 0.0139072020149911 0.0227724884186426 -999 0.0234787343470214 -999 0.935425332876052
  2 4 3 3 100 3.5898865961914e-05 -999 -999 -999 -999 0 0.000102631617933354 0.000159589859983696 -999 0.000206825031273177 -999 0.999495054624848
  2 4 3 4 100 0.00247555652225804 -999 -999 -999 -999 0 0.00704214968475927 0.0108299799483479 -999 0.0143652016081202 -999 0.965287112236515
  2 4 3 5 100 0.0041404479343457 -999 -999 -999 -999 0 0.0123110362625274 0.0179320472695013 -999 0.0242535255318788 -999 0.941362943001747
  2 5 3 3 100 4.35692662565815e-05 -999 -999 -999 -999 0 0.000126627845647326 9.6359946147729e-05 -999 0.000224208810036631 -999 0.999509234131912
  2 5 3 4 100 0.00295600891399696 -999 -999 -999 -999 0 0.00858104835856276 0.0063407289714101 -999 0.0153396286996783 -999 0.966782585056352
  2 5 3 5 100 0.00494253295555214 -999 -999 -999 -999 0 0.015026148804054 0.0103165775740024 -999 0.0258646530037579 -999 0.943850087662634
  2 6 3 3 100 3.47868745707767e-05 -999 -999 -999 -999 0 0.000107190569447213 9.83261385405101e-05 -999 0.000194546563100849 -999 0.999565149854341
  2 6 3 4 100 0.00241885040767268 -999 -999 -999 -999 0 0.00743931818409389 0.00664799492655138 -999 0.0136350937231212 -999 0.969858742758561
  2 6 3 5 100 0.00403655183517603 -999 -999 -999 -999 0 0.0129907414871755 0.0108219788745702 -999 0.0229459891145086 -999 0.94920473868857
  2 7 3 3 100 3.42450568232328e-05 -999 -999 -999 -999 0 0.000105719827426916 0.000116508585030004 -999 0.000195447857150515 -999 0.999548078673569
  2 7 3 4 100 0.00241866715395432 -999 -999 -999 -999 0 0.00743458285000614 0.00802515065316636 -999 0.0139159320070766 -999 0.968205667335797
  2 7 3 5 100 0.0039995639875033 -999 -999 -999 -999 0 0.0128435914635613 0.0130076325735306 -999 0.0232513419371397 -999 0.946897870038265
  2 8 3 3 100 4.47157320046204e-05 -999 -999 -999 -999 0 0.00011082371346748 0.000164226295461487 -999 0.000221886160770094 -999 0.999458348098296
  2 8 3 4 100 0.00309479056572352 -999 -999 -999 -999 0 0.00764196237894988 0.0111200342211042 -999 0.0155071886294942 -999 0.962636024204728
  2 8 3 5 100 0.00515426279664055 -999 -999 -999 -999 0 0.0132696747563383 0.0181589050172943 -999 0.0260594292555289 -999 0.937357728174198
  2 9 3 3 100 3.64952115694753e-05 -999 -999 -999 -999 0 7.00598678228937e-05 0.000150345573562449 -999 0.000191676290884107 -999 0.999551423056161
  2 9 3 4 100 0.00258510687788547 -999 -999 -999 -999 0 0.00487448562849846 0.0104717285050743 -999 0.0136853146596596 -999 0.968383364328882
  2 9 3 5 100 0.0043412011037443 -999 -999 -999 -999 0 0.00805768606072936 0.0173304474841761 -999 0.0231324942645944 -999 0.947138171086756
  2 10 3 3 100 3.67499684375489e-05 -999 -999 -999 -999 0 0.00011879710281372 0.000119616463001823 -999 0.000191270689016652 -999 0.99953356577673
  2 10 3 4 100 0.00259796774074782 -999 -999 -999 -999 0 0.00827336586906365 0.00826251972008694 -999 0.0136495133029735 -999 0.967216633367128
  2 10 3 5 100 0.0043401391334492 -999 -999 -999 -999 0 0.0136454415406994 0.0135218431677772 -999 0.0229911653344169 -999 0.945501410823657
  2 11 3 3 100 4.17116753513034e-05 -999 -999 -999 -999 0 8.10668622312534e-05 0.000132826796554843 -999 0.000206589391230305 -999 0.999537805274632
  2 11 3 4 100 0.00291223845462391 -999 -999 -999 -999 0 0.00556099848635695 0.00903934717867039 -999 0.0145554224367713 -999 0.967931993443577
  2 11 3 5 100 0.0048861100112428 -999 -999 -999 -999 0 0.00916514302422793 0.0148211488781614 -999 0.0246054206330784 -999 0.946522177453289
  2 12 3 3 100 3.80302366191597e-05 -999 -999 -999 -999 0 0.000135832374792613 0.000165989526736018 -999 0.000186842316942862 -999 0.999473305544909
  2 12 3 4 100 0.00266655258831563 -999 -999 -999 -999 0 0.00940187302527019 0.0114006142474806 -999 0.0132137136452689 -999 0.963317246493665
  2 12 3 5 100 0.00445345500018131 -999 -999 -999 -999 0 0.015497794028549 0.0186795839742954 -999 0.0222073128650986 -999 0.939161854131876
  2 13 3 3 100 2.99826708695593e-05 -999 -999 -999 -999 0 7.81378385778487e-05 0.000138976263310503 -999 0.00016952257747142 -999 0.999583380649771
  2 13 3 4 100 0.00213500526742436 -999 -999 -999 -999 0 0.005550123327277 0.00960901717665326 -999 0.0121757314989041 -999 0.970530122729741
  2 13 3 5 100 0.00357392400929457 -999 -999 -999 -999 0 0.0097361971476802 0.0157198985949043 -999 0.0205698527738171 -999 0.950400127474304
  2 14 3 3 100 5.04120461249422e-05 -999 -999 -999 -999 0 0.00013940139331723 0.00013342760809784 -999 0.000224166488940792 -999 0.999452592463519
  2 14 3 4 100 0.00351837512511856 -999 -999 -999 -999 0 0.00972683644366504 0.00907591739764575 -999 0.0158010225894838 -999 0.961877848444087
  2 14 3 5 100 0.00580957733992349 -999 -999 -999 -999 0 0.0168370709197004 0.014670603483696 -999 0.0263607454720708 -999 0.936322002784609
  2 15 3 3 100 2.75560551101978e-05 -999 -999 -999 -999 0 6.84930222565209e-05 6.74435001413921e-05 -999 0.000176020103460324 -999 0.999660487319032
  2 15 3 4 100 0.00202431705375896 -999 -999 -999 -999 0 0.00500225143394391 0.00478818922318069 -999 0.0130066296375653 -999 0.975178612651551
  2 15 3 5 100 0.00342347342717019 -999 -999 -999 -999 0 0.00883181400099468 0.00787313824686942 -999 0.0221380223216116 -999 0.957733552003354
  2 16 3 3 100 3.14363937305004e-05 -999 -999 -999 -999 0 0.000124715731104338 6.07564625341547e-05 -999 0.000177221312890548 -999 0.99960587009974
  2 16 3 4 100 0.00244560038299093 -999 -999 -999 -999 0 0.00969000934929107 0.00460409017650684 -999 0.0139230755092767 -999 0.969337224581934
  2 16 3 5 100 0.00422921813296256 -999 -999 -999 -999 0 0.0175501840425223 0.00778162315840017 -999 0.0243500851379043 -999 0.946088889528211
  2 17 3 3 100 1.65940108999043e-05 -999 -999 -999 -999 0 5.35184115577558e-05 1.13496900205136e-05 -999 0.000111292972704701 -999 0.999807244914817
  2 17 3 4 100 0.0014351697109157 -999 -999 -999 -999 0 0.00459829483045189 0.000945923392324488 -999 0.00971455433332847 -999 0.983306057732979
  2 17 3 5 100 0.00266583198939527 -999 -999 -999 -999 0 0.00891928008948996 0.00170641278541991 -999 0.0181917203372358 -999 0.968516754798459
  2 18 3 3 100 2.18071798360257e-05 -999 -999 -999 -999 0 9.25862649608375e-05 3.28446599881916e-05 -999 0.000115041640537155 -999 0.999737720254678
  2 18 3 4 100 0.0019263506251286 -999 -999 -999 -999 0 0.00812434196548628 0.00284279832389794 -999 0.0102641350465661 -999 0.976842374038921
  2 18 3 5 100 0.00369525716226667 -999 -999 -999 -999 0 0.016233774788789 0.00536877786116117 -999 0.0199034974479109 -999 0.954798692739872
  2 19 3 3 100 2.00820334888562e-05 -999 -999 -999 -999 0 5.36816471678463e-05 7.58403276633979e-06 -999 0.000107672683941408 -999 0.999810979602636
  2 19 3 4 100 0.00167344525997057 -999 -999 -999 -999 0 0.00436429118587222 0.000607312245697364 -999 0.00905411682735179 -999 0.984300834481108
  2 19 3 5 100 0.00336550568987543 -999 -999 -999 -999 0 0.00859548787469814 0.00117788917182123 -999 0.0183613331579828 -999 0.968499784105622
  2 20 3 3 100 1.86859526642674e-05 -999 -999 -999 -999 0 4.14680315654724e-05 1.75489631842374e-05 -999 0.000108641482513841 -999 0.999813655570072
  2 20 3 4 100 0.0014833296458696 -999 -999 -999 -999 0 0.00470583484270918 0.00135057687065947 -999 0.00874792770825613 -999 0.983712330932506
  2 20 3 5 100 0.00300763784996982 -999 -999 -999 -999 0 0.0124262683914299 0.00265865283016561 -999 0.0179597076126925 -999 0.963947733315742
  2 21 3 3 100 1.45142165699136e-05 -999 -999 -999 -999 0 6.6313928423286e-05 1.22468470332653e-05 -999 0.000105636925525356 -999 0.999801288082448
  2 21 3 4 100 0.00111259926662465 -999 -999 -999 -999 0 0.00497892130344243 0.000905100309249779 -999 0.00816878643244705 -999 0.984834592688236
  2 21 3 5 100 0.00232074462318702 -999 -999 -999 -999 0 0.0101387165788416 0.00181214052349644 -999 0.0171460484382357 -999 0.968582349836239
  2 22 3 3 100 2.79350102714425e-05 -999 -999 -999 -999 0 4.7728251504568e-05 2.79056458706576e-05 -999 0.000140598196978193 -999 0.999755832895375
  2 22 3 4 100 0.0019906198869486 -999 -999 -999 -999 0 0.00481137461350535 0.00195681989736455 -999 0.010156233345616 -999 0.981084952256565
  2 22 3 5 100 0.00412616120712181 -999 -999 -999 -999 0 0.0131628341386204 0.00398632990923973 -999 0.0213641038435192 -999 0.957360570901499
  2 23 3 3 100 1.56826970958032e-05 -999 -999 -999 -999 0 2.25730528796249e-05 8.3413531561311e-06 -999 0.000115812669488374 -999 0.99983759022738
  2 23 3 4 100 0.00107866168860854 -999 -999 -999 -999 0 0.00208748511798303 0.000555239243220776 -999 0.00803486197664655 -999 0.988243751973541
  2 23 3 5 100 0.0022598806365834 -999 -999 -999 -999 0 0.00569773639514085 0.00112021605342574 -999 0.0169704381232104 -999 0.97395172879164
  2 24 3 3 100 1.88941394212466e-05 -999 -999 -999 -999 0 4.54549382270798e-05 2.97851338525235e-05 -999 0.000116813908025726 -999 0.999789051880473
  2 24 3 4 100 0.00125763059439973 -999 -999 -999 -999 0 0.00402357224136157 0.00192909634224777 -999 0.00786238000718382 -999 0.984927320814807
  2 24 3 5 100 0.00260567748983466 -999 -999 -999 -999 0 0.010795126829684 0.00387016620030266 -999 0.0164920598833478 -999 0.966236969596831
  2 25 3 3 100 2.02071598259716e-05 -999 -999 -999 -999 0 5.82141517137608e-05 1.57299987379573e-05 -999 0.000115180379312155 -999 0.99979066831041
  2 25 3 4 100 0.00132151498520363 -999 -999 -999 -999 0 0.00373835805250108 0.00100039908714418 -999 0.00759851683852806 -999 0.986341211036623
  2 25 3 5 100 0.00275104770520814 -999 -999 -999 -999 0 0.00762119580645439 0.00201257421507292 -999 0.0159727485133907 -999 0.971642433759874
  2 26 3 3 100 1.71121173236367e-05 -999 -999 -999 -999 0 4.53442227508139e-05 4.25922037231261e-05 -999 0.000113734099626458 -999 0.999781217356576
  2 26 3 4 100 0.00114142501165738 -999 -999 -999 -999 0 0.00396354387271592 0.00276430042543514 -999 0.00767798391306464 -999 0.984452746777127
  2 26 3 5 100 0.00232618358860769 -999 -999 -999 -999 0 0.0102549368440328 0.00545299490263367 -999 0.0158355986209044 -999 0.966130286043821
  2 27 3 3 100 2.34816963135168e-05 -999 -999 -999 -999 0 6.26913933566352e-05 4.64316686128279e-05 -999 0.000121103345794664 -999 0.999746291895922
  2 27 3 4 100 0.00155050954786916 -999 -999 -999 -999 0 0.00407871748303027 0.00303166344165269 -999 0.00808607290588007 -999 0.983253036621568
  2 27 3 5 100 0.00312221809595554 -999 -999 -999 -999 0 0.00806479381512985 0.00602182488642226 -999 0.016467434162959 -999 0.966323729039533
  2 28 3 3 100 1.88472056834384e-05 -999 -999 -999 -999 0 4.47774157372927e-05 5.8213463019634e-05 -999 0.000116947292170157 -999 0.99976121462339
  2 28 3 4 100 0.00130548231713392 -999 -999 -999 -999 0 0.00392389653673921 0.00393500298663665 -999 0.0081904177463817 -999 0.982645200413109
  2 28 3 5 100 0.00255050241086231 -999 -999 -999 -999 0 0.00955139987349253 0.00746857529495615 -999 0.0161894536930687 -999 0.96424006872762
  2 29 3 3 100 1.28860967150358e-05 -999 -999 -999 -999 0 4.79055356470072e-05 1.24829919983428e-05 -999 9.85517953679546e-05 -999 0.999828173580272
  2 29 3 4 100 0.00097258598759163 -999 -999 -999 -999 0 0.00354919664146535 0.000912003819021393 -999 0.00747357252959669 -999 0.987092641022325
  2 29 3 5 100 0.00192308040809404 -999 -999 -999 -999 0 0.00688067865887224 0.00173775838620049 -999 0.0148610587633613 -999 0.974597423783472
  2 30 3 3 100 2.089425983823e-05 -999 -999 -999 -999 0 4.57557908279313e-05 3.73620586293214e-05 -999 0.000111439167789924 -999 0.999784548722915
  2 30 3 4 100 0.00161075215457169 -999 -999 -999 -999 0 0.00440696949783913 0.00280328268333528 -999 0.00868924221100806 -999 0.982489753453246
  2 30 3 5 100 0.00311156676565815 -999 -999 -999 -999 0 0.0104063858551009 0.00525452201029072 -999 0.0169840388879109 -999 0.964243486481039
  2 31 3 3 100 1.57111802144025e-05 -999 -999 -999 -999 0 6.53681521802823e-05 3.30840152580513e-05 -999 9.18676423905251e-05 -999 0.999793969009957
  2 31 3 4 100 0.00129009486181745 -999 -999 -999 -999 0 0.00528106060030185 0.0026462186014805 -999 0.00759612609940978 -999 0.98318649983699
  2 31 3 5 100 0.00252436628487553 -999 -999 -999 -999 0 0.0101604250621137 0.00503322139838112 -999 0.0149760417400758 -999 0.967305945514554
  2 32 3 3 100 1.55570224777651e-05 -999 -999 -999 -999 0 9.70887062195404e-05 3.44407717015461e-05 -999 9.27106492627029e-05 -999 0.999760202850338
  2 32 3 4 100 0.0012991990182671 -999 -999 -999 -999 0 0.00801945915502355 0.00280390947321945 -999 0.0078227127238923 -999 0.980054719629598
  2 32 3 5 100 0.00254925759279966 -999 -999 -999 -999 0 0.0155721395750913 0.0053627703520187 -999 0.0155150980547024 -999 0.961000734425388
  2 33 3 3 100 1.55021725698635e-05 -999 -999 -999 -999 0 4.63097241626318e-05 1.80236304504307e-05 -999 9.82384103068818e-05 -999 0.99982192606251
  2 33 3 4 100 0.00132063962576317 -999 -999 -999 -999 0 0.0038881601281073 0.00148835819468969 -999 0.00844129173236354 -999 0.984861550319076
  2 33 3 5 100 0.00262086224793017 -999 -999 -999 -999 0 0.00759730287095152 0.00286273528193903 -999 0.0168975176289431 -999 0.970021581970236
  2 34 3 3 100 1.46048250093181e-05 -999 -999 -999 -999 0 9.72797798686409e-05 2.82552168576973e-05 -999 8.46190775184045e-05 -999 0.999775241100746
  2 34 3 4 100 0.00127817390521189 -999 -999 -999 -999 0 0.00838366885630472 0.00240309183891047 -999 0.00747593821234696 -999 0.980459127187226
  2 34 3 5 100 0.00256675784132662 -999 -999 -999 -999 0 0.0165890242366896 0.0046861852553324 -999 0.015136774912218 -999 0.961021257754433
  2 35 3 3 100 1.96095299311507e-05 -999 -999 -999 -999 0 4.99002068485773e-05 2.88194373385252e-05 -999 0.000106384196809545 -999 0.999795286629072
  2 35 3 4 100 0.00168276372797198 -999 -999 -999 -999 0 0.00419182025889491 0.0024333988719048 -999 0.00920658518719653 -999 0.982485431954032
  2 35 3 5 100 0.0034303165482058 -999 -999 -999 -999 0 0.00835046406115632 0.00487923759313001 -999 0.0189101630960145 -999 0.964429818701493
  2 36 3 3 100 1.60798362962738e-05 -999 -999 -999 -999 0 0.000101708460981063 3.26072122945997e-05 -999 9.92467729431092e-05 -999 0.999750357717485
  2 36 3 4 100 0.00132886518242613 -999 -999 -999 -999 0 0.0082887078707423 0.00262693793390449 -999 0.00826978291108135 -999 0.979485706101846
  2 36 3 5 100 0.00268722852630214 -999 -999 -999 -999 0 0.0165216048151881 0.00517625491638115 -999 0.0168710524786114 -999 0.958743859263517
  2 37 3 3 100 1.20597774583535e-05 -999 -999 -999 -999 0 4.28792029483076e-05 1.31070701690166e-05 -999 8.67600410935526e-05 -999 0.999845193908331
  2 37 3 4 100 0.00103146153896224 -999 -999 -999 -999 0 0.00359178122356817 0.00108215663179535 -999 0.00746395726281968 -999 0.986830643342855
  2 37 3 5 100 0.00211325423779028 -999 -999 -999 -999 0 0.00719847121233635 0.0021355932418192 -999 0.0153823925320429 -999 0.973170288776011
  2 38 3 3 100 1.91648618877877e-05 -999 -999 -999 -999 0 0.000106218678311896 4.00321050235042e-05 -999 0.000104975916912943 -999 0.999729608437864
  2 38 3 4 100 0.00154814907019561 -999 -999 -999 -999 0 0.00846679968004059 0.00314358484340647 -999 0.00857486748554078 -999 0.978266598920817
  2 38 3 5 100 0.0031503132772202 -999 -999 -999 -999 0 0.0169855983445182 0.00621120670394126 -999 0.0176469576446344 -999 0.956005924029686
  2 39 3 3 100 1.23951407317535e-05 -999 -999 -999 -999 0 1.8657818355754e-05 1.9689082096258e-05 -999 8.58049910247857e-05 -999 0.999863452967791
  2 39 3 4 100 0.0010274731927309 -999 -999 -999 -999 0 0.00205153877644157 0.00157895326944429 -999 0.00718604750957722 -999 0.988155987251806
  2 39 3 5 100 0.00212369192246643 -999 -999 -999 -999 0 0.00532649599155586 0.0031467505457062 -999 0.0150053304875573 -999 0.974397731052714
  2 40 3 3 100 2.47778224068742e-05 -999 -999 -999 -999 0 4.52957384780037e-05 8.11240266968718e-05 -999 0.000109011126590487 -999 0.999739791285828
  2 40 3 4 100 0.00189612790632683 -999 -999 -999 -999 0 0.00457771652452683 0.00608620823295267 -999 0.00844517889930973 -999 0.978994768436884
  2 40 3 5 100 0.00382363195387795 -999 -999 -999 -999 0 0.0116909816182668 0.012012996461563 -999 0.0172622701533074 -999 0.955210119812985
  2 41 3 3 100 1.83127326105727e-05 -999 -999 -999 -999 0 2.34939226094223e-05 3.66776047911729e-05 -999 0.000113723633877482 -999 0.999807792106111
  2 41 3 4 100 0.00133924296696658 -999 -999 -999 -999 0 0.0022683445150706 0.00260652897132171 -999 0.00841840189446488 -999 0.985367481652176
  2 41 3 5 100 0.00262682435328807 -999 -999 -999 -999 0 0.00562510145260688 0.0049578383249161 -999 0.016729419094063 -999 0.970060816775126
  2 42 3 3 100 1.99107343822237e-05 -999 -999 -999 -999 0 9.97850608181567e-05 3.22968810809973e-05 -999 0.000123636851861535 -999 0.999724370471857
  2 42 3 4 100 0.001420594296606 -999 -999 -999 -999 0 0.00700375087331195 0.00224252922671725 -999 0.0088648572271105 -999 0.980468268376254
  2 42 3 5 100 0.00269238910476461 -999 -999 -999 -999 0 0.0130405728602772 0.00413071838451258 -999 0.0168886029077757 -999 0.96324771674267
  2 43 3 3 100 2.81463739093993e-05 -999 -999 -999 -999 0 8.79768508162356e-05 7.25428444233987e-05 -999 0.00014940094658426 -999 0.999661932984267
  2 43 3 4 100 0.00196341420076033 -999 -999 -999 -999 0 0.00604044190085259 0.00492322853187599 -999 0.0104971863583719 -999 0.976575729008139
  2 43 3 5 100 0.00359897559703923 -999 -999 -999 -999 0 0.0108914187056045 0.00875687087700641 -999 0.0194238144736935 -999 0.957328920346656
  2 44 3 3 100 2.88164292593199e-05 -999 -999 -999 -999 0 0.000114415768340939 9.50490449467543e-05 -999 0.000146707412824602 -999 0.999615011344628
  2 44 3 4 100 0.00207752977820651 -999 -999 -999 -999 0 0.00814416837193606 0.00671343969929658 -999 0.010640302332046 -999 0.972424559818515
  2 44 3 5 100 0.00371968020609056 -999 -999 -999 -999 0 0.0143907328682337 0.0117577106691216 -999 0.0191809324702073 -999 0.950950943786347
  2 45 3 3 100 2.46161380005008e-05 -999 -999 -999 -999 0 8.58501381576428e-05 9.58782881765183e-05 -999 0.000137902123358201 -999 0.999655753312307
  2 45 3 4 100 0.00182081146570066 -999 -999 -999 -999 0 0.00625364024538836 0.00689128298932754 -999 0.0102599796318847 -999 0.974774285667699
  2 45 3 5 100 0.00324337092438688 -999 -999 -999 -999 0 0.010963570920358 0.0119136517377496 -999 0.0183818176435584 -999 0.955497588773947
  2 46 3 3 100 3.21781759595779e-05 -999 -999 -999 -999 0 0.00011646740376312 8.7939617092978e-05 -999 0.000166117634384763 -999 0.9995972971688
  2 46 3 4 100 0.00239347537556651 -999 -999 -999 -999 0 0.00857936621154142 0.0063665501830398 -999 0.0124704843239265 -999 0.970190123905926
  2 46 3 5 100 0.0041593389653388 -999 -999 -999 -999 0 0.0147590350829625 0.0107578727611683 -999 0.0218711155659504 -999 0.94845263762458
  2 47 3 3 100 2.26858139401913e-05 -999 -999 -999 -999 0 7.25597486526225e-05 4.05587818775392e-05 -999 0.000123400102234834 -999 0.999740795553295
  2 47 3 4 100 0.00178007059407987 -999 -999 -999 -999 0 0.00559802766761025 0.00308684442392239 -999 0.00975709553271597 -999 0.979777961781672
  2 47 3 5 100 0.00310846124794083 -999 -999 -999 -999 0 0.00962740305570167 0.00523412325441907 -999 0.0171691534451597 -999 0.964860858996779
  2 48 3 3 100 3.9677652268533e-05 -999 -999 -999 -999 0 5.35227977921202e-05 8.18665657184812e-05 -999 0.000172095920854328 -999 0.999652837063366
  2 48 3 4 100 0.00309085469683673 -999 -999 -999 -999 0 0.00524462608018958 0.00624347961857503 -999 0.0135288014531873 -999 0.971892238151211
  2 48 3 5 100 0.00537266989732598 -999 -999 -999 -999 0 0.0110021513185979 0.0106426120090708 -999 0.0237176785939897 -999 0.949264888181016
  2 49 3 3 100 2.27223252459312e-05 -999 -999 -999 -999 0 6.10452557014754e-05 7.04423004583282e-05 -999 0.000135811945389158 -999 0.999709978173205
  2 49 3 4 100 0.00185177202863635 -999 -999 -999 -999 0 0.00490064397616241 0.00556275438046412 -999 0.0111707755264324 -999 0.976514054088305
  2 49 3 5 100 0.00324815391526391 -999 -999 -999 -999 0 0.0084760390442987 0.0094710939706955 -999 0.0197547815200768 -999 0.959049931549665
  2 50 3 3 100 2.80262351779934e-05 -999 -999 -999 -999 0 0.000124382485313926 8.46496488336372e-05 -999 0.000140765639966269 -999 0.999622175990708
  2 50 3 4 100 0.00227142626803984 -999 -999 -999 -999 0 0.00995609059844993 0.00671443948581769 -999 0.0115202042719307 -999 0.969537839375762
  2 50 3 5 100 0.00397899969156381 -999 -999 -999 -999 0 0.0172474961202199 0.0115327409996978 -999 0.0203534093215024 -999 0.946887353867016
  2 51 3 3 100 3.03433921282387e-05 -999 -999 -999 -999 0 6.24071852016682e-05 8.55941285131064e-05 -999 0.000157184980842436 -999 0.999664470313315
  2 51 3 4 100 0.00238192717065424 -999 -999 -999 -999 0 0.00481467090765334 0.00648599371267717 -999 0.0124552630137475 -999 0.973862145195268
  2 51 3 5 100 0.00421419246800823 -999 -999 -999 -999 0 0.00837098912951518 0.0110884085013851 -999 0.0221784417179883 -999 0.954147968183103
  2 52 3 3 100 2.62664436418323e-05 -999 -999 -999 -999 0 4.92699396586041e-05 0.000106224691632734 -999 0.000150590116476089 -999 0.999667648808591
  2 52 3 4 100 0.00203787376291998 -999 -999 -999 -999 0 0.00507287564960607 0.00799013600177897 -999 0.0118469655727978 -999 0.973052149012897
  2 52 3 5 100 0.00358006530090907 -999 -999 -999 -999 0 0.01107477625911 0.0136284283217463 -999 0.0210760883369774 -999 0.950640641781257
  2 53 3 3 100 2.06305197713723e-05 -999 -999 -999 -999 0 6.04366109397633e-05 7.8854152271606e-05 -999 0.000129961773505743 -999 0.999710116943512
  2 53 3 4 100 0.00166354060066558 -999 -999 -999 -999 0 0.00476094322644801 0.00611231784619913 -999 0.0105314292511495 -999 0.976931769075538
  2 53 3 5 100 0.00301582090266586 -999 -999 -999 -999 0 0.00844609627567793 0.0106860833973199 -999 0.0191785162815125 -999 0.958673483142824
  2 54 3 3 100 3.40797895784424e-05 -999 -999 -999 -999 0 7.69393022757058e-05 0.000148018199993477 -999 0.000163707833332327 -999 0.99957725487482
  2 54 3 4 100 0.00259165280559903 -999 -999 -999 -999 0 0.0057398485492272 0.0109954844374172 -999 0.0125593426956396 -999 0.968113671512117
  2 54 3 5 100 0.00465193809257484 -999 -999 -999 -999 0 0.0101413153966722 0.019324234225231 -999 0.0227374030753716 -999 0.94314510921015
  2 55 3 3 100 2.85958856089574e-05 -999 -999 -999 -999 0 0.000117212590785872 0.000181304492612769 -999 0.000148616167836856 -999 0.999524270863156
  2 55 3 4 100 0.00212414571326794 -999 -999 -999 -999 0 0.0085968148857145 0.0130261226017637 -999 0.0111447469601335 -999 0.96510816983912
  2 55 3 5 100 0.00379624123866636 -999 -999 -999 -999 0 0.0151850735705431 0.022543574055317 -999 0.0201015673487045 -999 0.938373543786769
  2 56 3 3 100 2.56355731305927e-05 -999 -999 -999 -999 0 7.31117289429676e-05 6.72037353686507e-05 -999 0.000155581473975098 -999 0.999678467488583
  2 56 3 4 100 0.00186782560743714 -999 -999 -999 -999 0 0.00524014098817251 0.00471072012945175 -999 0.0114249742304684 -999 0.97675633904447
  2 56 3 5 100 0.00336386125805362 -999 -999 -999 -999 0 0.00931024042077845 0.00819129342690842 -999 0.0207582216675087 -999 0.958376383226751
  2 57 3 3 100 3.42925171958382e-05 -999 -999 -999 -999 0 0.000117253827818147 0.000119806582889961 -999 0.000178926296911149 -999 0.999549720775185
  2 57 3 4 100 0.00241505740471945 -999 -999 -999 -999 0 0.00814777537642703 0.00814857697487909 -999 0.0127313597126158 -999 0.968557230531359
  2 57 3 5 100 0.00428529922732668 -999 -999 -999 -999 0 0.0142846310173468 0.0139785968443727 -999 0.0228377809094145 -999 0.944613692001539
  2 58 3 3 100 2.4794998483071e-05 -999 -999 -999 -999 0 8.30120812845538e-05 0.000120646938998859 -999 0.000162364622762748 -999 0.999609181358471
  2 58 3 4 100 0.00176688319129728 -999 -999 -999 -999 0 0.00581729406297248 0.00830209546527647 -999 0.0116655953222931 -999 0.972448131958161
  2 58 3 5 100 0.00315017513155971 -999 -999 -999 -999 0 0.0101932904881089 0.0143117049410512 -999 0.0209499745015699 -999 0.95139485493771
  2 59 3 3 100 3.51465604583541e-05 -999 -999 -999 -999 0 9.0267133285355e-05 6.978469150982e-05 -999 0.000171042125472282 -999 0.999633759489274
  2 59 3 4 100 0.00244922571721897 -999 -999 -999 -999 0 0.00617565285343922 0.00469467337405639 -999 0.0120226393733886 -999 0.974657808681897
  2 59 3 5 100 0.00437310031440263 -999 -999 -999 -999 0 0.0108333368450487 0.00809749261420756 -999 0.0216589544072881 -999 0.955037115819053
  2 60 3 3 100 2.70954462947374e-05 -999 -999 -999 -999 0 0.000112029540345483 7.41793429295301e-05 -999 0.000162193069749383 -999 0.999624502600681
  2 60 3 4 100 0.0019146949542321 -999 -999 -999 -999 0 0.00778920392911714 0.00505617596941456 -999 0.0115468468964951 -999 0.973693078250741
  2 60 3 5 100 0.00339979332116951 -999 -999 -999 -999 0 0.0136100716394638 0.00865771702256448 -999 0.0206394039596874 -999 0.953693014057115
  2 61 3 3 100 3.1257602143469e-05 -999 -999 -999 -999 0 8.63923513738217e-05 0.000168617132481621 -999 0.000168886198174214 -999 0.999544846715827
  2 61 3 4 100 0.00219368181601897 -999 -999 -999 -999 0 0.00595547312877959 0.0115235497980338 -999 0.011926922306832 -999 0.968400372950336
  2 61 3 5 100 0.00392670299893704 -999 -999 -999 -999 0 0.0104732459986375 0.0200701534340655 -999 0.021457096899508 -999 0.944072800668852
  2 62 3 3 100 3.50471814233817e-05 -999 -999 -999 -999 0 0.000111823989245149 6.20519552243048e-05 -999 0.000189742283276524 -999 0.999601334590831
  2 62 3 4 100 0.00244155201155557 -999 -999 -999 -999 0 0.00765514033315463 0.00416110176039733 -999 0.0133123176806481 -999 0.972429888214244
  2 62 3 5 100 0.00435142379744394 -999 -999 -999 -999 0 0.0133844452584813 0.00712316956547398 -999 0.0238098446203396 -999 0.951331116758261
  2 63 3 3 100 2.46866740576993e-05 -999 -999 -999 -999 0 7.09022629554878e-05 0.000111295936292181 -999 0.000155848686434926 -999 0.99963726644026
  2 63 3 4 100 0.00179386293754174 -999 -999 -999 -999 0 0.00508169974564745 0.0078455813960223 -999 0.0114139933752661 -999 0.973864862545522
  2 63 3 5 100 0.00318659084242636 -999 -999 -999 -999 0 0.00892351144572515 0.0135609502963069 -999 0.0204711528415967 -999 0.953857794573945
  2 64 3 3 100 2.61757942156103e-05 -999 -999 -999 -999 0 0.000104615016087014 0.000106355129278072 -999 0.000152436430593368 -999 0.999610417629826
  2 64 3 4 100 0.00190757968363015 -999 -999 -999 -999 0 0.00749485834135212 0.00751791474314817 -999 0.0111997171229819 -999 0.971879930108888
  2 64 3 5 100 0.00338901466420527 -999 -999 -999 -999 0 0.0130825292377939 0.0129397513524798 -999 0.0200332294570949 -999 0.950555475288426
  2 65 3 3 100 3.49280933640296e-05 -999 -999 -999 -999 0 7.02216205835001e-05 0.000168482979849206 -999 0.000181163325146549 -999 0.999545203981057
  2 65 3 4 100 0.00252458377674443 -999 -999 -999 -999 0 0.00498640038812389 0.0119567737927356 -999 0.0132003825466055 -999 0.967331859495791
  2 65 3 5 100 0.00445973802078607 -999 -999 -999 -999 0 0.00865339058020557 0.0207384464145067 -999 0.0234974576908213 -999 0.94265096729368
  2 66 3 3 100 2.65104317070349e-05 -999 -999 -999 -999 0 0.000126343311829343 0.000115374512469627 -999 0.000150011018899156 -999 0.999581760725095
  2 66 3 4 100 0.00196182554193904 -999 -999 -999 -999 0 0.00922485853067681 0.00829516150748539 -999 0.0111951336657655 -999 0.969323020754133
  2 66 3 5 100 0.00349280453363476 -999 -999 -999 -999 0 0.0162226866282543 0.0143522000965274 -999 0.0201244047726395 -999 0.945807903968944
  2 67 3 3 100 2.28833311178828e-05 -999 -999 -999 -999 0 6.18343693123237e-05 0.000134500539241997 -999 0.000144766769494373 -999 0.999636014990833
  2 67 3 4 100 0.00178377115079868 -999 -999 -999 -999 0 0.0047378811389357 0.0101149953288516 -999 0.0113705089385762 -999 0.971992843442838
  2 67 3 5 100 0.00324314255435611 -999 -999 -999 -999 0 0.00848147023945957 0.0177529540807215 -999 0.0207976015342358 -999 0.949724831591227
  2 68 3 3 100 3.1557672949109e-05 -999 -999 -999 -999 0 5.93238608459132e-05 4.77271916464114e-05 -999 0.000156676178682251 -999 0.999704715095876
  2 68 3 4 100 0.00237928156709177 -999 -999 -999 -999 0 0.00589064953450772 0.00346692771407988 -999 0.0119534742698707 -999 0.97630966691445
  2 68 3 5 100 0.00428988481645835 -999 -999 -999 -999 0 0.013192091664553 0.00602844097453488 -999 0.0217832570284317 -999 0.954706325516022
  2 69 3 3 100 2.0332046027207e-05 -999 -999 -999 -999 0 2.76769507167889e-05 5.967816363452e-05 -999 0.000124910931868214 -999 0.999767401907753
  2 69 3 4 100 0.0015863799495621 -999 -999 -999 -999 0 0.00284982687395777 0.00447780495055778 -999 0.00985278991468973 -999 0.981233198311233
  2 69 3 5 100 0.00291184193887832 -999 -999 -999 -999 0 0.00649249363612429 0.00791525773740276 -999 0.0182676843755413 -999 0.964412722312053
  2 70 3 3 100 2.28957371947552e-05 -999 -999 -999 -999 0 0.00011142340161385 6.51238148682955e-05 -999 0.000128769794726253 -999 0.999671787251597
  2 70 3 4 100 0.00179144437731841 -999 -999 -999 -999 0 0.00855019591245172 0.00490036925459977 -999 0.0101288113645141 -999 0.974629179091116
  2 70 3 5 100 0.00330567475315926 -999 -999 -999 -999 0 0.0154792027629705 0.00870391846723326 -999 0.0187656794745514 -999 0.953745524542086
  2 71 3 3 100 2.99798074892686e-05 -999 -999 -999 -999 0 6.57190408353282e-05 9.02488856115028e-05 -999 0.000152747692158004 -999 0.999661304573906
  2 71 3 4 100 0.00231164313290727 -999 -999 -999 -999 0 0.00498266911184241 0.00679628134815553 -999 0.0118917041930842 -999 0.974017702214011
  2 71 3 5 100 0.00423259808860331 -999 -999 -999 -999 0 0.00899533135038002 0.0121960326852067 -999 0.0220246736768841 -999 0.952551364198926
  2 72 3 3 100 2.07044201869497e-05 -999 -999 -999 -999 0 8.07293198151907e-05 5.66401974696324e-05 -999 0.000129615584390521 -999 0.999712310478138
  2 72 3 4 100 0.00160994895770997 -999 -999 -999 -999 0 0.00616894891450341 0.00424965810288502 -999 0.010165550076285 -999 0.977805893948617
  2 72 3 5 100 0.00298304537619943 -999 -999 -999 -999 0 0.0112438201042555 0.00760246435629363 -999 0.0189712762893963 -999 0.959199393873855
  2 73 3 3 100 3.32658392949953e-05 -999 -999 -999 -999 0 9.45674120789082e-05 0.000110436449553985 -999 0.000154183828486302 -999 0.999607546470586
  2 73 3 4 100 0.00252856178059395 -999 -999 -999 -999 0 0.00706043244388227 0.00817113070985366 -999 0.0118230077900566 -999 0.970416867275613
  2 73 3 5 100 0.00465656677213751 -999 -999 -999 -999 0 0.0127929354750229 0.0146752544125944 -999 0.0219555122153038 -999 0.945919731124941
  2 74 3 3 100 2.0730867662687e-05 -999 -999 -999 -999 0 8.05080690306727e-05 6.7258555395668e-05 -999 0.000137112755919843 -999 0.999694389751991
  2 74 3 4 100 0.00158837024756771 -999 -999 -999 -999 0 0.00608502321036526 0.00500556245566931 -999 0.0105952207120811 -999 0.976725823374317
  2 74 3 5 100 0.00292768671542962 -999 -999 -999 -999 0 0.0110903367025584 0.0089695107787288 -999 0.0197213672341187 -999 0.957291098569165
  2 75 3 3 100 2.00447369619481e-05 -999 -999 -999 -999 0 7.48992550765995e-05 9.94056054097928e-05 -999 0.0001194132802416 -999 0.99968623712231
  2 75 3 4 100 0.00156889195626316 -999 -999 -999 -999 0 0.00576400225426793 0.00754342233307996 -999 0.00943324615878368 -999 0.975690437297605
  2 75 3 5 100 0.00290903080940118 -999 -999 -999 -999 0 0.0105045280873283 0.0135550494313472 -999 0.0176372441492218 -999 0.955394147522701
  2 76 3 3 100 2.37849105867141e-05 -999 -999 -999 -999 0 6.96517200389816e-05 6.30302336441588e-05 -999 0.000138827216686826 -999 0.999704705919043
  2 76 3 4 100 0.00191915877638157 -999 -999 -999 -999 0 0.00550494781773248 0.00489694043050827 -999 0.0112672148341904 -999 0.976411738141187
  2 76 3 5 100 0.00357842060176208 -999 -999 -999 -999 0 0.0100510935392337 0.00877797387220519 -999 0.0210974165742743 -999 0.956495095412525
  2 77 3 3 100 1.89729777181914e-05 -999 -999 -999 -999 0 6.23362938333361e-05 0.000145183141455609 -999 0.00011809485937521 -999 0.999655412727618
  2 77 3 4 100 0.00152982453897437 -999 -999 -999 -999 0 0.00493790777892127 0.0113494941169456 -999 0.0095949215854016 -999 0.972587851979757
  2 77 3 5 100 0.00283118191958785 -999 -999 -999 -999 0 0.00898919601801683 0.0203718180209172 -999 0.0179035533283522 -999 0.949904250713126
  2 78 3 3 100 2.03816992495221e-05 -999 -999 -999 -999 0 8.29809306147842e-05 0.000167635530155129 -999 0.000120431614826309 -999 0.999608570225154
  2 78 3 4 100 0.00167277239756215 -999 -999 -999 -999 0 0.00670431854062408 0.0134342657639257 -999 0.00997498772392801 -999 0.96821365557396
  2 78 3 5 100 0.00311418613074533 -999 -999 -999 -999 0 0.0122993926989854 0.0244306852440679 -999 0.0187168223198401 -999 0.941438913606361
  2 79 3 3 100 2.45768357344629e-05 -999 -999 -999 -999 0 7.04991412050805e-05 0.00014524038405846 -999 0.000137079991154697 -999 0.999622603647847
  2 79 3 4 100 0.0019701530568325 -999 -999 -999 -999 0 0.00554797442535824 0.0112525025125493 -999 0.0110897406183235 -999 0.970139629386937
  2 79 3 5 100 0.0036219024449384 -999 -999 -999 -999 0 0.0100087161451118 0.0199905714096004 -999 0.0205422678991654 -999 0.945836542101184
  2 80 3 3 100 1.74396633051152e-05 -999 -999 -999 -999 0 6.10642021726622e-05 6.71067556296352e-05 -999 0.000116418967450223 -999 0.999737970411442
  2 80 3 4 100 0.00143446751059766 -999 -999 -999 -999 0 0.00493449507635141 0.00528239740889719 -999 0.00964846018237315 -999 0.978700179821781
  2 80 3 5 100 0.00267320894025719 -999 -999 -999 -999 0 0.0090422311841988 0.00943263003422778 -999 0.0181064424438696 -999 0.960745487397447
  2 1 4 2 100 -999 0.00571099501338914 -999 7.71120216620217e-09 0.000103984667717357 -999 -999 0.00568654669213575 -999 -999 -999 0.988498465915556
  2 1 4 3 100 -999 0.00515204311121568 -999 2.27069028451288e-06 0.0188751997070728 -999 0.000688184621741029 0.0611673210176371 -999 -999 -999 0.914114980852049
  2 1 4 4 100 -999 0.00183199871737863 -999 4.36006682258307e-06 0.0348508037386096 -999 0.00307724753694696 0.0826267947262137 -999 -999 -999 0.877608795214028
  2 1 4 5 100 -999 0.00148138919800795 -999 5.19619465154826e-06 0.0375619635096205 -999 0.00443294990483647 0.0841390046815358 -999 -999 -999 0.872379496511348
  2 2 4 1 100 -999 0.00498792899549909 -999 -999 9.5298179389191e-05 -999 -999 0.0062544229561684 -999 -999 -999 0.988662349868943
  2 2 4 2 100 -999 0.00502659368467606 -999 4.30859766507166e-08 9.89675452695029e-05 -999 -999 0.00653084088834121 -999 -999 -999 0.988343554795737
  2 2 4 3 100 -999 0.00553550075491572 -999 7.1437441122459e-06 0.0245109800308014 -999 0.000675891704409589 0.0663273933397045 -999 -999 -999 0.902943090426057
  2 2 4 4 100 -999 0.0030591702099372 -999 1.1064537859299e-05 0.0437914149606534 -999 0.00329040275779276 0.0900120287114928 -999 -999 -999 0.859835918822265
  2 2 4 5 100 -999 0.00278450142450929 -999 1.23258393754089e-05 0.0472755030776427 -999 0.00500013078144246 0.0923217471889889 -999 -999 -999 0.852605791688041
  2 3 4 2 100 -999 0.00424907858666333 -999 6.00865113231628e-10 0.0001225784444517 -999 -999 0.0070736243896841 -999 -999 -999 0.988554717978336
  2 3 4 3 100 -999 0.00447907926949126 -999 8.89985918120151e-06 0.0165216741294167 -999 0.000663094058546289 0.0469004567851879 -999 -999 -999 0.931426795898177
  2 3 4 4 100 -999 0.00165777136577976 -999 1.9312348415545e-05 0.0390125049295539 -999 0.00381042977333499 0.070608654289011 -999 -999 -999 0.884891327293905
  2 3 4 5 100 -999 0.00145097400358119 -999 2.03010986500594e-05 0.0418461998302943 -999 0.00534070821449158 0.0719502221343577 -999 -999 -999 0.879391594718625
  2 4 4 2 100 -999 0.00377881553837378 -999 4.81004129101156e-09 0.000145250462154536 -999 -999 0.015090986006071 -999 -999 -999 0.980984943183359
  2 4 4 3 100 -999 0.00432943794550269 -999 5.0884562809001e-06 0.00670256249460051 -999 0.000228553236692195 0.0262411069132452 -999 -999 -999 0.962493250953679
  2 4 4 4 100 -999 0.00112891200310497 -999 2.85356497022894e-05 0.0383019077433143 -999 0.0032353175876205 0.0544520579719954 -999 -999 -999 0.902853269044263
  2 4 4 5 100 -999 0.0010407244756745 -999 3.0992538941928e-05 0.0402855061245195 -999 0.00435664031703799 0.0549153953521342 -999 -999 -999 0.899370741191692
  2 5 4 2 100 -999 0.00449376705250951 -999 1.92944904399441e-08 0.000165330830561586 -999 -999 0.0114289411434241 -999 -999 -999 0.983911941679014
  2 5 4 3 100 -999 0.006167360432714 -999 2.74988116603899e-06 0.00444705762544076 -999 0.000148971115211365 0.0172668158978189 -999 -999 -999 0.971967045047649
  2 5 4 4 100 -999 0.00121226700254873 -999 3.60490358576023e-05 0.0402115153378886 -999 0.00359444147658611 0.0129994763505027 -999 -999 -999 0.941946250796616
  2 5 4 5 100 -999 0.00100717058659552 -999 4.62061551179803e-05 0.0438280872828193 -999 0.00502229814368825 0.012576991516943 -999 -999 -999 0.937519246314836
  2 6 4 2 100 -999 0.00359955073108991 -999 2.15592334402349e-08 0.000129598273942609 -999 -999 0.0119059201338869 -999 -999 -999 0.984364909301847
  2 6 4 3 100 -999 0.00528359633522276 -999 2.01379934380221e-06 0.00325520030663984 -999 8.26434023674351e-05 0.0163964142277686 -999 -999 -999 0.974980131928658
  2 6 4 4 100 -999 0.00207217015808553 -999 1.83364337143389e-05 0.0269771928490744 -999 0.00231273239286817 0.010721534422913 -999 -999 -999 0.957898033743344
  2 6 4 5 100 -999 0.001157676988853 -999 3.33144955253965e-05 0.0344253506347252 -999 0.00402412977117697 0.00882967765422489 -999 -999 -999 0.951529850455495
  2 7 4 2 100 -999 0.00877753812215549 -999 1.36189109234056e-08 0.000134566707170371 -999 -999 0.0129578892101199 -999 -999 -999 0.978129992341643
  2 7 4 3 100 -999 0.012151327589821 -999 2.20670270193346e-06 0.00492208141163629 -999 7.31990328391996e-05 0.0198400318175396 -999 -999 -999 0.963011153445462
  2 7 4 4 100 -999 0.00646985382306459 -999 7.74574459852648e-06 0.0220773719577484 -999 0.00149671612923233 0.0186771735177677 -999 -999 -999 0.951271138827588
  2 7 4 5 100 -999 0.00207783802139167 -999 1.53573624046639e-05 0.035390796397881 -999 0.00347116909210066 0.01695870026982 -999 -999 -999 0.942086138856402
  2 8 4 2 100 -999 0.00745364936375164 -999 4.24458262543646e-08 0.00016451863757476 -999 -999 0.0164106477377199 -999 -999 -999 0.975971141815127
  2 8 4 3 100 -999 0.00945304598700296 -999 3.00765165317967e-06 0.0142558569208349 -999 5.99680672777638e-05 0.0283681174478084 -999 -999 -999 0.947860003925423
  2 8 4 4 100 -999 0.0056447453835455 -999 7.71901381617161e-06 0.032301359058036 -999 0.00130896718731896 0.0279333908988437 -999 -999 -999 0.93280381845844
  2 8 4 5 100 -999 0.00268103734799352 -999 1.81472669649679e-05 0.0474146493072452 -999 0.00451662822365659 0.0265347294676158 -999 -999 -999 0.918834808386524
  2 9 4 2 100 -999 0.00190703695950864 -999 3.7755656476402e-09 0.000142705853733658 -999 -999 0.0198714546611676 -999 -999 -999 0.978078798750024
  2 9 4 3 100 -999 0.00179162234692825 -999 2.10151601884169e-06 0.0148913123924646 -999 6.14182717766499e-05 0.0232751942135984 -999 -999 -999 0.959978351259213
  2 9 4 4 100 -999 0.00110682575813004 -999 4.61313633826559e-06 0.026721781131232 -999 0.000854888102635336 0.0204275964400709 -999 -999 -999 0.950884295431593
  2 9 4 5 100 -999 0.000742815112397229 -999 9.69924538415322e-06 0.0334506685390338 -999 0.00300024341179214 0.0179682757848954 -999 -999 -999 0.944828297906497
  2 10 4 2 100 -999 0.00604348978039681 -999 2.26431395294962e-09 0.000147547940406339 -999 -999 0.019847427523515 -999 -999 -999 0.973961532491368
  2 10 4 3 100 -999 0.00542565927688721 -999 1.33658237800102e-06 0.0175435877816332 -999 7.04782423475018e-05 0.0225940865137769 -999 -999 -999 0.954364851602977
  2 10 4 4 100 -999 0.00262582697938976 -999 3.21712779885317e-06 0.0298845346981236 -999 0.000770532498650463 0.0165365097716225 -999 -999 -999 0.950179378924415
  2 10 4 5 100 -999 0.00143238412751661 -999 8.54969862242758e-06 0.0371029531548576 -999 0.00294334128297556 0.0133405887579355 -999 -999 -999 0.945172182978092
  2 11 4 2 100 -999 0.00506307402921215 -999 2.11084718485976e-09 0.000166334187068092 -999 -999 0.0317982110980242 -999 -999 -999 0.962972378574848
  2 11 4 3 100 -999 0.00443335208509813 -999 1.48364858869986e-06 0.0241430886478792 -999 6.11459487429785e-05 0.0354367822121084 -999 -999 -999 0.935924147457583
  2 11 4 4 100 -999 0.00236800307311896 -999 3.01557658462825e-06 0.038936204345951 -999 0.000703064418341998 0.03044916821989 -999 -999 -999 0.927540544366114
  2 11 4 5 100 -999 0.00161215139993234 -999 7.44415290743861e-06 0.0476097147588573 -999 0.00334632294886215 0.0278387228039043 -999 -999 -999 0.919585643935536
  2 12 4 1 100 -999 0.00492367042034246 -999 -999 8.37985060663767e-05 -999 -999 0.000561874692756213 -999 -999 -999 0.994430656380835
  2 12 4 2 100 -999 0.00492553075917451 -999 3.41084099486419e-09 8.39827373091939e-05 -999 -999 0.000584255756864207 -999 -999 -999 0.994406227335811
  2 12 4 3 100 -999 0.00352633911643619 -999 6.57758087953597e-06 0.0193534835012404 -999 8.00546223077462e-05 0.0282171006484519 -999 -999 -999 0.948816444530684
  2 12 4 4 100 -999 0.00168660717044833 -999 7.87202680498915e-06 0.0286733370971099 -999 0.000528148698726874 0.0276922649798435 -999 -999 -999 0.941411770027066
  2 12 4 5 100 -999 0.000994102628787541 -999 1.02105188772323e-05 0.0333817790750883 -999 0.00220265860391027 0.0264256032586294 -999 -999 -999 0.936985645914707
  2 13 4 2 100 -999 0.00300925828910471 -999 2.27011860022848e-10 0.000114275616155546 -999 -999 0.0045651115798222 -999 -999 -999 0.992311354287906
  2 13 4 3 100 -999 0.00266948195599227 -999 1.01513041711376e-05 0.0156401439159996 -999 0.000163124241277619 0.0188185424600731 -999 -999 -999 0.962698556122486
  2 13 4 4 100 -999 0.00118050111743179 -999 1.85363266609495e-05 0.0324042479231165 -999 0.000939154617336982 0.0221660352433458 -999 -999 -999 0.943291524772108
  2 13 4 5 100 -999 0.000879710352053735 -999 2.05276664237867e-05 0.0364340693496892 -999 0.002880208972406 0.0214502336057156 -999 -999 -999 0.938335250053712
  2 14 4 2 100 -999 0.00717409430216487 -999 -999 0.000252110104310533 -999 -999 0.0108704101318981 -999 -999 -999 0.981703385461626
  2 14 4 3 100 -999 0.00684406171918355 -999 7.19283675605083e-06 0.0101317337629769 -999 0.0005765785944954 0.0135706681717915 -999 -999 -999 0.968869764914797
  2 14 4 4 100 -999 0.00220624706366425 -999 3.07326421921331e-05 0.0419853727534589 -999 0.00374716557771735 0.0185775421356288 -999 -999 -999 0.933452939827339
  2 14 4 5 100 -999 0.00207681841139894 -999 3.41432529838288e-05 0.0448757169313853 -999 0.00498684606819471 0.0182836746238112 -999 -999 -999 0.929742800712226
  2 15 4 2 100 -999 0.00390309307652335 -999 -999 0.000169876313889035 -999 -999 0.00530093086559547 -999 -999 -999 0.990626099743992
  2 15 4 3 100 -999 0.00462258254166634 -999 1.55305464072918e-06 0.00539597193042645 -999 0.000316756840935603 0.00639163175661525 -999 -999 -999 0.983271503875716
  2 15 4 4 100 -999 0.00121964600780843 -999 1.48225607795027e-05 0.0282889960441482 -999 0.00273361274135386 0.00717831483430977 -999 -999 -999 0.9605646078116
  2 15 4 5 100 -999 0.000971310226967705 -999 2.25419867092585e-05 0.0306322392173882 -999 0.00350600381020219 0.007057809463122 -999 -999 -999 0.957810095295611
  2 16 4 2 100 -999 0.00527015954554471 -999 2.79906863883199e-08 0.000182963744496067 -999 -999 0.0066372640827007 -999 -999 -999 0.987909584636572
  2 16 4 3 100 -999 0.00836637353145362 -999 1.09273622604613e-06 0.00824554123239812 -999 0.000505481162465152 0.00998319886148157 -999 -999 -999 0.972898312475975
  2 16 4 4 100 -999 0.00326641098924173 -999 1.73973100577411e-06 0.0362968492127127 -999 0.00385749361550264 0.00866934150623573 -999 -999 -999 0.947908164945301
  2 16 4 5 100 -999 0.00155809603825855 -999 2.74464977603496e-06 0.0465207468536248 -999 0.00562287999688296 0.00812856133175213 -999 -999 -999 0.938166971129706
  2 17 4 2 100 -999 0.00268480499436893 -999 7.1569289812786e-09 0.000143611182990554 -999 -999 0.00391642569429974 -999 -999 -999 0.993255150971412
  2 17 4 3 100 -999 0.00394609187544649 -999 1.18911575963853e-06 0.00952951320099728 -999 0.00028327397878648 0.00620750368045964 -999 -999 -999 0.980032428148551
  2 17 4 4 100 -999 0.00188937148003916 -999 1.66311973408512e-06 0.0287306756311495 -999 0.00236178834609731 0.00388140274076942 -999 -999 -999 0.96313509868221
  2 17 4 5 100 -999 0.000805161913368488 -999 2.02191794871767e-06 0.0391625950011049 -999 0.00419948386782122 0.00261945609235144 -999 -999 -999 0.953211281207405
  2 18 4 2 100 -999 0.00685555775529464 -999 4.79057723204234e-09 0.000131271624005503 -999 -999 0.00583669310216441 -999 -999 -999 0.987176472727958
  2 18 4 3 100 -999 0.00635496990501297 -999 9.44851455320951e-07 0.0206682642515544 -999 0.000306080337031226 0.00612024510535834 -999 -999 -999 0.966549495549588
  2 18 4 4 100 -999 0.00392914136691747 -999 2.33380217448058e-06 0.0321958593295374 -999 0.00239378088696256 0.00440031167707436 -999 -999 -999 0.957078572937334
  2 18 4 5 100 -999 0.00300322497514728 -999 3.54616221258338e-06 0.0370680397714306 -999 0.00452011568423255 0.00368200970848976 -999 -999 -999 0.951723063698487
  2 19 4 2 100 -999 0.00361503260364193 -999 1.34874197256811e-08 0.000124337004686753 -999 -999 0.00387130701900229 -999 -999 -999 0.992389309885249
  2 19 4 3 100 -999 0.00343172420751007 -999 1.60519533440102e-06 0.0239757544966628 -999 0.000289868966499977 0.0044070614476303 -999 -999 -999 0.967893985686362
  2 19 4 4 100 -999 0.00168378222757575 -999 3.92971212493825e-06 0.0420652973985687 -999 0.0025965643292998 0.00285546234153241 -999 -999 -999 0.950794963990898
  2 19 4 5 100 -999 0.00137794634236838 -999 6.04633374851256e-06 0.0475000889713086 -999 0.00506645415973267 0.00252686431738537 -999 -999 -999 0.943522599875457
  2 20 4 2 100 -999 0.00390472870199287 -999 2.66614406593928e-10 0.000115437933541234 -999 -999 0.00486662853440468 -999 -999 -999 0.991113204563447
  2 20 4 3 100 -999 0.00407133183980358 -999 1.20442381725985e-06 0.0129862536318844 -999 -999 0.00616463470530408 -999 -999 -999 0.976776575399191
  2 20 4 4 100 -999 0.00156103718116884 -999 3.35427812489534e-06 0.0327321167594422 -999 -999 0.00425946255637256 -999 -999 -999 0.961444029224892
  2 20 4 5 100 -999 0.00134692612038993 -999 4.51118649995549e-06 0.0369034528927683 -999 -999 0.00411121675545226 -999 -999 -999 0.95763389304489
  2 21 4 2 100 -999 0.00407941309003354 -999 3.98376594599875e-10 0.000144284607245732 -999 -999 0.00292008425062224 -999 -999 -999 0.992856217653722
  2 21 4 3 100 -999 0.00471251852489111 -999 5.79664453411833e-07 0.00825563316589626 -999 9.53070546639302e-05 0.00390986386927113 -999 -999 -999 0.983026097720824
  2 21 4 4 100 -999 0.00150277334932519 -999 3.41512831805738e-06 0.0339060621059316 -999 0.00180715160007595 0.00362827553005629 -999 -999 -999 0.959152322286293
  2 21 4 5 100 -999 0.00110152497934006 -999 5.5951287453233e-06 0.0391187625457184 -999 0.00399931041655716 0.00350373038450079 -999 -999 -999 0.952271076545138
  2 22 4 2 100 -999 0.00837795584081511 -999 1.58717352931361e-09 0.000188383419355314 -999 -999 0.00407507291233356 -999 -999 -999 0.987358586240322
  2 22 4 3 100 -999 0.0114363803642692 -999 3.93781436647576e-07 0.00755025433809954 -999 5.92945776228587e-05 0.00587698229557886 -999 -999 -999 0.975076694642993
  2 22 4 4 100 -999 0.00546597405234121 -999 2.88282730811203e-06 0.0407407653092279 -999 0.00173821116086026 0.00489744035550695 -999 -999 -999 0.947154726294756
  2 22 4 5 100 -999 0.00420153878561335 -999 5.439302118619e-06 0.0496603387149797 -999 0.00503343332171034 0.00454529224047983 -999 -999 -999 0.936553957635098
  2 23 4 2 100 -999 0.00474551732686941 -999 1.02638432284512e-08 0.000122439959996109 -999 -999 0.00363461517017763 -999 -999 -999 0.991497417279114
  2 23 4 3 100 -999 0.00668640982884823 -999 4.31983267073366e-07 0.00521124647266317 -999 5.95106577936261e-06 0.00482329151665725 -999 -999 -999 0.983272669132785
  2 23 4 4 100 -999 0.00346809809844691 -999 1.16547934620919e-06 0.0245022824062745 -999 0.000237968770385311 0.00282999022815672 -999 -999 -999 0.96896049501739
  2 23 4 5 100 -999 0.00186514684152854 -999 2.94639050383362e-06 0.0349593690798467 -999 0.0012393625136824 0.00181875054090518 -999 -999 -999 0.960114424633533
  2 24 4 2 100 -999 0.0070808075412422 -999 2.72594795563681e-09 0.000149380099115052 -999 -999 0.00697839883023919 -999 -999 -999 0.985791410803456
  2 24 4 3 100 -999 0.009671628866571 -999 4.46660193986895e-07 0.00728289110360526 -999 1.44660481182591e-05 0.010209025139178 -999 -999 -999 0.972821542182334
  2 24 4 4 100 -999 0.00591771450428171 -999 8.83555186948753e-07 0.024401878852453 -999 0.000404612721626703 0.00806176264007193 -999 -999 -999 0.96121314772638
  2 24 4 5 100 -999 0.00248227184350573 -999 1.72817883647822e-06 0.0394327088110242 -999 0.00220648452110569 0.0058263583100495 -999 -999 -999 0.950050448335478
  2 25 4 2 100 -999 0.00395654168059265 -999 3.29940371124082e-09 0.000118749219908536 -999 -999 0.0119953613324074 -999 -999 -999 0.983929344467688
  2 25 4 3 100 -999 0.00510755895584933 -999 4.05573069093578e-07 0.011082608882029 -999 3.11342170941804e-05 0.0156843601774767 -999 -999 -999 0.968093932194482
  2 25 4 4 100 -999 0.00309841061957897 -999 8.35726609941269e-07 0.0294033018928227 -999 0.000509001198538984 0.012061402048162 -999 -999 -999 0.954927048514287
  2 25 4 5 100 -999 0.00138988139744116 -999 1.70309859354802e-06 0.0449802201726765 -999 0.00220345828495284 0.0088445269320751 -999 -999 -999 0.942580210114261
  2 26 4 2 100 -999 0.00478754218164846 -999 1.51536964254945e-09 0.000105495170257012 -999 -999 0.0115254183384985 -999 -999 -999 0.983581542794226
  2 26 4 3 100 -999 0.0055139408827089 -999 4.80305547979244e-07 0.0094578928777065 -999 2.89791342453179e-06 0.013308368200725 -999 -999 -999 0.971716419819887
  2 26 4 4 100 -999 0.0028379118107199 -999 1.12852692080417e-06 0.0253675523384286 -999 9.38040573997302e-05 0.00884061745159166 -999 -999 -999 0.962858985814939
  2 26 4 5 100 -999 0.00148005817645936 -999 1.94515840718612e-06 0.0343336628744223 -999 0.000661914304857439 0.00647185508547377 -999 -999 -999 0.95705056440038
  2 27 4 1 100 -999 0.0061344563403963 -999 -999 9.37482528913816e-05 -999 -999 0.000910828425084814 -999 -999 -999 0.992860966981628
  2 27 4 2 100 -999 0.00613634345984103 -999 4.0505263112815e-09 9.39158353553373e-05 -999 -999 0.000924161079075042 -999 -999 -999 0.992845575575202
  2 27 4 3 100 -999 0.00738352515662037 -999 8.79073355374458e-06 0.0105959104877402 -999 5.24006413205063e-05 0.0179084375157632 -999 -999 -999 0.964050935465002
  2 27 4 4 100 -999 0.00371798944561706 -999 1.24668213448271e-05 0.0316413581501892 -999 0.000933589367566669 0.00985311348111098 -999 -999 -999 0.953841482734171
  2 27 4 5 100 -999 0.00223015943368954 -999 1.38365231445311e-05 0.0417783958440902 -999 0.00382044022365251 0.00640222397948358 -999 -999 -999 0.94575494399594
  2 28 4 2 100 -999 0.0060516227746868 -999 -999 0.000142175281761591 -999 -999 0.00750902036006197 -999 -999 -999 0.98629718158349
  2 28 4 3 100 -999 0.00803031184159834 -999 3.91943893849947e-06 0.0031547635909142 -999 -999 0.0163151526999325 -999 -999 -999 0.972495852428616
  2 28 4 4 100 -999 0.00346092313722436 -999 3.04058795805725e-05 0.0343333135485033 -999 5.86287844782649e-05 0.0104155932301399 -999 -999 -999 0.951701135420074
  2 28 4 5 100 -999 0.00202846404886766 -999 3.70079764032788e-05 0.0473934314381191 -999 -999 0.00792786898655242 -999 -999 -999 0.942613227550058
  2 29 4 2 100 -999 0.00488917738584218 -999 -999 0.000160684969695274 -999 -999 0.00947776229708374 -999 -999 -999 0.985472375347379
  2 29 4 3 100 -999 0.00551473688290984 -999 4.35599853606054e-07 0.00054052621840895 -999 6.70666129021798e-07 0.0103813546887258 -999 -999 -999 0.983562275943973
  2 29 4 4 100 -999 0.0016165444341021 -999 4.33256653826443e-05 0.0341271025911222 -999 0.000611564850180524 0.00461702512868196 -999 -999 -999 0.958984437330531
  2 29 4 5 100 -999 0.00123762140158683 -999 5.47297629173582e-05 0.040995189080499 -999 0.00381616984475409 0.00392680220662426 -999 -999 -999 0.949969487703618
  2 30 4 2 100 -999 0.00970211919845351 -999 -999 0.00033106799513524 -999 -999 0.0125007200057589 -999 -999 -999 0.977466092800652
  2 30 4 3 100 -999 0.0106558640062204 -999 3.69060868801824e-08 0.000709263113455442 -999 3.7583925673348e-07 0.0136096849139196 -999 -999 -999 0.975024775221061
  2 30 4 4 100 -999 0.00785707064359402 -999 9.35189995841303e-06 0.0169651603348323 -999 0.000259005529211722 0.0111202766581654 -999 -999 -999 0.963789134934238
  2 30 4 5 100 -999 0.00203863070263665 -999 9.17393243708321e-05 0.0528871758987248 -999 0.00501691768360003 0.00555912535093875 -999 -999 -999 0.934406411039729
  2 31 4 2 100 -999 0.00735699162917395 -999 -999 0.000562505177795832 -999 -999 0.00713676707122919 -999 -999 -999 0.984943736121801
  2 31 4 3 100 -999 0.00860391839612211 -999 2.56100421551277e-09 0.00136036846352946 -999 5.45075505639513e-07 0.00790446208251031 -999 -999 -999 0.982130703421328
  2 31 4 4 100 -999 0.00834351062495193 -999 2.38830439029208e-07 0.00356673528492965 -999 4.63224034314662e-05 0.00779857971780444 -999 -999 -999 0.980244613138443
  2 31 4 5 100 -999 0.00229804368010088 -999 2.64128715878681e-05 0.0423356347086429 -999 0.00313757051092265 0.00483346668869637 -999 -999 -999 0.947368871540049
  2 32 4 2 100 -999 0.00605633157119367 -999 4.39525049530652e-09 0.000218187957203018 -999 -999 0.00781640878447372 -999 -999 -999 0.985909067291879
  2 32 4 3 100 -999 0.00910651550837574 -999 2.38808951495796e-07 0.0048411169473272 -999 4.22897743768555e-06 0.0112852223746444 -999 -999 -999 0.974762677383263
  2 32 4 4 100 -999 0.00902666511760128 -999 2.46136241067951e-07 0.00548770662624753 -999 6.69068466574655e-05 0.0112563245731457 -999 -999 -999 0.974162150700107
  2 32 4 5 100 -999 0.00785681063708514 -999 2.63521412380621e-07 0.0111655296976236 -999 0.0012057177827437 0.0105314370138872 -999 -999 -999 0.969240241347248
  2 33 4 2 100 -999 0.00360770443645894 -999 1.54605813435623e-09 0.000149683843315672 -999 -999 0.0075850726589669 -999 -999 -999 0.9886575375152
  2 33 4 3 100 -999 0.00438509710799781 -999 7.72020073077428e-07 0.0213986667967823 -999 3.64283805556944e-07 0.0113395264668109 -999 -999 -999 0.96287557332453
  2 33 4 4 100 -999 0.00434173614346613 -999 7.87287366912249e-07 0.0221160703192112 -999 9.15758674390112e-06 0.0113333845449831 -999 -999 -999 0.962198864118229
  2 33 4 5 100 -999 0.0040756852865825 -999 7.73342782506967e-07 0.0245434346228147 -999 -999 0.0111006861291067 -999 -999 -999 0.960279420618714
  2 34 4 2 100 -999 0.00594605605259512 -999 5.65020237973942e-09 0.000137492757534732 -999 -999 0.00859190724201978 -999 -999 -999 0.985324538297648
  2 34 4 3 100 -999 0.0032420004307551 -999 1.27268158893209e-06 0.0276014029632998 -999 2.69024831916256e-06 0.00760584167166472 -999 -999 -999 0.961546792004372
  2 34 4 4 100 -999 0.00263075872053293 -999 1.37626834680277e-06 0.0311090588800925 -999 2.87368777652185e-05 0.00710966061851718 -999 -999 -999 0.959120408634745
  2 34 4 5 100 -999 0.00246490219950684 -999 1.48921229927975e-06 0.0321391306633557 -999 0.0003284577805046 0.00693823443300108 -999 -999 -999 0.958127785711333
  2 35 4 2 100 -999 0.0057201782954558 -999 1.70518932003774e-10 0.000167712346349429 -999 -999 0.00852107255089452 -999 -999 -999 0.985591036636781
  2 35 4 3 100 -999 0.00498824313826097 -999 1.03166261542532e-06 0.0317558273202289 -999 3.93336447114785e-06 0.00790799387247274 -999 -999 -999 0.955342970641951
  2 35 4 4 100 -999 0.00359459228215539 -999 1.47729537682829e-06 0.0444689964128818 -999 4.05493594150196e-05 0.00627069695405203 -999 -999 -999 0.945623687696119
  2 35 4 5 100 -999 0.00331085882175061 -999 1.74290032158893e-06 0.0468461091726615 -999 0.00038035455230391 0.00592736590029912 -999 -999 -999 0.943533568652663
  2 36 4 2 100 -999 0.00607403801172545 -999 1.8612139212045e-10 0.000127411175859361 -999 -999 0.00909218036503312 -999 -999 -999 0.984706370261261
  2 36 4 3 100 -999 0.00487544440506587 -999 7.82831881286964e-07 0.0184874808373068 -999 1.39199874892175e-06 0.00844959308725445 -999 -999 -999 0.968185306839743
  2 36 4 4 100 -999 0.00171706482141115 -999 1.45713996018017e-06 0.0354005384785772 -999 2.08347850607319e-05 0.00458011457842483 -999 -999 -999 0.958279990196566
  2 36 4 5 100 -999 0.00148656270303398 -999 1.67883035834067e-06 0.0368385437177453 -999 0.000147619348080635 0.004287313308355 -999 -999 -999 0.957238282092427
  2 37 4 2 100 -999 0.00357899544550324 -999 1.03063457819434e-08 9.09769240661461e-05 -999 -999 0.007950595841492 -999 -999 -999 0.988379421482593
  2 37 4 3 100 -999 0.00454185838430371 -999 9.9960391954756e-07 0.0135036672803312 -999 1.24085245359649e-06 0.00937721981078476 -999 -999 -999 0.972575014068207
  2 37 4 4 100 -999 0.00176767559039625 -999 1.67522751931421e-06 0.0346885518756521 -999 1.90234214389026e-05 0.00512799011480254 -999 -999 -999 0.958395083770191
  2 37 4 5 100 -999 0.00143892983553063 -999 1.71156555334457e-06 0.037250115499101 -999 9.79410859863354e-05 0.00462229380097701 -999 -999 -999 0.956589008212852
  2 38 4 2 100 -999 0.00618837400070094 -999 2.24011798362236e-08 0.000138737908946632 -999 -999 0.0111887634083353 -999 -999 -999 0.982484102280837
  2 38 4 3 100 -999 0.00760677031024015 -999 1.17742003365914e-06 0.0113289989054852 -999 5.10355012157611e-06 0.0141843503233428 -999 -999 -999 0.966873599490777
  2 38 4 4 100 -999 0.00264395356650135 -999 2.09926533018167e-06 0.0399899612148353 -999 5.40185137941874e-05 0.00814900297409946 -999 -999 -999 0.94916096446544
  2 38 4 5 100 -999 0.00177400420939832 -999 2.44959738346208e-06 0.0447832618320265 -999 0.000137788708296286 0.00704436460078787 -999 -999 -999 0.946258131052108
  2 39 4 2 100 -999 0.00438836507567656 -999 5.8063412379905e-10 0.000131922239446218 -999 -999 0.013081859335129 -999 -999 -999 0.982397852769114
  2 39 4 3 100 -999 0.00626218368775613 -999 8.04383768119314e-07 0.00644194329665744 -999 3.30288058007647e-07 0.0164673660207941 -999 -999 -999 0.970827372322966
  2 39 4 4 100 -999 0.00237395132638584 -999 3.85860405373314e-06 0.0322233198164465 -999 1.01468761486702e-05 0.0101578067109124 -999 -999 -999 0.955230916666053
  2 39 4 5 100 -999 0.00153402004739877 -999 4.61885759950878e-06 0.0370169586501555 -999 3.42436265870238e-05 0.00880424884527597 -999 -999 -999 0.952605909972983
  2 40 4 1 100 -999 0.0094261801923371 -999 -999 0.000109399167330903 -999 -999 0.00522932479825559 -999 -999 -999 0.985235095842076
  2 40 4 2 100 -999 0.00943138345105876 -999 9.36201093597842e-09 0.000109791858219755 -999 -999 0.0052634048858955 -999 -999 -999 0.985195410442815
  2 40 4 3 100 -999 0.0119116389769785 -999 9.47523311810366e-06 0.00861970833308817 -999 -999 0.0299821910470612 -999 -999 -999 0.949476986409754
  2 40 4 4 100 -999 0.00490605411189984 -999 1.864672235144e-05 0.0390650384302514 -999 -999 0.0180457532163865 -999 -999 -999 0.937964507519111
  2 40 4 5 100 -999 0.00334926671609333 -999 2.17244443901663e-05 0.0459754208841156 -999 -999 0.0153644075124063 -999 -999 -999 0.935289180442995
  2 41 4 2 100 -999 0.00648555497364389 -999 5.75780321547111e-10 0.000112051170717715 -999 -999 0.01594492909009 -999 -999 -999 0.977457464189768
  2 41 4 3 100 -999 0.0082242645581457 -999 3.78539149674975e-06 0.00279437611739115 -999 -999 0.0189691483640343 -999 -999 -999 0.970008425568932
  2 41 4 4 100 -999 0.00394631116893096 -999 2.81944365991216e-05 0.0330979130842908 -999 -999 0.0127729951835459 -999 -999 -999 0.950154586126633
  2 41 4 5 100 -999 0.00233476110304229 -999 3.21111764080336e-05 0.0415696146592171 -999 -999 0.0103424869460222 -999 -999 -999 0.94572102611531
  2 42 4 2 100 -999 0.00871301272740826 -999 -999 0.00020893190615067 -999 -999 0.021577904755371 -999 -999 -999 0.96950015061107
  2 42 4 3 100 -999 0.00919357177033701 -999 5.55255556901082e-07 0.0011191316497854 -999 9.66468404621688e-06 0.0227843213037681 -999 -999 -999 0.966892755336506
  2 42 4 4 100 -999 0.00224227506849082 -999 3.87168852904355e-05 0.0347836229276095 -999 0.00165808398488174 0.0085778856901494 -999 -999 -999 0.952699415443578
  2 42 4 5 100 -999 0.00129830757333466 -999 5.48817890884555e-05 0.0401329261369229 -999 0.00308218415826006 0.00651162670765294 -999 -999 -999 0.948920073634741
  2 43 4 2 100 -999 0.00632837350939143 -999 -999 0.000287891167384124 -999 -999 0.0227194171807122 -999 -999 -999 0.970664318142512
  2 43 4 3 100 -999 0.00728092298376357 -999 2.08049812742866e-07 0.00172670547921282 -999 1.15137930162916e-05 0.0250854065957404 -999 -999 -999 0.965895243098454
  2 43 4 4 100 -999 0.00428401685616665 -999 2.56766372557136e-05 0.0263296717417332 -999 0.00155634488025454 0.0181809010916377 -999 -999 -999 0.949623388792952
  2 43 4 5 100 -999 0.00153956727858809 -999 8.17983808076722e-05 0.0498186190546765 -999 0.00497848745189282 0.0116159458448873 -999 -999 -999 0.931965581989148
  2 44 4 2 100 -999 0.00565855504975962 -999 -999 0.000341837148829401 -999 -999 0.0142748191694083 -999 -999 -999 0.979724788632003
  2 44 4 3 100 -999 0.00804878531314807 -999 1.36695549276387e-08 0.00277729678891221 -999 7.03917834458076e-06 0.0186417814126046 -999 -999 -999 0.970525083637436
  2 44 4 4 100 -999 0.00715464115989287 -999 1.38029032574242e-07 0.00899659967868865 -999 0.000351069044582542 0.0177032053972068 -999 -999 -999 0.965794346690597
  2 44 4 5 100 -999 0.00231556426332732 -999 7.45304287434655e-07 0.0410515264716404 -999 0.00364323403390395 0.0119816114802268 -999 -999 -999 0.941007318446614
  2 45 4 2 100 -999 0.00535313544748977 -999 7.30203404398584e-09 0.000187969273559055 -999 -999 0.0130471310767479 -999 -999 -999 0.981411756900169
  2 45 4 3 100 -999 0.0075304451750718 -999 5.9327163870084e-07 0.00916708484807912 -999 1.02865904713302e-05 0.0227484235651453 -999 -999 -999 0.960543166549594
  2 45 4 4 100 -999 0.00685573322544643 -999 6.58119713112045e-07 0.0139652875287661 -999 0.000307887663660951 0.0223288154958984 -999 -999 -999 0.956541617966515
  2 45 4 5 100 -999 0.00220515041642066 -999 1.19067265152002e-06 0.0484112292063286 -999 0.00438118449804599 0.0185789248378981 -999 -999 -999 0.926422320368655
  2 46 4 1 100 -999 0.00519884430290712 -999 -999 9.73697290325705e-05 -999 -999 0.00543215392085703 -999 -999 -999 0.989271632047203
  2 46 4 2 100 -999 0.00519884913674725 -999 1.46713706694875e-09 0.000102578776565414 -999 -999 0.00543541459735667 -999 -999 -999 0.989263156022194
  2 46 4 3 100 -999 0.00362094598594804 -999 7.8012043808665e-06 0.0352902063061089 -999 1.14664932795612e-05 0.0206197200655516 -999 -999 -999 0.940449859944731
  2 46 4 4 100 -999 0.00322226719761937 -999 8.19166702481702e-06 0.0379903955283566 -999 0.00023335081720005 0.0204099189707885 -999 -999 -999 0.938135875819011
  2 46 4 5 100 -999 0.00191841714891634 -999 1.18584644305549e-05 0.0515442751503346 -999 0.00382531183804686 0.0191460044466543 -999 -999 -999 0.923554132951617
  2 47 4 2 100 -999 0.00456329873517403 -999 6.32239654677568e-10 0.000123187109636941 -999 -999 0.0118914698779651 -999 -999 -999 0.983422043644984
  2 47 4 3 100 -999 0.00261093773569915 -999 1.01812956039102e-05 0.0230171212244469 -999 2.99021814695021e-06 0.0152058679017731 -999 -999 -999 0.95915290162433
  2 47 4 4 100 -999 0.00142485786723694 -999 1.44109246852212e-05 0.0325910189134834 -999 7.78138720538259e-05 0.0153181528329569 -999 -999 -999 0.950573745589584
  2 47 4 5 100 -999 0.00110163869123976 -999 1.71388361467817e-05 0.036929013380042 -999 0.00166422374285554 0.0145133901156559 -999 -999 -999 0.94577459523406
  2 48 4 2 100 -999 0.00852958372313403 -999 1.88379520962748e-09 0.000266509129085296 -999 -999 0.0156478908454044 -999 -999 -999 0.975556014418581
  2 48 4 3 100 -999 0.00775637688177266 -999 9.64857661008155e-06 0.0145277092761088 -999 4.2515920403331e-07 0.0152444065734323 -999 -999 -999 0.962461433532872
  2 48 4 4 100 -999 0.00333264492098308 -999 3.02195970920594e-05 0.0446473586354542 -999 2.2845209063967e-05 0.0101932332357412 -999 -999 -999 0.941773698401665
  2 48 4 5 100 -999 0.00326644569199628 -999 3.18754189152781e-05 0.0463729492156988 -999 0.000456295628557796 0.0100533415090448 -999 -999 -999 0.939819092535787
  2 49 4 2 100 -999 0.00574987184381614 -999 -999 0.000166539641471201 -999 -999 0.0154940297116593 -999 -999 -999 0.978589558803053
  2 49 4 3 100 -999 0.00673854339104742 -999 5.69352752834142e-07 0.00944112809044382 -999 1.44234113840969e-06 0.0181072761824927 -999 -999 -999 0.965711040642125
  2 49 4 4 100 -999 0.00219615829152883 -999 2.89968797875769e-06 0.0372775001873792 -999 3.49920463947837e-05 0.0111767898765973 -999 -999 -999 0.949311659910121
  2 49 4 5 100 -999 0.00182250759985538 -999 6.1491470435251e-06 0.0401569308263195 -999 0.000213268146013109 0.0105733924493834 -999 -999 -999 0.947227751831385
  2 50 4 2 100 -999 0.00670099651849678 -999 1.63211840077413e-08 0.000123637435033844 -999 -999 0.0167995519025307 -999 -999 -999 0.976375797822755
  2 50 4 3 100 -999 0.00846823718918916 -999 1.28852982482348e-06 0.00877574891725401 -999 8.29433361480306e-06 0.0228665394841247 -999 -999 -999 0.959879891545993
  2 50 4 4 100 -999 0.00393748646048704 -999 1.86547129093902e-06 0.0286370037725002 -999 8.80463967822086e-05 0.0133369357512361 -999 -999 -999 0.953998662147703
  2 50 4 5 100 -999 0.00210636943176132 -999 2.07853434979168e-06 0.0368206262874219 -999 0.000348797115484391 0.00944062790020874 -999 -999 -999 0.951281500730774
  2 51 4 2 100 -999 0.0054016196082739 -999 1.31320669399015e-08 0.000147751581315771 -999 -999 0.0267023959250374 -999 -999 -999 0.967748219753306
  2 51 4 3 100 -999 0.00689529968085411 -999 1.80177392314694e-06 0.0136339267471697 -999 1.75176234455472e-05 0.0343938763582528 -999 -999 -999 0.945057577816355
  2 51 4 4 100 -999 0.00356614594698345 -999 2.47172399020342e-06 0.0334721013054361 -999 0.00013862880071969 0.0231433197807799 -999 -999 -999 0.939677332442091
  2 51 4 5 100 -999 0.00169961065267081 -999 3.05748312485132e-06 0.0444772496664907 -999 0.000465476522130591 0.016748510753689 -999 -999 -999 0.936606094921894
  2 52 4 2 100 -999 0.00330277663070509 -999 1.82840544281249e-09 0.000154386148751284 -999 -999 0.0220642172398481 -999 -999 -999 0.97447861815229
  2 52 4 3 100 -999 0.0024426725532218 -999 2.00577138113573e-06 0.0228395778651884 -999 1.60653372876727e-06 0.0208570991456942 -999 -999 -999 0.953857038130786
  2 52 4 4 100 -999 0.00121721836873598 -999 4.66509437512598e-06 0.0339231840169357 -999 1.77088003080807e-05 0.0155581492562652 -999 -999 -999 0.94927907446338
  2 52 4 5 100 -999 0.000867993309011884 -999 6.52566878361204e-06 0.0372970741735495 -999 7.37918143613529e-05 0.0139878856352612 -999 -999 -999 0.947766729399033
  2 53 4 2 100 -999 0.005509502969261 -999 2.78336016591967e-08 0.000116816847728943 -999 -999 0.0275220563609548 -999 -999 -999 0.966851595988454
  2 53 4 3 100 -999 0.00391946877588318 -999 1.44357612698642e-06 0.0228716290358079 -999 9.29168618584546e-06 0.0219236940045154 -999 -999 -999 0.951274472921481
  2 53 4 4 100 -999 0.00186164217834269 -999 3.52021673005755e-06 0.0345793978245301 -999 7.63850066888703e-05 0.0146420691075379 -999 -999 -999 0.94883698566617
  2 53 4 5 100 -999 0.00159190454864343 -999 5.41842417607856e-06 0.0369150067695073 -999 0.000220198207289998 0.0136423268173904 -999 -999 -999 0.947625145232993
  2 54 4 2 100 -999 0.00573137355214612 -999 8.48530741993139e-09 0.000133692876194217 -999 -999 0.00446702820714623 -999 -999 -999 0.989667896879206
  2 54 4 3 100 -999 0.00504001491118379 -999 2.20690656526619e-06 0.0253418618159861 -999 0.000325067760066148 0.0299443237613737 -999 -999 -999 0.939346524844825
  2 54 4 4 100 -999 0.00274965160972991 -999 4.75441273383916e-06 0.0410611340629547 -999 0.00177653114460022 0.0209406162869491 -999 -999 -999 0.933467312483032
  2 54 4 5 100 -999 0.00238116244129802 -999 6.78433214783543e-06 0.0449443024550034 -999 0.00324331132361594 0.019179840675228 -999 -999 -999 0.930244598772707
  2 55 4 2 100 -999 0.00697531440891266 -999 2.09285868676162e-08 0.000138322813837489 -999 -999 0.0128072779539302 -999 -999 -999 0.980079063894733
  2 55 4 3 100 -999 0.00523163648503737 -999 1.98186014451282e-06 0.0186987235891649 -999 0.000286145604687678 0.0281802386478949 -999 -999 -999 0.947601273813071
  2 55 4 4 100 -999 0.00182833252370724 -999 3.88875611129048e-06 0.0338140892934327 -999 0.0017403905438287 0.0253600937649465 -999 -999 -999 0.937253205117973
  2 55 4 5 100 -999 0.00129376773543869 -999 5.29988427959296e-06 0.0373878648727439 -999 0.00335099626187621 0.0241654033399801 -999 -999 -999 0.933796667905681
  2 56 4 1 100 -999 0.0055162806395114 -999 -999 8.19967333519855e-05 -999 -999 0.00475743875311229 -999 -999 -999 0.989644283874024
  2 56 4 2 100 -999 0.00553840960446598 -999 2.10301046090206e-08 8.3422943859397e-05 -999 -999 0.00481581461246812 -999 -999 -999 0.989562331809102
  2 56 4 3 100 -999 0.00605938902264593 -999 4.43063111607564e-06 0.0185741653287817 -999 0.000245662622017343 0.0136440026384806 -999 -999 -999 0.961472349756958
  2 56 4 4 100 -999 0.00288426565854942 -999 7.39481670775013e-06 0.0358973678032857 -999 0.00167115423049568 0.0120124768900536 -999 -999 -999 0.947527340600908
  2 56 4 5 100 -999 0.00245550884480069 -999 1.00136138536935e-05 0.0394604703007917 -999 0.00341751586321147 0.0115276891688677 -999 -999 -999 0.943128802208475
  2 57 4 1 100 -999 0.00646705677310447 -999 -999 8.81087699759193e-05 -999 -999 0.00740908776531361 -999 -999 -999 0.986035746691606
  2 57 4 2 100 -999 0.0065400832181457 -999 1.1932467128148e-07 9.13407096025479e-05 -999 -999 0.00759573762982033 -999 -999 -999 0.98577271911776
  2 57 4 3 100 -999 0.00739899244625676 -999 1.33799805569103e-05 0.0171107920643864 -999 0.000214447670195626 0.0170356747324524 -999 -999 -999 0.958226713106152
  2 57 4 4 100 -999 0.00239066504077521 -999 2.20814435927799e-05 0.0415631083382751 -999 0.00192253858837649 0.0144181014711814 -999 -999 -999 0.939683505117799
  2 57 4 5 100 -999 0.00199597134464827 -999 2.42539217362346e-05 0.0453858836331796 -999 0.00406423029936709 0.0138494392057774 -999 -999 -999 0.934680221595291
  2 58 4 2 100 -999 0.00642233994239875 -999 1.90750361010671e-09 0.000117908352323795 -999 -999 0.0062052310139073 -999 -999 -999 0.987254518783866
  2 58 4 3 100 -999 0.00751893978914847 -999 4.77506325855641e-06 0.00425543748008109 -999 0.00018030246868242 0.00919612201599353 -999 -999 -999 0.978844423182836
  2 58 4 4 100 -999 0.00222408471701947 -999 3.17632035150673e-05 0.0331836016317285 -999 0.00259173254412166 0.0116609937249824 -999 -999 -999 0.950307824178633
  2 58 4 5 100 -999 0.00196498745990674 -999 3.28346996653933e-05 0.0358139220478491 -999 0.0033501437868458 0.0113464416921866 -999 -999 -999 0.947491670313546
  2 59 4 2 100 -999 0.00913481788288684 -999 -999 0.000240358468623484 -999 -999 0.0204662458971218 -999 -999 -999 0.970158577751368
  2 59 4 3 100 -999 0.00980200423217429 -999 2.39488420702776e-06 0.00289636883126388 -999 0.0001065249164605 0.0216340948690092 -999 -999 -999 0.965558612266885
  2 59 4 4 100 -999 0.0022241258124906 -999 5.48433817089746e-05 0.0444040357795555 -999 0.00368004867099382 0.0104241539286203 -999 -999 -999 0.939212792426631
  2 59 4 5 100 -999 0.0018562438607929 -999 6.53180202902e-05 0.0487274550776029 -999 0.00473042181307181 0.00972074401110509 -999 -999 -999 0.934899817217137
  2 60 4 2 100 -999 0.0066105649578211 -999 -999 0.000250858214130198 -999 -999 0.0139787303912743 -999 -999 -999 0.979159846436774
  2 60 4 3 100 -999 0.00846196321275226 -999 6.5842702997817e-07 0.00270897158609077 -999 5.98911315282308e-05 0.0173851694605741 -999 -999 -999 0.971383346182025
  2 60 4 4 100 -999 0.00353913331003608 -999 2.46066028032452e-05 0.0297180742550386 -999 0.00212496729699554 0.0120290803663318 -999 -999 -999 0.952564138168795
  2 60 4 5 100 -999 0.00149408818501354 -999 4.93552137590082e-05 0.0416227182391038 -999 0.00376664343048356 0.00959097135994554 -999 -999 -999 0.943476223571695
  2 61 4 2 100 -999 0.00818149107939205 -999 1.87570267893855e-08 0.000183026584388318 -999 -999 0.0163706673361587 -999 -999 -999 0.975264796243034
  2 61 4 3 100 -999 0.011750565850623 -999 6.67297368607018e-07 0.00423872709913336 -999 6.49352077089113e-05 0.0245136508795975 -999 -999 -999 0.959431453665569
  2 61 4 4 100 -999 0.00859764201326162 -999 1.00462127497401e-06 0.0174146130004677 -999 0.00125843742765435 0.0214843583827611 -999 -999 -999 0.95124394455458
  2 61 4 5 100 -999 0.0034413663040592 -999 1.55230647504485e-06 0.0386269509528505 -999 0.00385954824305189 0.0161621576212721 -999 -999 -999 0.937908424572291
  2 62 4 2 100 -999 0.00774924002749963 -999 5.75776638914565e-09 0.000221254922479269 -999 -999 0.016242521624148 -999 -999 -999 0.975786977668107
  2 62 4 3 100 -999 0.0110101796010947 -999 7.16889652730808e-07 0.0118970616562663 -999 5.50740745462578e-05 0.024396827322432 -999 -999 -999 0.952640140456008
  2 62 4 4 100 -999 0.00835526983266565 -999 9.56055423015878e-07 0.0230251262034785 -999 0.000885411127430384 0.0203849229965555 -999 -999 -999 0.947348313784447
  2 62 4 5 100 -999 0.00252594777591163 -999 1.5441605613161e-06 0.0472490762443827 -999 0.00358379960944562 0.0112743296051936 -999 -999 -999 0.935365302604505
  2 63 4 2 100 -999 0.00537914410251532 -999 5.73439278702626e-09 0.000133491643315851 -999 -999 0.0204011703862582 -999 -999 -999 0.974086188133518
  2 63 4 3 100 -999 0.0033207379267617 -999 1.24988290492395e-06 0.0254327187094977 -999 4.75260206792469e-05 0.0184886549721208 -999 -999 -999 0.952709112488036
  2 63 4 4 100 -999 0.0024170031496628 -999 1.73478958733895e-06 0.030826032138282 -999 0.000635552562796066 0.0158906724720804 -999 -999 -999 0.950229004887591
  2 63 4 5 100 -999 0.00137763881497719 -999 3.36396182846616e-06 0.0388976582976265 -999 0.00294050556932891 0.0124011526786847 -999 -999 -999 0.944379680677554
  2 64 4 2 100 -999 0.00517974075435931 -999 7.34566847381328e-09 0.000115931171457431 -999 -999 0.0252525151598552 -999 -999 -999 0.96945180556866
  2 64 4 3 100 -999 0.00258282142910918 -999 1.22040731202112e-06 0.0280494778907112 -999 4.75102150400072e-05 0.0192500299553922 -999 -999 -999 0.950068940102435
  2 64 4 4 100 -999 0.00161580307024053 -999 1.70373973379643e-06 0.0337143691193452 -999 0.00054487419245513 0.0159350157177586 -999 -999 -999 0.948188234160467
  2 64 4 5 100 -999 0.00121626624429275 -999 3.23181607226254e-06 0.0392249620767305 -999 0.00253689509534052 0.0139789317000159 -999 -999 -999 0.943039713067548
  2 65 4 2 100 -999 0.00501454330947644 -999 1.90614726440856e-08 0.000109329203239907 -999 -999 0.027756339254892 -999 -999 -999 0.967119769170919
  2 65 4 3 100 -999 0.00409996265384076 -999 1.8995825799388e-06 0.0307589787542877 -999 6.26634790210303e-05 0.0258929562493936 -999 -999 -999 0.939183539280877
  2 65 4 4 100 -999 0.00305351655904641 -999 2.64182652781985e-06 0.0400236585316465 -999 0.000611498995503892 0.0215283077411305 -999 -999 -999 0.934780376346145
  2 65 4 5 100 -999 0.00281712961612299 -999 4.97304039887385e-06 0.046430226579397 -999 0.0030038631413609 0.0199715646053472 -999 -999 -999 0.927772243017373
  2 66 4 2 100 -999 0.00719875126443654 -999 3.28735616558122e-10 0.000136861514970668 -999 -999 0.0327419034956766 -999 -999 -999 0.959922483396181
  2 66 4 3 100 -999 0.004509942828127 -999 1.3033937252552e-06 0.0201017559219334 -999 2.83799709011845e-05 0.0269707432417741 -999 -999 -999 0.948387874643539
  2 66 4 4 100 -999 0.00146552602393768 -999 2.147506316825e-06 0.0324168428204842 -999 0.000240190154550787 0.0182606970783289 -999 -999 -999 0.947614596416382
  2 66 4 5 100 -999 0.00117958652130488 -999 3.56839674770221e-06 0.0355569517060901 -999 0.00138926587912494 0.0169619113787154 -999 -999 -999 0.944908716118017
  2 67 4 2 100 -999 0.00593867172192448 -999 4.66973859091192e-10 0.00012234452704149 -999 -999 0.00904386359104105 -999 -999 -999 0.984895119693019
  2 67 4 3 100 -999 0.00600306266064587 -999 1.03641048828689e-06 0.0170071089415535 -999 3.97217647166593e-05 0.0181470683047169 -999 -999 -999 0.958802001917879
  2 67 4 4 100 -999 0.00292923549775255 -999 2.32262706881444e-06 0.0355011110373677 -999 0.00030344574165868 0.0196312637251631 -999 -999 -999 0.941632621370989
  2 67 4 5 100 -999 0.00267955062237343 -999 3.52495969972945e-06 0.0377358113420748 -999 0.00130534988879867 0.0193501855411314 -999 -999 -999 0.938925577645922
  2 68 4 2 100 -999 0.00458288807233472 -999 2.3831416504735e-08 0.00013583423051088 -999 -999 0.00417638175111234 -999 -999 -999 0.991104872114626
  2 68 4 3 100 -999 0.00519907185573094 -999 1.71697357273668e-06 0.0164092324570318 -999 2.18397589317799e-05 0.0105375458959033 -999 -999 -999 0.967830593058829
  2 68 4 4 100 -999 0.00168638625666102 -999 2.99750157573034e-06 0.0409034736716598 -999 0.000211295377810245 0.00917203695890099 -999 -999 -999 0.948023810233392
  2 68 4 5 100 -999 0.00139814408736179 -999 3.81231280195159e-06 0.043722890146332 -999 0.000841026679427947 0.00895428444182081 -999 -999 -999 0.945079842332256
  2 69 4 2 100 -999 0.00515839297273672 -999 6.65842037665306e-10 0.000110575014268453 -999 -999 0.00884324760323439 -999 -999 -999 0.985887783743918
  2 69 4 3 100 -999 0.00611917800118874 -999 1.30984826534509e-06 0.0105854301528142 -999 7.24515204303207e-06 0.010839825310851 -999 -999 -999 0.972447011534838
  2 69 4 4 100 -999 0.00226020971382452 -999 4.25494327268942e-06 0.0324946293214967 -999 9.24934916628291e-05 0.00979906666255488 -999 -999 -999 0.955349345867188
  2 69 4 5 100 -999 0.00175169976821614 -999 4.97933729588514e-06 0.0355160933591357 -999 0.000339198423093423 0.00956233335914414 -999 -999 -999 0.952825695753115
  2 70 4 2 100 -999 0.00623151966093542 -999 6.79936430184694e-10 0.00015052936255935 -999 -999 0.00853951913830721 -999 -999 -999 0.985078431158262
  2 70 4 3 100 -999 0.0073474985165554 -999 1.1692935733971e-06 0.0102084782220998 -999 0.000495358516299151 0.0111685868750361 -999 -999 -999 0.970778908576436
  2 70 4 4 100 -999 0.00220865330483757 -999 4.68063022488562e-06 0.0337008948989272 -999 0.00296959648494247 0.00973026399794803 -999 -999 -999 0.95138591068312
  2 70 4 5 100 -999 0.00145236321755806 -999 5.44312432560267e-06 0.0371504822782021 -999 0.00372113737114018 0.00939456567171877 -999 -999 -999 0.948276008337055
  2 71 4 2 100 -999 0.00716892630343496 -999 8.41545707220903e-09 0.000137493244893443 -999 -999 0.00841004970774285 -999 -999 -999 0.984283522328472
  2 71 4 3 100 -999 0.00863888168213349 -999 1.2257537214838e-06 0.0129188233748576 -999 0.000476364080708681 0.0133774388550065 -999 -999 -999 0.964587266253572
  2 71 4 4 100 -999 0.00428116304443868 -999 4.48015096944255e-06 0.0391315212204161 -999 0.00350979684424698 0.0115156280318066 -999 -999 -999 0.941557410708122
  2 71 4 5 100 -999 0.00360679259483699 -999 5.56878753619843e-06 0.0434606135186464 -999 0.00465815173625498 0.0110730639797982 -999 -999 -999 0.937195809382927
  2 72 4 2 100 -999 0.00388109305288735 -999 4.65224282070593e-09 0.000103531733551175 -999 -999 0.00705952972210008 -999 -999 -999 0.988955840839219
  2 72 4 3 100 -999 0.0047523619369893 -999 9.82835898469599e-07 0.0103488906372525 -999 0.000226687292930386 0.0116187028142775 -999 -999 -999 0.973052374482652
  2 72 4 4 100 -999 0.00181567838012189 -999 3.0450872596073e-06 0.0299364304585893 -999 0.0020930253064796 0.00981653028163198 -999 -999 -999 0.956335290485918
  2 72 4 5 100 -999 0.00113668910895504 -999 3.91696701837249e-06 0.0346113586902534 -999 0.00313772430663109 0.00918720705895186 -999 -999 -999 0.95192310386819
  2 73 4 2 100 -999 0.00872632342384679 -999 3.55096136640325e-10 0.00015265245139498 -999 -999 0.0198550947911319 -999 -999 -999 0.97126592897853
  2 73 4 3 100 -999 0.00994101223284186 -999 9.19150477673994e-07 0.0133923959724637 -999 0.000257547356695067 0.0251380992309224 -999 -999 -999 0.951270026056599
  2 73 4 4 100 -999 0.00444109431839141 -999 3.78950767605307e-06 0.0413360298872726 -999 0.00278263234791954 0.016638835089581 -999 -999 -999 0.934797618849159
  2 73 4 5 100 -999 0.00307016984391247 -999 5.26483061255924e-06 0.0489563601449857 -999 0.00437144493440755 0.0142194161007805 -999 -999 -999 0.929377344145301
  2 74 4 2 100 -999 0.00677171717949644 -999 2.21332105113987e-08 0.000113182949950813 -999 -999 0.0249339561762087 -999 -999 -999 0.968181121561134
  2 74 4 3 100 -999 0.00765078476259008 -999 1.18306378329954e-06 0.0119823767766443 -999 0.000139455475156792 0.0288975360966726 -999 -999 -999 0.951328663825153
  2 74 4 4 100 -999 0.00268815209506651 -999 3.78381555709746e-06 0.0352958404111376 -999 0.00178399610231872 0.0167741925343764 -999 -999 -999 0.943454035041544
  2 74 4 5 100 -999 0.00174123645932246 -999 5.7732960200499e-06 0.0410266532248257 -999 0.00303054819818136 0.0141858954186012 -999 -999 -999 0.940009893403049
  2 75 4 2 100 -999 0.00476426880462291 -999 5.57339794748765e-10 0.000117149605506742 -999 -999 0.0315656579091562 -999 -999 -999 0.963552923123374
  2 75 4 3 100 -999 0.00513196225466423 -999 7.62736524387481e-07 0.010641718705423 -999 8.13306914999317e-05 0.0361128797249297 -999 -999 -999 0.948031345886959
  2 75 4 4 100 -999 0.00165311887498684 -999 2.66613229993701e-06 0.0348391448941391 -999 0.00145376621467498 0.0195763371079548 -999 -999 -999 0.942474966775944
  2 75 4 5 100 -999 0.000997049349835886 -999 3.89149997654612e-06 0.0410188117234695 -999 0.00282811739292763 0.0160032481600225 -999 -999 -999 0.939148881873768
  2 76 4 2 100 -999 0.00529999082171631 -999 2.60087282146404e-08 0.00011243324946907 -999 -999 0.0383993651330821 -999 -999 -999 0.956188184787004
  2 76 4 3 100 -999 0.00685181721945194 -999 1.07805839240359e-06 0.011534049461283 -999 5.79323229832494e-05 0.0455613523906606 -999 -999 -999 0.935993770547229
  2 76 4 4 100 -999 0.00237868178906843 -999 3.1530690267226e-06 0.0396703089933478 -999 0.00119704681712015 0.022614450283736 -999 -999 -999 0.934136359047701
  2 76 4 5 100 -999 0.00132101381579208 -999 5.4431965459848e-06 0.0492621904325019 -999 0.0027769688307066 0.0168106504492017 -999 -999 -999 0.929823733275252
  2 77 4 2 100 -999 0.0047144453659387 -999 6.46126601549805e-09 0.000124588236995596 -999 -999 0.0457439710456445 -999 -999 -999 0.949416988890155
  2 77 4 3 100 -999 0.00559757495496135 -999 6.09935224564285e-07 0.00895055875331686 -999 9.66678608107774e-06 0.0499217577713011 -999 -999 -999 0.935519831799115
  2 77 4 4 100 -999 0.00226054073778598 -999 1.63766816407988e-06 0.0294001019101401 -999 0.000294628186352304 0.0266225499057157 -999 -999 -999 0.941420541591842
  2 77 4 5 100 -999 0.00108710271820204 -999 3.53377679706858e-06 0.038447709853474 -999 0.00145874706930994 0.0180609373088757 -999 -999 -999 0.940941969273341
  2 78 4 2 100 -999 0.00507034241443715 -999 1.2962763904968e-08 0.00012229710640619 -999 -999 0.0497752559257568 -999 -999 -999 0.945032091590636
  2 78 4 3 100 -999 0.00545262236793953 -999 8.91442713312254e-07 0.0098410283057123 -999 2.00531007211283e-05 0.0542093542736917 -999 -999 -999 0.930476050509222
  2 78 4 4 100 -999 0.00247692093138842 -999 1.70560842149373e-06 0.0301002477403817 -999 0.000318762564834527 0.0298808963078303 -999 -999 -999 0.937221466847144
  2 78 4 5 100 -999 0.00136396263922682 -999 2.74145841562433e-06 0.0389587873649884 -999 0.00125160312953254 0.0205188865915639 -999 -999 -999 0.937904018816273
  2 79 4 2 100 -999 0.00533303548276115 -999 2.52378453850917e-08 0.000118699314936633 -999 -999 0.00819160672336302 -999 -999 -999 0.986356633241094
  2 79 4 3 100 -999 0.00627277098019462 -999 1.24420567122947e-06 0.0102690079591522 -999 8.62201390954663e-05 0.041673499831214 -999 -999 -999 0.941697256884673
  2 79 4 4 100 -999 0.0027605713501774 -999 2.57572446088522e-06 0.034880796520535 -999 0.00107439565899226 0.0294773876887671 -999 -999 -999 0.931804273057067
  2 79 4 5 100 -999 0.00149492295545774 -999 4.16931436720054e-06 0.0448051584157726 -999 0.00285115658512318 0.0237281719550242 -999 -999 -999 0.927116420774255
  2 80 4 2 100 -999 0.0034830648320689 -999 3.04141930022251e-10 0.00012149464331602 -999 -999 0.0187412632598741 -999 -999 -999 0.977654176960599
  2 80 4 3 100 -999 0.0046046630215009 -999 5.45911154587057e-07 0.00776034792696716 -999 9.55721267538013e-06 0.0220547182261725 -999 -999 -999 0.965570167701529
  2 80 4 4 100 -999 0.00199395863243026 -999 2.34613066283737e-06 0.0293816308145661 -999 0.000245761598248843 0.0179028417710013 -999 -999 -999 0.950473461053091
  2 80 4 5 100 -999 0.00116239781137029 -999 3.94900472646406e-06 0.036867606250424 -999 0.00102326631261874 0.0161634809934556 -999 -999 -999 0.944779299627405
  2 1 5 1 100 -999 0.000281381893450271 -999 -999 -999 -999 -999 -999 5.66065688943293e-09 -999 -999 0.999718612445893
  2 1 5 2 100 -999 0.00164608770951358 -999 -999 -999 -999 -999 0.000174123252555766 0.000158540368297872 -999 -999 0.998021248669633
  2 1 5 3 100 -999 0.0037393515106325 -999 -999 -999 -999 -999 0.0033380984054923 0.000761041307763625 -999 -999 0.992161508776112
  2 1 5 4 100 -999 0.00376946718366415 -999 -999 -999 -999 -999 0.00893081091681823 0.000802831211577828 -999 -999 0.98649689068794
  2 1 5 5 100 -999 0.00349593941112454 -999 -999 -999 -999 -999 0.00925932827698821 0.000720933734981764 -999 -999 0.986523798576906
  2 2 5 1 100 -999 0.00020854742199871 -999 -999 -999 -999 -999 -999 2.16245580023082e-08 -999 -999 0.999791430953443
  2 2 5 2 100 -999 0.00119138570093722 -999 -999 -999 -999 -999 0.00015559198922513 0.000188539439863069 -999 -999 0.998464482869975
  2 2 5 3 100 -999 0.00241245812659571 -999 -999 -999 -999 -999 0.00293154114297048 0.000876768210108953 -999 -999 0.993779232520325
  2 2 5 4 100 -999 0.00243271616951294 -999 -999 -999 -999 -999 0.00760724188467666 0.000936739655385887 -999 -999 0.989023302290425
  2 2 5 5 100 -999 0.00228230325436116 -999 -999 -999 -999 -999 0.00759124546081952 0.000825895324190144 -999 -999 0.989300555960629
  2 3 5 1 100 -999 0.000215714139219797 -999 -999 -999 -999 -999 -999 1.12476257003724e-08 -999 -999 0.999784274613155
  2 3 5 2 100 -999 0.00114788945283634 -999 -999 -999 -999 -999 0.000206947802776955 0.000178608579628881 -999 -999 0.998466554164758
  2 3 5 3 100 -999 0.0028083345183166 -999 -999 -999 -999 -999 0.00350283364024002 0.000865064378882657 -999 -999 0.992823767462561
  2 3 5 4 100 -999 0.00281400719249927 -999 -999 -999 -999 -999 0.00858495635026091 0.000928175570164953 -999 -999 0.987672860887075
  2 3 5 5 100 -999 0.00262926428491394 -999 -999 -999 -999 -999 0.00830124065898068 0.000829132994482767 -999 -999 0.988240362061623
  2 4 5 1 100 -999 0.00012386740990173 -999 -999 -999 -999 -999 -999 1.70417426560454e-08 -999 -999 0.999876115548356
  2 4 5 2 100 -999 0.000876147663345663 -999 -999 -999 -999 -999 5.94330509012756e-05 0.000177026063550206 -999 -999 0.998887393222203
  2 4 5 3 100 -999 0.00207877962833984 -999 -999 -999 -999 -999 0.0023611670361092 0.000833501127663491 -999 -999 0.994726552207887
  2 4 5 4 100 -999 0.00207592252815846 -999 -999 -999 -999 -999 0.00649059990643968 0.000886383035536212 -999 -999 0.990547094529866
  2 4 5 5 100 -999 0.0019600474307217 -999 -999 -999 -999 -999 0.00631603506335112 0.00079730511850869 -999 -999 0.990926612387419
  2 5 5 1 100 -999 0.000178592184339789 -999 -999 -999 -999 -999 -999 2.07097083452045e-08 -999 -999 0.999821387105952
  2 5 5 2 100 -999 0.00104047061060363 -999 -999 -999 -999 -999 7.15287237002122e-05 0.000188503606190183 -999 -999 0.998699497059506
  2 5 5 3 100 -999 0.00244509682726632 -999 -999 -999 -999 -999 0.00186556597766749 0.00089963095975312 -999 -999 0.994789706235313
  2 5 5 4 100 -999 0.00249072777152703 -999 -999 -999 -999 -999 0.00486579036659696 0.000969762114645476 -999 -999 0.991673719747231
  2 5 5 5 100 -999 0.00228776043785546 -999 -999 -999 -999 -999 0.00472741919370993 0.000870339401084851 -999 -999 0.99211448096735
  2 6 5 1 100 -999 0.000265465936618537 -999 -999 -999 -999 -999 -999 1.27898841816764e-08 -999 -999 0.999734521273497
  2 6 5 2 100 -999 0.00103031917838153 -999 -999 -999 -999 -999 0.000305722815087152 0.000180160397882243 -999 -999 0.998483797608649
  2 6 5 3 100 -999 0.00236844526670161 -999 -999 -999 -999 -999 0.00288910252315354 0.000907749000294091 -999 -999 0.993834703209851
  2 6 5 4 100 -999 0.00236745903241664 -999 -999 -999 -999 -999 0.00564598684540988 0.000973964801048483 -999 -999 0.991012589321125
  2 6 5 5 100 -999 0.00222941240365976 -999 -999 -999 -999 -999 0.00545497339476838 0.000874665887505206 -999 -999 0.991440948314067
  2 7 5 1 100 -999 0.000697499024512223 -999 -999 -999 -999 -999 -999 1.51843142323488e-08 -999 -999 0.999302485791174
  2 7 5 2 100 -999 0.00231733777832656 -999 -999 -999 -999 -999 0.000449073016231192 0.000174116657567535 -999 -999 0.997059472547875
  2 7 5 3 100 -999 0.00575421173312099 -999 -999 -999 -999 -999 0.00342935083906782 0.000849169933458949 -999 -999 0.989967267494352
  2 7 5 4 100 -999 0.00582123114768392 -999 -999 -999 -999 -999 0.00583753113652293 0.000907262055286354 -999 -999 0.987433975660507
  2 7 5 5 100 -999 0.00550487576263672 -999 -999 -999 -999 -999 0.00584051088840578 0.000810660208322226 -999 -999 0.987843953140635
  2 8 5 1 100 -999 9.23044699871107e-05 -999 -999 -999 -999 -999 -999 8.12748366557669e-09 -999 -999 0.999907687402529
  2 8 5 2 100 -999 0.0019165700700168 -999 -999 -999 -999 -999 0.000545751185666837 0.000182996280966886 -999 -999 0.997354682463349
  2 8 5 3 100 -999 0.0042741827094242 -999 -999 -999 -999 -999 0.00503094954123694 0.000901290992484767 -999 -999 0.989793576756854
  2 8 5 4 100 -999 0.00429194925822257 -999 -999 -999 -999 -999 0.00811651730884531 0.000962426487373241 -999 -999 0.986629106945559
  2 8 5 5 100 -999 0.00404901701783611 -999 -999 -999 -999 -999 0.00773097085215642 0.000850458531782356 -999 -999 0.987369553598225
  2 9 5 1 100 -999 0.000315792188978969 -999 -999 -999 -999 -999 -999 5.45038180945598e-09 -999 -999 0.999684202360639
  2 9 5 2 100 -999 0.000558322873202736 -999 -999 -999 -999 -999 0.00036686466208319 0.00015885944530491 -999 -999 0.998915953019409
  2 9 5 3 100 -999 0.00121832775822408 -999 -999 -999 -999 -999 0.00510790229898479 0.00077092834592446 -999 -999 0.992902841596867
  2 9 5 4 100 -999 0.00122263282683092 -999 -999 -999 -999 -999 0.00889114291408989 0.000817811042213521 -999 -999 0.989068413216866
  2 9 5 5 100 -999 0.00113882655138082 -999 -999 -999 -999 -999 0.00843148008870169 0.000731661221588906 -999 -999 0.989698032138329
  2 10 5 1 100 -999 0.000272283954597383 -999 -999 -999 -999 -999 -999 1.21966887722405e-08 -999 -999 0.999727703848714
  2 10 5 2 100 -999 0.00162657716164037 -999 -999 -999 -999 -999 4.84400942549997e-05 0.000193369150705651 -999 -999 0.998131613593399
  2 10 5 3 100 -999 0.00375481457025143 -999 -999 -999 -999 -999 0.00304969927018037 0.000942363062258326 -999 -999 0.99225312309731
  2 10 5 4 100 -999 0.0037320619795418 -999 -999 -999 -999 -999 0.00802939933490638 0.0010019866314541 -999 -999 0.987236552054098
  2 10 5 5 100 -999 0.00346055987890033 -999 -999 -999 -999 -999 0.00755029543336202 0.000880637802627635 -999 -999 0.98810850688511
  2 11 5 1 100 -999 0.000261466182714125 -999 -999 -999 -999 -999 -999 1.51678532082667e-08 -999 -999 0.999738518649433
  2 11 5 2 100 -999 0.00145450538515548 -999 -999 -999 -999 -999 6.01598124321553e-06 0.000196160399606987 -999 -999 0.998343318233994
  2 11 5 3 100 -999 0.00349272152884024 -999 -999 -999 -999 -999 0.0042255414665296 0.000953433949796648 -999 -999 0.991328303054834
  2 11 5 4 100 -999 0.00334212901959008 -999 -999 -999 -999 -999 0.0115786013080933 0.00101762500195062 -999 -999 0.984061644670366
  2 11 5 5 100 -999 0.00318304013674187 -999 -999 -999 -999 -999 0.0108923131329475 0.000909534431128271 -999 -999 0.985015112299182
  2 12 5 1 100 -999 0.000150515418299386 -999 -999 -999 -999 -999 -999 1.2135503820106e-08 -999 -999 0.999849472446197
  2 12 5 2 100 -999 0.00140859226514481 -999 -999 -999 -999 -999 4.00309124436388e-05 0.000181074253061318 -999 -999 0.99837030256935
  2 12 5 3 100 -999 0.00326392325052911 -999 0.000215607894692254 -999 -999 -999 0.00310545147879222 0.000870510242584645 -999 -999 0.992544507133402
  2 12 5 4 100 -999 0.00329912168084509 -999 0.000598294830409049 -999 -999 -999 0.00857855481009287 0.000921533513188989 -999 -999 0.986602495165464
  2 12 5 5 100 -999 0.00306883947966827 -999 0.000539073751548342 -999 -999 -999 0.00841634093603744 0.000822396492495403 -999 -999 0.987153349340251
  2 13 5 1 100 -999 0.000179179634586576 -999 -999 -999 -999 -999 -999 1.03930405386953e-08 -999 -999 0.999820809972373
  2 13 5 2 100 -999 0.000780024084245325 -999 -999 -999 -999 -999 8.21663462008364e-05 0.000186189690739117 -999 -999 0.998951619878815
  2 13 5 3 100 -999 0.00185602688881108 -999 -999 -999 -999 -999 0.00278466897820517 0.000924693991509832 -999 -999 0.994434610141474
  2 13 5 4 100 -999 0.00186710609348954 -999 -999 -999 -999 -999 0.00748134239371935 0.00099593627233399 -999 -999 0.989655615240457
  2 13 5 5 100 -999 0.00173289590589604 -999 -999 -999 -999 -999 0.00761588775871702 0.000884314813702816 -999 -999 0.989766901521684
  2 14 5 1 100 -999 0.00022958576704801 -999 -999 -999 -999 -999 -999 1.90902332692425e-08 -999 -999 0.999770395142719
  2 14 5 2 100 -999 0.00123664472910871 -999 -999 -999 -999 -999 7.62458855964058e-05 0.000202291334557977 -999 -999 0.998484818050737
  2 14 5 3 100 -999 0.00271785134884857 -999 -999 -999 -999 -999 0.00196254021412393 0.00102372611387076 -999 -999 0.994295882323157
  2 14 5 4 100 -999 0.00278195280237513 -999 -999 -999 -999 -999 0.00494921207782088 0.00112329492631154 -999 -999 0.991145540193492
  2 14 5 5 100 -999 0.00253926263168018 -999 -999 -999 -999 -999 0.00509401446377232 0.000988602478145934 -999 -999 0.991378120426402
  2 15 5 1 100 -999 0.000185204391800593 -999 -999 -999 -999 -999 -999 1.29350009600762e-08 -999 -999 0.999814782673198
  2 15 5 2 100 -999 0.000903601587362132 -999 -999 -999 -999 -999 7.43489619759673e-05 0.000164219240480536 -999 -999 0.998857830210181
  2 15 5 3 100 -999 0.00231150907001444 -999 -999 -999 -999 -999 0.00149741919766143 0.000824300122260566 -999 -999 0.995366771610064
  2 15 5 4 100 -999 0.00233531860431347 -999 -999 -999 -999 -999 0.00348690570746136 0.000895887037074502 -999 -999 0.993281888651151
  2 15 5 5 100 -999 0.00220875019208198 -999 -999 -999 -999 -999 0.0035707866717032 0.000796786288891541 -999 -999 0.993423676847323
  2 16 5 1 100 -999 0.000139038649014858 -999 -999 -999 -999 -999 -999 1.23306201415618e-08 -999 -999 0.999860949020365
  2 16 5 2 100 -999 0.00132610138779112 -999 -999 -999 -999 -999 0.00013600259994003 0.000170951157830313 -999 -999 0.998366944854439
  2 16 5 3 100 -999 0.00316882600517338 -999 -999 -999 -999 -999 0.00167591917462237 0.000847673129749825 -999 -999 0.994307581690454
  2 16 5 4 100 -999 0.00325947097688894 -999 -999 -999 -999 -999 0.00361406367875778 0.00090876781837931 -999 -999 0.992217697525974
  2 16 5 5 100 -999 0.00299548838822096 -999 -999 -999 -999 -999 0.00352947996630581 0.000803645867987 -999 -999 0.992671385777486
  2 17 5 1 100 -999 0.000209545340578997 -999 -999 -999 -999 -999 -999 9.19039353169775e-09 -999 -999 0.999790445469028
  2 17 5 2 100 -999 0.000676446241318683 -999 -999 -999 -999 -999 5.59890808438111e-05 0.000191469383052114 -999 -999 0.999076095294785
  2 17 5 3 100 -999 0.00165675168615013 -999 -999 -999 -999 -999 0.00114210085167745 0.000927234186831452 -999 -999 0.996273913275341
  2 17 5 4 100 -999 0.0016823583626741 -999 -999 -999 -999 -999 0.00230397939573234 0.000981985802358407 -999 -999 0.995031676439235
  2 17 5 5 100 -999 0.00157004723781658 -999 -999 -999 -999 -999 0.00224569768603779 0.000863934940753864 -999 -999 0.995320320135392
  2 18 5 1 100 -999 0.000338102964525222 -999 -999 -999 -999 -999 -999 1.17036822635389e-08 -999 -999 0.999661885331793
  2 18 5 2 100 -999 0.00193923646917969 -999 -999 -999 -999 -999 7.02960957274979e-05 0.000170688590616721 -999 -999 0.997819778844476
  2 18 5 3 100 -999 0.0040509255750882 -999 -999 -999 -999 -999 0.00119481644597524 0.000847581007872784 -999 -999 0.993906676971064
  2 18 5 4 100 -999 0.00411790537685535 -999 -999 -999 -999 -999 0.00269440653263866 0.000912461474416315 -999 -999 0.99227522661609
  2 18 5 5 100 -999 0.00374422811764312 -999 -999 -999 -999 -999 0.00246133743177391 0.000799837253615592 -999 -999 0.992994597196967
  2 19 5 1 100 -999 0.000130853669966663 -999 -999 -999 -999 -999 -999 1.25293117000376e-08 -999 -999 0.999869133800722
  2 19 5 2 100 -999 0.000887520686887468 -999 -999 -999 -999 -999 4.97179593043226e-05 0.000175689725050219 -999 -999 0.998887071628758
  2 19 5 3 100 -999 0.00233918025707765 -999 -999 -999 -999 -999 0.000831844115660051 0.000881747088882671 -999 -999 0.99594722853838
  2 19 5 4 100 -999 0.00236465492622216 -999 -999 -999 -999 -999 0.00189038032849154 0.000951258687982429 -999 -999 0.994793706057304
  2 19 5 5 100 -999 0.00225379688012725 -999 -999 -999 -999 -999 0.00175443167887147 0.000836182589394943 -999 -999 0.995155588851606
  2 20 5 1 100 -999 0.00021675776921788 -999 -999 -999 -999 -999 -999 1.15817360440505e-08 -999 -999 0.999783230649046
  2 20 5 2 100 -999 0.00106906589989387 -999 -999 -999 -999 -999 1.22200390265873e-06 0.000176761897946273 -999 -999 0.998752950198257
  2 20 5 3 100 -999 0.00252689804543869 -999 -999 -999 -999 -999 0.000747654736740788 0.000878164979816021 -999 -999 0.995847282238004
  2 20 5 4 100 -999 0.00261794740501057 -999 -999 -999 -999 -999 0.00201167045765091 0.000943343886934801 -999 -999 0.994427038250404
  2 20 5 5 100 -999 0.00241439667433224 -999 -999 -999 -999 -999 0.00181545359986822 0.000838612304474393 -999 -999 0.994931537421325
  2 21 5 1 100 -999 0.000212537754879798 -999 -999 -999 -999 -999 -999 2.6673893401549e-08 -999 -999 0.999787435571227
  2 21 5 2 100 -999 0.00101797607954802 -999 -999 -999 -999 -999 1.79219043378484e-05 0.000230924512026636 -999 -999 0.998733177504088
  2 21 5 3 100 -999 0.00249348806357513 -999 -999 -999 -999 -999 0.000563179500620886 0.00113349478223516 -999 -999 0.995809837653569
  2 21 5 4 100 -999 0.00254502324159189 -999 -999 -999 -999 -999 0.00147264736773501 0.00120737038457312 -999 -999 0.9947749590061
  2 21 5 5 100 -999 0.00238399830839915 -999 -999 -999 -999 -999 0.00144259017349304 0.00103702557115423 -999 -999 0.995136385946954
  2 22 5 1 100 -999 0.000450039845140778 -999 -999 -999 -999 -999 -999 9.42483359942906e-09 -999 -999 0.999549950730026
  2 22 5 2 100 -999 0.00202866142826731 -999 -999 -999 -999 -999 9.15067650914658e-05 0.000196614544059872 -999 -999 0.997683217262581
  2 22 5 3 100 -999 0.00409177889508601 -999 -999 -999 -999 -999 0.000841167163576439 0.000954630766584326 -999 -999 0.994112423174753
  2 22 5 4 100 -999 0.00424343628854277 -999 -999 -999 -999 -999 0.00160049956650276 0.001015229069233 -999 -999 0.993140835075721
  2 22 5 5 100 -999 0.00386625952841106 -999 -999 -999 -999 -999 0.00153037014402573 0.000901946376882217 -999 -999 0.993701423950681
  2 23 5 1 100 -999 0.000278376863107573 -999 -999 -999 -999 -999 -999 1.71879599330473e-08 -999 -999 0.999721605948932
  2 23 5 2 100 -999 0.00133385030311574 -999 -999 -999 -999 -999 0.000258704762627477 0.000181000468816483 -999 -999 0.99822644446544
  2 23 5 3 100 -999 0.00342496230928399 -999 -999 -999 -999 -999 0.0014218597178086 0.000896053750829987 -999 -999 0.994257124222077
  2 23 5 4 100 -999 0.0034720303296677 -999 -999 -999 -999 -999 0.00182186428306243 0.000959356941688297 -999 -999 0.993746748445582
  2 23 5 5 100 -999 0.00333967767139642 -999 -999 -999 -999 -999 0.00175910282577709 0.000852478666431591 -999 -999 0.994048740836395
  2 24 5 1 100 -999 0.000233187871071892 -999 -999 -999 -999 -999 -999 9.15286840751003e-09 -999 -999 0.99976680297606
  2 24 5 2 100 -999 0.00184947349053416 -999 -999 -999 -999 -999 0.00035335449067184 0.000168242872191993 -999 -999 0.997628929146602
  2 24 5 3 100 -999 0.00439934021618197 -999 -999 -999 -999 -999 0.00216151347007913 0.000825939579682689 -999 -999 0.992613206734056
  2 24 5 4 100 -999 0.00454779311772987 -999 -999 -999 -999 -999 0.00266595436330329 0.000868132798460191 -999 -999 0.991918119720507
  2 24 5 5 100 -999 0.00422283448783092 -999 -999 -999 -999 -999 0.00252892439353651 0.000770468549213055 -999 -999 0.992477772569419
  2 25 5 1 100 -999 0.000211624465535923 -999 -999 -999 -999 -999 -999 1.47975541949444e-08 -999 -999 0.99978836073691
  2 25 5 2 100 -999 0.000991650866074193 -999 -999 -999 -999 -999 0.00023501783101944 0.000192921218936456 -999 -999 0.99858041008397
  2 25 5 3 100 -999 0.00244022269450826 -999 -999 -999 -999 -999 0.00276284170539387 0.00095655817088773 -999 -999 0.99384037742921
  2 25 5 4 100 -999 0.00245729486231472 -999 -999 -999 -999 -999 0.00425806834221564 0.00102062939795021 -999 -999 0.992264007397519
  2 25 5 5 100 -999 0.00232177134898808 -999 -999 -999 -999 -999 0.00398558870563138 0.000904875811562516 -999 -999 0.992787764133818
  2 26 5 1 100 -999 0.000235117010351372 -999 -999 -999 -999 -999 -999 9.36694161280336e-09 -999 -999 0.999764873622707
  2 26 5 2 100 -999 0.00132527765140513 -999 -999 -999 -999 -999 0.000200058614116729 0.000180090255723836 -999 -999 0.998294573478754
  2 26 5 3 100 -999 0.00316666426467448 -999 -999 -999 -999 -999 0.00220655900735563 0.000906244151158621 -999 -999 0.993720532576811
  2 26 5 4 100 -999 0.00320598740958335 -999 -999 -999 -999 -999 0.00459939041360685 0.000967378780503254 -999 -999 0.991227243396307
  2 26 5 5 100 -999 0.00296740010755743 -999 -999 -999 -999 -999 0.00427272059539104 0.000864906374374487 -999 -999 0.991894972922677
  2 27 5 1 100 -999 0.000362643099323419 -999 -999 -999 -999 -999 -999 1.14227684776875e-08 -999 -999 0.999637345477908
  2 27 5 2 100 -999 0.00161907577524101 -999 -999 -999 -999 -999 4.73114743990799e-06 0.000199312314047796 -999 -999 0.998176880763271
  2 27 5 3 100 -999 0.00349655881096823 -999 0.000282779067484091 -999 -999 -999 0.00199708641494828 0.000973081742157797 -999 -999 0.993250493964442
  2 27 5 4 100 -999 0.00346034864276335 -999 0.000835333434134221 -999 -999 -999 0.00569897503684413 0.00102716608509244 -999 -999 0.988978176801166
  2 27 5 5 100 -999 0.00325709230656813 -999 0.000761845944241052 -999 -999 -999 0.00538055408483215 0.000914057597139088 -999 -999 0.98968645006722
  2 28 5 1 100 -999 0.000228717838946294 -999 -999 -999 -999 -999 -999 8.5734134189097e-09 -999 -999 0.99977127358764
  2 28 5 2 100 -999 0.00142108839744417 -999 -999 -999 -999 -999 4.25256201829132e-05 0.000200183962797829 -999 -999 0.998336202019575
  2 28 5 3 100 -999 0.00347447226162195 -999 -999 -999 -999 -999 0.00194180728712642 0.000995317967729122 -999 -999 0.993588402483523
  2 28 5 4 100 -999 0.00348341443456163 -999 -999 -999 -999 -999 0.00538141887842867 0.00105935480755274 -999 -999 0.990075811879457
  2 28 5 5 100 -999 0.00323737968246255 -999 -999 -999 -999 -999 0.00504377870106425 0.000936699399045079 -999 -999 0.990782142217428
  2 29 5 1 100 -999 0.000198026767703101 -999 -999 -999 -999 -999 -999 1.64578273061372e-08 -999 -999 0.99980195677447
  2 29 5 2 100 -999 0.000966864317465898 -999 -999 -999 -999 -999 8.10245785705182e-05 0.000211020745543785 -999 -999 0.99874109035842
  2 29 5 3 100 -999 0.00246834367439495 -999 -999 -999 -999 -999 0.00153871975620837 0.00103004288571467 -999 -999 0.994962893683682
  2 29 5 4 100 -999 0.00246282166554139 -999 -999 -999 -999 -999 0.00385891819091061 0.00109707751562022 -999 -999 0.992581182627928
  2 29 5 5 100 -999 0.00235770227071108 -999 -999 -999 -999 -999 0.00377747300919777 0.000961529798881621 -999 -999 0.99290329492121
  2 30 5 1 100 -999 0.00025582192444783 -999 -999 -999 -999 -999 -999 1.19282682274975e-08 -999 -999 0.999744166147284
  2 30 5 2 100 -999 0.00159527681213087 -999 -999 -999 -999 -999 0.000102880202130178 0.000208668490518747 -999 -999 0.99809317449522
  2 30 5 3 100 -999 0.00392562882545608 -999 -999 -999 -999 -999 0.00157136123560387 0.00100099515408952 -999 -999 0.993502014784851
  2 30 5 4 100 -999 0.00401258821024798 -999 -999 -999 -999 -999 0.00353784804714374 0.00107298180281384 -999 -999 0.991376581939794
  2 30 5 5 100 -999 0.00373165201430592 -999 -999 -999 -999 -999 0.00369302926109958 0.000963702886263143 -999 -999 0.991611615838331
  2 31 5 1 100 -999 0.000359850079804054 -999 -999 -999 -999 -999 -999 1.23339664079597e-08 -999 -999 0.999640137586229
  2 31 5 2 100 -999 0.00171548864772812 -999 -999 -999 -999 -999 0.000117084326399565 0.000228217213989462 -999 -999 0.997939209811883
  2 31 5 3 100 -999 0.00393662489390206 -999 -999 -999 -999 -999 0.00159561905774572 0.0011329474789323 -999 -999 0.99333480856942
  2 31 5 4 100 -999 0.00401662304734453 -999 -999 -999 -999 -999 0.00313297563559947 0.00120944604240405 -999 -999 0.991640955274652
  2 31 5 5 100 -999 0.00376390164140153 -999 -999 -999 -999 -999 0.00323556880057292 0.00106793455968032 -999 -999 0.991932594998345
  2 32 5 1 100 -999 0.000287884547129789 -999 -999 -999 -999 -999 -999 7.57040793453277e-09 -999 -999 0.999712107882462
  2 32 5 2 100 -999 0.00168216003092182 -999 -999 -999 -999 -999 0.00011831955057649 0.000189761017676476 -999 -999 0.998009759400825
  2 32 5 3 100 -999 0.00400535800311771 -999 -999 -999 -999 -999 0.00149984985965008 0.000943936104650492 -999 -999 0.993550856032582
  2 32 5 4 100 -999 0.00413299333752381 -999 -999 -999 -999 -999 0.00334307563715699 0.00100473086593631 -999 -999 0.991519200159383
  2 32 5 5 100 -999 0.00380941757755221 -999 -999 -999 -999 -999 0.0032948967071669 0.000888006710306408 -999 -999 0.992007679004974
  2 33 5 1 100 -999 0.000131520465818637 -999 -999 -999 -999 -999 -999 1.47879381897147e-08 -999 -999 0.999868464746243
  2 33 5 2 100 -999 0.000793773022919576 -999 -999 -999 -999 -999 0.000160047446579683 0.000188405309178233 -999 -999 0.998857774221322
  2 33 5 3 100 -999 0.00194909187400851 -999 -999 -999 -999 -999 0.00158286985281672 0.00092626542741027 -999 -999 0.995541772845765
  2 33 5 4 100 -999 0.00195664896149019 -999 -999 -999 -999 -999 0.00320544245512973 0.000982869598332205 -999 -999 0.993855038985048
  2 33 5 5 100 -999 0.00188830585416907 -999 -999 -999 -999 -999 0.00315882845029884 0.000861897709437727 -999 -999 0.994090967986094
  2 34 5 1 100 -999 0.000323049586267687 -999 -999 -999 -999 -999 -999 1.05287397773995e-08 -999 -999 0.999676939884993
  2 34 5 2 100 -999 0.00161231247195784 -999 -999 -999 -999 -999 0.000150178987251178 0.000221030847434533 -999 -999 0.998016477693356
  2 34 5 3 100 -999 0.00398830734705082 -999 -999 -999 -999 -999 0.00211436402259202 0.00114609304934757 -999 -999 0.99275123558101
  2 34 5 4 100 -999 0.00408975681717745 -999 -999 -999 -999 -999 0.00395920713032095 0.00122772794721295 -999 -999 0.990723308105289
  2 34 5 5 100 -999 0.00376261581679852 -999 -999 -999 -999 -999 0.0037453080814809 0.00107250590031709 -999 -999 0.991419570201403
  2 35 5 1 100 -999 0.000221179421652326 -999 -999 -999 -999 -999 -999 7.85836688020687e-09 -999 -999 0.999778812719981
  2 35 5 2 100 -999 0.00130660729534921 -999 -999 -999 -999 -999 8.7640937683744e-05 0.000192957849468665 -999 -999 0.998412793917498
  2 35 5 3 100 -999 0.00274685920016887 -999 -999 -999 -999 -999 0.00145429385302902 0.000969861184798014 -999 -999 0.994828985762004
  2 35 5 4 100 -999 0.00276898138838678 -999 -999 -999 -999 -999 0.00340073506256996 0.00102958794469398 -999 -999 0.992800695604349
  2 35 5 5 100 -999 0.00264252958549566 -999 -999 -999 -999 -999 0.00323895257162668 0.000901749137725109 -999 -999 0.993216768705153
  2 36 5 1 100 -999 0.000417226139290152 -999 -999 -999 -999 -999 -999 1.08021216132888e-08 -999 -999 0.999582763058588
  2 36 5 2 100 -999 0.00173234246620099 -999 -999 -999 -999 -999 0.000103312492072749 0.000199925028485054 -999 -999 0.997964420013241
  2 36 5 3 100 -999 0.00416088871167641 -999 -999 -999 -999 -999 0.00180346932415549 0.00105846467094985 -999 -999 0.992977177293218
  2 36 5 4 100 -999 0.00427416292832886 -999 -999 -999 -999 -999 0.00421838090240658 0.00113983694716105 -999 -999 0.990367619222103
  2 36 5 5 100 -999 0.00388695552820077 -999 -999 -999 -999 -999 0.0038885109392808 0.000987685986927611 -999 -999 0.991236847545591
  2 37 5 1 100 -999 0.000121896409438954 -999 -999 -999 -999 -999 -999 1.52088222889249e-08 -999 -999 0.999878088381739
  2 37 5 2 100 -999 0.000841860592794203 -999 -999 -999 -999 -999 0.000162075780954217 0.000191043242897908 -999 -999 0.998805020383354
  2 37 5 3 100 -999 0.00203950657104967 -999 -999 -999 -999 -999 0.00169155694497927 0.000956537572988075 -999 -999 0.995312398910983
  2 37 5 4 100 -999 0.00203963224562011 -999 -999 -999 -999 -999 0.00340905036252886 0.00101872620640346 -999 -999 0.993532591185448
  2 37 5 5 100 -999 0.00196445838671769 -999 -999 -999 -999 -999 0.00321986385747517 0.000892924181729856 -999 -999 0.993922753574077
  2 38 5 1 100 -999 0.00035114194731954 -999 -999 -999 -999 -999 -999 1.40912665711094e-08 -999 -999 0.999648843961414
  2 38 5 2 100 -999 0.00155407504045667 -999 -999 -999 -999 -999 0.000342939365253331 0.000226847351142935 -999 -999 0.997876138243147
  2 38 5 3 100 -999 0.00396497034796113 -999 -999 -999 -999 -999 0.00294974455712122 0.00118054962595917 -999 -999 0.991904735468959
  2 38 5 4 100 -999 0.00406010637772927 -999 -999 -999 -999 -999 0.00478533738479094 0.00126182773888059 -999 -999 0.989892728498599
  2 38 5 5 100 -999 0.00374441929070866 -999 -999 -999 -999 -999 0.00448235557653707 0.00110398774690151 -999 -999 0.990669237385853
  2 39 5 1 100 -999 0.000130163973349212 -999 -999 -999 -999 -999 -999 1.18206266426432e-08 -999 -999 0.999869824206024
  2 39 5 2 100 -999 0.000934435406691971 -999 -999 -999 -999 -999 0.000225548551520051 0.000158866963271948 -999 -999 0.998681149078516
  2 39 5 3 100 -999 0.00227106532890754 -999 -999 -999 -999 -999 0.00265439575068644 0.000804809271676618 -999 -999 0.994269729648729
  2 39 5 4 100 -999 0.00228669246672773 -999 -999 -999 -999 -999 0.00448945209667926 0.000863366822310943 -999 -999 0.992360488614282
  2 39 5 5 100 -999 0.00220192776785131 -999 -999 -999 -999 -999 0.00431544447521328 0.000765949413590334 -999 -999 0.992716678343345
  2 40 5 1 100 -999 0.000590503010640192 -999 -999 -999 -999 -999 -999 2.3110099361876e-08 -999 -999 0.99940947387926
  2 40 5 2 100 -999 0.00224108444391642 -999 -999 -999 -999 -999 0.000311549441637995 0.000221111726355291 -999 -999 0.99722625438809
  2 40 5 3 100 -999 0.00513942623939282 -999 0.0003362330654231 -999 -999 -999 0.00353388526023883 0.00110556441292172 -999 -999 0.989884891022023
  2 40 5 4 100 -999 0.00517018183450534 -999 0.000972430696283017 -999 -999 -999 0.00744060737821483 0.00117146815778181 -999 -999 0.985245311933215
  2 40 5 5 100 -999 0.00476838968109983 -999 0.000882033501372801 -999 -999 -999 0.00705549583262957 0.00103053707760374 -999 -999 0.986263543907294
  2 41 5 1 100 -999 0.000227476936097349 -999 -999 -999 -999 -999 -999 1.07179664215266e-08 -999 -999 0.999772512345936
  2 41 5 2 100 -999 0.00166270181787314 -999 -999 -999 -999 -999 0.000147975137897154 0.000183500659968746 -999 -999 0.998005822384261
  2 41 5 3 100 -999 0.00413613151373034 -999 -999 -999 -999 -999 0.00252407848690791 0.000926572660476029 -999 -999 0.992413217338886
  2 41 5 4 100 -999 0.00408427407254952 -999 -999 -999 -999 -999 0.00615642865593408 0.000989094821008037 -999 -999 0.988770202450508
  2 41 5 5 100 -999 0.00394046221959009 -999 -999 -999 -999 -999 0.005932514223481 0.000863841604383905 -999 -999 0.989263181952545
  2 42 5 1 100 -999 0.000255149765622734 -999 -999 -999 -999 -999 -999 8.48897104338272e-09 -999 -999 0.999744841745406
  2 42 5 2 100 -999 0.00175451330927777 -999 -999 -999 -999 -999 9.83586779338609e-05 0.00019934318848064 -999 -999 0.997947784824308
  2 42 5 3 100 -999 0.00414222216689996 -999 -999 -999 -999 -999 0.00254623512054666 0.00102581353287596 -999 -999 0.992285729179677
  2 42 5 4 100 -999 0.00416822423533967 -999 -999 -999 -999 -999 0.0065429067989278 0.00109063033362714 -999 -999 0.988198238632105
  2 42 5 5 100 -999 0.00384195117834436 -999 -999 -999 -999 -999 0.00616585780191841 0.000947862443074027 -999 -999 0.989044328576663
  2 43 5 1 100 -999 0.000217912065095325 -999 -999 -999 -999 -999 -999 1.3003486354371e-08 -999 -999 0.999782074931418
  2 43 5 2 100 -999 0.00112153481778732 -999 -999 -999 -999 -999 0.000157386158342775 0.000168375278397028 -999 -999 0.998552703745473
  2 43 5 3 100 -999 0.00267134732536031 -999 -999 -999 -999 -999 0.0029384966465742 0.000838883971015195 -999 -999 0.99355127205705
  2 43 5 4 100 -999 0.00265134056505413 -999 -999 -999 -999 -999 0.00720186898575334 0.000894001477327173 -999 -999 0.989252788971865
  2 43 5 5 100 -999 0.00249337407911296 -999 -999 -999 -999 -999 0.00682371820123345 0.000780907166414132 -999 -999 0.989902000553239
  2 44 5 1 100 -999 0.000242954399329482 -999 -999 -999 -999 -999 -999 8.95526847751311e-09 -999 -999 0.999757036645402
  2 44 5 2 100 -999 0.00139119090688301 -999 -999 -999 -999 -999 9.53469882554507e-05 0.00021265662677867 -999 -999 0.998300805478083
  2 44 5 3 100 -999 0.00300473093525549 -999 -999 -999 -999 -999 0.00222066202633306 0.00110862811474531 -999 -999 0.993665978923666
  2 44 5 4 100 -999 0.00306214604408763 -999 -999 -999 -999 -999 0.00579796675470184 0.00118772641784575 -999 -999 0.989952160783365
  2 44 5 5 100 -999 0.00283918707766297 -999 -999 -999 -999 -999 0.00564179256351255 0.00102893057554851 -999 -999 0.990490089783276
  2 45 5 1 100 -999 0.000279873826303868 -999 -999 -999 -999 -999 -999 7.71887829124277e-09 -999 -999 0.999720118454818
  2 45 5 2 100 -999 0.00141335771826067 -999 -999 -999 -999 -999 0.000202302081477039 0.000170227752900108 -999 -999 0.998214112447362
  2 45 5 3 100 -999 0.00353007535204452 -999 -999 -999 -999 -999 0.00275160267945651 0.000879607355223136 -999 -999 0.992838714613276
  2 45 5 4 100 -999 0.00355657353132189 -999 -999 -999 -999 -999 0.00645224310742762 0.000938583466730734 -999 -999 0.98905259989452
  2 45 5 5 100 -999 0.00329701330053303 -999 -999 -999 -999 -999 0.00663386258368016 0.000829870966534912 -999 -999 0.989239253149252
  2 46 5 1 100 -999 0.000165390233228064 -999 -999 -999 -999 -999 -999 1.5117276587634e-08 -999 -999 0.999834594649495
  2 46 5 2 100 -999 0.00116554520348986 -999 -999 -999 -999 -999 0.00013173978710112 0.000224394227892049 -999 -999 0.998478320781517
  2 46 5 3 100 -999 0.00285522227234747 -999 0.000197843428950381 -999 -999 -999 0.00203311369281087 0.00113018282057441 -999 -999 0.993783637785317
  2 46 5 4 100 -999 0.00292927332506194 -999 0.00056918010422581 -999 -999 -999 0.00494322415029036 0.00120526598914594 -999 -999 0.990353056431276
  2 46 5 5 100 -999 0.00274072058277787 -999 0.000518590632367434 -999 -999 -999 0.00509727785352249 0.00105790691395846 -999 -999 0.990585504017374
  2 47 5 1 100 -999 0.00023136949162206 -999 -999 -999 -999 -999 -999 1.00759013446797e-08 -999 -999 0.999768620432477
  2 47 5 2 100 -999 0.00126885374898151 -999 -999 -999 -999 -999 0.000225668085551472 0.000160801923117545 -999 -999 0.998344676242349
  2 47 5 3 100 -999 0.00302579186254703 -999 -999 -999 -999 -999 0.00266009506873245 0.000809932722514008 -999 -999 0.993504180346206
  2 47 5 4 100 -999 0.00306258122923309 -999 -999 -999 -999 -999 0.00585786612157012 0.000863660195193045 -999 -999 0.990215892454004
  2 47 5 5 100 -999 0.00283977277460215 -999 -999 -999 -999 -999 0.00578913565167045 0.000765363595461552 -999 -999 0.990605727978266
  2 48 5 1 100 -999 0.000336655095945837 -999 -999 -999 -999 -999 -999 2.04915382511376e-08 -999 -999 0.999663324412516
  2 48 5 2 100 -999 0.00144417463065224 -999 -999 -999 -999 -999 9.44606917620997e-05 0.000233040830838093 -999 -999 0.998228323846748
  2 48 5 3 100 -999 0.00297001022760427 -999 -999 -999 -999 -999 0.0017020574834392 0.00117228799990254 -999 -999 0.994155644289054
  2 48 5 4 100 -999 0.00302889515799199 -999 -999 -999 -999 -999 0.00428429491669703 0.00125575014610676 -999 -999 0.991431059779204
  2 48 5 5 100 -999 0.00282735933119933 -999 -999 -999 -999 -999 0.00435593704897404 0.00109161431312267 -999 -999 0.991725089306704
  2 49 5 1 100 -999 0.000208517221514926 -999 -999 -999 -999 -999 -999 7.85166621192628e-09 -999 -999 0.999791474926819
  2 49 5 2 100 -999 0.00128360791927822 -999 -999 -999 -999 -999 0.000431072335277778 0.000168823233617603 -999 -999 0.998116496511826
  2 49 5 3 100 -999 0.00324448768731492 -999 -999 -999 -999 -999 0.00349161850917577 0.000854948948266651 -999 -999 0.992408944855243
  2 49 5 4 100 -999 0.00322958272882739 -999 -999 -999 -999 -999 0.00631089861235348 0.000907940787801525 -999 -999 0.989551577871018
  2 49 5 5 100 -999 0.00307373522894318 -999 -999 -999 -999 -999 0.00620255825306284 0.000803622628646069 -999 -999 0.989920083889348
  2 50 5 1 100 -999 0.000366274761368238 -999 -999 -999 -999 -999 -999 1.10136394300833e-08 -999 -999 0.999633714224992
  2 50 5 2 100 -999 0.00182131357626716 -999 -999 -999 -999 -999 0.00061939201871202 0.000191811242861516 -999 -999 0.997367483162159
  2 50 5 3 100 -999 0.00406683016735281 -999 -999 -999 -999 -999 0.00446146231910501 0.000991331042642632 -999 -999 0.9904803764709
  2 50 5 4 100 -999 0.00418244494816946 -999 -999 -999 -999 -999 0.00661625866544158 0.00105961394886306 -999 -999 0.988141682437526
  2 50 5 5 100 -999 0.00386078214032842 -999 -999 -999 -999 -999 0.00633587075758882 0.000920691125152135 -999 -999 0.988882655976931
  2 51 5 1 100 -999 0.000156710601261507 -999 -999 -999 -999 -999 -999 9.02901519794983e-09 -999 -999 0.999843280369723
  2 51 5 2 100 -999 0.00134209928760003 -999 -999 -999 -999 -999 0.000458686644588419 0.000155664646364092 -999 -999 0.998043549421447
  2 51 5 3 100 -999 0.00308422627551462 -999 -999 -999 -999 -999 0.00596435286285257 0.000793369748226912 -999 -999 0.990158051113406
  2 51 5 4 100 -999 0.00304409587005592 -999 -999 -999 -999 -999 0.00991338913757765 0.000842583741761714 -999 -999 0.986199931250605
  2 51 5 5 100 -999 0.00284681452640693 -999 -999 -999 -999 -999 0.00948235070960778 0.000741379217516309 -999 -999 0.986929455546469
  2 52 5 1 100 -999 0.00022822600070498 -999 -999 -999 -999 -999 -999 2.53618743010231e-08 -999 -999 0.999771748637421
  2 52 5 2 100 -999 0.000783477266779839 -999 -999 -999 -999 -999 3.77865048827095e-05 0.000195906545002412 -999 -999 0.998982829683335
  2 52 5 3 100 -999 0.0020119952175407 -999 -999 -999 -999 -999 0.00278159612441579 0.00105497129678294 -999 -999 0.994151437361261
  2 52 5 4 100 -999 0.00199695771674488 -999 -999 -999 -999 -999 0.0079706160697855 0.00113647596856736 -999 -999 0.988895950244902
  2 52 5 5 100 -999 0.00184338011184919 -999 -999 -999 -999 -999 0.00776152934470156 0.000978214969873551 -999 -999 0.989416875573576
  2 53 5 1 100 -999 0.000212252015729644 -999 -999 -999 -999 -999 -999 1.1372431131874e-08 -999 -999 0.999787736611839
  2 53 5 2 100 -999 0.00157115060446851 -999 -999 -999 -999 -999 3.81304390502419e-06 0.000166394684274142 -999 -999 0.998258641667352
  2 53 5 3 100 -999 0.00392745335417207 -999 -999 -999 -999 -999 0.0039719000930098 0.000876341684778976 -999 -999 0.991224304868039
  2 53 5 4 100 -999 0.00364918428180475 -999 -999 -999 -999 -999 0.0117018533481314 0.000929746112337252 -999 -999 0.983719216257727
  2 53 5 5 100 -999 0.00347751461242051 -999 -999 -999 -999 -999 0.0113465708208849 0.000823239029233835 -999 -999 0.984352675537461
  2 54 5 1 100 -999 0.000217237445815908 -999 -999 -999 -999 -999 -999 1.14311376490408e-08 -999 -999 0.999782751123046
  2 54 5 2 100 -999 0.00125973798282189 -999 -999 -999 -999 -999 2.61855407013028e-05 0.000216011496113993 -999 -999 0.998498064980363
  2 54 5 3 100 -999 0.0027444363531651 -999 -999 -999 -999 -999 0.00345584902972109 0.00114279328139212 -999 -999 0.992656921335722
  2 54 5 4 100 -999 0.00267172430155387 -999 -999 -999 -999 -999 0.0100198675063358 0.00123107898234517 -999 -999 0.986077329209765
  2 54 5 5 100 -999 0.00254456669557414 -999 -999 -999 -999 -999 0.00973163855477356 0.00108383196184727 -999 -999 0.986639962787805
  2 55 5 1 100 -999 0.000494693558511129 -999 -999 -999 -999 -999 -999 1.1426298417718e-08 -999 -999 0.99950529501519
  2 55 5 2 100 -999 0.0020515028254484 -999 -999 -999 -999 -999 0.000233773019943756 0.000188919948596543 -999 -999 0.997525804206011
  2 55 5 3 100 -999 0.0046356652202912 -999 -999 -999 -999 -999 0.00376329334920709 0.000962866920568251 -999 -999 0.990638174509933
  2 55 5 4 100 -999 0.0046746598761373 -999 -999 -999 -999 -999 0.00960265841654532 0.00102770666557487 -999 -999 0.984694975041743
  2 55 5 5 100 -999 0.00425311433423766 -999 -999 -999 -999 -999 0.0102158584307971 0.000913521013434442 -999 -999 0.984617506221531
  2 56 5 1 100 -999 0.000174659275999802 -999 -999 -999 -999 -999 -999 1.19606970192872e-08 -999 -999 0.999825328763303
  2 56 5 2 100 -999 0.00125314531237896 -999 -999 -999 -999 -999 0.00022480213710195 0.000233343957082394 -999 -999 0.998288708593437
  2 56 5 3 100 -999 0.00279480885449594 -999 -999 -999 -999 -999 0.00210492715457455 0.00121461402753762 -999 -999 0.993885649963392
  2 56 5 4 100 -999 0.00284361192202854 -999 -999 -999 -999 -999 0.00430224415061258 0.00132561965064015 -999 -999 0.991528524276719
  2 56 5 5 100 -999 0.00269679687716407 -999 -999 -999 -999 -999 0.00468887178001899 0.00115902334211231 -999 -999 0.991455308000705
  2 57 5 1 100 -999 0.000460572157062028 -999 -999 -999 -999 -999 -999 8.46970554528249e-09 -999 -999 0.999539419373232
  2 57 5 2 100 -999 0.0016803985255223 -999 -999 -999 -999 -999 0.000141509589193795 0.000194190705321152 -999 -999 0.997983901179963
  2 57 5 3 100 -999 0.00428154633606265 -999 -999 -999 -999 -999 0.00277170823086852 0.00098037865451818 -999 -999 0.991966366778551
  2 57 5 4 100 -999 0.00437674278024678 -999 -999 -999 -999 -999 0.00594628983350659 0.00104832004462529 -999 -999 0.988628647341621
  2 57 5 5 100 -999 0.00406240473376281 -999 -999 -999 -999 -999 0.00621390864254734 0.000929045360099829 -999 -999 0.98879464126359
  2 58 5 1 100 -999 0.00016885175585866 -999 -999 -999 -999 -999 -999 1.11621528136143e-08 -999 -999 0.999831137081989
  2 58 5 2 100 -999 0.00148728545490804 -999 -999 -999 -999 -999 3.89091620624362e-05 0.000203134463559234 -999 -999 0.99827067091947
  2 58 5 3 100 -999 0.00380734296238141 -999 -999 -999 -999 -999 0.00151826553122625 0.00107016205960903 -999 -999 0.993604229446783
  2 58 5 4 100 -999 0.00383439066994801 -999 -999 -999 -999 -999 0.00454608190119616 0.00115320082337999 -999 -999 0.990466326605476
  2 58 5 5 100 -999 0.00369700578546842 -999 -999 -999 -999 -999 0.00486816154553111 0.00101581887777633 -999 -999 0.990419013791224
  2 59 5 1 100 -999 0.000320314020430924 -999 -999 -999 -999 -999 -999 6.1279945868329e-09 -999 -999 0.999679679851574
  2 59 5 2 100 -999 0.00170222883005734 -999 -999 -999 -999 -999 0.000173701857840765 0.000180985844060746 -999 -999 0.997943083468041
  2 59 5 3 100 -999 0.00413474532633359 -999 -999 -999 -999 -999 0.00274561722125769 0.000934236677946149 -999 -999 0.992185400774463
  2 59 5 4 100 -999 0.00414325923511997 -999 -999 -999 -999 -999 0.00670382995220428 0.00100407011740364 -999 -999 0.988148840695272
  2 59 5 5 100 -999 0.00385208138790924 -999 -999 -999 -999 -999 0.00660551020552013 0.000885412074025165 -999 -999 0.988656996332545
  2 60 5 1 100 -999 0.00019808844270863 -999 -999 -999 -999 -999 -999 1.30063974596779e-08 -999 -999 0.999801898550894
  2 60 5 2 100 -999 0.001142742156093 -999 -999 -999 -999 -999 0.000140380258493093 0.000226722870115808 -999 -999 0.998490154715298
  2 60 5 3 100 -999 0.00284465748586758 -999 -999 -999 -999 -999 0.0016573968442687 0.00118994698262193 -999 -999 0.994307998687242
  2 60 5 4 100 -999 0.00291340618994362 -999 -999 -999 -999 -999 0.00340857324509784 0.00128521977594972 -999 -999 0.992392800789009
  2 60 5 5 100 -999 0.00271192877979971 -999 -999 -999 -999 -999 0.00330306033232646 0.0011225306010566 -999 -999 0.992862480286817
  2 61 5 1 100 -999 0.00054201793393835 -999 -999 -999 -999 -999 -999 6.55918344189732e-09 -999 -999 0.999457975506878
  2 61 5 2 100 -999 0.00224578051759336 -999 -999 -999 -999 -999 0.000518079466836002 0.000183650453168371 -999 -999 0.997052489562402
  2 61 5 3 100 -999 0.00492079672695764 -999 -999 -999 -999 -999 0.0043591515991426 0.000954826146440833 -999 -999 0.989765225527459
  2 61 5 4 100 -999 0.00496448250833762 -999 -999 -999 -999 -999 0.00684309716814562 0.00102525077553999 -999 -999 0.987167169547977
  2 61 5 5 100 -999 0.00464363430766652 -999 -999 -999 -999 -999 0.00668536521776966 0.000912416316939574 -999 -999 0.987758584157624
  2 62 5 1 100 -999 0.000195897674662196 -999 -999 -999 -999 -999 -999 1.95082903452571e-08 -999 -999 0.999804082817047
  2 62 5 2 100 -999 0.00165768693475038 -999 -999 -999 -999 -999 0.000518341135068837 0.000224343863082588 -999 -999 0.997599628067098
  2 62 5 3 100 -999 0.00436796334452925 -999 -999 -999 -999 -999 0.00386336524746507 0.00117171448495627 -999 -999 0.990596956923049
  2 62 5 4 100 -999 0.00443899199371712 -999 -999 -999 -999 -999 0.00561461425084693 0.00127050047272353 -999 -999 0.988675893282712
  2 62 5 5 100 -999 0.00419388552989646 -999 -999 -999 -999 -999 0.00554911493235003 0.00111352186357963 -999 -999 0.989143477674174
  2 63 5 1 100 -999 0.000320415219843424 -999 -999 -999 -999 -999 -999 6.15772881067992e-09 -999 -999 0.999679578622428
  2 63 5 2 100 -999 0.00147409089850975 -999 -999 -999 -999 -999 0.000148843523652376 0.000146644798024807 -999 -999 0.998230420779813
  2 63 5 3 100 -999 0.00351461772514264 -999 -999 -999 -999 -999 0.00460429163167893 0.000780072687939813 -999 -999 0.991101017955239
  2 63 5 4 100 -999 0.00348760047366322 -999 -999 -999 -999 -999 0.00870253000139529 0.000840503409094278 -999 -999 0.986969366115847
  2 63 5 5 100 -999 0.0032313036380379 -999 -999 -999 -999 -999 0.00833363476814198 0.000736318851591301 -999 -999 0.987698742742229
  2 64 5 1 100 -999 0.000170516288763782 -999 -999 -999 -999 -999 -999 1.71183235995487e-08 -999 -999 0.999829466592913
  2 64 5 2 100 -999 0.00127655739904228 -999 -999 -999 -999 -999 6.37133705637297e-05 0.000200403712214033 -999 -999 0.99845932551818
  2 64 5 3 100 -999 0.00330804593888243 -999 -999 -999 -999 -999 0.00342900703604498 0.00105286989818769 -999 -999 0.992210077126885
  2 64 5 4 100 -999 0.00323355761862824 -999 -999 -999 -999 -999 0.00972796169135653 0.00111452716993253 -999 -999 0.985923953520083
  2 64 5 5 100 -999 0.00306002726236247 -999 -999 -999 -999 -999 0.00943219972571002 0.000967566501077802 -999 -999 0.98654020651085
  2 65 5 1 100 -999 0.000297531049703121 -999 -999 -999 -999 -999 -999 7.55310049028709e-09 -999 -999 0.999702461397196
  2 65 5 2 100 -999 0.00135021090056681 -999 -999 -999 -999 -999 5.61923678466255e-05 0.000161060753394745 -999 -999 0.998432535978192
  2 65 5 3 100 -999 0.00270422659984855 -999 -999 -999 -999 -999 0.00344940437225281 0.000834990778561823 -999 -999 0.993011378249337
  2 65 5 4 100 -999 0.00259588255284207 -999 -999 -999 -999 -999 0.00991855520876497 0.000889923811112204 -999 -999 0.986595638427281
  2 65 5 5 100 -999 0.00244939399877246 -999 -999 -999 -999 -999 0.00957792967940122 0.000786261092787152 -999 -999 0.987186415229039
  2 66 5 1 100 -999 0.000466019953206611 -999 -999 -999 -999 -999 -999 1.12344165760001e-08 -999 -999 0.999533968812377
  2 66 5 2 100 -999 0.0019691700119841 -999 -999 -999 -999 -999 8.21383310078116e-05 0.000186190119916906 -999 -999 0.997762501537091
  2 66 5 3 100 -999 0.00446811121385165 -999 -999 -999 -999 -999 0.00322182051905749 0.00100332120392419 -999 -999 0.991306747063167
  2 66 5 4 100 -999 0.00441369594845617 -999 -999 -999 -999 -999 0.00946117988571124 0.00108243199133875 -999 -999 0.985042692174494
  2 66 5 5 100 -999 0.00403551697684203 -999 -999 -999 -999 -999 0.00977234848280356 0.00095122321078919 -999 -999 0.985240911329565
  2 67 5 1 100 -999 0.000184513376251557 -999 -999 -999 -999 -999 -999 1.13225434215123e-08 -999 -999 0.999815475301205
  2 67 5 2 100 -999 0.00150229183172802 -999 -999 -999 -999 -999 9.9038719113111e-05 0.00017451980584851 -999 -999 0.99822414964331
  2 67 5 3 100 -999 0.00360917511683775 -999 -999 -999 -999 -999 0.00204713648126631 0.000947627295531891 -999 -999 0.993396061106364
  2 67 5 4 100 -999 0.00364224961616818 -999 -999 -999 -999 -999 0.00563491897118257 0.0010323632803077 -999 -999 0.989690468132342
  2 67 5 5 100 -999 0.00345900315763024 -999 -999 -999 -999 -999 0.00597560081584547 0.000895534352785918 -999 -999 0.989669861673738
  2 68 5 1 100 -999 0.00024657810679368 -999 -999 -999 -999 -999 -999 8.34072818417084e-09 -999 -999 0.999753413552478
  2 68 5 2 100 -999 0.00110046568029013 -999 -999 -999 -999 -999 0.000103850744223508 0.00022002012880328 -999 -999 0.998575663446683
  2 68 5 3 100 -999 0.0028256981030827 -999 -999 -999 -999 -999 0.00176074048816463 0.00117736832189123 -999 -999 0.994236193086861
  2 68 5 4 100 -999 0.00291010373334377 -999 -999 -999 -999 -999 0.00403417508705688 0.00127469206013964 -999 -999 0.99178102911946
  2 68 5 5 100 -999 0.00270062642067765 -999 -999 -999 -999 -999 0.00429291601886468 0.00111207330753518 -999 -999 0.991894384252923
  2 69 5 1 100 -999 0.000250220687909897 -999 -999 -999 -999 -999 -999 9.31658720218087e-09 -999 -999 0.999749769995503
  2 69 5 2 100 -999 0.00133517641374294 -999 -999 -999 -999 -999 0.000101468471417539 0.000174304461972715 -999 -999 0.998389050652867
  2 69 5 3 100 -999 0.00339995889320804 -999 -999 -999 -999 -999 0.00161441232990329 0.000907522219682607 -999 -999 0.994078106557206
  2 69 5 4 100 -999 0.00347931171909091 -999 -999 -999 -999 -999 0.00413560718448728 0.000975218211894164 -999 -999 0.991409862884528
  2 69 5 5 100 -999 0.00326026429666705 -999 -999 -999 -999 -999 0.004318265290605 0.000858970323261099 -999 -999 0.991562500089467
  2 70 5 1 100 -999 0.000288204538303115 -999 -999 -999 -999 -999 -999 1.76331694208044e-08 -999 -999 0.999711777828527
  2 70 5 2 100 -999 0.00162267130952878 -999 -999 -999 -999 -999 6.17040893276952e-05 0.000239260320663459 -999 -999 0.99807636428048
  2 70 5 3 100 -999 0.0039672640280716 -999 -999 -999 -999 -999 0.00150107792466544 0.00126847929437264 -999 -999 0.99326317875289
  2 70 5 4 100 -999 0.00406495493388999 -999 -999 -999 -999 -999 0.00415909664077305 0.00138270258816206 -999 -999 0.990393245837175
  2 70 5 5 100 -999 0.00376532307164636 -999 -999 -999 -999 -999 0.00433174797354626 0.00120917083807735 -999 -999 0.99069375811673
  2 71 5 1 100 -999 0.000359824040450321 -999 -999 -999 -999 -999 -999 9.93904085508824e-09 -999 -999 0.999640166020509
  2 71 5 2 100 -999 0.0019335549376153 -999 -999 -999 -999 -999 0.000168519962636275 0.000188421996793158 -999 -999 0.997709503102955
  2 71 5 3 100 -999 0.00418861023730575 -999 -999 -999 -999 -999 0.00208527063310104 0.00098087474162377 -999 -999 0.992745244387969
  2 71 5 4 100 -999 0.00428803579242773 -999 -999 -999 -999 -999 0.00454177685159166 0.00105728729685817 -999 -999 0.990112900059122
  2 71 5 5 100 -999 0.00397435537303133 -999 -999 -999 -999 -999 0.004052957084415 0.000934938550960782 -999 -999 0.991037748991593
  2 72 5 1 100 -999 0.000172538602940894 -999 -999 -999 -999 -999 -999 9.06614915396747e-09 -999 -999 0.99982745233091
  2 72 5 2 100 -999 0.000952515995400591 -999 -999 -999 -999 -999 0.000226118138892048 0.000197253027930989 -999 -999 0.998624112837776
  2 72 5 3 100 -999 0.00239731659209878 -999 -999 -999 -999 -999 0.00175871536291452 0.00104893972546869 -999 -999 0.994795028319518
  2 72 5 4 100 -999 0.00245493308462577 -999 -999 -999 -999 -999 0.00290778394238823 0.00114181886748566 -999 -999 0.9934954641055
  2 72 5 5 100 -999 0.00233359857717778 -999 -999 -999 -999 -999 0.00289852179070654 0.000993653748460965 -999 -999 0.993774225883655
  2 73 5 1 100 -999 0.000552143896765817 -999 -999 -999 -999 -999 -999 7.57904033215563e-09 -999 -999 0.999447848524194
  2 73 5 2 100 -999 0.0021196913336988 -999 -999 -999 -999 -999 0.000798553057335418 0.000183823749571476 -999 -999 0.996897931859394
  2 73 5 3 100 -999 0.00494243607911712 -999 -999 -999 -999 -999 0.00541415713222491 0.000951047492863452 -999 -999 0.988692359295795
  2 73 5 4 100 -999 0.00503607217448646 -999 -999 -999 -999 -999 0.00735939602131212 0.00100874958803649 -999 -999 0.986595782216165
  2 73 5 5 100 -999 0.00468356386168877 -999 -999 -999 -999 -999 0.00700026499768141 0.000884805169894071 -999 -999 0.987431365970736
  2 74 5 1 100 -999 0.000177195828241148 -999 -999 -999 -999 -999 -999 1.30071587960991e-08 -999 -999 0.9998227911646
  2 74 5 2 100 -999 0.0016916568141254 -999 -999 -999 -999 -999 0.00107792892448599 0.000220143924806831 -999 -999 0.997010270336582
  2 74 5 3 100 -999 0.00422872658012345 -999 -999 -999 -999 -999 0.00673294520872035 0.00115028860219978 -999 -999 0.987888039608956
  2 74 5 4 100 -999 0.00425615006119173 -999 -999 -999 -999 -999 0.00857911787029343 0.00124852132852186 -999 -999 0.985916210739993
  2 74 5 5 100 -999 0.00405731831735477 -999 -999 -999 -999 -999 0.00835333191564702 0.00108083091656029 -999 -999 0.986508518850438
  2 75 5 1 100 -999 0.000341110009107458 -999 -999 -999 -999 -999 -999 1.15903528456774e-08 -999 -999 0.99965887840054
  2 75 5 2 100 -999 0.00138070092502375 -999 -999 -999 -999 -999 0.0008822108263912 0.000153594374535706 -999 -999 0.997583493874049
  2 75 5 3 100 -999 0.00327498122579609 -999 -999 -999 -999 -999 0.00847888960615072 0.000790181175365991 -999 -999 0.987455947992687
  2 75 5 4 100 -999 0.00325579014910625 -999 -999 -999 -999 -999 0.0127621635383626 0.00084164002401628 -999 -999 0.983140406288515
  2 75 5 5 100 -999 0.00304799251368538 -999 -999 -999 -999 -999 0.0121170974687378 0.000741273799174358 -999 -999 0.984093636218403
  2 76 5 1 100 -999 0.000195680973569755 -999 -999 -999 -999 -999 -999 1.24794450211363e-08 -999 -999 0.999804306546985
  2 76 5 2 100 -999 0.00124430770386704 -999 -999 -999 -999 -999 0.000138699770605151 0.000185771948594215 -999 -999 0.998431220576934
  2 76 5 3 100 -999 0.00305142395797411 -999 -999 -999 -999 -999 0.00444837442462649 0.000968774499220711 -999 -999 0.991531427118179
  2 76 5 4 100 -999 0.0028872317256303 -999 -999 -999 -999 -999 0.0116414460739589 0.00104580592963421 -999 -999 0.984425516270777
  2 76 5 5 100 -999 0.00278696949693627 -999 -999 -999 -999 -999 0.0113930185645608 0.000906989764217539 -999 -999 0.984913022174285
  2 77 5 1 100 -999 0.000188252469526511 -999 -999 -999 -999 -999 -999 6.08291424995452e-09 -999 -999 0.999811741447559
  2 77 5 2 100 -999 0.00131010081373466 -999 -999 -999 -999 -999 0.000176394957126847 0.00014283858486492 -999 -999 0.998370665644274
  2 77 5 3 100 -999 0.00295852737902723 -999 -999 -999 -999 -999 0.00561683038692868 0.000747269571319418 -999 -999 0.990677372662725
  2 77 5 4 100 -999 0.00271287149363811 -999 -999 -999 -999 -999 0.0154174035332068 0.000788044636401674 -999 -999 0.981081680336753
  2 77 5 5 100 -999 0.00257436692253765 -999 -999 -999 -999 -999 0.0148993160620039 0.000697807303284984 -999 -999 0.981828509712173
  2 78 5 1 100 -999 0.000347564012910457 -999 -999 -999 -999 -999 -999 9.70306971054832e-09 -999 -999 0.99965242628402
  2 78 5 2 100 -999 0.00152032223460844 -999 -999 -999 -999 -999 0.000172061962000536 0.000219986458371904 -999 -999 0.998087629345019
  2 78 5 3 100 -999 0.0033792852749224 -999 -999 -999 -999 -999 0.00676283814820106 0.00112334563448463 -999 -999 0.988734530942392
  2 78 5 4 100 -999 0.00316315673510515 -999 -999 -999 -999 -999 0.0187048267044385 0.00119736767393165 -999 -999 0.976934648886525
  2 78 5 5 100 -999 0.002961942075156 -999 -999 -999 -999 -999 0.017914901045399 0.00104565014295359 -999 -999 0.978077506736491
  2 79 5 1 100 -999 0.000241234484443153 -999 -999 -999 -999 -999 -999 9.24720398683893e-09 -999 -999 0.999758756268353
  2 79 5 2 100 -999 0.00142355637253452 -999 -999 -999 -999 -999 0.000194327332261411 0.000166648892643231 -999 -999 0.998215467402561
  2 79 5 3 100 -999 0.00348804352893589 -999 -999 -999 -999 -999 0.00450616871863956 0.000837768979230218 -999 -999 0.991168018773194
  2 79 5 4 100 -999 0.00331505206840847 -999 -999 -999 -999 -999 0.012624705546945 0.000894834764285375 -999 -999 0.983165407620361
  2 79 5 5 100 -999 0.00312788354791668 -999 -999 -999 -999 -999 0.0136424933965675 0.000790288360758512 -999 -999 0.982439334694757
  2 80 5 1 100 -999 0.000106511746891101 -999 -999 -999 -999 -999 -999 1.78784382921954e-08 -999 -999 0.999893470374671
  2 80 5 2 100 -999 0.000776217703305572 -999 -999 -999 -999 -999 7.20226306093745e-05 0.00017823165020648 -999 -999 0.998973528015879
  2 80 5 3 100 -999 0.00202087211487682 -999 -999 -999 -999 -999 0.00213458110511434 0.00090822078139309 -999 -999 0.994936325998616
  2 80 5 4 100 -999 0.00203316872279265 -999 -999 -999 -999 -999 0.00639751116679229 0.000986688085130403 -999 -999 0.990582632025285
  2 80 5 5 100 -999 0.00196549269619954 -999 -999 -999 -999 -999 0.00712026339457908 0.000859529042902669 -999 -999 0.990054714866319
  2 1 7 2 100 7.61469952720647e-06 0.00789847229216978 0.000105994192302348 3.63995609945083e-05 0.000814545605006311 -999 -999 1.90395577821128e-08 5.85721340228791e-05 3.72355685736794e-05 -999 0.991041146907846
  2 1 7 3 100 8.56296964482144e-06 0.00874230796989866 0.000147427181985964 0.000253999523100238 0.00090632529331753 -999 6.00671784005535e-06 5.67431567546531e-05 6.13222441175901e-05 5.47017449299654e-05 -999 0.98976260319841
  2 1 7 4 100 5.97811843318214e-05 0.0207534904806313 0.000785736863984145 0.0256291176915512 0.00616595575826521 -999 8.74567783445958e-05 0.00781423448470474 7.1770724714956e-05 0.00144852767740417 -999 0.937183928356068
  2 1 7 5 100 0.000156373198478863 0.0329911631240526 0.00157967086378834 0.0770023748208088 0.0162764642455093 -999 0.000261503854381011 0.0241330965723676 4.8262186903721e-05 0.00418633012959268 -999 0.843364761004117
  2 2 7 2 100 7.28638321917832e-06 0.00634695702990698 0.000102579372048067 0.000109252736287295 0.000815950306037221 -999 -999 4.06658180803506e-08 5.21791053483461e-05 3.2333265625072e-05 -999 0.99253342113571
  2 2 7 3 100 8.16207398168851e-06 0.00678106153052009 0.000133139141796178 0.000309715466765951 0.000890162708797806 -999 4.921920901907e-06 4.58733415547173e-05 5.37234599556411e-05 4.60326498829054e-05 -999 0.991727207705843
  2 2 7 4 100 5.79286205571997e-05 0.0161676622067377 0.000726149803426441 0.0248580949729373 0.00635154111893681 -999 8.78089430106378e-05 0.00661235880915836 5.97072062768501e-05 0.00136837735779239 -999 0.943710370961166
  2 2 7 5 100 0.000158923818380034 0.0287148854028156 0.00154955824023307 0.0771097525329185 0.0176295382447798 -999 0.000280536205652391 0.0211899215311672 3.8847665672859e-05 0.00413189651444706 -999 0.849196139843933
  2 3 7 2 100 6.17621741703649e-06 0.00618003693635664 0.000103234670057356 0.000273484903355756 0.000903663776348008 -999 -999 5.48444060014234e-08 6.94198927189513e-05 4.21670817859465e-05 -999 0.992421761677554
  2 3 7 3 100 7.15693092112256e-06 0.00674810955076509 0.000140711530323169 0.000495242799281969 0.000990455158939197 -999 5.1349763553142e-06 3.82831456030754e-05 7.17393146140366e-05 5.80607305782931e-05 -999 0.991445105862619
  2 3 7 4 100 5.92942186821172e-05 0.0167104435907216 0.000808350721359084 0.0263694993601035 0.00671476303009806 -999 9.04954459405098e-05 0.00570073409290932 7.98198530232277e-05 0.00154011836551632 -999 0.941926481321646
  2 3 7 5 100 0.00015101856344982 0.026707067724409 0.00153918843831658 0.0754275597084009 0.0171329901971548 -999 0.000247917496663121 0.0169974593833292 5.42521272059183e-05 0.00429916455756177 -999 0.857443381803509
  2 4 7 2 100 5.48417493234136e-06 0.00645017712444223 0.00010655606594208 0.000410832989713526 0.000914938633936202 -999 -999 1.26560482700864e-09 8.03014397500128e-05 4.46158057784906e-05 -999 0.9919870924999
  2 4 7 3 100 6.5456363130418e-06 0.0069922206427556 0.000142850626071561 0.000659392630745316 0.000998821092262043 -999 5.03677904561182e-06 3.10596063567353e-05 8.36231602509423e-05 6.14314969670575e-05 -999 0.991019018329232
  2 4 7 4 100 6.05835792765702e-05 0.0173044214747013 0.000787838992697485 0.0319048155860432 0.00723334360360302 -999 8.98117191666215e-05 0.00519222370887722 9.6723106977715e-05 0.00179443879803786 -999 0.935535799430619
  2 4 7 5 100 0.000152998387578847 0.0287516699706883 0.00155685777361901 0.0891626706636744 0.0184229075957573 -999 0.000252423329804833 0.0151446887077627 6.55470628346029e-05 0.00494176426227839 -999 0.841548472246002
  2 5 7 2 100 6.26506328111938e-06 0.00567611706892422 0.000102248054866111 0.000112161546610628 0.000995027524798974 -999 -999 7.50371854256641e-08 8.61058685710408e-05 4.40957306068476e-05 -999 0.992977904105156
  2 5 7 3 100 7.35986086792112e-06 0.00621675678524752 0.000143040265196677 0.000453912736849148 0.00108674496145641 -999 6.22371062336626e-06 2.98117071718397e-05 8.97711071544516e-05 6.00009985791012e-05 -999 0.991906377866854
  2 5 7 4 100 5.91774580737523e-05 0.0150369492529395 0.000865865702783342 0.0340753605758658 0.00728005814702112 -999 9.20272268263713e-05 0.00487902801162331 0.000104916970191014 0.00163946150380176 -999 0.935967155150874
  2 5 7 5 100 0.000158134244006777 0.0248149610476349 0.00174315230678771 0.102183087889418 0.0196179700201821 -999 0.000243268732569079 0.0154168120191008 6.72505003197099e-05 0.00485689929685874 -999 0.830898463943122
  2 6 7 2 100 7.14881146573938e-06 0.00635832298092169 0.000112204123154261 0.000105060338401574 0.0010789334423113 -999 -999 5.71984349477892e-15 0.000113423786324656 4.25619971590329e-05 -999 0.992182344520256
  2 6 7 3 100 7.9121682754297e-06 0.00686743924989044 0.00014847479522205 0.000494523348559316 0.00116498283492574 -999 5.57084515701574e-06 2.91494586959164e-05 0.00011773868360089 5.8345461863204e-05 -999 0.99110586315381
  2 6 7 4 100 5.78056797616553e-05 0.0161613294427359 0.000776904174140399 0.0374412464498297 0.00754363449554581 -999 8.87773432369546e-05 0.00462435161173096 0.000134840023295084 0.00167064511091642 -999 0.931500465668807
  2 6 7 5 100 0.000162872486501065 0.0280751146995381 0.00166199593467915 0.115639859847185 0.0211648055796226 -999 0.000275020146093832 0.0151843709992823 8.55537329079946e-05 0.00513518459295689 -999 0.812615221981233
  2 7 7 2 100 5.47317829655201e-06 0.0152651126977907 9.99813132198875e-05 8.17359960906269e-05 0.00102221566645389 -999 -999 1.4662507350444e-13 9.42871876824926e-05 4.2974582028252e-05 -999 0.983388219378291
  2 7 7 3 100 6.5163523017379e-06 0.0165772333522618 0.000135371909344757 0.000493154493420952 0.00111118031358528 -999 5.63546953186582e-06 3.03089693863685e-05 9.85984230237729e-05 5.91906161931678e-05 -999 0.98148281010095
  2 7 7 4 100 5.68617061658017e-05 0.0384193370280537 0.000754150177749092 0.0402749702686123 0.00755269073534523 -999 8.61761062212631e-05 0.00487058899606018 0.000115534358629036 0.00178590242830619 -999 0.906083788194857
  2 7 7 5 100 0.00015125920770517 0.0615967936219648 0.00156581280599915 0.119255866872729 0.0204194045111785 -999 0.000243042004388978 0.01527618614671 7.32381801718252e-05 0.00526715550005019 -999 0.776151241149103
  2 8 7 2 100 7.20337940233242e-06 0.0122584463379323 0.000106868913459122 6.55900473938692e-05 0.00108730430046404 -999 -999 5.07750468163865e-09 7.51372018966875e-05 4.13826280611173e-05 -999 0.986358062113886
  2 8 7 3 100 8.15221627041646e-06 0.0132252996238882 0.000140794110167981 0.000467190295392312 0.00117144190267748 -999 5.56518185039766e-06 2.98431238707055e-05 7.82826805868371e-05 5.50480463408708e-05 -999 0.984818382818955
  2 8 7 4 100 5.65128135038347e-05 0.0304485159241233 0.000808284581353632 0.0481200057289864 0.00781918197798851 -999 8.59385600709966e-05 0.00515702499090925 9.31880260458207e-05 0.00163557227235288 -999 0.905775775124665
  2 8 7 5 100 0.000158442263383922 0.0514365750064127 0.00182857962026725 0.151852633039247 0.0223440240634013 -999 0.000272407344531788 0.017195182458209 5.88574646188728e-05 0.00511707314008731 -999 0.749736225599841
  2 9 7 2 100 6.79929159243135e-06 0.00333094510727634 9.80927836205147e-05 6.44715554953025e-05 0.00120434398898065 -999 -999 4.03246401521914e-10 7.1764920850874e-05 4.4539472082961e-05 -999 0.995179042476855
  2 9 7 3 100 7.53315394478664e-06 0.00357250466601043 0.000130962279625327 0.000537642600296283 0.00129486959266425 -999 5.77605061072485e-06 3.79412933692936e-05 7.48439576574331e-05 6.11951186688632e-05 -999 0.994276731287153
  2 9 7 4 100 5.97417313755093e-05 0.00840958088946249 0.000819824238155832 0.0631399605899337 0.00880386340740873 -999 9.68482851669667e-05 0.00618668264340027 8.68899764438339e-05 0.00190190161220081 -999 0.910494706626452
  2 9 7 5 100 0.000164866855201843 0.0145792107326214 0.00184485519671113 0.190153213638429 0.0241368634462712 -999 0.000290576992180924 0.0197597316023243 5.34628774717072e-05 0.00564477229043481 -999 0.743372446368354
  2 10 7 2 100 5.89854694266258e-06 0.00978849290189791 0.000101785368617746 3.69219463946585e-05 0.00129825966483601 -999 -999 3.9758942252617e-08 5.99146228961254e-05 3.92461343682537e-05 -999 0.988669441055104
  2 10 7 3 100 6.89279000922953e-06 0.0105266264442275 0.000135831212863551 0.000510373790719723 0.00138219044336525 -999 5.81808188103798e-06 3.46460113206213e-05 6.19374371142598e-05 5.55380142633988e-05 -999 0.987280145774235
  2 10 7 4 100 5.61725812746238e-05 0.0245268002412467 0.000823475024284291 0.064444839261251 0.00865234065565812 -999 8.59331820583717e-05 0.00556265305679082 6.89004988829986e-05 0.00190857994502432 -999 0.893870305553529
  2 10 7 5 100 0.000147161587310833 0.0401808104352001 0.00169165782054026 0.189709998903137 0.0228961972292471 -999 0.000220832537303075 0.0170006091458118 4.44570125534242e-05 0.00553866767272738 -999 0.722569607656169
  2 11 7 2 100 6.23665765806401e-06 0.00897558470329726 9.65677828559138e-05 3.31096587843203e-05 0.0012922447342499 -999 -999 1.26984778460007e-07 6.73824288859855e-05 3.64591477609545e-05 -999 0.989492287901729
  2 11 7 3 100 7.31148893731273e-06 0.00975354825489235 0.000132365151093096 0.000576442854766338 0.00138928227982916 -999 6.09050251972707e-06 4.23271429019955e-05 7.00405935244365e-05 5.37273628969581e-05 -999 0.987968864368639
  2 11 7 4 100 5.79766371944375e-05 0.0229391663235448 0.000812946468370261 0.0721199591648345 0.00925420043999793 -999 8.9246207272521e-05 0.00636333901391647 7.82654086560761e-05 0.0018669122628961 -999 0.886417988073317
  2 11 7 5 100 0.000162578091361206 0.0383661695712653 0.00183816363667492 0.221720020146612 0.0258390042936024 -999 0.000279096284267034 0.0205477145614071 4.7787025799129e-05 0.00566758200975538 -999 0.685531884379255
  2 12 7 2 100 6.08561428463257e-06 0.00853284824714154 0.000103339599115104 0.000157742840952621 0.00141480734567693 -999 -999 3.82665842497054e-10 8.89497022739766e-05 3.88325310945204e-05 -999 0.989657393736795
  2 12 7 3 100 7.11665787398161e-06 0.00916873798759784 0.000136203484544789 0.000700401282609017 0.00150430479265235 -999 5.75877747430787e-06 3.97939698397511e-05 9.11266784564341e-05 5.49225345428359e-05 -999 0.988291633834409
  2 12 7 4 100 6.03793415964756e-05 0.0224513256475005 0.000874024988349106 0.0840230372115416 0.0099353742746282 -999 9.84933714756e-05 0.00698157865990545 9.94320940434121e-05 0.00206173469018782 -999 0.873414619720772
  2 12 7 5 100 0.000160020075544186 0.0372936658435521 0.00181361045576101 0.250430824049305 0.0267187114954524 -999 0.000262158834614457 0.0218558125576631 6.36169174449505e-05 0.00606519936605833 -999 0.655336380404605
  2 13 7 2 100 6.14000216946539e-06 0.00485077678498849 0.000105309217794343 0.00033849777627423 0.00155530136009022 -999 -999 6.12223206357715e-10 9.2936185627349e-05 4.02967147756792e-05 -999 0.993010741346057
  2 13 7 3 100 6.99659294715221e-06 0.0052583494426169 0.000141024568657518 0.000967007601266566 0.00165537806507633 -999 6.69492053490242e-06 4.30753352214313e-05 9.64147897422016e-05 5.9002621283036e-05 -999 0.991766056062654
  2 13 7 4 100 6.04842577483865e-05 0.012965095285196 0.000859579307851043 0.0955321450235643 0.0106225371841729 -999 0.000100598988855996 0.00718655560171019 0.000103897902366215 0.00220637961118836 -999 0.870362726837347
  2 13 7 5 100 0.000160959231367085 0.022024180211837 0.0018392679074198 0.27217933262159 0.0275628756311262 -999 0.000282869644377295 0.0216732139633257 6.41366029381909e-05 0.0062117703495121 -999 0.648001393836507
  2 14 7 2 100 7.97087446477016e-06 0.00615011244760138 0.000103454678493819 7.91428762807482e-05 0.00162465186479628 -999 -999 2.70499346808424e-11 8.24945711305607e-05 3.85873425307714e-05 -999 0.991913585317652
  2 14 7 3 100 8.74082153485417e-06 0.00665722202576176 0.000142444686182974 0.000779704603988669 0.00171885289734084 -999 6.69177924280656e-06 3.50927130903181e-05 8.57533263159778e-05 5.54633713004435e-05 -999 0.990510033775241
  2 14 7 4 100 6.15725221124379e-05 0.0167384467948516 0.00090525056689782 0.10049338699485 0.0107175168912676 -999 0.000100872086783068 0.00605516329517461 9.84142919149573e-05 0.00218089331706755 -999 0.86264848323908
  2 14 7 5 100 0.000162574803439414 0.0289056218204539 0.00186921788456777 0.290946425269099 0.0281350620000317 -999 0.000275150034135318 0.0184760238815449 6.19832079559299e-05 0.00625752520054926 -999 0.624910415898223
  2 15 7 2 100 5.27712041573642e-06 0.0070371146414626 0.000100647371490821 2.84577177071553e-05 0.00183137050540467 -999 -999 2.51356850922607e-13 8.15740185294537e-05 4.4479952590761e-05 -999 0.990871078672147
  2 15 7 3 100 6.25805666506892e-06 0.0075814747253743 0.000134307531559989 0.000627317638756 0.00190640544400523 -999 7.31376518461535e-06 2.26571803689798e-05 8.50755152263001e-05 6.07827397045995e-05 -999 0.989568407403155
  2 15 7 4 100 5.35164369398649e-05 0.0181533289478636 0.000788406261366116 0.0861875331193544 0.00999257880723799 -999 0.000103762934831439 0.00428408617242793 9.75386273429296e-05 0.0021856767178378 -999 0.878153571974798
  2 15 7 5 100 0.000152663536054477 0.0326753095141907 0.00180731721932555 0.269544236631493 0.0278922667262988 -999 0.000294266560778137 0.0142988253568889 5.75516537217498e-05 0.00676460403763698 -999 0.646512958763612
  2 16 7 2 100 5.43580766036543e-06 0.00692291574576088 0.000107101737164762 1.99718756551523e-05 0.00194707051384959 -999 -999 1.32504947034056e-13 9.16465718799984e-05 3.64827287857938e-05 -999 0.990869375019111
  2 16 7 3 100 6.19336092368808e-06 0.00759568642959198 0.000147208234748141 0.000385203477418395 0.00201929503745571 -999 8.79419285444013e-06 1.00579266391256e-05 9.53756769551536e-05 4.84993024190724e-05 -999 0.989683686360994
  2 16 7 4 100 3.56644986436979e-05 0.017273352275482 0.000704339821709704 0.0475265797502627 0.00818133460159143 -999 9.8061860149409e-05 0.00207872605155963 0.000112298622868792 0.00138515629310784 -999 0.922604486224625
  2 16 7 5 100 0.000126784961448288 0.0331323838181997 0.00161632042812023 0.206297969115041 0.0290338795376798 -999 0.000214405166310343 0.00965970718195776 6.58873911058986e-05 0.00588537416237827 -999 0.713967288237759
  2 17 7 2 100 4.62460911719631e-06 0.00481938351195884 0.000106249238523883 1.98265665597975e-05 0.00206194107867061 -999 -999 5.17825176325672e-14 7.96729052586711e-05 3.52546082139703e-05 -999 0.992873047481645
  2 17 7 3 100 5.21182985346072e-06 0.00520567618074445 0.000138708686800825 0.000249216610987042 0.00211661793255974 -999 7.92347630971869e-06 5.11024439110429e-06 8.25531204447603e-05 4.60380815375216e-05 -999 0.992142943836371
  2 17 7 4 100 2.77612624965255e-05 0.0108258682264419 0.000547044149996407 0.027190323238306 0.00683737662059535 -999 8.96474313230158e-05 0.000965377438373114 0.000100842865341809 0.00107784151313321 -999 0.952337917253993
  2 17 7 5 100 0.000113365485783813 0.0218546911952335 0.00112782211087312 0.142467025142196 0.0269367163311064 -999 0.000158840242269473 0.00536848452043419 6.88523006921113e-05 0.00543599945572058 -999 0.79646820321569
  2 18 7 2 100 5.17623413447262e-06 0.00776912788879653 9.66883438259409e-05 2.59881811322863e-05 0.00181955775080164 -999 -999 6.732314376616e-15 5.67022839898171e-05 3.53423275798526e-05 -999 0.990191416989733
  2 18 7 3 100 5.68471147255554e-06 0.00847059674215525 0.000131031386166843 0.000171355711743721 0.00188249730047359 -999 7.70792638286984e-06 3.84366174148177e-06 5.9220906907302e-05 4.44235315708493e-05 -999 0.989223638121386
  2 18 7 4 100 2.08963985807393e-05 0.0171326483770904 0.000520778770133078 0.0178416128092355 0.00549404705869891 -999 8.25180397553727e-05 0.000588147029682465 7.59506313264425e-05 0.000805656606744812 -999 0.957437744278752
  2 18 7 5 100 6.71312625178882e-05 0.0283944134341922 0.000799490171898852 0.0857676089935145 0.0182468471084819 -999 0.000112211897811133 0.00287948594973679 6.07376096182687e-05 0.00363219337873766 -999 0.860039880193491
  2 19 7 2 100 4.59369115894511e-06 0.00643012583539668 9.96314543790032e-05 3.00348164178074e-05 0.00154091360149828 -999 -999 4.26363222900748e-11 6.05656546402978e-05 3.1680755727597e-05 -999 0.991802454148145
  2 19 7 3 100 5.18544576182895e-06 0.00693154763664594 0.000129492851431558 0.000186126832023417 0.00161475286953089 -999 6.34032684153048e-06 4.57283403974691e-06 6.32471111142998e-05 4.21373103096384e-05 -999 0.991016596782301
  2 19 7 4 100 2.16547120584218e-05 0.0136043506043714 0.000476059117997419 0.0166963044500486 0.00577600879517618 -999 7.54677250782763e-05 0.000554435215516676 8.46411965432117e-05 0.000848297559208474 -999 0.961862780624001
  2 19 7 5 100 6.25761737248833e-05 0.021744812713589 0.00069130599255528 0.0726569211019961 0.0186831982782642 -999 0.00011262663708382 0.00242907982648531 7.50402067908543e-05 0.00348372917390058 -999 0.88006070989561
  2 20 7 2 100 4.5025636784901e-06 0.00609873512689312 0.000158345986024079 8.60227135591193e-05 0.00175005848645936 -999 -999 2.32431991543614e-18 7.86650913070748e-05 3.40275991835149e-05 -999 0.991789642432895
  2 20 7 3 100 5.2167090576944e-06 0.00671899743387726 0.000194322507764886 0.000222385918943958 0.00183185422117645 -999 7.00684942849291e-06 3.93833848377112e-06 8.2110198615207e-05 4.80858201175826e-05 -999 0.990886082002535
  2 20 7 4 100 1.6343818421584e-05 0.011991754647788 0.000488124065729405 0.00921753216453439 0.00480892322698575 -999 5.91237162538863e-05 0.000306573594357835 0.000103269372170275 0.000706885646135916 -999 0.972301469747623
  2 20 7 5 100 4.47760065264744e-05 0.0183213068479389 0.000728018487879496 0.0419069129446723 0.0147054759639278 -999 9.51612595332841e-05 0.00141547875753086 0.000102587657270757 0.0030027117385882 -999 0.919677570336132
  2 21 7 2 100 3.85022139598769e-06 0.00690890934642156 9.62102916730668e-05 3.04078454814886e-05 0.00195422671329174 -999 -999 6.63685358983123e-10 8.34475053295011e-05 3.58081718674991e-05 -999 0.990887139240854
  2 21 7 3 100 4.22115314063997e-06 0.00737264531641114 0.00012291239104439 0.000116541733699567 0.00201538992986492 -999 5.73212093858106e-06 3.13109730028429e-06 8.66271820742558e-05 4.83679196239871e-05 -999 0.990224431155902
  2 21 7 4 100 1.6301689839888e-05 0.0141958450156168 0.000478360513551684 0.0075095037321188 0.00555291790015416 -999 7.87272775544711e-05 0.000344526117437111 0.000119388357275058 0.000914316485170666 -999 0.970790112911281
  2 21 7 5 100 4.38379039341178e-05 0.0202580541420972 0.000643799295622747 0.0299325154837093 0.0155886217935319 -999 0.000108484464451495 0.00141372434583903 0.000111725787611537 0.00348672444622107 -999 0.928412512336982
  2 22 7 2 100 3.80203593302731e-06 0.00813649775471281 9.84792057225539e-05 2.00348065045828e-05 0.00160870151363142 -999 -999 2.50382493875801e-13 8.45686136036551e-05 3.22327455754544e-05 -999 0.990015683324066
  2 22 7 3 100 4.14086575125102e-06 0.00876030936844533 0.000132383123530525 0.000107142127032754 0.00168575182435704 -999 5.9296617178361e-06 3.1021762747035e-06 8.73400441108028e-05 4.40383308004898e-05 -999 0.989169862477979
  2 22 7 4 100 1.51164119371383e-05 0.0160610947257157 0.000481045629012256 0.006092124587432 0.00529298791063938 -999 6.4204373036795e-05 0.000297675898052279 0.000108619605511015 0.000816460410680625 -999 0.970770670447983
  2 22 7 5 100 4.10117574201822e-05 0.0235352165107737 0.000693207511932886 0.0229324848180855 0.0148644919775095 -999 9.61007073855016e-05 0.00115953352888514 0.000105048330301488 0.00298780315016102 -999 0.933585101707545
  2 23 7 2 100 4.93283176659099e-06 0.0104256713481668 0.000148583610265416 1.13541308707499e-05 0.00175672217005705 -999 -999 7.71929028557062e-10 8.82790616179523e-05 4.11580874475343e-05 -999 0.987523297987879
  2 23 7 3 100 5.31588265354871e-06 0.0111779853066191 0.00017300475034572 8.13681241210839e-05 0.00182506086954754 -999 6.26398321072897e-06 3.00737821928237e-06 9.10710476087769e-05 5.31977043102077e-05 -999 0.986583724953364
  2 23 7 4 100 1.39007542846175e-05 0.0185258715930716 0.00040093432961984 0.00406455599608437 0.00456594172206145 -999 5.92637972057901e-05 0.000262058345441144 0.000110001480209799 0.000704793352859955 -999 0.971292678629161
  2 23 7 5 100 4.00946321719442e-05 0.0282201103583064 0.000600010929460703 0.0196626446158717 0.0146572947945484 -999 9.59180408412134e-05 0.00132088431086022 0.000106142422316865 0.00323546875358804 -999 0.932061431142035
  2 24 7 2 100 5.48312928210813e-06 0.0113388217076193 8.26274164475031e-05 1.2504418816922e-05 0.00191928839370538 -999 -999 5.78258282617281e-12 7.75693226795508e-05 3.76834822954938e-05 -999 0.986526022123371
  2 24 7 3 100 5.68536186414628e-06 0.0121156076796081 0.000110679043430427 5.88817221485655e-05 0.00197274721983414 -999 5.56088276003494e-06 2.77601058807676e-06 8.06372471018836e-05 4.61926084218213e-05 -999 0.985601232224243
  2 24 7 4 100 1.2616713482649e-05 0.0215822754068085 0.000446523717832167 0.00306392454661378 0.00445249127549326 -999 6.8174581037032e-05 0.000293742658145909 0.00010663192670309 0.000586538532559647 -999 0.969387080641324
  2 24 7 5 100 3.16570616917175e-05 0.0292562663473489 0.000630628849277775 0.013143280672641 0.0121746701075657 -999 9.61615241504888e-05 0.00133231539145456 9.58773486294813e-05 0.00238906965841254 -999 0.940850073038828
  2 25 7 2 100 4.72208961176697e-06 0.00716983067796132 8.32060676311889e-05 1.53418646058494e-05 0.00203523678412292 -999 -999 6.42838781589879e-09 8.51512512172672e-05 3.48447446659514e-05 -999 0.990571660091796
  2 25 7 3 100 4.95449517176868e-06 0.0075580236453059 0.00010427611063118 5.85673158078438e-05 0.00208795687093583 -999 4.93511540055898e-06 4.3136912058583e-06 8.74114611382209e-05 4.32240003976441e-05 -999 0.990046337294005
  2 25 7 4 100 1.41592791193772e-05 0.013728788405355 0.000420605417413648 0.00397714119004592 0.00562537789782162 -999 7.20104161646161e-05 0.00052945994627512 0.000113686961229635 0.000748417100718648 -999 0.974770353385856
  2 25 7 5 100 3.62906193270846e-05 0.0192065698198697 0.00060671863477071 0.015772680473436 0.0156956044136585 -999 9.91720319994075e-05 0.00216607611020013 0.000110387920782205 0.00284377352202312 -999 0.943462726453933
  2 26 7 2 100 2.99390634841251e-06 0.00876956306348393 0.000146823041855635 1.68657113039563e-05 0.00214520232500773 -999 -999 1.6369539173826e-11 7.56877621948091e-05 4.17745605295649e-05 -999 0.988801089612906
  2 26 7 3 100 3.52681795217061e-06 0.00945905377650508 0.000171578590630152 4.34965448369749e-05 0.00219751541931105 -999 6.64735562377155e-06 3.72522286445181e-06 7.91033704369734e-05 4.94465928151584e-05 -999 0.987985906309024
  2 26 7 4 100 1.22419331108199e-05 0.0164462716139912 0.000446447557837805 0.00187423931790481 0.0043592552637228 -999 6.92721847102552e-05 0.000469793060999568 0.000105085650723976 0.00049825402509082 -999 0.975719139391908
  2 26 7 5 100 3.16542563263783e-05 0.0227928725462814 0.000684267926579793 0.00868663285504236 0.011665480512777 -999 0.000101439189778427 0.00230084599969586 9.95802577788726e-05 0.00212650464055321 -999 0.951510721815187
  2 27 7 2 100 4.18616874336185e-06 0.00818666498257288 8.56364942167309e-05 0.000211617567625701 0.00233502907830979 -999 -999 1.38676053846144e-09 9.27067132110276e-05 3.05942990968914e-05 -999 0.989053563309463
  2 27 7 3 100 4.37749879917475e-06 0.00862449698806772 0.000105126563235131 0.000255187311864465 0.00236904365043916 -999 5.26894463194458e-06 3.05685967864062e-06 9.46234971994539e-05 3.56159257878984e-05 -999 0.988503202760296
  2 27 7 4 100 1.10700427073339e-05 0.0148760215648309 0.000393842503342179 0.00329776411091787 0.00427105705422854 -999 7.48409807991579e-05 0.000467018574748331 0.000116525844046683 0.000372913560506285 -999 0.976118945763873
  2 27 7 5 100 2.93779139197487e-05 0.0193811717657241 0.000564566827310422 0.0143475725315208 0.0108055811384681 -999 9.59391384946404e-05 0.00233868678045285 0.000108483412590076 0.00158581713291842 -999 0.950742803358601
  2 28 7 2 100 3.85515860533971e-06 0.00897757116834638 0.00013658742152514 0.000545470218540468 0.00239253956828495 -999 -999 8.44627168449212e-10 8.48770125009909e-05 3.79052809094135e-05 -999 0.98782119332666
  2 28 7 3 100 4.19383824165009e-06 0.00968807245902116 0.000160458971420031 0.000653424868639887 0.00244049940087744 -999 7.55144968424512e-06 4.17321647457219e-06 8.817272231867e-05 4.49033928763897e-05 -999 0.986908549680446
  2 28 7 4 100 1.1037512274452e-05 0.0163074830172588 0.000406391424868028 0.00594785829781621 0.0044125689901853 -999 6.98643373876331e-05 0.000559762587193047 0.000109865264075321 0.000431668804769081 -999 0.971743499764172
  2 28 7 5 100 3.05636959811104e-05 0.0226556544598268 0.000627810248212032 0.0265284522503149 0.0118033088612389 -999 9.55487604648048e-05 0.00295801923284932 9.90442631591756e-05 0.00196479567674245 -999 0.933236802551211
  2 29 7 2 100 2.55089511264841e-06 0.00762004163998038 6.82729642735542e-05 0.000769156905128656 0.00211779203059079 -999 -999 4.85983128076587e-09 7.95514426879208e-05 3.47978122546258e-05 -999 0.98930783145014
  2 29 7 3 100 3.01203289694616e-06 0.00811557781112677 8.77547033139287e-05 0.000890440757643332 0.0021535148980999 -999 5.83745972072607e-06 3.30427071735546e-06 8.19511768087445e-05 4.10517019932869e-05 -999 0.988617555187679
  2 29 7 4 100 1.05760115722678e-05 0.0139029988670458 0.000323139245139868 0.00666944126573725 0.00367343322511367 -999 7.00718667164037e-05 0.000494264587189938 0.000104635293364154 0.000353329366074725 -999 0.974398110272046
  2 29 7 5 100 2.62161680741163e-05 0.0188788750640539 0.0004790073808117 0.0297309326784115 0.00951191453585464 -999 9.57992693061045e-05 0.00278773132207924 9.74404906832454e-05 0.0016175784292454 -999 0.93677450466148
  2 30 7 2 100 3.44407223311881e-06 0.00980909081718186 7.98711692144606e-05 6.49264764082596e-05 0.00182421585323594 -999 -999 9.391464555052e-10 8.52875463141031e-05 3.00024902992037e-05 -999 0.988103160635967
  2 30 7 3 100 3.92509659329435e-06 0.0104589350501423 0.000101946116619271 0.000297545359453753 0.00187009628721718 -999 5.3622928807655e-06 2.57202923582945e-06 8.84752912584804e-05 3.52858654225718e-05 -999 0.987135856611177
  2 30 7 4 100 1.13992406059653e-05 0.0180530387513592 0.00036779800622566 0.00824706804341498 0.00343764448544877 -999 6.51825720569938e-05 0.000414470872376669 0.000117809222580709 0.000294656716869072 -999 0.968990932089062
  2 30 7 5 100 2.55699852625047e-05 0.0236956335590051 0.000525000045650053 0.0366273188105223 0.00901009166623466 -999 8.88987585923199e-05 0.00235038150257151 0.000106868469608902 0.0013364873210284 -999 0.926233749881524
  2 31 7 2 100 3.62928210826078e-06 0.00892797722405329 8.11908466670094e-05 -999 0.00206881166454817 -999 -999 1.8791272456269e-09 9.45323678762911e-05 3.36102376575321e-05 -999 0.988790246497962
  2 31 7 3 100 4.00939250548288e-06 0.00941066971983748 9.69001575946881e-05 0.000220959122946605 0.00210458315691244 -999 4.5428773400624e-06 2.45471894604193e-06 9.66583971004938e-05 3.82027466024058e-05 -999 0.988021019710214
  2 31 7 4 100 1.23385519353896e-05 0.016805586513407 0.000353827043908883 0.0110159071727812 0.0040255753083436 -999 7.20392646437787e-05 0.000536027514414167 0.000122396678725608 0.000364118098653324 -999 0.966692183853187
  2 31 7 5 100 2.79821023491306e-05 0.0217644423280948 0.000500891295440318 0.0463753706685566 0.010475326883836 -999 9.61192229417478e-05 0.0027653395304274 0.000111031964632406 0.00155642475802666 -999 0.916327071245695
  2 32 7 2 100 3.83952971914357e-06 0.00933741097882967 7.81340744151004e-05 1.13345366939605e-05 0.00210179724042968 -999 -999 1.02857595660594e-09 6.26935699275132e-05 3.03996543223687e-05 -999 0.988374389387087
  2 32 7 3 100 4.20331358676918e-06 0.00996351914225088 9.942930172039e-05 0.000211139238508897 0.00214459196728422 -999 5.63502248327689e-06 2.2379261899234e-06 6.51107618382197e-05 3.62640342220401e-05 -999 0.987467869291915
  2 32 7 4 100 1.22908091099881e-05 0.0183112525855663 0.000395229633370194 0.0109803790123137 0.00433313840572404 -999 7.76976263391764e-05 0.000547659517551722 8.94455346219613e-05 0.000435741859306897 -999 0.964817165016096
  2 32 7 5 100 2.95007401429008e-05 0.0239528215910523 0.000554497146576501 0.047116843473022 0.011486247820589 -999 0.000103257161617457 0.00272880115273381 7.88069984048621e-05 0.00185262743422859 -999 0.912096596481633
  2 33 7 2 100 3.66090860931326e-06 0.00795980357478842 7.40216936629446e-05 1.44278028317802e-05 0.00214868326274859 -999 -999 1.53842170418484e-08 6.86092354748764e-05 3.5062887933909e-05 -999 0.989695715249733
  2 33 7 3 100 4.0171493934494e-06 0.00845243837139465 9.59758098056849e-05 7.28236845700159e-05 0.00218991945669716 -999 6.53330607837842e-06 2.41613055611779e-06 7.18074572642605e-05 4.09225265146376e-05 -999 0.989063146107726
  2 33 7 4 100 1.12830979721698e-05 0.0136364133920114 0.000325882827426671 0.00909547840750535 0.00403871903690918 -999 6.74662912842688e-05 0.000453621874011295 9.53751386522893e-05 0.000388960100351537 -999 0.971886799833876
  2 33 7 5 100 3.34167492971811e-05 0.0197244518964813 0.000491879437357536 0.054716270264797 0.0121999543936882 -999 9.32490131705442e-05 0.00278202436745272 8.22936887007013e-05 0.00201214906036549 -999 0.907864311128689
  2 34 7 2 100 2.9813585380474e-06 0.0088685297513468 7.84644252391894e-05 2.30931437184909e-05 0.00232536194292393 -999 -999 5.0255134879589e-08 8.00105596674676e-05 3.54583727991896e-05 -999 0.988586050190632
  2 34 7 3 100 3.41126626442401e-06 0.00955645128749888 0.000103116645547921 7.62312743455283e-05 0.00237955051292709 -999 6.55181434422573e-06 2.29625416063945e-06 8.27567292251052e-05 4.1245608691087e-05 -999 0.987748388606995
  2 34 7 4 100 1.19294162531604e-05 0.0177933795635384 0.000402431100858807 0.0086098171611948 0.00446800755831035 -999 8.01343100350173e-05 0.000418588716045287 0.000109256524958793 0.000383775256333351 -999 0.967722680392472
  2 34 7 5 100 3.42919613827483e-05 0.0240502979807971 0.000550073769113325 0.0522503943162227 0.012849221937476 -999 0.000102231889126782 0.00257220916023929 9.64204837085459e-05 0.00193447112036253 -999 0.905560387381571
  2 35 7 2 100 4.16927872209071e-06 0.00846755523541474 7.6232106811542e-05 2.65419798807504e-05 0.00242388689326342 -999 -999 1.05096385988546e-08 8.24615844827844e-05 3.23574999108508e-05 -999 0.988886784911875
  2 35 7 3 100 4.44998782160289e-06 0.00889784553578535 9.31696361544363e-05 7.61136412176845e-05 0.00245341145795738 -999 5.71680814630133e-06 2.1678356588457e-06 8.47563902175318e-05 3.74631886142477e-05 -999 0.988344905518427
  2 35 7 4 100 1.22335487466097e-05 0.0152810456071012 0.000337422027339382 0.00747569257574641 0.0044954985487408 -999 8.11754062756284e-05 0.000404258246659267 0.000108911881483535 0.000422039622855892 -999 0.971381722535051
  2 35 7 5 100 2.93075978080903e-05 0.0201354004103575 0.000439345689648438 0.0335401395842538 0.0109250914184586 -999 0.000101560184230091 0.00184203766575652 9.74553730726531e-05 0.00166060816710232 -999 0.931229053909312
  2 36 7 2 100 4.07745235995447e-06 0.00769478745014636 7.84619799985254e-05 2.24036096444104e-05 0.00264641777674705 -999 -999 2.11835934204756e-09 6.14858512509414e-05 3.82401532442565e-05 -999 0.989454123608249
  2 36 7 3 100 4.57192561586057e-06 0.00845139688879891 0.000107837537693029 7.38256735297922e-05 0.00270236091946598 -999 8.26446531398739e-06 2.2839460226807e-06 6.44586412375219e-05 4.68194754015917e-05 -999 0.988538180526921
  2 36 7 4 100 1.2599805369897e-05 0.015690627254963 0.000391264437356866 0.00560986922428062 0.00480439636244264 -999 8.34697401120545e-05 0.000382096160096363 8.70794675945402e-05 0.000444653932095953 -999 0.972493943615688
  2 36 7 5 100 3.03614022942635e-05 0.020768699709288 0.000523835848624463 0.0274095969855715 0.01177217974604 -999 0.000112476516325524 0.00189630733120843 8.13207032720139e-05 0.0018492278282076 -999 0.935555993929168
  2 37 7 2 100 4.10027364757705e-06 0.00832828472955295 6.87019868831021e-05 2.55630799647338e-05 0.00266163417707299 -999 -999 8.13404005538894e-10 7.28823926682272e-05 3.70747408287905e-05 -999 0.988801757805978
  2 37 7 3 100 4.3186101156187e-06 0.00876227462403211 8.84999625291931e-05 7.63956208279068e-05 0.00269206838344364 -999 6.60173251340195e-06 3.15799512135005e-06 7.4369151750097e-05 4.30247152673291e-05 -999 0.988249289204399
  2 37 7 4 100 1.07871493185505e-05 0.0141519187256743 0.000309210936484911 0.00511061236172217 0.00474323621529703 -999 7.48843620741856e-05 0.000455385119683701 8.8790677476829e-05 0.00048367138012281 -999 0.974571503072146
  2 37 7 5 100 3.16489716213087e-05 0.0209128649384836 0.000422668708466392 0.0277530884924127 0.0135032723179446 -999 9.9809158959148e-05 0.0025506795676926 8.37166904701249e-05 0.00239494048222231 -999 0.932247310671727
  2 38 7 2 100 4.48013519194438e-06 0.00887756722096205 7.84469623626876e-05 3.16943059585278e-05 0.00293664331693376 -999 -999 3.4062931242318e-11 8.17886307705043e-05 3.59830400681942e-05 -999 0.987953396353689
  2 38 7 3 100 4.84250950217916e-06 0.0095022936493645 0.000101151506160478 7.95563165275259e-05 0.00297900638840775 -999 6.63568150172942e-06 3.99099701832375e-06 8.536296008103e-05 4.22168292126613e-05 -999 0.987194943162224
  2 38 7 4 100 1.26014553528106e-05 0.0178048581960294 0.000407147571757748 0.00433570789389217 0.00523562392178347 -999 9.07823170050631e-05 0.000575759589952108 0.000122935609489454 0.000462698252048118 -999 0.97095188519269
  2 38 7 5 100 2.87971992579986e-05 0.0229236461540211 0.000529806340614866 0.0197348685891422 0.0125467633236685 -999 0.00011659653187495 0.00275382453872314 0.000112433651781758 0.00191039151275366 -999 0.939342872158162
  2 39 7 2 100 3.09684762728869e-06 0.00974800553304464 7.27809435037265e-05 2.74324883860721e-05 0.00227521102190113 -999 -999 5.01710897416277e-11 9.55455764885131e-05 3.18618212402488e-05 -999 0.987746065717637
  2 39 7 3 100 3.64570516997964e-06 0.0102785282862964 9.14032811216443e-05 7.42713214914721e-05 0.00231447935873666 -999 6.46085507493069e-06 4.83634695123274e-06 9.83566956964856e-05 3.94772918579676e-05 -999 0.987088540857603
  2 39 7 4 100 1.26372227262579e-05 0.0165661197137786 0.000295894654989499 0.00398868991184027 0.00462740974872982 -999 6.97898900770779e-05 0.000682719184134936 0.00012026700501332 0.000522335048054336 -999 0.973114137620656
  2 39 7 5 100 2.96661797428839e-05 0.0230916261791465 0.000415043174096715 0.0177790567034018 0.0123642471530667 -999 9.29447528568009e-05 0.00317810523167057 0.000109939574494831 0.00216088941126053 -999 0.940778481640263
  2 40 7 2 100 3.12361157999353e-06 0.00962085790945427 0.000119248596642595 0.000216309318731432 0.00251195024383361 -999 -999 6.83082040503639e-08 9.04083607576091e-05 3.16429909062982e-05 -999 0.98740639065989
  2 40 7 3 100 3.57408826455377e-06 0.0103849737076116 0.000140219728687512 0.000302761816941618 0.00256731988337721 -999 6.91966053291424e-06 5.21432239826556e-06 9.40501894834933e-05 3.83104653285936e-05 -999 0.986456656137374
  2 40 7 4 100 1.27580516701637e-05 0.0188717782507705 0.000388488861390329 0.0059377384710557 0.00501237672234506 -999 7.90456349410767e-05 0.000718144540245231 0.000126479528747754 0.000446902219104857 -999 0.968406287719729
  2 40 7 5 100 3.41806748749455e-05 0.025495432105493 0.000559039515288222 0.0283020185083973 0.0139066757436749 -999 0.00010754270759347 0.00377476731037082 0.0001190244008859 0.00205226960920001 -999 0.925649049424221
  2 41 7 2 100 3.50741314863026e-06 0.0130724006534643 0.000118608042167881 0.000510706166825252 0.0022893479769008 -999 -999 6.77578827242806e-11 8.61034754761708e-05 4.04826609253875e-05 -999 0.983878843543334
  2 41 7 3 100 3.92286973706507e-06 0.0138404237202159 0.000132955694723486 0.000635797689490665 0.00233264703809019 -999 5.80040002990804e-06 7.44723849096242e-06 8.82096884208387e-05 4.87203633031456e-05 -999 0.982904075297498
  2 41 7 4 100 1.47768334997873e-05 0.0238411801823506 0.000334817124585192 0.00991241114719861 0.00498815112799405 -999 7.1269817997558e-05 0.000995425641720071 0.000107051232961562 0.000642900013627081 -999 0.959092016878065
  2 41 7 5 100 3.67923521591122e-05 0.0320998132572946 0.000482391252813565 0.0372646675988065 0.0125417115587638 -999 9.38257924085299e-05 0.00409060647462929 9.82707614937648e-05 0.00239134499826114 -999 0.91090057595337
  2 42 7 2 100 5.18469759634506e-06 0.00974799555337353 7.40101372398752e-05 0.00077772586855238 0.00186385378970286 -999 -999 1.47816152202604e-09 7.365690203293e-05 4.19073668617341e-05 -999 0.987415664206479
  2 42 7 3 100 5.50196790547227e-06 0.0103675280401731 9.16685058840757e-05 0.000936635330292603 0.00191706655771988 -999 4.93699650695613e-06 8.72164122668227e-06 7.63912807970234e-05 5.00426800419859e-05 -999 0.986541506999452
  2 42 7 4 100 1.70169984099453e-05 0.0196624438996084 0.000382720005839709 0.0130575807435475 0.00483002488541843 -999 6.94251914964692e-05 0.00137235129942389 0.000102526799059266 0.000667326783889423 -999 0.959838583393307
  2 42 7 5 100 3.85782506242558e-05 0.0256622227261518 0.000555689833252273 0.0415373465635377 0.0111712026264522 -999 8.7519291508684e-05 0.00485689788175659 8.91553787079262e-05 0.0021142955846923 -999 0.913887091863316
  2 43 7 2 100 5.33803306524198e-06 0.00776286190942509 7.7693574567403e-05 3.25562193299953e-05 0.00211305830223937 -999 -999 3.0822480937124e-09 6.29703767353889e-05 3.99855802115443e-05 -999 0.989905532922178
  2 43 7 3 100 5.6427012304978e-06 0.00822036252344909 9.550870280703e-05 0.000269487467579736 0.00215596984995175 -999 5.17615867198482e-06 9.4842864064778e-06 6.41876844153394e-05 4.61333828507764e-05 -999 0.989128047242637
  2 43 7 4 100 1.92190460232906e-05 0.0157694047854578 0.0004005754560354 0.0179955433702872 0.00535156279899287 -999 7.90753352115253e-05 0.00203605853608067 7.59390391175127e-05 0.000687314509628227 -999 0.957585307123165
  2 43 7 5 100 4.61392428342512e-05 0.0208073598658309 0.000557686075951142 0.0595312980649534 0.0127996498399371 -999 9.59129544045169e-05 0.00738792618604433 6.33261713320681e-05 0.00226836608760355 -999 0.896442335511109
  2 44 7 2 100 5.24211336103959e-06 0.00750309718109002 6.84668164364634e-05 2.0637430238945e-05 0.00173532457169783 -999 -999 4.41826799519578e-10 6.42290566706986e-05 4.19778590203865e-05 -999 0.990561024529658
  2 44 7 3 100 5.60524276650945e-06 0.00793422778177265 8.7379013462898e-05 0.000303582095492112 0.00178308458679951 -999 5.00910197714862e-06 9.61547590876129e-06 6.6343899835913e-05 4.87894403252725e-05 -999 0.989756363361659
  2 44 7 4 100 2.21873650774068e-05 0.0152869298241875 0.000425511690078094 0.0250929016958896 0.00573501069597218 -999 7.32715032058122e-05 0.0025557021623518 8.33862811032412e-05 0.000908072102111944 -999 0.949817026680022
  2 44 7 5 100 5.81762600920289e-05 0.0223417514327704 0.000671434815876926 0.0915071623512484 0.0161934030487092 -999 9.23418764332683e-05 0.0100681763378558 6.16277910887725e-05 0.00331484415558341 -999 0.855691081930342
  2 45 7 2 100 5.53603681812938e-06 0.00799418850144332 7.3975176861245e-05 1.34532734053791e-05 0.00205443208083473 -999 -999 9.81785629819328e-12 6.67804375983661e-05 4.30725762573374e-05 -999 0.989748561906964
  2 45 7 3 100 5.94232431012697e-06 0.00859444008291889 9.4718019229005e-05 0.000290371481358321 0.0021039623391386 -999 6.26509806652578e-06 1.08270716202391e-05 6.87048643491592e-05 5.11411896202233e-05 -999 0.988773627529389
  2 45 7 4 100 2.44129901016478e-05 0.0173391274868197 0.000443161836239651 0.0279883494615724 0.00628829714873522 -999 8.14759966255563e-05 0.00293741482177422 8.02246425234085e-05 0.000944140636620661 -999 0.943873394978987
  2 45 7 5 100 6.79757197282247e-05 0.0248585012972446 0.000735544309283806 0.107339342316608 0.0179592492742794 -999 0.000100515771911017 0.01196073106845 5.55333079432234e-05 0.00352589993030058 -999 0.833396707004252
  2 46 7 2 100 6.84831214613339e-06 0.00838779815560271 7.75728028488421e-05 0.000127155240905889 0.00215808729461105 -999 -999 6.02475894700224e-10 7.19885598092677e-05 4.02938193505465e-05 -999 0.98913025521225
  2 46 7 3 100 7.26128988597547e-06 0.0089793449584729 0.000101200703616444 0.000297140905294868 0.00221038920852659 -999 6.70699832254654e-06 1.23068452328637e-05 7.46375985029269e-05 4.88629889357995e-05 -999 0.988262148503209
  2 46 7 4 100 2.36292803271007e-05 0.0172365546480972 0.00042362350691318 0.0345996780178917 0.00611699714118347 -999 7.7863735236257e-05 0.0029227273796105 9.09811485264989e-05 0.000888132165108124 -999 0.937619812977106
  2 46 7 5 100 6.90140968885469e-05 0.0270166040571279 0.000681071062070797 0.145757590855468 0.0178349078612314 -999 0.000100578912812221 0.0125284677520659 6.27406008421285e-05 0.00347881922912791 -999 0.792470205572365
  2 47 7 2 100 6.21189686805895e-06 0.0070317018992427 7.72359865213695e-05 0.000314787565291849 0.00227434212073823 -999 -999 6.23441863961647e-11 8.65561957124952e-05 3.99577787753731e-05 -999 0.990169206494506
  2 47 7 3 100 6.63239189095172e-06 0.00755777923222622 9.81427473997726e-05 0.000523097016813324 0.00232591507331084 -999 6.66434042819903e-06 1.26346500487851e-05 8.88233344848072e-05 4.8497422498448e-05 -999 0.989331813790899
  2 47 7 4 100 2.39176502014239e-05 0.0148273972349242 0.000397546838160359 0.0356445047261371 0.00602980586098994 -999 8.34610286493795e-05 0.00255704619224138 0.00010329648818974 0.00078643435319739 -999 0.939546589627309
  2 47 7 5 100 6.65401942525578e-05 0.0215455112788986 0.000624138689478508 0.145133788721138 0.0166772373383121 -999 0.000107335228703606 0.0106767557828029 7.44560548505175e-05 0.00294479166476643 -999 0.802149445046796
  2 48 7 2 100 6.28426468502165e-06 0.00738468714941752 0.000123172594424224 0.000454262588147544 0.00234307466218354 -999 -999 6.28659874597165e-08 9.68427808252135e-05 3.63648185194728e-05 -999 0.98955524827581
  2 48 7 3 100 6.63427588989847e-06 0.00789467137101791 0.000143960228256673 0.000646908561236852 0.002389080314674 -999 7.09110324967055e-06 1.08402203380923e-05 0.000101207562949285 4.4094381654383e-05 -999 0.988755511980733
  2 48 7 4 100 2.02780623746282e-05 0.0139272878398864 0.000404888246473839 0.0218380746739433 0.00493768821434369 -999 7.46311817436095e-05 0.00177393848761186 0.000127330643233758 0.000545504274565015 -999 0.956350378375824
  2 48 7 5 100 5.70994448942195e-05 0.0207376466238026 0.000612765928695421 0.0893328247881826 0.0124926988753696 -999 9.88297670326854e-05 0.0076213257609864 9.4717377980096e-05 0.00206031101421687 -999 0.866891780418839
  2 49 7 2 100 6.2396950982376e-06 0.00967944035051044 7.34217028507759e-05 3.59044378179303e-05 0.00224083360245615 -999 -999 4.62596667365544e-09 7.74554631535818e-05 4.17754955230534e-05 -999 0.987844924626623
  2 49 7 3 100 6.71046710737722e-06 0.0102880196603369 9.23890643221406e-05 0.000271404435689349 0.00227919236719557 -999 5.54122011545521e-06 1.08961464264701e-05 7.99215443886932e-05 4.97309376916851e-05 -999 0.986916194156726
  2 49 7 4 100 2.38932825834143e-05 0.0198600534074767 0.000398185768777815 0.0265798584477253 0.00534293499910885 -999 7.87285565335948e-05 0.00213573765271613 9.89121317963071e-05 0.000727197954764153 -999 0.944754497798518
  2 49 7 5 100 6.26098298523273e-05 0.0282463980976391 0.000619827754187811 0.101077176803828 0.0136686405538376 -999 0.000102375175107037 0.00854010209262209 7.1553446542804e-05 0.00257433379216387 -999 0.845036982454219
  2 50 7 2 100 6.05406712160172e-06 0.00930627654565415 7.88380982125639e-05 3.46412600507609e-05 0.0022979947205073 -999 -999 9.17156723709477e-10 8.0015304319943e-05 4.3157416992179e-05 -999 0.988153021669985
  2 50 7 3 100 6.46603954665699e-06 0.00987145058491775 9.91898616058562e-05 0.000274958089634552 0.00233832135775315 -999 6.10374216576106e-06 1.07534743275815e-05 8.29107472153868e-05 4.98499836893104e-05 -999 0.987259996119144
  2 50 7 4 100 2.53217706047175e-05 0.0196155294773173 0.000469784650548384 0.0315399136685743 0.00584070582350322 -999 8.95661184818524e-05 0.0025834255544805 0.000108197453023574 0.00081095117198486 -999 0.938916604311481
  2 50 7 5 100 6.44007676255882e-05 0.0273842077615931 0.000694367373366954 0.113094393652814 0.0145500725664358 -999 0.000106720566020805 0.00973988894149145 7.85152844726485e-05 0.00276016551542835 -999 0.831527267570751
  2 51 7 2 100 5.03357139149897e-06 0.00843736465804421 7.58702186360889e-05 4.18063197331666e-05 0.00213947381926362 -999 -999 9.85988907570665e-11 7.09483867602179e-05 3.76404195915296e-05 -999 0.989191862507981
  2 51 7 3 100 5.54991611216483e-06 0.00901799919247081 9.6880006029794e-05 0.000260103617297084 0.00218130684093557 -999 6.56821113562913e-06 1.17237354403685e-05 7.33591842549457e-05 4.55348229691551e-05 -999 0.988300974473355
  2 51 7 4 100 2.30943744831072e-05 0.0172076041795237 0.000409163788796004 0.028875085244267 0.00546478398116275 -999 8.03349669773287e-05 0.0029979025560756 8.87901888490751e-05 0.000753308969897248 -999 0.944099931749968
  2 51 7 5 100 6.02309663109109e-05 0.0241374037912683 0.000619830375618425 0.107605587596315 0.0140534231015769 -999 9.80818496168365e-05 0.0116848936766293 6.31449075463276e-05 0.00262577235782447 -999 0.839051631377293
  2 52 7 2 100 4.16845925296435e-06 0.00590286077519228 0.000114786630741392 3.35378699592527e-05 0.00204344391215754 -999 -999 3.3094002710035e-09 7.48416276891812e-05 4.0345779207871e-05 -999 0.991786011636399
  2 52 7 3 100 4.77313523168768e-06 0.00637347619306766 0.000135274473979414 0.000217525262448958 0.00209355695183521 -999 6.61878904666201e-06 1.59154132838473e-05 7.83803115544364e-05 4.88549377510601e-05 -999 0.991025624531801
  2 52 7 4 100 2.30565425252007e-05 0.0122611460337787 0.000414783446510508 0.0295243930841534 0.00536281016798091 -999 7.11670968354863e-05 0.00339389945370817 9.82974185130734e-05 0.00077388826267856 -999 0.948076558493316
  2 52 7 5 100 7.10494217545533e-05 0.019573018714258 0.000696616364489455 0.130282469542268 0.0158072435477916 -999 0.000104147312737687 0.0154551500370843 6.63020254037504e-05 0.00315358649345674 -999 0.814790416540756
  2 53 7 2 100 5.66075239563683e-06 0.0108250163011839 0.000124720479009566 2.90882220659735e-05 0.00165919719791183 -999 -999 1.37104361475469e-09 9.31505770172941e-05 4.25029377051613e-05 -999 0.987220662161667
  2 53 7 3 100 6.06959235692835e-06 0.0115248705288784 0.000140408097594901 0.000165350589336473 0.00170502900935989 -999 4.45110659846485e-06 1.44630226468325e-05 9.55426620336065e-05 5.0136521192633e-05 -999 0.986293678870002
  2 53 7 4 100 2.23244095556605e-05 0.0221773741047173 0.000414074048411292 0.0242388088429539 0.00468768728336245 -999 6.65563158789388e-05 0.00318482127077736 0.000114272087001922 0.000703274885201594 -999 0.94439080675214
  2 53 7 5 100 6.587002115664e-05 0.032283555023022 0.000674887967373151 0.109845533032581 0.0141485351847245 -999 0.000101124911271852 0.0149242349439056 7.9868204332571e-05 0.00285188769984672 -999 0.825024503011786
  2 54 7 2 100 5.25542920211179e-06 0.0080867613014667 7.6413252559805e-05 3.23815658761093e-05 0.00180872960306135 -999 -999 1.05271745540374e-07 0.000106436618517929 3.75987629819274e-05 -999 0.989846318194589
  2 54 7 3 100 5.56351144758053e-06 0.00851579283197264 9.56871000078907e-05 0.000176101987077307 0.00184944326479709 -999 4.90827886301551e-06 1.70061687248546e-05 0.000109458246841408 4.40376402181036e-05 -999 0.98918200097005
  2 54 7 4 100 2.18824287487924e-05 0.0157449318841567 0.000424185100543104 0.0264250074771285 0.00505926088659417 -999 7.06544738326808e-05 0.00379858545416636 0.000134090621236269 0.000700173986967456 -999 0.947621227686626
  2 54 7 5 100 6.13433764267692e-05 0.0227844386916123 0.00065484147681164 0.102556928342178 0.0136047835004765 -999 9.36272423033434e-05 0.0151401144803527 9.92421032878522e-05 0.00250186106591365 -999 0.842502819720638
  2 55 7 2 100 5.3592592351044e-06 0.00893331326211857 8.47693941845407e-05 3.98546521284863e-05 0.00217489305870903 -999 -999 1.2139143689948e-07 9.63880183305274e-05 4.01829854651205e-05 -999 0.988625117978392
  2 55 7 3 100 5.99038249085252e-06 0.00964500040599621 0.000110129929463731 0.00019665646388777 0.00222586160599332 -999 5.93980716218171e-06 2.42769612716018e-05 9.81280698799318e-05 4.89680056558018e-05 -999 0.987639048368199
  2 55 7 4 100 2.68768257634298e-05 0.0198986423262554 0.000510763287930091 0.0290493889438617 0.00601914029749594 -999 8.22986870723307e-05 0.00558064136717835 0.00010728803927158 0.0008869800927122 -999 0.937837980132459
  2 55 7 5 100 7.14251642999169e-05 0.027620183850641 0.000780083417204601 0.111303483571546 0.0159263542137657 -999 0.000110913128520275 0.0219212402356867 7.70917846089711e-05 0.00313782026717957 -999 0.819051404366548
  2 56 7 2 100 4.87703635955754e-06 0.00930128839052362 8.48604525540536e-05 9.3734983356925e-05 0.0016493066946603 -999 -999 3.40016855945535e-10 7.74709885830937e-05 3.92801571585516e-05 -999 0.988749180956787
  2 56 7 3 100 5.34638799904292e-06 0.00974688865455844 0.000104849146264901 0.000231691957323246 0.00168954243794362 -999 4.69865871119793e-06 2.00255561933145e-05 8.04971753561113e-05 4.66839919267118e-05 -999 0.988069776033723
  2 56 7 4 100 2.42675253504499e-05 0.0177936283237568 0.000429715297225696 0.0261753955677515 0.0052281878168055 -999 6.35955693404368e-05 0.00491881789007944 0.000102455393864353 0.000906956850108513 -999 0.944356979765717
  2 56 7 5 100 6.96854693863631e-05 0.028724054374471 0.000682952343009698 0.105021109894731 0.0153535283492061 -999 8.91152478251118e-05 0.0202044908331151 7.08596215965103e-05 0.00342667474097981 -999 0.826357529125679
  2 57 7 2 100 6.68248466241315e-06 0.0097713109778556 8.92353974060949e-05 0.000355928738967565 0.00184431951364271 -999 -999 7.93048623206015e-11 7.90088027159851e-05 4.11500547753447e-05 -999 0.987812363950669
  2 57 7 3 100 7.08921345805629e-06 0.0104800174610858 0.000112979421495339 0.000488674923179523 0.00189410724296396 -999 5.74535254812107e-06 1.43011806534405e-05 8.07146378638665e-05 4.8529208356852e-05 -999 0.986867841358395
  2 57 7 4 100 2.35547387468885e-05 0.0207385604757214 0.000482717755396341 0.0221808675545139 0.00498458766666925 -999 7.72820765995196e-05 0.00363927052035125 9.25124907111226e-05 0.00072567082509477 -999 0.947054975896196
  2 57 7 5 100 6.30613976946981e-05 0.028892934895841 0.000708514259692318 0.0885417554202995 0.0133973310939034 -999 9.96066879125137e-05 0.0151920171824769 6.66750642209925e-05 0.00268263247005059 -999 0.850355471527908
  2 58 7 2 100 5.07726966995307e-06 0.014509660205966 8.30278581226411e-05 0.000599922398502703 0.0021097504812996 -999 -999 4.62150241288287e-13 7.74276006882542e-05 4.2638249747696e-05 -999 0.982572495935541
  2 58 7 3 100 5.56571802480996e-06 0.0152663533604387 0.000105205533243018 0.000748279995327259 0.00214013909175981 -999 5.72580694045737e-06 1.19961595675459e-05 8.00160031074447e-05 4.92356499904811e-05 -999 0.9815874826816
  2 58 7 4 100 2.37902130902291e-05 0.027682904718487 0.000483568869404768 0.0238696079140574 0.0050831246854364 -999 7.97983907376119e-05 0.0033554224190408 9.73224700487203e-05 0.000775928732784221 -999 0.938548531586913
  2 58 7 5 100 6.68109958627977e-05 0.041253418152594 0.000788981836083438 0.0958563934343608 0.0138656812440175 -999 0.000102578928608728 0.0142860592324309 6.44032420218396e-05 0.00296551354011936 -999 0.830750159393901
  2 59 7 2 100 4.43931501355271e-06 0.00963513616370955 8.20937851828701e-05 0.00012460413857303 0.00173939697120241 -999 -999 2.56592096799766e-08 7.56878361686244e-05 3.75062236243236e-05 -999 0.988301109907316
  2 59 7 3 100 5.13184065354866e-06 0.0103475279127233 0.000107546948845443 0.00038360601538965 0.00179362516862069 -999 5.79449042511231e-06 1.14085884285764e-05 7.78690479316197e-05 4.44785443774995e-05 -999 0.987223011442604
  2 59 7 4 100 2.45996168573066e-05 0.0201808104191452 0.000501044700561988 0.0271565780687918 0.00514491882255514 -999 7.26639651470607e-05 0.00318997658010308 9.06953984027972e-05 0.000689084579131417 -999 0.942949627849304
  2 59 7 5 100 6.94668335161857e-05 0.029210666675976 0.000830921031689057 0.110066715037529 0.0148340177356716 -999 9.66796009768276e-05 0.0138572368539151 6.10366113299258e-05 0.00265907171624925 -999 0.828314187903147
  2 60 7 2 100 5.91896918671772e-06 0.00946535406848977 8.3000592835072e-05 3.86079126216127e-05 0.00189653966042627 -999 -999 2.95671318274766e-09 7.90008246135574e-05 3.96897085684486e-05 -999 0.988391885306545
  2 60 7 3 100 6.32583152543288e-06 0.0100013436665202 0.000108017498892559 0.000332195079938055 0.00193213032598846 -999 6.18455088692839e-06 1.01134118257028e-05 8.10692671074788e-05 4.62223550655546e-05 -999 0.98747639801225
  2 60 7 4 100 2.27354714475328e-05 0.0182732474520645 0.000475707606971045 0.0277628749712308 0.00519056315550694 -999 7.62603340328819e-05 0.00277170572895735 9.58696516227326e-05 0.000849531185541087 -999 0.944481504442625
  2 60 7 5 100 6.7367924635657e-05 0.0285879394375811 0.000737480263349009 0.114231911242633 0.0154389633698393 -999 9.76784230796241e-05 0.0123139680967695 6.77829829938536e-05 0.00344910926776286 -999 0.825007798991356
  2 61 7 2 100 7.13204245348229e-06 0.011510695487092 8.88066193731717e-05 2.54928168742538e-05 0.00223859279082622 -999 -999 2.56662766517366e-09 7.44325135838902e-05 4.41133216562067e-05 -999 0.986010731841513
  2 61 7 3 100 7.49404957960754e-06 0.0122466980154311 0.000112406497280283 0.000324290668701634 0.00227701798226949 -999 6.15130011778652e-06 1.32559826249958e-05 7.66489088782319e-05 5.2086244834845e-05 -999 0.984883950350282
  2 61 7 4 100 2.45994916642695e-05 0.0236445393180505 0.000502079685027815 0.0298325910995933 0.0058242241297457 -999 8.7070707477324e-05 0.00341647773844082 9.27813421838971e-05 0.000901299176253773 -999 0.935674337311563
  2 61 7 5 100 7.0380622322752e-05 0.0345159073384366 0.000800833453048095 0.118660660752664 0.0165095777220545 -999 0.000114988247820161 0.0146901808413973 6.35295054344354e-05 0.00347942221146778 -999 0.811094519305354
  2 62 7 2 100 4.70028360872252e-06 0.0127050106647261 8.24695458593864e-05 2.36840654102564e-05 0.00181272438900512 -999 -999 5.62187237265301e-08 9.41923131654073e-05 4.21325699948767e-05 -999 0.985235029949506
  2 62 7 3 100 5.40413607787899e-06 0.013567572727258 0.000109639512349832 0.000307708607756708 0.00186308991084469 -999 6.26050823904975e-06 1.39031105463484e-05 9.70053180275644e-05 5.00653812776783e-05 -999 0.983979350787622
  2 62 7 4 100 2.51464267735252e-05 0.0249728780905004 0.000485622729362951 0.0280427893889526 0.00531550617912586 -999 7.14332573824933e-05 0.00332126217372288 0.000115093867041701 0.000845839150724191 -999 0.936804428736413
  2 62 7 5 100 7.19427898169133e-05 0.037727539478159 0.000791259236558908 0.112919310117676 0.0155155531155701 -999 9.76822163083315e-05 0.0142348837252503 8.28921252585523e-05 0.00328582852270589 -999 0.815273108672696
  2 63 7 2 100 5.21636541019587e-06 0.00842511670833744 8.21715715085135e-05 1.91175472380317e-05 0.00172160993782161 -999 -999 4.50076256658828e-09 8.58312592455936e-05 4.3814129576867e-05 -999 0.989617117980099
  2 63 7 3 100 5.6743584134296e-06 0.00903801412681411 0.000102680295985008 0.000173994335673825 0.00176418939024041 -999 5.5773757366266e-06 1.31660445079915e-05 8.80452218357849e-05 5.1652234354421e-05 -999 0.988757006616438
  2 63 7 4 100 2.25939602841623e-05 0.0177104501208639 0.000418839088161203 0.0261861536925946 0.00466081620952153 -999 7.04400128832861e-05 0.00301085675829593 0.000101409792729593 0.0007242691299267 -999 0.947094171234739
  2 63 7 5 100 6.56377714541243e-05 0.0255190918911844 0.000675487321015196 0.112762696714264 0.0134063738785098 -999 9.03955324316914e-05 0.013384895036702 6.83181908542975e-05 0.00281842366829258 -999 0.831208679995292
  2 64 7 2 100 4.97998059868783e-06 0.0104320216914822 8.9244671040851e-05 2.45849860960918e-05 0.00206853699265813 -999 -999 1.18058594031367e-07 0.00010021574210911 4.56770051443661e-05 -999 0.987234620872277
  2 64 7 3 100 5.50790833992483e-06 0.0110935396256231 0.000113005597541894 0.000172739963297856 0.00211142353417194 -999 5.90179972931972e-06 1.56936688749145e-05 0.000104152375134317 5.30310932510723e-05 -999 0.986325004434036
  2 64 7 4 100 2.55685651616984e-05 0.0215503401343497 0.0005097377671439 0.0311820492619449 0.00559693812889821 -999 8.36826368275656e-05 0.00379574031828413 0.000135708496048378 0.000858916518399119 -999 0.936261318172942
  2 64 7 5 100 7.20341004800866e-05 0.0308893209884099 0.000795503189729743 0.126346812057979 0.015404838066424 -999 0.000105942790509807 0.0157355408877823 9.33657474708203e-05 0.00319872709999296 -999 0.807357915071221
  2 65 7 2 100 6.04799111390491e-06 0.00793312621589981 8.5427263526469e-05 3.37168514472173e-05 0.00163237444696183 -999 -999 1.26109087641225e-07 8.35983631449889e-05 4.00571263785708e-05 -999 0.99018552563244
  2 65 7 3 100 6.50444185333222e-06 0.0084464320168067 0.000110095608915098 0.00017838111088901 0.00168487688147869 -999 5.47823921198365e-06 1.84782675698451e-05 8.57458462994208e-05 4.78782490408469e-05 -999 0.989416129337935
  2 65 7 4 100 2.39457620838838e-05 0.0155792538072184 0.000471877658977978 0.0280426219651658 0.00518601956946353 -999 6.72678203607198e-05 0.00411353672068213 9.74402923481155e-05 0.000826023573580152 -999 0.945592012830119
  2 65 7 5 100 6.72494713108969e-05 0.0233446409974933 0.000782417356879062 0.113087668280506 0.0149843727624648 -999 9.89152565742688e-05 0.0170306389869607 7.00149995348183e-05 0.00309344657930781 -999 0.827440635308968
  2 66 7 2 100 4.67566870768998e-06 0.0105675432023324 8.58045206631633e-05 4.33005283583693e-05 0.00187545310069917 -999 -999 9.10065263290342e-08 9.89483895275877e-05 3.70242136062395e-05 -999 0.987287159369579
  2 66 7 3 100 5.10819682520855e-06 0.0113595377388476 0.000112728178304173 0.000153899791326787 0.00192729713223954 -999 5.52703034959686e-06 1.50954212186664e-05 0.000101731760484346 4.57094527161421e-05 -999 0.986273365297688
  2 66 7 4 100 2.17829474392291e-05 0.022308821564753 0.000508280921278634 0.0209963014180906 0.00518826715512028 -999 7.42650294358584e-05 0.00356023380598431 0.000123416031640312 0.000785631175186405 -999 0.946432999951071
  2 66 7 5 100 6.48725772462436e-05 0.0306867052903126 0.000754511471856359 0.0927076691392408 0.0150863885071537 -999 9.80633822104665e-05 0.01612991248932 8.77476508401375e-05 0.00314661374611501 -999 0.841237515745705
  2 67 7 2 100 5.34773898276632e-06 0.0107077730840342 8.68469584821135e-05 3.32100788127358e-05 0.0020558548080383 -999 -999 2.47685627010629e-11 8.66882828127933e-05 4.24211959441354e-05 -999 0.986981857828124
  2 67 7 3 100 5.83770857707849e-06 0.0113710658989653 0.000109168087423033 0.00014383251686672 0.00209680398105946 -999 6.31873008342967e-06 1.99968563064345e-05 8.85320683977399e-05 5.06372666905164e-05 -999 0.98610780688563
  2 67 7 4 100 2.33013181245333e-05 0.0212803456839632 0.000444363611796391 0.0196730738012224 0.00552348100461016 -999 7.99941811089657e-05 0.0044991633335633 9.81391532289756e-05 0.000887963569075739 -999 0.947490174343306
  2 67 7 5 100 6.77539153565998e-05 0.0323287907423131 0.000725752795008753 0.0843049442350414 0.0162014007519718 -999 0.000105583204435118 0.0197907389737719 6.76437299146236e-05 0.00353692183272208 -999 0.842870469819465
  2 68 7 2 100 5.70577167292589e-06 0.0067551194587409 0.000133106552484062 3.2718491538729e-05 0.00167976057717623 -999 -999 4.85815574932781e-11 7.66488708396294e-05 3.6538849871814e-05 -999 0.991280401379094
  2 68 7 3 100 6.18914350931906e-06 0.00733820577503044 0.000160882413288403 0.000164283402672709 0.00174400416966546 -999 6.13575162015589e-06 1.9732551447504e-05 8.05609604111149e-05 4.57186339889654e-05 -999 0.990434287198366
  2 68 7 4 100 2.21671292708834e-05 0.0139251713120667 0.000487494441755607 0.0182648067495358 0.00527677258020681 -999 6.48825247990419e-05 0.00363156766390389 0.000103073054196077 0.000792659022802078 -999 0.957431405521463
  2 68 7 5 100 6.7177055300751e-05 0.0216299624057385 0.000778316402002727 0.0832024238496823 0.0169007571857594 -999 9.87226280042634e-05 0.0170266944362267 7.50705040228906e-05 0.00336528419538834 -999 0.856855591337874
  2 69 7 2 100 4.53070270186726e-06 0.00904874707869844 0.000133030306381336 3.32001929832478e-05 0.00174961366538939 -999 -999 7.24850503199215e-12 7.74495010951236e-05 3.58090980860091e-05 -999 0.988917619447416
  2 69 7 3 100 5.14925829536285e-06 0.00970931478474054 0.000152488826908788 0.000170608798638438 0.00181010987232069 -999 5.43521209899506e-06 1.73246906750437e-05 7.96032357552228e-05 4.57750386854003e-05 -999 0.988004190281881
  2 69 7 4 100 2.04762089983897e-05 0.0181969990058592 0.000414321535280131 0.0172435362611674 0.00527425256742462 -999 6.48024881412337e-05 0.00270986740474168 9.56482912167608e-05 0.000857967323858847 -999 0.955122128913312
  2 69 7 5 100 5.96528616536968e-05 0.0278862847340575 0.000653462801808921 0.0780538454700887 0.0165970862940303 -999 9.96432686833482e-05 0.0126439359685688 7.54403893920457e-05 0.00363215703053235 -999 0.860298491181184
  2 70 7 2 100 5.6353304378418e-06 0.010122004947606 8.70546332529743e-05 2.65105499390156e-05 0.00200172933004693 -999 -999 2.18047390080511e-08 7.06971798457196e-05 3.73883108409493e-05 -999 0.987648957913292
  2 70 7 3 100 6.03795044822739e-06 0.0107095645680877 0.00010896747130542 0.000153000328443209 0.00205083163655812 -999 5.06647974806107e-06 1.41245390939321e-05 7.27066574422404e-05 4.64807476123044e-05 -999 0.986833219621261
  2 70 7 4 100 2.27580881870982e-05 0.0210937920717606 0.000490871088951252 0.0193550263346852 0.00623691894612238 -999 7.90207843636995e-05 0.00264781887952544 9.48366936423943e-05 0.00105527006696048 -999 0.948923687045801
  2 70 7 5 100 5.96174479906313e-05 0.0304997492970368 0.00073517545064719 0.0749400476004727 0.0175680436521871 -999 0.000106322013156263 0.0105304474156696 7.9058059354104e-05 0.00387649520491548 -999 0.86160504385857
  2 71 7 2 100 5.16774406294233e-06 0.00887145822007761 8.77413603700649e-05 2.13426556019207e-05 0.00225923882818135 -999 -999 1.54303766384968e-08 8.6187369462031e-05 4.0104082641721e-05 -999 0.988628744309226
  2 71 7 3 100 5.81627806943399e-06 0.00944250924276747 0.000109352971600824 0.000135737143563928 0.00230693680209715 -999 5.87151384062448e-06 1.31615999578682e-05 8.79074777937181e-05 4.98115246570958e-05 -999 0.987842895445652
  2 71 7 4 100 2.49588235463999e-05 0.0187589454795416 0.000463655768242488 0.01791848213063 0.00656602391901897 -999 8.33838955784944e-05 0.00256659794819851 0.000102337091543024 0.00108650661594357 -999 0.952429108327757
  2 71 7 5 100 5.92952477734924e-05 0.0267587095910151 0.000701245313311059 0.0639695309187467 0.0169917527957138 -999 0.000108280867114308 0.0093509228452923 8.52923901478802e-05 0.00367509974064753 -999 0.878299870290238
  2 72 7 2 100 5.02368862984596e-06 0.00843409622563646 8.95951873493929e-05 2.40514016592113e-05 0.00183564166821239 -999 -999 2.72228943633188e-10 7.92741700847189e-05 3.65494864718213e-05 -999 0.989495767899727
  2 72 7 3 100 5.55276622347292e-06 0.00898777826605329 0.000116534550512502 0.000147779204667937 0.00189238751807493 -999 5.08699098745001e-06 1.45516327578088e-05 8.22372135037812e-05 4.79355355307222e-05 -999 0.988700156321688
  2 72 7 4 100 2.32443077108669e-05 0.0169061925909721 0.000457826327425314 0.0188017727497549 0.00670638562838422 -999 6.34523970404995e-05 0.00281957842016377 0.00010043714568624 0.00127539849141213 -999 0.95284571194145
  2 72 7 5 100 6.82935474474007e-05 0.027339188500349 0.000731707466410612 0.0782087592710231 0.0213416247063975 -999 9.77454578557049e-05 0.011936984511442 7.51630598259723e-05 0.00508850835936594 -999 0.855112025119883
  2 73 7 2 100 5.93364069864038e-06 0.0108332319535995 9.38234146873818e-05 2.66180438376474e-05 0.00210305671406501 -999 -999 2.87927129492567e-08 7.62474434959843e-05 3.34227651831132e-05 -999 0.98682763723172
  2 73 7 3 100 6.12695127761684e-06 0.0115146677091461 0.000117433931767432 0.000122453139402844 0.00215393057147565 -999 5.74270608004599e-06 1.34583023780558e-05 7.84051670681703e-05 4.27210324894404e-05 -999 0.985945060488915
  2 73 7 4 100 2.10856628289571e-05 0.0224090796260317 0.000491154067758597 0.0148920404958732 0.0065371914251015 -999 8.13457848834998e-05 0.00263275250801129 9.64834506276031e-05 0.00103865646409328 -999 0.95180021051479
  2 73 7 5 100 6.53618928848812e-05 0.0326417013777375 0.000740618991751424 0.064021806670023 0.0201684152945404 -999 0.000104106034640863 0.0115595833345828 7.22187424634967e-05 0.00423132229095831 -999 0.866394865370417
  2 74 7 2 100 4.26326264629943e-06 0.0129522148745235 8.39224407829857e-05 2.1827419209036e-05 0.00237371030879826 -999 -999 1.29531688374906e-10 6.51707210431581e-05 4.12273582704541e-05 -999 0.984457663485195
  2 74 7 3 100 4.69963927982192e-06 0.0137342313634194 0.000106992957489456 0.000113794508704073 0.00241639239334849 -999 6.22736285730466e-06 1.52679801463537e-05 6.79398862524306e-05 5.24112473858811e-05 -999 0.983482042661117
  2 74 7 4 100 2.2273265693663e-05 0.0258191887442605 0.000459785581680609 0.014711911489143 0.00691137658461 -999 8.24388019392261e-05 0.00307849705162374 9.18381338673017e-05 0.0013065863807092 -999 0.947516103966473
  2 74 7 5 100 5.96746316093374e-05 0.0371862080875169 0.000690799783823152 0.0551424205035884 0.0188855091826728 -999 0.000102615748429802 0.0116990715650595 7.48407209023927e-05 0.00467740849786683 -999 0.871481451278531
  2 75 7 2 100 3.61147020051414e-06 0.00803190976109888 8.30372886229202e-05 2.4079447615477e-05 0.00164342433807876 -999 -999 2.27453255998999e-07 6.13406894192861e-05 3.99045944082672e-05 -999 0.9901124649573
  2 75 7 3 100 4.38784643895724e-06 0.00872953871269752 0.000109590897118176 0.000120972856545029 0.00171631436448885 -999 5.87866043478471e-06 2.08423619221446e-05 6.35108653512804e-05 5.2157386867885e-05 -999 0.989176806048135
  2 75 7 4 100 2.27669699058361e-05 0.0175315007453811 0.000464191429872915 0.0139611630361993 0.00656194805910163 -999 7.08504487175222e-05 0.00371584640653614 8.09793988620571e-05 0.00126738699604481 -999 0.956323366509379
  2 75 7 5 100 6.09756643057644e-05 0.025423298250782 0.000737715365797165 0.0574325111237957 0.0206135194053449 -999 9.83950295218119e-05 0.0156014118640574 6.82476390552302e-05 0.00496408032827928 -999 0.874999845329061
  2 76 7 2 100 4.57097274695374e-06 0.0107866847674119 8.63448020226478e-05 1.90033200915871e-05 0.0017994793269848 -999 -999 2.83547616498086e-07 7.47378127173639e-05 3.99364584278228e-05 -999 0.98718895899198
  2 76 7 3 100 5.03924207993545e-06 0.0114431913187924 0.000107958401322735 8.82038529297618e-05 0.0018526104880971 -999 5.5613553635686e-06 2.18282144810842e-05 7.70008692064364e-05 4.91798873799338e-05 -999 0.986349426370347
  2 76 7 4 100 2.13800552284041e-05 0.0215679902294772 0.000436603837462246 0.0103457083321728 0.00617833477027217 -999 7.44645040533731e-05 0.0043289150449168 9.62478014072951e-05 0.00114167079713748 -999 0.955808684627872
  2 76 7 5 100 6.04125537460187e-05 0.031577387250064 0.000662937680889168 0.0435310525285837 0.0192571479824002 -999 9.25111820446489e-05 0.018600164040703 7.41138698261158e-05 0.00459899297255111 -999 0.881545279939192
  2 77 7 2 100 4.91724084962742e-06 0.00977438000830507 8.59758930885437e-05 2.63218421983265e-05 0.00207868483099946 -999 -999 1.10293103368838e-08 7.23793251564391e-05 4.12293140245182e-05 -999 0.987916100516068
  2 77 7 3 100 5.40614239954793e-06 0.0104836101199885 0.000112686025104942 8.22437782365155e-05 0.00212662782307929 -999 6.5892634179158e-06 2.60980152788879e-05 7.52662413943852e-05 5.07727428869248e-05 -999 0.987030699848213
  2 77 7 4 100 1.89779048872347e-05 0.0186804878619352 0.000432325817535385 0.00612673032781915 0.00555179426176939 -999 7.1037640018286e-05 0.00442650188899923 9.35572982867306e-05 0.000899019929645441 -999 0.963699567069104
  2 77 7 5 100 5.15873559526342e-05 0.026400563085609 0.000665667619747641 0.0252102497716499 0.0158870785905602 -999 9.33619474196813e-05 0.0187852180330942 7.46981666417872e-05 0.00352003447439344 -999 0.909311540954931
  2 78 7 2 100 5.74321180831259e-06 0.00729786354039258 8.21413099893257e-05 2.2885437784445e-05 0.00167581973364467 -999 -999 5.87084996137775e-08 6.32466823856796e-05 4.55674399510335e-05 -999 0.990806673935544
  2 78 7 3 100 6.07890967704336e-06 0.0077742436902444 0.000104971888794772 7.98799807879751e-05 0.0017386951770314 -999 5.04021591419228e-06 3.2126343058216e-05 6.54734772404275e-05 5.56649581711238e-05 -999 0.99013782535908
  2 78 7 4 100 2.01732067546595e-05 0.0149074330282138 0.000458197835628555 0.00689324459671658 0.00593940632786777 -999 6.94927960457857e-05 0.00553233412470878 8.64468783470127e-05 0.00110766043960949 -999 0.964985610766108
  2 78 7 5 100 5.48010886566598e-05 0.020780438102182 0.000690737776745505 0.0274340637858734 0.0176157268941065 -999 9.20779001869352e-05 0.022816212920665 6.96072181789846e-05 0.0042250664240134 -999 0.906221267889392
  2 79 7 2 100 5.23290833994042e-06 0.00909846742366976 8.84775490387979e-05 2.66879468339187e-05 0.00185867008845243 -999 -999 8.7000122391289e-09 5.63749557035382e-05 3.90818801753423e-05 -999 0.988826998547774
  2 79 7 3 100 5.83205526007437e-06 0.00968534833075608 0.000110997374169303 7.94008793576922e-05 0.00191591213743818 -999 5.3951740153004e-06 3.89699084256373e-05 5.76328138525716e-05 4.86694620566242e-05 -999 0.988051841864669
  2 79 7 4 100 2.18662686227382e-05 0.0184601968342222 0.000459985567722033 0.00679738308329182 0.00608547272151898 -999 7.59410696425494e-05 0.00739495480668671 6.80668777833299e-05 0.00104683763785935 -999 0.95958929513265
  2 79 7 5 100 5.06590232043153e-05 0.024750245421569 0.000659387828480606 0.0247107719412335 0.0163971415068489 -999 9.53802598355215e-05 0.0276592582256756 5.56173450982993e-05 0.00365074253199666 -999 0.901970795916058
  2 80 7 2 100 6.22384861707105e-06 0.00777254233994492 8.316240985556e-05 2.8573398063853e-05 0.00196374169753796 -999 -999 2.39824193191938e-09 7.31278202378876e-05 3.87087953648285e-05 -999 0.990033917292136
  2 80 7 3 100 6.68370704461082e-06 0.00828763685438458 0.000108480310060543 8.80082040287963e-05 0.00201885975082238 -999 6.03854319576586e-06 4.65749211594188e-05 7.62529890406212e-05 4.9763793150381e-05 -999 0.989311700927113
  2 80 7 4 100 2.02731406685544e-05 0.0148468002202902 0.000408928102163156 0.00624372034150983 0.00581126114496761 -999 6.60646248829071e-05 0.00738296623714915 9.43895123245003e-05 0.0010111366418556 -999 0.964114460034189
  2 80 7 5 100 5.26642850145258e-05 0.0220860808070052 0.000624864349626085 0.0242185067918633 0.0163906356550877 -999 8.93958504706768e-05 0.0294988047292974 7.27861890558104e-05 0.00377104375974062 -999 0.903195217582839
  2 1 8 2 100 -999 0.0199472692620329 -999 -999 -999 -999 -999 -999 -999 -999 -999 0.980052730737967
  2 1 8 3 100 -999 0.00697166420119136 -999 -999 -999 -999 -999 -999 -999 -999 -999 0.993028335798809
  2 1 8 4 100 -999 0.00757502744842095 -999 -999 -999 -999 -999 -999 -999 -999 -999 0.992424972551579
  2 1 8 5 100 -999 0.0158739897324128 -999 -999 -999 -999 -999 -999 -999 -999 -999 0.984126010267587
  2 2 8 2 100 -999 0.0116246367963247 -999 -999 -999 -999 -999 -999 -999 -999 -999 0.988375363203675
  2 2 8 3 100 -999 0.00585526192923253 -999 -999 -999 -999 -999 -999 -999 -999 -999 0.994144738070767
  2 2 8 4 100 -999 0.00311324216305243 -999 -999 -999 -999 -999 -999 -999 -999 -999 0.996886757836948
  2 2 8 5 100 -999 0.00758598663769614 -999 -999 -999 -999 -999 -999 -999 -999 -999 0.992414013362304
  2 3 8 2 100 -999 0.0178688893047514 -999 -999 -999 -999 -999 -999 -999 -999 -999 0.982131110695248
  2 3 8 3 100 -999 0.0102295892978382 -999 -999 -999 -999 -999 -999 -999 -999 -999 0.989770410702162
  2 3 8 4 100 -999 0.0054309706189483 -999 -999 -999 -999 -999 -999 -999 -999 -999 0.994569029381052
  2 4 8 2 100 -999 0.00676008737785574 -999 -999 -999 -999 -999 -999 -999 -999 -999 0.993239912622144
  2 4 8 3 100 -999 0.00471403390407167 -999 -999 -999 -999 -999 -999 -999 -999 -999 0.995285966095928
  2 4 8 4 100 -999 0.0031463502025598 -999 -999 -999 -999 -999 -999 -999 -999 -999 0.99685364979744
  2 4 8 5 100 -999 0.00368665345732278 -999 -999 -999 -999 -999 -999 -999 -999 -999 0.996313346542677
  2 5 8 1 100 -999 0.00695560504771645 -999 -999 -999 -999 -999 -999 -999 -999 -999 0.993044394952284
  2 5 8 2 100 -999 0.0069692871910257 -999 -999 -999 -999 -999 -999 -999 -999 -999 0.993030712808974
  2 5 8 3 100 -999 0.00457695834929151 -999 -999 -999 -999 -999 -999 -999 -999 -999 0.995423041650708
  2 5 8 4 100 -999 0.00250046578158931 -999 -999 -999 -999 -999 -999 -999 -999 -999 0.997499534218411
  2 5 8 5 100 -999 0.000880107802996421 -999 -999 -999 -999 -999 -999 -999 -999 -999 0.999119892197004
  2 6 8 1 100 -999 0.0148955710915212 -999 -999 -999 -999 -999 -999 -999 -999 -999 0.985104428908479
  2 6 8 2 100 -999 0.0148999844032342 -999 -999 -999 -999 -999 -999 -999 -999 -999 0.985100015596766
  2 6 8 3 100 -999 0.00934901693184756 -999 -999 -999 -999 -999 -999 -999 -999 -999 0.990650983068152
  2 6 8 4 100 -999 0.00737458637843598 -999 -999 -999 -999 -999 -999 -999 -999 -999 0.992625413621564
  2 6 8 5 100 -999 0.00414420789381463 -999 -999 -999 -999 -999 -999 -999 -999 -999 0.995855792106185
  2 7 8 1 100 -999 0.0149110985119969 -999 -999 -999 -999 -999 -999 -999 -999 -999 0.985088901488003
  2 7 8 2 100 -999 0.0149803890357663 -999 -999 -999 -999 -999 -999 -999 -999 -999 0.985019610964234
  2 7 8 3 100 -999 0.00745984243668542 -999 -999 -999 -999 -999 -999 -999 -999 -999 0.992540157563315
  2 7 8 4 100 -999 0.00714268910885979 -999 -999 -999 -999 -999 -999 -999 -999 -999 0.99285731089114
  2 7 8 5 100 -999 0.00745244971761929 -999 -999 -999 -999 -999 -999 -999 -999 -999 0.992547550282381
  2 8 8 2 100 -999 0.0380847885591792 -999 -999 -999 -999 -999 -999 -999 -999 -999 0.961915211440821
  2 8 8 3 100 -999 0.0285633698732756 -999 -999 -999 -999 -999 -999 -999 -999 -999 0.971436630126724
  2 8 8 4 100 -999 0.00679795881687903 -999 -999 -999 -999 -999 -999 -999 -999 -999 0.993202041183121
  2 9 8 2 100 -999 0.00661127478969342 -999 -999 -999 -999 -999 -999 -999 -999 -999 0.993388725210307
  2 9 8 3 100 -999 0.00644026011357543 -999 -999 -999 -999 -999 -999 -999 -999 -999 0.993559739886425
  2 9 8 4 100 -999 0.000633845205841458 -999 -999 -999 -999 -999 -999 -999 -999 -999 0.999366154794159
  2 10 8 2 100 -999 0.0119816393924003 -999 -999 -999 -999 -999 -999 -999 -999 -999 0.9880183606076
  2 10 8 3 100 -999 0.0118294938714836 -999 -999 -999 -999 -999 -999 -999 -999 -999 0.988170506128516
  2 10 8 4 100 -999 0.00599206487873053 -999 -999 -999 -999 -999 -999 -999 -999 -999 0.99400793512127
  2 11 8 2 100 -999 0.0206469510105253 -999 -999 -999 -999 -999 -999 -999 -999 -999 0.979353048989475
  2 11 8 3 100 -999 0.0194363561639784 -999 -999 -999 -999 -999 -999 -999 -999 -999 0.980563643836022
  2 11 8 4 100 -999 0.0178315753957534 -999 -999 -999 -999 -999 -999 -999 -999 -999 0.982168424604247
  2 11 8 5 100 -999 0.00375968036466256 -999 -999 -999 -999 -999 -999 -999 -999 -999 0.996240319635337
  2 12 8 1 100 -999 0.00965989634217519 -999 -999 -999 -999 -999 -999 -999 -999 -999 0.990340103657825
  2 12 8 2 100 -999 0.00958907365324109 -999 -999 -999 -999 -999 -999 -999 -999 -999 0.990410926346759
  2 12 8 3 100 -999 0.0061533147851073 -999 -999 -999 -999 -999 -999 -999 -999 -999 0.993846685214893
  2 12 8 4 100 -999 0.00789612919757353 -999 -999 -999 -999 -999 -999 -999 -999 -999 0.992103870802426
  2 12 8 5 100 -999 0.0080411282234621 -999 -999 -999 -999 -999 -999 -999 -999 -999 0.991958871776538
  2 13 8 1 100 -999 0.0148764796690879 -999 -999 -999 -999 -999 -999 -999 -999 -999 0.985123520330912
  2 13 8 2 100 -999 0.0148212587708682 -999 -999 -999 -999 -999 -999 -999 -999 -999 0.985178741229132
  2 13 8 3 100 -999 0.00490433248079329 -999 -999 -999 -999 -999 -999 -999 -999 -999 0.995095667519207
  2 13 8 4 100 -999 0.00963314217667306 -999 -999 -999 -999 -999 -999 -999 -999 -999 0.990366857823327
  2 13 8 5 100 -999 0.015441161756833 -999 -999 -999 -999 -999 -999 -999 -999 -999 0.984558838243167
  2 14 8 2 100 -999 0.0120371844726066 -999 -999 -999 -999 -999 -999 -999 -999 -999 0.987962815527393
  2 14 8 3 100 -999 0.00267415336221286 -999 -999 -999 -999 -999 -999 -999 -999 -999 0.997325846637787
  2 14 8 4 100 -999 0.00425964862145192 -999 -999 -999 -999 -999 -999 -999 -999 -999 0.995740351378548
  2 14 8 5 100 -999 0.00989653022350516 -999 -999 -999 -999 -999 -999 -999 -999 -999 0.990103469776495
  2 15 8 1 100 -999 0.00625548712431056 -999 -999 -999 -999 -999 -999 -999 -999 -999 0.993744512875689
  2 15 8 2 100 -999 0.00628812015398377 -999 -999 -999 -999 -999 -999 -999 -999 -999 0.993711879846016
  2 15 8 3 100 -999 0.00190333240255785 -999 -999 -999 -999 -999 -999 -999 -999 -999 0.998096667597442
  2 15 8 4 100 -999 0.00128347344340458 -999 -999 -999 -999 -999 -999 -999 -999 -999 0.998716526556595
  2 15 8 5 100 -999 0.00336734945353496 -999 -999 -999 -999 -999 -999 -999 -999 -999 0.996632650546465
  2 16 8 2 100 -999 0.0161736529250908 -999 -999 -999 -999 -999 -999 -999 -999 -999 0.983826347074909
  2 16 8 3 100 -999 0.00817973749667734 -999 -999 -999 -999 -999 -999 -999 -999 -999 0.991820262503323
  2 16 8 4 100 -999 0.00137139682922365 -999 -999 -999 -999 -999 -999 -999 -999 -999 0.998628603170776
  2 17 8 2 100 -999 0.00638433611163779 -999 -999 -999 -999 -999 -999 -999 -999 -999 0.993615663888362
  2 17 8 3 100 -999 0.00522091507479387 -999 -999 -999 -999 -999 -999 -999 -999 -999 0.994779084925206
  2 17 8 4 100 -999 0.00172008897381906 -999 -999 -999 -999 -999 -999 -999 -999 -999 0.998279911026181
  2 18 8 2 100 -999 0.0339249427076099 -999 -999 -999 -999 -999 -999 -999 -999 -999 0.96607505729239
  2 18 8 3 100 -999 0.0314302815666957 -999 -999 -999 -999 -999 -999 -999 -999 -999 0.968569718433304
  2 18 8 4 100 -999 0.0140279072806948 -999 -999 -999 -999 -999 -999 -999 -999 -999 0.985972092719305
  2 19 8 2 100 -999 0.00705698614237356 -999 -999 -999 -999 -999 -999 -999 -999 -999 0.992943013857626
  2 19 8 3 100 -999 0.00599104836095913 -999 -999 -999 -999 -999 -999 -999 -999 -999 0.994008951639041
  2 19 8 4 100 -999 0.00359191520127014 -999 -999 -999 -999 -999 -999 -999 -999 -999 0.99640808479873
  2 20 8 2 100 -999 0.0118767426451941 -999 -999 -999 -999 -999 -999 -999 -999 -999 0.988123257354806
  2 20 8 3 100 -999 0.0106337158460309 -999 -999 -999 -999 -999 -999 -999 -999 -999 0.989366284153969
  2 20 8 4 100 -999 0.00922537790850519 -999 -999 -999 -999 -999 -999 -999 -999 -999 0.990774622091495
  2 20 8 5 100 -999 0.00517455464863586 -999 -999 -999 -999 -999 -999 -999 -999 -999 0.994825445351364
  2 21 8 1 100 -999 0.0127648113548535 -999 -999 -999 -999 -999 -999 -999 -999 -999 0.987235188645146
  2 21 8 2 100 -999 0.012771096967477 -999 -999 -999 -999 -999 -999 -999 -999 -999 0.987228903032523
  2 21 8 3 100 -999 0.00810486889561392 -999 -999 -999 -999 -999 -999 -999 -999 -999 0.991895131104386
  2 21 8 4 100 -999 0.00436858763337581 -999 -999 -999 -999 -999 -999 -999 -999 -999 0.995631412366624
  2 22 8 1 100 -999 0.0254704041107388 -999 -999 -999 -999 -999 -999 -999 -999 -999 0.974529595889261
  2 22 8 2 100 -999 0.0254898745218841 -999 -999 -999 -999 -999 -999 -999 -999 -999 0.974510125478116
  2 22 8 3 100 -999 0.0153335982103218 -999 -999 -999 -999 -999 -999 -999 -999 -999 0.984666401789678
  2 22 8 4 100 -999 0.0131316653644402 -999 -999 -999 -999 -999 -999 -999 -999 -999 0.98686833463556
  2 23 8 1 100 -999 0.0206652301102347 -999 -999 -999 -999 -999 -999 -999 -999 -999 0.979334769889765
  2 23 8 2 100 -999 0.0207789540735441 -999 -999 -999 -999 -999 -999 -999 -999 -999 0.979221045926456
  2 23 8 3 100 -999 0.0106043518455004 -999 -999 -999 -999 -999 -999 -999 -999 -999 0.9893956481545
  2 23 8 4 100 -999 0.0112126131163813 -999 -999 -999 -999 -999 -999 -999 -999 -999 0.988787386883619
  2 24 8 2 100 -999 0.0194165987844111 -999 -999 -999 -999 -999 -999 -999 -999 -999 0.980583401215589
  2 24 8 3 100 -999 0.016588698298916 -999 -999 -999 -999 -999 -999 -999 -999 -999 0.983411301701084
  2 24 8 4 100 -999 0.00197394366179151 -999 -999 -999 -999 -999 -999 -999 -999 -999 0.998026056338209
  2 25 8 1 100 -999 0.0160529884677699 -999 -999 -999 -999 -999 -999 -999 -999 -999 0.98394701153223
  2 25 8 2 100 -999 0.0165695050757928 -999 -999 -999 -999 -999 -999 -999 -999 -999 0.983430494924207
  2 25 8 3 100 -999 0.0170360750956213 -999 -999 -999 -999 -999 -999 -999 -999 -999 0.982963924904379
  2 25 8 4 100 -999 0.00160348216118244 -999 -999 -999 -999 -999 -999 -999 -999 -999 0.998396517838818
  2 26 8 2 100 -999 0.0137826478265704 -999 -999 -999 -999 -999 -999 -999 -999 -999 0.98621735217343
  2 26 8 3 100 -999 0.0142891358714585 -999 -999 -999 -999 -999 -999 -999 -999 -999 0.985710864128541
  2 26 8 4 100 -999 0.00804932617825167 -999 -999 -999 -999 -999 -999 -999 -999 -999 0.991950673821748
  2 27 8 2 100 -999 0.0278357603822665 -999 -999 -999 -999 -999 -999 -999 -999 -999 0.972164239617733
  2 27 8 3 100 -999 0.0287915386720312 -999 -999 -999 -999 -999 -999 -999 -999 -999 0.971208461327969
  2 27 8 4 100 -999 0.0277640987004632 -999 -999 -999 -999 -999 -999 -999 -999 -999 0.972235901299537
  2 28 8 1 100 -999 0.013822944663522 -999 -999 -999 -999 -999 -999 -999 -999 -999 0.986177055336478
  2 28 8 2 100 -999 0.0138429125261877 -999 -999 -999 -999 -999 -999 -999 -999 -999 0.986157087473812
  2 28 8 3 100 -999 0.0132148060251616 -999 -999 -999 -999 -999 -999 -999 -999 -999 0.986785193974838
  2 28 8 4 100 -999 0.0138974921967116 -999 -999 -999 -999 -999 -999 -999 -999 -999 0.986102507803288
  2 28 8 5 100 -999 0.0152870530248669 -999 -999 -999 -999 -999 -999 -999 -999 -999 0.984712946975133
  2 29 8 1 100 -999 0.0144333393430214 -999 -999 -999 -999 -999 -999 -999 -999 -999 0.985566660656979
  2 29 8 2 100 -999 0.0144241220149356 -999 -999 -999 -999 -999 -999 -999 -999 -999 0.985575877985064
  2 29 8 3 100 -999 0.0101967797536935 -999 -999 -999 -999 -999 -999 -999 -999 -999 0.989803220246307
  2 29 8 4 100 -999 0.0106510757396205 -999 -999 -999 -999 -999 -999 -999 -999 -999 0.989348924260379
  2 29 8 5 100 -999 0.0161713721020925 -999 -999 -999 -999 -999 -999 -999 -999 -999 0.983828627897908
  2 30 8 2 100 -999 0.013321817233933 -999 -999 -999 -999 -999 -999 -999 -999 -999 0.986678182766067
  2 30 8 3 100 -999 0.00829197432419668 -999 -999 -999 -999 -999 -999 -999 -999 -999 0.991708025675803
  2 30 8 4 100 -999 0.0110805839193034 -999 -999 -999 -999 -999 -999 -999 -999 -999 0.988919416080697
  2 30 8 5 100 -999 0.0144397692294374 -999 -999 -999 -999 -999 -999 -999 -999 -999 0.985560230770563
  2 31 8 2 100 -999 0.0264153213016587 -999 -999 -999 -999 -999 -999 -999 -999 -999 0.973584678698341
  2 31 8 3 100 -999 0.0142659933976192 -999 -999 -999 -999 -999 -999 -999 -999 -999 0.985734006602381
  2 31 8 4 100 -999 0.00846282005177146 -999 -999 -999 -999 -999 -999 -999 -999 -999 0.991537179948229
  2 31 8 5 100 -999 0.0148729852369898 -999 -999 -999 -999 -999 -999 -999 -999 -999 0.98512701476301
  2 32 8 1 100 -999 0.0149262727238483 -999 -999 -999 -999 -999 -999 -999 -999 -999 0.985073727276152
  2 32 8 2 100 -999 0.0150005778335185 -999 -999 -999 -999 -999 -999 -999 -999 -999 0.984999422166482
  2 32 8 3 100 -999 0.00994405793857471 -999 -999 -999 -999 -999 -999 -999 -999 -999 0.990055942061425
  2 32 8 4 100 -999 0.00236831909076882 -999 -999 -999 -999 -999 -999 -999 -999 -999 0.997631680909231
  2 33 8 2 100 -999 0.0129334186197186 -999 -999 -999 -999 -999 -999 -999 -999 -999 0.987066581380281
  2 33 8 3 100 -999 0.00946587051505125 -999 -999 -999 -999 -999 -999 -999 -999 -999 0.990534129484949
  2 33 8 4 100 -999 0.00452161650687749 -999 -999 -999 -999 -999 -999 -999 -999 -999 0.995478383493122
  2 34 8 2 100 -999 0.0155030460956266 -999 -999 -999 -999 -999 -999 -999 -999 -999 0.984496953904373
  2 34 8 3 100 -999 0.0121442450848772 -999 -999 -999 -999 -999 -999 -999 -999 -999 0.987855754915123
  2 34 8 4 100 -999 0.00652434441995484 -999 -999 -999 -999 -999 -999 -999 -999 -999 0.993475655580045
  2 35 8 2 100 -999 0.0228784529884541 -999 -999 -999 -999 -999 -999 -999 -999 -999 0.977121547011546
  2 35 8 3 100 -999 0.0226818554188223 -999 -999 -999 -999 -999 -999 -999 -999 -999 0.977318144581178
  2 35 8 4 100 -999 0.0133049037326172 -999 -999 -999 -999 -999 -999 -999 -999 -999 0.986695096267383
  2 36 8 2 100 -999 0.0166196741637332 -999 -999 -999 -999 -999 -999 -999 -999 -999 0.983380325836267
  2 36 8 3 100 -999 0.0159842037677387 -999 -999 -999 -999 -999 -999 -999 -999 -999 0.984015796232261
  2 36 8 4 100 -999 0.011055189555114 -999 -999 -999 -999 -999 -999 -999 -999 -999 0.988944810444886
  2 37 8 1 100 -999 0.0138559978256985 -999 -999 -999 -999 -999 -999 -999 -999 -999 0.986144002174302
  2 37 8 2 100 -999 0.013881568008569 -999 -999 -999 -999 -999 -999 -999 -999 -999 0.986118431991431
  2 37 8 3 100 -999 0.013344421310733 -999 -999 -999 -999 -999 -999 -999 -999 -999 0.986655578689267
  2 37 8 4 100 -999 0.0124264166490407 -999 -999 -999 -999 -999 -999 -999 -999 -999 0.987573583350959
  2 37 8 5 100 -999 0.0158787663276303 -999 -999 -999 -999 -999 -999 -999 -999 -999 0.98412123367237
  2 38 8 2 100 -999 0.0133474373237726 -999 -999 -999 -999 -999 -999 -999 -999 -999 0.986652562676227
  2 38 8 3 100 -999 0.00986847973656389 -999 -999 -999 -999 -999 -999 -999 -999 -999 0.990131520263436
  2 38 8 4 100 -999 0.00838940721319998 -999 -999 -999 -999 -999 -999 -999 -999 -999 0.9916105927868
  2 38 8 5 100 -999 0.00476324547711063 -999 -999 -999 -999 -999 -999 -999 -999 -999 0.995236754522889
  2 39 8 2 100 -999 0.0175540535597884 -999 -999 -999 -999 -999 -999 -999 -999 -999 0.982445946440212
  2 39 8 3 100 -999 0.0149363264014555 -999 -999 -999 -999 -999 -999 -999 -999 -999 0.985063673598545
  2 39 8 4 100 -999 0.00769985362363946 -999 -999 -999 -999 -999 -999 -999 -999 -999 0.992300146376361
  2 40 8 2 100 -999 0.0279519837574168 -999 -999 -999 -999 -999 -999 -999 -999 -999 0.972048016242583
  2 40 8 3 100 -999 0.0262020769883297 -999 -999 -999 -999 -999 -999 -999 -999 -999 0.97379792301167
  2 40 8 4 100 -999 0.00915282373152832 -999 -999 -999 -999 -999 -999 -999 -999 -999 0.990847176268472
  2 41 8 2 100 -999 0.0230797592581478 -999 -999 -999 -999 -999 -999 -999 -999 -999 0.976920240741852
  2 41 8 3 100 -999 0.0213782067239459 -999 -999 -999 -999 -999 -999 -999 -999 -999 0.978621793276054
  2 41 8 4 100 -999 0.0136092661058173 -999 -999 -999 -999 -999 -999 -999 -999 -999 0.986390733894183
  2 42 8 2 100 -999 0.0126268166190348 -999 -999 -999 -999 -999 -999 -999 -999 -999 0.987373183380965
  2 42 8 3 100 -999 0.01169022049333 -999 -999 -999 -999 -999 -999 -999 -999 -999 0.98830977950667
  2 42 8 4 100 -999 0.0110128602297404 -999 -999 -999 -999 -999 -999 -999 -999 -999 0.98898713977026
  2 42 8 5 100 -999 0.00953367644170977 -999 -999 -999 -999 -999 -999 -999 -999 -999 0.99046632355829
  2 43 8 2 100 -999 0.0208799314044212 -999 -999 -999 -999 -999 -999 -999 -999 -999 0.979120068595579
  2 43 8 3 100 -999 0.0135777929077666 -999 -999 -999 -999 -999 -999 -999 -999 -999 0.986422207092233
  2 43 8 4 100 -999 0.0121807922153258 -999 -999 -999 -999 -999 -999 -999 -999 -999 0.987819207784674
  2 43 8 5 100 -999 0.0116212859796898 -999 -999 -999 -999 -999 -999 -999 -999 -999 0.98837871402031
  2 44 8 2 100 -999 0.0119379944533841 -999 -999 -999 -999 -999 -999 -999 -999 -999 0.988062005546616
  2 44 8 3 100 -999 0.00775964175693278 -999 -999 -999 -999 -999 -999 -999 -999 -999 0.992240358243067
  2 44 8 4 100 -999 0.0088774437829025 -999 -999 -999 -999 -999 -999 -999 -999 -999 0.991122556217098
  2 44 8 5 100 -999 0.0133750062475171 -999 -999 -999 -999 -999 -999 -999 -999 -999 0.986624993752483
  2 45 8 2 100 -999 0.0230098401237615 -999 -999 -999 -999 -999 -999 -999 -999 -999 0.976990159876238
  2 45 8 3 100 -999 0.0107522411576345 -999 -999 -999 -999 -999 -999 -999 -999 -999 0.989247758842365
  2 45 8 4 100 -999 0.00918617686303647 -999 -999 -999 -999 -999 -999 -999 -999 -999 0.990813823136964
  2 45 8 5 100 -999 0.0140141641974737 -999 -999 -999 -999 -999 -999 -999 -999 -999 0.985985835802526
  2 46 8 2 100 -999 0.00550824244292243 -999 -999 -999 -999 -999 -999 -999 -999 -999 0.994491757557078
  2 46 8 3 100 -999 0.00265862195618591 -999 -999 -999 -999 -999 -999 -999 -999 -999 0.997341378043814
  2 46 8 4 100 -999 0.00131526288115083 -999 -999 -999 -999 -999 -999 -999 -999 -999 0.998684737118849
  2 46 8 5 100 -999 0.000781773637981533 -999 -999 -999 -999 -999 -999 -999 -999 -999 0.999218226362019
  2 47 8 2 100 -999 0.0201753108585829 -999 -999 -999 -999 -999 -999 -999 -999 -999 0.979824689141417
  2 47 8 3 100 -999 0.0111998429108399 -999 -999 -999 -999 -999 -999 -999 -999 -999 0.98880015708916
  2 47 8 4 100 -999 0.00577453370079844 -999 -999 -999 -999 -999 -999 -999 -999 -999 0.994225466299202
  2 47 8 5 100 -999 0.00343963255799747 -999 -999 -999 -999 -999 -999 -999 -999 -999 0.996560367442002
  2 48 8 2 100 -999 0.012642191665665 -999 -999 -999 -999 -999 -999 -999 -999 -999 0.987357808334335
  2 48 8 3 100 -999 0.00931099623883423 -999 -999 -999 -999 -999 -999 -999 -999 -999 0.990689003761166
  2 48 8 4 100 -999 0.00299362758762796 -999 -999 -999 -999 -999 -999 -999 -999 -999 0.997006372412372
  2 49 8 1 100 -999 0.0231584157012732 -999 -999 -999 -999 -999 -999 -999 -999 -999 0.976841584298727
  2 49 8 2 100 -999 0.0231752201938573 -999 -999 -999 -999 -999 -999 -999 -999 -999 0.976824779806143
  2 49 8 3 100 -999 0.0170899403547871 -999 -999 -999 -999 -999 -999 -999 -999 -999 0.982910059645213
  2 49 8 4 100 -999 0.00783384793162553 -999 -999 -999 -999 -999 -999 -999 -999 -999 0.992166152068374
  2 50 8 2 100 -999 0.0141687014695352 -999 -999 -999 -999 -999 -999 -999 -999 -999 0.985831298530465
  2 50 8 3 100 -999 0.0114425684986473 -999 -999 -999 -999 -999 -999 -999 -999 -999 0.988557431501353
  2 50 8 4 100 -999 0.00630863251786937 -999 -999 -999 -999 -999 -999 -999 -999 -999 0.993691367482131
  2 51 8 2 100 -999 0.0270132981338668 -999 -999 -999 -999 -999 -999 -999 -999 -999 0.972986701866133
  2 51 8 3 100 -999 0.023915261844538 -999 -999 -999 -999 -999 -999 -999 -999 -999 0.976084738155462
  2 51 8 4 100 -999 0.0106533182228301 -999 -999 -999 -999 -999 -999 -999 -999 -999 0.98934668177717
  2 51 8 5 100 -999 0.00243463216115849 -999 -999 -999 -999 -999 -999 -999 -999 -999 0.997565367838842
  2 52 8 2 100 -999 0.00521967728824782 -999 -999 -999 -999 -999 -999 -999 -999 -999 0.994780322711752
  2 52 8 3 100 -999 0.00480963706441233 -999 -999 -999 -999 -999 -999 -999 -999 -999 0.995190362935588
  2 52 8 4 100 -999 0.00119093372583323 -999 -999 -999 -999 -999 -999 -999 -999 -999 0.998809066274167
  2 53 8 2 100 -999 0.0311843033798303 -999 -999 -999 -999 -999 -999 -999 -999 -999 0.96881569662017
  2 53 8 3 100 -999 0.0302806589941788 -999 -999 -999 -999 -999 -999 -999 -999 -999 0.969719341005821
  2 53 8 4 100 -999 0.0216398411929036 -999 -999 -999 -999 -999 -999 -999 -999 -999 0.978360158807096
  2 54 8 2 100 -999 0.0113388700165863 -999 -999 -999 -999 -999 -999 -999 -999 -999 0.988661129983414
  2 54 8 3 100 -999 0.0112531297525518 -999 -999 -999 -999 -999 -999 -999 -999 -999 0.988746870247448
  2 54 8 4 100 -999 0.0123134762426477 -999 -999 -999 -999 -999 -999 -999 -999 -999 0.987686523757352
  2 54 8 5 100 -999 0.0067684451229885 -999 -999 -999 -999 -999 -999 -999 -999 -999 0.993231554877012
  2 55 8 1 100 -999 0.031206045473981 -999 -999 -999 -999 -999 -999 -999 -999 -999 0.968793954526019
  2 55 8 2 100 -999 0.0311772880854742 -999 -999 -999 -999 -999 -999 -999 -999 -999 0.968822711914526
  2 55 8 3 100 -999 0.00828825424075592 -999 -999 -999 -999 -999 -999 -999 -999 -999 0.991711745759244
  2 55 8 4 100 -999 0.015871074851875 -999 -999 -999 -999 -999 -999 -999 -999 -999 0.984128925148125
  2 55 8 5 100 -999 0.0194075562382713 -999 -999 -999 -999 -999 -999 -999 -999 -999 0.980592443761729
  2 56 8 2 100 -999 0.0117427005663643 -999 -999 -999 -999 -999 -999 -999 -999 -999 0.988257299433636
  2 56 8 3 100 -999 0.00135376350124719 -999 -999 -999 -999 -999 -999 -999 -999 -999 0.998646236498753
  2 56 8 4 100 -999 0.00230979115818329 -999 -999 -999 -999 -999 -999 -999 -999 -999 0.997690208841817
  2 56 8 5 100 -999 0.00473037340406447 -999 -999 -999 -999 -999 -999 -999 -999 -999 0.995269626595936
  2 57 8 2 100 -999 0.0271822463079911 -999 -999 -999 -999 -999 -999 -999 -999 -999 0.972817753692009
  2 57 8 3 100 -999 0.00865257970591975 -999 -999 -999 -999 -999 -999 -999 -999 -999 0.99134742029408
  2 57 8 4 100 -999 0.00165583236673833 -999 -999 -999 -999 -999 -999 -999 -999 -999 0.998344167633262
  2 57 8 5 100 -999 0.000913054845149991 -999 -999 -999 -999 -999 -999 -999 -999 -999 0.99908694515485
  2 58 8 2 100 -999 0.00886576495868694 -999 -999 -999 -999 -999 -999 -999 -999 -999 0.991134235041313
  2 58 8 3 100 -999 0.00450329098478912 -999 -999 -999 -999 -999 -999 -999 -999 -999 0.995496709015211
  2 58 8 4 100 -999 0.000253090536789048 -999 -999 -999 -999 -999 -999 -999 -999 -999 0.999746909463211
  2 59 8 1 100 -999 0.0282475074916857 -999 -999 -999 -999 -999 -999 -999 -999 -999 0.971752492508314
  2 59 8 2 100 -999 0.0282814394687867 -999 -999 -999 -999 -999 -999 -999 -999 -999 0.971718560531213
  2 59 8 3 100 -999 0.0174053913383322 -999 -999 -999 -999 -999 -999 -999 -999 -999 0.982594608661668
  2 59 8 4 100 -999 0.00442449481363086 -999 -999 -999 -999 -999 -999 -999 -999 -999 0.995575505186369
  2 60 8 2 100 -999 0.00575352989370417 -999 -999 -999 -999 -999 -999 -999 -999 -999 0.994246470106296
  2 60 8 3 100 -999 0.00359628749823211 -999 -999 -999 -999 -999 -999 -999 -999 -999 0.996403712501768
  2 60 8 4 100 -999 0.00229774390225536 -999 -999 -999 -999 -999 -999 -999 -999 -999 0.997702256097745
  2 60 8 5 100 -999 0.000804372434494593 -999 -999 -999 -999 -999 -999 -999 -999 -999 0.999195627565505
  2 61 8 1 100 -999 0.0430424579262255 -999 -999 -999 -999 -999 -999 -999 -999 -999 0.956957542073774
  2 61 8 2 100 -999 0.0434426522156508 -999 -999 -999 -999 -999 -999 -999 -999 -999 0.956557347784349
  2 61 8 3 100 -999 0.0253038136849198 -999 -999 -999 -999 -999 -999 -999 -999 -999 0.97469618631508
  2 61 8 4 100 -999 0.0072975952111509 -999 -999 -999 -999 -999 -999 -999 -999 -999 0.992702404788849
  2 61 8 5 100 -999 0.00268948719382563 -999 -999 -999 -999 -999 -999 -999 -999 -999 0.997310512806174
  2 62 8 2 100 -999 0.0101154833713205 -999 -999 -999 -999 -999 -999 -999 -999 -999 0.989884516628679
  2 62 8 3 100 -999 0.00717578877702647 -999 -999 -999 -999 -999 -999 -999 -999 -999 0.992824211222973
  2 62 8 4 100 -999 0.000784183649060822 -999 -999 -999 -999 -999 -999 -999 -999 -999 0.999215816350939
  2 63 8 2 100 -999 0.0169551762596595 -999 -999 -999 -999 -999 -999 -999 -999 -999 0.983044823740341
  2 63 8 3 100 -999 0.0150679724918028 -999 -999 -999 -999 -999 -999 -999 -999 -999 0.984932027508197
  2 63 8 4 100 -999 0.00186073300541953 -999 -999 -999 -999 -999 -999 -999 -999 -999 0.99813926699458
  2 64 8 2 100 -999 0.015897373893556 -999 -999 -999 -999 -999 -999 -999 -999 -999 0.984102626106444
  2 64 8 3 100 -999 0.0149831472918505 -999 -999 -999 -999 -999 -999 -999 -999 -999 0.98501685270815
  2 64 8 4 100 -999 0.00535159380742924 -999 -999 -999 -999 -999 -999 -999 -999 -999 0.994648406192571
  2 65 8 2 100 -999 0.0175161588323236 -999 -999 -999 -999 -999 -999 -999 -999 -999 0.982483841167676
  2 65 8 3 100 -999 0.0181622439910974 -999 -999 -999 -999 -999 -999 -999 -999 -999 0.981837756008903
  2 65 8 4 100 -999 0.0132112521236481 -999 -999 -999 -999 -999 -999 -999 -999 -999 0.986788747876352
  2 65 8 5 100 -999 0.000433953713060389 -999 -999 -999 -999 -999 -999 -999 -999 -999 0.99956604628694
  2 66 8 1 100 -999 0.0276807780006437 -999 -999 -999 -999 -999 -999 -999 -999 -999 0.972319221999356
  2 66 8 2 100 -999 0.0276265411852434 -999 -999 -999 -999 -999 -999 -999 -999 -999 0.972373458814757
  2 66 8 3 100 -999 0.0209676732788718 -999 -999 -999 -999 -999 -999 -999 -999 -999 0.979032326721128
  2 66 8 4 100 -999 0.0238074732951003 -999 -999 -999 -999 -999 -999 -999 -999 -999 0.9761925267049
  2 66 8 5 100 -999 0.0091383913524521 -999 -999 -999 -999 -999 -999 -999 -999 -999 0.990861608647548
  2 67 8 2 100 -999 0.015594664819371 -999 -999 -999 -999 -999 -999 -999 -999 -999 0.984405335180629
  2 67 8 3 100 -999 0.00342659603600597 -999 -999 -999 -999 -999 -999 -999 -999 -999 0.996573403963994
  2 67 8 4 100 -999 0.00455102946089698 -999 -999 -999 -999 -999 -999 -999 -999 -999 0.995448970539103
  2 67 8 5 100 -999 0.00419505312560131 -999 -999 -999 -999 -999 -999 -999 -999 -999 0.995804946874399
  2 68 8 2 100 -999 0.0145345481292828 -999 -999 -999 -999 -999 -999 -999 -999 -999 0.985465451870717
  2 68 8 3 100 -999 0.00346403747792959 -999 -999 -999 -999 -999 -999 -999 -999 -999 0.99653596252207
  2 68 8 4 100 -999 0.0012265888229862 -999 -999 -999 -999 -999 -999 -999 -999 -999 0.998773411177014
  2 68 8 5 100 -999 0.000243794427043668 -999 -999 -999 -999 -999 -999 -999 -999 -999 0.999756205572956
  2 69 8 2 100 -999 0.0149747751073058 -999 -999 -999 -999 -999 -999 -999 -999 -999 0.985025224892694
  2 69 8 3 100 -999 0.00536039311926274 -999 -999 -999 -999 -999 -999 -999 -999 -999 0.994639606880737
  2 69 8 4 100 -999 0.00120360630651728 -999 -999 -999 -999 -999 -999 -999 -999 -999 0.998796393693483
  2 70 8 2 100 -999 0.0218175632803686 -999 -999 -999 -999 -999 -999 -999 -999 -999 0.978182436719631
  2 70 8 3 100 -999 0.0113244459783924 -999 -999 -999 -999 -999 -999 -999 -999 -999 0.988675554021608
  2 70 8 4 100 -999 0.00233926605694181 -999 -999 -999 -999 -999 -999 -999 -999 -999 0.997660733943058
  2 71 8 1 100 -999 0.0241370899346559 -999 -999 -999 -999 -999 -999 -999 -999 -999 0.975862910065344
  2 71 8 2 100 -999 0.024199350348435 -999 -999 -999 -999 -999 -999 -999 -999 -999 0.975800649651565
  2 71 8 3 100 -999 0.0150509493380559 -999 -999 -999 -999 -999 -999 -999 -999 -999 0.984949050661944
  2 71 8 4 100 -999 0.00545365855043134 -999 -999 -999 -999 -999 -999 -999 -999 -999 0.994546341449569
  2 71 8 5 100 -999 0.0012758905247012 -999 -999 -999 -999 -999 -999 -999 -999 -999 0.998724109475299
  2 72 8 1 100 -999 0.00668996454569744 -999 -999 -999 -999 -999 -999 -999 -999 -999 0.993310035454303
  2 72 8 2 100 -999 0.00671884040283023 -999 -999 -999 -999 -999 -999 -999 -999 -999 0.99328115959717
  2 72 8 3 100 -999 0.00364543978986827 -999 -999 -999 -999 -999 -999 -999 -999 -999 0.996354560210132
  2 72 8 4 100 -999 0.00131410073664145 -999 -999 -999 -999 -999 -999 -999 -999 -999 0.998685899263359
  2 73 8 1 100 -999 0.0216852796137531 -999 -999 -999 -999 -999 -999 -999 -999 -999 0.978314720386247
  2 73 8 2 100 -999 0.0218553395148783 -999 -999 -999 -999 -999 -999 -999 -999 -999 0.978144660485122
  2 73 8 3 100 -999 0.015500410811879 -999 -999 -999 -999 -999 -999 -999 -999 -999 0.984499589188121
  2 73 8 4 100 -999 0.0050885346870352 -999 -999 -999 -999 -999 -999 -999 -999 -999 0.994911465312965
  2 74 8 2 100 -999 0.0255102057657311 -999 -999 -999 -999 -999 -999 -999 -999 -999 0.974489794234269
  2 74 8 3 100 -999 0.0229028277854276 -999 -999 -999 -999 -999 -999 -999 -999 -999 0.977097172214572
  2 74 8 4 100 -999 0.00226172524301074 -999 -999 -999 -999 -999 -999 -999 -999 -999 0.997738274756989
  2 75 8 2 100 -999 0.0150708740515041 -999 -999 -999 -999 -999 -999 -999 -999 -999 0.984929125948496
  2 75 8 3 100 -999 0.0148895555488581 -999 -999 -999 -999 -999 -999 -999 -999 -999 0.985110444451142
  2 75 8 4 100 -999 0.00238022229933413 -999 -999 -999 -999 -999 -999 -999 -999 -999 0.997619777700666
  2 76 8 2 100 -999 0.0221344689243458 -999 -999 -999 -999 -999 -999 -999 -999 -999 0.977865531075654
  2 76 8 3 100 -999 0.0230007854643816 -999 -999 -999 -999 -999 -999 -999 -999 -999 0.976999214535618
  2 76 8 4 100 -999 0.0107628294496088 -999 -999 -999 -999 -999 -999 -999 -999 -999 0.989237170550391
  2 77 8 2 100 -999 0.0168876868237165 -999 -999 -999 -999 -999 -999 -999 -999 -999 0.983112313176283
  2 77 8 3 100 -999 0.0170109310917849 -999 -999 -999 -999 -999 -999 -999 -999 -999 0.982989068908215
  2 77 8 4 100 -999 0.014324001781371 -999 -999 -999 -999 -999 -999 -999 -999 -999 0.985675998218629
  2 78 8 2 100 -999 0.0128259366329365 -999 -999 -999 -999 -999 -999 -999 -999 -999 0.987174063367063
  2 78 8 3 100 -999 0.0133017669436862 -999 -999 -999 -999 -999 -999 -999 -999 -999 0.986698233056314
  2 78 8 4 100 -999 0.0143297718583268 -999 -999 -999 -999 -999 -999 -999 -999 -999 0.985670228141673
  2 78 8 5 100 -999 0.0070683426835598 -999 -999 -999 -999 -999 -999 -999 -999 -999 0.99293165731644
  2 79 8 2 100 -999 0.0198478131415118 -999 -999 -999 -999 -999 -999 -999 -999 -999 0.980152186858488
  2 79 8 3 100 -999 0.0103117454914184 -999 -999 -999 -999 -999 -999 -999 -999 -999 0.989688254508582
  2 79 8 4 100 -999 0.0147943105393497 -999 -999 -999 -999 -999 -999 -999 -999 -999 0.98520568946065
  2 79 8 5 100 -999 0.016284043151927 -999 -999 -999 -999 -999 -999 -999 -999 -999 0.983715956848073
  2 80 8 2 100 -999 0.00442552941726671 -999 -999 -999 -999 -999 -999 -999 -999 -999 0.995574470582733
  2 80 8 3 100 -999 0.00129881194933381 -999 -999 -999 -999 -999 -999 -999 -999 -999 0.998701188050666
  2 80 8 4 100 -999 0.00157134242474534 -999 -999 -999 -999 -999 -999 -999 -999 -999 0.998428657575255
  2 80 8 5 100 -999 0.00299092570095956 -999 -999 -999 -999 -999 -999 -999 -999 -999 0.99700907429904
  2 1 10 2 100 0.00181523517529972 -999 -999 -999 -999 -999 -999 -999 -999 -999 -999 0.9981847648247
  2 1 10 3 100 0.220269877663466 -999 -999 -999 -999 -999 -999 -999 -999 -999 -999 0.779730122336534
  2 1 10 4 100 0.445815042989685 -999 -999 -999 -999 -999 -999 -999 -999 -999 -999 0.554184957010315
  2 2 10 2 100 0.00179456225492172 -999 -999 -999 -999 -999 -999 -999 -999 -999 -999 0.998205437745078
  2 2 10 3 100 0.30452134767702 -999 -999 -999 -999 -999 -999 -999 -999 -999 -999 0.69547865232298
  2 2 10 4 100 0.498833481788632 -999 -999 -999 -999 -999 -999 -999 -999 -999 -999 0.501166518211368
  2 3 10 2 100 0.00177969651970405 -999 -999 -999 -999 -999 -999 -999 -999 -999 -999 0.998220303480296
  2 3 10 3 100 0.244795105368436 -999 -999 -999 -999 -999 -999 -999 -999 -999 -999 0.755204894631564
  2 3 10 4 100 0.469427915375715 -999 -999 -999 -999 -999 -999 -999 -999 -999 -999 0.530572084624285
  2 4 10 2 100 0.0016907147007557 -999 -999 -999 -999 -999 -999 -999 -999 -999 -999 0.998309285299244
  2 4 10 3 100 0.196294182558578 -999 -999 -999 -999 -999 -999 -999 -999 -999 -999 0.803705817441422
  2 4 10 4 100 0.428025252779664 -999 -999 -999 -999 -999 -999 -999 -999 -999 -999 0.571974747220336
  2 5 10 2 100 0.00173171317291422 -999 -999 -999 -999 -999 -999 -999 -999 -999 -999 0.998268286827086
  2 5 10 3 100 0.264069526624971 -999 -999 -999 -999 -999 -999 -999 -999 -999 -999 0.735930473375029
  2 5 10 4 100 0.4692239466588 -999 -999 -999 -999 -999 -999 -999 -999 -999 -999 0.5307760533412
  2 6 10 2 100 0.00153610811146487 -999 -999 -999 -999 -999 -999 -999 -999 -999 -999 0.998463891888535
  2 6 10 3 100 0.25237157363654 -999 -999 -999 -999 -999 -999 -999 -999 -999 -999 0.74762842636346
  2 6 10 4 100 0.438112817928184 -999 -999 -999 -999 -999 -999 -999 -999 -999 -999 0.561887182071816
  2 7 10 2 100 0.0013899318459269 -999 -999 -999 -999 -999 -999 -999 -999 -999 -999 0.998610068154073
  2 7 10 3 100 0.208968913004432 -999 -999 -999 -999 -999 -999 -999 -999 -999 -999 0.791031086995568
  2 7 10 4 100 0.41902846520455 -999 -999 -999 -999 -999 -999 -999 -999 -999 -999 0.58097153479545
  2 8 10 2 100 0.0013235519953863 -999 -999 -999 -999 -999 -999 -999 -999 -999 -999 0.998676448004614
  2 8 10 3 100 0.304586377357599 -999 -999 -999 -999 -999 -999 -999 -999 -999 -999 0.695413622642401
  2 8 10 4 100 0.498484601523498 -999 -999 -999 -999 -999 -999 -999 -999 -999 -999 0.501515398476502
  2 9 10 2 100 0.00119141495837338 -999 -999 -999 -999 -999 -999 -999 -999 -999 -999 0.998808585041627
  2 9 10 3 100 0.267672281987345 -999 -999 -999 -999 -999 -999 -999 -999 -999 -999 0.732327718012655
  2 9 10 4 100 0.474519532852337 -999 -999 -999 -999 -999 -999 -999 -999 -999 -999 0.525480467147663
  2 10 10 2 100 0.00103794155370161 -999 -999 -999 -999 -999 -999 -999 -999 -999 -999 0.998962058446298
  2 10 10 3 100 0.232993599762289 -999 -999 -999 -999 -999 -999 -999 -999 -999 -999 0.767006400237711
  2 10 10 4 100 0.434822064777509 -999 -999 -999 -999 -999 -999 -999 -999 -999 -999 0.565177935222491
  2 11 10 2 100 0.00109025855521834 -999 -999 -999 -999 -999 -999 -999 -999 -999 -999 0.998909741444782
  2 11 10 3 100 0.332930198432489 -999 -999 -999 -999 -999 -999 -999 -999 -999 -999 0.667069801567511
  2 11 10 4 100 0.531995960508534 -999 -999 -999 -999 -999 -999 -999 -999 -999 -999 0.468004039491466
  2 12 10 2 100 0.000944843653512701 -999 -999 -999 -999 -999 -999 -999 -999 -999 -999 0.999055156346487
  2 12 10 3 100 0.288035657173318 -999 -999 -999 -999 -999 -999 -999 -999 -999 -999 0.711964342826682
  2 12 10 4 100 0.496273047831259 -999 -999 -999 -999 -999 -999 -999 -999 -999 -999 0.503726952168741
  2 13 10 2 100 0.000825973184881007 -999 -999 -999 -999 -999 -999 -999 -999 -999 -999 0.999174026815119
  2 13 10 3 100 0.260526219249085 -999 -999 -999 -999 -999 -999 -999 -999 -999 -999 0.739473780750915
  2 13 10 4 100 0.463140993827923 -999 -999 -999 -999 -999 -999 -999 -999 -999 -999 0.536859006172077
  2 14 10 2 100 0.00090823749177473 -999 -999 -999 -999 -999 -999 -999 -999 -999 -999 0.999091762508225
  2 14 10 3 100 0.312609207547479 -999 -999 -999 -999 -999 -999 -999 -999 -999 -999 0.687390792452521
  2 14 10 4 100 0.557114667364613 -999 -999 -999 -999 -999 -999 -999 -999 -999 -999 0.442885332635387
  2 15 10 2 100 0.000888809985587846 -999 -999 -999 -999 -999 -999 -999 -999 -999 -999 0.999111190014412
  2 15 10 3 100 0.221764391924784 -999 -999 -999 -999 -999 -999 -999 -999 -999 -999 0.778235608075216
  2 15 10 4 100 0.486211498942904 -999 -999 -999 -999 -999 -999 -999 -999 -999 -999 0.513788501057096
  2 16 10 2 100 0.000672483119595622 -999 -999 -999 -999 -999 -999 -999 -999 -999 -999 0.999327516880404
  2 16 10 3 100 0.25637643922354 -999 -999 -999 -999 -999 -999 -999 -999 -999 -999 0.74362356077646
  2 16 10 4 100 0.489282666910823 -999 -999 -999 -999 -999 -999 -999 -999 -999 -999 0.510717333089177
  2 17 10 2 100 0.000467165959102736 -999 -999 -999 -999 -999 -999 -999 -999 -999 -999 0.999532834040897
  2 17 10 3 100 0.201774874420034 -999 -999 -999 -999 -999 -999 -999 -999 -999 -999 0.798225125579966
  2 17 10 4 100 0.445341534597 -999 -999 -999 -999 -999 -999 -999 -999 -999 -999 0.554658465403
  2 18 10 2 100 0.000359901254270515 -999 -999 -999 -999 -999 -999 -999 -999 -999 -999 0.999640098745729
  2 18 10 3 100 0.167755500846138 -999 -999 -999 -999 -999 -999 -999 -999 -999 -999 0.832244499153862
  2 18 10 4 100 0.418212669752463 -999 -999 -999 -999 -999 -999 -999 -999 -999 -999 0.581787330247537
  2 19 10 2 100 0.000322093682924503 -999 -999 -999 -999 -999 -999 -999 -999 -999 -999 0.999677906317076
  2 19 10 3 100 0.210523589318333 -999 -999 -999 -999 -999 -999 -999 -999 -999 -999 0.789476410681667
  2 19 10 4 100 0.475715349462407 -999 -999 -999 -999 -999 -999 -999 -999 -999 -999 0.524284650537593
  2 20 10 2 100 0.000269547254062904 -999 -999 -999 -999 -999 -999 -999 -999 -999 -999 0.999730452745937
  2 20 10 3 100 0.1169486484282 -999 -999 -999 -999 -999 -999 -999 -999 -999 -999 0.8830513515718
  2 20 10 4 100 0.427177434475691 -999 -999 -999 -999 -999 -999 -999 -999 -999 -999 0.572822565524309
  2 21 10 2 100 0.000226567666622348 -999 -999 -999 -999 -999 -999 -999 -999 -999 -999 0.999773432333378
  2 21 10 3 100 0.0641213349857855 -999 -999 -999 -999 -999 -999 -999 -999 -999 -999 0.935878665014214
  2 21 10 4 100 0.311660453974473 -999 -999 -999 -999 -999 -999 -999 -999 -999 -999 0.688339546025527
  2 22 10 2 100 0.000220074918952721 -999 -999 -999 -999 -999 -999 -999 -999 -999 -999 0.999779925081047
  2 22 10 3 100 0.0860894588009317 -999 -999 -999 -999 -999 -999 -999 -999 -999 -999 0.913910541199068
  2 22 10 4 100 0.3497646575688 -999 -999 -999 -999 -999 -999 -999 -999 -999 -999 0.6502353424312
  2 23 10 2 100 0.000216440039761219 -999 -999 -999 -999 -999 -999 -999 -999 -999 -999 0.999783559960239
  2 23 10 3 100 0.0497562447884334 -999 -999 -999 -999 -999 -999 -999 -999 -999 -999 0.950243755211567
  2 23 10 4 100 0.265178270179814 -999 -999 -999 -999 -999 -999 -999 -999 -999 -999 0.734821729820186
  2 24 10 2 100 0.000159888611788362 -999 -999 -999 -999 -999 -999 -999 -999 -999 -999 0.999840111388212
  2 24 10 3 100 0.0480391376192731 -999 -999 -999 -999 -999 -999 -999 -999 -999 -999 0.951960862380727
  2 24 10 4 100 0.21694345559103 -999 -999 -999 -999 -999 -999 -999 -999 -999 -999 0.78305654440897
  2 25 10 2 100 0.000165628570730425 -999 -999 -999 -999 -999 -999 -999 -999 -999 -999 0.99983437142927
  2 25 10 3 100 0.0785344325554707 -999 -999 -999 -999 -999 -999 -999 -999 -999 -999 0.921465567444529
  2 25 10 4 100 0.268282249914733 -999 -999 -999 -999 -999 -999 -999 -999 -999 -999 0.731717750085267
  2 26 10 2 100 0.000200798993022489 -999 -999 -999 -999 -999 -999 -999 -999 -999 -999 0.999799201006978
  2 26 10 3 100 0.035924479090313 -999 -999 -999 -999 -999 -999 -999 -999 -999 -999 0.964075520909687
  2 26 10 4 100 0.213276505236466 -999 -999 -999 -999 -999 -999 -999 -999 -999 -999 0.786723494763534
  2 27 10 2 100 0.000170148950236992 -999 -999 -999 -999 -999 -999 -999 -999 -999 -999 0.999829851049763
  2 27 10 3 100 0.0655828138224358 -999 -999 -999 -999 -999 -999 -999 -999 -999 -999 0.934417186177564
  2 27 10 4 100 0.238212605285637 -999 -999 -999 -999 -999 -999 -999 -999 -999 -999 0.761787394714363
  2 28 10 2 100 0.000180457911793766 -999 -999 -999 -999 -999 -999 -999 -999 -999 -999 0.999819542088206
  2 28 10 3 100 0.0393926862729629 -999 -999 -999 -999 -999 -999 -999 -999 -999 -999 0.960607313727037
  2 28 10 4 100 0.203978027775 -999 -999 -999 -999 -999 -999 -999 -999 -999 -999 0.796021972225
  2 29 10 2 100 0.000188331968378709 -999 -999 -999 -999 -999 -999 -999 -999 -999 -999 0.999811668031621
  2 29 10 3 100 0.0277834043099073 -999 -999 -999 -999 -999 -999 -999 -999 -999 -999 0.972216595690093
  2 29 10 4 100 0.172672365425221 -999 -999 -999 -999 -999 -999 -999 -999 -999 -999 0.827327634574779
  2 30 10 2 100 0.000166432592189313 -999 -999 -999 -999 -999 -999 -999 -999 -999 -999 0.999833567407811
  2 30 10 3 100 0.0600072736145063 -999 -999 -999 -999 -999 -999 -999 -999 -999 -999 0.939992726385494
  2 30 10 4 100 0.273319872770424 -999 -999 -999 -999 -999 -999 -999 -999 -999 -999 0.726680127229576
  2 31 10 2 100 0.000135938368480166 -999 -999 -999 -999 -999 -999 -999 -999 -999 -999 0.99986406163152
  2 31 10 3 100 0.0607910156995939 -999 -999 -999 -999 -999 -999 -999 -999 -999 -999 0.939208984300406
  2 31 10 4 100 0.264682343034491 -999 -999 -999 -999 -999 -999 -999 -999 -999 -999 0.735317656965509
  2 32 10 2 100 0.000143261537496636 -999 -999 -999 -999 -999 -999 -999 -999 -999 -999 0.999856738462503
  2 32 10 3 100 0.040819102949498 -999 -999 -999 -999 -999 -999 -999 -999 -999 -999 0.959180897050502
  2 32 10 4 100 0.24691569901109 -999 -999 -999 -999 -999 -999 -999 -999 -999 -999 0.75308430098891
  2 33 10 2 100 0.000167442456649216 -999 -999 -999 -999 -999 -999 -999 -999 -999 -999 0.999832557543351
  2 33 10 3 100 0.0346342083453101 -999 -999 -999 -999 -999 -999 -999 -999 -999 -999 0.96536579165469
  2 33 10 4 100 0.20238722979844 -999 -999 -999 -999 -999 -999 -999 -999 -999 -999 0.79761277020156
  2 34 10 2 100 0.000131386246230308 -999 -999 -999 -999 -999 -999 -999 -999 -999 -999 0.99986861375377
  2 34 10 3 100 0.0373789626566248 -999 -999 -999 -999 -999 -999 -999 -999 -999 -999 0.962621037343375
  2 34 10 4 100 0.174033150997245 -999 -999 -999 -999 -999 -999 -999 -999 -999 -999 0.825966849002756
  2 35 10 2 100 0.000206468168927011 -999 -999 -999 -999 -999 -999 -999 -999 -999 -999 0.999793531831073
  2 35 10 3 100 0.0493980489670946 -999 -999 -999 -999 -999 -999 -999 -999 -999 -999 0.950601951032905
  2 35 10 4 100 0.294279186057029 -999 -999 -999 -999 -999 -999 -999 -999 -999 -999 0.70572081394297
  2 36 10 2 100 0.000203632577994461 -999 -999 -999 -999 -999 -999 -999 -999 -999 -999 0.999796367422006
  2 36 10 3 100 0.0389711066205237 -999 -999 -999 -999 -999 -999 -999 -999 -999 -999 0.961028893379476
  2 36 10 4 100 0.234958476858785 -999 -999 -999 -999 -999 -999 -999 -999 -999 -999 0.765041523141215
  2 37 10 2 100 0.000185036087088334 -999 -999 -999 -999 -999 -999 -999 -999 -999 -999 0.999814963912912
  2 37 10 3 100 0.0319462242319988 -999 -999 -999 -999 -999 -999 -999 -999 -999 -999 0.968053775768001
  2 37 10 4 100 0.196296831776439 -999 -999 -999 -999 -999 -999 -999 -999 -999 -999 0.803703168223561
  2 38 10 2 100 0.000185804981838584 -999 -999 -999 -999 -999 -999 -999 -999 -999 -999 0.999814195018161
  2 38 10 3 100 0.0513935221057261 -999 -999 -999 -999 -999 -999 -999 -999 -999 -999 0.948606477894274
  2 38 10 4 100 0.261738031881567 -999 -999 -999 -999 -999 -999 -999 -999 -999 -999 0.738261968118433
  2 39 10 2 100 0.000184359898374451 -999 -999 -999 -999 -999 -999 -999 -999 -999 -999 0.999815640101626
  2 39 10 3 100 0.0381012183318726 -999 -999 -999 -999 -999 -999 -999 -999 -999 -999 0.961898781668127
  2 39 10 4 100 0.230400196403829 -999 -999 -999 -999 -999 -999 -999 -999 -999 -999 0.769599803596171
  2 40 10 2 100 0.000145912592490042 -999 -999 -999 -999 -999 -999 -999 -999 -999 -999 0.99985408740751
  2 40 10 3 100 0.079538848178044 -999 -999 -999 -999 -999 -999 -999 -999 -999 -999 0.920461151821956
  2 40 10 4 100 0.307315519276275 -999 -999 -999 -999 -999 -999 -999 -999 -999 -999 0.692684480723725
  2 41 10 2 100 0.000211549338465642 -999 -999 -999 -999 -999 -999 -999 -999 -999 -999 0.999788450661534
  2 41 10 3 100 0.0441189590732553 -999 -999 -999 -999 -999 -999 -999 -999 -999 -999 0.955881040926745
  2 41 10 4 100 0.294379910629539 -999 -999 -999 -999 -999 -999 -999 -999 -999 -999 0.705620089370461
  2 42 10 2 100 0.00025354041578516 -999 -999 -999 -999 -999 -999 -999 -999 -999 -999 0.999746459584215
  2 42 10 3 100 0.0393395943388311 -999 -999 -999 -999 -999 -999 -999 -999 -999 -999 0.960660405661169
  2 42 10 4 100 0.253201124548301 -999 -999 -999 -999 -999 -999 -999 -999 -999 -999 0.746798875451699
  2 43 10 2 100 0.000236182992139036 -999 -999 -999 -999 -999 -999 -999 -999 -999 -999 0.999763817007861
  2 43 10 3 100 0.0705678327919268 -999 -999 -999 -999 -999 -999 -999 -999 -999 -999 0.929432167208073
  2 43 10 4 100 0.298889293309453 -999 -999 -999 -999 -999 -999 -999 -999 -999 -999 0.701110706690547
  2 44 10 2 100 0.000249881693939776 -999 -999 -999 -999 -999 -999 -999 -999 -999 -999 0.99975011830606
  2 44 10 3 100 0.0652891032390533 -999 -999 -999 -999 -999 -999 -999 -999 -999 -999 0.934710896760947
  2 44 10 4 100 0.287072101142478 -999 -999 -999 -999 -999 -999 -999 -999 -999 -999 0.712927898857522
  2 45 10 2 100 0.000242671039704263 -999 -999 -999 -999 -999 -999 -999 -999 -999 -999 0.999757328960296
  2 45 10 3 100 0.0816415075237394 -999 -999 -999 -999 -999 -999 -999 -999 -999 -999 0.918358492476261
  2 45 10 4 100 0.318935318973952 -999 -999 -999 -999 -999 -999 -999 -999 -999 -999 0.681064681026048
  2 46 10 2 100 0.000304828098393967 -999 -999 -999 -999 -999 -999 -999 -999 -999 -999 0.999695171901606
  2 46 10 3 100 0.0816921378939316 -999 -999 -999 -999 -999 -999 -999 -999 -999 -999 0.918307862106068
  2 46 10 4 100 0.352590189099085 -999 -999 -999 -999 -999 -999 -999 -999 -999 -999 0.647409810900915
  2 47 10 2 100 0.000224464968599169 -999 -999 -999 -999 -999 -999 -999 -999 -999 -999 0.999775535031401
  2 47 10 3 100 0.111458430879605 -999 -999 -999 -999 -999 -999 -999 -999 -999 -999 0.888541569120395
  2 47 10 4 100 0.33799985928684 -999 -999 -999 -999 -999 -999 -999 -999 -999 -999 0.66200014071316
  2 48 10 2 100 0.000263163428236079 -999 -999 -999 -999 -999 -999 -999 -999 -999 -999 0.999736836571764
  2 48 10 3 100 0.112977447582715 -999 -999 -999 -999 -999 -999 -999 -999 -999 -999 0.887022552417285
  2 48 10 4 100 0.390883012067734 -999 -999 -999 -999 -999 -999 -999 -999 -999 -999 0.609116987932266
  2 49 10 2 100 0.000306416801279313 -999 -999 -999 -999 -999 -999 -999 -999 -999 -999 0.999693583198721
  2 49 10 3 100 0.0893223403033038 -999 -999 -999 -999 -999 -999 -999 -999 -999 -999 0.910677659696696
  2 49 10 4 100 0.362174196068334 -999 -999 -999 -999 -999 -999 -999 -999 -999 -999 0.637825803931666
  2 50 10 2 100 0.000269728653216942 -999 -999 -999 -999 -999 -999 -999 -999 -999 -999 0.999730271346783
  2 50 10 3 100 0.0964289837648765 -999 -999 -999 -999 -999 -999 -999 -999 -999 -999 0.903571016235123
  2 50 10 4 100 0.346698956649365 -999 -999 -999 -999 -999 -999 -999 -999 -999 -999 0.653301043350635
  2 51 10 2 100 0.000275542897687729 -999 -999 -999 -999 -999 -999 -999 -999 -999 -999 0.999724457102312
  2 51 10 3 100 0.124765359309952 -999 -999 -999 -999 -999 -999 -999 -999 -999 -999 0.875234640690048
  2 51 10 4 100 0.414161843677601 -999 -999 -999 -999 -999 -999 -999 -999 -999 -999 0.5858381563224
  2 52 10 2 100 0.000302941450615712 -999 -999 -999 -999 -999 -999 -999 -999 -999 -999 0.999697058549384
  2 52 10 3 100 0.094292998300289 -999 -999 -999 -999 -999 -999 -999 -999 -999 -999 0.905707001699711
  2 52 10 4 100 0.368653392871471 -999 -999 -999 -999 -999 -999 -999 -999 -999 -999 0.631346607128529
  2 53 10 2 100 0.000289032077751307 -999 -999 -999 -999 -999 -999 -999 -999 -999 -999 0.999710967922249
  2 53 10 3 100 0.0904804592440264 -999 -999 -999 -999 -999 -999 -999 -999 -999 -999 0.909519540755974
  2 53 10 4 100 0.345851867580495 -999 -999 -999 -999 -999 -999 -999 -999 -999 -999 0.654148132419505
  2 54 10 2 100 0.000265371247483692 -999 -999 -999 -999 -999 -999 -999 -999 -999 -999 0.999734628752516
  2 54 10 3 100 0.149189036884853 -999 -999 -999 -999 -999 -999 -999 -999 -999 -999 0.850810963115147
  2 54 10 4 100 0.417024669397571 -999 -999 -999 -999 -999 -999 -999 -999 -999 -999 0.582975330602429
  2 55 10 2 100 0.000264572898833631 -999 -999 -999 -999 -999 -999 -999 -999 -999 -999 0.999735427101166
  2 55 10 3 100 0.124337015834622 -999 -999 -999 -999 -999 -999 -999 -999 -999 -999 0.875662984165378
  2 55 10 4 100 0.399139910629365 -999 -999 -999 -999 -999 -999 -999 -999 -999 -999 0.600860089370635
  2 56 10 2 100 0.000268708086245876 -999 -999 -999 -999 -999 -999 -999 -999 -999 -999 0.999731291913754
  2 56 10 3 100 0.0915002725287202 -999 -999 -999 -999 -999 -999 -999 -999 -999 -999 0.90849972747128
  2 56 10 4 100 0.35486627797137 -999 -999 -999 -999 -999 -999 -999 -999 -999 -999 0.64513372202863
  2 57 10 2 100 0.000292502957992905 -999 -999 -999 -999 -999 -999 -999 -999 -999 -999 0.999707497042007
  2 57 10 3 100 0.130826757451103 -999 -999 -999 -999 -999 -999 -999 -999 -999 -999 0.869173242548897
  2 57 10 4 100 0.426715618522759 -999 -999 -999 -999 -999 -999 -999 -999 -999 -999 0.573284381477241
  2 58 10 2 100 0.000313981874690871 -999 -999 -999 -999 -999 -999 -999 -999 -999 -999 0.999686018125309
  2 58 10 3 100 0.0981827141530477 -999 -999 -999 -999 -999 -999 -999 -999 -999 -999 0.901817285846952
  2 58 10 4 100 0.378096972691428 -999 -999 -999 -999 -999 -999 -999 -999 -999 -999 0.621903027308572
  2 59 10 2 100 0.000241617151702734 -999 -999 -999 -999 -999 -999 -999 -999 -999 -999 0.999758382848297
  2 59 10 3 100 0.18086838351861 -999 -999 -999 -999 -999 -999 -999 -999 -999 -999 0.81913161648139
  2 59 10 4 100 0.426334109131761 -999 -999 -999 -999 -999 -999 -999 -999 -999 -999 0.573665890868239
  2 60 10 2 100 0.000286006446540442 -999 -999 -999 -999 -999 -999 -999 -999 -999 -999 0.99971399355346
  2 60 10 3 100 0.109588763716741 -999 -999 -999 -999 -999 -999 -999 -999 -999 -999 0.890411236283259
  2 60 10 4 100 0.394733028929299 -999 -999 -999 -999 -999 -999 -999 -999 -999 -999 0.605266971070701
  2 61 10 2 100 0.000263941931543012 -999 -999 -999 -999 -999 -999 -999 -999 -999 -999 0.999736058068457
  2 61 10 3 100 0.120543514527802 -999 -999 -999 -999 -999 -999 -999 -999 -999 -999 0.879456485472198
  2 61 10 4 100 0.402309094858231 -999 -999 -999 -999 -999 -999 -999 -999 -999 -999 0.597690905141769
  2 62 10 2 100 0.000301528496919064 -999 -999 -999 -999 -999 -999 -999 -999 -999 -999 0.999698471503081
  2 62 10 3 100 0.129857265853998 -999 -999 -999 -999 -999 -999 -999 -999 -999 -999 0.870142734146002
  2 62 10 4 100 0.431578471407936 -999 -999 -999 -999 -999 -999 -999 -999 -999 -999 0.568421528592064
  2 63 10 2 100 0.000316958650775706 -999 -999 -999 -999 -999 -999 -999 -999 -999 -999 0.999683041349224
  2 63 10 3 100 0.118170740812921 -999 -999 -999 -999 -999 -999 -999 -999 -999 -999 0.881829259187079
  2 63 10 4 100 0.408863809033603 -999 -999 -999 -999 -999 -999 -999 -999 -999 -999 0.591136190966397
  2 64 10 2 100 0.000258894007953167 -999 -999 -999 -999 -999 -999 -999 -999 -999 -999 0.999741105992047
  2 64 10 3 100 0.119385877467011 -999 -999 -999 -999 -999 -999 -999 -999 -999 -999 0.880614122532989
  2 64 10 4 100 0.379225085364263 -999 -999 -999 -999 -999 -999 -999 -999 -999 -999 0.620774914635737
  2 65 10 2 100 0.000285777732972388 -999 -999 -999 -999 -999 -999 -999 -999 -999 -999 0.999714222267028
  2 65 10 3 100 0.139706898962133 -999 -999 -999 -999 -999 -999 -999 -999 -999 -999 0.860293101037867
  2 65 10 4 100 0.441059021265596 -999 -999 -999 -999 -999 -999 -999 -999 -999 -999 0.558940978734404
  2 66 10 2 100 0.000252200500832764 -999 -999 -999 -999 -999 -999 -999 -999 -999 -999 0.999747799499167
  2 66 10 3 100 0.125739068801513 -999 -999 -999 -999 -999 -999 -999 -999 -999 -999 0.874260931198487
  2 66 10 4 100 0.395764048332053 -999 -999 -999 -999 -999 -999 -999 -999 -999 -999 0.604235951667947
  2 67 10 2 100 0.00027439385220267 -999 -999 -999 -999 -999 -999 -999 -999 -999 -999 0.999725606147797
  2 67 10 3 100 0.0975278086334615 -999 -999 -999 -999 -999 -999 -999 -999 -999 -999 0.902472191366538
  2 67 10 4 100 0.376024972323411 -999 -999 -999 -999 -999 -999 -999 -999 -999 -999 0.623975027676589
  2 68 10 2 100 0.000247585446210082 -999 -999 -999 -999 -999 -999 -999 -999 -999 -999 0.99975241455379
  2 68 10 3 100 0.152975896107074 -999 -999 -999 -999 -999 -999 -999 -999 -999 -999 0.847024103892926
  2 68 10 4 100 0.423093692663295 -999 -999 -999 -999 -999 -999 -999 -999 -999 -999 0.576906307336705
  2 69 10 2 100 0.000228350106116778 -999 -999 -999 -999 -999 -999 -999 -999 -999 -999 0.999771649893883
  2 69 10 3 100 0.129473235766962 -999 -999 -999 -999 -999 -999 -999 -999 -999 -999 0.870526764233038
  2 69 10 4 100 0.405440960126445 -999 -999 -999 -999 -999 -999 -999 -999 -999 -999 0.594559039873555
  2 70 10 2 100 0.000211521558491906 -999 -999 -999 -999 -999 -999 -999 -999 -999 -999 0.999788478441508
  2 70 10 3 100 0.119348807629322 -999 -999 -999 -999 -999 -999 -999 -999 -999 -999 0.880651192370678
  2 70 10 4 100 0.391686135880126 -999 -999 -999 -999 -999 -999 -999 -999 -999 -999 0.608313864119874
  2 71 10 2 100 0.000263747817349309 -999 -999 -999 -999 -999 -999 -999 -999 -999 -999 0.999736252182651
  2 71 10 3 100 0.135110803226591 -999 -999 -999 -999 -999 -999 -999 -999 -999 -999 0.864889196773409
  2 71 10 4 100 0.467504608461454 -999 -999 -999 -999 -999 -999 -999 -999 -999 -999 0.532495391538546
  2 72 10 2 100 0.00025104730985386 -999 -999 -999 -999 -999 -999 -999 -999 -999 -999 0.999748952690146
  2 72 10 3 100 0.107959346594426 -999 -999 -999 -999 -999 -999 -999 -999 -999 -999 0.892040653405574
  2 72 10 4 100 0.391090682476094 -999 -999 -999 -999 -999 -999 -999 -999 -999 -999 0.608909317523906
  2 73 10 2 100 0.000263238642415525 -999 -999 -999 -999 -999 -999 -999 -999 -999 -999 0.999736761357584
  2 73 10 3 100 0.156327641457328 -999 -999 -999 -999 -999 -999 -999 -999 -999 -999 0.843672358542672
  2 73 10 4 100 0.456559976057879 -999 -999 -999 -999 -999 -999 -999 -999 -999 -999 0.543440023942121
  2 74 10 2 100 0.000326694849298 -999 -999 -999 -999 -999 -999 -999 -999 -999 -999 0.999673305150702
  2 74 10 3 100 0.0943189115052284 -999 -999 -999 -999 -999 -999 -999 -999 -999 -999 0.905681088494772
  2 74 10 4 100 0.40925312408863 -999 -999 -999 -999 -999 -999 -999 -999 -999 -999 0.59074687591137
  2 75 10 2 100 0.000270527927175139 -999 -999 -999 -999 -999 -999 -999 -999 -999 -999 0.999729472072825
  2 75 10 3 100 0.10570965948864 -999 -999 -999 -999 -999 -999 -999 -999 -999 -999 0.89429034051136
  2 75 10 4 100 0.381181173570584 -999 -999 -999 -999 -999 -999 -999 -999 -999 -999 0.618818826429416
  2 76 10 2 100 0.000323585628764732 -999 -999 -999 -999 -999 -999 -999 -999 -999 -999 0.999676414371235
  2 76 10 3 100 0.110320113118996 -999 -999 -999 -999 -999 -999 -999 -999 -999 -999 0.889679886881004
  2 76 10 4 100 0.422937667864155 -999 -999 -999 -999 -999 -999 -999 -999 -999 -999 0.577062332135845
  2 77 10 2 100 0.000296278638980521 -999 -999 -999 -999 -999 -999 -999 -999 -999 -999 0.999703721361019
  2 77 10 3 100 0.103110702323347 -999 -999 -999 -999 -999 -999 -999 -999 -999 -999 0.896889297676653
  2 77 10 4 100 0.371334230832417 -999 -999 -999 -999 -999 -999 -999 -999 -999 -999 0.628665769167583
  2 78 10 2 100 0.000280640642384168 -999 -999 -999 -999 -999 -999 -999 -999 -999 -999 0.999719359357616
  2 78 10 3 100 0.0834453791910214 -999 -999 -999 -999 -999 -999 -999 -999 -999 -999 0.916554620808979
  2 78 10 4 100 0.341251295479616 -999 -999 -999 -999 -999 -999 -999 -999 -999 -999 0.658748704520384
  2 79 10 2 100 0.000297881179882763 -999 -999 -999 -999 -999 -999 -999 -999 -999 -999 0.999702118820117
  2 79 10 3 100 0.121227503018071 -999 -999 -999 -999 -999 -999 -999 -999 -999 -999 0.878772496981929
  2 79 10 4 100 0.39986578171141 -999 -999 -999 -999 -999 -999 -999 -999 -999 -999 0.60013421828859
  2 80 10 2 100 0.000299613235077466 -999 -999 -999 -999 -999 -999 -999 -999 -999 -999 0.999700386764923
  2 80 10 3 100 0.091625242519147 -999 -999 -999 -999 -999 -999 -999 -999 -999 -999 0.908374757480853
  2 80 10 4 100 0.357164678756894 -999 -999 -999 -999 -999 -999 -999 -999 -999 -999 0.642835321243106
  2 1 11 2 100 -999 0.000436373977735021 -999 6.78667532589588e-05 -999 -999 5.427650032611e-05 0.00729449333790899 -999 -999 -999 0.992146989430771
  2 1 11 3 100 -999 0.00133722776601719 -999 0.00160501024601344 -999 -999 0.00505465758967818 0.0231374916664763 -999 -999 -999 0.968865612731815
  2 1 11 4 100 -999 0.00126403512943077 -999 0.00336584095300828 -999 -999 0.00749415857144951 0.0227950094465747 -999 -999 -999 0.965080955899537
  2 1 11 5 100 -999 0.00123320187616543 -999 0.00348315521587942 -999 -999 0.00775868973927249 0.0225706088810632 -999 -999 -999 0.964954344287619
  2 2 11 2 100 -999 0.000681601133934875 -999 0.00016569470055947 -999 -999 0.000418140147798219 0.00760538001938481 -999 -999 -999 0.991129183998323
  2 2 11 3 100 -999 0.00215829549549489 -999 0.00183762273104583 -999 -999 0.00529809826758758 0.0243796763971128 -999 -999 -999 0.966326307108759
  2 2 11 4 100 -999 0.00208684659991427 -999 0.00351015583330164 -999 -999 0.0065591201645782 0.0240272738436358 -999 -999 -999 0.96381660355857
  2 2 11 5 100 -999 0.00202692958413946 -999 0.00357250999090433 -999 -999 0.00676624192477417 0.0237011588932698 -999 -999 -999 0.963933159606912
  2 3 11 2 100 -999 0.000345489676540997 -999 0.000365077001864512 -999 -999 0.000456079724888717 0.00703365190628441 -999 -999 -999 0.991799701690421
  2 3 11 3 100 -999 0.0010476827292902 -999 0.00221559820091604 -999 -999 0.00566952400126686 0.0221729437090258 -999 -999 -999 0.968894251359501
  2 3 11 4 100 -999 0.000999141427063619 -999 0.00356967218533899 -999 -999 0.00703874783773454 0.0218216407056349 -999 -999 -999 0.966570797844228
  2 3 11 5 100 -999 0.000967641972821296 -999 0.00354968747806575 -999 -999 0.00731851240944017 0.0214604623158096 -999 -999 -999 0.966703695823863
  2 4 11 2 100 -999 0.000329336306778546 -999 0.000580167024887074 -999 -999 0.000444454701870209 0.00611804722256961 -999 -999 -999 0.992527994743895
  2 4 11 3 100 -999 0.000980910760567148 -999 0.0028535323249773 -999 -999 0.005517589018197 0.0189621826168994 -999 -999 -999 0.971685785279359
  2 4 11 4 100 -999 0.000933865047102261 -999 0.00416454200516988 -999 -999 0.00679265386559141 0.0185993823000496 -999 -999 -999 0.969509556782087
  2 4 11 5 100 -999 0.000894985310433707 -999 0.00413310840129787 -999 -999 0.00701102095741077 0.0182325481000897 -999 -999 -999 0.969728337230768
  2 5 11 2 100 -999 0.000269158359925275 -999 0.00028111653134493 -999 -999 0.000443386706927519 0.00241988095726239 -999 -999 -999 0.99658645744454
  2 5 11 3 100 -999 0.00084610107502195 -999 0.00319583678785436 -999 -999 0.00592109579717045 0.00770026940187965 -999 -999 -999 0.982336696938074
  2 5 11 4 100 -999 0.000817367402356322 -999 0.00435065149634156 -999 -999 0.00731630894359004 0.00758831903164971 -999 -999 -999 0.979927353126062
  2 5 11 5 100 -999 0.00079490390300116 -999 0.00430189406176742 -999 -999 0.00758301257813121 0.00748787246602725 -999 -999 -999 0.979832316991073
  2 6 11 2 100 -999 0.000364169101753243 -999 0.000252919078042756 -999 -999 0.000409054503761759 0.00303948291975723 -999 -999 -999 0.995934374396685
  2 6 11 3 100 -999 0.00115518261204911 -999 0.00349674507576614 -999 -999 0.00554439344664682 0.00980625923344787 -999 -999 -999 0.97999741963209
  2 6 11 4 100 -999 0.00110817764006339 -999 0.004695222519486 -999 -999 0.00688988435297437 0.00965174656270261 -999 -999 -999 0.977654968924774
  2 6 11 5 100 -999 0.00107485829338689 -999 0.00458079480572362 -999 -999 0.00716560071189215 0.00953617447116326 -999 -999 -999 0.977642571717834
  2 7 11 2 100 -999 0.000615126702991003 -999 0.000172232000769098 -999 -999 0.00035931245402038 0.00343175439259497 -999 -999 -999 0.995421574449625
  2 7 11 3 100 -999 0.00201354515763761 -999 0.00361857733363547 -999 -999 0.00511069737889045 0.0115646525068584 -999 -999 -999 0.977692527622978
  2 7 11 4 100 -999 0.00191979450870592 -999 0.00491366408749908 -999 -999 0.00635647623426372 0.0113956854884676 -999 -999 -999 0.975414379681064
  2 7 11 5 100 -999 0.00185564704438107 -999 0.00474294792595354 -999 -999 0.00661049374138435 0.0112456129590005 -999 -999 -999 0.975545298329281
  2 8 11 2 100 -999 0.000640060180447811 -999 0.000169035249942806 -999 -999 0.000398715737005496 0.00491177516138934 -999 -999 -999 0.993880413671215
  2 8 11 3 100 -999 0.00208088583435803 -999 0.00408895359849504 -999 -999 0.00558658158417373 0.0165685606608095 -999 -999 -999 0.971675018322164
  2 8 11 4 100 -999 0.00200188695995283 -999 0.00546105435623196 -999 -999 0.00694059992054672 0.0163187475477082 -999 -999 -999 0.96927771121556
  2 8 11 5 100 -999 0.00194081533542357 -999 0.00524415993773682 -999 -999 0.00721907740040529 0.0160744812100714 -999 -999 -999 0.969521466116363
  2 9 11 2 100 -999 0.000212069574135615 -999 0.000126256442630057 -999 -999 0.00029764504498162 0.00495032774468689 -999 -999 -999 0.994413701193566
  2 9 11 3 100 -999 0.000720443906122482 -999 0.00355587754411721 -999 -999 0.00445573315171618 0.0171200832659194 -999 -999 -999 0.974147862132125
  2 9 11 4 100 -999 0.000692202794146482 -999 0.00573400837204944 -999 -999 0.00552154055004481 0.0167560531145952 -999 -999 -999 0.971296195169164
  2 9 11 5 100 -999 0.000675682300019861 -999 0.00558503906962065 -999 -999 0.00570983794368437 0.0163901537621127 -999 -999 -999 0.971639286924562
  2 10 11 2 100 -999 0.000552687358204173 -999 8.81539565609082e-05 -999 -999 0.000377016054064751 0.00362896395987115 -999 -999 -999 0.995353178671299
  2 10 11 3 100 -999 0.00187228951276021 -999 0.00346240256337952 -999 -999 0.00563999277653752 0.0124870570768775 -999 -999 -999 0.976538258070445
  2 10 11 4 100 -999 0.0018236410422246 -999 0.00571111252035098 -999 -999 0.0071108686583979 0.0122127364232427 -999 -999 -999 0.973141641355784
  2 10 11 5 100 -999 0.00178311191298347 -999 0.0055713751689548 -999 -999 0.00744737696898067 0.0120041864515401 -999 -999 -999 0.973193949497541
  2 11 11 2 100 -999 0.000306199579735231 -999 4.78428248803933e-05 -999 -999 0.000316414172397217 0.00507848639337468 -999 -999 -999 0.994251057029612
  2 11 11 3 100 -999 0.00103224080794149 -999 0.00339457869039446 -999 -999 0.00464698264153308 0.0176084714252766 -999 -999 -999 0.973317726434854
  2 11 11 4 100 -999 0.000991447789969639 -999 0.00582388748297378 -999 -999 0.00575429348378512 0.0172963981270493 -999 -999 -999 0.970133973116222
  2 11 11 5 100 -999 0.00096004530260557 -999 0.00561374082667575 -999 -999 0.00597958240296682 0.0170698820374891 -999 -999 -999 0.970376749430263
  2 12 11 2 100 -999 0.000501321973907916 -999 0.000200671429701142 -999 -999 0.000449018337319066 0.00545359338709351 -999 -999 -999 0.993395394871978
  2 12 11 3 100 -999 0.00161797985917126 -999 0.00385698288353213 -999 -999 0.0064624297824525 0.0181991716943922 -999 -999 -999 0.969863435780452
  2 12 11 4 100 -999 0.0015522205738626 -999 0.00625057573554344 -999 -999 0.00803874042148741 0.017882163365957 -999 -999 -999 0.96627629990315
  2 12 11 5 100 -999 0.00150783870117009 -999 0.00608842878539456 -999 -999 0.00836328824486422 0.0176415663488922 -999 -999 -999 0.966398877919679
  2 13 11 2 100 -999 0.000195156915374011 -999 0.000429153567420458 -999 -999 0.000344388689851243 0.00454953820333026 -999 -999 -999 0.994481762624024
  2 13 11 3 100 -999 0.000621351643081434 -999 0.00417074632061341 -999 -999 0.00508083836982019 0.0149204618241022 -999 -999 -999 0.975206601842383
  2 13 11 4 100 -999 0.000594539470274444 -999 0.00634783318738487 -999 -999 0.00627292384405198 0.0146731602133899 -999 -999 -999 0.972111543284899
  2 13 11 5 100 -999 0.000566903869710504 -999 0.00616129157832045 -999 -999 0.00647931253170691 0.014489051798281 -999 -999 -999 0.972303440221981
  2 14 11 2 100 -999 0.00061806078170612 -999 0.000228214987520808 -999 -999 0.000447866112379156 0.00306039852611718 -999 -999 -999 0.995645459592277
  2 14 11 3 100 -999 0.0020688212850428 -999 0.00447119114420785 -999 -999 0.00658720101669235 0.0102937476551264 -999 -999 -999 0.976579038898931
  2 14 11 4 100 -999 0.00199172080582632 -999 0.00700168233203816 -999 -999 0.00818339101538343 0.010187186699388 -999 -999 -999 0.972636019147364
  2 14 11 5 100 -999 0.00192823524174269 -999 0.00684445306661081 -999 -999 0.00849124106459766 0.0101132342496298 -999 -999 -999 0.972622836377419
  2 15 11 2 100 -999 0.000248007198022094 -999 0.000178080952766689 -999 -999 0.000320043817030661 0.00168507760719161 -999 -999 -999 0.997568790424989
  2 15 11 3 100 -999 0.000795245508860244 -999 0.00406452635600541 -999 -999 0.0047346929409208 0.00566750263378808 -999 -999 -999 0.984738032560425
  2 15 11 4 100 -999 0.000750793903055191 -999 0.00647760341965463 -999 -999 0.00578044027855382 0.00560449757242587 -999 -999 -999 0.981386664826311
  2 15 11 5 100 -999 0.00071402329168536 -999 0.0063417268219176 -999 -999 0.00589104980737937 0.00554786336444904 -999 -999 -999 0.981505336714569
  2 16 11 2 100 -999 0.000418030028273657 -999 4.57405305745687e-05 -999 -999 0.0004228704022574 0.00168108692791391 -999 -999 -999 0.997432272110981
  2 16 11 3 100 -999 0.00148368705964912 -999 0.00306031475537326 -999 -999 0.00660607643847738 0.00612834798462983 -999 -999 -999 0.98272157376187
  2 16 11 4 100 -999 0.00140997169335695 -999 0.0051719880224096 -999 -999 0.00819268732223074 0.00606824745127876 -999 -999 -999 0.979157105510724
  2 16 11 5 100 -999 0.00136890919604019 -999 0.00510430847472332 -999 -999 0.0081443446030782 0.00605509915511471 -999 -999 -999 0.979327338571044
  2 17 11 2 100 -999 0.000140999099745364 -999 4.08017377617485e-05 -999 -999 0.000285690869449443 0.000664208789803204 -999 -999 -999 0.99886829950324
  2 17 11 3 100 -999 0.000527592593186871 -999 0.00241247807129128 -999 -999 0.00493052775365293 0.00255508509746859 -999 -999 -999 0.9895743164844
  2 17 11 4 100 -999 0.000497737679498612 -999 0.00388554310828669 -999 -999 0.00600276956729327 0.00249972559681673 -999 -999 -999 0.987114224048105
  2 17 11 5 100 -999 0.000474372533658104 -999 0.00379158283138469 -999 -999 0.0058790874109298 0.00247180556780953 -999 -999 -999 0.987383151656218
  2 18 11 2 100 -999 0.000844019026282648 -999 4.41154331215222e-05 -999 -999 0.000341283460498551 0.0015442236103196 -999 -999 -999 0.997226358469778
  2 18 11 3 100 -999 0.00344380449499594 -999 0.00194894559670218 -999 -999 0.00645352144247451 0.00629649746098951 -999 -999 -999 0.981857231004838
  2 18 11 4 100 -999 0.00334145138558627 -999 0.00302034194153521 -999 -999 0.00796860241677998 0.0061721460679011 -999 -999 -999 0.979497458188197
  2 18 11 5 100 -999 0.00325598977153669 -999 0.00294487575458362 -999 -999 0.00788257556197173 0.00606274381288748 -999 -999 -999 0.97985381509902
  2 19 11 2 100 -999 0.000204435345578115 -999 4.13534243594285e-05 -999 -999 0.000235955477903023 0.0005626312346971 -999 -999 -999 0.998955624517462
  2 19 11 3 100 -999 0.00079894728963064 -999 0.00127328706899856 -999 -999 0.00485747493518646 0.00227905103507441 -999 -999 -999 0.99079123967111
  2 19 11 4 100 -999 0.000758689262090662 -999 0.00229158383964838 -999 -999 0.00597178501196923 0.00222986497269084 -999 -999 -999 0.988748076913601
  2 19 11 5 100 -999 0.000736916424078887 -999 0.0022480071511464 -999 -999 0.00584951458923468 0.00220050992796719 -999 -999 -999 0.988965051907573
  2 20 11 2 100 -999 0.000346531366256549 -999 5.16183714508294e-05 -999 -999 2.87056453538697e-05 0.00106337749897043 -999 -999 -999 0.998509767117968
  2 20 11 3 100 -999 0.00139590669869706 -999 0.00103516822654478 -999 -999 0.00543072130332549 0.00441199512511055 -999 -999 -999 0.987726208646322
  2 20 11 4 100 -999 0.00133417925595289 -999 0.0018031989377038 -999 -999 0.00812169337592625 0.00428307234753068 -999 -999 -999 0.984457856082886
  2 20 11 5 100 -999 0.00130129270012835 -999 0.00182552828617877 -999 -999 0.0080571476504269 0.00418709768451225 -999 -999 -999 0.984628933678754
  2 21 11 2 100 -999 0.000204190590223698 -999 4.59852728246986e-05 -999 -999 0.00022877916633801 0.000765019828657222 -999 -999 -999 0.998756025141956
  2 21 11 3 100 -999 0.000816853707538223 -999 0.000871023942860433 -999 -999 0.00488118698745861 0.00324484415041091 -999 -999 -999 0.990186091211732
  2 21 11 4 100 -999 0.000769453201111054 -999 0.00142558458878018 -999 -999 0.0061509809748424 0.00320916588128202 -999 -999 -999 0.988444815353984
  2 21 11 5 100 -999 0.000739270956535734 -999 0.00142956588259132 -999 -999 0.00601794080642136 0.0031572715604136 -999 -999 -999 0.988655950794038
  2 22 11 2 100 -999 0.000988703198307427 -999 4.00583172200848e-05 -999 -999 2.81390927105952e-05 0.00110146523653036 -999 -999 -999 0.997841634155232
  2 22 11 3 100 -999 0.00401420309530809 -999 0.000815595566551675 -999 -999 0.00529070728449327 0.00450229450431892 -999 -999 -999 0.985377199549328
  2 22 11 4 100 -999 0.00389182037424134 -999 0.00123124820293216 -999 -999 0.00838039552858615 0.00443058096708831 -999 -999 -999 0.982065954927152
  2 22 11 5 100 -999 0.0037864299160405 -999 0.00120904206489837 -999 -999 0.00829260915020923 0.00436032958358872 -999 -999 -999 0.982351589285263
  2 23 11 2 100 -999 0.000372010951540903 -999 1.68179392128463e-05 -999 -999 1.91233200832267e-05 0.000700448294457533 -999 -999 -999 0.998891599494706
  2 23 11 3 100 -999 0.00147945752493649 -999 0.000599363493496719 -999 -999 0.00358244029900502 0.00282822142772221 -999 -999 -999 0.99151051725484
  2 23 11 4 100 -999 0.00140193828030081 -999 0.000948953388711243 -999 -999 0.00582832365546798 0.00274721104995315 -999 -999 -999 0.989073573625567
  2 23 11 5 100 -999 0.00136580294652656 -999 0.000911890464298305 -999 -999 0.00572398166307142 0.00270249318052066 -999 -999 -999 0.989295831745583
  2 24 11 2 100 -999 0.000599718607865349 -999 1.65149221976014e-05 -999 -999 2.37124796687854e-05 0.0014175978559642 -999 -999 -999 0.997942456134304
  2 24 11 3 100 -999 0.00241141483999405 -999 0.000513429945281399 -999 -999 0.00415271157620241 0.00585641092529658 -999 -999 -999 0.987066032713226
  2 24 11 4 100 -999 0.00229368764353392 -999 0.000844402303733419 -999 -999 0.00761760453316652 0.00571919162016717 -999 -999 -999 0.983525113899399
  2 24 11 5 100 -999 0.00223405390795161 -999 0.000820928871939867 -999 -999 0.00772798428017898 0.00562324469364331 -999 -999 -999 0.983593788246286
  2 25 11 2 100 -999 0.000208309232966604 -999 1.47407959724321e-05 -999 -999 1.96144538122746e-05 0.00172899568488128 -999 -999 -999 0.998028339832367
  2 25 11 3 100 -999 0.000826925612724298 -999 0.00038414670449692 -999 -999 0.00317375466260419 0.00699576601175907 -999 -999 -999 0.988619407008416
  2 25 11 4 100 -999 0.000774221235674784 -999 0.000696438178063561 -999 -999 0.00566585369006534 0.00682896351112918 -999 -999 -999 0.986034523385067
  2 25 11 5 100 -999 0.000743109375051791 -999 0.00067236799563268 -999 -999 0.00577911256804146 0.00670919586929128 -999 -999 -999 0.986096214191983
  2 26 11 2 100 -999 0.000402142449578359 -999 2.15299068785373e-05 -999 -999 2.27122271195984e-05 0.00176564886270113 -999 -999 -999 0.997787966553722
  2 26 11 3 100 -999 0.00163478881341186 -999 0.000354312339770757 -999 -999 0.00411882526167482 0.0072686286689302 -999 -999 -999 0.986623444916212
  2 26 11 4 100 -999 0.00156371561633298 -999 0.00060351085055481 -999 -999 0.00719249027387093 0.00705784129409338 -999 -999 -999 0.983582441965148
  2 26 11 5 100 -999 0.00152258408509835 -999 0.000579378362831818 -999 -999 0.00716094423895064 0.00689992214166906 -999 -999 -999 0.98383717117145
  2 27 11 2 100 -999 0.00045893054239137 -999 0.00020913782128918 -999 -999 0.000202918721925292 0.00220416218414702 -999 -999 -999 0.996924850730247
  2 27 11 3 100 -999 0.00191992519157207 -999 0.00113811793239201 -999 -999 0.00382884026970891 0.00930945784916959 -999 -999 -999 0.983803658757157
  2 27 11 4 100 -999 0.00187483792044995 -999 0.00132902839633617 -999 -999 0.00549642342905865 0.00920404198730583 -999 -999 -999 0.982095668266849
  2 27 11 5 100 -999 0.00181169086522176 -999 0.00125759664990956 -999 -999 0.0055566703908263 0.00902227263696621 -999 -999 -999 0.982351769457076
  2 28 11 2 100 -999 0.000388160363551388 -999 0.000513886768819798 -999 -999 1.8788313894403e-05 0.00166269670014371 -999 -999 -999 0.997416467853591
  2 28 11 3 100 -999 0.00163397344064669 -999 0.00239127301885185 -999 -999 0.00373654398535507 0.00709587013433513 -999 -999 -999 0.985142339420811
  2 28 11 4 100 -999 0.0015867237969578 -999 0.00248747594511569 -999 -999 0.00665987692125312 0.00695997422531599 -999 -999 -999 0.982305949111357
  2 28 11 5 100 -999 0.00153682724894095 -999 0.00233077268905814 -999 -999 0.00662482200832718 0.00683668738074833 -999 -999 -999 0.982670890672925
  2 29 11 2 100 -999 0.000225735679950144 -999 0.000779964464356213 -999 -999 1.55375175296948e-05 0.00112681973369453 -999 -999 -999 0.997851942604469
  2 29 11 3 100 -999 0.000939992369217516 -999 0.0036075125308968 -999 -999 0.00318418899991324 0.00479298897577133 -999 -999 -999 0.987475317124201
  2 29 11 4 100 -999 0.00089666615651518 -999 0.00361187690589442 -999 -999 0.0056603130084705 0.00468943106601821 -999 -999 -999 0.985141712863102
  2 29 11 5 100 -999 0.000862904280237757 -999 0.00335463672418134 -999 -999 0.00560002808739 0.0046053419338477 -999 -999 -999 0.985577088974343
  2 30 11 2 100 -999 0.000440129727500906 -999 0.000232524896474393 -999 -999 1.95433739333991e-05 0.00120215446049956 -999 -999 -999 0.998105647541592
  2 30 11 3 100 -999 0.00181783781356238 -999 0.00427485850681544 -999 -999 0.0036692889584265 0.00505402856333461 -999 -999 -999 0.985183986157861
  2 30 11 4 100 -999 0.00173905537478151 -999 0.0047797912717019 -999 -999 0.00702091707497865 0.00495092940808649 -999 -999 -999 0.981509306870451
  2 30 11 5 100 -999 0.00169051042498697 -999 0.00443736610328197 -999 -999 0.00723997300258488 0.00487021150654844 -999 -999 -999 0.981761938962598
  2 31 11 2 100 -999 0.000460656650310455 -999 2.23217413851562e-05 -999 -999 0.000203619410436487 0.00124168105258816 -999 -999 -999 0.99807172114528
  2 31 11 3 100 -999 0.00198712034174707 -999 0.00327964372762534 -999 -999 0.00395307806459581 0.00541911632881764 -999 -999 -999 0.985361041537214
  2 31 11 4 100 -999 0.00192771444759406 -999 0.00484067799922276 -999 -999 0.00550665298290455 0.0053941568102793 -999 -999 -999 0.982330797759999
  2 31 11 5 100 -999 0.00185565330571784 -999 0.00447199215730729 -999 -999 0.00567800408539044 0.00533673313039849 -999 -999 -999 0.982657617321186
  2 32 11 2 100 -999 0.000480936616158658 -999 2.77028690306021e-05 -999 -999 0.000278032747754973 0.0014382746330628 -999 -999 -999 0.997775053133993
  2 32 11 3 100 -999 0.00203195966190965 -999 0.00289895171607014 -999 -999 0.00574939725820802 0.0062893616284989 -999 -999 -999 0.983030329735313
  2 32 11 4 100 -999 0.00197092438841681 -999 0.00430274620943601 -999 -999 0.00778375423872656 0.00623633074193982 -999 -999 -999 0.979706244421481
  2 32 11 5 100 -999 0.00191593869867312 -999 0.00399325116577428 -999 -999 0.00787263326195434 0.00614817996030199 -999 -999 -999 0.980069996913296
  2 33 11 2 100 -999 0.00022633859406901 -999 2.97420482056703e-05 -999 -999 1.5116797607404e-05 0.0014908894767262 -999 -999 -999 0.998237913083392
  2 33 11 3 100 -999 0.00096039939124338 -999 0.00252900330722357 -999 -999 0.00323299410046287 0.006530997164859 -999 -999 -999 0.986746606036211
  2 33 11 4 100 -999 0.000900355318863903 -999 0.0037435747633792 -999 -999 0.00574751056460984 0.0064480984650165 -999 -999 -999 0.983160460888131
  2 33 11 5 100 -999 0.000848273218533028 -999 0.00348369364836038 -999 -999 0.00566437259990839 0.00633610685325786 -999 -999 -999 0.98366755367994
  2 34 11 2 100 -999 0.000395396626115819 -999 2.74925559783726e-05 -999 -999 0.000252183629975889 0.00136528614051578 -999 -999 -999 0.997959641047414
  2 34 11 3 100 -999 0.00167247746667918 -999 0.00142449329482934 -999 -999 0.00547969472555909 0.00588702933685083 -999 -999 -999 0.985536305176082
  2 34 11 4 100 -999 0.00162229306957889 -999 0.00325244440797959 -999 -999 0.00763368405645683 0.00584021901022102 -999 -999 -999 0.981651359455764
  2 34 11 5 100 -999 0.00156965890082745 -999 0.00307538380049777 -999 -999 0.00758501177589359 0.00576905486349251 -999 -999 -999 0.982000890659289
  2 35 11 2 100 -999 0.000609211577041785 -999 3.51612007495779e-05 -999 -999 0.000210303793397797 0.00170226816304799 -999 -999 -999 0.997443055265763
  2 35 11 3 100 -999 0.00252595794202154 -999 0.00124092300705366 -999 -999 0.00445388892591624 0.00705554267484887 -999 -999 -999 0.98472368745016
  2 35 11 4 100 -999 0.00247629594882244 -999 0.00259316758544854 -999 -999 0.00599645659731635 0.00697394437948089 -999 -999 -999 0.981960135488932
  2 35 11 5 100 -999 0.00239282145976056 -999 0.00245841406411235 -999 -999 0.00589753685970141 0.00685684669289981 -999 -999 -999 0.982394380923526
  2 36 11 2 100 -999 0.00041439636733051 -999 3.38249388620126e-05 -999 -999 2.00213325666031e-05 0.00124655639024821 -999 -999 -999 0.998285200970993
  2 36 11 3 100 -999 0.00162714496758691 -999 0.00096603228735455 -999 -999 0.00423859341481758 0.00496463341821758 -999 -999 -999 0.988203595912023
  2 36 11 4 100 -999 0.00157120868114339 -999 0.00188366324728369 -999 -999 0.00734268038318119 0.00480718412759618 -999 -999 -999 0.984395263560796
  2 36 11 5 100 -999 0.00153946442464112 -999 0.00178639494602391 -999 -999 0.00729738099975001 0.00470785341651335 -999 -999 -999 0.984668906213072
  2 37 11 2 100 -999 0.000261704824118073 -999 3.52889897483926e-05 -999 -999 1.51549931944548e-05 0.00122826333484053 -999 -999 -999 0.998459587858099
  2 37 11 3 100 -999 0.00106573405083011 -999 0.000848141143852425 -999 -999 0.00334554686870973 0.00512398375921599 -999 -999 -999 0.989616594177392
  2 37 11 4 100 -999 0.00100001669532731 -999 0.00157298827589519 -999 -999 0.0057957334516678 0.00498456149672036 -999 -999 -999 0.986646700080389
  2 37 11 5 100 -999 0.000954688827639276 -999 0.00148853391502373 -999 -999 0.00570658766750328 0.0048833553654838 -999 -999 -999 0.98696683422435
  2 38 11 2 100 -999 0.000378215279151734 -999 3.81312315644384e-05 -999 -999 0.000257886607150291 0.00123845231932284 -999 -999 -999 0.998087314562811
  2 38 11 3 100 -999 0.00158769615082015 -999 0.000769227428313284 -999 -999 0.00540267437769959 0.00527875639072138 -999 -999 -999 0.986961645652446
  2 38 11 4 100 -999 0.00153290604665586 -999 0.00132291627892667 -999 -999 0.00739294512440219 0.00518720832219981 -999 -999 -999 0.984564024227816
  2 38 11 5 100 -999 0.00147896393241275 -999 0.00124146126248798 -999 -999 0.00737571880284242 0.0050848625988162 -999 -999 -999 0.984818993403441
  2 39 11 2 100 -999 0.000268989261113824 -999 3.82830460883572e-05 -999 -999 1.43522616080222e-05 0.00187383110834888 -999 -999 -999 0.997804544322841
  2 39 11 3 100 -999 0.00114004648179902 -999 0.000600195161216352 -999 -999 0.00317621761242739 0.00817887862633833 -999 -999 -999 0.986904662118219
  2 39 11 4 100 -999 0.00107328273762781 -999 0.00109427154100165 -999 -999 0.00557944273134115 0.00804822475399374 -999 -999 -999 0.984204778236036
  2 39 11 5 100 -999 0.00102336972793394 -999 0.00108513419698397 -999 -999 0.00549903354459463 0.00792913354386845 -999 -999 -999 0.984463328986619
  2 40 11 2 100 -999 0.000655096316367781 -999 0.000230238222660574 -999 -999 1.70518563346051e-05 0.00293295520475282 -999 -999 -999 0.996164658399884
  2 40 11 3 100 -999 0.00282673857577972 -999 0.00146450408602296 -999 -999 0.00366954028145119 0.0127341770240508 -999 -999 -999 0.979305040032695
  2 40 11 4 100 -999 0.00276811707401492 -999 0.00185973585231212 -999 -999 0.00653390993946827 0.0126093843844905 -999 -999 -999 0.976228852749714
  2 40 11 5 100 -999 0.0026983130838992 -999 0.00178988878653367 -999 -999 0.00651269522736279 0.012365789628599 -999 -999 -999 0.976633313273605
  2 41 11 2 100 -999 0.000387033828682866 -999 0.000501783481008668 -999 -999 1.43510076275591e-05 0.00204920693408474 -999 -999 -999 0.997047624748596
  2 41 11 3 100 -999 0.00158851028404524 -999 0.00245335457601668 -999 -999 0.00300462238361577 0.00851542611007615 -999 -999 -999 0.984438086646246
  2 41 11 4 100 -999 0.00150998307644645 -999 0.00279091073176114 -999 -999 0.00545335218059635 0.00837665510027926 -999 -999 -999 0.981869098910917
  2 41 11 5 100 -999 0.00143735464464185 -999 0.00263240936100878 -999 -999 0.00547012748667437 0.00822415330498323 -999 -999 -999 0.982235955202692
  2 42 11 2 100 -999 0.000368337144635566 -999 0.000255374650012956 -999 -999 1.74504949262233e-05 0.00157213442584176 -999 -999 -999 0.997786703284584
  2 42 11 3 100 -999 0.0014482781670119 -999 0.00314631579563731 -999 -999 0.00351622193843343 0.00622570340927894 -999 -999 -999 0.985663480689638
  2 42 11 4 100 -999 0.0013790156599157 -999 0.00382750079626482 -999 -999 0.00634002133429935 0.00605713343531571 -999 -999 -999 0.982396328774204
  2 42 11 5 100 -999 0.00131877597220022 -999 0.00359513188679096 -999 -999 0.00654198680797891 0.00590828158951236 -999 -999 -999 0.982635823743518
  2 43 11 2 100 -999 0.00031572765801531 -999 0.000206386860293988 -999 -999 0.000242731727268617 0.00264041492206253 -999 -999 -999 0.99659473883236
  2 43 11 3 100 -999 0.00121077312268703 -999 0.00379075093251361 -999 -999 0.00456768752051942 0.0103616702862384 -999 -999 -999 0.980069118138042
  2 43 11 4 100 -999 0.0011739667212627 -999 0.00477556480232962 -999 -999 0.00632439798792008 0.0102936457313349 -999 -999 -999 0.977432424757153
  2 43 11 5 100 -999 0.0011257435370276 -999 0.00446714917623036 -999 -999 0.00647586701999468 0.0101795907674547 -999 -999 -999 0.977751649499293
  2 44 11 2 100 -999 0.000588595463587684 -999 3.76448101801616e-05 -999 -999 0.000279588664454512 0.00272167381758099 -999 -999 -999 0.996372497244197
  2 44 11 3 100 -999 0.00231811493137914 -999 0.00339682898324669 -999 -999 0.00495287513464603 0.0109085933045875 -999 -999 -999 0.978423587646141
  2 44 11 4 100 -999 0.00226522782811367 -999 0.00535662141056584 -999 -999 0.00677874743713659 0.0108435457217737 -999 -999 -999 0.97475585760241
  2 44 11 5 100 -999 0.00219707201484841 -999 0.00500137917905193 -999 -999 0.00694048718204741 0.0106471577719649 -999 -999 -999 0.975213903852087
  2 45 11 2 100 -999 0.000353209106946208 -999 3.61806011775923e-05 -999 -999 0.000276814959308069 0.00316983702559794 -999 -999 -999 0.99616395830697
  2 45 11 3 100 -999 0.00136743913365991 -999 0.00342349597297325 -999 -999 0.00483721456239079 0.0127977765532656 -999 -999 -999 0.97757407377771
  2 45 11 4 100 -999 0.00132035104023511 -999 0.00530355937354241 -999 -999 0.00657798110541038 0.012779084622855 -999 -999 -999 0.974019023857957
  2 45 11 5 100 -999 0.00128065530091187 -999 0.00500458311814163 -999 -999 0.00673711414734611 0.0126673931202529 -999 -999 -999 0.974310254313348
  2 46 11 2 100 -999 0.000343972755411973 -999 0.000161294375111701 -999 -999 0.000275684118983064 0.00267365101118771 -999 -999 -999 0.996545397739306
  2 46 11 3 100 -999 0.00134273852368873 -999 0.00419543468579498 -999 -999 0.00517110160463558 0.0107302273163392 -999 -999 -999 0.978560497869541
  2 46 11 4 100 -999 0.00128925669659354 -999 0.00612355750983184 -999 -999 0.0072976572312469 0.0106971953358095 -999 -999 -999 0.974592333226518
  2 46 11 5 100 -999 0.00124740376774707 -999 0.00577177457984321 -999 -999 0.00735020590626975 0.010617604996955 -999 -999 -999 0.975013010749185
  2 47 11 2 100 -999 0.000250898185135886 -999 0.000311218650829193 -999 -999 0.00024009516453339 0.0025026485022057 -999 -999 -999 0.996695139497296
  2 47 11 3 100 -999 0.000980655177689077 -999 0.00343138137919517 -999 -999 0.00465964528962807 0.0100271873443537 -999 -999 -999 0.980901130809134
  2 47 11 4 100 -999 0.000951022387578491 -999 0.00621941704279429 -999 -999 0.00643100932559895 0.00988141311957062 -999 -999 -999 0.976517138124458
  2 47 11 5 100 -999 0.000910903830176466 -999 0.00591783345949161 -999 -999 0.00647944158253353 0.00977327379461585 -999 -999 -999 0.976918547333183
  2 48 11 2 100 -999 0.000666063560000446 -999 0.000185487452426502 -999 -999 2.02249304475508e-05 0.00242840571325076 -999 -999 -999 0.996699818343875
  2 48 11 3 100 -999 0.00268609953199044 -999 0.00414563562407456 -999 -999 0.00376139328078414 0.0098743890603925 -999 -999 -999 0.979532482502758
  2 48 11 4 100 -999 0.00263460156037078 -999 0.00691029522190251 -999 -999 0.00644633092591382 0.00972460297313413 -999 -999 -999 0.974284169318679
  2 48 11 5 100 -999 0.00254414402817463 -999 0.00655419209795629 -999 -999 0.00651721069462444 0.00951635887826731 -999 -999 -999 0.974868094300977
  2 49 11 2 100 -999 0.0003167549482891 -999 0.000156201370980791 -999 -999 0.000225649339796348 0.00252187664665883 -999 -999 -999 0.996779517694275
  2 49 11 3 100 -999 0.00120181673633745 -999 0.00432880453623175 -999 -999 0.00436417286382268 0.00972440322926898 -999 -999 -999 0.980380802634339
  2 49 11 4 100 -999 0.00115508289344473 -999 0.00670581230077603 -999 -999 0.00569265749127798 0.00956469012234664 -999 -999 -999 0.976881757192155
  2 49 11 5 100 -999 0.00109900973225131 -999 0.00629875323204098 -999 -999 0.00585144747573615 0.00942068730319314 -999 -999 -999 0.977330102256778
  2 50 11 2 100 -999 0.000666722261355311 -999 5.20940871535572e-05 -999 -999 0.000296968133213641 0.00303107016216947 -999 -999 -999 0.995953145356108
  2 50 11 3 100 -999 0.00244196065007719 -999 0.0037531657154485 -999 -999 0.00553413423752337 0.0111463181444633 -999 -999 -999 0.977124421252488
  2 50 11 4 100 -999 0.00238889381464399 -999 0.00627786451604089 -999 -999 0.00713822519875509 0.0109345797114186 -999 -999 -999 0.973260436759141
  2 50 11 5 100 -999 0.00232571584339447 -999 0.00591822540388714 -999 -999 0.00736977361609304 0.0107253477270857 -999 -999 -999 0.97366093740954
  2 51 11 2 100 -999 0.000260531381052949 -999 6.60168014988765e-05 -999 -999 0.000218653201734698 0.00352444567309464 -999 -999 -999 0.995930352942619
  2 51 11 3 100 -999 0.000977586287659786 -999 0.00367939933155575 -999 -999 0.00419104640955113 0.0135622147155589 -999 -999 -999 0.977589753255674
  2 51 11 4 100 -999 0.000941772550113697 -999 0.00596761087193344 -999 -999 0.00540144203559892 0.0133840773942799 -999 -999 -999 0.974305097148074
  2 51 11 5 100 -999 0.000900891024842073 -999 0.00562330392299784 -999 -999 0.00553588086083223 0.013185066778352 -999 -999 -999 0.974754857412976
  2 52 11 2 100 -999 0.000229521058559682 -999 6.1293448585032e-05 -999 -999 1.7480286453742e-05 0.00301958772168254 -999 -999 -999 0.996672117484719
  2 52 11 3 100 -999 0.000902438572416839 -999 0.00332895707904512 -999 -999 0.0037050659929185 0.0120104640794287 -999 -999 -999 0.980053074276191
  2 52 11 4 100 -999 0.000859889434428337 -999 0.00576145006897272 -999 -999 0.006129949178193 0.0117186928976189 -999 -999 -999 0.975530018420787
  2 52 11 5 100 -999 0.00082749087976986 -999 0.00562781750034306 -999 -999 0.00615328916461238 0.011496352039454 -999 -999 -999 0.975895050415821
  2 53 11 2 100 -999 0.000328137116121409 -999 4.64695626979371e-05 -999 -999 1.63359461409464e-05 0.00364658657474572 -999 -999 -999 0.995962470800294
  2 53 11 3 100 -999 0.00129618334034817 -999 0.00239896847502016 -999 -999 0.00344216053231898 0.014691045883137 -999 -999 -999 0.978171641769176
  2 53 11 4 100 -999 0.00122662038379028 -999 0.00532974479214967 -999 -999 0.0056790597734204 0.0143379910800514 -999 -999 -999 0.973426583970588
  2 53 11 5 100 -999 0.00118906879037158 -999 0.00527219689092263 -999 -999 0.00568846849012791 0.0141347130191339 -999 -999 -999 0.973715552809444
  2 54 11 2 100 -999 0.000425931863652423 -999 5.08280466741804e-05 -999 -999 0.000198428460558742 0.00426613032025003 -999 -999 -999 0.995058681308865
  2 54 11 3 100 -999 0.00173405868036982 -999 0.00230413679661674 -999 -999 0.00389448067100442 0.0173421804440911 -999 -999 -999 0.974725143407918
  2 54 11 4 100 -999 0.00170041715670851 -999 0.00511602405848781 -999 -999 0.00508910758816437 0.0171757523580951 -999 -999 -999 0.970918698838544
  2 54 11 5 100 -999 0.00163668062310836 -999 0.00506945122494037 -999 -999 0.00520931012663481 0.0169460364461904 -999 -999 -999 0.971138521579126
  2 55 11 2 100 -999 0.000453910484723953 -999 5.10018369774848e-05 -999 -999 0.000308267125733455 0.00498117302028044 -999 -999 -999 0.994205647532285
  2 55 11 3 100 -999 0.00180882634498947 -999 0.00213648293917946 -999 -999 0.0059367328965539 0.0203435292432926 -999 -999 -999 0.969774428575985
  2 55 11 4 100 -999 0.00175853788368153 -999 0.00473181523710836 -999 -999 0.0078606453699971 0.0202727690410133 -999 -999 -999 0.9653762324682
  2 55 11 5 100 -999 0.0017196844645991 -999 0.00467991526509808 -999 -999 0.00808772710753253 0.0201084385804802 -999 -999 -999 0.96540423458229
  2 56 11 2 100 -999 0.000518352105612062 -999 0.000115402558320693 -999 -999 0.000214713880871997 0.0022559435397917 -999 -999 -999 0.996895587915404
  2 56 11 3 100 -999 0.00204194365275539 -999 0.00239697309406045 -999 -999 0.00428320506595618 0.00909237104198595 -999 -999 -999 0.982185507145242
  2 56 11 4 100 -999 0.00198190987867418 -999 0.00468834513609153 -999 -999 0.00572833425221786 0.00903051077432867 -999 -999 -999 0.978570899958688
  2 56 11 5 100 -999 0.00191892378807405 -999 0.00461468893008282 -999 -999 0.00568276324064168 0.00894706594590286 -999 -999 -999 0.978836558095299
  2 57 11 2 100 -999 0.000481178943886063 -999 0.000310183276334049 -999 -999 0.000291906583418558 0.00291140652374493 -999 -999 -999 0.996005324672616
  2 57 11 3 100 -999 0.00185939251790637 -999 0.00311361043878257 -999 -999 0.00570592887801314 0.0115992981982688 -999 -999 -999 0.977721769967029
  2 57 11 4 100 -999 0.00179820956733776 -999 0.00510077745543499 -999 -999 0.00772511605078845 0.0115456934797824 -999 -999 -999 0.973830203446656
  2 57 11 5 100 -999 0.00174343283292712 -999 0.00495086667647698 -999 -999 0.00776540294973334 0.0114791598772885 -999 -999 -999 0.974061137663574
  2 58 11 2 100 -999 0.000405240119265069 -999 0.000590446420529567 -999 -999 0.000210398609163404 0.0023045788695393 -999 -999 -999 0.996489335981503
  2 58 11 3 100 -999 0.0015818362141287 -999 0.00351016830772164 -999 -999 0.00420578835838635 0.00934670185979385 -999 -999 -999 0.98135550525997
  2 58 11 4 100 -999 0.00149419205485971 -999 0.0053338138469885 -999 -999 0.00570630968577067 0.00931466777481189 -999 -999 -999 0.978151016637569
  2 58 11 5 100 -999 0.0014219488182782 -999 0.00541848280672976 -999 -999 0.00569280138523919 0.00926289026424733 -999 -999 -999 0.978203876725506
  2 59 11 2 100 -999 0.000394201369701481 -999 0.000297745267684672 -999 -999 0.000248490856335923 0.00245614076117279 -999 -999 -999 0.996603421745105
  2 59 11 3 100 -999 0.0015056771198184 -999 0.00437294833603179 -999 -999 0.0048893368276681 0.00970442694066322 -999 -999 -999 0.979527610775819
  2 59 11 4 100 -999 0.00145356537347453 -999 0.00637146797333217 -999 -999 0.00669353259998396 0.0095787671364601 -999 -999 -999 0.975902666916749
  2 59 11 5 100 -999 0.0014223694677943 -999 0.00637936740964034 -999 -999 0.00672753307459377 0.00947539645767496 -999 -999 -999 0.975995333590297
  2 60 11 2 100 -999 0.000367425387032793 -999 0.000218196559933515 -999 -999 0.000251003732273952 0.00195219311598674 -999 -999 -999 0.997211181204773
  2 60 11 3 100 -999 0.00138010834699319 -999 0.00464499209225971 -999 -999 0.00488797538732532 0.00757359002422906 -999 -999 -999 0.981513334149193
  2 60 11 4 100 -999 0.0013245956186507 -999 0.00641487373972932 -999 -999 0.0066478026136466 0.00745390101235585 -999 -999 -999 0.978158827015618
  2 60 11 5 100 -999 0.00128061886680352 -999 0.00621560913172809 -999 -999 0.00669849044169618 0.00735335559166303 -999 -999 -999 0.978451925968109
  2 61 11 2 100 -999 0.000864445618851047 -999 4.62271929278579e-05 -999 -999 0.000256127371452918 0.00457916485175782 -999 -999 -999 0.99425403496501
  2 61 11 3 100 -999 0.00330247310742206 -999 0.00393654994083515 -999 -999 0.00484710567186398 0.0177047758825601 -999 -999 -999 0.970209095397319
  2 61 11 4 100 -999 0.00322879584618616 -999 0.00612471948584 -999 -999 0.006483391882976 0.0175369719069593 -999 -999 -999 0.966626120878039
  2 61 11 5 100 -999 0.00315168913047569 -999 0.00587476756491006 -999 -999 0.006516639926426 0.0173703729897299 -999 -999 -999 0.967086530388458
  2 62 11 2 100 -999 0.000489859195208518 -999 4.5690538598197e-05 -999 -999 0.000246780016922996 0.00216042395784224 -999 -999 -999 0.997057246291428
  2 62 11 3 100 -999 0.00182187902741535 -999 0.00401133258605972 -999 -999 0.00461613393397508 0.00816207564627278 -999 -999 -999 0.981388578806277
  2 62 11 4 100 -999 0.00174699786062125 -999 0.00611661009719316 -999 -999 0.00623083273179704 0.00799229541565565 -999 -999 -999 0.977913263894733
  2 62 11 5 100 -999 0.00169102357627119 -999 0.00585666472410573 -999 -999 0.00626421336473227 0.00785336409919476 -999 -999 -999 0.978334734235696
  2 63 11 2 100 -999 0.000302820620030944 -999 4.33856285561732e-05 -999 -999 0.000225150540465739 0.00293730385716561 -999 -999 -999 0.996491339353782
  2 63 11 3 100 -999 0.00115132977494358 -999 0.00383062323756375 -999 -999 0.00431938681666095 0.0112776138038882 -999 -999 -999 0.979421046366943
  2 63 11 4 100 -999 0.00110926025163361 -999 0.00585970793031502 -999 -999 0.00581725805681447 0.011075175216426 -999 -999 -999 0.976138598544811
  2 63 11 5 100 -999 0.00107068224740581 -999 0.00559314516403871 -999 -999 0.00581913016903055 0.0109014738963385 -999 -999 -999 0.976615568523186
  2 64 11 2 100 -999 0.000335620604718254 -999 3.60074831729993e-05 -999 -999 0.000236557411633722 0.00356601021941936 -999 -999 -999 0.995825804281056
  2 64 11 3 100 -999 0.00131799725913554 -999 0.00261021694746242 -999 -999 0.00469200927100939 0.0141635207979571 -999 -999 -999 0.977216255724436
  2 64 11 4 100 -999 0.00127211764495213 -999 0.00546664876330471 -999 -999 0.0063230179347693 0.013946490461335 -999 -999 -999 0.972991725195639
  2 64 11 5 100 -999 0.0012241806423301 -999 0.00529399859391903 -999 -999 0.0063801962332749 0.0137587227896878 -999 -999 -999 0.973342901740788
  2 65 11 2 100 -999 0.000489664807976249 -999 4.40502895192455e-05 -999 -999 0.000210103558621852 0.00484848904721386 -999 -999 -999 0.994407692296669
  2 65 11 3 100 -999 0.00199952277618862 -999 0.00233145846426731 -999 -999 0.00415097748744839 0.0198520568399452 -999 -999 -999 0.97166598443215
  2 65 11 4 100 -999 0.00195566358195436 -999 0.00486442755675318 -999 -999 0.00559238365428473 0.0196547277204713 -999 -999 -999 0.967932797486536
  2 65 11 5 100 -999 0.00190355019630337 -999 0.00478138641490028 -999 -999 0.00559461837655306 0.0193482174386808 -999 -999 -999 0.968372227573563
  2 66 11 2 100 -999 0.000471499547985837 -999 4.91501738717271e-05 -999 -999 0.000278896132647093 0.00442693668397256 -999 -999 -999 0.994773517461523
  2 66 11 3 100 -999 0.0018879641079662 -999 0.00208848470493518 -999 -999 0.00554010141985758 0.0181092704542674 -999 -999 -999 0.972374179312974
  2 66 11 4 100 -999 0.001840868079587 -999 0.00407294560476722 -999 -999 0.00748166140090908 0.0178986377959943 -999 -999 -999 0.968705887118742
  2 66 11 5 100 -999 0.00178876239713916 -999 0.00390832690298692 -999 -999 0.00754065454368642 0.0176771044910851 -999 -999 -999 0.969085151665102
  2 67 11 2 100 -999 0.000486794283701996 -999 4.81207887964872e-05 -999 -999 0.000215928564210467 0.00339778134340781 -999 -999 -999 0.995851375019883
  2 67 11 3 100 -999 0.00196057125131796 -999 0.00191190171497157 -999 -999 0.00446157037433965 0.0140392048907201 -999 -999 -999 0.977626751768651
  2 67 11 4 100 -999 0.00190105370895002 -999 0.00365037835787805 -999 -999 0.00591822886557809 0.0139871881655967 -999 -999 -999 0.974543150901997
  2 67 11 5 100 -999 0.00184611290771666 -999 0.00348417302449569 -999 -999 0.00588394720563718 0.0138768547527652 -999 -999 -999 0.974908912109385
  2 68 11 2 100 -999 0.000358281024585289 -999 5.54438950545666e-05 -999 -999 2.31686416386131e-05 0.00184344236351471 -999 -999 -999 0.997719664075207
  2 68 11 3 100 -999 0.00140391159437532 -999 0.00193794800128524 -999 -999 0.00484027152458122 0.00741384803961024 -999 -999 -999 0.984404020840148
  2 68 11 4 100 -999 0.00133716184747189 -999 0.00348041075650915 -999 -999 0.00808276393401506 0.00733182290339824 -999 -999 -999 0.979767840558606
  2 68 11 5 100 -999 0.00130120191619621 -999 0.00332265988370833 -999 -999 0.00811115371284629 0.00728318907391187 -999 -999 -999 0.979981795413337
  2 69 11 2 100 -999 0.000287250751046468 -999 4.92539452471611e-05 -999 -999 1.69206191142773e-05 0.00176189283655362 -999 -999 -999 0.997884681848038
  2 69 11 3 100 -999 0.00115581612822159 -999 0.00132619610721777 -999 -999 0.00351714510897386 0.00734810894135374 -999 -999 -999 0.986652733714233
  2 69 11 4 100 -999 0.0010945364537278 -999 0.00277980011131069 -999 -999 0.00577549257405068 0.00730643153631136 -999 -999 -999 0.983043739324599
  2 69 11 5 100 -999 0.00104800534549758 -999 0.00278350800046456 -999 -999 0.00573719175535492 0.0072609818666162 -999 -999 -999 0.983170313032067
  2 70 11 2 100 -999 0.000480448016893477 -999 4.16535272139192e-05 -999 -999 0.000272386279218047 0.00205024878536527 -999 -999 -999 0.997155263391309
  2 70 11 3 100 -999 0.00194268624177598 -999 0.0012139745296677 -999 -999 0.00559359158664816 0.0084930890689756 -999 -999 -999 0.982756658572933
  2 70 11 4 100 -999 0.00187857125413077 -999 0.00254778382178577 -999 -999 0.00756514576869681 0.00844348645484055 -999 -999 -999 0.979565012700546
  2 70 11 5 100 -999 0.00182511621535077 -999 0.00256993683602224 -999 -999 0.00756688368626012 0.00835884174544319 -999 -999 -999 0.979679221516924
  2 71 11 2 100 -999 0.000694146047806045 -999 3.81310507289081e-05 -999 -999 0.000214031139098764 0.00237733075569371 -999 -999 -999 0.996676361006673
  2 71 11 3 100 -999 0.00292082433393528 -999 0.00115596844654207 -999 -999 0.00444936614138338 0.00998617646832923 -999 -999 -999 0.98148766460981
  2 71 11 4 100 -999 0.00284418079073106 -999 0.00234430498778647 -999 -999 0.00579245540360029 0.00994311863732405 -999 -999 -999 0.979075940180558
  2 71 11 5 100 -999 0.00273381075402234 -999 0.00234962622786384 -999 -999 0.00585509914341408 0.00977997409575864 -999 -999 -999 0.979281489778941
  2 72 11 2 100 -999 0.000293589497668816 -999 3.53157463566727e-05 -999 -999 1.75059271019856e-05 0.00185569855839919 -999 -999 -999 0.997797890270473
  2 72 11 3 100 -999 0.0012007308611514 -999 0.00107340124596895 -999 -999 0.0036910308574167 0.00785813530563018 -999 -999 -999 0.986176701729833
  2 72 11 4 100 -999 0.00113331453315281 -999 0.00212546751998269 -999 -999 0.00613271905781233 0.00778589364410795 -999 -999 -999 0.982822605244944
  2 72 11 5 100 -999 0.00109667383434962 -999 0.00211254078251908 -999 -999 0.00606583420124857 0.0077215534012036 -999 -999 -999 0.983003397780679
  2 73 11 2 100 -999 0.000616545403848233 -999 3.82797818574337e-05 -999 -999 0.000247968275838494 0.00297164209537046 -999 -999 -999 0.996125564443085
  2 73 11 3 100 -999 0.00253364654820484 -999 0.0010542174990626 -999 -999 0.00502276228769545 0.0123632534292667 -999 -999 -999 0.97902612023577
  2 73 11 4 100 -999 0.00248006156960134 -999 0.00206919246070045 -999 -999 0.00681819272856459 0.0122930460144019 -999 -999 -999 0.976339507226732
  2 73 11 5 100 -999 0.0024264251393888 -999 0.00205106542410056 -999 -999 0.00681941924615044 0.0121310165749558 -999 -999 -999 0.976572073615404
  2 74 11 2 100 -999 0.000453434701944619 -999 3.49482502397249e-05 -999 -999 0.000215576325782973 0.00366833236633454 -999 -999 -999 0.995627708355698
  2 74 11 3 100 -999 0.00176735626189539 -999 0.000859368386129769 -999 -999 0.00426301638585145 0.0146858751706775 -999 -999 -999 0.978424383795446
  2 74 11 4 100 -999 0.00170094552481099 -999 0.0017686722979671 -999 -999 0.00576694204251856 0.0145043679417471 -999 -999 -999 0.976259072192956
  2 74 11 5 100 -999 0.0016400179230914 -999 0.0017899468221911 -999 -999 0.0057636297521022 0.0142829134771061 -999 -999 -999 0.976523492025509
  2 75 11 2 100 -999 0.000255879851837778 -999 3.25644047146914e-05 -999 -999 0.000224448530298024 0.0035833391378383 -999 -999 -999 0.995903768075311
  2 75 11 3 100 -999 0.00101599488180927 -999 0.0006945152794729 -999 -999 0.00446295311895426 0.014373256397596 -999 -999 -999 0.979453280322167
  2 75 11 4 100 -999 0.000983721399674171 -999 0.00143903115976901 -999 -999 0.00602436553595971 0.0142030669682763 -999 -999 -999 0.977349814936321
  2 75 11 5 100 -999 0.000949370579789978 -999 0.0015293593132933 -999 -999 0.00603279235331837 0.0139710864136961 -999 -999 -999 0.977517391339902
  2 76 11 2 100 -999 0.000266512570541966 -999 3.07797341885839e-05 -999 -999 0.00019095129433543 0.00357130375385133 -999 -999 -999 0.995940452647083
  2 76 11 3 100 -999 0.00106212740761755 -999 0.000709441120862661 -999 -999 0.00383096193906442 0.0144394594266765 -999 -999 -999 0.979958010105779
  2 76 11 4 100 -999 0.00102006261512742 -999 0.00128863479213088 -999 -999 0.00515653257210948 0.0142126228397588 -999 -999 -999 0.978322147180873
  2 76 11 5 100 -999 0.000980710743945058 -999 0.00133271183712288 -999 -999 0.00512513244807611 0.0139510469790903 -999 -999 -999 0.978610397991766
  2 77 11 2 100 -999 0.000311138910341069 -999 3.54618390662833e-05 -999 -999 1.49786585025147e-05 0.00495012732182708 -999 -999 -999 0.994688293270263
  2 77 11 3 100 -999 0.00127935354897515 -999 0.0006980084625162 -999 -999 0.00318602382402705 0.0205501958595159 -999 -999 -999 0.974286418304966
  2 77 11 4 100 -999 0.00123275545191134 -999 0.00111865419572826 -999 -999 0.00550765720463833 0.020154428402896 -999 -999 -999 0.971986504744826
  2 77 11 5 100 -999 0.00120098327052264 -999 0.00108437105311727 -999 -999 0.00554113292650782 0.0198631454068153 -999 -999 -999 0.972310367343037
  2 78 11 2 100 -999 0.000357496078676709 -999 3.58264467898049e-05 -999 -999 0.000218509357334227 0.00595420382177568 -999 -999 -999 0.993433964295424
  2 78 11 3 100 -999 0.00141917911063762 -999 0.000721563416070085 -999 -999 0.00434885934809087 0.0237060102574248 -999 -999 -999 0.969804387867777
  2 78 11 4 100 -999 0.0013998525684058 -999 0.00112831825948281 -999 -999 0.00595584137220013 0.0234885927814147 -999 -999 -999 0.968027395018497
  2 78 11 5 100 -999 0.00135685727467296 -999 0.00108814084488774 -999 -999 0.00598704482462893 0.0231847759347994 -999 -999 -999 0.968383181121011
  2 79 11 2 100 -999 0.000331720319284154 -999 3.74907479504341e-05 -999 -999 0.000224661644974459 0.00505317741160384 -999 -999 -999 0.994352949876187
  2 79 11 3 100 -999 0.00129248839373674 -999 0.000681692840460515 -999 -999 0.00443310206470034 0.0201377276962118 -999 -999 -999 0.973454989004891
  2 79 11 4 100 -999 0.00125279867710401 -999 0.00104568995729557 -999 -999 0.00595637421509919 0.0200004161572209 -999 -999 -999 0.97174472099328
  2 79 11 5 100 -999 0.0012197077813704 -999 0.00100637425716014 -999 -999 0.0059758226150822 0.0198372704198863 -999 -999 -999 0.971960824926501
  2 80 11 2 100 -999 0.000235366096173873 -999 4.25624995919917e-05 -999 -999 1.58365703658971e-05 0.00292980292586416 -999 -999 -999 0.996776431908004
  2 80 11 3 100 -999 0.000900973278731873 -999 0.000738776427226864 -999 -999 0.00326660585496498 0.0117514650802152 -999 -999 -999 0.983342179358861
  2 80 11 4 100 -999 0.000847905971753154 -999 0.00111151093749273 -999 -999 0.00544598552661805 0.0115836899173838 -999 -999 -999 0.981010907646752
  2 80 11 5 100 -999 0.000811370548608623 -999 0.00106761274492138 -999 -999 0.00540701856027698 0.0114326159968865 -999 -999 -999 0.981281382149306
# end survey diet proportion observations 
#  
